Date Time,Temp (°F) LGR S/N: 22038780 c:1,Intensity (lum/ft²) LGR S/N: 22038780 c:2,Button Down LGR S/N: 22038780,Button Up LGR S/N: 22038780,Host Connected LGR S/N: 22038780,End Of File LGR S/N: 22038780
06/22/25 19:00:00,54.54,3485.65,,,,
06/22/25 19:05:00,52.15,3156.49,,,,
06/22/25 19:10:00,50.53,3222.13,,,,
06/22/25 19:15:00,48.83,2828.28,,,,
06/22/25 19:20:00,49.14,2730.30,,,,
06/22/25 19:25:00,49.52,2722.69,,,,
06/22/25 19:30:00,49.37,2696.05,,,,
06/22/25 19:35:00,48.13,2233.71,,,,
06/22/25 19:40:00,46.98,1980.65,,,,
06/22/25 19:45:00,44.97,1504.99,,,,
06/22/25 19:50:00,43.11,1365.62,,,,
06/22/25 19:55:00,41.26,1310.45,,,,
06/22/25 20:00:00,41.18,1262.41,,,,
06/22/25 20:05:00,41.80,1461.71,,,,
06/22/25 20:10:00,42.50,1719.99,,,,
06/22/25 20:15:00,43.19,1608.69,,,,
06/22/25 20:20:00,43.89,1490.72,,,,
06/22/25 20:25:00,44.43,1349.45,,,,
06/22/25 20:30:00,43.35,1272.87,,,,
06/22/25 20:35:00,43.27,1165.37,,,,
06/22/25 20:40:00,43.11,1082.13,,,,
06/22/25 20:45:00,42.19,973.44,,,,
06/22/25 20:50:00,42.27,916.84,,,,
06/22/25 20:55:00,40.64,705.41,,,,
06/22/25 21:00:00,40.26,640.24,,,,
06/22/25 21:05:00,39.72,603.61,,,,
06/22/25 21:10:00,39.64,583.87,,,,
06/22/25 21:15:00,40.10,484.82,,,,
06/22/25 21:20:00,39.02,398.72,,,,
06/22/25 21:25:00,38.40,344.97,,,,
06/22/25 21:30:00,37.86,284.09,,,,
06/22/25 21:35:00,37.01,234.50,,,,
06/22/25 21:40:00,36.71,195.97,,,,
06/22/25 21:45:00,36.16,164.70,,,,
06/22/25 21:50:00,35.93,135.03,,,,
06/22/25 21:55:00,35.70,108.39,,,,
06/22/25 22:00:00,36.16,87.55,,,,
06/22/25 22:05:00,36.09,69.00,,,,
06/22/25 22:10:00,36.40,53.53,,,,
06/22/25 22:15:00,36.16,41.34,,,,
06/22/25 22:20:00,35.55,31.42,,,,
06/22/25 22:25:00,35.93,23.45,,,,
06/22/25 22:30:00,35.47,18.30,,,,
06/22/25 22:35:00,35.32,13.29,,,,
06/22/25 22:40:00,35.32,9.06,,,,
06/22/25 22:45:00,35.55,6.48,,,,
06/22/25 22:50:00,35.78,4.72,,,,
06/22/25 22:55:00,35.47,3.39,,,,
06/22/25 23:00:00,35.70,2.49,,,,
06/22/25 23:05:00,36.16,1.79,,,,
06/22/25 23:10:00,36.01,1.34,,,,
06/22/25 23:15:00,36.16,1.03,,,,
06/22/25 23:20:00,35.70,0.78,,,,
06/22/25 23:25:00,35.32,0.58,,,,
06/22/25 23:30:00,35.24,0.45,,,,
06/22/25 23:35:00,35.24,0.35,,,,
06/22/25 23:40:00,35.78,0.35,,,,
06/22/25 23:45:00,35.47,0.23,,,,
06/22/25 23:50:00,35.39,0.17,,,,
06/22/25 23:55:00,36.01,0.16,,,,
06/23/25 00:00:00,36.09,0.12,,,,
06/23/25 00:05:00,35.39,0.10,,,,
06/23/25 00:10:00,35.86,0.08,,,,
06/23/25 00:15:00,35.93,0.08,,,,
06/23/25 00:20:00,35.62,0.06,,,,
06/23/25 00:25:00,35.39,0.06,,,,
06/23/25 00:30:00,35.78,0.06,,,,
06/23/25 00:35:00,36.24,0.06,,,,
06/23/25 00:40:00,35.62,0.04,,,,
06/23/25 00:45:00,35.39,0.04,,,,
06/23/25 00:50:00,35.16,0.04,,,,
06/23/25 00:55:00,35.55,0.04,,,,
06/23/25 01:00:00,35.86,0.04,,,,
06/23/25 01:05:00,36.09,0.04,,,,
06/23/25 01:10:00,36.16,0.04,,,,
06/23/25 01:15:00,36.24,0.04,,,,
06/23/25 01:20:00,35.70,0.04,,,,
06/23/25 01:25:00,35.86,0.04,,,,
06/23/25 01:30:00,36.40,0.06,,,,
06/23/25 01:35:00,36.01,0.06,,,,
06/23/25 01:40:00,35.78,0.06,,,,
06/23/25 01:45:00,35.24,0.08,,,,
06/23/25 01:50:00,35.16,0.10,,,,
06/23/25 01:55:00,35.55,0.12,,,,
06/23/25 02:00:00,35.70,0.14,,,,
06/23/25 02:05:00,35.78,0.16,,,,
06/23/25 02:10:00,36.55,0.19,,,,
06/23/25 02:15:00,34.85,0.25,,,,
06/23/25 02:20:00,34.93,0.31,,,,
06/23/25 02:25:00,36.47,0.43,,,,
06/23/25 02:30:00,35.86,0.54,,,,
06/23/25 02:35:00,36.32,0.74,,,,
06/23/25 02:40:00,35.47,0.97,,,,
06/23/25 02:45:00,36.01,1.28,,,,
06/23/25 02:50:00,35.93,1.71,,,,
06/23/25 02:55:00,35.86,2.30,,,,
06/23/25 03:00:00,35.70,3.23,,,,
06/23/25 03:05:00,35.78,4.44,,,,
06/23/25 03:10:00,35.32,6.12,,,,
06/23/25 03:15:00,35.47,8.51,,,,
06/23/25 03:20:00,35.08,11.48,,,,
06/23/25 03:25:00,35.32,16.10,,,,
06/23/25 03:30:00,35.39,21.97,,,,
06/23/25 03:35:00,35.39,29.54,,,,
06/23/25 03:40:00,35.62,39.00,,,,
06/23/25 03:45:00,35.32,52.37,,,,
06/23/25 03:50:00,35.55,69.65,,,,
06/23/25 03:55:00,36.01,88.95,,,,
06/23/25 04:00:00,35.86,114.13,,,,
06/23/25 04:05:00,35.70,142.40,,,,
06/23/25 04:10:00,35.47,176.23,,,,
06/23/25 04:15:00,35.32,218.98,,,,
06/23/25 04:20:00,35.39,270.89,,,,
06/23/25 04:25:00,35.70,334.03,,,,
06/23/25 04:30:00,36.40,406.21,,,,
06/23/25 04:35:00,36.47,478.63,,,,
06/23/25 04:40:00,36.63,546.30,,,,
06/23/25 04:45:00,36.86,615.74,,,,
06/23/25 04:50:00,37.17,687.57,,,,
06/23/25 04:55:00,37.32,779.37,,,,
06/23/25 05:00:00,38.48,864.51,,,,
06/23/25 05:05:00,38.56,893.29,,,,
06/23/25 05:10:00,39.33,985.09,,,,
06/23/25 05:15:00,39.33,1068.34,,,,
06/23/25 05:20:00,39.79,1233.87,,,,
06/23/25 05:25:00,40.95,1424.61,,,,
06/23/25 05:30:00,41.34,1460.28,,,,
06/23/25 05:35:00,40.88,1400.82,,,,
06/23/25 05:40:00,41.72,1527.35,,,,
06/23/25 05:45:00,42.03,1524.49,,,,
06/23/25 05:50:00,43.19,1615.35,,,,
06/23/25 05:55:00,42.96,1696.21,,,,
06/23/25 06:00:00,42.50,1642.46,,,,
06/23/25 06:05:00,42.88,1653.87,,,,
06/23/25 06:10:00,42.11,1621.53,,,,
06/23/25 06:15:00,42.19,1799.90,,,,
06/23/25 06:20:00,42.42,1860.31,,,,
06/23/25 06:25:00,42.65,2228.95,,,,
06/23/25 06:30:00,43.50,2214.68,,,,
06/23/25 06:35:00,44.04,2553.35,,,,
06/23/25 06:40:00,45.43,2642.77,,,,
06/23/25 06:45:00,46.90,2975.74,,,,
06/23/25 06:50:00,47.67,2962.42,,,,
06/23/25 06:55:00,49.22,3955.60,,,,
06/23/25 07:00:00,48.37,3202.15,,,,
06/23/25 07:05:00,48.06,3540.82,,,,
06/23/25 07:10:00,49.22,3682.57,,,,
06/23/25 07:15:00,50.37,3735.84,,,,
06/23/25 07:20:00,52.00,5036.30,,,,
06/23/25 07:25:00,52.15,3923.26,,,,
06/23/25 07:30:00,50.06,3892.81,,,,
06/23/25 07:35:00,50.06,4071.66,,,,
06/23/25 07:40:00,49.60,3829.07,,,,
06/23/25 07:45:00,51.07,4214.36,,,,
06/23/25 07:50:00,50.99,4292.37,,,,
06/23/25 07:55:00,51.61,4431.26,,,,
06/23/25 08:00:00,53.46,5011.57,,,,
06/23/25 08:05:00,53.08,4547.32,,,,
06/23/25 08:10:00,52.54,4636.75,,,,
06/23/25 08:15:00,54.08,5258.91,,,,
06/23/25 08:20:00,58.48,5647.05,,,,
06/23/25 08:25:00,58.33,5810.68,,,,
06/23/25 08:30:00,58.79,6491.83,,,,
06/23/25 08:35:00,60.03,5976.21,,,,
06/23/25 08:40:00,57.71,5184.71,,,,
06/23/25 08:45:00,53.77,5068.65,,,,
06/23/25 08:50:00,54.39,5808.78,,,,
06/23/25 08:55:00,57.17,6027.58,,,,
06/23/25 09:00:00,58.10,5711.74,,,,
06/23/25 09:05:00,56.47,5660.37,,,,
06/23/25 09:10:00,56.24,5753.60,,,,
06/23/25 09:15:00,55.86,5938.16,,,,
06/23/25 09:20:00,55.86,6113.20,,,,
06/23/25 09:25:00,57.63,6529.88,,,,
06/23/25 09:30:00,61.49,7770.40,,,,
06/23/25 09:35:00,66.20,7850.32,,,,
06/23/25 09:40:00,70.22,8443.94,,,,
06/23/25 09:45:00,71.22,7561.11,,,,
06/23/25 09:50:00,72.77,7020.76,,,,
06/23/25 09:55:00,65.97,6607.89,,,,
06/23/25 10:00:00,61.49,6556.52,,,,
06/23/25 10:05:00,59.79,6425.23,,,,
06/23/25 10:10:00,59.02,6145.54,,,,
06/23/25 10:15:00,59.87,6208.33,,,,
06/23/25 10:20:00,60.41,6881.87,,,,
06/23/25 10:25:00,66.74,10616.76,,,,
06/23/25 10:30:00,72.46,9574.11,,,,
06/23/25 10:35:00,69.06,7211.03,,,,
06/23/25 10:40:00,64.20,6866.65,,,,
06/23/25 10:45:00,61.34,6978.90,,,,
06/23/25 10:50:00,60.88,7441.25,,,,
06/23/25 10:55:00,60.80,7448.86,,,,
06/23/25 11:00:00,62.03,7559.21,,,,
06/23/25 11:05:00,63.04,7998.72,,,,
06/23/25 11:10:00,64.89,8394.47,,,,
06/23/25 11:15:00,59.79,7760.89,,,,
06/23/25 11:20:00,60.34,8752.17,,,,
06/23/25 11:25:00,62.42,8660.84,,,,
06/23/25 11:30:00,65.43,8725.53,,,,
06/23/25 11:35:00,65.20,8991.90,,,,
06/23/25 11:40:00,63.96,8002.53,,,,
06/23/25 11:45:00,63.50,8173.77,,,,
06/23/25 11:50:00,63.96,8291.73,,,,
06/23/25 11:55:00,64.74,8227.04,,,,
06/23/25 12:00:00,67.52,8052.00,,,,
06/23/25 12:05:00,71.30,8497.21,,,,
06/23/25 12:10:00,74.08,8988.10,,,,
06/23/25 12:15:00,68.98,8809.25,,,,
06/23/25 12:20:00,62.34,7907.39,,,,
06/23/25 12:25:00,60.95,8645.62,,,,
06/23/25 12:30:00,60.95,8112.88,,,,
06/23/25 12:35:00,61.72,7812.26,,,,
06/23/25 12:40:00,61.49,7551.60,,,,
06/23/25 12:45:00,61.34,8166.15,,,,
06/23/25 12:50:00,61.65,7724.74,,,,
06/23/25 12:55:00,60.34,7106.38,,,,
06/23/25 13:00:00,58.56,6971.29,,,,
06/23/25 13:05:00,57.01,7098.77,,,,
06/23/25 13:10:00,59.18,8116.69,,,,
06/23/25 13:15:00,61.18,7279.52,,,,
06/23/25 13:20:00,59.18,7212.93,,,,
06/23/25 13:25:00,57.86,7376.56,,,,
06/23/25 13:30:00,57.71,7407.00,,,,
06/23/25 13:35:00,56.63,7355.63,,,,
06/23/25 13:40:00,55.32,7481.20,,,,
06/23/25 13:45:00,56.17,8227.04,,,,
06/23/25 13:50:00,62.11,9513.23,,,,
06/23/25 13:55:00,64.81,8462.97,,,,
06/23/25 14:00:00,67.21,8257.48,,,,
06/23/25 14:05:00,62.81,7734.25,,,,
06/23/25 14:10:00,62.65,7857.93,,,,
06/23/25 14:15:00,64.97,9060.40,,,,
06/23/25 14:20:00,64.20,7049.30,,,,
06/23/25 14:25:00,60.88,8333.59,,,,
06/23/25 14:30:00,59.56,7445.05,,,,
06/23/25 14:35:00,57.56,7268.11,,,,
06/23/25 14:40:00,56.94,7106.38,,,,
06/23/25 14:45:00,58.10,7108.28,,,,
06/23/25 14:50:00,58.95,7245.27,,,,
06/23/25 14:55:00,60.10,7650.54,,,,
06/23/25 15:00:00,59.87,7599.17,,,,
06/23/25 15:05:00,58.71,6449.97,,,,
06/23/25 15:10:00,60.57,6368.15,,,,
06/23/25 15:15:00,60.34,6019.97,,,,
06/23/25 15:20:00,58.56,6902.80,,,,
06/23/25 15:25:00,57.25,6396.69,,,,
06/23/25 15:30:00,65.20,7502.13,,,,
06/23/25 15:35:00,59.87,7268.11,,,,
06/23/25 15:40:00,60.88,6659.26,,,,
06/23/25 15:45:00,59.95,6881.87,,,,
06/23/25 15:50:00,61.72,5919.13,,,,
06/23/25 15:55:00,62.19,6368.15,,,,
06/23/25 16:00:00,60.88,5962.89,,,,
06/23/25 16:05:00,59.64,6016.17,,,,
06/23/25 16:10:00,58.56,5654.66,,,,
06/23/25 16:15:00,59.18,6183.60,,,,
06/23/25 16:20:00,59.33,5841.12,,,,
06/23/25 16:25:00,59.56,5673.69,,,,
06/23/25 16:30:00,60.03,5911.52,,,,
06/23/25 16:35:00,58.02,5355.95,,,,
06/23/25 16:40:00,56.63,5021.08,,,,
06/23/25 16:45:00,54.16,4703.34,,,,
06/23/25 16:50:00,52.15,4804.18,,,,
06/23/25 16:55:00,52.38,4983.03,,,,
06/23/25 17:00:00,52.54,4874.58,,,,
06/23/25 17:05:00,52.38,4855.55,,,,
06/23/25 17:10:00,52.38,4817.50,,,,
06/23/25 17:15:00,52.38,4484.54,,,,
06/23/25 17:20:00,49.76,4140.16,,,,
06/23/25 17:25:00,48.13,4069.76,,,,
06/23/25 17:30:00,48.29,4307.59,,,,
06/23/25 17:35:00,48.21,4084.98,,,,
06/23/25 17:40:00,48.06,3873.79,,,,
06/23/25 17:45:00,47.98,3691.13,,,,
06/23/25 17:50:00,48.44,3506.58,,,,
06/23/25 17:55:00,48.13,3378.15,,,,
06/23/25 18:00:00,47.44,3451.40,,,,
06/23/25 18:05:00,46.90,3306.80,,,,
06/23/25 18:10:00,45.74,3001.42,,,,
06/23/25 18:15:00,45.12,2892.02,,,,
06/23/25 18:20:00,44.97,2894.88,,,,
06/23/25 18:25:00,45.82,2945.30,,,,
06/23/25 18:30:00,45.59,2918.66,,,,
06/23/25 18:35:00,45.05,2643.73,,,,
06/23/25 18:40:00,44.27,2360.23,,,,
06/23/25 18:45:00,44.04,2265.10,,,,
06/23/25 18:50:00,43.89,2258.44,,,,
06/23/25 18:55:00,44.27,2198.51,,,,
06/23/25 19:00:00,43.50,2005.39,,,,
06/23/25 19:05:00,43.35,2031.07,,,,
06/23/25 19:10:00,43.19,2102.42,,,,
06/23/25 19:15:00,43.19,1856.51,,,,
06/23/25 19:20:00,42.65,1675.76,,,,
06/23/25 19:25:00,41.65,1479.78,,,,
06/23/25 19:30:00,40.72,1375.61,,,,
06/23/25 19:35:00,40.03,1166.80,,,,
06/23/25 19:40:00,39.95,1069.76,,,,
06/23/25 19:45:00,39.02,966.54,,,,
06/23/25 19:50:00,38.56,880.21,,,,
06/23/25 19:55:00,38.25,865.94,,,,
06/23/25 20:00:00,38.48,850.24,,,,
06/23/25 20:05:00,38.33,867.13,,,,
06/23/25 20:10:00,37.94,755.11,,,,
06/23/25 20:15:00,37.86,716.11,,,,
06/23/25 20:20:00,38.25,724.67,,,,
06/23/25 20:25:00,38.56,718.49,,,,
06/23/25 20:30:00,38.94,726.57,,,,
06/23/25 20:35:00,38.94,714.92,,,,
06/23/25 20:40:00,38.40,647.14,,,,
06/23/25 20:45:00,37.86,514.43,,,,
06/23/25 20:50:00,37.25,413.94,,,,
06/23/25 20:55:00,37.01,382.91,,,,
06/23/25 21:00:00,36.94,357.70,,,,
06/23/25 21:05:00,36.86,349.37,,,,
06/23/25 21:10:00,36.78,325.71,,,,
06/23/25 21:15:00,37.17,274.22,,,,
06/23/25 21:20:00,37.25,235.45,,,,
06/23/25 21:25:00,37.40,206.97,,,,
06/23/25 21:30:00,37.63,184.44,,,,
06/23/25 21:35:00,37.48,159.17,,,,
06/23/25 21:40:00,37.25,144.48,,,,
06/23/25 21:45:00,37.01,121.15,,,,
06/23/25 21:50:00,36.94,93.56,,,,
06/23/25 21:55:00,36.63,77.29,,,,
06/23/25 22:00:00,35.70,64.13,,,,
06/23/25 22:05:00,35.47,52.63,,,,
06/23/25 22:10:00,34.93,41.41,,,,
06/23/25 22:15:00,34.62,32.81,,,,
06/23/25 22:20:00,34.62,24.85,,,,
06/23/25 22:25:00,34.77,18.36,,,,
06/23/25 22:30:00,34.77,13.36,,,,
06/23/25 22:35:00,34.70,9.37,,,,
06/23/25 22:40:00,35.16,6.71,,,,
06/23/25 22:45:00,35.39,4.87,,,,
06/23/25 22:50:00,35.47,3.43,,,,
06/23/25 22:55:00,34.93,2.41,,,,
06/23/25 23:00:00,35.16,1.75,,,,
06/23/25 23:05:00,35.08,1.30,,,,
06/23/25 23:10:00,35.47,1.01,,,,
06/23/25 23:15:00,35.08,0.78,,,,
06/23/25 23:20:00,34.54,0.58,,,,
06/23/25 23:25:00,34.54,0.43,,,,
06/23/25 23:30:00,34.62,0.31,,,,
06/23/25 23:35:00,34.62,0.23,,,,
06/23/25 23:40:00,34.62,0.17,,,,
06/23/25 23:45:00,34.62,0.12,,,,
06/23/25 23:50:00,34.70,0.10,,,,
06/23/25 23:55:00,34.70,0.08,,,,
06/24/25 00:00:00,34.70,0.06,,,,
06/24/25 00:05:00,34.62,0.06,,,,
06/24/25 00:10:00,34.70,0.04,,,,
06/24/25 00:15:00,34.70,0.04,,,,
06/24/25 00:20:00,34.62,0.04,,,,
06/24/25 00:25:00,34.77,0.02,,,,
06/24/25 00:30:00,35.01,0.02,,,,
06/24/25 00:35:00,34.85,0.02,,,,
06/24/25 00:40:00,35.32,0.02,,,,
06/24/25 00:45:00,35.47,0.02,,,,
06/24/25 00:50:00,35.32,0.02,,,,
06/24/25 00:55:00,35.39,0.02,,,,
06/24/25 01:00:00,35.16,0.02,,,,
06/24/25 01:05:00,35.08,0.02,,,,
06/24/25 01:10:00,34.93,0.02,,,,
06/24/25 01:15:00,34.85,0.02,,,,
06/24/25 01:20:00,35.01,0.02,,,,
06/24/25 01:25:00,34.93,0.08,,,,
06/24/25 01:30:00,34.93,0.02,,,,
06/24/25 01:35:00,34.93,0.04,,,,
06/24/25 01:40:00,34.70,0.10,,,,
06/24/25 01:45:00,34.85,0.04,,,,
06/24/25 01:50:00,34.77,0.04,,,,
06/24/25 01:55:00,34.93,0.06,,,,
06/24/25 02:00:00,35.39,0.08,,,,
06/24/25 02:05:00,35.39,0.10,,,,
06/24/25 02:10:00,35.62,0.12,,,,
06/24/25 02:15:00,35.78,0.14,,,,
06/24/25 02:20:00,35.70,0.19,,,,
06/24/25 02:25:00,35.39,0.25,,,,
06/24/25 02:30:00,35.47,0.31,,,,
06/24/25 02:35:00,35.01,0.41,,,,
06/24/25 02:40:00,34.93,0.56,,,,
06/24/25 02:45:00,35.01,0.80,,,,
06/24/25 02:50:00,35.39,1.13,,,,
06/24/25 02:55:00,35.01,1.58,,,,
06/24/25 03:00:00,34.70,2.25,,,,
06/24/25 03:05:00,34.85,2.92,,,,
06/24/25 03:10:00,35.01,4.09,,,,
06/24/25 03:15:00,34.77,5.69,,,,
06/24/25 03:20:00,34.85,8.20,,,,
06/24/25 03:25:00,34.85,11.09,,,,
06/24/25 03:30:00,34.85,14.99,,,,
06/24/25 03:35:00,34.85,19.85,,,,
06/24/25 03:40:00,34.70,27.04,,,,
06/24/25 03:45:00,34.47,36.63,,,,
06/24/25 03:50:00,35.01,48.06,,,,
06/24/25 03:55:00,35.01,63.11,,,,
06/24/25 04:00:00,34.62,79.58,,,,
06/24/25 04:05:00,34.62,107.05,,,,
06/24/25 04:10:00,34.70,126.59,,,,
06/24/25 04:15:00,34.77,147.63,,,,
06/24/25 04:20:00,34.70,165.00,,,,
06/24/25 04:25:00,34.93,183.96,,,,
06/24/25 04:30:00,34.77,223.14,,,,
06/24/25 04:35:00,34.77,271.01,,,,
06/24/25 04:40:00,35.01,309.54,,,,
06/24/25 04:45:00,35.47,369.83,,,,
06/24/25 04:50:00,35.78,414.90,,,,
06/24/25 04:55:00,36.24,459.73,,,,
06/24/25 05:00:00,36.47,500.63,,,,
06/24/25 05:05:00,36.55,546.06,,,,
06/24/25 05:10:00,36.94,605.75,,,,
06/24/25 05:15:00,37.01,676.15,,,,
06/24/25 05:20:00,37.01,747.74,,,,
06/24/25 05:25:00,37.71,829.79,,,,
06/24/25 05:30:00,37.63,943.47,,,,
06/24/25 05:35:00,38.33,1064.05,,,,
06/24/25 05:40:00,38.17,983.67,,,,
06/24/25 05:45:00,38.33,941.81,,,,
06/24/25 05:50:00,38.33,1304.26,,,,
06/24/25 05:55:00,38.64,1191.53,,,,
06/24/25 06:00:00,39.10,1277.15,,,,
06/24/25 06:05:00,38.94,1383.70,,,,
06/24/25 06:10:00,39.18,1499.28,,,,
06/24/25 06:15:00,39.79,1639.13,,,,
06/24/25 06:20:00,40.26,1821.78,,,,
06/24/25 06:25:00,40.95,1923.10,,,,
06/24/25 06:30:00,41.26,2118.60,,,,
06/24/25 06:35:00,41.49,2021.56,,,,
06/24/25 06:40:00,41.65,2059.61,,,,
06/24/25 06:45:00,45.82,2634.21,,,,
06/24/25 06:50:00,49.14,3209.76,,,,
06/24/25 06:55:00,46.59,2405.90,,,,
06/24/25 07:00:00,47.52,3017.60,,,,
06/24/25 07:05:00,47.44,3169.81,,,,
06/24/25 07:10:00,46.98,3271.60,,,,
06/24/25 07:15:00,46.20,3038.52,,,,
06/24/25 07:20:00,46.13,2922.46,,,,
06/24/25 07:25:00,45.97,3115.58,,,,
06/24/25 07:30:00,46.98,3597.90,,,,
06/24/25 07:35:00,47.28,3368.63,,,,
06/24/25 07:40:00,47.98,3586.49,,,,
06/24/25 07:45:00,49.22,3816.71,,,,
06/24/25 07:50:00,49.14,3810.05,,,,
06/24/25 07:55:00,49.52,3635.00,,,,
06/24/25 08:00:00,49.29,3635.00,,,,
06/24/25 08:05:00,48.06,3366.73,,,,
06/24/25 08:10:00,47.05,3079.43,,,,
06/24/25 08:15:00,45.20,2598.06,,,,
06/24/25 08:20:00,44.74,2548.59,,,,
06/24/25 08:25:00,44.81,3085.14,,,,
06/24/25 08:30:00,48.67,4518.78,,,,
06/24/25 08:35:00,48.67,3225.94,,,,
06/24/25 08:40:00,47.21,3040.43,,,,
06/24/25 08:45:00,46.05,3020.45,,,,
06/24/25 08:50:00,47.05,3332.48,,,,
06/24/25 08:55:00,49.76,3850.95,,,,
06/24/25 09:00:00,49.91,3921.35,,,,
06/24/25 09:05:00,50.61,4142.06,,,,
06/24/25 09:10:00,52.92,4579.67,,,,
06/24/25 09:15:00,58.10,5420.64,,,,
06/24/25 09:20:00,63.73,5300.77,,,,
06/24/25 09:25:00,68.83,5780.24,,,,
06/24/25 09:30:00,61.72,5055.33,,,,
06/24/25 09:35:00,56.40,4830.82,,,,
06/24/25 09:40:00,53.39,5043.91,,,,
06/24/25 09:45:00,53.54,5317.89,,,,
06/24/25 09:50:00,55.16,5738.38,,,,
06/24/25 09:55:00,54.93,6234.97,,,,
06/24/25 10:00:00,55.16,6202.62,,,,
06/24/25 10:05:00,56.01,6234.97,,,,
06/24/25 10:10:00,57.63,6410.01,,,,
06/24/25 10:15:00,59.72,6628.82,,,,
06/24/25 10:20:00,62.03,6807.67,,,,
06/24/25 10:25:00,64.58,6727.75,,,,
06/24/25 10:30:00,67.21,6826.69,,,,
06/24/25 10:35:00,69.91,6897.09,,,,
06/24/25 10:40:00,61.88,6937.05,,,,
06/24/25 10:45:00,58.25,7075.94,,,,
06/24/25 10:50:00,58.79,7035.98,,,,
06/24/25 10:55:00,58.02,7081.65,,,,
06/24/25 11:00:00,59.33,7222.44,,,,
06/24/25 11:05:00,60.26,7332.80,,,,
06/24/25 11:10:00,60.34,7309.96,,,,
06/24/25 11:15:00,58.56,7361.34,,,,
06/24/25 11:20:00,59.02,7422.22,,,,
06/24/25 11:25:00,59.49,7578.24,,,,
06/24/25 11:30:00,59.72,7757.09,,,,
06/24/25 11:35:00,60.41,7922.62,,,,
06/24/25 11:40:00,61.49,8048.19,,,,
06/24/25 11:45:00,62.65,8181.38,,,,
06/24/25 11:50:00,65.05,8242.26,,,,
06/24/25 11:55:00,66.36,8375.45,,,,
06/24/25 12:00:00,68.29,8386.86,,,,
06/24/25 12:05:00,68.13,8447.75,,,,
06/24/25 12:10:00,67.36,8466.77,,,,
06/24/25 12:15:00,64.89,8436.33,,,,
06/24/25 12:20:00,64.27,8512.44,,,,
06/24/25 12:25:00,65.12,8653.23,,,,
06/24/25 12:30:00,66.20,8691.28,,,,
06/24/25 12:35:00,64.89,8714.12,,,,
06/24/25 12:40:00,63.27,8771.20,,,,
06/24/25 12:45:00,64.58,8969.07,,,,
06/24/25 12:50:00,65.82,9380.04,,,,
06/24/25 12:55:00,66.44,9322.96,,,,
06/24/25 13:00:00,66.51,8866.33,,,,
06/24/25 13:05:00,67.28,9315.35,,,,
06/24/25 13:10:00,68.06,8961.46,,,,
06/24/25 13:15:00,66.90,8630.40,,,,
06/24/25 13:20:00,65.20,8736.95,,,,
06/24/25 13:25:00,65.05,9048.98,,,,
06/24/25 13:30:00,65.28,9018.54,,,,
06/24/25 13:35:00,65.51,9010.93,,,,
06/24/25 13:40:00,67.83,9087.03,,,,
06/24/25 13:45:00,69.06,9399.07,,,,
06/24/25 13:50:00,69.06,8881.55,,,,
06/24/25 13:55:00,66.28,8508.63,,,,
06/24/25 14:00:00,64.89,8539.07,,,,
06/24/25 14:05:00,65.89,10327.56,,,,
06/24/25 14:10:00,65.35,10749.95,,,,
06/24/25 14:15:00,63.35,8695.09,,,,
06/24/25 14:20:00,64.66,10030.75,,,,
06/24/25 14:25:00,61.34,7827.48,,,,
06/24/25 14:30:00,65.82,8972.88,,,,
06/24/25 14:35:00,70.06,10076.41,,,,
06/24/25 14:40:00,67.67,9794.82,,,,
06/24/25 14:45:00,67.44,10163.93,,,,
06/24/25 14:50:00,67.90,10924.99,,,,
06/24/25 14:55:00,66.67,7918.81,,,,
06/24/25 15:00:00,60.64,7252.88,,,,
06/24/25 15:05:00,59.87,6461.38,,,,
06/24/25 15:10:00,62.11,7214.83,,,,
06/24/25 15:15:00,64.58,7376.56,,,,
06/24/25 15:20:00,65.12,8230.84,,,,
06/24/25 15:25:00,65.66,7930.23,,,,
06/24/25 15:30:00,66.51,7583.94,,,,
06/24/25 15:35:00,65.89,7408.90,,,,
06/24/25 15:40:00,63.89,7228.15,,,,
06/24/25 15:45:00,61.80,6969.39,,,,
06/24/25 15:50:00,62.27,7949.25,,,,
06/24/25 15:55:00,61.42,8112.88,,,,
06/24/25 16:00:00,63.66,7850.32,,,,
06/24/25 16:05:00,61.34,6417.62,,,,
06/24/25 16:10:00,61.34,9273.49,,,,
06/24/25 16:15:00,66.05,8938.63,,,,
06/24/25 16:20:00,66.74,8687.48,,,,
06/24/25 16:25:00,67.52,6257.80,,,,
06/24/25 16:30:00,65.05,7551.60,,,,
06/24/25 16:35:00,60.95,7536.38,,,,
06/24/25 16:40:00,67.59,8371.64,,,,
06/24/25 16:45:00,65.43,7684.79,,,,
06/24/25 16:50:00,63.27,7262.40,,,,
06/24/25 16:55:00,64.81,7426.03,,,,
06/24/25 17:00:00,68.29,8805.44,,,,
06/24/25 17:05:00,71.15,8881.55,,,,
06/24/25 17:10:00,66.05,6459.48,,,,
06/24/25 17:15:00,62.03,5601.39,,,,
06/24/25 17:20:00,56.63,4724.27,,,,
06/24/25 17:25:00,55.08,4252.41,,,,
06/24/25 17:30:00,53.46,3759.63,,,,
06/24/25 17:35:00,51.30,3371.49,,,,
06/24/25 17:40:00,50.14,3108.92,,,,
06/24/25 17:45:00,50.22,4832.72,,,,
06/24/25 17:50:00,50.53,3654.03,,,,
06/24/25 17:55:00,49.68,3437.13,,,,
06/24/25 18:00:00,51.69,3589.34,,,,
06/24/25 18:05:00,52.30,3674.96,,,,
06/24/25 18:10:00,51.30,3204.06,,,,
06/24/25 18:15:00,50.45,3271.60,,,,
06/24/25 18:20:00,51.45,3533.21,,,,
06/24/25 18:25:00,51.76,3386.71,,,,
06/24/25 18:30:00,51.53,3165.05,,,,
06/24/25 18:35:00,49.06,2391.63,,,,
06/24/25 18:40:00,47.44,2367.84,,,,
06/24/25 18:45:00,47.28,2573.33,,,,
06/24/25 18:50:00,47.05,2435.39,,,,
06/24/25 18:55:00,47.98,2965.27,,,,
06/24/25 19:00:00,49.29,2662.75,,,,
06/24/25 19:05:00,46.98,2365.94,,,,
06/24/25 19:10:00,45.28,2280.32,,,,
06/24/25 19:15:00,45.20,2444.90,,,,
06/24/25 19:20:00,45.12,2260.34,,,,
06/24/25 19:25:00,43.89,2009.19,,,,
06/24/25 19:30:00,42.42,1763.28,,,,
06/24/25 19:35:00,41.49,1563.50,,,,
06/24/25 19:40:00,40.80,1453.15,,,,
06/24/25 19:45:00,40.10,1332.80,,,,
06/24/25 19:50:00,39.41,1232.44,,,,
06/24/25 19:55:00,39.18,1161.09,,,,
06/24/25 20:00:00,39.02,1092.59,,,,
06/24/25 20:05:00,38.87,1065.48,,,,
06/24/25 20:10:00,39.02,1029.33,,,,
06/24/25 20:15:00,38.94,1006.98,,,,
06/24/25 20:20:00,39.10,949.18,,,,
06/24/25 20:25:00,38.94,854.76,,,,
06/24/25 20:30:00,38.48,762.72,,,,
06/24/25 20:35:00,37.79,696.13,,,,
06/24/25 20:40:00,37.40,630.25,,,,
06/24/25 20:45:00,37.17,575.79,,,,
06/24/25 20:50:00,36.78,528.94,,,,
06/24/25 20:55:00,37.01,493.50,,,,
06/24/25 21:00:00,36.86,445.93,,,,
06/24/25 21:05:00,36.63,384.10,,,,
06/24/25 21:10:00,36.24,302.64,,,,
06/24/25 21:15:00,35.86,247.46,,,,
06/24/25 21:20:00,35.78,205.90,,,,
06/24/25 21:25:00,35.39,174.33,,,,
06/24/25 21:30:00,35.08,154.77,,,,
06/24/25 21:35:00,34.77,135.98,,,,
06/24/25 21:40:00,34.70,120.28,,,,
06/24/25 21:45:00,34.54,102.24,,,,
06/24/25 21:50:00,34.39,83.75,,,,
06/24/25 21:55:00,34.62,67.72,,,,
06/24/25 22:00:00,34.47,53.81,,,,
06/24/25 22:05:00,34.47,42.74,,,,
06/24/25 22:10:00,34.47,33.83,,,,
06/24/25 22:15:00,34.62,27.66,,,,
06/24/25 22:20:00,34.85,22.36,,,,
06/24/25 22:25:00,34.70,16.65,,,,
06/24/25 22:30:00,34.62,11.48,,,,
06/24/25 22:35:00,34.54,8.20,,,,
06/24/25 22:40:00,34.39,6.05,,,,
06/24/25 22:45:00,34.39,4.48,,,,
06/24/25 22:50:00,34.54,3.11,,,,
06/24/25 22:55:00,34.77,2.14,,,,
06/24/25 23:00:00,34.77,1.44,,,,
06/24/25 23:05:00,34.70,1.07,,,,
06/24/25 23:10:00,34.70,0.80,,,,
06/24/25 23:15:00,34.54,0.58,,,,
06/24/25 23:20:00,34.77,0.45,,,,
06/24/25 23:25:00,34.70,0.33,,,,
06/24/25 23:30:00,34.77,0.27,,,,
06/24/25 23:35:00,34.39,0.21,,,,
06/24/25 23:40:00,34.23,0.16,,,,
06/24/25 23:45:00,34.39,0.14,,,,
06/24/25 23:50:00,34.39,0.10,,,,
06/24/25 23:55:00,34.70,0.08,,,,
06/25/25 00:00:00,34.85,0.08,,,,
06/25/25 00:05:00,34.70,0.06,,,,
06/25/25 00:10:00,34.47,0.04,,,,
06/25/25 00:15:00,34.47,0.04,,,,
06/25/25 00:20:00,34.23,0.04,,,,
06/25/25 00:25:00,34.39,0.02,,,,
06/25/25 00:30:00,34.54,0.02,,,,
06/25/25 00:35:00,34.47,0.02,,,,
06/25/25 00:40:00,34.39,0.02,,,,
06/25/25 00:45:00,34.39,0.02,,,,
06/25/25 00:50:00,34.47,0.02,,,,
06/25/25 00:55:00,34.39,0.02,,,,
06/25/25 01:00:00,34.31,0.02,,,,
06/25/25 01:05:00,34.31,0.02,,,,
06/25/25 01:10:00,34.47,0.02,,,,
06/25/25 01:15:00,34.47,0.02,,,,
06/25/25 01:20:00,34.39,0.02,,,,
06/25/25 01:25:00,34.62,0.02,,,,
06/25/25 01:30:00,34.70,0.02,,,,
06/25/25 01:35:00,34.70,0.02,,,,
06/25/25 01:40:00,34.54,0.02,,,,
06/25/25 01:45:00,34.47,0.04,,,,
06/25/25 01:50:00,34.39,0.04,,,,
06/25/25 01:55:00,34.62,0.06,,,,
06/25/25 02:00:00,34.77,0.06,,,,
06/25/25 02:05:00,34.62,0.08,,,,
06/25/25 02:10:00,34.93,0.10,,,,
06/25/25 02:15:00,34.62,0.14,,,,
06/25/25 02:20:00,34.39,0.19,,,,
06/25/25 02:25:00,34.39,0.25,,,,
06/25/25 02:30:00,34.39,0.33,,,,
06/25/25 02:35:00,34.62,0.43,,,,
06/25/25 02:40:00,34.54,0.54,,,,
06/25/25 02:45:00,34.39,0.70,,,,
06/25/25 02:50:00,34.39,1.01,,,,
06/25/25 02:55:00,34.23,1.34,,,,
06/25/25 03:00:00,34.54,1.83,,,,
06/25/25 03:05:00,34.70,2.57,,,,
06/25/25 03:10:00,35.01,4.05,,,,
06/25/25 03:15:00,35.24,5.97,,,,
06/25/25 03:20:00,35.39,7.96,,,,
06/25/25 03:25:00,34.62,9.91,,,,
06/25/25 03:30:00,34.39,13.51,,,,
06/25/25 03:35:00,34.62,18.66,,,,
06/25/25 03:40:00,34.77,25.72,,,,
06/25/25 03:45:00,34.70,34.38,,,,
06/25/25 03:50:00,34.70,47.19,,,,
06/25/25 03:55:00,34.62,62.70,,,,
06/25/25 04:00:00,34.85,81.96,,,,
06/25/25 04:05:00,34.77,108.87,,,,
06/25/25 04:10:00,34.93,137.11,,,,
06/25/25 04:15:00,35.01,172.01,,,,
06/25/25 04:20:00,35.08,219.28,,,,
06/25/25 04:25:00,35.39,267.44,,,,
06/25/25 04:30:00,35.62,305.49,,,,
06/25/25 04:35:00,35.78,353.06,,,,
06/25/25 04:40:00,35.86,407.17,,,,
06/25/25 04:45:00,36.01,470.19,,,,
06/25/25 04:50:00,36.40,540.83,,,,
06/25/25 04:55:00,36.09,599.10,,,,
06/25/25 05:00:00,36.40,632.15,,,,
06/25/25 05:05:00,36.47,686.14,,,,
06/25/25 05:10:00,36.78,798.16,,,,
06/25/25 05:15:00,37.09,814.81,,,,
06/25/25 05:20:00,37.01,864.04,,,,
06/25/25 05:25:00,37.09,893.77,,,,
06/25/25 05:30:00,37.32,1049.31,,,,
06/25/25 05:35:00,37.71,1125.41,,,,
06/25/25 05:40:00,37.86,1087.84,,,,
06/25/25 05:45:00,37.86,1052.64,,,,
06/25/25 05:50:00,37.79,1070.71,,,,
06/25/25 05:55:00,37.63,1097.83,,,,
06/25/25 06:00:00,37.48,1086.89,,,,
06/25/25 06:05:00,37.25,1030.28,,,,
06/25/25 06:10:00,37.63,1045.03,,,,
06/25/25 06:15:00,38.02,1099.73,,,,
06/25/25 06:20:00,38.02,1008.88,,,,
06/25/25 06:25:00,37.79,1094.50,,,,
06/25/25 06:30:00,38.33,1444.11,,,,
06/25/25 06:35:00,39.49,1777.55,,,,
06/25/25 06:40:00,40.10,1937.37,,,,
06/25/25 06:45:00,41.18,2337.40,,,,
06/25/25 06:50:00,42.19,2476.29,,,,
06/25/25 06:55:00,42.11,2543.84,,,,
06/25/25 07:00:00,41.65,2569.52,,,,
06/25/25 07:05:00,41.88,2582.84,,,,
06/25/25 07:10:00,42.11,2600.92,,,,
06/25/25 07:15:00,42.50,2348.82,,,,
06/25/25 07:20:00,42.65,2633.26,,,,
06/25/25 07:25:00,44.04,2792.13,,,,
06/25/25 07:30:00,45.28,2961.47,,,,
06/25/25 07:35:00,47.28,3403.83,,,,
06/25/25 07:40:00,47.36,3618.83,,,,
06/25/25 07:45:00,45.59,2930.07,,,,
06/25/25 07:50:00,44.04,2734.10,,,,
06/25/25 07:55:00,44.43,3080.38,,,,
06/25/25 08:00:00,44.58,3400.03,,,,
06/25/25 08:05:00,44.97,3449.50,,,,
06/25/25 08:10:00,45.51,3287.77,,,,
06/25/25 08:15:00,45.66,3862.37,,,,
06/25/25 08:20:00,46.74,4071.66,,,,
06/25/25 08:25:00,48.13,4406.53,,,,
06/25/25 08:30:00,48.98,4680.51,,,,
06/25/25 08:35:00,50.22,4817.50,,,,
06/25/25 08:40:00,49.68,4446.48,,,,
06/25/25 08:45:00,48.52,4258.12,,,,
06/25/25 08:50:00,47.75,4147.77,,,,
06/25/25 08:55:00,47.75,4377.99,,,,
06/25/25 09:00:00,49.52,5129.53,,,,
06/25/25 09:05:00,51.22,5340.73,,,,
06/25/25 09:10:00,51.61,5068.65,,,,
06/25/25 09:15:00,51.07,4768.03,,,,
06/25/25 09:20:00,50.84,4714.76,,,,
06/25/25 09:25:00,50.30,4794.67,,,,
06/25/25 09:30:00,50.14,4849.84,,,,
06/25/25 09:35:00,50.37,5047.72,,,,
06/25/25 09:40:00,51.69,5403.51,,,,
06/25/25 09:45:00,51.76,5852.54,,,,
06/25/25 09:50:00,53.93,6078.95,,,,
06/25/25 09:55:00,53.39,5744.09,,,,
06/25/25 10:00:00,53.93,5510.06,,,,
06/25/25 10:05:00,54.47,5882.98,,,,
06/25/25 10:10:00,54.08,6160.77,,,,
06/25/25 10:15:00,53.15,6381.47,,,,
06/25/25 10:20:00,52.84,6756.29,,,,
06/25/25 10:25:00,53.93,6904.70,,,,
06/25/25 10:30:00,55.08,6605.99,,,,
06/25/25 10:35:00,54.78,6703.02,,,,
06/25/25 10:40:00,55.32,6931.34,,,,
06/25/25 10:45:00,56.40,7228.15,,,,
06/25/25 10:50:00,57.71,7526.87,,,,
06/25/25 10:55:00,57.79,7102.58,,,,
06/25/25 11:00:00,58.25,7566.82,,,,
06/25/25 11:05:00,58.10,7665.76,,,,
06/25/25 11:10:00,55.93,6849.52,,,,
06/25/25 11:15:00,56.47,6596.47,,,,
06/25/25 11:20:00,56.63,6881.87,,,,
06/25/25 11:25:00,57.01,7110.19,,,,
06/25/25 11:30:00,58.56,7873.15,,,,
06/25/25 11:35:00,63.58,8059.61,,,,
06/25/25 11:40:00,64.12,7637.22,,,,
06/25/25 11:45:00,64.43,7235.76,,,,
06/25/25 11:50:00,63.58,7941.64,,,,
06/25/25 11:55:00,64.20,9026.15,,,,
06/25/25 12:00:00,67.59,9452.34,,,,
06/25/25 12:05:00,68.44,9140.31,,,,
06/25/25 12:10:00,68.67,8942.43,,,,
06/25/25 12:15:00,71.07,8965.27,,,,
06/25/25 12:20:00,66.44,8599.96,,,,
06/25/25 12:25:00,64.74,9014.73,,,,
06/25/25 12:30:00,64.97,9064.20,,,,
06/25/25 12:35:00,63.42,7926.42,,,,
06/25/25 12:40:00,64.43,7949.25,,,,
06/25/25 12:45:00,63.11,7536.38,,,,
06/25/25 12:50:00,63.27,7623.90,,,,
06/25/25 12:55:00,64.81,7991.11,,,,
06/25/25 13:00:00,64.66,7660.05,,,,
06/25/25 13:05:00,65.82,7953.06,,,,
06/25/25 13:10:00,71.22,8618.98,,,,
06/25/25 13:15:00,69.91,9140.31,,,,
06/25/25 13:20:00,68.91,9212.61,,,,
06/25/25 13:25:00,72.00,9037.57,,,,
06/25/25 13:30:00,74.93,9197.39,,,,
06/25/25 13:35:00,76.40,8801.64,,,,
06/25/25 13:40:00,72.07,8272.70,,,,
06/25/25 13:45:00,70.37,8413.50,,,,
06/25/25 13:50:00,70.53,7918.81,,,,
06/25/25 13:55:00,71.45,8078.63,,,,
06/25/25 14:00:00,73.93,8588.54,,,,
06/25/25 14:05:00,74.93,8352.61,,,,
06/25/25 14:10:00,70.76,7458.37,,,,
06/25/25 14:15:00,73.15,7876.95,,,,
06/25/25 14:20:00,73.39,7991.11,,,,
06/25/25 14:25:00,73.69,8063.41,,,,
06/25/25 14:30:00,71.61,7873.15,,,,
06/25/25 14:35:00,67.59,7779.92,,,,
06/25/25 14:40:00,65.20,7793.24,,,,
06/25/25 14:45:00,67.44,9064.20,,,,
06/25/25 14:50:00,68.29,9075.62,,,,
06/25/25 14:55:00,66.74,8866.33,,,,
06/25/25 15:00:00,66.90,9494.20,,,,
06/25/25 15:05:00,69.83,9498.01,,,,
06/25/25 15:10:00,71.22,9733.93,,,,
06/25/25 15:15:00,68.67,8923.41,,,,
06/25/25 15:20:00,68.29,8797.83,,,,
06/25/25 15:25:00,67.13,10361.81,,,,
06/25/25 15:30:00,67.83,8835.89,,,,
06/25/25 15:35:00,63.73,7707.62,,,,
06/25/25 15:40:00,62.03,7391.78,,,,
06/25/25 15:45:00,60.72,7165.36,,,,
06/25/25 15:50:00,59.56,7296.65,,,,
06/25/25 15:55:00,58.33,6935.14,,,,
06/25/25 16:00:00,60.03,8695.09,,,,
06/25/25 16:05:00,58.33,7555.41,,,,
06/25/25 16:10:00,55.08,6537.49,,,,
06/25/25 16:15:00,53.15,6459.48,,,,
06/25/25 16:20:00,52.38,6508.95,,,,
06/25/25 16:25:00,52.38,6175.99,,,,
06/25/25 16:30:00,51.38,5641.34,,,,
06/25/25 16:35:00,49.91,5331.21,,,,
06/25/25 16:40:00,48.13,4866.97,,,,
06/25/25 16:45:00,47.59,5047.72,,,,
06/25/25 16:50:00,47.90,5093.38,,,,
06/25/25 16:55:00,48.29,5268.43,,,,
06/25/25 17:00:00,48.44,5237.98,,,,
06/25/25 17:05:00,48.44,5165.68,,,,
06/25/25 17:10:00,48.67,5542.41,,,,
06/25/25 17:15:00,49.68,5728.87,,,,
06/25/25 17:20:00,49.83,5765.02,,,,
06/25/25 17:25:00,49.91,5626.12,,,,
06/25/25 17:30:00,51.07,5772.63,,,,
06/25/25 17:35:00,50.99,5036.30,,,,
06/25/25 17:40:00,49.91,4760.42,,,,
06/25/25 17:45:00,48.75,4419.85,,,,
06/25/25 17:50:00,48.44,4294.27,,,,
06/25/25 17:55:00,46.90,3809.10,,,,
06/25/25 18:00:00,45.97,3657.84,,,,
06/25/25 18:05:00,46.05,3698.74,,,,
06/25/25 18:10:00,45.66,3520.85,,,,
06/25/25 18:15:00,45.66,3516.09,,,,
06/25/25 18:20:00,46.36,3761.53,,,,
06/25/25 18:25:00,46.98,3537.97,,,,
06/25/25 18:30:00,45.43,2921.51,,,,
06/25/25 18:35:00,43.96,2682.73,,,,
06/25/25 18:40:00,43.19,2378.31,,,,
06/25/25 18:45:00,42.34,2122.40,,,,
06/25/25 18:50:00,41.03,2096.72,,,,
06/25/25 18:55:00,41.26,2206.12,,,,
06/25/25 19:00:00,41.65,2432.53,,,,
06/25/25 19:05:00,41.80,2437.29,,,,
06/25/25 19:10:00,41.49,2240.37,,,,
06/25/25 19:15:00,40.57,2100.52,,,,
06/25/25 19:20:00,40.49,2155.70,,,,
06/25/25 19:25:00,40.64,2240.37,,,,
06/25/25 19:30:00,40.33,2135.72,,,,
06/25/25 19:35:00,40.49,2032.03,,,,
06/25/25 19:40:00,40.49,1788.96,,,,
06/25/25 19:45:00,40.57,1672.90,,,,
06/25/25 19:50:00,40.95,1507.85,,,,
06/25/25 19:55:00,40.33,1428.89,,,,
06/25/25 20:00:00,39.87,1276.20,,,,
06/25/25 20:05:00,39.18,1192.96,,,,
06/25/25 20:10:00,39.25,1167.27,,,,
06/25/25 20:15:00,39.10,1104.01,,,,
06/25/25 20:20:00,39.10,967.26,,,,
06/25/25 20:25:00,38.02,915.65,,,,
06/25/25 20:30:00,37.40,911.84,,,,
06/25/25 20:35:00,37.25,859.76,,,,
06/25/25 20:40:00,37.01,759.63,,,,
06/25/25 20:45:00,36.94,674.49,,,,
06/25/25 20:50:00,36.71,641.43,,,,
06/25/25 20:55:00,36.55,590.06,,,,
06/25/25 21:00:00,36.09,533.22,,,,
06/25/25 21:05:00,36.09,521.09,,,,
06/25/25 21:10:00,36.24,621.21,,,,
06/25/25 21:15:00,36.40,502.77,,,,
06/25/25 21:20:00,36.16,451.88,,,,
06/25/25 21:25:00,35.70,351.75,,,,
06/25/25 21:30:00,35.08,265.54,,,,
06/25/25 21:35:00,35.01,220.17,,,,
06/25/25 21:40:00,35.32,193.95,,,,
06/25/25 21:45:00,35.16,157.09,,,,
06/25/25 21:50:00,34.70,122.90,,,,
06/25/25 21:55:00,34.77,100.45,,,,
06/25/25 22:00:00,34.47,76.25,,,,
06/25/25 22:05:00,34.39,56.56,,,,
06/25/25 22:10:00,34.54,45.49,,,,
06/25/25 22:15:00,34.62,33.30,,,,
06/25/25 22:20:00,34.39,27.12,,,,
06/25/25 22:25:00,34.47,19.85,,,,
06/25/25 22:30:00,34.31,13.99,,,,
06/25/25 22:35:00,34.47,10.07,,,,
06/25/25 22:40:00,34.47,7.58,,,,
06/25/25 22:45:00,34.54,5.15,,,,
06/25/25 22:50:00,34.39,3.58,,,,
06/25/25 22:55:00,34.39,2.61,,,,
06/25/25 23:00:00,34.31,1.87,,,,
06/25/25 23:05:00,34.23,1.38,,,,
06/25/25 23:10:00,34.16,1.03,,,,
06/25/25 23:15:00,34.16,0.76,,,,
06/25/25 23:20:00,34.23,0.56,,,,
06/25/25 23:25:00,34.16,0.41,,,,
06/25/25 23:30:00,34.00,0.31,,,,
06/25/25 23:35:00,34.08,0.23,,,,
06/25/25 23:40:00,33.93,0.17,,,,
06/25/25 23:45:00,34.00,0.16,,,,
06/25/25 23:50:00,34.23,0.14,,,,
06/25/25 23:55:00,34.23,0.12,,,,
06/26/25 00:00:00,34.47,0.08,,,,
06/26/25 00:05:00,34.70,0.06,,,,
06/26/25 00:10:00,34.70,0.06,,,,
06/26/25 00:15:00,34.77,0.04,,,,
06/26/25 00:20:00,34.62,0.04,,,,
06/26/25 00:25:00,34.39,0.02,,,,
06/26/25 00:30:00,34.39,0.02,,,,
06/26/25 00:35:00,34.31,0.02,,,,
06/26/25 00:40:00,34.31,0.02,,,,
06/26/25 00:45:00,33.85,0.08,,,,
06/26/25 00:50:00,34.08,0.02,,,,
06/26/25 00:55:00,34.08,0.02,,,,
06/26/25 01:00:00,34.00,0.08,,,,
06/26/25 01:05:00,34.23,0.02,,,,
06/26/25 01:10:00,34.16,0.02,,,,
06/26/25 01:15:00,33.85,0.02,,,,
06/26/25 01:20:00,33.77,0.02,,,,
06/26/25 01:25:00,34.16,0.02,,,,
06/26/25 01:30:00,34.16,0.02,,,,
06/26/25 01:35:00,34.00,0.02,,,,
06/26/25 01:40:00,33.93,0.04,,,,
06/26/25 01:45:00,34.16,0.04,,,,
06/26/25 01:50:00,34.16,0.04,,,,
06/26/25 01:55:00,34.54,0.06,,,,
06/26/25 02:00:00,35.16,0.06,,,,
06/26/25 02:05:00,35.39,0.08,,,,
06/26/25 02:10:00,34.93,0.12,,,,
06/26/25 02:15:00,35.01,0.14,,,,
06/26/25 02:20:00,34.62,0.19,,,,
06/26/25 02:25:00,34.31,0.25,,,,
06/26/25 02:30:00,34.16,0.31,,,,
06/26/25 02:35:00,33.93,0.43,,,,
06/26/25 02:40:00,33.85,0.54,,,,
06/26/25 02:45:00,34.08,0.74,,,,
06/26/25 02:50:00,34.31,0.97,,,,
06/26/25 02:55:00,34.39,1.30,,,,
06/26/25 03:00:00,34.39,1.83,,,,
06/26/25 03:05:00,34.31,2.61,,,,
06/26/25 03:10:00,34.31,3.82,,,,
06/26/25 03:15:00,34.47,5.57,,,,
06/26/25 03:20:00,34.70,7.42,,,,
06/26/25 03:25:00,34.54,10.30,,,,
06/26/25 03:30:00,34.39,14.30,,,,
06/26/25 03:35:00,34.39,19.00,,,,
06/26/25 03:40:00,34.39,24.76,,,,
06/26/25 03:45:00,34.31,32.81,,,,
06/26/25 03:50:00,34.16,42.35,,,,
06/26/25 03:55:00,34.16,51.71,,,,
06/26/25 04:00:00,34.47,66.12,,,,
06/26/25 04:05:00,34.47,80.65,,,,
06/26/25 04:10:00,34.85,98.61,,,,
06/26/25 04:15:00,35.01,124.86,,,,
06/26/25 04:20:00,34.93,149.77,,,,
06/26/25 04:25:00,34.93,175.10,,,,
06/26/25 04:30:00,35.01,200.13,,,,
06/26/25 04:35:00,35.24,239.79,,,,
06/26/25 04:40:00,35.16,278.98,,,,
06/26/25 04:45:00,35.47,372.32,,,,
06/26/25 04:50:00,35.62,399.32,,,,
06/26/25 04:55:00,35.70,457.23,,,,
06/26/25 05:00:00,35.78,503.73,,,,
06/26/25 05:05:00,35.78,541.78,,,,
06/26/25 05:10:00,35.93,601.00,,,,
06/26/25 05:15:00,36.01,627.40,,,,
06/26/25 05:20:00,35.93,637.62,,,,
06/26/25 05:25:00,35.78,593.86,,,,
06/26/25 05:30:00,35.55,584.35,,,,
06/26/25 05:35:00,35.78,810.53,,,,
06/26/25 05:40:00,36.32,875.22,,,,
06/26/25 05:45:00,36.40,871.41,,,,
06/26/25 05:50:00,36.55,934.20,,,,
06/26/25 05:55:00,36.94,961.07,,,,
06/26/25 06:00:00,37.55,1098.78,,,,
06/26/25 06:05:00,38.25,1334.71,,,,
06/26/25 06:10:00,38.64,1297.13,,,,
06/26/25 06:15:00,38.64,1312.35,,,,
06/26/25 06:20:00,39.02,1645.31,,,,
06/26/25 06:25:00,38.87,1352.31,,,,
06/26/25 06:30:00,39.10,1697.64,,,,
06/26/25 06:35:00,39.49,1615.35,,,,
06/26/25 06:40:00,39.10,1524.49,,,,
06/26/25 06:45:00,39.64,1839.86,,,,
06/26/25 06:50:00,40.03,2112.89,,,,
06/26/25 06:55:00,40.41,2222.29,,,,
06/26/25 07:00:00,40.26,2231.80,,,,
06/26/25 07:05:00,39.87,1979.70,,,,
06/26/25 07:10:00,40.57,2357.38,,,,
06/26/25 07:15:00,41.57,2477.24,,,,
06/26/25 07:20:00,42.50,2560.01,,,,
06/26/25 07:25:00,42.57,2522.91,,,,
06/26/25 07:30:00,42.19,2361.18,,,,
06/26/25 07:35:00,44.12,3239.25,,,,
06/26/25 07:40:00,45.43,3597.90,,,,
06/26/25 07:45:00,45.28,3008.08,,,,
06/26/25 07:50:00,45.51,3508.48,,,,
06/26/25 07:55:00,47.28,4349.45,,,,
06/26/25 08:00:00,48.67,3866.18,,,,
06/26/25 08:05:00,48.13,3601.71,,,,
06/26/25 08:10:00,46.82,3909.94,,,,
06/26/25 08:15:00,46.98,4006.97,,,,
06/26/25 08:20:00,46.98,4132.55,,,,
06/26/25 08:25:00,47.67,4617.72,,,,
06/26/25 08:30:00,48.83,4811.79,,,,
06/26/25 08:35:00,49.45,4969.71,,,,
06/26/25 08:40:00,50.37,5416.83,,,,
06/26/25 08:45:00,51.30,5660.37,,,,
06/26/25 08:50:00,51.76,5875.37,,,,
06/26/25 08:55:00,52.77,6210.23,,,,
06/26/25 09:00:00,51.61,5403.51,,,,
06/26/25 09:05:00,50.22,5618.51,,,,
06/26/25 09:10:00,50.37,5616.61,,,,
06/26/25 09:15:00,50.61,5473.91,,,,
06/26/25 09:20:00,50.76,5603.29,,,,
06/26/25 09:25:00,51.07,5768.82,,,,
06/26/25 09:30:00,51.69,5875.37,,,,
06/26/25 09:35:00,52.38,6008.55,,,,
06/26/25 09:40:00,53.69,6312.98,,,,
06/26/25 09:45:00,56.09,7129.21,,,,
06/26/25 09:50:00,58.25,7268.11,,,,
06/26/25 09:55:00,59.41,6815.28,,,,
06/26/25 10:00:00,59.25,7473.59,,,,
06/26/25 10:05:00,59.18,7422.22,,,,
06/26/25 10:10:00,59.56,7448.86,,,,
06/26/25 10:15:00,60.03,7623.90,,,,
06/26/25 10:20:00,60.80,7785.63,,,,
06/26/25 10:25:00,60.41,7774.21,,,,
06/26/25 10:30:00,60.03,7964.47,,,,
06/26/25 10:35:00,60.10,8052.00,,,,
06/26/25 10:40:00,60.03,8006.33,,,,
06/26/25 10:45:00,60.72,8333.59,,,,
06/26/25 10:50:00,62.19,8835.89,,,,
06/26/25 10:55:00,64.04,9368.63,,,,
06/26/25 11:00:00,64.12,8744.56,,,,
06/26/25 11:05:00,63.11,8622.79,,,,
06/26/25 11:10:00,63.58,9235.44,,,,
06/26/25 11:15:00,63.66,9159.34,,,,
06/26/25 11:20:00,64.04,9433.32,,,,
06/26/25 11:25:00,63.19,8645.62,,,,
06/26/25 11:30:00,63.11,8660.84,,,,
06/26/25 11:35:00,63.58,8805.44,,,,
06/26/25 11:40:00,64.12,9125.09,,,,
06/26/25 11:45:00,65.35,9463.76,,,,
06/26/25 11:50:00,65.97,9212.61,,,,
06/26/25 11:55:00,67.75,9090.84,,,,
06/26/25 12:00:00,67.36,8984.29,,,,
06/26/25 12:05:00,66.74,9437.12,,,,
06/26/25 12:10:00,67.98,9684.47,,,,
06/26/25 12:15:00,69.52,10053.58,,,,
06/26/25 12:20:00,74.47,12306.31,,,,
06/26/25 12:25:00,75.08,11153.31,,,,
06/26/25 12:30:00,76.63,10567.29,,,,
06/26/25 12:35:00,76.17,9478.98,,,,
06/26/25 12:40:00,73.93,9802.43,,,,
06/26/25 12:45:00,73.08,9829.07,,,,
06/26/25 12:50:00,74.16,11263.66,,,,
06/26/25 12:55:00,74.85,8462.97,,,,
06/26/25 13:00:00,73.62,9794.82,,,,
06/26/25 13:05:00,73.77,9147.92,,,,
06/26/25 13:10:00,70.76,9048.98,,,,
06/26/25 13:15:00,69.76,8687.48,,,,
06/26/25 13:20:00,72.23,11476.76,,,,
06/26/25 13:25:00,72.92,9109.87,,,,
06/26/25 13:30:00,73.31,7956.86,,,,
06/26/25 13:35:00,65.89,7892.17,,,,
06/26/25 13:40:00,66.05,8668.45,,,,
06/26/25 13:45:00,67.05,9893.76,,,,
06/26/25 13:50:00,66.74,8695.09,,,,
06/26/25 13:55:00,66.44,9098.45,,,,
06/26/25 14:00:00,69.37,10525.43,,,,
06/26/25 14:05:00,67.59,8128.10,,,,
06/26/25 14:10:00,69.14,8854.91,,,,
06/26/25 14:15:00,63.96,7077.84,,,,
06/26/25 14:20:00,65.51,8569.52,,,,
06/26/25 14:25:00,67.90,11183.75,,,,
06/26/25 14:30:00,62.65,6718.24,,,,
06/26/25 14:35:00,62.50,7545.89,,,,
06/26/25 14:40:00,63.58,8287.92,,,,
06/26/25 14:45:00,66.90,8660.84,,,,
06/26/25 14:50:00,66.20,7964.47,,,,
06/26/25 14:55:00,64.81,7903.59,,,,
06/26/25 15:00:00,62.57,6942.75,,,,
06/26/25 15:05:00,63.81,7968.28,,,,
06/26/25 15:10:00,65.82,7612.48,,,,
06/26/25 15:15:00,70.61,10411.28,,,,
06/26/25 15:20:00,72.92,8889.16,,,,
06/26/25 15:25:00,73.85,8550.49,,,,
06/26/25 15:30:00,68.91,7536.38,,,,
06/26/25 15:35:00,74.54,11705.08,,,,
06/26/25 15:40:00,73.23,8352.61,,,,
06/26/25 15:45:00,70.06,7707.62,,,,
06/26/25 15:50:00,60.57,5983.82,,,,
06/26/25 15:55:00,66.82,8440.14,,,,
06/26/25 16:00:00,69.22,9144.11,,,,
06/26/25 16:05:00,69.76,5245.59,,,,
06/26/25 16:10:00,62.65,6040.90,,,,
06/26/25 16:15:00,59.95,5376.88,,,,
06/26/25 16:20:00,59.10,5987.63,,,,
06/26/25 16:25:00,61.88,6029.48,,,,
06/26/25 16:30:00,62.03,5784.04,,,,
06/26/25 16:35:00,63.58,5064.84,,,,
06/26/25 16:40:00,65.74,7922.62,,,,
06/26/25 16:45:00,64.50,6330.10,,,,
06/26/25 16:50:00,66.44,7994.92,,,,
06/26/25 16:55:00,64.04,5744.09,,,,
06/26/25 17:00:00,62.27,7762.79,,,,
06/26/25 17:05:00,64.04,6130.32,,,,
06/26/25 17:10:00,63.81,5268.43,,,,
06/26/25 17:15:00,62.50,4887.90,,,,
06/26/25 17:20:00,62.65,6427.14,,,,
06/26/25 17:25:00,67.05,7361.34,,,,
06/26/25 17:30:00,64.66,6607.89,,,,
06/26/25 17:35:00,62.42,4695.73,,,,
06/26/25 17:40:00,56.09,4083.08,,,,
06/26/25 17:45:00,53.00,3946.09,,,,
06/26/25 17:50:00,51.76,3828.12,,,,
06/26/25 17:55:00,51.38,3862.37,,,,
06/26/25 18:00:00,53.69,4766.13,,,,
06/26/25 18:05:00,53.93,3611.22,,,,
06/26/25 18:10:00,51.38,3309.65,,,,
06/26/25 18:15:00,51.69,3639.76,,,,
06/26/25 18:20:00,52.69,3504.67,,,,
06/26/25 18:25:00,51.45,3253.52,,,,
06/26/25 18:30:00,50.30,3111.78,,,,
06/26/25 18:35:00,47.75,2550.50,,,,
06/26/25 18:40:00,47.21,2848.26,,,,
06/26/25 18:45:00,51.61,4362.77,,,,
06/26/25 18:50:00,55.86,4155.38,,,,
06/26/25 18:55:00,52.61,2500.08,,,,
06/26/25 19:00:00,49.76,2444.90,,,,
06/26/25 19:05:00,48.37,2005.39,,,,
06/26/25 19:10:00,47.05,2396.38,,,,
06/26/25 19:15:00,52.38,3008.08,,,,
06/26/25 19:20:00,56.09,3545.58,,,,
06/26/25 19:25:00,55.01,2939.59,,,,
06/26/25 19:30:00,54.31,2388.77,,,,
06/26/25 19:35:00,49.22,2951.00,,,,
06/26/25 19:40:00,49.29,2755.98,,,,
06/26/25 19:45:00,47.13,2472.49,,,,
06/26/25 19:50:00,47.52,2331.69,,,,
06/26/25 19:55:00,44.74,1613.44,,,,
06/26/25 20:00:00,43.11,1562.07,,,,
06/26/25 20:05:00,41.96,1477.40,,,,
06/26/25 20:10:00,41.65,1392.74,,,,
06/26/25 20:15:00,41.34,1278.10,,,,
06/26/25 20:20:00,41.18,1217.22,,,,
06/26/25 20:25:00,40.03,1014.11,,,,
06/26/25 20:30:00,38.87,957.27,,,,
06/26/25 20:35:00,38.25,763.91,,,,
06/26/25 20:40:00,37.55,679.48,,,,
06/26/25 20:45:00,37.71,667.59,,,,
06/26/25 20:50:00,37.63,551.05,,,,
06/26/25 20:55:00,36.86,481.73,,,,
06/26/25 21:00:00,36.63,449.14,,,,
06/26/25 21:05:00,36.63,429.52,,,,
06/26/25 21:10:00,36.16,408.95,,,,
06/26/25 21:15:00,36.01,386.59,,,,
06/26/25 21:20:00,35.93,354.96,,,,
06/26/25 21:25:00,35.78,327.85,,,,
06/26/25 21:30:00,35.93,290.99,,,,
06/26/25 21:35:00,36.01,255.55,,,,
06/26/25 21:40:00,35.93,210.54,,,,
06/26/25 21:45:00,35.78,167.37,,,,
06/26/25 21:50:00,35.47,135.62,,,,
06/26/25 21:55:00,35.24,110.32,,,,
06/26/25 22:00:00,34.93,88.12,,,,
06/26/25 22:05:00,34.77,67.22,,,,
06/26/25 22:10:00,34.54,51.36,,,,
06/26/25 22:15:00,34.39,38.93,,,,
06/26/25 22:20:00,34.39,29.47,,,,
06/26/25 22:25:00,34.62,22.20,,,,
06/26/25 22:30:00,34.54,16.10,,,,
06/26/25 22:35:00,34.62,11.17,,,,
06/26/25 22:40:00,34.47,7.73,,,,
06/26/25 22:45:00,34.54,5.42,,,,
06/26/25 22:50:00,34.39,3.78,,,,
06/26/25 22:55:00,34.39,2.61,,,,
06/26/25 23:00:00,34.70,1.71,,,,
06/26/25 23:05:00,34.62,1.20,,,,
06/26/25 23:10:00,34.70,0.84,,,,
06/26/25 23:15:00,34.47,0.62,,,,
06/26/25 23:20:00,34.39,0.48,,,,
06/26/25 23:25:00,34.39,0.37,,,,
06/26/25 23:30:00,34.39,0.29,,,,
06/26/25 23:35:00,34.39,0.23,,,,
06/26/25 23:40:00,34.39,0.17,,,,
06/26/25 23:45:00,34.39,0.14,,,,
06/26/25 23:50:00,34.23,0.12,,,,
06/26/25 23:55:00,34.23,0.10,,,,
06/27/25 00:00:00,34.16,0.08,,,,
06/27/25 00:05:00,34.08,0.06,,,,
06/27/25 00:10:00,34.00,0.04,,,,
06/27/25 00:15:00,34.00,0.04,,,,
06/27/25 00:20:00,34.16,0.04,,,,
06/27/25 00:25:00,34.23,0.02,,,,
06/27/25 00:30:00,34.08,0.02,,,,
06/27/25 00:35:00,33.85,0.02,,,,
06/27/25 00:40:00,34.08,0.02,,,,
06/27/25 00:45:00,34.23,0.02,,,,
06/27/25 00:50:00,34.31,0.02,,,,
06/27/25 00:55:00,33.93,0.02,,,,
06/27/25 01:00:00,34.08,0.02,,,,
06/27/25 01:05:00,34.16,0.02,,,,
06/27/25 01:10:00,34.08,0.02,,,,
06/27/25 01:15:00,34.08,0.02,,,,
06/27/25 01:20:00,34.16,0.02,,,,
06/27/25 01:25:00,34.31,0.02,,,,
06/27/25 01:30:00,34.31,0.02,,,,
06/27/25 01:35:00,34.31,0.04,,,,
06/27/25 01:40:00,34.70,0.04,,,,
06/27/25 01:45:00,35.01,0.04,,,,
06/27/25 01:50:00,34.85,0.04,,,,
06/27/25 01:55:00,34.47,0.06,,,,
06/27/25 02:00:00,34.47,0.08,,,,
06/27/25 02:05:00,34.39,0.10,,,,
06/27/25 02:10:00,34.31,0.12,,,,
06/27/25 02:15:00,34.39,0.16,,,,
06/27/25 02:20:00,34.39,0.19,,,,
06/27/25 02:25:00,34.23,0.25,,,,
06/27/25 02:30:00,34.08,0.31,,,,
06/27/25 02:35:00,34.16,0.43,,,,
06/27/25 02:40:00,34.23,0.56,,,,
06/27/25 02:45:00,34.39,0.80,,,,
06/27/25 02:50:00,34.39,0.99,,,,
06/27/25 02:55:00,34.54,1.32,,,,
06/27/25 03:00:00,34.54,1.75,,,,
06/27/25 03:05:00,35.08,2.37,,,,
06/27/25 03:10:00,34.85,3.31,,,,
06/27/25 03:15:00,34.47,4.52,,,,
06/27/25 03:20:00,34.47,6.36,,,,
06/27/25 03:25:00,34.70,8.90,,,,
06/27/25 03:30:00,34.77,12.65,,,,
06/27/25 03:35:00,34.93,17.42,,,,
06/27/25 03:40:00,35.08,23.45,,,,
06/27/25 03:45:00,35.01,31.08,,,,
06/27/25 03:50:00,34.85,38.50,,,,
06/27/25 03:55:00,34.54,48.52,,,,
06/27/25 04:00:00,34.54,62.82,,,,
06/27/25 04:05:00,34.85,81.96,,,,
06/27/25 04:10:00,35.01,106.07,,,,
06/27/25 04:15:00,34.93,136.51,,,,
06/27/25 04:20:00,34.85,164.40,,,,
06/27/25 04:25:00,35.24,192.23,,,,
06/27/25 04:30:00,35.24,217.73,,,,
06/27/25 04:35:00,35.24,243.18,,,,
06/27/25 04:40:00,35.47,274.10,,,,
06/27/25 04:45:00,35.86,312.15,,,,
06/27/25 04:50:00,35.78,333.20,,,,
06/27/25 04:55:00,35.55,351.16,,,,
06/27/25 05:00:00,35.39,385.64,,,,
06/27/25 05:05:00,35.47,407.76,,,,
06/27/25 05:10:00,35.47,413.35,,,,
06/27/25 05:15:00,35.55,432.61,,,,
06/27/25 05:20:00,35.93,497.54,,,,
06/27/25 05:25:00,36.09,622.17,,,,
06/27/25 05:30:00,36.40,678.06,,,,
06/27/25 05:35:00,36.71,788.17,,,,
06/27/25 05:40:00,36.94,941.81,,,,
06/27/25 05:45:00,37.48,1029.33,,,,
06/27/25 05:50:00,38.25,1112.57,,,,
06/27/25 05:55:00,38.17,1205.80,,,,
06/27/25 06:00:00,38.40,1331.38,,,,
06/27/25 06:05:00,38.64,1380.37,,,,
06/27/25 06:10:00,39.10,1453.62,,,,
06/27/25 06:15:00,39.56,1453.15,,,,
06/27/25 06:20:00,38.94,1396.54,,,,
06/27/25 06:25:00,38.71,1386.55,,,,
06/27/25 06:30:00,38.87,1436.02,,,,
06/27/25 06:35:00,39.79,1511.65,,,,
06/27/25 06:40:00,39.41,1647.69,,,,
06/27/25 06:45:00,39.87,1973.04,,,,
06/27/25 06:50:00,40.72,2191.85,,,,
06/27/25 06:55:00,40.64,2235.61,,,,
06/27/25 07:00:00,41.03,2308.86,,,,
06/27/25 07:05:00,41.49,2348.82,,,,
06/27/25 07:10:00,42.03,2518.15,,,,
06/27/25 07:15:00,42.81,2613.28,,,,
06/27/25 07:20:00,42.96,2578.08,,,,
06/27/25 07:25:00,43.58,2828.28,,,,
06/27/25 07:30:00,44.50,3117.48,,,,
06/27/25 07:35:00,45.20,3674.96,,,,
06/27/25 07:40:00,45.35,3544.63,,,,
06/27/25 07:45:00,45.51,3461.86,,,,
06/27/25 07:50:00,45.20,3300.14,,,,
06/27/25 07:55:00,45.12,3248.77,,,,
06/27/25 08:00:00,45.35,3230.69,,,,
06/27/25 08:05:00,45.05,3322.02,,,,
06/27/25 08:10:00,45.43,3537.02,,,,
06/27/25 08:15:00,46.36,4147.77,,,,
06/27/25 08:20:00,48.67,5093.38,,,,
06/27/25 08:25:00,50.61,5205.64,,,,
06/27/25 08:30:00,51.30,5100.99,,,,
06/27/25 08:35:00,51.22,4769.93,,,,
06/27/25 08:40:00,50.91,4490.24,,,,
06/27/25 08:45:00,50.76,4922.14,,,,
06/27/25 08:50:00,51.84,5121.92,,,,
06/27/25 08:55:00,53.46,5529.09,,,,
06/27/25 09:00:00,56.01,6002.85,,,,
06/27/25 09:05:00,56.78,6046.61,,,,
06/27/25 09:10:00,57.48,6830.50,,,,
06/27/25 09:15:00,58.40,6680.19,,,,
06/27/25 09:20:00,57.17,6360.54,,,,
06/27/25 09:25:00,56.01,6687.80,,,,
06/27/25 09:30:00,57.01,6996.03,,,,
06/27/25 09:35:00,56.63,6286.34,,,,
06/27/25 09:40:00,56.17,6303.46,,,,
06/27/25 09:45:00,56.01,6727.75,,,,
06/27/25 09:50:00,57.79,7445.05,,,,
06/27/25 09:55:00,59.41,7526.87,,,,
06/27/25 10:00:00,62.57,7785.63,,,,
06/27/25 10:05:00,63.35,8150.93,,,,
06/27/25 10:10:00,66.36,7991.11,,,,
06/27/25 10:15:00,66.59,8265.09,,,,
06/27/25 10:20:00,67.05,8862.52,,,,
06/27/25 10:25:00,65.89,7899.78,,,,
06/27/25 10:30:00,66.59,8854.91,,,,
06/27/25 10:35:00,63.81,6472.80,,,,
06/27/25 10:40:00,60.57,6801.96,,,,
06/27/25 10:45:00,59.49,6605.99,,,,
06/27/25 10:50:00,58.10,6615.50,,,,
06/27/25 10:55:00,58.17,6822.89,,,,
06/27/25 11:00:00,58.71,7325.19,,,,
06/27/25 11:05:00,60.64,8196.60,,,,
06/27/25 11:10:00,62.73,8573.32,,,,
06/27/25 11:15:00,65.28,8862.52,,,,
06/27/25 11:20:00,67.90,8961.46,,,,
06/27/25 11:25:00,65.82,8390.67,,,,
06/27/25 11:30:00,63.89,7663.86,,,,
06/27/25 11:35:00,59.79,7271.91,,,,
06/27/25 11:40:00,57.71,7359.43,,,,
06/27/25 11:45:00,57.48,7797.04,,,,
06/27/25 11:50:00,58.48,8272.70,,,,
06/27/25 11:55:00,61.80,8535.27,,,,
06/27/25 12:00:00,64.89,8900.58,,,,
06/27/25 12:05:00,66.90,9163.14,,,,
06/27/25 12:10:00,68.75,9258.27,,,,
06/27/25 12:15:00,71.15,8904.38,,,,
06/27/25 12:20:00,69.45,8584.74,,,,
06/27/25 12:25:00,67.59,8131.91,,,,
06/27/25 12:30:00,67.05,8657.04,,,,
06/27/25 12:35:00,65.89,8698.90,,,,
06/27/25 12:40:00,64.50,8459.16,,,,
06/27/25 12:45:00,65.82,9642.61,,,,
06/27/25 12:50:00,65.66,9376.24,,,,
06/27/25 12:55:00,66.59,8580.93,,,,
06/27/25 13:00:00,66.05,8516.24,,,,
06/27/25 13:05:00,66.98,9033.76,,,,
06/27/25 13:10:00,67.44,10407.47,,,,
06/27/25 13:15:00,72.84,11979.06,,,,
06/27/25 13:20:00,75.62,11450.12,,,,
06/27/25 13:25:00,74.93,11119.06,,,,
06/27/25 13:30:00,76.63,11069.59,,,,
06/27/25 13:35:00,78.95,11507.20,,,,
06/27/25 13:40:00,81.57,11579.50,,,,
06/27/25 13:45:00,86.44,10426.50,,,,
06/27/25 13:50:00,87.05,9615.97,,,,
06/27/25 13:55:00,84.66,9806.23,,,,
06/27/25 14:00:00,82.11,9235.44,,,,
06/27/25 14:05:00,82.03,9326.77,,,,
06/27/25 14:10:00,84.74,11138.09,,,,
06/27/25 14:15:00,85.59,9064.20,,,,
06/27/25 14:20:00,84.04,10468.36,,,,
06/27/25 14:25:00,85.12,8953.85,,,,
06/27/25 14:30:00,83.50,7937.84,,,,
06/27/25 14:35:00,81.80,7876.95,,,,
06/27/25 14:40:00,82.42,7972.08,,,,
06/27/25 14:45:00,80.26,7205.32,,,,
06/27/25 14:50:00,77.94,6360.54,,,,
06/27/25 14:55:00,71.84,5787.85,,,,
06/27/25 15:00:00,69.60,6151.25,,,,
06/27/25 15:05:00,70.76,6653.55,,,,
06/27/25 15:10:00,70.84,6564.13,,,,
06/27/25 15:15:00,71.07,6621.21,,,,
06/27/25 15:20:00,69.91,7157.75,,,,
06/27/25 15:25:00,69.60,7869.34,,,,
06/27/25 15:30:00,68.29,8185.18,,,,
06/27/25 15:35:00,68.37,8341.20,,,,
06/27/25 15:40:00,67.83,8135.71,,,,
06/27/25 15:45:00,63.42,7502.13,,,,
06/27/25 15:50:00,61.18,7100.67,,,,
06/27/25 15:55:00,59.10,6371.96,,,,
06/27/25 16:00:00,57.56,6360.54,,,,
06/27/25 16:05:00,56.63,6069.44,,,,
06/27/25 16:10:00,57.32,5924.84,,,,
06/27/25 16:15:00,59.72,5593.78,,,,
06/27/25 16:20:00,61.88,5445.37,,,,
06/27/25 16:25:00,64.35,5424.44,,,,
06/27/25 16:30:00,61.49,5778.33,,,,
06/27/25 16:35:00,61.88,5803.07,,,,
06/27/25 16:40:00,60.64,5633.73,,,,
06/27/25 16:45:00,59.87,5317.89,,,,
06/27/25 16:50:00,57.63,5622.32,,,,
06/27/25 16:55:00,59.10,5456.79,,,,
06/27/25 17:00:00,57.71,5211.35,,,,
06/27/25 17:05:00,55.24,5148.56,,,,
06/27/25 17:10:00,54.62,5093.38,,,,
06/27/25 17:15:00,54.00,5043.91,,,,
06/27/25 17:20:00,52.54,4752.81,,,,
06/27/25 17:25:00,52.54,4532.10,,,,
06/27/25 17:30:00,54.54,4092.59,,,,
06/27/25 17:35:00,55.32,3715.87,,,,
06/27/25 17:40:00,50.84,3478.04,,,,
06/27/25 17:45:00,48.91,2931.03,,,,
06/27/25 17:50:00,46.90,2638.02,,,,
06/27/25 17:55:00,44.35,2281.27,,,,
06/27/25 18:00:00,43.66,2243.22,,,,
06/27/25 18:05:00,43.66,2808.30,,,,
06/27/25 18:10:00,44.81,3173.61,,,,
06/27/25 18:15:00,46.36,3367.68,,,,
06/27/25 18:20:00,46.90,3406.69,,,,
06/27/25 18:25:00,46.74,3417.15,,,,
06/27/25 18:30:00,47.28,3627.39,,,,
06/27/25 18:35:00,47.36,3699.69,,,,
06/27/25 18:40:00,47.36,3533.21,,,,
06/27/25 18:45:00,47.13,3117.48,,,,
06/27/25 18:50:00,46.05,2655.14,,,,
06/27/25 18:55:00,44.20,2323.13,,,,
06/27/25 19:00:00,43.19,1950.21,,,,
06/27/25 19:05:00,42.03,1544.00,,,,
06/27/25 19:10:00,40.88,1164.89,,,,
06/27/25 19:15:00,39.87,919.93,,,,
06/27/25 19:20:00,39.25,867.84,,,,
06/27/25 19:25:00,39.56,1025.53,,,,
06/27/25 19:30:00,40.57,1426.03,,,,
06/27/25 19:35:00,42.27,1927.38,,,,
06/27/25 19:40:00,44.12,2139.52,,,,
06/27/25 19:45:00,44.27,1915.96,,,,
06/27/25 19:50:00,43.42,1655.78,,,,
06/27/25 19:55:00,43.35,1563.50,,,,
06/27/25 20:00:00,42.42,1382.27,,,,
06/27/25 20:05:00,41.88,1257.17,,,,
06/27/25 20:10:00,40.57,1036.94,,,,
06/27/25 20:15:00,39.79,884.49,,,,
06/27/25 20:20:00,39.10,782.46,,,,
06/27/25 20:25:00,38.87,683.05,,,,
06/27/25 20:30:00,38.64,652.13,,,,
06/27/25 20:35:00,38.56,686.86,,,,
06/27/25 20:40:00,38.64,684.95,,,,
06/27/25 20:45:00,38.17,639.53,,,,
06/27/25 20:50:00,37.09,576.74,,,,
06/27/25 20:55:00,36.63,510.38,,,,
06/27/25 21:00:00,36.32,438.20,,,,
06/27/25 21:05:00,35.93,361.74,,,,
06/27/25 21:10:00,35.78,306.44,,,,
06/27/25 21:15:00,35.47,269.58,,,,
06/27/25 21:20:00,35.16,238.37,,,,
06/27/25 21:25:00,35.16,217.73,,,,
06/27/25 21:30:00,35.24,193.59,,,,
06/27/25 21:35:00,35.39,161.37,,,,
06/27/25 21:40:00,35.24,130.81,,,,
06/27/25 21:45:00,34.70,108.15,,,,
06/27/25 21:50:00,34.39,93.85,,,,
06/27/25 21:55:00,34.39,80.65,,,,
06/27/25 22:00:00,34.23,67.48,,,,
06/27/25 22:05:00,34.23,53.96,,,,
06/27/25 22:10:00,34.47,42.35,,,,
06/27/25 22:15:00,34.47,32.57,,,,
06/27/25 22:20:00,34.31,25.77,,,,
06/27/25 22:25:00,34.39,21.17,,,,
06/27/25 22:30:00,34.39,16.57,,,,
06/27/25 22:35:00,34.39,11.48,,,,
06/27/25 22:40:00,34.31,7.89,,,,
06/27/25 22:45:00,34.16,5.61,,,,
06/27/25 22:50:00,33.93,3.93,,,,
06/27/25 22:55:00,33.93,2.76,,,,
06/27/25 23:00:00,33.93,1.91,,,,
06/27/25 23:05:00,34.16,1.34,,,,
06/27/25 23:10:00,34.16,0.97,,,,
06/27/25 23:15:00,34.23,0.70,,,,
06/27/25 23:20:00,34.16,0.52,,,,
06/27/25 23:25:00,34.08,0.39,,,,
06/27/25 23:30:00,34.00,0.27,,,,
06/27/25 23:35:00,34.00,0.19,,,,
06/27/25 23:40:00,34.00,0.16,,,,
06/27/25 23:45:00,33.93,0.12,,,,
06/27/25 23:50:00,34.00,0.14,,,,
06/27/25 23:55:00,34.31,0.08,,,,
06/28/25 00:00:00,34.31,0.06,,,,
06/28/25 00:05:00,34.08,0.10,,,,
06/28/25 00:10:00,34.08,0.04,,,,
06/28/25 00:15:00,34.16,0.04,,,,
06/28/25 00:20:00,33.93,0.02,,,,
06/28/25 00:25:00,33.85,0.02,,,,
06/28/25 00:30:00,34.08,0.02,,,,
06/28/25 00:35:00,34.31,0.02,,,,
06/28/25 00:40:00,34.39,0.02,,,,
06/28/25 00:45:00,34.39,0.02,,,,
06/28/25 00:50:00,34.39,0.00,,,,
06/28/25 00:55:00,34.23,0.00,,,,
06/28/25 01:00:00,34.16,0.00,,,,
06/28/25 01:05:00,34.23,0.00,,,,
06/28/25 01:10:00,34.16,0.02,,,,
06/28/25 01:15:00,34.08,0.02,,,,
06/28/25 01:20:00,34.31,0.02,,,,
06/28/25 01:25:00,34.54,0.02,,,,
06/28/25 01:30:00,34.39,0.02,,,,
06/28/25 01:35:00,34.16,0.02,,,,
06/28/25 01:40:00,34.08,0.02,,,,
06/28/25 01:45:00,34.23,0.02,,,,
06/28/25 01:50:00,34.31,0.04,,,,
06/28/25 01:55:00,34.23,0.04,,,,
06/28/25 02:00:00,34.31,0.06,,,,
06/28/25 02:05:00,34.39,0.06,,,,
06/28/25 02:10:00,34.39,0.08,,,,
06/28/25 02:15:00,34.31,0.10,,,,
06/28/25 02:20:00,34.31,0.14,,,,
06/28/25 02:25:00,34.16,0.17,,,,
06/28/25 02:30:00,34.16,0.23,,,,
06/28/25 02:35:00,34.16,0.29,,,,
06/28/25 02:40:00,34.16,0.41,,,,
06/28/25 02:45:00,34.08,0.54,,,,
06/28/25 02:50:00,34.23,0.74,,,,
06/28/25 02:55:00,34.54,1.05,,,,
06/28/25 03:00:00,34.47,1.42,,,,
06/28/25 03:05:00,34.54,2.03,,,,
06/28/25 03:10:00,34.47,3.04,,,,
06/28/25 03:15:00,34.23,4.36,,,,
06/28/25 03:20:00,34.00,6.36,,,,
06/28/25 03:25:00,34.00,8.90,,,,
06/28/25 03:30:00,34.08,12.03,,,,
06/28/25 03:35:00,34.16,16.00,,,,
06/28/25 03:40:00,34.16,21.49,,,,
06/28/25 03:45:00,34.31,27.48,,,,
06/28/25 03:50:00,34.16,34.22,,,,
06/28/25 03:55:00,34.00,41.84,,,,
06/28/25 04:00:00,34.08,51.86,,,,
06/28/25 04:05:00,34.23,64.63,,,,
06/28/25 04:10:00,34.39,81.34,,,,
06/28/25 04:15:00,34.39,100.63,,,,
06/28/25 04:20:00,34.85,117.64,,,,
06/28/25 04:25:00,36.24,133.01,,,,
06/28/25 04:30:00,36.94,153.70,,,,
06/28/25 04:35:00,36.94,192.52,,,,
06/28/25 04:40:00,37.01,220.35,,,,
06/28/25 04:45:00,36.94,259.35,,,,
06/28/25 04:50:00,36.94,276.72,,,,
06/28/25 04:55:00,37.25,299.07,,,,
06/28/25 05:00:00,37.55,339.38,,,,
06/28/25 05:05:00,37.86,374.23,,,,
06/28/25 05:10:00,38.17,395.27,,,,
06/28/25 05:15:00,38.10,382.55,,,,
06/28/25 05:20:00,37.71,377.32,,,,
06/28/25 05:25:00,37.55,391.94,,,,
06/28/25 05:30:00,37.55,395.99,,,,
06/28/25 05:35:00,37.55,398.49,,,,
06/28/25 05:40:00,37.79,446.65,,,,
06/28/25 05:45:00,38.17,489.69,,,,
06/28/25 05:50:00,38.56,620.98,,,,
06/28/25 05:55:00,38.71,705.41,,,,
06/28/25 06:00:00,38.64,693.04,,,,
06/28/25 06:05:00,38.56,727.76,,,,
06/28/25 06:10:00,39.18,829.79,,,,
06/28/25 06:15:00,39.79,914.93,,,,
06/28/25 06:20:00,40.26,954.65,,,,
06/28/25 06:25:00,40.33,1003.17,,,,
06/28/25 06:30:00,41.03,1064.53,,,,
06/28/25 06:35:00,40.95,1170.60,,,,
06/28/25 06:40:00,40.80,1261.93,,,,
06/28/25 06:45:00,40.95,1211.99,,,,
06/28/25 06:50:00,40.80,1184.87,,,,
06/28/25 06:55:00,40.80,1245.76,,,,
06/28/25 07:00:00,41.57,1320.91,,,,
06/28/25 07:05:00,42.03,1475.03,,,,
06/28/25 07:10:00,42.11,1500.71,,,,
06/28/25 07:15:00,42.11,1463.13,,,,
06/28/25 07:20:00,41.96,1521.17,,,,
06/28/25 07:25:00,42.27,1706.20,,,,
06/28/25 07:30:00,41.88,1734.26,,,,
06/28/25 07:35:00,41.96,1969.24,,,,
06/28/25 07:40:00,42.03,2107.18,,,,
06/28/25 07:45:00,42.03,2151.89,,,,
06/28/25 07:50:00,42.11,2400.19,,,,
06/28/25 07:55:00,41.96,2215.63,,,,
06/28/25 08:00:00,41.88,2514.35,,,,
06/28/25 08:05:00,42.81,2969.08,,,,
06/28/25 08:10:00,43.66,3174.56,,,,
06/28/25 08:15:00,44.12,3300.14,,,,
06/28/25 08:20:00,45.51,3715.87,,,,
06/28/25 08:25:00,46.67,4142.06,,,,
06/28/25 08:30:00,46.90,4029.80,,,,
06/28/25 08:35:00,47.52,4783.25,,,,
06/28/25 08:40:00,49.45,5125.73,,,,
06/28/25 08:45:00,49.99,4710.95,,,,
06/28/25 08:50:00,50.14,4655.77,,,,
06/28/25 08:55:00,50.30,5026.79,,,,
06/28/25 09:00:00,50.37,5276.04,,,,
06/28/25 09:05:00,51.07,5403.51,,,,
06/28/25 09:10:00,53.54,5363.56,,,,
06/28/25 09:15:00,55.24,5445.37,,,,
06/28/25 09:20:00,54.85,5283.65,,,,
06/28/25 09:25:00,53.69,5055.33,,,,
06/28/25 09:30:00,53.31,5055.33,,,,
06/28/25 09:35:00,53.54,5000.15,,,,
06/28/25 09:40:00,52.84,5091.48,,,,
06/28/25 09:45:00,53.23,5146.66,,,,
06/28/25 09:50:00,54.85,5371.17,,,,
06/28/25 09:55:00,55.01,5593.78,,,,
06/28/25 10:00:00,55.01,5711.74,,,,
06/28/25 10:05:00,54.08,5624.22,,,,
06/28/25 10:10:00,53.46,5390.19,,,,
06/28/25 10:15:00,53.15,5877.27,,,,
06/28/25 10:20:00,54.70,6288.24,,,,
06/28/25 10:25:00,55.39,6345.32,,,,
06/28/25 10:30:00,54.85,6396.69,,,,
06/28/25 10:35:00,55.08,6878.06,,,,
06/28/25 10:40:00,55.78,7228.15,,,,
06/28/25 10:45:00,57.79,7964.47,,,,
06/28/25 10:50:00,60.34,8542.88,,,,
06/28/25 10:55:00,60.49,8329.78,,,,
06/28/25 11:00:00,59.18,8109.08,,,,
06/28/25 11:05:00,58.95,7861.73,,,,
06/28/25 11:10:00,58.79,7399.39,,,,
06/28/25 11:15:00,59.95,7616.29,,,,
06/28/25 11:20:00,59.95,7838.90,,,,
06/28/25 11:25:00,62.11,9026.15,,,,
06/28/25 11:30:00,61.72,7979.70,,,,
06/28/25 11:35:00,62.11,7481.20,,,,
06/28/25 11:40:00,59.25,7051.20,,,,
06/28/25 11:45:00,58.48,6912.31,,,,
06/28/25 11:50:00,59.25,7026.47,,,,
06/28/25 11:55:00,58.79,6897.09,,,,
06/28/25 12:00:00,57.63,6683.99,,,,
06/28/25 12:05:00,58.95,7264.30,,,,
06/28/25 12:10:00,60.34,7602.97,,,,
06/28/25 12:15:00,61.65,7884.56,,,,
06/28/25 12:20:00,59.95,7675.27,,,,
06/28/25 12:25:00,61.65,7789.43,,,,
06/28/25 12:30:00,64.04,7979.70,,,,
06/28/25 12:35:00,64.20,7956.86,,,,
06/28/25 12:40:00,64.50,7972.08,,,,
06/28/25 12:45:00,66.82,7483.10,,,,
06/28/25 12:50:00,69.83,7247.18,,,,
06/28/25 12:55:00,69.52,7753.28,,,,
06/28/25 13:00:00,73.23,8162.35,,,,
06/28/25 13:05:00,71.38,7180.58,,,,
06/28/25 13:10:00,65.89,6954.17,,,,
06/28/25 13:15:00,61.96,7819.87,,,,
06/28/25 13:20:00,62.03,8185.18,,,,
06/28/25 13:25:00,62.65,7547.79,,,,
06/28/25 13:30:00,62.81,6782.93,,,,
06/28/25 13:35:00,60.18,6855.23,,,,
06/28/25 13:40:00,58.64,7279.52,,,,
06/28/25 13:45:00,57.71,7523.06,,,,
06/28/25 13:50:00,58.64,7903.59,,,,
06/28/25 13:55:00,60.80,7275.72,,,,
06/28/25 14:00:00,60.34,6240.68,,,,
06/28/25 14:05:00,59.02,5666.08,,,,
06/28/25 14:10:00,57.86,5873.47,,,,
06/28/25 14:15:00,57.94,5882.98,,,,
06/28/25 14:20:00,58.48,6158.86,,,,
06/28/25 14:25:00,57.40,6394.79,,,,
06/28/25 14:30:00,56.24,6725.85,,,,
06/28/25 14:35:00,54.62,6446.16,,,,
06/28/25 14:40:00,53.93,5841.12,,,,
06/28/25 14:45:00,52.84,6078.95,,,,
06/28/25 14:50:00,51.30,6149.35,,,,
06/28/25 14:55:00,51.76,6630.72,,,,
06/28/25 15:00:00,51.84,6695.41,,,,
06/28/25 15:05:00,51.69,6864.74,,,,
06/28/25 15:10:00,50.61,6170.28,,,,
06/28/25 15:15:00,49.52,5991.43,,,,
06/28/25 15:20:00,49.68,6352.93,,,,
06/28/25 15:25:00,50.53,6429.04,,,,
06/28/25 15:30:00,50.53,6193.11,,,,
06/28/25 15:35:00,50.22,6097.98,,,,
06/28/25 15:40:00,50.22,6231.16,,,,
06/28/25 15:45:00,49.68,6097.98,,,,
06/28/25 15:50:00,48.60,5641.34,,,,
06/28/25 15:55:00,48.37,5473.91,,,,
06/28/25 16:00:00,48.44,5422.54,,,,
06/28/25 16:05:00,48.29,5243.69,,,,
06/28/25 16:10:00,47.90,4981.13,,,,
06/28/25 16:15:00,47.59,5000.15,,,,
06/28/25 16:20:00,48.06,5139.05,,,,
06/28/25 16:25:00,48.83,5154.27,,,,
06/28/25 16:30:00,49.45,4983.03,,,,
06/28/25 16:35:00,49.52,5171.39,,,,
06/28/25 16:40:00,49.83,5660.37,,,,
06/28/25 16:45:00,51.30,6257.80,,,,
06/28/25 16:50:00,51.69,5795.46,,,,
06/28/25 16:55:00,50.14,4965.90,,,,
06/28/25 17:00:00,48.98,4792.76,,,,
06/28/25 17:05:00,48.13,4440.77,,,,
06/28/25 17:10:00,47.44,4210.55,,,,
06/28/25 17:15:00,46.44,3970.82,,,,
06/28/25 17:20:00,46.90,4423.65,,,,
06/28/25 17:25:00,47.67,4478.83,,,,
06/28/25 17:30:00,47.83,4368.47,,,,
06/28/25 17:35:00,47.98,4452.19,,,,
06/28/25 17:40:00,48.37,4237.19,,,,
06/28/25 17:45:00,48.06,4037.41,,,,
06/28/25 17:50:00,47.52,3989.85,,,,
06/28/25 17:55:00,47.13,3805.29,,,,
06/28/25 18:00:00,46.74,3725.38,,,,
06/28/25 18:05:00,46.13,3332.48,,,,
06/28/25 18:10:00,45.82,3309.65,,,,
06/28/25 18:15:00,45.89,3361.97,,,,
06/28/25 18:20:00,45.97,3214.52,,,,
06/28/25 18:25:00,45.51,3092.75,,,,
06/28/25 18:30:00,45.89,3065.16,,,,
06/28/25 18:35:00,46.98,2767.40,,,,
06/28/25 18:40:00,46.20,2422.07,,,,
06/28/25 18:45:00,46.05,2309.81,,,,
06/28/25 18:50:00,45.43,2186.14,,,,
06/28/25 18:55:00,43.27,2342.16,,,,
06/28/25 19:00:00,42.19,2313.62,,,,
06/28/25 19:05:00,41.34,2032.98,,,,
06/28/25 19:10:00,40.57,1844.14,,,,
06/28/25 19:15:00,40.18,1916.92,,,,
06/28/25 19:20:00,40.18,1937.37,,,,
06/28/25 19:25:00,39.95,1671.95,,,,
06/28/25 19:30:00,39.33,1426.51,,,,
06/28/25 19:35:00,38.79,1289.52,,,,
06/28/25 19:40:00,38.40,1189.63,,,,
06/28/25 19:45:00,38.10,1228.16,,,,
06/28/25 19:50:00,38.56,1391.79,,,,
06/28/25 19:55:00,39.18,1357.06,,,,
06/28/25 20:00:00,38.94,1100.20,,,,
06/28/25 20:05:00,38.33,945.38,,,,
06/28/25 20:10:00,37.32,825.51,,,,
06/28/25 20:15:00,36.94,783.89,,,,
06/28/25 20:20:00,36.94,750.83,,,,
06/28/25 20:25:00,36.47,691.85,,,,
06/28/25 20:30:00,36.16,640.72,,,,
06/28/25 20:35:00,35.93,604.80,,,,
06/28/25 20:40:00,36.16,623.83,,,,
06/28/25 20:45:00,36.16,558.19,,,,
06/28/25 20:50:00,35.86,526.79,,,,
06/28/25 20:55:00,36.09,503.01,,,,
06/28/25 21:00:00,36.09,457.82,,,,
06/28/25 21:05:00,36.01,374.23,,,,
06/28/25 21:10:00,36.01,323.57,,,,
06/28/25 21:15:00,35.86,288.13,,,,
06/28/25 21:20:00,35.70,261.49,,,,
06/28/25 21:25:00,35.24,224.21,,,,
06/28/25 21:30:00,34.93,205.43,,,,
06/28/25 21:35:00,34.70,183.37,,,,
06/28/25 21:40:00,34.54,158.87,,,,
06/28/25 21:45:00,34.54,127.24,,,,
06/28/25 21:50:00,34.70,102.42,,,,
06/28/25 21:55:00,34.77,83.92,,,,
06/28/25 22:00:00,34.39,67.10,,,,
06/28/25 22:05:00,34.47,50.46,,,,
06/28/25 22:10:00,34.47,38.65,,,,
06/28/25 22:15:00,34.62,28.98,,,,
06/28/25 22:20:00,34.70,21.79,,,,
06/28/25 22:25:00,34.62,16.16,,,,
06/28/25 22:30:00,34.54,12.26,,,,
06/28/25 22:35:00,34.39,8.51,,,,
06/28/25 22:40:00,34.62,5.85,,,,
06/28/25 22:45:00,34.85,4.17,,,,
06/28/25 22:50:00,35.32,3.00,,,,
06/28/25 22:55:00,35.01,2.06,,,,
06/28/25 23:00:00,35.32,1.46,,,,
06/28/25 23:05:00,35.78,1.05,,,,
06/28/25 23:10:00,36.09,0.72,,,,
06/28/25 23:15:00,36.71,0.52,,,,
06/28/25 23:20:00,37.01,0.39,,,,
06/28/25 23:25:00,36.71,0.29,,,,
06/28/25 23:30:00,36.55,0.21,,,,
06/28/25 23:35:00,36.47,0.16,,,,
06/28/25 23:40:00,36.32,0.12,,,,
06/28/25 23:45:00,36.40,0.10,,,,
06/28/25 23:50:00,36.24,0.08,,,,
06/28/25 23:55:00,36.63,0.06,,,,
06/29/25 00:00:00,36.71,0.04,,,,
06/29/25 00:05:00,36.55,0.04,,,,
06/29/25 00:10:00,36.24,0.04,,,,
06/29/25 00:15:00,36.32,0.04,,,,
06/29/25 00:20:00,36.63,0.04,,,,
06/29/25 00:25:00,36.32,0.02,,,,
06/29/25 00:30:00,36.63,0.02,,,,
06/29/25 00:35:00,36.55,0.02,,,,
06/29/25 00:40:00,36.86,0.02,,,,
06/29/25 00:45:00,36.78,0.02,,,,
06/29/25 00:50:00,36.78,0.00,,,,
06/29/25 00:55:00,36.71,0.00,,,,
06/29/25 01:00:00,36.55,0.00,,,,
06/29/25 01:05:00,36.47,0.00,,,,
06/29/25 01:10:00,36.63,0.00,,,,
06/29/25 01:15:00,36.78,0.00,,,,
06/29/25 01:20:00,37.17,0.00,,,,
06/29/25 01:25:00,37.25,0.02,,,,
06/29/25 01:30:00,37.25,0.02,,,,
06/29/25 01:35:00,37.09,0.02,,,,
06/29/25 01:40:00,36.63,0.02,,,,
06/29/25 01:45:00,35.93,0.02,,,,
06/29/25 01:50:00,35.70,0.04,,,,
06/29/25 01:55:00,35.70,0.04,,,,
06/29/25 02:00:00,35.70,0.06,,,,
06/29/25 02:05:00,35.86,0.06,,,,
06/29/25 02:10:00,35.78,0.08,,,,
06/29/25 02:15:00,35.62,0.10,,,,
06/29/25 02:20:00,35.78,0.17,,,,
06/29/25 02:25:00,35.86,0.17,,,,
06/29/25 02:30:00,35.86,0.23,,,,
06/29/25 02:35:00,35.70,0.31,,,,
06/29/25 02:40:00,35.70,0.43,,,,
06/29/25 02:45:00,35.93,0.58,,,,
06/29/25 02:50:00,35.86,0.78,,,,
06/29/25 02:55:00,35.62,1.07,,,,
06/29/25 03:00:00,35.55,1.44,,,,
06/29/25 03:05:00,35.62,1.91,,,,
06/29/25 03:10:00,35.55,2.65,,,,
06/29/25 03:15:00,35.39,3.89,,,,
06/29/25 03:20:00,35.47,5.54,,,,
06/29/25 03:25:00,35.39,7.50,,,,
06/29/25 03:30:00,35.39,10.23,,,,
06/29/25 03:35:00,35.32,13.90,,,,
06/29/25 03:40:00,35.39,18.28,,,,
06/29/25 03:45:00,35.47,23.81,,,,
06/29/25 03:50:00,35.47,30.38,,,,
06/29/25 03:55:00,35.70,38.74,,,,
06/29/25 04:00:00,35.62,49.02,,,,
06/29/25 04:05:00,35.86,60.77,,,,
06/29/25 04:10:00,36.01,75.27,,,,
06/29/25 04:15:00,36.01,92.84,,,,
06/29/25 04:20:00,36.16,110.09,,,,
06/29/25 04:25:00,36.32,129.97,,,,
06/29/25 04:30:00,36.16,140.80,,,,
06/29/25 04:35:00,36.16,155.24,,,,
06/29/25 04:40:00,36.24,174.81,,,,
06/29/25 04:45:00,36.09,192.41,,,,
06/29/25 04:50:00,36.01,215.06,,,,
06/29/25 04:55:00,36.24,243.18,,,,
06/29/25 05:00:00,36.32,261.49,,,,
06/29/25 05:05:00,36.71,275.76,,,,
06/29/25 05:10:00,36.86,301.09,,,,
06/29/25 05:15:00,36.94,350.92,,,,
06/29/25 05:20:00,37.25,412.16,,,,
06/29/25 05:25:00,37.40,462.82,,,,
06/29/25 05:30:00,37.63,532.74,,,,
06/29/25 05:35:00,38.10,619.79,,,,
06/29/25 05:40:00,38.64,712.30,,,,
06/29/25 05:45:00,39.18,832.41,,,,
06/29/25 05:50:00,39.18,884.49,,,,
06/29/25 05:55:00,38.56,951.56,,,,
06/29/25 06:00:00,38.17,1021.72,,,,
06/29/25 06:05:00,38.10,1056.44,,,,
06/29/25 06:10:00,37.94,1081.65,,,,
06/29/25 06:15:00,37.86,1067.86,,,,
06/29/25 06:20:00,37.79,1044.08,,,,
06/29/25 06:25:00,37.40,975.58,,,,
06/29/25 06:30:00,37.32,1058.35,,,,
06/29/25 06:35:00,37.79,1250.99,,,,
06/29/25 06:40:00,38.48,1553.51,,,,
06/29/25 06:45:00,39.56,1862.21,,,,
06/29/25 06:50:00,40.95,2136.67,,,,
06/29/25 06:55:00,42.11,2203.26,,,,
06/29/25 07:00:00,43.27,2248.93,,,,
06/29/25 07:05:00,43.81,2255.59,,,,
06/29/25 07:10:00,42.50,2037.73,,,,
06/29/25 07:15:00,41.57,1819.40,,,,
06/29/25 07:20:00,41.11,1871.73,,,,
06/29/25 07:25:00,41.65,2190.90,,,,
06/29/25 07:30:00,43.73,2736.00,,,,
06/29/25 07:35:00,46.05,3198.35,,,,
06/29/25 07:40:00,48.06,3322.02,,,,
06/29/25 07:45:00,47.28,3607.42,,,,
06/29/25 07:50:00,47.21,3557.95,,,,
06/29/25 07:55:00,46.90,4031.71,,,,
06/29/25 08:00:00,49.14,4476.92,,,,
06/29/25 08:05:00,49.52,4140.16,,,,
06/29/25 08:10:00,50.06,3928.96,,,,
06/29/25 08:15:00,50.84,4223.87,,,,
06/29/25 08:20:00,49.60,4532.10,,,,
06/29/25 08:25:00,50.45,4309.49,,,,
06/29/25 08:30:00,48.37,4024.10,,,,
06/29/25 08:35:00,46.13,3336.29,,,,
06/29/25 08:40:00,46.59,3493.26,,,,
06/29/25 08:45:00,47.21,3842.39,,,,
06/29/25 08:50:00,47.83,4166.79,,,,
06/29/25 08:55:00,47.21,4233.39,,,,
06/29/25 09:00:00,48.52,4541.61,,,,
06/29/25 09:05:00,50.61,4836.52,,,,
06/29/25 09:10:00,53.00,5146.66,,,,
06/29/25 09:15:00,55.08,5382.58,,,,
06/29/25 09:20:00,56.71,5730.77,,,,
06/29/25 09:25:00,58.87,6160.77,,,,
06/29/25 09:30:00,59.87,6097.98,,,,
06/29/25 09:35:00,60.03,6014.26,,,,
06/29/25 09:40:00,62.50,6417.62,,,,
06/29/25 09:45:00,64.04,6619.30,,,,
06/29/25 09:50:00,59.18,6537.49,,,,
06/29/25 09:55:00,58.02,6442.36,,,,
06/29/25 10:00:00,61.96,6999.83,,,,
06/29/25 10:05:00,65.43,7275.72,,,,
06/29/25 10:10:00,61.96,6870.45,,,,
06/29/25 10:15:00,60.72,7108.28,,,,
06/29/25 10:20:00,56.78,7142.53,,,,
06/29/25 10:25:00,57.56,7262.40,,,,
06/29/25 10:30:00,57.71,7382.26,,,,
06/29/25 10:35:00,57.32,6921.82,,,,
06/29/25 10:40:00,57.25,6910.41,,,,
06/29/25 10:45:00,56.55,6645.94,,,,
06/29/25 10:50:00,56.24,6742.98,,,,
06/29/25 10:55:00,51.30,28.69,,,,
06/29/25 11:00:00,47.90,11.26,,,,
06/29/25 11:05:00,44.97,6.49,,,,
06/29/25 11:10:00,43.27,8.52,,,,
06/29/25 11:15:00,42.42,8.05,,,,
06/29/25 11:20:00,41.96,1.48,,,,
06/29/25 11:25:00,41.65,2.30,,,,
06/29/25 11:30:00,41.65,2.30,,,,
06/29/25 11:35:00,41.57,2.57,,,,
06/29/25 11:40:00,41.57,2.26,,,,
06/29/25 11:45:00,41.80,2.06,,,,
06/29/25 11:50:00,42.11,2.06,,,,
06/29/25 11:55:00,42.27,2.18,,,,
06/29/25 12:00:00,42.34,2.22,,,,
06/29/25 12:05:00,42.42,2.92,,,,
06/29/25 12:10:00,42.57,2.88,,,,
06/29/25 12:15:00,42.73,0.00,,,,
06/29/25 12:20:00,43.35,0.00,,,,
06/29/25 12:25:00,43.89,0.00,,,,
06/29/25 12:30:00,44.20,0.00,,,,
06/29/25 12:35:00,44.58,0.00,,,,
06/29/25 12:40:00,44.74,0.00,,,,
06/29/25 12:45:00,44.74,0.00,,,,
06/29/25 12:50:00,44.66,0.10,,,,
06/29/25 12:55:00,44.66,0.10,,,,
06/29/25 13:00:00,44.89,0.10,,,,
06/29/25 13:05:00,45.43,0.10,,,,
06/29/25 13:10:00,45.89,0.08,,,,
06/29/25 13:15:00,46.28,0.08,,,,
06/29/25 13:20:00,46.74,0.08,,,,
06/29/25 13:25:00,47.13,0.08,,,,
06/29/25 13:30:00,47.52,0.08,,,,
06/29/25 13:35:00,47.83,0.08,,,,
06/29/25 13:40:00,48.21,0.08,,,,
06/29/25 13:45:00,48.37,0.10,,,,
06/29/25 13:50:00,48.60,0.08,,,,
06/29/25 13:55:00,48.75,0.08,,,,
06/29/25 14:00:00,48.91,0.06,,,,
06/29/25 14:05:00,48.91,0.06,,,,
06/29/25 14:10:00,48.83,0.08,,,,
06/29/25 14:15:00,48.83,0.06,,,,
06/29/25 14:20:00,48.75,0.06,,,,
06/29/25 14:25:00,48.52,0.06,,,,
06/29/25 14:30:00,48.44,0.04,,,,
06/29/25 14:35:00,48.29,0.06,,,,
06/29/25 14:40:00,48.37,0.06,,,,
06/29/25 14:45:00,48.37,0.06,,,,
06/29/25 14:50:00,48.29,0.06,,,,
06/29/25 14:55:00,48.29,0.10,,,,
06/29/25 15:00:00,48.29,0.10,,,,
06/29/25 15:05:00,48.52,0.10,,,,
06/29/25 15:10:00,48.91,0.08,,,,
06/29/25 15:15:00,49.29,0.08,,,,
06/29/25 15:20:00,49.52,0.14,,,,
06/29/25 15:25:00,49.52,0.06,,,,
06/29/25 15:30:00,49.68,0.06,,,,
06/29/25 15:35:00,49.91,0.06,,,,
06/29/25 15:40:00,49.99,0.10,,,,
06/29/25 15:45:00,50.06,1.17,,,,
06/29/25 15:50:00,50.14,1.07,,,,
06/29/25 15:55:00,50.53,1.17,,,,
06/29/25 16:00:00,51.07,1.13,,,,
06/29/25 16:05:00,51.53,0.00,,,,
06/29/25 16:10:00,51.45,0.00,,,,
06/29/25 16:15:00,51.07,0.00,,,,
06/29/25 16:20:00,50.99,0.00,,,,
06/29/25 16:25:00,50.84,0.00,,,,
06/29/25 16:30:00,50.76,0.00,,,,
06/29/25 16:35:00,50.76,0.00,,,,
06/29/25 16:40:00,50.76,0.00,,,,
06/29/25 16:45:00,50.68,2.54,,,,
06/29/25 16:50:00,51.45,1583.00,,,,
06/29/25 16:55:00,49.99,624.31,,,,
06/29/25 17:00:00,51.53,1787.06,,,,
06/29/25 17:05:00,53.54,2288.88,,,,
06/29/25 17:10:00,54.85,2523.86,,,,
06/29/25 17:15:00,55.32,2482.00,,,,
06/29/25 17:20:00,55.32,1954.02,,,,
06/29/25 17:25:00,56.71,2353.57,,,,
06/29/25 17:30:00,56.78,3347.70,,,,
06/29/25 17:35:00,51.92,0.88,,,,
06/29/25 17:40:00,48.98,0.85,,,,
06/29/25 17:45:00,46.82,0.82,,,,
06/29/25 17:50:00,45.51,0.78,,,,
06/29/25 17:55:00,44.58,0.76,,,,
06/29/25 18:00:00,44.04,0.72,,,,
06/29/25 18:05:00,43.66,0.68,,,,
06/29/25 18:10:00,43.35,0.64,,,,
06/29/25 18:15:00,43.11,0.58,,,,
06/29/25 18:20:00,43.11,0.56,,,,
06/29/25 18:25:00,43.04,0.56,,,,
06/29/25 18:30:00,42.96,0.54,,,,
06/29/25 18:35:00,42.88,0.52,,,,
06/29/25 18:40:00,42.88,0.50,,,,
06/29/25 18:45:00,42.81,0.47,,,,
06/29/25 18:50:00,42.88,0.45,,,,
06/29/25 18:55:00,42.88,0.43,,,,
06/29/25 19:00:00,42.81,0.43,,,,
06/29/25 19:05:00,42.81,0.41,,,,
06/29/25 19:10:00,42.81,0.37,,,,
06/29/25 19:15:00,42.88,0.35,,,,
06/29/25 19:20:00,42.73,0.35,,,,
06/29/25 19:25:00,42.73,0.35,,,,
06/29/25 19:30:00,42.65,0.39,,,,
06/29/25 19:35:00,42.57,0.31,,,,
06/29/25 19:40:00,42.65,0.29,,,,
06/29/25 19:45:00,42.65,0.33,,,,
06/29/25 19:50:00,42.65,0.25,,,,
06/29/25 19:55:00,42.57,0.23,,,,
06/29/25 20:00:00,42.57,0.23,,,,
06/29/25 20:05:00,42.50,0.23,,,,
06/29/25 20:10:00,42.50,0.21,,,,
06/29/25 20:15:00,42.34,0.19,,,,
06/29/25 20:20:00,42.34,0.17,,,,
06/29/25 20:25:00,42.34,0.16,,,,
06/29/25 20:30:00,42.27,0.16,,,,
06/29/25 20:35:00,42.27,0.14,,,,
06/29/25 20:40:00,42.11,0.12,,,,
06/29/25 20:45:00,42.11,0.10,,,,
06/29/25 20:50:00,42.11,0.16,,,,
06/29/25 20:55:00,42.03,0.14,,,,
06/29/25 21:00:00,41.88,0.12,,,,
06/29/25 21:05:00,41.88,0.06,,,,
06/29/25 21:10:00,41.88,0.06,,,,
06/29/25 21:15:00,41.80,0.06,,,,
06/29/25 21:20:00,41.80,0.04,,,,
06/29/25 21:25:00,41.80,0.04,,,,
06/29/25 21:30:00,41.80,0.02,,,,
06/29/25 21:35:00,41.80,0.02,,,,
06/29/25 21:40:00,41.72,0.02,,,,
06/29/25 21:45:00,41.80,0.00,,,,
06/29/25 21:50:00,41.72,0.00,,,,
06/29/25 21:55:00,41.80,0.00,,,,
06/29/25 22:00:00,41.72,0.00,,,,
06/29/25 22:05:00,41.72,0.00,,,,
06/29/25 22:10:00,41.65,0.00,,,,
06/29/25 22:15:00,41.65,0.00,,,,
06/29/25 22:20:00,41.72,0.00,,,,
06/29/25 22:25:00,41.80,0.00,,,,
06/29/25 22:30:00,41.65,0.00,,,,
06/29/25 22:35:00,41.57,0.00,,,,
06/29/25 22:40:00,41.49,0.00,,,,
06/29/25 22:45:00,41.49,0.00,,,,
06/29/25 22:50:00,41.42,0.00,,,,
06/29/25 22:55:00,41.34,0.00,,,,
06/29/25 23:00:00,41.26,0.00,,,,
06/29/25 23:05:00,41.34,0.00,,,,
06/29/25 23:10:00,41.34,0.00,,,,
06/29/25 23:15:00,41.26,0.00,,,,
06/29/25 23:20:00,41.34,0.00,,,,
06/29/25 23:25:00,41.26,0.00,,,,
06/29/25 23:30:00,41.26,0.00,,,,
06/29/25 23:35:00,41.26,0.00,,,,
06/29/25 23:40:00,41.18,0.00,,,,
06/29/25 23:45:00,41.18,0.00,,,,
06/29/25 23:50:00,41.18,0.00,,,,
06/29/25 23:55:00,41.18,0.04,,,,
06/30/25 00:00:00,41.18,0.00,,,,
06/30/25 00:05:00,41.11,0.00,,,,
06/30/25 00:10:00,41.11,0.04,,,,
06/30/25 00:15:00,41.18,0.00,,,,
06/30/25 00:20:00,41.18,0.00,,,,
06/30/25 00:25:00,41.18,0.00,,,,
06/30/25 00:30:00,41.18,0.00,,,,
06/30/25 00:35:00,41.11,0.00,,,,
06/30/25 00:40:00,41.18,0.00,,,,
06/30/25 00:45:00,41.11,0.00,,,,
06/30/25 00:50:00,41.11,0.00,,,,
06/30/25 00:55:00,41.11,0.00,,,,
06/30/25 01:00:00,41.11,0.00,,,,
06/30/25 01:05:00,41.03,0.00,,,,
06/30/25 01:10:00,41.11,0.00,,,,
06/30/25 01:15:00,41.11,0.00,,,,
06/30/25 01:20:00,41.11,0.00,,,,
06/30/25 01:25:00,41.03,0.00,,,,
06/30/25 01:30:00,40.95,0.00,,,,
06/30/25 01:35:00,40.95,0.00,,,,
06/30/25 01:40:00,40.95,0.00,,,,
06/30/25 01:45:00,41.03,0.00,,,,
06/30/25 01:50:00,40.95,0.00,,,,
06/30/25 01:55:00,40.80,0.00,,,,
06/30/25 02:00:00,40.95,0.00,,,,
06/30/25 02:05:00,40.88,0.00,,,,
06/30/25 02:10:00,40.95,0.00,,,,
06/30/25 02:15:00,40.95,0.00,,,,
06/30/25 02:20:00,40.88,0.00,,,,
06/30/25 02:25:00,40.88,0.00,,,,
06/30/25 02:30:00,40.80,0.00,,,,
06/30/25 02:35:00,40.95,0.00,,,,
06/30/25 02:40:00,40.88,0.00,,,,
06/30/25 02:45:00,40.88,0.00,,,,
06/30/25 02:50:00,40.88,0.00,,,,
06/30/25 02:55:00,40.88,0.00,,,,
06/30/25 03:00:00,40.88,0.00,,,,
06/30/25 03:05:00,40.80,0.00,,,,
06/30/25 03:10:00,40.80,0.00,,,,
06/30/25 03:15:00,40.88,0.00,,,,
06/30/25 03:20:00,40.80,0.00,,,,
06/30/25 03:25:00,40.72,0.00,,,,
06/30/25 03:30:00,40.80,0.00,,,,
06/30/25 03:35:00,40.80,0.00,,,,
06/30/25 03:40:00,40.72,0.00,,,,
06/30/25 03:45:00,40.80,0.00,,,,
06/30/25 03:50:00,40.80,0.00,,,,
06/30/25 03:55:00,40.80,0.00,,,,
06/30/25 04:00:00,40.72,0.00,,,,
06/30/25 04:05:00,40.80,0.00,,,,
06/30/25 04:10:00,40.80,0.00,,,,
06/30/25 04:15:00,40.80,0.00,,,,
06/30/25 04:20:00,40.80,0.02,,,,
06/30/25 04:25:00,40.80,0.02,,,,
06/30/25 04:30:00,40.80,0.02,,,,
06/30/25 04:35:00,40.72,0.10,,,,
06/30/25 04:40:00,40.72,0.04,,,,
06/30/25 04:45:00,40.72,0.04,,,,
06/30/25 04:50:00,40.72,0.06,,,,
06/30/25 04:55:00,40.72,0.06,,,,
06/30/25 05:00:00,40.49,0.08,,,,
06/30/25 05:05:00,40.64,0.08,,,,
06/30/25 05:10:00,40.57,0.10,,,,
06/30/25 05:15:00,40.57,0.16,,,,
06/30/25 05:20:00,40.64,0.14,,,,
06/30/25 05:25:00,40.64,0.14,,,,
06/30/25 05:30:00,40.64,0.14,,,,
06/30/25 05:35:00,40.64,0.16,,,,
06/30/25 05:40:00,40.64,0.23,,,,
06/30/25 05:45:00,40.72,0.21,,,,
06/30/25 05:50:00,40.57,0.25,,,,
06/30/25 05:55:00,40.64,0.21,,,,
06/30/25 06:00:00,40.57,0.23,,,,
06/30/25 06:05:00,40.64,0.25,,,,
06/30/25 06:10:00,40.72,0.25,,,,
06/30/25 06:15:00,40.72,0.27,,,,
06/30/25 06:20:00,40.64,0.29,,,,
06/30/25 06:25:00,40.72,0.35,,,,
06/30/25 06:30:00,40.80,0.39,,,,
06/30/25 06:35:00,40.72,0.41,,,,
06/30/25 06:40:00,40.72,0.37,,,,
06/30/25 06:45:00,40.64,0.41,,,,
06/30/25 06:50:00,40.64,0.54,,,,
06/30/25 06:55:00,40.64,0.58,,,,
06/30/25 07:00:00,40.64,0.62,,,,
06/30/25 07:05:00,40.57,0.60,,,,
06/30/25 07:10:00,40.57,0.54,,,,
06/30/25 07:15:00,40.57,0.56,,,,
06/30/25 07:20:00,40.57,0.72,,,,
06/30/25 07:25:00,40.64,0.58,,,,
06/30/25 07:30:00,40.64,0.52,,,,
06/30/25 07:35:00,40.72,0.52,,,,
06/30/25 07:40:00,40.80,0.52,,,,
06/30/25 07:45:00,40.80,0.56,,,,
06/30/25 07:50:00,40.88,0.62,,,,
06/30/25 07:55:00,40.88,0.97,,,,
06/30/25 08:00:00,40.88,0.87,,,,
06/30/25 08:05:00,41.03,0.89,,,,
06/30/25 08:10:00,41.03,0.91,,,,
06/30/25 08:15:00,41.11,1.01,,,,
06/30/25 08:20:00,41.18,1.09,,,,
06/30/25 08:25:00,41.26,1.15,,,,
06/30/25 08:30:00,41.26,1.50,,,,
06/30/25 08:35:00,41.34,0.78,,,,
06/30/25 08:40:00,41.42,0.76,,,,
06/30/25 08:45:00,41.42,0.72,,,,
06/30/25 08:50:00,41.34,0.74,,,,
06/30/25 08:55:00,41.34,0.80,,,,
06/30/25 09:00:00,41.42,0.89,,,,
06/30/25 09:05:00,41.34,0.97,,,,
06/30/25 09:10:00,41.57,1.21,,,,
06/30/25 09:15:00,41.65,0.93,,,,
06/30/25 09:20:00,41.88,0.99,,,,
06/30/25 09:25:00,41.96,0.87,,,,
06/30/25 09:30:00,42.03,0.74,,,,
06/30/25 09:35:00,42.03,0.78,,,,
06/30/25 09:40:00,42.11,0.76,,,,
06/30/25 09:45:00,42.11,0.84,,,,
06/30/25 09:50:00,42.19,0.85,,,,
06/30/25 09:55:00,42.19,0.84,,,,
06/30/25 10:00:00,42.19,0.85,,,,
06/30/25 10:05:00,42.34,0.84,,,,
06/30/25 10:10:00,42.27,0.82,,,,
06/30/25 10:15:00,42.42,0.82,,,,
06/30/25 10:20:00,42.50,1.21,,,,
06/30/25 10:25:00,42.50,0.87,,,,
06/30/25 10:30:00,42.57,0.95,,,,
06/30/25 10:35:00,42.50,1.09,,,,
06/30/25 10:40:00,42.65,1.20,,,,
06/30/25 10:45:00,42.65,1.21,,,,
06/30/25 10:50:00,42.73,1.28,,,,
06/30/25 10:55:00,42.88,1.44,,,,
06/30/25 11:00:00,42.96,1.50,,,,
06/30/25 11:05:00,42.96,1.26,,,,
06/30/25 11:10:00,43.11,1.19,,,,
06/30/25 11:15:00,43.27,1.26,,,,
06/30/25 11:20:00,43.35,1.24,,,,
06/30/25 11:25:00,43.42,1.36,,,,
06/30/25 11:30:00,43.42,1.24,,,,
06/30/25 11:35:00,43.66,1.16,,,,
06/30/25 11:40:00,43.73,1.21,,,,
06/30/25 11:45:00,43.89,1.32,,,,
06/30/25 11:50:00,43.81,1.30,,,,
06/30/25 11:55:00,44.04,1.48,,,,
06/30/25 12:00:00,44.12,1.40,,,,
06/30/25 12:05:00,44.20,1.24,,,,
06/30/25 12:10:00,44.27,0.84,,,,
06/30/25 12:15:00,44.43,1.44,,,,
06/30/25 12:20:00,44.43,1.15,,,,
06/30/25 12:25:00,44.50,1.23,,,,
06/30/25 12:30:00,44.50,1.22,,,,
06/30/25 12:35:00,44.50,1.11,,,,
06/30/25 12:40:00,44.58,0.99,,,,
06/30/25 12:45:00,44.50,0.99,,,,
06/30/25 12:50:00,44.74,1.11,,,,
06/30/25 12:55:00,44.58,1.15,,,,
06/30/25 13:00:00,44.74,1.15,,,,
06/30/25 13:05:00,44.81,2.22,,,,
06/30/25 13:10:00,44.89,1.36,,,,
06/30/25 13:15:00,44.97,1.52,,,,
06/30/25 13:20:00,44.97,1.64,,,,
06/30/25 13:25:00,45.12,1.62,,,,
06/30/25 13:30:00,45.20,1.48,,,,
06/30/25 13:35:00,45.20,1.46,,,,
06/30/25 13:40:00,45.35,1.40,,,,
06/30/25 13:45:00,45.43,1.50,,,,
06/30/25 13:50:00,45.51,1.50,,,,
06/30/25 13:55:00,45.51,1.50,,,,
06/30/25 14:00:00,45.66,1.48,,,,
06/30/25 14:05:00,45.74,1.40,,,,
06/30/25 14:10:00,45.82,1.38,,,,
06/30/25 14:15:00,45.89,1.36,,,,
06/30/25 14:20:00,45.97,1.24,,,,
06/30/25 14:25:00,45.97,1.38,,,,
06/30/25 14:30:00,46.13,1.40,,,,
06/30/25 14:35:00,46.20,1.38,,,,
06/30/25 14:40:00,46.28,1.28,,,,
06/30/25 14:45:00,46.28,1.24,,,,
06/30/25 14:50:00,46.36,1.15,,,,
06/30/25 14:55:00,46.44,1.09,,,,
06/30/25 15:00:00,46.36,1.15,,,,
06/30/25 15:05:00,46.44,1.32,,,,
06/30/25 15:10:00,46.51,1.46,,,,
06/30/25 15:15:00,46.67,1.16,,,,
06/30/25 15:20:00,46.67,1.07,,,,
06/30/25 15:25:00,46.74,1.15,,,,
06/30/25 15:30:00,46.67,1.24,,,,
06/30/25 15:35:00,46.98,1.52,,,,
06/30/25 15:40:00,46.98,1.42,,,,
06/30/25 15:45:00,46.98,1.48,,,,
06/30/25 15:50:00,47.05,2.50,,,,
06/30/25 15:55:00,47.05,2.22,,,,
06/30/25 16:00:00,47.05,1.99,,,,
06/30/25 16:05:00,46.98,1.68,,,,
06/30/25 16:10:00,47.05,1.72,,,,
06/30/25 16:15:00,47.05,2.10,,,,
06/30/25 16:20:00,47.05,2.06,,,,
06/30/25 16:25:00,47.21,1.21,,,,
06/30/25 16:30:00,47.28,1.11,,,,
06/30/25 16:35:00,47.36,1.11,,,,
06/30/25 16:40:00,47.44,1.13,,,,
06/30/25 16:45:00,47.59,1.03,,,,
06/30/25 16:50:00,47.59,0.93,,,,
06/30/25 16:55:00,47.67,0.91,,,,
06/30/25 17:00:00,47.75,0.91,,,,
06/30/25 17:05:00,47.67,0.91,,,,
06/30/25 17:10:00,47.67,0.93,,,,
06/30/25 17:15:00,47.75,0.91,,,,
06/30/25 17:20:00,47.75,0.91,,,,
06/30/25 17:25:00,47.90,0.87,,,,
06/30/25 17:30:00,47.90,0.87,,,,
06/30/25 17:35:00,47.90,0.93,,,,
06/30/25 17:40:00,47.98,0.82,,,,
06/30/25 17:45:00,47.83,0.76,,,,
06/30/25 17:50:00,47.90,0.70,,,,
06/30/25 17:55:00,47.98,0.66,,,,
06/30/25 18:00:00,47.98,0.66,,,,
06/30/25 18:05:00,47.98,0.68,,,,
06/30/25 18:10:00,48.06,0.62,,,,
06/30/25 18:15:00,47.98,0.58,,,,
06/30/25 18:20:00,47.90,0.54,,,,
06/30/25 18:25:00,47.90,0.58,,,,
06/30/25 18:30:00,47.98,0.64,,,,
06/30/25 18:35:00,47.90,0.64,,,,
06/30/25 18:40:00,47.98,0.56,,,,
06/30/25 18:45:00,47.90,0.52,,,,
06/30/25 18:50:00,47.90,0.47,,,,
06/30/25 18:55:00,47.90,0.45,,,,
06/30/25 19:00:00,47.75,0.39,,,,
06/30/25 19:05:00,47.83,0.39,,,,
06/30/25 19:10:00,47.75,0.41,,,,
06/30/25 19:15:00,47.83,0.31,,,,
06/30/25 19:20:00,47.83,0.37,,,,
06/30/25 19:25:00,47.75,0.31,,,,
06/30/25 19:30:00,47.75,0.29,,,,
06/30/25 19:35:00,47.83,0.29,,,,
06/30/25 19:40:00,47.75,0.27,,,,
06/30/25 19:45:00,47.75,0.23,,,,
06/30/25 19:50:00,47.75,0.21,,,,
06/30/25 19:55:00,47.59,0.21,,,,
06/30/25 20:00:00,47.59,0.21,,,,
06/30/25 20:05:00,47.52,0.17,,,,
06/30/25 20:10:00,47.44,0.17,,,,
06/30/25 20:15:00,47.36,0.17,,,,
06/30/25 20:20:00,47.36,0.16,,,,
06/30/25 20:25:00,47.28,0.17,,,,
06/30/25 20:30:00,47.21,0.17,,,,
06/30/25 20:35:00,47.13,0.16,,,,
06/30/25 20:40:00,47.13,0.14,,,,
06/30/25 20:45:00,47.05,0.12,,,,
06/30/25 20:50:00,47.05,0.08,,,,
06/30/25 20:55:00,46.98,0.06,,,,
06/30/25 21:00:00,46.98,0.06,,,,
06/30/25 21:05:00,46.90,0.06,,,,
06/30/25 21:10:00,46.90,0.04,,,,
06/30/25 21:15:00,46.90,0.04,,,,
06/30/25 21:20:00,46.90,0.04,,,,
06/30/25 21:25:00,46.82,0.04,,,,
06/30/25 21:30:00,46.82,0.02,,,,
06/30/25 21:35:00,46.74,0.02,,,,
06/30/25 21:40:00,46.74,0.02,,,,
06/30/25 21:45:00,46.67,0.04,,,,
06/30/25 21:50:00,46.67,0.00,,,,
06/30/25 21:55:00,46.67,0.00,,,,
06/30/25 22:00:00,46.67,0.04,,,,
06/30/25 22:05:00,46.51,0.00,,,,
06/30/25 22:10:00,46.36,0.00,,,,
06/30/25 22:15:00,46.28,0.00,,,,
06/30/25 22:20:00,46.36,0.00,,,,
06/30/25 22:25:00,46.28,0.00,,,,
06/30/25 22:30:00,46.36,0.00,,,,
06/30/25 22:35:00,46.20,0.00,,,,
06/30/25 22:40:00,46.13,0.00,,,,
06/30/25 22:45:00,46.28,0.00,,,,
06/30/25 22:50:00,46.20,0.00,,,,
06/30/25 22:55:00,46.28,0.00,,,,
06/30/25 23:00:00,46.13,0.00,,,,
06/30/25 23:05:00,45.97,0.00,,,,
06/30/25 23:10:00,46.05,0.00,,,,
06/30/25 23:15:00,45.89,0.00,,,,
06/30/25 23:20:00,45.89,0.00,,,,
06/30/25 23:25:00,45.89,0.00,,,,
06/30/25 23:30:00,45.89,0.00,,,,
06/30/25 23:35:00,45.89,0.00,,,,
06/30/25 23:40:00,45.82,0.00,,,,
06/30/25 23:45:00,45.74,0.00,,,,
06/30/25 23:50:00,45.74,0.00,,,,
06/30/25 23:55:00,45.74,0.00,,,,
07/01/25 00:00:00,45.74,0.00,,,,
07/01/25 00:05:00,45.66,0.00,,,,
07/01/25 00:10:00,45.66,0.00,,,,
07/01/25 00:15:00,45.51,0.00,,,,
07/01/25 00:20:00,45.59,0.00,,,,
07/01/25 00:25:00,45.59,0.00,,,,
07/01/25 00:30:00,45.51,0.00,,,,
07/01/25 00:35:00,45.51,0.00,,,,
07/01/25 00:40:00,45.59,0.00,,,,
07/01/25 00:45:00,45.51,0.00,,,,
07/01/25 00:50:00,45.59,0.00,,,,
07/01/25 00:55:00,45.51,0.00,,,,
07/01/25 01:00:00,45.51,0.00,,,,
07/01/25 01:05:00,45.51,0.00,,,,
07/01/25 01:10:00,45.43,0.00,,,,
07/01/25 01:15:00,45.43,0.00,,,,
07/01/25 01:20:00,45.43,0.00,,,,
07/01/25 01:25:00,45.43,0.00,,,,
07/01/25 01:30:00,45.43,0.00,,,,
07/01/25 01:35:00,45.35,0.00,,,,
07/01/25 01:40:00,45.35,0.00,,,,
07/01/25 01:45:00,45.35,0.00,,,,
07/01/25 01:50:00,45.35,0.00,,,,
07/01/25 01:55:00,45.28,0.00,,,,
07/01/25 02:00:00,45.28,0.00,,,,
07/01/25 02:05:00,45.12,0.00,,,,
07/01/25 02:10:00,45.12,0.04,,,,
07/01/25 02:15:00,45.20,0.00,,,,
07/01/25 02:20:00,44.97,0.00,,,,
07/01/25 02:25:00,45.05,0.00,,,,
07/01/25 02:30:00,45.05,0.00,,,,
07/01/25 02:35:00,44.97,0.00,,,,
07/01/25 02:40:00,44.97,0.00,,,,
07/01/25 02:45:00,44.97,0.00,,,,
07/01/25 02:50:00,44.89,0.00,,,,
07/01/25 02:55:00,44.89,0.00,,,,
07/01/25 03:00:00,44.81,0.00,,,,
07/01/25 03:05:00,44.89,0.00,,,,
07/01/25 03:10:00,44.89,0.00,,,,
07/01/25 03:15:00,44.81,0.00,,,,
07/01/25 03:20:00,44.81,0.00,,,,
07/01/25 03:25:00,44.74,0.00,,,,
07/01/25 03:30:00,44.74,0.00,,,,
07/01/25 03:35:00,44.81,0.00,,,,
07/01/25 03:40:00,44.81,0.00,,,,
07/01/25 03:45:00,44.74,0.00,,,,
07/01/25 03:50:00,44.81,0.00,,,,
07/01/25 03:55:00,44.74,0.00,,,,
07/01/25 04:00:00,44.74,0.00,,,,
07/01/25 04:05:00,44.74,0.00,,,,
07/01/25 04:10:00,44.66,0.00,,,,
07/01/25 04:15:00,44.66,0.00,,,,
07/01/25 04:20:00,44.58,0.00,,,,
07/01/25 04:25:00,44.43,0.02,,,,
07/01/25 04:30:00,44.35,0.02,,,,
07/01/25 04:35:00,44.35,0.04,,,,
07/01/25 04:40:00,44.27,0.04,,,,
07/01/25 04:45:00,44.27,0.06,,,,
07/01/25 04:50:00,44.35,0.08,,,,
07/01/25 04:55:00,44.20,0.10,,,,
07/01/25 05:00:00,44.20,0.12,,,,
07/01/25 05:05:00,44.20,0.14,,,,
07/01/25 05:10:00,44.12,0.14,,,,
07/01/25 05:15:00,44.12,0.14,,,,
07/01/25 05:20:00,44.12,0.16,,,,
07/01/25 05:25:00,44.12,0.16,,,,
07/01/25 05:30:00,44.12,0.16,,,,
07/01/25 05:35:00,44.20,0.19,,,,
07/01/25 05:40:00,44.12,0.19,,,,
07/01/25 05:45:00,44.12,0.25,,,,
07/01/25 05:50:00,44.12,0.39,,,,
07/01/25 05:55:00,44.20,0.48,,,,
07/01/25 06:00:00,44.12,0.62,,,,
07/01/25 06:05:00,44.12,0.45,,,,
07/01/25 06:10:00,44.12,0.25,,,,
07/01/25 06:15:00,44.12,0.25,,,,
07/01/25 06:20:00,44.12,0.31,,,,
07/01/25 06:25:00,44.04,0.45,,,,
07/01/25 06:30:00,44.04,0.72,,,,
07/01/25 06:35:00,43.96,1.58,,,,
07/01/25 06:40:00,44.04,0.84,,,,
07/01/25 06:45:00,44.04,1.36,,,,
07/01/25 06:50:00,44.04,1.11,,,,
07/01/25 06:55:00,44.12,0.95,,,,
07/01/25 07:00:00,44.04,0.52,,,,
07/01/25 07:05:00,44.12,0.50,,,,
07/01/25 07:10:00,44.12,0.64,,,,
07/01/25 07:15:00,44.20,0.50,,,,
07/01/25 07:20:00,44.20,0.56,,,,
07/01/25 07:25:00,44.20,0.58,,,,
07/01/25 07:30:00,44.12,0.58,,,,
07/01/25 07:35:00,44.12,0.82,,,,
07/01/25 07:40:00,44.20,0.64,,,,
07/01/25 07:45:00,44.20,0.64,,,,
07/01/25 07:50:00,44.35,1.11,,,,
07/01/25 07:55:00,44.20,1.01,,,,
07/01/25 08:00:00,44.20,0.74,,,,
07/01/25 08:05:00,44.35,0.70,,,,
07/01/25 08:10:00,44.35,0.72,,,,
07/01/25 08:15:00,44.43,0.64,,,,
07/01/25 08:20:00,44.43,0.62,,,,
07/01/25 08:25:00,44.50,1.01,,,,
07/01/25 08:30:00,44.43,1.38,,,,
07/01/25 08:35:00,44.50,1.42,,,,
07/01/25 08:40:00,44.50,1.58,,,,
07/01/25 08:45:00,44.50,1.20,,,,
07/01/25 08:50:00,44.66,1.34,,,,
07/01/25 08:55:00,44.66,1.21,,,,
07/01/25 09:00:00,44.74,1.15,,,,
07/01/25 09:05:00,44.81,0.84,,,,
07/01/25 09:10:00,44.81,1.09,,,,
07/01/25 09:15:00,44.89,1.05,,,,
07/01/25 09:20:00,45.05,1.05,,,,
07/01/25 09:25:00,45.05,1.03,,,,
07/01/25 09:30:00,45.12,1.09,,,,
07/01/25 09:35:00,45.12,0.99,,,,
07/01/25 09:40:00,45.12,1.09,,,,
07/01/25 09:45:00,45.20,1.15,,,,
07/01/25 09:50:00,45.28,0.70,,,,
07/01/25 09:55:00,45.20,1.19,,,,
07/01/25 10:00:00,45.20,1.40,,,,
07/01/25 10:05:00,45.28,1.44,,,,
07/01/25 10:10:00,45.28,0.89,,,,
07/01/25 10:15:00,45.43,1.52,,,,
07/01/25 10:20:00,45.43,1.66,,,,
07/01/25 10:25:00,45.43,1.15,,,,
07/01/25 10:30:00,45.59,1.26,,,,
07/01/25 10:35:00,45.66,1.36,,,,
07/01/25 10:40:00,45.66,1.40,,,,
07/01/25 10:45:00,45.66,1.40,,,,
07/01/25 10:50:00,45.59,1.58,,,,
07/01/25 10:55:00,45.66,1.62,,,,
07/01/25 11:00:00,45.66,1.48,,,,
07/01/25 11:05:00,45.82,1.44,,,,
07/01/25 11:10:00,45.82,1.46,,,,
07/01/25 11:15:00,45.82,1.48,,,,
07/01/25 11:20:00,45.82,1.44,,,,
07/01/25 11:25:00,45.89,1.48,,,,
07/01/25 11:30:00,45.97,2.46,,,,
07/01/25 11:35:00,45.97,2.65,,,,
07/01/25 11:40:00,46.13,2.26,,,,
07/01/25 11:45:00,46.13,2.46,,,,
07/01/25 11:50:00,46.36,2.53,,,,
07/01/25 11:55:00,46.44,1.23,,,,
07/01/25 12:00:00,46.59,1.11,,,,
07/01/25 12:05:00,46.67,1.09,,,,
07/01/25 12:10:00,46.82,1.07,,,,
07/01/25 12:15:00,46.90,1.11,,,,
07/01/25 12:20:00,46.98,1.15,,,,
07/01/25 12:25:00,47.13,1.23,,,,
07/01/25 12:30:00,47.05,1.21,,,,
07/01/25 12:35:00,47.21,1.13,,,,
07/01/25 12:40:00,47.36,1.21,,,,
07/01/25 12:45:00,47.52,1.13,,,,
07/01/25 12:50:00,47.52,1.07,,,,
07/01/25 12:55:00,47.67,1.05,,,,
07/01/25 13:00:00,47.75,0.97,,,,
07/01/25 13:05:00,47.90,0.95,,,,
07/01/25 13:10:00,47.90,0.95,,,,
07/01/25 13:15:00,48.06,0.91,,,,
07/01/25 13:20:00,48.13,0.89,,,,
07/01/25 13:25:00,48.13,0.95,,,,
07/01/25 13:30:00,48.29,1.05,,,,
07/01/25 13:35:00,48.29,1.15,,,,
07/01/25 13:40:00,48.44,1.13,,,,
07/01/25 13:45:00,48.44,1.19,,,,
07/01/25 13:50:00,48.52,1.34,,,,
07/01/25 13:55:00,48.52,1.36,,,,
07/01/25 14:00:00,48.60,1.23,,,,
07/01/25 14:05:00,48.60,1.32,,,,
07/01/25 14:10:00,48.67,1.36,,,,
07/01/25 14:15:00,48.83,1.30,,,,
07/01/25 14:20:00,48.83,1.23,,,,
07/01/25 14:25:00,48.91,1.21,,,,
07/01/25 14:30:00,48.91,1.26,,,,
07/01/25 14:35:00,49.06,1.26,,,,
07/01/25 14:40:00,49.14,1.19,,,,
07/01/25 14:45:00,49.22,1.11,,,,
07/01/25 14:50:00,49.22,1.09,,,,
07/01/25 14:55:00,49.37,1.13,,,,
07/01/25 15:00:00,49.45,1.09,,,,
07/01/25 15:05:00,49.37,1.60,,,,
07/01/25 15:10:00,49.45,1.68,,,,
07/01/25 15:15:00,49.52,1.15,,,,
07/01/25 15:20:00,49.52,1.15,,,,
07/01/25 15:25:00,49.60,1.11,,,,
07/01/25 15:30:00,49.76,0.93,,,,
07/01/25 15:35:00,49.68,0.93,,,,
07/01/25 15:40:00,49.83,1.44,,,,
07/01/25 15:45:00,49.60,1.48,,,,
07/01/25 15:50:00,49.45,0.91,,,,
07/01/25 15:55:00,50.22,0.02,,,,
07/01/25 16:00:00,50.37,1.17,,,,
07/01/25 16:05:00,50.14,2.07,,,,
07/01/25 16:10:00,49.83,2.46,,,,
07/01/25 16:15:00,49.76,2.10,,,,
07/01/25 16:20:00,49.68,1.95,,,,
07/01/25 16:25:00,49.68,1.66,,,,
07/01/25 16:30:00,49.76,1.58,,,,
07/01/25 16:35:00,49.76,1.62,,,,
07/01/25 16:40:00,49.52,1.42,,,,
07/01/25 16:45:00,49.45,1.21,,,,
07/01/25 16:50:00,49.37,1.28,,,,
07/01/25 16:55:00,49.29,1.35,,,,
07/01/25 17:00:00,49.22,1.30,,,,
07/01/25 17:05:00,49.22,1.24,,,,
07/01/25 17:10:00,49.14,1.28,,,,
07/01/25 17:15:00,49.22,1.42,,,,
07/01/25 17:20:00,49.14,1.33,,,,
07/01/25 17:25:00,49.22,1.35,,,,
07/01/25 17:30:00,49.22,1.38,,,,
07/01/25 17:35:00,49.37,1.24,,,,
07/01/25 17:40:00,49.45,1.01,,,,
07/01/25 17:45:00,49.29,0.84,,,,
07/01/25 17:50:00,49.22,0.39,,,,
07/01/25 17:55:00,49.29,0.37,,,,
07/01/25 18:00:00,49.29,0.35,,,,
07/01/25 18:05:00,49.37,0.39,,,,
07/01/25 18:10:00,49.37,0.52,,,,
07/01/25 18:15:00,49.29,0.47,,,,
07/01/25 18:20:00,49.45,0.41,,,,
07/01/25 18:25:00,49.45,0.31,,,,
07/01/25 18:30:00,49.45,0.29,,,,
07/01/25 18:35:00,49.45,0.35,,,,
07/01/25 18:40:00,49.45,0.45,,,,
07/01/25 18:45:00,49.45,0.66,,,,
07/01/25 18:50:00,49.52,0.82,,,,
07/01/25 18:55:00,49.45,0.68,,,,
07/01/25 19:00:00,49.45,0.39,,,,
07/01/25 19:05:00,49.45,0.31,,,,
07/01/25 19:10:00,49.45,0.33,,,,
07/01/25 19:15:00,49.52,0.35,,,,
07/01/25 19:20:00,49.45,0.35,,,,
07/01/25 19:25:00,49.45,0.21,,,,
07/01/25 19:30:00,49.45,0.19,,,,
07/01/25 19:35:00,49.37,0.19,,,,
07/01/25 19:40:00,49.37,0.17,,,,
07/01/25 19:45:00,49.29,0.16,,,,
07/01/25 19:50:00,49.22,0.14,,,,
07/01/25 19:55:00,49.22,0.10,,,,
07/01/25 20:00:00,49.29,0.10,,,,
07/01/25 20:05:00,49.06,0.23,,,,
07/01/25 20:10:00,48.83,0.14,,,,
07/01/25 20:15:00,48.75,0.14,,,,
07/01/25 20:20:00,48.75,0.12,,,,
07/01/25 20:25:00,48.67,0.12,,,,
07/01/25 20:30:00,48.67,0.12,,,,
07/01/25 20:35:00,48.67,0.12,,,,
07/01/25 20:40:00,48.52,0.10,,,,
07/01/25 20:45:00,48.60,0.08,,,,
07/01/25 20:50:00,48.52,0.06,,,,
07/01/25 20:55:00,48.44,0.06,,,,
07/01/25 21:00:00,48.37,0.06,,,,
07/01/25 21:05:00,48.29,0.04,,,,
07/01/25 21:10:00,48.29,0.02,,,,
07/01/25 21:15:00,48.29,0.02,,,,
07/01/25 21:20:00,48.13,0.00,,,,
07/01/25 21:25:00,48.13,0.00,,,,
07/01/25 21:30:00,48.13,0.00,,,,
07/01/25 21:35:00,48.06,0.02,,,,
07/01/25 21:40:00,47.98,0.00,,,,
07/01/25 21:45:00,47.98,0.00,,,,
07/01/25 21:50:00,47.98,0.00,,,,
07/01/25 21:55:00,47.90,0.00,,,,
07/01/25 22:00:00,47.83,0.00,,,,
07/01/25 22:05:00,47.75,0.00,,,,
07/01/25 22:10:00,47.75,0.00,,,,
07/01/25 22:15:00,47.59,0.00,,,,
07/01/25 22:20:00,47.36,0.00,,,,
07/01/25 22:25:00,47.13,0.00,,,,
07/01/25 22:30:00,46.98,0.00,,,,
07/01/25 22:35:00,46.90,0.00,,,,
07/01/25 22:40:00,46.67,0.00,,,,
07/01/25 22:45:00,46.51,0.00,,,,
07/01/25 22:50:00,46.51,0.00,,,,
07/01/25 22:55:00,46.51,0.00,,,,
07/01/25 23:00:00,46.59,0.00,,,,
07/01/25 23:05:00,46.67,0.00,,,,
07/01/25 23:10:00,46.59,0.00,,,,
07/01/25 23:15:00,46.51,0.00,,,,
07/01/25 23:20:00,46.51,0.00,,,,
07/01/25 23:25:00,46.44,0.00,,,,
07/01/25 23:30:00,46.44,0.04,,,,
07/01/25 23:35:00,46.44,0.00,,,,
07/01/25 23:40:00,46.36,0.00,,,,
07/01/25 23:45:00,46.44,0.00,,,,
07/01/25 23:50:00,46.36,0.00,,,,
07/01/25 23:55:00,46.20,0.00,,,,
07/02/25 00:00:00,46.28,0.00,,,,
07/02/25 00:05:00,46.28,0.00,,,,
07/02/25 00:10:00,46.28,0.00,,,,
07/02/25 00:15:00,46.20,0.00,,,,
07/02/25 00:20:00,46.13,0.00,,,,
07/02/25 00:25:00,46.13,0.00,,,,
07/02/25 00:30:00,46.13,0.00,,,,
07/02/25 00:35:00,46.05,0.00,,,,
07/02/25 00:40:00,46.05,0.00,,,,
07/02/25 00:45:00,46.05,0.00,,,,
07/02/25 00:50:00,45.97,0.00,,,,
07/02/25 00:55:00,45.97,0.00,,,,
07/02/25 01:00:00,45.89,0.00,,,,
07/02/25 01:05:00,45.97,0.00,,,,
07/02/25 01:10:00,45.82,0.00,,,,
07/02/25 01:15:00,45.89,0.00,,,,
07/02/25 01:20:00,45.89,0.00,,,,
07/02/25 01:25:00,45.74,0.00,,,,
07/02/25 01:30:00,45.82,0.00,,,,
07/02/25 01:35:00,45.74,0.00,,,,
07/02/25 01:40:00,45.74,0.00,,,,
07/02/25 01:45:00,45.74,0.00,,,,
07/02/25 01:50:00,45.66,0.00,,,,
07/02/25 01:55:00,45.66,0.00,,,,
07/02/25 02:00:00,45.59,0.00,,,,
07/02/25 02:05:00,45.59,0.00,,,,
07/02/25 02:10:00,45.59,0.00,,,,
07/02/25 02:15:00,45.59,0.00,,,,
07/02/25 02:20:00,45.43,0.00,,,,
07/02/25 02:25:00,45.51,0.00,,,,
07/02/25 02:30:00,45.43,0.00,,,,
07/02/25 02:35:00,45.35,0.00,,,,
07/02/25 02:40:00,45.43,0.00,,,,
07/02/25 02:45:00,45.20,0.00,,,,
07/02/25 02:50:00,45.35,0.00,,,,
07/02/25 02:55:00,45.28,0.00,,,,
07/02/25 03:00:00,45.28,0.00,,,,
07/02/25 03:05:00,45.12,0.00,,,,
07/02/25 03:10:00,45.20,0.00,,,,
07/02/25 03:15:00,45.20,0.00,,,,
07/02/25 03:20:00,45.05,0.00,,,,
07/02/25 03:25:00,45.12,0.00,,,,
07/02/25 03:30:00,45.12,0.00,,,,
07/02/25 03:35:00,45.05,0.00,,,,
07/02/25 03:40:00,44.97,0.00,,,,
07/02/25 03:45:00,45.05,0.00,,,,
07/02/25 03:50:00,44.97,0.00,,,,
07/02/25 03:55:00,44.89,0.04,,,,
07/02/25 04:00:00,44.97,0.00,,,,
07/02/25 04:05:00,44.97,0.00,,,,
07/02/25 04:10:00,44.97,0.00,,,,
07/02/25 04:15:00,44.89,0.00,,,,
07/02/25 04:20:00,44.81,0.00,,,,
07/02/25 04:25:00,44.81,0.00,,,,
07/02/25 04:30:00,44.74,0.00,,,,
07/02/25 04:35:00,44.66,0.00,,,,
07/02/25 04:40:00,44.58,0.00,,,,
07/02/25 04:45:00,44.66,0.02,,,,
07/02/25 04:50:00,44.66,0.02,,,,
07/02/25 04:55:00,44.50,0.04,,,,
07/02/25 05:00:00,44.35,0.02,,,,
07/02/25 05:05:00,44.43,0.04,,,,
07/02/25 05:10:00,44.27,0.04,,,,
07/02/25 05:15:00,44.43,0.06,,,,
07/02/25 05:20:00,44.27,0.06,,,,
07/02/25 05:25:00,44.35,0.06,,,,
07/02/25 05:30:00,44.35,0.08,,,,
07/02/25 05:35:00,44.35,0.08,,,,
07/02/25 05:40:00,44.35,0.10,,,,
07/02/25 05:45:00,44.35,0.10,,,,
07/02/25 05:50:00,44.27,0.10,,,,
07/02/25 05:55:00,44.35,0.10,,,,
07/02/25 06:00:00,44.35,0.12,,,,
07/02/25 06:05:00,44.27,0.14,,,,
07/02/25 06:10:00,44.35,0.16,,,,
07/02/25 06:15:00,44.27,0.17,,,,
07/02/25 06:20:00,44.35,0.17,,,,
07/02/25 06:25:00,44.27,0.16,,,,
07/02/25 06:30:00,44.27,0.17,,,,
07/02/25 06:35:00,44.27,0.21,,,,
07/02/25 06:40:00,44.27,0.23,,,,
07/02/25 06:45:00,44.20,0.23,,,,
07/02/25 06:50:00,44.27,0.21,,,,
07/02/25 06:55:00,44.27,0.23,,,,
07/02/25 07:00:00,44.35,0.27,,,,
07/02/25 07:05:00,44.35,0.33,,,,
07/02/25 07:10:00,44.35,0.39,,,,
07/02/25 07:15:00,44.35,0.41,,,,
07/02/25 07:20:00,44.27,0.31,,,,
07/02/25 07:25:00,44.35,0.31,,,,
07/02/25 07:30:00,44.35,0.35,,,,
07/02/25 07:35:00,44.35,0.39,,,,
07/02/25 07:40:00,44.35,0.43,,,,
07/02/25 07:45:00,44.43,0.52,,,,
07/02/25 07:50:00,44.43,0.52,,,,
07/02/25 07:55:00,44.50,0.50,,,,
07/02/25 08:00:00,44.50,0.50,,,,
07/02/25 08:05:00,44.50,0.58,,,,
07/02/25 08:10:00,44.66,0.56,,,,
07/02/25 08:15:00,44.50,0.62,,,,
07/02/25 08:20:00,44.66,0.70,,,,
07/02/25 08:25:00,44.58,0.54,,,,
07/02/25 08:30:00,44.58,0.52,,,,
07/02/25 08:35:00,44.58,0.45,,,,
07/02/25 08:40:00,44.58,0.43,,,,
07/02/25 08:45:00,44.66,0.43,,,,
07/02/25 08:50:00,44.58,0.43,,,,
07/02/25 08:55:00,44.66,0.45,,,,
07/02/25 09:00:00,44.58,0.45,,,,
07/02/25 09:05:00,44.66,0.72,,,,
07/02/25 09:10:00,44.58,0.87,,,,
07/02/25 09:15:00,44.43,0.93,,,,
07/02/25 09:20:00,44.43,0.91,,,,
07/02/25 09:25:00,44.27,0.85,,,,
07/02/25 09:30:00,44.27,0.91,,,,
07/02/25 09:35:00,44.27,1.03,,,,
07/02/25 09:40:00,44.35,1.11,,,,
07/02/25 09:45:00,44.27,1.07,,,,
07/02/25 09:50:00,44.12,1.28,,,,
07/02/25 09:55:00,44.20,1.30,,,,
07/02/25 10:00:00,44.20,1.38,,,,
07/02/25 10:05:00,44.12,1.46,,,,
07/02/25 10:10:00,44.27,1.50,,,,
07/02/25 10:15:00,44.35,1.46,,,,
07/02/25 10:20:00,44.35,1.48,,,,
07/02/25 10:25:00,44.50,1.38,,,,
07/02/25 10:30:00,44.50,1.54,,,,
07/02/25 10:35:00,44.50,1.74,,,,
07/02/25 10:40:00,44.74,1.72,,,,
07/02/25 10:45:00,44.74,1.66,,,,
07/02/25 10:50:00,44.66,1.72,,,,
07/02/25 10:55:00,44.74,1.79,,,,
07/02/25 11:00:00,44.81,2.34,,,,
07/02/25 11:05:00,44.89,0.06,,,,
07/02/25 11:10:00,50.91,1.11,,,,
07/02/25 11:15:00,52.84,1.09,,,,
07/02/25 11:20:00,54.23,1.03,,,,
07/02/25 11:25:00,55.62,1.09,,,,
07/02/25 11:30:00,56.63,0.76,,,,
07/02/25 11:35:00,57.40,0.93,,,,
07/02/25 11:40:00,58.25,0.84,,,,
07/02/25 11:45:00,58.64,0.87,,,,
07/02/25 11:50:00,59.02,0.89,,,,
07/02/25 11:55:00,59.49,0.93,,,,
07/02/25 12:00:00,59.79,0.89,,,,
07/02/25 12:05:00,60.10,0.95,,,,
07/02/25 12:10:00,60.49,1.01,,,,
07/02/25 12:15:00,60.64,0.99,,,,
07/02/25 12:20:00,60.95,1.01,,,,
07/02/25 12:25:00,61.18,0.97,,,,
07/02/25 12:30:00,61.34,0.99,,,,
07/02/25 12:35:00,61.65,0.99,,,,
07/02/25 12:40:00,61.80,0.99,,,,
07/02/25 12:45:00,62.11,1.03,,,,
07/02/25 12:50:00,62.34,0.97,,,,
07/02/25 12:55:00,62.42,0.97,,,,
07/02/25 13:00:00,62.57,0.97,,,,
07/02/25 13:05:00,62.73,0.97,,,,
07/02/25 13:10:00,62.88,1.09,,,,
07/02/25 13:15:00,63.04,1.17,,,,
07/02/25 13:20:00,63.19,0.95,,,,
07/02/25 13:25:00,63.35,1.17,,,,
07/02/25 13:30:00,63.50,1.25,,,,
07/02/25 13:35:00,63.73,1.09,,,,
07/02/25 13:40:00,63.96,1.01,,,,
07/02/25 13:45:00,64.12,1.01,,,,
07/02/25 13:50:00,64.43,1.05,,,,
07/02/25 13:55:00,64.50,1.25,,,,
07/02/25 14:00:00,64.81,1.29,,,,
07/02/25 14:05:00,64.97,1.31,,,,
07/02/25 14:10:00,65.20,1.24,,,,
07/02/25 14:15:00,65.35,1.11,,,,
07/02/25 14:20:00,65.59,1.23,,,,
07/02/25 14:25:00,65.82,1.17,,,,
07/02/25 14:30:00,66.05,1.13,,,,
07/02/25 14:35:00,66.36,1.19,,,,
07/02/25 14:40:00,66.74,1.19,,,,
07/02/25 14:45:00,67.05,1.13,,,,
07/02/25 14:50:00,67.36,1.05,,,,
07/02/25 14:55:00,67.75,1.07,,,,
07/02/25 15:00:00,68.13,1.07,,,,
07/02/25 15:05:00,68.44,1.05,,,,
07/02/25 15:10:00,68.75,1.09,,,,
07/02/25 15:15:00,69.06,1.17,,,,
07/02/25 15:20:00,69.14,1.15,,,,
07/02/25 15:25:00,68.75,0.99,,,,
07/02/25 15:30:00,68.13,0.87,,,,
07/02/25 15:35:00,67.52,0.87,,,,
07/02/25 15:40:00,66.98,0.93,,,,
07/02/25 15:45:00,66.44,0.91,,,,
07/02/25 15:50:00,65.89,0.85,,,,
07/02/25 15:55:00,65.43,0.76,,,,
07/02/25 16:00:00,65.05,0.76,,,,
07/02/25 16:05:00,64.58,0.74,,,,
07/02/25 16:10:00,64.27,0.78,,,,
07/02/25 16:15:00,64.12,0.58,,,,
07/02/25 16:20:00,64.12,0.60,,,,
07/02/25 16:25:00,64.43,0.64,,,,
07/02/25 16:30:00,64.74,0.70,,,,
07/02/25 16:35:00,65.20,0.70,,,,
07/02/25 16:40:00,65.51,0.68,,,,
07/02/25 16:45:00,65.82,0.64,,,,
07/02/25 16:50:00,66.13,0.62,,,,
07/02/25 16:55:00,66.51,0.64,,,,
07/02/25 17:00:00,66.67,0.66,,,,
07/02/25 17:05:00,66.90,0.68,,,,
07/02/25 17:10:00,66.98,0.62,,,,
07/02/25 17:15:00,67.13,0.58,,,,
07/02/25 17:20:00,67.21,0.54,,,,
07/02/25 17:25:00,67.28,0.58,,,,
07/02/25 17:30:00,67.36,0.56,,,,
07/02/25 17:35:00,67.36,0.41,,,,
07/02/25 17:40:00,67.36,0.45,,,,
07/02/25 17:45:00,67.44,0.50,,,,
07/02/25 17:50:00,67.44,0.43,,,,
07/02/25 17:55:00,67.36,0.41,,,,
07/02/25 18:00:00,67.36,0.47,,,,
07/02/25 18:05:00,67.36,0.52,,,,
07/02/25 18:10:00,67.28,0.47,,,,
07/02/25 18:15:00,67.36,0.45,,,,
07/02/25 18:20:00,67.28,0.45,,,,
07/02/25 18:25:00,67.21,0.41,,,,
07/02/25 18:30:00,67.21,0.29,,,,
07/02/25 18:35:00,67.13,0.31,,,,
07/02/25 18:40:00,67.28,0.33,,,,
07/02/25 18:45:00,67.05,0.29,,,,
07/02/25 18:50:00,67.13,0.25,,,,
07/02/25 18:55:00,67.13,0.27,,,,
07/02/25 19:00:00,66.98,0.25,,,,
07/02/25 19:05:00,66.90,0.23,,,,
07/02/25 19:10:00,66.82,0.21,,,,
07/02/25 19:15:00,66.74,0.19,,,,
07/02/25 19:20:00,66.67,0.17,,,,
07/02/25 19:25:00,66.44,0.14,,,,
07/02/25 19:30:00,66.28,0.12,,,,
07/02/25 19:35:00,66.05,0.10,,,,
07/02/25 19:40:00,65.89,0.10,,,,
07/02/25 19:45:00,65.66,0.10,,,,
07/02/25 19:50:00,65.51,0.10,,,,
07/02/25 19:55:00,65.28,0.08,,,,
07/02/25 20:00:00,64.97,0.08,,,,
07/02/25 20:05:00,64.74,0.14,,,,
07/02/25 20:10:00,64.50,0.08,,,,
07/02/25 20:15:00,64.20,0.08,,,,
07/02/25 20:20:00,63.96,0.08,,,,
07/02/25 20:25:00,63.89,0.08,,,,
07/02/25 20:30:00,63.66,0.06,,,,
07/02/25 20:35:00,63.42,0.06,,,,
07/02/25 20:40:00,63.19,0.06,,,,
07/02/25 20:45:00,63.11,0.04,,,,
07/02/25 20:50:00,62.88,0.04,,,,
07/02/25 20:55:00,62.73,0.04,,,,
07/02/25 21:00:00,62.42,0.02,,,,
07/02/25 21:05:00,62.42,0.02,,,,
07/02/25 21:10:00,62.11,0.02,,,,
07/02/25 21:15:00,61.96,0.02,,,,
07/02/25 21:20:00,61.72,0.00,,,,
07/02/25 21:25:00,61.65,0.00,,,,
07/02/25 21:30:00,61.42,0.00,,,,
07/02/25 21:35:00,61.18,0.00,,,,
07/02/25 21:40:00,61.11,0.00,,,,
07/02/25 21:45:00,60.88,0.00,,,,
07/02/25 21:50:00,60.72,0.00,,,,
07/02/25 21:55:00,60.49,0.00,,,,
07/02/25 22:00:00,60.34,0.00,,,,
07/02/25 22:05:00,60.10,0.00,,,,
07/02/25 22:10:00,59.87,0.00,,,,
07/02/25 22:15:00,59.72,0.00,,,,
07/02/25 22:20:00,59.56,0.00,,,,
07/02/25 22:25:00,59.49,0.00,,,,
07/02/25 22:30:00,59.25,0.00,,,,
07/02/25 22:35:00,59.02,0.00,,,,
07/02/25 22:40:00,58.79,0.00,,,,
07/02/25 22:45:00,58.64,0.00,,,,
07/02/25 22:50:00,58.40,0.00,,,,
07/02/25 22:55:00,58.33,0.00,,,,
07/02/25 23:00:00,58.17,0.00,,,,
07/02/25 23:05:00,57.94,0.00,,,,
07/02/25 23:10:00,57.79,0.00,,,,
07/02/25 23:15:00,57.63,0.00,,,,
07/02/25 23:20:00,57.40,0.00,,,,
07/02/25 23:25:00,57.25,0.00,,,,
07/02/25 23:30:00,57.09,0.00,,,,
07/02/25 23:35:00,56.94,0.00,,,,
07/02/25 23:40:00,56.78,0.00,,,,
07/02/25 23:45:00,56.71,0.00,,,,
07/02/25 23:50:00,56.47,0.00,,,,
07/02/25 23:55:00,56.40,0.00,,,,
07/03/25 00:00:00,56.09,0.04,,,,
07/03/25 00:05:00,56.09,0.00,,,,
07/03/25 00:10:00,55.93,0.00,,,,
07/03/25 00:15:00,55.70,0.00,,,,
07/03/25 00:20:00,55.62,0.00,,,,
07/03/25 00:25:00,55.47,0.00,,,,
07/03/25 00:30:00,55.32,0.00,,,,
07/03/25 00:35:00,55.24,0.00,,,,
07/03/25 00:40:00,55.08,0.00,,,,
07/03/25 00:45:00,55.08,0.00,,,,
07/03/25 00:50:00,54.85,0.00,,,,
07/03/25 00:55:00,54.78,0.00,,,,
07/03/25 01:00:00,54.62,0.00,,,,
07/03/25 01:05:00,54.54,0.00,,,,
07/03/25 01:10:00,54.39,0.00,,,,
07/03/25 01:15:00,54.23,0.00,,,,
07/03/25 01:20:00,54.16,0.00,,,,
07/03/25 01:25:00,54.08,0.00,,,,
07/03/25 01:30:00,53.93,0.00,,,,
07/03/25 01:35:00,53.85,0.00,,,,
07/03/25 01:40:00,53.69,0.00,,,,
07/03/25 01:45:00,53.46,0.00,,,,
07/03/25 01:50:00,53.39,0.00,,,,
07/03/25 01:55:00,53.39,0.00,,,,
07/03/25 02:00:00,53.15,0.00,,,,
07/03/25 02:05:00,53.15,0.00,,,,
07/03/25 02:10:00,53.00,0.00,,,,
07/03/25 02:15:00,52.84,0.00,,,,
07/03/25 02:20:00,52.77,0.00,,,,
07/03/25 02:25:00,52.69,0.00,,,,
07/03/25 02:30:00,52.54,0.00,,,,
07/03/25 02:35:00,52.46,0.00,,,,
07/03/25 02:40:00,52.38,0.00,,,,
07/03/25 02:45:00,52.15,0.00,,,,
07/03/25 02:50:00,52.23,0.00,,,,
07/03/25 02:55:00,52.07,0.00,,,,
07/03/25 03:00:00,51.84,0.00,,,,
07/03/25 03:05:00,51.92,0.00,,,,
07/03/25 03:10:00,51.84,0.00,,,,
07/03/25 03:15:00,51.69,0.00,,,,
07/03/25 03:20:00,51.61,0.00,,,,
07/03/25 03:25:00,51.53,0.00,,,,
07/03/25 03:30:00,51.38,0.00,,,,
07/03/25 03:35:00,51.38,0.00,,,,
07/03/25 03:40:00,51.22,0.00,,,,
07/03/25 03:45:00,51.22,0.00,,,,
07/03/25 03:50:00,51.15,0.00,,,,
07/03/25 03:55:00,51.07,0.06,,,,
07/03/25 04:00:00,50.99,0.00,,,,
07/03/25 04:05:00,50.99,0.02,,,,
07/03/25 04:10:00,50.84,0.08,,,,
07/03/25 04:15:00,50.76,0.02,,,,
07/03/25 04:20:00,50.68,0.04,,,,
07/03/25 04:25:00,50.68,0.04,,,,
07/03/25 04:30:00,50.61,0.06,,,,
07/03/25 04:35:00,50.45,0.06,,,,
07/03/25 04:40:00,50.45,0.08,,,,
07/03/25 04:45:00,50.37,0.10,,,,
07/03/25 04:50:00,50.37,0.12,,,,
07/03/25 04:55:00,50.30,0.14,,,,
07/03/25 05:00:00,50.30,0.16,,,,
07/03/25 05:05:00,50.22,0.17,,,,
07/03/25 05:10:00,50.14,0.19,,,,
07/03/25 05:15:00,50.22,0.23,,,,
07/03/25 05:20:00,50.06,0.25,,,,
07/03/25 05:25:00,50.14,0.25,,,,
07/03/25 05:30:00,49.99,0.27,,,,
07/03/25 05:35:00,49.91,0.31,,,,
07/03/25 05:40:00,49.99,0.33,,,,
07/03/25 05:45:00,50.06,0.37,,,,
07/03/25 05:50:00,49.91,0.39,,,,
07/03/25 05:55:00,49.99,0.41,,,,
07/03/25 06:00:00,49.99,0.47,,,,
07/03/25 06:05:00,49.91,0.39,,,,
07/03/25 06:10:00,50.06,0.45,,,,
07/03/25 06:15:00,50.22,0.48,,,,
07/03/25 06:20:00,50.22,0.50,,,,
07/03/25 06:25:00,50.30,0.52,,,,
07/03/25 06:30:00,50.30,0.52,,,,
07/03/25 06:35:00,50.30,0.60,,,,
07/03/25 06:40:00,50.37,0.56,,,,
07/03/25 06:45:00,50.30,0.58,,,,
07/03/25 06:50:00,50.37,1.03,,,,
07/03/25 06:55:00,50.37,1.11,,,,
07/03/25 07:00:00,50.53,1.11,,,,
07/03/25 07:05:00,50.68,0.97,,,,
07/03/25 07:10:00,50.68,1.28,,,,
07/03/25 07:15:00,50.84,1.15,,,,
07/03/25 07:20:00,50.91,1.26,,,,
07/03/25 07:25:00,50.91,1.16,,,,
07/03/25 07:30:00,51.15,1.71,,,,
07/03/25 07:35:00,51.30,1.65,,,,
07/03/25 07:40:00,52.07,0.00,,,,
07/03/25 07:45:00,53.00,0.00,,,,
07/03/25 07:50:00,53.46,0.00,,,,
07/03/25 07:55:00,54.39,4.78,,,,
07/03/25 08:00:00,55.78,5.37,,,,
07/03/25 08:05:00,56.86,6.43,,,,
07/03/25 08:10:00,58.02,7.22,,,,
07/03/25 08:15:00,59.02,4.77,,,,
07/03/25 08:20:00,59.72,4.31,,,,
07/03/25 08:25:00,60.34,4.73,,,,
07/03/25 08:30:00,60.95,5.56,,,,
07/03/25 08:35:00,61.65,4.97,,,,
07/03/25 08:40:00,62.34,5.56,,,,
07/03/25 08:45:00,63.11,5.76,,,,
07/03/25 08:50:00,63.96,5.88,,,,
07/03/25 08:55:00,64.58,5.96,,,,
07/03/25 09:00:00,64.97,8.31,,,,
07/03/25 09:05:00,65.43,0.08,,,,
07/03/25 09:10:00,64.89,0.10,,,,
07/03/25 09:15:00,64.04,0.10,,,,
07/03/25 09:20:00,63.11,0.02,,,,
07/03/25 09:25:00,62.42,0.04,,,,
07/03/25 09:30:00,61.57,2.62,,,,
07/03/25 09:35:00,61.11,0.14,,,,
07/03/25 09:40:00,60.95,0.23,,,,
07/03/25 09:45:00,60.80,0.12,,,,
07/03/25 09:50:00,60.72,0.00,,,,
07/03/25 09:55:00,61.03,0.00,,,,
07/03/25 10:00:00,61.42,0.00,,,,
07/03/25 10:05:00,61.72,0.00,,,,
07/03/25 10:10:00,62.03,0.00,,,,
07/03/25 10:15:00,62.27,0.06,,,,
07/03/25 10:20:00,62.65,0.17,,,,
07/03/25 10:25:00,62.88,0.21,,,,
07/03/25 10:30:00,63.04,0.19,,,,
07/03/25 10:35:00,63.11,0.21,,,,
07/03/25 10:40:00,63.19,0.21,,,,
07/03/25 10:45:00,63.27,0.21,,,,
07/03/25 10:50:00,63.35,0.21,,,,
07/03/25 10:55:00,63.50,0.12,,,,
07/03/25 11:00:00,63.58,0.14,,,,
07/03/25 11:05:00,63.66,0.06,,,,
07/03/25 11:10:00,63.73,0.04,,,,
07/03/25 11:15:00,63.81,0.04,,,,
07/03/25 11:20:00,63.81,0.06,,,,
07/03/25 11:25:00,63.96,0.06,,,,
07/03/25 11:30:00,63.96,0.08,,,,
07/03/25 11:35:00,64.04,0.10,,,,
07/03/25 11:40:00,65.51,48.64,,,,
07/03/25 11:45:00,66.51,40.33,,,,
07/03/25 11:50:00,67.13,48.99,,,,
07/03/25 11:55:00,67.44,44.56,,,,
07/03/25 12:00:00,67.83,46.73,,,,
07/03/25 12:05:00,68.21,49.57,,,,
07/03/25 12:10:00,68.29,52.44,,,,
07/03/25 12:15:00,68.60,51.91,,,,
07/03/25 12:20:00,68.75,53.62,,,,
07/03/25 12:25:00,68.91,50.82,,,,
07/03/25 12:30:00,69.06,22.04,,,,
07/03/25 12:35:00,69.22,12.11,,,,
07/03/25 12:40:00,69.45,13.05,,,,
07/03/25 12:45:00,69.68,14.77,,,,
07/03/25 12:50:00,69.83,13.60,,,,
07/03/25 12:55:00,70.06,11.41,,,,
07/03/25 13:00:00,70.22,10.86,,,,
07/03/25 13:05:00,70.45,9.61,,,,
07/03/25 13:10:00,70.61,8.90,,,,
07/03/25 13:15:00,70.76,9.54,,,,
07/03/25 13:20:00,70.91,10.24,,,,
07/03/25 13:25:00,70.84,7.19,,,,
07/03/25 13:30:00,70.84,6.88,,,,
07/03/25 13:35:00,70.76,8.67,,,,
07/03/25 13:40:00,70.76,4.02,,,,
07/03/25 13:45:00,70.91,4.76,,,,
07/03/25 13:50:00,71.07,4.61,,,,
07/03/25 13:55:00,71.15,4.49,,,,
07/03/25 14:00:00,71.30,4.41,,,,
07/03/25 14:05:00,71.45,3.94,,,,
07/03/25 14:10:00,71.61,4.18,,,,
07/03/25 14:15:00,71.61,4.29,,,,
07/03/25 14:20:00,71.61,4.33,,,,
07/03/25 14:25:00,71.53,4.29,,,,
07/03/25 14:30:00,71.38,3.78,,,,
07/03/25 14:35:00,71.30,3.70,,,,
07/03/25 14:40:00,71.07,4.06,,,,
07/03/25 14:45:00,70.99,3.78,,,,
07/03/25 14:50:00,70.91,3.59,,,,
07/03/25 14:55:00,70.84,3.74,,,,
07/03/25 15:00:00,70.68,3.79,,,,
07/03/25 15:05:00,70.61,3.98,,,,
07/03/25 15:10:00,70.61,4.18,,,,
07/03/25 15:15:00,70.45,4.25,,,,
07/03/25 15:20:00,70.45,3.71,,,,
07/03/25 15:25:00,70.37,3.55,,,,
07/03/25 15:30:00,70.30,3.19,,,,
07/03/25 15:35:00,70.30,3.67,,,,
07/03/25 15:40:00,70.30,3.71,,,,
07/03/25 15:45:00,70.30,2.81,,,,
07/03/25 15:50:00,70.37,3.35,,,,
07/03/25 15:55:00,70.53,3.12,,,,
07/03/25 16:00:00,70.68,2.88,,,,
07/03/25 16:05:00,70.91,2.88,,,,
07/03/25 16:10:00,71.07,2.61,,,,
07/03/25 16:15:00,71.30,3.00,,,,
07/03/25 16:20:00,71.38,3.16,,,,
07/03/25 16:25:00,71.53,3.24,,,,
07/03/25 16:30:00,71.69,1.81,,,,
07/03/25 16:35:00,71.76,2.61,,,,
07/03/25 16:40:00,71.92,2.41,,,,
07/03/25 16:45:00,71.84,2.14,,,,
07/03/25 16:50:00,72.00,1.91,,,,
07/03/25 16:55:00,72.07,1.85,,,,
07/03/25 17:00:00,72.00,1.87,,,,
07/03/25 17:05:00,72.15,2.01,,,,
07/03/25 17:10:00,72.00,1.99,,,,
07/03/25 17:15:00,71.76,10.07,,,,
07/03/25 17:20:00,71.53,9.37,,,,
07/03/25 17:25:00,71.38,9.14,,,,
07/03/25 17:30:00,71.07,8.75,,,,
07/03/25 17:35:00,70.91,8.44,,,,
07/03/25 17:40:00,70.76,3.78,,,,
07/03/25 17:45:00,70.68,8.75,,,,
07/03/25 17:50:00,70.53,8.36,,,,
07/03/25 17:55:00,70.45,8.43,,,,
07/03/25 18:00:00,70.37,8.04,,,,
07/03/25 18:05:00,70.30,7.81,,,,
07/03/25 18:10:00,70.30,7.58,,,,
07/03/25 18:15:00,70.22,7.19,,,,
07/03/25 18:20:00,70.30,6.56,,,,
07/03/25 18:25:00,70.14,5.93,,,,
07/03/25 18:30:00,70.14,5.74,,,,
07/03/25 18:35:00,70.14,0.48,,,,
07/03/25 18:40:00,70.22,0.45,,,,
07/03/25 18:45:00,70.14,0.39,,,,
07/03/25 18:50:00,70.06,0.37,,,,
07/03/25 18:55:00,70.06,0.37,,,,
07/03/25 19:00:00,70.06,0.35,,,,
07/03/25 19:05:00,69.99,0.35,,,,
07/03/25 19:10:00,69.99,0.33,,,,
07/03/25 19:15:00,69.99,0.33,,,,
07/03/25 19:20:00,69.91,0.31,,,,
07/03/25 19:25:00,69.91,0.31,,,,
07/03/25 19:30:00,69.83,0.31,,,,
07/03/25 19:35:00,69.83,0.35,,,,
07/03/25 19:40:00,69.76,0.29,,,,
07/03/25 19:45:00,69.76,0.27,,,,
07/03/25 19:50:00,69.76,0.23,,,,
07/03/25 19:55:00,69.76,0.23,,,,
07/03/25 20:00:00,69.76,0.23,,,,
07/03/25 20:05:00,69.76,0.21,,,,
07/03/25 20:10:00,69.76,0.19,,,,
07/03/25 20:15:00,69.76,0.17,,,,
07/03/25 20:20:00,69.68,0.16,,,,
07/03/25 20:25:00,69.76,0.21,,,,
07/03/25 20:30:00,69.76,0.10,,,,
07/03/25 20:35:00,69.76,0.16,,,,
07/03/25 20:40:00,69.83,0.16,,,,
07/03/25 20:45:00,69.76,0.14,,,,
07/03/25 20:50:00,69.83,0.12,,,,
07/03/25 20:55:00,69.83,0.12,,,,
07/03/25 21:00:00,69.91,0.10,,,,
07/03/25 21:05:00,69.83,0.10,,,,
07/03/25 21:10:00,69.83,0.08,,,,
07/03/25 21:15:00,69.83,0.08,,,,
07/03/25 21:20:00,69.76,0.06,,,,
07/03/25 21:25:00,69.76,0.06,,,,
07/03/25 21:30:00,69.68,0.04,,,,
07/03/25 21:35:00,69.68,0.04,,,,
07/03/25 21:40:00,69.76,0.04,,,,
07/03/25 21:45:00,69.76,0.02,,,,
07/03/25 21:50:00,69.68,0.76,,,,
07/03/25 21:55:00,69.99,0.74,,,,
07/03/25 22:00:00,69.76,2.25,,,,
07/03/25 22:05:00,69.76,2.18,,,,
07/03/25 22:10:00,69.76,2.06,,,,
07/03/25 22:15:00,69.68,2.03,,,,
07/03/25 22:20:00,69.68,1.97,,,,
07/03/25 22:25:00,69.76,1.95,,,,
07/03/25 22:30:00,69.76,1.87,,,,
07/03/25 22:35:00,69.76,1.95,,,,
07/03/25 22:40:00,69.83,1.89,,,,
07/03/25 22:45:00,69.76,1.91,,,,
07/03/25 22:50:00,69.91,1.75,,,,
07/03/25 22:55:00,70.06,1.77,,,,
07/03/25 23:00:00,70.37,1.77,,,,
07/03/25 23:05:00,70.68,1.77,,,,
07/03/25 23:10:00,71.30,1.40,,,,
07/03/25 23:15:00,71.76,1.32,,,,
07/03/25 23:20:00,72.07,1.34,,,,
07/03/25 23:25:00,72.46,1.40,,,,
07/03/25 23:30:00,72.38,1.46,,,,
07/03/25 23:35:00,72.54,1.40,,,,
07/03/25 23:40:00,72.54,0.89,,,,
07/03/25 23:45:00,72.61,1.26,,,,
07/03/25 23:50:00,72.46,0.02,,,,
07/03/25 23:55:00,72.38,0.00,,,,
07/04/25 00:00:00,72.15,0.00,,,,
07/04/25 00:05:00,72.07,0.00,,,,
07/04/25 00:10:00,71.92,0.00,,,,
07/04/25 00:15:00,71.76,0.00,,,,
07/04/25 00:20:00,71.45,0.00,,,,
07/04/25 00:25:00,71.30,0.00,,,,
07/04/25 00:30:00,71.07,0.00,,,,
07/04/25 00:35:00,70.84,0.00,,,,
07/04/25 00:40:00,70.76,0.00,,,,
07/04/25 00:45:00,70.61,0.00,,,,
07/04/25 00:50:00,70.53,0.00,,,,
07/04/25 00:55:00,70.30,0.00,,,,
07/04/25 01:00:00,70.22,0.00,,,,
07/04/25 01:05:00,70.14,0.00,,,,
07/04/25 01:10:00,70.06,0.00,,,,
07/04/25 01:15:00,70.06,0.00,,,,
07/04/25 01:20:00,69.91,0.00,,,,
07/04/25 01:25:00,69.83,0.00,,,,
07/04/25 01:30:00,69.83,0.00,,,,
07/04/25 01:35:00,69.83,0.00,,,,
07/04/25 01:40:00,69.83,0.00,,,,
07/04/25 01:45:00,69.83,0.00,,,,
07/04/25 01:50:00,69.91,0.00,,,,
07/04/25 01:55:00,69.76,0.00,,,,
07/04/25 02:00:00,69.68,0.00,,,,
07/04/25 02:05:00,69.68,0.00,,,,
07/04/25 02:10:00,69.60,0.00,,,,
07/04/25 02:15:00,69.76,0.00,,,,
07/04/25 02:20:00,69.68,0.00,,,,
07/04/25 02:25:00,69.60,0.00,,,,
07/04/25 02:30:00,69.60,0.00,,,,
07/04/25 02:35:00,69.52,0.00,,,,
07/04/25 02:40:00,69.52,0.00,,,,
07/04/25 02:45:00,69.45,0.00,,,,
07/04/25 02:50:00,69.37,0.00,,,,
07/04/25 02:55:00,69.45,0.00,,,,
07/04/25 03:00:00,69.37,0.00,,,,
07/04/25 03:05:00,69.37,0.00,,,,
07/04/25 03:10:00,69.37,0.04,,,,
07/04/25 03:15:00,69.45,0.00,,,,
07/04/25 03:20:00,69.37,0.00,,,,
07/04/25 03:25:00,69.37,0.00,,,,
07/04/25 03:30:00,69.29,0.00,,,,
07/04/25 03:35:00,69.45,0.02,,,,
07/04/25 03:40:00,69.37,0.02,,,,
07/04/25 03:45:00,69.37,0.04,,,,
07/04/25 03:50:00,69.37,0.06,,,,
07/04/25 03:55:00,69.45,0.10,,,,
07/04/25 04:00:00,69.22,0.14,,,,
07/04/25 04:05:00,69.22,0.17,,,,
07/04/25 04:10:00,69.22,0.23,,,,
07/04/25 04:15:00,69.22,0.31,,,,
07/04/25 04:20:00,69.29,0.37,,,,
07/04/25 04:25:00,69.22,0.43,,,,
07/04/25 04:30:00,69.29,0.45,,,,
07/04/25 04:35:00,69.22,0.48,,,,
07/04/25 04:40:00,69.14,0.58,,,,
07/04/25 04:45:00,69.14,0.70,,,,
07/04/25 04:50:00,69.14,0.78,,,,
07/04/25 04:55:00,69.22,0.68,,,,
07/04/25 05:00:00,69.14,0.93,,,,
07/04/25 05:05:00,69.14,0.89,,,,
07/04/25 05:10:00,69.06,1.07,,,,
07/04/25 05:15:00,69.06,1.07,,,,
07/04/25 05:20:00,68.98,1.16,,,,
07/04/25 05:25:00,68.98,1.48,,,,
07/04/25 05:30:00,68.98,1.66,,,,
07/04/25 05:35:00,68.91,1.75,,,,
07/04/25 05:40:00,68.91,1.91,,,,
07/04/25 05:45:00,68.98,1.99,,,,
07/04/25 05:50:00,68.91,2.14,,,,
07/04/25 05:55:00,69.06,2.22,,,,
07/04/25 06:00:00,69.06,2.41,,,,
07/04/25 06:05:00,68.98,2.57,,,,
07/04/25 06:10:00,68.91,2.72,,,,
07/04/25 06:15:00,68.98,2.92,,,,
07/04/25 06:20:00,68.98,3.16,,,,
07/04/25 06:25:00,68.98,3.24,,,,
07/04/25 06:30:00,69.06,3.39,,,,
07/04/25 06:35:00,68.98,3.55,,,,
07/04/25 06:40:00,69.06,3.70,,,,
07/04/25 06:45:00,68.91,3.51,,,,
07/04/25 06:50:00,68.98,3.47,,,,
07/04/25 06:55:00,68.91,3.90,,,,
07/04/25 07:00:00,68.91,4.57,,,,
07/04/25 07:05:00,68.91,5.74,,,,
07/04/25 07:10:00,69.06,6.52,,,,
07/04/25 07:15:00,68.98,8.35,,,,
07/04/25 07:20:00,69.06,8.98,,,,
07/04/25 07:25:00,68.98,9.84,,,,
07/04/25 07:30:00,69.06,9.45,,,,
07/04/25 07:35:00,68.98,9.68,,,,
07/04/25 07:40:00,69.14,9.45,,,,
07/04/25 07:45:00,69.14,9.77,,,,
07/04/25 07:50:00,69.14,10.16,,,,
07/04/25 07:55:00,69.22,11.17,,,,
07/04/25 08:00:00,69.22,10.16,,,,
07/04/25 08:05:00,69.29,10.86,,,,
07/04/25 08:10:00,69.22,11.64,,,,
07/04/25 08:15:00,69.29,11.79,,,,
07/04/25 08:20:00,69.29,11.64,,,,
07/04/25 08:25:00,69.29,14.61,,,,
07/04/25 08:30:00,69.37,14.92,,,,
07/04/25 08:35:00,69.45,16.25,,,,
07/04/25 08:40:00,69.45,17.66,,,,
07/04/25 08:45:00,69.45,19.46,,,,
07/04/25 08:50:00,69.52,20.62,,,,
07/04/25 08:55:00,69.52,21.33,,,,
07/04/25 09:00:00,69.60,22.36,,,,
07/04/25 09:05:00,69.76,26.27,,,,
07/04/25 09:10:00,69.76,28.84,,,,
07/04/25 09:15:00,69.76,30.55,,,,
07/04/25 09:20:00,69.91,32.43,,,,
07/04/25 09:25:00,69.83,33.83,,,,
07/04/25 09:30:00,69.91,32.43,,,,
07/04/25 09:35:00,69.83,35.01,,,,
07/04/25 09:40:00,69.91,34.31,,,,
07/04/25 09:45:00,69.91,39.85,,,,
07/04/25 09:50:00,70.06,52.68,,,,
07/04/25 09:55:00,70.14,63.20,,,,
07/04/25 10:00:00,70.22,51.21,,,,
07/04/25 10:05:00,70.22,39.39,,,,
07/04/25 10:10:00,70.14,29.54,,,,
07/04/25 10:15:00,70.14,26.11,,,,
07/04/25 10:20:00,70.06,24.76,,,,
07/04/25 10:25:00,70.06,22.44,,,,
07/04/25 10:30:00,69.91,21.72,,,,
07/04/25 10:35:00,69.91,20.48,,,,
07/04/25 10:40:00,69.99,19.07,,,,
07/04/25 10:45:00,69.91,17.58,,,,
07/04/25 10:50:00,69.91,17.11,,,,
07/04/25 10:55:00,69.99,16.72,,,,
07/04/25 11:00:00,69.91,17.35,,,,
07/04/25 11:05:00,69.99,16.49,,,,
07/04/25 11:10:00,69.99,16.72,,,,
07/04/25 11:15:00,69.91,16.95,,,,
07/04/25 11:20:00,69.99,18.43,,,,
07/04/25 11:25:00,69.99,19.62,,,,
07/04/25 11:30:00,69.99,20.16,,,,
07/04/25 11:35:00,70.14,20.16,,,,
07/04/25 11:40:00,70.06,20.01,,,,
07/04/25 11:45:00,70.14,20.24,,,,
07/04/25 11:50:00,70.06,20.16,,,,
07/04/25 11:55:00,70.14,19.70,,,,
07/04/25 12:00:00,70.22,19.07,,,,
07/04/25 12:05:00,70.14,18.12,,,,
07/04/25 12:10:00,70.22,18.43,,,,
07/04/25 12:15:00,70.14,19.15,,,,
07/04/25 12:20:00,70.06,20.48,,,,
07/04/25 12:25:00,70.14,20.55,,,,
07/04/25 12:30:00,70.22,21.49,,,,
07/04/25 12:35:00,70.14,22.90,,,,
07/04/25 12:40:00,70.22,24.79,,,,
07/04/25 12:45:00,70.22,25.17,,,,
07/04/25 12:50:00,70.14,24.79,,,,
07/04/25 12:55:00,70.22,27.97,,,,
07/04/25 13:00:00,70.22,30.78,,,,
07/04/25 13:05:00,70.22,33.06,,,,
07/04/25 13:10:00,70.22,36.28,,,,
07/04/25 13:15:00,70.37,41.34,,,,
07/04/25 13:20:00,70.30,35.08,,,,
07/04/25 13:25:00,70.37,33.52,,,,
07/04/25 13:30:00,70.37,29.39,,,,
07/04/25 13:35:00,70.37,26.96,,,,
07/04/25 13:40:00,70.30,22.82,,,,
07/04/25 13:45:00,70.30,20.94,,,,
07/04/25 13:50:00,70.22,19.15,,,,
07/04/25 13:55:00,70.30,18.05,,,,
07/04/25 14:00:00,70.22,17.35,,,,
07/04/25 14:05:00,70.14,17.11,,,,
07/04/25 14:10:00,70.14,16.95,,,,
07/04/25 14:15:00,70.14,17.66,,,,
07/04/25 14:20:00,70.22,17.11,,,,
07/04/25 14:25:00,70.30,16.25,,,,
07/04/25 14:30:00,70.22,16.41,,,,
07/04/25 14:35:00,70.22,15.71,,,,
07/04/25 14:40:00,70.22,17.03,,,,
07/04/25 14:45:00,70.14,18.37,,,,
07/04/25 14:50:00,70.22,19.70,,,,
07/04/25 14:55:00,70.22,20.24,,,,
07/04/25 15:00:00,70.14,20.71,,,,
07/04/25 15:05:00,70.30,20.62,,,,
07/04/25 15:10:00,70.06,21.33,,,,
07/04/25 15:15:00,70.14,21.56,,,,
07/04/25 15:20:00,70.14,21.33,,,,
07/04/25 15:25:00,70.22,21.49,,,,
07/04/25 15:30:00,70.22,21.73,,,,
07/04/25 15:35:00,70.30,22.82,,,,
07/04/25 15:40:00,70.22,22.36,,,,
07/04/25 15:45:00,70.30,22.13,,,,
07/04/25 15:50:00,70.30,22.74,,,,
07/04/25 15:55:00,70.22,21.89,,,,
07/04/25 16:00:00,70.30,20.16,,,,
07/04/25 16:05:00,70.30,20.24,,,,
07/04/25 16:10:00,70.37,20.39,,,,
07/04/25 16:15:00,70.30,19.07,,,,
07/04/25 16:20:00,70.37,18.22,,,,
07/04/25 16:25:00,70.37,19.23,,,,
07/04/25 16:30:00,70.37,18.77,,,,
07/04/25 16:35:00,70.37,17.96,,,,
07/04/25 16:40:00,70.37,16.95,,,,
07/04/25 16:45:00,70.37,16.34,,,,
07/04/25 16:50:00,70.37,15.39,,,,
07/04/25 16:55:00,70.30,14.84,,,,
07/04/25 17:00:00,70.37,14.37,,,,
07/04/25 17:05:00,70.22,13.44,,,,
07/04/25 17:10:00,70.37,13.52,,,,
07/04/25 17:15:00,70.30,13.91,,,,
07/04/25 17:20:00,70.30,13.60,,,,
07/04/25 17:25:00,70.30,13.51,,,,
07/04/25 17:30:00,70.30,13.43,,,,
07/04/25 17:35:00,70.30,12.97,,,,
07/04/25 17:40:00,70.22,12.81,,,,
07/04/25 17:45:00,70.30,13.04,,,,
07/04/25 17:50:00,70.22,13.12,,,,
07/04/25 17:55:00,70.30,10.00,,,,
07/04/25 18:00:00,70.37,11.87,,,,
07/04/25 18:05:00,70.30,11.40,,,,
07/04/25 18:10:00,70.37,11.09,,,,
07/04/25 18:15:00,70.30,10.86,,,,
07/04/25 18:20:00,70.30,10.55,,,,
07/04/25 18:25:00,70.30,9.93,,,,
07/04/25 18:30:00,70.53,9.61,,,,
07/04/25 18:35:00,70.45,9.14,,,,
07/04/25 18:40:00,70.45,8.75,,,,
07/04/25 18:45:00,70.37,7.73,,,,
07/04/25 18:50:00,70.30,6.88,,,,
07/04/25 18:55:00,70.30,6.40,,,,
07/04/25 19:00:00,70.22,6.05,,,,
07/04/25 19:05:00,70.22,5.90,,,,
07/04/25 19:10:00,70.22,5.59,,,,
07/04/25 19:15:00,70.14,5.31,,,,
07/04/25 19:20:00,70.14,4.88,,,,
07/04/25 19:25:00,70.06,4.69,,,,
07/04/25 19:30:00,70.06,4.53,,,,
07/04/25 19:35:00,69.91,4.25,,,,
07/04/25 19:40:00,69.99,3.98,,,,
07/04/25 19:45:00,69.91,3.59,,,,
07/04/25 19:50:00,69.83,3.24,,,,
07/04/25 19:55:00,69.83,3.36,,,,
07/04/25 20:00:00,69.83,3.16,,,,
07/04/25 20:05:00,69.83,2.80,,,,
07/04/25 20:10:00,69.83,2.69,,,,
07/04/25 20:15:00,69.91,2.57,,,,
07/04/25 20:20:00,69.91,2.22,,,,
07/04/25 20:25:00,69.99,1.99,,,,
07/04/25 20:30:00,69.99,1.89,,,,
07/04/25 20:35:00,69.99,1.73,,,,
07/04/25 20:40:00,70.06,1.79,,,,
07/04/25 20:45:00,70.06,1.03,,,,
07/04/25 20:50:00,70.06,0.97,,,,
07/04/25 20:55:00,70.06,0.89,,,,
07/04/25 21:00:00,69.99,0.85,,,,
07/04/25 21:05:00,69.99,0.80,,,,
07/04/25 21:10:00,70.14,0.66,,,,
07/04/25 21:15:00,69.99,0.60,,,,
07/04/25 21:20:00,69.99,0.52,,,,
07/04/25 21:25:00,70.06,0.45,,,,
07/04/25 21:30:00,69.91,0.39,,,,
07/04/25 21:35:00,69.91,0.33,,,,
07/04/25 21:40:00,69.91,0.25,,,,
07/04/25 21:45:00,69.83,0.21,,,,
07/04/25 21:50:00,69.83,0.17,,,,
07/04/25 21:55:00,69.83,0.14,,,,
07/04/25 22:00:00,69.91,0.10,,,,
07/04/25 22:05:00,69.83,0.08,,,,
07/04/25 22:10:00,69.91,0.06,,,,
07/04/25 22:15:00,69.91,0.08,,,,
07/04/25 22:20:00,69.91,0.02,,,,
07/04/25 22:25:00,69.99,0.02,,,,
07/04/25 22:30:00,69.91,0.02,,,,
07/04/25 22:35:00,69.83,0.00,,,,
07/04/25 22:40:00,69.91,0.00,,,,
07/04/25 22:45:00,69.91,0.00,,,,
07/04/25 22:50:00,69.91,0.00,,,,
07/04/25 22:55:00,69.91,0.00,,,,
07/04/25 23:00:00,69.83,0.00,,,,
07/04/25 23:05:00,69.91,0.00,,,,
07/04/25 23:10:00,69.76,0.00,,,,
07/04/25 23:15:00,69.83,0.00,,,,
07/04/25 23:20:00,69.76,0.00,,,,
07/04/25 23:25:00,69.83,0.00,,,,
07/04/25 23:30:00,69.83,0.00,,,,
07/04/25 23:35:00,69.83,0.00,,,,
07/04/25 23:40:00,69.83,0.00,,,,
07/04/25 23:45:00,69.76,0.00,,,,
07/04/25 23:50:00,69.76,0.00,,,,
07/04/25 23:55:00,69.76,0.00,,,,
07/05/25 00:00:00,69.76,0.00,,,,
07/05/25 00:05:00,69.83,0.00,,,,
07/05/25 00:10:00,69.76,0.00,,,,
07/05/25 00:15:00,69.83,0.00,,,,
07/05/25 00:20:00,69.76,0.00,,,,
07/05/25 00:25:00,69.76,0.00,,,,
07/05/25 00:30:00,69.76,0.00,,,,
07/05/25 00:35:00,69.76,0.00,,,,
07/05/25 00:40:00,69.76,0.00,,,,
07/05/25 00:45:00,69.83,0.00,,,,
07/05/25 00:50:00,69.76,0.00,,,,
07/05/25 00:55:00,69.76,0.00,,,,
07/05/25 01:00:00,69.76,0.00,,,,
07/05/25 01:05:00,69.76,0.00,,,,
07/05/25 01:10:00,69.76,0.00,,,,
07/05/25 01:15:00,69.76,0.00,,,,
07/05/25 01:20:00,69.76,0.00,,,,
07/05/25 01:25:00,69.76,0.00,,,,
07/05/25 01:30:00,69.68,0.00,,,,
07/05/25 01:35:00,69.76,0.00,,,,
07/05/25 01:40:00,69.60,0.00,,,,
07/05/25 01:45:00,69.76,0.00,,,,
07/05/25 01:50:00,69.68,0.00,,,,
07/05/25 01:55:00,69.68,0.04,,,,
07/05/25 02:00:00,69.68,0.00,,,,
07/05/25 02:05:00,69.60,0.00,,,,
07/05/25 02:10:00,69.60,0.04,,,,
07/05/25 02:15:00,69.60,0.00,,,,
07/05/25 02:20:00,69.68,0.00,,,,
07/05/25 02:25:00,69.68,0.00,,,,
07/05/25 02:30:00,69.60,0.00,,,,
07/05/25 02:35:00,69.52,0.00,,,,
07/05/25 02:40:00,69.60,0.00,,,,
07/05/25 02:45:00,69.60,0.00,,,,
07/05/25 02:50:00,69.60,0.00,,,,
07/05/25 02:55:00,69.60,0.00,,,,
07/05/25 03:00:00,69.52,0.00,,,,
07/05/25 03:05:00,69.60,0.00,,,,
07/05/25 03:10:00,69.52,0.00,,,,
07/05/25 03:15:00,69.60,0.00,,,,
07/05/25 03:20:00,69.60,0.00,,,,
07/05/25 03:25:00,69.52,0.00,,,,
07/05/25 03:30:00,69.52,0.02,,,,
07/05/25 03:35:00,69.52,0.02,,,,
07/05/25 03:40:00,69.52,0.02,,,,
07/05/25 03:45:00,69.52,0.04,,,,
07/05/25 03:50:00,69.45,0.06,,,,
07/05/25 03:55:00,69.45,0.08,,,,
07/05/25 04:00:00,69.45,0.10,,,,
07/05/25 04:05:00,69.45,0.14,,,,
07/05/25 04:10:00,69.52,0.16,,,,
07/05/25 04:15:00,69.45,0.19,,,,
07/05/25 04:20:00,69.45,0.25,,,,
07/05/25 04:25:00,69.37,0.31,,,,
07/05/25 04:30:00,69.37,0.39,,,,
07/05/25 04:35:00,69.45,0.47,,,,
07/05/25 04:40:00,69.37,0.58,,,,
07/05/25 04:45:00,69.29,0.74,,,,
07/05/25 04:50:00,69.29,0.87,,,,
07/05/25 04:55:00,69.29,0.99,,,,
07/05/25 05:00:00,69.29,1.24,,,,
07/05/25 05:05:00,69.29,1.36,,,,
07/05/25 05:10:00,69.29,1.46,,,,
07/05/25 05:15:00,69.45,1.56,,,,
07/05/25 05:20:00,69.37,1.79,,,,
07/05/25 05:25:00,69.45,2.14,,,,
07/05/25 05:30:00,69.52,2.53,,,,
07/05/25 05:35:00,69.37,2.76,,,,
07/05/25 05:40:00,69.52,3.04,,,,
07/05/25 05:45:00,69.60,3.55,,,,
07/05/25 05:50:00,69.45,4.37,,,,
07/05/25 05:55:00,69.52,5.00,,,,
07/05/25 06:00:00,69.52,5.50,,,,
07/05/25 06:05:00,69.52,5.93,,,,
07/05/25 06:10:00,69.45,6.21,,,,
07/05/25 06:15:00,69.52,6.64,,,,
07/05/25 06:20:00,69.45,7.03,,,,
07/05/25 06:25:00,69.52,8.28,,,,
07/05/25 06:30:00,69.68,8.75,,,,
07/05/25 06:35:00,69.60,9.76,,,,
07/05/25 06:40:00,69.68,10.16,,,,
07/05/25 06:45:00,69.76,10.24,,,,
07/05/25 06:50:00,69.76,12.11,,,,
07/05/25 06:55:00,69.76,14.06,,,,
07/05/25 07:00:00,69.76,15.87,,,,
07/05/25 07:05:00,69.83,17.03,,,,
07/05/25 07:10:00,69.91,18.36,,,,
07/05/25 07:15:00,69.91,19.15,,,,
07/05/25 07:20:00,69.91,20.24,,,,
07/05/25 07:25:00,69.91,21.09,,,,
07/05/25 07:30:00,69.99,23.21,,,,
07/05/25 07:35:00,70.06,25.08,,,,
07/05/25 07:40:00,70.06,27.19,,,,
07/05/25 07:45:00,70.14,26.88,,,,
07/05/25 07:50:00,70.14,27.04,,,,
07/05/25 07:55:00,70.14,28.93,,,,
07/05/25 08:00:00,70.14,30.71,,,,
07/05/25 08:05:00,70.30,31.17,,,,
07/05/25 08:10:00,70.30,32.12,,,,
07/05/25 08:15:00,70.30,35.47,,,,
07/05/25 08:20:00,70.37,34.92,,,,
07/05/25 08:25:00,70.45,34.22,,,,
07/05/25 08:30:00,70.53,34.38,,,,
07/05/25 08:35:00,70.61,33.99,,,,
07/05/25 08:40:00,70.68,35.08,,,,
07/05/25 08:45:00,70.68,35.85,,,,
07/05/25 08:50:00,70.76,37.53,,,,
07/05/25 08:55:00,70.68,35.47,,,,
07/05/25 09:00:00,70.84,47.36,,,,
07/05/25 09:05:00,70.84,38.84,,,,
07/05/25 09:10:00,70.84,37.13,,,,
07/05/25 09:15:00,70.84,44.56,,,,
07/05/25 09:20:00,70.91,47.67,,,,
07/05/25 09:25:00,70.91,53.38,,,,
07/05/25 09:30:00,71.07,62.28,,,,
07/05/25 09:35:00,71.07,70.46,,,,
07/05/25 09:40:00,71.07,57.93,,,,
07/05/25 09:45:00,71.15,44.95,,,,
07/05/25 09:50:00,71.15,43.63,,,,
07/05/25 09:55:00,71.15,47.28,,,,
07/05/25 10:00:00,71.22,68.05,,,,
07/05/25 10:05:00,71.22,61.09,,,,
07/05/25 10:10:00,71.30,46.66,,,,
07/05/25 10:15:00,71.30,40.79,,,,
07/05/25 10:20:00,71.22,36.52,,,,
07/05/25 10:25:00,71.22,31.33,,,,
07/05/25 10:30:00,71.15,29.47,,,,
07/05/25 10:35:00,71.15,23.05,,,,
07/05/25 10:40:00,70.99,21.02,,,,
07/05/25 10:45:00,70.99,21.25,,,,
07/05/25 10:50:00,70.99,21.58,,,,
07/05/25 10:55:00,70.99,19.85,,,,
07/05/25 11:00:00,71.07,21.09,,,,
07/05/25 11:05:00,70.91,21.89,,,,
07/05/25 11:10:00,70.91,22.36,,,,
07/05/25 11:15:00,71.07,22.20,,,,
07/05/25 11:20:00,70.91,22.13,,,,
07/05/25 11:25:00,70.99,24.22,,,,
07/05/25 11:30:00,71.07,25.25,,,,
07/05/25 11:35:00,71.07,26.03,,,,
07/05/25 11:40:00,71.07,30.24,,,,
07/05/25 11:45:00,71.07,29.94,,,,
07/05/25 11:50:00,71.15,30.64,,,,
07/05/25 11:55:00,71.07,31.97,,,,
07/05/25 12:00:00,71.15,31.74,,,,
07/05/25 12:05:00,71.15,32.12,,,,
07/05/25 12:10:00,71.22,29.47,,,,
07/05/25 12:15:00,71.15,27.99,,,,
07/05/25 12:20:00,71.22,25.80,,,,
07/05/25 12:25:00,71.22,25.80,,,,
07/05/25 12:30:00,71.15,26.65,,,,
07/05/25 12:35:00,71.15,26.41,,,,
07/05/25 12:40:00,71.30,27.58,,,,
07/05/25 12:45:00,71.22,30.55,,,,
07/05/25 12:50:00,71.45,29.86,,,,
07/05/25 12:55:00,71.45,27.99,,,,
07/05/25 13:00:00,71.53,27.12,,,,
07/05/25 13:05:00,71.53,25.95,,,,
07/05/25 13:10:00,71.45,26.03,,,,
07/05/25 13:15:00,71.61,27.19,,,,
07/05/25 13:20:00,71.61,27.35,,,,
07/05/25 13:25:00,71.61,25.56,,,,
07/05/25 13:30:00,71.69,24.22,,,,
07/05/25 13:35:00,71.69,23.29,,,,
07/05/25 13:40:00,71.69,23.14,,,,
07/05/25 13:45:00,71.69,23.84,,,,
07/05/25 13:50:00,71.69,24.86,,,,
07/05/25 13:55:00,71.61,24.22,,,,
07/05/25 14:00:00,71.69,24.94,,,,
07/05/25 14:05:00,71.76,25.25,,,,
07/05/25 14:10:00,71.61,26.27,,,,
07/05/25 14:15:00,71.69,24.79,,,,
07/05/25 14:20:00,71.69,26.03,,,,
07/05/25 14:25:00,71.76,25.41,,,,
07/05/25 14:30:00,71.69,25.17,,,,
07/05/25 14:35:00,71.76,25.10,,,,
07/05/25 14:40:00,71.84,24.15,,,,
07/05/25 14:45:00,71.76,24.30,,,,
07/05/25 14:50:00,71.84,24.70,,,,
07/05/25 14:55:00,71.84,24.69,,,,
07/05/25 15:00:00,71.84,36.91,,,,
07/05/25 15:05:00,72.00,26.96,,,,
07/05/25 15:10:00,71.84,22.04,,,,
07/05/25 15:15:00,71.92,20.71,,,,
07/05/25 15:20:00,71.92,19.70,,,,
07/05/25 15:25:00,71.92,18.68,,,,
07/05/25 15:30:00,71.92,19.31,,,,
07/05/25 15:35:00,71.92,19.15,,,,
07/05/25 15:40:00,71.92,19.31,,,,
07/05/25 15:45:00,71.84,18.84,,,,
07/05/25 15:50:00,72.00,17.58,,,,
07/05/25 15:55:00,71.84,18.05,,,,
07/05/25 16:00:00,71.84,17.81,,,,
07/05/25 16:05:00,71.76,16.49,,,,
07/05/25 16:10:00,71.84,16.25,,,,
07/05/25 16:15:00,71.76,17.50,,,,
07/05/25 16:20:00,71.76,18.53,,,,
07/05/25 16:25:00,71.84,18.12,,,,
07/05/25 16:30:00,71.84,15.64,,,,
07/05/25 16:35:00,71.76,15.23,,,,
07/05/25 16:40:00,71.76,13.99,,,,
07/05/25 16:45:00,71.76,15.07,,,,
07/05/25 16:50:00,71.76,14.99,,,,
07/05/25 16:55:00,71.84,14.37,,,,
07/05/25 17:00:00,71.84,13.04,,,,
07/05/25 17:05:00,71.84,12.34,,,,
07/05/25 17:10:00,71.76,12.27,,,,
07/05/25 17:15:00,71.76,13.28,,,,
07/05/25 17:20:00,71.76,14.77,,,,
07/05/25 17:25:00,71.84,14.06,,,,
07/05/25 17:30:00,71.76,11.80,,,,
07/05/25 17:35:00,71.76,11.57,,,,
07/05/25 17:40:00,71.76,11.18,,,,
07/05/25 17:45:00,71.76,10.47,,,,
07/05/25 17:50:00,71.69,10.70,,,,
07/05/25 17:55:00,71.69,9.53,,,,
07/05/25 18:00:00,71.76,8.75,,,,
07/05/25 18:05:00,71.69,8.52,,,,
07/05/25 18:10:00,71.69,8.28,,,,
07/05/25 18:15:00,71.69,7.81,,,,
07/05/25 18:20:00,71.76,8.04,,,,
07/05/25 18:25:00,71.76,8.12,,,,
07/05/25 18:30:00,71.76,8.44,,,,
07/05/25 18:35:00,71.69,8.51,,,,
07/05/25 18:40:00,71.92,8.35,,,,
07/05/25 18:45:00,71.76,7.96,,,,
07/05/25 18:50:00,71.84,7.34,,,,
07/05/25 18:55:00,71.92,6.95,,,,
07/05/25 19:00:00,71.84,6.79,,,,
07/05/25 19:05:00,71.76,7.19,,,,
07/05/25 19:10:00,71.76,7.19,,,,
07/05/25 19:15:00,71.69,7.19,,,,
07/05/25 19:20:00,71.61,7.11,,,,
07/05/25 19:25:00,71.69,7.03,,,,
07/05/25 19:30:00,71.69,7.03,,,,
07/05/25 19:35:00,71.61,6.88,,,,
07/05/25 19:40:00,71.61,7.11,,,,
07/05/25 19:45:00,71.53,7.11,,,,
07/05/25 19:50:00,71.53,6.72,,,,
07/05/25 19:55:00,71.61,6.40,,,,
07/05/25 20:00:00,71.53,5.93,,,,
07/05/25 20:05:00,71.45,5.35,,,,
07/05/25 20:10:00,71.45,4.80,,,,
07/05/25 20:15:00,71.45,4.41,,,,
07/05/25 20:20:00,71.38,3.98,,,,
07/05/25 20:25:00,71.45,3.55,,,,
07/05/25 20:30:00,71.30,3.27,,,,
07/05/25 20:35:00,71.30,3.08,,,,
07/05/25 20:40:00,71.22,2.92,,,,
07/05/25 20:45:00,71.22,2.88,,,,
07/05/25 20:50:00,71.15,2.65,,,,
07/05/25 20:55:00,71.07,2.53,,,,
07/05/25 21:00:00,71.15,2.41,,,,
07/05/25 21:05:00,71.07,2.18,,,,
07/05/25 21:10:00,70.99,2.03,,,,
07/05/25 21:15:00,70.91,1.71,,,,
07/05/25 21:20:00,70.91,1.50,,,,
07/05/25 21:25:00,70.91,1.28,,,,
07/05/25 21:30:00,70.91,1.05,,,,
07/05/25 21:35:00,70.76,0.84,,,,
07/05/25 21:40:00,70.84,0.64,,,,
07/05/25 21:45:00,70.84,0.50,,,,
07/05/25 21:50:00,70.76,0.41,,,,
07/05/25 21:55:00,70.76,0.31,,,,
07/05/25 22:00:00,70.76,0.23,,,,
07/05/25 22:05:00,70.68,0.17,,,,
07/05/25 22:10:00,70.61,0.12,,,,
07/05/25 22:15:00,70.53,0.08,,,,
07/05/25 22:20:00,70.53,0.06,,,,
07/05/25 22:25:00,70.53,0.04,,,,
07/05/25 22:30:00,70.45,0.02,,,,
07/05/25 22:35:00,70.53,0.02,,,,
07/05/25 22:40:00,70.53,0.02,,,,
07/05/25 22:45:00,70.61,0.00,,,,
07/05/25 22:50:00,70.61,0.00,,,,
07/05/25 22:55:00,70.53,0.00,,,,
07/05/25 23:00:00,70.53,0.00,,,,
07/05/25 23:05:00,70.61,0.00,,,,
07/05/25 23:10:00,70.61,0.00,,,,
07/05/25 23:15:00,70.53,0.00,,,,
07/05/25 23:20:00,70.61,0.00,,,,
07/05/25 23:25:00,70.53,0.00,,,,
07/05/25 23:30:00,70.61,0.00,,,,
07/05/25 23:35:00,70.68,0.00,,,,
07/05/25 23:40:00,70.68,0.00,,,,
07/05/25 23:45:00,70.53,0.00,,,,
07/05/25 23:50:00,70.53,0.00,,,,
07/05/25 23:55:00,70.53,0.00,,,,
07/06/25 00:00:00,70.45,0.00,,,,
07/06/25 00:05:00,70.53,0.00,,,,
07/06/25 00:10:00,70.45,0.00,,,,
07/06/25 00:15:00,70.45,0.00,,,,
07/06/25 00:20:00,70.45,0.00,,,,
07/06/25 00:25:00,70.45,0.00,,,,
07/06/25 00:30:00,70.53,0.00,,,,
07/06/25 00:35:00,70.53,0.00,,,,
07/06/25 00:40:00,70.45,0.04,,,,
07/06/25 00:45:00,70.53,0.00,,,,
07/06/25 00:50:00,70.45,0.00,,,,
07/06/25 00:55:00,70.45,0.00,,,,
07/06/25 01:00:00,70.53,0.00,,,,
07/06/25 01:05:00,70.45,0.00,,,,
07/06/25 01:10:00,70.53,0.00,,,,
07/06/25 01:15:00,70.45,0.00,,,,
07/06/25 01:20:00,70.53,0.00,,,,
07/06/25 01:25:00,70.45,0.00,,,,
07/06/25 01:30:00,70.53,0.00,,,,
07/06/25 01:35:00,70.61,0.00,,,,
07/06/25 01:40:00,70.45,0.00,,,,
07/06/25 01:45:00,70.53,0.00,,,,
07/06/25 01:50:00,70.53,0.00,,,,
07/06/25 01:55:00,70.53,0.00,,,,
07/06/25 02:00:00,70.45,0.00,,,,
07/06/25 02:05:00,70.53,0.00,,,,
07/06/25 02:10:00,70.53,0.00,,,,
07/06/25 02:15:00,70.53,0.00,,,,
07/06/25 02:20:00,70.53,0.00,,,,
07/06/25 02:25:00,70.53,0.00,,,,
07/06/25 02:30:00,70.53,0.00,,,,
07/06/25 02:35:00,70.53,0.00,,,,
07/06/25 02:40:00,70.45,0.00,,,,
07/06/25 02:45:00,70.53,0.00,,,,
07/06/25 02:50:00,70.53,0.00,,,,
07/06/25 02:55:00,70.45,0.00,,,,
07/06/25 03:00:00,70.53,0.00,,,,
07/06/25 03:05:00,70.53,0.00,,,,
07/06/25 03:10:00,70.53,0.00,,,,
07/06/25 03:15:00,70.53,0.00,,,,
07/06/25 03:20:00,70.45,0.00,,,,
07/06/25 03:25:00,70.53,0.00,,,,
07/06/25 03:30:00,70.53,0.02,,,,
07/06/25 03:35:00,70.61,0.02,,,,
07/06/25 03:40:00,70.53,0.04,,,,
07/06/25 03:45:00,70.53,0.06,,,,
07/06/25 03:50:00,70.61,0.12,,,,
07/06/25 03:55:00,70.45,0.17,,,,
07/06/25 04:00:00,70.61,0.25,,,,
07/06/25 04:05:00,70.61,0.33,,,,
07/06/25 04:10:00,70.53,0.45,,,,
07/06/25 04:15:00,70.45,0.56,,,,
07/06/25 04:20:00,70.53,0.72,,,,
07/06/25 04:25:00,70.45,0.80,,,,
07/06/25 04:30:00,70.53,0.91,,,,
07/06/25 04:35:00,70.30,0.99,,,,
07/06/25 04:40:00,70.37,1.18,,,,
07/06/25 04:45:00,70.37,1.19,,,,
07/06/25 04:50:00,70.37,1.34,,,,
07/06/25 04:55:00,70.37,1.32,,,,
07/06/25 05:00:00,70.37,1.28,,,,
07/06/25 05:05:00,70.45,1.44,,,,
07/06/25 05:10:00,70.37,1.81,,,,
07/06/25 05:15:00,70.53,1.99,,,,
07/06/25 05:20:00,70.45,2.30,,,,
07/06/25 05:25:00,70.45,1.91,,,,
07/06/25 05:30:00,70.45,1.97,,,,
07/06/25 05:35:00,70.37,1.75,,,,
07/06/25 05:40:00,70.45,1.91,,,,
07/06/25 05:45:00,70.53,1.77,,,,
07/06/25 05:50:00,70.37,1.46,,,,
07/06/25 05:55:00,70.45,1.18,,,,
07/06/25 06:00:00,70.37,1.34,,,,
07/06/25 06:05:00,70.45,1.75,,,,
07/06/25 06:10:00,70.45,1.93,,,,
07/06/25 06:15:00,70.37,1.97,,,,
07/06/25 06:20:00,70.37,2.80,,,,
07/06/25 06:25:00,70.45,3.16,,,,
07/06/25 06:30:00,70.53,3.39,,,,
07/06/25 06:35:00,70.53,3.32,,,,
07/06/25 06:40:00,70.45,3.63,,,,
07/06/25 06:45:00,70.53,4.06,,,,
07/06/25 06:50:00,70.45,4.84,,,,
07/06/25 06:55:00,70.61,4.60,,,,
07/06/25 07:00:00,70.45,4.33,,,,
07/06/25 07:05:00,70.53,3.82,,,,
07/06/25 07:10:00,70.61,3.70,,,,
07/06/25 07:15:00,70.53,3.74,,,,
07/06/25 07:20:00,70.61,3.55,,,,
07/06/25 07:25:00,70.53,3.23,,,,
07/06/25 07:30:00,70.53,3.36,,,,
07/06/25 07:35:00,70.61,3.55,,,,
07/06/25 07:40:00,70.53,4.02,,,,
07/06/25 07:45:00,70.53,4.68,,,,
07/06/25 07:50:00,70.53,5.46,,,,
07/06/25 07:55:00,70.53,5.86,,,,
07/06/25 08:00:00,70.61,5.93,,,,
07/06/25 08:05:00,70.53,6.29,,,,
07/06/25 08:10:00,70.61,6.95,,,,
07/06/25 08:15:00,70.53,7.96,,,,
07/06/25 08:20:00,70.61,7.50,,,,
07/06/25 08:25:00,70.68,6.71,,,,
07/06/25 08:30:00,70.76,6.09,,,,
07/06/25 08:35:00,70.61,6.01,,,,
07/06/25 08:40:00,70.61,5.82,,,,
07/06/25 08:45:00,70.53,5.35,,,,
07/06/25 08:50:00,70.61,5.50,,,,
07/06/25 08:55:00,70.68,5.90,,,,
07/06/25 09:00:00,70.76,6.28,,,,
07/06/25 09:05:00,70.61,6.24,,,,
07/06/25 09:10:00,70.68,6.80,,,,
07/06/25 09:15:00,70.61,6.44,,,,
07/06/25 09:20:00,70.61,6.28,,,,
07/06/25 09:25:00,70.61,6.21,,,,
07/06/25 09:30:00,70.61,5.93,,,,
07/06/25 09:35:00,70.61,5.70,,,,
07/06/25 09:40:00,70.53,6.21,,,,
07/06/25 09:45:00,70.45,6.80,,,,
07/06/25 09:50:00,70.61,7.58,,,,
07/06/25 09:55:00,70.53,7.34,,,,
07/06/25 10:00:00,70.53,7.03,,,,
07/06/25 10:05:00,70.68,7.03,,,,
07/06/25 10:10:00,70.61,7.42,,,,
07/06/25 10:15:00,70.68,7.58,,,,
07/06/25 10:20:00,70.68,8.51,,,,
07/06/25 10:25:00,70.76,9.29,,,,
07/06/25 10:30:00,70.76,9.99,,,,
07/06/25 10:35:00,70.68,9.61,,,,
07/06/25 10:40:00,70.68,9.53,,,,
07/06/25 10:45:00,70.68,10.62,,,,
07/06/25 10:50:00,70.68,11.01,,,,
07/06/25 10:55:00,70.68,11.09,,,,
07/06/25 11:00:00,70.53,11.01,,,,
07/06/25 11:05:00,70.61,10.31,,,,
07/06/25 11:10:00,70.61,10.47,,,,
07/06/25 11:15:00,70.68,11.24,,,,
07/06/25 11:20:00,70.68,11.48,,,,
07/06/25 11:25:00,70.61,11.17,,,,
07/06/25 11:30:00,70.61,10.39,,,,
07/06/25 11:35:00,70.53,9.76,,,,
07/06/25 11:40:00,70.53,10.62,,,,
07/06/25 11:45:00,70.53,11.95,,,,
07/06/25 11:50:00,70.61,11.71,,,,
07/06/25 11:55:00,70.53,12.03,,,,
07/06/25 12:00:00,70.61,11.56,,,,
07/06/25 12:05:00,70.53,11.95,,,,
07/06/25 12:10:00,70.53,11.87,,,,
07/06/25 12:15:00,70.61,11.87,,,,
07/06/25 12:20:00,70.76,11.87,,,,
07/06/25 12:25:00,70.84,11.32,,,,
07/06/25 12:30:00,70.76,10.47,,,,
07/06/25 12:35:00,70.91,9.37,,,,
07/06/25 12:40:00,70.99,9.61,,,,
07/06/25 12:45:00,70.99,9.91,,,,
07/06/25 12:50:00,70.91,9.53,,,,
07/06/25 12:55:00,70.99,8.90,,,,
07/06/25 13:00:00,70.99,9.68,,,,
07/06/25 13:05:00,70.99,9.06,,,,
07/06/25 13:10:00,70.91,7.89,,,,
07/06/25 13:15:00,70.91,7.89,,,,
07/06/25 13:20:00,70.84,9.76,,,,
07/06/25 13:25:00,70.91,11.01,,,,
07/06/25 13:30:00,70.91,10.39,,,,
07/06/25 13:35:00,70.99,11.95,,,,
07/06/25 13:40:00,70.99,11.32,,,,
07/06/25 13:45:00,70.99,12.97,,,,
07/06/25 13:50:00,70.91,12.58,,,,
07/06/25 13:55:00,70.91,12.27,,,,
07/06/25 14:00:00,70.91,14.53,,,,
07/06/25 14:05:00,70.84,19.70,,,,
07/06/25 14:10:00,70.99,20.16,,,,
07/06/25 14:15:00,70.99,19.07,,,,
07/06/25 14:20:00,70.99,16.02,,,,
07/06/25 14:25:00,70.91,12.03,,,,
07/06/25 14:30:00,70.99,12.27,,,,
07/06/25 14:35:00,70.99,10.86,,,,
07/06/25 14:40:00,70.91,8.67,,,,
07/06/25 14:45:00,70.99,7.03,,,,
07/06/25 14:50:00,70.91,7.89,,,,
07/06/25 14:55:00,70.99,10.24,,,,
07/06/25 15:00:00,70.99,10.55,,,,
07/06/25 15:05:00,70.91,10.70,,,,
07/06/25 15:10:00,70.91,12.97,,,,
07/06/25 15:15:00,70.91,13.75,,,,
07/06/25 15:20:00,70.91,11.80,,,,
07/06/25 15:25:00,70.99,9.68,,,,
07/06/25 15:30:00,70.91,8.28,,,,
07/06/25 15:35:00,70.91,6.52,,,,
07/06/25 15:40:00,70.99,7.02,,,,
07/06/25 15:45:00,70.91,8.35,,,,
07/06/25 15:50:00,70.91,8.98,,,,
07/06/25 15:55:00,70.84,10.15,,,,
07/06/25 16:00:00,70.84,8.90,,,,
07/06/25 16:05:00,70.68,9.76,,,,
07/06/25 16:10:00,70.84,10.86,,,,
07/06/25 16:15:00,70.91,11.01,,,,
07/06/25 16:20:00,70.91,10.55,,,,
07/06/25 16:25:00,70.91,7.73,,,,
07/06/25 16:30:00,70.91,10.39,,,,
07/06/25 16:35:00,70.91,10.31,,,,
07/06/25 16:40:00,70.91,9.61,,,,
07/06/25 16:45:00,70.91,9.45,,,,
07/06/25 16:50:00,70.84,8.67,,,,
07/06/25 16:55:00,70.91,10.86,,,,
07/06/25 17:00:00,70.84,12.65,,,,
07/06/25 17:05:00,70.91,15.40,,,,
07/06/25 17:10:00,70.91,17.58,,,,
07/06/25 17:15:00,70.84,14.61,,,,
07/06/25 17:20:00,70.91,13.43,,,,
07/06/25 17:25:00,70.91,11.64,,,,
07/06/25 17:30:00,70.91,11.09,,,,
07/06/25 17:35:00,70.99,9.99,,,,
07/06/25 17:40:00,70.91,7.58,,,,
07/06/25 17:45:00,70.99,5.93,,,,
07/06/25 17:50:00,70.99,4.96,,,,
07/06/25 17:55:00,70.91,4.80,,,,
07/06/25 18:00:00,70.99,4.80,,,,
07/06/25 18:05:00,71.07,4.13,,,,
07/06/25 18:10:00,71.07,3.36,,,,
07/06/25 18:15:00,71.07,3.31,,,,
07/06/25 18:20:00,71.07,3.47,,,,
07/06/25 18:25:00,71.07,3.82,,,,
07/06/25 18:30:00,70.91,3.86,,,,
07/06/25 18:35:00,70.99,3.35,,,,
07/06/25 18:40:00,70.99,3.04,,,,
07/06/25 18:45:00,70.99,3.08,,,,
07/06/25 18:50:00,70.99,3.23,,,,
07/06/25 18:55:00,70.91,3.70,,,,
07/06/25 19:00:00,70.99,3.67,,,,
07/06/25 19:05:00,70.91,3.51,,,,
07/06/25 19:10:00,70.84,2.96,,,,
07/06/25 19:15:00,70.99,2.53,,,,
07/06/25 19:20:00,70.91,1.22,,,,
07/06/25 19:25:00,70.99,1.07,,,,
07/06/25 19:30:00,70.99,1.15,,,,
07/06/25 19:35:00,70.91,1.07,,,,
07/06/25 19:40:00,70.91,0.91,,,,
07/06/25 19:45:00,70.99,0.80,,,,
07/06/25 19:50:00,70.91,0.68,,,,
07/06/25 19:55:00,70.91,0.60,,,,
07/06/25 20:00:00,70.91,0.85,,,,
07/06/25 20:05:00,70.91,0.97,,,,
07/06/25 20:10:00,70.91,1.07,,,,
07/06/25 20:15:00,70.84,0.78,,,,
07/06/25 20:20:00,70.84,1.22,,,,
07/06/25 20:25:00,70.76,1.09,,,,
07/06/25 20:30:00,70.76,1.03,,,,
07/06/25 20:35:00,70.84,0.64,,,,
07/06/25 20:40:00,70.68,0.29,,,,
07/06/25 20:45:00,70.76,0.19,,,,
07/06/25 20:50:00,70.76,0.14,,,,
07/06/25 20:55:00,70.68,0.14,,,,
07/06/25 21:00:00,70.68,0.14,,,,
07/06/25 21:05:00,70.68,0.14,,,,
07/06/25 21:10:00,70.68,0.10,,,,
07/06/25 21:15:00,70.68,0.17,,,,
07/06/25 21:20:00,70.76,0.17,,,,
07/06/25 21:25:00,70.68,0.16,,,,
07/06/25 21:30:00,70.68,0.14,,,,
07/06/25 21:35:00,70.53,0.08,,,,
07/06/25 21:40:00,70.68,0.12,,,,
07/06/25 21:45:00,70.61,0.10,,,,
07/06/25 21:50:00,70.53,0.08,,,,
07/06/25 21:55:00,70.53,0.04,,,,
07/06/25 22:00:00,70.53,0.04,,,,
07/06/25 22:05:00,70.53,0.02,,,,
07/06/25 22:10:00,70.45,0.02,,,,
07/06/25 22:15:00,70.45,0.02,,,,
07/06/25 22:20:00,70.61,0.00,,,,
07/06/25 22:25:00,70.53,0.00,,,,
07/06/25 22:30:00,70.53,0.00,,,,
07/06/25 22:35:00,70.61,0.00,,,,
07/06/25 22:40:00,70.53,0.00,,,,
07/06/25 22:45:00,70.61,0.00,,,,
07/06/25 22:50:00,70.53,0.00,,,,
07/06/25 22:55:00,70.53,0.00,,,,
07/06/25 23:00:00,70.61,0.00,,,,
07/06/25 23:05:00,70.53,0.00,,,,
07/06/25 23:10:00,70.53,0.00,,,,
07/06/25 23:15:00,70.53,0.00,,,,
07/06/25 23:20:00,70.53,0.00,,,,
07/06/25 23:25:00,70.53,0.04,,,,
07/06/25 23:30:00,70.45,0.00,,,,
07/06/25 23:35:00,70.45,0.00,,,,
07/06/25 23:40:00,70.37,0.00,,,,
07/06/25 23:45:00,70.45,0.00,,,,
07/06/25 23:50:00,70.37,0.00,,,,
07/06/25 23:55:00,70.45,0.00,,,,
07/07/25 00:00:00,70.37,0.00,,,,
07/07/25 00:05:00,70.45,0.00,,,,
07/07/25 00:10:00,70.37,0.00,,,,
07/07/25 00:15:00,70.45,0.00,,,,
07/07/25 00:20:00,70.45,0.00,,,,
07/07/25 00:25:00,70.53,0.00,,,,
07/07/25 00:30:00,70.37,0.00,,,,
07/07/25 00:35:00,70.45,0.00,,,,
07/07/25 00:40:00,70.53,0.00,,,,
07/07/25 00:45:00,70.37,0.00,,,,
07/07/25 00:50:00,70.45,0.00,,,,
07/07/25 00:55:00,70.37,0.00,,,,
07/07/25 01:00:00,70.45,0.00,,,,
07/07/25 01:05:00,70.45,0.00,,,,
07/07/25 01:10:00,70.37,0.00,,,,
07/07/25 01:15:00,70.37,0.00,,,,
07/07/25 01:20:00,70.30,0.00,,,,
07/07/25 01:25:00,70.30,0.00,,,,
07/07/25 01:30:00,70.30,0.00,,,,
07/07/25 01:35:00,70.30,0.00,,,,
07/07/25 01:40:00,70.30,0.00,,,,
07/07/25 01:45:00,70.30,0.00,,,,
07/07/25 01:50:00,70.22,0.00,,,,
07/07/25 01:55:00,70.37,0.00,,,,
07/07/25 02:00:00,70.37,0.00,,,,
07/07/25 02:05:00,70.37,0.00,,,,
07/07/25 02:10:00,70.30,0.00,,,,
07/07/25 02:15:00,70.22,0.00,,,,
07/07/25 02:20:00,70.37,0.00,,,,
07/07/25 02:25:00,70.22,0.00,,,,
07/07/25 02:30:00,70.22,0.00,,,,
07/07/25 02:35:00,70.14,0.00,,,,
07/07/25 02:40:00,70.14,0.00,,,,
07/07/25 02:45:00,70.22,0.00,,,,
07/07/25 02:50:00,70.22,0.00,,,,
07/07/25 02:55:00,70.14,0.00,,,,
07/07/25 03:00:00,70.14,0.00,,,,
07/07/25 03:05:00,70.14,0.04,,,,
07/07/25 03:10:00,70.14,0.00,,,,
07/07/25 03:15:00,70.06,0.00,,,,
07/07/25 03:20:00,70.14,0.04,,,,
07/07/25 03:25:00,70.14,0.00,,,,
07/07/25 03:30:00,70.06,0.00,,,,
07/07/25 03:35:00,70.06,0.00,,,,
07/07/25 03:40:00,69.99,0.00,,,,
07/07/25 03:45:00,70.06,0.00,,,,
07/07/25 03:50:00,69.99,0.00,,,,
07/07/25 03:55:00,69.91,0.02,,,,
07/07/25 04:00:00,69.91,0.02,,,,
07/07/25 04:05:00,69.91,0.04,,,,
07/07/25 04:10:00,69.91,0.06,,,,
07/07/25 04:15:00,69.91,0.08,,,,
07/07/25 04:20:00,69.91,0.12,,,,
07/07/25 04:25:00,69.91,0.12,,,,
07/07/25 04:30:00,69.83,0.14,,,,
07/07/25 04:35:00,69.83,0.16,,,,
07/07/25 04:40:00,69.83,0.21,,,,
07/07/25 04:45:00,69.76,0.31,,,,
07/07/25 04:50:00,69.83,0.37,,,,
07/07/25 04:55:00,69.83,0.45,,,,
07/07/25 05:00:00,69.83,0.47,,,,
07/07/25 05:05:00,69.83,0.50,,,,
07/07/25 05:10:00,69.83,0.52,,,,
07/07/25 05:15:00,69.76,0.62,,,,
07/07/25 05:20:00,69.83,0.72,,,,
07/07/25 05:25:00,69.76,0.74,,,,
07/07/25 05:30:00,69.91,0.80,,,,
07/07/25 05:35:00,69.83,0.91,,,,
07/07/25 05:40:00,69.76,1.13,,,,
07/07/25 05:45:00,69.76,0.91,,,,
07/07/25 05:50:00,69.76,0.85,,,,
07/07/25 05:55:00,69.76,0.85,,,,
07/07/25 06:00:00,69.83,1.16,,,,
07/07/25 06:05:00,69.83,1.58,,,,
07/07/25 06:10:00,69.83,1.91,,,,
07/07/25 06:15:00,69.76,2.30,,,,
07/07/25 06:20:00,69.76,2.41,,,,
07/07/25 06:25:00,69.76,2.72,,,,
07/07/25 06:30:00,69.68,3.20,,,,
07/07/25 06:35:00,69.76,5.04,,,,
07/07/25 06:40:00,69.76,5.19,,,,
07/07/25 06:45:00,69.76,4.73,,,,
07/07/25 06:50:00,69.76,5.19,,,,
07/07/25 06:55:00,69.76,5.62,,,,
07/07/25 07:00:00,69.76,6.64,,,,
07/07/25 07:05:00,69.76,9.91,,,,
07/07/25 07:10:00,69.76,7.73,,,,
07/07/25 07:15:00,69.76,8.36,,,,
07/07/25 07:20:00,69.68,8.28,,,,
07/07/25 07:25:00,69.76,9.29,,,,
07/07/25 07:30:00,69.76,11.40,,,,
07/07/25 07:35:00,69.83,10.39,,,,
07/07/25 07:40:00,69.91,8.21,,,,
07/07/25 07:45:00,69.83,8.90,,,,
07/07/25 07:50:00,69.83,9.14,,,,
07/07/25 07:55:00,69.83,9.53,,,,
07/07/25 08:00:00,69.99,8.67,,,,
07/07/25 08:05:00,70.06,7.58,,,,
07/07/25 08:10:00,69.99,7.58,,,,
07/07/25 08:15:00,69.99,8.20,,,,
07/07/25 08:20:00,70.06,9.53,,,,
07/07/25 08:25:00,69.99,9.68,,,,
07/07/25 08:30:00,70.14,9.93,,,,
07/07/25 08:35:00,70.14,10.86,,,,
07/07/25 08:40:00,70.14,11.80,,,,
07/07/25 08:45:00,70.14,13.60,,,,
07/07/25 08:50:00,70.22,13.36,,,,
07/07/25 08:55:00,70.22,13.51,,,,
07/07/25 09:00:00,70.22,17.11,,,,
07/07/25 09:05:00,70.37,21.87,,,,
07/07/25 09:10:00,70.37,24.61,,,,
07/07/25 09:15:00,70.37,21.17,,,,
07/07/25 09:20:00,70.45,18.91,,,,
07/07/25 09:25:00,70.61,17.96,,,,
07/07/25 09:30:00,70.68,12.34,,,,
07/07/25 09:35:00,70.61,11.64,,,,
07/07/25 09:40:00,70.68,11.32,,,,
07/07/25 09:45:00,70.76,10.70,,,,
07/07/25 09:50:00,70.76,10.47,,,,
07/07/25 09:55:00,70.76,10.94,,,,
07/07/25 10:00:00,70.68,11.17,,,,
07/07/25 10:05:00,70.68,10.62,,,,
07/07/25 10:10:00,70.68,11.24,,,,
07/07/25 10:15:00,70.61,11.48,,,,
07/07/25 10:20:00,70.61,12.42,,,,
07/07/25 10:25:00,70.68,13.60,,,,
07/07/25 10:30:00,70.68,14.69,,,,
07/07/25 10:35:00,70.68,16.65,,,,
07/07/25 10:40:00,70.61,17.35,,,,
07/07/25 10:45:00,70.61,16.88,,,,
07/07/25 10:50:00,70.68,16.10,,,,
07/07/25 10:55:00,70.61,16.25,,,,
07/07/25 11:00:00,70.61,16.95,,,,
07/07/25 11:05:00,70.68,18.45,,,,
07/07/25 11:10:00,70.61,18.53,,,,
07/07/25 11:15:00,70.68,19.38,,,,
07/07/25 11:20:00,70.68,22.04,,,,
07/07/25 11:25:00,70.61,23.14,,,,
07/07/25 11:30:00,70.76,23.52,,,,
07/07/25 11:35:00,70.68,22.36,,,,
07/07/25 11:40:00,70.68,21.33,,,,
07/07/25 11:45:00,70.68,20.01,,,,
07/07/25 11:50:00,70.91,20.01,,,,
07/07/25 11:55:00,70.76,22.59,,,,
07/07/25 12:00:00,70.99,29.00,,,,
07/07/25 12:05:00,70.91,24.79,,,,
07/07/25 12:10:00,70.99,21.58,,,,
07/07/25 12:15:00,71.15,19.15,,,,
07/07/25 12:20:00,70.99,17.42,,,,
07/07/25 12:25:00,71.07,16.65,,,,
07/07/25 12:30:00,71.15,15.71,,,,
07/07/25 12:35:00,71.22,15.64,,,,
07/07/25 12:40:00,71.07,16.49,,,,
07/07/25 12:45:00,71.15,19.54,,,,
07/07/25 12:50:00,71.22,25.17,,,,
07/07/25 12:55:00,71.30,26.88,,,,
07/07/25 13:00:00,71.30,24.94,,,,
07/07/25 13:05:00,71.38,27.66,,,,
07/07/25 13:10:00,71.38,42.54,,,,
07/07/25 13:15:00,71.45,35.08,,,,
07/07/25 13:20:00,71.45,42.23,,,,
07/07/25 13:25:00,71.53,36.43,,,,
07/07/25 13:30:00,71.45,36.83,,,,
07/07/25 13:35:00,71.53,37.83,,,,
07/07/25 13:40:00,71.61,36.67,,,,
07/07/25 13:45:00,71.69,38.84,,,,
07/07/25 13:50:00,71.69,37.83,,,,
07/07/25 13:55:00,71.76,33.13,,,,
07/07/25 14:00:00,71.69,33.99,,,,
07/07/25 14:05:00,71.92,107.68,,,,
07/07/25 14:10:00,71.92,41.92,,,,
07/07/25 14:15:00,71.92,32.67,,,,
07/07/25 14:20:00,71.84,35.39,,,,
07/07/25 14:25:00,71.84,34.84,,,,
07/07/25 14:30:00,71.92,40.86,,,,
07/07/25 14:35:00,71.76,27.82,,,,
07/07/25 14:40:00,71.76,30.09,,,,
07/07/25 14:45:00,71.76,23.14,,,,
07/07/25 14:50:00,71.76,21.66,,,,
07/07/25 14:55:00,71.76,21.56,,,,
07/07/25 15:00:00,71.76,25.10,,,,
07/07/25 15:05:00,71.61,26.88,,,,
07/07/25 15:10:00,71.61,27.19,,,,
07/07/25 15:15:00,71.69,27.82,,,,
07/07/25 15:20:00,71.53,26.03,,,,
07/07/25 15:25:00,71.45,26.27,,,,
07/07/25 15:30:00,71.53,32.89,,,,
07/07/25 15:35:00,71.53,25.17,,,,
07/07/25 15:40:00,71.45,27.60,,,,
07/07/25 15:45:00,71.45,21.49,,,,
07/07/25 15:50:00,71.38,21.25,,,,
07/07/25 15:55:00,71.45,28.30,,,,
07/07/25 16:00:00,71.45,21.50,,,,
07/07/25 16:05:00,71.53,19.93,,,,
07/07/25 16:10:00,71.61,18.91,,,,
07/07/25 16:15:00,71.53,17.03,,,,
07/07/25 16:20:00,71.53,17.35,,,,
07/07/25 16:25:00,71.53,15.79,,,,
07/07/25 16:30:00,71.53,13.04,,,,
07/07/25 16:35:00,71.45,12.19,,,,
07/07/25 16:40:00,71.45,10.78,,,,
07/07/25 16:45:00,71.45,11.72,,,,
07/07/25 16:50:00,71.38,12.19,,,,
07/07/25 16:55:00,71.38,11.95,,,,
07/07/25 17:00:00,71.30,12.19,,,,
07/07/25 17:05:00,71.22,12.42,,,,
07/07/25 17:10:00,71.30,12.27,,,,
07/07/25 17:15:00,71.30,11.72,,,,
07/07/25 17:20:00,71.22,12.58,,,,
07/07/25 17:25:00,71.22,12.97,,,,
07/07/25 17:30:00,71.22,13.20,,,,
07/07/25 17:35:00,71.15,11.64,,,,
07/07/25 17:40:00,71.15,11.32,,,,
07/07/25 17:45:00,71.15,10.78,,,,
07/07/25 17:50:00,71.07,10.16,,,,
07/07/25 17:55:00,71.07,8.83,,,,
07/07/25 18:00:00,70.99,8.44,,,,
07/07/25 18:05:00,70.91,9.84,,,,
07/07/25 18:10:00,70.84,9.45,,,,
07/07/25 18:15:00,70.84,9.68,,,,
07/07/25 18:20:00,70.84,10.00,,,,
07/07/25 18:25:00,70.84,9.77,,,,
07/07/25 18:30:00,70.84,10.94,,,,
07/07/25 18:35:00,70.76,9.69,,,,
07/07/25 18:40:00,70.84,9.37,,,,
07/07/25 18:45:00,70.68,9.61,,,,
07/07/25 18:50:00,70.61,8.75,,,,
07/07/25 18:55:00,70.53,7.89,,,,
07/07/25 19:00:00,70.45,6.40,,,,
07/07/25 19:05:00,70.53,5.78,,,,
07/07/25 19:10:00,70.45,5.07,,,,
07/07/25 19:15:00,70.45,4.02,,,,
07/07/25 19:20:00,70.22,3.20,,,,
07/07/25 19:25:00,70.14,2.92,,,,
07/07/25 19:30:00,70.14,3.31,,,,
07/07/25 19:35:00,69.99,3.28,,,,
07/07/25 19:40:00,69.91,3.12,,,,
07/07/25 19:45:00,69.91,2.72,,,,
07/07/25 19:50:00,69.83,2.26,,,,
07/07/25 19:55:00,69.83,2.05,,,,
07/07/25 20:00:00,69.68,1.71,,,,
07/07/25 20:05:00,69.60,1.50,,,,
07/07/25 20:10:00,69.60,1.13,,,,
07/07/25 20:15:00,69.37,0.87,,,,
07/07/25 20:20:00,69.52,0.78,,,,
07/07/25 20:25:00,69.37,0.68,,,,
07/07/25 20:30:00,69.37,0.64,,,,
07/07/25 20:35:00,69.29,0.68,,,,
07/07/25 20:40:00,69.22,0.74,,,,
07/07/25 20:45:00,69.14,0.68,,,,
07/07/25 20:50:00,69.14,0.58,,,,
07/07/25 20:55:00,69.06,0.60,,,,
07/07/25 21:00:00,69.06,0.58,,,,
07/07/25 21:05:00,68.98,0.50,,,,
07/07/25 21:10:00,68.83,0.41,,,,
07/07/25 21:15:00,68.83,0.33,,,,
07/07/25 21:20:00,68.83,0.27,,,,
07/07/25 21:25:00,68.83,0.25,,,,
07/07/25 21:30:00,68.67,0.23,,,,
07/07/25 21:35:00,68.67,0.21,,,,
07/07/25 21:40:00,68.67,0.17,,,,
07/07/25 21:45:00,68.60,0.16,,,,
07/07/25 21:50:00,68.60,0.14,,,,
07/07/25 21:55:00,68.52,0.16,,,,
07/07/25 22:00:00,68.60,0.08,,,,
07/07/25 22:05:00,68.52,0.06,,,,
07/07/25 22:10:00,68.44,0.10,,,,
07/07/25 22:15:00,68.44,0.04,,,,
07/07/25 22:20:00,68.37,0.02,,,,
07/07/25 22:25:00,68.44,0.02,,,,
07/07/25 22:30:00,68.29,0.00,,,,
07/07/25 22:35:00,68.37,0.00,,,,
07/07/25 22:40:00,68.21,0.00,,,,
07/07/25 22:45:00,68.21,0.00,,,,
07/07/25 22:50:00,68.13,0.00,,,,
07/07/25 22:55:00,68.06,0.00,,,,
07/07/25 23:00:00,67.98,0.00,,,,
07/07/25 23:05:00,67.90,0.00,,,,
07/07/25 23:10:00,67.90,0.00,,,,
07/07/25 23:15:00,67.83,0.00,,,,
07/07/25 23:20:00,67.83,0.00,,,,
07/07/25 23:25:00,67.67,0.00,,,,
07/07/25 23:30:00,67.59,0.00,,,,
07/07/25 23:35:00,67.59,0.00,,,,
07/07/25 23:40:00,67.52,0.00,,,,
07/07/25 23:45:00,67.44,0.00,,,,
07/07/25 23:50:00,67.36,0.00,,,,
07/07/25 23:55:00,67.36,0.00,,,,
07/08/25 00:00:00,67.28,0.00,,,,
07/08/25 00:05:00,67.21,0.00,,,,
07/08/25 00:10:00,67.13,0.00,,,,
07/08/25 00:15:00,67.13,0.00,,,,
07/08/25 00:20:00,67.21,0.00,,,,
07/08/25 00:25:00,67.05,0.00,,,,
07/08/25 00:30:00,67.13,0.00,,,,
07/08/25 00:35:00,66.98,0.00,,,,
07/08/25 00:40:00,66.98,0.00,,,,
07/08/25 00:45:00,66.82,0.00,,,,
07/08/25 00:50:00,66.82,0.00,,,,
07/08/25 00:55:00,66.82,0.00,,,,
07/08/25 01:00:00,66.74,0.00,,,,
07/08/25 01:05:00,66.67,0.00,,,,
07/08/25 01:10:00,66.74,0.00,,,,
07/08/25 01:15:00,66.67,0.00,,,,
07/08/25 01:20:00,66.67,0.00,,,,
07/08/25 01:25:00,66.67,0.00,,,,
07/08/25 01:30:00,66.67,0.00,,,,
07/08/25 01:35:00,66.74,0.00,,,,
07/08/25 01:40:00,66.59,0.00,,,,
07/08/25 01:45:00,66.59,0.00,,,,
07/08/25 01:50:00,66.51,0.04,,,,
07/08/25 01:55:00,66.44,0.00,,,,
07/08/25 02:00:00,66.44,0.00,,,,
07/08/25 02:05:00,66.36,0.00,,,,
07/08/25 02:10:00,66.44,0.00,,,,
07/08/25 02:15:00,66.36,0.00,,,,
07/08/25 02:20:00,66.28,0.00,,,,
07/08/25 02:25:00,66.28,0.00,,,,
07/08/25 02:30:00,66.36,0.00,,,,
07/08/25 02:35:00,66.20,0.00,,,,
07/08/25 02:40:00,66.13,0.00,,,,
07/08/25 02:45:00,66.20,0.00,,,,
07/08/25 02:50:00,66.20,0.00,,,,
07/08/25 02:55:00,65.97,0.00,,,,
07/08/25 03:00:00,66.13,0.00,,,,
07/08/25 03:05:00,65.89,0.00,,,,
07/08/25 03:10:00,65.97,0.00,,,,
07/08/25 03:15:00,65.97,0.00,,,,
07/08/25 03:20:00,65.97,0.00,,,,
07/08/25 03:25:00,65.82,0.00,,,,
07/08/25 03:30:00,65.89,0.00,,,,
07/08/25 03:35:00,65.82,0.00,,,,
07/08/25 03:40:00,65.66,0.00,,,,
07/08/25 03:45:00,65.74,0.02,,,,
07/08/25 03:50:00,65.74,0.02,,,,
07/08/25 03:55:00,65.66,0.02,,,,
07/08/25 04:00:00,65.59,0.04,,,,
07/08/25 04:05:00,65.51,0.06,,,,
07/08/25 04:10:00,65.51,0.08,,,,
07/08/25 04:15:00,65.51,0.10,,,,
07/08/25 04:20:00,65.35,0.10,,,,
07/08/25 04:25:00,65.51,0.12,,,,
07/08/25 04:30:00,65.43,0.14,,,,
07/08/25 04:35:00,65.35,0.19,,,,
07/08/25 04:40:00,65.28,0.25,,,,
07/08/25 04:45:00,65.20,0.25,,,,
07/08/25 04:50:00,65.12,0.33,,,,
07/08/25 04:55:00,65.20,0.37,,,,
07/08/25 05:00:00,65.20,0.39,,,,
07/08/25 05:05:00,65.35,0.50,,,,
07/08/25 05:10:00,65.20,0.50,,,,
07/08/25 05:15:00,65.12,0.60,,,,
07/08/25 05:20:00,65.28,0.74,,,,
07/08/25 05:25:00,65.12,0.58,,,,
07/08/25 05:30:00,65.05,0.62,,,,
07/08/25 05:35:00,64.97,0.76,,,,
07/08/25 05:40:00,64.97,0.70,,,,
07/08/25 05:45:00,64.97,0.95,,,,
07/08/25 05:50:00,65.12,1.60,,,,
07/08/25 05:55:00,65.12,0.85,,,,
07/08/25 06:00:00,65.12,0.82,,,,
07/08/25 06:05:00,65.12,0.62,,,,
07/08/25 06:10:00,65.12,0.78,,,,
07/08/25 06:15:00,65.20,1.50,,,,
07/08/25 06:20:00,65.20,1.97,,,,
07/08/25 06:25:00,65.12,1.77,,,,
07/08/25 06:30:00,65.12,2.14,,,,
07/08/25 06:35:00,65.05,3.12,,,,
07/08/25 06:40:00,65.12,3.12,,,,
07/08/25 06:45:00,65.12,3.08,,,,
07/08/25 06:50:00,65.12,3.51,,,,
07/08/25 06:55:00,65.12,3.43,,,,
07/08/25 07:00:00,65.20,3.51,,,,
07/08/25 07:05:00,65.20,3.67,,,,
07/08/25 07:10:00,65.12,3.67,,,,
07/08/25 07:15:00,65.20,3.04,,,,
07/08/25 07:20:00,65.05,2.26,,,,
07/08/25 07:25:00,65.12,2.73,,,,
07/08/25 07:30:00,65.20,3.32,,,,
07/08/25 07:35:00,65.20,4.29,,,,
07/08/25 07:40:00,65.28,4.64,,,,
07/08/25 07:45:00,65.12,4.45,,,,
07/08/25 07:50:00,65.28,4.53,,,,
07/08/25 07:55:00,65.28,4.73,,,,
07/08/25 08:00:00,65.12,4.69,,,,
07/08/25 08:05:00,65.05,4.53,,,,
07/08/25 08:10:00,65.12,4.25,,,,
07/08/25 08:15:00,65.12,4.41,,,,
07/08/25 08:20:00,65.05,4.10,,,,
07/08/25 08:25:00,65.05,4.96,,,,
07/08/25 08:30:00,65.05,4.45,,,,
07/08/25 08:35:00,65.28,4.41,,,,
07/08/25 08:40:00,65.51,4.68,,,,
07/08/25 08:45:00,65.59,5.35,,,,
07/08/25 08:50:00,65.89,6.40,,,,
07/08/25 08:55:00,66.05,5.82,,,,
07/08/25 09:00:00,66.05,6.87,,,,
07/08/25 09:05:00,66.28,6.80,,,,
07/08/25 09:10:00,66.51,7.81,,,,
07/08/25 09:15:00,66.59,7.73,,,,
07/08/25 09:20:00,66.74,7.73,,,,
07/08/25 09:25:00,66.74,7.11,,,,
07/08/25 09:30:00,66.90,7.19,,,,
07/08/25 09:35:00,66.98,7.81,,,,
07/08/25 09:40:00,66.98,7.11,,,,
07/08/25 09:45:00,67.05,6.94,,,,
07/08/25 09:50:00,67.13,7.42,,,,
07/08/25 09:55:00,67.21,8.35,,,,
07/08/25 10:00:00,67.44,8.35,,,,
07/08/25 10:05:00,67.44,8.20,,,,
07/08/25 10:10:00,67.44,8.52,,,,
07/08/25 10:15:00,67.59,8.51,,,,
07/08/25 10:20:00,67.67,8.43,,,,
07/08/25 10:25:00,67.67,7.81,,,,
07/08/25 10:30:00,67.59,7.81,,,,
07/08/25 10:35:00,67.59,8.20,,,,
07/08/25 10:40:00,67.67,7.73,,,,
07/08/25 10:45:00,67.75,7.11,,,,
07/08/25 10:50:00,67.83,8.12,,,,
07/08/25 10:55:00,67.75,7.96,,,,
07/08/25 11:00:00,67.83,7.65,,,,
07/08/25 11:05:00,67.75,9.29,,,,
07/08/25 11:10:00,67.75,9.76,,,,
07/08/25 11:15:00,67.83,9.45,,,,
07/08/25 11:20:00,67.83,9.45,,,,
07/08/25 11:25:00,67.90,8.83,,,,
07/08/25 11:30:00,67.90,9.45,,,,
07/08/25 11:35:00,67.98,9.53,,,,
07/08/25 11:40:00,68.06,10.15,,,,
07/08/25 11:45:00,68.13,9.45,,,,
07/08/25 11:50:00,68.13,9.22,,,,
07/08/25 11:55:00,68.06,7.89,,,,
07/08/25 12:00:00,68.13,8.83,,,,
07/08/25 12:05:00,68.13,8.58,,,,
07/08/25 12:10:00,68.06,9.91,,,,
07/08/25 12:15:00,68.13,9.91,,,,
07/08/25 12:20:00,68.21,9.22,,,,
07/08/25 12:25:00,68.29,8.12,,,,
07/08/25 12:30:00,68.37,8.90,,,,
07/08/25 12:35:00,68.37,8.75,,,,
07/08/25 12:40:00,68.44,8.66,,,,
07/08/25 12:45:00,68.52,8.20,,,,
07/08/25 12:50:00,68.60,8.35,,,,
07/08/25 12:55:00,68.67,7.11,,,,
07/08/25 13:00:00,68.75,5.66,,,,
07/08/25 13:05:00,68.75,6.40,,,,
07/08/25 13:10:00,68.83,6.48,,,,
07/08/25 13:15:00,68.75,6.44,,,,
07/08/25 13:20:00,68.91,6.79,,,,
07/08/25 13:25:00,68.83,6.09,,,,
07/08/25 13:30:00,68.83,5.74,,,,
07/08/25 13:35:00,68.91,5.54,,,,
07/08/25 13:40:00,68.91,5.27,,,,
07/08/25 13:45:00,68.91,5.15,,,,
07/08/25 13:50:00,68.91,5.04,,,,
07/08/25 13:55:00,68.91,4.80,,,,
07/08/25 14:00:00,68.91,4.41,,,,
07/08/25 14:05:00,68.98,4.49,,,,
07/08/25 14:10:00,69.06,4.80,,,,
07/08/25 14:15:00,68.98,5.74,,,,
07/08/25 14:20:00,69.06,6.32,,,,
07/08/25 14:25:00,69.06,7.50,,,,
07/08/25 14:30:00,69.06,7.19,,,,
07/08/25 14:35:00,69.06,7.19,,,,
07/08/25 14:40:00,69.14,7.89,,,,
07/08/25 14:45:00,69.14,8.75,,,,
07/08/25 14:50:00,69.22,7.26,,,,
07/08/25 14:55:00,69.22,6.71,,,,
07/08/25 15:00:00,69.22,5.78,,,,
07/08/25 15:05:00,69.45,5.86,,,,
07/08/25 15:10:00,69.45,4.88,,,,
07/08/25 15:15:00,69.52,4.88,,,,
07/08/25 15:20:00,69.60,6.87,,,,
07/08/25 15:25:00,69.60,7.10,,,,
07/08/25 15:30:00,69.68,5.90,,,,
07/08/25 15:35:00,69.60,5.66,,,,
07/08/25 15:40:00,69.52,6.36,,,,
07/08/25 15:45:00,69.60,5.70,,,,
07/08/25 15:50:00,69.60,5.58,,,,
07/08/25 15:55:00,69.60,4.57,,,,
07/08/25 16:00:00,69.45,4.29,,,,
07/08/25 16:05:00,69.45,5.07,,,,
07/08/25 16:10:00,69.29,4.84,,,,
07/08/25 16:15:00,69.29,5.50,,,,
07/08/25 16:20:00,69.22,7.19,,,,
07/08/25 16:25:00,69.06,6.09,,,,
07/08/25 16:30:00,69.14,6.56,,,,
07/08/25 16:35:00,69.22,6.17,,,,
07/08/25 16:40:00,69.06,5.00,,,,
07/08/25 16:45:00,69.14,6.71,,,,
07/08/25 16:50:00,69.14,4.41,,,,
07/08/25 16:55:00,69.14,3.86,,,,
07/08/25 17:00:00,69.06,3.23,,,,
07/08/25 17:05:00,69.06,2.96,,,,
07/08/25 17:10:00,69.06,3.55,,,,
07/08/25 17:15:00,69.06,3.86,,,,
07/08/25 17:20:00,69.06,3.00,,,,
07/08/25 17:25:00,69.14,2.76,,,,
07/08/25 17:30:00,69.14,2.84,,,,
07/08/25 17:35:00,69.14,3.00,,,,
07/08/25 17:40:00,69.06,2.96,,,,
07/08/25 17:45:00,69.06,3.43,,,,
07/08/25 17:50:00,68.98,2.41,,,,
07/08/25 17:55:00,69.06,2.22,,,,
07/08/25 18:00:00,69.06,2.18,,,,
07/08/25 18:05:00,69.06,1.93,,,,
07/08/25 18:10:00,69.06,1.83,,,,
07/08/25 18:15:00,69.06,1.77,,,,
07/08/25 18:20:00,69.06,1.87,,,,
07/08/25 18:25:00,69.06,2.01,,,,
07/08/25 18:30:00,69.14,1.61,,,,
07/08/25 18:35:00,69.14,1.67,,,,
07/08/25 18:40:00,69.06,1.97,,,,
07/08/25 18:45:00,69.06,1.65,,,,
07/08/25 18:50:00,69.06,2.22,,,,
07/08/25 18:55:00,68.98,3.63,,,,
07/08/25 19:00:00,68.98,3.20,,,,
07/08/25 19:05:00,68.98,2.49,,,,
07/08/25 19:10:00,68.98,2.65,,,,
07/08/25 19:15:00,68.91,3.86,,,,
07/08/25 19:20:00,68.91,5.42,,,,
07/08/25 19:25:00,68.91,5.97,,,,
07/08/25 19:30:00,68.91,4.73,,,,
07/08/25 19:35:00,68.91,4.14,,,,
07/08/25 19:40:00,68.75,4.06,,,,
07/08/25 19:45:00,68.83,3.36,,,,
07/08/25 19:50:00,68.83,3.94,,,,
07/08/25 19:55:00,68.83,4.02,,,,
07/08/25 20:00:00,68.83,3.90,,,,
07/08/25 20:05:00,68.91,3.12,,,,
07/08/25 20:10:00,68.91,2.03,,,,
07/08/25 20:15:00,68.83,1.97,,,,
07/08/25 20:20:00,68.91,2.30,,,,
07/08/25 20:25:00,68.75,2.10,,,,
07/08/25 20:30:00,68.83,1.77,,,,
07/08/25 20:35:00,68.91,1.99,,,,
07/08/25 20:40:00,68.83,1.97,,,,
07/08/25 20:45:00,68.83,1.71,,,,
07/08/25 20:50:00,68.67,1.93,,,,
07/08/25 20:55:00,68.67,1.75,,,,
07/08/25 21:00:00,68.67,1.64,,,,
07/08/25 21:05:00,68.60,1.24,,,,
07/08/25 21:10:00,68.67,0.87,,,,
07/08/25 21:15:00,68.60,0.80,,,,
07/08/25 21:20:00,68.60,0.74,,,,
07/08/25 21:25:00,68.52,0.58,,,,
07/08/25 21:30:00,68.60,0.54,,,,
07/08/25 21:35:00,68.75,0.39,,,,
07/08/25 21:40:00,68.67,0.27,,,,
07/08/25 21:45:00,68.60,0.17,,,,
07/08/25 21:50:00,68.67,0.12,,,,
07/08/25 21:55:00,68.60,0.14,,,,
07/08/25 22:00:00,68.52,0.08,,,,
07/08/25 22:05:00,68.60,0.04,,,,
07/08/25 22:10:00,68.60,0.02,,,,
07/08/25 22:15:00,68.52,0.02,,,,
07/08/25 22:20:00,68.60,0.02,,,,
07/08/25 22:25:00,68.52,0.00,,,,
07/08/25 22:30:00,68.60,0.00,,,,
07/08/25 22:35:00,68.44,0.00,,,,
07/08/25 22:40:00,68.52,0.00,,,,
07/08/25 22:45:00,68.60,0.00,,,,
07/08/25 22:50:00,68.52,0.00,,,,
07/08/25 22:55:00,68.52,0.00,,,,
07/08/25 23:00:00,68.44,0.00,,,,
07/08/25 23:05:00,68.52,0.00,,,,
07/08/25 23:10:00,68.37,0.00,,,,
07/08/25 23:15:00,68.44,0.00,,,,
07/08/25 23:20:00,68.37,0.00,,,,
07/08/25 23:25:00,68.44,0.00,,,,
07/08/25 23:30:00,68.37,0.00,,,,
07/08/25 23:35:00,68.44,0.00,,,,
07/08/25 23:40:00,68.37,0.00,,,,
07/08/25 23:45:00,68.37,0.00,,,,
07/08/25 23:50:00,68.37,0.00,,,,
07/08/25 23:55:00,68.37,0.00,,,,
07/09/25 00:00:00,68.37,0.00,,,,
07/09/25 00:05:00,68.44,0.00,,,,
07/09/25 00:10:00,68.52,0.00,,,,
07/09/25 00:15:00,68.44,0.00,,,,
07/09/25 00:20:00,68.44,0.00,,,,
07/09/25 00:25:00,68.44,0.00,,,,
07/09/25 00:30:00,68.37,0.00,,,,
07/09/25 00:35:00,68.44,0.00,,,,
07/09/25 00:40:00,68.37,0.00,,,,
07/09/25 00:45:00,68.29,0.00,,,,
07/09/25 00:50:00,68.37,0.04,,,,
07/09/25 00:55:00,68.29,0.00,,,,
07/09/25 01:00:00,68.37,0.00,,,,
07/09/25 01:05:00,68.21,0.02,,,,
07/09/25 01:10:00,68.29,0.25,,,,
07/09/25 01:15:00,68.29,0.25,,,,
07/09/25 01:20:00,68.29,0.25,,,,
07/09/25 01:25:00,68.29,0.00,,,,
07/09/25 01:30:00,68.29,0.00,,,,
07/09/25 01:35:00,68.37,0.00,,,,
07/09/25 01:40:00,68.37,0.00,,,,
07/09/25 01:45:00,68.37,0.00,,,,
07/09/25 01:50:00,68.37,0.00,,,,
07/09/25 01:55:00,68.37,0.00,,,,
07/09/25 02:00:00,68.37,0.00,,,,
07/09/25 02:05:00,68.37,0.00,,,,
07/09/25 02:10:00,68.37,0.00,,,,
07/09/25 02:15:00,68.29,0.00,,,,
07/09/25 02:20:00,68.29,0.00,,,,
07/09/25 02:25:00,68.29,0.00,,,,
07/09/25 02:30:00,68.21,0.00,,,,
07/09/25 02:35:00,68.21,0.00,,,,
07/09/25 02:40:00,68.21,0.00,,,,
07/09/25 02:45:00,68.21,0.00,,,,
07/09/25 02:50:00,68.21,0.00,,,,
07/09/25 02:55:00,68.21,0.00,,,,
07/09/25 03:00:00,68.21,0.00,,,,
07/09/25 03:05:00,68.13,0.00,,,,
07/09/25 03:10:00,68.13,0.00,,,,
07/09/25 03:15:00,68.13,0.00,,,,
07/09/25 03:20:00,68.06,0.00,,,,
07/09/25 03:25:00,68.06,0.00,,,,
07/09/25 03:30:00,68.06,0.00,,,,
07/09/25 03:35:00,68.06,0.00,,,,
07/09/25 03:40:00,68.06,0.00,,,,
07/09/25 03:45:00,68.06,0.02,,,,
07/09/25 03:50:00,68.21,0.02,,,,
07/09/25 03:55:00,68.13,0.04,,,,
07/09/25 04:00:00,68.13,0.08,,,,
07/09/25 04:05:00,68.13,0.12,,,,
07/09/25 04:10:00,68.13,0.12,,,,
07/09/25 04:15:00,68.21,0.17,,,,
07/09/25 04:20:00,68.21,0.27,,,,
07/09/25 04:25:00,68.13,0.39,,,,
07/09/25 04:30:00,68.13,0.47,,,,
07/09/25 04:35:00,68.13,0.54,,,,
07/09/25 04:40:00,68.06,0.66,,,,
07/09/25 04:45:00,68.06,1.05,,,,
07/09/25 04:50:00,68.06,1.40,,,,
07/09/25 04:55:00,67.98,1.64,,,,
07/09/25 05:00:00,67.98,1.34,,,,
07/09/25 05:05:00,67.90,1.58,,,,
07/09/25 05:10:00,68.06,1.75,,,,
07/09/25 05:15:00,67.90,2.73,,,,
07/09/25 05:20:00,67.98,2.65,,,,
07/09/25 05:25:00,67.98,2.46,,,,
07/09/25 05:30:00,67.90,1.69,,,,
07/09/25 05:35:00,68.06,1.42,,,,
07/09/25 05:40:00,68.06,1.83,,,,
07/09/25 05:45:00,68.06,2.37,,,,
07/09/25 05:50:00,68.06,2.49,,,,
07/09/25 05:55:00,67.98,2.92,,,,
07/09/25 06:00:00,67.98,3.98,,,,
07/09/25 06:05:00,67.98,5.04,,,,
07/09/25 06:10:00,67.90,7.73,,,,
07/09/25 06:15:00,68.13,8.21,,,,
07/09/25 06:20:00,68.13,7.58,,,,
07/09/25 06:25:00,68.13,8.44,,,,
07/09/25 06:30:00,68.13,8.60,,,,
07/09/25 06:35:00,68.21,9.84,,,,
07/09/25 06:40:00,68.13,8.04,,,,
07/09/25 06:45:00,68.21,6.64,,,,
07/09/25 06:50:00,68.21,6.64,,,,
07/09/25 06:55:00,68.21,6.09,,,,
07/09/25 07:00:00,68.29,5.58,,,,
07/09/25 07:05:00,68.37,5.11,,,,
07/09/25 07:10:00,68.29,4.80,,,,
07/09/25 07:15:00,68.29,6.01,,,,
07/09/25 07:20:00,68.37,5.50,,,,
07/09/25 07:25:00,68.37,4.72,,,,
07/09/25 07:30:00,68.37,4.96,,,,
07/09/25 07:35:00,68.37,5.50,,,,
07/09/25 07:40:00,68.29,6.95,,,,
07/09/25 07:45:00,68.37,9.77,,,,
07/09/25 07:50:00,68.37,7.58,,,,
07/09/25 07:55:00,68.37,5.50,,,,
07/09/25 08:00:00,68.37,5.78,,,,
07/09/25 08:05:00,68.37,9.37,,,,
07/09/25 08:10:00,68.37,16.18,,,,
07/09/25 08:15:00,68.44,13.91,,,,
07/09/25 08:20:00,68.29,8.04,,,,
07/09/25 08:25:00,68.37,9.91,,,,
07/09/25 08:30:00,68.37,11.48,,,,
07/09/25 08:35:00,68.37,8.51,,,,
07/09/25 08:40:00,68.44,10.94,,,,
07/09/25 08:45:00,68.60,10.62,,,,
07/09/25 08:50:00,68.67,12.97,,,,
07/09/25 08:55:00,68.75,14.45,,,,
07/09/25 09:00:00,68.75,16.34,,,,
07/09/25 09:05:00,68.83,10.70,,,,
07/09/25 09:10:00,68.83,8.60,,,,
07/09/25 09:15:00,68.83,6.17,,,,
07/09/25 09:20:00,68.83,7.26,,,,
07/09/25 09:25:00,68.91,7.89,,,,
07/09/25 09:30:00,68.91,10.46,,,,
07/09/25 09:35:00,68.91,15.15,,,,
07/09/25 09:40:00,68.98,20.94,,,,
07/09/25 09:45:00,68.98,20.32,,,,
07/09/25 09:50:00,69.06,18.53,,,,
07/09/25 09:55:00,69.22,18.12,,,,
07/09/25 10:00:00,69.22,15.15,,,,
07/09/25 10:05:00,69.22,13.04,,,,
07/09/25 10:10:00,69.14,12.50,,,,
07/09/25 10:15:00,69.22,12.97,,,,
07/09/25 10:20:00,69.29,12.89,,,,
07/09/25 10:25:00,69.37,12.34,,,,
07/09/25 10:30:00,69.37,13.43,,,,
07/09/25 10:35:00,69.29,13.99,,,,
07/09/25 10:40:00,69.29,14.76,,,,
07/09/25 10:45:00,69.37,13.36,,,,
07/09/25 10:50:00,69.37,15.48,,,,
07/09/25 10:55:00,69.45,16.41,,,,
07/09/25 11:00:00,69.37,17.42,,,,
07/09/25 11:05:00,69.52,20.24,,,,
07/09/25 11:10:00,69.60,25.17,,,,
07/09/25 11:15:00,69.68,25.00,,,,
07/09/25 11:20:00,69.68,33.91,,,,
07/09/25 11:25:00,69.76,32.26,,,,
07/09/25 11:30:00,69.91,37.53,,,,
07/09/25 11:35:00,69.83,39.15,,,,
07/09/25 11:40:00,69.99,34.31,,,,
07/09/25 11:45:00,69.99,37.29,,,,
07/09/25 11:50:00,70.06,35.54,,,,
07/09/25 11:55:00,70.06,44.95,,,,
07/09/25 12:00:00,70.22,35.32,,,,
07/09/25 12:05:00,70.22,55.52,,,,
07/09/25 12:10:00,70.37,42.35,,,,
07/09/25 12:15:00,70.45,38.69,,,,
07/09/25 12:20:00,70.53,39.00,,,,
07/09/25 12:25:00,70.53,61.54,,,,
07/09/25 12:30:00,70.53,58.70,,,,
07/09/25 12:35:00,70.68,50.51,,,,
07/09/25 12:40:00,70.68,36.83,,,,
07/09/25 12:45:00,70.68,43.31,,,,
07/09/25 12:50:00,70.61,58.46,,,,
07/09/25 12:55:00,70.76,54.54,,,,
07/09/25 13:00:00,70.76,46.27,,,,
07/09/25 13:05:00,70.76,46.66,,,,
07/09/25 13:10:00,70.84,53.53,,,,
07/09/25 13:15:00,70.84,41.87,,,,
07/09/25 13:20:00,70.84,41.03,,,,
07/09/25 13:25:00,70.84,52.99,,,,
07/09/25 13:30:00,70.76,47.05,,,,
07/09/25 13:35:00,70.76,37.99,,,,
07/09/25 13:40:00,70.76,32.51,,,,
07/09/25 13:45:00,70.76,33.68,,,,
07/09/25 13:50:00,70.68,33.37,,,,
07/09/25 13:55:00,70.61,32.51,,,,
07/09/25 14:00:00,70.68,34.46,,,,
07/09/25 14:05:00,70.76,67.78,,,,
07/09/25 14:10:00,70.91,48.32,,,,
07/09/25 14:15:00,70.99,42.69,,,,
07/09/25 14:20:00,70.84,56.22,,,,
07/09/25 14:25:00,70.84,40.79,,,,
07/09/25 14:30:00,70.84,39.54,,,,
07/09/25 14:35:00,70.76,32.60,,,,
07/09/25 14:40:00,70.53,31.50,,,,
07/09/25 14:45:00,70.37,25.72,,,,
07/09/25 14:50:00,70.30,25.95,,,,
07/09/25 14:55:00,70.06,33.52,,,,
07/09/25 15:00:00,70.06,23.52,,,,
07/09/25 15:05:00,70.06,28.53,,,,
07/09/25 15:10:00,70.06,20.48,,,,
07/09/25 15:15:00,70.14,22.98,,,,
07/09/25 15:20:00,70.14,30.47,,,,
07/09/25 15:25:00,69.99,31.11,,,,
07/09/25 15:30:00,69.91,27.82,,,,
07/09/25 15:35:00,69.83,25.72,,,,
07/09/25 15:40:00,69.76,28.23,,,,
07/09/25 15:45:00,69.76,23.60,,,,
07/09/25 15:50:00,69.68,26.81,,,,
07/09/25 15:55:00,69.60,26.65,,,,
07/09/25 16:00:00,69.52,29.88,,,,
07/09/25 16:05:00,69.45,28.38,,,,
07/09/25 16:10:00,69.37,23.93,,,,
07/09/25 16:15:00,69.22,24.24,,,,
07/09/25 16:20:00,69.22,20.62,,,,
07/09/25 16:25:00,69.14,17.03,,,,
07/09/25 16:30:00,69.14,17.96,,,,
07/09/25 16:35:00,69.14,18.61,,,,
07/09/25 16:40:00,69.22,22.76,,,,
07/09/25 16:45:00,69.06,19.70,,,,
07/09/25 16:50:00,68.98,16.65,,,,
07/09/25 16:55:00,68.98,14.61,,,,
07/09/25 17:00:00,69.06,15.79,,,,
07/09/25 17:05:00,68.98,17.89,,,,
07/09/25 17:10:00,68.98,16.88,,,,
07/09/25 17:15:00,68.91,16.65,,,,
07/09/25 17:20:00,68.91,15.79,,,,
07/09/25 17:25:00,68.98,14.69,,,,
07/09/25 17:30:00,68.75,13.44,,,,
07/09/25 17:35:00,68.75,13.12,,,,
07/09/25 17:40:00,68.83,12.65,,,,
07/09/25 17:45:00,68.83,14.06,,,,
07/09/25 17:50:00,68.67,14.45,,,,
07/09/25 17:55:00,68.67,13.91,,,,
07/09/25 18:00:00,68.60,13.52,,,,
07/09/25 18:05:00,68.75,12.89,,,,
07/09/25 18:10:00,68.67,12.27,,,,
07/09/25 18:15:00,68.60,11.80,,,,
07/09/25 18:20:00,68.52,10.08,,,,
07/09/25 18:25:00,68.44,10.39,,,,
07/09/25 18:30:00,68.37,9.29,,,,
07/09/25 18:35:00,68.37,9.93,,,,
07/09/25 18:40:00,68.29,10.16,,,,
07/09/25 18:45:00,68.37,9.68,,,,
07/09/25 18:50:00,68.29,8.67,,,,
07/09/25 18:55:00,68.13,8.60,,,,
07/09/25 19:00:00,68.21,7.65,,,,
07/09/25 19:05:00,68.21,6.33,,,,
07/09/25 19:10:00,68.13,5.27,,,,
07/09/25 19:15:00,68.13,5.38,,,,
07/09/25 19:20:00,68.06,5.38,,,,
07/09/25 19:25:00,68.06,5.31,,,,
07/09/25 19:30:00,67.90,4.57,,,,
07/09/25 19:35:00,67.90,4.92,,,,
07/09/25 19:40:00,67.83,4.49,,,,
07/09/25 19:45:00,67.90,4.64,,,,
07/09/25 19:50:00,67.90,4.41,,,,
07/09/25 19:55:00,67.90,3.86,,,,
07/09/25 20:00:00,67.83,3.55,,,,
07/09/25 20:05:00,67.75,3.86,,,,
07/09/25 20:10:00,67.83,3.67,,,,
07/09/25 20:15:00,67.75,3.43,,,,
07/09/25 20:20:00,67.75,3.32,,,,
07/09/25 20:25:00,67.67,3.28,,,,
07/09/25 20:30:00,67.83,4.10,,,,
07/09/25 20:35:00,67.90,3.51,,,,
07/09/25 20:40:00,68.06,3.24,,,,
07/09/25 20:45:00,68.21,2.88,,,,
07/09/25 20:50:00,68.37,3.12,,,,
07/09/25 20:55:00,68.52,3.00,,,,
07/09/25 21:00:00,68.52,2.84,,,,
07/09/25 21:05:00,68.60,2.53,,,,
07/09/25 21:10:00,68.60,2.49,,,,
07/09/25 21:15:00,68.67,2.34,,,,
07/09/25 21:20:00,68.75,2.14,,,,
07/09/25 21:25:00,68.75,2.03,,,,
07/09/25 21:30:00,68.67,1.95,,,,
07/09/25 21:35:00,68.52,1.73,,,,
07/09/25 21:40:00,68.60,1.63,,,,
07/09/25 21:45:00,68.52,1.50,,,,
07/09/25 21:50:00,68.52,1.44,,,,
07/09/25 21:55:00,68.37,1.36,,,,
07/09/25 22:00:00,68.44,1.30,,,,
07/09/25 22:05:00,68.37,1.24,,,,
07/09/25 22:10:00,68.60,1.05,,,,
07/09/25 22:15:00,68.44,1.03,,,,
07/09/25 22:20:00,68.60,0.99,,,,
07/09/25 22:25:00,68.52,0.97,,,,
07/09/25 22:30:00,68.44,0.02,,,,
07/09/25 22:35:00,68.37,0.00,,,,
07/09/25 22:40:00,68.29,0.00,,,,
07/09/25 22:45:00,68.29,0.00,,,,
07/09/25 22:50:00,68.29,0.00,,,,
07/09/25 22:55:00,68.13,0.00,,,,
07/09/25 23:00:00,68.06,0.00,,,,
07/09/25 23:05:00,68.06,0.00,,,,
07/09/25 23:10:00,67.90,0.00,,,,
07/09/25 23:15:00,68.06,0.02,,,,
07/09/25 23:15:37,,,Logged,,,
07/09/25 23:15:38,,,,Logged,,
07/09/25 23:15:49,,,,,Logged,Logged
