Date Time,Temp (°F) LGR S/N: 22038778 c:1,Intensity (lum/ft²) LGR S/N: 22038778 c:2,Button Down LGR S/N: 22038778,Button Up LGR S/N: 22038778,Host Connected LGR S/N: 22038778,End Of File LGR S/N: 22038778
06/17/25 14:10:00,65.20,8485.80,,,,
06/17/25 14:15:00,65.35,8337.39,,,,
06/17/25 14:20:00,64.58,8386.86,,,,
06/17/25 14:25:00,64.58,8367.83,,,,
06/17/25 14:30:00,66.28,8546.68,,,,
06/17/25 14:35:00,66.28,8580.93,,,,
06/17/25 14:40:00,65.35,8565.71,,,,
06/17/25 14:45:00,65.35,8577.13,,,,
06/17/25 14:50:00,65.20,8683.67,,,,
06/17/25 14:55:00,65.12,8512.44,,,,
06/17/25 15:00:00,66.28,8561.90,,,,
06/17/25 15:05:00,66.51,8550.49,,,,
06/17/25 15:10:00,65.74,8504.83,,,,
06/17/25 15:15:00,66.28,8409.69,,,,
06/17/25 15:20:00,65.20,8329.78,,,,
06/17/25 15:25:00,65.51,8466.77,,,,
06/17/25 15:30:00,66.51,8424.91,,,,
06/17/25 15:35:00,66.13,8443.94,,,,
06/17/25 15:40:00,65.43,8516.24,,,,
06/17/25 15:45:00,66.67,8493.41,,,,
06/17/25 15:50:00,66.28,8440.14,,,,
06/17/25 15:55:00,66.90,8379.25,,,,
06/17/25 16:00:00,66.05,8329.78,,,,
06/17/25 16:05:00,66.51,8352.61,,,,
06/17/25 16:10:00,66.67,8341.20,,,,
06/17/25 16:15:00,64.27,8188.99,,,,
06/17/25 16:20:00,64.35,8169.96,,,,
06/17/25 16:25:00,63.73,8082.44,,,,
06/17/25 16:30:00,63.11,8013.94,,,,
06/17/25 16:35:00,63.27,7964.47,,,,
06/17/25 16:40:00,63.27,7892.17,,,,
06/17/25 16:45:00,62.73,7774.21,,,,
06/17/25 16:50:00,62.34,7757.09,,,,
06/17/25 16:55:00,61.80,7475.49,,,,
06/17/25 17:00:00,61.80,7488.81,,,,
06/17/25 17:05:00,62.34,7547.79,,,,
06/17/25 17:10:00,62.03,7481.20,,,,
06/17/25 17:15:00,61.72,7420.32,,,,
06/17/25 17:20:00,61.18,7294.74,,,,
06/17/25 17:25:00,59.33,6744.88,,,,
06/17/25 17:30:00,59.95,7016.96,,,,
06/17/25 17:35:00,60.49,7068.33,,,,
06/17/25 17:40:00,60.64,6556.52,,,,
06/17/25 17:45:00,60.64,7113.99,,,,
06/17/25 17:50:00,60.88,6988.42,,,,
06/17/25 17:55:00,60.03,6484.22,,,,
06/17/25 18:00:00,59.56,6723.95,,,,
06/17/25 18:05:00,60.41,6432.84,,,,
06/17/25 18:10:00,59.79,6292.05,,,,
06/17/25 18:15:00,59.87,6396.69,,,,
06/17/25 18:20:00,60.18,6358.64,,,,
06/17/25 18:25:00,60.88,6332.00,,,,
06/17/25 18:30:00,60.72,6332.00,,,,
06/17/25 18:35:00,59.95,6080.86,,,,
06/17/25 18:40:00,59.25,6118.91,,,,
06/17/25 18:45:00,59.02,5917.23,,,,
06/17/25 18:50:00,56.71,4551.13,,,,
06/17/25 18:55:00,55.01,5177.10,,,,
06/17/25 19:00:00,55.70,4975.42,,,,
06/17/25 19:05:00,57.25,5690.81,,,,
06/17/25 19:10:00,55.62,3288.72,,,,
06/17/25 19:15:00,48.06,1980.65,,,,
06/17/25 19:20:00,52.07,4830.82,,,,
06/17/25 19:25:00,55.62,4828.91,,,,
06/17/25 19:30:00,55.39,4058.34,,,,
06/17/25 19:35:00,57.32,5363.56,,,,
06/17/25 19:40:00,58.64,5414.93,,,,
06/17/25 19:45:00,58.02,4473.12,,,,
06/17/25 19:50:00,54.16,3638.81,,,,
06/17/25 19:55:00,55.78,4505.46,,,,
06/17/25 20:00:00,53.31,2771.20,,,,
06/17/25 20:05:00,50.06,2457.27,,,,
06/17/25 20:10:00,54.47,4377.99,,,,
06/17/25 20:15:00,54.08,3824.32,,,,
06/17/25 20:20:00,54.08,3342.00,,,,
06/17/25 20:25:00,51.61,3370.54,,,,
06/17/25 20:30:00,51.07,3682.57,,,,
06/17/25 20:35:00,53.00,3617.88,,,,
06/17/25 20:40:00,53.85,2828.28,,,,
06/17/25 20:45:00,53.23,3150.78,,,,
06/17/25 20:50:00,53.46,2864.43,,,,
06/17/25 20:55:00,53.46,2525.76,,,,
06/17/25 21:00:00,51.38,2201.36,,,,
06/17/25 21:05:00,53.77,2620.89,,,,
06/17/25 21:10:00,53.69,2507.69,,,,
06/17/25 21:15:00,52.15,2334.55,,,,
06/17/25 21:20:00,51.69,2190.90,,,,
06/17/25 21:25:00,51.61,2027.27,,,,
06/17/25 21:30:00,51.15,1850.32,,,,
06/17/25 21:35:00,48.37,962.26,,,,
06/17/25 21:40:00,43.96,986.05,,,,
06/17/25 21:45:00,44.43,1008.40,,,,
06/17/25 21:50:00,43.27,847.87,,,,
06/17/25 21:55:00,46.05,1174.88,,,,
06/17/25 22:00:00,44.50,804.82,,,,
06/17/25 22:05:00,43.04,578.88,,,,
06/17/25 22:10:00,44.97,803.39,,,,
06/17/25 22:15:00,46.13,740.60,,,,
06/17/25 22:20:00,45.20,453.78,,,,
06/17/25 22:25:00,42.65,315.72,,,,
06/17/25 22:30:00,42.27,248.89,,,,
06/17/25 22:35:00,42.03,201.50,,,,
06/17/25 22:40:00,41.34,183.66,,,,
06/17/25 22:45:00,40.72,146.98,,,,
06/17/25 22:50:00,41.11,126.35,,,,
06/17/25 22:55:00,40.41,106.70,,,,
06/17/25 23:00:00,40.72,83.66,,,,
06/17/25 23:05:00,40.33,61.75,,,,
06/17/25 23:10:00,40.03,46.48,,,,
06/17/25 23:15:00,39.79,30.39,,,,
06/17/25 23:20:00,41.26,21.55,,,,
06/17/25 23:25:00,40.33,16.88,,,,
06/17/25 23:30:00,40.33,13.73,,,,
06/17/25 23:35:00,39.72,11.06,,,,
06/17/25 23:40:00,38.94,7.59,,,,
06/17/25 23:45:00,41.18,5.04,,,,
06/17/25 23:50:00,40.88,3.47,,,,
06/17/25 23:55:00,40.88,2.50,,,,
06/18/25 00:00:00,38.94,1.95,,,,
06/18/25 00:05:00,38.94,1.53,,,,
06/18/25 00:10:00,41.03,1.21,,,,
06/18/25 00:15:00,41.80,0.93,,,,
06/18/25 00:20:00,41.49,0.72,,,,
06/18/25 00:25:00,42.11,0.52,,,,
06/18/25 00:30:00,43.58,0.38,,,,
06/18/25 00:35:00,43.58,0.28,,,,
06/18/25 00:40:00,42.57,0.22,,,,
06/18/25 00:45:00,41.11,0.20,,,,
06/18/25 00:50:00,41.88,0.16,,,,
06/18/25 00:55:00,42.34,0.14,,,,
06/18/25 01:00:00,42.57,0.10,,,,
06/18/25 01:05:00,43.11,0.08,,,,
06/18/25 01:10:00,43.04,0.06,,,,
06/18/25 01:15:00,43.50,0.04,,,,
06/18/25 01:20:00,43.19,0.02,,,,
06/18/25 01:25:00,42.42,0.00,,,,
06/18/25 01:30:00,41.18,0.00,,,,
06/18/25 01:35:00,39.10,0.00,,,,
06/18/25 01:40:00,39.87,0.00,,,,
06/18/25 01:45:00,40.57,0.00,,,,
06/18/25 01:50:00,40.88,0.00,,,,
06/18/25 01:55:00,40.57,0.00,,,,
06/18/25 02:00:00,40.72,0.00,,,,
06/18/25 02:05:00,42.19,0.00,,,,
06/18/25 02:10:00,42.73,0.00,,,,
06/18/25 02:15:00,41.72,0.00,,,,
06/18/25 02:20:00,42.34,0.00,,,,
06/18/25 02:25:00,42.81,0.08,,,,
06/18/25 02:30:00,42.57,0.00,,,,
06/18/25 02:35:00,42.65,0.02,,,,
06/18/25 02:40:00,42.19,0.04,,,,
06/18/25 02:45:00,42.42,0.06,,,,
06/18/25 02:50:00,42.88,0.06,,,,
06/18/25 02:55:00,42.88,0.10,,,,
06/18/25 03:00:00,43.11,0.12,,,,
06/18/25 03:05:00,43.11,0.16,,,,
06/18/25 03:10:00,42.65,0.20,,,,
06/18/25 03:15:00,41.80,0.24,,,,
06/18/25 03:20:00,40.95,0.28,,,,
06/18/25 03:25:00,41.34,0.38,,,,
06/18/25 03:30:00,42.19,0.50,,,,
06/18/25 03:35:00,42.42,0.66,,,,
06/18/25 03:40:00,42.65,0.93,,,,
06/18/25 03:45:00,42.03,1.25,,,,
06/18/25 03:50:00,42.03,1.61,,,,
06/18/25 03:55:00,41.72,2.34,,,,
06/18/25 04:00:00,41.72,3.27,,,,
06/18/25 04:05:00,41.96,4.72,,,,
06/18/25 04:10:00,41.80,6.22,,,,
06/18/25 04:15:00,41.96,8.88,,,,
06/18/25 04:20:00,42.27,11.55,,,,
06/18/25 04:25:00,42.19,15.99,,,,
06/18/25 04:30:00,42.03,21.72,,,,
06/18/25 04:35:00,41.34,28.34,,,,
06/18/25 04:40:00,40.64,35.69,,,,
06/18/25 04:45:00,40.49,43.88,,,,
06/18/25 04:50:00,40.49,52.99,,,,
06/18/25 04:55:00,41.34,62.37,,,,
06/18/25 05:00:00,42.27,74.11,,,,
06/18/25 05:05:00,43.19,94.81,,,,
06/18/25 05:10:00,42.81,94.42,,,,
06/18/25 05:15:00,42.03,97.78,,,,
06/18/25 05:20:00,41.11,159.23,,,,
06/18/25 05:25:00,40.33,203.58,,,,
06/18/25 05:30:00,39.79,255.31,,,,
06/18/25 05:35:00,39.49,303.12,,,,
06/18/25 05:40:00,40.26,349.02,,,,
06/18/25 05:45:00,40.64,386.71,,,,
06/18/25 05:50:00,41.18,376.96,,,,
06/18/25 05:55:00,41.88,439.27,,,,
06/18/25 06:00:00,42.73,488.74,,,,
06/18/25 06:05:00,43.66,591.25,,,,
06/18/25 06:10:00,44.27,870.94,,,,
06/18/25 06:15:00,43.96,652.61,,,,
06/18/25 06:20:00,43.42,668.07,,,,
06/18/25 06:25:00,43.27,762.49,,,,
06/18/25 06:30:00,43.50,767.48,,,,
06/18/25 06:35:00,44.27,904.47,,,,
06/18/25 06:40:00,43.89,946.09,,,,
06/18/25 06:45:00,44.12,1013.63,,,,
06/18/25 06:50:00,43.19,1013.63,,,,
06/18/25 06:55:00,44.04,949.90,,,,
06/18/25 07:00:00,44.27,980.81,,,,
06/18/25 07:05:00,45.51,1190.58,,,,
06/18/25 07:10:00,46.82,1305.69,,,,
06/18/25 07:15:00,47.90,1408.43,,,,
06/18/25 07:20:00,48.52,1764.23,,,,
06/18/25 07:25:00,50.91,2107.18,,,,
06/18/25 07:30:00,51.53,1842.71,,,,
06/18/25 07:35:00,52.15,1811.32,,,,
06/18/25 07:40:00,52.69,1905.02,,,,
06/18/25 07:45:00,52.38,1784.21,,,,
06/18/25 07:50:00,51.53,1741.87,,,,
06/18/25 07:55:00,51.53,1893.61,,,,
06/18/25 08:00:00,52.15,1996.83,,,,
06/18/25 08:05:00,52.07,2072.93,,,,
06/18/25 08:10:00,51.61,2153.79,,,,
06/18/25 08:15:00,52.92,2756.93,,,,
06/18/25 08:20:00,54.70,2547.64,,,,
06/18/25 08:25:00,53.85,2526.71,,,,
06/18/25 08:30:00,54.47,3050.89,,,,
06/18/25 08:35:00,55.70,3174.56,,,,
06/18/25 08:40:00,56.86,3347.70,,,,
06/18/25 08:45:00,57.32,3279.21,,,,
06/18/25 08:50:00,58.95,3278.26,,,,
06/18/25 08:55:00,60.57,3673.06,,,,
06/18/25 09:00:00,62.57,3872.83,,,,
06/18/25 09:05:00,61.96,4088.79,,,,
06/18/25 09:10:00,62.03,4299.98,,,,
06/18/25 09:15:00,64.43,5498.65,,,,
06/18/25 09:20:00,67.83,5616.61,,,,
06/18/25 09:25:00,66.67,5532.89,,,,
06/18/25 09:30:00,74.70,8961.46,,,,
06/18/25 09:35:00,78.71,6748.68,,,,
06/18/25 09:40:00,79.79,7602.97,,,,
06/18/25 09:45:00,83.19,8208.01,,,,
06/18/25 09:50:00,86.28,8249.87,,,,
06/18/25 09:55:00,85.66,8843.50,,,,
06/18/25 10:00:00,84.35,8721.73,,,,
06/18/25 10:05:00,80.80,9619.78,,,,
06/18/25 10:10:00,71.53,6841.91,,,,
06/18/25 10:15:00,64.58,6723.95,,,,
06/18/25 10:20:00,69.68,8740.75,,,,
06/18/25 10:25:00,73.08,8128.10,,,,
06/18/25 10:30:00,74.47,8272.70,,,,
06/18/25 10:35:00,76.09,7918.81,,,,
06/18/25 10:40:00,78.79,8976.68,,,,
06/18/25 10:45:00,74.08,9642.61,,,,
06/18/25 10:50:00,71.15,9041.37,,,,
06/18/25 10:55:00,69.22,8759.78,,,,
06/18/25 11:00:00,70.45,8653.23,,,,
06/18/25 11:05:00,69.52,8417.30,,,,
06/18/25 11:10:00,70.14,8835.89,,,,
06/18/25 11:15:00,66.90,9185.97,,,,
06/18/25 11:20:00,69.22,8660.84,,,,
06/18/25 11:25:00,71.84,8649.43,,,,
06/18/25 11:30:00,73.62,8801.64,,,,
06/18/25 11:35:00,69.99,9395.26,,,,
06/18/25 11:40:00,70.22,6918.02,,,,
06/18/25 11:45:00,73.23,8790.22,,,,
06/18/25 11:50:00,75.70,8424.91,,,,
06/18/25 11:55:00,73.15,8341.20,,,,
06/18/25 12:00:00,77.01,8181.38,,,,
06/18/25 12:05:00,76.71,8234.65,,,,
06/18/25 12:10:00,72.77,8196.60,,,,
06/18/25 12:15:00,70.30,8257.48,,,,
06/18/25 12:20:00,73.23,8299.34,,,,
06/18/25 12:25:00,74.62,8345.00,,,,
06/18/25 12:30:00,76.24,8832.08,,,,
06/18/25 12:35:00,76.40,6632.62,,,,
06/18/25 12:40:00,75.62,4545.42,,,,
06/18/25 12:45:00,77.48,9224.03,,,,
06/18/25 12:50:00,65.12,4749.00,,,,
06/18/25 12:55:00,63.27,8873.94,,,,
06/18/25 13:00:00,66.20,9699.69,,,,
06/18/25 13:05:00,70.45,9707.30,,,,
06/18/25 13:10:00,70.99,11218.00,,,,
06/18/25 13:15:00,63.89,5093.38,,,,
06/18/25 13:20:00,69.14,9288.72,,,,
06/18/25 13:25:00,71.38,9117.48,,,,
06/18/25 13:30:00,72.15,9239.25,,,,
06/18/25 13:35:00,70.84,9817.65,,,,
06/18/25 13:40:00,72.69,10681.45,,,,
06/18/25 13:45:00,66.05,7431.73,,,,
06/18/25 13:50:00,66.74,8790.22,,,,
06/18/25 13:55:00,68.60,8702.70,,,,
06/18/25 14:00:00,68.75,8657.04,,,,
06/18/25 14:05:00,63.42,5180.90,,,,
06/18/25 14:10:00,61.65,6864.74,,,,
06/18/25 14:15:00,60.49,6910.41,,,,
06/18/25 14:20:00,62.19,6602.18,,,,
06/18/25 14:25:00,60.80,6050.41,,,,
06/18/25 14:30:00,64.58,9216.41,,,,
06/18/25 14:35:00,62.42,7325.19,,,,
06/18/25 14:40:00,65.82,7960.67,,,,
06/18/25 14:45:00,71.92,11472.95,,,,
06/18/25 14:50:00,63.35,6642.14,,,,
06/18/25 14:55:00,61.96,5822.10,,,,
06/18/25 15:00:00,57.32,6082.76,,,,
06/18/25 15:05:00,54.93,4828.91,,,,
06/18/25 15:10:00,51.69,4132.55,,,,
06/18/25 15:15:00,50.37,3814.80,,,,
06/18/25 15:20:00,49.29,3415.25,,,,
06/18/25 15:25:00,48.21,3530.36,,,,
06/18/25 15:30:00,49.45,3689.23,,,,
06/18/25 15:35:00,49.99,3469.47,,,,
06/18/25 15:40:00,50.37,2911.05,,,,
06/18/25 15:45:00,49.68,3454.25,,,,
06/18/25 15:50:00,47.59,2915.80,,,,
06/18/25 15:55:00,45.51,2199.46,,,,
06/18/25 16:00:00,43.73,1436.02,,,,
06/18/25 16:05:00,43.50,1219.60,,,,
06/18/25 16:10:00,41.49,1169.65,,,,
06/18/25 16:15:00,40.41,1088.79,,,,
06/18/25 16:20:00,41.80,1006.98,,,,
06/18/25 16:25:00,43.11,1470.74,,,,
06/18/25 16:30:00,43.81,2134.77,,,,
06/18/25 16:35:00,44.89,2912.95,,,,
06/18/25 16:40:00,45.05,2629.46,,,,
06/18/25 16:45:00,43.81,2394.48,,,,
06/18/25 16:50:00,44.74,3425.71,,,,
06/18/25 16:55:00,46.28,3556.04,,,,
06/18/25 17:00:00,47.67,3637.86,,,,
06/18/25 17:05:00,48.06,3653.08,,,,
06/18/25 17:10:00,47.21,3498.97,,,,
06/18/25 17:15:00,46.51,2768.35,,,,
06/18/25 17:20:00,44.66,1768.98,,,,
06/18/25 17:25:00,42.19,1071.67,,,,
06/18/25 17:30:00,42.34,948.71,,,,
06/18/25 17:35:00,42.27,957.74,,,,
06/18/25 17:40:00,42.42,817.66,,,,
06/18/25 17:45:00,42.03,673.06,,,,
06/18/25 17:50:00,41.18,787.46,,,,
06/18/25 17:55:00,42.27,1441.73,,,,
06/18/25 18:00:00,43.27,2130.96,,,,
06/18/25 18:05:00,44.58,2341.21,,,,
06/18/25 18:10:00,45.12,2729.34,,,,
06/18/25 18:15:00,47.36,3635.00,,,,
06/18/25 18:20:00,50.45,4301.88,,,,
06/18/25 18:25:00,54.85,4964.00,,,,
06/18/25 18:30:00,57.56,5062.94,,,,
06/18/25 18:35:00,56.32,4516.88,,,,
06/18/25 18:40:00,51.22,3557.00,,,,
06/18/25 18:45:00,48.52,3455.20,,,,
06/18/25 18:50:00,47.59,3152.68,,,,
06/18/25 18:55:00,48.44,3836.68,,,,
06/18/25 19:00:00,48.91,3825.27,,,,
06/18/25 19:05:00,51.38,3876.64,,,,
06/18/25 19:10:00,50.61,3682.57,,,,
06/18/25 19:15:00,52.30,3776.75,,,,
06/18/25 19:20:00,49.91,2982.40,,,,
06/18/25 19:25:00,47.36,2427.78,,,,
06/18/25 19:30:00,45.59,2179.48,,,,
06/18/25 19:35:00,44.66,1949.26,,,,
06/18/25 19:40:00,44.43,1993.02,,,,
06/18/25 19:45:00,45.28,2052.95,,,,
06/18/25 19:50:00,46.67,1949.26,,,,
06/18/25 19:55:00,44.43,1494.05,,,,
06/18/25 20:00:00,43.19,1230.54,,,,
06/18/25 20:05:00,42.34,987.00,,,,
06/18/25 20:10:00,42.03,794.59,,,,
06/18/25 20:15:00,43.27,1076.42,,,,
06/18/25 20:20:00,43.04,1273.82,,,,
06/18/25 20:25:00,41.18,1580.15,,,,
06/18/25 20:30:00,41.03,1431.74,,,,
06/18/25 20:35:00,40.18,1014.59,,,,
06/18/25 20:40:00,40.41,847.87,,,,
06/18/25 20:45:00,41.49,1060.25,,,,
06/18/25 20:50:00,44.74,1479.31,,,,
06/18/25 20:55:00,43.11,1282.38,,,,
06/18/25 21:00:00,44.27,1088.79,,,,
06/18/25 21:05:00,41.57,799.11,,,,
06/18/25 21:10:00,40.03,804.11,,,,
06/18/25 21:15:00,41.49,915.89,,,,
06/18/25 21:20:00,40.49,782.23,,,,
06/18/25 21:25:00,40.18,863.80,,,,
06/18/25 21:30:00,41.18,762.49,,,,
06/18/25 21:35:00,40.03,648.09,,,,
06/18/25 21:40:00,39.87,645.71,,,,
06/18/25 21:45:00,41.96,673.06,,,,
06/18/25 21:50:00,41.96,674.96,,,,
06/18/25 21:55:00,40.64,706.59,,,,
06/18/25 22:00:00,40.64,689.23,,,,
06/18/25 22:05:00,39.95,696.84,,,,
06/18/25 22:10:00,39.64,642.14,,,,
06/18/25 22:15:00,39.95,568.42,,,,
06/18/25 22:20:00,39.64,428.69,,,,
06/18/25 22:25:00,40.26,330.47,,,,
06/18/25 22:30:00,41.88,233.13,,,,
06/18/25 22:35:00,41.80,157.27,,,,
06/18/25 22:40:00,40.10,122.90,,,,
06/18/25 22:45:00,37.94,112.23,,,,
06/18/25 22:50:00,38.94,90.88,,,,
06/18/25 22:55:00,40.41,72.69,,,,
06/18/25 23:00:00,40.41,63.71,,,,
06/18/25 23:05:00,40.33,47.97,,,,
06/18/25 23:10:00,40.03,32.72,,,,
06/18/25 23:15:00,39.18,26.50,,,,
06/18/25 23:20:00,38.40,18.80,,,,
06/18/25 23:25:00,39.02,14.45,,,,
06/18/25 23:30:00,40.33,11.71,,,,
06/18/25 23:35:00,38.17,10.01,,,,
06/18/25 23:40:00,37.09,8.07,,,,
06/18/25 23:45:00,36.09,6.25,,,,
06/18/25 23:50:00,37.01,5.00,,,,
06/18/25 23:55:00,37.01,3.91,,,,
06/19/25 00:00:00,37.32,3.07,,,,
06/19/25 00:05:00,37.86,2.28,,,,
06/19/25 00:10:00,38.94,1.75,,,,
06/19/25 00:15:00,37.32,1.41,,,,
06/19/25 00:20:00,36.86,1.03,,,,
06/19/25 00:25:00,36.94,0.75,,,,
06/19/25 00:30:00,36.71,0.54,,,,
06/19/25 00:35:00,37.55,0.36,,,,
06/19/25 00:40:00,38.25,0.26,,,,
06/19/25 00:45:00,38.25,0.20,,,,
06/19/25 00:50:00,38.79,0.14,,,,
06/19/25 00:55:00,37.79,0.10,,,,
06/19/25 01:00:00,36.55,0.06,,,,
06/19/25 01:05:00,37.17,0.06,,,,
06/19/25 01:10:00,37.55,0.04,,,,
06/19/25 01:15:00,38.10,0.04,,,,
06/19/25 01:20:00,38.02,0.02,,,,
06/19/25 01:25:00,37.86,0.02,,,,
06/19/25 01:30:00,38.64,0.00,,,,
06/19/25 01:35:00,38.56,0.00,,,,
06/19/25 01:40:00,37.71,0.00,,,,
06/19/25 01:45:00,37.79,0.00,,,,
06/19/25 01:50:00,38.79,0.00,,,,
06/19/25 01:55:00,38.71,0.00,,,,
06/19/25 02:00:00,39.33,0.00,,,,
06/19/25 02:05:00,37.94,0.00,,,,
06/19/25 02:10:00,37.79,0.00,,,,
06/19/25 02:15:00,37.32,0.00,,,,
06/19/25 02:20:00,37.86,0.00,,,,
06/19/25 02:25:00,38.02,0.00,,,,
06/19/25 02:30:00,38.56,0.00,,,,
06/19/25 02:35:00,39.41,0.00,,,,
06/19/25 02:40:00,38.94,0.02,,,,
06/19/25 02:45:00,39.10,0.00,,,,
06/19/25 02:50:00,38.79,0.02,,,,
06/19/25 02:55:00,37.86,0.02,,,,
06/19/25 03:00:00,38.17,0.04,,,,
06/19/25 03:05:00,38.56,0.06,,,,
06/19/25 03:10:00,38.87,0.10,,,,
06/19/25 03:15:00,39.64,0.12,,,,
06/19/25 03:20:00,39.25,0.16,,,,
06/19/25 03:25:00,38.94,0.30,,,,
06/19/25 03:30:00,39.64,0.34,,,,
06/19/25 03:35:00,38.94,0.48,,,,
06/19/25 03:40:00,38.94,0.66,,,,
06/19/25 03:45:00,38.48,0.91,,,,
06/19/25 03:50:00,39.02,1.15,,,,
06/19/25 03:55:00,40.26,1.53,,,,
06/19/25 04:00:00,41.72,2.16,,,,
06/19/25 04:05:00,41.72,3.47,,,,
06/19/25 04:10:00,41.11,4.72,,,,
06/19/25 04:15:00,41.42,6.02,,,,
06/19/25 04:20:00,41.57,8.08,,,,
06/19/25 04:25:00,41.34,11.15,,,,
06/19/25 04:30:00,40.72,15.11,,,,
06/19/25 04:35:00,40.26,21.66,,,,
06/19/25 04:40:00,39.64,29.48,,,,
06/19/25 04:45:00,38.94,39.82,,,,
06/19/25 04:50:00,39.33,53.84,,,,
06/19/25 04:55:00,39.64,71.29,,,,
06/19/25 05:00:00,40.03,86.72,,,,
06/19/25 05:05:00,40.18,98.76,,,,
06/19/25 05:10:00,41.65,110.38,,,,
06/19/25 05:15:00,42.88,131.52,,,,
06/19/25 05:20:00,43.04,155.90,,,,
06/19/25 05:25:00,44.04,170.70,,,,
06/19/25 05:30:00,44.43,223.38,,,,
06/19/25 05:35:00,43.66,273.39,,,,
06/19/25 05:40:00,43.50,314.41,,,,
06/19/25 05:45:00,43.35,395.04,,,,
06/19/25 05:50:00,42.50,449.98,,,,
06/19/25 05:55:00,42.34,488.50,,,,
06/19/25 06:00:00,42.34,532.98,,,,
06/19/25 06:05:00,42.11,534.41,,,,
06/19/25 06:10:00,42.73,526.08,,,,
06/19/25 06:15:00,43.11,540.35,,,,
06/19/25 06:20:00,43.27,584.83,,,,
06/19/25 06:25:00,44.12,703.27,,,,
06/19/25 06:30:00,45.66,1016.49,,,,
06/19/25 06:35:00,48.52,1323.29,,,,
06/19/25 06:40:00,47.28,1485.49,,,,
06/19/25 06:45:00,51.07,1819.40,,,,
06/19/25 06:50:00,49.29,1577.29,,,,
06/19/25 06:55:00,46.59,1502.14,,,,
06/19/25 07:00:00,44.58,1374.66,,,,
06/19/25 07:05:00,47.36,1963.53,,,,
06/19/25 07:10:00,48.91,2139.52,,,,
06/19/25 07:15:00,48.60,2034.88,,,,
06/19/25 07:20:00,49.22,2185.19,,,,
06/19/25 07:25:00,49.14,2017.76,,,,
06/19/25 07:30:00,47.28,1373.23,,,,
06/19/25 07:35:00,45.35,1531.15,,,,
06/19/25 07:40:00,48.13,2521.96,,,,
06/19/25 07:45:00,52.15,3022.35,,,,
06/19/25 07:50:00,51.84,2786.42,,,,
06/19/25 07:55:00,54.54,2743.61,,,,
06/19/25 08:00:00,56.63,3095.60,,,,
06/19/25 08:05:00,59.49,3200.25,,,,
06/19/25 08:10:00,60.64,3312.51,,,,
06/19/25 08:15:00,60.10,3475.18,,,,
06/19/25 08:20:00,59.87,3585.54,,,,
06/19/25 08:25:00,60.18,3708.26,,,,
06/19/25 08:30:00,59.56,3843.34,,,,
06/19/25 08:35:00,59.87,3978.43,,,,
06/19/25 08:40:00,57.79,2063.42,,,,
06/19/25 08:45:00,51.45,2154.75,,,,
06/19/25 08:50:00,51.15,2136.67,,,,
06/19/25 08:55:00,52.07,3593.15,,,,
06/19/25 09:00:00,53.62,3623.59,,,,
06/19/25 09:05:00,56.78,5152.36,,,,
06/19/25 09:10:00,59.79,5325.50,,,,
06/19/25 09:15:00,62.81,5494.84,,,,
06/19/25 09:20:00,61.49,5491.03,,,,
06/19/25 09:25:00,61.26,5664.18,,,,
06/19/25 09:30:00,62.11,5831.61,,,,
06/19/25 09:35:00,62.42,6181.70,,,,
06/19/25 09:40:00,64.74,6297.76,,,,
06/19/25 09:45:00,64.04,6415.72,,,,
06/19/25 09:50:00,63.89,6305.37,,,,
06/19/25 09:55:00,63.89,6562.22,,,,
06/19/25 10:00:00,64.81,6510.85,,,,
06/19/25 10:05:00,65.89,6539.39,,,,
06/19/25 10:10:00,66.20,6792.44,,,,
06/19/25 10:15:00,67.36,7193.90,,,,
06/19/25 10:20:00,68.13,6885.67,,,,
06/19/25 10:25:00,68.83,6137.93,,,,
06/19/25 10:30:00,69.14,6609.79,,,,
06/19/25 10:35:00,68.60,7104.48,,,,
06/19/25 10:40:00,65.12,6202.62,,,,
06/19/25 10:45:00,64.27,6248.29,,,,
06/19/25 10:50:00,65.28,5532.89,,,,
06/19/25 10:55:00,67.21,6212.14,,,,
06/19/25 11:00:00,69.76,5993.33,,,,
06/19/25 11:05:00,69.83,7591.56,,,,
06/19/25 11:10:00,72.38,8242.26,,,,
06/19/25 11:15:00,75.08,7797.04,,,,
06/19/25 11:20:00,75.70,7972.08,,,,
06/19/25 11:25:00,76.24,8131.91,,,,
06/19/25 11:30:00,76.09,7865.54,,,,
06/19/25 11:35:00,76.47,8052.00,,,,
06/19/25 11:40:00,76.32,7903.59,,,,
06/19/25 11:45:00,76.17,7991.11,,,,
06/19/25 11:50:00,75.62,8010.14,,,,
06/19/25 11:55:00,78.25,8021.55,,,,
06/19/25 12:00:00,80.41,7926.42,,,,
06/19/25 12:05:00,83.35,8013.94,,,,
06/19/25 12:10:00,81.42,8306.95,,,,
06/19/25 12:15:00,76.71,7407.00,,,,
06/19/25 12:20:00,72.38,6286.34,,,,
06/19/25 12:25:00,77.25,8402.08,,,,
06/19/25 12:30:00,77.17,8497.21,,,,
06/19/25 12:35:00,77.86,8261.29,,,,
06/19/25 12:40:00,74.39,7953.06,,,,
06/19/25 12:45:00,72.23,8345.00,,,,
06/19/25 12:50:00,71.53,8489.60,,,,
06/19/25 12:55:00,72.00,8481.99,,,,
06/19/25 13:00:00,70.45,8322.17,,,,
06/19/25 13:05:00,70.91,8360.22,,,,
06/19/25 13:10:00,70.68,8630.40,,,,
06/19/25 13:15:00,70.45,8714.12,,,,
06/19/25 13:20:00,68.06,8055.80,,,,
06/19/25 13:25:00,68.44,8234.65,,,,
06/19/25 13:30:00,68.91,8287.92,,,,
06/19/25 13:35:00,68.67,8078.63,,,,
06/19/25 13:40:00,68.13,7629.61,,,,
06/19/25 13:45:00,66.59,7641.02,,,,
06/19/25 13:50:00,65.82,7155.85,,,,
06/19/25 13:55:00,65.05,7311.87,,,,
06/19/25 14:00:00,65.74,7816.07,,,,
06/19/25 14:05:00,66.28,7991.11,,,,
06/19/25 14:10:00,66.82,8234.65,,,,
06/19/25 14:15:00,66.44,8306.95,,,,
06/19/25 14:20:00,66.51,8135.71,,,,
06/19/25 14:25:00,65.28,8059.61,,,,
06/19/25 14:30:00,64.35,7831.29,,,,
06/19/25 14:35:00,65.20,8013.94,,,,
06/19/25 14:40:00,65.43,8215.62,,,,
06/19/25 14:45:00,65.51,8162.35,,,,
06/19/25 14:50:00,65.74,8188.99,,,,
06/19/25 14:55:00,66.20,8169.96,,,,
06/19/25 15:00:00,66.51,8124.30,,,,
06/19/25 15:05:00,66.44,8044.39,,,,
06/19/25 15:10:00,63.11,7823.68,,,,
06/19/25 15:15:00,64.35,7983.50,,,,
06/19/25 15:20:00,64.97,7979.70,,,,
06/19/25 15:25:00,66.20,8147.13,,,,
06/19/25 15:30:00,66.67,8067.22,,,,
06/19/25 15:35:00,66.67,8211.82,,,,
06/19/25 15:40:00,66.20,8116.69,,,,
06/19/25 15:45:00,65.89,8029.16,,,,
06/19/25 15:50:00,63.73,8029.16,,,,
06/19/25 15:55:00,64.66,7991.11,,,,
06/19/25 16:00:00,64.97,7956.86,,,,
06/19/25 16:05:00,66.20,8010.14,,,,
06/19/25 16:10:00,65.05,7559.21,,,,
06/19/25 16:15:00,65.35,7633.41,,,,
06/19/25 16:20:00,65.35,7934.03,,,,
06/19/25 16:25:00,66.13,8413.50,,,,
06/19/25 16:30:00,66.44,9125.09,,,,
06/19/25 16:35:00,59.64,5618.51,,,,
06/19/25 16:40:00,57.09,5026.79,,,,
06/19/25 16:45:00,53.85,5968.60,,,,
06/19/25 16:50:00,59.02,6170.28,,,,
06/19/25 16:55:00,66.05,9125.09,,,,
06/19/25 17:00:00,58.79,4585.38,,,,
06/19/25 17:05:00,57.94,5312.19,,,,
06/19/25 17:10:00,52.77,4575.86,,,,
06/19/25 17:15:00,54.54,4400.82,,,,
06/19/25 17:20:00,52.00,3737.75,,,,
06/19/25 17:25:00,50.76,4541.61,,,,
06/19/25 17:30:00,56.17,5999.04,,,,
06/19/25 17:35:00,56.47,6925.63,,,,
06/19/25 17:40:00,57.09,6183.60,,,,
06/19/25 17:45:00,58.56,5881.08,,,,
06/19/25 17:50:00,60.88,6444.26,,,,
06/19/25 17:55:00,61.03,6402.40,,,,
06/19/25 18:00:00,61.26,6297.76,,,,
06/19/25 18:05:00,61.57,6191.21,,,,
06/19/25 18:10:00,62.73,6174.08,,,,
06/19/25 18:15:00,62.88,6314.88,,,,
06/19/25 18:20:00,65.43,6975.10,,,,
06/19/25 18:25:00,59.72,4159.18,,,,
06/19/25 18:30:00,53.23,4446.48,,,,
06/19/25 18:35:00,50.30,3174.56,,,,
06/19/25 18:40:00,49.22,2936.73,,,,
06/19/25 18:45:00,51.92,3080.38,,,,
06/19/25 18:50:00,50.68,3033.77,,,,
06/19/25 18:55:00,54.23,4596.79,,,,
06/19/25 19:00:00,56.63,5481.52,,,,
06/19/25 19:05:00,58.33,5352.14,,,,
06/19/25 19:10:00,56.71,5228.47,,,,
06/19/25 19:15:00,55.01,4741.39,,,,
06/19/25 19:20:00,52.23,3524.65,,,,
06/19/25 19:25:00,47.44,2018.71,,,,
06/19/25 19:30:00,45.74,1961.63,,,,
06/19/25 19:35:00,45.66,2175.68,,,,
06/19/25 19:40:00,46.67,2339.30,,,,
06/19/25 19:45:00,47.21,2152.84,,,,
06/19/25 19:50:00,51.30,2003.49,,,,
06/19/25 19:55:00,52.84,1826.54,,,,
06/19/25 20:00:00,51.38,1483.59,,,,
06/19/25 20:05:00,46.90,1279.53,,,,
06/19/25 20:10:00,45.66,1518.79,,,,
06/19/25 20:15:00,49.99,2129.06,,,,
06/19/25 20:20:00,54.00,2240.37,,,,
06/19/25 20:25:00,55.01,1911.68,,,,
06/19/25 20:30:00,54.31,1955.92,,,,
06/19/25 20:35:00,51.38,1776.60,,,,
06/19/25 20:40:00,49.99,1650.07,,,,
06/19/25 20:45:00,48.44,1406.53,,,,
06/19/25 20:50:00,51.53,1198.67,,,,
06/19/25 20:55:00,50.99,1162.04,,,,
06/19/25 21:00:00,47.98,1102.58,,,,
06/19/25 21:05:00,46.90,1039.80,,,,
06/19/25 21:10:00,47.52,945.38,,,,
06/19/25 21:15:00,48.67,825.27,,,,
06/19/25 21:20:00,49.14,730.85,,,,
06/19/25 21:25:00,49.29,696.13,,,,
06/19/25 21:30:00,46.90,648.80,,,,
06/19/25 21:35:00,45.05,621.45,,,,
06/19/25 21:40:00,47.28,748.22,,,,
06/19/25 21:45:00,47.28,533.69,,,,
06/19/25 21:50:00,48.91,465.32,,,,
06/19/25 21:55:00,49.52,365.78,,,,
06/19/25 22:00:00,49.83,312.51,,,,
06/19/25 22:05:00,49.22,275.88,,,,
06/19/25 22:10:00,49.29,205.37,,,,
06/19/25 22:15:00,49.29,180.45,,,,
06/19/25 22:20:00,48.21,179.50,,,,
06/19/25 22:25:00,45.28,177.24,,,,
06/19/25 22:30:00,43.42,155.18,,,,
06/19/25 22:35:00,42.03,132.23,,,,
06/19/25 22:40:00,41.34,110.32,,,,
06/19/25 22:45:00,40.72,94.33,,,,
06/19/25 22:50:00,40.33,79.35,,,,
06/19/25 22:55:00,40.26,59.65,,,,
06/19/25 23:00:00,39.87,47.66,,,,
06/19/25 23:05:00,40.18,40.62,,,,
06/19/25 23:10:00,40.33,35.12,,,,
06/19/25 23:15:00,40.49,29.16,,,,
06/19/25 23:20:00,41.11,23.83,,,,
06/19/25 23:25:00,40.57,19.15,,,,
06/19/25 23:30:00,40.72,14.85,,,,
06/19/25 23:35:00,40.41,11.46,,,,
06/19/25 23:40:00,39.79,9.20,,,,
06/19/25 23:45:00,40.41,6.70,,,,
06/19/25 23:50:00,39.64,5.25,,,,
06/19/25 23:55:00,39.64,4.07,,,,
06/20/25 00:00:00,39.41,2.91,,,,
06/20/25 00:05:00,39.25,2.14,,,,
06/20/25 00:10:00,39.10,1.51,,,,
06/20/25 00:15:00,38.94,1.09,,,,
06/20/25 00:20:00,39.87,0.79,,,,
06/20/25 00:25:00,39.87,0.62,,,,
06/20/25 00:30:00,39.49,0.40,,,,
06/20/25 00:35:00,39.41,0.28,,,,
06/20/25 00:40:00,39.72,0.20,,,,
06/20/25 00:45:00,39.25,0.14,,,,
06/20/25 00:50:00,38.94,0.14,,,,
06/20/25 00:55:00,39.56,0.12,,,,
06/20/25 01:00:00,39.33,0.08,,,,
06/20/25 01:05:00,39.33,0.08,,,,
06/20/25 01:10:00,39.18,0.04,,,,
06/20/25 01:15:00,39.72,0.04,,,,
06/20/25 01:20:00,39.49,0.02,,,,
06/20/25 01:25:00,40.80,0.04,,,,
06/20/25 01:30:00,40.95,0.04,,,,
06/20/25 01:35:00,41.42,0.02,,,,
06/20/25 01:40:00,40.26,0.02,,,,
06/20/25 01:45:00,40.33,0.00,,,,
06/20/25 01:50:00,39.02,0.02,,,,
06/20/25 01:55:00,38.33,0.00,,,,
06/20/25 02:00:00,38.64,0.02,,,,
06/20/25 02:05:00,38.94,0.02,,,,
06/20/25 02:10:00,39.10,0.02,,,,
06/20/25 02:15:00,38.33,0.02,,,,
06/20/25 02:20:00,38.87,0.02,,,,
06/20/25 02:25:00,39.33,0.02,,,,
06/20/25 02:30:00,39.79,0.04,,,,
06/20/25 02:35:00,40.10,0.04,,,,
06/20/25 02:40:00,40.88,0.04,,,,
06/20/25 02:45:00,40.41,0.06,,,,
06/20/25 02:50:00,40.33,0.06,,,,
06/20/25 02:55:00,39.33,0.06,,,,
06/20/25 03:00:00,39.64,0.08,,,,
06/20/25 03:05:00,39.18,0.10,,,,
06/20/25 03:10:00,38.64,0.14,,,,
06/20/25 03:15:00,40.57,0.26,,,,
06/20/25 03:20:00,41.72,0.34,,,,
06/20/25 03:25:00,40.64,0.46,,,,
06/20/25 03:30:00,41.18,0.70,,,,
06/20/25 03:35:00,41.72,0.82,,,,
06/20/25 03:40:00,40.95,1.09,,,,
06/20/25 03:45:00,40.49,1.39,,,,
06/20/25 03:50:00,38.79,1.98,,,,
06/20/25 03:55:00,39.64,2.74,,,,
06/20/25 04:00:00,40.03,3.63,,,,
06/20/25 04:05:00,39.79,4.69,,,,
06/20/25 04:10:00,39.18,6.10,,,,
06/20/25 04:15:00,39.87,8.08,,,,
06/20/25 04:20:00,39.41,11.07,,,,
06/20/25 04:25:00,39.95,15.44,,,,
06/20/25 04:30:00,39.95,21.66,,,,
06/20/25 04:35:00,41.11,29.08,,,,
06/20/25 04:40:00,42.42,38.53,,,,
06/20/25 04:45:00,40.95,47.66,,,,
06/20/25 04:50:00,39.33,63.59,,,,
06/20/25 04:55:00,38.87,81.72,,,,
06/20/25 05:00:00,37.94,101.64,,,,
06/20/25 05:05:00,39.56,120.85,,,,
06/20/25 05:10:00,39.64,130.63,,,,
06/20/25 05:15:00,40.03,136.16,,,,
06/20/25 05:20:00,40.03,147.34,,,,
06/20/25 05:25:00,40.88,169.10,,,,
06/20/25 05:30:00,40.57,182.71,,,,
06/20/25 05:35:00,40.10,211.79,,,,
06/20/25 05:40:00,39.87,269.11,,,,
06/20/25 05:45:00,40.41,339.74,,,,
06/20/25 05:50:00,40.03,428.69,,,,
06/20/25 05:55:00,39.18,497.30,,,,
06/20/25 06:00:00,39.56,590.30,,,,
06/20/25 06:05:00,40.33,669.97,,,,
06/20/25 06:10:00,40.95,790.07,,,,
06/20/25 06:15:00,43.35,1228.16,,,,
06/20/25 06:20:00,43.58,833.60,,,,
06/20/25 06:25:00,41.88,784.84,,,,
06/20/25 06:30:00,41.57,771.28,,,,
06/20/25 06:35:00,42.27,751.54,,,,
06/20/25 06:40:00,42.57,841.44,,,,
06/20/25 06:45:00,41.88,1380.84,,,,
06/20/25 06:50:00,44.74,1479.31,,,,
06/20/25 06:55:00,46.67,1844.14,,,,
06/20/25 07:00:00,48.44,2058.66,,,,
06/20/25 07:05:00,49.22,1979.70,,,,
06/20/25 07:10:00,50.84,1973.99,,,,
06/20/25 07:15:00,50.91,1886.00,,,,
06/20/25 07:20:00,49.45,1491.20,,,,
06/20/25 07:25:00,44.27,1074.04,,,,
06/20/25 07:30:00,42.57,1230.54,,,,
06/20/25 07:35:00,42.11,1371.33,,,,
06/20/25 07:40:00,45.05,2064.37,,,,
06/20/25 07:45:00,50.14,2784.52,,,,
06/20/25 07:50:00,52.54,2885.36,,,,
06/20/25 07:55:00,54.47,3004.28,,,,
06/20/25 08:00:00,54.85,3194.54,,,,
06/20/25 08:05:00,54.78,3285.87,,,,
06/20/25 08:10:00,54.54,3360.07,,,,
06/20/25 08:15:00,54.85,3460.91,,,,
06/20/25 08:20:00,53.69,3257.33,,,,
06/20/25 08:25:00,53.93,3752.02,,,,
06/20/25 08:30:00,54.47,3894.72,,,,
06/20/25 08:35:00,55.01,4029.80,,,,
06/20/25 08:40:00,54.78,4185.82,,,,
06/20/25 08:45:00,55.16,4338.03,,,,
06/20/25 08:50:00,55.62,4494.05,,,,
06/20/25 08:55:00,55.78,4653.87,,,,
06/20/25 09:00:00,56.09,4880.29,,,,
06/20/25 09:05:00,57.01,5078.16,,,,
06/20/25 09:10:00,55.93,5302.67,,,,
06/20/25 09:15:00,56.55,5572.85,,,,
06/20/25 09:20:00,57.86,5846.83,,,,
06/20/25 09:25:00,58.79,6103.69,,,,
06/20/25 09:30:00,58.95,6352.93,,,,
06/20/25 09:35:00,58.95,6600.28,,,,
06/20/25 09:40:00,59.87,6796.25,,,,
06/20/25 09:45:00,61.42,6973.20,,,,
06/20/25 09:50:00,61.80,7098.77,,,,
06/20/25 09:55:00,62.03,7226.25,,,,
06/20/25 10:00:00,59.64,7328.99,,,,
06/20/25 10:05:00,59.79,7397.49,,,,
06/20/25 10:10:00,60.18,7422.22,,,,
06/20/25 10:15:00,60.57,7494.52,,,,
06/20/25 10:20:00,61.65,7519.25,,,,
06/20/25 10:25:00,62.03,7502.13,,,,
06/20/25 10:30:00,63.35,7437.44,,,,
06/20/25 10:35:00,64.04,7370.85,,,,
06/20/25 10:40:00,64.74,7306.16,,,,
06/20/25 10:45:00,65.51,7304.26,,,,
06/20/25 10:50:00,64.66,7327.09,,,,
06/20/25 10:55:00,65.74,7370.85,,,,
06/20/25 11:00:00,67.05,7407.00,,,,
06/20/25 11:05:00,65.12,7441.25,,,,
06/20/25 11:10:00,64.04,7500.23,,,,
06/20/25 11:15:00,64.35,7559.21,,,,
06/20/25 11:20:00,65.35,7583.94,,,,
06/20/25 11:25:00,66.90,7629.61,,,,
06/20/25 11:30:00,67.13,7686.69,,,,
06/20/25 11:35:00,67.52,7743.77,,,,
06/20/25 11:40:00,67.21,7797.04,,,,
06/20/25 11:45:00,67.28,7842.70,,,,
06/20/25 11:50:00,67.59,7884.56,,,,
06/20/25 11:55:00,67.44,7941.64,,,,
06/20/25 12:00:00,67.75,8006.33,,,,
06/20/25 12:05:00,68.13,8059.61,,,,
06/20/25 12:10:00,66.28,8128.10,,,,
06/20/25 12:15:00,65.82,8200.40,,,,
06/20/25 12:20:00,65.97,8234.65,,,,
06/20/25 12:25:00,67.36,8257.48,,,,
06/20/25 12:30:00,67.75,8314.56,,,,
06/20/25 12:35:00,67.75,8360.22,,,,
06/20/25 12:40:00,67.36,8398.28,,,,
06/20/25 12:45:00,67.36,8462.97,,,,
06/20/25 12:50:00,67.67,8497.21,,,,
06/20/25 12:55:00,67.21,8554.29,,,,
06/20/25 13:00:00,67.90,8584.74,,,,
06/20/25 13:05:00,67.98,8615.18,,,,
06/20/25 13:10:00,68.29,8687.48,,,,
06/20/25 13:15:00,67.67,8748.36,,,,
06/20/25 13:20:00,67.05,8809.25,,,,
06/20/25 13:25:00,67.21,8858.72,,,,
06/20/25 13:30:00,67.28,8900.58,,,,
06/20/25 13:35:00,67.67,8961.46,,,,
06/20/25 13:40:00,67.98,8988.10,,,,
06/20/25 13:45:00,67.98,9018.54,,,,
06/20/25 13:50:00,67.75,9056.59,,,,
06/20/25 13:55:00,67.59,9098.45,,,,
06/20/25 14:00:00,67.59,9121.28,,,,
06/20/25 14:05:00,67.52,9197.39,,,,
06/20/25 14:10:00,67.98,9349.60,,,,
06/20/25 14:15:00,68.29,9657.83,,,,
06/20/25 14:20:00,69.06,9977.47,,,,
06/20/25 14:25:00,69.29,9855.70,,,,
06/20/25 14:30:00,63.04,6710.63,,,,
06/20/25 14:35:00,64.27,8413.50,,,,
06/20/25 14:40:00,59.87,7178.68,,,,
06/20/25 14:45:00,58.25,6495.63,,,,
06/20/25 14:50:00,66.36,9707.30,,,,
06/20/25 14:55:00,68.13,9341.99,,,,
06/20/25 15:00:00,67.83,9269.69,,,,
06/20/25 15:05:00,66.98,9170.75,,,,
06/20/25 15:10:00,66.51,9136.50,,,,
06/20/25 15:15:00,65.97,9079.42,,,,
06/20/25 15:20:00,66.36,8512.44,,,,
06/20/25 15:25:00,66.44,8451.55,,,,
06/20/25 15:30:00,66.59,8379.25,,,,
06/20/25 15:35:00,66.59,8314.56,,,,
06/20/25 15:40:00,65.82,8249.87,,,,
06/20/25 15:45:00,65.74,8211.82,,,,
06/20/25 15:50:00,66.20,8196.60,,,,
06/20/25 15:55:00,66.36,8310.76,,,,
06/20/25 16:00:00,66.51,8249.87,,,,
06/20/25 16:05:00,65.66,8166.15,,,,
06/20/25 16:10:00,63.04,7753.28,,,,
06/20/25 16:15:00,61.72,6381.47,,,,
06/20/25 16:20:00,62.73,7311.87,,,,
06/20/25 16:25:00,66.59,8866.33,,,,
06/20/25 16:30:00,69.76,9673.05,,,,
06/20/25 16:35:00,66.36,8272.70,,,,
06/20/25 16:40:00,63.66,7949.25,,,,
06/20/25 16:45:00,63.04,7926.42,,,,
06/20/25 16:50:00,61.88,7475.49,,,,
06/20/25 16:55:00,60.41,6073.24,,,,
06/20/25 17:00:00,56.94,5506.26,,,,
06/20/25 17:05:00,55.86,5386.39,,,,
06/20/25 17:10:00,62.27,8131.91,,,,
06/20/25 17:15:00,66.28,8740.75,,,,
06/20/25 17:20:00,65.35,7277.62,,,,
06/20/25 17:25:00,58.33,4132.55,,,,
06/20/25 17:30:00,53.39,5093.38,,,,
06/20/25 17:35:00,59.33,6900.90,,,,
06/20/25 17:40:00,61.96,7011.25,,,,
06/20/25 17:45:00,62.88,6195.01,,,,
06/20/25 17:50:00,58.64,5464.40,,,,
06/20/25 17:55:00,58.87,5825.90,,,,
06/20/25 18:00:00,59.87,6290.15,,,,
06/20/25 18:05:00,61.34,6371.96,,,,
06/20/25 18:10:00,60.64,4971.61,,,,
06/20/25 18:15:00,62.27,6716.34,,,,
06/20/25 18:20:00,57.86,3768.19,,,,
06/20/25 18:25:00,53.93,3504.67,,,,
06/20/25 18:30:00,54.70,3516.09,,,,
06/20/25 18:35:00,51.76,2956.71,,,,
06/20/25 18:40:00,51.38,2830.19,,,,
06/20/25 18:45:00,49.91,2264.15,,,,
06/20/25 18:50:00,47.67,1885.05,,,,
06/20/25 18:55:00,46.67,1583.00,,,,
06/20/25 19:00:00,46.13,1514.98,,,,
06/20/25 19:05:00,46.20,1593.47,,,,
06/20/25 19:10:00,46.98,1981.61,,,,
06/20/25 19:15:00,47.44,1879.81,,,,
06/20/25 19:20:00,46.67,1594.89,,,,
06/20/25 19:25:00,45.97,1686.70,,,,
06/20/25 19:30:00,45.97,1479.31,,,,
06/20/25 19:35:00,46.36,1470.27,,,,
06/20/25 19:40:00,46.51,1450.77,,,,
06/20/25 19:45:00,47.67,1383.22,,,,
06/20/25 19:50:00,49.60,1512.60,,,,
06/20/25 19:55:00,51.30,2426.82,,,,
06/20/25 20:00:00,51.07,2391.63,,,,
06/20/25 20:05:00,49.52,1725.70,,,,
06/20/25 20:10:00,58.02,3534.16,,,,
06/20/25 20:15:00,58.48,3251.62,,,,
06/20/25 20:20:00,56.47,2989.06,,,,
06/20/25 20:25:00,56.47,2299.35,,,,
06/20/25 20:30:00,56.71,2376.40,,,,
06/20/25 20:35:00,57.48,2445.85,,,,
06/20/25 20:40:00,57.32,3366.73,,,,
06/20/25 20:45:00,58.25,2193.75,,,,
06/20/25 20:50:00,53.08,3127.95,,,,
06/20/25 20:55:00,55.08,3136.51,,,,
06/20/25 21:00:00,54.85,2861.58,,,,
06/20/25 21:05:00,54.16,2497.22,,,,
06/20/25 21:10:00,52.92,2214.68,,,,
06/20/25 21:15:00,52.00,1479.31,,,,
06/20/25 21:20:00,47.21,940.38,,,,
06/20/25 21:25:00,44.74,1137.31,,,,
06/20/25 21:30:00,45.51,1561.60,,,,
06/20/25 21:35:00,48.06,1583.00,,,,
06/20/25 21:40:00,49.37,1486.44,,,,
06/20/25 21:45:00,49.99,1346.60,,,,
06/20/25 21:50:00,47.90,1210.56,,,,
06/20/25 21:55:00,49.06,1094.97,,,,
06/20/25 22:00:00,49.22,981.29,,,,
06/20/25 22:05:00,48.29,861.90,,,,
06/20/25 22:10:00,47.05,567.46,,,,
06/20/25 22:15:00,45.89,499.44,,,,
06/20/25 22:20:00,43.73,325.95,,,,
06/20/25 22:25:00,42.96,277.07,,,,
06/20/25 22:30:00,43.42,243.90,,,,
06/20/25 22:35:00,43.35,214.52,,,,
06/20/25 22:40:00,42.96,186.40,,,,
06/20/25 22:45:00,43.81,161.31,,,,
06/20/25 22:50:00,43.19,139.43,,,,
06/20/25 22:55:00,42.03,119.39,,,,
06/20/25 23:00:00,41.49,100.04,,,,
06/20/25 23:05:00,40.95,81.90,,,,
06/20/25 23:10:00,42.27,64.87,,,,
06/20/25 23:15:00,41.18,50.09,,,,
06/20/25 23:20:00,42.19,38.45,,,,
06/20/25 23:25:00,42.19,29.16,,,,
06/20/25 23:30:00,41.96,22.30,,,,
06/20/25 23:35:00,42.03,16.64,,,,
06/20/25 23:40:00,42.81,12.52,,,,
06/20/25 23:45:00,41.49,9.28,,,,
06/20/25 23:50:00,40.33,6.70,,,,
06/20/25 23:55:00,40.10,4.84,,,,
06/21/25 00:00:00,40.10,3.43,,,,
06/21/25 00:05:00,40.26,2.52,,,,
06/21/25 00:10:00,39.64,1.87,,,,
06/21/25 00:15:00,39.33,1.41,,,,
06/21/25 00:20:00,39.95,1.09,,,,
06/21/25 00:25:00,41.18,0.81,,,,
06/21/25 00:30:00,42.03,0.62,,,,
06/21/25 00:35:00,41.72,0.54,,,,
06/21/25 00:40:00,41.72,0.40,,,,
06/21/25 00:45:00,41.96,0.32,,,,
06/21/25 00:50:00,42.50,0.24,,,,
06/21/25 00:55:00,42.27,0.20,,,,
06/21/25 01:00:00,42.50,0.16,,,,
06/21/25 01:05:00,43.19,0.12,,,,
06/21/25 01:10:00,42.11,0.10,,,,
06/21/25 01:15:00,41.26,0.08,,,,
06/21/25 01:20:00,41.03,0.08,,,,
06/21/25 01:25:00,41.34,0.06,,,,
06/21/25 01:30:00,40.95,0.06,,,,
06/21/25 01:35:00,39.64,0.04,,,,
06/21/25 01:40:00,40.33,0.04,,,,
06/21/25 01:45:00,41.72,0.04,,,,
06/21/25 01:50:00,42.42,0.04,,,,
06/21/25 01:55:00,41.26,0.04,,,,
06/21/25 02:00:00,40.03,0.04,,,,
06/21/25 02:05:00,41.18,0.04,,,,
06/21/25 02:10:00,41.57,0.04,,,,
06/21/25 02:15:00,40.64,0.04,,,,
06/21/25 02:20:00,41.34,0.04,,,,
06/21/25 02:25:00,42.11,0.04,,,,
06/21/25 02:30:00,42.19,0.06,,,,
06/21/25 02:35:00,42.88,0.06,,,,
06/21/25 02:40:00,41.49,0.08,,,,
06/21/25 02:45:00,41.65,0.10,,,,
06/21/25 02:50:00,40.64,0.12,,,,
06/21/25 02:55:00,41.11,0.14,,,,
06/21/25 03:00:00,41.42,0.18,,,,
06/21/25 03:05:00,41.65,0.22,,,,
06/21/25 03:10:00,41.57,0.28,,,,
06/21/25 03:15:00,42.03,0.36,,,,
06/21/25 03:20:00,41.49,0.50,,,,
06/21/25 03:25:00,40.95,0.60,,,,
06/21/25 03:30:00,40.26,0.75,,,,
06/21/25 03:35:00,41.11,0.99,,,,
06/21/25 03:40:00,42.88,1.29,,,,
06/21/25 03:45:00,43.04,1.73,,,,
06/21/25 03:50:00,43.58,2.34,,,,
06/21/25 03:55:00,43.96,3.31,,,,
06/21/25 04:00:00,44.66,4.44,,,,
06/21/25 04:05:00,43.11,6.14,,,,
06/21/25 04:10:00,41.57,8.56,,,,
06/21/25 04:15:00,41.18,11.87,,,,
06/21/25 04:20:00,40.80,15.84,,,,
06/21/25 04:25:00,40.41,21.34,,,,
06/21/25 04:30:00,41.72,28.36,,,,
06/21/25 04:35:00,41.88,36.77,,,,
06/21/25 04:40:00,41.34,46.93,,,,
06/21/25 04:45:00,40.18,59.77,,,,
06/21/25 04:50:00,41.42,76.11,,,,
06/21/25 04:55:00,42.57,96.02,,,,
06/21/25 05:00:00,43.73,119.30,,,,
06/21/25 05:05:00,43.66,143.53,,,,
06/21/25 05:10:00,41.34,172.61,,,,
06/21/25 05:15:00,42.27,203.46,,,,
06/21/25 05:20:00,41.57,237.18,,,,
06/21/25 05:25:00,41.72,278.74,,,,
06/21/25 05:30:00,41.72,324.04,,,,
06/21/25 05:35:00,42.65,357.46,,,,
06/21/25 05:40:00,42.73,386.71,,,,
06/21/25 05:45:00,43.11,425.84,,,,
06/21/25 05:50:00,43.27,472.45,,,,
06/21/25 05:55:00,43.11,558.19,,,,
06/21/25 06:00:00,43.66,649.04,,,,
06/21/25 06:05:00,44.89,709.69,,,,
06/21/25 06:10:00,45.66,748.22,,,,
06/21/25 06:15:00,45.89,760.34,,,,
06/21/25 06:20:00,45.12,733.47,,,,
06/21/25 06:25:00,44.81,781.75,,,,
06/21/25 06:30:00,45.20,867.84,,,,
06/21/25 06:35:00,45.43,969.16,,,,
06/21/25 06:40:00,45.43,1051.21,,,,
06/21/25 06:45:00,46.51,1205.33,,,,
06/21/25 06:50:00,47.90,1318.53,,,,
06/21/25 06:55:00,48.75,1495.00,,,,
06/21/25 07:00:00,48.83,1735.69,,,,
06/21/25 07:05:00,49.37,1844.61,,,,
06/21/25 07:10:00,49.60,1923.57,,,,
06/21/25 07:15:00,49.37,1940.22,,,,
06/21/25 07:20:00,49.83,2038.68,,,,
06/21/25 07:25:00,50.76,2188.04,,,,
06/21/25 07:30:00,51.69,2380.21,,,,
06/21/25 07:35:00,52.61,2524.81,,,,
06/21/25 07:40:00,52.92,2610.43,,,,
06/21/25 07:45:00,52.92,2691.29,,,,
06/21/25 07:50:00,52.84,2791.18,,,,
06/21/25 07:55:00,53.46,2923.41,,,,
06/21/25 08:00:00,53.77,2970.98,,,,
06/21/25 08:05:00,54.31,3114.63,,,,
06/21/25 08:10:00,55.01,3308.70,,,,
06/21/25 08:15:00,54.93,3550.34,,,,
06/21/25 08:20:00,54.85,3714.92,,,,
06/21/25 08:25:00,55.08,3768.19,,,,
06/21/25 08:30:00,55.70,3820.51,,,,
06/21/25 08:35:00,55.86,3771.99,,,,
06/21/25 08:40:00,56.09,4060.25,,,,
06/21/25 08:45:00,57.25,4383.70,,,,
06/21/25 08:50:00,58.10,4494.05,,,,
06/21/25 08:55:00,57.56,4495.95,,,,
06/21/25 09:00:00,58.02,4893.60,,,,
06/21/25 09:05:00,58.71,4834.62,,,,
06/21/25 09:10:00,59.41,5310.28,,,,
06/21/25 09:15:00,60.10,5517.67,,,,
06/21/25 09:20:00,60.88,5721.26,,,,
06/21/25 09:25:00,61.42,6014.26,,,,
06/21/25 09:30:00,61.26,6021.87,,,,
06/21/25 09:35:00,61.26,6411.92,,,,
06/21/25 09:40:00,60.64,6484.22,,,,
06/21/25 09:45:00,60.72,6550.81,,,,
06/21/25 09:50:00,60.49,6703.02,,,,
06/21/25 09:55:00,61.03,6925.63,,,,
06/21/25 10:00:00,61.18,7039.79,,,,
06/21/25 10:05:00,60.64,6579.35,,,,
06/21/25 10:10:00,62.27,7574.43,,,,
06/21/25 10:15:00,61.80,7258.59,,,,
06/21/25 10:20:00,62.11,7089.26,,,,
06/21/25 10:25:00,61.88,6885.67,,,,
06/21/25 10:30:00,61.49,6579.35,,,,
06/21/25 10:35:00,61.26,6847.62,,,,
06/21/25 10:40:00,61.42,6763.90,,,,
06/21/25 10:45:00,62.19,7201.51,,,,
06/21/25 10:50:00,62.57,7258.59,,,,
06/21/25 10:55:00,62.11,6938.95,,,,
06/21/25 11:00:00,62.96,7115.89,,,,
06/21/25 11:05:00,63.50,7283.33,,,,
06/21/25 11:10:00,63.27,6965.59,,,,
06/21/25 11:15:00,63.27,7045.50,,,,
06/21/25 11:20:00,63.04,6980.81,,,,
06/21/25 11:25:00,62.65,6819.08,,,,
06/21/25 11:30:00,63.42,7047.40,,,,
06/21/25 11:35:00,64.66,7327.09,,,,
06/21/25 11:40:00,64.66,7370.85,,,,
06/21/25 11:45:00,65.20,7511.64,,,,
06/21/25 11:50:00,65.35,7515.45,,,,
06/21/25 11:55:00,65.28,7654.34,,,,
06/21/25 12:00:00,65.82,7669.56,,,,
06/21/25 12:05:00,66.51,7903.59,,,,
06/21/25 12:10:00,66.20,7979.70,,,,
06/21/25 12:15:00,65.82,7717.13,,,,
06/21/25 12:20:00,66.59,7861.73,,,,
06/21/25 12:25:00,67.36,7941.64,,,,
06/21/25 12:30:00,68.75,8131.91,,,,
06/21/25 12:35:00,68.21,8052.00,,,,
06/21/25 12:40:00,67.59,7911.20,,,,
06/21/25 12:45:00,68.44,8112.88,,,,
06/21/25 12:50:00,67.83,8272.70,,,,
06/21/25 12:55:00,68.91,8101.46,,,,
06/21/25 13:00:00,67.75,7991.11,,,,
06/21/25 13:05:00,68.44,8143.32,,,,
06/21/25 13:10:00,69.06,8246.07,,,,
06/21/25 13:15:00,68.98,8306.95,,,,
06/21/25 13:20:00,69.29,8265.09,,,,
06/21/25 13:25:00,68.91,8364.03,,,,
06/21/25 13:30:00,68.91,8295.53,,,,
06/21/25 13:35:00,69.14,8573.32,,,,
06/21/25 13:40:00,69.45,8676.06,,,,
06/21/25 13:45:00,69.76,8695.09,,,,
06/21/25 13:50:00,69.29,8257.48,,,,
06/21/25 13:55:00,69.76,8885.35,,,,
06/21/25 14:00:00,69.68,8306.95,,,,
06/21/25 14:05:00,68.60,8531.46,,,,
06/21/25 14:10:00,68.21,8010.14,,,,
06/21/25 14:15:00,68.98,9102.26,,,,
06/21/25 14:20:00,70.30,9166.95,,,,
06/21/25 14:25:00,69.99,8767.39,,,,
06/21/25 14:30:00,69.37,8386.86,,,,
06/21/25 14:35:00,69.45,8379.25,,,,
06/21/25 14:40:00,70.53,8394.47,,,,
06/21/25 14:45:00,70.91,8162.35,,,,
06/21/25 14:50:00,70.84,8219.43,,,,
06/21/25 14:55:00,69.83,7972.08,,,,
06/21/25 15:00:00,69.37,8337.39,,,,
06/21/25 15:05:00,70.14,8333.59,,,,
06/21/25 15:10:00,69.68,7949.25,,,,
06/21/25 15:15:00,68.37,7972.08,,,,
06/21/25 15:20:00,67.67,8074.83,,,,
06/21/25 15:25:00,69.29,8067.22,,,,
06/21/25 15:30:00,69.29,8215.62,,,,
06/21/25 15:35:00,68.29,7972.08,,,,
06/21/25 15:40:00,69.76,7665.76,,,,
06/21/25 15:45:00,67.13,7365.14,,,,
06/21/25 15:50:00,65.89,7380.36,,,,
06/21/25 15:55:00,66.74,7328.99,,,,
06/21/25 16:00:00,65.59,7325.19,,,,
06/21/25 16:05:00,64.43,6790.54,,,,
06/21/25 16:10:00,64.74,6994.12,,,,
06/21/25 16:15:00,64.12,7174.88,,,,
06/21/25 16:20:00,59.41,5108.60,,,,
06/21/25 16:25:00,60.64,5719.35,,,,
06/21/25 16:30:00,60.64,5825.90,,,,
06/21/25 16:35:00,62.88,6312.98,,,,
06/21/25 16:40:00,59.95,5799.26,,,,
06/21/25 16:45:00,60.57,5953.38,,,,
06/21/25 16:50:00,60.88,5913.42,,,,
06/21/25 16:55:00,61.72,6328.20,,,,
06/21/25 17:00:00,62.03,6468.99,,,,
06/21/25 17:05:00,63.50,6522.27,,,,
06/21/25 17:10:00,63.50,6488.02,,,,
06/21/25 17:15:00,63.50,6718.24,,,,
06/21/25 17:20:00,64.27,6891.38,,,,
06/21/25 17:25:00,65.35,6834.30,,,,
06/21/25 17:30:00,65.43,6725.85,,,,
06/21/25 17:35:00,63.11,6725.85,,,,
06/21/25 17:40:00,63.73,6488.02,,,,
06/21/25 17:45:00,64.58,6415.72,,,,
06/21/25 17:50:00,64.66,6242.58,,,,
06/21/25 17:55:00,64.27,5911.52,,,,
06/21/25 18:00:00,63.11,5510.06,,,,
06/21/25 18:05:00,62.81,6073.24,,,,
06/21/25 18:10:00,66.51,6312.98,,,,
06/21/25 18:15:00,65.28,6307.27,,,,
06/21/25 18:20:00,67.98,6314.88,,,,
06/21/25 18:25:00,66.59,6103.69,,,,
06/21/25 18:30:00,65.28,6075.15,,,,
06/21/25 18:35:00,66.82,5964.79,,,,
06/21/25 18:40:00,66.05,5941.96,,,,
06/21/25 18:45:00,66.51,5763.11,,,,
06/21/25 18:50:00,65.43,5521.48,,,,
06/21/25 18:55:00,64.43,5498.65,,,,
06/21/25 19:00:00,65.59,5435.86,,,,
06/21/25 19:05:00,64.81,5327.41,,,,
06/21/25 19:10:00,63.58,5266.52,,,,
06/21/25 19:15:00,62.42,5100.99,,,,
06/21/25 19:20:00,63.27,4941.17,,,,
06/21/25 19:25:00,62.65,4834.62,,,,
06/21/25 19:30:00,62.88,4570.15,,,,
06/21/25 19:35:00,63.58,4385.60,,,,
06/21/25 19:40:00,61.34,4267.63,,,,
06/21/25 19:45:00,60.88,4050.73,,,,
06/21/25 19:50:00,61.18,3812.90,,,,
06/21/25 19:55:00,62.03,3597.90,,,,
06/21/25 20:00:00,61.26,3506.58,,,,
06/21/25 20:05:00,61.72,3310.60,,,,
06/21/25 20:10:00,61.18,3134.61,,,,
06/21/25 20:15:00,60.49,2887.26,,,,
06/21/25 20:20:00,59.87,2624.70,,,,
06/21/25 20:25:00,61.18,2577.13,,,,
06/21/25 20:30:00,61.18,2550.50,,,,
06/21/25 20:35:00,59.33,2356.43,,,,
06/21/25 20:40:00,59.25,2291.74,,,,
06/21/25 20:45:00,57.32,2175.68,,,,
06/21/25 20:50:00,57.01,2137.62,,,,
06/21/25 20:55:00,55.86,1975.90,,,,
06/21/25 21:00:00,54.70,2070.08,,,,
06/21/25 21:05:00,54.16,1975.90,,,,
06/21/25 21:10:00,52.30,1851.27,,,,
06/21/25 21:15:00,54.08,1839.38,,,,
06/21/25 21:20:00,54.23,1738.54,,,,
06/21/25 21:25:00,55.62,1608.21,,,,
06/21/25 21:30:00,51.38,1572.54,,,,
06/21/25 21:35:00,52.61,1472.17,,,,
06/21/25 21:40:00,54.70,1343.74,,,,
06/21/25 21:45:00,54.62,1237.67,,,,
06/21/25 21:50:00,52.69,1093.55,,,,
06/21/25 21:55:00,50.30,988.42,,,,
06/21/25 22:00:00,50.37,833.60,,,,
06/21/25 22:05:00,50.30,791.26,,,,
06/21/25 22:10:00,52.38,680.91,,,,
06/21/25 22:15:00,51.38,583.16,,,,
06/21/25 22:20:00,50.53,475.30,,,,
06/21/25 22:25:00,46.13,369.35,,,,
06/21/25 22:30:00,44.35,320.83,,,,
06/21/25 22:35:00,45.74,275.17,,,,
06/21/25 22:40:00,45.59,233.49,,,,
06/21/25 22:45:00,47.13,196.57,,,,
06/21/25 22:50:00,46.90,162.50,,,,
06/21/25 22:55:00,44.43,133.36,,,,
06/21/25 23:00:00,43.19,108.06,,,,
06/21/25 23:05:00,43.27,85.26,,,,
06/21/25 23:10:00,43.42,66.50,,,,
06/21/25 23:15:00,43.35,51.67,,,,
06/21/25 23:20:00,43.73,39.70,,,,
06/21/25 23:25:00,43.11,30.23,,,,
06/21/25 23:30:00,42.42,22.96,,,,
06/21/25 23:35:00,42.96,16.82,,,,
06/21/25 23:40:00,42.57,12.29,,,,
06/21/25 23:45:00,42.96,8.88,,,,
06/21/25 23:50:00,43.11,6.38,,,,
06/21/25 23:55:00,42.73,4.60,,,,
06/22/25 00:00:00,42.34,3.31,,,,
06/22/25 00:05:00,42.50,2.40,,,,
06/22/25 00:10:00,42.27,1.79,,,,
06/22/25 00:15:00,42.81,1.33,,,,
06/22/25 00:20:00,47.21,0.97,,,,
06/22/25 00:25:00,47.52,0.75,,,,
06/22/25 00:30:00,47.75,0.56,,,,
06/22/25 00:35:00,47.44,0.46,,,,
06/22/25 00:40:00,49.68,0.34,,,,
06/22/25 00:45:00,49.68,0.26,,,,
06/22/25 00:50:00,47.52,0.22,,,,
06/22/25 00:55:00,43.66,0.16,,,,
06/22/25 01:00:00,44.27,0.14,,,,
06/22/25 01:05:00,44.20,0.10,,,,
06/22/25 01:10:00,44.35,0.08,,,,
06/22/25 01:15:00,42.27,0.06,,,,
06/22/25 01:20:00,41.49,0.06,,,,
06/22/25 01:25:00,42.50,0.04,,,,
06/22/25 01:30:00,41.88,0.04,,,,
06/22/25 01:35:00,41.80,0.04,,,,
06/22/25 01:40:00,41.26,0.02,,,,
06/22/25 01:45:00,41.65,0.02,,,,
06/22/25 01:50:00,40.95,0.02,,,,
06/22/25 01:55:00,41.72,0.02,,,,
06/22/25 02:00:00,40.88,0.02,,,,
06/22/25 02:05:00,40.80,0.02,,,,
06/22/25 02:10:00,40.80,0.02,,,,
06/22/25 02:15:00,40.80,0.02,,,,
06/22/25 02:20:00,40.88,0.02,,,,
06/22/25 02:25:00,40.88,0.02,,,,
06/22/25 02:30:00,40.95,0.04,,,,
06/22/25 02:35:00,40.88,0.04,,,,
06/22/25 02:40:00,41.65,0.06,,,,
06/22/25 02:45:00,41.88,0.06,,,,
06/22/25 02:50:00,39.95,0.08,,,,
06/22/25 02:55:00,40.80,0.10,,,,
06/22/25 03:00:00,40.33,0.14,,,,
06/22/25 03:05:00,39.64,0.18,,,,
06/22/25 03:10:00,40.95,0.22,,,,
06/22/25 03:15:00,39.64,0.28,,,,
06/22/25 03:20:00,41.03,0.36,,,,
06/22/25 03:25:00,41.65,0.48,,,,
06/22/25 03:30:00,42.03,0.60,,,,
06/22/25 03:35:00,41.65,0.79,,,,
06/22/25 03:40:00,42.50,1.09,,,,
06/22/25 03:45:00,41.96,1.45,,,,
06/22/25 03:50:00,41.80,1.95,,,,
06/22/25 03:55:00,41.65,2.74,,,,
06/22/25 04:00:00,41.65,3.67,,,,
06/22/25 04:05:00,41.26,5.09,,,,
06/22/25 04:10:00,41.11,7.11,,,,
06/22/25 04:15:00,41.11,9.77,,,,
06/22/25 04:20:00,41.42,13.33,,,,
06/22/25 04:25:00,41.88,17.84,,,,
06/22/25 04:30:00,41.72,23.66,,,,
06/22/25 04:35:00,40.95,30.44,,,,
06/22/25 04:40:00,40.57,39.18,,,,
06/22/25 04:45:00,40.88,49.81,,,,
06/22/25 04:50:00,40.95,62.91,,,,
06/22/25 04:55:00,40.95,79.08,,,,
06/22/25 05:00:00,41.11,98.91,,,,
06/22/25 05:05:00,41.80,122.13,,,,
06/22/25 05:10:00,42.27,148.70,,,,
06/22/25 05:15:00,42.81,176.77,,,,
06/22/25 05:20:00,42.34,209.53,,,,
06/22/25 05:25:00,42.27,247.22,,,,
06/22/25 05:30:00,42.50,289.68,,,,
06/22/25 05:35:00,42.57,337.48,,,,
06/22/25 05:40:00,42.57,388.62,,,,
06/22/25 05:45:00,42.81,442.84,,,,
06/22/25 05:50:00,43.11,501.82,,,,
06/22/25 05:55:00,43.27,590.53,,,,
06/22/25 06:00:00,43.96,683.29,,,,
06/22/25 06:05:00,44.89,775.80,,,,
06/22/25 06:10:00,45.66,877.36,,,,
06/22/25 06:15:00,45.97,969.87,,,,
06/22/25 06:20:00,46.44,1078.32,,,,
06/22/25 06:25:00,46.98,1173.46,,,,
06/22/25 06:30:00,47.59,1267.16,,,,
06/22/25 06:35:00,48.13,1338.04,,,,
06/22/25 06:40:00,48.06,1406.06,,,,
06/22/25 06:45:00,48.83,1481.21,,,,
06/22/25 06:50:00,48.83,1544.47,,,,
06/22/25 06:55:00,48.06,1529.73,,,,
06/22/25 07:00:00,48.44,1606.78,,,,
06/22/25 07:05:00,48.21,1618.68,,,,
06/22/25 07:10:00,48.67,1769.94,,,,
06/22/25 07:15:00,49.60,1752.81,,,,
06/22/25 07:20:00,49.22,1817.50,,,,
06/22/25 07:25:00,49.37,2157.60,,,,
06/22/25 07:30:00,51.38,2381.16,,,,
06/22/25 07:35:00,51.61,2342.16,,,,
06/22/25 07:40:00,51.38,2451.56,,,,
06/22/25 07:45:00,51.76,2613.28,,,,
06/22/25 07:50:00,53.00,2787.38,,,,
06/22/25 07:55:00,53.39,3013.79,,,,
06/22/25 08:00:00,53.77,3260.18,,,,
06/22/25 08:05:00,54.54,3308.70,,,,
06/22/25 08:10:00,54.08,3326.78,,,,
06/22/25 08:15:00,54.23,3432.37,,,,
06/22/25 08:20:00,55.62,3534.16,,,,
06/22/25 08:25:00,55.16,3528.46,,,,
06/22/25 08:30:00,55.16,3578.88,,,,
06/22/25 08:35:00,54.78,3707.30,,,,
06/22/25 08:40:00,54.70,3726.33,,,,
06/22/25 08:45:00,55.24,3843.34,,,,
06/22/25 08:50:00,55.62,3936.57,,,,
06/22/25 08:55:00,56.17,4216.26,,,,
06/22/25 09:00:00,57.17,4328.52,,,,
06/22/25 09:05:00,58.10,4227.68,,,,
06/22/25 09:10:00,58.40,4617.72,,,,
06/22/25 09:15:00,59.64,4811.79,,,,
06/22/25 09:20:00,59.49,5003.96,,,,
06/22/25 09:25:00,59.95,5123.82,,,,
06/22/25 09:30:00,58.95,4779.45,,,,
06/22/25 09:35:00,59.18,5302.67,,,,
06/22/25 09:40:00,59.41,5335.02,,,,
06/22/25 09:45:00,59.79,5978.11,,,,
06/22/25 09:50:00,60.18,6273.02,,,,
06/22/25 09:55:00,59.95,6558.42,,,,
06/22/25 10:00:00,60.03,6716.34,,,,
06/22/25 10:05:00,61.03,7047.40,,,,
06/22/25 10:10:00,62.03,7420.32,,,,
06/22/25 10:15:00,62.65,7741.86,,,,
06/22/25 10:20:00,63.73,7819.87,,,,
06/22/25 10:25:00,64.74,7781.82,,,,
06/22/25 10:30:00,65.89,7823.68,,,,
06/22/25 10:35:00,65.59,7956.86,,,,
06/22/25 10:40:00,65.59,8044.39,,,,
06/22/25 10:45:00,65.12,8086.24,,,,
06/22/25 10:50:00,64.12,8101.46,,,,
06/22/25 10:55:00,64.12,8071.02,,,,
06/22/25 11:00:00,64.35,8029.16,,,,
06/22/25 11:05:00,64.27,8044.39,,,,
06/22/25 11:10:00,64.27,8029.16,,,,
06/22/25 11:15:00,65.82,8002.53,,,,
06/22/25 11:20:00,65.35,7953.06,,,,
06/22/25 11:25:00,65.97,7926.42,,,,
06/22/25 11:30:00,65.74,7918.81,,,,
06/22/25 11:35:00,65.51,7930.23,,,,
06/22/25 11:40:00,66.51,7918.81,,,,
06/22/25 11:45:00,66.36,7888.37,,,,
06/22/25 11:50:00,67.13,7907.39,,,,
06/22/25 11:55:00,68.60,7876.95,,,,
06/22/25 12:00:00,67.52,7854.12,,,,
06/22/25 12:05:00,67.05,7880.76,,,,
06/22/25 12:10:00,67.67,7934.03,,,,
06/22/25 12:15:00,67.67,7987.31,,,,
06/22/25 12:20:00,67.75,7998.72,,,,
06/22/25 12:25:00,67.52,8006.33,,,,
06/22/25 12:30:00,67.44,8040.58,,,,
06/22/25 12:35:00,67.75,7998.72,,,,
06/22/25 12:40:00,67.98,8021.55,,,,
06/22/25 12:45:00,68.13,8013.94,,,,
06/22/25 12:50:00,68.13,8067.22,,,,
06/22/25 12:55:00,67.90,8048.19,,,,
06/22/25 13:00:00,67.21,7903.59,,,,
06/22/25 13:05:00,67.05,8128.10,,,,
06/22/25 13:10:00,67.21,8299.34,,,,
06/22/25 13:15:00,68.21,8432.52,,,,
06/22/25 13:20:00,68.29,8455.36,,,,
06/22/25 13:25:00,68.29,8424.91,,,,
06/22/25 13:30:00,67.90,8440.14,,,,
06/22/25 13:35:00,68.06,8451.55,,,,
06/22/25 13:40:00,68.29,8417.30,,,,
06/22/25 13:45:00,68.06,8421.11,,,,
06/22/25 13:50:00,67.75,8470.58,,,,
06/22/25 13:55:00,67.83,8485.80,,,,
06/22/25 14:00:00,67.98,8485.80,,,,
06/22/25 14:05:00,67.83,8497.21,,,,
06/22/25 14:10:00,67.44,8489.60,,,,
06/22/25 14:15:00,68.06,8508.63,,,,
06/22/25 14:20:00,67.98,8520.05,,,,
06/22/25 14:25:00,67.59,8531.46,,,,
06/22/25 14:30:00,67.13,8535.27,,,,
06/22/25 14:35:00,67.13,8558.10,,,,
06/22/25 14:40:00,66.98,8561.90,,,,
06/22/25 14:45:00,66.90,8531.46,,,,
06/22/25 14:50:00,66.98,8527.66,,,,
06/22/25 14:55:00,67.28,8520.05,,,,
06/22/25 15:00:00,67.13,8508.63,,,,
06/22/25 15:05:00,67.75,8470.58,,,,
06/22/25 15:10:00,67.52,8451.55,,,,
06/22/25 15:15:00,67.83,8402.08,,,,
06/22/25 15:20:00,67.67,8379.25,,,,
06/22/25 15:25:00,67.28,8333.59,,,,
06/22/25 15:30:00,67.75,8314.56,,,,
06/22/25 15:35:00,66.82,8272.70,,,,
06/22/25 15:40:00,66.13,8257.48,,,,
06/22/25 15:45:00,66.36,8227.04,,,,
06/22/25 15:50:00,66.74,8169.96,,,,
06/22/25 15:55:00,66.82,8109.08,,,,
06/22/25 16:00:00,67.05,8036.77,,,,
06/22/25 16:05:00,66.59,8029.16,,,,
06/22/25 16:10:00,66.13,7960.67,,,,
06/22/25 16:15:00,66.51,7903.59,,,,
06/22/25 16:20:00,67.21,7827.48,,,,
06/22/25 16:25:00,66.59,7774.21,,,,
06/22/25 16:30:00,66.59,7701.91,,,,
06/22/25 16:35:00,65.89,7679.08,,,,
06/22/25 16:40:00,65.89,7610.58,,,,
06/22/25 16:45:00,66.05,7543.99,,,,
06/22/25 16:50:00,66.20,7492.62,,,,
06/22/25 16:55:00,65.43,7441.25,,,,
06/22/25 17:00:00,65.28,7357.53,,,,
06/22/25 17:05:00,64.66,7270.01,,,,
06/22/25 17:10:00,64.27,7222.44,,,,
06/22/25 17:15:00,64.35,7148.24,,,,
06/22/25 17:20:00,63.35,7047.40,,,,
06/22/25 17:25:00,63.27,6982.71,,,,
06/22/25 17:30:00,63.27,6910.41,,,,
06/22/25 17:35:00,62.65,6432.84,,,,
06/22/25 17:40:00,59.87,5903.91,,,,
06/22/25 17:45:00,59.33,5491.03,,,,
06/22/25 17:50:00,58.87,5692.72,,,,
06/22/25 17:55:00,59.33,5770.72,,,,
06/22/25 18:00:00,59.95,5890.59,,,,
06/22/25 18:05:00,60.72,6155.06,,,,
06/22/25 18:10:00,60.88,6012.36,,,,
06/22/25 18:15:00,60.95,6124.62,,,,
06/22/25 18:20:00,60.95,5999.04,,,,
06/22/25 18:25:00,60.72,5884.88,,,,
06/22/25 18:30:00,60.88,5801.17,,,,
06/22/25 18:35:00,60.88,5683.20,,,,
06/22/25 18:40:00,60.80,5605.19,,,,
06/22/25 18:45:00,60.57,5523.38,,,,
06/22/25 18:50:00,60.18,5422.54,,,,
06/22/25 18:55:00,60.80,5327.41,,,,
06/22/25 19:00:00,59.87,5237.98,,,,
06/22/25 19:05:00,59.56,5127.63,,,,
06/22/25 19:10:00,59.64,5022.98,,,,
06/22/25 19:15:00,59.18,4874.58,,,,
06/22/25 19:20:00,58.87,4813.69,,,,
06/22/25 19:25:00,58.87,4771.83,,,,
06/22/25 19:30:00,57.40,4632.94,,,,
06/22/25 19:35:00,56.63,4534.00,,,,
06/22/25 19:40:00,56.94,4427.46,,,,
06/22/25 19:45:00,56.17,4195.33,,,,
06/22/25 19:50:00,56.24,4164.89,,,,
06/22/25 19:55:00,57.17,4058.34,,,,
06/22/25 20:00:00,56.17,3938.48,,,,
06/22/25 20:05:00,56.09,3927.06,,,,
06/22/25 20:10:00,56.55,3834.78,,,,
06/22/25 20:15:00,55.62,3676.86,,,,
06/22/25 20:20:00,55.32,3535.12,,,,
06/22/25 20:25:00,55.16,3491.35,,,,
06/22/25 20:30:00,54.54,3344.85,,,,
06/22/25 20:35:00,54.62,3235.45,,,,
06/22/25 20:40:00,54.08,3119.39,,,,
06/22/25 20:45:00,54.47,2986.20,,,,
06/22/25 20:50:00,53.93,2775.01,,,,
06/22/25 20:55:00,53.31,2614.23,,,,
06/22/25 21:00:00,53.08,2487.71,,,,
06/22/25 21:05:00,52.61,2351.67,,,,
06/22/25 21:10:00,51.69,2110.03,,,,
06/22/25 21:15:00,51.22,1758.52,,,,
06/22/25 21:20:00,49.99,1637.23,,,,
06/22/25 21:25:00,50.22,1675.76,,,,
06/22/25 21:30:00,51.22,1634.85,,,,
06/22/25 21:35:00,50.45,1393.21,,,,
06/22/25 21:40:00,49.68,1371.33,,,,
06/22/25 21:45:00,49.83,1258.60,,,,
06/22/25 21:50:00,49.68,1151.10,,,,
06/22/25 21:55:00,47.52,1048.36,,,,
06/22/25 22:00:00,47.90,930.63,,,,
06/22/25 22:05:00,47.75,827.18,,,,
06/22/25 22:10:00,47.98,757.97,,,,
06/22/25 22:15:00,46.67,671.87,,,,
06/22/25 22:20:00,50.76,493.50,,,,
06/22/25 22:25:00,47.83,356.75,,,,
06/22/25 22:30:00,45.97,313.22,,,,
06/22/25 22:35:00,45.35,274.69,,,,
06/22/25 22:40:00,44.27,233.61,,,,
06/22/25 22:45:00,46.82,198.47,,,,
06/22/25 22:50:00,45.51,164.64,,,,
06/22/25 22:55:00,46.51,134.79,,,,
06/22/25 23:00:00,47.52,109.43,,,,
06/22/25 23:05:00,45.43,87.19,,,,
06/22/25 23:10:00,47.98,68.52,,,,
06/22/25 23:15:00,45.12,53.75,,,,
06/22/25 23:20:00,46.67,42.02,,,,
06/22/25 23:25:00,46.36,32.33,,,,
06/22/25 23:30:00,45.97,24.33,,,,
06/22/25 23:35:00,47.28,17.62,,,,
06/22/25 23:40:00,45.35,12.69,,,,
06/22/25 23:45:00,44.97,9.20,,,,
06/22/25 23:50:00,46.28,6.62,,,,
06/22/25 23:55:00,47.83,4.92,,,,
06/23/25 00:00:00,47.98,3.55,,,,
06/23/25 00:05:00,46.13,2.58,,,,
06/23/25 00:10:00,48.52,1.92,,,,
06/23/25 00:15:00,46.51,1.41,,,,
06/23/25 00:20:00,47.13,1.09,,,,
06/23/25 00:25:00,46.28,0.85,,,,
06/23/25 00:30:00,45.43,0.64,,,,
06/23/25 00:35:00,46.05,0.52,,,,
06/23/25 00:40:00,46.59,0.40,,,,
06/23/25 00:45:00,47.75,0.32,,,,
06/23/25 00:50:00,46.51,0.24,,,,
06/23/25 00:55:00,46.28,0.20,,,,
06/23/25 01:00:00,48.29,0.16,,,,
06/23/25 01:05:00,46.67,0.12,,,,
06/23/25 01:10:00,46.59,0.10,,,,
06/23/25 01:15:00,44.20,0.08,,,,
06/23/25 01:20:00,42.88,0.08,,,,
06/23/25 01:25:00,43.35,0.06,,,,
06/23/25 01:30:00,43.27,0.04,,,,
06/23/25 01:35:00,41.96,0.04,,,,
06/23/25 01:40:00,42.11,0.04,,,,
06/23/25 01:45:00,41.88,0.04,,,,
06/23/25 01:50:00,41.65,0.04,,,,
06/23/25 01:55:00,41.96,0.04,,,,
06/23/25 02:00:00,41.42,0.02,,,,
06/23/25 02:05:00,41.42,0.02,,,,
06/23/25 02:10:00,41.03,0.04,,,,
06/23/25 02:15:00,41.03,0.04,,,,
06/23/25 02:20:00,40.72,0.04,,,,
06/23/25 02:25:00,40.72,0.04,,,,
06/23/25 02:30:00,40.33,0.06,,,,
06/23/25 02:35:00,39.64,0.06,,,,
06/23/25 02:40:00,39.33,0.10,,,,
06/23/25 02:45:00,39.49,0.10,,,,
06/23/25 02:50:00,39.41,0.12,,,,
06/23/25 02:55:00,38.94,0.14,,,,
06/23/25 03:00:00,39.18,0.18,,,,
06/23/25 03:05:00,39.64,0.26,,,,
06/23/25 03:10:00,40.33,0.28,,,,
06/23/25 03:15:00,40.64,0.36,,,,
06/23/25 03:20:00,40.33,0.44,,,,
06/23/25 03:25:00,41.18,0.58,,,,
06/23/25 03:30:00,40.80,0.70,,,,
06/23/25 03:35:00,40.41,0.95,,,,
06/23/25 03:40:00,40.49,1.31,,,,
06/23/25 03:45:00,40.72,1.65,,,,
06/23/25 03:50:00,40.41,2.24,,,,
06/23/25 03:55:00,40.33,3.11,,,,
06/23/25 04:00:00,40.03,4.16,,,,
06/23/25 04:05:00,41.57,5.69,,,,
06/23/25 04:10:00,40.03,7.84,,,,
06/23/25 04:15:00,40.64,10.98,,,,
06/23/25 04:20:00,40.72,14.78,,,,
06/23/25 04:25:00,41.18,19.79,,,,
06/23/25 04:30:00,41.49,26.58,,,,
06/23/25 04:35:00,41.80,35.08,,,,
06/23/25 04:40:00,39.18,46.29,,,,
06/23/25 04:45:00,39.72,59.49,,,,
06/23/25 04:50:00,39.49,76.11,,,,
06/23/25 04:55:00,39.56,97.15,,,,
06/23/25 05:00:00,39.95,121.65,,,,
06/23/25 05:05:00,40.10,151.08,,,,
06/23/25 05:10:00,41.26,188.18,,,,
06/23/25 05:15:00,41.72,233.31,,,,
06/23/25 05:20:00,41.80,287.89,,,,
06/23/25 05:25:00,42.27,350.68,,,,
06/23/25 05:30:00,41.88,406.93,,,,
06/23/25 05:35:00,41.72,426.79,,,,
06/23/25 05:40:00,41.80,458.30,,,,
06/23/25 05:45:00,41.96,493.26,,,,
06/23/25 05:50:00,41.88,562.23,,,,
06/23/25 05:55:00,42.42,656.41,,,,
06/23/25 06:00:00,42.34,653.80,,,,
06/23/25 06:05:00,42.42,723.24,,,,
06/23/25 06:10:00,43.19,810.53,,,,
06/23/25 06:15:00,43.19,821.47,,,,
06/23/25 06:20:00,42.96,807.44,,,,
06/23/25 06:25:00,43.50,952.51,,,,
06/23/25 06:30:00,44.35,1098.78,,,,
06/23/25 06:35:00,45.35,1344.22,,,,
06/23/25 06:40:00,47.13,1399.40,,,,
06/23/25 06:45:00,47.75,1482.16,,,,
06/23/25 06:50:00,48.67,1529.25,,,,
06/23/25 06:55:00,48.60,1648.64,,,,
06/23/25 07:00:00,47.52,1477.88,,,,
06/23/25 07:05:00,46.28,1569.21,,,,
06/23/25 07:10:00,46.67,1831.77,,,,
06/23/25 07:15:00,46.98,1873.15,,,,
06/23/25 07:20:00,47.52,1992.07,,,,
06/23/25 07:25:00,47.98,2210.87,,,,
06/23/25 07:30:00,49.14,2521.96,,,,
06/23/25 07:35:00,51.38,2992.86,,,,
06/23/25 07:40:00,51.84,3004.28,,,,
06/23/25 07:45:00,50.37,2721.73,,,,
06/23/25 07:50:00,49.83,2444.90,,,,
06/23/25 07:55:00,49.22,2424.92,,,,
06/23/25 08:00:00,48.75,2513.39,,,,
06/23/25 08:05:00,49.22,2491.51,,,,
06/23/25 08:10:00,48.67,2564.77,,,,
06/23/25 08:15:00,49.68,2626.60,,,,
06/23/25 08:20:00,49.37,2697.95,,,,
06/23/25 08:25:00,49.60,2837.80,,,,
06/23/25 08:30:00,49.76,3004.28,,,,
06/23/25 08:35:00,49.91,3134.61,,,,
06/23/25 08:40:00,51.15,3407.64,,,,
06/23/25 08:45:00,51.07,3398.12,,,,
06/23/25 08:50:00,50.99,3476.13,,,,
06/23/25 08:55:00,50.53,3439.03,,,,
06/23/25 09:00:00,49.83,3455.20,,,,
06/23/25 09:05:00,48.83,3411.44,,,,
06/23/25 09:10:00,48.44,3461.86,,,,
06/23/25 09:15:00,48.37,3542.73,,,,
06/23/25 09:20:00,48.21,3607.42,,,,
06/23/25 09:25:00,48.21,3696.84,,,,
06/23/25 09:30:00,48.60,3740.60,,,,
06/23/25 09:35:00,49.06,3871.88,,,,
06/23/25 09:40:00,50.22,3919.45,,,,
06/23/25 09:45:00,50.76,3987.94,,,,
06/23/25 09:50:00,50.84,4065.95,,,,
06/23/25 09:55:00,51.15,4170.60,,,,
06/23/25 10:00:00,51.15,4307.59,,,,
06/23/25 10:05:00,51.53,4381.79,,,,
06/23/25 10:10:00,51.22,4465.51,,,,
06/23/25 10:15:00,52.23,4505.46,,,,
06/23/25 10:20:00,51.69,4494.05,,,,
06/23/25 10:25:00,51.92,4589.18,,,,
06/23/25 10:30:00,52.54,4794.67,,,,
06/23/25 10:35:00,52.46,4939.27,,,,
06/23/25 10:40:00,53.31,5070.55,,,,
06/23/25 10:45:00,53.93,5413.03,,,,
06/23/25 10:50:00,54.78,5500.55,,,,
06/23/25 10:55:00,55.08,5550.02,,,,
06/23/25 11:00:00,55.08,5551.92,,,,
06/23/25 11:05:00,55.08,5660.37,,,,
06/23/25 11:10:00,55.24,5983.82,,,,
06/23/25 11:15:00,55.16,5620.41,,,,
06/23/25 11:20:00,54.93,5572.85,,,,
06/23/25 11:25:00,54.62,5787.85,,,,
06/23/25 11:30:00,57.09,6771.52,,,,
06/23/25 11:35:00,58.79,6887.58,,,,
06/23/25 11:40:00,59.41,6997.93,,,,
06/23/25 11:45:00,60.03,7260.50,,,,
06/23/25 11:50:00,60.26,7304.26,,,,
06/23/25 11:55:00,60.26,6811.47,,,,
06/23/25 12:00:00,59.10,7070.23,,,,
06/23/25 12:05:00,60.03,6952.27,,,,
06/23/25 12:10:00,58.40,6290.15,,,,
06/23/25 12:15:00,57.48,6242.58,,,,
06/23/25 12:20:00,58.71,6996.03,,,,
06/23/25 12:25:00,61.34,8843.50,,,,
06/23/25 12:30:00,63.66,8036.77,,,,
06/23/25 12:35:00,63.11,8276.51,,,,
06/23/25 12:40:00,61.03,7313.77,,,,
06/23/25 12:45:00,56.94,6196.92,,,,
06/23/25 12:50:00,55.39,5884.88,,,,
06/23/25 12:55:00,55.08,5793.56,,,,
06/23/25 13:00:00,54.78,5692.72,,,,
06/23/25 13:05:00,54.62,5553.82,,,,
06/23/25 13:10:00,55.32,6328.20,,,,
06/23/25 13:15:00,56.01,6343.42,,,,
06/23/25 13:20:00,55.86,6177.89,,,,
06/23/25 13:25:00,56.01,6124.62,,,,
06/23/25 13:30:00,55.01,5844.93,,,,
06/23/25 13:35:00,56.01,6617.40,,,,
06/23/25 13:40:00,57.94,7174.88,,,,
06/23/25 13:45:00,57.71,6664.97,,,,
06/23/25 13:50:00,56.94,6807.67,,,,
06/23/25 13:55:00,57.63,6752.49,,,,
06/23/25 14:00:00,58.17,6942.75,,,,
06/23/25 14:05:00,57.63,6529.88,,,,
06/23/25 14:10:00,55.24,6227.36,,,,
06/23/25 14:15:00,54.47,6269.22,,,,
06/23/25 14:20:00,54.93,6864.74,,,,
06/23/25 14:25:00,55.16,6518.46,,,,
06/23/25 14:30:00,55.24,6796.25,,,,
06/23/25 14:35:00,59.72,10023.14,,,,
06/23/25 14:40:00,59.18,8542.88,,,,
06/23/25 14:45:00,58.25,6914.21,,,,
06/23/25 14:50:00,57.40,6790.54,,,,
06/23/25 14:55:00,56.78,6617.40,,,,
06/23/25 15:00:00,56.63,6257.80,,,,
06/23/25 15:05:00,54.16,6040.90,,,,
06/23/25 15:10:00,52.77,5346.43,,,,
06/23/25 15:15:00,57.79,6741.07,,,,
06/23/25 15:20:00,56.17,5968.60,,,,
06/23/25 15:25:00,55.39,5960.99,,,,
06/23/25 15:30:00,56.09,7361.34,,,,
06/23/25 15:35:00,57.25,6704.92,,,,
06/23/25 15:40:00,58.33,8010.14,,,,
06/23/25 15:45:00,65.28,9319.16,,,,
06/23/25 15:50:00,68.06,10221.01,,,,
06/23/25 15:55:00,66.36,9429.51,,,,
06/23/25 16:00:00,57.32,5369.27,,,,
06/23/25 16:05:00,57.25,5550.02,,,,
06/23/25 16:10:00,62.27,7289.03,,,,
06/23/25 16:15:00,59.33,5390.19,,,,
06/23/25 16:20:00,57.71,8272.70,,,,
06/23/25 16:25:00,63.50,8348.81,,,,
06/23/25 16:30:00,52.23,3145.07,,,,
06/23/25 16:35:00,49.99,3324.87,,,,
06/23/25 16:40:00,51.30,3735.84,,,,
06/23/25 16:45:00,52.00,4157.28,,,,
06/23/25 16:50:00,53.85,4777.54,,,,
06/23/25 16:55:00,55.47,5403.51,,,,
06/23/25 17:00:00,54.78,4282.86,,,,
06/23/25 17:05:00,55.78,4319.01,,,,
06/23/25 17:10:00,51.45,3615.98,,,,
06/23/25 17:15:00,53.62,4060.25,,,,
06/23/25 17:20:00,58.10,3191.69,,,,
06/23/25 17:25:00,52.54,3301.09,,,,
06/23/25 17:30:00,52.54,3526.55,,,,
06/23/25 17:35:00,48.13,2929.12,,,,
06/23/25 17:40:00,52.38,5873.47,,,,
06/23/25 17:45:00,49.45,6080.86,,,,
06/23/25 17:50:00,49.76,2877.75,,,,
06/23/25 17:55:00,48.67,2452.51,,,,
06/23/25 18:00:00,55.55,3077.53,,,,
06/23/25 18:05:00,55.16,7456.47,,,,
06/23/25 18:10:00,49.14,3055.65,,,,
06/23/25 18:15:00,55.93,6931.34,,,,
06/23/25 18:20:00,59.95,6771.52,,,,
06/23/25 18:25:00,60.49,6600.28,,,,
06/23/25 18:30:00,55.78,6345.32,,,,
06/23/25 18:35:00,60.41,6423.33,,,,
06/23/25 18:40:00,53.54,2256.54,,,,
06/23/25 18:45:00,54.39,5902.01,,,,
06/23/25 18:50:00,58.48,6004.75,,,,
06/23/25 18:55:00,59.18,5660.37,,,,
06/23/25 19:00:00,52.23,3352.46,,,,
06/23/25 19:05:00,47.28,1817.03,,,,
06/23/25 19:10:00,45.74,2324.08,,,,
06/23/25 19:15:00,45.82,2038.68,,,,
06/23/25 19:20:00,45.35,2143.33,,,,
06/23/25 19:25:00,44.74,1962.58,,,,
06/23/25 19:30:00,44.58,1994.92,,,,
06/23/25 19:35:00,45.20,2108.13,,,,
06/23/25 19:40:00,45.51,2560.96,,,,
06/23/25 19:45:00,47.90,2670.36,,,,
06/23/25 19:50:00,46.13,2113.84,,,,
06/23/25 19:55:00,49.83,2756.93,,,,
06/23/25 20:00:00,45.28,1574.91,,,,
06/23/25 20:05:00,43.89,1682.89,,,,
06/23/25 20:10:00,43.73,1657.68,,,,
06/23/25 20:15:00,43.73,1809.42,,,,
06/23/25 20:20:00,49.37,3635.00,,,,
06/23/25 20:25:00,49.68,4035.51,,,,
06/23/25 20:30:00,47.90,1933.56,,,,
06/23/25 20:35:00,51.22,3542.73,,,,
06/23/25 20:40:00,50.99,2949.10,,,,
06/23/25 20:45:00,51.92,3501.82,,,,
06/23/25 20:50:00,52.30,3535.12,,,,
06/23/25 20:55:00,52.38,3465.67,,,,
06/23/25 21:00:00,52.77,3225.94,,,,
06/23/25 21:05:00,52.77,2838.75,,,,
06/23/25 21:10:00,49.22,1301.41,,,,
06/23/25 21:15:00,47.21,1136.83,,,,
06/23/25 21:20:00,43.96,1098.78,,,,
06/23/25 21:25:00,43.04,989.85,,,,
06/23/25 21:30:00,43.11,975.11,,,,
06/23/25 21:35:00,42.73,897.34,,,,
06/23/25 21:40:00,42.50,843.35,,,,
06/23/25 21:45:00,42.19,765.58,,,,
06/23/25 21:50:00,42.03,704.45,,,,
06/23/25 21:55:00,41.34,664.97,,,,
06/23/25 22:00:00,41.57,638.81,,,,
06/23/25 22:05:00,40.88,583.40,,,,
06/23/25 22:10:00,41.49,490.88,,,,
06/23/25 22:15:00,41.11,452.83,,,,
06/23/25 22:20:00,40.95,397.30,,,,
06/23/25 22:25:00,40.80,354.49,,,,
06/23/25 22:30:00,39.87,294.67,,,,
06/23/25 22:35:00,39.64,246.63,,,,
06/23/25 22:40:00,39.56,211.61,,,,
06/23/25 22:45:00,39.49,178.08,,,,
06/23/25 22:50:00,39.64,146.27,,,,
06/23/25 22:55:00,39.33,120.58,,,,
06/23/25 23:00:00,39.02,98.19,,,,
06/23/25 23:05:00,39.49,77.95,,,,
06/23/25 23:10:00,39.95,61.00,,,,
06/23/25 23:15:00,39.49,47.09,,,,
06/23/25 23:20:00,39.72,37.73,,,,
06/23/25 23:25:00,38.56,28.04,,,,
06/23/25 23:30:00,38.71,20.75,,,,
06/23/25 23:35:00,37.25,15.50,,,,
06/23/25 23:40:00,37.94,11.39,,,,
06/23/25 23:45:00,38.02,8.00,,,,
06/23/25 23:50:00,37.79,5.77,,,,
06/23/25 23:55:00,37.63,4.36,,,,
06/24/25 00:00:00,38.25,3.39,,,,
06/24/25 00:05:00,38.56,2.42,,,,
06/24/25 00:10:00,38.94,1.83,,,,
06/24/25 00:15:00,39.02,1.47,,,,
06/24/25 00:20:00,39.10,1.05,,,,
06/24/25 00:25:00,37.71,0.81,,,,
06/24/25 00:30:00,37.79,0.66,,,,
06/24/25 00:35:00,38.17,0.50,,,,
06/24/25 00:40:00,38.79,0.38,,,,
06/24/25 00:45:00,38.94,0.28,,,,
06/24/25 00:50:00,38.94,0.20,,,,
06/24/25 00:55:00,38.87,0.18,,,,
06/24/25 01:00:00,39.56,0.12,,,,
06/24/25 01:05:00,39.33,0.10,,,,
06/24/25 01:10:00,38.94,0.06,,,,
06/24/25 01:15:00,39.56,0.06,,,,
06/24/25 01:20:00,40.03,0.04,,,,
06/24/25 01:25:00,39.33,0.04,,,,
06/24/25 01:30:00,38.87,0.04,,,,
06/24/25 01:35:00,39.41,0.02,,,,
06/24/25 01:40:00,39.33,0.02,,,,
06/24/25 01:45:00,39.64,0.02,,,,
06/24/25 01:50:00,39.56,0.02,,,,
06/24/25 01:55:00,39.64,0.02,,,,
06/24/25 02:00:00,39.95,0.02,,,,
06/24/25 02:05:00,39.02,0.02,,,,
06/24/25 02:10:00,38.87,0.04,,,,
06/24/25 02:15:00,39.79,0.02,,,,
06/24/25 02:20:00,39.56,0.04,,,,
06/24/25 02:25:00,39.02,0.04,,,,
06/24/25 02:30:00,38.71,0.08,,,,
06/24/25 02:35:00,39.02,0.06,,,,
06/24/25 02:40:00,39.02,0.08,,,,
06/24/25 02:45:00,38.94,0.10,,,,
06/24/25 02:50:00,40.33,0.12,,,,
06/24/25 02:55:00,38.87,0.12,,,,
06/24/25 03:00:00,38.71,0.14,,,,
06/24/25 03:05:00,39.49,0.18,,,,
06/24/25 03:10:00,39.10,0.22,,,,
06/24/25 03:15:00,39.72,0.30,,,,
06/24/25 03:20:00,38.94,0.36,,,,
06/24/25 03:25:00,38.71,0.46,,,,
06/24/25 03:30:00,38.48,0.60,,,,
06/24/25 03:35:00,38.40,0.81,,,,
06/24/25 03:40:00,38.94,1.07,,,,
06/24/25 03:45:00,38.56,1.45,,,,
06/24/25 03:50:00,38.64,1.94,,,,
06/24/25 03:55:00,38.25,2.74,,,,
06/24/25 04:00:00,38.40,3.75,,,,
06/24/25 04:05:00,38.40,5.21,,,,
06/24/25 04:10:00,38.25,7.11,,,,
06/24/25 04:15:00,38.17,10.01,,,,
06/24/25 04:20:00,37.94,13.97,,,,
06/24/25 04:25:00,37.94,17.94,,,,
06/24/25 04:30:00,38.33,24.15,,,,
06/24/25 04:35:00,38.40,31.01,,,,
06/24/25 04:40:00,38.40,44.36,,,,
06/24/25 04:45:00,38.48,58.16,,,,
06/24/25 04:50:00,38.17,71.82,,,,
06/24/25 04:55:00,37.79,92.72,,,,
06/24/25 05:00:00,38.17,118.02,,,,
06/24/25 05:05:00,38.17,138.06,,,,
06/24/25 05:10:00,38.10,161.55,,,,
06/24/25 05:15:00,38.25,197.16,,,,
06/24/25 05:20:00,38.48,226.12,,,,
06/24/25 05:25:00,39.10,276.36,,,,
06/24/25 05:30:00,39.02,325.35,,,,
06/24/25 05:35:00,38.71,371.25,,,,
06/24/25 05:40:00,38.94,408.83,,,,
06/24/25 05:45:00,39.02,460.20,,,,
06/24/25 05:50:00,39.79,638.34,,,,
06/24/25 05:55:00,41.03,906.37,,,,
06/24/25 06:00:00,41.96,894.01,,,,
06/24/25 06:05:00,40.88,653.80,,,,
06/24/25 06:10:00,39.87,697.56,,,,
06/24/25 06:15:00,39.64,784.84,,,,
06/24/25 06:20:00,43.11,1331.85,,,,
06/24/25 06:25:00,41.96,1173.46,,,,
06/24/25 06:30:00,43.81,1593.47,,,,
06/24/25 06:35:00,45.89,1818.93,,,,
06/24/25 06:40:00,46.36,2021.56,,,,
06/24/25 06:45:00,46.20,2130.96,,,,
06/24/25 06:50:00,47.28,2326.94,,,,
06/24/25 06:55:00,45.20,2204.21,,,,
06/24/25 07:00:00,43.73,1556.84,,,,
06/24/25 07:05:00,43.19,1835.58,,,,
06/24/25 07:10:00,44.43,1752.81,,,,
06/24/25 07:15:00,43.35,1827.97,,,,
06/24/25 07:20:00,46.59,2611.38,,,,
06/24/25 07:25:00,46.36,1785.16,,,,
06/24/25 07:30:00,43.73,1930.71,,,,
06/24/25 07:35:00,49.37,3213.57,,,,
06/24/25 07:40:00,47.90,2772.15,,,,
06/24/25 07:45:00,50.91,2639.92,,,,
06/24/25 07:50:00,49.76,2911.05,,,,
06/24/25 07:55:00,50.68,3432.37,,,,
06/24/25 08:00:00,48.60,3238.30,,,,
06/24/25 08:05:00,49.29,3069.92,,,,
06/24/25 08:10:00,49.45,2456.32,,,,
06/24/25 08:15:00,52.15,4764.22,,,,
06/24/25 08:20:00,54.16,5091.48,,,,
06/24/25 08:25:00,55.70,5213.25,,,,
06/24/25 08:30:00,57.40,5247.50,,,,
06/24/25 08:35:00,57.17,4861.26,,,,
06/24/25 08:40:00,55.70,4579.67,,,,
06/24/25 08:45:00,54.70,4547.32,,,,
06/24/25 08:50:00,54.70,4604.40,,,,
06/24/25 08:55:00,54.70,4627.23,,,,
06/24/25 09:00:00,54.47,4712.85,,,,
06/24/25 09:05:00,54.31,4842.23,,,,
06/24/25 09:10:00,54.85,4986.83,,,,
06/24/25 09:15:00,55.93,5148.56,,,,
06/24/25 09:20:00,56.24,5319.80,,,,
06/24/25 09:25:00,56.71,5517.67,,,,
06/24/25 09:30:00,57.09,5698.42,,,,
06/24/25 09:35:00,57.25,5926.74,,,,
06/24/25 09:40:00,57.94,6160.77,,,,
06/24/25 09:45:00,58.40,6430.94,,,,
06/24/25 09:50:00,58.87,6727.75,,,,
06/24/25 09:55:00,60.10,7024.57,,,,
06/24/25 10:00:00,62.19,7309.96,,,,
06/24/25 10:05:00,63.42,7606.78,,,,
06/24/25 10:10:00,64.81,7903.59,,,,
06/24/25 10:15:00,67.90,8185.18,,,,
06/24/25 10:20:00,67.75,8352.61,,,,
06/24/25 10:25:00,68.29,8284.12,,,,
06/24/25 10:30:00,67.52,8196.60,,,,
06/24/25 10:35:00,64.35,8082.44,,,,
06/24/25 10:40:00,63.89,8074.83,,,,
06/24/25 10:45:00,64.58,8147.13,,,,
06/24/25 10:50:00,64.58,8215.62,,,,
06/24/25 10:55:00,62.73,8265.09,,,,
06/24/25 11:00:00,61.88,8291.73,,,,
06/24/25 11:05:00,62.19,8314.56,,,,
06/24/25 11:10:00,62.50,8322.17,,,,
06/24/25 11:15:00,62.50,8329.78,,,,
06/24/25 11:20:00,63.11,8341.20,,,,
06/24/25 11:25:00,63.73,8345.00,,,,
06/24/25 11:30:00,64.66,8329.78,,,,
06/24/25 11:35:00,65.35,8516.24,,,,
06/24/25 11:40:00,66.05,8706.51,,,,
06/24/25 11:45:00,67.36,8915.80,,,,
06/24/25 11:50:00,67.67,8440.14,,,,
06/24/25 11:55:00,68.83,9349.60,,,,
06/24/25 12:00:00,60.88,6234.97,,,,
06/24/25 12:05:00,66.36,8067.22,,,,
06/24/25 12:10:00,69.29,9829.07,,,,
06/24/25 12:15:00,66.36,10030.75,,,,
06/24/25 12:20:00,62.50,8995.71,,,,
06/24/25 12:25:00,65.43,8139.52,,,,
06/24/25 12:30:00,64.74,9083.23,,,,
06/24/25 12:35:00,68.21,10335.17,,,,
06/24/25 12:40:00,63.89,7930.23,,,,
06/24/25 12:45:00,59.33,5905.81,,,,
06/24/25 12:50:00,67.83,10483.58,,,,
06/24/25 12:55:00,67.52,8333.59,,,,
06/24/25 13:00:00,69.76,7309.96,,,,
06/24/25 13:05:00,62.96,7915.01,,,,
06/24/25 13:10:00,70.14,11290.30,,,,
06/24/25 13:15:00,67.21,6820.98,,,,
06/24/25 13:20:00,62.19,6474.70,,,,
06/24/25 13:25:00,60.80,10704.28,,,,
06/24/25 13:30:00,60.49,6328.20,,,,
06/24/25 13:35:00,60.80,7922.62,,,,
06/24/25 13:40:00,64.58,6864.74,,,,
06/24/25 13:45:00,59.25,5953.38,,,,
06/24/25 13:50:00,65.97,9444.73,,,,
06/24/25 13:55:00,68.67,9475.17,,,,
06/24/25 14:00:00,70.91,9254.47,,,,
06/24/25 14:05:00,67.83,7201.51,,,,
06/24/25 14:10:00,68.29,8805.44,,,,
06/24/25 14:15:00,65.28,6954.17,,,,
06/24/25 14:20:00,66.20,9193.58,,,,
06/24/25 14:25:00,66.20,6415.72,,,,
06/24/25 14:30:00,65.20,7991.11,,,,
06/24/25 14:35:00,69.14,9707.30,,,,
06/24/25 14:40:00,69.22,9703.49,,,,
06/24/25 14:45:00,68.60,9722.52,,,,
06/24/25 14:50:00,71.22,8892.97,,,,
06/24/25 14:55:00,68.67,9566.50,,,,
06/24/25 15:00:00,67.21,8550.49,,,,
06/24/25 15:05:00,66.28,10350.39,,,,
06/24/25 15:10:00,68.52,9402.87,,,,
06/24/25 15:15:00,65.66,9505.62,,,,
06/24/25 15:20:00,64.97,10514.02,,,,
06/24/25 15:25:00,61.88,8573.32,,,,
06/24/25 15:30:00,63.73,7496.42,,,,
06/24/25 15:35:00,60.80,7127.31,,,,
06/24/25 15:40:00,59.25,7070.23,,,,
06/24/25 15:45:00,61.80,9642.61,,,,
06/24/25 15:50:00,61.42,7479.30,,,,
06/24/25 15:55:00,63.04,7911.20,,,,
06/24/25 16:00:00,62.57,7846.51,,,,
06/24/25 16:05:00,60.26,6826.69,,,,
06/24/25 16:10:00,58.17,6893.28,,,,
06/24/25 16:15:00,57.79,6581.25,,,,
06/24/25 16:20:00,57.56,6535.59,,,,
06/24/25 16:25:00,55.55,5319.80,,,,
06/24/25 16:30:00,53.77,6836.21,,,,
06/24/25 16:35:00,58.17,6459.48,,,,
06/24/25 16:40:00,58.87,8154.74,,,,
06/24/25 16:45:00,64.20,8892.97,,,,
06/24/25 16:50:00,64.35,9292.52,,,,
06/24/25 16:55:00,59.72,6389.08,,,,
06/24/25 17:00:00,55.08,5403.51,,,,
06/24/25 17:05:00,55.24,5308.38,,,,
06/24/25 17:10:00,55.39,5719.35,,,,
06/24/25 17:15:00,56.47,7049.30,,,,
06/24/25 17:20:00,63.50,9676.85,,,,
06/24/25 17:25:00,64.58,8443.94,,,,
06/24/25 17:30:00,63.66,7922.62,,,,
06/24/25 17:35:00,64.89,8211.82,,,,
06/24/25 17:40:00,62.50,7734.25,,,,
06/24/25 17:45:00,60.64,5726.96,,,,
06/24/25 17:50:00,55.70,5022.98,,,,
06/24/25 17:55:00,55.16,4798.47,,,,
06/24/25 18:00:00,55.62,5491.03,,,,
06/24/25 18:05:00,57.63,6581.25,,,,
06/24/25 18:10:00,64.20,8044.39,,,,
06/24/25 18:15:00,63.89,7243.37,,,,
06/24/25 18:20:00,61.88,6564.13,,,,
06/24/25 18:25:00,60.18,6585.06,,,,
06/24/25 18:30:00,59.33,6107.49,,,,
06/24/25 18:35:00,59.25,5968.60,,,,
06/24/25 18:40:00,59.41,5852.54,,,,
06/24/25 18:45:00,59.87,5728.87,,,,
06/24/25 18:50:00,57.56,5515.77,,,,
06/24/25 18:55:00,59.02,5626.12,,,,
06/24/25 19:00:00,58.79,5559.53,,,,
06/24/25 19:05:00,58.17,5295.06,,,,
06/24/25 19:10:00,57.01,4532.10,,,,
06/24/25 19:15:00,47.44,1946.41,,,,
06/24/25 19:20:00,45.20,1705.72,,,,
06/24/25 19:25:00,43.73,1694.31,,,,
06/24/25 19:30:00,43.81,2067.22,,,,
06/24/25 19:35:00,52.23,4986.83,,,,
06/24/25 19:40:00,54.93,4975.42,,,,
06/24/25 19:45:00,55.01,4749.00,,,,
06/24/25 19:50:00,54.85,4579.67,,,,
06/24/25 19:55:00,54.62,4362.77,,,,
06/24/25 20:00:00,54.70,4250.51,,,,
06/24/25 20:05:00,53.85,4062.15,,,,
06/24/25 20:10:00,52.92,3805.29,,,,
06/24/25 20:15:00,52.54,3853.81,,,,
06/24/25 20:20:00,48.98,2283.17,,,,
06/24/25 20:25:00,45.20,1936.42,,,,
06/24/25 20:30:00,43.89,1747.10,,,,
06/24/25 20:35:00,43.73,1741.87,,,,
06/24/25 20:40:00,43.73,1729.03,,,,
06/24/25 20:45:00,43.66,1612.02,,,,
06/24/25 20:50:00,42.57,1538.29,,,,
06/24/25 20:55:00,44.97,1802.76,,,,
06/24/25 21:00:00,44.97,1808.94,,,,
06/24/25 21:05:00,45.51,1745.20,,,,
06/24/25 21:10:00,44.89,1718.09,,,,
06/24/25 21:15:00,44.66,1701.92,,,,
06/24/25 21:20:00,44.89,1616.77,,,,
06/24/25 21:25:00,43.11,1233.87,,,,
06/24/25 21:30:00,43.04,1284.29,,,,
06/24/25 21:35:00,43.35,1098.78,,,,
06/24/25 21:40:00,42.65,872.84,,,,
06/24/25 21:45:00,41.26,612.65,,,,
06/24/25 21:50:00,40.03,540.83,,,,
06/24/25 21:55:00,39.79,477.21,,,,
06/24/25 22:00:00,39.41,423.93,,,,
06/24/25 22:05:00,39.25,384.45,,,,
06/24/25 22:10:00,38.94,334.98,,,,
06/24/25 22:15:00,39.41,318.22,,,,
06/24/25 22:20:00,39.18,260.31,,,,
06/24/25 22:25:00,38.79,214.05,,,,
06/24/25 22:30:00,38.87,182.59,,,,
06/24/25 22:35:00,39.02,157.98,,,,
06/24/25 22:40:00,39.02,134.31,,,,
06/24/25 22:45:00,38.79,115.38,,,,
06/24/25 22:50:00,38.56,99.00,,,,
06/24/25 22:55:00,37.79,82.20,,,,
06/24/25 23:00:00,37.86,67.48,,,,
06/24/25 23:05:00,38.10,53.51,,,,
06/24/25 23:10:00,38.17,41.47,,,,
06/24/25 23:15:00,38.25,32.57,,,,
06/24/25 23:20:00,38.64,25.29,,,,
06/24/25 23:25:00,38.48,19.15,,,,
06/24/25 23:30:00,38.71,14.22,,,,
06/24/25 23:35:00,38.64,10.75,,,,
06/24/25 23:40:00,38.10,8.40,,,,
06/24/25 23:45:00,37.48,6.38,,,,
06/24/25 23:50:00,37.71,4.64,,,,
06/24/25 23:55:00,37.79,3.27,,,,
06/25/25 00:00:00,37.94,2.28,,,,
06/25/25 00:05:00,38.02,1.65,,,,
06/25/25 00:10:00,38.17,1.23,,,,
06/25/25 00:15:00,38.17,0.95,,,,
06/25/25 00:20:00,38.40,0.70,,,,
06/25/25 00:25:00,38.33,0.56,,,,
06/25/25 00:30:00,38.56,0.42,,,,
06/25/25 00:35:00,38.87,0.32,,,,
06/25/25 00:40:00,38.94,0.24,,,,
06/25/25 00:45:00,38.48,0.26,,,,
06/25/25 00:50:00,38.40,0.14,,,,
06/25/25 00:55:00,38.25,0.12,,,,
06/25/25 01:00:00,38.02,0.10,,,,
06/25/25 01:05:00,38.17,0.06,,,,
06/25/25 01:10:00,38.02,0.06,,,,
06/25/25 01:15:00,38.10,0.08,,,,
06/25/25 01:20:00,37.94,0.02,,,,
06/25/25 01:25:00,37.79,0.02,,,,
06/25/25 01:30:00,37.94,0.00,,,,
06/25/25 01:35:00,37.86,0.00,,,,
06/25/25 01:40:00,37.94,0.04,,,,
06/25/25 01:45:00,37.79,0.00,,,,
06/25/25 01:50:00,37.79,0.00,,,,
06/25/25 01:55:00,37.79,0.00,,,,
06/25/25 02:00:00,37.71,0.00,,,,
06/25/25 02:05:00,37.79,0.00,,,,
06/25/25 02:10:00,37.79,0.00,,,,
06/25/25 02:15:00,37.63,0.00,,,,
06/25/25 02:20:00,38.02,0.00,,,,
06/25/25 02:25:00,37.79,0.02,,,,
06/25/25 02:30:00,37.71,0.02,,,,
06/25/25 02:35:00,37.86,0.00,,,,
06/25/25 02:40:00,38.02,0.00,,,,
06/25/25 02:45:00,38.10,0.02,,,,
06/25/25 02:50:00,38.10,0.04,,,,
06/25/25 02:55:00,38.10,0.04,,,,
06/25/25 03:00:00,38.33,0.08,,,,
06/25/25 03:05:00,38.40,0.08,,,,
06/25/25 03:10:00,38.71,0.12,,,,
06/25/25 03:15:00,38.25,0.14,,,,
06/25/25 03:20:00,38.33,0.18,,,,
06/25/25 03:25:00,38.10,0.24,,,,
06/25/25 03:30:00,38.02,0.34,,,,
06/25/25 03:35:00,37.55,0.48,,,,
06/25/25 03:40:00,37.40,0.66,,,,
06/25/25 03:45:00,37.32,0.85,,,,
06/25/25 03:50:00,37.63,1.15,,,,
06/25/25 03:55:00,37.40,1.53,,,,
06/25/25 04:00:00,37.48,2.08,,,,
06/25/25 04:05:00,37.79,2.87,,,,
06/25/25 04:10:00,37.71,4.11,,,,
06/25/25 04:15:00,37.71,5.86,,,,
06/25/25 04:20:00,38.10,8.64,,,,
06/25/25 04:25:00,37.86,11.87,,,,
06/25/25 04:30:00,37.86,16.96,,,,
06/25/25 04:35:00,38.10,22.86,,,,
06/25/25 04:40:00,37.94,28.20,,,,
06/25/25 04:45:00,38.02,37.32,,,,
06/25/25 04:50:00,38.33,49.22,,,,
06/25/25 04:55:00,38.02,63.50,,,,
06/25/25 05:00:00,38.17,78.13,,,,
06/25/25 05:05:00,38.48,94.00,,,,
06/25/25 05:10:00,37.94,107.11,,,,
06/25/25 05:15:00,38.56,124.03,,,,
06/25/25 05:20:00,37.94,140.08,,,,
06/25/25 05:25:00,37.79,160.00,,,,
06/25/25 05:30:00,37.71,194.78,,,,
06/25/25 05:35:00,38.02,240.03,,,,
06/25/25 05:40:00,38.64,292.06,,,,
06/25/25 05:45:00,38.64,336.17,,,,
06/25/25 05:50:00,39.79,398.25,,,,
06/25/25 05:55:00,39.56,469.48,,,,
06/25/25 06:00:00,39.72,539.88,,,,
06/25/25 06:05:00,39.49,578.40,,,,
06/25/25 06:10:00,39.64,630.73,,,,
06/25/25 06:15:00,40.03,674.96,,,,
06/25/25 06:20:00,40.03,711.59,,,,
06/25/25 06:25:00,40.26,718.01,,,,
06/25/25 06:30:00,40.26,769.38,,,,
06/25/25 06:35:00,40.57,856.19,,,,
06/25/25 06:40:00,40.64,899.95,,,,
06/25/25 06:45:00,40.80,932.53,,,,
06/25/25 06:50:00,40.72,969.16,,,,
06/25/25 06:55:00,40.88,1053.11,,,,
06/25/25 07:00:00,41.34,1182.49,,,,
06/25/25 07:05:00,42.03,1270.49,,,,
06/25/25 07:10:00,42.65,1448.39,,,,
06/25/25 07:15:00,42.50,1541.62,,,,
06/25/25 07:20:00,42.73,1600.12,,,,
06/25/25 07:25:00,43.04,1714.76,,,,
06/25/25 07:30:00,43.04,1815.12,,,,
06/25/25 07:35:00,43.11,1807.99,,,,
06/25/25 07:40:00,42.88,1727.60,,,,
06/25/25 07:45:00,42.65,1642.93,,,,
06/25/25 07:50:00,42.81,1809.42,,,,
06/25/25 07:55:00,43.73,2131.91,,,,
06/25/25 08:00:00,44.50,2443.95,,,,
06/25/25 08:05:00,47.05,3117.48,,,,
06/25/25 08:10:00,45.66,2592.35,,,,
06/25/25 08:15:00,46.13,2937.68,,,,
06/25/25 08:20:00,46.74,3245.91,,,,
06/25/25 08:25:00,48.83,3660.69,,,,
06/25/25 08:30:00,47.59,2947.20,,,,
06/25/25 08:35:00,46.44,2716.98,,,,
06/25/25 08:40:00,45.20,2396.38,,,,
06/25/25 08:45:00,44.81,2440.14,,,,
06/25/25 08:50:00,44.89,2620.89,,,,
06/25/25 08:55:00,45.59,2827.33,,,,
06/25/25 09:00:00,46.44,3363.88,,,,
06/25/25 09:05:00,47.83,3648.32,,,,
06/25/25 09:10:00,50.06,4617.72,,,,
06/25/25 09:15:00,52.15,4235.29,,,,
06/25/25 09:20:00,51.07,3925.16,,,,
06/25/25 09:25:00,50.84,4193.43,,,,
06/25/25 09:30:00,53.31,4138.25,,,,
06/25/25 09:35:00,57.17,4792.76,,,,
06/25/25 09:40:00,51.45,4012.68,,,,
06/25/25 09:45:00,53.00,3893.76,,,,
06/25/25 09:50:00,53.93,5726.96,,,,
06/25/25 09:55:00,59.33,8208.01,,,,
06/25/25 10:00:00,62.34,7661.95,,,,
06/25/25 10:05:00,62.27,8535.27,,,,
06/25/25 10:10:00,63.66,8953.85,,,,
06/25/25 10:15:00,61.65,7155.85,,,,
06/25/25 10:20:00,62.57,8706.51,,,,
06/25/25 10:25:00,63.11,8192.79,,,,
06/25/25 10:30:00,63.66,9467.56,,,,
06/25/25 10:35:00,60.88,6609.79,,,,
06/25/25 10:40:00,62.27,9064.20,,,,
06/25/25 10:45:00,62.96,8931.02,,,,
06/25/25 10:50:00,64.58,9787.21,,,,
06/25/25 10:55:00,64.12,9589.33,,,,
06/25/25 11:00:00,66.74,11864.90,,,,
06/25/25 11:05:00,70.45,12039.94,,,,
06/25/25 11:10:00,70.45,10810.83,,,,
06/25/25 11:15:00,66.67,7831.29,,,,
06/25/25 11:20:00,58.79,7941.64,,,,
06/25/25 11:25:00,56.01,6299.66,,,,
06/25/25 11:30:00,54.16,5780.24,,,,
06/25/25 11:35:00,52.30,5335.02,,,,
06/25/25 11:40:00,52.23,5810.68,,,,
06/25/25 11:45:00,53.00,6792.44,,,,
06/25/25 11:50:00,62.81,10609.15,,,,
06/25/25 11:55:00,58.17,6990.32,,,,
06/25/25 12:00:00,55.24,5846.83,,,,
06/25/25 12:05:00,53.85,5706.03,,,,
06/25/25 12:10:00,53.85,5824.00,,,,
06/25/25 12:15:00,56.86,7389.88,,,,
06/25/25 12:20:00,59.10,7547.79,,,,
06/25/25 12:25:00,57.09,6727.75,,,,
06/25/25 12:30:00,59.41,8097.66,,,,
06/25/25 12:35:00,59.33,6189.31,,,,
06/25/25 12:40:00,62.27,8775.00,,,,
06/25/25 12:45:00,59.87,8394.47,,,,
06/25/25 12:50:00,67.05,10011.72,,,,
06/25/25 12:55:00,65.05,7937.84,,,,
06/25/25 13:00:00,61.03,7016.96,,,,
06/25/25 13:05:00,58.48,6792.44,,,,
06/25/25 13:10:00,58.25,7705.71,,,,
06/25/25 13:15:00,62.81,7846.51,,,,
06/25/25 13:20:00,62.34,10323.75,,,,
06/25/25 13:25:00,72.38,12291.09,,,,
06/25/25 13:30:00,72.07,10780.39,,,,
06/25/25 13:35:00,70.84,9973.67,,,,
06/25/25 13:40:00,69.14,9665.44,,,,
06/25/25 13:45:00,69.76,10377.03,,,,
06/25/25 13:50:00,69.60,10681.45,,,,
06/25/25 13:55:00,65.12,8093.85,,,,
06/25/25 14:00:00,58.40,6737.27,,,,
06/25/25 14:05:00,68.06,12336.75,,,,
06/25/25 14:10:00,69.22,10498.80,,,,
06/25/25 14:15:00,61.80,7568.72,,,,
06/25/25 14:20:00,69.45,12039.94,,,,
06/25/25 14:25:00,71.84,11880.12,,,,
06/25/25 14:30:00,70.06,10007.92,,,,
06/25/25 14:35:00,70.06,11583.31,,,,
06/25/25 14:40:00,69.45,11750.74,,,,
06/25/25 14:45:00,68.83,8227.04,,,,
06/25/25 14:50:00,61.03,6155.06,,,,
06/25/25 14:55:00,56.17,6198.82,,,,
06/25/25 15:00:00,59.64,10654.81,,,,
06/25/25 15:05:00,62.57,9128.89,,,,
06/25/25 15:10:00,58.64,7167.27,,,,
06/25/25 15:15:00,59.25,7700.01,,,,
06/25/25 15:20:00,59.18,7831.29,,,,
06/25/25 15:25:00,60.41,8485.80,,,,
06/25/25 15:30:00,60.03,7254.79,,,,
06/25/25 15:35:00,60.03,8360.22,,,,
06/25/25 15:40:00,58.56,7903.59,,,,
06/25/25 15:45:00,63.42,9615.97,,,,
06/25/25 15:50:00,64.27,8866.33,,,,
06/25/25 15:55:00,61.57,8032.97,,,,
06/25/25 16:00:00,62.19,8755.97,,,,
06/25/25 16:05:00,62.42,9440.93,,,,
06/25/25 16:10:00,61.03,7532.57,,,,
06/25/25 16:15:00,62.50,8942.43,,,,
06/25/25 16:20:00,62.81,8931.02,,,,
06/25/25 16:25:00,62.88,8386.86,,,,
06/25/25 16:30:00,62.42,8345.00,,,,
06/25/25 16:35:00,62.11,8257.48,,,,
06/25/25 16:40:00,62.50,8725.53,,,,
06/25/25 16:45:00,63.19,8466.77,,,,
06/25/25 16:50:00,62.27,8238.45,,,,
06/25/25 16:55:00,61.34,7918.81,,,,
06/25/25 17:00:00,60.72,8093.85,,,,
06/25/25 17:05:00,60.18,7941.64,,,,
06/25/25 17:10:00,59.41,8006.33,,,,
06/25/25 17:15:00,60.26,7677.17,,,,
06/25/25 17:20:00,59.64,7289.03,,,,
06/25/25 17:25:00,59.72,6341.52,,,,
06/25/25 17:30:00,60.26,7650.54,,,,
06/25/25 17:35:00,58.48,5192.32,,,,
06/25/25 17:40:00,55.39,6151.25,,,,
06/25/25 17:45:00,55.62,7479.30,,,,
06/25/25 17:50:00,58.64,6533.68,,,,
06/25/25 17:55:00,59.56,7201.51,,,,
06/25/25 18:00:00,58.10,6687.80,,,,
06/25/25 18:05:00,55.62,6651.65,,,,
06/25/25 18:10:00,55.01,3526.55,,,,
06/25/25 18:15:00,53.93,6073.24,,,,
06/25/25 18:20:00,54.78,3471.38,,,,
06/25/25 18:25:00,53.00,4608.21,,,,
06/25/25 18:30:00,55.39,5707.94,,,,
06/25/25 18:35:00,55.47,5024.89,,,,
06/25/25 18:40:00,55.70,5854.44,,,,
06/25/25 18:45:00,57.09,6130.32,,,,
06/25/25 18:50:00,56.94,5846.83,,,,
06/25/25 18:55:00,56.71,5530.99,,,,
06/25/25 19:00:00,56.78,6233.07,,,,
06/25/25 19:05:00,54.47,4914.53,,,,
06/25/25 19:10:00,50.91,3541.77,,,,
06/25/25 19:15:00,48.75,3344.85,,,,
06/25/25 19:20:00,54.39,5928.64,,,,
06/25/25 19:25:00,55.62,5435.86,,,,
06/25/25 19:30:00,54.39,4229.58,,,,
06/25/25 19:35:00,51.92,4250.51,,,,
06/25/25 19:40:00,53.77,5367.36,,,,
06/25/25 19:45:00,54.08,4840.33,,,,
06/25/25 19:50:00,53.00,4134.45,,,,
06/25/25 19:55:00,51.92,3893.76,,,,
06/25/25 20:00:00,52.07,4043.12,,,,
06/25/25 20:05:00,52.77,4357.06,,,,
06/25/25 20:10:00,52.00,3864.27,,,,
06/25/25 20:15:00,51.53,3162.20,,,,
06/25/25 20:20:00,50.91,3464.72,,,,
06/25/25 20:25:00,43.81,1405.10,,,,
06/25/25 20:30:00,43.42,2618.04,,,,
06/25/25 20:35:00,43.11,1853.65,,,,
06/25/25 20:40:00,42.42,1356.59,,,,
06/25/25 20:45:00,41.65,1250.04,,,,
06/25/25 20:50:00,41.18,1425.08,,,,
06/25/25 20:55:00,40.80,1166.80,,,,
06/25/25 21:00:00,41.42,1423.18,,,,
06/25/25 21:05:00,43.81,1969.24,,,,
06/25/25 21:10:00,43.58,1444.58,,,,
06/25/25 21:15:00,41.03,1108.29,,,,
06/25/25 21:20:00,40.41,1081.65,,,,
06/25/25 21:25:00,40.26,1032.19,,,,
06/25/25 21:30:00,40.33,1005.07,,,,
06/25/25 21:35:00,41.88,1330.90,,,,
06/25/25 21:40:00,41.96,1151.58,,,,
06/25/25 21:45:00,40.10,845.96,,,,
06/25/25 21:50:00,39.49,767.48,,,,
06/25/25 21:55:00,39.10,657.60,,,,
06/25/25 22:00:00,39.02,622.88,,,,
06/25/25 22:05:00,39.10,597.67,,,,
06/25/25 22:10:00,38.87,501.35,,,,
06/25/25 22:15:00,38.33,438.32,,,,
06/25/25 22:20:00,37.94,351.99,,,,
06/25/25 22:25:00,37.71,308.11,,,,
06/25/25 22:30:00,37.71,263.04,,,,
06/25/25 22:35:00,37.48,206.67,,,,
06/25/25 22:40:00,37.32,184.02,,,,
06/25/25 22:45:00,37.40,158.10,,,,
06/25/25 22:50:00,36.86,136.63,,,,
06/25/25 22:55:00,36.55,104.14,,,,
06/25/25 23:00:00,36.71,81.72,,,,
06/25/25 23:05:00,36.55,69.48,,,,
06/25/25 23:10:00,36.16,54.51,,,,
06/25/25 23:15:00,36.09,41.75,,,,
06/25/25 23:20:00,35.78,31.19,,,,
06/25/25 23:25:00,36.24,25.53,,,,
06/25/25 23:30:00,36.47,19.31,,,,
06/25/25 23:35:00,36.71,14.14,,,,
06/25/25 23:40:00,36.78,10.26,,,,
06/25/25 23:45:00,37.17,7.59,,,,
06/25/25 23:50:00,37.32,5.33,,,,
06/25/25 23:55:00,37.25,3.75,,,,
06/26/25 00:00:00,36.78,2.79,,,,
06/26/25 00:05:00,36.55,2.12,,,,
06/26/25 00:10:00,36.63,1.57,,,,
06/26/25 00:15:00,36.71,1.19,,,,
06/26/25 00:20:00,36.78,0.93,,,,
06/26/25 00:25:00,36.86,0.66,,,,
06/26/25 00:30:00,36.71,0.50,,,,
06/26/25 00:35:00,36.94,0.36,,,,
06/26/25 00:40:00,36.78,0.28,,,,
06/26/25 00:45:00,36.55,0.22,,,,
06/26/25 00:50:00,36.71,0.18,,,,
06/26/25 00:55:00,36.71,0.16,,,,
06/26/25 01:00:00,36.71,0.12,,,,
06/26/25 01:05:00,36.86,0.10,,,,
06/26/25 01:10:00,37.32,0.08,,,,
06/26/25 01:15:00,36.71,0.06,,,,
06/26/25 01:20:00,36.32,0.04,,,,
06/26/25 01:25:00,36.01,0.04,,,,
06/26/25 01:30:00,35.78,0.02,,,,
06/26/25 01:35:00,35.70,0.02,,,,
06/26/25 01:40:00,35.78,0.02,,,,
06/26/25 01:45:00,36.32,0.08,,,,
06/26/25 01:50:00,36.55,0.00,,,,
06/26/25 01:55:00,36.71,0.00,,,,
06/26/25 02:00:00,35.78,0.06,,,,
06/26/25 02:05:00,36.24,0.00,,,,
06/26/25 02:10:00,36.71,0.00,,,,
06/26/25 02:15:00,36.94,0.00,,,,
06/26/25 02:20:00,37.09,0.00,,,,
06/26/25 02:25:00,36.86,0.00,,,,
06/26/25 02:30:00,37.01,0.00,,,,
06/26/25 02:35:00,36.71,0.00,,,,
06/26/25 02:40:00,36.86,0.00,,,,
06/26/25 02:45:00,36.86,0.02,,,,
06/26/25 02:50:00,36.40,0.04,,,,
06/26/25 02:55:00,36.94,0.06,,,,
06/26/25 03:00:00,36.71,0.08,,,,
06/26/25 03:05:00,36.40,0.12,,,,
06/26/25 03:10:00,36.32,0.16,,,,
06/26/25 03:15:00,37.09,0.20,,,,
06/26/25 03:20:00,37.25,0.26,,,,
06/26/25 03:25:00,37.40,0.36,,,,
06/26/25 03:30:00,37.32,0.48,,,,
06/26/25 03:35:00,37.01,0.64,,,,
06/26/25 03:40:00,36.71,0.81,,,,
06/26/25 03:45:00,35.86,1.07,,,,
06/26/25 03:50:00,35.86,1.43,,,,
06/26/25 03:55:00,36.09,1.96,,,,
06/26/25 04:00:00,35.86,2.74,,,,
06/26/25 04:05:00,35.78,3.95,,,,
06/26/25 04:10:00,36.01,5.57,,,,
06/26/25 04:15:00,36.16,7.59,,,,
06/26/25 04:20:00,36.40,10.34,,,,
06/26/25 04:25:00,36.71,14.22,,,,
06/26/25 04:30:00,36.86,19.95,,,,
06/26/25 04:35:00,36.63,26.35,,,,
06/26/25 04:40:00,36.09,34.44,,,,
06/26/25 04:45:00,36.32,45.11,,,,
06/26/25 04:50:00,36.94,55.71,,,,
06/26/25 04:55:00,37.09,66.74,,,,
06/26/25 05:00:00,37.01,84.94,,,,
06/26/25 05:05:00,37.55,117.93,,,,
06/26/25 05:10:00,38.02,135.74,,,,
06/26/25 05:15:00,38.25,168.92,,,,
06/26/25 05:20:00,38.17,199.60,,,,
06/26/25 05:25:00,37.79,219.04,,,,
06/26/25 05:30:00,37.71,263.52,,,,
06/26/25 05:35:00,37.94,324.64,,,,
06/26/25 05:40:00,38.25,383.74,,,,
06/26/25 05:45:00,38.56,456.04,,,,
06/26/25 05:50:00,38.71,527.03,,,,
06/26/25 05:55:00,39.49,649.75,,,,
06/26/25 06:00:00,40.03,729.66,,,,
06/26/25 06:05:00,40.10,870.22,,,,
06/26/25 06:10:00,40.26,972.49,,,,
06/26/25 06:15:00,40.80,1059.77,,,,
06/26/25 06:20:00,40.95,1195.81,,,,
06/26/25 06:25:00,41.11,1289.04,,,,
06/26/25 06:30:00,41.34,1292.37,,,,
06/26/25 06:35:00,41.96,1475.50,,,,
06/26/25 06:40:00,42.11,1620.58,,,,
06/26/25 06:45:00,42.96,1824.64,,,,
06/26/25 06:50:00,43.27,2106.23,,,,
06/26/25 06:55:00,43.73,2080.54,,,,
06/26/25 07:00:00,44.58,2487.71,,,,
06/26/25 07:05:00,45.89,2155.70,,,,
06/26/25 07:10:00,44.35,1995.88,,,,
06/26/25 07:15:00,43.19,1686.70,,,,
06/26/25 07:20:00,42.19,1631.52,,,,
06/26/25 07:25:00,42.50,1718.56,,,,
06/26/25 07:30:00,42.42,1864.59,,,,
06/26/25 07:35:00,43.04,2064.37,,,,
06/26/25 07:40:00,43.58,2210.87,,,,
06/26/25 07:45:00,44.12,2339.30,,,,
06/26/25 07:50:00,44.12,2271.76,,,,
06/26/25 07:55:00,43.11,1820.36,,,,
06/26/25 08:00:00,42.27,1654.35,,,,
06/26/25 08:05:00,43.04,2291.74,,,,
06/26/25 08:10:00,44.43,2426.82,,,,
06/26/25 08:15:00,44.81,2760.74,,,,
06/26/25 08:20:00,45.28,2697.95,,,,
06/26/25 08:25:00,45.05,2650.39,,,,
06/26/25 08:30:00,45.28,3047.09,,,,
06/26/25 08:35:00,45.20,3041.38,,,,
06/26/25 08:40:00,47.21,4271.44,,,,
06/26/25 08:45:00,50.37,4480.73,,,,
06/26/25 08:50:00,48.83,3517.04,,,,
06/26/25 08:55:00,47.59,3171.71,,,,
06/26/25 09:00:00,48.67,3721.57,,,,
06/26/25 09:05:00,47.75,3093.70,,,,
06/26/25 09:10:00,46.36,4067.86,,,,
06/26/25 09:15:00,55.24,6040.90,,,,
06/26/25 09:20:00,52.54,3889.96,,,,
06/26/25 09:25:00,49.68,3424.76,,,,
06/26/25 09:30:00,48.29,3220.23,,,,
06/26/25 09:35:00,47.83,3061.36,,,,
06/26/25 09:40:00,46.74,2652.29,,,,
06/26/25 09:45:00,55.86,6371.96,,,,
06/26/25 09:50:00,58.40,7922.62,,,,
06/26/25 09:55:00,57.17,4052.63,,,,
06/26/25 10:00:00,51.61,3722.53,,,,
06/26/25 10:05:00,51.61,5506.26,,,,
06/26/25 10:10:00,52.00,4903.12,,,,
06/26/25 10:15:00,51.45,4619.62,,,,
06/26/25 10:20:00,51.45,4566.35,,,,
06/26/25 10:25:00,52.30,5757.41,,,,
06/26/25 10:30:00,53.69,5983.82,,,,
06/26/25 10:35:00,53.85,5542.41,,,,
06/26/25 10:40:00,54.93,6775.32,,,,
06/26/25 10:45:00,56.17,6044.70,,,,
06/26/25 10:50:00,58.02,6373.86,,,,
06/26/25 10:55:00,58.25,6255.90,,,,
06/26/25 11:00:00,58.25,6533.68,,,,
06/26/25 11:05:00,58.64,6293.95,,,,
06/26/25 11:10:00,60.10,6526.07,,,,
06/26/25 11:15:00,59.25,6891.38,,,,
06/26/25 11:20:00,58.87,7407.00,,,,
06/26/25 11:25:00,59.41,7321.38,,,,
06/26/25 11:30:00,61.26,7823.68,,,,
06/26/25 11:35:00,62.42,7694.30,,,,
06/26/25 11:40:00,61.03,7460.27,,,,
06/26/25 11:45:00,62.19,7680.98,,,,
06/26/25 11:50:00,60.64,7106.38,,,,
06/26/25 11:55:00,59.33,6874.26,,,,
06/26/25 12:00:00,59.41,7209.12,,,,
06/26/25 12:05:00,61.72,7934.03,,,,
06/26/25 12:10:00,60.88,6921.82,,,,
06/26/25 12:15:00,60.03,7180.58,,,,
06/26/25 12:20:00,61.49,8455.36,,,,
06/26/25 12:25:00,64.81,8306.95,,,,
06/26/25 12:30:00,65.89,9079.42,,,,
06/26/25 12:35:00,67.83,9018.54,,,,
06/26/25 12:40:00,68.60,10327.56,,,,
06/26/25 12:45:00,65.89,8116.69,,,,
06/26/25 12:50:00,67.98,9117.48,,,,
06/26/25 12:55:00,70.22,9981.28,,,,
06/26/25 13:00:00,69.22,9098.45,,,,
06/26/25 13:05:00,66.74,8763.59,,,,
06/26/25 13:10:00,68.52,9897.56,,,,
06/26/25 13:15:00,66.13,8447.75,,,,
06/26/25 13:20:00,63.19,8679.87,,,,
06/26/25 13:25:00,63.35,8386.86,,,,
06/26/25 13:30:00,62.19,8147.13,,,,
06/26/25 13:35:00,62.03,7728.55,,,,
06/26/25 13:40:00,61.88,8112.88,,,,
06/26/25 13:45:00,59.79,7903.59,,,,
06/26/25 13:50:00,66.44,10742.34,,,,
06/26/25 13:55:00,67.21,8695.09,,,,
06/26/25 14:00:00,63.50,8432.52,,,,
06/26/25 14:05:00,65.35,9775.79,,,,
06/26/25 14:10:00,63.35,7355.63,,,,
06/26/25 14:15:00,67.05,10578.71,,,,
06/26/25 14:20:00,66.05,8276.51,,,,
06/26/25 14:25:00,63.89,8923.41,,,,
06/26/25 14:30:00,63.73,8139.52,,,,
06/26/25 14:35:00,68.21,10015.53,,,,
06/26/25 14:40:00,67.98,9269.69,,,,
06/26/25 14:45:00,69.29,10213.40,,,,
06/26/25 14:50:00,69.76,8733.14,,,,
06/26/25 14:55:00,67.13,8626.59,,,,
06/26/25 15:00:00,65.51,9189.78,,,,
06/26/25 15:05:00,65.82,8592.35,,,,
06/26/25 15:10:00,63.73,8740.75,,,,
06/26/25 15:15:00,66.59,10316.14,,,,
06/26/25 15:20:00,64.04,7509.74,,,,
06/26/25 15:25:00,64.74,9113.67,,,,
06/26/25 15:30:00,66.05,9349.60,,,,
06/26/25 15:35:00,60.80,6900.90,,,,
06/26/25 15:40:00,63.04,8424.91,,,,
06/26/25 15:45:00,63.27,8306.95,,,,
06/26/25 15:50:00,63.19,8067.22,,,,
06/26/25 15:55:00,64.43,8542.88,,,,
06/26/25 16:00:00,62.50,7654.34,,,,
06/26/25 16:05:00,63.66,8424.91,,,,
06/26/25 16:10:00,62.81,7009.35,,,,
06/26/25 16:15:00,61.26,7226.25,,,,
06/26/25 16:20:00,57.94,5363.56,,,,
06/26/25 16:25:00,60.41,9303.94,,,,
06/26/25 16:30:00,59.95,6862.84,,,,
06/26/25 16:35:00,61.88,9338.18,,,,
06/26/25 16:40:00,62.50,6929.43,,,,
06/26/25 16:45:00,63.66,8006.33,,,,
06/26/25 16:50:00,61.03,7663.86,,,,
06/26/25 16:55:00,62.42,8832.08,,,,
06/26/25 17:00:00,64.66,9048.98,,,,
06/26/25 17:05:00,64.35,8603.76,,,,
06/26/25 17:10:00,59.33,4931.66,,,,
06/26/25 17:15:00,55.55,5913.42,,,,
06/26/25 17:20:00,57.01,6204.53,,,,
06/26/25 17:25:00,59.33,6938.95,,,,
06/26/25 17:30:00,61.18,7239.57,,,,
06/26/25 17:35:00,60.64,7260.50,,,,
06/26/25 17:40:00,57.71,5477.72,,,,
06/26/25 17:45:00,56.55,5209.44,,,,
06/26/25 17:50:00,56.63,6183.60,,,,
06/26/25 17:55:00,62.42,8093.85,,,,
06/26/25 18:00:00,57.79,5439.66,,,,
06/26/25 18:05:00,55.01,5304.58,,,,
06/26/25 18:10:00,52.84,4969.71,,,,
06/26/25 18:15:00,52.07,4678.61,,,,
06/26/25 18:20:00,51.15,4414.14,,,,
06/26/25 18:25:00,51.07,4292.37,,,,
06/26/25 18:30:00,54.08,5818.29,,,,
06/26/25 18:35:00,53.46,4484.54,,,,
06/26/25 18:40:00,58.56,8805.44,,,,
06/26/25 18:45:00,55.55,3724.43,,,,
06/26/25 18:50:00,50.30,3213.57,,,,
06/26/25 18:55:00,48.37,3130.80,,,,
06/26/25 19:00:00,47.52,3296.33,,,,
06/26/25 19:05:00,48.52,3587.44,,,,
06/26/25 19:10:00,47.67,3198.35,,,,
06/26/25 19:15:00,46.44,2916.76,,,,
06/26/25 19:20:00,45.97,2855.87,,,,
06/26/25 19:25:00,45.74,2820.67,,,,
06/26/25 19:30:00,45.28,2638.02,,,,
06/26/25 19:35:00,45.20,2531.47,,,,
06/26/25 19:40:00,47.90,2646.58,,,,
06/26/25 19:45:00,46.20,2254.63,,,,
06/26/25 19:50:00,43.81,1996.83,,,,
06/26/25 19:55:00,45.12,2545.74,,,,
06/26/25 20:00:00,43.96,1983.51,,,,
06/26/25 20:05:00,45.05,2353.57,,,,
06/26/25 20:10:00,45.97,2721.73,,,,
06/26/25 20:15:00,44.74,2119.55,,,,
06/26/25 20:20:00,47.67,2864.43,,,,
06/26/25 20:25:00,46.59,2882.51,,,,
06/26/25 20:30:00,48.13,2491.51,,,,
06/26/25 20:35:00,50.99,3919.45,,,,
06/26/25 20:40:00,48.60,2853.02,,,,
06/26/25 20:45:00,46.51,1703.82,,,,
06/26/25 20:50:00,43.73,1573.01,,,,
06/26/25 20:55:00,41.80,1431.74,,,,
06/26/25 21:00:00,40.64,1283.81,,,,
06/26/25 21:05:00,41.03,1196.29,,,,
06/26/25 21:10:00,41.72,1104.49,,,,
06/26/25 21:15:00,41.57,1008.88,,,,
06/26/25 21:20:00,41.42,897.81,,,,
06/26/25 21:25:00,40.88,806.72,,,,
06/26/25 21:30:00,40.33,736.80,,,,
06/26/25 21:35:00,40.03,691.14,,,,
06/26/25 21:40:00,39.56,647.14,,,,
06/26/25 21:45:00,39.41,583.40,,,,
06/26/25 21:50:00,38.40,520.14,,,,
06/26/25 21:55:00,38.17,463.77,,,,
06/26/25 22:00:00,38.10,421.67,,,,
06/26/25 22:05:00,37.71,385.05,,,,
06/26/25 22:10:00,38.02,343.67,,,,
06/26/25 22:15:00,38.10,308.59,,,,
06/26/25 22:20:00,38.10,269.58,,,,
06/26/25 22:25:00,38.02,241.04,,,,
06/26/25 22:30:00,38.10,220.47,,,,
06/26/25 22:35:00,38.10,199.60,,,,
06/26/25 22:40:00,38.10,179.50,,,,
06/26/25 22:45:00,38.17,149.83,,,,
06/26/25 22:50:00,37.94,118.83,,,,
06/26/25 22:55:00,37.86,95.37,,,,
06/26/25 23:00:00,37.86,80.12,,,,
06/26/25 23:05:00,37.55,65.25,,,,
06/26/25 23:10:00,37.40,51.62,,,,
06/26/25 23:15:00,37.40,42.68,,,,
06/26/25 23:20:00,37.48,33.62,,,,
06/26/25 23:25:00,37.25,25.13,,,,
06/26/25 23:30:00,37.17,19.63,,,,
06/26/25 23:35:00,36.94,14.63,,,,
06/26/25 23:40:00,36.94,10.99,,,,
06/26/25 23:45:00,37.09,8.16,,,,
06/26/25 23:50:00,37.09,5.90,,,,
06/26/25 23:55:00,36.86,4.28,,,,
06/27/25 00:00:00,37.09,3.07,,,,
06/27/25 00:05:00,36.94,2.18,,,,
06/27/25 00:10:00,36.55,1.63,,,,
06/27/25 00:15:00,36.32,1.17,,,,
06/27/25 00:20:00,36.63,0.82,,,,
06/27/25 00:25:00,36.71,0.64,,,,
06/27/25 00:30:00,36.63,0.48,,,,
06/27/25 00:35:00,36.55,0.36,,,,
06/27/25 00:40:00,36.55,0.28,,,,
06/27/25 00:45:00,36.71,0.22,,,,
06/27/25 00:50:00,36.78,0.16,,,,
06/27/25 00:55:00,36.94,0.12,,,,
06/27/25 01:00:00,36.94,0.08,,,,
06/27/25 01:05:00,37.09,0.06,,,,
06/27/25 01:10:00,37.01,0.06,,,,
06/27/25 01:15:00,36.78,0.06,,,,
06/27/25 01:20:00,36.94,0.04,,,,
06/27/25 01:25:00,36.63,0.04,,,,
06/27/25 01:30:00,36.55,0.02,,,,
06/27/25 01:35:00,36.71,0.02,,,,
06/27/25 01:40:00,37.25,0.02,,,,
06/27/25 01:45:00,37.79,0.02,,,,
06/27/25 01:50:00,37.48,0.02,,,,
06/27/25 01:55:00,37.01,0.00,,,,
06/27/25 02:00:00,36.78,0.00,,,,
06/27/25 02:05:00,36.86,0.00,,,,
06/27/25 02:10:00,36.86,0.00,,,,
06/27/25 02:15:00,37.01,0.00,,,,
06/27/25 02:20:00,37.17,0.00,,,,
06/27/25 02:25:00,37.17,0.00,,,,
06/27/25 02:30:00,36.71,0.00,,,,
06/27/25 02:35:00,36.55,0.02,,,,
06/27/25 02:40:00,36.78,0.02,,,,
06/27/25 02:45:00,36.71,0.04,,,,
06/27/25 02:50:00,36.78,0.04,,,,
06/27/25 02:55:00,37.01,0.06,,,,
06/27/25 03:00:00,36.63,0.14,,,,
06/27/25 03:05:00,36.55,0.10,,,,
06/27/25 03:10:00,36.78,0.16,,,,
06/27/25 03:15:00,36.71,0.22,,,,
06/27/25 03:20:00,36.40,0.28,,,,
06/27/25 03:25:00,36.40,0.36,,,,
06/27/25 03:30:00,36.47,0.46,,,,
06/27/25 03:35:00,36.24,0.60,,,,
06/27/25 03:40:00,36.55,0.79,,,,
06/27/25 03:45:00,36.47,1.09,,,,
06/27/25 03:50:00,36.47,1.47,,,,
06/27/25 03:55:00,36.71,2.02,,,,
06/27/25 04:00:00,36.71,2.74,,,,
06/27/25 04:05:00,36.71,3.75,,,,
06/27/25 04:10:00,36.71,5.13,,,,
06/27/25 04:15:00,36.40,7.23,,,,
06/27/25 04:20:00,36.24,10.10,,,,
06/27/25 04:25:00,36.16,14.29,,,,
06/27/25 04:30:00,36.01,19.87,,,,
06/27/25 04:35:00,35.62,26.65,,,,
06/27/25 04:40:00,35.78,35.69,,,,
06/27/25 04:45:00,36.09,46.05,,,,
06/27/25 04:50:00,36.55,57.60,,,,
06/27/25 04:55:00,36.78,72.30,,,,
06/27/25 05:00:00,36.47,88.80,,,,
06/27/25 05:05:00,36.24,108.30,,,,
06/27/25 05:10:00,36.63,129.74,,,,
06/27/25 05:15:00,37.01,155.42,,,,
06/27/25 05:20:00,37.09,179.50,,,,
06/27/25 05:25:00,37.25,199.42,,,,
06/27/25 05:30:00,37.40,218.21,,,,
06/27/25 05:35:00,37.48,241.34,,,,
06/27/25 05:40:00,37.63,284.09,,,,
06/27/25 05:45:00,37.63,303.83,,,,
06/27/25 05:50:00,37.71,340.69,,,,
06/27/25 05:55:00,37.94,392.78,,,,
06/27/25 06:00:00,38.02,462.46,,,,
06/27/25 06:05:00,38.48,534.88,,,,
06/27/25 06:10:00,38.64,602.66,,,,
06/27/25 06:15:00,38.71,664.74,,,,
06/27/25 06:20:00,38.71,698.03,,,,
06/27/25 06:25:00,38.87,751.54,,,,
06/27/25 06:30:00,38.71,765.58,,,,
06/27/25 06:35:00,38.94,795.07,,,,
06/27/25 06:40:00,39.18,839.54,,,,
06/27/25 06:45:00,38.87,869.75,,,,
06/27/25 06:50:00,38.48,897.81,,,,
06/27/25 06:55:00,39.18,972.49,,,,
06/27/25 07:00:00,39.49,1093.55,,,,
06/27/25 07:05:00,40.03,1257.65,,,,
06/27/25 07:10:00,40.18,1404.15,,,,
06/27/25 07:15:00,40.41,1497.86,,,,
06/27/25 07:20:00,40.49,1531.15,,,,
06/27/25 07:25:00,40.57,1531.15,,,,
06/27/25 07:30:00,40.57,1549.23,,,,
06/27/25 07:35:00,40.72,1599.17,,,,
06/27/25 07:40:00,40.88,1536.39,,,,
06/27/25 07:45:00,40.80,1617.25,,,,
06/27/25 07:50:00,41.42,1798.48,,,,
06/27/25 07:55:00,42.19,2044.39,,,,
06/27/25 08:00:00,43.19,2345.96,,,,
06/27/25 08:05:00,43.89,2482.00,,,,
06/27/25 08:10:00,44.27,2533.37,,,,
06/27/25 08:15:00,43.96,2480.10,,,,
06/27/25 08:20:00,44.20,2568.57,,,,
06/27/25 08:25:00,44.58,2716.98,,,,
06/27/25 08:30:00,44.97,2823.53,,,,
06/27/25 08:35:00,44.81,2878.70,,,,
06/27/25 08:40:00,44.97,2958.61,,,,
06/27/25 08:45:00,45.28,2967.18,,,,
06/27/25 08:50:00,45.74,3213.57,,,,
06/27/25 08:55:00,46.05,3185.98,,,,
06/27/25 09:00:00,46.51,3399.08,,,,
06/27/25 09:05:00,47.28,3501.82,,,,
06/27/25 09:10:00,47.75,3706.35,,,,
06/27/25 09:15:00,49.22,4391.31,,,,
06/27/25 09:20:00,51.22,4429.36,,,,
06/27/25 09:25:00,51.76,4296.17,,,,
06/27/25 09:30:00,49.68,3718.72,,,,
06/27/25 09:35:00,49.37,3974.63,,,,
06/27/25 09:40:00,49.68,4338.03,,,,
06/27/25 09:45:00,51.30,4724.27,,,,
06/27/25 09:50:00,52.69,4975.42,,,,
06/27/25 09:55:00,50.45,4086.88,,,,
06/27/25 10:00:00,50.30,4583.47,,,,
06/27/25 10:05:00,51.30,5076.26,,,,
06/27/25 10:10:00,52.92,5494.84,,,,
06/27/25 10:15:00,54.54,5919.13,,,,
06/27/25 10:20:00,54.62,5795.46,,,,
06/27/25 10:25:00,58.10,6849.52,,,,
06/27/25 10:30:00,61.88,10369.42,,,,
06/27/25 10:35:00,61.42,6988.42,,,,
06/27/25 10:40:00,58.87,7142.53,,,,
06/27/25 10:45:00,60.72,8257.48,,,,
06/27/25 10:50:00,60.49,7121.60,,,,
06/27/25 10:55:00,62.65,9730.13,,,,
06/27/25 11:00:00,62.96,8934.82,,,,
06/27/25 11:05:00,58.56,6286.34,,,,
06/27/25 11:10:00,56.71,6653.55,,,,
06/27/25 11:15:00,57.48,6571.74,,,,
06/27/25 11:20:00,58.02,6914.21,,,,
06/27/25 11:25:00,56.47,6341.52,,,,
06/27/25 11:30:00,55.93,6278.73,,,,
06/27/25 11:35:00,56.55,6733.46,,,,
06/27/25 11:40:00,58.02,7429.83,,,,
06/27/25 11:45:00,59.95,7633.41,,,,
06/27/25 11:50:00,60.10,8234.65,,,,
06/27/25 11:55:00,64.20,8592.35,,,,
06/27/25 12:00:00,61.65,7247.18,,,,
06/27/25 12:05:00,61.18,7296.65,,,,
06/27/25 12:10:00,59.02,6762.00,,,,
06/27/25 12:15:00,59.10,8147.13,,,,
06/27/25 12:20:00,61.65,8481.99,,,,
06/27/25 12:25:00,62.57,8322.17,,,,
06/27/25 12:30:00,63.19,8786.42,,,,
06/27/25 12:35:00,62.88,8459.16,,,,
06/27/25 12:40:00,62.34,8135.71,,,,
06/27/25 12:45:00,61.96,7949.25,,,,
06/27/25 12:50:00,60.88,7713.32,,,,
06/27/25 12:55:00,58.64,6803.86,,,,
06/27/25 13:00:00,57.56,6885.67,,,,
06/27/25 13:05:00,56.40,6676.38,,,,
06/27/25 13:10:00,56.86,6931.34,,,,
06/27/25 13:15:00,56.86,6994.12,,,,
06/27/25 13:20:00,56.86,7045.50,,,,
06/27/25 13:25:00,57.32,7222.44,,,,
06/27/25 13:30:00,57.17,7072.13,,,,
06/27/25 13:35:00,56.63,6994.12,,,,
06/27/25 13:40:00,56.94,7131.12,,,,
06/27/25 13:45:00,57.48,7435.54,,,,
06/27/25 13:50:00,58.25,7880.76,,,,
06/27/25 13:55:00,59.49,8432.52,,,,
06/27/25 14:00:00,60.64,8615.18,,,,
06/27/25 14:05:00,61.18,8740.75,,,,
06/27/25 14:10:00,62.11,8877.74,,,,
06/27/25 14:15:00,62.88,8919.60,,,,
06/27/25 14:20:00,62.11,8558.10,,,,
06/27/25 14:25:00,61.34,8261.29,,,,
06/27/25 14:30:00,61.11,7983.50,,,,
06/27/25 14:35:00,60.64,8071.02,,,,
06/27/25 14:40:00,60.26,8109.08,,,,
06/27/25 14:45:00,59.56,7838.90,,,,
06/27/25 14:50:00,58.71,7384.17,,,,
06/27/25 14:55:00,57.40,6977.00,,,,
06/27/25 15:00:00,56.32,6737.27,,,,
06/27/25 15:05:00,55.47,6598.37,,,,
06/27/25 15:10:00,54.70,6499.44,,,,
06/27/25 15:15:00,54.39,6387.18,,,,
06/27/25 15:20:00,54.16,6341.52,,,,
06/27/25 15:25:00,54.16,6419.53,,,,
06/27/25 15:30:00,54.54,6607.89,,,,
06/27/25 15:35:00,55.24,6813.37,,,,
06/27/25 15:40:00,55.93,6887.58,,,,
06/27/25 15:45:00,56.32,6885.67,,,,
06/27/25 15:50:00,56.55,6893.28,,,,
06/27/25 15:55:00,57.56,7317.57,,,,
06/27/25 16:00:00,58.95,7800.85,,,,
06/27/25 16:05:00,60.41,8086.24,,,,
06/27/25 16:10:00,59.72,7736.16,,,,
06/27/25 16:15:00,59.10,7342.31,,,,
06/27/25 16:20:00,59.02,7159.65,,,,
06/27/25 16:25:00,57.86,7209.12,,,,
06/27/25 16:30:00,58.33,7332.80,,,,
06/27/25 16:35:00,56.55,6183.60,,,,
06/27/25 16:40:00,54.54,5698.42,,,,
06/27/25 16:45:00,55.62,6636.43,,,,
06/27/25 16:50:00,57.86,7431.73,,,,
06/27/25 16:55:00,56.24,6044.70,,,,
06/27/25 17:00:00,56.71,6664.97,,,,
06/27/25 17:05:00,55.39,5976.21,,,,
06/27/25 17:10:00,52.46,5059.13,,,,
06/27/25 17:15:00,54.00,6227.36,,,,
06/27/25 17:20:00,54.85,6410.01,,,,
06/27/25 17:25:00,54.39,5894.40,,,,
06/27/25 17:30:00,56.63,7129.21,,,,
06/27/25 17:35:00,56.01,5173.29,,,,
06/27/25 17:40:00,52.77,5281.74,,,,
06/27/25 17:45:00,53.31,5620.41,,,,
06/27/25 17:50:00,50.14,3776.75,,,,
06/27/25 17:55:00,48.29,3740.60,,,,
06/27/25 18:00:00,48.91,4311.39,,,,
06/27/25 18:05:00,49.91,4501.66,,,,
06/27/25 18:10:00,50.84,4960.20,,,,
06/27/25 18:15:00,52.54,5523.38,,,,
06/27/25 18:20:00,52.61,5300.77,,,,
06/27/25 18:25:00,50.53,4556.84,,,,
06/27/25 18:30:00,49.14,4260.02,,,,
06/27/25 18:35:00,49.68,4670.99,,,,
06/27/25 18:40:00,48.91,3784.36,,,,
06/27/25 18:45:00,47.59,3847.15,,,,
06/27/25 18:50:00,46.13,3028.06,,,,
06/27/25 18:55:00,45.59,3087.04,,,,
06/27/25 19:00:00,45.51,3051.84,,,,
06/27/25 19:05:00,46.20,3407.64,,,,
06/27/25 19:10:00,46.44,3363.88,,,,
06/27/25 19:15:00,47.21,3544.63,,,,
06/27/25 19:20:00,46.74,3374.34,,,,
06/27/25 19:25:00,46.51,3329.63,,,,
06/27/25 19:30:00,45.89,3013.79,,,,
06/27/25 19:35:00,45.97,3043.28,,,,
06/27/25 19:40:00,45.82,2948.15,,,,
06/27/25 19:45:00,45.35,2895.83,,,,
06/27/25 19:50:00,45.05,2725.54,,,,
06/27/25 19:55:00,44.74,2743.61,,,,
06/27/25 20:00:00,45.20,2907.24,,,,
06/27/25 20:05:00,46.74,3299.19,,,,
06/27/25 20:10:00,47.05,2970.03,,,,
06/27/25 20:15:00,51.76,5669.88,,,,
06/27/25 20:20:00,54.16,5140.95,,,,
06/27/25 20:25:00,54.47,4039.32,,,,
06/27/25 20:30:00,53.23,4581.57,,,,
06/27/25 20:35:00,47.90,2238.46,,,,
06/27/25 20:40:00,43.89,1977.80,,,,
06/27/25 20:45:00,42.50,1793.24,,,,
06/27/25 20:50:00,41.96,1575.39,,,,
06/27/25 20:55:00,40.95,1357.54,,,,
06/27/25 21:00:00,40.57,1117.33,,,,
06/27/25 21:05:00,39.72,932.53,,,,
06/27/25 21:10:00,39.25,867.84,,,,
06/27/25 21:15:00,39.18,857.38,,,,
06/27/25 21:20:00,39.10,895.91,,,,
06/27/25 21:25:00,39.33,934.44,,,,
06/27/25 21:30:00,39.18,844.06,,,,
06/27/25 21:35:00,38.94,669.97,,,,
06/27/25 21:40:00,38.64,533.69,,,,
06/27/25 21:45:00,38.33,448.91,,,,
06/27/25 21:50:00,38.10,387.90,,,,
06/27/25 21:55:00,37.94,347.11,,,,
06/27/25 22:00:00,38.10,319.53,,,,
06/27/25 22:05:00,37.71,293.96,,,,
06/27/25 22:10:00,36.94,257.69,,,,
06/27/25 22:15:00,36.78,235.87,,,,
06/27/25 22:20:00,36.86,226.24,,,,
06/27/25 22:25:00,37.01,204.59,,,,
06/27/25 22:30:00,37.32,186.28,,,,
06/27/25 22:35:00,37.48,164.16,,,,
06/27/25 22:40:00,37.32,141.15,,,,
06/27/25 22:45:00,37.32,120.67,,,,
06/27/25 22:50:00,37.09,99.56,,,,
06/27/25 22:55:00,36.94,82.71,,,,
06/27/25 23:00:00,36.55,68.47,,,,
06/27/25 23:05:00,36.55,56.11,,,,
06/27/25 23:10:00,36.55,44.52,,,,
06/27/25 23:15:00,36.55,35.12,,,,
06/27/25 23:20:00,36.78,27.86,,,,
06/27/25 23:25:00,36.86,21.55,,,,
06/27/25 23:30:00,36.78,16.31,,,,
06/27/25 23:35:00,36.86,11.79,,,,
06/27/25 23:40:00,36.78,8.24,,,,
06/27/25 23:45:00,36.71,5.82,,,,
06/27/25 23:50:00,36.40,4.36,,,,
06/27/25 23:55:00,36.55,3.15,,,,
06/28/25 00:00:00,36.47,2.22,,,,
06/28/25 00:05:00,36.94,1.57,,,,
06/28/25 00:10:00,37.17,1.11,,,,
06/28/25 00:15:00,37.48,0.81,,,,
06/28/25 00:20:00,37.17,0.56,,,,
06/28/25 00:25:00,37.40,0.40,,,,
06/28/25 00:30:00,37.32,0.30,,,,
06/28/25 00:35:00,37.79,0.22,,,,
06/28/25 00:40:00,37.63,0.18,,,,
06/28/25 00:45:00,37.40,0.12,,,,
06/28/25 00:50:00,37.25,0.10,,,,
06/28/25 00:55:00,37.17,0.08,,,,
06/28/25 01:00:00,37.32,0.06,,,,
06/28/25 01:05:00,37.48,0.04,,,,
06/28/25 01:10:00,37.40,0.02,,,,
06/28/25 01:15:00,37.32,0.02,,,,
06/28/25 01:20:00,37.32,0.00,,,,
06/28/25 01:25:00,37.40,0.00,,,,
06/28/25 01:30:00,37.17,0.00,,,,
06/28/25 01:35:00,37.01,0.00,,,,
06/28/25 01:40:00,36.94,0.00,,,,
06/28/25 01:45:00,37.32,0.00,,,,
06/28/25 01:50:00,37.17,0.00,,,,
06/28/25 01:55:00,37.32,0.00,,,,
06/28/25 02:00:00,37.25,0.00,,,,
06/28/25 02:05:00,37.01,0.00,,,,
06/28/25 02:10:00,37.01,0.00,,,,
06/28/25 02:15:00,37.25,0.00,,,,
06/28/25 02:20:00,36.94,0.00,,,,
06/28/25 02:25:00,36.78,0.00,,,,
06/28/25 02:30:00,36.63,0.00,,,,
06/28/25 02:35:00,36.71,0.00,,,,
06/28/25 02:40:00,36.71,0.00,,,,
06/28/25 02:45:00,36.78,0.00,,,,
06/28/25 02:50:00,36.78,0.00,,,,
06/28/25 02:55:00,36.78,0.00,,,,
06/28/25 03:00:00,36.71,0.02,,,,
06/28/25 03:05:00,36.63,0.04,,,,
06/28/25 03:10:00,36.71,0.06,,,,
06/28/25 03:15:00,36.78,0.08,,,,
06/28/25 03:20:00,36.78,0.12,,,,
06/28/25 03:25:00,36.78,0.18,,,,
06/28/25 03:30:00,36.94,0.24,,,,
06/28/25 03:35:00,37.40,0.34,,,,
06/28/25 03:40:00,37.32,0.46,,,,
06/28/25 03:45:00,37.09,0.64,,,,
06/28/25 03:50:00,37.17,0.82,,,,
06/28/25 03:55:00,37.17,1.13,,,,
06/28/25 04:00:00,37.25,1.73,,,,
06/28/25 04:05:00,37.25,2.48,,,,
06/28/25 04:10:00,37.25,3.67,,,,
06/28/25 04:15:00,37.32,5.45,,,,
06/28/25 04:20:00,37.32,7.83,,,,
06/28/25 04:25:00,37.48,11.06,,,,
06/28/25 04:30:00,37.48,14.86,,,,
06/28/25 04:35:00,37.40,20.59,,,,
06/28/25 04:40:00,37.63,27.38,,,,
06/28/25 04:45:00,37.71,36.09,,,,
06/28/25 04:50:00,37.86,46.36,,,,
06/28/25 04:55:00,37.79,59.49,,,,
06/28/25 05:00:00,37.71,72.18,,,,
06/28/25 05:05:00,37.71,85.65,,,,
06/28/25 05:10:00,37.79,98.02,,,,
06/28/25 05:15:00,37.71,114.25,,,,
06/28/25 05:20:00,37.55,131.40,,,,
06/28/25 05:25:00,37.40,150.67,,,,
06/28/25 05:30:00,37.55,171.30,,,,
06/28/25 05:35:00,38.02,188.01,,,,
06/28/25 05:40:00,37.94,210.54,,,,
06/28/25 05:45:00,37.94,235.75,,,,
06/28/25 05:50:00,38.02,239.73,,,,
06/28/25 05:55:00,38.02,256.38,,,,
06/28/25 06:00:00,37.94,261.49,,,,
06/28/25 06:05:00,37.94,281.47,,,,
06/28/25 06:10:00,37.79,314.53,,,,
06/28/25 06:15:00,37.86,333.68,,,,
06/28/25 06:20:00,37.71,397.53,,,,
06/28/25 06:25:00,37.79,466.03,,,,
06/28/25 06:30:00,38.25,506.82,,,,
06/28/25 06:35:00,38.25,522.99,,,,
06/28/25 06:40:00,38.25,580.07,,,,
06/28/25 06:45:00,38.25,604.57,,,,
06/28/25 06:50:00,38.64,566.04,,,,
06/28/25 06:55:00,38.79,574.84,,,,
06/28/25 07:00:00,39.02,711.11,,,,
06/28/25 07:05:00,39.64,899.24,,,,
06/28/25 07:10:00,40.33,1071.19,,,,
06/28/25 07:15:00,41.18,1324.24,,,,
06/28/25 07:20:00,42.42,1492.15,,,,
06/28/25 07:25:00,42.88,1652.45,,,,
06/28/25 07:30:00,43.89,2337.40,,,,
06/28/25 07:35:00,45.05,2231.80,,,,
06/28/25 07:40:00,44.74,2129.06,,,,
06/28/25 07:45:00,44.35,1881.24,,,,
06/28/25 07:50:00,43.11,1768.98,,,,
06/28/25 07:55:00,44.50,2479.15,,,,
06/28/25 08:00:00,45.12,2549.54,,,,
06/28/25 08:05:00,45.35,2199.46,,,,
06/28/25 08:10:00,44.27,2082.45,,,,
06/28/25 08:15:00,43.96,2370.70,,,,
06/28/25 08:20:00,45.43,2893.92,,,,
06/28/25 08:25:00,45.97,3048.04,,,,
06/28/25 08:30:00,47.36,3704.45,,,,
06/28/25 08:35:00,48.21,3183.13,,,,
06/28/25 08:40:00,46.13,2381.16,,,,
06/28/25 08:45:00,45.20,2749.32,,,,
06/28/25 08:50:00,45.12,2729.34,,,,
06/28/25 08:55:00,46.28,3300.14,,,,
06/28/25 09:00:00,46.05,3572.22,,,,
06/28/25 09:05:00,46.13,3372.44,,,,
06/28/25 09:10:00,46.44,3344.85,,,,
06/28/25 09:15:00,48.52,4341.84,,,,
06/28/25 09:20:00,48.75,3677.81,,,,
06/28/25 09:25:00,48.67,3986.04,,,,
06/28/25 09:30:00,49.45,4172.50,,,,
06/28/25 09:35:00,50.37,3732.04,,,,
06/28/25 09:40:00,49.22,3674.96,,,,
06/28/25 09:45:00,47.44,3174.56,,,,
06/28/25 09:50:00,47.67,3623.59,,,,
06/28/25 09:55:00,50.37,4977.32,,,,
06/28/25 10:00:00,53.23,5852.54,,,,
06/28/25 10:05:00,51.07,4244.80,,,,
06/28/25 10:10:00,52.54,4975.42,,,,
06/28/25 10:15:00,50.53,4326.62,,,,
06/28/25 10:20:00,50.61,4823.21,,,,
06/28/25 10:25:00,60.57,10989.68,,,,
06/28/25 10:30:00,60.64,6328.20,,,,
06/28/25 10:35:00,66.05,10323.75,,,,
06/28/25 10:40:00,61.65,7515.45,,,,
06/28/25 10:45:00,64.74,10038.36,,,,
06/28/25 10:50:00,62.96,9604.55,,,,
06/28/25 10:55:00,65.82,9947.03,,,,
06/28/25 11:00:00,67.05,10289.51,,,,
06/28/25 11:05:00,67.44,10491.19,,,,
06/28/25 11:10:00,67.21,10259.06,,,,
06/28/25 11:15:00,52.15,3403.83,,,,
06/28/25 11:20:00,49.29,4170.60,,,,
06/28/25 11:25:00,49.06,4235.29,,,,
06/28/25 11:30:00,49.22,4530.20,,,,
06/28/25 11:35:00,50.06,4554.93,,,,
06/28/25 11:40:00,49.29,4296.17,,,,
06/28/25 11:45:00,49.06,4562.54,,,,
06/28/25 11:50:00,49.83,4962.10,,,,
06/28/25 11:55:00,50.61,5268.43,,,,
06/28/25 12:00:00,51.61,5435.86,,,,
06/28/25 12:05:00,51.61,5148.56,,,,
06/28/25 12:10:00,51.61,5593.78,,,,
06/28/25 12:15:00,53.77,6212.14,,,,
06/28/25 12:20:00,53.39,5576.65,,,,
06/28/25 12:25:00,52.77,5652.76,,,,
06/28/25 12:30:00,53.54,5960.99,,,,
06/28/25 12:35:00,52.69,5726.96,,,,
06/28/25 12:40:00,53.23,6271.12,,,,
06/28/25 12:45:00,53.15,6092.27,,,,
06/28/25 12:50:00,53.93,6645.94,,,,
06/28/25 12:55:00,54.47,6623.11,,,,
06/28/25 13:00:00,54.23,6345.32,,,,
06/28/25 13:05:00,52.77,5852.54,,,,
06/28/25 13:10:00,51.76,5728.87,,,,
06/28/25 13:15:00,51.69,5909.62,,,,
06/28/25 13:20:00,52.69,5955.28,,,,
06/28/25 13:25:00,53.31,6392.89,,,,
06/28/25 13:30:00,55.55,6683.99,,,,
06/28/25 13:35:00,53.93,5795.46,,,,
06/28/25 13:40:00,52.69,5472.01,,,,
06/28/25 13:45:00,52.00,5217.05,,,,
06/28/25 13:50:00,52.54,5494.84,,,,
06/28/25 13:55:00,52.69,5232.28,,,,
06/28/25 14:00:00,52.84,5374.97,,,,
06/28/25 14:05:00,52.77,5414.93,,,,
06/28/25 14:10:00,53.85,5525.28,,,,
06/28/25 14:15:00,53.85,5605.19,,,,
06/28/25 14:20:00,52.92,5529.09,,,,
06/28/25 14:25:00,52.00,5494.84,,,,
06/28/25 14:30:00,52.07,5367.36,,,,
06/28/25 14:35:00,51.84,5405.42,,,,
06/28/25 14:40:00,51.61,5538.60,,,,
06/28/25 14:45:00,51.61,5390.19,,,,
06/28/25 14:50:00,51.30,5363.56,,,,
06/28/25 14:55:00,51.92,5679.40,,,,
06/28/25 15:00:00,52.84,6117.01,,,,
06/28/25 15:05:00,53.69,6219.75,,,,
06/28/25 15:10:00,51.69,5310.28,,,,
06/28/25 15:15:00,49.91,4952.59,,,,
06/28/25 15:20:00,49.83,5287.45,,,,
06/28/25 15:25:00,50.14,5639.44,,,,
06/28/25 15:30:00,50.22,5685.10,,,,
06/28/25 15:35:00,49.68,5378.78,,,,
06/28/25 15:40:00,48.67,4825.11,,,,
06/28/25 15:45:00,46.90,4199.14,,,,
06/28/25 15:50:00,45.74,4113.52,,,,
06/28/25 15:55:00,45.74,4197.24,,,,
06/28/25 16:00:00,45.74,4334.23,,,,
06/28/25 16:05:00,45.20,4132.55,,,,
06/28/25 16:10:00,44.74,3972.72,,,,
06/28/25 16:15:00,44.20,3840.49,,,,
06/28/25 16:20:00,43.89,3908.03,,,,
06/28/25 16:25:00,44.20,4109.71,,,,
06/28/25 16:30:00,45.28,4674.80,,,,
06/28/25 16:35:00,45.59,4450.29,,,,
06/28/25 16:40:00,45.35,4305.69,,,,
06/28/25 16:45:00,45.05,4062.15,,,,
06/28/25 16:50:00,44.81,3928.96,,,,
06/28/25 16:55:00,44.43,3693.03,,,,
06/28/25 17:00:00,44.74,3883.30,,,,
06/28/25 17:05:00,44.81,3678.77,,,,
06/28/25 17:10:00,43.73,3230.69,,,,
06/28/25 17:15:00,42.88,3062.31,,,,
06/28/25 17:20:00,42.57,2954.81,,,,
06/28/25 17:25:00,41.96,2689.39,,,,
06/28/25 17:30:00,40.95,2404.94,,,,
06/28/25 17:35:00,40.57,2523.86,,,,
06/28/25 17:40:00,40.88,2669.41,,,,
06/28/25 17:45:00,41.03,2666.56,,,,
06/28/25 17:50:00,41.26,2753.13,,,,
06/28/25 17:55:00,41.57,2870.14,,,,
06/28/25 18:00:00,41.96,2926.27,,,,
06/28/25 18:05:00,41.88,2863.48,,,,
06/28/25 18:10:00,41.72,2864.43,,,,
06/28/25 18:15:00,42.03,2981.45,,,,
06/28/25 18:20:00,42.88,3168.86,,,,
06/28/25 18:25:00,43.81,3424.76,,,,
06/28/25 18:30:00,44.81,3769.14,,,,
06/28/25 18:35:00,45.28,3696.84,,,,
06/28/25 18:40:00,45.66,3909.94,,,,
06/28/25 18:45:00,45.74,3898.52,,,,
06/28/25 18:50:00,46.20,3906.13,,,,
06/28/25 18:55:00,45.59,3428.57,,,,
06/28/25 19:00:00,44.20,2984.30,,,,
06/28/25 19:05:00,43.35,2735.05,,,,
06/28/25 19:10:00,42.73,2507.69,,,,
06/28/25 19:15:00,42.11,2274.61,,,,
06/28/25 19:20:00,41.34,2027.27,,,,
06/28/25 19:25:00,40.88,1949.26,,,,
06/28/25 19:30:00,41.03,2070.08,,,,
06/28/25 19:35:00,41.65,2169.97,,,,
06/28/25 19:40:00,41.65,1888.38,,,,
06/28/25 19:45:00,41.96,2071.03,,,,
06/28/25 19:50:00,42.34,2074.83,,,,
06/28/25 19:55:00,42.19,1894.08,,,,
06/28/25 20:00:00,41.96,1772.31,,,,
06/28/25 20:05:00,41.57,1627.71,,,,
06/28/25 20:10:00,41.03,1562.55,,,,
06/28/25 20:15:00,40.33,1256.22,,,,
06/28/25 20:20:00,39.79,1132.07,,,,
06/28/25 20:25:00,40.10,1240.05,,,,
06/28/25 20:30:00,40.72,1436.02,,,,
06/28/25 20:35:00,40.72,1221.97,,,,
06/28/25 20:40:00,42.27,1622.48,,,,
06/28/25 20:45:00,45.97,3000.47,,,,
06/28/25 20:50:00,42.34,1345.65,,,,
06/28/25 20:55:00,41.11,1386.55,,,,
06/28/25 21:00:00,40.80,1436.97,,,,
06/28/25 21:05:00,40.88,1425.08,,,,
06/28/25 21:10:00,40.95,1441.25,,,,
06/28/25 21:15:00,41.11,1435.55,,,,
06/28/25 21:20:00,40.57,1257.65,,,,
06/28/25 21:25:00,39.95,975.11,,,,
06/28/25 21:30:00,39.02,796.97,,,,
06/28/25 21:35:00,38.56,728.24,,,,
06/28/25 21:40:00,38.40,635.48,,,,
06/28/25 21:45:00,38.17,475.66,,,,
06/28/25 21:50:00,37.63,393.73,,,,
06/28/25 21:55:00,37.71,360.67,,,,
06/28/25 22:00:00,37.71,361.98,,,,
06/28/25 22:05:00,37.86,376.01,,,,
06/28/25 22:10:00,38.25,401.70,,,,
06/28/25 22:15:00,38.40,415.25,,,,
06/28/25 22:20:00,38.40,353.54,,,,
06/28/25 22:25:00,38.17,312.63,,,,
06/28/25 22:30:00,37.86,261.73,,,,
06/28/25 22:35:00,37.63,214.82,,,,
06/28/25 22:40:00,37.79,176.95,,,,
06/28/25 22:45:00,37.71,151.97,,,,
06/28/25 22:50:00,37.48,130.87,,,,
06/28/25 22:55:00,37.09,97.06,,,,
06/28/25 23:00:00,36.94,75.99,,,,
06/28/25 23:05:00,36.86,58.25,,,,
06/28/25 23:10:00,37.01,43.60,,,,
06/28/25 23:15:00,37.01,34.49,,,,
06/28/25 23:20:00,37.09,26.33,,,,
06/28/25 23:25:00,37.09,20.59,,,,
06/28/25 23:30:00,37.17,15.34,,,,
06/28/25 23:35:00,37.32,11.06,,,,
06/28/25 23:40:00,37.01,8.16,,,,
06/28/25 23:45:00,36.94,5.90,,,,
06/28/25 23:50:00,37.01,4.03,,,,
06/28/25 23:55:00,37.25,2.79,,,,
06/29/25 00:00:00,37.17,2.00,,,,
06/29/25 00:05:00,37.01,1.45,,,,
06/29/25 00:10:00,36.86,1.05,,,,
06/29/25 00:15:00,37.01,0.75,,,,
06/29/25 00:20:00,37.09,0.56,,,,
06/29/25 00:25:00,37.09,0.38,,,,
06/29/25 00:30:00,37.01,0.26,,,,
06/29/25 00:35:00,37.09,0.18,,,,
06/29/25 00:40:00,37.01,0.14,,,,
06/29/25 00:45:00,36.94,0.10,,,,
06/29/25 00:50:00,36.86,0.08,,,,
06/29/25 00:55:00,36.86,0.04,,,,
06/29/25 01:00:00,36.63,0.02,,,,
06/29/25 01:05:00,36.55,0.00,,,,
06/29/25 01:10:00,36.40,0.00,,,,
06/29/25 01:15:00,36.55,0.00,,,,
06/29/25 01:20:00,36.63,0.06,,,,
06/29/25 01:25:00,36.55,0.00,,,,
06/29/25 01:30:00,36.55,0.00,,,,
06/29/25 01:35:00,36.24,0.04,,,,
06/29/25 01:40:00,36.32,0.00,,,,
06/29/25 01:45:00,36.24,0.00,,,,
06/29/25 01:50:00,35.93,0.00,,,,
06/29/25 01:55:00,35.86,0.00,,,,
06/29/25 02:00:00,36.01,0.00,,,,
06/29/25 02:05:00,35.93,0.00,,,,
06/29/25 02:10:00,36.01,0.00,,,,
06/29/25 02:15:00,36.16,0.00,,,,
06/29/25 02:20:00,36.32,0.00,,,,
06/29/25 02:25:00,36.16,0.00,,,,
06/29/25 02:30:00,36.47,0.00,,,,
06/29/25 02:35:00,36.63,0.00,,,,
06/29/25 02:40:00,36.47,0.00,,,,
06/29/25 02:45:00,36.55,0.02,,,,
06/29/25 02:50:00,36.55,0.02,,,,
06/29/25 02:55:00,36.47,0.02,,,,
06/29/25 03:00:00,36.55,0.04,,,,
06/29/25 03:05:00,36.47,0.06,,,,
06/29/25 03:10:00,36.24,0.08,,,,
06/29/25 03:15:00,36.24,0.12,,,,
06/29/25 03:20:00,36.16,0.16,,,,
06/29/25 03:25:00,36.32,0.22,,,,
06/29/25 03:30:00,36.09,0.32,,,,
06/29/25 03:35:00,36.09,0.42,,,,
06/29/25 03:40:00,36.09,0.62,,,,
06/29/25 03:45:00,36.16,0.82,,,,
06/29/25 03:50:00,36.24,1.15,,,,
06/29/25 03:55:00,36.32,1.63,,,,
06/29/25 04:00:00,36.55,2.24,,,,
06/29/25 04:05:00,36.47,3.23,,,,
06/29/25 04:10:00,36.40,4.85,,,,
06/29/25 04:15:00,36.40,7.07,,,,
06/29/25 04:20:00,36.55,10.10,,,,
06/29/25 04:25:00,36.55,13.73,,,,
06/29/25 04:30:00,36.63,17.62,,,,
06/29/25 04:35:00,36.47,24.17,,,,
06/29/25 04:40:00,36.40,31.11,,,,
06/29/25 04:45:00,36.55,40.70,,,,
06/29/25 04:50:00,36.71,50.21,,,,
06/29/25 04:55:00,36.47,63.29,,,,
06/29/25 05:00:00,36.40,74.86,,,,
06/29/25 05:05:00,36.47,89.19,,,,
06/29/25 05:10:00,36.47,111.60,,,,
06/29/25 05:15:00,36.55,135.03,,,,
06/29/25 05:20:00,36.63,160.06,,,,
06/29/25 05:25:00,37.01,186.88,,,,
06/29/25 05:30:00,37.01,213.75,,,,
06/29/25 05:35:00,37.25,242.77,,,,
06/29/25 05:40:00,37.40,271.96,,,,
06/29/25 05:45:00,37.79,303.12,,,,
06/29/25 05:50:00,37.63,327.85,,,,
06/29/25 05:55:00,37.32,340.45,,,,
06/29/25 06:00:00,37.48,357.10,,,,
06/29/25 06:05:00,37.55,412.99,,,,
06/29/25 06:10:00,37.71,493.97,,,,
06/29/25 06:15:00,37.71,542.02,,,,
06/29/25 06:20:00,38.02,590.53,,,,
06/29/25 06:25:00,38.25,624.31,,,,
06/29/25 06:30:00,38.25,649.28,,,,
06/29/25 06:35:00,38.56,723.24,,,,
06/29/25 06:40:00,38.56,764.39,,,,
06/29/25 06:45:00,38.79,838.83,,,,
06/29/25 06:50:00,39.02,928.02,,,,
06/29/25 06:55:00,39.10,985.09,,,,
06/29/25 07:00:00,38.94,1043.60,,,,
06/29/25 07:05:00,39.02,1104.01,,,,
06/29/25 07:10:00,39.41,1188.68,,,,
06/29/25 07:15:00,39.87,1315.20,,,,
06/29/25 07:20:00,40.03,1419.37,,,,
06/29/25 07:25:00,40.33,1461.23,,,,
06/29/25 07:30:00,40.72,1560.64,,,,
06/29/25 07:35:00,41.18,1665.29,,,,
06/29/25 07:40:00,41.57,1804.66,,,,
06/29/25 07:45:00,41.65,1907.40,,,,
06/29/25 07:50:00,41.80,2013.00,,,,
06/29/25 07:55:00,41.96,2018.71,,,,
06/29/25 08:00:00,42.03,2041.54,,,,
06/29/25 08:05:00,42.42,2088.15,,,,
06/29/25 08:10:00,42.42,2044.39,,,,
06/29/25 08:15:00,43.89,2439.19,,,,
06/29/25 08:20:00,47.52,5232.28,,,,
06/29/25 08:25:00,48.13,2790.23,,,,
06/29/25 08:30:00,52.46,5873.47,,,,
06/29/25 08:35:00,48.21,3748.21,,,,
06/29/25 08:40:00,50.61,5744.09,,,,
06/29/25 08:45:00,49.52,5818.29,,,,
06/29/25 08:50:00,52.30,4600.60,,,,
06/29/25 08:55:00,54.16,5778.33,,,,
06/29/25 09:00:00,53.62,5978.11,,,,
06/29/25 09:05:00,55.78,7085.45,,,,
06/29/25 09:10:00,57.09,7502.13,,,,
06/29/25 09:15:00,56.86,7247.18,,,,
06/29/25 09:20:00,55.16,5928.64,,,,
06/29/25 09:25:00,57.17,6012.36,,,,
06/29/25 09:30:00,55.78,6411.92,,,,
06/29/25 09:35:00,57.01,6459.48,,,,
06/29/25 09:40:00,56.55,6556.52,,,,
06/29/25 09:45:00,57.48,7553.50,,,,
06/29/25 09:50:00,57.94,7934.03,,,,
06/29/25 09:55:00,58.64,7473.59,,,,
06/29/25 10:00:00,60.10,9045.18,,,,
06/29/25 10:05:00,59.87,8843.50,,,,
06/29/25 10:10:00,59.64,9056.59,,,,
06/29/25 10:15:00,58.25,8131.91,,,,
06/29/25 10:20:00,58.25,8919.60,,,,
06/29/25 10:25:00,58.33,8459.16,,,,
06/29/25 10:30:00,57.63,8558.10,,,,
06/29/25 10:35:00,58.10,8546.68,,,,
06/29/25 10:40:00,59.95,9205.00,,,,
06/29/25 10:45:00,60.72,9147.92,,,,
06/29/25 10:50:00,61.03,9102.26,,,,
06/29/25 10:55:00,60.57,8969.07,,,,
06/29/25 11:00:00,60.64,8900.58,,,,
06/29/25 11:05:00,60.80,8835.89,,,,
06/29/25 11:10:00,61.26,8794.03,,,,
06/29/25 11:15:00,61.57,8702.70,,,,
06/29/25 11:20:00,61.18,8630.40,,,,
06/29/25 11:25:00,61.34,8584.74,,,,
06/29/25 11:30:00,61.49,8451.55,,,,
06/29/25 11:35:00,61.49,8409.69,,,,
06/29/25 11:40:00,61.57,8462.97,,,,
06/29/25 11:45:00,61.57,8367.83,,,,
06/29/25 11:50:00,61.88,8306.95,,,,
06/29/25 11:55:00,61.49,8314.56,,,,
06/29/25 12:00:00,62.42,8440.14,,,,
06/29/25 12:05:00,63.04,8573.32,,,,
06/29/25 12:10:00,63.11,8885.35,,,,
06/29/25 12:15:00,63.66,9714.91,,,,
06/29/25 12:20:00,64.12,9303.94,,,,
06/29/25 12:25:00,66.36,10514.02,,,,
06/29/25 12:30:00,67.36,10479.77,,,,
06/29/25 12:35:00,67.59,10860.30,,,,
06/29/25 12:40:00,69.60,11267.47,,,,
06/29/25 12:45:00,69.06,11393.04,,,,
06/29/25 12:50:00,71.69,12382.42,,,,
06/29/25 12:55:00,67.67,8615.18,,,,
06/29/25 13:00:00,64.04,8736.95,,,,
06/29/25 13:05:00,62.19,8923.41,,,,
06/29/25 13:10:00,64.35,10917.38,,,,
06/29/25 13:15:00,62.65,8809.25,,,,
06/29/25 13:20:00,64.50,9536.06,,,,
06/29/25 13:25:00,62.88,8615.18,,,,
06/29/25 13:30:00,60.49,8181.38,,,,
06/29/25 13:35:00,58.10,7606.78,,,,
06/29/25 13:40:00,57.56,7903.59,,,,
06/29/25 13:45:00,59.10,8299.34,,,,
06/29/25 13:50:00,58.40,7701.91,,,,
06/29/25 13:55:00,58.10,8291.73,,,,
06/29/25 14:00:00,57.56,7903.59,,,,
06/29/25 14:05:00,57.86,8268.90,,,,
06/29/25 14:10:00,57.71,8295.53,,,,
06/29/25 14:15:00,58.33,8520.05,,,,
06/29/25 14:20:00,59.72,8843.50,,,,
06/29/25 14:25:00,59.18,8230.84,,,,
06/29/25 14:30:00,59.87,8531.46,,,,
06/29/25 14:35:00,62.03,10179.15,,,,
06/29/25 14:40:00,64.50,9612.17,,,,
06/29/25 14:45:00,60.41,8409.69,,,,
06/29/25 14:50:00,61.72,9056.59,,,,
06/29/25 14:55:00,61.57,9026.15,,,,
06/29/25 15:00:00,60.95,8527.66,,,,
06/29/25 15:05:00,64.58,10080.22,,,,
06/29/25 15:10:00,58.87,7112.09,,,,
06/29/25 15:15:00,57.17,7694.30,,,,
06/29/25 15:20:00,59.95,9109.87,,,,
06/29/25 15:25:00,58.79,7884.56,,,,
06/29/25 15:30:00,57.71,7766.60,,,,
06/29/25 15:35:00,61.03,9806.23,,,,
06/29/25 15:40:00,65.28,10765.17,,,,
06/29/25 15:45:00,65.66,10601.54,,,,
06/29/25 15:50:00,61.03,8980.49,,,,
06/29/25 15:55:00,60.18,8101.46,,,,
06/29/25 16:00:00,58.25,7793.24,,,,
06/29/25 16:05:00,60.10,9128.89,,,,
06/29/25 16:10:00,62.50,9296.33,,,,
06/29/25 16:15:00,63.58,9330.57,,,,
06/29/25 16:20:00,63.66,9254.47,,,,
06/29/25 16:25:00,64.04,9364.82,,,,
06/29/25 16:30:00,61.11,7700.01,,,,
06/29/25 16:35:00,56.40,6769.61,,,,
06/29/25 16:40:00,58.02,9159.34,,,,
06/29/25 16:45:00,58.87,6938.95,,,,
06/29/25 16:50:00,55.01,6746.78,,,,
06/29/25 16:55:00,56.63,6937.05,,,,
06/29/25 17:00:00,60.41,9714.91,,,,
06/29/25 17:05:00,62.88,6788.64,,,,
06/29/25 17:10:00,57.86,5671.79,,,,
06/29/25 17:15:00,55.47,6798.15,,,,
06/29/25 17:20:00,54.47,6474.70,,,,
06/29/25 17:25:00,52.54,5118.12,,,,
06/29/25 17:30:00,49.60,4410.33,,,,
06/29/25 17:35:00,49.06,4672.90,,,,
06/29/25 17:40:00,49.29,4722.37,,,,
06/29/25 17:45:00,49.37,4811.79,,,,
06/29/25 17:50:00,48.52,4395.11,,,,
06/29/25 17:55:00,47.75,4201.04,,,,
06/29/25 18:00:00,47.36,4065.95,,,,
06/29/25 18:05:00,47.13,3963.21,,,,
06/29/25 18:10:00,46.90,3908.03,,,,
06/29/25 18:15:00,46.59,3740.60,,,,
06/29/25 18:20:00,46.13,3619.78,,,,
06/29/25 18:25:00,45.89,3552.24,,,,
06/29/25 18:30:00,45.66,3473.28,,,,
06/29/25 18:35:00,45.28,3479.94,,,,
06/29/25 18:40:00,45.35,3520.85,,,,
06/29/25 18:45:00,45.05,3343.90,,,,
06/29/25 18:50:00,44.97,3307.75,,,,
06/29/25 18:55:00,44.89,3187.88,,,,
06/29/25 19:00:00,44.58,2972.88,,,,
06/29/25 19:05:00,44.43,2800.69,,,,
06/29/25 19:10:00,44.12,2637.07,,,,
06/29/25 19:15:00,43.35,2482.00,,,,
06/29/25 19:20:00,43.19,2437.29,,,,
06/29/25 19:25:00,43.19,2415.41,,,,
06/29/25 19:30:00,42.81,2390.67,,,,
06/29/25 19:35:00,42.73,2344.06,,,,
06/29/25 19:40:00,42.34,2210.87,,,,
06/29/25 19:45:00,42.19,2122.40,,,,
06/29/25 19:50:00,42.03,2009.19,,,,
06/29/25 19:55:00,41.88,1892.18,,,,
06/29/25 20:00:00,41.57,1782.30,,,,
06/29/25 20:05:00,41.42,1662.44,,,,
06/29/25 20:10:00,41.03,1547.33,,,,
06/29/25 20:15:00,40.80,1417.47,,,,
06/29/25 20:20:00,40.49,1319.96,,,,
06/29/25 20:25:00,40.41,1248.61,,,,
06/29/25 20:30:00,40.33,1166.80,,,,
06/29/25 20:35:00,39.95,1116.38,,,,
06/29/25 20:40:00,39.72,1071.19,,,,
06/29/25 20:45:00,39.72,1043.13,,,,
06/29/25 20:50:00,39.87,988.42,,,,
06/29/25 20:55:00,39.49,907.56,,,,
06/29/25 21:00:00,39.25,833.60,,,,
06/29/25 21:05:00,39.18,777.71,,,,
06/29/25 21:10:00,38.79,728.95,,,,
06/29/25 21:15:00,38.64,693.75,,,,
06/29/25 21:20:00,38.56,651.18,,,,
06/29/25 21:25:00,38.25,597.19,,,,
06/29/25 21:30:00,38.10,533.45,,,,
06/29/25 21:35:00,38.17,482.32,,,,
06/29/25 21:40:00,38.10,439.04,,,,
06/29/25 21:45:00,38.02,398.25,,,,
06/29/25 21:50:00,37.94,363.52,,,,
06/29/25 21:55:00,37.79,325.00,,,,
06/29/25 22:00:00,37.63,287.54,,,,
06/29/25 22:05:00,37.63,255.91,,,,
06/29/25 22:10:00,37.55,230.76,,,,
06/29/25 22:15:00,37.40,203.46,,,,
06/29/25 22:20:00,37.32,178.37,,,,
06/29/25 22:25:00,37.09,156.85,,,,
06/29/25 22:30:00,37.01,137.94,,,,
06/29/25 22:35:00,36.86,120.67,,,,
06/29/25 22:40:00,36.94,108.78,,,,
06/29/25 22:45:00,36.94,94.81,,,,
06/29/25 22:50:00,36.86,81.34,,,,
06/29/25 22:55:00,36.71,69.92,,,,
06/29/25 23:00:00,36.55,59.20,,,,
06/29/25 23:05:00,36.71,49.17,,,,
06/29/25 23:10:00,36.78,40.55,,,,
06/29/25 23:15:00,36.71,31.82,,,,
06/29/25 23:20:00,36.78,24.89,,,,
06/29/25 23:25:00,36.40,19.79,,,,
06/29/25 23:30:00,36.55,14.87,,,,
06/29/25 23:35:00,36.63,11.15,,,,
06/29/25 23:40:00,36.47,7.84,,,,
06/29/25 23:45:00,36.47,5.57,,,,
06/29/25 23:50:00,36.71,3.95,,,,
06/29/25 23:55:00,36.55,2.79,,,,
06/30/25 00:00:00,36.71,1.98,,,,
06/30/25 00:05:00,36.63,1.43,,,,
06/30/25 00:10:00,36.40,1.07,,,,
06/30/25 00:15:00,36.63,0.79,,,,
06/30/25 00:20:00,36.63,0.60,,,,
06/30/25 00:25:00,36.94,0.44,,,,
06/30/25 00:30:00,36.94,0.32,,,,
06/30/25 00:35:00,37.01,0.24,,,,
06/30/25 00:40:00,37.01,0.16,,,,
06/30/25 00:45:00,36.71,0.12,,,,
06/30/25 00:50:00,36.55,0.10,,,,
06/30/25 00:55:00,36.55,0.08,,,,
06/30/25 01:00:00,36.78,0.06,,,,
06/30/25 01:05:00,36.78,0.06,,,,
06/30/25 01:10:00,36.71,0.04,,,,
06/30/25 01:15:00,36.94,0.04,,,,
06/30/25 01:20:00,36.94,0.04,,,,
06/30/25 01:25:00,36.78,0.04,,,,
06/30/25 01:30:00,36.55,0.04,,,,
06/30/25 01:35:00,36.47,0.02,,,,
06/30/25 01:40:00,36.24,0.02,,,,
06/30/25 01:45:00,36.16,0.00,,,,
06/30/25 01:50:00,36.16,0.00,,,,
06/30/25 01:55:00,36.09,0.00,,,,
06/30/25 02:00:00,36.01,0.00,,,,
06/30/25 02:05:00,36.09,0.00,,,,
06/30/25 02:10:00,36.16,0.00,,,,
06/30/25 02:15:00,36.09,0.00,,,,
06/30/25 02:20:00,36.16,0.00,,,,
06/30/25 02:25:00,36.09,0.00,,,,
06/30/25 02:30:00,36.16,0.00,,,,
06/30/25 02:35:00,36.24,0.00,,,,
06/30/25 02:40:00,36.09,0.00,,,,
06/30/25 02:45:00,36.01,0.02,,,,
06/30/25 02:50:00,36.24,0.08,,,,
06/30/25 02:55:00,36.24,0.04,,,,
06/30/25 03:00:00,36.40,0.06,,,,
06/30/25 03:05:00,36.24,0.08,,,,
06/30/25 03:10:00,36.09,0.12,,,,
06/30/25 03:15:00,36.09,0.16,,,,
06/30/25 03:20:00,36.09,0.20,,,,
06/30/25 03:25:00,36.55,0.28,,,,
06/30/25 03:30:00,36.01,0.38,,,,
06/30/25 03:35:00,35.93,0.54,,,,
06/30/25 03:40:00,36.40,0.68,,,,
06/30/25 03:45:00,36.32,0.99,,,,
06/30/25 03:50:00,36.32,1.37,,,,
06/30/25 03:55:00,36.63,1.75,,,,
06/30/25 04:00:00,36.63,2.28,,,,
06/30/25 04:05:00,36.40,3.15,,,,
06/30/25 04:10:00,36.32,4.32,,,,
06/30/25 04:15:00,36.32,6.14,,,,
06/30/25 04:20:00,36.24,8.72,,,,
06/30/25 04:25:00,36.40,12.35,,,,
06/30/25 04:30:00,36.16,16.96,,,,
06/30/25 04:35:00,36.47,22.30,,,,
06/30/25 04:40:00,36.55,28.60,,,,
06/30/25 04:45:00,36.32,37.18,,,,
06/30/25 04:50:00,36.32,47.33,,,,
06/30/25 04:55:00,36.32,60.38,,,,
06/30/25 05:00:00,36.63,89.51,,,,
06/30/25 05:05:00,37.17,106.31,,,,
06/30/25 05:10:00,36.78,107.35,,,,
06/30/25 05:15:00,36.47,125.40,,,,
06/30/25 05:20:00,36.63,151.44,,,,
06/30/25 05:25:00,36.55,176.65,,,,
06/30/25 05:30:00,36.63,211.79,,,,
06/30/25 05:35:00,36.78,265.06,,,,
06/30/25 05:40:00,37.01,307.52,,,,
06/30/25 05:45:00,37.32,363.88,,,,
06/30/25 05:50:00,37.55,423.22,,,,
06/30/25 05:55:00,37.86,510.15,,,,
06/30/25 06:00:00,38.64,592.91,,,,
06/30/25 06:05:00,38.56,659.03,,,,
06/30/25 06:10:00,38.40,712.30,,,,
06/30/25 06:15:00,38.48,769.38,,,,
06/30/25 06:20:00,38.56,832.41,,,,
06/30/25 06:25:00,38.71,934.44,,,,
06/30/25 06:30:00,38.71,918.50,,,,
06/30/25 06:35:00,38.02,836.93,,,,
06/30/25 06:40:00,37.09,762.49,,,,
06/30/25 06:45:00,37.32,903.04,,,,
06/30/25 06:50:00,37.32,994.61,,,,
06/30/25 06:55:00,37.79,1077.85,,,,
06/30/25 07:00:00,38.17,1192.01,,,,
06/30/25 07:05:00,39.56,1508.80,,,,
06/30/25 07:10:00,43.42,2476.29,,,,
06/30/25 07:15:00,49.91,2058.66,,,,
06/30/25 07:20:00,50.14,2325.98,,,,
06/30/25 07:25:00,49.45,2088.15,,,,
06/30/25 07:30:00,52.23,2865.38,,,,
06/30/25 07:35:00,49.37,2464.88,,,,
06/30/25 07:40:00,50.14,2502.93,,,,
06/30/25 07:45:00,48.13,2380.21,,,,
06/30/25 07:50:00,46.90,1925.00,,,,
06/30/25 07:55:00,45.12,1529.25,,,,
06/30/25 08:00:00,44.58,1944.03,,,,
06/30/25 08:05:00,48.60,3387.66,,,,
06/30/25 08:10:00,49.91,2290.79,,,,
06/30/25 08:15:00,46.51,2136.67,,,,
06/30/25 08:20:00,43.42,1878.86,,,,
06/30/25 08:25:00,41.80,1646.26,,,,
06/30/25 08:30:00,41.57,1816.55,,,,
06/30/25 08:35:00,43.04,2414.46,,,,
06/30/25 08:40:00,44.58,2626.60,,,,
06/30/25 08:45:00,46.05,2731.25,,,,
06/30/25 08:50:00,46.74,3601.71,,,,
06/30/25 08:55:00,49.06,3915.64,,,,
06/30/25 09:00:00,49.37,3488.50,,,,
06/30/25 09:05:00,50.76,3473.28,,,,
06/30/25 09:10:00,52.15,3401.93,,,,
06/30/25 09:15:00,53.93,3959.41,,,,
06/30/25 09:20:00,57.32,3963.21,,,,
06/30/25 09:25:00,58.56,4119.23,,,,
06/30/25 09:30:00,57.17,3336.29,,,,
06/30/25 09:35:00,56.32,3191.69,,,,
06/30/25 09:40:00,54.39,3193.59,,,,
06/30/25 09:45:00,53.46,3565.56,,,,
06/30/25 09:50:00,54.93,4425.55,,,,
06/30/25 09:55:00,54.78,4045.02,,,,
06/30/25 10:00:00,55.39,3882.35,,,,
06/30/25 10:05:00,55.86,4145.86,,,,
06/30/25 10:10:00,54.78,4162.99,,,,
06/30/25 10:15:00,55.39,4201.04,,,,
06/30/25 10:20:00,53.31,4115.42,,,,
06/30/25 10:25:00,51.07,4252.41,,,,
06/30/25 10:30:00,52.15,4543.52,,,,
06/30/25 10:35:00,51.30,4271.44,,,,
06/30/25 10:40:00,52.23,4893.60,,,,
06/30/25 10:45:00,51.92,4983.03,,,,
06/30/25 10:50:00,51.45,4710.95,,,,
06/30/25 10:55:00,50.68,4440.77,,,,
06/30/25 11:00:00,50.84,4507.37,,,,
06/30/25 11:05:00,52.38,5068.65,,,,
06/30/25 11:10:00,53.31,4484.54,,,,
06/30/25 11:15:00,52.46,4402.72,,,,
06/30/25 11:20:00,53.69,5089.58,,,,
06/30/25 11:25:00,56.78,4612.01,,,,
06/30/25 11:30:00,57.79,4338.03,,,,
06/30/25 11:35:00,57.25,4319.01,,,,
06/30/25 11:40:00,55.78,4299.98,,,,
06/30/25 11:45:00,56.63,4081.17,,,,
06/30/25 11:50:00,56.40,3993.65,,,,
06/30/25 11:55:00,53.77,4014.58,,,,
06/30/25 12:00:00,52.84,4241.00,,,,
06/30/25 12:05:00,52.15,4478.83,,,,
06/30/25 12:10:00,54.23,4747.10,,,,
06/30/25 12:15:00,56.55,5595.68,,,,
06/30/25 12:20:00,56.71,5978.11,,,,
06/30/25 12:25:00,57.79,6147.45,,,,
06/30/25 12:30:00,57.79,6181.70,,,,
06/30/25 12:35:00,59.79,6906.60,,,,
06/30/25 12:40:00,61.65,7812.26,,,,
06/30/25 12:45:00,64.97,7152.04,,,,
06/30/25 12:50:00,61.57,6162.67,,,,
06/30/25 12:55:00,60.88,6708.73,,,,
06/30/25 13:00:00,60.34,7311.87,,,,
06/30/25 13:05:00,66.05,9825.26,,,,
06/30/25 13:10:00,70.99,8999.51,,,,
06/30/25 13:15:00,70.61,7115.89,,,,
06/30/25 13:20:00,67.52,8097.66,,,,
06/30/25 13:25:00,68.67,7479.30,,,,
06/30/25 13:30:00,65.35,7758.99,,,,
06/30/25 13:35:00,66.74,8082.44,,,,
06/30/25 13:40:00,63.81,7152.04,,,,
06/30/25 13:45:00,62.96,7994.92,,,,
06/30/25 13:50:00,70.76,7941.64,,,,
06/30/25 13:55:00,71.22,6196.92,,,,
06/30/25 14:00:00,61.57,6155.06,,,,
06/30/25 14:05:00,61.88,6623.11,,,,
06/30/25 14:10:00,60.18,5685.10,,,,
06/30/25 14:15:00,53.23,4254.32,,,,
06/30/25 14:20:00,50.53,3880.45,,,,
06/30/25 14:25:00,48.91,4014.58,,,,
06/30/25 14:30:00,50.22,4532.10,,,,
06/30/25 14:35:00,49.76,4534.00,,,,
06/30/25 14:40:00,49.99,4547.32,,,,
06/30/25 14:45:00,48.29,4046.93,,,,
06/30/25 14:50:00,47.36,4457.90,,,,
06/30/25 14:55:00,49.29,5782.14,,,,
06/30/25 15:00:00,53.00,6609.79,,,,
06/30/25 15:05:00,53.93,6345.32,,,,
06/30/25 15:10:00,54.00,6088.47,,,,
06/30/25 15:15:00,55.39,7597.26,,,,
06/30/25 15:20:00,56.78,7700.01,,,,
06/30/25 15:25:00,54.16,5742.18,,,,
06/30/25 15:30:00,55.32,7599.17,,,,
06/30/25 15:35:00,57.32,7846.51,,,,
06/30/25 15:40:00,56.86,7247.18,,,,
06/30/25 15:45:00,54.85,6878.06,,,,
06/30/25 15:50:00,58.71,7646.73,,,,
06/30/25 15:55:00,59.64,7319.48,,,,
06/30/25 16:00:00,57.25,6434.75,,,,
06/30/25 16:05:00,55.32,6526.07,,,,
06/30/25 16:10:00,55.55,6632.62,,,,
06/30/25 16:15:00,55.62,6143.64,,,,
06/30/25 16:20:00,55.08,6366.25,,,,
06/30/25 16:25:00,52.54,4766.13,,,,
06/30/25 16:30:00,51.92,5462.50,,,,
06/30/25 16:35:00,52.54,5692.72,,,,
06/30/25 16:40:00,54.16,6023.78,,,,
06/30/25 16:45:00,54.70,6124.62,,,,
06/30/25 16:50:00,54.78,5793.56,,,,
06/30/25 16:55:00,56.01,7226.25,,,,
06/30/25 17:00:00,57.94,6906.60,,,,
06/30/25 17:05:00,59.64,8843.50,,,,
06/30/25 17:10:00,65.05,12420.47,,,,
06/30/25 17:15:00,62.34,6358.64,,,,
06/30/25 17:20:00,59.25,6975.10,,,,
06/30/25 17:25:00,62.81,7486.91,,,,
06/30/25 17:30:00,69.14,10285.70,,,,
06/30/25 17:35:00,73.46,10533.05,,,,
06/30/25 17:40:00,69.91,8843.50,,,,
06/30/25 17:45:00,68.21,8409.69,,,,
06/30/25 17:50:00,59.72,5844.93,,,,
06/30/25 17:55:00,56.47,5220.86,,,,
06/30/25 18:00:00,55.93,5530.99,,,,
06/30/25 18:05:00,56.40,5852.54,,,,
06/30/25 18:10:00,53.08,4260.02,,,,
06/30/25 18:15:00,51.30,4307.59,,,,
06/30/25 18:20:00,52.00,4573.96,,,,
06/30/25 18:25:00,53.23,4876.48,,,,
06/30/25 18:30:00,53.46,4996.35,,,,
06/30/25 18:35:00,52.38,4172.50,,,,
06/30/25 18:40:00,51.84,4326.62,,,,
06/30/25 18:45:00,51.61,4210.55,,,,
06/30/25 18:50:00,50.99,3754.87,,,,
06/30/25 18:55:00,52.54,4334.23,,,,
06/30/25 19:00:00,53.77,4241.00,,,,
06/30/25 19:05:00,57.94,7231.96,,,,
06/30/25 19:10:00,62.65,6204.53,,,,
06/30/25 19:15:00,60.03,6689.70,,,,
06/30/25 19:20:00,59.25,5110.51,,,,
06/30/25 19:25:00,57.17,5078.16,,,,
06/30/25 19:30:00,55.55,6035.19,,,,
06/30/25 19:35:00,59.64,6137.93,,,,
06/30/25 19:40:00,59.41,5860.15,,,,
06/30/25 19:45:00,58.10,4897.41,,,,
06/30/25 19:50:00,57.32,5422.54,,,,
06/30/25 19:55:00,56.86,4465.51,,,,
06/30/25 20:00:00,56.09,4855.55,,,,
06/30/25 20:05:00,53.46,4798.47,,,,
06/30/25 20:10:00,47.13,4014.58,,,,
06/30/25 20:15:00,50.37,3127.00,,,,
06/30/25 20:20:00,51.38,3978.43,,,,
06/30/25 20:25:00,52.07,3658.79,,,,
06/30/25 20:30:00,51.69,3517.04,,,,
06/30/25 20:35:00,50.37,3351.51,,,,
06/30/25 20:40:00,50.06,3255.43,,,,
06/30/25 20:45:00,49.45,3166.00,,,,
06/30/25 20:50:00,48.60,2951.95,,,,
06/30/25 20:55:00,48.44,2792.13,,,,
06/30/25 21:00:00,47.52,1769.94,,,,
06/30/25 21:05:00,47.75,2452.51,,,,
06/30/25 21:10:00,43.19,1295.23,,,,
06/30/25 21:15:00,43.04,2228.00,,,,
06/30/25 21:20:00,44.27,2245.12,,,,
06/30/25 21:25:00,46.51,2234.66,,,,
06/30/25 21:30:00,46.74,2153.79,,,,
06/30/25 21:35:00,46.20,1939.75,,,,
06/30/25 21:40:00,45.89,1738.54,,,,
06/30/25 21:45:00,44.81,1553.51,,,,
06/30/25 21:50:00,44.58,1466.46,,,,
06/30/25 21:55:00,44.12,1353.73,,,,
06/30/25 22:00:00,43.81,1295.23,,,,
06/30/25 22:05:00,44.04,1231.01,,,,
06/30/25 22:10:00,43.35,1024.57,,,,
06/30/25 22:15:00,42.19,608.85,,,,
06/30/25 22:20:00,38.56,381.48,,,,
06/30/25 22:25:00,37.17,326.54,,,,
06/30/25 22:30:00,37.01,294.20,,,,
06/30/25 22:35:00,36.94,255.07,,,,
06/30/25 22:40:00,36.78,224.45,,,,
06/30/25 22:45:00,36.78,198.47,,,,
06/30/25 22:50:00,36.78,161.19,,,,
06/30/25 22:55:00,36.71,129.14,,,,
06/30/25 23:00:00,36.16,101.41,,,,
06/30/25 23:05:00,35.70,80.68,,,,
06/30/25 23:10:00,35.78,62.22,,,,
06/30/25 23:15:00,36.16,43.95,,,,
06/30/25 23:20:00,36.09,31.19,,,,
06/30/25 23:25:00,35.93,26.01,,,,
06/30/25 23:30:00,36.47,21.49,,,,
06/30/25 23:35:00,36.47,16.16,,,,
06/30/25 23:40:00,37.32,12.27,,,,
06/30/25 23:45:00,37.09,8.72,,,,
06/30/25 23:50:00,37.48,6.26,,,,
06/30/25 23:55:00,38.64,4.40,,,,
07/01/25 00:00:00,38.33,2.99,,,,
07/01/25 00:05:00,38.02,2.06,,,,
07/01/25 00:10:00,38.10,1.43,,,,
07/01/25 00:15:00,37.86,1.07,,,,
07/01/25 00:20:00,37.32,0.76,,,,
07/01/25 00:25:00,37.48,0.60,,,,
07/01/25 00:30:00,37.63,0.46,,,,
07/01/25 00:35:00,37.71,0.34,,,,
07/01/25 00:40:00,37.63,0.26,,,,
07/01/25 00:45:00,38.48,0.20,,,,
07/01/25 00:50:00,38.33,0.16,,,,
07/01/25 00:55:00,37.94,0.14,,,,
07/01/25 01:00:00,38.02,0.10,,,,
07/01/25 01:05:00,37.71,0.08,,,,
07/01/25 01:10:00,38.02,0.06,,,,
07/01/25 01:15:00,37.01,0.04,,,,
07/01/25 01:20:00,36.47,0.02,,,,
07/01/25 01:25:00,35.93,0.00,,,,
07/01/25 01:30:00,35.55,0.00,,,,
07/01/25 01:35:00,35.47,0.00,,,,
07/01/25 01:40:00,36.01,0.00,,,,
07/01/25 01:45:00,36.94,0.00,,,,
07/01/25 01:50:00,36.24,0.00,,,,
07/01/25 01:55:00,36.32,0.00,,,,
07/01/25 02:00:00,36.63,0.00,,,,
07/01/25 02:05:00,36.78,0.00,,,,
07/01/25 02:10:00,36.63,0.00,,,,
07/01/25 02:15:00,36.86,0.00,,,,
07/01/25 02:20:00,37.17,0.00,,,,
07/01/25 02:25:00,37.32,0.00,,,,
07/01/25 02:30:00,37.40,0.00,,,,
07/01/25 02:35:00,37.63,0.02,,,,
07/01/25 02:40:00,37.71,0.00,,,,
07/01/25 02:45:00,37.40,0.00,,,,
07/01/25 02:50:00,37.17,0.02,,,,
07/01/25 02:55:00,37.01,0.04,,,,
07/01/25 03:00:00,36.86,0.06,,,,
07/01/25 03:05:00,36.63,0.10,,,,
07/01/25 03:10:00,36.63,0.10,,,,
07/01/25 03:15:00,36.55,0.12,,,,
07/01/25 03:20:00,36.63,0.14,,,,
07/01/25 03:25:00,36.78,0.18,,,,
07/01/25 03:30:00,36.47,0.30,,,,
07/01/25 03:35:00,36.24,0.42,,,,
07/01/25 03:40:00,37.17,0.64,,,,
07/01/25 03:45:00,38.10,0.91,,,,
07/01/25 03:50:00,36.63,1.27,,,,
07/01/25 03:55:00,36.01,1.61,,,,
07/01/25 04:00:00,36.24,2.26,,,,
07/01/25 04:05:00,36.01,3.31,,,,
07/01/25 04:10:00,36.01,4.72,,,,
07/01/25 04:15:00,36.32,6.34,,,,
07/01/25 04:20:00,35.93,8.56,,,,
07/01/25 04:25:00,36.32,11.95,,,,
07/01/25 04:30:00,36.40,16.08,,,,
07/01/25 04:35:00,36.71,21.00,,,,
07/01/25 04:40:00,37.17,26.33,,,,
07/01/25 04:45:00,37.25,34.32,,,,
07/01/25 04:50:00,36.86,43.60,,,,
07/01/25 04:55:00,36.78,52.19,,,,
07/01/25 05:00:00,36.63,61.21,,,,
07/01/25 05:05:00,37.09,70.87,,,,
07/01/25 05:10:00,37.25,81.22,,,,
07/01/25 05:15:00,37.40,91.12,,,,
07/01/25 05:20:00,37.48,104.76,,,,
07/01/25 05:25:00,37.63,123.37,,,,
07/01/25 05:30:00,37.79,145.02,,,,
07/01/25 05:35:00,37.55,173.44,,,,
07/01/25 05:40:00,37.40,209.05,,,,
07/01/25 05:45:00,36.94,242.65,,,,
07/01/25 05:50:00,37.48,283.26,,,,
07/01/25 05:55:00,38.02,334.98,,,,
07/01/25 06:00:00,38.56,488.98,,,,
07/01/25 06:05:00,39.02,469.83,,,,
07/01/25 06:10:00,38.56,451.88,,,,
07/01/25 06:15:00,37.71,453.78,,,,
07/01/25 06:20:00,37.86,544.63,,,,
07/01/25 06:25:00,37.86,659.50,,,,
07/01/25 06:30:00,38.33,730.85,,,,
07/01/25 06:35:00,38.40,757.25,,,,
07/01/25 06:40:00,38.56,813.86,,,,
07/01/25 06:45:00,38.79,827.89,,,,
07/01/25 06:50:00,38.94,878.07,,,,
07/01/25 06:55:00,38.94,884.97,,,,
07/01/25 07:00:00,39.02,865.23,,,,
07/01/25 07:05:00,38.94,893.53,,,,
07/01/25 07:10:00,39.02,999.36,,,,
07/01/25 07:15:00,39.49,1178.69,,,,
07/01/25 07:20:00,40.26,1387.98,,,,
07/01/25 07:25:00,41.42,1662.91,,,,
07/01/25 07:30:00,44.43,2919.61,,,,
07/01/25 07:35:00,46.36,2927.22,,,,
07/01/25 07:40:00,44.58,2096.72,,,,
07/01/25 07:45:00,44.12,2140.48,,,,
07/01/25 07:50:00,45.82,2782.62,,,,
07/01/25 07:55:00,45.59,2486.76,,,,
07/01/25 08:00:00,45.05,2440.14,,,,
07/01/25 08:05:00,46.90,2845.41,,,,
07/01/25 08:10:00,53.00,5279.84,,,,
07/01/25 08:15:00,56.01,5399.71,,,,
07/01/25 08:20:00,57.32,5430.15,,,,
07/01/25 08:25:00,58.56,5618.51,,,,
07/01/25 08:30:00,59.49,5793.56,,,,
07/01/25 08:35:00,58.02,4579.67,,,,
07/01/25 08:40:00,52.15,3282.06,,,,
07/01/25 08:45:00,49.14,3149.83,,,,
07/01/25 08:50:00,47.21,2966.22,,,,
07/01/25 08:55:00,46.90,3134.61,,,,
07/01/25 09:00:00,47.75,3627.39,,,,
07/01/25 09:05:00,49.83,2756.93,,,,
07/01/25 09:10:00,55.16,5894.40,,,,
07/01/25 09:15:00,56.86,5985.72,,,,
07/01/25 09:20:00,57.25,6183.60,,,,
07/01/25 09:25:00,58.40,6324.39,,,,
07/01/25 09:30:00,55.62,6744.88,,,,
07/01/25 09:35:00,49.76,4313.30,,,,
07/01/25 09:40:00,49.22,3765.34,,,,
07/01/25 09:45:00,49.45,4691.92,,,,
07/01/25 09:50:00,50.30,4204.85,,,,
07/01/25 09:55:00,54.93,5517.67,,,,
07/01/25 10:00:00,53.46,5038.21,,,,
07/01/25 10:05:00,57.71,8748.36,,,,
07/01/25 10:10:00,58.95,8360.22,,,,
07/01/25 10:15:00,55.47,5679.40,,,,
07/01/25 10:20:00,62.42,9429.51,,,,
07/01/25 10:25:00,65.12,10316.14,,,,
07/01/25 10:30:00,64.97,7583.94,,,,
07/01/25 10:35:00,60.18,7953.06,,,,
07/01/25 10:40:00,60.26,8470.58,,,,
07/01/25 10:45:00,56.40,5605.19,,,,
07/01/25 10:50:00,52.92,4551.13,,,,
07/01/25 10:55:00,51.76,4878.38,,,,
07/01/25 11:00:00,56.71,8227.04,,,,
07/01/25 11:05:00,56.71,7193.90,,,,
07/01/25 11:10:00,59.25,6933.24,,,,
07/01/25 11:15:00,58.40,7262.40,,,,
07/01/25 11:20:00,59.10,6952.27,,,,
07/01/25 11:25:00,57.48,6488.02,,,,
07/01/25 11:30:00,57.63,7717.13,,,,
07/01/25 11:35:00,59.64,6756.29,,,,
07/01/25 11:40:00,61.96,8931.02,,,,
07/01/25 11:45:00,63.66,9912.78,,,,
07/01/25 11:50:00,68.52,10711.89,,,,
07/01/25 11:55:00,63.04,8679.87,,,,
07/01/25 12:00:00,64.74,7583.94,,,,
07/01/25 12:05:00,56.17,6402.40,,,,
07/01/25 12:10:00,55.70,6075.15,,,,
07/01/25 12:15:00,54.85,6040.90,,,,
07/01/25 12:20:00,55.70,6467.09,,,,
07/01/25 12:25:00,55.16,6271.12,,,,
07/01/25 12:30:00,55.47,6518.46,,,,
07/01/25 12:35:00,56.55,7085.45,,,,
07/01/25 12:40:00,63.04,8185.18,,,,
07/01/25 12:45:00,60.26,7591.56,,,,
07/01/25 12:50:00,59.41,7346.11,,,,
07/01/25 12:55:00,58.71,7327.09,,,,
07/01/25 13:00:00,58.40,7328.99,,,,
07/01/25 13:05:00,57.09,6752.49,,,,
07/01/25 13:10:00,57.40,7104.48,,,,
07/01/25 13:15:00,63.11,8569.52,,,,
07/01/25 13:20:00,61.57,8843.50,,,,
07/01/25 13:25:00,64.81,8287.92,,,,
07/01/25 13:30:00,64.89,8965.27,,,,
07/01/25 13:35:00,60.57,6965.59,,,,
07/01/25 13:40:00,61.03,9589.33,,,,
07/01/25 13:45:00,63.81,8409.69,,,,
07/01/25 13:50:00,63.42,8835.89,,,,
07/01/25 13:55:00,62.50,8341.20,,,,
07/01/25 14:00:00,64.50,7972.08,,,,
07/01/25 14:05:00,62.73,8953.85,,,,
07/01/25 14:10:00,66.05,9300.13,,,,
07/01/25 14:15:00,66.20,8953.85,,,,
07/01/25 14:20:00,65.20,8698.90,,,,
07/01/25 14:25:00,64.35,8679.87,,,,
07/01/25 14:30:00,64.35,8687.48,,,,
07/01/25 14:35:00,63.58,8702.70,,,,
07/01/25 14:40:00,63.42,8653.23,,,,
07/01/25 14:45:00,63.27,8630.40,,,,
07/01/25 14:50:00,63.19,8615.18,,,,
07/01/25 14:55:00,63.73,8676.06,,,,
07/01/25 15:00:00,64.12,8763.59,,,,
07/01/25 15:05:00,63.96,8988.10,,,,
07/01/25 15:10:00,65.12,9471.37,,,,
07/01/25 15:15:00,65.35,9688.27,,,,
07/01/25 15:20:00,64.89,9414.29,,,,
07/01/25 15:25:00,65.35,9406.68,,,,
07/01/25 15:30:00,64.81,9311.55,,,,
07/01/25 15:35:00,63.27,7658.15,,,,
07/01/25 15:40:00,58.10,7258.59,,,,
07/01/25 15:45:00,61.80,8698.90,,,,
07/01/25 15:50:00,62.27,8569.52,,,,
07/01/25 15:55:00,62.57,8638.01,,,,
07/01/25 16:00:00,63.04,8923.41,,,,
07/01/25 16:05:00,63.35,9193.58,,,,
07/01/25 16:10:00,63.58,9159.34,,,,
07/01/25 16:15:00,62.11,8364.03,,,,
07/01/25 16:20:00,61.65,8447.75,,,,
07/01/25 16:25:00,61.49,8112.88,,,,
07/01/25 16:30:00,61.18,8002.53,,,,
07/01/25 16:35:00,60.57,7895.98,,,,
07/01/25 16:40:00,60.03,8325.98,,,,
07/01/25 16:45:00,59.79,7427.93,,,,
07/01/25 16:50:00,49.29,3342.00,,,,
07/01/25 16:55:00,52.38,4317.10,,,,
07/01/25 17:00:00,57.63,7888.37,,,,
07/01/25 17:05:00,58.40,7340.41,,,,
07/01/25 17:10:00,58.02,7361.34,,,,
07/01/25 17:15:00,58.17,6581.25,,,,
07/01/25 17:20:00,58.10,7420.32,,,,
07/01/25 17:25:00,56.32,7452.66,,,,
07/01/25 17:30:00,59.79,7559.21,,,,
07/01/25 17:35:00,59.25,7068.33,,,,
07/01/25 17:40:00,58.87,7113.99,,,,
07/01/25 17:45:00,52.54,3054.70,,,,
07/01/25 17:50:00,52.84,6664.97,,,,
07/01/25 17:55:00,54.62,7001.74,,,,
07/01/25 18:00:00,53.77,7311.87,,,,
07/01/25 18:05:00,52.46,4065.95,,,,
07/01/25 18:10:00,44.58,2359.28,,,,
07/01/25 18:15:00,44.35,3473.28,,,,
07/01/25 18:20:00,54.31,6301.56,,,,
07/01/25 18:25:00,46.74,2147.14,,,,
07/01/25 18:30:00,54.08,6124.62,,,,
07/01/25 18:35:00,48.98,3536.07,,,,
07/01/25 18:40:00,55.01,5854.44,,,,
07/01/25 18:45:00,55.62,5818.29,,,,
07/01/25 18:50:00,55.08,5843.02,,,,
07/01/25 18:55:00,51.84,3574.12,,,,
07/01/25 19:00:00,52.77,5645.15,,,,
07/01/25 19:05:00,54.08,5382.58,,,,
07/01/25 19:10:00,55.01,5190.42,,,,
07/01/25 19:15:00,54.70,5019.18,,,,
07/01/25 19:20:00,54.16,4971.61,,,,
07/01/25 19:25:00,53.54,4821.30,,,,
07/01/25 19:30:00,53.46,4779.45,,,,
07/01/25 19:35:00,46.59,2319.32,,,,
07/01/25 19:40:00,49.45,4823.21,,,,
07/01/25 19:45:00,51.15,3766.29,,,,
07/01/25 19:50:00,49.37,4094.49,,,,
07/01/25 19:55:00,48.44,2828.28,,,,
07/01/25 20:00:00,45.28,1714.28,,,,
07/01/25 20:05:00,47.83,4054.54,,,,
07/01/25 20:10:00,51.22,4010.78,,,,
07/01/25 20:15:00,51.30,3850.00,,,,
07/01/25 20:20:00,51.07,3654.98,,,,
07/01/25 20:25:00,50.22,2905.34,,,,
07/01/25 20:30:00,50.14,3564.61,,,,
07/01/25 20:35:00,50.06,3433.32,,,,
07/01/25 20:40:00,47.67,3183.13,,,,
07/01/25 20:45:00,47.59,2750.27,,,,
07/01/25 20:50:00,45.89,2938.64,,,,
07/01/25 20:55:00,47.83,2853.02,,,,
07/01/25 21:00:00,47.90,2651.34,,,,
07/01/25 21:05:00,45.51,1479.31,,,,
07/01/25 21:10:00,41.18,1184.87,,,,
07/01/25 21:15:00,41.26,955.84,,,,
07/01/25 21:20:00,40.64,1901.69,,,,
07/01/25 21:25:00,42.19,1637.23,,,,
07/01/25 21:30:00,43.89,1834.63,,,,
07/01/25 21:35:00,43.35,1767.08,,,,
07/01/25 21:40:00,44.35,1675.76,,,,
07/01/25 21:45:00,43.81,1503.57,,,,
07/01/25 21:50:00,39.95,827.89,,,,
07/01/25 21:55:00,40.80,990.80,,,,
07/01/25 22:00:00,38.25,479.47,,,,
07/01/25 22:05:00,37.40,439.63,,,,
07/01/25 22:10:00,37.86,587.44,,,,
07/01/25 22:15:00,37.40,361.62,,,,
07/01/25 22:20:00,36.86,327.61,,,,
07/01/25 22:25:00,36.86,291.58,,,,
07/01/25 22:30:00,36.47,258.52,,,,
07/01/25 22:35:00,36.16,225.46,,,,
07/01/25 22:40:00,36.32,197.04,,,,
07/01/25 22:45:00,36.16,172.31,,,,
07/01/25 22:50:00,36.24,143.35,,,,
07/01/25 22:55:00,36.01,119.30,,,,
07/01/25 23:00:00,36.63,97.21,,,,
07/01/25 23:05:00,36.16,77.21,,,,
07/01/25 23:10:00,35.93,60.83,,,,
07/01/25 23:15:00,35.78,47.33,,,,
07/01/25 23:20:00,35.86,36.33,,,,
07/01/25 23:25:00,35.93,27.45,,,,
07/01/25 23:30:00,36.32,20.68,,,,
07/01/25 23:35:00,36.24,14.78,,,,
07/01/25 23:40:00,35.93,10.42,,,,
07/01/25 23:45:00,35.70,7.27,,,,
07/01/25 23:50:00,35.86,5.05,,,,
07/01/25 23:55:00,35.55,3.63,,,,
07/02/25 00:00:00,35.70,2.64,,,,
07/02/25 00:05:00,35.62,1.90,,,,
07/02/25 00:10:00,35.86,1.41,,,,
07/02/25 00:15:00,35.70,1.05,,,,
07/02/25 00:20:00,35.86,0.76,,,,
07/02/25 00:25:00,35.78,0.66,,,,
07/02/25 00:30:00,35.70,0.42,,,,
07/02/25 00:35:00,35.86,0.30,,,,
07/02/25 00:40:00,35.62,0.22,,,,
07/02/25 00:45:00,35.93,0.16,,,,
07/02/25 00:50:00,35.70,0.10,,,,
07/02/25 00:55:00,35.70,0.06,,,,
07/02/25 01:00:00,36.24,0.04,,,,
07/02/25 01:05:00,36.40,0.02,,,,
07/02/25 01:10:00,36.71,0.02,,,,
07/02/25 01:15:00,36.55,0.00,,,,
07/02/25 01:20:00,36.78,0.00,,,,
07/02/25 01:25:00,36.63,0.00,,,,
07/02/25 01:30:00,36.63,0.00,,,,
07/02/25 01:35:00,36.55,0.00,,,,
07/02/25 01:40:00,37.01,0.00,,,,
07/02/25 01:45:00,36.63,0.00,,,,
07/02/25 01:50:00,36.47,0.00,,,,
07/02/25 01:55:00,36.32,0.00,,,,
07/02/25 02:00:00,36.01,0.00,,,,
07/02/25 02:05:00,36.40,0.00,,,,
07/02/25 02:10:00,36.32,0.00,,,,
07/02/25 02:15:00,35.86,0.00,,,,
07/02/25 02:20:00,35.55,0.00,,,,
07/02/25 02:25:00,35.55,0.00,,,,
07/02/25 02:30:00,35.78,0.00,,,,
07/02/25 02:35:00,35.55,0.00,,,,
07/02/25 02:40:00,36.47,0.00,,,,
07/02/25 02:45:00,36.16,0.00,,,,
07/02/25 02:50:00,36.63,0.00,,,,
07/02/25 02:55:00,36.16,0.02,,,,
07/02/25 03:00:00,35.86,0.04,,,,
07/02/25 03:05:00,35.93,0.06,,,,
07/02/25 03:10:00,36.40,0.08,,,,
07/02/25 03:15:00,36.32,0.10,,,,
07/02/25 03:20:00,36.47,0.14,,,,
07/02/25 03:25:00,36.55,0.18,,,,
07/02/25 03:30:00,36.71,0.24,,,,
07/02/25 03:35:00,37.17,0.32,,,,
07/02/25 03:40:00,37.40,0.42,,,,
07/02/25 03:45:00,37.25,0.60,,,,
07/02/25 03:50:00,37.09,0.82,,,,
07/02/25 03:55:00,37.32,1.15,,,,
07/02/25 04:00:00,37.71,1.61,,,,
07/02/25 04:05:00,37.32,2.32,,,,
07/02/25 04:10:00,37.32,3.35,,,,
07/02/25 04:15:00,37.94,4.76,,,,
07/02/25 04:20:00,37.55,6.50,,,,
07/02/25 04:25:00,37.32,9.28,,,,
07/02/25 04:30:00,37.94,13.00,,,,
07/02/25 04:35:00,37.71,17.60,,,,
07/02/25 04:40:00,37.86,23.83,,,,
07/02/25 04:45:00,37.79,31.01,,,,
07/02/25 04:50:00,37.55,39.02,,,,
07/02/25 04:55:00,37.48,49.50,,,,
07/02/25 05:00:00,37.55,61.21,,,,
07/02/25 05:05:00,37.40,74.47,,,,
07/02/25 05:10:00,37.40,92.16,,,,
07/02/25 05:15:00,37.40,111.99,,,,
07/02/25 05:20:00,37.63,124.33,,,,
07/02/25 05:25:00,37.40,139.37,,,,
07/02/25 05:30:00,37.32,155.48,,,,
07/02/25 05:35:00,37.86,176.65,,,,
07/02/25 05:40:00,37.40,195.91,,,,
07/02/25 05:45:00,37.32,228.50,,,,
07/02/25 05:50:00,37.40,273.86,,,,
07/02/25 05:55:00,37.48,318.22,,,,
07/02/25 06:00:00,37.86,336.89,,,,
07/02/25 06:05:00,38.10,365.78,,,,
07/02/25 06:10:00,38.25,440.34,,,,
07/02/25 06:15:00,38.40,533.69,,,,
07/02/25 06:20:00,38.64,616.22,,,,
07/02/25 06:25:00,39.18,665.93,,,,
07/02/25 06:30:00,39.64,778.42,,,,
07/02/25 06:35:00,39.18,795.07,,,,
07/02/25 06:40:00,39.25,880.69,,,,
07/02/25 06:45:00,39.56,978.91,,,,
07/02/25 06:50:00,40.18,1231.01,,,,
07/02/25 06:55:00,40.88,1426.51,,,,
07/02/25 07:00:00,41.11,1336.13,,,,
07/02/25 07:05:00,41.11,1364.20,,,,
07/02/25 07:10:00,41.49,1504.99,,,,
07/02/25 07:15:00,41.88,1615.82,,,,
07/02/25 07:20:00,42.03,1573.01,,,,
07/02/25 07:25:00,42.27,1705.72,,,,
07/02/25 07:30:00,42.50,1856.98,,,,
07/02/25 07:35:00,42.96,1921.67,,,,
07/02/25 07:40:00,43.19,1925.48,,,,
07/02/25 07:45:00,43.11,1934.51,,,,
07/02/25 07:50:00,43.19,1867.92,,,,
07/02/25 07:55:00,43.04,1937.84,,,,
07/02/25 08:00:00,43.11,2052.95,,,,
07/02/25 08:05:00,43.81,2375.45,,,,
07/02/25 08:10:00,44.66,2750.27,,,,
07/02/25 08:15:00,45.89,2713.17,,,,
07/02/25 08:20:00,44.74,2262.25,,,,
07/02/25 08:25:00,43.81,2102.42,,,,
07/02/25 08:30:00,43.35,2017.76,,,,
07/02/25 08:35:00,42.96,2019.66,,,,
07/02/25 08:40:00,42.57,1957.82,,,,
07/02/25 08:45:00,42.34,1915.49,,,,
07/02/25 08:50:00,42.42,1935.94,,,,
07/02/25 08:55:00,42.27,2076.74,,,,
07/02/25 09:00:00,42.65,2266.05,,,,
07/02/25 09:05:00,42.73,2414.46,,,,
07/02/25 09:10:00,42.96,2512.44,,,,
07/02/25 09:15:00,43.35,2652.29,,,,
07/02/25 09:20:00,43.50,2820.67,,,,
07/02/25 09:25:00,44.35,3006.18,,,,
07/02/25 09:30:00,44.97,3223.08,,,,
07/02/25 09:35:00,45.82,3449.50,,,,
07/02/25 09:40:00,46.98,3904.23,,,,
07/02/25 09:45:00,47.83,3999.36,,,,
07/02/25 09:50:00,47.83,4010.78,,,,
07/02/25 09:55:00,48.52,4157.28,,,,
07/02/25 10:00:00,48.29,3799.58,,,,
07/02/25 10:05:00,47.67,3520.85,,,,
07/02/25 10:10:00,46.74,3380.05,,,,
07/02/25 10:15:00,46.82,3596.00,,,,
07/02/25 10:20:00,47.44,3906.13,,,,
07/02/25 10:25:00,47.67,3845.25,,,,
07/02/25 10:30:00,48.06,3858.57,,,,
07/02/25 10:35:00,48.21,4043.12,,,,
07/02/25 10:40:00,48.29,4322.81,,,,
07/02/25 10:45:00,48.91,4528.30,,,,
07/02/25 10:50:00,49.45,4239.09,,,,
07/02/25 10:55:00,48.60,4193.43,,,,
07/02/25 11:00:00,48.13,4376.08,,,,
07/02/25 11:05:00,48.37,4516.88,,,,
07/02/25 11:10:00,48.91,4667.19,,,,
07/02/25 11:15:00,49.29,4787.06,,,,
07/02/25 11:20:00,49.91,5249.40,,,,
07/02/25 11:25:00,51.38,5354.04,,,,
07/02/25 11:30:00,51.61,5626.12,,,,
07/02/25 11:35:00,51.84,5639.44,,,,
07/02/25 11:40:00,51.61,5150.46,,,,
07/02/25 11:45:00,51.61,5443.47,,,,
07/02/25 11:50:00,52.61,5766.92,,,,
07/02/25 11:55:00,54.08,6463.29,,,,
07/02/25 12:00:00,57.25,7633.41,,,,
07/02/25 12:05:00,59.02,8268.90,,,,
07/02/25 12:10:00,59.49,8120.49,,,,
07/02/25 12:15:00,58.25,7515.45,,,,
07/02/25 12:20:00,56.78,6906.60,,,,
07/02/25 12:25:00,55.32,6744.88,,,,
07/02/25 12:30:00,54.47,6438.55,,,,
07/02/25 12:35:00,54.70,6625.01,,,,
07/02/25 12:40:00,54.23,6330.10,,,,
07/02/25 12:45:00,53.15,5447.27,,,,
07/02/25 12:50:00,53.23,6181.70,,,,
07/02/25 12:55:00,53.93,6400.50,,,,
07/02/25 13:00:00,55.86,6636.43,,,,
07/02/25 13:05:00,55.08,6543.20,,,,
07/02/25 13:10:00,55.70,7260.50,,,,
07/02/25 13:15:00,57.56,7578.24,,,,
07/02/25 13:20:00,59.02,7937.84,,,,
07/02/25 13:25:00,60.49,7776.11,,,,
07/02/25 13:30:00,59.25,7907.39,,,,
07/02/25 13:35:00,59.87,7787.53,,,,
07/02/25 13:40:00,59.49,8634.21,,,,
07/02/25 13:45:00,63.66,9033.76,,,,
07/02/25 13:50:00,60.34,7582.04,,,,
07/02/25 13:55:00,60.34,8082.44,,,,
07/02/25 14:00:00,59.49,8006.33,,,,
07/02/25 14:05:00,58.79,8086.24,,,,
07/02/25 14:10:00,58.71,7437.44,,,,
07/02/25 14:15:00,58.71,7717.13,,,,
07/02/25 14:20:00,61.88,10118.27,,,,
07/02/25 14:25:00,61.26,8010.14,,,,
07/02/25 14:30:00,62.11,9003.32,,,,
07/02/25 14:35:00,66.36,8942.43,,,,
07/02/25 14:40:00,59.56,7005.54,,,,
07/02/25 14:45:00,68.91,12409.05,,,,
07/02/25 14:50:00,59.41,6779.13,,,,
07/02/25 14:55:00,62.65,8668.45,,,,
07/02/25 15:00:00,66.13,9863.31,,,,
07/02/25 15:05:00,66.05,9406.68,,,,
07/02/25 15:10:00,65.97,9246.86,,,,
07/02/25 15:15:00,65.66,9581.72,,,,
07/02/25 15:20:00,62.96,7348.02,,,,
07/02/25 15:25:00,63.27,8839.69,,,,
07/02/25 15:30:00,61.96,9555.09,,,,
07/02/25 15:35:00,60.49,5266.52,,,,
07/02/25 15:40:00,53.23,6461.38,,,,
07/02/25 15:45:00,59.56,7465.98,,,,
07/02/25 15:50:00,59.87,8181.38,,,,
07/02/25 15:55:00,63.04,9224.03,,,,
07/02/25 16:00:00,63.42,9197.39,,,,
07/02/25 16:05:00,60.03,8516.24,,,,
07/02/25 16:10:00,61.96,8417.30,,,,
07/02/25 16:15:00,62.11,8337.39,,,,
07/02/25 16:20:00,62.19,8032.97,,,,
07/02/25 16:25:00,59.41,4596.79,,,,
07/02/25 16:30:00,62.81,7911.20,,,,
07/02/25 16:35:00,56.01,5888.69,,,,
07/02/25 16:40:00,61.03,8527.66,,,,
07/02/25 16:45:00,63.19,8736.95,,,,
07/02/25 16:50:00,63.27,8455.36,,,,
07/02/25 16:55:00,54.78,3643.57,,,,
07/02/25 17:00:00,59.49,7800.85,,,,
07/02/25 17:05:00,60.80,7768.50,,,,
07/02/25 17:10:00,61.26,7650.54,,,,
07/02/25 17:15:00,60.88,7250.98,,,,
07/02/25 17:20:00,60.34,7239.57,,,,
07/02/25 17:25:00,60.80,7414.61,,,,
07/02/25 17:30:00,60.64,7311.87,,,,
07/02/25 17:35:00,60.64,7427.93,,,,
07/02/25 17:40:00,58.71,7306.16,,,,
07/02/25 17:45:00,59.02,6550.81,,,,
07/02/25 17:50:00,51.92,4674.80,,,,
07/02/25 17:55:00,57.56,6292.05,,,,
07/02/25 18:00:00,55.93,4693.83,,,,
07/02/25 18:05:00,55.16,5831.61,,,,
07/02/25 18:10:00,53.39,5335.02,,,,
07/02/25 18:15:00,53.46,6048.51,,,,
07/02/25 18:20:00,49.45,3472.33,,,,
07/02/25 18:25:00,49.68,4670.99,,,,
07/02/25 18:30:00,50.68,4039.32,,,,
07/02/25 18:35:00,50.30,4343.74,,,,
07/02/25 18:40:00,47.98,4126.84,,,,
07/02/25 18:45:00,48.67,3488.50,,,,
07/02/25 18:50:00,47.59,4421.75,,,,
07/02/25 18:55:00,49.83,3301.09,,,,
07/02/25 19:00:00,48.60,3477.08,,,,
07/02/25 19:05:00,48.75,5064.84,,,,
07/02/25 19:10:00,47.75,2771.20,,,,
07/02/25 19:15:00,45.43,2729.34,,,,
07/02/25 19:20:00,45.59,2376.40,,,,
07/02/25 19:25:00,44.12,2595.21,,,,
07/02/25 19:30:00,44.58,2328.84,,,,
07/02/25 19:35:00,44.04,2199.46,,,,
07/02/25 19:40:00,43.50,2051.05,,,,
07/02/25 19:45:00,48.91,3827.17,,,,
07/02/25 19:50:00,54.00,5473.91,,,,
07/02/25 19:55:00,45.97,2089.10,,,,
07/02/25 20:00:00,44.35,2177.58,,,,
07/02/25 20:05:00,44.43,2036.78,,,,
07/02/25 20:10:00,43.73,2424.92,,,,
07/02/25 20:15:00,48.91,4183.92,,,,
07/02/25 20:20:00,51.22,3079.43,,,,
07/02/25 20:25:00,51.07,3712.06,,,,
07/02/25 20:30:00,50.37,3575.07,,,,
07/02/25 20:35:00,50.06,2508.64,,,,
07/02/25 20:40:00,49.60,3527.50,,,,
07/02/25 20:45:00,50.53,3363.88,,,,
07/02/25 20:50:00,50.68,3226.89,,,,
07/02/25 20:55:00,50.22,3130.80,,,,
07/02/25 21:00:00,49.91,2873.95,,,,
07/02/25 21:05:00,49.45,2674.17,,,,
07/02/25 21:10:00,44.50,1260.03,,,,
07/02/25 21:15:00,41.26,1025.53,,,,
07/02/25 21:20:00,39.87,915.89,,,,
07/02/25 21:25:00,39.25,777.71,,,,
07/02/25 21:30:00,38.79,693.75,,,,
07/02/25 21:35:00,38.48,634.29,,,,
07/02/25 21:40:00,38.40,603.38,,,,
07/02/25 21:45:00,38.33,525.37,,,,
07/02/25 21:50:00,38.33,472.45,,,,
07/02/25 21:55:00,38.10,407.52,,,,
07/02/25 22:00:00,37.86,334.27,,,,
07/02/25 22:05:00,37.55,291.46,,,,
07/02/25 22:10:00,37.40,262.80,,,,
07/02/25 22:15:00,37.40,261.73,,,,
07/02/25 22:20:00,37.48,254.36,,,,
07/02/25 22:25:00,37.40,231.41,,,,
07/02/25 22:30:00,37.17,221.42,,,,
07/02/25 22:35:00,36.94,205.55,,,,
07/02/25 22:40:00,36.63,169.57,,,,
07/02/25 22:45:00,36.16,143.65,,,,
07/02/25 22:50:00,36.01,121.15,,,,
07/02/25 22:55:00,35.93,98.91,,,,
07/02/25 23:00:00,35.93,79.79,,,,
07/02/25 23:05:00,36.01,62.73,,,,
07/02/25 23:10:00,35.93,49.34,,,,
07/02/25 23:15:00,36.01,39.02,,,,
07/02/25 23:20:00,36.32,29.80,,,,
07/02/25 23:25:00,36.16,21.98,,,,
07/02/25 23:30:00,36.32,15.99,,,,
07/02/25 23:35:00,36.47,12.11,,,,
07/02/25 23:40:00,36.40,8.72,,,,
07/02/25 23:45:00,36.32,6.22,,,,
07/02/25 23:50:00,36.16,4.44,,,,
07/02/25 23:55:00,35.78,3.15,,,,
07/03/25 00:00:00,35.78,2.22,,,,
07/03/25 00:05:00,35.70,1.67,,,,
07/03/25 00:10:00,35.78,1.27,,,,
07/03/25 00:15:00,36.01,0.99,,,,
07/03/25 00:20:00,36.09,0.72,,,,
07/03/25 00:25:00,36.16,0.54,,,,
07/03/25 00:30:00,35.93,0.40,,,,
07/03/25 00:35:00,35.62,0.30,,,,
07/03/25 00:40:00,35.55,0.22,,,,
07/03/25 00:45:00,36.01,0.18,,,,
07/03/25 00:50:00,36.16,0.14,,,,
07/03/25 00:55:00,36.01,0.10,,,,
07/03/25 01:00:00,36.01,0.08,,,,
07/03/25 01:05:00,35.86,0.06,,,,
07/03/25 01:10:00,35.62,0.04,,,,
07/03/25 01:15:00,35.47,0.04,,,,
07/03/25 01:20:00,35.55,0.02,,,,
07/03/25 01:25:00,35.62,0.02,,,,
07/03/25 01:30:00,35.86,0.00,,,,
07/03/25 01:35:00,35.70,0.00,,,,
07/03/25 01:40:00,35.78,0.06,,,,
07/03/25 01:45:00,35.70,0.00,,,,
07/03/25 01:50:00,35.47,0.00,,,,
07/03/25 01:55:00,35.32,0.04,,,,
07/03/25 02:00:00,35.47,0.00,,,,
07/03/25 02:05:00,35.86,0.00,,,,
07/03/25 02:10:00,35.62,0.00,,,,
07/03/25 02:15:00,35.86,0.00,,,,
07/03/25 02:20:00,35.78,0.00,,,,
07/03/25 02:25:00,35.47,0.00,,,,
07/03/25 02:30:00,35.16,0.00,,,,
07/03/25 02:35:00,34.85,0.00,,,,
07/03/25 02:40:00,34.54,0.00,,,,
07/03/25 02:45:00,35.01,0.02,,,,
07/03/25 02:50:00,35.01,0.02,,,,
07/03/25 02:55:00,35.32,0.04,,,,
07/03/25 03:00:00,35.39,0.04,,,,
07/03/25 03:05:00,34.85,0.06,,,,
07/03/25 03:10:00,34.62,0.10,,,,
07/03/25 03:15:00,34.54,0.12,,,,
07/03/25 03:20:00,34.85,0.18,,,,
07/03/25 03:25:00,35.39,0.24,,,,
07/03/25 03:30:00,35.78,0.32,,,,
07/03/25 03:35:00,36.16,0.42,,,,
07/03/25 03:40:00,36.16,0.56,,,,
07/03/25 03:45:00,36.16,0.72,,,,
07/03/25 03:50:00,35.86,1.03,,,,
07/03/25 03:55:00,36.01,1.39,,,,
07/03/25 04:00:00,36.16,1.94,,,,
07/03/25 04:05:00,36.16,2.66,,,,
07/03/25 04:10:00,36.40,3.83,,,,
07/03/25 04:15:00,36.40,5.37,,,,
07/03/25 04:20:00,36.32,7.51,,,,
07/03/25 04:25:00,36.09,10.50,,,,
07/03/25 04:30:00,35.93,14.46,,,,
07/03/25 04:35:00,36.09,19.87,,,,
07/03/25 04:40:00,36.24,26.50,,,,
07/03/25 04:45:00,36.24,35.23,,,,
07/03/25 04:50:00,36.24,45.40,,,,
07/03/25 04:55:00,36.32,58.89,,,,
07/03/25 05:00:00,36.24,76.79,,,,
07/03/25 05:05:00,35.93,97.21,,,,
07/03/25 05:10:00,35.78,122.42,,,,
07/03/25 05:15:00,35.62,153.64,,,,
07/03/25 05:20:00,35.55,200.37,,,,
07/03/25 05:25:00,35.78,242.29,,,,
07/03/25 05:30:00,35.93,301.69,,,,
07/03/25 05:35:00,36.32,325.95,,,,
07/03/25 05:40:00,36.24,378.27,,,,
07/03/25 05:45:00,36.47,419.77,,,,
07/03/25 05:50:00,36.78,476.85,,,,
07/03/25 05:55:00,37.17,643.57,,,,
07/03/25 06:00:00,38.17,850.96,,,,
07/03/25 06:05:00,38.79,979.39,,,,
07/03/25 06:10:00,39.49,1037.42,,,,
07/03/25 06:15:00,40.18,1098.30,,,,
07/03/25 06:20:00,40.72,1153.00,,,,
07/03/25 06:25:00,40.80,1221.02,,,,
07/03/25 06:30:00,40.64,1290.47,,,,
07/03/25 06:35:00,41.34,1362.29,,,,
07/03/25 06:40:00,41.72,1434.12,,,,
07/03/25 06:45:00,42.19,1514.51,,,,
07/03/25 06:50:00,42.81,1601.08,,,,
07/03/25 06:55:00,43.27,1683.37,,,,
07/03/25 07:00:00,43.58,1774.69,,,,
07/03/25 07:05:00,44.20,1867.92,,,,
07/03/25 07:10:00,44.66,1965.43,,,,
07/03/25 07:15:00,45.12,2057.71,,,,
07/03/25 07:20:00,45.43,2152.84,,,,
07/03/25 07:25:00,46.13,2255.59,,,,
07/03/25 07:30:00,46.44,2368.79,,,,
07/03/25 07:35:00,47.05,2478.20,,,,
07/03/25 07:40:00,47.67,2584.74,,,,
07/03/25 07:45:00,48.37,2696.05,,,,
07/03/25 07:50:00,48.91,2817.82,,,,
07/03/25 07:55:00,49.52,2944.34,,,,
07/03/25 08:00:00,50.06,3075.63,,,,
07/03/25 08:05:00,51.07,3215.47,,,,
07/03/25 08:10:00,51.22,3343.90,,,,
07/03/25 08:15:00,52.07,3476.13,,,,
07/03/25 08:20:00,52.69,3611.22,,,,
07/03/25 08:25:00,52.92,3743.46,,,,
07/03/25 08:30:00,53.31,3876.64,,,,
07/03/25 08:35:00,53.93,3999.36,,,,
07/03/25 08:40:00,54.00,4130.64,,,,
07/03/25 08:45:00,54.23,4267.63,,,,
07/03/25 08:50:00,54.16,4395.11,,,,
07/03/25 08:55:00,54.00,4516.88,,,,
07/03/25 09:00:00,54.00,4651.97,,,,
07/03/25 09:05:00,54.08,4811.79,,,,
07/03/25 09:10:00,54.70,4979.22,,,,
07/03/25 09:15:00,55.32,5139.05,,,,
07/03/25 09:20:00,56.01,5173.29,,,,
07/03/25 09:25:00,55.55,5354.04,,,,
07/03/25 09:30:00,55.78,5631.83,,,,
07/03/25 09:35:00,55.24,5530.99,,,,
07/03/25 09:40:00,56.71,6078.95,,,,
07/03/25 09:45:00,57.40,6438.55,,,,
07/03/25 09:50:00,58.02,6798.15,,,,
07/03/25 09:55:00,58.64,7070.23,,,,
07/03/25 10:00:00,59.18,7401.29,,,,
07/03/25 10:05:00,60.10,7715.23,,,,
07/03/25 10:10:00,60.26,8032.97,,,,
07/03/25 10:15:00,60.41,8257.48,,,,
07/03/25 10:20:00,60.26,8322.17,,,,
07/03/25 10:25:00,59.95,8249.87,,,,
07/03/25 10:30:00,58.87,7502.13,,,,
07/03/25 10:35:00,59.64,8063.41,,,,
07/03/25 10:40:00,60.64,8329.78,,,,
07/03/25 10:45:00,61.96,8702.70,,,,
07/03/25 10:50:00,62.57,8908.19,,,,
07/03/25 10:55:00,63.42,8953.85,,,,
07/03/25 11:00:00,64.04,9029.96,,,,
07/03/25 11:05:00,58.25,5095.28,,,,
07/03/25 11:10:00,53.00,4256.22,,,,
07/03/25 11:15:00,57.63,8227.04,,,,
07/03/25 11:20:00,55.39,6623.11,,,,
07/03/25 11:25:00,61.57,9041.37,,,,
07/03/25 11:30:00,64.27,9224.03,,,,
07/03/25 11:35:00,67.21,10038.36,,,,
07/03/25 11:40:00,67.13,8436.33,,,,
07/03/25 11:45:00,65.51,9174.56,,,,
07/03/25 11:50:00,66.20,8238.45,,,,
07/03/25 11:55:00,59.18,4958.29,,,,
07/03/25 12:00:00,52.77,4568.25,,,,
07/03/25 12:05:00,51.30,4802.28,,,,
07/03/25 12:10:00,51.45,5078.16,,,,
07/03/25 12:15:00,55.16,6628.82,,,,
07/03/25 12:20:00,58.48,7658.15,,,,
07/03/25 12:25:00,60.64,6661.16,,,,
07/03/25 12:30:00,61.49,7972.08,,,,
07/03/25 12:35:00,62.34,8116.69,,,,
07/03/25 12:40:00,59.79,6284.44,,,,
07/03/25 12:45:00,56.94,7072.13,,,,
07/03/25 12:50:00,63.35,8177.57,,,,
07/03/25 12:55:00,66.67,8832.08,,,,
07/03/25 13:00:00,64.66,7998.72,,,,
07/03/25 13:05:00,64.74,7987.31,,,,
07/03/25 13:10:00,62.34,7530.67,,,,
07/03/25 13:15:00,64.58,8443.94,,,,
07/03/25 13:20:00,65.20,8440.14,,,,
07/03/25 13:25:00,65.28,8436.33,,,,
07/03/25 13:30:00,65.35,8417.30,,,,
07/03/25 13:35:00,65.97,8489.60,,,,
07/03/25 13:40:00,65.89,8858.72,,,,
07/03/25 13:45:00,65.59,9125.09,,,,
07/03/25 13:50:00,66.44,8759.78,,,,
07/03/25 13:55:00,66.51,8649.43,,,,
07/03/25 14:00:00,65.74,8386.86,,,,
07/03/25 14:05:00,65.43,8364.03,,,,
07/03/25 14:10:00,64.35,8379.25,,,,
07/03/25 14:15:00,63.81,8360.22,,,,
07/03/25 14:20:00,63.50,8367.83,,,,
07/03/25 14:25:00,63.04,8379.25,,,,
07/03/25 14:30:00,62.88,8386.86,,,,
07/03/25 14:35:00,62.50,8417.30,,,,
07/03/25 14:40:00,62.19,8432.52,,,,
07/03/25 14:45:00,61.80,8428.72,,,,
07/03/25 14:50:00,62.11,8409.69,,,,
07/03/25 14:55:00,62.42,8390.67,,,,
07/03/25 15:00:00,62.03,8325.98,,,,
07/03/25 15:05:00,61.65,8303.14,,,,
07/03/25 15:10:00,61.57,8314.56,,,,
07/03/25 15:15:00,61.57,8287.92,,,,
07/03/25 15:20:00,61.34,8234.65,,,,
07/03/25 15:25:00,61.18,8211.82,,,,
07/03/25 15:30:00,60.80,8177.57,,,,
07/03/25 15:35:00,60.34,8169.96,,,,
07/03/25 15:40:00,60.10,8131.91,,,,
07/03/25 15:45:00,59.87,8082.44,,,,
07/03/25 15:50:00,59.95,8006.33,,,,
07/03/25 15:55:00,60.10,7922.62,,,,
07/03/25 16:00:00,60.26,7911.20,,,,
07/03/25 16:05:00,59.95,7861.73,,,,
07/03/25 16:10:00,59.49,7808.46,,,,
07/03/25 16:15:00,59.25,7764.70,,,,
07/03/25 16:20:00,59.33,7705.71,,,,
07/03/25 16:25:00,59.10,7654.34,,,,
07/03/25 16:30:00,58.95,7604.87,,,,
07/03/25 16:35:00,58.87,7563.02,,,,
07/03/25 16:40:00,58.71,7452.66,,,,
07/03/25 16:45:00,58.48,7414.61,,,,
07/03/25 16:50:00,58.17,7346.11,,,,
07/03/25 16:55:00,57.94,7268.11,,,,
07/03/25 17:00:00,57.94,7207.22,,,,
07/03/25 17:05:00,57.79,7104.48,,,,
07/03/25 17:10:00,57.71,7047.40,,,,
07/03/25 17:15:00,57.56,6965.59,,,,
07/03/25 17:20:00,57.56,6908.51,,,,
07/03/25 17:25:00,57.32,6851.43,,,,
07/03/25 17:30:00,57.09,6798.15,,,,
07/03/25 17:35:00,57.01,6723.95,,,,
07/03/25 17:40:00,57.17,6674.48,,,,
07/03/25 17:45:00,56.78,6527.98,,,,
07/03/25 17:50:00,56.09,6440.45,,,,
07/03/25 17:55:00,56.71,6448.07,,,,
07/03/25 18:00:00,56.47,6360.54,,,,
07/03/25 18:05:00,56.63,6263.51,,,,
07/03/25 18:10:00,56.55,6204.53,,,,
07/03/25 18:15:00,56.40,6126.52,,,,
07/03/25 18:20:00,56.47,6040.90,,,,
07/03/25 18:25:00,55.93,5924.84,,,,
07/03/25 18:30:00,54.62,5173.29,,,,
07/03/25 18:35:00,54.70,5679.40,,,,
07/03/25 18:40:00,55.24,5546.21,,,,
07/03/25 18:45:00,55.16,5443.47,,,,
07/03/25 18:50:00,54.85,5340.73,,,,
07/03/25 18:55:00,54.70,5258.91,,,,
07/03/25 19:00:00,54.62,5121.92,,,,
07/03/25 19:05:00,54.62,5066.74,,,,
07/03/25 19:10:00,54.62,4986.83,,,,
07/03/25 19:15:00,54.47,4931.66,,,,
07/03/25 19:20:00,54.39,4897.41,,,,
07/03/25 19:25:00,54.16,4849.84,,,,
07/03/25 19:30:00,54.16,4771.83,,,,
07/03/25 19:35:00,54.08,4686.22,,,,
07/03/25 19:40:00,53.77,4612.01,,,,
07/03/25 19:45:00,53.46,4572.06,,,,
07/03/25 19:50:00,53.62,4513.08,,,,
07/03/25 19:55:00,53.54,4197.24,,,,
07/03/25 20:00:00,52.69,4130.64,,,,
07/03/25 20:05:00,52.07,3819.56,,,,
07/03/25 20:10:00,49.68,3387.66,,,,
07/03/25 20:15:00,47.98,2945.30,,,,
07/03/25 20:20:00,46.36,2235.61,,,,
07/03/25 20:25:00,44.97,2272.71,,,,
07/03/25 20:30:00,44.35,2013.00,,,,
07/03/25 20:35:00,43.58,1993.02,,,,
07/03/25 20:40:00,43.66,1989.22,,,,
07/03/25 20:45:00,43.58,1965.43,,,,
07/03/25 20:50:00,43.73,2155.70,,,,
07/03/25 20:55:00,48.06,3057.55,,,,
07/03/25 21:00:00,48.98,2792.13,,,,
07/03/25 21:05:00,48.37,2546.69,,,,
07/03/25 21:10:00,48.13,2366.89,,,,
07/03/25 21:15:00,45.05,1759.47,,,,
07/03/25 21:20:00,44.58,1739.49,,,,
07/03/25 21:25:00,42.50,1142.54,,,,
07/03/25 21:30:00,41.88,1146.82,,,,
07/03/25 21:35:00,42.11,1062.15,,,,
07/03/25 21:40:00,41.80,935.15,,,,
07/03/25 21:45:00,41.65,953.70,,,,
07/03/25 21:50:00,42.81,1077.85,,,,
07/03/25 21:55:00,42.96,1029.33,,,,
07/03/25 22:00:00,43.04,997.46,,,,
07/03/25 22:05:00,42.88,934.44,,,,
07/03/25 22:10:00,42.11,752.73,,,,
07/03/25 22:15:00,39.79,448.67,,,,
07/03/25 22:20:00,38.64,366.14,,,,
07/03/25 22:25:00,38.10,308.11,,,,
07/03/25 22:30:00,37.79,266.37,,,,
07/03/25 22:35:00,37.71,227.07,,,,
07/03/25 22:40:00,37.25,193.83,,,,
07/03/25 22:45:00,37.09,167.97,,,,
07/03/25 22:50:00,36.94,144.36,,,,
07/03/25 22:55:00,37.01,117.37,,,,
07/03/25 23:00:00,36.94,90.79,,,,
07/03/25 23:05:00,37.01,71.08,,,,
07/03/25 23:10:00,37.09,55.99,,,,
07/03/25 23:15:00,37.01,43.31,,,,
07/03/25 23:20:00,37.32,32.48,,,,
07/03/25 23:25:00,37.09,23.58,,,,
07/03/25 23:30:00,37.40,16.80,,,,
07/03/25 23:35:00,36.86,11.95,,,,
07/03/25 23:40:00,36.86,8.40,,,,
07/03/25 23:45:00,36.94,5.82,,,,
07/03/25 23:50:00,36.78,4.15,,,,
07/03/25 23:55:00,36.78,2.87,,,,
07/04/25 00:00:00,36.55,2.04,,,,
07/04/25 00:05:00,36.63,1.47,,,,
07/04/25 00:10:00,36.40,1.09,,,,
07/04/25 00:15:00,36.32,0.81,,,,
07/04/25 00:20:00,36.55,0.62,,,,
07/04/25 00:25:00,36.55,0.46,,,,
07/04/25 00:30:00,36.24,0.34,,,,
07/04/25 00:35:00,36.09,0.24,,,,
07/04/25 00:40:00,36.16,0.18,,,,
07/04/25 00:45:00,36.24,0.14,,,,
07/04/25 00:50:00,36.24,0.10,,,,
07/04/25 00:55:00,36.40,0.08,,,,
07/04/25 01:00:00,36.40,0.04,,,,
07/04/25 01:05:00,36.40,0.04,,,,
07/04/25 01:10:00,36.24,0.02,,,,
07/04/25 01:15:00,35.93,0.02,,,,
07/04/25 01:20:00,35.93,0.00,,,,
07/04/25 01:25:00,35.78,0.00,,,,
07/04/25 01:30:00,35.70,0.00,,,,
07/04/25 01:35:00,35.86,0.00,,,,
07/04/25 01:40:00,35.93,0.00,,,,
07/04/25 01:45:00,36.09,0.00,,,,
07/04/25 01:50:00,36.01,0.00,,,,
07/04/25 01:55:00,36.09,0.00,,,,
07/04/25 02:00:00,36.01,0.00,,,,
07/04/25 02:05:00,35.86,0.00,,,,
07/04/25 02:10:00,35.70,0.00,,,,
07/04/25 02:15:00,35.70,0.00,,,,
07/04/25 02:20:00,35.62,0.00,,,,
07/04/25 02:25:00,35.70,0.00,,,,
07/04/25 02:30:00,36.40,0.00,,,,
07/04/25 02:35:00,36.32,0.00,,,,
07/04/25 02:40:00,36.24,0.02,,,,
07/04/25 02:45:00,36.32,0.00,,,,
07/04/25 02:50:00,36.01,0.02,,,,
07/04/25 02:55:00,35.93,0.08,,,,
07/04/25 03:00:00,36.01,0.04,,,,
07/04/25 03:05:00,36.24,0.06,,,,
07/04/25 03:10:00,36.55,0.08,,,,
07/04/25 03:15:00,36.47,0.12,,,,
07/04/25 03:20:00,36.86,0.16,,,,
07/04/25 03:25:00,37.32,0.20,,,,
07/04/25 03:30:00,37.71,0.26,,,,
07/04/25 03:35:00,38.10,0.34,,,,
07/04/25 03:40:00,38.17,0.46,,,,
07/04/25 03:45:00,38.33,0.62,,,,
07/04/25 03:50:00,37.71,0.79,,,,
07/04/25 03:55:00,37.55,1.09,,,,
07/04/25 04:00:00,37.71,1.49,,,,
07/04/25 04:05:00,37.71,2.04,,,,
07/04/25 04:10:00,37.32,2.91,,,,
07/04/25 04:15:00,36.78,4.15,,,,
07/04/25 04:20:00,37.25,5.90,,,,
07/04/25 04:25:00,37.25,8.24,,,,
07/04/25 04:30:00,37.86,11.87,,,,
07/04/25 04:35:00,37.86,16.88,,,,
07/04/25 04:40:00,37.86,23.26,,,,
07/04/25 04:45:00,37.79,30.61,,,,
07/04/25 04:50:00,37.86,39.49,,,,
07/04/25 04:55:00,36.86,51.58,,,,
07/04/25 05:00:00,37.09,65.88,,,,
07/04/25 05:05:00,37.01,80.48,,,,
07/04/25 05:10:00,37.09,96.92,,,,
07/04/25 05:15:00,37.40,117.46,,,,
07/04/25 05:20:00,37.71,136.16,,,,
07/04/25 05:25:00,38.64,157.98,,,,
07/04/25 05:30:00,38.79,181.76,,,,
07/04/25 05:35:00,39.10,209.89,,,,
07/04/25 05:40:00,38.48,231.41,,,,
07/04/25 05:45:00,37.86,266.73,,,,
07/04/25 05:50:00,38.02,317.62,,,,
07/04/25 05:55:00,38.56,378.03,,,,
07/04/25 06:00:00,38.48,434.52,,,,
07/04/25 06:05:00,39.18,513.24,,,,
07/04/25 06:10:00,38.79,596.96,,,,
07/04/25 06:15:00,39.02,648.09,,,,
07/04/25 06:20:00,39.18,664.74,,,,
07/04/25 06:25:00,39.10,700.17,,,,
07/04/25 06:30:00,39.18,752.73,,,,
07/04/25 06:35:00,39.79,769.38,,,,
07/04/25 06:40:00,41.03,777.71,,,,
07/04/25 06:45:00,40.57,834.31,,,,
07/04/25 06:50:00,40.57,848.58,,,,
07/04/25 06:55:00,39.87,807.44,,,,
07/04/25 07:00:00,38.94,776.52,,,,
07/04/25 07:05:00,38.48,793.17,,,,
07/04/25 07:10:00,38.56,869.03,,,,
07/04/25 07:15:00,38.64,926.83,,,,
07/04/25 07:20:00,38.56,952.51,,,,
07/04/25 07:25:00,38.48,929.44,,,,
07/04/25 07:30:00,38.10,889.01,,,,
07/04/25 07:35:00,37.86,863.33,,,,
07/04/25 07:40:00,37.86,849.06,,,,
07/04/25 07:45:00,37.71,865.23,,,,
07/04/25 07:50:00,37.48,856.19,,,,
07/04/25 07:55:00,37.63,840.73,,,,
07/04/25 08:00:00,37.55,827.18,,,,
07/04/25 08:05:00,37.32,885.68,,,,
07/04/25 08:10:00,37.55,945.38,,,,
07/04/25 08:15:00,38.40,1087.36,,,,
07/04/25 08:20:00,38.64,1230.54,,,,
07/04/25 08:25:00,39.02,1399.40,,,,
07/04/25 08:30:00,39.56,1606.31,,,,
07/04/25 08:35:00,40.26,1826.06,,,,
07/04/25 08:40:00,41.26,2031.07,,,,
07/04/25 08:45:00,42.50,2258.44,,,,
07/04/25 08:50:00,43.73,2510.54,,,,
07/04/25 08:55:00,44.43,2859.68,,,,
07/04/25 09:00:00,46.05,3277.31,,,,
07/04/25 09:05:00,47.36,3735.84,,,,
07/04/25 09:10:00,48.83,4155.38,,,,
07/04/25 09:15:00,50.68,4425.55,,,,
07/04/25 09:20:00,51.53,4587.28,,,,
07/04/25 09:25:00,53.00,4608.21,,,,
07/04/25 09:30:00,54.70,4313.30,,,,
07/04/25 09:35:00,53.85,4073.56,,,,
07/04/25 09:40:00,53.00,3842.39,,,,
07/04/25 09:45:00,52.23,3836.68,,,,
07/04/25 09:50:00,53.62,4853.65,,,,
07/04/25 09:55:00,56.94,4941.17,,,,
07/04/25 10:00:00,59.25,4952.59,,,,
07/04/25 10:05:00,59.72,5198.03,,,,
07/04/25 10:10:00,59.02,5525.28,,,,
07/04/25 10:15:00,58.10,5100.99,,,,
07/04/25 10:20:00,57.56,7070.23,,,,
07/04/25 10:25:00,57.48,5095.28,,,,
07/04/25 10:30:00,56.94,5494.84,,,,
07/04/25 10:35:00,56.86,5593.78,,,,
07/04/25 10:40:00,65.05,8710.31,,,,
07/04/25 10:45:00,65.05,6341.52,,,,
07/04/25 10:50:00,61.26,5005.86,,,,
07/04/25 10:55:00,57.32,4457.90,,,,
07/04/25 11:00:00,53.15,3878.54,,,,
07/04/25 11:05:00,54.70,5833.51,,,,
07/04/25 11:10:00,64.04,9615.97,,,,
07/04/25 11:15:00,63.42,6234.97,,,,
07/04/25 11:20:00,63.50,7635.32,,,,
07/04/25 11:25:00,60.72,6520.37,,,,
07/04/25 11:30:00,70.37,10997.29,,,,
07/04/25 11:35:00,72.23,10479.77,,,,
07/04/25 11:40:00,72.38,10118.27,,,,
07/04/25 11:45:00,63.11,5565.24,,,,
07/04/25 11:50:00,59.25,6982.71,,,,
07/04/25 11:55:00,61.18,6763.90,,,,
07/04/25 12:00:00,63.89,7960.67,,,,
07/04/25 12:05:00,59.87,7144.43,,,,
07/04/25 12:10:00,67.44,9121.28,,,,
07/04/25 12:15:00,68.21,9303.94,,,,
07/04/25 12:20:00,67.83,8759.78,,,,
07/04/25 12:25:00,70.06,9414.29,,,,
07/04/25 12:30:00,70.22,9090.84,,,,
07/04/25 12:35:00,64.50,6263.51,,,,
07/04/25 12:40:00,67.36,8599.96,,,,
07/04/25 12:45:00,69.52,8820.66,,,,
07/04/25 12:50:00,68.75,9178.36,,,,
07/04/25 12:55:00,67.90,8204.21,,,,
07/04/25 13:00:00,68.21,8512.44,,,,
07/04/25 13:05:00,66.28,7831.29,,,,
07/04/25 13:10:00,67.98,8124.30,,,,
07/04/25 13:15:00,68.06,8333.59,,,,
07/04/25 13:20:00,68.13,8272.70,,,,
07/04/25 13:25:00,70.22,8969.07,,,,
07/04/25 13:30:00,70.30,8889.16,,,,
07/04/25 13:35:00,69.37,8679.87,,,,
07/04/25 13:40:00,68.21,8641.82,,,,
07/04/25 13:45:00,68.21,8695.09,,,,
07/04/25 13:50:00,68.13,8858.72,,,,
07/04/25 13:55:00,69.52,9254.47,,,,
07/04/25 14:00:00,69.91,9692.08,,,,
07/04/25 14:05:00,70.53,9551.28,,,,
07/04/25 14:10:00,66.90,7892.17,,,,
07/04/25 14:15:00,66.51,9905.17,,,,
07/04/25 14:20:00,67.75,8360.22,,,,
07/04/25 14:25:00,68.13,8923.41,,,,
07/04/25 14:30:00,68.13,8736.95,,,,
07/04/25 14:35:00,68.29,8702.70,,,,
07/04/25 14:40:00,67.83,8588.54,,,,
07/04/25 14:45:00,67.36,8520.05,,,,
07/04/25 14:50:00,66.74,8481.99,,,,
07/04/25 14:55:00,66.67,8455.36,,,,
07/04/25 15:00:00,66.74,8501.02,,,,
07/04/25 15:05:00,66.90,8542.88,,,,
07/04/25 15:10:00,66.20,8573.32,,,,
07/04/25 15:15:00,66.44,8721.73,,,,
07/04/25 15:20:00,66.44,8679.87,,,,
07/04/25 15:25:00,65.82,8558.10,,,,
07/04/25 15:30:00,66.13,8660.84,,,,
07/04/25 15:35:00,66.51,8820.66,,,,
07/04/25 15:40:00,67.28,9071.81,,,,
07/04/25 15:45:00,68.44,9459.95,,,,
07/04/25 15:50:00,68.44,9612.17,,,,
07/04/25 15:55:00,69.06,9943.23,,,,
07/04/25 16:00:00,64.50,7325.19,,,,
07/04/25 16:05:00,64.35,8402.08,,,,
07/04/25 16:10:00,64.74,8265.09,,,,
07/04/25 16:15:00,63.96,8394.47,,,,
07/04/25 16:20:00,64.12,8257.48,,,,
07/04/25 16:25:00,64.43,7956.86,,,,
07/04/25 16:30:00,64.12,7831.29,,,,
07/04/25 16:35:00,63.42,7768.50,,,,
07/04/25 16:40:00,59.10,5260.81,,,,
07/04/25 16:45:00,60.95,7353.72,,,,
07/04/25 16:50:00,62.34,7698.10,,,,
07/04/25 16:55:00,61.57,7526.87,,,,
07/04/25 17:00:00,61.18,7496.42,,,,
07/04/25 17:05:00,61.03,7496.42,,,,
07/04/25 17:10:00,59.49,7692.40,,,,
07/04/25 17:15:00,61.18,7504.03,,,,
07/04/25 17:20:00,60.64,7363.24,,,,
07/04/25 17:25:00,60.64,7378.46,,,,
07/04/25 17:30:00,59.18,7722.84,,,,
07/04/25 17:35:00,59.64,7041.69,,,,
07/04/25 17:40:00,59.95,7016.96,,,,
07/04/25 17:45:00,59.79,7576.33,,,,
07/04/25 17:50:00,58.17,5862.05,,,,
07/04/25 17:55:00,59.02,6820.98,,,,
07/04/25 18:00:00,58.40,7764.70,,,,
07/04/25 18:05:00,60.10,7831.29,,,,
07/04/25 18:10:00,53.23,4819.40,,,,
07/04/25 18:15:00,58.48,7378.46,,,,
07/04/25 18:20:00,58.95,6564.13,,,,
07/04/25 18:25:00,58.64,6366.25,,,,
07/04/25 18:30:00,56.63,6198.82,,,,
07/04/25 18:35:00,55.39,5272.23,,,,
07/04/25 18:40:00,56.94,5822.10,,,,
07/04/25 18:45:00,56.09,5544.31,,,,
07/04/25 18:50:00,56.01,5449.18,,,,
07/04/25 18:55:00,55.70,5287.45,,,,
07/04/25 19:00:00,55.55,5205.64,,,,
07/04/25 19:05:00,55.47,5121.92,,,,
07/04/25 19:10:00,55.24,5047.72,,,,
07/04/25 19:15:00,54.93,5139.05,,,,
07/04/25 19:20:00,53.31,4996.35,,,,
07/04/25 19:25:00,54.39,4785.15,,,,
07/04/25 19:30:00,54.39,4631.04,,,,
07/04/25 19:35:00,53.93,4475.02,,,,
07/04/25 19:40:00,53.31,4385.60,,,,
07/04/25 19:45:00,52.77,4307.59,,,,
07/04/25 19:50:00,52.46,4147.77,,,,
07/04/25 19:55:00,52.30,4077.37,,,,
07/04/25 20:00:00,52.15,3970.82,,,,
07/04/25 20:05:00,51.69,3846.20,,,,
07/04/25 20:10:00,51.45,3757.72,,,,
07/04/25 20:15:00,51.15,3605.51,,,,
07/04/25 20:20:00,50.37,3472.33,,,,
07/04/25 20:25:00,49.52,3311.55,,,,
07/04/25 20:30:00,48.06,2889.17,,,,
07/04/25 20:35:00,48.21,2867.29,,,,
07/04/25 20:40:00,47.13,3348.66,,,,
07/04/25 20:45:00,48.13,3256.38,,,,
07/04/25 20:50:00,48.06,3043.28,,,,
07/04/25 20:55:00,46.90,2492.47,,,,
07/04/25 21:00:00,46.13,2135.72,,,,
07/04/25 21:05:00,43.50,1514.51,,,,
07/04/25 21:10:00,42.27,1200.57,,,,
07/04/25 21:15:00,40.33,906.85,,,,
07/04/25 21:20:00,39.72,723.96,,,,
07/04/25 21:25:00,39.33,604.09,,,,
07/04/25 21:30:00,38.87,576.98,,,,
07/04/25 21:35:00,39.25,546.53,,,,
07/04/25 21:40:00,39.49,472.69,,,,
07/04/25 21:45:00,39.72,417.51,,,,
07/04/25 21:50:00,39.95,379.93,,,,
07/04/25 21:55:00,39.72,345.21,,,,
07/04/25 22:00:00,39.64,321.07,,,,
07/04/25 22:05:00,39.64,295.74,,,,
07/04/25 22:10:00,39.49,271.13,,,,
07/04/25 22:15:00,39.25,251.27,,,,
07/04/25 22:20:00,39.18,220.29,,,,
07/04/25 22:25:00,39.18,186.76,,,,
07/04/25 22:30:00,39.18,164.88,,,,
07/04/25 22:35:00,39.33,149.18,,,,
07/04/25 22:40:00,39.33,132.00,,,,
07/04/25 22:45:00,39.25,108.48,,,,
07/04/25 22:50:00,39.02,89.42,,,,
07/04/25 22:55:00,39.18,74.29,,,,
07/04/25 23:00:00,39.18,59.86,,,,
07/04/25 23:05:00,39.02,47.66,,,,
07/04/25 23:10:00,38.87,37.58,,,,
07/04/25 23:15:00,38.71,29.48,,,,
07/04/25 23:20:00,38.71,22.12,,,,
07/04/25 23:25:00,39.02,16.22,,,,
07/04/25 23:30:00,38.87,11.55,,,,
07/04/25 23:35:00,39.33,8.08,,,,
07/04/25 23:40:00,38.79,5.77,,,,
07/04/25 23:45:00,38.87,3.99,,,,
07/04/25 23:50:00,38.64,2.74,,,,
07/04/25 23:55:00,38.71,1.97,,,,
07/05/25 00:00:00,38.64,1.41,,,,
07/05/25 00:05:00,38.79,1.05,,,,
07/05/25 00:10:00,38.71,0.76,,,,
07/05/25 00:15:00,38.40,0.58,,,,
07/05/25 00:20:00,38.25,0.44,,,,
07/05/25 00:25:00,38.02,0.34,,,,
07/05/25 00:30:00,38.10,0.26,,,,
07/05/25 00:35:00,38.10,0.20,,,,
07/05/25 00:40:00,38.40,0.14,,,,
07/05/25 00:45:00,39.33,0.14,,,,
07/05/25 00:50:00,38.40,0.10,,,,
07/05/25 00:55:00,38.48,0.10,,,,
07/05/25 01:00:00,38.02,0.08,,,,
07/05/25 01:05:00,38.33,0.08,,,,
07/05/25 01:10:00,38.48,0.08,,,,
07/05/25 01:15:00,38.25,0.08,,,,
07/05/25 01:20:00,38.40,0.08,,,,
07/05/25 01:25:00,38.64,0.08,,,,
07/05/25 01:30:00,38.64,0.06,,,,
07/05/25 01:35:00,38.25,0.04,,,,
07/05/25 01:40:00,37.79,0.02,,,,
07/05/25 01:45:00,37.71,0.02,,,,
07/05/25 01:50:00,37.86,0.02,,,,
07/05/25 01:55:00,37.71,0.04,,,,
07/05/25 02:00:00,38.17,0.00,,,,
07/05/25 02:05:00,38.02,0.00,,,,
07/05/25 02:10:00,37.71,0.02,,,,
07/05/25 02:15:00,37.94,0.02,,,,
07/05/25 02:20:00,37.71,0.02,,,,
07/05/25 02:25:00,37.63,0.02,,,,
07/05/25 02:30:00,37.55,0.04,,,,
07/05/25 02:35:00,37.55,0.04,,,,
07/05/25 02:40:00,37.55,0.04,,,,
07/05/25 02:45:00,37.32,0.06,,,,
07/05/25 02:50:00,37.32,0.06,,,,
07/05/25 02:55:00,37.32,0.08,,,,
07/05/25 03:00:00,37.17,0.10,,,,
07/05/25 03:05:00,37.09,0.12,,,,
07/05/25 03:10:00,37.01,0.14,,,,
07/05/25 03:15:00,36.94,0.18,,,,
07/05/25 03:20:00,37.01,0.22,,,,
07/05/25 03:25:00,37.17,0.28,,,,
07/05/25 03:30:00,37.01,0.32,,,,
07/05/25 03:35:00,37.32,0.42,,,,
07/05/25 03:40:00,36.86,0.58,,,,
07/05/25 03:45:00,36.86,0.68,,,,
07/05/25 03:50:00,36.71,0.85,,,,
07/05/25 03:55:00,37.01,1.11,,,,
07/05/25 04:00:00,37.17,1.45,,,,
07/05/25 04:05:00,37.55,1.93,,,,
07/05/25 04:10:00,37.25,2.48,,,,
07/05/25 04:15:00,38.02,3.39,,,,
07/05/25 04:20:00,37.55,4.88,,,,
07/05/25 04:25:00,37.63,6.90,,,,
07/05/25 04:30:00,37.63,9.20,,,,
07/05/25 04:35:00,37.86,12.35,,,,
07/05/25 04:40:00,37.94,16.16,,,,
07/05/25 04:45:00,37.17,20.75,,,,
07/05/25 04:50:00,37.40,27.05,,,,
07/05/25 04:55:00,38.10,33.76,,,,
07/05/25 05:00:00,38.87,41.83,,,,
07/05/25 05:05:00,38.56,50.78,,,,
07/05/25 05:10:00,38.33,60.97,,,,
07/05/25 05:15:00,38.17,73.46,,,,
07/05/25 05:20:00,38.25,87.52,,,,
07/05/25 05:25:00,37.48,101.49,,,,
07/05/25 05:30:00,37.55,116.80,,,,
07/05/25 05:35:00,38.33,134.97,,,,
07/05/25 05:40:00,38.94,157.62,,,,
07/05/25 05:45:00,38.71,186.10,,,,
07/05/25 05:50:00,38.56,203.76,,,,
07/05/25 05:55:00,38.64,235.10,,,,
07/05/25 06:00:00,38.64,278.14,,,,
07/05/25 06:05:00,38.64,337.48,,,,
07/05/25 06:10:00,39.10,390.87,,,,
07/05/25 06:15:00,39.41,418.82,,,,
07/05/25 06:20:00,39.10,447.72,,,,
07/05/25 06:25:00,39.25,474.00,,,,
07/05/25 06:30:00,39.41,523.47,,,,
07/05/25 06:35:00,39.56,531.79,,,,
07/05/25 06:40:00,38.94,546.53,,,,
07/05/25 06:45:00,38.94,589.34,,,,
07/05/25 06:50:00,39.49,662.83,,,,
07/05/25 06:55:00,39.87,816.95,,,,
07/05/25 07:00:00,40.10,983.67,,,,
07/05/25 07:05:00,40.26,1058.82,,,,
07/05/25 07:10:00,40.03,1081.65,,,,
07/05/25 07:15:00,40.18,1058.35,,,,
07/05/25 07:20:00,40.41,1168.22,,,,
07/05/25 07:25:00,40.95,1248.14,,,,
07/05/25 07:30:00,40.80,1228.63,,,,
07/05/25 07:35:00,40.49,1217.69,,,,
07/05/25 07:40:00,40.49,1265.73,,,,
07/05/25 07:45:00,40.57,1318.06,,,,
07/05/25 07:50:00,41.18,1510.70,,,,
07/05/25 07:55:00,42.27,1940.22,,,,
07/05/25 08:00:00,43.42,2061.52,,,,
07/05/25 08:05:00,44.43,2611.38,,,,
07/05/25 08:10:00,48.75,3504.67,,,,
07/05/25 08:15:00,51.61,3581.73,,,,
07/05/25 08:20:00,51.76,4026.00,,,,
07/05/25 08:25:00,53.15,4151.57,,,,
07/05/25 08:30:00,48.37,2640.87,,,,
07/05/25 08:35:00,48.67,3908.03,,,,
07/05/25 08:40:00,51.84,3751.07,,,,
07/05/25 08:45:00,48.29,3194.54,,,,
07/05/25 08:50:00,47.44,3264.94,,,,
07/05/25 08:55:00,47.75,3772.95,,,,
07/05/25 09:00:00,49.06,3586.49,,,,
07/05/25 09:05:00,53.54,5964.79,,,,
07/05/25 09:10:00,51.22,2947.20,,,,
07/05/25 09:15:00,49.37,2593.31,,,,
07/05/25 09:20:00,51.76,4610.11,,,,
07/05/25 09:25:00,49.29,3066.11,,,,
07/05/25 09:30:00,48.52,3519.89,,,,
07/05/25 09:35:00,50.53,4216.26,,,,
07/05/25 09:40:00,54.16,5559.53,,,,
07/05/25 09:45:00,62.88,8813.05,,,,
07/05/25 09:50:00,59.87,6468.99,,,,
07/05/25 09:55:00,65.97,9794.82,,,,
07/05/25 10:00:00,60.03,5557.63,,,,
07/05/25 10:05:00,59.41,7553.50,,,,
07/05/25 10:10:00,62.65,9341.99,,,,
07/05/25 10:15:00,59.56,6488.02,,,,
07/05/25 10:20:00,57.79,5525.28,,,,
07/05/25 10:25:00,56.01,5125.73,,,,
07/05/25 10:30:00,54.85,5472.01,,,,
07/05/25 10:35:00,55.86,5683.20,,,,
07/05/25 10:40:00,54.85,5525.28,,,,
07/05/25 10:45:00,57.01,8565.71,,,,
07/05/25 10:50:00,57.09,6453.77,,,,
07/05/25 10:55:00,56.71,5854.44,,,,
07/05/25 11:00:00,56.01,5949.57,,,,
07/05/25 11:05:00,55.39,5894.40,,,,
07/05/25 11:10:00,55.32,6065.63,,,,
07/05/25 11:15:00,55.32,6035.19,,,,
07/05/25 11:20:00,55.78,6316.78,,,,
07/05/25 11:25:00,56.40,6328.20,,,,
07/05/25 11:30:00,56.09,6177.89,,,,
07/05/25 11:35:00,57.17,6807.67,,,,
07/05/25 11:40:00,59.10,7226.25,,,,
07/05/25 11:45:00,61.26,7547.79,,,,
07/05/25 11:50:00,62.27,7456.47,,,,
07/05/25 11:55:00,59.95,6636.43,,,,
07/05/25 12:00:00,59.10,6687.80,,,,
07/05/25 12:05:00,58.71,6607.89,,,,
07/05/25 12:10:00,59.87,7258.59,,,,
07/05/25 12:15:00,61.11,7692.40,,,,
07/05/25 12:20:00,61.18,7313.77,,,,
07/05/25 12:25:00,61.03,7298.55,,,,
07/05/25 12:30:00,60.26,7646.73,,,,
07/05/25 12:35:00,62.50,7658.15,,,,
07/05/25 12:40:00,59.64,6682.09,,,,
07/05/25 12:45:00,58.25,6701.12,,,,
07/05/25 12:50:00,58.48,6455.68,,,,
07/05/25 12:55:00,58.33,6187.40,,,,
07/05/25 13:00:00,60.18,6659.26,,,,
07/05/25 13:05:00,62.81,6908.51,,,,
07/05/25 13:10:00,62.19,6843.82,,,,
07/05/25 13:15:00,63.42,7214.83,,,,
07/05/25 13:20:00,64.50,7467.88,,,,
07/05/25 13:25:00,63.81,7361.34,,,,
07/05/25 13:30:00,62.88,7823.68,,,,
07/05/25 13:35:00,64.81,7956.86,,,,
07/05/25 13:40:00,65.28,7800.85,,,,
07/05/25 13:45:00,66.05,7003.64,,,,
07/05/25 13:50:00,64.35,7328.99,,,,
07/05/25 13:55:00,68.91,9121.28,,,,
07/05/25 14:00:00,65.05,6153.16,,,,
07/05/25 14:05:00,62.96,7003.64,,,,
07/05/25 14:10:00,64.04,6170.28,,,,
07/05/25 14:15:00,62.42,7013.15,,,,
07/05/25 14:20:00,66.20,7317.57,,,,
07/05/25 14:25:00,63.04,6261.61,,,,
07/05/25 14:30:00,62.34,7357.53,,,,
07/05/25 14:35:00,61.42,5641.34,,,,
07/05/25 14:40:00,65.89,9090.84,,,,
07/05/25 14:45:00,67.59,8733.14,,,,
07/05/25 14:50:00,68.29,8580.93,,,,
07/05/25 14:55:00,67.05,8546.68,,,,
07/05/25 15:00:00,67.13,8432.52,,,,
07/05/25 15:05:00,66.51,8352.61,,,,
07/05/25 15:10:00,65.97,8276.51,,,,
07/05/25 15:15:00,65.05,8230.84,,,,
07/05/25 15:20:00,65.43,8234.65,,,,
07/05/25 15:25:00,65.74,8219.43,,,,
07/05/25 15:30:00,64.81,8219.43,,,,
07/05/25 15:35:00,65.28,8188.99,,,,
07/05/25 15:40:00,64.74,8215.62,,,,
07/05/25 15:45:00,64.81,8204.21,,,,
07/05/25 15:50:00,64.27,8162.35,,,,
07/05/25 15:55:00,65.05,8055.80,,,,
07/05/25 16:00:00,65.20,7975.89,,,,
07/05/25 16:05:00,65.97,8124.30,,,,
07/05/25 16:10:00,65.89,8055.80,,,,
07/05/25 16:15:00,64.89,7994.92,,,,
07/05/25 16:20:00,65.97,8150.93,,,,
07/05/25 16:25:00,68.13,8204.21,,,,
07/05/25 16:30:00,66.74,7953.06,,,,
07/05/25 16:35:00,66.20,7604.87,,,,
07/05/25 16:40:00,66.74,7545.89,,,,
07/05/25 16:45:00,65.74,7414.61,,,,
07/05/25 16:50:00,65.43,7639.12,,,,
07/05/25 16:55:00,65.43,7517.35,,,,
07/05/25 17:00:00,65.20,7155.85,,,,
07/05/25 17:05:00,64.50,7079.74,,,,
07/05/25 17:10:00,63.58,7093.06,,,,
07/05/25 17:15:00,63.19,6881.87,,,,
07/05/25 17:20:00,62.42,6805.76,,,,
07/05/25 17:25:00,61.11,6741.07,,,,
07/05/25 17:30:00,60.03,6657.36,,,,
07/05/25 17:35:00,59.41,6638.33,,,,
07/05/25 17:40:00,59.72,6554.61,,,,
07/05/25 17:45:00,59.41,6417.62,,,,
07/05/25 17:50:00,58.87,6453.77,,,,
07/05/25 17:55:00,59.02,6322.49,,,,
07/05/25 18:00:00,58.87,6242.58,,,,
07/05/25 18:05:00,58.56,6210.23,,,,
07/05/25 18:10:00,58.40,6048.51,,,,
07/05/25 18:15:00,58.02,5877.27,,,,
07/05/25 18:20:00,57.79,5814.48,,,,
07/05/25 18:25:00,57.48,5734.57,,,,
07/05/25 18:30:00,57.09,5641.34,,,,
07/05/25 18:35:00,57.17,5645.15,,,,
07/05/25 18:40:00,56.86,5456.79,,,,
07/05/25 18:45:00,56.94,5359.75,,,,
07/05/25 18:50:00,56.01,5293.16,,,,
07/05/25 18:55:00,56.71,5236.08,,,,
07/05/25 19:00:00,56.55,5137.14,,,,
07/05/25 19:05:00,56.55,5034.40,,,,
07/05/25 19:10:00,54.00,3803.39,,,,
07/05/25 19:15:00,48.29,2400.19,,,,
07/05/25 19:20:00,45.66,2497.22,,,,
07/05/25 19:25:00,51.30,4442.68,,,,
07/05/25 19:30:00,51.45,2469.63,,,,
07/05/25 19:35:00,46.90,2391.63,,,,
07/05/25 19:40:00,47.52,3259.23,,,,
07/05/25 19:45:00,51.92,4436.97,,,,
07/05/25 19:50:00,54.16,4644.36,,,,
07/05/25 19:55:00,55.16,4655.77,,,,
07/05/25 20:00:00,55.08,4612.01,,,,
07/05/25 20:05:00,53.08,2937.68,,,,
07/05/25 20:10:00,47.36,2934.83,,,,
07/05/25 20:15:00,50.76,4006.97,,,,
07/05/25 20:20:00,52.30,3938.48,,,,
07/05/25 20:25:00,52.69,3814.80,,,,
07/05/25 20:30:00,52.00,3721.57,,,,
07/05/25 20:35:00,52.30,3644.52,,,,
07/05/25 20:40:00,51.15,2927.22,,,,
07/05/25 20:45:00,46.28,1845.09,,,,
07/05/25 20:50:00,45.97,2230.85,,,,
07/05/25 20:55:00,47.21,2724.59,,,,
07/05/25 21:00:00,49.76,2907.24,,,,
07/05/25 21:05:00,49.22,2688.44,,,,
07/05/25 21:10:00,48.44,2509.59,,,,
07/05/25 21:15:00,46.05,1118.76,,,,
07/05/25 21:20:00,43.89,2191.85,,,,
07/05/25 21:25:00,43.96,1912.63,,,,
07/05/25 21:30:00,44.04,1381.32,,,,
07/05/25 21:35:00,45.59,1692.40,,,,
07/05/25 21:40:00,42.42,1281.91,,,,
07/05/25 21:45:00,41.72,1507.85,,,,
07/05/25 21:50:00,40.72,714.21,,,,
07/05/25 21:55:00,38.87,593.39,,,,
07/05/25 22:00:00,38.56,557.71,,,,
07/05/25 22:05:00,38.17,483.39,,,,
07/05/25 22:10:00,38.33,422.27,,,,
07/05/25 22:15:00,38.17,376.72,,,,
07/05/25 22:20:00,37.71,344.85,,,,
07/05/25 22:25:00,37.48,305.85,,,,
07/05/25 22:30:00,37.25,268.15,,,,
07/05/25 22:35:00,37.25,232.84,,,,
07/05/25 22:40:00,36.94,198.77,,,,
07/05/25 22:45:00,36.47,166.48,,,,
07/05/25 22:50:00,36.63,137.53,,,,
07/05/25 22:55:00,36.32,112.40,,,,
07/05/25 23:00:00,36.32,90.17,,,,
07/05/25 23:05:00,36.09,71.41,,,,
07/05/25 23:10:00,36.09,55.59,,,,
07/05/25 23:15:00,36.24,42.42,,,,
07/05/25 23:20:00,36.09,31.93,,,,
07/05/25 23:25:00,36.55,23.36,,,,
07/05/25 23:30:00,36.71,16.82,,,,
07/05/25 23:35:00,36.71,12.04,,,,
07/05/25 23:40:00,35.70,8.57,,,,
07/05/25 23:45:00,35.24,6.06,,,,
07/05/25 23:50:00,35.24,4.24,,,,
07/05/25 23:55:00,35.08,2.91,,,,
07/06/25 00:00:00,35.16,2.14,,,,
07/06/25 00:05:00,35.39,1.49,,,,
07/06/25 00:10:00,35.62,1.07,,,,
07/06/25 00:15:00,36.32,0.85,,,,
07/06/25 00:20:00,35.93,0.62,,,,
07/06/25 00:25:00,35.93,0.46,,,,
07/06/25 00:30:00,35.86,0.34,,,,
07/06/25 00:35:00,36.09,0.26,,,,
07/06/25 00:40:00,35.70,0.18,,,,
07/06/25 00:45:00,35.86,0.14,,,,
07/06/25 00:50:00,35.55,0.10,,,,
07/06/25 00:55:00,35.08,0.08,,,,
07/06/25 01:00:00,34.70,0.06,,,,
07/06/25 01:05:00,35.08,0.04,,,,
07/06/25 01:10:00,35.24,0.02,,,,
07/06/25 01:15:00,35.24,0.02,,,,
07/06/25 01:20:00,35.32,0.02,,,,
07/06/25 01:25:00,35.16,0.00,,,,
07/06/25 01:30:00,35.01,0.00,,,,
07/06/25 01:35:00,35.08,0.00,,,,
07/06/25 01:40:00,34.77,0.00,,,,
07/06/25 01:45:00,34.85,0.00,,,,
07/06/25 01:50:00,34.54,0.00,,,,
07/06/25 01:55:00,34.62,0.00,,,,
07/06/25 02:00:00,34.77,0.00,,,,
07/06/25 02:05:00,34.23,0.00,,,,
07/06/25 02:10:00,34.23,0.00,,,,
07/06/25 02:15:00,34.54,0.00,,,,
07/06/25 02:20:00,35.78,0.00,,,,
07/06/25 02:25:00,36.24,0.00,,,,
07/06/25 02:30:00,36.71,0.00,,,,
07/06/25 02:35:00,36.16,0.02,,,,
07/06/25 02:40:00,35.78,0.02,,,,
07/06/25 02:45:00,35.16,0.02,,,,
07/06/25 02:50:00,34.70,0.04,,,,
07/06/25 02:55:00,35.32,0.04,,,,
07/06/25 03:00:00,35.86,0.06,,,,
07/06/25 03:05:00,36.16,0.08,,,,
07/06/25 03:10:00,36.16,0.10,,,,
07/06/25 03:15:00,36.16,0.12,,,,
07/06/25 03:20:00,35.93,0.16,,,,
07/06/25 03:25:00,36.40,0.22,,,,
07/06/25 03:30:00,36.71,0.28,,,,
07/06/25 03:35:00,36.71,0.38,,,,
07/06/25 03:40:00,36.63,0.52,,,,
07/06/25 03:45:00,37.01,0.66,,,,
07/06/25 03:50:00,37.17,0.95,,,,
07/06/25 03:55:00,37.48,1.31,,,,
07/06/25 04:00:00,37.17,1.78,,,,
07/06/25 04:05:00,37.32,2.48,,,,
07/06/25 04:10:00,36.94,3.51,,,,
07/06/25 04:15:00,36.78,4.89,,,,
07/06/25 04:20:00,36.63,6.91,,,,
07/06/25 04:25:00,36.32,9.87,,,,
07/06/25 04:30:00,36.09,13.91,,,,
07/06/25 04:35:00,36.40,19.97,,,,
07/06/25 04:40:00,36.55,28.24,,,,
07/06/25 04:45:00,36.40,38.90,,,,
07/06/25 04:50:00,36.47,51.62,,,,
07/06/25 04:55:00,36.78,64.87,,,,
07/06/25 05:00:00,36.94,78.31,,,,
07/06/25 05:05:00,37.09,108.87,,,,
07/06/25 05:10:00,37.94,138.48,,,,
07/06/25 05:15:00,37.71,171.65,,,,
07/06/25 05:20:00,37.86,215.65,,,,
07/06/25 05:25:00,38.40,270.65,,,,
07/06/25 05:30:00,38.87,328.33,,,,
07/06/25 05:35:00,38.64,342.95,,,,
07/06/25 05:40:00,38.40,362.93,,,,
07/06/25 05:45:00,38.48,357.46,,,,
07/06/25 05:50:00,37.86,383.15,,,,
07/06/25 05:55:00,37.63,467.58,,,,
07/06/25 06:00:00,37.71,629.06,,,,
07/06/25 06:05:00,38.56,835.02,,,,
07/06/25 06:10:00,40.03,1049.31,,,,
07/06/25 06:15:00,41.42,1145.87,,,,
07/06/25 06:20:00,42.27,1290.94,,,,
07/06/25 06:25:00,43.04,1384.17,,,,
07/06/25 06:30:00,41.11,957.03,,,,
07/06/25 06:35:00,40.49,1297.60,,,,
07/06/25 06:40:00,41.88,1303.79,,,,
07/06/25 06:45:00,41.49,1470.74,,,,
07/06/25 06:50:00,41.65,1606.78,,,,
07/06/25 06:55:00,41.42,1385.60,,,,
07/06/25 07:00:00,41.42,1525.45,,,,
07/06/25 07:05:00,43.35,1759.95,,,,
07/06/25 07:10:00,41.80,1419.37,,,,
07/06/25 07:15:00,40.49,1025.05,,,,
07/06/25 07:20:00,39.64,825.99,,,,
07/06/25 07:25:00,40.03,1261.45,,,,
07/06/25 07:30:00,40.26,1141.11,,,,
07/06/25 07:35:00,40.10,1301.89,,,,
07/06/25 07:40:00,41.57,1794.67,,,,
07/06/25 07:45:00,43.89,2275.56,,,,
07/06/25 07:50:00,45.12,2736.00,,,,
07/06/25 07:55:00,44.81,2106.23,,,,
07/06/25 08:00:00,43.89,2267.00,,,,
07/06/25 08:05:00,44.04,2285.08,,,,
07/06/25 08:10:00,44.74,2463.93,,,,
07/06/25 08:15:00,45.05,2630.41,,,,
07/06/25 08:20:00,44.81,2434.43,,,,
07/06/25 08:25:00,43.89,2126.21,,,,
07/06/25 08:30:00,43.50,2418.26,,,,
07/06/25 08:35:00,44.58,2680.83,,,,
07/06/25 08:40:00,44.97,2732.20,,,,
07/06/25 08:45:00,45.43,2728.39,,,,
07/06/25 08:50:00,46.36,3101.31,,,,
07/06/25 08:55:00,46.28,2790.23,,,,
07/06/25 09:00:00,45.66,2784.52,,,,
07/06/25 09:05:00,45.74,2911.05,,,,
07/06/25 09:10:00,45.97,3032.82,,,,
07/06/25 09:15:00,47.21,3545.58,,,,
07/06/25 09:20:00,47.98,3548.43,,,,
07/06/25 09:25:00,48.06,3338.19,,,,
07/06/25 09:30:00,47.52,3325.82,,,,
07/06/25 09:35:00,47.75,3215.47,,,,
07/06/25 09:40:00,47.67,3259.23,,,,
07/06/25 09:45:00,47.36,3384.81,,,,
07/06/25 09:50:00,47.05,3411.44,,,,
07/06/25 09:55:00,47.98,3853.81,,,,
07/06/25 10:00:00,47.90,3755.82,,,,
07/06/25 10:05:00,48.06,3812.90,,,,
07/06/25 10:10:00,48.06,3864.27,,,,
07/06/25 10:15:00,48.52,3959.41,,,,
07/06/25 10:20:00,48.91,4214.36,,,,
07/06/25 10:25:00,49.91,4406.53,,,,
07/06/25 10:30:00,50.91,4678.61,,,,
07/06/25 10:35:00,51.45,4825.11,,,,
07/06/25 10:40:00,51.84,5030.59,,,,
07/06/25 10:45:00,51.76,5003.96,,,,
07/06/25 10:50:00,51.69,5190.42,,,,
07/06/25 10:55:00,52.38,5344.53,,,,
07/06/25 11:00:00,52.61,5272.23,,,,
07/06/25 11:05:00,52.38,5201.83,,,,
07/06/25 11:10:00,51.69,4785.15,,,,
07/06/25 11:15:00,50.91,4750.91,,,,
07/06/25 11:20:00,51.22,4977.32,,,,
07/06/25 11:25:00,52.07,5403.51,,,,
07/06/25 11:30:00,51.61,5024.89,,,,
07/06/25 11:35:00,50.30,4554.93,,,,
07/06/25 11:40:00,49.14,4193.43,,,,
07/06/25 11:45:00,48.13,3934.67,,,,
07/06/25 11:50:00,47.52,3853.81,,,,
07/06/25 11:55:00,47.21,3813.85,,,,
07/06/25 12:00:00,46.51,3682.57,,,,
07/06/25 12:05:00,46.36,3768.19,,,,
07/06/25 12:10:00,46.59,3997.46,,,,
07/06/25 12:15:00,46.74,4064.05,,,,
07/06/25 12:20:00,46.51,4096.40,,,,
07/06/25 12:25:00,46.90,4305.69,,,,
07/06/25 12:30:00,47.21,4516.88,,,,
07/06/25 12:35:00,47.75,4857.45,,,,
07/06/25 12:40:00,48.83,5315.99,,,,
07/06/25 12:45:00,50.06,5721.26,,,,
07/06/25 12:50:00,51.45,6021.87,,,,
07/06/25 12:55:00,51.61,5751.70,,,,
07/06/25 13:00:00,50.91,5589.97,,,,
07/06/25 13:05:00,50.91,5639.44,,,,
07/06/25 13:10:00,51.15,5677.49,,,,
07/06/25 13:15:00,51.69,6075.15,,,,
07/06/25 13:20:00,53.08,6510.85,,,,
07/06/25 13:25:00,54.47,6891.38,,,,
07/06/25 13:30:00,55.47,6918.02,,,,
07/06/25 13:35:00,55.08,6505.14,,,,
07/06/25 13:40:00,54.39,6505.14,,,,
07/06/25 13:45:00,54.00,6503.24,,,,
07/06/25 13:50:00,53.93,6585.06,,,,
07/06/25 13:55:00,54.08,6488.02,,,,
07/06/25 14:00:00,54.00,6489.92,,,,
07/06/25 14:05:00,53.54,6389.08,,,,
07/06/25 14:10:00,53.39,6343.42,,,,
07/06/25 14:15:00,53.39,6394.79,,,,
07/06/25 14:20:00,53.39,6351.03,,,,
07/06/25 14:25:00,53.46,6408.11,,,,
07/06/25 14:30:00,53.69,6438.55,,,,
07/06/25 14:35:00,53.62,6351.03,,,,
07/06/25 14:40:00,53.85,6440.45,,,,
07/06/25 14:45:00,54.39,6642.14,,,,
07/06/25 14:50:00,55.62,7172.97,,,,
07/06/25 14:55:00,55.08,6645.94,,,,
07/06/25 15:00:00,53.93,6387.18,,,,
07/06/25 15:05:00,53.00,6360.54,,,,
07/06/25 15:10:00,53.39,6680.19,,,,
07/06/25 15:15:00,53.77,6594.57,,,,
07/06/25 15:20:00,53.69,6514.66,,,,
07/06/25 15:25:00,53.77,6396.69,,,,
07/06/25 15:30:00,53.93,6242.58,,,,
07/06/25 15:35:00,53.31,5869.66,,,,
07/06/25 15:40:00,52.54,5561.43,,,,
07/06/25 15:45:00,52.30,5782.14,,,,
07/06/25 15:50:00,53.54,5940.06,,,,
07/06/25 15:55:00,53.46,5667.98,,,,
07/06/25 16:00:00,53.15,5272.23,,,,
07/06/25 16:05:00,52.46,4931.66,,,,
07/06/25 16:10:00,51.38,4707.14,,,,
07/06/25 16:15:00,51.07,4817.50,,,,
07/06/25 16:20:00,50.99,4809.89,,,,
07/06/25 16:25:00,50.53,4739.49,,,,
07/06/25 16:30:00,50.76,4870.77,,,,
07/06/25 16:35:00,50.76,4790.86,,,,
07/06/25 16:40:00,50.53,4929.75,,,,
07/06/25 16:45:00,50.76,4885.99,,,,
07/06/25 16:50:00,50.61,4338.03,,,,
07/06/25 16:55:00,48.75,3823.37,,,,
07/06/25 17:00:00,47.36,3813.85,,,,
07/06/25 17:05:00,47.67,4187.72,,,,
07/06/25 17:10:00,48.60,4336.13,,,,
07/06/25 17:15:00,48.83,4518.78,,,,
07/06/25 17:20:00,49.60,5156.17,,,,
07/06/25 17:25:00,50.53,5074.36,,,,
07/06/25 17:30:00,54.31,8249.87,,,,
07/06/25 17:35:00,55.70,6335.81,,,,
07/06/25 17:40:00,53.62,5498.65,,,,
07/06/25 17:45:00,55.70,8071.02,,,,
07/06/25 17:50:00,58.79,8847.30,,,,
07/06/25 17:55:00,56.09,6482.31,,,,
07/06/25 18:00:00,52.38,4691.92,,,,
07/06/25 18:05:00,55.01,7422.22,,,,
07/06/25 18:10:00,50.30,3711.11,,,,
07/06/25 18:15:00,49.14,4182.01,,,,
07/06/25 18:20:00,49.22,4558.74,,,,
07/06/25 18:25:00,50.61,4670.99,,,,
07/06/25 18:30:00,48.98,3852.86,,,,
07/06/25 18:35:00,48.67,3787.22,,,,
07/06/25 18:40:00,47.98,3460.91,,,,
07/06/25 18:45:00,46.90,3131.75,,,,
07/06/25 18:50:00,45.97,3106.07,,,,
07/06/25 18:55:00,45.97,3072.77,,,,
07/06/25 19:00:00,45.51,3097.51,,,,
07/06/25 19:05:00,44.97,2871.09,,,,
07/06/25 19:10:00,44.27,2619.94,,,,
07/06/25 19:15:00,44.12,2616.14,,,,
07/06/25 19:20:00,44.58,2601.87,,,,
07/06/25 19:25:00,44.27,2460.12,,,,
07/06/25 19:30:00,44.66,2399.24,,,,
07/06/25 19:35:00,44.97,2408.75,,,,
07/06/25 19:40:00,44.50,2163.31,,,,
07/06/25 19:45:00,43.89,1878.86,,,,
07/06/25 19:50:00,43.19,1918.34,,,,
07/06/25 19:55:00,43.27,1939.75,,,,
07/06/25 20:00:00,43.04,1835.58,,,,
07/06/25 20:05:00,42.65,1709.05,,,,
07/06/25 20:10:00,43.81,2582.84,,,,
07/06/25 20:15:00,44.89,2134.77,,,,
07/06/25 20:20:00,46.36,2518.15,,,,
07/06/25 20:25:00,45.05,2106.23,,,,
07/06/25 20:30:00,44.27,1769.94,,,,
07/06/25 20:35:00,43.58,1734.74,,,,
07/06/25 20:40:00,43.42,1723.32,,,,
07/06/25 20:45:00,43.81,1591.09,,,,
07/06/25 20:50:00,43.73,1910.73,,,,
07/06/25 20:55:00,42.42,1298.08,,,,
07/06/25 21:00:00,44.04,1610.11,,,,
07/06/25 21:05:00,42.73,1008.40,,,,
07/06/25 21:10:00,41.57,957.74,,,,
07/06/25 21:15:00,41.26,923.73,,,,
07/06/25 21:20:00,40.33,870.94,,,,
07/06/25 21:25:00,39.72,832.41,,,,
07/06/25 21:30:00,39.72,789.36,,,,
07/06/25 21:35:00,39.33,691.61,,,,
07/06/25 21:40:00,39.02,672.35,,,,
07/06/25 21:45:00,38.87,605.75,,,,
07/06/25 21:50:00,39.33,508.24,,,,
07/06/25 21:55:00,39.49,412.64,,,,
07/06/25 22:00:00,39.64,350.32,,,,
07/06/25 22:05:00,39.72,298.00,,,,
07/06/25 22:10:00,39.56,250.79,,,,
07/06/25 22:15:00,39.41,226.59,,,,
07/06/25 22:20:00,39.02,199.12,,,,
07/06/25 22:25:00,38.64,177.60,,,,
07/06/25 22:30:00,38.79,156.85,,,,
07/06/25 22:35:00,38.71,135.98,,,,
07/06/25 22:40:00,38.40,120.02,,,,
07/06/25 22:45:00,37.86,100.36,,,,
07/06/25 22:50:00,37.55,85.83,,,,
07/06/25 22:55:00,37.32,71.50,,,,
07/06/25 23:00:00,37.01,55.71,,,,
07/06/25 23:05:00,36.86,43.08,,,,
07/06/25 23:10:00,36.71,33.03,,,,
07/06/25 23:15:00,36.71,25.53,,,,
07/06/25 23:20:00,36.63,19.06,,,,
07/06/25 23:25:00,36.71,14.13,,,,
07/06/25 23:30:00,36.78,9.70,,,,
07/06/25 23:35:00,36.86,6.70,,,,
07/06/25 23:40:00,37.32,4.48,,,,
07/06/25 23:45:00,37.79,3.19,,,,
07/06/25 23:50:00,37.63,2.26,,,,
07/06/25 23:55:00,37.79,1.61,,,,
07/07/25 00:00:00,37.71,1.17,,,,
07/07/25 00:05:00,37.71,0.82,,,,
07/07/25 00:10:00,37.79,0.60,,,,
07/07/25 00:15:00,37.63,0.44,,,,
07/07/25 00:20:00,37.63,0.32,,,,
07/07/25 00:25:00,37.48,0.22,,,,
07/07/25 00:30:00,37.40,0.16,,,,
07/07/25 00:35:00,37.48,0.10,,,,
07/07/25 00:40:00,36.94,0.06,,,,
07/07/25 00:45:00,36.47,0.04,,,,
07/07/25 00:50:00,36.86,0.02,,,,
07/07/25 00:55:00,36.86,0.00,,,,
07/07/25 01:00:00,37.09,0.00,,,,
07/07/25 01:05:00,37.63,0.00,,,,
07/07/25 01:10:00,37.79,0.00,,,,
07/07/25 01:15:00,37.71,0.00,,,,
07/07/25 01:20:00,37.79,0.00,,,,
07/07/25 01:25:00,37.71,0.00,,,,
07/07/25 01:30:00,37.55,0.00,,,,
07/07/25 01:35:00,37.48,0.00,,,,
07/07/25 01:40:00,37.48,0.00,,,,
07/07/25 01:45:00,37.25,0.02,,,,
07/07/25 01:50:00,37.55,0.00,,,,
07/07/25 01:55:00,37.55,0.00,,,,
07/07/25 02:00:00,37.48,0.00,,,,
07/07/25 02:05:00,37.40,0.00,,,,
07/07/25 02:10:00,37.55,0.00,,,,
07/07/25 02:15:00,37.32,0.00,,,,
07/07/25 02:20:00,37.25,0.00,,,,
07/07/25 02:25:00,37.25,0.00,,,,
07/07/25 02:30:00,37.09,0.00,,,,
07/07/25 02:35:00,37.17,0.00,,,,
07/07/25 02:40:00,37.25,0.00,,,,
07/07/25 02:45:00,37.25,0.00,,,,
07/07/25 02:50:00,37.25,0.00,,,,
07/07/25 02:55:00,37.17,0.00,,,,
07/07/25 03:00:00,37.32,0.00,,,,
07/07/25 03:05:00,37.17,0.00,,,,
07/07/25 03:10:00,37.32,0.00,,,,
07/07/25 03:15:00,37.09,0.00,,,,
07/07/25 03:20:00,36.86,0.02,,,,
07/07/25 03:25:00,36.71,0.02,,,,
07/07/25 03:30:00,36.71,0.06,,,,
07/07/25 03:35:00,36.55,0.08,,,,
07/07/25 03:40:00,36.32,0.12,,,,
07/07/25 03:45:00,36.47,0.18,,,,
07/07/25 03:50:00,36.47,0.26,,,,
07/07/25 03:55:00,36.47,0.40,,,,
07/07/25 04:00:00,36.63,0.56,,,,
07/07/25 04:05:00,36.63,0.76,,,,
07/07/25 04:10:00,36.63,1.05,,,,
07/07/25 04:15:00,36.55,1.43,,,,
07/07/25 04:20:00,36.71,1.97,,,,
07/07/25 04:25:00,36.63,3.07,,,,
07/07/25 04:30:00,36.55,4.84,,,,
07/07/25 04:35:00,36.55,7.91,,,,
07/07/25 04:40:00,36.32,11.79,,,,
07/07/25 04:45:00,36.01,16.72,,,,
07/07/25 04:50:00,36.09,21.49,,,,
07/07/25 04:55:00,35.93,30.07,,,,
07/07/25 05:00:00,35.86,38.90,,,,
07/07/25 05:05:00,35.70,52.14,,,,
07/07/25 05:10:00,35.78,64.27,,,,
07/07/25 05:15:00,35.86,69.48,,,,
07/07/25 05:20:00,35.78,82.38,,,,
07/07/25 05:25:00,35.62,95.37,,,,
07/07/25 05:30:00,35.55,97.30,,,,
07/07/25 05:35:00,35.62,91.45,,,,
07/07/25 05:40:00,35.62,94.57,,,,
07/07/25 05:45:00,35.70,119.96,,,,
07/07/25 05:50:00,35.55,165.77,,,,
07/07/25 05:55:00,35.70,201.38,,,,
07/07/25 06:00:00,35.86,230.76,,,,
07/07/25 06:05:00,35.70,247.22,,,,
07/07/25 06:10:00,35.86,299.07,,,,
07/07/25 06:15:00,35.78,345.81,,,,
07/07/25 06:20:00,36.01,397.89,,,,
07/07/25 06:25:00,36.01,408.83,,,,
07/07/25 06:30:00,36.16,446.05,,,,
07/07/25 06:35:00,36.09,443.79,,,,
07/07/25 06:40:00,36.09,399.20,,,,
07/07/25 06:45:00,36.01,381.84,,,,
07/07/25 06:50:00,35.93,409.43,,,,
07/07/25 06:55:00,35.93,458.30,,,,
07/07/25 07:00:00,36.09,527.03,,,,
07/07/25 07:05:00,36.40,629.30,,,,
07/07/25 07:10:00,36.63,700.17,,,,
07/07/25 07:15:00,36.94,908.75,,,,
07/07/25 07:20:00,37.40,1074.99,,,,
07/07/25 07:25:00,37.86,1271.44,,,,
07/07/25 07:30:00,38.48,1375.14,,,,
07/07/25 07:35:00,38.79,1457.43,,,,
07/07/25 07:40:00,39.25,1600.60,,,,
07/07/25 07:45:00,39.72,1641.03,,,,
07/07/25 07:50:00,39.49,1514.98,,,,
07/07/25 07:55:00,39.18,1446.49,,,,
07/07/25 08:00:00,39.10,1419.85,,,,
07/07/25 08:05:00,39.25,1527.82,,,,
07/07/25 08:10:00,39.87,1866.50,,,,
07/07/25 08:15:00,40.57,2143.33,,,,
07/07/25 08:20:00,41.42,2337.40,,,,
07/07/25 08:25:00,41.88,2456.32,,,,
07/07/25 08:30:00,41.72,2538.13,,,,
07/07/25 08:35:00,41.80,2545.74,,,,
07/07/25 08:40:00,41.49,2327.89,,,,
07/07/25 08:45:00,41.26,2081.49,,,,
07/07/25 08:50:00,40.72,1769.46,,,,
07/07/25 08:55:00,40.57,1880.77,,,,
07/07/25 09:00:00,41.26,2316.47,,,,
07/07/25 09:05:00,43.11,3171.71,,,,
07/07/25 09:10:00,44.97,3531.31,,,,
07/07/25 09:15:00,44.35,2809.26,,,,
07/07/25 09:20:00,42.96,2366.89,,,,
07/07/25 09:25:00,43.04,2886.31,,,,
07/07/25 09:30:00,44.81,3528.46,,,,
07/07/25 09:35:00,45.35,3629.30,,,,
07/07/25 09:40:00,45.97,3527.50,,,,
07/07/25 09:45:00,44.81,3099.41,,,,
07/07/25 09:50:00,44.35,2998.57,,,,
07/07/25 09:55:00,43.89,2890.12,,,,
07/07/25 10:00:00,44.04,2723.64,,,,
07/07/25 10:05:00,44.81,3167.90,,,,
07/07/25 10:10:00,46.28,5898.20,,,,
07/07/25 10:15:00,48.83,5019.18,,,,
07/07/25 10:20:00,50.91,3957.50,,,,
07/07/25 10:25:00,48.83,4714.76,,,,
07/07/25 10:30:00,51.38,4996.35,,,,
07/07/25 10:35:00,52.15,5734.57,,,,
07/07/25 10:40:00,51.92,5218.96,,,,
07/07/25 10:45:00,50.61,4967.81,,,,
07/07/25 10:50:00,50.99,5806.87,,,,
07/07/25 10:55:00,56.55,7222.44,,,,
07/07/25 11:00:00,51.69,4931.66,,,,
07/07/25 11:05:00,54.47,7338.50,,,,
07/07/25 11:10:00,56.86,7738.06,,,,
07/07/25 11:15:00,55.62,6394.79,,,,
07/07/25 11:20:00,57.86,5561.43,,,,
07/07/25 11:25:00,60.88,8839.69,,,,
07/07/25 11:30:00,56.17,6368.15,,,,
07/07/25 11:35:00,60.49,10289.51,,,,
07/07/25 11:40:00,60.26,7568.72,,,,
07/07/25 11:45:00,59.72,8025.36,,,,
07/07/25 11:50:00,62.57,9722.52,,,,
07/07/25 11:55:00,61.57,6760.10,,,,
07/07/25 12:00:00,61.34,7437.44,,,,
07/07/25 12:05:00,59.95,5454.88,,,,
07/07/25 12:10:00,60.88,5523.38,,,,
07/07/25 12:15:00,57.48,6725.85,,,,
07/07/25 12:20:00,58.95,6775.32,,,,
07/07/25 12:25:00,59.02,6132.23,,,,
07/07/25 12:30:00,55.01,5894.40,,,,
07/07/25 12:35:00,56.24,6507.05,,,,
07/07/25 12:40:00,56.86,8972.88,,,,
07/07/25 12:45:00,56.94,6784.83,,,,
07/07/25 12:50:00,56.09,5656.57,,,,
07/07/25 12:55:00,55.93,5133.34,,,,
07/07/25 13:00:00,53.00,5287.45,,,,
07/07/25 13:05:00,55.78,7247.18,,,,
07/07/25 13:10:00,55.08,6771.52,,,,
07/07/25 13:15:00,58.25,7348.02,,,,
07/07/25 13:20:00,54.00,5970.50,,,,
07/07/25 13:25:00,56.32,7338.50,,,,
07/07/25 13:30:00,57.01,7113.99,,,,
07/07/25 13:35:00,54.62,6210.23,,,,
07/07/25 13:40:00,53.54,6153.16,,,,
07/07/25 13:45:00,56.01,7690.49,,,,
07/07/25 13:50:00,59.87,8352.61,,,,
07/07/25 13:55:00,65.35,10163.93,,,,
07/07/25 14:00:00,61.88,9185.97,,,,
07/07/25 14:05:00,63.11,9064.20,,,,
07/07/25 14:10:00,64.27,9246.86,,,,
07/07/25 14:15:00,65.89,9684.47,,,,
07/07/25 14:20:00,65.74,9783.40,,,,
07/07/25 14:25:00,63.27,6476.61,,,,
07/07/25 14:30:00,63.66,8660.84,,,,
07/07/25 14:35:00,64.58,8828.28,,,,
07/07/25 14:40:00,62.19,7545.89,,,,
07/07/25 14:45:00,63.42,8489.60,,,,
07/07/25 14:50:00,63.89,8497.21,,,,
07/07/25 14:55:00,64.50,7635.32,,,,
07/07/25 15:00:00,66.67,9087.03,,,,
07/07/25 15:05:00,66.67,8782.61,,,,
07/07/25 15:10:00,66.67,9144.11,,,,
07/07/25 15:15:00,68.21,9174.56,,,,
07/07/25 15:20:00,67.44,8946.24,,,,
07/07/25 15:25:00,67.05,8622.79,,,,
07/07/25 15:30:00,67.83,8885.35,,,,
07/07/25 15:35:00,66.59,8775.00,,,,
07/07/25 15:40:00,66.98,8424.91,,,,
07/07/25 15:45:00,65.05,8295.53,,,,
07/07/25 15:50:00,64.35,8246.07,,,,
07/07/25 15:55:00,63.50,7363.24,,,,
07/07/25 16:00:00,61.03,6737.27,,,,
07/07/25 16:05:00,61.96,6316.78,,,,
07/07/25 16:10:00,59.25,6933.24,,,,
07/07/25 16:15:00,60.18,8074.83,,,,
07/07/25 16:20:00,62.27,8481.99,,,,
07/07/25 16:25:00,61.34,8078.63,,,,
07/07/25 16:30:00,61.72,7975.89,,,,
07/07/25 16:35:00,60.03,7134.92,,,,
07/07/25 16:40:00,61.96,8440.14,,,,
07/07/25 16:45:00,61.34,7239.57,,,,
07/07/25 16:50:00,61.88,7119.70,,,,
07/07/25 16:55:00,56.86,5991.43,,,,
07/07/25 17:00:00,59.79,8052.00,,,,
07/07/25 17:05:00,55.93,4695.73,,,,
07/07/25 17:10:00,53.31,5081.97,,,,
07/07/25 17:15:00,55.78,7532.57,,,,
07/07/25 17:20:00,62.03,8097.66,,,,
07/07/25 17:25:00,63.81,8352.61,,,,
07/07/25 17:30:00,58.56,4769.93,,,,
07/07/25 17:35:00,56.09,5340.73,,,,
07/07/25 17:40:00,60.03,7591.56,,,,
07/07/25 17:45:00,58.17,6895.19,,,,
07/07/25 17:50:00,53.00,5441.57,,,,
07/07/25 17:55:00,52.61,5002.06,,,,
07/07/25 18:00:00,52.61,5477.72,,,,
07/07/25 18:05:00,56.78,6499.44,,,,
07/07/25 18:10:00,57.09,6293.95,,,,
07/07/25 18:15:00,56.55,5824.00,,,,
07/07/25 18:20:00,58.10,6111.30,,,,
07/07/25 18:25:00,57.63,5818.29,,,,
07/07/25 18:30:00,56.86,5378.78,,,,
07/07/25 18:35:00,57.01,5884.88,,,,
07/07/25 18:40:00,56.55,5620.41,,,,
07/07/25 18:45:00,58.33,6566.03,,,,
07/07/25 18:50:00,55.70,4482.63,,,,
07/07/25 18:55:00,55.32,5774.53,,,,
07/07/25 19:00:00,55.47,5700.33,,,,
07/07/25 19:05:00,53.54,4315.20,,,,
07/07/25 19:10:00,54.47,5177.10,,,,
07/07/25 19:15:00,55.32,4809.89,,,,
07/07/25 19:20:00,51.61,3759.63,,,,
07/07/25 19:25:00,50.84,4349.45,,,,
07/07/25 19:30:00,49.99,3502.77,,,,
07/07/25 19:35:00,47.13,2801.65,,,,
07/07/25 19:40:00,45.66,2658.95,,,,
07/07/25 19:45:00,44.81,2417.31,,,,
07/07/25 19:50:00,45.05,2663.70,,,,
07/07/25 19:55:00,44.50,2458.22,,,,
07/07/25 20:00:00,45.20,2753.13,,,,
07/07/25 20:05:00,44.20,2175.68,,,,
07/07/25 20:10:00,42.65,1657.20,,,,
07/07/25 20:15:00,42.81,1831.30,,,,
07/07/25 20:20:00,44.35,2351.67,,,,
07/07/25 20:25:00,42.73,1725.70,,,,
07/07/25 20:30:00,41.49,1614.87,,,,
07/07/25 20:35:00,41.26,1531.15,,,,
07/07/25 20:40:00,40.33,1376.56,,,,
07/07/25 20:45:00,41.42,1375.14,,,,
07/07/25 20:50:00,40.80,1266.69,,,,
07/07/25 20:55:00,40.10,1042.17,,,,
07/07/25 21:00:00,39.10,928.02,,,,
07/07/25 21:05:00,38.56,986.52,,,,
07/07/25 21:10:00,38.94,1096.88,,,,
07/07/25 21:15:00,40.10,1503.57,,,,
07/07/25 21:20:00,41.72,1552.56,,,,
07/07/25 21:25:00,42.96,1208.66,,,,
07/07/25 21:30:00,41.18,837.64,,,,
07/07/25 21:35:00,39.95,698.03,,,,
07/07/25 21:40:00,39.02,605.75,,,,
07/07/25 21:45:00,38.94,456.99,,,,
07/07/25 21:50:00,38.48,391.83,,,,
07/07/25 21:55:00,37.63,393.73,,,,
07/07/25 22:00:00,37.17,386.00,,,,
07/07/25 22:05:00,37.48,341.05,,,,
07/07/25 22:10:00,36.94,293.36,,,,
07/07/25 22:15:00,36.71,267.68,,,,
07/07/25 22:20:00,36.32,254.00,,,,
07/07/25 22:25:00,35.78,250.67,,,,
07/07/25 22:30:00,36.09,226.89,,,,
07/07/25 22:35:00,36.09,184.97,,,,
07/07/25 22:40:00,36.01,149.48,,,,
07/07/25 22:45:00,36.01,130.69,,,,
07/07/25 22:50:00,36.47,104.29,,,,
07/07/25 22:55:00,36.40,78.54,,,,
07/07/25 23:00:00,36.40,56.32,,,,
07/07/25 23:05:00,36.24,41.50,,,,
07/07/25 23:10:00,37.01,31.13,,,,
07/07/25 23:15:00,37.48,21.20,,,,
07/07/25 23:20:00,37.01,12.76,,,,
07/07/25 23:25:00,37.09,8.48,,,,
07/07/25 23:30:00,37.48,6.06,,,,
07/07/25 23:35:00,37.17,4.11,,,,
07/07/25 23:40:00,36.71,2.74,,,,
07/07/25 23:45:00,36.09,1.85,,,,
07/07/25 23:50:00,36.09,1.37,,,,
07/07/25 23:55:00,35.78,0.86,,,,
07/08/25 00:00:00,35.55,0.54,,,,
07/08/25 00:05:00,35.78,0.36,,,,
07/08/25 00:10:00,36.55,0.26,,,,
07/08/25 00:15:00,36.47,0.20,,,,
07/08/25 00:20:00,36.86,0.16,,,,
07/08/25 00:25:00,37.01,0.14,,,,
07/08/25 00:30:00,36.40,0.12,,,,
07/08/25 00:35:00,36.16,0.08,,,,
07/08/25 00:40:00,35.62,0.06,,,,
07/08/25 00:45:00,35.70,0.04,,,,
07/08/25 00:50:00,35.47,0.02,,,,
07/08/25 00:55:00,35.32,0.02,,,,
07/08/25 01:00:00,35.16,0.00,,,,
07/08/25 01:05:00,35.08,0.00,,,,
07/08/25 01:10:00,35.08,0.00,,,,
07/08/25 01:15:00,34.70,0.00,,,,
07/08/25 01:20:00,35.24,0.00,,,,
07/08/25 01:25:00,35.08,0.00,,,,
07/08/25 01:30:00,35.01,0.00,,,,
07/08/25 01:35:00,34.93,0.00,,,,
07/08/25 01:40:00,35.01,0.00,,,,
07/08/25 01:45:00,34.70,0.00,,,,
07/08/25 01:50:00,35.08,0.00,,,,
07/08/25 01:55:00,35.47,0.00,,,,
07/08/25 02:00:00,35.86,0.00,,,,
07/08/25 02:05:00,35.78,0.00,,,,
07/08/25 02:10:00,35.93,0.00,,,,
07/08/25 02:15:00,35.70,0.00,,,,
07/08/25 02:20:00,35.08,0.00,,,,
07/08/25 02:25:00,35.24,0.00,,,,
07/08/25 02:30:00,35.47,0.00,,,,
07/08/25 02:35:00,36.16,0.00,,,,
07/08/25 02:40:00,36.24,0.00,,,,
07/08/25 02:45:00,35.93,0.00,,,,
07/08/25 02:50:00,35.86,0.00,,,,
07/08/25 02:55:00,36.32,0.00,,,,
07/08/25 03:00:00,36.94,0.04,,,,
07/08/25 03:05:00,36.71,0.00,,,,
07/08/25 03:10:00,35.86,0.00,,,,
07/08/25 03:15:00,35.32,0.06,,,,
07/08/25 03:20:00,35.62,0.02,,,,
07/08/25 03:25:00,35.32,0.02,,,,
07/08/25 03:30:00,35.16,0.04,,,,
07/08/25 03:35:00,35.16,0.06,,,,
07/08/25 03:40:00,35.39,0.08,,,,
07/08/25 03:45:00,35.24,0.14,,,,
07/08/25 03:50:00,35.01,0.22,,,,
07/08/25 03:55:00,35.01,0.30,,,,
07/08/25 04:00:00,35.16,0.36,,,,
07/08/25 04:05:00,35.55,0.64,,,,
07/08/25 04:10:00,35.47,0.97,,,,
07/08/25 04:15:00,35.39,1.11,,,,
07/08/25 04:20:00,35.47,1.69,,,,
07/08/25 04:25:00,35.32,3.19,,,,
07/08/25 04:30:00,34.93,4.11,,,,
07/08/25 04:35:00,35.16,5.13,,,,
07/08/25 04:40:00,35.47,7.02,,,,
07/08/25 04:45:00,35.16,8.72,,,,
07/08/25 04:50:00,35.32,13.41,,,,
07/08/25 04:55:00,35.32,21.23,,,,
07/08/25 05:00:00,35.32,26.90,,,,
07/08/25 05:05:00,35.08,30.84,,,,
07/08/25 05:10:00,35.08,37.61,,,,
07/08/25 05:15:00,35.24,50.46,,,,
07/08/25 05:20:00,35.32,61.78,,,,
07/08/25 05:25:00,35.16,74.95,,,,
07/08/25 05:30:00,35.32,87.02,,,,
07/08/25 05:35:00,35.78,100.93,,,,
07/08/25 05:40:00,36.09,108.21,,,,
07/08/25 05:45:00,36.01,111.28,,,,
07/08/25 05:50:00,35.70,109.19,,,,
07/08/25 05:55:00,35.78,119.87,,,,
07/08/25 06:00:00,36.01,141.45,,,,
07/08/25 06:05:00,36.01,154.29,,,,
07/08/25 06:10:00,35.70,161.19,,,,
07/08/25 06:15:00,35.16,155.90,,,,
07/08/25 06:20:00,35.01,159.70,,,,
07/08/25 06:25:00,35.01,167.31,,,,
07/08/25 06:30:00,35.01,175.34,,,,
07/08/25 06:35:00,35.01,201.03,,,,
07/08/25 06:40:00,35.01,213.87,,,,
07/08/25 06:45:00,35.24,252.22,,,,
07/08/25 06:50:00,35.24,312.51,,,,
07/08/25 06:55:00,35.24,368.40,,,,
07/08/25 07:00:00,35.24,399.56,,,,
07/08/25 07:05:00,35.08,393.73,,,,
07/08/25 07:10:00,35.08,425.84,,,,
07/08/25 07:15:00,35.24,480.77,,,,
07/08/25 07:20:00,35.55,537.97,,,,
07/08/25 07:25:00,35.78,612.18,,,,
07/08/25 07:30:00,35.93,692.33,,,,
07/08/25 07:35:00,35.78,696.13,,,,
07/08/25 07:40:00,35.78,696.13,,,,
07/08/25 07:45:00,36.09,742.51,,,,
07/08/25 07:50:00,36.09,819.56,,,,
07/08/25 07:55:00,36.16,863.33,,,,
07/08/25 08:00:00,36.16,873.55,,,,
07/08/25 08:05:00,36.24,921.59,,,,
07/08/25 08:10:00,36.24,981.29,,,,
07/08/25 08:15:00,36.55,1042.17,,,,
07/08/25 08:20:00,36.71,1133.98,,,,
07/08/25 08:25:00,36.94,1224.83,,,,
07/08/25 08:30:00,37.09,1221.50,,,,
07/08/25 08:35:00,37.17,1245.28,,,,
07/08/25 08:40:00,37.55,1361.82,,,,
07/08/25 08:45:00,38.02,1516.88,,,,
07/08/25 08:50:00,38.48,1639.13,,,,
07/08/25 08:55:00,38.71,1700.97,,,,
07/08/25 09:00:00,39.25,1815.12,,,,
07/08/25 09:05:00,39.72,1887.90,,,,
07/08/25 09:10:00,40.10,2034.88,,,,
07/08/25 09:15:00,40.33,2139.52,,,,
07/08/25 09:20:00,40.26,2169.97,,,,
07/08/25 09:25:00,40.18,2167.11,,,,
07/08/25 09:30:00,39.95,2064.37,,,,
07/08/25 09:35:00,39.64,2011.10,,,,
07/08/25 09:40:00,39.41,1994.92,,,,
07/08/25 09:45:00,39.41,1995.88,,,,
07/08/25 09:50:00,39.25,1994.92,,,,
07/08/25 09:55:00,39.02,1905.50,,,,
07/08/25 10:00:00,39.10,1937.37,,,,
07/08/25 10:05:00,39.25,2080.54,,,,
07/08/25 10:10:00,39.95,2325.03,,,,
07/08/25 10:15:00,40.72,2687.49,,,,
07/08/25 10:20:00,41.72,2964.32,,,,
07/08/25 10:25:00,42.19,3101.31,,,,
07/08/25 10:30:00,42.42,3101.31,,,,
07/08/25 10:35:00,42.42,3088.94,,,,
07/08/25 10:40:00,42.42,3087.99,,,,
07/08/25 10:45:00,42.34,2988.10,,,,
07/08/25 10:50:00,42.11,2933.88,,,,
07/08/25 10:55:00,42.11,2989.06,,,,
07/08/25 11:00:00,42.27,3180.27,,,,
07/08/25 11:05:00,42.57,3342.00,,,,
07/08/25 11:10:00,42.96,3479.94,,,,
07/08/25 11:15:00,42.88,3483.74,,,,
07/08/25 11:20:00,42.65,3455.20,,,,
07/08/25 11:25:00,42.34,3458.06,,,,
07/08/25 11:30:00,42.27,3563.66,,,,
07/08/25 11:35:00,42.50,3671.15,,,,
07/08/25 11:40:00,43.04,3928.96,,,,
07/08/25 11:45:00,43.81,4172.50,,,,
07/08/25 11:50:00,44.50,4395.11,,,,
07/08/25 11:55:00,44.89,4488.34,,,,
07/08/25 12:00:00,45.43,4674.80,,,,
07/08/25 12:05:00,45.51,4549.23,,,,
07/08/25 12:10:00,45.05,4317.10,,,,
07/08/25 12:15:00,44.66,4153.48,,,,
07/08/25 12:20:00,44.43,4065.95,,,,
07/08/25 12:25:00,44.12,3938.48,,,,
07/08/25 12:30:00,44.04,3807.19,,,,
07/08/25 12:35:00,43.66,3557.95,,,,
07/08/25 12:40:00,42.96,3417.15,,,,
07/08/25 12:45:00,42.65,3318.21,,,,
07/08/25 12:50:00,42.88,3383.86,,,,
07/08/25 12:55:00,43.19,3599.81,,,,
07/08/25 13:00:00,43.27,3577.92,,,,
07/08/25 13:05:00,43.35,3568.41,,,,
07/08/25 13:10:00,43.27,3527.50,,,,
07/08/25 13:15:00,43.19,3662.59,,,,
07/08/25 13:20:00,42.81,3585.54,,,,
07/08/25 13:25:00,42.19,3326.78,,,,
07/08/25 13:30:00,41.72,3162.20,,,,
07/08/25 13:35:00,41.11,3213.57,,,,
07/08/25 13:40:00,40.80,3372.44,,,,
07/08/25 13:45:00,41.26,3805.29,,,,
07/08/25 13:50:00,41.88,3961.31,,,,
07/08/25 13:55:00,42.34,4027.90,,,,
07/08/25 14:00:00,42.65,4180.11,,,,
07/08/25 14:05:00,42.88,4216.26,,,,
07/08/25 14:10:00,42.42,3961.31,,,,
07/08/25 14:15:00,42.19,3736.80,,,,
07/08/25 14:20:00,41.65,3667.35,,,,
07/08/25 14:25:00,41.57,3666.40,,,,
07/08/25 14:30:00,41.49,3621.69,,,,
07/08/25 14:35:00,41.57,3508.48,,,,
07/08/25 14:40:00,41.03,3328.68,,,,
07/08/25 14:45:00,41.03,3330.58,,,,
07/08/25 14:50:00,41.65,3389.56,,,,
07/08/25 14:55:00,41.80,3400.03,,,,
07/08/25 15:00:00,41.96,3523.70,,,,
07/08/25 15:05:00,42.27,3568.41,,,,
07/08/25 15:10:00,42.42,3583.63,,,,
07/08/25 15:15:00,42.03,3541.77,,,,
07/08/25 15:20:00,42.42,3392.42,,,,
07/08/25 15:25:00,42.57,3109.87,,,,
07/08/25 15:30:00,42.50,3029.96,,,,
07/08/25 15:35:00,42.34,3146.02,,,,
07/08/25 15:40:00,43.27,3249.72,,,,
07/08/25 15:45:00,43.89,3344.85,,,,
07/08/25 15:50:00,44.27,3368.63,,,,
07/08/25 15:55:00,44.20,3145.07,,,,
07/08/25 16:00:00,43.66,3051.84,,,,
07/08/25 16:05:00,43.73,3088.94,,,,
07/08/25 16:10:00,43.66,2853.97,,,,
07/08/25 16:15:00,43.19,2566.67,,,,
07/08/25 16:20:00,42.57,2335.50,,,,
07/08/25 16:25:00,42.11,2361.18,,,,
07/08/25 16:30:00,42.42,2442.05,,,,
07/08/25 16:35:00,42.50,2453.46,,,,
07/08/25 16:40:00,42.50,2270.81,,,,
07/08/25 16:45:00,42.19,2073.88,,,,
07/08/25 16:50:00,41.65,1991.12,,,,
07/08/25 16:55:00,41.03,1857.46,,,,
07/08/25 17:00:00,40.72,1860.79,,,,
07/08/25 17:05:00,40.18,1806.09,,,,
07/08/25 17:10:00,40.26,1872.20,,,,
07/08/25 17:15:00,40.10,1768.98,,,,
07/08/25 17:20:00,39.95,1828.44,,,,
07/08/25 17:25:00,40.10,1935.47,,,,
07/08/25 17:30:00,40.33,2139.52,,,,
07/08/25 17:35:00,40.88,2133.82,,,,
07/08/25 17:40:00,40.88,1962.58,,,,
07/08/25 17:45:00,41.03,1871.73,,,,
07/08/25 17:50:00,40.64,1917.87,,,,
07/08/25 17:55:00,41.03,2066.27,,,,
07/08/25 18:00:00,41.11,2001.58,,,,
07/08/25 18:05:00,41.18,1923.10,,,,
07/08/25 18:10:00,41.34,1952.11,,,,
07/08/25 18:15:00,41.11,1831.77,,,,
07/08/25 18:20:00,40.88,1694.78,,,,
07/08/25 18:25:00,41.11,1727.13,,,,
07/08/25 18:30:00,41.03,1664.81,,,,
07/08/25 18:35:00,41.03,1833.20,,,,
07/08/25 18:40:00,42.11,2210.87,,,,
07/08/25 18:45:00,42.73,2392.58,,,,
07/08/25 18:50:00,43.19,2392.58,,,,
07/08/25 18:55:00,43.42,2267.95,,,,
07/08/25 19:00:00,43.19,2137.62,,,,
07/08/25 19:05:00,43.04,2122.40,,,,
07/08/25 19:10:00,43.50,2197.56,,,,
07/08/25 19:15:00,43.81,2304.10,,,,
07/08/25 19:20:00,44.89,2383.06,,,,
07/08/25 19:25:00,44.89,2505.78,,,,
07/08/25 19:30:00,45.66,2624.70,,,,
07/08/25 19:35:00,46.13,2525.76,,,,
07/08/25 19:40:00,46.36,2625.65,,,,
07/08/25 19:45:00,45.97,2215.63,,,,
07/08/25 19:50:00,43.81,1653.87,,,,
07/08/25 19:55:00,42.81,1425.08,,,,
07/08/25 20:00:00,42.88,1433.64,,,,
07/08/25 20:05:00,42.73,1464.56,,,,
07/08/25 20:10:00,42.50,1545.90,,,,
07/08/25 20:15:00,43.04,1690.50,,,,
07/08/25 20:20:00,43.42,1700.97,,,,
07/08/25 20:25:00,43.35,1547.80,,,,
07/08/25 20:30:00,42.81,1308.07,,,,
07/08/25 20:35:00,42.19,1127.79,,,,
07/08/25 20:40:00,41.49,977.01,,,,
07/08/25 20:45:00,41.49,937.77,,,,
07/08/25 20:50:00,41.26,954.41,,,,
07/08/25 20:55:00,40.95,884.49,,,,
07/08/25 21:00:00,41.03,873.55,,,,
07/08/25 21:05:00,40.80,843.35,,,,
07/08/25 21:10:00,40.72,827.89,,,,
07/08/25 21:15:00,40.41,784.84,,,,
07/08/25 21:20:00,40.41,741.08,,,,
07/08/25 21:25:00,40.49,626.21,,,,
07/08/25 21:30:00,40.26,498.26,,,,
07/08/25 21:35:00,39.95,395.27,,,,
07/08/25 21:40:00,40.10,348.07,,,,
07/08/25 21:45:00,40.18,363.88,,,,
07/08/25 21:50:00,40.88,454.73,,,,
07/08/25 21:55:00,40.57,365.19,,,,
07/08/25 22:00:00,40.10,345.81,,,,
07/08/25 22:05:00,40.03,325.35,,,,
07/08/25 22:10:00,40.95,332.01,,,,
07/08/25 22:15:00,40.26,281.83,,,,
07/08/25 22:20:00,40.26,243.78,,,,
07/08/25 22:25:00,40.03,209.53,,,,
07/08/25 22:30:00,39.56,184.20,,,,
07/08/25 22:35:00,39.64,154.29,,,,
07/08/25 22:40:00,39.64,134.31,,,,
07/08/25 22:45:00,39.64,107.74,,,,
07/08/25 22:50:00,39.49,87.67,,,,
07/08/25 22:55:00,39.25,69.36,,,,
07/08/25 23:00:00,39.02,53.56,,,,
07/08/25 23:05:00,39.10,42.23,,,,
07/08/25 23:10:00,39.25,32.15,,,,
07/08/25 23:15:00,39.33,24.97,,,,
07/08/25 23:20:00,39.25,18.34,,,,
07/08/25 23:25:00,38.87,13.01,,,,
07/08/25 23:30:00,38.40,8.88,,,,
07/08/25 23:35:00,38.25,5.94,,,,
07/08/25 23:40:00,38.25,3.99,,,,
07/08/25 23:45:00,38.17,2.79,,,,
07/08/25 23:50:00,38.48,1.96,,,,
07/08/25 23:55:00,38.25,1.43,,,,
07/09/25 00:00:00,38.02,1.01,,,,
07/09/25 00:05:00,37.71,0.68,,,,
07/09/25 00:10:00,37.40,0.50,,,,
07/09/25 00:15:00,37.48,0.38,,,,
07/09/25 00:20:00,37.55,0.28,,,,
07/09/25 00:25:00,37.32,0.20,,,,
07/09/25 00:30:00,37.32,0.14,,,,
07/09/25 00:35:00,37.32,0.12,,,,
07/09/25 00:40:00,37.86,0.10,,,,
07/09/25 00:45:00,37.86,0.10,,,,
07/09/25 00:50:00,38.25,0.14,,,,
07/09/25 00:55:00,38.25,0.08,,,,
07/09/25 01:00:00,38.33,0.08,,,,
07/09/25 01:05:00,37.94,0.12,,,,
07/09/25 01:10:00,37.32,0.06,,,,
07/09/25 01:15:00,37.71,0.06,,,,
07/09/25 01:20:00,37.17,0.06,,,,
07/09/25 01:25:00,37.48,0.04,,,,
07/09/25 01:30:00,37.32,0.02,,,,
07/09/25 01:35:00,37.40,0.02,,,,
07/09/25 01:40:00,37.55,0.02,,,,
07/09/25 01:45:00,37.71,0.04,,,,
07/09/25 01:50:00,37.48,0.00,,,,
07/09/25 01:55:00,37.79,0.00,,,,
07/09/25 02:00:00,37.63,0.00,,,,
07/09/25 02:05:00,38.64,0.00,,,,
07/09/25 02:10:00,37.71,0.00,,,,
07/09/25 02:15:00,37.94,0.00,,,,
07/09/25 02:20:00,38.40,0.00,,,,
07/09/25 02:25:00,38.10,0.02,,,,
07/09/25 02:30:00,38.10,0.04,,,,
07/09/25 02:35:00,38.94,0.02,,,,
07/09/25 02:40:00,38.48,0.02,,,,
07/09/25 02:45:00,38.79,0.04,,,,
07/09/25 02:50:00,38.64,0.04,,,,
07/09/25 02:55:00,38.48,0.06,,,,
07/09/25 03:00:00,38.94,0.08,,,,
07/09/25 03:05:00,38.25,0.08,,,,
07/09/25 03:10:00,38.10,0.10,,,,
07/09/25 03:15:00,37.79,0.12,,,,
07/09/25 03:20:00,37.63,0.16,,,,
07/09/25 03:25:00,37.71,0.20,,,,
07/09/25 03:30:00,38.10,0.26,,,,
07/09/25 03:35:00,38.25,0.32,,,,
07/09/25 03:40:00,38.02,0.42,,,,
07/09/25 03:45:00,37.71,0.52,,,,
07/09/25 03:50:00,37.86,0.66,,,,
07/09/25 03:55:00,37.79,0.89,,,,
07/09/25 04:00:00,37.71,1.19,,,,
07/09/25 04:05:00,37.55,1.63,,,,
07/09/25 04:10:00,37.63,2.30,,,,
07/09/25 04:15:00,37.48,3.31,,,,
07/09/25 04:20:00,37.55,4.68,,,,
07/09/25 04:25:00,37.48,6.58,,,,
07/09/25 04:30:00,37.79,9.36,,,,
07/09/25 04:35:00,37.63,12.92,,,,
07/09/25 04:40:00,37.63,16.88,,,,
07/09/25 04:45:00,37.17,21.98,,,,
07/09/25 04:50:00,37.32,28.93,,,,
07/09/25 04:55:00,37.17,40.30,,,,
07/09/25 05:00:00,37.32,56.53,,,,
07/09/25 05:05:00,38.02,76.76,,,,
07/09/25 05:10:00,37.94,98.11,,,,
07/09/25 05:15:00,38.10,120.85,,,,
07/09/25 05:20:00,38.33,143.00,,,,
07/09/25 05:25:00,38.48,158.40,,,,
07/09/25 05:30:00,38.33,193.48,,,,
07/09/25 05:35:00,38.64,242.17,,,,
07/09/25 05:40:00,38.33,261.73,,,,
07/09/25 05:45:00,38.02,271.01,,,,
07/09/25 05:50:00,37.79,288.01,,,,
07/09/25 05:55:00,37.94,302.28,,,,
07/09/25 06:00:00,38.25,323.33,,,,
07/09/25 06:05:00,38.25,359.72,,,,
07/09/25 06:10:00,38.17,410.38,,,,
07/09/25 06:15:00,38.40,462.11,,,,
07/09/25 06:20:00,38.40,452.83,,,,
07/09/25 06:25:00,38.56,467.58,,,,
07/09/25 06:30:00,38.79,518.71,,,,
07/09/25 06:35:00,39.10,570.08,,,,
07/09/25 06:40:00,39.64,605.75,,,,
07/09/25 06:45:00,39.79,617.17,,,,
07/09/25 06:50:00,39.95,646.42,,,,
07/09/25 06:55:00,39.87,676.39,,,,
07/09/25 07:00:00,39.79,716.11,,,,
07/09/25 07:05:00,40.57,774.61,,,,
07/09/25 07:10:00,40.95,848.58,,,,
07/09/25 07:15:00,41.18,966.07,,,,
07/09/25 07:20:00,41.34,1136.36,,,,
07/09/25 07:25:00,43.27,1744.25,,,,
07/09/25 07:30:00,47.13,2525.76,,,,
07/09/25 07:35:00,48.21,2556.20,,,,
07/09/25 07:40:00,46.67,2355.48,,,,
07/09/25 07:45:00,47.98,2573.33,,,,
07/09/25 07:50:00,47.21,2323.13,,,,
07/09/25 07:55:00,48.29,2445.85,,,,
07/09/25 08:00:00,46.90,2325.98,,,,
07/09/25 08:05:00,45.74,2177.58,,,,
07/09/25 08:10:00,44.89,2194.70,,,,
07/09/25 08:15:00,44.58,2210.87,,,,
07/09/25 08:20:00,44.74,2242.27,,,,
07/09/25 08:25:00,44.89,2356.43,,,,
07/09/25 08:30:00,44.97,2286.03,,,,
07/09/25 08:35:00,44.27,2011.10,,,,
07/09/25 08:40:00,43.58,2009.19,,,,
07/09/25 08:45:00,44.66,2260.34,,,,
07/09/25 08:50:00,45.43,2170.92,,,,
07/09/25 08:55:00,47.05,2337.40,,,,
07/09/25 09:00:00,46.67,2685.58,,,,
07/09/25 09:05:00,47.28,2896.78,,,,
07/09/25 09:10:00,49.14,3013.79,,,,
07/09/25 09:15:00,50.22,3189.79,,,,
07/09/25 09:20:00,48.67,3442.84,,,,
07/09/25 09:25:00,48.67,3442.84,,,,
07/09/25 09:30:00,50.37,4142.06,,,,
07/09/25 09:35:00,53.00,5477.72,,,,
07/09/25 09:40:00,52.07,3847.15,,,,
07/09/25 09:45:00,50.06,3728.23,,,,
07/09/25 09:50:00,53.85,4623.43,,,,
07/09/25 09:55:00,54.47,5603.29,,,,
07/09/25 10:00:00,59.72,5154.27,,,,
07/09/25 10:05:00,58.10,3991.75,,,,
07/09/25 10:10:00,56.24,4178.21,,,,
07/09/25 10:15:00,53.54,4290.47,,,,
07/09/25 10:20:00,51.84,4039.32,,,,
07/09/25 10:25:00,52.92,4221.97,,,,
07/09/25 10:30:00,53.46,5470.11,,,,
07/09/25 10:35:00,55.47,6547.00,,,,
07/09/25 10:40:00,57.09,6286.34,,,,
07/09/25 10:45:00,58.40,6168.38,,,,
07/09/25 10:50:00,59.87,5601.39,,,,
07/09/25 10:55:00,57.79,6330.10,,,,
07/09/25 11:00:00,60.03,6548.91,,,,
07/09/25 11:05:00,58.17,8299.34,,,,
07/09/25 11:10:00,55.86,5595.68,,,,
07/09/25 11:15:00,54.00,5544.31,,,,
07/09/25 11:20:00,53.85,5580.46,,,,
07/09/25 11:25:00,54.62,5757.41,,,,
07/09/25 11:30:00,54.85,5770.72,,,,
07/09/25 11:35:00,54.54,5785.94,,,,
07/09/25 11:40:00,54.54,5924.84,,,,
07/09/25 11:45:00,55.62,6330.10,,,,
07/09/25 11:50:00,56.32,6491.83,,,,
07/09/25 11:55:00,57.25,6975.10,,,,
07/09/25 12:00:00,58.79,8470.58,,,,
07/09/25 12:05:00,59.02,7306.16,,,,
07/09/25 12:10:00,59.41,7115.89,,,,
07/09/25 12:15:00,59.79,8021.55,,,,
07/09/25 12:20:00,58.17,6438.55,,,,
07/09/25 12:25:00,59.18,6371.96,,,,
07/09/25 12:30:00,59.72,6137.93,,,,
07/09/25 12:35:00,59.18,6375.77,,,,
07/09/25 12:40:00,57.94,6392.89,,,,
07/09/25 12:45:00,58.56,7144.43,,,,
07/09/25 12:50:00,63.58,6843.82,,,,
07/09/25 12:55:00,63.42,5903.91,,,,
07/09/25 13:00:00,64.66,6330.10,,,,
07/09/25 13:05:00,69.60,10415.08,,,,
07/09/25 13:10:00,65.43,5631.83,,,,
07/09/25 13:15:00,62.73,9421.90,,,,
07/09/25 13:20:00,66.28,8242.26,,,,
07/09/25 13:25:00,69.06,9106.06,,,,
07/09/25 13:30:00,77.48,11895.34,,,,
07/09/25 13:35:00,72.46,7414.61,,,,
07/09/25 13:40:00,65.05,7178.68,,,,
07/09/25 13:45:00,62.73,7473.59,,,,
07/09/25 13:50:00,68.37,9688.27,,,,
07/09/25 13:55:00,79.56,12614.54,,,,
07/09/25 14:00:00,75.93,8908.19,,,,
07/09/25 14:05:00,72.46,8356.42,,,,
07/09/25 14:10:00,72.77,8489.60,,,,
07/09/25 14:15:00,73.46,8177.57,,,,
07/09/25 14:20:00,62.73,6918.02,,,,
07/09/25 14:25:00,59.79,6695.41,,,,
07/09/25 14:30:00,58.87,6687.80,,,,
07/09/25 14:35:00,62.11,7155.85,,,,
07/09/25 14:40:00,61.88,7165.36,,,,
07/09/25 14:45:00,60.34,6689.70,,,,
07/09/25 14:50:00,59.41,6957.97,,,,
07/09/25 14:55:00,62.19,6651.65,,,,
07/09/25 15:00:00,61.03,6254.00,,,,
07/09/25 15:05:00,58.64,5249.40,,,,
07/09/25 15:10:00,56.40,5683.20,,,,
07/09/25 15:15:00,61.03,9524.64,,,,
07/09/25 15:20:00,67.90,8584.74,,,,
07/09/25 15:25:00,68.98,8360.22,,,,
07/09/25 15:30:00,66.36,8006.33,,,,
07/09/25 15:35:00,64.35,7949.25,,,,
07/09/25 15:40:00,63.27,7888.37,,,,
07/09/25 15:45:00,62.65,7854.12,,,,
07/09/25 15:50:00,62.65,7772.31,,,,
07/09/25 15:55:00,62.50,7701.91,,,,
07/09/25 16:00:00,62.19,7690.49,,,,
07/09/25 16:05:00,61.80,7642.93,,,,
07/09/25 16:10:00,61.65,7583.94,,,,
07/09/25 16:15:00,61.57,7530.67,,,,
07/09/25 16:20:00,61.49,7464.08,,,,
07/09/25 16:25:00,61.49,7393.68,,,,
07/09/25 16:30:00,61.11,7355.63,,,,
07/09/25 16:35:00,60.57,7313.77,,,,
07/09/25 16:40:00,61.11,7203.42,,,,
07/09/25 16:45:00,61.18,7136.82,,,,
07/09/25 16:50:00,61.11,7091.16,,,,
07/09/25 16:55:00,60.57,7016.96,,,,
07/09/25 17:00:00,60.26,6957.97,,,,
07/09/25 17:05:00,60.10,6887.58,,,,
07/09/25 17:10:00,59.79,6798.15,,,,
07/09/25 17:15:00,59.49,6752.49,,,,
07/09/25 17:20:00,59.02,6680.19,,,,
07/09/25 17:25:00,59.25,6571.74,,,,
07/09/25 17:30:00,61.26,6489.92,,,,
07/09/25 17:35:00,64.35,6419.53,,,,
07/09/25 17:40:00,61.57,6343.42,,,,
07/09/25 17:45:00,61.72,6255.90,,,,
07/09/25 17:50:00,61.72,6195.01,,,,
07/09/25 17:55:00,60.57,6086.56,,,,
07/09/25 18:00:00,58.79,6008.55,,,,
07/09/25 18:05:00,59.72,5924.84,,,,
07/09/25 18:10:00,57.86,5803.07,,,,
07/09/25 18:15:00,58.02,5715.55,,,,
07/09/25 18:20:00,60.10,5628.03,,,,
07/09/25 18:25:00,58.87,5532.89,,,,
07/09/25 18:30:00,57.40,5443.47,,,,
07/09/25 18:35:00,57.56,5352.14,,,,
07/09/25 18:40:00,59.49,5260.81,,,,
07/09/25 18:45:00,61.03,5177.10,,,,
07/09/25 18:50:00,61.11,5085.77,,,,
07/09/25 18:55:00,60.80,4984.93,,,,
07/09/25 19:00:00,58.40,4910.73,,,,
07/09/25 19:05:00,59.10,4840.33,,,,
07/09/25 19:10:00,60.64,4764.22,,,,
07/09/25 19:15:00,60.18,4623.43,,,,
07/09/25 19:20:00,58.25,4566.35,,,,
07/09/25 19:25:00,56.55,4469.31,,,,
07/09/25 19:30:00,56.78,4358.96,,,,
07/09/25 19:35:00,56.71,4244.80,,,,
07/09/25 19:40:00,57.25,4153.48,,,,
07/09/25 19:45:00,56.32,4054.54,,,,
07/09/25 19:50:00,54.47,3949.89,,,,
07/09/25 19:55:00,54.85,3850.95,,,,
07/09/25 20:00:00,54.62,3743.46,,,,
07/09/25 20:05:00,53.31,3647.37,,,,
07/09/25 20:10:00,53.62,3536.07,,,,
07/09/25 20:15:00,55.93,3428.57,,,,
07/09/25 20:20:00,54.23,3315.36,,,,
07/09/25 20:25:00,51.92,3204.06,,,,
07/09/25 20:30:00,51.38,3106.07,,,,
07/09/25 20:35:00,51.45,3014.74,,,,
07/09/25 20:40:00,51.69,2927.22,,,,
07/09/25 20:45:00,51.22,2790.23,,,,
07/09/25 20:50:00,50.99,2639.92,,,,
07/09/25 20:55:00,50.99,2474.39,,,,
07/09/25 21:00:00,51.22,2327.89,,,,
07/09/25 21:05:00,51.07,2151.89,,,,
07/09/25 21:10:00,50.76,1972.09,,,,
07/09/25 21:15:00,49.06,1881.24,,,,
07/09/25 21:20:00,47.98,1770.89,,,,
07/09/25 21:25:00,47.21,1646.26,,,,
07/09/25 21:30:00,48.52,1531.63,,,,
07/09/25 21:35:00,47.67,1397.02,,,,
07/09/25 21:40:00,47.05,1262.88,,,,
07/09/25 21:45:00,46.44,1159.19,,,,
07/09/25 21:50:00,44.66,1037.89,,,,
07/09/25 21:55:00,43.50,918.50,,,,
07/09/25 22:00:00,43.89,826.70,,,,
07/09/25 22:05:00,42.88,721.82,,,,
07/09/25 22:10:00,41.49,502.54,,,,
07/09/25 22:15:00,39.18,403.96,,,,
07/09/25 22:20:00,38.56,322.14,,,,
07/09/25 22:25:00,36.71,281.35,,,,
07/09/25 22:30:00,36.09,241.04,,,,
07/09/25 22:35:00,35.78,204.06,,,,
07/09/25 22:40:00,35.55,170.35,,,,
07/09/25 22:45:00,34.93,140.26,,,,
07/09/25 22:50:00,35.55,114.01,,,,
07/09/25 22:55:00,36.94,91.12,,,,
07/09/25 23:00:00,36.47,72.36,,,,
07/09/25 23:05:00,36.47,56.08,,,,
07/09/25 23:10:00,36.24,42.59,,,,
07/09/25 23:15:00,35.86,31.36,,,,
07/09/25 23:20:00,35.24,22.80,,,,
07/09/25 23:25:00,34.77,15.76,,,,
07/09/25 23:30:00,35.86,11.07,,,,
07/09/25 23:35:00,36.09,7.52,,,,
07/09/25 23:40:00,35.39,5.17,,,,
07/09/25 23:45:00,35.16,3.55,,,,
07/09/25 23:50:00,35.47,2.46,,,,
07/09/25 23:55:00,35.39,1.73,,,,
07/10/25 00:00:00,35.39,1.23,,,,
07/10/25 00:05:00,35.39,0.91,,,,
07/10/25 00:10:00,36.01,0.62,,,,
07/10/25 00:15:00,35.62,0.48,,,,
07/10/25 00:20:00,35.62,0.34,,,,
07/10/25 00:25:00,35.24,0.24,,,,
07/10/25 00:30:00,35.86,0.18,,,,
07/10/25 00:35:00,35.24,0.12,,,,
07/10/25 00:40:00,35.70,0.08,,,,
07/10/25 00:45:00,36.01,0.06,,,,
07/10/25 00:50:00,35.62,0.04,,,,
07/10/25 00:55:00,35.62,0.02,,,,
07/10/25 01:00:00,36.16,0.00,,,,
07/10/25 01:05:00,36.01,0.00,,,,
07/10/25 01:10:00,35.62,0.00,,,,
07/10/25 01:15:00,35.70,0.00,,,,
07/10/25 01:20:00,35.01,0.00,,,,
07/10/25 01:25:00,33.62,0.00,,,,
07/10/25 01:30:00,33.54,0.00,,,,
07/10/25 01:35:00,34.93,0.00,,,,
07/10/25 01:40:00,35.08,0.00,,,,
07/10/25 01:45:00,35.32,0.00,,,,
07/10/25 01:50:00,34.93,0.04,,,,
07/10/25 01:55:00,34.23,0.00,,,,
07/10/25 02:00:00,34.77,0.00,,,,
07/10/25 02:05:00,34.54,0.00,,,,
07/10/25 02:10:00,34.16,0.00,,,,
07/10/25 02:15:00,35.01,0.00,,,,
07/10/25 02:20:00,34.62,0.00,,,,
07/10/25 02:25:00,33.77,0.00,,,,
07/10/25 02:30:00,33.69,0.00,,,,
07/10/25 02:35:00,34.08,0.00,,,,
07/10/25 02:40:00,33.31,0.00,,,,
07/10/25 02:45:00,34.16,0.00,,,,
07/10/25 02:50:00,34.77,0.00,,,,
07/10/25 02:55:00,34.62,0.00,,,,
07/10/25 03:00:00,34.62,0.00,,,,
07/10/25 03:05:00,34.00,0.02,,,,
07/10/25 03:10:00,33.93,0.04,,,,
07/10/25 03:15:00,33.77,0.06,,,,
07/10/25 03:20:00,34.16,0.08,,,,
07/10/25 03:25:00,34.47,0.10,,,,
07/10/25 03:30:00,35.16,0.16,,,,
07/10/25 03:35:00,35.16,0.22,,,,
07/10/25 03:40:00,35.86,0.30,,,,
07/10/25 03:45:00,34.47,0.42,,,,
07/10/25 03:50:00,34.08,0.58,,,,
07/10/25 03:55:00,34.16,0.76,,,,
07/10/25 04:00:00,34.08,1.05,,,,
07/10/25 04:05:00,34.23,1.47,,,,
07/10/25 04:10:00,33.62,2.08,,,,
07/10/25 04:15:00,32.92,2.99,,,,
07/10/25 04:20:00,34.23,4.33,,,,
07/10/25 04:25:00,35.62,6.34,,,,
07/10/25 04:30:00,35.24,8.97,,,,
07/10/25 04:35:00,34.77,12.85,,,,
07/10/25 04:40:00,34.77,18.42,,,,
07/10/25 04:45:00,35.47,25.39,,,,
07/10/25 04:50:00,34.39,35.01,,,,
07/10/25 04:55:00,35.32,47.37,,,,
07/10/25 05:00:00,35.32,62.61,,,,
07/10/25 05:05:00,35.01,80.71,,,,
07/10/25 05:10:00,35.24,108.96,,,,
07/10/25 05:15:00,36.09,144.36,,,,
07/10/25 05:20:00,36.55,182.89,,,,
07/10/25 05:25:00,36.09,228.79,,,,
07/10/25 05:30:00,36.94,280.52,,,,
07/10/25 05:35:00,38.02,339.74,,,,
07/10/25 05:40:00,36.71,368.99,,,,
07/10/25 05:45:00,36.78,421.32,,,,
07/10/25 05:50:00,37.71,483.03,,,,
07/10/25 05:55:00,37.63,585.30,,,,
07/10/25 06:00:00,38.94,801.49,,,,
07/10/25 06:05:00,40.10,958.22,,,,
07/10/25 06:10:00,40.57,1032.66,,,,
07/10/25 06:15:00,41.11,1172.98,,,,
07/10/25 06:20:00,41.65,1274.77,,,,
07/10/25 06:25:00,42.50,1329.47,,,,
07/10/25 06:30:00,41.03,1158.71,,,,
07/10/25 06:35:00,41.18,1170.13,,,,
07/10/25 06:40:00,40.88,1278.10,,,,
07/10/25 06:45:00,40.49,1207.23,,,,
07/10/25 06:50:00,40.33,1256.22,,,,
07/10/25 06:55:00,41.57,1344.22,,,,
07/10/25 07:00:00,41.42,1393.69,,,,
07/10/25 07:05:00,41.18,1488.34,,,,
07/10/25 07:10:00,41.80,1570.16,,,,
07/10/25 07:15:00,42.03,1598.22,,,,
07/10/25 07:20:00,42.34,1818.93,,,,
07/10/25 07:25:00,43.04,1877.44,,,,
07/10/25 07:30:00,43.50,2225.14,,,,
07/10/25 07:35:00,43.81,2015.85,,,,
07/10/25 07:40:00,42.88,2197.56,,,,
07/10/25 07:45:00,42.34,2125.26,,,,
07/10/25 07:50:00,43.04,2512.44,,,,
07/10/25 07:55:00,44.20,2517.20,,,,
07/10/25 08:00:00,42.50,2095.76,,,,
07/10/25 08:05:00,41.26,1876.01,,,,
07/10/25 08:10:00,41.49,2011.10,,,,
07/10/25 08:15:00,41.34,2166.16,,,,
07/10/25 08:20:00,41.88,2372.60,,,,
07/10/25 08:25:00,42.34,2465.83,,,,
07/10/25 08:30:00,42.73,2386.87,,,,
07/10/25 08:35:00,41.88,2158.55,,,,
07/10/25 08:40:00,41.42,2107.18,,,,
07/10/25 08:45:00,41.18,2159.50,,,,
07/10/25 08:50:00,41.96,2612.33,,,,
07/10/25 08:55:00,43.19,3048.04,,,,
07/10/25 09:00:00,46.36,4374.18,,,,
07/10/25 09:05:00,47.28,4010.78,,,,
07/10/25 09:10:00,46.67,3735.84,,,,
07/10/25 09:15:00,46.90,4033.61,,,,
07/10/25 09:20:00,49.06,5192.32,,,,
07/10/25 09:25:00,48.52,4425.55,,,,
07/10/25 09:30:00,48.13,4358.96,,,,
07/10/25 09:35:00,47.13,3677.81,,,,
07/10/25 09:40:00,45.89,3663.54,,,,
07/10/25 09:45:00,46.82,4425.55,,,,
07/10/25 09:50:00,50.22,5801.17,,,,
07/10/25 09:55:00,51.45,6866.65,,,,
07/10/25 10:00:00,54.31,6893.28,,,,
07/10/25 10:05:00,52.92,5363.56,,,,
07/10/25 10:10:00,52.61,6775.32,,,,
07/10/25 10:15:00,50.99,6000.94,,,,
07/10/25 10:20:00,53.08,5692.72,,,,
07/10/25 10:25:00,50.22,5236.08,,,,
07/10/25 10:30:00,50.22,5279.84,,,,
07/10/25 10:35:00,49.99,5201.83,,,,
07/10/25 10:40:00,48.91,4728.07,,,,
07/10/25 10:45:00,48.52,4905.02,,,,
07/10/25 10:50:00,49.14,5083.87,,,,
07/10/25 10:55:00,48.75,4710.95,,,,
07/10/25 11:00:00,48.37,4846.04,,,,
07/10/25 11:05:00,49.99,5875.37,,,,
07/10/25 11:10:00,49.14,4720.46,,,,
07/10/25 11:15:00,49.37,5228.47,,,,
07/10/25 11:20:00,50.99,5557.63,,,,
07/10/25 11:25:00,49.83,5184.71,,,,
07/10/25 11:30:00,49.99,5428.25,,,,
07/10/25 11:35:00,52.84,7020.76,,,,
07/10/25 11:40:00,53.00,5626.12,,,,
07/10/25 11:45:00,50.14,4887.90,,,,
07/10/25 11:50:00,48.75,4983.03,,,,
07/10/25 11:55:00,48.06,4897.41,,,,
07/10/25 12:00:00,48.83,5369.27,,,,
07/10/25 12:05:00,49.99,5610.90,,,,
07/10/25 12:10:00,49.99,5472.01,,,,
07/10/25 12:15:00,49.45,5236.08,,,,
07/10/25 12:20:00,48.91,4906.92,,,,
07/10/25 12:25:00,47.98,4669.09,,,,
07/10/25 12:30:00,47.13,4383.70,,,,
07/10/25 12:35:00,46.51,4343.74,,,,
07/10/25 12:40:00,46.44,4385.60,,,,
07/10/25 12:45:00,45.97,4090.69,,,,
07/10/25 12:50:00,45.59,4286.66,,,,
07/10/25 12:55:00,46.13,4549.23,,,,
07/10/25 13:00:00,47.36,5213.25,,,,
07/10/25 13:05:00,49.06,5477.72,,,,
07/10/25 13:10:00,50.14,5719.35,,,,
07/10/25 13:15:00,51.07,6109.39,,,,
07/10/25 13:20:00,52.00,6240.68,,,,
07/10/25 13:25:00,52.00,6096.08,,,,
07/10/25 13:30:00,52.07,6000.94,,,,
07/10/25 13:35:00,50.84,5698.42,,,,
07/10/25 13:40:00,50.37,5371.17,,,,
07/10/25 13:45:00,48.44,4564.45,,,,
07/10/25 13:50:00,45.97,3667.35,,,,
07/10/25 13:55:00,43.58,3138.41,,,,
07/10/25 14:00:00,43.19,3341.05,,,,
07/10/25 14:05:00,44.66,4164.89,,,,
07/10/25 14:10:00,45.20,4100.20,,,,
07/10/25 14:15:00,46.74,4475.02,,,,
07/10/25 14:20:00,46.28,3938.48,,,,
07/10/25 14:25:00,45.89,3925.16,,,,
07/10/25 14:30:00,47.52,5169.49,,,,
07/10/25 14:35:00,49.29,5390.19,,,,
07/10/25 14:40:00,49.52,5348.34,,,,
07/10/25 14:45:00,48.52,4575.86,,,,
07/10/25 14:50:00,46.36,4058.34,,,,
07/10/25 14:55:00,45.28,4143.96,,,,
07/10/25 15:00:00,44.12,3429.52,,,,
07/10/25 15:05:00,42.88,3067.06,,,,
07/10/25 15:10:00,42.11,2892.97,,,,
07/10/25 15:15:00,41.26,2760.74,,,,
07/10/25 15:20:00,40.95,2892.97,,,,
07/10/25 15:25:00,41.72,3184.08,,,,
07/10/25 15:30:00,42.11,3284.92,,,,
07/10/25 15:35:00,42.34,3186.93,,,,
07/10/25 15:40:00,42.34,3235.45,,,,
07/10/25 15:45:00,42.50,3293.48,,,,
07/10/25 15:50:00,42.88,3534.16,,,,
07/10/25 15:55:00,42.81,3373.39,,,,
07/10/25 16:00:00,42.57,3301.09,,,,
07/10/25 16:05:00,42.57,3324.87,,,,
07/10/25 16:10:00,42.27,3194.54,,,,
07/10/25 16:15:00,41.49,2769.30,,,,
07/10/25 16:20:00,40.64,2510.54,,,,
07/10/25 16:25:00,40.88,2870.14,,,,
07/10/25 16:30:00,41.57,3157.44,,,,
07/10/25 16:35:00,42.27,3328.68,,,,
07/10/25 16:40:00,42.96,3737.75,,,,
07/10/25 16:45:00,43.89,3955.60,,,,
07/10/25 16:50:00,44.50,3955.60,,,,
07/10/25 16:55:00,44.12,3772.95,,,,
07/10/25 17:00:00,43.73,3660.69,,,,
07/10/25 17:05:00,43.73,3600.76,,,,
07/10/25 17:10:00,43.11,3087.99,,,,
07/10/25 17:15:00,42.34,3061.36,,,,
07/10/25 17:20:00,41.80,2912.95,,,,
07/10/25 17:25:00,41.80,2981.45,,,,
07/10/25 17:30:00,41.26,2720.78,,,,
07/10/25 17:35:00,40.49,2487.71,,,,
07/10/25 17:40:00,40.26,2448.70,,,,
07/10/25 17:45:00,39.87,2339.30,,,,
07/10/25 17:50:00,39.49,2318.37,,,,
07/10/25 17:55:00,39.33,2294.59,,,,
07/10/25 18:00:00,39.25,2228.95,,,,
07/10/25 18:05:00,39.02,2237.51,,,,
07/10/25 18:10:00,39.02,2333.59,,,,
07/10/25 18:15:00,39.25,2383.06,,,,
07/10/25 18:20:00,39.49,2410.65,,,,
07/10/25 18:25:00,39.33,2167.11,,,,
07/10/25 18:30:00,39.02,1988.26,,,,
07/10/25 18:35:00,38.87,1928.33,,,,
07/10/25 18:40:00,38.79,1850.32,,,,
07/10/25 18:45:00,38.64,1765.66,,,,
07/10/25 18:50:00,38.25,1675.28,,,,
07/10/25 18:55:00,38.17,1644.84,,,,
07/10/25 19:00:00,38.17,1562.07,,,,
07/10/25 19:05:00,37.94,1486.44,,,,
07/10/25 19:10:00,37.94,1504.99,,,,
07/10/25 19:15:00,38.17,1707.62,,,,
07/10/25 19:20:00,38.40,1739.49,,,,
07/10/25 19:25:00,37.94,1413.19,,,,
07/10/25 19:30:00,37.32,1190.10,,,,
07/10/25 19:35:00,37.25,1204.37,,,,
07/10/25 19:40:00,37.25,1222.93,,,,
07/10/25 19:45:00,37.25,1218.17,,,,
07/10/25 19:50:00,37.48,1395.59,,,,
07/10/25 19:55:00,38.10,1826.54,,,,
07/10/25 20:00:00,38.56,1957.82,,,,
07/10/25 20:05:00,38.17,1549.70,,,,
07/10/25 20:10:00,37.63,1232.44,,,,
07/10/25 20:15:00,37.09,1059.77,,,,
07/10/25 20:20:00,36.86,929.44,,,,
07/10/25 20:25:00,36.71,939.67,,,,
07/10/25 20:30:00,37.32,1272.39,,,,
07/10/25 20:35:00,37.79,1398.92,,,,
07/10/25 20:40:00,37.79,1416.04,,,,
07/10/25 20:45:00,38.56,1797.05,,,,
07/10/25 20:50:00,39.02,1910.26,,,,
07/10/25 20:55:00,39.18,1675.76,,,,
07/10/25 21:00:00,38.56,1333.28,,,,
07/10/25 21:05:00,38.25,1226.26,,,,
07/10/25 21:10:00,37.86,1058.82,,,,
07/10/25 21:15:00,37.79,970.59,,,,
07/10/25 21:20:00,37.55,869.75,,,,
07/10/25 21:25:00,37.55,839.54,,,,
07/10/25 21:30:00,37.55,730.85,,,,
07/10/25 21:35:00,37.17,609.56,,,,
07/10/25 21:40:00,37.09,545.35,,,,
07/10/25 21:45:00,36.94,512.29,,,,
07/10/25 21:50:00,36.86,499.92,,,,
07/10/25 21:55:00,36.78,470.79,,,,
07/10/25 22:00:00,37.09,413.94,,,,
07/10/25 22:05:00,36.71,328.56,,,,
07/10/25 22:10:00,36.47,263.28,,,,
07/10/25 22:15:00,36.86,207.45,,,,
07/10/25 22:20:00,37.01,164.76,,,,
07/10/25 22:25:00,37.32,142.64,,,,
07/10/25 22:30:00,37.40,120.34,,,,
07/10/25 22:35:00,37.79,109.19,,,,
07/10/25 22:40:00,37.79,93.05,,,,
07/10/25 22:45:00,37.79,78.25,,,,
07/10/25 22:50:00,37.63,67.84,,,,
07/10/25 22:55:00,37.71,54.91,,,,
07/10/25 23:00:00,37.55,39.18,,,,
07/10/25 23:05:00,37.55,28.50,,,,
07/10/25 23:10:00,37.63,22.22,,,,
07/10/25 23:15:00,37.63,15.02,,,,
07/10/25 23:20:00,37.63,10.74,,,,
07/10/25 23:25:00,37.71,7.99,,,,
07/10/25 23:30:00,37.63,5.81,,,,
07/10/25 23:35:00,37.55,3.71,,,,
07/10/25 23:40:00,37.71,2.48,,,,
07/10/25 23:45:00,37.79,1.75,,,,
07/10/25 23:50:00,37.71,1.19,,,,
07/10/25 23:55:00,37.71,0.89,,,,
07/11/25 00:00:00,37.71,0.64,,,,
07/11/25 00:05:00,37.48,0.48,,,,
07/11/25 00:10:00,37.40,0.36,,,,
07/11/25 00:15:00,37.48,0.24,,,,
07/11/25 00:20:00,37.55,0.16,,,,
07/11/25 00:25:00,37.94,0.10,,,,
07/11/25 00:30:00,38.25,0.08,,,,
07/11/25 00:35:00,38.17,0.04,,,,
07/11/25 00:40:00,38.40,0.04,,,,
07/11/25 00:45:00,37.94,0.00,,,,
07/11/25 00:50:00,38.10,0.00,,,,
07/11/25 00:55:00,37.86,0.02,,,,
07/11/25 01:00:00,38.17,0.00,,,,
07/11/25 01:05:00,37.55,0.00,,,,
07/11/25 01:10:00,37.55,0.00,,,,
07/11/25 01:15:00,37.48,0.00,,,,
07/11/25 01:20:00,37.86,0.00,,,,
07/11/25 01:25:00,37.63,0.00,,,,
07/11/25 01:30:00,37.55,0.00,,,,
07/11/25 01:35:00,37.79,0.00,,,,
07/11/25 01:40:00,37.48,0.00,,,,
07/11/25 01:45:00,37.55,0.00,,,,
07/11/25 01:50:00,37.25,0.00,,,,
07/11/25 01:55:00,37.48,0.00,,,,
07/11/25 02:00:00,37.40,0.00,,,,
07/11/25 02:05:00,37.40,0.00,,,,
07/11/25 02:10:00,37.63,0.00,,,,
07/11/25 02:15:00,37.71,0.00,,,,
07/11/25 02:20:00,37.79,0.00,,,,
07/11/25 02:25:00,38.02,0.00,,,,
07/11/25 02:30:00,37.94,0.00,,,,
07/11/25 02:35:00,38.02,0.00,,,,
07/11/25 02:40:00,38.02,0.00,,,,
07/11/25 02:45:00,37.63,0.00,,,,
07/11/25 02:50:00,38.10,0.00,,,,
07/11/25 02:55:00,37.86,0.00,,,,
07/11/25 03:00:00,37.79,0.00,,,,
07/11/25 03:05:00,38.17,0.00,,,,
07/11/25 03:10:00,38.17,0.00,,,,
07/11/25 03:15:00,38.10,0.00,,,,
07/11/25 03:20:00,38.40,0.02,,,,
07/11/25 03:25:00,38.17,0.02,,,,
07/11/25 03:30:00,38.40,0.06,,,,
07/11/25 03:35:00,38.33,0.08,,,,
07/11/25 03:40:00,38.02,0.10,,,,
07/11/25 03:45:00,37.86,0.14,,,,
07/11/25 03:50:00,37.71,0.30,,,,
07/11/25 03:55:00,37.86,0.28,,,,
07/11/25 04:00:00,38.10,0.32,,,,
07/11/25 04:05:00,37.79,0.52,,,,
07/11/25 04:10:00,37.55,0.66,,,,
07/11/25 04:15:00,37.40,0.99,,,,
07/11/25 04:20:00,37.63,1.73,,,,
07/11/25 04:25:00,37.79,2.83,,,,
07/11/25 04:30:00,37.86,3.75,,,,
07/11/25 04:35:00,38.02,5.57,,,,
07/11/25 04:40:00,38.17,7.68,,,,
07/11/25 04:45:00,38.02,13.59,,,,
07/11/25 04:50:00,38.02,19.33,,,,
07/11/25 04:55:00,37.94,25.79,,,,
07/11/25 05:00:00,38.02,35.32,,,,
07/11/25 05:05:00,37.71,44.92,,,,
07/11/25 05:10:00,37.40,60.26,,,,
07/11/25 05:15:00,37.48,81.96,,,,
07/11/25 05:20:00,37.40,102.30,,,,
07/11/25 05:25:00,37.71,126.17,,,,
07/11/25 05:30:00,37.79,162.74,,,,
07/11/25 05:35:00,37.86,160.30,,,,
07/11/25 05:40:00,38.10,171.00,,,,
07/11/25 05:45:00,37.86,185.92,,,,
07/11/25 05:50:00,37.40,210.66,,,,
07/11/25 05:55:00,37.55,260.42,,,,
07/11/25 06:00:00,37.55,322.62,,,,
07/11/25 06:05:00,38.02,386.95,,,,
07/11/25 06:10:00,38.17,407.52,,,,
07/11/25 06:15:00,38.33,402.77,,,,
07/11/25 06:20:00,38.40,473.64,,,,
07/11/25 06:25:00,38.64,564.13,,,,
07/11/25 06:30:00,38.94,647.38,,,,
07/11/25 06:35:00,39.64,821.47,,,,
07/11/25 06:40:00,40.03,836.21,,,,
07/11/25 06:45:00,40.41,816.95,,,,
07/11/25 06:50:00,40.26,724.43,,,,
07/11/25 06:55:00,39.79,653.56,,,,
07/11/25 07:00:00,39.95,773.90,,,,
07/11/25 07:05:00,40.03,948.71,,,,
07/11/25 07:10:00,40.33,1075.95,,,,
07/11/25 07:15:00,40.57,1265.26,,,,
07/11/25 07:20:00,40.80,1305.21,,,,
07/11/25 07:25:00,40.26,925.64,,,,
07/11/25 07:30:00,40.26,1030.28,,,,
07/11/25 07:35:00,40.10,989.85,,,,
07/11/25 07:40:00,40.49,1251.94,,,,
07/11/25 07:45:00,40.57,1285.24,,,,
07/11/25 07:50:00,41.03,1543.52,,,,
07/11/25 07:55:00,41.49,1428.41,,,,
07/11/25 08:00:00,40.88,981.77,,,,
07/11/25 08:05:00,40.72,962.74,,,,
07/11/25 08:10:00,41.11,1080.70,,,,
07/11/25 08:15:00,42.50,1595.84,,,,
07/11/25 08:20:00,43.35,1867.92,,,,
07/11/25 08:25:00,41.72,1311.40,,,,
07/11/25 08:30:00,40.72,1227.21,,,,
07/11/25 08:35:00,40.95,1189.63,,,,
07/11/25 08:40:00,41.42,1133.98,,,,
07/11/25 08:45:00,41.57,1370.38,,,,
07/11/25 08:50:00,40.95,1365.62,,,,
07/11/25 08:55:00,40.49,1419.37,,,,
07/11/25 09:00:00,41.34,1937.37,,,,
07/11/25 09:05:00,41.49,1674.33,,,,
07/11/25 09:10:00,41.57,1488.34,,,,
07/11/25 09:15:00,41.03,1226.73,,,,
07/11/25 09:20:00,41.88,1969.24,,,,
07/11/25 09:25:00,43.35,2449.66,,,,
07/11/25 09:30:00,44.97,3275.40,,,,
07/11/25 09:35:00,46.44,3314.41,,,,
07/11/25 09:40:00,46.59,3321.07,,,,
07/11/25 09:45:00,46.82,3350.56,,,,
07/11/25 09:50:00,46.90,3061.36,,,,
07/11/25 09:55:00,47.05,3180.27,,,,
07/11/25 10:00:00,46.74,2956.71,,,,
07/11/25 10:05:00,46.13,2794.99,,,,
07/11/25 10:10:00,46.13,3059.45,,,,
07/11/25 10:15:00,46.28,3081.33,,,,
07/11/25 10:20:00,46.20,2958.61,,,,
07/11/25 10:25:00,48.06,4104.01,,,,
07/11/25 10:30:00,51.22,4804.18,,,,
07/11/25 10:35:00,52.69,5080.06,,,,
07/11/25 10:40:00,57.09,6862.84,,,,
07/11/25 10:45:00,57.79,10475.97,,,,
07/11/25 10:50:00,55.47,3549.39,,,,
07/11/25 10:55:00,50.91,3648.32,,,,
07/11/25 11:00:00,49.06,3410.49,,,,
07/11/25 11:05:00,51.22,4629.14,,,,
07/11/25 11:10:00,55.01,7129.21,,,,
07/11/25 11:15:00,58.02,9570.31,,,,
07/11/25 11:20:00,63.66,11031.54,,,,
07/11/25 11:25:00,68.67,9361.02,,,,
07/11/25 11:30:00,60.72,6771.52,,,,
07/11/25 11:35:00,66.51,12515.60,,,,
07/11/25 11:40:00,70.53,11781.18,,,,
07/11/25 11:45:00,71.22,12062.77,,,,
07/11/25 11:50:00,71.53,11960.03,,,,
07/11/25 11:55:00,70.30,10947.82,,,,
07/11/25 12:00:00,67.05,9140.31,,,,
07/11/25 12:05:00,65.43,8946.24,,,,
07/11/25 12:10:00,64.89,8843.50,,,,
07/11/25 12:15:00,65.28,9281.10,,,,
07/11/25 12:20:00,65.74,8832.08,,,,
07/11/25 12:25:00,59.87,5656.57,,,,
07/11/25 12:30:00,56.17,6042.80,,,,
07/11/25 12:35:00,55.08,6520.37,,,,
07/11/25 12:40:00,55.62,6585.06,,,,
07/11/25 12:45:00,59.72,12926.57,,,,
07/11/25 12:50:00,60.64,5728.87,,,,
07/11/25 12:55:00,52.84,4355.16,,,,
07/11/25 13:00:00,51.07,5034.40,,,,
07/11/25 13:05:00,52.30,5597.58,,,,
07/11/25 13:10:00,52.77,5831.61,,,,
07/11/25 13:15:00,51.61,5464.40,,,,
07/11/25 13:20:00,53.23,6071.34,,,,
07/11/25 13:25:00,52.15,5354.04,,,,
07/11/25 13:30:00,50.53,4781.35,,,,
07/11/25 13:35:00,49.52,4720.46,,,,
07/11/25 13:40:00,50.53,5654.66,,,,
07/11/25 13:45:00,52.30,6364.35,,,,
07/11/25 13:50:00,52.15,5940.06,,,,
07/11/25 13:55:00,52.30,6058.02,,,,
07/11/25 14:00:00,53.62,6592.67,,,,
07/11/25 14:05:00,55.47,7155.85,,,,
07/11/25 14:10:00,53.62,5947.67,,,,
07/11/25 14:15:00,53.15,6168.38,,,,
07/11/25 14:20:00,54.39,6918.02,,,,
07/11/25 14:25:00,51.69,5308.38,,,,
07/11/25 14:30:00,51.30,5066.74,,,,
07/11/25 14:35:00,51.22,5957.18,,,,
07/11/25 14:40:00,53.31,6704.92,,,,
07/11/25 14:45:00,60.18,8371.64,,,,
07/11/25 14:50:00,54.70,6605.99,,,,
07/11/25 14:55:00,52.30,5734.57,,,,
07/11/25 15:00:00,60.57,10616.76,,,,
07/11/25 15:05:00,62.42,9821.46,,,,
07/11/25 15:10:00,60.18,7250.98,,,,
07/11/25 15:15:00,61.11,8809.25,,,,
07/11/25 15:20:00,62.96,7243.37,,,,
07/11/25 15:25:00,57.48,5293.16,,,,
07/11/25 15:30:00,56.71,6115.10,,,,
07/11/25 15:35:00,56.40,6615.50,,,,
07/11/25 15:40:00,54.16,5597.58,,,,
07/11/25 15:45:00,52.46,5696.52,,,,
07/11/25 15:50:00,51.30,5173.29,,,,
07/11/25 15:55:00,53.93,6898.99,,,,
07/11/25 16:00:00,52.15,5751.70,,,,
07/11/25 16:05:00,52.92,6316.78,,,,
07/11/25 16:10:00,57.79,9224.03,,,,
07/11/25 16:15:00,62.42,7287.13,,,,
07/11/25 16:20:00,62.50,11526.23,,,,
07/11/25 16:25:00,61.42,8687.48,,,,
07/11/25 16:30:00,58.25,6623.11,,,,
07/11/25 16:35:00,56.09,6352.93,,,,
07/11/25 16:40:00,52.23,5281.74,,,,
07/11/25 16:45:00,50.30,4484.54,,,,
07/11/25 16:50:00,49.14,5188.51,,,,
07/11/25 16:55:00,48.83,5089.58,,,,
07/11/25 17:00:00,50.53,5344.53,,,,
07/11/25 17:05:00,50.61,5051.52,,,,
07/11/25 17:10:00,48.52,4572.06,,,,
07/11/25 17:15:00,50.45,5791.65,,,,
07/11/25 17:20:00,50.61,6273.02,,,,
07/11/25 17:25:00,52.30,5481.52,,,,
07/11/25 17:30:00,50.37,4157.28,,,,
07/11/25 17:35:00,47.13,3825.27,,,,
07/11/25 17:40:00,48.06,4612.01,,,,
07/11/25 17:45:00,47.75,4134.45,,,,
07/11/25 17:50:00,45.97,3193.59,,,,
07/11/25 17:55:00,47.98,4794.67,,,,
07/11/25 18:00:00,48.83,4143.96,,,,
07/11/25 18:05:00,51.30,6210.23,,,,
07/11/25 18:10:00,50.99,4971.61,,,,
07/11/25 18:15:00,49.83,4650.07,,,,
07/11/25 18:20:00,49.14,4444.58,,,,
07/11/25 18:25:00,48.21,3692.08,,,,
07/11/25 18:30:00,46.74,3911.84,,,,
07/11/25 18:35:00,46.74,3085.14,,,,
07/11/25 18:40:00,44.66,2544.79,,,,
07/11/25 18:45:00,44.66,3591.24,,,,
07/11/25 18:50:00,44.12,2855.87,,,,
07/11/25 18:55:00,46.36,4062.15,,,,
07/11/25 19:00:00,46.51,3162.20,,,,
07/11/25 19:05:00,46.36,3114.63,,,,
07/11/25 19:10:00,45.51,2972.88,,,,
07/11/25 19:15:00,48.06,2724.59,,,,
07/11/25 19:20:00,43.58,1795.15,,,,
07/11/25 19:25:00,43.11,2305.06,,,,
07/11/25 19:30:00,44.74,2697.95,,,,
07/11/25 19:35:00,47.59,3861.42,,,,
07/11/25 19:40:00,47.98,3409.54,,,,
07/11/25 19:45:00,46.67,3008.08,,,,
07/11/25 19:50:00,45.51,2647.53,,,,
07/11/25 19:55:00,44.35,2677.02,,,,
07/11/25 20:00:00,44.58,2689.39,,,,
07/11/25 20:05:00,45.59,2962.42,,,,
07/11/25 20:10:00,44.27,2410.65,,,,
07/11/25 20:15:00,43.89,2370.70,,,,
07/11/25 20:20:00,41.03,1163.94,,,,
07/11/25 20:25:00,40.03,1057.87,,,,
07/11/25 20:30:00,39.95,1090.69,,,,
07/11/25 20:35:00,40.33,1364.20,,,,
07/11/25 20:40:00,41.42,1202.47,,,,
07/11/25 20:45:00,40.80,1133.50,,,,
07/11/25 20:50:00,40.95,1346.12,,,,
07/11/25 20:55:00,39.87,1055.97,,,,
07/11/25 21:00:00,39.64,720.63,,,,
07/11/25 21:05:00,38.79,796.49,,,,
07/11/25 21:10:00,38.56,736.09,,,,
07/11/25 21:15:00,38.79,796.49,,,,
07/11/25 21:20:00,39.18,955.13,,,,
07/11/25 21:25:00,39.56,777.23,,,,
07/11/25 21:30:00,39.79,677.58,,,,
07/11/25 21:35:00,40.10,694.23,,,,
07/11/25 21:40:00,39.33,531.79,,,,
07/11/25 21:45:00,38.33,515.14,,,,
07/11/25 21:50:00,37.94,464.36,,,,
07/11/25 21:55:00,37.09,361.62,,,,
07/11/25 22:00:00,37.09,380.53,,,,
07/11/25 22:05:00,36.63,321.07,,,,
07/11/25 22:10:00,37.40,271.01,,,,
07/11/25 22:15:00,37.55,233.49,,,,
07/11/25 22:20:00,37.55,190.44,,,,
07/11/25 22:25:00,37.32,178.73,,,,
07/11/25 22:30:00,36.86,139.19,,,,
07/11/25 22:35:00,36.40,118.68,,,,
07/11/25 22:40:00,36.63,85.11,,,,
07/11/25 22:45:00,36.16,80.77,,,,
07/11/25 22:50:00,36.40,70.49,,,,
07/11/25 22:55:00,36.94,58.00,,,,
07/11/25 23:00:00,36.47,46.93,,,,
07/11/25 23:05:00,36.71,34.63,,,,
07/11/25 23:10:00,36.78,23.26,,,,
07/11/25 23:15:00,36.55,16.16,,,,
07/11/25 23:20:00,37.01,10.66,,,,
07/11/25 23:25:00,37.01,7.35,,,,
07/11/25 23:30:00,37.40,4.96,,,,
07/11/25 23:35:00,37.17,3.55,,,,
07/11/25 23:40:00,37.25,2.60,,,,
07/11/25 23:45:00,37.01,1.86,,,,
07/11/25 23:50:00,36.40,1.27,,,,
07/11/25 23:55:00,37.25,0.82,,,,
07/12/25 00:00:00,38.10,0.60,,,,
07/12/25 00:05:00,37.48,0.42,,,,
07/12/25 00:10:00,37.63,0.28,,,,
07/12/25 00:15:00,37.25,0.20,,,,
07/12/25 00:20:00,37.25,0.14,,,,
07/12/25 00:25:00,36.94,0.08,,,,
07/12/25 00:30:00,36.94,0.04,,,,
07/12/25 00:35:00,36.94,0.02,,,,
07/12/25 00:40:00,37.09,0.00,,,,
07/12/25 00:45:00,37.25,0.00,,,,
07/12/25 00:50:00,36.55,0.00,,,,
07/12/25 00:55:00,36.47,0.02,,,,
07/12/25 01:00:00,36.47,0.00,,,,
07/12/25 01:05:00,36.40,0.00,,,,
07/12/25 01:10:00,36.40,0.02,,,,
07/12/25 01:15:00,36.16,0.00,,,,
07/12/25 01:20:00,36.32,0.00,,,,
07/12/25 01:25:00,36.32,0.00,,,,
07/12/25 01:30:00,36.09,0.00,,,,
07/12/25 01:35:00,36.16,0.00,,,,
07/12/25 01:40:00,36.09,0.00,,,,
07/12/25 01:45:00,36.01,0.00,,,,
07/12/25 01:50:00,36.01,0.00,,,,
07/12/25 01:55:00,36.01,0.00,,,,
07/12/25 02:00:00,35.62,0.00,,,,
07/12/25 02:05:00,35.55,0.00,,,,
07/12/25 02:10:00,35.78,0.00,,,,
07/12/25 02:15:00,35.70,0.00,,,,
07/12/25 02:20:00,36.01,0.00,,,,
07/12/25 02:25:00,35.62,0.00,,,,
07/12/25 02:30:00,35.55,0.00,,,,
07/12/25 02:35:00,35.55,0.00,,,,
07/12/25 02:40:00,35.39,0.00,,,,
07/12/25 02:45:00,35.62,0.00,,,,
07/12/25 02:50:00,35.47,0.00,,,,
07/12/25 02:55:00,35.24,0.00,,,,
07/12/25 03:00:00,35.32,0.00,,,,
07/12/25 03:05:00,35.78,0.00,,,,
07/12/25 03:10:00,35.93,0.00,,,,
07/12/25 03:15:00,35.93,0.02,,,,
07/12/25 03:20:00,35.70,0.02,,,,
07/12/25 03:25:00,35.55,0.04,,,,
07/12/25 03:30:00,35.47,0.08,,,,
07/12/25 03:35:00,35.62,0.10,,,,
07/12/25 03:40:00,35.55,0.16,,,,
07/12/25 03:45:00,35.78,0.22,,,,
07/12/25 03:50:00,36.01,0.32,,,,
07/12/25 03:55:00,35.86,0.52,,,,
07/12/25 04:00:00,35.86,0.68,,,,
07/12/25 04:05:00,35.86,1.03,,,,
07/12/25 04:10:00,36.24,1.45,,,,
07/12/25 04:15:00,35.78,2.06,,,,
07/12/25 04:20:00,35.78,2.70,,,,
07/12/25 04:25:00,36.01,4.03,,,,
07/12/25 04:30:00,36.09,6.22,,,,
07/12/25 04:35:00,36.24,9.45,,,,
07/12/25 04:40:00,36.40,13.65,,,,
07/12/25 04:45:00,36.32,19.15,,,,
07/12/25 04:50:00,36.40,26.76,,,,
07/12/25 04:55:00,36.63,36.52,,,,
07/12/25 05:00:00,36.63,47.12,,,,
07/12/25 05:05:00,36.63,62.46,,,,
07/12/25 05:10:00,36.55,81.46,,,,
07/12/25 05:15:00,37.32,103.16,,,,
07/12/25 05:20:00,37.94,132.89,,,,
07/12/25 05:25:00,37.86,170.05,,,,
07/12/25 05:30:00,38.48,225.94,,,,
07/12/25 05:35:00,38.94,295.74,,,,
07/12/25 05:40:00,39.33,348.07,,,,
07/12/25 05:45:00,40.41,477.56,,,,
07/12/25 05:50:00,40.10,595.29,,,,
07/12/25 05:55:00,40.80,747.03,,,,
07/12/25 06:00:00,40.64,759.16,,,,
07/12/25 06:05:00,43.73,1054.07,,,,
07/12/25 06:10:00,44.20,1113.52,,,,
07/12/25 06:15:00,43.42,1188.68,,,,
07/12/25 06:20:00,44.20,1298.08,,,,
07/12/25 06:25:00,45.82,1501.66,,,,
07/12/25 06:30:00,46.36,1695.73,,,,
07/12/25 06:35:00,47.28,1847.94,,,,
07/12/25 06:40:00,47.75,1805.61,,,,
07/12/25 06:45:00,47.13,1782.78,,,,
07/12/25 06:50:00,44.81,1198.67,,,,
07/12/25 06:55:00,46.13,2157.60,,,,
07/12/25 07:00:00,47.83,2410.65,,,,
07/12/25 07:05:00,49.22,2625.65,,,,
07/12/25 07:10:00,49.99,2878.70,,,,
07/12/25 07:15:00,50.14,2930.07,,,,
07/12/25 07:20:00,47.28,2080.54,,,,
07/12/25 07:25:00,47.67,2245.12,,,,
07/12/25 07:30:00,43.81,2023.46,,,,
07/12/25 07:35:00,43.19,1950.21,,,,
07/12/25 07:40:00,42.42,2032.03,,,,
07/12/25 07:45:00,42.34,2097.67,,,,
07/12/25 07:50:00,43.04,2110.99,,,,
07/12/25 07:55:00,42.19,1944.98,,,,
07/12/25 08:00:00,42.03,1972.09,,,,
07/12/25 08:05:00,42.11,2110.03,,,,
07/12/25 08:10:00,43.58,2639.92,,,,
07/12/25 08:15:00,44.97,2452.51,,,,
07/12/25 08:20:00,47.44,3651.18,,,,
07/12/25 08:25:00,46.74,3680.67,,,,
07/12/25 08:30:00,48.21,3153.63,,,,
07/12/25 08:35:00,47.28,3440.93,,,,
07/12/25 08:40:00,48.98,3763.43,,,,
07/12/25 08:45:00,50.45,4613.92,,,,
07/12/25 08:50:00,50.61,4071.66,,,,
07/12/25 08:55:00,52.61,5921.03,,,,
07/12/25 09:00:00,48.91,3185.98,,,,
07/12/25 09:05:00,47.36,4895.51,,,,
07/12/25 09:10:00,53.08,4182.01,,,,
07/12/25 09:15:00,53.00,6834.30,,,,
07/12/25 09:20:00,56.09,6701.12,,,,
07/12/25 09:25:00,57.86,5744.09,,,,
07/12/25 09:30:00,58.25,7072.13,,,,
07/12/25 09:35:00,58.48,7551.60,,,,
07/12/25 09:40:00,56.55,6910.41,,,,
07/12/25 09:45:00,59.10,7620.10,,,,
07/12/25 09:50:00,58.71,7574.43,,,,
07/12/25 09:55:00,58.64,7471.69,,,,
07/12/25 10:00:00,57.86,7427.93,,,,
07/12/25 10:05:00,57.71,7738.06,,,,
07/12/25 10:10:00,57.63,7797.04,,,,
07/12/25 10:15:00,57.71,8147.13,,,,
07/12/25 10:20:00,58.40,8306.95,,,,
07/12/25 10:25:00,58.10,8409.69,,,,
07/12/25 10:30:00,58.33,6990.32,,,,
07/12/25 10:35:00,58.64,5312.19,,,,
07/12/25 10:40:00,56.55,10000.30,,,,
07/12/25 10:45:00,57.01,4897.41,,,,
07/12/25 10:50:00,55.86,6975.10,,,,
07/12/25 10:55:00,54.70,6674.48,,,,
07/12/25 11:00:00,54.16,6870.45,,,,
07/12/25 11:05:00,56.01,7452.66,,,,
07/12/25 11:10:00,62.27,10944.02,,,,
07/12/25 11:15:00,60.95,10430.30,,,,
07/12/25 11:20:00,62.81,10141.10,,,,
07/12/25 11:25:00,62.11,10342.78,,,,
07/12/25 11:30:00,61.42,9821.46,,,,
07/12/25 11:35:00,63.66,10240.04,,,,
07/12/25 11:40:00,58.79,8360.22,,,,
07/12/25 11:45:00,56.55,4364.67,,,,
07/12/25 11:50:00,57.25,8775.00,,,,
07/12/25 11:55:00,52.77,5186.61,,,,
07/12/25 12:00:00,50.91,5945.77,,,,
07/12/25 12:05:00,62.73,10213.40,,,,
07/12/25 12:10:00,56.40,9665.44,,,,
07/12/25 12:15:00,52.38,6122.71,,,,
07/12/25 12:20:00,51.76,5822.10,,,,
07/12/25 12:25:00,60.34,9794.82,,,,
07/12/25 12:30:00,65.43,10103.05,,,,
07/12/25 12:35:00,62.81,5538.60,,,,
07/12/25 12:40:00,61.80,8447.75,,,,
07/12/25 12:45:00,61.65,8432.52,,,,
07/12/25 12:50:00,60.49,8493.41,,,,
07/12/25 12:55:00,61.49,8729.34,,,,
07/12/25 13:00:00,63.27,9437.12,,,,
07/12/25 13:05:00,61.18,7745.67,,,,
07/12/25 13:10:00,65.59,9391.46,,,,
07/12/25 13:15:00,66.13,10829.86,,,,
07/12/25 13:20:00,62.96,8322.17,,,,
07/12/25 13:25:00,61.03,7437.44,,,,
07/12/25 13:30:00,58.25,7576.33,,,,
07/12/25 13:35:00,55.78,7201.51,,,,
07/12/25 13:40:00,55.62,6657.36,,,,
07/12/25 13:45:00,54.23,6425.23,,,,
07/12/25 13:50:00,54.54,6387.18,,,,
07/12/25 13:55:00,54.85,7155.85,,,,
07/12/25 14:00:00,55.62,6666.87,,,,
07/12/25 14:05:00,55.62,6790.54,,,,
07/12/25 14:10:00,55.86,8032.97,,,,
07/12/25 14:15:00,59.33,6320.59,,,,
07/12/25 14:20:00,54.39,6491.83,,,,
07/12/25 14:25:00,62.81,12294.90,,,,
07/12/25 14:30:00,57.56,6455.68,,,,
07/12/25 14:35:00,64.12,12081.80,,,,
07/12/25 14:40:00,56.40,6122.71,,,,
07/12/25 14:45:00,52.30,5241.79,,,,
07/12/25 14:50:00,50.53,5355.95,,,,
07/12/25 14:55:00,53.31,6206.43,,,,
07/12/25 15:00:00,57.56,7865.54,,,,
07/12/25 15:05:00,62.81,8946.24,,,,
07/12/25 15:10:00,65.74,9969.86,,,,
07/12/25 15:15:00,63.89,9159.34,,,,
07/12/25 15:20:00,63.42,8196.60,,,,
07/12/25 15:25:00,61.88,9026.15,,,,
07/12/25 15:30:00,61.26,7226.25,,,,
07/12/25 15:35:00,63.66,9798.62,,,,
07/12/25 15:40:00,61.96,7953.06,,,,
07/12/25 15:45:00,55.08,5099.09,,,,
07/12/25 15:50:00,53.31,6096.08,,,,
07/12/25 15:55:00,58.87,8112.88,,,,
07/12/25 16:00:00,60.26,7745.67,,,,
07/12/25 16:05:00,60.57,7751.38,,,,
07/12/25 16:10:00,61.03,7680.98,,,,
07/12/25 16:15:00,60.80,7576.33,,,,
07/12/25 16:20:00,59.95,7437.44,,,,
07/12/25 16:25:00,59.41,7384.17,,,,
07/12/25 16:30:00,59.18,7302.35,,,,
07/12/25 16:35:00,59.02,7231.96,,,,
07/12/25 16:40:00,59.02,7199.61,,,,
07/12/25 16:45:00,58.71,7112.09,,,,
07/12/25 16:50:00,58.56,7041.69,,,,
07/12/25 16:55:00,58.71,7032.18,,,,
07/12/25 17:00:00,58.87,7098.77,,,,
07/12/25 17:05:00,59.72,7568.72,,,,
07/12/25 17:10:00,60.34,8131.91,,,,
07/12/25 17:15:00,55.39,5793.56,,,,
07/12/25 17:20:00,56.86,7838.90,,,,
07/12/25 17:25:00,59.02,7602.97,,,,
07/12/25 17:30:00,54.16,5525.28,,,,
07/12/25 17:35:00,50.37,4389.40,,,,
07/12/25 17:40:00,50.61,4572.06,,,,
07/12/25 17:45:00,60.49,8318.37,,,,
07/12/25 17:50:00,60.03,5272.23,,,,
07/12/25 17:55:00,51.53,4086.88,,,,
07/12/25 18:00:00,49.22,4084.98,,,,
07/12/25 18:05:00,48.75,3995.56,,,,
07/12/25 18:10:00,48.52,3860.47,,,,
07/12/25 18:15:00,48.52,3942.28,,,,
07/12/25 18:20:00,49.37,3963.21,,,,
07/12/25 18:25:00,48.75,3693.03,,,,
07/12/25 18:30:00,48.13,3396.22,,,,
07/12/25 18:35:00,47.28,3071.82,,,,
07/12/25 18:40:00,46.36,2791.18,,,,
07/12/25 18:45:00,45.82,2826.38,,,,
07/12/25 18:50:00,46.28,3043.28,,,,
07/12/25 18:55:00,51.30,3984.14,,,,
07/12/25 19:00:00,47.67,2855.87,,,,
07/12/25 19:05:00,46.98,2980.49,,,,
07/12/25 19:10:00,46.28,2228.95,,,,
07/12/25 19:15:00,44.04,1954.97,,,,
07/12/25 19:20:00,43.19,2040.59,,,,
07/12/25 19:25:00,43.19,2055.81,,,,
07/12/25 19:30:00,43.58,2257.49,,,,
07/12/25 19:35:00,44.50,2557.16,,,,
07/12/25 19:40:00,45.51,2626.60,,,,
07/12/25 19:45:00,45.66,2665.61,,,,
07/12/25 19:50:00,46.36,2921.51,,,,
07/12/25 19:55:00,45.97,2517.20,,,,
07/12/25 20:00:00,45.28,2465.83,,,,
07/12/25 20:05:00,46.59,3330.58,,,,
07/12/25 20:10:00,50.06,3896.62,,,,
07/12/25 20:15:00,50.99,2838.75,,,,
07/12/25 20:20:00,46.67,2430.63,,,,
07/12/25 20:25:00,45.12,2091.96,,,,
07/12/25 20:30:00,42.81,1695.73,,,,
07/12/25 20:35:00,40.88,1327.10,,,,
07/12/25 20:40:00,39.33,1036.47,,,,
07/12/25 20:45:00,38.56,1005.55,,,,
07/12/25 20:50:00,38.94,1036.47,,,,
07/12/25 20:55:00,39.25,994.13,,,,
07/12/25 21:00:00,38.87,793.17,,,,
07/12/25 21:05:00,37.40,546.77,,,,
07/12/25 21:10:00,36.78,438.08,,,,
07/12/25 21:15:00,37.01,365.19,,,,
07/12/25 21:20:00,37.17,314.65,,,,
07/12/25 21:25:00,37.48,275.53,,,,
07/12/25 21:30:00,36.71,259.95,,,,
07/12/25 21:35:00,36.40,258.64,,,,
07/12/25 21:40:00,36.24,262.21,,,,
07/12/25 21:45:00,36.47,273.15,,,,
07/12/25 21:50:00,36.63,297.65,,,,
07/12/25 21:55:00,36.55,296.69,,,,
07/12/25 22:00:00,36.40,261.26,,,,
07/12/25 22:05:00,36.47,215.18,,,,
07/12/25 22:10:00,36.86,190.26,,,,
07/12/25 22:15:00,36.86,162.02,,,,
07/12/25 22:20:00,36.55,127.95,,,,
07/12/25 22:25:00,36.09,89.04,,,,
07/12/25 22:30:00,36.01,60.50,,,,
07/12/25 22:35:00,36.01,50.38,,,,
07/12/25 22:40:00,35.47,39.58,,,,
07/12/25 22:45:00,36.09,32.61,,,,
07/12/25 22:50:00,37.17,27.13,,,,
07/12/25 22:55:00,36.55,23.98,,,,
07/12/25 23:00:00,36.32,20.28,,,,
07/12/25 23:05:00,35.62,15.90,,,,
07/12/25 23:10:00,35.24,12.03,,,,
07/12/25 23:15:00,35.32,8.96,,,,
07/12/25 23:20:00,35.16,6.62,,,,
07/12/25 23:25:00,35.08,4.64,,,,
07/12/25 23:30:00,34.70,3.11,,,,
07/12/25 23:35:00,34.31,2.12,,,,
07/12/25 23:40:00,34.00,1.49,,,,
07/12/25 23:45:00,34.08,1.07,,,,
07/12/25 23:50:00,34.31,0.79,,,,
07/12/25 23:55:00,34.54,0.58,,,,
07/13/25 00:00:00,34.77,0.44,,,,
07/13/25 00:05:00,34.85,0.30,,,,
07/13/25 00:10:00,35.01,0.16,,,,
07/13/25 00:15:00,34.93,0.08,,,,
07/13/25 00:20:00,35.01,0.02,,,,
07/13/25 00:25:00,35.24,0.00,,,,
07/13/25 00:30:00,34.85,0.00,,,,
07/13/25 00:35:00,34.77,0.00,,,,
07/13/25 00:40:00,35.08,0.00,,,,
07/13/25 00:45:00,35.01,0.00,,,,
07/13/25 00:50:00,34.70,0.00,,,,
07/13/25 00:55:00,34.77,0.00,,,,
07/13/25 01:00:00,34.85,0.00,,,,
07/13/25 01:05:00,35.32,0.00,,,,
07/13/25 01:10:00,36.01,0.00,,,,
07/13/25 01:15:00,35.16,0.00,,,,
07/13/25 01:20:00,34.39,0.00,,,,
07/13/25 01:25:00,34.08,0.00,,,,
07/13/25 01:30:00,33.62,0.00,,,,
07/13/25 01:35:00,34.16,0.00,,,,
07/13/25 01:40:00,34.39,0.00,,,,
07/13/25 01:45:00,34.77,0.00,,,,
07/13/25 01:50:00,34.77,0.00,,,,
07/13/25 01:55:00,35.47,0.00,,,,
07/13/25 02:00:00,35.70,0.00,,,,
07/13/25 02:05:00,36.09,0.00,,,,
07/13/25 02:10:00,35.39,0.00,,,,
07/13/25 02:15:00,35.62,0.00,,,,
07/13/25 02:20:00,35.78,0.00,,,,
07/13/25 02:25:00,35.47,0.02,,,,
07/13/25 02:30:00,35.62,0.00,,,,
07/13/25 02:35:00,36.01,0.00,,,,
07/13/25 02:40:00,35.86,0.02,,,,
07/13/25 02:45:00,35.08,0.00,,,,
07/13/25 02:50:00,35.08,0.00,,,,
07/13/25 02:55:00,35.32,0.00,,,,
07/13/25 03:00:00,34.93,0.00,,,,
07/13/25 03:05:00,34.54,0.00,,,,
07/13/25 03:10:00,34.47,0.00,,,,
07/13/25 03:15:00,34.85,0.00,,,,
07/13/25 03:20:00,34.85,0.00,,,,
07/13/25 03:25:00,34.08,0.02,,,,
07/13/25 03:30:00,34.31,0.02,,,,
07/13/25 03:35:00,34.39,0.04,,,,
07/13/25 03:40:00,34.62,0.04,,,,
07/13/25 03:45:00,35.01,0.06,,,,
07/13/25 03:50:00,36.32,0.10,,,,
07/13/25 03:55:00,37.01,0.16,,,,
07/13/25 04:00:00,37.55,0.22,,,,
07/13/25 04:05:00,37.25,0.38,,,,
07/13/25 04:10:00,36.94,0.62,,,,
07/13/25 04:15:00,36.01,0.86,,,,
07/13/25 04:20:00,35.24,1.29,,,,
07/13/25 04:25:00,35.47,2.20,,,,
07/13/25 04:30:00,35.47,3.59,,,,
07/13/25 04:35:00,35.86,5.53,,,,
07/13/25 04:40:00,35.55,7.92,,,,
07/13/25 04:45:00,35.47,10.82,,,,
07/13/25 04:50:00,35.78,15.27,,,,
07/13/25 04:55:00,35.78,21.00,,,,
07/13/25 05:00:00,35.39,26.73,,,,
07/13/25 05:05:00,35.62,34.57,,,,
07/13/25 05:10:00,35.62,44.47,,,,
07/13/25 05:15:00,36.01,59.93,,,,
07/13/25 05:20:00,35.24,62.04,,,,
07/13/25 05:25:00,35.16,62.97,,,,
07/13/25 05:30:00,35.39,71.68,,,,
07/13/25 05:35:00,35.86,82.41,,,,
07/13/25 05:40:00,36.40,97.72,,,,
07/13/25 05:45:00,36.71,122.96,,,,
07/13/25 05:50:00,36.40,181.76,,,,
07/13/25 05:55:00,36.71,222.85,,,,
07/13/25 06:00:00,36.86,242.47,,,,
07/13/25 06:05:00,36.47,266.01,,,,
07/13/25 06:10:00,36.40,274.93,,,,
07/13/25 06:15:00,37.09,312.15,,,,
07/13/25 06:20:00,37.79,372.80,,,,
07/13/25 06:25:00,38.02,447.72,,,,
07/13/25 06:30:00,38.40,502.54,,,,
07/13/25 06:35:00,38.56,545.58,,,,
07/13/25 06:40:00,38.56,655.70,,,,
07/13/25 06:45:00,38.33,716.82,,,,
07/13/25 06:50:00,38.10,741.79,,,,
07/13/25 06:55:00,39.25,815.76,,,,
07/13/25 07:00:00,39.02,858.81,,,,
07/13/25 07:05:00,38.79,915.89,,,,
07/13/25 07:10:00,38.64,996.51,,,,
07/13/25 07:15:00,39.10,1128.27,,,,
07/13/25 07:20:00,39.64,1162.99,,,,
07/13/25 07:25:00,40.33,1202.47,,,,
07/13/25 07:30:00,40.64,1261.45,,,,
07/13/25 07:35:00,41.18,1327.10,,,,
07/13/25 07:40:00,41.18,1474.55,,,,
07/13/25 07:45:00,41.42,1571.59,,,,
07/13/25 07:50:00,41.49,1737.59,,,,
07/13/25 07:55:00,41.80,1720.47,,,,
07/13/25 08:00:00,42.34,1819.40,,,,
07/13/25 08:05:00,43.11,1990.17,,,,
07/13/25 08:10:00,43.19,2123.35,,,,
07/13/25 08:15:00,43.42,2058.66,,,,
07/13/25 08:20:00,43.50,2058.66,,,,
07/13/25 08:25:00,44.66,2113.84,,,,
07/13/25 08:30:00,45.82,2261.29,,,,
07/13/25 08:35:00,46.05,2454.41,,,,
07/13/25 08:40:00,46.05,2368.79,,,,
07/13/25 08:45:00,46.59,2666.56,,,,
07/13/25 08:50:00,48.21,3021.40,,,,
07/13/25 08:55:00,50.99,3308.70,,,,
07/13/25 09:00:00,53.46,3980.33,,,,
07/13/25 09:05:00,54.70,3380.05,,,,
07/13/25 09:10:00,55.01,3405.74,,,,
07/13/25 09:15:00,53.85,3229.74,,,,
07/13/25 09:20:00,53.31,3350.56,,,,
07/13/25 09:25:00,52.23,3071.82,,,,
07/13/25 09:30:00,51.92,3114.63,,,,
07/13/25 09:35:00,49.91,3037.57,,,,
07/13/25 09:40:00,48.52,3351.51,,,,
07/13/25 09:45:00,49.22,3633.10,,,,
07/13/25 09:50:00,51.15,3572.22,,,,
07/13/25 09:55:00,52.23,3508.48,,,,
07/13/25 10:00:00,50.76,3561.75,,,,
07/13/25 10:05:00,49.37,3621.69,,,,
07/13/25 10:10:00,49.91,3867.13,,,,
07/13/25 10:15:00,50.61,3871.88,,,,
07/13/25 10:20:00,50.76,4157.28,,,,
07/13/25 10:25:00,51.38,4298.08,,,,
07/13/25 10:30:00,53.39,4809.89,,,,
07/13/25 10:35:00,57.32,5494.84,,,,
07/13/25 10:40:00,54.93,4931.66,,,,
07/13/25 10:45:00,53.54,4743.30,,,,
07/13/25 10:50:00,53.00,4693.83,,,,
07/13/25 10:55:00,52.92,4674.80,,,,
07/13/25 11:00:00,52.77,4651.97,,,,
07/13/25 11:05:00,54.00,5053.43,,,,
07/13/25 11:10:00,55.86,5220.86,,,,
07/13/25 11:15:00,56.78,5532.89,,,,
07/13/25 11:20:00,58.02,5774.53,,,,
07/13/25 11:25:00,59.18,5759.31,,,,
07/13/25 11:30:00,64.43,9128.89,,,,
07/13/25 11:35:00,61.26,5770.72,,,,
07/13/25 11:40:00,61.96,7800.85,,,,
07/13/25 11:45:00,64.89,9928.00,,,,
07/13/25 11:50:00,66.13,6234.97,,,,
07/13/25 11:55:00,60.57,6708.73,,,,
07/13/25 12:00:00,65.66,5276.04,,,,
07/13/25 12:05:00,63.89,8775.00,,,,
07/13/25 12:10:00,70.45,6881.87,,,,
07/13/25 12:15:00,70.22,6891.38,,,,
07/13/25 12:20:00,75.39,10795.61,,,,
07/13/25 12:25:00,77.25,10045.97,,,,
07/13/25 12:30:00,76.94,9768.18,,,,
07/13/25 12:35:00,69.91,5595.68,,,,
07/13/25 12:40:00,62.88,6063.73,,,,
07/13/25 12:45:00,69.52,11073.40,,,,
07/13/25 12:50:00,78.40,10338.98,,,,
07/13/25 12:55:00,67.67,7665.76,,,,
07/13/25 13:00:00,79.18,12747.72,,,,
07/13/25 13:05:00,72.15,8052.00,,,,
07/13/25 13:10:00,65.20,6444.26,,,,
07/13/25 13:15:00,71.07,8660.84,,,,
07/13/25 13:20:00,72.92,11221.80,,,,
07/13/25 13:25:00,66.90,9201.19,,,,
07/13/25 13:30:00,67.83,8025.36,,,,
07/13/25 13:35:00,67.13,7972.08,,,,
07/13/25 13:40:00,66.36,7945.45,,,,
07/13/25 13:45:00,66.20,7926.42,,,,
07/13/25 13:50:00,66.59,7918.81,,,,
07/13/25 13:55:00,67.52,7998.72,,,,
07/13/25 14:00:00,69.52,8112.88,,,,
07/13/25 14:05:00,73.39,8417.30,,,,
07/13/25 14:10:00,73.93,8603.76,,,,
07/13/25 14:15:00,71.61,8341.20,,,,
07/13/25 14:20:00,69.91,8242.26,,,,
07/13/25 14:25:00,69.22,8634.21,,,,
07/13/25 14:30:00,68.60,7416.51,,,,
07/13/25 14:35:00,65.51,7332.80,,,,
07/13/25 14:40:00,73.62,12058.97,,,,
07/13/25 14:45:00,78.25,13040.73,,,,
07/13/25 14:50:00,67.44,7361.34,,,,
07/13/25 14:55:00,61.18,6427.14,,,,
07/13/25 15:00:00,57.71,6067.54,,,,
07/13/25 15:05:00,61.57,7772.31,,,,
07/13/25 15:10:00,60.03,6065.63,,,,
07/13/25 15:15:00,56.09,5485.33,,,,
07/13/25 15:20:00,54.47,5991.43,,,,
07/13/25 15:25:00,59.41,6297.76,,,,
07/13/25 15:30:00,60.34,7001.74,,,,
07/13/25 15:35:00,58.02,7068.33,,,,
07/13/25 15:40:00,62.34,5078.16,,,,
07/13/25 15:45:00,57.32,7865.54,,,,
07/13/25 15:50:00,60.41,6777.22,,,,
07/13/25 15:55:00,62.03,8063.41,,,,
07/13/25 16:00:00,63.73,8078.63,,,,
07/13/25 16:05:00,64.27,8257.48,,,,
07/13/25 16:10:00,65.66,7622.00,,,,
07/13/25 16:15:00,65.51,6430.94,,,,
07/13/25 16:20:00,58.56,6088.47,,,,
07/13/25 16:25:00,54.31,5085.77,,,,
07/13/25 16:30:00,52.77,4847.94,,,,
07/13/25 16:35:00,51.53,4710.95,,,,
07/13/25 16:40:00,52.54,4939.27,,,,
07/13/25 16:45:00,53.23,5051.52,,,,
07/13/25 16:50:00,51.38,3908.03,,,,
07/13/25 16:55:00,49.60,3690.18,,,,
07/13/25 17:00:00,47.67,3024.26,,,,
07/13/25 17:05:00,48.21,2614.23,,,,
07/13/25 17:10:00,56.24,5260.81,,,,
07/13/25 17:15:00,60.18,6712.53,,,,
07/13/25 17:20:00,59.64,6461.38,,,,
07/13/25 17:25:00,58.71,6349.13,,,,
07/13/25 17:30:00,58.48,6261.61,,,,
07/13/25 17:35:00,58.56,6174.08,,,,
07/13/25 17:40:00,58.33,6109.39,,,,
07/13/25 17:45:00,58.48,6029.48,,,,
07/13/25 17:50:00,58.40,5957.18,,,,
07/13/25 17:55:00,58.17,5875.37,,,,
07/13/25 18:00:00,58.02,5793.56,,,,
07/13/25 18:05:00,57.71,5787.85,,,,
07/13/25 18:10:00,58.56,5799.26,,,,
07/13/25 18:15:00,59.02,5639.44,,,,
07/13/25 18:20:00,58.40,5517.67,,,,
07/13/25 18:25:00,58.33,5544.31,,,,
07/13/25 18:30:00,58.02,5333.12,,,,
07/13/25 18:35:00,57.40,5228.47,,,,
07/13/25 18:40:00,57.48,5158.07,,,,
07/13/25 18:45:00,57.17,5070.55,,,,
07/13/25 18:50:00,56.86,4988.74,,,,
07/13/25 18:55:00,56.63,4912.63,,,,
07/13/25 19:00:00,56.09,4832.72,,,,
07/13/25 19:05:00,56.24,4750.91,,,,
07/13/25 19:10:00,55.55,4646.26,,,,
07/13/25 19:15:00,54.70,4560.64,,,,
07/13/25 19:20:00,54.70,4480.73,,,,
07/13/25 19:25:00,54.70,4397.01,,,,
07/13/25 19:30:00,54.70,4311.39,,,,
07/13/25 19:35:00,54.00,4227.68,,,,
07/13/25 19:40:00,54.16,4149.67,,,,
07/13/25 19:45:00,53.77,4073.56,,,,
07/13/25 19:50:00,52.84,3982.24,,,,
07/13/25 19:55:00,52.23,3892.81,,,,
07/13/25 20:00:00,52.07,3801.49,,,,
07/13/25 20:05:00,52.46,3700.65,,,,
07/13/25 20:10:00,52.54,3605.51,,,,
07/13/25 20:15:00,52.54,3506.58,,,,
07/13/25 20:20:00,52.23,3411.44,,,,
07/13/25 20:25:00,52.07,3314.41,,,,
07/13/25 20:30:00,51.84,3213.57,,,,
07/13/25 20:35:00,51.30,3113.68,,,,
07/13/25 20:40:00,50.22,2989.06,,,,
07/13/25 20:45:00,49.76,2861.58,,,,
07/13/25 20:50:00,49.83,2710.32,,,,
07/13/25 20:55:00,49.99,2563.81,,,,
07/13/25 21:00:00,49.68,2419.21,,,,
07/13/25 21:05:00,49.37,2295.54,,,,
07/13/25 21:10:00,48.75,2157.60,,,,
07/13/25 21:15:00,48.21,2032.98,,,,
07/13/25 21:20:00,47.59,1895.51,,,,
07/13/25 21:25:00,47.83,1785.63,,,,
07/13/25 21:30:00,47.13,1650.07,,,,
07/13/25 21:35:00,46.67,1516.88,,,,
07/13/25 21:40:00,46.13,1377.04,,,,
07/13/25 21:45:00,45.82,1220.07,,,,
07/13/25 21:50:00,44.97,1066.91,,,,
07/13/25 21:55:00,43.35,926.11,,,,
07/13/25 22:00:00,43.11,726.33,,,,
07/13/25 22:05:00,42.19,561.04,,,,
07/13/25 22:10:00,42.11,514.67,,,,
07/13/25 22:15:00,42.34,517.04,,,,
07/13/25 22:20:00,40.49,258.88,,,,
07/13/25 22:25:00,39.41,223.98,,,,
07/13/25 22:30:00,38.87,193.48,,,,
07/13/25 22:35:00,38.64,164.04,,,,
07/13/25 22:40:00,38.79,137.59,,,,
07/13/25 22:45:00,38.87,111.19,,,,
07/13/25 22:50:00,38.79,88.06,,,,
07/13/25 22:55:00,38.71,68.76,,,,
07/13/25 23:00:00,38.64,52.83,,,,
07/13/25 23:05:00,38.56,39.66,,,,
07/13/25 23:10:00,38.40,29.42,,,,
07/13/25 23:15:00,38.33,21.28,,,,
07/13/25 23:20:00,37.86,15.12,,,,
07/13/25 23:25:00,37.48,10.36,,,,
07/13/25 23:30:00,36.47,7.03,,,,
07/13/25 23:35:00,36.78,4.61,,,,
07/13/25 23:40:00,37.01,3.07,,,,
07/13/25 23:45:00,39.56,2.10,,,,
07/13/25 23:50:00,38.33,1.43,,,,
07/13/25 23:55:00,38.17,1.03,,,,
07/14/25 00:00:00,39.10,0.70,,,,
07/14/25 00:05:00,39.10,0.56,,,,
07/14/25 00:10:00,38.33,0.36,,,,
07/14/25 00:15:00,37.86,0.26,,,,
07/14/25 00:20:00,38.71,0.18,,,,
07/14/25 00:25:00,38.10,0.12,,,,
07/14/25 00:30:00,38.02,0.12,,,,
07/14/25 00:35:00,37.71,0.06,,,,
07/14/25 00:40:00,37.09,0.02,,,,
07/14/25 00:45:00,37.48,0.02,,,,
07/14/25 00:50:00,38.02,0.00,,,,
07/14/25 00:55:00,38.40,0.00,,,,
07/14/25 01:00:00,38.87,0.00,,,,
07/14/25 01:05:00,38.25,0.00,,,,
07/14/25 01:10:00,39.95,0.00,,,,
07/14/25 01:15:00,39.56,0.00,,,,
07/14/25 01:20:00,39.79,0.00,,,,
07/14/25 01:25:00,39.25,0.00,,,,
07/14/25 01:30:00,38.87,0.00,,,,
07/14/25 01:35:00,39.18,0.00,,,,
07/14/25 01:40:00,39.49,0.00,,,,
07/14/25 01:45:00,38.79,0.00,,,,
07/14/25 01:50:00,37.79,0.00,,,,
07/14/25 01:55:00,38.17,0.00,,,,
07/14/25 02:00:00,38.48,0.00,,,,
07/14/25 02:05:00,37.86,0.00,,,,
07/14/25 02:10:00,39.02,0.00,,,,
07/14/25 02:15:00,39.33,0.00,,,,
07/14/25 02:20:00,38.56,0.00,,,,
07/14/25 02:25:00,39.56,0.00,,,,
07/14/25 02:30:00,39.10,0.00,,,,
07/14/25 02:35:00,38.79,0.00,,,,
07/14/25 02:40:00,38.64,0.00,,,,
07/14/25 02:45:00,38.40,0.00,,,,
07/14/25 02:50:00,37.63,0.00,,,,
07/14/25 02:55:00,36.63,0.00,,,,
07/14/25 03:00:00,37.01,0.00,,,,
07/14/25 03:05:00,36.63,0.00,,,,
07/14/25 03:10:00,36.94,0.00,,,,
07/14/25 03:15:00,37.01,0.00,,,,
07/14/25 03:20:00,37.86,0.02,,,,
07/14/25 03:25:00,38.17,0.08,,,,
07/14/25 03:30:00,39.02,0.06,,,,
07/14/25 03:35:00,39.49,0.08,,,,
07/14/25 03:40:00,39.49,0.12,,,,
07/14/25 03:45:00,39.10,0.18,,,,
07/14/25 03:50:00,38.33,0.26,,,,
07/14/25 03:55:00,37.71,0.36,,,,
07/14/25 04:00:00,37.32,0.52,,,,
07/14/25 04:05:00,36.86,0.72,,,,
07/14/25 04:10:00,36.78,1.03,,,,
07/14/25 04:15:00,36.78,1.47,,,,
07/14/25 04:20:00,36.78,2.10,,,,
07/14/25 04:25:00,37.01,3.07,,,,
07/14/25 04:30:00,37.09,4.53,,,,
07/14/25 04:35:00,37.17,6.91,,,,
07/14/25 04:40:00,38.02,10.44,,,,
07/14/25 04:45:00,38.02,14.64,,,,
07/14/25 04:50:00,37.71,21.78,,,,
07/14/25 04:55:00,37.55,27.72,,,,
07/14/25 05:00:00,37.40,35.81,,,,
07/14/25 05:05:00,37.71,46.53,,,,
07/14/25 05:10:00,38.56,59.61,,,,
07/14/25 05:15:00,38.33,76.67,,,,
07/14/25 05:20:00,38.71,99.38,,,,
07/14/25 05:25:00,39.10,125.22,,,,
07/14/25 05:30:00,39.33,161.55,,,,
07/14/25 05:35:00,39.72,196.39,,,,
07/14/25 05:40:00,40.03,241.16,,,,
07/14/25 05:45:00,39.79,291.70,,,,
07/14/25 05:50:00,40.26,379.58,,,,
07/14/25 05:55:00,40.33,410.38,,,,
07/14/25 06:00:00,40.26,544.87,,,,
07/14/25 06:05:00,40.33,586.97,,,,
07/14/25 06:10:00,39.87,674.96,,,,
07/14/25 06:15:00,40.88,878.55,,,,
07/14/25 06:20:00,42.19,951.32,,,,
07/14/25 06:25:00,43.96,986.05,,,,
07/14/25 06:30:00,45.20,1071.19,,,,
07/14/25 06:35:00,45.12,1061.20,,,,
07/14/25 06:40:00,46.05,1214.36,,,,
07/14/25 06:45:00,46.28,1162.52,,,,
07/14/25 06:50:00,45.82,1374.66,,,,
07/14/25 06:55:00,47.36,1575.39,,,,
07/14/25 07:00:00,47.59,1661.49,,,,
07/14/25 07:05:00,47.44,1706.67,,,,
07/14/25 07:10:00,48.06,1635.80,,,,
07/14/25 07:15:00,47.67,1821.78,,,,
07/14/25 07:20:00,48.67,1952.11,,,,
07/14/25 07:25:00,49.60,2221.34,,,,
07/14/25 07:30:00,49.37,2178.53,,,,
07/14/25 07:35:00,49.29,2323.13,,,,
07/14/25 07:40:00,49.45,2460.12,,,,
07/14/25 07:45:00,50.06,2621.85,,,,
07/14/25 07:50:00,51.69,2887.26,,,,
07/14/25 07:55:00,52.30,3185.98,,,,
07/14/25 08:00:00,52.54,3342.00,,,,
07/14/25 08:05:00,52.46,3316.31,,,,
07/14/25 08:10:00,50.99,3165.05,,,,
07/14/25 08:15:00,53.23,3494.21,,,,
07/14/25 08:20:00,54.39,3552.24,,,,
07/14/25 08:25:00,54.08,3586.49,,,,
07/14/25 08:30:00,52.92,3303.94,,,,
07/14/25 08:35:00,53.39,3381.95,,,,
07/14/25 08:40:00,52.46,3362.93,,,,
07/14/25 08:45:00,52.23,3279.21,,,,
07/14/25 08:50:00,51.30,2853.97,,,,
07/14/25 08:55:00,49.68,2711.27,,,,
07/14/25 09:00:00,50.53,3158.39,,,,
07/14/25 09:05:00,52.77,3810.05,,,,
07/14/25 09:10:00,54.23,4315.20,,,,
07/14/25 09:15:00,56.01,4634.84,,,,
07/14/25 09:20:00,57.17,4971.61,,,,
07/14/25 09:25:00,57.56,4971.61,,,,
07/14/25 09:30:00,56.24,4612.01,,,,
07/14/25 09:35:00,57.94,5420.64,,,,
07/14/25 09:40:00,58.64,5593.78,,,,
07/14/25 09:45:00,58.02,5399.71,,,,
07/14/25 09:50:00,57.56,5603.29,,,,
07/14/25 09:55:00,58.02,6078.95,,,,
07/14/25 10:00:00,58.25,6147.45,,,,
07/14/25 10:05:00,59.10,6404.30,,,,
07/14/25 10:10:00,58.95,6739.17,,,,
07/14/25 10:15:00,59.33,7013.15,,,,
07/14/25 10:20:00,58.64,6959.88,,,,
07/14/25 10:25:00,58.64,6857.13,,,,
07/14/25 10:30:00,57.71,6840.01,,,,
07/14/25 10:35:00,59.25,7441.25,,,,
07/14/25 10:40:00,60.34,7831.29,,,,
07/14/25 10:45:00,61.18,8093.85,,,,
07/14/25 10:50:00,61.80,8409.69,,,,
07/14/25 10:55:00,61.57,7941.64,,,,
07/14/25 11:00:00,60.49,7656.25,,,,
07/14/25 11:05:00,58.87,6872.36,,,,
07/14/25 11:10:00,58.64,6887.58,,,,
07/14/25 11:15:00,60.10,7673.37,,,,
07/14/25 11:20:00,60.10,7842.70,,,,
07/14/25 11:25:00,61.88,7515.45,,,,
07/14/25 11:30:00,61.18,8440.14,,,,
07/14/25 11:35:00,62.42,8268.90,,,,
07/14/25 11:40:00,63.66,8504.83,,,,
07/14/25 11:45:00,64.58,8900.58,,,,
07/14/25 11:50:00,64.66,7701.91,,,,
07/14/25 11:55:00,60.34,6548.91,,,,
07/14/25 12:00:00,60.18,6841.91,,,,
07/14/25 12:05:00,57.48,5264.62,,,,
07/14/25 12:10:00,58.48,6527.98,,,,
07/14/25 12:15:00,58.02,5403.51,,,,
07/14/25 12:20:00,59.64,6459.48,,,,
07/14/25 12:25:00,58.79,7144.43,,,,
07/14/25 12:30:00,62.81,8615.18,,,,
07/14/25 12:35:00,65.05,8748.36,,,,
07/14/25 12:40:00,63.73,7899.78,,,,
07/14/25 12:45:00,65.35,8246.07,,,,
07/14/25 12:50:00,66.05,8124.30,,,,
07/14/25 12:55:00,65.20,8090.05,,,,
07/14/25 13:00:00,64.97,8017.75,,,,
07/14/25 13:05:00,64.66,8002.53,,,,
07/14/25 13:10:00,64.58,7953.06,,,,
07/14/25 13:15:00,64.27,7937.84,,,,
07/14/25 13:20:00,63.89,7930.23,,,,
07/14/25 13:25:00,63.81,7930.23,,,,
07/14/25 13:30:00,64.35,8063.41,,,,
07/14/25 13:35:00,64.81,8352.61,,,,
07/14/25 13:40:00,65.74,8683.67,,,,
07/14/25 13:45:00,66.82,8386.86,,,,
07/14/25 13:50:00,66.13,8542.88,,,,
07/14/25 13:55:00,67.28,8759.78,,,,
07/14/25 14:00:00,67.28,8470.58,,,,
07/14/25 14:05:00,66.59,8329.78,,,,
07/14/25 14:10:00,66.13,8531.46,,,,
07/14/25 14:15:00,66.67,9018.54,,,,
07/14/25 14:20:00,66.98,8942.43,,,,
07/14/25 14:25:00,64.89,8558.10,,,,
07/14/25 14:30:00,64.81,9071.81,,,,
07/14/25 14:35:00,65.89,9113.67,,,,
07/14/25 14:40:00,65.05,8942.43,,,,
07/14/25 14:45:00,64.50,8759.78,,,,
07/14/25 14:50:00,64.43,8242.26,,,,
07/14/25 14:55:00,62.50,7230.05,,,,
07/14/25 15:00:00,60.57,7363.24,,,,
07/14/25 15:05:00,60.64,7216.73,,,,
07/14/25 15:10:00,61.49,7658.15,,,,
07/14/25 15:15:00,61.72,7736.16,,,,
07/14/25 15:20:00,63.73,7846.51,,,,
07/14/25 15:25:00,63.66,7838.90,,,,
07/14/25 15:30:00,63.96,7741.86,,,,
07/14/25 15:35:00,64.74,7741.86,,,,
07/14/25 15:40:00,65.51,7831.29,,,,
07/14/25 15:45:00,66.13,7553.50,,,,
07/14/25 15:50:00,66.05,7574.43,,,,
07/14/25 15:55:00,65.97,7492.62,,,,
07/14/25 16:00:00,64.74,7353.72,,,,
07/14/25 16:05:00,65.20,7372.75,,,,
07/14/25 16:10:00,63.66,6957.97,,,,
07/14/25 16:15:00,62.34,7321.38,,,,
07/14/25 16:20:00,57.79,5420.64,,,,
07/14/25 16:25:00,58.56,6625.01,,,,
07/14/25 16:30:00,60.34,6864.74,,,,
07/14/25 16:35:00,60.34,6864.74,,,,
07/14/25 16:40:00,60.72,7039.79,,,,
07/14/25 16:45:00,62.03,7239.57,,,,
07/14/25 16:50:00,61.96,7085.45,,,,
07/14/25 16:55:00,62.34,7140.63,,,,
07/14/25 17:00:00,61.96,6720.14,,,,
07/14/25 17:05:00,61.49,6607.89,,,,
07/14/25 17:10:00,60.95,6470.90,,,,
07/14/25 17:15:00,60.95,6019.97,,,,
07/14/25 17:20:00,59.56,5439.66,,,,
07/14/25 17:25:00,58.33,5641.34,,,,
07/14/25 17:30:00,57.94,5403.51,,,,
07/14/25 17:35:00,57.48,5255.11,,,,
07/14/25 17:40:00,58.87,5236.08,,,,
07/14/25 17:45:00,59.64,5850.63,,,,
07/14/25 17:50:00,59.25,5999.04,,,,
07/14/25 17:55:00,56.17,4416.04,,,,
07/14/25 18:00:00,54.54,4583.47,,,,
07/14/25 18:05:00,56.40,5454.88,,,,
07/14/25 18:10:00,56.78,5015.37,,,,
07/14/25 18:15:00,57.32,5133.34,,,,
07/14/25 18:20:00,58.95,5268.43,,,,
07/14/25 18:25:00,57.56,4060.25,,,,
07/14/25 18:30:00,56.94,4355.16,,,,
07/14/25 18:35:00,56.55,4166.79,,,,
07/14/25 18:40:00,56.94,4387.50,,,,
07/14/25 18:45:00,56.71,4037.41,,,,
07/14/25 18:50:00,55.93,4062.15,,,,
07/14/25 18:55:00,54.08,3862.37,,,,
07/14/25 19:00:00,54.16,3904.23,,,,
07/14/25 19:05:00,53.62,3527.50,,,,
07/14/25 19:10:00,53.00,3338.19,,,,
07/14/25 19:15:00,52.07,3399.08,,,,
07/14/25 19:20:00,52.00,3645.47,,,,
07/14/25 19:25:00,53.31,3711.11,,,,
07/14/25 19:30:00,52.61,3431.42,,,,
07/14/25 19:35:00,53.39,3572.22,,,,
07/14/25 19:40:00,51.61,2963.37,,,,
07/14/25 19:45:00,50.53,3036.62,,,,
07/14/25 19:50:00,50.30,2921.51,,,,
07/14/25 19:55:00,51.76,3166.00,,,,
07/14/25 20:00:00,52.38,3405.74,,,,
07/14/25 20:05:00,52.54,3554.14,,,,
07/14/25 20:10:00,53.69,3791.97,,,,
07/14/25 20:15:00,52.54,3077.53,,,,
07/14/25 20:20:00,52.46,3288.72,,,,
07/14/25 20:25:00,52.77,2723.64,,,,
07/14/25 20:30:00,47.75,1525.45,,,,
07/14/25 20:35:00,47.52,1718.09,,,,
07/14/25 20:40:00,47.13,1857.93,,,,
07/14/25 20:45:00,46.90,1648.64,,,,
07/14/25 20:50:00,46.13,1392.26,,,,
07/14/25 20:55:00,47.75,2166.16,,,,
07/14/25 21:00:00,49.52,2197.56,,,,
07/14/25 21:05:00,47.05,1415.57,,,,
07/14/25 21:10:00,45.35,1113.05,,,,
07/14/25 21:15:00,44.74,1037.89,,,,
07/14/25 21:20:00,44.89,949.90,,,,
07/14/25 21:25:00,44.81,933.25,,,,
07/14/25 21:30:00,44.43,853.57,,,,
07/14/25 21:35:00,43.11,826.70,,,,
07/14/25 21:40:00,42.88,643.81,,,,
07/14/25 21:45:00,42.03,533.69,,,,
07/14/25 21:50:00,42.11,473.05,,,,
07/14/25 21:55:00,42.73,454.73,,,,
07/14/25 22:00:00,41.49,433.21,,,,
07/14/25 22:05:00,41.11,348.07,,,,
07/14/25 22:10:00,40.49,279.21,,,,
07/14/25 22:15:00,40.80,237.00,,,,
07/14/25 22:20:00,42.19,209.05,,,,
07/14/25 22:25:00,41.80,177.42,,,,
07/14/25 22:30:00,41.96,140.80,,,,
07/14/25 22:35:00,41.96,111.99,,,,
07/14/25 22:40:00,42.34,91.03,,,,
07/14/25 22:45:00,41.88,73.61,,,,
07/14/25 22:50:00,41.26,59.53,,,,
07/14/25 22:55:00,40.64,46.85,,,,
07/14/25 23:00:00,40.80,35.20,,,,
07/14/25 23:05:00,40.88,25.93,,,,
07/14/25 23:10:00,40.88,18.34,,,,
07/14/25 23:15:00,41.80,12.52,,,,
07/14/25 23:20:00,40.64,8.40,,,,
07/14/25 23:25:00,41.18,5.73,,,,
07/14/25 23:30:00,42.81,3.91,,,,
07/14/25 23:35:00,41.57,2.50,,,,
07/14/25 23:40:00,41.11,1.63,,,,
07/14/25 23:45:00,41.26,1.09,,,,
07/14/25 23:50:00,41.88,0.75,,,,
07/14/25 23:55:00,41.57,0.48,,,,
07/15/25 00:00:00,41.72,0.36,,,,
07/15/25 00:05:00,43.42,0.24,,,,
07/15/25 00:10:00,42.88,0.16,,,,
07/15/25 00:15:00,41.96,0.12,,,,
07/15/25 00:20:00,41.88,0.08,,,,
07/15/25 00:25:00,41.34,0.06,,,,
07/15/25 00:30:00,40.49,0.02,,,,
07/15/25 00:35:00,41.11,0.00,,,,
07/15/25 00:40:00,41.96,0.00,,,,
07/15/25 00:45:00,41.57,0.00,,,,
07/15/25 00:50:00,40.57,0.00,,,,
07/15/25 00:55:00,39.79,0.00,,,,
07/15/25 01:00:00,42.11,0.00,,,,
07/15/25 01:05:00,40.80,0.00,,,,
07/15/25 01:10:00,39.79,0.00,,,,
07/15/25 01:15:00,39.95,0.00,,,,
07/15/25 01:20:00,39.64,0.00,,,,
07/15/25 01:25:00,38.25,0.00,,,,
07/15/25 01:30:00,38.71,0.00,,,,
07/15/25 01:35:00,39.10,0.00,,,,
07/15/25 01:40:00,38.94,0.00,,,,
07/15/25 01:45:00,39.10,0.00,,,,
07/15/25 01:50:00,39.56,0.00,,,,
07/15/25 01:55:00,39.79,0.00,,,,
07/15/25 02:00:00,39.95,0.00,,,,
07/15/25 02:05:00,39.72,0.00,,,,
07/15/25 02:10:00,38.94,0.00,,,,
07/15/25 02:15:00,39.64,0.00,,,,
07/15/25 02:20:00,40.03,0.00,,,,
07/15/25 02:25:00,40.33,0.00,,,,
07/15/25 02:30:00,40.33,0.00,,,,
07/15/25 02:35:00,39.95,0.00,,,,
07/15/25 02:40:00,39.10,0.00,,,,
07/15/25 02:45:00,39.33,0.00,,,,
07/15/25 02:50:00,39.79,0.00,,,,
07/15/25 02:55:00,40.57,0.00,,,,
07/15/25 03:00:00,40.57,0.00,,,,
07/15/25 03:05:00,40.41,0.00,,,,
07/15/25 03:10:00,40.49,0.00,,,,
07/15/25 03:15:00,40.10,0.00,,,,
07/15/25 03:20:00,40.33,0.00,,,,
07/15/25 03:25:00,40.57,0.00,,,,
07/15/25 03:30:00,40.88,0.02,,,,
07/15/25 03:35:00,41.11,0.04,,,,
07/15/25 03:40:00,40.57,0.06,,,,
07/15/25 03:45:00,40.49,0.10,,,,
07/15/25 03:50:00,40.41,0.14,,,,
07/15/25 03:55:00,40.72,0.26,,,,
07/15/25 04:00:00,41.11,0.28,,,,
07/15/25 04:05:00,40.33,0.40,,,,
07/15/25 04:10:00,40.57,0.56,,,,
07/15/25 04:15:00,40.26,0.89,,,,
07/15/25 04:20:00,40.49,1.39,,,,
07/15/25 04:25:00,40.26,2.16,,,,
07/15/25 04:30:00,40.41,3.35,,,,
07/15/25 04:35:00,40.18,5.01,,,,
07/15/25 04:40:00,40.57,7.59,,,,
07/15/25 04:45:00,40.18,11.15,,,,
07/15/25 04:50:00,40.57,16.24,,,,
07/15/25 04:55:00,41.11,23.50,,,,
07/15/25 05:00:00,41.65,32.55,,,,
07/15/25 05:05:00,41.49,44.12,,,,
07/15/25 05:10:00,41.65,58.45,,,,
07/15/25 05:15:00,41.57,73.61,,,,
07/15/25 05:20:00,41.49,94.51,,,,
07/15/25 05:25:00,42.03,121.65,,,,
07/15/25 05:30:00,41.80,145.26,,,,
07/15/25 05:35:00,41.65,175.64,,,,
07/15/25 05:40:00,42.11,206.02,,,,
07/15/25 05:45:00,41.88,249.13,,,,
07/15/25 05:50:00,41.80,290.15,,,,
07/15/25 05:55:00,41.80,325.95,,,,
07/15/25 06:00:00,41.88,409.19,,,,
07/15/25 06:05:00,42.65,522.51,,,,
07/15/25 06:10:00,42.34,514.67,,,,
07/15/25 06:15:00,43.11,576.50,,,,
07/15/25 06:20:00,45.20,636.43,,,,
07/15/25 06:25:00,43.19,937.77,,,,
07/15/25 06:30:00,48.13,1270.97,,,,
07/15/25 06:35:00,46.05,754.64,,,,
07/15/25 06:40:00,44.74,754.64,,,,
07/15/25 06:45:00,44.20,748.93,,,,
07/15/25 06:50:00,45.12,842.63,,,,
07/15/25 06:55:00,45.89,910.89,,,,
07/15/25 07:00:00,45.51,1049.31,,,,
07/15/25 07:05:00,45.74,1162.99,,,,
07/15/25 07:10:00,45.20,1267.64,,,,
07/15/25 07:15:00,47.28,1823.69,,,,
07/15/25 07:20:00,47.36,1468.37,,,,
07/15/25 07:25:00,49.52,1707.15,,,,
07/15/25 07:30:00,49.68,1793.24,,,,
07/15/25 07:35:00,48.67,1921.67,,,,
07/15/25 07:40:00,48.37,2079.59,,,,
07/15/25 07:45:00,48.44,2110.03,,,,
07/15/25 07:50:00,48.13,2299.35,,,,
07/15/25 07:55:00,48.13,2366.89,,,,
07/15/25 08:00:00,47.21,2423.02,,,,
07/15/25 08:05:00,47.05,2270.81,,,,
07/15/25 08:10:00,47.44,2459.17,,,,
07/15/25 08:15:00,46.74,2322.18,,,,
07/15/25 08:20:00,46.44,2270.81,,,,
07/15/25 08:25:00,46.20,2273.66,,,,
07/15/25 08:30:00,46.44,2278.42,,,,
07/15/25 08:35:00,48.67,2336.45,,,,
07/15/25 08:40:00,49.22,2049.15,,,,
07/15/25 08:45:00,47.36,1791.34,,,,
07/15/25 08:50:00,45.59,2151.89,,,,
07/15/25 08:55:00,48.52,3136.51,,,,
07/15/25 09:00:00,50.99,4027.90,,,,
07/15/25 09:05:00,51.38,3290.63,,,,
07/15/25 09:10:00,53.69,3314.41,,,,
07/15/25 09:15:00,55.70,3274.45,,,,
07/15/25 09:20:00,53.15,2816.87,,,,
07/15/25 09:25:00,54.31,2981.45,,,,
07/15/25 09:30:00,53.46,2612.33,,,,
07/15/25 09:35:00,51.61,2032.98,,,,
07/15/25 09:40:00,49.99,1679.56,,,,
07/15/25 09:45:00,46.44,1554.94,,,,
07/15/25 09:50:00,44.35,1532.58,,,,
07/15/25 09:55:00,43.58,1593.47,,,,
07/15/25 10:00:00,43.81,1749.48,,,,
07/15/25 10:05:00,43.66,1941.17,,,,
07/15/25 10:10:00,44.50,2259.39,,,,
07/15/25 10:15:00,44.89,2571.43,,,,
07/15/25 10:20:00,47.05,3029.96,,,,
07/15/25 10:25:00,47.13,3494.21,,,,
07/15/25 10:30:00,50.45,3989.85,,,,
07/15/25 10:35:00,51.38,3887.10,,,,
07/15/25 10:40:00,51.76,3366.73,,,,
07/15/25 10:45:00,51.61,3468.52,,,,
07/15/25 10:50:00,55.01,4081.17,,,,
07/15/25 10:55:00,58.10,4351.35,,,,
07/15/25 11:00:00,57.17,3970.82,,,,
07/15/25 11:05:00,55.86,3827.17,,,,
07/15/25 11:10:00,53.00,3358.17,,,,
07/15/25 11:15:00,52.46,3216.42,,,,
07/15/25 11:20:00,52.00,3609.32,,,,
07/15/25 11:25:00,54.78,6351.03,,,,
07/15/25 11:30:00,62.81,7519.25,,,,
07/15/25 11:35:00,57.01,4463.61,,,,
07/15/25 11:40:00,56.47,6276.83,,,,
07/15/25 11:45:00,61.34,4642.46,,,,
07/15/25 11:50:00,59.10,5158.07,,,,
07/15/25 11:55:00,56.17,5070.55,,,,
07/15/25 12:00:00,55.78,5822.10,,,,
07/15/25 12:05:00,57.01,5692.72,,,,
07/15/25 12:10:00,60.34,8295.53,,,,
07/15/25 12:15:00,77.09,11838.26,,,,
07/15/25 12:20:00,76.71,9874.73,,,,
07/15/25 12:25:00,81.03,9136.50,,,,
07/15/25 12:30:00,82.57,9106.06,,,,
07/15/25 12:35:00,82.27,10795.61,,,,
07/15/25 12:40:00,78.79,8417.30,,,,
07/15/25 12:45:00,76.63,6430.94,,,,
07/15/25 12:50:00,77.94,8116.69,,,,
07/15/25 12:55:00,75.08,6864.74,,,,
07/15/25 13:00:00,74.47,6957.97,,,,
07/15/25 13:05:00,78.02,7663.86,,,,
07/15/25 13:10:00,82.11,10285.70,,,,
07/15/25 13:15:00,76.63,8409.69,,,,
07/15/25 13:20:00,86.51,12047.55,,,,
07/15/25 13:25:00,90.22,10163.93,,,,
07/15/25 13:30:00,87.67,8596.15,,,,
07/15/25 13:35:00,79.64,6796.25,,,,
07/15/25 13:40:00,71.38,6099.88,,,,
07/15/25 13:45:00,68.52,6459.48,,,,
07/15/25 13:50:00,67.59,6851.43,,,,
07/15/25 13:55:00,67.05,7566.82,,,,
07/15/25 14:00:00,74.70,8188.99,,,,
07/15/25 14:05:00,80.88,7816.07,,,,
07/15/25 14:10:00,73.85,6895.19,,,,
07/15/25 14:15:00,69.99,6902.80,,,,
07/15/25 14:20:00,69.06,6250.19,,,,
07/15/25 14:25:00,70.45,8832.08,,,,
07/15/25 14:30:00,73.39,7349.92,,,,
07/15/25 14:35:00,74.93,7313.77,,,,
07/15/25 14:40:00,75.39,9870.92,,,,
07/15/25 14:45:00,66.59,4920.24,,,,
07/15/25 14:50:00,70.53,6841.91,,,,
07/15/25 14:55:00,63.58,8173.77,,,,
07/15/25 15:00:00,66.44,7325.19,,,,
07/15/25 15:05:00,67.98,6718.24,,,,
07/15/25 15:10:00,67.05,7163.46,,,,
07/15/25 15:15:00,62.27,6322.49,,,,
07/15/25 15:20:00,60.57,6373.86,,,,
07/15/25 15:25:00,60.72,5919.13,,,,
07/15/25 15:30:00,61.34,5576.65,,,,
07/15/25 15:35:00,63.42,5683.20,,,,
07/15/25 15:40:00,61.65,4964.00,,,,
07/15/25 15:45:00,61.26,4604.40,,,,
07/15/25 15:50:00,61.49,5766.92,,,,
07/15/25 15:55:00,60.18,6019.97,,,,
07/15/25 16:00:00,57.32,5546.21,,,,
07/15/25 16:05:00,54.70,4556.84,,,,
07/15/25 16:10:00,56.40,8717.92,,,,
07/15/25 16:15:00,62.65,8143.32,,,,
07/15/25 16:20:00,66.13,6503.24,,,,
07/15/25 16:25:00,61.72,8740.75,,,,
07/15/25 16:30:00,67.98,9810.04,,,,
07/15/25 16:35:00,61.49,6400.50,,,,
07/15/25 16:40:00,58.33,5721.26,,,,
07/15/25 16:45:00,57.63,5747.89,,,,
07/15/25 16:50:00,56.47,4280.95,,,,
07/15/25 16:55:00,54.93,4164.89,,,,
07/15/25 17:00:00,52.00,2966.22,,,,
07/15/25 17:05:00,49.22,4220.07,,,,
07/15/25 17:10:00,53.15,5051.52,,,,
07/15/25 17:15:00,52.84,4948.78,,,,
07/15/25 17:20:00,51.92,4410.33,,,,
07/15/25 17:25:00,50.99,3932.77,,,,
07/15/25 17:30:00,51.76,5015.37,,,,
07/15/25 17:35:00,60.80,9368.63,,,,
07/15/25 17:40:00,58.48,4429.36,,,,
07/15/25 17:45:00,52.30,4802.28,,,,
07/15/25 17:50:00,58.25,6240.68,,,,
07/15/25 17:55:00,58.95,6166.47,,,,
07/15/25 18:00:00,59.25,4570.15,,,,
07/15/25 18:05:00,54.16,5941.96,,,,
07/15/25 18:10:00,53.46,4124.94,,,,
07/15/25 18:15:00,51.30,3359.12,,,,
07/15/25 18:20:00,59.18,4026.00,,,,
07/15/25 18:25:00,51.92,3635.00,,,,
07/15/25 18:30:00,49.14,3471.38,,,,
07/15/25 18:35:00,48.67,3256.38,,,,
07/15/25 18:40:00,47.05,2728.39,,,,
07/15/25 18:45:00,51.30,5721.26,,,,
07/15/25 18:50:00,54.62,5194.22,,,,
07/15/25 18:55:00,51.76,4100.20,,,,
07/15/25 19:00:00,57.25,5413.03,,,,
07/15/25 19:05:00,50.30,1890.28,,,,
07/15/25 19:10:00,49.14,5582.36,,,,
07/15/25 19:15:00,47.44,5683.20,,,,
07/15/25 19:20:00,47.52,2572.38,,,,
07/15/25 19:25:00,45.59,2362.13,,,,
07/15/25 19:30:00,45.43,1947.36,,,,
07/15/25 19:35:00,46.13,2377.36,,,,
07/15/25 19:40:00,46.82,2391.63,,,,
07/15/25 19:45:00,46.20,2177.58,,,,
07/15/25 19:50:00,45.97,2263.20,,,,
07/15/25 19:55:00,49.06,4901.21,,,,
07/15/25 20:00:00,56.01,4623.43,,,,
07/15/25 20:05:00,56.17,3850.95,,,,
07/15/25 20:10:00,53.77,3627.39,,,,
07/15/25 20:15:00,53.54,3613.12,,,,
07/15/25 20:20:00,53.46,3594.10,,,,
07/15/25 20:25:00,53.00,3333.43,,,,
07/15/25 20:30:00,52.23,3180.27,,,,
07/15/25 20:35:00,54.78,3054.70,,,,
07/15/25 20:40:00,59.10,2955.76,,,,
07/15/25 20:45:00,60.41,2832.09,,,,
07/15/25 20:50:00,58.02,2710.32,,,,
07/15/25 20:55:00,56.24,2317.42,,,,
07/15/25 21:00:00,52.38,2266.05,,,,
07/15/25 21:05:00,50.14,1829.87,,,,
07/15/25 21:10:00,48.21,1386.55,,,,
07/15/25 21:15:00,44.89,1414.14,,,,
07/15/25 21:20:00,44.66,1310.45,,,,
07/15/25 21:25:00,45.12,1261.45,,,,
07/15/25 21:30:00,44.81,1018.39,,,,
07/15/25 21:35:00,45.05,1231.01,,,,
07/15/25 21:40:00,46.36,1088.79,,,,
07/15/25 21:45:00,46.67,1122.56,,,,
07/15/25 21:50:00,45.28,747.50,,,,
07/15/25 21:55:00,46.44,869.03,,,,
07/15/25 22:00:00,45.43,666.64,,,,
07/15/25 22:05:00,44.04,748.93,,,,
07/15/25 22:10:00,43.19,612.65,,,,
07/15/25 22:15:00,42.65,428.69,,,,
07/15/25 22:20:00,40.57,256.38,,,,
07/15/25 22:25:00,39.49,213.22,,,,
07/15/25 22:30:00,38.87,175.82,,,,
07/15/25 22:35:00,38.33,145.37,,,,
07/15/25 22:40:00,37.94,114.81,,,,
07/15/25 22:45:00,38.64,90.49,,,,
07/15/25 22:50:00,38.02,70.25,,,,
07/15/25 22:55:00,38.25,53.47,,,,
07/15/25 23:00:00,38.33,40.06,,,,
07/15/25 23:05:00,38.17,29.33,,,,
07/15/25 23:10:00,37.55,21.41,,,,
07/15/25 23:15:00,37.55,14.94,,,,
07/15/25 23:20:00,37.48,10.17,,,,
07/15/25 23:25:00,36.71,7.19,,,,
07/15/25 23:30:00,36.55,4.89,,,,
07/15/25 23:35:00,36.86,3.19,,,,
07/15/25 23:40:00,37.09,2.12,,,,
07/15/25 23:45:00,37.94,1.47,,,,
07/15/25 23:50:00,38.40,1.01,,,,
07/15/25 23:55:00,37.86,0.68,,,,
07/16/25 00:00:00,36.63,0.56,,,,
07/16/25 00:05:00,36.40,0.34,,,,
07/16/25 00:10:00,36.24,0.24,,,,
07/16/25 00:15:00,35.93,0.16,,,,
07/16/25 00:20:00,36.16,0.10,,,,
07/16/25 00:25:00,37.40,0.06,,,,
07/16/25 00:30:00,36.86,0.04,,,,
07/16/25 00:35:00,37.71,0.02,,,,
07/16/25 00:40:00,36.94,0.00,,,,
07/16/25 00:45:00,37.40,0.00,,,,
07/16/25 00:50:00,38.64,0.00,,,,
07/16/25 00:55:00,38.33,0.00,,,,
07/16/25 01:00:00,37.25,0.00,,,,
07/16/25 01:05:00,36.94,0.00,,,,
07/16/25 01:10:00,37.17,0.00,,,,
07/16/25 01:15:00,37.86,0.00,,,,
07/16/25 01:20:00,37.94,0.00,,,,
07/16/25 01:25:00,38.17,0.00,,,,
07/16/25 01:30:00,38.33,0.00,,,,
07/16/25 01:35:00,37.01,0.00,,,,
07/16/25 01:40:00,38.17,0.00,,,,
07/16/25 01:45:00,37.86,0.00,,,,
07/16/25 01:50:00,37.32,0.00,,,,
07/16/25 01:55:00,36.78,0.00,,,,
07/16/25 02:00:00,36.78,0.00,,,,
07/16/25 02:05:00,36.24,0.00,,,,
07/16/25 02:10:00,36.24,0.00,,,,
07/16/25 02:15:00,36.78,0.00,,,,
07/16/25 02:20:00,36.94,0.00,,,,
07/16/25 02:25:00,37.17,0.00,,,,
07/16/25 02:30:00,36.86,0.00,,,,
07/16/25 02:35:00,38.25,0.00,,,,
07/16/25 02:40:00,38.71,0.00,,,,
07/16/25 02:45:00,38.25,0.00,,,,
07/16/25 02:50:00,37.71,0.00,,,,
07/16/25 02:55:00,37.55,0.00,,,,
07/16/25 03:00:00,37.71,0.00,,,,
07/16/25 03:05:00,37.48,0.00,,,,
07/16/25 03:10:00,37.79,0.00,,,,
07/16/25 03:15:00,38.10,0.00,,,,
07/16/25 03:20:00,38.25,0.00,,,,
07/16/25 03:25:00,37.32,0.00,,,,
07/16/25 03:30:00,37.79,0.00,,,,
07/16/25 03:35:00,37.25,0.02,,,,
07/16/25 03:40:00,37.17,0.06,,,,
07/16/25 03:45:00,37.25,0.08,,,,
07/16/25 03:50:00,37.63,0.14,,,,
07/16/25 03:55:00,37.94,0.20,,,,
07/16/25 04:00:00,37.71,0.30,,,,
07/16/25 04:05:00,37.94,0.46,,,,
07/16/25 04:10:00,37.94,0.64,,,,
07/16/25 04:15:00,36.47,0.97,,,,
07/16/25 04:20:00,35.93,1.39,,,,
07/16/25 04:25:00,35.55,2.14,,,,
07/16/25 04:30:00,35.39,3.07,,,,
07/16/25 04:35:00,35.86,4.49,,,,
07/16/25 04:40:00,36.63,6.82,,,,
07/16/25 04:45:00,37.09,10.03,,,,
07/16/25 04:50:00,37.79,15.87,,,,
07/16/25 04:55:00,38.33,24.70,,,,
07/16/25 05:00:00,38.10,35.07,,,,
07/16/25 05:05:00,37.40,46.85,,,,
07/16/25 05:10:00,37.71,54.39,,,,
07/16/25 05:15:00,37.63,68.20,,,,
07/16/25 05:20:00,37.71,85.65,,,,
07/16/25 05:25:00,38.10,111.04,,,,
07/16/25 05:30:00,37.25,133.24,,,,
07/16/25 05:35:00,37.48,155.01,,,,
07/16/25 05:40:00,38.10,189.79,,,,
07/16/25 05:45:00,38.17,230.10,,,,
07/16/25 05:50:00,38.40,261.73,,,,
07/16/25 05:55:00,38.17,285.52,,,,
07/16/25 06:00:00,38.25,328.80,,,,
07/16/25 06:05:00,38.79,390.87,,,,
07/16/25 06:10:00,39.56,457.35,,,,
07/16/25 06:15:00,40.03,535.59,,,,
07/16/25 06:20:00,40.72,694.23,,,,
07/16/25 06:25:00,41.18,723.96,,,,
07/16/25 06:30:00,41.11,802.92,,,,
07/16/25 06:35:00,41.88,965.35,,,,
07/16/25 06:40:00,41.96,942.29,,,,
07/16/25 06:45:00,41.72,962.26,,,,
07/16/25 06:50:00,42.11,1045.03,,,,
07/16/25 06:55:00,41.42,1057.87,,,,
07/16/25 07:00:00,40.88,1091.64,,,,
07/16/25 07:05:00,41.26,1165.85,,,,
07/16/25 07:10:00,42.03,1292.85,,,,
07/16/25 07:15:00,42.50,1415.57,,,,
07/16/25 07:20:00,42.81,1454.57,,,,
07/16/25 07:25:00,42.88,1536.86,,,,
07/16/25 07:30:00,42.34,1503.57,,,,
07/16/25 07:35:00,42.65,1480.26,,,,
07/16/25 07:40:00,42.57,1539.72,,,,
07/16/25 07:45:00,42.50,1644.36,,,,
07/16/25 07:50:00,43.11,1761.85,,,,
07/16/25 07:55:00,44.04,1744.25,,,,
07/16/25 08:00:00,44.20,1938.32,,,,
07/16/25 08:05:00,45.35,2294.59,,,,
07/16/25 08:10:00,46.13,2652.29,,,,
07/16/25 08:15:00,47.05,2760.74,,,,
07/16/25 08:20:00,47.21,2882.51,,,,
07/16/25 08:25:00,46.82,2630.41,,,,
07/16/25 08:30:00,46.67,2813.06,,,,
07/16/25 08:35:00,46.82,2936.73,,,,
07/16/25 08:40:00,47.59,3150.78,,,,
07/16/25 08:45:00,48.13,3270.65,,,,
07/16/25 08:50:00,49.06,3522.75,,,,
07/16/25 08:55:00,48.91,3166.00,,,,
07/16/25 09:00:00,47.75,3026.16,,,,
07/16/25 09:05:00,47.13,2964.32,,,,
07/16/25 09:10:00,47.13,3171.71,,,,
07/16/25 09:15:00,47.75,3289.67,,,,
07/16/25 09:20:00,46.98,3127.95,,,,
07/16/25 09:25:00,47.44,3391.47,,,,
07/16/25 09:30:00,48.06,3473.28,,,,
07/16/25 09:35:00,48.67,3601.71,,,,
07/16/25 09:40:00,48.83,3652.13,,,,
07/16/25 09:45:00,49.76,3984.14,,,,
07/16/25 09:50:00,50.22,4138.25,,,,
07/16/25 09:55:00,50.84,4398.92,,,,
07/16/25 10:00:00,51.84,4528.30,,,,
07/16/25 10:05:00,51.61,4596.79,,,,
07/16/25 10:10:00,52.23,4716.66,,,,
07/16/25 10:15:00,53.08,4927.85,,,,
07/16/25 10:20:00,53.93,5224.66,,,,
07/16/25 10:25:00,54.54,5626.12,,,,
07/16/25 10:30:00,56.40,6221.65,,,,
07/16/25 10:35:00,58.17,6307.27,,,,
07/16/25 10:40:00,57.63,5656.57,,,,
07/16/25 10:45:00,57.63,6798.15,,,,
07/16/25 10:50:00,54.62,5597.58,,,,
07/16/25 10:55:00,57.94,7602.97,,,,
07/16/25 11:00:00,57.40,6419.53,,,,
07/16/25 11:05:00,59.95,7159.65,,,,
07/16/25 11:10:00,55.62,5544.31,,,,
07/16/25 11:15:00,57.25,6491.83,,,,
07/16/25 11:20:00,56.17,6337.71,,,,
07/16/25 11:25:00,55.47,5034.40,,,,
07/16/25 11:30:00,55.55,5639.44,,,,
07/16/25 11:35:00,57.01,6269.22,,,,
07/16/25 11:40:00,55.62,5129.53,,,,
07/16/25 11:45:00,58.71,7523.06,,,,
07/16/25 11:50:00,63.96,9570.31,,,,
07/16/25 11:55:00,61.65,7290.94,,,,
07/16/25 12:00:00,63.04,8421.11,,,,
07/16/25 12:05:00,66.59,9444.73,,,,
07/16/25 12:10:00,66.74,9201.19,,,,
07/16/25 12:15:00,61.88,5854.44,,,,
07/16/25 12:20:00,60.03,7203.42,,,,
07/16/25 12:25:00,60.10,6811.47,,,,
07/16/25 12:30:00,59.18,7115.89,,,,
07/16/25 12:35:00,61.42,7827.48,,,,
07/16/25 12:40:00,64.89,8504.83,,,,
07/16/25 12:45:00,68.75,9943.23,,,,
07/16/25 12:50:00,65.12,6756.29,,,,
07/16/25 12:55:00,59.49,6387.18,,,,
07/16/25 13:00:00,60.03,6775.32,,,,
07/16/25 13:05:00,61.72,7926.42,,,,
07/16/25 13:10:00,60.88,6343.42,,,,
07/16/25 13:15:00,58.79,6425.23,,,,
07/16/25 13:20:00,61.11,7838.90,,,,
07/16/25 13:25:00,62.73,8462.97,,,,
07/16/25 13:30:00,65.05,8569.52,,,,
07/16/25 13:35:00,65.12,8816.86,,,,
07/16/25 13:40:00,61.96,7039.79,,,,
07/16/25 13:45:00,60.18,6767.71,,,,
07/16/25 13:50:00,58.48,6155.06,,,,
07/16/25 13:55:00,58.79,7068.33,,,,
07/16/25 14:00:00,59.49,7016.96,,,,
07/16/25 14:05:00,58.40,6212.14,,,,
07/16/25 14:10:00,58.17,6491.83,,,,
07/16/25 14:15:00,57.56,6461.38,,,,
07/16/25 14:20:00,61.57,8101.46,,,,
07/16/25 14:25:00,61.96,7294.74,,,,
07/16/25 14:30:00,58.40,6080.86,,,,
07/16/25 14:35:00,59.87,7530.67,,,,
07/16/25 14:40:00,62.03,7743.77,,,,
07/16/25 14:45:00,58.71,6744.88,,,,
07/16/25 14:50:00,60.57,7532.57,,,,
07/16/25 14:55:00,61.18,6716.34,,,,
07/16/25 15:00:00,61.18,6881.87,,,,
07/16/25 15:05:00,59.18,5991.43,,,,
07/16/25 15:10:00,56.24,5363.56,,,,
07/16/25 15:15:00,55.47,5546.21,,,,
07/16/25 15:20:00,56.63,5917.23,,,,
07/16/25 15:25:00,55.86,5557.63,,,,
07/16/25 15:30:00,57.63,6731.56,,,,
07/16/25 15:35:00,60.72,7144.43,,,,
07/16/25 15:40:00,62.42,7368.95,,,,
07/16/25 15:45:00,60.57,7230.05,,,,
07/16/25 15:50:00,59.10,6297.76,,,,
07/16/25 15:55:00,57.86,6316.78,,,,
07/16/25 16:00:00,59.72,5934.35,,,,
07/16/25 16:05:00,57.86,5852.54,,,,
07/16/25 16:10:00,59.25,6914.21,,,,
07/16/25 16:15:00,60.03,5639.44,,,,
07/16/25 16:20:00,56.32,4769.93,,,,
07/16/25 16:25:00,53.31,3890.91,,,,
07/16/25 16:30:00,51.61,3494.21,,,,
07/16/25 16:35:00,52.38,3894.72,,,,
07/16/25 16:40:00,51.61,3522.75,,,,
07/16/25 16:45:00,53.08,4187.72,,,,
07/16/25 16:50:00,50.61,3431.42,,,,
07/16/25 16:55:00,52.30,3944.18,,,,
07/16/25 17:00:00,53.39,4964.00,,,,
07/16/25 17:05:00,52.54,4385.60,,,,
07/16/25 17:10:00,52.00,4410.33,,,,
07/16/25 17:15:00,53.08,4613.92,,,,
07/16/25 17:20:00,52.30,3839.54,,,,
07/16/25 17:25:00,51.53,3856.66,,,,
07/16/25 17:30:00,50.76,3582.68,,,,
07/16/25 17:35:00,51.53,3755.82,,,,
07/16/25 17:40:00,51.45,3771.99,,,,
07/16/25 17:45:00,51.38,3744.41,,,,
07/16/25 17:50:00,53.23,3982.24,,,,
07/16/25 17:55:00,53.00,3812.90,,,,
07/16/25 18:00:00,52.30,3849.05,,,,
07/16/25 18:05:00,54.47,5000.15,,,,
07/16/25 18:10:00,54.93,4897.41,,,,
07/16/25 18:15:00,52.77,3740.60,,,,
07/16/25 18:20:00,53.31,4431.26,,,,
07/16/25 18:25:00,51.76,3680.67,,,,
07/16/25 18:30:00,53.15,4606.30,,,,
07/16/25 18:35:00,52.92,4155.38,,,,
07/16/25 18:40:00,51.84,4332.32,,,,
07/16/25 18:45:00,49.99,2749.32,,,,
07/16/25 18:50:00,48.91,2936.73,,,,
07/16/25 18:55:00,50.68,4377.99,,,,
07/16/25 19:00:00,52.00,3398.12,,,,
07/16/25 19:05:00,51.30,3085.14,,,,
07/16/25 19:10:00,49.99,2927.22,,,,
07/16/25 19:15:00,49.14,2835.89,,,,
07/16/25 19:20:00,48.13,2577.13,,,,
07/16/25 19:25:00,48.13,2494.37,,,,
07/16/25 19:30:00,48.52,2368.79,,,,
07/16/25 19:35:00,48.75,2282.22,,,,
07/16/25 19:40:00,48.67,2291.74,,,,
07/16/25 19:45:00,48.67,2147.14,,,,
07/16/25 19:50:00,48.67,1992.07,,,,
07/16/25 19:55:00,48.13,1824.64,,,,
07/16/25 20:00:00,48.13,1806.56,,,,
07/16/25 20:05:00,48.91,1747.10,,,,
07/16/25 20:10:00,47.36,1602.50,,,,
07/16/25 20:15:00,46.36,1391.79,,,,
07/16/25 20:20:00,46.13,1278.58,,,,
07/16/25 20:25:00,45.20,1218.17,,,,
07/16/25 20:30:00,44.89,1220.07,,,,
07/16/25 20:35:00,44.27,1273.82,,,,
07/16/25 20:40:00,45.89,1241.95,,,,
07/16/25 20:45:00,44.20,1118.76,,,,
07/16/25 20:50:00,44.35,1102.58,,,,
07/16/25 20:55:00,44.81,1029.33,,,,
07/16/25 21:00:00,46.98,969.16,,,,
07/16/25 21:05:00,46.67,872.13,,,,
07/16/25 21:10:00,47.13,793.88,,,,
07/16/25 21:15:00,46.51,691.61,,,,
07/16/25 21:20:00,47.75,631.68,,,,
07/16/25 21:25:00,46.51,606.71,,,,
07/16/25 21:30:00,44.35,554.15,,,,
07/16/25 21:35:00,43.66,494.45,,,,
07/16/25 21:40:00,42.50,437.73,,,,
07/16/25 21:45:00,42.65,389.92,,,,
07/16/25 21:50:00,43.81,341.41,,,,
07/16/25 21:55:00,42.34,303.00,,,,
07/16/25 22:00:00,40.80,271.84,,,,
07/16/25 22:05:00,40.33,235.21,,,,
07/16/25 22:10:00,40.33,202.16,,,,
07/16/25 22:15:00,40.72,171.30,,,,
07/16/25 22:20:00,41.34,140.14,,,,
07/16/25 22:25:00,41.34,115.76,,,,
07/16/25 22:30:00,40.33,94.51,,,,
07/16/25 22:35:00,41.03,76.79,,,,
07/16/25 22:40:00,41.57,61.63,,,,
07/16/25 22:45:00,42.50,50.06,,,,
07/16/25 22:50:00,41.65,39.82,,,,
07/16/25 22:55:00,41.72,30.77,,,,
07/16/25 23:00:00,41.42,23.10,,,,
07/16/25 23:05:00,41.26,16.16,,,,
07/16/25 23:10:00,41.26,11.31,,,,
07/16/25 23:15:00,40.88,7.47,,,,
07/16/25 23:20:00,41.42,4.81,,,,
07/16/25 23:25:00,41.26,3.15,,,,
07/16/25 23:30:00,41.88,2.08,,,,
07/16/25 23:35:00,41.26,1.41,,,,
07/16/25 23:40:00,41.03,0.99,,,,
07/16/25 23:45:00,40.64,0.66,,,,
07/16/25 23:50:00,40.26,0.44,,,,
07/16/25 23:55:00,40.95,0.30,,,,
07/17/25 00:00:00,41.03,0.20,,,,
07/17/25 00:05:00,40.41,0.12,,,,
07/17/25 00:10:00,39.72,0.08,,,,
07/17/25 00:15:00,41.34,0.04,,,,
07/17/25 00:20:00,42.50,0.02,,,,
07/17/25 00:25:00,42.65,0.00,,,,
07/17/25 00:30:00,41.65,0.00,,,,
07/17/25 00:35:00,41.57,0.00,,,,
07/17/25 00:40:00,41.18,0.00,,,,
07/17/25 00:45:00,40.72,0.00,,,,
07/17/25 00:50:00,40.41,0.00,,,,
07/17/25 00:55:00,40.88,0.00,,,,
07/17/25 01:00:00,40.88,0.02,,,,
07/17/25 01:05:00,41.11,0.00,,,,
07/17/25 01:10:00,41.11,0.00,,,,
07/17/25 01:15:00,40.57,0.02,,,,
07/17/25 01:20:00,40.95,0.00,,,,
07/17/25 01:25:00,40.41,0.00,,,,
07/17/25 01:30:00,40.88,0.00,,,,
07/17/25 01:35:00,42.03,0.00,,,,
07/17/25 01:40:00,42.11,0.00,,,,
07/17/25 01:45:00,42.73,0.00,,,,
07/17/25 01:50:00,42.50,0.00,,,,
07/17/25 01:55:00,41.57,0.00,,,,
07/17/25 02:00:00,41.26,0.00,,,,
07/17/25 02:05:00,41.88,0.00,,,,
07/17/25 02:10:00,41.80,0.00,,,,
07/17/25 02:15:00,41.18,0.00,,,,
07/17/25 02:20:00,40.49,0.00,,,,
07/17/25 02:25:00,40.88,0.00,,,,
07/17/25 02:30:00,40.49,0.00,,,,
07/17/25 02:35:00,40.95,0.00,,,,
07/17/25 02:40:00,41.80,0.00,,,,
07/17/25 02:45:00,40.26,0.00,,,,
07/17/25 02:50:00,42.65,0.00,,,,
07/17/25 02:55:00,42.11,0.00,,,,
07/17/25 03:00:00,41.65,0.00,,,,
07/17/25 03:05:00,42.27,0.00,,,,
07/17/25 03:10:00,40.57,0.00,,,,
07/17/25 03:15:00,40.33,0.00,,,,
07/17/25 03:20:00,42.11,0.00,,,,
07/17/25 03:25:00,42.42,0.00,,,,
07/17/25 03:30:00,41.11,0.00,,,,
07/17/25 03:35:00,39.56,0.00,,,,
07/17/25 03:40:00,38.79,0.02,,,,
07/17/25 03:45:00,39.49,0.04,,,,
07/17/25 03:50:00,40.33,0.08,,,,
07/17/25 03:55:00,40.41,0.14,,,,
07/17/25 04:00:00,39.64,0.20,,,,
07/17/25 04:05:00,39.33,0.32,,,,
07/17/25 04:10:00,39.87,0.46,,,,
07/17/25 04:15:00,40.33,0.66,,,,
07/17/25 04:20:00,39.64,1.03,,,,
07/17/25 04:25:00,38.79,1.49,,,,
07/17/25 04:30:00,37.63,2.28,,,,
07/17/25 04:35:00,39.02,3.47,,,,
07/17/25 04:40:00,39.33,5.29,,,,
07/17/25 04:45:00,39.56,7.92,,,,
07/17/25 04:50:00,39.72,12.13,,,,
07/17/25 04:55:00,39.79,19.19,,,,
07/17/25 05:00:00,39.72,27.92,,,,
07/17/25 05:05:00,39.49,40.04,,,,
07/17/25 05:10:00,39.49,52.31,,,,
07/17/25 05:15:00,39.02,67.66,,,,
07/17/25 05:20:00,38.94,87.82,,,,
07/17/25 05:25:00,39.49,110.56,,,,
07/17/25 05:30:00,39.56,141.39,,,,
07/17/25 05:35:00,39.79,166.66,,,,
07/17/25 05:40:00,39.64,204.24,,,,
07/17/25 05:45:00,40.18,240.39,,,,
07/17/25 05:50:00,40.33,255.55,,,,
07/17/25 05:55:00,40.03,370.54,,,,
07/17/25 06:00:00,41.42,520.61,,,,
07/17/25 06:05:00,41.42,647.61,,,,
07/17/25 06:10:00,41.34,479.82,,,,
07/17/25 06:15:00,40.88,489.69,,,,
07/17/25 06:20:00,41.18,534.88,,,,
07/17/25 06:25:00,40.18,571.51,,,,
07/17/25 06:30:00,39.18,617.17,,,,
07/17/25 06:35:00,41.26,676.39,,,,
07/17/25 06:40:00,42.03,745.60,,,,
07/17/25 06:45:00,41.96,833.12,,,,
07/17/25 06:50:00,42.19,964.17,,,,
07/17/25 06:55:00,42.96,1054.07,,,,
07/17/25 07:00:00,41.96,1136.83,,,,
07/17/25 07:05:00,42.65,1234.34,,,,
07/17/25 07:10:00,42.81,1364.20,,,,
07/17/25 07:15:00,44.12,1494.53,,,,
07/17/25 07:20:00,44.97,1594.89,,,,
07/17/25 07:25:00,45.20,1727.60,,,,
07/17/25 07:30:00,45.66,1884.57,,,,
07/17/25 07:35:00,46.36,1998.73,,,,
07/17/25 07:40:00,46.90,2110.99,,,,
07/17/25 07:45:00,46.82,2131.91,,,,
07/17/25 07:50:00,46.67,2103.37,,,,
07/17/25 07:55:00,46.74,2141.43,,,,
07/17/25 08:00:00,46.67,2130.01,,,,
07/17/25 08:05:00,46.74,2081.49,,,,
07/17/25 08:10:00,46.74,2090.06,,,,
07/17/25 08:15:00,46.44,2105.28,,,,
07/17/25 08:20:00,46.90,2195.65,,,,
07/17/25 08:25:00,47.21,2322.18,,,,
07/17/25 08:30:00,47.52,2512.44,,,,
07/17/25 08:35:00,47.83,2658.95,,,,
07/17/25 08:40:00,48.29,2822.57,,,,
07/17/25 08:45:00,48.75,2919.61,,,,
07/17/25 08:50:00,49.06,3014.74,,,,
07/17/25 08:55:00,48.91,3175.52,,,,
07/17/25 09:00:00,49.60,3527.50,,,,
07/17/25 09:05:00,49.91,3253.52,,,,
07/17/25 09:10:00,49.52,3239.25,,,,
07/17/25 09:15:00,49.83,3257.33,,,,
07/17/25 09:20:00,49.60,3263.99,,,,
07/17/25 09:25:00,49.22,3237.35,,,,
07/17/25 09:30:00,50.06,3406.69,,,,
07/17/25 09:35:00,50.99,3518.94,,,,
07/17/25 09:40:00,51.92,4136.35,,,,
07/17/25 09:45:00,53.69,3934.67,,,,
07/17/25 09:50:00,52.84,3982.24,,,,
07/17/25 09:55:00,59.79,7338.50,,,,
07/17/25 10:00:00,56.40,4494.05,,,,
07/17/25 10:05:00,54.85,5245.59,,,,
07/17/25 10:10:00,54.85,4703.34,,,,
07/17/25 10:15:00,53.15,4461.70,,,,
07/17/25 10:20:00,53.00,4482.63,,,,
07/17/25 10:25:00,53.85,4518.78,,,,
07/17/25 10:30:00,53.46,4610.11,,,,
07/17/25 10:35:00,55.55,4659.58,,,,
07/17/25 10:40:00,57.17,4669.09,,,,
07/17/25 10:45:00,56.94,4667.19,,,,
07/17/25 10:50:00,55.70,4718.56,,,,
07/17/25 10:55:00,55.78,4726.17,,,,
07/17/25 11:00:00,55.62,4600.60,,,,
07/17/25 11:05:00,54.16,4560.64,,,,
07/17/25 11:10:00,53.62,4606.30,,,,
07/17/25 11:15:00,53.62,4724.27,,,,
07/17/25 11:20:00,52.84,4866.97,,,,
07/17/25 11:25:00,53.39,4952.59,,,,
07/17/25 11:30:00,54.16,5061.04,,,,
07/17/25 11:35:00,55.55,5158.07,,,,
07/17/25 11:40:00,54.85,5203.74,,,,
07/17/25 11:45:00,54.39,5283.65,,,,
07/17/25 11:50:00,54.70,5327.41,,,,
07/17/25 11:55:00,54.70,5403.51,,,,
07/17/25 12:00:00,54.78,5435.86,,,,
07/17/25 12:05:00,54.47,5369.27,,,,
07/17/25 12:10:00,54.78,5523.38,,,,
07/17/25 12:15:00,55.16,5675.59,,,,
07/17/25 12:20:00,56.24,5938.16,,,,
07/17/25 12:25:00,56.86,6227.36,,,,
07/17/25 12:30:00,57.86,6541.30,,,,
07/17/25 12:35:00,58.64,6605.99,,,,
07/17/25 12:40:00,58.95,6723.95,,,,
07/17/25 12:45:00,59.33,6615.50,,,,
07/17/25 12:50:00,59.02,6529.88,,,,
07/17/25 12:55:00,58.64,6607.89,,,,
07/17/25 13:00:00,57.94,6482.31,,,,
07/17/25 13:05:00,57.63,6438.55,,,,
07/17/25 13:10:00,57.48,6533.68,,,,
07/17/25 13:15:00,58.40,6746.78,,,,
07/17/25 13:20:00,58.64,6651.65,,,,
07/17/25 13:25:00,57.94,6507.05,,,,
07/17/25 13:30:00,57.63,6356.74,,,,
07/17/25 13:35:00,57.09,6145.54,,,,
07/17/25 13:40:00,56.55,5989.53,,,,
07/17/25 13:45:00,56.63,6170.28,,,,
07/17/25 13:50:00,57.17,6273.02,,,,
07/17/25 13:55:00,57.01,6305.37,,,,
07/17/25 14:00:00,56.86,6145.54,,,,
07/17/25 14:05:00,56.86,6335.81,,,,
07/17/25 14:10:00,56.86,6086.56,,,,
07/17/25 14:15:00,57.09,6254.00,,,,
07/17/25 14:20:00,57.25,6229.26,,,,
07/17/25 14:25:00,57.48,6482.31,,,,
07/17/25 14:30:00,60.03,7606.78,,,,
07/17/25 14:35:00,63.19,8870.13,,,,
07/17/25 14:40:00,64.74,8531.46,,,,
07/17/25 14:45:00,65.43,8333.59,,,,
07/17/25 14:50:00,64.89,7998.72,,,,
07/17/25 14:55:00,62.57,7517.35,,,,
07/17/25 15:00:00,62.11,7538.28,,,,
07/17/25 15:05:00,61.72,7393.68,,,,
07/17/25 15:10:00,60.88,7281.42,,,,
07/17/25 15:15:00,58.87,6246.39,,,,
07/17/25 15:20:00,57.32,6177.89,,,,
07/17/25 15:25:00,57.40,6257.80,,,,
07/17/25 15:30:00,59.33,7650.54,,,,
07/17/25 15:35:00,63.66,8740.75,,,,
07/17/25 15:40:00,66.59,8950.04,,,,
07/17/25 15:45:00,65.66,7869.34,,,,
07/17/25 15:50:00,66.90,9090.84,,,,
07/17/25 15:55:00,65.89,8310.76,,,,
07/17/25 16:00:00,63.19,6990.32,,,,
07/17/25 16:05:00,59.95,6307.27,,,,
07/17/25 16:10:00,57.32,5962.89,,,,
07/17/25 16:15:00,56.55,6246.39,,,,
07/17/25 16:20:00,56.78,5825.90,,,,
07/17/25 16:25:00,58.10,6862.84,,,,
07/17/25 16:30:00,56.24,5266.52,,,,
07/17/25 16:35:00,55.39,5561.43,,,,
07/17/25 16:40:00,57.86,7193.90,,,,
07/17/25 16:45:00,59.56,6855.23,,,,
07/17/25 16:50:00,58.87,6554.61,,,,
07/17/25 16:55:00,59.87,6864.74,,,,
07/17/25 17:00:00,60.41,6977.00,,,,
07/17/25 17:05:00,59.87,6547.00,,,,
07/17/25 17:10:00,59.56,6803.86,,,,
07/17/25 17:15:00,59.79,6782.93,,,,
07/17/25 17:20:00,59.79,6748.68,,,,
07/17/25 17:25:00,59.79,6664.97,,,,
07/17/25 17:30:00,59.79,6577.45,,,,
07/17/25 17:35:00,58.87,5561.43,,,,
07/17/25 17:40:00,57.56,5525.28,,,,
07/17/25 17:45:00,56.47,5690.81,,,,
07/17/25 17:50:00,57.71,6073.24,,,,
07/17/25 17:55:00,58.02,5991.43,,,,
07/17/25 18:00:00,57.86,5903.91,,,,
07/17/25 18:05:00,57.56,5816.39,,,,
07/17/25 18:10:00,57.71,5728.87,,,,
07/17/25 18:15:00,57.25,5635.64,,,,
07/17/25 18:20:00,57.09,5544.31,,,,
07/17/25 18:25:00,57.25,5399.71,,,,
07/17/25 18:30:00,56.94,5390.19,,,,
07/17/25 18:35:00,56.78,5296.97,,,,
07/17/25 18:40:00,56.94,5205.64,,,,
07/17/25 18:45:00,56.47,5106.70,,,,
07/17/25 18:50:00,55.70,5024.89,,,,
07/17/25 18:55:00,55.62,4950.68,,,,
07/17/25 19:00:00,55.47,4849.84,,,,
07/17/25 19:05:00,55.32,4764.22,,,,
07/17/25 19:10:00,55.08,4651.97,,,,
07/17/25 19:15:00,54.78,4558.74,,,,
07/17/25 19:20:00,54.62,4461.70,,,,
07/17/25 19:25:00,54.39,4374.18,,,,
07/17/25 19:30:00,54.16,4282.86,,,,
07/17/25 19:35:00,53.77,4193.43,,,,
07/17/25 19:40:00,53.23,4098.30,,,,
07/17/25 19:45:00,53.08,4026.00,,,,
07/17/25 19:50:00,53.08,3940.38,,,,
07/17/25 19:55:00,52.61,3846.20,,,,
07/17/25 20:00:00,52.30,3744.41,,,,
07/17/25 20:05:00,51.92,3651.18,,,,
07/17/25 20:10:00,51.61,3552.24,,,,
07/17/25 20:15:00,51.38,3433.32,,,,
07/17/25 20:20:00,51.45,3325.82,,,,
07/17/25 20:25:00,50.91,3207.86,,,,
07/17/25 20:30:00,50.53,3106.07,,,,
07/17/25 20:35:00,49.91,2992.86,,,,
07/17/25 20:40:00,49.83,2892.97,,,,
07/17/25 20:45:00,49.37,2753.13,,,,
07/17/25 20:50:00,48.98,2620.89,,,,
07/17/25 20:55:00,48.83,2467.73,,,,
07/17/25 21:00:00,48.37,2302.20,,,,
07/17/25 21:05:00,46.67,2130.96,,,,
07/17/25 21:10:00,44.89,1699.06,,,,
07/17/25 21:15:00,46.05,1884.57,,,,
07/17/25 21:20:00,45.82,1734.26,,,,
07/17/25 21:25:00,45.82,1635.80,,,,
07/17/25 21:30:00,45.35,1499.28,,,,
07/17/25 21:35:00,45.59,1378.47,,,,
07/17/25 21:40:00,45.97,1252.89,,,,
07/17/25 21:45:00,44.74,1120.66,,,,
07/17/25 21:50:00,43.73,999.84,,,,
07/17/25 21:55:00,43.35,886.39,,,,
07/17/25 22:00:00,42.88,775.80,,,,
07/17/25 22:05:00,42.50,667.35,,,,
07/17/25 22:10:00,42.42,489.46,,,,
07/17/25 22:15:00,40.95,343.31,,,,
07/17/25 22:20:00,39.41,237.95,,,,
07/17/25 22:25:00,38.87,203.76,,,,
07/17/25 22:30:00,38.40,172.13,,,,
07/17/25 22:35:00,38.40,142.28,,,,
07/17/25 22:40:00,38.56,114.81,,,,
07/17/25 22:45:00,38.87,91.36,,,,
07/17/25 22:50:00,38.48,70.84,,,,
07/17/25 22:55:00,37.63,54.20,,,,
07/17/25 23:00:00,37.86,40.39,,,,
07/17/25 23:05:00,37.48,29.34,,,,
07/17/25 23:10:00,37.40,20.77,,,,
07/17/25 23:15:00,37.94,14.23,,,,
07/17/25 23:20:00,37.94,9.78,,,,
07/17/25 23:25:00,37.71,6.55,,,,
07/17/25 23:30:00,37.32,4.28,,,,
07/17/25 23:35:00,37.71,2.83,,,,
07/17/25 23:40:00,38.25,1.88,,,,
07/17/25 23:45:00,38.56,1.23,,,,
07/17/25 23:50:00,38.10,0.86,,,,
07/17/25 23:55:00,37.55,0.58,,,,
07/18/25 00:00:00,37.32,0.42,,,,
07/18/25 00:05:00,37.40,0.28,,,,
07/18/25 00:10:00,37.71,0.18,,,,
07/18/25 00:15:00,37.55,0.12,,,,
07/18/25 00:20:00,37.94,0.08,,,,
07/18/25 00:25:00,38.17,0.04,,,,
07/18/25 00:30:00,38.02,0.02,,,,
07/18/25 00:35:00,38.71,0.00,,,,
07/18/25 00:40:00,38.79,0.00,,,,
07/18/25 00:45:00,38.71,0.00,,,,
07/18/25 00:50:00,38.02,0.00,,,,
07/18/25 00:55:00,37.86,0.00,,,,
07/18/25 01:00:00,38.33,0.00,,,,
07/18/25 01:05:00,38.25,0.00,,,,
07/18/25 01:10:00,38.02,0.00,,,,
07/18/25 01:15:00,37.71,0.00,,,,
07/18/25 01:20:00,38.10,0.00,,,,
07/18/25 01:25:00,38.17,0.00,,,,
07/18/25 01:30:00,38.10,0.00,,,,
07/18/25 01:35:00,37.86,0.00,,,,
07/18/25 01:40:00,38.10,0.00,,,,
07/18/25 01:45:00,37.94,0.02,,,,
07/18/25 01:50:00,37.48,0.00,,,,
07/18/25 01:55:00,37.40,0.00,,,,
07/18/25 02:00:00,37.55,0.00,,,,
07/18/25 02:05:00,37.55,0.00,,,,
07/18/25 02:10:00,36.78,0.00,,,,
07/18/25 02:15:00,37.63,0.00,,,,
07/18/25 02:20:00,38.33,0.00,,,,
07/18/25 02:25:00,37.71,0.00,,,,
07/18/25 02:30:00,37.79,0.00,,,,
07/18/25 02:35:00,37.79,0.00,,,,
07/18/25 02:40:00,37.79,0.00,,,,
07/18/25 02:45:00,37.86,0.00,,,,
07/18/25 02:50:00,37.09,0.00,,,,
07/18/25 02:55:00,36.78,0.00,,,,
07/18/25 03:00:00,37.09,0.00,,,,
07/18/25 03:05:00,37.40,0.00,,,,
07/18/25 03:10:00,37.55,0.00,,,,
07/18/25 03:15:00,37.48,0.00,,,,
07/18/25 03:20:00,37.17,0.00,,,,
07/18/25 03:25:00,36.94,0.00,,,,
07/18/25 03:30:00,36.86,0.00,,,,
07/18/25 03:35:00,36.47,0.00,,,,
07/18/25 03:40:00,36.16,0.02,,,,
07/18/25 03:45:00,36.32,0.04,,,,
07/18/25 03:50:00,36.55,0.06,,,,
07/18/25 03:55:00,36.32,0.12,,,,
07/18/25 04:00:00,36.47,0.20,,,,
07/18/25 04:05:00,36.55,0.32,,,,
07/18/25 04:10:00,36.78,0.48,,,,
07/18/25 04:15:00,36.86,0.68,,,,
07/18/25 04:20:00,36.24,1.05,,,,
07/18/25 04:25:00,36.40,1.61,,,,
07/18/25 04:30:00,36.55,2.42,,,,
07/18/25 04:35:00,36.40,3.76,,,,
07/18/25 04:40:00,36.47,5.82,,,,
07/18/25 04:45:00,36.71,8.65,,,,
07/18/25 04:50:00,37.09,12.62,,,,
07/18/25 04:55:00,37.32,18.51,,,,
07/18/25 05:00:00,37.48,26.52,,,,
07/18/25 05:05:00,37.25,36.85,,,,
07/18/25 05:10:00,37.32,50.02,,,,
07/18/25 05:15:00,36.47,65.76,,,,
07/18/25 05:20:00,37.55,84.94,,,,
07/18/25 05:25:00,37.32,109.76,,,,
07/18/25 05:30:00,36.71,133.42,,,,
07/18/25 05:35:00,36.86,156.31,,,,
07/18/25 05:40:00,36.94,185.15,,,,
07/18/25 05:45:00,36.94,214.52,,,,
07/18/25 05:50:00,37.25,245.92,,,,
07/18/25 05:55:00,37.63,279.09,,,,
07/18/25 06:00:00,37.86,315.48,,,,
07/18/25 06:05:00,38.02,352.58,,,,
07/18/25 06:10:00,38.10,394.09,,,,
07/18/25 06:15:00,37.86,518.71,,,,
07/18/25 06:20:00,39.72,794.59,,,,
07/18/25 06:25:00,41.18,881.88,,,,
07/18/25 06:30:00,42.42,949.90,,,,
07/18/25 06:35:00,42.81,1008.88,,,,
07/18/25 06:40:00,43.19,1073.09,,,,
07/18/25 06:45:00,43.66,1156.81,,,,
07/18/25 06:50:00,43.89,1224.83,,,,
07/18/25 06:55:00,44.20,1311.40,,,,
07/18/25 07:00:00,44.04,1386.08,,,,
07/18/25 07:05:00,44.35,1463.61,,,,
07/18/25 07:10:00,44.97,1556.36,,,,
07/18/25 07:15:00,45.59,1650.07,,,,
07/18/25 07:20:00,46.20,1739.49,,,,
07/18/25 07:25:00,47.13,1847.47,,,,
07/18/25 07:30:00,47.59,2003.49,,,,
07/18/25 07:35:00,48.37,2264.15,,,,
07/18/25 07:40:00,48.91,2384.97,,,,
07/18/25 07:45:00,48.52,2244.17,,,,
07/18/25 07:50:00,48.91,2349.77,,,,
07/18/25 07:55:00,49.06,2463.93,,,,
07/18/25 08:00:00,49.45,2579.04,,,,
07/18/25 08:05:00,49.91,2683.68,,,,
07/18/25 08:10:00,50.30,2810.21,,,,
07/18/25 08:15:00,50.14,2931.03,,,,
07/18/25 08:20:00,50.06,3068.97,,,,
07/18/25 08:25:00,51.22,3176.47,,,,
07/18/25 08:30:00,52.07,3292.53,,,,
07/18/25 08:35:00,52.00,3413.35,,,,
07/18/25 08:40:00,52.15,3524.65,,,,
07/18/25 08:45:00,52.61,3647.37,,,,
07/18/25 08:50:00,52.92,3776.75,,,,
07/18/25 08:55:00,53.23,3865.22,,,,
07/18/25 09:00:00,53.69,3974.63,,,,
07/18/25 09:05:00,54.70,4077.37,,,,
07/18/25 09:10:00,55.32,4185.82,,,,
07/18/25 09:15:00,55.24,4299.98,,,,
07/18/25 09:20:00,55.39,4414.14,,,,
07/18/25 09:25:00,55.08,4524.49,,,,
07/18/25 09:30:00,55.62,4659.58,,,,
07/18/25 09:35:00,56.24,4842.23,,,,
07/18/25 09:40:00,57.40,4971.61,,,,
07/18/25 09:45:00,57.09,5146.66,,,,
07/18/25 09:50:00,57.17,5293.16,,,,
07/18/25 09:55:00,57.48,5487.23,,,,
07/18/25 10:00:00,57.40,5698.42,,,,
07/18/25 10:05:00,57.71,5938.16,,,,
07/18/25 10:10:00,57.63,6196.92,,,,
07/18/25 10:15:00,57.79,6474.70,,,,
07/18/25 10:20:00,57.71,6683.99,,,,
07/18/25 10:25:00,57.94,6822.89,,,,
07/18/25 10:30:00,58.71,6881.87,,,,
07/18/25 10:35:00,58.71,6977.00,,,,
07/18/25 10:40:00,59.02,7193.90,,,,
07/18/25 10:45:00,59.64,7389.88,,,,
07/18/25 10:50:00,59.56,7576.33,,,,
07/18/25 10:55:00,59.64,7751.38,,,,
07/18/25 11:00:00,60.26,7880.76,,,,
07/18/25 11:05:00,61.03,8029.16,,,,
07/18/25 11:10:00,61.03,8147.13,,,,
07/18/25 11:15:00,60.64,8234.65,,,,
07/18/25 11:20:00,61.18,8322.17,,,,
07/18/25 11:25:00,61.88,8394.47,,,,
07/18/25 11:30:00,62.03,8409.69,,,,
07/18/25 11:35:00,61.34,8417.30,,,,
07/18/25 11:40:00,61.34,8424.91,,,,
07/18/25 11:45:00,61.88,8318.37,,,,
07/18/25 11:50:00,61.72,8257.48,,,,
07/18/25 11:55:00,62.57,8181.38,,,,
07/18/25 12:00:00,63.04,8093.85,,,,
07/18/25 12:05:00,62.88,8013.94,,,,
07/18/25 12:10:00,62.81,7941.64,,,,
07/18/25 12:15:00,63.11,7918.81,,,,
07/18/25 12:20:00,63.27,7934.03,,,,
07/18/25 12:25:00,64.27,8394.47,,,,
07/18/25 12:30:00,64.97,8622.79,,,,
07/18/25 12:35:00,61.26,7296.65,,,,
07/18/25 12:40:00,63.27,8154.74,,,,
07/18/25 12:45:00,62.42,7159.65,,,,
07/18/25 12:50:00,67.67,9414.29,,,,
07/18/25 12:55:00,68.60,8923.41,,,,
07/18/25 13:00:00,68.67,9094.65,,,,
07/18/25 13:05:00,62.34,7698.10,,,,
07/18/25 13:10:00,66.20,9383.85,,,,
07/18/25 13:15:00,59.79,4827.01,,,,
07/18/25 13:20:00,61.96,5749.79,,,,
07/18/25 13:25:00,63.35,8044.39,,,,
07/18/25 13:30:00,64.50,7876.95,,,,
07/18/25 13:35:00,64.04,7838.90,,,,
07/18/25 13:40:00,64.12,7749.48,,,,
07/18/25 13:45:00,63.81,7764.70,,,,
07/18/25 13:50:00,63.50,7760.89,,,,
07/18/25 13:55:00,63.27,7757.09,,,,
07/18/25 14:00:00,63.58,7764.70,,,,
07/18/25 14:05:00,64.04,7764.70,,,,
07/18/25 14:10:00,64.66,7774.21,,,,
07/18/25 14:15:00,64.89,7772.31,,,,
07/18/25 14:20:00,64.89,7781.82,,,,
07/18/25 14:25:00,64.58,7787.53,,,,
07/18/25 14:30:00,64.20,7779.92,,,,
07/18/25 14:35:00,63.96,7789.43,,,,
07/18/25 14:40:00,64.66,7779.92,,,,
07/18/25 14:45:00,65.20,7779.92,,,,
07/18/25 14:50:00,65.35,7793.24,,,,
07/18/25 14:55:00,65.89,7787.53,,,,
07/18/25 15:00:00,64.97,7774.21,,,,
07/18/25 15:05:00,64.58,7772.31,,,,
07/18/25 15:10:00,63.81,7766.60,,,,
07/18/25 15:15:00,63.19,7741.86,,,,
07/18/25 15:20:00,62.88,7715.23,,,,
07/18/25 15:25:00,62.50,7694.30,,,,
07/18/25 15:30:00,62.03,7650.54,,,,
07/18/25 15:35:00,61.65,7618.19,,,,
07/18/25 15:40:00,61.49,7578.24,,,,
07/18/25 15:45:00,61.72,7545.89,,,,
07/18/25 15:50:00,62.19,7515.45,,,,
07/18/25 15:55:00,62.50,7458.37,,,,
07/18/25 16:00:00,62.50,7416.51,,,,
07/18/25 16:05:00,62.81,7376.56,,,,
07/18/25 16:10:00,62.57,7313.77,,,,
07/18/25 16:15:00,62.73,7262.40,,,,
07/18/25 16:20:00,62.34,7218.64,,,,
07/18/25 16:25:00,62.42,7159.65,,,,
07/18/25 16:30:00,61.96,7119.70,,,,
07/18/25 16:35:00,62.03,7056.91,,,,
07/18/25 16:40:00,61.65,6990.32,,,,
07/18/25 16:45:00,61.03,6933.24,,,,
07/18/25 16:50:00,61.26,6864.74,,,,
07/18/25 16:55:00,60.95,6803.86,,,,
07/18/25 17:00:00,61.03,6725.85,,,,
07/18/25 17:05:00,61.03,6668.77,,,,
07/18/25 17:10:00,60.64,6590.76,,,,
07/18/25 17:15:00,60.26,6520.37,,,,
07/18/25 17:20:00,60.10,6455.68,,,,
07/18/25 17:25:00,60.34,6392.89,,,,
07/18/25 17:30:00,60.34,6320.59,,,,
07/18/25 17:35:00,60.26,6233.07,,,,
07/18/25 17:40:00,59.87,6166.47,,,,
07/18/25 17:45:00,59.87,6092.27,,,,
07/18/25 17:50:00,59.41,6012.36,,,,
07/18/25 17:55:00,59.10,5928.64,,,,
07/18/25 18:00:00,59.33,5850.63,,,,
07/18/25 18:05:00,59.56,5765.02,,,,
07/18/25 18:10:00,59.56,5679.40,,,,
07/18/25 18:15:00,59.56,5601.39,,,,
07/18/25 18:20:00,59.49,5515.77,,,,
07/18/25 18:25:00,58.95,5413.03,,,,
07/18/25 18:30:00,58.64,5327.41,,,,
07/18/25 18:35:00,58.40,5249.40,,,,
07/18/25 18:40:00,58.17,5158.07,,,,
07/18/25 18:45:00,58.02,5070.55,,,,
07/18/25 18:50:00,58.10,4992.54,,,,
07/18/25 18:55:00,57.71,4905.02,,,,
07/18/25 19:00:00,57.56,4819.40,,,,
07/18/25 19:05:00,57.63,4709.05,,,,
07/18/25 19:10:00,57.94,4623.43,,,,
07/18/25 19:15:00,57.48,4524.49,,,,
07/18/25 19:20:00,57.25,4433.16,,,,
07/18/25 19:25:00,57.09,4349.45,,,,
07/18/25 19:30:00,57.17,4261.93,,,,
07/18/25 19:35:00,56.71,4172.50,,,,
07/18/25 19:40:00,56.32,4092.59,,,,
07/18/25 19:45:00,56.17,4003.17,,,,
07/18/25 19:50:00,55.32,3911.84,,,,
07/18/25 19:55:00,55.16,3820.51,,,,
07/18/25 20:00:00,55.24,3724.43,,,,
07/18/25 20:05:00,55.39,3637.86,,,,
07/18/25 20:10:00,55.62,3530.36,,,,
07/18/25 20:15:00,55.16,3427.62,,,,
07/18/25 20:20:00,54.62,3321.07,,,,
07/18/25 20:25:00,54.23,3212.62,,,,
07/18/25 20:30:00,54.08,3120.34,,,,
07/18/25 20:35:00,53.39,3011.89,,,,
07/18/25 20:40:00,53.15,2901.53,,,,
07/18/25 20:45:00,52.84,2778.81,,,,
07/18/25 20:50:00,52.30,2643.73,,,,
07/18/25 20:55:00,52.00,2498.17,,,,
07/18/25 21:00:00,51.45,2336.45,,,,
07/18/25 21:05:00,51.22,2181.38,,,,
07/18/25 21:10:00,50.76,2032.98,,,,
07/18/25 21:15:00,50.37,1897.41,,,,
07/18/25 21:20:00,49.60,1757.09,,,,
07/18/25 21:25:00,49.22,1623.91,,,,
07/18/25 21:30:00,48.75,1493.10,,,,
07/18/25 21:35:00,47.98,1365.62,,,,
07/18/25 21:40:00,47.36,779.13,,,,
07/18/25 21:45:00,46.13,560.09,,,,
07/18/25 21:50:00,46.36,518.00,,,,
07/18/25 21:55:00,45.97,888.30,,,,
07/18/25 22:00:00,46.05,773.43,,,,
07/18/25 22:05:00,44.74,666.64,,,,
07/18/25 22:10:00,45.66,569.13,,,,
07/18/25 22:15:00,42.96,304.07,,,,
07/18/25 22:20:00,40.18,227.84,,,,
07/18/25 22:25:00,39.18,194.60,,,,
07/18/25 22:30:00,38.87,162.80,,,,
07/18/25 22:35:00,39.25,131.88,,,,
07/18/25 22:40:00,39.18,104.76,,,,
07/18/25 22:45:00,40.41,81.96,,,,
07/18/25 22:50:00,41.03,63.41,,,,
07/18/25 22:55:00,41.96,47.66,,,,
07/18/25 23:00:00,40.41,34.98,,,,
07/18/25 23:05:00,39.64,24.73,,,,
07/18/25 23:10:00,38.56,17.06,,,,
07/18/25 23:15:00,38.56,11.64,,,,
07/18/25 23:20:00,38.40,7.84,,,,
07/18/25 23:25:00,38.48,4.97,,,,
07/18/25 23:30:00,38.40,3.19,,,,
07/18/25 23:35:00,38.56,2.06,,,,
07/18/25 23:40:00,38.79,1.37,,,,
07/18/25 23:45:00,39.33,0.91,,,,
07/18/25 23:50:00,39.79,0.64,,,,
07/18/25 23:55:00,39.49,0.42,,,,
07/19/25 00:00:00,39.49,0.28,,,,
07/19/25 00:05:00,39.56,0.18,,,,
07/19/25 00:10:00,39.64,0.14,,,,
07/19/25 00:15:00,39.72,0.12,,,,
07/19/25 00:20:00,39.64,0.04,,,,
07/19/25 00:25:00,39.41,0.04,,,,
07/19/25 00:30:00,38.87,0.02,,,,
07/19/25 00:35:00,38.79,0.00,,,,
07/19/25 00:40:00,38.33,0.00,,,,
07/19/25 00:45:00,38.17,0.00,,,,
07/19/25 00:50:00,38.71,0.00,,,,
07/19/25 00:55:00,39.56,0.00,,,,
07/19/25 01:00:00,40.26,0.00,,,,
07/19/25 01:05:00,40.49,0.00,,,,
07/19/25 01:10:00,40.41,0.00,,,,
07/19/25 01:15:00,39.95,0.00,,,,
07/19/25 01:20:00,39.33,0.00,,,,
07/19/25 01:25:00,38.87,0.00,,,,
07/19/25 01:30:00,38.71,0.00,,,,
07/19/25 01:35:00,37.86,0.00,,,,
07/19/25 01:40:00,37.25,0.00,,,,
07/19/25 01:45:00,37.09,0.00,,,,
07/19/25 01:50:00,37.79,0.00,,,,
07/19/25 01:55:00,38.17,0.00,,,,
07/19/25 02:00:00,38.40,0.00,,,,
07/19/25 02:05:00,38.33,0.00,,,,
07/19/25 02:10:00,38.17,0.00,,,,
07/19/25 02:15:00,37.55,0.00,,,,
07/19/25 02:20:00,37.94,0.00,,,,
07/19/25 02:25:00,38.94,0.00,,,,
07/19/25 02:30:00,38.48,0.02,,,,
07/19/25 02:35:00,38.02,0.00,,,,
07/19/25 02:40:00,38.56,0.00,,,,
07/19/25 02:45:00,38.10,0.00,,,,
07/19/25 02:50:00,38.17,0.00,,,,
07/19/25 02:55:00,37.55,0.00,,,,
07/19/25 03:00:00,37.86,0.00,,,,
07/19/25 03:05:00,38.40,0.00,,,,
07/19/25 03:10:00,38.48,0.00,,,,
07/19/25 03:15:00,38.40,0.00,,,,
07/19/25 03:20:00,37.94,0.00,,,,
07/19/25 03:25:00,37.40,0.00,,,,
07/19/25 03:30:00,37.09,0.00,,,,
07/19/25 03:35:00,37.55,0.00,,,,
07/19/25 03:40:00,37.71,0.00,,,,
07/19/25 03:45:00,37.71,0.02,,,,
07/19/25 03:50:00,37.86,0.06,,,,
07/19/25 03:55:00,38.56,0.10,,,,
07/19/25 04:00:00,38.56,0.16,,,,
07/19/25 04:05:00,38.79,0.26,,,,
07/19/25 04:10:00,38.94,0.40,,,,
07/19/25 04:15:00,38.56,0.60,,,,
07/19/25 04:20:00,37.94,0.86,,,,
07/19/25 04:25:00,37.79,1.31,,,,
07/19/25 04:30:00,37.55,2.02,,,,
07/19/25 04:35:00,38.02,3.15,,,,
07/19/25 04:40:00,38.17,4.97,,,,
07/19/25 04:45:00,37.94,7.84,,,,
07/19/25 04:50:00,37.71,11.72,,,,
07/19/25 04:55:00,37.63,17.06,,,,
07/19/25 05:00:00,37.79,24.65,,,,
07/19/25 05:05:00,37.79,34.26,,,,
07/19/25 05:10:00,37.55,45.89,,,,
07/19/25 05:15:00,37.79,59.70,,,,
07/19/25 05:20:00,37.94,76.55,,,,
07/19/25 05:25:00,38.33,94.18,,,,
07/19/25 05:30:00,38.94,113.21,,,,
07/19/25 05:35:00,39.02,132.71,,,,
07/19/25 05:40:00,39.02,156.37,,,,
07/19/25 05:45:00,38.94,187.53,,,,
07/19/25 05:50:00,39.49,221.42,,,,
07/19/25 05:55:00,39.49,258.52,,,,
07/19/25 06:00:00,39.25,290.15,,,,
07/19/25 06:05:00,38.94,325.11,,,,
07/19/25 06:10:00,39.18,370.90,,,,
07/19/25 06:15:00,39.10,422.98,,,,
07/19/25 06:20:00,39.56,453.19,,,,
07/19/25 06:25:00,39.79,474.71,,,,
07/19/25 06:30:00,39.95,484.34,,,,
07/19/25 06:35:00,39.87,489.46,,,,
07/19/25 06:40:00,39.95,634.29,,,,
07/19/25 06:45:00,40.26,533.45,,,,
07/19/25 06:50:00,40.18,609.08,,,,
07/19/25 06:55:00,39.87,586.49,,,,
07/19/25 07:00:00,39.56,621.69,,,,
07/19/25 07:05:00,39.95,651.18,,,,
07/19/25 07:10:00,40.18,687.33,,,,
07/19/25 07:15:00,40.41,747.03,,,,
07/19/25 07:20:00,40.72,778.42,,,,
07/19/25 07:25:00,40.57,801.01,,,,
07/19/25 07:30:00,40.64,855.00,,,,
07/19/25 07:35:00,41.18,997.46,,,,
07/19/25 07:40:00,41.11,972.49,,,,
07/19/25 07:45:00,41.49,976.06,,,,
07/19/25 07:50:00,41.72,1069.76,,,,
07/19/25 07:55:00,41.88,1144.44,,,,
07/19/25 08:00:00,43.27,1892.18,,,,
07/19/25 08:05:00,42.42,1155.38,,,,
07/19/25 08:10:00,45.28,1853.18,,,,
07/19/25 08:15:00,48.91,2991.91,,,,
07/19/25 08:20:00,51.22,3083.24,,,,
07/19/25 08:25:00,51.61,3168.86,,,,
07/19/25 08:30:00,52.23,3290.63,,,,
07/19/25 08:35:00,52.00,3399.08,,,,
07/19/25 08:40:00,52.00,3516.09,,,,
07/19/25 08:45:00,52.30,3647.37,,,,
07/19/25 08:50:00,52.61,3779.61,,,,
07/19/25 08:55:00,53.08,3919.45,,,,
07/19/25 09:00:00,50.45,1548.75,,,,
07/19/25 09:05:00,49.83,2916.76,,,,
07/19/25 09:10:00,53.93,4231.48,,,,
07/19/25 09:15:00,55.08,4322.81,,,,
07/19/25 09:20:00,55.70,4421.75,,,,
07/19/25 09:25:00,55.93,4532.10,,,,
07/19/25 09:30:00,55.70,4650.07,,,,
07/19/25 09:35:00,55.70,4825.11,,,,
07/19/25 09:40:00,56.24,4971.61,,,,
07/19/25 09:45:00,56.47,5125.73,,,,
07/19/25 09:50:00,56.63,5295.06,,,,
07/19/25 09:55:00,56.55,5481.52,,,,
07/19/25 10:00:00,56.71,5706.03,,,,
07/19/25 10:05:00,57.09,5940.06,,,,
07/19/25 10:10:00,57.63,6204.53,,,,
07/19/25 10:15:00,58.40,6512.76,,,,
07/19/25 10:20:00,58.40,6813.37,,,,
07/19/25 10:25:00,58.48,6980.81,,,,
07/19/25 10:30:00,58.87,7055.01,,,,
07/19/25 10:35:00,59.56,7112.09,,,,
07/19/25 10:40:00,59.87,7247.18,,,,
07/19/25 10:45:00,59.95,7441.25,,,,
07/19/25 10:50:00,59.95,7620.10,,,,
07/19/25 10:55:00,60.10,7804.65,,,,
07/19/25 11:00:00,60.64,7964.47,,,,
07/19/25 11:05:00,60.95,8074.83,,,,
07/19/25 11:10:00,61.18,8158.54,,,,
07/19/25 11:15:00,61.42,8234.65,,,,
07/19/25 11:20:00,61.34,8299.34,,,,
07/19/25 11:25:00,61.42,8337.39,,,,
07/19/25 11:30:00,61.34,8356.42,,,,
07/19/25 11:35:00,61.34,8356.42,,,,
07/19/25 11:40:00,61.42,8352.61,,,,
07/19/25 11:45:00,61.49,8268.90,,,,
07/19/25 11:50:00,62.11,8181.38,,,,
07/19/25 11:55:00,62.65,8109.08,,,,
07/19/25 12:00:00,62.57,8025.36,,,,
07/19/25 12:05:00,62.65,7956.86,,,,
07/19/25 12:10:00,63.42,7895.98,,,,
07/19/25 12:15:00,63.42,7842.70,,,,
07/19/25 12:20:00,63.11,7766.60,,,,
07/19/25 12:25:00,63.58,7722.84,,,,
07/19/25 12:30:00,63.96,7677.17,,,,
07/19/25 12:35:00,63.81,7650.54,,,,
07/19/25 12:40:00,63.73,7614.39,,,,
07/19/25 12:45:00,63.73,7599.17,,,,
07/19/25 12:50:00,63.42,7582.04,,,,
07/19/25 12:55:00,63.66,7582.04,,,,
07/19/25 13:00:00,63.42,7597.26,,,,
07/19/25 13:05:00,63.66,7612.48,,,,
07/19/25 13:10:00,64.12,7620.10,,,,
07/19/25 13:15:00,63.96,7625.80,,,,
07/19/25 13:20:00,63.89,7642.93,,,,
07/19/25 13:25:00,63.73,7642.93,,,,
07/19/25 13:30:00,63.89,7654.34,,,,
07/19/25 13:35:00,63.89,7654.34,,,,
07/19/25 13:40:00,63.89,7673.37,,,,
07/19/25 13:45:00,63.89,7648.63,,,,
07/19/25 13:50:00,61.26,7032.18,,,,
07/19/25 13:55:00,63.27,7715.23,,,,
07/19/25 14:00:00,62.81,7743.77,,,,
07/19/25 14:05:00,63.19,7663.86,,,,
07/19/25 14:10:00,63.11,7658.15,,,,
07/19/25 14:15:00,63.04,7720.94,,,,
07/19/25 14:20:00,62.96,7720.94,,,,
07/19/25 14:25:00,62.73,7736.16,,,,
07/19/25 14:30:00,63.04,7736.16,,,,
07/19/25 14:35:00,63.19,7736.16,,,,
07/19/25 14:40:00,63.04,7741.86,,,,
07/19/25 14:45:00,62.88,7730.45,,,,
07/19/25 14:50:00,62.65,7749.48,,,,
07/19/25 14:55:00,62.57,7743.77,,,,
07/19/25 15:00:00,62.42,7736.16,,,,
07/19/25 15:05:00,62.50,7753.28,,,,
07/19/25 15:10:00,62.81,7736.16,,,,
07/19/25 15:15:00,62.88,7715.23,,,,
07/19/25 15:20:00,62.81,7717.13,,,,
07/19/25 15:25:00,62.27,7709.52,,,,
07/19/25 15:30:00,62.73,7686.69,,,,
07/19/25 15:35:00,62.42,7658.15,,,,
07/19/25 15:40:00,62.19,7650.54,,,,
07/19/25 15:45:00,61.72,7627.71,,,,
07/19/25 15:50:00,61.80,7568.72,,,,
07/19/25 15:55:00,61.65,7507.84,,,,
07/19/25 16:00:00,61.80,7464.08,,,,
07/19/25 16:05:00,62.11,7401.29,,,,
07/19/25 16:10:00,61.57,7363.24,,,,
07/19/25 16:15:00,62.19,7348.02,,,,
07/19/25 16:20:00,62.65,7348.02,,,,
07/19/25 16:25:00,62.88,7332.80,,,,
07/19/25 16:30:00,62.57,7230.05,,,,
07/19/25 16:35:00,62.42,7237.66,,,,
07/19/25 16:40:00,62.57,7247.18,,,,
07/19/25 16:45:00,61.11,6556.52,,,,
07/19/25 16:50:00,60.41,7009.35,,,,
07/19/25 16:55:00,57.86,5264.62,,,,
07/19/25 17:00:00,56.24,4591.08,,,,
07/19/25 17:05:00,52.46,3728.23,,,,
07/19/25 17:10:00,53.85,5228.47,,,,
07/19/25 17:15:00,57.09,5551.92,,,,
07/19/25 17:20:00,60.64,7243.37,,,,
07/19/25 17:25:00,61.03,7085.45,,,,
07/19/25 17:30:00,60.49,6585.06,,,,
07/19/25 17:35:00,63.11,7317.57,,,,
07/19/25 17:40:00,63.42,7041.69,,,,
07/19/25 17:45:00,62.81,6760.10,,,,
07/19/25 17:50:00,62.19,6590.76,,,,
07/19/25 17:55:00,61.49,6358.64,,,,
07/19/25 18:00:00,61.18,6187.40,,,,
07/19/25 18:05:00,60.34,5348.34,,,,
07/19/25 18:10:00,60.18,5926.74,,,,
07/19/25 18:15:00,59.87,5264.62,,,,
07/19/25 18:20:00,57.79,5494.84,,,,
07/19/25 18:25:00,59.41,5605.19,,,,
07/19/25 18:30:00,59.56,5481.52,,,,
07/19/25 18:35:00,59.25,5390.19,,,,
07/19/25 18:40:00,59.33,5308.38,,,,
07/19/25 18:45:00,58.95,5203.74,,,,
07/19/25 18:50:00,59.10,5059.13,,,,
07/19/25 18:55:00,57.94,4806.08,,,,
07/19/25 19:00:00,57.32,4457.90,,,,
07/19/25 19:05:00,57.40,4636.75,,,,
07/19/25 19:10:00,57.17,4524.49,,,,
07/19/25 19:15:00,56.94,4377.99,,,,
07/19/25 19:20:00,56.94,4322.81,,,,
07/19/25 19:25:00,56.78,4223.87,,,,
07/19/25 19:30:00,57.01,4159.18,,,,
07/19/25 19:35:00,56.78,4062.15,,,,
07/19/25 19:40:00,56.55,3968.92,,,,
07/19/25 19:45:00,55.78,3875.69,,,,
07/19/25 19:50:00,54.47,3789.12,,,,
07/19/25 19:55:00,54.47,3692.08,,,,
07/19/25 20:00:00,54.23,3587.44,,,,
07/19/25 20:05:00,54.16,3488.50,,,,
07/19/25 20:10:00,53.31,3370.54,,,,
07/19/25 20:15:00,53.23,3266.84,,,,
07/19/25 20:20:00,52.30,3153.63,,,,
07/19/25 20:25:00,51.69,3046.14,,,,
07/19/25 20:30:00,51.61,2942.44,,,,
07/19/25 20:35:00,50.91,2849.21,,,,
07/19/25 20:40:00,51.15,2740.76,,,,
07/19/25 20:45:00,51.30,2614.23,,,,
07/19/25 20:50:00,51.15,2485.81,,,,
07/19/25 20:55:00,50.30,2337.40,,,,
07/19/25 21:00:00,49.99,2180.43,,,,
07/19/25 21:05:00,49.91,2011.10,,,,
07/19/25 21:10:00,50.22,1866.02,,,,
07/19/25 21:15:00,49.91,1741.40,,,,
07/19/25 21:20:00,49.45,1607.74,,,,
07/19/25 21:25:00,48.75,1483.11,,,,
07/19/25 21:30:00,48.29,1363.72,,,,
07/19/25 21:35:00,47.75,1243.85,,,,
07/19/25 21:40:00,47.05,1118.28,,,,
07/19/25 21:45:00,46.74,997.46,,,,
07/19/25 21:50:00,45.89,891.39,,,,
07/19/25 21:55:00,45.74,771.28,,,,
07/19/25 22:00:00,43.81,409.19,,,,
07/19/25 22:05:00,42.96,364.83,,,,
07/19/25 22:10:00,42.96,325.35,,,,
07/19/25 22:15:00,42.57,253.41,,,,
07/19/25 22:20:00,40.80,215.47,,,,
07/19/25 22:25:00,41.11,179.68,,,,
07/19/25 22:30:00,40.80,151.14,,,,
07/19/25 22:35:00,40.88,122.66,,,,
07/19/25 22:40:00,41.26,95.93,,,,
07/19/25 22:45:00,39.56,73.91,,,,
07/19/25 22:50:00,40.57,55.52,,,,
07/19/25 22:55:00,40.95,40.55,,,,
07/19/25 23:00:00,42.34,28.44,,,,
07/19/25 23:05:00,40.88,19.46,,,,
07/19/25 23:10:00,39.56,13.25,,,,
07/19/25 23:15:00,39.18,8.80,,,,
07/19/25 23:20:00,40.33,5.62,,,,
07/19/25 23:25:00,39.02,3.67,,,,
07/19/25 23:30:00,38.64,2.40,,,,
07/19/25 23:35:00,38.02,1.59,,,,
07/19/25 23:40:00,37.63,1.05,,,,
07/19/25 23:45:00,37.94,0.72,,,,
07/19/25 23:50:00,38.25,0.50,,,,
07/19/25 23:55:00,37.94,0.34,,,,
07/20/25 00:00:00,37.09,0.22,,,,
07/20/25 00:05:00,37.40,0.14,,,,
07/20/25 00:10:00,37.32,0.08,,,,
07/20/25 00:15:00,38.02,0.04,,,,
07/20/25 00:20:00,39.25,0.04,,,,
07/20/25 00:25:00,39.79,0.02,,,,
07/20/25 00:30:00,39.64,0.00,,,,
07/20/25 00:35:00,39.10,0.00,,,,
07/20/25 00:40:00,39.10,0.00,,,,
07/20/25 00:45:00,38.94,0.00,,,,
07/20/25 00:50:00,38.64,0.00,,,,
07/20/25 00:55:00,38.71,0.00,,,,
07/20/25 01:00:00,38.87,0.00,,,,
07/20/25 01:05:00,38.48,0.00,,,,
07/20/25 01:10:00,38.94,0.00,,,,
07/20/25 01:15:00,39.64,0.00,,,,
07/20/25 01:20:00,39.41,0.00,,,,
07/20/25 01:25:00,39.56,0.00,,,,
07/20/25 01:30:00,39.02,0.00,,,,
07/20/25 01:35:00,38.40,0.00,,,,
07/20/25 01:40:00,38.64,0.00,,,,
07/20/25 01:45:00,38.33,0.00,,,,
07/20/25 01:50:00,37.86,0.00,,,,
07/20/25 01:55:00,37.71,0.00,,,,
07/20/25 02:00:00,37.94,0.00,,,,
07/20/25 02:05:00,37.86,0.00,,,,
07/20/25 02:10:00,37.86,0.00,,,,
07/20/25 02:15:00,38.64,0.00,,,,
07/20/25 02:20:00,38.94,0.00,,,,
07/20/25 02:25:00,38.71,0.00,,,,
07/20/25 02:30:00,38.64,0.00,,,,
07/20/25 02:35:00,38.71,0.00,,,,
07/20/25 02:40:00,38.94,0.00,,,,
07/20/25 02:45:00,38.87,0.00,,,,
07/20/25 02:50:00,38.56,0.00,,,,
07/20/25 02:55:00,38.94,0.00,,,,
07/20/25 03:00:00,38.94,0.00,,,,
07/20/25 03:05:00,39.79,0.00,,,,
07/20/25 03:10:00,40.03,0.00,,,,
07/20/25 03:15:00,39.56,0.04,,,,
07/20/25 03:20:00,39.72,0.00,,,,
07/20/25 03:25:00,40.41,0.00,,,,
07/20/25 03:30:00,40.95,0.00,,,,
07/20/25 03:35:00,41.80,0.00,,,,
07/20/25 03:40:00,41.72,0.00,,,,
07/20/25 03:45:00,41.26,0.02,,,,
07/20/25 03:50:00,40.26,0.04,,,,
07/20/25 03:55:00,40.64,0.08,,,,
07/20/25 04:00:00,40.41,0.12,,,,
07/20/25 04:05:00,40.57,0.20,,,,
07/20/25 04:10:00,40.49,0.30,,,,
07/20/25 04:15:00,40.18,0.44,,,,
07/20/25 04:20:00,39.18,0.68,,,,
07/20/25 04:25:00,38.94,1.01,,,,
07/20/25 04:30:00,39.25,1.47,,,,
07/20/25 04:35:00,39.41,2.26,,,,
07/20/25 04:40:00,39.56,3.43,,,,
07/20/25 04:45:00,38.94,5.17,,,,
07/20/25 04:50:00,39.64,7.67,,,,
07/20/25 04:55:00,39.72,10.98,,,,
07/20/25 05:00:00,39.25,15.50,,,,
07/20/25 05:05:00,39.56,22.06,,,,
07/20/25 05:10:00,39.64,31.75,,,,
07/20/25 05:15:00,39.49,44.12,,,,
07/20/25 05:20:00,40.03,54.36,,,,
07/20/25 05:25:00,40.72,67.13,,,,
07/20/25 05:30:00,41.49,79.88,,,,
07/20/25 05:35:00,41.03,94.33,,,,
07/20/25 05:40:00,40.49,118.92,,,,
07/20/25 05:45:00,39.95,154.00,,,,
07/20/25 05:50:00,39.56,192.70,,,,
07/20/25 05:55:00,39.95,237.65,,,,
07/20/25 06:00:00,39.72,276.83,,,,
07/20/25 06:05:00,39.87,321.31,,,,
07/20/25 06:10:00,39.64,341.05,,,,
07/20/25 06:15:00,39.49,399.79,,,,
07/20/25 06:20:00,40.18,480.06,,,,
07/20/25 06:25:00,41.72,646.19,,,,
07/20/25 06:30:00,43.50,868.32,,,,
07/20/25 06:35:00,44.35,882.59,,,,
07/20/25 06:40:00,41.80,605.99,,,,
07/20/25 06:45:00,41.65,671.16,,,,
07/20/25 06:50:00,41.26,648.80,,,,
07/20/25 06:55:00,40.64,713.02,,,,
07/20/25 07:00:00,40.33,732.28,,,,
07/20/25 07:05:00,40.64,687.81,,,,
07/20/25 07:10:00,41.11,672.35,,,,
07/20/25 07:15:00,41.11,700.17,,,,
07/20/25 07:20:00,41.26,786.27,,,,
07/20/25 07:25:00,42.42,1085.93,,,,
07/20/25 07:30:00,43.81,1467.42,,,,
07/20/25 07:35:00,45.51,1681.46,,,,
07/20/25 07:40:00,46.67,2081.49,,,,
07/20/25 07:45:00,46.51,1980.65,,,,
07/20/25 07:50:00,48.21,2366.89,,,,
07/20/25 07:55:00,48.60,2401.14,,,,
07/20/25 08:00:00,46.98,1935.47,,,,
07/20/25 08:05:00,46.05,1831.77,,,,
07/20/25 08:10:00,45.89,1718.09,,,,
07/20/25 08:15:00,45.59,1564.45,,,,
07/20/25 08:20:00,45.28,1546.85,,,,
07/20/25 08:25:00,46.05,2091.01,,,,
07/20/25 08:30:00,46.82,2121.45,,,,
07/20/25 08:35:00,48.29,2896.78,,,,
07/20/25 08:40:00,48.21,2849.21,,,,
07/20/25 08:45:00,50.84,3495.16,,,,
07/20/25 08:50:00,50.76,3414.30,,,,
07/20/25 08:55:00,52.54,3780.56,,,,
07/20/25 09:00:00,53.00,3963.21,,,,
07/20/25 09:05:00,53.85,4084.98,,,,
07/20/25 09:10:00,54.08,4151.57,,,,
07/20/25 09:15:00,54.39,4161.09,,,,
07/20/25 09:20:00,55.08,4471.22,,,,
07/20/25 09:25:00,56.01,4634.84,,,,
07/20/25 09:30:00,56.01,4716.66,,,,
07/20/25 09:35:00,55.70,4821.30,,,,
07/20/25 09:40:00,55.16,4153.48,,,,
07/20/25 09:45:00,55.86,5249.40,,,,
07/20/25 09:50:00,56.78,5506.26,,,,
07/20/25 09:55:00,57.32,5765.02,,,,
07/20/25 10:00:00,57.48,6175.99,,,,
07/20/25 10:05:00,58.48,6830.50,,,,
07/20/25 10:10:00,59.87,7865.54,,,,
07/20/25 10:15:00,61.88,8451.55,,,,
07/20/25 10:20:00,60.80,6438.55,,,,
07/20/25 10:25:00,62.88,8421.11,,,,
07/20/25 10:30:00,63.66,7964.47,,,,
07/20/25 10:35:00,60.88,8402.08,,,,
07/20/25 10:40:00,60.41,8504.83,,,,
07/20/25 10:45:00,58.40,6613.60,,,,
07/20/25 10:50:00,60.34,6980.81,,,,
07/20/25 10:55:00,60.03,9121.28,,,,
07/20/25 11:00:00,57.01,4674.80,,,,
07/20/25 11:05:00,59.25,7001.74,,,,
07/20/25 11:10:00,61.18,5648.95,,,,
07/20/25 11:15:00,56.55,5458.69,,,,
07/20/25 11:20:00,56.94,5167.59,,,,
07/20/25 11:25:00,56.40,3852.86,,,,
07/20/25 11:30:00,58.25,6143.64,,,,
07/20/25 11:35:00,57.01,7393.68,,,,
07/20/25 11:40:00,56.47,7380.36,,,,
07/20/25 11:45:00,62.42,9106.06,,,,
07/20/25 11:50:00,61.34,9596.94,,,,
07/20/25 11:55:00,60.57,8972.88,,,,
07/20/25 12:00:00,56.71,6174.08,,,,
07/20/25 12:05:00,63.42,8828.28,,,,
07/20/25 12:10:00,64.97,8835.89,,,,
07/20/25 12:15:00,65.43,6134.13,,,,
07/20/25 12:20:00,64.50,8497.21,,,,
07/20/25 12:25:00,61.26,4914.53,,,,
07/20/25 12:30:00,63.04,8150.93,,,,
07/20/25 12:35:00,63.96,8021.55,,,,
07/20/25 12:40:00,64.12,8120.49,,,,
07/20/25 12:45:00,59.49,4484.54,,,,
07/20/25 12:50:00,61.42,7903.59,,,,
07/20/25 12:55:00,63.50,7561.11,,,,
07/20/25 13:00:00,64.12,7561.11,,,,
07/20/25 13:05:00,64.35,7559.21,,,,
07/20/25 13:10:00,64.12,7538.28,,,,
07/20/25 13:15:00,64.20,7551.60,,,,
07/20/25 13:20:00,64.35,7559.21,,,,
07/20/25 13:25:00,64.58,7568.72,,,,
07/20/25 13:30:00,64.50,7576.33,,,,
07/20/25 13:35:00,64.66,7589.65,,,,
07/20/25 13:40:00,64.58,7589.65,,,,
07/20/25 13:45:00,64.50,7597.26,,,,
07/20/25 13:50:00,64.43,7602.97,,,,
07/20/25 13:55:00,64.58,7612.48,,,,
07/20/25 14:00:00,64.58,7627.71,,,,
07/20/25 14:05:00,64.58,7641.02,,,,
07/20/25 14:10:00,64.74,7650.54,,,,
07/20/25 14:15:00,64.43,7650.54,,,,
07/20/25 14:20:00,64.50,7646.73,,,,
07/20/25 14:25:00,64.43,7639.12,,,,
07/20/25 14:30:00,64.35,7642.93,,,,
07/20/25 14:35:00,64.20,7641.02,,,,
07/20/25 14:40:00,64.43,7654.34,,,,
07/20/25 14:45:00,64.81,7642.93,,,,
07/20/25 14:50:00,64.58,7633.41,,,,
07/20/25 14:55:00,64.35,7654.34,,,,
07/20/25 15:00:00,64.20,7639.12,,,,
07/20/25 15:05:00,63.58,7629.61,,,,
07/20/25 15:10:00,63.35,7620.10,,,,
07/20/25 15:15:00,63.66,7591.56,,,,
07/20/25 15:20:00,63.50,7568.72,,,,
07/20/25 15:25:00,63.58,7540.18,,,,
07/20/25 15:30:00,63.73,7511.64,,,,
07/20/25 15:35:00,63.81,7467.88,,,,
07/20/25 15:40:00,63.66,7399.39,,,,
07/20/25 15:45:00,63.58,7397.49,,,,
07/20/25 15:50:00,63.42,7346.11,,,,
07/20/25 15:55:00,63.35,7287.13,,,,
07/20/25 16:00:00,63.19,7235.76,,,,
07/20/25 16:05:00,63.11,7178.68,,,,
07/20/25 16:10:00,63.04,7131.12,,,,
07/20/25 16:15:00,63.04,7083.55,,,,
07/20/25 16:20:00,62.65,7016.96,,,,
07/20/25 16:25:00,62.88,6959.88,,,,
07/20/25 16:30:00,62.65,6902.80,,,,
07/20/25 16:35:00,62.50,6847.62,,,,
07/20/25 16:40:00,62.88,6779.13,,,,
07/20/25 16:45:00,63.27,6704.92,,,,
07/20/25 16:50:00,62.65,6649.75,,,,
07/20/25 16:55:00,62.03,6585.06,,,,
07/20/25 17:00:00,61.42,6505.14,,,,
07/20/25 17:05:00,61.26,6434.75,,,,
07/20/25 17:10:00,61.26,6356.74,,,,
07/20/25 17:15:00,61.03,6284.44,,,,
07/20/25 17:20:00,60.72,6217.85,,,,
07/20/25 17:25:00,60.80,6130.32,,,,
07/20/25 17:30:00,60.72,6059.93,,,,
07/20/25 17:35:00,61.57,5976.21,,,,
07/20/25 17:40:00,61.11,5898.20,,,,
07/20/25 17:45:00,60.57,5818.29,,,,
07/20/25 17:50:00,60.49,5755.50,,,,
07/20/25 17:55:00,60.26,5677.49,,,,
07/20/25 18:00:00,60.34,5582.36,,,,
07/20/25 18:05:00,60.34,5502.45,,,,
07/20/25 18:10:00,60.57,5433.96,,,,
07/20/25 18:15:00,60.10,5333.12,,,,
07/20/25 18:20:00,60.49,5236.08,,,,
07/20/25 18:25:00,60.10,5140.95,,,,
07/20/25 18:30:00,59.49,5057.23,,,,
07/20/25 18:35:00,59.02,4977.32,,,,
07/20/25 18:40:00,59.33,4889.80,,,,
07/20/25 18:45:00,59.64,4809.89,,,,
07/20/25 18:50:00,59.33,4714.76,,,,
07/20/25 18:55:00,60.72,4625.33,,,,
07/20/25 19:00:00,60.26,4551.13,,,,
07/20/25 19:05:00,58.48,4480.73,,,,
07/20/25 19:10:00,57.94,4389.40,,,,
07/20/25 19:15:00,58.17,4311.39,,,,
07/20/25 19:20:00,56.55,3904.23,,,,
07/20/25 19:25:00,55.93,4079.27,,,,
07/20/25 19:30:00,56.47,4180.11,,,,
07/20/25 19:35:00,56.63,4083.08,,,,
07/20/25 19:40:00,57.48,3944.18,,,,
07/20/25 19:45:00,56.40,3816.71,,,,
07/20/25 19:50:00,55.70,3710.16,,,,
07/20/25 19:55:00,55.70,3666.40,,,,
07/20/25 20:00:00,54.78,3575.07,,,,
07/20/25 20:05:00,55.39,3508.48,,,,
07/20/25 20:10:00,51.15,1367.53,,,,
07/20/25 20:15:00,49.06,1829.39,,,,
07/20/25 20:20:00,51.61,2478.20,,,,
07/20/25 20:25:00,48.21,959.65,,,,
07/20/25 20:30:00,45.59,1052.16,,,,
07/20/25 20:35:00,45.66,1169.65,,,,
07/20/25 20:40:00,46.67,1209.13,,,,
07/20/25 20:45:00,46.98,1163.94,,,,
07/20/25 20:50:00,45.35,1091.17,,,,
07/20/25 20:55:00,43.89,1001.27,,,,
07/20/25 21:00:00,42.96,912.08,,,,
07/20/25 21:05:00,43.42,839.54,,,,
07/20/25 21:10:00,44.20,787.46,,,,
07/20/25 21:15:00,44.50,756.54,,,,
07/20/25 21:20:00,44.04,772.71,,,,
07/20/25 21:25:00,44.74,1028.86,,,,
07/20/25 21:30:00,46.44,1039.80,,,,
07/20/25 21:35:00,46.98,1194.39,,,,
07/20/25 21:40:00,45.43,879.97,,,,
07/20/25 21:45:00,43.50,610.51,,,,
07/20/25 21:50:00,41.42,454.73,,,,
07/20/25 21:55:00,41.88,367.33,,,,
07/20/25 22:00:00,40.80,290.03,,,,
07/20/25 22:05:00,41.11,296.57,,,,
07/20/25 22:10:00,41.65,242.29,,,,
07/20/25 22:15:00,40.72,215.65,,,,
07/20/25 22:20:00,40.80,190.26,,,,
07/20/25 22:25:00,40.88,139.13,,,,
07/20/25 22:30:00,40.41,109.02,,,,
07/20/25 22:35:00,40.64,83.57,,,,
07/20/25 22:40:00,41.34,65.14,,,,
07/20/25 22:45:00,41.11,47.16,,,,
07/20/25 22:50:00,40.80,33.83,,,,
07/20/25 22:55:00,40.41,24.15,,,,
07/20/25 23:00:00,40.95,17.52,,,,
07/20/25 23:05:00,40.57,12.59,,,,
07/20/25 23:10:00,40.10,8.48,,,,
07/20/25 23:15:00,40.10,5.62,,,,
07/20/25 23:20:00,41.42,3.59,,,,
07/20/25 23:25:00,40.49,2.10,,,,
07/20/25 23:30:00,39.64,1.25,,,,
07/20/25 23:35:00,39.64,0.79,,,,
07/20/25 23:40:00,40.10,0.56,,,,
07/20/25 23:45:00,40.33,0.34,,,,
07/20/25 23:50:00,40.03,0.20,,,,
07/20/25 23:55:00,39.79,0.14,,,,
07/21/25 00:00:00,39.95,0.08,,,,
07/21/25 00:05:00,40.57,0.04,,,,
07/21/25 00:10:00,41.03,0.02,,,,
07/21/25 00:15:00,41.26,0.00,,,,
07/21/25 00:20:00,40.80,0.00,,,,
07/21/25 00:25:00,40.49,0.00,,,,
07/21/25 00:30:00,40.33,0.00,,,,
07/21/25 00:35:00,40.18,0.00,,,,
07/21/25 00:40:00,39.95,0.00,,,,
07/21/25 00:45:00,40.33,0.00,,,,
07/21/25 00:50:00,39.56,0.00,,,,
07/21/25 00:55:00,39.95,0.00,,,,
07/21/25 01:00:00,40.18,0.00,,,,
07/21/25 01:05:00,41.18,0.00,,,,
07/21/25 01:10:00,42.34,0.00,,,,
07/21/25 01:15:00,42.03,0.00,,,,
07/21/25 01:20:00,41.49,0.00,,,,
07/21/25 01:25:00,41.34,0.00,,,,
07/21/25 01:30:00,40.88,0.00,,,,
07/21/25 01:35:00,40.10,0.00,,,,
07/21/25 01:40:00,39.79,0.00,,,,
07/21/25 01:45:00,39.49,0.00,,,,
07/21/25 01:50:00,39.10,0.00,,,,
07/21/25 01:55:00,39.10,0.00,,,,
07/21/25 02:00:00,39.95,0.00,,,,
07/21/25 02:05:00,40.64,0.00,,,,
07/21/25 02:10:00,40.64,0.00,,,,
07/21/25 02:15:00,40.33,0.00,,,,
07/21/25 02:20:00,40.18,0.00,,,,
07/21/25 02:25:00,40.41,0.00,,,,
07/21/25 02:30:00,40.95,0.00,,,,
07/21/25 02:35:00,41.42,0.00,,,,
07/21/25 02:40:00,41.49,0.00,,,,
07/21/25 02:45:00,40.57,0.00,,,,
07/21/25 02:50:00,39.02,0.00,,,,
07/21/25 02:55:00,39.33,0.00,,,,
07/21/25 03:00:00,39.87,0.00,,,,
07/21/25 03:05:00,39.49,0.00,,,,
07/21/25 03:10:00,39.41,0.00,,,,
07/21/25 03:15:00,39.79,0.00,,,,
07/21/25 03:20:00,39.72,0.00,,,,
07/21/25 03:25:00,39.41,0.00,,,,
07/21/25 03:30:00,39.33,0.00,,,,
07/21/25 03:35:00,39.33,0.00,,,,
07/21/25 03:40:00,39.56,0.00,,,,
07/21/25 03:45:00,39.87,0.08,,,,
07/21/25 03:50:00,39.79,0.04,,,,
07/21/25 03:55:00,39.79,0.08,,,,
07/21/25 04:00:00,40.64,0.12,,,,
07/21/25 04:05:00,40.33,0.18,,,,
07/21/25 04:10:00,40.26,0.26,,,,
07/21/25 04:15:00,40.26,0.42,,,,
07/21/25 04:20:00,41.42,0.54,,,,
07/21/25 04:25:00,41.26,0.85,,,,
07/21/25 04:30:00,41.57,1.27,,,,
07/21/25 04:35:00,41.65,2.04,,,,
07/21/25 04:40:00,41.80,3.31,,,,
07/21/25 04:45:00,41.65,5.25,,,,
07/21/25 04:50:00,40.57,8.33,,,,
07/21/25 04:55:00,39.95,12.69,,,,
07/21/25 05:00:00,38.94,17.70,,,,
07/21/25 05:05:00,38.56,25.29,,,,
07/21/25 05:10:00,39.72,36.45,,,,
07/21/25 05:15:00,39.33,49.78,,,,
07/21/25 05:20:00,38.64,64.39,,,,
07/21/25 05:25:00,38.71,82.53,,,,
07/21/25 05:30:00,38.94,104.53,,,,
07/21/25 05:35:00,38.87,129.97,,,,
07/21/25 05:40:00,38.71,159.70,,,,
07/21/25 05:45:00,38.48,195.26,,,,
07/21/25 05:50:00,39.33,229.63,,,,
07/21/25 05:55:00,40.41,277.31,,,,
07/21/25 06:00:00,41.03,375.77,,,,
07/21/25 06:05:00,41.49,453.19,,,,
07/21/25 06:10:00,41.96,534.41,,,,
07/21/25 06:15:00,42.34,613.13,,,,
07/21/25 06:20:00,43.04,692.33,,,,
07/21/25 06:25:00,43.42,771.28,,,,
07/21/25 06:30:00,43.58,848.58,,,,
07/21/25 06:35:00,43.96,922.31,,,,
07/21/25 06:40:00,44.35,1011.73,,,,
07/21/25 06:45:00,44.66,1101.63,,,,
07/21/25 06:50:00,44.81,1116.38,,,,
07/21/25 06:55:00,44.74,1310.92,,,,
07/21/25 07:00:00,44.89,1377.04,,,,
07/21/25 07:05:00,44.58,1353.26,,,,
07/21/25 07:10:00,42.96,1043.13,,,,
07/21/25 07:15:00,43.35,1419.85,,,,
07/21/25 07:20:00,46.13,1730.46,,,,
07/21/25 07:25:00,47.28,1778.97,,,,
07/21/25 07:30:00,47.67,1862.21,,,,
07/21/25 07:35:00,48.13,2036.78,,,,
07/21/25 07:40:00,49.06,2139.52,,,,
07/21/25 07:45:00,49.45,2262.25,,,,
07/21/25 07:50:00,49.06,2375.45,,,,
07/21/25 07:55:00,48.83,2465.83,,,,
07/21/25 08:00:00,49.22,2574.28,,,,
07/21/25 08:05:00,49.52,2584.74,,,,
07/21/25 08:10:00,50.14,2786.42,,,,
07/21/25 08:15:00,50.61,2904.39,,,,
07/21/25 08:20:00,51.22,3031.87,,,,
07/21/25 08:25:00,51.84,3165.05,,,,
07/21/25 08:30:00,52.15,3292.53,,,,
07/21/25 08:35:00,52.54,3295.38,,,,
07/21/25 08:40:00,52.92,3490.40,,,,
07/21/25 08:45:00,53.46,3618.83,,,,
07/21/25 08:50:00,53.69,3750.11,,,,
07/21/25 08:55:00,53.23,3913.74,,,,
07/21/25 09:00:00,53.54,3834.78,,,,
07/21/25 09:05:00,53.85,4111.62,,,,
07/21/25 09:10:00,54.47,4201.04,,,,
07/21/25 09:15:00,54.70,4332.32,,,,
07/21/25 09:20:00,55.70,4465.51,,,,
07/21/25 09:25:00,55.86,4600.60,,,,
07/21/25 09:30:00,55.70,4771.83,,,,
07/21/25 09:35:00,55.93,4935.46,,,,
07/21/25 09:40:00,56.71,5144.75,,,,
07/21/25 09:45:00,57.09,5382.58,,,,
07/21/25 09:50:00,57.25,5654.66,,,,
07/21/25 09:55:00,56.63,4718.56,,,,
07/21/25 10:00:00,55.78,5218.96,,,,
07/21/25 10:05:00,57.40,6427.14,,,,
07/21/25 10:10:00,57.71,6366.25,,,,
07/21/25 10:15:00,57.86,6335.81,,,,
07/21/25 10:20:00,56.17,6847.62,,,,
07/21/25 10:25:00,57.79,7252.88,,,,
07/21/25 10:30:00,58.79,7199.61,,,,
07/21/25 10:35:00,59.41,7287.13,,,,
07/21/25 10:40:00,60.03,7467.88,,,,
07/21/25 10:45:00,59.79,7258.59,,,,
07/21/25 10:50:00,59.02,6938.95,,,,
07/21/25 10:55:00,60.18,7842.70,,,,
07/21/25 11:00:00,61.26,8109.08,,,,
07/21/25 11:05:00,61.42,8150.93,,,,
07/21/25 11:10:00,63.04,8367.83,,,,
07/21/25 11:15:00,61.18,6358.64,,,,
07/21/25 11:20:00,62.03,7435.54,,,,
07/21/25 11:25:00,62.81,7658.15,,,,
07/21/25 11:30:00,62.50,8314.56,,,,
07/21/25 11:35:00,61.88,7857.93,,,,
07/21/25 11:40:00,62.27,7570.63,,,,
07/21/25 11:45:00,62.11,7397.49,,,,
07/21/25 11:50:00,58.71,7846.51,,,,
07/21/25 11:55:00,59.33,6923.73,,,,
07/21/25 12:00:00,59.95,6115.10,,,,
07/21/25 12:05:00,61.49,7555.41,,,,
07/21/25 12:10:00,61.65,6914.21,,,,
07/21/25 12:15:00,62.42,8139.52,,,,
07/21/25 12:20:00,63.27,8497.21,,,,
07/21/25 12:25:00,60.88,6902.80,,,,
07/21/25 12:30:00,61.57,6704.92,,,,
07/21/25 12:35:00,61.49,6324.39,,,,
07/21/25 12:40:00,63.89,7926.42,,,,
07/21/25 12:45:00,63.04,8447.75,,,,
07/21/25 12:50:00,66.82,7964.47,,,,
07/21/25 12:55:00,65.89,7348.02,,,,
07/21/25 13:00:00,67.44,8029.16,,,,
07/21/25 13:05:00,63.04,6155.06,,,,
07/21/25 13:10:00,65.20,7235.76,,,,
07/21/25 13:15:00,63.50,6859.04,,,,
07/21/25 13:20:00,63.27,7502.13,,,,
07/21/25 13:25:00,60.80,5945.77,,,,
07/21/25 13:30:00,63.81,7235.76,,,,
07/21/25 13:35:00,63.04,6461.38,,,,
07/21/25 13:40:00,62.11,6902.80,,,,
07/21/25 13:45:00,63.35,8112.88,,,,
07/21/25 13:50:00,62.03,7321.38,,,,
07/21/25 13:55:00,60.34,7115.89,,,,
07/21/25 14:00:00,62.88,8112.88,,,,
07/21/25 14:05:00,61.11,7391.78,,,,
07/21/25 14:10:00,62.34,7679.08,,,,
07/21/25 14:15:00,61.65,7846.51,,,,
07/21/25 14:20:00,61.34,6547.00,,,,
07/21/25 14:25:00,61.26,7606.78,,,,
07/21/25 14:30:00,57.63,6419.53,,,,
07/21/25 14:35:00,62.11,7876.95,,,,
07/21/25 14:40:00,62.88,7751.38,,,,
07/21/25 14:45:00,64.20,7526.87,,,,
07/21/25 14:50:00,64.50,6792.44,,,,
07/21/25 14:55:00,63.19,6440.45,,,,
07/21/25 15:00:00,63.81,6720.14,,,,
07/21/25 15:05:00,63.19,7492.62,,,,
07/21/25 15:10:00,63.96,7903.59,,,,
07/21/25 15:15:00,63.81,7690.49,,,,
07/21/25 15:20:00,62.88,7633.41,,,,
07/21/25 15:25:00,64.81,7511.64,,,,
07/21/25 15:30:00,66.36,7540.18,,,,
07/21/25 15:35:00,66.51,7545.89,,,,
07/21/25 15:40:00,63.89,7547.79,,,,
07/21/25 15:45:00,63.35,7559.21,,,,
07/21/25 15:50:00,65.12,7441.25,,,,
07/21/25 15:55:00,62.81,7393.68,,,,
07/21/25 16:00:00,61.57,5774.53,,,,
07/21/25 16:05:00,57.48,5989.53,,,,
07/21/25 16:10:00,62.27,7273.81,,,,
07/21/25 16:15:00,62.96,7165.36,,,,
07/21/25 16:20:00,62.65,6720.14,,,,
07/21/25 16:25:00,57.71,5384.49,,,,
07/21/25 16:30:00,59.95,7093.06,,,,
07/21/25 16:35:00,59.25,6859.04,,,,
07/21/25 16:40:00,58.87,6769.61,,,,
07/21/25 16:45:00,59.41,6695.41,,,,
07/21/25 16:50:00,59.72,6621.21,,,,
07/21/25 16:55:00,60.26,6554.61,,,,
07/21/25 17:00:00,59.79,6529.88,,,,
07/21/25 17:05:00,59.02,6448.07,,,,
07/21/25 17:10:00,59.25,6415.72,,,,
07/21/25 17:15:00,59.33,6316.78,,,,
07/21/25 17:20:00,58.95,6229.26,,,,
07/21/25 17:25:00,58.17,6177.89,,,,
07/21/25 17:30:00,51.61,2388.77,,,,
07/21/25 17:35:00,49.45,2831.14,,,,
07/21/25 17:40:00,51.38,6444.26,,,,
07/21/25 17:45:00,57.79,5921.03,,,,
07/21/25 17:50:00,57.56,5757.41,,,,
07/21/25 17:55:00,57.71,5677.49,,,,
07/21/25 18:00:00,57.86,5593.78,,,,
07/21/25 18:05:00,57.71,5565.24,,,,
07/21/25 18:10:00,57.40,5513.87,,,,
07/21/25 18:15:00,57.17,5426.34,,,,
07/21/25 18:20:00,57.17,5352.14,,,,
07/21/25 18:25:00,57.01,5283.65,,,,
07/21/25 18:30:00,57.17,5226.57,,,,
07/21/25 18:35:00,57.71,5099.09,,,,
07/21/25 18:40:00,57.86,4992.54,,,,
07/21/25 18:45:00,56.86,4899.31,,,,
07/21/25 18:50:00,56.63,4855.55,,,,
07/21/25 18:55:00,56.47,4807.99,,,,
07/21/25 19:00:00,56.55,4690.02,,,,
07/21/25 19:05:00,56.32,4783.25,,,,
07/21/25 19:10:00,53.85,3498.97,,,,
07/21/25 19:15:00,49.14,2111.94,,,,
07/21/25 19:20:00,46.90,1837.48,,,,
07/21/25 19:25:00,47.52,2379.26,,,,
07/21/25 19:30:00,53.54,4176.31,,,,
07/21/25 19:35:00,55.86,3559.85,,,,
07/21/25 19:40:00,59.10,4667.19,,,,
07/21/25 19:45:00,54.39,2992.86,,,,
07/21/25 19:50:00,55.39,3033.77,,,,
07/21/25 19:55:00,52.07,2061.52,,,,
07/21/25 20:00:00,49.37,1851.75,,,,
07/21/25 20:05:00,51.53,3220.23,,,,
07/21/25 20:10:00,57.79,4121.13,,,,
07/21/25 20:15:00,57.17,3549.39,,,,
07/21/25 20:20:00,57.09,3880.45,,,,
07/21/25 20:25:00,54.08,3513.23,,,,
07/21/25 20:30:00,55.24,3267.79,,,,
07/21/25 20:35:00,55.47,3066.11,,,,
07/21/25 20:40:00,54.54,2925.32,,,,
07/21/25 20:45:00,53.85,2746.47,,,,
07/21/25 20:50:00,53.08,2571.43,,,,
07/21/25 20:55:00,52.38,2364.04,,,,
07/21/25 21:00:00,51.76,2205.17,,,,
07/21/25 21:05:00,50.99,2021.56,,,,
07/21/25 21:10:00,50.37,1876.01,,,,
07/21/25 21:15:00,51.84,1751.39,,,,
07/21/25 21:20:00,50.61,1622.96,,,,
07/21/25 21:25:00,50.45,1502.14,,,,
07/21/25 21:30:00,49.99,1376.56,,,,
07/21/25 21:35:00,49.45,1261.93,,,,
07/21/25 21:40:00,48.83,1155.38,,,,
07/21/25 21:45:00,48.98,1019.34,,,,
07/21/25 21:50:00,47.90,891.39,,,,
07/21/25 21:55:00,45.97,772.00,,,,
07/21/25 22:00:00,44.43,693.75,,,,
07/21/25 22:05:00,45.89,590.77,,,,
07/21/25 22:10:00,44.58,247.46,,,,
07/21/25 22:15:00,42.96,206.67,,,,
07/21/25 22:20:00,42.73,177.90,,,,
07/21/25 22:25:00,42.96,151.80,,,,
07/21/25 22:30:00,42.42,126.35,,,,
07/21/25 22:35:00,41.65,100.75,,,,
07/21/25 22:40:00,42.88,79.88,,,,
07/21/25 22:45:00,42.96,61.45,,,,
07/21/25 22:50:00,41.65,45.80,,,,
07/21/25 22:55:00,40.72,33.37,,,,
07/21/25 23:00:00,41.11,24.01,,,,
07/21/25 23:05:00,42.11,16.33,,,,
07/21/25 23:10:00,41.42,10.91,,,,
07/21/25 23:15:00,41.34,6.91,,,,
07/21/25 23:20:00,41.34,4.40,,,,
07/21/25 23:25:00,41.88,2.74,,,,
07/21/25 23:30:00,43.73,1.73,,,,
07/21/25 23:35:00,44.89,1.13,,,,
07/21/25 23:40:00,43.58,0.79,,,,
07/21/25 23:45:00,44.12,0.50,,,,
07/21/25 23:50:00,43.35,0.42,,,,
07/21/25 23:55:00,43.27,0.24,,,,
07/22/25 00:00:00,42.19,0.16,,,,
07/22/25 00:05:00,42.03,0.16,,,,
07/22/25 00:10:00,41.18,0.06,,,,
07/22/25 00:15:00,41.03,0.04,,,,
07/22/25 00:20:00,41.57,0.02,,,,
07/22/25 00:25:00,41.57,0.00,,,,
07/22/25 00:30:00,40.80,0.00,,,,
07/22/25 00:35:00,40.26,0.00,,,,
07/22/25 00:40:00,40.03,0.00,,,,
07/22/25 00:45:00,40.49,0.00,,,,
07/22/25 00:50:00,41.11,0.00,,,,
07/22/25 00:55:00,41.80,0.00,,,,
07/22/25 01:00:00,42.42,0.00,,,,
07/22/25 01:05:00,43.27,0.00,,,,
07/22/25 01:10:00,43.04,0.00,,,,
07/22/25 01:15:00,41.88,0.00,,,,
07/22/25 01:20:00,41.26,0.00,,,,
07/22/25 01:25:00,41.80,0.00,,,,
07/22/25 01:30:00,42.42,0.00,,,,
07/22/25 01:35:00,42.11,0.00,,,,
07/22/25 01:40:00,42.03,0.00,,,,
07/22/25 01:45:00,41.88,0.00,,,,
07/22/25 01:50:00,42.81,0.00,,,,
07/22/25 01:55:00,42.42,0.00,,,,
07/22/25 02:00:00,42.27,0.00,,,,
07/22/25 02:05:00,41.42,0.00,,,,
07/22/25 02:10:00,41.03,0.00,,,,
07/22/25 02:15:00,41.18,0.00,,,,
07/22/25 02:20:00,40.41,0.00,,,,
07/22/25 02:25:00,40.41,0.00,,,,
07/22/25 02:30:00,41.11,0.00,,,,
07/22/25 02:35:00,41.42,0.00,,,,
07/22/25 02:40:00,40.64,0.00,,,,
07/22/25 02:45:00,39.87,0.00,,,,
07/22/25 02:50:00,38.79,0.00,,,,
07/22/25 02:55:00,38.87,0.00,,,,
07/22/25 03:00:00,39.33,0.00,,,,
07/22/25 03:05:00,39.10,0.00,,,,
07/22/25 03:10:00,38.87,0.00,,,,
07/22/25 03:15:00,40.33,0.00,,,,
07/22/25 03:20:00,39.56,0.00,,,,
07/22/25 03:25:00,38.56,0.00,,,,
07/22/25 03:30:00,37.63,0.00,,,,
07/22/25 03:35:00,38.02,0.02,,,,
07/22/25 03:40:00,39.72,0.00,,,,
07/22/25 03:45:00,39.33,0.00,,,,
07/22/25 03:50:00,39.79,0.02,,,,
07/22/25 03:55:00,40.33,0.04,,,,
07/22/25 04:00:00,38.56,0.06,,,,
07/22/25 04:05:00,38.02,0.10,,,,
07/22/25 04:10:00,39.64,0.18,,,,
07/22/25 04:15:00,40.03,0.34,,,,
07/22/25 04:20:00,39.72,0.44,,,,
07/22/25 04:25:00,39.95,0.62,,,,
07/22/25 04:30:00,38.94,0.93,,,,
07/22/25 04:35:00,38.17,1.39,,,,
07/22/25 04:40:00,38.40,2.12,,,,
07/22/25 04:45:00,38.48,3.35,,,,
07/22/25 04:50:00,38.10,5.17,,,,
07/22/25 04:55:00,38.25,7.92,,,,
07/22/25 05:00:00,38.02,11.95,,,,
07/22/25 05:05:00,36.86,17.36,,,,
07/22/25 05:10:00,37.48,25.19,,,,
07/22/25 05:15:00,38.40,34.80,,,,
07/22/25 05:20:00,38.56,46.05,,,,
07/22/25 05:25:00,39.33,60.83,,,,
07/22/25 05:30:00,39.95,80.54,,,,
07/22/25 05:35:00,39.95,112.08,,,,
07/22/25 05:40:00,40.18,138.71,,,,
07/22/25 05:45:00,41.11,137.53,,,,
07/22/25 05:50:00,42.11,128.90,,,,
07/22/25 05:55:00,42.73,121.56,,,,
07/22/25 06:00:00,42.34,128.37,,,,
07/22/25 06:05:00,41.80,149.30,,,,
07/22/25 06:10:00,41.96,172.61,,,,
07/22/25 06:15:00,41.88,221.24,,,,
07/22/25 06:20:00,42.03,201.98,,,,
07/22/25 06:25:00,42.27,212.14,,,,
07/22/25 06:30:00,41.49,241.52,,,,
07/22/25 06:35:00,42.57,380.89,,,,
07/22/25 06:40:00,41.96,525.37,,,,
07/22/25 06:45:00,41.49,437.73,,,,
07/22/25 06:50:00,41.65,421.67,,,,
07/22/25 06:55:00,41.96,534.88,,,,
07/22/25 07:00:00,41.96,502.77,,,,
07/22/25 07:05:00,43.19,621.93,,,,
07/22/25 07:10:00,43.35,743.22,,,,
07/22/25 07:15:00,44.58,796.49,,,,
07/22/25 07:20:00,44.81,922.31,,,,
07/22/25 07:25:00,45.12,1375.14,,,,
07/22/25 07:30:00,44.74,1303.31,,,,
07/22/25 07:35:00,44.43,1138.73,,,,
07/22/25 07:40:00,43.89,1016.01,,,,
07/22/25 07:45:00,43.50,1239.57,,,,
07/22/25 07:50:00,44.50,1262.88,,,,
07/22/25 07:55:00,44.97,1215.31,,,,
07/22/25 08:00:00,44.66,1299.98,,,,
07/22/25 08:05:00,45.82,1406.06,,,,
07/22/25 08:10:00,45.12,1272.87,,,,
07/22/25 08:15:00,44.04,1331.38,,,,
07/22/25 08:20:00,44.43,1499.76,,,,
07/22/25 08:25:00,44.89,1730.93,,,,
07/22/25 08:30:00,45.12,1810.84,,,,
07/22/25 08:35:00,44.66,1975.90,,,,
07/22/25 08:40:00,43.50,1780.40,,,,
07/22/25 08:45:00,43.11,1882.67,,,,
07/22/25 08:50:00,44.04,1884.57,,,,
07/22/25 08:55:00,45.97,2032.03,,,,
07/22/25 09:00:00,46.44,2161.41,,,,
07/22/25 09:05:00,49.29,3838.59,,,,
07/22/25 09:10:00,49.91,2764.54,,,,
07/22/25 09:15:00,49.91,3351.51,,,,
07/22/25 09:20:00,49.76,3077.53,,,,
07/22/25 09:25:00,50.22,3296.33,,,,
07/22/25 09:30:00,50.68,3934.67,,,,
07/22/25 09:35:00,51.45,4435.07,,,,
07/22/25 09:40:00,52.54,3587.44,,,,
07/22/25 09:45:00,51.84,3575.07,,,,
07/22/25 09:50:00,52.38,4109.71,,,,
07/22/25 09:55:00,54.62,4469.31,,,,
07/22/25 10:00:00,53.69,5220.86,,,,
07/22/25 10:05:00,54.54,5382.58,,,,
07/22/25 10:10:00,55.47,5281.74,,,,
07/22/25 10:15:00,57.17,6351.03,,,,
07/22/25 10:20:00,57.79,6916.12,,,,
07/22/25 10:25:00,58.17,7492.62,,,,
07/22/25 10:30:00,59.72,7346.11,,,,
07/22/25 10:35:00,60.80,7530.67,,,,
07/22/25 10:40:00,59.41,5917.23,,,,
07/22/25 10:45:00,61.03,8291.73,,,,
07/22/25 10:50:00,55.62,4615.82,,,,
07/22/25 10:55:00,55.01,4813.69,,,,
07/22/25 11:00:00,53.62,4520.69,,,,
07/22/25 11:05:00,53.31,4663.38,,,,
07/22/25 11:10:00,52.92,5074.36,,,,
07/22/25 11:15:00,51.76,4109.71,,,,
07/22/25 11:20:00,50.30,3839.54,,,,
07/22/25 11:25:00,49.99,3858.57,,,,
07/22/25 11:30:00,54.93,5498.65,,,,
07/22/25 11:35:00,53.93,5846.83,,,,
07/22/25 11:40:00,52.23,4041.22,,,,
07/22/25 11:45:00,62.11,9113.67,,,,
07/22/25 11:50:00,56.17,4851.75,,,,
07/22/25 11:55:00,59.95,6820.98,,,,
07/22/25 12:00:00,61.96,7728.55,,,,
07/22/25 12:05:00,62.73,7661.95,,,,
07/22/25 12:10:00,63.42,7612.48,,,,
07/22/25 12:15:00,63.35,7578.24,,,,
07/22/25 12:20:00,62.88,7536.38,,,,
07/22/25 12:25:00,63.04,7523.06,,,,
07/22/25 12:30:00,62.65,7507.84,,,,
07/22/25 12:35:00,62.65,7500.23,,,,
07/22/25 12:40:00,62.81,7486.91,,,,
07/22/25 12:45:00,62.81,7519.25,,,,
07/22/25 12:50:00,63.58,7591.56,,,,
07/22/25 12:55:00,63.58,7561.11,,,,
07/22/25 13:00:00,63.58,7538.28,,,,
07/22/25 13:05:00,63.19,7545.89,,,,
07/22/25 13:10:00,62.81,7559.21,,,,
07/22/25 13:15:00,62.34,7547.79,,,,
07/22/25 13:20:00,62.65,7582.04,,,,
07/22/25 13:25:00,62.19,7587.75,,,,
07/22/25 13:30:00,62.50,7610.58,,,,
07/22/25 13:35:00,62.96,7614.39,,,,
07/22/25 13:40:00,62.88,7625.80,,,,
07/22/25 13:45:00,63.66,7635.32,,,,
07/22/25 13:50:00,64.12,7648.63,,,,
07/22/25 13:55:00,64.58,7633.41,,,,
07/22/25 14:00:00,64.58,7654.34,,,,
07/22/25 14:05:00,65.20,7658.15,,,,
07/22/25 14:10:00,63.73,7677.17,,,,
07/22/25 14:15:00,62.34,7669.56,,,,
07/22/25 14:20:00,62.11,7698.10,,,,
07/22/25 14:25:00,62.11,7700.01,,,,
07/22/25 14:30:00,62.27,7686.69,,,,
07/22/25 14:35:00,62.88,7700.01,,,,
07/22/25 14:40:00,62.73,7694.30,,,,
07/22/25 14:45:00,62.65,7700.01,,,,
07/22/25 14:50:00,62.57,7665.76,,,,
07/22/25 14:55:00,61.80,7671.47,,,,
07/22/25 15:00:00,61.57,7673.37,,,,
07/22/25 15:05:00,62.42,7639.12,,,,
07/22/25 15:10:00,62.27,7622.00,,,,
07/22/25 15:15:00,62.03,7610.58,,,,
07/22/25 15:20:00,61.88,7582.04,,,,
07/22/25 15:25:00,62.57,7523.06,,,,
07/22/25 15:30:00,63.66,7496.42,,,,
07/22/25 15:35:00,62.57,7464.08,,,,
07/22/25 15:40:00,62.81,7429.83,,,,
07/22/25 15:45:00,62.81,7397.49,,,,
07/22/25 15:50:00,62.27,7355.63,,,,
07/22/25 15:55:00,62.42,7338.50,,,,
07/22/25 16:00:00,61.88,7290.94,,,,
07/22/25 16:05:00,60.88,7277.62,,,,
07/22/25 16:10:00,60.49,7186.29,,,,
07/22/25 16:15:00,59.72,7026.47,,,,
07/22/25 16:20:00,59.87,7011.25,,,,
07/22/25 16:25:00,60.03,6957.97,,,,
07/22/25 16:30:00,60.41,6900.90,,,,
07/22/25 16:35:00,60.80,6828.59,,,,
07/22/25 16:40:00,60.72,6775.32,,,,
07/22/25 16:45:00,60.72,6703.02,,,,
07/22/25 16:50:00,60.88,6632.62,,,,
07/22/25 16:55:00,60.57,6514.66,,,,
07/22/25 17:00:00,60.57,6488.02,,,,
07/22/25 17:05:00,60.72,6417.62,,,,
07/22/25 17:10:00,60.41,6330.10,,,,
07/22/25 17:15:00,60.64,6263.51,,,,
07/22/25 17:20:00,61.18,6181.70,,,,
07/22/25 17:25:00,60.72,6124.62,,,,
07/22/25 17:30:00,60.64,6042.80,,,,
07/22/25 17:35:00,60.10,6008.55,,,,
07/22/25 17:40:00,61.03,5917.23,,,,
07/22/25 17:45:00,60.26,5772.63,,,,
07/22/25 17:50:00,59.72,5671.79,,,,
07/22/25 17:55:00,59.72,5580.46,,,,
07/22/25 18:00:00,59.10,5517.67,,,,
07/22/25 18:05:00,58.56,5413.03,,,,
07/22/25 18:10:00,58.64,5319.80,,,,
07/22/25 18:15:00,58.40,5205.64,,,,
07/22/25 18:20:00,58.87,5133.34,,,,
07/22/25 18:25:00,58.64,5078.16,,,,
07/22/25 18:30:00,59.56,5015.37,,,,
07/22/25 18:35:00,59.02,4912.63,,,,
07/22/25 18:40:00,60.26,4832.72,,,,
07/22/25 18:45:00,58.56,4766.13,,,,
07/22/25 18:50:00,58.56,4670.99,,,,
07/22/25 18:55:00,58.79,4583.47,,,,
07/22/25 19:00:00,58.64,4511.17,,,,
07/22/25 19:05:00,57.17,4433.16,,,,
07/22/25 19:10:00,57.40,4358.96,,,,
07/22/25 19:15:00,57.79,4406.53,,,,
07/22/25 19:20:00,57.63,4442.68,,,,
07/22/25 19:25:00,58.10,4516.88,,,,
07/22/25 19:30:00,58.02,4463.61,,,,
07/22/25 19:35:00,58.17,4553.03,,,,
07/22/25 19:40:00,58.33,4486.44,,,,
07/22/25 19:45:00,57.56,4322.81,,,,
07/22/25 19:50:00,56.55,4252.41,,,,
07/22/25 19:55:00,56.40,4168.70,,,,
07/22/25 20:00:00,56.40,3972.72,,,,
07/22/25 20:05:00,55.93,3849.05,,,,
07/22/25 20:10:00,54.62,3518.94,,,,
07/22/25 20:15:00,53.77,3501.82,,,,
07/22/25 20:20:00,53.39,3261.13,,,,
07/22/25 20:25:00,53.00,3051.84,,,,
07/22/25 20:30:00,52.69,2872.04,,,,
07/22/25 20:35:00,52.00,2742.66,,,,
07/22/25 20:40:00,51.76,2602.82,,,,
07/22/25 20:45:00,52.00,2473.44,,,,
07/22/25 20:50:00,51.69,2336.45,,,,
07/22/25 20:55:00,51.61,2212.78,,,,
07/22/25 21:00:00,51.22,2103.37,,,,
07/22/25 21:05:00,50.61,1960.68,,,,
07/22/25 21:10:00,49.52,1774.69,,,,
07/22/25 21:15:00,48.13,1615.82,,,,
07/22/25 21:20:00,47.90,1494.53,,,,
07/22/25 21:25:00,46.51,1396.07,,,,
07/22/25 21:30:00,46.05,1303.31,,,,
07/22/25 21:35:00,45.59,1185.82,,,,
07/22/25 21:40:00,46.20,1042.17,,,,
07/22/25 21:45:00,46.67,739.89,,,,
07/22/25 21:50:00,46.90,781.75,,,,
07/22/25 21:55:00,46.51,685.19,,,,
07/22/25 22:00:00,45.97,500.40,,,,
07/22/25 22:05:00,45.28,454.73,,,,
07/22/25 22:10:00,43.27,258.28,,,,
07/22/25 22:15:00,42.81,218.86,,,,
07/22/25 22:20:00,42.65,183.66,,,,
07/22/25 22:25:00,42.88,150.13,,,,
07/22/25 22:30:00,42.34,119.54,,,,
07/22/25 22:35:00,41.72,91.21,,,,
07/22/25 22:40:00,41.57,69.71,,,,
07/22/25 22:45:00,41.65,51.79,,,,
07/22/25 22:50:00,41.03,37.41,,,,
07/22/25 22:55:00,40.88,25.85,,,,
07/22/25 23:00:00,40.64,17.06,,,,
07/22/25 23:05:00,40.33,11.39,,,,
07/22/25 23:10:00,40.95,7.35,,,,
07/22/25 23:15:00,40.95,4.69,,,,
07/22/25 23:20:00,41.03,3.03,,,,
07/22/25 23:25:00,41.80,1.88,,,,
07/22/25 23:30:00,41.49,1.23,,,,
07/22/25 23:35:00,41.42,0.82,,,,
07/22/25 23:40:00,41.57,0.52,,,,
07/22/25 23:45:00,41.88,0.38,,,,
07/22/25 23:50:00,41.88,0.24,,,,
07/22/25 23:55:00,41.57,0.16,,,,
07/23/25 00:00:00,41.65,0.10,,,,
07/23/25 00:05:00,41.88,0.04,,,,
07/23/25 00:10:00,41.11,0.02,,,,
07/23/25 00:15:00,40.64,0.00,,,,
07/23/25 00:20:00,40.72,0.00,,,,
07/23/25 00:25:00,41.03,0.00,,,,
07/23/25 00:30:00,40.72,0.00,,,,
07/23/25 00:35:00,40.18,0.04,,,,
07/23/25 00:40:00,40.18,0.00,,,,
07/23/25 00:45:00,39.72,0.00,,,,
07/23/25 00:50:00,39.87,0.00,,,,
07/23/25 00:55:00,39.49,0.00,,,,
07/23/25 01:00:00,39.41,0.00,,,,
07/23/25 01:05:00,39.87,0.00,,,,
07/23/25 01:10:00,40.26,0.00,,,,
07/23/25 01:15:00,39.72,0.00,,,,
07/23/25 01:20:00,39.72,0.00,,,,
07/23/25 01:25:00,39.95,0.00,,,,
07/23/25 01:30:00,40.10,0.00,,,,
07/23/25 01:35:00,39.72,0.00,,,,
07/23/25 01:40:00,39.33,0.00,,,,
07/23/25 01:45:00,39.18,0.00,,,,
07/23/25 01:50:00,39.18,0.00,,,,
07/23/25 01:55:00,39.64,0.00,,,,
07/23/25 02:00:00,39.87,0.00,,,,
07/23/25 02:05:00,39.10,0.00,,,,
07/23/25 02:10:00,39.49,0.00,,,,
07/23/25 02:15:00,40.18,0.00,,,,
07/23/25 02:20:00,40.18,0.00,,,,
07/23/25 02:25:00,40.57,0.00,,,,
07/23/25 02:30:00,40.10,0.00,,,,
07/23/25 02:35:00,39.87,0.00,,,,
07/23/25 02:40:00,39.49,0.00,,,,
07/23/25 02:45:00,39.10,0.00,,,,
07/23/25 02:50:00,39.56,0.00,,,,
07/23/25 02:55:00,39.56,0.00,,,,
07/23/25 03:00:00,39.49,0.00,,,,
07/23/25 03:05:00,39.49,0.00,,,,
07/23/25 03:10:00,39.56,0.00,,,,
07/23/25 03:15:00,40.10,0.00,,,,
07/23/25 03:20:00,40.10,0.00,,,,
07/23/25 03:25:00,39.87,0.00,,,,
07/23/25 03:30:00,39.87,0.00,,,,
07/23/25 03:35:00,39.87,0.00,,,,
07/23/25 03:40:00,39.79,0.00,,,,
07/23/25 03:45:00,39.64,0.00,,,,
07/23/25 03:50:00,39.49,0.00,,,,
07/23/25 03:55:00,39.56,0.00,,,,
07/23/25 04:00:00,39.18,0.02,,,,
07/23/25 04:05:00,39.79,0.04,,,,
07/23/25 04:10:00,39.79,0.08,,,,
07/23/25 04:15:00,39.87,0.14,,,,
07/23/25 04:20:00,39.79,0.22,,,,
07/23/25 04:25:00,39.87,0.34,,,,
07/23/25 04:30:00,40.18,0.52,,,,
07/23/25 04:35:00,40.49,0.70,,,,
07/23/25 04:40:00,40.33,0.99,,,,
07/23/25 04:45:00,40.33,1.51,,,,
07/23/25 04:50:00,40.26,2.56,,,,
07/23/25 04:55:00,40.57,4.32,,,,
07/23/25 05:00:00,40.03,7.19,,,,
07/23/25 05:05:00,39.87,11.14,,,,
07/23/25 05:10:00,39.49,17.20,,,,
07/23/25 05:15:00,39.87,25.77,,,,
07/23/25 05:20:00,39.64,35.44,,,,
07/23/25 05:25:00,39.87,49.74,,,,
07/23/25 05:30:00,39.79,68.64,,,,
07/23/25 05:35:00,39.87,86.45,,,,
07/23/25 05:40:00,39.72,107.83,,,,
07/23/25 05:45:00,39.72,132.77,,,,
07/23/25 05:50:00,39.33,159.52,,,,
07/23/25 05:55:00,39.49,188.84,,,,
07/23/25 06:00:00,39.33,222.37,,,,
07/23/25 06:05:00,39.72,263.16,,,,
07/23/25 06:10:00,39.87,405.62,,,,
07/23/25 06:15:00,41.18,620.50,,,,
07/23/25 06:20:00,41.80,684.71,,,,
07/23/25 06:25:00,42.50,756.06,,,,
07/23/25 06:30:00,42.88,827.18,,,,
07/23/25 06:35:00,43.19,912.79,,,,
07/23/25 06:40:00,43.50,985.09,,,,
07/23/25 06:45:00,44.58,1073.09,,,,
07/23/25 06:50:00,45.28,1163.94,,,,
07/23/25 06:55:00,45.43,1252.89,,,,
07/23/25 07:00:00,45.20,1329.47,,,,
07/23/25 07:05:00,45.35,1413.19,,,,
07/23/25 07:10:00,45.97,1510.70,,,,
07/23/25 07:15:00,45.43,1595.84,,,,
07/23/25 07:20:00,45.97,1699.54,,,,
07/23/25 07:25:00,46.28,1797.05,,,,
07/23/25 07:30:00,46.28,1901.69,,,,
07/23/25 07:35:00,46.44,2000.63,,,,
07/23/25 07:40:00,47.05,2111.94,,,,
07/23/25 07:45:00,47.21,2170.92,,,,
07/23/25 07:50:00,47.67,2345.96,,,,
07/23/25 07:55:00,47.75,2485.81,,,,
07/23/25 08:00:00,47.98,2639.92,,,,
07/23/25 08:05:00,48.60,2697.95,,,,
07/23/25 08:10:00,48.52,2826.38,,,,
07/23/25 08:15:00,48.75,2949.10,,,,
07/23/25 08:20:00,49.60,3069.92,,,,
07/23/25 08:25:00,49.91,3217.37,,,,
07/23/25 08:30:00,50.37,3368.63,,,,
07/23/25 08:35:00,50.76,3567.46,,,,
07/23/25 08:40:00,51.53,3794.83,,,,
07/23/25 08:45:00,51.76,4102.10,,,,
07/23/25 08:50:00,52.00,4090.69,,,,
07/23/25 08:55:00,51.61,3845.25,,,,
07/23/25 09:00:00,49.52,3400.03,,,,
07/23/25 09:05:00,51.45,4031.71,,,,
07/23/25 09:10:00,52.07,4553.03,,,,
07/23/25 09:15:00,53.08,4486.44,,,,
07/23/25 09:20:00,53.46,4583.47,,,,
07/23/25 09:25:00,54.00,4722.37,,,,
07/23/25 09:30:00,53.77,4878.38,,,,
07/23/25 09:35:00,53.54,5005.86,,,,
07/23/25 09:40:00,53.69,5146.66,,,,
07/23/25 09:45:00,54.23,5392.10,,,,
07/23/25 09:50:00,55.16,5770.72,,,,
07/23/25 09:55:00,55.55,5962.89,,,,
07/23/25 10:00:00,55.24,6177.89,,,,
07/23/25 10:05:00,55.08,6404.30,,,,
07/23/25 10:10:00,55.08,6505.14,,,,
07/23/25 10:15:00,52.84,4983.03,,,,
07/23/25 10:20:00,52.23,5894.40,,,,
07/23/25 10:25:00,54.39,6870.45,,,,
07/23/25 10:30:00,55.32,7108.28,,,,
07/23/25 10:35:00,55.86,7230.05,,,,
07/23/25 10:40:00,56.24,7536.38,,,,
07/23/25 10:45:00,56.63,7838.90,,,,
07/23/25 10:50:00,57.17,8093.85,,,,
07/23/25 10:55:00,57.71,8329.78,,,,
07/23/25 11:00:00,58.40,8638.01,,,,
07/23/25 11:05:00,58.48,9029.96,,,,
07/23/25 11:10:00,59.64,9478.98,,,,
07/23/25 11:15:00,53.93,4653.87,,,,
07/23/25 11:20:00,58.56,10917.38,,,,
07/23/25 11:25:00,52.30,5169.49,,,,
07/23/25 11:30:00,51.61,4655.77,,,,
07/23/25 11:35:00,51.07,4981.13,,,,
07/23/25 11:40:00,50.45,4674.80,,,,
07/23/25 11:45:00,50.84,4832.72,,,,
07/23/25 11:50:00,51.45,5652.76,,,,
07/23/25 11:55:00,54.23,6301.56,,,,
07/23/25 12:00:00,55.08,6071.34,,,,
07/23/25 12:05:00,55.62,6375.77,,,,
07/23/25 12:10:00,55.78,6067.54,,,,
07/23/25 12:15:00,54.39,5456.79,,,,
07/23/25 12:20:00,52.54,5462.50,,,,
07/23/25 12:25:00,57.40,7915.01,,,,
07/23/25 12:30:00,59.25,7485.01,,,,
07/23/25 12:35:00,61.03,8622.79,,,,
07/23/25 12:40:00,59.56,7460.27,,,,
07/23/25 12:45:00,59.56,7922.62,,,,
07/23/25 12:50:00,59.33,8451.55,,,,
07/23/25 12:55:00,60.34,7945.45,,,,
07/23/25 13:00:00,53.00,5129.53,,,,
07/23/25 13:05:00,52.38,5420.64,,,,
07/23/25 13:10:00,54.31,5588.07,,,,
07/23/25 13:15:00,54.70,6292.05,,,,
07/23/25 13:20:00,53.62,5352.14,,,,
07/23/25 13:25:00,51.38,4686.22,,,,
07/23/25 13:30:00,50.37,4629.14,,,,
07/23/25 13:35:00,51.07,5121.92,,,,
07/23/25 13:40:00,52.61,4821.30,,,,
07/23/25 13:45:00,60.18,8360.22,,,,
07/23/25 13:50:00,61.26,8272.70,,,,
07/23/25 13:55:00,61.72,8105.27,,,,
07/23/25 14:00:00,64.97,10396.05,,,,
07/23/25 14:05:00,67.44,10590.12,,,,
07/23/25 14:10:00,66.05,9459.95,,,,
07/23/25 14:15:00,65.66,9185.97,,,,
07/23/25 14:20:00,64.81,8950.04,,,,
07/23/25 14:25:00,65.20,9246.86,,,,
07/23/25 14:30:00,65.05,9722.52,,,,
07/23/25 14:35:00,65.20,9619.78,,,,
07/23/25 14:40:00,62.03,9539.86,,,,
07/23/25 14:45:00,63.81,10000.30,,,,
07/23/25 14:50:00,64.97,9467.56,,,,
07/23/25 14:55:00,51.53,2944.34,,,,
07/23/25 15:00:00,52.15,3927.06,,,,
07/23/25 15:05:00,48.29,3548.43,,,,
07/23/25 15:10:00,49.52,3853.81,,,,
07/23/25 15:15:00,47.59,3224.03,,,,
07/23/25 15:20:00,45.66,2879.65,,,,
07/23/25 15:25:00,45.97,2962.42,,,,
07/23/25 15:30:00,48.21,3497.06,,,,
07/23/25 15:35:00,47.52,4667.19,,,,
07/23/25 15:40:00,46.20,2641.82,,,,
07/23/25 15:45:00,45.43,2780.72,,,,
07/23/25 15:50:00,47.21,3433.32,,,,
07/23/25 15:55:00,47.05,3044.23,,,,
07/23/25 16:00:00,47.83,3755.82,,,,
07/23/25 16:05:00,47.05,2868.24,,,,
07/23/25 16:10:00,45.20,2381.16,,,,
07/23/25 16:15:00,45.82,2710.32,,,,
07/23/25 16:20:00,46.13,3166.00,,,,
07/23/25 16:25:00,46.44,3263.99,,,,
07/23/25 16:30:00,46.98,3208.81,,,,
07/23/25 16:35:00,46.44,3209.76,,,,
07/23/25 16:40:00,46.82,3252.57,,,,
07/23/25 16:45:00,46.20,2841.60,,,,
07/23/25 16:50:00,45.74,2732.20,,,,
07/23/25 16:55:00,45.20,2844.46,,,,
07/23/25 17:00:00,46.20,3369.59,,,,
07/23/25 17:05:00,47.52,3579.83,,,,
07/23/25 17:10:00,47.98,3759.63,,,,
07/23/25 17:15:00,48.83,3811.00,,,,
07/23/25 17:20:00,49.45,4229.58,,,,
07/23/25 17:25:00,50.61,4400.82,,,,
07/23/25 17:30:00,49.68,4090.69,,,,
07/23/25 17:35:00,50.99,4933.56,,,,
07/23/25 17:40:00,50.61,4773.74,,,,
07/23/25 17:45:00,51.69,4541.61,,,,
07/23/25 17:50:00,51.92,5390.19,,,,
07/23/25 17:55:00,53.00,4457.90,,,,
07/23/25 18:00:00,49.22,3638.81,,,,
07/23/25 18:05:00,48.13,3288.72,,,,
07/23/25 18:10:00,47.44,3051.84,,,,
07/23/25 18:15:00,47.13,3053.75,,,,
07/23/25 18:20:00,47.52,3425.71,,,,
07/23/25 18:25:00,47.21,3252.57,,,,
07/23/25 18:30:00,48.21,3405.74,,,,
07/23/25 18:35:00,48.52,3493.26,,,,
07/23/25 18:40:00,48.91,3852.86,,,,
07/23/25 18:45:00,49.37,3368.63,,,,
07/23/25 18:50:00,50.37,4473.12,,,,
07/23/25 18:55:00,48.52,2934.83,,,,
07/23/25 19:00:00,47.67,2584.74,,,,
07/23/25 19:05:00,47.52,4916.44,,,,
07/23/25 19:10:00,45.82,2637.07,,,,
07/23/25 19:15:00,53.00,3523.70,,,,
07/23/25 19:20:00,55.86,5072.45,,,,
07/23/25 19:25:00,55.78,5641.34,,,,
07/23/25 19:30:00,51.92,3821.46,,,,
07/23/25 19:35:00,49.91,2855.87,,,,
07/23/25 19:40:00,49.76,2747.42,,,,
07/23/25 19:45:00,48.44,1975.90,,,,
07/23/25 19:50:00,51.22,4825.11,,,,
07/23/25 19:55:00,46.90,2031.07,,,,
07/23/25 20:00:00,45.97,2460.12,,,,
07/23/25 20:05:00,44.74,1679.08,,,,
07/23/25 20:10:00,45.35,2236.56,,,,
07/23/25 20:15:00,45.35,1808.94,,,,
07/23/25 20:20:00,46.05,1963.53,,,,
07/23/25 20:25:00,46.05,1580.15,,,,
07/23/25 20:30:00,44.35,1466.46,,,,
07/23/25 20:35:00,43.66,1463.61,,,,
07/23/25 20:40:00,44.89,1615.82,,,,
07/23/25 20:45:00,48.21,1912.63,,,,
07/23/25 20:50:00,45.43,1248.61,,,,
07/23/25 20:55:00,44.97,1360.39,,,,
07/23/25 21:00:00,46.20,1025.53,,,,
07/23/25 21:05:00,48.52,1799.90,,,,
07/23/25 21:10:00,46.82,1241.48,,,,
07/23/25 21:15:00,45.82,781.04,,,,
07/23/25 21:20:00,44.43,1336.61,,,,
07/23/25 21:25:00,42.88,913.27,,,,
07/23/25 21:30:00,43.66,649.75,,,,
07/23/25 21:35:00,43.04,693.75,,,,
07/23/25 21:40:00,42.57,459.85,,,,
07/23/25 21:45:00,41.65,396.58,,,,
07/23/25 21:50:00,40.95,316.20,,,,
07/23/25 21:55:00,40.64,255.43,,,,
07/23/25 22:00:00,40.41,171.48,,,,
07/23/25 22:05:00,40.03,137.59,,,,
07/23/25 22:10:00,39.72,117.07,,,,
07/23/25 22:15:00,39.25,106.22,,,,
07/23/25 22:20:00,39.10,89.42,,,,
07/23/25 22:25:00,39.72,81.90,,,,
07/23/25 22:30:00,39.79,66.35,,,,
07/23/25 22:35:00,39.72,52.75,,,,
07/23/25 22:40:00,39.02,42.63,,,,
07/23/25 22:45:00,40.49,31.27,,,,
07/23/25 22:50:00,40.03,20.68,,,,
07/23/25 22:55:00,41.11,14.21,,,,
07/23/25 23:00:00,41.65,9.44,,,,
07/23/25 23:05:00,40.95,5.94,,,,
07/23/25 23:10:00,41.42,3.43,,,,
07/23/25 23:15:00,41.72,1.94,,,,
07/23/25 23:20:00,41.88,1.15,,,,
07/23/25 23:25:00,41.65,0.76,,,,
07/23/25 23:30:00,41.72,0.48,,,,
07/23/25 23:35:00,40.49,0.28,,,,
07/23/25 23:40:00,40.10,0.18,,,,
07/23/25 23:45:00,38.94,0.08,,,,
07/23/25 23:50:00,39.10,0.08,,,,
07/23/25 23:55:00,39.25,0.02,,,,
07/24/25 00:00:00,40.49,0.00,,,,
07/24/25 00:05:00,41.18,0.00,,,,
07/24/25 00:10:00,40.72,0.00,,,,
07/24/25 00:15:00,40.49,0.00,,,,
07/24/25 00:20:00,39.56,0.00,,,,
07/24/25 00:25:00,39.33,0.00,,,,
07/24/25 00:30:00,39.18,0.00,,,,
07/24/25 00:35:00,40.03,0.00,,,,
07/24/25 00:40:00,40.95,0.00,,,,
07/24/25 00:45:00,39.87,0.00,,,,
07/24/25 00:50:00,41.11,0.00,,,,
07/24/25 00:55:00,42.34,0.00,,,,
07/24/25 01:00:00,41.88,0.00,,,,
07/24/25 01:05:00,40.49,0.00,,,,
07/24/25 01:10:00,39.95,0.00,,,,
07/24/25 01:15:00,39.33,0.00,,,,
07/24/25 01:20:00,39.87,0.00,,,,
07/24/25 01:25:00,39.49,0.00,,,,
07/24/25 01:30:00,39.02,0.00,,,,
07/24/25 01:35:00,39.33,0.02,,,,
07/24/25 01:40:00,38.56,0.00,,,,
07/24/25 01:45:00,38.10,0.00,,,,
07/24/25 01:50:00,37.79,0.00,,,,
07/24/25 01:55:00,36.78,0.00,,,,
07/24/25 02:00:00,36.94,0.00,,,,
07/24/25 02:05:00,37.55,0.00,,,,
07/24/25 02:10:00,36.94,0.00,,,,
07/24/25 02:15:00,36.71,0.00,,,,
07/24/25 02:20:00,36.71,0.00,,,,
07/24/25 02:25:00,37.40,0.00,,,,
07/24/25 02:30:00,36.94,0.00,,,,
07/24/25 02:35:00,36.63,0.00,,,,
07/24/25 02:40:00,36.55,0.00,,,,
07/24/25 02:45:00,36.71,0.00,,,,
07/24/25 02:50:00,36.78,0.00,,,,
07/24/25 02:55:00,36.40,0.00,,,,
07/24/25 03:00:00,37.25,0.00,,,,
07/24/25 03:05:00,36.55,0.00,,,,
07/24/25 03:10:00,36.78,0.00,,,,
07/24/25 03:15:00,37.25,0.00,,,,
07/24/25 03:20:00,37.40,0.00,,,,
07/24/25 03:25:00,37.55,0.00,,,,
07/24/25 03:30:00,37.25,0.00,,,,
07/24/25 03:35:00,37.09,0.00,,,,
07/24/25 03:40:00,38.33,0.00,,,,
07/24/25 03:45:00,38.64,0.00,,,,
07/24/25 03:50:00,38.25,0.00,,,,
07/24/25 03:55:00,37.55,0.00,,,,
07/24/25 04:00:00,37.94,0.00,,,,
07/24/25 04:05:00,38.02,0.00,,,,
07/24/25 04:10:00,38.79,0.02,,,,
07/24/25 04:15:00,39.72,0.04,,,,
07/24/25 04:20:00,40.03,0.10,,,,
07/24/25 04:25:00,39.72,0.22,,,,
07/24/25 04:30:00,39.41,0.38,,,,
07/24/25 04:35:00,40.10,0.54,,,,
07/24/25 04:40:00,39.72,0.76,,,,
07/24/25 04:45:00,39.10,1.17,,,,
07/24/25 04:50:00,39.10,1.75,,,,
07/24/25 04:55:00,39.25,2.66,,,,
07/24/25 05:00:00,40.80,4.11,,,,
07/24/25 05:05:00,40.18,6.10,,,,
07/24/25 05:10:00,38.87,8.80,,,,
07/24/25 05:15:00,39.49,12.03,,,,
07/24/25 05:20:00,38.56,16.31,,,,
07/24/25 05:25:00,37.86,21.55,,,,
07/24/25 05:30:00,38.02,28.99,,,,
07/24/25 05:35:00,38.25,39.82,,,,
07/24/25 05:40:00,38.87,52.78,,,,
07/24/25 05:45:00,38.25,62.34,,,,
07/24/25 05:50:00,39.56,74.11,,,,
07/24/25 05:55:00,39.25,93.94,,,,
07/24/25 06:00:00,38.94,127.30,,,,
07/24/25 06:05:00,39.02,173.44,,,,
07/24/25 06:10:00,39.56,212.62,,,,
07/24/25 06:15:00,38.79,213.22,,,,
07/24/25 06:20:00,38.94,211.02,,,,
07/24/25 06:25:00,39.10,220.29,,,,
07/24/25 06:30:00,40.10,233.97,,,,
07/24/25 06:35:00,39.79,240.03,,,,
07/24/25 06:40:00,40.33,304.07,,,,
07/24/25 06:45:00,40.80,302.04,,,,
07/24/25 06:50:00,40.57,301.21,,,,
07/24/25 06:55:00,40.03,297.65,,,,
07/24/25 07:00:00,39.72,325.11,,,,
07/24/25 07:05:00,39.49,401.70,,,,
07/24/25 07:10:00,39.25,412.04,,,,
07/24/25 07:15:00,39.10,457.94,,,,
07/24/25 07:20:00,40.26,527.98,,,,
07/24/25 07:25:00,40.72,620.98,,,,
07/24/25 07:30:00,42.19,763.67,,,,
07/24/25 07:35:00,43.04,895.43,,,,
07/24/25 07:40:00,42.96,943.47,,,,
07/24/25 07:45:00,41.42,903.76,,,,
07/24/25 07:50:00,41.65,881.88,,,,
07/24/25 07:55:00,41.88,840.73,,,,
07/24/25 08:00:00,41.72,899.24,,,,
07/24/25 08:05:00,42.73,1056.44,,,,
07/24/25 08:10:00,43.58,1192.01,,,,
07/24/25 08:15:00,44.89,1280.00,,,,
07/24/25 08:20:00,43.66,1312.35,,,,
07/24/25 08:25:00,44.58,1598.70,,,,
07/24/25 08:30:00,45.28,1686.70,,,,
07/24/25 08:35:00,47.13,1685.27,,,,
07/24/25 08:40:00,47.36,1494.05,,,,
07/24/25 08:45:00,47.36,1789.91,,,,
07/24/25 08:50:00,46.20,2030.12,,,,
07/24/25 08:55:00,47.36,2014.90,,,,
07/24/25 09:00:00,47.75,1978.75,,,,
07/24/25 09:05:00,48.37,2015.85,,,,
07/24/25 09:10:00,47.44,2046.30,,,,
07/24/25 09:15:00,48.52,2045.34,,,,
07/24/25 09:20:00,49.37,2150.94,,,,
07/24/25 09:25:00,48.67,2098.62,,,,
07/24/25 09:30:00,48.60,2118.60,,,,
07/24/25 09:35:00,49.52,2266.05,,,,
07/24/25 09:40:00,49.91,2426.82,,,,
07/24/25 09:45:00,50.30,2575.23,,,,
07/24/25 09:50:00,50.45,2699.85,,,,
07/24/25 09:55:00,50.61,3061.36,,,,
07/24/25 10:00:00,52.69,3819.56,,,,
07/24/25 10:05:00,53.69,3955.60,,,,
07/24/25 10:10:00,53.39,3370.54,,,,
07/24/25 10:15:00,51.69,2934.83,,,,
07/24/25 10:20:00,51.15,2758.84,,,,
07/24/25 10:25:00,51.45,2776.91,,,,
07/24/25 10:30:00,51.92,2809.26,,,,
07/24/25 10:35:00,52.23,2400.19,,,,
07/24/25 10:40:00,50.68,2422.07,,,,
07/24/25 10:45:00,50.68,2761.69,,,,
07/24/25 10:50:00,51.38,2962.42,,,,
07/24/25 10:55:00,51.69,2907.24,,,,
07/24/25 11:00:00,51.38,2787.38,,,,
07/24/25 11:05:00,51.84,3328.68,,,,
07/24/25 11:10:00,53.39,3577.92,,,,
07/24/25 11:15:00,51.22,3568.41,,,,
07/24/25 11:20:00,50.99,3322.02,,,,
07/24/25 11:25:00,50.61,3261.13,,,,
07/24/25 11:30:00,50.45,3238.30,,,,
07/24/25 11:35:00,49.37,3079.43,,,,
07/24/25 11:40:00,50.61,3271.60,,,,
07/24/25 11:45:00,52.46,3603.61,,,,
07/24/25 11:50:00,51.38,3535.12,,,,
07/24/25 11:55:00,51.22,3226.89,,,,
07/24/25 12:00:00,50.14,3130.80,,,,
07/24/25 12:05:00,48.52,3157.44,,,,
07/24/25 12:10:00,48.21,2980.49,,,,
07/24/25 12:15:00,47.36,2960.52,,,,
07/24/25 12:20:00,47.21,3008.08,,,,
07/24/25 12:25:00,46.82,2881.56,,,,
07/24/25 12:30:00,48.13,3026.16,,,,
07/24/25 12:35:00,48.83,3337.24,,,,
07/24/25 12:40:00,50.84,3893.76,,,,
07/24/25 12:45:00,52.61,4124.94,,,,
07/24/25 12:50:00,53.54,4071.66,,,,
07/24/25 12:55:00,53.00,4425.55,,,,
07/24/25 13:00:00,52.84,4381.79,,,,
07/24/25 13:05:00,52.07,4223.87,,,,
07/24/25 13:10:00,53.15,3957.50,,,,
07/24/25 13:15:00,51.61,3934.67,,,,
07/24/25 13:20:00,50.53,4065.95,,,,
07/24/25 13:25:00,50.76,4041.22,,,,
07/24/25 13:30:00,50.91,4037.41,,,,
07/24/25 13:35:00,51.15,4248.61,,,,
07/24/25 13:40:00,52.69,4172.50,,,,
07/24/25 13:45:00,53.08,4185.82,,,,
07/24/25 13:50:00,52.92,4347.54,,,,
07/24/25 13:55:00,54.85,4716.66,,,,
07/24/25 14:00:00,57.40,5272.23,,,,
07/24/25 14:05:00,57.79,5500.55,,,,
07/24/25 14:10:00,56.86,4908.83,,,,
07/24/25 14:15:00,57.01,4901.21,,,,
07/24/25 14:20:00,59.25,5430.15,,,,
07/24/25 14:25:00,57.48,5407.32,,,,
07/24/25 14:30:00,55.47,5369.27,,,,
07/24/25 14:35:00,57.63,5186.61,,,,
07/24/25 14:40:00,57.40,5384.49,,,,
07/24/25 14:45:00,57.17,5481.52,,,,
07/24/25 14:50:00,58.17,5335.02,,,,
07/24/25 14:55:00,55.93,5047.72,,,,
07/24/25 15:00:00,54.78,4988.74,,,,
07/24/25 15:05:00,54.93,5323.60,,,,
07/24/25 15:10:00,54.78,5154.27,,,,
07/24/25 15:15:00,55.16,5091.48,,,,
07/24/25 15:20:00,53.93,4952.59,,,,
07/24/25 15:25:00,54.54,5099.09,,,,
07/24/25 15:30:00,56.09,5173.29,,,,
07/24/25 15:35:00,56.86,5137.14,,,,
07/24/25 15:40:00,58.10,5392.10,,,,
07/24/25 15:45:00,57.86,5369.27,,,,
07/24/25 15:50:00,61.03,5300.77,,,,
07/24/25 15:55:00,63.04,5055.33,,,,
07/24/25 16:00:00,60.18,4901.21,,,,
07/24/25 16:05:00,58.17,4699.53,,,,
07/24/25 16:10:00,58.17,4779.45,,,,
07/24/25 16:15:00,58.56,4798.47,,,,
07/24/25 16:20:00,60.88,4895.51,,,,
07/24/25 16:25:00,59.79,5061.04,,,,
07/24/25 16:30:00,59.79,4964.00,,,,
07/24/25 16:35:00,60.80,4433.16,,,,
07/24/25 16:40:00,59.87,3821.46,,,,
07/24/25 16:45:00,57.01,3381.95,,,,
07/24/25 16:50:00,54.70,3145.07,,,,
07/24/25 16:55:00,53.08,3061.36,,,,
07/24/25 17:00:00,53.08,3007.13,,,,
07/24/25 17:05:00,52.84,3076.58,,,,
07/24/25 17:10:00,52.69,3136.51,,,,
07/24/25 17:15:00,52.77,3255.43,,,,
07/24/25 17:20:00,52.69,3229.74,,,,
07/24/25 17:25:00,52.15,3178.37,,,,
07/24/25 17:30:00,52.54,3209.76,,,,
07/24/25 17:35:00,53.08,3420.01,,,,
07/24/25 17:40:00,53.08,3581.73,,,,
07/24/25 17:45:00,52.07,3582.68,,,,
07/24/25 17:50:00,51.22,3340.09,,,,
07/24/25 17:55:00,49.06,3146.98,,,,
07/24/25 18:00:00,48.75,3017.60,,,,
07/24/25 18:05:00,48.52,2978.59,,,,
07/24/25 18:10:00,48.06,2861.58,,,,
07/24/25 18:15:00,48.06,2559.06,,,,
07/24/25 18:20:00,47.90,2604.72,,,,
07/24/25 18:25:00,48.37,2654.19,,,,
07/24/25 18:30:00,49.14,2687.49,,,,
07/24/25 18:35:00,50.06,2674.17,,,,
07/24/25 18:40:00,49.45,2728.39,,,,
07/24/25 18:45:00,49.91,2590.45,,,,
07/24/25 18:50:00,50.53,2689.39,,,,
07/24/25 18:55:00,52.54,3067.06,,,,
07/24/25 19:00:00,53.08,2991.91,,,,
07/24/25 19:05:00,52.00,2912.00,,,,
07/24/25 19:10:00,52.30,2747.42,,,,
07/24/25 19:15:00,52.61,2540.98,,,,
07/24/25 19:20:00,52.30,2384.01,,,,
07/24/25 19:25:00,51.15,2317.42,,,,
07/24/25 19:30:00,50.45,2145.23,,,,
07/24/25 19:35:00,49.45,1936.42,,,,
07/24/25 19:40:00,48.13,1750.91,,,,
07/24/25 19:45:00,47.98,1605.83,,,,
07/24/25 19:50:00,47.21,1399.40,,,,
07/24/25 19:55:00,46.59,1267.16,,,,
07/24/25 20:00:00,45.97,1170.60,,,,
07/24/25 20:05:00,45.35,1091.64,,,,
07/24/25 20:10:00,45.43,1033.14,,,,
07/24/25 20:15:00,45.20,943.00,,,,
07/24/25 20:20:00,45.12,856.19,,,,
07/24/25 20:25:00,44.66,817.66,,,,
07/24/25 20:30:00,44.74,767.48,,,,
07/24/25 20:35:00,43.66,707.78,,,,
07/24/25 20:40:00,44.43,770.81,,,,
07/24/25 20:45:00,44.35,744.41,,,,
07/24/25 20:50:00,44.04,681.38,,,,
07/24/25 20:55:00,44.43,596.96,,,,
07/24/25 21:00:00,43.73,521.56,,,,
07/24/25 21:05:00,44.66,482.68,,,,
07/24/25 21:10:00,44.43,396.58,,,,
07/24/25 21:15:00,43.96,324.64,,,,
07/24/25 21:20:00,44.35,310.01,,,,
07/24/25 21:25:00,44.12,317.86,,,,
07/24/25 21:30:00,44.27,314.17,,,,
07/24/25 21:35:00,43.96,319.88,,,,
07/24/25 21:40:00,44.04,312.27,,,,
07/24/25 21:45:00,42.27,268.99,,,,
07/24/25 21:50:00,41.72,208.10,,,,
07/24/25 21:55:00,40.64,162.56,,,,
07/24/25 22:00:00,40.41,129.80,,,,
07/24/25 22:05:00,40.95,104.53,,,,
07/24/25 22:10:00,39.41,84.79,,,,
07/24/25 22:15:00,38.79,65.79,,,,
07/24/25 22:20:00,38.71,53.79,,,,
07/24/25 22:25:00,38.56,42.56,,,,
07/24/25 22:30:00,38.17,33.52,,,,
07/24/25 22:35:00,38.56,25.99,,,,
07/24/25 22:40:00,38.64,18.33,,,,
07/24/25 22:45:00,39.02,12.43,,,,
07/24/25 22:50:00,38.79,8.40,,,,
07/24/25 22:55:00,38.48,5.41,,,,
07/24/25 23:00:00,38.17,3.63,,,,
07/24/25 23:05:00,39.49,2.38,,,,
07/24/25 23:10:00,39.33,1.53,,,,
07/24/25 23:15:00,38.56,1.07,,,,
07/24/25 23:20:00,39.64,0.72,,,,
07/24/25 23:25:00,39.56,0.50,,,,
07/24/25 23:30:00,38.33,0.32,,,,
07/24/25 23:35:00,38.79,0.24,,,,
07/24/25 23:40:00,38.33,0.12,,,,
07/24/25 23:45:00,39.33,0.06,,,,
07/24/25 23:50:00,39.02,0.02,,,,
07/24/25 23:55:00,38.02,0.00,,,,
07/25/25 00:00:00,38.48,0.00,,,,
07/25/25 00:05:00,38.25,0.00,,,,
07/25/25 00:10:00,38.02,0.00,,,,
07/25/25 00:15:00,38.33,0.00,,,,
07/25/25 00:20:00,39.56,0.00,,,,
07/25/25 00:25:00,39.02,0.00,,,,
07/25/25 00:30:00,38.71,0.00,,,,
07/25/25 00:35:00,38.02,0.00,,,,
07/25/25 00:40:00,38.17,0.00,,,,
07/25/25 00:45:00,38.10,0.00,,,,
07/25/25 00:50:00,38.94,0.00,,,,
07/25/25 00:55:00,38.10,0.00,,,,
07/25/25 01:00:00,37.79,0.00,,,,
07/25/25 01:05:00,37.71,0.00,,,,
07/25/25 01:10:00,37.86,0.00,,,,
07/25/25 01:15:00,37.79,0.00,,,,
07/25/25 01:20:00,37.79,0.00,,,,
07/25/25 01:25:00,37.40,0.00,,,,
07/25/25 01:30:00,37.32,0.00,,,,
07/25/25 01:35:00,37.63,0.00,,,,
07/25/25 01:40:00,37.94,0.00,,,,
07/25/25 01:45:00,38.02,0.00,,,,
07/25/25 01:50:00,37.40,0.00,,,,
07/25/25 01:55:00,37.32,0.00,,,,
07/25/25 02:00:00,37.01,0.00,,,,
07/25/25 02:05:00,38.48,0.00,,,,
07/25/25 02:10:00,38.71,0.00,,,,
07/25/25 02:15:00,38.79,0.00,,,,
07/25/25 02:20:00,38.17,0.00,,,,
07/25/25 02:25:00,38.64,0.00,,,,
07/25/25 02:30:00,38.71,0.00,,,,
07/25/25 02:35:00,37.79,0.00,,,,
07/25/25 02:40:00,37.48,0.00,,,,
07/25/25 02:45:00,38.17,0.00,,,,
07/25/25 02:50:00,38.17,0.00,,,,
07/25/25 02:55:00,37.79,0.00,,,,
07/25/25 03:00:00,37.63,0.00,,,,
07/25/25 03:05:00,37.63,0.00,,,,
07/25/25 03:10:00,37.55,0.00,,,,
07/25/25 03:15:00,37.86,0.00,,,,
07/25/25 03:20:00,37.32,0.00,,,,
07/25/25 03:25:00,38.02,0.00,,,,
07/25/25 03:30:00,37.25,0.00,,,,
07/25/25 03:35:00,37.71,0.00,,,,
07/25/25 03:40:00,37.25,0.00,,,,
07/25/25 03:45:00,37.25,0.00,,,,
07/25/25 03:50:00,36.86,0.00,,,,
07/25/25 03:55:00,36.40,0.00,,,,
07/25/25 04:00:00,36.47,0.00,,,,
07/25/25 04:05:00,36.78,0.00,,,,
07/25/25 04:10:00,36.78,0.00,,,,
07/25/25 04:15:00,36.63,0.00,,,,
07/25/25 04:20:00,36.55,0.00,,,,
07/25/25 04:25:00,36.47,0.04,,,,
07/25/25 04:30:00,36.40,0.08,,,,
07/25/25 04:35:00,36.40,0.16,,,,
07/25/25 04:40:00,36.55,0.28,,,,
07/25/25 04:45:00,37.40,0.48,,,,
07/25/25 04:50:00,36.78,0.82,,,,
07/25/25 04:55:00,36.40,1.39,,,,
07/25/25 05:00:00,36.09,2.30,,,,
07/25/25 05:05:00,35.93,3.75,,,,
07/25/25 05:10:00,36.47,6.06,,,,
07/25/25 05:15:00,36.78,8.80,,,,
07/25/25 05:20:00,36.71,12.27,,,,
07/25/25 05:25:00,36.86,17.20,,,,
07/25/25 05:30:00,36.32,23.83,,,,
07/25/25 05:35:00,36.40,31.33,,,,
07/25/25 05:40:00,36.32,41.26,,,,
07/25/25 05:45:00,36.32,53.56,,,,
07/25/25 05:50:00,37.48,64.10,,,,
07/25/25 05:55:00,37.55,75.57,,,,
07/25/25 06:00:00,37.63,95.13,,,,
07/25/25 06:05:00,38.71,114.81,,,,
07/25/25 06:10:00,37.86,141.75,,,,
07/25/25 06:15:00,37.63,176.77,,,,
07/25/25 06:20:00,38.02,216.78,,,,
07/25/25 06:25:00,37.40,241.99,,,,
07/25/25 06:30:00,37.79,258.05,,,,
07/25/25 06:35:00,37.86,267.32,,,,
07/25/25 06:40:00,38.02,270.41,,,,
07/25/25 06:45:00,37.71,294.91,,,,
07/25/25 06:50:00,38.64,340.45,,,,
07/25/25 06:55:00,37.94,376.01,,,,
07/25/25 07:00:00,38.40,385.05,,,,
07/25/25 07:05:00,39.02,402.41,,,,
07/25/25 07:10:00,39.79,440.94,,,,
07/25/25 07:15:00,39.64,471.74,,,,
07/25/25 07:20:00,40.57,515.38,,,,
07/25/25 07:25:00,40.95,584.83,,,,
07/25/25 07:30:00,41.42,631.92,,,,
07/25/25 07:35:00,41.26,646.66,,,,
07/25/25 07:40:00,40.18,728.24,,,,
07/25/25 07:45:00,41.26,831.69,,,,
07/25/25 07:50:00,41.42,922.31,,,,
07/25/25 07:55:00,41.26,886.39,,,,
07/25/25 08:00:00,41.80,855.48,,,,
07/25/25 08:05:00,40.41,900.43,,,,
07/25/25 08:10:00,39.02,903.04,,,,
07/25/25 08:15:00,39.87,1006.50,,,,
07/25/25 08:20:00,39.64,1069.29,,,,
07/25/25 08:25:00,39.25,1104.01,,,,
07/25/25 08:30:00,38.40,992.23,,,,
07/25/25 08:35:00,39.10,992.23,,,,
07/25/25 08:40:00,39.02,993.66,,,,
07/25/25 08:45:00,39.10,1045.98,,,,
07/25/25 08:50:00,39.02,1100.68,,,,
07/25/25 08:55:00,39.18,1118.28,,,,
07/25/25 09:00:00,39.18,1144.92,,,,
07/25/25 09:05:00,39.33,1208.66,,,,
07/25/25 09:10:00,39.25,1305.21,,,,
07/25/25 09:15:00,39.64,1388.46,,,,
07/25/25 09:20:00,39.95,1444.58,,,,
07/25/25 09:25:00,39.87,1478.36,,,,
07/25/25 09:30:00,39.72,1459.33,,,,
07/25/25 09:35:00,39.79,1406.53,,,,
07/25/25 09:40:00,39.87,1413.19,,,,
07/25/25 09:45:00,39.95,1507.85,,,,
07/25/25 09:50:00,39.79,1599.17,,,,
07/25/25 09:55:00,40.26,1705.25,,,,
07/25/25 10:00:00,40.26,1729.03,,,,
07/25/25 10:05:00,40.49,1802.76,,,,
07/25/25 10:10:00,41.26,1864.12,,,,
07/25/25 10:15:00,41.11,1960.68,,,,
07/25/25 10:20:00,41.03,2017.76,,,,
07/25/25 10:25:00,40.95,2140.48,,,,
07/25/25 10:30:00,41.26,2248.93,,,,
07/25/25 10:35:00,41.72,2320.28,,,,
07/25/25 10:40:00,41.88,2320.28,,,,
07/25/25 10:45:00,41.65,2357.38,,,,
07/25/25 10:50:00,41.65,2474.39,,,,
07/25/25 10:55:00,41.80,2641.82,,,,
07/25/25 11:00:00,42.19,2747.42,,,,
07/25/25 11:05:00,42.50,2972.88,,,,
07/25/25 11:10:00,42.88,3201.20,,,,
07/25/25 11:15:00,43.73,3455.20,,,,
07/25/25 11:20:00,44.12,3591.24,,,,
07/25/25 11:25:00,44.58,3653.08,,,,
07/25/25 11:30:00,44.58,3567.46,,,,
07/25/25 11:35:00,44.66,3571.27,,,,
07/25/25 11:40:00,44.66,3599.81,,,,
07/25/25 11:45:00,44.50,3735.84,,,,
07/25/25 11:50:00,44.43,3599.81,,,,
07/25/25 11:55:00,44.81,3908.03,,,,
07/25/25 12:00:00,45.89,4341.84,,,,
07/25/25 12:05:00,46.13,4231.48,,,,
07/25/25 12:10:00,46.44,4421.75,,,,
07/25/25 12:15:00,46.28,4069.76,,,,
07/25/25 12:20:00,45.74,3856.66,,,,
07/25/25 12:25:00,45.51,3915.64,,,,
07/25/25 12:30:00,45.89,4319.01,,,,
07/25/25 12:35:00,46.82,4691.92,,,,
07/25/25 12:40:00,47.90,4861.26,,,,
07/25/25 12:45:00,48.06,4787.06,,,,
07/25/25 12:50:00,47.44,4592.99,,,,
07/25/25 12:55:00,47.13,4640.55,,,,
07/25/25 13:00:00,46.90,4604.40,,,,
07/25/25 13:05:00,46.82,4522.59,,,,
07/25/25 13:10:00,46.82,4497.85,,,,
07/25/25 13:15:00,46.98,4670.99,,,,
07/25/25 13:20:00,48.06,5137.14,,,,
07/25/25 13:25:00,49.14,5561.43,,,,
07/25/25 13:30:00,50.06,6012.36,,,,
07/25/25 13:35:00,49.83,5550.02,,,,
07/25/25 13:40:00,49.45,5612.80,,,,
07/25/25 13:45:00,50.76,6299.66,,,,
07/25/25 13:50:00,54.00,7968.28,,,,
07/25/25 13:55:00,55.01,6929.43,,,,
07/25/25 14:00:00,52.15,5532.89,,,,
07/25/25 14:05:00,51.38,5978.11,,,,
07/25/25 14:10:00,50.37,5386.39,,,,
07/25/25 14:15:00,49.45,5169.49,,,,
07/25/25 14:20:00,49.06,5281.74,,,,
07/25/25 14:25:00,49.29,5433.96,,,,
07/25/25 14:30:00,50.14,5938.16,,,,
07/25/25 14:35:00,51.38,6566.03,,,,
07/25/25 14:40:00,53.23,6805.76,,,,
07/25/25 14:45:00,53.54,6782.93,,,,
07/25/25 14:50:00,53.54,6613.60,,,,
07/25/25 14:55:00,53.46,7121.60,,,,
07/25/25 15:00:00,55.86,7597.26,,,,
07/25/25 15:05:00,56.32,7009.35,,,,
07/25/25 15:10:00,55.39,6613.60,,,,
07/25/25 15:15:00,55.16,7039.79,,,,
07/25/25 15:20:00,55.86,6931.34,,,,
07/25/25 15:25:00,55.93,7646.73,,,,
07/25/25 15:30:00,56.40,7182.49,,,,
07/25/25 15:35:00,57.32,7690.49,,,,
07/25/25 15:40:00,56.78,7112.09,,,,
07/25/25 15:45:00,56.01,6739.17,,,,
07/25/25 15:50:00,54.78,5940.06,,,,
07/25/25 15:55:00,54.00,5529.09,,,,
07/25/25 16:00:00,53.62,5485.33,,,,
07/25/25 16:05:00,54.00,5654.66,,,,
07/25/25 16:10:00,53.85,5220.86,,,,
07/25/25 16:15:00,52.84,4855.55,,,,
07/25/25 16:20:00,58.40,6484.22,,,,
07/25/25 16:25:00,58.95,7819.87,,,,
07/25/25 16:30:00,60.57,7633.41,,,,
07/25/25 16:35:00,60.34,7327.09,,,,
07/25/25 16:40:00,58.95,7159.65,,,,
07/25/25 16:45:00,58.56,7106.38,,,,
07/25/25 16:50:00,58.71,7062.62,,,,
07/25/25 16:55:00,59.25,7056.91,,,,
07/25/25 17:00:00,59.56,7053.11,,,,
07/25/25 17:05:00,59.18,6866.65,,,,
07/25/25 17:10:00,59.95,7328.99,,,,
07/25/25 17:15:00,57.79,4625.33,,,,
07/25/25 17:20:00,58.17,6859.04,,,,
07/25/25 17:25:00,57.94,6082.76,,,,
07/25/25 17:30:00,55.62,5597.58,,,,
07/25/25 17:35:00,56.94,6419.53,,,,
07/25/25 17:40:00,57.86,6527.98,,,,
07/25/25 17:45:00,55.32,4853.65,,,,
07/25/25 17:50:00,57.09,6198.82,,,,
07/25/25 17:55:00,57.01,5843.02,,,,
07/25/25 18:00:00,56.63,5814.48,,,,
07/25/25 18:05:00,56.01,4636.75,,,,
07/25/25 18:10:00,55.70,5083.87,,,,
07/25/25 18:15:00,53.46,2177.58,,,,
07/25/25 18:20:00,53.93,5355.95,,,,
07/25/25 18:25:00,55.16,5245.59,,,,
07/25/25 18:30:00,55.16,5118.12,,,,
07/25/25 18:35:00,54.93,5003.96,,,,
07/25/25 18:40:00,54.16,4908.83,,,,
07/25/25 18:45:00,53.93,4846.04,,,,
07/25/25 18:50:00,53.77,4766.13,,,,
07/25/25 18:55:00,54.16,4678.61,,,,
07/25/25 19:00:00,54.31,4602.50,,,,
07/25/25 19:05:00,54.08,4545.42,,,,
07/25/25 19:10:00,54.08,4488.34,,,,
07/25/25 19:15:00,54.16,4419.85,,,,
07/25/25 19:20:00,53.54,4334.23,,,,
07/25/25 19:25:00,53.00,4246.70,,,,
07/25/25 19:30:00,52.61,4140.16,,,,
07/25/25 19:35:00,52.77,4086.88,,,,
07/25/25 19:40:00,52.07,4010.78,,,,
07/25/25 19:45:00,51.61,3915.64,,,,
07/25/25 19:50:00,51.61,3812.90,,,,
07/25/25 19:55:00,51.61,3688.28,,,,
07/25/25 20:00:00,50.91,3594.10,,,,
07/25/25 20:05:00,50.99,3482.79,,,,
07/25/25 20:10:00,50.68,3363.88,,,,
07/25/25 20:15:00,50.30,3249.72,,,,
07/25/25 20:20:00,50.30,3131.75,,,,
07/25/25 20:25:00,50.14,3033.77,,,,
07/25/25 20:30:00,50.30,2915.80,,,,
07/25/25 20:35:00,50.06,2788.33,,,,
07/25/25 20:40:00,49.83,2630.41,,,,
07/25/25 20:45:00,49.68,2462.02,,,,
07/25/25 20:50:00,49.14,2298.40,,,,
07/25/25 20:55:00,48.60,2121.45,,,,
07/25/25 21:00:00,47.83,1976.85,,,,
07/25/25 21:05:00,46.98,1831.77,,,,
07/25/25 21:10:00,46.59,1693.83,,,,
07/25/25 21:15:00,46.51,1562.07,,,,
07/25/25 21:20:00,46.36,1426.98,,,,
07/25/25 21:25:00,45.59,1301.41,,,,
07/25/25 21:30:00,44.81,1186.30,,,,
07/25/25 21:35:00,44.35,1084.51,,,,
07/25/25 21:40:00,42.73,496.35,,,,
07/25/25 21:45:00,40.80,511.57,,,,
07/25/25 21:50:00,39.41,348.07,,,,
07/25/25 21:55:00,38.56,281.12,,,,
07/25/25 22:00:00,38.25,244.25,,,,
07/25/25 22:05:00,38.02,216.43,,,,
07/25/25 22:10:00,37.79,188.84,,,,
07/25/25 22:15:00,37.55,157.74,,,,
07/25/25 22:20:00,37.48,130.51,,,,
07/25/25 22:25:00,37.63,103.25,,,,
07/25/25 22:30:00,37.32,81.25,,,,
07/25/25 22:35:00,37.17,61.06,,,,
07/25/25 22:40:00,37.01,44.76,,,,
07/25/25 22:45:00,36.63,31.68,,,,
07/25/25 22:50:00,36.55,21.90,,,,
07/25/25 22:55:00,36.63,14.79,,,,
07/25/25 23:00:00,36.47,9.77,,,,
07/25/25 23:05:00,36.47,6.34,,,,
07/25/25 23:10:00,36.32,4.00,,,,
07/25/25 23:15:00,36.16,2.48,,,,
07/25/25 23:20:00,36.40,1.59,,,,
07/25/25 23:25:00,36.47,1.01,,,,
07/25/25 23:30:00,36.32,0.64,,,,
07/25/25 23:35:00,36.32,0.44,,,,
07/25/25 23:40:00,36.16,0.28,,,,
07/25/25 23:45:00,36.32,0.16,,,,
07/25/25 23:50:00,36.40,0.10,,,,
07/25/25 23:55:00,36.55,0.08,,,,
07/26/25 00:00:00,36.86,0.00,,,,
07/26/25 00:05:00,36.86,0.00,,,,
07/26/25 00:10:00,36.86,0.04,,,,
07/26/25 00:15:00,36.86,0.00,,,,
07/26/25 00:20:00,37.09,0.00,,,,
07/26/25 00:25:00,37.25,0.00,,,,
07/26/25 00:30:00,36.86,0.00,,,,
07/26/25 00:35:00,37.71,0.00,,,,
07/26/25 00:40:00,37.86,0.00,,,,
07/26/25 00:45:00,37.01,0.00,,,,
07/26/25 00:50:00,36.47,0.00,,,,
07/26/25 00:55:00,36.32,0.00,,,,
07/26/25 01:00:00,35.86,0.00,,,,
07/26/25 01:05:00,35.70,0.00,,,,
07/26/25 01:10:00,36.01,0.00,,,,
07/26/25 01:15:00,36.01,0.00,,,,
07/26/25 01:20:00,36.01,0.00,,,,
07/26/25 01:25:00,36.40,0.00,,,,
07/26/25 01:30:00,36.40,0.00,,,,
07/26/25 01:35:00,36.09,0.00,,,,
07/26/25 01:40:00,36.01,0.00,,,,
07/26/25 01:45:00,36.55,0.00,,,,
07/26/25 01:50:00,36.24,0.00,,,,
07/26/25 01:55:00,36.16,0.00,,,,
07/26/25 02:00:00,35.93,0.00,,,,
07/26/25 02:05:00,35.93,0.00,,,,
07/26/25 02:10:00,36.32,0.00,,,,
07/26/25 02:15:00,36.47,0.00,,,,
07/26/25 02:20:00,36.24,0.00,,,,
07/26/25 02:25:00,35.62,0.00,,,,
07/26/25 02:30:00,35.47,0.00,,,,
07/26/25 02:35:00,35.70,0.00,,,,
07/26/25 02:40:00,35.55,0.00,,,,
07/26/25 02:45:00,35.24,0.00,,,,
07/26/25 02:50:00,35.24,0.00,,,,
07/26/25 02:55:00,35.39,0.00,,,,
07/26/25 03:00:00,36.09,0.00,,,,
07/26/25 03:05:00,35.78,0.00,,,,
07/26/25 03:10:00,36.32,0.00,,,,
07/26/25 03:15:00,36.32,0.00,,,,
07/26/25 03:20:00,36.24,0.00,,,,
07/26/25 03:25:00,36.01,0.00,,,,
07/26/25 03:30:00,35.86,0.00,,,,
07/26/25 03:35:00,35.93,0.00,,,,
07/26/25 03:40:00,36.09,0.00,,,,
07/26/25 03:45:00,36.09,0.00,,,,
07/26/25 03:50:00,36.16,0.00,,,,
07/26/25 03:55:00,36.40,0.00,,,,
07/26/25 04:00:00,36.32,0.00,,,,
07/26/25 04:05:00,36.01,0.02,,,,
07/26/25 04:10:00,35.62,0.06,,,,
07/26/25 04:15:00,35.55,0.10,,,,
07/26/25 04:20:00,35.55,0.18,,,,
07/26/25 04:25:00,35.55,0.30,,,,
07/26/25 04:30:00,35.55,0.46,,,,
07/26/25 04:35:00,35.55,0.72,,,,
07/26/25 04:40:00,35.16,1.05,,,,
07/26/25 04:45:00,36.32,1.55,,,,
07/26/25 04:50:00,36.09,2.38,,,,
07/26/25 04:55:00,35.86,3.87,,,,
07/26/25 05:00:00,35.47,6.26,,,,
07/26/25 05:05:00,35.16,9.93,,,,
07/26/25 05:10:00,35.47,15.36,,,,
07/26/25 05:15:00,35.70,23.46,,,,
07/26/25 05:20:00,35.62,32.66,,,,
07/26/25 05:25:00,35.47,47.28,,,,
07/26/25 05:30:00,35.39,66.74,,,,
07/26/25 05:35:00,35.16,88.80,,,,
07/26/25 05:40:00,35.16,115.47,,,,
07/26/25 05:45:00,35.24,145.73,,,,
07/26/25 05:50:00,35.78,188.48,,,,
07/26/25 05:55:00,35.70,214.70,,,,
07/26/25 06:00:00,35.39,291.22,,,,
07/26/25 06:05:00,36.32,406.57,,,,
07/26/25 06:10:00,37.01,451.52,,,,
07/26/25 06:15:00,37.94,568.65,,,,
07/26/25 06:20:00,38.33,653.80,,,,
07/26/25 06:25:00,39.10,744.41,,,,
07/26/25 06:30:00,39.72,843.35,,,,
07/26/25 06:35:00,40.57,970.59,,,,
07/26/25 06:40:00,39.10,722.53,,,,
07/26/25 06:45:00,39.02,786.74,,,,
07/26/25 06:50:00,38.94,776.52,,,,
07/26/25 06:55:00,38.71,815.05,,,,
07/26/25 07:00:00,38.71,798.40,,,,
07/26/25 07:05:00,39.87,977.48,,,,
07/26/25 07:10:00,43.35,1571.59,,,,
07/26/25 07:15:00,43.35,1602.98,,,,
07/26/25 07:20:00,44.35,1723.32,,,,
07/26/25 07:25:00,45.20,1824.64,,,,
07/26/25 07:30:00,45.51,1945.46,,,,
07/26/25 07:35:00,45.74,1860.79,,,,
07/26/25 07:40:00,45.51,2026.32,,,,
07/26/25 07:45:00,45.97,2176.63,,,,
07/26/25 07:50:00,46.74,2399.24,,,,
07/26/25 07:55:00,47.52,2540.98,,,,
07/26/25 08:00:00,48.21,2605.67,,,,
07/26/25 08:05:00,48.60,2699.85,,,,
07/26/25 08:10:00,48.91,2842.55,,,,
07/26/25 08:15:00,49.37,2974.79,,,,
07/26/25 08:20:00,50.37,3068.97,,,,
07/26/25 08:25:00,51.07,3231.64,,,,
07/26/25 08:30:00,51.45,3304.90,,,,
07/26/25 08:35:00,52.38,3451.40,,,,
07/26/25 08:40:00,52.15,3563.66,,,,
07/26/25 08:45:00,52.84,3666.40,,,,
07/26/25 08:50:00,52.92,3765.34,,,,
07/26/25 08:55:00,53.46,3876.64,,,,
07/26/25 09:00:00,53.54,3982.24,,,,
07/26/25 09:05:00,54.16,4088.79,,,,
07/26/25 09:10:00,54.70,4202.94,,,,
07/26/25 09:15:00,55.70,4328.52,,,,
07/26/25 09:20:00,56.01,4450.29,,,,
07/26/25 09:25:00,56.94,4621.53,,,,
07/26/25 09:30:00,57.32,4813.69,,,,
07/26/25 09:35:00,57.48,4905.02,,,,
07/26/25 09:40:00,58.64,5080.06,,,,
07/26/25 09:45:00,58.64,5159.97,,,,
07/26/25 09:50:00,58.40,5232.28,,,,
07/26/25 09:55:00,58.17,5399.71,,,,
07/26/25 10:00:00,58.79,5706.03,,,,
07/26/25 10:05:00,58.64,5932.45,,,,
07/26/25 10:10:00,59.02,6210.23,,,,
07/26/25 10:15:00,58.87,6455.68,,,,
07/26/25 10:20:00,58.56,6586.96,,,,
07/26/25 10:25:00,57.94,6704.92,,,,
07/26/25 10:30:00,58.40,6834.30,,,,
07/26/25 10:35:00,58.40,6918.02,,,,
07/26/25 10:40:00,58.64,7079.74,,,,
07/26/25 10:45:00,59.41,7445.05,,,,
07/26/25 10:50:00,59.41,7618.19,,,,
07/26/25 10:55:00,57.32,2646.58,,,,
07/26/25 11:00:00,53.85,7764.70,,,,
07/26/25 11:05:00,57.63,7975.89,,,,
07/26/25 11:10:00,59.72,8010.14,,,,
07/26/25 11:15:00,60.10,8109.08,,,,
07/26/25 11:20:00,60.10,8162.35,,,,
07/26/25 11:25:00,60.03,8242.26,,,,
07/26/25 11:30:00,60.49,8265.09,,,,
07/26/25 11:35:00,61.26,8219.43,,,,
07/26/25 11:40:00,61.65,8158.54,,,,
07/26/25 11:45:00,61.72,8116.69,,,,
07/26/25 11:50:00,61.65,8055.80,,,,
07/26/25 11:55:00,61.72,7960.67,,,,
07/26/25 12:00:00,62.27,7903.59,,,,
07/26/25 12:05:00,62.11,7869.34,,,,
07/26/25 12:10:00,62.73,7823.68,,,,
07/26/25 12:15:00,63.11,7816.07,,,,
07/26/25 12:20:00,62.96,7808.46,,,,
07/26/25 12:25:00,63.04,7768.50,,,,
07/26/25 12:30:00,63.27,7713.32,,,,
07/26/25 12:35:00,63.35,6879.97,,,,
07/26/25 12:40:00,62.88,7800.85,,,,
07/26/25 12:45:00,58.95,4136.35,,,,
07/26/25 12:50:00,57.79,6162.67,,,,
07/26/25 12:55:00,55.62,5392.10,,,,
07/26/25 13:00:00,55.55,5635.64,,,,
07/26/25 13:05:00,55.78,5795.46,,,,
07/26/25 13:10:00,55.86,5795.46,,,,
07/26/25 13:15:00,55.32,5723.16,,,,
07/26/25 13:20:00,55.01,5639.44,,,,
07/26/25 13:25:00,54.93,5544.31,,,,
07/26/25 13:30:00,54.78,5542.41,,,,
07/26/25 13:35:00,54.47,5462.50,,,,
07/26/25 13:40:00,54.16,5536.70,,,,
07/26/25 13:45:00,54.39,5506.26,,,,
07/26/25 13:50:00,54.70,5618.51,,,,
07/26/25 13:55:00,55.24,5677.49,,,,
07/26/25 14:00:00,55.70,5941.96,,,,
07/26/25 14:05:00,55.70,5818.29,,,,
07/26/25 14:10:00,56.09,6122.71,,,,
07/26/25 14:15:00,57.25,6204.53,,,,
07/26/25 14:20:00,57.48,6008.55,,,,
07/26/25 14:25:00,57.48,6147.45,,,,
07/26/25 14:30:00,58.40,6111.30,,,,
07/26/25 14:35:00,60.49,6571.74,,,,
07/26/25 14:40:00,61.57,6585.06,,,,
07/26/25 14:45:00,57.56,5399.71,,,,
07/26/25 14:50:00,53.54,5266.52,,,,
07/26/25 14:55:00,60.34,10319.95,,,,
07/26/25 15:00:00,66.67,8984.29,,,,
07/26/25 15:05:00,66.51,8139.52,,,,
07/26/25 15:10:00,65.43,7808.46,,,,
07/26/25 15:15:00,65.51,7639.12,,,,
07/26/25 15:20:00,65.35,7612.48,,,,
07/26/25 15:25:00,64.50,7524.96,,,,
07/26/25 15:30:00,62.50,7500.23,,,,
07/26/25 15:35:00,61.88,7458.37,,,,
07/26/25 15:40:00,61.72,7422.22,,,,
07/26/25 15:45:00,61.80,7327.09,,,,
07/26/25 15:50:00,61.11,7281.42,,,,
07/26/25 15:55:00,61.65,7224.34,,,,
07/26/25 16:00:00,61.49,7163.46,,,,
07/26/25 16:05:00,61.18,7112.09,,,,
07/26/25 16:10:00,60.80,7053.11,,,,
07/26/25 16:15:00,60.64,6990.32,,,,
07/26/25 16:20:00,61.03,6925.63,,,,
07/26/25 16:25:00,60.72,6895.19,,,,
07/26/25 16:30:00,60.34,6826.69,,,,
07/26/25 16:35:00,59.79,6754.39,,,,
07/26/25 16:40:00,59.56,6680.19,,,,
07/26/25 16:45:00,59.25,6600.28,,,,
07/26/25 16:50:00,59.49,6535.59,,,,
07/26/25 16:55:00,59.10,6463.29,,,,
07/26/25 17:00:00,59.10,6394.79,,,,
07/26/25 17:05:00,59.56,6316.78,,,,
07/26/25 17:10:00,59.33,6250.19,,,,
07/26/25 17:15:00,59.18,6177.89,,,,
07/26/25 17:20:00,58.95,6101.78,,,,
07/26/25 17:25:00,58.71,6016.17,,,,
07/26/25 17:30:00,59.02,5928.64,,,,
07/26/25 17:35:00,59.41,5852.54,,,,
07/26/25 17:40:00,58.48,5780.24,,,,
07/26/25 17:45:00,58.33,5696.52,,,,
07/26/25 17:50:00,58.02,5605.19,,,,
07/26/25 17:55:00,57.40,5532.89,,,,
07/26/25 18:00:00,56.63,5447.27,,,,
07/26/25 18:05:00,56.40,5361.66,,,,
07/26/25 18:10:00,55.86,5272.23,,,,
07/26/25 18:15:00,55.39,5190.42,,,,
07/26/25 18:20:00,54.85,5106.70,,,,
07/26/25 18:25:00,54.78,4981.13,,,,
07/26/25 18:30:00,54.62,4944.98,,,,
07/26/25 18:35:00,54.93,4868.87,,,,
07/26/25 18:40:00,54.54,4790.86,,,,
07/26/25 18:45:00,54.85,4686.22,,,,
07/26/25 18:50:00,54.93,4612.01,,,,
07/26/25 18:55:00,54.70,4537.81,,,,
07/26/25 19:00:00,54.31,4467.41,,,,
07/26/25 19:05:00,54.31,4387.50,,,,
07/26/25 19:10:00,54.16,4299.98,,,,
07/26/25 19:15:00,54.00,4223.87,,,,
07/26/25 19:20:00,53.93,4155.38,,,,
07/26/25 19:25:00,53.69,4067.86,,,,
07/26/25 19:30:00,53.15,3986.04,,,,
07/26/25 19:35:00,52.69,3911.84,,,,
07/26/25 19:40:00,52.54,3838.59,,,,
07/26/25 19:45:00,52.07,3751.07,,,,
07/26/25 19:50:00,51.38,3649.27,,,,
07/26/25 19:55:00,51.22,3554.14,,,,
07/26/25 20:00:00,51.30,3457.11,,,,
07/26/25 20:05:00,51.22,3350.56,,,,
07/26/25 20:10:00,51.07,3237.35,,,,
07/26/25 20:15:00,50.99,3131.75,,,,
07/26/25 20:20:00,50.68,3026.16,,,,
07/26/25 20:25:00,49.99,2919.61,,,,
07/26/25 20:30:00,49.52,2791.18,,,,
07/26/25 20:35:00,49.37,2673.22,,,,
07/26/25 20:40:00,48.98,2523.86,,,,
07/26/25 20:45:00,48.75,2353.57,,,,
07/26/25 20:50:00,48.83,2197.56,,,,
07/26/25 20:55:00,48.52,2024.41,,,,
07/26/25 21:00:00,48.13,1862.69,,,,
07/26/25 21:05:00,47.28,1712.86,,,,
07/26/25 21:10:00,47.21,1580.15,,,,
07/26/25 21:15:00,46.82,1464.56,,,,
07/26/25 21:20:00,46.74,1330.90,,,,
07/26/25 21:25:00,46.44,1203.42,,,,
07/26/25 21:30:00,46.05,1065.96,,,,
07/26/25 21:35:00,44.58,935.86,,,,
07/26/25 21:40:00,43.66,836.93,,,,
07/26/25 21:45:00,44.81,730.85,,,,
07/26/25 21:50:00,44.74,569.13,,,,
07/26/25 21:55:00,43.11,522.04,,,,
07/26/25 22:00:00,42.42,433.21,,,,
07/26/25 22:05:00,39.95,222.55,,,,
07/26/25 22:10:00,39.18,188.01,,,,
07/26/25 22:15:00,38.40,154.47,,,,
07/26/25 22:20:00,38.33,122.84,,,,
07/26/25 22:25:00,38.40,93.85,,,,
07/26/25 22:30:00,38.17,67.07,,,,
07/26/25 22:35:00,38.71,45.89,,,,
07/26/25 22:40:00,39.02,31.59,,,,
07/26/25 22:45:00,38.56,20.37,,,,
07/26/25 22:50:00,37.71,13.74,,,,
07/26/25 22:55:00,37.94,8.41,,,,
07/26/25 23:00:00,38.17,5.17,,,,
07/26/25 23:05:00,38.33,2.91,,,,
07/26/25 23:10:00,38.25,1.82,,,,
07/26/25 23:15:00,38.25,1.15,,,,
07/26/25 23:20:00,38.40,0.76,,,,
07/26/25 23:25:00,38.94,0.44,,,,
07/26/25 23:30:00,39.18,0.26,,,,
07/26/25 23:35:00,38.94,0.14,,,,
07/26/25 23:40:00,39.18,0.08,,,,
07/26/25 23:45:00,39.41,0.06,,,,
07/26/25 23:50:00,39.95,0.02,,,,
07/26/25 23:55:00,39.02,0.00,,,,
07/27/25 00:00:00,38.79,0.02,,,,
07/27/25 00:05:00,39.02,0.00,,,,
07/27/25 00:10:00,37.71,0.00,,,,
07/27/25 00:15:00,37.25,0.00,,,,
07/27/25 00:20:00,37.71,0.00,,,,
07/27/25 00:25:00,38.94,0.00,,,,
07/27/25 00:30:00,38.64,0.00,,,,
07/27/25 00:35:00,38.71,0.00,,,,
07/27/25 00:40:00,38.56,0.00,,,,
07/27/25 00:45:00,38.71,0.00,,,,
07/27/25 00:50:00,38.25,0.00,,,,
07/27/25 00:55:00,39.95,0.00,,,,
07/27/25 01:00:00,38.64,0.00,,,,
07/27/25 01:05:00,38.33,0.00,,,,
07/27/25 01:10:00,39.02,0.02,,,,
07/27/25 01:15:00,38.79,0.00,,,,
07/27/25 01:20:00,39.18,0.00,,,,
07/27/25 01:25:00,39.25,0.00,,,,
07/27/25 01:30:00,39.87,0.00,,,,
07/27/25 01:35:00,39.95,0.00,,,,
07/27/25 01:40:00,39.56,0.00,,,,
07/27/25 01:45:00,39.10,0.00,,,,
07/27/25 01:50:00,38.56,0.00,,,,
07/27/25 01:55:00,37.94,0.00,,,,
07/27/25 02:00:00,37.48,0.00,,,,
07/27/25 02:05:00,38.17,0.00,,,,
07/27/25 02:10:00,37.86,0.00,,,,
07/27/25 02:15:00,38.17,0.00,,,,
07/27/25 02:20:00,37.86,0.00,,,,
07/27/25 02:25:00,38.48,0.00,,,,
07/27/25 02:30:00,38.79,0.00,,,,
07/27/25 02:35:00,38.25,0.00,,,,
07/27/25 02:40:00,38.10,0.00,,,,
07/27/25 02:45:00,38.56,0.00,,,,
07/27/25 02:50:00,37.48,0.00,,,,
07/27/25 02:55:00,37.79,0.00,,,,
07/27/25 03:00:00,38.56,0.00,,,,
07/27/25 03:05:00,38.94,0.00,,,,
07/27/25 03:10:00,38.71,0.00,,,,
07/27/25 03:15:00,38.56,0.00,,,,
07/27/25 03:20:00,37.71,0.00,,,,
07/27/25 03:25:00,37.55,0.00,,,,
07/27/25 03:30:00,37.94,0.00,,,,
07/27/25 03:35:00,37.94,0.00,,,,
07/27/25 03:40:00,37.40,0.00,,,,
07/27/25 03:45:00,37.32,0.00,,,,
07/27/25 03:50:00,36.78,0.00,,,,
07/27/25 03:55:00,37.01,0.00,,,,
07/27/25 04:00:00,37.09,0.00,,,,
07/27/25 04:05:00,36.86,0.00,,,,
07/27/25 04:10:00,37.32,0.00,,,,
07/27/25 04:15:00,37.40,0.00,,,,
07/27/25 04:20:00,36.94,0.00,,,,
07/27/25 04:25:00,37.17,0.04,,,,
07/27/25 04:30:00,37.55,0.08,,,,
07/27/25 04:35:00,37.79,0.20,,,,
07/27/25 04:40:00,37.55,0.38,,,,
07/27/25 04:45:00,37.79,0.64,,,,
07/27/25 04:50:00,37.32,0.99,,,,
07/27/25 04:55:00,36.78,1.35,,,,
07/27/25 05:00:00,37.71,2.24,,,,
07/27/25 05:05:00,37.25,4.00,,,,
07/27/25 05:10:00,37.17,6.70,,,,
07/27/25 05:15:00,36.40,10.67,,,,
07/27/25 05:20:00,36.32,16.56,,,,
07/27/25 05:25:00,37.17,24.97,,,,
07/27/25 05:30:00,37.63,36.28,,,,
07/27/25 05:35:00,37.01,48.61,,,,
07/27/25 05:40:00,36.94,59.20,,,,
07/27/25 05:45:00,37.86,71.88,,,,
07/27/25 05:50:00,37.48,89.84,,,,
07/27/25 05:55:00,37.79,110.00,,,,
07/27/25 06:00:00,36.94,133.72,,,,
07/27/25 06:05:00,37.25,164.04,,,,
07/27/25 06:10:00,37.01,183.66,,,,
07/27/25 06:15:00,37.09,228.50,,,,
07/27/25 06:20:00,38.10,260.54,,,,
07/27/25 06:25:00,38.56,300.62,,,,
07/27/25 06:30:00,38.64,349.02,,,,
07/27/25 06:35:00,38.40,384.45,,,,
07/27/25 06:40:00,37.86,411.68,,,,
07/27/25 06:45:00,38.02,398.49,,,,
07/27/25 06:50:00,38.17,421.67,,,,
07/27/25 06:55:00,38.10,480.77,,,,
07/27/25 07:00:00,38.56,615.03,,,,
07/27/25 07:05:00,39.25,596.72,,,,
07/27/25 07:10:00,39.79,722.53,,,,
07/27/25 07:15:00,40.57,863.33,,,,
07/27/25 07:20:00,40.88,844.54,,,,
07/27/25 07:25:00,41.34,956.32,,,,
07/27/25 07:30:00,41.26,993.66,,,,
07/27/25 07:35:00,41.34,1132.07,,,,
07/27/25 07:40:00,42.42,1220.07,,,,
07/27/25 07:45:00,42.73,1277.63,,,,
07/27/25 07:50:00,42.19,1341.84,,,,
07/27/25 07:55:00,43.89,1470.27,,,,
07/27/25 08:00:00,44.74,1541.62,,,,
07/27/25 08:05:00,44.43,1556.36,,,,
07/27/25 08:10:00,44.58,1641.51,,,,
07/27/25 08:15:00,45.82,2140.48,,,,
07/27/25 08:20:00,46.59,2287.93,,,,
07/27/25 08:25:00,47.44,2221.34,,,,
07/27/25 08:30:00,45.74,2095.76,,,,
07/27/25 08:35:00,46.74,2063.42,,,,
07/27/25 08:40:00,49.76,3813.85,,,,
07/27/25 08:45:00,52.23,3261.13,,,,
07/27/25 08:50:00,55.24,4100.20,,,,
07/27/25 08:55:00,54.93,3970.82,,,,
07/27/25 09:00:00,54.70,3986.04,,,,
07/27/25 09:05:00,54.08,4124.94,,,,
07/27/25 09:10:00,52.61,3050.89,,,,
07/27/25 09:15:00,50.76,4311.39,,,,
07/27/25 09:20:00,53.15,4669.09,,,,
07/27/25 09:25:00,48.98,2105.28,,,,
07/27/25 09:30:00,43.50,1769.94,,,,
07/27/25 09:35:00,42.57,1853.65,,,,
07/27/25 09:40:00,44.20,2810.21,,,,
07/27/25 09:45:00,44.89,2537.18,,,,
07/27/25 09:50:00,44.35,2705.56,,,,
07/27/25 09:55:00,44.81,2856.82,,,,
07/27/25 10:00:00,46.59,3226.89,,,,
07/27/25 10:05:00,47.21,3358.17,,,,
07/27/25 10:10:00,47.83,3517.04,,,,
07/27/25 10:15:00,50.22,4126.84,,,,
07/27/25 10:20:00,51.45,4275.24,,,,
07/27/25 10:25:00,55.55,7399.39,,,,
07/27/25 10:30:00,52.00,3915.64,,,,
07/27/25 10:35:00,51.76,4180.11,,,,
07/27/25 10:40:00,51.53,4145.86,,,,
07/27/25 10:45:00,51.92,4221.97,,,,
07/27/25 10:50:00,51.61,3955.60,,,,
07/27/25 10:55:00,51.45,4235.29,,,,
07/27/25 11:00:00,50.61,4492.15,,,,
07/27/25 11:05:00,54.39,4676.70,,,,
07/27/25 11:10:00,59.49,9037.57,,,,
07/27/25 11:15:00,58.87,4627.23,,,,
07/27/25 11:20:00,56.32,4589.18,,,,
07/27/25 11:25:00,56.78,5647.05,,,,
07/27/25 11:30:00,57.40,5059.13,,,,
07/27/25 11:35:00,63.81,11305.52,,,,
07/27/25 11:40:00,69.91,10670.04,,,,
07/27/25 11:45:00,69.76,10038.36,,,,
07/27/25 11:50:00,69.22,9562.70,,,,
07/27/25 11:55:00,66.28,7838.90,,,,
07/27/25 12:00:00,65.20,9676.85,,,,
07/27/25 12:05:00,68.52,9208.80,,,,
07/27/25 12:10:00,66.90,8858.72,,,,
07/27/25 12:15:00,65.89,8390.67,,,,
07/27/25 12:20:00,65.66,8211.82,,,,
07/27/25 12:25:00,64.81,8109.08,,,,
07/27/25 12:30:00,64.35,7994.92,,,,
07/27/25 12:35:00,64.12,7918.81,,,,
07/27/25 12:40:00,63.81,7911.20,,,,
07/27/25 12:45:00,63.58,7873.15,,,,
07/27/25 12:50:00,63.42,7722.84,,,,
07/27/25 12:55:00,63.66,7700.01,,,,
07/27/25 13:00:00,63.42,7734.25,,,,
07/27/25 13:05:00,63.19,7679.08,,,,
07/27/25 13:10:00,63.50,7669.56,,,,
07/27/25 13:15:00,63.35,7663.86,,,,
07/27/25 13:20:00,63.73,7635.32,,,,
07/27/25 13:25:00,63.66,7597.26,,,,
07/27/25 13:30:00,64.74,7604.87,,,,
07/27/25 13:35:00,64.35,7583.94,,,,
07/27/25 13:40:00,64.12,7606.78,,,,
07/27/25 13:45:00,64.27,7612.48,,,,
07/27/25 13:50:00,63.81,7604.87,,,,
07/27/25 13:55:00,62.96,7602.97,,,,
07/27/25 14:00:00,62.88,7597.26,,,,
07/27/25 14:05:00,63.19,7597.26,,,,
07/27/25 14:10:00,63.04,7606.78,,,,
07/27/25 14:15:00,63.04,7614.39,,,,
07/27/25 14:20:00,62.42,7627.71,,,,
07/27/25 14:25:00,62.88,7614.39,,,,
07/27/25 14:30:00,62.42,7599.17,,,,
07/27/25 14:35:00,62.03,7606.78,,,,
07/27/25 14:40:00,62.27,7599.17,,,,
07/27/25 14:45:00,62.50,7589.65,,,,
07/27/25 14:50:00,62.65,7576.33,,,,
07/27/25 14:55:00,62.57,7574.43,,,,
07/27/25 15:00:00,62.50,7561.11,,,,
07/27/25 15:05:00,63.19,7551.60,,,,
07/27/25 15:10:00,63.11,7524.96,,,,
07/27/25 15:15:00,62.65,7492.62,,,,
07/27/25 15:20:00,61.80,7481.20,,,,
07/27/25 15:25:00,61.18,7441.25,,,,
07/27/25 15:30:00,61.49,7407.00,,,,
07/27/25 15:35:00,61.88,7380.36,,,,
07/27/25 15:40:00,61.88,7370.85,,,,
07/27/25 15:45:00,61.65,7340.41,,,,
07/27/25 15:50:00,61.72,7289.03,,,,
07/27/25 15:55:00,61.49,7209.12,,,,
07/27/25 16:00:00,60.95,7159.65,,,,
07/27/25 16:05:00,60.10,7112.09,,,,
07/27/25 16:10:00,60.03,7032.18,,,,
07/27/25 16:15:00,60.34,6967.49,,,,
07/27/25 16:20:00,59.87,6906.60,,,,
07/27/25 16:25:00,59.41,6836.21,,,,
07/27/25 16:30:00,58.95,6784.83,,,,
07/27/25 16:35:00,59.87,6731.56,,,,
07/27/25 16:40:00,59.33,6657.36,,,,
07/27/25 16:45:00,58.87,6592.67,,,,
07/27/25 16:50:00,58.95,6535.59,,,,
07/27/25 16:55:00,58.71,6461.38,,,,
07/27/25 17:00:00,58.17,6415.72,,,,
07/27/25 17:05:00,58.48,6341.52,,,,
07/27/25 17:10:00,58.40,6271.12,,,,
07/27/25 17:15:00,58.64,6177.89,,,,
07/27/25 17:20:00,58.64,6103.69,,,,
07/27/25 17:25:00,57.79,6008.55,,,,
07/27/25 17:30:00,57.63,5924.84,,,,
07/27/25 17:35:00,57.63,5862.05,,,,
07/27/25 17:40:00,57.48,5791.65,,,,
07/27/25 17:45:00,57.40,5713.64,,,,
07/27/25 17:50:00,57.09,5633.73,,,,
07/27/25 17:55:00,57.40,5559.53,,,,
07/27/25 18:00:00,56.86,5479.62,,,,
07/27/25 18:05:00,56.55,5418.73,,,,
07/27/25 18:10:00,57.71,5422.54,,,,
07/27/25 18:15:00,58.48,5620.41,,,,
07/27/25 18:20:00,59.72,5940.06,,,,
07/27/25 18:25:00,60.57,6379.57,,,,
07/27/25 18:30:00,61.88,6954.17,,,,
07/27/25 18:35:00,62.27,7370.85,,,,
07/27/25 18:40:00,60.49,7140.63,,,,
07/27/25 18:45:00,61.57,6617.40,,,,
07/27/25 18:50:00,53.54,2735.05,,,,
07/27/25 18:55:00,48.29,2416.36,,,,
07/27/25 19:00:00,46.59,2293.64,,,,
07/27/25 19:05:00,45.05,2225.14,,,,
07/27/25 19:10:00,44.58,2201.36,,,,
07/27/25 19:15:00,44.81,2214.68,,,,
07/27/25 19:20:00,44.66,2100.52,,,,
07/27/25 19:25:00,43.96,2113.84,,,,
07/27/25 19:30:00,43.42,2063.42,,,,
07/27/25 19:35:00,43.73,1991.12,,,,
07/27/25 19:40:00,44.12,1809.89,,,,
07/27/25 19:45:00,44.04,1589.66,,,,
07/27/25 19:50:00,43.42,1398.92,,,,
07/27/25 19:55:00,43.19,1133.98,,,,
07/27/25 20:00:00,42.96,1007.45,,,,
07/27/25 20:05:00,43.04,964.64,,,,
07/27/25 20:10:00,42.03,944.19,,,,
07/27/25 20:15:00,41.65,1005.55,,,,
07/27/25 20:20:00,43.19,1178.69,,,,
07/27/25 20:25:00,42.03,897.81,,,,
07/27/25 20:30:00,42.57,1171.55,,,,
07/27/25 20:35:00,42.57,1054.07,,,,
07/27/25 20:40:00,44.74,2555.25,,,,
07/27/25 20:45:00,48.60,2478.20,,,,
07/27/25 20:50:00,49.37,2247.02,,,,
07/27/25 20:55:00,49.52,2027.27,,,,
07/27/25 21:00:00,49.29,1831.30,,,,
07/27/25 21:05:00,48.44,1657.68,,,,
07/27/25 21:10:00,46.44,1521.64,,,,
07/27/25 21:15:00,46.74,1384.65,,,,
07/27/25 21:20:00,47.28,1256.22,,,,
07/27/25 21:25:00,47.13,1114.95,,,,
07/27/25 21:30:00,45.74,996.03,,,,
07/27/25 21:35:00,46.05,878.55,,,,
07/27/25 21:40:00,45.05,766.29,,,,
07/27/25 21:45:00,43.11,654.51,,,,
07/27/25 21:50:00,42.03,547.49,,,,
07/27/25 21:55:00,41.03,454.73,,,,
07/27/25 22:00:00,40.88,372.56,,,,
07/27/25 22:05:00,38.40,200.85,,,,
07/27/25 22:10:00,37.86,168.62,,,,
07/27/25 22:15:00,38.17,136.87,,,,
07/27/25 22:20:00,37.79,108.87,,,,
07/27/25 22:25:00,38.02,82.71,,,,
07/27/25 22:30:00,37.86,61.78,,,,
07/27/25 22:35:00,38.17,45.32,,,,
07/27/25 22:40:00,38.17,32.42,,,,
07/27/25 22:45:00,38.25,22.40,,,,
07/27/25 22:50:00,38.02,14.71,,,,
07/27/25 22:55:00,38.40,9.70,,,,
07/27/25 23:00:00,38.25,6.02,,,,
07/27/25 23:05:00,38.17,3.75,,,,
07/27/25 23:10:00,37.94,2.30,,,,
07/27/25 23:15:00,37.63,1.45,,,,
07/27/25 23:20:00,38.25,0.95,,,,
07/27/25 23:25:00,38.40,0.62,,,,
07/27/25 23:30:00,38.64,0.38,,,,
07/27/25 23:35:00,37.48,0.24,,,,
07/27/25 23:40:00,38.79,0.14,,,,
07/27/25 23:45:00,40.03,0.08,,,,
07/27/25 23:50:00,40.18,0.04,,,,
07/27/25 23:55:00,38.94,0.02,,,,
07/28/25 00:00:00,38.40,0.00,,,,
07/28/25 00:05:00,38.71,0.00,,,,
07/28/25 00:10:00,38.79,0.00,,,,
07/28/25 00:15:00,38.64,0.00,,,,
07/28/25 00:20:00,38.10,0.00,,,,
07/28/25 00:25:00,38.87,0.00,,,,
07/28/25 00:30:00,39.18,0.00,,,,
07/28/25 00:35:00,39.02,0.00,,,,
07/28/25 00:40:00,38.94,0.00,,,,
07/28/25 00:45:00,39.64,0.00,,,,
07/28/25 00:50:00,39.72,0.00,,,,
07/28/25 00:55:00,39.41,0.00,,,,
07/28/25 01:00:00,39.64,0.00,,,,
07/28/25 01:05:00,40.41,0.00,,,,
07/28/25 01:10:00,39.72,0.00,,,,
07/28/25 01:15:00,39.02,0.00,,,,
07/28/25 01:20:00,38.40,0.00,,,,
07/28/25 01:25:00,38.10,0.00,,,,
07/28/25 01:30:00,38.56,0.00,,,,
07/28/25 01:35:00,39.18,0.00,,,,
07/28/25 01:40:00,39.64,0.00,,,,
07/28/25 01:45:00,39.02,0.00,,,,
07/28/25 01:50:00,38.94,0.00,,,,
07/28/25 01:55:00,39.10,0.00,,,,
07/28/25 02:00:00,39.10,0.00,,,,
07/28/25 02:05:00,39.79,0.00,,,,
07/28/25 02:10:00,38.56,0.02,,,,
07/28/25 02:15:00,39.41,0.00,,,,
07/28/25 02:20:00,39.10,0.00,,,,
07/28/25 02:25:00,39.18,0.00,,,,
07/28/25 02:30:00,39.87,0.00,,,,
07/28/25 02:35:00,38.79,0.00,,,,
07/28/25 02:40:00,38.64,0.00,,,,
07/28/25 02:45:00,39.72,0.00,,,,
07/28/25 02:50:00,39.95,0.00,,,,
07/28/25 02:55:00,38.94,0.00,,,,
07/28/25 03:00:00,38.02,0.00,,,,
07/28/25 03:05:00,38.10,0.00,,,,
07/28/25 03:10:00,38.40,0.00,,,,
07/28/25 03:15:00,39.49,0.00,,,,
07/28/25 03:20:00,39.64,0.00,,,,
07/28/25 03:25:00,38.87,0.00,,,,
07/28/25 03:30:00,38.17,0.00,,,,
07/28/25 03:35:00,38.87,0.00,,,,
07/28/25 03:40:00,40.41,0.00,,,,
07/28/25 03:45:00,39.87,0.00,,,,
07/28/25 03:50:00,39.41,0.00,,,,
07/28/25 03:55:00,39.64,0.00,,,,
07/28/25 04:00:00,39.49,0.00,,,,
07/28/25 04:05:00,38.71,0.00,,,,
07/28/25 04:10:00,38.94,0.00,,,,
07/28/25 04:15:00,38.71,0.02,,,,
07/28/25 04:20:00,38.48,0.06,,,,
07/28/25 04:25:00,37.71,0.10,,,,
07/28/25 04:30:00,38.33,0.20,,,,
07/28/25 04:35:00,39.10,0.34,,,,
07/28/25 04:40:00,39.18,0.58,,,,
07/28/25 04:45:00,39.18,0.95,,,,
07/28/25 04:50:00,39.41,1.51,,,,
07/28/25 04:55:00,38.79,2.40,,,,
07/28/25 05:00:00,38.33,3.88,,,,
07/28/25 05:05:00,38.79,6.06,,,,
07/28/25 05:10:00,38.71,9.45,,,,
07/28/25 05:15:00,38.48,13.91,,,,
07/28/25 05:20:00,38.56,20.69,,,,
07/28/25 05:25:00,38.48,30.47,,,,
07/28/25 05:30:00,38.40,42.75,,,,
07/28/25 05:35:00,38.02,57.53,,,,
07/28/25 05:40:00,38.56,76.43,,,,
07/28/25 05:45:00,37.94,99.09,,,,
07/28/25 05:50:00,37.71,127.72,,,,
07/28/25 05:55:00,38.17,175.82,,,,
07/28/25 06:00:00,38.79,206.79,,,,
07/28/25 06:05:00,39.25,291.94,,,,
07/28/25 06:10:00,39.41,352.58,,,,
07/28/25 06:15:00,39.56,419.41,,,,
07/28/25 06:20:00,40.03,486.84,,,,
07/28/25 06:25:00,41.34,560.33,,,,
07/28/25 06:30:00,42.03,634.29,,,,
07/28/25 06:35:00,41.80,705.88,,,,
07/28/25 06:40:00,42.42,775.80,,,,
07/28/25 06:45:00,42.81,837.64,,,,
07/28/25 06:50:00,42.73,899.24,,,,
07/28/25 06:55:00,43.89,905.66,,,,
07/28/25 07:00:00,44.27,1074.04,,,,
07/28/25 07:05:00,44.89,1166.32,,,,
07/28/25 07:10:00,44.81,1250.04,,,,
07/28/25 07:15:00,44.43,1342.79,,,,
07/28/25 07:20:00,44.81,1430.79,,,,
07/28/25 07:25:00,46.05,1518.79,,,,
07/28/25 07:30:00,46.28,1613.44,,,,
07/28/25 07:35:00,46.20,1710.00,,,,
07/28/25 07:40:00,46.36,1804.66,,,,
07/28/25 07:45:00,47.98,1910.26,,,,
07/28/25 07:50:00,48.13,2025.37,,,,
07/28/25 07:55:00,48.91,2147.14,,,,
07/28/25 08:00:00,49.29,2267.95,,,,
07/28/25 08:05:00,49.22,2395.43,,,,
07/28/25 08:10:00,49.22,2527.66,,,,
07/28/25 08:15:00,49.37,2646.58,,,,
07/28/25 08:20:00,50.06,2756.93,,,,
07/28/25 08:25:00,50.30,2873.95,,,,
07/28/25 08:30:00,50.99,2976.69,,,,
07/28/25 08:35:00,50.99,3087.04,,,,
07/28/25 08:40:00,51.22,3186.93,,,,
07/28/25 08:45:00,51.84,3302.99,,,,
07/28/25 08:50:00,51.76,3418.10,,,,
07/28/25 08:55:00,51.38,3532.26,,,,
07/28/25 09:00:00,51.61,3634.05,,,,
07/28/25 09:05:00,51.53,3743.46,,,,
07/28/25 09:10:00,53.00,3850.95,,,,
07/28/25 09:15:00,53.69,3959.41,,,,
07/28/25 09:20:00,54.39,4079.27,,,,
07/28/25 09:25:00,54.78,4187.72,,,,
07/28/25 09:30:00,55.32,4313.30,,,,
07/28/25 09:35:00,55.24,4446.48,,,,
07/28/25 09:40:00,55.24,4585.38,,,,
07/28/25 09:45:00,55.70,4714.76,,,,
07/28/25 09:50:00,56.17,4897.41,,,,
07/28/25 09:55:00,55.93,5049.62,,,,
07/28/25 10:00:00,57.32,5236.08,,,,
07/28/25 10:05:00,57.09,5414.93,,,,
07/28/25 10:10:00,57.17,5620.41,,,,
07/28/25 10:15:00,57.01,5791.65,,,,
07/28/25 10:20:00,57.40,5955.28,,,,
07/28/25 10:25:00,57.94,6103.69,,,,
07/28/25 10:30:00,57.56,6198.82,,,,
07/28/25 10:35:00,56.17,5831.61,,,,
07/28/25 10:40:00,52.07,2227.05,,,,
07/28/25 10:45:00,53.62,6522.27,,,,
07/28/25 10:50:00,57.09,6952.27,,,,
07/28/25 10:55:00,58.56,7230.05,,,,
07/28/25 11:00:00,59.95,7524.96,,,,
07/28/25 11:05:00,60.26,7622.00,,,,
07/28/25 11:10:00,60.88,7831.29,,,,
07/28/25 11:15:00,56.09,4180.11,,,,
07/28/25 11:20:00,53.15,4908.83,,,,
07/28/25 11:25:00,50.37,3904.23,,,,
07/28/25 11:30:00,49.83,5064.84,,,,
07/28/25 11:35:00,57.56,8314.56,,,,
07/28/25 11:40:00,60.34,8265.09,,,,
07/28/25 11:45:00,61.88,8291.73,,,,
07/28/25 11:50:00,62.11,8215.62,,,,
07/28/25 11:55:00,61.88,8158.54,,,,
07/28/25 12:00:00,62.27,8131.91,,,,
07/28/25 12:05:00,62.42,8074.83,,,,
07/28/25 12:10:00,62.73,8017.75,,,,
07/28/25 12:15:00,62.81,7987.31,,,,
07/28/25 12:20:00,63.35,7918.81,,,,
07/28/25 12:25:00,63.42,7861.73,,,,
07/28/25 12:30:00,62.88,7800.85,,,,
07/28/25 12:35:00,63.27,7741.86,,,,
07/28/25 12:40:00,63.42,7694.30,,,,
07/28/25 12:45:00,62.96,7686.69,,,,
07/28/25 12:50:00,63.19,7673.37,,,,
07/28/25 12:55:00,63.58,7677.17,,,,
07/28/25 13:00:00,63.81,7673.37,,,,
07/28/25 13:05:00,63.81,7658.15,,,,
07/28/25 13:10:00,64.27,7635.32,,,,
07/28/25 13:15:00,64.20,7622.00,,,,
07/28/25 13:20:00,64.43,7583.94,,,,
07/28/25 13:25:00,64.20,7578.24,,,,
07/28/25 13:30:00,63.89,7582.04,,,,
07/28/25 13:35:00,63.35,7568.72,,,,
07/28/25 13:40:00,63.42,7555.41,,,,
07/28/25 13:45:00,64.50,7559.21,,,,
07/28/25 13:50:00,64.35,7563.02,,,,
07/28/25 13:55:00,64.35,7553.50,,,,
07/28/25 14:00:00,63.96,7559.21,,,,
07/28/25 14:05:00,63.66,7566.82,,,,
07/28/25 14:10:00,64.12,7582.04,,,,
07/28/25 14:15:00,64.43,7568.72,,,,
07/28/25 14:20:00,64.04,7574.43,,,,
07/28/25 14:25:00,63.50,7553.50,,,,
07/28/25 14:30:00,63.42,7559.21,,,,
07/28/25 14:35:00,63.42,7555.41,,,,
07/28/25 14:40:00,63.35,7553.50,,,,
07/28/25 14:45:00,63.04,7547.79,,,,
07/28/25 14:50:00,63.19,7532.57,,,,
07/28/25 14:55:00,63.81,7555.41,,,,
07/28/25 15:00:00,63.27,7536.38,,,,
07/28/25 15:05:00,62.81,7500.23,,,,
07/28/25 15:10:00,62.88,7494.52,,,,
07/28/25 15:15:00,62.73,7473.59,,,,
07/28/25 15:20:00,62.50,7443.15,,,,
07/28/25 15:25:00,62.42,7424.12,,,,
07/28/25 15:30:00,61.96,7389.88,,,,
07/28/25 15:35:00,61.65,7346.11,,,,
07/28/25 15:40:00,61.34,7306.16,,,,
07/28/25 15:45:00,61.49,7268.11,,,,
07/28/25 15:50:00,61.11,7230.05,,,,
07/28/25 15:55:00,60.72,7152.04,,,,
07/28/25 16:00:00,60.64,7108.28,,,,
07/28/25 16:05:00,60.80,7039.79,,,,
07/28/25 16:10:00,61.03,6988.42,,,,
07/28/25 16:15:00,60.72,6906.60,,,,
07/28/25 16:20:00,60.49,6870.45,,,,
07/28/25 16:25:00,61.03,6830.50,,,,
07/28/25 16:30:00,60.41,6771.52,,,,
07/28/25 16:35:00,59.95,6731.56,,,,
07/28/25 16:40:00,60.41,6664.97,,,,
07/28/25 16:45:00,60.18,6573.64,,,,
07/28/25 16:50:00,59.72,6497.53,,,,
07/28/25 16:55:00,59.72,6455.68,,,,
07/28/25 17:00:00,58.71,6368.15,,,,
07/28/25 17:05:00,58.10,6293.95,,,,
07/28/25 17:10:00,58.79,6206.43,,,,
07/28/25 17:15:00,59.56,6147.45,,,,
07/28/25 17:20:00,59.64,6052.32,,,,
07/28/25 17:25:00,59.25,6008.55,,,,
07/28/25 17:30:00,58.48,5913.42,,,,
07/28/25 17:35:00,58.10,5854.44,,,,
07/28/25 17:40:00,58.17,5719.35,,,,
07/28/25 17:45:00,59.18,5660.37,,,,
07/28/25 17:50:00,59.10,5015.37,,,,
07/28/25 17:55:00,56.94,4802.28,,,,
07/28/25 18:00:00,57.94,5433.96,,,,
07/28/25 18:05:00,58.87,5222.76,,,,
07/28/25 18:10:00,59.02,5331.21,,,,
07/28/25 18:15:00,58.64,5230.37,,,,
07/28/25 18:20:00,58.71,5127.63,,,,
07/28/25 18:25:00,58.17,5026.79,,,,
07/28/25 18:30:00,57.94,4931.66,,,,
07/28/25 18:35:00,57.48,4838.43,,,,
07/28/25 18:40:00,57.01,4756.61,,,,
07/28/25 18:45:00,57.17,4631.04,,,,
07/28/25 18:50:00,57.40,4558.74,,,,
07/28/25 18:55:00,56.94,4494.05,,,,
07/28/25 19:00:00,56.86,4429.36,,,,
07/28/25 19:05:00,57.01,4294.27,,,,
07/28/25 19:10:00,56.40,4214.36,,,,
07/28/25 19:15:00,56.24,4151.57,,,,
07/28/25 19:20:00,56.09,4067.86,,,,
07/28/25 19:25:00,56.32,3967.02,,,,
07/28/25 19:30:00,55.47,3879.49,,,,
07/28/25 19:35:00,55.01,3806.24,,,,
07/28/25 19:40:00,54.62,3714.92,,,,
07/28/25 19:45:00,54.47,3600.76,,,,
07/28/25 19:50:00,54.39,3535.12,,,,
07/28/25 19:55:00,54.31,3425.71,,,,
07/28/25 20:00:00,53.69,3306.80,,,,
07/28/25 20:05:00,53.46,3197.40,,,,
07/28/25 20:10:00,53.00,3097.51,,,,
07/28/25 20:15:00,52.15,2982.40,,,,
07/28/25 20:20:00,51.69,2848.26,,,,
07/28/25 20:25:00,51.92,2746.47,,,,
07/28/25 20:30:00,51.84,2669.41,,,,
07/28/25 20:35:00,51.84,2547.64,,,,
07/28/25 20:40:00,52.15,2491.51,,,,
07/28/25 20:45:00,51.45,2335.50,,,,
07/28/25 20:50:00,52.23,2217.53,,,,
07/28/25 20:55:00,51.76,2076.74,,,,
07/28/25 21:00:00,51.38,2029.17,,,,
07/28/25 21:05:00,51.61,1872.20,,,,
07/28/25 21:10:00,51.30,1516.88,,,,
07/28/25 21:15:00,50.53,1424.61,,,,
07/28/25 21:20:00,49.29,1041.22,,,,
07/28/25 21:25:00,48.13,1075.95,,,,
07/28/25 21:30:00,46.44,830.50,,,,
07/28/25 21:35:00,45.66,730.38,,,,
07/28/25 21:40:00,46.05,694.94,,,,
07/28/25 21:45:00,46.05,603.61,,,,
07/28/25 21:50:00,45.66,491.60,,,,
07/28/25 21:55:00,45.05,405.98,,,,
07/28/25 22:00:00,44.50,273.74,,,,
07/28/25 22:05:00,42.50,172.61,,,,
07/28/25 22:10:00,42.81,139.84,,,,
07/28/25 22:15:00,42.11,115.70,,,,
07/28/25 22:20:00,40.88,92.25,,,,
07/28/25 22:25:00,41.88,72.06,,,,
07/28/25 22:30:00,42.34,54.03,,,,
07/28/25 22:35:00,41.80,38.78,,,,
07/28/25 22:40:00,41.49,26.33,,,,
07/28/25 22:45:00,41.88,17.12,,,,
07/28/25 22:50:00,40.80,10.98,,,,
07/28/25 22:55:00,40.95,6.90,,,,
07/28/25 23:00:00,40.57,4.32,,,,
07/28/25 23:05:00,40.72,2.68,,,,
07/28/25 23:10:00,41.18,1.69,,,,
07/28/25 23:15:00,41.18,1.09,,,,
07/28/25 23:20:00,41.42,0.70,,,,
07/28/25 23:25:00,41.26,0.44,,,,
07/28/25 23:30:00,41.03,0.28,,,,
07/28/25 23:35:00,40.64,0.18,,,,
07/28/25 23:40:00,41.88,0.10,,,,
07/28/25 23:45:00,42.73,0.06,,,,
07/28/25 23:50:00,42.57,0.02,,,,
07/28/25 23:55:00,43.27,0.00,,,,
07/29/25 00:00:00,42.27,0.00,,,,
07/29/25 00:05:00,41.11,0.00,,,,
07/29/25 00:10:00,41.88,0.00,,,,
07/29/25 00:15:00,41.57,0.00,,,,
07/29/25 00:20:00,40.41,0.00,,,,
07/29/25 00:25:00,39.72,0.00,,,,
07/29/25 00:30:00,39.87,0.00,,,,
07/29/25 00:35:00,39.56,0.00,,,,
07/29/25 00:40:00,40.88,0.00,,,,
07/29/25 00:45:00,38.56,0.00,,,,
07/29/25 00:50:00,38.33,0.00,,,,
07/29/25 00:55:00,38.94,0.00,,,,
07/29/25 01:00:00,40.49,0.00,,,,
07/29/25 01:05:00,41.26,0.00,,,,
07/29/25 01:10:00,41.96,0.00,,,,
07/29/25 01:15:00,39.95,0.00,,,,
07/29/25 01:20:00,39.64,0.00,,,,
07/29/25 01:25:00,40.95,0.00,,,,
07/29/25 01:30:00,41.57,0.00,,,,
07/29/25 01:35:00,42.42,0.00,,,,
07/29/25 01:40:00,42.65,0.00,,,,
07/29/25 01:45:00,41.96,0.00,,,,
07/29/25 01:50:00,42.73,0.00,,,,
07/29/25 01:55:00,42.27,0.00,,,,
07/29/25 02:00:00,42.42,0.00,,,,
07/29/25 02:05:00,41.80,0.00,,,,
07/29/25 02:10:00,41.11,0.00,,,,
07/29/25 02:15:00,40.10,0.00,,,,
07/29/25 02:20:00,40.26,0.00,,,,
07/29/25 02:25:00,39.41,0.00,,,,
07/29/25 02:30:00,39.56,0.00,,,,
07/29/25 02:35:00,39.87,0.00,,,,
07/29/25 02:40:00,40.10,0.00,,,,
07/29/25 02:45:00,40.18,0.00,,,,
07/29/25 02:50:00,40.95,0.00,,,,
07/29/25 02:55:00,40.33,0.02,,,,
07/29/25 03:00:00,41.88,0.00,,,,
07/29/25 03:05:00,42.57,0.00,,,,
07/29/25 03:10:00,41.88,0.00,,,,
07/29/25 03:15:00,40.80,0.00,,,,
07/29/25 03:20:00,40.03,0.00,,,,
07/29/25 03:25:00,39.41,0.00,,,,
07/29/25 03:30:00,40.49,0.00,,,,
07/29/25 03:35:00,40.26,0.00,,,,
07/29/25 03:40:00,39.33,0.00,,,,
07/29/25 03:45:00,39.02,0.00,,,,
07/29/25 03:50:00,39.25,0.00,,,,
07/29/25 03:55:00,39.02,0.00,,,,
07/29/25 04:00:00,39.02,0.00,,,,
07/29/25 04:05:00,39.49,0.00,,,,
07/29/25 04:10:00,39.49,0.00,,,,
07/29/25 04:15:00,39.95,0.00,,,,
07/29/25 04:20:00,40.26,0.00,,,,
07/29/25 04:25:00,40.03,0.02,,,,
07/29/25 04:30:00,39.41,0.08,,,,
07/29/25 04:35:00,39.33,0.14,,,,
07/29/25 04:40:00,38.94,0.20,,,,
07/29/25 04:45:00,38.87,0.34,,,,
07/29/25 04:50:00,39.10,0.56,,,,
07/29/25 04:55:00,39.33,0.91,,,,
07/29/25 05:00:00,39.56,1.51,,,,
07/29/25 05:05:00,39.72,2.48,,,,
07/29/25 05:10:00,39.56,4.00,,,,
07/29/25 05:15:00,39.33,6.42,,,,
07/29/25 05:20:00,38.40,10.34,,,,
07/29/25 05:25:00,38.10,16.24,,,,
07/29/25 05:30:00,38.02,25.61,,,,
07/29/25 05:35:00,37.94,37.18,,,,
07/29/25 05:40:00,38.71,50.66,,,,
07/29/25 05:45:00,38.79,66.47,,,,
07/29/25 05:50:00,37.94,83.51,,,,
07/29/25 05:55:00,38.40,103.49,,,,
07/29/25 06:00:00,38.02,118.97,,,,
07/29/25 06:05:00,38.48,140.02,,,,
07/29/25 06:10:00,39.25,163.81,,,,
07/29/25 06:15:00,39.56,198.29,,,,
07/29/25 06:20:00,40.03,256.38,,,,
07/29/25 06:25:00,40.10,327.85,,,,
07/29/25 06:30:00,40.72,393.73,,,,
07/29/25 06:35:00,41.11,485.29,,,,
07/29/25 06:40:00,40.49,535.36,,,,
07/29/25 06:45:00,40.33,570.32,,,,
07/29/25 06:50:00,41.42,593.15,,,,
07/29/25 06:55:00,42.81,608.85,,,,
07/29/25 07:00:00,43.04,635.72,,,,
07/29/25 07:05:00,42.42,686.62,,,,
07/29/25 07:10:00,43.04,707.78,,,,
07/29/25 07:15:00,42.27,759.16,,,,
07/29/25 07:20:00,43.19,795.78,,,,
07/29/25 07:25:00,43.81,895.43,,,,
07/29/25 07:30:00,45.35,1074.04,,,,
07/29/25 07:35:00,47.13,1217.69,,,,
07/29/25 07:40:00,48.06,1265.26,,,,
07/29/25 07:45:00,47.44,1395.59,,,,
07/29/25 07:50:00,45.97,1308.07,,,,
07/29/25 07:55:00,44.89,1419.85,,,,
07/29/25 08:00:00,47.98,1655.30,,,,
07/29/25 08:05:00,50.06,1595.84,,,,
07/29/25 08:10:00,49.83,1415.57,,,,
07/29/25 08:15:00,47.28,1336.61,,,,
07/29/25 08:20:00,47.13,1445.06,,,,
07/29/25 08:25:00,47.13,1544.47,,,,
07/29/25 08:30:00,47.36,1625.81,,,,
07/29/25 08:35:00,45.82,1697.64,,,,
07/29/25 08:40:00,46.90,1864.12,,,,
07/29/25 08:45:00,47.67,2013.00,,,,
07/29/25 08:50:00,47.59,1954.02,,,,
07/29/25 08:55:00,47.98,2051.05,,,,
07/29/25 09:00:00,46.98,2183.29,,,,
07/29/25 09:05:00,46.28,2390.67,,,,
07/29/25 09:10:00,46.90,2424.92,,,,
07/29/25 09:15:00,47.28,2516.25,,,,
07/29/25 09:20:00,47.90,2492.47,,,,
07/29/25 09:25:00,48.13,2677.97,,,,
07/29/25 09:30:00,48.52,2677.02,,,,
07/29/25 09:35:00,47.98,2838.75,,,,
07/29/25 09:40:00,48.06,2834.94,,,,
07/29/25 09:45:00,49.14,3013.79,,,,
07/29/25 09:50:00,52.07,5209.44,,,,
07/29/25 09:55:00,53.15,4425.55,,,,
07/29/25 10:00:00,51.30,3856.66,,,,
07/29/25 10:05:00,54.16,5255.11,,,,
07/29/25 10:10:00,57.32,5192.32,,,,
07/29/25 10:15:00,58.56,6455.68,,,,
07/29/25 10:20:00,55.24,4107.81,,,,
07/29/25 10:25:00,54.54,4436.97,,,,
07/29/25 10:30:00,53.69,4248.61,,,,
07/29/25 10:35:00,54.08,6777.22,,,,
07/29/25 10:40:00,55.55,4499.76,,,,
07/29/25 10:45:00,53.77,4058.34,,,,
07/29/25 10:50:00,55.86,6132.23,,,,
07/29/25 10:55:00,55.93,4880.29,,,,
07/29/25 11:00:00,56.55,7060.72,,,,
07/29/25 11:05:00,57.25,5865.86,,,,
07/29/25 11:10:00,53.85,4374.18,,,,
07/29/25 11:15:00,52.92,4398.92,,,,
07/29/25 11:20:00,54.00,4889.80,,,,
07/29/25 11:25:00,53.39,4486.44,,,,
07/29/25 11:30:00,52.15,4381.79,,,,
07/29/25 11:35:00,52.54,4377.99,,,,
07/29/25 11:40:00,52.46,4366.57,,,,
07/29/25 11:45:00,50.91,4096.40,,,,
07/29/25 11:50:00,50.91,4088.79,,,,
07/29/25 11:55:00,52.69,4463.61,,,,
07/29/25 12:00:00,53.93,5148.56,,,,
07/29/25 12:05:00,55.16,5521.48,,,,
07/29/25 12:10:00,54.08,5146.66,,,,
07/29/25 12:15:00,54.08,5325.50,,,,
07/29/25 12:20:00,55.78,5862.05,,,,
07/29/25 12:25:00,60.64,8230.84,,,,
07/29/25 12:30:00,61.11,8702.70,,,,
07/29/25 12:35:00,57.56,5726.96,,,,
07/29/25 12:40:00,56.94,5542.41,,,,
07/29/25 12:45:00,56.24,5260.81,,,,
07/29/25 12:50:00,56.78,5778.33,,,,
07/29/25 12:55:00,57.56,6461.38,,,,
07/29/25 13:00:00,58.87,6094.17,,,,
07/29/25 13:05:00,59.25,6836.21,,,,
07/29/25 13:10:00,55.62,5420.64,,,,
07/29/25 13:15:00,55.16,5392.10,,,,
07/29/25 13:20:00,54.23,5209.44,,,,
07/29/25 13:25:00,53.69,5500.55,,,,
07/29/25 13:30:00,53.00,5232.28,,,,
07/29/25 13:35:00,52.38,5418.73,,,,
07/29/25 13:40:00,52.54,5184.71,,,,
07/29/25 13:45:00,52.15,5158.07,,,,
07/29/25 13:50:00,51.45,4967.81,,,,
07/29/25 13:55:00,51.92,5053.43,,,,
07/29/25 14:00:00,52.30,4716.66,,,,
07/29/25 14:05:00,53.85,4910.73,,,,
07/29/25 14:10:00,54.31,5011.57,,,,
07/29/25 14:15:00,54.16,5102.90,,,,
07/29/25 14:20:00,53.69,5102.90,,,,
07/29/25 14:25:00,53.23,4952.59,,,,
07/29/25 14:30:00,51.92,4941.17,,,,
07/29/25 14:35:00,51.69,4851.75,,,,
07/29/25 14:40:00,52.07,5051.52,,,,
07/29/25 14:45:00,53.08,5215.15,,,,
07/29/25 14:50:00,54.78,4925.95,,,,
07/29/25 14:55:00,55.01,4798.47,,,,
07/29/25 15:00:00,54.39,4505.46,,,,
07/29/25 15:05:00,53.39,4073.56,,,,
07/29/25 15:10:00,52.23,3625.49,,,,
07/29/25 15:15:00,50.91,3175.52,,,,
07/29/25 15:20:00,49.60,3007.13,,,,
07/29/25 15:25:00,48.83,3028.06,,,,
07/29/25 15:30:00,48.06,3219.28,,,,
07/29/25 15:35:00,47.90,3495.16,,,,
07/29/25 15:40:00,47.98,3967.02,,,,
07/29/25 15:45:00,48.91,4202.94,,,,
07/29/25 15:50:00,49.76,4484.54,,,,
07/29/25 15:55:00,50.76,4747.10,,,,
07/29/25 16:00:00,51.07,4699.53,,,,
07/29/25 16:05:00,50.22,4509.27,,,,
07/29/25 16:10:00,49.99,4478.83,,,,
07/29/25 16:15:00,49.68,4241.00,,,,
07/29/25 16:20:00,49.99,4008.87,,,,
07/29/25 16:25:00,49.37,3902.33,,,,
07/29/25 16:30:00,49.60,3828.12,,,,
07/29/25 16:35:00,48.67,3677.81,,,,
07/29/25 16:40:00,47.98,3545.58,,,,
07/29/25 16:45:00,47.44,3487.55,,,,
07/29/25 16:50:00,47.67,3495.16,,,,
07/29/25 16:55:00,47.59,3433.32,,,,
07/29/25 17:00:00,47.52,3395.27,,,,
07/29/25 17:05:00,46.98,3186.93,,,,
07/29/25 17:10:00,46.82,3091.80,,,,
07/29/25 17:15:00,46.90,3088.94,,,,
07/29/25 17:20:00,46.51,2949.10,,,,
07/29/25 17:25:00,46.36,3011.89,,,,
07/29/25 17:30:00,46.98,3273.50,,,,
07/29/25 17:35:00,47.28,3420.01,,,,
07/29/25 17:40:00,48.06,3557.95,,,,
07/29/25 17:45:00,48.52,3451.40,,,,
07/29/25 17:50:00,48.13,3399.08,,,,
07/29/25 17:55:00,48.44,3244.96,,,,
07/29/25 18:00:00,47.44,2844.46,,,,
07/29/25 18:05:00,47.36,3021.40,,,,
07/29/25 18:10:00,47.21,3077.53,,,,
07/29/25 18:15:00,47.59,3149.83,,,,
07/29/25 18:20:00,47.90,3055.65,,,,
07/29/25 18:25:00,47.13,2623.75,,,,
07/29/25 18:30:00,46.51,2485.81,,,,
07/29/25 18:35:00,46.51,2422.07,,,,
07/29/25 18:40:00,46.13,2238.46,,,,
07/29/25 18:45:00,45.59,1997.78,,,,
07/29/25 18:50:00,45.12,2016.80,,,,
07/29/25 18:55:00,44.66,1886.00,,,,
07/29/25 19:00:00,44.27,1703.34,,,,
07/29/25 19:05:00,44.66,1684.79,,,,
07/29/25 19:10:00,45.66,1684.79,,,,
07/29/25 19:15:00,45.12,1413.19,,,,
07/29/25 19:20:00,44.20,1283.33,,,,
07/29/25 19:25:00,43.58,1137.31,,,,
07/29/25 19:30:00,43.04,1038.37,,,,
07/29/25 19:35:00,42.96,949.90,,,,
07/29/25 19:40:00,42.96,1066.91,,,,
07/29/25 19:45:00,43.11,990.80,,,,
07/29/25 19:50:00,42.50,926.83,,,,
07/29/25 19:55:00,42.03,1016.01,,,,
07/29/25 20:00:00,41.65,1012.21,,,,
07/29/25 20:05:00,41.80,1003.65,,,,
07/29/25 20:10:00,41.88,1083.56,,,,
07/29/25 20:15:00,41.88,1045.98,,,,
07/29/25 20:20:00,42.19,1067.38,,,,
07/29/25 20:25:00,42.50,1172.98,,,,
07/29/25 20:30:00,42.19,1036.47,,,,
07/29/25 20:35:00,42.27,1115.43,,,,
07/29/25 20:40:00,41.88,814.33,,,,
07/29/25 20:45:00,41.26,673.06,,,,
07/29/25 20:50:00,41.26,638.34,,,,
07/29/25 20:55:00,41.57,524.65,,,,
07/29/25 21:00:00,42.11,522.51,,,,
07/29/25 21:05:00,41.80,467.93,,,,
07/29/25 21:10:00,42.34,511.10,,,,
07/29/25 21:15:00,42.65,535.83,,,,
07/29/25 21:20:00,42.96,475.30,,,,
07/29/25 21:25:00,42.88,423.58,,,,
07/29/25 21:30:00,43.11,376.37,,,,
07/29/25 21:35:00,42.34,384.45,,,,
07/29/25 21:40:00,42.19,415.61,,,,
07/29/25 21:45:00,41.96,355.56,,,,
07/29/25 21:50:00,42.11,307.99,,,,
07/29/25 21:55:00,42.11,194.31,,,,
07/29/25 22:00:00,41.65,141.03,,,,
07/29/25 22:05:00,41.65,115.47,,,,
07/29/25 22:10:00,41.42,96.98,,,,
07/29/25 22:15:00,40.88,80.80,,,,
07/29/25 22:20:00,40.88,66.27,,,,
07/29/25 22:25:00,40.26,47.61,,,,
07/29/25 22:30:00,40.33,31.13,,,,
07/29/25 22:35:00,40.33,19.23,,,,
07/29/25 22:40:00,40.33,12.43,,,,
07/29/25 22:45:00,40.80,8.80,,,,
07/29/25 22:50:00,41.11,5.77,,,,
07/29/25 22:55:00,40.88,3.59,,,,
07/29/25 23:00:00,40.18,2.26,,,,
07/29/25 23:05:00,41.11,1.47,,,,
07/29/25 23:10:00,40.64,0.93,,,,
07/29/25 23:15:00,39.79,0.60,,,,
07/29/25 23:20:00,39.87,0.40,,,,
07/29/25 23:25:00,40.10,0.24,,,,
07/29/25 23:30:00,39.79,0.12,,,,
07/29/25 23:35:00,39.33,0.04,,,,
07/29/25 23:40:00,38.56,0.02,,,,
07/29/25 23:45:00,38.48,0.06,,,,
07/29/25 23:50:00,39.10,0.02,,,,
07/29/25 23:55:00,39.95,0.00,,,,
07/30/25 00:00:00,39.79,0.04,,,,
07/30/25 00:05:00,39.49,0.00,,,,
07/30/25 00:10:00,38.87,0.00,,,,
07/30/25 00:15:00,39.33,0.00,,,,
07/30/25 00:20:00,38.94,0.00,,,,
07/30/25 00:25:00,38.71,0.00,,,,
07/30/25 00:30:00,39.49,0.00,,,,
07/30/25 00:35:00,40.49,0.00,,,,
07/30/25 00:40:00,40.10,0.00,,,,
07/30/25 00:45:00,39.72,0.00,,,,
07/30/25 00:50:00,39.64,0.00,,,,
07/30/25 00:55:00,39.95,0.00,,,,
07/30/25 01:00:00,39.41,0.00,,,,
07/30/25 01:05:00,39.02,0.00,,,,
07/30/25 01:10:00,38.71,0.00,,,,
07/30/25 01:15:00,38.40,0.00,,,,
07/30/25 01:20:00,38.94,0.00,,,,
07/30/25 01:25:00,39.25,0.00,,,,
07/30/25 01:30:00,39.33,0.00,,,,
07/30/25 01:35:00,39.41,0.00,,,,
07/30/25 01:40:00,40.10,0.00,,,,
07/30/25 01:45:00,40.64,0.00,,,,
07/30/25 01:50:00,41.18,0.00,,,,
07/30/25 01:55:00,40.03,0.00,,,,
07/30/25 02:00:00,40.10,0.00,,,,
07/30/25 02:05:00,40.26,0.00,,,,
07/30/25 02:10:00,39.95,0.00,,,,
07/30/25 02:15:00,39.95,0.00,,,,
07/30/25 02:20:00,40.10,0.00,,,,
07/30/25 02:25:00,40.26,0.00,,,,
07/30/25 02:30:00,40.18,0.00,,,,
07/30/25 02:35:00,40.03,0.00,,,,
07/30/25 02:40:00,40.26,0.00,,,,
07/30/25 02:45:00,40.03,0.00,,,,
07/30/25 02:50:00,39.49,0.00,,,,
07/30/25 02:55:00,38.94,0.00,,,,
07/30/25 03:00:00,38.79,0.00,,,,
07/30/25 03:05:00,39.72,0.00,,,,
07/30/25 03:10:00,39.64,0.00,,,,
07/30/25 03:15:00,39.79,0.00,,,,
07/30/25 03:20:00,39.79,0.00,,,,
07/30/25 03:25:00,40.49,0.00,,,,
07/30/25 03:30:00,40.41,0.00,,,,
07/30/25 03:35:00,39.41,0.00,,,,
07/30/25 03:40:00,39.10,0.00,,,,
07/30/25 03:45:00,39.18,0.00,,,,
07/30/25 03:50:00,39.18,0.00,,,,
07/30/25 03:55:00,39.33,0.00,,,,
07/30/25 04:00:00,39.33,0.00,,,,
07/30/25 04:05:00,39.79,0.00,,,,
07/30/25 04:10:00,39.33,0.04,,,,
07/30/25 04:15:00,38.94,0.00,,,,
07/30/25 04:20:00,38.71,0.00,,,,
07/30/25 04:25:00,39.33,0.00,,,,
07/30/25 04:30:00,39.18,0.02,,,,
07/30/25 04:35:00,39.79,0.06,,,,
07/30/25 04:40:00,40.33,0.10,,,,
07/30/25 04:45:00,40.10,0.18,,,,
07/30/25 04:50:00,40.03,0.28,,,,
07/30/25 04:55:00,39.79,0.44,,,,
07/30/25 05:00:00,39.87,0.70,,,,
07/30/25 05:05:00,40.41,0.99,,,,
07/30/25 05:10:00,41.72,2.22,,,,
07/30/25 05:15:00,40.88,3.47,,,,
07/30/25 05:20:00,39.87,5.21,,,,
07/30/25 05:25:00,39.49,10.34,,,,
07/30/25 05:30:00,38.87,15.59,,,,
07/30/25 05:35:00,39.33,21.80,,,,
07/30/25 05:40:00,39.56,33.43,,,,
07/30/25 05:45:00,39.72,38.57,,,,
07/30/25 05:50:00,39.72,50.70,,,,
07/30/25 05:55:00,39.56,66.27,,,,
07/30/25 06:00:00,39.64,84.04,,,,
07/30/25 06:05:00,39.79,112.73,,,,
07/30/25 06:10:00,40.18,135.21,,,,
07/30/25 06:15:00,39.79,169.57,,,,
07/30/25 06:20:00,40.41,194.78,,,,
07/30/25 06:25:00,40.41,248.18,,,,
07/30/25 06:30:00,40.88,281.35,,,,
07/30/25 06:35:00,40.95,334.27,,,,
07/30/25 06:40:00,41.49,371.85,,,,
07/30/25 06:45:00,42.27,432.61,,,,
07/30/25 06:50:00,42.50,466.27,,,,
07/30/25 06:55:00,43.27,481.73,,,,
07/30/25 07:00:00,43.19,573.89,,,,
07/30/25 07:05:00,43.27,712.30,,,,
07/30/25 07:10:00,42.19,782.23,,,,
07/30/25 07:15:00,41.18,649.04,,,,
07/30/25 07:20:00,40.80,623.59,,,,
07/30/25 07:25:00,41.26,759.16,,,,
07/30/25 07:30:00,41.57,759.16,,,,
07/30/25 07:35:00,41.18,806.01,,,,
07/30/25 07:40:00,41.18,820.75,,,,
07/30/25 07:45:00,41.72,946.80,,,,
07/30/25 07:50:00,42.88,1137.31,,,,
07/30/25 07:55:00,43.89,1564.45,,,,
07/30/25 08:00:00,43.58,1473.60,,,,
07/30/25 08:05:00,44.97,1881.72,,,,
07/30/25 08:10:00,47.59,1871.25,,,,
07/30/25 08:15:00,46.28,1851.27,,,,
07/30/25 08:20:00,46.51,1833.67,,,,
07/30/25 08:25:00,45.12,1558.27,,,,
07/30/25 08:30:00,46.13,1639.60,,,,
07/30/25 08:35:00,46.67,1670.52,,,,
07/30/25 08:40:00,47.90,1897.89,,,,
07/30/25 08:45:00,48.83,1954.02,,,,
07/30/25 08:50:00,48.83,2069.13,,,,
07/30/25 08:55:00,48.29,2011.10,,,,
07/30/25 09:00:00,47.13,2013.00,,,,
07/30/25 09:05:00,45.89,1990.17,,,,
07/30/25 09:10:00,49.14,2489.61,,,,
07/30/25 09:15:00,47.75,2052.95,,,,
07/30/25 09:20:00,47.52,2078.64,,,,
07/30/25 09:25:00,49.45,2421.12,,,,
07/30/25 09:30:00,54.54,3342.00,,,,
07/30/25 09:35:00,54.47,5414.93,,,,
07/30/25 09:40:00,53.85,5485.33,,,,
07/30/25 09:45:00,54.47,3453.30,,,,
07/30/25 09:50:00,51.61,3187.88,,,,
07/30/25 09:55:00,51.30,3114.63,,,,
07/30/25 10:00:00,56.40,4794.67,,,,
07/30/25 10:05:00,57.86,4553.03,,,,
07/30/25 10:10:00,60.41,7720.94,,,,
07/30/25 10:15:00,63.58,8109.08,,,,
07/30/25 10:20:00,62.50,6432.84,,,,
07/30/25 10:25:00,59.18,6527.98,,,,
07/30/25 10:30:00,58.56,8162.35,,,,
07/30/25 10:35:00,54.70,4235.29,,,,
07/30/25 10:40:00,53.69,3798.63,,,,
07/30/25 10:45:00,52.38,4813.69,,,,
07/30/25 10:50:00,55.93,7405.10,,,,
07/30/25 10:55:00,58.79,6151.25,,,,
07/30/25 11:00:00,53.54,3810.05,,,,
07/30/25 11:05:00,50.61,3519.89,,,,
07/30/25 11:10:00,51.15,4170.60,,,,
07/30/25 11:15:00,52.77,4585.38,,,,
07/30/25 11:20:00,54.85,6004.75,,,,
07/30/25 11:25:00,56.55,5719.35,,,,
07/30/25 11:30:00,57.56,6019.97,,,,
07/30/25 11:35:00,59.25,8816.86,,,,
07/30/25 11:40:00,57.63,6864.74,,,,
07/30/25 11:45:00,56.71,5414.93,,,,
07/30/25 11:50:00,57.40,7587.75,,,,
07/30/25 11:55:00,56.32,6290.15,,,,
07/30/25 12:00:00,59.56,8805.44,,,,
07/30/25 12:05:00,57.56,6840.01,,,,
07/30/25 12:10:00,54.31,4674.80,,,,
07/30/25 12:15:00,52.84,4682.41,,,,
07/30/25 12:20:00,53.00,4964.00,,,,
07/30/25 12:25:00,55.16,6556.52,,,,
07/30/25 12:30:00,55.62,9026.15,,,,
07/30/25 12:35:00,56.63,4908.83,,,,
07/30/25 12:40:00,54.85,7738.06,,,,
07/30/25 12:45:00,62.42,9364.82,,,,
07/30/25 12:50:00,56.24,5026.79,,,,
07/30/25 12:55:00,53.54,5335.02,,,,
07/30/25 13:00:00,52.92,4905.02,,,,
07/30/25 13:05:00,52.77,5272.23,,,,
07/30/25 13:10:00,56.94,4280.95,,,,
07/30/25 13:15:00,53.69,5281.74,,,,
07/30/25 13:20:00,55.78,4796.57,,,,
07/30/25 13:25:00,54.39,4906.92,,,,
07/30/25 13:30:00,52.15,4387.50,,,,
07/30/25 13:35:00,53.54,5184.71,,,,
07/30/25 13:40:00,57.01,8074.83,,,,
07/30/25 13:45:00,56.01,4983.03,,,,
07/30/25 13:50:00,56.55,5551.92,,,,
07/30/25 13:55:00,59.41,5420.64,,,,
07/30/25 14:00:00,55.24,5593.78,,,,
07/30/25 14:05:00,56.86,5565.24,,,,
07/30/25 14:10:00,55.01,5517.67,,,,
07/30/25 14:15:00,56.47,5472.01,,,,
07/30/25 14:20:00,56.32,4954.49,,,,
07/30/25 14:25:00,50.91,3299.19,,,,
07/30/25 14:30:00,47.13,2270.81,,,,
07/30/25 14:35:00,46.44,2776.91,,,,
07/30/25 14:40:00,49.06,3882.35,,,,
07/30/25 14:45:00,52.84,5338.82,,,,
07/30/25 14:50:00,53.69,5228.47,,,,
07/30/25 14:55:00,55.62,5338.82,,,,
07/30/25 15:00:00,54.93,4889.80,,,,
07/30/25 15:05:00,56.24,5420.64,,,,
07/30/25 15:10:00,57.40,5407.32,,,,
07/30/25 15:15:00,54.54,5224.66,,,,
07/30/25 15:20:00,51.45,4613.92,,,,
07/30/25 15:25:00,52.77,4967.81,,,,
07/30/25 15:30:00,54.70,5677.49,,,,
07/30/25 15:35:00,54.47,5481.52,,,,
07/30/25 15:40:00,53.69,5154.27,,,,
07/30/25 15:45:00,57.32,8599.96,,,,
07/30/25 15:50:00,58.71,6636.43,,,,
07/30/25 15:55:00,55.55,4933.56,,,,
07/30/25 16:00:00,51.76,5576.65,,,,
07/30/25 16:05:00,50.45,4263.83,,,,
07/30/25 16:10:00,51.76,4785.15,,,,
07/30/25 16:15:00,51.92,4216.26,,,,
07/30/25 16:20:00,50.45,3982.24,,,,
07/30/25 16:25:00,50.68,4191.53,,,,
07/30/25 16:30:00,50.61,4503.56,,,,
07/30/25 16:35:00,51.84,5194.22,,,,
07/30/25 16:40:00,54.85,6029.48,,,,
07/30/25 16:45:00,55.78,5338.82,,,,
07/30/25 16:50:00,57.63,8135.71,,,,
07/30/25 16:55:00,61.96,7964.47,,,,
07/30/25 17:00:00,60.34,7113.99,,,,
07/30/25 17:05:00,64.74,8249.87,,,,
07/30/25 17:10:00,59.87,4115.42,,,,
07/30/25 17:15:00,53.69,4164.89,,,,
07/30/25 17:20:00,52.84,4910.73,,,,
07/30/25 17:25:00,54.85,5618.51,,,,
07/30/25 17:30:00,55.55,5422.54,,,,
07/30/25 17:35:00,53.23,4113.52,,,,
07/30/25 17:40:00,52.38,4239.09,,,,
07/30/25 17:45:00,51.84,4010.78,,,,
07/30/25 17:50:00,51.76,4809.89,,,,
07/30/25 17:55:00,57.32,7361.34,,,,
07/30/25 18:00:00,58.64,3923.26,,,,
07/30/25 18:05:00,60.72,7188.19,,,,
07/30/25 18:10:00,55.24,7380.36,,,,
07/30/25 18:15:00,58.25,3769.14,,,,
07/30/25 18:20:00,60.03,6170.28,,,,
07/30/25 18:25:00,59.41,6071.34,,,,
07/30/25 18:30:00,59.87,5867.76,,,,
07/30/25 18:35:00,59.25,5557.63,,,,
07/30/25 18:40:00,59.25,6092.27,,,,
07/30/25 18:45:00,52.77,2379.26,,,,
07/30/25 18:50:00,55.08,5825.90,,,,
07/30/25 18:55:00,55.86,5384.49,,,,
07/30/25 19:00:00,58.95,5707.94,,,,
07/30/25 19:05:00,59.49,3917.55,,,,
07/30/25 19:10:00,50.68,1864.59,,,,
07/30/25 19:15:00,46.98,2223.24,,,,
07/30/25 19:20:00,49.37,5652.76,,,,
07/30/25 19:25:00,55.86,3162.20,,,,
07/30/25 19:30:00,53.77,5230.37,,,,
07/30/25 19:35:00,55.86,2681.78,,,,
07/30/25 19:40:00,51.61,3187.88,,,,
07/30/25 19:45:00,48.21,1863.17,,,,
07/30/25 19:50:00,47.67,1910.73,,,,
07/30/25 19:55:00,46.98,1635.80,,,,
07/30/25 20:00:00,46.05,1354.68,,,,
07/30/25 20:05:00,44.97,1351.83,,,,
07/30/25 20:10:00,45.51,1204.85,,,,
07/30/25 20:15:00,44.97,1065.96,,,,
07/30/25 20:20:00,44.58,1005.07,,,,
07/30/25 20:25:00,44.12,1006.50,,,,
07/30/25 20:30:00,43.81,969.87,,,,
07/30/25 20:35:00,43.66,863.80,,,,
07/30/25 20:40:00,43.58,927.54,,,,
07/30/25 20:45:00,43.50,686.62,,,,
07/30/25 20:50:00,42.65,515.62,,,,
07/30/25 20:55:00,42.34,469.83,,,,
07/30/25 21:00:00,41.42,401.70,,,,
07/30/25 21:05:00,41.26,380.53,,,,
07/30/25 21:10:00,41.03,369.95,,,,
07/30/25 21:15:00,40.95,355.20,,,,
07/30/25 21:20:00,41.26,285.04,,,,
07/30/25 21:25:00,41.34,226.24,,,,
07/30/25 21:30:00,41.65,192.23,,,,
07/30/25 21:35:00,41.49,190.44,,,,
07/30/25 21:40:00,42.19,174.39,,,,
07/30/25 21:45:00,42.11,170.52,,,,
07/30/25 21:50:00,41.80,156.08,,,,
07/30/25 21:55:00,42.11,131.10,,,,
07/30/25 22:00:00,41.96,112.17,,,,
07/30/25 22:05:00,41.18,92.90,,,,
07/30/25 22:10:00,41.03,78.31,,,,
07/30/25 22:15:00,41.26,65.37,,,,
07/30/25 22:20:00,41.26,52.31,,,,
07/30/25 22:25:00,41.18,41.83,,,,
07/30/25 22:30:00,41.18,32.73,,,,
07/30/25 22:35:00,40.95,22.80,,,,
07/30/25 22:40:00,41.03,15.18,,,,
07/30/25 22:45:00,41.34,9.86,,,,
07/30/25 22:50:00,40.95,6.26,,,,
07/30/25 22:55:00,40.72,3.87,,,,
07/30/25 23:00:00,40.64,2.40,,,,
07/30/25 23:05:00,40.80,1.51,,,,
07/30/25 23:10:00,40.80,0.91,,,,
07/30/25 23:15:00,40.80,0.56,,,,
07/30/25 23:20:00,41.34,0.36,,,,
07/30/25 23:25:00,41.57,0.20,,,,
07/30/25 23:30:00,41.57,0.12,,,,
07/30/25 23:35:00,41.65,0.06,,,,
07/30/25 23:40:00,42.03,0.02,,,,
07/30/25 23:45:00,41.96,0.00,,,,
07/30/25 23:50:00,41.57,0.00,,,,
07/30/25 23:55:00,40.72,0.00,,,,
07/31/25 00:00:00,38.79,0.00,,,,
07/31/25 00:05:00,38.17,0.00,,,,
07/31/25 00:10:00,38.56,0.00,,,,
07/31/25 00:15:00,38.64,0.00,,,,
07/31/25 00:20:00,38.87,0.00,,,,
07/31/25 00:25:00,38.94,0.00,,,,
07/31/25 00:30:00,38.87,0.00,,,,
07/31/25 00:35:00,38.94,0.00,,,,
07/31/25 00:40:00,38.56,0.00,,,,
07/31/25 00:45:00,38.71,0.02,,,,
07/31/25 00:50:00,38.71,0.00,,,,
07/31/25 00:55:00,38.71,0.00,,,,
07/31/25 01:00:00,39.25,0.00,,,,
07/31/25 01:05:00,39.56,0.00,,,,
07/31/25 01:10:00,39.72,0.00,,,,
07/31/25 01:15:00,39.10,0.00,,,,
07/31/25 01:20:00,39.02,0.00,,,,
07/31/25 01:25:00,39.41,0.00,,,,
07/31/25 01:30:00,39.64,0.00,,,,
07/31/25 01:35:00,39.64,0.00,,,,
07/31/25 01:40:00,39.25,0.00,,,,
07/31/25 01:45:00,39.25,0.00,,,,
07/31/25 01:50:00,39.64,0.00,,,,
07/31/25 01:55:00,39.64,0.00,,,,
07/31/25 02:00:00,39.72,0.00,,,,
07/31/25 02:05:00,39.72,0.00,,,,
07/31/25 02:10:00,39.72,0.00,,,,
07/31/25 02:15:00,39.95,0.00,,,,
07/31/25 02:20:00,39.95,0.00,,,,
07/31/25 02:25:00,40.10,0.00,,,,
07/31/25 02:30:00,40.33,0.00,,,,
07/31/25 02:35:00,40.03,0.00,,,,
07/31/25 02:40:00,39.87,0.00,,,,
07/31/25 02:45:00,40.26,0.00,,,,
07/31/25 02:50:00,40.26,0.00,,,,
07/31/25 02:55:00,40.33,0.00,,,,
07/31/25 03:00:00,39.64,0.00,,,,
07/31/25 03:05:00,39.72,0.00,,,,
07/31/25 03:10:00,39.64,0.00,,,,
07/31/25 03:15:00,39.41,0.00,,,,
07/31/25 03:20:00,38.87,0.00,,,,
07/31/25 03:25:00,38.94,0.00,,,,
07/31/25 03:30:00,38.71,0.00,,,,
07/31/25 03:35:00,38.87,0.00,,,,
07/31/25 03:40:00,39.02,0.00,,,,
07/31/25 03:45:00,39.10,0.00,,,,
07/31/25 03:50:00,38.79,0.00,,,,
07/31/25 03:55:00,38.94,0.00,,,,
07/31/25 04:00:00,39.49,0.00,,,,
07/31/25 04:05:00,39.41,0.00,,,,
07/31/25 04:10:00,39.41,0.00,,,,
07/31/25 04:15:00,39.64,0.00,,,,
07/31/25 04:20:00,39.56,0.00,,,,
07/31/25 04:25:00,39.25,0.00,,,,
07/31/25 04:30:00,39.25,0.02,,,,
07/31/25 04:35:00,39.25,0.10,,,,
07/31/25 04:40:00,39.02,0.14,,,,
07/31/25 04:45:00,39.25,0.24,,,,
07/31/25 04:50:00,39.79,0.46,,,,
07/31/25 04:55:00,40.18,0.56,,,,
07/31/25 05:00:00,40.26,0.81,,,,
07/31/25 05:05:00,40.03,1.29,,,,
07/31/25 05:10:00,39.72,2.44,,,,
07/31/25 05:15:00,39.64,4.31,,,,
07/31/25 05:20:00,39.02,8.64,,,,
07/31/25 05:25:00,38.64,13.81,,,,
07/31/25 05:30:00,38.56,21.32,,,,
07/31/25 05:35:00,38.64,31.33,,,,
07/31/25 05:40:00,38.40,43.76,,,,
07/31/25 05:45:00,38.64,61.21,,,,
07/31/25 05:50:00,38.64,86.54,,,,
07/31/25 05:55:00,38.79,109.52,,,,
07/31/25 06:00:00,38.56,139.84,,,,
07/31/25 06:05:00,39.18,165.29,,,,
07/31/25 06:10:00,38.87,182.06,,,,
07/31/25 06:15:00,38.94,227.37,,,,
07/31/25 06:20:00,38.94,274.93,,,,
07/31/25 06:25:00,39.25,287.54,,,,
07/31/25 06:30:00,39.56,335.58,,,,
07/31/25 06:35:00,39.95,356.51,,,,
07/31/25 06:40:00,40.03,439.99,,,,
07/31/25 06:45:00,40.10,504.20,,,,
07/31/25 06:50:00,41.65,599.33,,,,
07/31/25 06:55:00,42.11,596.72,,,,
07/31/25 07:00:00,42.11,703.27,,,,
07/31/25 07:05:00,41.11,765.58,,,,
07/31/25 07:10:00,41.88,884.97,,,,
07/31/25 07:15:00,45.89,1506.90,,,,
07/31/25 07:20:00,44.81,1325.19,,,,
07/31/25 07:25:00,44.89,1393.21,,,,
07/31/25 07:30:00,44.81,1510.70,,,,
07/31/25 07:35:00,44.27,1442.68,,,,
07/31/25 07:40:00,44.27,1557.32,,,,
07/31/25 07:45:00,47.13,1838.91,,,,
07/31/25 07:50:00,48.67,2701.76,,,,
07/31/25 07:55:00,47.98,2417.31,,,,
07/31/25 08:00:00,44.89,1558.74,,,,
07/31/25 08:05:00,44.74,1704.77,,,,
07/31/25 08:10:00,44.74,2683.68,,,,
07/31/25 08:15:00,47.05,1863.17,,,,
07/31/25 08:20:00,44.43,1776.60,,,,
07/31/25 08:25:00,45.97,3021.40,,,,
07/31/25 08:30:00,45.51,2086.25,,,,
07/31/25 08:35:00,44.74,2021.56,,,,
07/31/25 08:40:00,44.66,1991.12,,,,
07/31/25 08:45:00,45.74,2857.77,,,,
07/31/25 08:50:00,46.44,1937.84,,,,
07/31/25 08:55:00,45.97,2095.76,,,,
07/31/25 09:00:00,45.59,2148.09,,,,
07/31/25 09:05:00,47.13,3821.46,,,,
07/31/25 09:10:00,46.82,2533.37,,,,
07/31/25 09:15:00,46.59,2625.65,,,,
07/31/25 09:20:00,46.74,2573.33,,,,
07/31/25 09:25:00,46.51,2327.89,,,,
07/31/25 09:30:00,46.67,2082.45,,,,
07/31/25 09:35:00,46.20,2139.52,,,,
07/31/25 09:40:00,47.59,3138.41,,,,
07/31/25 09:45:00,53.23,4299.98,,,,
07/31/25 09:50:00,51.69,3394.32,,,,
07/31/25 09:55:00,54.54,4499.76,,,,
07/31/25 10:00:00,57.94,5479.62,,,,
07/31/25 10:05:00,57.63,5352.14,,,,
07/31/25 10:10:00,57.32,5462.50,,,,
07/31/25 10:15:00,58.10,5645.15,,,,
07/31/25 10:20:00,58.64,5882.98,,,,
07/31/25 10:25:00,58.56,4005.07,,,,
07/31/25 10:30:00,54.08,3520.85,,,,
07/31/25 10:35:00,53.08,4166.79,,,,
07/31/25 10:40:00,52.92,3908.03,,,,
07/31/25 10:45:00,54.70,4832.72,,,,
07/31/25 10:50:00,53.23,4604.40,,,,
07/31/25 10:55:00,53.39,4610.11,,,,
07/31/25 11:00:00,53.39,4322.81,,,,
07/31/25 11:05:00,52.77,4442.68,,,,
07/31/25 11:10:00,52.54,4442.68,,,,
07/31/25 11:15:00,51.84,3880.45,,,,
07/31/25 11:20:00,50.68,3552.24,,,,
07/31/25 11:25:00,51.07,4376.08,,,,
07/31/25 11:30:00,52.92,5011.57,,,,
07/31/25 11:35:00,53.23,4857.45,,,,
07/31/25 11:40:00,53.23,4612.01,,,,
07/31/25 11:45:00,54.62,4553.03,,,,
07/31/25 11:50:00,54.85,5723.16,,,,
07/31/25 11:55:00,55.70,5765.02,,,,
07/31/25 12:00:00,60.26,13113.03,,,,
07/31/25 12:05:00,60.72,7178.68,,,,
07/31/25 12:10:00,62.65,11549.06,,,,
07/31/25 12:15:00,64.20,7093.06,,,,
07/31/25 12:20:00,58.87,5837.32,,,,
07/31/25 12:25:00,57.71,5928.64,,,,
07/31/25 12:30:00,58.79,6214.04,,,,
07/31/25 12:35:00,59.25,5791.65,,,,
07/31/25 12:40:00,55.47,5234.18,,,,
07/31/25 12:45:00,57.32,6254.00,,,,
07/31/25 12:50:00,55.47,5161.88,,,,
07/31/25 12:55:00,52.54,4261.93,,,,
07/31/25 13:00:00,50.76,4244.80,,,,
07/31/25 13:05:00,52.38,5040.11,,,,
07/31/25 13:10:00,53.00,5538.60,,,,
07/31/25 13:15:00,53.62,5167.59,,,,
07/31/25 13:20:00,53.46,4956.39,,,,
07/31/25 13:25:00,53.77,5816.39,,,,
07/31/25 13:30:00,53.54,5612.80,,,,
07/31/25 13:35:00,53.46,5274.13,,,,
07/31/25 13:40:00,54.16,5588.07,,,,
07/31/25 13:45:00,54.00,4983.03,,,,
07/31/25 13:50:00,51.61,4064.05,,,,
07/31/25 13:55:00,49.37,3409.54,,,,
07/31/25 14:00:00,47.75,3420.01,,,,
07/31/25 14:05:00,55.32,7686.69,,,,
07/31/25 14:10:00,60.64,7131.12,,,,
07/31/25 14:15:00,59.10,6512.76,,,,
07/31/25 14:20:00,63.27,6280.63,,,,
07/31/25 14:25:00,58.25,6175.99,,,,
07/31/25 14:30:00,56.55,5491.03,,,,
07/31/25 14:35:00,54.31,5207.54,,,,
07/31/25 14:40:00,56.32,5778.33,,,,
07/31/25 14:45:00,56.71,5730.77,,,,
07/31/25 14:50:00,56.94,5884.88,,,,
07/31/25 14:55:00,56.17,5257.01,,,,
07/31/25 15:00:00,54.85,4509.27,,,,
07/31/25 15:05:00,51.69,4033.61,,,,
07/31/25 15:10:00,52.46,5447.27,,,,
07/31/25 15:15:00,51.76,4579.67,,,,
07/31/25 15:20:00,51.15,4372.28,,,,
07/31/25 15:25:00,51.38,4338.03,,,,
07/31/25 15:30:00,50.84,4254.32,,,,
07/31/25 15:35:00,50.37,4309.49,,,,
07/31/25 15:40:00,50.30,4591.08,,,,
07/31/25 15:45:00,55.70,8196.60,,,,
07/31/25 15:50:00,56.71,5759.31,,,,
07/31/25 15:55:00,54.47,4912.63,,,,
07/31/25 16:00:00,52.30,4374.18,,,,
07/31/25 16:05:00,50.53,4208.65,,,,
07/31/25 16:10:00,51.92,5413.03,,,,
07/31/25 16:15:00,51.22,4218.17,,,,
07/31/25 16:20:00,50.37,4404.62,,,,
07/31/25 16:25:00,49.99,3955.60,,,,
07/31/25 16:30:00,50.61,4849.84,,,,
07/31/25 16:35:00,56.94,5839.22,,,,
07/31/25 16:40:00,55.55,5068.65,,,,
07/31/25 16:45:00,57.25,9958.45,,,,
07/31/25 16:50:00,62.27,6938.95,,,,
07/31/25 16:55:00,53.93,4037.41,,,,
07/31/25 17:00:00,54.08,4602.50,,,,
07/31/25 17:05:00,58.10,7209.12,,,,
07/31/25 17:10:00,58.56,6484.22,,,,
07/31/25 17:15:00,55.55,4193.43,,,,
07/31/25 17:20:00,55.01,6063.73,,,,
07/31/25 17:25:00,54.85,2972.88,,,,
07/31/25 17:30:00,56.40,6351.03,,,,
07/31/25 17:35:00,52.84,7698.10,,,,
07/31/25 17:40:00,57.25,6358.64,,,,
07/31/25 17:45:00,58.56,6210.23,,,,
07/31/25 17:50:00,55.55,4667.19,,,,
07/31/25 17:55:00,57.71,6023.78,,,,
07/31/25 18:00:00,55.01,4419.85,,,,
07/31/25 18:05:00,50.99,3596.00,,,,
07/31/25 18:10:00,49.91,2670.36,,,,
07/31/25 18:15:00,51.38,4606.30,,,,
07/31/25 18:20:00,52.69,5177.10,,,,
07/31/25 18:25:00,55.39,4699.53,,,,
07/31/25 18:30:00,53.46,3560.80,,,,
07/31/25 18:35:00,53.62,5397.81,,,,
07/31/25 18:40:00,53.31,3816.71,,,,
07/31/25 18:45:00,55.70,5704.13,,,,
07/31/25 18:50:00,51.92,2890.12,,,,
07/31/25 18:55:00,51.69,3202.15,,,,
07/31/25 19:00:00,49.52,2331.69,,,,
07/31/25 19:05:00,46.74,1904.55,,,,
07/31/25 19:10:00,50.91,3892.81,,,,
07/31/25 19:15:00,50.14,1759.95,,,,
07/31/25 19:20:00,46.59,1968.29,,,,
07/31/25 19:25:00,45.35,1563.97,,,,
07/31/25 19:30:00,48.52,4608.21,,,,
07/31/25 19:35:00,49.14,4674.80,,,,
07/31/25 19:40:00,47.05,1873.63,,,,
07/31/25 19:45:00,52.23,4003.17,,,,
07/31/25 19:50:00,47.28,2174.72,,,,
07/31/25 19:55:00,49.83,1961.63,,,,
07/31/25 20:00:00,51.30,3440.93,,,,
07/31/25 20:05:00,48.21,2592.35,,,,
07/31/25 20:10:00,44.66,1346.60,,,,
07/31/25 20:15:00,43.27,990.33,,,,
07/31/25 20:20:00,42.34,906.37,,,,
07/31/25 20:25:00,44.35,1950.21,,,,
07/31/25 20:30:00,43.81,1177.26,,,,
07/31/25 20:35:00,45.28,2037.73,,,,
07/31/25 20:40:00,46.67,2242.27,,,,
07/31/25 20:45:00,47.13,2084.35,,,,
07/31/25 20:50:00,44.50,1124.46,,,,
07/31/25 20:55:00,42.11,759.16,,,,
07/31/25 21:00:00,41.49,909.46,,,,
07/31/25 21:05:00,41.11,624.07,,,,
07/31/25 21:10:00,41.57,599.33,,,,
07/31/25 21:15:00,40.64,567.46,,,,
07/31/25 21:20:00,41.34,618.12,,,,
07/31/25 21:25:00,41.88,739.89,,,,
07/31/25 21:30:00,41.49,701.36,,,,
07/31/25 21:35:00,42.88,712.30,,,,
07/31/25 21:40:00,42.11,524.65,,,,
07/31/25 21:45:00,40.03,332.96,,,,
07/31/25 21:50:00,39.79,254.60,,,,
07/31/25 21:55:00,40.10,361.26,,,,
07/31/25 22:00:00,39.72,164.58,,,,
07/31/25 22:05:00,39.41,144.72,,,,
07/31/25 22:10:00,38.94,109.34,,,,
07/31/25 22:15:00,38.87,71.41,,,,
07/31/25 22:20:00,37.71,53.79,,,,
07/31/25 22:25:00,38.87,40.95,,,,
07/31/25 22:30:00,39.18,31.02,,,,
07/31/25 22:35:00,39.64,19.89,,,,
07/31/25 22:40:00,39.33,13.42,,,,
07/31/25 22:45:00,39.87,8.56,,,,
07/31/25 22:50:00,40.10,4.85,,,,
07/31/25 22:55:00,38.87,2.66,,,,
07/31/25 23:00:00,38.33,1.43,,,,
07/31/25 23:05:00,37.86,0.81,,,,
07/31/25 23:10:00,38.25,0.46,,,,
07/31/25 23:15:00,38.71,0.22,,,,
07/31/25 23:20:00,38.94,0.14,,,,
07/31/25 23:25:00,39.25,0.08,,,,
07/31/25 23:30:00,39.02,0.04,,,,
07/31/25 23:35:00,38.94,0.02,,,,
07/31/25 23:40:00,38.87,0.00,,,,
07/31/25 23:45:00,39.10,0.00,,,,
07/31/25 23:50:00,39.41,0.00,,,,
07/31/25 23:55:00,39.64,0.00,,,,
08/01/25 00:00:00,40.26,0.00,,,,
08/01/25 00:05:00,40.33,0.00,,,,
08/01/25 00:10:00,40.03,0.00,,,,
08/01/25 00:15:00,39.25,0.00,,,,
08/01/25 00:20:00,39.25,0.00,,,,
08/01/25 00:25:00,39.33,0.00,,,,
08/01/25 00:30:00,39.41,0.00,,,,
08/01/25 00:35:00,39.25,0.00,,,,
08/01/25 00:40:00,39.02,0.00,,,,
08/01/25 00:45:00,37.94,0.00,,,,
08/01/25 00:50:00,38.94,0.00,,,,
08/01/25 00:55:00,37.86,0.00,,,,
08/01/25 01:00:00,38.25,0.00,,,,
08/01/25 01:05:00,37.71,0.00,,,,
08/01/25 01:10:00,38.25,0.00,,,,
08/01/25 01:15:00,38.40,0.00,,,,
08/01/25 01:20:00,37.63,0.00,,,,
08/01/25 01:25:00,37.71,0.00,,,,
08/01/25 01:30:00,37.63,0.00,,,,
08/01/25 01:35:00,37.79,0.00,,,,
08/01/25 01:40:00,40.41,0.00,,,,
08/01/25 01:45:00,40.88,0.02,,,,
08/01/25 01:50:00,41.72,0.00,,,,
08/01/25 01:55:00,40.18,0.00,,,,
08/01/25 02:00:00,40.18,0.02,,,,
08/01/25 02:05:00,39.87,0.00,,,,
08/01/25 02:10:00,40.18,0.00,,,,
08/01/25 02:15:00,39.72,0.00,,,,
08/01/25 02:20:00,38.64,0.00,,,,
08/01/25 02:25:00,39.02,0.00,,,,
08/01/25 02:30:00,38.79,0.00,,,,
08/01/25 02:35:00,39.25,0.00,,,,
08/01/25 02:40:00,38.79,0.00,,,,
08/01/25 02:45:00,38.64,0.00,,,,
08/01/25 02:50:00,37.63,0.00,,,,
08/01/25 02:55:00,37.71,0.00,,,,
08/01/25 03:00:00,37.40,0.00,,,,
08/01/25 03:05:00,37.94,0.00,,,,
08/01/25 03:10:00,37.86,0.00,,,,
08/01/25 03:15:00,39.25,0.00,,,,
08/01/25 03:20:00,38.71,0.00,,,,
08/01/25 03:25:00,37.79,0.00,,,,
08/01/25 03:30:00,37.48,0.00,,,,
08/01/25 03:35:00,37.63,0.00,,,,
08/01/25 03:40:00,37.71,0.00,,,,
08/01/25 03:45:00,38.48,0.00,,,,
08/01/25 03:50:00,38.25,0.00,,,,
08/01/25 03:55:00,38.48,0.00,,,,
08/01/25 04:00:00,38.17,0.00,,,,
08/01/25 04:05:00,38.17,0.00,,,,
08/01/25 04:10:00,37.63,0.00,,,,
08/01/25 04:15:00,37.86,0.00,,,,
08/01/25 04:20:00,38.33,0.00,,,,
08/01/25 04:25:00,39.10,0.00,,,,
08/01/25 04:30:00,39.18,0.02,,,,
08/01/25 04:35:00,38.48,0.04,,,,
08/01/25 04:40:00,38.40,0.08,,,,
08/01/25 04:45:00,38.48,0.16,,,,
08/01/25 04:50:00,37.79,0.24,,,,
08/01/25 04:55:00,38.40,0.38,,,,
08/01/25 05:00:00,38.71,0.68,,,,
08/01/25 05:05:00,38.94,1.27,,,,
08/01/25 05:10:00,38.40,2.32,,,,
08/01/25 05:15:00,38.33,3.07,,,,
08/01/25 05:20:00,38.48,4.32,,,,
08/01/25 05:25:00,38.79,6.26,,,,
08/01/25 05:30:00,38.48,8.23,,,,
08/01/25 05:35:00,38.40,7.47,,,,
08/01/25 05:40:00,38.79,8.07,,,,
08/01/25 05:45:00,38.71,9.20,,,,
08/01/25 05:50:00,38.02,12.43,,,,
08/01/25 05:55:00,38.87,20.59,,,,
08/01/25 06:00:00,38.56,25.83,,,,
08/01/25 06:05:00,38.40,37.46,,,,
08/01/25 06:10:00,38.56,69.95,,,,
08/01/25 06:15:00,38.33,98.43,,,,
08/01/25 06:20:00,38.25,105.66,,,,
08/01/25 06:25:00,38.64,113.12,,,,
08/01/25 06:30:00,38.48,118.35,,,,
08/01/25 06:35:00,38.87,126.17,,,,
08/01/25 06:40:00,38.71,138.71,,,,
08/01/25 06:45:00,38.87,138.89,,,,
08/01/25 06:50:00,38.94,147.93,,,,
08/01/25 06:55:00,39.72,159.52,,,,
08/01/25 07:00:00,39.64,171.00,,,,
08/01/25 07:05:00,38.64,190.44,,,,
08/01/25 07:10:00,38.71,267.20,,,,
08/01/25 07:15:00,39.49,336.17,,,,
08/01/25 07:20:00,39.56,350.32,,,,
08/01/25 07:25:00,39.41,295.15,,,,
08/01/25 07:30:00,38.64,305.37,,,,
08/01/25 07:35:00,37.94,369.59,,,,
08/01/25 07:40:00,38.10,371.25,,,,
08/01/25 07:45:00,37.71,355.20,,,,
08/01/25 07:50:00,37.79,414.54,,,,
08/01/25 07:55:00,38.10,558.43,,,,
08/01/25 08:00:00,38.17,680.20,,,,
08/01/25 08:05:00,38.33,663.55,,,,
08/01/25 08:10:00,38.64,713.49,,,,
08/01/25 08:15:00,38.79,926.83,,,,
08/01/25 08:20:00,38.94,1129.22,,,,
08/01/25 08:25:00,39.18,1123.99,,,,
08/01/25 08:30:00,39.79,1217.22,,,,
08/01/25 08:35:00,40.80,1497.38,,,,
08/01/25 08:40:00,41.57,1636.75,,,,
08/01/25 08:45:00,42.19,1854.13,,,,
08/01/25 08:50:00,42.73,2046.30,,,,
08/01/25 08:55:00,42.88,1988.26,,,,
08/01/25 09:00:00,42.96,1833.67,,,,
08/01/25 09:05:00,44.74,3117.48,,,,
08/01/25 09:10:00,43.96,1802.76,,,,
08/01/25 09:15:00,47.21,2415.41,,,,
08/01/25 09:20:00,46.05,3381.95,,,,
08/01/25 09:25:00,43.58,1489.30,,,,
08/01/25 09:30:00,44.97,1271.44,,,,
08/01/25 09:35:00,46.82,4298.08,,,,
08/01/25 09:40:00,50.76,3817.66,,,,
08/01/25 09:45:00,51.61,4416.04,,,,
08/01/25 09:50:00,52.15,3197.40,,,,
08/01/25 09:55:00,51.38,3787.22,,,,
08/01/25 10:00:00,52.00,1992.07,,,,
08/01/25 10:05:00,51.61,4914.53,,,,
08/01/25 10:10:00,51.61,4684.31,,,,
08/01/25 10:15:00,52.23,5211.35,,,,
08/01/25 10:20:00,48.06,2573.33,,,,
08/01/25 10:25:00,49.52,3461.86,,,,
08/01/25 10:30:00,51.22,5618.51,,,,
08/01/25 10:35:00,49.68,4520.69,,,,
08/01/25 10:40:00,48.67,5970.50,,,,
08/01/25 10:45:00,52.07,5253.20,,,,
08/01/25 10:50:00,54.47,6950.36,,,,
08/01/25 10:55:00,57.56,7610.58,,,,
08/01/25 11:00:00,53.31,3955.60,,,,
08/01/25 11:05:00,55.62,6210.23,,,,
08/01/25 11:10:00,49.68,3165.05,,,,
08/01/25 11:15:00,52.84,4809.89,,,,
08/01/25 11:20:00,58.64,6680.19,,,,
08/01/25 11:25:00,53.23,3205.01,,,,
08/01/25 11:30:00,50.84,5040.11,,,,
08/01/25 11:35:00,51.84,3820.51,,,,
08/01/25 11:40:00,50.91,4056.44,,,,
08/01/25 11:45:00,49.14,3829.07,,,,
08/01/25 11:50:00,54.31,5026.79,,,,
08/01/25 11:55:00,53.15,4775.64,,,,
08/01/25 12:00:00,54.16,5624.22,,,,
08/01/25 12:05:00,55.16,5667.98,,,,
08/01/25 12:10:00,56.40,5700.33,,,,
08/01/25 12:15:00,53.00,4014.58,,,,
08/01/25 12:20:00,52.61,4680.51,,,,
08/01/25 12:25:00,52.92,5612.80,,,,
08/01/25 12:30:00,53.23,4530.20,,,,
08/01/25 12:35:00,58.79,4549.23,,,,
08/01/25 12:40:00,62.65,8443.94,,,,
08/01/25 12:45:00,63.11,8013.94,,,,
08/01/25 12:50:00,63.19,8032.97,,,,
08/01/25 12:55:00,63.58,8128.10,,,,
08/01/25 13:00:00,63.96,8169.96,,,,
08/01/25 13:05:00,63.11,7907.39,,,,
08/01/25 13:10:00,63.04,7816.07,,,,
08/01/25 13:15:00,64.12,7738.06,,,,
08/01/25 13:20:00,64.50,7835.09,,,,
08/01/25 13:25:00,64.74,7456.47,,,,
08/01/25 13:30:00,56.55,6242.58,,,,
08/01/25 13:35:00,63.19,5449.18,,,,
08/01/25 13:40:00,58.79,8520.05,,,,
08/01/25 13:45:00,66.36,8638.01,,,,
08/01/25 13:50:00,65.89,8173.77,,,,
08/01/25 13:55:00,65.20,8291.73,,,,
08/01/25 14:00:00,61.80,4631.04,,,,
08/01/25 14:05:00,63.73,7252.88,,,,
08/01/25 14:10:00,64.97,8790.22,,,,
08/01/25 14:15:00,60.57,5656.57,,,,
08/01/25 14:20:00,58.17,8219.43,,,,
08/01/25 14:25:00,58.87,5938.16,,,,
08/01/25 14:30:00,63.89,7543.99,,,,
08/01/25 14:35:00,58.87,5706.03,,,,
08/01/25 14:40:00,61.26,8824.47,,,,
08/01/25 14:45:00,64.97,9745.35,,,,
08/01/25 14:50:00,65.20,9444.73,,,,
08/01/25 14:55:00,66.28,9185.97,,,,
08/01/25 15:00:00,67.44,9482.79,,,,
08/01/25 15:05:00,67.75,7753.28,,,,
08/01/25 15:10:00,62.88,8931.02,,,,
08/01/25 15:15:00,61.72,8082.44,,,,
08/01/25 15:20:00,57.48,5544.31,,,,
08/01/25 15:25:00,60.34,6067.54,,,,
08/01/25 15:30:00,62.27,7991.11,,,,
08/01/25 15:35:00,62.96,10559.68,,,,
08/01/25 15:40:00,59.02,4931.66,,,,
08/01/25 15:45:00,53.93,3711.11,,,,
08/01/25 15:50:00,51.15,5443.47,,,,
08/01/25 15:55:00,51.07,4554.93,,,,
08/01/25 16:00:00,52.54,5917.23,,,,
08/01/25 16:05:00,48.83,3989.85,,,,
08/01/25 16:10:00,47.28,3662.59,,,,
08/01/25 16:15:00,46.51,3726.33,,,,
08/01/25 16:20:00,45.97,3704.45,,,,
08/01/25 16:25:00,48.67,5230.37,,,,
08/01/25 16:30:00,49.52,4659.58,,,,
08/01/25 16:35:00,47.13,3636.91,,,,
08/01/25 16:40:00,44.97,3072.77,,,,
08/01/25 16:45:00,44.89,3277.31,,,,
08/01/25 16:50:00,44.66,3372.44,,,,
08/01/25 16:55:00,45.28,3321.07,,,,
08/01/25 17:00:00,45.82,3324.87,,,,
08/01/25 17:05:00,46.74,3363.88,,,,
08/01/25 17:10:00,47.75,3640.71,,,,
08/01/25 17:15:00,47.67,2832.09,,,,
08/01/25 17:20:00,46.05,2335.50,,,,
08/01/25 17:25:00,47.36,3215.47,,,,
08/01/25 17:30:00,45.74,2429.68,,,,
08/01/25 17:35:00,45.51,2613.28,,,,
08/01/25 17:40:00,45.35,2278.42,,,,
08/01/25 17:45:00,44.74,2097.67,,,,
08/01/25 17:50:00,44.12,2187.09,,,,
08/01/25 17:55:00,45.51,1904.55,,,,
08/01/25 18:00:00,50.14,5772.63,,,,
08/01/25 18:05:00,47.67,1658.16,,,,
08/01/25 18:10:00,52.38,6594.57,,,,
08/01/25 18:15:00,56.40,3302.99,,,,
08/01/25 18:20:00,52.07,2791.18,,,,
08/01/25 18:25:00,55.01,3229.74,,,,
08/01/25 18:30:00,50.30,2658.00,,,,
08/01/25 18:35:00,47.98,3049.94,,,,
08/01/25 18:40:00,53.39,7452.66,,,,
08/01/25 18:45:00,58.17,6455.68,,,,
08/01/25 18:50:00,57.32,5829.71,,,,
08/01/25 18:55:00,54.85,5080.06,,,,
08/01/25 19:00:00,50.06,2293.64,,,,
08/01/25 19:05:00,53.54,4450.29,,,,
08/01/25 19:10:00,53.39,4328.52,,,,
08/01/25 19:15:00,53.39,4252.41,,,,
08/01/25 19:20:00,52.84,4102.10,,,,
08/01/25 19:25:00,53.54,4254.32,,,,
08/01/25 19:30:00,52.92,4646.26,,,,
08/01/25 19:35:00,47.90,1860.79,,,,
08/01/25 19:40:00,46.13,1622.48,,,,
08/01/25 19:45:00,49.52,4037.41,,,,
08/01/25 19:50:00,49.29,3536.07,,,,
08/01/25 19:55:00,51.38,3059.45,,,,
08/01/25 20:00:00,46.67,1413.67,,,,
08/01/25 20:05:00,49.60,3398.12,,,,
08/01/25 20:10:00,51.92,3274.45,,,,
08/01/25 20:15:00,51.69,3131.75,,,,
08/01/25 20:20:00,51.07,2959.57,,,,
08/01/25 20:25:00,51.15,2859.68,,,,
08/01/25 20:30:00,49.91,2768.35,,,,
08/01/25 20:35:00,49.14,2698.90,,,,
08/01/25 20:40:00,48.75,2515.30,,,,
08/01/25 20:45:00,49.45,2288.88,,,,
08/01/25 20:50:00,49.45,2093.86,,,,
08/01/25 20:55:00,49.22,1904.55,,,,
08/01/25 21:00:00,48.21,1754.71,,,,
08/01/25 21:05:00,47.52,1602.50,,,,
08/01/25 21:10:00,47.05,1457.90,,,,
08/01/25 21:15:00,46.44,1312.83,,,,
08/01/25 21:20:00,45.20,1168.70,,,,
08/01/25 21:25:00,44.74,1049.31,,,,
08/01/25 21:30:00,44.35,908.75,,,,
08/01/25 21:35:00,43.89,797.68,,,,
08/01/25 21:40:00,43.19,691.14,,,,
08/01/25 21:45:00,42.73,552.72,,,,
08/01/25 21:50:00,42.88,452.47,,,,
08/01/25 21:55:00,42.50,352.94,,,,
08/01/25 22:00:00,39.95,150.78,,,,
08/01/25 22:05:00,38.79,109.43,,,,
08/01/25 22:10:00,38.64,82.29,,,,
08/01/25 22:15:00,38.40,64.45,,,,
08/01/25 22:20:00,38.33,47.25,,,,
08/01/25 22:25:00,38.56,33.70,,,,
08/01/25 22:30:00,38.94,24.33,,,,
08/01/25 22:35:00,39.02,15.91,,,,
08/01/25 22:40:00,38.94,9.61,,,,
08/01/25 22:45:00,38.79,5.57,,,,
08/01/25 22:50:00,38.94,3.19,,,,
08/01/25 22:55:00,39.10,1.86,,,,
08/01/25 23:00:00,38.79,1.11,,,,
08/01/25 23:05:00,38.71,0.68,,,,
08/01/25 23:10:00,38.25,0.44,,,,
08/01/25 23:15:00,38.02,0.26,,,,
08/01/25 23:20:00,38.02,0.16,,,,
08/01/25 23:25:00,37.63,0.08,,,,
08/01/25 23:30:00,37.63,0.04,,,,
08/01/25 23:35:00,37.71,0.00,,,,
08/01/25 23:40:00,37.63,0.00,,,,
08/01/25 23:45:00,38.10,0.00,,,,
08/01/25 23:50:00,38.87,0.00,,,,
08/01/25 23:55:00,38.94,0.00,,,,
08/02/25 00:00:00,38.94,0.00,,,,
08/02/25 00:05:00,38.79,0.00,,,,
08/02/25 00:10:00,38.79,0.00,,,,
08/02/25 00:15:00,38.48,0.00,,,,
08/02/25 00:20:00,38.40,0.00,,,,
08/02/25 00:25:00,38.25,0.00,,,,
08/02/25 00:30:00,38.33,0.00,,,,
08/02/25 00:35:00,38.25,0.00,,,,
08/02/25 00:40:00,37.79,0.00,,,,
08/02/25 00:45:00,38.02,0.00,,,,
08/02/25 00:50:00,37.94,0.00,,,,
08/02/25 00:55:00,38.02,0.00,,,,
08/02/25 01:00:00,38.02,0.00,,,,
08/02/25 01:05:00,37.86,0.00,,,,
08/02/25 01:10:00,37.40,0.00,,,,
08/02/25 01:15:00,36.86,0.00,,,,
08/02/25 01:20:00,37.09,0.00,,,,
08/02/25 01:25:00,38.10,0.00,,,,
08/02/25 01:30:00,38.10,0.00,,,,
08/02/25 01:35:00,37.40,0.00,,,,
08/02/25 01:40:00,36.94,0.00,,,,
08/02/25 01:45:00,37.32,0.00,,,,
08/02/25 01:50:00,37.17,0.00,,,,
08/02/25 01:55:00,37.55,0.00,,,,
08/02/25 02:00:00,37.55,0.00,,,,
08/02/25 02:05:00,37.48,0.00,,,,
08/02/25 02:10:00,37.48,0.00,,,,
08/02/25 02:15:00,37.25,0.00,,,,
08/02/25 02:20:00,37.01,0.00,,,,
08/02/25 02:25:00,36.71,0.00,,,,
08/02/25 02:30:00,36.71,0.00,,,,
08/02/25 02:35:00,37.40,0.00,,,,
08/02/25 02:40:00,37.40,0.00,,,,
08/02/25 02:45:00,37.55,0.00,,,,
08/02/25 02:50:00,37.71,0.00,,,,
08/02/25 02:55:00,37.86,0.00,,,,
08/02/25 03:00:00,37.55,0.00,,,,
08/02/25 03:05:00,37.71,0.00,,,,
08/02/25 03:10:00,37.71,0.00,,,,
08/02/25 03:15:00,37.79,0.00,,,,
08/02/25 03:20:00,37.79,0.00,,,,
08/02/25 03:25:00,37.48,0.00,,,,
08/02/25 03:30:00,37.25,0.00,,,,
08/02/25 03:35:00,37.48,0.00,,,,
08/02/25 03:40:00,37.40,0.00,,,,
08/02/25 03:45:00,37.09,0.00,,,,
08/02/25 03:50:00,37.09,0.00,,,,
08/02/25 03:55:00,37.09,0.00,,,,
08/02/25 04:00:00,36.78,0.00,,,,
08/02/25 04:05:00,36.94,0.00,,,,
08/02/25 04:10:00,36.71,0.00,,,,
08/02/25 04:15:00,36.71,0.00,,,,
08/02/25 04:20:00,36.40,0.00,,,,
08/02/25 04:25:00,36.40,0.00,,,,
08/02/25 04:30:00,36.63,0.02,,,,
08/02/25 04:35:00,36.55,0.06,,,,
08/02/25 04:40:00,36.55,0.12,,,,
08/02/25 04:45:00,36.16,0.22,,,,
08/02/25 04:50:00,36.24,0.38,,,,
08/02/25 04:55:00,36.40,0.60,,,,
08/02/25 05:00:00,36.01,0.99,,,,
08/02/25 05:05:00,36.24,1.65,,,,
08/02/25 05:10:00,36.01,2.91,,,,
08/02/25 05:15:00,35.86,5.09,,,,
08/02/25 05:20:00,35.78,8.41,,,,
08/02/25 05:25:00,35.86,13.34,,,,
08/02/25 05:30:00,35.78,20.94,,,,
08/02/25 05:35:00,35.47,31.19,,,,
08/02/25 05:40:00,35.01,44.36,,,,
08/02/25 05:45:00,34.39,60.88,,,,
08/02/25 05:50:00,34.93,80.83,,,,
08/02/25 05:55:00,36.09,105.33,,,,
08/02/25 06:00:00,36.24,134.61,,,,
08/02/25 06:05:00,36.40,197.34,,,,
08/02/25 06:10:00,35.93,241.34,,,,
08/02/25 06:15:00,37.01,293.25,,,,
08/02/25 06:20:00,37.86,413.59,,,,
08/02/25 06:25:00,38.10,470.79,,,,
08/02/25 06:30:00,38.56,522.04,,,,
08/02/25 06:35:00,38.64,400.15,,,,
08/02/25 06:40:00,39.64,687.33,,,,
08/02/25 06:45:00,40.33,786.74,,,,
08/02/25 06:50:00,40.95,882.59,,,,
08/02/25 06:55:00,41.57,987.00,,,,
08/02/25 07:00:00,43.04,1243.85,,,,
08/02/25 07:05:00,43.66,1204.37,,,,
08/02/25 07:10:00,42.73,924.21,,,,
08/02/25 07:15:00,41.34,734.66,,,,
08/02/25 07:20:00,40.72,955.13,,,,
08/02/25 07:25:00,41.65,1443.16,,,,
08/02/25 07:30:00,42.03,1113.52,,,,
08/02/25 07:35:00,43.11,1484.54,,,,
08/02/25 07:40:00,40.57,1127.79,,,,
08/02/25 07:45:00,40.33,1153.48,,,,
08/02/25 07:50:00,40.03,1281.43,,,,
08/02/25 07:55:00,40.64,1431.74,,,,
08/02/25 08:00:00,44.50,3088.94,,,,
08/02/25 08:05:00,43.66,1342.32,,,,
08/02/25 08:10:00,43.50,1372.76,,,,
08/02/25 08:15:00,48.29,2893.92,,,,
08/02/25 08:20:00,48.60,2962.42,,,,
08/02/25 08:25:00,48.44,2749.32,,,,
08/02/25 08:30:00,44.20,1684.32,,,,
08/02/25 08:35:00,43.89,3372.44,,,,
08/02/25 08:40:00,50.30,3471.38,,,,
08/02/25 08:45:00,50.91,2916.76,,,,
08/02/25 08:50:00,50.61,2916.76,,,,
08/02/25 08:55:00,52.54,4303.78,,,,
08/02/25 09:00:00,50.61,3972.72,,,,
08/02/25 09:05:00,51.38,2702.71,,,,
08/02/25 09:10:00,49.52,2945.30,,,,
08/02/25 09:15:00,52.54,6170.28,,,,
08/02/25 09:20:00,54.39,5542.41,,,,
08/02/25 09:25:00,49.14,2895.83,,,,
08/02/25 09:30:00,47.13,3087.99,,,,
08/02/25 09:35:00,51.61,5584.26,,,,
08/02/25 09:40:00,55.62,4967.81,,,,
08/02/25 09:45:00,55.39,4777.54,,,,
08/02/25 09:50:00,55.70,4912.63,,,,
08/02/25 09:55:00,55.39,4501.66,,,,
08/02/25 10:00:00,52.30,4417.94,,,,
08/02/25 10:05:00,53.54,5061.04,,,,
08/02/25 10:10:00,50.37,1820.36,,,,
08/02/25 10:15:00,48.91,2691.29,,,,
08/02/25 10:20:00,49.22,5405.42,,,,
08/02/25 10:25:00,49.45,3599.81,,,,
08/02/25 10:30:00,51.92,5510.06,,,,
08/02/25 10:35:00,54.62,5679.40,,,,
08/02/25 10:40:00,55.70,5837.32,,,,
08/02/25 10:45:00,56.32,6006.65,,,,
08/02/25 10:50:00,57.09,6183.60,,,,
08/02/25 10:55:00,57.32,6349.13,,,,
08/02/25 11:00:00,57.71,6579.35,,,,
08/02/25 11:05:00,58.10,6741.07,,,,
08/02/25 11:10:00,58.87,6954.17,,,,
08/02/25 11:15:00,59.33,7142.53,,,,
08/02/25 11:20:00,59.56,7355.63,,,,
08/02/25 11:25:00,59.79,7578.24,,,,
08/02/25 11:30:00,60.18,7766.60,,,,
08/02/25 11:35:00,60.57,7960.67,,,,
08/02/25 11:40:00,61.26,8128.10,,,,
08/02/25 11:45:00,62.03,8284.12,,,,
08/02/25 11:50:00,61.80,8386.86,,,,
08/02/25 11:55:00,61.65,8478.19,,,,
08/02/25 12:00:00,62.27,8702.70,,,,
08/02/25 12:05:00,62.42,9045.18,,,,
08/02/25 12:10:00,63.35,8881.55,,,,
08/02/25 12:15:00,55.16,4787.06,,,,
08/02/25 12:20:00,50.76,5312.19,,,,
08/02/25 12:25:00,60.64,9056.59,,,,
08/02/25 12:30:00,59.56,4697.63,,,,
08/02/25 12:35:00,60.57,8592.35,,,,
08/02/25 12:40:00,62.42,8200.40,,,,
08/02/25 12:45:00,61.57,8131.91,,,,
08/02/25 12:50:00,61.11,8128.10,,,,
08/02/25 12:55:00,61.49,8169.96,,,,
08/02/25 13:00:00,62.27,8204.21,,,,
08/02/25 13:05:00,62.42,8230.84,,,,
08/02/25 13:10:00,62.50,8299.34,,,,
08/02/25 13:15:00,60.57,7635.32,,,,
08/02/25 13:20:00,61.26,8204.21,,,,
08/02/25 13:25:00,61.88,7941.64,,,,
08/02/25 13:30:00,62.34,7918.81,,,,
08/02/25 13:35:00,62.03,7816.07,,,,
08/02/25 13:40:00,62.57,7779.92,,,,
08/02/25 13:45:00,62.65,7745.67,,,,
08/02/25 13:50:00,62.27,7738.06,,,,
08/02/25 13:55:00,62.03,7705.71,,,,
08/02/25 14:00:00,62.34,7694.30,,,,
08/02/25 14:05:00,63.50,7745.67,,,,
08/02/25 14:10:00,64.20,7793.24,,,,
08/02/25 14:15:00,64.35,7838.90,,,,
08/02/25 14:20:00,64.50,8002.53,,,,
08/02/25 14:25:00,63.81,7758.99,,,,
08/02/25 14:30:00,63.73,7975.89,,,,
08/02/25 14:35:00,63.58,7945.45,,,,
08/02/25 14:40:00,63.66,8032.97,,,,
08/02/25 14:45:00,63.96,8097.66,,,,
08/02/25 14:50:00,63.89,8147.13,,,,
08/02/25 14:55:00,63.66,8029.16,,,,
08/02/25 15:00:00,62.96,8055.80,,,,
08/02/25 15:05:00,62.65,7819.87,,,,
08/02/25 15:10:00,62.03,7479.30,,,,
08/02/25 15:15:00,61.65,7538.28,,,,
08/02/25 15:20:00,60.88,6497.53,,,,
08/02/25 15:25:00,60.64,7294.74,,,,
08/02/25 15:30:00,54.93,6986.51,,,,
08/02/25 15:35:00,52.61,4039.32,,,,
08/02/25 15:40:00,58.79,8489.60,,,,
08/02/25 15:45:00,54.08,5399.71,,,,
08/02/25 15:50:00,61.18,8227.04,,,,
08/02/25 15:55:00,55.93,8071.02,,,,
08/02/25 16:00:00,59.95,7399.39,,,,
08/02/25 16:05:00,60.26,7186.29,,,,
08/02/25 16:10:00,60.26,7134.92,,,,
08/02/25 16:15:00,60.10,7121.60,,,,
08/02/25 16:20:00,60.03,7115.89,,,,
08/02/25 16:25:00,60.10,7163.46,,,,
08/02/25 16:30:00,59.95,6632.62,,,,
08/02/25 16:35:00,53.08,5177.10,,,,
08/02/25 16:40:00,57.94,6874.26,,,,
08/02/25 16:45:00,58.87,6746.78,,,,
08/02/25 16:50:00,57.09,6122.71,,,,
08/02/25 16:55:00,58.64,6514.66,,,,
08/02/25 17:00:00,57.32,6134.13,,,,
08/02/25 17:05:00,58.87,6491.83,,,,
08/02/25 17:10:00,58.79,6322.49,,,,
08/02/25 17:15:00,58.79,6265.41,,,,
08/02/25 17:20:00,59.02,6210.23,,,,
08/02/25 17:25:00,58.95,6109.39,,,,
08/02/25 17:30:00,58.56,5993.33,,,,
08/02/25 17:35:00,58.87,5896.30,,,,
08/02/25 17:40:00,58.10,5822.10,,,,
08/02/25 17:45:00,57.86,5740.28,,,,
08/02/25 17:50:00,57.25,5656.57,,,,
08/02/25 17:55:00,56.86,5569.04,,,,
08/02/25 18:00:00,56.32,5498.65,,,,
08/02/25 18:05:00,55.86,5405.42,,,,
08/02/25 18:10:00,56.01,5323.60,,,,
08/02/25 18:15:00,55.70,5226.57,,,,
08/02/25 18:20:00,55.24,5142.85,,,,
08/02/25 18:25:00,55.55,5061.04,,,,
08/02/25 18:30:00,55.16,4981.13,,,,
08/02/25 18:35:00,54.78,4897.41,,,,
08/02/25 18:40:00,54.62,4806.08,,,,
08/02/25 18:45:00,54.23,4699.53,,,,
08/02/25 18:50:00,53.93,4621.53,,,,
08/02/25 18:55:00,53.39,4543.52,,,,
08/02/25 19:00:00,53.39,4461.70,,,,
08/02/25 19:05:00,53.00,4383.70,,,,
08/02/25 19:10:00,52.77,4292.37,,,,
08/02/25 19:15:00,52.54,4216.26,,,,
08/02/25 19:20:00,52.30,4132.55,,,,
08/02/25 19:25:00,52.00,4043.12,,,,
08/02/25 19:30:00,51.69,3959.41,,,,
08/02/25 19:35:00,51.69,3878.54,,,,
08/02/25 19:40:00,51.45,3789.12,,,,
08/02/25 19:45:00,51.07,3710.16,,,,
08/02/25 19:50:00,51.22,3615.03,,,,
08/02/25 19:55:00,51.15,3518.94,,,,
08/02/25 20:00:00,51.30,3423.81,,,,
08/02/25 20:05:00,51.30,3311.55,,,,
08/02/25 20:10:00,51.15,3184.08,,,,
08/02/25 20:15:00,50.68,3067.06,,,,
08/02/25 20:20:00,50.22,2934.83,,,,
08/02/25 20:25:00,49.76,2830.19,,,,
08/02/25 20:30:00,49.52,2721.73,,,,
08/02/25 20:35:00,48.60,2502.93,,,,
08/02/25 20:40:00,46.74,2403.04,,,,
08/02/25 20:45:00,47.28,2160.45,,,,
08/02/25 20:50:00,47.28,2181.38,,,,
08/02/25 20:55:00,47.44,1908.35,,,,
08/02/25 21:00:00,46.36,1939.27,,,,
08/02/25 21:05:00,45.82,1569.21,,,,
08/02/25 21:10:00,45.82,1623.91,,,,
08/02/25 21:15:00,45.66,1460.76,,,,
08/02/25 21:20:00,43.96,1179.64,,,,
08/02/25 21:25:00,44.58,1130.17,,,,
08/02/25 21:30:00,42.65,714.21,,,,
08/02/25 21:35:00,40.95,650.23,,,,
08/02/25 21:40:00,41.26,454.73,,,,
08/02/25 21:45:00,41.65,482.08,,,,
08/02/25 21:50:00,39.49,257.81,,,,
08/02/25 21:55:00,39.72,218.57,,,,
08/02/25 22:00:00,38.87,157.44,,,,
08/02/25 22:05:00,37.94,120.02,,,,
08/02/25 22:10:00,37.63,89.99,,,,
08/02/25 22:15:00,37.71,67.78,,,,
08/02/25 22:20:00,38.33,48.81,,,,
08/02/25 22:25:00,38.33,33.28,,,,
08/02/25 22:30:00,37.94,22.38,,,,
08/02/25 22:35:00,37.63,14.46,,,,
08/02/25 22:40:00,37.48,8.97,,,,
08/02/25 22:45:00,37.79,5.49,,,,
08/02/25 22:50:00,37.79,3.31,,,,
08/02/25 22:55:00,37.48,2.00,,,,
08/02/25 23:00:00,37.32,1.21,,,,
08/02/25 23:05:00,37.09,0.70,,,,
08/02/25 23:10:00,36.86,0.44,,,,
08/02/25 23:15:00,36.63,0.24,,,,
08/02/25 23:20:00,36.24,0.14,,,,
08/02/25 23:25:00,36.01,0.06,,,,
08/02/25 23:30:00,36.24,0.02,,,,
08/02/25 23:35:00,36.47,0.00,,,,
08/02/25 23:40:00,35.93,0.00,,,,
08/02/25 23:45:00,35.70,0.00,,,,
08/02/25 23:50:00,35.86,0.02,,,,
08/02/25 23:55:00,36.01,0.00,,,,
08/03/25 00:00:00,35.86,0.00,,,,
08/03/25 00:05:00,35.86,0.00,,,,
08/03/25 00:10:00,35.78,0.00,,,,
08/03/25 00:15:00,36.01,0.00,,,,
08/03/25 00:20:00,36.40,0.00,,,,
08/03/25 00:25:00,35.86,0.00,,,,
08/03/25 00:30:00,35.93,0.00,,,,
08/03/25 00:35:00,36.55,0.00,,,,
08/03/25 00:40:00,37.17,0.00,,,,
08/03/25 00:45:00,37.25,0.00,,,,
08/03/25 00:50:00,37.32,0.00,,,,
08/03/25 00:55:00,37.32,0.00,,,,
08/03/25 01:00:00,37.17,0.00,,,,
08/03/25 01:05:00,36.86,0.00,,,,
08/03/25 01:10:00,36.78,0.00,,,,
08/03/25 01:15:00,37.09,0.00,,,,
08/03/25 01:20:00,37.01,0.00,,,,
08/03/25 01:25:00,37.01,0.00,,,,
08/03/25 01:30:00,36.78,0.00,,,,
08/03/25 01:35:00,37.40,0.00,,,,
08/03/25 01:40:00,37.40,0.00,,,,
08/03/25 01:45:00,37.79,0.00,,,,
08/03/25 01:50:00,37.55,0.00,,,,
08/03/25 01:55:00,37.55,0.00,,,,
08/03/25 02:00:00,37.71,0.00,,,,
08/03/25 02:05:00,37.32,0.00,,,,
08/03/25 02:10:00,36.94,0.00,,,,
08/03/25 02:15:00,37.25,0.00,,,,
08/03/25 02:20:00,36.47,0.00,,,,
08/03/25 02:25:00,36.24,0.00,,,,
08/03/25 02:30:00,36.71,0.00,,,,
08/03/25 02:35:00,37.55,0.00,,,,
08/03/25 02:40:00,37.32,0.00,,,,
08/03/25 02:45:00,37.32,0.00,,,,
08/03/25 02:50:00,37.48,0.00,,,,
08/03/25 02:55:00,38.17,0.00,,,,
08/03/25 03:00:00,37.94,0.00,,,,
08/03/25 03:05:00,37.79,0.00,,,,
08/03/25 03:10:00,37.94,0.00,,,,
08/03/25 03:15:00,37.86,0.00,,,,
08/03/25 03:20:00,37.01,0.00,,,,
08/03/25 03:25:00,37.09,0.00,,,,
08/03/25 03:30:00,36.63,0.00,,,,
08/03/25 03:35:00,36.24,0.00,,,,
08/03/25 03:40:00,36.71,0.00,,,,
08/03/25 03:45:00,36.24,0.00,,,,
08/03/25 03:50:00,37.01,0.00,,,,
08/03/25 03:55:00,37.48,0.00,,,,
08/03/25 04:00:00,37.25,0.00,,,,
08/03/25 04:05:00,37.86,0.00,,,,
08/03/25 04:10:00,38.48,0.00,,,,
08/03/25 04:15:00,38.02,0.06,,,,
08/03/25 04:20:00,37.32,0.00,,,,
08/03/25 04:25:00,36.94,0.00,,,,
08/03/25 04:30:00,36.78,0.04,,,,
08/03/25 04:35:00,36.86,0.00,,,,
08/03/25 04:40:00,37.17,0.00,,,,
08/03/25 04:45:00,37.17,0.04,,,,
08/03/25 04:50:00,37.48,0.12,,,,
08/03/25 04:55:00,36.78,0.24,,,,
08/03/25 05:00:00,36.94,0.44,,,,
08/03/25 05:05:00,36.55,0.66,,,,
08/03/25 05:10:00,36.55,1.11,,,,
08/03/25 05:15:00,37.01,2.00,,,,
08/03/25 05:20:00,36.86,3.51,,,,
08/03/25 05:25:00,36.78,5.94,,,,
08/03/25 05:30:00,36.71,9.77,,,,
08/03/25 05:35:00,37.01,14.86,,,,
08/03/25 05:40:00,36.78,22.06,,,,
08/03/25 05:45:00,36.24,31.65,,,,
08/03/25 05:50:00,35.78,43.51,,,,
08/03/25 05:55:00,36.32,56.53,,,,
08/03/25 06:00:00,37.01,64.51,,,,
08/03/25 06:05:00,37.55,70.25,,,,
08/03/25 06:10:00,38.33,85.83,,,,
08/03/25 06:15:00,38.10,110.89,,,,
08/03/25 06:20:00,38.17,130.87,,,,
08/03/25 06:25:00,37.79,156.37,,,,
08/03/25 06:30:00,37.63,192.82,,,,
08/03/25 06:35:00,36.78,233.01,,,,
08/03/25 06:40:00,36.71,261.49,,,,
08/03/25 06:45:00,37.32,288.73,,,,
08/03/25 06:50:00,37.71,303.35,,,,
08/03/25 06:55:00,38.10,301.81,,,,
08/03/25 07:00:00,37.63,309.06,,,,
08/03/25 07:05:00,37.79,351.63,,,,
08/03/25 07:10:00,37.79,397.89,,,,
08/03/25 07:15:00,38.17,440.34,,,,
08/03/25 07:20:00,38.33,473.40,,,,
08/03/25 07:25:00,39.49,554.86,,,,
08/03/25 07:30:00,39.49,694.23,,,,
08/03/25 07:35:00,38.87,836.93,,,,
08/03/25 07:40:00,39.64,953.23,,,,
08/03/25 07:45:00,40.49,1014.59,,,,
08/03/25 07:50:00,39.95,1068.81,,,,
08/03/25 07:55:00,40.18,1182.97,,,,
08/03/25 08:00:00,40.41,1259.55,,,,
08/03/25 08:05:00,41.11,1256.22,,,,
08/03/25 08:10:00,40.80,1352.78,,,,
08/03/25 08:15:00,40.41,1461.71,,,,
08/03/25 08:20:00,42.03,1641.51,,,,
08/03/25 08:25:00,42.88,1813.70,,,,
08/03/25 08:30:00,43.96,2076.74,,,,
08/03/25 08:35:00,44.12,1939.27,,,,
08/03/25 08:40:00,42.96,1650.54,,,,
08/03/25 08:45:00,42.88,2021.56,,,,
08/03/25 08:50:00,44.89,2485.81,,,,
08/03/25 08:55:00,45.74,2214.68,,,,
08/03/25 09:00:00,45.97,2053.91,,,,
08/03/25 09:05:00,45.12,1878.86,,,,
08/03/25 09:10:00,44.81,1965.43,,,,
08/03/25 09:15:00,44.50,2046.30,,,,
08/03/25 09:20:00,44.81,2158.55,,,,
08/03/25 09:25:00,45.43,2363.09,,,,
08/03/25 09:30:00,45.35,2521.96,,,,
08/03/25 09:35:00,45.66,2887.26,,,,
08/03/25 09:40:00,47.13,3113.68,,,,
08/03/25 09:45:00,46.36,2800.69,,,,
08/03/25 09:50:00,44.74,2197.56,,,,
08/03/25 09:55:00,42.81,1860.31,,,,
08/03/25 10:00:00,42.57,2098.62,,,,
08/03/25 10:05:00,42.57,2151.89,,,,
08/03/25 10:10:00,41.65,1848.42,,,,
08/03/25 10:15:00,41.03,1815.12,,,,
08/03/25 10:20:00,40.33,1679.56,,,,
08/03/25 10:25:00,39.95,1584.43,,,,
08/03/25 10:30:00,40.64,2064.37,,,,
08/03/25 10:35:00,41.72,2465.83,,,,
08/03/25 10:40:00,43.66,3319.17,,,,
08/03/25 10:45:00,45.51,3730.14,,,,
08/03/25 10:50:00,46.82,4164.89,,,,
08/03/25 10:55:00,48.67,4509.27,,,,
08/03/25 11:00:00,48.75,3970.82,,,,
08/03/25 11:05:00,48.37,3934.67,,,,
08/03/25 11:10:00,47.59,3590.29,,,,
08/03/25 11:15:00,47.75,3896.62,,,,
08/03/25 11:20:00,48.37,3766.29,,,,
08/03/25 11:25:00,49.06,4010.78,,,,
08/03/25 11:30:00,47.44,3306.80,,,,
08/03/25 11:35:00,48.21,4043.12,,,,
08/03/25 11:40:00,49.06,3715.87,,,,
08/03/25 11:45:00,47.67,3238.30,,,,
08/03/25 11:50:00,46.36,3105.12,,,,
08/03/25 11:55:00,46.44,3574.12,,,,
08/03/25 12:00:00,48.60,4568.25,,,,
08/03/25 12:05:00,49.37,4162.99,,,,
08/03/25 12:10:00,47.67,3358.17,,,,
08/03/25 12:15:00,45.66,2706.51,,,,
08/03/25 12:20:00,44.12,2949.10,,,,
08/03/25 12:25:00,45.59,3976.53,,,,
08/03/25 12:30:00,47.05,3898.52,,,,
08/03/25 12:35:00,47.13,4142.06,,,,
08/03/25 12:40:00,47.13,3403.83,,,,
08/03/25 12:45:00,48.06,4697.63,,,,
08/03/25 12:50:00,49.99,4450.29,,,,
08/03/25 12:55:00,49.22,4292.37,,,,
08/03/25 13:00:00,49.37,4737.59,,,,
08/03/25 13:05:00,49.83,5163.78,,,,
08/03/25 13:10:00,54.85,7530.67,,,,
08/03/25 13:15:00,52.38,5293.16,,,,
08/03/25 13:20:00,51.92,5793.56,,,,
08/03/25 13:25:00,53.46,5628.03,,,,
08/03/25 13:30:00,50.91,4554.93,,,,
08/03/25 13:35:00,48.06,3934.67,,,,
08/03/25 13:40:00,47.98,4355.16,,,,
08/03/25 13:45:00,49.91,5241.79,,,,
08/03/25 13:50:00,50.30,4946.88,,,,
08/03/25 13:55:00,50.99,5426.34,,,,
08/03/25 14:00:00,49.91,4476.92,,,,
08/03/25 14:05:00,49.52,5085.77,,,,
08/03/25 14:10:00,51.92,6217.85,,,,
08/03/25 14:15:00,52.00,5550.02,,,,
08/03/25 14:20:00,51.61,5426.34,,,,
08/03/25 14:25:00,53.00,6392.89,,,,
08/03/25 14:30:00,54.62,6503.24,,,,
08/03/25 14:35:00,59.95,7831.29,,,,
08/03/25 14:40:00,58.95,6430.94,,,,
08/03/25 14:45:00,57.56,6042.80,,,,
08/03/25 14:50:00,52.15,3917.55,,,,
08/03/25 14:55:00,49.14,4083.08,,,,
08/03/25 15:00:00,49.68,4819.40,,,,
08/03/25 15:05:00,55.01,8641.82,,,,
08/03/25 15:10:00,55.55,5367.36,,,,
08/03/25 15:15:00,52.54,6221.65,,,,
08/03/25 15:20:00,59.87,7532.57,,,,
08/03/25 15:25:00,61.72,8603.76,,,,
08/03/25 15:30:00,61.03,7956.86,,,,
08/03/25 15:35:00,58.87,6404.30,,,,
08/03/25 15:40:00,55.70,7758.99,,,,
08/03/25 15:45:00,55.08,6058.02,,,,
08/03/25 15:50:00,54.23,5043.91,,,,
08/03/25 15:55:00,51.61,4598.69,,,,
08/03/25 16:00:00,49.45,4381.79,,,,
08/03/25 16:05:00,50.14,5198.03,,,,
08/03/25 16:10:00,54.23,6050.41,,,,
08/03/25 16:15:00,52.07,5825.90,,,,
08/03/25 16:20:00,50.45,4235.29,,,,
08/03/25 16:25:00,54.16,7846.51,,,,
08/03/25 16:30:00,57.86,5081.97,,,,
08/03/25 16:35:00,56.32,7635.32,,,,
08/03/25 16:40:00,55.93,6271.12,,,,
08/03/25 16:45:00,58.95,7270.01,,,,
08/03/25 16:50:00,52.46,4581.57,,,,
08/03/25 16:55:00,59.33,8223.23,,,,
08/03/25 17:00:00,61.26,7700.01,,,,
08/03/25 17:05:00,61.11,7281.42,,,,
08/03/25 17:10:00,60.03,6800.05,,,,
08/03/25 17:15:00,58.64,6527.98,,,,
08/03/25 17:20:00,57.56,6332.00,,,,
08/03/25 17:25:00,57.09,6214.04,,,,
08/03/25 17:30:00,56.47,6109.39,,,,
08/03/25 17:35:00,56.47,6056.12,,,,
08/03/25 17:40:00,56.24,5999.04,,,,
08/03/25 17:45:00,56.32,6008.55,,,,
08/03/25 17:50:00,56.17,6099.88,,,,
08/03/25 17:55:00,56.32,6101.78,,,,
08/03/25 18:00:00,56.09,5905.81,,,,
08/03/25 18:05:00,56.17,5824.00,,,,
08/03/25 18:10:00,53.31,4604.40,,,,
08/03/25 18:15:00,53.85,4885.99,,,,
08/03/25 18:20:00,53.39,4809.89,,,,
08/03/25 18:25:00,53.77,4825.11,,,,
08/03/25 18:30:00,54.54,5403.51,,,,
08/03/25 18:35:00,55.08,5338.82,,,,
08/03/25 18:40:00,55.24,5230.37,,,,
08/03/25 18:45:00,55.16,4971.61,,,,
08/03/25 18:50:00,54.93,4905.02,,,,
08/03/25 18:55:00,55.55,4929.75,,,,
08/03/25 19:00:00,55.70,5218.96,,,,
08/03/25 19:05:00,55.08,5040.11,,,,
08/03/25 19:10:00,56.09,5323.60,,,,
08/03/25 19:15:00,55.78,5078.16,,,,
08/03/25 19:20:00,55.01,4851.75,,,,
08/03/25 19:25:00,54.16,4777.54,,,,
08/03/25 19:30:00,55.16,4836.52,,,,
08/03/25 19:35:00,54.78,4579.67,,,,
08/03/25 19:40:00,52.46,3694.94,,,,
08/03/25 19:45:00,52.46,4105.91,,,,
08/03/25 19:50:00,50.61,3571.27,,,,
08/03/25 19:55:00,51.61,3965.11,,,,
08/03/25 20:00:00,51.53,3758.68,,,,
08/03/25 20:05:00,50.53,3552.24,,,,
08/03/25 20:10:00,50.53,3152.68,,,,
08/03/25 20:15:00,48.98,3006.18,,,,
08/03/25 20:20:00,47.67,2397.33,,,,
08/03/25 20:25:00,46.44,2199.46,,,,
08/03/25 20:30:00,44.89,1868.87,,,,
08/03/25 20:35:00,45.28,2250.83,,,,
08/03/25 20:40:00,47.90,2731.25,,,,
08/03/25 20:45:00,49.06,2786.42,,,,
08/03/25 20:50:00,48.44,2444.90,,,,
08/03/25 20:55:00,46.05,1659.11,,,,
08/03/25 21:00:00,41.96,997.94,,,,
08/03/25 21:05:00,41.11,1006.98,,,,
08/03/25 21:10:00,40.03,861.90,,,,
08/03/25 21:15:00,39.95,798.40,,,,
08/03/25 21:20:00,39.79,643.57,,,,
08/03/25 21:25:00,39.10,522.51,,,,
08/03/25 21:30:00,38.64,450.93,,,,
08/03/25 21:35:00,38.33,389.92,,,,
08/03/25 21:40:00,38.40,340.69,,,,
08/03/25 21:45:00,37.94,260.54,,,,
08/03/25 21:50:00,37.86,196.03,,,,
08/03/25 21:55:00,37.63,150.43,,,,
08/03/25 22:00:00,37.55,116.42,,,,
08/03/25 22:05:00,37.09,81.64,,,,
08/03/25 22:10:00,37.09,64.10,,,,
08/03/25 22:15:00,36.78,42.11,,,,
08/03/25 22:20:00,36.32,28.76,,,,
08/03/25 22:25:00,36.47,19.63,,,,
08/03/25 22:30:00,36.47,12.27,,,,
08/03/25 22:35:00,36.86,7.59,,,,
08/03/25 22:40:00,37.01,4.56,,,,
08/03/25 22:45:00,36.47,2.74,,,,
08/03/25 22:50:00,36.40,1.59,,,,
08/03/25 22:55:00,36.55,0.91,,,,
08/03/25 23:00:00,36.55,0.52,,,,
08/03/25 23:05:00,37.32,0.30,,,,
08/03/25 23:10:00,37.09,0.16,,,,
08/03/25 23:15:00,37.17,0.08,,,,
08/03/25 23:20:00,37.32,0.02,,,,
08/03/25 23:25:00,36.94,0.00,,,,
08/03/25 23:30:00,37.09,0.00,,,,
08/03/25 23:35:00,36.78,0.00,,,,
08/03/25 23:40:00,36.86,0.00,,,,
08/03/25 23:45:00,36.86,0.00,,,,
08/03/25 23:50:00,37.32,0.00,,,,
08/03/25 23:55:00,36.94,0.00,,,,
08/04/25 00:00:00,36.94,0.00,,,,
08/04/25 00:05:00,36.63,0.00,,,,
08/04/25 00:10:00,37.40,0.00,,,,
08/04/25 00:15:00,36.86,0.00,,,,
08/04/25 00:20:00,36.71,0.00,,,,
08/04/25 00:25:00,36.63,0.00,,,,
08/04/25 00:30:00,36.40,0.00,,,,
08/04/25 00:35:00,36.40,0.00,,,,
08/04/25 00:40:00,36.40,0.00,,,,
08/04/25 00:45:00,36.09,0.00,,,,
08/04/25 00:50:00,36.47,0.00,,,,
08/04/25 00:55:00,36.24,0.00,,,,
08/04/25 01:00:00,36.01,0.00,,,,
08/04/25 01:05:00,35.78,0.00,,,,
08/04/25 01:10:00,35.93,0.00,,,,
08/04/25 01:15:00,36.55,0.00,,,,
08/04/25 01:20:00,36.16,0.00,,,,
08/04/25 01:25:00,36.86,0.00,,,,
08/04/25 01:30:00,36.63,0.00,,,,
08/04/25 01:35:00,36.71,0.00,,,,
08/04/25 01:40:00,37.01,0.00,,,,
08/04/25 01:45:00,37.25,0.00,,,,
08/04/25 01:50:00,37.25,0.00,,,,
08/04/25 01:55:00,37.32,0.00,,,,
08/04/25 02:00:00,37.32,0.00,,,,
08/04/25 02:05:00,37.01,0.00,,,,
08/04/25 02:10:00,37.55,0.00,,,,
08/04/25 02:15:00,37.63,0.00,,,,
08/04/25 02:20:00,37.32,0.00,,,,
08/04/25 02:25:00,37.40,0.00,,,,
08/04/25 02:30:00,37.17,0.00,,,,
08/04/25 02:35:00,37.63,0.00,,,,
08/04/25 02:40:00,37.09,0.00,,,,
08/04/25 02:45:00,37.01,0.00,,,,
08/04/25 02:50:00,37.48,0.00,,,,
08/04/25 02:55:00,37.79,0.00,,,,
08/04/25 03:00:00,37.94,0.00,,,,
08/04/25 03:05:00,37.63,0.00,,,,
08/04/25 03:10:00,37.71,0.00,,,,
08/04/25 03:15:00,37.86,0.00,,,,
08/04/25 03:20:00,37.94,0.00,,,,
08/04/25 03:25:00,38.10,0.00,,,,
08/04/25 03:30:00,38.02,0.00,,,,
08/04/25 03:35:00,38.56,0.00,,,,
08/04/25 03:40:00,38.10,0.00,,,,
08/04/25 03:45:00,38.40,0.00,,,,
08/04/25 03:50:00,39.02,0.00,,,,
08/04/25 03:55:00,38.87,0.00,,,,
08/04/25 04:00:00,38.48,0.00,,,,
08/04/25 04:05:00,39.10,0.00,,,,
08/04/25 04:10:00,38.33,0.00,,,,
08/04/25 04:15:00,39.02,0.00,,,,
08/04/25 04:20:00,38.87,0.00,,,,
08/04/25 04:25:00,38.64,0.00,,,,
08/04/25 04:30:00,39.41,0.00,,,,
08/04/25 04:35:00,39.18,0.00,,,,
08/04/25 04:40:00,38.87,0.00,,,,
08/04/25 04:45:00,38.33,0.00,,,,
08/04/25 04:50:00,38.71,0.04,,,,
08/04/25 04:55:00,39.18,0.10,,,,
08/04/25 05:00:00,39.49,0.18,,,,
08/04/25 05:05:00,39.18,0.32,,,,
08/04/25 05:10:00,39.87,0.52,,,,
08/04/25 05:15:00,40.03,0.82,,,,
08/04/25 05:20:00,39.72,1.29,,,,
08/04/25 05:25:00,39.72,2.08,,,,
08/04/25 05:30:00,40.64,3.43,,,,
08/04/25 05:35:00,40.88,5.00,,,,
08/04/25 05:40:00,39.72,7.75,,,,
08/04/25 05:45:00,39.95,11.62,,,,
08/04/25 05:50:00,40.03,16.07,,,,
08/04/25 05:55:00,40.41,21.55,,,,
08/04/25 06:00:00,40.33,26.07,,,,
08/04/25 06:05:00,40.18,33.59,,,,
08/04/25 06:10:00,40.33,44.00,,,,
08/04/25 06:15:00,40.10,56.37,,,,
08/04/25 06:20:00,39.95,67.60,,,,
08/04/25 06:25:00,39.72,78.07,,,,
08/04/25 06:30:00,40.26,91.77,,,,
08/04/25 06:35:00,40.26,102.12,,,,
08/04/25 06:40:00,40.33,115.94,,,,
08/04/25 06:45:00,40.10,132.65,,,,
08/04/25 06:50:00,41.34,151.14,,,,
08/04/25 06:55:00,40.80,173.08,,,,
08/04/25 07:00:00,40.64,200.85,,,,
08/04/25 07:05:00,41.42,233.31,,,,
08/04/25 07:10:00,41.42,274.93,,,,
08/04/25 07:15:00,41.34,327.61,,,,
08/04/25 07:20:00,41.80,378.63,,,,
08/04/25 07:25:00,40.88,454.14,,,,
08/04/25 07:30:00,41.18,529.41,,,,
08/04/25 07:35:00,41.49,578.64,,,,
08/04/25 07:40:00,41.49,602.43,,,,
08/04/25 07:45:00,41.96,625.26,,,,
08/04/25 07:50:00,41.57,648.80,,,,
08/04/25 07:55:00,40.72,661.64,,,,
08/04/25 08:00:00,41.18,665.45,,,,
08/04/25 08:05:00,40.41,682.10,,,,
08/04/25 08:10:00,40.80,680.91,,,,
08/04/25 08:15:00,40.57,709.69,,,,
08/04/25 08:20:00,40.72,752.73,,,,
08/04/25 08:25:00,40.80,791.98,,,,
08/04/25 08:30:00,41.03,836.93,,,,
08/04/25 08:35:00,41.34,900.43,,,,
08/04/25 08:40:00,41.11,944.90,,,,
08/04/25 08:45:00,41.11,935.15,,,,
08/04/25 08:50:00,41.18,901.85,,,,
08/04/25 08:55:00,41.49,872.13,,,,
08/04/25 09:00:00,41.03,885.68,,,,
08/04/25 09:05:00,41.26,960.84,,,,
08/04/25 09:10:00,41.96,1067.38,,,,
08/04/25 09:15:00,41.96,1163.94,,,,
08/04/25 09:20:00,42.27,1230.06,,,,
08/04/25 09:25:00,42.57,1332.80,,,,
08/04/25 09:30:00,42.81,1452.67,,,,
08/04/25 09:35:00,43.11,1539.72,,,,
08/04/25 09:40:00,43.35,1590.14,,,,
08/04/25 09:45:00,43.66,1684.79,,,,
08/04/25 09:50:00,43.96,1881.24,,,,
08/04/25 09:55:00,44.12,2013.00,,,,
08/04/25 10:00:00,44.50,2073.88,,,,
08/04/25 10:05:00,44.58,2104.33,,,,
08/04/25 10:10:00,44.66,2143.33,,,,
08/04/25 10:15:00,44.20,2249.88,,,,
08/04/25 10:20:00,44.43,2455.36,,,,
08/04/25 10:25:00,44.66,2450.61,,,,
08/04/25 10:30:00,44.58,2362.13,,,,
08/04/25 10:35:00,44.50,2221.34,,,,
08/04/25 10:40:00,44.50,2122.40,,,,
08/04/25 10:45:00,44.20,2042.49,,,,
08/04/25 10:50:00,43.50,1859.36,,,,
08/04/25 10:55:00,42.96,1754.24,,,,
08/04/25 11:00:00,43.04,1717.61,,,,
08/04/25 11:05:00,43.19,1710.00,,,,
08/04/25 11:10:00,43.11,1754.71,,,,
08/04/25 11:15:00,43.11,1771.36,,,,
08/04/25 11:20:00,43.73,1802.76,,,,
08/04/25 11:25:00,43.81,1738.07,,,,
08/04/25 11:30:00,44.43,1778.02,,,,
08/04/25 11:35:00,44.74,1889.80,,,,
08/04/25 11:40:00,44.89,2019.66,,,,
08/04/25 11:45:00,45.12,2149.04,,,,
08/04/25 11:50:00,44.74,2122.40,,,,
08/04/25 11:55:00,44.43,2007.29,,,,
08/04/25 12:00:00,44.27,1882.67,,,,
08/04/25 12:05:00,44.04,1850.32,,,,
08/04/25 12:10:00,43.89,1774.69,,,,
08/04/25 12:15:00,43.50,1676.23,,,,
08/04/25 12:20:00,43.42,1651.50,,,,
08/04/25 12:25:00,42.96,1672.43,,,,
08/04/25 12:30:00,42.27,1703.34,,,,
08/04/25 12:35:00,42.57,1733.31,,,,
08/04/25 12:40:00,42.88,1838.91,,,,
08/04/25 12:45:00,43.04,1893.61,,,,
08/04/25 12:50:00,42.57,1778.50,,,,
08/04/25 12:55:00,41.88,1707.15,,,,
08/04/25 13:00:00,41.80,1612.02,,,,
08/04/25 13:05:00,41.42,1609.64,,,,
08/04/25 13:10:00,41.42,1594.89,,,,
08/04/25 13:15:00,41.26,1580.62,,,,
08/04/25 13:20:00,41.65,1671.00,,,,
08/04/25 13:25:00,41.88,1847.94,,,,
08/04/25 13:30:00,41.49,1952.11,,,,
08/04/25 13:35:00,41.49,1860.31,,,,
08/04/25 13:40:00,41.18,1785.16,,,,
08/04/25 13:45:00,41.49,1821.78,,,,
08/04/25 13:50:00,42.57,2109.08,,,,
08/04/25 13:55:00,43.58,2390.67,,,,
08/04/25 14:00:00,43.96,2376.40,,,,
08/04/25 14:05:00,43.42,2443.00,,,,
08/04/25 14:10:00,43.19,2446.80,,,,
08/04/25 14:15:00,44.27,2482.95,,,,
08/04/25 14:20:00,44.04,2362.13,,,,
08/04/25 14:25:00,44.12,2197.56,,,,
08/04/25 14:30:00,44.97,2143.33,,,,
08/04/25 14:35:00,45.43,2131.91,,,,
08/04/25 14:40:00,44.43,2270.81,,,,
08/04/25 14:45:00,44.50,2507.69,,,,
08/04/25 14:50:00,46.05,2764.54,,,,
08/04/25 14:55:00,45.97,2991.91,,,,
08/04/25 15:00:00,47.05,3292.53,,,,
08/04/25 15:05:00,47.59,3608.37,,,,
08/04/25 15:10:00,48.75,3658.79,,,,
08/04/25 15:15:00,48.83,3421.91,,,,
08/04/25 15:20:00,48.29,3257.33,,,,
08/04/25 15:25:00,47.67,2966.22,,,,
08/04/25 15:30:00,47.90,2908.19,,,,
08/04/25 15:35:00,48.52,2970.03,,,,
08/04/25 15:40:00,48.13,2860.63,,,,
08/04/25 15:45:00,47.52,2667.51,,,,
08/04/25 15:50:00,48.21,2853.97,,,,
08/04/25 15:55:00,49.14,3264.94,,,,
08/04/25 16:00:00,49.37,3488.50,,,,
08/04/25 16:05:00,51.38,3889.96,,,,
08/04/25 16:10:00,51.22,3886.15,,,,
08/04/25 16:15:00,48.52,2149.04,,,,
08/04/25 16:20:00,50.06,3359.12,,,,
08/04/25 16:25:00,52.23,4457.90,,,,
08/04/25 16:30:00,52.61,4385.60,,,,
08/04/25 16:35:00,50.53,3512.28,,,,
08/04/25 16:40:00,51.38,3947.99,,,,
08/04/25 16:45:00,55.24,5513.87,,,,
08/04/25 16:50:00,52.92,9414.29,,,,
08/04/25 16:55:00,51.45,3384.81,,,,
08/04/25 17:00:00,57.71,9399.07,,,,
08/04/25 17:05:00,54.23,3044.23,,,,
08/04/25 17:10:00,50.45,2896.78,,,,
08/04/25 17:15:00,50.68,2637.07,,,,
08/04/25 17:20:00,49.68,2285.08,,,,
08/04/25 17:25:00,50.22,2262.25,,,,
08/04/25 17:30:00,50.45,2159.50,,,,
08/04/25 17:35:00,58.40,6468.99,,,,
08/04/25 17:40:00,58.17,2038.68,,,,
08/04/25 17:45:00,56.40,2779.77,,,,
08/04/25 17:50:00,62.11,7348.02,,,,
08/04/25 17:55:00,56.32,10.82,,,,
08/04/25 18:00:00,54.47,13.08,,,,
08/04/25 18:05:00,54.08,11.93,,,,
08/04/25 18:10:00,54.00,12.92,,,,
08/04/25 18:15:00,54.00,13.00,,,,
08/04/25 18:20:00,54.23,11.29,,,,
08/04/25 18:25:00,54.39,3.48,,,,
08/04/25 18:30:00,54.16,3.56,,,,
08/04/25 18:35:00,54.00,3.08,,,,
08/04/25 18:40:00,53.77,3.32,,,,
08/04/25 18:45:00,53.54,3.44,,,,
08/04/25 18:50:00,53.15,3.68,,,,
08/04/25 18:55:00,52.84,3.68,,,,
08/04/25 19:00:00,52.54,3.64,,,,
08/04/25 19:05:00,52.30,3.69,,,,
08/04/25 19:10:00,52.00,3.65,,,,
08/04/25 19:15:00,51.76,3.68,,,,
08/04/25 19:20:00,51.69,4.05,,,,
08/04/25 19:25:00,51.69,4.46,,,,
08/04/25 19:30:00,51.69,5.11,,,,
08/04/25 19:35:00,52.15,4.42,,,,
08/04/25 19:40:00,51.92,4.50,,,,
08/04/25 19:45:00,51.84,3.53,,,,
08/04/25 19:50:00,52.07,3.28,,,,
08/04/25 19:55:00,51.84,3.12,,,,
08/04/25 20:00:00,51.61,2.96,,,,
08/04/25 20:05:00,51.45,2.45,,,,
08/04/25 20:10:00,51.22,2.19,,,,
08/04/25 20:15:00,51.07,1.99,,,,
08/04/25 20:20:00,50.76,1.66,,,,
08/04/25 20:25:00,50.61,1.40,,,,
08/04/25 20:30:00,50.45,1.25,,,,
08/04/25 20:35:00,50.14,1.21,,,,
08/04/25 20:40:00,50.45,1.17,,,,
08/04/25 20:45:00,51.15,1.21,,,,
08/04/25 20:50:00,51.15,1.15,,,,
08/04/25 20:55:00,50.68,1.03,,,,
08/04/25 21:00:00,50.22,0.93,,,,
08/04/25 21:05:00,50.14,0.93,,,,
08/04/25 21:10:00,50.91,0.06,,,,
08/04/25 21:15:00,50.99,0.12,,,,
08/04/25 21:20:00,51.22,0.06,,,,
08/04/25 21:25:00,51.15,0.04,,,,
08/04/25 21:30:00,51.07,0.02,,,,
08/04/25 21:35:00,51.30,0.00,,,,
08/04/25 21:40:00,51.30,0.00,,,,
08/04/25 21:45:00,51.53,0.00,,,,
08/04/25 21:50:00,51.92,0.00,,,,
08/04/25 21:55:00,52.07,0.00,,,,
08/04/25 22:00:00,52.15,0.00,,,,
08/04/25 22:05:00,52.54,0.00,,,,
08/04/25 22:10:00,52.69,0.00,,,,
08/04/25 22:15:00,52.77,0.00,,,,
08/04/25 22:20:00,53.15,0.00,,,,
08/04/25 22:25:00,53.23,0.04,,,,
08/04/25 22:30:00,53.23,0.00,,,,
08/04/25 22:35:00,53.31,0.00,,,,
08/04/25 22:40:00,53.54,0.00,,,,
08/04/25 22:45:00,53.54,0.00,,,,
08/04/25 22:50:00,53.54,0.00,,,,
08/04/25 22:55:00,53.54,0.00,,,,
08/04/25 23:00:00,53.46,0.00,,,,
08/04/25 23:05:00,53.39,0.00,,,,
08/04/25 23:10:00,53.31,0.00,,,,
08/04/25 23:15:00,53.31,0.00,,,,
08/04/25 23:20:00,53.15,0.00,,,,
08/04/25 23:25:00,53.08,0.00,,,,
08/04/25 23:30:00,53.00,0.00,,,,
08/04/25 23:35:00,52.84,0.00,,,,
08/04/25 23:40:00,52.69,0.00,,,,
08/04/25 23:45:00,53.31,0.00,,,,
08/04/25 23:50:00,54.08,0.00,,,,
08/04/25 23:55:00,54.70,0.00,,,,
08/05/25 00:00:00,55.32,0.00,,,,
08/05/25 00:05:00,55.32,0.00,,,,
08/05/25 00:10:00,54.93,0.00,,,,
08/05/25 00:15:00,54.31,0.00,,,,
08/05/25 00:20:00,53.85,0.00,,,,
08/05/25 00:25:00,53.54,0.00,,,,
08/05/25 00:30:00,53.00,0.00,,,,
08/05/25 00:35:00,52.69,0.00,,,,
08/05/25 00:40:00,52.38,0.00,,,,
08/05/25 00:45:00,52.15,0.00,,,,
08/05/25 00:50:00,51.84,0.00,,,,
08/05/25 00:55:00,51.45,0.00,,,,
08/05/25 01:00:00,51.30,0.00,,,,
08/05/25 01:05:00,50.99,0.00,,,,
08/05/25 01:10:00,50.68,0.00,,,,
08/05/25 01:15:00,50.30,0.00,,,,
08/05/25 01:20:00,50.06,0.00,,,,
08/05/25 01:25:00,49.91,0.00,,,,
08/05/25 01:30:00,49.76,0.00,,,,
08/05/25 01:35:00,49.52,0.00,,,,
08/05/25 01:40:00,49.29,0.00,,,,
08/05/25 01:45:00,49.06,0.00,,,,
08/05/25 01:50:00,48.91,0.00,,,,
08/05/25 01:55:00,48.67,0.00,,,,
08/05/25 02:00:00,48.44,0.00,,,,
08/05/25 02:05:00,48.37,0.00,,,,
08/05/25 02:10:00,48.06,0.00,,,,
08/05/25 02:15:00,47.98,0.00,,,,
08/05/25 02:20:00,47.75,0.00,,,,
08/05/25 02:25:00,47.75,0.00,,,,
08/05/25 02:30:00,47.52,0.00,,,,
08/05/25 02:35:00,47.44,0.00,,,,
08/05/25 02:40:00,47.28,0.00,,,,
08/05/25 02:45:00,47.13,0.00,,,,
08/05/25 02:50:00,47.05,0.00,,,,
08/05/25 02:55:00,46.98,0.00,,,,
08/05/25 03:00:00,46.74,0.00,,,,
08/05/25 03:05:00,46.59,0.00,,,,
08/05/25 03:10:00,46.44,0.00,,,,
08/05/25 03:15:00,46.44,0.00,,,,
08/05/25 03:20:00,46.28,0.00,,,,
08/05/25 03:25:00,46.13,0.00,,,,
08/05/25 03:30:00,45.97,0.00,,,,
08/05/25 03:35:00,45.82,0.00,,,,
08/05/25 03:40:00,45.74,0.00,,,,
08/05/25 03:45:00,45.66,0.00,,,,
08/05/25 03:50:00,45.43,0.00,,,,
08/05/25 03:55:00,45.05,0.00,,,,
08/05/25 04:00:00,44.89,0.00,,,,
08/05/25 04:05:00,44.89,0.00,,,,
08/05/25 04:10:00,44.89,0.00,,,,
08/05/25 04:15:00,44.81,0.00,,,,
08/05/25 04:20:00,44.89,0.00,,,,
08/05/25 04:25:00,44.81,0.00,,,,
08/05/25 04:30:00,44.81,0.00,,,,
08/05/25 04:35:00,44.58,0.00,,,,
08/05/25 04:40:00,44.58,0.00,,,,
08/05/25 04:45:00,44.58,0.00,,,,
08/05/25 04:50:00,44.43,0.00,,,,
08/05/25 04:55:00,44.35,0.00,,,,
08/05/25 05:00:00,44.20,0.00,,,,
08/05/25 05:05:00,44.12,0.00,,,,
08/05/25 05:10:00,44.12,0.00,,,,
08/05/25 05:15:00,43.89,0.00,,,,
08/05/25 05:20:00,43.89,0.00,,,,
08/05/25 05:25:00,43.66,0.00,,,,
08/05/25 05:30:00,43.58,0.00,,,,
08/05/25 05:35:00,43.58,0.00,,,,
08/05/25 05:40:00,43.35,0.00,,,,
08/05/25 05:45:00,43.19,0.00,,,,
08/05/25 05:50:00,43.19,0.00,,,,
08/05/25 05:55:00,43.27,0.00,,,,
08/05/25 06:00:00,43.19,0.00,,,,
08/05/25 06:05:00,43.11,0.00,,,,
08/05/25 06:10:00,43.11,0.00,,,,
08/05/25 06:15:00,43.04,0.00,,,,
08/05/25 06:20:00,42.88,0.00,,,,
08/05/25 06:25:00,42.73,0.00,,,,
08/05/25 06:30:00,42.73,0.02,,,,
08/05/25 06:35:00,42.65,0.00,,,,
08/05/25 06:40:00,42.65,0.00,,,,
08/05/25 06:45:00,42.65,0.04,,,,
08/05/25 06:50:00,42.57,0.00,,,,
08/05/25 06:55:00,42.65,0.00,,,,
08/05/25 07:00:00,42.65,0.00,,,,
08/05/25 07:05:00,42.65,0.00,,,,
08/05/25 07:10:00,42.57,0.00,,,,
08/05/25 07:15:00,42.65,0.00,,,,
08/05/25 07:20:00,42.65,0.02,,,,
08/05/25 07:25:00,42.57,0.02,,,,
08/05/25 07:30:00,42.57,0.04,,,,
08/05/25 07:35:00,42.50,0.04,,,,
08/05/25 07:40:00,42.50,0.04,,,,
08/05/25 07:45:00,42.50,0.04,,,,
08/05/25 07:50:00,42.57,0.08,,,,
08/05/25 07:55:00,42.50,0.08,,,,
08/05/25 08:00:00,42.65,0.08,,,,
08/05/25 08:05:00,42.73,0.12,,,,
08/05/25 08:10:00,42.73,0.14,,,,
08/05/25 08:15:00,42.96,0.06,,,,
08/05/25 08:20:00,43.19,0.06,,,,
08/05/25 08:25:00,43.58,0.08,,,,
08/05/25 08:30:00,43.96,0.10,,,,
08/05/25 08:35:00,44.58,0.34,,,,
08/05/25 08:40:00,44.74,0.32,,,,
08/05/25 08:45:00,44.74,0.40,,,,
08/05/25 08:50:00,44.89,0.48,,,,
08/05/25 08:55:00,45.20,0.42,,,,
08/05/25 09:00:00,45.43,0.46,,,,
08/05/25 09:05:00,45.59,0.59,,,,
08/05/25 09:10:00,45.74,0.79,,,,
08/05/25 09:15:00,45.82,1.03,,,,
08/05/25 09:20:00,46.05,1.03,,,,
08/05/25 09:25:00,46.13,1.25,,,,
08/05/25 09:30:00,46.20,1.34,,,,
08/05/25 09:35:00,46.20,0.91,,,,
08/05/25 09:40:00,46.74,0.77,,,,
08/05/25 09:45:00,47.90,1.03,,,,
08/05/25 09:50:00,48.67,1.48,,,,
08/05/25 09:55:00,49.37,1.15,,,,
08/05/25 10:00:00,50.76,0.99,,,,
08/05/25 10:05:00,52.07,1.07,,,,
08/05/25 10:10:00,52.92,0.71,,,,
08/05/25 10:15:00,53.15,0.99,,,,
08/05/25 10:20:00,53.23,1.11,,,,
08/05/25 10:25:00,53.54,1.46,,,,
08/05/25 10:30:00,53.93,1.98,,,,
08/05/25 10:35:00,54.16,2.07,,,,
08/05/25 10:40:00,54.47,0.87,,,,
08/05/25 10:45:00,54.62,1.15,,,,
08/05/25 10:50:00,54.78,1.15,,,,
08/05/25 10:55:00,54.78,1.92,,,,
08/05/25 11:00:00,54.78,1.78,,,,
08/05/25 11:05:00,54.85,1.97,,,,
08/05/25 11:10:00,54.78,2.19,,,,
08/05/25 11:15:00,54.70,2.61,,,,
08/05/25 11:20:00,54.70,2.31,,,,
08/05/25 11:25:00,54.70,1.82,,,,
08/05/25 11:30:00,54.85,1.25,,,,
08/05/25 11:35:00,54.78,1.38,,,,
08/05/25 11:40:00,54.70,1.56,,,,
08/05/25 11:45:00,54.16,1.56,,,,
08/05/25 11:50:00,53.46,1.29,,,,
08/05/25 11:55:00,53.08,1.34,,,,
08/05/25 12:00:00,52.38,1.48,,,,
08/05/25 12:05:00,51.84,1.36,,,,
08/05/25 12:10:00,51.30,1.58,,,,
08/05/25 12:15:00,50.91,1.56,,,,
08/05/25 12:20:00,50.84,1.58,,,,
08/05/25 12:25:00,50.68,1.82,,,,
08/05/25 12:30:00,50.84,1.78,,,,
08/05/25 12:35:00,50.84,1.44,,,,
08/05/25 12:40:00,50.68,1.52,,,,
08/05/25 12:45:00,50.61,1.98,,,,
08/05/25 12:50:00,50.53,2.57,,,,
08/05/25 12:55:00,50.30,2.49,,,,
08/05/25 13:00:00,50.14,1.78,,,,
08/05/25 13:05:00,50.14,1.78,,,,
08/05/25 13:10:00,50.37,1.80,,,,
08/05/25 13:15:00,50.37,1.96,,,,
08/05/25 13:20:00,50.37,2.33,,,,
08/05/25 13:25:00,50.53,2.07,,,,
08/05/25 13:30:00,50.61,2.39,,,,
08/05/25 13:35:00,50.84,2.25,,,,
08/05/25 13:40:00,50.91,2.03,,,,
08/05/25 13:45:00,50.91,2.21,,,,
08/05/25 13:50:00,51.07,3.32,,,,
08/05/25 13:55:00,51.22,3.69,,,,
08/05/25 14:00:00,51.22,2.67,,,,
08/05/25 14:05:00,51.38,3.08,,,,
08/05/25 14:10:00,51.45,3.24,,,,
08/05/25 14:15:00,51.61,2.43,,,,
08/05/25 14:20:00,51.61,2.84,,,,
08/05/25 14:25:00,51.76,3.12,,,,
08/05/25 14:30:00,51.92,4.42,,,,
08/05/25 14:35:00,52.15,6.00,,,,
08/05/25 14:40:00,52.38,5.47,,,,
08/05/25 14:45:00,52.61,4.62,,,,
08/05/25 14:50:00,52.84,3.28,,,,
08/05/25 14:55:00,53.00,2.35,,,,
08/05/25 15:00:00,53.08,3.08,,,,
08/05/25 15:05:00,53.54,3.57,,,,
08/05/25 15:10:00,53.69,2.76,,,,
08/05/25 15:15:00,53.85,3.32,,,,
08/05/25 15:20:00,53.54,3.64,,,,
08/05/25 15:25:00,53.54,4.05,,,,
08/05/25 15:30:00,53.54,4.13,,,,
08/05/25 15:35:00,53.77,4.33,,,,
08/05/25 15:40:00,53.85,4.01,,,,
08/05/25 15:45:00,53.77,4.38,,,,
08/05/25 15:50:00,54.23,4.25,,,,
08/05/25 15:55:00,54.54,3.89,,,,
08/05/25 16:00:00,54.85,4.01,,,,
08/05/25 16:05:00,55.08,4.18,,,,
08/05/25 16:10:00,55.32,3.89,,,,
08/05/25 16:15:00,55.39,4.38,,,,
08/05/25 16:20:00,55.47,4.94,,,,
08/05/25 16:25:00,55.55,5.72,,,,
08/05/25 16:30:00,55.62,5.51,,,,
08/05/25 16:35:00,56.09,5.59,,,,
08/05/25 16:40:00,56.47,6.04,,,,
08/05/25 16:45:00,57.01,5.07,,,,
08/05/25 16:50:00,57.40,4.66,,,,
08/05/25 16:55:00,57.94,4.46,,,,
08/05/25 17:00:00,58.56,4.50,,,,
08/05/25 17:05:00,58.71,4.78,,,,
08/05/25 17:10:00,58.87,5.19,,,,
08/05/25 17:15:00,59.95,6.45,,,,
08/05/25 17:20:00,60.49,6.00,,,,
08/05/25 17:25:00,60.80,6.45,,,,
08/05/25 17:30:00,61.26,6.90,,,,
08/05/25 17:35:00,61.88,7.55,,,,
08/05/25 17:40:00,62.50,4.87,,,,
08/05/25 17:45:00,62.96,7.23,,,,
08/05/25 17:50:00,63.66,6.65,,,,
08/05/25 17:55:00,64.04,4.95,,,,
08/05/25 18:00:00,64.50,8.04,,,,
08/05/25 18:05:00,65.12,8.04,,,,
08/05/25 18:10:00,65.66,3.69,,,,
08/05/25 18:15:00,66.28,3.57,,,,
08/05/25 18:20:00,66.59,3.65,,,,
08/05/25 18:25:00,66.98,3.41,,,,
08/05/25 18:30:00,67.21,3.28,,,,
08/05/25 18:35:00,67.28,3.08,,,,
08/05/25 18:40:00,67.59,2.75,,,,
08/05/25 18:45:00,67.44,2.71,,,,
08/05/25 18:50:00,67.44,2.63,,,,
08/05/25 18:55:00,67.36,2.55,,,,
08/05/25 19:00:00,67.28,1.78,,,,
08/05/25 19:05:00,67.21,1.50,,,,
08/05/25 19:10:00,67.13,2.63,,,,
08/05/25 19:15:00,67.13,2.88,,,,
08/05/25 19:20:00,66.90,2.92,,,,
08/05/25 19:25:00,66.82,2.88,,,,
08/05/25 19:30:00,66.90,2.67,,,,
08/05/25 19:35:00,67.13,2.47,,,,
08/05/25 19:40:00,67.44,2.27,,,,
08/05/25 19:45:00,68.06,2.02,,,,
08/05/25 19:50:00,68.60,1.86,,,,
08/05/25 19:55:00,69.06,1.66,,,,
08/05/25 20:00:00,69.45,1.82,,,,
08/05/25 20:05:00,69.68,1.28,,,,
08/05/25 20:10:00,69.68,1.23,,,,
08/05/25 20:15:00,69.68,1.34,,,,
08/05/25 20:20:00,69.45,1.11,,,,
08/05/25 20:25:00,69.37,1.27,,,,
08/05/25 20:30:00,69.14,1.07,,,,
08/05/25 20:35:00,68.67,0.99,,,,
08/05/25 20:40:00,68.29,0.63,,,,
08/05/25 20:45:00,67.83,0.73,,,,
08/05/25 20:50:00,67.44,0.32,,,,
08/05/25 20:55:00,67.13,0.48,,,,
08/05/25 21:00:00,66.59,0.61,,,,
08/05/25 21:05:00,66.28,0.44,,,,
08/05/25 21:10:00,65.82,0.58,,,,
08/05/25 21:15:00,65.28,0.54,,,,
08/05/25 21:20:00,65.05,0.53,,,,
08/05/25 21:25:00,64.81,0.52,,,,
08/05/25 21:30:00,64.74,0.40,,,,
08/05/25 21:35:00,64.50,0.30,,,,
08/05/25 21:40:00,64.50,0.14,,,,
08/05/25 21:45:00,64.35,0.18,,,,
08/05/25 21:50:00,64.27,0.12,,,,
08/05/25 21:55:00,64.12,0.10,,,,
08/05/25 22:00:00,63.96,0.02,,,,
08/05/25 22:05:00,63.11,0.04,,,,
08/05/25 22:10:00,62.88,0.00,,,,
08/05/25 22:15:00,62.81,0.00,,,,
08/05/25 22:20:00,62.65,0.00,,,,
08/05/25 22:25:00,61.42,0.02,,,,
08/05/25 22:30:00,60.41,0.00,,,,
08/05/25 22:35:00,59.64,0.00,,,,
08/05/25 22:40:00,59.10,0.00,,,,
08/05/25 22:45:00,58.71,0.00,,,,
08/05/25 22:50:00,58.56,0.00,,,,
08/05/25 22:55:00,57.86,0.00,,,,
08/05/25 23:00:00,57.40,0.00,,,,
08/05/25 23:05:00,56.86,0.00,,,,
08/05/25 23:10:00,56.32,0.00,,,,
08/05/25 23:15:00,55.70,0.00,,,,
08/05/25 23:20:00,55.32,0.00,,,,
08/05/25 23:25:00,54.93,0.00,,,,
08/05/25 23:30:00,54.54,0.00,,,,
08/05/25 23:35:00,54.78,0.00,,,,
08/05/25 23:40:00,54.62,0.00,,,,
08/05/25 23:45:00,54.39,0.00,,,,
08/05/25 23:50:00,54.00,0.00,,,,
08/05/25 23:55:00,53.77,0.00,,,,
08/06/25 00:00:00,53.54,0.00,,,,
08/06/25 00:05:00,53.15,0.00,,,,
08/06/25 00:10:00,52.92,0.00,,,,
08/06/25 00:15:00,52.61,0.00,,,,
08/06/25 00:20:00,52.46,0.00,,,,
08/06/25 00:25:00,52.30,0.00,,,,
08/06/25 00:30:00,52.15,0.00,,,,
08/06/25 00:35:00,52.07,0.00,,,,
08/06/25 00:40:00,51.92,0.00,,,,
08/06/25 00:45:00,51.92,0.00,,,,
08/06/25 00:50:00,51.69,0.00,,,,
08/06/25 00:55:00,51.69,0.00,,,,
08/06/25 01:00:00,51.61,0.00,,,,
08/06/25 01:05:00,51.45,0.00,,,,
08/06/25 01:10:00,51.30,0.00,,,,
08/06/25 01:15:00,51.07,0.00,,,,
08/06/25 01:20:00,50.99,0.00,,,,
08/06/25 01:25:00,50.91,0.00,,,,
08/06/25 01:30:00,50.76,0.00,,,,
08/06/25 01:35:00,50.68,0.00,,,,
08/06/25 01:40:00,50.76,0.00,,,,
08/06/25 01:45:00,50.68,0.00,,,,
08/06/25 01:50:00,50.61,0.00,,,,
08/06/25 01:55:00,50.53,0.00,,,,
08/06/25 02:00:00,50.45,0.00,,,,
08/06/25 02:05:00,50.37,0.00,,,,
08/06/25 02:10:00,50.37,0.00,,,,
08/06/25 02:15:00,50.22,0.00,,,,
08/06/25 02:20:00,50.22,0.00,,,,
08/06/25 02:25:00,50.14,0.00,,,,
08/06/25 02:30:00,50.06,0.00,,,,
08/06/25 02:35:00,50.06,0.00,,,,
08/06/25 02:40:00,49.99,0.00,,,,
08/06/25 02:45:00,49.99,0.00,,,,
08/06/25 02:50:00,49.99,0.00,,,,
08/06/25 02:55:00,49.99,0.00,,,,
08/06/25 03:00:00,49.91,0.00,,,,
08/06/25 03:05:00,49.76,0.00,,,,
08/06/25 03:10:00,49.76,0.00,,,,
08/06/25 03:15:00,49.68,0.00,,,,
08/06/25 03:20:00,49.68,0.00,,,,
08/06/25 03:25:00,49.52,0.00,,,,
08/06/25 03:30:00,49.45,0.00,,,,
08/06/25 03:35:00,49.52,0.00,,,,
08/06/25 03:40:00,49.29,0.00,,,,
08/06/25 03:45:00,49.29,0.00,,,,
08/06/25 03:50:00,49.29,0.00,,,,
08/06/25 03:55:00,49.14,0.00,,,,
08/06/25 04:00:00,49.06,0.00,,,,
08/06/25 04:05:00,49.06,0.00,,,,
08/06/25 04:10:00,49.06,0.00,,,,
08/06/25 04:15:00,48.98,0.00,,,,
08/06/25 04:20:00,48.91,0.00,,,,
08/06/25 04:25:00,48.91,0.00,,,,
08/06/25 04:30:00,48.83,0.00,,,,
08/06/25 04:35:00,48.83,0.00,,,,
08/06/25 04:40:00,48.75,0.00,,,,
08/06/25 04:45:00,48.67,0.00,,,,
08/06/25 04:50:00,48.75,0.00,,,,
08/06/25 04:55:00,48.60,0.00,,,,
08/06/25 05:00:00,48.60,0.00,,,,
08/06/25 05:05:00,48.60,0.00,,,,
08/06/25 05:10:00,48.60,0.00,,,,
08/06/25 05:15:00,48.52,0.00,,,,
08/06/25 05:20:00,48.52,0.00,,,,
08/06/25 05:25:00,48.52,0.00,,,,
08/06/25 05:30:00,48.52,0.00,,,,
08/06/25 05:35:00,48.44,0.00,,,,
08/06/25 05:40:00,48.44,0.00,,,,
08/06/25 05:45:00,48.44,0.00,,,,
08/06/25 05:50:00,48.37,0.02,,,,
08/06/25 05:55:00,48.37,0.04,,,,
08/06/25 06:00:00,48.37,0.06,,,,
08/06/25 06:05:00,48.13,0.10,,,,
08/06/25 06:10:00,48.13,0.24,,,,
08/06/25 06:15:00,47.98,0.26,,,,
08/06/25 06:20:00,48.21,0.36,,,,
08/06/25 06:25:00,48.29,0.44,,,,
08/06/25 06:30:00,48.29,0.55,,,,
08/06/25 06:35:00,48.37,0.61,,,,
08/06/25 06:40:00,48.52,0.69,,,,
08/06/25 06:45:00,48.60,0.83,,,,
08/06/25 06:50:00,48.67,0.87,,,,
08/06/25 06:55:00,48.83,0.99,,,,
08/06/25 07:00:00,49.14,1.10,,,,
08/06/25 07:05:00,49.37,1.22,,,,
08/06/25 07:10:00,49.52,1.32,,,,
08/06/25 07:15:00,49.83,1.42,,,,
08/06/25 07:20:00,50.14,1.56,,,,
08/06/25 07:25:00,50.61,1.67,,,,
08/06/25 07:30:00,50.99,1.83,,,,
08/06/25 07:35:00,51.38,1.91,,,,
08/06/25 07:40:00,51.76,2.09,,,,
08/06/25 07:45:00,52.07,1.67,,,,
08/06/25 07:50:00,52.38,3.25,,,,
08/06/25 07:55:00,52.61,3.49,,,,
08/06/25 08:00:00,53.00,3.65,,,,
08/06/25 08:05:00,53.39,3.89,,,,
08/06/25 08:10:00,53.77,4.06,,,,
08/06/25 08:15:00,54.16,4.34,,,,
08/06/25 08:20:00,54.54,4.58,,,,
08/06/25 08:25:00,55.01,4.75,,,,
08/06/25 08:30:00,55.47,4.95,,,,
08/06/25 08:35:00,56.01,5.15,,,,
08/06/25 08:40:00,57.01,3.33,,,,
08/06/25 08:45:00,57.79,5.59,,,,
08/06/25 08:50:00,58.71,5.76,,,,
08/06/25 08:55:00,59.72,6.04,,,,
08/06/25 09:00:00,60.64,6.09,,,,
08/06/25 09:05:00,61.34,6.29,,,,
08/06/25 09:10:00,62.11,5.51,,,,
08/06/25 09:15:00,62.81,6.65,,,,
08/06/25 09:20:00,63.35,6.90,,,,
08/06/25 09:25:00,64.04,7.07,,,,
08/06/25 09:30:00,64.58,7.07,,,,
08/06/25 09:35:00,65.35,7.15,,,,
08/06/25 09:40:00,66.20,7.07,,,,
08/06/25 09:45:00,66.90,7.15,,,,
08/06/25 09:50:00,67.28,7.15,,,,
08/06/25 09:55:00,67.59,7.07,,,,
08/06/25 10:00:00,67.90,7.07,,,,
08/06/25 10:05:00,68.06,9.90,,,,
08/06/25 10:10:00,68.29,9.24,,,,
08/06/25 10:15:00,68.44,9.65,,,,
08/06/25 10:20:00,68.60,8.19,,,,
08/06/25 10:25:00,68.67,8.28,,,,
08/06/25 10:30:00,68.44,9.40,,,,
08/06/25 10:35:00,68.37,9.49,,,,
08/06/25 10:40:00,68.29,8.92,,,,
08/06/25 10:45:00,68.21,9.57,,,,
08/06/25 10:50:00,68.06,9.57,,,,
08/06/25 10:55:00,68.06,9.41,,,,
08/06/25 11:00:00,67.98,9.49,,,,
08/06/25 11:05:00,67.98,9.49,,,,
08/06/25 11:10:00,67.98,9.49,,,,
08/06/25 11:15:00,68.06,9.41,,,,
08/06/25 11:20:00,68.21,9.65,,,,
08/06/25 11:25:00,68.29,6.32,,,,
08/06/25 11:30:00,68.37,9.49,,,,
08/06/25 11:35:00,68.44,9.49,,,,
08/06/25 11:40:00,68.44,7.39,,,,
08/06/25 11:45:00,68.37,9.41,,,,
08/06/25 11:50:00,68.44,9.49,,,,
08/06/25 11:55:00,68.52,8.19,,,,
08/06/25 12:00:00,68.37,9.57,,,,
08/06/25 12:05:00,68.37,9.65,,,,
08/06/25 12:10:00,68.37,9.81,,,,
08/06/25 12:15:00,68.29,9.97,,,,
08/06/25 12:20:00,68.13,10.22,,,,
08/06/25 12:25:00,68.13,10.55,,,,
08/06/25 12:30:00,68.06,10.95,,,,
08/06/25 12:35:00,67.98,11.35,,,,
08/06/25 12:40:00,68.06,11.59,,,,
08/06/25 12:45:00,67.83,10.55,,,,
08/06/25 12:50:00,67.98,11.76,,,,
08/06/25 12:55:00,67.98,12.24,,,,
08/06/25 13:00:00,67.98,9.65,,,,
08/06/25 13:05:00,67.98,12.32,,,,
08/06/25 13:10:00,68.06,12.49,,,,
08/06/25 13:15:00,68.29,12.49,,,,
08/06/25 13:20:00,68.52,12.65,,,,
08/06/25 13:25:00,68.52,12.82,,,,
08/06/25 13:30:00,68.75,13.05,,,,
08/06/25 13:35:00,69.14,13.22,,,,
08/06/25 13:40:00,69.52,13.38,,,,
08/06/25 13:45:00,69.91,13.54,,,,
08/06/25 13:50:00,70.22,13.62,,,,
08/06/25 13:55:00,70.37,13.55,,,,
08/06/25 14:00:00,70.68,13.63,,,,
08/06/25 14:05:00,70.76,13.79,,,,
08/06/25 14:10:00,70.84,13.79,,,,
08/06/25 14:15:00,70.76,13.79,,,,
08/06/25 14:20:00,70.76,13.79,,,,
08/06/25 14:25:00,70.84,13.79,,,,
08/06/25 14:30:00,70.99,13.71,,,,
08/06/25 14:35:00,71.15,13.63,,,,
08/06/25 14:40:00,71.15,13.63,,,,
08/06/25 14:45:00,71.38,13.70,,,,
08/06/25 14:50:00,71.53,13.54,,,,
08/06/25 14:55:00,71.53,13.46,,,,
08/06/25 15:00:00,71.69,13.38,,,,
08/06/25 15:05:00,71.76,13.30,,,,
08/06/25 15:10:00,72.00,13.22,,,,
08/06/25 15:15:00,72.23,13.14,,,,
08/06/25 15:20:00,72.30,12.98,,,,
08/06/25 15:25:00,72.61,12.89,,,,
08/06/25 15:30:00,72.92,12.74,,,,
08/06/25 15:35:00,73.23,12.65,,,,
08/06/25 15:40:00,73.54,12.65,,,,
08/06/25 15:45:00,73.93,12.49,,,,
08/06/25 15:50:00,74.31,12.32,,,,
08/06/25 15:55:00,74.70,12.40,,,,
08/06/25 16:00:00,75.16,12.24,,,,
08/06/25 16:05:00,75.62,12.16,,,,
08/06/25 16:10:00,76.17,11.84,,,,
08/06/25 16:15:00,76.47,11.84,,,,
08/06/25 16:20:00,76.86,11.43,,,,
08/06/25 16:25:00,77.32,11.67,,,,
08/06/25 16:30:00,77.56,11.51,,,,
08/06/25 16:35:00,77.79,11.35,,,,
08/06/25 16:40:00,78.02,11.19,,,,
08/06/25 16:45:00,78.17,9.73,,,,
08/06/25 16:50:00,78.33,10.79,,,,
08/06/25 16:55:00,78.48,10.63,,,,
08/06/25 17:00:00,78.79,10.62,,,,
08/06/25 17:05:00,78.95,10.38,,,,
08/06/25 17:10:00,79.10,10.14,,,,
08/06/25 17:15:00,79.02,8.60,,,,
08/06/25 17:20:00,78.95,9.65,,,,
08/06/25 17:25:00,78.71,5.23,,,,
08/06/25 17:30:00,78.48,8.84,,,,
08/06/25 17:35:00,77.94,9.57,,,,
08/06/25 17:40:00,77.25,6.57,,,,
08/06/25 17:45:00,76.78,7.47,,,,
08/06/25 17:50:00,76.32,7.95,,,,
08/06/25 17:55:00,76.09,7.39,,,,
08/06/25 18:00:00,75.78,7.87,,,,
08/06/25 18:05:00,75.70,7.71,,,,
08/06/25 18:10:00,75.62,6.65,,,,
08/06/25 18:15:00,75.62,7.23,,,,
08/06/25 18:20:00,75.86,4.46,,,,
08/06/25 18:25:00,75.78,1.23,,,,
08/06/25 18:30:00,75.55,1.19,,,,
08/06/25 18:35:00,75.16,1.21,,,,
08/06/25 18:40:00,74.78,1.19,,,,
08/06/25 18:45:00,74.39,1.17,,,,
08/06/25 18:50:00,74.00,1.13,,,,
08/06/25 18:55:00,73.69,1.11,,,,
08/06/25 19:00:00,73.54,1.11,,,,
08/06/25 19:05:00,73.23,1.05,,,,
08/06/25 19:10:00,72.84,1.01,,,,
08/06/25 19:15:00,72.23,0.99,,,,
08/06/25 19:20:00,71.84,0.97,,,,
08/06/25 19:25:00,71.30,0.97,,,,
08/06/25 19:30:00,71.15,0.81,,,,
08/06/25 19:35:00,70.84,0.91,,,,
08/06/25 19:40:00,70.53,0.89,,,,
08/06/25 19:45:00,70.06,0.86,,,,
08/06/25 19:50:00,69.60,0.86,,,,
08/06/25 19:55:00,68.98,0.85,,,,
08/06/25 20:00:00,67.90,0.82,,,,
08/06/25 20:05:00,67.36,0.81,,,,
08/06/25 20:10:00,67.44,0.85,,,,
08/06/25 20:15:00,67.44,0.82,,,,
08/06/25 20:20:00,67.44,0.82,,,,
08/06/25 20:25:00,67.36,0.75,,,,
08/06/25 20:30:00,67.05,0.76,,,,
08/06/25 20:35:00,66.74,0.76,,,,
08/06/25 20:40:00,66.28,0.60,,,,
08/06/25 20:45:00,65.74,0.62,,,,
08/06/25 20:50:00,65.12,0.66,,,,
08/06/25 20:55:00,64.50,0.36,,,,
08/06/25 21:00:00,64.12,0.50,,,,
08/06/25 21:05:00,63.58,0.54,,,,
08/06/25 21:10:00,63.19,0.50,,,,
08/06/25 21:15:00,62.88,0.46,,,,
08/06/25 21:20:00,62.57,0.48,,,,
08/06/25 21:25:00,62.57,0.40,,,,
08/06/25 21:30:00,62.50,0.42,,,,
08/06/25 21:35:00,62.42,0.38,,,,
08/06/25 21:40:00,62.42,0.40,,,,
08/06/25 21:45:00,62.34,0.26,,,,
08/06/25 21:50:00,62.34,0.20,,,,
08/06/25 21:55:00,62.27,0.20,,,,
08/06/25 22:00:00,62.11,0.16,,,,
08/06/25 22:05:00,61.72,0.12,,,,
08/06/25 22:10:00,61.11,0.08,,,,
08/06/25 22:15:00,60.88,0.06,,,,
08/06/25 22:20:00,60.34,0.00,,,,
08/06/25 22:25:00,59.72,0.00,,,,
08/06/25 22:30:00,59.41,0.00,,,,
08/06/25 22:35:00,59.18,0.00,,,,
08/06/25 22:40:00,59.02,0.00,,,,
08/06/25 22:45:00,58.64,0.00,,,,
08/06/25 22:50:00,58.25,0.00,,,,
08/06/25 22:55:00,57.94,0.00,,,,
08/06/25 23:00:00,58.10,0.00,,,,
08/06/25 23:05:00,57.86,0.00,,,,
08/06/25 23:10:00,57.63,0.00,,,,
08/06/25 23:15:00,57.40,0.00,,,,
08/06/25 23:20:00,57.01,0.00,,,,
08/06/25 23:25:00,56.78,0.00,,,,
08/06/25 23:30:00,56.32,0.00,,,,
08/06/25 23:35:00,56.01,0.00,,,,
08/06/25 23:40:00,55.70,0.00,,,,
08/06/25 23:45:00,55.32,0.00,,,,
08/06/25 23:50:00,55.08,0.00,,,,
08/06/25 23:55:00,54.85,0.00,,,,
08/07/25 00:00:00,54.62,0.00,,,,
08/07/25 00:05:00,54.47,0.00,,,,
08/07/25 00:10:00,54.16,0.00,,,,
08/07/25 00:15:00,54.16,0.00,,,,
08/07/25 00:20:00,54.00,0.00,,,,
08/07/25 00:25:00,53.93,0.00,,,,
08/07/25 00:30:00,53.77,0.00,,,,
08/07/25 00:35:00,53.77,0.00,,,,
08/07/25 00:40:00,53.69,0.00,,,,
08/07/25 00:45:00,53.62,0.00,,,,
08/07/25 00:50:00,53.46,0.00,,,,
08/07/25 00:55:00,53.54,0.00,,,,
08/07/25 01:00:00,53.39,0.00,,,,
08/07/25 01:05:00,53.39,0.00,,,,
08/07/25 01:10:00,53.39,0.00,,,,
08/07/25 01:15:00,53.39,0.00,,,,
08/07/25 01:20:00,53.46,0.00,,,,
08/07/25 01:25:00,53.39,0.00,,,,
08/07/25 01:30:00,53.31,0.00,,,,
08/07/25 01:35:00,53.31,0.00,,,,
08/07/25 01:40:00,53.31,0.00,,,,
08/07/25 01:45:00,53.23,0.00,,,,
08/07/25 01:50:00,53.15,0.00,,,,
08/07/25 01:55:00,53.08,0.00,,,,
08/07/25 02:00:00,53.08,0.00,,,,
08/07/25 02:05:00,53.00,0.00,,,,
08/07/25 02:10:00,52.77,0.00,,,,
08/07/25 02:15:00,52.61,0.00,,,,
08/07/25 02:20:00,52.54,0.00,,,,
08/07/25 02:25:00,52.46,0.00,,,,
08/07/25 02:30:00,52.30,0.00,,,,
08/07/25 02:35:00,51.92,0.00,,,,
08/07/25 02:40:00,51.76,0.00,,,,
08/07/25 02:45:00,51.69,0.00,,,,
08/07/25 02:50:00,51.38,0.00,,,,
08/07/25 02:55:00,51.30,0.00,,,,
08/07/25 03:00:00,51.07,0.00,,,,
08/07/25 03:05:00,51.07,0.00,,,,
08/07/25 03:10:00,50.84,0.00,,,,
08/07/25 03:15:00,50.76,0.00,,,,
08/07/25 03:20:00,50.68,0.00,,,,
08/07/25 03:25:00,50.76,0.00,,,,
08/07/25 03:30:00,50.68,0.00,,,,
08/07/25 03:35:00,50.53,0.00,,,,
08/07/25 03:40:00,50.45,0.00,,,,
08/07/25 03:45:00,50.37,0.00,,,,
08/07/25 03:50:00,50.45,0.00,,,,
08/07/25 03:55:00,50.45,0.00,,,,
08/07/25 04:00:00,50.53,0.00,,,,
08/07/25 04:05:00,50.61,0.00,,,,
08/07/25 04:10:00,50.45,0.00,,,,
08/07/25 04:15:00,50.53,0.00,,,,
08/07/25 04:20:00,50.53,0.00,,,,
08/07/25 04:25:00,50.45,0.00,,,,
08/07/25 04:30:00,50.45,0.00,,,,
08/07/25 04:35:00,50.53,0.00,,,,
08/07/25 04:40:00,50.45,0.00,,,,
08/07/25 04:45:00,50.45,0.00,,,,
08/07/25 04:50:00,50.37,0.00,,,,
08/07/25 04:55:00,50.30,0.00,,,,
08/07/25 05:00:00,50.30,0.00,,,,
08/07/25 05:05:00,50.30,0.00,,,,
08/07/25 05:10:00,50.37,0.00,,,,
08/07/25 05:15:00,50.30,0.00,,,,
08/07/25 05:20:00,50.22,0.00,,,,
08/07/25 05:25:00,50.14,0.00,,,,
08/07/25 05:30:00,50.06,0.04,,,,
08/07/25 05:35:00,50.06,0.00,,,,
08/07/25 05:40:00,49.99,0.00,,,,
08/07/25 05:45:00,49.91,0.02,,,,
08/07/25 05:50:00,49.83,0.06,,,,
08/07/25 05:55:00,49.68,0.10,,,,
08/07/25 06:00:00,49.68,0.16,,,,
08/07/25 06:05:00,49.60,0.22,,,,
08/07/25 06:10:00,49.52,0.47,,,,
08/07/25 06:15:00,49.52,0.63,,,,
08/07/25 06:20:00,49.37,0.71,,,,
08/07/25 06:25:00,49.60,0.91,,,,
08/07/25 06:30:00,49.91,1.08,,,,
08/07/25 06:35:00,50.06,1.28,,,,
08/07/25 06:40:00,50.30,1.12,,,,
08/07/25 06:45:00,50.84,2.09,,,,
08/07/25 06:50:00,50.99,2.21,,,,
08/07/25 06:55:00,51.38,2.15,,,,
08/07/25 07:00:00,51.84,2.50,,,,
08/07/25 07:05:00,52.23,2.84,,,,
08/07/25 07:10:00,52.61,3.25,,,,
08/07/25 07:15:00,53.00,3.45,,,,
08/07/25 07:20:00,53.46,2.68,,,,
08/07/25 07:25:00,53.93,4.18,,,,
08/07/25 07:30:00,54.31,4.55,,,,
08/07/25 07:35:00,54.70,4.51,,,,
08/07/25 07:40:00,55.01,5.11,,,,
08/07/25 07:45:00,55.32,5.47,,,,
08/07/25 07:50:00,55.62,5.68,,,,
08/07/25 07:55:00,56.01,6.94,,,,
08/07/25 08:00:00,56.40,4.79,,,,
08/07/25 08:05:00,56.86,5.56,,,,
08/07/25 08:10:00,57.17,7.07,,,,
08/07/25 08:15:00,57.32,7.87,,,,
08/07/25 08:20:00,56.40,1589.66,,,,
08/07/25 08:25:00,55.78,1674.33,,,,
08/07/25 08:30:00,55.93,1741.40,,,,
08/07/25 08:35:00,56.47,1819.40,,,,
08/07/25 08:40:00,56.71,1895.99,,,,
08/07/25 08:45:00,56.63,1971.14,,,,
08/07/25 08:50:00,56.63,2049.15,,,,
08/07/25 08:55:00,56.40,2130.01,,,,
08/07/25 09:00:00,56.78,2227.05,,,,
08/07/25 09:05:00,57.01,2289.83,,,,
08/07/25 09:10:00,58.17,2375.45,,,,
08/07/25 09:15:00,58.71,2457.27,,,,
08/07/25 09:20:00,59.18,2537.18,,,,
08/07/25 09:25:00,59.64,2626.60,,,,
08/07/25 09:30:00,60.10,2701.76,,,,
08/07/25 09:35:00,60.03,2757.88,,,,
08/07/25 09:40:00,60.41,2809.26,,,,
08/07/25 09:45:00,60.80,2824.48,,,,
08/07/25 09:50:00,61.18,2832.09,,,,
08/07/25 09:55:00,62.19,2757.88,,,,
08/07/25 10:00:00,62.73,567.46,,,,
08/07/25 10:05:00,63.58,702.55,,,,
08/07/25 10:10:00,62.34,2892.97,,,,
08/07/25 10:15:00,69.60,995.56,,,,
08/07/25 10:20:00,69.37,315.72,,,,
08/07/25 10:25:00,68.52,641.67,,,,
08/07/25 10:30:00,67.13,11.56,,,,
08/07/25 10:35:00,65.20,10.67,,,,
08/07/25 10:40:00,63.50,9.94,,,,
08/07/25 10:45:00,62.11,8.97,,,,
08/07/25 10:50:00,60.80,8.57,,,,
08/07/25 10:55:00,59.64,7.84,,,,
08/07/25 11:00:00,58.56,6.54,,,,
08/07/25 11:05:00,57.48,4.80,,,,
08/07/25 11:10:00,56.40,4.56,,,,
08/07/25 11:15:00,55.39,4.40,,,,
08/07/25 11:20:00,54.62,4.31,,,,
08/07/25 11:25:00,53.85,4.52,,,,
08/07/25 11:30:00,53.15,4.11,,,,
08/07/25 11:35:00,52.54,4.03,,,,
08/07/25 11:40:00,52.00,4.07,,,,
08/07/25 11:45:00,51.38,4.07,,,,
08/07/25 11:50:00,50.91,3.99,,,,
08/07/25 11:55:00,50.53,3.99,,,,
08/07/25 12:00:00,50.06,3.91,,,,
08/07/25 12:05:00,49.76,4.03,,,,
08/07/25 12:10:00,49.52,3.91,,,,
08/07/25 12:15:00,49.14,3.95,,,,
08/07/25 12:20:00,48.91,3.91,,,,
08/07/25 12:25:00,48.67,3.95,,,,
08/07/25 12:30:00,48.52,3.91,,,,
08/07/25 12:35:00,48.44,3.91,,,,
08/07/25 12:40:00,48.21,3.99,,,,
08/07/25 12:45:00,48.21,3.91,,,,
08/07/25 12:50:00,48.06,3.95,,,,
08/07/25 12:55:00,47.98,3.95,,,,
08/07/25 13:00:00,47.98,3.91,,,,
08/07/25 13:05:00,47.90,3.91,,,,
08/07/25 13:10:00,47.90,3.91,,,,
08/07/25 13:15:00,47.83,3.99,,,,
08/07/25 13:20:00,47.67,4.20,,,,
08/07/25 13:25:00,47.75,4.31,,,,
08/07/25 13:30:00,47.83,4.36,,,,
08/07/25 13:35:00,47.75,4.36,,,,
08/07/25 13:40:00,47.90,3.75,,,,
08/07/25 13:45:00,47.90,3.47,,,,
08/07/25 13:50:00,47.90,3.43,,,,
08/07/25 13:55:00,47.83,3.75,,,,
08/07/25 14:00:00,47.90,3.83,,,,
08/07/25 14:05:00,47.90,5.04,,,,
08/07/25 14:10:00,48.06,5.16,,,,
08/07/25 14:15:00,48.13,5.16,,,,
08/07/25 14:20:00,48.06,5.33,,,,
08/07/25 14:25:00,48.13,5.61,,,,
08/07/25 14:30:00,48.06,5.04,,,,
08/07/25 14:35:00,48.06,5.81,,,,
08/07/25 14:40:00,48.06,6.46,,,,
08/07/25 14:45:00,47.90,6.18,,,,
08/07/25 14:50:00,47.83,7.07,,,,
08/07/25 14:55:00,47.75,5.94,,,,
08/07/25 15:00:00,47.75,6.90,,,,
08/07/25 15:05:00,47.75,7.59,,,,
08/07/25 15:10:00,47.83,8.40,,,,
08/07/25 15:15:00,47.75,8.40,,,,
08/07/25 15:20:00,47.83,8.00,,,,
08/07/25 15:25:00,47.90,8.48,,,,
08/07/25 15:30:00,47.98,9.77,,,,
08/07/25 15:35:00,47.98,8.80,,,,
08/07/25 15:40:00,48.06,7.67,,,,
08/07/25 15:45:00,48.06,8.00,,,,
08/07/25 15:50:00,48.06,7.51,,,,
08/07/25 15:55:00,47.98,7.76,,,,
08/07/25 16:00:00,48.13,7.60,,,,
08/07/25 16:05:00,48.13,8.08,,,,
08/07/25 16:10:00,48.13,8.88,,,,
08/07/25 16:15:00,48.29,8.24,,,,
08/07/25 16:20:00,48.21,7.07,,,,
08/07/25 16:25:00,48.37,7.76,,,,
08/07/25 16:30:00,48.37,8.88,,,,
08/07/25 16:35:00,48.52,9.28,,,,
08/07/25 16:40:00,48.52,10.90,,,,
08/07/25 16:45:00,48.67,10.82,,,,
08/07/25 16:50:00,48.83,12.52,,,,
08/07/25 16:55:00,48.98,12.59,,,,
08/07/25 17:00:00,49.06,13.33,,,,
08/07/25 17:05:00,49.37,14.22,,,,
08/07/25 17:10:00,49.60,15.11,,,,
08/07/25 17:15:00,49.91,18.02,,,,
08/07/25 17:20:00,50.14,19.39,,,,
08/07/25 17:25:00,50.45,19.39,,,,
08/07/25 17:30:00,50.76,23.10,,,,
08/07/25 17:35:00,50.99,19.63,,,,
08/07/25 17:40:00,51.22,23.29,,,,
08/07/25 17:45:00,51.38,22.62,,,,
08/07/25 17:50:00,51.61,24.81,,,,
08/07/25 17:55:00,51.92,24.89,,,,
08/07/25 18:00:00,52.38,30.23,,,,
08/07/25 18:05:00,52.77,22.70,,,,
08/07/25 18:10:00,52.92,20.05,,,,
08/07/25 18:15:00,53.23,16.98,,,,
08/07/25 18:20:00,53.15,14.38,,,,
08/07/25 18:25:00,53.15,13.82,,,,
08/07/25 18:30:00,52.92,14.22,,,,
08/07/25 18:35:00,52.92,14.94,,,,
08/07/25 18:40:00,52.92,13.33,,,,
08/07/25 18:45:00,52.69,12.69,,,,
08/07/25 18:50:00,52.54,12.69,,,,
08/07/25 18:55:00,52.54,12.69,,,,
08/07/25 19:00:00,52.61,12.61,,,,
08/07/25 19:05:00,52.54,12.85,,,,
08/07/25 19:10:00,52.54,10.51,,,,
08/07/25 19:15:00,52.38,9.70,,,,
08/07/25 19:20:00,52.07,9.45,,,,
08/07/25 19:25:00,51.84,8.81,,,,
08/07/25 19:30:00,51.76,8.48,,,,
08/07/25 19:35:00,51.61,7.76,,,,
08/07/25 19:40:00,51.45,7.19,,,,
08/07/25 19:45:00,51.15,6.78,,,,
08/07/25 19:50:00,50.84,5.77,,,,
08/07/25 19:55:00,50.68,4.97,,,,
08/07/25 20:00:00,50.37,4.16,,,,
08/07/25 20:05:00,50.22,3.43,,,,
08/07/25 20:10:00,49.91,2.87,,,,
08/07/25 20:15:00,49.52,2.46,,,,
08/07/25 20:20:00,49.14,2.18,,,,
08/07/25 20:25:00,48.75,2.02,,,,
08/07/25 20:30:00,48.29,1.94,,,,
08/07/25 20:35:00,47.90,2.30,,,,
08/07/25 20:40:00,47.52,2.12,,,,
08/07/25 20:45:00,47.21,1.98,,,,
08/07/25 20:50:00,47.05,1.61,,,,
08/07/25 20:55:00,46.67,1.47,,,,
08/07/25 21:00:00,46.59,1.29,,,,
08/07/25 21:05:00,46.36,1.15,,,,
08/07/25 21:10:00,46.28,1.11,,,,
08/07/25 21:15:00,45.97,0.91,,,,
08/07/25 21:20:00,45.82,0.89,,,,
08/07/25 21:25:00,45.66,0.86,,,,
08/07/25 21:30:00,45.66,0.66,,,,
08/07/25 21:35:00,45.51,0.56,,,,
08/07/25 21:40:00,45.66,0.52,,,,
08/07/25 21:45:00,45.51,0.30,,,,
08/07/25 21:50:00,45.35,0.20,,,,
08/07/25 21:55:00,45.35,0.12,,,,
08/07/25 22:00:00,45.20,0.06,,,,
08/07/25 22:05:00,45.05,0.02,,,,
08/07/25 22:10:00,44.97,0.00,,,,
08/07/25 22:15:00,44.97,0.00,,,,
08/07/25 22:20:00,45.12,0.00,,,,
08/07/25 22:25:00,45.20,0.00,,,,
08/07/25 22:30:00,45.43,0.00,,,,
08/07/25 22:35:00,45.35,0.00,,,,
08/07/25 22:40:00,45.35,0.00,,,,
08/07/25 22:45:00,45.28,0.00,,,,
08/07/25 22:50:00,45.74,0.61,,,,
08/07/25 22:55:00,47.52,0.61,,,,
08/07/25 23:00:00,49.14,0.63,,,,
08/07/25 23:05:00,50.61,0.00,,,,
08/07/25 23:10:00,51.76,0.00,,,,
08/07/25 23:15:00,52.69,0.00,,,,
08/07/25 23:20:00,53.39,0.00,,,,
08/07/25 23:25:00,54.08,0.00,,,,
08/07/25 23:30:00,54.62,0.00,,,,
08/07/25 23:35:00,55.01,0.00,,,,
08/07/25 23:40:00,55.24,0.00,,,,
08/07/25 23:45:00,55.39,0.00,,,,
08/07/25 23:50:00,55.62,0.00,,,,
08/07/25 23:55:00,55.78,0.00,,,,
08/08/25 00:00:00,55.93,0.00,,,,
08/08/25 00:05:00,55.93,0.00,,,,
08/08/25 00:10:00,55.93,0.00,,,,
08/08/25 00:15:00,55.93,0.00,,,,
08/08/25 00:20:00,56.01,0.00,,,,
08/08/25 00:25:00,55.93,0.00,,,,
08/08/25 00:30:00,55.86,0.00,,,,
08/08/25 00:35:00,55.86,0.00,,,,
08/08/25 00:40:00,55.78,0.00,,,,
08/08/25 00:45:00,55.78,0.00,,,,
08/08/25 00:50:00,55.70,0.00,,,,
08/08/25 00:55:00,55.55,0.00,,,,
08/08/25 01:00:00,55.47,0.00,,,,
08/08/25 01:05:00,55.32,0.00,,,,
08/08/25 01:10:00,55.24,0.00,,,,
08/08/25 01:15:00,55.08,0.00,,,,
08/08/25 01:20:00,54.85,0.00,,,,
08/08/25 01:25:00,54.78,0.00,,,,
08/08/25 01:30:00,54.70,0.00,,,,
08/08/25 01:35:00,54.47,0.04,,,,
08/08/25 01:40:00,54.47,0.00,,,,
08/08/25 01:45:00,54.31,0.00,,,,
08/08/25 01:50:00,54.16,0.00,,,,
08/08/25 01:55:00,54.00,0.00,,,,
08/08/25 02:00:00,53.93,0.00,,,,
08/08/25 02:05:00,53.85,0.00,,,,
08/08/25 02:10:00,53.77,0.00,,,,
08/08/25 02:15:00,53.69,0.00,,,,
08/08/25 02:20:00,53.62,0.00,,,,
08/08/25 02:25:00,53.54,0.00,,,,
08/08/25 02:30:00,53.39,0.00,,,,
08/08/25 02:35:00,53.31,0.00,,,,
08/08/25 02:40:00,53.31,0.00,,,,
08/08/25 02:45:00,53.15,0.00,,,,
08/08/25 02:50:00,53.08,0.00,,,,
08/08/25 02:55:00,53.08,0.00,,,,
08/08/25 03:00:00,52.92,0.00,,,,
08/08/25 03:05:00,52.84,0.00,,,,
08/08/25 03:10:00,52.77,0.00,,,,
08/08/25 03:15:00,52.69,0.00,,,,
08/08/25 03:20:00,52.61,0.00,,,,
08/08/25 03:25:00,52.54,0.00,,,,
08/08/25 03:30:00,52.46,0.00,,,,
08/08/25 03:35:00,52.30,0.00,,,,
08/08/25 03:40:00,52.30,0.00,,,,
08/08/25 03:45:00,52.23,0.00,,,,
08/08/25 03:50:00,52.15,0.00,,,,
08/08/25 03:55:00,52.15,0.00,,,,
08/08/25 04:00:00,51.92,0.00,,,,
08/08/25 04:05:00,51.92,0.00,,,,
08/08/25 04:10:00,51.84,0.00,,,,
08/08/25 04:15:00,51.76,0.00,,,,
08/08/25 04:20:00,51.76,0.00,,,,
08/08/25 04:25:00,51.69,0.00,,,,
08/08/25 04:30:00,51.61,0.00,,,,
08/08/25 04:35:00,51.45,0.00,,,,
08/08/25 04:40:00,51.38,0.00,,,,
08/08/25 04:45:00,51.30,0.00,,,,
08/08/25 04:50:00,51.22,0.00,,,,
08/08/25 04:55:00,51.30,0.00,,,,
08/08/25 05:00:00,51.22,0.00,,,,
08/08/25 05:05:00,51.07,0.00,,,,
08/08/25 05:10:00,51.07,0.00,,,,
08/08/25 05:15:00,50.99,0.00,,,,
08/08/25 05:20:00,50.91,0.00,,,,
08/08/25 05:25:00,50.99,0.00,,,,
08/08/25 05:30:00,50.84,0.02,,,,
08/08/25 05:35:00,50.84,0.00,,,,
08/08/25 05:40:00,50.68,0.00,,,,
08/08/25 05:45:00,50.68,0.02,,,,
08/08/25 05:50:00,50.61,0.00,,,,
08/08/25 05:55:00,50.45,0.00,,,,
08/08/25 06:00:00,50.53,0.00,,,,
08/08/25 06:05:00,50.53,0.00,,,,
08/08/25 06:10:00,50.37,0.00,,,,
08/08/25 06:15:00,50.37,0.00,,,,
08/08/25 06:20:00,50.30,0.00,,,,
08/08/25 06:25:00,50.22,0.00,,,,
08/08/25 06:30:00,50.22,0.00,,,,
08/08/25 06:35:00,50.14,0.00,,,,
08/08/25 06:40:00,50.06,0.00,,,,
08/08/25 06:45:00,49.99,0.00,,,,
08/08/25 06:50:00,49.91,0.00,,,,
08/08/25 06:55:00,49.83,0.00,,,,
08/08/25 07:00:00,49.60,0.00,,,,
08/08/25 07:05:00,49.68,0.00,,,,
08/08/25 07:10:00,49.76,0.00,,,,
08/08/25 07:15:00,49.83,0.00,,,,
08/08/25 07:20:00,50.06,0.00,,,,
08/08/25 07:25:00,49.99,0.00,,,,
08/08/25 07:30:00,50.14,0.00,,,,
08/08/25 07:35:00,50.37,0.00,,,,
08/08/25 07:40:00,50.45,0.00,,,,
08/08/25 07:45:00,50.61,0.00,,,,
08/08/25 07:50:00,50.84,0.00,,,,
08/08/25 07:55:00,51.07,0.00,,,,
08/08/25 08:00:00,51.22,0.00,,,,
08/08/25 08:05:00,51.30,0.00,,,,
08/08/25 08:10:00,51.38,0.00,,,,
08/08/25 08:15:00,51.38,0.00,,,,
08/08/25 08:20:00,51.45,0.10,,,,
08/08/25 08:25:00,51.61,0.02,,,,
08/08/25 08:30:00,51.61,0.00,,,,
08/08/25 08:35:00,51.69,0.00,,,,
08/08/25 08:40:00,51.61,0.02,,,,
08/08/25 08:45:00,51.61,0.00,,,,
08/08/25 08:50:00,51.45,0.00,,,,
08/08/25 08:55:00,51.61,0.00,,,,
08/08/25 09:00:00,51.53,0.00,,,,
08/08/25 09:05:00,51.45,0.00,,,,
08/08/25 09:10:00,51.61,0.02,,,,
08/08/25 09:15:00,51.76,0.02,,,,
08/08/25 09:20:00,51.84,0.04,,,,
08/08/25 09:25:00,52.07,0.02,,,,
08/08/25 09:30:00,52.23,0.12,,,,
08/08/25 09:35:00,52.30,0.08,,,,
08/08/25 09:40:00,52.54,0.18,,,,
08/08/25 09:45:00,52.77,0.12,,,,
08/08/25 09:50:00,52.92,0.10,,,,
08/08/25 09:55:00,53.08,0.06,,,,
08/08/25 10:00:00,53.23,0.02,,,,
08/08/25 10:05:00,53.39,21.17,,,,
08/08/25 10:10:00,53.77,22.80,,,,
08/08/25 10:15:00,54.00,15.51,,,,
08/08/25 10:20:00,54.08,22.86,,,,
08/08/25 10:25:00,54.16,20.54,,,,
08/08/25 10:30:00,54.23,18.74,,,,
08/08/25 10:35:00,54.16,21.09,,,,
08/08/25 10:40:00,54.23,21.98,,,,
08/08/25 10:45:00,54.39,21.41,,,,
08/08/25 10:50:00,54.39,12.92,,,,
08/08/25 10:55:00,54.62,24.97,,,,
08/08/25 11:00:00,54.62,8.25,,,,
08/08/25 11:05:00,54.78,24.49,,,,
08/08/25 11:10:00,54.70,21.81,,,,
08/08/25 11:15:00,54.62,10.67,,,,
08/08/25 11:20:00,54.62,24.33,,,,
08/08/25 11:25:00,54.39,28.28,,,,
08/08/25 11:30:00,54.93,280.88,,,,
08/08/25 11:35:00,55.32,283.85,,,,
08/08/25 11:40:00,55.24,234.74,,,,
08/08/25 11:45:00,55.16,474.95,,,,
08/08/25 11:50:00,55.70,470.43,,,,
08/08/25 11:55:00,55.70,97.96,,,,
08/08/25 12:00:00,55.01,0.00,,,,
08/08/25 12:05:00,54.31,0.00,,,,
08/08/25 12:10:00,54.00,0.00,,,,
08/08/25 12:15:00,53.62,0.00,,,,
08/08/25 12:20:00,53.23,0.00,,,,
08/08/25 12:25:00,52.92,0.00,,,,
08/08/25 12:30:00,52.77,0.06,,,,
08/08/25 12:35:00,52.69,0.06,,,,
08/08/25 12:40:00,52.61,0.10,,,,
08/08/25 12:45:00,52.61,0.08,,,,
08/08/25 12:50:00,52.30,0.00,,,,
08/08/25 12:55:00,52.15,0.00,,,,
08/08/25 13:00:00,51.76,0.00,,,,
08/08/25 13:05:00,51.45,0.00,,,,
08/08/25 13:10:00,51.30,0.00,,,,
08/08/25 13:15:00,51.22,0.00,,,,
08/08/25 13:20:00,51.45,0.00,,,,
08/08/25 13:25:00,52.07,0.00,,,,
08/08/25 13:30:00,52.61,0.00,,,,
08/08/25 13:35:00,54.70,0.06,,,,
08/08/25 13:40:00,58.02,45.96,,,,
08/08/25 13:45:00,60.10,39.49,,,,
08/08/25 13:50:00,61.34,42.74,,,,
08/08/25 13:55:00,62.03,40.70,,,,
08/08/25 14:00:00,62.57,28.16,,,,
08/08/25 14:05:00,62.73,28.32,,,,
08/08/25 14:10:00,63.19,28.90,,,,
08/08/25 14:15:00,64.97,78.66,,,,
08/08/25 14:20:00,66.74,65.64,,,,
08/08/25 14:25:00,67.90,61.69,,,,
08/08/25 14:30:00,70.14,65.14,,,,
08/08/25 14:35:00,72.69,40.67,,,,
08/08/25 14:40:00,72.69,38.93,,,,
08/08/25 14:45:00,71.76,2.15,,,,
08/08/25 14:50:00,70.53,3.41,,,,
08/08/25 14:55:00,69.52,3.21,,,,
08/08/25 15:00:00,68.67,3.25,,,,
08/08/25 15:05:00,67.90,3.49,,,,
08/08/25 15:10:00,67.36,3.61,,,,
08/08/25 15:15:00,66.82,2.88,,,,
08/08/25 15:20:00,66.44,2.56,,,,
08/08/25 15:25:00,66.13,2.92,,,,
08/08/25 15:30:00,65.82,2.72,,,,
08/08/25 15:35:00,65.59,2.60,,,,
08/08/25 15:40:00,65.28,2.59,,,,
08/08/25 15:45:00,64.97,2.76,,,,
08/08/25 15:50:00,64.74,2.55,,,,
08/08/25 15:55:00,64.58,2.39,,,,
08/08/25 16:00:00,64.43,2.68,,,,
08/08/25 16:05:00,64.35,2.47,,,,
08/08/25 16:10:00,64.12,2.47,,,,
08/08/25 16:15:00,64.04,2.27,,,,
08/08/25 16:20:00,63.89,2.15,,,,
08/08/25 16:25:00,63.73,2.47,,,,
08/08/25 16:30:00,63.81,2.68,,,,
08/08/25 16:35:00,63.66,3.09,,,,
08/08/25 16:40:00,63.66,3.13,,,,
08/08/25 16:45:00,63.73,3.49,,,,
08/08/25 16:50:00,63.81,3.17,,,,
08/08/25 16:55:00,63.81,2.68,,,,
08/08/25 17:00:00,63.73,1.75,,,,
08/08/25 17:05:00,63.66,2.11,,,,
08/08/25 17:10:00,63.42,2.07,,,,
08/08/25 17:15:00,63.27,2.68,,,,
08/08/25 17:20:00,63.19,3.09,,,,
08/08/25 17:25:00,63.35,2.84,,,,
08/08/25 17:30:00,63.35,3.17,,,,
08/08/25 17:35:00,63.35,3.66,,,,
08/08/25 17:40:00,63.50,3.86,,,,
08/08/25 17:45:00,63.58,3.58,,,,
08/08/25 17:50:00,63.66,3.13,,,,
08/08/25 17:55:00,63.58,2.76,,,,
08/08/25 18:00:00,63.58,2.39,,,,
08/08/25 18:05:00,63.35,2.31,,,,
08/08/25 18:10:00,63.19,2.48,,,,
08/08/25 18:15:00,63.19,2.31,,,,
08/08/25 18:20:00,62.88,1.99,,,,
08/08/25 18:25:00,62.81,1.83,,,,
08/08/25 18:30:00,62.65,1.71,,,,
08/08/25 18:35:00,62.57,1.99,,,,
08/08/25 18:40:00,62.42,1.74,,,,
08/08/25 18:45:00,62.27,1.66,,,,
08/08/25 18:50:00,62.11,1.83,,,,
08/08/25 18:55:00,62.03,1.91,,,,
08/08/25 19:00:00,61.96,1.67,,,,
08/08/25 19:05:00,61.88,1.62,,,,
08/08/25 19:10:00,61.72,1.62,,,,
08/08/25 19:15:00,61.65,1.66,,,,
08/08/25 19:20:00,61.57,1.67,,,,
08/08/25 19:25:00,61.49,1.63,,,,
08/08/25 19:30:00,61.49,1.67,,,,
08/08/25 19:35:00,61.49,1.66,,,,
08/08/25 19:40:00,61.49,1.66,,,,
08/08/25 19:45:00,61.49,1.50,,,,
08/08/25 19:50:00,61.42,1.38,,,,
08/08/25 19:55:00,61.34,1.34,,,,
08/08/25 20:00:00,61.34,1.22,,,,
08/08/25 20:05:00,61.34,1.20,,,,
08/08/25 20:10:00,61.26,1.22,,,,
08/08/25 20:15:00,61.26,1.34,,,,
08/08/25 20:20:00,61.11,1.26,,,,
08/08/25 20:25:00,61.18,1.01,,,,
08/08/25 20:30:00,61.11,0.75,,,,
08/08/25 20:35:00,60.95,0.77,,,,
08/08/25 20:40:00,60.88,0.71,,,,
08/08/25 20:45:00,60.80,0.61,,,,
08/08/25 20:50:00,60.72,0.57,,,,
08/08/25 20:55:00,60.64,0.55,,,,
08/08/25 21:00:00,60.49,0.55,,,,
08/08/25 21:05:00,60.34,0.55,,,,
08/08/25 21:10:00,60.41,0.53,,,,
08/08/25 21:15:00,60.34,0.41,,,,
08/08/25 21:20:00,60.18,0.36,,,,
08/08/25 21:25:00,60.10,0.28,,,,
08/08/25 21:30:00,60.10,0.18,,,,
08/08/25 21:35:00,60.03,0.14,,,,
08/08/25 21:40:00,60.10,0.70,,,,
08/08/25 21:45:00,60.18,0.76,,,,
08/08/25 21:50:00,60.34,0.70,,,,
08/08/25 21:55:00,60.41,0.68,,,,
08/08/25 22:00:00,60.34,0.68,,,,
08/08/25 22:05:00,60.41,0.74,,,,
08/08/25 22:10:00,60.41,0.68,,,,
08/08/25 22:15:00,60.41,0.68,,,,
08/08/25 22:20:00,60.49,0.68,,,,
08/08/25 22:25:00,60.57,0.68,,,,
08/08/25 22:30:00,60.49,0.68,,,,
08/08/25 22:35:00,60.57,0.68,,,,
08/08/25 22:40:00,60.49,0.68,,,,
08/08/25 22:45:00,60.57,0.76,,,,
08/08/25 22:50:00,60.64,0.70,,,,
08/08/25 22:55:00,60.57,0.74,,,,
08/08/25 23:00:00,60.49,0.66,,,,
08/08/25 23:05:00,60.64,0.74,,,,
08/08/25 23:10:00,60.64,0.00,,,,
08/08/25 23:15:00,60.49,0.00,,,,
08/08/25 23:20:00,60.57,0.00,,,,
08/08/25 23:25:00,60.57,0.00,,,,
08/08/25 23:30:00,60.49,0.00,,,,
08/08/25 23:35:00,60.49,0.00,,,,
08/08/25 23:40:00,60.49,0.00,,,,
08/08/25 23:45:00,60.41,0.00,,,,
08/08/25 23:50:00,60.49,0.00,,,,
08/08/25 23:55:00,60.49,0.00,,,,
08/09/25 00:00:00,60.41,0.00,,,,
08/09/25 00:05:00,60.41,0.00,,,,
08/09/25 00:10:00,60.34,0.00,,,,
08/09/25 00:15:00,60.41,0.00,,,,
08/09/25 00:20:00,60.41,0.00,,,,
08/09/25 00:25:00,60.41,0.00,,,,
08/09/25 00:30:00,60.34,0.00,,,,
08/09/25 00:35:00,60.41,0.00,,,,
08/09/25 00:40:00,60.34,0.00,,,,
08/09/25 00:45:00,60.34,0.00,,,,
08/09/25 00:50:00,60.26,0.00,,,,
08/09/25 00:55:00,60.34,0.00,,,,
08/09/25 01:00:00,60.26,0.00,,,,
08/09/25 01:05:00,60.26,0.00,,,,
08/09/25 01:10:00,60.26,0.00,,,,
08/09/25 01:15:00,60.10,0.00,,,,
08/09/25 01:20:00,60.18,0.00,,,,
08/09/25 01:25:00,60.18,0.00,,,,
08/09/25 01:30:00,60.18,0.00,,,,
08/09/25 01:35:00,60.18,0.00,,,,
08/09/25 01:40:00,60.18,0.00,,,,
08/09/25 01:45:00,60.10,0.00,,,,
08/09/25 01:50:00,60.03,0.00,,,,
08/09/25 01:55:00,60.10,0.00,,,,
08/09/25 02:00:00,60.10,0.00,,,,
08/09/25 02:05:00,60.03,0.00,,,,
08/09/25 02:10:00,60.03,0.00,,,,
08/09/25 02:15:00,60.03,0.00,,,,
08/09/25 02:20:00,60.03,0.00,,,,
08/09/25 02:25:00,60.03,0.00,,,,
08/09/25 02:30:00,59.95,0.00,,,,
08/09/25 02:35:00,59.95,0.00,,,,
08/09/25 02:40:00,59.95,0.00,,,,
08/09/25 02:45:00,59.95,0.00,,,,
08/09/25 02:50:00,59.95,0.00,,,,
08/09/25 02:55:00,60.03,0.00,,,,
08/09/25 03:00:00,59.95,0.00,,,,
08/09/25 03:05:00,59.87,0.00,,,,
08/09/25 03:10:00,59.87,0.00,,,,
08/09/25 03:15:00,59.79,0.00,,,,
08/09/25 03:20:00,59.87,0.00,,,,
08/09/25 03:25:00,59.95,0.00,,,,
08/09/25 03:30:00,59.87,0.00,,,,
08/09/25 03:35:00,59.79,0.00,,,,
08/09/25 03:40:00,59.79,0.00,,,,
08/09/25 03:45:00,59.79,0.00,,,,
08/09/25 03:50:00,59.72,0.00,,,,
08/09/25 03:55:00,59.79,0.00,,,,
08/09/25 04:00:00,59.87,0.00,,,,
08/09/25 04:05:00,59.79,0.00,,,,
08/09/25 04:10:00,59.72,0.00,,,,
08/09/25 04:15:00,59.72,0.00,,,,
08/09/25 04:20:00,59.72,0.00,,,,
08/09/25 04:25:00,59.64,0.00,,,,
08/09/25 04:30:00,59.64,0.00,,,,
08/09/25 04:35:00,59.72,0.00,,,,
08/09/25 04:40:00,59.64,0.00,,,,
08/09/25 04:45:00,59.56,0.00,,,,
08/09/25 04:50:00,59.64,0.00,,,,
08/09/25 04:55:00,59.56,0.00,,,,
08/09/25 05:00:00,59.49,0.02,,,,
08/09/25 05:05:00,59.64,0.00,,,,
08/09/25 05:10:00,59.56,0.00,,,,
08/09/25 05:15:00,59.49,0.00,,,,
08/09/25 05:20:00,59.56,0.00,,,,
08/09/25 05:25:00,59.56,0.00,,,,
08/09/25 05:30:00,59.49,0.00,,,,
08/09/25 05:35:00,59.41,0.00,,,,
08/09/25 05:40:00,59.49,0.00,,,,
08/09/25 05:45:00,59.41,0.00,,,,
08/09/25 05:50:00,59.56,0.00,,,,
08/09/25 05:55:00,59.41,0.00,,,,
08/09/25 06:00:00,59.49,0.00,,,,
08/09/25 06:05:00,59.41,0.00,,,,
08/09/25 06:10:00,59.33,0.00,,,,
08/09/25 06:15:00,59.41,0.00,,,,
08/09/25 06:20:00,59.33,0.00,,,,
08/09/25 06:25:00,59.25,0.00,,,,
08/09/25 06:30:00,59.33,0.00,,,,
08/09/25 06:35:00,59.25,0.00,,,,
08/09/25 06:40:00,59.25,0.00,,,,
08/09/25 06:45:00,59.25,0.00,,,,
08/09/25 06:50:00,59.18,0.00,,,,
08/09/25 06:55:00,59.25,0.00,,,,
08/09/25 07:00:00,59.25,0.00,,,,
08/09/25 07:05:00,59.18,0.00,,,,
08/09/25 07:10:00,59.18,0.00,,,,
08/09/25 07:15:00,59.18,0.00,,,,
08/09/25 07:20:00,59.10,0.00,,,,
08/09/25 07:25:00,59.10,0.00,,,,
08/09/25 07:30:00,59.10,0.00,,,,
08/09/25 07:35:00,59.10,0.00,,,,
08/09/25 07:40:00,59.02,0.00,,,,
08/09/25 07:45:00,59.10,0.85,,,,
08/09/25 07:50:00,59.10,0.84,,,,
08/09/25 07:55:00,59.02,0.70,,,,
08/09/25 08:00:00,59.10,0.72,,,,
08/09/25 08:05:00,59.10,0.78,,,,
08/09/25 08:10:00,58.95,0.75,,,,
08/09/25 08:15:00,59.02,0.78,,,,
08/09/25 08:20:00,59.10,0.80,,,,
08/09/25 08:25:00,58.95,0.75,,,,
08/09/25 08:30:00,58.95,0.75,,,,
08/09/25 08:35:00,59.02,0.80,,,,
08/09/25 08:40:00,58.87,0.82,,,,
08/09/25 08:45:00,58.95,0.76,,,,
08/09/25 08:50:00,58.95,0.82,,,,
08/09/25 08:55:00,58.95,0.88,,,,
08/09/25 09:00:00,58.95,0.82,,,,
08/09/25 09:05:00,58.87,0.82,,,,
08/09/25 09:10:00,58.87,0.76,,,,
08/09/25 09:15:00,58.79,0.84,,,,
08/09/25 09:20:00,58.79,0.84,,,,
08/09/25 09:25:00,58.71,0.80,,,,
08/09/25 09:30:00,58.64,0.82,,,,
08/09/25 09:35:00,58.71,0.79,,,,
08/09/25 09:40:00,58.71,0.86,,,,
08/09/25 09:45:00,58.71,0.84,,,,
08/09/25 09:50:00,58.64,0.84,,,,
08/09/25 09:55:00,58.64,0.86,,,,
08/09/25 10:00:00,58.56,0.81,,,,
08/09/25 10:05:00,58.48,0.88,,,,
08/09/25 10:10:00,58.40,0.85,,,,
08/09/25 10:15:00,58.40,0.85,,,,
08/09/25 10:20:00,58.33,0.80,,,,
08/09/25 10:25:00,58.25,0.64,,,,
08/09/25 10:30:00,58.25,1.33,,,,
08/09/25 10:35:00,58.33,1.41,,,,
08/09/25 10:40:00,58.40,1.51,,,,
08/09/25 10:45:00,58.40,1.29,,,,
08/09/25 10:50:00,58.48,1.35,,,,
08/09/25 10:55:00,58.48,1.35,,,,
08/09/25 11:00:00,58.64,1.27,,,,
08/09/25 11:05:00,58.64,1.23,,,,
08/09/25 11:10:00,58.71,1.11,,,,
08/09/25 11:15:00,58.79,1.27,,,,
08/09/25 11:20:00,58.79,1.41,,,,
08/09/25 11:25:00,58.87,1.19,,,,
08/09/25 11:30:00,58.87,1.55,,,,
08/09/25 11:35:00,58.87,1.51,,,,
08/09/25 11:40:00,58.71,1.59,,,,
08/09/25 11:45:00,58.79,1.69,,,,
08/09/25 11:50:00,58.87,1.63,,,,
08/09/25 11:55:00,58.87,1.77,,,,
08/09/25 12:00:00,58.87,1.86,,,,
08/09/25 12:05:00,58.95,1.53,,,,
08/09/25 12:10:00,58.95,2.10,,,,
08/09/25 12:15:00,58.95,2.18,,,,
08/09/25 12:20:00,58.87,2.34,,,,
08/09/25 12:25:00,59.02,2.36,,,,
08/09/25 12:30:00,59.10,2.40,,,,
08/09/25 12:35:00,58.95,2.79,,,,
08/09/25 12:40:00,59.02,2.16,,,,
08/09/25 12:45:00,59.02,2.62,,,,
08/09/25 12:50:00,59.02,3.19,,,,
08/09/25 12:55:00,59.10,3.27,,,,
08/09/25 13:00:00,59.18,3.71,,,,
08/09/25 13:05:00,59.18,4.00,,,,
08/09/25 13:10:00,59.18,3.27,,,,
08/09/25 13:15:00,59.10,3.55,,,,
08/09/25 13:20:00,59.10,3.47,,,,
08/09/25 13:25:00,59.10,3.35,,,,
08/09/25 13:30:00,59.10,3.63,,,,
08/09/25 13:35:00,59.02,3.43,,,,
08/09/25 13:40:00,58.95,3.51,,,,
08/09/25 13:45:00,58.95,4.07,,,,
08/09/25 13:50:00,58.95,4.04,,,,
08/09/25 13:55:00,58.87,4.20,,,,
08/09/25 14:00:00,58.87,4.08,,,,
08/09/25 14:05:00,58.87,4.24,,,,
08/09/25 14:10:00,58.87,4.20,,,,
08/09/25 14:15:00,58.79,5.12,,,,
08/09/25 14:20:00,58.71,5.04,,,,
08/09/25 14:25:00,58.79,5.08,,,,
08/09/25 14:30:00,58.79,5.25,,,,
08/09/25 14:35:00,58.87,4.92,,,,
08/09/25 14:40:00,58.71,4.04,,,,
08/09/25 14:45:00,58.71,3.83,,,,
08/09/25 14:50:00,58.71,3.55,,,,
08/09/25 14:55:00,58.71,3.47,,,,
08/09/25 15:00:00,58.71,3.71,,,,
08/09/25 15:05:00,58.64,3.63,,,,
08/09/25 15:10:00,58.71,3.67,,,,
08/09/25 15:15:00,58.71,3.63,,,,
08/09/25 15:20:00,58.71,3.05,,,,
08/09/25 15:25:00,58.71,4.40,,,,
08/09/25 15:30:00,58.71,4.16,,,,
08/09/25 15:35:00,58.71,4.12,,,,
08/09/25 15:40:00,58.71,3.79,,,,
08/09/25 15:45:00,58.71,4.20,,,,
08/09/25 15:50:00,58.71,4.28,,,,
08/09/25 15:55:00,58.79,4.16,,,,
08/09/25 16:00:00,58.71,3.96,,,,
08/09/25 16:05:00,58.71,4.08,,,,
08/09/25 16:10:00,58.79,4.00,,,,
08/09/25 16:15:00,58.87,3.96,,,,
08/09/25 16:20:00,58.87,3.75,,,,
08/09/25 16:25:00,58.87,3.55,,,,
08/09/25 16:30:00,58.87,3.35,,,,
08/09/25 16:35:00,58.95,3.43,,,,
08/09/25 16:40:00,58.95,3.35,,,,
08/09/25 16:45:00,59.10,3.43,,,,
08/09/25 16:50:00,59.02,3.31,,,,
08/09/25 16:55:00,59.02,3.27,,,,
08/09/25 17:00:00,59.10,3.31,,,,
08/09/25 17:05:00,59.10,3.19,,,,
08/09/25 17:10:00,59.10,3.19,,,,
08/09/25 17:15:00,59.10,3.27,,,,
08/09/25 17:20:00,59.10,2.95,,,,
08/09/25 17:25:00,59.10,2.80,,,,
08/09/25 17:30:00,59.10,2.79,,,,
08/09/25 17:35:00,59.10,2.60,,,,
08/09/25 17:40:00,59.18,2.48,,,,
08/09/25 17:45:00,59.33,2.36,,,,
08/09/25 17:50:00,59.41,2.14,,,,
08/09/25 17:55:00,59.56,2.06,,,,
08/09/25 18:00:00,59.56,2.14,,,,
08/09/25 18:05:00,59.72,2.12,,,,
08/09/25 18:10:00,59.72,2.20,,,,
08/09/25 18:15:00,59.72,2.02,,,,
08/09/25 18:20:00,59.79,1.90,,,,
08/09/25 18:25:00,59.79,1.66,,,,
08/09/25 18:30:00,59.87,1.05,,,,
08/09/25 18:35:00,59.79,1.11,,,,
08/09/25 18:40:00,59.79,1.13,,,,
08/09/25 18:45:00,59.72,1.07,,,,
08/09/25 18:50:00,59.64,1.03,,,,
08/09/25 18:55:00,59.64,0.99,,,,
08/09/25 19:00:00,59.56,0.86,,,,
08/09/25 19:05:00,59.41,0.75,,,,
08/09/25 19:10:00,59.41,0.82,,,,
08/09/25 19:15:00,59.33,0.76,,,,
08/09/25 19:20:00,59.33,0.52,,,,
08/09/25 19:25:00,59.25,0.54,,,,
08/09/25 19:30:00,59.18,0.60,,,,
08/09/25 19:35:00,59.18,0.42,,,,
08/09/25 19:40:00,59.18,0.38,,,,
08/09/25 19:45:00,58.95,0.36,,,,
08/09/25 19:50:00,58.95,0.32,,,,
08/09/25 19:55:00,58.95,0.28,,,,
08/09/25 20:00:00,58.79,0.30,,,,
08/09/25 20:05:00,58.71,0.30,,,,
08/09/25 20:10:00,58.87,0.26,,,,
08/09/25 20:15:00,58.71,0.22,,,,
08/09/25 20:20:00,58.71,0.18,,,,
08/09/25 20:25:00,58.64,0.18,,,,
08/09/25 20:30:00,58.71,0.16,,,,
08/09/25 20:35:00,58.71,0.10,,,,
08/09/25 20:40:00,58.71,0.18,,,,
08/09/25 20:45:00,58.56,0.12,,,,
08/09/25 20:50:00,58.71,0.10,,,,
08/09/25 20:55:00,58.71,0.10,,,,
08/09/25 21:00:00,58.87,0.08,,,,
08/09/25 21:05:00,58.87,0.08,,,,
08/09/25 21:10:00,58.87,0.08,,,,
08/09/25 21:15:00,58.95,0.06,,,,
08/09/25 21:20:00,59.02,0.04,,,,
08/09/25 21:25:00,59.10,0.04,,,,
08/09/25 21:30:00,59.10,0.02,,,,
08/09/25 21:35:00,59.33,0.02,,,,
08/09/25 21:40:00,59.33,0.02,,,,
08/09/25 21:45:00,59.25,0.02,,,,
08/09/25 21:50:00,59.33,0.00,,,,
08/09/25 21:55:00,59.25,0.00,,,,
08/09/25 22:00:00,59.18,0.00,,,,
08/09/25 22:05:00,59.25,0.00,,,,
08/09/25 22:10:00,59.33,0.00,,,,
08/09/25 22:15:00,59.33,0.00,,,,
08/09/25 22:20:00,59.25,0.00,,,,
08/09/25 22:25:00,59.33,0.00,,,,
08/09/25 22:30:00,59.33,0.00,,,,
08/09/25 22:35:00,59.41,0.00,,,,
08/09/25 22:40:00,59.41,0.00,,,,
08/09/25 22:45:00,59.49,0.00,,,,
08/09/25 22:50:00,59.41,0.00,,,,
08/09/25 22:55:00,59.33,0.00,,,,
08/09/25 23:00:00,59.41,0.00,,,,
08/09/25 23:05:00,59.56,0.00,,,,
08/09/25 23:10:00,59.41,0.00,,,,
08/09/25 23:15:00,59.49,0.00,,,,
08/09/25 23:20:00,59.41,0.00,,,,
08/09/25 23:25:00,59.33,0.00,,,,
08/09/25 23:30:00,59.41,0.00,,,,
08/09/25 23:35:00,59.41,0.00,,,,
08/09/25 23:40:00,59.41,0.00,,,,
08/09/25 23:45:00,59.33,0.00,,,,
08/09/25 23:50:00,59.25,0.00,,,,
08/09/25 23:55:00,59.33,0.00,,,,
08/10/25 00:00:00,59.33,0.00,,,,
08/10/25 00:05:00,59.25,0.00,,,,
08/10/25 00:10:00,59.18,0.00,,,,
08/10/25 00:15:00,59.25,0.00,,,,
08/10/25 00:20:00,59.18,0.00,,,,
08/10/25 00:25:00,59.10,0.00,,,,
08/10/25 00:30:00,59.18,0.00,,,,
08/10/25 00:35:00,59.18,0.00,,,,
08/10/25 00:40:00,59.10,0.00,,,,
08/10/25 00:45:00,59.10,0.00,,,,
08/10/25 00:50:00,59.10,0.00,,,,
08/10/25 00:55:00,59.10,0.00,,,,
08/10/25 01:00:00,59.10,0.00,,,,
08/10/25 01:05:00,59.10,0.00,,,,
08/10/25 01:10:00,59.02,0.00,,,,
08/10/25 01:15:00,59.02,0.00,,,,
08/10/25 01:20:00,59.02,0.00,,,,
08/10/25 01:25:00,59.02,0.00,,,,
08/10/25 01:30:00,58.95,0.00,,,,
08/10/25 01:35:00,58.95,0.00,,,,
08/10/25 01:40:00,58.95,0.00,,,,
08/10/25 01:45:00,58.95,0.00,,,,
08/10/25 01:50:00,58.87,0.00,,,,
08/10/25 01:55:00,58.87,0.00,,,,
08/10/25 02:00:00,58.95,0.00,,,,
08/10/25 02:05:00,58.87,0.00,,,,
08/10/25 02:10:00,58.95,0.00,,,,
08/10/25 02:15:00,58.87,0.00,,,,
08/10/25 02:20:00,58.87,0.00,,,,
08/10/25 02:25:00,58.79,0.00,,,,
08/10/25 02:30:00,58.95,0.00,,,,
08/10/25 02:35:00,58.87,0.00,,,,
08/10/25 02:40:00,58.79,0.00,,,,
08/10/25 02:45:00,58.79,0.00,,,,
08/10/25 02:50:00,58.79,0.00,,,,
08/10/25 02:55:00,58.79,0.00,,,,
08/10/25 03:00:00,58.79,0.00,,,,
08/10/25 03:05:00,58.87,0.00,,,,
08/10/25 03:10:00,58.79,0.00,,,,
08/10/25 03:15:00,58.71,0.00,,,,
08/10/25 03:20:00,58.79,0.00,,,,
08/10/25 03:25:00,58.71,0.00,,,,
08/10/25 03:30:00,58.71,0.00,,,,
08/10/25 03:35:00,58.71,0.00,,,,
08/10/25 03:40:00,58.71,0.00,,,,
08/10/25 03:45:00,58.71,0.00,,,,
08/10/25 03:50:00,58.79,0.00,,,,
08/10/25 03:55:00,58.64,0.00,,,,
08/10/25 04:00:00,58.71,0.00,,,,
08/10/25 04:05:00,58.79,0.00,,,,
08/10/25 04:10:00,58.71,0.00,,,,
08/10/25 04:15:00,58.64,0.02,,,,
08/10/25 04:20:00,58.71,0.00,,,,
08/10/25 04:25:00,58.71,0.00,,,,
08/10/25 04:30:00,58.64,0.00,,,,
08/10/25 04:35:00,58.64,0.00,,,,
08/10/25 04:40:00,58.71,0.00,,,,
08/10/25 04:45:00,58.64,0.00,,,,
08/10/25 04:50:00,58.71,0.00,,,,
08/10/25 04:55:00,58.56,0.00,,,,
08/10/25 05:00:00,58.56,0.00,,,,
08/10/25 05:05:00,58.56,0.00,,,,
08/10/25 05:10:00,58.64,0.00,,,,
08/10/25 05:15:00,58.56,0.00,,,,
08/10/25 05:20:00,58.56,0.00,,,,
08/10/25 05:25:00,58.64,0.00,,,,
08/10/25 05:30:00,58.56,0.00,,,,
08/10/25 05:35:00,58.64,0.00,,,,
08/10/25 05:40:00,58.56,0.00,,,,
08/10/25 05:45:00,58.56,0.00,,,,
08/10/25 05:50:00,58.48,0.00,,,,
08/10/25 05:55:00,58.56,0.00,,,,
08/10/25 06:00:00,58.48,0.00,,,,
08/10/25 06:05:00,58.48,0.00,,,,
08/10/25 06:10:00,58.56,0.00,,,,
08/10/25 06:15:00,58.48,0.00,,,,
08/10/25 06:20:00,58.56,0.00,,,,
08/10/25 06:25:00,58.48,0.00,,,,
08/10/25 06:30:00,58.56,0.00,,,,
08/10/25 06:35:00,58.48,0.00,,,,
08/10/25 06:40:00,58.56,0.00,,,,
08/10/25 06:45:00,58.40,0.00,,,,
08/10/25 06:50:00,58.48,0.02,,,,
08/10/25 06:55:00,58.40,0.02,,,,
08/10/25 07:00:00,58.40,0.02,,,,
08/10/25 07:05:00,58.48,0.06,,,,
08/10/25 07:10:00,58.48,0.08,,,,
08/10/25 07:15:00,58.40,0.08,,,,
08/10/25 07:20:00,58.40,0.06,,,,
08/10/25 07:25:00,58.40,0.06,,,,
08/10/25 07:30:00,58.40,0.08,,,,
08/10/25 07:35:00,58.33,0.08,,,,
08/10/25 07:40:00,58.33,0.08,,,,
08/10/25 07:45:00,58.33,0.08,,,,
08/10/25 07:50:00,58.40,0.10,,,,
08/10/25 07:55:00,58.40,0.12,,,,
08/10/25 08:00:00,58.40,0.12,,,,
08/10/25 08:05:00,58.33,0.14,,,,
08/10/25 08:10:00,58.33,0.18,,,,
08/10/25 08:15:00,58.33,0.12,,,,
08/10/25 08:20:00,58.33,0.16,,,,
08/10/25 08:25:00,58.33,0.28,,,,
08/10/25 08:30:00,58.33,0.22,,,,
08/10/25 08:35:00,58.33,0.34,,,,
08/10/25 08:40:00,58.17,0.42,,,,
08/10/25 08:45:00,58.25,0.52,,,,
08/10/25 08:50:00,58.33,0.56,,,,
08/10/25 08:55:00,58.33,0.48,,,,
08/10/25 09:00:00,58.48,0.60,,,,
08/10/25 09:05:00,58.56,0.68,,,,
08/10/25 09:10:00,58.56,0.72,,,,
08/10/25 09:15:00,58.64,0.76,,,,
08/10/25 09:20:00,58.71,0.72,,,,
08/10/25 09:25:00,58.71,0.79,,,,
08/10/25 09:30:00,58.87,1.03,,,,
08/10/25 09:35:00,58.95,0.24,,,,
08/10/25 09:40:00,59.10,1.37,,,,
08/10/25 09:45:00,59.33,0.36,,,,
08/10/25 09:50:00,59.41,2.22,,,,
08/10/25 09:55:00,59.56,2.64,,,,
08/10/25 10:00:00,59.64,2.79,,,,
08/10/25 10:05:00,59.64,3.07,,,,
08/10/25 10:10:00,59.64,3.67,,,,
08/10/25 10:15:00,59.64,4.48,,,,
08/10/25 10:20:00,59.64,5.05,,,,
08/10/25 10:25:00,59.64,6.42,,,,
08/10/25 10:30:00,59.64,4.69,,,,
08/10/25 10:35:00,59.64,6.58,,,,
08/10/25 10:40:00,59.56,5.90,,,,
08/10/25 10:45:00,59.56,6.82,,,,
08/10/25 10:50:00,59.72,7.31,,,,
08/10/25 10:55:00,59.64,7.92,,,,
08/10/25 11:00:00,59.79,7.43,,,,
08/10/25 11:05:00,59.87,4.52,,,,
08/10/25 11:10:00,59.87,3.75,,,,
08/10/25 11:15:00,59.95,3.43,,,,
08/10/25 11:20:00,60.03,5.21,,,,
08/10/25 11:25:00,60.18,3.92,,,,
08/10/25 11:30:00,60.26,3.27,,,,
08/10/25 11:35:00,60.26,3.92,,,,
08/10/25 11:40:00,60.26,4.73,,,,
08/10/25 11:45:00,60.34,4.56,,,,
08/10/25 11:50:00,60.34,3.31,,,,
08/10/25 11:55:00,60.41,4.12,,,,
08/10/25 12:00:00,60.41,4.24,,,,
08/10/25 12:05:00,60.57,5.45,,,,
08/10/25 12:10:00,60.64,5.45,,,,
08/10/25 12:15:00,60.72,5.25,,,,
08/10/25 12:20:00,60.88,5.37,,,,
08/10/25 12:25:00,60.88,7.15,,,,
08/10/25 12:30:00,61.11,6.50,,,,
08/10/25 12:35:00,61.11,7.43,,,,
08/10/25 12:40:00,61.11,5.13,,,,
08/10/25 12:45:00,61.03,5.41,,,,
08/10/25 12:50:00,61.11,5.17,,,,
08/10/25 12:55:00,61.18,4.65,,,,
08/10/25 13:00:00,61.26,4.65,,,,
08/10/25 13:05:00,61.26,5.17,,,,
08/10/25 13:10:00,61.34,4.81,,,,
08/10/25 13:15:00,61.42,4.68,,,,
08/10/25 13:20:00,61.42,4.52,,,,
08/10/25 13:25:00,61.42,4.40,,,,
08/10/25 13:30:00,61.34,4.77,,,,
08/10/25 13:35:00,61.34,4.36,,,,
08/10/25 13:40:00,61.34,3.55,,,,
08/10/25 13:45:00,61.34,4.56,,,,
08/10/25 13:50:00,61.34,4.64,,,,
08/10/25 13:55:00,61.26,4.36,,,,
08/10/25 14:00:00,61.26,4.52,,,,
08/10/25 14:05:00,61.26,4.28,,,,
08/10/25 14:10:00,61.26,3.91,,,,
08/10/25 14:15:00,61.26,3.92,,,,
08/10/25 14:20:00,61.34,3.84,,,,
08/10/25 14:25:00,61.42,4.77,,,,
08/10/25 14:30:00,61.49,4.65,,,,
08/10/25 14:35:00,61.49,5.09,,,,
08/10/25 14:40:00,61.49,4.57,,,,
08/10/25 14:45:00,61.57,4.61,,,,
08/10/25 14:50:00,61.57,4.08,,,,
08/10/25 14:55:00,61.65,4.32,,,,
08/10/25 15:00:00,61.65,4.61,,,,
08/10/25 15:05:00,61.57,4.61,,,,
08/10/25 15:10:00,61.65,4.44,,,,
08/10/25 15:15:00,61.72,4.16,,,,
08/10/25 15:20:00,61.80,4.28,,,,
08/10/25 15:25:00,61.80,3.88,,,,
08/10/25 15:30:00,61.88,4.08,,,,
08/10/25 15:35:00,61.96,4.44,,,,
08/10/25 15:40:00,62.03,4.57,,,,
08/10/25 15:45:00,62.19,4.00,,,,
08/10/25 15:50:00,62.11,3.88,,,,
08/10/25 15:55:00,62.11,4.33,,,,
08/10/25 16:00:00,62.27,4.61,,,,
08/10/25 16:05:00,62.27,4.57,,,,
08/10/25 16:10:00,62.50,3.72,,,,
08/10/25 16:15:00,62.50,3.19,,,,
08/10/25 16:20:00,62.50,3.75,,,,
08/10/25 16:25:00,62.57,3.27,,,,
08/10/25 16:30:00,62.65,3.23,,,,
08/10/25 16:35:00,62.65,2.62,,,,
08/10/25 16:40:00,62.65,2.58,,,,
08/10/25 16:45:00,62.81,3.11,,,,
08/10/25 16:50:00,62.81,2.30,,,,
08/10/25 16:55:00,62.88,2.14,,,,
08/10/25 17:00:00,62.96,1.66,,,,
08/10/25 17:05:00,62.96,2.74,,,,
08/10/25 17:10:00,63.19,2.02,,,,
08/10/25 17:15:00,63.19,1.82,,,,
08/10/25 17:20:00,63.35,1.70,,,,
08/10/25 17:25:00,63.42,1.54,,,,
08/10/25 17:30:00,63.42,1.78,,,,
08/10/25 17:35:00,63.42,1.54,,,,
08/10/25 17:40:00,63.35,1.23,,,,
08/10/25 17:45:00,63.42,1.19,,,,
08/10/25 17:50:00,63.42,1.11,,,,
08/10/25 17:55:00,63.27,1.03,,,,
08/10/25 18:00:00,63.27,0.97,,,,
08/10/25 18:05:00,63.19,0.97,,,,
08/10/25 18:10:00,63.11,0.89,,,,
08/10/25 18:15:00,63.11,0.85,,,,
08/10/25 18:20:00,63.11,0.83,,,,
08/10/25 18:25:00,63.04,0.75,,,,
08/10/25 18:30:00,62.96,0.70,,,,
08/10/25 18:35:00,62.88,0.62,,,,
08/10/25 18:40:00,62.88,0.50,,,,
08/10/25 18:45:00,62.81,0.40,,,,
08/10/25 18:50:00,62.88,0.32,,,,
08/10/25 18:55:00,62.88,1.41,,,,
08/10/25 19:00:00,63.11,2.42,,,,
08/10/25 19:05:00,63.11,2.30,,,,
08/10/25 19:10:00,63.42,2.06,,,,
08/10/25 19:15:00,63.50,3.92,,,,
08/10/25 19:20:00,63.58,2.30,,,,
08/10/25 19:25:00,63.73,4.77,,,,
08/10/25 19:30:00,63.81,3.43,,,,
08/10/25 19:35:00,63.89,3.59,,,,
08/10/25 19:40:00,63.81,3.72,,,,
08/10/25 19:45:00,63.81,3.71,,,,
08/10/25 19:50:00,63.73,3.03,,,,
08/10/25 19:55:00,63.73,2.46,,,,
08/10/25 20:00:00,63.73,1.62,,,,
08/10/25 20:05:00,63.66,1.62,,,,
08/10/25 20:10:00,63.66,1.58,,,,
08/10/25 20:15:00,63.58,1.54,,,,
08/10/25 20:20:00,63.58,1.19,,,,
08/10/25 20:25:00,63.50,1.13,,,,
08/10/25 20:30:00,63.42,1.86,,,,
08/10/25 20:35:00,63.35,1.54,,,,
08/10/25 20:40:00,63.27,0.83,,,,
08/10/25 20:45:00,63.19,0.99,,,,
08/10/25 20:50:00,63.11,0.60,,,,
08/10/25 20:55:00,62.96,0.46,,,,
08/10/25 21:00:00,62.88,0.46,,,,
08/10/25 21:05:00,62.81,0.54,,,,
08/10/25 21:10:00,62.81,0.44,,,,
08/10/25 21:15:00,62.65,0.26,,,,
08/10/25 21:20:00,62.65,0.18,,,,
08/10/25 21:25:00,62.50,0.16,,,,
08/10/25 21:30:00,62.42,0.26,,,,
08/10/25 21:35:00,62.42,0.16,,,,
08/10/25 21:40:00,62.27,0.10,,,,
08/10/25 21:45:00,62.19,0.04,,,,
08/10/25 21:50:00,62.11,0.02,,,,
08/10/25 21:55:00,62.27,0.47,,,,
08/10/25 22:00:00,62.19,0.47,,,,
08/10/25 22:05:00,62.27,0.25,,,,
08/10/25 22:10:00,62.34,0.26,,,,
08/10/25 22:15:00,62.34,0.26,,,,
08/10/25 22:20:00,62.42,0.43,,,,
08/10/25 22:25:00,62.42,0.43,,,,
08/10/25 22:30:00,62.50,0.43,,,,
08/10/25 22:35:00,62.50,0.41,,,,
08/10/25 22:40:00,62.50,0.41,,,,
08/10/25 22:45:00,62.42,0.41,,,,
08/10/25 22:50:00,62.50,0.41,,,,
08/10/25 22:55:00,62.42,0.41,,,,
08/10/25 23:00:00,62.50,0.41,,,,
08/10/25 23:05:00,62.42,0.43,,,,
08/10/25 23:10:00,62.42,0.43,,,,
08/10/25 23:15:00,62.50,0.45,,,,
08/10/25 23:20:00,62.34,0.43,,,,
08/10/25 23:25:00,62.42,0.43,,,,
08/10/25 23:30:00,62.42,0.00,,,,
08/10/25 23:35:00,62.42,0.00,,,,
08/10/25 23:40:00,62.42,0.00,,,,
08/10/25 23:45:00,62.34,0.00,,,,
08/10/25 23:50:00,62.42,0.00,,,,
08/10/25 23:55:00,62.34,0.00,,,,
08/11/25 00:00:00,62.42,0.00,,,,
08/11/25 00:05:00,62.34,0.00,,,,
08/11/25 00:10:00,62.27,0.00,,,,
08/11/25 00:15:00,62.27,0.00,,,,
08/11/25 00:20:00,62.27,0.00,,,,
08/11/25 00:25:00,62.19,0.00,,,,
08/11/25 00:30:00,62.27,0.00,,,,
08/11/25 00:35:00,62.27,0.00,,,,
08/11/25 00:40:00,62.19,0.00,,,,
08/11/25 00:45:00,62.19,0.00,,,,
08/11/25 00:50:00,62.19,0.00,,,,
08/11/25 00:55:00,62.11,0.00,,,,
08/11/25 01:00:00,62.11,0.00,,,,
08/11/25 01:05:00,62.03,0.00,,,,
08/11/25 01:10:00,62.19,0.00,,,,
08/11/25 01:15:00,62.19,0.00,,,,
08/11/25 01:20:00,62.11,0.00,,,,
08/11/25 01:25:00,62.03,0.00,,,,
08/11/25 01:30:00,62.11,0.00,,,,
08/11/25 01:35:00,62.11,0.00,,,,
08/11/25 01:40:00,61.96,0.00,,,,
08/11/25 01:45:00,62.03,0.00,,,,
08/11/25 01:50:00,62.03,0.00,,,,
08/11/25 01:55:00,62.03,0.00,,,,
08/11/25 02:00:00,62.11,0.00,,,,
08/11/25 02:05:00,62.03,0.00,,,,
08/11/25 02:10:00,62.03,0.00,,,,
08/11/25 02:15:00,62.03,0.00,,,,
08/11/25 02:20:00,62.03,0.00,,,,
08/11/25 02:25:00,62.03,0.00,,,,
08/11/25 02:30:00,61.96,0.00,,,,
08/11/25 02:35:00,61.88,0.00,,,,
08/11/25 02:40:00,62.03,0.00,,,,
08/11/25 02:45:00,62.03,0.00,,,,
08/11/25 02:50:00,61.88,0.00,,,,
08/11/25 02:55:00,61.96,0.00,,,,
08/11/25 03:00:00,61.96,0.00,,,,
08/11/25 03:05:00,61.88,0.00,,,,
08/11/25 03:10:00,61.96,0.00,,,,
08/11/25 03:15:00,61.88,0.00,,,,
08/11/25 03:20:00,61.88,0.00,,,,
08/11/25 03:25:00,61.96,0.00,,,,
08/11/25 03:30:00,61.96,0.00,,,,
08/11/25 03:35:00,61.88,0.00,,,,
08/11/25 03:40:00,61.88,0.00,,,,
08/11/25 03:45:00,61.88,0.00,,,,
08/11/25 03:50:00,61.88,0.00,,,,
08/11/25 03:55:00,61.80,0.00,,,,
08/11/25 04:00:00,61.80,0.00,,,,
08/11/25 04:05:00,61.80,0.00,,,,
08/11/25 04:10:00,61.80,0.00,,,,
08/11/25 04:15:00,61.72,0.00,,,,
08/11/25 04:20:00,61.72,0.00,,,,
08/11/25 04:25:00,61.80,0.00,,,,
08/11/25 04:30:00,61.72,0.00,,,,
08/11/25 04:35:00,61.65,0.00,,,,
08/11/25 04:40:00,61.65,0.00,,,,
08/11/25 04:45:00,61.65,0.00,,,,
08/11/25 04:50:00,61.72,0.00,,,,
08/11/25 04:55:00,61.72,0.00,,,,
08/11/25 05:00:00,61.65,0.00,,,,
08/11/25 05:05:00,61.65,0.00,,,,
08/11/25 05:10:00,61.49,0.00,,,,
08/11/25 05:15:00,61.65,0.00,,,,
08/11/25 05:20:00,61.57,0.00,,,,
08/11/25 05:25:00,61.49,0.00,,,,
08/11/25 05:30:00,61.65,0.00,,,,
08/11/25 05:35:00,61.57,0.00,,,,
08/11/25 05:40:00,61.49,0.00,,,,
08/11/25 05:45:00,61.57,0.00,,,,
08/11/25 05:50:00,61.57,0.00,,,,
08/11/25 05:55:00,61.65,0.00,,,,
08/11/25 06:00:00,61.57,0.00,,,,
08/11/25 06:05:00,61.65,0.00,,,,
08/11/25 06:10:00,61.65,0.00,,,,
08/11/25 06:15:00,61.57,0.00,,,,
08/11/25 06:20:00,61.57,0.02,,,,
08/11/25 06:25:00,61.49,0.02,,,,
08/11/25 06:30:00,61.57,0.04,,,,
08/11/25 06:35:00,61.57,0.04,,,,
08/11/25 06:40:00,61.49,0.08,,,,
08/11/25 06:45:00,61.49,0.14,,,,
08/11/25 06:50:00,61.49,0.12,,,,
08/11/25 06:55:00,61.49,0.18,,,,
08/11/25 07:00:00,61.57,0.22,,,,
08/11/25 07:05:00,61.57,0.14,,,,
08/11/25 07:10:00,61.57,0.08,,,,
08/11/25 07:15:00,61.65,0.30,,,,
08/11/25 07:20:00,61.57,0.46,,,,
08/11/25 07:25:00,61.49,0.50,,,,
08/11/25 07:30:00,61.49,0.40,,,,
08/11/25 07:35:00,61.34,0.48,,,,
08/11/25 07:40:00,61.34,0.46,,,,
08/11/25 07:45:00,61.34,0.46,,,,
08/11/25 07:50:00,61.26,0.72,,,,
08/11/25 07:55:00,61.26,0.64,,,,
08/11/25 08:00:00,61.26,0.66,,,,
08/11/25 08:05:00,61.26,1.05,,,,
08/11/25 08:10:00,61.18,1.33,,,,
08/11/25 08:15:00,61.26,1.49,,,,
08/11/25 08:20:00,61.34,1.49,,,,
08/11/25 08:25:00,61.26,1.49,,,,
08/11/25 08:30:00,61.18,1.45,,,,
08/11/25 08:35:00,61.26,1.45,,,,
08/11/25 08:40:00,61.11,1.58,,,,
08/11/25 08:45:00,60.95,1.66,,,,
08/11/25 08:50:00,60.95,1.78,,,,
08/11/25 08:55:00,60.88,1.74,,,,
08/11/25 09:00:00,60.80,1.94,,,,
08/11/25 09:05:00,60.80,2.06,,,,
08/11/25 09:10:00,60.72,1.94,,,,
08/11/25 09:15:00,60.64,1.86,,,,
08/11/25 09:20:00,60.57,1.88,,,,
08/11/25 09:25:00,60.57,2.02,,,,
08/11/25 09:30:00,60.41,2.14,,,,
08/11/25 09:35:00,60.49,2.46,,,,
08/11/25 09:40:00,60.41,2.95,,,,
08/11/25 09:45:00,60.34,2.66,,,,
08/11/25 09:50:00,60.34,2.66,,,,
08/11/25 09:55:00,60.41,2.18,,,,
08/11/25 10:00:00,60.34,2.10,,,,
08/11/25 10:05:00,60.34,2.06,,,,
08/11/25 10:10:00,60.26,1.94,,,,
08/11/25 10:15:00,60.26,1.82,,,,
08/11/25 10:20:00,60.26,1.70,,,,
08/11/25 10:25:00,60.18,1.66,,,,
08/11/25 10:30:00,60.10,1.78,,,,
08/11/25 10:35:00,60.10,1.70,,,,
08/11/25 10:40:00,59.95,1.66,,,,
08/11/25 10:45:00,59.95,1.80,,,,
08/11/25 10:50:00,60.03,1.75,,,,
08/11/25 10:55:00,59.95,1.73,,,,
08/11/25 11:00:00,60.03,1.58,,,,
08/11/25 11:05:00,59.87,1.66,,,,
08/11/25 11:10:00,59.87,1.86,,,,
08/11/25 11:15:00,59.87,2.04,,,,
08/11/25 11:20:00,59.95,2.14,,,,
08/11/25 11:25:00,59.87,1.98,,,,
08/11/25 11:30:00,59.87,1.98,,,,
08/11/25 11:35:00,59.79,2.06,,,,
08/11/25 11:40:00,59.87,2.16,,,,
08/11/25 11:45:00,59.79,2.18,,,,
08/11/25 11:50:00,59.87,2.10,,,,
08/11/25 11:55:00,59.87,2.26,,,,
08/11/25 12:00:00,59.87,2.56,,,,
08/11/25 12:05:00,59.87,2.40,,,,
08/11/25 12:10:00,59.87,3.56,,,,
08/11/25 12:15:00,59.95,5.25,,,,
08/11/25 12:20:00,59.95,5.86,,,,
08/11/25 12:25:00,59.95,3.48,,,,
08/11/25 12:30:00,60.03,7.44,,,,
08/11/25 12:35:00,60.03,6.26,,,,
08/11/25 12:40:00,59.95,6.26,,,,
08/11/25 12:45:00,60.03,7.07,,,,
08/11/25 12:50:00,60.03,6.83,,,,
08/11/25 12:55:00,60.03,6.62,,,,
08/11/25 13:00:00,59.95,7.68,,,,
08/11/25 13:05:00,60.03,8.01,,,,
08/11/25 13:10:00,60.03,9.62,,,,
08/11/25 13:15:00,60.10,6.34,,,,
08/11/25 13:20:00,60.10,6.34,,,,
08/11/25 13:25:00,60.03,6.42,,,,
08/11/25 13:30:00,60.03,6.54,,,,
08/11/25 13:35:00,60.03,5.01,,,,
08/11/25 13:40:00,59.87,4.57,,,,
08/11/25 13:45:00,59.87,4.97,,,,
08/11/25 13:50:00,59.72,4.69,,,,
08/11/25 13:55:00,59.79,4.45,,,,
08/11/25 14:00:00,59.72,5.29,,,,
08/11/25 14:05:00,59.64,5.94,,,,
08/11/25 14:10:00,59.79,6.95,,,,
08/11/25 14:15:00,59.72,7.19,,,,
08/11/25 14:20:00,59.79,0.26,,,,
08/11/25 14:25:00,59.79,6.06,,,,
08/11/25 14:30:00,59.87,7.76,,,,
08/11/25 14:35:00,59.87,4.16,,,,
08/11/25 14:40:00,59.87,5.82,,,,
08/11/25 14:45:00,59.87,2.99,,,,
08/11/25 14:50:00,59.87,3.31,,,,
08/11/25 14:55:00,59.87,2.66,,,,
08/11/25 15:00:00,59.87,5.05,,,,
08/11/25 15:05:00,59.87,3.76,,,,
08/11/25 15:10:00,59.79,4.36,,,,
08/11/25 15:15:00,59.79,5.77,,,,
08/11/25 15:20:00,59.79,6.74,,,,
08/11/25 15:25:00,59.87,5.86,,,,
08/11/25 15:30:00,59.79,5.57,,,,
08/11/25 15:35:00,59.87,5.25,,,,
08/11/25 15:40:00,59.79,5.86,,,,
08/11/25 15:45:00,59.79,5.77,,,,
08/11/25 15:50:00,59.87,6.22,,,,
08/11/25 15:55:00,59.87,4.12,,,,
08/11/25 16:00:00,59.79,4.89,,,,
08/11/25 16:05:00,59.79,5.66,,,,
08/11/25 16:10:00,59.79,4.20,,,,
08/11/25 16:15:00,59.79,4.36,,,,
08/11/25 16:20:00,59.87,4.28,,,,
08/11/25 16:25:00,59.87,5.09,,,,
08/11/25 16:30:00,59.87,5.77,,,,
08/11/25 16:35:00,59.95,4.69,,,,
08/11/25 16:40:00,59.79,5.37,,,,
08/11/25 16:45:00,59.79,4.28,,,,
08/11/25 16:50:00,59.95,3.72,,,,
08/11/25 16:55:00,59.79,4.57,,,,
08/11/25 17:00:00,59.87,5.33,,,,
08/11/25 17:05:00,59.87,5.74,,,,
08/11/25 17:10:00,59.87,4.85,,,,
08/11/25 17:15:00,59.87,3.15,,,,
08/11/25 17:20:00,59.95,6.58,,,,
08/11/25 17:25:00,59.95,9.21,,,,
08/11/25 17:30:00,59.95,4.89,,,,
08/11/25 17:35:00,59.79,3.84,,,,
08/11/25 17:40:00,59.87,3.88,,,,
08/11/25 17:45:00,59.95,0.97,,,,
08/11/25 17:50:00,59.95,4.28,,,,
08/11/25 17:55:00,59.87,1.49,,,,
08/11/25 18:00:00,60.03,4.85,,,,
08/11/25 18:05:00,60.03,8.08,,,,
08/11/25 18:10:00,60.03,7.76,,,,
08/11/25 18:15:00,60.03,8.41,,,,
08/11/25 18:20:00,60.10,7.52,,,,
08/11/25 18:25:00,60.10,6.46,,,,
08/11/25 18:30:00,60.10,7.07,,,,
08/11/25 18:35:00,60.10,4.12,,,,
08/11/25 18:40:00,60.10,6.70,,,,
08/11/25 18:45:00,60.18,7.27,,,,
08/11/25 18:50:00,60.18,6.58,,,,
08/11/25 18:55:00,60.26,6.82,,,,
08/11/25 19:00:00,60.18,5.09,,,,
08/11/25 19:05:00,60.18,4.16,,,,
08/11/25 19:10:00,60.26,3.51,,,,
08/11/25 19:15:00,60.18,5.21,,,,
08/11/25 19:20:00,60.18,3.11,,,,
08/11/25 19:25:00,60.18,3.88,,,,
08/11/25 19:30:00,60.18,2.14,,,,
08/11/25 19:35:00,60.18,2.10,,,,
08/11/25 19:40:00,60.10,2.18,,,,
08/11/25 19:45:00,60.03,3.27,,,,
08/11/25 19:50:00,60.10,2.50,,,,
08/11/25 19:55:00,60.03,2.46,,,,
08/11/25 20:00:00,60.03,2.26,,,,
08/11/25 20:05:00,59.95,2.26,,,,
08/11/25 20:10:00,59.87,1.39,,,,
08/11/25 20:15:00,59.79,1.74,,,,
08/11/25 20:20:00,59.79,1.33,,,,
08/11/25 20:25:00,59.72,0.93,,,,
08/11/25 20:30:00,59.56,1.21,,,,
08/11/25 20:35:00,59.33,14.07,,,,
08/11/25 20:40:00,58.48,19.09,,,,
08/11/25 20:45:00,57.71,20.39,,,,
08/11/25 20:50:00,57.71,0.85,,,,
08/11/25 20:55:00,58.56,0.85,,,,
08/11/25 21:00:00,59.33,0.26,,,,
08/11/25 21:05:00,59.87,0.12,,,,
08/11/25 21:10:00,60.49,0.56,,,,
08/11/25 21:15:00,60.80,0.56,,,,
08/11/25 21:20:00,60.64,0.60,,,,
08/11/25 21:25:00,60.49,0.60,,,,
08/11/25 21:30:00,60.26,0.58,,,,
08/11/25 21:35:00,60.18,0.60,,,,
08/11/25 21:40:00,60.03,0.56,,,,
08/11/25 21:45:00,59.95,0.58,,,,
08/11/25 21:50:00,59.79,0.58,,,,
08/11/25 21:55:00,59.79,0.56,,,,
08/11/25 22:00:00,59.64,0.56,,,,
08/11/25 22:05:00,59.56,0.56,,,,
08/11/25 22:10:00,59.56,0.56,,,,
08/11/25 22:15:00,59.49,0.56,,,,
08/11/25 22:20:00,59.41,0.56,,,,
08/11/25 22:25:00,59.25,0.56,,,,
08/11/25 22:30:00,59.41,0.56,,,,
08/11/25 22:35:00,59.33,0.54,,,,
08/11/25 22:40:00,59.25,0.52,,,,
08/11/25 22:45:00,59.33,0.52,,,,
08/11/25 22:50:00,59.41,0.02,,,,
08/11/25 22:55:00,59.49,0.00,,,,
08/11/25 23:00:00,59.49,0.00,,,,
08/11/25 23:05:00,59.41,0.00,,,,
08/11/25 23:10:00,59.25,0.00,,,,
08/11/25 23:15:00,59.18,0.00,,,,
08/11/25 23:20:00,59.18,0.00,,,,
08/11/25 23:25:00,59.02,0.00,,,,
08/11/25 23:30:00,59.02,0.00,,,,
08/11/25 23:35:00,58.95,0.00,,,,
08/11/25 23:40:00,58.87,0.00,,,,
08/11/25 23:45:00,58.87,0.00,,,,
08/11/25 23:50:00,58.79,0.00,,,,
08/11/25 23:55:00,58.79,0.00,,,,
08/12/25 00:00:00,58.79,0.00,,,,
08/12/25 00:05:00,58.79,0.00,,,,
08/12/25 00:10:00,58.71,0.00,,,,
08/12/25 00:15:00,58.71,0.00,,,,
08/12/25 00:20:00,58.79,0.00,,,,
08/12/25 00:25:00,58.71,0.00,,,,
08/12/25 00:30:00,58.71,0.00,,,,
08/12/25 00:35:00,58.71,0.00,,,,
08/12/25 00:40:00,58.71,0.00,,,,
08/12/25 00:45:00,58.71,0.00,,,,
08/12/25 00:50:00,58.71,0.00,,,,
08/12/25 00:55:00,58.64,0.00,,,,
08/12/25 01:00:00,58.64,0.00,,,,
08/12/25 01:05:00,58.64,0.00,,,,
08/12/25 01:10:00,58.64,0.00,,,,
08/12/25 01:15:00,58.56,0.00,,,,
08/12/25 01:20:00,58.64,0.00,,,,
08/12/25 01:25:00,58.56,0.00,,,,
08/12/25 01:30:00,58.64,0.00,,,,
08/12/25 01:35:00,58.64,0.00,,,,
08/12/25 01:40:00,58.71,0.00,,,,
08/12/25 01:45:00,58.71,0.00,,,,
08/12/25 01:50:00,58.64,0.00,,,,
08/12/25 01:55:00,58.79,0.00,,,,
08/12/25 02:00:00,58.87,0.00,,,,
08/12/25 02:05:00,59.72,0.00,,,,
08/12/25 02:10:00,60.57,0.00,,,,
08/12/25 02:15:00,61.72,0.00,,,,
08/12/25 02:20:00,62.50,0.00,,,,
08/12/25 02:25:00,61.80,0.00,,,,
08/12/25 02:30:00,61.42,0.00,,,,
08/12/25 02:35:00,61.11,0.00,,,,
08/12/25 02:40:00,60.72,0.00,,,,
08/12/25 02:45:00,60.34,0.00,,,,
08/12/25 02:50:00,60.18,0.00,,,,
08/12/25 02:55:00,60.03,0.00,,,,
08/12/25 03:00:00,59.79,0.00,,,,
08/12/25 03:05:00,59.64,0.00,,,,
08/12/25 03:10:00,59.64,0.00,,,,
08/12/25 03:15:00,59.56,0.00,,,,
08/12/25 03:20:00,59.49,0.00,,,,
08/12/25 03:25:00,59.41,0.00,,,,
08/12/25 03:30:00,59.33,0.00,,,,
08/12/25 03:35:00,59.25,0.00,,,,
08/12/25 03:40:00,59.18,0.00,,,,
08/12/25 03:45:00,59.10,0.00,,,,
08/12/25 03:50:00,59.10,0.00,,,,
08/12/25 03:55:00,59.02,0.00,,,,
08/12/25 04:00:00,59.02,0.00,,,,
08/12/25 04:05:00,59.02,0.00,,,,
08/12/25 04:10:00,59.02,0.00,,,,
08/12/25 04:15:00,58.95,0.00,,,,
08/12/25 04:20:00,58.87,0.00,,,,
08/12/25 04:25:00,59.02,0.00,,,,
08/12/25 04:30:00,58.87,0.00,,,,
08/12/25 04:35:00,59.02,0.00,,,,
08/12/25 04:40:00,58.95,0.00,,,,
08/12/25 04:45:00,58.95,0.00,,,,
08/12/25 04:50:00,58.87,0.00,,,,
08/12/25 04:55:00,58.79,0.00,,,,
08/12/25 05:00:00,58.87,0.00,,,,
08/12/25 05:05:00,58.95,0.00,,,,
08/12/25 05:10:00,58.95,0.00,,,,
08/12/25 05:15:00,58.95,0.00,,,,
08/12/25 05:20:00,59.02,0.00,,,,
08/12/25 05:25:00,58.95,0.00,,,,
08/12/25 05:30:00,59.10,0.00,,,,
08/12/25 05:35:00,59.10,0.00,,,,
08/12/25 05:40:00,59.10,0.00,,,,
08/12/25 05:45:00,59.25,0.00,,,,
08/12/25 05:50:00,59.18,0.00,,,,
08/12/25 05:55:00,59.33,0.00,,,,
08/12/25 06:00:00,59.56,0.00,,,,
08/12/25 06:05:00,59.49,0.00,,,,
08/12/25 06:10:00,59.33,0.00,,,,
08/12/25 06:15:00,59.18,0.00,,,,
08/12/25 06:20:00,59.18,0.00,,,,
08/12/25 06:25:00,59.18,0.00,,,,
08/12/25 06:30:00,59.18,0.00,,,,
08/12/25 06:35:00,59.10,0.00,,,,
08/12/25 06:40:00,59.10,0.02,,,,
08/12/25 06:45:00,59.02,0.00,,,,
08/12/25 06:50:00,59.02,0.00,,,,
08/12/25 06:55:00,58.95,0.00,,,,
08/12/25 07:00:00,58.95,0.02,,,,
08/12/25 07:05:00,58.79,0.06,,,,
08/12/25 07:10:00,58.71,0.08,,,,
08/12/25 07:15:00,58.71,0.10,,,,
08/12/25 07:20:00,58.64,0.10,,,,
08/12/25 07:25:00,58.48,0.12,,,,
08/12/25 07:30:00,58.40,0.08,,,,
08/12/25 07:35:00,58.48,0.06,,,,
08/12/25 07:40:00,58.33,0.10,,,,
08/12/25 07:45:00,58.33,0.08,,,,
08/12/25 07:50:00,58.25,0.10,,,,
08/12/25 07:55:00,58.17,0.14,,,,
08/12/25 08:00:00,58.33,0.24,,,,
08/12/25 08:05:00,58.25,0.28,,,,
08/12/25 08:10:00,58.25,0.28,,,,
08/12/25 08:15:00,58.25,0.26,,,,
08/12/25 08:20:00,58.25,0.34,,,,
08/12/25 08:25:00,58.10,0.46,,,,
08/12/25 08:30:00,58.17,0.52,,,,
08/12/25 08:35:00,58.10,0.72,,,,
08/12/25 08:40:00,58.02,0.42,,,,
08/12/25 08:45:00,58.02,0.34,,,,
08/12/25 08:50:00,58.10,0.36,,,,
08/12/25 08:55:00,58.02,0.38,,,,
08/12/25 09:00:00,57.94,0.42,,,,
08/12/25 09:05:00,57.94,0.28,,,,
08/12/25 09:10:00,57.86,0.36,,,,
08/12/25 09:15:00,57.86,0.30,,,,
08/12/25 09:20:00,57.79,0.32,,,,
08/12/25 09:25:00,57.79,0.30,,,,
08/12/25 09:30:00,57.94,0.46,,,,
08/12/25 09:35:00,57.94,0.46,,,,
08/12/25 09:40:00,57.94,0.40,,,,
08/12/25 09:45:00,57.94,0.32,,,,
08/12/25 09:50:00,58.02,0.48,,,,
08/12/25 09:55:00,58.02,0.52,,,,
08/12/25 10:00:00,58.10,0.48,,,,
08/12/25 10:05:00,58.10,0.58,,,,
08/12/25 10:10:00,58.02,0.72,,,,
08/12/25 10:15:00,58.10,0.52,,,,
08/12/25 10:20:00,58.10,0.52,,,,
08/12/25 10:25:00,58.17,0.81,,,,
08/12/25 10:30:00,58.17,1.05,,,,
08/12/25 10:35:00,58.17,1.09,,,,
08/12/25 10:40:00,58.33,0.95,,,,
08/12/25 10:45:00,58.40,1.03,,,,
08/12/25 10:50:00,58.40,0.56,,,,
08/12/25 10:55:00,58.33,0.60,,,,
08/12/25 11:00:00,58.25,0.83,,,,
08/12/25 11:05:00,58.17,0.70,,,,
08/12/25 11:10:00,58.25,0.99,,,,
08/12/25 11:15:00,58.25,0.77,,,,
08/12/25 11:20:00,58.33,0.95,,,,
08/12/25 11:25:00,58.25,0.85,,,,
08/12/25 11:30:00,58.33,0.95,,,,
08/12/25 11:35:00,58.48,1.15,,,,
08/12/25 11:40:00,58.48,1.17,,,,
08/12/25 11:45:00,58.56,0.82,,,,
08/12/25 11:50:00,58.71,2.75,,,,
08/12/25 11:55:00,58.95,2.81,,,,
08/12/25 12:00:00,58.95,3.89,,,,
08/12/25 12:05:00,59.10,1.11,,,,
08/12/25 12:10:00,59.18,1.15,,,,
08/12/25 12:15:00,59.33,2.19,,,,
08/12/25 12:20:00,59.41,3.73,,,,
08/12/25 12:25:00,59.49,2.59,,,,
08/12/25 12:30:00,59.72,1.95,,,,
08/12/25 12:35:00,59.79,1.23,,,,
08/12/25 12:40:00,59.79,0.59,,,,
08/12/25 12:45:00,59.87,0.79,,,,
08/12/25 12:50:00,59.87,0.83,,,,
08/12/25 12:55:00,59.87,0.85,,,,
08/12/25 13:00:00,59.87,0.69,,,,
08/12/25 13:05:00,59.95,0.54,,,,
08/12/25 13:10:00,59.79,0.61,,,,
08/12/25 13:15:00,59.72,0.46,,,,
08/12/25 13:20:00,59.64,0.46,,,,
08/12/25 13:25:00,59.64,0.38,,,,
08/12/25 13:30:00,59.56,0.48,,,,
08/12/25 13:35:00,59.49,0.60,,,,
08/12/25 13:40:00,59.41,0.52,,,,
08/12/25 13:45:00,59.56,0.72,,,,
08/12/25 13:50:00,59.56,0.52,,,,
08/12/25 13:55:00,59.41,0.69,,,,
08/12/25 14:00:00,59.56,0.79,,,,
08/12/25 14:05:00,59.64,0.81,,,,
08/12/25 14:10:00,59.64,0.58,,,,
08/12/25 14:15:00,59.56,0.52,,,,
08/12/25 14:20:00,59.56,0.56,,,,
08/12/25 14:25:00,59.49,0.44,,,,
08/12/25 14:30:00,59.49,0.46,,,,
08/12/25 14:35:00,59.49,0.40,,,,
08/12/25 14:40:00,59.49,0.48,,,,
08/12/25 14:45:00,59.41,0.50,,,,
08/12/25 14:50:00,59.41,0.42,,,,
08/12/25 14:55:00,59.49,0.36,,,,
08/12/25 15:00:00,59.49,0.32,,,,
08/12/25 15:05:00,59.41,0.30,,,,
08/12/25 15:10:00,59.41,0.30,,,,
08/12/25 15:15:00,59.41,0.30,,,,
08/12/25 15:20:00,59.41,0.28,,,,
08/12/25 15:25:00,59.41,0.34,,,,
08/12/25 15:30:00,59.41,0.34,,,,
08/12/25 15:35:00,59.41,0.36,,,,
08/12/25 15:40:00,59.33,0.34,,,,
08/12/25 15:45:00,59.41,0.06,,,,
08/12/25 15:50:00,59.49,0.34,,,,
08/12/25 15:55:00,59.49,0.32,,,,
08/12/25 16:00:00,59.56,0.36,,,,
08/12/25 16:05:00,59.41,0.32,,,,
08/12/25 16:10:00,59.49,0.26,,,,
08/12/25 16:15:00,59.49,0.26,,,,
08/12/25 16:20:00,59.41,0.24,,,,
08/12/25 16:25:00,59.41,0.24,,,,
08/12/25 16:30:00,59.33,0.26,,,,
08/12/25 16:35:00,59.33,0.22,,,,
08/12/25 16:40:00,59.33,0.22,,,,
08/12/25 16:45:00,59.33,0.18,,,,
08/12/25 16:50:00,59.33,0.20,,,,
08/12/25 16:55:00,59.33,0.24,,,,
08/12/25 17:00:00,59.33,0.26,,,,
08/12/25 17:05:00,59.18,0.28,,,,
08/12/25 17:10:00,59.25,0.30,,,,
08/12/25 17:15:00,59.25,0.26,,,,
08/12/25 17:20:00,59.25,0.26,,,,
08/12/25 17:25:00,59.18,0.30,,,,
08/12/25 17:30:00,59.25,0.34,,,,
08/12/25 17:35:00,59.18,0.38,,,,
08/12/25 17:40:00,59.25,0.50,,,,
08/12/25 17:45:00,59.18,0.54,,,,
08/12/25 17:50:00,59.18,1.27,,,,
08/12/25 17:55:00,59.25,0.68,,,,
08/12/25 18:00:00,59.33,0.75,,,,
08/12/25 18:05:00,59.33,1.17,,,,
08/12/25 18:10:00,59.41,1.27,,,,
08/12/25 18:15:00,59.49,0.81,,,,
08/12/25 18:20:00,59.49,1.15,,,,
08/12/25 18:25:00,59.56,1.31,,,,
08/12/25 18:30:00,59.64,1.27,,,,
08/12/25 18:35:00,59.64,1.11,,,,
08/12/25 18:40:00,59.72,0.81,,,,
08/12/25 18:45:00,59.64,0.56,,,,
08/12/25 18:50:00,59.64,0.61,,,,
08/12/25 18:55:00,59.72,0.56,,,,
08/12/25 19:00:00,59.79,0.56,,,,
08/12/25 19:05:00,59.79,0.77,,,,
08/12/25 19:10:00,59.87,0.58,,,,
08/12/25 19:15:00,59.87,0.67,,,,
08/12/25 19:20:00,59.79,0.34,,,,
08/12/25 19:25:00,59.95,0.38,,,,
08/12/25 19:30:00,59.95,0.30,,,,
08/12/25 19:35:00,59.87,0.26,,,,
08/12/25 19:40:00,59.95,0.24,,,,
08/12/25 19:45:00,60.10,0.24,,,,
08/12/25 19:50:00,60.03,0.20,,,,
08/12/25 19:55:00,60.03,0.12,,,,
08/12/25 20:00:00,60.03,0.08,,,,
08/12/25 20:05:00,60.03,0.08,,,,
08/12/25 20:10:00,60.03,0.06,,,,
08/12/25 20:15:00,60.03,0.04,,,,
08/12/25 20:20:00,60.10,0.04,,,,
08/12/25 20:25:00,60.03,0.04,,,,
08/12/25 20:30:00,60.03,0.04,,,,
08/12/25 20:35:00,60.03,0.04,,,,
08/12/25 20:40:00,60.03,0.04,,,,
08/12/25 20:45:00,60.03,0.04,,,,
08/12/25 20:50:00,60.03,0.04,,,,
08/12/25 20:55:00,60.10,0.02,,,,
08/12/25 21:00:00,60.03,0.02,,,,
08/12/25 21:05:00,60.10,0.02,,,,
08/12/25 21:10:00,60.10,0.00,,,,
08/12/25 21:15:00,60.10,0.00,,,,
08/12/25 21:20:00,60.03,0.00,,,,
08/12/25 21:25:00,60.03,0.00,,,,
08/12/25 21:30:00,60.10,0.00,,,,
08/12/25 21:35:00,60.10,0.00,,,,
08/12/25 21:40:00,60.03,0.00,,,,
08/12/25 21:45:00,60.10,0.00,,,,
08/12/25 21:50:00,60.10,0.00,,,,
08/12/25 21:55:00,60.10,0.00,,,,
08/12/25 22:00:00,60.03,0.00,,,,
08/12/25 22:05:00,60.03,0.02,,,,
08/12/25 22:10:00,60.03,0.00,,,,
08/12/25 22:15:00,60.03,0.00,,,,
08/12/25 22:20:00,59.95,0.18,,,,
08/12/25 22:25:00,59.95,0.14,,,,
08/12/25 22:30:00,60.10,0.14,,,,
08/12/25 22:35:00,60.10,0.14,,,,
08/12/25 22:40:00,60.10,0.00,,,,
08/12/25 22:45:00,60.10,0.00,,,,
08/12/25 22:50:00,60.41,0.00,,,,
08/12/25 22:55:00,60.49,0.00,,,,
08/12/25 23:00:00,60.64,0.00,,,,
08/12/25 23:05:00,60.57,0.00,,,,
08/12/25 23:10:00,60.57,0.00,,,,
08/12/25 23:15:00,60.57,0.00,,,,
08/12/25 23:20:00,60.49,0.00,,,,
08/12/25 23:25:00,60.49,0.00,,,,
08/12/25 23:30:00,60.57,0.00,,,,
08/12/25 23:35:00,60.49,0.00,,,,
08/12/25 23:40:00,60.49,0.00,,,,
08/12/25 23:45:00,60.41,0.00,,,,
08/12/25 23:50:00,60.34,0.00,,,,
08/12/25 23:55:00,60.26,0.00,,,,
08/13/25 00:00:00,60.26,0.00,,,,
08/13/25 00:05:00,60.26,0.00,,,,
08/13/25 00:10:00,60.18,0.00,,,,
08/13/25 00:15:00,60.10,0.00,,,,
08/13/25 00:20:00,60.10,0.00,,,,
08/13/25 00:25:00,60.03,0.00,,,,
08/13/25 00:30:00,60.03,0.00,,,,
08/13/25 00:35:00,59.95,0.00,,,,
08/13/25 00:40:00,59.95,0.00,,,,
08/13/25 00:45:00,59.95,0.00,,,,
08/13/25 00:50:00,59.87,0.00,,,,
08/13/25 00:55:00,59.87,0.00,,,,
08/13/25 01:00:00,59.79,0.00,,,,
08/13/25 01:05:00,59.79,0.00,,,,
08/13/25 01:10:00,59.72,0.00,,,,
08/13/25 01:15:00,59.79,0.00,,,,
08/13/25 01:20:00,59.79,0.00,,,,
08/13/25 01:25:00,59.72,0.00,,,,
08/13/25 01:30:00,59.56,0.00,,,,
08/13/25 01:35:00,59.64,0.00,,,,
08/13/25 01:40:00,59.56,0.00,,,,
08/13/25 01:45:00,59.56,0.00,,,,
08/13/25 01:50:00,59.56,0.00,,,,
08/13/25 01:55:00,59.56,0.00,,,,
08/13/25 02:00:00,59.49,0.00,,,,
08/13/25 02:05:00,59.41,0.00,,,,
08/13/25 02:10:00,59.49,0.00,,,,
08/13/25 02:15:00,59.41,0.00,,,,
08/13/25 02:20:00,59.41,0.00,,,,
08/13/25 02:25:00,59.33,0.00,,,,
08/13/25 02:30:00,59.41,0.00,,,,
08/13/25 02:35:00,59.33,0.00,,,,
08/13/25 02:40:00,59.25,0.00,,,,
08/13/25 02:45:00,59.18,0.00,,,,
08/13/25 02:50:00,59.25,0.00,,,,
08/13/25 02:55:00,59.18,0.00,,,,
08/13/25 03:00:00,59.10,0.00,,,,
08/13/25 03:05:00,59.02,0.00,,,,
08/13/25 03:10:00,59.02,0.00,,,,
08/13/25 03:15:00,59.02,0.00,,,,
08/13/25 03:20:00,59.02,0.00,,,,
08/13/25 03:25:00,59.02,0.00,,,,
08/13/25 03:30:00,58.95,0.00,,,,
08/13/25 03:35:00,58.95,0.00,,,,
08/13/25 03:40:00,58.95,0.00,,,,
08/13/25 03:45:00,58.87,0.00,,,,
08/13/25 03:50:00,58.87,0.00,,,,
08/13/25 03:55:00,58.79,0.00,,,,
08/13/25 04:00:00,58.71,0.00,,,,
08/13/25 04:05:00,58.79,0.00,,,,
08/13/25 04:10:00,58.71,0.00,,,,
08/13/25 04:15:00,58.71,0.00,,,,
08/13/25 04:20:00,58.71,0.00,,,,
08/13/25 04:25:00,58.64,0.00,,,,
08/13/25 04:30:00,58.64,0.00,,,,
08/13/25 04:35:00,58.56,0.00,,,,
08/13/25 04:40:00,58.56,0.00,,,,
08/13/25 04:45:00,58.48,0.00,,,,
08/13/25 04:50:00,58.48,0.00,,,,
08/13/25 04:55:00,58.48,0.00,,,,
08/13/25 05:00:00,58.48,0.00,,,,
08/13/25 05:05:00,58.40,0.00,,,,
08/13/25 05:10:00,58.40,0.00,,,,
08/13/25 05:15:00,58.25,0.00,,,,
08/13/25 05:20:00,58.25,0.00,,,,
08/13/25 05:25:00,58.17,0.00,,,,
08/13/25 05:30:00,58.17,0.00,,,,
08/13/25 05:35:00,58.10,0.00,,,,
08/13/25 05:40:00,58.02,0.00,,,,
08/13/25 05:45:00,57.94,0.00,,,,
08/13/25 05:50:00,58.02,0.00,,,,
08/13/25 05:55:00,57.94,0.02,,,,
08/13/25 06:00:00,57.94,0.00,,,,
08/13/25 06:05:00,57.86,0.00,,,,
08/13/25 06:10:00,57.79,0.00,,,,
08/13/25 06:15:00,57.79,0.00,,,,
08/13/25 06:20:00,57.79,0.00,,,,
08/13/25 06:25:00,57.71,0.00,,,,
08/13/25 06:30:00,57.63,0.00,,,,
08/13/25 06:35:00,57.71,0.00,,,,
08/13/25 06:40:00,57.63,0.00,,,,
08/13/25 06:45:00,57.56,0.00,,,,
08/13/25 06:50:00,57.48,0.00,,,,
08/13/25 06:55:00,57.48,0.00,,,,
08/13/25 07:00:00,57.48,0.00,,,,
08/13/25 07:05:00,57.40,0.00,,,,
08/13/25 07:10:00,57.40,0.00,,,,
08/13/25 07:15:00,57.32,0.00,,,,
08/13/25 07:20:00,57.32,0.00,,,,
08/13/25 07:25:00,57.25,0.00,,,,
08/13/25 07:30:00,57.25,0.00,,,,
08/13/25 07:35:00,57.25,0.00,,,,
08/13/25 07:40:00,57.17,0.00,,,,
08/13/25 07:45:00,57.17,0.00,,,,
08/13/25 07:50:00,57.09,0.00,,,,
08/13/25 07:55:00,57.09,0.00,,,,
08/13/25 08:00:00,57.09,0.00,,,,
08/13/25 08:05:00,57.01,0.16,,,,
08/13/25 08:10:00,57.09,0.18,,,,
08/13/25 08:15:00,57.09,0.18,,,,
08/13/25 08:20:00,57.09,0.18,,,,
08/13/25 08:25:00,57.09,0.20,,,,
08/13/25 08:30:00,57.01,0.18,,,,
08/13/25 08:35:00,57.01,0.22,,,,
08/13/25 08:40:00,56.94,0.20,,,,
08/13/25 08:45:00,56.94,0.22,,,,
08/13/25 08:50:00,56.94,0.26,,,,
08/13/25 08:55:00,56.78,0.26,,,,
08/13/25 09:00:00,56.78,0.28,,,,
08/13/25 09:05:00,56.78,0.28,,,,
08/13/25 09:10:00,56.78,0.30,,,,
08/13/25 09:15:00,56.78,0.32,,,,
08/13/25 09:20:00,56.55,0.46,,,,
08/13/25 09:25:00,56.63,0.48,,,,
08/13/25 09:30:00,56.47,0.52,,,,
08/13/25 09:35:00,56.63,0.56,,,,
08/13/25 09:40:00,56.55,0.60,,,,
08/13/25 09:45:00,56.55,0.60,,,,
08/13/25 09:50:00,56.55,0.68,,,,
08/13/25 09:55:00,56.47,0.68,,,,
08/13/25 10:00:00,56.47,0.70,,,,
08/13/25 10:05:00,56.47,0.79,,,,
08/13/25 10:10:00,56.40,0.81,,,,
08/13/25 10:15:00,56.32,0.86,,,,
08/13/25 10:20:00,56.40,0.93,,,,
08/13/25 10:25:00,56.40,0.95,,,,
08/13/25 10:30:00,56.40,1.01,,,,
08/13/25 10:35:00,56.32,0.97,,,,
08/13/25 10:40:00,56.40,1.13,,,,
08/13/25 10:45:00,56.55,1.23,,,,
08/13/25 10:50:00,56.47,1.39,,,,
08/13/25 10:55:00,56.47,1.45,,,,
08/13/25 11:00:00,56.55,0.89,,,,
08/13/25 11:05:00,56.63,1.88,,,,
08/13/25 11:10:00,56.71,1.05,,,,
08/13/25 11:15:00,60.72,971.78,,,,
08/13/25 11:20:00,75.70,2027.27,,,,
08/13/25 11:25:00,73.69,91.36,,,,
08/13/25 11:30:00,73.54,86.30,,,,
08/13/25 11:35:00,73.31,80.68,,,,
08/13/25 11:40:00,74.47,867.13,,,,
08/13/25 11:45:00,77.48,166.84,,,,
08/13/25 11:50:00,77.40,66.03,,,,
08/13/25 11:55:00,84.20,65.34,,,,
08/13/25 12:00:00,90.91,424.88,,,,
08/13/25 12:05:00,96.09,417.75,,,,
08/13/25 12:10:00,92.69,9.28,,,,
08/13/25 12:15:00,87.90,9.61,,,,
08/13/25 12:20:00,84.20,8.06,,,,
08/13/25 12:25:00,81.11,9.34,,,,
08/13/25 12:30:00,78.56,7.82,,,,
08/13/25 12:35:00,76.71,8.21,,,,
08/13/25 12:40:00,75.24,8.14,,,,
08/13/25 12:45:00,74.54,1.82,,,,
08/13/25 12:50:00,71.15,1.74,,,,
08/13/25 12:55:00,68.52,1.70,,,,
08/13/25 13:00:00,66.51,1.66,,,,
08/13/25 13:05:00,64.81,1.74,,,,
08/13/25 13:10:00,63.50,1.23,,,,
08/13/25 13:15:00,62.50,1.66,,,,
08/13/25 13:20:00,61.65,1.70,,,,
08/13/25 13:25:00,61.11,1.70,,,,
08/13/25 13:30:00,60.49,1.62,,,,
08/13/25 13:35:00,60.10,1.58,,,,
08/13/25 13:40:00,59.87,1.62,,,,
08/13/25 13:45:00,59.64,1.66,,,,
08/13/25 13:50:00,59.25,1.49,,,,
08/13/25 13:55:00,59.10,1.60,,,,
08/13/25 14:00:00,59.02,1.33,,,,
08/13/25 14:05:00,58.95,1.60,,,,
08/13/25 14:10:00,58.79,1.45,,,,
08/13/25 14:15:00,58.79,1.31,,,,
08/13/25 14:20:00,58.79,1.21,,,,
08/13/25 14:25:00,58.71,1.31,,,,
08/13/25 14:30:00,58.71,1.94,,,,
08/13/25 14:35:00,58.71,1.58,,,,
08/13/25 14:40:00,58.64,1.90,,,,
08/13/25 14:45:00,58.64,1.90,,,,
08/13/25 14:50:00,58.64,1.86,,,,
08/13/25 14:55:00,58.64,1.84,,,,
08/13/25 15:00:00,58.56,1.31,,,,
08/13/25 15:05:00,58.64,1.35,,,,
08/13/25 15:10:00,58.71,1.88,,,,
08/13/25 15:15:00,58.64,2.06,,,,
08/13/25 15:20:00,58.71,1.31,,,,
08/13/25 15:25:00,58.79,1.25,,,,
08/13/25 15:30:00,58.79,2.15,,,,
08/13/25 15:35:00,58.87,1.80,,,,
08/13/25 15:40:00,58.87,2.39,,,,
08/13/25 15:45:00,58.95,1.82,,,,
08/13/25 15:50:00,59.10,2.19,,,,
08/13/25 15:55:00,58.95,2.23,,,,
08/13/25 16:00:00,59.02,2.27,,,,
08/13/25 16:05:00,59.02,2.21,,,,
08/13/25 16:10:00,59.18,1.98,,,,
08/13/25 16:15:00,59.49,0.44,,,,
08/13/25 16:20:00,59.64,0.79,,,,
08/13/25 16:25:00,59.72,1.13,,,,
08/13/25 16:30:00,59.79,0.83,,,,
08/13/25 16:35:00,59.95,1.09,,,,
08/13/25 16:40:00,60.03,1.15,,,,
08/13/25 16:45:00,60.03,1.05,,,,
08/13/25 16:50:00,60.10,1.31,,,,
08/13/25 16:55:00,60.18,0.50,,,,
08/13/25 17:00:00,60.26,1.45,,,,
08/13/25 17:05:00,60.34,1.37,,,,
08/13/25 17:10:00,60.34,1.41,,,,
08/13/25 17:15:00,60.26,1.27,,,,
08/13/25 17:20:00,60.49,1.23,,,,
08/13/25 17:25:00,60.49,0.77,,,,
08/13/25 17:30:00,60.64,0.38,,,,
08/13/25 17:35:00,60.41,0.20,,,,
08/13/25 17:40:00,60.34,0.34,,,,
08/13/25 17:45:00,60.26,0.40,,,,
08/13/25 17:50:00,60.18,0.75,,,,
08/13/25 17:55:00,60.26,0.71,,,,
08/13/25 18:00:00,60.18,0.72,,,,
08/13/25 18:05:00,60.18,0.46,,,,
08/13/25 18:10:00,60.10,0.44,,,,
08/13/25 18:15:00,60.18,0.70,,,,
08/13/25 18:20:00,60.18,0.50,,,,
08/13/25 18:25:00,60.18,0.72,,,,
08/13/25 18:30:00,60.18,0.75,,,,
08/13/25 18:35:00,60.34,0.72,,,,
08/13/25 18:40:00,60.26,0.68,,,,
08/13/25 18:45:00,60.26,0.58,,,,
08/13/25 18:50:00,60.34,0.58,,,,
08/13/25 18:55:00,60.34,0.56,,,,
08/13/25 19:00:00,60.26,0.50,,,,
08/13/25 19:05:00,60.34,0.56,,,,
08/13/25 19:10:00,60.41,0.54,,,,
08/13/25 19:15:00,60.41,0.52,,,,
08/13/25 19:20:00,60.41,0.52,,,,
08/13/25 19:25:00,60.41,0.60,,,,
08/13/25 19:30:00,60.41,0.62,,,,
08/13/25 19:35:00,60.41,0.62,,,,
08/13/25 19:40:00,60.41,0.62,,,,
08/13/25 19:45:00,60.49,0.60,,,,
08/13/25 19:50:00,60.41,0.58,,,,
08/13/25 19:55:00,60.49,0.46,,,,
08/13/25 20:00:00,60.49,0.64,,,,
08/13/25 20:05:00,60.64,0.58,,,,
08/13/25 20:10:00,60.57,0.56,,,,
08/13/25 20:15:00,60.57,0.54,,,,
08/13/25 20:20:00,60.64,0.46,,,,
08/13/25 20:25:00,60.57,0.46,,,,
08/13/25 20:30:00,60.64,0.44,,,,
08/13/25 20:35:00,60.57,0.50,,,,
08/13/25 20:40:00,60.64,0.48,,,,
08/13/25 20:45:00,60.72,0.48,,,,
08/13/25 20:50:00,60.72,0.48,,,,
08/13/25 20:55:00,60.72,0.42,,,,
08/13/25 21:00:00,60.80,0.44,,,,
08/13/25 21:05:00,60.80,0.42,,,,
08/13/25 21:10:00,60.80,0.38,,,,
08/13/25 21:15:00,60.80,0.36,,,,
08/13/25 21:20:00,60.88,0.42,,,,
08/13/25 21:25:00,60.80,0.34,,,,
08/13/25 21:30:00,60.80,0.34,,,,
08/13/25 21:35:00,60.88,0.32,,,,
08/13/25 21:40:00,60.88,0.32,,,,
08/13/25 21:45:00,60.88,0.32,,,,
08/13/25 21:50:00,60.88,0.32,,,,
08/13/25 21:55:00,60.88,0.32,,,,
08/13/25 22:00:00,60.80,0.32,,,,
08/13/25 22:05:00,60.64,0.32,,,,
08/13/25 22:10:00,60.72,0.32,,,,
08/13/25 22:15:00,60.57,0.32,,,,
08/13/25 22:20:00,60.57,0.32,,,,
08/13/25 22:25:00,60.49,0.32,,,,
08/13/25 22:30:00,60.34,0.32,,,,
08/13/25 22:35:00,60.34,0.32,,,,
08/13/25 22:40:00,60.26,0.00,,,,
08/13/25 22:45:00,60.26,0.00,,,,
08/13/25 22:50:00,60.10,0.00,,,,
08/13/25 22:55:00,60.10,0.00,,,,
08/13/25 23:00:00,59.95,0.00,,,,
08/13/25 23:05:00,59.95,0.00,,,,
08/13/25 23:10:00,59.87,0.00,,,,
08/13/25 23:15:00,59.87,0.00,,,,
08/13/25 23:20:00,59.87,0.00,,,,
08/13/25 23:25:00,59.87,0.00,,,,
08/13/25 23:30:00,59.79,0.00,,,,
08/13/25 23:35:00,59.87,0.00,,,,
08/13/25 23:40:00,59.95,0.00,,,,
08/13/25 23:45:00,59.72,0.00,,,,
08/13/25 23:50:00,59.72,0.00,,,,
08/13/25 23:55:00,59.64,0.00,,,,
08/14/25 00:00:00,59.56,0.00,,,,
08/14/25 00:05:00,59.49,0.00,,,,
08/14/25 00:10:00,59.49,0.00,,,,
08/14/25 00:15:00,59.33,0.00,,,,
08/14/25 00:20:00,59.25,0.00,,,,
08/14/25 00:25:00,59.25,0.00,,,,
08/14/25 00:30:00,59.18,0.00,,,,
08/14/25 00:35:00,59.10,0.00,,,,
08/14/25 00:40:00,58.95,0.00,,,,
08/14/25 00:45:00,58.95,0.00,,,,
08/14/25 00:50:00,58.87,0.00,,,,
08/14/25 00:55:00,58.87,0.00,,,,
08/14/25 01:00:00,58.79,0.00,,,,
08/14/25 01:05:00,58.87,0.00,,,,
08/14/25 01:10:00,58.79,0.00,,,,
08/14/25 01:15:00,58.79,0.02,,,,
08/14/25 01:20:00,58.71,0.00,,,,
08/14/25 01:25:00,58.71,0.00,,,,
08/14/25 01:30:00,58.64,0.00,,,,
08/14/25 01:35:00,58.48,0.00,,,,
08/14/25 01:40:00,58.40,0.00,,,,
08/14/25 01:45:00,58.33,0.00,,,,
08/14/25 01:50:00,58.33,0.00,,,,
08/14/25 01:55:00,58.10,0.00,,,,
08/14/25 02:00:00,58.10,0.00,,,,
08/14/25 02:05:00,58.02,0.00,,,,
08/14/25 02:10:00,57.86,0.00,,,,
08/14/25 02:15:00,57.86,0.00,,,,
08/14/25 02:20:00,57.71,0.00,,,,
08/14/25 02:25:00,57.79,0.00,,,,
08/14/25 02:30:00,57.63,0.00,,,,
08/14/25 02:35:00,57.56,0.00,,,,
08/14/25 02:40:00,57.48,0.00,,,,
08/14/25 02:45:00,57.56,0.00,,,,
08/14/25 02:50:00,57.40,0.00,,,,
08/14/25 02:55:00,57.32,0.00,,,,
08/14/25 03:00:00,57.25,0.00,,,,
08/14/25 03:05:00,57.09,0.00,,,,
08/14/25 03:10:00,57.01,0.00,,,,
08/14/25 03:15:00,56.94,0.00,,,,
08/14/25 03:20:00,56.86,0.00,,,,
08/14/25 03:25:00,56.71,0.00,,,,
08/14/25 03:30:00,56.63,0.00,,,,
08/14/25 03:35:00,56.47,0.00,,,,
08/14/25 03:40:00,56.47,0.00,,,,
08/14/25 03:45:00,56.24,0.00,,,,
08/14/25 03:50:00,56.09,0.00,,,,
08/14/25 03:55:00,56.09,0.00,,,,
08/14/25 04:00:00,55.86,0.00,,,,
08/14/25 04:05:00,55.78,0.00,,,,
08/14/25 04:10:00,55.70,0.00,,,,
08/14/25 04:15:00,55.70,0.00,,,,
08/14/25 04:20:00,55.55,0.00,,,,
08/14/25 04:25:00,55.39,0.00,,,,
08/14/25 04:30:00,55.32,0.00,,,,
08/14/25 04:35:00,55.24,0.00,,,,
08/14/25 04:40:00,55.24,0.00,,,,
08/14/25 04:45:00,55.08,0.00,,,,
08/14/25 04:50:00,55.01,0.00,,,,
08/14/25 04:55:00,54.85,0.00,,,,
08/14/25 05:00:00,54.78,0.00,,,,
08/14/25 05:05:00,54.78,0.00,,,,
08/14/25 05:10:00,54.62,0.04,,,,
08/14/25 05:15:00,54.54,0.00,,,,
08/14/25 05:20:00,54.54,0.00,,,,
08/14/25 05:25:00,54.39,0.00,,,,
08/14/25 05:30:00,54.39,0.00,,,,
08/14/25 05:35:00,54.31,0.00,,,,
08/14/25 05:40:00,54.16,0.00,,,,
08/14/25 05:45:00,54.16,0.00,,,,
08/14/25 05:50:00,54.00,0.00,,,,
08/14/25 05:55:00,53.85,0.00,,,,
08/14/25 06:00:00,53.85,0.00,,,,
08/14/25 06:05:00,53.85,0.00,,,,
08/14/25 06:10:00,54.00,0.00,,,,
08/14/25 06:15:00,54.23,0.00,,,,
08/14/25 06:20:00,54.31,0.00,,,,
08/14/25 06:25:00,54.23,0.00,,,,
08/14/25 06:30:00,54.31,0.02,,,,
08/14/25 06:35:00,54.23,0.02,,,,
08/14/25 06:40:00,54.23,0.04,,,,
08/14/25 06:45:00,54.16,0.04,,,,
08/14/25 06:50:00,54.16,0.08,,,,
08/14/25 06:55:00,54.00,0.12,,,,
08/14/25 07:00:00,54.00,0.20,,,,
08/14/25 07:05:00,54.00,0.28,,,,
08/14/25 07:10:00,54.00,0.30,,,,
08/14/25 07:15:00,54.08,0.36,,,,
08/14/25 07:20:00,54.08,0.32,,,,
08/14/25 07:25:00,54.08,0.20,,,,
08/14/25 07:30:00,54.00,0.20,,,,
08/14/25 07:35:00,54.00,0.12,,,,
08/14/25 07:40:00,54.08,0.12,,,,
08/14/25 07:45:00,54.00,0.14,,,,
08/14/25 07:50:00,54.00,0.12,,,,
08/14/25 07:55:00,54.08,0.16,,,,
08/14/25 08:00:00,54.00,0.12,,,,
08/14/25 08:05:00,54.00,0.12,,,,
08/14/25 08:10:00,54.08,0.28,,,,
08/14/25 08:15:00,54.08,0.30,,,,
08/14/25 08:20:00,54.00,0.34,,,,
08/14/25 08:25:00,54.08,0.34,,,,
08/14/25 08:30:00,54.00,0.38,,,,
08/14/25 08:35:00,54.08,0.48,,,,
08/14/25 08:40:00,54.08,0.40,,,,
08/14/25 08:45:00,54.16,0.40,,,,
08/14/25 08:50:00,54.16,0.46,,,,
08/14/25 08:55:00,54.16,0.56,,,,
08/14/25 09:00:00,54.23,0.44,,,,
08/14/25 09:05:00,54.31,0.58,,,,
08/14/25 09:10:00,54.31,0.46,,,,
08/14/25 09:15:00,54.39,0.46,,,,
08/14/25 09:20:00,54.39,0.46,,,,
08/14/25 09:25:00,54.47,0.44,,,,
08/14/25 09:30:00,54.39,0.48,,,,
08/14/25 09:35:00,54.47,0.42,,,,
08/14/25 09:40:00,54.39,0.42,,,,
08/14/25 09:45:00,54.47,0.46,,,,
08/14/25 09:50:00,54.47,0.42,,,,
08/14/25 09:55:00,54.54,0.38,,,,
08/14/25 10:00:00,54.62,0.34,,,,
08/14/25 10:05:00,54.54,0.36,,,,
08/14/25 10:10:00,54.54,0.38,,,,
08/14/25 10:15:00,54.62,0.48,,,,
08/14/25 10:20:00,54.54,0.44,,,,
08/14/25 10:25:00,54.54,0.46,,,,
08/14/25 10:30:00,54.62,0.46,,,,
08/14/25 10:35:00,54.70,0.44,,,,
08/14/25 10:40:00,54.70,0.44,,,,
08/14/25 10:45:00,54.70,0.54,,,,
08/14/25 10:50:00,54.78,0.52,,,,
08/14/25 10:55:00,54.70,0.54,,,,
08/14/25 11:00:00,54.85,0.50,,,,
08/14/25 11:05:00,54.85,0.52,,,,
08/14/25 11:10:00,54.85,0.54,,,,
08/14/25 11:15:00,54.85,0.48,,,,
08/14/25 11:20:00,54.85,0.46,,,,
08/14/25 11:25:00,55.01,0.48,,,,
08/14/25 11:30:00,55.01,0.54,,,,
08/14/25 11:35:00,55.08,0.44,,,,
08/14/25 11:40:00,55.08,0.50,,,,
08/14/25 11:45:00,55.24,0.52,,,,
08/14/25 11:50:00,55.24,0.44,,,,
08/14/25 11:55:00,55.39,0.50,,,,
08/14/25 12:00:00,55.32,0.44,,,,
08/14/25 12:05:00,55.39,0.48,,,,
08/14/25 12:10:00,55.55,0.50,,,,
08/14/25 12:15:00,55.55,0.54,,,,
08/14/25 12:20:00,55.55,0.36,,,,
08/14/25 12:25:00,55.62,0.40,,,,
08/14/25 12:30:00,55.62,0.40,,,,
08/14/25 12:35:00,55.70,0.42,,,,
08/14/25 12:40:00,55.78,0.38,,,,
08/14/25 12:45:00,55.78,0.40,,,,
08/14/25 12:50:00,55.86,0.40,,,,
08/14/25 12:55:00,55.93,0.60,,,,
08/14/25 13:00:00,55.93,0.46,,,,
08/14/25 13:05:00,56.09,0.44,,,,
08/14/25 13:10:00,56.01,0.50,,,,
08/14/25 13:15:00,56.17,0.52,,,,
08/14/25 13:20:00,56.32,0.62,,,,
08/14/25 13:25:00,56.47,0.50,,,,
08/14/25 13:30:00,56.40,0.44,,,,
08/14/25 13:35:00,56.55,0.50,,,,
08/14/25 13:40:00,56.63,0.52,,,,
08/14/25 13:45:00,56.55,0.66,,,,
08/14/25 13:50:00,56.63,0.58,,,,
08/14/25 13:55:00,56.63,0.52,,,,
08/14/25 14:00:00,56.71,0.44,,,,
08/14/25 14:05:00,56.86,0.28,,,,
08/14/25 14:10:00,56.94,0.32,,,,
08/14/25 14:15:00,57.01,0.38,,,,
08/14/25 14:20:00,57.17,0.38,,,,
08/14/25 14:25:00,57.09,0.36,,,,
08/14/25 14:30:00,57.17,0.44,,,,
08/14/25 14:35:00,57.32,0.50,,,,
08/14/25 14:40:00,57.32,0.50,,,,
08/14/25 14:45:00,57.40,0.52,,,,
08/14/25 14:50:00,57.40,0.48,,,,
08/14/25 14:55:00,57.56,0.44,,,,
08/14/25 15:00:00,57.56,0.48,,,,
08/14/25 15:05:00,57.63,0.34,,,,
08/14/25 15:10:00,57.71,0.40,,,,
08/14/25 15:15:00,57.71,0.42,,,,
08/14/25 15:20:00,57.71,0.42,,,,
08/14/25 15:25:00,57.79,0.28,,,,
08/14/25 15:30:00,57.86,0.32,,,,
08/14/25 15:35:00,57.94,0.34,,,,
08/14/25 15:40:00,57.94,0.28,,,,
08/14/25 15:45:00,58.02,0.20,,,,
08/14/25 15:50:00,58.10,0.26,,,,
08/14/25 15:55:00,58.02,0.30,,,,
08/14/25 16:00:00,58.25,0.26,,,,
08/14/25 16:05:00,58.25,0.32,,,,
08/14/25 16:10:00,58.25,0.30,,,,
08/14/25 16:15:00,58.40,0.32,,,,
08/14/25 16:20:00,58.40,0.38,,,,
08/14/25 16:25:00,58.48,0.38,,,,
08/14/25 16:30:00,58.48,0.32,,,,
08/14/25 16:35:00,58.56,0.34,,,,
08/14/25 16:40:00,58.71,0.30,,,,
08/14/25 16:45:00,58.71,0.24,,,,
08/14/25 16:50:00,58.87,0.24,,,,
08/14/25 16:55:00,58.95,0.24,,,,
08/14/25 17:00:00,59.02,0.14,,,,
08/14/25 17:05:00,59.10,0.14,,,,
08/14/25 17:10:00,59.18,0.18,,,,
08/14/25 17:15:00,59.18,0.16,,,,
08/14/25 17:20:00,59.18,0.14,,,,
08/14/25 17:25:00,59.25,0.12,,,,
08/14/25 17:30:00,59.25,0.12,,,,
08/14/25 17:35:00,59.33,0.12,,,,
08/14/25 17:40:00,59.33,0.10,,,,
08/14/25 17:45:00,59.41,0.12,,,,
08/14/25 17:50:00,59.41,0.12,,,,
08/14/25 17:55:00,59.41,0.12,,,,
08/14/25 18:00:00,59.41,0.12,,,,
08/14/25 18:05:00,59.49,0.12,,,,
08/14/25 18:10:00,59.41,0.12,,,,
08/14/25 18:15:00,59.64,0.10,,,,
08/14/25 18:20:00,59.64,0.10,,,,
08/14/25 18:25:00,59.64,0.10,,,,
08/14/25 18:30:00,59.64,0.10,,,,
08/14/25 18:35:00,59.72,0.10,,,,
08/14/25 18:40:00,59.72,0.08,,,,
08/14/25 18:45:00,59.72,0.08,,,,
08/14/25 18:50:00,59.72,0.10,,,,
08/14/25 18:55:00,59.79,0.10,,,,
08/14/25 19:00:00,59.87,0.08,,,,
08/14/25 19:05:00,59.79,0.08,,,,
08/14/25 19:10:00,59.87,0.08,,,,
08/14/25 19:15:00,59.95,0.06,,,,
08/14/25 19:20:00,59.87,0.06,,,,
08/14/25 19:25:00,59.95,0.06,,,,
08/14/25 19:30:00,59.95,0.08,,,,
08/14/25 19:35:00,59.95,0.06,,,,
08/14/25 19:40:00,59.95,0.06,,,,
08/14/25 19:45:00,59.95,0.06,,,,
08/14/25 19:50:00,59.95,0.06,,,,
08/14/25 19:55:00,60.03,0.04,,,,
08/14/25 20:00:00,60.03,0.04,,,,
08/14/25 20:05:00,59.95,0.04,,,,
08/14/25 20:10:00,59.87,0.04,,,,
08/14/25 20:15:00,59.95,0.04,,,,
08/14/25 20:20:00,59.95,0.02,,,,
08/14/25 20:25:00,59.95,0.04,,,,
08/14/25 20:30:00,60.03,0.02,,,,
08/14/25 20:35:00,60.03,0.02,,,,
08/14/25 20:40:00,59.87,0.04,,,,
08/14/25 20:45:00,59.95,0.04,,,,
08/14/25 20:50:00,59.95,0.10,,,,
08/14/25 20:55:00,59.95,0.02,,,,
08/14/25 21:00:00,59.87,0.02,,,,
08/14/25 21:05:00,59.87,0.04,,,,
08/14/25 21:10:00,60.03,0.02,,,,
08/14/25 21:15:00,59.95,0.02,,,,
08/14/25 21:20:00,59.87,0.02,,,,
08/14/25 21:25:00,59.95,0.02,,,,
08/14/25 21:30:00,59.87,0.02,,,,
08/14/25 21:35:00,59.87,0.02,,,,
08/14/25 21:40:00,59.95,0.00,,,,
08/14/25 21:45:00,59.87,0.00,,,,
08/14/25 21:50:00,59.72,0.00,,,,
08/14/25 21:55:00,59.72,0.00,,,,
08/14/25 22:00:00,59.72,0.00,,,,
08/14/25 22:05:00,59.64,0.00,,,,
08/14/25 22:10:00,59.56,0.00,,,,
08/14/25 22:15:00,59.64,0.00,,,,
08/14/25 22:20:00,59.56,0.00,,,,
08/14/25 22:25:00,59.56,0.00,,,,
08/14/25 22:30:00,59.41,0.00,,,,
08/14/25 22:35:00,59.33,0.00,,,,
08/14/25 22:40:00,59.41,0.00,,,,
08/14/25 22:45:00,59.33,0.00,,,,
08/14/25 22:50:00,59.33,0.00,,,,
08/14/25 22:55:00,59.25,0.00,,,,
08/14/25 23:00:00,59.33,0.00,,,,
08/14/25 23:05:00,59.25,0.00,,,,
08/14/25 23:10:00,59.41,0.00,,,,
08/14/25 23:15:00,59.25,0.00,,,,
08/14/25 23:20:00,59.18,0.00,,,,
08/14/25 23:25:00,59.25,0.00,,,,
08/14/25 23:30:00,59.18,0.00,,,,
08/14/25 23:35:00,59.18,0.00,,,,
08/14/25 23:40:00,59.18,0.00,,,,
08/14/25 23:45:00,59.18,0.00,,,,
08/14/25 23:50:00,59.10,0.00,,,,
08/14/25 23:55:00,59.10,0.00,,,,
08/15/25 00:00:00,59.02,0.00,,,,
08/15/25 00:05:00,59.02,0.00,,,,
08/15/25 00:10:00,59.02,0.00,,,,
08/15/25 00:15:00,59.02,0.00,,,,
08/15/25 00:20:00,59.02,0.00,,,,
08/15/25 00:25:00,58.95,0.00,,,,
08/15/25 00:30:00,58.95,0.00,,,,
08/15/25 00:35:00,58.95,0.00,,,,
08/15/25 00:40:00,58.95,0.00,,,,
08/15/25 00:45:00,58.95,0.02,,,,
08/15/25 00:50:00,58.95,0.00,,,,
08/15/25 00:55:00,58.87,0.00,,,,
08/15/25 01:00:00,58.79,0.00,,,,
08/15/25 01:05:00,58.79,0.00,,,,
08/15/25 01:10:00,58.71,0.00,,,,
08/15/25 01:15:00,58.71,0.00,,,,
08/15/25 01:20:00,58.71,0.00,,,,
08/15/25 01:25:00,58.71,0.00,,,,
08/15/25 01:30:00,58.71,0.00,,,,
08/15/25 01:35:00,58.64,0.00,,,,
08/15/25 01:40:00,58.64,0.00,,,,
08/15/25 01:45:00,58.64,0.00,,,,
08/15/25 01:50:00,58.56,0.00,,,,
08/15/25 01:55:00,58.64,0.00,,,,
08/15/25 02:00:00,58.64,0.00,,,,
08/15/25 02:05:00,58.64,0.00,,,,
08/15/25 02:10:00,58.56,0.00,,,,
08/15/25 02:15:00,58.56,0.00,,,,
08/15/25 02:20:00,58.56,0.00,,,,
08/15/25 02:25:00,58.48,0.00,,,,
08/15/25 02:30:00,58.48,0.00,,,,
08/15/25 02:35:00,58.40,0.00,,,,
08/15/25 02:40:00,58.56,0.00,,,,
08/15/25 02:45:00,58.40,0.00,,,,
08/15/25 02:50:00,58.40,0.00,,,,
08/15/25 02:55:00,58.48,0.00,,,,
08/15/25 03:00:00,58.33,0.00,,,,
08/15/25 03:05:00,58.33,0.00,,,,
08/15/25 03:10:00,58.33,0.00,,,,
08/15/25 03:15:00,58.33,0.00,,,,
08/15/25 03:20:00,58.25,0.00,,,,
08/15/25 03:25:00,58.25,0.00,,,,
08/15/25 03:30:00,58.10,0.00,,,,
08/15/25 03:35:00,58.10,0.00,,,,
08/15/25 03:40:00,58.10,0.00,,,,
08/15/25 03:45:00,58.17,0.00,,,,
08/15/25 03:50:00,58.10,0.00,,,,
08/15/25 03:55:00,58.10,0.00,,,,
08/15/25 04:00:00,58.10,0.00,,,,
08/15/25 04:05:00,58.02,0.00,,,,
08/15/25 04:10:00,57.94,0.00,,,,
08/15/25 04:15:00,57.94,0.00,,,,
08/15/25 04:20:00,57.94,0.00,,,,
08/15/25 04:25:00,57.79,0.00,,,,
08/15/25 04:30:00,57.79,0.00,,,,
08/15/25 04:35:00,57.56,0.00,,,,
08/15/25 04:40:00,57.63,0.02,,,,
08/15/25 04:45:00,57.56,0.00,,,,
08/15/25 04:50:00,57.56,0.00,,,,
08/15/25 04:55:00,57.56,0.00,,,,
08/15/25 05:00:00,57.48,0.00,,,,
08/15/25 05:05:00,57.48,0.00,,,,
08/15/25 05:10:00,57.48,0.00,,,,
08/15/25 05:15:00,57.48,0.00,,,,
08/15/25 05:20:00,57.48,0.00,,,,
08/15/25 05:25:00,57.32,0.00,,,,
08/15/25 05:30:00,57.40,0.00,,,,
08/15/25 05:35:00,57.40,0.00,,,,
08/15/25 05:40:00,57.32,0.00,,,,
08/15/25 05:45:00,57.25,0.00,,,,
08/15/25 05:50:00,57.25,0.00,,,,
08/15/25 05:55:00,57.17,0.00,,,,
08/15/25 06:00:00,57.09,0.00,,,,
08/15/25 06:05:00,57.09,0.00,,,,
08/15/25 06:10:00,57.09,0.00,,,,
08/15/25 06:15:00,57.09,0.00,,,,
08/15/25 06:20:00,56.94,0.00,,,,
08/15/25 06:25:00,57.01,0.00,,,,
08/15/25 06:30:00,56.86,0.00,,,,
08/15/25 06:35:00,56.78,0.00,,,,
08/15/25 06:40:00,56.78,0.00,,,,
08/15/25 06:45:00,56.78,0.00,,,,
08/15/25 06:50:00,56.71,0.02,,,,
08/15/25 06:55:00,56.78,0.00,,,,
08/15/25 07:00:00,56.63,0.00,,,,
08/15/25 07:05:00,56.55,0.00,,,,
08/15/25 07:10:00,56.63,0.02,,,,
08/15/25 07:15:00,56.55,0.02,,,,
08/15/25 07:20:00,56.47,0.06,,,,
08/15/25 07:25:00,56.47,0.00,,,,
08/15/25 07:30:00,56.55,0.00,,,,
08/15/25 07:35:00,56.47,0.00,,,,
08/15/25 07:40:00,56.40,0.06,,,,
08/15/25 07:45:00,56.47,0.04,,,,
08/15/25 07:50:00,56.47,0.04,,,,
08/15/25 07:55:00,56.47,0.04,,,,
08/15/25 08:00:00,56.40,0.08,,,,
08/15/25 08:05:00,56.40,0.06,,,,
08/15/25 08:10:00,56.40,0.10,,,,
08/15/25 08:15:00,56.40,0.10,,,,
08/15/25 08:20:00,56.47,0.10,,,,
08/15/25 08:25:00,56.40,0.10,,,,
08/15/25 08:30:00,56.47,0.08,,,,
08/15/25 08:35:00,56.40,0.12,,,,
08/15/25 08:40:00,56.55,0.08,,,,
08/15/25 08:45:00,56.40,0.04,,,,
08/15/25 08:50:00,56.47,0.02,,,,
08/15/25 08:55:00,56.47,0.02,,,,
08/15/25 09:00:00,56.47,0.08,,,,
08/15/25 09:05:00,56.47,0.10,,,,
08/15/25 09:10:00,56.55,0.10,,,,
08/15/25 09:15:00,56.47,0.08,,,,
08/15/25 09:20:00,56.55,0.10,,,,
08/15/25 09:25:00,56.47,0.02,,,,
08/15/25 09:30:00,56.55,0.02,,,,
08/15/25 09:35:00,56.55,0.20,,,,
08/15/25 09:40:00,56.63,0.16,,,,
08/15/25 09:45:00,56.63,0.20,,,,
08/15/25 09:50:00,56.63,0.18,,,,
08/15/25 09:55:00,56.71,0.10,,,,
08/15/25 10:00:00,56.71,0.10,,,,
08/15/25 10:05:00,56.71,0.16,,,,
08/15/25 10:10:00,56.71,0.18,,,,
08/15/25 10:15:00,56.78,0.12,,,,
08/15/25 10:20:00,56.94,0.12,,,,
08/15/25 10:25:00,56.86,0.20,,,,
08/15/25 10:30:00,56.94,0.18,,,,
08/15/25 10:35:00,56.86,0.20,,,,
08/15/25 10:40:00,56.94,0.14,,,,
08/15/25 10:45:00,56.86,0.20,,,,
08/15/25 10:50:00,56.94,0.22,,,,
08/15/25 10:55:00,56.86,0.10,,,,
08/15/25 11:00:00,57.01,0.12,,,,
08/15/25 11:05:00,57.09,0.12,,,,
08/15/25 11:10:00,57.01,0.14,,,,
08/15/25 11:15:00,57.01,0.20,,,,
08/15/25 11:20:00,57.17,0.38,,,,
08/15/25 11:25:00,57.09,0.28,,,,
08/15/25 11:30:00,57.09,0.40,,,,
08/15/25 11:35:00,57.17,0.40,,,,
08/15/25 11:40:00,57.25,0.46,,,,
08/15/25 11:45:00,57.25,0.30,,,,
08/15/25 11:50:00,57.32,0.42,,,,
08/15/25 11:55:00,57.25,0.30,,,,
08/15/25 12:00:00,57.32,0.24,,,,
08/15/25 12:05:00,57.40,0.26,,,,
08/15/25 12:10:00,57.40,0.48,,,,
08/15/25 12:15:00,57.40,0.26,,,,
08/15/25 12:20:00,57.40,0.28,,,,
08/15/25 12:25:00,57.48,0.34,,,,
08/15/25 12:30:00,57.56,0.52,,,,
08/15/25 12:35:00,57.56,0.28,,,,
08/15/25 12:40:00,57.63,0.40,,,,
08/15/25 12:45:00,57.71,0.40,,,,
08/15/25 12:50:00,57.86,0.38,,,,
08/15/25 12:55:00,57.86,0.36,,,,
08/15/25 13:00:00,57.86,0.24,,,,
08/15/25 13:05:00,57.86,0.26,,,,
08/15/25 13:10:00,58.02,0.34,,,,
08/15/25 13:15:00,57.94,0.26,,,,
08/15/25 13:20:00,58.10,0.18,,,,
08/15/25 13:25:00,58.10,0.28,,,,
08/15/25 13:30:00,58.17,0.26,,,,
08/15/25 13:35:00,58.17,0.22,,,,
08/15/25 13:40:00,58.17,0.20,,,,
08/15/25 13:45:00,58.17,0.24,,,,
08/15/25 13:50:00,58.25,0.22,,,,
08/15/25 13:55:00,58.33,0.22,,,,
08/15/25 14:00:00,58.40,0.18,,,,
08/15/25 14:05:00,58.40,0.16,,,,
08/15/25 14:10:00,58.40,0.06,,,,
08/15/25 14:15:00,58.48,0.16,,,,
08/15/25 14:20:00,58.56,0.14,,,,
08/15/25 14:25:00,58.56,0.20,,,,
08/15/25 14:30:00,58.56,0.22,,,,
08/15/25 14:35:00,58.71,0.18,,,,
08/15/25 14:40:00,58.64,0.14,,,,
08/15/25 14:45:00,58.64,0.14,,,,
08/15/25 14:50:00,58.71,0.16,,,,
08/15/25 14:55:00,58.71,0.16,,,,
08/15/25 15:00:00,58.79,0.16,,,,
08/15/25 15:05:00,58.87,0.12,,,,
08/15/25 15:10:00,58.87,0.14,,,,
08/15/25 15:15:00,58.95,0.14,,,,
08/15/25 15:20:00,58.87,0.04,,,,
08/15/25 15:25:00,58.95,0.02,,,,
08/15/25 15:30:00,58.95,0.00,,,,
08/15/25 15:35:00,59.02,0.00,,,,
08/15/25 15:40:00,59.10,0.00,,,,
08/15/25 15:45:00,59.10,0.00,,,,
08/15/25 15:50:00,59.18,0.02,,,,
08/15/25 15:55:00,59.10,0.00,,,,
08/15/25 16:00:00,59.18,0.00,,,,
08/15/25 16:05:00,59.18,0.00,,,,
08/15/25 16:10:00,59.18,0.08,,,,
08/15/25 16:15:00,59.10,0.02,,,,
08/15/25 16:20:00,59.18,0.04,,,,
08/15/25 16:25:00,59.18,0.04,,,,
08/15/25 16:30:00,59.10,0.02,,,,
08/15/25 16:35:00,59.10,0.02,,,,
08/15/25 16:40:00,59.10,0.00,,,,
08/15/25 16:45:00,59.10,0.00,,,,
08/15/25 16:50:00,59.10,0.02,,,,
08/15/25 16:55:00,59.10,0.04,,,,
08/15/25 17:00:00,59.10,0.04,,,,
08/15/25 17:05:00,59.10,0.08,,,,
08/15/25 17:10:00,59.10,0.10,,,,
08/15/25 17:15:00,59.10,0.10,,,,
08/15/25 17:20:00,59.10,0.00,,,,
08/15/25 17:25:00,59.10,0.08,,,,
08/15/25 17:30:00,59.18,0.08,,,,
08/15/25 17:35:00,59.10,0.10,,,,
08/15/25 17:40:00,59.18,0.08,,,,
08/15/25 17:45:00,59.10,0.08,,,,
08/15/25 17:50:00,59.10,0.08,,,,
08/15/25 17:55:00,59.10,0.08,,,,
08/15/25 18:00:00,59.25,0.08,,,,
08/15/25 18:05:00,59.18,0.08,,,,
08/15/25 18:10:00,59.25,0.06,,,,
08/15/25 18:15:00,59.18,0.06,,,,
08/15/25 18:20:00,59.25,0.06,,,,
08/15/25 18:25:00,59.18,0.06,,,,
08/15/25 18:30:00,59.25,0.04,,,,
08/15/25 18:35:00,59.18,0.04,,,,
08/15/25 18:40:00,59.18,0.04,,,,
08/15/25 18:45:00,59.18,0.04,,,,
08/15/25 18:50:00,59.18,0.04,,,,
08/15/25 18:55:00,59.18,0.02,,,,
08/15/25 19:00:00,59.25,0.02,,,,
08/15/25 19:05:00,59.25,0.02,,,,
08/15/25 19:10:00,59.18,0.02,,,,
08/15/25 19:15:00,59.25,0.00,,,,
08/15/25 19:20:00,59.33,0.00,,,,
08/15/25 19:25:00,59.33,0.00,,,,
08/15/25 19:30:00,59.33,0.00,,,,
08/15/25 19:35:00,59.33,0.00,,,,
08/15/25 19:40:00,59.33,0.00,,,,
08/15/25 19:45:00,59.18,0.00,,,,
08/15/25 19:50:00,59.33,0.00,,,,
08/15/25 19:55:00,59.41,0.00,,,,
08/15/25 20:00:00,59.25,0.00,,,,
08/15/25 20:05:00,59.25,0.04,,,,
08/15/25 20:10:00,59.25,0.00,,,,
08/15/25 20:15:00,59.25,0.00,,,,
08/15/25 20:20:00,59.25,0.00,,,,
08/15/25 20:25:00,59.33,0.00,,,,
08/15/25 20:30:00,59.18,0.00,,,,
08/15/25 20:35:00,59.25,0.00,,,,
08/15/25 20:40:00,59.25,0.00,,,,
08/15/25 20:45:00,59.18,0.00,,,,
08/15/25 20:50:00,59.18,0.00,,,,
08/15/25 20:55:00,59.25,0.00,,,,
08/15/25 21:00:00,59.18,0.00,,,,
08/15/25 21:05:00,59.18,0.00,,,,
08/15/25 21:10:00,59.10,0.00,,,,
08/15/25 21:15:00,59.18,0.00,,,,
08/15/25 21:20:00,59.18,0.00,,,,
08/15/25 21:25:00,59.18,0.00,,,,
08/15/25 21:30:00,59.10,0.00,,,,
08/15/25 21:35:00,59.10,0.00,,,,
08/15/25 21:40:00,59.10,0.00,,,,
08/15/25 21:45:00,59.10,0.00,,,,
08/15/25 21:50:00,59.10,0.00,,,,
08/15/25 21:55:00,59.02,0.00,,,,
08/15/25 22:00:00,59.02,0.00,,,,
08/15/25 22:05:00,58.95,0.00,,,,
08/15/25 22:10:00,58.95,0.00,,,,
08/15/25 22:15:00,58.95,0.00,,,,
08/15/25 22:20:00,58.87,0.00,,,,
08/15/25 22:25:00,58.87,0.00,,,,
08/15/25 22:30:00,58.87,0.00,,,,
08/15/25 22:35:00,58.87,0.00,,,,
08/15/25 22:40:00,58.79,0.00,,,,
08/15/25 22:45:00,58.79,0.00,,,,
08/15/25 22:50:00,58.79,0.00,,,,
08/15/25 22:55:00,58.79,0.00,,,,
08/15/25 23:00:00,58.87,0.00,,,,
08/15/25 23:05:00,58.79,0.00,,,,
08/15/25 23:10:00,58.79,0.00,,,,
08/15/25 23:15:00,58.79,0.00,,,,
08/15/25 23:20:00,58.71,0.00,,,,
08/15/25 23:25:00,58.71,0.00,,,,
08/15/25 23:30:00,58.71,0.00,,,,
08/15/25 23:35:00,58.71,0.00,,,,
08/15/25 23:40:00,58.71,0.00,,,,
08/15/25 23:45:00,58.64,0.00,,,,
08/15/25 23:50:00,58.71,0.00,,,,
08/15/25 23:55:00,58.64,0.00,,,,
08/16/25 00:00:00,58.64,0.02,,,,
08/16/25 00:05:00,58.64,0.00,,,,
08/16/25 00:10:00,58.56,0.00,,,,
08/16/25 00:15:00,58.64,0.00,,,,
08/16/25 00:20:00,58.56,0.00,,,,
08/16/25 00:25:00,58.56,0.00,,,,
08/16/25 00:30:00,58.48,0.00,,,,
08/16/25 00:35:00,58.48,0.00,,,,
08/16/25 00:40:00,58.56,0.00,,,,
08/16/25 00:45:00,58.56,0.00,,,,
08/16/25 00:50:00,58.48,0.00,,,,
08/16/25 00:55:00,58.48,0.00,,,,
08/16/25 01:00:00,58.48,0.00,,,,
08/16/25 01:05:00,58.48,0.00,,,,
08/16/25 01:10:00,58.48,0.00,,,,
08/16/25 01:15:00,58.33,0.00,,,,
08/16/25 01:20:00,58.40,0.00,,,,
08/16/25 01:25:00,58.33,0.00,,,,
08/16/25 01:30:00,58.33,0.00,,,,
08/16/25 01:35:00,58.33,0.00,,,,
08/16/25 01:40:00,58.25,0.00,,,,
08/16/25 01:45:00,58.33,0.00,,,,
08/16/25 01:50:00,58.33,0.00,,,,
08/16/25 01:55:00,58.17,0.00,,,,
08/16/25 02:00:00,58.17,0.00,,,,
08/16/25 02:05:00,58.25,0.00,,,,
08/16/25 02:10:00,58.17,0.00,,,,
08/16/25 02:15:00,58.10,0.00,,,,
08/16/25 02:20:00,58.10,0.00,,,,
08/16/25 02:25:00,58.10,0.00,,,,
08/16/25 02:30:00,58.10,0.00,,,,
08/16/25 02:35:00,58.10,0.00,,,,
08/16/25 02:40:00,58.02,0.00,,,,
08/16/25 02:45:00,58.02,0.00,,,,
08/16/25 02:50:00,57.94,0.00,,,,
08/16/25 02:55:00,57.86,0.00,,,,
08/16/25 03:00:00,57.94,0.00,,,,
08/16/25 03:05:00,57.94,0.00,,,,
08/16/25 03:10:00,57.86,0.00,,,,
08/16/25 03:15:00,57.86,0.00,,,,
08/16/25 03:20:00,57.86,0.00,,,,
08/16/25 03:25:00,57.86,0.00,,,,
08/16/25 03:30:00,57.86,0.00,,,,
08/16/25 03:35:00,57.86,0.00,,,,
08/16/25 03:40:00,57.94,0.02,,,,
08/16/25 03:45:00,57.86,0.00,,,,
08/16/25 03:50:00,57.71,0.00,,,,
08/16/25 03:55:00,57.79,0.02,,,,
08/16/25 04:00:00,57.71,0.00,,,,
08/16/25 04:05:00,57.71,0.00,,,,
08/16/25 04:10:00,57.79,0.00,,,,
08/16/25 04:15:00,57.71,0.00,,,,
08/16/25 04:20:00,57.79,0.00,,,,
08/16/25 04:25:00,57.63,0.00,,,,
08/16/25 04:30:00,57.71,0.00,,,,
08/16/25 04:35:00,57.79,0.00,,,,
08/16/25 04:40:00,57.71,0.00,,,,
08/16/25 04:45:00,57.63,0.00,,,,
08/16/25 04:50:00,57.63,0.00,,,,
08/16/25 04:55:00,57.71,0.00,,,,
08/16/25 05:00:00,57.63,0.00,,,,
08/16/25 05:05:00,57.63,0.00,,,,
08/16/25 05:10:00,57.63,0.00,,,,
08/16/25 05:15:00,57.63,0.00,,,,
08/16/25 05:20:00,57.56,0.00,,,,
08/16/25 05:25:00,57.56,0.00,,,,
08/16/25 05:30:00,57.48,0.00,,,,
08/16/25 05:35:00,57.48,0.00,,,,
08/16/25 05:40:00,57.56,0.00,,,,
08/16/25 05:45:00,57.56,0.00,,,,
08/16/25 05:50:00,57.56,0.00,,,,
08/16/25 05:55:00,57.40,0.00,,,,
08/16/25 06:00:00,57.48,0.00,,,,
08/16/25 06:05:00,57.40,0.00,,,,
08/16/25 06:10:00,57.48,0.00,,,,
08/16/25 06:15:00,57.40,0.00,,,,
08/16/25 06:20:00,57.40,0.00,,,,
08/16/25 06:25:00,57.40,0.00,,,,
08/16/25 06:30:00,57.40,0.00,,,,
08/16/25 06:35:00,57.32,0.00,,,,
08/16/25 06:40:00,57.32,0.00,,,,
08/16/25 06:45:00,57.40,0.00,,,,
08/16/25 06:50:00,57.40,0.00,,,,
08/16/25 06:55:00,57.40,0.00,,,,
08/16/25 07:00:00,57.25,0.00,,,,
08/16/25 07:05:00,57.32,0.00,,,,
08/16/25 07:10:00,57.32,0.00,,,,
08/16/25 07:15:00,57.32,0.00,,,,
08/16/25 07:20:00,57.25,0.00,,,,
08/16/25 07:25:00,57.25,0.00,,,,
08/16/25 07:30:00,57.25,0.00,,,,
08/16/25 07:35:00,57.25,0.02,,,,
08/16/25 07:40:00,57.25,0.00,,,,
08/16/25 07:45:00,57.25,0.00,,,,
08/16/25 07:50:00,57.25,0.02,,,,
08/16/25 07:55:00,57.17,0.00,,,,
08/16/25 08:00:00,57.17,0.00,,,,
08/16/25 08:05:00,57.17,0.00,,,,
08/16/25 08:10:00,57.17,0.00,,,,
08/16/25 08:15:00,57.17,0.00,,,,
08/16/25 08:20:00,57.17,0.00,,,,
08/16/25 08:25:00,57.09,0.00,,,,
08/16/25 08:30:00,57.01,0.00,,,,
08/16/25 08:35:00,57.25,0.00,,,,
08/16/25 08:40:00,57.09,0.00,,,,
08/16/25 08:45:00,57.17,0.02,,,,
08/16/25 08:50:00,57.01,0.02,,,,
08/16/25 08:55:00,57.09,0.04,,,,
08/16/25 09:00:00,57.09,0.02,,,,
08/16/25 09:05:00,57.09,0.02,,,,
08/16/25 09:10:00,57.09,0.00,,,,
08/16/25 09:15:00,57.01,0.00,,,,
08/16/25 09:20:00,57.09,0.02,,,,
08/16/25 09:25:00,57.09,0.02,,,,
08/16/25 09:30:00,57.09,0.02,,,,
08/16/25 09:35:00,57.09,0.02,,,,
08/16/25 09:40:00,57.09,0.04,,,,
08/16/25 09:45:00,57.01,0.02,,,,
08/16/25 09:50:00,57.09,0.02,,,,
08/16/25 09:55:00,57.09,0.02,,,,
08/16/25 10:00:00,57.17,0.02,,,,
08/16/25 10:05:00,56.94,0.02,,,,
08/16/25 10:10:00,57.01,0.08,,,,
08/16/25 10:15:00,57.09,0.12,,,,
08/16/25 10:20:00,57.01,0.08,,,,
08/16/25 10:25:00,57.09,0.08,,,,
08/16/25 10:30:00,57.09,0.10,,,,
08/16/25 10:35:00,57.09,0.08,,,,
08/16/25 10:40:00,57.09,0.10,,,,
08/16/25 10:45:00,57.01,0.10,,,,
08/16/25 10:50:00,57.01,0.06,,,,
08/16/25 10:55:00,57.09,0.06,,,,
08/16/25 11:00:00,57.01,0.08,,,,
08/16/25 11:05:00,57.09,0.06,,,,
08/16/25 11:10:00,57.09,0.08,,,,
08/16/25 11:15:00,57.09,0.06,,,,
08/16/25 11:20:00,57.09,0.06,,,,
08/16/25 11:25:00,57.01,0.08,,,,
08/16/25 11:30:00,57.09,0.16,,,,
08/16/25 11:35:00,57.09,0.08,,,,
08/16/25 11:40:00,57.09,0.08,,,,
08/16/25 11:45:00,57.09,0.18,,,,
08/16/25 11:50:00,57.01,0.12,,,,
08/16/25 11:55:00,57.01,0.10,,,,
08/16/25 12:00:00,56.94,0.12,,,,
08/16/25 12:05:00,57.01,0.12,,,,
08/16/25 12:10:00,56.94,0.12,,,,
08/16/25 12:15:00,56.94,0.12,,,,
08/16/25 12:20:00,56.94,0.10,,,,
08/16/25 12:25:00,57.01,0.12,,,,
08/16/25 12:30:00,57.01,0.76,,,,
08/16/25 12:35:00,57.09,0.76,,,,
08/16/25 12:40:00,57.25,0.75,,,,
08/16/25 12:45:00,57.17,0.75,,,,
08/16/25 12:50:00,57.25,0.72,,,,
08/16/25 12:55:00,57.25,0.72,,,,
08/16/25 13:00:00,57.25,0.76,,,,
08/16/25 13:05:00,57.25,0.76,,,,
08/16/25 13:10:00,57.25,0.85,,,,
08/16/25 13:15:00,57.17,0.70,,,,
08/16/25 13:20:00,57.25,0.60,,,,
08/16/25 13:25:00,57.25,0.64,,,,
08/16/25 13:30:00,57.17,0.66,,,,
08/16/25 13:35:00,57.25,0.66,,,,
08/16/25 13:40:00,57.25,0.56,,,,
08/16/25 13:45:00,57.32,0.08,,,,
08/16/25 13:50:00,57.63,0.02,,,,
08/16/25 13:55:00,59.18,2.24,,,,
08/16/25 14:00:00,59.64,1.64,,,,
08/16/25 14:05:00,59.56,1.68,,,,
08/16/25 14:10:00,59.79,1.82,,,,
08/16/25 14:15:00,59.72,2.52,,,,
08/16/25 14:20:00,59.72,2.34,,,,
08/16/25 14:25:00,59.72,2.56,,,,
08/16/25 14:30:00,59.64,2.83,,,,
08/16/25 14:35:00,59.64,2.63,,,,
08/16/25 14:40:00,59.72,3.27,,,,
08/16/25 14:45:00,59.64,3.15,,,,
08/16/25 14:50:00,59.72,2.56,,,,
08/16/25 14:55:00,59.72,2.62,,,,
08/16/25 15:00:00,59.56,2.75,,,,
08/16/25 15:05:00,59.56,2.60,,,,
08/16/25 15:10:00,59.64,2.99,,,,
08/16/25 15:15:00,60.10,3.44,,,,
08/16/25 15:20:00,60.41,4.73,,,,
08/16/25 15:25:00,60.57,4.89,,,,
08/16/25 15:30:00,60.72,0.46,,,,
08/16/25 15:35:00,60.49,0.50,,,,
08/16/25 15:40:00,60.34,0.56,,,,
08/16/25 15:45:00,60.18,0.44,,,,
08/16/25 15:50:00,60.03,0.42,,,,
08/16/25 15:55:00,60.03,0.42,,,,
08/16/25 16:00:00,60.03,0.44,,,,
08/16/25 16:05:00,59.87,0.46,,,,
08/16/25 16:10:00,59.79,0.56,,,,
08/16/25 16:15:00,59.79,0.58,,,,
08/16/25 16:20:00,59.79,0.44,,,,
08/16/25 16:25:00,59.79,0.64,,,,
08/16/25 16:30:00,59.87,0.89,,,,
08/16/25 16:35:00,59.87,0.89,,,,
08/16/25 16:40:00,59.87,0.56,,,,
08/16/25 16:45:00,59.87,0.42,,,,
08/16/25 16:50:00,59.95,0.36,,,,
08/16/25 16:55:00,60.03,0.36,,,,
08/16/25 17:00:00,59.87,0.44,,,,
08/16/25 17:05:00,59.95,0.54,,,,
08/16/25 17:10:00,60.03,0.66,,,,
08/16/25 17:15:00,60.10,0.54,,,,
08/16/25 17:20:00,60.18,0.42,,,,
08/16/25 17:25:00,60.03,0.42,,,,
08/16/25 17:30:00,60.03,0.36,,,,
08/16/25 17:35:00,60.10,0.34,,,,
08/16/25 17:40:00,60.10,0.22,,,,
08/16/25 17:45:00,60.10,0.16,,,,
08/16/25 17:50:00,60.10,0.22,,,,
08/16/25 17:55:00,60.10,0.24,,,,
08/16/25 18:00:00,60.03,0.30,,,,
08/16/25 18:05:00,60.10,0.26,,,,
08/16/25 18:10:00,60.03,0.22,,,,
08/16/25 18:15:00,60.03,0.14,,,,
08/16/25 18:20:00,59.95,0.18,,,,
08/16/25 18:25:00,59.95,0.20,,,,
08/16/25 18:30:00,59.95,0.34,,,,
08/16/25 18:35:00,59.95,0.20,,,,
08/16/25 18:40:00,59.95,0.14,,,,
08/16/25 18:45:00,59.87,0.14,,,,
08/16/25 18:50:00,59.79,0.10,,,,
08/16/25 18:55:00,59.87,0.12,,,,
08/16/25 19:00:00,59.79,0.20,,,,
08/16/25 19:05:00,59.79,0.22,,,,
08/16/25 19:07:03,,,Logged,,,
08/16/25 19:07:04,,,,Logged,,
08/16/25 19:10:00,63.58,9.45,,,,
08/16/25 19:15:00,60.80,13.18,,,,
08/16/25 19:20:00,59.33,11.15,,,,
08/16/25 19:25:00,60.49,70.25,,,,
08/16/25 19:30:00,65.89,257.21,,,,
08/16/25 19:35:00,62.88,188.48,,,,
08/16/25 19:40:00,60.80,111.84,,,,
08/16/25 19:45:00,61.49,4.84,,,,
08/16/25 19:50:00,66.82,4.72,,,,
08/16/25 19:55:00,70.06,3.19,,,,
08/16/25 20:00:00,72.77,3.23,,,,
08/16/25 20:05:00,74.47,3.15,,,,
08/16/25 20:10:00,75.62,3.15,,,,
08/16/25 20:15:00,76.32,3.15,,,,
08/16/25 20:20:00,76.78,3.07,,,,
08/16/25 20:25:00,77.09,3.03,,,,
08/16/25 20:30:00,77.25,3.03,,,,
08/16/25 20:35:00,77.25,3.03,,,,
08/16/25 20:40:00,77.01,2.95,,,,
08/16/25 20:45:00,69.83,6.38,,,,
08/16/25 20:50:00,64.27,1.23,,,,
08/16/25 20:55:00,62.27,0.18,,,,
08/16/25 21:00:00,62.88,11.94,,,,
08/16/25 21:05:00,64.12,24.17,,,,
08/16/25 21:10:00,60.80,26.41,,,,
08/16/25 21:15:00,58.64,27.96,,,,
08/16/25 21:20:00,57.17,21.26,,,,
08/16/25 21:25:00,56.32,16.40,,,,
08/16/25 21:30:00,55.93,11.39,,,,
08/16/25 21:35:00,55.62,8.16,,,,
08/16/25 21:40:00,55.47,5.97,,,,
08/16/25 21:45:00,55.47,4.92,,,,
08/16/25 21:48:39,,,Logged,Logged,,
08/16/25 21:48:50,,,,,Logged,Logged
