Date Time,Temp (°F) LGR S/N: 22133663 c:1,Button Down LGR S/N: 22133663,Button Up LGR S/N: 22133663,Host Connected LGR S/N: 22133663,End Of File LGR S/N: 22133663
06/24/26 16:40:00,38.33,,,,
06/24/26 16:45:00,38.48,,,,
06/24/26 16:50:00,39.33,,,,
06/24/26 16:55:00,39.49,,,,
06/24/26 17:00:00,39.10,,,,
06/24/26 17:05:00,39.02,,,,
06/24/26 17:10:00,38.79,,,,
06/24/26 17:15:00,38.02,,,,
06/24/26 17:20:00,37.94,,,,
06/24/26 17:25:00,37.94,,,,
06/24/26 17:30:00,38.25,,,,
06/24/26 17:35:00,38.25,,,,
06/24/26 17:40:00,38.56,,,,
06/24/26 17:45:00,38.64,,,,
06/24/26 17:50:00,38.10,,,,
06/24/26 17:55:00,38.25,,,,
06/24/26 18:00:00,38.10,,,,
06/24/26 18:05:00,38.10,,,,
06/24/26 18:10:00,37.94,,,,
06/24/26 18:15:00,37.94,,,,
06/24/26 18:20:00,37.94,,,,
06/24/26 18:25:00,38.02,,,,
06/24/26 18:30:00,38.25,,,,
06/24/26 18:35:00,38.25,,,,
06/24/26 18:40:00,38.17,,,,
06/24/26 18:45:00,37.94,,,,
06/24/26 18:50:00,37.94,,,,
06/24/26 18:55:00,38.02,,,,
06/24/26 19:00:00,37.94,,,,
06/24/26 19:05:00,37.25,,,,
06/24/26 19:10:00,36.86,,,,
06/24/26 19:15:00,36.86,,,,
06/24/26 19:20:00,36.94,,,,
06/24/26 19:25:00,37.17,,,,
06/24/26 19:30:00,37.25,,,,
06/24/26 19:35:00,37.40,,,,
06/24/26 19:40:00,37.25,,,,
06/24/26 19:45:00,37.17,,,,
06/24/26 19:50:00,37.71,,,,
06/24/26 19:55:00,37.79,,,,
06/24/26 20:00:00,37.32,,,,
06/24/26 20:05:00,37.32,,,,
06/24/26 20:10:00,37.09,,,,
06/24/26 20:15:00,36.40,,,,
06/24/26 20:20:00,36.09,,,,
06/24/26 20:25:00,36.09,,,,
06/24/26 20:30:00,36.09,,,,
06/24/26 20:35:00,36.40,,,,
06/24/26 20:40:00,36.63,,,,
06/24/26 20:45:00,36.63,,,,
06/24/26 20:50:00,36.24,,,,
06/24/26 20:55:00,36.16,,,,
06/24/26 21:00:00,36.16,,,,
06/24/26 21:05:00,36.78,,,,
06/24/26 21:10:00,36.94,,,,
06/24/26 21:15:00,36.32,,,,
06/24/26 21:20:00,34.77,,,,
06/24/26 21:25:00,34.54,,,,
06/24/26 21:30:00,34.54,,,,
06/24/26 21:35:00,35.01,,,,
06/24/26 21:40:00,34.93,,,,
06/24/26 21:45:00,35.16,,,,
06/24/26 21:50:00,35.08,,,,
06/24/26 21:55:00,34.85,,,,
06/24/26 22:00:00,34.39,,,,
06/24/26 22:05:00,34.23,,,,
06/24/26 22:10:00,33.93,,,,
06/24/26 22:15:00,33.85,,,,
06/24/26 22:20:00,34.54,,,,
06/24/26 22:25:00,34.62,,,,
06/24/26 22:30:00,34.85,,,,
06/24/26 22:35:00,35.32,,,,
06/24/26 22:40:00,36.16,,,,
06/24/26 22:45:00,36.40,,,,
06/24/26 22:50:00,36.47,,,,
06/24/26 22:55:00,36.71,,,,
06/24/26 23:00:00,35.47,,,,
06/24/26 23:05:00,35.47,,,,
06/24/26 23:10:00,34.85,,,,
06/24/26 23:15:00,34.77,,,,
06/24/26 23:20:00,34.16,,,,
06/24/26 23:25:00,34.16,,,,
06/24/26 23:30:00,33.69,,,,
06/24/26 23:35:00,34.00,,,,
06/24/26 23:40:00,35.32,,,,
06/24/26 23:45:00,35.78,,,,
06/24/26 23:50:00,35.78,,,,
06/24/26 23:55:00,35.32,,,,
06/25/26 00:00:00,35.08,,,,
06/25/26 00:05:00,34.47,,,,
06/25/26 00:10:00,35.62,,,,
06/25/26 00:15:00,36.47,,,,
06/25/26 00:20:00,36.55,,,,
06/25/26 00:25:00,35.70,,,,
06/25/26 00:30:00,34.93,,,,
06/25/26 00:35:00,35.16,,,,
06/25/26 00:40:00,35.16,,,,
06/25/26 00:45:00,35.55,,,,
06/25/26 00:50:00,35.78,,,,
06/25/26 00:55:00,35.39,,,,
06/25/26 01:00:00,34.85,,,,
06/25/26 01:05:00,33.93,,,,
06/25/26 01:10:00,33.85,,,,
06/25/26 01:15:00,32.92,,,,
06/25/26 01:20:00,34.47,,,,
06/25/26 01:25:00,36.94,,,,
06/25/26 01:30:00,37.79,,,,
06/25/26 01:35:00,37.40,,,,
06/25/26 01:40:00,35.78,,,,
06/25/26 01:45:00,34.85,,,,
06/25/26 01:50:00,34.62,,,,
06/25/26 01:55:00,33.31,,,,
06/25/26 02:00:00,32.38,,,,
06/25/26 02:05:00,31.76,,,,
06/25/26 02:10:00,32.07,,,,
06/25/26 02:15:00,32.00,,,,
06/25/26 02:20:00,32.00,,,,
06/25/26 02:25:00,31.92,,,,
06/25/26 02:30:00,32.23,,,,
06/25/26 02:35:00,31.92,,,,
06/25/26 02:40:00,32.46,,,,
06/25/26 02:45:00,32.69,,,,
06/25/26 02:50:00,33.93,,,,
06/25/26 02:55:00,34.54,,,,
06/25/26 03:00:00,34.85,,,,
06/25/26 03:05:00,35.55,,,,
06/25/26 03:10:00,36.24,,,,
06/25/26 03:15:00,36.94,,,,
06/25/26 03:20:00,37.86,,,,
06/25/26 03:25:00,37.01,,,,
06/25/26 03:30:00,36.01,,,,
06/25/26 03:35:00,35.86,,,,
06/25/26 03:40:00,36.16,,,,
06/25/26 03:45:00,35.93,,,,
06/25/26 03:50:00,36.01,,,,
06/25/26 03:55:00,36.01,,,,
06/25/26 04:00:00,36.09,,,,
06/25/26 04:05:00,35.78,,,,
06/25/26 04:10:00,35.39,,,,
06/25/26 04:15:00,35.32,,,,
06/25/26 04:20:00,35.62,,,,
06/25/26 04:25:00,35.62,,,,
06/25/26 04:30:00,35.86,,,,
06/25/26 04:35:00,36.01,,,,
06/25/26 04:40:00,36.32,,,,
06/25/26 04:45:00,35.78,,,,
06/25/26 04:50:00,35.24,,,,
06/25/26 04:55:00,35.47,,,,
06/25/26 05:00:00,35.08,,,,
06/25/26 05:05:00,34.77,,,,
06/25/26 05:10:00,34.93,,,,
06/25/26 05:15:00,35.32,,,,
06/25/26 05:20:00,35.32,,,,
06/25/26 05:25:00,35.08,,,,
06/25/26 05:30:00,34.93,,,,
06/25/26 05:35:00,34.93,,,,
06/25/26 05:40:00,35.16,,,,
06/25/26 05:45:00,35.32,,,,
06/25/26 05:50:00,35.47,,,,
06/25/26 05:55:00,35.39,,,,
06/25/26 06:00:00,34.85,,,,
06/25/26 06:05:00,34.31,,,,
06/25/26 06:10:00,33.93,,,,
06/25/26 06:15:00,33.38,,,,
06/25/26 06:20:00,33.23,,,,
06/25/26 06:25:00,33.23,,,,
06/25/26 06:30:00,33.46,,,,
06/25/26 06:35:00,33.69,,,,
06/25/26 06:40:00,33.69,,,,
06/25/26 06:45:00,33.77,,,,
06/25/26 06:50:00,33.85,,,,
06/25/26 06:55:00,33.62,,,,
06/25/26 07:00:00,33.62,,,,
06/25/26 07:05:00,33.69,,,,
06/25/26 07:10:00,33.85,,,,
06/25/26 07:15:00,33.93,,,,
06/25/26 07:20:00,33.85,,,,
06/25/26 07:25:00,33.85,,,,
06/25/26 07:30:00,33.77,,,,
06/25/26 07:35:00,33.85,,,,
06/25/26 07:40:00,33.85,,,,
06/25/26 07:45:00,33.85,,,,
06/25/26 07:50:00,33.69,,,,
06/25/26 07:55:00,33.77,,,,
06/25/26 08:00:00,33.85,,,,
06/25/26 08:05:00,33.85,,,,
06/25/26 08:10:00,33.93,,,,
06/25/26 08:15:00,34.08,,,,
06/25/26 08:20:00,34.16,,,,
06/25/26 08:25:00,34.16,,,,
06/25/26 08:30:00,34.23,,,,
06/25/26 08:35:00,34.39,,,,
06/25/26 08:40:00,34.39,,,,
06/25/26 08:45:00,34.39,,,,
06/25/26 08:50:00,34.62,,,,
06/25/26 08:55:00,34.62,,,,
06/25/26 09:00:00,34.85,,,,
06/25/26 09:05:00,34.85,,,,
06/25/26 09:10:00,34.93,,,,
06/25/26 09:15:00,35.01,,,,
06/25/26 09:20:00,35.08,,,,
06/25/26 09:25:00,35.01,,,,
06/25/26 09:30:00,34.93,,,,
06/25/26 09:35:00,34.85,,,,
06/25/26 09:40:00,34.93,,,,
06/25/26 09:45:00,34.93,,,,
06/25/26 09:50:00,35.01,,,,
06/25/26 09:55:00,35.24,,,,
06/25/26 10:00:00,35.47,,,,
06/25/26 10:05:00,35.62,,,,
06/25/26 10:10:00,35.39,,,,
06/25/26 10:15:00,35.39,,,,
06/25/26 10:20:00,35.55,,,,
06/25/26 10:25:00,35.70,,,,
06/25/26 10:30:00,35.93,,,,
06/25/26 10:35:00,35.93,,,,
06/25/26 10:40:00,35.86,,,,
06/25/26 10:45:00,35.93,,,,
06/25/26 10:50:00,36.09,,,,
06/25/26 10:55:00,36.01,,,,
06/25/26 11:00:00,35.93,,,,
06/25/26 11:05:00,35.93,,,,
06/25/26 11:10:00,36.01,,,,
06/25/26 11:15:00,36.01,,,,
06/25/26 11:20:00,36.16,,,,
06/25/26 11:25:00,36.16,,,,
06/25/26 11:30:00,36.40,,,,
06/25/26 11:35:00,36.63,,,,
06/25/26 11:40:00,36.71,,,,
06/25/26 11:45:00,36.78,,,,
06/25/26 11:50:00,37.01,,,,
06/25/26 11:55:00,37.17,,,,
06/25/26 12:00:00,36.94,,,,
06/25/26 12:05:00,37.01,,,,
06/25/26 12:10:00,37.09,,,,
06/25/26 12:15:00,36.86,,,,
06/25/26 12:20:00,36.78,,,,
06/25/26 12:25:00,36.71,,,,
06/25/26 12:30:00,36.71,,,,
06/25/26 12:35:00,36.78,,,,
06/25/26 12:40:00,37.17,,,,
06/25/26 12:45:00,37.48,,,,
06/25/26 12:50:00,37.79,,,,
06/25/26 12:55:00,37.79,,,,
06/25/26 13:00:00,37.86,,,,
06/25/26 13:05:00,37.86,,,,
06/25/26 13:10:00,37.94,,,,
06/25/26 13:15:00,38.02,,,,
06/25/26 13:20:00,38.02,,,,
06/25/26 13:25:00,38.02,,,,
06/25/26 13:30:00,38.25,,,,
06/25/26 13:35:00,38.64,,,,
06/25/26 13:40:00,38.71,,,,
06/25/26 13:45:00,38.48,,,,
06/25/26 13:50:00,38.40,,,,
06/25/26 13:55:00,38.17,,,,
06/25/26 14:00:00,37.94,,,,
06/25/26 14:05:00,37.71,,,,
06/25/26 14:10:00,37.55,,,,
06/25/26 14:15:00,37.40,,,,
06/25/26 14:20:00,37.48,,,,
06/25/26 14:25:00,37.55,,,,
06/25/26 14:30:00,37.55,,,,
06/25/26 14:35:00,37.55,,,,
06/25/26 14:40:00,37.48,,,,
06/25/26 14:45:00,37.79,,,,
06/25/26 14:50:00,37.71,,,,
06/25/26 14:55:00,37.55,,,,
06/25/26 15:00:00,37.25,,,,
06/25/26 15:05:00,37.01,,,,
06/25/26 15:10:00,37.09,,,,
06/25/26 15:15:00,37.01,,,,
06/25/26 15:20:00,37.09,,,,
06/25/26 15:25:00,37.32,,,,
06/25/26 15:30:00,37.71,,,,
06/25/26 15:35:00,38.10,,,,
06/25/26 15:40:00,38.10,,,,
06/25/26 15:45:00,37.86,,,,
06/25/26 15:50:00,37.79,,,,
06/25/26 15:55:00,37.71,,,,
06/25/26 16:00:00,37.94,,,,
06/25/26 16:05:00,37.86,,,,
06/25/26 16:10:00,37.79,,,,
06/25/26 16:15:00,38.02,,,,
06/25/26 16:20:00,38.10,,,,
06/25/26 16:25:00,38.02,,,,
06/25/26 16:30:00,38.02,,,,
06/25/26 16:35:00,37.63,,,,
06/25/26 16:40:00,37.86,,,,
06/25/26 16:45:00,38.25,,,,
06/25/26 16:50:00,38.10,,,,
06/25/26 16:55:00,38.10,,,,
06/25/26 17:00:00,38.33,,,,
06/25/26 17:05:00,38.25,,,,
06/25/26 17:10:00,38.02,,,,
06/25/26 17:15:00,38.71,,,,
06/25/26 17:20:00,39.02,,,,
06/25/26 17:25:00,38.33,,,,
06/25/26 17:30:00,37.71,,,,
06/25/26 17:35:00,37.48,,,,
06/25/26 17:40:00,37.32,,,,
06/25/26 17:45:00,37.17,,,,
06/25/26 17:50:00,36.94,,,,
06/25/26 17:55:00,36.71,,,,
06/25/26 18:00:00,36.78,,,,
06/25/26 18:05:00,36.71,,,,
06/25/26 18:10:00,36.86,,,,
06/25/26 18:15:00,37.01,,,,
06/25/26 18:20:00,37.01,,,,
06/25/26 18:25:00,36.78,,,,
06/25/26 18:30:00,36.47,,,,
06/25/26 18:35:00,36.40,,,,
06/25/26 18:40:00,36.47,,,,
06/25/26 18:45:00,36.32,,,,
06/25/26 18:50:00,36.16,,,,
06/25/26 18:55:00,36.09,,,,
06/25/26 19:00:00,36.01,,,,
06/25/26 19:05:00,36.01,,,,
06/25/26 19:10:00,36.01,,,,
06/25/26 19:15:00,35.86,,,,
06/25/26 19:20:00,35.70,,,,
06/25/26 19:25:00,35.47,,,,
06/25/26 19:30:00,35.24,,,,
06/25/26 19:35:00,35.24,,,,
06/25/26 19:40:00,35.24,,,,
06/25/26 19:45:00,35.70,,,,
06/25/26 19:50:00,35.78,,,,
06/25/26 19:55:00,35.62,,,,
06/25/26 20:00:00,35.47,,,,
06/25/26 20:05:00,35.70,,,,
06/25/26 20:10:00,35.86,,,,
06/25/26 20:15:00,35.47,,,,
06/25/26 20:20:00,35.55,,,,
06/25/26 20:25:00,35.39,,,,
06/25/26 20:30:00,35.47,,,,
06/25/26 20:35:00,35.78,,,,
06/25/26 20:40:00,35.93,,,,
06/25/26 20:45:00,35.93,,,,
06/25/26 20:50:00,35.24,,,,
06/25/26 20:55:00,34.85,,,,
06/25/26 21:00:00,34.39,,,,
06/25/26 21:05:00,34.31,,,,
06/25/26 21:10:00,34.62,,,,
06/25/26 21:15:00,35.01,,,,
06/25/26 21:20:00,35.01,,,,
06/25/26 21:25:00,35.32,,,,
06/25/26 21:30:00,35.32,,,,
06/25/26 21:35:00,34.85,,,,
06/25/26 21:40:00,34.31,,,,
06/25/26 21:45:00,34.08,,,,
06/25/26 21:50:00,33.93,,,,
06/25/26 21:55:00,33.93,,,,
06/25/26 22:00:00,33.93,,,,
06/25/26 22:05:00,34.00,,,,
06/25/26 22:10:00,34.16,,,,
06/25/26 22:15:00,34.16,,,,
06/25/26 22:20:00,34.23,,,,
06/25/26 22:25:00,34.23,,,,
06/25/26 22:30:00,34.16,,,,
06/25/26 22:35:00,33.93,,,,
06/25/26 22:40:00,33.93,,,,
06/25/26 22:45:00,33.85,,,,
06/25/26 22:50:00,33.93,,,,
06/25/26 22:55:00,33.85,,,,
06/25/26 23:00:00,33.77,,,,
06/25/26 23:05:00,33.77,,,,
06/25/26 23:10:00,33.54,,,,
06/25/26 23:15:00,33.23,,,,
06/25/26 23:20:00,33.23,,,,
06/25/26 23:25:00,33.23,,,,
06/25/26 23:30:00,33.15,,,,
06/25/26 23:35:00,33.00,,,,
06/25/26 23:40:00,33.15,,,,
06/25/26 23:45:00,33.31,,,,
06/25/26 23:50:00,33.46,,,,
06/25/26 23:55:00,33.54,,,,
06/26/26 00:00:00,33.54,,,,
06/26/26 00:05:00,33.54,,,,
06/26/26 00:10:00,33.38,,,,
06/26/26 00:15:00,33.62,,,,
06/26/26 00:20:00,33.85,,,,
06/26/26 00:25:00,33.93,,,,
06/26/26 00:30:00,33.93,,,,
06/26/26 00:35:00,33.85,,,,
06/26/26 00:40:00,33.69,,,,
06/26/26 00:45:00,34.00,,,,
06/26/26 00:50:00,34.16,,,,
06/26/26 00:55:00,34.08,,,,
06/26/26 01:00:00,34.23,,,,
06/26/26 01:05:00,34.23,,,,
06/26/26 01:10:00,34.39,,,,
06/26/26 01:15:00,34.31,,,,
06/26/26 01:20:00,34.08,,,,
06/26/26 01:25:00,34.00,,,,
06/26/26 01:30:00,33.93,,,,
06/26/26 01:35:00,34.00,,,,
06/26/26 01:40:00,34.08,,,,
06/26/26 01:45:00,34.85,,,,
06/26/26 01:50:00,35.24,,,,
06/26/26 01:55:00,35.08,,,,
06/26/26 02:00:00,34.31,,,,
06/26/26 02:05:00,34.54,,,,
06/26/26 02:10:00,35.01,,,,
06/26/26 02:15:00,35.39,,,,
06/26/26 02:20:00,35.47,,,,
06/26/26 02:25:00,35.39,,,,
06/26/26 02:30:00,34.23,,,,
06/26/26 02:35:00,33.77,,,,
06/26/26 02:40:00,33.38,,,,
06/26/26 02:45:00,33.08,,,,
06/26/26 02:50:00,32.84,,,,
06/26/26 02:55:00,32.92,,,,
06/26/26 03:00:00,32.77,,,,
06/26/26 03:05:00,33.08,,,,
06/26/26 03:10:00,33.69,,,,
06/26/26 03:15:00,34.31,,,,
06/26/26 03:20:00,34.62,,,,
06/26/26 03:25:00,34.23,,,,
06/26/26 03:30:00,33.93,,,,
06/26/26 03:35:00,34.31,,,,
06/26/26 03:40:00,34.62,,,,
06/26/26 03:45:00,34.70,,,,
06/26/26 03:50:00,34.85,,,,
06/26/26 03:55:00,34.85,,,,
06/26/26 04:00:00,35.01,,,,
06/26/26 04:05:00,35.32,,,,
06/26/26 04:10:00,35.24,,,,
06/26/26 04:15:00,35.24,,,,
06/26/26 04:20:00,35.32,,,,
06/26/26 04:25:00,35.39,,,,
06/26/26 04:30:00,35.55,,,,
06/26/26 04:35:00,35.47,,,,
06/26/26 04:40:00,35.39,,,,
06/26/26 04:45:00,35.32,,,,
06/26/26 04:50:00,35.32,,,,
06/26/26 04:55:00,35.32,,,,
06/26/26 05:00:00,35.32,,,,
06/26/26 05:05:00,35.62,,,,
06/26/26 05:10:00,35.86,,,,
06/26/26 05:15:00,35.86,,,,
06/26/26 05:20:00,36.09,,,,
06/26/26 05:25:00,36.09,,,,
06/26/26 05:30:00,36.09,,,,
06/26/26 05:35:00,36.40,,,,
06/26/26 05:40:00,36.78,,,,
06/26/26 05:45:00,37.17,,,,
06/26/26 05:50:00,37.63,,,,
06/26/26 05:55:00,37.94,,,,
06/26/26 06:00:00,38.10,,,,
06/26/26 06:05:00,37.94,,,,
06/26/26 06:10:00,38.64,,,,
06/26/26 06:15:00,39.25,,,,
06/26/26 06:20:00,38.94,,,,
06/26/26 06:25:00,38.71,,,,
06/26/26 06:30:00,38.40,,,,
06/26/26 06:35:00,37.94,,,,
06/26/26 06:40:00,37.94,,,,
06/26/26 06:45:00,37.86,,,,
06/26/26 06:50:00,38.02,,,,
06/26/26 06:55:00,38.17,,,,
06/26/26 07:00:00,38.10,,,,
06/26/26 07:05:00,38.17,,,,
06/26/26 07:10:00,38.56,,,,
06/26/26 07:15:00,38.56,,,,
06/26/26 07:20:00,38.48,,,,
06/26/26 07:25:00,37.79,,,,
06/26/26 07:30:00,38.17,,,,
06/26/26 07:35:00,38.87,,,,
06/26/26 07:40:00,39.18,,,,
06/26/26 07:45:00,40.41,,,,
06/26/26 07:50:00,41.34,,,,
06/26/26 07:55:00,40.88,,,,
06/26/26 08:00:00,42.19,,,,
06/26/26 08:05:00,42.42,,,,
06/26/26 08:10:00,43.73,,,,
06/26/26 08:15:00,44.43,,,,
06/26/26 08:20:00,44.50,,,,
06/26/26 08:25:00,44.58,,,,
06/26/26 08:30:00,43.89,,,,
06/26/26 08:35:00,43.66,,,,
06/26/26 08:40:00,44.50,,,,
06/26/26 08:45:00,44.58,,,,
06/26/26 08:50:00,44.89,,,,
06/26/26 08:55:00,45.74,,,,
06/26/26 09:00:00,46.20,,,,
06/26/26 09:05:00,46.20,,,,
06/26/26 09:10:00,48.29,,,,
06/26/26 09:15:00,49.91,,,,
06/26/26 09:20:00,50.14,,,,
06/26/26 09:25:00,49.52,,,,
06/26/26 09:30:00,49.60,,,,
06/26/26 09:35:00,48.29,,,,
06/26/26 09:40:00,46.90,,,,
06/26/26 09:45:00,46.90,,,,
06/26/26 09:50:00,46.05,,,,
06/26/26 09:55:00,45.51,,,,
06/26/26 10:00:00,46.82,,,,
06/26/26 10:05:00,46.44,,,,
06/26/26 10:10:00,47.13,,,,
06/26/26 10:15:00,46.28,,,,
06/26/26 10:20:00,44.81,,,,
06/26/26 10:25:00,44.20,,,,
06/26/26 10:30:00,43.96,,,,
06/26/26 10:35:00,43.11,,,,
06/26/26 10:40:00,41.88,,,,
06/26/26 10:45:00,43.35,,,,
06/26/26 10:50:00,45.43,,,,
06/26/26 10:55:00,44.27,,,,
06/26/26 11:00:00,42.96,,,,
06/26/26 11:05:00,43.35,,,,
06/26/26 11:10:00,44.27,,,,
06/26/26 11:15:00,45.20,,,,
06/26/26 11:20:00,45.74,,,,
06/26/26 11:25:00,45.43,,,,
06/26/26 11:30:00,44.97,,,,
06/26/26 11:35:00,44.12,,,,
06/26/26 11:40:00,43.27,,,,
06/26/26 11:45:00,42.19,,,,
06/26/26 11:50:00,42.03,,,,
06/26/26 11:55:00,43.19,,,,
06/26/26 12:00:00,44.66,,,,
06/26/26 12:05:00,45.28,,,,
06/26/26 12:10:00,46.28,,,,
06/26/26 12:15:00,47.67,,,,
06/26/26 12:20:00,47.36,,,,
06/26/26 12:25:00,46.98,,,,
06/26/26 12:30:00,47.75,,,,
06/26/26 12:35:00,51.38,,,,
06/26/26 12:40:00,54.16,,,,
06/26/26 12:45:00,54.62,,,,
06/26/26 12:50:00,53.62,,,,
06/26/26 12:55:00,51.07,,,,
06/26/26 13:00:00,48.83,,,,
06/26/26 13:05:00,48.21,,,,
06/26/26 13:10:00,50.06,,,,
06/26/26 13:15:00,50.99,,,,
06/26/26 13:20:00,50.76,,,,
06/26/26 13:25:00,46.51,,,,
06/26/26 13:30:00,43.42,,,,
06/26/26 13:35:00,41.57,,,,
06/26/26 13:40:00,40.88,,,,
06/26/26 13:45:00,40.49,,,,
06/26/26 13:50:00,40.41,,,,
06/26/26 13:55:00,40.72,,,,
06/26/26 14:00:00,40.49,,,,
06/26/26 14:05:00,40.41,,,,
06/26/26 14:10:00,40.80,,,,
06/26/26 14:15:00,41.18,,,,
06/26/26 14:20:00,41.34,,,,
06/26/26 14:25:00,41.49,,,,
06/26/26 14:30:00,42.50,,,,
06/26/26 14:35:00,41.72,,,,
06/26/26 14:40:00,41.96,,,,
06/26/26 14:45:00,42.11,,,,
06/26/26 14:50:00,41.80,,,,
06/26/26 14:55:00,42.03,,,,
06/26/26 15:00:00,42.27,,,,
06/26/26 15:05:00,41.42,,,,
06/26/26 15:10:00,40.33,,,,
06/26/26 15:15:00,40.03,,,,
06/26/26 15:20:00,39.72,,,,
06/26/26 15:25:00,39.49,,,,
06/26/26 15:30:00,39.25,,,,
06/26/26 15:35:00,38.94,,,,
06/26/26 15:40:00,38.71,,,,
06/26/26 15:45:00,38.56,,,,
06/26/26 15:50:00,37.94,,,,
06/26/26 15:55:00,37.40,,,,
06/26/26 16:00:00,37.25,,,,
06/26/26 16:05:00,37.17,,,,
06/26/26 16:10:00,37.32,,,,
06/26/26 16:15:00,37.94,,,,
06/26/26 16:20:00,38.17,,,,
06/26/26 16:25:00,38.33,,,,
06/26/26 16:30:00,38.56,,,,
06/26/26 16:35:00,38.56,,,,
06/26/26 16:40:00,38.40,,,,
06/26/26 16:45:00,38.10,,,,
06/26/26 16:50:00,37.63,,,,
06/26/26 16:55:00,36.94,,,,
06/26/26 17:00:00,37.25,,,,
06/26/26 17:05:00,36.94,,,,
06/26/26 17:10:00,36.94,,,,
06/26/26 17:15:00,36.40,,,,
06/26/26 17:20:00,36.40,,,,
06/26/26 17:25:00,36.47,,,,
06/26/26 17:30:00,36.63,,,,
06/26/26 17:35:00,36.94,,,,
06/26/26 17:40:00,36.78,,,,
06/26/26 17:45:00,37.01,,,,
06/26/26 17:50:00,37.01,,,,
06/26/26 17:55:00,36.94,,,,
06/26/26 18:00:00,37.40,,,,
06/26/26 18:05:00,36.94,,,,
06/26/26 18:10:00,36.24,,,,
06/26/26 18:15:00,36.55,,,,
06/26/26 18:20:00,36.24,,,,
06/26/26 18:25:00,36.94,,,,
06/26/26 18:30:00,37.48,,,,
06/26/26 18:35:00,37.32,,,,
06/26/26 18:40:00,36.40,,,,
06/26/26 18:45:00,35.93,,,,
06/26/26 18:50:00,35.93,,,,
06/26/26 18:55:00,36.09,,,,
06/26/26 19:00:00,35.86,,,,
06/26/26 19:05:00,35.62,,,,
06/26/26 19:10:00,36.16,,,,
06/26/26 19:15:00,35.70,,,,
06/26/26 19:20:00,35.08,,,,
06/26/26 19:25:00,34.77,,,,
06/26/26 19:30:00,34.93,,,,
06/26/26 19:35:00,35.08,,,,
06/26/26 19:40:00,36.40,,,,
06/26/26 19:45:00,36.09,,,,
06/26/26 19:50:00,35.39,,,,
06/26/26 19:55:00,35.08,,,,
06/26/26 20:00:00,34.85,,,,
06/26/26 20:05:00,34.85,,,,
06/26/26 20:10:00,35.47,,,,
06/26/26 20:15:00,35.47,,,,
06/26/26 20:20:00,36.40,,,,
06/26/26 20:25:00,35.93,,,,
06/26/26 20:30:00,35.55,,,,
06/26/26 20:35:00,35.39,,,,
06/26/26 20:40:00,35.70,,,,
06/26/26 20:45:00,35.01,,,,
06/26/26 20:50:00,35.70,,,,
06/26/26 20:55:00,36.71,,,,
06/26/26 21:00:00,37.09,,,,
06/26/26 21:05:00,37.32,,,,
06/26/26 21:10:00,38.64,,,,
06/26/26 21:15:00,37.25,,,,
06/26/26 21:20:00,36.16,,,,
06/26/26 21:25:00,35.39,,,,
06/26/26 21:30:00,35.01,,,,
06/26/26 21:35:00,35.08,,,,
06/26/26 21:40:00,35.24,,,,
06/26/26 21:45:00,35.24,,,,
06/26/26 21:50:00,35.01,,,,
06/26/26 21:55:00,36.32,,,,
06/26/26 22:00:00,37.48,,,,
06/26/26 22:05:00,37.94,,,,
06/26/26 22:10:00,37.01,,,,
06/26/26 22:15:00,37.79,,,,
06/26/26 22:20:00,37.48,,,,
06/26/26 22:25:00,37.79,,,,
06/26/26 22:30:00,39.10,,,,
06/26/26 22:35:00,39.18,,,,
06/26/26 22:40:00,37.86,,,,
06/26/26 22:45:00,38.17,,,,
06/26/26 22:50:00,38.10,,,,
06/26/26 22:55:00,37.71,,,,
06/26/26 23:00:00,37.09,,,,
06/26/26 23:05:00,36.24,,,,
06/26/26 23:10:00,35.78,,,,
06/26/26 23:15:00,36.01,,,,
06/26/26 23:20:00,36.40,,,,
06/26/26 23:25:00,37.32,,,,
06/26/26 23:30:00,38.10,,,,
06/26/26 23:35:00,37.48,,,,
06/26/26 23:40:00,37.32,,,,
06/26/26 23:45:00,36.78,,,,
06/26/26 23:50:00,36.09,,,,
06/26/26 23:55:00,35.78,,,,
06/27/26 00:00:00,37.94,,,,
06/27/26 00:05:00,39.33,,,,
06/27/26 00:10:00,40.49,,,,
06/27/26 00:15:00,41.18,,,,
06/27/26 00:20:00,40.03,,,,
06/27/26 00:25:00,40.18,,,,
06/27/26 00:30:00,40.26,,,,
06/27/26 00:35:00,40.49,,,,
06/27/26 00:40:00,40.64,,,,
06/27/26 00:45:00,40.80,,,,
06/27/26 00:50:00,41.34,,,,
06/27/26 00:55:00,41.49,,,,
06/27/26 01:00:00,41.57,,,,
06/27/26 01:05:00,40.95,,,,
06/27/26 01:10:00,40.80,,,,
06/27/26 01:15:00,40.95,,,,
06/27/26 01:20:00,41.26,,,,
06/27/26 01:25:00,41.26,,,,
06/27/26 01:30:00,41.18,,,,
06/27/26 01:35:00,41.18,,,,
06/27/26 01:40:00,41.03,,,,
06/27/26 01:45:00,41.18,,,,
06/27/26 01:50:00,41.11,,,,
06/27/26 01:55:00,41.03,,,,
06/27/26 02:00:00,41.26,,,,
06/27/26 02:05:00,41.49,,,,
06/27/26 02:10:00,41.80,,,,
06/27/26 02:15:00,41.96,,,,
06/27/26 02:20:00,41.88,,,,
06/27/26 02:25:00,41.72,,,,
06/27/26 02:30:00,41.72,,,,
06/27/26 02:35:00,41.11,,,,
06/27/26 02:40:00,41.11,,,,
06/27/26 02:45:00,40.57,,,,
06/27/26 02:50:00,40.64,,,,
06/27/26 02:55:00,40.80,,,,
06/27/26 03:00:00,40.64,,,,
06/27/26 03:05:00,40.41,,,,
06/27/26 03:10:00,40.26,,,,
06/27/26 03:15:00,40.57,,,,
06/27/26 03:20:00,41.03,,,,
06/27/26 03:25:00,40.64,,,,
06/27/26 03:30:00,40.26,,,,
06/27/26 03:35:00,40.49,,,,
06/27/26 03:40:00,40.26,,,,
06/27/26 03:45:00,40.33,,,,
06/27/26 03:50:00,40.26,,,,
06/27/26 03:55:00,40.88,,,,
06/27/26 04:00:00,40.57,,,,
06/27/26 04:05:00,40.49,,,,
06/27/26 04:10:00,40.72,,,,
06/27/26 04:15:00,41.18,,,,
06/27/26 04:20:00,41.26,,,,
06/27/26 04:25:00,41.49,,,,
06/27/26 04:30:00,40.72,,,,
06/27/26 04:35:00,40.18,,,,
06/27/26 04:40:00,39.18,,,,
06/27/26 04:45:00,39.02,,,,
06/27/26 04:50:00,39.25,,,,
06/27/26 04:55:00,40.10,,,,
06/27/26 05:00:00,40.03,,,,
06/27/26 05:05:00,40.18,,,,
06/27/26 05:10:00,40.03,,,,
06/27/26 05:15:00,40.18,,,,
06/27/26 05:20:00,40.18,,,,
06/27/26 05:25:00,40.03,,,,
06/27/26 05:30:00,40.03,,,,
06/27/26 05:35:00,39.87,,,,
06/27/26 05:40:00,40.03,,,,
06/27/26 05:45:00,40.41,,,,
06/27/26 05:50:00,40.49,,,,
06/27/26 05:55:00,40.95,,,,
06/27/26 06:00:00,41.49,,,,
06/27/26 06:05:00,41.34,,,,
06/27/26 06:10:00,41.80,,,,
06/27/26 06:15:00,42.42,,,,
06/27/26 06:20:00,42.19,,,,
06/27/26 06:25:00,43.19,,,,
06/27/26 06:30:00,43.73,,,,
06/27/26 06:35:00,43.73,,,,
06/27/26 06:40:00,42.96,,,,
06/27/26 06:45:00,42.34,,,,
06/27/26 06:50:00,42.03,,,,
06/27/26 06:55:00,42.19,,,,
06/27/26 07:00:00,40.95,,,,
06/27/26 07:05:00,40.03,,,,
06/27/26 07:10:00,40.64,,,,
06/27/26 07:15:00,40.33,,,,
06/27/26 07:20:00,39.10,,,,
06/27/26 07:25:00,38.48,,,,
06/27/26 07:30:00,38.64,,,,
06/27/26 07:35:00,38.48,,,,
06/27/26 07:40:00,39.64,,,,
06/27/26 07:45:00,40.64,,,,
06/27/26 07:50:00,40.88,,,,
06/27/26 07:55:00,40.33,,,,
06/27/26 08:00:00,41.18,,,,
06/27/26 08:05:00,41.65,,,,
06/27/26 08:10:00,38.87,,,,
06/27/26 08:15:00,39.49,,,,
06/27/26 08:20:00,41.26,,,,
06/27/26 08:25:00,42.11,,,,
06/27/26 08:30:00,41.26,,,,
06/27/26 08:35:00,39.64,,,,
06/27/26 08:40:00,39.64,,,,
06/27/26 08:45:00,39.79,,,,
06/27/26 08:50:00,41.18,,,,
06/27/26 08:55:00,41.80,,,,
06/27/26 09:00:00,40.95,,,,
06/27/26 09:05:00,39.87,,,,
06/27/26 09:10:00,39.79,,,,
06/27/26 09:15:00,41.18,,,,
06/27/26 09:20:00,41.26,,,,
06/27/26 09:25:00,40.80,,,,
06/27/26 09:30:00,40.57,,,,
06/27/26 09:35:00,40.49,,,,
06/27/26 09:40:00,40.64,,,,
06/27/26 09:45:00,40.10,,,,
06/27/26 09:50:00,40.80,,,,
06/27/26 09:55:00,42.11,,,,
06/27/26 10:00:00,42.88,,,,
06/27/26 10:05:00,43.81,,,,
06/27/26 10:10:00,43.11,,,,
06/27/26 10:15:00,43.04,,,,
06/27/26 10:20:00,42.11,,,,
06/27/26 10:25:00,40.64,,,,
06/27/26 10:30:00,40.03,,,,
06/27/26 10:35:00,39.64,,,,
06/27/26 10:40:00,40.64,,,,
06/27/26 10:45:00,41.03,,,,
06/27/26 10:50:00,41.42,,,,
06/27/26 10:55:00,42.19,,,,
06/27/26 11:00:00,42.50,,,,
06/27/26 11:05:00,43.42,,,,
06/27/26 11:10:00,42.19,,,,
06/27/26 11:15:00,39.56,,,,
06/27/26 11:20:00,38.94,,,,
06/27/26 11:25:00,38.71,,,,
06/27/26 11:30:00,38.56,,,,
06/27/26 11:35:00,38.25,,,,
06/27/26 11:40:00,38.33,,,,
06/27/26 11:45:00,38.94,,,,
06/27/26 11:50:00,40.26,,,,
06/27/26 11:55:00,40.80,,,,
06/27/26 12:00:00,39.56,,,,
06/27/26 12:05:00,38.64,,,,
06/27/26 12:10:00,38.56,,,,
06/27/26 12:15:00,39.18,,,,
06/27/26 12:20:00,39.10,,,,
06/27/26 12:25:00,38.40,,,,
06/27/26 12:30:00,38.25,,,,
06/27/26 12:35:00,38.17,,,,
06/27/26 12:40:00,38.87,,,,
06/27/26 12:45:00,39.33,,,,
06/27/26 12:50:00,39.25,,,,
06/27/26 12:55:00,40.49,,,,
06/27/26 13:00:00,41.26,,,,
06/27/26 13:05:00,40.33,,,,
06/27/26 13:10:00,38.71,,,,
06/27/26 13:15:00,37.63,,,,
06/27/26 13:20:00,37.48,,,,
06/27/26 13:25:00,37.32,,,,
06/27/26 13:30:00,36.94,,,,
06/27/26 13:35:00,36.78,,,,
06/27/26 13:40:00,36.63,,,,
06/27/26 13:45:00,36.24,,,,
06/27/26 13:50:00,36.01,,,,
06/27/26 13:55:00,36.01,,,,
06/27/26 14:00:00,35.93,,,,
06/27/26 14:05:00,35.93,,,,
06/27/26 14:10:00,36.09,,,,
06/27/26 14:15:00,35.93,,,,
06/27/26 14:20:00,36.01,,,,
06/27/26 14:25:00,36.32,,,,
06/27/26 14:30:00,36.47,,,,
06/27/26 14:35:00,36.63,,,,
06/27/26 14:40:00,36.47,,,,
06/27/26 14:45:00,36.32,,,,
06/27/26 14:50:00,36.01,,,,
06/27/26 14:55:00,36.32,,,,
06/27/26 15:00:00,35.93,,,,
06/27/26 15:05:00,35.86,,,,
06/27/26 15:10:00,35.78,,,,
06/27/26 15:15:00,35.55,,,,
06/27/26 15:20:00,36.09,,,,
06/27/26 15:25:00,36.40,,,,
06/27/26 15:30:00,36.32,,,,
06/27/26 15:35:00,36.01,,,,
06/27/26 15:40:00,35.86,,,,
06/27/26 15:45:00,35.78,,,,
06/27/26 15:50:00,35.86,,,,
06/27/26 15:55:00,35.78,,,,
06/27/26 16:00:00,35.78,,,,
06/27/26 16:05:00,35.86,,,,
06/27/26 16:10:00,35.70,,,,
06/27/26 16:15:00,35.62,,,,
06/27/26 16:20:00,35.70,,,,
06/27/26 16:25:00,35.47,,,,
06/27/26 16:30:00,35.62,,,,
06/27/26 16:35:00,35.70,,,,
06/27/26 16:40:00,35.93,,,,
06/27/26 16:45:00,35.86,,,,
06/27/26 16:50:00,35.70,,,,
06/27/26 16:55:00,35.39,,,,
06/27/26 17:00:00,35.24,,,,
06/27/26 17:05:00,35.16,,,,
06/27/26 17:10:00,35.24,,,,
06/27/26 17:15:00,35.16,,,,
06/27/26 17:20:00,35.16,,,,
06/27/26 17:25:00,35.32,,,,
06/27/26 17:30:00,35.39,,,,
06/27/26 17:35:00,35.32,,,,
06/27/26 17:40:00,35.24,,,,
06/27/26 17:45:00,35.16,,,,
06/27/26 17:50:00,35.08,,,,
06/27/26 17:55:00,35.16,,,,
06/27/26 18:00:00,35.16,,,,
06/27/26 18:05:00,35.16,,,,
06/27/26 18:10:00,35.08,,,,
06/27/26 18:15:00,35.16,,,,
06/27/26 18:20:00,35.08,,,,
06/27/26 18:25:00,35.16,,,,
06/27/26 18:30:00,34.93,,,,
06/27/26 18:35:00,34.85,,,,
06/27/26 18:40:00,34.70,,,,
06/27/26 18:45:00,34.54,,,,
06/27/26 18:50:00,34.62,,,,
06/27/26 18:55:00,34.70,,,,
06/27/26 19:00:00,34.70,,,,
06/27/26 19:05:00,34.77,,,,
06/27/26 19:10:00,34.85,,,,
06/27/26 19:15:00,35.08,,,,
06/27/26 19:20:00,35.24,,,,
06/27/26 19:25:00,35.32,,,,
06/27/26 19:30:00,35.24,,,,
06/27/26 19:35:00,34.93,,,,
06/27/26 19:40:00,34.93,,,,
06/27/26 19:45:00,34.85,,,,
06/27/26 19:50:00,34.93,,,,
06/27/26 19:55:00,34.93,,,,
06/27/26 20:00:00,35.16,,,,
06/27/26 20:05:00,35.08,,,,
06/27/26 20:10:00,35.01,,,,
06/27/26 20:15:00,34.54,,,,
06/27/26 20:20:00,34.31,,,,
06/27/26 20:25:00,34.16,,,,
06/27/26 20:30:00,34.16,,,,
06/27/26 20:35:00,34.31,,,,
06/27/26 20:40:00,34.39,,,,
06/27/26 20:45:00,34.39,,,,
06/27/26 20:50:00,34.39,,,,
06/27/26 20:55:00,34.39,,,,
06/27/26 21:00:00,34.16,,,,
06/27/26 21:05:00,34.23,,,,
06/27/26 21:10:00,34.08,,,,
06/27/26 21:15:00,34.08,,,,
06/27/26 21:20:00,34.00,,,,
06/27/26 21:25:00,33.85,,,,
06/27/26 21:30:00,33.69,,,,
06/27/26 21:35:00,33.85,,,,
06/27/26 21:40:00,33.93,,,,
06/27/26 21:45:00,33.93,,,,
06/27/26 21:50:00,33.93,,,,
06/27/26 21:55:00,33.85,,,,
06/27/26 22:00:00,33.85,,,,
06/27/26 22:05:00,34.00,,,,
06/27/26 22:10:00,33.93,,,,
06/27/26 22:15:00,33.93,,,,
06/27/26 22:20:00,34.00,,,,
06/27/26 22:25:00,33.85,,,,
06/27/26 22:30:00,34.00,,,,
06/27/26 22:35:00,33.85,,,,
06/27/26 22:40:00,33.85,,,,
06/27/26 22:45:00,33.93,,,,
06/27/26 22:50:00,33.93,,,,
06/27/26 22:55:00,33.77,,,,
06/27/26 23:00:00,33.85,,,,
06/27/26 23:05:00,33.77,,,,
06/27/26 23:10:00,33.85,,,,
06/27/26 23:15:00,33.93,,,,
06/27/26 23:20:00,33.85,,,,
06/27/26 23:25:00,33.85,,,,
06/27/26 23:30:00,33.85,,,,
06/27/26 23:35:00,33.93,,,,
06/27/26 23:40:00,33.85,,,,
06/27/26 23:45:00,33.93,,,,
06/27/26 23:50:00,33.85,,,,
06/27/26 23:55:00,33.77,,,,
06/28/26 00:00:00,33.93,,,,
06/28/26 00:05:00,33.93,,,,
06/28/26 00:10:00,34.00,,,,
06/28/26 00:15:00,34.00,,,,
06/28/26 00:20:00,33.85,,,,
06/28/26 00:25:00,33.77,,,,
06/28/26 00:30:00,34.00,,,,
06/28/26 00:35:00,33.93,,,,
06/28/26 00:40:00,33.69,,,,
06/28/26 00:45:00,33.85,,,,
06/28/26 00:50:00,33.85,,,,
06/28/26 00:55:00,33.77,,,,
06/28/26 01:00:00,33.77,,,,
06/28/26 01:05:00,33.77,,,,
06/28/26 01:10:00,33.77,,,,
06/28/26 01:15:00,33.77,,,,
06/28/26 01:20:00,33.69,,,,
06/28/26 01:25:00,33.69,,,,
06/28/26 01:30:00,33.77,,,,
06/28/26 01:35:00,33.93,,,,
06/28/26 01:40:00,33.93,,,,
06/28/26 01:45:00,33.93,,,,
06/28/26 01:50:00,33.93,,,,
06/28/26 01:55:00,34.23,,,,
06/28/26 02:00:00,34.31,,,,
06/28/26 02:05:00,34.47,,,,
06/28/26 02:10:00,34.39,,,,
06/28/26 02:15:00,34.70,,,,
06/28/26 02:20:00,34.47,,,,
06/28/26 02:25:00,34.16,,,,
06/28/26 02:30:00,34.08,,,,
06/28/26 02:35:00,34.00,,,,
06/28/26 02:40:00,33.93,,,,
06/28/26 02:45:00,33.77,,,,
06/28/26 02:50:00,33.93,,,,
06/28/26 02:55:00,33.85,,,,
06/28/26 03:00:00,34.00,,,,
06/28/26 03:05:00,34.16,,,,
06/28/26 03:10:00,34.16,,,,
06/28/26 03:15:00,34.16,,,,
06/28/26 03:20:00,34.08,,,,
06/28/26 03:25:00,34.00,,,,
06/28/26 03:30:00,34.00,,,,
06/28/26 03:35:00,33.85,,,,
06/28/26 03:40:00,33.93,,,,
06/28/26 03:45:00,33.77,,,,
06/28/26 03:50:00,33.62,,,,
06/28/26 03:55:00,33.54,,,,
06/28/26 04:00:00,33.54,,,,
06/28/26 04:05:00,33.54,,,,
06/28/26 04:10:00,33.69,,,,
06/28/26 04:15:00,33.69,,,,
06/28/26 04:20:00,33.85,,,,
06/28/26 04:25:00,33.85,,,,
06/28/26 04:30:00,33.93,,,,
06/28/26 04:35:00,33.85,,,,
06/28/26 04:40:00,33.69,,,,
06/28/26 04:45:00,33.69,,,,
06/28/26 04:50:00,33.85,,,,
06/28/26 04:55:00,33.77,,,,
06/28/26 05:00:00,33.85,,,,
06/28/26 05:05:00,33.77,,,,
06/28/26 05:10:00,33.93,,,,
06/28/26 05:15:00,34.00,,,,
06/28/26 05:20:00,34.00,,,,
06/28/26 05:25:00,34.00,,,,
06/28/26 05:30:00,33.93,,,,
06/28/26 05:35:00,34.00,,,,
06/28/26 05:40:00,34.16,,,,
06/28/26 05:45:00,34.08,,,,
06/28/26 05:50:00,34.08,,,,
06/28/26 05:55:00,34.16,,,,
06/28/26 06:00:00,34.16,,,,
06/28/26 06:05:00,34.16,,,,
06/28/26 06:10:00,34.23,,,,
06/28/26 06:15:00,34.39,,,,
06/28/26 06:20:00,34.39,,,,
06/28/26 06:25:00,34.47,,,,
06/28/26 06:30:00,34.54,,,,
06/28/26 06:35:00,34.77,,,,
06/28/26 06:40:00,35.08,,,,
06/28/26 06:45:00,34.77,,,,
06/28/26 06:50:00,34.93,,,,
06/28/26 06:55:00,35.01,,,,
06/28/26 07:00:00,35.01,,,,
06/28/26 07:05:00,35.16,,,,
06/28/26 07:10:00,35.08,,,,
06/28/26 07:15:00,35.32,,,,
06/28/26 07:20:00,35.32,,,,
06/28/26 07:25:00,36.32,,,,
06/28/26 07:30:00,35.78,,,,
06/28/26 07:35:00,35.70,,,,
06/28/26 07:40:00,35.62,,,,
06/28/26 07:45:00,36.09,,,,
06/28/26 07:50:00,37.01,,,,
06/28/26 07:55:00,36.94,,,,
06/28/26 08:00:00,36.16,,,,
06/28/26 08:05:00,35.78,,,,
06/28/26 08:10:00,35.93,,,,
06/28/26 08:15:00,36.71,,,,
06/28/26 08:20:00,37.17,,,,
06/28/26 08:25:00,37.17,,,,
06/28/26 08:30:00,36.47,,,,
06/28/26 08:35:00,35.93,,,,
06/28/26 08:40:00,35.93,,,,
06/28/26 08:45:00,35.93,,,,
06/28/26 08:50:00,35.78,,,,
06/28/26 08:55:00,35.86,,,,
06/28/26 09:00:00,36.01,,,,
06/28/26 09:05:00,38.10,,,,
06/28/26 09:10:00,38.25,,,,
06/28/26 09:15:00,37.63,,,,
06/28/26 09:20:00,38.94,,,,
06/28/26 09:25:00,39.64,,,,
06/28/26 09:30:00,38.94,,,,
06/28/26 09:35:00,38.40,,,,
06/28/26 09:40:00,39.72,,,,
06/28/26 09:45:00,39.95,,,,
06/28/26 09:50:00,39.72,,,,
06/28/26 09:55:00,40.95,,,,
06/28/26 10:00:00,41.34,,,,
06/28/26 10:05:00,41.03,,,,
06/28/26 10:10:00,40.72,,,,
06/28/26 10:15:00,40.95,,,,
06/28/26 10:20:00,41.96,,,,
06/28/26 10:25:00,42.27,,,,
06/28/26 10:30:00,42.11,,,,
06/28/26 10:35:00,41.80,,,,
06/28/26 10:40:00,42.57,,,,
06/28/26 10:45:00,42.27,,,,
06/28/26 10:50:00,42.57,,,,
06/28/26 10:55:00,42.42,,,,
06/28/26 11:00:00,43.04,,,,
06/28/26 11:05:00,42.88,,,,
06/28/26 11:10:00,42.11,,,,
06/28/26 11:15:00,42.19,,,,
06/28/26 11:20:00,41.96,,,,
06/28/26 11:25:00,42.11,,,,
06/28/26 11:30:00,42.19,,,,
06/28/26 11:35:00,41.34,,,,
06/28/26 11:40:00,40.72,,,,
06/28/26 11:45:00,40.57,,,,
06/28/26 11:50:00,39.95,,,,
06/28/26 11:55:00,39.79,,,,
06/28/26 12:00:00,39.72,,,,
06/28/26 12:05:00,40.95,,,,
06/28/26 12:10:00,40.26,,,,
06/28/26 12:15:00,39.56,,,,
06/28/26 12:20:00,39.25,,,,
06/28/26 12:25:00,39.41,,,,
06/28/26 12:30:00,39.56,,,,
06/28/26 12:35:00,40.18,,,,
06/28/26 12:40:00,39.95,,,,
06/28/26 12:45:00,39.25,,,,
06/28/26 12:50:00,39.02,,,,
06/28/26 12:55:00,39.10,,,,
06/28/26 13:00:00,39.87,,,,
06/28/26 13:05:00,39.33,,,,
06/28/26 13:10:00,39.02,,,,
06/28/26 13:15:00,38.71,,,,
06/28/26 13:20:00,38.94,,,,
06/28/26 13:25:00,38.94,,,,
06/28/26 13:30:00,38.87,,,,
06/28/26 13:35:00,38.79,,,,
06/28/26 13:40:00,38.40,,,,
06/28/26 13:45:00,38.25,,,,
06/28/26 13:50:00,38.56,,,,
06/28/26 13:55:00,38.48,,,,
06/28/26 14:00:00,38.40,,,,
06/28/26 14:05:00,38.25,,,,
06/28/26 14:10:00,38.33,,,,
06/28/26 14:15:00,38.71,,,,
06/28/26 14:20:00,39.02,,,,
06/28/26 14:25:00,39.25,,,,
06/28/26 14:30:00,39.33,,,,
06/28/26 14:35:00,39.25,,,,
06/28/26 14:40:00,39.33,,,,
06/28/26 14:45:00,39.18,,,,
06/28/26 14:50:00,38.94,,,,
06/28/26 14:55:00,39.10,,,,
06/28/26 15:00:00,39.33,,,,
06/28/26 15:05:00,39.95,,,,
06/28/26 15:10:00,39.18,,,,
06/28/26 15:15:00,39.64,,,,
06/28/26 15:20:00,38.94,,,,
06/28/26 15:25:00,39.02,,,,
06/28/26 15:30:00,38.94,,,,
06/28/26 15:35:00,39.18,,,,
06/28/26 15:40:00,40.33,,,,
06/28/26 15:45:00,40.10,,,,
06/28/26 15:50:00,41.96,,,,
06/28/26 15:55:00,43.42,,,,
06/28/26 16:00:00,44.12,,,,
06/28/26 16:05:00,44.89,,,,
06/28/26 16:10:00,43.96,,,,
06/28/26 16:15:00,43.50,,,,
06/28/26 16:20:00,42.57,,,,
06/28/26 16:25:00,43.04,,,,
06/28/26 16:30:00,44.04,,,,
06/28/26 16:35:00,42.34,,,,
06/28/26 16:40:00,40.41,,,,
06/28/26 16:45:00,40.18,,,,
06/28/26 16:50:00,41.88,,,,
06/28/26 16:55:00,40.10,,,,
06/28/26 17:00:00,38.94,,,,
06/28/26 17:05:00,38.40,,,,
06/28/26 17:10:00,40.10,,,,
06/28/26 17:15:00,39.25,,,,
06/28/26 17:20:00,40.03,,,,
06/28/26 17:25:00,40.49,,,,
06/28/26 17:30:00,39.56,,,,
06/28/26 17:35:00,39.18,,,,
06/28/26 17:40:00,40.57,,,,
06/28/26 17:45:00,40.72,,,,
06/28/26 17:50:00,40.26,,,,
06/28/26 17:55:00,39.56,,,,
06/28/26 18:00:00,38.48,,,,
06/28/26 18:05:00,37.63,,,,
06/28/26 18:10:00,38.02,,,,
06/28/26 18:15:00,38.48,,,,
06/28/26 18:20:00,39.56,,,,
06/28/26 18:25:00,38.87,,,,
06/28/26 18:30:00,38.48,,,,
06/28/26 18:35:00,38.02,,,,
06/28/26 18:40:00,38.10,,,,
06/28/26 18:45:00,37.48,,,,
06/28/26 18:50:00,37.55,,,,
06/28/26 18:55:00,37.25,,,,
06/28/26 19:00:00,36.78,,,,
06/28/26 19:05:00,36.63,,,,
06/28/26 19:10:00,36.47,,,,
06/28/26 19:15:00,37.32,,,,
06/28/26 19:20:00,36.63,,,,
06/28/26 19:25:00,36.40,,,,
06/28/26 19:30:00,36.16,,,,
06/28/26 19:35:00,36.09,,,,
06/28/26 19:40:00,36.16,,,,
06/28/26 19:45:00,36.01,,,,
06/28/26 19:50:00,35.86,,,,
06/28/26 19:55:00,35.93,,,,
06/28/26 20:00:00,35.86,,,,
06/28/26 20:05:00,36.24,,,,
06/28/26 20:10:00,35.78,,,,
06/28/26 20:15:00,35.78,,,,
06/28/26 20:20:00,35.70,,,,
06/28/26 20:25:00,35.62,,,,
06/28/26 20:30:00,35.47,,,,
06/28/26 20:35:00,35.70,,,,
06/28/26 20:40:00,35.62,,,,
06/28/26 20:45:00,35.86,,,,
06/28/26 20:50:00,35.55,,,,
06/28/26 20:55:00,35.32,,,,
06/28/26 21:00:00,35.24,,,,
06/28/26 21:05:00,35.24,,,,
06/28/26 21:10:00,34.93,,,,
06/28/26 21:15:00,34.39,,,,
06/28/26 21:20:00,34.39,,,,
06/28/26 21:25:00,34.16,,,,
06/28/26 21:30:00,34.16,,,,
06/28/26 21:35:00,34.08,,,,
06/28/26 21:40:00,34.16,,,,
06/28/26 21:45:00,34.31,,,,
06/28/26 21:50:00,34.39,,,,
06/28/26 21:55:00,34.23,,,,
06/28/26 22:00:00,34.31,,,,
06/28/26 22:05:00,34.23,,,,
06/28/26 22:10:00,34.39,,,,
06/28/26 22:15:00,34.31,,,,
06/28/26 22:20:00,34.39,,,,
06/28/26 22:25:00,34.54,,,,
06/28/26 22:30:00,34.85,,,,
06/28/26 22:35:00,34.70,,,,
06/28/26 22:40:00,34.93,,,,
06/28/26 22:45:00,34.77,,,,
06/28/26 22:50:00,34.62,,,,
06/28/26 22:55:00,34.62,,,,
06/28/26 23:00:00,34.54,,,,
06/28/26 23:05:00,34.54,,,,
06/28/26 23:10:00,34.62,,,,
06/28/26 23:15:00,34.62,,,,
06/28/26 23:20:00,34.23,,,,
06/28/26 23:25:00,34.16,,,,
06/28/26 23:30:00,34.16,,,,
06/28/26 23:35:00,34.16,,,,
06/28/26 23:40:00,34.16,,,,
06/28/26 23:45:00,34.23,,,,
06/28/26 23:50:00,34.39,,,,
06/28/26 23:55:00,34.54,,,,
06/29/26 00:00:00,34.47,,,,
06/29/26 00:05:00,34.47,,,,
06/29/26 00:10:00,34.08,,,,
06/29/26 00:15:00,34.08,,,,
06/29/26 00:20:00,34.16,,,,
06/29/26 00:25:00,34.08,,,,
06/29/26 00:30:00,34.16,,,,
06/29/26 00:35:00,34.23,,,,
06/29/26 00:40:00,34.23,,,,
06/29/26 00:45:00,34.31,,,,
06/29/26 00:50:00,34.47,,,,
06/29/26 00:55:00,34.16,,,,
06/29/26 01:00:00,34.31,,,,
06/29/26 01:05:00,34.70,,,,
06/29/26 01:10:00,34.31,,,,
06/29/26 01:15:00,34.31,,,,
06/29/26 01:20:00,34.31,,,,
06/29/26 01:25:00,34.39,,,,
06/29/26 01:30:00,34.16,,,,
06/29/26 01:35:00,33.93,,,,
06/29/26 01:40:00,34.00,,,,
06/29/26 01:45:00,33.93,,,,
06/29/26 01:50:00,33.85,,,,
06/29/26 01:55:00,33.85,,,,
06/29/26 02:00:00,33.85,,,,
06/29/26 02:05:00,33.69,,,,
06/29/26 02:10:00,33.69,,,,
06/29/26 02:15:00,33.77,,,,
06/29/26 02:20:00,33.77,,,,
06/29/26 02:25:00,33.54,,,,
06/29/26 02:30:00,33.77,,,,
06/29/26 02:35:00,33.85,,,,
06/29/26 02:40:00,34.47,,,,
06/29/26 02:45:00,34.77,,,,
06/29/26 02:50:00,34.70,,,,
06/29/26 02:55:00,34.62,,,,
06/29/26 03:00:00,34.54,,,,
06/29/26 03:05:00,34.47,,,,
06/29/26 03:10:00,34.54,,,,
06/29/26 03:15:00,34.47,,,,
06/29/26 03:20:00,34.47,,,,
06/29/26 03:25:00,34.47,,,,
06/29/26 03:30:00,34.93,,,,
06/29/26 03:35:00,34.85,,,,
06/29/26 03:40:00,35.01,,,,
06/29/26 03:45:00,34.93,,,,
06/29/26 03:50:00,34.62,,,,
06/29/26 03:55:00,34.62,,,,
06/29/26 04:00:00,35.08,,,,
06/29/26 04:05:00,34.85,,,,
06/29/26 04:10:00,34.31,,,,
06/29/26 04:15:00,34.16,,,,
06/29/26 04:20:00,34.47,,,,
06/29/26 04:25:00,34.77,,,,
06/29/26 04:30:00,34.62,,,,
06/29/26 04:35:00,33.93,,,,
06/29/26 04:40:00,33.85,,,,
06/29/26 04:45:00,33.77,,,,
06/29/26 04:50:00,33.93,,,,
06/29/26 04:55:00,34.31,,,,
06/29/26 05:00:00,34.08,,,,
06/29/26 05:05:00,34.54,,,,
06/29/26 05:10:00,34.70,,,,
06/29/26 05:15:00,34.62,,,,
06/29/26 05:20:00,34.93,,,,
06/29/26 05:25:00,35.01,,,,
06/29/26 05:30:00,34.93,,,,
06/29/26 05:35:00,34.77,,,,
06/29/26 05:40:00,34.31,,,,
06/29/26 05:45:00,34.16,,,,
06/29/26 05:50:00,34.54,,,,
06/29/26 05:55:00,34.93,,,,
06/29/26 06:00:00,34.93,,,,
06/29/26 06:05:00,34.85,,,,
06/29/26 06:10:00,34.47,,,,
06/29/26 06:15:00,34.39,,,,
06/29/26 06:20:00,34.23,,,,
06/29/26 06:25:00,34.31,,,,
06/29/26 06:30:00,34.23,,,,
06/29/26 06:35:00,34.23,,,,
06/29/26 06:40:00,34.39,,,,
06/29/26 06:45:00,35.01,,,,
06/29/26 06:50:00,35.24,,,,
06/29/26 06:55:00,35.16,,,,
06/29/26 07:00:00,35.16,,,,
06/29/26 07:05:00,35.32,,,,
06/29/26 07:10:00,35.39,,,,
06/29/26 07:15:00,35.86,,,,
06/29/26 07:20:00,35.70,,,,
06/29/26 07:25:00,35.86,,,,
06/29/26 07:30:00,36.09,,,,
06/29/26 07:35:00,36.47,,,,
06/29/26 07:40:00,36.86,,,,
06/29/26 07:45:00,37.71,,,,
06/29/26 07:50:00,38.64,,,,
06/29/26 07:55:00,38.48,,,,
06/29/26 08:00:00,38.94,,,,
06/29/26 08:05:00,40.49,,,,
06/29/26 08:10:00,41.49,,,,
06/29/26 08:15:00,41.34,,,,
06/29/26 08:20:00,41.34,,,,
06/29/26 08:25:00,40.80,,,,
06/29/26 08:30:00,40.64,,,,
06/29/26 08:35:00,40.49,,,,
06/29/26 08:40:00,39.72,,,,
06/29/26 08:45:00,40.03,,,,
06/29/26 08:50:00,41.65,,,,
06/29/26 08:55:00,43.35,,,,
06/29/26 09:00:00,41.65,,,,
06/29/26 09:05:00,40.49,,,,
06/29/26 09:10:00,40.26,,,,
06/29/26 09:15:00,40.95,,,,
06/29/26 09:20:00,40.72,,,,
06/29/26 09:25:00,41.18,,,,
06/29/26 09:30:00,41.34,,,,
06/29/26 09:35:00,40.64,,,,
06/29/26 09:40:00,40.88,,,,
06/29/26 09:45:00,41.34,,,,
06/29/26 09:50:00,42.42,,,,
06/29/26 09:55:00,43.11,,,,
06/29/26 10:00:00,44.12,,,,
06/29/26 10:05:00,43.73,,,,
06/29/26 10:10:00,43.04,,,,
06/29/26 10:15:00,43.27,,,,
06/29/26 10:20:00,43.11,,,,
06/29/26 10:25:00,42.27,,,,
06/29/26 10:30:00,42.27,,,,
06/29/26 10:35:00,42.50,,,,
06/29/26 10:40:00,44.35,,,,
06/29/26 10:45:00,44.20,,,,
06/29/26 10:50:00,43.89,,,,
06/29/26 10:55:00,43.27,,,,
06/29/26 11:00:00,43.58,,,,
06/29/26 11:05:00,44.35,,,,
06/29/26 11:10:00,44.74,,,,
06/29/26 11:15:00,45.66,,,,
06/29/26 11:20:00,46.74,,,,
06/29/26 11:25:00,47.36,,,,
06/29/26 11:30:00,46.74,,,,
06/29/26 11:35:00,45.97,,,,
06/29/26 11:40:00,45.43,,,,
06/29/26 11:45:00,45.05,,,,
06/29/26 11:50:00,44.35,,,,
06/29/26 11:55:00,43.27,,,,
06/29/26 12:00:00,42.57,,,,
06/29/26 12:05:00,42.03,,,,
06/29/26 12:10:00,42.57,,,,
06/29/26 12:15:00,42.96,,,,
06/29/26 12:20:00,43.27,,,,
06/29/26 12:25:00,43.27,,,,
06/29/26 12:30:00,42.42,,,,
06/29/26 12:35:00,42.65,,,,
06/29/26 12:40:00,43.66,,,,
06/29/26 12:45:00,44.50,,,,
06/29/26 12:50:00,45.43,,,,
06/29/26 12:55:00,46.13,,,,
06/29/26 13:00:00,46.13,,,,
06/29/26 13:05:00,46.13,,,,
06/29/26 13:10:00,47.13,,,,
06/29/26 13:15:00,47.28,,,,
06/29/26 13:20:00,47.59,,,,
06/29/26 13:25:00,45.89,,,,
06/29/26 13:30:00,46.98,,,,
06/29/26 13:35:00,48.83,,,,
06/29/26 13:40:00,51.61,,,,
06/29/26 13:45:00,49.37,,,,
06/29/26 13:50:00,48.83,,,,
06/29/26 13:55:00,45.66,,,,
06/29/26 14:00:00,43.81,,,,
06/29/26 14:05:00,46.28,,,,
06/29/26 14:10:00,47.75,,,,
06/29/26 14:15:00,46.98,,,,
06/29/26 14:20:00,45.74,,,,
06/29/26 14:25:00,45.43,,,,
06/29/26 14:30:00,45.35,,,,
06/29/26 14:35:00,44.35,,,,
06/29/26 14:40:00,43.66,,,,
06/29/26 14:45:00,43.19,,,,
06/29/26 14:50:00,41.96,,,,
06/29/26 14:55:00,41.49,,,,
06/29/26 15:00:00,41.49,,,,
06/29/26 15:05:00,41.80,,,,
06/29/26 15:10:00,40.72,,,,
06/29/26 15:15:00,40.49,,,,
06/29/26 15:20:00,40.33,,,,
06/29/26 15:25:00,40.80,,,,
06/29/26 15:30:00,40.72,,,,
06/29/26 15:35:00,40.18,,,,
06/29/26 15:40:00,41.18,,,,
06/29/26 15:45:00,40.95,,,,
06/29/26 15:50:00,40.64,,,,
06/29/26 15:55:00,40.10,,,,
06/29/26 16:00:00,40.64,,,,
06/29/26 16:05:00,42.50,,,,
06/29/26 16:10:00,41.42,,,,
06/29/26 16:15:00,42.27,,,,
06/29/26 16:20:00,41.96,,,,
06/29/26 16:25:00,41.18,,,,
06/29/26 16:30:00,40.03,,,,
06/29/26 16:35:00,39.72,,,,
06/29/26 16:40:00,39.79,,,,
06/29/26 16:45:00,39.49,,,,
06/29/26 16:50:00,39.25,,,,
06/29/26 16:55:00,39.41,,,,
06/29/26 17:00:00,39.49,,,,
06/29/26 17:05:00,39.72,,,,
06/29/26 17:10:00,40.80,,,,
06/29/26 17:15:00,40.03,,,,
06/29/26 17:20:00,39.95,,,,
06/29/26 17:25:00,40.03,,,,
06/29/26 17:30:00,39.18,,,,
06/29/26 17:35:00,40.57,,,,
06/29/26 17:40:00,41.03,,,,
06/29/26 17:45:00,41.03,,,,
06/29/26 17:50:00,41.03,,,,
06/29/26 17:55:00,40.10,,,,
06/29/26 18:00:00,42.03,,,,
06/29/26 18:05:00,41.57,,,,
06/29/26 18:10:00,40.41,,,,
06/29/26 18:15:00,38.94,,,,
06/29/26 18:20:00,38.87,,,,
06/29/26 18:25:00,38.79,,,,
06/29/26 18:30:00,38.64,,,,
06/29/26 18:35:00,37.94,,,,
06/29/26 18:40:00,38.10,,,,
06/29/26 18:45:00,38.17,,,,
06/29/26 18:50:00,38.02,,,,
06/29/26 18:55:00,37.71,,,,
06/29/26 19:00:00,37.71,,,,
06/29/26 19:05:00,37.71,,,,
06/29/26 19:10:00,38.02,,,,
06/29/26 19:15:00,37.86,,,,
06/29/26 19:20:00,38.25,,,,
06/29/26 19:25:00,38.79,,,,
06/29/26 19:30:00,39.02,,,,
06/29/26 19:35:00,38.25,,,,
06/29/26 19:40:00,37.48,,,,
06/29/26 19:45:00,36.86,,,,
06/29/26 19:50:00,36.94,,,,
06/29/26 19:55:00,36.16,,,,
06/29/26 20:00:00,36.09,,,,
06/29/26 20:05:00,35.86,,,,
06/29/26 20:10:00,36.24,,,,
06/29/26 20:15:00,36.24,,,,
06/29/26 20:20:00,36.32,,,,
06/29/26 20:25:00,36.40,,,,
06/29/26 20:30:00,35.86,,,,
06/29/26 20:35:00,34.85,,,,
06/29/26 20:40:00,35.08,,,,
06/29/26 20:45:00,35.70,,,,
06/29/26 20:50:00,36.01,,,,
06/29/26 20:55:00,35.62,,,,
06/29/26 21:00:00,35.78,,,,
06/29/26 21:05:00,35.16,,,,
06/29/26 21:10:00,35.32,,,,
06/29/26 21:15:00,35.08,,,,
06/29/26 21:20:00,35.39,,,,
06/29/26 21:25:00,35.24,,,,
06/29/26 21:30:00,35.16,,,,
06/29/26 21:35:00,35.39,,,,
06/29/26 21:40:00,35.39,,,,
06/29/26 21:45:00,35.55,,,,
06/29/26 21:50:00,35.01,,,,
06/29/26 21:55:00,34.77,,,,
06/29/26 22:00:00,34.70,,,,
06/29/26 22:05:00,34.47,,,,
06/29/26 22:10:00,34.00,,,,
06/29/26 22:15:00,33.85,,,,
06/29/26 22:20:00,34.00,,,,
06/29/26 22:25:00,34.39,,,,
06/29/26 22:30:00,34.47,,,,
06/29/26 22:35:00,34.47,,,,
06/29/26 22:40:00,34.93,,,,
06/29/26 22:45:00,35.01,,,,
06/29/26 22:50:00,34.70,,,,
06/29/26 22:55:00,35.01,,,,
06/29/26 23:00:00,35.16,,,,
06/29/26 23:05:00,34.85,,,,
06/29/26 23:10:00,34.70,,,,
06/29/26 23:15:00,34.93,,,,
06/29/26 23:20:00,34.31,,,,
06/29/26 23:25:00,34.70,,,,
06/29/26 23:30:00,34.39,,,,
06/29/26 23:35:00,34.62,,,,
06/29/26 23:40:00,34.70,,,,
06/29/26 23:45:00,34.08,,,,
06/29/26 23:50:00,33.93,,,,
06/29/26 23:55:00,34.00,,,,
06/30/26 00:00:00,34.08,,,,
06/30/26 00:05:00,34.08,,,,
06/30/26 00:10:00,34.08,,,,
06/30/26 00:15:00,34.00,,,,
06/30/26 00:20:00,34.31,,,,
06/30/26 00:25:00,34.16,,,,
06/30/26 00:30:00,34.08,,,,
06/30/26 00:35:00,34.16,,,,
06/30/26 00:40:00,34.77,,,,
06/30/26 00:45:00,34.16,,,,
06/30/26 00:50:00,34.00,,,,
06/30/26 00:55:00,33.69,,,,
06/30/26 01:00:00,33.23,,,,
06/30/26 01:05:00,33.08,,,,
06/30/26 01:10:00,33.15,,,,
06/30/26 01:15:00,32.92,,,,
06/30/26 01:20:00,33.38,,,,
06/30/26 01:25:00,33.38,,,,
06/30/26 01:30:00,33.31,,,,
06/30/26 01:35:00,33.15,,,,
06/30/26 01:40:00,32.84,,,,
06/30/26 01:45:00,32.84,,,,
06/30/26 01:50:00,32.69,,,,
06/30/26 01:55:00,32.69,,,,
06/30/26 02:00:00,32.69,,,,
06/30/26 02:05:00,32.54,,,,
06/30/26 02:10:00,32.30,,,,
06/30/26 02:15:00,32.30,,,,
06/30/26 02:20:00,32.23,,,,
06/30/26 02:25:00,31.92,,,,
06/30/26 02:30:00,31.76,,,,
06/30/26 02:35:00,31.45,,,,
06/30/26 02:40:00,31.22,,,,
06/30/26 02:45:00,30.99,,,,
06/30/26 02:50:00,31.22,,,,
06/30/26 02:55:00,31.61,,,,
06/30/26 03:00:00,31.69,,,,
06/30/26 03:05:00,31.92,,,,
06/30/26 03:10:00,31.84,,,,
06/30/26 03:15:00,31.92,,,,
06/30/26 03:20:00,31.76,,,,
06/30/26 03:25:00,31.92,,,,
06/30/26 03:30:00,31.92,,,,
06/30/26 03:35:00,32.00,,,,
06/30/26 03:40:00,31.76,,,,
06/30/26 03:45:00,31.84,,,,
06/30/26 03:50:00,31.84,,,,
06/30/26 03:55:00,31.61,,,,
06/30/26 04:00:00,31.53,,,,
06/30/26 04:05:00,31.45,,,,
06/30/26 04:10:00,31.30,,,,
06/30/26 04:15:00,31.38,,,,
06/30/26 04:20:00,31.53,,,,
06/30/26 04:25:00,31.38,,,,
06/30/26 04:30:00,31.30,,,,
06/30/26 04:35:00,31.15,,,,
06/30/26 04:40:00,31.07,,,,
06/30/26 04:45:00,31.07,,,,
06/30/26 04:50:00,31.07,,,,
06/30/26 04:55:00,30.91,,,,
06/30/26 05:00:00,30.99,,,,
06/30/26 05:05:00,30.91,,,,
06/30/26 05:10:00,30.91,,,,
06/30/26 05:15:00,30.84,,,,
06/30/26 05:20:00,30.84,,,,
06/30/26 05:25:00,30.91,,,,
06/30/26 05:30:00,31.07,,,,
06/30/26 05:35:00,31.30,,,,
06/30/26 05:40:00,31.45,,,,
06/30/26 05:45:00,31.61,,,,
06/30/26 05:50:00,31.53,,,,
06/30/26 05:55:00,31.53,,,,
06/30/26 06:00:00,31.61,,,,
06/30/26 06:05:00,31.69,,,,
06/30/26 06:10:00,32.00,,,,
06/30/26 06:15:00,32.00,,,,
06/30/26 06:20:00,32.15,,,,
06/30/26 06:25:00,32.38,,,,
06/30/26 06:30:00,32.15,,,,
06/30/26 06:35:00,32.30,,,,
06/30/26 06:40:00,32.23,,,,
06/30/26 06:45:00,32.23,,,,
06/30/26 06:50:00,32.30,,,,
06/30/26 06:55:00,32.61,,,,
06/30/26 07:00:00,32.92,,,,
06/30/26 07:05:00,32.92,,,,
06/30/26 07:10:00,32.77,,,,
06/30/26 07:15:00,32.77,,,,
06/30/26 07:20:00,32.84,,,,
06/30/26 07:25:00,33.00,,,,
06/30/26 07:30:00,33.15,,,,
06/30/26 07:35:00,33.31,,,,
06/30/26 07:40:00,33.69,,,,
06/30/26 07:45:00,33.46,,,,
06/30/26 07:50:00,33.69,,,,
06/30/26 07:55:00,33.77,,,,
06/30/26 08:00:00,33.85,,,,
06/30/26 08:05:00,34.00,,,,
06/30/26 08:10:00,34.00,,,,
06/30/26 08:15:00,34.16,,,,
06/30/26 08:20:00,34.00,,,,
06/30/26 08:25:00,34.23,,,,
06/30/26 08:30:00,34.23,,,,
06/30/26 08:35:00,34.08,,,,
06/30/26 08:40:00,34.08,,,,
06/30/26 08:45:00,34.31,,,,
06/30/26 08:50:00,34.77,,,,
06/30/26 08:55:00,34.70,,,,
06/30/26 09:00:00,34.62,,,,
06/30/26 09:05:00,34.70,,,,
06/30/26 09:10:00,34.70,,,,
06/30/26 09:15:00,34.39,,,,
06/30/26 09:20:00,34.23,,,,
06/30/26 09:25:00,34.23,,,,
06/30/26 09:30:00,34.16,,,,
06/30/26 09:35:00,34.54,,,,
06/30/26 09:40:00,34.62,,,,
06/30/26 09:45:00,34.77,,,,
06/30/26 09:50:00,35.08,,,,
06/30/26 09:55:00,35.16,,,,
06/30/26 10:00:00,35.70,,,,
06/30/26 10:05:00,35.93,,,,
06/30/26 10:10:00,35.93,,,,
06/30/26 10:15:00,36.09,,,,
06/30/26 10:20:00,36.09,,,,
06/30/26 10:25:00,36.09,,,,
06/30/26 10:30:00,36.01,,,,
06/30/26 10:35:00,36.09,,,,
06/30/26 10:40:00,36.09,,,,
06/30/26 10:45:00,36.09,,,,
06/30/26 10:50:00,36.24,,,,
06/30/26 10:55:00,36.40,,,,
06/30/26 11:00:00,36.40,,,,
06/30/26 11:05:00,36.63,,,,
06/30/26 11:10:00,36.09,,,,
06/30/26 11:15:00,35.86,,,,
06/30/26 11:20:00,36.01,,,,
06/30/26 11:25:00,35.86,,,,
06/30/26 11:30:00,36.09,,,,
06/30/26 11:35:00,36.01,,,,
06/30/26 11:40:00,36.16,,,,
06/30/26 11:45:00,36.09,,,,
06/30/26 11:50:00,36.01,,,,
06/30/26 11:55:00,36.16,,,,
06/30/26 12:00:00,36.16,,,,
06/30/26 12:05:00,36.32,,,,
06/30/26 12:10:00,36.16,,,,
06/30/26 12:15:00,36.24,,,,
06/30/26 12:20:00,36.24,,,,
06/30/26 12:25:00,36.40,,,,
06/30/26 12:30:00,36.47,,,,
06/30/26 12:35:00,36.78,,,,
06/30/26 12:40:00,36.55,,,,
06/30/26 12:45:00,36.24,,,,
06/30/26 12:50:00,36.78,,,,
06/30/26 12:55:00,36.71,,,,
06/30/26 13:00:00,36.63,,,,
06/30/26 13:05:00,36.78,,,,
06/30/26 13:10:00,36.55,,,,
06/30/26 13:15:00,36.47,,,,
06/30/26 13:20:00,36.47,,,,
06/30/26 13:25:00,36.55,,,,
06/30/26 13:30:00,36.55,,,,
06/30/26 13:35:00,36.47,,,,
06/30/26 13:40:00,36.40,,,,
06/30/26 13:45:00,36.01,,,,
06/30/26 13:50:00,36.47,,,,
06/30/26 13:55:00,36.40,,,,
06/30/26 14:00:00,36.40,,,,
06/30/26 14:05:00,36.24,,,,
06/30/26 14:10:00,36.09,,,,
06/30/26 14:15:00,36.24,,,,
06/30/26 14:20:00,35.93,,,,
06/30/26 14:25:00,36.16,,,,
06/30/26 14:30:00,36.32,,,,
06/30/26 14:35:00,35.78,,,,
06/30/26 14:40:00,35.62,,,,
06/30/26 14:45:00,35.78,,,,
06/30/26 14:50:00,36.01,,,,
06/30/26 14:55:00,36.09,,,,
06/30/26 15:00:00,36.55,,,,
06/30/26 15:05:00,36.86,,,,
06/30/26 15:10:00,37.09,,,,
06/30/26 15:15:00,37.09,,,,
06/30/26 15:20:00,36.40,,,,
06/30/26 15:25:00,36.55,,,,
06/30/26 15:30:00,36.47,,,,
06/30/26 15:35:00,36.55,,,,
06/30/26 15:40:00,36.09,,,,
06/30/26 15:45:00,35.93,,,,
06/30/26 15:50:00,35.32,,,,
06/30/26 15:55:00,34.93,,,,
06/30/26 16:00:00,34.23,,,,
06/30/26 16:05:00,33.77,,,,
06/30/26 16:10:00,33.69,,,,
06/30/26 16:15:00,33.62,,,,
06/30/26 16:20:00,34.23,,,,
06/30/26 16:25:00,34.16,,,,
06/30/26 16:30:00,34.47,,,,
06/30/26 16:35:00,34.93,,,,
06/30/26 16:40:00,34.77,,,,
06/30/26 16:45:00,34.54,,,,
06/30/26 16:50:00,34.23,,,,
06/30/26 16:55:00,34.70,,,,
06/30/26 17:00:00,34.70,,,,
06/30/26 17:05:00,34.62,,,,
06/30/26 17:10:00,34.47,,,,
06/30/26 17:15:00,34.62,,,,
06/30/26 17:20:00,34.77,,,,
06/30/26 17:25:00,34.77,,,,
06/30/26 17:30:00,34.93,,,,
06/30/26 17:35:00,34.93,,,,
06/30/26 17:40:00,35.16,,,,
06/30/26 17:45:00,34.93,,,,
06/30/26 17:50:00,34.62,,,,
06/30/26 17:55:00,34.39,,,,
06/30/26 18:00:00,34.47,,,,
06/30/26 18:05:00,34.31,,,,
06/30/26 18:10:00,34.16,,,,
06/30/26 18:15:00,34.70,,,,
06/30/26 18:20:00,34.70,,,,
06/30/26 18:25:00,34.62,,,,
06/30/26 18:30:00,34.70,,,,
06/30/26 18:35:00,34.70,,,,
06/30/26 18:40:00,34.93,,,,
06/30/26 18:45:00,34.70,,,,
06/30/26 18:50:00,34.23,,,,
06/30/26 18:55:00,34.23,,,,
06/30/26 19:00:00,34.00,,,,
06/30/26 19:05:00,34.00,,,,
06/30/26 19:10:00,33.93,,,,
06/30/26 19:15:00,33.93,,,,
06/30/26 19:20:00,33.77,,,,
06/30/26 19:25:00,33.69,,,,
06/30/26 19:30:00,33.62,,,,
06/30/26 19:35:00,33.62,,,,
06/30/26 19:40:00,33.69,,,,
06/30/26 19:45:00,33.38,,,,
06/30/26 19:50:00,33.23,,,,
06/30/26 19:55:00,33.23,,,,
06/30/26 20:00:00,33.00,,,,
06/30/26 20:05:00,32.77,,,,
06/30/26 20:10:00,32.61,,,,
06/30/26 20:15:00,32.46,,,,
06/30/26 20:20:00,32.30,,,,
06/30/26 20:25:00,32.30,,,,
06/30/26 20:30:00,32.23,,,,
06/30/26 20:35:00,31.84,,,,
06/30/26 20:40:00,32.00,,,,
06/30/26 20:45:00,32.07,,,,
06/30/26 20:50:00,32.07,,,,
06/30/26 20:55:00,31.76,,,,
06/30/26 21:00:00,31.61,,,,
06/30/26 21:05:00,31.53,,,,
06/30/26 21:10:00,31.61,,,,
06/30/26 21:15:00,31.45,,,,
06/30/26 21:20:00,31.38,,,,
06/30/26 21:25:00,31.22,,,,
06/30/26 21:30:00,31.15,,,,
06/30/26 21:35:00,31.07,,,,
06/30/26 21:40:00,31.22,,,,
06/30/26 21:45:00,31.53,,,,
06/30/26 21:50:00,31.61,,,,
06/30/26 21:55:00,31.69,,,,
06/30/26 22:00:00,31.76,,,,
06/30/26 22:05:00,31.45,,,,
06/30/26 22:10:00,31.30,,,,
06/30/26 22:15:00,31.15,,,,
06/30/26 22:20:00,30.91,,,,
06/30/26 22:25:00,30.53,,,,
06/30/26 22:30:00,30.22,,,,
06/30/26 22:35:00,30.06,,,,
06/30/26 22:40:00,30.06,,,,
06/30/26 22:45:00,30.22,,,,
06/30/26 22:50:00,30.68,,,,
06/30/26 22:55:00,30.76,,,,
06/30/26 23:00:00,30.99,,,,
06/30/26 23:05:00,31.15,,,,
06/30/26 23:10:00,31.07,,,,
06/30/26 23:15:00,31.15,,,,
06/30/26 23:20:00,30.99,,,,
06/30/26 23:25:00,30.84,,,,
06/30/26 23:30:00,31.07,,,,
06/30/26 23:35:00,31.30,,,,
06/30/26 23:40:00,31.30,,,,
06/30/26 23:45:00,31.45,,,,
06/30/26 23:50:00,31.53,,,,
06/30/26 23:55:00,31.53,,,,
07/01/26 00:00:00,31.53,,,,
07/01/26 00:05:00,31.53,,,,
07/01/26 00:10:00,31.61,,,,
07/01/26 00:15:00,31.69,,,,
07/01/26 00:20:00,31.69,,,,
07/01/26 00:25:00,31.76,,,,
07/01/26 00:30:00,31.69,,,,
07/01/26 00:35:00,31.69,,,,
07/01/26 00:40:00,31.69,,,,
07/01/26 00:45:00,31.69,,,,
07/01/26 00:50:00,31.53,,,,
07/01/26 00:55:00,31.45,,,,
07/01/26 01:00:00,31.53,,,,
07/01/26 01:05:00,31.38,,,,
07/01/26 01:10:00,31.07,,,,
07/01/26 01:15:00,31.30,,,,
07/01/26 01:20:00,31.15,,,,
07/01/26 01:25:00,31.22,,,,
07/01/26 01:30:00,31.15,,,,
07/01/26 01:35:00,30.91,,,,
07/01/26 01:40:00,30.99,,,,
07/01/26 01:45:00,30.99,,,,
07/01/26 01:50:00,31.07,,,,
07/01/26 01:55:00,30.99,,,,
07/01/26 02:00:00,30.91,,,,
07/01/26 02:05:00,31.07,,,,
07/01/26 02:10:00,30.99,,,,
07/01/26 02:15:00,30.76,,,,
07/01/26 02:20:00,30.84,,,,
07/01/26 02:25:00,30.76,,,,
07/01/26 02:30:00,30.68,,,,
07/01/26 02:35:00,30.68,,,,
07/01/26 02:40:00,30.53,,,,
07/01/26 02:45:00,30.37,,,,
07/01/26 02:50:00,30.37,,,,
07/01/26 02:55:00,30.06,,,,
07/01/26 03:00:00,29.83,,,,
07/01/26 03:05:00,29.22,,,,
07/01/26 03:10:00,28.91,,,,
07/01/26 03:15:00,28.91,,,,
07/01/26 03:20:00,29.29,,,,
07/01/26 03:25:00,29.60,,,,
07/01/26 03:30:00,29.99,,,,
07/01/26 03:35:00,29.99,,,,
07/01/26 03:40:00,29.83,,,,
07/01/26 03:45:00,29.76,,,,
07/01/26 03:50:00,29.52,,,,
07/01/26 03:55:00,29.45,,,,
07/01/26 04:00:00,29.83,,,,
07/01/26 04:05:00,29.99,,,,
07/01/26 04:10:00,30.06,,,,
07/01/26 04:15:00,30.22,,,,
07/01/26 04:20:00,30.45,,,,
07/01/26 04:25:00,30.53,,,,
07/01/26 04:30:00,30.68,,,,
07/01/26 04:35:00,30.53,,,,
07/01/26 04:40:00,30.37,,,,
07/01/26 04:45:00,30.37,,,,
07/01/26 04:50:00,30.37,,,,
07/01/26 04:55:00,30.61,,,,
07/01/26 05:00:00,30.53,,,,
07/01/26 05:05:00,30.61,,,,
07/01/26 05:10:00,30.76,,,,
07/01/26 05:15:00,30.68,,,,
07/01/26 05:20:00,30.68,,,,
07/01/26 05:25:00,30.76,,,,
07/01/26 05:30:00,30.68,,,,
07/01/26 05:35:00,30.84,,,,
07/01/26 05:40:00,30.84,,,,
07/01/26 05:45:00,30.76,,,,
07/01/26 05:50:00,30.53,,,,
07/01/26 05:55:00,30.53,,,,
07/01/26 06:00:00,30.61,,,,
07/01/26 06:05:00,30.84,,,,
07/01/26 06:10:00,30.91,,,,
07/01/26 06:15:00,30.68,,,,
07/01/26 06:20:00,30.22,,,,
07/01/26 06:25:00,30.14,,,,
07/01/26 06:30:00,30.37,,,,
07/01/26 06:35:00,30.76,,,,
07/01/26 06:40:00,30.91,,,,
07/01/26 06:45:00,31.15,,,,
07/01/26 06:50:00,31.22,,,,
07/01/26 06:55:00,31.38,,,,
07/01/26 07:00:00,31.53,,,,
07/01/26 07:05:00,31.53,,,,
07/01/26 07:10:00,31.30,,,,
07/01/26 07:15:00,31.07,,,,
07/01/26 07:20:00,30.68,,,,
07/01/26 07:25:00,30.37,,,,
07/01/26 07:30:00,30.14,,,,
07/01/26 07:35:00,29.83,,,,
07/01/26 07:40:00,29.68,,,,
07/01/26 07:45:00,29.60,,,,
07/01/26 07:50:00,29.45,,,,
07/01/26 07:55:00,29.76,,,,
07/01/26 08:00:00,30.06,,,,
07/01/26 08:05:00,30.45,,,,
07/01/26 08:10:00,30.68,,,,
07/01/26 08:15:00,30.91,,,,
07/01/26 08:20:00,31.07,,,,
07/01/26 08:25:00,31.30,,,,
07/01/26 08:30:00,31.38,,,,
07/01/26 08:35:00,31.22,,,,
07/01/26 08:40:00,31.22,,,,
07/01/26 08:45:00,31.45,,,,
07/01/26 08:50:00,32.15,,,,
07/01/26 08:55:00,32.15,,,,
07/01/26 09:00:00,32.46,,,,
07/01/26 09:05:00,32.77,,,,
07/01/26 09:10:00,32.92,,,,
07/01/26 09:15:00,33.15,,,,
07/01/26 09:20:00,32.84,,,,
07/01/26 09:25:00,33.08,,,,
07/01/26 09:30:00,32.46,,,,
07/01/26 09:35:00,33.08,,,,
07/01/26 09:40:00,33.15,,,,
07/01/26 09:45:00,33.15,,,,
07/01/26 09:50:00,33.31,,,,
07/01/26 09:55:00,33.46,,,,
07/01/26 10:00:00,33.38,,,,
07/01/26 10:05:00,33.69,,,,
07/01/26 10:10:00,33.85,,,,
07/01/26 10:15:00,33.93,,,,
07/01/26 10:20:00,33.93,,,,
07/01/26 10:25:00,33.85,,,,
07/01/26 10:30:00,33.93,,,,
07/01/26 10:35:00,34.00,,,,
07/01/26 10:40:00,34.23,,,,
07/01/26 10:45:00,34.31,,,,
07/01/26 10:50:00,34.70,,,,
07/01/26 10:55:00,34.54,,,,
07/01/26 11:00:00,33.62,,,,
07/01/26 11:05:00,33.77,,,,
07/01/26 11:10:00,34.16,,,,
07/01/26 11:15:00,34.39,,,,
07/01/26 11:20:00,34.08,,,,
07/01/26 11:25:00,33.54,,,,
07/01/26 11:30:00,33.23,,,,
07/01/26 11:35:00,33.38,,,,
07/01/26 11:40:00,33.62,,,,
07/01/26 11:45:00,33.85,,,,
07/01/26 11:50:00,33.77,,,,
07/01/26 11:55:00,33.62,,,,
07/01/26 12:00:00,33.77,,,,
07/01/26 12:05:00,33.93,,,,
07/01/26 12:10:00,34.00,,,,
07/01/26 12:15:00,34.00,,,,
07/01/26 12:20:00,34.85,,,,
07/01/26 12:25:00,35.78,,,,
07/01/26 12:30:00,35.39,,,,
07/01/26 12:35:00,35.55,,,,
07/01/26 12:40:00,35.16,,,,
07/01/26 12:45:00,35.16,,,,
07/01/26 12:50:00,35.16,,,,
07/01/26 12:55:00,35.86,,,,
07/01/26 13:00:00,35.86,,,,
07/01/26 13:05:00,35.62,,,,
07/01/26 13:10:00,35.55,,,,
07/01/26 13:15:00,35.24,,,,
07/01/26 13:20:00,35.24,,,,
07/01/26 13:25:00,35.78,,,,
07/01/26 13:30:00,35.55,,,,
07/01/26 13:35:00,35.01,,,,
07/01/26 13:40:00,34.47,,,,
07/01/26 13:45:00,34.31,,,,
07/01/26 13:50:00,35.24,,,,
07/01/26 13:55:00,35.62,,,,
07/01/26 14:00:00,35.55,,,,
07/01/26 14:05:00,35.78,,,,
07/01/26 14:10:00,35.55,,,,
07/01/26 14:15:00,34.93,,,,
07/01/26 14:20:00,34.77,,,,
07/01/26 14:25:00,34.70,,,,
07/01/26 14:30:00,35.24,,,,
07/01/26 14:35:00,35.32,,,,
07/01/26 14:40:00,35.32,,,,
07/01/26 14:45:00,35.01,,,,
07/01/26 14:50:00,34.70,,,,
07/01/26 14:55:00,35.08,,,,
07/01/26 15:00:00,35.08,,,,
07/01/26 15:05:00,34.93,,,,
07/01/26 15:10:00,34.77,,,,
07/01/26 15:15:00,34.70,,,,
07/01/26 15:20:00,34.77,,,,
07/01/26 15:25:00,34.62,,,,
07/01/26 15:30:00,34.70,,,,
07/01/26 15:35:00,34.70,,,,
07/01/26 15:40:00,34.70,,,,
07/01/26 15:45:00,34.62,,,,
07/01/26 15:50:00,34.47,,,,
07/01/26 15:55:00,34.39,,,,
07/01/26 16:00:00,34.16,,,,
07/01/26 16:05:00,34.16,,,,
07/01/26 16:10:00,33.93,,,,
07/01/26 16:15:00,33.85,,,,
07/01/26 16:20:00,34.00,,,,
07/01/26 16:25:00,34.08,,,,
07/01/26 16:30:00,34.00,,,,
07/01/26 16:35:00,33.85,,,,
07/01/26 16:40:00,33.69,,,,
07/01/26 16:45:00,33.31,,,,
07/01/26 16:50:00,33.38,,,,
07/01/26 16:55:00,33.46,,,,
07/01/26 17:00:00,33.77,,,,
07/01/26 17:05:00,33.69,,,,
07/01/26 17:10:00,33.85,,,,
07/01/26 17:15:00,34.00,,,,
07/01/26 17:20:00,33.93,,,,
07/01/26 17:25:00,33.69,,,,
07/01/26 17:30:00,33.54,,,,
07/01/26 17:35:00,33.38,,,,
07/01/26 17:40:00,33.31,,,,
07/01/26 17:45:00,33.62,,,,
07/01/26 17:50:00,33.54,,,,
07/01/26 17:55:00,33.46,,,,
07/01/26 18:00:00,33.31,,,,
07/01/26 18:05:00,33.15,,,,
07/01/26 18:10:00,33.08,,,,
07/01/26 18:15:00,33.00,,,,
07/01/26 18:20:00,32.84,,,,
07/01/26 18:25:00,33.00,,,,
07/01/26 18:30:00,33.00,,,,
07/01/26 18:35:00,32.77,,,,
07/01/26 18:40:00,32.77,,,,
07/01/26 18:45:00,32.84,,,,
07/01/26 18:50:00,32.77,,,,
07/01/26 18:55:00,32.77,,,,
07/01/26 19:00:00,32.23,,,,
07/01/26 19:05:00,31.61,,,,
07/01/26 19:10:00,31.07,,,,
07/01/26 19:15:00,30.91,,,,
07/01/26 19:20:00,31.38,,,,
07/01/26 19:25:00,31.53,,,,
07/01/26 19:30:00,31.45,,,,
07/01/26 19:35:00,31.69,,,,
07/01/26 19:40:00,31.61,,,,
07/01/26 19:45:00,31.38,,,,
07/01/26 19:50:00,30.99,,,,
07/01/26 19:55:00,30.84,,,,
07/01/26 20:00:00,30.68,,,,
07/01/26 20:05:00,30.53,,,,
07/01/26 20:10:00,30.14,,,,
07/01/26 20:15:00,30.45,,,,
07/01/26 20:20:00,30.22,,,,
07/01/26 20:25:00,30.45,,,,
07/01/26 20:30:00,30.53,,,,
07/01/26 20:35:00,30.22,,,,
07/01/26 20:40:00,30.45,,,,
07/01/26 20:45:00,30.53,,,,
07/01/26 20:50:00,30.22,,,,
07/01/26 20:55:00,30.14,,,,
07/01/26 21:00:00,29.99,,,,
07/01/26 21:05:00,30.30,,,,
07/01/26 21:10:00,30.45,,,,
07/01/26 21:15:00,30.45,,,,
07/01/26 21:20:00,30.37,,,,
07/01/26 21:25:00,30.61,,,,
07/01/26 21:30:00,31.15,,,,
07/01/26 21:35:00,31.45,,,,
07/01/26 21:40:00,30.68,,,,
07/01/26 21:45:00,30.06,,,,
07/01/26 21:50:00,29.83,,,,
07/01/26 21:55:00,30.22,,,,
07/01/26 22:00:00,30.91,,,,
07/01/26 22:05:00,31.53,,,,
07/01/26 22:10:00,30.68,,,,
07/01/26 22:15:00,29.60,,,,
07/01/26 22:20:00,28.67,,,,
07/01/26 22:25:00,28.83,,,,
07/01/26 22:30:00,28.91,,,,
07/01/26 22:35:00,29.68,,,,
07/01/26 22:40:00,30.37,,,,
07/01/26 22:45:00,29.76,,,,
07/01/26 22:50:00,29.52,,,,
07/01/26 22:55:00,28.21,,,,
07/01/26 23:00:00,27.52,,,,
07/01/26 23:05:00,27.13,,,,
07/01/26 23:10:00,27.83,,,,
07/01/26 23:15:00,28.98,,,,
07/01/26 23:20:00,28.29,,,,
07/01/26 23:25:00,27.67,,,,
07/01/26 23:30:00,27.75,,,,
07/01/26 23:35:00,27.90,,,,
07/01/26 23:40:00,28.44,,,,
07/01/26 23:45:00,29.76,,,,
07/01/26 23:50:00,29.91,,,,
07/01/26 23:55:00,29.06,,,,
07/02/26 00:00:00,29.29,,,,
07/02/26 00:05:00,29.37,,,,
07/02/26 00:10:00,29.91,,,,
07/02/26 00:15:00,28.52,,,,
07/02/26 00:20:00,28.60,,,,
07/02/26 00:25:00,29.45,,,,
07/02/26 00:30:00,29.29,,,,
07/02/26 00:35:00,30.22,,,,
07/02/26 00:40:00,30.14,,,,
07/02/26 00:45:00,30.30,,,,
07/02/26 00:50:00,30.37,,,,
07/02/26 00:55:00,30.53,,,,
07/02/26 01:00:00,30.53,,,,
07/02/26 01:05:00,30.06,,,,
07/02/26 01:10:00,29.83,,,,
07/02/26 01:15:00,30.30,,,,
07/02/26 01:20:00,29.83,,,,
07/02/26 01:25:00,29.60,,,,
07/02/26 01:30:00,29.91,,,,
07/02/26 01:35:00,30.22,,,,
07/02/26 01:40:00,30.76,,,,
07/02/26 01:45:00,30.30,,,,
07/02/26 01:50:00,30.45,,,,
07/02/26 01:55:00,29.99,,,,
07/02/26 02:00:00,30.22,,,,
07/02/26 02:05:00,30.53,,,,
07/02/26 02:10:00,29.76,,,,
07/02/26 02:15:00,29.91,,,,
07/02/26 02:20:00,29.91,,,,
07/02/26 02:25:00,29.52,,,,
07/02/26 02:30:00,29.76,,,,
07/02/26 02:35:00,29.22,,,,
07/02/26 02:40:00,28.75,,,,
07/02/26 02:45:00,28.91,,,,
07/02/26 02:50:00,28.75,,,,
07/02/26 02:55:00,28.52,,,,
07/02/26 03:00:00,29.99,,,,
07/02/26 03:05:00,30.53,,,,
07/02/26 03:10:00,30.53,,,,
07/02/26 03:15:00,30.53,,,,
07/02/26 03:20:00,31.07,,,,
07/02/26 03:25:00,30.91,,,,
07/02/26 03:30:00,30.99,,,,
07/02/26 03:35:00,30.99,,,,
07/02/26 03:40:00,30.84,,,,
07/02/26 03:45:00,31.30,,,,
07/02/26 03:50:00,31.38,,,,
07/02/26 03:55:00,31.53,,,,
07/02/26 04:00:00,31.22,,,,
07/02/26 04:05:00,30.91,,,,
07/02/26 04:10:00,31.07,,,,
07/02/26 04:15:00,30.76,,,,
07/02/26 04:20:00,30.84,,,,
07/02/26 04:25:00,30.45,,,,
07/02/26 04:30:00,29.91,,,,
07/02/26 04:35:00,30.84,,,,
07/02/26 04:40:00,30.68,,,,
07/02/26 04:45:00,30.53,,,,
07/02/26 04:50:00,30.91,,,,
07/02/26 04:55:00,31.69,,,,
07/02/26 05:00:00,32.07,,,,
07/02/26 05:05:00,31.30,,,,
07/02/26 05:10:00,31.22,,,,
07/02/26 05:15:00,31.30,,,,
07/02/26 05:20:00,31.92,,,,
07/02/26 05:25:00,31.45,,,,
07/02/26 05:30:00,30.99,,,,
07/02/26 05:35:00,30.84,,,,
07/02/26 05:40:00,30.91,,,,
07/02/26 05:45:00,30.91,,,,
07/02/26 05:50:00,31.30,,,,
07/02/26 05:55:00,31.45,,,,
07/02/26 06:00:00,31.38,,,,
07/02/26 06:05:00,31.53,,,,
07/02/26 06:10:00,32.07,,,,
07/02/26 06:15:00,32.77,,,,
07/02/26 06:20:00,33.15,,,,
07/02/26 06:25:00,33.46,,,,
07/02/26 06:30:00,33.46,,,,
07/02/26 06:35:00,33.38,,,,
07/02/26 06:40:00,33.54,,,,
07/02/26 06:45:00,33.23,,,,
07/02/26 06:50:00,32.46,,,,
07/02/26 06:55:00,32.07,,,,
07/02/26 07:00:00,31.76,,,,
07/02/26 07:05:00,31.45,,,,
07/02/26 07:10:00,31.38,,,,
07/02/26 07:15:00,31.53,,,,
07/02/26 07:20:00,31.92,,,,
07/02/26 07:25:00,31.69,,,,
07/02/26 07:30:00,31.45,,,,
07/02/26 07:35:00,31.38,,,,
07/02/26 07:40:00,31.45,,,,
07/02/26 07:45:00,31.69,,,,
07/02/26 07:50:00,31.84,,,,
07/02/26 07:55:00,31.92,,,,
07/02/26 08:00:00,32.23,,,,
07/02/26 08:05:00,32.77,,,,
07/02/26 08:10:00,33.23,,,,
07/02/26 08:15:00,33.46,,,,
07/02/26 08:20:00,34.47,,,,
07/02/26 08:25:00,34.08,,,,
07/02/26 08:30:00,34.47,,,,
07/02/26 08:35:00,34.39,,,,
07/02/26 08:40:00,34.31,,,,
07/02/26 08:45:00,33.08,,,,
07/02/26 08:50:00,32.84,,,,
07/02/26 08:55:00,33.00,,,,
07/02/26 09:00:00,32.84,,,,
07/02/26 09:05:00,32.69,,,,
07/02/26 09:10:00,33.93,,,,
07/02/26 09:15:00,34.08,,,,
07/02/26 09:20:00,33.93,,,,
07/02/26 09:25:00,34.23,,,,
07/02/26 09:30:00,34.77,,,,
07/02/26 09:35:00,34.77,,,,
07/02/26 09:40:00,35.55,,,,
07/02/26 09:45:00,37.09,,,,
07/02/26 09:50:00,37.40,,,,
07/02/26 09:55:00,37.63,,,,
07/02/26 10:00:00,37.40,,,,
07/02/26 10:05:00,37.32,,,,
07/02/26 10:10:00,39.41,,,,
07/02/26 10:15:00,38.71,,,,
07/02/26 10:20:00,39.25,,,,
07/02/26 10:25:00,38.87,,,,
07/02/26 10:30:00,40.57,,,,
07/02/26 10:35:00,40.10,,,,
07/02/26 10:40:00,39.02,,,,
07/02/26 10:45:00,37.94,,,,
07/02/26 10:50:00,37.71,,,,
07/02/26 10:55:00,36.94,,,,
07/02/26 11:00:00,36.47,,,,
07/02/26 11:05:00,36.71,,,,
07/02/26 11:10:00,36.01,,,,
07/02/26 11:15:00,36.09,,,,
07/02/26 11:20:00,36.71,,,,
07/02/26 11:25:00,36.01,,,,
07/02/26 11:30:00,35.93,,,,
07/02/26 11:35:00,35.78,,,,
07/02/26 11:40:00,35.78,,,,
07/02/26 11:45:00,36.40,,,,
07/02/26 11:50:00,35.62,,,,
07/02/26 11:55:00,35.01,,,,
07/02/26 12:00:00,34.70,,,,
07/02/26 12:05:00,34.23,,,,
07/02/26 12:10:00,34.23,,,,
07/02/26 12:15:00,34.16,,,,
07/02/26 12:20:00,34.39,,,,
07/02/26 12:25:00,34.62,,,,
07/02/26 12:30:00,34.70,,,,
07/02/26 12:35:00,34.85,,,,
07/02/26 12:40:00,35.24,,,,
07/02/26 12:45:00,35.32,,,,
07/02/26 12:50:00,35.39,,,,
07/02/26 12:55:00,35.24,,,,
07/02/26 13:00:00,35.16,,,,
07/02/26 13:05:00,35.08,,,,
07/02/26 13:10:00,35.24,,,,
07/02/26 13:15:00,35.24,,,,
07/02/26 13:20:00,35.08,,,,
07/02/26 13:25:00,35.01,,,,
07/02/26 13:30:00,34.93,,,,
07/02/26 13:35:00,35.08,,,,
07/02/26 13:40:00,35.16,,,,
07/02/26 13:45:00,35.24,,,,
07/02/26 13:50:00,35.32,,,,
07/02/26 13:55:00,35.32,,,,
07/02/26 14:00:00,35.32,,,,
07/02/26 14:05:00,35.39,,,,
07/02/26 14:10:00,35.32,,,,
07/02/26 14:15:00,35.32,,,,
07/02/26 14:20:00,35.24,,,,
07/02/26 14:25:00,35.16,,,,
07/02/26 14:30:00,35.01,,,,
07/02/26 14:35:00,34.85,,,,
07/02/26 14:40:00,34.85,,,,
07/02/26 14:45:00,35.01,,,,
07/02/26 14:50:00,35.08,,,,
07/02/26 14:55:00,34.85,,,,
07/02/26 15:00:00,34.70,,,,
07/02/26 15:05:00,34.31,,,,
07/02/26 15:10:00,33.85,,,,
07/02/26 15:15:00,33.38,,,,
07/02/26 15:20:00,33.15,,,,
07/02/26 15:25:00,33.23,,,,
07/02/26 15:30:00,33.00,,,,
07/02/26 15:35:00,33.08,,,,
07/02/26 15:40:00,33.00,,,,
07/02/26 15:45:00,33.15,,,,
07/02/26 15:50:00,33.31,,,,
07/02/26 15:55:00,33.38,,,,
07/02/26 16:00:00,33.54,,,,
07/02/26 16:05:00,33.62,,,,
07/02/26 16:10:00,33.31,,,,
07/02/26 16:15:00,33.15,,,,
07/02/26 16:20:00,33.15,,,,
07/02/26 16:25:00,33.08,,,,
07/02/26 16:30:00,33.08,,,,
07/02/26 16:35:00,32.77,,,,
07/02/26 16:40:00,32.69,,,,
07/02/26 16:45:00,32.69,,,,
07/02/26 16:50:00,32.84,,,,
07/02/26 16:55:00,32.92,,,,
07/02/26 17:00:00,32.84,,,,
07/02/26 17:05:00,32.84,,,,
07/02/26 17:10:00,32.84,,,,
07/02/26 17:15:00,32.77,,,,
07/02/26 17:20:00,32.84,,,,
07/02/26 17:25:00,33.08,,,,
07/02/26 17:30:00,33.08,,,,
07/02/26 17:35:00,33.23,,,,
07/02/26 17:40:00,33.38,,,,
07/02/26 17:45:00,33.46,,,,
07/02/26 17:50:00,33.69,,,,
07/02/26 17:55:00,33.85,,,,
07/02/26 18:00:00,33.69,,,,
07/02/26 18:05:00,33.69,,,,
07/02/26 18:10:00,33.77,,,,
07/02/26 18:15:00,33.62,,,,
07/02/26 18:20:00,33.54,,,,
07/02/26 18:25:00,33.31,,,,
07/02/26 18:30:00,33.08,,,,
07/02/26 18:35:00,33.00,,,,
07/02/26 18:40:00,33.15,,,,
07/02/26 18:45:00,33.15,,,,
07/02/26 18:50:00,33.23,,,,
07/02/26 18:55:00,33.08,,,,
07/02/26 19:00:00,33.15,,,,
07/02/26 19:05:00,33.23,,,,
07/02/26 19:10:00,33.23,,,,
07/02/26 19:15:00,33.46,,,,
07/02/26 19:20:00,33.85,,,,
07/02/26 19:25:00,33.77,,,,
07/02/26 19:30:00,33.77,,,,
07/02/26 19:35:00,33.93,,,,
07/02/26 19:40:00,34.00,,,,
07/02/26 19:45:00,33.93,,,,
07/02/26 19:50:00,33.69,,,,
07/02/26 19:55:00,33.15,,,,
07/02/26 20:00:00,32.77,,,,
07/02/26 20:05:00,32.54,,,,
07/02/26 20:10:00,32.54,,,,
07/02/26 20:15:00,32.30,,,,
07/02/26 20:20:00,32.30,,,,
07/02/26 20:25:00,32.30,,,,
07/02/26 20:30:00,32.23,,,,
07/02/26 20:35:00,32.23,,,,
07/02/26 20:40:00,32.23,,,,
07/02/26 20:45:00,32.15,,,,
07/02/26 20:50:00,32.07,,,,
07/02/26 20:55:00,32.00,,,,
07/02/26 21:00:00,31.92,,,,
07/02/26 21:05:00,31.92,,,,
07/02/26 21:10:00,31.84,,,,
07/02/26 21:15:00,31.92,,,,
07/02/26 21:20:00,31.84,,,,
07/02/26 21:25:00,31.69,,,,
07/02/26 21:30:00,31.53,,,,
07/02/26 21:35:00,31.38,,,,
07/02/26 21:40:00,31.15,,,,
07/02/26 21:45:00,31.07,,,,
07/02/26 21:50:00,30.99,,,,
07/02/26 21:55:00,30.99,,,,
07/02/26 22:00:00,30.99,,,,
07/02/26 22:05:00,31.15,,,,
07/02/26 22:10:00,31.15,,,,
07/02/26 22:15:00,30.91,,,,
07/02/26 22:20:00,30.76,,,,
07/02/26 22:25:00,30.84,,,,
07/02/26 22:30:00,30.91,,,,
07/02/26 22:35:00,30.84,,,,
07/02/26 22:40:00,30.99,,,,
07/02/26 22:45:00,30.76,,,,
07/02/26 22:50:00,30.53,,,,
07/02/26 22:55:00,30.45,,,,
07/02/26 23:00:00,30.37,,,,
07/02/26 23:05:00,30.06,,,,
07/02/26 23:10:00,30.06,,,,
07/02/26 23:15:00,30.37,,,,
07/02/26 23:20:00,30.30,,,,
07/02/26 23:25:00,30.22,,,,
07/02/26 23:30:00,30.30,,,,
07/02/26 23:35:00,30.45,,,,
07/02/26 23:40:00,30.37,,,,
07/02/26 23:45:00,30.30,,,,
07/02/26 23:50:00,30.37,,,,
07/02/26 23:55:00,30.37,,,,
07/03/26 00:00:00,30.37,,,,
07/03/26 00:05:00,30.45,,,,
07/03/26 00:10:00,30.45,,,,
07/03/26 00:15:00,30.37,,,,
07/03/26 00:20:00,29.68,,,,
07/03/26 00:25:00,29.52,,,,
07/03/26 00:30:00,29.52,,,,
07/03/26 00:35:00,29.68,,,,
07/03/26 00:40:00,29.60,,,,
07/03/26 00:45:00,29.76,,,,
07/03/26 00:50:00,29.52,,,,
07/03/26 00:55:00,29.29,,,,
07/03/26 01:00:00,29.06,,,,
07/03/26 01:05:00,29.06,,,,
07/03/26 01:10:00,28.91,,,,
07/03/26 01:15:00,28.83,,,,
07/03/26 01:20:00,28.75,,,,
07/03/26 01:25:00,28.52,,,,
07/03/26 01:30:00,28.44,,,,
07/03/26 01:35:00,28.52,,,,
07/03/26 01:40:00,28.52,,,,
07/03/26 01:45:00,28.44,,,,
07/03/26 01:50:00,28.52,,,,
07/03/26 01:55:00,27.98,,,,
07/03/26 02:00:00,27.98,,,,
07/03/26 02:05:00,27.98,,,,
07/03/26 02:10:00,28.06,,,,
07/03/26 02:15:00,27.98,,,,
07/03/26 02:20:00,27.90,,,,
07/03/26 02:25:00,27.75,,,,
07/03/26 02:30:00,27.67,,,,
07/03/26 02:35:00,27.67,,,,
07/03/26 02:40:00,27.52,,,,
07/03/26 02:45:00,27.44,,,,
07/03/26 02:50:00,27.28,,,,
07/03/26 02:55:00,27.36,,,,
07/03/26 03:00:00,27.21,,,,
07/03/26 03:05:00,26.98,,,,
07/03/26 03:10:00,27.13,,,,
07/03/26 03:15:00,26.98,,,,
07/03/26 03:20:00,26.90,,,,
07/03/26 03:25:00,26.82,,,,
07/03/26 03:30:00,26.59,,,,
07/03/26 03:35:00,26.59,,,,
07/03/26 03:40:00,26.59,,,,
07/03/26 03:45:00,26.59,,,,
07/03/26 03:50:00,26.90,,,,
07/03/26 03:55:00,27.21,,,,
07/03/26 04:00:00,27.28,,,,
07/03/26 04:05:00,27.44,,,,
07/03/26 04:10:00,27.52,,,,
07/03/26 04:15:00,27.67,,,,
07/03/26 04:20:00,27.83,,,,
07/03/26 04:25:00,27.67,,,,
07/03/26 04:30:00,27.83,,,,
07/03/26 04:35:00,27.90,,,,
07/03/26 04:40:00,27.83,,,,
07/03/26 04:45:00,27.75,,,,
07/03/26 04:50:00,27.83,,,,
07/03/26 04:55:00,27.75,,,,
07/03/26 05:00:00,27.83,,,,
07/03/26 05:05:00,27.83,,,,
07/03/26 05:10:00,27.98,,,,
07/03/26 05:15:00,28.29,,,,
07/03/26 05:20:00,28.44,,,,
07/03/26 05:25:00,28.60,,,,
07/03/26 05:30:00,28.98,,,,
07/03/26 05:35:00,29.06,,,,
07/03/26 05:40:00,28.75,,,,
07/03/26 05:45:00,28.60,,,,
07/03/26 05:50:00,28.44,,,,
07/03/26 05:55:00,28.52,,,,
07/03/26 06:00:00,28.67,,,,
07/03/26 06:05:00,28.98,,,,
07/03/26 06:10:00,29.37,,,,
07/03/26 06:15:00,29.45,,,,
07/03/26 06:20:00,29.68,,,,
07/03/26 06:25:00,29.68,,,,
07/03/26 06:30:00,29.68,,,,
07/03/26 06:35:00,29.60,,,,
07/03/26 06:40:00,29.60,,,,
07/03/26 06:45:00,29.83,,,,
07/03/26 06:50:00,30.22,,,,
07/03/26 06:55:00,30.22,,,,
07/03/26 07:00:00,30.22,,,,
07/03/26 07:05:00,29.91,,,,
07/03/26 07:10:00,29.91,,,,
07/03/26 07:15:00,30.53,,,,
07/03/26 07:20:00,30.99,,,,
07/03/26 07:25:00,31.38,,,,
07/03/26 07:30:00,31.45,,,,
07/03/26 07:35:00,31.69,,,,
07/03/26 07:40:00,31.76,,,,
07/03/26 07:45:00,31.84,,,,
07/03/26 07:50:00,32.07,,,,
07/03/26 07:55:00,32.23,,,,
07/03/26 08:00:00,31.92,,,,
07/03/26 08:05:00,31.38,,,,
07/03/26 08:10:00,31.07,,,,
07/03/26 08:15:00,31.07,,,,
07/03/26 08:20:00,31.30,,,,
07/03/26 08:25:00,31.45,,,,
07/03/26 08:30:00,31.69,,,,
07/03/26 08:35:00,32.07,,,,
07/03/26 08:40:00,32.61,,,,
07/03/26 08:45:00,32.54,,,,
07/03/26 08:50:00,32.84,,,,
07/03/26 08:55:00,33.15,,,,
07/03/26 09:00:00,33.31,,,,
07/03/26 09:05:00,33.15,,,,
07/03/26 09:10:00,33.00,,,,
07/03/26 09:15:00,33.08,,,,
07/03/26 09:20:00,33.00,,,,
07/03/26 09:25:00,32.84,,,,
07/03/26 09:30:00,33.00,,,,
07/03/26 09:35:00,33.31,,,,
07/03/26 09:40:00,33.54,,,,
07/03/26 09:45:00,33.62,,,,
07/03/26 09:50:00,33.77,,,,
07/03/26 09:55:00,33.69,,,,
07/03/26 10:00:00,33.62,,,,
07/03/26 10:05:00,33.62,,,,
07/03/26 10:10:00,33.69,,,,
07/03/26 10:15:00,33.54,,,,
07/03/26 10:20:00,33.85,,,,
07/03/26 10:25:00,33.62,,,,
07/03/26 10:30:00,33.38,,,,
07/03/26 10:35:00,33.54,,,,
07/03/26 10:40:00,33.31,,,,
07/03/26 10:45:00,33.54,,,,
07/03/26 10:50:00,33.54,,,,
07/03/26 10:55:00,33.54,,,,
07/03/26 11:00:00,33.54,,,,
07/03/26 11:05:00,33.69,,,,
07/03/26 11:10:00,33.85,,,,
07/03/26 11:15:00,34.00,,,,
07/03/26 11:20:00,34.31,,,,
07/03/26 11:25:00,34.54,,,,
07/03/26 11:30:00,34.62,,,,
07/03/26 11:35:00,34.85,,,,
07/03/26 11:40:00,34.85,,,,
07/03/26 11:45:00,34.77,,,,
07/03/26 11:50:00,34.93,,,,
07/03/26 11:55:00,35.16,,,,
07/03/26 12:00:00,35.24,,,,
07/03/26 12:05:00,35.32,,,,
07/03/26 12:10:00,35.32,,,,
07/03/26 12:15:00,35.16,,,,
07/03/26 12:20:00,35.08,,,,
07/03/26 12:25:00,35.01,,,,
07/03/26 12:30:00,34.85,,,,
07/03/26 12:35:00,35.16,,,,
07/03/26 12:40:00,35.16,,,,
07/03/26 12:45:00,34.93,,,,
07/03/26 12:50:00,35.08,,,,
07/03/26 12:55:00,35.01,,,,
07/03/26 13:00:00,35.08,,,,
07/03/26 13:05:00,35.08,,,,
07/03/26 13:10:00,35.01,,,,
07/03/26 13:15:00,35.08,,,,
07/03/26 13:20:00,34.85,,,,
07/03/26 13:25:00,34.62,,,,
07/03/26 13:30:00,34.39,,,,
07/03/26 13:35:00,34.08,,,,
07/03/26 13:40:00,34.47,,,,
07/03/26 13:45:00,35.01,,,,
07/03/26 13:50:00,34.62,,,,
07/03/26 13:55:00,35.39,,,,
07/03/26 14:00:00,35.70,,,,
07/03/26 14:05:00,35.93,,,,
07/03/26 14:10:00,35.70,,,,
07/03/26 14:15:00,35.47,,,,
07/03/26 14:20:00,34.47,,,,
07/03/26 14:25:00,33.93,,,,
07/03/26 14:30:00,33.77,,,,
07/03/26 14:35:00,33.46,,,,
07/03/26 14:40:00,33.38,,,,
07/03/26 14:45:00,33.31,,,,
07/03/26 14:50:00,33.31,,,,
07/03/26 14:55:00,33.38,,,,
07/03/26 15:00:00,33.31,,,,
07/03/26 15:05:00,33.62,,,,
07/03/26 15:10:00,34.77,,,,
07/03/26 15:15:00,35.39,,,,
07/03/26 15:20:00,35.24,,,,
07/03/26 15:25:00,35.08,,,,
07/03/26 15:30:00,34.39,,,,
07/03/26 15:35:00,33.93,,,,
07/03/26 15:40:00,33.69,,,,
07/03/26 15:45:00,34.39,,,,
07/03/26 15:50:00,34.47,,,,
07/03/26 15:55:00,34.39,,,,
07/03/26 16:00:00,34.70,,,,
07/03/26 16:05:00,34.16,,,,
07/03/26 16:10:00,33.93,,,,
07/03/26 16:15:00,34.31,,,,
07/03/26 16:20:00,34.08,,,,
07/03/26 16:25:00,34.23,,,,
07/03/26 16:30:00,34.31,,,,
07/03/26 16:35:00,34.23,,,,
07/03/26 16:40:00,34.47,,,,
07/03/26 16:45:00,34.16,,,,
07/03/26 16:50:00,34.08,,,,
07/03/26 16:55:00,34.31,,,,
07/03/26 17:00:00,34.23,,,,
07/03/26 17:05:00,34.16,,,,
07/03/26 17:10:00,33.93,,,,
07/03/26 17:15:00,33.69,,,,
07/03/26 17:20:00,33.69,,,,
07/03/26 17:25:00,33.54,,,,
07/03/26 17:30:00,33.77,,,,
07/03/26 17:35:00,33.85,,,,
07/03/26 17:40:00,33.62,,,,
07/03/26 17:45:00,33.93,,,,
07/03/26 17:50:00,34.00,,,,
07/03/26 17:55:00,34.08,,,,
07/03/26 18:00:00,34.23,,,,
07/03/26 18:05:00,34.23,,,,
07/03/26 18:10:00,34.16,,,,
07/03/26 18:15:00,34.23,,,,
07/03/26 18:20:00,34.08,,,,
07/03/26 18:25:00,34.23,,,,
07/03/26 18:30:00,34.54,,,,
07/03/26 18:35:00,34.39,,,,
07/03/26 18:40:00,34.54,,,,
07/03/26 18:45:00,34.16,,,,
07/03/26 18:50:00,34.16,,,,
07/03/26 18:55:00,34.23,,,,
07/03/26 19:00:00,34.31,,,,
07/03/26 19:05:00,34.39,,,,
07/03/26 19:10:00,34.54,,,,
07/03/26 19:15:00,34.47,,,,
07/03/26 19:20:00,34.39,,,,
07/03/26 19:25:00,34.31,,,,
07/03/26 19:30:00,34.08,,,,
07/03/26 19:35:00,34.00,,,,
07/03/26 19:40:00,33.93,,,,
07/03/26 19:45:00,33.77,,,,
07/03/26 19:50:00,33.62,,,,
07/03/26 19:55:00,33.62,,,,
07/03/26 20:00:00,33.54,,,,
07/03/26 20:05:00,33.46,,,,
07/03/26 20:10:00,33.46,,,,
07/03/26 20:15:00,33.38,,,,
07/03/26 20:20:00,33.46,,,,
07/03/26 20:25:00,33.08,,,,
07/03/26 20:30:00,33.08,,,,
07/03/26 20:35:00,33.08,,,,
07/03/26 20:40:00,33.15,,,,
07/03/26 20:45:00,33.15,,,,
07/03/26 20:50:00,32.92,,,,
07/03/26 20:55:00,32.77,,,,
07/03/26 21:00:00,32.84,,,,
07/03/26 21:05:00,32.77,,,,
07/03/26 21:10:00,32.69,,,,
07/03/26 21:15:00,32.54,,,,
07/03/26 21:20:00,32.38,,,,
07/03/26 21:25:00,32.38,,,,
07/03/26 21:30:00,32.38,,,,
07/03/26 21:35:00,32.23,,,,
07/03/26 21:40:00,32.23,,,,
07/03/26 21:45:00,32.23,,,,
07/03/26 21:50:00,32.15,,,,
07/03/26 21:55:00,32.15,,,,
07/03/26 22:00:00,32.00,,,,
07/03/26 22:05:00,31.76,,,,
07/03/26 22:10:00,31.84,,,,
07/03/26 22:15:00,31.76,,,,
07/03/26 22:20:00,31.69,,,,
07/03/26 22:25:00,31.69,,,,
07/03/26 22:30:00,31.69,,,,
07/03/26 22:35:00,31.84,,,,
07/03/26 22:40:00,31.84,,,,
07/03/26 22:45:00,32.00,,,,
07/03/26 22:50:00,31.84,,,,
07/03/26 22:55:00,31.84,,,,
07/03/26 23:00:00,31.76,,,,
07/03/26 23:05:00,31.76,,,,
07/03/26 23:10:00,31.84,,,,
07/03/26 23:15:00,31.84,,,,
07/03/26 23:20:00,31.84,,,,
07/03/26 23:25:00,31.84,,,,
07/03/26 23:30:00,31.76,,,,
07/03/26 23:35:00,31.92,,,,
07/03/26 23:40:00,31.84,,,,
07/03/26 23:45:00,31.84,,,,
07/03/26 23:50:00,31.92,,,,
07/03/26 23:55:00,31.84,,,,
07/04/26 00:00:00,32.00,,,,
07/04/26 00:05:00,31.84,,,,
07/04/26 00:10:00,31.84,,,,
07/04/26 00:15:00,31.76,,,,
07/04/26 00:20:00,31.76,,,,
07/04/26 00:25:00,31.76,,,,
07/04/26 00:30:00,31.84,,,,
07/04/26 00:35:00,31.84,,,,
07/04/26 00:40:00,31.92,,,,
07/04/26 00:45:00,32.23,,,,
07/04/26 00:50:00,32.38,,,,
07/04/26 00:55:00,32.23,,,,
07/04/26 01:00:00,32.46,,,,
07/04/26 01:05:00,32.46,,,,
07/04/26 01:10:00,32.69,,,,
07/04/26 01:15:00,32.54,,,,
07/04/26 01:20:00,32.46,,,,
07/04/26 01:25:00,32.69,,,,
07/04/26 01:30:00,32.77,,,,
07/04/26 01:35:00,33.46,,,,
07/04/26 01:40:00,33.08,,,,
07/04/26 01:45:00,33.46,,,,
07/04/26 01:50:00,33.93,,,,
07/04/26 01:55:00,33.62,,,,
07/04/26 02:00:00,33.93,,,,
07/04/26 02:05:00,33.31,,,,
07/04/26 02:10:00,33.54,,,,
07/04/26 02:15:00,33.77,,,,
07/04/26 02:20:00,34.00,,,,
07/04/26 02:25:00,33.23,,,,
07/04/26 02:30:00,33.08,,,,
07/04/26 02:35:00,33.31,,,,
07/04/26 02:40:00,33.23,,,,
07/04/26 02:45:00,33.23,,,,
07/04/26 02:50:00,33.38,,,,
07/04/26 02:55:00,33.00,,,,
07/04/26 03:00:00,33.31,,,,
07/04/26 03:05:00,33.23,,,,
07/04/26 03:10:00,34.08,,,,
07/04/26 03:15:00,34.00,,,,
07/04/26 03:20:00,33.46,,,,
07/04/26 03:25:00,33.69,,,,
07/04/26 03:30:00,33.69,,,,
07/04/26 03:35:00,33.77,,,,
07/04/26 03:40:00,33.93,,,,
07/04/26 03:45:00,33.93,,,,
07/04/26 03:50:00,34.08,,,,
07/04/26 03:55:00,34.00,,,,
07/04/26 04:00:00,34.31,,,,
07/04/26 04:05:00,34.23,,,,
07/04/26 04:10:00,33.69,,,,
07/04/26 04:15:00,33.62,,,,
07/04/26 04:20:00,33.62,,,,
07/04/26 04:25:00,33.77,,,,
07/04/26 04:30:00,33.85,,,,
07/04/26 04:35:00,34.23,,,,
07/04/26 04:40:00,34.00,,,,
07/04/26 04:45:00,34.16,,,,
07/04/26 04:50:00,34.00,,,,
07/04/26 04:55:00,34.16,,,,
07/04/26 05:00:00,33.93,,,,
07/04/26 05:05:00,33.69,,,,
07/04/26 05:10:00,34.08,,,,
07/04/26 05:15:00,35.24,,,,
07/04/26 05:20:00,35.62,,,,
07/04/26 05:25:00,35.32,,,,
07/04/26 05:30:00,35.24,,,,
07/04/26 05:35:00,34.23,,,,
07/04/26 05:40:00,35.01,,,,
07/04/26 05:45:00,35.32,,,,
07/04/26 05:50:00,34.93,,,,
07/04/26 05:55:00,34.93,,,,
07/04/26 06:00:00,35.55,,,,
07/04/26 06:05:00,36.86,,,,
07/04/26 06:10:00,37.55,,,,
07/04/26 06:15:00,38.25,,,,
07/04/26 06:20:00,37.09,,,,
07/04/26 06:25:00,35.86,,,,
07/04/26 06:30:00,35.78,,,,
07/04/26 06:35:00,37.01,,,,
07/04/26 06:40:00,37.32,,,,
07/04/26 06:45:00,36.01,,,,
07/04/26 06:50:00,35.93,,,,
07/04/26 06:55:00,36.01,,,,
07/04/26 07:00:00,36.47,,,,
07/04/26 07:05:00,37.48,,,,
07/04/26 07:10:00,37.86,,,,
07/04/26 07:15:00,37.55,,,,
07/04/26 07:20:00,38.79,,,,
07/04/26 07:25:00,41.18,,,,
07/04/26 07:30:00,41.34,,,,
07/04/26 07:35:00,39.79,,,,
07/04/26 07:40:00,39.33,,,,
07/04/26 07:45:00,39.49,,,,
07/04/26 07:50:00,39.56,,,,
07/04/26 07:55:00,38.56,,,,
07/04/26 08:00:00,38.48,,,,
07/04/26 08:05:00,38.02,,,,
07/04/26 08:10:00,38.25,,,,
07/04/26 08:15:00,38.87,,,,
07/04/26 08:20:00,39.10,,,,
07/04/26 08:25:00,40.33,,,,
07/04/26 08:30:00,43.35,,,,
07/04/26 08:35:00,43.73,,,,
07/04/26 08:40:00,46.82,,,,
07/04/26 08:45:00,48.44,,,,
07/04/26 08:50:00,48.67,,,,
07/04/26 08:55:00,45.74,,,,
07/04/26 09:00:00,48.52,,,,
07/04/26 09:05:00,50.53,,,,
07/04/26 09:10:00,51.38,,,,
07/04/26 09:15:00,49.06,,,,
07/04/26 09:20:00,47.44,,,,
07/04/26 09:25:00,44.89,,,,
07/04/26 09:30:00,42.81,,,,
07/04/26 09:35:00,42.88,,,,
07/04/26 09:40:00,42.73,,,,
07/04/26 09:45:00,42.50,,,,
07/04/26 09:50:00,44.12,,,,
07/04/26 09:55:00,43.42,,,,
07/04/26 10:00:00,41.88,,,,
07/04/26 10:05:00,42.03,,,,
07/04/26 10:10:00,43.66,,,,
07/04/26 10:15:00,44.20,,,,
07/04/26 10:20:00,45.74,,,,
07/04/26 10:25:00,47.67,,,,
07/04/26 10:30:00,46.36,,,,
07/04/26 10:35:00,43.96,,,,
07/04/26 10:40:00,45.43,,,,
07/04/26 10:45:00,49.22,,,,
07/04/26 10:50:00,50.53,,,,
07/04/26 10:55:00,48.83,,,,
07/04/26 11:00:00,47.36,,,,
07/04/26 11:05:00,46.74,,,,
07/04/26 11:10:00,46.05,,,,
07/04/26 11:15:00,47.28,,,,
07/04/26 11:20:00,48.52,,,,
07/04/26 11:25:00,47.98,,,,
07/04/26 11:30:00,46.67,,,,
07/04/26 11:35:00,46.44,,,,
07/04/26 11:40:00,47.21,,,,
07/04/26 11:45:00,49.52,,,,
07/04/26 11:50:00,53.08,,,,
07/04/26 11:55:00,55.70,,,,
07/04/26 12:00:00,54.00,,,,
07/04/26 12:05:00,50.37,,,,
07/04/26 12:10:00,50.06,,,,
07/04/26 12:15:00,48.37,,,,
07/04/26 12:20:00,45.43,,,,
07/04/26 12:25:00,43.27,,,,
07/04/26 12:30:00,41.65,,,,
07/04/26 12:35:00,41.42,,,,
07/04/26 12:40:00,41.18,,,,
07/04/26 12:45:00,40.72,,,,
07/04/26 12:50:00,40.72,,,,
07/04/26 12:55:00,40.80,,,,
07/04/26 13:00:00,40.72,,,,
07/04/26 13:05:00,41.11,,,,
07/04/26 13:10:00,41.80,,,,
07/04/26 13:15:00,40.88,,,,
07/04/26 13:20:00,40.95,,,,
07/04/26 13:25:00,40.41,,,,
07/04/26 13:30:00,39.79,,,,
07/04/26 13:35:00,39.87,,,,
07/04/26 13:40:00,42.50,,,,
07/04/26 13:45:00,41.80,,,,
07/04/26 13:50:00,41.80,,,,
07/04/26 13:55:00,41.42,,,,
07/04/26 14:00:00,41.11,,,,
07/04/26 14:05:00,41.96,,,,
07/04/26 14:10:00,43.58,,,,
07/04/26 14:15:00,42.88,,,,
07/04/26 14:20:00,42.88,,,,
07/04/26 14:25:00,42.50,,,,
07/04/26 14:30:00,41.26,,,,
07/04/26 14:35:00,40.64,,,,
07/04/26 14:40:00,39.79,,,,
07/04/26 14:45:00,39.79,,,,
07/04/26 14:50:00,40.64,,,,
07/04/26 14:55:00,40.26,,,,
07/04/26 15:00:00,39.79,,,,
07/04/26 15:05:00,40.18,,,,
07/04/26 15:10:00,39.95,,,,
07/04/26 15:15:00,40.10,,,,
07/04/26 15:20:00,40.10,,,,
07/04/26 15:25:00,39.64,,,,
07/04/26 15:30:00,40.03,,,,
07/04/26 15:35:00,40.41,,,,
07/04/26 15:40:00,40.72,,,,
07/04/26 15:45:00,40.64,,,,
07/04/26 15:50:00,41.72,,,,
07/04/26 15:55:00,41.34,,,,
07/04/26 16:00:00,41.49,,,,
07/04/26 16:05:00,42.11,,,,
07/04/26 16:10:00,41.26,,,,
07/04/26 16:15:00,40.49,,,,
07/04/26 16:20:00,41.03,,,,
07/04/26 16:25:00,41.34,,,,
07/04/26 16:30:00,41.18,,,,
07/04/26 16:35:00,41.49,,,,
07/04/26 16:40:00,41.26,,,,
07/04/26 16:45:00,40.49,,,,
07/04/26 16:50:00,39.72,,,,
07/04/26 16:55:00,39.49,,,,
07/04/26 17:00:00,38.87,,,,
07/04/26 17:05:00,37.32,,,,
07/04/26 17:10:00,36.55,,,,
07/04/26 17:15:00,36.47,,,,
07/04/26 17:20:00,36.16,,,,
07/04/26 17:25:00,36.86,,,,
07/04/26 17:30:00,37.48,,,,
07/04/26 17:35:00,37.48,,,,
07/04/26 17:40:00,37.40,,,,
07/04/26 17:45:00,37.40,,,,
07/04/26 17:50:00,37.25,,,,
07/04/26 17:55:00,36.78,,,,
07/04/26 18:00:00,36.78,,,,
07/04/26 18:05:00,36.86,,,,
07/04/26 18:10:00,37.01,,,,
07/04/26 18:15:00,36.94,,,,
07/04/26 18:20:00,36.94,,,,
07/04/26 18:25:00,36.94,,,,
07/04/26 18:30:00,36.86,,,,
07/04/26 18:35:00,36.86,,,,
07/04/26 18:40:00,36.78,,,,
07/04/26 18:45:00,36.78,,,,
07/04/26 18:50:00,36.63,,,,
07/04/26 18:55:00,36.16,,,,
07/04/26 19:00:00,35.78,,,,
07/04/26 19:05:00,35.70,,,,
07/04/26 19:10:00,35.62,,,,
07/04/26 19:15:00,35.55,,,,
07/04/26 19:20:00,35.55,,,,
07/04/26 19:25:00,35.32,,,,
07/04/26 19:30:00,35.55,,,,
07/04/26 19:35:00,35.62,,,,
07/04/26 19:40:00,35.78,,,,
07/04/26 19:45:00,35.86,,,,
07/04/26 19:50:00,35.93,,,,
07/04/26 19:55:00,35.93,,,,
07/04/26 20:00:00,36.09,,,,
07/04/26 20:05:00,35.93,,,,
07/04/26 20:10:00,35.93,,,,
07/04/26 20:15:00,35.93,,,,
07/04/26 20:20:00,36.24,,,,
07/04/26 20:25:00,36.09,,,,
07/04/26 20:30:00,36.09,,,,
07/04/26 20:35:00,35.93,,,,
07/04/26 20:40:00,35.70,,,,
07/04/26 20:45:00,35.55,,,,
07/04/26 20:50:00,35.62,,,,
07/04/26 20:55:00,35.47,,,,
07/04/26 21:00:00,35.39,,,,
07/04/26 21:05:00,35.24,,,,
07/04/26 21:10:00,35.24,,,,
07/04/26 21:15:00,35.24,,,,
07/04/26 21:20:00,35.24,,,,
07/04/26 21:25:00,35.08,,,,
07/04/26 21:30:00,35.08,,,,
07/04/26 21:35:00,34.93,,,,
07/04/26 21:40:00,35.08,,,,
07/04/26 21:45:00,34.93,,,,
07/04/26 21:50:00,35.78,,,,
07/04/26 21:55:00,35.32,,,,
07/04/26 22:00:00,34.85,,,,
07/04/26 22:05:00,34.85,,,,
07/04/26 22:10:00,34.70,,,,
07/04/26 22:15:00,34.70,,,,
07/04/26 22:20:00,34.70,,,,
07/04/26 22:25:00,34.85,,,,
07/04/26 22:30:00,34.54,,,,
07/04/26 22:35:00,34.77,,,,
07/04/26 22:40:00,34.93,,,,
07/04/26 22:45:00,34.85,,,,
07/04/26 22:50:00,34.77,,,,
07/04/26 22:55:00,34.77,,,,
07/04/26 23:00:00,34.77,,,,
07/04/26 23:05:00,34.85,,,,
07/04/26 23:10:00,35.01,,,,
07/04/26 23:15:00,34.85,,,,
07/04/26 23:20:00,34.85,,,,
07/04/26 23:25:00,34.77,,,,
07/04/26 23:30:00,34.93,,,,
07/04/26 23:35:00,34.70,,,,
07/04/26 23:40:00,34.85,,,,
07/04/26 23:45:00,34.85,,,,
07/04/26 23:50:00,34.85,,,,
07/04/26 23:55:00,35.08,,,,
07/05/26 00:00:00,34.93,,,,
07/05/26 00:05:00,35.01,,,,
07/05/26 00:10:00,35.08,,,,
07/05/26 00:15:00,34.93,,,,
07/05/26 00:20:00,35.01,,,,
07/05/26 00:25:00,34.85,,,,
07/05/26 00:30:00,34.93,,,,
07/05/26 00:35:00,35.01,,,,
07/05/26 00:40:00,34.85,,,,
07/05/26 00:45:00,34.70,,,,
07/05/26 00:50:00,34.62,,,,
07/05/26 00:55:00,34.85,,,,
07/05/26 01:00:00,35.01,,,,
07/05/26 01:05:00,35.08,,,,
07/05/26 01:10:00,35.01,,,,
07/05/26 01:15:00,34.93,,,,
07/05/26 01:20:00,34.85,,,,
07/05/26 01:25:00,34.77,,,,
07/05/26 01:30:00,34.77,,,,
07/05/26 01:35:00,34.77,,,,
07/05/26 01:40:00,34.85,,,,
07/05/26 01:45:00,34.93,,,,
07/05/26 01:50:00,35.24,,,,
07/05/26 01:55:00,35.24,,,,
07/05/26 02:00:00,35.08,,,,
07/05/26 02:05:00,34.93,,,,
07/05/26 02:10:00,34.77,,,,
07/05/26 02:15:00,34.31,,,,
07/05/26 02:20:00,33.93,,,,
07/05/26 02:25:00,33.62,,,,
07/05/26 02:30:00,33.46,,,,
07/05/26 02:35:00,33.46,,,,
07/05/26 02:40:00,33.54,,,,
07/05/26 02:45:00,33.85,,,,
07/05/26 02:50:00,34.39,,,,
07/05/26 02:55:00,34.54,,,,
07/05/26 03:00:00,34.47,,,,
07/05/26 03:05:00,34.54,,,,
07/05/26 03:10:00,34.70,,,,
07/05/26 03:15:00,34.77,,,,
07/05/26 03:20:00,34.77,,,,
07/05/26 03:25:00,34.70,,,,
07/05/26 03:30:00,34.77,,,,
07/05/26 03:35:00,34.85,,,,
07/05/26 03:40:00,34.70,,,,
07/05/26 03:45:00,35.01,,,,
07/05/26 03:50:00,34.93,,,,
07/05/26 03:55:00,35.16,,,,
07/05/26 04:00:00,34.93,,,,
07/05/26 04:05:00,34.70,,,,
07/05/26 04:10:00,35.01,,,,
07/05/26 04:15:00,34.70,,,,
07/05/26 04:20:00,34.47,,,,
07/05/26 04:25:00,34.77,,,,
07/05/26 04:30:00,34.93,,,,
07/05/26 04:35:00,34.85,,,,
07/05/26 04:40:00,35.01,,,,
07/05/26 04:45:00,35.01,,,,
07/05/26 04:50:00,34.93,,,,
07/05/26 04:55:00,35.08,,,,
07/05/26 05:00:00,34.54,,,,
07/05/26 05:05:00,34.08,,,,
07/05/26 05:10:00,33.93,,,,
07/05/26 05:15:00,33.85,,,,
07/05/26 05:20:00,33.85,,,,
07/05/26 05:25:00,33.93,,,,
07/05/26 05:30:00,33.93,,,,
07/05/26 05:35:00,33.85,,,,
07/05/26 05:40:00,33.93,,,,
07/05/26 05:45:00,34.16,,,,
07/05/26 05:50:00,34.16,,,,
07/05/26 05:55:00,34.16,,,,
07/05/26 06:00:00,34.16,,,,
07/05/26 06:05:00,34.08,,,,
07/05/26 06:10:00,33.93,,,,
07/05/26 06:15:00,34.00,,,,
07/05/26 06:20:00,33.93,,,,
07/05/26 06:25:00,34.00,,,,
07/05/26 06:30:00,34.31,,,,
07/05/26 06:35:00,34.39,,,,
07/05/26 06:40:00,34.62,,,,
07/05/26 06:45:00,34.70,,,,
07/05/26 06:50:00,34.77,,,,
07/05/26 06:55:00,34.70,,,,
07/05/26 07:00:00,34.70,,,,
07/05/26 07:05:00,34.70,,,,
07/05/26 07:10:00,34.77,,,,
07/05/26 07:15:00,35.08,,,,
07/05/26 07:20:00,35.47,,,,
07/05/26 07:25:00,36.01,,,,
07/05/26 07:30:00,36.01,,,,
07/05/26 07:35:00,36.24,,,,
07/05/26 07:40:00,36.24,,,,
07/05/26 07:45:00,36.40,,,,
07/05/26 07:50:00,36.55,,,,
07/05/26 07:55:00,36.55,,,,
07/05/26 08:00:00,36.78,,,,
07/05/26 08:05:00,37.09,,,,
07/05/26 08:10:00,37.01,,,,
07/05/26 08:15:00,37.63,,,,
07/05/26 08:20:00,37.09,,,,
07/05/26 08:25:00,36.94,,,,
07/05/26 08:30:00,36.86,,,,
07/05/26 08:35:00,36.78,,,,
07/05/26 08:40:00,36.55,,,,
07/05/26 08:45:00,36.55,,,,
07/05/26 08:50:00,36.40,,,,
07/05/26 08:55:00,36.16,,,,
07/05/26 09:00:00,36.09,,,,
07/05/26 09:05:00,36.09,,,,
07/05/26 09:10:00,36.09,,,,
07/05/26 09:15:00,36.24,,,,
07/05/26 09:20:00,36.24,,,,
07/05/26 09:25:00,36.40,,,,
07/05/26 09:30:00,36.47,,,,
07/05/26 09:35:00,36.32,,,,
07/05/26 09:40:00,36.32,,,,
07/05/26 09:45:00,36.47,,,,
07/05/26 09:50:00,36.32,,,,
07/05/26 09:55:00,37.01,,,,
07/05/26 10:00:00,37.17,,,,
07/05/26 10:05:00,37.40,,,,
07/05/26 10:10:00,37.32,,,,
07/05/26 10:15:00,37.32,,,,
07/05/26 10:20:00,37.32,,,,
07/05/26 10:25:00,37.71,,,,
07/05/26 10:30:00,37.79,,,,
07/05/26 10:35:00,37.79,,,,
07/05/26 10:40:00,36.78,,,,
07/05/26 10:45:00,36.40,,,,
07/05/26 10:50:00,36.47,,,,
07/05/26 10:55:00,36.40,,,,
07/05/26 11:00:00,36.24,,,,
07/05/26 11:05:00,36.01,,,,
07/05/26 11:10:00,35.86,,,,
07/05/26 11:15:00,36.24,,,,
07/05/26 11:20:00,36.32,,,,
07/05/26 11:25:00,37.01,,,,
07/05/26 11:30:00,37.94,,,,
07/05/26 11:35:00,38.02,,,,
07/05/26 11:40:00,37.94,,,,
07/05/26 11:45:00,38.10,,,,
07/05/26 11:50:00,37.86,,,,
07/05/26 11:55:00,37.71,,,,
07/05/26 12:00:00,37.55,,,,
07/05/26 12:05:00,37.63,,,,
07/05/26 12:10:00,37.63,,,,
07/05/26 12:15:00,37.40,,,,
07/05/26 12:20:00,37.40,,,,
07/05/26 12:25:00,37.86,,,,
07/05/26 12:30:00,37.48,,,,
07/05/26 12:35:00,37.55,,,,
07/05/26 12:40:00,37.55,,,,
07/05/26 12:45:00,37.63,,,,
07/05/26 12:50:00,37.63,,,,
07/05/26 12:55:00,38.10,,,,
07/05/26 13:00:00,38.02,,,,
07/05/26 13:05:00,37.94,,,,
07/05/26 13:10:00,36.55,,,,
07/05/26 13:15:00,35.93,,,,
07/05/26 13:20:00,35.78,,,,
07/05/26 13:25:00,35.62,,,,
07/05/26 13:30:00,35.55,,,,
07/05/26 13:35:00,35.47,,,,
07/05/26 13:40:00,35.78,,,,
07/05/26 13:45:00,35.78,,,,
07/05/26 13:50:00,35.86,,,,
07/05/26 13:55:00,36.01,,,,
07/05/26 14:00:00,36.09,,,,
07/05/26 14:05:00,36.32,,,,
07/05/26 14:10:00,37.01,,,,
07/05/26 14:15:00,37.79,,,,
07/05/26 14:20:00,37.79,,,,
07/05/26 14:25:00,37.48,,,,
07/05/26 14:30:00,37.32,,,,
07/05/26 14:35:00,37.40,,,,
07/05/26 14:40:00,37.01,,,,
07/05/26 14:45:00,36.47,,,,
07/05/26 14:50:00,36.94,,,,
07/05/26 14:55:00,36.94,,,,
07/05/26 15:00:00,36.63,,,,
07/05/26 15:05:00,36.47,,,,
07/05/26 15:10:00,36.94,,,,
07/05/26 15:15:00,36.40,,,,
07/05/26 15:20:00,36.47,,,,
07/05/26 15:25:00,36.71,,,,
07/05/26 15:30:00,36.16,,,,
07/05/26 15:35:00,35.86,,,,
07/05/26 15:40:00,35.86,,,,
07/05/26 15:45:00,35.78,,,,
07/05/26 15:50:00,35.86,,,,
07/05/26 15:55:00,36.32,,,,
07/05/26 16:00:00,36.78,,,,
07/05/26 16:05:00,36.63,,,,
07/05/26 16:10:00,36.24,,,,
07/05/26 16:15:00,36.01,,,,
07/05/26 16:20:00,35.78,,,,
07/05/26 16:25:00,36.16,,,,
07/05/26 16:30:00,35.93,,,,
07/05/26 16:35:00,35.70,,,,
07/05/26 16:40:00,35.39,,,,
07/05/26 16:45:00,35.32,,,,
07/05/26 16:50:00,35.32,,,,
07/05/26 16:55:00,35.16,,,,
07/05/26 17:00:00,35.16,,,,
07/05/26 17:05:00,35.47,,,,
07/05/26 17:10:00,36.16,,,,
07/05/26 17:15:00,35.70,,,,
07/05/26 17:20:00,35.55,,,,
07/05/26 17:25:00,35.39,,,,
07/05/26 17:30:00,35.32,,,,
07/05/26 17:35:00,35.24,,,,
07/05/26 17:40:00,35.01,,,,
07/05/26 17:45:00,34.85,,,,
07/05/26 17:50:00,34.85,,,,
07/05/26 17:55:00,34.77,,,,
07/05/26 18:00:00,34.93,,,,
07/05/26 18:05:00,35.01,,,,
07/05/26 18:10:00,34.93,,,,
07/05/26 18:15:00,34.77,,,,
07/05/26 18:20:00,34.85,,,,
07/05/26 18:25:00,34.70,,,,
07/05/26 18:30:00,34.62,,,,
07/05/26 18:35:00,34.70,,,,
07/05/26 18:40:00,34.54,,,,
07/05/26 18:45:00,34.62,,,,
07/05/26 18:50:00,34.62,,,,
07/05/26 18:55:00,34.62,,,,
07/05/26 19:00:00,34.70,,,,
07/05/26 19:05:00,34.85,,,,
07/05/26 19:10:00,34.70,,,,
07/05/26 19:15:00,34.62,,,,
07/05/26 19:20:00,34.54,,,,
07/05/26 19:25:00,34.54,,,,
07/05/26 19:30:00,34.47,,,,
07/05/26 19:35:00,34.54,,,,
07/05/26 19:40:00,34.31,,,,
07/05/26 19:45:00,34.16,,,,
07/05/26 19:50:00,34.08,,,,
07/05/26 19:55:00,34.08,,,,
07/05/26 20:00:00,34.23,,,,
07/05/26 20:05:00,34.31,,,,
07/05/26 20:10:00,34.39,,,,
07/05/26 20:15:00,34.39,,,,
07/05/26 20:20:00,34.39,,,,
07/05/26 20:25:00,34.39,,,,
07/05/26 20:30:00,34.47,,,,
07/05/26 20:35:00,34.54,,,,
07/05/26 20:40:00,34.47,,,,
07/05/26 20:45:00,34.62,,,,
07/05/26 20:50:00,34.54,,,,
07/05/26 20:55:00,34.62,,,,
07/05/26 21:00:00,34.47,,,,
07/05/26 21:05:00,34.23,,,,
07/05/26 21:10:00,34.08,,,,
07/05/26 21:15:00,33.85,,,,
07/05/26 21:20:00,33.85,,,,
07/05/26 21:25:00,34.00,,,,
07/05/26 21:30:00,34.00,,,,
07/05/26 21:35:00,33.93,,,,
07/05/26 21:40:00,34.00,,,,
07/05/26 21:45:00,34.08,,,,
07/05/26 21:50:00,34.23,,,,
07/05/26 21:55:00,34.39,,,,
07/05/26 22:00:00,34.39,,,,
07/05/26 22:05:00,34.31,,,,
07/05/26 22:10:00,34.31,,,,
07/05/26 22:15:00,34.08,,,,
07/05/26 22:20:00,33.77,,,,
07/05/26 22:25:00,33.77,,,,
07/05/26 22:30:00,33.69,,,,
07/05/26 22:35:00,33.93,,,,
07/05/26 22:40:00,33.77,,,,
07/05/26 22:45:00,33.77,,,,
07/05/26 22:50:00,33.77,,,,
07/05/26 22:55:00,33.69,,,,
07/05/26 23:00:00,33.54,,,,
07/05/26 23:05:00,33.69,,,,
07/05/26 23:10:00,33.69,,,,
07/05/26 23:15:00,33.38,,,,
07/05/26 23:20:00,33.46,,,,
07/05/26 23:25:00,33.38,,,,
07/05/26 23:30:00,33.46,,,,
07/05/26 23:35:00,33.54,,,,
07/05/26 23:40:00,33.54,,,,
07/05/26 23:45:00,33.62,,,,
07/05/26 23:50:00,33.62,,,,
07/05/26 23:55:00,33.46,,,,
07/06/26 00:00:00,33.54,,,,
07/06/26 00:05:00,33.38,,,,
07/06/26 00:10:00,33.54,,,,
07/06/26 00:15:00,33.62,,,,
07/06/26 00:20:00,33.54,,,,
07/06/26 00:25:00,33.54,,,,
07/06/26 00:30:00,33.54,,,,
07/06/26 00:35:00,33.54,,,,
07/06/26 00:40:00,33.62,,,,
07/06/26 00:45:00,33.69,,,,
07/06/26 00:50:00,33.62,,,,
07/06/26 00:55:00,33.93,,,,
07/06/26 01:00:00,34.00,,,,
07/06/26 01:05:00,33.93,,,,
07/06/26 01:10:00,34.08,,,,
07/06/26 01:15:00,34.00,,,,
07/06/26 01:20:00,34.08,,,,
07/06/26 01:25:00,33.93,,,,
07/06/26 01:30:00,34.08,,,,
07/06/26 01:35:00,34.16,,,,
07/06/26 01:40:00,34.00,,,,
07/06/26 01:45:00,33.85,,,,
07/06/26 01:50:00,34.00,,,,
07/06/26 01:55:00,33.85,,,,
07/06/26 02:00:00,33.69,,,,
07/06/26 02:05:00,33.85,,,,
07/06/26 02:10:00,33.93,,,,
07/06/26 02:15:00,33.93,,,,
07/06/26 02:20:00,34.16,,,,
07/06/26 02:25:00,34.16,,,,
07/06/26 02:30:00,34.16,,,,
07/06/26 02:35:00,34.08,,,,
07/06/26 02:40:00,34.08,,,,
07/06/26 02:45:00,34.00,,,,
07/06/26 02:50:00,34.16,,,,
07/06/26 02:55:00,34.08,,,,
07/06/26 03:00:00,34.16,,,,
07/06/26 03:05:00,34.47,,,,
07/06/26 03:10:00,34.31,,,,
07/06/26 03:15:00,34.39,,,,
07/06/26 03:20:00,34.39,,,,
07/06/26 03:25:00,34.23,,,,
07/06/26 03:30:00,34.16,,,,
07/06/26 03:35:00,34.08,,,,
07/06/26 03:40:00,34.08,,,,
07/06/26 03:45:00,34.16,,,,
07/06/26 03:50:00,34.16,,,,
07/06/26 03:55:00,33.93,,,,
07/06/26 04:00:00,33.85,,,,
07/06/26 04:05:00,33.69,,,,
07/06/26 04:10:00,33.77,,,,
07/06/26 04:15:00,33.77,,,,
07/06/26 04:20:00,33.54,,,,
07/06/26 04:25:00,33.54,,,,
07/06/26 04:30:00,33.54,,,,
07/06/26 04:35:00,33.46,,,,
07/06/26 04:40:00,33.46,,,,
07/06/26 04:45:00,33.69,,,,
07/06/26 04:50:00,33.77,,,,
07/06/26 04:55:00,33.77,,,,
07/06/26 05:00:00,33.85,,,,
07/06/26 05:05:00,33.93,,,,
07/06/26 05:10:00,33.93,,,,
07/06/26 05:15:00,33.93,,,,
07/06/26 05:20:00,34.16,,,,
07/06/26 05:25:00,34.31,,,,
07/06/26 05:30:00,34.39,,,,
07/06/26 05:35:00,34.23,,,,
07/06/26 05:40:00,34.31,,,,
07/06/26 05:45:00,34.31,,,,
07/06/26 05:50:00,34.31,,,,
07/06/26 05:55:00,34.31,,,,
07/06/26 06:00:00,34.62,,,,
07/06/26 06:05:00,34.77,,,,
07/06/26 06:10:00,34.85,,,,
07/06/26 06:15:00,34.77,,,,
07/06/26 06:20:00,34.77,,,,
07/06/26 06:25:00,34.93,,,,
07/06/26 06:30:00,35.08,,,,
07/06/26 06:35:00,35.08,,,,
07/06/26 06:40:00,35.01,,,,
07/06/26 06:45:00,35.16,,,,
07/06/26 06:50:00,35.24,,,,
07/06/26 06:55:00,35.32,,,,
07/06/26 07:00:00,35.39,,,,
07/06/26 07:05:00,35.39,,,,
07/06/26 07:10:00,35.32,,,,
07/06/26 07:15:00,35.55,,,,
07/06/26 07:20:00,35.70,,,,
07/06/26 07:25:00,35.86,,,,
07/06/26 07:30:00,35.93,,,,
07/06/26 07:35:00,35.93,,,,
07/06/26 07:40:00,35.78,,,,
07/06/26 07:45:00,35.78,,,,
07/06/26 07:50:00,35.86,,,,
07/06/26 07:55:00,36.01,,,,
07/06/26 08:00:00,36.16,,,,
07/06/26 08:05:00,36.09,,,,
07/06/26 08:10:00,36.16,,,,
07/06/26 08:15:00,36.24,,,,
07/06/26 08:20:00,36.24,,,,
07/06/26 08:25:00,36.32,,,,
07/06/26 08:30:00,36.47,,,,
07/06/26 08:35:00,36.55,,,,
07/06/26 08:40:00,36.16,,,,
07/06/26 08:45:00,36.16,,,,
07/06/26 08:50:00,36.32,,,,
07/06/26 08:55:00,36.47,,,,
07/06/26 09:00:00,36.63,,,,
07/06/26 09:05:00,36.78,,,,
07/06/26 09:10:00,37.09,,,,
07/06/26 09:15:00,37.17,,,,
07/06/26 09:20:00,37.86,,,,
07/06/26 09:25:00,37.71,,,,
07/06/26 09:30:00,37.86,,,,
07/06/26 09:35:00,37.40,,,,
07/06/26 09:40:00,37.25,,,,
07/06/26 09:45:00,37.17,,,,
07/06/26 09:50:00,36.86,,,,
07/06/26 09:55:00,36.86,,,,
07/06/26 10:00:00,36.94,,,,
07/06/26 10:05:00,37.01,,,,
07/06/26 10:10:00,37.01,,,,
07/06/26 10:15:00,36.63,,,,
07/06/26 10:20:00,36.55,,,,
07/06/26 10:25:00,36.47,,,,
07/06/26 10:30:00,36.32,,,,
07/06/26 10:35:00,36.40,,,,
07/06/26 10:40:00,36.24,,,,
07/06/26 10:45:00,37.09,,,,
07/06/26 10:50:00,36.78,,,,
07/06/26 10:55:00,36.40,,,,
07/06/26 11:00:00,36.24,,,,
07/06/26 11:05:00,36.32,,,,
07/06/26 11:10:00,36.40,,,,
07/06/26 11:15:00,36.71,,,,
07/06/26 11:20:00,37.32,,,,
07/06/26 11:25:00,37.63,,,,
07/06/26 11:30:00,37.63,,,,
07/06/26 11:35:00,37.79,,,,
07/06/26 11:40:00,39.18,,,,
07/06/26 11:45:00,38.79,,,,
07/06/26 11:50:00,38.33,,,,
07/06/26 11:55:00,38.25,,,,
07/06/26 12:00:00,37.94,,,,
07/06/26 12:05:00,37.48,,,,
07/06/26 12:10:00,37.09,,,,
07/06/26 12:15:00,36.63,,,,
07/06/26 12:20:00,36.71,,,,
07/06/26 12:25:00,36.71,,,,
07/06/26 12:30:00,37.01,,,,
07/06/26 12:35:00,36.86,,,,
07/06/26 12:40:00,36.78,,,,
07/06/26 12:45:00,36.78,,,,
07/06/26 12:50:00,36.47,,,,
07/06/26 12:55:00,36.63,,,,
07/06/26 13:00:00,36.71,,,,
07/06/26 13:05:00,37.09,,,,
07/06/26 13:10:00,37.55,,,,
07/06/26 13:15:00,38.10,,,,
07/06/26 13:20:00,38.71,,,,
07/06/26 13:25:00,37.94,,,,
07/06/26 13:30:00,37.63,,,,
07/06/26 13:35:00,37.48,,,,
07/06/26 13:40:00,37.09,,,,
07/06/26 13:45:00,36.86,,,,
07/06/26 13:50:00,36.86,,,,
07/06/26 13:55:00,36.78,,,,
07/06/26 14:00:00,36.86,,,,
07/06/26 14:05:00,36.78,,,,
07/06/26 14:10:00,36.78,,,,
07/06/26 14:15:00,36.71,,,,
07/06/26 14:20:00,36.63,,,,
07/06/26 14:25:00,37.17,,,,
07/06/26 14:30:00,37.48,,,,
07/06/26 14:35:00,37.09,,,,
07/06/26 14:40:00,36.78,,,,
07/06/26 14:45:00,36.63,,,,
07/06/26 14:50:00,36.55,,,,
07/06/26 14:55:00,36.40,,,,
07/06/26 15:00:00,36.40,,,,
07/06/26 15:05:00,36.55,,,,
07/06/26 15:10:00,36.55,,,,
07/06/26 15:15:00,36.55,,,,
07/06/26 15:20:00,36.63,,,,
07/06/26 15:25:00,36.78,,,,
07/06/26 15:30:00,37.09,,,,
07/06/26 15:35:00,37.09,,,,
07/06/26 15:40:00,37.17,,,,
07/06/26 15:45:00,37.25,,,,
07/06/26 15:50:00,37.32,,,,
07/06/26 15:55:00,37.63,,,,
07/06/26 16:00:00,37.63,,,,
07/06/26 16:05:00,37.71,,,,
07/06/26 16:10:00,37.94,,,,
07/06/26 16:15:00,38.25,,,,
07/06/26 16:20:00,38.25,,,,
07/06/26 16:25:00,38.33,,,,
07/06/26 16:30:00,37.94,,,,
07/06/26 16:35:00,37.55,,,,
07/06/26 16:40:00,37.48,,,,
07/06/26 16:45:00,37.55,,,,
07/06/26 16:50:00,37.86,,,,
07/06/26 16:55:00,37.79,,,,
07/06/26 17:00:00,37.32,,,,
07/06/26 17:05:00,37.09,,,,
07/06/26 17:10:00,37.55,,,,
07/06/26 17:15:00,37.63,,,,
07/06/26 17:20:00,37.79,,,,
07/06/26 17:25:00,37.94,,,,
07/06/26 17:30:00,38.02,,,,
07/06/26 17:35:00,38.10,,,,
07/06/26 17:40:00,37.94,,,,
07/06/26 17:45:00,37.40,,,,
07/06/26 17:50:00,36.71,,,,
07/06/26 17:55:00,36.32,,,,
07/06/26 18:00:00,35.93,,,,
07/06/26 18:05:00,35.86,,,,
07/06/26 18:10:00,36.01,,,,
07/06/26 18:15:00,36.16,,,,
07/06/26 18:20:00,36.09,,,,
07/06/26 18:25:00,36.09,,,,
07/06/26 18:30:00,36.86,,,,
07/06/26 18:35:00,36.86,,,,
07/06/26 18:40:00,37.32,,,,
07/06/26 18:45:00,37.01,,,,
07/06/26 18:50:00,36.78,,,,
07/06/26 18:55:00,36.24,,,,
07/06/26 19:00:00,36.01,,,,
07/06/26 19:05:00,36.01,,,,
07/06/26 19:10:00,36.24,,,,
07/06/26 19:15:00,36.16,,,,
07/06/26 19:20:00,36.40,,,,
07/06/26 19:25:00,36.32,,,,
07/06/26 19:30:00,36.24,,,,
07/06/26 19:35:00,36.24,,,,
07/06/26 19:40:00,36.47,,,,
07/06/26 19:45:00,36.32,,,,
07/06/26 19:50:00,36.09,,,,
07/06/26 19:55:00,36.01,,,,
07/06/26 20:00:00,35.86,,,,
07/06/26 20:05:00,35.78,,,,
07/06/26 20:10:00,35.93,,,,
07/06/26 20:15:00,35.93,,,,
07/06/26 20:20:00,35.78,,,,
07/06/26 20:25:00,35.55,,,,
07/06/26 20:30:00,35.62,,,,
07/06/26 20:35:00,35.62,,,,
07/06/26 20:40:00,35.24,,,,
07/06/26 20:45:00,35.32,,,,
07/06/26 20:50:00,35.16,,,,
07/06/26 20:55:00,35.08,,,,
07/06/26 21:00:00,35.16,,,,
07/06/26 21:05:00,35.08,,,,
07/06/26 21:10:00,34.93,,,,
07/06/26 21:15:00,35.16,,,,
07/06/26 21:20:00,35.55,,,,
07/06/26 21:25:00,35.70,,,,
07/06/26 21:30:00,35.86,,,,
07/06/26 21:35:00,36.16,,,,
07/06/26 21:40:00,36.09,,,,
07/06/26 21:45:00,35.86,,,,
07/06/26 21:50:00,35.16,,,,
07/06/26 21:55:00,35.08,,,,
07/06/26 22:00:00,35.16,,,,
07/06/26 22:05:00,35.16,,,,
07/06/26 22:10:00,34.93,,,,
07/06/26 22:15:00,35.39,,,,
07/06/26 22:20:00,35.55,,,,
07/06/26 22:25:00,35.93,,,,
07/06/26 22:30:00,36.09,,,,
07/06/26 22:35:00,36.24,,,,
07/06/26 22:40:00,36.01,,,,
07/06/26 22:45:00,36.01,,,,
07/06/26 22:50:00,36.16,,,,
07/06/26 22:55:00,35.78,,,,
07/06/26 23:00:00,35.62,,,,
07/06/26 23:05:00,35.78,,,,
07/06/26 23:10:00,35.78,,,,
07/06/26 23:15:00,35.78,,,,
07/06/26 23:20:00,35.86,,,,
07/06/26 23:25:00,35.70,,,,
07/06/26 23:30:00,36.01,,,,
07/06/26 23:35:00,35.78,,,,
07/06/26 23:40:00,35.55,,,,
07/06/26 23:45:00,35.78,,,,
07/06/26 23:50:00,35.62,,,,
07/06/26 23:55:00,35.93,,,,
07/07/26 00:00:00,35.78,,,,
07/07/26 00:05:00,35.24,,,,
07/07/26 00:10:00,35.01,,,,
07/07/26 00:15:00,35.08,,,,
07/07/26 00:20:00,34.85,,,,
07/07/26 00:25:00,34.77,,,,
07/07/26 00:30:00,34.85,,,,
07/07/26 00:35:00,34.93,,,,
07/07/26 00:40:00,34.70,,,,
07/07/26 00:45:00,34.70,,,,
07/07/26 00:50:00,34.70,,,,
07/07/26 00:55:00,34.77,,,,
07/07/26 01:00:00,34.93,,,,
07/07/26 01:05:00,34.77,,,,
07/07/26 01:10:00,34.85,,,,
07/07/26 01:15:00,34.62,,,,
07/07/26 01:20:00,34.77,,,,
07/07/26 01:25:00,34.62,,,,
07/07/26 01:30:00,34.62,,,,
07/07/26 01:35:00,34.70,,,,
07/07/26 01:40:00,34.70,,,,
07/07/26 01:45:00,34.70,,,,
07/07/26 01:50:00,34.70,,,,
07/07/26 01:55:00,34.77,,,,
07/07/26 02:00:00,34.70,,,,
07/07/26 02:05:00,34.93,,,,
07/07/26 02:10:00,34.85,,,,
07/07/26 02:15:00,35.01,,,,
07/07/26 02:20:00,35.16,,,,
07/07/26 02:25:00,35.24,,,,
07/07/26 02:30:00,35.16,,,,
07/07/26 02:35:00,35.47,,,,
07/07/26 02:40:00,35.78,,,,
07/07/26 02:45:00,35.55,,,,
07/07/26 02:50:00,35.62,,,,
07/07/26 02:55:00,35.78,,,,
07/07/26 03:00:00,36.09,,,,
07/07/26 03:05:00,36.24,,,,
07/07/26 03:10:00,35.70,,,,
07/07/26 03:15:00,35.47,,,,
07/07/26 03:20:00,35.39,,,,
07/07/26 03:25:00,35.55,,,,
07/07/26 03:30:00,35.55,,,,
07/07/26 03:35:00,35.01,,,,
07/07/26 03:40:00,35.70,,,,
07/07/26 03:45:00,35.70,,,,
07/07/26 03:50:00,35.24,,,,
07/07/26 03:55:00,34.70,,,,
07/07/26 04:00:00,34.85,,,,
07/07/26 04:05:00,34.70,,,,
07/07/26 04:10:00,34.47,,,,
07/07/26 04:15:00,34.23,,,,
07/07/26 04:20:00,34.47,,,,
07/07/26 04:25:00,34.77,,,,
07/07/26 04:30:00,34.77,,,,
07/07/26 04:35:00,34.16,,,,
07/07/26 04:40:00,33.69,,,,
07/07/26 04:45:00,33.54,,,,
07/07/26 04:50:00,33.15,,,,
07/07/26 04:55:00,32.61,,,,
07/07/26 05:00:00,32.38,,,,
07/07/26 05:05:00,32.23,,,,
07/07/26 05:10:00,32.23,,,,
07/07/26 05:15:00,32.30,,,,
07/07/26 05:20:00,32.38,,,,
07/07/26 05:25:00,32.38,,,,
07/07/26 05:30:00,32.54,,,,
07/07/26 05:35:00,32.77,,,,
07/07/26 05:40:00,32.84,,,,
07/07/26 05:45:00,32.84,,,,
07/07/26 05:50:00,32.69,,,,
07/07/26 05:55:00,32.69,,,,
07/07/26 06:00:00,32.61,,,,
07/07/26 06:05:00,32.77,,,,
07/07/26 06:10:00,32.92,,,,
07/07/26 06:15:00,33.23,,,,
07/07/26 06:20:00,33.54,,,,
07/07/26 06:25:00,33.93,,,,
07/07/26 06:30:00,33.69,,,,
07/07/26 06:35:00,33.31,,,,
07/07/26 06:40:00,33.15,,,,
07/07/26 06:45:00,33.08,,,,
07/07/26 06:50:00,32.84,,,,
07/07/26 06:55:00,32.92,,,,
07/07/26 07:00:00,33.08,,,,
07/07/26 07:05:00,33.38,,,,
07/07/26 07:10:00,33.46,,,,
07/07/26 07:15:00,33.69,,,,
07/07/26 07:20:00,33.93,,,,
07/07/26 07:25:00,34.16,,,,
07/07/26 07:30:00,34.23,,,,
07/07/26 07:35:00,34.16,,,,
07/07/26 07:40:00,34.16,,,,
07/07/26 07:45:00,34.31,,,,
07/07/26 07:50:00,34.39,,,,
07/07/26 07:55:00,34.62,,,,
07/07/26 08:00:00,35.16,,,,
07/07/26 08:05:00,35.78,,,,
07/07/26 08:10:00,36.16,,,,
07/07/26 08:15:00,36.71,,,,
07/07/26 08:20:00,36.94,,,,
07/07/26 08:25:00,37.32,,,,
07/07/26 08:30:00,37.17,,,,
07/07/26 08:35:00,37.40,,,,
07/07/26 08:40:00,37.71,,,,
07/07/26 08:45:00,38.25,,,,
07/07/26 08:50:00,38.48,,,,
07/07/26 08:55:00,38.79,,,,
07/07/26 09:00:00,38.87,,,,
07/07/26 09:05:00,38.64,,,,
07/07/26 09:10:00,38.94,,,,
07/07/26 09:15:00,38.48,,,,
07/07/26 09:20:00,38.48,,,,
07/07/26 09:25:00,37.94,,,,
07/07/26 09:30:00,38.56,,,,
07/07/26 09:35:00,38.94,,,,
07/07/26 09:40:00,37.86,,,,
07/07/26 09:45:00,37.25,,,,
07/07/26 09:50:00,37.55,,,,
07/07/26 09:55:00,37.94,,,,
07/07/26 10:00:00,38.17,,,,
07/07/26 10:05:00,38.48,,,,
07/07/26 10:10:00,38.33,,,,
07/07/26 10:15:00,38.79,,,,
07/07/26 10:20:00,39.18,,,,
07/07/26 10:25:00,39.33,,,,
07/07/26 10:30:00,39.72,,,,
07/07/26 10:35:00,39.79,,,,
07/07/26 10:40:00,40.03,,,,
07/07/26 10:45:00,40.03,,,,
07/07/26 10:50:00,40.72,,,,
07/07/26 10:55:00,40.57,,,,
07/07/26 11:00:00,40.33,,,,
07/07/26 11:05:00,40.33,,,,
07/07/26 11:10:00,40.41,,,,
07/07/26 11:15:00,40.41,,,,
07/07/26 11:20:00,40.18,,,,
07/07/26 11:25:00,40.10,,,,
07/07/26 11:30:00,39.56,,,,
07/07/26 11:35:00,40.72,,,,
07/07/26 11:40:00,41.88,,,,
07/07/26 11:45:00,41.57,,,,
07/07/26 11:50:00,41.11,,,,
07/07/26 11:55:00,41.34,,,,
07/07/26 12:00:00,41.42,,,,
07/07/26 12:05:00,41.42,,,,
07/07/26 12:10:00,40.95,,,,
07/07/26 12:15:00,40.72,,,,
07/07/26 12:20:00,40.64,,,,
07/07/26 12:25:00,40.80,,,,
07/07/26 12:30:00,41.26,,,,
07/07/26 12:35:00,40.26,,,,
07/07/26 12:40:00,40.57,,,,
07/07/26 12:45:00,41.49,,,,
07/07/26 12:50:00,42.96,,,,
07/07/26 12:55:00,42.57,,,,
07/07/26 13:00:00,41.57,,,,
07/07/26 13:05:00,41.42,,,,
07/07/26 13:10:00,41.34,,,,
07/07/26 13:15:00,41.11,,,,
07/07/26 13:20:00,39.41,,,,
07/07/26 13:25:00,38.64,,,,
07/07/26 13:30:00,38.40,,,,
07/07/26 13:35:00,38.33,,,,
07/07/26 13:40:00,38.25,,,,
07/07/26 13:45:00,37.63,,,,
07/07/26 13:50:00,36.94,,,,
07/07/26 13:55:00,36.86,,,,
07/07/26 14:00:00,36.47,,,,
07/07/26 14:05:00,35.70,,,,
07/07/26 14:10:00,34.70,,,,
07/07/26 14:15:00,33.38,,,,
07/07/26 14:20:00,32.84,,,,
07/07/26 14:25:00,32.69,,,,
07/07/26 14:30:00,32.92,,,,
07/07/26 14:35:00,34.70,,,,
07/07/26 14:40:00,37.86,,,,
07/07/26 14:45:00,38.87,,,,
07/07/26 14:50:00,39.41,,,,
07/07/26 14:55:00,40.10,,,,
07/07/26 15:00:00,39.95,,,,
07/07/26 15:05:00,39.95,,,,
07/07/26 15:10:00,39.95,,,,
07/07/26 15:15:00,39.41,,,,
07/07/26 15:20:00,39.18,,,,
07/07/26 15:25:00,39.18,,,,
07/07/26 15:30:00,39.33,,,,
07/07/26 15:35:00,39.41,,,,
07/07/26 15:40:00,39.64,,,,
07/07/26 15:45:00,39.33,,,,
07/07/26 15:50:00,39.25,,,,
07/07/26 15:55:00,38.94,,,,
07/07/26 16:00:00,38.94,,,,
07/07/26 16:05:00,38.48,,,,
07/07/26 16:10:00,37.79,,,,
07/07/26 16:15:00,38.25,,,,
07/07/26 16:20:00,37.86,,,,
07/07/26 16:25:00,37.94,,,,
07/07/26 16:30:00,38.25,,,,
07/07/26 16:35:00,38.33,,,,
07/07/26 16:40:00,37.86,,,,
07/07/26 16:45:00,37.32,,,,
07/07/26 16:50:00,36.78,,,,
07/07/26 16:55:00,36.78,,,,
07/07/26 17:00:00,37.17,,,,
07/07/26 17:05:00,37.01,,,,
07/07/26 17:10:00,36.55,,,,
07/07/26 17:15:00,36.32,,,,
07/07/26 17:20:00,36.24,,,,
07/07/26 17:25:00,37.09,,,,
07/07/26 17:30:00,36.94,,,,
07/07/26 17:35:00,36.94,,,,
07/07/26 17:40:00,36.63,,,,
07/07/26 17:45:00,36.32,,,,
07/07/26 17:50:00,35.93,,,,
07/07/26 17:55:00,35.70,,,,
07/07/26 18:00:00,35.70,,,,
07/07/26 18:05:00,35.86,,,,
07/07/26 18:10:00,35.62,,,,
07/07/26 18:15:00,35.70,,,,
07/07/26 18:20:00,35.78,,,,
07/07/26 18:25:00,35.70,,,,
07/07/26 18:30:00,35.47,,,,
07/07/26 18:35:00,35.47,,,,
07/07/26 18:40:00,35.32,,,,
07/07/26 18:45:00,35.24,,,,
07/07/26 18:50:00,35.32,,,,
07/07/26 18:55:00,35.16,,,,
07/07/26 19:00:00,35.24,,,,
07/07/26 19:05:00,35.08,,,,
07/07/26 19:10:00,34.93,,,,
07/07/26 19:15:00,34.77,,,,
07/07/26 19:20:00,34.54,,,,
07/07/26 19:25:00,34.47,,,,
07/07/26 19:30:00,35.08,,,,
07/07/26 19:35:00,35.32,,,,
07/07/26 19:40:00,34.93,,,,
07/07/26 19:45:00,34.70,,,,
07/07/26 19:50:00,34.31,,,,
07/07/26 19:55:00,34.39,,,,
07/07/26 20:00:00,34.70,,,,
07/07/26 20:05:00,34.62,,,,
07/07/26 20:10:00,34.54,,,,
07/07/26 20:15:00,34.39,,,,
07/07/26 20:20:00,34.31,,,,
07/07/26 20:25:00,34.16,,,,
07/07/26 20:30:00,34.23,,,,
07/07/26 20:35:00,34.39,,,,
07/07/26 20:40:00,34.31,,,,
07/07/26 20:45:00,33.93,,,,
07/07/26 20:50:00,33.62,,,,
07/07/26 20:55:00,33.77,,,,
07/07/26 21:00:00,33.62,,,,
07/07/26 21:05:00,33.54,,,,
07/07/26 21:10:00,33.62,,,,
07/07/26 21:15:00,33.54,,,,
07/07/26 21:20:00,33.77,,,,
07/07/26 21:25:00,33.69,,,,
07/07/26 21:30:00,33.38,,,,
07/07/26 21:35:00,33.38,,,,
07/07/26 21:40:00,33.69,,,,
07/07/26 21:45:00,33.38,,,,
07/07/26 21:50:00,33.46,,,,
07/07/26 21:55:00,33.38,,,,
07/07/26 22:00:00,33.31,,,,
07/07/26 22:05:00,33.23,,,,
07/07/26 22:10:00,33.00,,,,
07/07/26 22:15:00,32.84,,,,
07/07/26 22:20:00,32.61,,,,
07/07/26 22:25:00,32.38,,,,
07/07/26 22:30:00,31.92,,,,
07/07/26 22:35:00,31.38,,,,
07/07/26 22:40:00,31.15,,,,
07/07/26 22:45:00,30.53,,,,
07/07/26 22:50:00,30.22,,,,
07/07/26 22:55:00,30.22,,,,
07/07/26 23:00:00,30.37,,,,
07/07/26 23:05:00,30.37,,,,
07/07/26 23:10:00,30.45,,,,
07/07/26 23:15:00,30.45,,,,
07/07/26 23:20:00,30.53,,,,
07/07/26 23:25:00,30.76,,,,
07/07/26 23:30:00,30.84,,,,
07/07/26 23:35:00,30.84,,,,
07/07/26 23:40:00,30.91,,,,
07/07/26 23:45:00,30.91,,,,
07/07/26 23:50:00,30.91,,,,
07/07/26 23:55:00,30.99,,,,
07/08/26 00:00:00,30.91,,,,
07/08/26 00:05:00,31.07,,,,
07/08/26 00:10:00,31.07,,,,
07/08/26 00:15:00,31.07,,,,
07/08/26 00:20:00,31.38,,,,
07/08/26 00:25:00,31.53,,,,
07/08/26 00:30:00,31.38,,,,
07/08/26 00:35:00,31.76,,,,
07/08/26 00:40:00,32.23,,,,
07/08/26 00:45:00,32.23,,,,
07/08/26 00:50:00,32.30,,,,
07/08/26 00:55:00,32.15,,,,
07/08/26 01:00:00,31.61,,,,
07/08/26 01:05:00,31.22,,,,
07/08/26 01:10:00,30.99,,,,
07/08/26 01:15:00,30.68,,,,
07/08/26 01:20:00,30.45,,,,
07/08/26 01:25:00,30.30,,,,
07/08/26 01:30:00,30.99,,,,
07/08/26 01:35:00,30.37,,,,
07/08/26 01:40:00,30.30,,,,
07/08/26 01:45:00,30.30,,,,
07/08/26 01:50:00,30.45,,,,
07/08/26 01:55:00,30.30,,,,
07/08/26 02:00:00,30.45,,,,
07/08/26 02:05:00,30.53,,,,
07/08/26 02:10:00,30.76,,,,
07/08/26 02:15:00,30.91,,,,
07/08/26 02:20:00,31.30,,,,
07/08/26 02:25:00,31.69,,,,
07/08/26 02:30:00,32.00,,,,
07/08/26 02:35:00,32.07,,,,
07/08/26 02:40:00,31.45,,,,
07/08/26 02:45:00,30.76,,,,
07/08/26 02:50:00,30.68,,,,
07/08/26 02:55:00,30.37,,,,
07/08/26 03:00:00,30.53,,,,
07/08/26 03:05:00,30.61,,,,
07/08/26 03:10:00,30.30,,,,
07/08/26 03:15:00,30.61,,,,
07/08/26 03:20:00,30.68,,,,
07/08/26 03:25:00,30.84,,,,
07/08/26 03:30:00,31.15,,,,
07/08/26 03:35:00,31.30,,,,
07/08/26 03:40:00,31.38,,,,
07/08/26 03:45:00,31.45,,,,
07/08/26 03:50:00,31.61,,,,
07/08/26 03:55:00,31.53,,,,
07/08/26 04:00:00,31.53,,,,
07/08/26 04:05:00,31.53,,,,
07/08/26 04:10:00,31.45,,,,
07/08/26 04:15:00,31.45,,,,
07/08/26 04:20:00,31.22,,,,
07/08/26 04:25:00,31.07,,,,
07/08/26 04:30:00,30.91,,,,
07/08/26 04:35:00,30.76,,,,
07/08/26 04:40:00,30.99,,,,
07/08/26 04:45:00,31.15,,,,
07/08/26 04:50:00,31.22,,,,
07/08/26 04:55:00,30.76,,,,
07/08/26 05:00:00,30.61,,,,
07/08/26 05:05:00,30.76,,,,
07/08/26 05:10:00,30.76,,,,
07/08/26 05:15:00,30.91,,,,
07/08/26 05:20:00,30.91,,,,
07/08/26 05:25:00,30.76,,,,
07/08/26 05:30:00,31.07,,,,
07/08/26 05:35:00,31.07,,,,
07/08/26 05:40:00,30.91,,,,
07/08/26 05:45:00,30.91,,,,
07/08/26 05:50:00,30.91,,,,
07/08/26 05:55:00,31.15,,,,
07/08/26 06:00:00,31.22,,,,
07/08/26 06:05:00,31.45,,,,
07/08/26 06:10:00,31.61,,,,
07/08/26 06:15:00,31.76,,,,
07/08/26 06:20:00,31.84,,,,
07/08/26 06:25:00,32.07,,,,
07/08/26 06:30:00,32.23,,,,
07/08/26 06:35:00,32.00,,,,
07/08/26 06:40:00,32.15,,,,
07/08/26 06:45:00,32.15,,,,
07/08/26 06:50:00,32.07,,,,
07/08/26 06:55:00,32.07,,,,
07/08/26 07:00:00,32.07,,,,
07/08/26 07:05:00,32.23,,,,
07/08/26 07:10:00,32.46,,,,
07/08/26 07:15:00,32.30,,,,
07/08/26 07:20:00,32.15,,,,
07/08/26 07:25:00,31.92,,,,
07/08/26 07:30:00,31.69,,,,
07/08/26 07:35:00,31.69,,,,
07/08/26 07:40:00,31.61,,,,
07/08/26 07:45:00,31.61,,,,
07/08/26 07:50:00,31.61,,,,
07/08/26 07:55:00,31.69,,,,
07/08/26 08:00:00,31.53,,,,
07/08/26 08:05:00,31.38,,,,
07/08/26 08:10:00,31.45,,,,
07/08/26 08:15:00,31.22,,,,
07/08/26 08:20:00,31.38,,,,
07/08/26 08:25:00,31.30,,,,
07/08/26 08:30:00,31.30,,,,
07/08/26 08:35:00,31.15,,,,
07/08/26 08:40:00,31.38,,,,
07/08/26 08:45:00,31.61,,,,
07/08/26 08:50:00,31.53,,,,
07/08/26 08:55:00,31.22,,,,
07/08/26 09:00:00,31.07,,,,
07/08/26 09:05:00,31.15,,,,
07/08/26 09:10:00,31.22,,,,
07/08/26 09:15:00,31.45,,,,
07/08/26 09:20:00,31.53,,,,
07/08/26 09:25:00,31.30,,,,
07/08/26 09:30:00,31.30,,,,
07/08/26 09:35:00,31.30,,,,
07/08/26 09:40:00,31.22,,,,
07/08/26 09:45:00,31.38,,,,
07/08/26 09:50:00,31.53,,,,
07/08/26 09:55:00,31.84,,,,
07/08/26 10:00:00,31.84,,,,
07/08/26 10:05:00,31.84,,,,
07/08/26 10:10:00,31.76,,,,
07/08/26 10:15:00,31.76,,,,
07/08/26 10:20:00,31.76,,,,
07/08/26 10:25:00,31.76,,,,
07/08/26 10:30:00,31.69,,,,
07/08/26 10:35:00,31.53,,,,
07/08/26 10:40:00,31.76,,,,
07/08/26 10:45:00,31.84,,,,
07/08/26 10:50:00,32.30,,,,
07/08/26 10:55:00,32.38,,,,
07/08/26 11:00:00,32.30,,,,
07/08/26 11:05:00,32.23,,,,
07/08/26 11:10:00,32.23,,,,
07/08/26 11:15:00,32.46,,,,
07/08/26 11:20:00,32.84,,,,
07/08/26 11:25:00,32.77,,,,
07/08/26 11:30:00,32.84,,,,
07/08/26 11:35:00,33.00,,,,
07/08/26 11:40:00,32.92,,,,
07/08/26 11:45:00,32.92,,,,
07/08/26 11:50:00,33.00,,,,
07/08/26 11:55:00,32.92,,,,
07/08/26 12:00:00,33.00,,,,
07/08/26 12:05:00,33.00,,,,
07/08/26 12:10:00,32.92,,,,
07/08/26 12:15:00,33.31,,,,
07/08/26 12:20:00,33.23,,,,
07/08/26 12:25:00,33.08,,,,
07/08/26 12:30:00,32.92,,,,
07/08/26 12:35:00,32.84,,,,
07/08/26 12:40:00,32.84,,,,
07/08/26 12:45:00,32.77,,,,
07/08/26 12:50:00,32.69,,,,
07/08/26 12:55:00,32.54,,,,
07/08/26 13:00:00,32.77,,,,
07/08/26 13:05:00,33.23,,,,
07/08/26 13:10:00,33.62,,,,
07/08/26 13:15:00,33.54,,,,
07/08/26 13:20:00,33.54,,,,
07/08/26 13:25:00,34.16,,,,
07/08/26 13:30:00,33.85,,,,
07/08/26 13:35:00,33.93,,,,
07/08/26 13:40:00,34.31,,,,
07/08/26 13:45:00,34.16,,,,
07/08/26 13:50:00,33.93,,,,
07/08/26 13:55:00,33.62,,,,
07/08/26 14:00:00,34.54,,,,
07/08/26 14:05:00,34.70,,,,
07/08/26 14:10:00,35.08,,,,
07/08/26 14:15:00,35.24,,,,
07/08/26 14:20:00,35.55,,,,
07/08/26 14:25:00,35.70,,,,
07/08/26 14:30:00,35.39,,,,
07/08/26 14:35:00,35.39,,,,
07/08/26 14:40:00,35.62,,,,
07/08/26 14:45:00,35.24,,,,
07/08/26 14:50:00,34.77,,,,
07/08/26 14:55:00,34.31,,,,
07/08/26 15:00:00,33.23,,,,
07/08/26 15:05:00,32.77,,,,
07/08/26 15:10:00,32.61,,,,
07/08/26 15:15:00,32.84,,,,
07/08/26 15:20:00,33.08,,,,
07/08/26 15:25:00,33.23,,,,
07/08/26 15:30:00,33.69,,,,
07/08/26 15:35:00,34.16,,,,
07/08/26 15:40:00,34.16,,,,
07/08/26 15:45:00,34.23,,,,
07/08/26 15:50:00,34.39,,,,
07/08/26 15:55:00,34.39,,,,
07/08/26 16:00:00,34.54,,,,
07/08/26 16:05:00,34.77,,,,
07/08/26 16:10:00,34.85,,,,
07/08/26 16:15:00,34.70,,,,
07/08/26 16:20:00,34.39,,,,
07/08/26 16:25:00,34.54,,,,
07/08/26 16:30:00,34.77,,,,
07/08/26 16:35:00,34.70,,,,
07/08/26 16:40:00,34.70,,,,
07/08/26 16:45:00,34.93,,,,
07/08/26 16:50:00,34.93,,,,
07/08/26 16:55:00,34.85,,,,
07/08/26 17:00:00,35.08,,,,
07/08/26 17:05:00,34.70,,,,
07/08/26 17:10:00,34.54,,,,
07/08/26 17:15:00,34.39,,,,
07/08/26 17:20:00,34.54,,,,
07/08/26 17:25:00,34.70,,,,
07/08/26 17:30:00,34.77,,,,
07/08/26 17:35:00,34.70,,,,
07/08/26 17:40:00,34.54,,,,
07/08/26 17:45:00,34.39,,,,
07/08/26 17:50:00,34.31,,,,
07/08/26 17:55:00,34.23,,,,
07/08/26 18:00:00,33.93,,,,
07/08/26 18:05:00,33.62,,,,
07/08/26 18:10:00,33.54,,,,
07/08/26 18:15:00,33.46,,,,
07/08/26 18:20:00,33.31,,,,
07/08/26 18:25:00,33.54,,,,
07/08/26 18:30:00,33.62,,,,
07/08/26 18:35:00,33.77,,,,
07/08/26 18:40:00,33.54,,,,
07/08/26 18:45:00,33.46,,,,
07/08/26 18:50:00,33.31,,,,
07/08/26 18:55:00,33.15,,,,
07/08/26 19:00:00,32.77,,,,
07/08/26 19:05:00,32.46,,,,
07/08/26 19:10:00,32.23,,,,
07/08/26 19:15:00,32.07,,,,
07/08/26 19:20:00,31.76,,,,
07/08/26 19:25:00,31.76,,,,
07/08/26 19:30:00,31.76,,,,
07/08/26 19:35:00,32.00,,,,
07/08/26 19:40:00,32.00,,,,
07/08/26 19:45:00,32.15,,,,
07/08/26 19:50:00,32.15,,,,
07/08/26 19:55:00,32.23,,,,
07/08/26 20:00:00,32.00,,,,
07/08/26 20:05:00,31.45,,,,
07/08/26 20:10:00,31.07,,,,
07/08/26 20:15:00,31.07,,,,
07/08/26 20:20:00,30.99,,,,
07/08/26 20:25:00,31.07,,,,
07/08/26 20:30:00,30.91,,,,
07/08/26 20:35:00,30.99,,,,
07/08/26 20:40:00,30.61,,,,
07/08/26 20:45:00,30.37,,,,
07/08/26 20:50:00,30.76,,,,
07/08/26 20:55:00,30.61,,,,
07/08/26 21:00:00,30.45,,,,
07/08/26 21:05:00,30.22,,,,
07/08/26 21:10:00,30.06,,,,
07/08/26 21:15:00,30.14,,,,
07/08/26 21:20:00,30.06,,,,
07/08/26 21:25:00,30.30,,,,
07/08/26 21:30:00,30.22,,,,
07/08/26 21:35:00,30.30,,,,
07/08/26 21:40:00,30.37,,,,
07/08/26 21:45:00,30.37,,,,
07/08/26 21:50:00,30.14,,,,
07/08/26 21:55:00,30.14,,,,
07/08/26 22:00:00,30.14,,,,
07/08/26 22:05:00,29.99,,,,
07/08/26 22:10:00,29.83,,,,
07/08/26 22:15:00,29.52,,,,
07/08/26 22:20:00,29.37,,,,
07/08/26 22:25:00,29.68,,,,
07/08/26 22:30:00,29.68,,,,
07/08/26 22:35:00,29.68,,,,
07/08/26 22:40:00,29.68,,,,
07/08/26 22:45:00,29.91,,,,
07/08/26 22:50:00,30.14,,,,
07/08/26 22:55:00,30.22,,,,
07/08/26 23:00:00,30.30,,,,
07/08/26 23:05:00,29.91,,,,
07/08/26 23:10:00,29.45,,,,
07/08/26 23:15:00,29.22,,,,
07/08/26 23:20:00,28.98,,,,
07/08/26 23:25:00,28.91,,,,
07/08/26 23:30:00,28.75,,,,
07/08/26 23:35:00,28.75,,,,
07/08/26 23:40:00,28.44,,,,
07/08/26 23:45:00,28.29,,,,
07/08/26 23:50:00,27.83,,,,
07/08/26 23:55:00,27.75,,,,
07/09/26 00:00:00,27.67,,,,
07/09/26 00:05:00,28.44,,,,
07/09/26 00:10:00,29.14,,,,
07/09/26 00:15:00,29.14,,,,
07/09/26 00:20:00,28.91,,,,
07/09/26 00:25:00,28.91,,,,
07/09/26 00:30:00,28.98,,,,
07/09/26 00:35:00,28.83,,,,
07/09/26 00:40:00,28.98,,,,
07/09/26 00:45:00,28.98,,,,
07/09/26 00:50:00,28.44,,,,
07/09/26 00:55:00,28.13,,,,
07/09/26 01:00:00,28.13,,,,
07/09/26 01:05:00,27.52,,,,
07/09/26 01:10:00,26.98,,,,
07/09/26 01:15:00,27.28,,,,
07/09/26 01:20:00,27.13,,,,
07/09/26 01:25:00,27.52,,,,
07/09/26 01:30:00,28.06,,,,
07/09/26 01:35:00,28.13,,,,
07/09/26 01:40:00,27.75,,,,
07/09/26 01:45:00,26.98,,,,
07/09/26 01:50:00,27.28,,,,
07/09/26 01:55:00,27.21,,,,
07/09/26 02:00:00,27.21,,,,
07/09/26 02:05:00,26.74,,,,
07/09/26 02:10:00,26.51,,,,
07/09/26 02:15:00,26.36,,,,
07/09/26 02:20:00,25.89,,,,
07/09/26 02:25:00,25.59,,,,
07/09/26 02:30:00,25.51,,,,
07/09/26 02:35:00,25.51,,,,
07/09/26 02:40:00,25.28,,,,
07/09/26 02:45:00,25.28,,,,
07/09/26 02:50:00,24.81,,,,
07/09/26 02:55:00,24.04,,,,
07/09/26 03:00:00,24.27,,,,
07/09/26 03:05:00,24.89,,,,
07/09/26 03:10:00,23.96,,,,
07/09/26 03:15:00,23.19,,,,
07/09/26 03:20:00,22.73,,,,
07/09/26 03:25:00,23.35,,,,
07/09/26 03:30:00,23.35,,,,
07/09/26 03:35:00,23.35,,,,
07/09/26 03:40:00,23.50,,,,
07/09/26 03:45:00,23.50,,,,
07/09/26 03:50:00,23.50,,,,
07/09/26 03:55:00,23.27,,,,
07/09/26 04:00:00,23.04,,,,
07/09/26 04:05:00,22.65,,,,
07/09/26 04:10:00,22.11,,,,
07/09/26 04:15:00,22.42,,,,
07/09/26 04:20:00,22.88,,,,
07/09/26 04:25:00,22.50,,,,
07/09/26 04:30:00,22.50,,,,
07/09/26 04:35:00,22.27,,,,
07/09/26 04:40:00,22.57,,,,
07/09/26 04:45:00,23.27,,,,
07/09/26 04:50:00,22.88,,,,
07/09/26 04:55:00,22.81,,,,
07/09/26 05:00:00,22.42,,,,
07/09/26 05:05:00,22.03,,,,
07/09/26 05:10:00,21.57,,,,
07/09/26 05:15:00,21.88,,,,
07/09/26 05:20:00,22.03,,,,
07/09/26 05:25:00,22.50,,,,
07/09/26 05:30:00,22.42,,,,
07/09/26 05:35:00,22.34,,,,
07/09/26 05:40:00,22.57,,,,
07/09/26 05:45:00,22.81,,,,
07/09/26 05:50:00,23.11,,,,
07/09/26 05:55:00,23.19,,,,
07/09/26 06:00:00,23.89,,,,
07/09/26 06:05:00,23.96,,,,
07/09/26 06:10:00,23.81,,,,
07/09/26 06:15:00,23.73,,,,
07/09/26 06:20:00,23.81,,,,
07/09/26 06:25:00,24.20,,,,
07/09/26 06:30:00,24.43,,,,
07/09/26 06:35:00,24.89,,,,
07/09/26 06:40:00,25.74,,,,
07/09/26 06:45:00,26.74,,,,
07/09/26 06:50:00,28.13,,,,
07/09/26 06:55:00,28.52,,,,
07/09/26 07:00:00,28.13,,,,
07/09/26 07:05:00,28.52,,,,
07/09/26 07:10:00,29.76,,,,
07/09/26 07:15:00,28.60,,,,
07/09/26 07:20:00,28.60,,,,
07/09/26 07:25:00,28.21,,,,
07/09/26 07:30:00,29.06,,,,
07/09/26 07:35:00,30.22,,,,
07/09/26 07:40:00,31.30,,,,
07/09/26 07:45:00,32.38,,,,
07/09/26 07:50:00,32.77,,,,
07/09/26 07:55:00,33.38,,,,
07/09/26 08:00:00,34.00,,,,
07/09/26 08:05:00,34.77,,,,
07/09/26 08:10:00,35.39,,,,
07/09/26 08:15:00,35.47,,,,
07/09/26 08:20:00,34.77,,,,
07/09/26 08:25:00,34.62,,,,
07/09/26 08:30:00,34.31,,,,
07/09/26 08:35:00,34.00,,,,
07/09/26 08:40:00,34.31,,,,
07/09/26 08:45:00,34.47,,,,
07/09/26 08:50:00,35.08,,,,
07/09/26 08:55:00,35.86,,,,
07/09/26 09:00:00,37.09,,,,
07/09/26 09:05:00,37.79,,,,
07/09/26 09:10:00,38.40,,,,
07/09/26 09:15:00,38.87,,,,
07/09/26 09:20:00,39.33,,,,
07/09/26 09:25:00,40.03,,,,
07/09/26 09:30:00,40.49,,,,
07/09/26 09:35:00,39.87,,,,
07/09/26 09:40:00,39.79,,,,
07/09/26 09:45:00,39.72,,,,
07/09/26 09:50:00,39.87,,,,
07/09/26 09:55:00,40.72,,,,
07/09/26 10:00:00,41.42,,,,
07/09/26 10:05:00,43.04,,,,
07/09/26 10:10:00,44.35,,,,
07/09/26 10:15:00,46.82,,,,
07/09/26 10:20:00,47.67,,,,
07/09/26 10:25:00,47.13,,,,
07/09/26 10:30:00,45.59,,,,
07/09/26 10:35:00,44.43,,,,
07/09/26 10:40:00,43.73,,,,
07/09/26 10:45:00,42.96,,,,
07/09/26 10:50:00,41.96,,,,
07/09/26 10:55:00,41.72,,,,
07/09/26 11:00:00,42.19,,,,
07/09/26 11:05:00,42.42,,,,
07/09/26 11:10:00,41.96,,,,
07/09/26 11:15:00,41.57,,,,
07/09/26 11:20:00,41.42,,,,
07/09/26 11:25:00,41.80,,,,
07/09/26 11:30:00,40.88,,,,
07/09/26 11:35:00,40.18,,,,
07/09/26 11:40:00,40.10,,,,
07/09/26 11:45:00,40.33,,,,
07/09/26 11:50:00,40.41,,,,
07/09/26 11:55:00,40.26,,,,
07/09/26 12:00:00,40.41,,,,
07/09/26 12:05:00,40.41,,,,
07/09/26 12:10:00,40.41,,,,
07/09/26 12:15:00,40.41,,,,
07/09/26 12:20:00,40.49,,,,
07/09/26 12:25:00,40.64,,,,
07/09/26 12:30:00,41.11,,,,
07/09/26 12:35:00,41.88,,,,
07/09/26 12:40:00,42.11,,,,
07/09/26 12:45:00,41.65,,,,
07/09/26 12:50:00,41.49,,,,
07/09/26 12:55:00,41.65,,,,
07/09/26 13:00:00,41.65,,,,
07/09/26 13:05:00,41.65,,,,
07/09/26 13:10:00,41.18,,,,
07/09/26 13:15:00,41.18,,,,
07/09/26 13:20:00,41.03,,,,
07/09/26 13:25:00,40.64,,,,
07/09/26 13:30:00,40.49,,,,
07/09/26 13:35:00,40.49,,,,
07/09/26 13:40:00,40.41,,,,
07/09/26 13:45:00,40.33,,,,
07/09/26 13:50:00,40.49,,,,
07/09/26 13:55:00,40.80,,,,
07/09/26 14:00:00,40.88,,,,
07/09/26 14:05:00,40.88,,,,
07/09/26 14:10:00,40.88,,,,
07/09/26 14:15:00,40.33,,,,
07/09/26 14:20:00,40.03,,,,
07/09/26 14:25:00,39.95,,,,
07/09/26 14:30:00,39.87,,,,
07/09/26 14:35:00,40.18,,,,
07/09/26 14:40:00,40.10,,,,
07/09/26 14:45:00,40.03,,,,
07/09/26 14:50:00,39.87,,,,
07/09/26 14:55:00,39.72,,,,
07/09/26 15:00:00,39.95,,,,
07/09/26 15:05:00,40.18,,,,
07/09/26 15:10:00,39.87,,,,
07/09/26 15:15:00,39.64,,,,
07/09/26 15:20:00,39.56,,,,
07/09/26 15:25:00,39.56,,,,
07/09/26 15:30:00,39.33,,,,
07/09/26 15:35:00,39.02,,,,
07/09/26 15:40:00,39.10,,,,
07/09/26 15:45:00,39.10,,,,
07/09/26 15:50:00,39.02,,,,
07/09/26 15:55:00,39.10,,,,
07/09/26 16:00:00,39.02,,,,
07/09/26 16:05:00,38.79,,,,
07/09/26 16:10:00,38.48,,,,
07/09/26 16:15:00,38.56,,,,
07/09/26 16:20:00,38.79,,,,
07/09/26 16:25:00,38.25,,,,
07/09/26 16:30:00,38.17,,,,
07/09/26 16:35:00,38.10,,,,
07/09/26 16:40:00,38.71,,,,
07/09/26 16:45:00,38.48,,,,
07/09/26 16:50:00,38.17,,,,
07/09/26 16:55:00,38.10,,,,
07/09/26 17:00:00,37.94,,,,
07/09/26 17:05:00,37.63,,,,
07/09/26 17:10:00,37.48,,,,
07/09/26 17:15:00,38.17,,,,
07/09/26 17:20:00,38.87,,,,
07/09/26 17:25:00,39.49,,,,
07/09/26 17:30:00,39.41,,,,
07/09/26 17:35:00,39.02,,,,
07/09/26 17:40:00,38.48,,,,
07/09/26 17:45:00,38.64,,,,
07/09/26 17:50:00,37.94,,,,
07/09/26 17:55:00,37.86,,,,
07/09/26 18:00:00,37.40,,,,
07/09/26 18:05:00,38.10,,,,
07/09/26 18:10:00,38.25,,,,
07/09/26 18:15:00,38.10,,,,
07/09/26 18:20:00,38.02,,,,
07/09/26 18:25:00,38.17,,,,
07/09/26 18:30:00,37.79,,,,
07/09/26 18:35:00,37.71,,,,
07/09/26 18:40:00,37.25,,,,
07/09/26 18:45:00,37.94,,,,
07/09/26 18:50:00,38.33,,,,
07/09/26 18:55:00,37.55,,,,
07/09/26 19:00:00,36.09,,,,
07/09/26 19:05:00,35.24,,,,
07/09/26 19:10:00,35.01,,,,
07/09/26 19:15:00,34.77,,,,
07/09/26 19:20:00,35.08,,,,
07/09/26 19:25:00,34.85,,,,
07/09/26 19:30:00,34.54,,,,
07/09/26 19:35:00,34.23,,,,
07/09/26 19:40:00,34.70,,,,
07/09/26 19:45:00,34.54,,,,
07/09/26 19:50:00,35.01,,,,
07/09/26 19:55:00,36.16,,,,
07/09/26 20:00:00,35.39,,,,
07/09/26 20:05:00,35.39,,,,
07/09/26 20:10:00,35.47,,,,
07/09/26 20:15:00,35.93,,,,
07/09/26 20:20:00,35.62,,,,
07/09/26 20:25:00,36.40,,,,
07/09/26 20:30:00,36.63,,,,
07/09/26 20:35:00,36.71,,,,
07/09/26 20:40:00,37.01,,,,
07/09/26 20:45:00,36.55,,,,
07/09/26 20:50:00,35.93,,,,
07/09/26 20:55:00,35.70,,,,
07/09/26 21:00:00,35.62,,,,
07/09/26 21:05:00,35.32,,,,
07/09/26 21:10:00,34.85,,,,
07/09/26 21:15:00,34.77,,,,
07/09/26 21:20:00,34.70,,,,
07/09/26 21:25:00,35.32,,,,
07/09/26 21:30:00,35.16,,,,
07/09/26 21:35:00,35.16,,,,
07/09/26 21:40:00,35.16,,,,
07/09/26 21:45:00,35.01,,,,
07/09/26 21:50:00,34.62,,,,
07/09/26 21:55:00,34.62,,,,
07/09/26 22:00:00,34.47,,,,
07/09/26 22:05:00,34.31,,,,
07/09/26 22:10:00,35.01,,,,
07/09/26 22:15:00,35.86,,,,
07/09/26 22:20:00,36.55,,,,
07/09/26 22:25:00,36.86,,,,
07/09/26 22:30:00,37.79,,,,
07/09/26 22:35:00,37.32,,,,
07/09/26 22:40:00,36.71,,,,
07/09/26 22:45:00,36.24,,,,
07/09/26 22:50:00,35.24,,,,
07/09/26 22:55:00,34.70,,,,
07/09/26 23:00:00,35.47,,,,
07/09/26 23:05:00,36.55,,,,
07/09/26 23:10:00,36.94,,,,
07/09/26 23:15:00,37.63,,,,
07/09/26 23:20:00,36.40,,,,
07/09/26 23:25:00,36.09,,,,
07/09/26 23:30:00,36.55,,,,
07/09/26 23:35:00,36.78,,,,
07/09/26 23:40:00,36.71,,,,
07/09/26 23:45:00,36.40,,,,
07/09/26 23:50:00,36.24,,,,
07/09/26 23:55:00,36.24,,,,
07/10/26 00:00:00,35.55,,,,
07/10/26 00:05:00,34.77,,,,
07/10/26 00:10:00,34.39,,,,
07/10/26 00:15:00,34.00,,,,
07/10/26 00:20:00,34.93,,,,
07/10/26 00:25:00,35.47,,,,
07/10/26 00:30:00,35.62,,,,
07/10/26 00:35:00,35.86,,,,
07/10/26 00:40:00,35.55,,,,
07/10/26 00:45:00,35.24,,,,
07/10/26 00:50:00,34.54,,,,
07/10/26 00:55:00,34.54,,,,
07/10/26 01:00:00,34.39,,,,
07/10/26 01:05:00,34.08,,,,
07/10/26 01:10:00,33.85,,,,
07/10/26 01:15:00,34.47,,,,
07/10/26 01:20:00,33.93,,,,
07/10/26 01:25:00,33.08,,,,
07/10/26 01:30:00,33.23,,,,
07/10/26 01:35:00,32.84,,,,
07/10/26 01:40:00,33.85,,,,
07/10/26 01:45:00,33.15,,,,
07/10/26 01:50:00,33.54,,,,
07/10/26 01:55:00,34.23,,,,
07/10/26 02:00:00,34.85,,,,
07/10/26 02:05:00,35.32,,,,
07/10/26 02:10:00,34.85,,,,
07/10/26 02:15:00,34.77,,,,
07/10/26 02:20:00,34.70,,,,
07/10/26 02:25:00,35.08,,,,
07/10/26 02:30:00,35.32,,,,
07/10/26 02:35:00,35.55,,,,
07/10/26 02:40:00,35.86,,,,
07/10/26 02:45:00,35.70,,,,
07/10/26 02:50:00,35.70,,,,
07/10/26 02:55:00,35.16,,,,
07/10/26 03:00:00,35.39,,,,
07/10/26 03:05:00,35.86,,,,
07/10/26 03:10:00,36.09,,,,
07/10/26 03:15:00,36.16,,,,
07/10/26 03:20:00,35.93,,,,
07/10/26 03:25:00,35.86,,,,
07/10/26 03:30:00,36.40,,,,
07/10/26 03:35:00,36.78,,,,
07/10/26 03:40:00,36.40,,,,
07/10/26 03:45:00,36.78,,,,
07/10/26 03:50:00,36.94,,,,
07/10/26 03:55:00,37.40,,,,
07/10/26 04:00:00,36.24,,,,
07/10/26 04:05:00,36.24,,,,
07/10/26 04:10:00,36.78,,,,
07/10/26 04:15:00,36.78,,,,
07/10/26 04:20:00,36.47,,,,
07/10/26 04:25:00,35.86,,,,
07/10/26 04:30:00,35.62,,,,
07/10/26 04:35:00,35.47,,,,
07/10/26 04:40:00,35.24,,,,
07/10/26 04:45:00,34.93,,,,
07/10/26 04:50:00,35.08,,,,
07/10/26 04:55:00,35.86,,,,
07/10/26 05:00:00,35.78,,,,
07/10/26 05:05:00,36.01,,,,
07/10/26 05:10:00,35.93,,,,
07/10/26 05:15:00,35.39,,,,
07/10/26 05:20:00,35.78,,,,
07/10/26 05:25:00,35.70,,,,
07/10/26 05:30:00,35.70,,,,
07/10/26 05:35:00,35.32,,,,
07/10/26 05:40:00,35.55,,,,
07/10/26 05:45:00,35.78,,,,
07/10/26 05:50:00,35.86,,,,
07/10/26 05:55:00,35.86,,,,
07/10/26 06:00:00,36.09,,,,
07/10/26 06:05:00,36.09,,,,
07/10/26 06:10:00,36.40,,,,
07/10/26 06:15:00,36.78,,,,
07/10/26 06:20:00,36.78,,,,
07/10/26 06:25:00,37.01,,,,
07/10/26 06:30:00,37.25,,,,
07/10/26 06:35:00,36.71,,,,
07/10/26 06:40:00,36.24,,,,
07/10/26 06:45:00,35.70,,,,
07/10/26 06:50:00,35.70,,,,
07/10/26 06:55:00,36.32,,,,
07/10/26 07:00:00,36.71,,,,
07/10/26 07:05:00,36.32,,,,
07/10/26 07:10:00,36.94,,,,
07/10/26 07:15:00,37.55,,,,
07/10/26 07:20:00,37.40,,,,
07/10/26 07:25:00,36.94,,,,
07/10/26 07:30:00,37.48,,,,
07/10/26 07:35:00,38.17,,,,
07/10/26 07:40:00,38.10,,,,
07/10/26 07:45:00,38.02,,,,
07/10/26 07:50:00,37.17,,,,
07/10/26 07:55:00,36.86,,,,
07/10/26 08:00:00,36.78,,,,
07/10/26 08:05:00,36.71,,,,
07/10/26 08:10:00,37.01,,,,
07/10/26 08:15:00,36.47,,,,
07/10/26 08:20:00,36.09,,,,
07/10/26 08:25:00,35.62,,,,
07/10/26 08:30:00,35.39,,,,
07/10/26 08:35:00,35.62,,,,
07/10/26 08:40:00,35.39,,,,
07/10/26 08:45:00,35.47,,,,
07/10/26 08:50:00,35.39,,,,
07/10/26 08:55:00,35.32,,,,
07/10/26 09:00:00,35.24,,,,
07/10/26 09:05:00,35.55,,,,
07/10/26 09:10:00,36.01,,,,
07/10/26 09:15:00,35.93,,,,
07/10/26 09:20:00,36.09,,,,
07/10/26 09:25:00,36.24,,,,
07/10/26 09:30:00,36.55,,,,
07/10/26 09:35:00,36.63,,,,
07/10/26 09:40:00,36.86,,,,
07/10/26 09:45:00,36.63,,,,
07/10/26 09:50:00,36.86,,,,
07/10/26 09:55:00,36.55,,,,
07/10/26 10:00:00,37.25,,,,
07/10/26 10:05:00,37.55,,,,
07/10/26 10:10:00,37.63,,,,
07/10/26 10:15:00,37.63,,,,
07/10/26 10:20:00,38.10,,,,
07/10/26 10:25:00,38.71,,,,
07/10/26 10:30:00,39.02,,,,
07/10/26 10:35:00,39.33,,,,
07/10/26 10:40:00,40.03,,,,
07/10/26 10:45:00,40.18,,,,
07/10/26 10:50:00,39.72,,,,
07/10/26 10:55:00,39.64,,,,
07/10/26 11:00:00,39.56,,,,
07/10/26 11:05:00,39.95,,,,
07/10/26 11:10:00,39.79,,,,
07/10/26 11:15:00,40.18,,,,
07/10/26 11:20:00,39.49,,,,
07/10/26 11:25:00,39.33,,,,
07/10/26 11:30:00,39.41,,,,
07/10/26 11:35:00,40.03,,,,
07/10/26 11:40:00,40.41,,,,
07/10/26 11:45:00,41.18,,,,
07/10/26 11:50:00,42.34,,,,
07/10/26 11:55:00,42.42,,,,
07/10/26 12:00:00,41.49,,,,
07/10/26 12:05:00,41.11,,,,
07/10/26 12:10:00,40.80,,,,
07/10/26 12:15:00,40.80,,,,
07/10/26 12:20:00,41.11,,,,
07/10/26 12:25:00,41.11,,,,
07/10/26 12:30:00,41.42,,,,
07/10/26 12:35:00,41.34,,,,
07/10/26 12:40:00,41.11,,,,
07/10/26 12:45:00,40.95,,,,
07/10/26 12:50:00,40.80,,,,
07/10/26 12:55:00,41.34,,,,
07/10/26 13:00:00,41.49,,,,
07/10/26 13:05:00,41.88,,,,
07/10/26 13:10:00,42.34,,,,
07/10/26 13:15:00,43.11,,,,
07/10/26 13:20:00,44.27,,,,
07/10/26 13:25:00,44.35,,,,
07/10/26 13:30:00,43.96,,,,
07/10/26 13:35:00,43.19,,,,
07/10/26 13:40:00,43.11,,,,
07/10/26 13:45:00,43.04,,,,
07/10/26 13:50:00,42.73,,,,
07/10/26 13:55:00,42.65,,,,
07/10/26 14:00:00,42.57,,,,
07/10/26 14:05:00,43.04,,,,
07/10/26 14:10:00,43.81,,,,
07/10/26 14:15:00,44.43,,,,
07/10/26 14:20:00,44.20,,,,
07/10/26 14:25:00,43.11,,,,
07/10/26 14:30:00,42.81,,,,
07/10/26 14:35:00,42.57,,,,
07/10/26 14:40:00,42.11,,,,
07/10/26 14:45:00,42.19,,,,
07/10/26 14:50:00,41.42,,,,
07/10/26 14:55:00,42.27,,,,
07/10/26 15:00:00,43.73,,,,
07/10/26 15:05:00,44.50,,,,
07/10/26 15:10:00,45.43,,,,
07/10/26 15:15:00,46.51,,,,
07/10/26 15:20:00,46.74,,,,
07/10/26 15:25:00,43.81,,,,
07/10/26 15:30:00,41.88,,,,
07/10/26 15:35:00,41.34,,,,
07/10/26 15:40:00,41.49,,,,
07/10/26 15:45:00,41.72,,,,
07/10/26 15:50:00,41.03,,,,
07/10/26 15:55:00,40.80,,,,
07/10/26 16:00:00,39.56,,,,
07/10/26 16:05:00,39.41,,,,
07/10/26 16:10:00,38.64,,,,
07/10/26 16:15:00,38.40,,,,
07/10/26 16:20:00,38.71,,,,
07/10/26 16:25:00,38.71,,,,
07/10/26 16:30:00,39.18,,,,
07/10/26 16:35:00,39.41,,,,
07/10/26 16:40:00,38.02,,,,
07/10/26 16:45:00,37.40,,,,
07/10/26 16:50:00,37.40,,,,
07/10/26 16:55:00,37.63,,,,
07/10/26 17:00:00,37.25,,,,
07/10/26 17:05:00,37.32,,,,
07/10/26 17:10:00,38.25,,,,
07/10/26 17:15:00,37.79,,,,
07/10/26 17:20:00,37.79,,,,
07/10/26 17:25:00,38.40,,,,
07/10/26 17:30:00,39.10,,,,
07/10/26 17:35:00,40.18,,,,
07/10/26 17:40:00,37.71,,,,
07/10/26 17:45:00,36.63,,,,
07/10/26 17:50:00,37.86,,,,
07/10/26 17:55:00,39.33,,,,
07/10/26 18:00:00,39.64,,,,
07/10/26 18:05:00,38.02,,,,
07/10/26 18:10:00,37.63,,,,
07/10/26 18:15:00,37.09,,,,
07/10/26 18:20:00,36.78,,,,
07/10/26 18:25:00,37.17,,,,
07/10/26 18:30:00,38.17,,,,
07/10/26 18:35:00,39.18,,,,
07/10/26 18:40:00,39.25,,,,
07/10/26 18:45:00,39.02,,,,
07/10/26 18:50:00,38.48,,,,
07/10/26 18:55:00,38.40,,,,
07/10/26 19:00:00,38.87,,,,
07/10/26 19:05:00,39.41,,,,
07/10/26 19:10:00,38.25,,,,
07/10/26 19:15:00,38.25,,,,
07/10/26 19:20:00,38.40,,,,
07/10/26 19:25:00,38.87,,,,
07/10/26 19:30:00,38.79,,,,
07/10/26 19:35:00,39.33,,,,
07/10/26 19:40:00,39.25,,,,
07/10/26 19:45:00,39.41,,,,
07/10/26 19:50:00,39.33,,,,
07/10/26 19:55:00,39.25,,,,
07/10/26 20:00:00,38.87,,,,
07/10/26 20:05:00,38.87,,,,
07/10/26 20:10:00,38.56,,,,
07/10/26 20:15:00,38.48,,,,
07/10/26 20:20:00,38.48,,,,
07/10/26 20:25:00,38.48,,,,
07/10/26 20:30:00,38.56,,,,
07/10/26 20:35:00,38.56,,,,
07/10/26 20:40:00,38.71,,,,
07/10/26 20:45:00,39.02,,,,
07/10/26 20:50:00,39.41,,,,
07/10/26 20:55:00,39.64,,,,
07/10/26 21:00:00,39.41,,,,
07/10/26 21:05:00,38.94,,,,
07/10/26 21:10:00,38.87,,,,
07/10/26 21:15:00,38.40,,,,
07/10/26 21:20:00,38.33,,,,
07/10/26 21:25:00,38.48,,,,
07/10/26 21:30:00,38.79,,,,
07/10/26 21:35:00,38.94,,,,
07/10/26 21:40:00,39.02,,,,
07/10/26 21:45:00,38.94,,,,
07/10/26 21:50:00,39.25,,,,
07/10/26 21:55:00,39.41,,,,
07/10/26 22:00:00,38.71,,,,
07/10/26 22:05:00,38.87,,,,
07/10/26 22:10:00,38.48,,,,
07/10/26 22:15:00,37.79,,,,
07/10/26 22:20:00,37.40,,,,
07/10/26 22:25:00,38.02,,,,
07/10/26 22:30:00,38.33,,,,
07/10/26 22:35:00,37.86,,,,
07/10/26 22:40:00,38.48,,,,
07/10/26 22:45:00,38.71,,,,
07/10/26 22:50:00,37.79,,,,
07/10/26 22:55:00,37.86,,,,
07/10/26 23:00:00,38.02,,,,
07/10/26 23:05:00,37.09,,,,
07/10/26 23:10:00,36.86,,,,
07/10/26 23:15:00,35.24,,,,
07/10/26 23:20:00,36.01,,,,
07/10/26 23:25:00,34.85,,,,
07/10/26 23:30:00,35.86,,,,
07/10/26 23:35:00,34.47,,,,
07/10/26 23:40:00,33.85,,,,
07/10/26 23:45:00,33.85,,,,
07/10/26 23:50:00,34.00,,,,
07/10/26 23:55:00,34.31,,,,
07/11/26 00:00:00,34.31,,,,
07/11/26 00:05:00,35.01,,,,
07/11/26 00:10:00,35.70,,,,
07/11/26 00:15:00,35.16,,,,
07/11/26 00:20:00,34.85,,,,
07/11/26 00:25:00,34.85,,,,
07/11/26 00:30:00,36.09,,,,
07/11/26 00:35:00,35.78,,,,
07/11/26 00:40:00,35.39,,,,
07/11/26 00:45:00,35.16,,,,
07/11/26 00:50:00,35.24,,,,
07/11/26 00:55:00,36.55,,,,
07/11/26 01:00:00,36.09,,,,
07/11/26 01:05:00,36.40,,,,
07/11/26 01:10:00,36.78,,,,
07/11/26 01:15:00,37.25,,,,
07/11/26 01:20:00,38.02,,,,
07/11/26 01:25:00,38.40,,,,
07/11/26 01:30:00,38.40,,,,
07/11/26 01:35:00,38.48,,,,
07/11/26 01:40:00,38.25,,,,
07/11/26 01:45:00,38.10,,,,
07/11/26 01:50:00,38.17,,,,
07/11/26 01:55:00,38.10,,,,
07/11/26 02:00:00,38.10,,,,
07/11/26 02:05:00,38.25,,,,
07/11/26 02:10:00,38.33,,,,
07/11/26 02:15:00,39.02,,,,
07/11/26 02:20:00,39.49,,,,
07/11/26 02:25:00,39.72,,,,
07/11/26 02:30:00,39.79,,,,
07/11/26 02:35:00,39.79,,,,
07/11/26 02:40:00,39.95,,,,
07/11/26 02:45:00,40.03,,,,
07/11/26 02:50:00,39.64,,,,
07/11/26 02:55:00,38.87,,,,
07/11/26 03:00:00,38.71,,,,
07/11/26 03:05:00,38.48,,,,
07/11/26 03:10:00,38.25,,,,
07/11/26 03:15:00,38.25,,,,
07/11/26 03:20:00,38.25,,,,
07/11/26 03:25:00,38.56,,,,
07/11/26 03:30:00,38.79,,,,
07/11/26 03:35:00,38.94,,,,
07/11/26 03:40:00,39.10,,,,
07/11/26 03:45:00,38.94,,,,
07/11/26 03:50:00,39.33,,,,
07/11/26 03:55:00,39.10,,,,
07/11/26 04:00:00,39.25,,,,
07/11/26 04:05:00,38.71,,,,
07/11/26 04:10:00,38.56,,,,
07/11/26 04:15:00,38.87,,,,
07/11/26 04:20:00,39.02,,,,
07/11/26 04:25:00,38.79,,,,
07/11/26 04:30:00,38.79,,,,
07/11/26 04:35:00,38.71,,,,
07/11/26 04:40:00,38.94,,,,
07/11/26 04:45:00,39.18,,,,
07/11/26 04:50:00,39.25,,,,
07/11/26 04:55:00,39.56,,,,
07/11/26 05:00:00,39.49,,,,
07/11/26 05:05:00,39.18,,,,
07/11/26 05:10:00,38.56,,,,
07/11/26 05:15:00,38.25,,,,
07/11/26 05:20:00,38.10,,,,
07/11/26 05:25:00,38.02,,,,
07/11/26 05:30:00,38.40,,,,
07/11/26 05:35:00,38.64,,,,
07/11/26 05:40:00,38.94,,,,
07/11/26 05:45:00,39.49,,,,
07/11/26 05:50:00,39.72,,,,
07/11/26 05:55:00,39.72,,,,
07/11/26 06:00:00,39.95,,,,
07/11/26 06:05:00,39.56,,,,
07/11/26 06:10:00,39.72,,,,
07/11/26 06:15:00,40.18,,,,
07/11/26 06:20:00,40.64,,,,
07/11/26 06:25:00,40.49,,,,
07/11/26 06:30:00,39.56,,,,
07/11/26 06:35:00,39.41,,,,
07/11/26 06:40:00,39.56,,,,
07/11/26 06:45:00,39.87,,,,
07/11/26 06:50:00,40.26,,,,
07/11/26 06:55:00,39.33,,,,
07/11/26 07:00:00,38.33,,,,
07/11/26 07:05:00,37.86,,,,
07/11/26 07:10:00,38.17,,,,
07/11/26 07:15:00,39.02,,,,
07/11/26 07:20:00,39.33,,,,
07/11/26 07:25:00,39.72,,,,
07/11/26 07:30:00,38.56,,,,
07/11/26 07:35:00,38.87,,,,
07/11/26 07:40:00,39.64,,,,
07/11/26 07:45:00,40.72,,,,
07/11/26 07:50:00,41.26,,,,
07/11/26 07:55:00,41.96,,,,
07/11/26 08:00:00,40.80,,,,
07/11/26 08:05:00,39.95,,,,
07/11/26 08:10:00,39.87,,,,
07/11/26 08:15:00,39.64,,,,
07/11/26 08:20:00,39.18,,,,
07/11/26 08:25:00,39.10,,,,
07/11/26 08:30:00,38.33,,,,
07/11/26 08:35:00,38.10,,,,
07/11/26 08:40:00,39.02,,,,
07/11/26 08:45:00,40.03,,,,
07/11/26 08:50:00,40.33,,,,
07/11/26 08:55:00,40.18,,,,
07/11/26 09:00:00,38.71,,,,
07/11/26 09:05:00,38.79,,,,
07/11/26 09:10:00,38.87,,,,
07/11/26 09:15:00,40.10,,,,
07/11/26 09:20:00,41.80,,,,
07/11/26 09:25:00,43.11,,,,
07/11/26 09:30:00,43.35,,,,
07/11/26 09:35:00,41.72,,,,
07/11/26 09:40:00,40.72,,,,
07/11/26 09:45:00,41.49,,,,
07/11/26 09:50:00,43.19,,,,
07/11/26 09:55:00,44.97,,,,
07/11/26 10:00:00,46.82,,,,
07/11/26 10:05:00,47.36,,,,
07/11/26 10:10:00,45.74,,,,
07/11/26 10:15:00,44.50,,,,
07/11/26 10:20:00,42.65,,,,
07/11/26 10:25:00,41.42,,,,
07/11/26 10:30:00,40.88,,,,
07/11/26 10:35:00,43.04,,,,
07/11/26 10:40:00,43.89,,,,
07/11/26 10:45:00,43.66,,,,
07/11/26 10:50:00,42.19,,,,
07/11/26 10:55:00,41.80,,,,
07/11/26 11:00:00,41.57,,,,
07/11/26 11:05:00,43.11,,,,
07/11/26 11:10:00,42.11,,,,
07/11/26 11:15:00,41.49,,,,
07/11/26 11:20:00,40.49,,,,
07/11/26 11:25:00,40.10,,,,
07/11/26 11:30:00,40.64,,,,
07/11/26 11:35:00,39.79,,,,
07/11/26 11:40:00,40.33,,,,
07/11/26 11:45:00,40.64,,,,
07/11/26 11:50:00,41.18,,,,
07/11/26 11:55:00,41.65,,,,
07/11/26 12:00:00,41.80,,,,
07/11/26 12:05:00,42.27,,,,
07/11/26 12:10:00,42.65,,,,
07/11/26 12:15:00,43.11,,,,
07/11/26 12:20:00,43.04,,,,
07/11/26 12:25:00,43.19,,,,
07/11/26 12:30:00,42.73,,,,
07/11/26 12:35:00,42.11,,,,
07/11/26 12:40:00,42.03,,,,
07/11/26 12:45:00,41.57,,,,
07/11/26 12:50:00,41.03,,,,
07/11/26 12:55:00,40.18,,,,
07/11/26 13:00:00,39.64,,,,
07/11/26 13:05:00,38.94,,,,
07/11/26 13:10:00,37.86,,,,
07/11/26 13:15:00,38.64,,,,
07/11/26 13:20:00,39.95,,,,
07/11/26 13:25:00,40.57,,,,
07/11/26 13:30:00,40.72,,,,
07/11/26 13:35:00,40.26,,,,
07/11/26 13:40:00,40.41,,,,
07/11/26 13:45:00,40.80,,,,
07/11/26 13:50:00,41.57,,,,
07/11/26 13:55:00,41.49,,,,
07/11/26 14:00:00,41.72,,,,
07/11/26 14:05:00,41.26,,,,
07/11/26 14:10:00,40.95,,,,
07/11/26 14:15:00,40.57,,,,
07/11/26 14:20:00,39.79,,,,
07/11/26 14:25:00,39.41,,,,
07/11/26 14:30:00,39.41,,,,
07/11/26 14:35:00,39.49,,,,
07/11/26 14:40:00,39.49,,,,
07/11/26 14:45:00,39.56,,,,
07/11/26 14:50:00,40.03,,,,
07/11/26 14:55:00,40.03,,,,
07/11/26 15:00:00,39.64,,,,
07/11/26 15:05:00,39.18,,,,
07/11/26 15:10:00,39.18,,,,
07/11/26 15:15:00,39.49,,,,
07/11/26 15:20:00,39.79,,,,
07/11/26 15:25:00,40.33,,,,
07/11/26 15:30:00,40.03,,,,
07/11/26 15:35:00,40.03,,,,
07/11/26 15:40:00,39.79,,,,
07/11/26 15:45:00,39.25,,,,
07/11/26 15:50:00,39.10,,,,
07/11/26 15:55:00,38.87,,,,
07/11/26 16:00:00,38.79,,,,
07/11/26 16:05:00,38.56,,,,
07/11/26 16:10:00,38.10,,,,
07/11/26 16:15:00,37.55,,,,
07/11/26 16:20:00,37.17,,,,
07/11/26 16:25:00,37.25,,,,
07/11/26 16:30:00,37.17,,,,
07/11/26 16:35:00,37.25,,,,
07/11/26 16:40:00,37.01,,,,
07/11/26 16:45:00,37.09,,,,
07/11/26 16:50:00,37.63,,,,
07/11/26 16:55:00,37.32,,,,
07/11/26 17:00:00,37.32,,,,
07/11/26 17:05:00,37.86,,,,
07/11/26 17:10:00,37.71,,,,
07/11/26 17:15:00,37.09,,,,
07/11/26 17:20:00,36.78,,,,
07/11/26 17:25:00,36.32,,,,
07/11/26 17:30:00,36.71,,,,
07/11/26 17:35:00,37.01,,,,
07/11/26 17:40:00,37.09,,,,
07/11/26 17:45:00,37.40,,,,
07/11/26 17:50:00,37.55,,,,
07/11/26 17:55:00,36.94,,,,
07/11/26 18:00:00,36.63,,,,
07/11/26 18:05:00,36.47,,,,
07/11/26 18:10:00,36.55,,,,
07/11/26 18:15:00,37.09,,,,
07/11/26 18:20:00,36.86,,,,
07/11/26 18:25:00,36.78,,,,
07/11/26 18:30:00,36.55,,,,
07/11/26 18:35:00,36.32,,,,
07/11/26 18:40:00,36.24,,,,
07/11/26 18:45:00,36.47,,,,
07/11/26 18:50:00,36.32,,,,
07/11/26 18:55:00,36.09,,,,
07/11/26 19:00:00,35.93,,,,
07/11/26 19:05:00,36.16,,,,
07/11/26 19:10:00,36.09,,,,
07/11/26 19:15:00,36.24,,,,
07/11/26 19:20:00,36.32,,,,
07/11/26 19:25:00,36.40,,,,
07/11/26 19:30:00,36.40,,,,
07/11/26 19:35:00,36.40,,,,
07/11/26 19:40:00,35.86,,,,
07/11/26 19:45:00,35.86,,,,
07/11/26 19:50:00,35.70,,,,
07/11/26 19:55:00,35.78,,,,
07/11/26 20:00:00,35.78,,,,
07/11/26 20:05:00,35.78,,,,
07/11/26 20:10:00,35.86,,,,
07/11/26 20:15:00,35.70,,,,
07/11/26 20:20:00,35.39,,,,
07/11/26 20:25:00,35.16,,,,
07/11/26 20:30:00,35.08,,,,
07/11/26 20:35:00,35.01,,,,
07/11/26 20:40:00,34.77,,,,
07/11/26 20:45:00,34.70,,,,
07/11/26 20:50:00,34.70,,,,
07/11/26 20:55:00,34.62,,,,
07/11/26 21:00:00,34.62,,,,
07/11/26 21:05:00,34.54,,,,
07/11/26 21:10:00,34.31,,,,
07/11/26 21:15:00,34.23,,,,
07/11/26 21:20:00,34.47,,,,
07/11/26 21:25:00,34.31,,,,
07/11/26 21:30:00,34.16,,,,
07/11/26 21:35:00,33.93,,,,
07/11/26 21:40:00,33.85,,,,
07/11/26 21:45:00,34.00,,,,
07/11/26 21:50:00,33.93,,,,
07/11/26 21:55:00,34.16,,,,
07/11/26 22:00:00,34.08,,,,
07/11/26 22:05:00,34.08,,,,
07/11/26 22:10:00,34.23,,,,
07/11/26 22:15:00,34.00,,,,
07/11/26 22:20:00,33.77,,,,
07/11/26 22:25:00,33.77,,,,
07/11/26 22:30:00,33.69,,,,
07/11/26 22:35:00,33.69,,,,
07/11/26 22:40:00,33.62,,,,
07/11/26 22:45:00,33.54,,,,
07/11/26 22:50:00,34.16,,,,
07/11/26 22:55:00,34.08,,,,
07/11/26 23:00:00,34.00,,,,
07/11/26 23:05:00,33.62,,,,
07/11/26 23:10:00,33.54,,,,
07/11/26 23:15:00,33.54,,,,
07/11/26 23:20:00,34.08,,,,
07/11/26 23:25:00,34.54,,,,
07/11/26 23:30:00,34.39,,,,
07/11/26 23:35:00,34.54,,,,
07/11/26 23:40:00,34.54,,,,
07/11/26 23:45:00,34.70,,,,
07/11/26 23:50:00,34.85,,,,
07/11/26 23:55:00,35.24,,,,
07/12/26 00:00:00,35.24,,,,
07/12/26 00:05:00,34.47,,,,
07/12/26 00:10:00,34.08,,,,
07/12/26 00:15:00,33.85,,,,
07/12/26 00:20:00,34.16,,,,
07/12/26 00:25:00,34.31,,,,
07/12/26 00:30:00,34.62,,,,
07/12/26 00:35:00,34.39,,,,
07/12/26 00:40:00,34.47,,,,
07/12/26 00:45:00,34.54,,,,
07/12/26 00:50:00,34.47,,,,
07/12/26 00:55:00,34.39,,,,
07/12/26 01:00:00,34.08,,,,
07/12/26 01:05:00,33.77,,,,
07/12/26 01:10:00,33.77,,,,
07/12/26 01:15:00,33.54,,,,
07/12/26 01:20:00,33.77,,,,
07/12/26 01:25:00,34.23,,,,
07/12/26 01:30:00,34.16,,,,
07/12/26 01:35:00,34.08,,,,
07/12/26 01:40:00,34.70,,,,
07/12/26 01:45:00,34.62,,,,
07/12/26 01:50:00,33.69,,,,
07/12/26 01:55:00,33.38,,,,
07/12/26 02:00:00,33.46,,,,
07/12/26 02:05:00,34.62,,,,
07/12/26 02:10:00,34.54,,,,
07/12/26 02:15:00,34.31,,,,
07/12/26 02:20:00,35.32,,,,
07/12/26 02:25:00,35.70,,,,
07/12/26 02:30:00,35.62,,,,
07/12/26 02:35:00,35.47,,,,
07/12/26 02:40:00,35.39,,,,
07/12/26 02:45:00,35.62,,,,
07/12/26 02:50:00,34.85,,,,
07/12/26 02:55:00,35.62,,,,
07/12/26 03:00:00,36.40,,,,
07/12/26 03:05:00,36.09,,,,
07/12/26 03:10:00,36.01,,,,
07/12/26 03:15:00,36.01,,,,
07/12/26 03:20:00,36.01,,,,
07/12/26 03:25:00,36.09,,,,
07/12/26 03:30:00,36.63,,,,
07/12/26 03:35:00,36.16,,,,
07/12/26 03:40:00,35.70,,,,
07/12/26 03:45:00,35.32,,,,
07/12/26 03:50:00,35.86,,,,
07/12/26 03:55:00,36.16,,,,
07/12/26 04:00:00,36.63,,,,
07/12/26 04:05:00,37.48,,,,
07/12/26 04:10:00,37.17,,,,
07/12/26 04:15:00,36.47,,,,
07/12/26 04:20:00,36.16,,,,
07/12/26 04:25:00,36.16,,,,
07/12/26 04:30:00,36.47,,,,
07/12/26 04:35:00,36.47,,,,
07/12/26 04:40:00,35.93,,,,
07/12/26 04:45:00,35.24,,,,
07/12/26 04:50:00,34.47,,,,
07/12/26 04:55:00,34.39,,,,
07/12/26 05:00:00,34.93,,,,
07/12/26 05:05:00,34.70,,,,
07/12/26 05:10:00,35.47,,,,
07/12/26 05:15:00,35.47,,,,
07/12/26 05:20:00,34.93,,,,
07/12/26 05:25:00,34.62,,,,
07/12/26 05:30:00,35.01,,,,
07/12/26 05:35:00,35.24,,,,
07/12/26 05:40:00,35.39,,,,
07/12/26 05:45:00,35.39,,,,
07/12/26 05:50:00,35.16,,,,
07/12/26 05:55:00,35.47,,,,
07/12/26 06:00:00,35.39,,,,
07/12/26 06:05:00,35.16,,,,
07/12/26 06:10:00,34.93,,,,
07/12/26 06:15:00,34.85,,,,
07/12/26 06:20:00,35.16,,,,
07/12/26 06:25:00,35.16,,,,
07/12/26 06:30:00,35.62,,,,
07/12/26 06:35:00,36.40,,,,
07/12/26 06:40:00,36.01,,,,
07/12/26 06:45:00,35.86,,,,
07/12/26 06:50:00,36.40,,,,
07/12/26 06:55:00,36.63,,,,
07/12/26 07:00:00,36.16,,,,
07/12/26 07:05:00,36.16,,,,
07/12/26 07:10:00,36.16,,,,
07/12/26 07:15:00,36.24,,,,
07/12/26 07:20:00,35.86,,,,
07/12/26 07:25:00,35.62,,,,
07/12/26 07:30:00,36.01,,,,
07/12/26 07:35:00,35.86,,,,
07/12/26 07:40:00,35.78,,,,
07/12/26 07:45:00,35.78,,,,
07/12/26 07:50:00,35.78,,,,
07/12/26 07:55:00,35.70,,,,
07/12/26 08:00:00,35.78,,,,
07/12/26 08:05:00,36.16,,,,
07/12/26 08:10:00,36.32,,,,
07/12/26 08:15:00,36.40,,,,
07/12/26 08:20:00,36.47,,,,
07/12/26 08:25:00,36.32,,,,
07/12/26 08:30:00,36.63,,,,
07/12/26 08:35:00,37.09,,,,
07/12/26 08:40:00,37.09,,,,
07/12/26 08:45:00,37.01,,,,
07/12/26 08:50:00,36.94,,,,
07/12/26 08:55:00,37.01,,,,
07/12/26 09:00:00,36.94,,,,
07/12/26 09:05:00,37.17,,,,
07/12/26 09:10:00,37.32,,,,
07/12/26 09:15:00,37.48,,,,
07/12/26 09:20:00,37.40,,,,
07/12/26 09:25:00,37.25,,,,
07/12/26 09:30:00,37.17,,,,
07/12/26 09:35:00,37.09,,,,
07/12/26 09:40:00,37.01,,,,
07/12/26 09:45:00,37.09,,,,
07/12/26 09:50:00,37.01,,,,
07/12/26 09:55:00,37.01,,,,
07/12/26 10:00:00,37.48,,,,
07/12/26 10:05:00,37.86,,,,
07/12/26 10:10:00,38.10,,,,
07/12/26 10:15:00,38.25,,,,
07/12/26 10:20:00,38.48,,,,
07/12/26 10:25:00,38.40,,,,
07/12/26 10:30:00,38.56,,,,
07/12/26 10:35:00,38.71,,,,
07/12/26 10:40:00,38.64,,,,
07/12/26 10:45:00,39.18,,,,
07/12/26 10:50:00,38.79,,,,
07/12/26 10:55:00,38.94,,,,
07/12/26 11:00:00,39.10,,,,
07/12/26 11:05:00,38.79,,,,
07/12/26 11:10:00,38.79,,,,
07/12/26 11:15:00,39.02,,,,
07/12/26 11:20:00,39.10,,,,
07/12/26 11:25:00,39.18,,,,
07/12/26 11:30:00,39.10,,,,
07/12/26 11:35:00,39.25,,,,
07/12/26 11:40:00,39.41,,,,
07/12/26 11:45:00,39.64,,,,
07/12/26 11:50:00,39.79,,,,
07/12/26 11:55:00,39.72,,,,
07/12/26 12:00:00,39.41,,,,
07/12/26 12:05:00,39.25,,,,
07/12/26 12:10:00,39.56,,,,
07/12/26 12:15:00,39.79,,,,
07/12/26 12:20:00,39.25,,,,
07/12/26 12:25:00,39.25,,,,
07/12/26 12:30:00,38.87,,,,
07/12/26 12:35:00,38.25,,,,
07/12/26 12:40:00,38.48,,,,
07/12/26 12:45:00,38.64,,,,
07/12/26 12:50:00,38.33,,,,
07/12/26 12:55:00,38.71,,,,
07/12/26 13:00:00,38.25,,,,
07/12/26 13:05:00,38.40,,,,
07/12/26 13:10:00,38.25,,,,
07/12/26 13:15:00,38.10,,,,
07/12/26 13:20:00,38.02,,,,
07/12/26 13:25:00,37.94,,,,
07/12/26 13:30:00,37.79,,,,
07/12/26 13:35:00,37.94,,,,
07/12/26 13:40:00,37.71,,,,
07/12/26 13:45:00,37.63,,,,
07/12/26 13:50:00,37.40,,,,
07/12/26 13:55:00,37.25,,,,
07/12/26 14:00:00,37.17,,,,
07/12/26 14:05:00,37.25,,,,
07/12/26 14:10:00,37.55,,,,
07/12/26 14:15:00,37.55,,,,
07/12/26 14:20:00,37.71,,,,
07/12/26 14:25:00,37.79,,,,
07/12/26 14:30:00,37.71,,,,
07/12/26 14:35:00,37.63,,,,
07/12/26 14:40:00,37.94,,,,
07/12/26 14:45:00,38.02,,,,
07/12/26 14:50:00,37.86,,,,
07/12/26 14:55:00,37.71,,,,
07/12/26 15:00:00,38.02,,,,
07/12/26 15:05:00,37.94,,,,
07/12/26 15:10:00,37.94,,,,
07/12/26 15:15:00,38.02,,,,
07/12/26 15:20:00,37.86,,,,
07/12/26 15:25:00,37.79,,,,
07/12/26 15:30:00,37.63,,,,
07/12/26 15:35:00,37.63,,,,
07/12/26 15:40:00,37.48,,,,
07/12/26 15:45:00,37.63,,,,
07/12/26 15:50:00,37.94,,,,
07/12/26 15:55:00,38.25,,,,
07/12/26 16:00:00,38.33,,,,
07/12/26 16:05:00,38.48,,,,
07/12/26 16:10:00,38.56,,,,
07/12/26 16:15:00,38.56,,,,
07/12/26 16:20:00,38.94,,,,
07/12/26 16:25:00,39.18,,,,
07/12/26 16:30:00,39.18,,,,
07/12/26 16:35:00,39.02,,,,
07/12/26 16:40:00,38.79,,,,
07/12/26 16:45:00,38.71,,,,
07/12/26 16:50:00,38.64,,,,
07/12/26 16:55:00,38.17,,,,
07/12/26 17:00:00,37.48,,,,
07/12/26 17:05:00,37.09,,,,
07/12/26 17:10:00,36.94,,,,
07/12/26 17:15:00,36.86,,,,
07/12/26 17:20:00,37.01,,,,
07/12/26 17:25:00,37.25,,,,
07/12/26 17:30:00,37.17,,,,
07/12/26 17:35:00,37.25,,,,
07/12/26 17:40:00,37.09,,,,
07/12/26 17:45:00,37.09,,,,
07/12/26 17:50:00,36.78,,,,
07/12/26 17:55:00,36.78,,,,
07/12/26 18:00:00,36.47,,,,
07/12/26 18:05:00,36.32,,,,
07/12/26 18:10:00,36.32,,,,
07/12/26 18:15:00,36.01,,,,
07/12/26 18:20:00,35.86,,,,
07/12/26 18:25:00,35.62,,,,
07/12/26 18:30:00,35.70,,,,
07/12/26 18:35:00,35.55,,,,
07/12/26 18:40:00,35.78,,,,
07/12/26 18:45:00,35.55,,,,
07/12/26 18:50:00,35.86,,,,
07/12/26 18:55:00,35.78,,,,
07/12/26 19:00:00,36.01,,,,
07/12/26 19:05:00,36.09,,,,
07/12/26 19:10:00,36.24,,,,
07/12/26 19:15:00,36.32,,,,
07/12/26 19:20:00,36.55,,,,
07/12/26 19:25:00,36.63,,,,
07/12/26 19:30:00,36.55,,,,
07/12/26 19:35:00,36.47,,,,
07/12/26 19:40:00,36.47,,,,
07/12/26 19:45:00,36.47,,,,
07/12/26 19:50:00,36.55,,,,
07/12/26 19:55:00,36.63,,,,
07/12/26 20:00:00,36.47,,,,
07/12/26 20:05:00,36.40,,,,
07/12/26 20:10:00,36.47,,,,
07/12/26 20:15:00,36.47,,,,
07/12/26 20:20:00,36.40,,,,
07/12/26 20:25:00,36.32,,,,
07/12/26 20:30:00,36.24,,,,
07/12/26 20:35:00,36.16,,,,
07/12/26 20:40:00,36.24,,,,
07/12/26 20:45:00,36.09,,,,
07/12/26 20:50:00,35.93,,,,
07/12/26 20:55:00,35.93,,,,
07/12/26 21:00:00,35.93,,,,
07/12/26 21:05:00,35.86,,,,
07/12/26 21:10:00,35.70,,,,
07/12/26 21:15:00,35.62,,,,
07/12/26 21:20:00,35.47,,,,
07/12/26 21:25:00,35.47,,,,
07/12/26 21:30:00,35.39,,,,
07/12/26 21:35:00,35.32,,,,
07/12/26 21:40:00,35.08,,,,
07/12/26 21:45:00,34.93,,,,
07/12/26 21:50:00,34.85,,,,
07/12/26 21:55:00,34.77,,,,
07/12/26 22:00:00,34.70,,,,
07/12/26 22:05:00,34.70,,,,
07/12/26 22:10:00,34.62,,,,
07/12/26 22:15:00,34.54,,,,
07/12/26 22:20:00,34.54,,,,
07/12/26 22:25:00,34.54,,,,
07/12/26 22:30:00,34.54,,,,
07/12/26 22:35:00,34.47,,,,
07/12/26 22:40:00,34.54,,,,
07/12/26 22:45:00,34.54,,,,
07/12/26 22:50:00,34.54,,,,
07/12/26 22:55:00,34.54,,,,
07/12/26 23:00:00,34.62,,,,
07/12/26 23:05:00,34.54,,,,
07/12/26 23:10:00,34.62,,,,
07/12/26 23:15:00,34.62,,,,
07/12/26 23:20:00,34.62,,,,
07/12/26 23:25:00,34.47,,,,
07/12/26 23:30:00,34.47,,,,
07/12/26 23:35:00,34.39,,,,
07/12/26 23:40:00,34.47,,,,
07/12/26 23:45:00,34.39,,,,
07/12/26 23:50:00,34.47,,,,
07/12/26 23:55:00,34.31,,,,
07/13/26 00:00:00,34.31,,,,
07/13/26 00:05:00,34.39,,,,
07/13/26 00:10:00,34.47,,,,
07/13/26 00:15:00,34.47,,,,
07/13/26 00:20:00,34.47,,,,
07/13/26 00:25:00,34.62,,,,
07/13/26 00:30:00,34.47,,,,
07/13/26 00:35:00,34.47,,,,
07/13/26 00:40:00,34.39,,,,
07/13/26 00:45:00,34.23,,,,
07/13/26 00:50:00,34.31,,,,
07/13/26 00:55:00,34.23,,,,
07/13/26 01:00:00,34.39,,,,
07/13/26 01:05:00,34.23,,,,
07/13/26 01:10:00,34.39,,,,
07/13/26 01:15:00,34.31,,,,
07/13/26 01:20:00,34.31,,,,
07/13/26 01:25:00,34.23,,,,
07/13/26 01:30:00,34.31,,,,
07/13/26 01:35:00,34.23,,,,
07/13/26 01:40:00,34.31,,,,
07/13/26 01:45:00,34.23,,,,
07/13/26 01:50:00,34.23,,,,
07/13/26 01:55:00,34.16,,,,
07/13/26 02:00:00,34.31,,,,
07/13/26 02:05:00,34.23,,,,
07/13/26 02:10:00,34.31,,,,
07/13/26 02:15:00,34.23,,,,
07/13/26 02:20:00,34.31,,,,
07/13/26 02:25:00,34.39,,,,
07/13/26 02:30:00,34.39,,,,
07/13/26 02:35:00,34.54,,,,
07/13/26 02:40:00,34.39,,,,
07/13/26 02:45:00,34.47,,,,
07/13/26 02:50:00,34.39,,,,
07/13/26 02:55:00,34.39,,,,
07/13/26 03:00:00,34.39,,,,
07/13/26 03:05:00,34.39,,,,
07/13/26 03:10:00,34.31,,,,
07/13/26 03:15:00,34.31,,,,
07/13/26 03:20:00,34.39,,,,
07/13/26 03:25:00,34.23,,,,
07/13/26 03:30:00,34.23,,,,
07/13/26 03:35:00,34.31,,,,
07/13/26 03:40:00,34.39,,,,
07/13/26 03:45:00,34.31,,,,
07/13/26 03:50:00,34.31,,,,
07/13/26 03:55:00,34.62,,,,
07/13/26 04:00:00,34.39,,,,
07/13/26 04:05:00,34.23,,,,
07/13/26 04:10:00,34.16,,,,
07/13/26 04:15:00,34.16,,,,
07/13/26 04:20:00,34.16,,,,
07/13/26 04:25:00,34.00,,,,
07/13/26 04:30:00,33.93,,,,
07/13/26 04:35:00,33.85,,,,
07/13/26 04:40:00,33.93,,,,
07/13/26 04:45:00,33.93,,,,
07/13/26 04:50:00,34.00,,,,
07/13/26 04:55:00,34.08,,,,
07/13/26 05:00:00,33.93,,,,
07/13/26 05:05:00,33.93,,,,
07/13/26 05:10:00,34.00,,,,
07/13/26 05:15:00,34.00,,,,
07/13/26 05:20:00,34.08,,,,
07/13/26 05:25:00,33.93,,,,
07/13/26 05:30:00,34.08,,,,
07/13/26 05:35:00,34.00,,,,
07/13/26 05:40:00,33.93,,,,
07/13/26 05:45:00,33.93,,,,
07/13/26 05:50:00,33.93,,,,
07/13/26 05:55:00,33.93,,,,
07/13/26 06:00:00,33.93,,,,
07/13/26 06:05:00,34.00,,,,
07/13/26 06:10:00,34.08,,,,
07/13/26 06:15:00,34.23,,,,
07/13/26 06:20:00,34.23,,,,
07/13/26 06:25:00,34.31,,,,
07/13/26 06:30:00,34.47,,,,
07/13/26 06:35:00,34.47,,,,
07/13/26 06:40:00,34.54,,,,
07/13/26 06:45:00,34.54,,,,
07/13/26 06:50:00,34.47,,,,
07/13/26 06:55:00,34.70,,,,
07/13/26 07:00:00,34.93,,,,
07/13/26 07:05:00,34.70,,,,
07/13/26 07:10:00,34.70,,,,
07/13/26 07:15:00,34.70,,,,
07/13/26 07:20:00,34.70,,,,
07/13/26 07:25:00,34.85,,,,
07/13/26 07:30:00,35.01,,,,
07/13/26 07:35:00,35.01,,,,
07/13/26 07:40:00,35.47,,,,
07/13/26 07:45:00,35.62,,,,
07/13/26 07:50:00,35.47,,,,
07/13/26 07:55:00,35.70,,,,
07/13/26 08:00:00,35.78,,,,
07/13/26 08:05:00,35.86,,,,
07/13/26 08:10:00,36.24,,,,
07/13/26 08:15:00,36.40,,,,
07/13/26 08:20:00,36.09,,,,
07/13/26 08:25:00,36.40,,,,
07/13/26 08:30:00,36.40,,,,
07/13/26 08:35:00,36.63,,,,
07/13/26 08:40:00,37.55,,,,
07/13/26 08:45:00,37.32,,,,
07/13/26 08:50:00,37.94,,,,
07/13/26 08:55:00,38.64,,,,
07/13/26 09:00:00,39.25,,,,
07/13/26 09:05:00,39.72,,,,
07/13/26 09:10:00,40.26,,,,
07/13/26 09:15:00,39.79,,,,
07/13/26 09:20:00,40.18,,,,
07/13/26 09:25:00,40.33,,,,
07/13/26 09:30:00,41.72,,,,
07/13/26 09:35:00,41.65,,,,
07/13/26 09:40:00,41.18,,,,
07/13/26 09:45:00,40.26,,,,
07/13/26 09:50:00,40.03,,,,
07/13/26 09:55:00,41.42,,,,
07/13/26 10:00:00,40.95,,,,
07/13/26 10:05:00,40.33,,,,
07/13/26 10:10:00,40.57,,,,
07/13/26 10:15:00,42.27,,,,
07/13/26 10:20:00,42.34,,,,
07/13/26 10:25:00,42.42,,,,
07/13/26 10:30:00,41.65,,,,
07/13/26 10:35:00,42.27,,,,
07/13/26 10:40:00,42.81,,,,
07/13/26 10:45:00,43.19,,,,
07/13/26 10:50:00,43.89,,,,
07/13/26 10:55:00,43.19,,,,
07/13/26 11:00:00,43.58,,,,
07/13/26 11:05:00,43.81,,,,
07/13/26 11:10:00,44.12,,,,
07/13/26 11:15:00,43.50,,,,
07/13/26 11:20:00,43.58,,,,
07/13/26 11:25:00,42.65,,,,
07/13/26 11:30:00,42.11,,,,
07/13/26 11:35:00,43.11,,,,
07/13/26 11:40:00,42.73,,,,
07/13/26 11:45:00,43.58,,,,
07/13/26 11:50:00,42.73,,,,
07/13/26 11:55:00,42.81,,,,
07/13/26 12:00:00,43.35,,,,
07/13/26 12:05:00,43.11,,,,
07/13/26 12:10:00,43.42,,,,
07/13/26 12:15:00,43.35,,,,
07/13/26 12:20:00,43.73,,,,
07/13/26 12:25:00,44.04,,,,
07/13/26 12:30:00,43.81,,,,
07/13/26 12:35:00,44.20,,,,
07/13/26 12:40:00,43.81,,,,
07/13/26 12:45:00,43.11,,,,
07/13/26 12:50:00,42.73,,,,
07/13/26 12:55:00,42.50,,,,
07/13/26 13:00:00,43.27,,,,
07/13/26 13:05:00,43.58,,,,
07/13/26 13:10:00,45.20,,,,
07/13/26 13:15:00,45.12,,,,
07/13/26 13:20:00,45.74,,,,
07/13/26 13:25:00,44.43,,,,
07/13/26 13:30:00,44.43,,,,
07/13/26 13:35:00,43.50,,,,
07/13/26 13:40:00,43.11,,,,
07/13/26 13:45:00,43.81,,,,
07/13/26 13:50:00,44.35,,,,
07/13/26 13:55:00,44.27,,,,
07/13/26 14:00:00,44.81,,,,
07/13/26 14:05:00,45.12,,,,
07/13/26 14:10:00,45.05,,,,
07/13/26 14:15:00,45.05,,,,
07/13/26 14:20:00,44.43,,,,
07/13/26 14:25:00,43.66,,,,
07/13/26 14:30:00,42.88,,,,
07/13/26 14:35:00,43.42,,,,
07/13/26 14:40:00,43.11,,,,
07/13/26 14:45:00,43.58,,,,
07/13/26 14:50:00,43.27,,,,
07/13/26 14:55:00,43.73,,,,
07/13/26 15:00:00,44.12,,,,
07/13/26 15:05:00,44.04,,,,
07/13/26 15:10:00,43.58,,,,
07/13/26 15:15:00,44.27,,,,
07/13/26 15:20:00,43.19,,,,
07/13/26 15:25:00,42.34,,,,
07/13/26 15:30:00,41.96,,,,
07/13/26 15:35:00,41.42,,,,
07/13/26 15:40:00,40.80,,,,
07/13/26 15:45:00,40.95,,,,
07/13/26 15:50:00,40.80,,,,
07/13/26 15:55:00,40.18,,,,
07/13/26 16:00:00,40.03,,,,
07/13/26 16:05:00,39.79,,,,
07/13/26 16:10:00,41.42,,,,
07/13/26 16:15:00,41.72,,,,
07/13/26 16:20:00,41.80,,,,
07/13/26 16:25:00,42.03,,,,
07/13/26 16:30:00,43.04,,,,
07/13/26 16:35:00,42.19,,,,
07/13/26 16:40:00,42.03,,,,
07/13/26 16:45:00,42.88,,,,
07/13/26 16:50:00,42.34,,,,
07/13/26 16:55:00,41.57,,,,
07/13/26 17:00:00,41.57,,,,
07/13/26 17:05:00,41.57,,,,
07/13/26 17:10:00,40.26,,,,
07/13/26 17:15:00,40.03,,,,
07/13/26 17:20:00,40.41,,,,
07/13/26 17:25:00,40.49,,,,
07/13/26 17:30:00,40.10,,,,
07/13/26 17:35:00,39.18,,,,
07/13/26 17:40:00,38.79,,,,
07/13/26 17:45:00,39.56,,,,
07/13/26 17:50:00,39.02,,,,
07/13/26 17:55:00,39.18,,,,
07/13/26 18:00:00,39.33,,,,
07/13/26 18:05:00,38.94,,,,
07/13/26 18:10:00,38.71,,,,
07/13/26 18:15:00,38.56,,,,
07/13/26 18:20:00,38.33,,,,
07/13/26 18:25:00,38.64,,,,
07/13/26 18:30:00,38.71,,,,
07/13/26 18:35:00,38.56,,,,
07/13/26 18:40:00,38.71,,,,
07/13/26 18:45:00,39.18,,,,
07/13/26 18:50:00,39.18,,,,
07/13/26 18:55:00,39.18,,,,
07/13/26 19:00:00,39.72,,,,
07/13/26 19:05:00,40.03,,,,
07/13/26 19:10:00,39.79,,,,
07/13/26 19:15:00,39.72,,,,
07/13/26 19:20:00,39.79,,,,
07/13/26 19:25:00,40.33,,,,
07/13/26 19:30:00,39.95,,,,
07/13/26 19:35:00,39.72,,,,
07/13/26 19:40:00,39.18,,,,
07/13/26 19:45:00,39.10,,,,
07/13/26 19:50:00,39.56,,,,
07/13/26 19:55:00,38.71,,,,
07/13/26 20:00:00,38.71,,,,
07/13/26 20:05:00,38.25,,,,
07/13/26 20:10:00,38.33,,,,
07/13/26 20:15:00,38.64,,,,
07/13/26 20:20:00,38.87,,,,
07/13/26 20:25:00,39.41,,,,
07/13/26 20:30:00,39.56,,,,
07/13/26 20:35:00,39.72,,,,
07/13/26 20:40:00,39.10,,,,
07/13/26 20:45:00,39.02,,,,
07/13/26 20:50:00,38.94,,,,
07/13/26 20:55:00,38.87,,,,
07/13/26 21:00:00,37.86,,,,
07/13/26 21:05:00,37.01,,,,
07/13/26 21:10:00,36.94,,,,
07/13/26 21:15:00,37.01,,,,
07/13/26 21:20:00,37.48,,,,
07/13/26 21:25:00,36.71,,,,
07/13/26 21:30:00,36.24,,,,
07/13/26 21:35:00,35.93,,,,
07/13/26 21:40:00,35.70,,,,
07/13/26 21:45:00,35.70,,,,
07/13/26 21:50:00,35.70,,,,
07/13/26 21:55:00,35.39,,,,
07/13/26 22:00:00,35.70,,,,
07/13/26 22:05:00,35.39,,,,
07/13/26 22:10:00,35.39,,,,
07/13/26 22:15:00,35.39,,,,
07/13/26 22:20:00,35.62,,,,
07/13/26 22:25:00,36.24,,,,
07/13/26 22:30:00,35.86,,,,
07/13/26 22:35:00,36.71,,,,
07/13/26 22:40:00,37.25,,,,
07/13/26 22:45:00,37.48,,,,
07/13/26 22:50:00,37.40,,,,
07/13/26 22:55:00,36.63,,,,
07/13/26 23:00:00,37.17,,,,
07/13/26 23:05:00,38.48,,,,
07/13/26 23:10:00,38.33,,,,
07/13/26 23:15:00,37.40,,,,
07/13/26 23:20:00,37.71,,,,
07/13/26 23:25:00,37.17,,,,
07/13/26 23:30:00,36.01,,,,
07/13/26 23:35:00,36.47,,,,
07/13/26 23:40:00,36.24,,,,
07/13/26 23:45:00,36.01,,,,
07/13/26 23:50:00,35.55,,,,
07/13/26 23:55:00,35.39,,,,
07/14/26 00:00:00,35.24,,,,
07/14/26 00:05:00,34.70,,,,
07/14/26 00:10:00,35.47,,,,
07/14/26 00:15:00,35.62,,,,
07/14/26 00:20:00,36.24,,,,
07/14/26 00:25:00,35.93,,,,
07/14/26 00:30:00,36.16,,,,
07/14/26 00:35:00,36.09,,,,
07/14/26 00:40:00,35.86,,,,
07/14/26 00:45:00,35.86,,,,
07/14/26 00:50:00,35.47,,,,
07/14/26 00:55:00,35.16,,,,
07/14/26 01:00:00,35.78,,,,
07/14/26 01:05:00,35.32,,,,
07/14/26 01:10:00,35.62,,,,
07/14/26 01:15:00,35.01,,,,
07/14/26 01:20:00,35.01,,,,
07/14/26 01:25:00,34.93,,,,
07/14/26 01:30:00,34.47,,,,
07/14/26 01:35:00,34.16,,,,
07/14/26 01:40:00,33.93,,,,
07/14/26 01:45:00,34.23,,,,
07/14/26 01:50:00,34.23,,,,
07/14/26 01:55:00,34.31,,,,
07/14/26 02:00:00,35.24,,,,
07/14/26 02:05:00,34.62,,,,
07/14/26 02:10:00,34.23,,,,
07/14/26 02:15:00,34.77,,,,
07/14/26 02:20:00,35.01,,,,
07/14/26 02:25:00,35.55,,,,
07/14/26 02:30:00,35.24,,,,
07/14/26 02:35:00,35.08,,,,
07/14/26 02:40:00,35.62,,,,
07/14/26 02:45:00,35.47,,,,
07/14/26 02:50:00,35.86,,,,
07/14/26 02:55:00,35.55,,,,
07/14/26 03:00:00,35.32,,,,
07/14/26 03:05:00,34.62,,,,
07/14/26 03:10:00,34.47,,,,
07/14/26 03:15:00,34.23,,,,
07/14/26 03:20:00,34.00,,,,
07/14/26 03:25:00,33.85,,,,
07/14/26 03:30:00,34.47,,,,
07/14/26 03:35:00,34.93,,,,
07/14/26 03:40:00,35.39,,,,
07/14/26 03:45:00,35.78,,,,
07/14/26 03:50:00,36.71,,,,
07/14/26 03:55:00,36.01,,,,
07/14/26 04:00:00,35.70,,,,
07/14/26 04:05:00,35.70,,,,
07/14/26 04:10:00,34.47,,,,
07/14/26 04:15:00,34.23,,,,
07/14/26 04:20:00,34.70,,,,
07/14/26 04:25:00,34.70,,,,
07/14/26 04:30:00,35.24,,,,
07/14/26 04:35:00,35.47,,,,
07/14/26 04:40:00,35.24,,,,
07/14/26 04:45:00,36.24,,,,
07/14/26 04:50:00,35.47,,,,
07/14/26 04:55:00,35.86,,,,
07/14/26 05:00:00,36.16,,,,
07/14/26 05:05:00,36.47,,,,
07/14/26 05:10:00,36.24,,,,
07/14/26 05:15:00,35.55,,,,
07/14/26 05:20:00,35.78,,,,
07/14/26 05:25:00,35.08,,,,
07/14/26 05:30:00,35.62,,,,
07/14/26 05:35:00,36.71,,,,
07/14/26 05:40:00,37.48,,,,
07/14/26 05:45:00,38.02,,,,
07/14/26 05:50:00,38.48,,,,
07/14/26 05:55:00,37.55,,,,
07/14/26 06:00:00,37.71,,,,
07/14/26 06:05:00,37.63,,,,
07/14/26 06:10:00,37.32,,,,
07/14/26 06:15:00,37.71,,,,
07/14/26 06:20:00,37.86,,,,
07/14/26 06:25:00,38.64,,,,
07/14/26 06:30:00,39.25,,,,
07/14/26 06:35:00,39.56,,,,
07/14/26 06:40:00,40.18,,,,
07/14/26 06:45:00,41.03,,,,
07/14/26 06:50:00,41.57,,,,
07/14/26 06:55:00,41.65,,,,
07/14/26 07:00:00,43.19,,,,
07/14/26 07:05:00,43.73,,,,
07/14/26 07:10:00,43.19,,,,
07/14/26 07:15:00,43.89,,,,
07/14/26 07:20:00,44.74,,,,
07/14/26 07:25:00,44.50,,,,
07/14/26 07:30:00,45.20,,,,
07/14/26 07:35:00,44.66,,,,
07/14/26 07:40:00,44.66,,,,
07/14/26 07:45:00,44.81,,,,
07/14/26 07:50:00,45.51,,,,
07/14/26 07:55:00,43.58,,,,
07/14/26 08:00:00,42.27,,,,
07/14/26 08:05:00,42.88,,,,
07/14/26 08:10:00,43.50,,,,
07/14/26 08:15:00,43.35,,,,
07/14/26 08:20:00,43.04,,,,
07/14/26 08:25:00,41.88,,,,
07/14/26 08:30:00,41.03,,,,
07/14/26 08:35:00,41.18,,,,
07/14/26 08:40:00,40.95,,,,
07/14/26 08:45:00,40.57,,,,
07/14/26 08:50:00,40.10,,,,
07/14/26 08:55:00,40.18,,,,
07/14/26 09:00:00,40.10,,,,
07/14/26 09:05:00,40.64,,,,
07/14/26 09:10:00,40.95,,,,
07/14/26 09:15:00,41.34,,,,
07/14/26 09:20:00,41.57,,,,
07/14/26 09:25:00,41.57,,,,
07/14/26 09:30:00,41.88,,,,
07/14/26 09:35:00,42.27,,,,
07/14/26 09:40:00,42.42,,,,
07/14/26 09:45:00,42.27,,,,
07/14/26 09:50:00,42.73,,,,
07/14/26 09:55:00,43.96,,,,
07/14/26 10:00:00,44.04,,,,
07/14/26 10:05:00,43.35,,,,
07/14/26 10:10:00,43.42,,,,
07/14/26 10:15:00,44.81,,,,
07/14/26 10:20:00,44.58,,,,
07/14/26 10:25:00,45.59,,,,
07/14/26 10:30:00,45.89,,,,
07/14/26 10:35:00,46.13,,,,
07/14/26 10:40:00,45.51,,,,
07/14/26 10:45:00,46.36,,,,
07/14/26 10:50:00,47.13,,,,
07/14/26 10:55:00,45.05,,,,
07/14/26 11:00:00,43.19,,,,
07/14/26 11:05:00,44.12,,,,
07/14/26 11:10:00,44.58,,,,
07/14/26 11:15:00,43.89,,,,
07/14/26 11:20:00,44.27,,,,
07/14/26 11:25:00,43.81,,,,
07/14/26 11:30:00,42.19,,,,
07/14/26 11:35:00,41.96,,,,
07/14/26 11:40:00,41.72,,,,
07/14/26 11:45:00,41.26,,,,
07/14/26 11:50:00,41.26,,,,
07/14/26 11:55:00,41.42,,,,
07/14/26 12:00:00,41.49,,,,
07/14/26 12:05:00,41.57,,,,
07/14/26 12:10:00,40.88,,,,
07/14/26 12:15:00,40.80,,,,
07/14/26 12:20:00,41.03,,,,
07/14/26 12:25:00,41.18,,,,
07/14/26 12:30:00,40.95,,,,
07/14/26 12:35:00,41.65,,,,
07/14/26 12:40:00,42.19,,,,
07/14/26 12:45:00,42.73,,,,
07/14/26 12:50:00,42.65,,,,
07/14/26 12:55:00,43.27,,,,
07/14/26 13:00:00,43.42,,,,
07/14/26 13:05:00,43.66,,,,
07/14/26 13:10:00,42.57,,,,
07/14/26 13:15:00,41.80,,,,
07/14/26 13:20:00,41.18,,,,
07/14/26 13:25:00,41.18,,,,
07/14/26 13:30:00,41.49,,,,
07/14/26 13:35:00,42.19,,,,
07/14/26 13:40:00,43.04,,,,
07/14/26 13:45:00,45.05,,,,
07/14/26 13:50:00,45.66,,,,
07/14/26 13:55:00,45.35,,,,
07/14/26 14:00:00,46.13,,,,
07/14/26 14:05:00,46.90,,,,
07/14/26 14:10:00,44.27,,,,
07/14/26 14:15:00,42.96,,,,
07/14/26 14:20:00,43.11,,,,
07/14/26 14:25:00,42.96,,,,
07/14/26 14:30:00,42.88,,,,
07/14/26 14:35:00,42.03,,,,
07/14/26 14:40:00,41.96,,,,
07/14/26 14:45:00,41.49,,,,
07/14/26 14:50:00,41.72,,,,
07/14/26 14:55:00,41.18,,,,
07/14/26 15:00:00,41.18,,,,
07/14/26 15:05:00,40.49,,,,
07/14/26 15:10:00,40.26,,,,
07/14/26 15:15:00,40.26,,,,
07/14/26 15:20:00,39.56,,,,
07/14/26 15:25:00,38.79,,,,
07/14/26 15:30:00,38.56,,,,
07/14/26 15:35:00,39.64,,,,
07/14/26 15:40:00,39.79,,,,
07/14/26 15:45:00,40.03,,,,
07/14/26 15:50:00,40.49,,,,
07/14/26 15:55:00,42.19,,,,
07/14/26 16:00:00,43.27,,,,
07/14/26 16:05:00,43.04,,,,
07/14/26 16:10:00,42.88,,,,
07/14/26 16:15:00,39.95,,,,
07/14/26 16:20:00,38.79,,,,
07/14/26 16:25:00,39.18,,,,
07/14/26 16:30:00,38.87,,,,
07/14/26 16:35:00,38.71,,,,
07/14/26 16:40:00,38.33,,,,
07/14/26 16:45:00,38.25,,,,
07/14/26 16:50:00,38.64,,,,
07/14/26 16:55:00,38.64,,,,
07/14/26 17:00:00,39.25,,,,
07/14/26 17:05:00,38.56,,,,
07/14/26 17:10:00,38.17,,,,
07/14/26 17:15:00,37.55,,,,
07/14/26 17:20:00,37.32,,,,
07/14/26 17:25:00,37.71,,,,
07/14/26 17:30:00,38.40,,,,
07/14/26 17:35:00,37.94,,,,
07/14/26 17:40:00,37.86,,,,
07/14/26 17:45:00,38.25,,,,
07/14/26 17:50:00,38.02,,,,
07/14/26 17:55:00,37.55,,,,
07/14/26 18:00:00,37.55,,,,
07/14/26 18:05:00,37.40,,,,
07/14/26 18:10:00,37.63,,,,
07/14/26 18:15:00,38.40,,,,
07/14/26 18:20:00,37.79,,,,
07/14/26 18:25:00,37.01,,,,
07/14/26 18:30:00,37.40,,,,
07/14/26 18:35:00,37.01,,,,
07/14/26 18:40:00,37.63,,,,
07/14/26 18:45:00,37.48,,,,
07/14/26 18:50:00,37.79,,,,
07/14/26 18:55:00,38.64,,,,
07/14/26 19:00:00,38.79,,,,
07/14/26 19:05:00,38.87,,,,
07/14/26 19:10:00,39.18,,,,
07/14/26 19:15:00,38.64,,,,
07/14/26 19:20:00,38.64,,,,
07/14/26 19:25:00,38.17,,,,
07/14/26 19:30:00,38.10,,,,
07/14/26 19:35:00,38.25,,,,
07/14/26 19:40:00,38.25,,,,
07/14/26 19:45:00,38.56,,,,
07/14/26 19:50:00,38.56,,,,
07/14/26 19:55:00,38.25,,,,
07/14/26 20:00:00,38.10,,,,
07/14/26 20:05:00,37.86,,,,
07/14/26 20:10:00,37.55,,,,
07/14/26 20:15:00,37.25,,,,
07/14/26 20:20:00,36.94,,,,
07/14/26 20:25:00,36.94,,,,
07/14/26 20:30:00,37.17,,,,
07/14/26 20:35:00,38.17,,,,
07/14/26 20:40:00,37.94,,,,
07/14/26 20:45:00,37.71,,,,
07/14/26 20:50:00,38.25,,,,
07/14/26 20:55:00,38.25,,,,
07/14/26 21:00:00,37.55,,,,
07/14/26 21:05:00,37.40,,,,
07/14/26 21:10:00,37.86,,,,
07/14/26 21:15:00,37.55,,,,
07/14/26 21:20:00,37.01,,,,
07/14/26 21:25:00,37.01,,,,
07/14/26 21:30:00,37.32,,,,
07/14/26 21:35:00,37.25,,,,
07/14/26 21:40:00,37.32,,,,
07/14/26 21:45:00,37.71,,,,
07/14/26 21:50:00,37.40,,,,
07/14/26 21:55:00,37.32,,,,
07/14/26 22:00:00,36.86,,,,
07/14/26 22:05:00,36.86,,,,
07/14/26 22:10:00,37.01,,,,
07/14/26 22:15:00,37.01,,,,
07/14/26 22:20:00,36.94,,,,
07/14/26 22:25:00,37.01,,,,
07/14/26 22:30:00,37.25,,,,
07/14/26 22:35:00,36.86,,,,
07/14/26 22:40:00,37.09,,,,
07/14/26 22:45:00,37.25,,,,
07/14/26 22:50:00,37.25,,,,
07/14/26 22:55:00,39.10,,,,
07/14/26 23:00:00,40.03,,,,
07/14/26 23:05:00,38.33,,,,
07/14/26 23:10:00,37.86,,,,
07/14/26 23:15:00,37.32,,,,
07/14/26 23:20:00,37.17,,,,
07/14/26 23:25:00,36.94,,,,
07/14/26 23:30:00,36.86,,,,
07/14/26 23:35:00,37.17,,,,
07/14/26 23:40:00,37.55,,,,
07/14/26 23:45:00,38.10,,,,
07/14/26 23:50:00,37.09,,,,
07/14/26 23:55:00,36.94,,,,
07/15/26 00:00:00,36.94,,,,
07/15/26 00:05:00,37.01,,,,
07/15/26 00:10:00,36.94,,,,
07/15/26 00:15:00,37.09,,,,
07/15/26 00:20:00,36.78,,,,
07/15/26 00:25:00,36.86,,,,
07/15/26 00:30:00,36.86,,,,
07/15/26 00:35:00,36.86,,,,
07/15/26 00:40:00,36.94,,,,
07/15/26 00:45:00,36.78,,,,
07/15/26 00:50:00,36.47,,,,
07/15/26 00:55:00,36.55,,,,
07/15/26 01:00:00,36.55,,,,
07/15/26 01:05:00,36.63,,,,
07/15/26 01:10:00,36.47,,,,
07/15/26 01:15:00,36.78,,,,
07/15/26 01:20:00,37.09,,,,
07/15/26 01:25:00,36.78,,,,
07/15/26 01:30:00,36.55,,,,
07/15/26 01:35:00,36.86,,,,
07/15/26 01:40:00,36.78,,,,
07/15/26 01:45:00,36.47,,,,
07/15/26 01:50:00,36.01,,,,
07/15/26 01:55:00,36.16,,,,
07/15/26 02:00:00,36.09,,,,
07/15/26 02:05:00,36.09,,,,
07/15/26 02:10:00,36.16,,,,
07/15/26 02:15:00,36.40,,,,
07/15/26 02:20:00,36.47,,,,
07/15/26 02:25:00,36.78,,,,
07/15/26 02:30:00,37.01,,,,
07/15/26 02:35:00,37.32,,,,
07/15/26 02:40:00,37.25,,,,
07/15/26 02:45:00,37.01,,,,
07/15/26 02:50:00,37.17,,,,
07/15/26 02:55:00,37.25,,,,
07/15/26 03:00:00,37.09,,,,
07/15/26 03:05:00,37.48,,,,
07/15/26 03:10:00,37.48,,,,
07/15/26 03:15:00,36.71,,,,
07/15/26 03:20:00,36.71,,,,
07/15/26 03:25:00,36.24,,,,
07/15/26 03:30:00,35.78,,,,
07/15/26 03:35:00,35.62,,,,
07/15/26 03:40:00,35.32,,,,
07/15/26 03:45:00,35.01,,,,
07/15/26 03:50:00,35.32,,,,
07/15/26 03:55:00,35.86,,,,
07/15/26 04:00:00,36.40,,,,
07/15/26 04:05:00,36.47,,,,
07/15/26 04:10:00,36.40,,,,
07/15/26 04:15:00,36.47,,,,
07/15/26 04:20:00,36.47,,,,
07/15/26 04:25:00,36.47,,,,
07/15/26 04:30:00,36.63,,,,
07/15/26 04:35:00,37.01,,,,
07/15/26 04:40:00,36.94,,,,
07/15/26 04:45:00,36.86,,,,
07/15/26 04:50:00,36.63,,,,
07/15/26 04:55:00,36.55,,,,
07/15/26 05:00:00,36.32,,,,
07/15/26 05:05:00,36.09,,,,
07/15/26 05:10:00,35.32,,,,
07/15/26 05:15:00,35.16,,,,
07/15/26 05:20:00,36.24,,,,
07/15/26 05:25:00,35.62,,,,
07/15/26 05:30:00,35.47,,,,
07/15/26 05:35:00,35.16,,,,
07/15/26 05:40:00,34.93,,,,
07/15/26 05:45:00,35.24,,,,
07/15/26 05:50:00,35.01,,,,
07/15/26 05:55:00,35.01,,,,
07/15/26 06:00:00,35.62,,,,
07/15/26 06:05:00,35.01,,,,
07/15/26 06:10:00,34.77,,,,
07/15/26 06:15:00,34.62,,,,
07/15/26 06:20:00,34.77,,,,
07/15/26 06:25:00,35.01,,,,
07/15/26 06:30:00,35.16,,,,
07/15/26 06:35:00,35.32,,,,
07/15/26 06:40:00,35.86,,,,
07/15/26 06:45:00,36.47,,,,
07/15/26 06:50:00,36.63,,,,
07/15/26 06:55:00,37.55,,,,
07/15/26 07:00:00,37.55,,,,
07/15/26 07:05:00,37.48,,,,
07/15/26 07:10:00,37.25,,,,
07/15/26 07:15:00,36.86,,,,
07/15/26 07:20:00,36.86,,,,
07/15/26 07:25:00,36.94,,,,
07/15/26 07:30:00,37.01,,,,
07/15/26 07:35:00,37.48,,,,
07/15/26 07:40:00,37.86,,,,
07/15/26 07:45:00,37.71,,,,
07/15/26 07:50:00,37.48,,,,
07/15/26 07:55:00,37.32,,,,
07/15/26 08:00:00,36.78,,,,
07/15/26 08:05:00,36.40,,,,
07/15/26 08:10:00,36.16,,,,
07/15/26 08:15:00,36.09,,,,
07/15/26 08:20:00,36.16,,,,
07/15/26 08:25:00,36.40,,,,
07/15/26 08:30:00,35.93,,,,
07/15/26 08:35:00,35.70,,,,
07/15/26 08:40:00,35.70,,,,
07/15/26 08:45:00,35.62,,,,
07/15/26 08:50:00,35.55,,,,
07/15/26 08:55:00,35.47,,,,
07/15/26 09:00:00,35.39,,,,
07/15/26 09:05:00,35.55,,,,
07/15/26 09:10:00,35.39,,,,
07/15/26 09:15:00,35.55,,,,
07/15/26 09:20:00,35.55,,,,
07/15/26 09:25:00,35.55,,,,
07/15/26 09:30:00,35.78,,,,
07/15/26 09:35:00,35.78,,,,
07/15/26 09:40:00,35.70,,,,
07/15/26 09:45:00,35.62,,,,
07/15/26 09:50:00,35.78,,,,
07/15/26 09:55:00,35.86,,,,
07/15/26 10:00:00,36.09,,,,
07/15/26 10:05:00,36.16,,,,
07/15/26 10:10:00,36.40,,,,
07/15/26 10:15:00,36.71,,,,
07/15/26 10:20:00,36.94,,,,
07/15/26 10:25:00,37.01,,,,
07/15/26 10:30:00,37.01,,,,
07/15/26 10:35:00,37.25,,,,
07/15/26 10:40:00,37.48,,,,
07/15/26 10:45:00,37.48,,,,
07/15/26 10:50:00,37.79,,,,
07/15/26 10:55:00,37.79,,,,
07/15/26 11:00:00,37.94,,,,
07/15/26 11:05:00,37.55,,,,
07/15/26 11:10:00,37.40,,,,
07/15/26 11:15:00,37.48,,,,
07/15/26 11:20:00,37.40,,,,
07/15/26 11:25:00,37.48,,,,
07/15/26 11:30:00,37.32,,,,
07/15/26 11:35:00,37.32,,,,
07/15/26 11:40:00,37.63,,,,
07/15/26 11:45:00,37.55,,,,
07/15/26 11:50:00,37.48,,,,
07/15/26 11:55:00,37.79,,,,
07/15/26 12:00:00,37.01,,,,
07/15/26 12:05:00,36.94,,,,
07/15/26 12:10:00,37.01,,,,
07/15/26 12:15:00,37.32,,,,
07/15/26 12:20:00,37.32,,,,
07/15/26 12:25:00,37.48,,,,
07/15/26 12:30:00,37.71,,,,
07/15/26 12:35:00,37.71,,,,
07/15/26 12:40:00,37.63,,,,
07/15/26 12:45:00,37.79,,,,
07/15/26 12:50:00,37.94,,,,
07/15/26 12:55:00,38.10,,,,
07/15/26 13:00:00,38.40,,,,
07/15/26 13:05:00,38.25,,,,
07/15/26 13:10:00,38.56,,,,
07/15/26 13:15:00,38.17,,,,
07/15/26 13:20:00,38.02,,,,
07/15/26 13:25:00,37.86,,,,
07/15/26 13:30:00,38.10,,,,
07/15/26 13:35:00,38.02,,,,
07/15/26 13:40:00,38.25,,,,
07/15/26 13:45:00,38.25,,,,
07/15/26 13:50:00,38.40,,,,
07/15/26 13:55:00,38.71,,,,
07/15/26 14:00:00,38.71,,,,
07/15/26 14:05:00,38.40,,,,
07/15/26 14:10:00,38.40,,,,
07/15/26 14:15:00,38.33,,,,
07/15/26 14:20:00,38.48,,,,
07/15/26 14:25:00,38.56,,,,
07/15/26 14:30:00,38.79,,,,
07/15/26 14:35:00,38.56,,,,
07/15/26 14:40:00,38.71,,,,
07/15/26 14:45:00,38.25,,,,
07/15/26 14:50:00,37.86,,,,
07/15/26 14:55:00,38.02,,,,
07/15/26 15:00:00,38.02,,,,
07/15/26 15:05:00,38.02,,,,
07/15/26 15:10:00,37.55,,,,
07/15/26 15:15:00,37.79,,,,
07/15/26 15:20:00,37.94,,,,
07/15/26 15:25:00,38.02,,,,
07/15/26 15:30:00,38.25,,,,
07/15/26 15:35:00,38.25,,,,
07/15/26 15:40:00,38.17,,,,
07/15/26 15:45:00,38.33,,,,
07/15/26 15:50:00,38.10,,,,
07/15/26 15:55:00,38.25,,,,
07/15/26 16:00:00,38.64,,,,
07/15/26 16:05:00,38.25,,,,
07/15/26 16:10:00,38.33,,,,
07/15/26 16:15:00,38.56,,,,
07/15/26 16:20:00,38.87,,,,
07/15/26 16:25:00,38.79,,,,
07/15/26 16:30:00,39.10,,,,
07/15/26 16:35:00,39.10,,,,
07/15/26 16:40:00,39.02,,,,
07/15/26 16:45:00,39.02,,,,
07/15/26 16:50:00,38.48,,,,
07/15/26 16:55:00,38.48,,,,
07/15/26 17:00:00,38.33,,,,
07/15/26 17:05:00,38.71,,,,
07/15/26 17:10:00,39.18,,,,
07/15/26 17:15:00,39.33,,,,
07/15/26 17:20:00,39.33,,,,
07/15/26 17:25:00,39.79,,,,
07/15/26 17:30:00,40.41,,,,
07/15/26 17:35:00,40.64,,,,
07/15/26 17:40:00,40.80,,,,
07/15/26 17:45:00,41.18,,,,
07/15/26 17:50:00,41.11,,,,
07/15/26 17:55:00,41.42,,,,
07/15/26 18:00:00,41.26,,,,
07/15/26 18:05:00,41.18,,,,
07/15/26 18:10:00,41.34,,,,
07/15/26 18:15:00,41.18,,,,
07/15/26 18:20:00,41.18,,,,
07/15/26 18:25:00,41.18,,,,
07/15/26 18:30:00,40.72,,,,
07/15/26 18:35:00,40.18,,,,
07/15/26 18:40:00,39.87,,,,
07/15/26 18:45:00,39.33,,,,
07/15/26 18:50:00,39.33,,,,
07/15/26 18:55:00,39.56,,,,
07/15/26 19:00:00,39.95,,,,
07/15/26 19:05:00,40.03,,,,
07/15/26 19:10:00,39.87,,,,
07/15/26 19:15:00,39.95,,,,
07/15/26 19:20:00,39.56,,,,
07/15/26 19:25:00,39.56,,,,
07/15/26 19:30:00,39.56,,,,
07/15/26 19:35:00,39.64,,,,
07/15/26 19:40:00,39.64,,,,
07/15/26 19:45:00,39.72,,,,
07/15/26 19:50:00,39.33,,,,
07/15/26 19:55:00,39.10,,,,
07/15/26 20:00:00,39.25,,,,
07/15/26 20:05:00,38.87,,,,
07/15/26 20:10:00,38.56,,,,
07/15/26 20:15:00,38.71,,,,
07/15/26 20:20:00,38.40,,,,
07/15/26 20:25:00,38.48,,,,
07/15/26 20:30:00,38.10,,,,
07/15/26 20:35:00,37.79,,,,
07/15/26 20:40:00,37.86,,,,
07/15/26 20:45:00,37.55,,,,
07/15/26 20:50:00,37.25,,,,
07/15/26 20:55:00,37.32,,,,
07/15/26 21:00:00,37.09,,,,
07/15/26 21:05:00,36.78,,,,
07/15/26 21:10:00,36.86,,,,
07/15/26 21:15:00,36.78,,,,
07/15/26 21:20:00,36.63,,,,
07/15/26 21:25:00,36.63,,,,
07/15/26 21:30:00,36.63,,,,
07/15/26 21:35:00,36.86,,,,
07/15/26 21:40:00,37.17,,,,
07/15/26 21:45:00,37.17,,,,
07/15/26 21:50:00,37.25,,,,
07/15/26 21:55:00,37.79,,,,
07/15/26 22:00:00,37.17,,,,
07/15/26 22:05:00,37.17,,,,
07/15/26 22:10:00,36.94,,,,
07/15/26 22:15:00,37.32,,,,
07/15/26 22:20:00,37.25,,,,
07/15/26 22:25:00,37.09,,,,
07/15/26 22:30:00,37.17,,,,
07/15/26 22:35:00,37.63,,,,
07/15/26 22:40:00,37.32,,,,
07/15/26 22:45:00,37.25,,,,
07/15/26 22:50:00,37.40,,,,
07/15/26 22:55:00,37.48,,,,
07/15/26 23:00:00,37.55,,,,
07/15/26 23:05:00,37.32,,,,
07/15/26 23:10:00,36.94,,,,
07/15/26 23:15:00,36.78,,,,
07/15/26 23:20:00,36.47,,,,
07/15/26 23:25:00,36.09,,,,
07/15/26 23:30:00,35.70,,,,
07/15/26 23:35:00,35.70,,,,
07/15/26 23:40:00,35.70,,,,
07/15/26 23:45:00,35.86,,,,
07/15/26 23:50:00,35.93,,,,
07/15/26 23:55:00,36.01,,,,
07/16/26 00:00:00,36.47,,,,
07/16/26 00:05:00,37.09,,,,
07/16/26 00:10:00,37.32,,,,
07/16/26 00:15:00,37.25,,,,
07/16/26 00:20:00,37.17,,,,
07/16/26 00:25:00,37.17,,,,
07/16/26 00:30:00,36.63,,,,
07/16/26 00:35:00,36.40,,,,
07/16/26 00:40:00,36.71,,,,
07/16/26 00:45:00,36.71,,,,
07/16/26 00:50:00,37.01,,,,
07/16/26 00:55:00,37.17,,,,
07/16/26 01:00:00,37.48,,,,
07/16/26 01:05:00,37.48,,,,
07/16/26 01:10:00,37.55,,,,
07/16/26 01:15:00,37.55,,,,
07/16/26 01:20:00,36.63,,,,
07/16/26 01:25:00,37.25,,,,
07/16/26 01:30:00,37.09,,,,
07/16/26 01:35:00,36.94,,,,
07/16/26 01:40:00,37.09,,,,
07/16/26 01:45:00,36.94,,,,
07/16/26 01:50:00,36.94,,,,
07/16/26 01:55:00,36.86,,,,
07/16/26 02:00:00,36.78,,,,
07/16/26 02:05:00,36.78,,,,
07/16/26 02:10:00,36.32,,,,
07/16/26 02:15:00,36.55,,,,
07/16/26 02:20:00,36.55,,,,
07/16/26 02:25:00,36.40,,,,
07/16/26 02:30:00,36.32,,,,
07/16/26 02:35:00,36.40,,,,
07/16/26 02:40:00,36.32,,,,
07/16/26 02:45:00,36.16,,,,
07/16/26 02:50:00,36.09,,,,
07/16/26 02:55:00,35.70,,,,
07/16/26 03:00:00,35.24,,,,
07/16/26 03:05:00,35.47,,,,
07/16/26 03:10:00,35.39,,,,
07/16/26 03:15:00,35.70,,,,
07/16/26 03:20:00,36.32,,,,
07/16/26 03:25:00,37.01,,,,
07/16/26 03:30:00,37.09,,,,
07/16/26 03:35:00,37.25,,,,
07/16/26 03:40:00,36.71,,,,
07/16/26 03:45:00,36.24,,,,
07/16/26 03:50:00,36.09,,,,
07/16/26 03:55:00,37.01,,,,
07/16/26 04:00:00,37.71,,,,
07/16/26 04:05:00,37.17,,,,
07/16/26 04:10:00,37.48,,,,
07/16/26 04:15:00,36.63,,,,
07/16/26 04:20:00,36.09,,,,
07/16/26 04:25:00,35.78,,,,
07/16/26 04:30:00,35.93,,,,
07/16/26 04:35:00,36.40,,,,
07/16/26 04:40:00,36.24,,,,
07/16/26 04:45:00,36.24,,,,
07/16/26 04:50:00,36.09,,,,
07/16/26 04:55:00,36.47,,,,
07/16/26 05:00:00,36.86,,,,
07/16/26 05:05:00,37.17,,,,
07/16/26 05:10:00,37.32,,,,
07/16/26 05:15:00,36.94,,,,
07/16/26 05:20:00,36.71,,,,
07/16/26 05:25:00,36.40,,,,
07/16/26 05:30:00,37.17,,,,
07/16/26 05:35:00,37.17,,,,
07/16/26 05:40:00,37.86,,,,
07/16/26 05:45:00,37.48,,,,
07/16/26 05:50:00,36.55,,,,
07/16/26 05:55:00,36.24,,,,
07/16/26 06:00:00,36.16,,,,
07/16/26 06:05:00,35.78,,,,
07/16/26 06:10:00,35.62,,,,
07/16/26 06:15:00,35.47,,,,
07/16/26 06:20:00,35.78,,,,
07/16/26 06:25:00,35.55,,,,
07/16/26 06:30:00,34.77,,,,
07/16/26 06:35:00,34.31,,,,
07/16/26 06:40:00,34.31,,,,
07/16/26 06:45:00,34.62,,,,
07/16/26 06:50:00,35.08,,,,
07/16/26 06:55:00,35.01,,,,
07/16/26 07:00:00,35.32,,,,
07/16/26 07:05:00,35.55,,,,
07/16/26 07:10:00,36.01,,,,
07/16/26 07:15:00,36.16,,,,
07/16/26 07:20:00,35.86,,,,
07/16/26 07:25:00,35.55,,,,
07/16/26 07:30:00,35.32,,,,
07/16/26 07:35:00,35.24,,,,
07/16/26 07:40:00,35.70,,,,
07/16/26 07:45:00,35.86,,,,
07/16/26 07:50:00,35.93,,,,
07/16/26 07:55:00,36.09,,,,
07/16/26 08:00:00,36.40,,,,
07/16/26 08:05:00,36.94,,,,
07/16/26 08:10:00,36.78,,,,
07/16/26 08:15:00,36.47,,,,
07/16/26 08:20:00,36.40,,,,
07/16/26 08:25:00,36.55,,,,
07/16/26 08:30:00,36.47,,,,
07/16/26 08:35:00,36.71,,,,
07/16/26 08:40:00,36.86,,,,
07/16/26 08:45:00,37.01,,,,
07/16/26 08:50:00,37.09,,,,
07/16/26 08:55:00,37.32,,,,
07/16/26 09:00:00,37.48,,,,
07/16/26 09:05:00,37.32,,,,
07/16/26 09:10:00,37.40,,,,
07/16/26 09:15:00,37.25,,,,
07/16/26 09:20:00,37.25,,,,
07/16/26 09:25:00,37.17,,,,
07/16/26 09:30:00,37.48,,,,
07/16/26 09:35:00,37.79,,,,
07/16/26 09:40:00,37.94,,,,
07/16/26 09:45:00,38.40,,,,
07/16/26 09:50:00,38.48,,,,
07/16/26 09:55:00,38.71,,,,
07/16/26 10:00:00,38.79,,,,
07/16/26 10:05:00,38.94,,,,
07/16/26 10:10:00,39.02,,,,
07/16/26 10:15:00,39.49,,,,
07/16/26 10:20:00,39.56,,,,
07/16/26 10:25:00,39.79,,,,
07/16/26 10:30:00,39.95,,,,
07/16/26 10:35:00,40.10,,,,
07/16/26 10:40:00,40.49,,,,
07/16/26 10:45:00,40.88,,,,
07/16/26 10:50:00,41.11,,,,
07/16/26 10:55:00,41.18,,,,
07/16/26 11:00:00,41.49,,,,
07/16/26 11:05:00,41.49,,,,
07/16/26 11:10:00,42.11,,,,
07/16/26 11:15:00,42.73,,,,
07/16/26 11:20:00,41.96,,,,
07/16/26 11:25:00,41.57,,,,
07/16/26 11:30:00,41.49,,,,
07/16/26 11:35:00,40.88,,,,
07/16/26 11:40:00,40.88,,,,
07/16/26 11:45:00,40.80,,,,
07/16/26 11:50:00,40.72,,,,
07/16/26 11:55:00,40.57,,,,
07/16/26 12:00:00,40.41,,,,
07/16/26 12:05:00,40.33,,,,
07/16/26 12:10:00,40.41,,,,
07/16/26 12:15:00,40.49,,,,
07/16/26 12:20:00,40.18,,,,
07/16/26 12:25:00,40.10,,,,
07/16/26 12:30:00,40.18,,,,
07/16/26 12:35:00,40.03,,,,
07/16/26 12:40:00,40.33,,,,
07/16/26 12:45:00,40.57,,,,
07/16/26 12:50:00,40.57,,,,
07/16/26 12:55:00,40.72,,,,
07/16/26 13:00:00,40.64,,,,
07/16/26 13:05:00,40.57,,,,
07/16/26 13:10:00,40.95,,,,
07/16/26 13:15:00,40.80,,,,
07/16/26 13:20:00,40.49,,,,
07/16/26 13:25:00,40.33,,,,
07/16/26 13:30:00,40.26,,,,
07/16/26 13:35:00,40.10,,,,
07/16/26 13:40:00,40.03,,,,
07/16/26 13:45:00,40.10,,,,
07/16/26 13:50:00,39.87,,,,
07/16/26 13:55:00,39.95,,,,
07/16/26 14:00:00,40.03,,,,
07/16/26 14:05:00,40.33,,,,
07/16/26 14:10:00,40.26,,,,
07/16/26 14:15:00,40.10,,,,
07/16/26 14:20:00,40.26,,,,
07/16/26 14:25:00,40.10,,,,
07/16/26 14:30:00,40.03,,,,
07/16/26 14:35:00,39.87,,,,
07/16/26 14:40:00,39.95,,,,
07/16/26 14:45:00,39.95,,,,
07/16/26 14:50:00,40.10,,,,
07/16/26 14:55:00,40.10,,,,
07/16/26 15:00:00,40.10,,,,
07/16/26 15:05:00,40.03,,,,
07/16/26 15:10:00,39.79,,,,
07/16/26 15:15:00,39.95,,,,
07/16/26 15:20:00,40.10,,,,
07/16/26 15:25:00,40.10,,,,
07/16/26 15:30:00,40.33,,,,
07/16/26 15:35:00,40.64,,,,
07/16/26 15:40:00,40.26,,,,
07/16/26 15:45:00,40.10,,,,
07/16/26 15:50:00,39.87,,,,
07/16/26 15:55:00,40.03,,,,
07/16/26 16:00:00,40.18,,,,
07/16/26 16:05:00,40.10,,,,
07/16/26 16:10:00,39.95,,,,
07/16/26 16:15:00,40.03,,,,
07/16/26 16:20:00,39.72,,,,
07/16/26 16:25:00,39.64,,,,
07/16/26 16:30:00,39.64,,,,
07/16/26 16:35:00,39.95,,,,
07/16/26 16:40:00,39.64,,,,
07/16/26 16:45:00,39.64,,,,
07/16/26 16:50:00,39.87,,,,
07/16/26 16:55:00,39.87,,,,
07/16/26 17:00:00,39.79,,,,
07/16/26 17:05:00,39.33,,,,
07/16/26 17:10:00,39.02,,,,
07/16/26 17:15:00,38.87,,,,
07/16/26 17:20:00,39.10,,,,
07/16/26 17:25:00,38.94,,,,
07/16/26 17:30:00,39.33,,,,
07/16/26 17:35:00,38.87,,,,
07/16/26 17:40:00,39.10,,,,
07/16/26 17:45:00,38.94,,,,
07/16/26 17:50:00,38.87,,,,
07/16/26 17:55:00,38.64,,,,
07/16/26 18:00:00,38.33,,,,
07/16/26 18:05:00,38.10,,,,
07/16/26 18:10:00,38.02,,,,
07/16/26 18:15:00,38.10,,,,
07/16/26 18:20:00,38.64,,,,
07/16/26 18:25:00,38.79,,,,
07/16/26 18:30:00,38.33,,,,
07/16/26 18:35:00,38.33,,,,
07/16/26 18:40:00,38.71,,,,
07/16/26 18:45:00,39.64,,,,
07/16/26 18:50:00,39.10,,,,
07/16/26 18:55:00,38.87,,,,
07/16/26 19:00:00,38.94,,,,
07/16/26 19:05:00,38.87,,,,
07/16/26 19:10:00,38.17,,,,
07/16/26 19:15:00,38.02,,,,
07/16/26 19:20:00,39.10,,,,
07/16/26 19:25:00,39.02,,,,
07/16/26 19:30:00,38.87,,,,
07/16/26 19:35:00,38.64,,,,
07/16/26 19:40:00,38.71,,,,
07/16/26 19:45:00,39.56,,,,
07/16/26 19:50:00,38.94,,,,
07/16/26 19:55:00,38.10,,,,
07/16/26 20:00:00,37.55,,,,
07/16/26 20:05:00,36.86,,,,
07/16/26 20:10:00,36.16,,,,
07/16/26 20:15:00,36.40,,,,
07/16/26 20:20:00,36.40,,,,
07/16/26 20:25:00,35.70,,,,
07/16/26 20:30:00,36.01,,,,
07/16/26 20:35:00,35.32,,,,
07/16/26 20:40:00,35.08,,,,
07/16/26 20:45:00,34.70,,,,
07/16/26 20:50:00,34.16,,,,
07/16/26 20:55:00,34.23,,,,
07/16/26 21:00:00,35.55,,,,
07/16/26 21:05:00,35.32,,,,
07/16/26 21:10:00,34.23,,,,
07/16/26 21:15:00,33.77,,,,
07/16/26 21:20:00,34.08,,,,
07/16/26 21:25:00,34.23,,,,
07/16/26 21:30:00,34.08,,,,
07/16/26 21:35:00,33.62,,,,
07/16/26 21:40:00,32.84,,,,
07/16/26 21:45:00,32.61,,,,
07/16/26 21:50:00,32.61,,,,
07/16/26 21:55:00,33.08,,,,
07/16/26 22:00:00,32.84,,,,
07/16/26 22:05:00,33.08,,,,
07/16/26 22:10:00,33.46,,,,
07/16/26 22:15:00,34.31,,,,
07/16/26 22:20:00,34.70,,,,
07/16/26 22:25:00,33.77,,,,
07/16/26 22:30:00,33.23,,,,
07/16/26 22:35:00,32.15,,,,
07/16/26 22:40:00,31.30,,,,
07/16/26 22:45:00,31.38,,,,
07/16/26 22:50:00,31.69,,,,
07/16/26 22:55:00,32.92,,,,
07/16/26 23:00:00,32.00,,,,
07/16/26 23:05:00,31.61,,,,
07/16/26 23:10:00,31.45,,,,
07/16/26 23:15:00,31.22,,,,
07/16/26 23:20:00,31.45,,,,
07/16/26 23:25:00,31.45,,,,
07/16/26 23:30:00,31.84,,,,
07/16/26 23:35:00,32.61,,,,
07/16/26 23:40:00,32.46,,,,
07/16/26 23:45:00,32.30,,,,
07/16/26 23:50:00,32.38,,,,
07/16/26 23:55:00,32.92,,,,
07/17/26 00:00:00,32.61,,,,
07/17/26 00:05:00,32.30,,,,
07/17/26 00:10:00,32.92,,,,
07/17/26 00:15:00,33.23,,,,
07/17/26 00:20:00,33.31,,,,
07/17/26 00:25:00,33.23,,,,
07/17/26 00:30:00,32.84,,,,
07/17/26 00:35:00,32.46,,,,
07/17/26 00:40:00,31.76,,,,
07/17/26 00:45:00,31.07,,,,
07/17/26 00:50:00,30.30,,,,
07/17/26 00:55:00,30.37,,,,
07/17/26 01:00:00,30.37,,,,
07/17/26 01:05:00,30.53,,,,
07/17/26 01:10:00,31.22,,,,
07/17/26 01:15:00,32.30,,,,
07/17/26 01:20:00,32.23,,,,
07/17/26 01:25:00,32.38,,,,
07/17/26 01:30:00,32.69,,,,
07/17/26 01:35:00,32.00,,,,
07/17/26 01:40:00,32.92,,,,
07/17/26 01:45:00,32.46,,,,
07/17/26 01:50:00,31.61,,,,
07/17/26 01:55:00,31.84,,,,
07/17/26 02:00:00,33.69,,,,
07/17/26 02:05:00,33.46,,,,
07/17/26 02:10:00,33.54,,,,
07/17/26 02:15:00,34.16,,,,
07/17/26 02:20:00,34.23,,,,
07/17/26 02:25:00,33.23,,,,
07/17/26 02:30:00,32.15,,,,
07/17/26 02:35:00,31.15,,,,
07/17/26 02:40:00,32.38,,,,
07/17/26 02:45:00,31.30,,,,
07/17/26 02:50:00,32.69,,,,
07/17/26 02:55:00,32.92,,,,
07/17/26 03:00:00,32.54,,,,
07/17/26 03:05:00,32.23,,,,
07/17/26 03:10:00,32.38,,,,
07/17/26 03:15:00,31.84,,,,
07/17/26 03:20:00,30.99,,,,
07/17/26 03:25:00,30.76,,,,
07/17/26 03:30:00,31.22,,,,
07/17/26 03:35:00,31.22,,,,
07/17/26 03:40:00,31.53,,,,
07/17/26 03:45:00,32.54,,,,
07/17/26 03:50:00,32.54,,,,
07/17/26 03:55:00,32.84,,,,
07/17/26 04:00:00,32.00,,,,
07/17/26 04:05:00,31.76,,,,
07/17/26 04:10:00,31.38,,,,
07/17/26 04:15:00,32.07,,,,
07/17/26 04:20:00,32.00,,,,
07/17/26 04:25:00,31.53,,,,
07/17/26 04:30:00,31.61,,,,
07/17/26 04:35:00,33.23,,,,
07/17/26 04:40:00,32.15,,,,
07/17/26 04:45:00,32.15,,,,
07/17/26 04:50:00,32.77,,,,
07/17/26 04:55:00,32.92,,,,
07/17/26 05:00:00,32.00,,,,
07/17/26 05:05:00,32.07,,,,
07/17/26 05:10:00,32.07,,,,
07/17/26 05:15:00,32.15,,,,
07/17/26 05:20:00,31.45,,,,
07/17/26 05:25:00,31.38,,,,
07/17/26 05:30:00,31.38,,,,
07/17/26 05:35:00,31.84,,,,
07/17/26 05:40:00,32.77,,,,
07/17/26 05:45:00,32.54,,,,
07/17/26 05:50:00,32.77,,,,
07/17/26 05:55:00,32.69,,,,
07/17/26 06:00:00,33.31,,,,
07/17/26 06:05:00,34.00,,,,
07/17/26 06:10:00,34.70,,,,
07/17/26 06:15:00,35.32,,,,
07/17/26 06:20:00,35.70,,,,
07/17/26 06:25:00,35.39,,,,
07/17/26 06:30:00,36.16,,,,
07/17/26 06:35:00,36.55,,,,
07/17/26 06:40:00,37.17,,,,
07/17/26 06:45:00,37.25,,,,
07/17/26 06:50:00,37.71,,,,
07/17/26 06:55:00,37.94,,,,
07/17/26 07:00:00,37.86,,,,
07/17/26 07:05:00,38.25,,,,
07/17/26 07:10:00,38.48,,,,
07/17/26 07:15:00,38.25,,,,
07/17/26 07:20:00,38.25,,,,
07/17/26 07:25:00,38.79,,,,
07/17/26 07:30:00,38.64,,,,
07/17/26 07:35:00,39.18,,,,
07/17/26 07:40:00,39.10,,,,
07/17/26 07:45:00,39.72,,,,
07/17/26 07:50:00,40.33,,,,
07/17/26 07:55:00,40.03,,,,
07/17/26 08:00:00,40.10,,,,
07/17/26 08:05:00,39.72,,,,
07/17/26 08:10:00,39.49,,,,
07/17/26 08:15:00,39.56,,,,
07/17/26 08:20:00,40.18,,,,
07/17/26 08:25:00,39.79,,,,
07/17/26 08:30:00,40.03,,,,
07/17/26 08:35:00,40.41,,,,
07/17/26 08:40:00,40.33,,,,
07/17/26 08:45:00,40.57,,,,
07/17/26 08:50:00,40.80,,,,
07/17/26 08:55:00,40.41,,,,
07/17/26 09:00:00,40.33,,,,
07/17/26 09:05:00,40.33,,,,
07/17/26 09:10:00,41.57,,,,
07/17/26 09:15:00,41.18,,,,
07/17/26 09:20:00,41.96,,,,
07/17/26 09:25:00,41.96,,,,
07/17/26 09:30:00,41.11,,,,
07/17/26 09:35:00,40.72,,,,
07/17/26 09:40:00,41.49,,,,
07/17/26 09:45:00,40.72,,,,
07/17/26 09:50:00,42.42,,,,
07/17/26 09:55:00,42.88,,,,
07/17/26 10:00:00,42.88,,,,
07/17/26 10:05:00,42.03,,,,
07/17/26 10:10:00,41.88,,,,
07/17/26 10:15:00,41.88,,,,
07/17/26 10:20:00,42.42,,,,
07/17/26 10:25:00,42.42,,,,
07/17/26 10:30:00,42.11,,,,
07/17/26 10:35:00,42.19,,,,
07/17/26 10:40:00,41.96,,,,
07/17/26 10:45:00,41.65,,,,
07/17/26 10:50:00,42.27,,,,
07/17/26 10:55:00,41.88,,,,
07/17/26 11:00:00,42.42,,,,
07/17/26 11:05:00,42.57,,,,
07/17/26 11:10:00,42.81,,,,
07/17/26 11:15:00,43.04,,,,
07/17/26 11:20:00,42.27,,,,
07/17/26 11:25:00,42.65,,,,
07/17/26 11:30:00,44.04,,,,
07/17/26 11:35:00,43.96,,,,
07/17/26 11:40:00,43.73,,,,
07/17/26 11:45:00,43.11,,,,
07/17/26 11:50:00,42.88,,,,
07/17/26 11:55:00,43.11,,,,
07/17/26 12:00:00,43.11,,,,
07/17/26 12:05:00,42.88,,,,
07/17/26 12:10:00,42.96,,,,
07/17/26 12:15:00,43.58,,,,
07/17/26 12:20:00,43.50,,,,
07/17/26 12:25:00,43.27,,,,
07/17/26 12:30:00,42.88,,,,
07/17/26 12:35:00,42.19,,,,
07/17/26 12:40:00,42.34,,,,
07/17/26 12:45:00,43.35,,,,
07/17/26 12:50:00,43.73,,,,
07/17/26 12:55:00,44.04,,,,
07/17/26 13:00:00,44.50,,,,
07/17/26 13:05:00,45.28,,,,
07/17/26 13:10:00,45.82,,,,
07/17/26 13:15:00,46.67,,,,
07/17/26 13:20:00,46.51,,,,
07/17/26 13:25:00,45.89,,,,
07/17/26 13:30:00,45.12,,,,
07/17/26 13:35:00,44.20,,,,
07/17/26 13:40:00,42.65,,,,
07/17/26 13:45:00,41.96,,,,
07/17/26 13:50:00,42.03,,,,
07/17/26 13:55:00,42.11,,,,
07/17/26 14:00:00,42.81,,,,
07/17/26 14:05:00,43.27,,,,
07/17/26 14:10:00,42.96,,,,
07/17/26 14:15:00,43.27,,,,
07/17/26 14:20:00,43.42,,,,
07/17/26 14:25:00,43.04,,,,
07/17/26 14:30:00,42.11,,,,
07/17/26 14:35:00,42.11,,,,
07/17/26 14:40:00,41.88,,,,
07/17/26 14:45:00,42.50,,,,
07/17/26 14:50:00,41.96,,,,
07/17/26 14:55:00,41.65,,,,
07/17/26 15:00:00,42.73,,,,
07/17/26 15:05:00,42.50,,,,
07/17/26 15:10:00,41.88,,,,
07/17/26 15:15:00,41.57,,,,
07/17/26 15:20:00,41.49,,,,
07/17/26 15:25:00,41.49,,,,
07/17/26 15:30:00,41.03,,,,
07/17/26 15:35:00,40.72,,,,
07/17/26 15:40:00,40.72,,,,
07/17/26 15:45:00,41.03,,,,
07/17/26 15:50:00,42.34,,,,
07/17/26 15:55:00,42.11,,,,
07/17/26 16:00:00,41.72,,,,
07/17/26 16:05:00,41.11,,,,
07/17/26 16:10:00,40.95,,,,
07/17/26 16:15:00,40.72,,,,
07/17/26 16:20:00,40.95,,,,
07/17/26 16:25:00,41.11,,,,
07/17/26 16:30:00,41.03,,,,
07/17/26 16:35:00,40.95,,,,
07/17/26 16:40:00,41.11,,,,
07/17/26 16:45:00,41.42,,,,
07/17/26 16:50:00,41.26,,,,
07/17/26 16:55:00,41.34,,,,
07/17/26 17:00:00,41.34,,,,
07/17/26 17:05:00,40.95,,,,
07/17/26 17:10:00,41.11,,,,
07/17/26 17:15:00,41.18,,,,
07/17/26 17:20:00,41.26,,,,
07/17/26 17:25:00,41.34,,,,
07/17/26 17:30:00,41.18,,,,
07/17/26 17:35:00,40.41,,,,
07/17/26 17:40:00,40.95,,,,
07/17/26 17:45:00,40.88,,,,
07/17/26 17:50:00,40.57,,,,
07/17/26 17:55:00,40.72,,,,
07/17/26 18:00:00,40.72,,,,
07/17/26 18:05:00,40.03,,,,
07/17/26 18:10:00,40.41,,,,
07/17/26 18:15:00,40.03,,,,
07/17/26 18:20:00,39.79,,,,
07/17/26 18:25:00,39.49,,,,
07/17/26 18:30:00,39.87,,,,
07/17/26 18:35:00,40.18,,,,
07/17/26 18:40:00,40.10,,,,
07/17/26 18:45:00,40.18,,,,
07/17/26 18:50:00,40.10,,,,
07/17/26 18:55:00,40.03,,,,
07/17/26 19:00:00,40.03,,,,
07/17/26 19:05:00,40.10,,,,
07/17/26 19:10:00,40.64,,,,
07/17/26 19:15:00,41.18,,,,
07/17/26 19:20:00,40.88,,,,
07/17/26 19:25:00,40.57,,,,
07/17/26 19:30:00,40.03,,,,
07/17/26 19:35:00,39.95,,,,
07/17/26 19:40:00,40.18,,,,
07/17/26 19:45:00,39.72,,,,
07/17/26 19:50:00,39.33,,,,
07/17/26 19:55:00,38.79,,,,
07/17/26 20:00:00,39.41,,,,
07/17/26 20:05:00,39.95,,,,
07/17/26 20:10:00,40.26,,,,
07/17/26 20:15:00,39.41,,,,
07/17/26 20:20:00,38.87,,,,
07/17/26 20:25:00,38.10,,,,
07/17/26 20:30:00,38.48,,,,
07/17/26 20:35:00,38.17,,,,
07/17/26 20:40:00,37.48,,,,
07/17/26 20:45:00,36.86,,,,
07/17/26 20:50:00,36.78,,,,
07/17/26 20:55:00,37.01,,,,
07/17/26 21:00:00,38.10,,,,
07/17/26 21:05:00,38.33,,,,
07/17/26 21:10:00,38.64,,,,
07/17/26 21:15:00,37.86,,,,
07/17/26 21:20:00,37.25,,,,
07/17/26 21:25:00,36.94,,,,
07/17/26 21:30:00,37.48,,,,
07/17/26 21:35:00,37.63,,,,
07/17/26 21:40:00,37.32,,,,
07/17/26 21:45:00,37.79,,,,
07/17/26 21:50:00,37.94,,,,
07/17/26 21:55:00,37.32,,,,
07/17/26 22:00:00,36.55,,,,
07/17/26 22:05:00,36.86,,,,
07/17/26 22:10:00,36.86,,,,
07/17/26 22:15:00,36.71,,,,
07/17/26 22:20:00,36.94,,,,
07/17/26 22:25:00,37.01,,,,
07/17/26 22:30:00,36.78,,,,
07/17/26 22:35:00,37.01,,,,
07/17/26 22:40:00,37.01,,,,
07/17/26 22:45:00,36.55,,,,
07/17/26 22:50:00,36.24,,,,
07/17/26 22:55:00,36.09,,,,
07/17/26 23:00:00,35.86,,,,
07/17/26 23:05:00,35.86,,,,
07/17/26 23:10:00,36.47,,,,
07/17/26 23:15:00,36.40,,,,
07/17/26 23:20:00,35.93,,,,
07/17/26 23:25:00,36.09,,,,
07/17/26 23:30:00,35.78,,,,
07/17/26 23:35:00,35.86,,,,
07/17/26 23:40:00,36.16,,,,
07/17/26 23:45:00,36.32,,,,
07/17/26 23:50:00,36.55,,,,
07/17/26 23:55:00,36.71,,,,
07/18/26 00:00:00,36.32,,,,
07/18/26 00:05:00,35.93,,,,
07/18/26 00:10:00,36.01,,,,
07/18/26 00:15:00,35.93,,,,
07/18/26 00:20:00,36.09,,,,
07/18/26 00:25:00,36.01,,,,
07/18/26 00:30:00,35.93,,,,
07/18/26 00:35:00,36.09,,,,
07/18/26 00:40:00,36.40,,,,
07/18/26 00:45:00,36.32,,,,
07/18/26 00:50:00,36.40,,,,
07/18/26 00:55:00,36.40,,,,
07/18/26 01:00:00,36.32,,,,
07/18/26 01:05:00,36.40,,,,
07/18/26 01:10:00,36.24,,,,
07/18/26 01:15:00,35.86,,,,
07/18/26 01:20:00,35.70,,,,
07/18/26 01:25:00,35.39,,,,
07/18/26 01:30:00,35.39,,,,
07/18/26 01:35:00,35.24,,,,
07/18/26 01:40:00,35.39,,,,
07/18/26 01:45:00,35.32,,,,
07/18/26 01:50:00,35.39,,,,
07/18/26 01:55:00,35.24,,,,
07/18/26 02:00:00,35.08,,,,
07/18/26 02:05:00,35.32,,,,
07/18/26 02:10:00,35.55,,,,
07/18/26 02:15:00,35.47,,,,
07/18/26 02:20:00,35.55,,,,
07/18/26 02:25:00,35.39,,,,
07/18/26 02:30:00,35.39,,,,
07/18/26 02:35:00,35.55,,,,
07/18/26 02:40:00,35.62,,,,
07/18/26 02:45:00,35.70,,,,
07/18/26 02:50:00,35.55,,,,
07/18/26 02:55:00,35.39,,,,
07/18/26 03:00:00,35.39,,,,
07/18/26 03:05:00,35.24,,,,
07/18/26 03:10:00,35.24,,,,
07/18/26 03:15:00,35.08,,,,
07/18/26 03:20:00,35.08,,,,
07/18/26 03:25:00,35.16,,,,
07/18/26 03:30:00,35.16,,,,
07/18/26 03:35:00,35.32,,,,
07/18/26 03:40:00,35.32,,,,
07/18/26 03:45:00,35.24,,,,
07/18/26 03:50:00,35.39,,,,
07/18/26 03:55:00,35.24,,,,
07/18/26 04:00:00,35.24,,,,
07/18/26 04:05:00,35.01,,,,
07/18/26 04:10:00,35.01,,,,
07/18/26 04:15:00,34.85,,,,
07/18/26 04:20:00,34.70,,,,
07/18/26 04:25:00,34.85,,,,
07/18/26 04:30:00,34.85,,,,
07/18/26 04:35:00,34.62,,,,
07/18/26 04:40:00,34.39,,,,
07/18/26 04:45:00,35.01,,,,
07/18/26 04:50:00,35.32,,,,
07/18/26 04:55:00,35.08,,,,
07/18/26 05:00:00,35.24,,,,
07/18/26 05:05:00,35.39,,,,
07/18/26 05:10:00,35.39,,,,
07/18/26 05:15:00,35.32,,,,
07/18/26 05:20:00,35.24,,,,
07/18/26 05:25:00,35.32,,,,
07/18/26 05:30:00,35.47,,,,
07/18/26 05:35:00,35.32,,,,
07/18/26 05:40:00,35.24,,,,
07/18/26 05:45:00,35.62,,,,
07/18/26 05:50:00,35.32,,,,
07/18/26 05:55:00,35.32,,,,
07/18/26 06:00:00,35.55,,,,
07/18/26 06:05:00,35.86,,,,
07/18/26 06:10:00,36.01,,,,
07/18/26 06:15:00,35.86,,,,
07/18/26 06:20:00,35.93,,,,
07/18/26 06:25:00,36.01,,,,
07/18/26 06:30:00,36.40,,,,
07/18/26 06:35:00,36.47,,,,
07/18/26 06:40:00,36.55,,,,
07/18/26 06:45:00,36.16,,,,
07/18/26 06:50:00,36.09,,,,
07/18/26 06:55:00,36.94,,,,
07/18/26 07:00:00,37.40,,,,
07/18/26 07:05:00,36.94,,,,
07/18/26 07:10:00,37.40,,,,
07/18/26 07:15:00,37.32,,,,
07/18/26 07:20:00,37.40,,,,
07/18/26 07:25:00,37.79,,,,
07/18/26 07:30:00,37.94,,,,
07/18/26 07:35:00,38.10,,,,
07/18/26 07:40:00,38.40,,,,
07/18/26 07:45:00,37.86,,,,
07/18/26 07:50:00,37.94,,,,
07/18/26 07:55:00,38.02,,,,
07/18/26 08:00:00,38.71,,,,
07/18/26 08:05:00,39.25,,,,
07/18/26 08:10:00,40.26,,,,
07/18/26 08:15:00,39.79,,,,
07/18/26 08:20:00,39.64,,,,
07/18/26 08:25:00,39.72,,,,
07/18/26 08:30:00,40.03,,,,
07/18/26 08:35:00,41.49,,,,
07/18/26 08:40:00,41.72,,,,
07/18/26 08:45:00,42.50,,,,
07/18/26 08:50:00,41.80,,,,
07/18/26 08:55:00,41.42,,,,
07/18/26 09:00:00,41.42,,,,
07/18/26 09:05:00,41.72,,,,
07/18/26 09:10:00,41.65,,,,
07/18/26 09:15:00,42.19,,,,
07/18/26 09:20:00,44.89,,,,
07/18/26 09:25:00,48.21,,,,
07/18/26 09:30:00,49.22,,,,
07/18/26 09:35:00,51.38,,,,
07/18/26 09:40:00,52.15,,,,
07/18/26 09:45:00,52.30,,,,
07/18/26 09:50:00,47.75,,,,
07/18/26 09:55:00,45.05,,,,
07/18/26 10:00:00,43.96,,,,
07/18/26 10:05:00,42.34,,,,
07/18/26 10:10:00,42.57,,,,
07/18/26 10:15:00,42.03,,,,
07/18/26 10:20:00,41.49,,,,
07/18/26 10:25:00,41.88,,,,
07/18/26 10:30:00,41.42,,,,
07/18/26 10:35:00,41.18,,,,
07/18/26 10:40:00,41.34,,,,
07/18/26 10:45:00,42.27,,,,
07/18/26 10:50:00,42.50,,,,
07/18/26 10:55:00,41.80,,,,
07/18/26 11:00:00,41.18,,,,
07/18/26 11:05:00,40.57,,,,
07/18/26 11:10:00,40.49,,,,
07/18/26 11:15:00,40.57,,,,
07/18/26 11:20:00,41.03,,,,
07/18/26 11:25:00,42.34,,,,
07/18/26 11:30:00,44.27,,,,
07/18/26 11:35:00,43.81,,,,
07/18/26 11:40:00,44.89,,,,
07/18/26 11:45:00,47.36,,,,
07/18/26 11:50:00,47.21,,,,
07/18/26 11:55:00,45.35,,,,
07/18/26 12:00:00,44.20,,,,
07/18/26 12:05:00,43.42,,,,
07/18/26 12:10:00,43.66,,,,
07/18/26 12:15:00,43.73,,,,
07/18/26 12:20:00,43.73,,,,
07/18/26 12:25:00,42.96,,,,
07/18/26 12:30:00,42.50,,,,
07/18/26 12:35:00,43.73,,,,
07/18/26 12:40:00,43.42,,,,
07/18/26 12:45:00,43.73,,,,
07/18/26 12:50:00,45.12,,,,
07/18/26 12:55:00,45.12,,,,
07/18/26 13:00:00,45.51,,,,
07/18/26 13:05:00,44.20,,,,
07/18/26 13:10:00,44.04,,,,
07/18/26 13:15:00,44.35,,,,
07/18/26 13:20:00,43.81,,,,
07/18/26 13:25:00,44.97,,,,
07/18/26 13:30:00,46.82,,,,
07/18/26 13:35:00,46.36,,,,
07/18/26 13:40:00,46.67,,,,
07/18/26 13:45:00,47.52,,,,
07/18/26 13:50:00,49.06,,,,
07/18/26 13:55:00,49.91,,,,
07/18/26 14:00:00,48.29,,,,
07/18/26 14:05:00,49.60,,,,
07/18/26 14:10:00,50.45,,,,
07/18/26 14:15:00,51.07,,,,
07/18/26 14:20:00,50.22,,,,
07/18/26 14:25:00,50.91,,,,
07/18/26 14:30:00,49.06,,,,
07/18/26 14:35:00,49.29,,,,
07/18/26 14:40:00,48.13,,,,
07/18/26 14:45:00,48.83,,,,
07/18/26 14:50:00,49.14,,,,
07/18/26 14:55:00,48.29,,,,
07/18/26 15:00:00,46.36,,,,
07/18/26 15:05:00,45.89,,,,
07/18/26 15:10:00,45.82,,,,
07/18/26 15:15:00,44.66,,,,
07/18/26 15:20:00,44.12,,,,
07/18/26 15:25:00,44.12,,,,
07/18/26 15:30:00,43.35,,,,
07/18/26 15:35:00,44.74,,,,
07/18/26 15:40:00,47.36,,,,
07/18/26 15:45:00,47.83,,,,
07/18/26 15:50:00,49.91,,,,
07/18/26 15:55:00,52.07,,,,
07/18/26 16:00:00,52.07,,,,
07/18/26 16:05:00,56.32,,,,
07/18/26 16:10:00,58.10,,,,
07/18/26 16:15:00,58.95,,,,
07/18/26 16:20:00,57.71,,,,
07/18/26 16:25:00,54.16,,,,
07/18/26 16:30:00,50.76,,,,
07/18/26 16:35:00,50.68,,,,
07/18/26 16:40:00,49.14,,,,
07/18/26 16:45:00,47.21,,,,
07/18/26 16:50:00,46.82,,,,
07/18/26 16:55:00,45.35,,,,
07/18/26 17:00:00,45.43,,,,
07/18/26 17:05:00,47.75,,,,
07/18/26 17:10:00,49.68,,,,
07/18/26 17:15:00,49.60,,,,
07/18/26 17:20:00,50.45,,,,
07/18/26 17:25:00,51.53,,,,
07/18/26 17:30:00,51.07,,,,
07/18/26 17:35:00,48.98,,,,
07/18/26 17:40:00,47.13,,,,
07/18/26 17:45:00,46.36,,,,
07/18/26 17:50:00,45.97,,,,
07/18/26 17:55:00,44.50,,,,
07/18/26 18:00:00,43.42,,,,
07/18/26 18:05:00,42.57,,,,
07/18/26 18:10:00,42.65,,,,
07/18/26 18:15:00,42.03,,,,
07/18/26 18:20:00,42.34,,,,
07/18/26 18:25:00,43.27,,,,
07/18/26 18:30:00,43.89,,,,
07/18/26 18:35:00,42.88,,,,
07/18/26 18:40:00,42.42,,,,
07/18/26 18:45:00,42.73,,,,
07/18/26 18:50:00,41.42,,,,
07/18/26 18:55:00,40.33,,,,
07/18/26 19:00:00,40.03,,,,
07/18/26 19:05:00,40.03,,,,
07/18/26 19:10:00,40.03,,,,
07/18/26 19:15:00,39.56,,,,
07/18/26 19:20:00,39.41,,,,
07/18/26 19:25:00,39.33,,,,
07/18/26 19:30:00,40.33,,,,
07/18/26 19:35:00,41.11,,,,
07/18/26 19:40:00,41.42,,,,
07/18/26 19:45:00,41.26,,,,
07/18/26 19:50:00,41.26,,,,
07/18/26 19:55:00,42.11,,,,
07/18/26 20:00:00,42.88,,,,
07/18/26 20:05:00,42.65,,,,
07/18/26 20:10:00,41.42,,,,
07/18/26 20:15:00,40.57,,,,
07/18/26 20:20:00,39.87,,,,
07/18/26 20:25:00,40.26,,,,
07/18/26 20:30:00,40.80,,,,
07/18/26 20:35:00,40.33,,,,
07/18/26 20:40:00,40.64,,,,
07/18/26 20:45:00,40.18,,,,
07/18/26 20:50:00,40.64,,,,
07/18/26 20:55:00,39.95,,,,
07/18/26 21:00:00,39.10,,,,
07/18/26 21:05:00,38.33,,,,
07/18/26 21:10:00,37.40,,,,
07/18/26 21:15:00,37.55,,,,
07/18/26 21:20:00,37.79,,,,
07/18/26 21:25:00,36.63,,,,
07/18/26 21:30:00,36.63,,,,
07/18/26 21:35:00,36.78,,,,
07/18/26 21:40:00,36.71,,,,
07/18/26 21:45:00,37.40,,,,
07/18/26 21:50:00,37.17,,,,
07/18/26 21:55:00,37.40,,,,
07/18/26 22:00:00,37.63,,,,
07/18/26 22:05:00,37.17,,,,
07/18/26 22:10:00,36.86,,,,
07/18/26 22:15:00,37.01,,,,
07/18/26 22:20:00,36.86,,,,
07/18/26 22:25:00,37.17,,,,
07/18/26 22:30:00,36.47,,,,
07/18/26 22:35:00,36.09,,,,
07/18/26 22:40:00,35.70,,,,
07/18/26 22:45:00,35.32,,,,
07/18/26 22:50:00,35.70,,,,
07/18/26 22:55:00,35.32,,,,
07/18/26 23:00:00,34.85,,,,
07/18/26 23:05:00,35.01,,,,
07/18/26 23:10:00,34.62,,,,
07/18/26 23:15:00,35.08,,,,
07/18/26 23:20:00,35.08,,,,
07/18/26 23:25:00,34.77,,,,
07/18/26 23:30:00,36.24,,,,
07/18/26 23:35:00,36.01,,,,
07/18/26 23:40:00,35.08,,,,
07/18/26 23:45:00,34.08,,,,
07/18/26 23:50:00,34.00,,,,
07/18/26 23:55:00,36.24,,,,
07/19/26 00:00:00,37.09,,,,
07/19/26 00:05:00,36.63,,,,
07/19/26 00:10:00,36.40,,,,
07/19/26 00:15:00,36.78,,,,
07/19/26 00:20:00,36.71,,,,
07/19/26 00:25:00,36.16,,,,
07/19/26 00:30:00,36.01,,,,
07/19/26 00:35:00,35.93,,,,
07/19/26 00:40:00,36.01,,,,
07/19/26 00:45:00,35.70,,,,
07/19/26 00:50:00,35.78,,,,
07/19/26 00:55:00,35.78,,,,
07/19/26 01:00:00,35.93,,,,
07/19/26 01:05:00,36.16,,,,
07/19/26 01:10:00,35.93,,,,
07/19/26 01:15:00,35.62,,,,
07/19/26 01:20:00,35.55,,,,
07/19/26 01:25:00,34.39,,,,
07/19/26 01:30:00,33.77,,,,
07/19/26 01:35:00,34.85,,,,
07/19/26 01:40:00,34.47,,,,
07/19/26 01:45:00,34.31,,,,
07/19/26 01:50:00,33.08,,,,
07/19/26 01:55:00,34.16,,,,
07/19/26 02:00:00,34.70,,,,
07/19/26 02:05:00,33.77,,,,
07/19/26 02:10:00,37.71,,,,
07/19/26 02:15:00,37.79,,,,
07/19/26 02:20:00,35.78,,,,
07/19/26 02:25:00,36.24,,,,
07/19/26 02:30:00,35.39,,,,
07/19/26 02:35:00,35.47,,,,
07/19/26 02:40:00,38.79,,,,
07/19/26 02:45:00,35.01,,,,
07/19/26 02:50:00,34.70,,,,
07/19/26 02:55:00,35.01,,,,
07/19/26 03:00:00,34.08,,,,
07/19/26 03:05:00,34.47,,,,
07/19/26 03:10:00,34.54,,,,
07/19/26 03:15:00,34.54,,,,
07/19/26 03:20:00,36.32,,,,
07/19/26 03:25:00,38.56,,,,
07/19/26 03:30:00,38.64,,,,
07/19/26 03:35:00,38.25,,,,
07/19/26 03:40:00,38.48,,,,
07/19/26 03:45:00,39.41,,,,
07/19/26 03:50:00,39.02,,,,
07/19/26 03:55:00,36.47,,,,
07/19/26 04:00:00,36.47,,,,
07/19/26 04:05:00,35.47,,,,
07/19/26 04:10:00,35.24,,,,
07/19/26 04:15:00,36.01,,,,
07/19/26 04:20:00,36.09,,,,
07/19/26 04:25:00,35.01,,,,
07/19/26 04:30:00,34.23,,,,
07/19/26 04:35:00,34.39,,,,
07/19/26 04:40:00,34.39,,,,
07/19/26 04:45:00,34.08,,,,
07/19/26 04:50:00,34.00,,,,
07/19/26 04:55:00,33.77,,,,
07/19/26 05:00:00,33.38,,,,
07/19/26 05:05:00,34.00,,,,
07/19/26 05:10:00,34.31,,,,
07/19/26 05:15:00,35.93,,,,
07/19/26 05:20:00,36.01,,,,
07/19/26 05:25:00,36.86,,,,
07/19/26 05:30:00,39.41,,,,
07/19/26 05:35:00,40.41,,,,
07/19/26 05:40:00,41.18,,,,
07/19/26 05:45:00,40.64,,,,
07/19/26 05:50:00,41.42,,,,
07/19/26 05:55:00,40.10,,,,
07/19/26 06:00:00,37.55,,,,
07/19/26 06:05:00,36.94,,,,
07/19/26 06:10:00,36.63,,,,
07/19/26 06:15:00,36.71,,,,
07/19/26 06:20:00,36.24,,,,
07/19/26 06:25:00,35.70,,,,
07/19/26 06:30:00,35.93,,,,
07/19/26 06:35:00,35.47,,,,
07/19/26 06:40:00,35.86,,,,
07/19/26 06:45:00,36.78,,,,
07/19/26 06:50:00,36.47,,,,
07/19/26 06:55:00,36.24,,,,
07/19/26 07:00:00,37.25,,,,
07/19/26 07:05:00,39.95,,,,
07/19/26 07:10:00,40.88,,,,
07/19/26 07:15:00,40.49,,,,
07/19/26 07:20:00,39.95,,,,
07/19/26 07:25:00,41.03,,,,
07/19/26 07:30:00,41.49,,,,
07/19/26 07:35:00,41.80,,,,
07/19/26 07:40:00,42.42,,,,
07/19/26 07:45:00,40.64,,,,
07/19/26 07:50:00,39.72,,,,
07/19/26 07:55:00,39.33,,,,
07/19/26 08:00:00,39.64,,,,
07/19/26 08:05:00,40.57,,,,
07/19/26 08:10:00,40.33,,,,
07/19/26 08:15:00,40.72,,,,
07/19/26 08:20:00,40.33,,,,
07/19/26 08:25:00,40.95,,,,
07/19/26 08:30:00,41.96,,,,
07/19/26 08:35:00,45.43,,,,
07/19/26 08:40:00,49.29,,,,
07/19/26 08:45:00,48.37,,,,
07/19/26 08:50:00,46.74,,,,
07/19/26 08:55:00,45.66,,,,
07/19/26 09:00:00,46.59,,,,
07/19/26 09:05:00,47.36,,,,
07/19/26 09:10:00,47.52,,,,
07/19/26 09:15:00,47.36,,,,
07/19/26 09:20:00,46.36,,,,
07/19/26 09:25:00,46.98,,,,
07/19/26 09:30:00,47.28,,,,
07/19/26 09:35:00,45.66,,,,
07/19/26 09:40:00,44.74,,,,
07/19/26 09:45:00,44.74,,,,
07/19/26 09:50:00,45.35,,,,
07/19/26 09:55:00,46.59,,,,
07/19/26 10:00:00,48.21,,,,
07/19/26 10:05:00,48.21,,,,
07/19/26 10:10:00,46.90,,,,
07/19/26 10:15:00,47.75,,,,
07/19/26 10:20:00,48.21,,,,
07/19/26 10:25:00,46.44,,,,
07/19/26 10:30:00,44.89,,,,
07/19/26 10:35:00,44.66,,,,
07/19/26 10:40:00,44.12,,,,
07/19/26 10:45:00,43.11,,,,
07/19/26 10:50:00,42.88,,,,
07/19/26 10:55:00,43.04,,,,
07/19/26 11:00:00,42.34,,,,
07/19/26 11:05:00,42.27,,,,
07/19/26 11:10:00,43.04,,,,
07/19/26 11:15:00,42.81,,,,
07/19/26 11:20:00,43.58,,,,
07/19/26 11:25:00,44.66,,,,
07/19/26 11:30:00,45.51,,,,
07/19/26 11:35:00,45.59,,,,
07/19/26 11:40:00,46.44,,,,
07/19/26 11:45:00,45.97,,,,
07/19/26 11:50:00,44.74,,,,
07/19/26 11:55:00,43.96,,,,
07/19/26 12:00:00,44.20,,,,
07/19/26 12:05:00,43.96,,,,
07/19/26 12:10:00,43.66,,,,
07/19/26 12:15:00,44.27,,,,
07/19/26 12:20:00,44.50,,,,
07/19/26 12:25:00,44.43,,,,
07/19/26 12:30:00,44.12,,,,
07/19/26 12:35:00,44.43,,,,
07/19/26 12:40:00,45.12,,,,
07/19/26 12:45:00,44.89,,,,
07/19/26 12:50:00,44.81,,,,
07/19/26 12:55:00,44.43,,,,
07/19/26 13:00:00,42.96,,,,
07/19/26 13:05:00,41.88,,,,
07/19/26 13:10:00,41.57,,,,
07/19/26 13:15:00,41.42,,,,
07/19/26 13:20:00,41.49,,,,
07/19/26 13:25:00,42.57,,,,
07/19/26 13:30:00,42.73,,,,
07/19/26 13:35:00,43.27,,,,
07/19/26 13:40:00,43.50,,,,
07/19/26 13:45:00,42.88,,,,
07/19/26 13:50:00,42.57,,,,
07/19/26 13:55:00,41.96,,,,
07/19/26 14:00:00,41.57,,,,
07/19/26 14:05:00,41.96,,,,
07/19/26 14:10:00,41.88,,,,
07/19/26 14:15:00,41.34,,,,
07/19/26 14:20:00,41.80,,,,
07/19/26 14:25:00,41.42,,,,
07/19/26 14:30:00,40.95,,,,
07/19/26 14:35:00,40.72,,,,
07/19/26 14:40:00,40.49,,,,
07/19/26 14:45:00,40.95,,,,
07/19/26 14:50:00,41.18,,,,
07/19/26 14:55:00,41.88,,,,
07/19/26 15:00:00,42.11,,,,
07/19/26 15:05:00,42.81,,,,
07/19/26 15:10:00,42.65,,,,
07/19/26 15:15:00,42.81,,,,
07/19/26 15:20:00,43.35,,,,
07/19/26 15:25:00,43.96,,,,
07/19/26 15:30:00,45.82,,,,
07/19/26 15:35:00,46.05,,,,
07/19/26 15:40:00,46.20,,,,
07/19/26 15:45:00,44.74,,,,
07/19/26 15:50:00,43.73,,,,
07/19/26 15:55:00,42.73,,,,
07/19/26 16:00:00,41.65,,,,
07/19/26 16:05:00,41.26,,,,
07/19/26 16:10:00,41.11,,,,
07/19/26 16:15:00,41.11,,,,
07/19/26 16:20:00,41.49,,,,
07/19/26 16:25:00,42.19,,,,
07/19/26 16:30:00,42.81,,,,
07/19/26 16:35:00,42.65,,,,
07/19/26 16:40:00,41.96,,,,
07/19/26 16:45:00,41.42,,,,
07/19/26 16:50:00,40.95,,,,
07/19/26 16:55:00,40.41,,,,
07/19/26 17:00:00,40.57,,,,
07/19/26 17:05:00,40.64,,,,
07/19/26 17:10:00,43.73,,,,
07/19/26 17:15:00,47.28,,,,
07/19/26 17:20:00,47.21,,,,
07/19/26 17:25:00,45.43,,,,
07/19/26 17:30:00,44.35,,,,
07/19/26 17:35:00,44.81,,,,
07/19/26 17:40:00,46.59,,,,
07/19/26 17:45:00,46.28,,,,
07/19/26 17:50:00,45.28,,,,
07/19/26 17:55:00,44.35,,,,
07/19/26 18:00:00,44.74,,,,
07/19/26 18:05:00,43.96,,,,
07/19/26 18:10:00,43.11,,,,
07/19/26 18:15:00,42.34,,,,
07/19/26 18:20:00,41.65,,,,
07/19/26 18:25:00,40.72,,,,
07/19/26 18:30:00,41.80,,,,
07/19/26 18:35:00,43.19,,,,
07/19/26 18:40:00,42.50,,,,
07/19/26 18:45:00,41.80,,,,
07/19/26 18:50:00,42.96,,,,
07/19/26 18:55:00,43.35,,,,
07/19/26 19:00:00,42.88,,,,
07/19/26 19:05:00,40.95,,,,
07/19/26 19:10:00,39.79,,,,
07/19/26 19:15:00,39.87,,,,
07/19/26 19:20:00,40.41,,,,
07/19/26 19:25:00,41.57,,,,
07/19/26 19:30:00,42.81,,,,
07/19/26 19:35:00,43.04,,,,
07/19/26 19:40:00,42.65,,,,
07/19/26 19:45:00,40.41,,,,
07/19/26 19:50:00,39.10,,,,
07/19/26 19:55:00,39.33,,,,
07/19/26 20:00:00,39.87,,,,
07/19/26 20:05:00,39.33,,,,
07/19/26 20:10:00,38.48,,,,
07/19/26 20:15:00,38.02,,,,
07/19/26 20:20:00,37.71,,,,
07/19/26 20:25:00,37.40,,,,
07/19/26 20:30:00,37.01,,,,
07/19/26 20:35:00,36.94,,,,
07/19/26 20:40:00,37.01,,,,
07/19/26 20:45:00,38.10,,,,
07/19/26 20:50:00,39.02,,,,
07/19/26 20:55:00,39.33,,,,
07/19/26 21:00:00,38.79,,,,
07/19/26 21:05:00,37.79,,,,
07/19/26 21:10:00,37.17,,,,
07/19/26 21:15:00,36.09,,,,
07/19/26 21:20:00,36.16,,,,
07/19/26 21:25:00,36.16,,,,
07/19/26 21:30:00,36.94,,,,
07/19/26 21:35:00,37.55,,,,
07/19/26 21:40:00,37.25,,,,
07/19/26 21:45:00,37.17,,,,
07/19/26 21:50:00,37.32,,,,
07/19/26 21:55:00,35.86,,,,
07/19/26 22:00:00,35.47,,,,
07/19/26 22:05:00,35.01,,,,
07/19/26 22:10:00,35.93,,,,
07/19/26 22:15:00,35.86,,,,
07/19/26 22:20:00,35.55,,,,
07/19/26 22:25:00,35.86,,,,
07/19/26 22:30:00,35.47,,,,
07/19/26 22:35:00,34.62,,,,
07/19/26 22:40:00,34.23,,,,
07/19/26 22:45:00,34.31,,,,
07/19/26 22:50:00,34.85,,,,
07/19/26 22:55:00,35.24,,,,
07/19/26 23:00:00,35.39,,,,
07/19/26 23:05:00,35.78,,,,
07/19/26 23:10:00,35.32,,,,
07/19/26 23:15:00,34.77,,,,
07/19/26 23:20:00,34.31,,,,
07/19/26 23:25:00,34.08,,,,
07/19/26 23:30:00,34.31,,,,
07/19/26 23:35:00,35.08,,,,
07/19/26 23:40:00,36.32,,,,
07/19/26 23:45:00,37.71,,,,
07/19/26 23:50:00,38.56,,,,
07/19/26 23:55:00,39.72,,,,
07/20/26 00:00:00,38.56,,,,
07/20/26 00:05:00,36.94,,,,
07/20/26 00:10:00,35.70,,,,
07/20/26 00:15:00,34.77,,,,
07/20/26 00:20:00,34.70,,,,
07/20/26 00:25:00,34.62,,,,
07/20/26 00:30:00,35.01,,,,
07/20/26 00:35:00,34.54,,,,
07/20/26 00:40:00,34.23,,,,
07/20/26 00:45:00,33.77,,,,
07/20/26 00:50:00,33.77,,,,
07/20/26 00:55:00,33.54,,,,
07/20/26 01:00:00,33.69,,,,
07/20/26 01:05:00,33.85,,,,
07/20/26 01:10:00,33.69,,,,
07/20/26 01:15:00,33.62,,,,
07/20/26 01:20:00,33.85,,,,
07/20/26 01:25:00,33.46,,,,
07/20/26 01:30:00,33.85,,,,
07/20/26 01:35:00,33.85,,,,
07/20/26 01:40:00,33.85,,,,
07/20/26 01:45:00,33.77,,,,
07/20/26 01:50:00,34.00,,,,
07/20/26 01:55:00,34.31,,,,
07/20/26 02:00:00,34.77,,,,
07/20/26 02:05:00,35.01,,,,
07/20/26 02:10:00,34.77,,,,
07/20/26 02:15:00,34.70,,,,
07/20/26 02:20:00,34.62,,,,
07/20/26 02:25:00,34.85,,,,
07/20/26 02:30:00,34.70,,,,
07/20/26 02:35:00,35.08,,,,
07/20/26 02:40:00,35.39,,,,
07/20/26 02:45:00,35.62,,,,
07/20/26 02:50:00,35.08,,,,
07/20/26 02:55:00,35.01,,,,
07/20/26 03:00:00,34.70,,,,
07/20/26 03:05:00,34.54,,,,
07/20/26 03:10:00,34.31,,,,
07/20/26 03:15:00,34.23,,,,
07/20/26 03:20:00,34.08,,,,
07/20/26 03:25:00,34.16,,,,
07/20/26 03:30:00,33.85,,,,
07/20/26 03:35:00,34.08,,,,
07/20/26 03:40:00,34.16,,,,
07/20/26 03:45:00,34.00,,,,
07/20/26 03:50:00,33.77,,,,
07/20/26 03:55:00,33.85,,,,
07/20/26 04:00:00,34.08,,,,
07/20/26 04:05:00,34.16,,,,
07/20/26 04:10:00,33.77,,,,
07/20/26 04:15:00,34.16,,,,
07/20/26 04:20:00,34.47,,,,
07/20/26 04:25:00,34.54,,,,
07/20/26 04:30:00,34.23,,,,
07/20/26 04:35:00,35.16,,,,
07/20/26 04:40:00,35.39,,,,
07/20/26 04:45:00,35.16,,,,
07/20/26 04:50:00,35.24,,,,
07/20/26 04:55:00,34.85,,,,
07/20/26 05:00:00,34.23,,,,
07/20/26 05:05:00,34.16,,,,
07/20/26 05:10:00,33.93,,,,
07/20/26 05:15:00,34.31,,,,
07/20/26 05:20:00,34.31,,,,
07/20/26 05:25:00,34.70,,,,
07/20/26 05:30:00,34.16,,,,
07/20/26 05:35:00,34.70,,,,
07/20/26 05:40:00,35.16,,,,
07/20/26 05:45:00,35.24,,,,
07/20/26 05:50:00,35.47,,,,
07/20/26 05:55:00,36.09,,,,
07/20/26 06:00:00,36.94,,,,
07/20/26 06:05:00,37.63,,,,
07/20/26 06:10:00,37.55,,,,
07/20/26 06:15:00,37.63,,,,
07/20/26 06:20:00,38.25,,,,
07/20/26 06:25:00,37.55,,,,
07/20/26 06:30:00,36.86,,,,
07/20/26 06:35:00,37.32,,,,
07/20/26 06:40:00,37.25,,,,
07/20/26 06:45:00,37.40,,,,
07/20/26 06:50:00,37.55,,,,
07/20/26 06:55:00,38.10,,,,
07/20/26 07:00:00,38.25,,,,
07/20/26 07:05:00,39.18,,,,
07/20/26 07:10:00,39.25,,,,
07/20/26 07:15:00,38.87,,,,
07/20/26 07:20:00,38.71,,,,
07/20/26 07:25:00,38.48,,,,
07/20/26 07:30:00,38.40,,,,
07/20/26 07:35:00,38.25,,,,
07/20/26 07:40:00,38.56,,,,
07/20/26 07:45:00,38.56,,,,
07/20/26 07:50:00,38.87,,,,
07/20/26 07:55:00,39.10,,,,
07/20/26 08:00:00,40.26,,,,
07/20/26 08:05:00,40.41,,,,
07/20/26 08:10:00,40.80,,,,
07/20/26 08:15:00,40.80,,,,
07/20/26 08:20:00,41.26,,,,
07/20/26 08:25:00,40.95,,,,
07/20/26 08:30:00,41.26,,,,
07/20/26 08:35:00,40.95,,,,
07/20/26 08:40:00,40.80,,,,
07/20/26 08:45:00,40.41,,,,
07/20/26 08:50:00,40.10,,,,
07/20/26 08:55:00,40.26,,,,
07/20/26 09:00:00,40.41,,,,
07/20/26 09:05:00,40.33,,,,
07/20/26 09:10:00,41.11,,,,
07/20/26 09:15:00,41.65,,,,
07/20/26 09:20:00,41.72,,,,
07/20/26 09:25:00,42.19,,,,
07/20/26 09:30:00,42.65,,,,
07/20/26 09:35:00,43.04,,,,
07/20/26 09:40:00,43.19,,,,
07/20/26 09:45:00,43.35,,,,
07/20/26 09:50:00,42.57,,,,
07/20/26 09:55:00,42.11,,,,
07/20/26 10:00:00,42.19,,,,
07/20/26 10:05:00,42.27,,,,
07/20/26 10:10:00,42.27,,,,
07/20/26 10:15:00,42.96,,,,
07/20/26 10:20:00,42.73,,,,
07/20/26 10:25:00,42.27,,,,
07/20/26 10:30:00,41.88,,,,
07/20/26 10:35:00,41.65,,,,
07/20/26 10:40:00,41.88,,,,
07/20/26 10:45:00,41.80,,,,
07/20/26 10:50:00,42.11,,,,
07/20/26 10:55:00,43.27,,,,
07/20/26 11:00:00,43.27,,,,
07/20/26 11:05:00,43.04,,,,
07/20/26 11:10:00,42.50,,,,
07/20/26 11:15:00,43.19,,,,
07/20/26 11:20:00,44.43,,,,
07/20/26 11:25:00,46.36,,,,
07/20/26 11:30:00,46.20,,,,
07/20/26 11:35:00,45.12,,,,
07/20/26 11:40:00,43.89,,,,
07/20/26 11:45:00,43.19,,,,
07/20/26 11:50:00,43.50,,,,
07/20/26 11:55:00,43.27,,,,
07/20/26 12:00:00,43.35,,,,
07/20/26 12:05:00,44.04,,,,
07/20/26 12:10:00,44.81,,,,
07/20/26 12:15:00,45.28,,,,
07/20/26 12:20:00,47.13,,,,
07/20/26 12:25:00,48.06,,,,
07/20/26 12:30:00,48.06,,,,
07/20/26 12:35:00,47.36,,,,
07/20/26 12:40:00,46.36,,,,
07/20/26 12:45:00,45.12,,,,
07/20/26 12:50:00,44.50,,,,
07/20/26 12:55:00,43.66,,,,
07/20/26 13:00:00,43.27,,,,
07/20/26 13:05:00,42.73,,,,
07/20/26 13:10:00,42.57,,,,
07/20/26 13:15:00,43.04,,,,
07/20/26 13:20:00,44.58,,,,
07/20/26 13:25:00,43.96,,,,
07/20/26 13:30:00,43.89,,,,
07/20/26 13:35:00,44.20,,,,
07/20/26 13:40:00,44.97,,,,
07/20/26 13:45:00,46.44,,,,
07/20/26 13:50:00,46.44,,,,
07/20/26 13:55:00,47.59,,,,
07/20/26 14:00:00,44.97,,,,
07/20/26 14:05:00,44.20,,,,
07/20/26 14:10:00,45.43,,,,
07/20/26 14:15:00,45.66,,,,
07/20/26 14:20:00,44.43,,,,
07/20/26 14:25:00,44.20,,,,
07/20/26 14:30:00,45.12,,,,
07/20/26 14:35:00,45.74,,,,
07/20/26 14:40:00,44.89,,,,
07/20/26 14:45:00,43.73,,,,
07/20/26 14:50:00,43.66,,,,
07/20/26 14:55:00,43.73,,,,
07/20/26 15:00:00,43.50,,,,
07/20/26 15:05:00,43.11,,,,
07/20/26 15:10:00,43.35,,,,
07/20/26 15:15:00,44.35,,,,
07/20/26 15:20:00,43.58,,,,
07/20/26 15:25:00,43.27,,,,
07/20/26 15:30:00,43.27,,,,
07/20/26 15:35:00,43.27,,,,
07/20/26 15:40:00,43.96,,,,
07/20/26 15:45:00,44.58,,,,
07/20/26 15:50:00,43.81,,,,
07/20/26 15:55:00,44.20,,,,
07/20/26 16:00:00,44.74,,,,
07/20/26 16:05:00,45.28,,,,
07/20/26 16:10:00,46.13,,,,
07/20/26 16:15:00,45.74,,,,
07/20/26 16:20:00,44.12,,,,
07/20/26 16:25:00,44.12,,,,
07/20/26 16:30:00,44.35,,,,
07/20/26 16:35:00,44.12,,,,
07/20/26 16:40:00,44.50,,,,
07/20/26 16:45:00,44.20,,,,
07/20/26 16:50:00,45.20,,,,
07/20/26 16:55:00,44.97,,,,
07/20/26 17:00:00,45.43,,,,
07/20/26 17:05:00,45.66,,,,
07/20/26 17:10:00,46.13,,,,
07/20/26 17:15:00,46.90,,,,
07/20/26 17:20:00,46.82,,,,
07/20/26 17:25:00,46.36,,,,
07/20/26 17:30:00,45.97,,,,
07/20/26 17:35:00,45.12,,,,
07/20/26 17:40:00,45.35,,,,
07/20/26 17:45:00,45.51,,,,
07/20/26 17:50:00,45.28,,,,
07/20/26 17:55:00,44.58,,,,
07/20/26 18:00:00,44.81,,,,
07/20/26 18:05:00,45.05,,,,
07/20/26 18:10:00,45.12,,,,
07/20/26 18:15:00,46.36,,,,
07/20/26 18:20:00,46.59,,,,
07/20/26 18:25:00,46.05,,,,
07/20/26 18:30:00,45.74,,,,
07/20/26 18:35:00,45.82,,,,
07/20/26 18:40:00,45.51,,,,
07/20/26 18:45:00,44.20,,,,
07/20/26 18:50:00,43.11,,,,
07/20/26 18:55:00,42.96,,,,
07/20/26 19:00:00,43.19,,,,
07/20/26 19:05:00,44.12,,,,
07/20/26 19:10:00,44.12,,,,
07/20/26 19:15:00,43.73,,,,
07/20/26 19:20:00,42.65,,,,
07/20/26 19:25:00,41.80,,,,
07/20/26 19:30:00,41.34,,,,
07/20/26 19:35:00,41.26,,,,
07/20/26 19:40:00,41.34,,,,
07/20/26 19:45:00,42.19,,,,
07/20/26 19:50:00,42.88,,,,
07/20/26 19:55:00,44.20,,,,
07/20/26 20:00:00,43.96,,,,
07/20/26 20:05:00,44.27,,,,
07/20/26 20:10:00,43.89,,,,
07/20/26 20:15:00,43.11,,,,
07/20/26 20:20:00,43.04,,,,
07/20/26 20:25:00,42.96,,,,
07/20/26 20:30:00,42.96,,,,
07/20/26 20:35:00,43.42,,,,
07/20/26 20:40:00,43.66,,,,
07/20/26 20:45:00,43.81,,,,
07/20/26 20:50:00,43.89,,,,
07/20/26 20:55:00,44.43,,,,
07/20/26 21:00:00,43.81,,,,
07/20/26 21:05:00,43.81,,,,
07/20/26 21:10:00,44.35,,,,
07/20/26 21:15:00,44.35,,,,
07/20/26 21:20:00,44.27,,,,
07/20/26 21:25:00,43.96,,,,
07/20/26 21:30:00,43.81,,,,
07/20/26 21:35:00,43.73,,,,
07/20/26 21:40:00,43.89,,,,
07/20/26 21:45:00,42.96,,,,
07/20/26 21:50:00,42.34,,,,
07/20/26 21:55:00,41.96,,,,
07/20/26 22:00:00,40.80,,,,
07/20/26 22:05:00,41.72,,,,
07/20/26 22:10:00,42.34,,,,
07/20/26 22:15:00,42.50,,,,
07/20/26 22:20:00,43.27,,,,
07/20/26 22:25:00,43.89,,,,
07/20/26 22:30:00,44.12,,,,
07/20/26 22:35:00,43.50,,,,
07/20/26 22:40:00,42.96,,,,
07/20/26 22:45:00,43.66,,,,
07/20/26 22:50:00,43.27,,,,
07/20/26 22:55:00,43.50,,,,
07/20/26 23:00:00,42.57,,,,
07/20/26 23:05:00,42.88,,,,
07/20/26 23:10:00,41.03,,,,
07/20/26 23:15:00,40.18,,,,
07/20/26 23:20:00,38.94,,,,
07/20/26 23:25:00,40.80,,,,
07/20/26 23:30:00,40.03,,,,
07/20/26 23:35:00,40.18,,,,
07/20/26 23:40:00,39.95,,,,
07/20/26 23:45:00,40.33,,,,
07/20/26 23:50:00,42.57,,,,
07/20/26 23:55:00,43.66,,,,
07/21/26 00:00:00,43.35,,,,
07/21/26 00:05:00,42.73,,,,
07/21/26 00:10:00,42.34,,,,
07/21/26 00:15:00,40.33,,,,
07/21/26 00:20:00,38.87,,,,
07/21/26 00:25:00,37.79,,,,
07/21/26 00:30:00,38.02,,,,
07/21/26 00:35:00,38.87,,,,
07/21/26 00:40:00,39.79,,,,
07/21/26 00:45:00,39.25,,,,
07/21/26 00:50:00,39.18,,,,
07/21/26 00:55:00,39.02,,,,
07/21/26 01:00:00,39.10,,,,
07/21/26 01:05:00,38.79,,,,
07/21/26 01:10:00,38.56,,,,
07/21/26 01:15:00,38.94,,,,
07/21/26 01:20:00,39.02,,,,
07/21/26 01:25:00,39.33,,,,
07/21/26 01:30:00,38.56,,,,
07/21/26 01:35:00,38.25,,,,
07/21/26 01:40:00,37.71,,,,
07/21/26 01:45:00,37.94,,,,
07/21/26 01:50:00,38.25,,,,
07/21/26 01:55:00,38.40,,,,
07/21/26 02:00:00,38.40,,,,
07/21/26 02:05:00,38.25,,,,
07/21/26 02:10:00,38.56,,,,
07/21/26 02:15:00,38.56,,,,
07/21/26 02:20:00,38.94,,,,
07/21/26 02:25:00,39.87,,,,
07/21/26 02:30:00,39.95,,,,
07/21/26 02:35:00,39.33,,,,
07/21/26 02:40:00,39.72,,,,
07/21/26 02:45:00,40.64,,,,
07/21/26 02:50:00,39.49,,,,
07/21/26 02:55:00,40.72,,,,
07/21/26 03:00:00,40.18,,,,
07/21/26 03:05:00,39.49,,,,
07/21/26 03:10:00,39.87,,,,
07/21/26 03:15:00,40.03,,,,
07/21/26 03:20:00,40.72,,,,
07/21/26 03:25:00,41.49,,,,
07/21/26 03:30:00,40.80,,,,
07/21/26 03:35:00,41.03,,,,
07/21/26 03:40:00,41.03,,,,
07/21/26 03:45:00,40.26,,,,
07/21/26 03:50:00,39.87,,,,
07/21/26 03:55:00,39.72,,,,
07/21/26 04:00:00,39.25,,,,
07/21/26 04:05:00,38.94,,,,
07/21/26 04:10:00,38.79,,,,
07/21/26 04:15:00,39.18,,,,
07/21/26 04:20:00,39.10,,,,
07/21/26 04:25:00,39.56,,,,
07/21/26 04:30:00,39.64,,,,
07/21/26 04:35:00,39.25,,,,
07/21/26 04:40:00,38.94,,,,
07/21/26 04:45:00,38.87,,,,
07/21/26 04:50:00,39.25,,,,
07/21/26 04:55:00,40.88,,,,
07/21/26 05:00:00,40.49,,,,
07/21/26 05:05:00,39.25,,,,
07/21/26 05:10:00,39.95,,,,
07/21/26 05:15:00,40.18,,,,
07/21/26 05:20:00,41.42,,,,
07/21/26 05:25:00,41.18,,,,
07/21/26 05:30:00,40.49,,,,
07/21/26 05:35:00,41.26,,,,
07/21/26 05:40:00,40.57,,,,
07/21/26 05:45:00,39.95,,,,
07/21/26 05:50:00,39.72,,,,
07/21/26 05:55:00,39.56,,,,
07/21/26 06:00:00,39.79,,,,
07/21/26 06:05:00,40.80,,,,
07/21/26 06:10:00,41.18,,,,
07/21/26 06:15:00,41.26,,,,
07/21/26 06:20:00,41.72,,,,
07/21/26 06:25:00,40.41,,,,
07/21/26 06:30:00,40.88,,,,
07/21/26 06:35:00,41.34,,,,
07/21/26 06:40:00,41.34,,,,
07/21/26 06:45:00,41.88,,,,
07/21/26 06:50:00,43.66,,,,
07/21/26 06:55:00,43.81,,,,
07/21/26 07:00:00,42.11,,,,
07/21/26 07:05:00,42.50,,,,
07/21/26 07:10:00,42.19,,,,
07/21/26 07:15:00,41.96,,,,
07/21/26 07:20:00,41.11,,,,
07/21/26 07:25:00,41.34,,,,
07/21/26 07:30:00,41.96,,,,
07/21/26 07:35:00,42.19,,,,
07/21/26 07:40:00,41.65,,,,
07/21/26 07:45:00,41.26,,,,
07/21/26 07:50:00,40.72,,,,
07/21/26 07:55:00,40.64,,,,
07/21/26 08:00:00,41.11,,,,
07/21/26 08:05:00,41.18,,,,
07/21/26 08:10:00,41.49,,,,
07/21/26 08:15:00,41.57,,,,
07/21/26 08:20:00,41.49,,,,
07/21/26 08:25:00,42.11,,,,
07/21/26 08:30:00,43.50,,,,
07/21/26 08:35:00,43.81,,,,
07/21/26 08:40:00,42.65,,,,
07/21/26 08:45:00,42.57,,,,
07/21/26 08:50:00,42.81,,,,
07/21/26 08:55:00,43.04,,,,
07/21/26 09:00:00,43.04,,,,
07/21/26 09:05:00,44.89,,,,
07/21/26 09:10:00,46.36,,,,
07/21/26 09:15:00,46.28,,,,
07/21/26 09:20:00,45.20,,,,
07/21/26 09:25:00,44.35,,,,
07/21/26 09:30:00,44.81,,,,
07/21/26 09:35:00,44.50,,,,
07/21/26 09:40:00,43.89,,,,
07/21/26 09:45:00,44.27,,,,
07/21/26 09:50:00,43.96,,,,
07/21/26 09:55:00,44.04,,,,
07/21/26 10:00:00,43.27,,,,
07/21/26 10:05:00,43.73,,,,
07/21/26 10:10:00,44.12,,,,
07/21/26 10:15:00,44.74,,,,
07/21/26 10:20:00,44.27,,,,
07/21/26 10:25:00,44.81,,,,
07/21/26 10:30:00,44.97,,,,
07/21/26 10:35:00,45.12,,,,
07/21/26 10:40:00,45.20,,,,
07/21/26 10:45:00,46.05,,,,
07/21/26 10:50:00,46.51,,,,
07/21/26 10:55:00,48.13,,,,
07/21/26 11:00:00,50.06,,,,
07/21/26 11:05:00,48.67,,,,
07/21/26 11:10:00,46.44,,,,
07/21/26 11:15:00,44.74,,,,
07/21/26 11:20:00,43.58,,,,
07/21/26 11:25:00,42.57,,,,
07/21/26 11:30:00,45.28,,,,
07/21/26 11:35:00,45.43,,,,
07/21/26 11:40:00,46.67,,,,
07/21/26 11:45:00,46.28,,,,
07/21/26 11:50:00,47.98,,,,
07/21/26 11:55:00,47.44,,,,
07/21/26 12:00:00,46.67,,,,
07/21/26 12:05:00,46.51,,,,
07/21/26 12:10:00,45.74,,,,
07/21/26 12:15:00,47.67,,,,
07/21/26 12:20:00,48.37,,,,
07/21/26 12:25:00,48.67,,,,
07/21/26 12:30:00,48.91,,,,
07/21/26 12:35:00,45.89,,,,
07/21/26 12:40:00,46.05,,,,
07/21/26 12:45:00,44.58,,,,
07/21/26 12:50:00,44.74,,,,
07/21/26 12:55:00,44.66,,,,
07/21/26 13:00:00,44.43,,,,
07/21/26 13:05:00,44.27,,,,
07/21/26 13:10:00,44.74,,,,
07/21/26 13:15:00,44.27,,,,
07/21/26 13:20:00,42.57,,,,
07/21/26 13:25:00,42.03,,,,
07/21/26 13:30:00,40.72,,,,
07/21/26 13:35:00,39.64,,,,
07/21/26 13:40:00,38.25,,,,
07/21/26 13:45:00,37.79,,,,
07/21/26 13:50:00,36.86,,,,
07/21/26 13:55:00,36.47,,,,
07/21/26 14:00:00,36.24,,,,
07/21/26 14:05:00,36.55,,,,
07/21/26 14:10:00,36.78,,,,
07/21/26 14:15:00,36.55,,,,
07/21/26 14:20:00,36.47,,,,
07/21/26 14:25:00,36.24,,,,
07/21/26 14:30:00,35.93,,,,
07/21/26 14:35:00,36.32,,,,
07/21/26 14:40:00,36.32,,,,
07/21/26 14:45:00,36.47,,,,
07/21/26 14:50:00,36.71,,,,
07/21/26 14:55:00,36.78,,,,
07/21/26 15:00:00,37.55,,,,
07/21/26 15:05:00,37.40,,,,
07/21/26 15:10:00,37.01,,,,
07/21/26 15:15:00,36.78,,,,
07/21/26 15:20:00,37.17,,,,
07/21/26 15:25:00,37.63,,,,
07/21/26 15:30:00,37.40,,,,
07/21/26 15:35:00,37.32,,,,
07/21/26 15:40:00,37.55,,,,
07/21/26 15:45:00,37.86,,,,
07/21/26 15:50:00,38.02,,,,
07/21/26 15:55:00,38.17,,,,
07/21/26 16:00:00,38.33,,,,
07/21/26 16:05:00,38.33,,,,
07/21/26 16:10:00,37.55,,,,
07/21/26 16:15:00,37.63,,,,
07/21/26 16:20:00,37.55,,,,
07/21/26 16:25:00,37.25,,,,
07/21/26 16:30:00,37.63,,,,
07/21/26 16:35:00,37.48,,,,
07/21/26 16:40:00,37.40,,,,
07/21/26 16:45:00,37.01,,,,
07/21/26 16:50:00,37.25,,,,
07/21/26 16:55:00,37.79,,,,
07/21/26 17:00:00,38.10,,,,
07/21/26 17:05:00,37.40,,,,
07/21/26 17:10:00,37.40,,,,
07/21/26 17:15:00,37.79,,,,
07/21/26 17:20:00,38.71,,,,
07/21/26 17:25:00,38.40,,,,
07/21/26 17:30:00,39.56,,,,
07/21/26 17:35:00,39.95,,,,
07/21/26 17:40:00,40.72,,,,
07/21/26 17:45:00,39.95,,,,
07/21/26 17:50:00,39.72,,,,
07/21/26 17:55:00,39.41,,,,
07/21/26 18:00:00,39.56,,,,
07/21/26 18:05:00,39.64,,,,
07/21/26 18:10:00,38.71,,,,
07/21/26 18:15:00,38.87,,,,
07/21/26 18:20:00,39.49,,,,
07/21/26 18:25:00,39.41,,,,
07/21/26 18:30:00,39.49,,,,
07/21/26 18:35:00,39.95,,,,
07/21/26 18:40:00,40.10,,,,
07/21/26 18:45:00,39.64,,,,
07/21/26 18:50:00,39.10,,,,
07/21/26 18:55:00,38.40,,,,
07/21/26 19:00:00,37.94,,,,
07/21/26 19:05:00,38.56,,,,
07/21/26 19:10:00,38.33,,,,
07/21/26 19:15:00,38.71,,,,
07/21/26 19:20:00,39.33,,,,
07/21/26 19:25:00,40.49,,,,
07/21/26 19:30:00,41.65,,,,
07/21/26 19:35:00,42.27,,,,
07/21/26 19:40:00,42.42,,,,
07/21/26 19:45:00,41.80,,,,
07/21/26 19:50:00,41.42,,,,
07/21/26 19:55:00,40.03,,,,
07/21/26 20:00:00,39.10,,,,
07/21/26 20:05:00,38.33,,,,
07/21/26 20:10:00,38.33,,,,
07/21/26 20:15:00,38.17,,,,
07/21/26 20:20:00,37.86,,,,
07/21/26 20:25:00,38.33,,,,
07/21/26 20:30:00,38.48,,,,
07/21/26 20:35:00,38.33,,,,
07/21/26 20:40:00,38.02,,,,
07/21/26 20:45:00,37.48,,,,
07/21/26 20:50:00,37.40,,,,
07/21/26 20:55:00,37.79,,,,
07/21/26 21:00:00,37.79,,,,
07/21/26 21:05:00,38.56,,,,
07/21/26 21:10:00,37.94,,,,
07/21/26 21:15:00,37.63,,,,
07/21/26 21:20:00,37.71,,,,
07/21/26 21:25:00,37.86,,,,
07/21/26 21:30:00,37.71,,,,
07/21/26 21:35:00,37.17,,,,
07/21/26 21:40:00,37.17,,,,
07/21/26 21:45:00,36.71,,,,
07/21/26 21:50:00,36.24,,,,
07/21/26 21:55:00,36.63,,,,
07/21/26 22:00:00,37.09,,,,
07/21/26 22:05:00,37.55,,,,
07/21/26 22:10:00,37.86,,,,
07/21/26 22:15:00,37.94,,,,
07/21/26 22:20:00,37.71,,,,
07/21/26 22:25:00,37.86,,,,
07/21/26 22:30:00,37.94,,,,
07/21/26 22:35:00,38.10,,,,
07/21/26 22:40:00,38.94,,,,
07/21/26 22:45:00,38.56,,,,
07/21/26 22:50:00,38.94,,,,
07/21/26 22:55:00,39.56,,,,
07/21/26 23:00:00,40.80,,,,
07/21/26 23:05:00,40.41,,,,
07/21/26 23:10:00,40.10,,,,
07/21/26 23:15:00,40.88,,,,
07/21/26 23:20:00,41.57,,,,
07/21/26 23:25:00,41.57,,,,
07/21/26 23:30:00,41.65,,,,
07/21/26 23:35:00,41.88,,,,
07/21/26 23:40:00,41.49,,,,
07/21/26 23:45:00,41.88,,,,
07/21/26 23:50:00,41.80,,,,
07/21/26 23:55:00,41.72,,,,
07/22/26 00:00:00,41.65,,,,
07/22/26 00:05:00,41.80,,,,
07/22/26 00:10:00,41.34,,,,
07/22/26 00:15:00,41.49,,,,
07/22/26 00:20:00,41.11,,,,
07/22/26 00:25:00,40.95,,,,
07/22/26 00:30:00,41.26,,,,
07/22/26 00:35:00,40.95,,,,
07/22/26 00:40:00,40.72,,,,
07/22/26 00:45:00,40.95,,,,
07/22/26 00:50:00,40.95,,,,
07/22/26 00:55:00,40.72,,,,
07/22/26 01:00:00,40.72,,,,
07/22/26 01:05:00,40.88,,,,
07/22/26 01:10:00,40.03,,,,
07/22/26 01:15:00,40.64,,,,
07/22/26 01:20:00,40.95,,,,
07/22/26 01:25:00,41.34,,,,
07/22/26 01:30:00,42.42,,,,
07/22/26 01:35:00,42.57,,,,
07/22/26 01:40:00,42.73,,,,
07/22/26 01:45:00,42.96,,,,
07/22/26 01:50:00,43.27,,,,
07/22/26 01:55:00,42.57,,,,
07/22/26 02:00:00,41.72,,,,
07/22/26 02:05:00,40.88,,,,
07/22/26 02:10:00,40.64,,,,
07/22/26 02:15:00,40.18,,,,
07/22/26 02:20:00,40.18,,,,
07/22/26 02:25:00,40.57,,,,
07/22/26 02:30:00,40.10,,,,
07/22/26 02:35:00,39.49,,,,
07/22/26 02:40:00,39.18,,,,
07/22/26 02:45:00,39.25,,,,
07/22/26 02:50:00,39.79,,,,
07/22/26 02:55:00,39.56,,,,
07/22/26 03:00:00,39.18,,,,
07/22/26 03:05:00,40.64,,,,
07/22/26 03:10:00,40.80,,,,
07/22/26 03:15:00,40.72,,,,
07/22/26 03:20:00,41.26,,,,
07/22/26 03:25:00,40.88,,,,
07/22/26 03:30:00,40.49,,,,
07/22/26 03:35:00,39.56,,,,
07/22/26 03:40:00,39.25,,,,
07/22/26 03:45:00,39.10,,,,
07/22/26 03:50:00,38.40,,,,
07/22/26 03:55:00,38.94,,,,
07/22/26 04:00:00,38.10,,,,
07/22/26 04:05:00,37.79,,,,
07/22/26 04:10:00,37.55,,,,
07/22/26 04:15:00,37.48,,,,
07/22/26 04:20:00,38.48,,,,
07/22/26 04:25:00,38.40,,,,
07/22/26 04:30:00,38.64,,,,
07/22/26 04:35:00,39.49,,,,
07/22/26 04:40:00,39.49,,,,
07/22/26 04:45:00,38.10,,,,
07/22/26 04:50:00,38.87,,,,
07/22/26 04:55:00,37.63,,,,
07/22/26 05:00:00,37.17,,,,
07/22/26 05:05:00,38.64,,,,
07/22/26 05:10:00,38.71,,,,
07/22/26 05:15:00,39.10,,,,
07/22/26 05:20:00,39.87,,,,
07/22/26 05:25:00,39.64,,,,
07/22/26 05:30:00,39.10,,,,
07/22/26 05:35:00,37.79,,,,
07/22/26 05:40:00,37.25,,,,
07/22/26 05:45:00,37.25,,,,
07/22/26 05:50:00,36.24,,,,
07/22/26 05:55:00,36.78,,,,
07/22/26 06:00:00,36.24,,,,
07/22/26 06:05:00,37.25,,,,
07/22/26 06:10:00,37.40,,,,
07/22/26 06:15:00,37.86,,,,
07/22/26 06:20:00,38.02,,,,
07/22/26 06:25:00,39.41,,,,
07/22/26 06:30:00,39.41,,,,
07/22/26 06:35:00,39.49,,,,
07/22/26 06:40:00,40.95,,,,
07/22/26 06:45:00,41.11,,,,
07/22/26 06:50:00,41.57,,,,
07/22/26 06:55:00,42.19,,,,
07/22/26 07:00:00,43.50,,,,
07/22/26 07:05:00,43.27,,,,
07/22/26 07:10:00,45.05,,,,
07/22/26 07:15:00,45.97,,,,
07/22/26 07:20:00,46.59,,,,
07/22/26 07:25:00,47.52,,,,
07/22/26 07:30:00,45.28,,,,
07/22/26 07:35:00,45.12,,,,
07/22/26 07:40:00,45.66,,,,
07/22/26 07:45:00,46.28,,,,
07/22/26 07:50:00,46.51,,,,
07/22/26 07:55:00,47.36,,,,
07/22/26 08:00:00,48.06,,,,
07/22/26 08:05:00,47.21,,,,
07/22/26 08:10:00,46.20,,,,
07/22/26 08:15:00,45.82,,,,
07/22/26 08:20:00,45.89,,,,
07/22/26 08:25:00,44.50,,,,
07/22/26 08:30:00,44.66,,,,
07/22/26 08:35:00,44.74,,,,
07/22/26 08:40:00,44.97,,,,
07/22/26 08:45:00,45.12,,,,
07/22/26 08:50:00,45.05,,,,
07/22/26 08:55:00,45.74,,,,
07/22/26 09:00:00,46.28,,,,
07/22/26 09:05:00,46.28,,,,
07/22/26 09:10:00,45.51,,,,
07/22/26 09:15:00,45.12,,,,
07/22/26 09:20:00,45.66,,,,
07/22/26 09:25:00,46.36,,,,
07/22/26 09:30:00,47.05,,,,
07/22/26 09:35:00,47.44,,,,
07/22/26 09:40:00,47.67,,,,
07/22/26 09:45:00,48.91,,,,
07/22/26 09:50:00,48.37,,,,
07/22/26 09:55:00,47.13,,,,
07/22/26 10:00:00,47.67,,,,
07/22/26 10:05:00,46.82,,,,
07/22/26 10:10:00,47.83,,,,
07/22/26 10:15:00,48.75,,,,
07/22/26 10:20:00,48.06,,,,
07/22/26 10:25:00,48.52,,,,
07/22/26 10:30:00,49.52,,,,
07/22/26 10:35:00,47.59,,,,
07/22/26 10:40:00,47.75,,,,
07/22/26 10:45:00,48.21,,,,
07/22/26 10:50:00,46.59,,,,
07/22/26 10:55:00,46.05,,,,
07/22/26 11:00:00,46.82,,,,
07/22/26 11:05:00,46.59,,,,
07/22/26 11:10:00,47.05,,,,
07/22/26 11:15:00,49.22,,,,
07/22/26 11:20:00,47.90,,,,
07/22/26 11:25:00,48.37,,,,
07/22/26 11:30:00,48.29,,,,
07/22/26 11:35:00,45.43,,,,
07/22/26 11:40:00,43.96,,,,
07/22/26 11:45:00,43.58,,,,
07/22/26 11:50:00,47.52,,,,
07/22/26 11:55:00,48.52,,,,
07/22/26 12:00:00,50.53,,,,
07/22/26 12:05:00,52.61,,,,
07/22/26 12:10:00,53.39,,,,
07/22/26 12:15:00,53.31,,,,
07/22/26 12:20:00,55.08,,,,
07/22/26 12:25:00,54.78,,,,
07/22/26 12:30:00,56.40,,,,
07/22/26 12:35:00,58.40,,,,
07/22/26 12:40:00,56.32,,,,
07/22/26 12:45:00,55.39,,,,
07/22/26 12:50:00,56.24,,,,
07/22/26 12:55:00,57.40,,,,
07/22/26 13:00:00,55.62,,,,
07/22/26 13:05:00,55.16,,,,
07/22/26 13:10:00,55.16,,,,
07/22/26 13:15:00,58.02,,,,
07/22/26 13:20:00,55.62,,,,
07/22/26 13:25:00,57.79,,,,
07/22/26 13:30:00,56.09,,,,
07/22/26 13:35:00,54.93,,,,
07/22/26 13:40:00,53.62,,,,
07/22/26 13:45:00,51.22,,,,
07/22/26 13:50:00,53.93,,,,
07/22/26 13:55:00,51.15,,,,
07/22/26 14:00:00,46.67,,,,
07/22/26 14:05:00,45.20,,,,
07/22/26 14:10:00,46.13,,,,
07/22/26 14:15:00,48.37,,,,
07/22/26 14:20:00,47.90,,,,
07/22/26 14:25:00,49.22,,,,
07/22/26 14:30:00,47.28,,,,
07/22/26 14:35:00,47.05,,,,
07/22/26 14:40:00,47.75,,,,
07/22/26 14:45:00,49.37,,,,
07/22/26 14:50:00,53.93,,,,
07/22/26 14:55:00,56.63,,,,
07/22/26 15:00:00,54.70,,,,
07/22/26 15:05:00,51.38,,,,
07/22/26 15:10:00,49.83,,,,
07/22/26 15:15:00,47.75,,,,
07/22/26 15:20:00,47.36,,,,
07/22/26 15:25:00,47.83,,,,
07/22/26 15:30:00,48.60,,,,
07/22/26 15:35:00,49.68,,,,
07/22/26 15:40:00,50.45,,,,
07/22/26 15:45:00,52.38,,,,
07/22/26 15:50:00,52.61,,,,
07/22/26 15:55:00,54.62,,,,
07/22/26 16:00:00,53.54,,,,
07/22/26 16:05:00,51.07,,,,
07/22/26 16:10:00,52.30,,,,
07/22/26 16:15:00,53.00,,,,
07/22/26 16:20:00,52.07,,,,
07/22/26 16:25:00,52.00,,,,
07/22/26 16:30:00,52.00,,,,
07/22/26 16:35:00,51.53,,,,
07/22/26 16:40:00,51.69,,,,
07/22/26 16:45:00,50.45,,,,
07/22/26 16:50:00,51.30,,,,
07/22/26 16:55:00,51.15,,,,
07/22/26 17:00:00,51.07,,,,
07/22/26 17:05:00,50.22,,,,
07/22/26 17:10:00,50.53,,,,
07/22/26 17:15:00,49.99,,,,
07/22/26 17:20:00,50.30,,,,
07/22/26 17:25:00,51.45,,,,
07/22/26 17:30:00,52.15,,,,
07/22/26 17:35:00,49.45,,,,
07/22/26 17:40:00,47.21,,,,
07/22/26 17:45:00,45.59,,,,
07/22/26 17:50:00,47.13,,,,
07/22/26 17:55:00,49.99,,,,
07/22/26 18:00:00,50.84,,,,
07/22/26 18:05:00,50.91,,,,
07/22/26 18:10:00,50.61,,,,
07/22/26 18:15:00,50.76,,,,
07/22/26 18:20:00,50.37,,,,
07/22/26 18:25:00,50.37,,,,
07/22/26 18:30:00,50.53,,,,
07/22/26 18:35:00,51.22,,,,
07/22/26 18:40:00,50.06,,,,
07/22/26 18:45:00,50.37,,,,
07/22/26 18:50:00,47.28,,,,
07/22/26 18:55:00,45.43,,,,
07/22/26 19:00:00,43.19,,,,
07/22/26 19:05:00,41.65,,,,
07/22/26 19:10:00,41.57,,,,
07/22/26 19:15:00,40.95,,,,
07/22/26 19:20:00,42.19,,,,
07/22/26 19:25:00,47.21,,,,
07/22/26 19:30:00,49.29,,,,
07/22/26 19:35:00,49.60,,,,
07/22/26 19:40:00,49.60,,,,
07/22/26 19:45:00,49.06,,,,
07/22/26 19:50:00,47.36,,,,
07/22/26 19:55:00,45.12,,,,
07/22/26 20:00:00,41.65,,,,
07/22/26 20:05:00,40.80,,,,
07/22/26 20:10:00,39.02,,,,
07/22/26 20:15:00,38.40,,,,
07/22/26 20:20:00,39.18,,,,
07/22/26 20:25:00,38.10,,,,
07/22/26 20:30:00,37.48,,,,
07/22/26 20:35:00,37.32,,,,
07/22/26 20:40:00,36.86,,,,
07/22/26 20:45:00,36.55,,,,
07/22/26 20:50:00,36.55,,,,
07/22/26 20:55:00,37.01,,,,
07/22/26 21:00:00,36.78,,,,
07/22/26 21:05:00,37.40,,,,
07/22/26 21:10:00,37.94,,,,
07/22/26 21:15:00,38.10,,,,
07/22/26 21:20:00,38.25,,,,
07/22/26 21:25:00,38.02,,,,
07/22/26 21:30:00,37.86,,,,
07/22/26 21:35:00,38.33,,,,
07/22/26 21:40:00,38.48,,,,
07/22/26 21:45:00,38.33,,,,
07/22/26 21:50:00,37.94,,,,
07/22/26 21:55:00,38.10,,,,
07/22/26 22:00:00,37.48,,,,
07/22/26 22:05:00,38.10,,,,
07/22/26 22:10:00,38.10,,,,
07/22/26 22:15:00,37.32,,,,
07/22/26 22:20:00,36.94,,,,
07/22/26 22:25:00,36.94,,,,
07/22/26 22:30:00,36.78,,,,
07/22/26 22:35:00,37.01,,,,
07/22/26 22:40:00,36.63,,,,
07/22/26 22:45:00,36.40,,,,
07/22/26 22:50:00,36.86,,,,
07/22/26 22:55:00,36.63,,,,
07/22/26 23:00:00,36.40,,,,
07/22/26 23:05:00,37.25,,,,
07/22/26 23:10:00,38.25,,,,
07/22/26 23:15:00,38.25,,,,
07/22/26 23:20:00,37.86,,,,
07/22/26 23:25:00,37.86,,,,
07/22/26 23:30:00,37.63,,,,
07/22/26 23:35:00,38.02,,,,
07/22/26 23:40:00,37.86,,,,
07/22/26 23:45:00,37.79,,,,
07/22/26 23:50:00,37.86,,,,
07/22/26 23:55:00,37.48,,,,
07/23/26 00:00:00,37.71,,,,
07/23/26 00:05:00,37.55,,,,
07/23/26 00:10:00,37.09,,,,
07/23/26 00:15:00,37.09,,,,
07/23/26 00:20:00,36.86,,,,
07/23/26 00:25:00,37.17,,,,
07/23/26 00:30:00,36.24,,,,
07/23/26 00:35:00,36.24,,,,
07/23/26 00:40:00,36.09,,,,
07/23/26 00:45:00,36.40,,,,
07/23/26 00:50:00,36.63,,,,
07/23/26 00:55:00,36.78,,,,
07/23/26 01:00:00,36.47,,,,
07/23/26 01:05:00,36.16,,,,
07/23/26 01:10:00,35.86,,,,
07/23/26 01:15:00,35.86,,,,
07/23/26 01:20:00,36.01,,,,
07/23/26 01:25:00,35.70,,,,
07/23/26 01:30:00,35.47,,,,
07/23/26 01:35:00,35.62,,,,
07/23/26 01:40:00,36.24,,,,
07/23/26 01:45:00,35.86,,,,
07/23/26 01:50:00,36.32,,,,
07/23/26 01:55:00,36.40,,,,
07/23/26 02:00:00,36.16,,,,
07/23/26 02:05:00,36.32,,,,
07/23/26 02:10:00,36.32,,,,
07/23/26 02:15:00,36.47,,,,
07/23/26 02:20:00,36.78,,,,
07/23/26 02:25:00,36.78,,,,
07/23/26 02:30:00,36.78,,,,
07/23/26 02:35:00,36.40,,,,
07/23/26 02:40:00,36.86,,,,
07/23/26 02:45:00,36.55,,,,
07/23/26 02:50:00,36.40,,,,
07/23/26 02:55:00,36.09,,,,
07/23/26 03:00:00,36.01,,,,
07/23/26 03:05:00,36.16,,,,
07/23/26 03:10:00,36.32,,,,
07/23/26 03:15:00,36.71,,,,
07/23/26 03:20:00,36.78,,,,
07/23/26 03:25:00,37.55,,,,
07/23/26 03:30:00,37.17,,,,
07/23/26 03:35:00,37.48,,,,
07/23/26 03:40:00,37.79,,,,
07/23/26 03:45:00,37.17,,,,
07/23/26 03:50:00,36.71,,,,
07/23/26 03:55:00,36.47,,,,
07/23/26 04:00:00,36.40,,,,
07/23/26 04:05:00,36.24,,,,
07/23/26 04:10:00,36.32,,,,
07/23/26 04:15:00,35.93,,,,
07/23/26 04:20:00,36.09,,,,
07/23/26 04:25:00,36.40,,,,
07/23/26 04:30:00,36.63,,,,
07/23/26 04:35:00,36.63,,,,
07/23/26 04:40:00,36.55,,,,
07/23/26 04:45:00,36.40,,,,
07/23/26 04:50:00,36.78,,,,
07/23/26 04:55:00,37.01,,,,
07/23/26 05:00:00,36.63,,,,
07/23/26 05:05:00,36.40,,,,
07/23/26 05:10:00,36.47,,,,
07/23/26 05:15:00,37.79,,,,
07/23/26 05:20:00,40.72,,,,
07/23/26 05:25:00,40.88,,,,
07/23/26 05:30:00,39.25,,,,
07/23/26 05:35:00,38.25,,,,
07/23/26 05:40:00,37.40,,,,
07/23/26 05:45:00,37.09,,,,
07/23/26 05:50:00,36.71,,,,
07/23/26 05:55:00,36.78,,,,
07/23/26 06:00:00,37.63,,,,
07/23/26 06:05:00,38.40,,,,
07/23/26 06:10:00,37.71,,,,
07/23/26 06:15:00,38.64,,,,
07/23/26 06:20:00,43.04,,,,
07/23/26 06:25:00,44.74,,,,
07/23/26 06:30:00,45.89,,,,
07/23/26 06:35:00,45.82,,,,
07/23/26 06:40:00,44.97,,,,
07/23/26 06:45:00,43.42,,,,
07/23/26 06:50:00,41.42,,,,
07/23/26 06:55:00,41.03,,,,
07/23/26 07:00:00,40.80,,,,
07/23/26 07:05:00,38.64,,,,
07/23/26 07:10:00,39.49,,,,
07/23/26 07:15:00,40.18,,,,
07/23/26 07:20:00,43.19,,,,
07/23/26 07:25:00,44.20,,,,
07/23/26 07:30:00,45.82,,,,
07/23/26 07:35:00,43.04,,,,
07/23/26 07:40:00,42.42,,,,
07/23/26 07:45:00,41.96,,,,
07/23/26 07:50:00,43.19,,,,
07/23/26 07:55:00,40.72,,,,
07/23/26 08:00:00,40.10,,,,
07/23/26 08:05:00,40.33,,,,
07/23/26 08:10:00,39.79,,,,
07/23/26 08:15:00,38.87,,,,
07/23/26 08:20:00,38.25,,,,
07/23/26 08:25:00,37.94,,,,
07/23/26 08:30:00,37.40,,,,
07/23/26 08:35:00,37.17,,,,
07/23/26 08:40:00,37.25,,,,
07/23/26 08:45:00,37.32,,,,
07/23/26 08:50:00,37.55,,,,
07/23/26 08:55:00,37.63,,,,
07/23/26 09:00:00,38.10,,,,
07/23/26 09:05:00,37.94,,,,
07/23/26 09:10:00,38.02,,,,
07/23/26 09:15:00,37.86,,,,
07/23/26 09:20:00,37.63,,,,
07/23/26 09:25:00,37.17,,,,
07/23/26 09:30:00,37.25,,,,
07/23/26 09:35:00,37.55,,,,
07/23/26 09:40:00,38.10,,,,
07/23/26 09:45:00,39.33,,,,
07/23/26 09:50:00,39.56,,,,
07/23/26 09:55:00,39.25,,,,
07/23/26 10:00:00,38.10,,,,
07/23/26 10:05:00,37.32,,,,
07/23/26 10:10:00,37.17,,,,
07/23/26 10:15:00,37.86,,,,
07/23/26 10:20:00,38.10,,,,
07/23/26 10:25:00,37.63,,,,
07/23/26 10:30:00,37.01,,,,
07/23/26 10:35:00,37.01,,,,
07/23/26 10:40:00,37.01,,,,
07/23/26 10:45:00,36.86,,,,
07/23/26 10:50:00,36.78,,,,
07/23/26 10:55:00,36.71,,,,
07/23/26 11:00:00,36.86,,,,
07/23/26 11:05:00,36.94,,,,
07/23/26 11:10:00,37.01,,,,
07/23/26 11:15:00,37.71,,,,
07/23/26 11:20:00,37.94,,,,
07/23/26 11:25:00,37.71,,,,
07/23/26 11:30:00,37.94,,,,
07/23/26 11:35:00,37.94,,,,
07/23/26 11:40:00,37.01,,,,
07/23/26 11:45:00,36.47,,,,
07/23/26 11:50:00,36.47,,,,
07/23/26 11:55:00,36.55,,,,
07/23/26 12:00:00,36.24,,,,
07/23/26 12:05:00,36.01,,,,
07/23/26 12:10:00,36.24,,,,
07/23/26 12:15:00,36.71,,,,
07/23/26 12:20:00,36.71,,,,
07/23/26 12:25:00,36.86,,,,
07/23/26 12:30:00,37.09,,,,
07/23/26 12:35:00,37.63,,,,
07/23/26 12:40:00,37.40,,,,
07/23/26 12:45:00,37.40,,,,
07/23/26 12:50:00,37.25,,,,
07/23/26 12:55:00,37.17,,,,
07/23/26 13:00:00,36.86,,,,
07/23/26 13:05:00,36.63,,,,
07/23/26 13:10:00,36.78,,,,
07/23/26 13:15:00,36.78,,,,
07/23/26 13:20:00,36.86,,,,
07/23/26 13:25:00,37.09,,,,
07/23/26 13:30:00,37.32,,,,
07/23/26 13:35:00,37.25,,,,
07/23/26 13:40:00,37.55,,,,
07/23/26 13:45:00,37.48,,,,
07/23/26 13:50:00,37.32,,,,
07/23/26 13:55:00,37.32,,,,
07/23/26 14:00:00,37.25,,,,
07/23/26 14:05:00,37.25,,,,
07/23/26 14:10:00,37.09,,,,
07/23/26 14:15:00,37.17,,,,
07/23/26 14:20:00,37.40,,,,
07/23/26 14:25:00,37.40,,,,
07/23/26 14:30:00,37.32,,,,
07/23/26 14:35:00,37.17,,,,
07/23/26 14:40:00,37.17,,,,
07/23/26 14:45:00,37.40,,,,
07/23/26 14:50:00,37.25,,,,
07/23/26 14:55:00,37.40,,,,
07/23/26 15:00:00,37.40,,,,
07/23/26 15:05:00,37.48,,,,
07/23/26 15:10:00,37.48,,,,
07/23/26 15:15:00,37.32,,,,
07/23/26 15:20:00,37.71,,,,
07/23/26 15:25:00,37.55,,,,
07/23/26 15:30:00,37.40,,,,
07/23/26 15:35:00,37.48,,,,
07/23/26 15:40:00,37.94,,,,
07/23/26 15:45:00,38.10,,,,
07/23/26 15:50:00,38.02,,,,
07/23/26 15:55:00,38.10,,,,
07/23/26 16:00:00,38.64,,,,
07/23/26 16:05:00,39.02,,,,
07/23/26 16:10:00,39.18,,,,
07/23/26 16:15:00,39.02,,,,
07/23/26 16:20:00,39.18,,,,
07/23/26 16:25:00,38.71,,,,
07/23/26 16:30:00,38.79,,,,
07/23/26 16:35:00,38.25,,,,
07/23/26 16:40:00,38.25,,,,
07/23/26 16:45:00,38.10,,,,
07/23/26 16:50:00,38.79,,,,
07/23/26 16:55:00,38.71,,,,
07/23/26 17:00:00,38.71,,,,
07/23/26 17:05:00,38.25,,,,
07/23/26 17:10:00,38.48,,,,
07/23/26 17:15:00,37.32,,,,
07/23/26 17:20:00,36.86,,,,
07/23/26 17:25:00,36.55,,,,
07/23/26 17:30:00,36.32,,,,
07/23/26 17:35:00,36.09,,,,
07/23/26 17:40:00,36.09,,,,
07/23/26 17:45:00,36.01,,,,
07/23/26 17:50:00,36.40,,,,
07/23/26 17:55:00,36.47,,,,
07/23/26 18:00:00,36.47,,,,
07/23/26 18:05:00,36.40,,,,
07/23/26 18:10:00,36.47,,,,
07/23/26 18:15:00,36.63,,,,
07/23/26 18:20:00,36.40,,,,
07/23/26 18:25:00,36.55,,,,
07/23/26 18:30:00,36.47,,,,
07/23/26 18:35:00,36.55,,,,
07/23/26 18:40:00,36.63,,,,
07/23/26 18:45:00,36.63,,,,
07/23/26 18:50:00,36.63,,,,
07/23/26 18:55:00,36.78,,,,
07/23/26 19:00:00,36.86,,,,
07/23/26 19:05:00,36.78,,,,
07/23/26 19:10:00,36.94,,,,
07/23/26 19:15:00,36.71,,,,
07/23/26 19:20:00,36.71,,,,
07/23/26 19:25:00,36.86,,,,
07/23/26 19:30:00,36.78,,,,
07/23/26 19:35:00,36.78,,,,
07/23/26 19:40:00,36.71,,,,
07/23/26 19:45:00,36.63,,,,
07/23/26 19:50:00,36.55,,,,
07/23/26 19:55:00,36.32,,,,
07/23/26 20:00:00,36.24,,,,
07/23/26 20:05:00,36.09,,,,
07/23/26 20:10:00,35.93,,,,
07/23/26 20:15:00,35.70,,,,
07/23/26 20:20:00,35.62,,,,
07/23/26 20:25:00,35.62,,,,
07/23/26 20:30:00,35.55,,,,
07/23/26 20:35:00,35.47,,,,
07/23/26 20:40:00,35.55,,,,
07/23/26 20:45:00,35.70,,,,
07/23/26 20:50:00,35.55,,,,
07/23/26 20:55:00,35.32,,,,
07/23/26 21:00:00,35.32,,,,
07/23/26 21:05:00,35.47,,,,
07/23/26 21:10:00,35.55,,,,
07/23/26 21:15:00,35.47,,,,
07/23/26 21:20:00,35.24,,,,
07/23/26 21:25:00,35.32,,,,
07/23/26 21:30:00,35.47,,,,
07/23/26 21:35:00,35.47,,,,
07/23/26 21:40:00,35.55,,,,
07/23/26 21:45:00,35.55,,,,
07/23/26 21:50:00,35.39,,,,
07/23/26 21:55:00,35.55,,,,
07/23/26 22:00:00,35.70,,,,
07/23/26 22:05:00,35.86,,,,
07/23/26 22:10:00,35.86,,,,
07/23/26 22:15:00,35.93,,,,
07/23/26 22:20:00,35.93,,,,
07/23/26 22:25:00,35.93,,,,
07/23/26 22:30:00,35.93,,,,
07/23/26 22:35:00,35.86,,,,
07/23/26 22:40:00,35.86,,,,
07/23/26 22:45:00,35.86,,,,
07/23/26 22:50:00,36.01,,,,
07/23/26 22:55:00,35.93,,,,
07/23/26 23:00:00,36.09,,,,
07/23/26 23:05:00,35.93,,,,
07/23/26 23:10:00,35.93,,,,
07/23/26 23:15:00,35.86,,,,
07/23/26 23:20:00,35.86,,,,
07/23/26 23:25:00,35.78,,,,
07/23/26 23:30:00,35.86,,,,
07/23/26 23:35:00,35.78,,,,
07/23/26 23:40:00,35.86,,,,
07/23/26 23:45:00,35.78,,,,
07/23/26 23:50:00,35.78,,,,
07/23/26 23:55:00,35.78,,,,
07/24/26 00:00:00,35.70,,,,
07/24/26 00:05:00,35.32,,,,
07/24/26 00:10:00,35.55,,,,
07/24/26 00:15:00,35.55,,,,
07/24/26 00:20:00,35.47,,,,
07/24/26 00:25:00,35.24,,,,
07/24/26 00:30:00,35.32,,,,
07/24/26 00:35:00,35.32,,,,
07/24/26 00:40:00,35.16,,,,
07/24/26 00:45:00,35.32,,,,
07/24/26 00:50:00,35.24,,,,
07/24/26 00:55:00,35.24,,,,
07/24/26 01:00:00,35.08,,,,
07/24/26 01:05:00,35.16,,,,
07/24/26 01:10:00,35.24,,,,
07/24/26 01:15:00,35.16,,,,
07/24/26 01:20:00,35.08,,,,
07/24/26 01:25:00,35.01,,,,
07/24/26 01:30:00,35.16,,,,
07/24/26 01:35:00,35.32,,,,
07/24/26 01:40:00,35.39,,,,
07/24/26 01:45:00,35.55,,,,
07/24/26 01:50:00,35.62,,,,
07/24/26 01:55:00,35.78,,,,
07/24/26 02:00:00,35.62,,,,
07/24/26 02:05:00,35.39,,,,
07/24/26 02:10:00,35.39,,,,
07/24/26 02:15:00,35.39,,,,
07/24/26 02:20:00,35.24,,,,
07/24/26 02:25:00,35.01,,,,
07/24/26 02:30:00,34.70,,,,
07/24/26 02:35:00,34.70,,,,
07/24/26 02:40:00,34.70,,,,
07/24/26 02:45:00,34.47,,,,
07/24/26 02:50:00,34.62,,,,
07/24/26 02:55:00,34.85,,,,
07/24/26 03:00:00,35.08,,,,
07/24/26 03:05:00,35.16,,,,
07/24/26 03:10:00,35.24,,,,
07/24/26 03:15:00,35.08,,,,
07/24/26 03:20:00,35.08,,,,
07/24/26 03:25:00,35.01,,,,
07/24/26 03:30:00,35.08,,,,
07/24/26 03:35:00,35.16,,,,
07/24/26 03:40:00,35.24,,,,
07/24/26 03:45:00,35.08,,,,
07/24/26 03:50:00,34.93,,,,
07/24/26 03:55:00,34.85,,,,
07/24/26 04:00:00,34.77,,,,
07/24/26 04:05:00,34.70,,,,
07/24/26 04:10:00,34.85,,,,
07/24/26 04:15:00,35.01,,,,
07/24/26 04:20:00,34.85,,,,
07/24/26 04:25:00,34.77,,,,
07/24/26 04:30:00,34.70,,,,
07/24/26 04:35:00,34.54,,,,
07/24/26 04:40:00,34.47,,,,
07/24/26 04:45:00,34.31,,,,
07/24/26 04:50:00,34.47,,,,
07/24/26 04:55:00,34.77,,,,
07/24/26 05:00:00,34.70,,,,
07/24/26 05:05:00,34.62,,,,
07/24/26 05:10:00,34.70,,,,
07/24/26 05:15:00,34.93,,,,
07/24/26 05:20:00,35.01,,,,
07/24/26 05:25:00,35.01,,,,
07/24/26 05:30:00,34.70,,,,
07/24/26 05:35:00,34.47,,,,
07/24/26 05:40:00,34.39,,,,
07/24/26 05:45:00,34.31,,,,
07/24/26 05:50:00,34.31,,,,
07/24/26 05:55:00,34.39,,,,
07/24/26 06:00:00,34.39,,,,
07/24/26 06:05:00,34.54,,,,
07/24/26 06:10:00,34.47,,,,
07/24/26 06:15:00,34.47,,,,
07/24/26 06:20:00,34.31,,,,
07/24/26 06:25:00,34.54,,,,
07/24/26 06:30:00,35.01,,,,
07/24/26 06:35:00,35.16,,,,
07/24/26 06:40:00,35.16,,,,
07/24/26 06:45:00,35.39,,,,
07/24/26 06:50:00,35.16,,,,
07/24/26 06:55:00,34.77,,,,
07/24/26 07:00:00,34.62,,,,
07/24/26 07:05:00,34.70,,,,
07/24/26 07:10:00,34.77,,,,
07/24/26 07:15:00,34.77,,,,
07/24/26 07:20:00,35.08,,,,
07/24/26 07:25:00,35.08,,,,
07/24/26 07:30:00,34.93,,,,
07/24/26 07:35:00,34.85,,,,
07/24/26 07:40:00,35.16,,,,
07/24/26 07:45:00,35.78,,,,
07/24/26 07:50:00,36.16,,,,
07/24/26 07:55:00,36.32,,,,
07/24/26 08:00:00,36.40,,,,
07/24/26 08:05:00,36.55,,,,
07/24/26 08:10:00,36.47,,,,
07/24/26 08:15:00,36.40,,,,
07/24/26 08:20:00,35.86,,,,
07/24/26 08:25:00,35.78,,,,
07/24/26 08:30:00,36.09,,,,
07/24/26 08:35:00,36.16,,,,
07/24/26 08:40:00,36.01,,,,
07/24/26 08:45:00,36.47,,,,
07/24/26 08:50:00,36.55,,,,
07/24/26 08:55:00,36.71,,,,
07/24/26 09:00:00,36.63,,,,
07/24/26 09:05:00,36.71,,,,
07/24/26 09:10:00,36.78,,,,
07/24/26 09:15:00,36.86,,,,
07/24/26 09:20:00,37.09,,,,
07/24/26 09:25:00,37.17,,,,
07/24/26 09:30:00,37.17,,,,
07/24/26 09:35:00,37.25,,,,
07/24/26 09:40:00,37.40,,,,
07/24/26 09:45:00,36.71,,,,
07/24/26 09:50:00,36.71,,,,
07/24/26 09:55:00,36.86,,,,
07/24/26 10:00:00,37.17,,,,
07/24/26 10:05:00,37.48,,,,
07/24/26 10:10:00,37.40,,,,
07/24/26 10:15:00,38.10,,,,
07/24/26 10:20:00,38.25,,,,
07/24/26 10:25:00,38.71,,,,
07/24/26 10:30:00,38.40,,,,
07/24/26 10:35:00,37.63,,,,
07/24/26 10:40:00,37.09,,,,
07/24/26 10:45:00,36.86,,,,
07/24/26 10:50:00,37.01,,,,
07/24/26 10:55:00,37.17,,,,
07/24/26 11:00:00,37.25,,,,
07/24/26 11:05:00,37.40,,,,
07/24/26 11:10:00,37.55,,,,
07/24/26 11:15:00,37.79,,,,
07/24/26 11:20:00,37.86,,,,
07/24/26 11:25:00,37.94,,,,
07/24/26 11:30:00,37.94,,,,
07/24/26 11:35:00,37.94,,,,
07/24/26 11:40:00,38.25,,,,
07/24/26 11:45:00,37.94,,,,
07/24/26 11:50:00,37.94,,,,
07/24/26 11:55:00,39.79,,,,
07/24/26 12:00:00,39.49,,,,
07/24/26 12:05:00,38.56,,,,
07/24/26 12:10:00,37.94,,,,
07/24/26 12:15:00,38.40,,,,
07/24/26 12:20:00,40.18,,,,
07/24/26 12:25:00,41.65,,,,
07/24/26 12:30:00,41.88,,,,
07/24/26 12:35:00,42.03,,,,
07/24/26 12:40:00,42.11,,,,
07/24/26 12:45:00,42.03,,,,
07/24/26 12:50:00,42.88,,,,
07/24/26 12:55:00,43.04,,,,
07/24/26 13:00:00,42.81,,,,
07/24/26 13:05:00,42.27,,,,
07/24/26 13:10:00,42.19,,,,
07/24/26 13:15:00,43.42,,,,
07/24/26 13:20:00,44.20,,,,
07/24/26 13:25:00,42.81,,,,
07/24/26 13:30:00,41.88,,,,
07/24/26 13:35:00,41.72,,,,
07/24/26 13:40:00,41.49,,,,
07/24/26 13:45:00,41.42,,,,
07/24/26 13:50:00,41.49,,,,
07/24/26 13:55:00,40.10,,,,
07/24/26 14:00:00,39.56,,,,
07/24/26 14:05:00,39.49,,,,
07/24/26 14:10:00,40.33,,,,
07/24/26 14:15:00,40.26,,,,
07/24/26 14:20:00,39.87,,,,
07/24/26 14:25:00,38.87,,,,
07/24/26 14:30:00,38.64,,,,
07/24/26 14:35:00,38.48,,,,
07/24/26 14:40:00,39.64,,,,
07/24/26 14:45:00,40.10,,,,
07/24/26 14:50:00,40.33,,,,
07/24/26 14:55:00,40.10,,,,
07/24/26 15:00:00,40.33,,,,
07/24/26 15:05:00,40.41,,,,
07/24/26 15:10:00,40.03,,,,
07/24/26 15:15:00,39.95,,,,
07/24/26 15:20:00,39.02,,,,
07/24/26 15:25:00,38.33,,,,
07/24/26 15:30:00,38.56,,,,
07/24/26 15:35:00,39.10,,,,
07/24/26 15:40:00,40.10,,,,
07/24/26 15:45:00,40.57,,,,
07/24/26 15:50:00,40.49,,,,
07/24/26 15:55:00,41.26,,,,
07/24/26 16:00:00,41.96,,,,
07/24/26 16:05:00,41.57,,,,
07/24/26 16:10:00,41.42,,,,
07/24/26 16:15:00,41.34,,,,
07/24/26 16:20:00,43.35,,,,
07/24/26 16:25:00,44.35,,,,
07/24/26 16:30:00,43.11,,,,
07/24/26 16:35:00,43.27,,,,
07/24/26 16:40:00,42.27,,,,
07/24/26 16:45:00,42.03,,,,
07/24/26 16:50:00,42.34,,,,
07/24/26 16:55:00,42.03,,,,
07/24/26 17:00:00,41.03,,,,
07/24/26 17:05:00,39.56,,,,
07/24/26 17:10:00,39.18,,,,
07/24/26 17:15:00,39.49,,,,
07/24/26 17:20:00,39.49,,,,
07/24/26 17:25:00,39.10,,,,
07/24/26 17:30:00,38.79,,,,
07/24/26 17:35:00,38.79,,,,
07/24/26 17:40:00,38.56,,,,
07/24/26 17:45:00,38.25,,,,
07/24/26 17:50:00,37.94,,,,
07/24/26 17:55:00,38.10,,,,
07/24/26 18:00:00,38.56,,,,
07/24/26 18:05:00,38.71,,,,
07/24/26 18:10:00,38.56,,,,
07/24/26 18:15:00,38.02,,,,
07/24/26 18:20:00,38.10,,,,
07/24/26 18:25:00,38.25,,,,
07/24/26 18:30:00,37.79,,,,
07/24/26 18:35:00,37.25,,,,
07/24/26 18:40:00,37.25,,,,
07/24/26 18:45:00,37.32,,,,
07/24/26 18:50:00,36.78,,,,
07/24/26 18:55:00,36.78,,,,
07/24/26 19:00:00,36.78,,,,
07/24/26 19:05:00,36.47,,,,
07/24/26 19:10:00,36.47,,,,
07/24/26 19:15:00,36.16,,,,
07/24/26 19:20:00,35.93,,,,
07/24/26 19:25:00,35.93,,,,
07/24/26 19:30:00,36.09,,,,
07/24/26 19:35:00,36.01,,,,
07/24/26 19:40:00,35.86,,,,
07/24/26 19:45:00,35.70,,,,
07/24/26 19:50:00,35.93,,,,
07/24/26 19:55:00,36.24,,,,
07/24/26 20:00:00,36.47,,,,
07/24/26 20:05:00,36.63,,,,
07/24/26 20:10:00,36.01,,,,
07/24/26 20:15:00,35.32,,,,
07/24/26 20:20:00,34.85,,,,
07/24/26 20:25:00,34.62,,,,
07/24/26 20:30:00,34.39,,,,
07/24/26 20:35:00,34.16,,,,
07/24/26 20:40:00,34.23,,,,
07/24/26 20:45:00,34.16,,,,
07/24/26 20:50:00,33.85,,,,
07/24/26 20:55:00,33.69,,,,
07/24/26 21:00:00,33.38,,,,
07/24/26 21:05:00,33.23,,,,
07/24/26 21:10:00,33.15,,,,
07/24/26 21:15:00,33.08,,,,
07/24/26 21:20:00,32.92,,,,
07/24/26 21:25:00,32.92,,,,
07/24/26 21:30:00,33.08,,,,
07/24/26 21:35:00,33.31,,,,
07/24/26 21:40:00,33.38,,,,
07/24/26 21:45:00,33.38,,,,
07/24/26 21:50:00,33.54,,,,
07/24/26 21:55:00,33.85,,,,
07/24/26 22:00:00,34.00,,,,
07/24/26 22:05:00,33.93,,,,
07/24/26 22:10:00,33.93,,,,
07/24/26 22:15:00,34.54,,,,
07/24/26 22:20:00,35.70,,,,
07/24/26 22:25:00,35.78,,,,
07/24/26 22:30:00,36.40,,,,
07/24/26 22:35:00,36.55,,,,
07/24/26 22:40:00,36.55,,,,
07/24/26 22:45:00,36.86,,,,
07/24/26 22:50:00,36.94,,,,
07/24/26 22:55:00,37.09,,,,
07/24/26 23:00:00,36.78,,,,
07/24/26 23:05:00,36.40,,,,
07/24/26 23:10:00,36.47,,,,
07/24/26 23:15:00,36.32,,,,
07/24/26 23:20:00,36.24,,,,
07/24/26 23:25:00,36.32,,,,
07/24/26 23:30:00,36.55,,,,
07/24/26 23:35:00,36.55,,,,
07/24/26 23:40:00,36.94,,,,
07/24/26 23:45:00,36.94,,,,
07/24/26 23:50:00,36.40,,,,
07/24/26 23:55:00,36.40,,,,
07/25/26 00:00:00,36.71,,,,
07/25/26 00:05:00,37.01,,,,
07/25/26 00:10:00,37.25,,,,
07/25/26 00:15:00,36.40,,,,
07/25/26 00:20:00,35.01,,,,
07/25/26 00:25:00,34.47,,,,
07/25/26 00:30:00,34.23,,,,
07/25/26 00:35:00,34.23,,,,
07/25/26 00:40:00,34.62,,,,
07/25/26 00:45:00,34.85,,,,
07/25/26 00:50:00,35.16,,,,
07/25/26 00:55:00,35.70,,,,
07/25/26 01:00:00,35.86,,,,
07/25/26 01:05:00,35.93,,,,
07/25/26 01:10:00,36.01,,,,
07/25/26 01:15:00,36.09,,,,
07/25/26 01:20:00,35.70,,,,
07/25/26 01:25:00,35.70,,,,
07/25/26 01:30:00,36.01,,,,
07/25/26 01:35:00,35.93,,,,
07/25/26 01:40:00,35.93,,,,
07/25/26 01:45:00,36.16,,,,
07/25/26 01:50:00,36.24,,,,
07/25/26 01:55:00,36.40,,,,
07/25/26 02:00:00,36.47,,,,
07/25/26 02:05:00,36.63,,,,
07/25/26 02:10:00,36.40,,,,
07/25/26 02:15:00,36.47,,,,
07/25/26 02:20:00,36.47,,,,
07/25/26 02:25:00,36.24,,,,
07/25/26 02:30:00,36.16,,,,
07/25/26 02:35:00,35.93,,,,
07/25/26 02:40:00,36.01,,,,
07/25/26 02:45:00,36.09,,,,
07/25/26 02:50:00,36.01,,,,
07/25/26 02:55:00,36.40,,,,
07/25/26 03:00:00,36.47,,,,
07/25/26 03:05:00,36.16,,,,
07/25/26 03:10:00,36.09,,,,
07/25/26 03:15:00,35.70,,,,
07/25/26 03:20:00,35.47,,,,
07/25/26 03:25:00,35.47,,,,
07/25/26 03:30:00,35.32,,,,
07/25/26 03:35:00,35.39,,,,
07/25/26 03:40:00,35.62,,,,
07/25/26 03:45:00,35.70,,,,
07/25/26 03:50:00,36.09,,,,
07/25/26 03:55:00,36.16,,,,
07/25/26 04:00:00,36.09,,,,
07/25/26 04:05:00,35.86,,,,
07/25/26 04:10:00,35.93,,,,
07/25/26 04:15:00,35.86,,,,
07/25/26 04:20:00,35.93,,,,
07/25/26 04:25:00,36.24,,,,
07/25/26 04:30:00,36.16,,,,
07/25/26 04:35:00,36.01,,,,
07/25/26 04:40:00,36.09,,,,
07/25/26 04:45:00,35.86,,,,
07/25/26 04:50:00,35.86,,,,
07/25/26 04:55:00,36.01,,,,
07/25/26 05:00:00,35.78,,,,
07/25/26 05:05:00,36.01,,,,
07/25/26 05:10:00,35.86,,,,
07/25/26 05:15:00,35.86,,,,
07/25/26 05:20:00,36.16,,,,
07/25/26 05:25:00,36.09,,,,
07/25/26 05:30:00,36.16,,,,
07/25/26 05:35:00,36.01,,,,
07/25/26 05:40:00,36.09,,,,
07/25/26 05:45:00,36.09,,,,
07/25/26 05:50:00,35.93,,,,
07/25/26 05:55:00,35.86,,,,
07/25/26 06:00:00,35.86,,,,
07/25/26 06:05:00,35.78,,,,
07/25/26 06:10:00,36.01,,,,
07/25/26 06:15:00,35.93,,,,
07/25/26 06:20:00,35.78,,,,
07/25/26 06:25:00,36.09,,,,
07/25/26 06:30:00,36.09,,,,
07/25/26 06:35:00,36.09,,,,
07/25/26 06:40:00,36.09,,,,
07/25/26 06:45:00,36.16,,,,
07/25/26 06:50:00,36.40,,,,
07/25/26 06:55:00,36.24,,,,
07/25/26 07:00:00,36.16,,,,
07/25/26 07:05:00,36.24,,,,
07/25/26 07:10:00,36.09,,,,
07/25/26 07:15:00,36.09,,,,
07/25/26 07:20:00,36.09,,,,
07/25/26 07:25:00,36.01,,,,
07/25/26 07:30:00,35.86,,,,
07/25/26 07:35:00,35.70,,,,
07/25/26 07:40:00,35.78,,,,
07/25/26 07:45:00,35.86,,,,
07/25/26 07:50:00,36.09,,,,
07/25/26 07:55:00,36.55,,,,
07/25/26 08:00:00,36.24,,,,
07/25/26 08:05:00,36.24,,,,
07/25/26 08:10:00,36.47,,,,
07/25/26 08:15:00,36.32,,,,
07/25/26 08:20:00,36.47,,,,
07/25/26 08:25:00,36.55,,,,
07/25/26 08:30:00,36.55,,,,
07/25/26 08:35:00,36.71,,,,
07/25/26 08:40:00,36.71,,,,
07/25/26 08:45:00,36.86,,,,
07/25/26 08:50:00,36.78,,,,
07/25/26 08:55:00,36.63,,,,
07/25/26 09:00:00,36.86,,,,
07/25/26 09:05:00,37.09,,,,
07/25/26 09:10:00,37.55,,,,
07/25/26 09:15:00,37.40,,,,
07/25/26 09:20:00,38.25,,,,
07/25/26 09:25:00,37.94,,,,
07/25/26 09:30:00,37.17,,,,
07/25/26 09:35:00,37.01,,,,
07/25/26 09:40:00,36.78,,,,
07/25/26 09:45:00,36.94,,,,
07/25/26 09:50:00,37.25,,,,
07/25/26 09:55:00,37.32,,,,
07/25/26 10:00:00,37.17,,,,
07/25/26 10:05:00,37.48,,,,
07/25/26 10:10:00,37.55,,,,
07/25/26 10:15:00,37.63,,,,
07/25/26 10:20:00,37.71,,,,
07/25/26 10:25:00,37.86,,,,
07/25/26 10:30:00,38.10,,,,
07/25/26 10:35:00,38.10,,,,
07/25/26 10:40:00,38.25,,,,
07/25/26 10:45:00,38.10,,,,
07/25/26 10:50:00,38.48,,,,
07/25/26 10:55:00,38.40,,,,
07/25/26 11:00:00,38.79,,,,
07/25/26 11:05:00,39.49,,,,
07/25/26 11:10:00,39.18,,,,
07/25/26 11:15:00,38.94,,,,
07/25/26 11:20:00,38.71,,,,
07/25/26 11:25:00,38.71,,,,
07/25/26 11:30:00,39.02,,,,
07/25/26 11:35:00,39.49,,,,
07/25/26 11:40:00,39.95,,,,
07/25/26 11:45:00,40.10,,,,
07/25/26 11:50:00,40.57,,,,
07/25/26 11:55:00,40.64,,,,
07/25/26 12:00:00,39.87,,,,
07/25/26 12:05:00,39.64,,,,
07/25/26 12:10:00,40.49,,,,
07/25/26 12:15:00,40.18,,,,
07/25/26 12:20:00,39.79,,,,
07/25/26 12:25:00,39.95,,,,
07/25/26 12:30:00,39.79,,,,
07/25/26 12:35:00,39.18,,,,
07/25/26 12:40:00,39.41,,,,
07/25/26 12:45:00,39.49,,,,
07/25/26 12:50:00,39.56,,,,
07/25/26 12:55:00,40.18,,,,
07/25/26 13:00:00,40.88,,,,
07/25/26 13:05:00,40.95,,,,
07/25/26 13:10:00,40.41,,,,
07/25/26 13:15:00,39.56,,,,
07/25/26 13:20:00,39.33,,,,
07/25/26 13:25:00,39.25,,,,
07/25/26 13:30:00,39.33,,,,
07/25/26 13:35:00,39.33,,,,
07/25/26 13:40:00,39.18,,,,
07/25/26 13:45:00,39.25,,,,
07/25/26 13:50:00,39.87,,,,
07/25/26 13:55:00,40.49,,,,
07/25/26 14:00:00,41.11,,,,
07/25/26 14:05:00,40.95,,,,
07/25/26 14:10:00,42.11,,,,
07/25/26 14:15:00,41.18,,,,
07/25/26 14:20:00,41.11,,,,
07/25/26 14:25:00,41.34,,,,
07/25/26 14:30:00,41.49,,,,
07/25/26 14:35:00,41.57,,,,
07/25/26 14:40:00,41.03,,,,
07/25/26 14:45:00,41.18,,,,
07/25/26 14:50:00,41.42,,,,
07/25/26 14:55:00,41.49,,,,
07/25/26 15:00:00,41.80,,,,
07/25/26 15:05:00,42.03,,,,
07/25/26 15:10:00,42.42,,,,
07/25/26 15:15:00,42.73,,,,
07/25/26 15:20:00,42.42,,,,
07/25/26 15:25:00,41.96,,,,
07/25/26 15:30:00,41.65,,,,
07/25/26 15:35:00,41.49,,,,
07/25/26 15:40:00,41.49,,,,
07/25/26 15:45:00,41.80,,,,
07/25/26 15:50:00,41.88,,,,
07/25/26 15:55:00,42.03,,,,
07/25/26 16:00:00,42.73,,,,
07/25/26 16:05:00,42.88,,,,
07/25/26 16:10:00,43.27,,,,
07/25/26 16:15:00,43.58,,,,
07/25/26 16:20:00,43.66,,,,
07/25/26 16:25:00,44.97,,,,
07/25/26 16:30:00,46.67,,,,
07/25/26 16:35:00,47.59,,,,
07/25/26 16:40:00,48.29,,,,
07/25/26 16:45:00,48.52,,,,
07/25/26 16:50:00,46.44,,,,
07/25/26 16:55:00,46.44,,,,
07/25/26 17:00:00,46.20,,,,
07/25/26 17:05:00,44.89,,,,
07/25/26 17:10:00,43.50,,,,
07/25/26 17:15:00,42.88,,,,
07/25/26 17:20:00,42.11,,,,
07/25/26 17:25:00,41.72,,,,
07/25/26 17:30:00,41.49,,,,
07/25/26 17:35:00,41.49,,,,
07/25/26 17:40:00,42.81,,,,
07/25/26 17:45:00,42.96,,,,
07/25/26 17:50:00,43.42,,,,
07/25/26 17:55:00,42.88,,,,
07/25/26 18:00:00,44.12,,,,
07/25/26 18:05:00,45.66,,,,
07/25/26 18:10:00,44.89,,,,
07/25/26 18:15:00,43.89,,,,
07/25/26 18:20:00,42.88,,,,
07/25/26 18:25:00,41.72,,,,
07/25/26 18:30:00,41.11,,,,
07/25/26 18:35:00,40.72,,,,
07/25/26 18:40:00,40.88,,,,
07/25/26 18:45:00,40.57,,,,
07/25/26 18:50:00,40.10,,,,
07/25/26 18:55:00,39.72,,,,
07/25/26 19:00:00,39.72,,,,
07/25/26 19:05:00,39.72,,,,
07/25/26 19:10:00,39.41,,,,
07/25/26 19:15:00,39.41,,,,
07/25/26 19:20:00,39.33,,,,
07/25/26 19:25:00,39.64,,,,
07/25/26 19:30:00,39.79,,,,
07/25/26 19:35:00,39.95,,,,
07/25/26 19:40:00,39.56,,,,
07/25/26 19:45:00,39.33,,,,
07/25/26 19:50:00,39.18,,,,
07/25/26 19:55:00,39.02,,,,
07/25/26 20:00:00,39.25,,,,
07/25/26 20:05:00,39.33,,,,
07/25/26 20:10:00,39.33,,,,
07/25/26 20:15:00,39.25,,,,
07/25/26 20:20:00,39.10,,,,
07/25/26 20:25:00,39.02,,,,
07/25/26 20:30:00,39.02,,,,
07/25/26 20:35:00,38.71,,,,
07/25/26 20:40:00,38.64,,,,
07/25/26 20:45:00,38.64,,,,
07/25/26 20:50:00,38.71,,,,
07/25/26 20:55:00,38.64,,,,
07/25/26 21:00:00,38.79,,,,
07/25/26 21:05:00,38.48,,,,
07/25/26 21:10:00,38.25,,,,
07/25/26 21:15:00,38.33,,,,
07/25/26 21:20:00,38.40,,,,
07/25/26 21:25:00,38.40,,,,
07/25/26 21:30:00,38.33,,,,
07/25/26 21:35:00,38.33,,,,
07/25/26 21:40:00,38.02,,,,
07/25/26 21:45:00,37.63,,,,
07/25/26 21:50:00,37.40,,,,
07/25/26 21:55:00,37.94,,,,
07/25/26 22:00:00,38.02,,,,
07/25/26 22:05:00,38.10,,,,
07/25/26 22:10:00,37.79,,,,
07/25/26 22:15:00,38.17,,,,
07/25/26 22:20:00,38.25,,,,
07/25/26 22:25:00,38.48,,,,
07/25/26 22:30:00,38.25,,,,
07/25/26 22:35:00,38.10,,,,
07/25/26 22:40:00,38.10,,,,
07/25/26 22:45:00,38.25,,,,
07/25/26 22:50:00,37.94,,,,
07/25/26 22:55:00,38.25,,,,
07/25/26 23:00:00,38.25,,,,
07/25/26 23:05:00,38.25,,,,
07/25/26 23:10:00,38.17,,,,
07/25/26 23:15:00,38.40,,,,
07/25/26 23:20:00,38.25,,,,
07/25/26 23:25:00,38.02,,,,
07/25/26 23:30:00,38.10,,,,
07/25/26 23:35:00,38.17,,,,
07/25/26 23:40:00,38.40,,,,
07/25/26 23:45:00,38.33,,,,
07/25/26 23:50:00,38.10,,,,
07/25/26 23:55:00,37.71,,,,
07/26/26 00:00:00,37.32,,,,
07/26/26 00:05:00,36.94,,,,
07/26/26 00:10:00,36.71,,,,
07/26/26 00:15:00,36.55,,,,
07/26/26 00:20:00,36.71,,,,
07/26/26 00:25:00,36.78,,,,
07/26/26 00:30:00,37.01,,,,
07/26/26 00:35:00,37.17,,,,
07/26/26 00:40:00,37.09,,,,
07/26/26 00:45:00,36.94,,,,
07/26/26 00:50:00,37.01,,,,
07/26/26 00:55:00,37.17,,,,
07/26/26 01:00:00,37.25,,,,
07/26/26 01:05:00,37.40,,,,
07/26/26 01:10:00,37.32,,,,
07/26/26 01:15:00,37.01,,,,
07/26/26 01:20:00,36.94,,,,
07/26/26 01:25:00,36.86,,,,
07/26/26 01:30:00,37.25,,,,
07/26/26 01:35:00,37.01,,,,
07/26/26 01:40:00,36.86,,,,
07/26/26 01:45:00,36.71,,,,
07/26/26 01:50:00,36.71,,,,
07/26/26 01:55:00,36.78,,,,
07/26/26 02:00:00,36.86,,,,
07/26/26 02:05:00,36.86,,,,
07/26/26 02:10:00,36.71,,,,
07/26/26 02:15:00,36.63,,,,
07/26/26 02:20:00,36.78,,,,
07/26/26 02:25:00,37.17,,,,
07/26/26 02:30:00,37.01,,,,
07/26/26 02:35:00,37.09,,,,
07/26/26 02:40:00,37.55,,,,
07/26/26 02:45:00,37.32,,,,
07/26/26 02:50:00,37.32,,,,
07/26/26 02:55:00,37.17,,,,
07/26/26 03:00:00,36.94,,,,
07/26/26 03:05:00,36.71,,,,
07/26/26 03:10:00,36.78,,,,
07/26/26 03:15:00,36.63,,,,
07/26/26 03:20:00,36.55,,,,
07/26/26 03:25:00,36.55,,,,
07/26/26 03:30:00,36.63,,,,
07/26/26 03:35:00,36.63,,,,
07/26/26 03:40:00,36.63,,,,
07/26/26 03:45:00,36.63,,,,
07/26/26 03:50:00,36.32,,,,
07/26/26 03:55:00,36.24,,,,
07/26/26 04:00:00,36.24,,,,
07/26/26 04:05:00,36.24,,,,
07/26/26 04:10:00,36.16,,,,
07/26/26 04:15:00,36.47,,,,
07/26/26 04:20:00,36.32,,,,
07/26/26 04:25:00,36.24,,,,
07/26/26 04:30:00,36.24,,,,
07/26/26 04:35:00,36.09,,,,
07/26/26 04:40:00,35.78,,,,
07/26/26 04:45:00,35.62,,,,
07/26/26 04:50:00,35.55,,,,
07/26/26 04:55:00,35.70,,,,
07/26/26 05:00:00,35.78,,,,
07/26/26 05:05:00,35.78,,,,
07/26/26 05:10:00,35.86,,,,
07/26/26 05:15:00,35.78,,,,
07/26/26 05:20:00,35.62,,,,
07/26/26 05:25:00,35.70,,,,
07/26/26 05:30:00,35.78,,,,
07/26/26 05:35:00,35.78,,,,
07/26/26 05:40:00,35.62,,,,
07/26/26 05:45:00,35.55,,,,
07/26/26 05:50:00,35.78,,,,
07/26/26 05:55:00,35.62,,,,
07/26/26 06:00:00,35.70,,,,
07/26/26 06:05:00,35.78,,,,
07/26/26 06:10:00,35.78,,,,
07/26/26 06:15:00,35.70,,,,
07/26/26 06:20:00,36.01,,,,
07/26/26 06:25:00,36.01,,,,
07/26/26 06:30:00,35.93,,,,
07/26/26 06:35:00,36.01,,,,
07/26/26 06:40:00,36.24,,,,
07/26/26 06:45:00,36.40,,,,
07/26/26 06:50:00,36.47,,,,
07/26/26 06:55:00,36.47,,,,
07/26/26 07:00:00,36.40,,,,
07/26/26 07:05:00,36.32,,,,
07/26/26 07:10:00,36.01,,,,
07/26/26 07:15:00,36.09,,,,
07/26/26 07:20:00,36.16,,,,
07/26/26 07:25:00,36.40,,,,
07/26/26 07:30:00,36.55,,,,
07/26/26 07:35:00,36.71,,,,
07/26/26 07:40:00,36.55,,,,
07/26/26 07:45:00,36.55,,,,
07/26/26 07:50:00,36.47,,,,
07/26/26 07:55:00,36.55,,,,
07/26/26 08:00:00,36.40,,,,
07/26/26 08:05:00,36.32,,,,
07/26/26 08:10:00,36.16,,,,
07/26/26 08:15:00,36.24,,,,
07/26/26 08:20:00,36.55,,,,
07/26/26 08:25:00,36.86,,,,
07/26/26 08:30:00,37.32,,,,
07/26/26 08:35:00,37.55,,,,
07/26/26 08:40:00,37.40,,,,
07/26/26 08:45:00,37.32,,,,
07/26/26 08:50:00,37.48,,,,
07/26/26 08:55:00,37.86,,,,
07/26/26 09:00:00,38.02,,,,
07/26/26 09:05:00,37.94,,,,
07/26/26 09:10:00,37.48,,,,
07/26/26 09:15:00,38.33,,,,
07/26/26 09:20:00,38.40,,,,
07/26/26 09:25:00,38.33,,,,
07/26/26 09:30:00,38.33,,,,
07/26/26 09:35:00,38.40,,,,
07/26/26 09:40:00,38.02,,,,
07/26/26 09:45:00,38.02,,,,
07/26/26 09:50:00,38.10,,,,
07/26/26 09:55:00,38.25,,,,
07/26/26 10:00:00,38.40,,,,
07/26/26 10:05:00,38.56,,,,
07/26/26 10:10:00,38.48,,,,
07/26/26 10:15:00,38.64,,,,
07/26/26 10:20:00,38.56,,,,
07/26/26 10:25:00,38.48,,,,
07/26/26 10:30:00,38.64,,,,
07/26/26 10:35:00,38.71,,,,
07/26/26 10:40:00,38.79,,,,
07/26/26 10:45:00,39.02,,,,
07/26/26 10:50:00,39.41,,,,
07/26/26 10:55:00,39.41,,,,
07/26/26 11:00:00,39.87,,,,
07/26/26 11:05:00,39.95,,,,
07/26/26 11:10:00,39.72,,,,
07/26/26 11:15:00,39.79,,,,
07/26/26 11:20:00,39.79,,,,
07/26/26 11:25:00,39.72,,,,
07/26/26 11:30:00,39.56,,,,
07/26/26 11:35:00,39.72,,,,
07/26/26 11:40:00,39.72,,,,
07/26/26 11:45:00,39.95,,,,
07/26/26 11:50:00,40.18,,,,
07/26/26 11:55:00,40.41,,,,
07/26/26 12:00:00,40.26,,,,
07/26/26 12:05:00,39.87,,,,
07/26/26 12:10:00,39.87,,,,
07/26/26 12:15:00,39.64,,,,
07/26/26 12:20:00,39.49,,,,
07/26/26 12:25:00,39.25,,,,
07/26/26 12:30:00,39.25,,,,
07/26/26 12:35:00,39.18,,,,
07/26/26 12:40:00,39.41,,,,
07/26/26 12:45:00,39.33,,,,
07/26/26 12:50:00,39.33,,,,
07/26/26 12:55:00,39.49,,,,
07/26/26 13:00:00,39.25,,,,
07/26/26 13:05:00,39.02,,,,
07/26/26 13:10:00,39.10,,,,
07/26/26 13:15:00,38.94,,,,
07/26/26 13:20:00,39.02,,,,
07/26/26 13:25:00,38.79,,,,
07/26/26 13:30:00,38.40,,,,
07/26/26 13:35:00,38.17,,,,
07/26/26 13:40:00,38.25,,,,
07/26/26 13:45:00,38.25,,,,
07/26/26 13:50:00,38.33,,,,
07/26/26 13:55:00,38.48,,,,
07/26/26 14:00:00,38.56,,,,
07/26/26 14:05:00,38.56,,,,
07/26/26 14:10:00,38.48,,,,
07/26/26 14:15:00,38.56,,,,
07/26/26 14:20:00,38.56,,,,
07/26/26 14:25:00,38.64,,,,
07/26/26 14:30:00,38.79,,,,
07/26/26 14:35:00,38.56,,,,
07/26/26 14:40:00,38.56,,,,
07/26/26 14:45:00,38.48,,,,
07/26/26 14:50:00,38.33,,,,
07/26/26 14:55:00,38.25,,,,
07/26/26 15:00:00,38.25,,,,
07/26/26 15:05:00,38.25,,,,
07/26/26 15:10:00,38.25,,,,
07/26/26 15:15:00,38.40,,,,
07/26/26 15:20:00,38.17,,,,
07/26/26 15:25:00,38.10,,,,
07/26/26 15:30:00,38.10,,,,
07/26/26 15:35:00,37.79,,,,
07/26/26 15:40:00,37.63,,,,
07/26/26 15:45:00,37.63,,,,
07/26/26 15:50:00,37.32,,,,
07/26/26 15:55:00,37.17,,,,
07/26/26 16:00:00,37.17,,,,
07/26/26 16:05:00,37.01,,,,
07/26/26 16:10:00,37.01,,,,
07/26/26 16:15:00,37.09,,,,
07/26/26 16:20:00,36.94,,,,
07/26/26 16:25:00,36.78,,,,
07/26/26 16:30:00,36.86,,,,
07/26/26 16:35:00,36.78,,,,
07/26/26 16:40:00,36.86,,,,
07/26/26 16:45:00,36.86,,,,
07/26/26 16:50:00,36.86,,,,
07/26/26 16:55:00,36.94,,,,
07/26/26 17:00:00,36.94,,,,
07/26/26 17:05:00,36.78,,,,
07/26/26 17:10:00,36.86,,,,
07/26/26 17:15:00,36.94,,,,
07/26/26 17:20:00,37.01,,,,
07/26/26 17:25:00,37.25,,,,
07/26/26 17:30:00,37.55,,,,
07/26/26 17:35:00,37.55,,,,
07/26/26 17:40:00,37.55,,,,
07/26/26 17:45:00,37.48,,,,
07/26/26 17:50:00,36.71,,,,
07/26/26 17:55:00,35.39,,,,
07/26/26 18:00:00,35.47,,,,
07/26/26 18:05:00,34.93,,,,
07/26/26 18:10:00,35.24,,,,
07/26/26 18:15:00,35.62,,,,
07/26/26 18:20:00,36.09,,,,
07/26/26 18:25:00,34.85,,,,
07/26/26 18:30:00,34.85,,,,
07/26/26 18:35:00,35.32,,,,
07/26/26 18:40:00,34.47,,,,
07/26/26 18:45:00,34.39,,,,
07/26/26 18:50:00,34.00,,,,
07/26/26 18:55:00,33.77,,,,
07/26/26 19:00:00,33.46,,,,
07/26/26 19:05:00,33.54,,,,
07/26/26 19:10:00,33.62,,,,
07/26/26 19:15:00,33.77,,,,
07/26/26 19:20:00,33.62,,,,
07/26/26 19:25:00,33.69,,,,
07/26/26 19:30:00,33.77,,,,
07/26/26 19:35:00,34.08,,,,
07/26/26 19:40:00,34.23,,,,
07/26/26 19:45:00,34.47,,,,
07/26/26 19:50:00,34.62,,,,
07/26/26 19:55:00,34.54,,,,
07/26/26 20:00:00,34.31,,,,
07/26/26 20:05:00,33.93,,,,
07/26/26 20:10:00,33.85,,,,
07/26/26 20:15:00,33.46,,,,
07/26/26 20:20:00,33.08,,,,
07/26/26 20:25:00,32.69,,,,
07/26/26 20:30:00,32.46,,,,
07/26/26 20:35:00,32.23,,,,
07/26/26 20:40:00,32.15,,,,
07/26/26 20:45:00,32.00,,,,
07/26/26 20:50:00,31.92,,,,
07/26/26 20:55:00,31.84,,,,
07/26/26 21:00:00,31.76,,,,
07/26/26 21:05:00,31.69,,,,
07/26/26 21:10:00,31.69,,,,
07/26/26 21:15:00,31.61,,,,
07/26/26 21:20:00,31.76,,,,
07/26/26 21:25:00,31.84,,,,
07/26/26 21:30:00,32.07,,,,
07/26/26 21:35:00,32.07,,,,
07/26/26 21:40:00,32.07,,,,
07/26/26 21:45:00,32.15,,,,
07/26/26 21:50:00,32.15,,,,
07/26/26 21:55:00,32.15,,,,
07/26/26 22:00:00,32.07,,,,
07/26/26 22:05:00,32.15,,,,
07/26/26 22:10:00,32.07,,,,
07/26/26 22:15:00,32.07,,,,
07/26/26 22:20:00,32.15,,,,
07/26/26 22:25:00,32.15,,,,
07/26/26 22:30:00,32.15,,,,
07/26/26 22:35:00,32.15,,,,
07/26/26 22:40:00,32.23,,,,
07/26/26 22:45:00,32.15,,,,
07/26/26 22:50:00,32.15,,,,
07/26/26 22:55:00,32.07,,,,
07/26/26 23:00:00,32.07,,,,
07/26/26 23:05:00,32.07,,,,
07/26/26 23:10:00,32.07,,,,
07/26/26 23:15:00,32.07,,,,
07/26/26 23:20:00,32.07,,,,
07/26/26 23:25:00,32.07,,,,
07/26/26 23:30:00,32.07,,,,
07/26/26 23:35:00,32.07,,,,
07/26/26 23:40:00,32.07,,,,
07/26/26 23:45:00,32.15,,,,
07/26/26 23:50:00,32.15,,,,
07/26/26 23:55:00,32.23,,,,
07/27/26 00:00:00,32.15,,,,
07/27/26 00:05:00,32.07,,,,
07/27/26 00:10:00,32.23,,,,
07/27/26 00:15:00,32.23,,,,
07/27/26 00:20:00,32.23,,,,
07/27/26 00:25:00,32.30,,,,
07/27/26 00:30:00,32.23,,,,
07/27/26 00:35:00,32.15,,,,
07/27/26 00:40:00,32.15,,,,
07/27/26 00:45:00,32.07,,,,
07/27/26 00:50:00,32.07,,,,
07/27/26 00:55:00,32.15,,,,
07/27/26 01:00:00,32.23,,,,
07/27/26 01:05:00,32.15,,,,
07/27/26 01:10:00,32.15,,,,
07/27/26 01:15:00,32.15,,,,
07/27/26 01:20:00,32.15,,,,
07/27/26 01:25:00,32.23,,,,
07/27/26 01:30:00,32.15,,,,
07/27/26 01:35:00,32.30,,,,
07/27/26 01:40:00,32.23,,,,
07/27/26 01:45:00,32.23,,,,
07/27/26 01:50:00,32.23,,,,
07/27/26 01:55:00,32.23,,,,
07/27/26 02:00:00,32.23,,,,
07/27/26 02:05:00,32.30,,,,
07/27/26 02:10:00,32.30,,,,
07/27/26 02:15:00,32.23,,,,
07/27/26 02:20:00,32.23,,,,
07/27/26 02:25:00,32.23,,,,
07/27/26 02:30:00,32.38,,,,
07/27/26 02:35:00,32.30,,,,
07/27/26 02:40:00,32.23,,,,
07/27/26 02:45:00,32.23,,,,
07/27/26 02:50:00,32.15,,,,
07/27/26 02:55:00,32.30,,,,
07/27/26 03:00:00,32.23,,,,
07/27/26 03:05:00,32.23,,,,
07/27/26 03:10:00,32.23,,,,
07/27/26 03:15:00,32.15,,,,
07/27/26 03:20:00,32.15,,,,
07/27/26 03:25:00,32.07,,,,
07/27/26 03:30:00,32.15,,,,
07/27/26 03:35:00,32.07,,,,
07/27/26 03:40:00,32.15,,,,
07/27/26 03:45:00,32.07,,,,
07/27/26 03:50:00,32.15,,,,
07/27/26 03:55:00,32.23,,,,
07/27/26 04:00:00,32.15,,,,
07/27/26 04:05:00,32.23,,,,
07/27/26 04:10:00,32.23,,,,
07/27/26 04:15:00,32.15,,,,
07/27/26 04:20:00,32.15,,,,
07/27/26 04:25:00,32.15,,,,
07/27/26 04:30:00,32.07,,,,
07/27/26 04:35:00,32.23,,,,
07/27/26 04:40:00,32.23,,,,
07/27/26 04:45:00,32.23,,,,
07/27/26 04:50:00,32.23,,,,
07/27/26 04:55:00,32.23,,,,
07/27/26 05:00:00,32.23,,,,
07/27/26 05:05:00,32.23,,,,
07/27/26 05:10:00,32.23,,,,
07/27/26 05:15:00,32.23,,,,
07/27/26 05:20:00,32.23,,,,
07/27/26 05:25:00,32.23,,,,
07/27/26 05:30:00,32.23,,,,
07/27/26 05:35:00,32.30,,,,
07/27/26 05:40:00,32.38,,,,
07/27/26 05:45:00,32.46,,,,
07/27/26 05:50:00,32.46,,,,
07/27/26 05:55:00,32.61,,,,
07/27/26 06:00:00,32.54,,,,
07/27/26 06:05:00,32.61,,,,
07/27/26 06:10:00,32.69,,,,
07/27/26 06:15:00,32.69,,,,
07/27/26 06:20:00,32.77,,,,
07/27/26 06:25:00,32.84,,,,
07/27/26 06:30:00,32.84,,,,
07/27/26 06:35:00,32.84,,,,
07/27/26 06:40:00,33.00,,,,
07/27/26 06:45:00,33.00,,,,
07/27/26 06:50:00,33.08,,,,
07/27/26 06:55:00,33.08,,,,
07/27/26 07:00:00,33.15,,,,
07/27/26 07:05:00,33.23,,,,
07/27/26 07:10:00,33.23,,,,
07/27/26 07:15:00,33.08,,,,
07/27/26 07:20:00,33.08,,,,
07/27/26 07:25:00,33.15,,,,
07/27/26 07:30:00,33.08,,,,
07/27/26 07:35:00,33.15,,,,
07/27/26 07:40:00,33.31,,,,
07/27/26 07:45:00,33.31,,,,
07/27/26 07:50:00,33.38,,,,
07/27/26 07:55:00,33.38,,,,
07/27/26 08:00:00,33.62,,,,
07/27/26 08:05:00,33.69,,,,
07/27/26 08:10:00,34.08,,,,
07/27/26 08:15:00,34.54,,,,
07/27/26 08:20:00,35.01,,,,
07/27/26 08:25:00,35.24,,,,
07/27/26 08:30:00,35.78,,,,
07/27/26 08:35:00,35.78,,,,
07/27/26 08:40:00,35.86,,,,
07/27/26 08:45:00,35.55,,,,
07/27/26 08:50:00,35.47,,,,
07/27/26 08:55:00,35.62,,,,
07/27/26 09:00:00,35.39,,,,
07/27/26 09:05:00,35.55,,,,
07/27/26 09:10:00,35.47,,,,
07/27/26 09:15:00,35.47,,,,
07/27/26 09:20:00,35.55,,,,
07/27/26 09:25:00,35.62,,,,
07/27/26 09:30:00,35.62,,,,
07/27/26 09:35:00,35.70,,,,
07/27/26 09:40:00,35.78,,,,
07/27/26 09:45:00,35.78,,,,
07/27/26 09:50:00,35.93,,,,
07/27/26 09:55:00,36.09,,,,
07/27/26 10:00:00,36.09,,,,
07/27/26 10:05:00,36.01,,,,
07/27/26 10:10:00,36.78,,,,
07/27/26 10:15:00,37.63,,,,
07/27/26 10:20:00,37.48,,,,
07/27/26 10:25:00,36.63,,,,
07/27/26 10:30:00,36.32,,,,
07/27/26 10:35:00,36.16,,,,
07/27/26 10:40:00,36.16,,,,
07/27/26 10:45:00,36.63,,,,
07/27/26 10:50:00,37.25,,,,
07/27/26 10:55:00,37.48,,,,
07/27/26 11:00:00,37.63,,,,
07/27/26 11:05:00,38.17,,,,
07/27/26 11:10:00,39.02,,,,
07/27/26 11:15:00,39.56,,,,
07/27/26 11:20:00,39.79,,,,
07/27/26 11:25:00,39.33,,,,
07/27/26 11:30:00,38.56,,,,
07/27/26 11:35:00,38.33,,,,
07/27/26 11:40:00,38.17,,,,
07/27/26 11:45:00,37.94,,,,
07/27/26 11:50:00,37.17,,,,
07/27/26 11:55:00,36.86,,,,
07/27/26 12:00:00,38.87,,,,
07/27/26 12:05:00,41.11,,,,
07/27/26 12:10:00,43.19,,,,
07/27/26 12:15:00,45.35,,,,
07/27/26 12:20:00,48.21,,,,
07/27/26 12:25:00,46.90,,,,
07/27/26 12:30:00,45.28,,,,
07/27/26 12:35:00,43.04,,,,
07/27/26 12:40:00,43.19,,,,
07/27/26 12:45:00,44.43,,,,
07/27/26 12:50:00,43.73,,,,
07/27/26 12:55:00,40.95,,,,
07/27/26 13:00:00,39.18,,,,
07/27/26 13:05:00,38.48,,,,
07/27/26 13:10:00,37.40,,,,
07/27/26 13:15:00,37.25,,,,
07/27/26 13:20:00,37.25,,,,
07/27/26 13:25:00,37.40,,,,
07/27/26 13:30:00,37.40,,,,
07/27/26 13:35:00,37.17,,,,
07/27/26 13:40:00,37.25,,,,
07/27/26 13:45:00,37.17,,,,
07/27/26 13:50:00,37.25,,,,
07/27/26 13:55:00,37.40,,,,
07/27/26 14:00:00,37.63,,,,
07/27/26 14:05:00,37.79,,,,
07/27/26 14:10:00,37.48,,,,
07/27/26 14:15:00,37.40,,,,
07/27/26 14:20:00,37.48,,,,
07/27/26 14:25:00,37.01,,,,
07/27/26 14:30:00,36.78,,,,
07/27/26 14:35:00,36.47,,,,
07/27/26 14:40:00,36.24,,,,
07/27/26 14:45:00,36.24,,,,
07/27/26 14:50:00,36.24,,,,
07/27/26 14:55:00,36.47,,,,
07/27/26 15:00:00,36.86,,,,
07/27/26 15:05:00,36.94,,,,
07/27/26 15:10:00,37.48,,,,
07/27/26 15:15:00,37.25,,,,
07/27/26 15:20:00,37.40,,,,
07/27/26 15:25:00,37.71,,,,
07/27/26 15:30:00,37.40,,,,
07/27/26 15:35:00,37.48,,,,
07/27/26 15:40:00,37.63,,,,
07/27/26 15:45:00,37.94,,,,
07/27/26 15:50:00,37.17,,,,
07/27/26 15:55:00,38.71,,,,
07/27/26 16:00:00,40.26,,,,
07/27/26 16:05:00,40.88,,,,
07/27/26 16:10:00,39.25,,,,
07/27/26 16:15:00,36.71,,,,
07/27/26 16:20:00,34.47,,,,
07/27/26 16:25:00,34.54,,,,
07/27/26 16:30:00,34.70,,,,
07/27/26 16:35:00,35.01,,,,
07/27/26 16:40:00,36.01,,,,
07/27/26 16:45:00,37.09,,,,
07/27/26 16:50:00,38.10,,,,
07/27/26 16:55:00,39.02,,,,
07/27/26 17:00:00,39.49,,,,
07/27/26 17:05:00,39.72,,,,
07/27/26 17:10:00,39.87,,,,
07/27/26 17:15:00,40.10,,,,
07/27/26 17:20:00,40.10,,,,
07/27/26 17:25:00,39.64,,,,
07/27/26 17:30:00,39.41,,,,
07/27/26 17:35:00,39.18,,,,
07/27/26 17:40:00,39.10,,,,
07/27/26 17:45:00,39.02,,,,
07/27/26 17:50:00,38.94,,,,
07/27/26 17:55:00,39.02,,,,
07/27/26 18:00:00,39.10,,,,
07/27/26 18:05:00,39.02,,,,
07/27/26 18:10:00,39.10,,,,
07/27/26 18:15:00,39.02,,,,
07/27/26 18:20:00,38.94,,,,
07/27/26 18:25:00,38.94,,,,
07/27/26 18:30:00,38.87,,,,
07/27/26 18:35:00,38.87,,,,
07/27/26 18:40:00,38.87,,,,
07/27/26 18:45:00,38.79,,,,
07/27/26 18:50:00,38.79,,,,
07/27/26 18:55:00,38.79,,,,
07/27/26 19:00:00,38.79,,,,
07/27/26 19:05:00,38.79,,,,
07/27/26 19:10:00,38.48,,,,
07/27/26 19:15:00,38.48,,,,
07/27/26 19:20:00,38.40,,,,
07/27/26 19:25:00,38.56,,,,
07/27/26 19:30:00,38.40,,,,
07/27/26 19:35:00,38.33,,,,
07/27/26 19:40:00,38.25,,,,
07/27/26 19:45:00,38.33,,,,
07/27/26 19:50:00,38.40,,,,
07/27/26 19:55:00,38.48,,,,
07/27/26 20:00:00,38.33,,,,
07/27/26 20:05:00,38.33,,,,
07/27/26 20:10:00,38.48,,,,
07/27/26 20:15:00,38.33,,,,
07/27/26 20:20:00,38.48,,,,
07/27/26 20:25:00,38.25,,,,
07/27/26 20:30:00,38.33,,,,
07/27/26 20:35:00,38.33,,,,
07/27/26 20:40:00,38.10,,,,
07/27/26 20:45:00,37.79,,,,
07/27/26 20:50:00,37.71,,,,
07/27/26 20:55:00,37.55,,,,
07/27/26 21:00:00,37.48,,,,
07/27/26 21:05:00,37.17,,,,
07/27/26 21:10:00,37.25,,,,
07/27/26 21:15:00,37.40,,,,
07/27/26 21:20:00,37.40,,,,
07/27/26 21:25:00,37.09,,,,
07/27/26 21:30:00,37.25,,,,
07/27/26 21:35:00,37.17,,,,
07/27/26 21:40:00,37.01,,,,
07/27/26 21:45:00,37.01,,,,
07/27/26 21:50:00,37.09,,,,
07/27/26 21:55:00,37.01,,,,
07/27/26 22:00:00,36.94,,,,
07/27/26 22:05:00,36.78,,,,
07/27/26 22:10:00,37.01,,,,
07/27/26 22:15:00,37.09,,,,
07/27/26 22:20:00,37.09,,,,
07/27/26 22:25:00,37.25,,,,
07/27/26 22:30:00,37.09,,,,
07/27/26 22:35:00,36.78,,,,
07/27/26 22:40:00,36.71,,,,
07/27/26 22:45:00,36.63,,,,
07/27/26 22:50:00,36.55,,,,
07/27/26 22:55:00,36.63,,,,
07/27/26 23:00:00,36.47,,,,
07/27/26 23:05:00,36.55,,,,
07/27/26 23:10:00,36.63,,,,
07/27/26 23:15:00,36.55,,,,
07/27/26 23:20:00,36.63,,,,
07/27/26 23:25:00,36.55,,,,
07/27/26 23:30:00,36.55,,,,
07/27/26 23:35:00,36.40,,,,
07/27/26 23:40:00,36.32,,,,
07/27/26 23:45:00,36.01,,,,
07/27/26 23:50:00,36.01,,,,
07/27/26 23:55:00,35.93,,,,
07/28/26 00:00:00,35.70,,,,
07/28/26 00:05:00,35.55,,,,
07/28/26 00:10:00,35.47,,,,
07/28/26 00:15:00,35.39,,,,
07/28/26 00:20:00,35.39,,,,
07/28/26 00:25:00,35.32,,,,
07/28/26 00:30:00,35.39,,,,
07/28/26 00:35:00,35.39,,,,
07/28/26 00:40:00,35.62,,,,
07/28/26 00:45:00,35.62,,,,
07/28/26 00:50:00,35.70,,,,
07/28/26 00:55:00,35.70,,,,
07/28/26 01:00:00,35.70,,,,
07/28/26 01:05:00,35.62,,,,
07/28/26 01:10:00,35.62,,,,
07/28/26 01:15:00,35.47,,,,
07/28/26 01:20:00,35.08,,,,
07/28/26 01:25:00,35.16,,,,
07/28/26 01:30:00,35.24,,,,
07/28/26 01:35:00,35.24,,,,
07/28/26 01:40:00,35.39,,,,
07/28/26 01:45:00,35.39,,,,
07/28/26 01:50:00,35.62,,,,
07/28/26 01:55:00,35.47,,,,
07/28/26 02:00:00,35.47,,,,
07/28/26 02:05:00,35.39,,,,
07/28/26 02:10:00,35.47,,,,
07/28/26 02:15:00,35.47,,,,
07/28/26 02:20:00,35.55,,,,
07/28/26 02:25:00,35.62,,,,
07/28/26 02:30:00,35.55,,,,
07/28/26 02:35:00,35.47,,,,
07/28/26 02:40:00,35.47,,,,
07/28/26 02:45:00,35.55,,,,
07/28/26 02:50:00,35.55,,,,
07/28/26 02:55:00,35.47,,,,
07/28/26 03:00:00,35.55,,,,
07/28/26 03:05:00,35.55,,,,
07/28/26 03:10:00,35.70,,,,
07/28/26 03:15:00,35.70,,,,
07/28/26 03:20:00,35.86,,,,
07/28/26 03:25:00,35.70,,,,
07/28/26 03:30:00,35.70,,,,
07/28/26 03:35:00,35.70,,,,
07/28/26 03:40:00,35.70,,,,
07/28/26 03:45:00,35.78,,,,
07/28/26 03:50:00,35.62,,,,
07/28/26 03:55:00,35.39,,,,
07/28/26 04:00:00,35.32,,,,
07/28/26 04:05:00,35.55,,,,
07/28/26 04:10:00,35.70,,,,
07/28/26 04:15:00,35.78,,,,
07/28/26 04:20:00,36.16,,,,
07/28/26 04:25:00,36.24,,,,
07/28/26 04:30:00,36.32,,,,
07/28/26 04:35:00,36.55,,,,
07/28/26 04:40:00,36.55,,,,
07/28/26 04:45:00,36.47,,,,
07/28/26 04:50:00,36.32,,,,
07/28/26 04:55:00,36.24,,,,
07/28/26 05:00:00,36.16,,,,
07/28/26 05:05:00,36.16,,,,
07/28/26 05:10:00,36.24,,,,
07/28/26 05:15:00,36.16,,,,
07/28/26 05:20:00,36.32,,,,
07/28/26 05:25:00,36.16,,,,
07/28/26 05:30:00,36.09,,,,
07/28/26 05:35:00,36.09,,,,
07/28/26 05:40:00,36.01,,,,
07/28/26 05:45:00,35.93,,,,
07/28/26 05:50:00,36.09,,,,
07/28/26 05:55:00,36.16,,,,
07/28/26 06:00:00,36.40,,,,
07/28/26 06:05:00,36.47,,,,
07/28/26 06:10:00,36.55,,,,
07/28/26 06:15:00,36.63,,,,
07/28/26 06:20:00,36.71,,,,
07/28/26 06:25:00,36.78,,,,
07/28/26 06:30:00,36.86,,,,
07/28/26 06:35:00,36.86,,,,
07/28/26 06:40:00,36.94,,,,
07/28/26 06:45:00,36.94,,,,
07/28/26 06:50:00,37.01,,,,
07/28/26 06:55:00,37.25,,,,
07/28/26 07:00:00,37.48,,,,
07/28/26 07:05:00,37.79,,,,
07/28/26 07:10:00,37.94,,,,
07/28/26 07:15:00,38.17,,,,
07/28/26 07:20:00,38.17,,,,
07/28/26 07:25:00,38.40,,,,
07/28/26 07:30:00,38.56,,,,
07/28/26 07:35:00,38.71,,,,
07/28/26 07:40:00,39.02,,,,
07/28/26 07:45:00,39.18,,,,
07/28/26 07:50:00,39.25,,,,
07/28/26 07:55:00,39.64,,,,
07/28/26 08:00:00,39.95,,,,
07/28/26 08:05:00,40.18,,,,
07/28/26 08:10:00,40.33,,,,
07/28/26 08:15:00,40.33,,,,
07/28/26 08:20:00,40.64,,,,
07/28/26 08:25:00,40.80,,,,
07/28/26 08:30:00,41.11,,,,
07/28/26 08:35:00,42.03,,,,
07/28/26 08:40:00,43.04,,,,
07/28/26 08:45:00,43.81,,,,
07/28/26 08:50:00,44.74,,,,
07/28/26 08:55:00,45.28,,,,
07/28/26 09:00:00,45.66,,,,
07/28/26 09:05:00,46.13,,,,
07/28/26 09:10:00,46.82,,,,
07/28/26 09:15:00,47.21,,,,
07/28/26 09:20:00,47.52,,,,
07/28/26 09:25:00,47.52,,,,
07/28/26 09:30:00,47.90,,,,
07/28/26 09:35:00,48.13,,,,
07/28/26 09:40:00,48.52,,,,
07/28/26 09:45:00,48.98,,,,
07/28/26 09:50:00,48.91,,,,
07/28/26 09:55:00,49.14,,,,
07/28/26 10:00:00,49.60,,,,
07/28/26 10:05:00,49.83,,,,
07/28/26 10:10:00,48.91,,,,
07/28/26 10:15:00,49.29,,,,
07/28/26 10:20:00,49.91,,,,
07/28/26 10:25:00,50.61,,,,
07/28/26 10:30:00,50.68,,,,
07/28/26 10:35:00,50.91,,,,
07/28/26 10:40:00,50.76,,,,
07/28/26 10:45:00,49.68,,,,
07/28/26 10:50:00,48.29,,,,
07/28/26 10:55:00,47.05,,,,
07/28/26 11:00:00,46.05,,,,
07/28/26 11:05:00,45.28,,,,
07/28/26 11:10:00,44.74,,,,
07/28/26 11:15:00,44.43,,,,
07/28/26 11:20:00,44.20,,,,
07/28/26 11:25:00,43.89,,,,
07/28/26 11:30:00,43.73,,,,
07/28/26 11:35:00,43.35,,,,
07/28/26 11:40:00,43.19,,,,
07/28/26 11:45:00,43.19,,,,
07/28/26 11:50:00,43.04,,,,
07/28/26 11:55:00,42.88,,,,
07/28/26 12:00:00,42.96,,,,
07/28/26 12:05:00,42.57,,,,
07/28/26 12:10:00,42.57,,,,
07/28/26 12:15:00,42.57,,,,
07/28/26 12:20:00,42.57,,,,
07/28/26 12:25:00,42.65,,,,
07/28/26 12:30:00,42.57,,,,
07/28/26 12:35:00,42.42,,,,
07/28/26 12:40:00,42.42,,,,
07/28/26 12:45:00,42.34,,,,
07/28/26 12:50:00,42.34,,,,
07/28/26 12:55:00,42.50,,,,
07/28/26 13:00:00,42.57,,,,
07/28/26 13:05:00,42.57,,,,
07/28/26 13:10:00,42.57,,,,
07/28/26 13:15:00,42.65,,,,
07/28/26 13:20:00,42.96,,,,
07/28/26 13:25:00,42.96,,,,
07/28/26 13:30:00,43.11,,,,
07/28/26 13:35:00,43.04,,,,
07/28/26 13:40:00,43.11,,,,
07/28/26 13:45:00,43.35,,,,
07/28/26 13:50:00,43.50,,,,
07/28/26 13:55:00,43.66,,,,
07/28/26 14:00:00,43.89,,,,
07/28/26 14:05:00,44.12,,,,
07/28/26 14:10:00,44.43,,,,
07/28/26 14:15:00,44.43,,,,
07/28/26 14:20:00,44.50,,,,
07/28/26 14:25:00,44.58,,,,
07/28/26 14:30:00,44.43,,,,
07/28/26 14:35:00,44.58,,,,
07/28/26 14:40:00,44.66,,,,
07/28/26 14:45:00,44.89,,,,
07/28/26 14:50:00,45.20,,,,
07/28/26 14:55:00,45.35,,,,
07/28/26 15:00:00,45.51,,,,
07/28/26 15:05:00,45.43,,,,
07/28/26 15:10:00,45.35,,,,
07/28/26 15:15:00,45.59,,,,
07/28/26 15:20:00,45.51,,,,
07/28/26 15:25:00,44.35,,,,
07/28/26 15:30:00,43.58,,,,
07/28/26 15:35:00,43.27,,,,
07/28/26 15:40:00,43.27,,,,
07/28/26 15:45:00,43.11,,,,
07/28/26 15:50:00,42.57,,,,
07/28/26 15:55:00,41.88,,,,
07/28/26 16:00:00,41.18,,,,
07/28/26 16:05:00,40.80,,,,
07/28/26 16:10:00,40.57,,,,
07/28/26 16:15:00,40.49,,,,
07/28/26 16:20:00,40.49,,,,
07/28/26 16:25:00,40.49,,,,
07/28/26 16:30:00,40.41,,,,
07/28/26 16:35:00,40.33,,,,
07/28/26 16:40:00,40.18,,,,
07/28/26 16:45:00,40.26,,,,
07/28/26 16:50:00,40.33,,,,
07/28/26 16:55:00,40.26,,,,
07/28/26 17:00:00,40.41,,,,
07/28/26 17:05:00,40.64,,,,
07/28/26 17:10:00,40.80,,,,
07/28/26 17:15:00,41.18,,,,
07/28/26 17:20:00,41.49,,,,
07/28/26 17:25:00,41.57,,,,
07/28/26 17:30:00,41.80,,,,
07/28/26 17:35:00,41.96,,,,
07/28/26 17:40:00,42.27,,,,
07/28/26 17:45:00,42.50,,,,
07/28/26 17:50:00,42.65,,,,
07/28/26 17:55:00,42.65,,,,
07/28/26 18:00:00,42.81,,,,
07/28/26 18:05:00,43.04,,,,
07/28/26 18:10:00,43.11,,,,
07/28/26 18:15:00,42.81,,,,
07/28/26 18:20:00,42.65,,,,
07/28/26 18:25:00,42.65,,,,
07/28/26 18:30:00,42.65,,,,
07/28/26 18:35:00,42.88,,,,
07/28/26 18:40:00,42.73,,,,
07/28/26 18:45:00,43.04,,,,
07/28/26 18:50:00,43.04,,,,
07/28/26 18:55:00,43.19,,,,
07/28/26 19:00:00,43.27,,,,
07/28/26 19:05:00,43.27,,,,
07/28/26 19:10:00,42.73,,,,
07/28/26 19:15:00,42.65,,,,
07/28/26 19:20:00,42.65,,,,
07/28/26 19:25:00,42.81,,,,
07/28/26 19:30:00,42.96,,,,
07/28/26 19:35:00,43.04,,,,
07/28/26 19:40:00,43.27,,,,
07/28/26 19:45:00,43.19,,,,
07/28/26 19:50:00,43.11,,,,
07/28/26 19:55:00,43.04,,,,
07/28/26 20:00:00,43.11,,,,
07/28/26 20:05:00,43.11,,,,
07/28/26 20:10:00,42.65,,,,
07/28/26 20:15:00,42.57,,,,
07/28/26 20:20:00,42.11,,,,
07/28/26 20:25:00,41.88,,,,
07/28/26 20:30:00,41.88,,,,
07/28/26 20:35:00,41.72,,,,
07/28/26 20:40:00,41.49,,,,
07/28/26 20:45:00,41.42,,,,
07/28/26 20:50:00,41.26,,,,
07/28/26 20:55:00,41.34,,,,
07/28/26 21:00:00,41.18,,,,
07/28/26 21:05:00,41.26,,,,
07/28/26 21:10:00,41.26,,,,
07/28/26 21:15:00,41.11,,,,
07/28/26 21:20:00,41.11,,,,
07/28/26 21:25:00,41.11,,,,
07/28/26 21:30:00,41.11,,,,
07/28/26 21:35:00,41.03,,,,
07/28/26 21:40:00,40.88,,,,
07/28/26 21:45:00,40.64,,,,
07/28/26 21:50:00,40.64,,,,
07/28/26 21:55:00,40.64,,,,
07/28/26 22:00:00,40.64,,,,
07/28/26 22:05:00,40.64,,,,
07/28/26 22:10:00,40.57,,,,
07/28/26 22:15:00,40.64,,,,
07/28/26 22:20:00,40.49,,,,
07/28/26 22:25:00,40.57,,,,
07/28/26 22:30:00,40.64,,,,
07/28/26 22:35:00,40.57,,,,
07/28/26 22:40:00,40.49,,,,
07/28/26 22:45:00,40.49,,,,
07/28/26 22:50:00,40.57,,,,
07/28/26 22:55:00,40.72,,,,
07/28/26 23:00:00,40.64,,,,
07/28/26 23:05:00,40.49,,,,
07/28/26 23:10:00,40.33,,,,
07/28/26 23:15:00,40.18,,,,
07/28/26 23:20:00,40.18,,,,
07/28/26 23:25:00,40.18,,,,
07/28/26 23:30:00,40.18,,,,
07/28/26 23:35:00,40.03,,,,
07/28/26 23:40:00,40.03,,,,
07/28/26 23:45:00,40.03,,,,
07/28/26 23:50:00,40.10,,,,
07/28/26 23:55:00,40.10,,,,
07/29/26 00:00:00,40.18,,,,
07/29/26 00:05:00,40.33,,,,
07/29/26 00:10:00,40.26,,,,
07/29/26 00:15:00,40.26,,,,
07/29/26 00:20:00,40.26,,,,
07/29/26 00:25:00,40.10,,,,
07/29/26 00:30:00,40.10,,,,
07/29/26 00:35:00,40.10,,,,
07/29/26 00:40:00,40.10,,,,
07/29/26 00:45:00,40.03,,,,
07/29/26 00:50:00,39.87,,,,
07/29/26 00:55:00,39.72,,,,
07/29/26 01:00:00,39.72,,,,
07/29/26 01:05:00,39.64,,,,
07/29/26 01:10:00,39.64,,,,
07/29/26 01:15:00,39.72,,,,
07/29/26 01:20:00,39.79,,,,
07/29/26 01:25:00,39.79,,,,
07/29/26 01:30:00,39.56,,,,
07/29/26 01:35:00,39.72,,,,
07/29/26 01:40:00,39.64,,,,
07/29/26 01:45:00,39.56,,,,
07/29/26 01:50:00,39.56,,,,
07/29/26 01:55:00,39.72,,,,
07/29/26 02:00:00,39.56,,,,
07/29/26 02:05:00,39.49,,,,
07/29/26 02:10:00,39.41,,,,
07/29/26 02:15:00,39.49,,,,
07/29/26 02:20:00,39.41,,,,
07/29/26 02:25:00,39.33,,,,
07/29/26 02:30:00,39.18,,,,
07/29/26 02:35:00,39.10,,,,
07/29/26 02:40:00,39.10,,,,
07/29/26 02:45:00,38.94,,,,
07/29/26 02:50:00,38.79,,,,
07/29/26 02:55:00,38.87,,,,
07/29/26 03:00:00,38.87,,,,
07/29/26 03:05:00,38.71,,,,
07/29/26 03:10:00,38.64,,,,
07/29/26 03:15:00,38.71,,,,
07/29/26 03:20:00,38.56,,,,
07/29/26 03:25:00,38.71,,,,
07/29/26 03:30:00,38.48,,,,
07/29/26 03:35:00,38.56,,,,
07/29/26 03:40:00,38.40,,,,
07/29/26 03:45:00,38.33,,,,
07/29/26 03:50:00,38.25,,,,
07/29/26 03:55:00,38.10,,,,
07/29/26 04:00:00,37.94,,,,
07/29/26 04:05:00,37.71,,,,
07/29/26 04:10:00,37.55,,,,
07/29/26 04:15:00,37.40,,,,
07/29/26 04:20:00,37.25,,,,
07/29/26 04:25:00,37.01,,,,
07/29/26 04:30:00,37.01,,,,
07/29/26 04:35:00,37.01,,,,
07/29/26 04:40:00,36.94,,,,
07/29/26 04:45:00,36.78,,,,
07/29/26 04:50:00,36.86,,,,
07/29/26 04:55:00,37.01,,,,
07/29/26 05:00:00,37.17,,,,
07/29/26 05:05:00,37.25,,,,
07/29/26 05:10:00,37.32,,,,
07/29/26 05:15:00,37.48,,,,
07/29/26 05:20:00,37.55,,,,
07/29/26 05:25:00,37.63,,,,
07/29/26 05:30:00,37.71,,,,
07/29/26 05:35:00,37.71,,,,
07/29/26 05:40:00,37.71,,,,
07/29/26 05:45:00,37.79,,,,
07/29/26 05:50:00,37.71,,,,
07/29/26 05:55:00,37.71,,,,
07/29/26 06:00:00,37.79,,,,
07/29/26 06:05:00,37.71,,,,
07/29/26 06:10:00,37.63,,,,
07/29/26 06:15:00,37.71,,,,
07/29/26 06:20:00,37.71,,,,
07/29/26 06:25:00,37.71,,,,
07/29/26 06:30:00,37.63,,,,
07/29/26 06:35:00,37.79,,,,
07/29/26 06:40:00,37.79,,,,
07/29/26 06:45:00,37.79,,,,
07/29/26 06:50:00,38.02,,,,
07/29/26 06:55:00,38.10,,,,
07/29/26 07:00:00,38.25,,,,
07/29/26 07:05:00,38.40,,,,
07/29/26 07:10:00,38.48,,,,
07/29/26 07:15:00,38.71,,,,
07/29/26 07:20:00,38.64,,,,
07/29/26 07:25:00,38.71,,,,
07/29/26 07:30:00,38.87,,,,
07/29/26 07:35:00,38.87,,,,
07/29/26 07:40:00,38.94,,,,
07/29/26 07:45:00,39.10,,,,
07/29/26 07:50:00,39.25,,,,
07/29/26 07:55:00,39.25,,,,
07/29/26 08:00:00,39.41,,,,
07/29/26 08:05:00,39.10,,,,
07/29/26 08:10:00,39.18,,,,
07/29/26 08:15:00,39.25,,,,
07/29/26 08:20:00,39.25,,,,
07/29/26 08:25:00,39.18,,,,
07/29/26 08:30:00,39.25,,,,
07/29/26 08:35:00,39.95,,,,
07/29/26 08:40:00,40.57,,,,
07/29/26 08:45:00,41.18,,,,
07/29/26 08:50:00,41.34,,,,
07/29/26 08:55:00,41.42,,,,
07/29/26 09:00:00,41.49,,,,
07/29/26 09:05:00,41.26,,,,
07/29/26 09:10:00,41.34,,,,
07/29/26 09:15:00,41.42,,,,
07/29/26 09:20:00,41.57,,,,
07/29/26 09:25:00,41.57,,,,
07/29/26 09:30:00,41.72,,,,
07/29/26 09:35:00,41.34,,,,
07/29/26 09:40:00,40.80,,,,
07/29/26 09:45:00,40.33,,,,
07/29/26 09:50:00,40.10,,,,
07/29/26 09:55:00,40.10,,,,
07/29/26 10:00:00,40.18,,,,
07/29/26 10:05:00,40.57,,,,
07/29/26 10:10:00,40.88,,,,
07/29/26 10:15:00,41.18,,,,
07/29/26 10:20:00,41.34,,,,
07/29/26 10:25:00,41.49,,,,
07/29/26 10:30:00,41.57,,,,
07/29/26 10:35:00,41.88,,,,
07/29/26 10:40:00,42.65,,,,
07/29/26 10:45:00,43.42,,,,
07/29/26 10:50:00,43.96,,,,
07/29/26 10:55:00,44.27,,,,
07/29/26 11:00:00,44.43,,,,
07/29/26 11:05:00,44.89,,,,
07/29/26 11:10:00,45.20,,,,
07/29/26 11:15:00,45.51,,,,
07/29/26 11:20:00,45.28,,,,
07/29/26 11:25:00,45.20,,,,
07/29/26 11:30:00,45.43,,,,
07/29/26 11:35:00,45.20,,,,
07/29/26 11:40:00,45.28,,,,
07/29/26 11:45:00,45.28,,,,
07/29/26 11:50:00,45.59,,,,
07/29/26 11:55:00,45.51,,,,
07/29/26 12:00:00,45.28,,,,
07/29/26 12:05:00,45.35,,,,
07/29/26 12:10:00,44.89,,,,
07/29/26 12:15:00,44.35,,,,
07/29/26 12:20:00,44.66,,,,
07/29/26 12:25:00,44.74,,,,
07/29/26 12:30:00,44.74,,,,
07/29/26 12:35:00,44.20,,,,
07/29/26 12:40:00,43.96,,,,
07/29/26 12:45:00,43.89,,,,
07/29/26 12:50:00,44.12,,,,
07/29/26 12:55:00,44.12,,,,
07/29/26 13:00:00,44.12,,,,
07/29/26 13:05:00,44.35,,,,
07/29/26 13:10:00,43.73,,,,
07/29/26 13:15:00,43.89,,,,
07/29/26 13:20:00,44.12,,,,
07/29/26 13:25:00,43.73,,,,
07/29/26 13:30:00,43.27,,,,
07/29/26 13:35:00,43.11,,,,
07/29/26 13:40:00,43.27,,,,
07/29/26 13:45:00,43.66,,,,
07/29/26 13:50:00,43.50,,,,
07/29/26 13:55:00,43.66,,,,
07/29/26 14:00:00,43.96,,,,
07/29/26 14:05:00,43.66,,,,
07/29/26 14:10:00,43.66,,,,
07/29/26 14:15:00,43.11,,,,
07/29/26 14:20:00,43.04,,,,
07/29/26 14:25:00,43.11,,,,
07/29/26 14:30:00,43.42,,,,
07/29/26 14:35:00,43.42,,,,
07/29/26 14:40:00,43.96,,,,
07/29/26 14:45:00,44.43,,,,
07/29/26 14:50:00,44.97,,,,
07/29/26 14:55:00,45.12,,,,
07/29/26 15:00:00,45.35,,,,
07/29/26 15:05:00,45.43,,,,
07/29/26 15:10:00,45.28,,,,
07/29/26 15:15:00,45.12,,,,
07/29/26 15:20:00,44.81,,,,
07/29/26 15:25:00,44.74,,,,
07/29/26 15:30:00,44.50,,,,
07/29/26 15:35:00,44.12,,,,
07/29/26 15:40:00,44.04,,,,
07/29/26 15:45:00,43.73,,,,
07/29/26 15:50:00,43.27,,,,
07/29/26 15:55:00,42.73,,,,
07/29/26 16:00:00,42.34,,,,
07/29/26 16:05:00,41.88,,,,
07/29/26 16:10:00,41.49,,,,
07/29/26 16:15:00,41.49,,,,
07/29/26 16:20:00,41.26,,,,
07/29/26 16:25:00,40.72,,,,
07/29/26 16:30:00,40.88,,,,
07/29/26 16:35:00,40.72,,,,
07/29/26 16:40:00,40.57,,,,
07/29/26 16:45:00,40.88,,,,
07/29/26 16:50:00,41.18,,,,
07/29/26 16:55:00,41.57,,,,
07/29/26 17:00:00,41.96,,,,
07/29/26 17:05:00,42.03,,,,
07/29/26 17:10:00,42.42,,,,
07/29/26 17:15:00,42.65,,,,
07/29/26 17:20:00,42.96,,,,
07/29/26 17:25:00,43.19,,,,
07/29/26 17:30:00,43.11,,,,
07/29/26 17:35:00,41.88,,,,
07/29/26 17:40:00,40.10,,,,
07/29/26 17:45:00,38.79,,,,
07/29/26 17:50:00,38.10,,,,
07/29/26 17:55:00,37.63,,,,
07/29/26 18:00:00,37.63,,,,
07/29/26 18:05:00,37.79,,,,
07/29/26 18:10:00,37.71,,,,
07/29/26 18:15:00,37.55,,,,
07/29/26 18:20:00,37.79,,,,
07/29/26 18:25:00,37.94,,,,
07/29/26 18:30:00,38.10,,,,
07/29/26 18:35:00,38.02,,,,
07/29/26 18:40:00,37.71,,,,
07/29/26 18:45:00,37.71,,,,
07/29/26 18:50:00,37.55,,,,
07/29/26 18:55:00,37.55,,,,
07/29/26 19:00:00,37.40,,,,
07/29/26 19:05:00,37.48,,,,
07/29/26 19:10:00,37.48,,,,
07/29/26 19:15:00,37.48,,,,
07/29/26 19:20:00,37.55,,,,
07/29/26 19:25:00,37.55,,,,
07/29/26 19:30:00,37.48,,,,
07/29/26 19:35:00,37.71,,,,
07/29/26 19:40:00,38.02,,,,
07/29/26 19:45:00,38.33,,,,
07/29/26 19:50:00,38.48,,,,
07/29/26 19:55:00,38.79,,,,
07/29/26 20:00:00,39.02,,,,
07/29/26 20:05:00,39.25,,,,
07/29/26 20:10:00,39.02,,,,
07/29/26 20:15:00,38.94,,,,
07/29/26 20:20:00,38.79,,,,
07/29/26 20:25:00,38.64,,,,
07/29/26 20:30:00,38.71,,,,
07/29/26 20:35:00,38.71,,,,
07/29/26 20:40:00,38.79,,,,
07/29/26 20:45:00,38.79,,,,
07/29/26 20:50:00,38.79,,,,
07/29/26 20:55:00,38.71,,,,
07/29/26 21:00:00,38.71,,,,
07/29/26 21:05:00,38.71,,,,
07/29/26 21:10:00,38.56,,,,
07/29/26 21:15:00,38.48,,,,
07/29/26 21:20:00,38.40,,,,
07/29/26 21:25:00,38.33,,,,
07/29/26 21:30:00,38.71,,,,
07/29/26 21:35:00,39.02,,,,
07/29/26 21:40:00,39.02,,,,
07/29/26 21:45:00,39.10,,,,
07/29/26 21:50:00,39.18,,,,
07/29/26 21:55:00,39.02,,,,
07/29/26 22:00:00,39.18,,,,
07/29/26 22:05:00,39.02,,,,
07/29/26 22:10:00,39.02,,,,
07/29/26 22:15:00,39.02,,,,
07/29/26 22:20:00,38.87,,,,
07/29/26 22:25:00,38.71,,,,
07/29/26 22:30:00,38.64,,,,
07/29/26 22:35:00,38.56,,,,
07/29/26 22:40:00,38.48,,,,
07/29/26 22:45:00,38.40,,,,
07/29/26 22:50:00,38.48,,,,
07/29/26 22:55:00,38.25,,,,
07/29/26 23:00:00,38.25,,,,
07/29/26 23:05:00,38.25,,,,
07/29/26 23:10:00,38.25,,,,
07/29/26 23:15:00,38.33,,,,
07/29/26 23:20:00,38.17,,,,
07/29/26 23:25:00,38.17,,,,
07/29/26 23:30:00,38.17,,,,
07/29/26 23:35:00,38.02,,,,
07/29/26 23:40:00,37.94,,,,
07/29/26 23:45:00,37.94,,,,
07/29/26 23:50:00,37.86,,,,
07/29/26 23:55:00,37.79,,,,
07/30/26 00:00:00,37.86,,,,
07/30/26 00:05:00,37.79,,,,
07/30/26 00:10:00,37.79,,,,
07/30/26 00:15:00,37.86,,,,
07/30/26 00:20:00,37.86,,,,
07/30/26 00:25:00,37.86,,,,
07/30/26 00:30:00,37.86,,,,
07/30/26 00:35:00,37.94,,,,
07/30/26 00:40:00,38.02,,,,
07/30/26 00:45:00,38.10,,,,
07/30/26 00:50:00,38.17,,,,
07/30/26 00:55:00,38.25,,,,
07/30/26 01:00:00,38.25,,,,
07/30/26 01:05:00,38.25,,,,
07/30/26 01:10:00,38.25,,,,
07/30/26 01:15:00,38.17,,,,
07/30/26 01:20:00,38.25,,,,
07/30/26 01:25:00,38.40,,,,
07/30/26 01:30:00,38.33,,,,
07/30/26 01:35:00,38.56,,,,
07/30/26 01:40:00,38.56,,,,
07/30/26 01:45:00,38.56,,,,
07/30/26 01:50:00,38.56,,,,
07/30/26 01:55:00,38.64,,,,
07/30/26 02:00:00,38.64,,,,
07/30/26 02:05:00,38.71,,,,
07/30/26 02:10:00,38.71,,,,
07/30/26 02:15:00,38.71,,,,
07/30/26 02:20:00,38.64,,,,
07/30/26 02:25:00,38.48,,,,
07/30/26 02:30:00,38.56,,,,
07/30/26 02:35:00,38.56,,,,
07/30/26 02:40:00,38.71,,,,
07/30/26 02:45:00,38.64,,,,
07/30/26 02:50:00,38.64,,,,
07/30/26 02:55:00,38.56,,,,
07/30/26 03:00:00,38.56,,,,
07/30/26 03:05:00,38.40,,,,
07/30/26 03:10:00,38.25,,,,
07/30/26 03:15:00,38.25,,,,
07/30/26 03:20:00,38.33,,,,
07/30/26 03:25:00,38.40,,,,
07/30/26 03:30:00,38.40,,,,
07/30/26 03:35:00,38.40,,,,
07/30/26 03:40:00,38.40,,,,
07/30/26 03:45:00,38.33,,,,
07/30/26 03:50:00,38.25,,,,
07/30/26 03:55:00,38.10,,,,
07/30/26 04:00:00,38.10,,,,
07/30/26 04:05:00,38.10,,,,
07/30/26 04:10:00,38.17,,,,
07/30/26 04:15:00,38.17,,,,
07/30/26 04:20:00,38.25,,,,
07/30/26 04:25:00,38.17,,,,
07/30/26 04:30:00,38.33,,,,
07/30/26 04:35:00,38.25,,,,
07/30/26 04:40:00,38.25,,,,
07/30/26 04:45:00,38.17,,,,
07/30/26 04:50:00,38.25,,,,
07/30/26 04:55:00,38.33,,,,
07/30/26 05:00:00,38.40,,,,
07/30/26 05:05:00,38.56,,,,
07/30/26 05:10:00,38.56,,,,
07/30/26 05:15:00,38.87,,,,
07/30/26 05:20:00,38.94,,,,
07/30/26 05:25:00,39.10,,,,
07/30/26 05:30:00,39.02,,,,
07/30/26 05:35:00,39.02,,,,
07/30/26 05:40:00,38.94,,,,
07/30/26 05:45:00,39.02,,,,
07/30/26 05:50:00,39.10,,,,
07/30/26 05:55:00,39.10,,,,
07/30/26 06:00:00,39.02,,,,
07/30/26 06:05:00,38.94,,,,
07/30/26 06:10:00,39.02,,,,
07/30/26 06:15:00,39.02,,,,
07/30/26 06:20:00,39.10,,,,
07/30/26 06:25:00,39.10,,,,
07/30/26 06:30:00,39.41,,,,
07/30/26 06:35:00,39.79,,,,
07/30/26 06:40:00,40.03,,,,
07/30/26 06:45:00,40.33,,,,
07/30/26 06:50:00,40.64,,,,
07/30/26 06:55:00,40.88,,,,
07/30/26 07:00:00,41.18,,,,
07/30/26 07:05:00,41.49,,,,
07/30/26 07:10:00,41.49,,,,
07/30/26 07:15:00,41.80,,,,
07/30/26 07:20:00,42.03,,,,
07/30/26 07:25:00,41.65,,,,
07/30/26 07:30:00,41.42,,,,
07/30/26 07:35:00,41.26,,,,
07/30/26 07:40:00,41.49,,,,
07/30/26 07:45:00,41.65,,,,
07/30/26 07:50:00,41.65,,,,
07/30/26 07:55:00,41.57,,,,
07/30/26 08:00:00,41.42,,,,
07/30/26 08:05:00,41.57,,,,
07/30/26 08:10:00,41.65,,,,
07/30/26 08:15:00,42.03,,,,
07/30/26 08:20:00,42.65,,,,
07/30/26 08:25:00,43.19,,,,
07/30/26 08:30:00,43.81,,,,
07/30/26 08:35:00,44.58,,,,
07/30/26 08:40:00,44.89,,,,
07/30/26 08:45:00,45.28,,,,
07/30/26 08:50:00,45.28,,,,
07/30/26 08:55:00,45.43,,,,
07/30/26 09:00:00,45.59,,,,
07/30/26 09:05:00,45.89,,,,
07/30/26 09:10:00,46.36,,,,
07/30/26 09:15:00,46.28,,,,
07/30/26 09:20:00,46.51,,,,
07/30/26 09:25:00,46.59,,,,
07/30/26 09:30:00,46.44,,,,
07/30/26 09:35:00,46.44,,,,
07/30/26 09:40:00,46.05,,,,
07/30/26 09:45:00,45.74,,,,
07/30/26 09:50:00,45.82,,,,
07/30/26 09:55:00,45.74,,,,
07/30/26 10:00:00,45.82,,,,
07/30/26 10:05:00,46.13,,,,
07/30/26 10:10:00,46.44,,,,
07/30/26 10:15:00,46.59,,,,
07/30/26 10:20:00,46.20,,,,
07/30/26 10:25:00,45.97,,,,
07/30/26 10:30:00,46.36,,,,
07/30/26 10:35:00,46.44,,,,
07/30/26 10:40:00,46.20,,,,
07/30/26 10:45:00,45.97,,,,
07/30/26 10:50:00,46.05,,,,
07/30/26 10:55:00,45.59,,,,
07/30/26 11:00:00,45.59,,,,
07/30/26 11:05:00,45.20,,,,
07/30/26 11:10:00,45.12,,,,
07/30/26 11:15:00,44.81,,,,
07/30/26 11:20:00,44.81,,,,
07/30/26 11:25:00,44.81,,,,
07/30/26 11:30:00,44.74,,,,
07/30/26 11:35:00,44.81,,,,
07/30/26 11:40:00,44.74,,,,
07/30/26 11:45:00,44.58,,,,
07/30/26 11:50:00,44.50,,,,
07/30/26 11:55:00,44.35,,,,
07/30/26 12:00:00,44.20,,,,
07/30/26 12:05:00,44.04,,,,
07/30/26 12:10:00,44.04,,,,
07/30/26 12:15:00,43.89,,,,
07/30/26 12:20:00,43.81,,,,
07/30/26 12:25:00,43.81,,,,
07/30/26 12:30:00,43.66,,,,
07/30/26 12:35:00,43.81,,,,
07/30/26 12:40:00,43.66,,,,
07/30/26 12:45:00,43.58,,,,
07/30/26 12:50:00,43.50,,,,
07/30/26 12:55:00,43.35,,,,
07/30/26 13:00:00,43.42,,,,
07/30/26 13:05:00,43.35,,,,
07/30/26 13:10:00,43.19,,,,
07/30/26 13:15:00,43.27,,,,
07/30/26 13:20:00,43.50,,,,
07/30/26 13:25:00,43.89,,,,
07/30/26 13:30:00,44.20,,,,
07/30/26 13:35:00,44.43,,,,
07/30/26 13:40:00,44.74,,,,
07/30/26 13:45:00,44.74,,,,
07/30/26 13:50:00,44.81,,,,
07/30/26 13:55:00,44.97,,,,
07/30/26 14:00:00,44.97,,,,
07/30/26 14:05:00,44.89,,,,
07/30/26 14:10:00,44.97,,,,
07/30/26 14:15:00,45.05,,,,
07/30/26 14:20:00,45.20,,,,
07/30/26 14:25:00,45.20,,,,
07/30/26 14:30:00,45.12,,,,
07/30/26 14:35:00,45.05,,,,
07/30/26 14:40:00,44.66,,,,
07/30/26 14:45:00,44.74,,,,
07/30/26 14:50:00,44.66,,,,
07/30/26 14:55:00,44.74,,,,
07/30/26 15:00:00,44.89,,,,
07/30/26 15:05:00,45.20,,,,
07/30/26 15:10:00,45.20,,,,
07/30/26 15:15:00,45.28,,,,
07/30/26 15:20:00,45.43,,,,
07/30/26 15:25:00,45.43,,,,
07/30/26 15:30:00,45.51,,,,
07/30/26 15:35:00,45.51,,,,
07/30/26 15:40:00,45.59,,,,
07/30/26 15:45:00,45.51,,,,
07/30/26 15:50:00,45.51,,,,
07/30/26 15:55:00,45.59,,,,
07/30/26 16:00:00,45.59,,,,
07/30/26 16:05:00,45.66,,,,
07/30/26 16:10:00,45.82,,,,
07/30/26 16:15:00,45.89,,,,
07/30/26 16:20:00,46.05,,,,
07/30/26 16:25:00,46.20,,,,
07/30/26 16:30:00,46.28,,,,
07/30/26 16:35:00,46.28,,,,
07/30/26 16:40:00,46.05,,,,
07/30/26 16:45:00,46.20,,,,
07/30/26 16:50:00,46.36,,,,
07/30/26 16:55:00,46.36,,,,
07/30/26 17:00:00,46.36,,,,
07/30/26 17:05:00,46.28,,,,
07/30/26 17:10:00,46.20,,,,
07/30/26 17:15:00,46.28,,,,
07/30/26 17:20:00,46.44,,,,
07/30/26 17:25:00,46.36,,,,
07/30/26 17:30:00,46.28,,,,
07/30/26 17:35:00,46.36,,,,
07/30/26 17:40:00,46.59,,,,
07/30/26 17:45:00,46.51,,,,
07/30/26 17:50:00,46.59,,,,
07/30/26 17:55:00,46.59,,,,
07/30/26 18:00:00,46.82,,,,
07/30/26 18:05:00,46.98,,,,
07/30/26 18:10:00,47.28,,,,
07/30/26 18:15:00,47.36,,,,
07/30/26 18:20:00,47.67,,,,
07/30/26 18:25:00,47.67,,,,
07/30/26 18:30:00,47.52,,,,
07/30/26 18:35:00,47.44,,,,
07/30/26 18:40:00,47.44,,,,
07/30/26 18:45:00,47.44,,,,
07/30/26 18:50:00,47.44,,,,
07/30/26 18:55:00,47.52,,,,
07/30/26 19:00:00,47.52,,,,
07/30/26 19:05:00,47.44,,,,
07/30/26 19:10:00,47.21,,,,
07/30/26 19:15:00,47.13,,,,
07/30/26 19:20:00,47.05,,,,
07/30/26 19:25:00,47.05,,,,
07/30/26 19:30:00,46.98,,,,
07/30/26 19:35:00,46.82,,,,
07/30/26 19:40:00,46.82,,,,
07/30/26 19:45:00,46.82,,,,
07/30/26 19:50:00,46.74,,,,
07/30/26 19:55:00,46.74,,,,
07/30/26 20:00:00,46.82,,,,
07/30/26 20:05:00,46.82,,,,
07/30/26 20:10:00,46.82,,,,
07/30/26 20:15:00,46.67,,,,
07/30/26 20:20:00,46.67,,,,
07/30/26 20:25:00,46.67,,,,
07/30/26 20:30:00,46.59,,,,
07/30/26 20:35:00,46.51,,,,
07/30/26 20:40:00,46.59,,,,
07/30/26 20:45:00,46.59,,,,
07/30/26 20:50:00,46.82,,,,
07/30/26 20:55:00,46.59,,,,
07/30/26 21:00:00,46.51,,,,
07/30/26 21:05:00,46.51,,,,
07/30/26 21:10:00,46.44,,,,
07/30/26 21:15:00,46.36,,,,
07/30/26 21:20:00,46.36,,,,
07/30/26 21:25:00,46.44,,,,
07/30/26 21:30:00,46.36,,,,
07/30/26 21:35:00,46.36,,,,
07/30/26 21:40:00,46.36,,,,
07/30/26 21:45:00,46.28,,,,
07/30/26 21:50:00,46.20,,,,
07/30/26 21:55:00,45.89,,,,
07/30/26 22:00:00,46.05,,,,
07/30/26 22:05:00,46.13,,,,
07/30/26 22:10:00,45.89,,,,
07/30/26 22:15:00,45.43,,,,
07/30/26 22:20:00,45.05,,,,
07/30/26 22:25:00,45.05,,,,
07/30/26 22:30:00,45.12,,,,
07/30/26 22:35:00,44.97,,,,
07/30/26 22:40:00,45.20,,,,
07/30/26 22:45:00,45.20,,,,
07/30/26 22:50:00,44.89,,,,
07/30/26 22:55:00,45.28,,,,
07/30/26 23:00:00,45.66,,,,
07/30/26 23:05:00,45.82,,,,
07/30/26 23:10:00,45.74,,,,
07/30/26 23:15:00,45.43,,,,
07/30/26 23:20:00,45.43,,,,
07/30/26 23:25:00,45.12,,,,
07/30/26 23:30:00,45.05,,,,
07/30/26 23:35:00,45.35,,,,
07/30/26 23:40:00,45.20,,,,
07/30/26 23:45:00,45.35,,,,
07/30/26 23:50:00,45.74,,,,
07/30/26 23:55:00,45.51,,,,
07/31/26 00:00:00,45.51,,,,
07/31/26 00:05:00,45.51,,,,
07/31/26 00:10:00,45.20,,,,
07/31/26 00:15:00,45.12,,,,
07/31/26 00:20:00,44.89,,,,
07/31/26 00:25:00,44.89,,,,
07/31/26 00:30:00,44.66,,,,
07/31/26 00:35:00,44.66,,,,
07/31/26 00:40:00,44.66,,,,
07/31/26 00:45:00,44.58,,,,
07/31/26 00:50:00,44.43,,,,
07/31/26 00:55:00,44.43,,,,
07/31/26 01:00:00,44.35,,,,
07/31/26 01:05:00,44.27,,,,
07/31/26 01:10:00,44.27,,,,
07/31/26 01:15:00,44.35,,,,
07/31/26 01:20:00,44.66,,,,
07/31/26 01:25:00,44.89,,,,
07/31/26 01:30:00,44.74,,,,
07/31/26 01:35:00,44.74,,,,
07/31/26 01:40:00,44.58,,,,
07/31/26 01:45:00,44.43,,,,
07/31/26 01:50:00,44.43,,,,
07/31/26 01:55:00,44.35,,,,
07/31/26 02:00:00,44.50,,,,
07/31/26 02:05:00,44.43,,,,
07/31/26 02:10:00,44.50,,,,
07/31/26 02:15:00,44.27,,,,
07/31/26 02:20:00,44.66,,,,
07/31/26 02:25:00,44.66,,,,
07/31/26 02:30:00,44.74,,,,
07/31/26 02:35:00,44.50,,,,
07/31/26 02:40:00,44.43,,,,
07/31/26 02:45:00,44.58,,,,
07/31/26 02:50:00,44.74,,,,
07/31/26 02:55:00,44.58,,,,
07/31/26 03:00:00,44.81,,,,
07/31/26 03:05:00,44.97,,,,
07/31/26 03:10:00,44.81,,,,
07/31/26 03:15:00,44.97,,,,
07/31/26 03:20:00,44.81,,,,
07/31/26 03:25:00,44.74,,,,
07/31/26 03:30:00,44.81,,,,
07/31/26 03:35:00,45.05,,,,
07/31/26 03:40:00,45.12,,,,
07/31/26 03:45:00,45.43,,,,
07/31/26 03:50:00,45.51,,,,
07/31/26 03:55:00,45.35,,,,
07/31/26 04:00:00,45.59,,,,
07/31/26 04:05:00,45.35,,,,
07/31/26 04:10:00,45.28,,,,
07/31/26 04:15:00,45.35,,,,
07/31/26 04:20:00,45.20,,,,
07/31/26 04:25:00,45.28,,,,
07/31/26 04:30:00,44.89,,,,
07/31/26 04:35:00,44.81,,,,
07/31/26 04:40:00,44.97,,,,
07/31/26 04:45:00,44.97,,,,
07/31/26 04:50:00,44.66,,,,
07/31/26 04:55:00,44.89,,,,
07/31/26 05:00:00,44.89,,,,
07/31/26 05:05:00,44.81,,,,
07/31/26 05:10:00,44.74,,,,
07/31/26 05:15:00,44.58,,,,
07/31/26 05:20:00,44.58,,,,
07/31/26 05:25:00,44.58,,,,
07/31/26 05:30:00,44.43,,,,
07/31/26 05:35:00,44.50,,,,
07/31/26 05:40:00,44.35,,,,
07/31/26 05:45:00,44.35,,,,
07/31/26 05:50:00,44.35,,,,
07/31/26 05:55:00,44.27,,,,
07/31/26 06:00:00,44.20,,,,
07/31/26 06:05:00,44.20,,,,
07/31/26 06:10:00,44.12,,,,
07/31/26 06:15:00,44.12,,,,
07/31/26 06:20:00,44.12,,,,
07/31/26 06:25:00,44.35,,,,
07/31/26 06:30:00,44.58,,,,
07/31/26 06:35:00,44.81,,,,
07/31/26 06:40:00,44.97,,,,
07/31/26 06:45:00,45.20,,,,
07/31/26 06:50:00,45.51,,,,
07/31/26 06:55:00,45.66,,,,
07/31/26 07:00:00,45.97,,,,
07/31/26 07:05:00,46.13,,,,
07/31/26 07:10:00,46.36,,,,
07/31/26 07:15:00,46.67,,,,
07/31/26 07:20:00,46.90,,,,
07/31/26 07:25:00,47.59,,,,
07/31/26 07:30:00,48.44,,,,
07/31/26 07:35:00,49.22,,,,
07/31/26 07:40:00,49.91,,,,
07/31/26 07:45:00,50.37,,,,
07/31/26 07:50:00,50.45,,,,
07/31/26 07:55:00,50.37,,,,
07/31/26 08:00:00,50.61,,,,
07/31/26 08:05:00,51.22,,,,
07/31/26 08:10:00,51.61,,,,
07/31/26 08:15:00,51.92,,,,
07/31/26 08:20:00,52.30,,,,
07/31/26 08:25:00,53.00,,,,
07/31/26 08:30:00,53.39,,,,
07/31/26 08:35:00,53.54,,,,
07/31/26 08:40:00,53.54,,,,
07/31/26 08:45:00,52.61,,,,
07/31/26 08:50:00,52.00,,,,
07/31/26 08:55:00,51.84,,,,
07/31/26 09:00:00,51.84,,,,
07/31/26 09:05:00,51.53,,,,
07/31/26 09:10:00,51.30,,,,
07/31/26 09:15:00,50.99,,,,
07/31/26 09:20:00,51.15,,,,
07/31/26 09:25:00,51.45,,,,
07/31/26 09:30:00,51.30,,,,
07/31/26 09:35:00,51.22,,,,
07/31/26 09:40:00,50.99,,,,
07/31/26 09:45:00,51.22,,,,
07/31/26 09:50:00,51.38,,,,
07/31/26 09:55:00,51.45,,,,
07/31/26 10:00:00,51.76,,,,
07/31/26 10:05:00,51.84,,,,
07/31/26 10:10:00,51.84,,,,
07/31/26 10:15:00,51.61,,,,
07/31/26 10:20:00,51.53,,,,
07/31/26 10:25:00,50.91,,,,
07/31/26 10:30:00,50.61,,,,
07/31/26 10:35:00,50.53,,,,
07/31/26 10:40:00,49.91,,,,
07/31/26 10:45:00,49.99,,,,
07/31/26 10:50:00,50.06,,,,
07/31/26 10:55:00,49.99,,,,
07/31/26 11:00:00,49.99,,,,
07/31/26 11:05:00,49.76,,,,
07/31/26 11:10:00,50.06,,,,
07/31/26 11:15:00,50.37,,,,
07/31/26 11:20:00,50.61,,,,
07/31/26 11:25:00,50.61,,,,
07/31/26 11:30:00,50.76,,,,
07/31/26 11:35:00,50.84,,,,
07/31/26 11:40:00,50.84,,,,
07/31/26 11:45:00,50.84,,,,
07/31/26 11:50:00,50.76,,,,
07/31/26 11:55:00,50.76,,,,
07/31/26 12:00:00,50.68,,,,
07/31/26 12:05:00,50.61,,,,
07/31/26 12:10:00,50.61,,,,
07/31/26 12:15:00,50.61,,,,
07/31/26 12:20:00,50.61,,,,
07/31/26 12:25:00,50.53,,,,
07/31/26 12:30:00,50.53,,,,
07/31/26 12:35:00,50.37,,,,
07/31/26 12:40:00,50.45,,,,
07/31/26 12:45:00,50.37,,,,
07/31/26 12:50:00,50.30,,,,
07/31/26 12:55:00,50.14,,,,
07/31/26 13:00:00,50.14,,,,
07/31/26 13:05:00,49.99,,,,
07/31/26 13:10:00,49.91,,,,
07/31/26 13:15:00,49.83,,,,
07/31/26 13:20:00,49.76,,,,
07/31/26 13:25:00,49.76,,,,
07/31/26 13:30:00,49.76,,,,
07/31/26 13:35:00,49.68,,,,
07/31/26 13:40:00,49.68,,,,
07/31/26 13:45:00,49.68,,,,
07/31/26 13:50:00,49.68,,,,
07/31/26 13:55:00,49.68,,,,
07/31/26 14:00:00,49.68,,,,
07/31/26 14:05:00,49.68,,,,
07/31/26 14:10:00,49.76,,,,
07/31/26 14:15:00,49.68,,,,
07/31/26 14:20:00,49.60,,,,
07/31/26 14:25:00,49.52,,,,
07/31/26 14:30:00,49.45,,,,
07/31/26 14:35:00,49.37,,,,
07/31/26 14:40:00,49.37,,,,
07/31/26 14:45:00,49.29,,,,
07/31/26 14:50:00,49.22,,,,
07/31/26 14:55:00,49.14,,,,
07/31/26 15:00:00,49.14,,,,
07/31/26 15:05:00,49.06,,,,
07/31/26 15:10:00,48.91,,,,
07/31/26 15:15:00,48.91,,,,
07/31/26 15:20:00,48.75,,,,
07/31/26 15:25:00,48.75,,,,
07/31/26 15:30:00,48.60,,,,
07/31/26 15:35:00,48.52,,,,
07/31/26 15:40:00,48.44,,,,
07/31/26 15:45:00,48.29,,,,
07/31/26 15:50:00,48.29,,,,
07/31/26 15:55:00,48.06,,,,
07/31/26 16:00:00,47.90,,,,
07/31/26 16:05:00,47.83,,,,
07/31/26 16:10:00,47.67,,,,
07/31/26 16:15:00,47.36,,,,
07/31/26 16:20:00,47.21,,,,
07/31/26 16:25:00,46.90,,,,
07/31/26 16:30:00,46.67,,,,
07/31/26 16:35:00,46.44,,,,
07/31/26 16:40:00,46.20,,,,
07/31/26 16:45:00,46.05,,,,
07/31/26 16:50:00,45.89,,,,
07/31/26 16:55:00,45.66,,,,
07/31/26 17:00:00,45.59,,,,
07/31/26 17:05:00,45.35,,,,
07/31/26 17:10:00,45.28,,,,
07/31/26 17:15:00,45.05,,,,
07/31/26 17:20:00,44.97,,,,
07/31/26 17:25:00,44.89,,,,
07/31/26 17:30:00,44.81,,,,
07/31/26 17:35:00,44.74,,,,
07/31/26 17:40:00,44.66,,,,
07/31/26 17:45:00,44.50,,,,
07/31/26 17:50:00,44.35,,,,
07/31/26 17:55:00,44.27,,,,
07/31/26 18:00:00,44.12,,,,
07/31/26 18:05:00,44.04,,,,
07/31/26 18:10:00,44.12,,,,
07/31/26 18:15:00,43.96,,,,
07/31/26 18:20:00,44.04,,,,
07/31/26 18:25:00,43.96,,,,
07/31/26 18:30:00,43.89,,,,
07/31/26 18:35:00,43.96,,,,
07/31/26 18:40:00,43.81,,,,
07/31/26 18:45:00,43.89,,,,
07/31/26 18:50:00,43.81,,,,
07/31/26 18:55:00,43.81,,,,
07/31/26 19:00:00,43.66,,,,
07/31/26 19:05:00,43.66,,,,
07/31/26 19:10:00,43.73,,,,
07/31/26 19:15:00,43.73,,,,
07/31/26 19:20:00,43.73,,,,
07/31/26 19:25:00,43.73,,,,
07/31/26 19:30:00,43.73,,,,
07/31/26 19:35:00,43.81,,,,
07/31/26 19:40:00,43.73,,,,
07/31/26 19:45:00,43.73,,,,
07/31/26 19:50:00,43.73,,,,
07/31/26 19:55:00,43.81,,,,
07/31/26 20:00:00,43.73,,,,
07/31/26 20:05:00,43.73,,,,
07/31/26 20:10:00,43.73,,,,
07/31/26 20:15:00,43.73,,,,
07/31/26 20:20:00,43.66,,,,
07/31/26 20:25:00,43.66,,,,
07/31/26 20:30:00,43.66,,,,
07/31/26 20:35:00,43.58,,,,
07/31/26 20:40:00,43.66,,,,
07/31/26 20:45:00,43.58,,,,
07/31/26 20:50:00,43.66,,,,
07/31/26 20:55:00,43.58,,,,
07/31/26 21:00:00,43.58,,,,
07/31/26 21:05:00,43.50,,,,
07/31/26 21:10:00,43.58,,,,
07/31/26 21:15:00,43.50,,,,
07/31/26 21:20:00,43.58,,,,
07/31/26 21:25:00,43.50,,,,
07/31/26 21:30:00,43.50,,,,
07/31/26 21:35:00,43.58,,,,
07/31/26 21:40:00,43.58,,,,
07/31/26 21:45:00,43.50,,,,
07/31/26 21:50:00,43.58,,,,
07/31/26 21:55:00,43.66,,,,
07/31/26 22:00:00,43.58,,,,
07/31/26 22:05:00,43.73,,,,
07/31/26 22:10:00,43.66,,,,
07/31/26 22:15:00,43.66,,,,
07/31/26 22:20:00,43.66,,,,
07/31/26 22:25:00,43.66,,,,
07/31/26 22:30:00,43.73,,,,
07/31/26 22:35:00,43.66,,,,
07/31/26 22:40:00,43.66,,,,
07/31/26 22:45:00,43.58,,,,
07/31/26 22:50:00,43.66,,,,
07/31/26 22:55:00,43.50,,,,
07/31/26 23:00:00,43.50,,,,
07/31/26 23:05:00,43.58,,,,
07/31/26 23:10:00,43.42,,,,
07/31/26 23:15:00,43.42,,,,
07/31/26 23:20:00,43.35,,,,
07/31/26 23:25:00,43.42,,,,
07/31/26 23:30:00,43.27,,,,
07/31/26 23:35:00,43.27,,,,
07/31/26 23:40:00,43.27,,,,
07/31/26 23:45:00,43.27,,,,
07/31/26 23:50:00,43.19,,,,
07/31/26 23:55:00,43.19,,,,
08/01/26 00:00:00,43.11,,,,
08/01/26 00:05:00,43.04,,,,
08/01/26 00:10:00,43.04,,,,
08/01/26 00:15:00,43.04,,,,
08/01/26 00:20:00,43.04,,,,
08/01/26 00:25:00,42.96,,,,
08/01/26 00:30:00,42.96,,,,
08/01/26 00:35:00,42.96,,,,
08/01/26 00:40:00,42.88,,,,
08/01/26 00:45:00,42.96,,,,
08/01/26 00:50:00,42.81,,,,
08/01/26 00:55:00,42.88,,,,
08/01/26 01:00:00,42.88,,,,
08/01/26 01:05:00,42.88,,,,
08/01/26 01:10:00,42.88,,,,
08/01/26 01:15:00,42.81,,,,
08/01/26 01:20:00,42.81,,,,
08/01/26 01:25:00,42.88,,,,
08/01/26 01:30:00,42.81,,,,
08/01/26 01:35:00,42.73,,,,
08/01/26 01:40:00,42.81,,,,
08/01/26 01:45:00,42.81,,,,
08/01/26 01:50:00,42.81,,,,
08/01/26 01:55:00,42.81,,,,
08/01/26 02:00:00,42.81,,,,
08/01/26 02:05:00,42.88,,,,
08/01/26 02:10:00,42.65,,,,
08/01/26 02:15:00,42.73,,,,
08/01/26 02:20:00,42.73,,,,
08/01/26 02:25:00,42.73,,,,
08/01/26 02:30:00,42.81,,,,
08/01/26 02:35:00,42.81,,,,
08/01/26 02:40:00,42.73,,,,
08/01/26 02:45:00,42.81,,,,
08/01/26 02:50:00,42.81,,,,
08/01/26 02:55:00,42.73,,,,
08/01/26 03:00:00,42.73,,,,
08/01/26 03:05:00,42.65,,,,
08/01/26 03:10:00,42.81,,,,
08/01/26 03:15:00,42.81,,,,
08/01/26 03:20:00,42.73,,,,
08/01/26 03:25:00,42.73,,,,
08/01/26 03:30:00,42.73,,,,
08/01/26 03:35:00,42.73,,,,
08/01/26 03:40:00,42.81,,,,
08/01/26 03:45:00,42.73,,,,
08/01/26 03:50:00,42.81,,,,
08/01/26 03:55:00,42.73,,,,
08/01/26 04:00:00,42.73,,,,
08/01/26 04:05:00,42.73,,,,
08/01/26 04:10:00,42.73,,,,
08/01/26 04:15:00,42.73,,,,
08/01/26 04:20:00,42.65,,,,
08/01/26 04:25:00,42.57,,,,
08/01/26 04:30:00,42.65,,,,
08/01/26 04:35:00,42.57,,,,
08/01/26 04:40:00,42.57,,,,
08/01/26 04:45:00,42.50,,,,
08/01/26 04:50:00,42.42,,,,
08/01/26 04:55:00,42.50,,,,
08/01/26 05:00:00,42.50,,,,
08/01/26 05:05:00,42.50,,,,
08/01/26 05:10:00,42.50,,,,
08/01/26 05:15:00,42.34,,,,
08/01/26 05:20:00,42.34,,,,
08/01/26 05:25:00,42.42,,,,
08/01/26 05:30:00,42.34,,,,
08/01/26 05:35:00,42.34,,,,
08/01/26 05:40:00,42.34,,,,
08/01/26 05:45:00,42.50,,,,
08/01/26 05:50:00,42.34,,,,
08/01/26 05:55:00,42.19,,,,
08/01/26 06:00:00,42.11,,,,
08/01/26 06:05:00,41.96,,,,
08/01/26 06:10:00,41.96,,,,
08/01/26 06:15:00,41.88,,,,
08/01/26 06:20:00,41.88,,,,
08/01/26 06:25:00,41.88,,,,
08/01/26 06:30:00,41.96,,,,
08/01/26 06:35:00,41.88,,,,
08/01/26 06:40:00,41.88,,,,
08/01/26 06:45:00,41.96,,,,
08/01/26 06:50:00,41.96,,,,
08/01/26 06:55:00,42.03,,,,
08/01/26 07:00:00,42.11,,,,
08/01/26 07:05:00,42.11,,,,
08/01/26 07:10:00,42.11,,,,
08/01/26 07:15:00,42.42,,,,
08/01/26 07:20:00,42.42,,,,
08/01/26 07:25:00,42.50,,,,
08/01/26 07:30:00,42.42,,,,
08/01/26 07:35:00,42.50,,,,
08/01/26 07:40:00,42.57,,,,
08/01/26 07:45:00,42.65,,,,
08/01/26 07:50:00,42.73,,,,
08/01/26 07:55:00,42.81,,,,
08/01/26 08:00:00,42.96,,,,
08/01/26 08:05:00,42.96,,,,
08/01/26 08:10:00,43.04,,,,
08/01/26 08:15:00,43.19,,,,
08/01/26 08:20:00,43.19,,,,
08/01/26 08:25:00,43.35,,,,
08/01/26 08:30:00,43.35,,,,
08/01/26 08:35:00,43.42,,,,
08/01/26 08:40:00,43.50,,,,
08/01/26 08:45:00,43.81,,,,
08/01/26 08:50:00,44.04,,,,
08/01/26 08:55:00,44.27,,,,
08/01/26 09:00:00,44.43,,,,
08/01/26 09:05:00,44.66,,,,
08/01/26 09:10:00,44.89,,,,
08/01/26 09:15:00,45.05,,,,
08/01/26 09:20:00,45.28,,,,
08/01/26 09:25:00,45.59,,,,
08/01/26 09:30:00,45.82,,,,
08/01/26 09:35:00,45.97,,,,
08/01/26 09:40:00,46.28,,,,
08/01/26 09:45:00,46.36,,,,
08/01/26 09:50:00,46.44,,,,
08/01/26 09:55:00,46.74,,,,
08/01/26 10:00:00,46.82,,,,
08/01/26 10:05:00,46.98,,,,
08/01/26 10:10:00,47.13,,,,
08/01/26 10:15:00,47.44,,,,
08/01/26 10:20:00,47.67,,,,
08/01/26 10:25:00,47.90,,,,
08/01/26 10:30:00,48.29,,,,
08/01/26 10:35:00,48.37,,,,
08/01/26 10:40:00,48.44,,,,
08/01/26 10:45:00,48.52,,,,
08/01/26 10:50:00,48.60,,,,
08/01/26 10:55:00,48.98,,,,
08/01/26 11:00:00,49.14,,,,
08/01/26 11:05:00,49.29,,,,
08/01/26 11:10:00,49.52,,,,
08/01/26 11:15:00,49.83,,,,
08/01/26 11:20:00,50.14,,,,
08/01/26 11:25:00,50.37,,,,
08/01/26 11:30:00,50.68,,,,
08/01/26 11:35:00,50.91,,,,
08/01/26 11:40:00,50.99,,,,
08/01/26 11:45:00,51.22,,,,
08/01/26 11:50:00,51.38,,,,
08/01/26 11:55:00,51.69,,,,
08/01/26 12:00:00,51.76,,,,
08/01/26 12:05:00,52.00,,,,
08/01/26 12:10:00,52.15,,,,
08/01/26 12:15:00,52.38,,,,
08/01/26 12:20:00,52.54,,,,
08/01/26 12:25:00,52.54,,,,
08/01/26 12:30:00,52.46,,,,
08/01/26 12:35:00,52.69,,,,
08/01/26 12:40:00,52.92,,,,
08/01/26 12:45:00,53.15,,,,
08/01/26 12:50:00,53.31,,,,
08/01/26 12:55:00,53.46,,,,
08/01/26 13:00:00,53.54,,,,
08/01/26 13:05:00,53.62,,,,
08/01/26 13:10:00,53.85,,,,
08/01/26 13:15:00,53.85,,,,
08/01/26 13:20:00,54.00,,,,
08/01/26 13:25:00,54.23,,,,
08/01/26 13:30:00,54.47,,,,
08/01/26 13:35:00,54.54,,,,
08/01/26 13:40:00,54.54,,,,
08/01/26 13:45:00,54.54,,,,
08/01/26 13:50:00,54.70,,,,
08/01/26 13:55:00,54.85,,,,
08/01/26 14:00:00,54.85,,,,
08/01/26 14:05:00,54.93,,,,
08/01/26 14:10:00,55.01,,,,
08/01/26 14:15:00,55.24,,,,
08/01/26 14:20:00,55.39,,,,
08/01/26 14:25:00,55.55,,,,
08/01/26 14:30:00,55.70,,,,
08/01/26 14:35:00,55.93,,,,
08/01/26 14:40:00,56.01,,,,
08/01/26 14:45:00,56.24,,,,
08/01/26 14:50:00,56.32,,,,
08/01/26 14:55:00,56.78,,,,
08/01/26 15:00:00,58.48,,,,
08/01/26 15:05:00,60.57,,,,
08/01/26 15:10:00,62.27,,,,
08/01/26 15:15:00,63.66,,,,
08/01/26 15:20:00,64.97,,,,
08/01/26 15:25:00,65.89,,,,
08/01/26 15:30:00,66.51,,,,
08/01/26 15:35:00,66.44,,,,
08/01/26 15:40:00,66.59,,,,
08/01/26 15:45:00,67.05,,,,
08/01/26 15:50:00,67.44,,,,
08/01/26 15:55:00,67.67,,,,
08/01/26 16:00:00,67.52,,,,
08/01/26 16:05:00,67.21,,,,
08/01/26 16:10:00,67.28,,,,
08/01/26 16:15:00,67.36,,,,
08/01/26 16:20:00,67.75,,,,
08/01/26 16:25:00,68.06,,,,
08/01/26 16:30:00,68.37,,,,
08/01/26 16:35:00,68.52,,,,
08/01/26 16:40:00,68.75,,,,
08/01/26 16:45:00,68.75,,,,
08/01/26 16:50:00,68.37,,,,
08/01/26 16:55:00,67.98,,,,
08/01/26 17:00:00,67.52,,,,
08/01/26 17:05:00,66.90,,,,
08/01/26 17:10:00,66.44,,,,
08/01/26 17:15:00,65.89,,,,
08/01/26 17:20:00,65.35,,,,
08/01/26 17:25:00,64.50,,,,
08/01/26 17:30:00,63.96,,,,
08/01/26 17:35:00,63.50,,,,
08/01/26 17:40:00,63.04,,,,
08/01/26 17:45:00,62.42,,,,
08/01/26 17:50:00,61.80,,,,
08/01/26 17:55:00,61.11,,,,
08/01/26 18:00:00,60.64,,,,
08/01/26 18:05:00,60.41,,,,
08/01/26 18:10:00,60.57,,,,
08/01/26 18:15:00,62.65,,,,
08/01/26 18:20:00,65.12,,,,
08/01/26 18:25:00,65.97,,,,
08/01/26 18:30:00,66.20,,,,
08/01/26 18:35:00,66.13,,,,
08/01/26 18:40:00,65.89,,,,
08/01/26 18:45:00,65.97,,,,
08/01/26 18:50:00,65.66,,,,
08/01/26 18:55:00,65.89,,,,
08/01/26 19:00:00,65.82,,,,
08/01/26 19:05:00,65.82,,,,
08/01/26 19:10:00,65.82,,,,
08/01/26 19:15:00,65.82,,,,
08/01/26 19:20:00,65.82,,,,
08/01/26 19:25:00,65.66,,,,
08/01/26 19:30:00,65.66,,,,
08/01/26 19:35:00,65.59,,,,
08/01/26 19:40:00,65.43,,,,
08/01/26 19:45:00,65.35,,,,
08/01/26 19:50:00,65.28,,,,
08/01/26 19:55:00,65.20,,,,
08/01/26 20:00:00,65.05,,,,
08/01/26 20:05:00,65.05,,,,
08/01/26 20:10:00,64.89,,,,
08/01/26 20:15:00,64.81,,,,
08/01/26 20:20:00,64.66,,,,
08/01/26 20:25:00,64.66,,,,
08/01/26 20:30:00,64.66,,,,
08/01/26 20:35:00,64.58,,,,
08/01/26 20:40:00,64.58,,,,
08/01/26 20:45:00,64.50,,,,
08/01/26 20:50:00,64.50,,,,
08/01/26 20:55:00,64.35,,,,
08/01/26 21:00:00,64.35,,,,
08/01/26 21:05:00,64.27,,,,
08/01/26 21:10:00,64.27,,,,
08/01/26 21:15:00,64.12,,,,
08/01/26 21:20:00,64.12,,,,
08/01/26 21:25:00,64.04,,,,
08/01/26 21:30:00,63.96,,,,
08/01/26 21:35:00,63.89,,,,
08/01/26 21:40:00,63.89,,,,
08/01/26 21:45:00,63.81,,,,
08/01/26 21:50:00,63.73,,,,
08/01/26 21:55:00,63.66,,,,
08/01/26 22:00:00,63.73,,,,
08/01/26 22:05:00,63.58,,,,
08/01/26 22:10:00,63.58,,,,
08/01/26 22:15:00,63.58,,,,
08/01/26 22:20:00,63.50,,,,
08/01/26 22:25:00,63.35,,,,
08/01/26 22:30:00,63.35,,,,
08/01/26 22:35:00,63.35,,,,
08/01/26 22:40:00,63.27,,,,
08/01/26 22:45:00,63.19,,,,
08/01/26 22:50:00,63.19,,,,
08/01/26 22:55:00,63.19,,,,
08/01/26 23:00:00,63.11,,,,
08/01/26 23:05:00,63.04,,,,
08/01/26 23:10:00,63.04,,,,
08/01/26 23:15:00,62.96,,,,
08/01/26 23:20:00,62.88,,,,
08/01/26 23:25:00,62.88,,,,
08/01/26 23:30:00,62.81,,,,
08/01/26 23:35:00,62.88,,,,
08/01/26 23:40:00,62.81,,,,
08/01/26 23:45:00,62.81,,,,
08/01/26 23:50:00,62.73,,,,
08/01/26 23:55:00,62.73,,,,
08/02/26 00:00:00,62.65,,,,
08/02/26 00:05:00,62.73,,,,
08/02/26 00:10:00,62.65,,,,
08/02/26 00:15:00,62.65,,,,
08/02/26 00:20:00,62.73,,,,
08/02/26 00:25:00,62.57,,,,
08/02/26 00:30:00,62.57,,,,
08/02/26 00:35:00,62.65,,,,
08/02/26 00:40:00,62.57,,,,
08/02/26 00:45:00,62.65,,,,
08/02/26 00:50:00,62.50,,,,
08/02/26 00:55:00,62.65,,,,
08/02/26 01:00:00,62.50,,,,
08/02/26 01:05:00,62.42,,,,
08/02/26 01:10:00,62.50,,,,
08/02/26 01:15:00,62.42,,,,
08/02/26 01:20:00,62.42,,,,
08/02/26 01:25:00,62.42,,,,
08/02/26 01:30:00,62.42,,,,
08/02/26 01:35:00,62.27,,,,
08/02/26 01:40:00,62.34,,,,
08/02/26 01:45:00,62.34,,,,
08/02/26 01:50:00,62.27,,,,
08/02/26 01:55:00,62.34,,,,
08/02/26 02:00:00,62.34,,,,
08/02/26 02:05:00,62.34,,,,
08/02/26 02:10:00,62.27,,,,
08/02/26 02:15:00,62.27,,,,
08/02/26 02:20:00,62.19,,,,
08/02/26 02:25:00,62.19,,,,
08/02/26 02:30:00,62.27,,,,
08/02/26 02:35:00,62.19,,,,
08/02/26 02:40:00,62.19,,,,
08/02/26 02:45:00,62.11,,,,
08/02/26 02:50:00,62.11,,,,
08/02/26 02:55:00,62.19,,,,
08/02/26 03:00:00,62.11,,,,
08/02/26 03:05:00,61.96,,,,
08/02/26 03:10:00,62.11,,,,
08/02/26 03:15:00,62.03,,,,
08/02/26 03:20:00,62.03,,,,
08/02/26 03:25:00,61.96,,,,
08/02/26 03:30:00,62.03,,,,
08/02/26 03:35:00,61.96,,,,
08/02/26 03:40:00,62.03,,,,
08/02/26 03:45:00,61.96,,,,
08/02/26 03:50:00,61.88,,,,
08/02/26 03:55:00,61.88,,,,
08/02/26 04:00:00,61.96,,,,
08/02/26 04:05:00,61.88,,,,
08/02/26 04:10:00,61.88,,,,
08/02/26 04:15:00,61.80,,,,
08/02/26 04:20:00,61.88,,,,
08/02/26 04:25:00,61.80,,,,
08/02/26 04:30:00,61.96,,,,
08/02/26 04:35:00,61.80,,,,
08/02/26 04:40:00,61.80,,,,
08/02/26 04:45:00,61.72,,,,
08/02/26 04:50:00,61.72,,,,
08/02/26 04:55:00,61.72,,,,
08/02/26 05:00:00,61.72,,,,
08/02/26 05:05:00,61.65,,,,
08/02/26 05:10:00,61.72,,,,
08/02/26 05:15:00,61.65,,,,
08/02/26 05:20:00,61.65,,,,
08/02/26 05:25:00,61.49,,,,
08/02/26 05:30:00,61.57,,,,
08/02/26 05:35:00,61.57,,,,
08/02/26 05:40:00,61.57,,,,
08/02/26 05:45:00,61.57,,,,
08/02/26 05:50:00,61.49,,,,
08/02/26 05:55:00,61.49,,,,
08/02/26 06:00:00,61.49,,,,
08/02/26 06:05:00,61.49,,,,
08/02/26 06:10:00,61.49,,,,
08/02/26 06:15:00,61.49,,,,
08/02/26 06:20:00,61.42,,,,
08/02/26 06:25:00,61.34,,,,
08/02/26 06:30:00,61.34,,,,
08/02/26 06:35:00,61.34,,,,
08/02/26 06:40:00,61.18,,,,
08/02/26 06:45:00,61.18,,,,
08/02/26 06:50:00,61.18,,,,
08/02/26 06:55:00,61.18,,,,
08/02/26 07:00:00,61.11,,,,
08/02/26 07:05:00,61.11,,,,
08/02/26 07:10:00,61.11,,,,
08/02/26 07:15:00,61.03,,,,
08/02/26 07:20:00,61.11,,,,
08/02/26 07:25:00,61.03,,,,
08/02/26 07:30:00,61.03,,,,
08/02/26 07:35:00,61.03,,,,
08/02/26 07:40:00,60.95,,,,
08/02/26 07:45:00,61.03,,,,
08/02/26 07:50:00,61.03,,,,
08/02/26 07:55:00,60.95,,,,
08/02/26 08:00:00,60.95,,,,
08/02/26 08:05:00,60.95,,,,
08/02/26 08:10:00,60.95,,,,
08/02/26 08:15:00,60.95,,,,
08/02/26 08:20:00,60.95,,,,
08/02/26 08:25:00,60.95,,,,
08/02/26 08:30:00,60.95,,,,
08/02/26 08:35:00,60.95,,,,
08/02/26 08:40:00,60.95,,,,
08/02/26 08:45:00,61.03,,,,
08/02/26 08:50:00,60.95,,,,
08/02/26 08:55:00,61.03,,,,
08/02/26 09:00:00,60.95,,,,
08/02/26 09:05:00,60.95,,,,
08/02/26 09:10:00,60.95,,,,
08/02/26 09:15:00,60.95,,,,
08/02/26 09:20:00,61.03,,,,
08/02/26 09:25:00,61.03,,,,
08/02/26 09:30:00,61.03,,,,
08/02/26 09:35:00,60.95,,,,
08/02/26 09:40:00,61.03,,,,
08/02/26 09:45:00,61.03,,,,
08/02/26 09:50:00,61.03,,,,
08/02/26 09:55:00,60.95,,,,
08/02/26 10:00:00,61.11,,,,
08/02/26 10:05:00,61.11,,,,
08/02/26 10:10:00,61.11,,,,
08/02/26 10:15:00,61.18,,,,
08/02/26 10:20:00,61.18,,,,
08/02/26 10:25:00,61.26,,,,
08/02/26 10:30:00,61.18,,,,
08/02/26 10:35:00,61.18,,,,
08/02/26 10:40:00,61.26,,,,
08/02/26 10:45:00,61.26,,,,
08/02/26 10:50:00,61.34,,,,
08/02/26 10:55:00,61.34,,,,
08/02/26 11:00:00,61.34,,,,
08/02/26 11:05:00,61.34,,,,
08/02/26 11:10:00,61.42,,,,
08/02/26 11:15:00,61.57,,,,
08/02/26 11:20:00,62.19,,,,
08/02/26 11:25:00,63.11,,,,
08/02/26 11:30:00,63.96,,,,
08/02/26 11:35:00,64.27,,,,
08/02/26 11:40:00,64.58,,,,
08/02/26 11:45:00,65.05,,,,
08/02/26 11:50:00,65.51,,,,
08/02/26 11:55:00,66.05,,,,
08/02/26 12:00:00,66.36,,,,
08/02/26 12:05:00,66.74,,,,
08/02/26 12:10:00,66.98,,,,
08/02/26 12:15:00,67.28,,,,
08/02/26 12:20:00,67.52,,,,
08/02/26 12:25:00,67.52,,,,
08/02/26 12:30:00,67.44,,,,
08/02/26 12:35:00,67.44,,,,
08/02/26 12:40:00,67.59,,,,
08/02/26 12:45:00,67.67,,,,
08/02/26 12:50:00,67.67,,,,
08/02/26 12:55:00,67.75,,,,
08/02/26 13:00:00,67.90,,,,
08/02/26 13:05:00,67.90,,,,
08/02/26 13:10:00,67.98,,,,
08/02/26 13:15:00,67.98,,,,
08/02/26 13:20:00,67.83,,,,
08/02/26 13:25:00,67.90,,,,
08/02/26 13:30:00,67.75,,,,
08/02/26 13:35:00,67.59,,,,
08/02/26 13:40:00,67.59,,,,
08/02/26 13:45:00,67.75,,,,
08/02/26 13:50:00,67.75,,,,
08/02/26 13:55:00,67.90,,,,
08/02/26 14:00:00,67.83,,,,
08/02/26 14:05:00,67.83,,,,
08/02/26 14:10:00,67.90,,,,
08/02/26 14:15:00,67.98,,,,
08/02/26 14:20:00,68.21,,,,
08/02/26 14:25:00,68.21,,,,
08/02/26 14:30:00,68.37,,,,
08/02/26 14:35:00,68.37,,,,
08/02/26 14:40:00,68.21,,,,
08/02/26 14:45:00,68.29,,,,
08/02/26 14:50:00,68.37,,,,
08/02/26 14:55:00,68.37,,,,
08/02/26 15:00:00,68.44,,,,
08/02/26 15:05:00,68.52,,,,
08/02/26 15:10:00,68.44,,,,
08/02/26 15:15:00,68.44,,,,
08/02/26 15:20:00,68.52,,,,
08/02/26 15:25:00,68.29,,,,
08/02/26 15:30:00,68.29,,,,
08/02/26 15:35:00,68.21,,,,
08/02/26 15:40:00,68.21,,,,
08/02/26 15:45:00,68.21,,,,
08/02/26 15:50:00,68.06,,,,
08/02/26 15:55:00,68.13,,,,
08/02/26 16:00:00,68.21,,,,
08/02/26 16:05:00,68.06,,,,
08/02/26 16:10:00,68.13,,,,
08/02/26 16:15:00,68.06,,,,
08/02/26 16:20:00,67.98,,,,
08/02/26 16:25:00,67.90,,,,
08/02/26 16:30:00,67.90,,,,
08/02/26 16:35:00,67.83,,,,
08/02/26 16:40:00,67.83,,,,
08/02/26 16:45:00,67.83,,,,
08/02/26 16:50:00,67.75,,,,
08/02/26 16:55:00,67.75,,,,
08/02/26 17:00:00,67.67,,,,
08/02/26 17:05:00,67.59,,,,
08/02/26 17:10:00,67.59,,,,
08/02/26 17:15:00,67.52,,,,
08/02/26 17:20:00,67.52,,,,
08/02/26 17:25:00,67.36,,,,
08/02/26 17:30:00,67.36,,,,
08/02/26 17:35:00,67.28,,,,
08/02/26 17:40:00,67.28,,,,
08/02/26 17:45:00,67.36,,,,
08/02/26 17:50:00,67.21,,,,
08/02/26 17:55:00,67.13,,,,
08/02/26 18:00:00,67.13,,,,
08/02/26 18:05:00,67.05,,,,
08/02/26 18:10:00,67.13,,,,
08/02/26 18:15:00,67.13,,,,
08/02/26 18:20:00,67.13,,,,
08/02/26 18:25:00,67.05,,,,
08/02/26 18:30:00,66.98,,,,
08/02/26 18:35:00,66.90,,,,
08/02/26 18:40:00,66.98,,,,
08/02/26 18:45:00,66.90,,,,
08/02/26 18:50:00,66.90,,,,
08/02/26 18:55:00,66.82,,,,
08/02/26 19:00:00,66.74,,,,
08/02/26 19:05:00,66.67,,,,
08/02/26 19:10:00,66.67,,,,
08/02/26 19:15:00,66.74,,,,
08/02/26 19:20:00,66.74,,,,
08/02/26 19:25:00,66.67,,,,
08/02/26 19:30:00,66.59,,,,
08/02/26 19:35:00,66.59,,,,
08/02/26 19:40:00,66.74,,,,
08/02/26 19:45:00,66.59,,,,
08/02/26 19:50:00,66.67,,,,
08/02/26 19:55:00,66.59,,,,
08/02/26 20:00:00,66.59,,,,
08/02/26 20:05:00,66.44,,,,
08/02/26 20:10:00,66.44,,,,
08/02/26 20:15:00,66.28,,,,
08/02/26 20:20:00,66.20,,,,
08/02/26 20:25:00,66.20,,,,
08/02/26 20:30:00,66.05,,,,
08/02/26 20:35:00,65.89,,,,
08/02/26 20:40:00,65.66,,,,
08/02/26 20:45:00,65.51,,,,
08/02/26 20:50:00,65.28,,,,
08/02/26 20:55:00,64.81,,,,
08/02/26 21:00:00,64.50,,,,
08/02/26 21:05:00,64.35,,,,
08/02/26 21:10:00,64.04,,,,
08/02/26 21:15:00,63.89,,,,
08/02/26 21:20:00,63.81,,,,
08/02/26 21:25:00,63.81,,,,
08/02/26 21:30:00,63.73,,,,
08/02/26 21:35:00,63.73,,,,
08/02/26 21:40:00,63.73,,,,
08/02/26 21:45:00,63.96,,,,
08/02/26 21:50:00,64.27,,,,
08/02/26 21:55:00,64.43,,,,
08/02/26 22:00:00,64.43,,,,
08/02/26 22:05:00,64.27,,,,
08/02/26 22:10:00,64.12,,,,
08/02/26 22:15:00,64.20,,,,
08/02/26 22:20:00,64.12,,,,
08/02/26 22:25:00,64.20,,,,
08/02/26 22:30:00,64.35,,,,
08/02/26 22:35:00,64.58,,,,
08/02/26 22:40:00,64.74,,,,
08/02/26 22:45:00,64.81,,,,
08/02/26 22:50:00,64.89,,,,
08/02/26 22:55:00,64.97,,,,
08/02/26 23:00:00,65.12,,,,
08/02/26 23:05:00,65.20,,,,
08/02/26 23:10:00,65.35,,,,
08/02/26 23:15:00,65.35,,,,
08/02/26 23:20:00,65.43,,,,
08/02/26 23:25:00,65.35,,,,
08/02/26 23:30:00,65.43,,,,
08/02/26 23:35:00,65.43,,,,
08/02/26 23:40:00,65.66,,,,
08/02/26 23:45:00,65.59,,,,
08/02/26 23:50:00,65.66,,,,
08/02/26 23:55:00,65.82,,,,
08/03/26 00:00:00,65.82,,,,
08/03/26 00:05:00,65.74,,,,
08/03/26 00:10:00,65.74,,,,
08/03/26 00:15:00,65.82,,,,
08/03/26 00:20:00,65.89,,,,
08/03/26 00:25:00,65.89,,,,
08/03/26 00:30:00,65.89,,,,
08/03/26 00:35:00,65.97,,,,
08/03/26 00:40:00,65.89,,,,
08/03/26 00:45:00,65.89,,,,
08/03/26 00:50:00,65.97,,,,
08/03/26 00:55:00,65.82,,,,
08/03/26 01:00:00,65.89,,,,
08/03/26 01:05:00,65.59,,,,
08/03/26 01:10:00,65.12,,,,
08/03/26 01:15:00,64.81,,,,
08/03/26 01:20:00,64.43,,,,
08/03/26 01:25:00,64.12,,,,
08/03/26 01:30:00,63.81,,,,
08/03/26 01:35:00,63.58,,,,
08/03/26 01:40:00,63.50,,,,
08/03/26 01:45:00,63.58,,,,
08/03/26 01:50:00,63.73,,,,
08/03/26 01:55:00,63.81,,,,
08/03/26 02:00:00,64.04,,,,
08/03/26 02:05:00,64.20,,,,
08/03/26 02:10:00,64.35,,,,
08/03/26 02:15:00,64.50,,,,
08/03/26 02:20:00,64.66,,,,
08/03/26 02:25:00,64.66,,,,
08/03/26 02:30:00,64.81,,,,
08/03/26 02:35:00,64.81,,,,
08/03/26 02:40:00,64.97,,,,
08/03/26 02:45:00,65.05,,,,
08/03/26 02:50:00,65.05,,,,
08/03/26 02:55:00,65.12,,,,
08/03/26 03:00:00,65.12,,,,
08/03/26 03:05:00,65.12,,,,
08/03/26 03:10:00,65.28,,,,
08/03/26 03:15:00,65.28,,,,
08/03/26 03:20:00,65.28,,,,
08/03/26 03:25:00,65.28,,,,
08/03/26 03:30:00,65.28,,,,
08/03/26 03:35:00,65.35,,,,
08/03/26 03:40:00,65.35,,,,
08/03/26 03:45:00,65.20,,,,
08/03/26 03:50:00,65.05,,,,
08/03/26 03:55:00,64.97,,,,
08/03/26 04:00:00,64.89,,,,
08/03/26 04:05:00,64.97,,,,
08/03/26 04:10:00,64.81,,,,
08/03/26 04:15:00,64.50,,,,
08/03/26 04:20:00,64.04,,,,
08/03/26 04:25:00,63.73,,,,
08/03/26 04:30:00,63.42,,,,
08/03/26 04:35:00,63.04,,,,
08/03/26 04:40:00,62.81,,,,
08/03/26 04:45:00,62.65,,,,
08/03/26 04:50:00,62.34,,,,
08/03/26 04:55:00,62.19,,,,
08/03/26 05:00:00,62.03,,,,
08/03/26 05:05:00,61.96,,,,
08/03/26 05:10:00,61.96,,,,
08/03/26 05:15:00,61.80,,,,
08/03/26 05:20:00,61.80,,,,
08/03/26 05:25:00,61.65,,,,
08/03/26 05:30:00,61.57,,,,
08/03/26 05:35:00,61.49,,,,
08/03/26 05:40:00,61.72,,,,
08/03/26 05:45:00,61.96,,,,
08/03/26 05:50:00,62.19,,,,
08/03/26 05:55:00,62.42,,,,
08/03/26 06:00:00,62.73,,,,
08/03/26 06:05:00,62.81,,,,
08/03/26 06:10:00,62.96,,,,
08/03/26 06:15:00,63.04,,,,
08/03/26 06:20:00,63.27,,,,
08/03/26 06:25:00,63.42,,,,
08/03/26 06:30:00,63.50,,,,
08/03/26 06:35:00,63.66,,,,
08/03/26 06:40:00,63.73,,,,
08/03/26 06:45:00,63.81,,,,
08/03/26 06:50:00,63.89,,,,
08/03/26 06:55:00,63.96,,,,
08/03/26 07:00:00,64.12,,,,
08/03/26 07:05:00,64.20,,,,
08/03/26 07:10:00,64.12,,,,
08/03/26 07:15:00,64.12,,,,
08/03/26 07:20:00,64.20,,,,
08/03/26 07:25:00,64.35,,,,
08/03/26 07:30:00,64.27,,,,
08/03/26 07:35:00,64.35,,,,
08/03/26 07:40:00,64.35,,,,
08/03/26 07:45:00,64.43,,,,
08/03/26 07:50:00,64.43,,,,
08/03/26 07:55:00,64.50,,,,
08/03/26 08:00:00,64.58,,,,
08/03/26 08:05:00,64.66,,,,
08/03/26 08:10:00,64.74,,,,
08/03/26 08:15:00,64.81,,,,
08/03/26 08:20:00,64.74,,,,
08/03/26 08:25:00,64.74,,,,
08/03/26 08:30:00,64.97,,,,
08/03/26 08:35:00,65.05,,,,
08/03/26 08:40:00,65.20,,,,
08/03/26 08:45:00,65.12,,,,
08/03/26 08:50:00,65.05,,,,
08/03/26 08:55:00,64.97,,,,
08/03/26 09:00:00,64.81,,,,
08/03/26 09:05:00,64.74,,,,
08/03/26 09:10:00,64.66,,,,
08/03/26 09:15:00,64.66,,,,
08/03/26 09:20:00,64.74,,,,
08/03/26 09:25:00,64.89,,,,
08/03/26 09:30:00,64.97,,,,
08/03/26 09:35:00,64.97,,,,
08/03/26 09:40:00,65.05,,,,
08/03/26 09:45:00,65.05,,,,
08/03/26 09:50:00,65.12,,,,
08/03/26 09:55:00,65.12,,,,
08/03/26 10:00:00,65.28,,,,
08/03/26 10:05:00,65.35,,,,
08/03/26 10:10:00,65.35,,,,
08/03/26 10:15:00,65.43,,,,
08/03/26 10:20:00,65.43,,,,
08/03/26 10:25:00,65.51,,,,
08/03/26 10:30:00,65.66,,,,
08/03/26 10:35:00,65.74,,,,
08/03/26 10:40:00,65.74,,,,
08/03/26 10:45:00,65.82,,,,
08/03/26 10:50:00,65.74,,,,
08/03/26 10:55:00,65.74,,,,
08/03/26 11:00:00,65.66,,,,
08/03/26 11:05:00,65.66,,,,
08/03/26 11:10:00,65.59,,,,
08/03/26 11:15:00,65.35,,,,
08/03/26 11:20:00,65.51,,,,
08/03/26 11:25:00,65.43,,,,
08/03/26 11:30:00,65.35,,,,
08/03/26 11:35:00,65.28,,,,
08/03/26 11:40:00,65.28,,,,
08/03/26 11:45:00,65.28,,,,
08/03/26 11:50:00,65.35,,,,
08/03/26 11:55:00,65.35,,,,
08/03/26 12:00:00,65.28,,,,
08/03/26 12:05:00,65.35,,,,
08/03/26 12:10:00,65.43,,,,
08/03/26 12:15:00,65.35,,,,
08/03/26 12:20:00,65.43,,,,
08/03/26 12:25:00,65.43,,,,
08/03/26 12:30:00,65.51,,,,
08/03/26 12:35:00,65.43,,,,
08/03/26 12:40:00,65.59,,,,
08/03/26 12:45:00,65.51,,,,
08/03/26 12:50:00,65.51,,,,
08/03/26 12:55:00,65.59,,,,
08/03/26 13:00:00,65.66,,,,
08/03/26 13:05:00,65.66,,,,
08/03/26 13:10:00,65.74,,,,
08/03/26 13:15:00,65.82,,,,
08/03/26 13:20:00,65.89,,,,
08/03/26 13:25:00,65.97,,,,
08/03/26 13:30:00,66.13,,,,
08/03/26 13:35:00,66.13,,,,
08/03/26 13:40:00,66.28,,,,
08/03/26 13:45:00,66.20,,,,
08/03/26 13:50:00,66.20,,,,
08/03/26 13:55:00,66.28,,,,
08/03/26 14:00:00,66.20,,,,
08/03/26 14:05:00,66.36,,,,
08/03/26 14:10:00,66.44,,,,
08/03/26 14:15:00,66.36,,,,
08/03/26 14:20:00,66.44,,,,
08/03/26 14:25:00,66.51,,,,
08/03/26 14:30:00,66.59,,,,
08/03/26 14:35:00,66.67,,,,
08/03/26 14:40:00,66.51,,,,
08/03/26 14:45:00,66.51,,,,
08/03/26 14:50:00,66.51,,,,
08/03/26 14:55:00,66.59,,,,
08/03/26 15:00:00,66.67,,,,
08/03/26 15:05:00,66.59,,,,
08/03/26 15:10:00,66.67,,,,
08/03/26 15:15:00,66.82,,,,
08/03/26 15:20:00,66.82,,,,
08/03/26 15:25:00,66.82,,,,
08/03/26 15:30:00,66.82,,,,
08/03/26 15:35:00,66.82,,,,
08/03/26 15:40:00,66.82,,,,
08/03/26 15:45:00,66.82,,,,
08/03/26 15:50:00,66.90,,,,
08/03/26 15:55:00,66.90,,,,
08/03/26 16:00:00,66.82,,,,
08/03/26 16:05:00,66.82,,,,
08/03/26 16:10:00,66.82,,,,
08/03/26 16:15:00,66.82,,,,
08/03/26 16:20:00,66.82,,,,
08/03/26 16:25:00,66.82,,,,
08/03/26 16:30:00,66.90,,,,
08/03/26 16:35:00,66.90,,,,
08/03/26 16:40:00,66.90,,,,
08/03/26 16:45:00,66.90,,,,
08/03/26 16:50:00,66.82,,,,
08/03/26 16:55:00,66.82,,,,
08/03/26 17:00:00,66.74,,,,
08/03/26 17:05:00,66.74,,,,
08/03/26 17:10:00,66.74,,,,
08/03/26 17:15:00,66.59,,,,
08/03/26 17:20:00,66.59,,,,
08/03/26 17:25:00,66.44,,,,
08/03/26 17:30:00,66.59,,,,
08/03/26 17:35:00,66.44,,,,
08/03/26 17:40:00,66.44,,,,
08/03/26 17:45:00,66.36,,,,
08/03/26 17:50:00,66.36,,,,
08/03/26 17:55:00,66.44,,,,
08/03/26 18:00:00,66.36,,,,
08/03/26 18:05:00,66.44,,,,
08/03/26 18:10:00,66.28,,,,
08/03/26 18:15:00,66.36,,,,
08/03/26 18:20:00,66.36,,,,
08/03/26 18:25:00,66.28,,,,
08/03/26 18:30:00,66.13,,,,
08/03/26 18:35:00,66.13,,,,
08/03/26 18:40:00,66.05,,,,
08/03/26 18:45:00,65.97,,,,
08/03/26 18:50:00,65.89,,,,
08/03/26 18:55:00,65.82,,,,
08/03/26 19:00:00,65.74,,,,
08/03/26 19:05:00,65.82,,,,
08/03/26 19:10:00,65.74,,,,
08/03/26 19:15:00,65.74,,,,
08/03/26 19:20:00,65.59,,,,
08/03/26 19:25:00,64.74,,,,
08/03/26 19:30:00,63.42,,,,
08/03/26 19:35:00,62.19,,,,
08/03/26 19:40:00,61.18,,,,
08/03/26 19:45:00,60.26,,,,
08/03/26 19:50:00,59.33,,,,
08/03/26 19:55:00,58.64,,,,
08/03/26 20:00:00,57.86,,,,
08/03/26 20:05:00,57.25,,,,
08/03/26 20:10:00,56.71,,,,
08/03/26 20:15:00,56.09,,,,
08/03/26 20:20:00,55.55,,,,
08/03/26 20:25:00,55.24,,,,
08/03/26 20:30:00,54.78,,,,
08/03/26 20:35:00,54.39,,,,
08/03/26 20:40:00,54.00,,,,
08/03/26 20:45:00,53.69,,,,
08/03/26 20:50:00,53.31,,,,
08/03/26 20:55:00,53.15,,,,
08/03/26 21:00:00,52.84,,,,
08/03/26 21:05:00,52.54,,,,
08/03/26 21:10:00,52.23,,,,
08/03/26 21:15:00,52.00,,,,
08/03/26 21:20:00,51.84,,,,
08/03/26 21:25:00,51.69,,,,
08/03/26 21:30:00,51.53,,,,
08/03/26 21:35:00,51.30,,,,
08/03/26 21:40:00,51.15,,,,
08/03/26 21:45:00,50.99,,,,
08/03/26 21:50:00,50.91,,,,
08/03/26 21:55:00,50.76,,,,
08/03/26 22:00:00,50.53,,,,
08/03/26 22:05:00,50.45,,,,
08/03/26 22:10:00,50.37,,,,
08/03/26 22:15:00,50.22,,,,
08/03/26 22:20:00,50.14,,,,
08/03/26 22:25:00,49.99,,,,
08/03/26 22:30:00,49.99,,,,
08/03/26 22:35:00,49.83,,,,
08/03/26 22:40:00,49.68,,,,
08/03/26 22:45:00,49.60,,,,
08/03/26 22:50:00,49.52,,,,
08/03/26 22:55:00,49.45,,,,
08/03/26 23:00:00,49.37,,,,
08/03/26 23:05:00,49.14,,,,
08/03/26 23:10:00,49.14,,,,
08/03/26 23:15:00,49.06,,,,
08/03/26 23:20:00,48.91,,,,
08/03/26 23:25:00,48.98,,,,
08/03/26 23:30:00,48.75,,,,
08/03/26 23:35:00,48.60,,,,
08/03/26 23:40:00,48.44,,,,
08/03/26 23:45:00,48.29,,,,
08/03/26 23:50:00,48.06,,,,
08/03/26 23:55:00,47.98,,,,
08/04/26 00:00:00,47.90,,,,
08/04/26 00:05:00,47.83,,,,
08/04/26 00:10:00,47.83,,,,
08/04/26 00:15:00,47.83,,,,
08/04/26 00:20:00,47.98,,,,
08/04/26 00:25:00,47.98,,,,
08/04/26 00:30:00,48.13,,,,
08/04/26 00:35:00,48.21,,,,
08/04/26 00:40:00,48.44,,,,
08/04/26 00:45:00,48.75,,,,
08/04/26 00:50:00,48.91,,,,
08/04/26 00:55:00,49.06,,,,
08/04/26 01:00:00,49.29,,,,
08/04/26 01:05:00,49.45,,,,
08/04/26 01:10:00,49.68,,,,
08/04/26 01:15:00,49.99,,,,
08/04/26 01:20:00,50.45,,,,
08/04/26 01:25:00,50.99,,,,
08/04/26 01:30:00,51.61,,,,
08/04/26 01:35:00,52.15,,,,
08/04/26 01:40:00,52.69,,,,
08/04/26 01:45:00,52.92,,,,
08/04/26 01:50:00,53.00,,,,
08/04/26 01:55:00,52.92,,,,
08/04/26 02:00:00,53.54,,,,
08/04/26 02:05:00,56.47,,,,
08/04/26 02:10:00,59.56,,,,
08/04/26 02:15:00,62.03,,,,
08/04/26 02:20:00,63.96,,,,
08/04/26 02:25:00,65.20,,,,
08/04/26 02:30:00,65.59,,,,
08/04/26 02:35:00,64.58,,,,
08/04/26 02:40:00,63.66,,,,
08/04/26 02:45:00,63.19,,,,
08/04/26 02:50:00,63.04,,,,
08/04/26 02:55:00,62.96,,,,
08/04/26 03:00:00,62.96,,,,
08/04/26 03:05:00,62.96,,,,
08/04/26 03:10:00,62.96,,,,
08/04/26 03:15:00,63.04,,,,
08/04/26 03:20:00,62.96,,,,
08/04/26 03:25:00,63.04,,,,
08/04/26 03:30:00,63.11,,,,
08/04/26 03:35:00,63.19,,,,
08/04/26 03:40:00,63.27,,,,
08/04/26 03:45:00,63.35,,,,
08/04/26 03:50:00,63.42,,,,
08/04/26 03:55:00,63.50,,,,
08/04/26 04:00:00,63.50,,,,
08/04/26 04:05:00,63.42,,,,
08/04/26 04:10:00,63.50,,,,
08/04/26 04:15:00,63.58,,,,
08/04/26 04:20:00,63.58,,,,
08/04/26 04:25:00,63.66,,,,
08/04/26 04:30:00,63.58,,,,
08/04/26 04:35:00,63.66,,,,
08/04/26 04:40:00,63.58,,,,
08/04/26 04:45:00,63.50,,,,
08/04/26 04:50:00,63.58,,,,
08/04/26 04:55:00,63.58,,,,
08/04/26 05:00:00,63.58,,,,
08/04/26 05:05:00,63.58,,,,
08/04/26 05:10:00,63.50,,,,
08/04/26 05:15:00,63.50,,,,
08/04/26 05:20:00,63.42,,,,
08/04/26 05:25:00,63.42,,,,
08/04/26 05:30:00,63.50,,,,
08/04/26 05:35:00,63.50,,,,
08/04/26 05:40:00,63.66,,,,
08/04/26 05:45:00,63.58,,,,
08/04/26 05:50:00,63.50,,,,
08/04/26 05:55:00,63.42,,,,
08/04/26 06:00:00,63.19,,,,
08/04/26 06:05:00,63.04,,,,
08/04/26 06:10:00,63.19,,,,
08/04/26 06:15:00,63.27,,,,
08/04/26 06:20:00,63.35,,,,
08/04/26 06:25:00,63.50,,,,
08/04/26 06:30:00,63.58,,,,
08/04/26 06:35:00,63.73,,,,
08/04/26 06:40:00,63.81,,,,
08/04/26 06:45:00,63.89,,,,
08/04/26 06:50:00,63.96,,,,
08/04/26 06:55:00,64.04,,,,
08/04/26 07:00:00,64.12,,,,
08/04/26 07:05:00,64.04,,,,
08/04/26 07:10:00,64.12,,,,
08/04/26 07:15:00,64.12,,,,
08/04/26 07:20:00,64.12,,,,
08/04/26 07:25:00,64.27,,,,
08/04/26 07:30:00,64.35,,,,
08/04/26 07:35:00,64.43,,,,
08/04/26 07:40:00,64.35,,,,
08/04/26 07:45:00,64.20,,,,
08/04/26 07:50:00,64.20,,,,
08/04/26 07:55:00,64.35,,,,
08/04/26 08:00:00,64.43,,,,
08/04/26 08:05:00,64.50,,,,
08/04/26 08:10:00,64.66,,,,
08/04/26 08:15:00,64.66,,,,
08/04/26 08:20:00,64.74,,,,
08/04/26 08:25:00,64.81,,,,
08/04/26 08:30:00,64.89,,,,
08/04/26 08:35:00,64.97,,,,
08/04/26 08:40:00,64.97,,,,
08/04/26 08:45:00,65.05,,,,
08/04/26 08:50:00,65.28,,,,
08/04/26 08:55:00,65.35,,,,
08/04/26 09:00:00,65.43,,,,
08/04/26 09:05:00,65.43,,,,
08/04/26 09:10:00,65.51,,,,
08/04/26 09:15:00,65.51,,,,
08/04/26 09:20:00,65.66,,,,
08/04/26 09:25:00,65.89,,,,
08/04/26 09:30:00,65.82,,,,
08/04/26 09:35:00,65.82,,,,
08/04/26 09:40:00,65.82,,,,
08/04/26 09:45:00,65.66,,,,
08/04/26 09:50:00,65.59,,,,
08/04/26 09:55:00,65.66,,,,
08/04/26 10:00:00,65.74,,,,
08/04/26 10:05:00,65.97,,,,
08/04/26 10:10:00,66.05,,,,
08/04/26 10:15:00,66.13,,,,
08/04/26 10:20:00,65.97,,,,
08/04/26 10:25:00,65.82,,,,
08/04/26 10:30:00,65.59,,,,
08/04/26 10:35:00,65.43,,,,
08/04/26 10:40:00,65.51,,,,
08/04/26 10:45:00,65.66,,,,
08/04/26 10:50:00,65.89,,,,
08/04/26 10:55:00,65.97,,,,
08/04/26 11:00:00,65.89,,,,
08/04/26 11:05:00,66.20,,,,
08/04/26 11:10:00,67.67,,,,
08/04/26 11:15:00,69.52,,,,
08/04/26 11:20:00,71.07,,,,
08/04/26 11:25:00,72.38,,,,
08/04/26 11:30:00,73.39,,,,
08/04/26 11:35:00,73.62,,,,
08/04/26 11:40:00,73.54,,,,
08/04/26 11:45:00,73.54,,,,
08/04/26 11:50:00,73.54,,,,
08/04/26 11:55:00,73.39,,,,
08/04/26 12:00:00,73.62,,,,
08/04/26 12:05:00,73.69,,,,
08/04/26 12:10:00,74.08,,,,
08/04/26 12:15:00,74.23,,,,
08/04/26 12:20:00,74.00,,,,
08/04/26 12:25:00,73.31,,,,
08/04/26 12:30:00,72.61,,,,
08/04/26 12:35:00,72.15,,,,
08/04/26 12:40:00,71.76,,,,
08/04/26 12:45:00,71.45,,,,
08/04/26 12:50:00,71.30,,,,
08/04/26 12:55:00,71.15,,,,
08/04/26 13:00:00,70.91,,,,
08/04/26 13:05:00,70.76,,,,
08/04/26 13:10:00,70.61,,,,
08/04/26 13:15:00,70.61,,,,
08/04/26 13:20:00,70.53,,,,
08/04/26 13:25:00,70.45,,,,
08/04/26 13:30:00,70.45,,,,
08/04/26 13:35:00,70.37,,,,
08/04/26 13:40:00,70.30,,,,
08/04/26 13:45:00,70.30,,,,
08/04/26 13:50:00,70.30,,,,
08/04/26 13:55:00,70.30,,,,
08/04/26 14:00:00,70.14,,,,
08/04/26 14:05:00,70.14,,,,
08/04/26 14:10:00,70.14,,,,
08/04/26 14:15:00,70.14,,,,
08/04/26 14:20:00,70.14,,,,
08/04/26 14:25:00,70.06,,,,
08/04/26 14:30:00,69.99,,,,
08/04/26 14:35:00,70.06,,,,
08/04/26 14:40:00,69.99,,,,
08/04/26 14:45:00,69.99,,,,
08/04/26 14:50:00,69.99,,,,
08/04/26 14:55:00,69.99,,,,
08/04/26 15:00:00,69.99,,,,
08/04/26 15:05:00,69.91,,,,
08/04/26 15:10:00,69.91,,,,
08/04/26 15:15:00,69.91,,,,
08/04/26 15:20:00,69.91,,,,
08/04/26 15:25:00,69.91,,,,
08/04/26 15:30:00,69.91,,,,
08/04/26 15:35:00,69.91,,,,
08/04/26 15:40:00,69.83,,,,
08/04/26 15:45:00,69.83,,,,
08/04/26 15:50:00,69.91,,,,
08/04/26 15:55:00,69.83,,,,
08/04/26 16:00:00,69.83,,,,
08/04/26 16:05:00,69.76,,,,
08/04/26 16:10:00,69.91,,,,
08/04/26 16:15:00,69.83,,,,
08/04/26 16:20:00,69.83,,,,
08/04/26 16:25:00,69.83,,,,
08/04/26 16:30:00,69.83,,,,
08/04/26 16:35:00,69.83,,,,
08/04/26 16:40:00,69.76,,,,
08/04/26 16:45:00,69.76,,,,
08/04/26 16:50:00,69.83,,,,
08/04/26 16:55:00,69.83,,,,
08/04/26 17:00:00,69.76,,,,
08/04/26 17:05:00,69.76,,,,
08/04/26 17:10:00,69.83,,,,
08/04/26 17:15:00,69.83,,,,
08/04/26 17:20:00,69.83,,,,
08/04/26 17:25:00,69.83,,,,
08/04/26 17:30:00,69.83,,,,
08/04/26 17:35:00,69.76,,,,
08/04/26 17:40:00,69.76,,,,
08/04/26 17:45:00,69.76,,,,
08/04/26 17:50:00,69.83,,,,
08/04/26 17:55:00,69.83,,,,
08/04/26 18:00:00,69.76,,,,
08/04/26 18:05:00,69.83,,,,
08/04/26 18:10:00,69.83,,,,
08/04/26 18:15:00,69.83,,,,
08/04/26 18:20:00,69.83,,,,
08/04/26 18:25:00,69.83,,,,
08/04/26 18:30:00,69.83,,,,
08/04/26 18:35:00,69.83,,,,
08/04/26 18:40:00,69.83,,,,
08/04/26 18:45:00,69.83,,,,
08/04/26 18:50:00,69.91,,,,
08/04/26 18:55:00,69.91,,,,
08/04/26 19:00:00,69.83,,,,
08/04/26 19:05:00,69.91,,,,
08/04/26 19:10:00,69.83,,,,
08/04/26 19:15:00,69.91,,,,
08/04/26 19:20:00,69.91,,,,
08/04/26 19:25:00,69.91,,,,
08/04/26 19:30:00,69.91,,,,
08/04/26 19:35:00,69.91,,,,
08/04/26 19:40:00,69.91,,,,
08/04/26 19:45:00,69.83,,,,
08/04/26 19:50:00,69.91,,,,
08/04/26 19:55:00,69.91,,,,
08/04/26 20:00:00,69.91,,,,
08/04/26 20:05:00,69.91,,,,
08/04/26 20:10:00,69.91,,,,
08/04/26 20:15:00,69.91,,,,
08/04/26 20:20:00,69.83,,,,
08/04/26 20:25:00,69.99,,,,
08/04/26 20:30:00,69.99,,,,
08/04/26 20:35:00,69.99,,,,
08/04/26 20:40:00,69.99,,,,
08/04/26 20:45:00,69.99,,,,
08/04/26 20:50:00,69.91,,,,
08/04/26 20:55:00,69.99,,,,
08/04/26 21:00:00,70.06,,,,
08/04/26 21:05:00,69.99,,,,
08/04/26 21:10:00,69.99,,,,
08/04/26 21:15:00,69.99,,,,
08/04/26 21:20:00,69.99,,,,
08/04/26 21:25:00,69.99,,,,
08/04/26 21:30:00,69.99,,,,
08/04/26 21:35:00,70.06,,,,
08/04/26 21:40:00,70.14,,,,
08/04/26 21:45:00,69.99,,,,
08/04/26 21:50:00,69.99,,,,
08/04/26 21:55:00,69.99,,,,
08/04/26 22:00:00,70.06,,,,
08/04/26 22:05:00,70.14,,,,
08/04/26 22:10:00,70.06,,,,
08/04/26 22:15:00,70.14,,,,
08/04/26 22:20:00,70.06,,,,
08/04/26 22:25:00,70.06,,,,
08/04/26 22:30:00,70.14,,,,
08/04/26 22:35:00,70.14,,,,
08/04/26 22:40:00,70.06,,,,
08/04/26 22:45:00,70.06,,,,
08/04/26 22:50:00,70.06,,,,
08/04/26 22:55:00,69.99,,,,
08/04/26 23:00:00,70.06,,,,
08/04/26 23:05:00,69.99,,,,
08/04/26 23:10:00,70.14,,,,
08/04/26 23:15:00,70.14,,,,
08/04/26 23:20:00,70.06,,,,
08/04/26 23:25:00,69.99,,,,
08/04/26 23:30:00,70.14,,,,
08/04/26 23:35:00,70.14,,,,
08/04/26 23:40:00,70.14,,,,
08/04/26 23:45:00,70.14,,,,
08/04/26 23:50:00,70.14,,,,
08/04/26 23:55:00,70.14,,,,
08/05/26 00:00:00,70.14,,,,
08/05/26 00:05:00,70.14,,,,
08/05/26 00:10:00,70.14,,,,
08/05/26 00:15:00,70.14,,,,
08/05/26 00:20:00,70.14,,,,
08/05/26 00:25:00,70.14,,,,
08/05/26 00:30:00,70.06,,,,
08/05/26 00:35:00,70.14,,,,
08/05/26 00:40:00,70.14,,,,
08/05/26 00:45:00,70.14,,,,
08/05/26 00:50:00,70.14,,,,
08/05/26 00:55:00,70.14,,,,
08/05/26 01:00:00,70.06,,,,
08/05/26 01:05:00,70.06,,,,
08/05/26 01:10:00,70.14,,,,
08/05/26 01:15:00,70.06,,,,
08/05/26 01:20:00,70.14,,,,
08/05/26 01:25:00,69.99,,,,
08/05/26 01:30:00,70.14,,,,
08/05/26 01:35:00,70.06,,,,
08/05/26 01:40:00,69.99,,,,
08/05/26 01:45:00,70.06,,,,
08/05/26 01:50:00,70.06,,,,
08/05/26 01:55:00,70.06,,,,
08/05/26 02:00:00,70.06,,,,
08/05/26 02:05:00,69.99,,,,
08/05/26 02:10:00,69.99,,,,
08/05/26 02:15:00,69.99,,,,
08/05/26 02:20:00,69.91,,,,
08/05/26 02:25:00,69.91,,,,
08/05/26 02:30:00,69.99,,,,
08/05/26 02:35:00,69.99,,,,
08/05/26 02:40:00,69.91,,,,
08/05/26 02:45:00,69.91,,,,
08/05/26 02:50:00,69.91,,,,
08/05/26 02:55:00,69.99,,,,
08/05/26 03:00:00,69.99,,,,
08/05/26 03:05:00,69.99,,,,
08/05/26 03:10:00,69.99,,,,
08/05/26 03:15:00,69.99,,,,
08/05/26 03:20:00,69.91,,,,
08/05/26 03:25:00,69.99,,,,
08/05/26 03:30:00,69.99,,,,
08/05/26 03:35:00,69.99,,,,
08/05/26 03:40:00,69.91,,,,
08/05/26 03:45:00,69.91,,,,
08/05/26 03:50:00,69.91,,,,
08/05/26 03:55:00,69.83,,,,
08/05/26 04:00:00,69.91,,,,
08/05/26 04:05:00,69.83,,,,
08/05/26 04:10:00,69.91,,,,
08/05/26 04:15:00,69.91,,,,
08/05/26 04:20:00,69.83,,,,
08/05/26 04:25:00,69.83,,,,
08/05/26 04:30:00,69.83,,,,
08/05/26 04:35:00,69.76,,,,
08/05/26 04:40:00,69.83,,,,
08/05/26 04:45:00,69.83,,,,
08/05/26 04:50:00,69.76,,,,
08/05/26 04:55:00,69.76,,,,
08/05/26 05:00:00,69.83,,,,
08/05/26 05:05:00,69.83,,,,
08/05/26 05:10:00,69.68,,,,
08/05/26 05:15:00,69.76,,,,
08/05/26 05:20:00,69.76,,,,
08/05/26 05:25:00,69.68,,,,
08/05/26 05:30:00,69.76,,,,
08/05/26 05:35:00,69.76,,,,
08/05/26 05:40:00,69.68,,,,
08/05/26 05:45:00,69.68,,,,
08/05/26 05:50:00,69.68,,,,
08/05/26 05:55:00,69.68,,,,
08/05/26 06:00:00,69.68,,,,
08/05/26 06:05:00,69.60,,,,
08/05/26 06:10:00,69.68,,,,
08/05/26 06:15:00,69.60,,,,
08/05/26 06:20:00,69.60,,,,
08/05/26 06:25:00,69.52,,,,
08/05/26 06:30:00,69.60,,,,
08/05/26 06:35:00,69.60,,,,
08/05/26 06:40:00,69.52,,,,
08/05/26 06:45:00,69.52,,,,
08/05/26 06:50:00,69.52,,,,
08/05/26 06:55:00,69.52,,,,
08/05/26 07:00:00,69.52,,,,
08/05/26 07:05:00,69.52,,,,
08/05/26 07:10:00,69.45,,,,
08/05/26 07:15:00,69.45,,,,
08/05/26 07:20:00,69.45,,,,
08/05/26 07:25:00,69.37,,,,
08/05/26 07:30:00,69.29,,,,
08/05/26 07:35:00,69.45,,,,
08/05/26 07:40:00,69.45,,,,
08/05/26 07:45:00,69.37,,,,
08/05/26 07:50:00,69.37,,,,
08/05/26 07:55:00,69.45,,,,
08/05/26 08:00:00,69.45,,,,
08/05/26 08:05:00,69.29,,,,
08/05/26 08:10:00,69.37,,,,
08/05/26 08:15:00,69.29,,,,
08/05/26 08:20:00,69.29,,,,
08/05/26 08:25:00,69.29,,,,
08/05/26 08:30:00,69.22,,,,
08/05/26 08:35:00,69.29,,,,
08/05/26 08:40:00,69.29,,,,
08/05/26 08:45:00,69.14,,,,
08/05/26 08:50:00,69.22,,,,
08/05/26 08:55:00,69.29,,,,
08/05/26 09:00:00,69.22,,,,
08/05/26 09:05:00,69.22,,,,
08/05/26 09:10:00,69.14,,,,
08/05/26 09:15:00,69.14,,,,
08/05/26 09:20:00,69.14,,,,
08/05/26 09:25:00,69.22,,,,
08/05/26 09:30:00,69.22,,,,
08/05/26 09:35:00,69.06,,,,
08/05/26 09:40:00,69.14,,,,
08/05/26 09:45:00,69.22,,,,
08/05/26 09:50:00,69.14,,,,
08/05/26 09:55:00,69.14,,,,
08/05/26 10:00:00,69.14,,,,
08/05/26 10:05:00,69.22,,,,
08/05/26 10:10:00,69.14,,,,
08/05/26 10:15:00,69.14,,,,
08/05/26 10:20:00,69.06,,,,
08/05/26 10:25:00,69.06,,,,
08/05/26 10:30:00,69.06,,,,
08/05/26 10:35:00,69.14,,,,
08/05/26 10:40:00,69.14,,,,
08/05/26 10:45:00,69.14,,,,
08/05/26 10:50:00,69.06,,,,
08/05/26 10:55:00,69.14,,,,
08/05/26 11:00:00,69.14,,,,
08/05/26 11:05:00,69.14,,,,
08/05/26 11:10:00,69.06,,,,
08/05/26 11:15:00,69.22,,,,
08/05/26 11:20:00,69.14,,,,
08/05/26 11:25:00,69.06,,,,
08/05/26 11:30:00,69.14,,,,
08/05/26 11:35:00,69.14,,,,
08/05/26 11:40:00,69.14,,,,
08/05/26 11:45:00,69.29,,,,
08/05/26 11:50:00,69.14,,,,
08/05/26 11:55:00,69.22,,,,
08/05/26 12:00:00,69.22,,,,
08/05/26 12:05:00,69.14,,,,
08/05/26 12:10:00,69.22,,,,
08/05/26 12:15:00,69.22,,,,
08/05/26 12:20:00,69.22,,,,
08/05/26 12:25:00,69.29,,,,
08/05/26 12:30:00,69.29,,,,
08/05/26 12:35:00,69.29,,,,
08/05/26 12:40:00,69.29,,,,
08/05/26 12:45:00,69.22,,,,
08/05/26 12:50:00,69.29,,,,
08/05/26 12:55:00,69.29,,,,
08/05/26 13:00:00,69.37,,,,
08/05/26 13:05:00,69.22,,,,
08/05/26 13:10:00,69.29,,,,
08/05/26 13:15:00,69.37,,,,
08/05/26 13:20:00,69.37,,,,
08/05/26 13:25:00,69.45,,,,
08/05/26 13:30:00,69.37,,,,
08/05/26 13:35:00,69.45,,,,
08/05/26 13:40:00,69.45,,,,
08/05/26 13:45:00,69.52,,,,
08/05/26 13:50:00,69.52,,,,
08/05/26 13:55:00,69.45,,,,
08/05/26 14:00:00,69.52,,,,
08/05/26 14:05:00,69.52,,,,
08/05/26 14:10:00,69.52,,,,
08/05/26 14:15:00,69.52,,,,
08/05/26 14:20:00,69.60,,,,
08/05/26 14:25:00,69.68,,,,
08/05/26 14:30:00,69.60,,,,
08/05/26 14:35:00,69.68,,,,
08/05/26 14:40:00,69.60,,,,
08/05/26 14:45:00,69.68,,,,
08/05/26 14:50:00,69.68,,,,
08/05/26 14:55:00,69.68,,,,
08/05/26 15:00:00,69.68,,,,
08/05/26 15:05:00,69.76,,,,
08/05/26 15:10:00,69.83,,,,
08/05/26 15:15:00,69.83,,,,
08/05/26 15:20:00,69.83,,,,
08/05/26 15:25:00,69.83,,,,
08/05/26 15:30:00,69.91,,,,
08/05/26 15:35:00,69.91,,,,
08/05/26 15:40:00,69.99,,,,
08/05/26 15:45:00,69.91,,,,
08/05/26 15:50:00,69.91,,,,
08/05/26 15:55:00,69.91,,,,
08/05/26 16:00:00,70.06,,,,
08/05/26 16:05:00,69.91,,,,
08/05/26 16:10:00,70.06,,,,
08/05/26 16:15:00,69.99,,,,
08/05/26 16:20:00,69.91,,,,
08/05/26 16:25:00,69.99,,,,
08/05/26 16:30:00,70.06,,,,
08/05/26 16:35:00,70.22,,,,
08/05/26 16:40:00,69.99,,,,
08/05/26 16:45:00,70.14,,,,
08/05/26 16:50:00,70.14,,,,
08/05/26 16:55:00,70.14,,,,
08/05/26 17:00:00,70.22,,,,
08/05/26 17:05:00,70.22,,,,
08/05/26 17:10:00,70.14,,,,
08/05/26 17:15:00,70.22,,,,
08/05/26 17:20:00,70.37,,,,
08/05/26 17:25:00,70.30,,,,
08/05/26 17:30:00,70.30,,,,
08/05/26 17:35:00,70.22,,,,
08/05/26 17:40:00,70.30,,,,
08/05/26 17:45:00,70.37,,,,
08/05/26 17:50:00,70.30,,,,
08/05/26 17:55:00,70.37,,,,
08/05/26 18:00:00,70.53,,,,
08/05/26 18:05:00,70.37,,,,
08/05/26 18:10:00,70.45,,,,
08/05/26 18:15:00,70.45,,,,
08/05/26 18:20:00,70.45,,,,
08/05/26 18:25:00,70.45,,,,
08/05/26 18:30:00,70.53,,,,
08/05/26 18:35:00,70.53,,,,
08/05/26 18:40:00,70.61,,,,
08/05/26 18:45:00,70.61,,,,
08/05/26 18:50:00,70.61,,,,
08/05/26 18:55:00,70.61,,,,
08/05/26 19:00:00,70.61,,,,
08/05/26 19:05:00,70.61,,,,
08/05/26 19:10:00,70.76,,,,
08/05/26 19:15:00,70.61,,,,
08/05/26 19:20:00,70.68,,,,
08/05/26 19:25:00,70.68,,,,
08/05/26 19:30:00,70.76,,,,
08/05/26 19:35:00,70.76,,,,
08/05/26 19:40:00,70.76,,,,
08/05/26 19:45:00,70.84,,,,
08/05/26 19:50:00,70.84,,,,
08/05/26 19:55:00,70.76,,,,
08/05/26 20:00:00,70.84,,,,
08/05/26 20:05:00,70.91,,,,
08/05/26 20:10:00,70.84,,,,
08/05/26 20:15:00,70.91,,,,
08/05/26 20:20:00,70.84,,,,
08/05/26 20:25:00,70.99,,,,
08/05/26 20:30:00,70.91,,,,
08/05/26 20:35:00,70.99,,,,
08/05/26 20:40:00,70.99,,,,
08/05/26 20:45:00,70.99,,,,
08/05/26 20:50:00,70.99,,,,
08/05/26 20:55:00,70.99,,,,
08/05/26 21:00:00,71.07,,,,
08/05/26 21:05:00,71.15,,,,
08/05/26 21:10:00,71.07,,,,
08/05/26 21:15:00,71.15,,,,
08/05/26 21:20:00,71.07,,,,
08/05/26 21:25:00,71.07,,,,
08/05/26 21:30:00,71.15,,,,
08/05/26 21:35:00,71.15,,,,
08/05/26 21:40:00,71.15,,,,
08/05/26 21:45:00,71.15,,,,
08/05/26 21:50:00,71.15,,,,
08/05/26 21:55:00,71.22,,,,
08/05/26 22:00:00,71.15,,,,
08/05/26 22:05:00,71.22,,,,
08/05/26 22:10:00,71.22,,,,
08/05/26 22:15:00,71.30,,,,
08/05/26 22:20:00,71.22,,,,
08/05/26 22:25:00,71.22,,,,
08/05/26 22:30:00,71.22,,,,
08/05/26 22:35:00,71.22,,,,
08/05/26 22:40:00,71.22,,,,
08/05/26 22:45:00,71.30,,,,
08/05/26 22:50:00,71.22,,,,
08/05/26 22:55:00,71.30,,,,
08/05/26 23:00:00,71.30,,,,
08/05/26 23:05:00,71.22,,,,
08/05/26 23:10:00,71.38,,,,
08/05/26 23:15:00,71.22,,,,
08/05/26 23:20:00,71.38,,,,
08/05/26 23:25:00,71.22,,,,
08/05/26 23:30:00,71.30,,,,
08/05/26 23:35:00,71.30,,,,
08/05/26 23:40:00,71.30,,,,
08/05/26 23:45:00,71.38,,,,
08/05/26 23:50:00,71.30,,,,
08/05/26 23:55:00,71.30,,,,
08/06/26 00:00:00,71.38,,,,
08/06/26 00:05:00,71.38,,,,
08/06/26 00:10:00,71.38,,,,
08/06/26 00:15:00,71.30,,,,
08/06/26 00:20:00,71.38,,,,
08/06/26 00:25:00,71.38,,,,
08/06/26 00:30:00,71.38,,,,
08/06/26 00:35:00,71.45,,,,
08/06/26 00:40:00,71.38,,,,
08/06/26 00:45:00,71.38,,,,
08/06/26 00:50:00,71.45,,,,
08/06/26 00:55:00,71.38,,,,
08/06/26 01:00:00,71.45,,,,
08/06/26 01:05:00,71.30,,,,
08/06/26 01:10:00,71.45,,,,
08/06/26 01:15:00,71.38,,,,
08/06/26 01:20:00,71.45,,,,
08/06/26 01:25:00,71.45,,,,
08/06/26 01:30:00,71.38,,,,
08/06/26 01:35:00,71.38,,,,
08/06/26 01:40:00,71.30,,,,
08/06/26 01:45:00,71.45,,,,
08/06/26 01:50:00,71.38,,,,
08/06/26 01:55:00,71.38,,,,
08/06/26 02:00:00,71.38,,,,
08/06/26 02:05:00,71.38,,,,
08/06/26 02:10:00,71.45,,,,
08/06/26 02:15:00,71.30,,,,
08/06/26 02:20:00,71.38,,,,
08/06/26 02:25:00,71.38,,,,
08/06/26 02:30:00,71.38,,,,
08/06/26 02:35:00,71.45,,,,
08/06/26 02:40:00,71.30,,,,
08/06/26 02:45:00,71.30,,,,
08/06/26 02:50:00,71.30,,,,
08/06/26 02:55:00,71.38,,,,
08/06/26 03:00:00,71.22,,,,
08/06/26 03:05:00,71.30,,,,
08/06/26 03:10:00,71.22,,,,
08/06/26 03:15:00,71.22,,,,
08/06/26 03:20:00,71.30,,,,
08/06/26 03:25:00,71.38,,,,
08/06/26 03:30:00,71.30,,,,
08/06/26 03:35:00,71.30,,,,
08/06/26 03:40:00,71.22,,,,
08/06/26 03:45:00,71.22,,,,
08/06/26 03:50:00,71.22,,,,
08/06/26 03:55:00,71.22,,,,
08/06/26 04:00:00,71.15,,,,
08/06/26 04:05:00,71.30,,,,
08/06/26 04:10:00,71.22,,,,
08/06/26 04:15:00,71.22,,,,
08/06/26 04:20:00,71.22,,,,
08/06/26 04:25:00,71.22,,,,
08/06/26 04:30:00,71.22,,,,
08/06/26 04:35:00,71.22,,,,
08/06/26 04:40:00,71.22,,,,
08/06/26 04:45:00,71.22,,,,
08/06/26 04:50:00,71.22,,,,
08/06/26 04:55:00,71.15,,,,
08/06/26 05:00:00,71.22,,,,
08/06/26 05:05:00,71.07,,,,
08/06/26 05:10:00,71.15,,,,
08/06/26 05:15:00,71.07,,,,
08/06/26 05:20:00,71.22,,,,
08/06/26 05:25:00,71.15,,,,
08/06/26 05:30:00,71.07,,,,
08/06/26 05:35:00,71.15,,,,
08/06/26 05:40:00,71.22,,,,
08/06/26 05:45:00,71.07,,,,
08/06/26 05:50:00,71.07,,,,
08/06/26 05:55:00,71.07,,,,
08/06/26 06:00:00,70.99,,,,
08/06/26 06:05:00,71.07,,,,
08/06/26 06:10:00,71.07,,,,
08/06/26 06:15:00,70.91,,,,
08/06/26 06:20:00,71.07,,,,
08/06/26 06:25:00,70.99,,,,
08/06/26 06:30:00,70.91,,,,
08/06/26 06:35:00,70.99,,,,
08/06/26 06:40:00,70.99,,,,
08/06/26 06:45:00,70.99,,,,
08/06/26 06:50:00,70.99,,,,
08/06/26 06:55:00,70.91,,,,
08/06/26 07:00:00,70.91,,,,
08/06/26 07:05:00,70.91,,,,
08/06/26 07:10:00,70.99,,,,
08/06/26 07:15:00,70.84,,,,
08/06/26 07:20:00,70.91,,,,
08/06/26 07:25:00,70.84,,,,
08/06/26 07:30:00,70.91,,,,
08/06/26 07:35:00,70.84,,,,
08/06/26 07:40:00,70.84,,,,
08/06/26 07:45:00,70.84,,,,
08/06/26 07:50:00,70.76,,,,
08/06/26 07:55:00,70.76,,,,
08/06/26 08:00:00,70.84,,,,
08/06/26 08:05:00,70.68,,,,
08/06/26 08:10:00,70.84,,,,
08/06/26 08:15:00,70.68,,,,
08/06/26 08:20:00,70.76,,,,
08/06/26 08:25:00,70.68,,,,
08/06/26 08:30:00,70.76,,,,
08/06/26 08:35:00,70.76,,,,
08/06/26 08:40:00,70.68,,,,
08/06/26 08:45:00,70.68,,,,
08/06/26 08:50:00,70.76,,,,
08/06/26 08:55:00,70.76,,,,
08/06/26 09:00:00,70.68,,,,
08/06/26 09:05:00,70.76,,,,
08/06/26 09:10:00,70.61,,,,
08/06/26 09:15:00,70.61,,,,
08/06/26 09:20:00,70.68,,,,
08/06/26 09:25:00,70.53,,,,
08/06/26 09:30:00,70.68,,,,
08/06/26 09:35:00,70.61,,,,
08/06/26 09:40:00,70.53,,,,
08/06/26 09:45:00,70.61,,,,
08/06/26 09:50:00,70.61,,,,
08/06/26 09:55:00,70.68,,,,
08/06/26 10:00:00,70.53,,,,
08/06/26 10:05:00,70.45,,,,
08/06/26 10:10:00,70.53,,,,
08/06/26 10:15:00,70.53,,,,
08/06/26 10:20:00,70.61,,,,
08/06/26 10:25:00,70.61,,,,
08/06/26 10:30:00,70.53,,,,
08/06/26 10:35:00,70.53,,,,
08/06/26 10:40:00,70.53,,,,
08/06/26 10:45:00,70.53,,,,
08/06/26 10:50:00,70.61,,,,
08/06/26 10:55:00,70.53,,,,
08/06/26 11:00:00,70.61,,,,
08/06/26 11:05:00,70.53,,,,
08/06/26 11:10:00,70.61,,,,
08/06/26 11:15:00,70.61,,,,
08/06/26 11:20:00,70.53,,,,
08/06/26 11:25:00,70.61,,,,
08/06/26 11:30:00,70.53,,,,
08/06/26 11:35:00,70.61,,,,
08/06/26 11:40:00,70.53,,,,
08/06/26 11:45:00,70.68,,,,
08/06/26 11:50:00,70.53,,,,
08/06/26 11:55:00,70.61,,,,
08/06/26 12:00:00,70.61,,,,
08/06/26 12:05:00,70.61,,,,
08/06/26 12:10:00,70.61,,,,
08/06/26 12:15:00,70.61,,,,
08/06/26 12:20:00,70.61,,,,
08/06/26 12:25:00,70.61,,,,
08/06/26 12:30:00,70.61,,,,
08/06/26 12:35:00,70.68,,,,
08/06/26 12:40:00,70.76,,,,
08/06/26 12:45:00,70.68,,,,
08/06/26 12:50:00,70.68,,,,
08/06/26 12:55:00,70.68,,,,
08/06/26 13:00:00,70.76,,,,
08/06/26 13:05:00,70.76,,,,
08/06/26 13:10:00,70.68,,,,
08/06/26 13:15:00,70.76,,,,
08/06/26 13:20:00,70.76,,,,
08/06/26 13:25:00,70.84,,,,
08/06/26 13:30:00,70.76,,,,
08/06/26 13:35:00,70.84,,,,
08/06/26 13:40:00,70.84,,,,
08/06/26 13:45:00,70.84,,,,
08/06/26 13:50:00,70.84,,,,
08/06/26 13:55:00,70.84,,,,
08/06/26 14:00:00,70.91,,,,
08/06/26 14:05:00,70.91,,,,
08/06/26 14:10:00,70.91,,,,
08/06/26 14:15:00,70.91,,,,
08/06/26 14:20:00,70.91,,,,
08/06/26 14:25:00,70.99,,,,
08/06/26 14:30:00,70.91,,,,
08/06/26 14:35:00,70.99,,,,
08/06/26 14:40:00,71.07,,,,
08/06/26 14:45:00,71.07,,,,
08/06/26 14:50:00,70.99,,,,
08/06/26 14:55:00,71.07,,,,
08/06/26 15:00:00,71.07,,,,
08/06/26 15:05:00,71.07,,,,
08/06/26 15:10:00,71.15,,,,
08/06/26 15:15:00,71.22,,,,
08/06/26 15:20:00,71.15,,,,
08/06/26 15:25:00,71.15,,,,
08/06/26 15:30:00,71.22,,,,
08/06/26 15:35:00,71.22,,,,
08/06/26 15:40:00,71.15,,,,
08/06/26 15:45:00,71.22,,,,
08/06/26 15:50:00,71.15,,,,
08/06/26 15:55:00,71.30,,,,
08/06/26 16:00:00,71.30,,,,
08/06/26 16:05:00,71.30,,,,
08/06/26 16:10:00,71.22,,,,
08/06/26 16:15:00,71.30,,,,
08/06/26 16:20:00,71.38,,,,
08/06/26 16:25:00,71.38,,,,
08/06/26 16:30:00,71.38,,,,
08/06/26 16:35:00,71.38,,,,
08/06/26 16:40:00,71.45,,,,
08/06/26 16:45:00,71.45,,,,
08/06/26 16:50:00,71.45,,,,
08/06/26 16:55:00,71.45,,,,
08/06/26 17:00:00,71.45,,,,
08/06/26 17:05:00,71.53,,,,
08/06/26 17:10:00,71.45,,,,
08/06/26 17:15:00,71.45,,,,
08/06/26 17:20:00,71.61,,,,
08/06/26 17:25:00,71.61,,,,
08/06/26 17:30:00,71.69,,,,
08/06/26 17:35:00,71.61,,,,
08/06/26 17:40:00,71.69,,,,
08/06/26 17:45:00,71.69,,,,
08/06/26 17:50:00,71.76,,,,
08/06/26 17:55:00,71.61,,,,
08/06/26 18:00:00,71.69,,,,
08/06/26 18:05:00,71.76,,,,
08/06/26 18:10:00,71.61,,,,
08/06/26 18:15:00,71.76,,,,
08/06/26 18:20:00,71.76,,,,
08/06/26 18:25:00,71.84,,,,
08/06/26 18:30:00,71.76,,,,
08/06/26 18:35:00,71.84,,,,
08/06/26 18:40:00,71.76,,,,
08/06/26 18:45:00,71.92,,,,
08/06/26 18:50:00,71.84,,,,
08/06/26 18:55:00,71.92,,,,
08/06/26 19:00:00,71.84,,,,
08/06/26 19:05:00,71.84,,,,
08/06/26 19:10:00,72.00,,,,
08/06/26 19:15:00,72.00,,,,
08/06/26 19:20:00,72.00,,,,
08/06/26 19:25:00,72.00,,,,
08/06/26 19:30:00,72.07,,,,
08/06/26 19:35:00,72.00,,,,
08/06/26 19:40:00,72.07,,,,
08/06/26 19:45:00,72.07,,,,
08/06/26 19:50:00,72.07,,,,
08/06/26 19:55:00,72.07,,,,
08/06/26 20:00:00,72.00,,,,
08/06/26 20:05:00,72.07,,,,
08/06/26 20:10:00,72.07,,,,
08/06/26 20:15:00,72.07,,,,
08/06/26 20:20:00,72.15,,,,
08/06/26 20:25:00,72.07,,,,
08/06/26 20:30:00,72.23,,,,
08/06/26 20:35:00,72.23,,,,
08/06/26 20:40:00,72.15,,,,
08/06/26 20:45:00,72.23,,,,
08/06/26 20:50:00,72.30,,,,
08/06/26 20:55:00,72.23,,,,
08/06/26 21:00:00,72.23,,,,
08/06/26 21:05:00,72.30,,,,
08/06/26 21:10:00,72.30,,,,
08/06/26 21:15:00,72.30,,,,
08/06/26 21:20:00,72.23,,,,
08/06/26 21:25:00,72.38,,,,
08/06/26 21:30:00,72.30,,,,
08/06/26 21:35:00,72.23,,,,
08/06/26 21:40:00,72.30,,,,
08/06/26 21:45:00,72.30,,,,
08/06/26 21:50:00,72.38,,,,
08/06/26 21:55:00,72.30,,,,
08/06/26 22:00:00,72.38,,,,
08/06/26 22:05:00,72.38,,,,
08/06/26 22:10:00,72.23,,,,
08/06/26 22:15:00,72.38,,,,
08/06/26 22:20:00,72.30,,,,
08/06/26 22:25:00,72.30,,,,
08/06/26 22:30:00,72.38,,,,
08/06/26 22:35:00,72.38,,,,
08/06/26 22:40:00,72.38,,,,
08/06/26 22:45:00,72.30,,,,
08/06/26 22:50:00,72.38,,,,
08/06/26 22:55:00,72.38,,,,
08/06/26 23:00:00,72.38,,,,
08/06/26 23:05:00,72.46,,,,
08/06/26 23:10:00,72.38,,,,
08/06/26 23:15:00,72.30,,,,
08/06/26 23:20:00,72.46,,,,
08/06/26 23:25:00,72.46,,,,
08/06/26 23:30:00,72.54,,,,
08/06/26 23:35:00,72.46,,,,
08/06/26 23:40:00,72.46,,,,
08/06/26 23:45:00,72.38,,,,
08/06/26 23:50:00,72.46,,,,
08/06/26 23:55:00,72.38,,,,
08/07/26 00:00:00,72.46,,,,
08/07/26 00:05:00,72.38,,,,
08/07/26 00:10:00,72.46,,,,
08/07/26 00:15:00,72.46,,,,
08/07/26 00:20:00,72.46,,,,
08/07/26 00:25:00,72.46,,,,
08/07/26 00:30:00,72.46,,,,
08/07/26 00:35:00,72.46,,,,
08/07/26 00:40:00,72.46,,,,
08/07/26 00:45:00,72.46,,,,
08/07/26 00:50:00,72.46,,,,
08/07/26 00:55:00,72.46,,,,
08/07/26 01:00:00,72.38,,,,
08/07/26 01:05:00,72.38,,,,
08/07/26 01:10:00,72.38,,,,
08/07/26 01:15:00,72.38,,,,
08/07/26 01:20:00,72.46,,,,
08/07/26 01:25:00,72.38,,,,
08/07/26 01:30:00,72.46,,,,
08/07/26 01:35:00,72.38,,,,
08/07/26 01:40:00,72.30,,,,
08/07/26 01:45:00,72.38,,,,
08/07/26 01:50:00,72.38,,,,
08/07/26 01:55:00,72.46,,,,
08/07/26 02:00:00,72.46,,,,
08/07/26 02:05:00,72.30,,,,
08/07/26 02:10:00,72.46,,,,
08/07/26 02:15:00,72.38,,,,
08/07/26 02:20:00,72.30,,,,
08/07/26 02:25:00,72.38,,,,
08/07/26 02:30:00,72.38,,,,
08/07/26 02:35:00,72.23,,,,
08/07/26 02:40:00,72.23,,,,
08/07/26 02:45:00,72.30,,,,
08/07/26 02:50:00,72.30,,,,
08/07/26 02:55:00,72.30,,,,
08/07/26 03:00:00,72.30,,,,
08/07/26 03:05:00,72.23,,,,
08/07/26 03:10:00,72.30,,,,
08/07/26 03:15:00,72.30,,,,
08/07/26 03:20:00,72.23,,,,
08/07/26 03:25:00,72.15,,,,
08/07/26 03:30:00,72.23,,,,
08/07/26 03:35:00,72.15,,,,
08/07/26 03:40:00,72.15,,,,
08/07/26 03:45:00,72.15,,,,
08/07/26 03:50:00,72.23,,,,
08/07/26 03:55:00,72.15,,,,
08/07/26 04:00:00,72.15,,,,
08/07/26 04:05:00,72.23,,,,
08/07/26 04:10:00,72.07,,,,
08/07/26 04:15:00,72.07,,,,
08/07/26 04:20:00,72.23,,,,
08/07/26 04:25:00,72.07,,,,
08/07/26 04:30:00,72.07,,,,
08/07/26 04:35:00,72.07,,,,
08/07/26 04:40:00,72.00,,,,
08/07/26 04:45:00,72.07,,,,
08/07/26 04:50:00,72.07,,,,
08/07/26 04:55:00,72.07,,,,
08/07/26 05:00:00,72.00,,,,
08/07/26 05:05:00,72.00,,,,
08/07/26 05:10:00,72.00,,,,
08/07/26 05:15:00,72.00,,,,
08/07/26 05:20:00,72.07,,,,
08/07/26 05:25:00,71.92,,,,
08/07/26 05:30:00,71.84,,,,
08/07/26 05:35:00,71.92,,,,
08/07/26 05:40:00,71.76,,,,
08/07/26 05:45:00,71.92,,,,
08/07/26 05:50:00,72.00,,,,
08/07/26 05:55:00,71.84,,,,
08/07/26 06:00:00,71.92,,,,
08/07/26 06:05:00,71.84,,,,
08/07/26 06:10:00,71.76,,,,
08/07/26 06:15:00,71.76,,,,
08/07/26 06:20:00,71.76,,,,
08/07/26 06:25:00,71.84,,,,
08/07/26 06:30:00,71.76,,,,
08/07/26 06:35:00,71.76,,,,
08/07/26 06:40:00,71.76,,,,
08/07/26 06:45:00,71.76,,,,
08/07/26 06:50:00,71.76,,,,
08/07/26 06:55:00,71.69,,,,
08/07/26 07:00:00,71.61,,,,
08/07/26 07:05:00,71.69,,,,
08/07/26 07:10:00,71.69,,,,
08/07/26 07:15:00,71.69,,,,
08/07/26 07:20:00,71.61,,,,
08/07/26 07:25:00,71.69,,,,
08/07/26 07:30:00,71.61,,,,
08/07/26 07:35:00,71.61,,,,
08/07/26 07:40:00,71.45,,,,
08/07/26 07:45:00,71.53,,,,
08/07/26 07:50:00,71.61,,,,
08/07/26 07:55:00,71.53,,,,
08/07/26 08:00:00,71.53,,,,
08/07/26 08:05:00,71.53,,,,
08/07/26 08:10:00,71.53,,,,
08/07/26 08:15:00,71.61,,,,
08/07/26 08:20:00,71.61,,,,
08/07/26 08:25:00,71.53,,,,
08/07/26 08:30:00,71.45,,,,
08/07/26 08:35:00,71.45,,,,
08/07/26 08:40:00,71.61,,,,
08/07/26 08:45:00,71.53,,,,
08/07/26 08:50:00,71.53,,,,
08/07/26 08:55:00,71.53,,,,
08/07/26 09:00:00,71.53,,,,
08/07/26 09:05:00,71.61,,,,
08/07/26 09:10:00,71.61,,,,
08/07/26 09:15:00,71.53,,,,
08/07/26 09:20:00,71.53,,,,
08/07/26 09:25:00,71.53,,,,
08/07/26 09:30:00,71.53,,,,
08/07/26 09:35:00,71.53,,,,
08/07/26 09:40:00,71.53,,,,
08/07/26 09:45:00,71.61,,,,
08/07/26 09:50:00,71.61,,,,
08/07/26 09:55:00,71.61,,,,
08/07/26 10:00:00,71.53,,,,
08/07/26 10:05:00,71.61,,,,
08/07/26 10:10:00,71.53,,,,
08/07/26 10:15:00,71.53,,,,
08/07/26 10:20:00,71.53,,,,
08/07/26 10:25:00,71.61,,,,
08/07/26 10:30:00,71.69,,,,
08/07/26 10:35:00,71.61,,,,
08/07/26 10:40:00,71.61,,,,
08/07/26 10:45:00,71.61,,,,
08/07/26 10:50:00,71.69,,,,
08/07/26 10:55:00,71.69,,,,
08/07/26 11:00:00,71.61,,,,
08/07/26 11:05:00,71.61,,,,
08/07/26 11:10:00,71.69,,,,
08/07/26 11:15:00,71.69,,,,
08/07/26 11:20:00,71.61,,,,
08/07/26 11:25:00,71.69,,,,
08/07/26 11:30:00,71.69,,,,
08/07/26 11:35:00,71.69,,,,
08/07/26 11:40:00,71.61,,,,
08/07/26 11:45:00,71.61,,,,
08/07/26 11:50:00,71.69,,,,
08/07/26 11:55:00,71.69,,,,
08/07/26 12:00:00,71.69,,,,
08/07/26 12:05:00,71.69,,,,
08/07/26 12:10:00,71.69,,,,
08/07/26 12:15:00,71.76,,,,
08/07/26 12:20:00,71.61,,,,
08/07/26 12:25:00,71.76,,,,
08/07/26 12:30:00,71.69,,,,
08/07/26 12:35:00,71.69,,,,
08/07/26 12:40:00,71.69,,,,
08/07/26 12:45:00,71.69,,,,
08/07/26 12:50:00,71.76,,,,
08/07/26 12:55:00,71.76,,,,
08/07/26 13:00:00,71.76,,,,
08/07/26 13:05:00,71.76,,,,
08/07/26 13:10:00,71.84,,,,
08/07/26 13:15:00,71.76,,,,
08/07/26 13:20:00,71.84,,,,
08/07/26 13:25:00,71.76,,,,
08/07/26 13:30:00,71.76,,,,
08/07/26 13:35:00,71.76,,,,
08/07/26 13:40:00,71.76,,,,
08/07/26 13:45:00,71.76,,,,
08/07/26 13:50:00,71.84,,,,
08/07/26 13:55:00,71.76,,,,
08/07/26 14:00:00,71.84,,,,
08/07/26 14:05:00,71.84,,,,
08/07/26 14:10:00,72.00,,,,
08/07/26 14:15:00,71.92,,,,
08/07/26 14:20:00,71.84,,,,
08/07/26 14:25:00,71.92,,,,
08/07/26 14:30:00,71.92,,,,
08/07/26 14:35:00,72.00,,,,
08/07/26 14:40:00,72.07,,,,
08/07/26 14:45:00,71.92,,,,
08/07/26 14:50:00,72.07,,,,
08/07/26 14:55:00,71.92,,,,
08/07/26 15:00:00,71.92,,,,
08/07/26 15:05:00,72.07,,,,
08/07/26 15:10:00,72.07,,,,
08/07/26 15:15:00,72.00,,,,
08/07/26 15:20:00,72.07,,,,
08/07/26 15:25:00,72.07,,,,
08/07/26 15:30:00,72.23,,,,
08/07/26 15:35:00,72.07,,,,
08/07/26 15:40:00,72.07,,,,
08/07/26 15:45:00,72.07,,,,
08/07/26 15:50:00,72.15,,,,
08/07/26 15:55:00,72.15,,,,
08/07/26 16:00:00,72.23,,,,
08/07/26 16:05:00,72.23,,,,
08/07/26 16:10:00,72.15,,,,
08/07/26 16:15:00,72.15,,,,
08/07/26 16:20:00,72.23,,,,
08/07/26 16:25:00,72.15,,,,
08/07/26 16:30:00,72.30,,,,
08/07/26 16:35:00,72.23,,,,
08/07/26 16:40:00,72.30,,,,
08/07/26 16:45:00,72.23,,,,
08/07/26 16:50:00,72.30,,,,
08/07/26 16:55:00,72.30,,,,
08/07/26 17:00:00,72.30,,,,
08/07/26 17:05:00,72.38,,,,
08/07/26 17:10:00,72.38,,,,
08/07/26 17:15:00,72.30,,,,
08/07/26 17:20:00,72.30,,,,
08/07/26 17:25:00,72.38,,,,
08/07/26 17:30:00,72.38,,,,
08/07/26 17:35:00,72.38,,,,
08/07/26 17:40:00,72.38,,,,
08/07/26 17:45:00,72.46,,,,
08/07/26 17:50:00,72.46,,,,
08/07/26 17:55:00,72.46,,,,
08/07/26 18:00:00,72.46,,,,
08/07/26 18:05:00,72.46,,,,
08/07/26 18:10:00,72.38,,,,
08/07/26 18:15:00,72.54,,,,
08/07/26 18:20:00,72.46,,,,
08/07/26 18:25:00,72.46,,,,
08/07/26 18:30:00,72.61,,,,
08/07/26 18:35:00,72.54,,,,
08/07/26 18:40:00,72.61,,,,
08/07/26 18:45:00,72.61,,,,
08/07/26 18:50:00,72.61,,,,
08/07/26 18:55:00,72.61,,,,
08/07/26 19:00:00,72.61,,,,
08/07/26 19:05:00,72.54,,,,
08/07/26 19:10:00,72.61,,,,
08/07/26 19:15:00,72.61,,,,
08/07/26 19:20:00,72.77,,,,
08/07/26 19:25:00,72.69,,,,
08/07/26 19:30:00,72.61,,,,
08/07/26 19:35:00,72.77,,,,
08/07/26 19:40:00,72.69,,,,
08/07/26 19:45:00,72.69,,,,
08/07/26 19:50:00,72.69,,,,
08/07/26 19:55:00,72.77,,,,
08/07/26 20:00:00,72.77,,,,
08/07/26 20:05:00,72.84,,,,
08/07/26 20:10:00,72.84,,,,
08/07/26 20:15:00,72.69,,,,
08/07/26 20:20:00,72.77,,,,
08/07/26 20:25:00,72.84,,,,
08/07/26 20:30:00,72.84,,,,
08/07/26 20:35:00,72.77,,,,
08/07/26 20:40:00,72.84,,,,
08/07/26 20:45:00,72.84,,,,
08/07/26 20:50:00,73.00,,,,
08/07/26 20:55:00,72.77,,,,
08/07/26 21:00:00,72.92,,,,
08/07/26 21:05:00,72.84,,,,
08/07/26 21:10:00,72.92,,,,
08/07/26 21:15:00,72.92,,,,
08/07/26 21:20:00,72.84,,,,
08/07/26 21:25:00,72.84,,,,
08/07/26 21:30:00,72.84,,,,
08/07/26 21:35:00,72.92,,,,
08/07/26 21:40:00,72.92,,,,
08/07/26 21:45:00,72.92,,,,
08/07/26 21:50:00,72.92,,,,
08/07/26 21:55:00,73.00,,,,
08/07/26 22:00:00,72.92,,,,
08/07/26 22:05:00,73.00,,,,
08/07/26 22:10:00,72.92,,,,
08/07/26 22:15:00,73.00,,,,
08/07/26 22:20:00,72.92,,,,
08/07/26 22:25:00,73.00,,,,
08/07/26 22:30:00,73.00,,,,
08/07/26 22:35:00,72.92,,,,
08/07/26 22:40:00,73.00,,,,
08/07/26 22:45:00,73.00,,,,
08/07/26 22:50:00,73.00,,,,
08/07/26 22:55:00,73.00,,,,
08/07/26 23:00:00,72.92,,,,
08/07/26 23:05:00,73.00,,,,
08/07/26 23:10:00,73.00,,,,
08/07/26 23:15:00,72.92,,,,
08/07/26 23:20:00,73.00,,,,
08/07/26 23:25:00,73.00,,,,
08/07/26 23:30:00,73.00,,,,
08/07/26 23:35:00,72.92,,,,
08/07/26 23:40:00,73.00,,,,
08/07/26 23:45:00,72.92,,,,
08/07/26 23:50:00,73.08,,,,
08/07/26 23:55:00,73.00,,,,
08/08/26 00:00:00,72.92,,,,
08/08/26 00:05:00,73.00,,,,
08/08/26 00:10:00,73.00,,,,
08/08/26 00:15:00,73.00,,,,
08/08/26 00:20:00,72.92,,,,
08/08/26 00:25:00,73.00,,,,
08/08/26 00:30:00,73.00,,,,
08/08/26 00:35:00,72.92,,,,
08/08/26 00:40:00,72.92,,,,
08/08/26 00:45:00,73.00,,,,
08/08/26 00:50:00,73.00,,,,
08/08/26 00:55:00,72.92,,,,
08/08/26 01:00:00,73.00,,,,
08/08/26 01:05:00,73.00,,,,
08/08/26 01:10:00,72.92,,,,
08/08/26 01:15:00,72.92,,,,
08/08/26 01:20:00,72.92,,,,
08/08/26 01:25:00,72.92,,,,
08/08/26 01:30:00,72.84,,,,
08/08/26 01:35:00,72.92,,,,
08/08/26 01:40:00,72.92,,,,
08/08/26 01:45:00,72.92,,,,
08/08/26 01:50:00,72.92,,,,
08/08/26 01:55:00,72.84,,,,
08/08/26 02:00:00,72.92,,,,
08/08/26 02:05:00,72.92,,,,
08/08/26 02:10:00,72.84,,,,
08/08/26 02:15:00,72.84,,,,
08/08/26 02:20:00,72.84,,,,
08/08/26 02:25:00,72.92,,,,
08/08/26 02:30:00,72.84,,,,
08/08/26 02:35:00,72.84,,,,
08/08/26 02:40:00,72.77,,,,
08/08/26 02:45:00,72.84,,,,
08/08/26 02:50:00,72.84,,,,
08/08/26 02:55:00,72.69,,,,
08/08/26 03:00:00,72.84,,,,
08/08/26 03:05:00,72.69,,,,
08/08/26 03:10:00,72.77,,,,
08/08/26 03:15:00,72.69,,,,
08/08/26 03:20:00,72.69,,,,
08/08/26 03:25:00,72.77,,,,
08/08/26 03:30:00,72.77,,,,
08/08/26 03:35:00,72.77,,,,
08/08/26 03:40:00,72.61,,,,
08/08/26 03:45:00,72.69,,,,
08/08/26 03:50:00,72.69,,,,
08/08/26 03:55:00,72.69,,,,
08/08/26 04:00:00,72.54,,,,
08/08/26 04:05:00,72.61,,,,
08/08/26 04:10:00,72.54,,,,
08/08/26 04:15:00,72.61,,,,
08/08/26 04:20:00,72.54,,,,
08/08/26 04:25:00,72.61,,,,
08/08/26 04:30:00,72.54,,,,
08/08/26 04:35:00,72.54,,,,
08/08/26 04:40:00,72.54,,,,
08/08/26 04:45:00,72.61,,,,
08/08/26 04:50:00,72.54,,,,
08/08/26 04:55:00,72.46,,,,
08/08/26 05:00:00,72.54,,,,
08/08/26 05:05:00,72.46,,,,
08/08/26 05:10:00,72.46,,,,
08/08/26 05:15:00,72.46,,,,
08/08/26 05:20:00,72.46,,,,
08/08/26 05:25:00,72.38,,,,
08/08/26 05:30:00,72.46,,,,
08/08/26 05:35:00,72.38,,,,
08/08/26 05:40:00,72.38,,,,
08/08/26 05:45:00,72.30,,,,
08/08/26 05:50:00,72.30,,,,
08/08/26 05:55:00,72.23,,,,
08/08/26 06:00:00,72.30,,,,
08/08/26 06:05:00,72.30,,,,
08/08/26 06:10:00,72.30,,,,
08/08/26 06:15:00,72.30,,,,
08/08/26 06:20:00,72.23,,,,
08/08/26 06:25:00,72.23,,,,
08/08/26 06:30:00,72.23,,,,
08/08/26 06:35:00,72.23,,,,
08/08/26 06:40:00,72.23,,,,
08/08/26 06:45:00,72.15,,,,
08/08/26 06:50:00,72.23,,,,
08/08/26 06:55:00,72.23,,,,
08/08/26 07:00:00,72.15,,,,
08/08/26 07:05:00,72.15,,,,
08/08/26 07:10:00,72.07,,,,
08/08/26 07:15:00,72.15,,,,
08/08/26 07:20:00,72.07,,,,
08/08/26 07:25:00,72.00,,,,
08/08/26 07:30:00,72.07,,,,
08/08/26 07:35:00,72.15,,,,
08/08/26 07:40:00,72.00,,,,
08/08/26 07:45:00,71.92,,,,
08/08/26 07:50:00,72.00,,,,
08/08/26 07:55:00,72.00,,,,
08/08/26 08:00:00,71.92,,,,
08/08/26 08:05:00,71.92,,,,
08/08/26 08:10:00,71.92,,,,
08/08/26 08:15:00,71.92,,,,
08/08/26 08:20:00,71.92,,,,
08/08/26 08:25:00,71.92,,,,
08/08/26 08:30:00,71.92,,,,
08/08/26 08:35:00,71.84,,,,
08/08/26 08:40:00,71.76,,,,
08/08/26 08:45:00,71.76,,,,
08/08/26 08:50:00,71.92,,,,
08/08/26 08:55:00,71.84,,,,
08/08/26 09:00:00,71.76,,,,
08/08/26 09:05:00,71.76,,,,
08/08/26 09:10:00,71.76,,,,
08/08/26 09:15:00,71.76,,,,
08/08/26 09:20:00,71.76,,,,
08/08/26 09:25:00,71.69,,,,
08/08/26 09:30:00,71.76,,,,
08/08/26 09:35:00,71.69,,,,
08/08/26 09:40:00,71.61,,,,
08/08/26 09:45:00,71.69,,,,
08/08/26 09:50:00,71.61,,,,
08/08/26 09:55:00,71.69,,,,
08/08/26 10:00:00,71.61,,,,
08/08/26 10:05:00,71.69,,,,
08/08/26 10:10:00,71.61,,,,
08/08/26 10:15:00,71.61,,,,
08/08/26 10:20:00,71.61,,,,
08/08/26 10:25:00,71.53,,,,
08/08/26 10:30:00,71.61,,,,
08/08/26 10:35:00,71.53,,,,
08/08/26 10:40:00,71.45,,,,
08/08/26 10:45:00,71.53,,,,
08/08/26 10:50:00,71.53,,,,
08/08/26 10:55:00,71.45,,,,
08/08/26 11:00:00,71.45,,,,
08/08/26 11:05:00,71.61,,,,
08/08/26 11:10:00,71.45,,,,
08/08/26 11:15:00,71.45,,,,
08/08/26 11:20:00,71.45,,,,
08/08/26 11:25:00,71.53,,,,
08/08/26 11:30:00,71.45,,,,
08/08/26 11:35:00,71.45,,,,
08/08/26 11:40:00,71.38,,,,
08/08/26 11:45:00,71.45,,,,
08/08/26 11:50:00,71.45,,,,
08/08/26 11:55:00,71.45,,,,
08/08/26 12:00:00,71.45,,,,
08/08/26 12:05:00,71.38,,,,
08/08/26 12:10:00,71.38,,,,
08/08/26 12:15:00,71.45,,,,
08/08/26 12:20:00,71.45,,,,
08/08/26 12:25:00,71.45,,,,
08/08/26 12:30:00,71.38,,,,
08/08/26 12:35:00,71.45,,,,
08/08/26 12:40:00,71.45,,,,
08/08/26 12:45:00,71.53,,,,
08/08/26 12:50:00,71.45,,,,
08/08/26 12:55:00,71.45,,,,
08/08/26 13:00:00,71.45,,,,
08/08/26 13:05:00,71.45,,,,
08/08/26 13:10:00,71.45,,,,
08/08/26 13:15:00,71.53,,,,
08/08/26 13:20:00,71.45,,,,
08/08/26 13:25:00,71.45,,,,
08/08/26 13:30:00,71.45,,,,
08/08/26 13:35:00,71.45,,,,
08/08/26 13:40:00,71.53,,,,
08/08/26 13:45:00,71.61,,,,
08/08/26 13:50:00,71.53,,,,
08/08/26 13:55:00,71.53,,,,
08/08/26 14:00:00,71.53,,,,
08/08/26 14:05:00,71.53,,,,
08/08/26 14:10:00,71.61,,,,
08/08/26 14:15:00,71.53,,,,
08/08/26 14:20:00,71.61,,,,
08/08/26 14:25:00,71.61,,,,
08/08/26 14:30:00,71.61,,,,
08/08/26 14:35:00,71.61,,,,
08/08/26 14:40:00,71.61,,,,
08/08/26 14:45:00,71.61,,,,
08/08/26 14:50:00,71.61,,,,
08/08/26 14:55:00,71.61,,,,
08/08/26 15:00:00,71.69,,,,
08/08/26 15:05:00,71.61,,,,
08/08/26 15:10:00,71.69,,,,
08/08/26 15:15:00,71.69,,,,
08/08/26 15:20:00,71.76,,,,
08/08/26 15:25:00,71.69,,,,
08/08/26 15:30:00,71.61,,,,
08/08/26 15:35:00,71.76,,,,
08/08/26 15:40:00,71.76,,,,
08/08/26 15:45:00,71.76,,,,
08/08/26 15:50:00,71.76,,,,
08/08/26 15:55:00,71.76,,,,
08/08/26 16:00:00,71.76,,,,
08/08/26 16:05:00,71.76,,,,
08/08/26 16:10:00,71.76,,,,
08/08/26 16:15:00,71.84,,,,
08/08/26 16:20:00,71.84,,,,
08/08/26 16:25:00,71.84,,,,
08/08/26 16:30:00,71.84,,,,
08/08/26 16:35:00,71.84,,,,
08/08/26 16:40:00,71.92,,,,
08/08/26 16:45:00,71.84,,,,
08/08/26 16:50:00,71.92,,,,
08/08/26 16:55:00,71.84,,,,
08/08/26 17:00:00,71.92,,,,
08/08/26 17:05:00,71.92,,,,
08/08/26 17:10:00,71.92,,,,
08/08/26 17:15:00,71.84,,,,
08/08/26 17:20:00,72.00,,,,
08/08/26 17:25:00,71.92,,,,
08/08/26 17:30:00,72.00,,,,
08/08/26 17:35:00,72.00,,,,
08/08/26 17:40:00,72.07,,,,
08/08/26 17:45:00,72.00,,,,
08/08/26 17:50:00,72.00,,,,
08/08/26 17:55:00,72.07,,,,
08/08/26 18:00:00,72.07,,,,
08/08/26 18:05:00,72.00,,,,
08/08/26 18:10:00,72.07,,,,
08/08/26 18:15:00,72.07,,,,
08/08/26 18:20:00,72.07,,,,
08/08/26 18:25:00,72.07,,,,
08/08/26 18:30:00,72.15,,,,
08/08/26 18:35:00,72.07,,,,
08/08/26 18:40:00,72.15,,,,
08/08/26 18:45:00,72.23,,,,
08/08/26 18:50:00,72.23,,,,
08/08/26 18:55:00,72.15,,,,
08/08/26 19:00:00,72.23,,,,
08/08/26 19:05:00,72.15,,,,
08/08/26 19:10:00,72.15,,,,
08/08/26 19:15:00,72.23,,,,
08/08/26 19:20:00,72.23,,,,
08/08/26 19:25:00,72.23,,,,
08/08/26 19:30:00,72.23,,,,
08/08/26 19:35:00,72.23,,,,
08/08/26 19:40:00,72.30,,,,
08/08/26 19:45:00,72.30,,,,
08/08/26 19:50:00,72.23,,,,
08/08/26 19:55:00,72.30,,,,
08/08/26 20:00:00,72.30,,,,
08/08/26 20:05:00,72.38,,,,
08/08/26 20:10:00,72.30,,,,
08/08/26 20:15:00,72.23,,,,
08/08/26 20:20:00,72.30,,,,
08/08/26 20:25:00,72.30,,,,
08/08/26 20:30:00,72.38,,,,
08/08/26 20:35:00,72.38,,,,
08/08/26 20:40:00,72.38,,,,
08/08/26 20:45:00,72.38,,,,
08/08/26 20:50:00,72.46,,,,
08/08/26 20:55:00,72.38,,,,
08/08/26 21:00:00,72.46,,,,
08/08/26 21:05:00,72.46,,,,
08/08/26 21:10:00,72.46,,,,
08/08/26 21:15:00,72.46,,,,
08/08/26 21:20:00,72.38,,,,
08/08/26 21:25:00,72.38,,,,
08/08/26 21:30:00,72.46,,,,
08/08/26 21:35:00,72.46,,,,
08/08/26 21:40:00,72.46,,,,
08/08/26 21:45:00,72.38,,,,
08/08/26 21:50:00,72.54,,,,
08/08/26 21:55:00,72.46,,,,
08/08/26 22:00:00,72.54,,,,
08/08/26 22:05:00,72.46,,,,
08/08/26 22:10:00,72.46,,,,
08/08/26 22:15:00,72.54,,,,
08/08/26 22:20:00,72.54,,,,
08/08/26 22:25:00,72.54,,,,
08/08/26 22:30:00,72.38,,,,
08/08/26 22:35:00,72.54,,,,
08/08/26 22:40:00,72.54,,,,
08/08/26 22:45:00,72.46,,,,
08/08/26 22:50:00,72.54,,,,
08/08/26 22:55:00,72.46,,,,
08/08/26 23:00:00,72.61,,,,
08/08/26 23:05:00,72.54,,,,
08/08/26 23:10:00,72.54,,,,
08/08/26 23:15:00,72.54,,,,
08/08/26 23:20:00,72.54,,,,
08/08/26 23:25:00,72.61,,,,
08/08/26 23:30:00,72.54,,,,
08/08/26 23:35:00,72.54,,,,
08/08/26 23:40:00,72.54,,,,
08/08/26 23:45:00,72.54,,,,
08/08/26 23:50:00,72.54,,,,
08/08/26 23:55:00,72.54,,,,
08/09/26 00:00:00,72.54,,,,
08/09/26 00:05:00,72.54,,,,
08/09/26 00:10:00,72.61,,,,
08/09/26 00:15:00,72.46,,,,
08/09/26 00:20:00,72.61,,,,
08/09/26 00:25:00,72.54,,,,
08/09/26 00:30:00,72.38,,,,
08/09/26 00:35:00,72.54,,,,
08/09/26 00:40:00,72.54,,,,
08/09/26 00:45:00,72.54,,,,
08/09/26 00:50:00,72.61,,,,
08/09/26 00:55:00,72.46,,,,
08/09/26 01:00:00,72.54,,,,
08/09/26 01:05:00,72.54,,,,
08/09/26 01:10:00,72.46,,,,
08/09/26 01:15:00,72.46,,,,
08/09/26 01:20:00,72.46,,,,
08/09/26 01:25:00,72.38,,,,
08/09/26 01:30:00,72.38,,,,
08/09/26 01:35:00,72.46,,,,
08/09/26 01:40:00,72.46,,,,
08/09/26 01:45:00,72.38,,,,
08/09/26 01:50:00,72.46,,,,
08/09/26 01:55:00,72.30,,,,
08/09/26 02:00:00,72.46,,,,
08/09/26 02:05:00,72.38,,,,
08/09/26 02:10:00,72.38,,,,
08/09/26 02:15:00,72.38,,,,
08/09/26 02:20:00,72.46,,,,
08/09/26 02:25:00,72.23,,,,
08/09/26 02:30:00,72.38,,,,
08/09/26 02:35:00,72.38,,,,
08/09/26 02:40:00,72.38,,,,
08/09/26 02:45:00,72.30,,,,
08/09/26 02:50:00,72.30,,,,
08/09/26 02:55:00,72.30,,,,
08/09/26 03:00:00,72.38,,,,
08/09/26 03:05:00,72.30,,,,
08/09/26 03:10:00,72.23,,,,
08/09/26 03:15:00,72.30,,,,
08/09/26 03:20:00,72.23,,,,
08/09/26 03:25:00,72.23,,,,
08/09/26 03:30:00,72.23,,,,
08/09/26 03:35:00,72.23,,,,
08/09/26 03:40:00,72.23,,,,
08/09/26 03:45:00,72.23,,,,
08/09/26 03:50:00,72.15,,,,
08/09/26 03:55:00,72.07,,,,
08/09/26 04:00:00,72.15,,,,
08/09/26 04:05:00,72.07,,,,
08/09/26 04:10:00,72.15,,,,
08/09/26 04:15:00,72.07,,,,
08/09/26 04:20:00,72.15,,,,
08/09/26 04:25:00,72.07,,,,
08/09/26 04:30:00,72.07,,,,
08/09/26 04:35:00,71.92,,,,
08/09/26 04:40:00,72.07,,,,
08/09/26 04:45:00,72.00,,,,
08/09/26 04:50:00,72.00,,,,
08/09/26 04:55:00,71.92,,,,
08/09/26 05:00:00,71.92,,,,
08/09/26 05:05:00,71.84,,,,
08/09/26 05:10:00,71.92,,,,
08/09/26 05:15:00,71.92,,,,
08/09/26 05:20:00,71.92,,,,
08/09/26 05:25:00,71.84,,,,
08/09/26 05:30:00,71.84,,,,
08/09/26 05:35:00,71.84,,,,
08/09/26 05:40:00,71.84,,,,
08/09/26 05:45:00,71.76,,,,
08/09/26 05:50:00,71.84,,,,
08/09/26 05:55:00,71.84,,,,
08/09/26 06:00:00,71.76,,,,
08/09/26 06:05:00,71.69,,,,
08/09/26 06:10:00,71.76,,,,
08/09/26 06:15:00,71.69,,,,
08/09/26 06:20:00,71.61,,,,
08/09/26 06:25:00,71.69,,,,
08/09/26 06:30:00,71.69,,,,
08/09/26 06:35:00,71.61,,,,
08/09/26 06:40:00,71.61,,,,
08/09/26 06:45:00,71.61,,,,
08/09/26 06:50:00,71.61,,,,
08/09/26 06:55:00,71.61,,,,
08/09/26 07:00:00,71.61,,,,
08/09/26 07:05:00,71.61,,,,
08/09/26 07:10:00,71.53,,,,
08/09/26 07:15:00,71.61,,,,
08/09/26 07:20:00,71.45,,,,
08/09/26 07:25:00,71.53,,,,
08/09/26 07:30:00,71.53,,,,
08/09/26 07:35:00,71.45,,,,
08/09/26 07:40:00,71.45,,,,
08/09/26 07:45:00,71.38,,,,
08/09/26 07:50:00,71.30,,,,
08/09/26 07:55:00,71.30,,,,
08/09/26 08:00:00,71.38,,,,
08/09/26 08:05:00,71.38,,,,
08/09/26 08:10:00,71.30,,,,
08/09/26 08:15:00,71.30,,,,
08/09/26 08:20:00,71.22,,,,
08/09/26 08:25:00,71.22,,,,
08/09/26 08:30:00,71.22,,,,
08/09/26 08:35:00,71.22,,,,
08/09/26 08:40:00,71.15,,,,
08/09/26 08:45:00,71.15,,,,
08/09/26 08:50:00,71.15,,,,
08/09/26 08:55:00,71.22,,,,
08/09/26 09:00:00,71.15,,,,
08/09/26 09:05:00,71.15,,,,
08/09/26 09:10:00,71.15,,,,
08/09/26 09:15:00,71.07,,,,
08/09/26 09:20:00,71.07,,,,
08/09/26 09:25:00,71.07,,,,
08/09/26 09:30:00,71.07,,,,
08/09/26 09:35:00,70.99,,,,
08/09/26 09:40:00,71.07,,,,
08/09/26 09:45:00,70.99,,,,
08/09/26 09:50:00,71.07,,,,
08/09/26 09:55:00,70.99,,,,
08/09/26 10:00:00,70.99,,,,
08/09/26 10:05:00,70.99,,,,
08/09/26 10:10:00,70.99,,,,
08/09/26 10:15:00,70.99,,,,
08/09/26 10:20:00,70.99,,,,
08/09/26 10:25:00,70.91,,,,
08/09/26 10:30:00,70.91,,,,
08/09/26 10:35:00,70.91,,,,
08/09/26 10:40:00,70.91,,,,
08/09/26 10:45:00,70.91,,,,
08/09/26 10:50:00,70.84,,,,
08/09/26 10:55:00,70.84,,,,
08/09/26 11:00:00,70.91,,,,
08/09/26 11:05:00,70.84,,,,
08/09/26 11:10:00,70.76,,,,
08/09/26 11:15:00,70.84,,,,
08/09/26 11:20:00,70.84,,,,
08/09/26 11:25:00,70.84,,,,
08/09/26 11:30:00,70.76,,,,
08/09/26 11:35:00,70.84,,,,
08/09/26 11:40:00,70.91,,,,
08/09/26 11:45:00,70.91,,,,
08/09/26 11:50:00,70.84,,,,
08/09/26 11:55:00,70.84,,,,
08/09/26 12:00:00,70.76,,,,
08/09/26 12:05:00,70.84,,,,
08/09/26 12:10:00,70.76,,,,
08/09/26 12:15:00,70.76,,,,
08/09/26 12:20:00,70.84,,,,
08/09/26 12:25:00,70.76,,,,
08/09/26 12:30:00,70.76,,,,
08/09/26 12:35:00,70.76,,,,
08/09/26 12:40:00,70.84,,,,
08/09/26 12:45:00,70.76,,,,
08/09/26 12:50:00,70.76,,,,
08/09/26 12:55:00,70.76,,,,
08/09/26 13:00:00,70.68,,,,
08/09/26 13:05:00,70.68,,,,
08/09/26 13:10:00,70.84,,,,
08/09/26 13:15:00,70.84,,,,
08/09/26 13:20:00,70.84,,,,
08/09/26 13:25:00,70.84,,,,
08/09/26 13:30:00,70.76,,,,
08/09/26 13:35:00,70.76,,,,
08/09/26 13:40:00,70.84,,,,
08/09/26 13:45:00,70.84,,,,
08/09/26 13:50:00,70.91,,,,
08/09/26 13:55:00,70.84,,,,
08/09/26 14:00:00,70.84,,,,
08/09/26 14:05:00,70.91,,,,
08/09/26 14:10:00,70.91,,,,
08/09/26 14:15:00,70.84,,,,
08/09/26 14:20:00,70.84,,,,
08/09/26 14:25:00,70.84,,,,
08/09/26 14:30:00,70.84,,,,
08/09/26 14:35:00,70.84,,,,
08/09/26 14:40:00,70.91,,,,
08/09/26 14:45:00,70.84,,,,
08/09/26 14:50:00,70.84,,,,
08/09/26 14:55:00,70.84,,,,
08/09/26 15:00:00,70.91,,,,
08/09/26 15:05:00,70.91,,,,
08/09/26 15:10:00,70.91,,,,
08/09/26 15:15:00,70.91,,,,
08/09/26 15:20:00,70.99,,,,
08/09/26 15:25:00,70.99,,,,
08/09/26 15:30:00,70.91,,,,
08/09/26 15:35:00,70.99,,,,
08/09/26 15:40:00,70.91,,,,
08/09/26 15:45:00,70.99,,,,
08/09/26 15:50:00,70.91,,,,
08/09/26 15:55:00,70.91,,,,
08/09/26 16:00:00,70.99,,,,
08/09/26 16:05:00,70.99,,,,
08/09/26 16:10:00,70.99,,,,
08/09/26 16:15:00,71.07,,,,
08/09/26 16:20:00,70.99,,,,
08/09/26 16:25:00,71.07,,,,
08/09/26 16:30:00,71.07,,,,
08/09/26 16:35:00,70.99,,,,
08/09/26 16:40:00,71.07,,,,
08/09/26 16:45:00,71.07,,,,
08/09/26 16:50:00,71.07,,,,
08/09/26 16:55:00,71.07,,,,
08/09/26 17:00:00,71.07,,,,
08/09/26 17:05:00,71.07,,,,
08/09/26 17:10:00,71.15,,,,
08/09/26 17:15:00,71.07,,,,
08/09/26 17:20:00,71.15,,,,
08/09/26 17:25:00,71.15,,,,
08/09/26 17:30:00,71.22,,,,
08/09/26 17:35:00,71.07,,,,
08/09/26 17:40:00,71.07,,,,
08/09/26 17:45:00,71.22,,,,
08/09/26 17:50:00,71.15,,,,
08/09/26 17:55:00,71.15,,,,
08/09/26 18:00:00,71.22,,,,
08/09/26 18:05:00,71.15,,,,
08/09/26 18:10:00,71.15,,,,
08/09/26 18:15:00,71.15,,,,
08/09/26 18:20:00,71.22,,,,
08/09/26 18:25:00,71.15,,,,
08/09/26 18:30:00,71.15,,,,
08/09/26 18:35:00,71.15,,,,
08/09/26 18:40:00,71.22,,,,
08/09/26 18:45:00,71.15,,,,
08/09/26 18:50:00,71.22,,,,
08/09/26 18:55:00,71.22,,,,
08/09/26 19:00:00,71.22,,,,
08/09/26 19:05:00,71.22,,,,
08/09/26 19:10:00,71.22,,,,
08/09/26 19:15:00,71.22,,,,
08/09/26 19:20:00,71.22,,,,
08/09/26 19:25:00,71.30,,,,
08/09/26 19:30:00,71.38,,,,
08/09/26 19:35:00,71.30,,,,
08/09/26 19:40:00,71.30,,,,
08/09/26 19:45:00,71.30,,,,
08/09/26 19:50:00,71.30,,,,
08/09/26 19:55:00,71.38,,,,
08/09/26 20:00:00,71.30,,,,
08/09/26 20:05:00,71.38,,,,
08/09/26 20:10:00,71.30,,,,
08/09/26 20:15:00,71.38,,,,
08/09/26 20:20:00,71.38,,,,
08/09/26 20:25:00,71.38,,,,
08/09/26 20:30:00,71.38,,,,
08/09/26 20:35:00,71.38,,,,
08/09/26 20:40:00,71.38,,,,
08/09/26 20:45:00,71.38,,,,
08/09/26 20:50:00,71.30,,,,
08/09/26 20:55:00,71.38,,,,
08/09/26 21:00:00,71.38,,,,
08/09/26 21:05:00,71.38,,,,
08/09/26 21:10:00,71.38,,,,
08/09/26 21:15:00,71.38,,,,
08/09/26 21:20:00,71.45,,,,
08/09/26 21:25:00,71.38,,,,
08/09/26 21:30:00,71.38,,,,
08/09/26 21:35:00,71.38,,,,
08/09/26 21:40:00,71.45,,,,
08/09/26 21:45:00,71.38,,,,
08/09/26 21:50:00,71.45,,,,
08/09/26 21:55:00,71.45,,,,
08/09/26 22:00:00,71.30,,,,
08/09/26 22:05:00,71.38,,,,
08/09/26 22:10:00,71.45,,,,
08/09/26 22:15:00,71.38,,,,
08/09/26 22:20:00,71.38,,,,
08/09/26 22:25:00,71.38,,,,
08/09/26 22:30:00,71.38,,,,
08/09/26 22:35:00,71.38,,,,
08/09/26 22:40:00,71.45,,,,
08/09/26 22:45:00,71.45,,,,
08/09/26 22:50:00,71.45,,,,
08/09/26 22:55:00,71.45,,,,
08/09/26 23:00:00,71.45,,,,
08/09/26 23:05:00,71.38,,,,
08/09/26 23:10:00,71.45,,,,
08/09/26 23:15:00,71.38,,,,
08/09/26 23:20:00,71.38,,,,
08/09/26 23:25:00,71.38,,,,
08/09/26 23:30:00,71.38,,,,
08/09/26 23:35:00,71.38,,,,
08/09/26 23:40:00,71.45,,,,
08/09/26 23:45:00,71.38,,,,
08/09/26 23:50:00,71.30,,,,
08/09/26 23:55:00,71.38,,,,
08/10/26 00:00:00,71.38,,,,
08/10/26 00:05:00,71.30,,,,
08/10/26 00:10:00,71.30,,,,
08/10/26 00:15:00,71.30,,,,
08/10/26 00:20:00,71.38,,,,
08/10/26 00:25:00,71.38,,,,
08/10/26 00:30:00,71.30,,,,
08/10/26 00:35:00,71.22,,,,
08/10/26 00:40:00,71.38,,,,
08/10/26 00:45:00,71.30,,,,
08/10/26 00:50:00,71.30,,,,
08/10/26 00:55:00,71.30,,,,
08/10/26 01:00:00,71.30,,,,
08/10/26 01:05:00,71.22,,,,
08/10/26 01:10:00,71.30,,,,
08/10/26 01:15:00,71.30,,,,
08/10/26 01:20:00,71.30,,,,
08/10/26 01:25:00,71.30,,,,
08/10/26 01:30:00,71.30,,,,
08/10/26 01:35:00,71.30,,,,
08/10/26 01:40:00,71.30,,,,
08/10/26 01:45:00,71.30,,,,
08/10/26 01:50:00,71.22,,,,
08/10/26 01:55:00,71.22,,,,
08/10/26 02:00:00,71.22,,,,
08/10/26 02:05:00,71.15,,,,
08/10/26 02:10:00,71.22,,,,
08/10/26 02:15:00,71.15,,,,
08/10/26 02:20:00,71.15,,,,
08/10/26 02:25:00,71.22,,,,
08/10/26 02:30:00,71.15,,,,
08/10/26 02:35:00,71.15,,,,
08/10/26 02:40:00,71.07,,,,
08/10/26 02:45:00,71.15,,,,
08/10/26 02:50:00,71.07,,,,
08/10/26 02:55:00,71.15,,,,
08/10/26 03:00:00,71.15,,,,
08/10/26 03:05:00,71.15,,,,
08/10/26 03:10:00,71.15,,,,
08/10/26 03:15:00,71.07,,,,
08/10/26 03:20:00,70.99,,,,
08/10/26 03:25:00,70.99,,,,
08/10/26 03:30:00,70.99,,,,
08/10/26 03:35:00,71.07,,,,
08/10/26 03:40:00,70.99,,,,
08/10/26 03:45:00,70.91,,,,
08/10/26 03:50:00,70.99,,,,
08/10/26 03:55:00,70.99,,,,
08/10/26 04:00:00,70.91,,,,
08/10/26 04:05:00,70.84,,,,
08/10/26 04:10:00,70.91,,,,
08/10/26 04:15:00,70.84,,,,
08/10/26 04:20:00,70.91,,,,
08/10/26 04:25:00,70.84,,,,
08/10/26 04:30:00,70.91,,,,
08/10/26 04:35:00,70.91,,,,
08/10/26 04:40:00,70.84,,,,
08/10/26 04:45:00,70.84,,,,
08/10/26 04:50:00,70.76,,,,
08/10/26 04:55:00,70.84,,,,
08/10/26 05:00:00,70.76,,,,
08/10/26 05:05:00,70.76,,,,
08/10/26 05:10:00,70.68,,,,
08/10/26 05:15:00,70.76,,,,
08/10/26 05:20:00,70.68,,,,
08/10/26 05:25:00,70.68,,,,
08/10/26 05:30:00,70.68,,,,
08/10/26 05:35:00,70.68,,,,
08/10/26 05:40:00,70.68,,,,
08/10/26 05:45:00,70.68,,,,
08/10/26 05:50:00,70.61,,,,
08/10/26 05:55:00,70.68,,,,
08/10/26 06:00:00,70.53,,,,
08/10/26 06:05:00,70.68,,,,
08/10/26 06:10:00,70.53,,,,
08/10/26 06:15:00,70.61,,,,
08/10/26 06:20:00,70.53,,,,
08/10/26 06:25:00,70.53,,,,
08/10/26 06:30:00,70.45,,,,
08/10/26 06:35:00,70.45,,,,
08/10/26 06:40:00,70.53,,,,
08/10/26 06:45:00,70.37,,,,
08/10/26 06:50:00,70.45,,,,
08/10/26 06:55:00,70.37,,,,
08/10/26 07:00:00,70.37,,,,
08/10/26 07:05:00,70.37,,,,
08/10/26 07:10:00,70.37,,,,
08/10/26 07:15:00,70.30,,,,
08/10/26 07:20:00,70.30,,,,
08/10/26 07:25:00,70.30,,,,
08/10/26 07:30:00,70.30,,,,
08/10/26 07:35:00,70.22,,,,
08/10/26 07:40:00,70.30,,,,
08/10/26 07:45:00,70.22,,,,
08/10/26 07:50:00,70.22,,,,
08/10/26 07:55:00,70.30,,,,
08/10/26 08:00:00,70.22,,,,
08/10/26 08:05:00,70.22,,,,
08/10/26 08:10:00,70.22,,,,
08/10/26 08:15:00,70.14,,,,
08/10/26 08:20:00,70.14,,,,
08/10/26 08:25:00,70.06,,,,
08/10/26 08:30:00,70.06,,,,
08/10/26 08:35:00,70.14,,,,
08/10/26 08:40:00,70.14,,,,
08/10/26 08:45:00,70.06,,,,
08/10/26 08:50:00,69.99,,,,
08/10/26 08:55:00,69.99,,,,
08/10/26 09:00:00,69.99,,,,
08/10/26 09:05:00,69.91,,,,
08/10/26 09:10:00,69.99,,,,
08/10/26 09:15:00,69.99,,,,
08/10/26 09:20:00,69.91,,,,
08/10/26 09:25:00,69.99,,,,
08/10/26 09:30:00,69.99,,,,
08/10/26 09:35:00,69.91,,,,
08/10/26 09:40:00,69.91,,,,
08/10/26 09:45:00,69.83,,,,
08/10/26 09:50:00,69.83,,,,
08/10/26 09:55:00,69.83,,,,
08/10/26 10:00:00,69.83,,,,
08/10/26 10:05:00,69.83,,,,
08/10/26 10:10:00,69.91,,,,
08/10/26 10:15:00,69.76,,,,
08/10/26 10:20:00,69.76,,,,
08/10/26 10:25:00,69.76,,,,
08/10/26 10:30:00,69.83,,,,
08/10/26 10:35:00,69.76,,,,
08/10/26 10:40:00,69.83,,,,
08/10/26 10:45:00,69.68,,,,
08/10/26 10:50:00,69.68,,,,
08/10/26 10:55:00,69.83,,,,
08/10/26 11:00:00,69.68,,,,
08/10/26 11:05:00,69.68,,,,
08/10/26 11:10:00,69.68,,,,
08/10/26 11:15:00,69.68,,,,
08/10/26 11:20:00,69.68,,,,
08/10/26 11:25:00,69.76,,,,
08/10/26 11:30:00,69.76,,,,
08/10/26 11:35:00,69.68,,,,
08/10/26 11:40:00,69.76,,,,
08/10/26 11:45:00,69.68,,,,
08/10/26 11:50:00,69.83,,,,
08/10/26 11:55:00,69.76,,,,
08/10/26 12:00:00,69.68,,,,
08/10/26 12:05:00,69.83,,,,
08/10/26 12:10:00,69.76,,,,
08/10/26 12:15:00,69.76,,,,
08/10/26 12:20:00,69.76,,,,
08/10/26 12:25:00,69.76,,,,
08/10/26 12:30:00,69.76,,,,
08/10/26 12:35:00,69.76,,,,
08/10/26 12:40:00,69.83,,,,
08/10/26 12:45:00,69.83,,,,
08/10/26 12:50:00,69.83,,,,
08/10/26 12:55:00,69.83,,,,
08/10/26 13:00:00,69.83,,,,
08/10/26 13:05:00,69.91,,,,
08/10/26 13:10:00,69.83,,,,
08/10/26 13:15:00,69.83,,,,
08/10/26 13:20:00,69.83,,,,
08/10/26 13:25:00,69.83,,,,
08/10/26 13:30:00,69.83,,,,
08/10/26 13:35:00,69.83,,,,
08/10/26 13:40:00,69.91,,,,
08/10/26 13:45:00,69.83,,,,
08/10/26 13:50:00,69.83,,,,
08/10/26 13:55:00,69.83,,,,
08/10/26 14:00:00,69.83,,,,
08/10/26 14:05:00,69.83,,,,
08/10/26 14:10:00,69.91,,,,
08/10/26 14:15:00,69.99,,,,
08/10/26 14:20:00,69.91,,,,
08/10/26 14:25:00,69.99,,,,
08/10/26 14:30:00,69.91,,,,
08/10/26 14:35:00,69.91,,,,
08/10/26 14:40:00,69.91,,,,
08/10/26 14:45:00,69.83,,,,
08/10/26 14:50:00,69.91,,,,
08/10/26 14:55:00,69.99,,,,
08/10/26 15:00:00,69.91,,,,
08/10/26 15:05:00,69.91,,,,
08/10/26 15:10:00,69.99,,,,
08/10/26 15:15:00,69.99,,,,
08/10/26 15:20:00,69.91,,,,
08/10/26 15:25:00,69.99,,,,
08/10/26 15:30:00,69.99,,,,
08/10/26 15:35:00,69.99,,,,
08/10/26 15:40:00,69.99,,,,
08/10/26 15:45:00,70.06,,,,
08/10/26 15:50:00,69.99,,,,
08/10/26 15:55:00,69.99,,,,
08/10/26 16:00:00,69.91,,,,
08/10/26 16:05:00,70.06,,,,
08/10/26 16:10:00,70.06,,,,
08/10/26 16:15:00,70.06,,,,
08/10/26 16:20:00,70.14,,,,
08/10/26 16:25:00,69.99,,,,
08/10/26 16:30:00,69.99,,,,
08/10/26 16:35:00,69.99,,,,
08/10/26 16:40:00,69.99,,,,
08/10/26 16:45:00,69.91,,,,
08/10/26 16:50:00,70.14,,,,
08/10/26 16:55:00,69.99,,,,
08/10/26 17:00:00,70.06,,,,
08/10/26 17:05:00,69.99,,,,
08/10/26 17:10:00,70.14,,,,
08/10/26 17:15:00,70.14,,,,
08/10/26 17:20:00,70.06,,,,
08/10/26 17:25:00,70.14,,,,
08/10/26 17:30:00,70.14,,,,
08/10/26 17:35:00,70.06,,,,
08/10/26 17:40:00,70.14,,,,
08/10/26 17:45:00,70.14,,,,
08/10/26 17:50:00,70.14,,,,
08/10/26 17:55:00,70.14,,,,
08/10/26 18:00:00,70.14,,,,
08/10/26 18:05:00,70.14,,,,
08/10/26 18:10:00,70.14,,,,
08/10/26 18:15:00,70.14,,,,
08/10/26 18:20:00,70.14,,,,
08/10/26 18:25:00,70.14,,,,
08/10/26 18:30:00,70.14,,,,
08/10/26 18:35:00,70.14,,,,
08/10/26 18:40:00,70.14,,,,
08/10/26 18:45:00,70.14,,,,
08/10/26 18:50:00,70.22,,,,
08/10/26 18:55:00,70.22,,,,
08/10/26 19:00:00,70.22,,,,
08/10/26 19:05:00,70.22,,,,
08/10/26 19:10:00,70.30,,,,
08/10/26 19:15:00,70.14,,,,
08/10/26 19:20:00,70.22,,,,
08/10/26 19:25:00,70.14,,,,
08/10/26 19:30:00,70.30,,,,
08/10/26 19:35:00,70.22,,,,
08/10/26 19:40:00,70.22,,,,
08/10/26 19:45:00,70.22,,,,
08/10/26 19:50:00,70.22,,,,
08/10/26 19:55:00,70.22,,,,
08/10/26 20:00:00,70.30,,,,
08/10/26 20:05:00,70.22,,,,
08/10/26 20:10:00,70.22,,,,
08/10/26 20:15:00,70.22,,,,
08/10/26 20:20:00,70.22,,,,
08/10/26 20:25:00,70.30,,,,
08/10/26 20:30:00,70.22,,,,
08/10/26 20:35:00,70.30,,,,
08/10/26 20:40:00,70.22,,,,
08/10/26 20:45:00,70.30,,,,
08/10/26 20:50:00,70.30,,,,
08/10/26 20:55:00,70.30,,,,
08/10/26 21:00:00,70.37,,,,
08/10/26 21:05:00,70.37,,,,
08/10/26 21:10:00,70.30,,,,
08/10/26 21:15:00,70.37,,,,
08/10/26 21:20:00,70.37,,,,
08/10/26 21:25:00,70.22,,,,
08/10/26 21:30:00,70.30,,,,
08/10/26 21:35:00,70.30,,,,
08/10/26 21:40:00,70.37,,,,
08/10/26 21:45:00,70.30,,,,
08/10/26 21:50:00,70.22,,,,
08/10/26 21:55:00,70.37,,,,
08/10/26 22:00:00,70.30,,,,
08/10/26 22:05:00,70.45,,,,
08/10/26 22:10:00,70.37,,,,
08/10/26 22:15:00,70.30,,,,
08/10/26 22:20:00,70.45,,,,
08/10/26 22:25:00,70.37,,,,
08/10/26 22:30:00,70.37,,,,
08/10/26 22:35:00,70.30,,,,
08/10/26 22:40:00,70.30,,,,
08/10/26 22:45:00,70.37,,,,
08/10/26 22:50:00,70.37,,,,
08/10/26 22:55:00,70.45,,,,
08/10/26 23:00:00,70.37,,,,
08/10/26 23:05:00,70.37,,,,
08/10/26 23:10:00,70.30,,,,
08/10/26 23:15:00,70.45,,,,
08/10/26 23:20:00,70.37,,,,
08/10/26 23:25:00,70.30,,,,
08/10/26 23:30:00,70.37,,,,
08/10/26 23:35:00,70.37,,,,
08/10/26 23:40:00,70.37,,,,
08/10/26 23:45:00,70.37,,,,
08/10/26 23:50:00,70.45,,,,
08/10/26 23:55:00,70.37,,,,
08/11/26 00:00:00,70.37,,,,
08/11/26 00:05:00,70.37,,,,
08/11/26 00:10:00,70.37,,,,
08/11/26 00:15:00,70.37,,,,
08/11/26 00:20:00,70.37,,,,
08/11/26 00:25:00,70.37,,,,
08/11/26 00:30:00,70.37,,,,
08/11/26 00:35:00,70.37,,,,
08/11/26 00:40:00,70.37,,,,
08/11/26 00:45:00,70.37,,,,
08/11/26 00:50:00,70.30,,,,
08/11/26 00:55:00,70.30,,,,
08/11/26 01:00:00,70.37,,,,
08/11/26 01:05:00,70.30,,,,
08/11/26 01:10:00,70.30,,,,
08/11/26 01:15:00,70.30,,,,
08/11/26 01:20:00,70.30,,,,
08/11/26 01:25:00,70.37,,,,
08/11/26 01:30:00,70.37,,,,
08/11/26 01:35:00,70.37,,,,
08/11/26 01:40:00,70.22,,,,
08/11/26 01:45:00,70.30,,,,
08/11/26 01:50:00,70.37,,,,
08/11/26 01:55:00,70.22,,,,
08/11/26 02:00:00,70.37,,,,
08/11/26 02:05:00,70.37,,,,
08/11/26 02:10:00,70.30,,,,
08/11/26 02:15:00,70.30,,,,
08/11/26 02:20:00,70.30,,,,
08/11/26 02:25:00,70.22,,,,
08/11/26 02:30:00,70.22,,,,
08/11/26 02:35:00,70.22,,,,
08/11/26 02:40:00,70.14,,,,
08/11/26 02:45:00,70.22,,,,
08/11/26 02:50:00,70.30,,,,
08/11/26 02:55:00,70.22,,,,
08/11/26 03:00:00,70.22,,,,
08/11/26 03:05:00,70.30,,,,
08/11/26 03:10:00,70.22,,,,
08/11/26 03:15:00,70.22,,,,
08/11/26 03:20:00,70.14,,,,
08/11/26 03:25:00,70.22,,,,
08/11/26 03:30:00,70.22,,,,
08/11/26 03:35:00,70.37,,,,
08/11/26 03:40:00,70.22,,,,
08/11/26 03:45:00,70.22,,,,
08/11/26 03:50:00,70.06,,,,
08/11/26 03:55:00,70.06,,,,
08/11/26 04:00:00,70.14,,,,
08/11/26 04:05:00,70.14,,,,
08/11/26 04:10:00,70.14,,,,
08/11/26 04:15:00,70.14,,,,
08/11/26 04:20:00,70.14,,,,
08/11/26 04:25:00,70.14,,,,
08/11/26 04:30:00,70.14,,,,
08/11/26 04:35:00,70.14,,,,
08/11/26 04:40:00,70.14,,,,
08/11/26 04:45:00,70.14,,,,
08/11/26 04:50:00,70.06,,,,
08/11/26 04:55:00,70.14,,,,
08/11/26 05:00:00,70.14,,,,
08/11/26 05:05:00,69.99,,,,
08/11/26 05:10:00,70.14,,,,
08/11/26 05:15:00,69.99,,,,
08/11/26 05:20:00,69.99,,,,
08/11/26 05:25:00,69.99,,,,
08/11/26 05:30:00,69.99,,,,
08/11/26 05:35:00,69.99,,,,
08/11/26 05:40:00,70.06,,,,
08/11/26 05:45:00,70.06,,,,
08/11/26 05:50:00,69.91,,,,
08/11/26 05:55:00,70.06,,,,
08/11/26 06:00:00,69.91,,,,
08/11/26 06:05:00,69.91,,,,
08/11/26 06:10:00,69.91,,,,
08/11/26 06:15:00,69.91,,,,
08/11/26 06:20:00,69.91,,,,
08/11/26 06:25:00,69.91,,,,
08/11/26 06:30:00,69.83,,,,
08/11/26 06:35:00,69.83,,,,
08/11/26 06:40:00,69.83,,,,
08/11/26 06:45:00,69.91,,,,
08/11/26 06:50:00,69.83,,,,
08/11/26 06:55:00,69.83,,,,
08/11/26 07:00:00,69.91,,,,
08/11/26 07:05:00,69.83,,,,
08/11/26 07:10:00,69.83,,,,
08/11/26 07:15:00,69.83,,,,
08/11/26 07:20:00,69.76,,,,
08/11/26 07:25:00,69.76,,,,
08/11/26 07:30:00,69.76,,,,
08/11/26 07:35:00,69.76,,,,
08/11/26 07:40:00,69.76,,,,
08/11/26 07:45:00,69.76,,,,
08/11/26 07:50:00,69.76,,,,
08/11/26 07:55:00,69.68,,,,
08/11/26 08:00:00,69.68,,,,
08/11/26 08:05:00,69.68,,,,
08/11/26 08:10:00,69.76,,,,
08/11/26 08:15:00,69.68,,,,
08/11/26 08:20:00,69.68,,,,
08/11/26 08:25:00,69.76,,,,
08/11/26 08:30:00,69.76,,,,
08/11/26 08:35:00,69.60,,,,
08/11/26 08:40:00,69.60,,,,
08/11/26 08:45:00,69.60,,,,
08/11/26 08:50:00,69.60,,,,
08/11/26 08:55:00,69.52,,,,
08/11/26 09:00:00,69.68,,,,
08/11/26 09:05:00,69.60,,,,
08/11/26 09:10:00,69.52,,,,
08/11/26 09:15:00,69.60,,,,
08/11/26 09:20:00,69.52,,,,
08/11/26 09:25:00,69.60,,,,
08/11/26 09:30:00,69.52,,,,
08/11/26 09:35:00,69.60,,,,
08/11/26 09:40:00,69.52,,,,
08/11/26 09:45:00,69.52,,,,
08/11/26 09:50:00,69.52,,,,
08/11/26 09:55:00,69.52,,,,
08/11/26 10:00:00,69.52,,,,
08/11/26 10:05:00,69.45,,,,
08/11/26 10:10:00,69.52,,,,
08/11/26 10:15:00,69.37,,,,
08/11/26 10:20:00,69.45,,,,
08/11/26 10:25:00,69.52,,,,
08/11/26 10:30:00,69.45,,,,
08/11/26 10:35:00,69.45,,,,
08/11/26 10:40:00,69.52,,,,
08/11/26 10:45:00,69.45,,,,
08/11/26 10:50:00,69.45,,,,
08/11/26 10:55:00,69.45,,,,
08/11/26 11:00:00,69.52,,,,
08/11/26 11:05:00,69.45,,,,
08/11/26 11:10:00,69.52,,,,
08/11/26 11:15:00,69.52,,,,
08/11/26 11:20:00,69.52,,,,
08/11/26 11:25:00,69.45,,,,
08/11/26 11:30:00,69.52,,,,
08/11/26 11:35:00,69.60,,,,
08/11/26 11:40:00,69.60,,,,
08/11/26 11:45:00,69.60,,,,
08/11/26 11:50:00,69.52,,,,
08/11/26 11:55:00,69.68,,,,
08/11/26 12:00:00,69.60,,,,
08/11/26 12:05:00,69.60,,,,
08/11/26 12:10:00,69.68,,,,
08/11/26 12:15:00,69.76,,,,
08/11/26 12:20:00,69.76,,,,
08/11/26 12:25:00,69.76,,,,
08/11/26 12:30:00,69.76,,,,
08/11/26 12:35:00,69.83,,,,
08/11/26 12:40:00,69.76,,,,
08/11/26 12:45:00,69.91,,,,
08/11/26 12:50:00,69.83,,,,
08/11/26 12:55:00,69.83,,,,
08/11/26 13:00:00,69.83,,,,
08/11/26 13:05:00,69.91,,,,
08/11/26 13:10:00,69.91,,,,
08/11/26 13:15:00,69.99,,,,
08/11/26 13:20:00,69.99,,,,
08/11/26 13:25:00,70.14,,,,
08/11/26 13:30:00,70.14,,,,
08/11/26 13:35:00,70.14,,,,
08/11/26 13:40:00,70.14,,,,
08/11/26 13:45:00,70.14,,,,
08/11/26 13:50:00,70.14,,,,
08/11/26 13:55:00,70.14,,,,
08/11/26 14:00:00,70.14,,,,
08/11/26 14:05:00,70.14,,,,
08/11/26 14:10:00,70.30,,,,
08/11/26 14:15:00,70.22,,,,
08/11/26 14:20:00,70.22,,,,
08/11/26 14:25:00,70.30,,,,
08/11/26 14:30:00,70.30,,,,
08/11/26 14:35:00,70.37,,,,
08/11/26 14:40:00,70.30,,,,
08/11/26 14:45:00,70.45,,,,
08/11/26 14:50:00,70.37,,,,
08/11/26 14:55:00,70.30,,,,
08/11/26 15:00:00,70.53,,,,
08/11/26 15:05:00,70.45,,,,
08/11/26 15:10:00,70.45,,,,
08/11/26 15:15:00,70.37,,,,
08/11/26 15:20:00,70.45,,,,
08/11/26 15:25:00,70.45,,,,
08/11/26 15:30:00,70.45,,,,
08/11/26 15:35:00,70.61,,,,
08/11/26 15:40:00,70.53,,,,
08/11/26 15:45:00,70.61,,,,
08/11/26 15:50:00,70.61,,,,
08/11/26 15:55:00,70.61,,,,
08/11/26 16:00:00,70.68,,,,
08/11/26 16:05:00,70.68,,,,
08/11/26 16:10:00,70.68,,,,
08/11/26 16:15:00,70.76,,,,
08/11/26 16:20:00,70.61,,,,
08/11/26 16:25:00,70.68,,,,
08/11/26 16:30:00,70.68,,,,
08/11/26 16:35:00,70.76,,,,
08/11/26 16:40:00,70.68,,,,
08/11/26 16:45:00,70.76,,,,
08/11/26 16:50:00,70.76,,,,
08/11/26 16:55:00,70.76,,,,
08/11/26 17:00:00,70.91,,,,
08/11/26 17:05:00,70.84,,,,
08/11/26 17:10:00,70.84,,,,
08/11/26 17:15:00,70.84,,,,
08/11/26 17:20:00,70.84,,,,
08/11/26 17:25:00,70.91,,,,
08/11/26 17:30:00,70.84,,,,
08/11/26 17:35:00,70.91,,,,
08/11/26 17:40:00,70.84,,,,
08/11/26 17:45:00,70.91,,,,
08/11/26 17:50:00,70.91,,,,
08/11/26 17:55:00,71.07,,,,
08/11/26 18:00:00,70.99,,,,
08/11/26 18:05:00,70.91,,,,
08/11/26 18:10:00,70.91,,,,
08/11/26 18:15:00,70.99,,,,
08/11/26 18:20:00,71.07,,,,
08/11/26 18:25:00,71.07,,,,
08/11/26 18:30:00,71.07,,,,
08/11/26 18:35:00,71.15,,,,
08/11/26 18:40:00,71.07,,,,
08/11/26 18:45:00,70.99,,,,
08/11/26 18:50:00,71.15,,,,
08/11/26 18:55:00,71.07,,,,
08/11/26 19:00:00,71.15,,,,
08/11/26 19:05:00,71.07,,,,
08/11/26 19:10:00,71.07,,,,
08/11/26 19:15:00,71.15,,,,
08/11/26 19:20:00,71.22,,,,
08/11/26 19:25:00,71.15,,,,
08/11/26 19:30:00,71.07,,,,
08/11/26 19:35:00,71.30,,,,
08/11/26 19:40:00,71.15,,,,
08/11/26 19:45:00,71.15,,,,
08/11/26 19:50:00,71.22,,,,
08/11/26 19:55:00,71.22,,,,
08/11/26 20:00:00,71.30,,,,
08/11/26 20:05:00,71.30,,,,
08/11/26 20:10:00,71.30,,,,
08/11/26 20:15:00,71.30,,,,
08/11/26 20:20:00,71.30,,,,
08/11/26 20:25:00,71.30,,,,
08/11/26 20:30:00,71.22,,,,
08/11/26 20:35:00,71.22,,,,
08/11/26 20:40:00,71.22,,,,
08/11/26 20:45:00,71.30,,,,
08/11/26 20:50:00,71.30,,,,
08/11/26 20:55:00,71.22,,,,
08/11/26 21:00:00,71.30,,,,
08/11/26 21:05:00,71.30,,,,
08/11/26 21:10:00,71.22,,,,
08/11/26 21:15:00,71.38,,,,
08/11/26 21:20:00,71.38,,,,
08/11/26 21:25:00,71.30,,,,
08/11/26 21:30:00,71.38,,,,
08/11/26 21:35:00,71.38,,,,
08/11/26 21:40:00,71.30,,,,
08/11/26 21:45:00,71.30,,,,
08/11/26 21:50:00,71.38,,,,
08/11/26 21:55:00,71.38,,,,
08/11/26 22:00:00,71.45,,,,
08/11/26 22:05:00,71.38,,,,
08/11/26 22:10:00,71.38,,,,
08/11/26 22:15:00,71.38,,,,
08/11/26 22:20:00,71.38,,,,
08/11/26 22:25:00,71.45,,,,
08/11/26 22:30:00,71.38,,,,
08/11/26 22:35:00,71.38,,,,
08/11/26 22:40:00,71.38,,,,
08/11/26 22:45:00,71.45,,,,
08/11/26 22:50:00,71.38,,,,
08/11/26 22:55:00,71.45,,,,
08/11/26 23:00:00,71.38,,,,
08/11/26 23:05:00,71.38,,,,
08/11/26 23:10:00,71.53,,,,
08/11/26 23:15:00,71.38,,,,
08/11/26 23:20:00,71.38,,,,
08/11/26 23:25:00,71.45,,,,
08/11/26 23:30:00,71.45,,,,
08/11/26 23:35:00,71.45,,,,
08/11/26 23:40:00,71.45,,,,
08/11/26 23:45:00,71.38,,,,
08/11/26 23:50:00,71.38,,,,
08/11/26 23:55:00,71.38,,,,
08/12/26 00:00:00,71.38,,,,
08/12/26 00:05:00,71.38,,,,
08/12/26 00:10:00,71.45,,,,
08/12/26 00:15:00,71.38,,,,
08/12/26 00:20:00,71.45,,,,
08/12/26 00:25:00,71.45,,,,
08/12/26 00:30:00,71.38,,,,
08/12/26 00:35:00,71.45,,,,
08/12/26 00:40:00,71.45,,,,
08/12/26 00:45:00,71.38,,,,
08/12/26 00:50:00,71.30,,,,
08/12/26 00:55:00,71.38,,,,
08/12/26 01:00:00,71.38,,,,
08/12/26 01:05:00,71.45,,,,
08/12/26 01:10:00,71.38,,,,
08/12/26 01:15:00,71.38,,,,
08/12/26 01:20:00,71.30,,,,
08/12/26 01:25:00,71.30,,,,
08/12/26 01:30:00,71.38,,,,
08/12/26 01:35:00,71.45,,,,
08/12/26 01:40:00,71.30,,,,
08/12/26 01:45:00,71.30,,,,
08/12/26 01:50:00,71.45,,,,
08/12/26 01:55:00,71.30,,,,
08/12/26 02:00:00,71.30,,,,
08/12/26 02:05:00,71.30,,,,
08/12/26 02:10:00,71.30,,,,
08/12/26 02:15:00,71.30,,,,
08/12/26 02:20:00,71.30,,,,
08/12/26 02:25:00,71.22,,,,
08/12/26 02:30:00,71.30,,,,
08/12/26 02:35:00,71.30,,,,
08/12/26 02:40:00,71.15,,,,
08/12/26 02:45:00,71.38,,,,
08/12/26 02:50:00,71.30,,,,
08/12/26 02:55:00,71.22,,,,
08/12/26 03:00:00,71.22,,,,
08/12/26 03:05:00,71.30,,,,
08/12/26 03:10:00,71.30,,,,
08/12/26 03:15:00,71.30,,,,
08/12/26 03:20:00,71.15,,,,
08/12/26 03:25:00,71.30,,,,
08/12/26 03:30:00,71.22,,,,
08/12/26 03:35:00,71.22,,,,
08/12/26 03:40:00,71.15,,,,
08/12/26 03:45:00,71.15,,,,
08/12/26 03:50:00,71.22,,,,
08/12/26 03:55:00,71.15,,,,
08/12/26 04:00:00,71.07,,,,
08/12/26 04:05:00,71.15,,,,
08/12/26 04:10:00,71.07,,,,
08/12/26 04:15:00,71.15,,,,
08/12/26 04:20:00,71.15,,,,
08/12/26 04:25:00,71.07,,,,
08/12/26 04:30:00,71.07,,,,
08/12/26 04:35:00,71.15,,,,
08/12/26 04:40:00,71.15,,,,
08/12/26 04:45:00,71.07,,,,
08/12/26 04:50:00,71.15,,,,
08/12/26 04:55:00,70.99,,,,
08/12/26 05:00:00,71.07,,,,
08/12/26 05:05:00,70.99,,,,
08/12/26 05:10:00,71.07,,,,
08/12/26 05:15:00,71.07,,,,
08/12/26 05:20:00,70.99,,,,
08/12/26 05:25:00,71.07,,,,
08/12/26 05:30:00,70.99,,,,
08/12/26 05:35:00,71.07,,,,
08/12/26 05:40:00,70.99,,,,
08/12/26 05:45:00,70.99,,,,
08/12/26 05:50:00,70.99,,,,
08/12/26 05:55:00,70.99,,,,
08/12/26 06:00:00,70.99,,,,
08/12/26 06:05:00,70.99,,,,
08/12/26 06:10:00,70.91,,,,
08/12/26 06:15:00,70.91,,,,
08/12/26 06:20:00,70.91,,,,
08/12/26 06:25:00,70.91,,,,
08/12/26 06:30:00,70.84,,,,
08/12/26 06:35:00,70.91,,,,
08/12/26 06:40:00,70.91,,,,
08/12/26 06:45:00,70.84,,,,
08/12/26 06:50:00,70.84,,,,
08/12/26 06:55:00,70.84,,,,
08/12/26 07:00:00,70.84,,,,
08/12/26 07:05:00,70.76,,,,
08/12/26 07:10:00,70.76,,,,
08/12/26 07:15:00,70.76,,,,
08/12/26 07:20:00,70.84,,,,
08/12/26 07:25:00,70.68,,,,
08/12/26 07:30:00,70.68,,,,
08/12/26 07:35:00,70.76,,,,
08/12/26 07:40:00,70.76,,,,
08/12/26 07:45:00,70.84,,,,
08/12/26 07:50:00,70.76,,,,
08/12/26 07:55:00,70.68,,,,
08/12/26 08:00:00,70.76,,,,
08/12/26 08:05:00,70.76,,,,
08/12/26 08:10:00,70.68,,,,
08/12/26 08:15:00,70.68,,,,
08/12/26 08:20:00,70.61,,,,
08/12/26 08:25:00,70.53,,,,
08/12/26 08:30:00,70.61,,,,
08/12/26 08:35:00,70.53,,,,
08/12/26 08:40:00,70.53,,,,
08/12/26 08:45:00,70.45,,,,
08/12/26 08:50:00,70.53,,,,
08/12/26 08:55:00,70.45,,,,
08/12/26 09:00:00,70.37,,,,
08/12/26 09:05:00,70.45,,,,
08/12/26 09:10:00,70.37,,,,
08/12/26 09:15:00,70.37,,,,
08/12/26 09:20:00,70.37,,,,
08/12/26 09:25:00,70.30,,,,
08/12/26 09:30:00,70.45,,,,
08/12/26 09:35:00,70.37,,,,
08/12/26 09:40:00,70.30,,,,
08/12/26 09:45:00,70.45,,,,
08/12/26 09:50:00,70.37,,,,
08/12/26 09:55:00,70.37,,,,
08/12/26 10:00:00,70.53,,,,
08/12/26 10:05:00,70.37,,,,
08/12/26 10:10:00,70.37,,,,
08/12/26 10:15:00,70.37,,,,
08/12/26 10:20:00,70.30,,,,
08/12/26 10:25:00,70.37,,,,
08/12/26 10:30:00,70.37,,,,
08/12/26 10:35:00,70.37,,,,
08/12/26 10:40:00,70.37,,,,
08/12/26 10:45:00,70.45,,,,
08/12/26 10:50:00,70.37,,,,
08/12/26 10:55:00,70.37,,,,
08/12/26 11:00:00,70.37,,,,
08/12/26 11:05:00,70.30,,,,
08/12/26 11:10:00,70.30,,,,
08/12/26 11:15:00,70.30,,,,
08/12/26 11:20:00,70.45,,,,
08/12/26 11:25:00,70.37,,,,
08/12/26 11:30:00,70.37,,,,
08/12/26 11:35:00,70.45,,,,
08/12/26 11:40:00,70.45,,,,
08/12/26 11:45:00,70.45,,,,
08/12/26 11:50:00,70.53,,,,
08/12/26 11:55:00,70.53,,,,
08/12/26 12:00:00,70.45,,,,
08/12/26 12:05:00,70.53,,,,
08/12/26 12:10:00,70.53,,,,
08/12/26 12:15:00,70.45,,,,
08/12/26 12:20:00,70.53,,,,
08/12/26 12:25:00,70.53,,,,
08/12/26 12:30:00,70.53,,,,
08/12/26 12:35:00,70.68,,,,
08/12/26 12:40:00,70.68,,,,
08/12/26 12:45:00,70.68,,,,
08/12/26 12:50:00,70.68,,,,
08/12/26 12:55:00,70.68,,,,
08/12/26 13:00:00,70.68,,,,
08/12/26 13:05:00,70.68,,,,
08/12/26 13:10:00,70.68,,,,
08/12/26 13:15:00,70.68,,,,
08/12/26 13:20:00,70.76,,,,
08/12/26 13:25:00,70.68,,,,
08/12/26 13:30:00,70.76,,,,
08/12/26 13:35:00,70.76,,,,
08/12/26 13:40:00,70.84,,,,
08/12/26 13:45:00,70.84,,,,
08/12/26 13:50:00,70.91,,,,
08/12/26 13:55:00,70.91,,,,
08/12/26 14:00:00,70.99,,,,
08/12/26 14:05:00,70.99,,,,
08/12/26 14:10:00,70.99,,,,
08/12/26 14:15:00,71.07,,,,
08/12/26 14:20:00,70.99,,,,
08/12/26 14:25:00,71.15,,,,
08/12/26 14:30:00,71.07,,,,
08/12/26 14:35:00,71.15,,,,
08/12/26 14:40:00,71.15,,,,
08/12/26 14:45:00,71.22,,,,
08/12/26 14:50:00,71.15,,,,
08/12/26 14:55:00,71.15,,,,
08/12/26 15:00:00,71.15,,,,
08/12/26 15:05:00,71.22,,,,
08/12/26 15:10:00,71.30,,,,
08/12/26 15:15:00,71.30,,,,
08/12/26 15:20:00,71.30,,,,
08/12/26 15:25:00,71.38,,,,
08/12/26 15:30:00,71.38,,,,
08/12/26 15:35:00,71.38,,,,
08/12/26 15:40:00,71.38,,,,
08/12/26 15:45:00,71.38,,,,
08/12/26 15:50:00,71.38,,,,
08/12/26 15:55:00,71.38,,,,
08/12/26 16:00:00,71.38,,,,
08/12/26 16:05:00,71.38,,,,
08/12/26 16:10:00,71.45,,,,
08/12/26 16:15:00,71.45,,,,
08/12/26 16:20:00,71.45,,,,
08/12/26 16:25:00,71.53,,,,
08/12/26 16:30:00,71.61,,,,
08/12/26 16:35:00,71.53,,,,
08/12/26 16:40:00,71.53,,,,
08/12/26 16:45:00,71.53,,,,
08/12/26 16:50:00,71.53,,,,
08/12/26 16:55:00,71.53,,,,
08/12/26 17:00:00,71.61,,,,
08/12/26 17:05:00,71.53,,,,
08/12/26 17:10:00,71.69,,,,
08/12/26 17:15:00,71.61,,,,
08/12/26 17:20:00,71.76,,,,
08/12/26 17:25:00,71.61,,,,
08/12/26 17:30:00,71.61,,,,
08/12/26 17:35:00,71.61,,,,
08/12/26 17:40:00,71.69,,,,
08/12/26 17:45:00,71.69,,,,
08/12/26 17:50:00,71.84,,,,
08/12/26 17:55:00,71.61,,,,
08/12/26 18:00:00,71.69,,,,
08/12/26 18:05:00,71.76,,,,
08/12/26 18:10:00,71.76,,,,
08/12/26 18:15:00,71.76,,,,
08/12/26 18:20:00,71.76,,,,
08/12/26 18:25:00,71.76,,,,
08/12/26 18:30:00,71.76,,,,
08/12/26 18:35:00,71.76,,,,
08/12/26 18:40:00,71.76,,,,
08/12/26 18:45:00,71.76,,,,
08/12/26 18:50:00,71.84,,,,
08/12/26 18:55:00,71.76,,,,
08/12/26 19:00:00,71.84,,,,
08/12/26 19:05:00,71.76,,,,
08/12/26 19:10:00,71.84,,,,
08/12/26 19:15:00,71.92,,,,
08/12/26 19:20:00,71.92,,,,
08/12/26 19:25:00,71.84,,,,
08/12/26 19:30:00,71.84,,,,
08/12/26 19:35:00,71.76,,,,
08/12/26 19:40:00,71.84,,,,
08/12/26 19:45:00,71.84,,,,
08/12/26 19:50:00,71.84,,,,
08/12/26 19:55:00,71.92,,,,
08/12/26 20:00:00,71.92,,,,
08/12/26 20:05:00,71.84,,,,
08/12/26 20:10:00,71.84,,,,
08/12/26 20:15:00,71.76,,,,
08/12/26 20:20:00,71.84,,,,
08/12/26 20:25:00,71.84,,,,
08/12/26 20:30:00,71.84,,,,
08/12/26 20:35:00,71.84,,,,
08/12/26 20:40:00,71.84,,,,
08/12/26 20:45:00,71.84,,,,
08/12/26 20:50:00,71.84,,,,
08/12/26 20:55:00,71.84,,,,
08/12/26 21:00:00,71.84,,,,
08/12/26 21:05:00,71.84,,,,
08/12/26 21:10:00,71.92,,,,
08/12/26 21:15:00,71.84,,,,
08/12/26 21:20:00,71.84,,,,
08/12/26 21:25:00,71.84,,,,
08/12/26 21:30:00,71.84,,,,
08/12/26 21:35:00,71.76,,,,
08/12/26 21:40:00,71.92,,,,
08/12/26 21:45:00,71.92,,,,
08/12/26 21:50:00,71.84,,,,
08/12/26 21:55:00,71.84,,,,
08/12/26 22:00:00,71.92,,,,
08/12/26 22:05:00,71.84,,,,
08/12/26 22:10:00,71.92,,,,
08/12/26 22:15:00,71.92,,,,
08/12/26 22:20:00,71.92,,,,
08/12/26 22:25:00,71.92,,,,
08/12/26 22:30:00,71.92,,,,
08/12/26 22:35:00,71.84,,,,
08/12/26 22:40:00,71.84,,,,
08/12/26 22:45:00,71.84,,,,
08/12/26 22:50:00,71.92,,,,
08/12/26 22:55:00,71.92,,,,
08/12/26 23:00:00,71.84,,,,
08/12/26 23:05:00,71.92,,,,
08/12/26 23:10:00,71.84,,,,
08/12/26 23:15:00,72.00,,,,
08/12/26 23:20:00,72.00,,,,
08/12/26 23:25:00,71.84,,,,
08/12/26 23:30:00,71.92,,,,
08/12/26 23:35:00,71.84,,,,
08/12/26 23:40:00,71.92,,,,
08/12/26 23:45:00,71.84,,,,
08/12/26 23:50:00,71.92,,,,
08/12/26 23:55:00,71.84,,,,
08/13/26 00:00:00,71.84,,,,
08/13/26 00:05:00,71.92,,,,
08/13/26 00:10:00,71.92,,,,
08/13/26 00:15:00,71.76,,,,
08/13/26 00:20:00,71.76,,,,
08/13/26 00:25:00,71.92,,,,
08/13/26 00:30:00,71.84,,,,
08/13/26 00:35:00,71.92,,,,
08/13/26 00:40:00,71.92,,,,
08/13/26 00:45:00,71.84,,,,
08/13/26 00:50:00,71.76,,,,
08/13/26 00:55:00,71.84,,,,
08/13/26 01:00:00,71.84,,,,
08/13/26 01:05:00,71.84,,,,
08/13/26 01:10:00,71.76,,,,
08/13/26 01:15:00,71.76,,,,
08/13/26 01:20:00,71.76,,,,
08/13/26 01:25:00,71.76,,,,
08/13/26 01:30:00,71.76,,,,
08/13/26 01:35:00,71.76,,,,
08/13/26 01:40:00,71.69,,,,
08/13/26 01:45:00,71.76,,,,
08/13/26 01:50:00,71.76,,,,
08/13/26 01:55:00,71.76,,,,
08/13/26 02:00:00,71.76,,,,
08/13/26 02:05:00,71.76,,,,
08/13/26 02:10:00,71.76,,,,
08/13/26 02:15:00,71.76,,,,
08/13/26 02:20:00,71.69,,,,
08/13/26 02:25:00,71.76,,,,
08/13/26 02:30:00,71.69,,,,
08/13/26 02:35:00,71.76,,,,
08/13/26 02:40:00,71.76,,,,
08/13/26 02:45:00,71.69,,,,
08/13/26 02:50:00,71.76,,,,
08/13/26 02:55:00,71.69,,,,
08/13/26 03:00:00,71.76,,,,
08/13/26 03:05:00,71.69,,,,
08/13/26 03:10:00,71.61,,,,
08/13/26 03:15:00,71.69,,,,
08/13/26 03:20:00,71.69,,,,
08/13/26 03:25:00,71.76,,,,
08/13/26 03:30:00,71.69,,,,
08/13/26 03:35:00,71.61,,,,
08/13/26 03:40:00,71.69,,,,
08/13/26 03:45:00,71.61,,,,
08/13/26 03:50:00,71.53,,,,
08/13/26 03:55:00,71.61,,,,
08/13/26 04:00:00,71.53,,,,
08/13/26 04:05:00,71.53,,,,
08/13/26 04:10:00,71.61,,,,
08/13/26 04:15:00,71.53,,,,
08/13/26 04:20:00,71.53,,,,
08/13/26 04:25:00,71.53,,,,
08/13/26 04:30:00,71.53,,,,
08/13/26 04:35:00,71.45,,,,
08/13/26 04:40:00,71.45,,,,
08/13/26 04:45:00,71.53,,,,
08/13/26 04:50:00,71.45,,,,
08/13/26 04:55:00,71.45,,,,
08/13/26 05:00:00,71.45,,,,
08/13/26 05:05:00,71.45,,,,
08/13/26 05:10:00,71.38,,,,
08/13/26 05:15:00,71.38,,,,
08/13/26 05:20:00,71.45,,,,
08/13/26 05:25:00,71.38,,,,
08/13/26 05:30:00,71.45,,,,
08/13/26 05:35:00,71.45,,,,
08/13/26 05:40:00,71.38,,,,
08/13/26 05:45:00,71.30,,,,
08/13/26 05:50:00,71.38,,,,
08/13/26 05:55:00,71.30,,,,
08/13/26 06:00:00,71.30,,,,
08/13/26 06:05:00,71.22,,,,
08/13/26 06:10:00,71.22,,,,
08/13/26 06:15:00,71.22,,,,
08/13/26 06:20:00,71.22,,,,
08/13/26 06:25:00,71.22,,,,
08/13/26 06:30:00,71.15,,,,
08/13/26 06:35:00,71.22,,,,
08/13/26 06:40:00,71.15,,,,
08/13/26 06:45:00,71.30,,,,
08/13/26 06:50:00,71.15,,,,
08/13/26 06:55:00,71.15,,,,
08/13/26 07:00:00,71.15,,,,
08/13/26 07:05:00,71.15,,,,
08/13/26 07:10:00,71.07,,,,
08/13/26 07:15:00,71.07,,,,
08/13/26 07:20:00,71.07,,,,
08/13/26 07:25:00,71.07,,,,
08/13/26 07:30:00,71.07,,,,
08/13/26 07:35:00,71.07,,,,
08/13/26 07:40:00,71.07,,,,
08/13/26 07:45:00,70.99,,,,
08/13/26 07:50:00,70.99,,,,
08/13/26 07:55:00,70.99,,,,
08/13/26 08:00:00,70.99,,,,
08/13/26 08:05:00,70.99,,,,
08/13/26 08:10:00,70.99,,,,
08/13/26 08:15:00,70.84,,,,
08/13/26 08:20:00,70.84,,,,
08/13/26 08:25:00,70.76,,,,
08/13/26 08:30:00,70.84,,,,
08/13/26 08:35:00,70.76,,,,
08/13/26 08:40:00,70.68,,,,
08/13/26 08:45:00,70.68,,,,
08/13/26 08:50:00,70.68,,,,
08/13/26 08:55:00,70.68,,,,
08/13/26 09:00:00,70.61,,,,
08/13/26 09:05:00,70.61,,,,
08/13/26 09:10:00,70.68,,,,
08/13/26 09:15:00,70.61,,,,
08/13/26 09:20:00,70.53,,,,
08/13/26 09:25:00,70.68,,,,
08/13/26 09:30:00,70.61,,,,
08/13/26 09:35:00,70.61,,,,
08/13/26 09:40:00,70.53,,,,
08/13/26 09:45:00,70.61,,,,
08/13/26 09:50:00,70.53,,,,
08/13/26 09:55:00,70.53,,,,
08/13/26 10:00:00,70.61,,,,
08/13/26 10:05:00,70.61,,,,
08/13/26 10:10:00,70.53,,,,
08/13/26 10:15:00,70.53,,,,
08/13/26 10:20:00,70.61,,,,
08/13/26 10:25:00,70.61,,,,
08/13/26 10:30:00,70.61,,,,
08/13/26 10:35:00,70.53,,,,
08/13/26 10:40:00,70.61,,,,
08/13/26 10:45:00,70.53,,,,
08/13/26 10:50:00,70.53,,,,
08/13/26 10:55:00,70.61,,,,
08/13/26 11:00:00,70.53,,,,
08/13/26 11:05:00,70.53,,,,
08/13/26 11:10:00,70.61,,,,
08/13/26 11:15:00,70.68,,,,
08/13/26 11:20:00,70.61,,,,
08/13/26 11:25:00,70.61,,,,
08/13/26 11:30:00,70.53,,,,
08/13/26 11:35:00,70.61,,,,
08/13/26 11:40:00,70.61,,,,
08/13/26 11:45:00,70.61,,,,
08/13/26 11:50:00,70.61,,,,
08/13/26 11:55:00,70.61,,,,
08/13/26 12:00:00,70.53,,,,
08/13/26 12:05:00,70.61,,,,
08/13/26 12:10:00,70.61,,,,
08/13/26 12:15:00,70.61,,,,
08/13/26 12:20:00,70.61,,,,
08/13/26 12:25:00,70.68,,,,
08/13/26 12:30:00,70.61,,,,
08/13/26 12:35:00,70.68,,,,
08/13/26 12:40:00,70.61,,,,
08/13/26 12:45:00,70.68,,,,
08/13/26 12:50:00,70.76,,,,
08/13/26 12:55:00,70.84,,,,
08/13/26 13:00:00,70.68,,,,
08/13/26 13:05:00,70.76,,,,
08/13/26 13:10:00,70.76,,,,
08/13/26 13:15:00,70.84,,,,
08/13/26 13:20:00,70.84,,,,
08/13/26 13:25:00,70.91,,,,
08/13/26 13:30:00,70.84,,,,
08/13/26 13:35:00,70.91,,,,
08/13/26 13:40:00,70.91,,,,
08/13/26 13:45:00,70.91,,,,
08/13/26 13:50:00,70.91,,,,
08/13/26 13:55:00,70.99,,,,
08/13/26 14:00:00,70.91,,,,
08/13/26 14:05:00,70.91,,,,
08/13/26 14:10:00,70.99,,,,
08/13/26 14:15:00,71.07,,,,
08/13/26 14:20:00,70.99,,,,
08/13/26 14:25:00,70.99,,,,
08/13/26 14:30:00,71.07,,,,
08/13/26 14:35:00,71.07,,,,
08/13/26 14:40:00,71.07,,,,
08/13/26 14:45:00,71.15,,,,
08/13/26 14:50:00,71.07,,,,
08/13/26 14:55:00,71.15,,,,
08/13/26 15:00:00,71.15,,,,
08/13/26 15:05:00,71.15,,,,
08/13/26 15:10:00,71.22,,,,
08/13/26 15:15:00,71.15,,,,
08/13/26 15:20:00,71.30,,,,
08/13/26 15:25:00,71.15,,,,
08/13/26 15:30:00,71.22,,,,
08/13/26 15:35:00,71.22,,,,
08/13/26 15:40:00,71.30,,,,
08/13/26 15:45:00,71.22,,,,
08/13/26 15:50:00,71.30,,,,
08/13/26 15:55:00,71.22,,,,
08/13/26 16:00:00,71.22,,,,
08/13/26 16:05:00,71.38,,,,
08/13/26 16:10:00,71.30,,,,
08/13/26 16:15:00,71.45,,,,
08/13/26 16:20:00,71.45,,,,
08/13/26 16:25:00,71.45,,,,
08/13/26 16:30:00,71.45,,,,
08/13/26 16:35:00,71.53,,,,
08/13/26 16:40:00,71.45,,,,
08/13/26 16:45:00,71.53,,,,
08/13/26 16:50:00,71.53,,,,
08/13/26 16:55:00,71.53,,,,
08/13/26 17:00:00,71.53,,,,
08/13/26 17:05:00,71.61,,,,
08/13/26 17:10:00,71.61,,,,
08/13/26 17:15:00,71.69,,,,
08/13/26 17:20:00,71.61,,,,
08/13/26 17:25:00,71.69,,,,
08/13/26 17:30:00,71.69,,,,
08/13/26 17:35:00,71.69,,,,
08/13/26 17:40:00,71.76,,,,
08/13/26 17:45:00,71.61,,,,
08/13/26 17:50:00,71.69,,,,
08/13/26 17:55:00,71.69,,,,
08/13/26 18:00:00,71.84,,,,
08/13/26 18:05:00,71.76,,,,
08/13/26 18:10:00,71.76,,,,
08/13/26 18:15:00,71.76,,,,
08/13/26 18:20:00,71.76,,,,
08/13/26 18:25:00,71.76,,,,
08/13/26 18:30:00,71.84,,,,
08/13/26 18:35:00,71.84,,,,
08/13/26 18:40:00,71.84,,,,
08/13/26 18:45:00,71.84,,,,
08/13/26 18:50:00,71.92,,,,
08/13/26 18:55:00,71.76,,,,
08/13/26 19:00:00,71.84,,,,
08/13/26 19:05:00,71.92,,,,
08/13/26 19:10:00,72.00,,,,
08/13/26 19:15:00,71.92,,,,
08/13/26 19:20:00,71.92,,,,
08/13/26 19:25:00,71.92,,,,
08/13/26 19:30:00,72.00,,,,
08/13/26 19:35:00,72.00,,,,
08/13/26 19:40:00,72.00,,,,
08/13/26 19:45:00,71.92,,,,
08/13/26 19:50:00,72.00,,,,
08/13/26 19:55:00,72.00,,,,
08/13/26 20:00:00,72.00,,,,
08/13/26 20:05:00,72.00,,,,
08/13/26 20:10:00,72.00,,,,
08/13/26 20:15:00,72.00,,,,
08/13/26 20:20:00,72.00,,,,
08/13/26 20:25:00,72.07,,,,
08/13/26 20:30:00,72.15,,,,
08/13/26 20:35:00,72.07,,,,
08/13/26 20:40:00,72.00,,,,
08/13/26 20:45:00,72.00,,,,
08/13/26 20:50:00,72.15,,,,
08/13/26 20:55:00,72.07,,,,
08/13/26 21:00:00,72.07,,,,
08/13/26 21:05:00,72.15,,,,
08/13/26 21:10:00,72.07,,,,
08/13/26 21:15:00,72.07,,,,
08/13/26 21:20:00,72.07,,,,
08/13/26 21:25:00,72.15,,,,
08/13/26 21:30:00,72.23,,,,
08/13/26 21:35:00,72.15,,,,
08/13/26 21:40:00,72.07,,,,
08/13/26 21:45:00,72.07,,,,
08/13/26 21:50:00,72.15,,,,
08/13/26 21:55:00,72.15,,,,
08/13/26 22:00:00,72.15,,,,
08/13/26 22:05:00,72.15,,,,
08/13/26 22:10:00,72.15,,,,
08/13/26 22:15:00,72.15,,,,
08/13/26 22:20:00,72.15,,,,
08/13/26 22:25:00,72.15,,,,
08/13/26 22:30:00,72.15,,,,
08/13/26 22:35:00,72.23,,,,
08/13/26 22:40:00,72.15,,,,
08/13/26 22:45:00,72.23,,,,
08/13/26 22:50:00,72.07,,,,
08/13/26 22:55:00,72.15,,,,
08/13/26 23:00:00,72.15,,,,
08/13/26 23:05:00,72.15,,,,
08/13/26 23:10:00,72.15,,,,
08/13/26 23:15:00,72.15,,,,
08/13/26 23:20:00,72.23,,,,
08/13/26 23:25:00,72.07,,,,
08/13/26 23:30:00,72.07,,,,
08/13/26 23:35:00,72.15,,,,
08/13/26 23:40:00,72.15,,,,
08/13/26 23:45:00,72.07,,,,
08/13/26 23:50:00,72.15,,,,
08/13/26 23:55:00,72.15,,,,
08/14/26 00:00:00,72.15,,,,
08/14/26 00:05:00,72.15,,,,
08/14/26 00:10:00,72.07,,,,
08/14/26 00:15:00,72.07,,,,
08/14/26 00:20:00,72.15,,,,
08/14/26 00:25:00,72.07,,,,
08/14/26 00:30:00,72.07,,,,
08/14/26 00:35:00,72.07,,,,
08/14/26 00:40:00,72.15,,,,
08/14/26 00:45:00,72.15,,,,
08/14/26 00:50:00,72.15,,,,
08/14/26 00:55:00,72.07,,,,
08/14/26 01:00:00,72.15,,,,
08/14/26 01:05:00,72.15,,,,
08/14/26 01:10:00,72.07,,,,
08/14/26 01:15:00,72.07,,,,
08/14/26 01:20:00,71.92,,,,
08/14/26 01:25:00,72.15,,,,
08/14/26 01:30:00,72.15,,,,
08/14/26 01:35:00,72.00,,,,
08/14/26 01:40:00,72.15,,,,
08/14/26 01:45:00,72.07,,,,
08/14/26 01:50:00,72.07,,,,
08/14/26 01:55:00,72.07,,,,
08/14/26 02:00:00,72.00,,,,
08/14/26 02:05:00,72.00,,,,
08/14/26 02:10:00,71.92,,,,
08/14/26 02:15:00,71.92,,,,
08/14/26 02:20:00,71.92,,,,
08/14/26 02:25:00,72.00,,,,
08/14/26 02:30:00,71.92,,,,
08/14/26 02:35:00,71.92,,,,
08/14/26 02:40:00,72.00,,,,
08/14/26 02:45:00,72.00,,,,
08/14/26 02:50:00,71.92,,,,
08/14/26 02:55:00,71.92,,,,
08/14/26 03:00:00,71.84,,,,
08/14/26 03:05:00,71.92,,,,
08/14/26 03:10:00,71.92,,,,
08/14/26 03:15:00,71.92,,,,
08/14/26 03:20:00,71.92,,,,
08/14/26 03:25:00,71.84,,,,
08/14/26 03:30:00,71.84,,,,
08/14/26 03:35:00,71.84,,,,
08/14/26 03:40:00,71.92,,,,
08/14/26 03:45:00,71.84,,,,
08/14/26 03:50:00,71.84,,,,
08/14/26 03:55:00,71.76,,,,
08/14/26 04:00:00,71.76,,,,
08/14/26 04:05:00,71.76,,,,
08/14/26 04:10:00,71.76,,,,
08/14/26 04:15:00,71.84,,,,
08/14/26 04:20:00,71.76,,,,
08/14/26 04:25:00,71.76,,,,
08/14/26 04:30:00,71.76,,,,
08/14/26 04:35:00,71.76,,,,
08/14/26 04:40:00,71.84,,,,
08/14/26 04:45:00,71.76,,,,
08/14/26 04:50:00,71.69,,,,
08/14/26 04:55:00,71.61,,,,
08/14/26 05:00:00,71.69,,,,
08/14/26 05:05:00,71.69,,,,
08/14/26 05:10:00,71.69,,,,
08/14/26 05:15:00,71.69,,,,
08/14/26 05:20:00,71.61,,,,
08/14/26 05:25:00,71.61,,,,
08/14/26 05:30:00,71.53,,,,
08/14/26 05:35:00,71.61,,,,
08/14/26 05:40:00,71.61,,,,
08/14/26 05:45:00,71.45,,,,
08/14/26 05:50:00,71.53,,,,
08/14/26 05:55:00,71.53,,,,
08/14/26 06:00:00,71.45,,,,
08/14/26 06:05:00,71.45,,,,
08/14/26 06:10:00,71.45,,,,
08/14/26 06:15:00,71.38,,,,
08/14/26 06:20:00,71.45,,,,
08/14/26 06:25:00,71.53,,,,
08/14/26 06:30:00,71.38,,,,
08/14/26 06:35:00,71.53,,,,
08/14/26 06:40:00,71.38,,,,
08/14/26 06:45:00,71.45,,,,
08/14/26 06:50:00,71.38,,,,
08/14/26 06:55:00,71.38,,,,
08/14/26 07:00:00,71.38,,,,
08/14/26 07:05:00,71.30,,,,
08/14/26 07:10:00,71.30,,,,
08/14/26 07:15:00,71.30,,,,
08/14/26 07:20:00,71.30,,,,
08/14/26 07:25:00,71.22,,,,
08/14/26 07:30:00,71.22,,,,
08/14/26 07:35:00,71.30,,,,
08/14/26 07:40:00,71.22,,,,
08/14/26 07:45:00,71.22,,,,
08/14/26 07:50:00,71.15,,,,
08/14/26 07:55:00,71.22,,,,
08/14/26 08:00:00,71.15,,,,
08/14/26 08:05:00,71.15,,,,
08/14/26 08:10:00,71.15,,,,
08/14/26 08:15:00,71.07,,,,
08/14/26 08:20:00,71.15,,,,
08/14/26 08:25:00,71.07,,,,
08/14/26 08:30:00,71.15,,,,
08/14/26 08:35:00,70.99,,,,
08/14/26 08:40:00,70.99,,,,
08/14/26 08:45:00,71.07,,,,
08/14/26 08:50:00,70.99,,,,
08/14/26 08:55:00,70.99,,,,
08/14/26 09:00:00,71.07,,,,
08/14/26 09:05:00,70.99,,,,
08/14/26 09:10:00,70.91,,,,
08/14/26 09:15:00,70.91,,,,
08/14/26 09:20:00,70.99,,,,
08/14/26 09:25:00,70.91,,,,
08/14/26 09:30:00,70.99,,,,
08/14/26 09:35:00,70.91,,,,
08/14/26 09:40:00,70.84,,,,
08/14/26 09:45:00,70.84,,,,
08/14/26 09:50:00,70.76,,,,
08/14/26 09:55:00,70.84,,,,
08/14/26 10:00:00,70.76,,,,
08/14/26 10:05:00,70.76,,,,
08/14/26 10:10:00,70.68,,,,
08/14/26 10:15:00,70.76,,,,
08/14/26 10:20:00,70.76,,,,
08/14/26 10:25:00,70.76,,,,
08/14/26 10:30:00,70.68,,,,
08/14/26 10:35:00,70.76,,,,
08/14/26 10:40:00,70.68,,,,
08/14/26 10:45:00,70.68,,,,
08/14/26 10:50:00,70.61,,,,
08/14/26 10:55:00,70.68,,,,
08/14/26 11:00:00,70.61,,,,
08/14/26 11:05:00,70.61,,,,
08/14/26 11:10:00,70.61,,,,
08/14/26 11:15:00,70.53,,,,
08/14/26 11:20:00,70.68,,,,
08/14/26 11:25:00,70.61,,,,
08/14/26 11:30:00,70.61,,,,
08/14/26 11:35:00,70.61,,,,
08/14/26 11:40:00,70.61,,,,
08/14/26 11:45:00,70.61,,,,
08/14/26 11:50:00,70.53,,,,
08/14/26 11:55:00,70.53,,,,
08/14/26 12:00:00,70.61,,,,
08/14/26 12:05:00,70.53,,,,
08/14/26 12:10:00,70.61,,,,
08/14/26 12:15:00,70.53,,,,
08/14/26 12:20:00,70.61,,,,
08/14/26 12:25:00,70.61,,,,
08/14/26 12:30:00,70.53,,,,
08/14/26 12:35:00,70.53,,,,
08/14/26 12:40:00,70.61,,,,
08/14/26 12:45:00,70.53,,,,
08/14/26 12:50:00,70.53,,,,
08/14/26 12:55:00,70.53,,,,
08/14/26 13:00:00,70.53,,,,
08/14/26 13:05:00,70.61,,,,
08/14/26 13:10:00,70.45,,,,
08/14/26 13:15:00,70.53,,,,
08/14/26 13:20:00,70.53,,,,
08/14/26 13:25:00,70.61,,,,
08/14/26 13:30:00,70.53,,,,
08/14/26 13:35:00,70.53,,,,
08/14/26 13:40:00,70.53,,,,
08/14/26 13:45:00,70.53,,,,
08/14/26 13:50:00,70.53,,,,
08/14/26 13:55:00,70.61,,,,
08/14/26 14:00:00,70.61,,,,
08/14/26 14:05:00,70.53,,,,
08/14/26 14:10:00,70.61,,,,
08/14/26 14:15:00,70.53,,,,
08/14/26 14:20:00,70.53,,,,
08/14/26 14:25:00,70.61,,,,
08/14/26 14:30:00,70.61,,,,
08/14/26 14:35:00,70.61,,,,
08/14/26 14:40:00,70.68,,,,
08/14/26 14:45:00,70.68,,,,
08/14/26 14:50:00,70.53,,,,
08/14/26 14:55:00,70.68,,,,
08/14/26 15:00:00,70.68,,,,
08/14/26 15:05:00,70.76,,,,
08/14/26 15:10:00,70.61,,,,
08/14/26 15:15:00,70.61,,,,
08/14/26 15:20:00,70.68,,,,
08/14/26 15:25:00,70.68,,,,
08/14/26 15:30:00,70.68,,,,
08/14/26 15:35:00,70.76,,,,
08/14/26 15:40:00,70.76,,,,
08/14/26 15:45:00,70.76,,,,
08/14/26 15:50:00,70.68,,,,
08/14/26 15:55:00,70.68,,,,
08/14/26 16:00:00,70.76,,,,
08/14/26 16:05:00,70.76,,,,
08/14/26 16:10:00,70.84,,,,
08/14/26 16:15:00,70.91,,,,
08/14/26 16:20:00,70.76,,,,
08/14/26 16:25:00,70.76,,,,
08/14/26 16:30:00,70.76,,,,
08/14/26 16:35:00,70.76,,,,
08/14/26 16:40:00,70.84,,,,
08/14/26 16:45:00,70.84,,,,
08/14/26 16:50:00,70.91,,,,
08/14/26 16:55:00,70.91,,,,
08/14/26 17:00:00,70.91,,,,
08/14/26 17:05:00,70.84,,,,
08/14/26 17:10:00,70.91,,,,
08/14/26 17:15:00,70.91,,,,
08/14/26 17:20:00,70.99,,,,
08/14/26 17:25:00,70.99,,,,
08/14/26 17:30:00,70.99,,,,
08/14/26 17:35:00,70.91,,,,
08/14/26 17:40:00,70.91,,,,
08/14/26 17:45:00,70.91,,,,
08/14/26 17:50:00,70.99,,,,
08/14/26 17:55:00,70.99,,,,
08/14/26 18:00:00,71.15,,,,
08/14/26 18:05:00,70.99,,,,
08/14/26 18:10:00,70.91,,,,
08/14/26 18:15:00,71.07,,,,
08/14/26 18:20:00,71.07,,,,
08/14/26 18:25:00,71.07,,,,
08/14/26 18:30:00,71.07,,,,
08/14/26 18:35:00,71.07,,,,
08/14/26 18:40:00,71.07,,,,
08/14/26 18:45:00,71.07,,,,
08/14/26 18:50:00,71.07,,,,
08/14/26 18:55:00,71.15,,,,
08/14/26 19:00:00,71.15,,,,
08/14/26 19:05:00,71.07,,,,
08/14/26 19:10:00,71.15,,,,
08/14/26 19:15:00,71.15,,,,
08/14/26 19:20:00,71.22,,,,
08/14/26 19:25:00,71.15,,,,
08/14/26 19:30:00,71.15,,,,
08/14/26 19:35:00,71.15,,,,
08/14/26 19:40:00,71.15,,,,
08/14/26 19:45:00,71.22,,,,
08/14/26 19:50:00,71.22,,,,
08/14/26 19:55:00,71.22,,,,
08/14/26 20:00:00,71.15,,,,
08/14/26 20:05:00,71.22,,,,
08/14/26 20:10:00,71.22,,,,
08/14/26 20:15:00,71.22,,,,
08/14/26 20:20:00,71.22,,,,
08/14/26 20:25:00,71.22,,,,
08/14/26 20:30:00,71.22,,,,
08/14/26 20:35:00,71.30,,,,
08/14/26 20:40:00,71.30,,,,
08/14/26 20:45:00,71.30,,,,
08/14/26 20:50:00,71.22,,,,
08/14/26 20:55:00,71.22,,,,
08/14/26 21:00:00,71.30,,,,
08/14/26 21:05:00,71.30,,,,
08/14/26 21:10:00,71.30,,,,
08/14/26 21:15:00,71.30,,,,
08/14/26 21:20:00,71.38,,,,
08/14/26 21:25:00,71.30,,,,
08/14/26 21:30:00,71.38,,,,
08/14/26 21:35:00,71.38,,,,
08/14/26 21:40:00,71.30,,,,
08/14/26 21:45:00,71.38,,,,
08/14/26 21:50:00,71.30,,,,
08/14/26 21:55:00,71.38,,,,
08/14/26 22:00:00,71.38,,,,
08/14/26 22:05:00,71.38,,,,
08/14/26 22:10:00,71.38,,,,
08/14/26 22:15:00,71.45,,,,
08/14/26 22:20:00,71.38,,,,
08/14/26 22:25:00,71.45,,,,
08/14/26 22:30:00,71.38,,,,
08/14/26 22:35:00,71.38,,,,
08/14/26 22:40:00,71.45,,,,
08/14/26 22:45:00,71.38,,,,
08/14/26 22:50:00,71.38,,,,
08/14/26 22:55:00,71.38,,,,
08/14/26 23:00:00,71.45,,,,
08/14/26 23:05:00,71.38,,,,
08/14/26 23:10:00,71.45,,,,
08/14/26 23:15:00,71.45,,,,
08/14/26 23:20:00,71.45,,,,
08/14/26 23:25:00,71.45,,,,
08/14/26 23:30:00,71.45,,,,
08/14/26 23:35:00,71.53,,,,
08/14/26 23:40:00,71.53,,,,
08/14/26 23:45:00,71.45,,,,
08/14/26 23:50:00,71.38,,,,
08/14/26 23:55:00,71.45,,,,
08/15/26 00:00:00,71.45,,,,
08/15/26 00:05:00,71.45,,,,
08/15/26 00:10:00,71.45,,,,
08/15/26 00:15:00,71.45,,,,
08/15/26 00:20:00,71.45,,,,
08/15/26 00:25:00,71.45,,,,
08/15/26 00:30:00,71.38,,,,
08/15/26 00:35:00,71.45,,,,
08/15/26 00:40:00,71.45,,,,
08/15/26 00:45:00,71.45,,,,
08/15/26 00:50:00,71.45,,,,
08/15/26 00:55:00,71.45,,,,
08/15/26 01:00:00,71.38,,,,
08/15/26 01:05:00,71.38,,,,
08/15/26 01:10:00,71.38,,,,
08/15/26 01:15:00,71.38,,,,
08/15/26 01:20:00,71.45,,,,
08/15/26 01:25:00,71.45,,,,
08/15/26 01:30:00,71.45,,,,
08/15/26 01:35:00,71.45,,,,
08/15/26 01:40:00,71.45,,,,
08/15/26 01:45:00,71.45,,,,
08/15/26 01:50:00,71.38,,,,
08/15/26 01:55:00,71.38,,,,
08/15/26 02:00:00,71.38,,,,
08/15/26 02:05:00,71.38,,,,
08/15/26 02:10:00,71.38,,,,
08/15/26 02:15:00,71.38,,,,
08/15/26 02:20:00,71.45,,,,
08/15/26 02:25:00,71.45,,,,
08/15/26 02:30:00,71.38,,,,
08/15/26 02:35:00,71.38,,,,
08/15/26 02:40:00,71.38,,,,
08/15/26 02:45:00,71.30,,,,
08/15/26 02:50:00,71.30,,,,
08/15/26 02:55:00,71.30,,,,
08/15/26 03:00:00,71.38,,,,
08/15/26 03:05:00,71.30,,,,
08/15/26 03:10:00,71.30,,,,
08/15/26 03:15:00,71.30,,,,
08/15/26 03:20:00,71.30,,,,
08/15/26 03:25:00,71.38,,,,
08/15/26 03:30:00,71.30,,,,
08/15/26 03:35:00,71.30,,,,
08/15/26 03:40:00,71.30,,,,
08/15/26 03:45:00,71.22,,,,
08/15/26 03:50:00,71.22,,,,
08/15/26 03:55:00,71.22,,,,
08/15/26 04:00:00,71.15,,,,
08/15/26 04:05:00,71.15,,,,
08/15/26 04:10:00,71.22,,,,
08/15/26 04:15:00,71.15,,,,
08/15/26 04:20:00,71.15,,,,
08/15/26 04:25:00,71.22,,,,
08/15/26 04:30:00,71.15,,,,
08/15/26 04:35:00,71.22,,,,
08/15/26 04:40:00,71.22,,,,
08/15/26 04:45:00,71.22,,,,
08/15/26 04:50:00,71.22,,,,
08/15/26 04:55:00,71.15,,,,
08/15/26 05:00:00,71.15,,,,
08/15/26 05:05:00,70.99,,,,
08/15/26 05:10:00,71.15,,,,
08/15/26 05:15:00,71.15,,,,
08/15/26 05:20:00,71.07,,,,
08/15/26 05:25:00,71.07,,,,
08/15/26 05:30:00,71.07,,,,
08/15/26 05:35:00,71.07,,,,
08/15/26 05:40:00,70.99,,,,
08/15/26 05:45:00,70.99,,,,
08/15/26 05:50:00,70.99,,,,
08/15/26 05:55:00,70.99,,,,
08/15/26 06:00:00,70.99,,,,
08/15/26 06:05:00,70.99,,,,
08/15/26 06:10:00,70.99,,,,
08/15/26 06:15:00,71.07,,,,
08/15/26 06:20:00,70.99,,,,
08/15/26 06:25:00,70.91,,,,
08/15/26 06:30:00,70.91,,,,
08/15/26 06:35:00,70.91,,,,
08/15/26 06:40:00,70.91,,,,
08/15/26 06:45:00,70.99,,,,
08/15/26 06:50:00,70.99,,,,
08/15/26 06:55:00,70.91,,,,
08/15/26 07:00:00,70.91,,,,
08/15/26 07:05:00,70.91,,,,
08/15/26 07:10:00,70.84,,,,
08/15/26 07:15:00,70.76,,,,
08/15/26 07:20:00,70.84,,,,
08/15/26 07:25:00,70.84,,,,
08/15/26 07:30:00,70.76,,,,
08/15/26 07:35:00,70.91,,,,
08/15/26 07:40:00,70.76,,,,
08/15/26 07:45:00,70.76,,,,
08/15/26 07:50:00,70.84,,,,
08/15/26 07:55:00,70.76,,,,
08/15/26 08:00:00,70.76,,,,
08/15/26 08:05:00,70.76,,,,
08/15/26 08:10:00,70.76,,,,
08/15/26 08:15:00,70.76,,,,
08/15/26 08:20:00,70.68,,,,
08/15/26 08:25:00,70.68,,,,
08/15/26 08:30:00,70.68,,,,
08/15/26 08:35:00,70.61,,,,
08/15/26 08:40:00,70.61,,,,
08/15/26 08:45:00,70.68,,,,
08/15/26 08:50:00,70.61,,,,
08/15/26 08:55:00,70.61,,,,
08/15/26 09:00:00,70.61,,,,
08/15/26 09:05:00,70.68,,,,
08/15/26 09:10:00,70.53,,,,
08/15/26 09:15:00,70.53,,,,
08/15/26 09:20:00,70.68,,,,
08/15/26 09:25:00,70.61,,,,
08/15/26 09:30:00,70.53,,,,
08/15/26 09:35:00,70.53,,,,
08/15/26 09:40:00,70.53,,,,
08/15/26 09:45:00,70.45,,,,
08/15/26 09:50:00,70.45,,,,
08/15/26 09:55:00,70.53,,,,
08/15/26 10:00:00,70.45,,,,
08/15/26 10:05:00,70.45,,,,
08/15/26 10:10:00,70.45,,,,
08/15/26 10:15:00,70.37,,,,
08/15/26 10:20:00,70.45,,,,
08/15/26 10:25:00,70.45,,,,
08/15/26 10:30:00,70.45,,,,
08/15/26 10:35:00,70.37,,,,
08/15/26 10:40:00,70.37,,,,
08/15/26 10:45:00,70.45,,,,
08/15/26 10:50:00,70.37,,,,
08/15/26 10:55:00,70.37,,,,
08/15/26 11:00:00,70.45,,,,
08/15/26 11:05:00,70.45,,,,
08/15/26 11:10:00,70.37,,,,
08/15/26 11:15:00,70.30,,,,
08/15/26 11:20:00,70.30,,,,
08/15/26 11:25:00,70.37,,,,
08/15/26 11:30:00,70.37,,,,
08/15/26 11:35:00,70.37,,,,
08/15/26 11:40:00,70.37,,,,
08/15/26 11:45:00,70.30,,,,
08/15/26 11:50:00,70.37,,,,
08/15/26 11:55:00,70.30,,,,
08/15/26 12:00:00,70.30,,,,
08/15/26 12:05:00,70.30,,,,
08/15/26 12:10:00,70.37,,,,
08/15/26 12:15:00,70.30,,,,
08/15/26 12:20:00,70.30,,,,
08/15/26 12:25:00,70.30,,,,
08/15/26 12:30:00,70.30,,,,
08/15/26 12:35:00,70.30,,,,
08/15/26 12:40:00,70.30,,,,
08/15/26 12:45:00,70.22,,,,
08/15/26 12:50:00,70.30,,,,
08/15/26 12:55:00,70.30,,,,
08/15/26 13:00:00,70.30,,,,
08/15/26 13:05:00,70.37,,,,
08/15/26 13:10:00,70.30,,,,
08/15/26 13:15:00,70.30,,,,
08/15/26 13:20:00,70.30,,,,
08/15/26 13:25:00,70.37,,,,
08/15/26 13:30:00,70.30,,,,
08/15/26 13:35:00,70.30,,,,
08/15/26 13:40:00,70.30,,,,
08/15/26 13:45:00,70.30,,,,
08/15/26 13:50:00,70.45,,,,
08/15/26 13:55:00,70.30,,,,
08/15/26 14:00:00,70.37,,,,
08/15/26 14:05:00,70.37,,,,
08/15/26 14:10:00,70.30,,,,
08/15/26 14:15:00,70.37,,,,
08/15/26 14:20:00,70.37,,,,
08/15/26 14:25:00,70.30,,,,
08/15/26 14:30:00,70.37,,,,
08/15/26 14:35:00,70.37,,,,
08/15/26 14:40:00,70.45,,,,
08/15/26 14:45:00,70.37,,,,
08/15/26 14:50:00,70.45,,,,
08/15/26 14:55:00,70.45,,,,
08/15/26 15:00:00,70.37,,,,
08/15/26 15:05:00,70.45,,,,
08/15/26 15:10:00,70.53,,,,
08/15/26 15:15:00,70.53,,,,
08/15/26 15:20:00,70.53,,,,
08/15/26 15:25:00,70.45,,,,
08/15/26 15:30:00,70.53,,,,
08/15/26 15:35:00,70.61,,,,
08/15/26 15:40:00,70.45,,,,
08/15/26 15:45:00,70.53,,,,
08/15/26 15:50:00,70.45,,,,
08/15/26 15:55:00,70.45,,,,
08/15/26 16:00:00,70.53,,,,
08/15/26 16:05:00,70.53,,,,
08/15/26 16:10:00,70.45,,,,
08/15/26 16:15:00,70.61,,,,
08/15/26 16:20:00,70.61,,,,
08/15/26 16:25:00,70.61,,,,
08/15/26 16:30:00,70.61,,,,
08/15/26 16:35:00,70.61,,,,
08/15/26 16:40:00,70.53,,,,
08/15/26 16:45:00,70.68,,,,
08/15/26 16:50:00,70.68,,,,
08/15/26 16:55:00,70.68,,,,
08/15/26 17:00:00,70.61,,,,
08/15/26 17:05:00,70.61,,,,
08/15/26 17:10:00,70.61,,,,
08/15/26 17:15:00,70.68,,,,
08/15/26 17:20:00,70.61,,,,
08/15/26 17:25:00,70.76,,,,
08/15/26 17:30:00,70.68,,,,
08/15/26 17:35:00,70.68,,,,
08/15/26 17:40:00,70.76,,,,
08/15/26 17:45:00,70.76,,,,
08/15/26 17:50:00,70.76,,,,
08/15/26 17:55:00,70.76,,,,
08/15/26 18:00:00,70.76,,,,
08/15/26 18:05:00,70.76,,,,
08/15/26 18:10:00,70.76,,,,
08/15/26 18:15:00,70.76,,,,
08/15/26 18:20:00,70.84,,,,
08/15/26 18:25:00,70.76,,,,
08/15/26 18:30:00,70.84,,,,
08/15/26 18:35:00,70.76,,,,
08/15/26 18:40:00,70.84,,,,
08/15/26 18:45:00,70.84,,,,
08/15/26 18:50:00,70.84,,,,
08/15/26 18:55:00,70.84,,,,
08/15/26 19:00:00,70.99,,,,
08/15/26 19:05:00,70.99,,,,
08/15/26 19:10:00,70.84,,,,
08/15/26 19:15:00,70.99,,,,
08/15/26 19:20:00,70.91,,,,
08/15/26 19:25:00,70.99,,,,
08/15/26 19:30:00,70.91,,,,
08/15/26 19:35:00,70.99,,,,
08/15/26 19:40:00,70.99,,,,
08/15/26 19:45:00,70.99,,,,
08/15/26 19:50:00,70.91,,,,
08/15/26 19:55:00,70.91,,,,
08/15/26 20:00:00,70.99,,,,
08/15/26 20:05:00,71.07,,,,
08/15/26 20:10:00,71.07,,,,
08/15/26 20:15:00,71.07,,,,
08/15/26 20:20:00,71.07,,,,
08/15/26 20:25:00,71.07,,,,
08/15/26 20:30:00,71.07,,,,
08/15/26 20:35:00,71.07,,,,
08/15/26 20:40:00,70.99,,,,
08/15/26 20:45:00,70.99,,,,
08/15/26 20:50:00,71.07,,,,
08/15/26 20:55:00,71.07,,,,
08/15/26 21:00:00,71.15,,,,
08/15/26 21:05:00,71.15,,,,
08/15/26 21:10:00,71.07,,,,
08/15/26 21:15:00,71.22,,,,
08/15/26 21:20:00,71.07,,,,
08/15/26 21:25:00,71.15,,,,
08/15/26 21:30:00,71.07,,,,
08/15/26 21:35:00,71.15,,,,
08/15/26 21:40:00,71.15,,,,
08/15/26 21:45:00,71.15,,,,
08/15/26 21:50:00,71.22,,,,
08/15/26 21:55:00,71.15,,,,
08/15/26 22:00:00,71.15,,,,
08/15/26 22:05:00,71.30,,,,
08/15/26 22:10:00,71.22,,,,
08/15/26 22:15:00,71.22,,,,
08/15/26 22:20:00,71.22,,,,
08/15/26 22:25:00,71.15,,,,
08/15/26 22:30:00,71.15,,,,
08/15/26 22:35:00,71.22,,,,
08/15/26 22:40:00,71.22,,,,
08/15/26 22:45:00,71.22,,,,
08/15/26 22:50:00,71.22,,,,
08/15/26 22:55:00,71.30,,,,
08/15/26 23:00:00,71.30,,,,
08/15/26 23:05:00,71.30,,,,
08/15/26 23:10:00,71.30,,,,
08/15/26 23:15:00,71.30,,,,
08/15/26 23:20:00,71.22,,,,
08/15/26 23:25:00,71.22,,,,
08/15/26 23:30:00,71.30,,,,
08/15/26 23:35:00,71.30,,,,
08/15/26 23:40:00,71.22,,,,
08/15/26 23:45:00,71.22,,,,
08/15/26 23:50:00,71.22,,,,
08/15/26 23:55:00,71.30,,,,
08/16/26 00:00:00,71.30,,,,
08/16/26 00:05:00,71.22,,,,
08/16/26 00:10:00,71.22,,,,
08/16/26 00:15:00,71.30,,,,
08/16/26 00:20:00,71.30,,,,
08/16/26 00:25:00,71.38,,,,
08/16/26 00:30:00,71.38,,,,
08/16/26 00:35:00,71.30,,,,
08/16/26 00:40:00,71.22,,,,
08/16/26 00:45:00,71.30,,,,
08/16/26 00:50:00,71.30,,,,
08/16/26 00:55:00,71.22,,,,
08/16/26 01:00:00,71.22,,,,
08/16/26 01:05:00,71.30,,,,
08/16/26 01:10:00,71.22,,,,
08/16/26 01:15:00,71.30,,,,
08/16/26 01:20:00,71.30,,,,
08/16/26 01:25:00,71.30,,,,
08/16/26 01:30:00,71.22,,,,
08/16/26 01:35:00,71.30,,,,
08/16/26 01:40:00,71.22,,,,
08/16/26 01:45:00,71.22,,,,
08/16/26 01:50:00,71.22,,,,
08/16/26 01:55:00,71.22,,,,
08/16/26 02:00:00,71.15,,,,
08/16/26 02:05:00,71.22,,,,
08/16/26 02:10:00,71.22,,,,
08/16/26 02:15:00,71.22,,,,
08/16/26 02:20:00,71.15,,,,
08/16/26 02:25:00,71.22,,,,
08/16/26 02:30:00,71.22,,,,
08/16/26 02:35:00,71.15,,,,
08/16/26 02:40:00,71.22,,,,
08/16/26 02:45:00,71.22,,,,
08/16/26 02:50:00,71.15,,,,
08/16/26 02:55:00,71.22,,,,
08/16/26 03:00:00,71.07,,,,
08/16/26 03:05:00,71.15,,,,
08/16/26 03:10:00,71.15,,,,
08/16/26 03:15:00,71.15,,,,
08/16/26 03:20:00,71.15,,,,
08/16/26 03:25:00,71.15,,,,
08/16/26 03:30:00,71.07,,,,
08/16/26 03:35:00,71.07,,,,
08/16/26 03:40:00,71.07,,,,
08/16/26 03:45:00,71.07,,,,
08/16/26 03:50:00,71.22,,,,
08/16/26 03:55:00,71.07,,,,
08/16/26 04:00:00,71.07,,,,
08/16/26 04:05:00,71.22,,,,
08/16/26 04:10:00,71.07,,,,
08/16/26 04:15:00,71.07,,,,
08/16/26 04:20:00,71.07,,,,
08/16/26 04:25:00,71.07,,,,
08/16/26 04:30:00,71.15,,,,
08/16/26 04:35:00,71.07,,,,
08/16/26 04:40:00,71.07,,,,
08/16/26 04:45:00,70.99,,,,
08/16/26 04:50:00,71.07,,,,
08/16/26 04:55:00,70.99,,,,
08/16/26 05:00:00,71.07,,,,
08/16/26 05:05:00,71.07,,,,
08/16/26 05:10:00,70.91,,,,
08/16/26 05:15:00,71.07,,,,
08/16/26 05:20:00,70.99,,,,
08/16/26 05:25:00,70.99,,,,
08/16/26 05:30:00,70.91,,,,
08/16/26 05:35:00,70.91,,,,
08/16/26 05:40:00,70.99,,,,
08/16/26 05:45:00,70.91,,,,
08/16/26 05:50:00,70.91,,,,
08/16/26 05:55:00,70.91,,,,
08/16/26 06:00:00,70.91,,,,
08/16/26 06:05:00,70.91,,,,
08/16/26 06:10:00,70.91,,,,
08/16/26 06:15:00,70.84,,,,
08/16/26 06:20:00,70.84,,,,
08/16/26 06:25:00,70.91,,,,
08/16/26 06:30:00,70.91,,,,
08/16/26 06:35:00,70.84,,,,
08/16/26 06:40:00,70.76,,,,
08/16/26 06:45:00,70.76,,,,
08/16/26 06:50:00,70.76,,,,
08/16/26 06:55:00,70.76,,,,
08/16/26 07:00:00,70.76,,,,
08/16/26 07:05:00,70.84,,,,
08/16/26 07:10:00,70.76,,,,
08/16/26 07:15:00,70.76,,,,
08/16/26 07:20:00,70.76,,,,
08/16/26 07:25:00,70.76,,,,
08/16/26 07:30:00,70.76,,,,
08/16/26 07:35:00,70.76,,,,
08/16/26 07:40:00,70.84,,,,
08/16/26 07:45:00,70.68,,,,
08/16/26 07:50:00,70.68,,,,
08/16/26 07:55:00,70.76,,,,
08/16/26 08:00:00,70.68,,,,
08/16/26 08:05:00,70.61,,,,
08/16/26 08:10:00,70.61,,,,
08/16/26 08:15:00,70.76,,,,
08/16/26 08:20:00,70.68,,,,
08/16/26 08:25:00,70.68,,,,
08/16/26 08:30:00,70.61,,,,
08/16/26 08:35:00,70.61,,,,
08/16/26 08:40:00,70.68,,,,
08/16/26 08:45:00,70.68,,,,
08/16/26 08:50:00,70.68,,,,
08/16/26 08:55:00,70.68,,,,
08/16/26 09:00:00,70.68,,,,
08/16/26 09:05:00,70.61,,,,
08/16/26 09:10:00,70.61,,,,
08/16/26 09:15:00,70.61,,,,
08/16/26 09:20:00,70.61,,,,
08/16/26 09:25:00,70.61,,,,
08/16/26 09:30:00,70.61,,,,
08/16/26 09:35:00,70.53,,,,
08/16/26 09:40:00,70.61,,,,
08/16/26 09:45:00,70.53,,,,
08/16/26 09:50:00,70.53,,,,
08/16/26 09:55:00,70.61,,,,
08/16/26 10:00:00,70.61,,,,
08/16/26 10:05:00,70.61,,,,
08/16/26 10:10:00,70.61,,,,
08/16/26 10:15:00,70.53,,,,
08/16/26 10:20:00,70.61,,,,
08/16/26 10:25:00,70.61,,,,
08/16/26 10:30:00,70.61,,,,
08/16/26 10:35:00,70.53,,,,
08/16/26 10:40:00,70.53,,,,
08/16/26 10:45:00,70.61,,,,
08/16/26 10:50:00,70.53,,,,
08/16/26 10:55:00,70.53,,,,
08/16/26 11:00:00,70.45,,,,
08/16/26 11:05:00,70.53,,,,
08/16/26 11:10:00,70.61,,,,
08/16/26 11:15:00,70.45,,,,
08/16/26 11:20:00,70.45,,,,
08/16/26 11:25:00,70.45,,,,
08/16/26 11:30:00,70.53,,,,
08/16/26 11:35:00,70.45,,,,
08/16/26 11:40:00,70.53,,,,
08/16/26 11:45:00,70.53,,,,
08/16/26 11:50:00,70.45,,,,
08/16/26 11:55:00,70.45,,,,
08/16/26 12:00:00,70.45,,,,
08/16/26 12:05:00,70.45,,,,
08/16/26 12:10:00,70.45,,,,
08/16/26 12:15:00,70.45,,,,
08/16/26 12:20:00,70.37,,,,
08/16/26 12:25:00,70.45,,,,
08/16/26 12:30:00,70.45,,,,
08/16/26 12:35:00,70.53,,,,
08/16/26 12:40:00,70.45,,,,
08/16/26 12:45:00,70.53,,,,
08/16/26 12:50:00,70.37,,,,
08/16/26 12:55:00,70.37,,,,
08/16/26 13:00:00,70.37,,,,
08/16/26 13:05:00,70.45,,,,
08/16/26 13:10:00,70.45,,,,
08/16/26 13:15:00,70.37,,,,
08/16/26 13:20:00,70.45,,,,
08/16/26 13:25:00,70.45,,,,
08/16/26 13:30:00,70.45,,,,
08/16/26 13:35:00,70.45,,,,
08/16/26 13:40:00,70.53,,,,
08/16/26 13:45:00,70.45,,,,
08/16/26 13:50:00,70.45,,,,
08/16/26 13:55:00,70.45,,,,
08/16/26 14:00:00,70.45,,,,
08/16/26 14:05:00,70.45,,,,
08/16/26 14:10:00,70.53,,,,
08/16/26 14:15:00,70.53,,,,
08/16/26 14:20:00,70.61,,,,
08/16/26 14:25:00,70.53,,,,
08/16/26 14:30:00,70.45,,,,
08/16/26 14:35:00,70.53,,,,
08/16/26 14:40:00,70.53,,,,
08/16/26 14:45:00,70.45,,,,
08/16/26 14:50:00,70.61,,,,
08/16/26 14:55:00,70.61,,,,
08/16/26 15:00:00,70.53,,,,
08/16/26 15:05:00,70.53,,,,
08/16/26 15:10:00,70.61,,,,
08/16/26 15:15:00,70.53,,,,
08/16/26 15:20:00,70.53,,,,
08/16/26 15:25:00,70.61,,,,
08/16/26 15:30:00,70.53,,,,
08/16/26 15:35:00,70.61,,,,
08/16/26 15:40:00,70.61,,,,
08/16/26 15:45:00,70.61,,,,
08/16/26 15:50:00,70.53,,,,
08/16/26 15:55:00,70.53,,,,
08/16/26 16:00:00,70.61,,,,
08/16/26 16:05:00,70.61,,,,
08/16/26 16:10:00,70.61,,,,
08/16/26 16:15:00,70.76,,,,
08/16/26 16:20:00,70.61,,,,
08/16/26 16:25:00,70.68,,,,
08/16/26 16:30:00,70.68,,,,
08/16/26 16:35:00,70.68,,,,
08/16/26 16:40:00,70.68,,,,
08/16/26 16:45:00,70.76,,,,
08/16/26 16:50:00,70.76,,,,
08/16/26 16:55:00,70.68,,,,
08/16/26 17:00:00,70.76,,,,
08/16/26 17:05:00,70.68,,,,
08/16/26 17:10:00,70.76,,,,
08/16/26 17:15:00,70.76,,,,
08/16/26 17:20:00,70.68,,,,
08/16/26 17:25:00,70.76,,,,
08/16/26 17:30:00,70.76,,,,
08/16/26 17:35:00,70.76,,,,
08/16/26 17:40:00,70.84,,,,
08/16/26 17:45:00,70.76,,,,
08/16/26 17:50:00,70.76,,,,
08/16/26 17:55:00,70.84,,,,
08/16/26 18:00:00,70.84,,,,
08/16/26 18:05:00,70.84,,,,
08/16/26 18:10:00,70.76,,,,
08/16/26 18:15:00,70.76,,,,
08/16/26 18:20:00,70.84,,,,
08/16/26 18:25:00,70.84,,,,
08/16/26 18:30:00,70.84,,,,
08/16/26 18:35:00,70.84,,,,
08/16/26 18:40:00,70.84,,,,
08/16/26 18:45:00,70.91,,,,
08/16/26 18:50:00,70.84,,,,
08/16/26 18:55:00,70.84,,,,
08/16/26 19:00:00,70.91,,,,
08/16/26 19:05:00,70.91,,,,
08/16/26 19:10:00,70.84,,,,
08/16/26 19:15:00,70.91,,,,
08/16/26 19:20:00,70.91,,,,
08/16/26 19:25:00,70.91,,,,
08/16/26 19:30:00,70.91,,,,
08/16/26 19:35:00,70.99,,,,
08/16/26 19:40:00,70.84,,,,
08/16/26 19:45:00,70.91,,,,
08/16/26 19:50:00,70.84,,,,
08/16/26 19:55:00,70.91,,,,
08/16/26 20:00:00,70.99,,,,
08/16/26 20:05:00,70.91,,,,
08/16/26 20:10:00,70.91,,,,
08/16/26 20:15:00,70.99,,,,
08/16/26 20:20:00,70.84,,,,
08/16/26 20:25:00,70.91,,,,
08/16/26 20:30:00,70.91,,,,
08/16/26 20:35:00,70.99,,,,
08/16/26 20:40:00,70.91,,,,
08/16/26 20:45:00,70.99,,,,
08/16/26 20:50:00,70.91,,,,
08/16/26 20:55:00,70.91,,,,
08/16/26 21:00:00,70.99,,,,
08/16/26 21:05:00,70.91,,,,
08/16/26 21:10:00,70.99,,,,
08/16/26 21:15:00,70.99,,,,
08/16/26 21:20:00,71.07,,,,
08/16/26 21:25:00,70.99,,,,
08/16/26 21:30:00,70.99,,,,
08/16/26 21:35:00,71.07,,,,
08/16/26 21:40:00,70.99,,,,
08/16/26 21:45:00,70.99,,,,
08/16/26 21:50:00,71.07,,,,
08/16/26 21:55:00,71.07,,,,
08/16/26 22:00:00,71.07,,,,
08/16/26 22:05:00,70.99,,,,
08/16/26 22:10:00,70.99,,,,
08/16/26 22:15:00,71.07,,,,
08/16/26 22:20:00,71.07,,,,
08/16/26 22:25:00,71.07,,,,
08/16/26 22:30:00,70.99,,,,
08/16/26 22:35:00,71.07,,,,
08/16/26 22:40:00,70.99,,,,
08/16/26 22:45:00,71.15,,,,
08/16/26 22:50:00,70.91,,,,
08/16/26 22:55:00,71.07,,,,
08/16/26 23:00:00,70.99,,,,
08/16/26 23:05:00,71.07,,,,
08/16/26 23:10:00,71.07,,,,
08/16/26 23:15:00,71.07,,,,
08/16/26 23:20:00,71.07,,,,
08/16/26 23:25:00,71.15,,,,
08/16/26 23:30:00,70.99,,,,
08/16/26 23:35:00,70.99,,,,
08/16/26 23:40:00,71.07,,,,
08/16/26 23:45:00,71.07,,,,
08/16/26 23:50:00,71.07,,,,
08/16/26 23:55:00,71.07,,,,
08/17/26 00:00:00,71.15,,,,
08/17/26 00:05:00,71.07,,,,
08/17/26 00:10:00,71.07,,,,
08/17/26 00:15:00,71.07,,,,
08/17/26 00:20:00,71.07,,,,
08/17/26 00:25:00,71.07,,,,
08/17/26 00:30:00,70.99,,,,
08/17/26 00:35:00,70.99,,,,
08/17/26 00:40:00,71.07,,,,
08/17/26 00:45:00,71.07,,,,
08/17/26 00:50:00,70.99,,,,
08/17/26 00:55:00,70.99,,,,
08/17/26 01:00:00,70.99,,,,
08/17/26 01:05:00,70.99,,,,
08/17/26 01:10:00,70.99,,,,
08/17/26 01:15:00,70.99,,,,
08/17/26 01:20:00,70.91,,,,
08/17/26 01:25:00,70.91,,,,
08/17/26 01:30:00,70.91,,,,
08/17/26 01:35:00,70.91,,,,
08/17/26 01:40:00,70.91,,,,
08/17/26 01:45:00,70.99,,,,
08/17/26 01:50:00,70.84,,,,
08/17/26 01:55:00,70.91,,,,
08/17/26 02:00:00,70.91,,,,
08/17/26 02:05:00,70.91,,,,
08/17/26 02:10:00,70.91,,,,
08/17/26 02:15:00,70.91,,,,
08/17/26 02:20:00,70.99,,,,
08/17/26 02:25:00,70.91,,,,
08/17/26 02:30:00,70.91,,,,
08/17/26 02:35:00,70.91,,,,
08/17/26 02:40:00,70.91,,,,
08/17/26 02:45:00,70.84,,,,
08/17/26 02:50:00,70.91,,,,
08/17/26 02:55:00,70.84,,,,
08/17/26 03:00:00,70.84,,,,
08/17/26 03:05:00,70.84,,,,
08/17/26 03:10:00,70.76,,,,
08/17/26 03:15:00,70.84,,,,
08/17/26 03:20:00,70.76,,,,
08/17/26 03:25:00,70.84,,,,
08/17/26 03:30:00,70.76,,,,
08/17/26 03:35:00,70.76,,,,
08/17/26 03:40:00,70.84,,,,
08/17/26 03:45:00,70.76,,,,
08/17/26 03:50:00,70.76,,,,
08/17/26 03:55:00,70.76,,,,
08/17/26 04:00:00,70.68,,,,
08/17/26 04:05:00,70.76,,,,
08/17/26 04:10:00,70.76,,,,
08/17/26 04:15:00,70.68,,,,
08/17/26 04:20:00,70.68,,,,
08/17/26 04:25:00,70.68,,,,
08/17/26 04:30:00,70.68,,,,
08/17/26 04:35:00,70.68,,,,
08/17/26 04:40:00,70.68,,,,
08/17/26 04:45:00,70.61,,,,
08/17/26 04:50:00,70.61,,,,
08/17/26 04:55:00,70.53,,,,
08/17/26 05:00:00,70.61,,,,
08/17/26 05:05:00,70.61,,,,
08/17/26 05:10:00,70.53,,,,
08/17/26 05:15:00,70.61,,,,
08/17/26 05:20:00,70.45,,,,
08/17/26 05:25:00,70.53,,,,
08/17/26 05:30:00,70.53,,,,
08/17/26 05:35:00,70.45,,,,
08/17/26 05:40:00,70.45,,,,
08/17/26 05:45:00,70.45,,,,
08/17/26 05:50:00,70.45,,,,
08/17/26 05:55:00,70.53,,,,
08/17/26 06:00:00,70.45,,,,
08/17/26 06:05:00,70.45,,,,
08/17/26 06:10:00,70.45,,,,
08/17/26 06:15:00,70.37,,,,
08/17/26 06:20:00,70.37,,,,
08/17/26 06:25:00,70.37,,,,
08/17/26 06:30:00,70.37,,,,
08/17/26 06:35:00,70.30,,,,
08/17/26 06:40:00,70.22,,,,
08/17/26 06:45:00,70.30,,,,
08/17/26 06:50:00,70.30,,,,
08/17/26 06:55:00,70.30,,,,
08/17/26 07:00:00,70.22,,,,
08/17/26 07:05:00,70.30,,,,
08/17/26 07:10:00,70.22,,,,
08/17/26 07:15:00,70.22,,,,
08/17/26 07:20:00,70.22,,,,
08/17/26 07:25:00,70.14,,,,
08/17/26 07:30:00,70.22,,,,
08/17/26 07:35:00,70.14,,,,
08/17/26 07:40:00,70.06,,,,
08/17/26 07:45:00,70.22,,,,
08/17/26 07:50:00,70.14,,,,
08/17/26 07:55:00,70.06,,,,
08/17/26 08:00:00,70.06,,,,
08/17/26 08:05:00,70.14,,,,
08/17/26 08:10:00,69.99,,,,
08/17/26 08:15:00,70.14,,,,
08/17/26 08:20:00,70.30,,,,
08/17/26 08:25:00,70.61,,,,
08/17/26 08:30:00,70.76,,,,
08/17/26 08:35:00,70.84,,,,
08/17/26 08:40:00,70.91,,,,
08/17/26 08:45:00,70.99,,,,
08/17/26 08:50:00,71.07,,,,
08/17/26 08:55:00,71.07,,,,
08/17/26 09:00:00,71.22,,,,
08/17/26 09:05:00,71.22,,,,
08/17/26 09:10:00,71.22,,,,
08/17/26 09:15:00,71.22,,,,
08/17/26 09:20:00,71.30,,,,
08/17/26 09:25:00,71.22,,,,
08/17/26 09:30:00,71.22,,,,
08/17/26 09:35:00,71.38,,,,
08/17/26 09:40:00,71.38,,,,
08/17/26 09:45:00,71.38,,,,
08/17/26 09:50:00,71.30,,,,
08/17/26 09:55:00,70.99,,,,
08/17/26 10:00:00,70.91,,,,
08/17/26 10:05:00,70.99,,,,
08/17/26 10:10:00,70.99,,,,
08/17/26 10:15:00,71.22,,,,
08/17/26 10:20:00,71.45,,,,
08/17/26 10:25:00,71.84,,,,
08/17/26 10:30:00,72.07,,,,
08/17/26 10:35:00,72.38,,,,
08/17/26 10:40:00,72.54,,,,
08/17/26 10:45:00,72.69,,,,
08/17/26 10:50:00,72.92,,,,
08/17/26 10:55:00,73.23,,,,
08/17/26 11:00:00,73.62,,,,
08/17/26 11:05:00,74.08,,,,
08/17/26 11:10:00,74.62,,,,
08/17/26 11:15:00,75.32,,,,
08/17/26 11:20:00,76.01,,,,
08/17/26 11:25:00,76.55,,,,
08/17/26 11:30:00,77.09,,,,
08/17/26 11:35:00,77.56,,,,
08/17/26 11:40:00,77.86,,,,
08/17/26 11:45:00,78.25,,,,
08/17/26 11:50:00,78.64,,,,
08/17/26 11:55:00,78.95,,,,
08/17/26 12:00:00,79.95,,,,
08/17/26 12:05:00,79.49,,,,
08/17/26 12:10:00,78.64,,,,
08/17/26 12:15:00,77.63,,,,
08/17/26 12:20:00,76.86,,,,
08/17/26 12:25:00,76.24,,,,
08/17/26 12:30:00,75.70,,,,
08/17/26 12:35:00,75.24,,,,
08/17/26 12:40:00,75.01,,,,
08/17/26 12:45:00,74.70,,,,
08/17/26 12:50:00,74.39,,,,
08/17/26 12:55:00,74.23,,,,
08/17/26 13:00:00,74.08,,,,
08/17/26 13:05:00,73.93,,,,
08/17/26 13:10:00,73.77,,,,
08/17/26 13:15:00,73.69,,,,
08/17/26 13:20:00,73.69,,,,
08/17/26 13:25:00,73.54,,,,
08/17/26 13:30:00,73.46,,,,
08/17/26 13:35:00,73.39,,,,
08/17/26 13:40:00,73.39,,,,
08/17/26 13:45:00,73.31,,,,
08/17/26 13:50:00,73.23,,,,
08/17/26 13:55:00,73.15,,,,
08/17/26 14:00:00,73.08,,,,
08/17/26 14:05:00,73.08,,,,
08/17/26 14:10:00,73.08,,,,
08/17/26 14:15:00,73.00,,,,
08/17/26 14:20:00,73.00,,,,
08/17/26 14:25:00,72.92,,,,
08/17/26 14:30:00,72.92,,,,
08/17/26 14:35:00,72.92,,,,
08/17/26 14:40:00,72.84,,,,
08/17/26 14:45:00,72.69,,,,
08/17/26 14:50:00,72.84,,,,
08/17/26 14:55:00,72.77,,,,
08/17/26 15:00:00,72.69,,,,
08/17/26 15:05:00,72.61,,,,
08/17/26 15:10:00,72.54,,,,
08/17/26 15:15:00,72.54,,,,
08/17/26 15:20:00,72.46,,,,
08/17/26 15:25:00,72.38,,,,
08/17/26 15:30:00,72.46,,,,
08/17/26 15:35:00,72.30,,,,
08/17/26 15:40:00,72.23,,,,
08/17/26 15:45:00,72.15,,,,
08/17/26 15:50:00,72.23,,,,
08/17/26 15:55:00,72.15,,,,
08/17/26 16:00:00,72.00,,,,
08/17/26 16:05:00,72.07,,,,
08/17/26 16:10:00,72.07,,,,
08/17/26 16:15:00,72.00,,,,
08/17/26 16:20:00,71.92,,,,
08/17/26 16:25:00,71.92,,,,
08/17/26 16:30:00,71.92,,,,
08/17/26 16:35:00,71.84,,,,
08/17/26 16:40:00,71.84,,,,
08/17/26 16:45:00,71.76,,,,
08/17/26 16:50:00,71.76,,,,
08/17/26 16:55:00,71.76,,,,
08/17/26 17:00:00,71.61,,,,
08/17/26 17:05:00,71.69,,,,
08/17/26 17:10:00,71.61,,,,
08/17/26 17:15:00,71.69,,,,
08/17/26 17:20:00,71.61,,,,
08/17/26 17:25:00,71.61,,,,
08/17/26 17:30:00,71.61,,,,
08/17/26 17:35:00,71.53,,,,
08/17/26 17:40:00,71.61,,,,
08/17/26 17:45:00,71.61,,,,
08/17/26 17:50:00,71.61,,,,
08/17/26 17:55:00,71.53,,,,
08/17/26 18:00:00,71.53,,,,
08/17/26 18:05:00,71.45,,,,
08/17/26 18:10:00,71.45,,,,
08/17/26 18:15:00,71.53,,,,
08/17/26 18:20:00,71.45,,,,
08/17/26 18:25:00,71.45,,,,
08/17/26 18:30:00,71.45,,,,
08/17/26 18:35:00,71.45,,,,
08/17/26 18:40:00,71.53,,,,
08/17/26 18:45:00,71.38,,,,
08/17/26 18:50:00,71.45,,,,
08/17/26 18:55:00,71.45,,,,
08/17/26 19:00:00,71.38,,,,
08/17/26 19:05:00,71.38,,,,
08/17/26 19:10:00,71.38,,,,
08/17/26 19:15:00,71.38,,,,
08/17/26 19:20:00,71.30,,,,
08/17/26 19:25:00,71.30,,,,
08/17/26 19:30:00,71.38,,,,
08/17/26 19:35:00,71.30,,,,
08/17/26 19:40:00,71.30,,,,
08/17/26 19:45:00,71.30,,,,
08/17/26 19:50:00,71.30,,,,
08/17/26 19:55:00,71.30,,,,
08/17/26 20:00:00,71.22,,,,
08/17/26 20:05:00,71.30,,,,
08/17/26 20:10:00,71.30,,,,
08/17/26 20:15:00,71.38,,,,
08/17/26 20:20:00,71.22,,,,
08/17/26 20:25:00,71.15,,,,
08/17/26 20:30:00,71.22,,,,
08/17/26 20:35:00,71.22,,,,
08/17/26 20:40:00,71.22,,,,
08/17/26 20:45:00,71.22,,,,
08/17/26 20:50:00,71.15,,,,
08/17/26 20:55:00,71.22,,,,
08/17/26 21:00:00,71.22,,,,
08/17/26 21:05:00,71.15,,,,
08/17/26 21:10:00,71.22,,,,
08/17/26 21:15:00,71.22,,,,
08/17/26 21:20:00,71.22,,,,
08/17/26 21:25:00,71.22,,,,
08/17/26 21:30:00,71.30,,,,
08/17/26 21:35:00,71.15,,,,
08/17/26 21:40:00,71.22,,,,
08/17/26 21:45:00,71.07,,,,
08/17/26 21:50:00,71.15,,,,
08/17/26 21:55:00,71.22,,,,
08/17/26 22:00:00,71.15,,,,
08/17/26 22:05:00,71.15,,,,
08/17/26 22:10:00,71.07,,,,
08/17/26 22:15:00,71.07,,,,
08/17/26 22:20:00,71.15,,,,
08/17/26 22:25:00,71.07,,,,
08/17/26 22:30:00,71.07,,,,
08/17/26 22:35:00,70.99,,,,
08/17/26 22:40:00,71.15,,,,
08/17/26 22:45:00,71.07,,,,
08/17/26 22:50:00,71.07,,,,
08/17/26 22:55:00,71.07,,,,
08/17/26 23:00:00,71.07,,,,
08/17/26 23:05:00,71.07,,,,
08/17/26 23:10:00,71.07,,,,
08/17/26 23:15:00,71.07,,,,
08/17/26 23:20:00,71.07,,,,
08/17/26 23:25:00,71.07,,,,
08/17/26 23:30:00,71.07,,,,
08/17/26 23:35:00,70.99,,,,
08/17/26 23:40:00,70.99,,,,
08/17/26 23:45:00,70.99,,,,
08/17/26 23:50:00,70.99,,,,
08/17/26 23:55:00,71.07,,,,
08/18/26 00:00:00,70.99,,,,
08/18/26 00:05:00,70.99,,,,
08/18/26 00:10:00,70.99,,,,
08/18/26 00:15:00,71.07,,,,
08/18/26 00:20:00,70.99,,,,
08/18/26 00:25:00,70.91,,,,
08/18/26 00:30:00,70.99,,,,
08/18/26 00:35:00,70.99,,,,
08/18/26 00:40:00,70.99,,,,
08/18/26 00:45:00,70.91,,,,
08/18/26 00:50:00,70.99,,,,
08/18/26 00:55:00,70.91,,,,
08/18/26 01:00:00,70.99,,,,
08/18/26 01:05:00,70.99,,,,
08/18/26 01:10:00,70.91,,,,
08/18/26 01:15:00,70.91,,,,
08/18/26 01:20:00,70.91,,,,
08/18/26 01:25:00,70.91,,,,
08/18/26 01:30:00,70.91,,,,
08/18/26 01:35:00,70.91,,,,
08/18/26 01:40:00,70.91,,,,
08/18/26 01:45:00,70.91,,,,
08/18/26 01:50:00,70.84,,,,
08/18/26 01:55:00,70.91,,,,
08/18/26 02:00:00,70.99,,,,
08/18/26 02:05:00,70.91,,,,
08/18/26 02:10:00,70.76,,,,
08/18/26 02:15:00,70.91,,,,
08/18/26 02:20:00,70.91,,,,
08/18/26 02:25:00,70.91,,,,
08/18/26 02:30:00,70.84,,,,
08/18/26 02:35:00,70.84,,,,
08/18/26 02:40:00,70.76,,,,
08/18/26 02:45:00,70.84,,,,
08/18/26 02:50:00,70.76,,,,
08/18/26 02:55:00,70.91,,,,
08/18/26 03:00:00,70.84,,,,
08/18/26 03:05:00,70.76,,,,
08/18/26 03:10:00,70.76,,,,
08/18/26 03:15:00,70.76,,,,
08/18/26 03:20:00,70.76,,,,
08/18/26 03:25:00,70.84,,,,
08/18/26 03:30:00,70.84,,,,
08/18/26 03:35:00,70.76,,,,
08/18/26 03:40:00,70.76,,,,
08/18/26 03:45:00,70.76,,,,
08/18/26 03:50:00,70.76,,,,
08/18/26 03:55:00,70.76,,,,
08/18/26 04:00:00,70.76,,,,
08/18/26 04:05:00,70.76,,,,
08/18/26 04:10:00,70.68,,,,
08/18/26 04:15:00,70.68,,,,
08/18/26 04:20:00,70.68,,,,
08/18/26 04:25:00,70.76,,,,
08/18/26 04:30:00,70.68,,,,
08/18/26 04:35:00,70.68,,,,
08/18/26 04:40:00,70.76,,,,
08/18/26 04:45:00,70.68,,,,
08/18/26 04:50:00,70.76,,,,
08/18/26 04:55:00,70.76,,,,
08/18/26 05:00:00,70.68,,,,
08/18/26 05:05:00,70.61,,,,
08/18/26 05:10:00,70.61,,,,
08/18/26 05:15:00,70.68,,,,
08/18/26 05:20:00,70.61,,,,
08/18/26 05:25:00,70.68,,,,
08/18/26 05:30:00,70.68,,,,
08/18/26 05:35:00,70.76,,,,
08/18/26 05:40:00,70.61,,,,
08/18/26 05:45:00,70.68,,,,
08/18/26 05:50:00,70.68,,,,
08/18/26 05:55:00,70.61,,,,
08/18/26 06:00:00,70.61,,,,
08/18/26 06:05:00,70.68,,,,
08/18/26 06:10:00,70.45,,,,
08/18/26 06:15:00,70.53,,,,
08/18/26 06:20:00,70.61,,,,
08/18/26 06:25:00,70.61,,,,
08/18/26 06:30:00,70.61,,,,
08/18/26 06:35:00,70.61,,,,
08/18/26 06:40:00,70.61,,,,
08/18/26 06:45:00,70.61,,,,
08/18/26 06:50:00,70.53,,,,
08/18/26 06:55:00,70.61,,,,
08/18/26 07:00:00,70.53,,,,
08/18/26 07:05:00,70.61,,,,
08/18/26 07:10:00,70.53,,,,
08/18/26 07:15:00,70.53,,,,
08/18/26 07:20:00,70.53,,,,
08/18/26 07:25:00,70.53,,,,
08/18/26 07:30:00,70.53,,,,
08/18/26 07:35:00,70.45,,,,
08/18/26 07:40:00,70.53,,,,
08/18/26 07:45:00,70.61,,,,
08/18/26 07:50:00,70.53,,,,
08/18/26 07:55:00,70.53,,,,
08/18/26 08:00:00,70.61,,,,
08/18/26 08:05:00,70.61,,,,
08/18/26 08:10:00,70.53,,,,
08/18/26 08:15:00,70.61,,,,
08/18/26 08:20:00,70.61,,,,
08/18/26 08:25:00,70.61,,,,
08/18/26 08:30:00,70.68,,,,
08/18/26 08:35:00,70.68,,,,
08/18/26 08:40:00,70.76,,,,
08/18/26 08:45:00,70.68,,,,
08/18/26 08:50:00,70.76,,,,
08/18/26 08:55:00,70.84,,,,
08/18/26 09:00:00,70.84,,,,
08/18/26 09:05:00,70.91,,,,
08/18/26 09:10:00,70.99,,,,
08/18/26 09:15:00,70.99,,,,
08/18/26 09:20:00,71.07,,,,
08/18/26 09:25:00,71.07,,,,
08/18/26 09:30:00,71.07,,,,
08/18/26 09:35:00,71.07,,,,
08/18/26 09:40:00,71.22,,,,
08/18/26 09:45:00,71.15,,,,
08/18/26 09:50:00,71.15,,,,
08/18/26 09:55:00,71.22,,,,
08/18/26 10:00:00,71.22,,,,
08/18/26 10:05:00,71.30,,,,
08/18/26 10:10:00,71.22,,,,
08/18/26 10:15:00,71.38,,,,
08/18/26 10:20:00,71.22,,,,
08/18/26 10:25:00,71.38,,,,
08/18/26 10:30:00,71.45,,,,
08/18/26 10:35:00,71.45,,,,
08/18/26 10:40:00,71.38,,,,
08/18/26 10:45:00,71.45,,,,
08/18/26 10:50:00,71.45,,,,
08/18/26 10:55:00,71.45,,,,
08/18/26 11:00:00,71.53,,,,
08/18/26 11:05:00,71.53,,,,
08/18/26 11:10:00,71.61,,,,
08/18/26 11:15:00,71.69,,,,
08/18/26 11:20:00,71.61,,,,
08/18/26 11:25:00,71.53,,,,
08/18/26 11:30:00,71.61,,,,
08/18/26 11:35:00,71.69,,,,
08/18/26 11:40:00,71.61,,,,
08/18/26 11:45:00,71.61,,,,
08/18/26 11:50:00,71.61,,,,
08/18/26 11:55:00,71.61,,,,
08/18/26 12:00:00,71.61,,,,
08/18/26 12:05:00,71.61,,,,
08/18/26 12:10:00,71.61,,,,
08/18/26 12:15:00,71.61,,,,
08/18/26 12:20:00,71.53,,,,
08/18/26 12:25:00,71.69,,,,
08/18/26 12:30:00,71.61,,,,
08/18/26 12:35:00,71.53,,,,
08/18/26 12:40:00,71.61,,,,
08/18/26 12:45:00,71.53,,,,
08/18/26 12:50:00,71.61,,,,
08/18/26 12:55:00,71.53,,,,
08/18/26 13:00:00,71.61,,,,
08/18/26 13:05:00,71.61,,,,
08/18/26 13:10:00,71.69,,,,
08/18/26 13:15:00,71.69,,,,
08/18/26 13:20:00,71.76,,,,
08/18/26 13:25:00,71.69,,,,
08/18/26 13:30:00,71.69,,,,
08/18/26 13:35:00,71.69,,,,
08/18/26 13:40:00,71.76,,,,
08/18/26 13:45:00,71.69,,,,
08/18/26 13:50:00,71.76,,,,
08/18/26 13:55:00,71.76,,,,
08/18/26 14:00:00,71.76,,,,
08/18/26 14:05:00,71.69,,,,
08/18/26 14:10:00,71.69,,,,
08/18/26 14:15:00,71.76,,,,
08/18/26 14:20:00,71.76,,,,
08/18/26 14:25:00,71.76,,,,
08/18/26 14:30:00,71.76,,,,
08/18/26 14:35:00,71.69,,,,
08/18/26 14:40:00,71.76,,,,
08/18/26 14:45:00,71.76,,,,
08/18/26 14:50:00,71.76,,,,
08/18/26 14:55:00,71.76,,,,
08/18/26 15:00:00,71.76,,,,
08/18/26 15:05:00,71.76,,,,
08/18/26 15:10:00,71.76,,,,
08/18/26 15:15:00,71.84,,,,
08/18/26 15:20:00,71.84,,,,
08/18/26 15:25:00,71.84,,,,
08/18/26 15:30:00,71.84,,,,
08/18/26 15:35:00,71.76,,,,
08/18/26 15:40:00,71.76,,,,
08/18/26 15:45:00,71.76,,,,
08/18/26 15:50:00,71.76,,,,
08/18/26 15:55:00,71.84,,,,
08/18/26 16:00:00,71.76,,,,
08/18/26 16:05:00,71.69,,,,
08/18/26 16:10:00,71.76,,,,
08/18/26 16:15:00,71.76,,,,
08/18/26 16:20:00,71.69,,,,
08/18/26 16:25:00,71.69,,,,
08/18/26 16:30:00,71.69,,,,
08/18/26 16:35:00,71.61,,,,
08/18/26 16:40:00,71.69,,,,
08/18/26 16:45:00,71.69,,,,
08/18/26 16:50:00,71.69,,,,
08/18/26 16:55:00,71.69,,,,
08/18/26 17:00:00,71.69,,,,
08/18/26 17:05:00,71.61,,,,
08/18/26 17:10:00,71.61,,,,
08/18/26 17:15:00,71.61,,,,
08/18/26 17:20:00,71.69,,,,
08/18/26 17:25:00,71.53,,,,
08/18/26 17:30:00,71.61,,,,
08/18/26 17:35:00,71.61,,,,
08/18/26 17:40:00,71.53,,,,
08/18/26 17:45:00,71.53,,,,
08/18/26 17:50:00,71.53,,,,
08/18/26 17:55:00,71.53,,,,
08/18/26 18:00:00,71.53,,,,
08/18/26 18:05:00,71.53,,,,
08/18/26 18:10:00,71.53,,,,
08/18/26 18:15:00,71.53,,,,
08/18/26 18:20:00,71.61,,,,
08/18/26 18:25:00,71.61,,,,
08/18/26 18:30:00,71.45,,,,
08/18/26 18:35:00,71.61,,,,
08/18/26 18:40:00,71.53,,,,
08/18/26 18:45:00,71.45,,,,
08/18/26 18:50:00,71.45,,,,
08/18/26 18:55:00,71.53,,,,
08/18/26 19:00:00,71.45,,,,
08/18/26 19:05:00,71.45,,,,
08/18/26 19:10:00,71.45,,,,
08/18/26 19:15:00,71.45,,,,
08/18/26 19:20:00,71.45,,,,
08/18/26 19:25:00,71.45,,,,
08/18/26 19:30:00,71.45,,,,
08/18/26 19:35:00,71.38,,,,
08/18/26 19:40:00,71.38,,,,
08/18/26 19:45:00,71.45,,,,
08/18/26 19:50:00,71.30,,,,
08/18/26 19:55:00,71.38,,,,
08/18/26 20:00:00,71.38,,,,
08/18/26 20:05:00,71.38,,,,
08/18/26 20:10:00,71.38,,,,
08/18/26 20:15:00,71.38,,,,
08/18/26 20:20:00,71.38,,,,
08/18/26 20:25:00,71.38,,,,
08/18/26 20:30:00,71.38,,,,
08/18/26 20:35:00,71.30,,,,
08/18/26 20:40:00,71.30,,,,
08/18/26 20:45:00,71.30,,,,
08/18/26 20:50:00,71.30,,,,
08/18/26 20:55:00,71.30,,,,
08/18/26 21:00:00,71.22,,,,
08/18/26 21:05:00,71.22,,,,
08/18/26 21:10:00,71.22,,,,
08/18/26 21:15:00,71.22,,,,
08/18/26 21:20:00,71.15,,,,
08/18/26 21:25:00,71.15,,,,
08/18/26 21:30:00,71.30,,,,
08/18/26 21:35:00,71.22,,,,
08/18/26 21:40:00,71.22,,,,
08/18/26 21:45:00,71.30,,,,
08/18/26 21:50:00,71.30,,,,
08/18/26 21:55:00,71.30,,,,
08/18/26 22:00:00,71.22,,,,
08/18/26 22:05:00,71.22,,,,
08/18/26 22:10:00,71.22,,,,
08/18/26 22:15:00,71.22,,,,
08/18/26 22:20:00,71.30,,,,
08/18/26 22:25:00,71.22,,,,
08/18/26 22:30:00,71.15,,,,
08/18/26 22:35:00,71.22,,,,
08/18/26 22:40:00,71.22,,,,
08/18/26 22:45:00,71.30,,,,
08/18/26 22:50:00,71.22,,,,
08/18/26 22:55:00,71.22,,,,
08/18/26 23:00:00,71.22,,,,
08/18/26 23:05:00,71.22,,,,
08/18/26 23:10:00,71.22,,,,
08/18/26 23:15:00,71.22,,,,
08/18/26 23:20:00,71.22,,,,
08/18/26 23:25:00,71.22,,,,
08/18/26 23:30:00,71.22,,,,
08/18/26 23:35:00,71.07,,,,
08/18/26 23:40:00,71.22,,,,
08/18/26 23:45:00,71.22,,,,
08/18/26 23:50:00,71.22,,,,
08/18/26 23:55:00,71.15,,,,
08/19/26 00:00:00,71.15,,,,
08/19/26 00:05:00,71.22,,,,
08/19/26 00:10:00,71.15,,,,
08/19/26 00:15:00,71.30,,,,
08/19/26 00:20:00,71.22,,,,
08/19/26 00:25:00,71.22,,,,
08/19/26 00:30:00,71.22,,,,
08/19/26 00:35:00,71.22,,,,
08/19/26 00:40:00,71.15,,,,
08/19/26 00:45:00,71.15,,,,
08/19/26 00:50:00,71.15,,,,
08/19/26 00:55:00,71.15,,,,
08/19/26 01:00:00,71.07,,,,
08/19/26 01:05:00,71.15,,,,
08/19/26 01:10:00,71.07,,,,
08/19/26 01:15:00,71.15,,,,
08/19/26 01:20:00,71.07,,,,
08/19/26 01:25:00,71.07,,,,
08/19/26 01:30:00,71.07,,,,
08/19/26 01:35:00,70.99,,,,
08/19/26 01:40:00,71.07,,,,
08/19/26 01:45:00,71.15,,,,
08/19/26 01:50:00,71.07,,,,
08/19/26 01:55:00,71.07,,,,
08/19/26 02:00:00,70.99,,,,
08/19/26 02:05:00,71.07,,,,
08/19/26 02:10:00,71.07,,,,
08/19/26 02:15:00,70.99,,,,
08/19/26 02:20:00,70.99,,,,
08/19/26 02:25:00,71.07,,,,
08/19/26 02:30:00,71.07,,,,
08/19/26 02:35:00,71.07,,,,
08/19/26 02:40:00,71.07,,,,
08/19/26 02:45:00,70.99,,,,
08/19/26 02:50:00,70.99,,,,
08/19/26 02:55:00,71.07,,,,
08/19/26 03:00:00,70.99,,,,
08/19/26 03:05:00,70.99,,,,
08/19/26 03:10:00,70.99,,,,
08/19/26 03:15:00,70.91,,,,
08/19/26 03:20:00,70.91,,,,
08/19/26 03:25:00,71.07,,,,
08/19/26 03:30:00,70.99,,,,
08/19/26 03:35:00,70.99,,,,
08/19/26 03:40:00,70.99,,,,
08/19/26 03:45:00,70.99,,,,
08/19/26 03:50:00,70.91,,,,
08/19/26 03:55:00,70.99,,,,
08/19/26 04:00:00,70.91,,,,
08/19/26 04:05:00,70.99,,,,
08/19/26 04:10:00,70.99,,,,
08/19/26 04:15:00,70.91,,,,
08/19/26 04:20:00,70.84,,,,
08/19/26 04:25:00,70.91,,,,
08/19/26 04:30:00,70.91,,,,
08/19/26 04:35:00,70.91,,,,
08/19/26 04:40:00,70.91,,,,
08/19/26 04:45:00,70.84,,,,
08/19/26 04:50:00,70.91,,,,
08/19/26 04:55:00,70.84,,,,
08/19/26 05:00:00,70.84,,,,
08/19/26 05:05:00,70.84,,,,
08/19/26 05:10:00,70.76,,,,
08/19/26 05:15:00,70.84,,,,
08/19/26 05:20:00,70.76,,,,
08/19/26 05:25:00,70.76,,,,
08/19/26 05:30:00,70.76,,,,
08/19/26 05:35:00,70.84,,,,
08/19/26 05:40:00,70.76,,,,
08/19/26 05:45:00,70.84,,,,
08/19/26 05:50:00,70.68,,,,
08/19/26 05:55:00,70.76,,,,
08/19/26 06:00:00,70.76,,,,
08/19/26 06:05:00,70.76,,,,
08/19/26 06:10:00,70.84,,,,
08/19/26 06:15:00,70.76,,,,
08/19/26 06:20:00,70.76,,,,
08/19/26 06:25:00,70.76,,,,
08/19/26 06:30:00,70.76,,,,
08/19/26 06:35:00,70.76,,,,
08/19/26 06:40:00,70.68,,,,
08/19/26 06:45:00,70.76,,,,
08/19/26 06:50:00,70.68,,,,
08/19/26 06:55:00,70.76,,,,
08/19/26 07:00:00,70.76,,,,
08/19/26 07:05:00,70.61,,,,
08/19/26 07:10:00,70.76,,,,
08/19/26 07:15:00,70.68,,,,
08/19/26 07:20:00,70.84,,,,
08/19/26 07:25:00,70.76,,,,
08/19/26 07:30:00,70.68,,,,
08/19/26 07:35:00,70.68,,,,
08/19/26 07:40:00,70.76,,,,
08/19/26 07:45:00,70.76,,,,
08/19/26 07:50:00,70.68,,,,
08/19/26 07:55:00,70.76,,,,
08/19/26 08:00:00,70.91,,,,
08/19/26 08:05:00,70.84,,,,
08/19/26 08:10:00,70.84,,,,
08/19/26 08:15:00,70.91,,,,
08/19/26 08:20:00,70.99,,,,
08/19/26 08:25:00,70.91,,,,
08/19/26 08:30:00,70.99,,,,
08/19/26 08:35:00,71.15,,,,
08/19/26 08:40:00,71.15,,,,
08/19/26 08:45:00,71.22,,,,
08/19/26 08:50:00,71.07,,,,
08/19/26 08:55:00,71.15,,,,
08/19/26 09:00:00,71.15,,,,
08/19/26 09:05:00,71.15,,,,
08/19/26 09:10:00,71.22,,,,
08/19/26 09:15:00,71.15,,,,
08/19/26 09:20:00,71.15,,,,
08/19/26 09:25:00,71.22,,,,
08/19/26 09:30:00,71.22,,,,
08/19/26 09:35:00,71.22,,,,
08/19/26 09:40:00,71.30,,,,
08/19/26 09:45:00,71.38,,,,
08/19/26 09:50:00,71.38,,,,
08/19/26 09:55:00,71.30,,,,
08/19/26 10:00:00,71.38,,,,
08/19/26 10:05:00,71.30,,,,
08/19/26 10:10:00,71.45,,,,
08/19/26 10:15:00,71.30,,,,
08/19/26 10:20:00,71.53,,,,
08/19/26 10:25:00,71.38,,,,
08/19/26 10:30:00,71.45,,,,
08/19/26 10:35:00,71.53,,,,
08/19/26 10:40:00,71.53,,,,
08/19/26 10:45:00,71.53,,,,
08/19/26 10:50:00,71.61,,,,
08/19/26 10:55:00,71.61,,,,
08/19/26 11:00:00,71.69,,,,
08/19/26 11:05:00,71.61,,,,
08/19/26 11:10:00,71.61,,,,
08/19/26 11:15:00,71.69,,,,
08/19/26 11:20:00,71.69,,,,
08/19/26 11:25:00,71.61,,,,
08/19/26 11:30:00,71.69,,,,
08/19/26 11:35:00,71.76,,,,
08/19/26 11:40:00,71.76,,,,
08/19/26 11:45:00,71.76,,,,
08/19/26 11:50:00,71.76,,,,
08/19/26 11:55:00,71.76,,,,
08/19/26 12:00:00,71.76,,,,
08/19/26 12:05:00,71.84,,,,
08/19/26 12:10:00,71.84,,,,
08/19/26 12:15:00,71.92,,,,
08/19/26 12:20:00,71.92,,,,
08/19/26 12:25:00,71.92,,,,
08/19/26 12:30:00,71.92,,,,
08/19/26 12:35:00,71.92,,,,
08/19/26 12:40:00,71.92,,,,
08/19/26 12:45:00,71.92,,,,
08/19/26 12:50:00,72.00,,,,
08/19/26 12:55:00,72.00,,,,
08/19/26 13:00:00,72.07,,,,
08/19/26 13:05:00,72.00,,,,
08/19/26 13:10:00,72.00,,,,
08/19/26 13:15:00,72.07,,,,
08/19/26 13:20:00,72.07,,,,
08/19/26 13:25:00,72.07,,,,
08/19/26 13:30:00,72.07,,,,
08/19/26 13:35:00,72.23,,,,
08/19/26 13:40:00,72.07,,,,
08/19/26 13:45:00,72.15,,,,
08/19/26 13:50:00,72.15,,,,
08/19/26 13:55:00,72.23,,,,
08/19/26 14:00:00,72.07,,,,
08/19/26 14:05:00,72.23,,,,
08/19/26 14:10:00,72.23,,,,
08/19/26 14:15:00,72.23,,,,
08/19/26 14:20:00,72.23,,,,
08/19/26 14:25:00,72.23,,,,
08/19/26 14:30:00,72.30,,,,
08/19/26 14:35:00,72.38,,,,
08/19/26 14:40:00,72.30,,,,
08/19/26 14:45:00,72.38,,,,
08/19/26 14:50:00,72.38,,,,
08/19/26 14:55:00,72.30,,,,
08/19/26 15:00:00,72.38,,,,
08/19/26 15:05:00,72.38,,,,
08/19/26 15:10:00,72.23,,,,
08/19/26 15:15:00,72.38,,,,
08/19/26 15:20:00,72.46,,,,
08/19/26 15:25:00,72.38,,,,
08/19/26 15:30:00,72.38,,,,
08/19/26 15:35:00,72.38,,,,
08/19/26 15:40:00,72.38,,,,
08/19/26 15:45:00,72.38,,,,
08/19/26 15:50:00,72.46,,,,
08/19/26 15:55:00,72.38,,,,
08/19/26 16:00:00,72.30,,,,
08/19/26 16:05:00,72.30,,,,
08/19/26 16:10:00,72.30,,,,
08/19/26 16:15:00,72.23,,,,
08/19/26 16:20:00,72.15,,,,
08/19/26 16:25:00,72.15,,,,
08/19/26 16:30:00,72.15,,,,
08/19/26 16:35:00,72.07,,,,
08/19/26 16:40:00,72.07,,,,
08/19/26 16:45:00,72.07,,,,
08/19/26 16:50:00,72.07,,,,
08/19/26 16:55:00,72.00,,,,
08/19/26 17:00:00,72.00,,,,
08/19/26 17:05:00,72.00,,,,
08/19/26 17:10:00,71.92,,,,
08/19/26 17:15:00,72.00,,,,
08/19/26 17:20:00,71.92,,,,
08/19/26 17:25:00,71.84,,,,
08/19/26 17:30:00,71.92,,,,
08/19/26 17:35:00,71.92,,,,
08/19/26 17:40:00,71.84,,,,
08/19/26 17:45:00,71.92,,,,
08/19/26 17:50:00,71.84,,,,
08/19/26 17:55:00,71.84,,,,
08/19/26 18:00:00,71.84,,,,
08/19/26 18:05:00,71.84,,,,
08/19/26 18:10:00,71.69,,,,
08/19/26 18:15:00,71.69,,,,
08/19/26 18:20:00,71.69,,,,
08/19/26 18:25:00,71.76,,,,
08/19/26 18:30:00,71.69,,,,
08/19/26 18:35:00,71.76,,,,
08/19/26 18:40:00,71.69,,,,
08/19/26 18:45:00,71.69,,,,
08/19/26 18:50:00,71.76,,,,
08/19/26 18:55:00,71.69,,,,
08/19/26 19:00:00,71.61,,,,
08/19/26 19:05:00,71.69,,,,
08/19/26 19:10:00,71.61,,,,
08/19/26 19:15:00,71.61,,,,
08/19/26 19:20:00,71.61,,,,
08/19/26 19:25:00,71.61,,,,
08/19/26 19:30:00,71.53,,,,
08/19/26 19:35:00,71.61,,,,
08/19/26 19:40:00,71.53,,,,
08/19/26 19:45:00,71.53,,,,
08/19/26 19:50:00,71.53,,,,
08/19/26 19:55:00,71.45,,,,
08/19/26 20:00:00,71.53,,,,
08/19/26 20:05:00,71.53,,,,
08/19/26 20:10:00,71.61,,,,
08/19/26 20:15:00,71.61,,,,
08/19/26 20:20:00,71.45,,,,
08/19/26 20:25:00,71.53,,,,
08/19/26 20:30:00,71.53,,,,
08/19/26 20:35:00,71.53,,,,
08/19/26 20:40:00,71.53,,,,
08/19/26 20:45:00,71.45,,,,
08/19/26 20:50:00,71.53,,,,
08/19/26 20:55:00,71.53,,,,
08/19/26 21:00:00,71.45,,,,
08/19/26 21:05:00,71.45,,,,
08/19/26 21:10:00,71.45,,,,
08/19/26 21:15:00,71.45,,,,
08/19/26 21:20:00,71.53,,,,
08/19/26 21:25:00,71.45,,,,
08/19/26 21:30:00,71.38,,,,
08/19/26 21:35:00,71.45,,,,
08/19/26 21:40:00,71.38,,,,
08/19/26 21:45:00,71.45,,,,
08/19/26 21:50:00,71.38,,,,
08/19/26 21:55:00,71.45,,,,
08/19/26 22:00:00,71.38,,,,
08/19/26 22:05:00,71.38,,,,
08/19/26 22:10:00,71.38,,,,
08/19/26 22:15:00,71.45,,,,
08/19/26 22:20:00,71.38,,,,
08/19/26 22:25:00,71.45,,,,
08/19/26 22:30:00,71.38,,,,
08/19/26 22:35:00,71.38,,,,
08/19/26 22:40:00,71.45,,,,
08/19/26 22:45:00,71.53,,,,
08/19/26 22:50:00,71.45,,,,
08/19/26 22:55:00,71.38,,,,
08/19/26 23:00:00,71.30,,,,
08/19/26 23:05:00,71.30,,,,
08/19/26 23:10:00,71.30,,,,
08/19/26 23:15:00,71.30,,,,
08/19/26 23:20:00,71.45,,,,
08/19/26 23:25:00,71.38,,,,
08/19/26 23:30:00,71.38,,,,
08/19/26 23:35:00,71.38,,,,
08/19/26 23:40:00,71.30,,,,
08/19/26 23:45:00,71.22,,,,
08/19/26 23:50:00,71.38,,,,
08/19/26 23:55:00,71.30,,,,
08/20/26 00:00:00,71.38,,,,
08/20/26 00:05:00,71.30,,,,
08/20/26 00:10:00,71.30,,,,
08/20/26 00:15:00,71.30,,,,
08/20/26 00:20:00,71.38,,,,
08/20/26 00:25:00,71.38,,,,
08/20/26 00:30:00,71.38,,,,
08/20/26 00:35:00,71.38,,,,
08/20/26 00:40:00,71.30,,,,
08/20/26 00:45:00,71.30,,,,
08/20/26 00:50:00,71.38,,,,
08/20/26 00:55:00,71.22,,,,
08/20/26 01:00:00,71.30,,,,
08/20/26 01:05:00,71.22,,,,
08/20/26 01:10:00,71.30,,,,
08/20/26 01:15:00,71.30,,,,
08/20/26 01:20:00,71.30,,,,
08/20/26 01:25:00,71.38,,,,
08/20/26 01:30:00,71.22,,,,
08/20/26 01:35:00,71.30,,,,
08/20/26 01:40:00,71.38,,,,
08/20/26 01:45:00,71.22,,,,
08/20/26 01:50:00,71.38,,,,
08/20/26 01:55:00,71.30,,,,
08/20/26 02:00:00,71.30,,,,
08/20/26 02:05:00,71.22,,,,
08/20/26 02:10:00,71.30,,,,
08/20/26 02:15:00,71.22,,,,
08/20/26 02:20:00,71.30,,,,
08/20/26 02:25:00,71.30,,,,
08/20/26 02:30:00,71.22,,,,
08/20/26 02:35:00,71.15,,,,
08/20/26 02:40:00,71.22,,,,
08/20/26 02:45:00,71.22,,,,
08/20/26 02:50:00,71.22,,,,
08/20/26 02:55:00,71.22,,,,
08/20/26 03:00:00,71.22,,,,
08/20/26 03:05:00,71.15,,,,
08/20/26 03:10:00,71.22,,,,
08/20/26 03:15:00,71.15,,,,
08/20/26 03:20:00,71.22,,,,
08/20/26 03:25:00,71.15,,,,
08/20/26 03:30:00,71.22,,,,
08/20/26 03:35:00,71.15,,,,
08/20/26 03:40:00,71.15,,,,
08/20/26 03:45:00,71.15,,,,
08/20/26 03:50:00,71.15,,,,
08/20/26 03:55:00,71.22,,,,
08/20/26 04:00:00,71.22,,,,
08/20/26 04:05:00,71.22,,,,
08/20/26 04:10:00,71.22,,,,
08/20/26 04:15:00,71.22,,,,
08/20/26 04:20:00,71.07,,,,
08/20/26 04:25:00,71.07,,,,
08/20/26 04:30:00,71.15,,,,
08/20/26 04:35:00,71.07,,,,
08/20/26 04:40:00,71.15,,,,
08/20/26 04:45:00,71.15,,,,
08/20/26 04:50:00,71.15,,,,
08/20/26 04:55:00,71.15,,,,
08/20/26 05:00:00,71.15,,,,
08/20/26 05:05:00,71.07,,,,
08/20/26 05:10:00,71.15,,,,
08/20/26 05:15:00,71.07,,,,
08/20/26 05:20:00,71.07,,,,
08/20/26 05:25:00,71.07,,,,
08/20/26 05:30:00,70.99,,,,
08/20/26 05:35:00,71.07,,,,
08/20/26 05:40:00,71.15,,,,
08/20/26 05:45:00,71.07,,,,
08/20/26 05:50:00,70.99,,,,
08/20/26 05:55:00,71.07,,,,
08/20/26 06:00:00,70.99,,,,
08/20/26 06:05:00,70.99,,,,
08/20/26 06:10:00,70.99,,,,
08/20/26 06:15:00,71.07,,,,
08/20/26 06:20:00,71.07,,,,
08/20/26 06:25:00,71.07,,,,
08/20/26 06:30:00,70.99,,,,
08/20/26 06:35:00,71.07,,,,
08/20/26 06:40:00,70.91,,,,
08/20/26 06:45:00,70.99,,,,
08/20/26 06:50:00,70.99,,,,
08/20/26 06:55:00,70.99,,,,
08/20/26 07:00:00,70.91,,,,
08/20/26 07:05:00,70.99,,,,
08/20/26 07:10:00,70.91,,,,
08/20/26 07:15:00,70.91,,,,
08/20/26 07:20:00,70.91,,,,
08/20/26 07:25:00,70.99,,,,
08/20/26 07:30:00,70.99,,,,
08/20/26 07:35:00,70.99,,,,
08/20/26 07:40:00,70.99,,,,
08/20/26 07:45:00,70.99,,,,
08/20/26 07:50:00,70.99,,,,
08/20/26 07:55:00,70.99,,,,
08/20/26 08:00:00,70.99,,,,
08/20/26 08:05:00,70.99,,,,
08/20/26 08:10:00,70.99,,,,
08/20/26 08:15:00,70.99,,,,
08/20/26 08:20:00,71.07,,,,
08/20/26 08:25:00,71.15,,,,
08/20/26 08:30:00,71.07,,,,
08/20/26 08:35:00,71.22,,,,
08/20/26 08:40:00,71.22,,,,
08/20/26 08:45:00,71.30,,,,
08/20/26 08:50:00,71.30,,,,
08/20/26 08:55:00,71.30,,,,
08/20/26 09:00:00,71.38,,,,
08/20/26 09:05:00,71.45,,,,
08/20/26 09:10:00,71.45,,,,
08/20/26 09:15:00,71.45,,,,
08/20/26 09:20:00,71.45,,,,
08/20/26 09:25:00,71.53,,,,
08/20/26 09:30:00,71.38,,,,
08/20/26 09:35:00,71.45,,,,
08/20/26 09:40:00,71.53,,,,
08/20/26 09:45:00,71.53,,,,
08/20/26 09:50:00,71.53,,,,
08/20/26 09:55:00,71.53,,,,
08/20/26 10:00:00,71.53,,,,
08/20/26 10:05:00,71.53,,,,
08/20/26 10:10:00,71.45,,,,
08/20/26 10:15:00,71.45,,,,
08/20/26 10:20:00,71.53,,,,
08/20/26 10:25:00,71.53,,,,
08/20/26 10:30:00,71.53,,,,
08/20/26 10:35:00,71.53,,,,
08/20/26 10:40:00,71.53,,,,
08/20/26 10:45:00,71.53,,,,
08/20/26 10:50:00,71.69,,,,
08/20/26 10:55:00,71.69,,,,
08/20/26 11:00:00,71.69,,,,
08/20/26 11:05:00,71.69,,,,
08/20/26 11:10:00,71.61,,,,
08/20/26 11:15:00,71.69,,,,
08/20/26 11:20:00,71.69,,,,
08/20/26 11:25:00,71.61,,,,
08/20/26 11:30:00,71.61,,,,
08/20/26 11:35:00,71.76,,,,
08/20/26 11:40:00,71.69,,,,
08/20/26 11:45:00,71.69,,,,
08/20/26 11:50:00,71.76,,,,
08/20/26 11:55:00,71.69,,,,
08/20/26 12:00:00,71.76,,,,
08/20/26 12:05:00,71.84,,,,
08/20/26 12:10:00,71.76,,,,
08/20/26 12:15:00,71.69,,,,
08/20/26 12:20:00,71.76,,,,
08/20/26 12:25:00,71.76,,,,
08/20/26 12:30:00,71.76,,,,
08/20/26 12:35:00,71.76,,,,
08/20/26 12:40:00,71.76,,,,
08/20/26 12:45:00,71.76,,,,
08/20/26 12:50:00,71.76,,,,
08/20/26 12:55:00,71.69,,,,
08/20/26 13:00:00,71.76,,,,
08/20/26 13:05:00,71.84,,,,
08/20/26 13:10:00,71.76,,,,
08/20/26 13:15:00,71.84,,,,
08/20/26 13:20:00,71.84,,,,
08/20/26 13:25:00,71.84,,,,
08/20/26 13:30:00,71.84,,,,
08/20/26 13:35:00,71.92,,,,
08/20/26 13:40:00,71.84,,,,
08/20/26 13:45:00,71.92,,,,
08/20/26 13:50:00,71.92,,,,
08/20/26 13:55:00,72.00,,,,
08/20/26 14:00:00,72.00,,,,
08/20/26 14:05:00,72.00,,,,
08/20/26 14:10:00,72.00,,,,
08/20/26 14:15:00,72.07,,,,
08/20/26 14:20:00,72.00,,,,
08/20/26 14:25:00,72.07,,,,
08/20/26 14:30:00,72.00,,,,
08/20/26 14:35:00,72.00,,,,
08/20/26 14:40:00,72.00,,,,
08/20/26 14:45:00,72.15,,,,
08/20/26 14:50:00,72.07,,,,
08/20/26 14:55:00,72.07,,,,
08/20/26 15:00:00,72.15,,,,
08/20/26 15:05:00,72.15,,,,
08/20/26 15:10:00,72.15,,,,
08/20/26 15:15:00,72.15,,,,
08/20/26 15:20:00,72.23,,,,
08/20/26 15:25:00,72.15,,,,
08/20/26 15:30:00,72.23,,,,
08/20/26 15:35:00,72.23,,,,
08/20/26 15:40:00,72.23,,,,
08/20/26 15:45:00,72.23,,,,
08/20/26 15:50:00,72.23,,,,
08/20/26 15:55:00,72.30,,,,
08/20/26 16:00:00,72.30,,,,
08/20/26 16:05:00,72.30,,,,
08/20/26 16:10:00,72.30,,,,
08/20/26 16:15:00,72.30,,,,
08/20/26 16:20:00,72.30,,,,
08/20/26 16:25:00,72.38,,,,
08/20/26 16:30:00,72.23,,,,
08/20/26 16:35:00,72.38,,,,
08/20/26 16:40:00,72.30,,,,
08/20/26 16:45:00,72.30,,,,
08/20/26 16:50:00,72.30,,,,
08/20/26 16:55:00,72.30,,,,
08/20/26 17:00:00,72.38,,,,
08/20/26 17:05:00,72.46,,,,
08/20/26 17:10:00,72.30,,,,
08/20/26 17:15:00,72.23,,,,
08/20/26 17:20:00,72.30,,,,
08/20/26 17:25:00,72.30,,,,
08/20/26 17:30:00,72.23,,,,
08/20/26 17:35:00,72.15,,,,
08/20/26 17:40:00,72.23,,,,
08/20/26 17:45:00,72.23,,,,
08/20/26 17:50:00,72.15,,,,
08/20/26 17:55:00,72.23,,,,
08/20/26 18:00:00,72.15,,,,
08/20/26 18:05:00,72.15,,,,
08/20/26 18:10:00,72.15,,,,
08/20/26 18:15:00,72.15,,,,
08/20/26 18:20:00,72.15,,,,
08/20/26 18:25:00,72.15,,,,
08/20/26 18:30:00,72.15,,,,
08/20/26 18:35:00,72.15,,,,
08/20/26 18:40:00,72.07,,,,
08/20/26 18:45:00,72.00,,,,
08/20/26 18:50:00,72.15,,,,
08/20/26 18:55:00,72.07,,,,
08/20/26 19:00:00,72.15,,,,
08/20/26 19:05:00,72.07,,,,
08/20/26 19:10:00,72.00,,,,
08/20/26 19:15:00,72.07,,,,
08/20/26 19:20:00,72.00,,,,
08/20/26 19:25:00,72.07,,,,
08/20/26 19:30:00,72.07,,,,
08/20/26 19:35:00,72.07,,,,
08/20/26 19:40:00,72.00,,,,
08/20/26 19:45:00,72.00,,,,
08/20/26 19:50:00,72.00,,,,
08/20/26 19:55:00,72.07,,,,
08/20/26 20:00:00,72.00,,,,
08/20/26 20:05:00,72.00,,,,
08/20/26 20:10:00,72.00,,,,
08/20/26 20:15:00,72.00,,,,
08/20/26 20:20:00,71.92,,,,
08/20/26 20:25:00,71.92,,,,
08/20/26 20:30:00,71.92,,,,
08/20/26 20:35:00,71.92,,,,
08/20/26 20:40:00,72.07,,,,
08/20/26 20:45:00,72.00,,,,
08/20/26 20:50:00,71.92,,,,
08/20/26 20:55:00,71.84,,,,
08/20/26 21:00:00,71.92,,,,
08/20/26 21:05:00,71.92,,,,
08/20/26 21:10:00,72.00,,,,
08/20/26 21:15:00,71.92,,,,
08/20/26 21:20:00,71.92,,,,
08/20/26 21:25:00,71.92,,,,
08/20/26 21:30:00,71.84,,,,
08/20/26 21:35:00,71.84,,,,
08/20/26 21:40:00,71.92,,,,
08/20/26 21:45:00,71.92,,,,
08/20/26 21:50:00,71.84,,,,
08/20/26 21:55:00,71.92,,,,
08/20/26 22:00:00,71.84,,,,
08/20/26 22:05:00,71.84,,,,
08/20/26 22:10:00,71.84,,,,
08/20/26 22:15:00,71.84,,,,
08/20/26 22:20:00,71.76,,,,
08/20/26 22:25:00,71.76,,,,
08/20/26 22:30:00,71.84,,,,
08/20/26 22:35:00,71.84,,,,
08/20/26 22:40:00,71.84,,,,
08/20/26 22:45:00,71.84,,,,
08/20/26 22:50:00,71.84,,,,
08/20/26 22:55:00,71.84,,,,
08/20/26 23:00:00,71.76,,,,
08/20/26 23:05:00,71.84,,,,
08/20/26 23:10:00,71.76,,,,
08/20/26 23:15:00,71.84,,,,
08/20/26 23:20:00,71.76,,,,
08/20/26 23:25:00,71.84,,,,
08/20/26 23:30:00,71.84,,,,
08/20/26 23:35:00,71.76,,,,
08/20/26 23:40:00,71.76,,,,
08/20/26 23:45:00,71.84,,,,
08/20/26 23:50:00,71.76,,,,
08/20/26 23:55:00,71.76,,,,
08/21/26 00:00:00,71.76,,,,
08/21/26 00:05:00,71.76,,,,
08/21/26 00:10:00,71.76,,,,
08/21/26 00:15:00,71.84,,,,
08/21/26 00:20:00,71.76,,,,
08/21/26 00:25:00,71.76,,,,
08/21/26 00:30:00,71.76,,,,
08/21/26 00:35:00,71.76,,,,
08/21/26 00:40:00,71.76,,,,
08/21/26 00:45:00,71.76,,,,
08/21/26 00:50:00,71.76,,,,
08/21/26 00:55:00,71.76,,,,
08/21/26 01:00:00,71.76,,,,
08/21/26 01:05:00,71.76,,,,
08/21/26 01:10:00,71.76,,,,
08/21/26 01:15:00,71.76,,,,
08/21/26 01:20:00,71.61,,,,
08/21/26 01:25:00,71.84,,,,
08/21/26 01:30:00,71.69,,,,
08/21/26 01:35:00,71.69,,,,
08/21/26 01:40:00,71.69,,,,
08/21/26 01:45:00,71.76,,,,
08/21/26 01:50:00,71.61,,,,
08/21/26 01:55:00,71.69,,,,
08/21/26 02:00:00,71.69,,,,
08/21/26 02:05:00,71.69,,,,
08/21/26 02:10:00,71.61,,,,
08/21/26 02:15:00,71.61,,,,
08/21/26 02:20:00,71.76,,,,
08/21/26 02:25:00,71.76,,,,
08/21/26 02:30:00,71.61,,,,
08/21/26 02:35:00,71.76,,,,
08/21/26 02:40:00,71.61,,,,
08/21/26 02:45:00,71.61,,,,
08/21/26 02:50:00,71.69,,,,
08/21/26 02:55:00,71.69,,,,
08/21/26 03:00:00,71.61,,,,
08/21/26 03:05:00,71.53,,,,
08/21/26 03:10:00,71.69,,,,
08/21/26 03:15:00,71.61,,,,
08/21/26 03:20:00,71.61,,,,
08/21/26 03:25:00,71.69,,,,
08/21/26 03:30:00,71.53,,,,
08/21/26 03:35:00,71.61,,,,
08/21/26 03:40:00,71.61,,,,
08/21/26 03:45:00,71.53,,,,
08/21/26 03:50:00,71.61,,,,
08/21/26 03:55:00,71.61,,,,
08/21/26 04:00:00,71.61,,,,
08/21/26 04:05:00,71.53,,,,
08/21/26 04:10:00,71.45,,,,
08/21/26 04:15:00,71.69,,,,
08/21/26 04:20:00,71.61,,,,
08/21/26 04:25:00,71.61,,,,
08/21/26 04:30:00,71.53,,,,
08/21/26 04:35:00,71.53,,,,
08/21/26 04:40:00,71.53,,,,
08/21/26 04:45:00,71.53,,,,
08/21/26 04:50:00,71.53,,,,
08/21/26 04:55:00,71.53,,,,
08/21/26 05:00:00,71.38,,,,
08/21/26 05:05:00,71.45,,,,
08/21/26 05:10:00,71.45,,,,
08/21/26 05:15:00,71.53,,,,
08/21/26 05:20:00,71.53,,,,
08/21/26 05:25:00,71.61,,,,
08/21/26 05:30:00,71.45,,,,
08/21/26 05:35:00,71.53,,,,
08/21/26 05:40:00,71.45,,,,
08/21/26 05:45:00,71.53,,,,
08/21/26 05:50:00,71.45,,,,
08/21/26 05:55:00,71.45,,,,
08/21/26 06:00:00,71.45,,,,
08/21/26 06:05:00,71.45,,,,
08/21/26 06:10:00,71.45,,,,
08/21/26 06:15:00,71.38,,,,
08/21/26 06:20:00,71.45,,,,
08/21/26 06:25:00,71.53,,,,
08/21/26 06:30:00,71.45,,,,
08/21/26 06:35:00,71.45,,,,
08/21/26 06:40:00,71.45,,,,
08/21/26 06:45:00,71.38,,,,
08/21/26 06:50:00,71.38,,,,
08/21/26 06:55:00,71.45,,,,
08/21/26 07:00:00,71.45,,,,
08/21/26 07:05:00,71.45,,,,
08/21/26 07:10:00,71.45,,,,
08/21/26 07:15:00,71.53,,,,
08/21/26 07:20:00,71.38,,,,
08/21/26 07:25:00,71.45,,,,
08/21/26 07:30:00,71.45,,,,
08/21/26 07:35:00,71.38,,,,
08/21/26 07:40:00,71.38,,,,
08/21/26 07:45:00,71.45,,,,
08/21/26 07:50:00,71.45,,,,
08/21/26 07:55:00,71.45,,,,
08/21/26 08:00:00,71.30,,,,
08/21/26 08:05:00,71.38,,,,
08/21/26 08:10:00,71.45,,,,
08/21/26 08:15:00,71.53,,,,
08/21/26 08:20:00,71.45,,,,
08/21/26 08:25:00,71.45,,,,
08/21/26 08:30:00,71.45,,,,
08/21/26 08:35:00,71.45,,,,
08/21/26 08:40:00,71.45,,,,
08/21/26 08:45:00,71.45,,,,
08/21/26 08:50:00,71.45,,,,
08/21/26 08:55:00,71.38,,,,
08/21/26 09:00:00,71.45,,,,
08/21/26 09:05:00,71.45,,,,
08/21/26 09:10:00,71.61,,,,
08/21/26 09:15:00,71.53,,,,
08/21/26 09:20:00,71.53,,,,
08/21/26 09:25:00,71.53,,,,
08/21/26 09:30:00,71.53,,,,
08/21/26 09:35:00,71.45,,,,
08/21/26 09:40:00,71.69,,,,
08/21/26 09:45:00,71.61,,,,
08/21/26 09:50:00,71.53,,,,
08/21/26 09:55:00,71.61,,,,
08/21/26 10:00:00,71.69,,,,
08/21/26 10:05:00,71.53,,,,
08/21/26 10:10:00,71.53,,,,
08/21/26 10:15:00,71.61,,,,
08/21/26 10:20:00,71.69,,,,
08/21/26 10:25:00,71.61,,,,
08/21/26 10:30:00,71.69,,,,
08/21/26 10:35:00,71.69,,,,
08/21/26 10:40:00,71.69,,,,
08/21/26 10:45:00,71.69,,,,
08/21/26 10:50:00,71.76,,,,
08/21/26 10:55:00,71.61,,,,
08/21/26 11:00:00,71.61,,,,
08/21/26 11:05:00,71.69,,,,
08/21/26 11:10:00,71.76,,,,
08/21/26 11:15:00,71.61,,,,
08/21/26 11:20:00,71.69,,,,
08/21/26 11:25:00,71.76,,,,
08/21/26 11:30:00,71.76,,,,
08/21/26 11:35:00,71.69,,,,
08/21/26 11:40:00,71.76,,,,
08/21/26 11:45:00,71.76,,,,
08/21/26 11:50:00,71.76,,,,
08/21/26 11:55:00,71.76,,,,
08/21/26 12:00:00,71.76,,,,
08/21/26 12:05:00,71.76,,,,
08/21/26 12:10:00,71.76,,,,
08/21/26 12:15:00,71.76,,,,
08/21/26 12:20:00,71.69,,,,
08/21/26 12:25:00,71.76,,,,
08/21/26 12:30:00,71.76,,,,
08/21/26 12:35:00,71.84,,,,
08/21/26 12:40:00,71.76,,,,
08/21/26 12:45:00,71.76,,,,
08/21/26 12:50:00,71.76,,,,
08/21/26 12:55:00,71.76,,,,
08/21/26 13:00:00,71.84,,,,
08/21/26 13:05:00,71.84,,,,
08/21/26 13:10:00,71.84,,,,
08/21/26 13:15:00,71.76,,,,
08/21/26 13:20:00,71.76,,,,
08/21/26 13:25:00,71.84,,,,
08/21/26 13:30:00,71.84,,,,
08/21/26 13:35:00,71.76,,,,
08/21/26 13:40:00,71.84,,,,
08/21/26 13:45:00,71.84,,,,
08/21/26 13:50:00,71.84,,,,
08/21/26 13:55:00,71.76,,,,
08/21/26 14:00:00,71.84,,,,
08/21/26 14:05:00,71.84,,,,
08/21/26 14:10:00,71.76,,,,
08/21/26 14:15:00,71.76,,,,
08/21/26 14:20:00,71.92,,,,
08/21/26 14:25:00,71.92,,,,
08/21/26 14:30:00,71.84,,,,
08/21/26 14:35:00,71.84,,,,
08/21/26 14:40:00,71.84,,,,
08/21/26 14:45:00,71.84,,,,
08/21/26 14:50:00,71.84,,,,
08/21/26 14:55:00,71.76,,,,
08/21/26 15:00:00,71.76,,,,
08/21/26 15:05:00,71.76,,,,
08/21/26 15:10:00,71.84,,,,
08/21/26 15:15:00,71.84,,,,
08/21/26 15:20:00,71.84,,,,
08/21/26 15:25:00,71.84,,,,
08/21/26 15:30:00,71.76,,,,
08/21/26 15:35:00,71.84,,,,
08/21/26 15:40:00,71.84,,,,
08/21/26 15:45:00,71.92,,,,
08/21/26 15:50:00,71.76,,,,
08/21/26 15:55:00,71.84,,,,
08/21/26 16:00:00,71.92,,,,
08/21/26 16:05:00,71.84,,,,
08/21/26 16:10:00,71.76,,,,
08/21/26 16:15:00,71.84,,,,
08/21/26 16:20:00,71.76,,,,
08/21/26 16:25:00,71.92,,,,
08/21/26 16:30:00,71.76,,,,
08/21/26 16:35:00,71.84,,,,
08/21/26 16:40:00,71.76,,,,
08/21/26 16:45:00,71.76,,,,
08/21/26 16:50:00,71.84,,,,
08/21/26 16:55:00,71.84,,,,
08/21/26 17:00:00,71.84,,,,
08/21/26 17:05:00,71.92,,,,
08/21/26 17:10:00,71.76,,,,
08/21/26 17:15:00,71.84,,,,
08/21/26 17:20:00,71.84,,,,
08/21/26 17:25:00,71.92,,,,
08/21/26 17:30:00,71.84,,,,
08/21/26 17:35:00,71.84,,,,
08/21/26 17:40:00,71.84,,,,
08/21/26 17:45:00,71.84,,,,
08/21/26 17:50:00,71.84,,,,
08/21/26 17:55:00,71.84,,,,
08/21/26 18:00:00,71.92,,,,
08/21/26 18:05:00,71.84,,,,
08/21/26 18:10:00,71.84,,,,
08/21/26 18:15:00,71.84,,,,
08/21/26 18:20:00,71.92,,,,
08/21/26 18:25:00,71.76,,,,
08/21/26 18:30:00,71.84,,,,
08/21/26 18:35:00,71.92,,,,
08/21/26 18:40:00,71.84,,,,
08/21/26 18:45:00,71.84,,,,
08/21/26 18:50:00,71.84,,,,
08/21/26 18:55:00,71.84,,,,
08/21/26 19:00:00,71.84,,,,
08/21/26 19:05:00,71.84,,,,
08/21/26 19:10:00,71.84,,,,
08/21/26 19:15:00,71.84,,,,
08/21/26 19:20:00,71.76,,,,
08/21/26 19:25:00,71.84,,,,
08/21/26 19:30:00,71.84,,,,
08/21/26 19:35:00,71.84,,,,
08/21/26 19:40:00,71.76,,,,
08/21/26 19:45:00,71.84,,,,
08/21/26 19:50:00,71.76,,,,
08/21/26 19:55:00,71.76,,,,
08/21/26 20:00:00,71.84,,,,
08/21/26 20:05:00,71.84,,,,
08/21/26 20:10:00,71.76,,,,
08/21/26 20:15:00,71.76,,,,
08/21/26 20:20:00,71.92,,,,
08/21/26 20:25:00,71.76,,,,
08/21/26 20:30:00,71.84,,,,
08/21/26 20:35:00,71.84,,,,
08/21/26 20:40:00,71.76,,,,
08/21/26 20:45:00,71.76,,,,
08/21/26 20:50:00,71.76,,,,
08/21/26 20:55:00,71.76,,,,
08/21/26 21:00:00,71.84,,,,
08/21/26 21:05:00,71.76,,,,
08/21/26 21:10:00,71.76,,,,
08/21/26 21:15:00,71.76,,,,
08/21/26 21:20:00,71.76,,,,
08/21/26 21:25:00,71.76,,,,
08/21/26 21:30:00,71.76,,,,
08/21/26 21:35:00,71.76,,,,
08/21/26 21:40:00,71.76,,,,
08/21/26 21:45:00,71.76,,,,
08/21/26 21:50:00,71.76,,,,
08/21/26 21:55:00,71.84,,,,
08/21/26 22:00:00,71.69,,,,
08/21/26 22:05:00,71.69,,,,
08/21/26 22:10:00,71.76,,,,
08/21/26 22:15:00,71.76,,,,
08/21/26 22:20:00,71.76,,,,
08/21/26 22:25:00,71.84,,,,
08/21/26 22:30:00,71.69,,,,
08/21/26 22:35:00,71.76,,,,
08/21/26 22:40:00,71.76,,,,
08/21/26 22:45:00,71.69,,,,
08/21/26 22:50:00,71.69,,,,
08/21/26 22:55:00,71.84,,,,
08/21/26 23:00:00,71.69,,,,
08/21/26 23:05:00,71.69,,,,
08/21/26 23:10:00,71.69,,,,
08/21/26 23:15:00,71.69,,,,
08/21/26 23:20:00,71.69,,,,
08/21/26 23:25:00,71.69,,,,
08/21/26 23:30:00,71.69,,,,
08/21/26 23:35:00,71.69,,,,
08/21/26 23:40:00,71.69,,,,
08/21/26 23:45:00,71.69,,,,
08/21/26 23:50:00,71.76,,,,
08/21/26 23:55:00,71.69,,,,
08/22/26 00:00:00,71.61,,,,
08/22/26 00:05:00,71.69,,,,
08/22/26 00:10:00,71.61,,,,
08/22/26 00:15:00,71.69,,,,
08/22/26 00:20:00,71.69,,,,
08/22/26 00:25:00,71.69,,,,
08/22/26 00:30:00,71.69,,,,
08/22/26 00:35:00,71.69,,,,
08/22/26 00:40:00,71.69,,,,
08/22/26 00:45:00,71.61,,,,
08/22/26 00:50:00,71.69,,,,
08/22/26 00:55:00,71.61,,,,
08/22/26 01:00:00,71.61,,,,
08/22/26 01:05:00,71.61,,,,
08/22/26 01:10:00,71.53,,,,
08/22/26 01:15:00,71.61,,,,
08/22/26 01:20:00,71.61,,,,
08/22/26 01:25:00,71.61,,,,
08/22/26 01:30:00,71.61,,,,
08/22/26 01:35:00,71.53,,,,
08/22/26 01:40:00,71.69,,,,
08/22/26 01:45:00,71.69,,,,
08/22/26 01:50:00,71.61,,,,
08/22/26 01:55:00,71.53,,,,
08/22/26 02:00:00,71.61,,,,
08/22/26 02:05:00,71.53,,,,
08/22/26 02:10:00,71.61,,,,
08/22/26 02:15:00,71.61,,,,
08/22/26 02:20:00,71.53,,,,
08/22/26 02:25:00,71.53,,,,
08/22/26 02:30:00,71.61,,,,
08/22/26 02:35:00,71.45,,,,
08/22/26 02:40:00,71.53,,,,
08/22/26 02:45:00,71.53,,,,
08/22/26 02:50:00,71.45,,,,
08/22/26 02:55:00,71.53,,,,
08/22/26 03:00:00,71.38,,,,
08/22/26 03:05:00,71.53,,,,
08/22/26 03:10:00,71.45,,,,
08/22/26 03:15:00,71.53,,,,
08/22/26 03:20:00,71.38,,,,
08/22/26 03:25:00,71.45,,,,
08/22/26 03:30:00,71.45,,,,
08/22/26 03:35:00,71.45,,,,
08/22/26 03:40:00,71.45,,,,
08/22/26 03:45:00,71.45,,,,
08/22/26 03:50:00,71.38,,,,
08/22/26 03:55:00,71.38,,,,
08/22/26 04:00:00,71.38,,,,
08/22/26 04:05:00,71.38,,,,
08/22/26 04:10:00,71.45,,,,
08/22/26 04:15:00,71.45,,,,
08/22/26 04:20:00,71.38,,,,
08/22/26 04:25:00,71.38,,,,
08/22/26 04:30:00,71.38,,,,
08/22/26 04:35:00,71.45,,,,
08/22/26 04:40:00,71.38,,,,
08/22/26 04:45:00,71.30,,,,
08/22/26 04:50:00,71.30,,,,
08/22/26 04:55:00,71.30,,,,
08/22/26 05:00:00,71.38,,,,
08/22/26 05:05:00,71.30,,,,
08/22/26 05:10:00,71.38,,,,
08/22/26 05:15:00,71.30,,,,
08/22/26 05:20:00,71.30,,,,
08/22/26 05:25:00,71.38,,,,
08/22/26 05:30:00,71.38,,,,
08/22/26 05:35:00,71.38,,,,
08/22/26 05:40:00,71.38,,,,
08/22/26 05:45:00,71.22,,,,
08/22/26 05:50:00,71.30,,,,
08/22/26 05:55:00,71.30,,,,
08/22/26 06:00:00,71.30,,,,
08/22/26 06:05:00,71.30,,,,
08/22/26 06:10:00,71.30,,,,
08/22/26 06:15:00,71.30,,,,
08/22/26 06:20:00,71.22,,,,
08/22/26 06:25:00,71.22,,,,
08/22/26 06:30:00,71.30,,,,
08/22/26 06:35:00,71.30,,,,
08/22/26 06:40:00,71.22,,,,
08/22/26 06:45:00,71.30,,,,
08/22/26 06:50:00,71.30,,,,
08/22/26 06:55:00,71.15,,,,
08/22/26 07:00:00,71.30,,,,
08/22/26 07:05:00,71.22,,,,
08/22/26 07:10:00,71.30,,,,
08/22/26 07:15:00,71.30,,,,
08/22/26 07:20:00,71.30,,,,
08/22/26 07:25:00,71.15,,,,
08/22/26 07:30:00,71.22,,,,
08/22/26 07:35:00,71.30,,,,
08/22/26 07:40:00,71.15,,,,
08/22/26 07:45:00,71.22,,,,
08/22/26 07:50:00,71.22,,,,
08/22/26 07:55:00,71.22,,,,
08/22/26 08:00:00,71.15,,,,
08/22/26 08:05:00,71.15,,,,
08/22/26 08:10:00,71.22,,,,
08/22/26 08:15:00,71.22,,,,
08/22/26 08:20:00,71.22,,,,
08/22/26 08:25:00,71.22,,,,
08/22/26 08:30:00,71.30,,,,
08/22/26 08:35:00,71.22,,,,
08/22/26 08:40:00,71.22,,,,
08/22/26 08:45:00,71.30,,,,
08/22/26 08:50:00,71.15,,,,
08/22/26 08:55:00,71.15,,,,
08/22/26 09:00:00,71.15,,,,
08/22/26 09:05:00,71.15,,,,
08/22/26 09:10:00,71.22,,,,
08/22/26 09:15:00,71.15,,,,
08/22/26 09:20:00,71.15,,,,
08/22/26 09:25:00,71.07,,,,
08/22/26 09:30:00,71.22,,,,
08/22/26 09:35:00,71.15,,,,
08/22/26 09:40:00,71.30,,,,
08/22/26 09:45:00,71.15,,,,
08/22/26 09:50:00,71.15,,,,
08/22/26 09:55:00,71.15,,,,
08/22/26 10:00:00,71.07,,,,
08/22/26 10:05:00,71.15,,,,
08/22/26 10:10:00,71.22,,,,
08/22/26 10:15:00,71.07,,,,
08/22/26 10:20:00,71.15,,,,
08/22/26 10:25:00,71.07,,,,
08/22/26 10:30:00,71.22,,,,
08/22/26 10:35:00,71.22,,,,
08/22/26 10:40:00,71.22,,,,
08/22/26 10:45:00,71.15,,,,
08/22/26 10:50:00,71.15,,,,
08/22/26 10:55:00,71.22,,,,
08/22/26 11:00:00,71.15,,,,
08/22/26 11:05:00,71.15,,,,
08/22/26 11:10:00,71.15,,,,
08/22/26 11:15:00,71.07,,,,
08/22/26 11:20:00,71.15,,,,
08/22/26 11:25:00,71.15,,,,
08/22/26 11:30:00,71.22,,,,
08/22/26 11:35:00,71.22,,,,
08/22/26 11:40:00,71.15,,,,
08/22/26 11:45:00,71.30,,,,
08/22/26 11:50:00,71.22,,,,
08/22/26 11:55:00,71.22,,,,
08/22/26 12:00:00,71.22,,,,
08/22/26 12:05:00,71.30,,,,
08/22/26 12:10:00,71.22,,,,
08/22/26 12:15:00,71.22,,,,
08/22/26 12:20:00,71.38,,,,
08/22/26 12:25:00,71.38,,,,
08/22/26 12:30:00,71.30,,,,
08/22/26 12:35:00,71.38,,,,
08/22/26 12:40:00,71.38,,,,
08/22/26 12:45:00,71.38,,,,
08/22/26 12:50:00,71.38,,,,
08/22/26 12:55:00,71.45,,,,
08/22/26 13:00:00,71.45,,,,
08/22/26 13:05:00,71.53,,,,
08/22/26 13:10:00,71.53,,,,
08/22/26 13:15:00,71.53,,,,
08/22/26 13:20:00,71.61,,,,
08/22/26 13:25:00,71.61,,,,
08/22/26 13:30:00,71.61,,,,
08/22/26 13:35:00,71.61,,,,
08/22/26 13:40:00,71.61,,,,
08/22/26 13:45:00,71.69,,,,
08/22/26 13:50:00,71.69,,,,
08/22/26 13:55:00,71.69,,,,
08/22/26 14:00:00,71.61,,,,
08/22/26 14:05:00,71.69,,,,
08/22/26 14:10:00,71.61,,,,
08/22/26 14:15:00,71.69,,,,
08/22/26 14:20:00,71.61,,,,
08/22/26 14:25:00,71.69,,,,
08/22/26 14:30:00,71.76,,,,
08/22/26 14:35:00,71.69,,,,
08/22/26 14:40:00,71.61,,,,
08/22/26 14:45:00,71.61,,,,
08/22/26 14:50:00,71.69,,,,
08/22/26 14:55:00,71.69,,,,
08/22/26 15:00:00,71.69,,,,
08/22/26 15:05:00,71.69,,,,
08/22/26 15:10:00,71.61,,,,
08/22/26 15:15:00,71.53,,,,
08/22/26 15:20:00,71.53,,,,
08/22/26 15:25:00,71.61,,,,
08/22/26 15:30:00,71.69,,,,
08/22/26 15:35:00,71.69,,,,
08/22/26 15:40:00,71.61,,,,
08/22/26 15:45:00,71.61,,,,
08/22/26 15:50:00,71.69,,,,
08/22/26 15:55:00,71.61,,,,
08/22/26 16:00:00,71.69,,,,
08/22/26 16:05:00,71.61,,,,
08/22/26 16:10:00,71.69,,,,
08/22/26 16:15:00,71.69,,,,
08/22/26 16:20:00,71.69,,,,
08/22/26 16:25:00,71.61,,,,
08/22/26 16:30:00,71.69,,,,
08/22/26 16:35:00,71.61,,,,
08/22/26 16:40:00,71.69,,,,
08/22/26 16:45:00,71.69,,,,
08/22/26 16:50:00,71.61,,,,
08/22/26 16:55:00,71.69,,,,
08/22/26 17:00:00,71.69,,,,
08/22/26 17:05:00,71.69,,,,
08/22/26 17:10:00,71.61,,,,
08/22/26 17:15:00,71.69,,,,
08/22/26 17:20:00,71.53,,,,
08/22/26 17:25:00,71.61,,,,
08/22/26 17:30:00,71.61,,,,
08/22/26 17:35:00,71.69,,,,
08/22/26 17:40:00,71.61,,,,
08/22/26 17:45:00,71.61,,,,
08/22/26 17:50:00,71.53,,,,
08/22/26 17:55:00,71.61,,,,
08/22/26 18:00:00,71.61,,,,
08/22/26 18:05:00,71.53,,,,
08/22/26 18:10:00,71.53,,,,
08/22/26 18:15:00,71.53,,,,
08/22/26 18:20:00,71.61,,,,
08/22/26 18:25:00,71.53,,,,
08/22/26 18:30:00,71.53,,,,
08/22/26 18:35:00,71.53,,,,
08/22/26 18:40:00,71.53,,,,
08/22/26 18:45:00,71.53,,,,
08/22/26 18:50:00,71.53,,,,
08/22/26 18:55:00,71.38,,,,
08/22/26 19:00:00,71.53,,,,
08/22/26 19:05:00,71.45,,,,
08/22/26 19:10:00,71.53,,,,
08/22/26 19:15:00,71.38,,,,
08/22/26 19:20:00,71.53,,,,
08/22/26 19:25:00,71.53,,,,
08/22/26 19:30:00,71.38,,,,
08/22/26 19:35:00,71.45,,,,
08/22/26 19:40:00,71.45,,,,
08/22/26 19:45:00,71.30,,,,
08/22/26 19:50:00,71.38,,,,
08/22/26 19:55:00,71.45,,,,
08/22/26 20:00:00,71.45,,,,
08/22/26 20:05:00,71.45,,,,
08/22/26 20:10:00,71.38,,,,
08/22/26 20:15:00,71.38,,,,
08/22/26 20:20:00,71.38,,,,
08/22/26 20:25:00,71.30,,,,
08/22/26 20:30:00,71.38,,,,
08/22/26 20:35:00,71.30,,,,
08/22/26 20:40:00,71.30,,,,
08/22/26 20:45:00,71.38,,,,
08/22/26 20:50:00,71.38,,,,
08/22/26 20:55:00,71.22,,,,
08/22/26 21:00:00,71.30,,,,
08/22/26 21:05:00,71.38,,,,
08/22/26 21:10:00,71.30,,,,
08/22/26 21:15:00,71.30,,,,
08/22/26 21:20:00,71.30,,,,
08/22/26 21:25:00,71.38,,,,
08/22/26 21:30:00,71.30,,,,
08/22/26 21:35:00,71.30,,,,
08/22/26 21:40:00,71.30,,,,
08/22/26 21:45:00,71.30,,,,
08/22/26 21:50:00,71.15,,,,
08/22/26 21:55:00,71.30,,,,
08/22/26 22:00:00,71.22,,,,
08/22/26 22:05:00,71.22,,,,
08/22/26 22:10:00,71.22,,,,
08/22/26 22:15:00,71.22,,,,
08/22/26 22:20:00,71.22,,,,
08/22/26 22:25:00,71.22,,,,
08/22/26 22:30:00,71.22,,,,
08/22/26 22:35:00,71.38,,,,
08/22/26 22:40:00,71.22,,,,
08/22/26 22:45:00,71.15,,,,
08/22/26 22:50:00,71.22,,,,
08/22/26 22:55:00,71.22,,,,
08/22/26 23:00:00,71.15,,,,
08/22/26 23:05:00,71.22,,,,
08/22/26 23:10:00,71.15,,,,
08/22/26 23:15:00,71.22,,,,
08/22/26 23:20:00,71.22,,,,
08/22/26 23:25:00,71.15,,,,
08/22/26 23:30:00,71.07,,,,
08/22/26 23:35:00,71.15,,,,
08/22/26 23:40:00,71.15,,,,
08/22/26 23:45:00,71.15,,,,
08/22/26 23:50:00,71.07,,,,
08/22/26 23:55:00,71.22,,,,
08/23/26 00:00:00,71.22,,,,
08/23/26 00:05:00,71.22,,,,
08/23/26 00:10:00,71.22,,,,
08/23/26 00:15:00,71.15,,,,
08/23/26 00:20:00,71.15,,,,
08/23/26 00:25:00,71.15,,,,
08/23/26 00:30:00,71.07,,,,
08/23/26 00:35:00,71.15,,,,
08/23/26 00:40:00,71.15,,,,
08/23/26 00:45:00,71.07,,,,
08/23/26 00:50:00,71.15,,,,
08/23/26 00:55:00,71.15,,,,
08/23/26 01:00:00,71.15,,,,
08/23/26 01:05:00,71.15,,,,
08/23/26 01:10:00,70.99,,,,
08/23/26 01:15:00,71.07,,,,
08/23/26 01:20:00,71.07,,,,
08/23/26 01:25:00,71.07,,,,
08/23/26 01:30:00,70.99,,,,
08/23/26 01:35:00,71.07,,,,
08/23/26 01:40:00,70.99,,,,
08/23/26 01:45:00,70.99,,,,
08/23/26 01:50:00,71.07,,,,
08/23/26 01:55:00,70.99,,,,
08/23/26 02:00:00,71.07,,,,
08/23/26 02:05:00,70.99,,,,
08/23/26 02:10:00,70.99,,,,
08/23/26 02:15:00,70.99,,,,
08/23/26 02:20:00,70.99,,,,
08/23/26 02:25:00,70.99,,,,
08/23/26 02:30:00,70.99,,,,
08/23/26 02:35:00,70.99,,,,
08/23/26 02:40:00,70.99,,,,
08/23/26 02:45:00,70.99,,,,
08/23/26 02:50:00,71.07,,,,
08/23/26 02:55:00,70.99,,,,
08/23/26 03:00:00,70.99,,,,
08/23/26 03:05:00,70.91,,,,
08/23/26 03:10:00,70.99,,,,
08/23/26 03:15:00,70.91,,,,
08/23/26 03:20:00,70.91,,,,
08/23/26 03:25:00,70.91,,,,
08/23/26 03:30:00,70.99,,,,
08/23/26 03:35:00,70.99,,,,
08/23/26 03:40:00,70.91,,,,
08/23/26 03:45:00,70.99,,,,
08/23/26 03:50:00,70.84,,,,
08/23/26 03:55:00,70.99,,,,
08/23/26 04:00:00,70.91,,,,
08/23/26 04:05:00,70.91,,,,
08/23/26 04:10:00,70.99,,,,
08/23/26 04:15:00,70.84,,,,
08/23/26 04:20:00,70.91,,,,
08/23/26 04:25:00,70.91,,,,
08/23/26 04:30:00,70.91,,,,
08/23/26 04:35:00,70.91,,,,
08/23/26 04:40:00,70.91,,,,
08/23/26 04:45:00,70.91,,,,
08/23/26 04:50:00,70.84,,,,
08/23/26 04:55:00,70.91,,,,
08/23/26 05:00:00,70.84,,,,
08/23/26 05:05:00,70.84,,,,
08/23/26 05:10:00,70.91,,,,
08/23/26 05:15:00,70.84,,,,
08/23/26 05:20:00,70.84,,,,
08/23/26 05:25:00,70.84,,,,
08/23/26 05:30:00,70.84,,,,
08/23/26 05:35:00,70.91,,,,
08/23/26 05:40:00,70.84,,,,
08/23/26 05:45:00,70.76,,,,
08/23/26 05:50:00,70.84,,,,
08/23/26 05:55:00,70.91,,,,
08/23/26 06:00:00,70.84,,,,
08/23/26 06:05:00,70.91,,,,
08/23/26 06:10:00,70.84,,,,
08/23/26 06:15:00,70.84,,,,
08/23/26 06:20:00,70.76,,,,
08/23/26 06:25:00,70.76,,,,
08/23/26 06:30:00,70.76,,,,
08/23/26 06:35:00,70.84,,,,
08/23/26 06:40:00,70.76,,,,
08/23/26 06:45:00,70.76,,,,
08/23/26 06:50:00,70.76,,,,
08/23/26 06:55:00,70.76,,,,
08/23/26 07:00:00,70.76,,,,
08/23/26 07:05:00,70.76,,,,
08/23/26 07:10:00,70.76,,,,
08/23/26 07:15:00,70.68,,,,
08/23/26 07:20:00,70.84,,,,
08/23/26 07:25:00,70.76,,,,
08/23/26 07:30:00,70.76,,,,
08/23/26 07:35:00,70.76,,,,
08/23/26 07:40:00,70.84,,,,
08/23/26 07:45:00,70.84,,,,
08/23/26 07:50:00,70.76,,,,
08/23/26 07:55:00,70.76,,,,
08/23/26 08:00:00,70.76,,,,
08/23/26 08:05:00,70.76,,,,
08/23/26 08:10:00,70.84,,,,
08/23/26 08:15:00,70.84,,,,
08/23/26 08:20:00,70.84,,,,
08/23/26 08:25:00,70.76,,,,
08/23/26 08:30:00,70.84,,,,
08/23/26 08:35:00,70.76,,,,
08/23/26 08:40:00,70.76,,,,
08/23/26 08:45:00,70.84,,,,
08/23/26 08:50:00,70.76,,,,
08/23/26 08:55:00,70.84,,,,
08/23/26 09:00:00,70.76,,,,
08/23/26 09:05:00,70.76,,,,
08/23/26 09:10:00,70.76,,,,
08/23/26 09:15:00,70.76,,,,
08/23/26 09:20:00,70.84,,,,
08/23/26 09:25:00,70.76,,,,
08/23/26 09:30:00,70.84,,,,
08/23/26 09:35:00,70.84,,,,
08/23/26 09:40:00,70.84,,,,
08/23/26 09:45:00,70.76,,,,
08/23/26 09:50:00,70.84,,,,
08/23/26 09:55:00,70.84,,,,
08/23/26 10:00:00,70.84,,,,
08/23/26 10:05:00,70.76,,,,
08/23/26 10:10:00,70.84,,,,
08/23/26 10:15:00,70.76,,,,
08/23/26 10:20:00,70.91,,,,
08/23/26 10:25:00,70.91,,,,
08/23/26 10:30:00,70.84,,,,
08/23/26 10:35:00,70.91,,,,
08/23/26 10:40:00,70.76,,,,
08/23/26 10:45:00,70.84,,,,
08/23/26 10:50:00,70.84,,,,
08/23/26 10:55:00,70.91,,,,
08/23/26 11:00:00,70.99,,,,
08/23/26 11:05:00,70.91,,,,
08/23/26 11:10:00,70.91,,,,
08/23/26 11:15:00,70.99,,,,
08/23/26 11:20:00,70.99,,,,
08/23/26 11:25:00,71.07,,,,
08/23/26 11:30:00,70.99,,,,
08/23/26 11:35:00,70.99,,,,
08/23/26 11:40:00,71.07,,,,
08/23/26 11:45:00,71.07,,,,
08/23/26 11:50:00,71.07,,,,
08/23/26 11:55:00,71.15,,,,
08/23/26 12:00:00,71.07,,,,
08/23/26 12:05:00,71.15,,,,
08/23/26 12:10:00,71.07,,,,
08/23/26 12:15:00,71.15,,,,
08/23/26 12:20:00,71.07,,,,
08/23/26 12:25:00,71.15,,,,
08/23/26 12:30:00,71.07,,,,
08/23/26 12:35:00,71.15,,,,
08/23/26 12:40:00,71.15,,,,
08/23/26 12:45:00,71.07,,,,
08/23/26 12:50:00,71.15,,,,
08/23/26 12:55:00,71.22,,,,
08/23/26 13:00:00,71.15,,,,
08/23/26 13:05:00,71.15,,,,
08/23/26 13:10:00,71.15,,,,
08/23/26 13:15:00,71.15,,,,
08/23/26 13:20:00,71.15,,,,
08/23/26 13:25:00,71.22,,,,
08/23/26 13:30:00,71.22,,,,
08/23/26 13:35:00,71.22,,,,
08/23/26 13:40:00,71.22,,,,
08/23/26 13:45:00,71.30,,,,
08/23/26 13:50:00,71.30,,,,
08/23/26 13:55:00,71.30,,,,
08/23/26 14:00:00,71.30,,,,
08/23/26 14:05:00,71.30,,,,
08/23/26 14:10:00,71.30,,,,
08/23/26 14:15:00,71.30,,,,
08/23/26 14:20:00,71.38,,,,
08/23/26 14:25:00,71.22,,,,
08/23/26 14:30:00,71.30,,,,
08/23/26 14:35:00,71.38,,,,
08/23/26 14:40:00,71.30,,,,
08/23/26 14:45:00,71.38,,,,
08/23/26 14:50:00,71.30,,,,
08/23/26 14:55:00,71.30,,,,
08/23/26 15:00:00,71.45,,,,
08/23/26 15:05:00,71.30,,,,
08/23/26 15:10:00,71.30,,,,
08/23/26 15:15:00,71.30,,,,
08/23/26 15:20:00,71.38,,,,
08/23/26 15:25:00,71.30,,,,
08/23/26 15:30:00,71.30,,,,
08/23/26 15:35:00,71.38,,,,
08/23/26 15:40:00,71.22,,,,
08/23/26 15:45:00,71.45,,,,
08/23/26 15:50:00,71.38,,,,
08/23/26 15:55:00,71.30,,,,
08/23/26 16:00:00,71.38,,,,
08/23/26 16:05:00,71.38,,,,
08/23/26 16:10:00,71.38,,,,
08/23/26 16:15:00,71.30,,,,
08/23/26 16:20:00,71.38,,,,
08/23/26 16:25:00,71.30,,,,
08/23/26 16:30:00,71.30,,,,
08/23/26 16:35:00,71.38,,,,
08/23/26 16:40:00,71.38,,,,
08/23/26 16:45:00,71.30,,,,
08/23/26 16:50:00,71.45,,,,
08/23/26 16:55:00,71.38,,,,
08/23/26 17:00:00,71.30,,,,
08/23/26 17:05:00,71.38,,,,
08/23/26 17:10:00,71.38,,,,
08/23/26 17:15:00,71.30,,,,
08/23/26 17:20:00,71.38,,,,
08/23/26 17:25:00,71.45,,,,
08/23/26 17:30:00,71.30,,,,
08/23/26 17:35:00,71.30,,,,
08/23/26 17:40:00,71.38,,,,
08/23/26 17:45:00,71.38,,,,
08/23/26 17:50:00,71.30,,,,
08/23/26 17:55:00,71.38,,,,
08/23/26 18:00:00,71.38,,,,
08/23/26 18:05:00,71.38,,,,
08/23/26 18:10:00,71.38,,,,
08/23/26 18:15:00,71.38,,,,
08/23/26 18:20:00,71.38,,,,
08/23/26 18:25:00,71.45,,,,
08/23/26 18:30:00,71.38,,,,
08/23/26 18:35:00,71.45,,,,
08/23/26 18:40:00,71.38,,,,
08/23/26 18:45:00,71.38,,,,
08/23/26 18:50:00,71.45,,,,
08/23/26 18:55:00,71.38,,,,
08/23/26 19:00:00,71.45,,,,
08/23/26 19:05:00,71.38,,,,
08/23/26 19:10:00,71.45,,,,
08/23/26 19:15:00,71.30,,,,
08/23/26 19:20:00,71.38,,,,
08/23/26 19:25:00,71.38,,,,
08/23/26 19:30:00,71.30,,,,
08/23/26 19:35:00,71.30,,,,
08/23/26 19:40:00,71.30,,,,
08/23/26 19:45:00,71.38,,,,
08/23/26 19:50:00,71.22,,,,
08/23/26 19:55:00,71.30,,,,
08/23/26 20:00:00,71.30,,,,
08/23/26 20:05:00,71.22,,,,
08/23/26 20:10:00,71.30,,,,
08/23/26 20:15:00,71.22,,,,
08/23/26 20:20:00,71.22,,,,
08/23/26 20:25:00,71.30,,,,
08/23/26 20:30:00,71.22,,,,
08/23/26 20:35:00,71.22,,,,
08/23/26 20:40:00,71.15,,,,
08/23/26 20:45:00,71.22,,,,
08/23/26 20:50:00,71.22,,,,
08/23/26 20:55:00,71.22,,,,
08/23/26 21:00:00,71.07,,,,
08/23/26 21:05:00,71.22,,,,
08/23/26 21:10:00,71.15,,,,
08/23/26 21:15:00,71.07,,,,
08/23/26 21:20:00,71.15,,,,
08/23/26 21:25:00,71.07,,,,
08/23/26 21:30:00,71.15,,,,
08/23/26 21:35:00,71.07,,,,
08/23/26 21:40:00,71.15,,,,
08/23/26 21:45:00,71.07,,,,
08/23/26 21:50:00,70.99,,,,
08/23/26 21:55:00,71.07,,,,
08/23/26 22:00:00,71.15,,,,
08/23/26 22:05:00,71.07,,,,
08/23/26 22:10:00,71.07,,,,
08/23/26 22:15:00,71.07,,,,
08/23/26 22:20:00,71.07,,,,
08/23/26 22:25:00,70.99,,,,
08/23/26 22:30:00,70.91,,,,
08/23/26 22:35:00,70.99,,,,
08/23/26 22:40:00,70.99,,,,
08/23/26 22:45:00,70.91,,,,
08/23/26 22:50:00,70.91,,,,
08/23/26 22:55:00,70.91,,,,
08/23/26 23:00:00,70.99,,,,
08/23/26 23:05:00,70.99,,,,
08/23/26 23:10:00,70.91,,,,
08/23/26 23:15:00,70.99,,,,
08/23/26 23:20:00,70.91,,,,
08/23/26 23:25:00,70.99,,,,
08/23/26 23:30:00,70.84,,,,
08/23/26 23:35:00,70.91,,,,
08/23/26 23:40:00,70.91,,,,
08/23/26 23:45:00,70.91,,,,
08/23/26 23:50:00,70.91,,,,
08/23/26 23:55:00,70.91,,,,
08/24/26 00:00:00,70.91,,,,
08/24/26 00:05:00,70.84,,,,
08/24/26 00:10:00,70.91,,,,
08/24/26 00:15:00,70.91,,,,
08/24/26 00:20:00,70.84,,,,
08/24/26 00:25:00,70.84,,,,
08/24/26 00:30:00,70.76,,,,
08/24/26 00:35:00,70.84,,,,
08/24/26 00:40:00,70.84,,,,
08/24/26 00:45:00,70.76,,,,
08/24/26 00:50:00,70.84,,,,
08/24/26 00:55:00,70.84,,,,
08/24/26 01:00:00,70.84,,,,
08/24/26 01:05:00,70.68,,,,
08/24/26 01:10:00,70.76,,,,
08/24/26 01:15:00,70.84,,,,
08/24/26 01:20:00,70.76,,,,
08/24/26 01:25:00,70.76,,,,
08/24/26 01:30:00,70.76,,,,
08/24/26 01:35:00,70.76,,,,
08/24/26 01:40:00,70.76,,,,
08/24/26 01:45:00,70.68,,,,
08/24/26 01:50:00,70.76,,,,
08/24/26 01:55:00,70.76,,,,
08/24/26 02:00:00,70.76,,,,
08/24/26 02:05:00,70.68,,,,
08/24/26 02:10:00,70.68,,,,
08/24/26 02:15:00,70.68,,,,
08/24/26 02:20:00,70.68,,,,
08/24/26 02:25:00,70.76,,,,
08/24/26 02:30:00,70.68,,,,
08/24/26 02:35:00,70.68,,,,
08/24/26 02:40:00,70.68,,,,
08/24/26 02:45:00,70.68,,,,
08/24/26 02:50:00,70.61,,,,
08/24/26 02:55:00,70.68,,,,
08/24/26 03:00:00,70.61,,,,
08/24/26 03:05:00,70.68,,,,
08/24/26 03:10:00,70.61,,,,
08/24/26 03:15:00,70.61,,,,
08/24/26 03:20:00,70.61,,,,
08/24/26 03:25:00,70.61,,,,
08/24/26 03:30:00,70.61,,,,
08/24/26 03:35:00,70.61,,,,
08/24/26 03:40:00,70.53,,,,
08/24/26 03:45:00,70.61,,,,
08/24/26 03:50:00,70.61,,,,
08/24/26 03:55:00,70.61,,,,
08/24/26 04:00:00,70.61,,,,
08/24/26 04:05:00,70.45,,,,
08/24/26 04:10:00,70.61,,,,
08/24/26 04:15:00,70.53,,,,
08/24/26 04:20:00,70.53,,,,
08/24/26 04:25:00,70.53,,,,
08/24/26 04:30:00,70.53,,,,
08/24/26 04:35:00,70.45,,,,
08/24/26 04:40:00,70.45,,,,
08/24/26 04:45:00,70.53,,,,
08/24/26 04:50:00,70.45,,,,
08/24/26 04:55:00,70.45,,,,
08/24/26 05:00:00,70.53,,,,
08/24/26 05:05:00,70.53,,,,
08/24/26 05:10:00,70.53,,,,
08/24/26 05:15:00,70.53,,,,
08/24/26 05:20:00,70.53,,,,
08/24/26 05:25:00,70.53,,,,
08/24/26 05:30:00,70.45,,,,
08/24/26 05:35:00,70.53,,,,
08/24/26 05:40:00,70.53,,,,
08/24/26 05:45:00,70.45,,,,
08/24/26 05:50:00,70.45,,,,
08/24/26 05:55:00,70.45,,,,
08/24/26 06:00:00,70.53,,,,
08/24/26 06:05:00,70.45,,,,
08/24/26 06:10:00,70.45,,,,
08/24/26 06:15:00,70.37,,,,
08/24/26 06:20:00,70.45,,,,
08/24/26 06:25:00,70.45,,,,
08/24/26 06:30:00,70.45,,,,
08/24/26 06:35:00,70.45,,,,
08/24/26 06:40:00,70.37,,,,
08/24/26 06:45:00,70.37,,,,
08/24/26 06:50:00,70.37,,,,
08/24/26 06:55:00,70.37,,,,
08/24/26 07:00:00,70.37,,,,
08/24/26 07:05:00,70.37,,,,
08/24/26 07:10:00,70.37,,,,
08/24/26 07:15:00,70.45,,,,
08/24/26 07:20:00,70.37,,,,
08/24/26 07:25:00,70.37,,,,
08/24/26 07:30:00,70.37,,,,
08/24/26 07:35:00,70.37,,,,
08/24/26 07:40:00,70.37,,,,
08/24/26 07:45:00,70.37,,,,
08/24/26 07:50:00,70.37,,,,
08/24/26 07:55:00,70.37,,,,
08/24/26 08:00:00,70.37,,,,
08/24/26 08:05:00,70.45,,,,
08/24/26 08:10:00,70.45,,,,
08/24/26 08:15:00,70.37,,,,
08/24/26 08:20:00,70.37,,,,
08/24/26 08:25:00,70.37,,,,
08/24/26 08:30:00,70.53,,,,
08/24/26 08:35:00,70.45,,,,
08/24/26 08:40:00,70.53,,,,
08/24/26 08:45:00,70.68,,,,
08/24/26 08:50:00,70.68,,,,
08/24/26 08:55:00,70.68,,,,
08/24/26 09:00:00,70.68,,,,
08/24/26 09:05:00,70.68,,,,
08/24/26 09:10:00,70.76,,,,
08/24/26 09:15:00,70.68,,,,
08/24/26 09:20:00,70.76,,,,
08/24/26 09:25:00,70.68,,,,
08/24/26 09:30:00,70.68,,,,
08/24/26 09:35:00,70.84,,,,
08/24/26 09:40:00,70.84,,,,
08/24/26 09:45:00,70.76,,,,
08/24/26 09:50:00,70.91,,,,
08/24/26 09:55:00,70.91,,,,
08/24/26 10:00:00,70.99,,,,
08/24/26 10:05:00,70.91,,,,
08/24/26 10:10:00,70.99,,,,
08/24/26 10:15:00,70.91,,,,
08/24/26 10:20:00,70.91,,,,
08/24/26 10:25:00,70.91,,,,
08/24/26 10:30:00,70.91,,,,
08/24/26 10:35:00,70.84,,,,
08/24/26 10:40:00,70.99,,,,
08/24/26 10:45:00,70.91,,,,
08/24/26 10:50:00,70.84,,,,
08/24/26 10:55:00,70.91,,,,
08/24/26 11:00:00,70.99,,,,
08/24/26 11:05:00,70.99,,,,
08/24/26 11:10:00,70.91,,,,
08/24/26 11:15:00,70.91,,,,
08/24/26 11:20:00,70.99,,,,
08/24/26 11:25:00,70.84,,,,
08/24/26 11:30:00,70.99,,,,
08/24/26 11:35:00,70.91,,,,
08/24/26 11:40:00,70.91,,,,
08/24/26 11:45:00,70.91,,,,
08/24/26 11:50:00,70.91,,,,
08/24/26 11:55:00,70.99,,,,
08/24/26 12:00:00,70.99,,,,
08/24/26 12:05:00,70.99,,,,
08/24/26 12:10:00,70.99,,,,
08/24/26 12:15:00,70.99,,,,
08/24/26 12:20:00,71.15,,,,
08/24/26 12:25:00,71.15,,,,
08/24/26 12:30:00,71.07,,,,
08/24/26 12:35:00,71.07,,,,
08/24/26 12:40:00,71.15,,,,
08/24/26 12:45:00,71.22,,,,
08/24/26 12:50:00,71.22,,,,
08/24/26 12:55:00,71.15,,,,
08/24/26 13:00:00,71.15,,,,
08/24/26 13:05:00,71.22,,,,
08/24/26 13:10:00,71.15,,,,
08/24/26 13:15:00,71.15,,,,
08/24/26 13:20:00,71.07,,,,
08/24/26 13:25:00,71.15,,,,
08/24/26 13:30:00,71.15,,,,
08/24/26 13:35:00,71.15,,,,
08/24/26 13:40:00,71.15,,,,
08/24/26 13:45:00,71.07,,,,
08/24/26 13:50:00,71.15,,,,
08/24/26 13:55:00,71.07,,,,
08/24/26 14:00:00,71.15,,,,
08/24/26 14:05:00,71.22,,,,
08/24/26 14:10:00,71.15,,,,
08/24/26 14:15:00,71.15,,,,
08/24/26 14:20:00,71.15,,,,
08/24/26 14:25:00,71.22,,,,
08/24/26 14:30:00,71.22,,,,
08/24/26 14:35:00,71.15,,,,
08/24/26 14:40:00,71.30,,,,
08/24/26 14:45:00,71.22,,,,
08/24/26 14:50:00,71.22,,,,
08/24/26 14:55:00,71.22,,,,
08/24/26 15:00:00,71.30,,,,
08/24/26 15:05:00,71.22,,,,
08/24/26 15:10:00,71.30,,,,
08/24/26 15:15:00,71.38,,,,
08/24/26 15:20:00,71.22,,,,
08/24/26 15:25:00,71.30,,,,
08/24/26 15:30:00,71.38,,,,
08/24/26 15:35:00,71.38,,,,
08/24/26 15:40:00,71.38,,,,
08/24/26 15:45:00,71.45,,,,
08/24/26 15:50:00,71.38,,,,
08/24/26 15:55:00,71.38,,,,
08/24/26 16:00:00,71.45,,,,
08/24/26 16:05:00,71.45,,,,
08/24/26 16:10:00,71.38,,,,
08/24/26 16:15:00,71.30,,,,
08/24/26 16:20:00,71.30,,,,
08/24/26 16:25:00,71.38,,,,
08/24/26 16:30:00,71.38,,,,
08/24/26 16:35:00,71.30,,,,
08/24/26 16:40:00,71.30,,,,
08/24/26 16:45:00,71.30,,,,
08/24/26 16:50:00,71.38,,,,
08/24/26 16:55:00,71.30,,,,
08/24/26 17:00:00,71.30,,,,
08/24/26 17:05:00,71.30,,,,
08/24/26 17:10:00,71.30,,,,
08/24/26 17:15:00,71.30,,,,
08/24/26 17:20:00,71.30,,,,
08/24/26 17:25:00,71.30,,,,
08/24/26 17:30:00,71.30,,,,
08/24/26 17:35:00,71.30,,,,
08/24/26 17:40:00,71.38,,,,
08/24/26 17:45:00,71.30,,,,
08/24/26 17:50:00,71.38,,,,
08/24/26 17:55:00,71.30,,,,
08/24/26 18:00:00,71.30,,,,
08/24/26 18:05:00,71.38,,,,
08/24/26 18:10:00,71.45,,,,
08/24/26 18:15:00,71.38,,,,
08/24/26 18:20:00,71.38,,,,
08/24/26 18:25:00,71.30,,,,
08/24/26 18:30:00,71.30,,,,
08/24/26 18:35:00,71.30,,,,
08/24/26 18:40:00,71.38,,,,
08/24/26 18:45:00,71.38,,,,
08/24/26 18:50:00,71.38,,,,
08/24/26 18:55:00,71.30,,,,
08/24/26 19:00:00,71.38,,,,
08/24/26 19:05:00,71.38,,,,
08/24/26 19:10:00,71.53,,,,
08/24/26 19:15:00,71.45,,,,
08/24/26 19:20:00,71.38,,,,
08/24/26 19:25:00,71.45,,,,
08/24/26 19:30:00,71.38,,,,
08/24/26 19:35:00,71.38,,,,
08/24/26 19:40:00,71.38,,,,
08/24/26 19:45:00,71.45,,,,
08/24/26 19:50:00,71.38,,,,
08/24/26 19:55:00,71.38,,,,
08/24/26 20:00:00,71.45,,,,
08/24/26 20:05:00,71.38,,,,
08/24/26 20:10:00,71.45,,,,
08/24/26 20:15:00,71.38,,,,
08/24/26 20:20:00,71.45,,,,
08/24/26 20:25:00,71.45,,,,
08/24/26 20:30:00,71.53,,,,
08/24/26 20:35:00,71.53,,,,
08/24/26 20:40:00,71.53,,,,
08/24/26 20:45:00,71.53,,,,
08/24/26 20:50:00,71.53,,,,
08/24/26 20:55:00,71.53,,,,
08/24/26 21:00:00,71.53,,,,
08/24/26 21:05:00,71.53,,,,
08/24/26 21:10:00,71.53,,,,
08/24/26 21:15:00,71.61,,,,
08/24/26 21:20:00,71.53,,,,
08/24/26 21:25:00,71.53,,,,
08/24/26 21:30:00,71.53,,,,
08/24/26 21:35:00,71.61,,,,
08/24/26 21:40:00,71.53,,,,
08/24/26 21:45:00,71.53,,,,
08/24/26 21:50:00,71.61,,,,
08/24/26 21:55:00,71.45,,,,
08/24/26 22:00:00,71.53,,,,
08/24/26 22:05:00,71.53,,,,
08/24/26 22:10:00,71.53,,,,
08/24/26 22:15:00,71.53,,,,
08/24/26 22:20:00,71.53,,,,
08/24/26 22:25:00,71.53,,,,
08/24/26 22:30:00,71.61,,,,
08/24/26 22:35:00,71.61,,,,
08/24/26 22:40:00,71.53,,,,
08/24/26 22:45:00,71.69,,,,
08/24/26 22:50:00,71.69,,,,
08/24/26 22:55:00,71.61,,,,
08/24/26 23:00:00,71.61,,,,
08/24/26 23:05:00,71.61,,,,
08/24/26 23:10:00,71.61,,,,
08/24/26 23:15:00,71.61,,,,
08/24/26 23:20:00,71.53,,,,
08/24/26 23:25:00,71.61,,,,
08/24/26 23:30:00,71.61,,,,
08/24/26 23:35:00,71.61,,,,
08/24/26 23:40:00,71.61,,,,
08/24/26 23:45:00,71.53,,,,
08/24/26 23:50:00,71.61,,,,
08/24/26 23:55:00,71.61,,,,
08/25/26 00:00:00,71.69,,,,
08/25/26 00:05:00,71.61,,,,
08/25/26 00:10:00,71.69,,,,
08/25/26 00:15:00,71.69,,,,
08/25/26 00:20:00,71.69,,,,
08/25/26 00:25:00,71.69,,,,
08/25/26 00:30:00,71.61,,,,
08/25/26 00:35:00,71.69,,,,
08/25/26 00:40:00,71.61,,,,
08/25/26 00:45:00,71.61,,,,
08/25/26 00:50:00,71.69,,,,
08/25/26 00:55:00,71.69,,,,
08/25/26 01:00:00,71.69,,,,
08/25/26 01:05:00,71.69,,,,
08/25/26 01:10:00,71.61,,,,
08/25/26 01:15:00,71.69,,,,
08/25/26 01:20:00,71.69,,,,
08/25/26 01:25:00,71.61,,,,
08/25/26 01:30:00,71.61,,,,
08/25/26 01:35:00,71.69,,,,
08/25/26 01:40:00,71.61,,,,
08/25/26 01:45:00,71.61,,,,
08/25/26 01:50:00,71.69,,,,
08/25/26 01:55:00,71.61,,,,
08/25/26 02:00:00,71.69,,,,
08/25/26 02:05:00,71.76,,,,
08/25/26 02:10:00,71.69,,,,
08/25/26 02:15:00,71.69,,,,
08/25/26 02:20:00,71.69,,,,
08/25/26 02:25:00,71.69,,,,
08/25/26 02:30:00,71.61,,,,
08/25/26 02:35:00,71.69,,,,
08/25/26 02:40:00,71.69,,,,
08/25/26 02:45:00,71.61,,,,
08/25/26 02:50:00,71.61,,,,
08/25/26 02:55:00,71.69,,,,
08/25/26 03:00:00,71.61,,,,
08/25/26 03:05:00,71.61,,,,
08/25/26 03:10:00,71.76,,,,
08/25/26 03:15:00,71.76,,,,
08/25/26 03:20:00,71.69,,,,
08/25/26 03:25:00,71.76,,,,
08/25/26 03:30:00,71.69,,,,
08/25/26 03:35:00,71.76,,,,
08/25/26 03:40:00,71.76,,,,
08/25/26 03:45:00,71.69,,,,
08/25/26 03:50:00,71.69,,,,
08/25/26 03:55:00,71.69,,,,
08/25/26 04:00:00,71.69,,,,
08/25/26 04:05:00,71.69,,,,
08/25/26 04:10:00,71.76,,,,
08/25/26 04:15:00,71.76,,,,
08/25/26 04:20:00,71.69,,,,
08/25/26 04:25:00,71.69,,,,
08/25/26 04:30:00,71.69,,,,
08/25/26 04:35:00,71.69,,,,
08/25/26 04:40:00,71.69,,,,
08/25/26 04:45:00,71.69,,,,
08/25/26 04:50:00,71.69,,,,
08/25/26 04:55:00,71.76,,,,
08/25/26 05:00:00,71.69,,,,
08/25/26 05:05:00,71.76,,,,
08/25/26 05:10:00,71.76,,,,
08/25/26 05:15:00,71.61,,,,
08/25/26 05:20:00,71.76,,,,
08/25/26 05:25:00,71.61,,,,
08/25/26 05:30:00,71.69,,,,
08/25/26 05:35:00,71.69,,,,
08/25/26 05:40:00,71.69,,,,
08/25/26 05:45:00,71.76,,,,
08/25/26 05:50:00,71.61,,,,
08/25/26 05:55:00,71.69,,,,
08/25/26 06:00:00,71.76,,,,
08/25/26 06:05:00,71.69,,,,
08/25/26 06:10:00,71.69,,,,
08/25/26 06:15:00,71.76,,,,
08/25/26 06:20:00,71.69,,,,
08/25/26 06:25:00,71.69,,,,
08/25/26 06:30:00,71.69,,,,
08/25/26 06:35:00,71.69,,,,
08/25/26 06:40:00,71.69,,,,
08/25/26 06:45:00,71.69,,,,
08/25/26 06:50:00,71.69,,,,
08/25/26 06:55:00,71.69,,,,
08/25/26 07:00:00,71.69,,,,
08/25/26 07:05:00,71.76,,,,
08/25/26 07:10:00,71.69,,,,
08/25/26 07:15:00,71.61,,,,
08/25/26 07:20:00,71.69,,,,
08/25/26 07:25:00,71.69,,,,
08/25/26 07:30:00,71.69,,,,
08/25/26 07:35:00,71.76,,,,
08/25/26 07:40:00,71.76,,,,
08/25/26 07:45:00,71.76,,,,
08/25/26 07:50:00,71.69,,,,
08/25/26 07:55:00,71.69,,,,
08/25/26 08:00:00,71.76,,,,
08/25/26 08:05:00,71.76,,,,
08/25/26 08:10:00,71.76,,,,
08/25/26 08:15:00,71.76,,,,
08/25/26 08:20:00,71.76,,,,
08/25/26 08:25:00,71.69,,,,
08/25/26 08:30:00,71.76,,,,
08/25/26 08:35:00,71.76,,,,
08/25/26 08:40:00,71.84,,,,
08/25/26 08:45:00,71.92,,,,
08/25/26 08:50:00,72.00,,,,
08/25/26 08:55:00,72.00,,,,
08/25/26 09:00:00,72.00,,,,
08/25/26 09:05:00,72.07,,,,
08/25/26 09:10:00,71.92,,,,
08/25/26 09:15:00,72.00,,,,
08/25/26 09:20:00,72.00,,,,
08/25/26 09:25:00,72.00,,,,
08/25/26 09:30:00,72.00,,,,
08/25/26 09:35:00,72.00,,,,
08/25/26 09:40:00,72.07,,,,
08/25/26 09:45:00,72.00,,,,
08/25/26 09:50:00,72.00,,,,
08/25/26 09:55:00,72.07,,,,
08/25/26 10:00:00,72.00,,,,
08/25/26 10:05:00,72.07,,,,
08/25/26 10:10:00,72.07,,,,
08/25/26 10:15:00,72.07,,,,
08/25/26 10:20:00,72.07,,,,
08/25/26 10:25:00,72.00,,,,
08/25/26 10:30:00,72.07,,,,
08/25/26 10:35:00,72.15,,,,
08/25/26 10:40:00,72.15,,,,
08/25/26 10:45:00,72.15,,,,
08/25/26 10:50:00,72.23,,,,
08/25/26 10:55:00,72.23,,,,
08/25/26 11:00:00,72.23,,,,
08/25/26 11:05:00,72.23,,,,
08/25/26 11:10:00,72.30,,,,
08/25/26 11:15:00,72.23,,,,
08/25/26 11:20:00,72.23,,,,
08/25/26 11:25:00,72.23,,,,
08/25/26 11:30:00,72.15,,,,
08/25/26 11:35:00,72.38,,,,
08/25/26 11:40:00,72.30,,,,
08/25/26 11:45:00,72.30,,,,
08/25/26 11:50:00,72.38,,,,
08/25/26 11:55:00,72.38,,,,
08/25/26 12:00:00,72.46,,,,
08/25/26 12:05:00,72.46,,,,
08/25/26 12:10:00,72.38,,,,
08/25/26 12:15:00,72.46,,,,
08/25/26 12:20:00,72.38,,,,
08/25/26 12:25:00,72.46,,,,
08/25/26 12:30:00,72.54,,,,
08/25/26 12:35:00,72.54,,,,
08/25/26 12:40:00,72.69,,,,
08/25/26 12:45:00,72.61,,,,
08/25/26 12:50:00,72.61,,,,
08/25/26 12:55:00,72.69,,,,
08/25/26 13:00:00,72.69,,,,
08/25/26 13:05:00,72.77,,,,
08/25/26 13:10:00,72.69,,,,
08/25/26 13:15:00,72.69,,,,
08/25/26 13:20:00,72.77,,,,
08/25/26 13:25:00,72.69,,,,
08/25/26 13:30:00,72.69,,,,
08/25/26 13:35:00,72.77,,,,
08/25/26 13:40:00,72.77,,,,
08/25/26 13:45:00,72.77,,,,
08/25/26 13:50:00,72.69,,,,
08/25/26 13:55:00,72.77,,,,
08/25/26 14:00:00,72.77,,,,
08/25/26 14:05:00,72.77,,,,
08/25/26 14:10:00,72.77,,,,
08/25/26 14:15:00,72.77,,,,
08/25/26 14:20:00,72.77,,,,
08/25/26 14:25:00,72.77,,,,
08/25/26 14:30:00,72.84,,,,
08/25/26 14:35:00,72.92,,,,
08/25/26 14:40:00,72.92,,,,
08/25/26 14:45:00,72.84,,,,
08/25/26 14:50:00,72.92,,,,
08/25/26 14:55:00,72.84,,,,
08/25/26 15:00:00,72.92,,,,
08/25/26 15:05:00,72.84,,,,
08/25/26 15:10:00,73.00,,,,
08/25/26 15:15:00,72.92,,,,
08/25/26 15:20:00,72.92,,,,
08/25/26 15:25:00,72.92,,,,
08/25/26 15:30:00,72.84,,,,
08/25/26 15:35:00,72.84,,,,
08/25/26 15:40:00,73.00,,,,
08/25/26 15:45:00,72.84,,,,
08/25/26 15:50:00,72.84,,,,
08/25/26 15:55:00,72.77,,,,
08/25/26 16:00:00,72.84,,,,
08/25/26 16:05:00,72.84,,,,
08/25/26 16:10:00,72.84,,,,
08/25/26 16:15:00,72.77,,,,
08/25/26 16:20:00,72.84,,,,
08/25/26 16:25:00,72.77,,,,
08/25/26 16:30:00,72.84,,,,
08/25/26 16:35:00,72.84,,,,
08/25/26 16:40:00,72.77,,,,
08/25/26 16:45:00,72.77,,,,
08/25/26 16:50:00,72.77,,,,
08/25/26 16:55:00,72.69,,,,
08/25/26 17:00:00,72.77,,,,
08/25/26 17:05:00,72.77,,,,
08/25/26 17:10:00,72.77,,,,
08/25/26 17:15:00,72.77,,,,
08/25/26 17:20:00,72.77,,,,
08/25/26 17:25:00,72.69,,,,
08/25/26 17:30:00,72.69,,,,
08/25/26 17:35:00,72.69,,,,
08/25/26 17:40:00,72.61,,,,
08/25/26 17:45:00,72.77,,,,
08/25/26 17:50:00,72.61,,,,
08/25/26 17:55:00,72.69,,,,
08/25/26 18:00:00,72.61,,,,
08/25/26 18:05:00,72.54,,,,
08/25/26 18:10:00,72.54,,,,
08/25/26 18:15:00,72.54,,,,
08/25/26 18:20:00,72.54,,,,
08/25/26 18:25:00,72.54,,,,
08/25/26 18:30:00,72.54,,,,
08/25/26 18:35:00,72.46,,,,
08/25/26 18:40:00,72.61,,,,
08/25/26 18:45:00,72.46,,,,
08/25/26 18:50:00,72.54,,,,
08/25/26 18:55:00,72.54,,,,
08/25/26 19:00:00,72.54,,,,
08/25/26 19:05:00,72.54,,,,
08/25/26 19:10:00,72.61,,,,
08/25/26 19:15:00,72.46,,,,
08/25/26 19:20:00,72.61,,,,
08/25/26 19:25:00,72.46,,,,
08/25/26 19:30:00,72.38,,,,
08/25/26 19:35:00,72.38,,,,
08/25/26 19:40:00,72.46,,,,
08/25/26 19:45:00,72.46,,,,
08/25/26 19:50:00,72.54,,,,
08/25/26 19:55:00,72.46,,,,
08/25/26 20:00:00,72.54,,,,
08/25/26 20:05:00,72.38,,,,
08/25/26 20:10:00,72.46,,,,
08/25/26 20:15:00,72.54,,,,
08/25/26 20:20:00,72.38,,,,
08/25/26 20:25:00,72.38,,,,
08/25/26 20:30:00,72.38,,,,
08/25/26 20:35:00,72.30,,,,
08/25/26 20:40:00,72.38,,,,
08/25/26 20:45:00,72.38,,,,
08/25/26 20:50:00,72.30,,,,
08/25/26 20:55:00,72.30,,,,
08/25/26 21:00:00,72.38,,,,
08/25/26 21:05:00,72.30,,,,
08/25/26 21:10:00,72.30,,,,
08/25/26 21:15:00,72.23,,,,
08/25/26 21:20:00,72.30,,,,
08/25/26 21:25:00,72.30,,,,
08/25/26 21:30:00,72.30,,,,
08/25/26 21:35:00,72.30,,,,
08/25/26 21:40:00,72.30,,,,
08/25/26 21:45:00,72.23,,,,
08/25/26 21:50:00,72.23,,,,
08/25/26 21:55:00,72.15,,,,
08/25/26 22:00:00,72.23,,,,
08/25/26 22:05:00,72.23,,,,
08/25/26 22:10:00,72.23,,,,
08/25/26 22:15:00,72.15,,,,
08/25/26 22:20:00,72.15,,,,
08/25/26 22:25:00,72.15,,,,
08/25/26 22:30:00,72.15,,,,
08/25/26 22:35:00,72.23,,,,
08/25/26 22:40:00,72.15,,,,
08/25/26 22:45:00,72.15,,,,
08/25/26 22:50:00,72.07,,,,
08/25/26 22:55:00,72.15,,,,
08/25/26 23:00:00,72.15,,,,
08/25/26 23:05:00,72.07,,,,
08/25/26 23:10:00,72.07,,,,
08/25/26 23:15:00,72.07,,,,
08/25/26 23:20:00,72.15,,,,
08/25/26 23:25:00,72.07,,,,
08/25/26 23:30:00,72.15,,,,
08/25/26 23:35:00,72.00,,,,
08/25/26 23:40:00,72.07,,,,
08/25/26 23:45:00,72.00,,,,
08/25/26 23:50:00,72.07,,,,
08/25/26 23:55:00,72.00,,,,
08/26/26 00:00:00,72.00,,,,
08/26/26 00:05:00,72.00,,,,
08/26/26 00:10:00,72.00,,,,
08/26/26 00:15:00,72.00,,,,
08/26/26 00:20:00,72.00,,,,
08/26/26 00:25:00,72.00,,,,
08/26/26 00:30:00,72.00,,,,
08/26/26 00:35:00,72.00,,,,
08/26/26 00:40:00,71.92,,,,
08/26/26 00:45:00,72.00,,,,
08/26/26 00:50:00,72.00,,,,
08/26/26 00:55:00,72.00,,,,
08/26/26 01:00:00,71.92,,,,
08/26/26 01:05:00,71.92,,,,
08/26/26 01:10:00,71.92,,,,
08/26/26 01:15:00,71.92,,,,
08/26/26 01:20:00,72.00,,,,
08/26/26 01:25:00,71.84,,,,
08/26/26 01:30:00,71.92,,,,
08/26/26 01:35:00,71.92,,,,
08/26/26 01:40:00,72.00,,,,
08/26/26 01:45:00,71.84,,,,
08/26/26 01:50:00,71.84,,,,
08/26/26 01:55:00,71.92,,,,
08/26/26 02:00:00,71.76,,,,
08/26/26 02:05:00,71.84,,,,
08/26/26 02:10:00,71.76,,,,
08/26/26 02:15:00,71.84,,,,
08/26/26 02:20:00,71.76,,,,
08/26/26 02:25:00,71.76,,,,
08/26/26 02:30:00,71.84,,,,
08/26/26 02:35:00,71.76,,,,
08/26/26 02:40:00,71.76,,,,
08/26/26 02:45:00,71.84,,,,
08/26/26 02:50:00,71.76,,,,
08/26/26 02:55:00,71.76,,,,
08/26/26 03:00:00,71.76,,,,
08/26/26 03:05:00,71.84,,,,
08/26/26 03:10:00,71.76,,,,
08/26/26 03:15:00,71.76,,,,
08/26/26 03:20:00,71.76,,,,
08/26/26 03:25:00,71.76,,,,
08/26/26 03:30:00,71.69,,,,
08/26/26 03:35:00,71.69,,,,
08/26/26 03:40:00,71.76,,,,
08/26/26 03:45:00,71.69,,,,
08/26/26 03:50:00,71.69,,,,
08/26/26 03:55:00,71.76,,,,
08/26/26 04:00:00,71.69,,,,
08/26/26 04:05:00,71.69,,,,
08/26/26 04:10:00,71.69,,,,
08/26/26 04:15:00,71.76,,,,
08/26/26 04:20:00,71.69,,,,
08/26/26 04:25:00,71.69,,,,
08/26/26 04:30:00,71.69,,,,
08/26/26 04:35:00,71.61,,,,
08/26/26 04:40:00,71.61,,,,
08/26/26 04:45:00,71.61,,,,
08/26/26 04:50:00,71.61,,,,
08/26/26 04:55:00,71.61,,,,
08/26/26 05:00:00,71.69,,,,
08/26/26 05:05:00,71.53,,,,
08/26/26 05:10:00,71.53,,,,
08/26/26 05:15:00,71.53,,,,
08/26/26 05:20:00,71.61,,,,
08/26/26 05:25:00,71.61,,,,
08/26/26 05:30:00,71.61,,,,
08/26/26 05:35:00,71.53,,,,
08/26/26 05:40:00,71.61,,,,
08/26/26 05:45:00,71.61,,,,
08/26/26 05:50:00,71.61,,,,
08/26/26 05:55:00,71.61,,,,
08/26/26 06:00:00,71.53,,,,
08/26/26 06:05:00,71.69,,,,
08/26/26 06:10:00,71.53,,,,
08/26/26 06:15:00,71.61,,,,
08/26/26 06:20:00,71.53,,,,
08/26/26 06:25:00,71.45,,,,
08/26/26 06:30:00,71.45,,,,
08/26/26 06:35:00,71.61,,,,
08/26/26 06:40:00,71.53,,,,
08/26/26 06:45:00,71.45,,,,
08/26/26 06:50:00,71.53,,,,
08/26/26 06:55:00,71.53,,,,
08/26/26 07:00:00,71.45,,,,
08/26/26 07:05:00,71.53,,,,
08/26/26 07:10:00,71.45,,,,
08/26/26 07:15:00,71.45,,,,
08/26/26 07:20:00,71.61,,,,
08/26/26 07:25:00,71.45,,,,
08/26/26 07:30:00,71.45,,,,
08/26/26 07:35:00,71.38,,,,
08/26/26 07:40:00,71.45,,,,
08/26/26 07:45:00,71.45,,,,
08/26/26 07:50:00,71.45,,,,
08/26/26 07:55:00,71.45,,,,
08/26/26 08:00:00,71.45,,,,
08/26/26 08:05:00,71.45,,,,
08/26/26 08:10:00,71.38,,,,
08/26/26 08:15:00,71.38,,,,
08/26/26 08:20:00,71.45,,,,
08/26/26 08:25:00,71.45,,,,
08/26/26 08:30:00,71.45,,,,
08/26/26 08:35:00,71.45,,,,
08/26/26 08:40:00,71.45,,,,
08/26/26 08:45:00,71.38,,,,
08/26/26 08:50:00,71.38,,,,
08/26/26 08:55:00,71.53,,,,
08/26/26 09:00:00,71.53,,,,
08/26/26 09:05:00,71.61,,,,
08/26/26 09:10:00,71.53,,,,
08/26/26 09:15:00,71.45,,,,
08/26/26 09:20:00,71.53,,,,
08/26/26 09:25:00,71.53,,,,
08/26/26 09:30:00,71.61,,,,
08/26/26 09:35:00,71.61,,,,
08/26/26 09:40:00,71.45,,,,
08/26/26 09:45:00,71.61,,,,
08/26/26 09:50:00,71.53,,,,
08/26/26 09:55:00,71.53,,,,
08/26/26 10:00:00,71.61,,,,
08/26/26 10:05:00,71.61,,,,
08/26/26 10:10:00,71.61,,,,
08/26/26 10:15:00,71.61,,,,
08/26/26 10:20:00,71.69,,,,
08/26/26 10:25:00,71.61,,,,
08/26/26 10:30:00,71.69,,,,
08/26/26 10:35:00,71.61,,,,
08/26/26 10:40:00,71.61,,,,
08/26/26 10:45:00,71.61,,,,
08/26/26 10:50:00,71.61,,,,
08/26/26 10:55:00,71.69,,,,
08/26/26 11:00:00,71.69,,,,
08/26/26 11:05:00,71.76,,,,
08/26/26 11:10:00,71.69,,,,
08/26/26 11:15:00,71.76,,,,
08/26/26 11:20:00,71.76,,,,
08/26/26 11:25:00,71.76,,,,
08/26/26 11:30:00,71.76,,,,
08/26/26 11:35:00,71.84,,,,
08/26/26 11:40:00,71.84,,,,
08/26/26 11:45:00,71.84,,,,
08/26/26 11:50:00,71.84,,,,
08/26/26 11:55:00,71.76,,,,
08/26/26 12:00:00,71.69,,,,
08/26/26 12:05:00,71.61,,,,
08/26/26 12:10:00,71.53,,,,
08/26/26 12:15:00,71.61,,,,
08/26/26 12:20:00,71.61,,,,
08/26/26 12:25:00,71.69,,,,
08/26/26 12:30:00,71.76,,,,
08/26/26 12:35:00,71.84,,,,
08/26/26 12:40:00,71.84,,,,
08/26/26 12:45:00,71.92,,,,
08/26/26 12:50:00,72.00,,,,
08/26/26 12:55:00,71.92,,,,
08/26/26 13:00:00,72.07,,,,
08/26/26 13:05:00,71.92,,,,
08/26/26 13:10:00,72.00,,,,
08/26/26 13:15:00,71.92,,,,
08/26/26 13:20:00,71.92,,,,
08/26/26 13:25:00,71.92,,,,
08/26/26 13:30:00,72.00,,,,
08/26/26 13:35:00,72.15,,,,
08/26/26 13:40:00,72.15,,,,
08/26/26 13:45:00,72.30,,,,
08/26/26 13:50:00,72.30,,,,
08/26/26 13:55:00,72.30,,,,
08/26/26 14:00:00,72.30,,,,
08/26/26 14:05:00,72.07,,,,
08/26/26 14:10:00,72.15,,,,
08/26/26 14:15:00,72.00,,,,
08/26/26 14:20:00,71.84,,,,
08/26/26 14:25:00,71.92,,,,
08/26/26 14:30:00,72.00,,,,
08/26/26 14:35:00,72.00,,,,
08/26/26 14:40:00,72.07,,,,
08/26/26 14:45:00,72.00,,,,
08/26/26 14:50:00,72.00,,,,
08/26/26 14:55:00,72.15,,,,
08/26/26 15:00:00,72.15,,,,
08/26/26 15:05:00,72.23,,,,
08/26/26 15:10:00,72.23,,,,
08/26/26 15:15:00,72.23,,,,
08/26/26 15:19:20,,Logged,Logged,,
08/26/26 15:19:22,,,,Logged,Logged
