#,Date-Time (AKDT),Temperature   (°C),Started,Button Down,Button Up,Host Connected,End of File
1,06/16/2025 16:50:00,0.21,Logged,,,,
2,06/16/2025 16:55:00,0.30,,,,,
3,06/16/2025 17:00:00,0.34,,,,,
4,06/16/2025 17:05:00,0.25,,,,,
5,06/16/2025 17:10:00,0.21,,,,,
6,06/16/2025 17:15:00,0.13,,,,,
7,06/16/2025 17:20:00,0.21,,,,,
8,06/16/2025 17:25:00,0.21,,,,,
9,06/16/2025 17:30:00,0.17,,,,,
10,06/16/2025 17:35:00,0.21,,,,,
11,06/16/2025 17:40:00,0.13,,,,,
12,06/16/2025 17:45:00,0.13,,,,,
13,06/16/2025 17:50:00,0.17,,,,,
14,06/16/2025 17:55:00,0.13,,,,,
15,06/16/2025 18:00:00,0.13,,,,,
16,06/16/2025 18:05:00,0.13,,,,,
17,06/16/2025 18:10:00,0.17,,,,,
18,06/16/2025 18:15:00,0.13,,,,,
19,06/16/2025 18:20:00,0.17,,,,,
20,06/16/2025 18:25:00,0.17,,,,,
21,06/16/2025 18:30:00,0.17,,,,,
22,06/16/2025 18:35:00,0.25,,,,,
23,06/16/2025 18:40:00,0.21,,,,,
24,06/16/2025 18:45:00,0.17,,,,,
25,06/16/2025 18:50:00,0.21,,,,,
26,06/16/2025 18:55:00,0.21,,,,,
27,06/16/2025 19:00:00,0.25,,,,,
28,06/16/2025 19:05:00,0.25,,,,,
29,06/16/2025 19:10:00,0.34,,,,,
30,06/16/2025 19:15:00,0.51,,,,,
31,06/16/2025 19:20:00,0.77,,,,,
32,06/16/2025 19:25:00,1.11,,,,,
33,06/16/2025 19:30:00,1.46,,,,,
34,06/16/2025 19:35:00,1.24,,,,,
35,06/16/2025 19:40:00,1.20,,,,,
36,06/16/2025 19:45:00,1.16,,,,,
37,06/16/2025 19:50:00,1.03,,,,,
38,06/16/2025 19:55:00,0.90,,,,,
39,06/16/2025 20:00:00,0.90,,,,,
40,06/16/2025 20:05:00,0.77,,,,,
41,06/16/2025 20:10:00,0.81,,,,,
42,06/16/2025 20:15:00,0.86,,,,,
43,06/16/2025 20:20:00,0.94,,,,,
44,06/16/2025 20:25:00,1.03,,,,,
45,06/16/2025 20:30:00,0.73,,,,,
46,06/16/2025 20:35:00,0.55,,,,,
47,06/16/2025 20:40:00,0.47,,,,,
48,06/16/2025 20:45:00,0.21,,,,,
49,06/16/2025 20:50:00,0.08,,,,,
50,06/16/2025 20:55:00,0.13,,,,,
51,06/16/2025 21:00:00,-0.39,,,,,
52,06/16/2025 21:05:00,-0.73,,,,,
53,06/16/2025 21:10:00,-0.90,,,,,
54,06/16/2025 21:15:00,-1.08,,,,,
55,06/16/2025 21:20:00,-1.20,,,,,
56,06/16/2025 21:25:00,-1.16,,,,,
57,06/16/2025 21:30:00,-1.42,,,,,
58,06/16/2025 21:35:00,-1.16,,,,,
59,06/16/2025 21:40:00,-0.56,,,,,
60,06/16/2025 21:45:00,-0.26,,,,,
61,06/16/2025 21:50:00,-0.09,,,,,
62,06/16/2025 21:55:00,-0.35,,,,,
63,06/16/2025 22:00:00,-0.26,,,,,
64,06/16/2025 22:05:00,-0.00,,,,,
65,06/16/2025 22:10:00,0.17,,,,,
66,06/16/2025 22:15:00,0.17,,,,,
67,06/16/2025 22:20:00,0.30,,,,,
68,06/16/2025 22:25:00,0.25,,,,,
69,06/16/2025 22:30:00,0.30,,,,,
70,06/16/2025 22:35:00,0.25,,,,,
71,06/16/2025 22:40:00,0.13,,,,,
72,06/16/2025 22:45:00,0.13,,,,,
73,06/16/2025 22:50:00,0.17,,,,,
74,06/16/2025 22:55:00,0.13,,,,,
75,06/16/2025 23:00:00,0.04,,,,,
76,06/16/2025 23:05:00,-0.26,,,,,
77,06/16/2025 23:10:00,-0.52,,,,,
78,06/16/2025 23:15:00,-0.86,,,,,
79,06/16/2025 23:20:00,-1.42,,,,,
80,06/16/2025 23:25:00,-1.85,,,,,
81,06/16/2025 23:30:00,-2.66,,,,,
82,06/16/2025 23:35:00,-2.45,,,,,
83,06/16/2025 23:40:00,-3.52,,,,,
84,06/16/2025 23:45:00,-4.81,,,,,
85,06/16/2025 23:50:00,-5.45,,,,,
86,06/16/2025 23:55:00,-5.97,,,,,
87,06/17/2025 00:00:00,-6.14,,,,,
88,06/17/2025 00:05:00,-6.05,,,,,
89,06/17/2025 00:10:00,-6.14,,,,,
90,06/17/2025 00:15:00,-5.97,,,,,
91,06/17/2025 00:20:00,-6.14,,,,,
92,06/17/2025 00:25:00,-6.39,,,,,
93,06/17/2025 00:30:00,-5.92,,,,,
94,06/17/2025 00:35:00,-5.92,,,,,
95,06/17/2025 00:40:00,-5.54,,,,,
96,06/17/2025 00:45:00,-5.84,,,,,
97,06/17/2025 00:50:00,-6.18,,,,,
98,06/17/2025 00:55:00,-6.14,,,,,
99,06/17/2025 01:00:00,-5.84,,,,,
100,06/17/2025 01:05:00,-5.71,,,,,
101,06/17/2025 01:10:00,-4.76,,,,,
102,06/17/2025 01:15:00,-3.65,,,,,
103,06/17/2025 01:20:00,-3.56,,,,,
104,06/17/2025 01:25:00,-3.61,,,,,
105,06/17/2025 01:30:00,-3.39,,,,,
106,06/17/2025 01:35:00,-2.92,,,,,
107,06/17/2025 01:40:00,-2.41,,,,,
108,06/17/2025 01:45:00,-2.19,,,,,
109,06/17/2025 01:50:00,-2.06,,,,,
110,06/17/2025 01:55:00,-2.71,,,,,
111,06/17/2025 02:00:00,-4.04,,,,,
112,06/17/2025 02:05:00,-4.34,,,,,
113,06/17/2025 02:10:00,-4.72,,,,,
114,06/17/2025 02:15:00,-4.34,,,,,
115,06/17/2025 02:20:00,-4.46,,,,,
116,06/17/2025 02:25:00,-4.85,,,,,
117,06/17/2025 02:30:00,-5.02,,,,,
118,06/17/2025 02:35:00,-4.89,,,,,
119,06/17/2025 02:40:00,-5.15,,,,,
120,06/17/2025 02:45:00,-5.11,,,,,
121,06/17/2025 02:50:00,-5.49,,,,,
122,06/17/2025 02:55:00,-5.62,,,,,
123,06/17/2025 03:00:00,-5.41,,,,,
124,06/17/2025 03:05:00,-5.19,,,,,
125,06/17/2025 03:10:00,-5.32,,,,,
126,06/17/2025 03:15:00,-4.85,,,,,
127,06/17/2025 03:20:00,-4.34,,,,,
128,06/17/2025 03:25:00,-3.52,,,,,
129,06/17/2025 03:30:00,-3.01,,,,,
130,06/17/2025 03:35:00,-2.06,,,,,
131,06/17/2025 03:40:00,-2.41,,,,,
132,06/17/2025 03:45:00,-1.89,,,,,
133,06/17/2025 03:50:00,-2.79,,,,,
134,06/17/2025 03:55:00,-3.82,,,,,
135,06/17/2025 04:00:00,-2.66,,,,,
136,06/17/2025 04:05:00,-2.92,,,,,
137,06/17/2025 04:10:00,-3.01,,,,,
138,06/17/2025 04:15:00,-2.92,,,,,
139,06/17/2025 04:20:00,-1.80,,,,,
140,06/17/2025 04:25:00,-2.06,,,,,
141,06/17/2025 04:30:00,-1.25,,,,,
142,06/17/2025 04:35:00,-0.52,,,,,
143,06/17/2025 04:40:00,-0.77,,,,,
144,06/17/2025 04:45:00,-0.95,,,,,
145,06/17/2025 04:50:00,-0.65,,,,,
146,06/17/2025 04:55:00,-0.00,,,,,
147,06/17/2025 05:00:00,0.73,,,,,
148,06/17/2025 05:05:00,0.77,,,,,
149,06/17/2025 05:10:00,0.64,,,,,
150,06/17/2025 05:15:00,1.11,,,,,
151,06/17/2025 05:20:00,0.60,,,,,
152,06/17/2025 05:25:00,1.16,,,,,
153,06/17/2025 05:30:00,1.24,,,,,
154,06/17/2025 05:35:00,1.80,,,,,
155,06/17/2025 05:40:00,2.31,,,,,
156,06/17/2025 05:45:00,2.06,,,,,
157,06/17/2025 05:50:00,2.23,,,,,
158,06/17/2025 05:55:00,2.23,,,,,
159,06/17/2025 06:00:00,2.06,,,,,
160,06/17/2025 06:05:00,2.49,,,,,
161,06/17/2025 06:10:00,2.53,,,,,
162,06/17/2025 06:15:00,2.74,,,,,
163,06/17/2025 06:20:00,2.61,,,,,
164,06/17/2025 06:25:00,3.94,,,,,
165,06/17/2025 06:30:00,3.39,,,,,
166,06/17/2025 06:35:00,3.00,,,,,
167,06/17/2025 06:40:00,3.52,,,,,
168,06/17/2025 06:45:00,3.17,,,,,
169,06/17/2025 06:50:00,3.17,,,,,
170,06/17/2025 06:55:00,3.34,,,,,
171,06/17/2025 07:00:00,3.39,,,,,
172,06/17/2025 07:05:00,3.60,,,,,
173,06/17/2025 07:10:00,3.90,,,,,
174,06/17/2025 07:15:00,4.12,,,,,
175,06/17/2025 07:20:00,4.42,,,,,
176,06/17/2025 07:25:00,4.50,,,,,
177,06/17/2025 07:30:00,4.37,,,,,
178,06/17/2025 07:35:00,4.12,,,,,
179,06/17/2025 07:40:00,4.16,,,,,
180,06/17/2025 07:45:00,4.12,,,,,
181,06/17/2025 07:50:00,3.69,,,,,
182,06/17/2025 07:55:00,3.90,,,,,
183,06/17/2025 08:00:00,4.12,,,,,
184,06/17/2025 08:05:00,4.50,,,,,
185,06/17/2025 08:10:00,4.24,,,,,
186,06/17/2025 08:15:00,3.73,,,,,
187,06/17/2025 08:20:00,3.17,,,,,
188,06/17/2025 08:25:00,3.04,,,,,
189,06/17/2025 08:30:00,3.17,,,,,
190,06/17/2025 08:35:00,3.00,,,,,
191,06/17/2025 08:40:00,3.26,,,,,
192,06/17/2025 08:45:00,3.52,,,,,
193,06/17/2025 08:50:00,3.86,,,,,
194,06/17/2025 08:55:00,3.69,,,,,
195,06/17/2025 09:00:00,3.64,,,,,
196,06/17/2025 09:05:00,3.64,,,,,
197,06/17/2025 09:10:00,3.77,,,,,
198,06/17/2025 09:15:00,4.37,,,,,
199,06/17/2025 09:20:00,4.07,,,,,
200,06/17/2025 09:25:00,3.86,,,,,
201,06/17/2025 09:30:00,3.90,,,,,
202,06/17/2025 09:35:00,3.94,,,,,
203,06/17/2025 09:40:00,3.73,,,,,
204,06/17/2025 09:45:00,3.47,,,,,
205,06/17/2025 09:50:00,3.43,,,,,
206,06/17/2025 09:55:00,3.47,,,,,
207,06/17/2025 10:00:00,3.60,,,,,
208,06/17/2025 10:05:00,3.94,,,,,
209,06/17/2025 10:10:00,4.67,,,,,
210,06/17/2025 10:15:00,5.19,,,,,
211,06/17/2025 10:20:00,5.45,,,,,
212,06/17/2025 10:25:00,5.75,,,,,
213,06/17/2025 10:30:00,6.09,,,,,
214,06/17/2025 10:35:00,6.26,,,,,
215,06/17/2025 10:40:00,6.26,,,,,
216,06/17/2025 10:45:00,6.22,,,,,
217,06/17/2025 10:50:00,6.39,,,,,
218,06/17/2025 10:55:00,6.65,,,,,
219,06/17/2025 11:00:00,6.78,,,,,
220,06/17/2025 11:05:00,7.33,,,,,
221,06/17/2025 11:10:00,7.16,,,,,
222,06/17/2025 11:15:00,7.42,,,,,
223,06/17/2025 11:20:00,7.72,,,,,
224,06/17/2025 11:25:00,8.15,,,,,
225,06/17/2025 11:30:00,7.93,,,,,
226,06/17/2025 11:35:00,7.89,,,,,
227,06/17/2025 11:40:00,8.19,,,,,
228,06/17/2025 11:45:00,7.93,,,,,
229,06/17/2025 11:50:00,8.02,,,,,
230,06/17/2025 11:55:00,8.11,,,,,
231,06/17/2025 12:00:00,8.15,,,,,
232,06/17/2025 12:05:00,8.23,,,,,
233,06/17/2025 12:10:00,8.32,,,,,
234,06/17/2025 12:15:00,8.19,,,,,
235,06/17/2025 12:20:00,8.19,,,,,
236,06/17/2025 12:25:00,8.28,,,,,
237,06/17/2025 12:30:00,8.28,,,,,
238,06/17/2025 12:35:00,8.49,,,,,
239,06/17/2025 12:40:00,8.45,,,,,
240,06/17/2025 12:45:00,8.53,,,,,
241,06/17/2025 12:50:00,8.36,,,,,
242,06/17/2025 12:55:00,8.58,,,,,
243,06/17/2025 13:00:00,9.01,,,,,
244,06/17/2025 13:05:00,9.09,,,,,
245,06/17/2025 13:10:00,9.14,,,,,
246,06/17/2025 13:15:00,9.56,,,,,
247,06/17/2025 13:20:00,9.91,,,,,
248,06/17/2025 13:25:00,10.29,,,,,
249,06/17/2025 13:30:00,9.91,,,,,
250,06/17/2025 13:35:00,9.48,,,,,
251,06/17/2025 13:40:00,9.26,,,,,
252,06/17/2025 13:45:00,9.31,,,,,
253,06/17/2025 13:50:00,9.39,,,,,
254,06/17/2025 13:55:00,9.39,,,,,
255,06/17/2025 14:00:00,9.35,,,,,
256,06/17/2025 14:05:00,9.56,,,,,
257,06/17/2025 14:10:00,9.86,,,,,
258,06/17/2025 14:15:00,9.86,,,,,
259,06/17/2025 14:20:00,9.78,,,,,
260,06/17/2025 14:25:00,10.08,,,,,
261,06/17/2025 14:30:00,10.08,,,,,
262,06/17/2025 14:35:00,9.65,,,,,
263,06/17/2025 14:40:00,9.95,,,,,
264,06/17/2025 14:45:00,9.22,,,,,
265,06/17/2025 14:50:00,9.74,,,,,
266,06/17/2025 14:55:00,10.29,,,,,
267,06/17/2025 15:00:00,10.55,,,,,
268,06/17/2025 15:05:00,10.85,,,,,
269,06/17/2025 15:10:00,10.89,,,,,
270,06/17/2025 15:15:00,10.94,,,,,
271,06/17/2025 15:20:00,10.98,,,,,
272,06/17/2025 15:25:00,11.37,,,,,
273,06/17/2025 15:30:00,11.41,,,,,
274,06/17/2025 15:35:00,11.62,,,,,
275,06/17/2025 15:40:00,11.79,,,,,
276,06/17/2025 15:45:00,10.94,,,,,
277,06/17/2025 15:50:00,9.86,,,,,
278,06/17/2025 15:55:00,9.65,,,,,
279,06/17/2025 16:00:00,9.14,,,,,
280,06/17/2025 16:05:00,9.18,,,,,
281,06/17/2025 16:10:00,8.28,,,,,
282,06/17/2025 16:15:00,7.98,,,,,
283,06/17/2025 16:20:00,7.81,,,,,
284,06/17/2025 16:25:00,7.46,,,,,
285,06/17/2025 16:30:00,7.25,,,,,
286,06/17/2025 16:35:00,7.42,,,,,
287,06/17/2025 16:40:00,7.25,,,,,
288,06/17/2025 16:45:00,6.99,,,,,
289,06/17/2025 16:50:00,7.46,,,,,
290,06/17/2025 16:55:00,6.90,,,,,
291,06/17/2025 17:00:00,6.30,,,,,
292,06/17/2025 17:05:00,6.30,,,,,
293,06/17/2025 17:10:00,6.78,,,,,
294,06/17/2025 17:15:00,8.15,,,,,
295,06/17/2025 17:20:00,7.76,,,,,
296,06/17/2025 17:25:00,8.45,,,,,
297,06/17/2025 17:30:00,8.96,,,,,
298,06/17/2025 17:35:00,8.23,,,,,
299,06/17/2025 17:40:00,7.16,,,,,
300,06/17/2025 17:45:00,6.56,,,,,
301,06/17/2025 17:50:00,6.00,,,,,
302,06/17/2025 17:55:00,5.96,,,,,
303,06/17/2025 18:00:00,6.35,,,,,
304,06/17/2025 18:05:00,6.30,,,,,
305,06/17/2025 18:10:00,6.65,,,,,
306,06/17/2025 18:15:00,6.69,,,,,
307,06/17/2025 18:20:00,6.73,,,,,
308,06/17/2025 18:25:00,6.90,,,,,
309,06/17/2025 18:30:00,6.56,,,,,
310,06/17/2025 18:35:00,6.05,,,,,
311,06/17/2025 18:40:00,6.22,,,,,
312,06/17/2025 18:45:00,6.13,,,,,
313,06/17/2025 18:50:00,6.17,,,,,
314,06/17/2025 18:55:00,5.79,,,,,
315,06/17/2025 19:00:00,5.92,,,,,
316,06/17/2025 19:05:00,5.70,,,,,
317,06/17/2025 19:10:00,5.92,,,,,
318,06/17/2025 19:15:00,6.13,,,,,
319,06/17/2025 19:20:00,6.35,,,,,
320,06/17/2025 19:25:00,6.43,,,,,
321,06/17/2025 19:30:00,6.39,,,,,
322,06/17/2025 19:35:00,7.33,,,,,
323,06/17/2025 19:40:00,7.76,,,,,
324,06/17/2025 19:45:00,6.65,,,,,
325,06/17/2025 19:50:00,5.66,,,,,
326,06/17/2025 19:55:00,4.93,,,,,
327,06/17/2025 20:00:00,4.33,,,,,
328,06/17/2025 20:05:00,3.77,,,,,
329,06/17/2025 20:10:00,4.07,,,,,
330,06/17/2025 20:15:00,4.46,,,,,
331,06/17/2025 20:20:00,4.54,,,,,
332,06/17/2025 20:25:00,4.07,,,,,
333,06/17/2025 20:30:00,3.99,,,,,
334,06/17/2025 20:35:00,3.94,,,,,
335,06/17/2025 20:40:00,4.16,,,,,
336,06/17/2025 20:45:00,4.50,,,,,
337,06/17/2025 20:50:00,5.19,,,,,
338,06/17/2025 20:55:00,5.75,,,,,
339,06/17/2025 21:00:00,6.22,,,,,
340,06/17/2025 21:05:00,6.17,,,,,
341,06/17/2025 21:10:00,5.57,,,,,
342,06/17/2025 21:15:00,5.10,,,,,
343,06/17/2025 21:20:00,4.93,,,,,
344,06/17/2025 21:25:00,4.89,,,,,
345,06/17/2025 21:30:00,4.42,,,,,
346,06/17/2025 21:35:00,4.67,,,,,
347,06/17/2025 21:40:00,4.97,,,,,
348,06/17/2025 21:45:00,5.10,,,,,
349,06/17/2025 21:50:00,5.15,,,,,
350,06/17/2025 21:55:00,5.10,,,,,
351,06/17/2025 22:00:00,4.89,,,,,
352,06/17/2025 22:05:00,5.15,,,,,
353,06/17/2025 22:10:00,4.54,,,,,
354,06/17/2025 22:15:00,3.86,,,,,
355,06/17/2025 22:20:00,4.07,,,,,
356,06/17/2025 22:25:00,3.86,,,,,
357,06/17/2025 22:30:00,4.37,,,,,
358,06/17/2025 22:35:00,4.33,,,,,
359,06/17/2025 22:40:00,4.50,,,,,
360,06/17/2025 22:45:00,4.50,,,,,
361,06/17/2025 22:50:00,4.16,,,,,
362,06/17/2025 22:55:00,4.46,,,,,
363,06/17/2025 23:00:00,4.20,,,,,
364,06/17/2025 23:05:00,3.99,,,,,
365,06/17/2025 23:10:00,3.90,,,,,
366,06/17/2025 23:15:00,3.69,,,,,
367,06/17/2025 23:20:00,3.69,,,,,
368,06/17/2025 23:25:00,3.77,,,,,
369,06/17/2025 23:30:00,3.73,,,,,
370,06/17/2025 23:35:00,3.99,,,,,
371,06/17/2025 23:40:00,4.16,,,,,
372,06/17/2025 23:45:00,4.16,,,,,
373,06/17/2025 23:50:00,4.50,,,,,
374,06/17/2025 23:55:00,4.29,,,,,
375,06/18/2025 00:00:00,4.12,,,,,
376,06/18/2025 00:05:00,4.20,,,,,
377,06/18/2025 00:10:00,4.16,,,,,
378,06/18/2025 00:15:00,3.60,,,,,
379,06/18/2025 00:20:00,3.47,,,,,
380,06/18/2025 00:25:00,3.04,,,,,
381,06/18/2025 00:30:00,3.47,,,,,
382,06/18/2025 00:35:00,3.94,,,,,
383,06/18/2025 00:40:00,4.07,,,,,
384,06/18/2025 00:45:00,4.03,,,,,
385,06/18/2025 00:50:00,5.36,,,,,
386,06/18/2025 00:55:00,6.05,,,,,
387,06/18/2025 01:00:00,7.08,,,,,
388,06/18/2025 01:05:00,7.55,,,,,
389,06/18/2025 01:10:00,7.85,,,,,
390,06/18/2025 01:15:00,7.72,,,,,
391,06/18/2025 01:20:00,7.72,,,,,
392,06/18/2025 01:25:00,7.12,,,,,
393,06/18/2025 01:30:00,7.85,,,,,
394,06/18/2025 01:35:00,7.89,,,,,
395,06/18/2025 01:40:00,7.98,,,,,
396,06/18/2025 01:45:00,7.89,,,,,
397,06/18/2025 01:50:00,7.98,,,,,
398,06/18/2025 01:55:00,7.46,,,,,
399,06/18/2025 02:00:00,6.69,,,,,
400,06/18/2025 02:05:00,6.17,,,,,
401,06/18/2025 02:10:00,6.13,,,,,
402,06/18/2025 02:15:00,5.83,,,,,
403,06/18/2025 02:20:00,5.45,,,,,
404,06/18/2025 02:25:00,5.45,,,,,
405,06/18/2025 02:30:00,6.22,,,,,
406,06/18/2025 02:35:00,6.26,,,,,
407,06/18/2025 02:40:00,6.99,,,,,
408,06/18/2025 02:45:00,6.52,,,,,
409,06/18/2025 02:50:00,5.96,,,,,
410,06/18/2025 02:55:00,5.02,,,,,
411,06/18/2025 03:00:00,4.72,,,,,
412,06/18/2025 03:05:00,4.76,,,,,
413,06/18/2025 03:10:00,4.54,,,,,
414,06/18/2025 03:15:00,4.59,,,,,
415,06/18/2025 03:20:00,5.23,,,,,
416,06/18/2025 03:25:00,4.89,,,,,
417,06/18/2025 03:30:00,4.63,,,,,
418,06/18/2025 03:35:00,5.32,,,,,
419,06/18/2025 03:40:00,4.50,,,,,
420,06/18/2025 03:45:00,4.20,,,,,
421,06/18/2025 03:50:00,4.16,,,,,
422,06/18/2025 03:55:00,5.06,,,,,
423,06/18/2025 04:00:00,5.02,,,,,
424,06/18/2025 04:05:00,5.45,,,,,
425,06/18/2025 04:10:00,5.62,,,,,
426,06/18/2025 04:15:00,4.72,,,,,
427,06/18/2025 04:20:00,5.23,,,,,
428,06/18/2025 04:25:00,5.66,,,,,
429,06/18/2025 04:30:00,5.53,,,,,
430,06/18/2025 04:35:00,5.49,,,,,
431,06/18/2025 04:40:00,5.36,,,,,
432,06/18/2025 04:45:00,5.23,,,,,
433,06/18/2025 04:50:00,6.22,,,,,
434,06/18/2025 04:55:00,6.56,,,,,
435,06/18/2025 05:00:00,6.30,,,,,
436,06/18/2025 05:05:00,6.09,,,,,
437,06/18/2025 05:10:00,6.00,,,,,
438,06/18/2025 05:15:00,5.66,,,,,
439,06/18/2025 05:20:00,5.36,,,,,
440,06/18/2025 05:25:00,5.75,,,,,
441,06/18/2025 05:30:00,5.87,,,,,
442,06/18/2025 05:35:00,6.39,,,,,
443,06/18/2025 05:40:00,6.30,,,,,
444,06/18/2025 05:45:00,6.22,,,,,
445,06/18/2025 05:50:00,6.09,,,,,
446,06/18/2025 05:55:00,5.36,,,,,
447,06/18/2025 06:00:00,5.40,,,,,
448,06/18/2025 06:05:00,6.17,,,,,
449,06/18/2025 06:10:00,6.60,,,,,
450,06/18/2025 06:15:00,6.39,,,,,
451,06/18/2025 06:20:00,6.09,,,,,
452,06/18/2025 06:25:00,5.62,,,,,
453,06/18/2025 06:30:00,5.53,,,,,
454,06/18/2025 06:35:00,5.83,,,,,
455,06/18/2025 06:40:00,5.96,,,,,
456,06/18/2025 06:45:00,6.35,,,,,
457,06/18/2025 06:50:00,6.00,,,,,
458,06/18/2025 06:55:00,5.57,,,,,
459,06/18/2025 07:00:00,5.36,,,,,
460,06/18/2025 07:05:00,5.27,,,,,
461,06/18/2025 07:10:00,5.49,,,,,
462,06/18/2025 07:15:00,5.87,,,,,
463,06/18/2025 07:20:00,5.66,,,,,
464,06/18/2025 07:25:00,5.62,,,,,
465,06/18/2025 07:30:00,5.79,,,,,
466,06/18/2025 07:35:00,5.57,,,,,
467,06/18/2025 07:40:00,5.36,,,,,
468,06/18/2025 07:45:00,5.23,,,,,
469,06/18/2025 07:50:00,5.10,,,,,
470,06/18/2025 07:55:00,5.02,,,,,
471,06/18/2025 08:00:00,5.27,,,,,
472,06/18/2025 08:05:00,5.49,,,,,
473,06/18/2025 08:10:00,5.79,,,,,
474,06/18/2025 08:15:00,5.96,,,,,
475,06/18/2025 08:20:00,6.17,,,,,
476,06/18/2025 08:25:00,6.26,,,,,
477,06/18/2025 08:30:00,6.52,,,,,
478,06/18/2025 08:35:00,6.73,,,,,
479,06/18/2025 08:40:00,6.82,,,,,
480,06/18/2025 08:45:00,6.69,,,,,
481,06/18/2025 08:50:00,6.52,,,,,
482,06/18/2025 08:55:00,6.69,,,,,
483,06/18/2025 09:00:00,6.35,,,,,
484,06/18/2025 09:05:00,6.09,,,,,
485,06/18/2025 09:10:00,5.75,,,,,
486,06/18/2025 09:15:00,5.49,,,,,
487,06/18/2025 09:20:00,5.23,,,,,
488,06/18/2025 09:25:00,5.23,,,,,
489,06/18/2025 09:30:00,5.10,,,,,
490,06/18/2025 09:35:00,5.27,,,,,
491,06/18/2025 09:40:00,5.53,,,,,
492,06/18/2025 09:45:00,5.83,,,,,
493,06/18/2025 09:50:00,6.22,,,,,
494,06/18/2025 09:55:00,6.13,,,,,
495,06/18/2025 10:00:00,5.96,,,,,
496,06/18/2025 10:05:00,5.83,,,,,
497,06/18/2025 10:10:00,5.79,,,,,
498,06/18/2025 10:15:00,5.79,,,,,
499,06/18/2025 10:20:00,5.66,,,,,
500,06/18/2025 10:25:00,5.79,,,,,
501,06/18/2025 10:30:00,5.32,,,,,
502,06/18/2025 10:35:00,5.36,,,,,
503,06/18/2025 10:40:00,5.36,,,,,
504,06/18/2025 10:45:00,5.70,,,,,
505,06/18/2025 10:50:00,5.96,,,,,
506,06/18/2025 10:55:00,6.26,,,,,
507,06/18/2025 11:00:00,6.60,,,,,
508,06/18/2025 11:05:00,7.29,,,,,
509,06/18/2025 11:10:00,6.95,,,,,
510,06/18/2025 11:15:00,7.16,,,,,
511,06/18/2025 11:20:00,6.90,,,,,
512,06/18/2025 11:25:00,6.99,,,,,
513,06/18/2025 11:30:00,7.25,,,,,
514,06/18/2025 11:35:00,7.93,,,,,
515,06/18/2025 11:40:00,7.76,,,,,
516,06/18/2025 11:45:00,8.11,,,,,
517,06/18/2025 11:50:00,8.75,,,,,
518,06/18/2025 11:55:00,7.93,,,,,
519,06/18/2025 12:00:00,7.89,,,,,
520,06/18/2025 12:05:00,7.50,,,,,
521,06/18/2025 12:10:00,7.85,,,,,
522,06/18/2025 12:15:00,8.19,,,,,
523,06/18/2025 12:20:00,9.26,,,,,
524,06/18/2025 12:25:00,9.56,,,,,
525,06/18/2025 12:30:00,9.44,,,,,
526,06/18/2025 12:35:00,9.31,,,,,
527,06/18/2025 12:40:00,9.44,,,,,
528,06/18/2025 12:45:00,10.12,,,,,
529,06/18/2025 12:50:00,9.22,,,,,
530,06/18/2025 12:55:00,8.75,,,,,
531,06/18/2025 13:00:00,7.98,,,,,
532,06/18/2025 13:05:00,7.55,,,,,
533,06/18/2025 13:10:00,7.55,,,,,
534,06/18/2025 13:15:00,8.32,,,,,
535,06/18/2025 13:20:00,9.56,,,,,
536,06/18/2025 13:25:00,10.04,,,,,
537,06/18/2025 13:30:00,10.59,,,,,
538,06/18/2025 13:35:00,9.48,,,,,
539,06/18/2025 13:40:00,9.01,,,,,
540,06/18/2025 13:45:00,7.89,,,,,
541,06/18/2025 13:50:00,7.89,,,,,
542,06/18/2025 13:55:00,6.86,,,,,
543,06/18/2025 14:00:00,6.48,,,,,
544,06/18/2025 14:05:00,5.79,,,,,
545,06/18/2025 14:10:00,5.66,,,,,
546,06/18/2025 14:15:00,5.36,,,,,
547,06/18/2025 14:20:00,5.32,,,,,
548,06/18/2025 14:25:00,5.10,,,,,
549,06/18/2025 14:30:00,4.76,,,,,
550,06/18/2025 14:35:00,5.06,,,,,
551,06/18/2025 14:40:00,5.32,,,,,
552,06/18/2025 14:45:00,5.15,,,,,
553,06/18/2025 14:50:00,5.53,,,,,
554,06/18/2025 14:55:00,5.87,,,,,
555,06/18/2025 15:00:00,5.66,,,,,
556,06/18/2025 15:05:00,6.00,,,,,
557,06/18/2025 15:10:00,6.26,,,,,
558,06/18/2025 15:15:00,6.26,,,,,
559,06/18/2025 15:20:00,5.92,,,,,
560,06/18/2025 15:25:00,5.45,,,,,
561,06/18/2025 15:30:00,4.67,,,,,
562,06/18/2025 15:35:00,4.59,,,,,
563,06/18/2025 15:40:00,4.29,,,,,
564,06/18/2025 15:45:00,4.37,,,,,
565,06/18/2025 15:50:00,4.33,,,,,
566,06/18/2025 15:55:00,3.94,,,,,
567,06/18/2025 16:00:00,3.86,,,,,
568,06/18/2025 16:05:00,4.42,,,,,
569,06/18/2025 16:10:00,4.46,,,,,
570,06/18/2025 16:15:00,4.33,,,,,
571,06/18/2025 16:20:00,4.42,,,,,
572,06/18/2025 16:25:00,4.80,,,,,
573,06/18/2025 16:30:00,4.76,,,,,
574,06/18/2025 16:35:00,4.50,,,,,
575,06/18/2025 16:40:00,3.77,,,,,
576,06/18/2025 16:45:00,4.03,,,,,
577,06/18/2025 16:50:00,4.67,,,,,
578,06/18/2025 16:55:00,4.89,,,,,
579,06/18/2025 17:00:00,5.02,,,,,
580,06/18/2025 17:05:00,4.72,,,,,
581,06/18/2025 17:10:00,4.54,,,,,
582,06/18/2025 17:15:00,4.72,,,,,
583,06/18/2025 17:20:00,4.59,,,,,
584,06/18/2025 17:25:00,4.93,,,,,
585,06/18/2025 17:30:00,5.15,,,,,
586,06/18/2025 17:35:00,4.50,,,,,
587,06/18/2025 17:40:00,4.50,,,,,
588,06/18/2025 17:45:00,4.72,,,,,
589,06/18/2025 17:50:00,4.54,,,,,
590,06/18/2025 17:55:00,4.33,,,,,
591,06/18/2025 18:00:00,4.20,,,,,
592,06/18/2025 18:05:00,3.86,,,,,
593,06/18/2025 18:10:00,3.60,,,,,
594,06/18/2025 18:15:00,3.47,,,,,
595,06/18/2025 18:20:00,3.26,,,,,
596,06/18/2025 18:25:00,3.47,,,,,
597,06/18/2025 18:30:00,3.73,,,,,
598,06/18/2025 18:35:00,3.77,,,,,
599,06/18/2025 18:40:00,3.47,,,,,
600,06/18/2025 18:45:00,3.34,,,,,
601,06/18/2025 18:50:00,3.34,,,,,
602,06/18/2025 18:55:00,3.26,,,,,
603,06/18/2025 19:00:00,3.47,,,,,
604,06/18/2025 19:05:00,3.39,,,,,
605,06/18/2025 19:10:00,3.34,,,,,
606,06/18/2025 19:15:00,3.60,,,,,
607,06/18/2025 19:20:00,3.39,,,,,
608,06/18/2025 19:25:00,3.34,,,,,
609,06/18/2025 19:30:00,3.13,,,,,
610,06/18/2025 19:35:00,3.04,,,,,
611,06/18/2025 19:40:00,3.21,,,,,
612,06/18/2025 19:45:00,3.77,,,,,
613,06/18/2025 19:50:00,3.94,,,,,
614,06/18/2025 19:55:00,4.37,,,,,
615,06/18/2025 20:00:00,4.54,,,,,
616,06/18/2025 20:05:00,4.33,,,,,
617,06/18/2025 20:10:00,4.63,,,,,
618,06/18/2025 20:15:00,5.10,,,,,
619,06/18/2025 20:20:00,4.67,,,,,
620,06/18/2025 20:25:00,4.46,,,,,
621,06/18/2025 20:30:00,4.46,,,,,
622,06/18/2025 20:35:00,3.56,,,,,
623,06/18/2025 20:40:00,4.46,,,,,
624,06/18/2025 20:45:00,3.64,,,,,
625,06/18/2025 20:50:00,3.30,,,,,
626,06/18/2025 20:55:00,3.13,,,,,
627,06/18/2025 21:00:00,3.39,,,,,
628,06/18/2025 21:05:00,3.69,,,,,
629,06/18/2025 21:10:00,3.56,,,,,
630,06/18/2025 21:15:00,3.82,,,,,
631,06/18/2025 21:20:00,3.47,,,,,
632,06/18/2025 21:25:00,3.26,,,,,
633,06/18/2025 21:30:00,3.00,,,,,
634,06/18/2025 21:35:00,2.83,,,,,
635,06/18/2025 21:40:00,2.79,,,,,
636,06/18/2025 21:45:00,2.87,,,,,
637,06/18/2025 21:50:00,2.53,,,,,
638,06/18/2025 21:55:00,2.40,,,,,
639,06/18/2025 22:00:00,2.23,,,,,
640,06/18/2025 22:05:00,2.14,,,,,
641,06/18/2025 22:10:00,2.74,,,,,
642,06/18/2025 22:15:00,2.96,,,,,
643,06/18/2025 22:20:00,3.17,,,,,
644,06/18/2025 22:25:00,3.69,,,,,
645,06/18/2025 22:30:00,3.86,,,,,
646,06/18/2025 22:35:00,3.64,,,,,
647,06/18/2025 22:40:00,3.82,,,,,
648,06/18/2025 22:45:00,3.60,,,,,
649,06/18/2025 22:50:00,3.34,,,,,
650,06/18/2025 22:55:00,3.47,,,,,
651,06/18/2025 23:00:00,3.82,,,,,
652,06/18/2025 23:05:00,4.20,,,,,
653,06/18/2025 23:10:00,4.24,,,,,
654,06/18/2025 23:15:00,3.94,,,,,
655,06/18/2025 23:20:00,4.03,,,,,
656,06/18/2025 23:25:00,3.77,,,,,
657,06/18/2025 23:30:00,3.60,,,,,
658,06/18/2025 23:35:00,3.26,,,,,
659,06/18/2025 23:40:00,3.26,,,,,
660,06/18/2025 23:45:00,3.64,,,,,
661,06/18/2025 23:50:00,3.52,,,,,
662,06/18/2025 23:55:00,3.52,,,,,
663,06/19/2025 00:00:00,3.52,,,,,
664,06/19/2025 00:05:00,3.30,,,,,
665,06/19/2025 00:10:00,3.21,,,,,
666,06/19/2025 00:15:00,3.09,,,,,
667,06/19/2025 00:20:00,3.04,,,,,
668,06/19/2025 00:25:00,3.17,,,,,
669,06/19/2025 00:30:00,3.39,,,,,
670,06/19/2025 00:35:00,3.30,,,,,
671,06/19/2025 00:40:00,3.47,,,,,
672,06/19/2025 00:45:00,3.64,,,,,
673,06/19/2025 00:50:00,4.16,,,,,
674,06/19/2025 00:55:00,4.63,,,,,
675,06/19/2025 01:00:00,4.80,,,,,
676,06/19/2025 01:05:00,4.76,,,,,
677,06/19/2025 01:10:00,4.46,,,,,
678,06/19/2025 01:15:00,3.99,,,,,
679,06/19/2025 01:20:00,3.86,,,,,
680,06/19/2025 01:25:00,3.69,,,,,
681,06/19/2025 01:30:00,3.56,,,,,
682,06/19/2025 01:35:00,3.56,,,,,
683,06/19/2025 01:40:00,3.77,,,,,
684,06/19/2025 01:45:00,4.20,,,,,
685,06/19/2025 01:50:00,4.72,,,,,
686,06/19/2025 01:55:00,4.97,,,,,
687,06/19/2025 02:00:00,5.15,,,,,
688,06/19/2025 02:05:00,5.36,,,,,
689,06/19/2025 02:10:00,4.50,,,,,
690,06/19/2025 02:15:00,3.86,,,,,
691,06/19/2025 02:20:00,3.94,,,,,
692,06/19/2025 02:25:00,4.03,,,,,
693,06/19/2025 02:30:00,3.99,,,,,
694,06/19/2025 02:35:00,4.37,,,,,
695,06/19/2025 02:40:00,4.07,,,,,
696,06/19/2025 02:45:00,3.43,,,,,
697,06/19/2025 02:50:00,3.52,,,,,
698,06/19/2025 02:55:00,3.77,,,,,
699,06/19/2025 03:00:00,4.07,,,,,
700,06/19/2025 03:05:00,4.42,,,,,
701,06/19/2025 03:10:00,4.33,,,,,
702,06/19/2025 03:15:00,4.63,,,,,
703,06/19/2025 03:20:00,4.76,,,,,
704,06/19/2025 03:25:00,4.76,,,,,
705,06/19/2025 03:30:00,4.24,,,,,
706,06/19/2025 03:35:00,3.99,,,,,
707,06/19/2025 03:40:00,4.16,,,,,
708,06/19/2025 03:45:00,4.03,,,,,
709,06/19/2025 03:50:00,3.90,,,,,
710,06/19/2025 03:55:00,3.30,,,,,
711,06/19/2025 04:00:00,3.69,,,,,
712,06/19/2025 04:05:00,3.94,,,,,
713,06/19/2025 04:10:00,3.99,,,,,
714,06/19/2025 04:15:00,3.99,,,,,
715,06/19/2025 04:20:00,4.03,,,,,
716,06/19/2025 04:25:00,3.86,,,,,
717,06/19/2025 04:30:00,4.50,,,,,
718,06/19/2025 04:35:00,4.80,,,,,
719,06/19/2025 04:40:00,4.76,,,,,
720,06/19/2025 04:45:00,4.84,,,,,
721,06/19/2025 04:50:00,4.50,,,,,
722,06/19/2025 04:55:00,4.24,,,,,
723,06/19/2025 05:00:00,4.03,,,,,
724,06/19/2025 05:05:00,4.07,,,,,
725,06/19/2025 05:10:00,4.50,,,,,
726,06/19/2025 05:15:00,4.72,,,,,
727,06/19/2025 05:20:00,4.67,,,,,
728,06/19/2025 05:25:00,4.33,,,,,
729,06/19/2025 05:30:00,4.29,,,,,
730,06/19/2025 05:35:00,4.29,,,,,
731,06/19/2025 05:40:00,4.29,,,,,
732,06/19/2025 05:45:00,5.15,,,,,
733,06/19/2025 05:50:00,4.54,,,,,
734,06/19/2025 05:55:00,4.07,,,,,
735,06/19/2025 06:00:00,4.07,,,,,
736,06/19/2025 06:05:00,4.07,,,,,
737,06/19/2025 06:10:00,4.07,,,,,
738,06/19/2025 06:15:00,4.07,,,,,
739,06/19/2025 06:20:00,4.03,,,,,
740,06/19/2025 06:25:00,4.50,,,,,
741,06/19/2025 06:30:00,4.46,,,,,
742,06/19/2025 06:35:00,4.24,,,,,
743,06/19/2025 06:40:00,4.24,,,,,
744,06/19/2025 06:45:00,4.50,,,,,
745,06/19/2025 06:50:00,4.89,,,,,
746,06/19/2025 06:55:00,5.10,,,,,
747,06/19/2025 07:00:00,5.02,,,,,
748,06/19/2025 07:05:00,5.23,,,,,
749,06/19/2025 07:10:00,5.70,,,,,
750,06/19/2025 07:15:00,6.17,,,,,
751,06/19/2025 07:20:00,6.09,,,,,
752,06/19/2025 07:25:00,6.22,,,,,
753,06/19/2025 07:30:00,6.56,,,,,
754,06/19/2025 07:35:00,6.52,,,,,
755,06/19/2025 07:40:00,6.52,,,,,
756,06/19/2025 07:45:00,6.60,,,,,
757,06/19/2025 07:50:00,6.73,,,,,
758,06/19/2025 07:55:00,6.69,,,,,
759,06/19/2025 08:00:00,6.82,,,,,
760,06/19/2025 08:05:00,7.03,,,,,
761,06/19/2025 08:10:00,7.20,,,,,
762,06/19/2025 08:15:00,7.16,,,,,
763,06/19/2025 08:20:00,7.16,,,,,
764,06/19/2025 08:25:00,7.08,,,,,
765,06/19/2025 08:30:00,7.38,,,,,
766,06/19/2025 08:35:00,7.63,,,,,
767,06/19/2025 08:40:00,7.42,,,,,
768,06/19/2025 08:45:00,7.50,,,,,
769,06/19/2025 08:50:00,7.25,,,,,
770,06/19/2025 08:55:00,7.89,,,,,
771,06/19/2025 09:00:00,8.66,,,,,
772,06/19/2025 09:05:00,9.09,,,,,
773,06/19/2025 09:10:00,8.15,,,,,
774,06/19/2025 09:15:00,7.93,,,,,
775,06/19/2025 09:20:00,8.75,,,,,
776,06/19/2025 09:25:00,8.28,,,,,
777,06/19/2025 09:30:00,7.89,,,,,
778,06/19/2025 09:35:00,7.76,,,,,
779,06/19/2025 09:40:00,8.06,,,,,
780,06/19/2025 09:45:00,8.71,,,,,
781,06/19/2025 09:50:00,8.06,,,,,
782,06/19/2025 09:55:00,7.89,,,,,
783,06/19/2025 10:00:00,7.76,,,,,
784,06/19/2025 10:05:00,7.93,,,,,
785,06/19/2025 10:10:00,7.89,,,,,
786,06/19/2025 10:15:00,7.89,,,,,
787,06/19/2025 10:20:00,7.98,,,,,
788,06/19/2025 10:25:00,8.02,,,,,
789,06/19/2025 10:30:00,8.41,,,,,
790,06/19/2025 10:35:00,8.53,,,,,
791,06/19/2025 10:40:00,8.79,,,,,
792,06/19/2025 10:45:00,8.79,,,,,
793,06/19/2025 10:50:00,9.01,,,,,
794,06/19/2025 10:55:00,8.62,,,,,
795,06/19/2025 11:00:00,7.63,,,,,
796,06/19/2025 11:05:00,7.38,,,,,
797,06/19/2025 11:10:00,7.29,,,,,
798,06/19/2025 11:15:00,7.16,,,,,
799,06/19/2025 11:20:00,7.85,,,,,
800,06/19/2025 11:25:00,9.65,,,,,
801,06/19/2025 11:30:00,10.72,,,,,
802,06/19/2025 11:35:00,10.34,,,,,
803,06/19/2025 11:40:00,9.74,,,,,
804,06/19/2025 11:45:00,9.35,,,,,
805,06/19/2025 11:50:00,9.26,,,,,
806,06/19/2025 11:55:00,9.35,,,,,
807,06/19/2025 12:00:00,9.99,,,,,
808,06/19/2025 12:05:00,9.78,,,,,
809,06/19/2025 12:10:00,9.39,,,,,
810,06/19/2025 12:15:00,9.18,,,,,
811,06/19/2025 12:20:00,9.09,,,,,
812,06/19/2025 12:25:00,8.96,,,,,
813,06/19/2025 12:30:00,8.62,,,,,
814,06/19/2025 12:35:00,8.79,,,,,
815,06/19/2025 12:40:00,8.88,,,,,
816,06/19/2025 12:45:00,8.96,,,,,
817,06/19/2025 12:50:00,9.09,,,,,
818,06/19/2025 12:55:00,9.52,,,,,
819,06/19/2025 13:00:00,9.69,,,,,
820,06/19/2025 13:05:00,9.52,,,,,
821,06/19/2025 13:10:00,10.51,,,,,
822,06/19/2025 13:15:00,10.51,,,,,
823,06/19/2025 13:20:00,10.08,,,,,
824,06/19/2025 13:25:00,10.64,,,,,
825,06/19/2025 13:30:00,10.89,,,,,
826,06/19/2025 13:35:00,10.21,,,,,
827,06/19/2025 13:40:00,10.25,,,,,
828,06/19/2025 13:45:00,10.34,,,,,
829,06/19/2025 13:50:00,10.51,,,,,
830,06/19/2025 13:55:00,10.94,,,,,
831,06/19/2025 14:00:00,10.29,,,,,
832,06/19/2025 14:05:00,10.25,,,,,
833,06/19/2025 14:10:00,10.04,,,,,
834,06/19/2025 14:15:00,10.25,,,,,
835,06/19/2025 14:20:00,10.51,,,,,
836,06/19/2025 14:25:00,9.56,,,,,
837,06/19/2025 14:30:00,8.58,,,,,
838,06/19/2025 14:35:00,8.96,,,,,
839,06/19/2025 14:40:00,8.62,,,,,
840,06/19/2025 14:45:00,8.32,,,,,
841,06/19/2025 14:50:00,7.98,,,,,
842,06/19/2025 14:55:00,8.06,,,,,
843,06/19/2025 15:00:00,8.06,,,,,
844,06/19/2025 15:05:00,7.93,,,,,
845,06/19/2025 15:10:00,8.11,,,,,
846,06/19/2025 15:15:00,8.41,,,,,
847,06/19/2025 15:20:00,8.49,,,,,
848,06/19/2025 15:25:00,8.53,,,,,
849,06/19/2025 15:30:00,8.79,,,,,
850,06/19/2025 15:35:00,8.79,,,,,
851,06/19/2025 15:40:00,8.66,,,,,
852,06/19/2025 15:45:00,8.49,,,,,
853,06/19/2025 15:50:00,7.68,,,,,
854,06/19/2025 15:55:00,7.42,,,,,
855,06/19/2025 16:00:00,8.06,,,,,
856,06/19/2025 16:05:00,8.49,,,,,
857,06/19/2025 16:10:00,7.55,,,,,
858,06/19/2025 16:15:00,8.79,,,,,
859,06/19/2025 16:20:00,8.49,,,,,
860,06/19/2025 16:25:00,7.76,,,,,
861,06/19/2025 16:30:00,7.68,,,,,
862,06/19/2025 16:35:00,7.42,,,,,
863,06/19/2025 16:40:00,7.59,,,,,
864,06/19/2025 16:45:00,7.63,,,,,
865,06/19/2025 16:50:00,7.50,,,,,
866,06/19/2025 16:55:00,7.50,,,,,
867,06/19/2025 17:00:00,7.63,,,,,
868,06/19/2025 17:05:00,7.42,,,,,
869,06/19/2025 17:10:00,6.86,,,,,
870,06/19/2025 17:15:00,5.83,,,,,
871,06/19/2025 17:20:00,6.39,,,,,
872,06/19/2025 17:25:00,6.82,,,,,
873,06/19/2025 17:30:00,7.16,,,,,
874,06/19/2025 17:35:00,7.29,,,,,
875,06/19/2025 17:40:00,7.16,,,,,
876,06/19/2025 17:45:00,7.25,,,,,
877,06/19/2025 17:50:00,7.16,,,,,
878,06/19/2025 17:55:00,6.86,,,,,
879,06/19/2025 18:00:00,7.16,,,,,
880,06/19/2025 18:05:00,7.03,,,,,
881,06/19/2025 18:10:00,6.86,,,,,
882,06/19/2025 18:15:00,5.79,,,,,
883,06/19/2025 18:20:00,5.79,,,,,
884,06/19/2025 18:25:00,5.75,,,,,
885,06/19/2025 18:30:00,6.13,,,,,
886,06/19/2025 18:35:00,6.60,,,,,
887,06/19/2025 18:40:00,7.08,,,,,
888,06/19/2025 18:45:00,7.38,,,,,
889,06/19/2025 18:50:00,7.85,,,,,
890,06/19/2025 18:55:00,8.23,,,,,
891,06/19/2025 19:00:00,7.76,,,,,
892,06/19/2025 19:05:00,7.76,,,,,
893,06/19/2025 19:10:00,7.42,,,,,
894,06/19/2025 19:15:00,6.73,,,,,
895,06/19/2025 19:20:00,6.48,,,,,
896,06/19/2025 19:25:00,6.39,,,,,
897,06/19/2025 19:30:00,6.65,,,,,
898,06/19/2025 19:35:00,6.56,,,,,
899,06/19/2025 19:40:00,4.46,,,,,
900,06/19/2025 19:45:00,3.21,,,,,
901,06/19/2025 19:50:00,2.83,,,,,
902,06/19/2025 19:55:00,2.87,,,,,
903,06/19/2025 20:00:00,3.17,,,,,
904,06/19/2025 20:05:00,3.47,,,,,
905,06/19/2025 20:10:00,3.30,,,,,
906,06/19/2025 20:15:00,2.83,,,,,
907,06/19/2025 20:20:00,2.53,,,,,
908,06/19/2025 20:25:00,2.01,,,,,
909,06/19/2025 20:30:00,1.84,,,,,
910,06/19/2025 20:35:00,2.10,,,,,
911,06/19/2025 20:40:00,2.57,,,,,
912,06/19/2025 20:45:00,2.49,,,,,
913,06/19/2025 20:50:00,2.70,,,,,
914,06/19/2025 20:55:00,2.66,,,,,
915,06/19/2025 21:00:00,2.83,,,,,
916,06/19/2025 21:05:00,2.70,,,,,
917,06/19/2025 21:10:00,2.27,,,,,
918,06/19/2025 21:15:00,1.84,,,,,
919,06/19/2025 21:20:00,1.67,,,,,
920,06/19/2025 21:25:00,1.46,,,,,
921,06/19/2025 21:30:00,1.41,,,,,
922,06/19/2025 21:35:00,1.54,,,,,
923,06/19/2025 21:40:00,1.54,,,,,
924,06/19/2025 21:45:00,1.63,,,,,
925,06/19/2025 21:50:00,1.58,,,,,
926,06/19/2025 21:55:00,1.67,,,,,
927,06/19/2025 22:00:00,1.71,,,,,
928,06/19/2025 22:05:00,2.06,,,,,
929,06/19/2025 22:10:00,2.19,,,,,
930,06/19/2025 22:15:00,2.57,,,,,
931,06/19/2025 22:20:00,2.74,,,,,
932,06/19/2025 22:25:00,3.13,,,,,
933,06/19/2025 22:30:00,3.13,,,,,
934,06/19/2025 22:35:00,3.09,,,,,
935,06/19/2025 22:40:00,2.83,,,,,
936,06/19/2025 22:45:00,3.00,,,,,
937,06/19/2025 22:50:00,3.52,,,,,
938,06/19/2025 22:55:00,3.34,,,,,
939,06/19/2025 23:00:00,3.21,,,,,
940,06/19/2025 23:05:00,3.17,,,,,
941,06/19/2025 23:10:00,3.52,,,,,
942,06/19/2025 23:15:00,3.43,,,,,
943,06/19/2025 23:20:00,3.13,,,,,
944,06/19/2025 23:25:00,3.43,,,,,
945,06/19/2025 23:30:00,3.56,,,,,
946,06/19/2025 23:35:00,3.69,,,,,
947,06/19/2025 23:40:00,3.77,,,,,
948,06/19/2025 23:45:00,3.64,,,,,
949,06/19/2025 23:50:00,3.56,,,,,
950,06/19/2025 23:55:00,3.73,,,,,
951,06/20/2025 00:00:00,3.34,,,,,
952,06/20/2025 00:05:00,3.26,,,,,
953,06/20/2025 00:10:00,2.87,,,,,
954,06/20/2025 00:15:00,2.36,,,,,
955,06/20/2025 00:20:00,2.31,,,,,
956,06/20/2025 00:25:00,2.27,,,,,
957,06/20/2025 00:30:00,2.27,,,,,
958,06/20/2025 00:35:00,2.36,,,,,
959,06/20/2025 00:40:00,2.53,,,,,
960,06/20/2025 00:45:00,2.53,,,,,
961,06/20/2025 00:50:00,2.44,,,,,
962,06/20/2025 00:55:00,2.66,,,,,
963,06/20/2025 01:00:00,2.70,,,,,
964,06/20/2025 01:05:00,2.44,,,,,
965,06/20/2025 01:10:00,2.27,,,,,
966,06/20/2025 01:15:00,2.66,,,,,
967,06/20/2025 01:20:00,2.66,,,,,
968,06/20/2025 01:25:00,2.66,,,,,
969,06/20/2025 01:30:00,2.53,,,,,
970,06/20/2025 01:35:00,2.31,,,,,
971,06/20/2025 01:40:00,2.53,,,,,
972,06/20/2025 01:45:00,2.70,,,,,
973,06/20/2025 01:50:00,2.74,,,,,
974,06/20/2025 01:55:00,2.74,,,,,
975,06/20/2025 02:00:00,2.53,,,,,
976,06/20/2025 02:05:00,2.44,,,,,
977,06/20/2025 02:10:00,2.49,,,,,
978,06/20/2025 02:15:00,2.61,,,,,
979,06/20/2025 02:20:00,2.74,,,,,
980,06/20/2025 02:25:00,3.00,,,,,
981,06/20/2025 02:30:00,3.09,,,,,
982,06/20/2025 02:35:00,3.13,,,,,
983,06/20/2025 02:40:00,3.26,,,,,
984,06/20/2025 02:45:00,3.60,,,,,
985,06/20/2025 02:50:00,3.64,,,,,
986,06/20/2025 02:55:00,3.86,,,,,
987,06/20/2025 03:00:00,3.86,,,,,
988,06/20/2025 03:05:00,4.16,,,,,
989,06/20/2025 03:10:00,4.37,,,,,
990,06/20/2025 03:15:00,4.33,,,,,
991,06/20/2025 03:20:00,4.33,,,,,
992,06/20/2025 03:25:00,4.29,,,,,
993,06/20/2025 03:30:00,3.99,,,,,
994,06/20/2025 03:35:00,4.54,,,,,
995,06/20/2025 03:40:00,4.42,,,,,
996,06/20/2025 03:45:00,3.99,,,,,
997,06/20/2025 03:50:00,4.24,,,,,
998,06/20/2025 03:55:00,5.19,,,,,
999,06/20/2025 04:00:00,6.13,,,,,
1000,06/20/2025 04:05:00,6.09,,,,,
1001,06/20/2025 04:10:00,6.17,,,,,
1002,06/20/2025 04:15:00,6.35,,,,,
1003,06/20/2025 04:20:00,7.12,,,,,
1004,06/20/2025 04:25:00,7.50,,,,,
1005,06/20/2025 04:30:00,6.39,,,,,
1006,06/20/2025 04:35:00,5.79,,,,,
1007,06/20/2025 04:40:00,5.27,,,,,
1008,06/20/2025 04:45:00,4.63,,,,,
1009,06/20/2025 04:50:00,3.69,,,,,
1010,06/20/2025 04:55:00,3.47,,,,,
1011,06/20/2025 05:00:00,3.56,,,,,
1012,06/20/2025 05:05:00,3.86,,,,,
1013,06/20/2025 05:10:00,3.64,,,,,
1014,06/20/2025 05:15:00,3.90,,,,,
1015,06/20/2025 05:20:00,4.24,,,,,
1016,06/20/2025 05:25:00,4.63,,,,,
1017,06/20/2025 05:30:00,4.80,,,,,
1018,06/20/2025 05:35:00,4.50,,,,,
1019,06/20/2025 05:40:00,4.07,,,,,
1020,06/20/2025 05:45:00,3.77,,,,,
1021,06/20/2025 05:50:00,3.86,,,,,
1022,06/20/2025 05:55:00,4.33,,,,,
1023,06/20/2025 06:00:00,5.32,,,,,
1024,06/20/2025 06:05:00,5.49,,,,,
1025,06/20/2025 06:10:00,5.57,,,,,
1026,06/20/2025 06:15:00,5.75,,,,,
1027,06/20/2025 06:20:00,5.66,,,,,
1028,06/20/2025 06:25:00,5.23,,,,,
1029,06/20/2025 06:30:00,5.02,,,,,
1030,06/20/2025 06:35:00,4.63,,,,,
1031,06/20/2025 06:40:00,4.72,,,,,
1032,06/20/2025 06:45:00,5.23,,,,,
1033,06/20/2025 06:50:00,5.66,,,,,
1034,06/20/2025 06:55:00,5.62,,,,,
1035,06/20/2025 07:00:00,5.57,,,,,
1036,06/20/2025 07:05:00,5.32,,,,,
1037,06/20/2025 07:10:00,5.19,,,,,
1038,06/20/2025 07:15:00,4.89,,,,,
1039,06/20/2025 07:20:00,4.72,,,,,
1040,06/20/2025 07:25:00,5.02,,,,,
1041,06/20/2025 07:30:00,5.10,,,,,
1042,06/20/2025 07:35:00,5.79,,,,,
1043,06/20/2025 07:40:00,5.83,,,,,
1044,06/20/2025 07:45:00,5.87,,,,,
1045,06/20/2025 07:50:00,5.62,,,,,
1046,06/20/2025 07:55:00,5.87,,,,,
1047,06/20/2025 08:00:00,6.35,,,,,
1048,06/20/2025 08:05:00,6.35,,,,,
1049,06/20/2025 08:10:00,6.35,,,,,
1050,06/20/2025 08:15:00,6.52,,,,,
1051,06/20/2025 08:20:00,6.26,,,,,
1052,06/20/2025 08:25:00,6.43,,,,,
1053,06/20/2025 08:30:00,6.43,,,,,
1054,06/20/2025 08:35:00,6.35,,,,,
1055,06/20/2025 08:40:00,6.52,,,,,
1056,06/20/2025 08:45:00,6.86,,,,,
1057,06/20/2025 08:50:00,7.08,,,,,
1058,06/20/2025 08:55:00,6.95,,,,,
1059,06/20/2025 09:00:00,7.16,,,,,
1060,06/20/2025 09:05:00,6.95,,,,,
1061,06/20/2025 09:10:00,7.25,,,,,
1062,06/20/2025 09:15:00,7.46,,,,,
1063,06/20/2025 09:20:00,7.33,,,,,
1064,06/20/2025 09:25:00,7.25,,,,,
1065,06/20/2025 09:30:00,6.65,,,,,
1066,06/20/2025 09:35:00,6.78,,,,,
1067,06/20/2025 09:40:00,6.56,,,,,
1068,06/20/2025 09:45:00,6.73,,,,,
1069,06/20/2025 09:50:00,7.16,,,,,
1070,06/20/2025 09:55:00,6.95,,,,,
1071,06/20/2025 10:00:00,6.17,,,,,
1072,06/20/2025 10:05:00,6.17,,,,,
1073,06/20/2025 10:10:00,6.60,,,,,
1074,06/20/2025 10:15:00,7.08,,,,,
1075,06/20/2025 10:20:00,7.08,,,,,
1076,06/20/2025 10:25:00,7.33,,,,,
1077,06/20/2025 10:30:00,7.38,,,,,
1078,06/20/2025 10:35:00,7.25,,,,,
1079,06/20/2025 10:40:00,6.86,,,,,
1080,06/20/2025 10:45:00,6.86,,,,,
1081,06/20/2025 10:50:00,7.50,,,,,
1082,06/20/2025 10:55:00,7.55,,,,,
1083,06/20/2025 11:00:00,7.46,,,,,
1084,06/20/2025 11:05:00,7.50,,,,,
1085,06/20/2025 11:10:00,8.66,,,,,
1086,06/20/2025 11:15:00,8.19,,,,,
1087,06/20/2025 11:20:00,7.85,,,,,
1088,06/20/2025 11:25:00,8.06,,,,,
1089,06/20/2025 11:30:00,8.19,,,,,
1090,06/20/2025 11:35:00,7.98,,,,,
1091,06/20/2025 11:40:00,7.72,,,,,
1092,06/20/2025 11:45:00,7.55,,,,,
1093,06/20/2025 11:50:00,8.06,,,,,
1094,06/20/2025 11:55:00,7.98,,,,,
1095,06/20/2025 12:00:00,8.15,,,,,
1096,06/20/2025 12:05:00,8.36,,,,,
1097,06/20/2025 12:10:00,8.75,,,,,
1098,06/20/2025 12:15:00,9.05,,,,,
1099,06/20/2025 12:20:00,9.35,,,,,
1100,06/20/2025 12:25:00,8.71,,,,,
1101,06/20/2025 12:30:00,8.71,,,,,
1102,06/20/2025 12:35:00,8.71,,,,,
1103,06/20/2025 12:40:00,8.28,,,,,
1104,06/20/2025 12:45:00,8.11,,,,,
1105,06/20/2025 12:50:00,7.81,,,,,
1106,06/20/2025 12:55:00,7.89,,,,,
1107,06/20/2025 13:00:00,7.98,,,,,
1108,06/20/2025 13:05:00,8.32,,,,,
1109,06/20/2025 13:10:00,8.75,,,,,
1110,06/20/2025 13:15:00,8.79,,,,,
1111,06/20/2025 13:20:00,8.53,,,,,
1112,06/20/2025 13:25:00,8.11,,,,,
1113,06/20/2025 13:30:00,7.93,,,,,
1114,06/20/2025 13:35:00,7.76,,,,,
1115,06/20/2025 13:40:00,8.49,,,,,
1116,06/20/2025 13:45:00,9.22,,,,,
1117,06/20/2025 13:50:00,8.53,,,,,
1118,06/20/2025 13:55:00,8.66,,,,,
1119,06/20/2025 14:00:00,9.14,,,,,
1120,06/20/2025 14:05:00,8.71,,,,,
1121,06/20/2025 14:10:00,9.01,,,,,
1122,06/20/2025 14:15:00,8.92,,,,,
1123,06/20/2025 14:20:00,8.71,,,,,
1124,06/20/2025 14:25:00,8.41,,,,,
1125,06/20/2025 14:30:00,8.62,,,,,
1126,06/20/2025 14:35:00,9.14,,,,,
1127,06/20/2025 14:40:00,8.79,,,,,
1128,06/20/2025 14:45:00,9.31,,,,,
1129,06/20/2025 14:50:00,8.96,,,,,
1130,06/20/2025 14:55:00,8.62,,,,,
1131,06/20/2025 15:00:00,8.41,,,,,
1132,06/20/2025 15:05:00,8.88,,,,,
1133,06/20/2025 15:10:00,8.36,,,,,
1134,06/20/2025 15:15:00,8.11,,,,,
1135,06/20/2025 15:20:00,7.76,,,,,
1136,06/20/2025 15:25:00,8.19,,,,,
1137,06/20/2025 15:30:00,8.23,,,,,
1138,06/20/2025 15:35:00,8.53,,,,,
1139,06/20/2025 15:40:00,8.32,,,,,
1140,06/20/2025 15:45:00,8.45,,,,,
1141,06/20/2025 15:50:00,9.35,,,,,
1142,06/20/2025 15:55:00,9.09,,,,,
1143,06/20/2025 16:00:00,8.41,,,,,
1144,06/20/2025 16:05:00,8.19,,,,,
1145,06/20/2025 16:10:00,7.81,,,,,
1146,06/20/2025 16:15:00,7.50,,,,,
1147,06/20/2025 16:20:00,7.16,,,,,
1148,06/20/2025 16:25:00,7.08,,,,,
1149,06/20/2025 16:30:00,7.38,,,,,
1150,06/20/2025 16:35:00,7.29,,,,,
1151,06/20/2025 16:40:00,7.20,,,,,
1152,06/20/2025 16:45:00,6.90,,,,,
1153,06/20/2025 16:50:00,7.33,,,,,
1154,06/20/2025 16:55:00,7.85,,,,,
1155,06/20/2025 17:00:00,7.76,,,,,
1156,06/20/2025 17:05:00,8.23,,,,,
1157,06/20/2025 17:10:00,8.28,,,,,
1158,06/20/2025 17:15:00,8.66,,,,,
1159,06/20/2025 17:20:00,8.41,,,,,
1160,06/20/2025 17:25:00,8.36,,,,,
1161,06/20/2025 17:30:00,8.66,,,,,
1162,06/20/2025 17:35:00,9.18,,,,,
1163,06/20/2025 17:40:00,8.71,,,,,
1164,06/20/2025 17:45:00,8.19,,,,,
1165,06/20/2025 17:50:00,8.02,,,,,
1166,06/20/2025 17:55:00,7.29,,,,,
1167,06/20/2025 18:00:00,6.90,,,,,
1168,06/20/2025 18:05:00,7.16,,,,,
1169,06/20/2025 18:10:00,7.46,,,,,
1170,06/20/2025 18:15:00,7.68,,,,,
1171,06/20/2025 18:20:00,7.42,,,,,
1172,06/20/2025 18:25:00,7.20,,,,,
1173,06/20/2025 18:30:00,7.12,,,,,
1174,06/20/2025 18:35:00,7.72,,,,,
1175,06/20/2025 18:40:00,7.29,,,,,
1176,06/20/2025 18:45:00,6.90,,,,,
1177,06/20/2025 18:50:00,6.43,,,,,
1178,06/20/2025 18:55:00,6.35,,,,,
1179,06/20/2025 19:00:00,6.60,,,,,
1180,06/20/2025 19:05:00,6.05,,,,,
1181,06/20/2025 19:10:00,5.62,,,,,
1182,06/20/2025 19:15:00,5.27,,,,,
1183,06/20/2025 19:20:00,5.32,,,,,
1184,06/20/2025 19:25:00,5.19,,,,,
1185,06/20/2025 19:30:00,5.45,,,,,
1186,06/20/2025 19:35:00,5.87,,,,,
1187,06/20/2025 19:40:00,8.32,,,,,
1188,06/20/2025 19:45:00,7.85,,,,,
1189,06/20/2025 19:50:00,6.82,,,,,
1190,06/20/2025 19:55:00,6.60,,,,,
1191,06/20/2025 20:00:00,7.50,,,,,
1192,06/20/2025 20:05:00,9.05,,,,,
1193,06/20/2025 20:10:00,8.53,,,,,
1194,06/20/2025 20:15:00,9.56,,,,,
1195,06/20/2025 20:20:00,9.86,,,,,
1196,06/20/2025 20:25:00,9.35,,,,,
1197,06/20/2025 20:30:00,8.62,,,,,
1198,06/20/2025 20:35:00,7.29,,,,,
1199,06/20/2025 20:40:00,6.90,,,,,
1200,06/20/2025 20:45:00,7.03,,,,,
1201,06/20/2025 20:50:00,7.68,,,,,
1202,06/20/2025 20:55:00,8.45,,,,,
1203,06/20/2025 21:00:00,7.50,,,,,
1204,06/20/2025 21:05:00,6.35,,,,,
1205,06/20/2025 21:10:00,4.80,,,,,
1206,06/20/2025 21:15:00,4.46,,,,,
1207,06/20/2025 21:20:00,4.42,,,,,
1208,06/20/2025 21:25:00,4.72,,,,,
1209,06/20/2025 21:30:00,4.54,,,,,
1210,06/20/2025 21:35:00,4.63,,,,,
1211,06/20/2025 21:40:00,5.40,,,,,
1212,06/20/2025 21:45:00,4.89,,,,,
1213,06/20/2025 21:50:00,6.22,,,,,
1214,06/20/2025 21:55:00,5.57,,,,,
1215,06/20/2025 22:00:00,4.84,,,,,
1216,06/20/2025 22:05:00,4.67,,,,,
1217,06/20/2025 22:10:00,4.54,,,,,
1218,06/20/2025 22:15:00,3.99,,,,,
1219,06/20/2025 22:20:00,4.03,,,,,
1220,06/20/2025 22:25:00,4.72,,,,,
1221,06/20/2025 22:30:00,5.40,,,,,
1222,06/20/2025 22:35:00,5.62,,,,,
1223,06/20/2025 22:40:00,4.89,,,,,
1224,06/20/2025 22:45:00,4.50,,,,,
1225,06/20/2025 22:50:00,4.03,,,,,
1226,06/20/2025 22:55:00,3.73,,,,,
1227,06/20/2025 23:00:00,3.69,,,,,
1228,06/20/2025 23:05:00,3.82,,,,,
1229,06/20/2025 23:10:00,3.82,,,,,
1230,06/20/2025 23:15:00,3.60,,,,,
1231,06/20/2025 23:20:00,4.16,,,,,
1232,06/20/2025 23:25:00,3.86,,,,,
1233,06/20/2025 23:30:00,3.52,,,,,
1234,06/20/2025 23:35:00,3.73,,,,,
1235,06/20/2025 23:40:00,3.64,,,,,
1236,06/20/2025 23:45:00,3.86,,,,,
1237,06/20/2025 23:50:00,3.86,,,,,
1238,06/20/2025 23:55:00,4.03,,,,,
1239,06/21/2025 00:00:00,3.60,,,,,
1240,06/21/2025 00:05:00,4.12,,,,,
1241,06/21/2025 00:10:00,3.86,,,,,
1242,06/21/2025 00:15:00,3.60,,,,,
1243,06/21/2025 00:20:00,3.64,,,,,
1244,06/21/2025 00:25:00,3.99,,,,,
1245,06/21/2025 00:30:00,4.33,,,,,
1246,06/21/2025 00:35:00,4.03,,,,,
1247,06/21/2025 00:40:00,3.90,,,,,
1248,06/21/2025 00:45:00,3.60,,,,,
1249,06/21/2025 00:50:00,3.69,,,,,
1250,06/21/2025 00:55:00,3.64,,,,,
1251,06/21/2025 01:00:00,3.34,,,,,
1252,06/21/2025 01:05:00,3.86,,,,,
1253,06/21/2025 01:10:00,5.19,,,,,
1254,06/21/2025 01:15:00,5.32,,,,,
1255,06/21/2025 01:20:00,4.84,,,,,
1256,06/21/2025 01:25:00,4.37,,,,,
1257,06/21/2025 01:30:00,4.63,,,,,
1258,06/21/2025 01:35:00,4.16,,,,,
1259,06/21/2025 01:40:00,4.50,,,,,
1260,06/21/2025 01:45:00,4.50,,,,,
1261,06/21/2025 01:50:00,4.50,,,,,
1262,06/21/2025 01:55:00,4.29,,,,,
1263,06/21/2025 02:00:00,4.29,,,,,
1264,06/21/2025 02:05:00,4.84,,,,,
1265,06/21/2025 02:10:00,4.63,,,,,
1266,06/21/2025 02:15:00,4.67,,,,,
1267,06/21/2025 02:20:00,4.20,,,,,
1268,06/21/2025 02:25:00,4.29,,,,,
1269,06/21/2025 02:30:00,4.12,,,,,
1270,06/21/2025 02:35:00,4.20,,,,,
1271,06/21/2025 02:40:00,4.12,,,,,
1272,06/21/2025 02:45:00,3.90,,,,,
1273,06/21/2025 02:50:00,3.77,,,,,
1274,06/21/2025 02:55:00,3.77,,,,,
1275,06/21/2025 03:00:00,3.69,,,,,
1276,06/21/2025 03:05:00,3.99,,,,,
1277,06/21/2025 03:10:00,4.37,,,,,
1278,06/21/2025 03:15:00,3.77,,,,,
1279,06/21/2025 03:20:00,3.26,,,,,
1280,06/21/2025 03:25:00,3.30,,,,,
1281,06/21/2025 03:30:00,3.47,,,,,
1282,06/21/2025 03:35:00,3.34,,,,,
1283,06/21/2025 03:40:00,3.73,,,,,
1284,06/21/2025 03:45:00,3.43,,,,,
1285,06/21/2025 03:50:00,3.39,,,,,
1286,06/21/2025 03:55:00,3.43,,,,,
1287,06/21/2025 04:00:00,4.63,,,,,
1288,06/21/2025 04:05:00,5.66,,,,,
1289,06/21/2025 04:10:00,4.84,,,,,
1290,06/21/2025 04:15:00,4.33,,,,,
1291,06/21/2025 04:20:00,4.16,,,,,
1292,06/21/2025 04:25:00,3.90,,,,,
1293,06/21/2025 04:30:00,3.77,,,,,
1294,06/21/2025 04:35:00,3.73,,,,,
1295,06/21/2025 04:40:00,3.47,,,,,
1296,06/21/2025 04:45:00,3.82,,,,,
1297,06/21/2025 04:50:00,3.69,,,,,
1298,06/21/2025 04:55:00,3.52,,,,,
1299,06/21/2025 05:00:00,3.60,,,,,
1300,06/21/2025 05:05:00,3.64,,,,,
1301,06/21/2025 05:10:00,3.64,,,,,
1302,06/21/2025 05:15:00,3.73,,,,,
1303,06/21/2025 05:20:00,3.77,,,,,
1304,06/21/2025 05:25:00,3.99,,,,,
1305,06/21/2025 05:30:00,4.50,,,,,
1306,06/21/2025 05:35:00,5.19,,,,,
1307,06/21/2025 05:40:00,5.45,,,,,
1308,06/21/2025 05:45:00,5.19,,,,,
1309,06/21/2025 05:50:00,4.80,,,,,
1310,06/21/2025 05:55:00,4.93,,,,,
1311,06/21/2025 06:00:00,4.80,,,,,
1312,06/21/2025 06:05:00,4.67,,,,,
1313,06/21/2025 06:10:00,4.76,,,,,
1314,06/21/2025 06:15:00,4.80,,,,,
1315,06/21/2025 06:20:00,4.89,,,,,
1316,06/21/2025 06:25:00,4.97,,,,,
1317,06/21/2025 06:30:00,5.57,,,,,
1318,06/21/2025 06:35:00,5.83,,,,,
1319,06/21/2025 06:40:00,5.66,,,,,
1320,06/21/2025 06:45:00,5.40,,,,,
1321,06/21/2025 06:50:00,5.36,,,,,
1322,06/21/2025 06:55:00,5.27,,,,,
1323,06/21/2025 07:00:00,5.66,,,,,
1324,06/21/2025 07:05:00,6.13,,,,,
1325,06/21/2025 07:10:00,6.17,,,,,
1326,06/21/2025 07:15:00,5.40,,,,,
1327,06/21/2025 07:20:00,5.40,,,,,
1328,06/21/2025 07:25:00,5.70,,,,,
1329,06/21/2025 07:30:00,5.87,,,,,
1330,06/21/2025 07:35:00,6.00,,,,,
1331,06/21/2025 07:40:00,5.87,,,,,
1332,06/21/2025 07:45:00,6.35,,,,,
1333,06/21/2025 07:50:00,6.35,,,,,
1334,06/21/2025 07:55:00,6.56,,,,,
1335,06/21/2025 08:00:00,6.39,,,,,
1336,06/21/2025 08:05:00,6.35,,,,,
1337,06/21/2025 08:10:00,6.00,,,,,
1338,06/21/2025 08:15:00,5.87,,,,,
1339,06/21/2025 08:20:00,6.09,,,,,
1340,06/21/2025 08:25:00,6.56,,,,,
1341,06/21/2025 08:30:00,6.69,,,,,
1342,06/21/2025 08:35:00,6.90,,,,,
1343,06/21/2025 08:40:00,7.12,,,,,
1344,06/21/2025 08:45:00,6.73,,,,,
1345,06/21/2025 08:50:00,6.90,,,,,
1346,06/21/2025 08:55:00,7.03,,,,,
1347,06/21/2025 09:00:00,7.33,,,,,
1348,06/21/2025 09:05:00,7.08,,,,,
1349,06/21/2025 09:10:00,6.35,,,,,
1350,06/21/2025 09:15:00,6.73,,,,,
1351,06/21/2025 09:20:00,6.95,,,,,
1352,06/21/2025 09:25:00,7.68,,,,,
1353,06/21/2025 09:30:00,7.50,,,,,
1354,06/21/2025 09:35:00,7.42,,,,,
1355,06/21/2025 09:40:00,6.82,,,,,
1356,06/21/2025 09:45:00,7.68,,,,,
1357,06/21/2025 09:50:00,8.45,,,,,
1358,06/21/2025 09:55:00,8.28,,,,,
1359,06/21/2025 10:00:00,8.32,,,,,
1360,06/21/2025 10:05:00,8.45,,,,,
1361,06/21/2025 10:10:00,8.41,,,,,
1362,06/21/2025 10:15:00,8.41,,,,,
1363,06/21/2025 10:20:00,8.71,,,,,
1364,06/21/2025 10:25:00,8.32,,,,,
1365,06/21/2025 10:30:00,8.88,,,,,
1366,06/21/2025 10:35:00,9.35,,,,,
1367,06/21/2025 10:40:00,9.35,,,,,
1368,06/21/2025 10:45:00,8.53,,,,,
1369,06/21/2025 10:50:00,9.35,,,,,
1370,06/21/2025 10:55:00,9.82,,,,,
1371,06/21/2025 11:00:00,9.09,,,,,
1372,06/21/2025 11:05:00,9.18,,,,,
1373,06/21/2025 11:10:00,9.01,,,,,
1374,06/21/2025 11:15:00,8.71,,,,,
1375,06/21/2025 11:20:00,8.49,,,,,
1376,06/21/2025 11:25:00,7.98,,,,,
1377,06/21/2025 11:30:00,8.53,,,,,
1378,06/21/2025 11:35:00,8.71,,,,,
1379,06/21/2025 11:40:00,8.41,,,,,
1380,06/21/2025 11:45:00,8.96,,,,,
1381,06/21/2025 11:50:00,8.49,,,,,
1382,06/21/2025 11:55:00,8.02,,,,,
1383,06/21/2025 12:00:00,8.28,,,,,
1384,06/21/2025 12:05:00,8.92,,,,,
1385,06/21/2025 12:10:00,8.88,,,,,
1386,06/21/2025 12:15:00,8.96,,,,,
1387,06/21/2025 12:20:00,8.49,,,,,
1388,06/21/2025 12:25:00,8.19,,,,,
1389,06/21/2025 12:30:00,8.49,,,,,
1390,06/21/2025 12:35:00,8.53,,,,,
1391,06/21/2025 12:40:00,8.62,,,,,
1392,06/21/2025 12:45:00,8.71,,,,,
1393,06/21/2025 12:50:00,8.79,,,,,
1394,06/21/2025 12:55:00,9.74,,,,,
1395,06/21/2025 13:00:00,10.34,,,,,
1396,06/21/2025 13:05:00,10.72,,,,,
1397,06/21/2025 13:10:00,11.32,,,,,
1398,06/21/2025 13:15:00,10.89,,,,,
1399,06/21/2025 13:20:00,10.77,,,,,
1400,06/21/2025 13:25:00,10.34,,,,,
1401,06/21/2025 13:30:00,10.38,,,,,
1402,06/21/2025 13:35:00,10.55,,,,,
1403,06/21/2025 13:40:00,10.81,,,,,
1404,06/21/2025 13:45:00,11.07,,,,,
1405,06/21/2025 13:50:00,10.81,,,,,
1406,06/21/2025 13:55:00,11.28,,,,,
1407,06/21/2025 14:00:00,11.32,,,,,
1408,06/21/2025 14:05:00,10.55,,,,,
1409,06/21/2025 14:10:00,10.04,,,,,
1410,06/21/2025 14:15:00,9.74,,,,,
1411,06/21/2025 14:20:00,10.21,,,,,
1412,06/21/2025 14:25:00,11.11,,,,,
1413,06/21/2025 14:30:00,10.21,,,,,
1414,06/21/2025 14:35:00,9.18,,,,,
1415,06/21/2025 14:40:00,8.75,,,,,
1416,06/21/2025 14:45:00,9.44,,,,,
1417,06/21/2025 14:50:00,9.74,,,,,
1418,06/21/2025 14:55:00,9.22,,,,,
1419,06/21/2025 15:00:00,8.92,,,,,
1420,06/21/2025 15:05:00,8.88,,,,,
1421,06/21/2025 15:10:00,8.83,,,,,
1422,06/21/2025 15:15:00,8.83,,,,,
1423,06/21/2025 15:20:00,9.74,,,,,
1424,06/21/2025 15:25:00,9.39,,,,,
1425,06/21/2025 15:30:00,9.44,,,,,
1426,06/21/2025 15:35:00,9.14,,,,,
1427,06/21/2025 15:40:00,9.31,,,,,
1428,06/21/2025 15:45:00,10.25,,,,,
1429,06/21/2025 15:50:00,10.21,,,,,
1430,06/21/2025 15:55:00,10.38,,,,,
1431,06/21/2025 16:00:00,10.08,,,,,
1432,06/21/2025 16:05:00,9.39,,,,,
1433,06/21/2025 16:10:00,9.65,,,,,
1434,06/21/2025 16:15:00,9.35,,,,,
1435,06/21/2025 16:20:00,9.18,,,,,
1436,06/21/2025 16:25:00,9.18,,,,,
1437,06/21/2025 16:30:00,9.05,,,,,
1438,06/21/2025 16:35:00,8.79,,,,,
1439,06/21/2025 16:40:00,9.31,,,,,
1440,06/21/2025 16:45:00,9.48,,,,,
1441,06/21/2025 16:50:00,9.69,,,,,
1442,06/21/2025 16:55:00,9.95,,,,,
1443,06/21/2025 17:00:00,9.69,,,,,
1444,06/21/2025 17:05:00,9.48,,,,,
1445,06/21/2025 17:10:00,9.74,,,,,
1446,06/21/2025 17:15:00,9.99,,,,,
1447,06/21/2025 17:20:00,10.12,,,,,
1448,06/21/2025 17:25:00,10.51,,,,,
1449,06/21/2025 17:30:00,10.29,,,,,
1450,06/21/2025 17:35:00,10.08,,,,,
1451,06/21/2025 17:40:00,9.99,,,,,
1452,06/21/2025 17:45:00,10.12,,,,,
1453,06/21/2025 17:50:00,10.29,,,,,
1454,06/21/2025 17:55:00,10.46,,,,,
1455,06/21/2025 18:00:00,10.34,,,,,
1456,06/21/2025 18:05:00,10.34,,,,,
1457,06/21/2025 18:10:00,9.86,,,,,
1458,06/21/2025 18:15:00,9.86,,,,,
1459,06/21/2025 18:20:00,10.98,,,,,
1460,06/21/2025 18:25:00,10.46,,,,,
1461,06/21/2025 18:30:00,10.04,,,,,
1462,06/21/2025 18:35:00,10.64,,,,,
1463,06/21/2025 18:40:00,10.21,,,,,
1464,06/21/2025 18:45:00,9.86,,,,,
1465,06/21/2025 18:50:00,9.56,,,,,
1466,06/21/2025 18:55:00,9.22,,,,,
1467,06/21/2025 19:00:00,9.05,,,,,
1468,06/21/2025 19:05:00,8.06,,,,,
1469,06/21/2025 19:10:00,7.76,,,,,
1470,06/21/2025 19:15:00,7.38,,,,,
1471,06/21/2025 19:20:00,7.93,,,,,
1472,06/21/2025 19:25:00,7.50,,,,,
1473,06/21/2025 19:30:00,7.20,,,,,
1474,06/21/2025 19:35:00,7.46,,,,,
1475,06/21/2025 19:40:00,7.50,,,,,
1476,06/21/2025 19:45:00,7.98,,,,,
1477,06/21/2025 19:50:00,8.28,,,,,
1478,06/21/2025 19:55:00,7.68,,,,,
1479,06/21/2025 20:00:00,7.93,,,,,
1480,06/21/2025 20:05:00,7.38,,,,,
1481,06/21/2025 20:10:00,6.86,,,,,
1482,06/21/2025 20:15:00,6.65,,,,,
1483,06/21/2025 20:20:00,6.90,,,,,
1484,06/21/2025 20:25:00,6.95,,,,,
1485,06/21/2025 20:30:00,6.95,,,,,
1486,06/21/2025 20:35:00,6.99,,,,,
1487,06/21/2025 20:40:00,7.38,,,,,
1488,06/21/2025 20:45:00,6.60,,,,,
1489,06/21/2025 20:50:00,6.35,,,,,
1490,06/21/2025 20:55:00,6.05,,,,,
1491,06/21/2025 21:00:00,6.35,,,,,
1492,06/21/2025 21:05:00,6.17,,,,,
1493,06/21/2025 21:10:00,6.48,,,,,
1494,06/21/2025 21:15:00,6.48,,,,,
1495,06/21/2025 21:20:00,6.17,,,,,
1496,06/21/2025 21:25:00,5.45,,,,,
1497,06/21/2025 21:30:00,5.23,,,,,
1498,06/21/2025 21:35:00,5.10,,,,,
1499,06/21/2025 21:40:00,5.19,,,,,
1500,06/21/2025 21:45:00,4.72,,,,,
1501,06/21/2025 21:50:00,4.59,,,,,
1502,06/21/2025 21:55:00,4.50,,,,,
1503,06/21/2025 22:00:00,4.59,,,,,
1504,06/21/2025 22:05:00,4.80,,,,,
1505,06/21/2025 22:10:00,5.10,,,,,
1506,06/21/2025 22:15:00,4.72,,,,,
1507,06/21/2025 22:20:00,4.89,,,,,
1508,06/21/2025 22:25:00,4.54,,,,,
1509,06/21/2025 22:30:00,4.50,,,,,
1510,06/21/2025 22:35:00,4.46,,,,,
1511,06/21/2025 22:40:00,5.49,,,,,
1512,06/21/2025 22:45:00,6.00,,,,,
1513,06/21/2025 22:50:00,5.49,,,,,
1514,06/21/2025 22:55:00,4.50,,,,,
1515,06/21/2025 23:00:00,4.12,,,,,
1516,06/21/2025 23:05:00,3.86,,,,,
1517,06/21/2025 23:10:00,3.99,,,,,
1518,06/21/2025 23:15:00,3.64,,,,,
1519,06/21/2025 23:20:00,3.13,,,,,
1520,06/21/2025 23:25:00,3.21,,,,,
1521,06/21/2025 23:30:00,3.64,,,,,
1522,06/21/2025 23:35:00,3.60,,,,,
1523,06/21/2025 23:40:00,3.47,,,,,
1524,06/21/2025 23:45:00,3.73,,,,,
1525,06/21/2025 23:50:00,4.12,,,,,
1526,06/21/2025 23:55:00,4.46,,,,,
1527,06/22/2025 00:00:00,4.84,,,,,
1528,06/22/2025 00:05:00,5.06,,,,,
1529,06/22/2025 00:10:00,4.67,,,,,
1530,06/22/2025 00:15:00,4.24,,,,,
1531,06/22/2025 00:20:00,4.03,,,,,
1532,06/22/2025 00:25:00,4.24,,,,,
1533,06/22/2025 00:30:00,4.24,,,,,
1534,06/22/2025 00:35:00,4.16,,,,,
1535,06/22/2025 00:40:00,3.99,,,,,
1536,06/22/2025 00:45:00,4.59,,,,,
1537,06/22/2025 00:50:00,4.63,,,,,
1538,06/22/2025 00:55:00,4.20,,,,,
1539,06/22/2025 01:00:00,4.03,,,,,
1540,06/22/2025 01:05:00,3.90,,,,,
1541,06/22/2025 01:10:00,4.16,,,,,
1542,06/22/2025 01:15:00,4.42,,,,,
1543,06/22/2025 01:20:00,4.20,,,,,
1544,06/22/2025 01:25:00,4.37,,,,,
1545,06/22/2025 01:30:00,3.94,,,,,
1546,06/22/2025 01:35:00,3.60,,,,,
1547,06/22/2025 01:40:00,3.17,,,,,
1548,06/22/2025 01:45:00,3.17,,,,,
1549,06/22/2025 01:50:00,3.47,,,,,
1550,06/22/2025 01:55:00,3.21,,,,,
1551,06/22/2025 02:00:00,3.17,,,,,
1552,06/22/2025 02:05:00,3.30,,,,,
1553,06/22/2025 02:10:00,3.17,,,,,
1554,06/22/2025 02:15:00,3.47,,,,,
1555,06/22/2025 02:20:00,4.29,,,,,
1556,06/22/2025 02:25:00,4.59,,,,,
1557,06/22/2025 02:30:00,4.89,,,,,
1558,06/22/2025 02:35:00,4.50,,,,,
1559,06/22/2025 02:40:00,4.67,,,,,
1560,06/22/2025 02:45:00,4.07,,,,,
1561,06/22/2025 02:50:00,3.56,,,,,
1562,06/22/2025 02:55:00,2.96,,,,,
1563,06/22/2025 03:00:00,3.04,,,,,
1564,06/22/2025 03:05:00,3.39,,,,,
1565,06/22/2025 03:10:00,3.77,,,,,
1566,06/22/2025 03:15:00,3.39,,,,,
1567,06/22/2025 03:20:00,2.66,,,,,
1568,06/22/2025 03:25:00,3.00,,,,,
1569,06/22/2025 03:30:00,2.74,,,,,
1570,06/22/2025 03:35:00,2.49,,,,,
1571,06/22/2025 03:40:00,2.66,,,,,
1572,06/22/2025 03:45:00,2.87,,,,,
1573,06/22/2025 03:50:00,2.74,,,,,
1574,06/22/2025 03:55:00,2.74,,,,,
1575,06/22/2025 04:00:00,2.96,,,,,
1576,06/22/2025 04:05:00,2.83,,,,,
1577,06/22/2025 04:10:00,3.04,,,,,
1578,06/22/2025 04:15:00,3.64,,,,,
1579,06/22/2025 04:20:00,3.52,,,,,
1580,06/22/2025 04:25:00,3.99,,,,,
1581,06/22/2025 04:30:00,3.94,,,,,
1582,06/22/2025 04:35:00,3.77,,,,,
1583,06/22/2025 04:40:00,3.43,,,,,
1584,06/22/2025 04:45:00,3.09,,,,,
1585,06/22/2025 04:50:00,3.30,,,,,
1586,06/22/2025 04:55:00,3.17,,,,,
1587,06/22/2025 05:00:00,3.30,,,,,
1588,06/22/2025 05:05:00,3.09,,,,,
1589,06/22/2025 05:10:00,3.26,,,,,
1590,06/22/2025 05:15:00,4.03,,,,,
1591,06/22/2025 05:20:00,3.82,,,,,
1592,06/22/2025 05:25:00,3.94,,,,,
1593,06/22/2025 05:30:00,4.20,,,,,
1594,06/22/2025 05:35:00,4.72,,,,,
1595,06/22/2025 05:40:00,4.76,,,,,
1596,06/22/2025 05:45:00,5.23,,,,,
1597,06/22/2025 05:50:00,5.23,,,,,
1598,06/22/2025 05:55:00,4.54,,,,,
1599,06/22/2025 06:00:00,3.73,,,,,
1600,06/22/2025 06:05:00,3.90,,,,,
1601,06/22/2025 06:10:00,4.20,,,,,
1602,06/22/2025 06:15:00,4.20,,,,,
1603,06/22/2025 06:20:00,4.03,,,,,
1604,06/22/2025 06:25:00,4.03,,,,,
1605,06/22/2025 06:30:00,4.12,,,,,
1606,06/22/2025 06:35:00,4.07,,,,,
1607,06/22/2025 06:40:00,4.20,,,,,
1608,06/22/2025 06:45:00,4.33,,,,,
1609,06/22/2025 06:50:00,4.37,,,,,
1610,06/22/2025 06:55:00,4.54,,,,,
1611,06/22/2025 07:00:00,5.02,,,,,
1612,06/22/2025 07:05:00,5.32,,,,,
1613,06/22/2025 07:10:00,5.66,,,,,
1614,06/22/2025 07:15:00,5.66,,,,,
1615,06/22/2025 07:20:00,5.57,,,,,
1616,06/22/2025 07:25:00,5.49,,,,,
1617,06/22/2025 07:30:00,5.19,,,,,
1618,06/22/2025 07:35:00,5.23,,,,,
1619,06/22/2025 07:40:00,5.36,,,,,
1620,06/22/2025 07:45:00,5.57,,,,,
1621,06/22/2025 07:50:00,5.62,,,,,
1622,06/22/2025 07:55:00,5.96,,,,,
1623,06/22/2025 08:00:00,6.13,,,,,
1624,06/22/2025 08:05:00,6.69,,,,,
1625,06/22/2025 08:10:00,6.86,,,,,
1626,06/22/2025 08:15:00,6.52,,,,,
1627,06/22/2025 08:20:00,6.43,,,,,
1628,06/22/2025 08:25:00,6.52,,,,,
1629,06/22/2025 08:30:00,6.60,,,,,
1630,06/22/2025 08:35:00,6.30,,,,,
1631,06/22/2025 08:40:00,6.13,,,,,
1632,06/22/2025 08:45:00,6.35,,,,,
1633,06/22/2025 08:50:00,6.78,,,,,
1634,06/22/2025 08:55:00,6.52,,,,,
1635,06/22/2025 09:00:00,6.17,,,,,
1636,06/22/2025 09:05:00,6.17,,,,,
1637,06/22/2025 09:10:00,6.05,,,,,
1638,06/22/2025 09:15:00,6.05,,,,,
1639,06/22/2025 09:20:00,6.30,,,,,
1640,06/22/2025 09:25:00,6.35,,,,,
1641,06/22/2025 09:30:00,6.43,,,,,
1642,06/22/2025 09:35:00,6.60,,,,,
1643,06/22/2025 09:40:00,6.78,,,,,
1644,06/22/2025 09:45:00,7.38,,,,,
1645,06/22/2025 09:50:00,7.33,,,,,
1646,06/22/2025 09:55:00,7.46,,,,,
1647,06/22/2025 10:00:00,7.33,,,,,
1648,06/22/2025 10:05:00,7.33,,,,,
1649,06/22/2025 10:10:00,7.29,,,,,
1650,06/22/2025 10:15:00,7.16,,,,,
1651,06/22/2025 10:20:00,6.90,,,,,
1652,06/22/2025 10:25:00,6.86,,,,,
1653,06/22/2025 10:30:00,7.08,,,,,
1654,06/22/2025 10:35:00,7.46,,,,,
1655,06/22/2025 10:40:00,7.63,,,,,
1656,06/22/2025 10:45:00,7.46,,,,,
1657,06/22/2025 10:50:00,7.38,,,,,
1658,06/22/2025 10:55:00,7.55,,,,,
1659,06/22/2025 11:00:00,7.38,,,,,
1660,06/22/2025 11:05:00,7.42,,,,,
1661,06/22/2025 11:10:00,7.46,,,,,
1662,06/22/2025 11:15:00,7.63,,,,,
1663,06/22/2025 11:20:00,7.81,,,,,
1664,06/22/2025 11:25:00,8.11,,,,,
1665,06/22/2025 11:30:00,8.28,,,,,
1666,06/22/2025 11:35:00,8.36,,,,,
1667,06/22/2025 11:40:00,8.41,,,,,
1668,06/22/2025 11:45:00,8.32,,,,,
1669,06/22/2025 11:50:00,8.23,,,,,
1670,06/22/2025 11:55:00,7.98,,,,,
1671,06/22/2025 12:00:00,7.63,,,,,
1672,06/22/2025 12:05:00,7.55,,,,,
1673,06/22/2025 12:10:00,7.72,,,,,
1674,06/22/2025 12:15:00,8.06,,,,,
1675,06/22/2025 12:20:00,8.15,,,,,
1676,06/22/2025 12:25:00,8.28,,,,,
1677,06/22/2025 12:30:00,8.02,,,,,
1678,06/22/2025 12:35:00,8.06,,,,,
1679,06/22/2025 12:40:00,8.06,,,,,
1680,06/22/2025 12:45:00,8.02,,,,,
1681,06/22/2025 12:50:00,7.81,,,,,
1682,06/22/2025 12:55:00,7.76,,,,,
1683,06/22/2025 13:00:00,7.93,,,,,
1684,06/22/2025 13:05:00,7.98,,,,,
1685,06/22/2025 13:10:00,7.93,,,,,
1686,06/22/2025 13:15:00,8.06,,,,,
1687,06/22/2025 13:20:00,8.02,,,,,
1688,06/22/2025 13:25:00,7.93,,,,,
1689,06/22/2025 13:30:00,7.85,,,,,
1690,06/22/2025 13:35:00,7.76,,,,,
1691,06/22/2025 13:40:00,7.93,,,,,
1692,06/22/2025 13:45:00,7.93,,,,,
1693,06/22/2025 13:50:00,7.93,,,,,
1694,06/22/2025 13:55:00,8.15,,,,,
1695,06/22/2025 14:00:00,8.19,,,,,
1696,06/22/2025 14:05:00,8.11,,,,,
1697,06/22/2025 14:10:00,7.93,,,,,
1698,06/22/2025 14:15:00,8.19,,,,,
1699,06/22/2025 14:20:00,8.41,,,,,
1700,06/22/2025 14:25:00,8.53,,,,,
1701,06/22/2025 14:30:00,8.32,,,,,
1702,06/22/2025 14:35:00,8.28,,,,,
1703,06/22/2025 14:40:00,8.41,,,,,
1704,06/22/2025 14:45:00,8.53,,,,,
1705,06/22/2025 14:50:00,8.53,,,,,
1706,06/22/2025 14:55:00,8.53,,,,,
1707,06/22/2025 15:00:00,8.28,,,,,
1708,06/22/2025 15:05:00,8.15,,,,,
1709,06/22/2025 15:10:00,8.19,,,,,
1710,06/22/2025 15:15:00,8.06,,,,,
1711,06/22/2025 15:20:00,7.81,,,,,
1712,06/22/2025 15:25:00,7.76,,,,,
1713,06/22/2025 15:30:00,7.68,,,,,
1714,06/22/2025 15:35:00,7.50,,,,,
1715,06/22/2025 15:40:00,7.63,,,,,
1716,06/22/2025 15:45:00,8.19,,,,,
1717,06/22/2025 15:50:00,8.62,,,,,
1718,06/22/2025 15:55:00,8.62,,,,,
1719,06/22/2025 16:00:00,8.23,,,,,
1720,06/22/2025 16:05:00,7.89,,,,,
1721,06/22/2025 16:10:00,7.55,,,,,
1722,06/22/2025 16:15:00,7.85,,,,,
1723,06/22/2025 16:20:00,7.85,,,,,
1724,06/22/2025 16:25:00,7.76,,,,,
1725,06/22/2025 16:30:00,7.72,,,,,
1726,06/22/2025 16:35:00,8.19,,,,,
1727,06/22/2025 16:40:00,8.11,,,,,
1728,06/22/2025 16:45:00,8.23,,,,,
1729,06/22/2025 16:50:00,8.28,,,,,
1730,06/22/2025 16:55:00,8.06,,,,,
1731,06/22/2025 17:00:00,8.02,,,,,
1732,06/22/2025 17:05:00,8.49,,,,,
1733,06/22/2025 17:10:00,8.62,,,,,
1734,06/22/2025 17:15:00,9.09,,,,,
1735,06/22/2025 17:20:00,9.95,,,,,
1736,06/22/2025 17:25:00,10.34,,,,,
1737,06/22/2025 17:30:00,9.44,,,,,
1738,06/22/2025 17:35:00,9.91,,,,,
1739,06/22/2025 17:40:00,10.64,,,,,
1740,06/22/2025 17:45:00,11.07,,,,,
1741,06/22/2025 17:50:00,10.29,,,,,
1742,06/22/2025 17:55:00,9.74,,,,,
1743,06/22/2025 18:00:00,9.09,,,,,
1744,06/22/2025 18:05:00,8.49,,,,,
1745,06/22/2025 18:10:00,7.33,,,,,
1746,06/22/2025 18:15:00,6.35,,,,,
1747,06/22/2025 18:20:00,6.13,,,,,
1748,06/22/2025 18:25:00,6.13,,,,,
1749,06/22/2025 18:30:00,6.05,,,,,
1750,06/22/2025 18:35:00,5.96,,,,,
1751,06/22/2025 18:40:00,5.96,,,,,
1752,06/22/2025 18:45:00,5.49,,,,,
1753,06/22/2025 18:50:00,4.97,,,,,
1754,06/22/2025 18:55:00,4.93,,,,,
1755,06/22/2025 19:00:00,5.27,,,,,
1756,06/22/2025 19:05:00,5.27,,,,,
1757,06/22/2025 19:10:00,5.49,,,,,
1758,06/22/2025 19:15:00,5.57,,,,,
1759,06/22/2025 19:20:00,5.32,,,,,
1760,06/22/2025 19:25:00,5.19,,,,,
1761,06/22/2025 19:30:00,5.49,,,,,
1762,06/22/2025 19:35:00,5.06,,,,,
1763,06/22/2025 19:40:00,5.53,,,,,
1764,06/22/2025 19:45:00,5.53,,,,,
1765,06/22/2025 19:50:00,5.02,,,,,
1766,06/22/2025 19:55:00,4.97,,,,,
1767,06/22/2025 20:00:00,5.27,,,,,
1768,06/22/2025 20:05:00,5.70,,,,,
1769,06/22/2025 20:10:00,5.23,,,,,
1770,06/22/2025 20:15:00,4.76,,,,,
1771,06/22/2025 20:20:00,4.37,,,,,
1772,06/22/2025 20:25:00,4.29,,,,,
1773,06/22/2025 20:30:00,4.12,,,,,
1774,06/22/2025 20:35:00,4.24,,,,,
1775,06/22/2025 20:40:00,4.29,,,,,
1776,06/22/2025 20:45:00,4.20,,,,,
1777,06/22/2025 20:50:00,4.07,,,,,
1778,06/22/2025 20:55:00,4.20,,,,,
1779,06/22/2025 21:00:00,4.20,,,,,
1780,06/22/2025 21:05:00,3.82,,,,,
1781,06/22/2025 21:10:00,3.26,,,,,
1782,06/22/2025 21:15:00,3.00,,,,,
1783,06/22/2025 21:20:00,3.09,,,,,
1784,06/22/2025 21:25:00,2.96,,,,,
1785,06/22/2025 21:30:00,2.74,,,,,
1786,06/22/2025 21:35:00,2.83,,,,,
1787,06/22/2025 21:40:00,3.04,,,,,
1788,06/22/2025 21:45:00,2.96,,,,,
1789,06/22/2025 21:50:00,3.04,,,,,
1790,06/22/2025 21:55:00,2.96,,,,,
1791,06/22/2025 22:00:00,3.43,,,,,
1792,06/22/2025 22:05:00,4.37,,,,,
1793,06/22/2025 22:10:00,4.37,,,,,
1794,06/22/2025 22:15:00,3.73,,,,,
1795,06/22/2025 22:20:00,3.39,,,,,
1796,06/22/2025 22:25:00,2.96,,,,,
1797,06/22/2025 22:30:00,3.39,,,,,
1798,06/22/2025 22:35:00,3.00,,,,,
1799,06/22/2025 22:40:00,2.87,,,,,
1800,06/22/2025 22:45:00,3.00,,,,,
1801,06/22/2025 22:50:00,2.66,,,,,
1802,06/22/2025 22:55:00,2.74,,,,,
1803,06/22/2025 23:00:00,2.70,,,,,
1804,06/22/2025 23:05:00,2.91,,,,,
1805,06/22/2025 23:10:00,2.83,,,,,
1806,06/22/2025 23:15:00,2.87,,,,,
1807,06/22/2025 23:20:00,2.66,,,,,
1808,06/22/2025 23:25:00,2.70,,,,,
1809,06/22/2025 23:30:00,2.79,,,,,
1810,06/22/2025 23:35:00,2.66,,,,,
1811,06/22/2025 23:40:00,3.09,,,,,
1812,06/22/2025 23:45:00,3.39,,,,,
1813,06/22/2025 23:50:00,3.26,,,,,
1814,06/22/2025 23:55:00,3.52,,,,,
1815,06/23/2025 00:00:00,3.94,,,,,
1816,06/23/2025 00:05:00,3.73,,,,,
1817,06/23/2025 00:10:00,3.90,,,,,
1818,06/23/2025 00:15:00,3.99,,,,,
1819,06/23/2025 00:20:00,3.30,,,,,
1820,06/23/2025 00:25:00,2.49,,,,,
1821,06/23/2025 00:30:00,3.73,,,,,
1822,06/23/2025 00:35:00,4.42,,,,,
1823,06/23/2025 00:40:00,4.93,,,,,
1824,06/23/2025 00:45:00,4.97,,,,,
1825,06/23/2025 00:50:00,4.93,,,,,
1826,06/23/2025 00:55:00,5.06,,,,,
1827,06/23/2025 01:00:00,5.15,,,,,
1828,06/23/2025 01:05:00,5.49,,,,,
1829,06/23/2025 01:10:00,5.62,,,,,
1830,06/23/2025 01:15:00,5.19,,,,,
1831,06/23/2025 01:20:00,4.37,,,,,
1832,06/23/2025 01:25:00,3.69,,,,,
1833,06/23/2025 01:30:00,3.69,,,,,
1834,06/23/2025 01:35:00,3.90,,,,,
1835,06/23/2025 01:40:00,4.54,,,,,
1836,06/23/2025 01:45:00,4.54,,,,,
1837,06/23/2025 01:50:00,3.94,,,,,
1838,06/23/2025 01:55:00,3.77,,,,,
1839,06/23/2025 02:00:00,3.77,,,,,
1840,06/23/2025 02:05:00,4.16,,,,,
1841,06/23/2025 02:10:00,4.07,,,,,
1842,06/23/2025 02:15:00,4.03,,,,,
1843,06/23/2025 02:20:00,4.07,,,,,
1844,06/23/2025 02:25:00,3.94,,,,,
1845,06/23/2025 02:30:00,3.43,,,,,
1846,06/23/2025 02:35:00,2.91,,,,,
1847,06/23/2025 02:40:00,2.79,,,,,
1848,06/23/2025 02:45:00,2.96,,,,,
1849,06/23/2025 02:50:00,3.77,,,,,
1850,06/23/2025 02:55:00,3.64,,,,,
1851,06/23/2025 03:00:00,3.47,,,,,
1852,06/23/2025 03:05:00,2.74,,,,,
1853,06/23/2025 03:10:00,2.36,,,,,
1854,06/23/2025 03:15:00,2.36,,,,,
1855,06/23/2025 03:20:00,2.61,,,,,
1856,06/23/2025 03:25:00,1.97,,,,,
1857,06/23/2025 03:30:00,1.93,,,,,
1858,06/23/2025 03:35:00,1.76,,,,,
1859,06/23/2025 03:40:00,1.76,,,,,
1860,06/23/2025 03:45:00,1.63,,,,,
1861,06/23/2025 03:50:00,1.84,,,,,
1862,06/23/2025 03:55:00,1.50,,,,,
1863,06/23/2025 04:00:00,1.63,,,,,
1864,06/23/2025 04:05:00,2.31,,,,,
1865,06/23/2025 04:10:00,2.19,,,,,
1866,06/23/2025 04:15:00,1.97,,,,,
1867,06/23/2025 04:20:00,1.76,,,,,
1868,06/23/2025 04:25:00,2.14,,,,,
1869,06/23/2025 04:30:00,2.14,,,,,
1870,06/23/2025 04:35:00,1.88,,,,,
1871,06/23/2025 04:40:00,1.93,,,,,
1872,06/23/2025 04:45:00,1.97,,,,,
1873,06/23/2025 04:50:00,2.01,,,,,
1874,06/23/2025 04:55:00,1.88,,,,,
1875,06/23/2025 05:00:00,2.19,,,,,
1876,06/23/2025 05:05:00,1.93,,,,,
1877,06/23/2025 05:10:00,2.27,,,,,
1878,06/23/2025 05:15:00,2.40,,,,,
1879,06/23/2025 05:20:00,2.83,,,,,
1880,06/23/2025 05:25:00,3.26,,,,,
1881,06/23/2025 05:30:00,3.04,,,,,
1882,06/23/2025 05:35:00,3.56,,,,,
1883,06/23/2025 05:40:00,3.64,,,,,
1884,06/23/2025 05:45:00,3.47,,,,,
1885,06/23/2025 05:50:00,3.39,,,,,
1886,06/23/2025 05:55:00,3.64,,,,,
1887,06/23/2025 06:00:00,3.64,,,,,
1888,06/23/2025 06:05:00,3.94,,,,,
1889,06/23/2025 06:10:00,3.94,,,,,
1890,06/23/2025 06:15:00,3.77,,,,,
1891,06/23/2025 06:20:00,3.99,,,,,
1892,06/23/2025 06:25:00,3.60,,,,,
1893,06/23/2025 06:30:00,3.34,,,,,
1894,06/23/2025 06:35:00,3.21,,,,,
1895,06/23/2025 06:40:00,3.43,,,,,
1896,06/23/2025 06:45:00,3.73,,,,,
1897,06/23/2025 06:50:00,4.33,,,,,
1898,06/23/2025 06:55:00,4.59,,,,,
1899,06/23/2025 07:00:00,4.59,,,,,
1900,06/23/2025 07:05:00,4.50,,,,,
1901,06/23/2025 07:10:00,4.67,,,,,
1902,06/23/2025 07:15:00,4.93,,,,,
1903,06/23/2025 07:20:00,5.87,,,,,
1904,06/23/2025 07:25:00,5.66,,,,,
1905,06/23/2025 07:30:00,5.96,,,,,
1906,06/23/2025 07:35:00,6.13,,,,,
1907,06/23/2025 07:40:00,5.49,,,,,
1908,06/23/2025 07:45:00,4.93,,,,,
1909,06/23/2025 07:50:00,4.97,,,,,
1910,06/23/2025 07:55:00,4.72,,,,,
1911,06/23/2025 08:00:00,4.46,,,,,
1912,06/23/2025 08:05:00,4.37,,,,,
1913,06/23/2025 08:10:00,4.59,,,,,
1914,06/23/2025 08:15:00,4.84,,,,,
1915,06/23/2025 08:20:00,5.23,,,,,
1916,06/23/2025 08:25:00,5.23,,,,,
1917,06/23/2025 08:30:00,5.40,,,,,
1918,06/23/2025 08:35:00,4.80,,,,,
1919,06/23/2025 08:40:00,4.42,,,,,
1920,06/23/2025 08:45:00,4.33,,,,,
1921,06/23/2025 08:50:00,4.46,,,,,
1922,06/23/2025 08:55:00,4.29,,,,,
1923,06/23/2025 09:00:00,4.24,,,,,
1924,06/23/2025 09:05:00,4.84,,,,,
1925,06/23/2025 09:10:00,4.50,,,,,
1926,06/23/2025 09:15:00,4.72,,,,,
1927,06/23/2025 09:20:00,4.63,,,,,
1928,06/23/2025 09:25:00,5.02,,,,,
1929,06/23/2025 09:30:00,5.32,,,,,
1930,06/23/2025 09:35:00,5.79,,,,,
1931,06/23/2025 09:40:00,6.73,,,,,
1932,06/23/2025 09:45:00,8.06,,,,,
1933,06/23/2025 09:50:00,8.66,,,,,
1934,06/23/2025 09:55:00,8.88,,,,,
1935,06/23/2025 10:00:00,9.01,,,,,
1936,06/23/2025 10:05:00,8.28,,,,,
1937,06/23/2025 10:10:00,6.95,,,,,
1938,06/23/2025 10:15:00,5.92,,,,,
1939,06/23/2025 10:20:00,5.96,,,,,
1940,06/23/2025 10:25:00,6.60,,,,,
1941,06/23/2025 10:30:00,7.59,,,,,
1942,06/23/2025 10:35:00,9.39,,,,,
1943,06/23/2025 10:40:00,10.51,,,,,
1944,06/23/2025 10:45:00,11.58,,,,,
1945,06/23/2025 10:50:00,12.61,,,,,
1946,06/23/2025 10:55:00,15.10,,,,,
1947,06/23/2025 11:00:00,16.39,,,,,
1948,06/23/2025 11:05:00,17.67,,,,,
1949,06/23/2025 11:10:00,17.46,,,,,
1950,06/23/2025 11:15:00,15.53,,,,,
1951,06/23/2025 11:20:00,12.87,,,,,
1952,06/23/2025 11:25:00,12.01,,,,,
1953,06/23/2025 11:30:00,11.54,,,,,
1954,06/23/2025 11:35:00,10.68,,,,,
1955,06/23/2025 11:40:00,9.78,,,,,
1956,06/23/2025 11:45:00,9.31,,,,,
1957,06/23/2025 11:50:00,8.66,,,,,
1958,06/23/2025 11:55:00,8.41,,,,,
1959,06/23/2025 12:00:00,8.15,,,,,
1960,06/23/2025 12:05:00,7.81,,,,,
1961,06/23/2025 12:10:00,7.68,,,,,
1962,06/23/2025 12:15:00,7.29,,,,,
1963,06/23/2025 12:20:00,7.68,,,,,
1964,06/23/2025 12:25:00,7.29,,,,,
1965,06/23/2025 12:30:00,7.20,,,,,
1966,06/23/2025 12:35:00,7.38,,,,,
1967,06/23/2025 12:40:00,7.76,,,,,
1968,06/23/2025 12:45:00,7.42,,,,,
1969,06/23/2025 12:50:00,7.38,,,,,
1970,06/23/2025 12:55:00,7.72,,,,,
1971,06/23/2025 13:00:00,9.65,,,,,
1972,06/23/2025 13:05:00,10.59,,,,,
1973,06/23/2025 13:10:00,9.61,,,,,
1974,06/23/2025 13:15:00,8.28,,,,,
1975,06/23/2025 13:20:00,7.63,,,,,
1976,06/23/2025 13:25:00,7.81,,,,,
1977,06/23/2025 13:30:00,8.19,,,,,
1978,06/23/2025 13:35:00,8.23,,,,,
1979,06/23/2025 13:40:00,9.05,,,,,
1980,06/23/2025 13:45:00,9.91,,,,,
1981,06/23/2025 13:50:00,11.19,,,,,
1982,06/23/2025 13:55:00,10.72,,,,,
1983,06/23/2025 14:00:00,9.31,,,,,
1984,06/23/2025 14:05:00,8.36,,,,,
1985,06/23/2025 14:10:00,7.72,,,,,
1986,06/23/2025 14:15:00,7.33,,,,,
1987,06/23/2025 14:20:00,7.03,,,,,
1988,06/23/2025 14:25:00,7.12,,,,,
1989,06/23/2025 14:30:00,7.81,,,,,
1990,06/23/2025 14:35:00,8.53,,,,,
1991,06/23/2025 14:40:00,7.81,,,,,
1992,06/23/2025 14:45:00,6.86,,,,,
1993,06/23/2025 14:50:00,6.60,,,,,
1994,06/23/2025 14:55:00,6.86,,,,,
1995,06/23/2025 15:00:00,6.86,,,,,
1996,06/23/2025 15:05:00,6.69,,,,,
1997,06/23/2025 15:10:00,6.60,,,,,
1998,06/23/2025 15:15:00,7.50,,,,,
1999,06/23/2025 15:20:00,7.85,,,,,
2000,06/23/2025 15:25:00,7.81,,,,,
2001,06/23/2025 15:30:00,7.89,,,,,
2002,06/23/2025 15:35:00,7.46,,,,,
2003,06/23/2025 15:40:00,7.12,,,,,
2004,06/23/2025 15:45:00,7.55,,,,,
2005,06/23/2025 15:50:00,7.68,,,,,
2006,06/23/2025 15:55:00,8.15,,,,,
2007,06/23/2025 16:00:00,10.68,,,,,
2008,06/23/2025 16:05:00,12.35,,,,,
2009,06/23/2025 16:10:00,12.05,,,,,
2010,06/23/2025 16:15:00,11.15,,,,,
2011,06/23/2025 16:20:00,11.15,,,,,
2012,06/23/2025 16:25:00,12.01,,,,,
2013,06/23/2025 16:30:00,12.18,,,,,
2014,06/23/2025 16:35:00,10.85,,,,,
2015,06/23/2025 16:40:00,10.16,,,,,
2016,06/23/2025 16:45:00,10.08,,,,,
2017,06/23/2025 16:50:00,8.83,,,,,
2018,06/23/2025 16:55:00,9.26,,,,,
2019,06/23/2025 17:00:00,9.69,,,,,
2020,06/23/2025 17:05:00,8.23,,,,,
2021,06/23/2025 17:10:00,8.06,,,,,
2022,06/23/2025 17:15:00,8.28,,,,,
2023,06/23/2025 17:20:00,7.76,,,,,
2024,06/23/2025 17:25:00,7.03,,,,,
2025,06/23/2025 17:30:00,6.99,,,,,
2026,06/23/2025 17:35:00,7.12,,,,,
2027,06/23/2025 17:40:00,6.26,,,,,
2028,06/23/2025 17:45:00,5.62,,,,,
2029,06/23/2025 17:50:00,4.97,,,,,
2030,06/23/2025 17:55:00,4.72,,,,,
2031,06/23/2025 18:00:00,4.93,,,,,
2032,06/23/2025 18:05:00,4.89,,,,,
2033,06/23/2025 18:10:00,4.72,,,,,
2034,06/23/2025 18:15:00,4.93,,,,,
2035,06/23/2025 18:20:00,5.62,,,,,
2036,06/23/2025 18:25:00,5.96,,,,,
2037,06/23/2025 18:30:00,5.66,,,,,
2038,06/23/2025 18:35:00,5.02,,,,,
2039,06/23/2025 18:40:00,4.72,,,,,
2040,06/23/2025 18:45:00,5.15,,,,,
2041,06/23/2025 18:50:00,5.15,,,,,
2042,06/23/2025 18:55:00,6.05,,,,,
2043,06/23/2025 19:00:00,7.25,,,,,
2044,06/23/2025 19:05:00,6.22,,,,,
2045,06/23/2025 19:10:00,5.40,,,,,
2046,06/23/2025 19:15:00,4.97,,,,,
2047,06/23/2025 19:20:00,4.89,,,,,
2048,06/23/2025 19:25:00,4.97,,,,,
2049,06/23/2025 19:30:00,4.59,,,,,
2050,06/23/2025 19:35:00,4.76,,,,,
2051,06/23/2025 19:40:00,4.59,,,,,
2052,06/23/2025 19:45:00,4.33,,,,,
2053,06/23/2025 19:50:00,4.29,,,,,
2054,06/23/2025 19:55:00,4.03,,,,,
2055,06/23/2025 20:00:00,3.90,,,,,
2056,06/23/2025 20:05:00,3.56,,,,,
2057,06/23/2025 20:10:00,2.87,,,,,
2058,06/23/2025 20:15:00,2.57,,,,,
2059,06/23/2025 20:20:00,2.61,,,,,
2060,06/23/2025 20:25:00,2.87,,,,,
2061,06/23/2025 20:30:00,2.91,,,,,
2062,06/23/2025 20:35:00,2.83,,,,,
2063,06/23/2025 20:40:00,3.04,,,,,
2064,06/23/2025 20:45:00,3.13,,,,,
2065,06/23/2025 20:50:00,2.91,,,,,
2066,06/23/2025 20:55:00,2.83,,,,,
2067,06/23/2025 21:00:00,2.79,,,,,
2068,06/23/2025 21:05:00,2.74,,,,,
2069,06/23/2025 21:10:00,2.61,,,,,
2070,06/23/2025 21:15:00,2.57,,,,,
2071,06/23/2025 21:20:00,2.66,,,,,
2072,06/23/2025 21:25:00,2.61,,,,,
2073,06/23/2025 21:30:00,2.70,,,,,
2074,06/23/2025 21:35:00,3.13,,,,,
2075,06/23/2025 21:40:00,3.00,,,,,
2076,06/23/2025 21:45:00,2.61,,,,,
2077,06/23/2025 21:50:00,2.49,,,,,
2078,06/23/2025 21:55:00,2.23,,,,,
2079,06/23/2025 22:00:00,2.23,,,,,
2080,06/23/2025 22:05:00,2.19,,,,,
2081,06/23/2025 22:10:00,2.14,,,,,
2082,06/23/2025 22:15:00,2.40,,,,,
2083,06/23/2025 22:20:00,2.87,,,,,
2084,06/23/2025 22:25:00,2.91,,,,,
2085,06/23/2025 22:30:00,2.66,,,,,
2086,06/23/2025 22:35:00,2.87,,,,,
2087,06/23/2025 22:40:00,2.66,,,,,
2088,06/23/2025 22:45:00,2.23,,,,,
2089,06/23/2025 22:50:00,2.19,,,,,
2090,06/23/2025 22:55:00,2.66,,,,,
2091,06/23/2025 23:00:00,2.57,,,,,
2092,06/23/2025 23:05:00,2.49,,,,,
2093,06/23/2025 23:10:00,2.61,,,,,
2094,06/23/2025 23:15:00,2.57,,,,,
2095,06/23/2025 23:20:00,2.61,,,,,
2096,06/23/2025 23:25:00,2.49,,,,,
2097,06/23/2025 23:30:00,2.57,,,,,
2098,06/23/2025 23:35:00,2.70,,,,,
2099,06/23/2025 23:40:00,2.57,,,,,
2100,06/23/2025 23:45:00,2.44,,,,,
2101,06/23/2025 23:50:00,2.27,,,,,
2102,06/23/2025 23:55:00,2.23,,,,,
2103,06/24/2025 00:00:00,2.01,,,,,
2104,06/24/2025 00:05:00,2.14,,,,,
2105,06/24/2025 00:10:00,2.31,,,,,
2106,06/24/2025 00:15:00,2.49,,,,,
2107,06/24/2025 00:20:00,2.61,,,,,
2108,06/24/2025 00:25:00,2.53,,,,,
2109,06/24/2025 00:30:00,2.70,,,,,
2110,06/24/2025 00:35:00,2.36,,,,,
2111,06/24/2025 00:40:00,2.31,,,,,
2112,06/24/2025 00:45:00,2.36,,,,,
2113,06/24/2025 00:50:00,2.49,,,,,
2114,06/24/2025 00:55:00,2.53,,,,,
2115,06/24/2025 01:00:00,2.40,,,,,
2116,06/24/2025 01:05:00,2.31,,,,,
2117,06/24/2025 01:10:00,2.66,,,,,
2118,06/24/2025 01:15:00,2.70,,,,,
2119,06/24/2025 01:20:00,2.66,,,,,
2120,06/24/2025 01:25:00,2.70,,,,,
2121,06/24/2025 01:30:00,2.44,,,,,
2122,06/24/2025 01:35:00,2.66,,,,,
2123,06/24/2025 01:40:00,2.74,,,,,
2124,06/24/2025 01:45:00,2.40,,,,,
2125,06/24/2025 01:50:00,2.23,,,,,
2126,06/24/2025 01:55:00,2.36,,,,,
2127,06/24/2025 02:00:00,2.44,,,,,
2128,06/24/2025 02:05:00,2.53,,,,,
2129,06/24/2025 02:10:00,2.40,,,,,
2130,06/24/2025 02:15:00,2.23,,,,,
2131,06/24/2025 02:20:00,2.19,,,,,
2132,06/24/2025 02:25:00,2.14,,,,,
2133,06/24/2025 02:30:00,2.36,,,,,
2134,06/24/2025 02:35:00,2.31,,,,,
2135,06/24/2025 02:40:00,2.40,,,,,
2136,06/24/2025 02:45:00,2.19,,,,,
2137,06/24/2025 02:50:00,2.23,,,,,
2138,06/24/2025 02:55:00,2.23,,,,,
2139,06/24/2025 03:00:00,2.40,,,,,
2140,06/24/2025 03:05:00,2.49,,,,,
2141,06/24/2025 03:10:00,2.53,,,,,
2142,06/24/2025 03:15:00,2.53,,,,,
2143,06/24/2025 03:20:00,2.44,,,,,
2144,06/24/2025 03:25:00,2.31,,,,,
2145,06/24/2025 03:30:00,2.31,,,,,
2146,06/24/2025 03:35:00,2.44,,,,,
2147,06/24/2025 03:40:00,2.36,,,,,
2148,06/24/2025 03:45:00,2.36,,,,,
2149,06/24/2025 03:50:00,2.49,,,,,
2150,06/24/2025 03:55:00,2.49,,,,,
2151,06/24/2025 04:00:00,2.40,,,,,
2152,06/24/2025 04:05:00,2.23,,,,,
2153,06/24/2025 04:10:00,2.36,,,,,
2154,06/24/2025 04:15:00,2.31,,,,,
2155,06/24/2025 04:20:00,2.49,,,,,
2156,06/24/2025 04:25:00,2.53,,,,,
2157,06/24/2025 04:30:00,2.70,,,,,
2158,06/24/2025 04:35:00,2.53,,,,,
2159,06/24/2025 04:40:00,2.49,,,,,
2160,06/24/2025 04:45:00,2.44,,,,,
2161,06/24/2025 04:50:00,2.36,,,,,
2162,06/24/2025 04:55:00,2.66,,,,,
2163,06/24/2025 05:00:00,2.91,,,,,
2164,06/24/2025 05:05:00,2.91,,,,,
2165,06/24/2025 05:10:00,2.57,,,,,
2166,06/24/2025 05:15:00,2.53,,,,,
2167,06/24/2025 05:20:00,2.49,,,,,
2168,06/24/2025 05:25:00,2.40,,,,,
2169,06/24/2025 05:30:00,2.53,,,,,
2170,06/24/2025 05:35:00,2.61,,,,,
2171,06/24/2025 05:40:00,2.74,,,,,
2172,06/24/2025 05:45:00,2.87,,,,,
2173,06/24/2025 05:50:00,3.00,,,,,
2174,06/24/2025 05:55:00,3.21,,,,,
2175,06/24/2025 06:00:00,2.91,,,,,
2176,06/24/2025 06:05:00,2.66,,,,,
2177,06/24/2025 06:10:00,3.04,,,,,
2178,06/24/2025 06:15:00,2.91,,,,,
2179,06/24/2025 06:20:00,2.70,,,,,
2180,06/24/2025 06:25:00,3.34,,,,,
2181,06/24/2025 06:30:00,3.47,,,,,
2182,06/24/2025 06:35:00,3.86,,,,,
2183,06/24/2025 06:40:00,3.94,,,,,
2184,06/24/2025 06:45:00,4.03,,,,,
2185,06/24/2025 06:50:00,4.46,,,,,
2186,06/24/2025 06:55:00,4.63,,,,,
2187,06/24/2025 07:00:00,4.63,,,,,
2188,06/24/2025 07:05:00,4.24,,,,,
2189,06/24/2025 07:10:00,3.82,,,,,
2190,06/24/2025 07:15:00,4.03,,,,,
2191,06/24/2025 07:20:00,3.99,,,,,
2192,06/24/2025 07:25:00,4.20,,,,,
2193,06/24/2025 07:30:00,5.06,,,,,
2194,06/24/2025 07:35:00,6.09,,,,,
2195,06/24/2025 07:40:00,5.92,,,,,
2196,06/24/2025 07:45:00,5.75,,,,,
2197,06/24/2025 07:50:00,5.75,,,,,
2198,06/24/2025 07:55:00,5.53,,,,,
2199,06/24/2025 08:00:00,5.45,,,,,
2200,06/24/2025 08:05:00,5.10,,,,,
2201,06/24/2025 08:10:00,5.57,,,,,
2202,06/24/2025 08:15:00,5.57,,,,,
2203,06/24/2025 08:20:00,5.49,,,,,
2204,06/24/2025 08:25:00,5.92,,,,,
2205,06/24/2025 08:30:00,6.69,,,,,
2206,06/24/2025 08:35:00,6.95,,,,,
2207,06/24/2025 08:40:00,6.56,,,,,
2208,06/24/2025 08:45:00,6.90,,,,,
2209,06/24/2025 08:50:00,7.03,,,,,
2210,06/24/2025 08:55:00,7.89,,,,,
2211,06/24/2025 09:00:00,8.96,,,,,
2212,06/24/2025 09:05:00,7.93,,,,,
2213,06/24/2025 09:10:00,6.73,,,,,
2214,06/24/2025 09:15:00,6.39,,,,,
2215,06/24/2025 09:20:00,6.26,,,,,
2216,06/24/2025 09:25:00,6.13,,,,,
2217,06/24/2025 09:30:00,6.17,,,,,
2218,06/24/2025 09:35:00,6.22,,,,,
2219,06/24/2025 09:40:00,6.52,,,,,
2220,06/24/2025 09:45:00,6.90,,,,,
2221,06/24/2025 09:50:00,7.72,,,,,
2222,06/24/2025 09:55:00,8.11,,,,,
2223,06/24/2025 10:00:00,7.98,,,,,
2224,06/24/2025 10:05:00,8.15,,,,,
2225,06/24/2025 10:10:00,8.88,,,,,
2226,06/24/2025 10:15:00,10.51,,,,,
2227,06/24/2025 10:20:00,11.11,,,,,
2228,06/24/2025 10:25:00,9.78,,,,,
2229,06/24/2025 10:30:00,9.05,,,,,
2230,06/24/2025 10:35:00,9.48,,,,,
2231,06/24/2025 10:40:00,9.22,,,,,
2232,06/24/2025 10:45:00,8.28,,,,,
2233,06/24/2025 10:50:00,7.42,,,,,
2234,06/24/2025 10:55:00,6.69,,,,,
2235,06/24/2025 11:00:00,6.30,,,,,
2236,06/24/2025 11:05:00,6.00,,,,,
2237,06/24/2025 11:10:00,5.32,,,,,
2238,06/24/2025 11:15:00,5.10,,,,,
2239,06/24/2025 11:20:00,5.36,,,,,
2240,06/24/2025 11:25:00,5.49,,,,,
2241,06/24/2025 11:30:00,5.53,,,,,
2242,06/24/2025 11:35:00,5.75,,,,,
2243,06/24/2025 11:40:00,6.22,,,,,
2244,06/24/2025 11:45:00,6.73,,,,,
2245,06/24/2025 11:50:00,7.03,,,,,
2246,06/24/2025 11:55:00,7.20,,,,,
2247,06/24/2025 12:00:00,7.68,,,,,
2248,06/24/2025 12:05:00,7.46,,,,,
2249,06/24/2025 12:10:00,7.25,,,,,
2250,06/24/2025 12:15:00,7.20,,,,,
2251,06/24/2025 12:20:00,7.68,,,,,
2252,06/24/2025 12:25:00,7.89,,,,,
2253,06/24/2025 12:30:00,8.58,,,,,
2254,06/24/2025 12:35:00,7.93,,,,,
2255,06/24/2025 12:40:00,7.55,,,,,
2256,06/24/2025 12:45:00,7.89,,,,,
2257,06/24/2025 12:50:00,7.76,,,,,
2258,06/24/2025 12:55:00,7.72,,,,,
2259,06/24/2025 13:00:00,7.42,,,,,
2260,06/24/2025 13:05:00,7.25,,,,,
2261,06/24/2025 13:10:00,7.55,,,,,
2262,06/24/2025 13:15:00,7.72,,,,,
2263,06/24/2025 13:20:00,8.19,,,,,
2264,06/24/2025 13:25:00,8.41,,,,,
2265,06/24/2025 13:30:00,8.62,,,,,
2266,06/24/2025 13:35:00,8.49,,,,,
2267,06/24/2025 13:40:00,8.53,,,,,
2268,06/24/2025 13:45:00,8.15,,,,,
2269,06/24/2025 13:50:00,7.98,,,,,
2270,06/24/2025 13:55:00,8.23,,,,,
2271,06/24/2025 14:00:00,8.66,,,,,
2272,06/24/2025 14:05:00,8.41,,,,,
2273,06/24/2025 14:10:00,8.62,,,,,
2274,06/24/2025 14:15:00,8.49,,,,,
2275,06/24/2025 14:20:00,8.62,,,,,
2276,06/24/2025 14:25:00,7.85,,,,,
2277,06/24/2025 14:30:00,7.29,,,,,
2278,06/24/2025 14:35:00,7.16,,,,,
2279,06/24/2025 14:40:00,7.42,,,,,
2280,06/24/2025 14:45:00,8.06,,,,,
2281,06/24/2025 14:50:00,8.19,,,,,
2282,06/24/2025 14:55:00,7.93,,,,,
2283,06/24/2025 15:00:00,8.15,,,,,
2284,06/24/2025 15:05:00,7.81,,,,,
2285,06/24/2025 15:10:00,8.36,,,,,
2286,06/24/2025 15:15:00,7.93,,,,,
2287,06/24/2025 15:20:00,8.15,,,,,
2288,06/24/2025 15:25:00,7.16,,,,,
2289,06/24/2025 15:30:00,7.33,,,,,
2290,06/24/2025 15:35:00,7.16,,,,,
2291,06/24/2025 15:40:00,6.99,,,,,
2292,06/24/2025 15:45:00,7.42,,,,,
2293,06/24/2025 15:50:00,7.16,,,,,
2294,06/24/2025 15:55:00,7.25,,,,,
2295,06/24/2025 16:00:00,7.55,,,,,
2296,06/24/2025 16:05:00,8.11,,,,,
2297,06/24/2025 16:10:00,8.53,,,,,
2298,06/24/2025 16:15:00,9.09,,,,,
2299,06/24/2025 16:20:00,9.01,,,,,
2300,06/24/2025 16:25:00,10.21,,,,,
2301,06/24/2025 16:30:00,10.42,,,,,
2302,06/24/2025 16:35:00,10.25,,,,,
2303,06/24/2025 16:40:00,11.45,,,,,
2304,06/24/2025 16:45:00,11.92,,,,,
2305,06/24/2025 16:50:00,10.46,,,,,
2306,06/24/2025 16:55:00,9.44,,,,,
2307,06/24/2025 17:00:00,8.96,,,,,
2308,06/24/2025 17:05:00,9.09,,,,,
2309,06/24/2025 17:10:00,9.65,,,,,
2310,06/24/2025 17:15:00,10.89,,,,,
2311,06/24/2025 17:20:00,11.19,,,,,
2312,06/24/2025 17:25:00,10.21,,,,,
2313,06/24/2025 17:30:00,11.07,,,,,
2314,06/24/2025 17:35:00,11.79,,,,,
2315,06/24/2025 17:40:00,12.52,,,,,
2316,06/24/2025 17:45:00,13.43,,,,,
2317,06/24/2025 17:50:00,12.52,,,,,
2318,06/24/2025 17:55:00,11.75,,,,,
2319,06/24/2025 18:00:00,13.47,,,,,
2320,06/24/2025 18:05:00,14.45,,,,,
2321,06/24/2025 18:10:00,12.61,,,,,
2322,06/24/2025 18:15:00,9.78,,,,,
2323,06/24/2025 18:20:00,7.89,,,,,
2324,06/24/2025 18:25:00,7.42,,,,,
2325,06/24/2025 18:30:00,7.08,,,,,
2326,06/24/2025 18:35:00,6.13,,,,,
2327,06/24/2025 18:40:00,5.66,,,,,
2328,06/24/2025 18:45:00,5.06,,,,,
2329,06/24/2025 18:50:00,5.02,,,,,
2330,06/24/2025 18:55:00,5.19,,,,,
2331,06/24/2025 19:00:00,5.02,,,,,
2332,06/24/2025 19:05:00,5.45,,,,,
2333,06/24/2025 19:10:00,5.19,,,,,
2334,06/24/2025 19:15:00,4.46,,,,,
2335,06/24/2025 19:20:00,4.42,,,,,
2336,06/24/2025 19:25:00,4.16,,,,,
2337,06/24/2025 19:30:00,4.12,,,,,
2338,06/24/2025 19:35:00,4.20,,,,,
2339,06/24/2025 19:40:00,3.82,,,,,
2340,06/24/2025 19:45:00,3.73,,,,,
2341,06/24/2025 19:50:00,3.82,,,,,
2342,06/24/2025 19:55:00,3.64,,,,,
2343,06/24/2025 20:00:00,3.30,,,,,
2344,06/24/2025 20:05:00,3.21,,,,,
2345,06/24/2025 20:10:00,3.13,,,,,
2346,06/24/2025 20:15:00,3.13,,,,,
2347,06/24/2025 20:20:00,2.96,,,,,
2348,06/24/2025 20:25:00,2.96,,,,,
2349,06/24/2025 20:30:00,2.87,,,,,
2350,06/24/2025 20:35:00,2.61,,,,,
2351,06/24/2025 20:40:00,2.23,,,,,
2352,06/24/2025 20:45:00,2.19,,,,,
2353,06/24/2025 20:50:00,2.27,,,,,
2354,06/24/2025 20:55:00,2.44,,,,,
2355,06/24/2025 21:00:00,2.49,,,,,
2356,06/24/2025 21:05:00,2.49,,,,,
2357,06/24/2025 21:10:00,2.31,,,,,
2358,06/24/2025 21:15:00,2.19,,,,,
2359,06/24/2025 21:20:00,2.14,,,,,
2360,06/24/2025 21:25:00,2.01,,,,,
2361,06/24/2025 21:30:00,2.27,,,,,
2362,06/24/2025 21:35:00,2.31,,,,,
2363,06/24/2025 21:40:00,2.31,,,,,
2364,06/24/2025 21:45:00,2.27,,,,,
2365,06/24/2025 21:50:00,2.23,,,,,
2366,06/24/2025 21:55:00,2.10,,,,,
2367,06/24/2025 22:00:00,1.84,,,,,
2368,06/24/2025 22:05:00,1.84,,,,,
2369,06/24/2025 22:10:00,1.67,,,,,
2370,06/24/2025 22:15:00,1.67,,,,,
2371,06/24/2025 22:20:00,1.76,,,,,
2372,06/24/2025 22:25:00,1.93,,,,,
2373,06/24/2025 22:30:00,1.80,,,,,
2374,06/24/2025 22:35:00,1.93,,,,,
2375,06/24/2025 22:40:00,1.97,,,,,
2376,06/24/2025 22:45:00,1.76,,,,,
2377,06/24/2025 22:50:00,1.67,,,,,
2378,06/24/2025 22:55:00,1.88,,,,,
2379,06/24/2025 23:00:00,2.36,,,,,
2380,06/24/2025 23:05:00,2.49,,,,,
2381,06/24/2025 23:10:00,2.66,,,,,
2382,06/24/2025 23:15:00,2.74,,,,,
2383,06/24/2025 23:20:00,2.70,,,,,
2384,06/24/2025 23:25:00,2.74,,,,,
2385,06/24/2025 23:30:00,2.70,,,,,
2386,06/24/2025 23:35:00,2.70,,,,,
2387,06/24/2025 23:40:00,2.53,,,,,
2388,06/24/2025 23:45:00,2.44,,,,,
2389,06/24/2025 23:50:00,2.36,,,,,
2390,06/24/2025 23:55:00,2.36,,,,,
2391,06/25/2025 00:00:00,2.36,,,,,
2392,06/25/2025 00:05:00,2.31,,,,,
2393,06/25/2025 00:10:00,2.27,,,,,
2394,06/25/2025 00:15:00,2.06,,,,,
2395,06/25/2025 00:20:00,2.06,,,,,
2396,06/25/2025 00:25:00,2.10,,,,,
2397,06/25/2025 00:30:00,2.36,,,,,
2398,06/25/2025 00:35:00,2.49,,,,,
2399,06/25/2025 00:40:00,2.53,,,,,
2400,06/25/2025 00:45:00,2.44,,,,,
2401,06/25/2025 00:50:00,2.57,,,,,
2402,06/25/2025 00:55:00,2.66,,,,,
2403,06/25/2025 01:00:00,2.70,,,,,
2404,06/25/2025 01:05:00,2.70,,,,,
2405,06/25/2025 01:10:00,2.61,,,,,
2406,06/25/2025 01:15:00,2.61,,,,,
2407,06/25/2025 01:20:00,2.57,,,,,
2408,06/25/2025 01:25:00,2.44,,,,,
2409,06/25/2025 01:30:00,2.49,,,,,
2410,06/25/2025 01:35:00,2.49,,,,,
2411,06/25/2025 01:40:00,2.40,,,,,
2412,06/25/2025 01:45:00,2.40,,,,,
2413,06/25/2025 01:50:00,2.40,,,,,
2414,06/25/2025 01:55:00,2.27,,,,,
2415,06/25/2025 02:00:00,2.31,,,,,
2416,06/25/2025 02:05:00,2.27,,,,,
2417,06/25/2025 02:10:00,2.36,,,,,
2418,06/25/2025 02:15:00,2.40,,,,,
2419,06/25/2025 02:20:00,2.36,,,,,
2420,06/25/2025 02:25:00,2.31,,,,,
2421,06/25/2025 02:30:00,2.19,,,,,
2422,06/25/2025 02:35:00,2.19,,,,,
2423,06/25/2025 02:40:00,2.14,,,,,
2424,06/25/2025 02:45:00,2.10,,,,,
2425,06/25/2025 02:50:00,2.19,,,,,
2426,06/25/2025 02:55:00,2.23,,,,,
2427,06/25/2025 03:00:00,2.27,,,,,
2428,06/25/2025 03:05:00,2.27,,,,,
2429,06/25/2025 03:10:00,2.36,,,,,
2430,06/25/2025 03:15:00,2.40,,,,,
2431,06/25/2025 03:20:00,2.40,,,,,
2432,06/25/2025 03:25:00,2.31,,,,,
2433,06/25/2025 03:30:00,2.31,,,,,
2434,06/25/2025 03:35:00,2.27,,,,,
2435,06/25/2025 03:40:00,1.97,,,,,
2436,06/25/2025 03:45:00,2.01,,,,,
2437,06/25/2025 03:50:00,1.97,,,,,
2438,06/25/2025 03:55:00,2.19,,,,,
2439,06/25/2025 04:00:00,2.06,,,,,
2440,06/25/2025 04:05:00,1.97,,,,,
2441,06/25/2025 04:10:00,1.93,,,,,
2442,06/25/2025 04:15:00,1.97,,,,,
2443,06/25/2025 04:20:00,2.14,,,,,
2444,06/25/2025 04:25:00,2.49,,,,,
2445,06/25/2025 04:30:00,2.74,,,,,
2446,06/25/2025 04:35:00,2.74,,,,,
2447,06/25/2025 04:40:00,2.70,,,,,
2448,06/25/2025 04:45:00,2.66,,,,,
2449,06/25/2025 04:50:00,2.66,,,,,
2450,06/25/2025 04:55:00,2.70,,,,,
2451,06/25/2025 05:00:00,2.57,,,,,
2452,06/25/2025 05:05:00,2.79,,,,,
2453,06/25/2025 05:10:00,2.66,,,,,
2454,06/25/2025 05:15:00,2.83,,,,,
2455,06/25/2025 05:20:00,3.00,,,,,
2456,06/25/2025 05:25:00,3.30,,,,,
2457,06/25/2025 05:30:00,3.43,,,,,
2458,06/25/2025 05:35:00,3.56,,,,,
2459,06/25/2025 05:40:00,3.69,,,,,
2460,06/25/2025 05:45:00,3.69,,,,,
2461,06/25/2025 05:50:00,3.73,,,,,
2462,06/25/2025 05:55:00,3.64,,,,,
2463,06/25/2025 06:00:00,3.77,,,,,
2464,06/25/2025 06:05:00,3.90,,,,,
2465,06/25/2025 06:10:00,3.90,,,,,
2466,06/25/2025 06:15:00,3.73,,,,,
2467,06/25/2025 06:20:00,3.69,,,,,
2468,06/25/2025 06:25:00,3.64,,,,,
2469,06/25/2025 06:30:00,3.52,,,,,
2470,06/25/2025 06:35:00,3.26,,,,,
2471,06/25/2025 06:40:00,3.00,,,,,
2472,06/25/2025 06:45:00,2.83,,,,,
2473,06/25/2025 06:50:00,2.87,,,,,
2474,06/25/2025 06:55:00,3.34,,,,,
2475,06/25/2025 07:00:00,3.90,,,,,
2476,06/25/2025 07:05:00,3.94,,,,,
2477,06/25/2025 07:10:00,4.20,,,,,
2478,06/25/2025 07:15:00,4.42,,,,,
2479,06/25/2025 07:20:00,4.89,,,,,
2480,06/25/2025 07:25:00,4.76,,,,,
2481,06/25/2025 07:30:00,4.93,,,,,
2482,06/25/2025 07:35:00,4.84,,,,,
2483,06/25/2025 07:40:00,4.50,,,,,
2484,06/25/2025 07:45:00,4.76,,,,,
2485,06/25/2025 07:50:00,5.06,,,,,
2486,06/25/2025 07:55:00,4.72,,,,,
2487,06/25/2025 08:00:00,4.89,,,,,
2488,06/25/2025 08:05:00,5.23,,,,,
2489,06/25/2025 08:10:00,5.62,,,,,
2490,06/25/2025 08:15:00,5.40,,,,,
2491,06/25/2025 08:20:00,5.87,,,,,
2492,06/25/2025 08:25:00,5.62,,,,,
2493,06/25/2025 08:30:00,5.45,,,,,
2494,06/25/2025 08:35:00,5.15,,,,,
2495,06/25/2025 08:40:00,4.93,,,,,
2496,06/25/2025 08:45:00,4.50,,,,,
2497,06/25/2025 08:50:00,4.20,,,,,
2498,06/25/2025 08:55:00,4.16,,,,,
2499,06/25/2025 09:00:00,4.03,,,,,
2500,06/25/2025 09:05:00,4.03,,,,,
2501,06/25/2025 09:10:00,3.94,,,,,
2502,06/25/2025 09:15:00,3.82,,,,,
2503,06/25/2025 09:20:00,4.12,,,,,
2504,06/25/2025 09:25:00,5.40,,,,,
2505,06/25/2025 09:30:00,6.43,,,,,
2506,06/25/2025 09:35:00,6.43,,,,,
2507,06/25/2025 09:40:00,5.32,,,,,
2508,06/25/2025 09:45:00,4.63,,,,,
2509,06/25/2025 09:50:00,4.72,,,,,
2510,06/25/2025 09:55:00,5.79,,,,,
2511,06/25/2025 10:00:00,6.39,,,,,
2512,06/25/2025 10:05:00,6.86,,,,,
2513,06/25/2025 10:10:00,6.26,,,,,
2514,06/25/2025 10:15:00,6.09,,,,,
2515,06/25/2025 10:20:00,6.43,,,,,
2516,06/25/2025 10:25:00,5.70,,,,,
2517,06/25/2025 10:30:00,5.70,,,,,
2518,06/25/2025 10:35:00,6.99,,,,,
2519,06/25/2025 10:40:00,6.86,,,,,
2520,06/25/2025 10:45:00,6.90,,,,,
2521,06/25/2025 10:50:00,7.12,,,,,
2522,06/25/2025 10:55:00,7.81,,,,,
2523,06/25/2025 11:00:00,7.89,,,,,
2524,06/25/2025 11:05:00,6.99,,,,,
2525,06/25/2025 11:10:00,5.45,,,,,
2526,06/25/2025 11:15:00,5.02,,,,,
2527,06/25/2025 11:20:00,4.59,,,,,
2528,06/25/2025 11:25:00,4.37,,,,,
2529,06/25/2025 11:30:00,4.20,,,,,
2530,06/25/2025 11:35:00,3.99,,,,,
2531,06/25/2025 11:40:00,3.99,,,,,
2532,06/25/2025 11:45:00,4.03,,,,,
2533,06/25/2025 11:50:00,4.24,,,,,
2534,06/25/2025 11:55:00,4.76,,,,,
2535,06/25/2025 12:00:00,5.02,,,,,
2536,06/25/2025 12:05:00,4.72,,,,,
2537,06/25/2025 12:10:00,4.37,,,,,
2538,06/25/2025 12:15:00,4.16,,,,,
2539,06/25/2025 12:20:00,4.24,,,,,
2540,06/25/2025 12:25:00,4.76,,,,,
2541,06/25/2025 12:30:00,5.49,,,,,
2542,06/25/2025 12:35:00,5.62,,,,,
2543,06/25/2025 12:40:00,5.62,,,,,
2544,06/25/2025 12:45:00,5.57,,,,,
2545,06/25/2025 12:50:00,5.45,,,,,
2546,06/25/2025 12:55:00,5.15,,,,,
2547,06/25/2025 13:00:00,4.63,,,,,
2548,06/25/2025 13:05:00,4.37,,,,,
2549,06/25/2025 13:10:00,4.24,,,,,
2550,06/25/2025 13:15:00,4.50,,,,,
2551,06/25/2025 13:20:00,4.72,,,,,
2552,06/25/2025 13:25:00,4.46,,,,,
2553,06/25/2025 13:30:00,4.46,,,,,
2554,06/25/2025 13:35:00,4.84,,,,,
2555,06/25/2025 13:40:00,4.93,,,,,
2556,06/25/2025 13:45:00,4.97,,,,,
2557,06/25/2025 13:50:00,5.27,,,,,
2558,06/25/2025 13:55:00,5.62,,,,,
2559,06/25/2025 14:00:00,5.70,,,,,
2560,06/25/2025 14:05:00,5.32,,,,,
2561,06/25/2025 14:10:00,5.27,,,,,
2562,06/25/2025 14:15:00,5.36,,,,,
2563,06/25/2025 14:20:00,5.62,,,,,
2564,06/25/2025 14:25:00,5.66,,,,,
2565,06/25/2025 14:30:00,5.19,,,,,
2566,06/25/2025 14:35:00,5.10,,,,,
2567,06/25/2025 14:40:00,4.89,,,,,
2568,06/25/2025 14:45:00,5.02,,,,,
2569,06/25/2025 14:50:00,5.32,,,,,
2570,06/25/2025 14:55:00,5.66,,,,,
2571,06/25/2025 15:00:00,5.53,,,,,
2572,06/25/2025 15:05:00,5.66,,,,,
2573,06/25/2025 15:10:00,6.22,,,,,
2574,06/25/2025 15:15:00,7.38,,,,,
2575,06/25/2025 15:20:00,7.68,,,,,
2576,06/25/2025 15:25:00,8.11,,,,,
2577,06/25/2025 15:30:00,7.93,,,,,
2578,06/25/2025 15:35:00,7.72,,,,,
2579,06/25/2025 15:40:00,7.16,,,,,
2580,06/25/2025 15:45:00,6.90,,,,,
2581,06/25/2025 15:50:00,6.99,,,,,
2582,06/25/2025 15:55:00,6.99,,,,,
2583,06/25/2025 16:00:00,6.56,,,,,
2584,06/25/2025 16:05:00,6.09,,,,,
2585,06/25/2025 16:10:00,5.75,,,,,
2586,06/25/2025 16:15:00,5.66,,,,,
2587,06/25/2025 16:20:00,5.96,,,,,
2588,06/25/2025 16:25:00,6.05,,,,,
2589,06/25/2025 16:30:00,5.83,,,,,
2590,06/25/2025 16:35:00,5.45,,,,,
2591,06/25/2025 16:40:00,5.27,,,,,
2592,06/25/2025 16:45:00,5.40,,,,,
2593,06/25/2025 16:50:00,5.32,,,,,
2594,06/25/2025 16:55:00,6.09,,,,,
2595,06/25/2025 17:00:00,6.95,,,,,
2596,06/25/2025 17:05:00,6.65,,,,,
2597,06/25/2025 17:10:00,6.30,,,,,
2598,06/25/2025 17:15:00,5.57,,,,,
2599,06/25/2025 17:20:00,5.32,,,,,
2600,06/25/2025 17:25:00,5.36,,,,,
2601,06/25/2025 17:30:00,5.66,,,,,
2602,06/25/2025 17:35:00,6.22,,,,,
2603,06/25/2025 17:40:00,6.95,,,,,
2604,06/25/2025 17:45:00,6.39,,,,,
2605,06/25/2025 17:50:00,6.05,,,,,
2606,06/25/2025 17:55:00,5.87,,,,,
2607,06/25/2025 18:00:00,5.23,,,,,
2608,06/25/2025 18:05:00,4.84,,,,,
2609,06/25/2025 18:10:00,4.20,,,,,
2610,06/25/2025 18:15:00,3.69,,,,,
2611,06/25/2025 18:20:00,3.56,,,,,
2612,06/25/2025 18:25:00,3.82,,,,,
2613,06/25/2025 18:30:00,3.94,,,,,
2614,06/25/2025 18:35:00,3.69,,,,,
2615,06/25/2025 18:40:00,3.52,,,,,
2616,06/25/2025 18:45:00,3.52,,,,,
2617,06/25/2025 18:50:00,3.34,,,,,
2618,06/25/2025 18:55:00,3.09,,,,,
2619,06/25/2025 19:00:00,2.83,,,,,
2620,06/25/2025 19:05:00,2.57,,,,,
2621,06/25/2025 19:10:00,2.57,,,,,
2622,06/25/2025 19:15:00,2.74,,,,,
2623,06/25/2025 19:20:00,2.87,,,,,
2624,06/25/2025 19:25:00,2.83,,,,,
2625,06/25/2025 19:30:00,2.91,,,,,
2626,06/25/2025 19:35:00,2.66,,,,,
2627,06/25/2025 19:40:00,2.66,,,,,
2628,06/25/2025 19:45:00,2.61,,,,,
2629,06/25/2025 19:50:00,2.49,,,,,
2630,06/25/2025 19:55:00,2.40,,,,,
2631,06/25/2025 20:00:00,2.44,,,,,
2632,06/25/2025 20:05:00,2.61,,,,,
2633,06/25/2025 20:10:00,2.57,,,,,
2634,06/25/2025 20:15:00,2.40,,,,,
2635,06/25/2025 20:20:00,2.31,,,,,
2636,06/25/2025 20:25:00,2.27,,,,,
2637,06/25/2025 20:30:00,2.10,,,,,
2638,06/25/2025 20:35:00,2.06,,,,,
2639,06/25/2025 20:40:00,2.14,,,,,
2640,06/25/2025 20:45:00,2.23,,,,,
2641,06/25/2025 20:50:00,2.27,,,,,
2642,06/25/2025 20:55:00,2.27,,,,,
2643,06/25/2025 21:00:00,2.31,,,,,
2644,06/25/2025 21:05:00,2.31,,,,,
2645,06/25/2025 21:10:00,2.27,,,,,
2646,06/25/2025 21:15:00,2.19,,,,,
2647,06/25/2025 21:20:00,2.14,,,,,
2648,06/25/2025 21:25:00,2.06,,,,,
2649,06/25/2025 21:30:00,2.10,,,,,
2650,06/25/2025 21:35:00,2.14,,,,,
2651,06/25/2025 21:40:00,2.06,,,,,
2652,06/25/2025 21:45:00,2.06,,,,,
2653,06/25/2025 21:50:00,2.01,,,,,
2654,06/25/2025 21:55:00,1.97,,,,,
2655,06/25/2025 22:00:00,1.84,,,,,
2656,06/25/2025 22:05:00,1.93,,,,,
2657,06/25/2025 22:10:00,1.84,,,,,
2658,06/25/2025 22:15:00,1.84,,,,,
2659,06/25/2025 22:20:00,1.67,,,,,
2660,06/25/2025 22:25:00,1.71,,,,,
2661,06/25/2025 22:30:00,1.76,,,,,
2662,06/25/2025 22:35:00,1.76,,,,,
2663,06/25/2025 22:40:00,1.67,,,,,
2664,06/25/2025 22:45:00,1.63,,,,,
2665,06/25/2025 22:50:00,1.54,,,,,
2666,06/25/2025 22:55:00,1.63,,,,,
2667,06/25/2025 23:00:00,1.80,,,,,
2668,06/25/2025 23:05:00,1.84,,,,,
2669,06/25/2025 23:10:00,1.67,,,,,
2670,06/25/2025 23:15:00,1.67,,,,,
2671,06/25/2025 23:20:00,1.67,,,,,
2672,06/25/2025 23:25:00,1.67,,,,,
2673,06/25/2025 23:30:00,1.54,,,,,
2674,06/25/2025 23:35:00,1.58,,,,,
2675,06/25/2025 23:40:00,1.58,,,,,
2676,06/25/2025 23:45:00,1.58,,,,,
2677,06/25/2025 23:50:00,1.63,,,,,
2678,06/25/2025 23:55:00,1.76,,,,,
2679,06/26/2025 00:00:00,1.93,,,,,
2680,06/26/2025 00:05:00,1.88,,,,,
2681,06/26/2025 00:10:00,1.93,,,,,
2682,06/26/2025 00:15:00,2.01,,,,,
2683,06/26/2025 00:20:00,1.88,,,,,
2684,06/26/2025 00:25:00,1.80,,,,,
2685,06/26/2025 00:30:00,1.76,,,,,
2686,06/26/2025 00:35:00,1.63,,,,,
2687,06/26/2025 00:40:00,1.63,,,,,
2688,06/26/2025 00:45:00,1.63,,,,,
2689,06/26/2025 00:50:00,1.63,,,,,
2690,06/26/2025 00:55:00,1.67,,,,,
2691,06/26/2025 01:00:00,1.67,,,,,
2692,06/26/2025 01:05:00,1.63,,,,,
2693,06/26/2025 01:10:00,1.63,,,,,
2694,06/26/2025 01:15:00,1.67,,,,,
2695,06/26/2025 01:20:00,1.76,,,,,
2696,06/26/2025 01:25:00,1.80,,,,,
2697,06/26/2025 01:30:00,1.71,,,,,
2698,06/26/2025 01:35:00,1.88,,,,,
2699,06/26/2025 01:40:00,1.93,,,,,
2700,06/26/2025 01:45:00,1.97,,,,,
2701,06/26/2025 01:50:00,1.84,,,,,
2702,06/26/2025 01:55:00,1.84,,,,,
2703,06/26/2025 02:00:00,1.93,,,,,
2704,06/26/2025 02:05:00,1.93,,,,,
2705,06/26/2025 02:10:00,1.88,,,,,
2706,06/26/2025 02:15:00,1.93,,,,,
2707,06/26/2025 02:20:00,1.80,,,,,
2708,06/26/2025 02:25:00,1.80,,,,,
2709,06/26/2025 02:30:00,1.84,,,,,
2710,06/26/2025 02:35:00,1.88,,,,,
2711,06/26/2025 02:40:00,1.76,,,,,
2712,06/26/2025 02:45:00,1.54,,,,,
2713,06/26/2025 02:50:00,1.54,,,,,
2714,06/26/2025 02:55:00,1.54,,,,,
2715,06/26/2025 03:00:00,1.63,,,,,
2716,06/26/2025 03:05:00,1.71,,,,,
2717,06/26/2025 03:10:00,1.76,,,,,
2718,06/26/2025 03:15:00,1.80,,,,,
2719,06/26/2025 03:20:00,1.84,,,,,
2720,06/26/2025 03:25:00,1.80,,,,,
2721,06/26/2025 03:30:00,1.80,,,,,
2722,06/26/2025 03:35:00,1.76,,,,,
2723,06/26/2025 03:40:00,1.71,,,,,
2724,06/26/2025 03:45:00,1.67,,,,,
2725,06/26/2025 03:50:00,1.58,,,,,
2726,06/26/2025 03:55:00,1.63,,,,,
2727,06/26/2025 04:00:00,1.67,,,,,
2728,06/26/2025 04:05:00,1.71,,,,,
2729,06/26/2025 04:10:00,1.71,,,,,
2730,06/26/2025 04:15:00,1.80,,,,,
2731,06/26/2025 04:20:00,1.80,,,,,
2732,06/26/2025 04:25:00,1.76,,,,,
2733,06/26/2025 04:30:00,1.84,,,,,
2734,06/26/2025 04:35:00,1.88,,,,,
2735,06/26/2025 04:40:00,1.80,,,,,
2736,06/26/2025 04:45:00,1.76,,,,,
2737,06/26/2025 04:50:00,1.80,,,,,
2738,06/26/2025 04:55:00,1.80,,,,,
2739,06/26/2025 05:00:00,1.93,,,,,
2740,06/26/2025 05:05:00,1.97,,,,,
2741,06/26/2025 05:10:00,2.06,,,,,
2742,06/26/2025 05:15:00,2.19,,,,,
2743,06/26/2025 05:20:00,2.14,,,,,
2744,06/26/2025 05:25:00,2.23,,,,,
2745,06/26/2025 05:30:00,2.23,,,,,
2746,06/26/2025 05:35:00,2.27,,,,,
2747,06/26/2025 05:40:00,2.31,,,,,
2748,06/26/2025 05:45:00,2.31,,,,,
2749,06/26/2025 05:50:00,2.31,,,,,
2750,06/26/2025 05:55:00,2.44,,,,,
2751,06/26/2025 06:00:00,2.44,,,,,
2752,06/26/2025 06:05:00,2.36,,,,,
2753,06/26/2025 06:10:00,2.36,,,,,
2754,06/26/2025 06:15:00,2.40,,,,,
2755,06/26/2025 06:20:00,2.70,,,,,
2756,06/26/2025 06:25:00,3.04,,,,,
2757,06/26/2025 06:30:00,2.91,,,,,
2758,06/26/2025 06:35:00,2.83,,,,,
2759,06/26/2025 06:40:00,3.00,,,,,
2760,06/26/2025 06:45:00,3.34,,,,,
2761,06/26/2025 06:50:00,3.39,,,,,
2762,06/26/2025 06:55:00,3.39,,,,,
2763,06/26/2025 07:00:00,3.52,,,,,
2764,06/26/2025 07:05:00,3.26,,,,,
2765,06/26/2025 07:10:00,3.17,,,,,
2766,06/26/2025 07:15:00,3.56,,,,,
2767,06/26/2025 07:20:00,3.73,,,,,
2768,06/26/2025 07:25:00,3.82,,,,,
2769,06/26/2025 07:30:00,4.12,,,,,
2770,06/26/2025 07:35:00,4.24,,,,,
2771,06/26/2025 07:40:00,3.94,,,,,
2772,06/26/2025 07:45:00,3.69,,,,,
2773,06/26/2025 07:50:00,3.90,,,,,
2774,06/26/2025 07:55:00,3.94,,,,,
2775,06/26/2025 08:00:00,4.59,,,,,
2776,06/26/2025 08:05:00,4.80,,,,,
2777,06/26/2025 08:10:00,4.16,,,,,
2778,06/26/2025 08:15:00,3.99,,,,,
2779,06/26/2025 08:20:00,4.12,,,,,
2780,06/26/2025 08:25:00,4.59,,,,,
2781,06/26/2025 08:30:00,4.07,,,,,
2782,06/26/2025 08:35:00,3.86,,,,,
2783,06/26/2025 08:40:00,3.86,,,,,
2784,06/26/2025 08:45:00,4.24,,,,,
2785,06/26/2025 08:50:00,4.54,,,,,
2786,06/26/2025 08:55:00,4.89,,,,,
2787,06/26/2025 09:00:00,5.06,,,,,
2788,06/26/2025 09:05:00,5.27,,,,,
2789,06/26/2025 09:10:00,5.36,,,,,
2790,06/26/2025 09:15:00,5.57,,,,,
2791,06/26/2025 09:20:00,5.75,,,,,
2792,06/26/2025 09:25:00,6.05,,,,,
2793,06/26/2025 09:30:00,6.17,,,,,
2794,06/26/2025 09:35:00,5.87,,,,,
2795,06/26/2025 09:40:00,5.57,,,,,
2796,06/26/2025 09:45:00,5.40,,,,,
2797,06/26/2025 09:50:00,5.15,,,,,
2798,06/26/2025 09:55:00,5.10,,,,,
2799,06/26/2025 10:00:00,5.49,,,,,
2800,06/26/2025 10:05:00,6.26,,,,,
2801,06/26/2025 10:10:00,6.95,,,,,
2802,06/26/2025 10:15:00,6.82,,,,,
2803,06/26/2025 10:20:00,6.48,,,,,
2804,06/26/2025 10:25:00,6.39,,,,,
2805,06/26/2025 10:30:00,6.90,,,,,
2806,06/26/2025 10:35:00,7.46,,,,,
2807,06/26/2025 10:40:00,8.23,,,,,
2808,06/26/2025 10:45:00,9.01,,,,,
2809,06/26/2025 10:50:00,8.23,,,,,
2810,06/26/2025 10:55:00,8.02,,,,,
2811,06/26/2025 11:00:00,7.55,,,,,
2812,06/26/2025 11:05:00,6.95,,,,,
2813,06/26/2025 11:10:00,6.86,,,,,
2814,06/26/2025 11:15:00,6.56,,,,,
2815,06/26/2025 11:20:00,6.69,,,,,
2816,06/26/2025 11:25:00,6.99,,,,,
2817,06/26/2025 11:30:00,7.16,,,,,
2818,06/26/2025 11:35:00,7.08,,,,,
2819,06/26/2025 11:40:00,7.20,,,,,
2820,06/26/2025 11:45:00,7.63,,,,,
2821,06/26/2025 11:50:00,7.42,,,,,
2822,06/26/2025 11:55:00,7.33,,,,,
2823,06/26/2025 12:00:00,7.72,,,,,
2824,06/26/2025 12:05:00,8.66,,,,,
2825,06/26/2025 12:10:00,9.22,,,,,
2826,06/26/2025 12:15:00,9.18,,,,,
2827,06/26/2025 12:20:00,9.14,,,,,
2828,06/26/2025 12:25:00,9.09,,,,,
2829,06/26/2025 12:30:00,8.62,,,,,
2830,06/26/2025 12:35:00,8.41,,,,,
2831,06/26/2025 12:40:00,8.49,,,,,
2832,06/26/2025 12:45:00,8.15,,,,,
2833,06/26/2025 12:50:00,8.15,,,,,
2834,06/26/2025 12:55:00,8.06,,,,,
2835,06/26/2025 13:00:00,8.19,,,,,
2836,06/26/2025 13:05:00,9.05,,,,,
2837,06/26/2025 13:10:00,8.58,,,,,
2838,06/26/2025 13:15:00,8.66,,,,,
2839,06/26/2025 13:20:00,8.53,,,,,
2840,06/26/2025 13:25:00,8.58,,,,,
2841,06/26/2025 13:30:00,8.15,,,,,
2842,06/26/2025 13:35:00,8.06,,,,,
2843,06/26/2025 13:40:00,8.28,,,,,
2844,06/26/2025 13:45:00,8.28,,,,,
2845,06/26/2025 13:50:00,8.19,,,,,
2846,06/26/2025 13:55:00,7.85,,,,,
2847,06/26/2025 14:00:00,7.68,,,,,
2848,06/26/2025 14:05:00,8.28,,,,,
2849,06/26/2025 14:10:00,8.32,,,,,
2850,06/26/2025 14:15:00,7.46,,,,,
2851,06/26/2025 14:20:00,7.25,,,,,
2852,06/26/2025 14:25:00,7.89,,,,,
2853,06/26/2025 14:30:00,8.75,,,,,
2854,06/26/2025 14:35:00,8.19,,,,,
2855,06/26/2025 14:40:00,8.79,,,,,
2856,06/26/2025 14:45:00,8.32,,,,,
2857,06/26/2025 14:50:00,8.28,,,,,
2858,06/26/2025 14:55:00,8.06,,,,,
2859,06/26/2025 15:00:00,8.53,,,,,
2860,06/26/2025 15:05:00,9.26,,,,,
2861,06/26/2025 15:10:00,8.92,,,,,
2862,06/26/2025 15:15:00,8.45,,,,,
2863,06/26/2025 15:20:00,8.28,,,,,
2864,06/26/2025 15:25:00,8.19,,,,,
2865,06/26/2025 15:30:00,8.79,,,,,
2866,06/26/2025 15:35:00,8.53,,,,,
2867,06/26/2025 15:40:00,7.68,,,,,
2868,06/26/2025 15:45:00,7.50,,,,,
2869,06/26/2025 15:50:00,8.83,,,,,
2870,06/26/2025 15:55:00,9.01,,,,,
2871,06/26/2025 16:00:00,9.78,,,,,
2872,06/26/2025 16:05:00,9.26,,,,,
2873,06/26/2025 16:10:00,8.45,,,,,
2874,06/26/2025 16:15:00,8.36,,,,,
2875,06/26/2025 16:20:00,7.89,,,,,
2876,06/26/2025 16:25:00,7.38,,,,,
2877,06/26/2025 16:30:00,7.20,,,,,
2878,06/26/2025 16:35:00,7.12,,,,,
2879,06/26/2025 16:40:00,7.16,,,,,
2880,06/26/2025 16:45:00,7.03,,,,,
2881,06/26/2025 16:50:00,6.90,,,,,
2882,06/26/2025 16:55:00,7.12,,,,,
2883,06/26/2025 17:00:00,7.20,,,,,
2884,06/26/2025 17:05:00,7.08,,,,,
2885,06/26/2025 17:10:00,7.29,,,,,
2886,06/26/2025 17:15:00,7.16,,,,,
2887,06/26/2025 17:20:00,6.90,,,,,
2888,06/26/2025 17:25:00,6.73,,,,,
2889,06/26/2025 17:30:00,6.60,,,,,
2890,06/26/2025 17:35:00,6.78,,,,,
2891,06/26/2025 17:40:00,7.38,,,,,
2892,06/26/2025 17:45:00,7.72,,,,,
2893,06/26/2025 17:50:00,7.63,,,,,
2894,06/26/2025 17:55:00,7.38,,,,,
2895,06/26/2025 18:00:00,6.69,,,,,
2896,06/26/2025 18:05:00,6.78,,,,,
2897,06/26/2025 18:10:00,7.50,,,,,
2898,06/26/2025 18:15:00,7.98,,,,,
2899,06/26/2025 18:20:00,8.36,,,,,
2900,06/26/2025 18:25:00,8.28,,,,,
2901,06/26/2025 18:30:00,9.35,,,,,
2902,06/26/2025 18:35:00,8.15,,,,,
2903,06/26/2025 18:40:00,7.55,,,,,
2904,06/26/2025 18:45:00,6.26,,,,,
2905,06/26/2025 18:50:00,6.05,,,,,
2906,06/26/2025 18:55:00,5.70,,,,,
2907,06/26/2025 19:00:00,5.36,,,,,
2908,06/26/2025 19:05:00,4.67,,,,,
2909,06/26/2025 19:10:00,4.63,,,,,
2910,06/26/2025 19:15:00,4.46,,,,,
2911,06/26/2025 19:20:00,4.20,,,,,
2912,06/26/2025 19:25:00,3.99,,,,,
2913,06/26/2025 19:30:00,3.73,,,,,
2914,06/26/2025 19:35:00,3.39,,,,,
2915,06/26/2025 19:40:00,3.00,,,,,
2916,06/26/2025 19:45:00,2.87,,,,,
2917,06/26/2025 19:50:00,2.57,,,,,
2918,06/26/2025 19:55:00,2.70,,,,,
2919,06/26/2025 20:00:00,2.91,,,,,
2920,06/26/2025 20:05:00,2.83,,,,,
2921,06/26/2025 20:10:00,2.79,,,,,
2922,06/26/2025 20:15:00,2.49,,,,,
2923,06/26/2025 20:20:00,2.19,,,,,
2924,06/26/2025 20:25:00,2.06,,,,,
2925,06/26/2025 20:30:00,2.01,,,,,
2926,06/26/2025 20:35:00,1.88,,,,,
2927,06/26/2025 20:40:00,2.19,,,,,
2928,06/26/2025 20:45:00,2.14,,,,,
2929,06/26/2025 20:50:00,2.44,,,,,
2930,06/26/2025 20:55:00,2.49,,,,,
2931,06/26/2025 21:00:00,2.53,,,,,
2932,06/26/2025 21:05:00,2.57,,,,,
2933,06/26/2025 21:10:00,2.49,,,,,
2934,06/26/2025 21:15:00,2.14,,,,,
2935,06/26/2025 21:20:00,2.01,,,,,
2936,06/26/2025 21:25:00,2.27,,,,,
2937,06/26/2025 21:30:00,2.49,,,,,
2938,06/26/2025 21:35:00,2.70,,,,,
2939,06/26/2025 21:40:00,2.66,,,,,
2940,06/26/2025 21:45:00,2.23,,,,,
2941,06/26/2025 21:50:00,2.01,,,,,
2942,06/26/2025 21:55:00,2.10,,,,,
2943,06/26/2025 22:00:00,1.93,,,,,
2944,06/26/2025 22:05:00,1.80,,,,,
2945,06/26/2025 22:10:00,1.71,,,,,
2946,06/26/2025 22:15:00,1.67,,,,,
2947,06/26/2025 22:20:00,1.46,,,,,
2948,06/26/2025 22:25:00,1.46,,,,,
2949,06/26/2025 22:30:00,1.41,,,,,
2950,06/26/2025 22:35:00,1.54,,,,,
2951,06/26/2025 22:40:00,1.84,,,,,
2952,06/26/2025 22:45:00,2.06,,,,,
2953,06/26/2025 22:50:00,2.36,,,,,
2954,06/26/2025 22:55:00,2.31,,,,,
2955,06/26/2025 23:00:00,2.27,,,,,
2956,06/26/2025 23:05:00,2.19,,,,,
2957,06/26/2025 23:10:00,1.88,,,,,
2958,06/26/2025 23:15:00,1.46,,,,,
2959,06/26/2025 23:20:00,1.46,,,,,
2960,06/26/2025 23:25:00,1.41,,,,,
2961,06/26/2025 23:30:00,1.37,,,,,
2962,06/26/2025 23:35:00,1.58,,,,,
2963,06/26/2025 23:40:00,1.50,,,,,
2964,06/26/2025 23:45:00,1.58,,,,,
2965,06/26/2025 23:50:00,1.46,,,,,
2966,06/26/2025 23:55:00,1.37,,,,,
2967,06/27/2025 00:00:00,1.58,,,,,
2968,06/27/2025 00:05:00,1.71,,,,,
2969,06/27/2025 00:10:00,1.80,,,,,
2970,06/27/2025 00:15:00,1.80,,,,,
2971,06/27/2025 00:20:00,1.88,,,,,
2972,06/27/2025 00:25:00,1.71,,,,,
2973,06/27/2025 00:30:00,1.50,,,,,
2974,06/27/2025 00:35:00,1.37,,,,,
2975,06/27/2025 00:40:00,1.33,,,,,
2976,06/27/2025 00:45:00,1.37,,,,,
2977,06/27/2025 00:50:00,1.46,,,,,
2978,06/27/2025 00:55:00,1.71,,,,,
2979,06/27/2025 01:00:00,1.88,,,,,
2980,06/27/2025 01:05:00,1.80,,,,,
2981,06/27/2025 01:10:00,1.80,,,,,
2982,06/27/2025 01:15:00,1.88,,,,,
2983,06/27/2025 01:20:00,1.71,,,,,
2984,06/27/2025 01:25:00,1.58,,,,,
2985,06/27/2025 01:30:00,1.63,,,,,
2986,06/27/2025 01:35:00,1.50,,,,,
2987,06/27/2025 01:40:00,1.50,,,,,
2988,06/27/2025 01:45:00,1.41,,,,,
2989,06/27/2025 01:50:00,1.37,,,,,
2990,06/27/2025 01:55:00,1.24,,,,,
2991,06/27/2025 02:00:00,1.16,,,,,
2992,06/27/2025 02:05:00,1.63,,,,,
2993,06/27/2025 02:10:00,1.76,,,,,
2994,06/27/2025 02:15:00,1.76,,,,,
2995,06/27/2025 02:20:00,1.88,,,,,
2996,06/27/2025 02:25:00,1.76,,,,,
2997,06/27/2025 02:30:00,1.93,,,,,
2998,06/27/2025 02:35:00,1.76,,,,,
2999,06/27/2025 02:40:00,1.76,,,,,
3000,06/27/2025 02:45:00,1.80,,,,,
3001,06/27/2025 02:50:00,1.58,,,,,
3002,06/27/2025 02:55:00,1.63,,,,,
3003,06/27/2025 03:00:00,1.71,,,,,
3004,06/27/2025 03:05:00,1.58,,,,,
3005,06/27/2025 03:10:00,1.58,,,,,
3006,06/27/2025 03:15:00,1.67,,,,,
3007,06/27/2025 03:20:00,1.80,,,,,
3008,06/27/2025 03:25:00,1.67,,,,,
3009,06/27/2025 03:30:00,1.76,,,,,
3010,06/27/2025 03:35:00,1.67,,,,,
3011,06/27/2025 03:40:00,1.67,,,,,
3012,06/27/2025 03:45:00,1.76,,,,,
3013,06/27/2025 03:50:00,1.76,,,,,
3014,06/27/2025 03:55:00,1.63,,,,,
3015,06/27/2025 04:00:00,1.80,,,,,
3016,06/27/2025 04:05:00,1.80,,,,,
3017,06/27/2025 04:10:00,1.84,,,,,
3018,06/27/2025 04:15:00,1.76,,,,,
3019,06/27/2025 04:20:00,1.67,,,,,
3020,06/27/2025 04:25:00,1.67,,,,,
3021,06/27/2025 04:30:00,1.63,,,,,
3022,06/27/2025 04:35:00,1.71,,,,,
3023,06/27/2025 04:40:00,1.80,,,,,
3024,06/27/2025 04:45:00,1.97,,,,,
3025,06/27/2025 04:50:00,2.06,,,,,
3026,06/27/2025 04:55:00,2.10,,,,,
3027,06/27/2025 05:00:00,2.23,,,,,
3028,06/27/2025 05:05:00,2.36,,,,,
3029,06/27/2025 05:10:00,2.40,,,,,
3030,06/27/2025 05:15:00,2.57,,,,,
3031,06/27/2025 05:20:00,2.61,,,,,
3032,06/27/2025 05:25:00,2.53,,,,,
3033,06/27/2025 05:30:00,2.49,,,,,
3034,06/27/2025 05:35:00,2.40,,,,,
3035,06/27/2025 05:40:00,2.23,,,,,
3036,06/27/2025 05:45:00,2.19,,,,,
3037,06/27/2025 05:50:00,2.44,,,,,
3038,06/27/2025 05:55:00,2.74,,,,,
3039,06/27/2025 06:00:00,2.87,,,,,
3040,06/27/2025 06:05:00,3.13,,,,,
3041,06/27/2025 06:10:00,3.34,,,,,
3042,06/27/2025 06:15:00,3.04,,,,,
3043,06/27/2025 06:20:00,2.96,,,,,
3044,06/27/2025 06:25:00,3.30,,,,,
3045,06/27/2025 06:30:00,3.86,,,,,
3046,06/27/2025 06:35:00,4.20,,,,,
3047,06/27/2025 06:40:00,4.03,,,,,
3048,06/27/2025 06:45:00,3.86,,,,,
3049,06/27/2025 06:50:00,3.43,,,,,
3050,06/27/2025 06:55:00,3.17,,,,,
3051,06/27/2025 07:00:00,3.04,,,,,
3052,06/27/2025 07:05:00,2.91,,,,,
3053,06/27/2025 07:10:00,2.91,,,,,
3054,06/27/2025 07:15:00,3.30,,,,,
3055,06/27/2025 07:20:00,3.47,,,,,
3056,06/27/2025 07:25:00,3.47,,,,,
3057,06/27/2025 07:30:00,4.16,,,,,
3058,06/27/2025 07:35:00,5.53,,,,,
3059,06/27/2025 07:40:00,5.79,,,,,
3060,06/27/2025 07:45:00,5.70,,,,,
3061,06/27/2025 07:50:00,5.57,,,,,
3062,06/27/2025 07:55:00,4.80,,,,,
3063,06/27/2025 08:00:00,4.46,,,,,
3064,06/27/2025 08:05:00,4.12,,,,,
3065,06/27/2025 08:10:00,3.94,,,,,
3066,06/27/2025 08:15:00,3.94,,,,,
3067,06/27/2025 08:20:00,3.94,,,,,
3068,06/27/2025 08:25:00,4.16,,,,,
3069,06/27/2025 08:30:00,4.72,,,,,
3070,06/27/2025 08:35:00,5.10,,,,,
3071,06/27/2025 08:40:00,5.62,,,,,
3072,06/27/2025 08:45:00,6.90,,,,,
3073,06/27/2025 08:50:00,7.68,,,,,
3074,06/27/2025 08:55:00,8.96,,,,,
3075,06/27/2025 09:00:00,8.11,,,,,
3076,06/27/2025 09:05:00,7.16,,,,,
3077,06/27/2025 09:10:00,7.29,,,,,
3078,06/27/2025 09:15:00,8.88,,,,,
3079,06/27/2025 09:20:00,8.96,,,,,
3080,06/27/2025 09:25:00,8.41,,,,,
3081,06/27/2025 09:30:00,8.62,,,,,
3082,06/27/2025 09:35:00,8.23,,,,,
3083,06/27/2025 09:40:00,8.36,,,,,
3084,06/27/2025 09:45:00,9.48,,,,,
3085,06/27/2025 09:50:00,11.41,,,,,
3086,06/27/2025 09:55:00,11.97,,,,,
3087,06/27/2025 10:00:00,10.59,,,,,
3088,06/27/2025 10:05:00,10.81,,,,,
3089,06/27/2025 10:10:00,11.32,,,,,
3090,06/27/2025 10:15:00,10.77,,,,,
3091,06/27/2025 10:20:00,9.44,,,,,
3092,06/27/2025 10:25:00,10.46,,,,,
3093,06/27/2025 10:30:00,11.19,,,,,
3094,06/27/2025 10:35:00,10.77,,,,,
3095,06/27/2025 10:40:00,9.39,,,,,
3096,06/27/2025 10:45:00,8.58,,,,,
3097,06/27/2025 10:50:00,8.36,,,,,
3098,06/27/2025 10:55:00,8.11,,,,,
3099,06/27/2025 11:00:00,7.85,,,,,
3100,06/27/2025 11:05:00,8.15,,,,,
3101,06/27/2025 11:10:00,8.96,,,,,
3102,06/27/2025 11:15:00,9.95,,,,,
3103,06/27/2025 11:20:00,12.74,,,,,
3104,06/27/2025 11:25:00,14.97,,,,,
3105,06/27/2025 11:30:00,16.43,,,,,
3106,06/27/2025 11:35:00,15.18,,,,,
3107,06/27/2025 11:40:00,13.55,,,,,
3108,06/27/2025 11:45:00,11.54,,,,,
3109,06/27/2025 11:50:00,9.82,,,,,
3110,06/27/2025 11:55:00,8.92,,,,,
3111,06/27/2025 12:00:00,8.41,,,,,
3112,06/27/2025 12:05:00,7.98,,,,,
3113,06/27/2025 12:10:00,7.55,,,,,
3114,06/27/2025 12:15:00,7.38,,,,,
3115,06/27/2025 12:20:00,7.50,,,,,
3116,06/27/2025 12:25:00,7.55,,,,,
3117,06/27/2025 12:30:00,7.29,,,,,
3118,06/27/2025 12:35:00,7.12,,,,,
3119,06/27/2025 12:40:00,7.08,,,,,
3120,06/27/2025 12:45:00,7.12,,,,,
3121,06/27/2025 12:50:00,7.20,,,,,
3122,06/27/2025 12:55:00,6.86,,,,,
3123,06/27/2025 13:00:00,6.60,,,,,
3124,06/27/2025 13:05:00,6.43,,,,,
3125,06/27/2025 13:10:00,6.26,,,,,
3126,06/27/2025 13:15:00,6.56,,,,,
3127,06/27/2025 13:20:00,7.59,,,,,
3128,06/27/2025 13:25:00,8.45,,,,,
3129,06/27/2025 13:30:00,7.98,,,,,
3130,06/27/2025 13:35:00,7.55,,,,,
3131,06/27/2025 13:40:00,7.46,,,,,
3132,06/27/2025 13:45:00,7.81,,,,,
3133,06/27/2025 13:50:00,8.23,,,,,
3134,06/27/2025 13:55:00,9.09,,,,,
3135,06/27/2025 14:00:00,9.82,,,,,
3136,06/27/2025 14:05:00,10.42,,,,,
3137,06/27/2025 14:10:00,10.16,,,,,
3138,06/27/2025 14:15:00,9.95,,,,,
3139,06/27/2025 14:20:00,10.94,,,,,
3140,06/27/2025 14:25:00,13.43,,,,,
3141,06/27/2025 14:30:00,13.00,,,,,
3142,06/27/2025 14:35:00,11.75,,,,,
3143,06/27/2025 14:40:00,11.24,,,,,
3144,06/27/2025 14:45:00,10.21,,,,,
3145,06/27/2025 14:50:00,10.46,,,,,
3146,06/27/2025 14:55:00,10.51,,,,,
3147,06/27/2025 15:00:00,10.21,,,,,
3148,06/27/2025 15:05:00,10.38,,,,,
3149,06/27/2025 15:10:00,10.68,,,,,
3150,06/27/2025 15:15:00,11.37,,,,,
3151,06/27/2025 15:20:00,11.67,,,,,
3152,06/27/2025 15:25:00,11.62,,,,,
3153,06/27/2025 15:30:00,12.10,,,,,
3154,06/27/2025 15:35:00,12.95,,,,,
3155,06/27/2025 15:40:00,12.87,,,,,
3156,06/27/2025 15:45:00,12.01,,,,,
3157,06/27/2025 15:50:00,10.98,,,,,
3158,06/27/2025 15:55:00,11.19,,,,,
3159,06/27/2025 16:00:00,11.97,,,,,
3160,06/27/2025 16:05:00,10.46,,,,,
3161,06/27/2025 16:10:00,9.14,,,,,
3162,06/27/2025 16:15:00,8.53,,,,,
3163,06/27/2025 16:20:00,8.41,,,,,
3164,06/27/2025 16:25:00,8.79,,,,,
3165,06/27/2025 16:30:00,9.78,,,,,
3166,06/27/2025 16:35:00,10.21,,,,,
3167,06/27/2025 16:40:00,10.08,,,,,
3168,06/27/2025 16:45:00,9.74,,,,,
3169,06/27/2025 16:50:00,8.96,,,,,
3170,06/27/2025 16:55:00,7.63,,,,,
3171,06/27/2025 17:00:00,7.08,,,,,
3172,06/27/2025 17:05:00,7.08,,,,,
3173,06/27/2025 17:10:00,7.33,,,,,
3174,06/27/2025 17:15:00,7.46,,,,,
3175,06/27/2025 17:20:00,7.16,,,,,
3176,06/27/2025 17:25:00,6.69,,,,,
3177,06/27/2025 17:30:00,6.39,,,,,
3178,06/27/2025 17:35:00,6.22,,,,,
3179,06/27/2025 17:40:00,6.30,,,,,
3180,06/27/2025 17:45:00,6.26,,,,,
3181,06/27/2025 17:50:00,6.69,,,,,
3182,06/27/2025 17:55:00,7.72,,,,,
3183,06/27/2025 18:00:00,7.33,,,,,
3184,06/27/2025 18:05:00,6.90,,,,,
3185,06/27/2025 18:10:00,6.00,,,,,
3186,06/27/2025 18:15:00,4.67,,,,,
3187,06/27/2025 18:20:00,3.90,,,,,
3188,06/27/2025 18:25:00,3.73,,,,,
3189,06/27/2025 18:30:00,4.16,,,,,
3190,06/27/2025 18:35:00,4.37,,,,,
3191,06/27/2025 18:40:00,3.90,,,,,
3192,06/27/2025 18:45:00,3.13,,,,,
3193,06/27/2025 18:50:00,2.61,,,,,
3194,06/27/2025 18:55:00,2.14,,,,,
3195,06/27/2025 19:00:00,1.88,,,,,
3196,06/27/2025 19:05:00,1.80,,,,,
3197,06/27/2025 19:10:00,1.71,,,,,
3198,06/27/2025 19:15:00,1.84,,,,,
3199,06/27/2025 19:20:00,2.10,,,,,
3200,06/27/2025 19:25:00,2.36,,,,,
3201,06/27/2025 19:30:00,2.19,,,,,
3202,06/27/2025 19:35:00,1.88,,,,,
3203,06/27/2025 19:40:00,1.67,,,,,
3204,06/27/2025 19:45:00,1.67,,,,,
3205,06/27/2025 19:50:00,1.67,,,,,
3206,06/27/2025 19:55:00,1.93,,,,,
3207,06/27/2025 20:00:00,2.19,,,,,
3208,06/27/2025 20:05:00,2.19,,,,,
3209,06/27/2025 20:10:00,2.14,,,,,
3210,06/27/2025 20:15:00,2.23,,,,,
3211,06/27/2025 20:20:00,2.31,,,,,
3212,06/27/2025 20:25:00,2.14,,,,,
3213,06/27/2025 20:30:00,1.93,,,,,
3214,06/27/2025 20:35:00,1.84,,,,,
3215,06/27/2025 20:40:00,1.88,,,,,
3216,06/27/2025 20:45:00,1.76,,,,,
3217,06/27/2025 20:50:00,1.67,,,,,
3218,06/27/2025 20:55:00,1.63,,,,,
3219,06/27/2025 21:00:00,1.54,,,,,
3220,06/27/2025 21:05:00,1.54,,,,,
3221,06/27/2025 21:10:00,1.58,,,,,
3222,06/27/2025 21:15:00,1.58,,,,,
3223,06/27/2025 21:20:00,1.63,,,,,
3224,06/27/2025 21:25:00,1.63,,,,,
3225,06/27/2025 21:30:00,1.67,,,,,
3226,06/27/2025 21:35:00,1.58,,,,,
3227,06/27/2025 21:40:00,1.76,,,,,
3228,06/27/2025 21:45:00,1.71,,,,,
3229,06/27/2025 21:50:00,1.71,,,,,
3230,06/27/2025 21:55:00,1.71,,,,,
3231,06/27/2025 22:00:00,1.76,,,,,
3232,06/27/2025 22:05:00,1.58,,,,,
3233,06/27/2025 22:10:00,1.46,,,,,
3234,06/27/2025 22:15:00,1.54,,,,,
3235,06/27/2025 22:20:00,1.71,,,,,
3236,06/27/2025 22:25:00,1.63,,,,,
3237,06/27/2025 22:30:00,1.67,,,,,
3238,06/27/2025 22:35:00,1.58,,,,,
3239,06/27/2025 22:40:00,1.63,,,,,
3240,06/27/2025 22:45:00,1.71,,,,,
3241,06/27/2025 22:50:00,1.71,,,,,
3242,06/27/2025 22:55:00,1.58,,,,,
3243,06/27/2025 23:00:00,1.76,,,,,
3244,06/27/2025 23:05:00,1.76,,,,,
3245,06/27/2025 23:10:00,1.71,,,,,
3246,06/27/2025 23:15:00,1.67,,,,,
3247,06/27/2025 23:20:00,1.63,,,,,
3248,06/27/2025 23:25:00,1.50,,,,,
3249,06/27/2025 23:30:00,1.54,,,,,
3250,06/27/2025 23:35:00,1.54,,,,,
3251,06/27/2025 23:40:00,1.58,,,,,
3252,06/27/2025 23:45:00,1.54,,,,,
3253,06/27/2025 23:50:00,1.46,,,,,
3254,06/27/2025 23:55:00,1.33,,,,,
3255,06/28/2025 00:00:00,1.33,,,,,
3256,06/28/2025 00:05:00,1.16,,,,,
3257,06/28/2025 00:10:00,1.16,,,,,
3258,06/28/2025 00:15:00,1.16,,,,,
3259,06/28/2025 00:20:00,1.33,,,,,
3260,06/28/2025 00:25:00,1.33,,,,,
3261,06/28/2025 00:30:00,1.20,,,,,
3262,06/28/2025 00:35:00,1.20,,,,,
3263,06/28/2025 00:40:00,1.28,,,,,
3264,06/28/2025 00:45:00,1.50,,,,,
3265,06/28/2025 00:50:00,1.58,,,,,
3266,06/28/2025 00:55:00,1.58,,,,,
3267,06/28/2025 01:00:00,1.46,,,,,
3268,06/28/2025 01:05:00,1.41,,,,,
3269,06/28/2025 01:10:00,1.37,,,,,
3270,06/28/2025 01:15:00,1.37,,,,,
3271,06/28/2025 01:20:00,1.50,,,,,
3272,06/28/2025 01:25:00,1.46,,,,,
3273,06/28/2025 01:30:00,1.54,,,,,
3274,06/28/2025 01:35:00,1.54,,,,,
3275,06/28/2025 01:40:00,1.50,,,,,
3276,06/28/2025 01:45:00,1.50,,,,,
3277,06/28/2025 01:50:00,1.37,,,,,
3278,06/28/2025 01:55:00,1.24,,,,,
3279,06/28/2025 02:00:00,1.28,,,,,
3280,06/28/2025 02:05:00,1.33,,,,,
3281,06/28/2025 02:10:00,1.46,,,,,
3282,06/28/2025 02:15:00,1.50,,,,,
3283,06/28/2025 02:20:00,1.50,,,,,
3284,06/28/2025 02:25:00,1.54,,,,,
3285,06/28/2025 02:30:00,1.46,,,,,
3286,06/28/2025 02:35:00,1.46,,,,,
3287,06/28/2025 02:40:00,1.46,,,,,
3288,06/28/2025 02:45:00,1.46,,,,,
3289,06/28/2025 02:50:00,1.41,,,,,
3290,06/28/2025 02:55:00,1.37,,,,,
3291,06/28/2025 03:00:00,1.37,,,,,
3292,06/28/2025 03:05:00,1.37,,,,,
3293,06/28/2025 03:10:00,1.50,,,,,
3294,06/28/2025 03:15:00,1.46,,,,,
3295,06/28/2025 03:20:00,1.41,,,,,
3296,06/28/2025 03:25:00,1.37,,,,,
3297,06/28/2025 03:30:00,1.54,,,,,
3298,06/28/2025 03:35:00,1.46,,,,,
3299,06/28/2025 03:40:00,1.46,,,,,
3300,06/28/2025 03:45:00,1.41,,,,,
3301,06/28/2025 03:50:00,1.41,,,,,
3302,06/28/2025 03:55:00,1.33,,,,,
3303,06/28/2025 04:00:00,1.37,,,,,
3304,06/28/2025 04:05:00,1.46,,,,,
3305,06/28/2025 04:10:00,1.50,,,,,
3306,06/28/2025 04:15:00,1.46,,,,,
3307,06/28/2025 04:20:00,1.46,,,,,
3308,06/28/2025 04:25:00,1.41,,,,,
3309,06/28/2025 04:30:00,1.41,,,,,
3310,06/28/2025 04:35:00,1.50,,,,,
3311,06/28/2025 04:40:00,1.54,,,,,
3312,06/28/2025 04:45:00,1.80,,,,,
3313,06/28/2025 04:50:00,1.84,,,,,
3314,06/28/2025 04:55:00,1.88,,,,,
3315,06/28/2025 05:00:00,1.80,,,,,
3316,06/28/2025 05:05:00,1.84,,,,,
3317,06/28/2025 05:10:00,1.76,,,,,
3318,06/28/2025 05:15:00,1.63,,,,,
3319,06/28/2025 05:20:00,1.63,,,,,
3320,06/28/2025 05:25:00,1.46,,,,,
3321,06/28/2025 05:30:00,1.58,,,,,
3322,06/28/2025 05:35:00,1.54,,,,,
3323,06/28/2025 05:40:00,1.46,,,,,
3324,06/28/2025 05:45:00,1.58,,,,,
3325,06/28/2025 05:50:00,1.54,,,,,
3326,06/28/2025 05:55:00,1.54,,,,,
3327,06/28/2025 06:00:00,1.54,,,,,
3328,06/28/2025 06:05:00,1.63,,,,,
3329,06/28/2025 06:10:00,1.67,,,,,
3330,06/28/2025 06:15:00,1.58,,,,,
3331,06/28/2025 06:20:00,1.76,,,,,
3332,06/28/2025 06:25:00,1.76,,,,,
3333,06/28/2025 06:30:00,1.84,,,,,
3334,06/28/2025 06:35:00,1.97,,,,,
3335,06/28/2025 06:40:00,1.84,,,,,
3336,06/28/2025 06:45:00,1.93,,,,,
3337,06/28/2025 06:50:00,1.93,,,,,
3338,06/28/2025 06:55:00,1.80,,,,,
3339,06/28/2025 07:00:00,1.67,,,,,
3340,06/28/2025 07:05:00,1.80,,,,,
3341,06/28/2025 07:10:00,1.88,,,,,
3342,06/28/2025 07:15:00,1.84,,,,,
3343,06/28/2025 07:20:00,1.76,,,,,
3344,06/28/2025 07:25:00,1.80,,,,,
3345,06/28/2025 07:30:00,1.88,,,,,
3346,06/28/2025 07:35:00,2.06,,,,,
3347,06/28/2025 07:40:00,2.01,,,,,
3348,06/28/2025 07:45:00,1.88,,,,,
3349,06/28/2025 07:50:00,1.93,,,,,
3350,06/28/2025 07:55:00,1.97,,,,,
3351,06/28/2025 08:00:00,2.06,,,,,
3352,06/28/2025 08:05:00,2.27,,,,,
3353,06/28/2025 08:10:00,2.23,,,,,
3354,06/28/2025 08:15:00,2.27,,,,,
3355,06/28/2025 08:20:00,2.31,,,,,
3356,06/28/2025 08:25:00,2.61,,,,,
3357,06/28/2025 08:30:00,2.70,,,,,
3358,06/28/2025 08:35:00,2.79,,,,,
3359,06/28/2025 08:40:00,3.26,,,,,
3360,06/28/2025 08:45:00,3.34,,,,,
3361,06/28/2025 08:50:00,3.52,,,,,
3362,06/28/2025 08:55:00,3.39,,,,,
3363,06/28/2025 09:00:00,3.69,,,,,
3364,06/28/2025 09:05:00,3.60,,,,,
3365,06/28/2025 09:10:00,3.52,,,,,
3366,06/28/2025 09:15:00,3.90,,,,,
3367,06/28/2025 09:20:00,4.33,,,,,
3368,06/28/2025 09:25:00,4.63,,,,,
3369,06/28/2025 09:30:00,3.82,,,,,
3370,06/28/2025 09:35:00,3.39,,,,,
3371,06/28/2025 09:40:00,3.00,,,,,
3372,06/28/2025 09:45:00,2.74,,,,,
3373,06/28/2025 09:50:00,2.79,,,,,
3374,06/28/2025 09:55:00,2.83,,,,,
3375,06/28/2025 10:00:00,2.91,,,,,
3376,06/28/2025 10:05:00,3.00,,,,,
3377,06/28/2025 10:10:00,3.09,,,,,
3378,06/28/2025 10:15:00,3.39,,,,,
3379,06/28/2025 10:20:00,3.69,,,,,
3380,06/28/2025 10:25:00,3.73,,,,,
3381,06/28/2025 10:30:00,3.90,,,,,
3382,06/28/2025 10:35:00,3.90,,,,,
3383,06/28/2025 10:40:00,3.82,,,,,
3384,06/28/2025 10:45:00,3.60,,,,,
3385,06/28/2025 10:50:00,3.52,,,,,
3386,06/28/2025 10:55:00,3.94,,,,,
3387,06/28/2025 11:00:00,5.36,,,,,
3388,06/28/2025 11:05:00,6.00,,,,,
3389,06/28/2025 11:10:00,7.12,,,,,
3390,06/28/2025 11:15:00,6.43,,,,,
3391,06/28/2025 11:20:00,5.79,,,,,
3392,06/28/2025 11:25:00,5.27,,,,,
3393,06/28/2025 11:30:00,5.32,,,,,
3394,06/28/2025 11:35:00,5.96,,,,,
3395,06/28/2025 11:40:00,6.26,,,,,
3396,06/28/2025 11:45:00,5.75,,,,,
3397,06/28/2025 11:50:00,4.89,,,,,
3398,06/28/2025 11:55:00,4.50,,,,,
3399,06/28/2025 12:00:00,4.29,,,,,
3400,06/28/2025 12:05:00,4.03,,,,,
3401,06/28/2025 12:10:00,3.69,,,,,
3402,06/28/2025 12:15:00,3.60,,,,,
3403,06/28/2025 12:20:00,3.60,,,,,
3404,06/28/2025 12:25:00,3.60,,,,,
3405,06/28/2025 12:30:00,3.77,,,,,
3406,06/28/2025 12:35:00,3.73,,,,,
3407,06/28/2025 12:40:00,3.86,,,,,
3408,06/28/2025 12:45:00,3.86,,,,,
3409,06/28/2025 12:50:00,3.82,,,,,
3410,06/28/2025 12:55:00,3.56,,,,,
3411,06/28/2025 13:00:00,3.86,,,,,
3412,06/28/2025 13:05:00,3.99,,,,,
3413,06/28/2025 13:10:00,4.12,,,,,
3414,06/28/2025 13:15:00,4.20,,,,,
3415,06/28/2025 13:20:00,4.03,,,,,
3416,06/28/2025 13:25:00,3.77,,,,,
3417,06/28/2025 13:30:00,3.99,,,,,
3418,06/28/2025 13:35:00,4.16,,,,,
3419,06/28/2025 13:40:00,4.37,,,,,
3420,06/28/2025 13:45:00,4.20,,,,,
3421,06/28/2025 13:50:00,4.03,,,,,
3422,06/28/2025 13:55:00,4.07,,,,,
3423,06/28/2025 14:00:00,4.42,,,,,
3424,06/28/2025 14:05:00,4.89,,,,,
3425,06/28/2025 14:10:00,5.62,,,,,
3426,06/28/2025 14:15:00,4.24,,,,,
3427,06/28/2025 14:20:00,3.26,,,,,
3428,06/28/2025 14:25:00,2.83,,,,,
3429,06/28/2025 14:30:00,2.66,,,,,
3430,06/28/2025 14:35:00,2.70,,,,,
3431,06/28/2025 14:40:00,2.96,,,,,
3432,06/28/2025 14:45:00,3.13,,,,,
3433,06/28/2025 14:50:00,2.96,,,,,
3434,06/28/2025 14:55:00,2.49,,,,,
3435,06/28/2025 15:00:00,2.40,,,,,
3436,06/28/2025 15:05:00,2.23,,,,,
3437,06/28/2025 15:10:00,2.36,,,,,
3438,06/28/2025 15:15:00,2.23,,,,,
3439,06/28/2025 15:20:00,1.93,,,,,
3440,06/28/2025 15:25:00,2.23,,,,,
3441,06/28/2025 15:30:00,2.01,,,,,
3442,06/28/2025 15:35:00,2.06,,,,,
3443,06/28/2025 15:40:00,2.23,,,,,
3444,06/28/2025 15:45:00,2.27,,,,,
3445,06/28/2025 15:50:00,2.06,,,,,
3446,06/28/2025 15:55:00,2.01,,,,,
3447,06/28/2025 16:00:00,1.88,,,,,
3448,06/28/2025 16:05:00,1.97,,,,,
3449,06/28/2025 16:10:00,1.93,,,,,
3450,06/28/2025 16:15:00,1.88,,,,,
3451,06/28/2025 16:20:00,1.88,,,,,
3452,06/28/2025 16:25:00,1.84,,,,,
3453,06/28/2025 16:30:00,1.80,,,,,
3454,06/28/2025 16:35:00,1.76,,,,,
3455,06/28/2025 16:40:00,1.76,,,,,
3456,06/28/2025 16:45:00,1.84,,,,,
3457,06/28/2025 16:50:00,1.76,,,,,
3458,06/28/2025 16:55:00,1.88,,,,,
3459,06/28/2025 17:00:00,2.01,,,,,
3460,06/28/2025 17:05:00,2.14,,,,,
3461,06/28/2025 17:10:00,2.36,,,,,
3462,06/28/2025 17:15:00,2.19,,,,,
3463,06/28/2025 17:20:00,2.10,,,,,
3464,06/28/2025 17:25:00,1.88,,,,,
3465,06/28/2025 17:30:00,1.93,,,,,
3466,06/28/2025 17:35:00,1.88,,,,,
3467,06/28/2025 17:40:00,2.06,,,,,
3468,06/28/2025 17:45:00,2.01,,,,,
3469,06/28/2025 17:50:00,2.19,,,,,
3470,06/28/2025 17:55:00,2.19,,,,,
3471,06/28/2025 18:00:00,2.14,,,,,
3472,06/28/2025 18:05:00,2.14,,,,,
3473,06/28/2025 18:10:00,2.40,,,,,
3474,06/28/2025 18:15:00,2.96,,,,,
3475,06/28/2025 18:20:00,3.13,,,,,
3476,06/28/2025 18:25:00,3.17,,,,,
3477,06/28/2025 18:30:00,2.87,,,,,
3478,06/28/2025 18:35:00,2.57,,,,,
3479,06/28/2025 18:40:00,2.40,,,,,
3480,06/28/2025 18:45:00,2.31,,,,,
3481,06/28/2025 18:50:00,2.23,,,,,
3482,06/28/2025 18:55:00,2.23,,,,,
3483,06/28/2025 19:00:00,2.23,,,,,
3484,06/28/2025 19:05:00,2.14,,,,,
3485,06/28/2025 19:10:00,2.14,,,,,
3486,06/28/2025 19:15:00,2.10,,,,,
3487,06/28/2025 19:20:00,2.06,,,,,
3488,06/28/2025 19:25:00,2.14,,,,,
3489,06/28/2025 19:30:00,2.14,,,,,
3490,06/28/2025 19:35:00,2.19,,,,,
3491,06/28/2025 19:40:00,2.19,,,,,
3492,06/28/2025 19:45:00,2.14,,,,,
3493,06/28/2025 19:50:00,2.06,,,,,
3494,06/28/2025 19:55:00,2.01,,,,,
3495,06/28/2025 20:00:00,1.97,,,,,
3496,06/28/2025 20:05:00,1.97,,,,,
3497,06/28/2025 20:10:00,2.06,,,,,
3498,06/28/2025 20:15:00,2.10,,,,,
3499,06/28/2025 20:20:00,2.06,,,,,
3500,06/28/2025 20:25:00,2.06,,,,,
3501,06/28/2025 20:30:00,2.01,,,,,
3502,06/28/2025 20:35:00,1.97,,,,,
3503,06/28/2025 20:40:00,1.88,,,,,
3504,06/28/2025 20:45:00,1.88,,,,,
3505,06/28/2025 20:50:00,1.80,,,,,
3506,06/28/2025 20:55:00,1.67,,,,,
3507,06/28/2025 21:00:00,1.76,,,,,
3508,06/28/2025 21:05:00,1.80,,,,,
3509,06/28/2025 21:10:00,1.71,,,,,
3510,06/28/2025 21:15:00,1.71,,,,,
3511,06/28/2025 21:20:00,1.67,,,,,
3512,06/28/2025 21:25:00,1.67,,,,,
3513,06/28/2025 21:30:00,1.63,,,,,
3514,06/28/2025 21:35:00,1.67,,,,,
3515,06/28/2025 21:40:00,1.58,,,,,
3516,06/28/2025 21:45:00,1.50,,,,,
3517,06/28/2025 21:50:00,1.54,,,,,
3518,06/28/2025 21:55:00,1.46,,,,,
3519,06/28/2025 22:00:00,1.33,,,,,
3520,06/28/2025 22:05:00,1.41,,,,,
3521,06/28/2025 22:10:00,1.33,,,,,
3522,06/28/2025 22:15:00,1.41,,,,,
3523,06/28/2025 22:20:00,1.41,,,,,
3524,06/28/2025 22:25:00,1.46,,,,,
3525,06/28/2025 22:30:00,1.37,,,,,
3526,06/28/2025 22:35:00,1.46,,,,,
3527,06/28/2025 22:40:00,1.46,,,,,
3528,06/28/2025 22:45:00,1.50,,,,,
3529,06/28/2025 22:50:00,1.46,,,,,
3530,06/28/2025 22:55:00,1.50,,,,,
3531,06/28/2025 23:00:00,1.50,,,,,
3532,06/28/2025 23:05:00,1.50,,,,,
3533,06/28/2025 23:10:00,1.54,,,,,
3534,06/28/2025 23:15:00,1.46,,,,,
3535,06/28/2025 23:20:00,1.33,,,,,
3536,06/28/2025 23:25:00,1.33,,,,,
3537,06/28/2025 23:30:00,1.54,,,,,
3538,06/28/2025 23:35:00,1.63,,,,,
3539,06/28/2025 23:40:00,1.50,,,,,
3540,06/28/2025 23:45:00,1.50,,,,,
3541,06/28/2025 23:50:00,1.58,,,,,
3542,06/28/2025 23:55:00,1.50,,,,,
3543,06/29/2025 00:00:00,1.58,,,,,
3544,06/29/2025 00:05:00,1.46,,,,,
3545,06/29/2025 00:10:00,1.46,,,,,
3546,06/29/2025 00:15:00,1.41,,,,,
3547,06/29/2025 00:20:00,1.46,,,,,
3548,06/29/2025 00:25:00,1.37,,,,,
3549,06/29/2025 00:30:00,1.33,,,,,
3550,06/29/2025 00:35:00,1.37,,,,,
3551,06/29/2025 00:40:00,1.28,,,,,
3552,06/29/2025 00:45:00,1.28,,,,,
3553,06/29/2025 00:50:00,1.20,,,,,
3554,06/29/2025 00:55:00,1.20,,,,,
3555,06/29/2025 01:00:00,1.07,,,,,
3556,06/29/2025 01:05:00,1.11,,,,,
3557,06/29/2025 01:10:00,1.03,,,,,
3558,06/29/2025 01:15:00,1.03,,,,,
3559,06/29/2025 01:20:00,1.03,,,,,
3560,06/29/2025 01:25:00,1.03,,,,,
3561,06/29/2025 01:30:00,0.98,,,,,
3562,06/29/2025 01:35:00,0.90,,,,,
3563,06/29/2025 01:40:00,0.94,,,,,
3564,06/29/2025 01:45:00,0.86,,,,,
3565,06/29/2025 01:50:00,0.81,,,,,
3566,06/29/2025 01:55:00,0.81,,,,,
3567,06/29/2025 02:00:00,0.81,,,,,
3568,06/29/2025 02:05:00,0.86,,,,,
3569,06/29/2025 02:10:00,0.81,,,,,
3570,06/29/2025 02:15:00,0.90,,,,,
3571,06/29/2025 02:20:00,0.94,,,,,
3572,06/29/2025 02:25:00,1.03,,,,,
3573,06/29/2025 02:30:00,0.98,,,,,
3574,06/29/2025 02:35:00,0.98,,,,,
3575,06/29/2025 02:40:00,1.03,,,,,
3576,06/29/2025 02:45:00,0.98,,,,,
3577,06/29/2025 02:50:00,0.90,,,,,
3578,06/29/2025 02:55:00,0.90,,,,,
3579,06/29/2025 03:00:00,0.94,,,,,
3580,06/29/2025 03:05:00,0.86,,,,,
3581,06/29/2025 03:10:00,0.77,,,,,
3582,06/29/2025 03:15:00,0.90,,,,,
3583,06/29/2025 03:20:00,0.94,,,,,
3584,06/29/2025 03:25:00,0.94,,,,,
3585,06/29/2025 03:30:00,0.90,,,,,
3586,06/29/2025 03:35:00,0.94,,,,,
3587,06/29/2025 03:40:00,0.73,,,,,
3588,06/29/2025 03:45:00,0.77,,,,,
3589,06/29/2025 03:50:00,0.64,,,,,
3590,06/29/2025 03:55:00,0.60,,,,,
3591,06/29/2025 04:00:00,0.68,,,,,
3592,06/29/2025 04:05:00,0.73,,,,,
3593,06/29/2025 04:10:00,0.81,,,,,
3594,06/29/2025 04:15:00,0.81,,,,,
3595,06/29/2025 04:20:00,0.81,,,,,
3596,06/29/2025 04:25:00,0.86,,,,,
3597,06/29/2025 04:30:00,0.94,,,,,
3598,06/29/2025 04:35:00,0.98,,,,,
3599,06/29/2025 04:40:00,0.98,,,,,
3600,06/29/2025 04:45:00,0.94,,,,,
3601,06/29/2025 04:50:00,0.94,,,,,
3602,06/29/2025 04:55:00,0.94,,,,,
3603,06/29/2025 05:00:00,0.98,,,,,
3604,06/29/2025 05:05:00,0.98,,,,,
3605,06/29/2025 05:10:00,0.90,,,,,
3606,06/29/2025 05:15:00,0.98,,,,,
3607,06/29/2025 05:20:00,0.81,,,,,
3608,06/29/2025 05:25:00,0.86,,,,,
3609,06/29/2025 05:30:00,0.86,,,,,
3610,06/29/2025 05:35:00,0.90,,,,,
3611,06/29/2025 05:40:00,0.86,,,,,
3612,06/29/2025 05:45:00,0.98,,,,,
3613,06/29/2025 05:50:00,1.03,,,,,
3614,06/29/2025 05:55:00,1.07,,,,,
3615,06/29/2025 06:00:00,1.11,,,,,
3616,06/29/2025 06:05:00,1.11,,,,,
3617,06/29/2025 06:10:00,1.20,,,,,
3618,06/29/2025 06:15:00,1.33,,,,,
3619,06/29/2025 06:20:00,1.50,,,,,
3620,06/29/2025 06:25:00,1.58,,,,,
3621,06/29/2025 06:30:00,1.67,,,,,
3622,06/29/2025 06:35:00,1.71,,,,,
3623,06/29/2025 06:40:00,1.80,,,,,
3624,06/29/2025 06:45:00,1.88,,,,,
3625,06/29/2025 06:50:00,2.01,,,,,
3626,06/29/2025 06:55:00,2.06,,,,,
3627,06/29/2025 07:00:00,2.01,,,,,
3628,06/29/2025 07:05:00,1.97,,,,,
3629,06/29/2025 07:10:00,1.84,,,,,
3630,06/29/2025 07:15:00,1.80,,,,,
3631,06/29/2025 07:20:00,1.80,,,,,
3632,06/29/2025 07:25:00,2.01,,,,,
3633,06/29/2025 07:30:00,1.93,,,,,
3634,06/29/2025 07:35:00,1.97,,,,,
3635,06/29/2025 07:40:00,1.80,,,,,
3636,06/29/2025 07:45:00,1.71,,,,,
3637,06/29/2025 07:50:00,1.80,,,,,
3638,06/29/2025 07:55:00,1.93,,,,,
3639,06/29/2025 08:00:00,2.10,,,,,
3640,06/29/2025 08:05:00,2.27,,,,,
3641,06/29/2025 08:10:00,2.53,,,,,
3642,06/29/2025 08:15:00,2.70,,,,,
3643,06/29/2025 08:20:00,2.74,,,,,
3644,06/29/2025 08:25:00,2.53,,,,,
3645,06/29/2025 08:30:00,2.49,,,,,
3646,06/29/2025 08:35:00,2.53,,,,,
3647,06/29/2025 08:40:00,2.53,,,,,
3648,06/29/2025 08:45:00,2.49,,,,,
3649,06/29/2025 08:50:00,2.31,,,,,
3650,06/29/2025 08:55:00,2.40,,,,,
3651,06/29/2025 09:00:00,2.49,,,,,
3652,06/29/2025 09:05:00,2.53,,,,,
3653,06/29/2025 09:10:00,2.36,,,,,
3654,06/29/2025 09:15:00,2.31,,,,,
3655,06/29/2025 09:20:00,2.53,,,,,
3656,06/29/2025 09:25:00,3.04,,,,,
3657,06/29/2025 09:30:00,3.00,,,,,
3658,06/29/2025 09:35:00,2.91,,,,,
3659,06/29/2025 09:40:00,3.17,,,,,
3660,06/29/2025 09:45:00,3.52,,,,,
3661,06/29/2025 09:50:00,3.69,,,,,
3662,06/29/2025 09:55:00,3.47,,,,,
3663,06/29/2025 10:00:00,3.43,,,,,
3664,06/29/2025 10:05:00,3.52,,,,,
3665,06/29/2025 10:10:00,3.52,,,,,
3666,06/29/2025 10:15:00,3.17,,,,,
3667,06/29/2025 10:20:00,2.87,,,,,
3668,06/29/2025 10:25:00,3.09,,,,,
3669,06/29/2025 10:30:00,3.34,,,,,
3670,06/29/2025 10:35:00,3.26,,,,,
3671,06/29/2025 10:40:00,3.30,,,,,
3672,06/29/2025 10:45:00,3.30,,,,,
3673,06/29/2025 10:50:00,3.13,,,,,
3674,06/29/2025 10:55:00,2.96,,,,,
3675,06/29/2025 11:00:00,2.91,,,,,
3676,06/29/2025 11:05:00,3.09,,,,,
3677,06/29/2025 11:10:00,3.34,,,,,
3678,06/29/2025 11:15:00,3.56,,,,,
3679,06/29/2025 11:20:00,3.43,,,,,
3680,06/29/2025 11:25:00,3.56,,,,,
3681,06/29/2025 11:30:00,3.90,,,,,
3682,06/29/2025 11:35:00,3.86,,,,,
3683,06/29/2025 11:40:00,3.82,,,,,
3684,06/29/2025 11:45:00,3.86,,,,,
3685,06/29/2025 11:50:00,3.94,,,,,
3686,06/29/2025 11:55:00,4.03,,,,,
3687,06/29/2025 12:00:00,4.07,,,,,
3688,06/29/2025 12:05:00,3.90,,,,,
3689,06/29/2025 12:10:00,3.73,,,,,
3690,06/29/2025 12:15:00,3.94,,,,,
3691,06/29/2025 12:20:00,4.67,,,,,
3692,06/29/2025 12:25:00,4.54,,,,,
3693,06/29/2025 12:30:00,4.54,,,,,
3694,06/29/2025 12:35:00,4.07,,,,,
3695,06/29/2025 12:40:00,4.12,,,,,
3696,06/29/2025 12:45:00,4.50,,,,,
3697,06/29/2025 12:50:00,4.84,,,,,
3698,06/29/2025 12:55:00,4.59,,,,,
3699,06/29/2025 13:00:00,4.29,,,,,
3700,06/29/2025 13:05:00,4.50,,,,,
3701,06/29/2025 13:10:00,4.67,,,,,
3702,06/29/2025 13:15:00,5.27,,,,,
3703,06/29/2025 13:20:00,5.70,,,,,
3704,06/29/2025 13:25:00,5.70,,,,,
3705,06/29/2025 13:30:00,5.70,,,,,
3706,06/29/2025 13:35:00,5.57,,,,,
3707,06/29/2025 13:40:00,5.40,,,,,
3708,06/29/2025 13:45:00,5.36,,,,,
3709,06/29/2025 13:50:00,5.45,,,,,
3710,06/29/2025 13:55:00,5.40,,,,,
3711,06/29/2025 14:00:00,5.49,,,,,
3712,06/29/2025 14:05:00,6.09,,,,,
3713,06/29/2025 14:10:00,6.82,,,,,
3714,06/29/2025 14:15:00,7.72,,,,,
3715,06/29/2025 14:20:00,7.16,,,,,
3716,06/29/2025 14:25:00,6.52,,,,,
3717,06/29/2025 14:30:00,7.29,,,,,
3718,06/29/2025 14:35:00,7.33,,,,,
3719,06/29/2025 14:40:00,6.99,,,,,
3720,06/29/2025 14:45:00,6.26,,,,,
3721,06/29/2025 14:50:00,5.83,,,,,
3722,06/29/2025 14:55:00,5.45,,,,,
3723,06/29/2025 15:00:00,5.66,,,,,
3724,06/29/2025 15:05:00,6.09,,,,,
3725,06/29/2025 15:10:00,6.60,,,,,
3726,06/29/2025 15:15:00,6.22,,,,,
3727,06/29/2025 15:20:00,6.05,,,,,
3728,06/29/2025 15:25:00,5.57,,,,,
3729,06/29/2025 15:30:00,6.00,,,,,
3730,06/29/2025 15:35:00,7.33,,,,,
3731,06/29/2025 15:40:00,7.12,,,,,
3732,06/29/2025 15:45:00,6.26,,,,,
3733,06/29/2025 15:50:00,5.83,,,,,
3734,06/29/2025 15:55:00,5.70,,,,,
3735,06/29/2025 16:00:00,5.92,,,,,
3736,06/29/2025 16:05:00,5.62,,,,,
3737,06/29/2025 16:10:00,5.62,,,,,
3738,06/29/2025 16:15:00,5.49,,,,,
3739,06/29/2025 16:20:00,5.45,,,,,
3740,06/29/2025 16:25:00,5.57,,,,,
3741,06/29/2025 16:30:00,5.57,,,,,
3742,06/29/2025 16:35:00,5.70,,,,,
3743,06/29/2025 16:40:00,6.09,,,,,
3744,06/29/2025 16:45:00,5.83,,,,,
3745,06/29/2025 16:50:00,6.35,,,,,
3746,06/29/2025 16:55:00,6.43,,,,,
3747,06/29/2025 17:00:00,6.22,,,,,
3748,06/29/2025 17:05:00,6.30,,,,,
3749,06/29/2025 17:10:00,6.35,,,,,
3750,06/29/2025 17:15:00,6.00,,,,,
3751,06/29/2025 17:20:00,5.62,,,,,
3752,06/29/2025 17:25:00,5.53,,,,,
3753,06/29/2025 17:30:00,5.66,,,,,
3754,06/29/2025 17:35:00,5.27,,,,,
3755,06/29/2025 17:40:00,4.54,,,,,
3756,06/29/2025 17:45:00,3.99,,,,,
3757,06/29/2025 17:50:00,3.94,,,,,
3758,06/29/2025 17:55:00,3.86,,,,,
3759,06/29/2025 18:00:00,3.77,,,,,
3760,06/29/2025 18:05:00,3.77,,,,,
3761,06/29/2025 18:10:00,3.56,,,,,
3762,06/29/2025 18:15:00,3.34,,,,,
3763,06/29/2025 18:20:00,3.39,,,,,
3764,06/29/2025 18:25:00,3.86,,,,,
3765,06/29/2025 18:30:00,4.12,,,,,
3766,06/29/2025 18:35:00,3.86,,,,,
3767,06/29/2025 18:40:00,3.60,,,,,
3768,06/29/2025 18:45:00,3.34,,,,,
3769,06/29/2025 18:50:00,3.47,,,,,
3770,06/29/2025 18:55:00,3.52,,,,,
3771,06/29/2025 19:00:00,3.64,,,,,
3772,06/29/2025 19:05:00,3.60,,,,,
3773,06/29/2025 19:10:00,3.47,,,,,
3774,06/29/2025 19:15:00,3.17,,,,,
3775,06/29/2025 19:20:00,2.87,,,,,
3776,06/29/2025 19:25:00,2.91,,,,,
3777,06/29/2025 19:30:00,3.00,,,,,
3778,06/29/2025 19:35:00,2.96,,,,,
3779,06/29/2025 19:40:00,2.91,,,,,
3780,06/29/2025 19:45:00,2.74,,,,,
3781,06/29/2025 19:50:00,2.53,,,,,
3782,06/29/2025 19:55:00,2.57,,,,,
3783,06/29/2025 20:00:00,2.70,,,,,
3784,06/29/2025 20:05:00,2.87,,,,,
3785,06/29/2025 20:10:00,2.96,,,,,
3786,06/29/2025 20:15:00,2.83,,,,,
3787,06/29/2025 20:20:00,2.61,,,,,
3788,06/29/2025 20:25:00,2.49,,,,,
3789,06/29/2025 20:30:00,2.61,,,,,
3790,06/29/2025 20:35:00,2.66,,,,,
3791,06/29/2025 20:40:00,2.66,,,,,
3792,06/29/2025 20:45:00,2.36,,,,,
3793,06/29/2025 20:50:00,2.06,,,,,
3794,06/29/2025 20:55:00,1.84,,,,,
3795,06/29/2025 21:00:00,1.58,,,,,
3796,06/29/2025 21:05:00,1.50,,,,,
3797,06/29/2025 21:10:00,1.33,,,,,
3798,06/29/2025 21:15:00,1.24,,,,,
3799,06/29/2025 21:20:00,1.33,,,,,
3800,06/29/2025 21:25:00,1.16,,,,,
3801,06/29/2025 21:30:00,0.94,,,,,
3802,06/29/2025 21:35:00,0.86,,,,,
3803,06/29/2025 21:40:00,0.68,,,,,
3804,06/29/2025 21:45:00,0.68,,,,,
3805,06/29/2025 21:50:00,0.64,,,,,
3806,06/29/2025 21:55:00,0.68,,,,,
3807,06/29/2025 22:00:00,0.68,,,,,
3808,06/29/2025 22:05:00,0.77,,,,,
3809,06/29/2025 22:10:00,0.81,,,,,
3810,06/29/2025 22:15:00,0.77,,,,,
3811,06/29/2025 22:20:00,0.77,,,,,
3812,06/29/2025 22:25:00,0.77,,,,,
3813,06/29/2025 22:30:00,0.73,,,,,
3814,06/29/2025 22:35:00,0.77,,,,,
3815,06/29/2025 22:40:00,0.73,,,,,
3816,06/29/2025 22:45:00,0.77,,,,,
3817,06/29/2025 22:50:00,0.77,,,,,
3818,06/29/2025 22:55:00,0.81,,,,,
3819,06/29/2025 23:00:00,0.81,,,,,
3820,06/29/2025 23:05:00,0.73,,,,,
3821,06/29/2025 23:10:00,0.77,,,,,
3822,06/29/2025 23:15:00,0.68,,,,,
3823,06/29/2025 23:20:00,0.73,,,,,
3824,06/29/2025 23:25:00,0.68,,,,,
3825,06/29/2025 23:30:00,0.68,,,,,
3826,06/29/2025 23:35:00,0.68,,,,,
3827,06/29/2025 23:40:00,0.73,,,,,
3828,06/29/2025 23:45:00,0.64,,,,,
3829,06/29/2025 23:50:00,0.55,,,,,
3830,06/29/2025 23:55:00,0.43,,,,,
3831,06/30/2025 00:00:00,0.47,,,,,
3832,06/30/2025 00:05:00,0.43,,,,,
3833,06/30/2025 00:10:00,0.51,,,,,
3834,06/30/2025 00:15:00,0.51,,,,,
3835,06/30/2025 00:20:00,0.55,,,,,
3836,06/30/2025 00:25:00,0.64,,,,,
3837,06/30/2025 00:30:00,0.60,,,,,
3838,06/30/2025 00:35:00,0.55,,,,,
3839,06/30/2025 00:40:00,0.55,,,,,
3840,06/30/2025 00:45:00,0.55,,,,,
3841,06/30/2025 00:50:00,0.55,,,,,
3842,06/30/2025 00:55:00,0.60,,,,,
3843,06/30/2025 01:00:00,0.60,,,,,
3844,06/30/2025 01:05:00,0.68,,,,,
3845,06/30/2025 01:10:00,0.60,,,,,
3846,06/30/2025 01:15:00,0.68,,,,,
3847,06/30/2025 01:20:00,0.77,,,,,
3848,06/30/2025 01:25:00,0.68,,,,,
3849,06/30/2025 01:30:00,0.77,,,,,
3850,06/30/2025 01:35:00,0.81,,,,,
3851,06/30/2025 01:40:00,0.81,,,,,
3852,06/30/2025 01:45:00,0.86,,,,,
3853,06/30/2025 01:50:00,0.77,,,,,
3854,06/30/2025 01:55:00,0.77,,,,,
3855,06/30/2025 02:00:00,0.86,,,,,
3856,06/30/2025 02:05:00,0.94,,,,,
3857,06/30/2025 02:10:00,0.90,,,,,
3858,06/30/2025 02:15:00,0.90,,,,,
3859,06/30/2025 02:20:00,0.94,,,,,
3860,06/30/2025 02:25:00,0.94,,,,,
3861,06/30/2025 02:30:00,0.98,,,,,
3862,06/30/2025 02:35:00,1.03,,,,,
3863,06/30/2025 02:40:00,0.90,,,,,
3864,06/30/2025 02:45:00,0.98,,,,,
3865,06/30/2025 02:50:00,0.90,,,,,
3866,06/30/2025 02:55:00,0.94,,,,,
3867,06/30/2025 03:00:00,1.03,,,,,
3868,06/30/2025 03:05:00,1.16,,,,,
3869,06/30/2025 03:10:00,1.24,,,,,
3870,06/30/2025 03:15:00,1.28,,,,,
3871,06/30/2025 03:20:00,1.33,,,,,
3872,06/30/2025 03:25:00,1.33,,,,,
3873,06/30/2025 03:30:00,1.28,,,,,
3874,06/30/2025 03:35:00,1.11,,,,,
3875,06/30/2025 03:40:00,0.94,,,,,
3876,06/30/2025 03:45:00,0.77,,,,,
3877,06/30/2025 03:50:00,0.77,,,,,
3878,06/30/2025 03:55:00,0.90,,,,,
3879,06/30/2025 04:00:00,0.94,,,,,
3880,06/30/2025 04:05:00,1.03,,,,,
3881,06/30/2025 04:10:00,0.98,,,,,
3882,06/30/2025 04:15:00,0.94,,,,,
3883,06/30/2025 04:20:00,1.03,,,,,
3884,06/30/2025 04:25:00,0.86,,,,,
3885,06/30/2025 04:30:00,0.86,,,,,
3886,06/30/2025 04:35:00,0.86,,,,,
3887,06/30/2025 04:40:00,0.94,,,,,
3888,06/30/2025 04:45:00,0.94,,,,,
3889,06/30/2025 04:50:00,0.94,,,,,
3890,06/30/2025 04:55:00,1.03,,,,,
3891,06/30/2025 05:00:00,1.11,,,,,
3892,06/30/2025 05:05:00,1.07,,,,,
3893,06/30/2025 05:10:00,1.11,,,,,
3894,06/30/2025 05:15:00,1.20,,,,,
3895,06/30/2025 05:20:00,0.98,,,,,
3896,06/30/2025 05:25:00,0.90,,,,,
3897,06/30/2025 05:30:00,0.86,,,,,
3898,06/30/2025 05:35:00,0.86,,,,,
3899,06/30/2025 05:40:00,0.98,,,,,
3900,06/30/2025 05:45:00,1.28,,,,,
3901,06/30/2025 05:50:00,1.54,,,,,
3902,06/30/2025 05:55:00,2.01,,,,,
3903,06/30/2025 06:00:00,2.23,,,,,
3904,06/30/2025 06:05:00,2.49,,,,,
3905,06/30/2025 06:10:00,2.74,,,,,
3906,06/30/2025 06:15:00,3.21,,,,,
3907,06/30/2025 06:20:00,3.34,,,,,
3908,06/30/2025 06:25:00,3.47,,,,,
3909,06/30/2025 06:30:00,4.03,,,,,
3910,06/30/2025 06:35:00,4.07,,,,,
3911,06/30/2025 06:40:00,3.77,,,,,
3912,06/30/2025 06:45:00,3.94,,,,,
3913,06/30/2025 06:50:00,4.12,,,,,
3914,06/30/2025 06:55:00,4.54,,,,,
3915,06/30/2025 07:00:00,4.97,,,,,
3916,06/30/2025 07:05:00,5.96,,,,,
3917,06/30/2025 07:10:00,5.70,,,,,
3918,06/30/2025 07:15:00,5.19,,,,,
3919,06/30/2025 07:20:00,5.27,,,,,
3920,06/30/2025 07:25:00,5.36,,,,,
3921,06/30/2025 07:30:00,5.02,,,,,
3922,06/30/2025 07:35:00,5.06,,,,,
3923,06/30/2025 07:40:00,5.15,,,,,
3924,06/30/2025 07:45:00,5.06,,,,,
3925,06/30/2025 07:50:00,5.19,,,,,
3926,06/30/2025 07:55:00,5.19,,,,,
3927,06/30/2025 08:00:00,5.62,,,,,
3928,06/30/2025 08:05:00,6.17,,,,,
3929,06/30/2025 08:10:00,5.32,,,,,
3930,06/30/2025 08:15:00,4.84,,,,,
3931,06/30/2025 08:20:00,4.97,,,,,
3932,06/30/2025 08:25:00,5.23,,,,,
3933,06/30/2025 08:30:00,6.00,,,,,
3934,06/30/2025 08:35:00,7.12,,,,,
3935,06/30/2025 08:40:00,7.08,,,,,
3936,06/30/2025 08:45:00,6.99,,,,,
3937,06/30/2025 08:50:00,6.09,,,,,
3938,06/30/2025 08:55:00,5.57,,,,,
3939,06/30/2025 09:00:00,6.30,,,,,
3940,06/30/2025 09:05:00,5.87,,,,,
3941,06/30/2025 09:10:00,5.62,,,,,
3942,06/30/2025 09:15:00,5.53,,,,,
3943,06/30/2025 09:20:00,5.79,,,,,
3944,06/30/2025 09:25:00,5.87,,,,,
3945,06/30/2025 09:30:00,5.92,,,,,
3946,06/30/2025 09:35:00,6.26,,,,,
3947,06/30/2025 09:40:00,6.13,,,,,
3948,06/30/2025 09:45:00,6.00,,,,,
3949,06/30/2025 09:50:00,6.30,,,,,
3950,06/30/2025 09:55:00,6.00,,,,,
3951,06/30/2025 10:00:00,6.05,,,,,
3952,06/30/2025 10:05:00,5.75,,,,,
3953,06/30/2025 10:10:00,5.83,,,,,
3954,06/30/2025 10:15:00,5.57,,,,,
3955,06/30/2025 10:20:00,5.53,,,,,
3956,06/30/2025 10:25:00,5.27,,,,,
3957,06/30/2025 10:30:00,5.19,,,,,
3958,06/30/2025 10:35:00,5.23,,,,,
3959,06/30/2025 10:40:00,5.40,,,,,
3960,06/30/2025 10:45:00,5.96,,,,,
3961,06/30/2025 10:50:00,6.22,,,,,
3962,06/30/2025 10:55:00,6.22,,,,,
3963,06/30/2025 11:00:00,6.35,,,,,
3964,06/30/2025 11:05:00,6.52,,,,,
3965,06/30/2025 11:10:00,6.78,,,,,
3966,06/30/2025 11:15:00,6.86,,,,,
3967,06/30/2025 11:20:00,6.43,,,,,
3968,06/30/2025 11:25:00,6.82,,,,,
3969,06/30/2025 11:30:00,6.99,,,,,
3970,06/30/2025 11:35:00,6.86,,,,,
3971,06/30/2025 11:40:00,6.69,,,,,
3972,06/30/2025 11:45:00,6.52,,,,,
3973,06/30/2025 11:50:00,6.17,,,,,
3974,06/30/2025 11:55:00,6.09,,,,,
3975,06/30/2025 12:00:00,6.17,,,,,
3976,06/30/2025 12:05:00,6.65,,,,,
3977,06/30/2025 12:10:00,7.20,,,,,
3978,06/30/2025 12:15:00,7.20,,,,,
3979,06/30/2025 12:20:00,7.03,,,,,
3980,06/30/2025 12:25:00,7.12,,,,,
3981,06/30/2025 12:30:00,7.16,,,,,
3982,06/30/2025 12:35:00,6.99,,,,,
3983,06/30/2025 12:40:00,6.60,,,,,
3984,06/30/2025 12:45:00,6.00,,,,,
3985,06/30/2025 12:50:00,5.36,,,,,
3986,06/30/2025 12:55:00,5.10,,,,,
3987,06/30/2025 13:00:00,5.27,,,,,
3988,06/30/2025 13:05:00,6.05,,,,,
3989,06/30/2025 13:10:00,6.95,,,,,
3990,06/30/2025 13:15:00,6.56,,,,,
3991,06/30/2025 13:20:00,7.33,,,,,
3992,06/30/2025 13:25:00,7.46,,,,,
3993,06/30/2025 13:30:00,8.96,,,,,
3994,06/30/2025 13:35:00,11.49,,,,,
3995,06/30/2025 13:40:00,11.45,,,,,
3996,06/30/2025 13:45:00,12.48,,,,,
3997,06/30/2025 13:50:00,12.48,,,,,
3998,06/30/2025 13:55:00,10.59,,,,,
3999,06/30/2025 14:00:00,9.99,,,,,
4000,06/30/2025 14:05:00,9.65,,,,,
4001,06/30/2025 14:10:00,10.81,,,,,
4002,06/30/2025 14:15:00,9.95,,,,,
4003,06/30/2025 14:20:00,9.01,,,,,
4004,06/30/2025 14:25:00,8.23,,,,,
4005,06/30/2025 14:30:00,8.06,,,,,
4006,06/30/2025 14:35:00,9.95,,,,,
4007,06/30/2025 14:40:00,9.95,,,,,
4008,06/30/2025 14:45:00,9.18,,,,,
4009,06/30/2025 14:50:00,8.71,,,,,
4010,06/30/2025 14:55:00,7.76,,,,,
4011,06/30/2025 15:00:00,7.68,,,,,
4012,06/30/2025 15:05:00,7.98,,,,,
4013,06/30/2025 15:10:00,11.37,,,,,
4014,06/30/2025 15:15:00,10.98,,,,,
4015,06/30/2025 15:20:00,12.14,,,,,
4016,06/30/2025 15:25:00,10.77,,,,,
4017,06/30/2025 15:30:00,8.88,,,,,
4018,06/30/2025 15:35:00,7.63,,,,,
4019,06/30/2025 15:40:00,7.59,,,,,
4020,06/30/2025 15:45:00,6.86,,,,,
4021,06/30/2025 15:50:00,5.96,,,,,
4022,06/30/2025 15:55:00,5.66,,,,,
4023,06/30/2025 16:00:00,4.93,,,,,
4024,06/30/2025 16:05:00,4.54,,,,,
4025,06/30/2025 16:10:00,6.13,,,,,
4026,06/30/2025 16:15:00,6.86,,,,,
4027,06/30/2025 16:20:00,6.43,,,,,
4028,06/30/2025 16:25:00,5.96,,,,,
4029,06/30/2025 16:30:00,5.79,,,,,
4030,06/30/2025 16:35:00,5.70,,,,,
4031,06/30/2025 16:40:00,6.30,,,,,
4032,06/30/2025 16:45:00,5.66,,,,,
4033,06/30/2025 16:50:00,5.57,,,,,
4034,06/30/2025 16:55:00,6.09,,,,,
4035,06/30/2025 17:00:00,8.02,,,,,
4036,06/30/2025 17:05:00,9.31,,,,,
4037,06/30/2025 17:10:00,7.98,,,,,
4038,06/30/2025 17:15:00,6.22,,,,,
4039,06/30/2025 17:20:00,5.75,,,,,
4040,06/30/2025 17:25:00,5.92,,,,,
4041,06/30/2025 17:30:00,6.48,,,,,
4042,06/30/2025 17:35:00,7.20,,,,,
4043,06/30/2025 17:40:00,6.82,,,,,
4044,06/30/2025 17:45:00,6.22,,,,,
4045,06/30/2025 17:50:00,6.30,,,,,
4046,06/30/2025 17:55:00,6.48,,,,,
4047,06/30/2025 18:00:00,6.09,,,,,
4048,06/30/2025 18:05:00,6.78,,,,,
4049,06/30/2025 18:10:00,6.52,,,,,
4050,06/30/2025 18:15:00,6.09,,,,,
4051,06/30/2025 18:20:00,5.79,,,,,
4052,06/30/2025 18:25:00,5.75,,,,,
4053,06/30/2025 18:30:00,4.80,,,,,
4054,06/30/2025 18:35:00,4.07,,,,,
4055,06/30/2025 18:40:00,3.34,,,,,
4056,06/30/2025 18:45:00,3.21,,,,,
4057,06/30/2025 18:50:00,3.21,,,,,
4058,06/30/2025 18:55:00,3.17,,,,,
4059,06/30/2025 19:00:00,3.17,,,,,
4060,06/30/2025 19:05:00,3.21,,,,,
4061,06/30/2025 19:10:00,3.39,,,,,
4062,06/30/2025 19:15:00,3.30,,,,,
4063,06/30/2025 19:20:00,3.30,,,,,
4064,06/30/2025 19:25:00,3.39,,,,,
4065,06/30/2025 19:30:00,3.09,,,,,
4066,06/30/2025 19:35:00,2.87,,,,,
4067,06/30/2025 19:40:00,2.79,,,,,
4068,06/30/2025 19:45:00,2.57,,,,,
4069,06/30/2025 19:50:00,2.49,,,,,
4070,06/30/2025 19:55:00,2.57,,,,,
4071,06/30/2025 20:00:00,2.91,,,,,
4072,06/30/2025 20:05:00,2.74,,,,,
4073,06/30/2025 20:10:00,2.66,,,,,
4074,06/30/2025 20:15:00,2.40,,,,,
4075,06/30/2025 20:20:00,2.40,,,,,
4076,06/30/2025 20:25:00,2.27,,,,,
4077,06/30/2025 20:30:00,2.14,,,,,
4078,06/30/2025 20:35:00,2.10,,,,,
4079,06/30/2025 20:40:00,2.06,,,,,
4080,06/30/2025 20:45:00,1.97,,,,,
4081,06/30/2025 20:50:00,1.84,,,,,
4082,06/30/2025 20:55:00,1.71,,,,,
4083,06/30/2025 21:00:00,1.54,,,,,
4084,06/30/2025 21:05:00,1.50,,,,,
4085,06/30/2025 21:10:00,1.50,,,,,
4086,06/30/2025 21:15:00,1.58,,,,,
4087,06/30/2025 21:20:00,1.54,,,,,
4088,06/30/2025 21:25:00,1.67,,,,,
4089,06/30/2025 21:30:00,1.63,,,,,
4090,06/30/2025 21:35:00,1.71,,,,,
4091,06/30/2025 21:40:00,1.80,,,,,
4092,06/30/2025 21:45:00,1.88,,,,,
4093,06/30/2025 21:50:00,1.88,,,,,
4094,06/30/2025 21:55:00,1.71,,,,,
4095,06/30/2025 22:00:00,1.58,,,,,
4096,06/30/2025 22:05:00,1.54,,,,,
4097,06/30/2025 22:10:00,1.54,,,,,
4098,06/30/2025 22:15:00,1.46,,,,,
4099,06/30/2025 22:20:00,1.46,,,,,
4100,06/30/2025 22:25:00,1.63,,,,,
4101,06/30/2025 22:30:00,1.67,,,,,
4102,06/30/2025 22:35:00,1.80,,,,,
4103,06/30/2025 22:40:00,1.76,,,,,
4104,06/30/2025 22:45:00,1.58,,,,,
4105,06/30/2025 22:50:00,1.54,,,,,
4106,06/30/2025 22:55:00,1.63,,,,,
4107,06/30/2025 23:00:00,1.54,,,,,
4108,06/30/2025 23:05:00,1.46,,,,,
4109,06/30/2025 23:10:00,1.41,,,,,
4110,06/30/2025 23:15:00,1.37,,,,,
4111,06/30/2025 23:20:00,1.46,,,,,
4112,06/30/2025 23:25:00,1.63,,,,,
4113,06/30/2025 23:30:00,1.50,,,,,
4114,06/30/2025 23:35:00,1.67,,,,,
4115,06/30/2025 23:40:00,1.80,,,,,
4116,06/30/2025 23:45:00,2.14,,,,,
4117,06/30/2025 23:50:00,2.53,,,,,
4118,06/30/2025 23:55:00,2.61,,,,,
4119,07/01/2025 00:00:00,2.49,,,,,
4120,07/01/2025 00:05:00,2.31,,,,,
4121,07/01/2025 00:10:00,2.53,,,,,
4122,07/01/2025 00:15:00,2.66,,,,,
4123,07/01/2025 00:20:00,2.70,,,,,
4124,07/01/2025 00:25:00,2.49,,,,,
4125,07/01/2025 00:30:00,2.40,,,,,
4126,07/01/2025 00:35:00,2.40,,,,,
4127,07/01/2025 00:40:00,2.27,,,,,
4128,07/01/2025 00:45:00,2.19,,,,,
4129,07/01/2025 00:50:00,2.23,,,,,
4130,07/01/2025 00:55:00,2.23,,,,,
4131,07/01/2025 01:00:00,2.23,,,,,
4132,07/01/2025 01:05:00,2.19,,,,,
4133,07/01/2025 01:10:00,2.19,,,,,
4134,07/01/2025 01:15:00,2.14,,,,,
4135,07/01/2025 01:20:00,2.19,,,,,
4136,07/01/2025 01:25:00,2.10,,,,,
4137,07/01/2025 01:30:00,2.01,,,,,
4138,07/01/2025 01:35:00,1.93,,,,,
4139,07/01/2025 01:40:00,1.93,,,,,
4140,07/01/2025 01:45:00,1.84,,,,,
4141,07/01/2025 01:50:00,1.88,,,,,
4142,07/01/2025 01:55:00,2.06,,,,,
4143,07/01/2025 02:00:00,2.23,,,,,
4144,07/01/2025 02:05:00,2.23,,,,,
4145,07/01/2025 02:10:00,2.27,,,,,
4146,07/01/2025 02:15:00,2.01,,,,,
4147,07/01/2025 02:20:00,2.10,,,,,
4148,07/01/2025 02:25:00,2.36,,,,,
4149,07/01/2025 02:30:00,2.27,,,,,
4150,07/01/2025 02:35:00,2.36,,,,,
4151,07/01/2025 02:40:00,2.27,,,,,
4152,07/01/2025 02:45:00,2.31,,,,,
4153,07/01/2025 02:50:00,2.36,,,,,
4154,07/01/2025 02:55:00,2.31,,,,,
4155,07/01/2025 03:00:00,2.44,,,,,
4156,07/01/2025 03:05:00,2.40,,,,,
4157,07/01/2025 03:10:00,2.27,,,,,
4158,07/01/2025 03:15:00,2.27,,,,,
4159,07/01/2025 03:20:00,2.14,,,,,
4160,07/01/2025 03:25:00,2.14,,,,,
4161,07/01/2025 03:30:00,2.06,,,,,
4162,07/01/2025 03:35:00,2.10,,,,,
4163,07/01/2025 03:40:00,2.19,,,,,
4164,07/01/2025 03:45:00,2.14,,,,,
4165,07/01/2025 03:50:00,2.10,,,,,
4166,07/01/2025 03:55:00,2.06,,,,,
4167,07/01/2025 04:00:00,2.19,,,,,
4168,07/01/2025 04:05:00,2.19,,,,,
4169,07/01/2025 04:10:00,2.19,,,,,
4170,07/01/2025 04:15:00,1.97,,,,,
4171,07/01/2025 04:20:00,2.19,,,,,
4172,07/01/2025 04:25:00,2.23,,,,,
4173,07/01/2025 04:30:00,2.23,,,,,
4174,07/01/2025 04:35:00,2.14,,,,,
4175,07/01/2025 04:40:00,2.14,,,,,
4176,07/01/2025 04:45:00,2.14,,,,,
4177,07/01/2025 04:50:00,2.06,,,,,
4178,07/01/2025 04:55:00,2.06,,,,,
4179,07/01/2025 05:00:00,2.14,,,,,
4180,07/01/2025 05:05:00,1.93,,,,,
4181,07/01/2025 05:10:00,1.80,,,,,
4182,07/01/2025 05:15:00,1.76,,,,,
4183,07/01/2025 05:20:00,2.01,,,,,
4184,07/01/2025 05:25:00,1.93,,,,,
4185,07/01/2025 05:30:00,2.01,,,,,
4186,07/01/2025 05:35:00,2.01,,,,,
4187,07/01/2025 05:40:00,2.06,,,,,
4188,07/01/2025 05:45:00,1.84,,,,,
4189,07/01/2025 05:50:00,1.84,,,,,
4190,07/01/2025 05:55:00,1.76,,,,,
4191,07/01/2025 06:00:00,1.80,,,,,
4192,07/01/2025 06:05:00,1.88,,,,,
4193,07/01/2025 06:10:00,2.06,,,,,
4194,07/01/2025 06:15:00,2.14,,,,,
4195,07/01/2025 06:20:00,2.10,,,,,
4196,07/01/2025 06:25:00,1.88,,,,,
4197,07/01/2025 06:30:00,1.93,,,,,
4198,07/01/2025 06:35:00,1.97,,,,,
4199,07/01/2025 06:40:00,1.97,,,,,
4200,07/01/2025 06:45:00,2.10,,,,,
4201,07/01/2025 06:50:00,2.14,,,,,
4202,07/01/2025 06:55:00,2.14,,,,,
4203,07/01/2025 07:00:00,2.36,,,,,
4204,07/01/2025 07:05:00,2.49,,,,,
4205,07/01/2025 07:10:00,2.74,,,,,
4206,07/01/2025 07:15:00,2.79,,,,,
4207,07/01/2025 07:20:00,3.04,,,,,
4208,07/01/2025 07:25:00,3.52,,,,,
4209,07/01/2025 07:30:00,4.50,,,,,
4210,07/01/2025 07:35:00,5.62,,,,,
4211,07/01/2025 07:40:00,6.35,,,,,
4212,07/01/2025 07:45:00,6.35,,,,,
4213,07/01/2025 07:50:00,6.26,,,,,
4214,07/01/2025 07:55:00,6.05,,,,,
4215,07/01/2025 08:00:00,5.62,,,,,
4216,07/01/2025 08:05:00,5.19,,,,,
4217,07/01/2025 08:10:00,5.19,,,,,
4218,07/01/2025 08:15:00,5.49,,,,,
4219,07/01/2025 08:20:00,5.49,,,,,
4220,07/01/2025 08:25:00,5.40,,,,,
4221,07/01/2025 08:30:00,5.62,,,,,
4222,07/01/2025 08:35:00,6.86,,,,,
4223,07/01/2025 08:40:00,7.93,,,,,
4224,07/01/2025 08:45:00,6.82,,,,,
4225,07/01/2025 08:50:00,5.49,,,,,
4226,07/01/2025 08:55:00,4.89,,,,,
4227,07/01/2025 09:00:00,4.72,,,,,
4228,07/01/2025 09:05:00,4.67,,,,,
4229,07/01/2025 09:10:00,4.67,,,,,
4230,07/01/2025 09:15:00,4.76,,,,,
4231,07/01/2025 09:20:00,4.46,,,,,
4232,07/01/2025 09:25:00,3.99,,,,,
4233,07/01/2025 09:30:00,3.73,,,,,
4234,07/01/2025 09:35:00,3.86,,,,,
4235,07/01/2025 09:40:00,4.07,,,,,
4236,07/01/2025 09:45:00,4.03,,,,,
4237,07/01/2025 09:50:00,4.20,,,,,
4238,07/01/2025 09:55:00,4.54,,,,,
4239,07/01/2025 10:00:00,5.27,,,,,
4240,07/01/2025 10:05:00,5.83,,,,,
4241,07/01/2025 10:10:00,5.92,,,,,
4242,07/01/2025 10:15:00,6.09,,,,,
4243,07/01/2025 10:20:00,6.48,,,,,
4244,07/01/2025 10:25:00,6.78,,,,,
4245,07/01/2025 10:30:00,7.08,,,,,
4246,07/01/2025 10:35:00,7.29,,,,,
4247,07/01/2025 10:40:00,7.76,,,,,
4248,07/01/2025 10:45:00,8.92,,,,,
4249,07/01/2025 10:50:00,10.46,,,,,
4250,07/01/2025 10:55:00,10.89,,,,,
4251,07/01/2025 11:00:00,10.98,,,,,
4252,07/01/2025 11:05:00,10.81,,,,,
4253,07/01/2025 11:10:00,10.85,,,,,
4254,07/01/2025 11:15:00,11.19,,,,,
4255,07/01/2025 11:20:00,12.01,,,,,
4256,07/01/2025 11:25:00,12.44,,,,,
4257,07/01/2025 11:30:00,10.77,,,,,
4258,07/01/2025 11:35:00,8.06,,,,,
4259,07/01/2025 11:40:00,7.46,,,,,
4260,07/01/2025 11:45:00,7.85,,,,,
4261,07/01/2025 11:50:00,8.06,,,,,
4262,07/01/2025 11:55:00,8.15,,,,,
4263,07/01/2025 12:00:00,7.93,,,,,
4264,07/01/2025 12:05:00,6.99,,,,,
4265,07/01/2025 12:10:00,7.25,,,,,
4266,07/01/2025 12:15:00,10.29,,,,,
4267,07/01/2025 12:20:00,12.52,,,,,
4268,07/01/2025 12:25:00,12.78,,,,,
4269,07/01/2025 12:30:00,13.04,,,,,
4270,07/01/2025 12:35:00,13.68,,,,,
4271,07/01/2025 12:40:00,17.16,,,,,
4272,07/01/2025 12:45:00,18.19,,,,,
4273,07/01/2025 12:50:00,19.17,,,,,
4274,07/01/2025 12:55:00,16.81,,,,,
4275,07/01/2025 13:00:00,14.97,,,,,
4276,07/01/2025 13:05:00,15.40,,,,,
4277,07/01/2025 13:10:00,18.62,,,,,
4278,07/01/2025 13:15:00,21.23,,,,,
4279,07/01/2025 13:20:00,23.72,,,,,
4280,07/01/2025 13:25:00,22.43,,,,,
4281,07/01/2025 13:30:00,20.72,,,,,
4282,07/01/2025 13:35:00,16.86,,,,,
4283,07/01/2025 13:40:00,15.91,,,,,
4284,07/01/2025 13:45:00,15.44,,,,,
4285,07/01/2025 13:50:00,13.55,,,,,
4286,07/01/2025 13:55:00,11.24,,,,,
4287,07/01/2025 14:00:00,9.65,,,,,
4288,07/01/2025 14:05:00,8.75,,,,,
4289,07/01/2025 14:10:00,7.89,,,,,
4290,07/01/2025 14:15:00,7.25,,,,,
4291,07/01/2025 14:20:00,6.99,,,,,
4292,07/01/2025 14:25:00,7.03,,,,,
4293,07/01/2025 14:30:00,6.90,,,,,
4294,07/01/2025 14:35:00,7.16,,,,,
4295,07/01/2025 14:40:00,8.45,,,,,
4296,07/01/2025 14:45:00,9.95,,,,,
4297,07/01/2025 14:50:00,10.55,,,,,
4298,07/01/2025 14:55:00,10.21,,,,,
4299,07/01/2025 15:00:00,9.39,,,,,
4300,07/01/2025 15:05:00,9.09,,,,,
4301,07/01/2025 15:10:00,8.41,,,,,
4302,07/01/2025 15:15:00,7.72,,,,,
4303,07/01/2025 15:20:00,7.42,,,,,
4304,07/01/2025 15:25:00,7.72,,,,,
4305,07/01/2025 15:30:00,7.98,,,,,
4306,07/01/2025 15:35:00,7.93,,,,,
4307,07/01/2025 15:40:00,7.63,,,,,
4308,07/01/2025 15:45:00,7.16,,,,,
4309,07/01/2025 15:50:00,7.03,,,,,
4310,07/01/2025 15:55:00,7.03,,,,,
4311,07/01/2025 16:00:00,7.25,,,,,
4312,07/01/2025 16:05:00,7.50,,,,,
4313,07/01/2025 16:10:00,7.42,,,,,
4314,07/01/2025 16:15:00,7.46,,,,,
4315,07/01/2025 16:20:00,8.45,,,,,
4316,07/01/2025 16:25:00,9.35,,,,,
4317,07/01/2025 16:30:00,8.88,,,,,
4318,07/01/2025 16:35:00,9.14,,,,,
4319,07/01/2025 16:40:00,9.48,,,,,
4320,07/01/2025 16:45:00,9.48,,,,,
4321,07/01/2025 16:50:00,9.35,,,,,
4322,07/01/2025 16:55:00,8.36,,,,,
4323,07/01/2025 17:00:00,8.15,,,,,
4324,07/01/2025 17:05:00,8.02,,,,,
4325,07/01/2025 17:10:00,7.89,,,,,
4326,07/01/2025 17:15:00,7.85,,,,,
4327,07/01/2025 17:20:00,7.29,,,,,
4328,07/01/2025 17:25:00,6.99,,,,,
4329,07/01/2025 17:30:00,6.60,,,,,
4330,07/01/2025 17:35:00,6.82,,,,,
4331,07/01/2025 17:40:00,6.78,,,,,
4332,07/01/2025 17:45:00,6.82,,,,,
4333,07/01/2025 17:50:00,7.12,,,,,
4334,07/01/2025 17:55:00,6.99,,,,,
4335,07/01/2025 18:00:00,7.03,,,,,
4336,07/01/2025 18:05:00,7.29,,,,,
4337,07/01/2025 18:10:00,5.79,,,,,
4338,07/01/2025 18:15:00,4.67,,,,,
4339,07/01/2025 18:20:00,4.37,,,,,
4340,07/01/2025 18:25:00,4.59,,,,,
4341,07/01/2025 18:30:00,5.45,,,,,
4342,07/01/2025 18:35:00,5.62,,,,,
4343,07/01/2025 18:40:00,5.10,,,,,
4344,07/01/2025 18:45:00,4.42,,,,,
4345,07/01/2025 18:50:00,4.12,,,,,
4346,07/01/2025 18:55:00,3.64,,,,,
4347,07/01/2025 19:00:00,3.30,,,,,
4348,07/01/2025 19:05:00,3.00,,,,,
4349,07/01/2025 19:10:00,2.87,,,,,
4350,07/01/2025 19:15:00,2.87,,,,,
4351,07/01/2025 19:20:00,2.74,,,,,
4352,07/01/2025 19:25:00,2.79,,,,,
4353,07/01/2025 19:30:00,3.00,,,,,
4354,07/01/2025 19:35:00,3.34,,,,,
4355,07/01/2025 19:40:00,3.34,,,,,
4356,07/01/2025 19:45:00,3.13,,,,,
4357,07/01/2025 19:50:00,2.74,,,,,
4358,07/01/2025 19:55:00,2.40,,,,,
4359,07/01/2025 20:00:00,2.27,,,,,
4360,07/01/2025 20:05:00,2.23,,,,,
4361,07/01/2025 20:10:00,2.14,,,,,
4362,07/01/2025 20:15:00,2.19,,,,,
4363,07/01/2025 20:20:00,2.14,,,,,
4364,07/01/2025 20:25:00,2.36,,,,,
4365,07/01/2025 20:30:00,2.57,,,,,
4366,07/01/2025 20:35:00,2.57,,,,,
4367,07/01/2025 20:40:00,2.70,,,,,
4368,07/01/2025 20:45:00,2.74,,,,,
4369,07/01/2025 20:50:00,2.49,,,,,
4370,07/01/2025 20:55:00,2.23,,,,,
4371,07/01/2025 21:00:00,2.10,,,,,
4372,07/01/2025 21:05:00,1.97,,,,,
4373,07/01/2025 21:10:00,1.93,,,,,
4374,07/01/2025 21:15:00,1.88,,,,,
4375,07/01/2025 21:20:00,1.76,,,,,
4376,07/01/2025 21:25:00,1.63,,,,,
4377,07/01/2025 21:30:00,1.63,,,,,
4378,07/01/2025 21:35:00,1.54,,,,,
4379,07/01/2025 21:40:00,1.50,,,,,
4380,07/01/2025 21:45:00,1.46,,,,,
4381,07/01/2025 21:50:00,1.41,,,,,
4382,07/01/2025 21:55:00,1.33,,,,,
4383,07/01/2025 22:00:00,1.16,,,,,
4384,07/01/2025 22:05:00,1.07,,,,,
4385,07/01/2025 22:10:00,1.07,,,,,
4386,07/01/2025 22:15:00,1.03,,,,,
4387,07/01/2025 22:20:00,0.98,,,,,
4388,07/01/2025 22:25:00,0.94,,,,,
4389,07/01/2025 22:30:00,0.90,,,,,
4390,07/01/2025 22:35:00,0.86,,,,,
4391,07/01/2025 22:40:00,0.77,,,,,
4392,07/01/2025 22:45:00,0.81,,,,,
4393,07/01/2025 22:50:00,0.86,,,,,
4394,07/01/2025 22:55:00,0.94,,,,,
4395,07/01/2025 23:00:00,0.94,,,,,
4396,07/01/2025 23:05:00,0.94,,,,,
4397,07/01/2025 23:10:00,0.98,,,,,
4398,07/01/2025 23:15:00,1.07,,,,,
4399,07/01/2025 23:20:00,1.11,,,,,
4400,07/01/2025 23:25:00,0.90,,,,,
4401,07/01/2025 23:30:00,0.90,,,,,
4402,07/01/2025 23:35:00,0.94,,,,,
4403,07/01/2025 23:40:00,1.03,,,,,
4404,07/01/2025 23:45:00,1.16,,,,,
4405,07/01/2025 23:50:00,1.20,,,,,
4406,07/01/2025 23:55:00,1.20,,,,,
4407,07/02/2025 00:00:00,1.20,,,,,
4408,07/02/2025 00:05:00,1.24,,,,,
4409,07/02/2025 00:10:00,1.20,,,,,
4410,07/02/2025 00:15:00,1.16,,,,,
4411,07/02/2025 00:20:00,1.07,,,,,
4412,07/02/2025 00:25:00,1.16,,,,,
4413,07/02/2025 00:30:00,1.16,,,,,
4414,07/02/2025 00:35:00,1.11,,,,,
4415,07/02/2025 00:40:00,1.03,,,,,
4416,07/02/2025 00:45:00,1.07,,,,,
4417,07/02/2025 00:50:00,1.03,,,,,
4418,07/02/2025 00:55:00,1.11,,,,,
4419,07/02/2025 01:00:00,0.98,,,,,
4420,07/02/2025 01:05:00,0.98,,,,,
4421,07/02/2025 01:10:00,1.07,,,,,
4422,07/02/2025 01:15:00,1.03,,,,,
4423,07/02/2025 01:20:00,1.03,,,,,
4424,07/02/2025 01:25:00,0.90,,,,,
4425,07/02/2025 01:30:00,0.94,,,,,
4426,07/02/2025 01:35:00,0.98,,,,,
4427,07/02/2025 01:40:00,0.94,,,,,
4428,07/02/2025 01:45:00,0.90,,,,,
4429,07/02/2025 01:50:00,0.90,,,,,
4430,07/02/2025 01:55:00,0.86,,,,,
4431,07/02/2025 02:00:00,0.77,,,,,
4432,07/02/2025 02:05:00,0.77,,,,,
4433,07/02/2025 02:10:00,0.81,,,,,
4434,07/02/2025 02:15:00,0.94,,,,,
4435,07/02/2025 02:20:00,0.98,,,,,
4436,07/02/2025 02:25:00,1.07,,,,,
4437,07/02/2025 02:30:00,1.20,,,,,
4438,07/02/2025 02:35:00,1.28,,,,,
4439,07/02/2025 02:40:00,1.24,,,,,
4440,07/02/2025 02:45:00,1.20,,,,,
4441,07/02/2025 02:50:00,1.16,,,,,
4442,07/02/2025 02:55:00,1.11,,,,,
4443,07/02/2025 03:00:00,1.16,,,,,
4444,07/02/2025 03:05:00,1.11,,,,,
4445,07/02/2025 03:10:00,1.11,,,,,
4446,07/02/2025 03:15:00,1.24,,,,,
4447,07/02/2025 03:20:00,1.24,,,,,
4448,07/02/2025 03:25:00,1.28,,,,,
4449,07/02/2025 03:30:00,1.20,,,,,
4450,07/02/2025 03:35:00,1.20,,,,,
4451,07/02/2025 03:40:00,1.16,,,,,
4452,07/02/2025 03:45:00,1.07,,,,,
4453,07/02/2025 03:50:00,1.07,,,,,
4454,07/02/2025 03:55:00,1.07,,,,,
4455,07/02/2025 04:00:00,0.94,,,,,
4456,07/02/2025 04:05:00,0.90,,,,,
4457,07/02/2025 04:10:00,0.94,,,,,
4458,07/02/2025 04:15:00,0.98,,,,,
4459,07/02/2025 04:20:00,0.98,,,,,
4460,07/02/2025 04:25:00,0.98,,,,,
4461,07/02/2025 04:30:00,1.03,,,,,
4462,07/02/2025 04:35:00,0.98,,,,,
4463,07/02/2025 04:40:00,0.94,,,,,
4464,07/02/2025 04:45:00,1.07,,,,,
4465,07/02/2025 04:50:00,1.07,,,,,
4466,07/02/2025 04:55:00,1.07,,,,,
4467,07/02/2025 05:00:00,1.11,,,,,
4468,07/02/2025 05:05:00,1.11,,,,,
4469,07/02/2025 05:10:00,1.24,,,,,
4470,07/02/2025 05:15:00,1.33,,,,,
4471,07/02/2025 05:20:00,1.41,,,,,
4472,07/02/2025 05:25:00,1.50,,,,,
4473,07/02/2025 05:30:00,1.50,,,,,
4474,07/02/2025 05:35:00,1.46,,,,,
4475,07/02/2025 05:40:00,1.50,,,,,
4476,07/02/2025 05:45:00,1.58,,,,,
4477,07/02/2025 05:50:00,1.67,,,,,
4478,07/02/2025 05:55:00,1.84,,,,,
4479,07/02/2025 06:00:00,2.06,,,,,
4480,07/02/2025 06:05:00,2.27,,,,,
4481,07/02/2025 06:10:00,2.49,,,,,
4482,07/02/2025 06:15:00,2.66,,,,,
4483,07/02/2025 06:20:00,2.53,,,,,
4484,07/02/2025 06:25:00,2.49,,,,,
4485,07/02/2025 06:30:00,2.23,,,,,
4486,07/02/2025 06:35:00,2.19,,,,,
4487,07/02/2025 06:40:00,2.53,,,,,
4488,07/02/2025 06:45:00,2.87,,,,,
4489,07/02/2025 06:50:00,3.21,,,,,
4490,07/02/2025 06:55:00,3.13,,,,,
4491,07/02/2025 07:00:00,3.00,,,,,
4492,07/02/2025 07:05:00,2.96,,,,,
4493,07/02/2025 07:10:00,3.39,,,,,
4494,07/02/2025 07:15:00,3.56,,,,,
4495,07/02/2025 07:20:00,3.39,,,,,
4496,07/02/2025 07:25:00,3.09,,,,,
4497,07/02/2025 07:30:00,2.74,,,,,
4498,07/02/2025 07:35:00,2.83,,,,,
4499,07/02/2025 07:40:00,3.56,,,,,
4500,07/02/2025 07:45:00,3.34,,,,,
4501,07/02/2025 07:50:00,3.00,,,,,
4502,07/02/2025 07:55:00,2.79,,,,,
4503,07/02/2025 08:00:00,2.61,,,,,
4504,07/02/2025 08:05:00,2.70,,,,,
4505,07/02/2025 08:10:00,2.87,,,,,
4506,07/02/2025 08:15:00,3.00,,,,,
4507,07/02/2025 08:20:00,3.04,,,,,
4508,07/02/2025 08:25:00,3.00,,,,,
4509,07/02/2025 08:30:00,3.09,,,,,
4510,07/02/2025 08:35:00,3.04,,,,,
4511,07/02/2025 08:40:00,3.04,,,,,
4512,07/02/2025 08:45:00,3.17,,,,,
4513,07/02/2025 08:50:00,3.09,,,,,
4514,07/02/2025 08:55:00,3.13,,,,,
4515,07/02/2025 09:00:00,3.00,,,,,
4516,07/02/2025 09:05:00,2.83,,,,,
4517,07/02/2025 09:10:00,2.96,,,,,
4518,07/02/2025 09:15:00,3.09,,,,,
4519,07/02/2025 09:20:00,3.39,,,,,
4520,07/02/2025 09:25:00,3.69,,,,,
4521,07/02/2025 09:30:00,3.94,,,,,
4522,07/02/2025 09:35:00,4.37,,,,,
4523,07/02/2025 09:40:00,4.16,,,,,
4524,07/02/2025 09:45:00,3.86,,,,,
4525,07/02/2025 09:50:00,3.56,,,,,
4526,07/02/2025 09:55:00,3.60,,,,,
4527,07/02/2025 10:00:00,3.94,,,,,
4528,07/02/2025 10:05:00,4.37,,,,,
4529,07/02/2025 10:10:00,4.24,,,,,
4530,07/02/2025 10:15:00,4.29,,,,,
4531,07/02/2025 10:20:00,4.29,,,,,
4532,07/02/2025 10:25:00,4.59,,,,,
4533,07/02/2025 10:30:00,4.93,,,,,
4534,07/02/2025 10:35:00,4.67,,,,,
4535,07/02/2025 10:40:00,4.50,,,,,
4536,07/02/2025 10:45:00,4.24,,,,,
4537,07/02/2025 10:50:00,4.29,,,,,
4538,07/02/2025 10:55:00,4.54,,,,,
4539,07/02/2025 11:00:00,4.54,,,,,
4540,07/02/2025 11:05:00,5.02,,,,,
4541,07/02/2025 11:10:00,5.57,,,,,
4542,07/02/2025 11:15:00,6.48,,,,,
4543,07/02/2025 11:20:00,8.53,,,,,
4544,07/02/2025 11:25:00,8.96,,,,,
4545,07/02/2025 11:30:00,10.04,,,,,
4546,07/02/2025 11:35:00,8.92,,,,,
4547,07/02/2025 11:40:00,7.29,,,,,
4548,07/02/2025 11:45:00,6.05,,,,,
4549,07/02/2025 11:50:00,5.36,,,,,
4550,07/02/2025 11:55:00,5.10,,,,,
4551,07/02/2025 12:00:00,5.32,,,,,
4552,07/02/2025 12:05:00,5.53,,,,,
4553,07/02/2025 12:10:00,5.53,,,,,
4554,07/02/2025 12:15:00,5.66,,,,,
4555,07/02/2025 12:20:00,5.36,,,,,
4556,07/02/2025 12:25:00,5.49,,,,,
4557,07/02/2025 12:30:00,5.79,,,,,
4558,07/02/2025 12:35:00,5.70,,,,,
4559,07/02/2025 12:40:00,5.45,,,,,
4560,07/02/2025 12:45:00,5.96,,,,,
4561,07/02/2025 12:50:00,6.39,,,,,
4562,07/02/2025 12:55:00,6.09,,,,,
4563,07/02/2025 13:00:00,6.86,,,,,
4564,07/02/2025 13:05:00,7.59,,,,,
4565,07/02/2025 13:10:00,7.46,,,,,
4566,07/02/2025 13:15:00,7.16,,,,,
4567,07/02/2025 13:20:00,7.16,,,,,
4568,07/02/2025 13:25:00,7.08,,,,,
4569,07/02/2025 13:30:00,6.65,,,,,
4570,07/02/2025 13:35:00,6.86,,,,,
4571,07/02/2025 13:40:00,6.65,,,,,
4572,07/02/2025 13:45:00,7.29,,,,,
4573,07/02/2025 13:50:00,7.42,,,,,
4574,07/02/2025 13:55:00,7.46,,,,,
4575,07/02/2025 14:00:00,6.60,,,,,
4576,07/02/2025 14:05:00,5.66,,,,,
4577,07/02/2025 14:10:00,5.45,,,,,
4578,07/02/2025 14:15:00,5.10,,,,,
4579,07/02/2025 14:20:00,4.97,,,,,
4580,07/02/2025 14:25:00,5.02,,,,,
4581,07/02/2025 14:30:00,5.57,,,,,
4582,07/02/2025 14:35:00,6.00,,,,,
4583,07/02/2025 14:40:00,6.09,,,,,
4584,07/02/2025 14:45:00,6.26,,,,,
4585,07/02/2025 14:50:00,6.48,,,,,
4586,07/02/2025 14:55:00,7.12,,,,,
4587,07/02/2025 15:00:00,8.15,,,,,
4588,07/02/2025 15:05:00,9.39,,,,,
4589,07/02/2025 15:10:00,9.26,,,,,
4590,07/02/2025 15:15:00,10.85,,,,,
4591,07/02/2025 15:20:00,10.64,,,,,
4592,07/02/2025 15:25:00,9.09,,,,,
4593,07/02/2025 15:30:00,8.19,,,,,
4594,07/02/2025 15:35:00,8.32,,,,,
4595,07/02/2025 15:40:00,7.81,,,,,
4596,07/02/2025 15:45:00,7.89,,,,,
4597,07/02/2025 15:50:00,9.35,,,,,
4598,07/02/2025 15:55:00,9.95,,,,,
4599,07/02/2025 16:00:00,10.81,,,,,
4600,07/02/2025 16:05:00,10.59,,,,,
4601,07/02/2025 16:10:00,12.01,,,,,
4602,07/02/2025 16:15:00,10.81,,,,,
4603,07/02/2025 16:20:00,10.81,,,,,
4604,07/02/2025 16:25:00,10.12,,,,,
4605,07/02/2025 16:30:00,8.32,,,,,
4606,07/02/2025 16:35:00,9.31,,,,,
4607,07/02/2025 16:40:00,9.78,,,,,
4608,07/02/2025 16:45:00,9.26,,,,,
4609,07/02/2025 16:50:00,9.69,,,,,
4610,07/02/2025 16:55:00,10.34,,,,,
4611,07/02/2025 17:00:00,9.18,,,,,
4612,07/02/2025 17:05:00,8.28,,,,,
4613,07/02/2025 17:10:00,7.89,,,,,
4614,07/02/2025 17:15:00,6.48,,,,,
4615,07/02/2025 17:20:00,6.13,,,,,
4616,07/02/2025 17:25:00,6.30,,,,,
4617,07/02/2025 17:30:00,6.86,,,,,
4618,07/02/2025 17:35:00,6.90,,,,,
4619,07/02/2025 17:40:00,7.42,,,,,
4620,07/02/2025 17:45:00,6.56,,,,,
4621,07/02/2025 17:50:00,5.92,,,,,
4622,07/02/2025 17:55:00,5.15,,,,,
4623,07/02/2025 18:00:00,4.84,,,,,
4624,07/02/2025 18:05:00,4.80,,,,,
4625,07/02/2025 18:10:00,4.72,,,,,
4626,07/02/2025 18:15:00,4.54,,,,,
4627,07/02/2025 18:20:00,4.67,,,,,
4628,07/02/2025 18:25:00,4.72,,,,,
4629,07/02/2025 18:30:00,4.54,,,,,
4630,07/02/2025 18:35:00,4.72,,,,,
4631,07/02/2025 18:40:00,6.30,,,,,
4632,07/02/2025 18:45:00,5.49,,,,,
4633,07/02/2025 18:50:00,5.02,,,,,
4634,07/02/2025 18:55:00,4.16,,,,,
4635,07/02/2025 19:00:00,3.60,,,,,
4636,07/02/2025 19:05:00,3.43,,,,,
4637,07/02/2025 19:10:00,3.21,,,,,
4638,07/02/2025 19:15:00,2.87,,,,,
4639,07/02/2025 19:20:00,2.87,,,,,
4640,07/02/2025 19:25:00,2.53,,,,,
4641,07/02/2025 19:30:00,2.31,,,,,
4642,07/02/2025 19:35:00,2.31,,,,,
4643,07/02/2025 19:40:00,2.57,,,,,
4644,07/02/2025 19:45:00,2.96,,,,,
4645,07/02/2025 19:50:00,2.79,,,,,
4646,07/02/2025 19:55:00,2.79,,,,,
4647,07/02/2025 20:00:00,2.27,,,,,
4648,07/02/2025 20:05:00,1.97,,,,,
4649,07/02/2025 20:10:00,1.84,,,,,
4650,07/02/2025 20:15:00,1.76,,,,,
4651,07/02/2025 20:20:00,1.84,,,,,
4652,07/02/2025 20:25:00,1.80,,,,,
4653,07/02/2025 20:30:00,1.71,,,,,
4654,07/02/2025 20:35:00,1.80,,,,,
4655,07/02/2025 20:40:00,1.88,,,,,
4656,07/02/2025 20:45:00,1.76,,,,,
4657,07/02/2025 20:50:00,1.67,,,,,
4658,07/02/2025 20:55:00,1.46,,,,,
4659,07/02/2025 21:00:00,1.46,,,,,
4660,07/02/2025 21:05:00,1.41,,,,,
4661,07/02/2025 21:10:00,1.37,,,,,
4662,07/02/2025 21:15:00,1.33,,,,,
4663,07/02/2025 21:20:00,1.16,,,,,
4664,07/02/2025 21:25:00,1.11,,,,,
4665,07/02/2025 21:30:00,1.03,,,,,
4666,07/02/2025 21:35:00,1.07,,,,,
4667,07/02/2025 21:40:00,1.11,,,,,
4668,07/02/2025 21:45:00,1.07,,,,,
4669,07/02/2025 21:50:00,1.03,,,,,
4670,07/02/2025 21:55:00,1.07,,,,,
4671,07/02/2025 22:00:00,1.03,,,,,
4672,07/02/2025 22:05:00,0.98,,,,,
4673,07/02/2025 22:10:00,1.03,,,,,
4674,07/02/2025 22:15:00,1.07,,,,,
4675,07/02/2025 22:20:00,1.07,,,,,
4676,07/02/2025 22:25:00,0.98,,,,,
4677,07/02/2025 22:30:00,0.94,,,,,
4678,07/02/2025 22:35:00,0.90,,,,,
4679,07/02/2025 22:40:00,0.90,,,,,
4680,07/02/2025 22:45:00,0.94,,,,,
4681,07/02/2025 22:50:00,0.94,,,,,
4682,07/02/2025 22:55:00,0.98,,,,,
4683,07/02/2025 23:00:00,0.94,,,,,
4684,07/02/2025 23:05:00,0.94,,,,,
4685,07/02/2025 23:10:00,0.98,,,,,
4686,07/02/2025 23:15:00,0.98,,,,,
4687,07/02/2025 23:20:00,0.98,,,,,
4688,07/02/2025 23:25:00,1.03,,,,,
4689,07/02/2025 23:30:00,0.90,,,,,
4690,07/02/2025 23:35:00,0.94,,,,,
4691,07/02/2025 23:40:00,0.86,,,,,
4692,07/02/2025 23:45:00,0.73,,,,,
4693,07/02/2025 23:50:00,0.77,,,,,
4694,07/02/2025 23:55:00,0.77,,,,,
4695,07/03/2025 00:00:00,0.86,,,,,
4696,07/03/2025 00:05:00,0.90,,,,,
4697,07/03/2025 00:10:00,0.94,,,,,
4698,07/03/2025 00:15:00,1.03,,,,,
4699,07/03/2025 00:20:00,0.94,,,,,
4700,07/03/2025 00:25:00,1.07,,,,,
4701,07/03/2025 00:30:00,1.03,,,,,
4702,07/03/2025 00:35:00,1.07,,,,,
4703,07/03/2025 00:40:00,0.98,,,,,
4704,07/03/2025 00:45:00,0.98,,,,,
4705,07/03/2025 00:50:00,1.11,,,,,
4706,07/03/2025 00:55:00,1.03,,,,,
4707,07/03/2025 01:00:00,0.86,,,,,
4708,07/03/2025 01:05:00,0.94,,,,,
4709,07/03/2025 01:10:00,0.90,,,,,
4710,07/03/2025 01:15:00,0.86,,,,,
4711,07/03/2025 01:20:00,0.86,,,,,
4712,07/03/2025 01:25:00,0.86,,,,,
4713,07/03/2025 01:30:00,0.81,,,,,
4714,07/03/2025 01:35:00,0.81,,,,,
4715,07/03/2025 01:40:00,0.98,,,,,
4716,07/03/2025 01:45:00,0.98,,,,,
4717,07/03/2025 01:50:00,1.03,,,,,
4718,07/03/2025 01:55:00,0.86,,,,,
4719,07/03/2025 02:00:00,0.81,,,,,
4720,07/03/2025 02:05:00,0.90,,,,,
4721,07/03/2025 02:10:00,1.03,,,,,
4722,07/03/2025 02:15:00,1.16,,,,,
4723,07/03/2025 02:20:00,1.16,,,,,
4724,07/03/2025 02:25:00,1.11,,,,,
4725,07/03/2025 02:30:00,1.16,,,,,
4726,07/03/2025 02:35:00,1.28,,,,,
4727,07/03/2025 02:40:00,1.24,,,,,
4728,07/03/2025 02:45:00,1.20,,,,,
4729,07/03/2025 02:50:00,1.16,,,,,
4730,07/03/2025 02:55:00,1.11,,,,,
4731,07/03/2025 03:00:00,1.11,,,,,
4732,07/03/2025 03:05:00,1.03,,,,,
4733,07/03/2025 03:10:00,0.94,,,,,
4734,07/03/2025 03:15:00,0.90,,,,,
4735,07/03/2025 03:20:00,0.90,,,,,
4736,07/03/2025 03:25:00,0.94,,,,,
4737,07/03/2025 03:30:00,0.86,,,,,
4738,07/03/2025 03:35:00,0.86,,,,,
4739,07/03/2025 03:40:00,0.81,,,,,
4740,07/03/2025 03:45:00,0.86,,,,,
4741,07/03/2025 03:50:00,0.81,,,,,
4742,07/03/2025 03:55:00,0.86,,,,,
4743,07/03/2025 04:00:00,0.98,,,,,
4744,07/03/2025 04:05:00,0.90,,,,,
4745,07/03/2025 04:10:00,0.81,,,,,
4746,07/03/2025 04:15:00,0.77,,,,,
4747,07/03/2025 04:20:00,0.77,,,,,
4748,07/03/2025 04:25:00,0.90,,,,,
4749,07/03/2025 04:30:00,0.98,,,,,
4750,07/03/2025 04:35:00,1.16,,,,,
4751,07/03/2025 04:40:00,1.20,,,,,
4752,07/03/2025 04:45:00,1.11,,,,,
4753,07/03/2025 04:50:00,1.24,,,,,
4754,07/03/2025 04:55:00,1.11,,,,,
4755,07/03/2025 05:00:00,1.03,,,,,
4756,07/03/2025 05:05:00,1.03,,,,,
4757,07/03/2025 05:10:00,1.16,,,,,
4758,07/03/2025 05:15:00,1.20,,,,,
4759,07/03/2025 05:20:00,1.28,,,,,
4760,07/03/2025 05:25:00,1.41,,,,,
4761,07/03/2025 05:30:00,1.41,,,,,
4762,07/03/2025 05:35:00,1.41,,,,,
4763,07/03/2025 05:40:00,1.54,,,,,
4764,07/03/2025 05:45:00,1.58,,,,,
4765,07/03/2025 05:50:00,1.76,,,,,
4766,07/03/2025 05:55:00,2.14,,,,,
4767,07/03/2025 06:00:00,2.36,,,,,
4768,07/03/2025 06:05:00,2.74,,,,,
4769,07/03/2025 06:10:00,2.57,,,,,
4770,07/03/2025 06:15:00,2.49,,,,,
4771,07/03/2025 06:20:00,3.21,,,,,
4772,07/03/2025 06:25:00,3.26,,,,,
4773,07/03/2025 06:30:00,3.34,,,,,
4774,07/03/2025 06:35:00,3.47,,,,,
4775,07/03/2025 06:40:00,3.86,,,,,
4776,07/03/2025 06:45:00,3.64,,,,,
4777,07/03/2025 06:50:00,3.34,,,,,
4778,07/03/2025 06:55:00,3.21,,,,,
4779,07/03/2025 07:00:00,2.83,,,,,
4780,07/03/2025 07:05:00,3.39,,,,,
4781,07/03/2025 07:10:00,3.52,,,,,
4782,07/03/2025 07:15:00,3.73,,,,,
4783,07/03/2025 07:20:00,3.82,,,,,
4784,07/03/2025 07:25:00,3.94,,,,,
4785,07/03/2025 07:30:00,5.06,,,,,
4786,07/03/2025 07:35:00,5.70,,,,,
4787,07/03/2025 07:40:00,5.62,,,,,
4788,07/03/2025 07:45:00,6.35,,,,,
4789,07/03/2025 07:50:00,6.73,,,,,
4790,07/03/2025 07:55:00,7.29,,,,,
4791,07/03/2025 08:00:00,8.28,,,,,
4792,07/03/2025 08:05:00,9.35,,,,,
4793,07/03/2025 08:10:00,8.06,,,,,
4794,07/03/2025 08:15:00,8.41,,,,,
4795,07/03/2025 08:20:00,7.81,,,,,
4796,07/03/2025 08:25:00,5.79,,,,,
4797,07/03/2025 08:30:00,5.06,,,,,
4798,07/03/2025 08:35:00,5.92,,,,,
4799,07/03/2025 08:40:00,6.52,,,,,
4800,07/03/2025 08:45:00,6.86,,,,,
4801,07/03/2025 08:50:00,9.74,,,,,
4802,07/03/2025 08:55:00,10.55,,,,,
4803,07/03/2025 09:00:00,9.74,,,,,
4804,07/03/2025 09:05:00,8.66,,,,,
4805,07/03/2025 09:10:00,7.50,,,,,
4806,07/03/2025 09:15:00,7.72,,,,,
4807,07/03/2025 09:20:00,8.19,,,,,
4808,07/03/2025 09:25:00,7.98,,,,,
4809,07/03/2025 09:30:00,8.11,,,,,
4810,07/03/2025 09:35:00,8.28,,,,,
4811,07/03/2025 09:40:00,8.45,,,,,
4812,07/03/2025 09:45:00,9.69,,,,,
4813,07/03/2025 09:50:00,10.64,,,,,
4814,07/03/2025 09:55:00,11.28,,,,,
4815,07/03/2025 10:00:00,11.79,,,,,
4816,07/03/2025 10:05:00,11.58,,,,,
4817,07/03/2025 10:10:00,11.54,,,,,
4818,07/03/2025 10:15:00,9.95,,,,,
4819,07/03/2025 10:20:00,9.69,,,,,
4820,07/03/2025 10:25:00,8.62,,,,,
4821,07/03/2025 10:30:00,8.41,,,,,
4822,07/03/2025 10:35:00,8.36,,,,,
4823,07/03/2025 10:40:00,8.79,,,,,
4824,07/03/2025 10:45:00,9.48,,,,,
4825,07/03/2025 10:50:00,10.12,,,,,
4826,07/03/2025 10:55:00,11.97,,,,,
4827,07/03/2025 11:00:00,15.91,,,,,
4828,07/03/2025 11:05:00,15.70,,,,,
4829,07/03/2025 11:10:00,13.04,,,,,
4830,07/03/2025 11:15:00,13.94,,,,,
4831,07/03/2025 11:20:00,12.57,,,,,
4832,07/03/2025 11:25:00,11.37,,,,,
4833,07/03/2025 11:30:00,10.08,,,,,
4834,07/03/2025 11:35:00,9.14,,,,,
4835,07/03/2025 11:40:00,9.22,,,,,
4836,07/03/2025 11:45:00,8.75,,,,,
4837,07/03/2025 11:50:00,10.21,,,,,
4838,07/03/2025 11:55:00,11.19,,,,,
4839,07/03/2025 12:00:00,11.15,,,,,
4840,07/03/2025 12:05:00,10.08,,,,,
4841,07/03/2025 12:10:00,8.11,,,,,
4842,07/03/2025 12:15:00,7.76,,,,,
4843,07/03/2025 12:20:00,8.88,,,,,
4844,07/03/2025 12:25:00,10.98,,,,,
4845,07/03/2025 12:30:00,10.46,,,,,
4846,07/03/2025 12:35:00,10.38,,,,,
4847,07/03/2025 12:40:00,12.61,,,,,
4848,07/03/2025 12:45:00,15.53,,,,,
4849,07/03/2025 12:50:00,14.24,,,,,
4850,07/03/2025 12:55:00,12.22,,,,,
4851,07/03/2025 13:00:00,11.71,,,,,
4852,07/03/2025 13:05:00,10.72,,,,,
4853,07/03/2025 13:10:00,10.38,,,,,
4854,07/03/2025 13:15:00,10.04,,,,,
4855,07/03/2025 13:20:00,9.44,,,,,
4856,07/03/2025 13:25:00,10.85,,,,,
4857,07/03/2025 13:30:00,11.32,,,,,
4858,07/03/2025 13:35:00,11.07,,,,,
4859,07/03/2025 13:40:00,10.34,,,,,
4860,07/03/2025 13:45:00,9.99,,,,,
4861,07/03/2025 13:50:00,9.35,,,,,
4862,07/03/2025 13:55:00,9.14,,,,,
4863,07/03/2025 14:00:00,8.88,,,,,
4864,07/03/2025 14:05:00,9.91,,,,,
4865,07/03/2025 14:10:00,11.24,,,,,
4866,07/03/2025 14:15:00,10.94,,,,,
4867,07/03/2025 14:20:00,10.59,,,,,
4868,07/03/2025 14:25:00,12.31,,,,,
4869,07/03/2025 14:30:00,14.03,,,,,
4870,07/03/2025 14:35:00,12.65,,,,,
4871,07/03/2025 14:40:00,12.31,,,,,
4872,07/03/2025 14:45:00,12.44,,,,,
4873,07/03/2025 14:50:00,11.92,,,,,
4874,07/03/2025 14:55:00,12.10,,,,,
4875,07/03/2025 15:00:00,12.48,,,,,
4876,07/03/2025 15:05:00,12.82,,,,,
4877,07/03/2025 15:10:00,13.55,,,,,
4878,07/03/2025 15:15:00,12.87,,,,,
4879,07/03/2025 15:20:00,13.25,,,,,
4880,07/03/2025 15:25:00,14.28,,,,,
4881,07/03/2025 15:30:00,13.17,,,,,
4882,07/03/2025 15:35:00,15.40,,,,,
4883,07/03/2025 15:40:00,14.71,,,,,
4884,07/03/2025 15:45:00,15.27,,,,,
4885,07/03/2025 15:50:00,14.37,,,,,
4886,07/03/2025 15:55:00,16.17,,,,,
4887,07/03/2025 16:00:00,15.01,,,,,
4888,07/03/2025 16:05:00,14.07,,,,,
4889,07/03/2025 16:10:00,13.30,,,,,
4890,07/03/2025 16:15:00,12.05,,,,,
4891,07/03/2025 16:20:00,12.05,,,,,
4892,07/03/2025 16:25:00,13.08,,,,,
4893,07/03/2025 16:30:00,13.85,,,,,
4894,07/03/2025 16:35:00,13.04,,,,,
4895,07/03/2025 16:40:00,12.74,,,,,
4896,07/03/2025 16:45:00,11.75,,,,,
4897,07/03/2025 16:50:00,10.55,,,,,
4898,07/03/2025 16:55:00,8.83,,,,,
4899,07/03/2025 17:00:00,7.89,,,,,
4900,07/03/2025 17:05:00,7.72,,,,,
4901,07/03/2025 17:10:00,7.59,,,,,
4902,07/03/2025 17:15:00,7.46,,,,,
4903,07/03/2025 17:20:00,7.29,,,,,
4904,07/03/2025 17:25:00,6.39,,,,,
4905,07/03/2025 17:30:00,5.96,,,,,
4906,07/03/2025 17:35:00,5.92,,,,,
4907,07/03/2025 17:40:00,6.39,,,,,
4908,07/03/2025 17:45:00,6.60,,,,,
4909,07/03/2025 17:50:00,6.73,,,,,
4910,07/03/2025 17:55:00,6.05,,,,,
4911,07/03/2025 18:00:00,5.66,,,,,
4912,07/03/2025 18:05:00,5.32,,,,,
4913,07/03/2025 18:10:00,4.84,,,,,
4914,07/03/2025 18:15:00,4.67,,,,,
4915,07/03/2025 18:20:00,5.62,,,,,
4916,07/03/2025 18:25:00,5.92,,,,,
4917,07/03/2025 18:30:00,6.26,,,,,
4918,07/03/2025 18:35:00,6.22,,,,,
4919,07/03/2025 18:40:00,6.30,,,,,
4920,07/03/2025 18:45:00,4.84,,,,,
4921,07/03/2025 18:50:00,4.20,,,,,
4922,07/03/2025 18:55:00,4.12,,,,,
4923,07/03/2025 19:00:00,4.37,,,,,
4924,07/03/2025 19:05:00,5.27,,,,,
4925,07/03/2025 19:10:00,5.23,,,,,
4926,07/03/2025 19:15:00,5.32,,,,,
4927,07/03/2025 19:20:00,5.49,,,,,
4928,07/03/2025 19:25:00,4.80,,,,,
4929,07/03/2025 19:30:00,4.89,,,,,
4930,07/03/2025 19:35:00,4.89,,,,,
4931,07/03/2025 19:40:00,4.89,,,,,
4932,07/03/2025 19:45:00,4.29,,,,,
4933,07/03/2025 19:50:00,3.94,,,,,
4934,07/03/2025 19:55:00,3.86,,,,,
4935,07/03/2025 20:00:00,3.60,,,,,
4936,07/03/2025 20:05:00,3.77,,,,,
4937,07/03/2025 20:10:00,3.73,,,,,
4938,07/03/2025 20:15:00,3.39,,,,,
4939,07/03/2025 20:20:00,3.17,,,,,
4940,07/03/2025 20:25:00,3.26,,,,,
4941,07/03/2025 20:30:00,3.26,,,,,
4942,07/03/2025 20:35:00,3.30,,,,,
4943,07/03/2025 20:40:00,3.09,,,,,
4944,07/03/2025 20:45:00,2.96,,,,,
4945,07/03/2025 20:50:00,2.91,,,,,
4946,07/03/2025 20:55:00,2.87,,,,,
4947,07/03/2025 21:00:00,3.00,,,,,
4948,07/03/2025 21:05:00,2.96,,,,,
4949,07/03/2025 21:10:00,2.87,,,,,
4950,07/03/2025 21:15:00,2.61,,,,,
4951,07/03/2025 21:20:00,2.53,,,,,
4952,07/03/2025 21:25:00,2.49,,,,,
4953,07/03/2025 21:30:00,2.44,,,,,
4954,07/03/2025 21:35:00,2.49,,,,,
4955,07/03/2025 21:40:00,2.40,,,,,
4956,07/03/2025 21:45:00,2.23,,,,,
4957,07/03/2025 21:50:00,2.10,,,,,
4958,07/03/2025 21:55:00,2.10,,,,,
4959,07/03/2025 22:00:00,2.19,,,,,
4960,07/03/2025 22:05:00,2.14,,,,,
4961,07/03/2025 22:10:00,2.19,,,,,
4962,07/03/2025 22:15:00,2.23,,,,,
4963,07/03/2025 22:20:00,2.23,,,,,
4964,07/03/2025 22:25:00,2.19,,,,,
4965,07/03/2025 22:30:00,2.27,,,,,
4966,07/03/2025 22:35:00,2.31,,,,,
4967,07/03/2025 22:40:00,2.23,,,,,
4968,07/03/2025 22:45:00,2.40,,,,,
4969,07/03/2025 22:50:00,2.36,,,,,
4970,07/03/2025 22:55:00,2.40,,,,,
4971,07/03/2025 23:00:00,2.27,,,,,
4972,07/03/2025 23:05:00,2.23,,,,,
4973,07/03/2025 23:10:00,2.31,,,,,
4974,07/03/2025 23:15:00,2.19,,,,,
4975,07/03/2025 23:20:00,2.49,,,,,
4976,07/03/2025 23:25:00,2.44,,,,,
4977,07/03/2025 23:30:00,2.27,,,,,
4978,07/03/2025 23:35:00,2.31,,,,,
4979,07/03/2025 23:40:00,2.31,,,,,
4980,07/03/2025 23:45:00,2.36,,,,,
4981,07/03/2025 23:50:00,2.40,,,,,
4982,07/03/2025 23:55:00,2.23,,,,,
4983,07/04/2025 00:00:00,2.27,,,,,
4984,07/04/2025 00:05:00,2.31,,,,,
4985,07/04/2025 00:10:00,2.14,,,,,
4986,07/04/2025 00:15:00,2.14,,,,,
4987,07/04/2025 00:20:00,2.10,,,,,
4988,07/04/2025 00:25:00,2.19,,,,,
4989,07/04/2025 00:30:00,2.44,,,,,
4990,07/04/2025 00:35:00,2.27,,,,,
4991,07/04/2025 00:40:00,2.44,,,,,
4992,07/04/2025 00:45:00,2.36,,,,,
4993,07/04/2025 00:50:00,2.57,,,,,
4994,07/04/2025 00:55:00,2.31,,,,,
4995,07/04/2025 01:00:00,2.19,,,,,
4996,07/04/2025 01:05:00,2.10,,,,,
4997,07/04/2025 01:10:00,2.19,,,,,
4998,07/04/2025 01:15:00,2.27,,,,,
4999,07/04/2025 01:20:00,2.44,,,,,
5000,07/04/2025 01:25:00,2.27,,,,,
5001,07/04/2025 01:30:00,2.23,,,,,
5002,07/04/2025 01:35:00,2.19,,,,,
5003,07/04/2025 01:40:00,2.19,,,,,
5004,07/04/2025 01:45:00,2.23,,,,,
5005,07/04/2025 01:50:00,2.14,,,,,
5006,07/04/2025 01:55:00,2.19,,,,,
5007,07/04/2025 02:00:00,2.10,,,,,
5008,07/04/2025 02:05:00,2.01,,,,,
5009,07/04/2025 02:10:00,1.84,,,,,
5010,07/04/2025 02:15:00,1.84,,,,,
5011,07/04/2025 02:20:00,1.71,,,,,
5012,07/04/2025 02:25:00,1.71,,,,,
5013,07/04/2025 02:30:00,1.58,,,,,
5014,07/04/2025 02:35:00,1.54,,,,,
5015,07/04/2025 02:40:00,1.58,,,,,
5016,07/04/2025 02:45:00,1.54,,,,,
5017,07/04/2025 02:50:00,1.58,,,,,
5018,07/04/2025 02:55:00,1.63,,,,,
5019,07/04/2025 03:00:00,1.50,,,,,
5020,07/04/2025 03:05:00,1.54,,,,,
5021,07/04/2025 03:10:00,1.63,,,,,
5022,07/04/2025 03:15:00,1.67,,,,,
5023,07/04/2025 03:20:00,1.71,,,,,
5024,07/04/2025 03:25:00,1.93,,,,,
5025,07/04/2025 03:30:00,1.93,,,,,
5026,07/04/2025 03:35:00,1.88,,,,,
5027,07/04/2025 03:40:00,1.80,,,,,
5028,07/04/2025 03:45:00,1.76,,,,,
5029,07/04/2025 03:50:00,1.71,,,,,
5030,07/04/2025 03:55:00,1.80,,,,,
5031,07/04/2025 04:00:00,1.93,,,,,
5032,07/04/2025 04:05:00,2.14,,,,,
5033,07/04/2025 04:10:00,1.76,,,,,
5034,07/04/2025 04:15:00,1.88,,,,,
5035,07/04/2025 04:20:00,2.14,,,,,
5036,07/04/2025 04:25:00,2.40,,,,,
5037,07/04/2025 04:30:00,2.40,,,,,
5038,07/04/2025 04:35:00,2.53,,,,,
5039,07/04/2025 04:40:00,2.57,,,,,
5040,07/04/2025 04:45:00,2.44,,,,,
5041,07/04/2025 04:50:00,2.61,,,,,
5042,07/04/2025 04:55:00,2.79,,,,,
5043,07/04/2025 05:00:00,2.74,,,,,
5044,07/04/2025 05:05:00,2.61,,,,,
5045,07/04/2025 05:10:00,2.66,,,,,
5046,07/04/2025 05:15:00,3.21,,,,,
5047,07/04/2025 05:20:00,3.39,,,,,
5048,07/04/2025 05:25:00,3.17,,,,,
5049,07/04/2025 05:30:00,3.09,,,,,
5050,07/04/2025 05:35:00,3.00,,,,,
5051,07/04/2025 05:40:00,3.00,,,,,
5052,07/04/2025 05:45:00,3.04,,,,,
5053,07/04/2025 05:50:00,3.13,,,,,
5054,07/04/2025 05:55:00,3.34,,,,,
5055,07/04/2025 06:00:00,3.69,,,,,
5056,07/04/2025 06:05:00,3.90,,,,,
5057,07/04/2025 06:10:00,3.77,,,,,
5058,07/04/2025 06:15:00,3.26,,,,,
5059,07/04/2025 06:20:00,3.77,,,,,
5060,07/04/2025 06:25:00,4.29,,,,,
5061,07/04/2025 06:30:00,4.33,,,,,
5062,07/04/2025 06:35:00,3.86,,,,,
5063,07/04/2025 06:40:00,4.03,,,,,
5064,07/04/2025 06:45:00,4.46,,,,,
5065,07/04/2025 06:50:00,4.63,,,,,
5066,07/04/2025 06:55:00,4.16,,,,,
5067,07/04/2025 07:00:00,4.07,,,,,
5068,07/04/2025 07:05:00,4.76,,,,,
5069,07/04/2025 07:10:00,5.66,,,,,
5070,07/04/2025 07:15:00,5.15,,,,,
5071,07/04/2025 07:20:00,4.67,,,,,
5072,07/04/2025 07:25:00,4.24,,,,,
5073,07/04/2025 07:30:00,4.59,,,,,
5074,07/04/2025 07:35:00,4.42,,,,,
5075,07/04/2025 07:40:00,4.12,,,,,
5076,07/04/2025 07:45:00,4.93,,,,,
5077,07/04/2025 07:50:00,5.79,,,,,
5078,07/04/2025 07:55:00,6.48,,,,,
5079,07/04/2025 08:00:00,5.96,,,,,
5080,07/04/2025 08:05:00,5.19,,,,,
5081,07/04/2025 08:10:00,4.89,,,,,
5082,07/04/2025 08:15:00,4.59,,,,,
5083,07/04/2025 08:20:00,4.59,,,,,
5084,07/04/2025 08:25:00,3.99,,,,,
5085,07/04/2025 08:30:00,3.47,,,,,
5086,07/04/2025 08:35:00,3.30,,,,,
5087,07/04/2025 08:40:00,3.13,,,,,
5088,07/04/2025 08:45:00,3.30,,,,,
5089,07/04/2025 08:50:00,3.43,,,,,
5090,07/04/2025 08:55:00,3.90,,,,,
5091,07/04/2025 09:00:00,4.20,,,,,
5092,07/04/2025 09:05:00,4.42,,,,,
5093,07/04/2025 09:10:00,4.93,,,,,
5094,07/04/2025 09:15:00,5.32,,,,,
5095,07/04/2025 09:20:00,5.79,,,,,
5096,07/04/2025 09:25:00,6.69,,,,,
5097,07/04/2025 09:30:00,7.03,,,,,
5098,07/04/2025 09:35:00,7.38,,,,,
5099,07/04/2025 09:40:00,8.49,,,,,
5100,07/04/2025 09:45:00,8.15,,,,,
5101,07/04/2025 09:50:00,7.68,,,,,
5102,07/04/2025 09:55:00,7.16,,,,,
5103,07/04/2025 10:00:00,6.52,,,,,
5104,07/04/2025 10:05:00,6.09,,,,,
5105,07/04/2025 10:10:00,6.17,,,,,
5106,07/04/2025 10:15:00,6.43,,,,,
5107,07/04/2025 10:20:00,7.29,,,,,
5108,07/04/2025 10:25:00,8.02,,,,,
5109,07/04/2025 10:30:00,8.15,,,,,
5110,07/04/2025 10:35:00,8.19,,,,,
5111,07/04/2025 10:40:00,7.81,,,,,
5112,07/04/2025 10:45:00,7.76,,,,,
5113,07/04/2025 10:50:00,7.16,,,,,
5114,07/04/2025 10:55:00,6.65,,,,,
5115,07/04/2025 11:00:00,7.38,,,,,
5116,07/04/2025 11:05:00,10.29,,,,,
5117,07/04/2025 11:10:00,11.32,,,,,
5118,07/04/2025 11:15:00,9.91,,,,,
5119,07/04/2025 11:20:00,9.78,,,,,
5120,07/04/2025 11:25:00,10.08,,,,,
5121,07/04/2025 11:30:00,11.97,,,,,
5122,07/04/2025 11:35:00,14.20,,,,,
5123,07/04/2025 11:40:00,13.38,,,,,
5124,07/04/2025 11:45:00,11.67,,,,,
5125,07/04/2025 11:50:00,9.14,,,,,
5126,07/04/2025 11:55:00,8.45,,,,,
5127,07/04/2025 12:00:00,8.75,,,,,
5128,07/04/2025 12:05:00,8.96,,,,,
5129,07/04/2025 12:10:00,8.75,,,,,
5130,07/04/2025 12:15:00,9.05,,,,,
5131,07/04/2025 12:20:00,8.36,,,,,
5132,07/04/2025 12:25:00,8.45,,,,,
5133,07/04/2025 12:30:00,8.36,,,,,
5134,07/04/2025 12:35:00,9.52,,,,,
5135,07/04/2025 12:40:00,12.14,,,,,
5136,07/04/2025 12:45:00,14.50,,,,,
5137,07/04/2025 12:50:00,12.05,,,,,
5138,07/04/2025 12:55:00,10.77,,,,,
5139,07/04/2025 13:00:00,12.22,,,,,
5140,07/04/2025 13:05:00,13.68,,,,,
5141,07/04/2025 13:10:00,11.54,,,,,
5142,07/04/2025 13:15:00,10.51,,,,,
5143,07/04/2025 13:20:00,9.44,,,,,
5144,07/04/2025 13:25:00,9.69,,,,,
5145,07/04/2025 13:30:00,10.12,,,,,
5146,07/04/2025 13:35:00,10.64,,,,,
5147,07/04/2025 13:40:00,9.99,,,,,
5148,07/04/2025 13:45:00,9.18,,,,,
5149,07/04/2025 13:50:00,8.36,,,,,
5150,07/04/2025 13:55:00,7.93,,,,,
5151,07/04/2025 14:00:00,8.11,,,,,
5152,07/04/2025 14:05:00,7.89,,,,,
5153,07/04/2025 14:10:00,7.72,,,,,
5154,07/04/2025 14:15:00,7.59,,,,,
5155,07/04/2025 14:20:00,7.63,,,,,
5156,07/04/2025 14:25:00,7.59,,,,,
5157,07/04/2025 14:30:00,8.88,,,,,
5158,07/04/2025 14:35:00,8.06,,,,,
5159,07/04/2025 14:40:00,7.89,,,,,
5160,07/04/2025 14:45:00,7.72,,,,,
5161,07/04/2025 14:50:00,8.41,,,,,
5162,07/04/2025 14:55:00,7.68,,,,,
5163,07/04/2025 15:00:00,7.38,,,,,
5164,07/04/2025 15:05:00,8.62,,,,,
5165,07/04/2025 15:10:00,9.65,,,,,
5166,07/04/2025 15:15:00,9.91,,,,,
5167,07/04/2025 15:20:00,11.45,,,,,
5168,07/04/2025 15:25:00,11.62,,,,,
5169,07/04/2025 15:30:00,12.48,,,,,
5170,07/04/2025 15:35:00,10.55,,,,,
5171,07/04/2025 15:40:00,9.14,,,,,
5172,07/04/2025 15:45:00,9.78,,,,,
5173,07/04/2025 15:50:00,9.01,,,,,
5174,07/04/2025 15:55:00,8.49,,,,,
5175,07/04/2025 16:00:00,9.18,,,,,
5176,07/04/2025 16:05:00,9.31,,,,,
5177,07/04/2025 16:10:00,8.28,,,,,
5178,07/04/2025 16:15:00,8.28,,,,,
5179,07/04/2025 16:20:00,9.05,,,,,
5180,07/04/2025 16:25:00,8.58,,,,,
5181,07/04/2025 16:30:00,7.72,,,,,
5182,07/04/2025 16:35:00,7.25,,,,,
5183,07/04/2025 16:40:00,7.33,,,,,
5184,07/04/2025 16:45:00,7.85,,,,,
5185,07/04/2025 16:50:00,8.66,,,,,
5186,07/04/2025 16:55:00,8.28,,,,,
5187,07/04/2025 17:00:00,7.72,,,,,
5188,07/04/2025 17:05:00,6.86,,,,,
5189,07/04/2025 17:10:00,6.65,,,,,
5190,07/04/2025 17:15:00,6.73,,,,,
5191,07/04/2025 17:20:00,6.39,,,,,
5192,07/04/2025 17:25:00,6.60,,,,,
5193,07/04/2025 17:30:00,6.22,,,,,
5194,07/04/2025 17:35:00,5.87,,,,,
5195,07/04/2025 17:40:00,5.40,,,,,
5196,07/04/2025 17:45:00,4.89,,,,,
5197,07/04/2025 17:50:00,4.54,,,,,
5198,07/04/2025 17:55:00,4.33,,,,,
5199,07/04/2025 18:00:00,4.07,,,,,
5200,07/04/2025 18:05:00,4.03,,,,,
5201,07/04/2025 18:10:00,4.12,,,,,
5202,07/04/2025 18:15:00,4.07,,,,,
5203,07/04/2025 18:20:00,3.82,,,,,
5204,07/04/2025 18:25:00,3.99,,,,,
5205,07/04/2025 18:30:00,4.20,,,,,
5206,07/04/2025 18:35:00,3.99,,,,,
5207,07/04/2025 18:40:00,3.90,,,,,
5208,07/04/2025 18:45:00,3.99,,,,,
5209,07/04/2025 18:50:00,4.24,,,,,
5210,07/04/2025 18:55:00,4.72,,,,,
5211,07/04/2025 19:00:00,4.54,,,,,
5212,07/04/2025 19:05:00,3.86,,,,,
5213,07/04/2025 19:10:00,3.47,,,,,
5214,07/04/2025 19:15:00,3.13,,,,,
5215,07/04/2025 19:20:00,2.83,,,,,
5216,07/04/2025 19:25:00,2.70,,,,,
5217,07/04/2025 19:30:00,2.57,,,,,
5218,07/04/2025 19:35:00,2.36,,,,,
5219,07/04/2025 19:40:00,2.31,,,,,
5220,07/04/2025 19:45:00,2.61,,,,,
5221,07/04/2025 19:50:00,2.79,,,,,
5222,07/04/2025 19:55:00,2.57,,,,,
5223,07/04/2025 20:00:00,2.53,,,,,
5224,07/04/2025 20:05:00,2.53,,,,,
5225,07/04/2025 20:10:00,2.70,,,,,
5226,07/04/2025 20:15:00,2.91,,,,,
5227,07/04/2025 20:20:00,2.83,,,,,
5228,07/04/2025 20:25:00,2.91,,,,,
5229,07/04/2025 20:30:00,2.83,,,,,
5230,07/04/2025 20:35:00,2.96,,,,,
5231,07/04/2025 20:40:00,2.91,,,,,
5232,07/04/2025 20:45:00,2.87,,,,,
5233,07/04/2025 20:50:00,2.91,,,,,
5234,07/04/2025 20:55:00,2.87,,,,,
5235,07/04/2025 21:00:00,2.87,,,,,
5236,07/04/2025 21:05:00,2.74,,,,,
5237,07/04/2025 21:10:00,2.66,,,,,
5238,07/04/2025 21:15:00,2.70,,,,,
5239,07/04/2025 21:20:00,2.49,,,,,
5240,07/04/2025 21:25:00,2.53,,,,,
5241,07/04/2025 21:30:00,2.53,,,,,
5242,07/04/2025 21:35:00,2.49,,,,,
5243,07/04/2025 21:40:00,2.53,,,,,
5244,07/04/2025 21:45:00,2.49,,,,,
5245,07/04/2025 21:50:00,2.23,,,,,
5246,07/04/2025 21:55:00,2.10,,,,,
5247,07/04/2025 22:00:00,2.19,,,,,
5248,07/04/2025 22:05:00,2.40,,,,,
5249,07/04/2025 22:10:00,2.36,,,,,
5250,07/04/2025 22:15:00,2.27,,,,,
5251,07/04/2025 22:20:00,2.31,,,,,
5252,07/04/2025 22:25:00,2.40,,,,,
5253,07/04/2025 22:30:00,2.70,,,,,
5254,07/04/2025 22:35:00,2.36,,,,,
5255,07/04/2025 22:40:00,2.44,,,,,
5256,07/04/2025 22:45:00,2.49,,,,,
5257,07/04/2025 22:50:00,2.31,,,,,
5258,07/04/2025 22:55:00,2.49,,,,,
5259,07/04/2025 23:00:00,2.31,,,,,
5260,07/04/2025 23:05:00,2.36,,,,,
5261,07/04/2025 23:10:00,2.49,,,,,
5262,07/04/2025 23:15:00,2.31,,,,,
5263,07/04/2025 23:20:00,2.44,,,,,
5264,07/04/2025 23:25:00,2.49,,,,,
5265,07/04/2025 23:30:00,2.49,,,,,
5266,07/04/2025 23:35:00,2.14,,,,,
5267,07/04/2025 23:40:00,2.10,,,,,
5268,07/04/2025 23:45:00,2.23,,,,,
5269,07/04/2025 23:50:00,2.49,,,,,
5270,07/04/2025 23:55:00,2.36,,,,,
5271,07/05/2025 00:00:00,2.36,,,,,
5272,07/05/2025 00:05:00,2.19,,,,,
5273,07/05/2025 00:10:00,1.97,,,,,
5274,07/05/2025 00:15:00,1.84,,,,,
5275,07/05/2025 00:20:00,1.84,,,,,
5276,07/05/2025 00:25:00,1.97,,,,,
5277,07/05/2025 00:30:00,1.71,,,,,
5278,07/05/2025 00:35:00,1.71,,,,,
5279,07/05/2025 00:40:00,1.76,,,,,
5280,07/05/2025 00:45:00,1.76,,,,,
5281,07/05/2025 00:50:00,1.88,,,,,
5282,07/05/2025 00:55:00,1.80,,,,,
5283,07/05/2025 01:00:00,1.63,,,,,
5284,07/05/2025 01:05:00,1.67,,,,,
5285,07/05/2025 01:10:00,1.84,,,,,
5286,07/05/2025 01:15:00,1.88,,,,,
5287,07/05/2025 01:20:00,1.84,,,,,
5288,07/05/2025 01:25:00,1.84,,,,,
5289,07/05/2025 01:30:00,1.67,,,,,
5290,07/05/2025 01:35:00,1.63,,,,,
5291,07/05/2025 01:40:00,1.76,,,,,
5292,07/05/2025 01:45:00,1.88,,,,,
5293,07/05/2025 01:50:00,1.93,,,,,
5294,07/05/2025 01:55:00,1.93,,,,,
5295,07/05/2025 02:00:00,1.97,,,,,
5296,07/05/2025 02:05:00,2.06,,,,,
5297,07/05/2025 02:10:00,1.93,,,,,
5298,07/05/2025 02:15:00,1.80,,,,,
5299,07/05/2025 02:20:00,1.84,,,,,
5300,07/05/2025 02:25:00,1.88,,,,,
5301,07/05/2025 02:30:00,1.93,,,,,
5302,07/05/2025 02:35:00,1.76,,,,,
5303,07/05/2025 02:40:00,1.67,,,,,
5304,07/05/2025 02:45:00,1.76,,,,,
5305,07/05/2025 02:50:00,1.76,,,,,
5306,07/05/2025 02:55:00,1.84,,,,,
5307,07/05/2025 03:00:00,1.84,,,,,
5308,07/05/2025 03:05:00,1.80,,,,,
5309,07/05/2025 03:10:00,1.93,,,,,
5310,07/05/2025 03:15:00,1.71,,,,,
5311,07/05/2025 03:20:00,1.58,,,,,
5312,07/05/2025 03:25:00,1.67,,,,,
5313,07/05/2025 03:30:00,1.63,,,,,
5314,07/05/2025 03:35:00,1.58,,,,,
5315,07/05/2025 03:40:00,1.37,,,,,
5316,07/05/2025 03:45:00,1.33,,,,,
5317,07/05/2025 03:50:00,1.46,,,,,
5318,07/05/2025 03:55:00,1.58,,,,,
5319,07/05/2025 04:00:00,1.50,,,,,
5320,07/05/2025 04:05:00,1.71,,,,,
5321,07/05/2025 04:10:00,1.63,,,,,
5322,07/05/2025 04:15:00,1.46,,,,,
5323,07/05/2025 04:20:00,1.63,,,,,
5324,07/05/2025 04:25:00,1.76,,,,,
5325,07/05/2025 04:30:00,1.80,,,,,
5326,07/05/2025 04:35:00,1.63,,,,,
5327,07/05/2025 04:40:00,1.54,,,,,
5328,07/05/2025 04:45:00,1.97,,,,,
5329,07/05/2025 04:50:00,2.14,,,,,
5330,07/05/2025 04:55:00,2.06,,,,,
5331,07/05/2025 05:00:00,2.01,,,,,
5332,07/05/2025 05:05:00,2.06,,,,,
5333,07/05/2025 05:10:00,2.23,,,,,
5334,07/05/2025 05:15:00,2.31,,,,,
5335,07/05/2025 05:20:00,2.44,,,,,
5336,07/05/2025 05:25:00,2.36,,,,,
5337,07/05/2025 05:30:00,2.40,,,,,
5338,07/05/2025 05:35:00,2.57,,,,,
5339,07/05/2025 05:40:00,2.61,,,,,
5340,07/05/2025 05:45:00,2.66,,,,,
5341,07/05/2025 05:50:00,2.96,,,,,
5342,07/05/2025 05:55:00,2.87,,,,,
5343,07/05/2025 06:00:00,2.70,,,,,
5344,07/05/2025 06:05:00,2.66,,,,,
5345,07/05/2025 06:10:00,2.44,,,,,
5346,07/05/2025 06:15:00,2.44,,,,,
5347,07/05/2025 06:20:00,2.53,,,,,
5348,07/05/2025 06:25:00,2.74,,,,,
5349,07/05/2025 06:30:00,2.83,,,,,
5350,07/05/2025 06:35:00,3.13,,,,,
5351,07/05/2025 06:40:00,3.21,,,,,
5352,07/05/2025 06:45:00,3.39,,,,,
5353,07/05/2025 06:50:00,3.39,,,,,
5354,07/05/2025 06:55:00,3.39,,,,,
5355,07/05/2025 07:00:00,3.47,,,,,
5356,07/05/2025 07:05:00,3.52,,,,,
5357,07/05/2025 07:10:00,3.52,,,,,
5358,07/05/2025 07:15:00,3.77,,,,,
5359,07/05/2025 07:20:00,3.86,,,,,
5360,07/05/2025 07:25:00,4.07,,,,,
5361,07/05/2025 07:30:00,3.90,,,,,
5362,07/05/2025 07:35:00,3.99,,,,,
5363,07/05/2025 07:40:00,3.90,,,,,
5364,07/05/2025 07:45:00,3.82,,,,,
5365,07/05/2025 07:50:00,3.82,,,,,
5366,07/05/2025 07:55:00,3.82,,,,,
5367,07/05/2025 08:00:00,4.24,,,,,
5368,07/05/2025 08:05:00,4.16,,,,,
5369,07/05/2025 08:10:00,4.16,,,,,
5370,07/05/2025 08:15:00,4.16,,,,,
5371,07/05/2025 08:20:00,4.24,,,,,
5372,07/05/2025 08:25:00,4.50,,,,,
5373,07/05/2025 08:30:00,4.72,,,,,
5374,07/05/2025 08:35:00,4.80,,,,,
5375,07/05/2025 08:40:00,5.40,,,,,
5376,07/05/2025 08:45:00,5.49,,,,,
5377,07/05/2025 08:50:00,5.49,,,,,
5378,07/05/2025 08:55:00,5.57,,,,,
5379,07/05/2025 09:00:00,5.79,,,,,
5380,07/05/2025 09:05:00,6.35,,,,,
5381,07/05/2025 09:10:00,6.30,,,,,
5382,07/05/2025 09:15:00,6.48,,,,,
5383,07/05/2025 09:20:00,6.26,,,,,
5384,07/05/2025 09:25:00,6.90,,,,,
5385,07/05/2025 09:30:00,7.29,,,,,
5386,07/05/2025 09:35:00,7.08,,,,,
5387,07/05/2025 09:40:00,7.25,,,,,
5388,07/05/2025 09:45:00,7.38,,,,,
5389,07/05/2025 09:50:00,7.33,,,,,
5390,07/05/2025 09:55:00,7.59,,,,,
5391,07/05/2025 10:00:00,7.85,,,,,
5392,07/05/2025 10:05:00,7.89,,,,,
5393,07/05/2025 10:10:00,8.32,,,,,
5394,07/05/2025 10:15:00,7.93,,,,,
5395,07/05/2025 10:20:00,7.50,,,,,
5396,07/05/2025 10:25:00,7.50,,,,,
5397,07/05/2025 10:30:00,7.68,,,,,
5398,07/05/2025 10:35:00,8.71,,,,,
5399,07/05/2025 10:40:00,10.29,,,,,
5400,07/05/2025 10:45:00,11.92,,,,,
5401,07/05/2025 10:50:00,11.45,,,,,
5402,07/05/2025 10:55:00,10.89,,,,,
5403,07/05/2025 11:00:00,10.55,,,,,
5404,07/05/2025 11:05:00,10.04,,,,,
5405,07/05/2025 11:10:00,10.29,,,,,
5406,07/05/2025 11:15:00,11.58,,,,,
5407,07/05/2025 11:20:00,11.45,,,,,
5408,07/05/2025 11:25:00,12.74,,,,,
5409,07/05/2025 11:30:00,13.25,,,,,
5410,07/05/2025 11:35:00,14.24,,,,,
5411,07/05/2025 11:40:00,14.33,,,,,
5412,07/05/2025 11:45:00,16.73,,,,,
5413,07/05/2025 11:50:00,18.27,,,,,
5414,07/05/2025 11:55:00,16.21,,,,,
5415,07/05/2025 12:00:00,13.94,,,,,
5416,07/05/2025 12:05:00,12.14,,,,,
5417,07/05/2025 12:10:00,10.89,,,,,
5418,07/05/2025 12:15:00,9.99,,,,,
5419,07/05/2025 12:20:00,10.42,,,,,
5420,07/05/2025 12:25:00,10.72,,,,,
5421,07/05/2025 12:30:00,11.19,,,,,
5422,07/05/2025 12:35:00,11.15,,,,,
5423,07/05/2025 12:40:00,10.94,,,,,
5424,07/05/2025 12:45:00,10.08,,,,,
5425,07/05/2025 12:50:00,10.64,,,,,
5426,07/05/2025 12:55:00,10.29,,,,,
5427,07/05/2025 13:00:00,10.34,,,,,
5428,07/05/2025 13:05:00,11.11,,,,,
5429,07/05/2025 13:10:00,11.11,,,,,
5430,07/05/2025 13:15:00,11.41,,,,,
5431,07/05/2025 13:20:00,12.65,,,,,
5432,07/05/2025 13:25:00,13.51,,,,,
5433,07/05/2025 13:30:00,13.08,,,,,
5434,07/05/2025 13:35:00,12.91,,,,,
5435,07/05/2025 13:40:00,13.12,,,,,
5436,07/05/2025 13:45:00,12.57,,,,,
5437,07/05/2025 13:50:00,12.48,,,,,
5438,07/05/2025 13:55:00,12.10,,,,,
5439,07/05/2025 14:00:00,11.79,,,,,
5440,07/05/2025 14:05:00,11.41,,,,,
5441,07/05/2025 14:10:00,14.03,,,,,
5442,07/05/2025 14:15:00,13.77,,,,,
5443,07/05/2025 14:20:00,14.24,,,,,
5444,07/05/2025 14:25:00,13.25,,,,,
5445,07/05/2025 14:30:00,13.17,,,,,
5446,07/05/2025 14:35:00,14.41,,,,,
5447,07/05/2025 14:40:00,16.77,,,,,
5448,07/05/2025 14:45:00,16.64,,,,,
5449,07/05/2025 14:50:00,14.88,,,,,
5450,07/05/2025 14:55:00,13.25,,,,,
5451,07/05/2025 15:00:00,15.18,,,,,
5452,07/05/2025 15:05:00,15.01,,,,,
5453,07/05/2025 15:10:00,12.48,,,,,
5454,07/05/2025 15:15:00,10.98,,,,,
5455,07/05/2025 15:20:00,9.52,,,,,
5456,07/05/2025 15:25:00,8.96,,,,,
5457,07/05/2025 15:30:00,10.51,,,,,
5458,07/05/2025 15:35:00,11.15,,,,,
5459,07/05/2025 15:40:00,12.10,,,,,
5460,07/05/2025 15:45:00,13.12,,,,,
5461,07/05/2025 15:50:00,13.47,,,,,
5462,07/05/2025 15:55:00,10.89,,,,,
5463,07/05/2025 16:00:00,11.75,,,,,
5464,07/05/2025 16:05:00,13.64,,,,,
5465,07/05/2025 16:10:00,14.50,,,,,
5466,07/05/2025 16:15:00,14.24,,,,,
5467,07/05/2025 16:20:00,13.43,,,,,
5468,07/05/2025 16:25:00,12.48,,,,,
5469,07/05/2025 16:30:00,11.54,,,,,
5470,07/05/2025 16:35:00,9.69,,,,,
5471,07/05/2025 16:40:00,8.45,,,,,
5472,07/05/2025 16:45:00,7.76,,,,,
5473,07/05/2025 16:50:00,7.42,,,,,
5474,07/05/2025 16:55:00,7.50,,,,,
5475,07/05/2025 17:00:00,7.76,,,,,
5476,07/05/2025 17:05:00,8.19,,,,,
5477,07/05/2025 17:10:00,8.41,,,,,
5478,07/05/2025 17:15:00,8.19,,,,,
5479,07/05/2025 17:20:00,7.68,,,,,
5480,07/05/2025 17:25:00,7.03,,,,,
5481,07/05/2025 17:30:00,7.63,,,,,
5482,07/05/2025 17:35:00,8.02,,,,,
5483,07/05/2025 17:40:00,7.59,,,,,
5484,07/05/2025 17:45:00,7.20,,,,,
5485,07/05/2025 17:50:00,6.69,,,,,
5486,07/05/2025 17:55:00,5.87,,,,,
5487,07/05/2025 18:00:00,5.66,,,,,
5488,07/05/2025 18:05:00,5.57,,,,,
5489,07/05/2025 18:10:00,5.53,,,,,
5490,07/05/2025 18:15:00,5.62,,,,,
5491,07/05/2025 18:20:00,5.92,,,,,
5492,07/05/2025 18:25:00,5.70,,,,,
5493,07/05/2025 18:30:00,5.19,,,,,
5494,07/05/2025 18:35:00,4.84,,,,,
5495,07/05/2025 18:40:00,4.67,,,,,
5496,07/05/2025 18:45:00,4.12,,,,,
5497,07/05/2025 18:50:00,4.12,,,,,
5498,07/05/2025 18:55:00,3.60,,,,,
5499,07/05/2025 19:00:00,3.60,,,,,
5500,07/05/2025 19:05:00,3.73,,,,,
5501,07/05/2025 19:10:00,3.77,,,,,
5502,07/05/2025 19:15:00,3.90,,,,,
5503,07/05/2025 19:20:00,4.03,,,,,
5504,07/05/2025 19:25:00,3.94,,,,,
5505,07/05/2025 19:30:00,4.20,,,,,
5506,07/05/2025 19:35:00,4.20,,,,,
5507,07/05/2025 19:40:00,4.37,,,,,
5508,07/05/2025 19:45:00,4.07,,,,,
5509,07/05/2025 19:50:00,3.73,,,,,
5510,07/05/2025 19:55:00,4.07,,,,,
5511,07/05/2025 20:00:00,3.82,,,,,
5512,07/05/2025 20:05:00,4.03,,,,,
5513,07/05/2025 20:10:00,4.37,,,,,
5514,07/05/2025 20:15:00,4.37,,,,,
5515,07/05/2025 20:20:00,4.37,,,,,
5516,07/05/2025 20:25:00,4.33,,,,,
5517,07/05/2025 20:30:00,3.69,,,,,
5518,07/05/2025 20:35:00,3.34,,,,,
5519,07/05/2025 20:40:00,3.17,,,,,
5520,07/05/2025 20:45:00,2.96,,,,,
5521,07/05/2025 20:50:00,2.83,,,,,
5522,07/05/2025 20:55:00,2.87,,,,,
5523,07/05/2025 21:00:00,2.91,,,,,
5524,07/05/2025 21:05:00,2.74,,,,,
5525,07/05/2025 21:10:00,2.79,,,,,
5526,07/05/2025 21:15:00,3.00,,,,,
5527,07/05/2025 21:20:00,2.87,,,,,
5528,07/05/2025 21:25:00,2.79,,,,,
5529,07/05/2025 21:30:00,2.61,,,,,
5530,07/05/2025 21:35:00,2.44,,,,,
5531,07/05/2025 21:40:00,1.93,,,,,
5532,07/05/2025 21:45:00,2.01,,,,,
5533,07/05/2025 21:50:00,2.19,,,,,
5534,07/05/2025 21:55:00,2.31,,,,,
5535,07/05/2025 22:00:00,2.40,,,,,
5536,07/05/2025 22:05:00,2.40,,,,,
5537,07/05/2025 22:10:00,2.53,,,,,
5538,07/05/2025 22:15:00,2.49,,,,,
5539,07/05/2025 22:20:00,2.79,,,,,
5540,07/05/2025 22:25:00,2.70,,,,,
5541,07/05/2025 22:30:00,2.79,,,,,
5542,07/05/2025 22:35:00,2.91,,,,,
5543,07/05/2025 22:40:00,3.00,,,,,
5544,07/05/2025 22:45:00,2.74,,,,,
5545,07/05/2025 22:50:00,2.79,,,,,
5546,07/05/2025 22:55:00,2.61,,,,,
5547,07/05/2025 23:00:00,2.49,,,,,
5548,07/05/2025 23:05:00,2.57,,,,,
5549,07/05/2025 23:10:00,2.66,,,,,
5550,07/05/2025 23:15:00,2.61,,,,,
5551,07/05/2025 23:20:00,2.53,,,,,
5552,07/05/2025 23:25:00,2.49,,,,,
5553,07/05/2025 23:30:00,2.44,,,,,
5554,07/05/2025 23:35:00,2.49,,,,,
5555,07/05/2025 23:40:00,2.53,,,,,
5556,07/05/2025 23:45:00,2.49,,,,,
5557,07/05/2025 23:50:00,2.49,,,,,
5558,07/05/2025 23:55:00,2.44,,,,,
5559,07/06/2025 00:00:00,2.23,,,,,
5560,07/06/2025 00:05:00,2.53,,,,,
5561,07/06/2025 00:10:00,2.23,,,,,
5562,07/06/2025 00:15:00,1.88,,,,,
5563,07/06/2025 00:20:00,1.71,,,,,
5564,07/06/2025 00:25:00,1.80,,,,,
5565,07/06/2025 00:30:00,1.67,,,,,
5566,07/06/2025 00:35:00,1.67,,,,,
5567,07/06/2025 00:40:00,2.10,,,,,
5568,07/06/2025 00:45:00,2.31,,,,,
5569,07/06/2025 00:50:00,2.49,,,,,
5570,07/06/2025 00:55:00,2.53,,,,,
5571,07/06/2025 01:00:00,2.44,,,,,
5572,07/06/2025 01:05:00,2.40,,,,,
5573,07/06/2025 01:10:00,2.31,,,,,
5574,07/06/2025 01:15:00,2.36,,,,,
5575,07/06/2025 01:20:00,2.40,,,,,
5576,07/06/2025 01:25:00,2.06,,,,,
5577,07/06/2025 01:30:00,1.97,,,,,
5578,07/06/2025 01:35:00,1.93,,,,,
5579,07/06/2025 01:40:00,2.31,,,,,
5580,07/06/2025 01:45:00,2.44,,,,,
5581,07/06/2025 01:50:00,1.80,,,,,
5582,07/06/2025 01:55:00,1.63,,,,,
5583,07/06/2025 02:00:00,1.76,,,,,
5584,07/06/2025 02:05:00,1.71,,,,,
5585,07/06/2025 02:10:00,1.67,,,,,
5586,07/06/2025 02:15:00,1.80,,,,,
5587,07/06/2025 02:20:00,1.71,,,,,
5588,07/06/2025 02:25:00,1.67,,,,,
5589,07/06/2025 02:30:00,1.71,,,,,
5590,07/06/2025 02:35:00,1.63,,,,,
5591,07/06/2025 02:40:00,1.54,,,,,
5592,07/06/2025 02:45:00,1.76,,,,,
5593,07/06/2025 02:50:00,2.10,,,,,
5594,07/06/2025 02:55:00,2.44,,,,,
5595,07/06/2025 03:00:00,2.31,,,,,
5596,07/06/2025 03:05:00,2.23,,,,,
5597,07/06/2025 03:10:00,2.19,,,,,
5598,07/06/2025 03:15:00,2.31,,,,,
5599,07/06/2025 03:20:00,2.19,,,,,
5600,07/06/2025 03:25:00,1.93,,,,,
5601,07/06/2025 03:30:00,2.27,,,,,
5602,07/06/2025 03:35:00,2.31,,,,,
5603,07/06/2025 03:40:00,2.40,,,,,
5604,07/06/2025 03:45:00,2.23,,,,,
5605,07/06/2025 03:50:00,2.14,,,,,
5606,07/06/2025 03:55:00,2.14,,,,,
5607,07/06/2025 04:00:00,2.27,,,,,
5608,07/06/2025 04:05:00,2.31,,,,,
5609,07/06/2025 04:10:00,2.40,,,,,
5610,07/06/2025 04:15:00,2.40,,,,,
5611,07/06/2025 04:20:00,2.49,,,,,
5612,07/06/2025 04:25:00,2.31,,,,,
5613,07/06/2025 04:30:00,2.19,,,,,
5614,07/06/2025 04:35:00,2.10,,,,,
5615,07/06/2025 04:40:00,2.01,,,,,
5616,07/06/2025 04:45:00,2.10,,,,,
5617,07/06/2025 04:50:00,2.06,,,,,
5618,07/06/2025 04:55:00,2.23,,,,,
5619,07/06/2025 05:00:00,2.23,,,,,
5620,07/06/2025 05:05:00,2.49,,,,,
5621,07/06/2025 05:10:00,2.61,,,,,
5622,07/06/2025 05:15:00,2.87,,,,,
5623,07/06/2025 05:20:00,3.00,,,,,
5624,07/06/2025 05:25:00,3.30,,,,,
5625,07/06/2025 05:30:00,3.39,,,,,
5626,07/06/2025 05:35:00,3.04,,,,,
5627,07/06/2025 05:40:00,2.87,,,,,
5628,07/06/2025 05:45:00,2.96,,,,,
5629,07/06/2025 05:50:00,3.00,,,,,
5630,07/06/2025 05:55:00,2.96,,,,,
5631,07/06/2025 06:00:00,3.26,,,,,
5632,07/06/2025 06:05:00,3.56,,,,,
5633,07/06/2025 06:10:00,3.64,,,,,
5634,07/06/2025 06:15:00,3.47,,,,,
5635,07/06/2025 06:20:00,3.82,,,,,
5636,07/06/2025 06:25:00,3.77,,,,,
5637,07/06/2025 06:30:00,3.90,,,,,
5638,07/06/2025 06:35:00,4.07,,,,,
5639,07/06/2025 06:40:00,4.07,,,,,
5640,07/06/2025 06:45:00,4.24,,,,,
5641,07/06/2025 06:50:00,3.82,,,,,
5642,07/06/2025 06:55:00,3.34,,,,,
5643,07/06/2025 07:00:00,3.60,,,,,
5644,07/06/2025 07:05:00,3.77,,,,,
5645,07/06/2025 07:10:00,3.86,,,,,
5646,07/06/2025 07:15:00,4.12,,,,,
5647,07/06/2025 07:20:00,4.37,,,,,
5648,07/06/2025 07:25:00,4.33,,,,,
5649,07/06/2025 07:30:00,4.63,,,,,
5650,07/06/2025 07:35:00,4.80,,,,,
5651,07/06/2025 07:40:00,5.19,,,,,
5652,07/06/2025 07:45:00,4.54,,,,,
5653,07/06/2025 07:50:00,4.59,,,,,
5654,07/06/2025 07:55:00,4.67,,,,,
5655,07/06/2025 08:00:00,4.63,,,,,
5656,07/06/2025 08:05:00,4.72,,,,,
5657,07/06/2025 08:10:00,4.72,,,,,
5658,07/06/2025 08:15:00,4.33,,,,,
5659,07/06/2025 08:20:00,4.03,,,,,
5660,07/06/2025 08:25:00,3.82,,,,,
5661,07/06/2025 08:30:00,3.77,,,,,
5662,07/06/2025 08:35:00,3.94,,,,,
5663,07/06/2025 08:40:00,3.99,,,,,
5664,07/06/2025 08:45:00,4.07,,,,,
5665,07/06/2025 08:50:00,3.99,,,,,
5666,07/06/2025 08:55:00,4.12,,,,,
5667,07/06/2025 09:00:00,4.12,,,,,
5668,07/06/2025 09:05:00,4.20,,,,,
5669,07/06/2025 09:10:00,4.33,,,,,
5670,07/06/2025 09:15:00,4.24,,,,,
5671,07/06/2025 09:20:00,4.24,,,,,
5672,07/06/2025 09:25:00,4.29,,,,,
5673,07/06/2025 09:30:00,4.16,,,,,
5674,07/06/2025 09:35:00,4.24,,,,,
5675,07/06/2025 09:40:00,4.20,,,,,
5676,07/06/2025 09:45:00,4.20,,,,,
5677,07/06/2025 09:50:00,4.12,,,,,
5678,07/06/2025 09:55:00,4.12,,,,,
5679,07/06/2025 10:00:00,4.12,,,,,
5680,07/06/2025 10:05:00,4.12,,,,,
5681,07/06/2025 10:10:00,3.94,,,,,
5682,07/06/2025 10:15:00,3.82,,,,,
5683,07/06/2025 10:20:00,3.77,,,,,
5684,07/06/2025 10:25:00,3.77,,,,,
5685,07/06/2025 10:30:00,3.64,,,,,
5686,07/06/2025 10:35:00,3.64,,,,,
5687,07/06/2025 10:40:00,3.64,,,,,
5688,07/06/2025 10:45:00,3.77,,,,,
5689,07/06/2025 10:50:00,3.77,,,,,
5690,07/06/2025 10:55:00,3.69,,,,,
5691,07/06/2025 11:00:00,3.60,,,,,
5692,07/06/2025 11:05:00,3.86,,,,,
5693,07/06/2025 11:10:00,4.12,,,,,
5694,07/06/2025 11:15:00,4.20,,,,,
5695,07/06/2025 11:20:00,4.37,,,,,
5696,07/06/2025 11:25:00,4.37,,,,,
5697,07/06/2025 11:30:00,4.29,,,,,
5698,07/06/2025 11:35:00,4.37,,,,,
5699,07/06/2025 11:40:00,4.24,,,,,
5700,07/06/2025 11:45:00,4.16,,,,,
5701,07/06/2025 11:50:00,4.07,,,,,
5702,07/06/2025 11:55:00,4.12,,,,,
5703,07/06/2025 12:00:00,4.29,,,,,
5704,07/06/2025 12:05:00,4.33,,,,,
5705,07/06/2025 12:10:00,4.37,,,,,
5706,07/06/2025 12:15:00,4.29,,,,,
5707,07/06/2025 12:20:00,4.42,,,,,
5708,07/06/2025 12:25:00,4.37,,,,,
5709,07/06/2025 12:30:00,4.59,,,,,
5710,07/06/2025 12:35:00,4.72,,,,,
5711,07/06/2025 12:40:00,4.72,,,,,
5712,07/06/2025 12:45:00,4.97,,,,,
5713,07/06/2025 12:50:00,4.89,,,,,
5714,07/06/2025 12:55:00,4.84,,,,,
5715,07/06/2025 13:00:00,4.67,,,,,
5716,07/06/2025 13:05:00,4.76,,,,,
5717,07/06/2025 13:10:00,4.67,,,,,
5718,07/06/2025 13:15:00,4.46,,,,,
5719,07/06/2025 13:20:00,4.37,,,,,
5720,07/06/2025 13:25:00,4.46,,,,,
5721,07/06/2025 13:30:00,4.50,,,,,
5722,07/06/2025 13:35:00,4.37,,,,,
5723,07/06/2025 13:40:00,4.37,,,,,
5724,07/06/2025 13:45:00,4.42,,,,,
5725,07/06/2025 13:50:00,4.42,,,,,
5726,07/06/2025 13:55:00,4.59,,,,,
5727,07/06/2025 14:00:00,4.46,,,,,
5728,07/06/2025 14:05:00,4.54,,,,,
5729,07/06/2025 14:10:00,5.32,,,,,
5730,07/06/2025 14:15:00,5.53,,,,,
5731,07/06/2025 14:20:00,5.32,,,,,
5732,07/06/2025 14:25:00,5.40,,,,,
5733,07/06/2025 14:30:00,5.19,,,,,
5734,07/06/2025 14:35:00,4.63,,,,,
5735,07/06/2025 14:40:00,4.20,,,,,
5736,07/06/2025 14:45:00,3.90,,,,,
5737,07/06/2025 14:50:00,3.77,,,,,
5738,07/06/2025 14:55:00,3.73,,,,,
5739,07/06/2025 15:00:00,3.60,,,,,
5740,07/06/2025 15:05:00,3.43,,,,,
5741,07/06/2025 15:10:00,3.39,,,,,
5742,07/06/2025 15:15:00,3.39,,,,,
5743,07/06/2025 15:20:00,3.34,,,,,
5744,07/06/2025 15:25:00,3.21,,,,,
5745,07/06/2025 15:30:00,3.21,,,,,
5746,07/06/2025 15:35:00,3.39,,,,,
5747,07/06/2025 15:40:00,3.30,,,,,
5748,07/06/2025 15:45:00,3.43,,,,,
5749,07/06/2025 15:50:00,3.30,,,,,
5750,07/06/2025 15:55:00,3.30,,,,,
5751,07/06/2025 16:00:00,3.30,,,,,
5752,07/06/2025 16:05:00,3.34,,,,,
5753,07/06/2025 16:10:00,3.30,,,,,
5754,07/06/2025 16:15:00,3.30,,,,,
5755,07/06/2025 16:20:00,3.34,,,,,
5756,07/06/2025 16:25:00,3.39,,,,,
5757,07/06/2025 16:30:00,3.30,,,,,
5758,07/06/2025 16:35:00,3.34,,,,,
5759,07/06/2025 16:40:00,3.30,,,,,
5760,07/06/2025 16:45:00,3.21,,,,,
5761,07/06/2025 16:50:00,3.13,,,,,
5762,07/06/2025 16:55:00,3.17,,,,,
5763,07/06/2025 17:00:00,3.17,,,,,
5764,07/06/2025 17:05:00,3.34,,,,,
5765,07/06/2025 17:10:00,3.43,,,,,
5766,07/06/2025 17:15:00,3.43,,,,,
5767,07/06/2025 17:20:00,3.56,,,,,
5768,07/06/2025 17:25:00,3.60,,,,,
5769,07/06/2025 17:30:00,3.47,,,,,
5770,07/06/2025 17:35:00,3.43,,,,,
5771,07/06/2025 17:40:00,3.39,,,,,
5772,07/06/2025 17:45:00,3.47,,,,,
5773,07/06/2025 17:50:00,3.47,,,,,
5774,07/06/2025 17:55:00,3.34,,,,,
5775,07/06/2025 18:00:00,3.39,,,,,
5776,07/06/2025 18:05:00,3.39,,,,,
5777,07/06/2025 18:10:00,3.26,,,,,
5778,07/06/2025 18:15:00,3.09,,,,,
5779,07/06/2025 18:20:00,3.04,,,,,
5780,07/06/2025 18:25:00,3.21,,,,,
5781,07/06/2025 18:30:00,3.60,,,,,
5782,07/06/2025 18:35:00,3.64,,,,,
5783,07/06/2025 18:40:00,3.69,,,,,
5784,07/06/2025 18:45:00,3.30,,,,,
5785,07/06/2025 18:50:00,3.39,,,,,
5786,07/06/2025 18:55:00,3.56,,,,,
5787,07/06/2025 19:00:00,3.30,,,,,
5788,07/06/2025 19:05:00,3.09,,,,,
5789,07/06/2025 19:10:00,3.00,,,,,
5790,07/06/2025 19:15:00,2.79,,,,,
5791,07/06/2025 19:20:00,2.66,,,,,
5792,07/06/2025 19:25:00,2.66,,,,,
5793,07/06/2025 19:30:00,2.57,,,,,
5794,07/06/2025 19:35:00,2.49,,,,,
5795,07/06/2025 19:40:00,2.49,,,,,
5796,07/06/2025 19:45:00,2.31,,,,,
5797,07/06/2025 19:50:00,2.23,,,,,
5798,07/06/2025 19:55:00,2.14,,,,,
5799,07/06/2025 20:00:00,2.14,,,,,
5800,07/06/2025 20:05:00,2.19,,,,,
5801,07/06/2025 20:10:00,2.14,,,,,
5802,07/06/2025 20:15:00,2.10,,,,,
5803,07/06/2025 20:20:00,2.19,,,,,
5804,07/06/2025 20:25:00,2.14,,,,,
5805,07/06/2025 20:30:00,2.10,,,,,
5806,07/06/2025 20:35:00,2.06,,,,,
5807,07/06/2025 20:40:00,1.97,,,,,
5808,07/06/2025 20:45:00,1.97,,,,,
5809,07/06/2025 20:50:00,2.01,,,,,
5810,07/06/2025 20:55:00,1.88,,,,,
5811,07/06/2025 21:00:00,1.76,,,,,
5812,07/06/2025 21:05:00,1.63,,,,,
5813,07/06/2025 21:10:00,1.63,,,,,
5814,07/06/2025 21:15:00,1.71,,,,,
5815,07/06/2025 21:20:00,1.84,,,,,
5816,07/06/2025 21:25:00,1.84,,,,,
5817,07/06/2025 21:30:00,1.80,,,,,
5818,07/06/2025 21:35:00,1.80,,,,,
5819,07/06/2025 21:40:00,1.76,,,,,
5820,07/06/2025 21:45:00,1.80,,,,,
5821,07/06/2025 21:50:00,1.80,,,,,
5822,07/06/2025 21:55:00,1.63,,,,,
5823,07/06/2025 22:00:00,1.50,,,,,
5824,07/06/2025 22:05:00,1.50,,,,,
5825,07/06/2025 22:10:00,1.46,,,,,
5826,07/06/2025 22:15:00,1.54,,,,,
5827,07/06/2025 22:20:00,1.50,,,,,
5828,07/06/2025 22:25:00,1.46,,,,,
5829,07/06/2025 22:30:00,1.58,,,,,
5830,07/06/2025 22:35:00,1.58,,,,,
5831,07/06/2025 22:40:00,1.67,,,,,
5832,07/06/2025 22:45:00,1.63,,,,,
5833,07/06/2025 22:50:00,1.46,,,,,
5834,07/06/2025 22:55:00,1.50,,,,,
5835,07/06/2025 23:00:00,1.54,,,,,
5836,07/06/2025 23:05:00,1.67,,,,,
5837,07/06/2025 23:10:00,1.58,,,,,
5838,07/06/2025 23:15:00,1.63,,,,,
5839,07/06/2025 23:20:00,1.54,,,,,
5840,07/06/2025 23:25:00,1.41,,,,,
5841,07/06/2025 23:30:00,1.37,,,,,
5842,07/06/2025 23:35:00,1.54,,,,,
5843,07/06/2025 23:40:00,1.46,,,,,
5844,07/06/2025 23:45:00,1.37,,,,,
5845,07/06/2025 23:50:00,1.28,,,,,
5846,07/06/2025 23:55:00,1.20,,,,,
5847,07/07/2025 00:00:00,1.24,,,,,
5848,07/07/2025 00:05:00,1.28,,,,,
5849,07/07/2025 00:10:00,1.33,,,,,
5850,07/07/2025 00:15:00,1.20,,,,,
5851,07/07/2025 00:20:00,1.07,,,,,
5852,07/07/2025 00:25:00,1.11,,,,,
5853,07/07/2025 00:30:00,1.07,,,,,
5854,07/07/2025 00:35:00,1.20,,,,,
5855,07/07/2025 00:40:00,1.20,,,,,
5856,07/07/2025 00:45:00,1.11,,,,,
5857,07/07/2025 00:50:00,1.16,,,,,
5858,07/07/2025 00:55:00,1.07,,,,,
5859,07/07/2025 01:00:00,1.11,,,,,
5860,07/07/2025 01:05:00,1.03,,,,,
5861,07/07/2025 01:10:00,1.03,,,,,
5862,07/07/2025 01:15:00,1.03,,,,,
5863,07/07/2025 01:20:00,1.07,,,,,
5864,07/07/2025 01:25:00,1.07,,,,,
5865,07/07/2025 01:30:00,1.11,,,,,
5866,07/07/2025 01:35:00,1.28,,,,,
5867,07/07/2025 01:40:00,1.28,,,,,
5868,07/07/2025 01:45:00,1.33,,,,,
5869,07/07/2025 01:50:00,1.20,,,,,
5870,07/07/2025 01:55:00,1.07,,,,,
5871,07/07/2025 02:00:00,0.90,,,,,
5872,07/07/2025 02:05:00,0.81,,,,,
5873,07/07/2025 02:10:00,0.77,,,,,
5874,07/07/2025 02:15:00,0.94,,,,,
5875,07/07/2025 02:20:00,0.90,,,,,
5876,07/07/2025 02:25:00,0.86,,,,,
5877,07/07/2025 02:30:00,0.86,,,,,
5878,07/07/2025 02:35:00,0.90,,,,,
5879,07/07/2025 02:40:00,0.77,,,,,
5880,07/07/2025 02:45:00,0.77,,,,,
5881,07/07/2025 02:50:00,0.81,,,,,
5882,07/07/2025 02:55:00,0.98,,,,,
5883,07/07/2025 03:00:00,0.94,,,,,
5884,07/07/2025 03:05:00,0.94,,,,,
5885,07/07/2025 03:10:00,0.94,,,,,
5886,07/07/2025 03:15:00,0.77,,,,,
5887,07/07/2025 03:20:00,0.86,,,,,
5888,07/07/2025 03:25:00,0.60,,,,,
5889,07/07/2025 03:30:00,0.55,,,,,
5890,07/07/2025 03:35:00,0.51,,,,,
5891,07/07/2025 03:40:00,0.47,,,,,
5892,07/07/2025 03:45:00,0.47,,,,,
5893,07/07/2025 03:50:00,0.47,,,,,
5894,07/07/2025 03:55:00,0.34,,,,,
5895,07/07/2025 04:00:00,0.25,,,,,
5896,07/07/2025 04:05:00,0.21,,,,,
5897,07/07/2025 04:10:00,0.17,,,,,
5898,07/07/2025 04:15:00,0.21,,,,,
5899,07/07/2025 04:20:00,0.21,,,,,
5900,07/07/2025 04:25:00,0.21,,,,,
5901,07/07/2025 04:30:00,0.21,,,,,
5902,07/07/2025 04:35:00,0.17,,,,,
5903,07/07/2025 04:40:00,0.17,,,,,
5904,07/07/2025 04:45:00,0.17,,,,,
5905,07/07/2025 04:50:00,0.21,,,,,
5906,07/07/2025 04:55:00,0.21,,,,,
5907,07/07/2025 05:00:00,0.17,,,,,
5908,07/07/2025 05:05:00,0.08,,,,,
5909,07/07/2025 05:10:00,0.13,,,,,
5910,07/07/2025 05:15:00,0.13,,,,,
5911,07/07/2025 05:20:00,0.13,,,,,
5912,07/07/2025 05:25:00,0.13,,,,,
5913,07/07/2025 05:30:00,0.04,,,,,
5914,07/07/2025 05:35:00,0.13,,,,,
5915,07/07/2025 05:40:00,0.04,,,,,
5916,07/07/2025 05:45:00,0.08,,,,,
5917,07/07/2025 05:50:00,0.13,,,,,
5918,07/07/2025 05:55:00,0.08,,,,,
5919,07/07/2025 06:00:00,0.13,,,,,
5920,07/07/2025 06:05:00,0.13,,,,,
5921,07/07/2025 06:10:00,0.17,,,,,
5922,07/07/2025 06:15:00,0.21,,,,,
5923,07/07/2025 06:20:00,0.21,,,,,
5924,07/07/2025 06:25:00,0.25,,,,,
5925,07/07/2025 06:30:00,0.30,,,,,
5926,07/07/2025 06:35:00,0.34,,,,,
5927,07/07/2025 06:40:00,0.30,,,,,
5928,07/07/2025 06:45:00,0.30,,,,,
5929,07/07/2025 06:50:00,0.21,,,,,
5930,07/07/2025 06:55:00,0.21,,,,,
5931,07/07/2025 07:00:00,0.25,,,,,
5932,07/07/2025 07:05:00,0.25,,,,,
5933,07/07/2025 07:10:00,0.17,,,,,
5934,07/07/2025 07:15:00,0.21,,,,,
5935,07/07/2025 07:20:00,0.21,,,,,
5936,07/07/2025 07:25:00,0.25,,,,,
5937,07/07/2025 07:30:00,0.38,,,,,
5938,07/07/2025 07:35:00,0.51,,,,,
5939,07/07/2025 07:40:00,0.64,,,,,
5940,07/07/2025 07:45:00,0.77,,,,,
5941,07/07/2025 07:50:00,1.11,,,,,
5942,07/07/2025 07:55:00,1.37,,,,,
5943,07/07/2025 08:00:00,1.37,,,,,
5944,07/07/2025 08:05:00,1.37,,,,,
5945,07/07/2025 08:10:00,1.37,,,,,
5946,07/07/2025 08:15:00,1.28,,,,,
5947,07/07/2025 08:20:00,1.33,,,,,
5948,07/07/2025 08:25:00,1.46,,,,,
5949,07/07/2025 08:30:00,1.71,,,,,
5950,07/07/2025 08:35:00,2.06,,,,,
5951,07/07/2025 08:40:00,2.61,,,,,
5952,07/07/2025 08:45:00,3.04,,,,,
5953,07/07/2025 08:50:00,3.21,,,,,
5954,07/07/2025 08:55:00,3.34,,,,,
5955,07/07/2025 09:00:00,3.09,,,,,
5956,07/07/2025 09:05:00,2.44,,,,,
5957,07/07/2025 09:10:00,2.40,,,,,
5958,07/07/2025 09:15:00,2.96,,,,,
5959,07/07/2025 09:20:00,3.47,,,,,
5960,07/07/2025 09:25:00,4.07,,,,,
5961,07/07/2025 09:30:00,4.20,,,,,
5962,07/07/2025 09:35:00,3.99,,,,,
5963,07/07/2025 09:40:00,4.93,,,,,
5964,07/07/2025 09:45:00,5.02,,,,,
5965,07/07/2025 09:50:00,5.70,,,,,
5966,07/07/2025 09:55:00,6.30,,,,,
5967,07/07/2025 10:00:00,6.30,,,,,
5968,07/07/2025 10:05:00,5.75,,,,,
5969,07/07/2025 10:10:00,5.79,,,,,
5970,07/07/2025 10:15:00,5.96,,,,,
5971,07/07/2025 10:20:00,5.23,,,,,
5972,07/07/2025 10:25:00,5.57,,,,,
5973,07/07/2025 10:30:00,6.22,,,,,
5974,07/07/2025 10:35:00,6.43,,,,,
5975,07/07/2025 10:40:00,6.52,,,,,
5976,07/07/2025 10:45:00,6.90,,,,,
5977,07/07/2025 10:50:00,7.93,,,,,
5978,07/07/2025 10:55:00,8.15,,,,,
5979,07/07/2025 11:00:00,8.49,,,,,
5980,07/07/2025 11:05:00,9.48,,,,,
5981,07/07/2025 11:10:00,11.02,,,,,
5982,07/07/2025 11:15:00,11.49,,,,,
5983,07/07/2025 11:20:00,11.15,,,,,
5984,07/07/2025 11:25:00,9.91,,,,,
5985,07/07/2025 11:30:00,8.53,,,,,
5986,07/07/2025 11:35:00,9.35,,,,,
5987,07/07/2025 11:40:00,8.75,,,,,
5988,07/07/2025 11:45:00,8.23,,,,,
5989,07/07/2025 11:50:00,8.36,,,,,
5990,07/07/2025 11:55:00,8.23,,,,,
5991,07/07/2025 12:00:00,7.50,,,,,
5992,07/07/2025 12:05:00,7.20,,,,,
5993,07/07/2025 12:10:00,7.33,,,,,
5994,07/07/2025 12:15:00,7.81,,,,,
5995,07/07/2025 12:20:00,7.93,,,,,
5996,07/07/2025 12:25:00,7.76,,,,,
5997,07/07/2025 12:30:00,7.72,,,,,
5998,07/07/2025 12:35:00,8.02,,,,,
5999,07/07/2025 12:40:00,7.72,,,,,
6000,07/07/2025 12:45:00,7.50,,,,,
6001,07/07/2025 12:50:00,7.25,,,,,
6002,07/07/2025 12:55:00,6.99,,,,,
6003,07/07/2025 13:00:00,6.43,,,,,
6004,07/07/2025 13:05:00,6.26,,,,,
6005,07/07/2025 13:10:00,6.30,,,,,
6006,07/07/2025 13:15:00,6.26,,,,,
6007,07/07/2025 13:20:00,6.43,,,,,
6008,07/07/2025 13:25:00,6.99,,,,,
6009,07/07/2025 13:30:00,8.02,,,,,
6010,07/07/2025 13:35:00,8.88,,,,,
6011,07/07/2025 13:40:00,9.09,,,,,
6012,07/07/2025 13:45:00,8.66,,,,,
6013,07/07/2025 13:50:00,7.50,,,,,
6014,07/07/2025 13:55:00,6.99,,,,,
6015,07/07/2025 14:00:00,6.78,,,,,
6016,07/07/2025 14:05:00,6.73,,,,,
6017,07/07/2025 14:10:00,7.03,,,,,
6018,07/07/2025 14:15:00,7.03,,,,,
6019,07/07/2025 14:20:00,6.43,,,,,
6020,07/07/2025 14:25:00,6.26,,,,,
6021,07/07/2025 14:30:00,6.30,,,,,
6022,07/07/2025 14:35:00,6.22,,,,,
6023,07/07/2025 14:40:00,5.96,,,,,
6024,07/07/2025 14:45:00,5.57,,,,,
6025,07/07/2025 14:50:00,5.45,,,,,
6026,07/07/2025 14:55:00,5.49,,,,,
6027,07/07/2025 15:00:00,5.36,,,,,
6028,07/07/2025 15:05:00,6.09,,,,,
6029,07/07/2025 15:10:00,6.95,,,,,
6030,07/07/2025 15:15:00,6.95,,,,,
6031,07/07/2025 15:20:00,7.76,,,,,
6032,07/07/2025 15:25:00,7.16,,,,,
6033,07/07/2025 15:30:00,6.35,,,,,
6034,07/07/2025 15:35:00,7.42,,,,,
6035,07/07/2025 15:40:00,7.20,,,,,
6036,07/07/2025 15:45:00,8.02,,,,,
6037,07/07/2025 15:50:00,9.39,,,,,
6038,07/07/2025 15:55:00,10.55,,,,,
6039,07/07/2025 16:00:00,11.02,,,,,
6040,07/07/2025 16:05:00,9.48,,,,,
6041,07/07/2025 16:10:00,10.08,,,,,
6042,07/07/2025 16:15:00,10.94,,,,,
6043,07/07/2025 16:20:00,12.01,,,,,
6044,07/07/2025 16:25:00,10.42,,,,,
6045,07/07/2025 16:30:00,8.92,,,,,
6046,07/07/2025 16:35:00,8.06,,,,,
6047,07/07/2025 16:40:00,7.46,,,,,
6048,07/07/2025 16:45:00,6.56,,,,,
6049,07/07/2025 16:50:00,6.22,,,,,
6050,07/07/2025 16:55:00,6.17,,,,,
6051,07/07/2025 17:00:00,6.60,,,,,
6052,07/07/2025 17:05:00,7.16,,,,,
6053,07/07/2025 17:10:00,6.65,,,,,
6054,07/07/2025 17:15:00,6.17,,,,,
6055,07/07/2025 17:20:00,5.70,,,,,
6056,07/07/2025 17:25:00,5.32,,,,,
6057,07/07/2025 17:30:00,5.92,,,,,
6058,07/07/2025 17:35:00,6.86,,,,,
6059,07/07/2025 17:40:00,7.29,,,,,
6060,07/07/2025 17:45:00,7.16,,,,,
6061,07/07/2025 17:50:00,6.48,,,,,
6062,07/07/2025 17:55:00,6.39,,,,,
6063,07/07/2025 18:00:00,7.03,,,,,
6064,07/07/2025 18:05:00,7.59,,,,,
6065,07/07/2025 18:10:00,7.81,,,,,
6066,07/07/2025 18:15:00,7.08,,,,,
6067,07/07/2025 18:20:00,6.82,,,,,
6068,07/07/2025 18:25:00,6.30,,,,,
6069,07/07/2025 18:30:00,5.66,,,,,
6070,07/07/2025 18:35:00,5.27,,,,,
6071,07/07/2025 18:40:00,4.63,,,,,
6072,07/07/2025 18:45:00,4.12,,,,,
6073,07/07/2025 18:50:00,3.82,,,,,
6074,07/07/2025 18:55:00,3.69,,,,,
6075,07/07/2025 19:00:00,3.43,,,,,
6076,07/07/2025 19:05:00,3.26,,,,,
6077,07/07/2025 19:10:00,2.96,,,,,
6078,07/07/2025 19:15:00,2.74,,,,,
6079,07/07/2025 19:20:00,2.70,,,,,
6080,07/07/2025 19:25:00,3.09,,,,,
6081,07/07/2025 19:30:00,3.26,,,,,
6082,07/07/2025 19:35:00,3.26,,,,,
6083,07/07/2025 19:40:00,3.30,,,,,
6084,07/07/2025 19:45:00,3.64,,,,,
6085,07/07/2025 19:50:00,3.90,,,,,
6086,07/07/2025 19:55:00,3.26,,,,,
6087,07/07/2025 20:00:00,2.53,,,,,
6088,07/07/2025 20:05:00,2.14,,,,,
6089,07/07/2025 20:10:00,1.84,,,,,
6090,07/07/2025 20:15:00,1.76,,,,,
6091,07/07/2025 20:20:00,1.76,,,,,
6092,07/07/2025 20:25:00,1.76,,,,,
6093,07/07/2025 20:30:00,2.01,,,,,
6094,07/07/2025 20:35:00,2.10,,,,,
6095,07/07/2025 20:40:00,2.01,,,,,
6096,07/07/2025 20:45:00,1.93,,,,,
6097,07/07/2025 20:50:00,1.80,,,,,
6098,07/07/2025 20:55:00,1.71,,,,,
6099,07/07/2025 21:00:00,1.71,,,,,
6100,07/07/2025 21:05:00,1.63,,,,,
6101,07/07/2025 21:10:00,1.97,,,,,
6102,07/07/2025 21:15:00,2.01,,,,,
6103,07/07/2025 21:20:00,1.93,,,,,
6104,07/07/2025 21:25:00,1.80,,,,,
6105,07/07/2025 21:30:00,1.63,,,,,
6106,07/07/2025 21:35:00,1.84,,,,,
6107,07/07/2025 21:40:00,2.06,,,,,
6108,07/07/2025 21:45:00,1.80,,,,,
6109,07/07/2025 21:50:00,1.84,,,,,
6110,07/07/2025 21:55:00,1.80,,,,,
6111,07/07/2025 22:00:00,1.67,,,,,
6112,07/07/2025 22:05:00,1.71,,,,,
6113,07/07/2025 22:10:00,1.71,,,,,
6114,07/07/2025 22:15:00,1.84,,,,,
6115,07/07/2025 22:20:00,1.93,,,,,
6116,07/07/2025 22:25:00,1.84,,,,,
6117,07/07/2025 22:30:00,1.88,,,,,
6118,07/07/2025 22:35:00,1.80,,,,,
6119,07/07/2025 22:40:00,1.63,,,,,
6120,07/07/2025 22:45:00,1.37,,,,,
6121,07/07/2025 22:50:00,1.16,,,,,
6122,07/07/2025 22:55:00,1.20,,,,,
6123,07/07/2025 23:00:00,1.28,,,,,
6124,07/07/2025 23:05:00,1.46,,,,,
6125,07/07/2025 23:10:00,1.76,,,,,
6126,07/07/2025 23:15:00,2.19,,,,,
6127,07/07/2025 23:20:00,2.40,,,,,
6128,07/07/2025 23:25:00,2.40,,,,,
6129,07/07/2025 23:30:00,2.06,,,,,
6130,07/07/2025 23:35:00,1.88,,,,,
6131,07/07/2025 23:40:00,1.84,,,,,
6132,07/07/2025 23:45:00,1.67,,,,,
6133,07/07/2025 23:50:00,1.63,,,,,
6134,07/07/2025 23:55:00,1.54,,,,,
6135,07/08/2025 00:00:00,1.63,,,,,
6136,07/08/2025 00:05:00,1.67,,,,,
6137,07/08/2025 00:10:00,1.71,,,,,
6138,07/08/2025 00:15:00,1.67,,,,,
6139,07/08/2025 00:20:00,1.54,,,,,
6140,07/08/2025 00:25:00,1.41,,,,,
6141,07/08/2025 00:30:00,1.37,,,,,
6142,07/08/2025 00:35:00,1.37,,,,,
6143,07/08/2025 00:40:00,1.41,,,,,
6144,07/08/2025 00:45:00,1.24,,,,,
6145,07/08/2025 00:50:00,1.28,,,,,
6146,07/08/2025 00:55:00,1.33,,,,,
6147,07/08/2025 01:00:00,1.20,,,,,
6148,07/08/2025 01:05:00,1.16,,,,,
6149,07/08/2025 01:10:00,1.07,,,,,
6150,07/08/2025 01:15:00,1.07,,,,,
6151,07/08/2025 01:20:00,1.11,,,,,
6152,07/08/2025 01:25:00,1.24,,,,,
6153,07/08/2025 01:30:00,1.20,,,,,
6154,07/08/2025 01:35:00,1.03,,,,,
6155,07/08/2025 01:40:00,1.16,,,,,
6156,07/08/2025 01:45:00,1.33,,,,,
6157,07/08/2025 01:50:00,1.16,,,,,
6158,07/08/2025 01:55:00,1.28,,,,,
6159,07/08/2025 02:00:00,1.24,,,,,
6160,07/08/2025 02:05:00,1.20,,,,,
6161,07/08/2025 02:10:00,1.20,,,,,
6162,07/08/2025 02:15:00,1.20,,,,,
6163,07/08/2025 02:20:00,1.07,,,,,
6164,07/08/2025 02:25:00,1.11,,,,,
6165,07/08/2025 02:30:00,1.20,,,,,
6166,07/08/2025 02:35:00,1.20,,,,,
6167,07/08/2025 02:40:00,1.11,,,,,
6168,07/08/2025 02:45:00,1.16,,,,,
6169,07/08/2025 02:50:00,1.20,,,,,
6170,07/08/2025 02:55:00,1.20,,,,,
6171,07/08/2025 03:00:00,1.16,,,,,
6172,07/08/2025 03:05:00,1.03,,,,,
6173,07/08/2025 03:10:00,0.94,,,,,
6174,07/08/2025 03:15:00,0.90,,,,,
6175,07/08/2025 03:20:00,1.03,,,,,
6176,07/08/2025 03:25:00,1.07,,,,,
6177,07/08/2025 03:30:00,0.98,,,,,
6178,07/08/2025 03:35:00,0.98,,,,,
6179,07/08/2025 03:40:00,1.07,,,,,
6180,07/08/2025 03:45:00,0.81,,,,,
6181,07/08/2025 03:50:00,0.73,,,,,
6182,07/08/2025 03:55:00,0.64,,,,,
6183,07/08/2025 04:00:00,0.55,,,,,
6184,07/08/2025 04:05:00,0.30,,,,,
6185,07/08/2025 04:10:00,0.17,,,,,
6186,07/08/2025 04:15:00,0.08,,,,,
6187,07/08/2025 04:20:00,0.08,,,,,
6188,07/08/2025 04:25:00,-0.00,,,,,
6189,07/08/2025 04:30:00,0.04,,,,,
6190,07/08/2025 04:35:00,0.08,,,,,
6191,07/08/2025 04:40:00,0.08,,,,,
6192,07/08/2025 04:45:00,0.04,,,,,
6193,07/08/2025 04:50:00,-0.00,,,,,
6194,07/08/2025 04:55:00,0.08,,,,,
6195,07/08/2025 05:00:00,0.08,,,,,
6196,07/08/2025 05:05:00,0.08,,,,,
6197,07/08/2025 05:10:00,0.08,,,,,
6198,07/08/2025 05:15:00,0.04,,,,,
6199,07/08/2025 05:20:00,0.04,,,,,
6200,07/08/2025 05:25:00,0.08,,,,,
6201,07/08/2025 05:30:00,-0.00,,,,,
6202,07/08/2025 05:35:00,0.04,,,,,
6203,07/08/2025 05:40:00,0.08,,,,,
6204,07/08/2025 05:45:00,0.04,,,,,
6205,07/08/2025 05:50:00,0.08,,,,,
6206,07/08/2025 05:55:00,0.13,,,,,
6207,07/08/2025 06:00:00,0.13,,,,,
6208,07/08/2025 06:05:00,0.17,,,,,
6209,07/08/2025 06:10:00,0.13,,,,,
6210,07/08/2025 06:15:00,0.08,,,,,
6211,07/08/2025 06:20:00,0.17,,,,,
6212,07/08/2025 06:25:00,0.17,,,,,
6213,07/08/2025 06:30:00,0.17,,,,,
6214,07/08/2025 06:35:00,0.21,,,,,
6215,07/08/2025 06:40:00,0.25,,,,,
6216,07/08/2025 06:45:00,0.30,,,,,
6217,07/08/2025 06:50:00,0.30,,,,,
6218,07/08/2025 06:55:00,0.34,,,,,
6219,07/08/2025 07:00:00,0.30,,,,,
6220,07/08/2025 07:05:00,0.30,,,,,
6221,07/08/2025 07:10:00,0.34,,,,,
6222,07/08/2025 07:15:00,0.30,,,,,
6223,07/08/2025 07:20:00,0.25,,,,,
6224,07/08/2025 07:25:00,0.17,,,,,
6225,07/08/2025 07:30:00,0.17,,,,,
6226,07/08/2025 07:35:00,0.17,,,,,
6227,07/08/2025 07:40:00,0.21,,,,,
6228,07/08/2025 07:45:00,0.21,,,,,
6229,07/08/2025 07:50:00,0.30,,,,,
6230,07/08/2025 07:55:00,0.30,,,,,
6231,07/08/2025 08:00:00,0.30,,,,,
6232,07/08/2025 08:05:00,0.25,,,,,
6233,07/08/2025 08:10:00,0.30,,,,,
6234,07/08/2025 08:15:00,0.25,,,,,
6235,07/08/2025 08:20:00,0.25,,,,,
6236,07/08/2025 08:25:00,0.21,,,,,
6237,07/08/2025 08:30:00,0.25,,,,,
6238,07/08/2025 08:35:00,0.25,,,,,
6239,07/08/2025 08:40:00,0.30,,,,,
6240,07/08/2025 08:45:00,0.30,,,,,
6241,07/08/2025 08:50:00,0.30,,,,,
6242,07/08/2025 08:55:00,0.30,,,,,
6243,07/08/2025 09:00:00,0.34,,,,,
6244,07/08/2025 09:05:00,0.34,,,,,
6245,07/08/2025 09:10:00,0.34,,,,,
6246,07/08/2025 09:15:00,0.38,,,,,
6247,07/08/2025 09:20:00,0.34,,,,,
6248,07/08/2025 09:25:00,0.34,,,,,
6249,07/08/2025 09:30:00,0.38,,,,,
6250,07/08/2025 09:35:00,0.30,,,,,
6251,07/08/2025 09:40:00,0.34,,,,,
6252,07/08/2025 09:45:00,0.38,,,,,
6253,07/08/2025 09:50:00,0.38,,,,,
6254,07/08/2025 09:55:00,0.38,,,,,
6255,07/08/2025 10:00:00,0.38,,,,,
6256,07/08/2025 10:05:00,0.43,,,,,
6257,07/08/2025 10:10:00,0.43,,,,,
6258,07/08/2025 10:15:00,0.43,,,,,
6259,07/08/2025 10:20:00,0.51,,,,,
6260,07/08/2025 10:25:00,0.51,,,,,
6261,07/08/2025 10:30:00,0.55,,,,,
6262,07/08/2025 10:35:00,0.51,,,,,
6263,07/08/2025 10:40:00,0.43,,,,,
6264,07/08/2025 10:45:00,0.47,,,,,
6265,07/08/2025 10:50:00,0.43,,,,,
6266,07/08/2025 10:55:00,0.43,,,,,
6267,07/08/2025 11:00:00,0.47,,,,,
6268,07/08/2025 11:05:00,0.43,,,,,
6269,07/08/2025 11:10:00,0.38,,,,,
6270,07/08/2025 11:15:00,0.43,,,,,
6271,07/08/2025 11:20:00,0.47,,,,,
6272,07/08/2025 11:25:00,0.43,,,,,
6273,07/08/2025 11:30:00,0.43,,,,,
6274,07/08/2025 11:35:00,0.43,,,,,
6275,07/08/2025 11:40:00,0.47,,,,,
6276,07/08/2025 11:45:00,0.43,,,,,
6277,07/08/2025 11:50:00,0.47,,,,,
6278,07/08/2025 11:55:00,0.47,,,,,
6279,07/08/2025 12:00:00,0.51,,,,,
6280,07/08/2025 12:05:00,0.55,,,,,
6281,07/08/2025 12:10:00,0.55,,,,,
6282,07/08/2025 12:15:00,0.55,,,,,
6283,07/08/2025 12:20:00,0.55,,,,,
6284,07/08/2025 12:25:00,0.51,,,,,
6285,07/08/2025 12:30:00,0.51,,,,,
6286,07/08/2025 12:35:00,0.43,,,,,
6287,07/08/2025 12:40:00,0.43,,,,,
6288,07/08/2025 12:45:00,0.55,,,,,
6289,07/08/2025 12:50:00,0.64,,,,,
6290,07/08/2025 12:55:00,0.73,,,,,
6291,07/08/2025 13:00:00,0.68,,,,,
6292,07/08/2025 13:05:00,0.60,,,,,
6293,07/08/2025 13:10:00,0.51,,,,,
6294,07/08/2025 13:15:00,0.55,,,,,
6295,07/08/2025 13:20:00,0.51,,,,,
6296,07/08/2025 13:25:00,0.47,,,,,
6297,07/08/2025 13:30:00,0.51,,,,,
6298,07/08/2025 13:35:00,0.55,,,,,
6299,07/08/2025 13:40:00,0.51,,,,,
6300,07/08/2025 13:45:00,0.51,,,,,
6301,07/08/2025 13:50:00,0.51,,,,,
6302,07/08/2025 13:55:00,0.51,,,,,
6303,07/08/2025 14:00:00,0.55,,,,,
6304,07/08/2025 14:05:00,0.51,,,,,
6305,07/08/2025 14:10:00,0.60,,,,,
6306,07/08/2025 14:15:00,0.55,,,,,
6307,07/08/2025 14:20:00,0.55,,,,,
6308,07/08/2025 14:25:00,0.47,,,,,
6309,07/08/2025 14:30:00,0.38,,,,,
6310,07/08/2025 14:35:00,0.43,,,,,
6311,07/08/2025 14:40:00,0.43,,,,,
6312,07/08/2025 14:45:00,0.47,,,,,
6313,07/08/2025 14:50:00,0.47,,,,,
6314,07/08/2025 14:55:00,0.47,,,,,
6315,07/08/2025 15:00:00,0.43,,,,,
6316,07/08/2025 15:05:00,0.47,,,,,
6317,07/08/2025 15:10:00,0.47,,,,,
6318,07/08/2025 15:15:00,0.38,,,,,
6319,07/08/2025 15:20:00,0.47,,,,,
6320,07/08/2025 15:25:00,0.43,,,,,
6321,07/08/2025 15:30:00,0.47,,,,,
6322,07/08/2025 15:35:00,0.47,,,,,
6323,07/08/2025 15:40:00,0.47,,,,,
6324,07/08/2025 15:45:00,0.43,,,,,
6325,07/08/2025 15:50:00,0.43,,,,,
6326,07/08/2025 15:55:00,0.47,,,,,
6327,07/08/2025 16:00:00,0.43,,,,,
6328,07/08/2025 16:05:00,0.38,,,,,
6329,07/08/2025 16:10:00,0.38,,,,,
6330,07/08/2025 16:15:00,0.51,,,,,
6331,07/08/2025 16:20:00,0.55,,,,,
6332,07/08/2025 16:25:00,0.55,,,,,
6333,07/08/2025 16:30:00,0.60,,,,,
6334,07/08/2025 16:35:00,0.60,,,,,
6335,07/08/2025 16:40:00,0.51,,,,,
6336,07/08/2025 16:45:00,0.38,,,,,
6337,07/08/2025 16:50:00,0.34,,,,,
6338,07/08/2025 16:55:00,0.30,,,,,
6339,07/08/2025 17:00:00,0.38,,,,,
6340,07/08/2025 17:05:00,0.34,,,,,
6341,07/08/2025 17:10:00,0.38,,,,,
6342,07/08/2025 17:15:00,0.43,,,,,
6343,07/08/2025 17:20:00,0.43,,,,,
6344,07/08/2025 17:25:00,0.51,,,,,
6345,07/08/2025 17:30:00,0.60,,,,,
6346,07/08/2025 17:35:00,0.55,,,,,
6347,07/08/2025 17:40:00,0.55,,,,,
6348,07/08/2025 17:45:00,0.55,,,,,
6349,07/08/2025 17:50:00,0.68,,,,,
6350,07/08/2025 17:55:00,0.98,,,,,
6351,07/08/2025 18:00:00,0.98,,,,,
6352,07/08/2025 18:05:00,1.03,,,,,
6353,07/08/2025 18:10:00,1.24,,,,,
6354,07/08/2025 18:15:00,1.20,,,,,
6355,07/08/2025 18:20:00,1.37,,,,,
6356,07/08/2025 18:25:00,1.16,,,,,
6357,07/08/2025 18:30:00,1.16,,,,,
6358,07/08/2025 18:35:00,0.86,,,,,
6359,07/08/2025 18:40:00,0.68,,,,,
6360,07/08/2025 18:45:00,0.81,,,,,
6361,07/08/2025 18:50:00,0.98,,,,,
6362,07/08/2025 18:55:00,1.33,,,,,
6363,07/08/2025 19:00:00,1.50,,,,,
6364,07/08/2025 19:05:00,1.58,,,,,
6365,07/08/2025 19:10:00,1.50,,,,,
6366,07/08/2025 19:15:00,1.67,,,,,
6367,07/08/2025 19:20:00,1.76,,,,,
6368,07/08/2025 19:25:00,1.67,,,,,
6369,07/08/2025 19:30:00,1.67,,,,,
6370,07/08/2025 19:35:00,1.46,,,,,
6371,07/08/2025 19:40:00,1.33,,,,,
6372,07/08/2025 19:45:00,1.50,,,,,
6373,07/08/2025 19:50:00,1.41,,,,,
6374,07/08/2025 19:55:00,1.54,,,,,
6375,07/08/2025 20:00:00,1.63,,,,,
6376,07/08/2025 20:05:00,1.46,,,,,
6377,07/08/2025 20:10:00,1.54,,,,,
6378,07/08/2025 20:15:00,1.37,,,,,
6379,07/08/2025 20:20:00,1.33,,,,,
6380,07/08/2025 20:25:00,1.28,,,,,
6381,07/08/2025 20:30:00,1.20,,,,,
6382,07/08/2025 20:35:00,1.24,,,,,
6383,07/08/2025 20:40:00,1.28,,,,,
6384,07/08/2025 20:45:00,1.07,,,,,
6385,07/08/2025 20:50:00,0.73,,,,,
6386,07/08/2025 20:55:00,0.81,,,,,
6387,07/08/2025 21:00:00,0.77,,,,,
6388,07/08/2025 21:05:00,0.68,,,,,
6389,07/08/2025 21:10:00,0.77,,,,,
6390,07/08/2025 21:15:00,0.81,,,,,
6391,07/08/2025 21:20:00,0.86,,,,,
6392,07/08/2025 21:25:00,0.90,,,,,
6393,07/08/2025 21:30:00,0.94,,,,,
6394,07/08/2025 21:35:00,0.98,,,,,
6395,07/08/2025 21:40:00,1.03,,,,,
6396,07/08/2025 21:45:00,1.07,,,,,
6397,07/08/2025 21:50:00,1.03,,,,,
6398,07/08/2025 21:55:00,1.03,,,,,
6399,07/08/2025 22:00:00,1.07,,,,,
6400,07/08/2025 22:05:00,1.11,,,,,
6401,07/08/2025 22:10:00,1.11,,,,,
6402,07/08/2025 22:15:00,1.11,,,,,
6403,07/08/2025 22:20:00,1.16,,,,,
6404,07/08/2025 22:25:00,1.11,,,,,
6405,07/08/2025 22:30:00,1.03,,,,,
6406,07/08/2025 22:35:00,1.03,,,,,
6407,07/08/2025 22:40:00,1.07,,,,,
6408,07/08/2025 22:45:00,1.03,,,,,
6409,07/08/2025 22:50:00,1.03,,,,,
6410,07/08/2025 22:55:00,0.98,,,,,
6411,07/08/2025 23:00:00,0.94,,,,,
6412,07/08/2025 23:05:00,0.98,,,,,
6413,07/08/2025 23:10:00,0.90,,,,,
6414,07/08/2025 23:15:00,0.73,,,,,
6415,07/08/2025 23:20:00,0.68,,,,,
6416,07/08/2025 23:25:00,0.38,,,,,
6417,07/08/2025 23:30:00,0.30,,,,,
6418,07/08/2025 23:35:00,0.30,,,,,
6419,07/08/2025 23:40:00,0.47,,,,,
6420,07/08/2025 23:45:00,0.55,,,,,
6421,07/08/2025 23:50:00,0.38,,,,,
6422,07/08/2025 23:55:00,0.47,,,,,
6423,07/09/2025 00:00:00,0.38,,,,,
6424,07/09/2025 00:05:00,0.30,,,,,
6425,07/09/2025 00:10:00,0.43,,,,,
6426,07/09/2025 00:15:00,0.34,,,,,
6427,07/09/2025 00:20:00,0.43,,,,,
6428,07/09/2025 00:25:00,0.30,,,,,
6429,07/09/2025 00:30:00,0.25,,,,,
6430,07/09/2025 00:35:00,0.17,,,,,
6431,07/09/2025 00:40:00,0.17,,,,,
6432,07/09/2025 00:45:00,0.21,,,,,
6433,07/09/2025 00:50:00,0.34,,,,,
6434,07/09/2025 00:55:00,0.38,,,,,
6435,07/09/2025 01:00:00,0.47,,,,,
6436,07/09/2025 01:05:00,0.55,,,,,
6437,07/09/2025 01:10:00,0.55,,,,,
6438,07/09/2025 01:15:00,0.60,,,,,
6439,07/09/2025 01:20:00,0.47,,,,,
6440,07/09/2025 01:25:00,0.47,,,,,
6441,07/09/2025 01:30:00,0.55,,,,,
6442,07/09/2025 01:35:00,0.47,,,,,
6443,07/09/2025 01:40:00,0.47,,,,,
6444,07/09/2025 01:45:00,0.51,,,,,
6445,07/09/2025 01:50:00,0.51,,,,,
6446,07/09/2025 01:55:00,0.60,,,,,
6447,07/09/2025 02:00:00,0.60,,,,,
6448,07/09/2025 02:05:00,0.60,,,,,
6449,07/09/2025 02:10:00,0.55,,,,,
6450,07/09/2025 02:15:00,0.64,,,,,
6451,07/09/2025 02:20:00,0.73,,,,,
6452,07/09/2025 02:25:00,0.77,,,,,
6453,07/09/2025 02:30:00,0.77,,,,,
6454,07/09/2025 02:35:00,0.81,,,,,
6455,07/09/2025 02:40:00,0.81,,,,,
6456,07/09/2025 02:45:00,0.77,,,,,
6457,07/09/2025 02:50:00,0.73,,,,,
6458,07/09/2025 02:55:00,0.68,,,,,
6459,07/09/2025 03:00:00,0.64,,,,,
6460,07/09/2025 03:05:00,0.55,,,,,
6461,07/09/2025 03:10:00,0.55,,,,,
6462,07/09/2025 03:15:00,0.68,,,,,
6463,07/09/2025 03:20:00,0.68,,,,,
6464,07/09/2025 03:25:00,0.73,,,,,
6465,07/09/2025 03:30:00,0.73,,,,,
6466,07/09/2025 03:35:00,0.77,,,,,
6467,07/09/2025 03:40:00,0.73,,,,,
6468,07/09/2025 03:45:00,0.68,,,,,
6469,07/09/2025 03:50:00,0.68,,,,,
6470,07/09/2025 03:55:00,0.68,,,,,
6471,07/09/2025 04:00:00,0.68,,,,,
6472,07/09/2025 04:05:00,0.73,,,,,
6473,07/09/2025 04:10:00,0.73,,,,,
6474,07/09/2025 04:15:00,0.81,,,,,
6475,07/09/2025 04:20:00,0.81,,,,,
6476,07/09/2025 04:25:00,0.77,,,,,
6477,07/09/2025 04:30:00,0.77,,,,,
6478,07/09/2025 04:35:00,0.81,,,,,
6479,07/09/2025 04:40:00,0.77,,,,,
6480,07/09/2025 04:45:00,0.73,,,,,
6481,07/09/2025 04:50:00,0.68,,,,,
6482,07/09/2025 04:55:00,0.68,,,,,
6483,07/09/2025 05:00:00,0.81,,,,,
6484,07/09/2025 05:05:00,0.90,,,,,
6485,07/09/2025 05:10:00,0.98,,,,,
6486,07/09/2025 05:15:00,0.86,,,,,
6487,07/09/2025 05:20:00,0.98,,,,,
6488,07/09/2025 05:25:00,0.98,,,,,
6489,07/09/2025 05:30:00,0.98,,,,,
6490,07/09/2025 05:35:00,0.94,,,,,
6491,07/09/2025 05:40:00,0.94,,,,,
6492,07/09/2025 05:45:00,0.94,,,,,
6493,07/09/2025 05:50:00,0.90,,,,,
6494,07/09/2025 05:55:00,0.64,,,,,
6495,07/09/2025 06:00:00,0.77,,,,,
6496,07/09/2025 06:05:00,0.94,,,,,
6497,07/09/2025 06:10:00,1.20,,,,,
6498,07/09/2025 06:15:00,1.28,,,,,
6499,07/09/2025 06:20:00,1.33,,,,,
6500,07/09/2025 06:25:00,1.50,,,,,
6501,07/09/2025 06:30:00,1.46,,,,,
6502,07/09/2025 06:35:00,1.37,,,,,
6503,07/09/2025 06:40:00,1.37,,,,,
6504,07/09/2025 06:45:00,1.46,,,,,
6505,07/09/2025 06:50:00,1.50,,,,,
6506,07/09/2025 06:55:00,1.54,,,,,
6507,07/09/2025 07:00:00,1.63,,,,,
6508,07/09/2025 07:05:00,1.71,,,,,
6509,07/09/2025 07:10:00,1.58,,,,,
6510,07/09/2025 07:15:00,1.63,,,,,
6511,07/09/2025 07:20:00,1.67,,,,,
6512,07/09/2025 07:25:00,1.80,,,,,
6513,07/09/2025 07:30:00,1.97,,,,,
6514,07/09/2025 07:35:00,1.97,,,,,
6515,07/09/2025 07:40:00,1.88,,,,,
6516,07/09/2025 07:45:00,2.01,,,,,
6517,07/09/2025 07:50:00,1.93,,,,,
6518,07/09/2025 07:55:00,2.01,,,,,
6519,07/09/2025 08:00:00,2.14,,,,,
6520,07/09/2025 08:05:00,2.06,,,,,
6521,07/09/2025 08:10:00,2.36,,,,,
6522,07/09/2025 08:15:00,2.74,,,,,
6523,07/09/2025 08:20:00,2.49,,,,,
6524,07/09/2025 08:25:00,2.87,,,,,
6525,07/09/2025 08:30:00,3.04,,,,,
6526,07/09/2025 08:35:00,3.04,,,,,
6527,07/09/2025 08:40:00,2.74,,,,,
6528,07/09/2025 08:45:00,2.57,,,,,
6529,07/09/2025 08:50:00,2.49,,,,,
6530,07/09/2025 08:55:00,2.70,,,,,
6531,07/09/2025 09:00:00,3.39,,,,,
6532,07/09/2025 09:05:00,3.94,,,,,
6533,07/09/2025 09:10:00,3.99,,,,,
6534,07/09/2025 09:15:00,3.86,,,,,
6535,07/09/2025 09:20:00,3.94,,,,,
6536,07/09/2025 09:25:00,4.46,,,,,
6537,07/09/2025 09:30:00,5.27,,,,,
6538,07/09/2025 09:35:00,4.50,,,,,
6539,07/09/2025 09:40:00,4.54,,,,,
6540,07/09/2025 09:45:00,4.89,,,,,
6541,07/09/2025 09:50:00,4.12,,,,,
6542,07/09/2025 09:55:00,3.39,,,,,
6543,07/09/2025 10:00:00,3.56,,,,,
6544,07/09/2025 10:05:00,4.42,,,,,
6545,07/09/2025 10:10:00,4.12,,,,,
6546,07/09/2025 10:15:00,3.34,,,,,
6547,07/09/2025 10:20:00,3.21,,,,,
6548,07/09/2025 10:25:00,3.86,,,,,
6549,07/09/2025 10:30:00,4.46,,,,,
6550,07/09/2025 10:35:00,4.89,,,,,
6551,07/09/2025 10:40:00,5.62,,,,,
6552,07/09/2025 10:45:00,7.81,,,,,
6553,07/09/2025 10:50:00,6.95,,,,,
6554,07/09/2025 10:55:00,5.70,,,,,
6555,07/09/2025 11:00:00,6.13,,,,,
6556,07/09/2025 11:05:00,5.06,,,,,
6557,07/09/2025 11:10:00,6.05,,,,,
6558,07/09/2025 11:15:00,6.22,,,,,
6559,07/09/2025 11:20:00,7.46,,,,,
6560,07/09/2025 11:25:00,9.61,,,,,
6561,07/09/2025 11:30:00,8.58,,,,,
6562,07/09/2025 11:35:00,8.15,,,,,
6563,07/09/2025 11:40:00,7.81,,,,,
6564,07/09/2025 11:45:00,7.29,,,,,
6565,07/09/2025 11:50:00,8.28,,,,,
6566,07/09/2025 11:55:00,7.85,,,,,
6567,07/09/2025 12:00:00,7.89,,,,,
6568,07/09/2025 12:05:00,8.32,,,,,
6569,07/09/2025 12:10:00,7.89,,,,,
6570,07/09/2025 12:15:00,10.51,,,,,
6571,07/09/2025 12:20:00,9.65,,,,,
6572,07/09/2025 12:25:00,8.19,,,,,
6573,07/09/2025 12:30:00,7.16,,,,,
6574,07/09/2025 12:35:00,7.42,,,,,
6575,07/09/2025 12:40:00,8.49,,,,,
6576,07/09/2025 12:45:00,8.45,,,,,
6577,07/09/2025 12:50:00,8.36,,,,,
6578,07/09/2025 12:55:00,7.33,,,,,
6579,07/09/2025 13:00:00,7.85,,,,,
6580,07/09/2025 13:05:00,8.88,,,,,
6581,07/09/2025 13:10:00,8.41,,,,,
6582,07/09/2025 13:15:00,9.74,,,,,
6583,07/09/2025 13:20:00,9.52,,,,,
6584,07/09/2025 13:25:00,7.29,,,,,
6585,07/09/2025 13:30:00,7.33,,,,,
6586,07/09/2025 13:35:00,7.46,,,,,
6587,07/09/2025 13:40:00,8.71,,,,,
6588,07/09/2025 13:45:00,7.42,,,,,
6589,07/09/2025 13:50:00,7.25,,,,,
6590,07/09/2025 13:55:00,9.74,,,,,
6591,07/09/2025 14:00:00,10.16,,,,,
6592,07/09/2025 14:05:00,9.31,,,,,
6593,07/09/2025 14:10:00,7.12,,,,,
6594,07/09/2025 14:15:00,6.26,,,,,
6595,07/09/2025 14:20:00,6.52,,,,,
6596,07/09/2025 14:25:00,6.56,,,,,
6597,07/09/2025 14:30:00,6.22,,,,,
6598,07/09/2025 14:35:00,5.92,,,,,
6599,07/09/2025 14:40:00,6.43,,,,,
6600,07/09/2025 14:45:00,6.69,,,,,
6601,07/09/2025 14:50:00,6.56,,,,,
6602,07/09/2025 14:55:00,7.46,,,,,
6603,07/09/2025 15:00:00,7.63,,,,,
6604,07/09/2025 15:05:00,8.28,,,,,
6605,07/09/2025 15:10:00,8.23,,,,,
6606,07/09/2025 15:15:00,8.02,,,,,
6607,07/09/2025 15:20:00,7.46,,,,,
6608,07/09/2025 15:25:00,6.78,,,,,
6609,07/09/2025 15:30:00,6.48,,,,,
6610,07/09/2025 15:35:00,5.87,,,,,
6611,07/09/2025 15:40:00,5.53,,,,,
6612,07/09/2025 15:45:00,5.06,,,,,
6613,07/09/2025 15:50:00,6.73,,,,,
6614,07/09/2025 15:55:00,7.55,,,,,
6615,07/09/2025 16:00:00,7.46,,,,,
6616,07/09/2025 16:05:00,8.11,,,,,
6617,07/09/2025 16:10:00,6.99,,,,,
6618,07/09/2025 16:15:00,6.13,,,,,
6619,07/09/2025 16:20:00,6.22,,,,,
6620,07/09/2025 16:25:00,6.05,,,,,
6621,07/09/2025 16:30:00,6.09,,,,,
6622,07/09/2025 16:35:00,6.35,,,,,
6623,07/09/2025 16:40:00,6.73,,,,,
6624,07/09/2025 16:45:00,5.75,,,,,
6625,07/09/2025 16:50:00,6.52,,,,,
6626,07/09/2025 16:55:00,7.59,,,,,
6627,07/09/2025 17:00:00,7.98,,,,,
6628,07/09/2025 17:05:00,6.86,,,,,
6629,07/09/2025 17:10:00,6.82,,,,,
6630,07/09/2025 17:15:00,5.92,,,,,
6631,07/09/2025 17:20:00,5.53,,,,,
6632,07/09/2025 17:25:00,5.70,,,,,
6633,07/09/2025 17:30:00,5.57,,,,,
6634,07/09/2025 17:35:00,5.57,,,,,
6635,07/09/2025 17:40:00,5.75,,,,,
6636,07/09/2025 17:45:00,5.92,,,,,
6637,07/09/2025 17:50:00,5.96,,,,,
6638,07/09/2025 17:55:00,5.49,,,,,
6639,07/09/2025 18:00:00,4.80,,,,,
6640,07/09/2025 18:05:00,4.89,,,,,
6641,07/09/2025 18:10:00,4.84,,,,,
6642,07/09/2025 18:15:00,5.19,,,,,
6643,07/09/2025 18:20:00,5.36,,,,,
6644,07/09/2025 18:25:00,6.05,,,,,
6645,07/09/2025 18:30:00,6.26,,,,,
6646,07/09/2025 18:35:00,5.70,,,,,
6647,07/09/2025 18:40:00,4.84,,,,,
6648,07/09/2025 18:45:00,4.54,,,,,
6649,07/09/2025 18:50:00,4.42,,,,,
6650,07/09/2025 18:55:00,4.80,,,,,
6651,07/09/2025 19:00:00,4.76,,,,,
6652,07/09/2025 19:05:00,4.42,,,,,
6653,07/09/2025 19:10:00,4.42,,,,,
6654,07/09/2025 19:15:00,4.24,,,,,
6655,07/09/2025 19:20:00,4.16,,,,,
6656,07/09/2025 19:25:00,4.29,,,,,
6657,07/09/2025 19:30:00,4.07,,,,,
6658,07/09/2025 19:35:00,3.69,,,,,
6659,07/09/2025 19:40:00,3.82,,,,,
6660,07/09/2025 19:45:00,3.86,,,,,
6661,07/09/2025 19:50:00,3.73,,,,,
6662,07/09/2025 19:55:00,3.86,,,,,
6663,07/09/2025 20:00:00,3.82,,,,,
6664,07/09/2025 20:05:00,3.60,,,,,
6665,07/09/2025 20:10:00,3.52,,,,,
6666,07/09/2025 20:15:00,3.47,,,,,
6667,07/09/2025 20:20:00,3.30,,,,,
6668,07/09/2025 20:25:00,3.17,,,,,
6669,07/09/2025 20:30:00,2.79,,,,,
6670,07/09/2025 20:35:00,2.79,,,,,
6671,07/09/2025 20:40:00,2.83,,,,,
6672,07/09/2025 20:45:00,2.57,,,,,
6673,07/09/2025 20:50:00,2.49,,,,,
6674,07/09/2025 20:55:00,2.44,,,,,
6675,07/09/2025 21:00:00,2.31,,,,,
6676,07/09/2025 21:05:00,2.36,,,,,
6677,07/09/2025 21:10:00,2.31,,,,,
6678,07/09/2025 21:15:00,2.27,,,,,
6679,07/09/2025 21:20:00,2.14,,,,,
6680,07/09/2025 21:25:00,2.23,,,,,
6681,07/09/2025 21:30:00,2.23,,,,,
6682,07/09/2025 21:35:00,2.27,,,,,
6683,07/09/2025 21:40:00,2.23,,,,,
6684,07/09/2025 21:45:00,2.14,,,,,
6685,07/09/2025 21:50:00,2.06,,,,,
6686,07/09/2025 21:55:00,2.14,,,,,
6687,07/09/2025 22:00:00,2.10,,,,,
6688,07/09/2025 22:05:00,1.97,,,,,
6689,07/09/2025 22:10:00,2.14,,,,,
6690,07/09/2025 22:15:00,2.19,,,,,
6691,07/09/2025 22:20:00,2.27,,,,,
6692,07/09/2025 22:25:00,2.14,,,,,
6693,07/09/2025 22:30:00,1.71,,,,,
6694,07/09/2025 22:35:00,1.33,,,,,
6695,07/09/2025 22:40:00,1.20,,,,,
6696,07/09/2025 22:45:00,1.24,,,,,
6697,07/09/2025 22:50:00,1.28,,,,,
6698,07/09/2025 22:55:00,1.11,,,,,
6699,07/09/2025 23:00:00,1.16,,,,,
6700,07/09/2025 23:05:00,1.07,,,,,
6701,07/09/2025 23:10:00,0.98,,,,,
6702,07/09/2025 23:15:00,0.98,,,,,
6703,07/09/2025 23:20:00,0.90,,,,,
6704,07/09/2025 23:25:00,0.94,,,,,
6705,07/09/2025 23:30:00,0.90,,,,,
6706,07/09/2025 23:35:00,0.86,,,,,
6707,07/09/2025 23:40:00,0.86,,,,,
6708,07/09/2025 23:45:00,0.90,,,,,
6709,07/09/2025 23:50:00,0.86,,,,,
6710,07/09/2025 23:55:00,0.90,,,,,
6711,07/10/2025 00:00:00,0.94,,,,,
6712,07/10/2025 00:05:00,0.94,,,,,
6713,07/10/2025 00:10:00,0.86,,,,,
6714,07/10/2025 00:15:00,0.81,,,,,
6715,07/10/2025 00:20:00,0.81,,,,,
6716,07/10/2025 00:25:00,0.86,,,,,
6717,07/10/2025 00:30:00,0.86,,,,,
6718,07/10/2025 00:35:00,0.81,,,,,
6719,07/10/2025 00:40:00,0.77,,,,,
6720,07/10/2025 00:45:00,0.81,,,,,
6721,07/10/2025 00:50:00,0.81,,,,,
6722,07/10/2025 00:55:00,0.86,,,,,
6723,07/10/2025 01:00:00,0.90,,,,,
6724,07/10/2025 01:05:00,0.77,,,,,
6725,07/10/2025 01:10:00,0.81,,,,,
6726,07/10/2025 01:15:00,0.86,,,,,
6727,07/10/2025 01:20:00,0.81,,,,,
6728,07/10/2025 01:25:00,0.90,,,,,
6729,07/10/2025 01:30:00,0.90,,,,,
6730,07/10/2025 01:35:00,1.03,,,,,
6731,07/10/2025 01:40:00,1.24,,,,,
6732,07/10/2025 01:45:00,1.37,,,,,
6733,07/10/2025 01:50:00,1.50,,,,,
6734,07/10/2025 01:55:00,1.80,,,,,
6735,07/10/2025 02:00:00,1.76,,,,,
6736,07/10/2025 02:05:00,1.63,,,,,
6737,07/10/2025 02:10:00,1.67,,,,,
6738,07/10/2025 02:15:00,1.80,,,,,
6739,07/10/2025 02:20:00,1.71,,,,,
6740,07/10/2025 02:25:00,1.80,,,,,
6741,07/10/2025 02:30:00,1.84,,,,,
6742,07/10/2025 02:35:00,1.93,,,,,
6743,07/10/2025 02:40:00,2.01,,,,,
6744,07/10/2025 02:45:00,1.97,,,,,
6745,07/10/2025 02:50:00,1.76,,,,,
6746,07/10/2025 02:55:00,1.54,,,,,
6747,07/10/2025 03:00:00,1.37,,,,,
6748,07/10/2025 03:05:00,1.58,,,,,
6749,07/10/2025 03:10:00,1.71,,,,,
6750,07/10/2025 03:15:00,1.88,,,,,
6751,07/10/2025 03:20:00,1.97,,,,,
6752,07/10/2025 03:25:00,2.01,,,,,
6753,07/10/2025 03:30:00,1.88,,,,,
6754,07/10/2025 03:35:00,1.93,,,,,
6755,07/10/2025 03:40:00,1.84,,,,,
6756,07/10/2025 03:45:00,1.84,,,,,
6757,07/10/2025 03:50:00,1.97,,,,,
6758,07/10/2025 03:55:00,1.88,,,,,
6759,07/10/2025 04:00:00,1.84,,,,,
6760,07/10/2025 04:05:00,1.84,,,,,
6761,07/10/2025 04:10:00,1.93,,,,,
6762,07/10/2025 04:15:00,2.06,,,,,
6763,07/10/2025 04:20:00,2.10,,,,,
6764,07/10/2025 04:25:00,2.10,,,,,
6765,07/10/2025 04:30:00,2.10,,,,,
6766,07/10/2025 04:35:00,2.06,,,,,
6767,07/10/2025 04:40:00,2.06,,,,,
6768,07/10/2025 04:45:00,2.19,,,,,
6769,07/10/2025 04:50:00,2.01,,,,,
6770,07/10/2025 04:55:00,1.41,,,,,
6771,07/10/2025 05:00:00,1.11,,,,,
6772,07/10/2025 05:05:00,0.90,,,,,
6773,07/10/2025 05:10:00,0.81,,,,,
6774,07/10/2025 05:15:00,0.90,,,,,
6775,07/10/2025 05:20:00,0.86,,,,,
6776,07/10/2025 05:25:00,0.86,,,,,
6777,07/10/2025 05:30:00,0.68,,,,,
6778,07/10/2025 05:35:00,0.73,,,,,
6779,07/10/2025 05:40:00,0.94,,,,,
6780,07/10/2025 05:45:00,1.11,,,,,
6781,07/10/2025 05:50:00,1.07,,,,,
6782,07/10/2025 05:55:00,0.98,,,,,
6783,07/10/2025 06:00:00,0.94,,,,,
6784,07/10/2025 06:05:00,0.94,,,,,
6785,07/10/2025 06:10:00,0.98,,,,,
6786,07/10/2025 06:15:00,1.07,,,,,
6787,07/10/2025 06:20:00,1.11,,,,,
6788,07/10/2025 06:25:00,1.11,,,,,
6789,07/10/2025 06:30:00,1.28,,,,,
6790,07/10/2025 06:35:00,1.41,,,,,
6791,07/10/2025 06:40:00,1.46,,,,,
6792,07/10/2025 06:45:00,1.54,,,,,
6793,07/10/2025 06:50:00,1.67,,,,,
6794,07/10/2025 06:55:00,1.80,,,,,
6795,07/10/2025 07:00:00,1.97,,,,,
6796,07/10/2025 07:05:00,2.53,,,,,
6797,07/10/2025 07:10:00,3.39,,,,,
6798,07/10/2025 07:15:00,3.52,,,,,
6799,07/10/2025 07:20:00,3.17,,,,,
6800,07/10/2025 07:25:00,3.04,,,,,
6801,07/10/2025 07:30:00,2.57,,,,,
6802,07/10/2025 07:35:00,2.57,,,,,
6803,07/10/2025 07:40:00,2.44,,,,,
6804,07/10/2025 07:45:00,2.31,,,,,
6805,07/10/2025 07:50:00,2.57,,,,,
6806,07/10/2025 07:55:00,2.96,,,,,
6807,07/10/2025 08:00:00,3.21,,,,,
6808,07/10/2025 08:05:00,3.30,,,,,
6809,07/10/2025 08:10:00,3.47,,,,,
6810,07/10/2025 08:15:00,3.60,,,,,
6811,07/10/2025 08:20:00,3.47,,,,,
6812,07/10/2025 08:25:00,3.82,,,,,
6813,07/10/2025 08:30:00,4.50,,,,,
6814,07/10/2025 08:35:00,4.89,,,,,
6815,07/10/2025 08:40:00,4.80,,,,,
6816,07/10/2025 08:45:00,4.54,,,,,
6817,07/10/2025 08:50:00,4.20,,,,,
6818,07/10/2025 08:55:00,4.12,,,,,
6819,07/10/2025 09:00:00,4.12,,,,,
6820,07/10/2025 09:05:00,4.12,,,,,
6821,07/10/2025 09:10:00,4.16,,,,,
6822,07/10/2025 09:15:00,4.42,,,,,
6823,07/10/2025 09:20:00,4.93,,,,,
6824,07/10/2025 09:25:00,4.89,,,,,
6825,07/10/2025 09:30:00,4.46,,,,,
6826,07/10/2025 09:35:00,4.24,,,,,
6827,07/10/2025 09:40:00,4.12,,,,,
6828,07/10/2025 09:45:00,3.77,,,,,
6829,07/10/2025 09:50:00,3.47,,,,,
6830,07/10/2025 09:55:00,3.43,,,,,
6831,07/10/2025 10:00:00,3.82,,,,,
6832,07/10/2025 10:05:00,3.82,,,,,
6833,07/10/2025 10:10:00,3.82,,,,,
6834,07/10/2025 10:15:00,4.24,,,,,
6835,07/10/2025 10:20:00,4.24,,,,,
6836,07/10/2025 10:25:00,4.07,,,,,
6837,07/10/2025 10:30:00,4.24,,,,,
6838,07/10/2025 10:35:00,4.07,,,,,
6839,07/10/2025 10:40:00,4.12,,,,,
6840,07/10/2025 10:45:00,4.03,,,,,
6841,07/10/2025 10:50:00,3.90,,,,,
6842,07/10/2025 10:55:00,3.86,,,,,
6843,07/10/2025 11:00:00,3.60,,,,,
6844,07/10/2025 11:05:00,3.17,,,,,
6845,07/10/2025 11:10:00,2.83,,,,,
6846,07/10/2025 11:15:00,2.57,,,,,
6847,07/10/2025 11:20:00,2.66,,,,,
6848,07/10/2025 11:25:00,2.91,,,,,
6849,07/10/2025 11:30:00,3.09,,,,,
6850,07/10/2025 11:35:00,3.34,,,,,
6851,07/10/2025 11:40:00,3.60,,,,,
6852,07/10/2025 11:45:00,4.03,,,,,
6853,07/10/2025 11:50:00,4.29,,,,,
6854,07/10/2025 11:55:00,4.12,,,,,
6855,07/10/2025 12:00:00,3.82,,,,,
6856,07/10/2025 12:05:00,3.64,,,,,
6857,07/10/2025 12:10:00,3.69,,,,,
6858,07/10/2025 12:15:00,3.56,,,,,
6859,07/10/2025 12:20:00,3.30,,,,,
6860,07/10/2025 12:25:00,3.30,,,,,
6861,07/10/2025 12:30:00,3.47,,,,,
6862,07/10/2025 12:35:00,3.60,,,,,
6863,07/10/2025 12:40:00,3.56,,,,,
6864,07/10/2025 12:45:00,3.64,,,,,
6865,07/10/2025 12:50:00,3.21,,,,,
6866,07/10/2025 12:55:00,2.91,,,,,
6867,07/10/2025 13:00:00,2.87,,,,,
6868,07/10/2025 13:05:00,3.04,,,,,
6869,07/10/2025 13:10:00,2.87,,,,,
6870,07/10/2025 13:15:00,2.83,,,,,
6871,07/10/2025 13:20:00,2.74,,,,,
6872,07/10/2025 13:25:00,2.49,,,,,
6873,07/10/2025 13:30:00,2.49,,,,,
6874,07/10/2025 13:35:00,2.23,,,,,
6875,07/10/2025 13:40:00,2.19,,,,,
6876,07/10/2025 13:45:00,2.06,,,,,
6877,07/10/2025 13:50:00,2.06,,,,,
6878,07/10/2025 13:55:00,2.10,,,,,
6879,07/10/2025 14:00:00,2.23,,,,,
6880,07/10/2025 14:05:00,2.14,,,,,
6881,07/10/2025 14:10:00,2.01,,,,,
6882,07/10/2025 14:15:00,2.01,,,,,
6883,07/10/2025 14:20:00,2.19,,,,,
6884,07/10/2025 14:25:00,2.31,,,,,
6885,07/10/2025 14:30:00,2.31,,,,,
6886,07/10/2025 14:35:00,2.27,,,,,
6887,07/10/2025 14:40:00,2.10,,,,,
6888,07/10/2025 14:45:00,2.40,,,,,
6889,07/10/2025 14:50:00,2.66,,,,,
6890,07/10/2025 14:55:00,2.57,,,,,
6891,07/10/2025 15:00:00,2.61,,,,,
6892,07/10/2025 15:05:00,2.70,,,,,
6893,07/10/2025 15:10:00,2.74,,,,,
6894,07/10/2025 15:15:00,2.49,,,,,
6895,07/10/2025 15:20:00,2.49,,,,,
6896,07/10/2025 15:25:00,2.19,,,,,
6897,07/10/2025 15:30:00,2.01,,,,,
6898,07/10/2025 15:35:00,1.58,,,,,
6899,07/10/2025 15:40:00,1.46,,,,,
6900,07/10/2025 15:45:00,1.67,,,,,
6901,07/10/2025 15:50:00,1.58,,,,,
6902,07/10/2025 15:55:00,1.37,,,,,
6903,07/10/2025 16:00:00,0.77,,,,,
6904,07/10/2025 16:05:00,0.55,,,,,
6905,07/10/2025 16:10:00,0.51,,,,,
6906,07/10/2025 16:15:00,0.60,,,,,
6907,07/10/2025 16:20:00,0.64,,,,,
6908,07/10/2025 16:25:00,0.64,,,,,
6909,07/10/2025 16:30:00,0.55,,,,,
6910,07/10/2025 16:35:00,0.55,,,,,
6911,07/10/2025 16:40:00,0.68,,,,,
6912,07/10/2025 16:45:00,0.68,,,,,
6913,07/10/2025 16:50:00,0.68,,,,,
6914,07/10/2025 16:55:00,0.68,,,,,
6915,07/10/2025 17:00:00,0.68,,,,,
6916,07/10/2025 17:05:00,0.60,,,,,
6917,07/10/2025 17:10:00,0.60,,,,,
6918,07/10/2025 17:15:00,0.68,,,,,
6919,07/10/2025 17:20:00,0.73,,,,,
6920,07/10/2025 17:25:00,0.77,,,,,
6921,07/10/2025 17:30:00,0.73,,,,,
6922,07/10/2025 17:35:00,0.68,,,,,
6923,07/10/2025 17:40:00,0.64,,,,,
6924,07/10/2025 17:45:00,0.60,,,,,
6925,07/10/2025 17:50:00,0.51,,,,,
6926,07/10/2025 17:55:00,0.47,,,,,
6927,07/10/2025 18:00:00,0.47,,,,,
6928,07/10/2025 18:05:00,0.47,,,,,
6929,07/10/2025 18:10:00,0.47,,,,,
6930,07/10/2025 18:15:00,0.38,,,,,
6931,07/10/2025 18:20:00,0.38,,,,,
6932,07/10/2025 18:25:00,0.30,,,,,
6933,07/10/2025 18:30:00,0.25,,,,,
6934,07/10/2025 18:35:00,0.25,,,,,
6935,07/10/2025 18:40:00,0.30,,,,,
6936,07/10/2025 18:45:00,0.25,,,,,
6937,07/10/2025 18:50:00,0.30,,,,,
6938,07/10/2025 18:55:00,0.25,,,,,
6939,07/10/2025 19:00:00,0.25,,,,,
6940,07/10/2025 19:05:00,0.25,,,,,
6941,07/10/2025 19:10:00,0.21,,,,,
6942,07/10/2025 19:15:00,0.25,,,,,
6943,07/10/2025 19:20:00,0.30,,,,,
6944,07/10/2025 19:25:00,0.30,,,,,
6945,07/10/2025 19:30:00,0.30,,,,,
6946,07/10/2025 19:35:00,0.30,,,,,
6947,07/10/2025 19:40:00,0.34,,,,,
6948,07/10/2025 19:45:00,0.30,,,,,
6949,07/10/2025 19:50:00,0.30,,,,,
6950,07/10/2025 19:55:00,0.21,,,,,
6951,07/10/2025 20:00:00,0.21,,,,,
6952,07/10/2025 20:05:00,0.21,,,,,
6953,07/10/2025 20:10:00,0.17,,,,,
6954,07/10/2025 20:15:00,0.21,,,,,
6955,07/10/2025 20:20:00,0.21,,,,,
6956,07/10/2025 20:25:00,0.25,,,,,
6957,07/10/2025 20:30:00,0.30,,,,,
6958,07/10/2025 20:35:00,0.34,,,,,
6959,07/10/2025 20:40:00,0.38,,,,,
6960,07/10/2025 20:45:00,0.47,,,,,
6961,07/10/2025 20:50:00,0.47,,,,,
6962,07/10/2025 20:55:00,0.64,,,,,
6963,07/10/2025 21:00:00,0.73,,,,,
6964,07/10/2025 21:05:00,0.77,,,,,
6965,07/10/2025 21:10:00,0.77,,,,,
6966,07/10/2025 21:15:00,0.86,,,,,
6967,07/10/2025 21:20:00,0.94,,,,,
6968,07/10/2025 21:25:00,1.03,,,,,
6969,07/10/2025 21:30:00,1.11,,,,,
6970,07/10/2025 21:35:00,1.24,,,,,
6971,07/10/2025 21:40:00,1.20,,,,,
6972,07/10/2025 21:45:00,1.24,,,,,
6973,07/10/2025 21:50:00,1.37,,,,,
6974,07/10/2025 21:55:00,1.41,,,,,
6975,07/10/2025 22:00:00,1.50,,,,,
6976,07/10/2025 22:05:00,1.50,,,,,
6977,07/10/2025 22:10:00,1.54,,,,,
6978,07/10/2025 22:15:00,1.58,,,,,
6979,07/10/2025 22:20:00,1.58,,,,,
6980,07/10/2025 22:25:00,1.58,,,,,
6981,07/10/2025 22:30:00,1.50,,,,,
6982,07/10/2025 22:35:00,1.54,,,,,
6983,07/10/2025 22:40:00,1.58,,,,,
6984,07/10/2025 22:45:00,1.41,,,,,
6985,07/10/2025 22:50:00,1.37,,,,,
6986,07/10/2025 22:55:00,1.41,,,,,
6987,07/10/2025 23:00:00,1.46,,,,,
6988,07/10/2025 23:05:00,1.50,,,,,
6989,07/10/2025 23:10:00,1.50,,,,,
6990,07/10/2025 23:15:00,1.50,,,,,
6991,07/10/2025 23:20:00,1.67,,,,,
6992,07/10/2025 23:25:00,1.67,,,,,
6993,07/10/2025 23:30:00,1.80,,,,,
6994,07/10/2025 23:35:00,1.84,,,,,
6995,07/10/2025 23:40:00,1.84,,,,,
6996,07/10/2025 23:45:00,1.80,,,,,
6997,07/10/2025 23:50:00,1.71,,,,,
6998,07/10/2025 23:55:00,1.76,,,,,
6999,07/11/2025 00:00:00,1.67,,,,,
7000,07/11/2025 00:05:00,1.67,,,,,
7001,07/11/2025 00:10:00,1.71,,,,,
7002,07/11/2025 00:15:00,1.67,,,,,
7003,07/11/2025 00:20:00,1.76,,,,,
7004,07/11/2025 00:25:00,1.71,,,,,
7005,07/11/2025 00:30:00,1.63,,,,,
7006,07/11/2025 00:35:00,1.58,,,,,
7007,07/11/2025 00:40:00,1.50,,,,,
7008,07/11/2025 00:45:00,1.58,,,,,
7009,07/11/2025 00:50:00,1.63,,,,,
7010,07/11/2025 00:55:00,1.67,,,,,
7011,07/11/2025 01:00:00,1.67,,,,,
7012,07/11/2025 01:05:00,1.71,,,,,
7013,07/11/2025 01:10:00,1.76,,,,,
7014,07/11/2025 01:15:00,1.88,,,,,
7015,07/11/2025 01:20:00,1.97,,,,,
7016,07/11/2025 01:25:00,1.93,,,,,
7017,07/11/2025 01:30:00,1.84,,,,,
7018,07/11/2025 01:35:00,1.76,,,,,
7019,07/11/2025 01:40:00,1.71,,,,,
7020,07/11/2025 01:45:00,1.67,,,,,
7021,07/11/2025 01:50:00,1.80,,,,,
7022,07/11/2025 01:55:00,1.54,,,,,
7023,07/11/2025 02:00:00,1.54,,,,,
7024,07/11/2025 02:05:00,1.46,,,,,
7025,07/11/2025 02:10:00,1.50,,,,,
7026,07/11/2025 02:15:00,1.46,,,,,
7027,07/11/2025 02:20:00,1.54,,,,,
7028,07/11/2025 02:25:00,1.80,,,,,
7029,07/11/2025 02:30:00,1.76,,,,,
7030,07/11/2025 02:35:00,1.76,,,,,
7031,07/11/2025 02:40:00,1.80,,,,,
7032,07/11/2025 02:45:00,1.80,,,,,
7033,07/11/2025 02:50:00,1.84,,,,,
7034,07/11/2025 02:55:00,1.80,,,,,
7035,07/11/2025 03:00:00,1.63,,,,,
7036,07/11/2025 03:05:00,1.54,,,,,
7037,07/11/2025 03:10:00,1.67,,,,,
7038,07/11/2025 03:15:00,1.63,,,,,
7039,07/11/2025 03:20:00,1.58,,,,,
7040,07/11/2025 03:25:00,1.54,,,,,
7041,07/11/2025 03:30:00,1.63,,,,,
7042,07/11/2025 03:35:00,1.63,,,,,
7043,07/11/2025 03:40:00,1.84,,,,,
7044,07/11/2025 03:45:00,1.97,,,,,
7045,07/11/2025 03:50:00,1.93,,,,,
7046,07/11/2025 03:55:00,1.93,,,,,
7047,07/11/2025 04:00:00,2.01,,,,,
7048,07/11/2025 04:05:00,2.10,,,,,
7049,07/11/2025 04:10:00,2.10,,,,,
7050,07/11/2025 04:15:00,2.10,,,,,
7051,07/11/2025 04:20:00,2.19,,,,,
7052,07/11/2025 04:25:00,2.10,,,,,
7053,07/11/2025 04:30:00,2.01,,,,,
7054,07/11/2025 04:35:00,1.97,,,,,
7055,07/11/2025 04:40:00,2.14,,,,,
7056,07/11/2025 04:45:00,2.23,,,,,
7057,07/11/2025 04:50:00,2.27,,,,,
7058,07/11/2025 04:55:00,2.36,,,,,
7059,07/11/2025 05:00:00,2.31,,,,,
7060,07/11/2025 05:05:00,2.44,,,,,
7061,07/11/2025 05:10:00,2.40,,,,,
7062,07/11/2025 05:15:00,2.57,,,,,
7063,07/11/2025 05:20:00,2.49,,,,,
7064,07/11/2025 05:25:00,2.31,,,,,
7065,07/11/2025 05:30:00,2.49,,,,,
7066,07/11/2025 05:35:00,2.61,,,,,
7067,07/11/2025 05:40:00,2.91,,,,,
7068,07/11/2025 05:45:00,2.96,,,,,
7069,07/11/2025 05:50:00,2.91,,,,,
7070,07/11/2025 05:55:00,2.96,,,,,
7071,07/11/2025 06:00:00,2.87,,,,,
7072,07/11/2025 06:05:00,3.00,,,,,
7073,07/11/2025 06:10:00,3.00,,,,,
7074,07/11/2025 06:15:00,2.91,,,,,
7075,07/11/2025 06:20:00,2.96,,,,,
7076,07/11/2025 06:25:00,2.91,,,,,
7077,07/11/2025 06:30:00,3.13,,,,,
7078,07/11/2025 06:35:00,3.17,,,,,
7079,07/11/2025 06:40:00,3.30,,,,,
7080,07/11/2025 06:45:00,3.30,,,,,
7081,07/11/2025 06:50:00,3.04,,,,,
7082,07/11/2025 06:55:00,3.04,,,,,
7083,07/11/2025 07:00:00,3.26,,,,,
7084,07/11/2025 07:05:00,3.34,,,,,
7085,07/11/2025 07:10:00,3.30,,,,,
7086,07/11/2025 07:15:00,3.47,,,,,
7087,07/11/2025 07:20:00,3.60,,,,,
7088,07/11/2025 07:25:00,3.34,,,,,
7089,07/11/2025 07:30:00,3.39,,,,,
7090,07/11/2025 07:35:00,3.56,,,,,
7091,07/11/2025 07:40:00,3.60,,,,,
7092,07/11/2025 07:45:00,3.60,,,,,
7093,07/11/2025 07:50:00,3.39,,,,,
7094,07/11/2025 07:55:00,3.39,,,,,
7095,07/11/2025 08:00:00,3.73,,,,,
7096,07/11/2025 08:05:00,3.73,,,,,
7097,07/11/2025 08:10:00,3.82,,,,,
7098,07/11/2025 08:15:00,3.82,,,,,
7099,07/11/2025 08:20:00,3.73,,,,,
7100,07/11/2025 08:25:00,3.94,,,,,
7101,07/11/2025 08:30:00,4.16,,,,,
7102,07/11/2025 08:35:00,4.29,,,,,
7103,07/11/2025 08:40:00,4.37,,,,,
7104,07/11/2025 08:45:00,4.72,,,,,
7105,07/11/2025 08:50:00,5.02,,,,,
7106,07/11/2025 08:55:00,4.84,,,,,
7107,07/11/2025 09:00:00,4.93,,,,,
7108,07/11/2025 09:05:00,5.06,,,,,
7109,07/11/2025 09:10:00,5.10,,,,,
7110,07/11/2025 09:15:00,5.02,,,,,
7111,07/11/2025 09:20:00,4.67,,,,,
7112,07/11/2025 09:25:00,4.54,,,,,
7113,07/11/2025 09:30:00,4.29,,,,,
7114,07/11/2025 09:35:00,4.29,,,,,
7115,07/11/2025 09:40:00,4.33,,,,,
7116,07/11/2025 09:45:00,4.46,,,,,
7117,07/11/2025 09:50:00,4.63,,,,,
7118,07/11/2025 09:55:00,5.02,,,,,
7119,07/11/2025 10:00:00,5.36,,,,,
7120,07/11/2025 10:05:00,5.96,,,,,
7121,07/11/2025 10:10:00,6.73,,,,,
7122,07/11/2025 10:15:00,6.30,,,,,
7123,07/11/2025 10:20:00,6.99,,,,,
7124,07/11/2025 10:25:00,7.55,,,,,
7125,07/11/2025 10:30:00,8.32,,,,,
7126,07/11/2025 10:35:00,8.83,,,,,
7127,07/11/2025 10:40:00,9.35,,,,,
7128,07/11/2025 10:45:00,7.89,,,,,
7129,07/11/2025 10:50:00,6.26,,,,,
7130,07/11/2025 10:55:00,5.96,,,,,
7131,07/11/2025 11:00:00,6.35,,,,,
7132,07/11/2025 11:05:00,6.35,,,,,
7133,07/11/2025 11:10:00,5.27,,,,,
7134,07/11/2025 11:15:00,4.97,,,,,
7135,07/11/2025 11:20:00,5.06,,,,,
7136,07/11/2025 11:25:00,4.97,,,,,
7137,07/11/2025 11:30:00,5.15,,,,,
7138,07/11/2025 11:35:00,5.23,,,,,
7139,07/11/2025 11:40:00,4.97,,,,,
7140,07/11/2025 11:45:00,4.84,,,,,
7141,07/11/2025 11:50:00,4.89,,,,,
7142,07/11/2025 11:55:00,4.63,,,,,
7143,07/11/2025 12:00:00,4.50,,,,,
7144,07/11/2025 12:05:00,4.42,,,,,
7145,07/11/2025 12:10:00,4.50,,,,,
7146,07/11/2025 12:15:00,4.63,,,,,
7147,07/11/2025 12:20:00,4.42,,,,,
7148,07/11/2025 12:25:00,4.59,,,,,
7149,07/11/2025 12:30:00,4.89,,,,,
7150,07/11/2025 12:35:00,6.05,,,,,
7151,07/11/2025 12:40:00,6.39,,,,,
7152,07/11/2025 12:45:00,7.38,,,,,
7153,07/11/2025 12:50:00,7.63,,,,,
7154,07/11/2025 12:55:00,8.28,,,,,
7155,07/11/2025 13:00:00,8.11,,,,,
7156,07/11/2025 13:05:00,6.90,,,,,
7157,07/11/2025 13:10:00,5.53,,,,,
7158,07/11/2025 13:15:00,4.76,,,,,
7159,07/11/2025 13:20:00,4.59,,,,,
7160,07/11/2025 13:25:00,4.33,,,,,
7161,07/11/2025 13:30:00,4.54,,,,,
7162,07/11/2025 13:35:00,5.15,,,,,
7163,07/11/2025 13:40:00,5.40,,,,,
7164,07/11/2025 13:45:00,5.62,,,,,
7165,07/11/2025 13:50:00,7.59,,,,,
7166,07/11/2025 13:55:00,7.93,,,,,
7167,07/11/2025 14:00:00,7.50,,,,,
7168,07/11/2025 14:05:00,7.25,,,,,
7169,07/11/2025 14:10:00,6.35,,,,,
7170,07/11/2025 14:15:00,5.45,,,,,
7171,07/11/2025 14:20:00,4.93,,,,,
7172,07/11/2025 14:25:00,4.59,,,,,
7173,07/11/2025 14:30:00,4.50,,,,,
7174,07/11/2025 14:35:00,4.50,,,,,
7175,07/11/2025 14:40:00,4.50,,,,,
7176,07/11/2025 14:45:00,4.42,,,,,
7177,07/11/2025 14:50:00,4.42,,,,,
7178,07/11/2025 14:55:00,4.84,,,,,
7179,07/11/2025 15:00:00,5.06,,,,,
7180,07/11/2025 15:05:00,5.15,,,,,
7181,07/11/2025 15:10:00,4.72,,,,,
7182,07/11/2025 15:15:00,4.72,,,,,
7183,07/11/2025 15:20:00,4.46,,,,,
7184,07/11/2025 15:25:00,4.12,,,,,
7185,07/11/2025 15:30:00,3.64,,,,,
7186,07/11/2025 15:35:00,3.56,,,,,
7187,07/11/2025 15:40:00,3.60,,,,,
7188,07/11/2025 15:45:00,3.34,,,,,
7189,07/11/2025 15:50:00,3.34,,,,,
7190,07/11/2025 15:55:00,3.43,,,,,
7191,07/11/2025 16:00:00,3.26,,,,,
7192,07/11/2025 16:05:00,3.17,,,,,
7193,07/11/2025 16:10:00,3.26,,,,,
7194,07/11/2025 16:15:00,3.13,,,,,
7195,07/11/2025 16:20:00,2.96,,,,,
7196,07/11/2025 16:25:00,2.96,,,,,
7197,07/11/2025 16:30:00,3.17,,,,,
7198,07/11/2025 16:35:00,3.30,,,,,
7199,07/11/2025 16:40:00,3.09,,,,,
7200,07/11/2025 16:45:00,2.96,,,,,
7201,07/11/2025 16:50:00,2.83,,,,,
7202,07/11/2025 16:55:00,2.83,,,,,
7203,07/11/2025 17:00:00,2.79,,,,,
7204,07/11/2025 17:05:00,2.79,,,,,
7205,07/11/2025 17:10:00,2.74,,,,,
7206,07/11/2025 17:15:00,2.61,,,,,
7207,07/11/2025 17:20:00,2.44,,,,,
7208,07/11/2025 17:25:00,2.40,,,,,
7209,07/11/2025 17:30:00,2.31,,,,,
7210,07/11/2025 17:35:00,2.31,,,,,
7211,07/11/2025 17:40:00,2.40,,,,,
7212,07/11/2025 17:45:00,2.31,,,,,
7213,07/11/2025 17:50:00,2.40,,,,,
7214,07/11/2025 17:55:00,2.53,,,,,
7215,07/11/2025 18:00:00,2.44,,,,,
7216,07/11/2025 18:05:00,2.40,,,,,
7217,07/11/2025 18:10:00,2.31,,,,,
7218,07/11/2025 18:15:00,2.40,,,,,
7219,07/11/2025 18:20:00,2.44,,,,,
7220,07/11/2025 18:25:00,2.44,,,,,
7221,07/11/2025 18:30:00,2.36,,,,,
7222,07/11/2025 18:35:00,2.23,,,,,
7223,07/11/2025 18:40:00,2.14,,,,,
7224,07/11/2025 18:45:00,2.06,,,,,
7225,07/11/2025 18:50:00,2.14,,,,,
7226,07/11/2025 18:55:00,2.14,,,,,
7227,07/11/2025 19:00:00,2.10,,,,,
7228,07/11/2025 19:05:00,2.14,,,,,
7229,07/11/2025 19:10:00,2.40,,,,,
7230,07/11/2025 19:15:00,2.27,,,,,
7231,07/11/2025 19:20:00,2.27,,,,,
7232,07/11/2025 19:25:00,2.19,,,,,
7233,07/11/2025 19:30:00,2.06,,,,,
7234,07/11/2025 19:35:00,2.01,,,,,
7235,07/11/2025 19:40:00,1.93,,,,,
7236,07/11/2025 19:45:00,1.97,,,,,
7237,07/11/2025 19:50:00,1.88,,,,,
7238,07/11/2025 19:55:00,1.80,,,,,
7239,07/11/2025 20:00:00,1.84,,,,,
7240,07/11/2025 20:05:00,1.76,,,,,
7241,07/11/2025 20:10:00,1.93,,,,,
7242,07/11/2025 20:15:00,2.14,,,,,
7243,07/11/2025 20:20:00,2.23,,,,,
7244,07/11/2025 20:25:00,2.10,,,,,
7245,07/11/2025 20:30:00,1.80,,,,,
7246,07/11/2025 20:35:00,1.84,,,,,
7247,07/11/2025 20:40:00,1.93,,,,,
7248,07/11/2025 20:45:00,2.01,,,,,
7249,07/11/2025 20:50:00,2.01,,,,,
7250,07/11/2025 20:55:00,1.88,,,,,
7251,07/11/2025 21:00:00,1.76,,,,,
7252,07/11/2025 21:05:00,1.63,,,,,
7253,07/11/2025 21:10:00,1.71,,,,,
7254,07/11/2025 21:15:00,1.46,,,,,
7255,07/11/2025 21:20:00,1.37,,,,,
7256,07/11/2025 21:25:00,1.20,,,,,
7257,07/11/2025 21:30:00,1.37,,,,,
7258,07/11/2025 21:35:00,1.37,,,,,
7259,07/11/2025 21:40:00,1.46,,,,,
7260,07/11/2025 21:45:00,1.58,,,,,
7261,07/11/2025 21:50:00,1.80,,,,,
7262,07/11/2025 21:55:00,1.84,,,,,
7263,07/11/2025 22:00:00,2.06,,,,,
7264,07/11/2025 22:05:00,2.06,,,,,
7265,07/11/2025 22:10:00,1.93,,,,,
7266,07/11/2025 22:15:00,1.63,,,,,
7267,07/11/2025 22:20:00,1.58,,,,,
7268,07/11/2025 22:25:00,1.54,,,,,
7269,07/11/2025 22:30:00,1.54,,,,,
7270,07/11/2025 22:35:00,1.54,,,,,
7271,07/11/2025 22:40:00,1.50,,,,,
7272,07/11/2025 22:45:00,1.46,,,,,
7273,07/11/2025 22:50:00,1.37,,,,,
7274,07/11/2025 22:55:00,1.41,,,,,
7275,07/11/2025 23:00:00,1.33,,,,,
7276,07/11/2025 23:05:00,1.28,,,,,
7277,07/11/2025 23:10:00,1.20,,,,,
7278,07/11/2025 23:15:00,0.94,,,,,
7279,07/11/2025 23:20:00,0.64,,,,,
7280,07/11/2025 23:25:00,0.55,,,,,
7281,07/11/2025 23:30:00,0.51,,,,,
7282,07/11/2025 23:35:00,0.60,,,,,
7283,07/11/2025 23:40:00,0.60,,,,,
7284,07/11/2025 23:45:00,0.64,,,,,
7285,07/11/2025 23:50:00,0.64,,,,,
7286,07/11/2025 23:55:00,0.60,,,,,
7287,07/12/2025 00:00:00,0.51,,,,,
7288,07/12/2025 00:05:00,0.47,,,,,
7289,07/12/2025 00:10:00,0.43,,,,,
7290,07/12/2025 00:15:00,0.25,,,,,
7291,07/12/2025 00:20:00,0.21,,,,,
7292,07/12/2025 00:25:00,0.17,,,,,
7293,07/12/2025 00:30:00,0.17,,,,,
7294,07/12/2025 00:35:00,0.13,,,,,
7295,07/12/2025 00:40:00,0.08,,,,,
7296,07/12/2025 00:45:00,0.13,,,,,
7297,07/12/2025 00:50:00,0.13,,,,,
7298,07/12/2025 00:55:00,0.08,,,,,
7299,07/12/2025 01:00:00,0.08,,,,,
7300,07/12/2025 01:05:00,0.13,,,,,
7301,07/12/2025 01:10:00,0.08,,,,,
7302,07/12/2025 01:15:00,0.08,,,,,
7303,07/12/2025 01:20:00,0.08,,,,,
7304,07/12/2025 01:25:00,0.13,,,,,
7305,07/12/2025 01:30:00,0.08,,,,,
7306,07/12/2025 01:35:00,0.08,,,,,
7307,07/12/2025 01:40:00,0.08,,,,,
7308,07/12/2025 01:45:00,0.08,,,,,
7309,07/12/2025 01:50:00,0.04,,,,,
7310,07/12/2025 01:55:00,0.04,,,,,
7311,07/12/2025 02:00:00,0.08,,,,,
7312,07/12/2025 02:05:00,0.08,,,,,
7313,07/12/2025 02:10:00,0.08,,,,,
7314,07/12/2025 02:15:00,0.08,,,,,
7315,07/12/2025 02:20:00,0.04,,,,,
7316,07/12/2025 02:25:00,0.08,,,,,
7317,07/12/2025 02:30:00,0.13,,,,,
7318,07/12/2025 02:35:00,0.08,,,,,
7319,07/12/2025 02:40:00,0.13,,,,,
7320,07/12/2025 02:45:00,0.13,,,,,
7321,07/12/2025 02:50:00,0.04,,,,,
7322,07/12/2025 02:55:00,0.08,,,,,
7323,07/12/2025 03:00:00,0.04,,,,,
7324,07/12/2025 03:05:00,0.08,,,,,
7325,07/12/2025 03:10:00,0.08,,,,,
7326,07/12/2025 03:15:00,0.08,,,,,
7327,07/12/2025 03:20:00,0.08,,,,,
7328,07/12/2025 03:25:00,0.04,,,,,
7329,07/12/2025 03:30:00,0.04,,,,,
7330,07/12/2025 03:35:00,-0.00,,,,,
7331,07/12/2025 03:40:00,-0.00,,,,,
7332,07/12/2025 03:45:00,-0.00,,,,,
7333,07/12/2025 03:50:00,0.04,,,,,
7334,07/12/2025 03:55:00,0.04,,,,,
7335,07/12/2025 04:00:00,0.04,,,,,
7336,07/12/2025 04:05:00,0.04,,,,,
7337,07/12/2025 04:10:00,-0.00,,,,,
7338,07/12/2025 04:15:00,-0.05,,,,,
7339,07/12/2025 04:20:00,-0.00,,,,,
7340,07/12/2025 04:25:00,-0.00,,,,,
7341,07/12/2025 04:30:00,0.04,,,,,
7342,07/12/2025 04:35:00,-0.00,,,,,
7343,07/12/2025 04:40:00,0.04,,,,,
7344,07/12/2025 04:45:00,-0.05,,,,,
7345,07/12/2025 04:50:00,0.04,,,,,
7346,07/12/2025 04:55:00,0.04,,,,,
7347,07/12/2025 05:00:00,0.04,,,,,
7348,07/12/2025 05:05:00,0.04,,,,,
7349,07/12/2025 05:10:00,0.04,,,,,
7350,07/12/2025 05:15:00,0.04,,,,,
7351,07/12/2025 05:20:00,0.04,,,,,
7352,07/12/2025 05:25:00,0.08,,,,,
7353,07/12/2025 05:30:00,0.08,,,,,
7354,07/12/2025 05:35:00,0.04,,,,,
7355,07/12/2025 05:40:00,0.04,,,,,
7356,07/12/2025 05:45:00,0.08,,,,,
7357,07/12/2025 05:50:00,0.13,,,,,
7358,07/12/2025 05:55:00,0.08,,,,,
7359,07/12/2025 06:00:00,0.13,,,,,
7360,07/12/2025 06:05:00,0.08,,,,,
7361,07/12/2025 06:10:00,0.13,,,,,
7362,07/12/2025 06:15:00,0.13,,,,,
7363,07/12/2025 06:20:00,0.17,,,,,
7364,07/12/2025 06:25:00,0.17,,,,,
7365,07/12/2025 06:30:00,0.17,,,,,
7366,07/12/2025 06:35:00,0.17,,,,,
7367,07/12/2025 06:40:00,0.17,,,,,
7368,07/12/2025 06:45:00,0.13,,,,,
7369,07/12/2025 06:50:00,0.21,,,,,
7370,07/12/2025 06:55:00,0.21,,,,,
7371,07/12/2025 07:00:00,0.25,,,,,
7372,07/12/2025 07:05:00,0.25,,,,,
7373,07/12/2025 07:10:00,0.30,,,,,
7374,07/12/2025 07:15:00,0.34,,,,,
7375,07/12/2025 07:20:00,0.34,,,,,
7376,07/12/2025 07:25:00,0.38,,,,,
7377,07/12/2025 07:30:00,0.43,,,,,
7378,07/12/2025 07:35:00,0.55,,,,,
7379,07/12/2025 07:40:00,0.68,,,,,
7380,07/12/2025 07:45:00,0.86,,,,,
7381,07/12/2025 07:50:00,1.03,,,,,
7382,07/12/2025 07:55:00,1.07,,,,,
7383,07/12/2025 08:00:00,0.98,,,,,
7384,07/12/2025 08:05:00,1.07,,,,,
7385,07/12/2025 08:10:00,1.11,,,,,
7386,07/12/2025 08:15:00,1.16,,,,,
7387,07/12/2025 08:20:00,1.24,,,,,
7388,07/12/2025 08:25:00,1.33,,,,,
7389,07/12/2025 08:30:00,1.28,,,,,
7390,07/12/2025 08:35:00,1.41,,,,,
7391,07/12/2025 08:40:00,1.41,,,,,
7392,07/12/2025 08:45:00,1.28,,,,,
7393,07/12/2025 08:50:00,1.24,,,,,
7394,07/12/2025 08:55:00,1.20,,,,,
7395,07/12/2025 09:00:00,1.16,,,,,
7396,07/12/2025 09:05:00,1.11,,,,,
7397,07/12/2025 09:10:00,1.16,,,,,
7398,07/12/2025 09:15:00,1.16,,,,,
7399,07/12/2025 09:20:00,1.16,,,,,
7400,07/12/2025 09:25:00,1.28,,,,,
7401,07/12/2025 09:30:00,1.76,,,,,
7402,07/12/2025 09:35:00,1.97,,,,,
7403,07/12/2025 09:40:00,2.27,,,,,
7404,07/12/2025 09:45:00,2.91,,,,,
7405,07/12/2025 09:50:00,3.60,,,,,
7406,07/12/2025 09:55:00,4.16,,,,,
7407,07/12/2025 10:00:00,6.86,,,,,
7408,07/12/2025 10:05:00,7.29,,,,,
7409,07/12/2025 10:10:00,6.78,,,,,
7410,07/12/2025 10:15:00,6.52,,,,,
7411,07/12/2025 10:20:00,6.90,,,,,
7412,07/12/2025 10:25:00,7.63,,,,,
7413,07/12/2025 10:30:00,9.39,,,,,
7414,07/12/2025 10:35:00,9.52,,,,,
7415,07/12/2025 10:40:00,10.29,,,,,
7416,07/12/2025 10:45:00,12.48,,,,,
7417,07/12/2025 10:50:00,12.57,,,,,
7418,07/12/2025 10:55:00,13.43,,,,,
7419,07/12/2025 11:00:00,12.74,,,,,
7420,07/12/2025 11:05:00,13.21,,,,,
7421,07/12/2025 11:10:00,13.12,,,,,
7422,07/12/2025 11:15:00,12.44,,,,,
7423,07/12/2025 11:20:00,13.43,,,,,
7424,07/12/2025 11:25:00,14.63,,,,,
7425,07/12/2025 11:30:00,13.38,,,,,
7426,07/12/2025 11:35:00,13.38,,,,,
7427,07/12/2025 11:40:00,12.95,,,,,
7428,07/12/2025 11:45:00,11.41,,,,,
7429,07/12/2025 11:50:00,10.55,,,,,
7430,07/12/2025 11:55:00,11.37,,,,,
7431,07/12/2025 12:00:00,13.25,,,,,
7432,07/12/2025 12:05:00,12.05,,,,,
7433,07/12/2025 12:10:00,10.55,,,,,
7434,07/12/2025 12:15:00,10.94,,,,,
7435,07/12/2025 12:20:00,12.40,,,,,
7436,07/12/2025 12:25:00,12.31,,,,,
7437,07/12/2025 12:30:00,13.81,,,,,
7438,07/12/2025 12:35:00,14.93,,,,,
7439,07/12/2025 12:40:00,14.41,,,,,
7440,07/12/2025 12:45:00,14.33,,,,,
7441,07/12/2025 12:50:00,14.88,,,,,
7442,07/12/2025 12:55:00,13.98,,,,,
7443,07/12/2025 13:00:00,13.25,,,,,
7444,07/12/2025 13:05:00,12.05,,,,,
7445,07/12/2025 13:10:00,13.68,,,,,
7446,07/12/2025 13:15:00,13.90,,,,,
7447,07/12/2025 13:20:00,15.14,,,,,
7448,07/12/2025 13:25:00,18.49,,,,,
7449,07/12/2025 13:30:00,18.40,,,,,
7450,07/12/2025 13:35:00,16.56,,,,,
7451,07/12/2025 13:40:00,15.40,,,,,
7452,07/12/2025 13:45:00,16.77,,,,,
7453,07/12/2025 13:50:00,16.43,,,,,
7454,07/12/2025 13:55:00,16.00,,,,,
7455,07/12/2025 14:00:00,15.40,,,,,
7456,07/12/2025 14:05:00,17.97,,,,,
7457,07/12/2025 14:10:00,17.03,,,,,
7458,07/12/2025 14:15:00,15.83,,,,,
7459,07/12/2025 14:20:00,14.80,,,,,
7460,07/12/2025 14:25:00,13.21,,,,,
7461,07/12/2025 14:30:00,11.71,,,,,
7462,07/12/2025 14:35:00,12.57,,,,,
7463,07/12/2025 14:40:00,12.82,,,,,
7464,07/12/2025 14:45:00,14.37,,,,,
7465,07/12/2025 14:50:00,15.83,,,,,
7466,07/12/2025 14:55:00,14.37,,,,,
7467,07/12/2025 15:00:00,15.06,,,,,
7468,07/12/2025 15:05:00,15.18,,,,,
7469,07/12/2025 15:10:00,13.81,,,,,
7470,07/12/2025 15:15:00,10.29,,,,,
7471,07/12/2025 15:20:00,8.45,,,,,
7472,07/12/2025 15:25:00,8.45,,,,,
7473,07/12/2025 15:30:00,8.71,,,,,
7474,07/12/2025 15:35:00,9.82,,,,,
7475,07/12/2025 15:40:00,11.37,,,,,
7476,07/12/2025 15:45:00,11.28,,,,,
7477,07/12/2025 15:50:00,10.64,,,,,
7478,07/12/2025 15:55:00,9.22,,,,,
7479,07/12/2025 16:00:00,9.01,,,,,
7480,07/12/2025 16:05:00,9.09,,,,,
7481,07/12/2025 16:10:00,8.41,,,,,
7482,07/12/2025 16:15:00,7.93,,,,,
7483,07/12/2025 16:20:00,8.45,,,,,
7484,07/12/2025 16:25:00,8.11,,,,,
7485,07/12/2025 16:30:00,7.38,,,,,
7486,07/12/2025 16:35:00,7.59,,,,,
7487,07/12/2025 16:40:00,7.50,,,,,
7488,07/12/2025 16:45:00,7.63,,,,,
7489,07/12/2025 16:50:00,6.73,,,,,
7490,07/12/2025 16:55:00,5.70,,,,,
7491,07/12/2025 17:00:00,4.97,,,,,
7492,07/12/2025 17:05:00,4.50,,,,,
7493,07/12/2025 17:10:00,3.99,,,,,
7494,07/12/2025 17:15:00,3.86,,,,,
7495,07/12/2025 17:20:00,3.77,,,,,
7496,07/12/2025 17:25:00,3.94,,,,,
7497,07/12/2025 17:30:00,4.29,,,,,
7498,07/12/2025 17:35:00,4.33,,,,,
7499,07/12/2025 17:40:00,3.82,,,,,
7500,07/12/2025 17:45:00,3.47,,,,,
7501,07/12/2025 17:50:00,3.82,,,,,
7502,07/12/2025 17:55:00,4.07,,,,,
7503,07/12/2025 18:00:00,3.99,,,,,
7504,07/12/2025 18:05:00,3.99,,,,,
7505,07/12/2025 18:10:00,3.90,,,,,
7506,07/12/2025 18:15:00,3.90,,,,,
7507,07/12/2025 18:20:00,3.99,,,,,
7508,07/12/2025 18:25:00,3.94,,,,,
7509,07/12/2025 18:30:00,3.86,,,,,
7510,07/12/2025 18:35:00,3.30,,,,,
7511,07/12/2025 18:40:00,3.47,,,,,
7512,07/12/2025 18:45:00,3.69,,,,,
7513,07/12/2025 18:50:00,3.86,,,,,
7514,07/12/2025 18:55:00,3.82,,,,,
7515,07/12/2025 19:00:00,3.73,,,,,
7516,07/12/2025 19:05:00,3.73,,,,,
7517,07/12/2025 19:10:00,3.73,,,,,
7518,07/12/2025 19:15:00,3.86,,,,,
7519,07/12/2025 19:20:00,3.52,,,,,
7520,07/12/2025 19:25:00,3.30,,,,,
7521,07/12/2025 19:30:00,3.04,,,,,
7522,07/12/2025 19:35:00,2.57,,,,,
7523,07/12/2025 19:40:00,2.87,,,,,
7524,07/12/2025 19:45:00,2.96,,,,,
7525,07/12/2025 19:50:00,2.96,,,,,
7526,07/12/2025 19:55:00,2.74,,,,,
7527,07/12/2025 20:00:00,2.70,,,,,
7528,07/12/2025 20:05:00,2.66,,,,,
7529,07/12/2025 20:10:00,2.96,,,,,
7530,07/12/2025 20:15:00,3.04,,,,,
7531,07/12/2025 20:20:00,2.53,,,,,
7532,07/12/2025 20:25:00,2.44,,,,,
7533,07/12/2025 20:30:00,2.23,,,,,
7534,07/12/2025 20:35:00,2.06,,,,,
7535,07/12/2025 20:40:00,1.84,,,,,
7536,07/12/2025 20:45:00,1.67,,,,,
7537,07/12/2025 20:50:00,1.54,,,,,
7538,07/12/2025 20:55:00,1.54,,,,,
7539,07/12/2025 21:00:00,1.58,,,,,
7540,07/12/2025 21:05:00,1.46,,,,,
7541,07/12/2025 21:10:00,1.41,,,,,
7542,07/12/2025 21:15:00,1.41,,,,,
7543,07/12/2025 21:20:00,1.58,,,,,
7544,07/12/2025 21:25:00,1.67,,,,,
7545,07/12/2025 21:30:00,1.58,,,,,
7546,07/12/2025 21:35:00,1.50,,,,,
7547,07/12/2025 21:40:00,1.50,,,,,
7548,07/12/2025 21:45:00,1.46,,,,,
7549,07/12/2025 21:50:00,1.46,,,,,
7550,07/12/2025 21:55:00,1.58,,,,,
7551,07/12/2025 22:00:00,1.76,,,,,
7552,07/12/2025 22:05:00,1.80,,,,,
7553,07/12/2025 22:10:00,2.01,,,,,
7554,07/12/2025 22:15:00,1.97,,,,,
7555,07/12/2025 22:20:00,2.14,,,,,
7556,07/12/2025 22:25:00,2.19,,,,,
7557,07/12/2025 22:30:00,2.23,,,,,
7558,07/12/2025 22:35:00,2.40,,,,,
7559,07/12/2025 22:40:00,2.31,,,,,
7560,07/12/2025 22:45:00,2.14,,,,,
7561,07/12/2025 22:50:00,2.10,,,,,
7562,07/12/2025 22:55:00,2.14,,,,,
7563,07/12/2025 23:00:00,2.31,,,,,
7564,07/12/2025 23:05:00,2.31,,,,,
7565,07/12/2025 23:10:00,2.49,,,,,
7566,07/12/2025 23:15:00,2.31,,,,,
7567,07/12/2025 23:20:00,2.01,,,,,
7568,07/12/2025 23:25:00,1.93,,,,,
7569,07/12/2025 23:30:00,1.84,,,,,
7570,07/12/2025 23:35:00,1.88,,,,,
7571,07/12/2025 23:40:00,1.80,,,,,
7572,07/12/2025 23:45:00,1.84,,,,,
7573,07/12/2025 23:50:00,1.76,,,,,
7574,07/12/2025 23:55:00,1.84,,,,,
7575,07/13/2025 00:00:00,1.93,,,,,
7576,07/13/2025 00:05:00,1.97,,,,,
7577,07/13/2025 00:10:00,2.14,,,,,
7578,07/13/2025 00:15:00,2.27,,,,,
7579,07/13/2025 00:20:00,2.10,,,,,
7580,07/13/2025 00:25:00,2.14,,,,,
7581,07/13/2025 00:30:00,2.06,,,,,
7582,07/13/2025 00:35:00,1.93,,,,,
7583,07/13/2025 00:40:00,1.84,,,,,
7584,07/13/2025 00:45:00,1.88,,,,,
7585,07/13/2025 00:50:00,1.84,,,,,
7586,07/13/2025 00:55:00,1.93,,,,,
7587,07/13/2025 01:00:00,2.23,,,,,
7588,07/13/2025 01:05:00,2.23,,,,,
7589,07/13/2025 01:10:00,2.23,,,,,
7590,07/13/2025 01:15:00,2.19,,,,,
7591,07/13/2025 01:20:00,2.23,,,,,
7592,07/13/2025 01:25:00,2.36,,,,,
7593,07/13/2025 01:30:00,2.23,,,,,
7594,07/13/2025 01:35:00,2.27,,,,,
7595,07/13/2025 01:40:00,2.27,,,,,
7596,07/13/2025 01:45:00,2.36,,,,,
7597,07/13/2025 01:50:00,2.57,,,,,
7598,07/13/2025 01:55:00,2.74,,,,,
7599,07/13/2025 02:00:00,2.70,,,,,
7600,07/13/2025 02:05:00,2.83,,,,,
7601,07/13/2025 02:10:00,2.57,,,,,
7602,07/13/2025 02:15:00,2.87,,,,,
7603,07/13/2025 02:20:00,2.87,,,,,
7604,07/13/2025 02:25:00,3.09,,,,,
7605,07/13/2025 02:30:00,2.87,,,,,
7606,07/13/2025 02:35:00,2.57,,,,,
7607,07/13/2025 02:40:00,2.57,,,,,
7608,07/13/2025 02:45:00,2.44,,,,,
7609,07/13/2025 02:50:00,2.31,,,,,
7610,07/13/2025 02:55:00,2.36,,,,,
7611,07/13/2025 03:00:00,2.23,,,,,
7612,07/13/2025 03:05:00,2.36,,,,,
7613,07/13/2025 03:10:00,2.40,,,,,
7614,07/13/2025 03:15:00,2.31,,,,,
7615,07/13/2025 03:20:00,2.27,,,,,
7616,07/13/2025 03:25:00,2.44,,,,,
7617,07/13/2025 03:30:00,2.53,,,,,
7618,07/13/2025 03:35:00,2.61,,,,,
7619,07/13/2025 03:40:00,2.91,,,,,
7620,07/13/2025 03:45:00,2.79,,,,,
7621,07/13/2025 03:50:00,2.57,,,,,
7622,07/13/2025 03:55:00,2.36,,,,,
7623,07/13/2025 04:00:00,2.49,,,,,
7624,07/13/2025 04:05:00,2.44,,,,,
7625,07/13/2025 04:10:00,2.31,,,,,
7626,07/13/2025 04:15:00,2.53,,,,,
7627,07/13/2025 04:20:00,2.83,,,,,
7628,07/13/2025 04:25:00,2.74,,,,,
7629,07/13/2025 04:30:00,2.44,,,,,
7630,07/13/2025 04:35:00,2.53,,,,,
7631,07/13/2025 04:40:00,2.49,,,,,
7632,07/13/2025 04:45:00,2.66,,,,,
7633,07/13/2025 04:50:00,2.87,,,,,
7634,07/13/2025 04:55:00,2.91,,,,,
7635,07/13/2025 05:00:00,2.83,,,,,
7636,07/13/2025 05:05:00,2.74,,,,,
7637,07/13/2025 05:10:00,2.61,,,,,
7638,07/13/2025 05:15:00,2.66,,,,,
7639,07/13/2025 05:20:00,2.70,,,,,
7640,07/13/2025 05:25:00,2.61,,,,,
7641,07/13/2025 05:30:00,2.74,,,,,
7642,07/13/2025 05:35:00,2.79,,,,,
7643,07/13/2025 05:40:00,2.66,,,,,
7644,07/13/2025 05:45:00,2.57,,,,,
7645,07/13/2025 05:50:00,2.57,,,,,
7646,07/13/2025 05:55:00,2.57,,,,,
7647,07/13/2025 06:00:00,2.83,,,,,
7648,07/13/2025 06:05:00,2.74,,,,,
7649,07/13/2025 06:10:00,2.83,,,,,
7650,07/13/2025 06:15:00,3.17,,,,,
7651,07/13/2025 06:20:00,3.30,,,,,
7652,07/13/2025 06:25:00,3.34,,,,,
7653,07/13/2025 06:30:00,3.52,,,,,
7654,07/13/2025 06:35:00,4.07,,,,,
7655,07/13/2025 06:40:00,4.46,,,,,
7656,07/13/2025 06:45:00,4.50,,,,,
7657,07/13/2025 06:50:00,4.59,,,,,
7658,07/13/2025 06:55:00,4.84,,,,,
7659,07/13/2025 07:00:00,4.84,,,,,
7660,07/13/2025 07:05:00,4.89,,,,,
7661,07/13/2025 07:10:00,5.06,,,,,
7662,07/13/2025 07:15:00,5.45,,,,,
7663,07/13/2025 07:20:00,5.23,,,,,
7664,07/13/2025 07:25:00,5.23,,,,,
7665,07/13/2025 07:30:00,4.97,,,,,
7666,07/13/2025 07:35:00,4.76,,,,,
7667,07/13/2025 07:40:00,4.76,,,,,
7668,07/13/2025 07:45:00,4.89,,,,,
7669,07/13/2025 07:50:00,4.76,,,,,
7670,07/13/2025 07:55:00,4.72,,,,,
7671,07/13/2025 08:00:00,4.63,,,,,
7672,07/13/2025 08:05:00,4.72,,,,,
7673,07/13/2025 08:10:00,4.59,,,,,
7674,07/13/2025 08:15:00,4.54,,,,,
7675,07/13/2025 08:20:00,4.84,,,,,
7676,07/13/2025 08:25:00,4.97,,,,,
7677,07/13/2025 08:30:00,4.93,,,,,
7678,07/13/2025 08:35:00,5.06,,,,,
7679,07/13/2025 08:40:00,4.93,,,,,
7680,07/13/2025 08:45:00,4.97,,,,,
7681,07/13/2025 08:50:00,4.84,,,,,
7682,07/13/2025 08:55:00,4.84,,,,,
7683,07/13/2025 09:00:00,4.93,,,,,
7684,07/13/2025 09:05:00,5.06,,,,,
7685,07/13/2025 09:10:00,5.36,,,,,
7686,07/13/2025 09:15:00,5.62,,,,,
7687,07/13/2025 09:20:00,5.87,,,,,
7688,07/13/2025 09:25:00,6.26,,,,,
7689,07/13/2025 09:30:00,6.95,,,,,
7690,07/13/2025 09:35:00,7.20,,,,,
7691,07/13/2025 09:40:00,6.73,,,,,
7692,07/13/2025 09:45:00,6.35,,,,,
7693,07/13/2025 09:50:00,6.56,,,,,
7694,07/13/2025 09:55:00,6.13,,,,,
7695,07/13/2025 10:00:00,6.48,,,,,
7696,07/13/2025 10:05:00,6.78,,,,,
7697,07/13/2025 10:10:00,6.48,,,,,
7698,07/13/2025 10:15:00,6.30,,,,,
7699,07/13/2025 10:20:00,6.26,,,,,
7700,07/13/2025 10:25:00,6.26,,,,,
7701,07/13/2025 10:30:00,6.60,,,,,
7702,07/13/2025 10:35:00,6.69,,,,,
7703,07/13/2025 10:40:00,6.65,,,,,
7704,07/13/2025 10:45:00,6.69,,,,,
7705,07/13/2025 10:50:00,7.16,,,,,
7706,07/13/2025 10:55:00,7.08,,,,,
7707,07/13/2025 11:00:00,7.08,,,,,
7708,07/13/2025 11:05:00,7.12,,,,,
7709,07/13/2025 11:10:00,7.33,,,,,
7710,07/13/2025 11:15:00,7.63,,,,,
7711,07/13/2025 11:20:00,7.81,,,,,
7712,07/13/2025 11:25:00,7.59,,,,,
7713,07/13/2025 11:30:00,7.46,,,,,
7714,07/13/2025 11:35:00,7.16,,,,,
7715,07/13/2025 11:40:00,6.65,,,,,
7716,07/13/2025 11:45:00,6.86,,,,,
7717,07/13/2025 11:50:00,6.48,,,,,
7718,07/13/2025 11:55:00,6.35,,,,,
7719,07/13/2025 12:00:00,6.30,,,,,
7720,07/13/2025 12:05:00,6.35,,,,,
7721,07/13/2025 12:10:00,6.60,,,,,
7722,07/13/2025 12:15:00,6.95,,,,,
7723,07/13/2025 12:20:00,6.90,,,,,
7724,07/13/2025 12:25:00,6.65,,,,,
7725,07/13/2025 12:30:00,6.78,,,,,
7726,07/13/2025 12:35:00,7.25,,,,,
7727,07/13/2025 12:40:00,7.68,,,,,
7728,07/13/2025 12:45:00,7.50,,,,,
7729,07/13/2025 12:50:00,7.08,,,,,
7730,07/13/2025 12:55:00,6.99,,,,,
7731,07/13/2025 13:00:00,6.82,,,,,
7732,07/13/2025 13:05:00,6.82,,,,,
7733,07/13/2025 13:10:00,6.48,,,,,
7734,07/13/2025 13:15:00,6.09,,,,,
7735,07/13/2025 13:20:00,6.05,,,,,
7736,07/13/2025 13:25:00,6.43,,,,,
7737,07/13/2025 13:30:00,7.63,,,,,
7738,07/13/2025 13:35:00,9.44,,,,,
7739,07/13/2025 13:40:00,9.69,,,,,
7740,07/13/2025 13:45:00,10.81,,,,,
7741,07/13/2025 13:50:00,11.28,,,,,
7742,07/13/2025 13:55:00,12.65,,,,,
7743,07/13/2025 14:00:00,13.98,,,,,
7744,07/13/2025 14:05:00,13.12,,,,,
7745,07/13/2025 14:10:00,12.10,,,,,
7746,07/13/2025 14:15:00,10.98,,,,,
7747,07/13/2025 14:20:00,10.08,,,,,
7748,07/13/2025 14:25:00,10.21,,,,,
7749,07/13/2025 14:30:00,11.54,,,,,
7750,07/13/2025 14:35:00,14.03,,,,,
7751,07/13/2025 14:40:00,11.54,,,,,
7752,07/13/2025 14:45:00,8.45,,,,,
7753,07/13/2025 14:50:00,7.42,,,,,
7754,07/13/2025 14:55:00,7.16,,,,,
7755,07/13/2025 15:00:00,7.29,,,,,
7756,07/13/2025 15:05:00,7.29,,,,,
7757,07/13/2025 15:10:00,7.08,,,,,
7758,07/13/2025 15:15:00,6.82,,,,,
7759,07/13/2025 15:20:00,6.99,,,,,
7760,07/13/2025 15:25:00,6.90,,,,,
7761,07/13/2025 15:30:00,6.86,,,,,
7762,07/13/2025 15:35:00,7.25,,,,,
7763,07/13/2025 15:40:00,7.16,,,,,
7764,07/13/2025 15:45:00,6.86,,,,,
7765,07/13/2025 15:50:00,6.69,,,,,
7766,07/13/2025 15:55:00,6.43,,,,,
7767,07/13/2025 16:00:00,6.39,,,,,
7768,07/13/2025 16:05:00,6.78,,,,,
7769,07/13/2025 16:10:00,7.16,,,,,
7770,07/13/2025 16:15:00,6.99,,,,,
7771,07/13/2025 16:20:00,7.12,,,,,
7772,07/13/2025 16:25:00,7.25,,,,,
7773,07/13/2025 16:30:00,7.38,,,,,
7774,07/13/2025 16:35:00,7.20,,,,,
7775,07/13/2025 16:40:00,6.90,,,,,
7776,07/13/2025 16:45:00,6.39,,,,,
7777,07/13/2025 16:50:00,6.60,,,,,
7778,07/13/2025 16:55:00,7.33,,,,,
7779,07/13/2025 17:00:00,7.16,,,,,
7780,07/13/2025 17:05:00,6.35,,,,,
7781,07/13/2025 17:10:00,6.05,,,,,
7782,07/13/2025 17:15:00,6.26,,,,,
7783,07/13/2025 17:20:00,6.22,,,,,
7784,07/13/2025 17:25:00,6.17,,,,,
7785,07/13/2025 17:30:00,6.30,,,,,
7786,07/13/2025 17:35:00,6.52,,,,,
7787,07/13/2025 17:40:00,6.48,,,,,
7788,07/13/2025 17:45:00,6.48,,,,,
7789,07/13/2025 17:50:00,6.17,,,,,
7790,07/13/2025 17:55:00,6.00,,,,,
7791,07/13/2025 18:00:00,5.96,,,,,
7792,07/13/2025 18:05:00,5.62,,,,,
7793,07/13/2025 18:10:00,5.36,,,,,
7794,07/13/2025 18:15:00,5.19,,,,,
7795,07/13/2025 18:20:00,5.49,,,,,
7796,07/13/2025 18:25:00,5.96,,,,,
7797,07/13/2025 18:30:00,6.95,,,,,
7798,07/13/2025 18:35:00,7.08,,,,,
7799,07/13/2025 18:40:00,7.08,,,,,
7800,07/13/2025 18:45:00,6.65,,,,,
7801,07/13/2025 18:50:00,6.17,,,,,
7802,07/13/2025 18:55:00,6.13,,,,,
7803,07/13/2025 19:00:00,5.96,,,,,
7804,07/13/2025 19:05:00,6.00,,,,,
7805,07/13/2025 19:10:00,6.73,,,,,
7806,07/13/2025 19:15:00,6.48,,,,,
7807,07/13/2025 19:20:00,6.90,,,,,
7808,07/13/2025 19:25:00,6.65,,,,,
7809,07/13/2025 19:30:00,6.13,,,,,
7810,07/13/2025 19:35:00,5.87,,,,,
7811,07/13/2025 19:40:00,6.00,,,,,
7812,07/13/2025 19:45:00,5.53,,,,,
7813,07/13/2025 19:50:00,5.36,,,,,
7814,07/13/2025 19:55:00,5.23,,,,,
7815,07/13/2025 20:00:00,5.40,,,,,
7816,07/13/2025 20:05:00,6.05,,,,,
7817,07/13/2025 20:10:00,6.39,,,,,
7818,07/13/2025 20:15:00,6.43,,,,,
7819,07/13/2025 20:20:00,6.30,,,,,
7820,07/13/2025 20:25:00,5.53,,,,,
7821,07/13/2025 20:30:00,5.15,,,,,
7822,07/13/2025 20:35:00,4.80,,,,,
7823,07/13/2025 20:40:00,4.76,,,,,
7824,07/13/2025 20:45:00,4.84,,,,,
7825,07/13/2025 20:50:00,5.27,,,,,
7826,07/13/2025 20:55:00,5.36,,,,,
7827,07/13/2025 21:00:00,5.27,,,,,
7828,07/13/2025 21:05:00,4.72,,,,,
7829,07/13/2025 21:10:00,4.59,,,,,
7830,07/13/2025 21:15:00,4.59,,,,,
7831,07/13/2025 21:20:00,4.80,,,,,
7832,07/13/2025 21:25:00,4.93,,,,,
7833,07/13/2025 21:30:00,5.19,,,,,
7834,07/13/2025 21:35:00,5.02,,,,,
7835,07/13/2025 21:40:00,4.24,,,,,
7836,07/13/2025 21:45:00,4.29,,,,,
7837,07/13/2025 21:50:00,4.42,,,,,
7838,07/13/2025 21:55:00,4.50,,,,,
7839,07/13/2025 22:00:00,4.80,,,,,
7840,07/13/2025 22:05:00,4.50,,,,,
7841,07/13/2025 22:10:00,4.59,,,,,
7842,07/13/2025 22:15:00,4.54,,,,,
7843,07/13/2025 22:20:00,4.67,,,,,
7844,07/13/2025 22:25:00,5.10,,,,,
7845,07/13/2025 22:30:00,5.23,,,,,
7846,07/13/2025 22:35:00,5.57,,,,,
7847,07/13/2025 22:40:00,5.36,,,,,
7848,07/13/2025 22:45:00,5.10,,,,,
7849,07/13/2025 22:50:00,4.72,,,,,
7850,07/13/2025 22:55:00,4.76,,,,,
7851,07/13/2025 23:00:00,4.46,,,,,
7852,07/13/2025 23:05:00,4.42,,,,,
7853,07/13/2025 23:10:00,4.84,,,,,
7854,07/13/2025 23:15:00,4.76,,,,,
7855,07/13/2025 23:20:00,4.76,,,,,
7856,07/13/2025 23:25:00,4.84,,,,,
7857,07/13/2025 23:30:00,4.76,,,,,
7858,07/13/2025 23:35:00,4.80,,,,,
7859,07/13/2025 23:40:00,4.93,,,,,
7860,07/13/2025 23:45:00,4.84,,,,,
7861,07/13/2025 23:50:00,3.94,,,,,
7862,07/13/2025 23:55:00,3.47,,,,,
7863,07/14/2025 00:00:00,3.30,,,,,
7864,07/14/2025 00:05:00,3.00,,,,,
7865,07/14/2025 00:10:00,3.21,,,,,
7866,07/14/2025 00:15:00,3.34,,,,,
7867,07/14/2025 00:20:00,2.79,,,,,
7868,07/14/2025 00:25:00,2.57,,,,,
7869,07/14/2025 00:30:00,2.27,,,,,
7870,07/14/2025 00:35:00,1.88,,,,,
7871,07/14/2025 00:40:00,1.97,,,,,
7872,07/14/2025 00:45:00,2.53,,,,,
7873,07/14/2025 00:50:00,2.74,,,,,
7874,07/14/2025 00:55:00,2.87,,,,,
7875,07/14/2025 01:00:00,3.13,,,,,
7876,07/14/2025 01:05:00,3.43,,,,,
7877,07/14/2025 01:10:00,3.09,,,,,
7878,07/14/2025 01:15:00,2.57,,,,,
7879,07/14/2025 01:20:00,2.31,,,,,
7880,07/14/2025 01:25:00,2.27,,,,,
7881,07/14/2025 01:30:00,2.14,,,,,
7882,07/14/2025 01:35:00,2.19,,,,,
7883,07/14/2025 01:40:00,3.21,,,,,
7884,07/14/2025 01:45:00,3.47,,,,,
7885,07/14/2025 01:50:00,3.17,,,,,
7886,07/14/2025 01:55:00,3.77,,,,,
7887,07/14/2025 02:00:00,3.60,,,,,
7888,07/14/2025 02:05:00,3.90,,,,,
7889,07/14/2025 02:10:00,3.64,,,,,
7890,07/14/2025 02:15:00,3.56,,,,,
7891,07/14/2025 02:20:00,3.04,,,,,
7892,07/14/2025 02:25:00,2.10,,,,,
7893,07/14/2025 02:30:00,2.36,,,,,
7894,07/14/2025 02:35:00,2.10,,,,,
7895,07/14/2025 02:40:00,1.97,,,,,
7896,07/14/2025 02:45:00,2.70,,,,,
7897,07/14/2025 02:50:00,2.74,,,,,
7898,07/14/2025 02:55:00,2.91,,,,,
7899,07/14/2025 03:00:00,2.96,,,,,
7900,07/14/2025 03:05:00,2.66,,,,,
7901,07/14/2025 03:10:00,2.53,,,,,
7902,07/14/2025 03:15:00,2.66,,,,,
7903,07/14/2025 03:20:00,2.44,,,,,
7904,07/14/2025 03:25:00,2.44,,,,,
7905,07/14/2025 03:30:00,2.74,,,,,
7906,07/14/2025 03:35:00,2.36,,,,,
7907,07/14/2025 03:40:00,2.01,,,,,
7908,07/14/2025 03:45:00,1.76,,,,,
7909,07/14/2025 03:50:00,1.93,,,,,
7910,07/14/2025 03:55:00,2.19,,,,,
7911,07/14/2025 04:00:00,2.36,,,,,
7912,07/14/2025 04:05:00,2.23,,,,,
7913,07/14/2025 04:10:00,2.19,,,,,
7914,07/14/2025 04:15:00,1.97,,,,,
7915,07/14/2025 04:20:00,1.84,,,,,
7916,07/14/2025 04:25:00,1.71,,,,,
7917,07/14/2025 04:30:00,1.76,,,,,
7918,07/14/2025 04:35:00,2.01,,,,,
7919,07/14/2025 04:40:00,2.19,,,,,
7920,07/14/2025 04:45:00,2.27,,,,,
7921,07/14/2025 04:50:00,2.31,,,,,
7922,07/14/2025 04:55:00,2.31,,,,,
7923,07/14/2025 05:00:00,2.19,,,,,
7924,07/14/2025 05:05:00,2.36,,,,,
7925,07/14/2025 05:10:00,2.49,,,,,
7926,07/14/2025 05:15:00,3.17,,,,,
7927,07/14/2025 05:20:00,3.30,,,,,
7928,07/14/2025 05:25:00,3.00,,,,,
7929,07/14/2025 05:30:00,3.04,,,,,
7930,07/14/2025 05:35:00,3.17,,,,,
7931,07/14/2025 05:40:00,3.34,,,,,
7932,07/14/2025 05:45:00,3.21,,,,,
7933,07/14/2025 05:50:00,3.39,,,,,
7934,07/14/2025 05:55:00,3.39,,,,,
7935,07/14/2025 06:00:00,3.30,,,,,
7936,07/14/2025 06:05:00,3.26,,,,,
7937,07/14/2025 06:10:00,3.47,,,,,
7938,07/14/2025 06:15:00,3.52,,,,,
7939,07/14/2025 06:20:00,3.77,,,,,
7940,07/14/2025 06:25:00,4.03,,,,,
7941,07/14/2025 06:30:00,4.50,,,,,
7942,07/14/2025 06:35:00,4.63,,,,,
7943,07/14/2025 06:40:00,4.67,,,,,
7944,07/14/2025 06:45:00,4.33,,,,,
7945,07/14/2025 06:50:00,4.50,,,,,
7946,07/14/2025 06:55:00,4.54,,,,,
7947,07/14/2025 07:00:00,4.54,,,,,
7948,07/14/2025 07:05:00,4.63,,,,,
7949,07/14/2025 07:10:00,4.76,,,,,
7950,07/14/2025 07:15:00,5.02,,,,,
7951,07/14/2025 07:20:00,5.40,,,,,
7952,07/14/2025 07:25:00,5.83,,,,,
7953,07/14/2025 07:30:00,6.09,,,,,
7954,07/14/2025 07:35:00,5.96,,,,,
7955,07/14/2025 07:40:00,5.57,,,,,
7956,07/14/2025 07:45:00,5.27,,,,,
7957,07/14/2025 07:50:00,5.02,,,,,
7958,07/14/2025 07:55:00,4.89,,,,,
7959,07/14/2025 08:00:00,4.93,,,,,
7960,07/14/2025 08:05:00,4.93,,,,,
7961,07/14/2025 08:10:00,4.97,,,,,
7962,07/14/2025 08:15:00,4.93,,,,,
7963,07/14/2025 08:20:00,5.02,,,,,
7964,07/14/2025 08:25:00,5.15,,,,,
7965,07/14/2025 08:30:00,5.02,,,,,
7966,07/14/2025 08:35:00,4.93,,,,,
7967,07/14/2025 08:40:00,4.93,,,,,
7968,07/14/2025 08:45:00,5.19,,,,,
7969,07/14/2025 08:50:00,5.40,,,,,
7970,07/14/2025 08:55:00,5.53,,,,,
7971,07/14/2025 09:00:00,5.66,,,,,
7972,07/14/2025 09:05:00,6.09,,,,,
7973,07/14/2025 09:10:00,6.43,,,,,
7974,07/14/2025 09:15:00,6.52,,,,,
7975,07/14/2025 09:20:00,6.39,,,,,
7976,07/14/2025 09:25:00,6.35,,,,,
7977,07/14/2025 09:30:00,6.05,,,,,
7978,07/14/2025 09:35:00,6.05,,,,,
7979,07/14/2025 09:40:00,5.96,,,,,
7980,07/14/2025 09:45:00,5.70,,,,,
7981,07/14/2025 09:50:00,5.79,,,,,
7982,07/14/2025 09:55:00,6.05,,,,,
7983,07/14/2025 10:00:00,6.17,,,,,
7984,07/14/2025 10:05:00,6.26,,,,,
7985,07/14/2025 10:10:00,6.43,,,,,
7986,07/14/2025 10:15:00,6.60,,,,,
7987,07/14/2025 10:20:00,6.65,,,,,
7988,07/14/2025 10:25:00,6.82,,,,,
7989,07/14/2025 10:30:00,6.69,,,,,
7990,07/14/2025 10:35:00,6.69,,,,,
7991,07/14/2025 10:40:00,6.30,,,,,
7992,07/14/2025 10:45:00,6.17,,,,,
7993,07/14/2025 10:50:00,6.60,,,,,
7994,07/14/2025 10:55:00,7.03,,,,,
7995,07/14/2025 11:00:00,7.59,,,,,
7996,07/14/2025 11:05:00,8.71,,,,,
7997,07/14/2025 11:10:00,8.92,,,,,
7998,07/14/2025 11:15:00,8.88,,,,,
7999,07/14/2025 11:20:00,9.01,,,,,
8000,07/14/2025 11:25:00,8.71,,,,,
8001,07/14/2025 11:30:00,8.45,,,,,
8002,07/14/2025 11:35:00,8.41,,,,,
8003,07/14/2025 11:40:00,8.58,,,,,
8004,07/14/2025 11:45:00,7.76,,,,,
8005,07/14/2025 11:50:00,7.55,,,,,
8006,07/14/2025 11:55:00,7.68,,,,,
8007,07/14/2025 12:00:00,7.81,,,,,
8008,07/14/2025 12:05:00,7.68,,,,,
8009,07/14/2025 12:10:00,7.50,,,,,
8010,07/14/2025 12:15:00,7.50,,,,,
8011,07/14/2025 12:20:00,7.16,,,,,
8012,07/14/2025 12:25:00,6.95,,,,,
8013,07/14/2025 12:30:00,7.03,,,,,
8014,07/14/2025 12:35:00,6.69,,,,,
8015,07/14/2025 12:40:00,6.60,,,,,
8016,07/14/2025 12:45:00,6.65,,,,,
8017,07/14/2025 12:50:00,6.90,,,,,
8018,07/14/2025 12:55:00,6.90,,,,,
8019,07/14/2025 13:00:00,6.90,,,,,
8020,07/14/2025 13:05:00,7.42,,,,,
8021,07/14/2025 13:10:00,7.98,,,,,
8022,07/14/2025 13:15:00,7.68,,,,,
8023,07/14/2025 13:20:00,7.33,,,,,
8024,07/14/2025 13:25:00,7.38,,,,,
8025,07/14/2025 13:30:00,7.55,,,,,
8026,07/14/2025 13:35:00,7.76,,,,,
8027,07/14/2025 13:40:00,7.76,,,,,
8028,07/14/2025 13:45:00,8.06,,,,,
8029,07/14/2025 13:50:00,8.11,,,,,
8030,07/14/2025 13:55:00,7.76,,,,,
8031,07/14/2025 14:00:00,7.59,,,,,
8032,07/14/2025 14:05:00,7.50,,,,,
8033,07/14/2025 14:10:00,7.42,,,,,
8034,07/14/2025 14:15:00,8.36,,,,,
8035,07/14/2025 14:20:00,8.75,,,,,
8036,07/14/2025 14:25:00,8.92,,,,,
8037,07/14/2025 14:30:00,8.11,,,,,
8038,07/14/2025 14:35:00,8.58,,,,,
8039,07/14/2025 14:40:00,9.35,,,,,
8040,07/14/2025 14:45:00,10.46,,,,,
8041,07/14/2025 14:50:00,11.45,,,,,
8042,07/14/2025 14:55:00,12.44,,,,,
8043,07/14/2025 15:00:00,12.70,,,,,
8044,07/14/2025 15:05:00,12.10,,,,,
8045,07/14/2025 15:10:00,13.81,,,,,
8046,07/14/2025 15:15:00,15.66,,,,,
8047,07/14/2025 15:20:00,15.31,,,,,
8048,07/14/2025 15:25:00,11.97,,,,,
8049,07/14/2025 15:30:00,10.25,,,,,
8050,07/14/2025 15:35:00,9.05,,,,,
8051,07/14/2025 15:40:00,8.28,,,,,
8052,07/14/2025 15:45:00,8.15,,,,,
8053,07/14/2025 15:50:00,7.63,,,,,
8054,07/14/2025 15:55:00,7.29,,,,,
8055,07/14/2025 16:00:00,6.56,,,,,
8056,07/14/2025 16:05:00,6.60,,,,,
8057,07/14/2025 16:10:00,7.25,,,,,
8058,07/14/2025 16:15:00,7.85,,,,,
8059,07/14/2025 16:20:00,9.09,,,,,
8060,07/14/2025 16:25:00,10.34,,,,,
8061,07/14/2025 16:30:00,10.89,,,,,
8062,07/14/2025 16:35:00,11.28,,,,,
8063,07/14/2025 16:40:00,12.10,,,,,
8064,07/14/2025 16:45:00,12.82,,,,,
8065,07/14/2025 16:50:00,13.08,,,,,
8066,07/14/2025 16:55:00,11.84,,,,,
8067,07/14/2025 17:00:00,13.12,,,,,
8068,07/14/2025 17:05:00,12.78,,,,,
8069,07/14/2025 17:10:00,11.58,,,,,
8070,07/14/2025 17:15:00,11.32,,,,,
8071,07/14/2025 17:20:00,11.37,,,,,
8072,07/14/2025 17:25:00,10.94,,,,,
8073,07/14/2025 17:30:00,11.75,,,,,
8074,07/14/2025 17:35:00,11.58,,,,,
8075,07/14/2025 17:40:00,10.08,,,,,
8076,07/14/2025 17:45:00,9.05,,,,,
8077,07/14/2025 17:50:00,8.75,,,,,
8078,07/14/2025 17:55:00,9.44,,,,,
8079,07/14/2025 18:00:00,8.88,,,,,
8080,07/14/2025 18:05:00,8.19,,,,,
8081,07/14/2025 18:10:00,7.98,,,,,
8082,07/14/2025 18:15:00,8.71,,,,,
8083,07/14/2025 18:20:00,9.39,,,,,
8084,07/14/2025 18:25:00,9.35,,,,,
8085,07/14/2025 18:30:00,9.39,,,,,
8086,07/14/2025 18:35:00,9.26,,,,,
8087,07/14/2025 18:40:00,8.41,,,,,
8088,07/14/2025 18:45:00,8.28,,,,,
8089,07/14/2025 18:50:00,7.63,,,,,
8090,07/14/2025 18:55:00,8.11,,,,,
8091,07/14/2025 19:00:00,8.02,,,,,
8092,07/14/2025 19:05:00,7.81,,,,,
8093,07/14/2025 19:10:00,7.68,,,,,
8094,07/14/2025 19:15:00,6.78,,,,,
8095,07/14/2025 19:20:00,6.90,,,,,
8096,07/14/2025 19:25:00,6.48,,,,,
8097,07/14/2025 19:30:00,7.25,,,,,
8098,07/14/2025 19:35:00,6.95,,,,,
8099,07/14/2025 19:40:00,6.13,,,,,
8100,07/14/2025 19:45:00,5.70,,,,,
8101,07/14/2025 19:50:00,5.57,,,,,
8102,07/14/2025 19:55:00,5.75,,,,,
8103,07/14/2025 20:00:00,5.70,,,,,
8104,07/14/2025 20:05:00,5.10,,,,,
8105,07/14/2025 20:10:00,4.59,,,,,
8106,07/14/2025 20:15:00,4.59,,,,,
8107,07/14/2025 20:20:00,4.97,,,,,
8108,07/14/2025 20:25:00,4.84,,,,,
8109,07/14/2025 20:30:00,4.46,,,,,
8110,07/14/2025 20:35:00,4.72,,,,,
8111,07/14/2025 20:40:00,4.80,,,,,
8112,07/14/2025 20:45:00,4.54,,,,,
8113,07/14/2025 20:50:00,4.84,,,,,
8114,07/14/2025 20:55:00,4.80,,,,,
8115,07/14/2025 21:00:00,4.33,,,,,
8116,07/14/2025 21:05:00,4.50,,,,,
8117,07/14/2025 21:10:00,4.33,,,,,
8118,07/14/2025 21:15:00,4.50,,,,,
8119,07/14/2025 21:20:00,4.63,,,,,
8120,07/14/2025 21:25:00,4.16,,,,,
8121,07/14/2025 21:30:00,4.12,,,,,
8122,07/14/2025 21:35:00,4.29,,,,,
8123,07/14/2025 21:40:00,4.37,,,,,
8124,07/14/2025 21:45:00,4.03,,,,,
8125,07/14/2025 21:50:00,3.82,,,,,
8126,07/14/2025 21:55:00,3.69,,,,,
8127,07/14/2025 22:00:00,3.94,,,,,
8128,07/14/2025 22:05:00,3.90,,,,,
8129,07/14/2025 22:10:00,4.37,,,,,
8130,07/14/2025 22:15:00,3.90,,,,,
8131,07/14/2025 22:20:00,4.20,,,,,
8132,07/14/2025 22:25:00,4.67,,,,,
8133,07/14/2025 22:30:00,4.67,,,,,
8134,07/14/2025 22:35:00,4.50,,,,,
8135,07/14/2025 22:40:00,4.42,,,,,
8136,07/14/2025 22:45:00,4.72,,,,,
8137,07/14/2025 22:50:00,4.59,,,,,
8138,07/14/2025 22:55:00,3.99,,,,,
8139,07/14/2025 23:00:00,3.52,,,,,
8140,07/14/2025 23:05:00,3.73,,,,,
8141,07/14/2025 23:10:00,4.07,,,,,
8142,07/14/2025 23:15:00,4.20,,,,,
8143,07/14/2025 23:20:00,4.33,,,,,
8144,07/14/2025 23:25:00,4.50,,,,,
8145,07/14/2025 23:30:00,4.67,,,,,
8146,07/14/2025 23:35:00,4.67,,,,,
8147,07/14/2025 23:40:00,4.50,,,,,
8148,07/14/2025 23:45:00,4.33,,,,,
8149,07/14/2025 23:50:00,4.12,,,,,
8150,07/14/2025 23:55:00,4.67,,,,,
8151,07/15/2025 00:00:00,4.67,,,,,
8152,07/15/2025 00:05:00,4.24,,,,,
8153,07/15/2025 00:10:00,4.20,,,,,
8154,07/15/2025 00:15:00,4.20,,,,,
8155,07/15/2025 00:20:00,4.07,,,,,
8156,07/15/2025 00:25:00,4.07,,,,,
8157,07/15/2025 00:30:00,3.94,,,,,
8158,07/15/2025 00:35:00,4.12,,,,,
8159,07/15/2025 00:40:00,4.20,,,,,
8160,07/15/2025 00:45:00,4.37,,,,,
8161,07/15/2025 00:50:00,4.37,,,,,
8162,07/15/2025 00:55:00,4.07,,,,,
8163,07/15/2025 01:00:00,3.94,,,,,
8164,07/15/2025 01:05:00,3.94,,,,,
8165,07/15/2025 01:10:00,3.90,,,,,
8166,07/15/2025 01:15:00,3.69,,,,,
8167,07/15/2025 01:20:00,3.86,,,,,
8168,07/15/2025 01:25:00,3.69,,,,,
8169,07/15/2025 01:30:00,3.90,,,,,
8170,07/15/2025 01:35:00,3.64,,,,,
8171,07/15/2025 01:40:00,3.86,,,,,
8172,07/15/2025 01:45:00,3.30,,,,,
8173,07/15/2025 01:50:00,3.64,,,,,
8174,07/15/2025 01:55:00,3.73,,,,,
8175,07/15/2025 02:00:00,3.73,,,,,
8176,07/15/2025 02:05:00,3.69,,,,,
8177,07/15/2025 02:10:00,3.73,,,,,
8178,07/15/2025 02:15:00,3.52,,,,,
8179,07/15/2025 02:20:00,3.43,,,,,
8180,07/15/2025 02:25:00,3.94,,,,,
8181,07/15/2025 02:30:00,4.16,,,,,
8182,07/15/2025 02:35:00,3.64,,,,,
8183,07/15/2025 02:40:00,3.17,,,,,
8184,07/15/2025 02:45:00,3.30,,,,,
8185,07/15/2025 02:50:00,3.52,,,,,
8186,07/15/2025 02:55:00,3.56,,,,,
8187,07/15/2025 03:00:00,3.52,,,,,
8188,07/15/2025 03:05:00,3.64,,,,,
8189,07/15/2025 03:10:00,3.73,,,,,
8190,07/15/2025 03:15:00,3.77,,,,,
8191,07/15/2025 03:20:00,3.99,,,,,
8192,07/15/2025 03:25:00,4.03,,,,,
8193,07/15/2025 03:30:00,4.03,,,,,
8194,07/15/2025 03:35:00,3.77,,,,,
8195,07/15/2025 03:40:00,3.77,,,,,
8196,07/15/2025 03:45:00,3.47,,,,,
8197,07/15/2025 03:50:00,3.13,,,,,
8198,07/15/2025 03:55:00,2.83,,,,,
8199,07/15/2025 04:00:00,2.44,,,,,
8200,07/15/2025 04:05:00,2.66,,,,,
8201,07/15/2025 04:10:00,2.79,,,,,
8202,07/15/2025 04:15:00,3.17,,,,,
8203,07/15/2025 04:20:00,3.47,,,,,
8204,07/15/2025 04:25:00,3.34,,,,,
8205,07/15/2025 04:30:00,3.04,,,,,
8206,07/15/2025 04:35:00,2.96,,,,,
8207,07/15/2025 04:40:00,3.21,,,,,
8208,07/15/2025 04:45:00,3.30,,,,,
8209,07/15/2025 04:50:00,2.87,,,,,
8210,07/15/2025 04:55:00,2.57,,,,,
8211,07/15/2025 05:00:00,2.31,,,,,
8212,07/15/2025 05:05:00,2.14,,,,,
8213,07/15/2025 05:10:00,2.06,,,,,
8214,07/15/2025 05:15:00,2.14,,,,,
8215,07/15/2025 05:20:00,1.93,,,,,
8216,07/15/2025 05:25:00,1.84,,,,,
8217,07/15/2025 05:30:00,1.67,,,,,
8218,07/15/2025 05:35:00,1.58,,,,,
8219,07/15/2025 05:40:00,1.76,,,,,
8220,07/15/2025 05:45:00,2.06,,,,,
8221,07/15/2025 05:50:00,2.31,,,,,
8222,07/15/2025 05:55:00,2.61,,,,,
8223,07/15/2025 06:00:00,2.74,,,,,
8224,07/15/2025 06:05:00,2.96,,,,,
8225,07/15/2025 06:10:00,3.34,,,,,
8226,07/15/2025 06:15:00,4.03,,,,,
8227,07/15/2025 06:20:00,4.16,,,,,
8228,07/15/2025 06:25:00,3.77,,,,,
8229,07/15/2025 06:30:00,3.60,,,,,
8230,07/15/2025 06:35:00,3.82,,,,,
8231,07/15/2025 06:40:00,4.24,,,,,
8232,07/15/2025 06:45:00,4.20,,,,,
8233,07/15/2025 06:50:00,4.42,,,,,
8234,07/15/2025 06:55:00,4.54,,,,,
8235,07/15/2025 07:00:00,5.49,,,,,
8236,07/15/2025 07:05:00,5.57,,,,,
8237,07/15/2025 07:10:00,5.62,,,,,
8238,07/15/2025 07:15:00,5.19,,,,,
8239,07/15/2025 07:20:00,4.67,,,,,
8240,07/15/2025 07:25:00,4.46,,,,,
8241,07/15/2025 07:30:00,4.46,,,,,
8242,07/15/2025 07:35:00,4.07,,,,,
8243,07/15/2025 07:40:00,3.60,,,,,
8244,07/15/2025 07:45:00,3.43,,,,,
8245,07/15/2025 07:50:00,3.39,,,,,
8246,07/15/2025 07:55:00,3.56,,,,,
8247,07/15/2025 08:00:00,3.60,,,,,
8248,07/15/2025 08:05:00,4.16,,,,,
8249,07/15/2025 08:10:00,4.54,,,,,
8250,07/15/2025 08:15:00,4.80,,,,,
8251,07/15/2025 08:20:00,4.42,,,,,
8252,07/15/2025 08:25:00,4.63,,,,,
8253,07/15/2025 08:30:00,5.57,,,,,
8254,07/15/2025 08:35:00,6.86,,,,,
8255,07/15/2025 08:40:00,7.63,,,,,
8256,07/15/2025 08:45:00,8.23,,,,,
8257,07/15/2025 08:50:00,7.93,,,,,
8258,07/15/2025 08:55:00,7.03,,,,,
8259,07/15/2025 09:00:00,6.52,,,,,
8260,07/15/2025 09:05:00,7.25,,,,,
8261,07/15/2025 09:10:00,8.28,,,,,
8262,07/15/2025 09:15:00,8.36,,,,,
8263,07/15/2025 09:20:00,9.31,,,,,
8264,07/15/2025 09:25:00,9.22,,,,,
8265,07/15/2025 09:30:00,7.25,,,,,
8266,07/15/2025 09:35:00,6.30,,,,,
8267,07/15/2025 09:40:00,6.17,,,,,
8268,07/15/2025 09:45:00,7.08,,,,,
8269,07/15/2025 09:50:00,9.01,,,,,
8270,07/15/2025 09:55:00,9.52,,,,,
8271,07/15/2025 10:00:00,9.18,,,,,
8272,07/15/2025 10:05:00,9.14,,,,,
8273,07/15/2025 10:10:00,7.89,,,,,
8274,07/15/2025 10:15:00,8.66,,,,,
8275,07/15/2025 10:20:00,9.05,,,,,
8276,07/15/2025 10:25:00,8.32,,,,,
8277,07/15/2025 10:30:00,8.02,,,,,
8278,07/15/2025 10:35:00,7.25,,,,,
8279,07/15/2025 10:40:00,6.78,,,,,
8280,07/15/2025 10:45:00,7.20,,,,,
8281,07/15/2025 10:50:00,9.69,,,,,
8282,07/15/2025 10:55:00,9.05,,,,,
8283,07/15/2025 11:00:00,9.56,,,,,
8284,07/15/2025 11:05:00,9.61,,,,,
8285,07/15/2025 11:10:00,9.82,,,,,
8286,07/15/2025 11:15:00,8.96,,,,,
8287,07/15/2025 11:20:00,7.55,,,,,
8288,07/15/2025 11:25:00,7.46,,,,,
8289,07/15/2025 11:30:00,9.39,,,,,
8290,07/15/2025 11:35:00,8.49,,,,,
8291,07/15/2025 11:40:00,10.08,,,,,
8292,07/15/2025 11:45:00,12.10,,,,,
8293,07/15/2025 11:50:00,11.54,,,,,
8294,07/15/2025 11:55:00,10.21,,,,,
8295,07/15/2025 12:00:00,9.14,,,,,
8296,07/15/2025 12:05:00,9.48,,,,,
8297,07/15/2025 12:10:00,12.10,,,,,
8298,07/15/2025 12:15:00,11.92,,,,,
8299,07/15/2025 12:20:00,12.10,,,,,
8300,07/15/2025 12:25:00,10.55,,,,,
8301,07/15/2025 12:30:00,9.86,,,,,
8302,07/15/2025 12:35:00,11.28,,,,,
8303,07/15/2025 12:40:00,12.78,,,,,
8304,07/15/2025 12:45:00,11.19,,,,,
8305,07/15/2025 12:50:00,10.34,,,,,
8306,07/15/2025 12:55:00,9.91,,,,,
8307,07/15/2025 13:00:00,9.39,,,,,
8308,07/15/2025 13:05:00,8.11,,,,,
8309,07/15/2025 13:10:00,7.85,,,,,
8310,07/15/2025 13:15:00,8.11,,,,,
8311,07/15/2025 13:20:00,8.19,,,,,
8312,07/15/2025 13:25:00,7.85,,,,,
8313,07/15/2025 13:30:00,7.33,,,,,
8314,07/15/2025 13:35:00,8.41,,,,,
8315,07/15/2025 13:40:00,11.37,,,,,
8316,07/15/2025 13:45:00,10.34,,,,,
8317,07/15/2025 13:50:00,9.82,,,,,
8318,07/15/2025 13:55:00,9.74,,,,,
8319,07/15/2025 14:00:00,9.99,,,,,
8320,07/15/2025 14:05:00,9.95,,,,,
8321,07/15/2025 14:10:00,10.21,,,,,
8322,07/15/2025 14:15:00,10.08,,,,,
8323,07/15/2025 14:20:00,9.95,,,,,
8324,07/15/2025 14:25:00,9.52,,,,,
8325,07/15/2025 14:30:00,9.56,,,,,
8326,07/15/2025 14:35:00,9.74,,,,,
8327,07/15/2025 14:40:00,9.56,,,,,
8328,07/15/2025 14:45:00,9.26,,,,,
8329,07/15/2025 14:50:00,9.01,,,,,
8330,07/15/2025 14:55:00,8.71,,,,,
8331,07/15/2025 15:00:00,8.36,,,,,
8332,07/15/2025 15:05:00,7.55,,,,,
8333,07/15/2025 15:10:00,7.46,,,,,
8334,07/15/2025 15:15:00,6.86,,,,,
8335,07/15/2025 15:20:00,7.03,,,,,
8336,07/15/2025 15:25:00,6.78,,,,,
8337,07/15/2025 15:30:00,6.17,,,,,
8338,07/15/2025 15:35:00,5.96,,,,,
8339,07/15/2025 15:40:00,6.05,,,,,
8340,07/15/2025 15:45:00,6.13,,,,,
8341,07/15/2025 15:50:00,5.70,,,,,
8342,07/15/2025 15:55:00,5.10,,,,,
8343,07/15/2025 16:00:00,5.19,,,,,
8344,07/15/2025 16:05:00,6.00,,,,,
8345,07/15/2025 16:10:00,5.92,,,,,
8346,07/15/2025 16:15:00,5.32,,,,,
8347,07/15/2025 16:20:00,5.49,,,,,
8348,07/15/2025 16:25:00,5.36,,,,,
8349,07/15/2025 16:30:00,6.22,,,,,
8350,07/15/2025 16:35:00,7.12,,,,,
8351,07/15/2025 16:40:00,6.90,,,,,
8352,07/15/2025 16:45:00,6.35,,,,,
8353,07/15/2025 16:50:00,5.96,,,,,
8354,07/15/2025 16:55:00,5.66,,,,,
8355,07/15/2025 17:00:00,6.56,,,,,
8356,07/15/2025 17:05:00,5.92,,,,,
8357,07/15/2025 17:10:00,5.40,,,,,
8358,07/15/2025 17:15:00,5.02,,,,,
8359,07/15/2025 17:20:00,4.63,,,,,
8360,07/15/2025 17:25:00,4.20,,,,,
8361,07/15/2025 17:30:00,3.94,,,,,
8362,07/15/2025 17:35:00,3.73,,,,,
8363,07/15/2025 17:40:00,3.69,,,,,
8364,07/15/2025 17:45:00,4.46,,,,,
8365,07/15/2025 17:50:00,4.37,,,,,
8366,07/15/2025 17:55:00,4.50,,,,,
8367,07/15/2025 18:00:00,5.23,,,,,
8368,07/15/2025 18:05:00,5.66,,,,,
8369,07/15/2025 18:10:00,5.66,,,,,
8370,07/15/2025 18:15:00,5.96,,,,,
8371,07/15/2025 18:20:00,5.62,,,,,
8372,07/15/2025 18:25:00,6.09,,,,,
8373,07/15/2025 18:30:00,6.30,,,,,
8374,07/15/2025 18:35:00,6.09,,,,,
8375,07/15/2025 18:40:00,5.19,,,,,
8376,07/15/2025 18:45:00,4.67,,,,,
8377,07/15/2025 18:50:00,4.46,,,,,
8378,07/15/2025 18:55:00,4.63,,,,,
8379,07/15/2025 19:00:00,4.76,,,,,
8380,07/15/2025 19:05:00,4.46,,,,,
8381,07/15/2025 19:10:00,4.97,,,,,
8382,07/15/2025 19:15:00,4.80,,,,,
8383,07/15/2025 19:20:00,5.02,,,,,
8384,07/15/2025 19:25:00,4.72,,,,,
8385,07/15/2025 19:30:00,4.24,,,,,
8386,07/15/2025 19:35:00,3.73,,,,,
8387,07/15/2025 19:40:00,3.39,,,,,
8388,07/15/2025 19:45:00,3.39,,,,,
8389,07/15/2025 19:50:00,2.96,,,,,
8390,07/15/2025 19:55:00,2.61,,,,,
8391,07/15/2025 20:00:00,2.70,,,,,
8392,07/15/2025 20:05:00,2.66,,,,,
8393,07/15/2025 20:10:00,2.61,,,,,
8394,07/15/2025 20:15:00,2.74,,,,,
8395,07/15/2025 20:20:00,2.91,,,,,
8396,07/15/2025 20:25:00,3.17,,,,,
8397,07/15/2025 20:30:00,3.69,,,,,
8398,07/15/2025 20:35:00,3.90,,,,,
8399,07/15/2025 20:40:00,3.69,,,,,
8400,07/15/2025 20:45:00,3.64,,,,,
8401,07/15/2025 20:50:00,3.64,,,,,
8402,07/15/2025 20:55:00,4.07,,,,,
8403,07/15/2025 21:00:00,4.63,,,,,
8404,07/15/2025 21:05:00,4.59,,,,,
8405,07/15/2025 21:10:00,4.24,,,,,
8406,07/15/2025 21:15:00,4.03,,,,,
8407,07/15/2025 21:20:00,3.94,,,,,
8408,07/15/2025 21:25:00,3.82,,,,,
8409,07/15/2025 21:30:00,3.77,,,,,
8410,07/15/2025 21:35:00,4.67,,,,,
8411,07/15/2025 21:40:00,4.67,,,,,
8412,07/15/2025 21:45:00,5.15,,,,,
8413,07/15/2025 21:50:00,4.76,,,,,
8414,07/15/2025 21:55:00,4.50,,,,,
8415,07/15/2025 22:00:00,4.76,,,,,
8416,07/15/2025 22:05:00,4.63,,,,,
8417,07/15/2025 22:10:00,4.46,,,,,
8418,07/15/2025 22:15:00,4.50,,,,,
8419,07/15/2025 22:20:00,4.20,,,,,
8420,07/15/2025 22:25:00,3.77,,,,,
8421,07/15/2025 22:30:00,3.69,,,,,
8422,07/15/2025 22:35:00,3.43,,,,,
8423,07/15/2025 22:40:00,3.34,,,,,
8424,07/15/2025 22:45:00,3.43,,,,,
8425,07/15/2025 22:50:00,3.39,,,,,
8426,07/15/2025 22:55:00,3.30,,,,,
8427,07/15/2025 23:00:00,3.21,,,,,
8428,07/15/2025 23:05:00,3.60,,,,,
8429,07/15/2025 23:10:00,3.86,,,,,
8430,07/15/2025 23:15:00,3.86,,,,,
8431,07/15/2025 23:20:00,3.90,,,,,
8432,07/15/2025 23:25:00,3.73,,,,,
8433,07/15/2025 23:30:00,3.82,,,,,
8434,07/15/2025 23:35:00,3.69,,,,,
8435,07/15/2025 23:40:00,3.47,,,,,
8436,07/15/2025 23:45:00,3.30,,,,,
8437,07/15/2025 23:50:00,3.09,,,,,
8438,07/15/2025 23:55:00,2.87,,,,,
8439,07/16/2025 00:00:00,3.86,,,,,
8440,07/16/2025 00:05:00,4.37,,,,,
8441,07/16/2025 00:10:00,4.33,,,,,
8442,07/16/2025 00:15:00,3.86,,,,,
8443,07/16/2025 00:20:00,3.60,,,,,
8444,07/16/2025 00:25:00,3.56,,,,,
8445,07/16/2025 00:30:00,3.34,,,,,
8446,07/16/2025 00:35:00,3.30,,,,,
8447,07/16/2025 00:40:00,3.34,,,,,
8448,07/16/2025 00:45:00,3.21,,,,,
8449,07/16/2025 00:50:00,3.34,,,,,
8450,07/16/2025 00:55:00,3.64,,,,,
8451,07/16/2025 01:00:00,4.03,,,,,
8452,07/16/2025 01:05:00,4.76,,,,,
8453,07/16/2025 01:10:00,5.49,,,,,
8454,07/16/2025 01:15:00,5.32,,,,,
8455,07/16/2025 01:20:00,5.40,,,,,
8456,07/16/2025 01:25:00,4.80,,,,,
8457,07/16/2025 01:30:00,4.80,,,,,
8458,07/16/2025 01:35:00,4.80,,,,,
8459,07/16/2025 01:40:00,4.93,,,,,
8460,07/16/2025 01:45:00,4.84,,,,,
8461,07/16/2025 01:50:00,4.72,,,,,
8462,07/16/2025 01:55:00,4.76,,,,,
8463,07/16/2025 02:00:00,4.50,,,,,
8464,07/16/2025 02:05:00,4.37,,,,,
8465,07/16/2025 02:10:00,4.76,,,,,
8466,07/16/2025 02:15:00,4.50,,,,,
8467,07/16/2025 02:20:00,4.20,,,,,
8468,07/16/2025 02:25:00,4.20,,,,,
8469,07/16/2025 02:30:00,3.94,,,,,
8470,07/16/2025 02:35:00,3.73,,,,,
8471,07/16/2025 02:40:00,3.73,,,,,
8472,07/16/2025 02:45:00,3.90,,,,,
8473,07/16/2025 02:50:00,3.69,,,,,
8474,07/16/2025 02:55:00,3.64,,,,,
8475,07/16/2025 03:00:00,3.39,,,,,
8476,07/16/2025 03:05:00,3.34,,,,,
8477,07/16/2025 03:10:00,3.64,,,,,
8478,07/16/2025 03:15:00,3.39,,,,,
8479,07/16/2025 03:20:00,3.69,,,,,
8480,07/16/2025 03:25:00,3.64,,,,,
8481,07/16/2025 03:30:00,3.43,,,,,
8482,07/16/2025 03:35:00,3.86,,,,,
8483,07/16/2025 03:40:00,3.94,,,,,
8484,07/16/2025 03:45:00,3.99,,,,,
8485,07/16/2025 03:50:00,4.03,,,,,
8486,07/16/2025 03:55:00,3.47,,,,,
8487,07/16/2025 04:00:00,4.12,,,,,
8488,07/16/2025 04:05:00,4.46,,,,,
8489,07/16/2025 04:10:00,4.46,,,,,
8490,07/16/2025 04:15:00,3.73,,,,,
8491,07/16/2025 04:20:00,3.47,,,,,
8492,07/16/2025 04:25:00,3.09,,,,,
8493,07/16/2025 04:30:00,3.13,,,,,
8494,07/16/2025 04:35:00,3.17,,,,,
8495,07/16/2025 04:40:00,3.52,,,,,
8496,07/16/2025 04:45:00,3.86,,,,,
8497,07/16/2025 04:50:00,3.64,,,,,
8498,07/16/2025 04:55:00,3.39,,,,,
8499,07/16/2025 05:00:00,3.60,,,,,
8500,07/16/2025 05:05:00,4.03,,,,,
8501,07/16/2025 05:10:00,3.73,,,,,
8502,07/16/2025 05:15:00,3.69,,,,,
8503,07/16/2025 05:20:00,3.56,,,,,
8504,07/16/2025 05:25:00,3.52,,,,,
8505,07/16/2025 05:30:00,3.56,,,,,
8506,07/16/2025 05:35:00,3.47,,,,,
8507,07/16/2025 05:40:00,3.34,,,,,
8508,07/16/2025 05:45:00,3.73,,,,,
8509,07/16/2025 05:50:00,3.73,,,,,
8510,07/16/2025 05:55:00,4.20,,,,,
8511,07/16/2025 06:00:00,4.54,,,,,
8512,07/16/2025 06:05:00,4.63,,,,,
8513,07/16/2025 06:10:00,4.76,,,,,
8514,07/16/2025 06:15:00,5.06,,,,,
8515,07/16/2025 06:20:00,4.76,,,,,
8516,07/16/2025 06:25:00,4.72,,,,,
8517,07/16/2025 06:30:00,4.97,,,,,
8518,07/16/2025 06:35:00,5.53,,,,,
8519,07/16/2025 06:40:00,5.79,,,,,
8520,07/16/2025 06:45:00,5.32,,,,,
8521,07/16/2025 06:50:00,4.54,,,,,
8522,07/16/2025 06:55:00,4.76,,,,,
8523,07/16/2025 07:00:00,4.54,,,,,
8524,07/16/2025 07:05:00,4.72,,,,,
8525,07/16/2025 07:10:00,5.70,,,,,
8526,07/16/2025 07:15:00,5.62,,,,,
8527,07/16/2025 07:20:00,6.65,,,,,
8528,07/16/2025 07:25:00,7.03,,,,,
8529,07/16/2025 07:30:00,5.83,,,,,
8530,07/16/2025 07:35:00,4.97,,,,,
8531,07/16/2025 07:40:00,4.37,,,,,
8532,07/16/2025 07:45:00,4.03,,,,,
8533,07/16/2025 07:50:00,4.89,,,,,
8534,07/16/2025 07:55:00,5.19,,,,,
8535,07/16/2025 08:00:00,5.23,,,,,
8536,07/16/2025 08:05:00,4.59,,,,,
8537,07/16/2025 08:10:00,4.29,,,,,
8538,07/16/2025 08:15:00,4.50,,,,,
8539,07/16/2025 08:20:00,5.10,,,,,
8540,07/16/2025 08:25:00,5.49,,,,,
8541,07/16/2025 08:30:00,5.62,,,,,
8542,07/16/2025 08:35:00,5.49,,,,,
8543,07/16/2025 08:40:00,5.87,,,,,
8544,07/16/2025 08:45:00,5.83,,,,,
8545,07/16/2025 08:50:00,5.83,,,,,
8546,07/16/2025 08:55:00,6.52,,,,,
8547,07/16/2025 09:00:00,6.95,,,,,
8548,07/16/2025 09:05:00,7.03,,,,,
8549,07/16/2025 09:10:00,7.12,,,,,
8550,07/16/2025 09:15:00,7.16,,,,,
8551,07/16/2025 09:20:00,7.25,,,,,
8552,07/16/2025 09:25:00,7.03,,,,,
8553,07/16/2025 09:30:00,6.05,,,,,
8554,07/16/2025 09:35:00,5.70,,,,,
8555,07/16/2025 09:40:00,6.00,,,,,
8556,07/16/2025 09:45:00,6.73,,,,,
8557,07/16/2025 09:50:00,7.38,,,,,
8558,07/16/2025 09:55:00,7.59,,,,,
8559,07/16/2025 10:00:00,7.03,,,,,
8560,07/16/2025 10:05:00,6.99,,,,,
8561,07/16/2025 10:10:00,6.43,,,,,
8562,07/16/2025 10:15:00,6.43,,,,,
8563,07/16/2025 10:20:00,6.39,,,,,
8564,07/16/2025 10:25:00,6.00,,,,,
8565,07/16/2025 10:30:00,6.60,,,,,
8566,07/16/2025 10:35:00,6.60,,,,,
8567,07/16/2025 10:40:00,6.13,,,,,
8568,07/16/2025 10:45:00,6.00,,,,,
8569,07/16/2025 10:50:00,6.52,,,,,
8570,07/16/2025 10:55:00,6.56,,,,,
8571,07/16/2025 11:00:00,6.60,,,,,
8572,07/16/2025 11:05:00,6.99,,,,,
8573,07/16/2025 11:10:00,6.56,,,,,
8574,07/16/2025 11:15:00,5.92,,,,,
8575,07/16/2025 11:20:00,5.57,,,,,
8576,07/16/2025 11:25:00,5.96,,,,,
8577,07/16/2025 11:30:00,5.92,,,,,
8578,07/16/2025 11:35:00,6.05,,,,,
8579,07/16/2025 11:40:00,6.13,,,,,
8580,07/16/2025 11:45:00,6.35,,,,,
8581,07/16/2025 11:50:00,6.52,,,,,
8582,07/16/2025 11:55:00,7.50,,,,,
8583,07/16/2025 12:00:00,6.99,,,,,
8584,07/16/2025 12:05:00,6.65,,,,,
8585,07/16/2025 12:10:00,6.48,,,,,
8586,07/16/2025 12:15:00,6.48,,,,,
8587,07/16/2025 12:20:00,6.22,,,,,
8588,07/16/2025 12:25:00,5.79,,,,,
8589,07/16/2025 12:30:00,5.66,,,,,
8590,07/16/2025 12:35:00,5.49,,,,,
8591,07/16/2025 12:40:00,5.66,,,,,
8592,07/16/2025 12:45:00,5.96,,,,,
8593,07/16/2025 12:50:00,6.26,,,,,
8594,07/16/2025 12:55:00,6.56,,,,,
8595,07/16/2025 13:00:00,6.90,,,,,
8596,07/16/2025 13:05:00,6.86,,,,,
8597,07/16/2025 13:10:00,6.52,,,,,
8598,07/16/2025 13:15:00,6.39,,,,,
8599,07/16/2025 13:20:00,6.78,,,,,
8600,07/16/2025 13:25:00,6.90,,,,,
8601,07/16/2025 13:30:00,7.20,,,,,
8602,07/16/2025 13:35:00,7.29,,,,,
8603,07/16/2025 13:40:00,7.33,,,,,
8604,07/16/2025 13:45:00,7.29,,,,,
8605,07/16/2025 13:50:00,7.38,,,,,
8606,07/16/2025 13:55:00,6.95,,,,,
8607,07/16/2025 14:00:00,6.73,,,,,
8608,07/16/2025 14:05:00,6.60,,,,,
8609,07/16/2025 14:10:00,6.39,,,,,
8610,07/16/2025 14:15:00,6.22,,,,,
8611,07/16/2025 14:20:00,6.13,,,,,
8612,07/16/2025 14:25:00,5.96,,,,,
8613,07/16/2025 14:30:00,5.96,,,,,
8614,07/16/2025 14:35:00,5.96,,,,,
8615,07/16/2025 14:40:00,6.26,,,,,
8616,07/16/2025 14:45:00,6.69,,,,,
8617,07/16/2025 14:50:00,6.00,,,,,
8618,07/16/2025 14:55:00,5.75,,,,,
8619,07/16/2025 15:00:00,5.96,,,,,
8620,07/16/2025 15:05:00,5.83,,,,,
8621,07/16/2025 15:10:00,6.13,,,,,
8622,07/16/2025 15:15:00,7.38,,,,,
8623,07/16/2025 15:20:00,7.50,,,,,
8624,07/16/2025 15:25:00,7.25,,,,,
8625,07/16/2025 15:30:00,6.35,,,,,
8626,07/16/2025 15:35:00,5.79,,,,,
8627,07/16/2025 15:40:00,5.83,,,,,
8628,07/16/2025 15:45:00,5.92,,,,,
8629,07/16/2025 15:50:00,5.79,,,,,
8630,07/16/2025 15:55:00,5.75,,,,,
8631,07/16/2025 16:00:00,5.66,,,,,
8632,07/16/2025 16:05:00,6.05,,,,,
8633,07/16/2025 16:10:00,5.96,,,,,
8634,07/16/2025 16:15:00,5.83,,,,,
8635,07/16/2025 16:20:00,6.90,,,,,
8636,07/16/2025 16:25:00,7.38,,,,,
8637,07/16/2025 16:30:00,7.63,,,,,
8638,07/16/2025 16:35:00,7.20,,,,,
8639,07/16/2025 16:40:00,6.82,,,,,
8640,07/16/2025 16:45:00,6.60,,,,,
8641,07/16/2025 16:50:00,6.56,,,,,
8642,07/16/2025 16:55:00,6.17,,,,,
8643,07/16/2025 17:00:00,6.17,,,,,
8644,07/16/2025 17:05:00,6.56,,,,,
8645,07/16/2025 17:10:00,6.13,,,,,
8646,07/16/2025 17:15:00,6.30,,,,,
8647,07/16/2025 17:20:00,6.60,,,,,
8648,07/16/2025 17:25:00,6.69,,,,,
8649,07/16/2025 17:30:00,7.12,,,,,
8650,07/16/2025 17:35:00,7.03,,,,,
8651,07/16/2025 17:40:00,8.36,,,,,
8652,07/16/2025 17:45:00,8.11,,,,,
8653,07/16/2025 17:50:00,7.76,,,,,
8654,07/16/2025 17:55:00,6.99,,,,,
8655,07/16/2025 18:00:00,6.60,,,,,
8656,07/16/2025 18:05:00,6.65,,,,,
8657,07/16/2025 18:10:00,7.68,,,,,
8658,07/16/2025 18:15:00,8.41,,,,,
8659,07/16/2025 18:20:00,7.16,,,,,
8660,07/16/2025 18:25:00,6.73,,,,,
8661,07/16/2025 18:30:00,6.56,,,,,
8662,07/16/2025 18:35:00,6.00,,,,,
8663,07/16/2025 18:40:00,6.05,,,,,
8664,07/16/2025 18:45:00,6.05,,,,,
8665,07/16/2025 18:50:00,5.57,,,,,
8666,07/16/2025 18:55:00,5.83,,,,,
8667,07/16/2025 19:00:00,5.87,,,,,
8668,07/16/2025 19:05:00,5.92,,,,,
8669,07/16/2025 19:10:00,6.09,,,,,
8670,07/16/2025 19:15:00,6.65,,,,,
8671,07/16/2025 19:20:00,7.12,,,,,
8672,07/16/2025 19:25:00,7.33,,,,,
8673,07/16/2025 19:30:00,6.65,,,,,
8674,07/16/2025 19:35:00,6.52,,,,,
8675,07/16/2025 19:40:00,6.73,,,,,
8676,07/16/2025 19:45:00,7.16,,,,,
8677,07/16/2025 19:50:00,7.08,,,,,
8678,07/16/2025 19:55:00,6.86,,,,,
8679,07/16/2025 20:00:00,6.26,,,,,
8680,07/16/2025 20:05:00,6.13,,,,,
8681,07/16/2025 20:10:00,5.87,,,,,
8682,07/16/2025 20:15:00,6.30,,,,,
8683,07/16/2025 20:20:00,7.12,,,,,
8684,07/16/2025 20:25:00,7.03,,,,,
8685,07/16/2025 20:30:00,6.82,,,,,
8686,07/16/2025 20:35:00,6.60,,,,,
8687,07/16/2025 20:40:00,6.17,,,,,
8688,07/16/2025 20:45:00,6.00,,,,,
8689,07/16/2025 20:50:00,6.43,,,,,
8690,07/16/2025 20:55:00,6.78,,,,,
8691,07/16/2025 21:00:00,6.30,,,,,
8692,07/16/2025 21:05:00,6.13,,,,,
8693,07/16/2025 21:10:00,6.00,,,,,
8694,07/16/2025 21:15:00,4.97,,,,,
8695,07/16/2025 21:20:00,4.72,,,,,
8696,07/16/2025 21:25:00,4.84,,,,,
8697,07/16/2025 21:30:00,5.32,,,,,
8698,07/16/2025 21:35:00,6.09,,,,,
8699,07/16/2025 21:40:00,5.79,,,,,
8700,07/16/2025 21:45:00,5.57,,,,,
8701,07/16/2025 21:50:00,5.66,,,,,
8702,07/16/2025 21:55:00,5.70,,,,,
8703,07/16/2025 22:00:00,5.66,,,,,
8704,07/16/2025 22:05:00,5.49,,,,,
8705,07/16/2025 22:10:00,5.32,,,,,
8706,07/16/2025 22:15:00,5.19,,,,,
8707,07/16/2025 22:20:00,4.80,,,,,
8708,07/16/2025 22:25:00,4.97,,,,,
8709,07/16/2025 22:30:00,4.84,,,,,
8710,07/16/2025 22:35:00,4.42,,,,,
8711,07/16/2025 22:40:00,4.12,,,,,
8712,07/16/2025 22:45:00,3.77,,,,,
8713,07/16/2025 22:50:00,3.82,,,,,
8714,07/16/2025 22:55:00,4.24,,,,,
8715,07/16/2025 23:00:00,4.59,,,,,
8716,07/16/2025 23:05:00,4.33,,,,,
8717,07/16/2025 23:10:00,3.86,,,,,
8718,07/16/2025 23:15:00,4.12,,,,,
8719,07/16/2025 23:20:00,4.03,,,,,
8720,07/16/2025 23:25:00,3.73,,,,,
8721,07/16/2025 23:30:00,3.47,,,,,
8722,07/16/2025 23:35:00,3.99,,,,,
8723,07/16/2025 23:40:00,4.24,,,,,
8724,07/16/2025 23:45:00,3.86,,,,,
8725,07/16/2025 23:50:00,3.73,,,,,
8726,07/16/2025 23:55:00,3.73,,,,,
8727,07/17/2025 00:00:00,3.56,,,,,
8728,07/17/2025 00:05:00,3.13,,,,,
8729,07/17/2025 00:10:00,2.91,,,,,
8730,07/17/2025 00:15:00,2.79,,,,,
8731,07/17/2025 00:20:00,2.91,,,,,
8732,07/17/2025 00:25:00,3.04,,,,,
8733,07/17/2025 00:30:00,3.30,,,,,
8734,07/17/2025 00:35:00,3.77,,,,,
8735,07/17/2025 00:40:00,3.64,,,,,
8736,07/17/2025 00:45:00,3.73,,,,,
8737,07/17/2025 00:50:00,3.94,,,,,
8738,07/17/2025 00:55:00,4.12,,,,,
8739,07/17/2025 01:00:00,4.16,,,,,
8740,07/17/2025 01:05:00,4.97,,,,,
8741,07/17/2025 01:10:00,4.72,,,,,
8742,07/17/2025 01:15:00,4.54,,,,,
8743,07/17/2025 01:20:00,4.72,,,,,
8744,07/17/2025 01:25:00,4.20,,,,,
8745,07/17/2025 01:30:00,3.73,,,,,
8746,07/17/2025 01:35:00,3.60,,,,,
8747,07/17/2025 01:40:00,3.39,,,,,
8748,07/17/2025 01:45:00,3.47,,,,,
8749,07/17/2025 01:50:00,3.73,,,,,
8750,07/17/2025 01:55:00,3.77,,,,,
8751,07/17/2025 02:00:00,3.82,,,,,
8752,07/17/2025 02:05:00,4.03,,,,,
8753,07/17/2025 02:10:00,3.64,,,,,
8754,07/17/2025 02:15:00,3.30,,,,,
8755,07/17/2025 02:20:00,3.73,,,,,
8756,07/17/2025 02:25:00,3.86,,,,,
8757,07/17/2025 02:30:00,3.30,,,,,
8758,07/17/2025 02:35:00,3.26,,,,,
8759,07/17/2025 02:40:00,3.30,,,,,
8760,07/17/2025 02:45:00,3.21,,,,,
8761,07/17/2025 02:50:00,2.91,,,,,
8762,07/17/2025 02:55:00,2.74,,,,,
8763,07/17/2025 03:00:00,2.70,,,,,
8764,07/17/2025 03:05:00,3.04,,,,,
8765,07/17/2025 03:10:00,3.09,,,,,
8766,07/17/2025 03:15:00,2.96,,,,,
8767,07/17/2025 03:20:00,2.57,,,,,
8768,07/17/2025 03:25:00,2.36,,,,,
8769,07/17/2025 03:30:00,2.53,,,,,
8770,07/17/2025 03:35:00,2.49,,,,,
8771,07/17/2025 03:40:00,2.44,,,,,
8772,07/17/2025 03:45:00,2.44,,,,,
8773,07/17/2025 03:50:00,2.44,,,,,
8774,07/17/2025 03:55:00,2.44,,,,,
8775,07/17/2025 04:00:00,2.70,,,,,
8776,07/17/2025 04:05:00,2.57,,,,,
8777,07/17/2025 04:10:00,2.96,,,,,
8778,07/17/2025 04:15:00,2.79,,,,,
8779,07/17/2025 04:20:00,2.61,,,,,
8780,07/17/2025 04:25:00,2.44,,,,,
8781,07/17/2025 04:30:00,2.40,,,,,
8782,07/17/2025 04:35:00,2.44,,,,,
8783,07/17/2025 04:40:00,2.66,,,,,
8784,07/17/2025 04:45:00,2.70,,,,,
8785,07/17/2025 04:50:00,2.74,,,,,
8786,07/17/2025 04:55:00,2.96,,,,,
8787,07/17/2025 05:00:00,3.26,,,,,
8788,07/17/2025 05:05:00,3.52,,,,,
8789,07/17/2025 05:10:00,3.56,,,,,
8790,07/17/2025 05:15:00,3.56,,,,,
8791,07/17/2025 05:20:00,3.30,,,,,
8792,07/17/2025 05:25:00,3.13,,,,,
8793,07/17/2025 05:30:00,3.09,,,,,
8794,07/17/2025 05:35:00,3.43,,,,,
8795,07/17/2025 05:40:00,3.47,,,,,
8796,07/17/2025 05:45:00,3.39,,,,,
8797,07/17/2025 05:50:00,3.30,,,,,
8798,07/17/2025 05:55:00,3.47,,,,,
8799,07/17/2025 06:00:00,3.43,,,,,
8800,07/17/2025 06:05:00,3.30,,,,,
8801,07/17/2025 06:10:00,3.26,,,,,
8802,07/17/2025 06:15:00,4.07,,,,,
8803,07/17/2025 06:20:00,3.94,,,,,
8804,07/17/2025 06:25:00,3.77,,,,,
8805,07/17/2025 06:30:00,3.69,,,,,
8806,07/17/2025 06:35:00,3.64,,,,,
8807,07/17/2025 06:40:00,3.60,,,,,
8808,07/17/2025 06:45:00,3.64,,,,,
8809,07/17/2025 06:50:00,3.56,,,,,
8810,07/17/2025 06:55:00,3.52,,,,,
8811,07/17/2025 07:00:00,3.82,,,,,
8812,07/17/2025 07:05:00,4.12,,,,,
8813,07/17/2025 07:10:00,4.59,,,,,
8814,07/17/2025 07:15:00,4.59,,,,,
8815,07/17/2025 07:20:00,4.37,,,,,
8816,07/17/2025 07:25:00,4.24,,,,,
8817,07/17/2025 07:30:00,4.29,,,,,
8818,07/17/2025 07:35:00,4.24,,,,,
8819,07/17/2025 07:40:00,4.07,,,,,
8820,07/17/2025 07:45:00,3.99,,,,,
8821,07/17/2025 07:50:00,4.07,,,,,
8822,07/17/2025 07:55:00,4.12,,,,,
8823,07/17/2025 08:00:00,4.16,,,,,
8824,07/17/2025 08:05:00,4.42,,,,,
8825,07/17/2025 08:10:00,4.63,,,,,
8826,07/17/2025 08:15:00,4.84,,,,,
8827,07/17/2025 08:20:00,5.06,,,,,
8828,07/17/2025 08:25:00,5.10,,,,,
8829,07/17/2025 08:30:00,4.89,,,,,
8830,07/17/2025 08:35:00,4.80,,,,,
8831,07/17/2025 08:40:00,5.10,,,,,
8832,07/17/2025 08:45:00,5.19,,,,,
8833,07/17/2025 08:50:00,4.97,,,,,
8834,07/17/2025 08:55:00,4.97,,,,,
8835,07/17/2025 09:00:00,5.02,,,,,
8836,07/17/2025 09:05:00,5.66,,,,,
8837,07/17/2025 09:10:00,5.70,,,,,
8838,07/17/2025 09:15:00,6.00,,,,,
8839,07/17/2025 09:20:00,5.66,,,,,
8840,07/17/2025 09:25:00,5.92,,,,,
8841,07/17/2025 09:30:00,5.92,,,,,
8842,07/17/2025 09:35:00,6.35,,,,,
8843,07/17/2025 09:40:00,6.60,,,,,
8844,07/17/2025 09:45:00,7.38,,,,,
8845,07/17/2025 09:50:00,8.19,,,,,
8846,07/17/2025 09:55:00,7.81,,,,,
8847,07/17/2025 10:00:00,7.33,,,,,
8848,07/17/2025 10:05:00,7.42,,,,,
8849,07/17/2025 10:10:00,9.01,,,,,
8850,07/17/2025 10:15:00,9.14,,,,,
8851,07/17/2025 10:20:00,8.53,,,,,
8852,07/17/2025 10:25:00,8.79,,,,,
8853,07/17/2025 10:30:00,8.62,,,,,
8854,07/17/2025 10:35:00,9.26,,,,,
8855,07/17/2025 10:40:00,9.65,,,,,
8856,07/17/2025 10:45:00,9.86,,,,,
8857,07/17/2025 10:50:00,9.35,,,,,
8858,07/17/2025 10:55:00,8.32,,,,,
8859,07/17/2025 11:00:00,8.28,,,,,
8860,07/17/2025 11:05:00,8.83,,,,,
8861,07/17/2025 11:10:00,9.99,,,,,
8862,07/17/2025 11:15:00,10.29,,,,,
8863,07/17/2025 11:20:00,8.88,,,,,
8864,07/17/2025 11:25:00,8.11,,,,,
8865,07/17/2025 11:30:00,7.98,,,,,
8866,07/17/2025 11:35:00,7.72,,,,,
8867,07/17/2025 11:40:00,8.41,,,,,
8868,07/17/2025 11:45:00,8.06,,,,,
8869,07/17/2025 11:50:00,8.28,,,,,
8870,07/17/2025 11:55:00,8.15,,,,,
8871,07/17/2025 12:00:00,8.11,,,,,
8872,07/17/2025 12:05:00,7.50,,,,,
8873,07/17/2025 12:10:00,9.52,,,,,
8874,07/17/2025 12:15:00,12.10,,,,,
8875,07/17/2025 12:20:00,12.87,,,,,
8876,07/17/2025 12:25:00,12.87,,,,,
8877,07/17/2025 12:30:00,14.71,,,,,
8878,07/17/2025 12:35:00,15.27,,,,,
8879,07/17/2025 12:40:00,13.43,,,,,
8880,07/17/2025 12:45:00,12.44,,,,,
8881,07/17/2025 12:50:00,14.24,,,,,
8882,07/17/2025 12:55:00,14.20,,,,,
8883,07/17/2025 13:00:00,13.38,,,,,
8884,07/17/2025 13:05:00,13.21,,,,,
8885,07/17/2025 13:10:00,12.18,,,,,
8886,07/17/2025 13:15:00,11.19,,,,,
8887,07/17/2025 13:20:00,9.95,,,,,
8888,07/17/2025 13:25:00,9.82,,,,,
8889,07/17/2025 13:30:00,11.79,,,,,
8890,07/17/2025 13:35:00,12.14,,,,,
8891,07/17/2025 13:40:00,10.85,,,,,
8892,07/17/2025 13:45:00,10.16,,,,,
8893,07/17/2025 13:50:00,11.24,,,,,
8894,07/17/2025 13:55:00,14.24,,,,,
8895,07/17/2025 14:00:00,14.33,,,,,
8896,07/17/2025 14:05:00,13.04,,,,,
8897,07/17/2025 14:10:00,10.21,,,,,
8898,07/17/2025 14:15:00,9.22,,,,,
8899,07/17/2025 14:20:00,8.06,,,,,
8900,07/17/2025 14:25:00,6.52,,,,,
8901,07/17/2025 14:30:00,5.96,,,,,
8902,07/17/2025 14:35:00,6.30,,,,,
8903,07/17/2025 14:40:00,5.83,,,,,
8904,07/17/2025 14:45:00,5.36,,,,,
8905,07/17/2025 14:50:00,5.23,,,,,
8906,07/17/2025 14:55:00,5.45,,,,,
8907,07/17/2025 15:00:00,5.32,,,,,
8908,07/17/2025 15:05:00,5.10,,,,,
8909,07/17/2025 15:10:00,5.10,,,,,
8910,07/17/2025 15:15:00,5.27,,,,,
8911,07/17/2025 15:20:00,5.49,,,,,
8912,07/17/2025 15:25:00,5.62,,,,,
8913,07/17/2025 15:30:00,5.70,,,,,
8914,07/17/2025 15:35:00,5.53,,,,,
8915,07/17/2025 15:40:00,5.57,,,,,
8916,07/17/2025 15:45:00,5.49,,,,,
8917,07/17/2025 15:50:00,6.22,,,,,
8918,07/17/2025 15:55:00,6.99,,,,,
8919,07/17/2025 16:00:00,6.82,,,,,
8920,07/17/2025 16:05:00,6.90,,,,,
8921,07/17/2025 16:10:00,6.82,,,,,
8922,07/17/2025 16:15:00,7.12,,,,,
8923,07/17/2025 16:20:00,6.69,,,,,
8924,07/17/2025 16:25:00,6.69,,,,,
8925,07/17/2025 16:30:00,7.29,,,,,
8926,07/17/2025 16:35:00,8.45,,,,,
8927,07/17/2025 16:40:00,8.02,,,,,
8928,07/17/2025 16:45:00,8.88,,,,,
8929,07/17/2025 16:50:00,10.34,,,,,
8930,07/17/2025 16:55:00,11.37,,,,,
8931,07/17/2025 17:00:00,11.62,,,,,
8932,07/17/2025 17:05:00,9.78,,,,,
8933,07/17/2025 17:10:00,7.59,,,,,
8934,07/17/2025 17:15:00,6.26,,,,,
8935,07/17/2025 17:20:00,5.83,,,,,
8936,07/17/2025 17:25:00,5.62,,,,,
8937,07/17/2025 17:30:00,5.75,,,,,
8938,07/17/2025 17:35:00,6.73,,,,,
8939,07/17/2025 17:40:00,6.78,,,,,
8940,07/17/2025 17:45:00,6.86,,,,,
8941,07/17/2025 17:50:00,6.09,,,,,
8942,07/17/2025 17:55:00,6.22,,,,,
8943,07/17/2025 18:00:00,5.79,,,,,
8944,07/17/2025 18:05:00,5.32,,,,,
8945,07/17/2025 18:10:00,5.70,,,,,
8946,07/17/2025 18:15:00,6.00,,,,,
8947,07/17/2025 18:20:00,5.40,,,,,
8948,07/17/2025 18:25:00,6.05,,,,,
8949,07/17/2025 18:30:00,5.49,,,,,
8950,07/17/2025 18:35:00,5.32,,,,,
8951,07/17/2025 18:40:00,5.40,,,,,
8952,07/17/2025 18:45:00,4.97,,,,,
8953,07/17/2025 18:50:00,4.72,,,,,
8954,07/17/2025 18:55:00,4.72,,,,,
8955,07/17/2025 19:00:00,4.59,,,,,
8956,07/17/2025 19:05:00,5.15,,,,,
8957,07/17/2025 19:10:00,5.83,,,,,
8958,07/17/2025 19:15:00,5.70,,,,,
8959,07/17/2025 19:20:00,5.75,,,,,
8960,07/17/2025 19:25:00,5.83,,,,,
8961,07/17/2025 19:30:00,5.96,,,,,
8962,07/17/2025 19:35:00,5.96,,,,,
8963,07/17/2025 19:40:00,6.00,,,,,
8964,07/17/2025 19:45:00,5.40,,,,,
8965,07/17/2025 19:50:00,5.40,,,,,
8966,07/17/2025 19:55:00,5.27,,,,,
8967,07/17/2025 20:00:00,5.23,,,,,
8968,07/17/2025 20:05:00,5.27,,,,,
8969,07/17/2025 20:10:00,5.19,,,,,
8970,07/17/2025 20:15:00,4.93,,,,,
8971,07/17/2025 20:20:00,4.72,,,,,
8972,07/17/2025 20:25:00,4.63,,,,,
8973,07/17/2025 20:30:00,4.46,,,,,
8974,07/17/2025 20:35:00,4.29,,,,,
8975,07/17/2025 20:40:00,3.77,,,,,
8976,07/17/2025 20:45:00,3.60,,,,,
8977,07/17/2025 20:50:00,3.39,,,,,
8978,07/17/2025 20:55:00,2.91,,,,,
8979,07/17/2025 21:00:00,2.83,,,,,
8980,07/17/2025 21:05:00,2.70,,,,,
8981,07/17/2025 21:10:00,2.70,,,,,
8982,07/17/2025 21:15:00,2.61,,,,,
8983,07/17/2025 21:20:00,2.70,,,,,
8984,07/17/2025 21:25:00,2.74,,,,,
8985,07/17/2025 21:30:00,2.49,,,,,
8986,07/17/2025 21:35:00,2.49,,,,,
8987,07/17/2025 21:40:00,2.23,,,,,
8988,07/17/2025 21:45:00,2.36,,,,,
8989,07/17/2025 21:50:00,2.49,,,,,
8990,07/17/2025 21:55:00,2.10,,,,,
8991,07/17/2025 22:00:00,2.01,,,,,
8992,07/17/2025 22:05:00,2.49,,,,,
8993,07/17/2025 22:10:00,2.74,,,,,
8994,07/17/2025 22:15:00,2.44,,,,,
8995,07/17/2025 22:20:00,2.23,,,,,
8996,07/17/2025 22:25:00,1.97,,,,,
8997,07/17/2025 22:30:00,1.63,,,,,
8998,07/17/2025 22:35:00,1.76,,,,,
8999,07/17/2025 22:40:00,1.88,,,,,
9000,07/17/2025 22:45:00,1.41,,,,,
9001,07/17/2025 22:50:00,1.16,,,,,
9002,07/17/2025 22:55:00,1.46,,,,,
9003,07/17/2025 23:00:00,1.67,,,,,
9004,07/17/2025 23:05:00,1.88,,,,,
9005,07/17/2025 23:10:00,2.19,,,,,
9006,07/17/2025 23:15:00,2.36,,,,,
9007,07/17/2025 23:20:00,2.40,,,,,
9008,07/17/2025 23:25:00,2.19,,,,,
9009,07/17/2025 23:30:00,1.97,,,,,
9010,07/17/2025 23:35:00,1.67,,,,,
9011,07/17/2025 23:40:00,1.58,,,,,
9012,07/17/2025 23:45:00,1.33,,,,,
9013,07/17/2025 23:50:00,1.03,,,,,
9014,07/17/2025 23:55:00,1.54,,,,,
9015,07/18/2025 00:00:00,2.31,,,,,
9016,07/18/2025 00:05:00,2.66,,,,,
9017,07/18/2025 00:10:00,2.19,,,,,
9018,07/18/2025 00:15:00,1.84,,,,,
9019,07/18/2025 00:20:00,1.67,,,,,
9020,07/18/2025 00:25:00,1.54,,,,,
9021,07/18/2025 00:30:00,1.33,,,,,
9022,07/18/2025 00:35:00,1.28,,,,,
9023,07/18/2025 00:40:00,1.24,,,,,
9024,07/18/2025 00:45:00,1.50,,,,,
9025,07/18/2025 00:50:00,1.97,,,,,
9026,07/18/2025 00:55:00,2.14,,,,,
9027,07/18/2025 01:00:00,2.19,,,,,
9028,07/18/2025 01:05:00,2.74,,,,,
9029,07/18/2025 01:10:00,2.79,,,,,
9030,07/18/2025 01:15:00,2.91,,,,,
9031,07/18/2025 01:20:00,3.56,,,,,
9032,07/18/2025 01:25:00,3.77,,,,,
9033,07/18/2025 01:30:00,3.73,,,,,
9034,07/18/2025 01:35:00,4.07,,,,,
9035,07/18/2025 01:40:00,3.43,,,,,
9036,07/18/2025 01:45:00,2.87,,,,,
9037,07/18/2025 01:50:00,2.49,,,,,
9038,07/18/2025 01:55:00,2.36,,,,,
9039,07/18/2025 02:00:00,3.09,,,,,
9040,07/18/2025 02:05:00,3.47,,,,,
9041,07/18/2025 02:10:00,3.77,,,,,
9042,07/18/2025 02:15:00,4.07,,,,,
9043,07/18/2025 02:20:00,4.24,,,,,
9044,07/18/2025 02:25:00,4.50,,,,,
9045,07/18/2025 02:30:00,4.89,,,,,
9046,07/18/2025 02:35:00,5.06,,,,,
9047,07/18/2025 02:40:00,4.59,,,,,
9048,07/18/2025 02:45:00,5.32,,,,,
9049,07/18/2025 02:50:00,6.52,,,,,
9050,07/18/2025 02:55:00,6.56,,,,,
9051,07/18/2025 03:00:00,6.39,,,,,
9052,07/18/2025 03:05:00,6.43,,,,,
9053,07/18/2025 03:10:00,5.79,,,,,
9054,07/18/2025 03:15:00,5.57,,,,,
9055,07/18/2025 03:20:00,5.23,,,,,
9056,07/18/2025 03:25:00,5.32,,,,,
9057,07/18/2025 03:30:00,5.32,,,,,
9058,07/18/2025 03:35:00,6.17,,,,,
9059,07/18/2025 03:40:00,5.23,,,,,
9060,07/18/2025 03:45:00,4.12,,,,,
9061,07/18/2025 03:50:00,3.99,,,,,
9062,07/18/2025 03:55:00,4.24,,,,,
9063,07/18/2025 04:00:00,3.90,,,,,
9064,07/18/2025 04:05:00,4.37,,,,,
9065,07/18/2025 04:10:00,4.50,,,,,
9066,07/18/2025 04:15:00,4.24,,,,,
9067,07/18/2025 04:20:00,3.99,,,,,
9068,07/18/2025 04:25:00,4.03,,,,,
9069,07/18/2025 04:30:00,3.69,,,,,
9070,07/18/2025 04:35:00,3.73,,,,,
9071,07/18/2025 04:40:00,3.86,,,,,
9072,07/18/2025 04:45:00,4.50,,,,,
9073,07/18/2025 04:50:00,4.80,,,,,
9074,07/18/2025 04:55:00,4.50,,,,,
9075,07/18/2025 05:00:00,4.46,,,,,
9076,07/18/2025 05:05:00,4.63,,,,,
9077,07/18/2025 05:10:00,4.29,,,,,
9078,07/18/2025 05:15:00,4.76,,,,,
9079,07/18/2025 05:20:00,4.59,,,,,
9080,07/18/2025 05:25:00,4.42,,,,,
9081,07/18/2025 05:30:00,4.20,,,,,
9082,07/18/2025 05:35:00,4.20,,,,,
9083,07/18/2025 05:40:00,3.82,,,,,
9084,07/18/2025 05:45:00,4.63,,,,,
9085,07/18/2025 05:50:00,5.53,,,,,
9086,07/18/2025 05:55:00,5.62,,,,,
9087,07/18/2025 06:00:00,5.83,,,,,
9088,07/18/2025 06:05:00,5.70,,,,,
9089,07/18/2025 06:10:00,5.96,,,,,
9090,07/18/2025 06:15:00,5.57,,,,,
9091,07/18/2025 06:20:00,5.10,,,,,
9092,07/18/2025 06:25:00,5.02,,,,,
9093,07/18/2025 06:30:00,5.15,,,,,
9094,07/18/2025 06:35:00,5.40,,,,,
9095,07/18/2025 06:40:00,5.70,,,,,
9096,07/18/2025 06:45:00,5.23,,,,,
9097,07/18/2025 06:50:00,5.36,,,,,
9098,07/18/2025 06:55:00,5.70,,,,,
9099,07/18/2025 07:00:00,5.96,,,,,
9100,07/18/2025 07:05:00,6.13,,,,,
9101,07/18/2025 07:10:00,5.83,,,,,
9102,07/18/2025 07:15:00,6.17,,,,,
9103,07/18/2025 07:20:00,6.56,,,,,
9104,07/18/2025 07:25:00,6.78,,,,,
9105,07/18/2025 07:30:00,6.65,,,,,
9106,07/18/2025 07:35:00,6.30,,,,,
9107,07/18/2025 07:40:00,6.35,,,,,
9108,07/18/2025 07:45:00,6.48,,,,,
9109,07/18/2025 07:50:00,6.60,,,,,
9110,07/18/2025 07:55:00,6.65,,,,,
9111,07/18/2025 08:00:00,6.60,,,,,
9112,07/18/2025 08:05:00,6.82,,,,,
9113,07/18/2025 08:10:00,6.90,,,,,
9114,07/18/2025 08:15:00,6.82,,,,,
9115,07/18/2025 08:20:00,7.12,,,,,
9116,07/18/2025 08:25:00,6.95,,,,,
9117,07/18/2025 08:30:00,6.60,,,,,
9118,07/18/2025 08:35:00,6.35,,,,,
9119,07/18/2025 08:40:00,6.39,,,,,
9120,07/18/2025 08:45:00,6.52,,,,,
9121,07/18/2025 08:50:00,6.56,,,,,
9122,07/18/2025 08:55:00,6.82,,,,,
9123,07/18/2025 09:00:00,7.29,,,,,
9124,07/18/2025 09:05:00,7.76,,,,,
9125,07/18/2025 09:10:00,8.23,,,,,
9126,07/18/2025 09:15:00,8.36,,,,,
9127,07/18/2025 09:20:00,8.41,,,,,
9128,07/18/2025 09:25:00,8.11,,,,,
9129,07/18/2025 09:30:00,7.72,,,,,
9130,07/18/2025 09:35:00,6.73,,,,,
9131,07/18/2025 09:40:00,7.50,,,,,
9132,07/18/2025 09:45:00,7.81,,,,,
9133,07/18/2025 09:50:00,8.19,,,,,
9134,07/18/2025 09:55:00,8.49,,,,,
9135,07/18/2025 10:00:00,8.53,,,,,
9136,07/18/2025 10:05:00,7.81,,,,,
9137,07/18/2025 10:10:00,7.29,,,,,
9138,07/18/2025 10:15:00,7.38,,,,,
9139,07/18/2025 10:20:00,7.63,,,,,
9140,07/18/2025 10:25:00,7.81,,,,,
9141,07/18/2025 10:30:00,8.19,,,,,
9142,07/18/2025 10:35:00,7.98,,,,,
9143,07/18/2025 10:40:00,8.02,,,,,
9144,07/18/2025 10:45:00,7.98,,,,,
9145,07/18/2025 10:50:00,7.55,,,,,
9146,07/18/2025 10:55:00,7.12,,,,,
9147,07/18/2025 11:00:00,8.11,,,,,
9148,07/18/2025 11:05:00,8.11,,,,,
9149,07/18/2025 11:10:00,7.46,,,,,
9150,07/18/2025 11:15:00,7.81,,,,,
9151,07/18/2025 11:20:00,7.85,,,,,
9152,07/18/2025 11:25:00,8.11,,,,,
9153,07/18/2025 11:30:00,8.28,,,,,
9154,07/18/2025 11:35:00,7.98,,,,,
9155,07/18/2025 11:40:00,8.28,,,,,
9156,07/18/2025 11:45:00,7.89,,,,,
9157,07/18/2025 11:50:00,7.59,,,,,
9158,07/18/2025 11:55:00,8.83,,,,,
9159,07/18/2025 12:00:00,9.18,,,,,
9160,07/18/2025 12:05:00,8.66,,,,,
9161,07/18/2025 12:10:00,8.36,,,,,
9162,07/18/2025 12:15:00,8.23,,,,,
9163,07/18/2025 12:20:00,8.23,,,,,
9164,07/18/2025 12:25:00,9.14,,,,,
9165,07/18/2025 12:30:00,8.36,,,,,
9166,07/18/2025 12:35:00,8.06,,,,,
9167,07/18/2025 12:40:00,7.89,,,,,
9168,07/18/2025 12:45:00,7.63,,,,,
9169,07/18/2025 12:50:00,7.16,,,,,
9170,07/18/2025 12:55:00,6.99,,,,,
9171,07/18/2025 13:00:00,7.08,,,,,
9172,07/18/2025 13:05:00,7.08,,,,,
9173,07/18/2025 13:10:00,7.08,,,,,
9174,07/18/2025 13:15:00,7.12,,,,,
9175,07/18/2025 13:20:00,7.16,,,,,
9176,07/18/2025 13:25:00,7.33,,,,,
9177,07/18/2025 13:30:00,7.50,,,,,
9178,07/18/2025 13:35:00,7.50,,,,,
9179,07/18/2025 13:40:00,7.55,,,,,
9180,07/18/2025 13:45:00,7.50,,,,,
9181,07/18/2025 13:50:00,7.29,,,,,
9182,07/18/2025 13:55:00,7.29,,,,,
9183,07/18/2025 14:00:00,7.50,,,,,
9184,07/18/2025 14:05:00,7.50,,,,,
9185,07/18/2025 14:10:00,7.42,,,,,
9186,07/18/2025 14:15:00,7.63,,,,,
9187,07/18/2025 14:20:00,7.42,,,,,
9188,07/18/2025 14:25:00,7.68,,,,,
9189,07/18/2025 14:30:00,7.63,,,,,
9190,07/18/2025 14:35:00,7.33,,,,,
9191,07/18/2025 14:40:00,7.68,,,,,
9192,07/18/2025 14:45:00,7.46,,,,,
9193,07/18/2025 14:50:00,7.25,,,,,
9194,07/18/2025 14:55:00,7.55,,,,,
9195,07/18/2025 15:00:00,7.42,,,,,
9196,07/18/2025 15:05:00,7.72,,,,,
9197,07/18/2025 15:10:00,7.76,,,,,
9198,07/18/2025 15:15:00,7.68,,,,,
9199,07/18/2025 15:20:00,7.63,,,,,
9200,07/18/2025 15:25:00,7.72,,,,,
9201,07/18/2025 15:30:00,7.59,,,,,
9202,07/18/2025 15:35:00,7.46,,,,,
9203,07/18/2025 15:40:00,7.68,,,,,
9204,07/18/2025 15:45:00,7.72,,,,,
9205,07/18/2025 15:50:00,7.63,,,,,
9206,07/18/2025 15:55:00,7.46,,,,,
9207,07/18/2025 16:00:00,7.33,,,,,
9208,07/18/2025 16:05:00,7.33,,,,,
9209,07/18/2025 16:10:00,7.33,,,,,
9210,07/18/2025 16:15:00,7.08,,,,,
9211,07/18/2025 16:20:00,7.03,,,,,
9212,07/18/2025 16:25:00,7.29,,,,,
9213,07/18/2025 16:30:00,7.33,,,,,
9214,07/18/2025 16:35:00,7.08,,,,,
9215,07/18/2025 16:40:00,7.29,,,,,
9216,07/18/2025 16:45:00,7.59,,,,,
9217,07/18/2025 16:50:00,7.08,,,,,
9218,07/18/2025 16:55:00,6.73,,,,,
9219,07/18/2025 17:00:00,6.73,,,,,
9220,07/18/2025 17:05:00,6.52,,,,,
9221,07/18/2025 17:10:00,6.17,,,,,
9222,07/18/2025 17:15:00,6.30,,,,,
9223,07/18/2025 17:20:00,6.52,,,,,
9224,07/18/2025 17:25:00,6.56,,,,,
9225,07/18/2025 17:30:00,6.90,,,,,
9226,07/18/2025 17:35:00,7.08,,,,,
9227,07/18/2025 17:40:00,7.03,,,,,
9228,07/18/2025 17:45:00,6.73,,,,,
9229,07/18/2025 17:50:00,6.82,,,,,
9230,07/18/2025 17:55:00,6.65,,,,,
9231,07/18/2025 18:00:00,6.60,,,,,
9232,07/18/2025 18:05:00,6.69,,,,,
9233,07/18/2025 18:10:00,6.26,,,,,
9234,07/18/2025 18:15:00,6.05,,,,,
9235,07/18/2025 18:20:00,6.00,,,,,
9236,07/18/2025 18:25:00,6.22,,,,,
9237,07/18/2025 18:30:00,6.39,,,,,
9238,07/18/2025 18:35:00,6.26,,,,,
9239,07/18/2025 18:40:00,6.60,,,,,
9240,07/18/2025 18:45:00,6.43,,,,,
9241,07/18/2025 18:50:00,6.35,,,,,
9242,07/18/2025 18:55:00,5.79,,,,,
9243,07/18/2025 19:00:00,5.83,,,,,
9244,07/18/2025 19:05:00,5.83,,,,,
9245,07/18/2025 19:10:00,5.83,,,,,
9246,07/18/2025 19:15:00,5.87,,,,,
9247,07/18/2025 19:20:00,5.10,,,,,
9248,07/18/2025 19:25:00,5.36,,,,,
9249,07/18/2025 19:30:00,5.57,,,,,
9250,07/18/2025 19:35:00,5.40,,,,,
9251,07/18/2025 19:40:00,5.49,,,,,
9252,07/18/2025 19:45:00,5.62,,,,,
9253,07/18/2025 19:50:00,5.70,,,,,
9254,07/18/2025 19:55:00,5.83,,,,,
9255,07/18/2025 20:00:00,6.05,,,,,
9256,07/18/2025 20:05:00,6.17,,,,,
9257,07/18/2025 20:10:00,5.92,,,,,
9258,07/18/2025 20:15:00,5.87,,,,,
9259,07/18/2025 20:20:00,6.17,,,,,
9260,07/18/2025 20:25:00,6.05,,,,,
9261,07/18/2025 20:30:00,5.92,,,,,
9262,07/18/2025 20:35:00,6.22,,,,,
9263,07/18/2025 20:40:00,6.00,,,,,
9264,07/18/2025 20:45:00,5.32,,,,,
9265,07/18/2025 20:50:00,5.36,,,,,
9266,07/18/2025 20:55:00,5.10,,,,,
9267,07/18/2025 21:00:00,4.37,,,,,
9268,07/18/2025 21:05:00,4.07,,,,,
9269,07/18/2025 21:10:00,4.16,,,,,
9270,07/18/2025 21:15:00,3.90,,,,,
9271,07/18/2025 21:20:00,4.12,,,,,
9272,07/18/2025 21:25:00,4.12,,,,,
9273,07/18/2025 21:30:00,3.60,,,,,
9274,07/18/2025 21:35:00,3.60,,,,,
9275,07/18/2025 21:40:00,4.46,,,,,
9276,07/18/2025 21:45:00,4.29,,,,,
9277,07/18/2025 21:50:00,4.42,,,,,
9278,07/18/2025 21:55:00,5.06,,,,,
9279,07/18/2025 22:00:00,4.63,,,,,
9280,07/18/2025 22:05:00,4.59,,,,,
9281,07/18/2025 22:10:00,4.80,,,,,
9282,07/18/2025 22:15:00,4.42,,,,,
9283,07/18/2025 22:20:00,4.63,,,,,
9284,07/18/2025 22:25:00,4.89,,,,,
9285,07/18/2025 22:30:00,4.59,,,,,
9286,07/18/2025 22:35:00,4.24,,,,,
9287,07/18/2025 22:40:00,4.07,,,,,
9288,07/18/2025 22:45:00,4.03,,,,,
9289,07/18/2025 22:50:00,3.56,,,,,
9290,07/18/2025 22:55:00,3.73,,,,,
9291,07/18/2025 23:00:00,3.77,,,,,
9292,07/18/2025 23:05:00,3.64,,,,,
9293,07/18/2025 23:10:00,3.30,,,,,
9294,07/18/2025 23:15:00,3.13,,,,,
9295,07/18/2025 23:20:00,2.96,,,,,
9296,07/18/2025 23:25:00,3.04,,,,,
9297,07/18/2025 23:30:00,3.39,,,,,
9298,07/18/2025 23:35:00,3.60,,,,,
9299,07/18/2025 23:40:00,3.73,,,,,
9300,07/18/2025 23:45:00,4.12,,,,,
9301,07/18/2025 23:50:00,4.20,,,,,
9302,07/18/2025 23:55:00,3.90,,,,,
9303,07/19/2025 00:00:00,4.16,,,,,
9304,07/19/2025 00:05:00,3.90,,,,,
9305,07/19/2025 00:10:00,3.60,,,,,
9306,07/19/2025 00:15:00,3.69,,,,,
9307,07/19/2025 00:20:00,3.77,,,,,
9308,07/19/2025 00:25:00,3.43,,,,,
9309,07/19/2025 00:30:00,3.21,,,,,
9310,07/19/2025 00:35:00,3.34,,,,,
9311,07/19/2025 00:40:00,3.30,,,,,
9312,07/19/2025 00:45:00,3.30,,,,,
9313,07/19/2025 00:50:00,3.43,,,,,
9314,07/19/2025 00:55:00,3.26,,,,,
9315,07/19/2025 01:00:00,3.04,,,,,
9316,07/19/2025 01:05:00,3.21,,,,,
9317,07/19/2025 01:10:00,3.21,,,,,
9318,07/19/2025 01:15:00,3.04,,,,,
9319,07/19/2025 01:20:00,2.96,,,,,
9320,07/19/2025 01:25:00,2.79,,,,,
9321,07/19/2025 01:30:00,2.96,,,,,
9322,07/19/2025 01:35:00,3.21,,,,,
9323,07/19/2025 01:40:00,3.17,,,,,
9324,07/19/2025 01:45:00,3.26,,,,,
9325,07/19/2025 01:50:00,3.04,,,,,
9326,07/19/2025 01:55:00,3.00,,,,,
9327,07/19/2025 02:00:00,3.34,,,,,
9328,07/19/2025 02:05:00,3.47,,,,,
9329,07/19/2025 02:10:00,3.47,,,,,
9330,07/19/2025 02:15:00,3.30,,,,,
9331,07/19/2025 02:20:00,3.30,,,,,
9332,07/19/2025 02:25:00,3.39,,,,,
9333,07/19/2025 02:30:00,3.39,,,,,
9334,07/19/2025 02:35:00,3.52,,,,,
9335,07/19/2025 02:40:00,3.39,,,,,
9336,07/19/2025 02:45:00,3.73,,,,,
9337,07/19/2025 02:50:00,3.52,,,,,
9338,07/19/2025 02:55:00,3.60,,,,,
9339,07/19/2025 03:00:00,3.99,,,,,
9340,07/19/2025 03:05:00,4.20,,,,,
9341,07/19/2025 03:10:00,4.03,,,,,
9342,07/19/2025 03:15:00,3.73,,,,,
9343,07/19/2025 03:20:00,3.21,,,,,
9344,07/19/2025 03:25:00,3.00,,,,,
9345,07/19/2025 03:30:00,2.96,,,,,
9346,07/19/2025 03:35:00,3.00,,,,,
9347,07/19/2025 03:40:00,3.13,,,,,
9348,07/19/2025 03:45:00,3.30,,,,,
9349,07/19/2025 03:50:00,3.77,,,,,
9350,07/19/2025 03:55:00,3.73,,,,,
9351,07/19/2025 04:00:00,3.56,,,,,
9352,07/19/2025 04:05:00,3.39,,,,,
9353,07/19/2025 04:10:00,3.30,,,,,
9354,07/19/2025 04:15:00,2.96,,,,,
9355,07/19/2025 04:20:00,2.70,,,,,
9356,07/19/2025 04:25:00,2.66,,,,,
9357,07/19/2025 04:30:00,2.74,,,,,
9358,07/19/2025 04:35:00,2.57,,,,,
9359,07/19/2025 04:40:00,2.66,,,,,
9360,07/19/2025 04:45:00,2.87,,,,,
9361,07/19/2025 04:50:00,3.04,,,,,
9362,07/19/2025 04:55:00,3.30,,,,,
9363,07/19/2025 05:00:00,3.30,,,,,
9364,07/19/2025 05:05:00,3.52,,,,,
9365,07/19/2025 05:10:00,3.60,,,,,
9366,07/19/2025 05:15:00,3.69,,,,,
9367,07/19/2025 05:20:00,3.43,,,,,
9368,07/19/2025 05:25:00,3.13,,,,,
9369,07/19/2025 05:30:00,3.04,,,,,
9370,07/19/2025 05:35:00,2.91,,,,,
9371,07/19/2025 05:40:00,2.96,,,,,
9372,07/19/2025 05:45:00,2.87,,,,,
9373,07/19/2025 05:50:00,3.56,,,,,
9374,07/19/2025 05:55:00,3.73,,,,,
9375,07/19/2025 06:00:00,3.73,,,,,
9376,07/19/2025 06:05:00,3.47,,,,,
9377,07/19/2025 06:10:00,3.43,,,,,
9378,07/19/2025 06:15:00,3.47,,,,,
9379,07/19/2025 06:20:00,3.69,,,,,
9380,07/19/2025 06:25:00,3.90,,,,,
9381,07/19/2025 06:30:00,4.12,,,,,
9382,07/19/2025 06:35:00,4.20,,,,,
9383,07/19/2025 06:40:00,4.20,,,,,
9384,07/19/2025 06:45:00,4.20,,,,,
9385,07/19/2025 06:50:00,4.24,,,,,
9386,07/19/2025 06:55:00,4.42,,,,,
9387,07/19/2025 07:00:00,5.19,,,,,
9388,07/19/2025 07:05:00,5.70,,,,,
9389,07/19/2025 07:10:00,6.09,,,,,
9390,07/19/2025 07:15:00,6.17,,,,,
9391,07/19/2025 07:20:00,6.30,,,,,
9392,07/19/2025 07:25:00,6.05,,,,,
9393,07/19/2025 07:30:00,5.92,,,,,
9394,07/19/2025 07:35:00,5.40,,,,,
9395,07/19/2025 07:40:00,5.15,,,,,
9396,07/19/2025 07:45:00,4.93,,,,,
9397,07/19/2025 07:50:00,5.02,,,,,
9398,07/19/2025 07:55:00,5.19,,,,,
9399,07/19/2025 08:00:00,5.36,,,,,
9400,07/19/2025 08:05:00,5.40,,,,,
9401,07/19/2025 08:10:00,5.19,,,,,
9402,07/19/2025 08:15:00,5.36,,,,,
9403,07/19/2025 08:20:00,5.45,,,,,
9404,07/19/2025 08:25:00,5.66,,,,,
9405,07/19/2025 08:30:00,6.22,,,,,
9406,07/19/2025 08:35:00,6.17,,,,,
9407,07/19/2025 08:40:00,6.26,,,,,
9408,07/19/2025 08:45:00,6.43,,,,,
9409,07/19/2025 08:50:00,7.08,,,,,
9410,07/19/2025 08:55:00,7.20,,,,,
9411,07/19/2025 09:00:00,7.20,,,,,
9412,07/19/2025 09:05:00,6.82,,,,,
9413,07/19/2025 09:10:00,6.73,,,,,
9414,07/19/2025 09:15:00,6.65,,,,,
9415,07/19/2025 09:20:00,6.39,,,,,
9416,07/19/2025 09:25:00,6.17,,,,,
9417,07/19/2025 09:30:00,5.83,,,,,
9418,07/19/2025 09:35:00,5.92,,,,,
9419,07/19/2025 09:40:00,5.96,,,,,
9420,07/19/2025 09:45:00,6.05,,,,,
9421,07/19/2025 09:50:00,6.00,,,,,
9422,07/19/2025 09:55:00,6.43,,,,,
9423,07/19/2025 10:00:00,6.43,,,,,
9424,07/19/2025 10:05:00,6.30,,,,,
9425,07/19/2025 10:10:00,6.26,,,,,
9426,07/19/2025 10:15:00,6.48,,,,,
9427,07/19/2025 10:20:00,6.43,,,,,
9428,07/19/2025 10:25:00,6.48,,,,,
9429,07/19/2025 10:30:00,6.39,,,,,
9430,07/19/2025 10:35:00,6.69,,,,,
9431,07/19/2025 10:40:00,6.56,,,,,
9432,07/19/2025 10:45:00,6.95,,,,,
9433,07/19/2025 10:50:00,7.29,,,,,
9434,07/19/2025 10:55:00,7.12,,,,,
9435,07/19/2025 11:00:00,6.95,,,,,
9436,07/19/2025 11:05:00,6.73,,,,,
9437,07/19/2025 11:10:00,6.60,,,,,
9438,07/19/2025 11:15:00,6.90,,,,,
9439,07/19/2025 11:20:00,7.03,,,,,
9440,07/19/2025 11:25:00,7.08,,,,,
9441,07/19/2025 11:30:00,7.08,,,,,
9442,07/19/2025 11:35:00,7.20,,,,,
9443,07/19/2025 11:40:00,7.25,,,,,
9444,07/19/2025 11:45:00,7.33,,,,,
9445,07/19/2025 11:50:00,7.33,,,,,
9446,07/19/2025 11:55:00,7.55,,,,,
9447,07/19/2025 12:00:00,7.63,,,,,
9448,07/19/2025 12:05:00,7.55,,,,,
9449,07/19/2025 12:10:00,7.50,,,,,
9450,07/19/2025 12:15:00,7.38,,,,,
9451,07/19/2025 12:20:00,7.25,,,,,
9452,07/19/2025 12:25:00,7.42,,,,,
9453,07/19/2025 12:30:00,7.59,,,,,
9454,07/19/2025 12:35:00,7.55,,,,,
9455,07/19/2025 12:40:00,7.68,,,,,
9456,07/19/2025 12:45:00,7.50,,,,,
9457,07/19/2025 12:50:00,7.89,,,,,
9458,07/19/2025 12:55:00,7.85,,,,,
9459,07/19/2025 13:00:00,8.15,,,,,
9460,07/19/2025 13:05:00,8.15,,,,,
9461,07/19/2025 13:10:00,8.02,,,,,
9462,07/19/2025 13:15:00,7.93,,,,,
9463,07/19/2025 13:20:00,7.89,,,,,
9464,07/19/2025 13:25:00,7.68,,,,,
9465,07/19/2025 13:30:00,7.76,,,,,
9466,07/19/2025 13:35:00,8.06,,,,,
9467,07/19/2025 13:40:00,8.23,,,,,
9468,07/19/2025 13:45:00,8.11,,,,,
9469,07/19/2025 13:50:00,8.11,,,,,
9470,07/19/2025 13:55:00,7.98,,,,,
9471,07/19/2025 14:00:00,7.72,,,,,
9472,07/19/2025 14:05:00,7.42,,,,,
9473,07/19/2025 14:10:00,7.20,,,,,
9474,07/19/2025 14:15:00,6.82,,,,,
9475,07/19/2025 14:20:00,6.69,,,,,
9476,07/19/2025 14:25:00,6.65,,,,,
9477,07/19/2025 14:30:00,6.65,,,,,
9478,07/19/2025 14:35:00,6.56,,,,,
9479,07/19/2025 14:40:00,6.52,,,,,
9480,07/19/2025 14:45:00,6.73,,,,,
9481,07/19/2025 14:50:00,6.95,,,,,
9482,07/19/2025 14:55:00,6.95,,,,,
9483,07/19/2025 15:00:00,7.16,,,,,
9484,07/19/2025 15:05:00,7.25,,,,,
9485,07/19/2025 15:10:00,7.38,,,,,
9486,07/19/2025 15:15:00,7.46,,,,,
9487,07/19/2025 15:20:00,7.12,,,,,
9488,07/19/2025 15:25:00,6.99,,,,,
9489,07/19/2025 15:30:00,6.86,,,,,
9490,07/19/2025 15:35:00,6.82,,,,,
9491,07/19/2025 15:40:00,6.52,,,,,
9492,07/19/2025 15:45:00,6.35,,,,,
9493,07/19/2025 15:50:00,6.60,,,,,
9494,07/19/2025 15:55:00,7.20,,,,,
9495,07/19/2025 16:00:00,8.28,,,,,
9496,07/19/2025 16:05:00,8.06,,,,,
9497,07/19/2025 16:10:00,8.32,,,,,
9498,07/19/2025 16:15:00,8.62,,,,,
9499,07/19/2025 16:20:00,8.53,,,,,
9500,07/19/2025 16:25:00,8.28,,,,,
9501,07/19/2025 16:30:00,8.23,,,,,
9502,07/19/2025 16:35:00,8.11,,,,,
9503,07/19/2025 16:40:00,8.19,,,,,
9504,07/19/2025 16:45:00,7.98,,,,,
9505,07/19/2025 16:50:00,7.98,,,,,
9506,07/19/2025 16:55:00,7.63,,,,,
9507,07/19/2025 17:00:00,7.63,,,,,
9508,07/19/2025 17:05:00,7.29,,,,,
9509,07/19/2025 17:10:00,7.63,,,,,
9510,07/19/2025 17:15:00,8.36,,,,,
9511,07/19/2025 17:20:00,9.18,,,,,
9512,07/19/2025 17:25:00,8.28,,,,,
9513,07/19/2025 17:30:00,7.46,,,,,
9514,07/19/2025 17:35:00,7.59,,,,,
9515,07/19/2025 17:40:00,7.59,,,,,
9516,07/19/2025 17:45:00,7.20,,,,,
9517,07/19/2025 17:50:00,7.12,,,,,
9518,07/19/2025 17:55:00,6.90,,,,,
9519,07/19/2025 18:00:00,6.52,,,,,
9520,07/19/2025 18:05:00,6.26,,,,,
9521,07/19/2025 18:10:00,6.35,,,,,
9522,07/19/2025 18:15:00,6.17,,,,,
9523,07/19/2025 18:20:00,5.70,,,,,
9524,07/19/2025 18:25:00,5.53,,,,,
9525,07/19/2025 18:30:00,5.19,,,,,
9526,07/19/2025 18:35:00,5.83,,,,,
9527,07/19/2025 18:40:00,6.17,,,,,
9528,07/19/2025 18:45:00,6.60,,,,,
9529,07/19/2025 18:50:00,6.48,,,,,
9530,07/19/2025 18:55:00,7.29,,,,,
9531,07/19/2025 19:00:00,7.16,,,,,
9532,07/19/2025 19:05:00,6.73,,,,,
9533,07/19/2025 19:10:00,6.48,,,,,
9534,07/19/2025 19:15:00,6.60,,,,,
9535,07/19/2025 19:20:00,6.22,,,,,
9536,07/19/2025 19:25:00,5.87,,,,,
9537,07/19/2025 19:30:00,5.75,,,,,
9538,07/19/2025 19:35:00,5.87,,,,,
9539,07/19/2025 19:40:00,6.13,,,,,
9540,07/19/2025 19:45:00,6.35,,,,,
9541,07/19/2025 19:50:00,6.13,,,,,
9542,07/19/2025 19:55:00,5.96,,,,,
9543,07/19/2025 20:00:00,5.79,,,,,
9544,07/19/2025 20:05:00,5.32,,,,,
9545,07/19/2025 20:10:00,4.93,,,,,
9546,07/19/2025 20:15:00,4.76,,,,,
9547,07/19/2025 20:20:00,5.45,,,,,
9548,07/19/2025 20:25:00,5.19,,,,,
9549,07/19/2025 20:30:00,5.02,,,,,
9550,07/19/2025 20:35:00,4.67,,,,,
9551,07/19/2025 20:40:00,4.63,,,,,
9552,07/19/2025 20:45:00,5.32,,,,,
9553,07/19/2025 20:50:00,5.06,,,,,
9554,07/19/2025 20:55:00,4.42,,,,,
9555,07/19/2025 21:00:00,4.67,,,,,
9556,07/19/2025 21:05:00,5.15,,,,,
9557,07/19/2025 21:10:00,5.02,,,,,
9558,07/19/2025 21:15:00,4.59,,,,,
9559,07/19/2025 21:20:00,4.76,,,,,
9560,07/19/2025 21:25:00,5.15,,,,,
9561,07/19/2025 21:30:00,4.72,,,,,
9562,07/19/2025 21:35:00,4.67,,,,,
9563,07/19/2025 21:40:00,4.89,,,,,
9564,07/19/2025 21:45:00,4.93,,,,,
9565,07/19/2025 21:50:00,4.72,,,,,
9566,07/19/2025 21:55:00,4.67,,,,,
9567,07/19/2025 22:00:00,4.29,,,,,
9568,07/19/2025 22:05:00,3.99,,,,,
9569,07/19/2025 22:10:00,3.90,,,,,
9570,07/19/2025 22:15:00,3.56,,,,,
9571,07/19/2025 22:20:00,3.52,,,,,
9572,07/19/2025 22:25:00,3.99,,,,,
9573,07/19/2025 22:30:00,4.16,,,,,
9574,07/19/2025 22:35:00,4.76,,,,,
9575,07/19/2025 22:40:00,4.50,,,,,
9576,07/19/2025 22:45:00,3.64,,,,,
9577,07/19/2025 22:50:00,3.17,,,,,
9578,07/19/2025 22:55:00,3.47,,,,,
9579,07/19/2025 23:00:00,3.04,,,,,
9580,07/19/2025 23:05:00,3.00,,,,,
9581,07/19/2025 23:10:00,3.13,,,,,
9582,07/19/2025 23:15:00,3.17,,,,,
9583,07/19/2025 23:20:00,3.43,,,,,
9584,07/19/2025 23:25:00,3.47,,,,,
9585,07/19/2025 23:30:00,3.43,,,,,
9586,07/19/2025 23:35:00,3.64,,,,,
9587,07/19/2025 23:40:00,4.03,,,,,
9588,07/19/2025 23:45:00,4.50,,,,,
9589,07/19/2025 23:50:00,3.73,,,,,
9590,07/19/2025 23:55:00,4.29,,,,,
9591,07/20/2025 00:00:00,4.89,,,,,
9592,07/20/2025 00:05:00,4.67,,,,,
9593,07/20/2025 00:10:00,4.89,,,,,
9594,07/20/2025 00:15:00,4.84,,,,,
9595,07/20/2025 00:20:00,5.49,,,,,
9596,07/20/2025 00:25:00,5.83,,,,,
9597,07/20/2025 00:30:00,6.26,,,,,
9598,07/20/2025 00:35:00,6.69,,,,,
9599,07/20/2025 00:40:00,6.73,,,,,
9600,07/20/2025 00:45:00,5.70,,,,,
9601,07/20/2025 00:50:00,5.45,,,,,
9602,07/20/2025 00:55:00,5.49,,,,,
9603,07/20/2025 01:00:00,5.27,,,,,
9604,07/20/2025 01:05:00,5.83,,,,,
9605,07/20/2025 01:10:00,5.62,,,,,
9606,07/20/2025 01:15:00,6.09,,,,,
9607,07/20/2025 01:20:00,5.57,,,,,
9608,07/20/2025 01:25:00,5.45,,,,,
9609,07/20/2025 01:30:00,4.50,,,,,
9610,07/20/2025 01:35:00,3.82,,,,,
9611,07/20/2025 01:40:00,3.94,,,,,
9612,07/20/2025 01:45:00,4.37,,,,,
9613,07/20/2025 01:50:00,4.03,,,,,
9614,07/20/2025 01:55:00,4.20,,,,,
9615,07/20/2025 02:00:00,5.02,,,,,
9616,07/20/2025 02:05:00,4.72,,,,,
9617,07/20/2025 02:10:00,4.42,,,,,
9618,07/20/2025 02:15:00,4.03,,,,,
9619,07/20/2025 02:20:00,4.03,,,,,
9620,07/20/2025 02:25:00,4.29,,,,,
9621,07/20/2025 02:30:00,4.37,,,,,
9622,07/20/2025 02:35:00,4.72,,,,,
9623,07/20/2025 02:40:00,4.16,,,,,
9624,07/20/2025 02:45:00,4.16,,,,,
9625,07/20/2025 02:50:00,3.94,,,,,
9626,07/20/2025 02:55:00,4.12,,,,,
9627,07/20/2025 03:00:00,4.12,,,,,
9628,07/20/2025 03:05:00,4.20,,,,,
9629,07/20/2025 03:10:00,3.82,,,,,
9630,07/20/2025 03:15:00,3.52,,,,,
9631,07/20/2025 03:20:00,4.12,,,,,
9632,07/20/2025 03:25:00,4.03,,,,,
9633,07/20/2025 03:30:00,4.42,,,,,
9634,07/20/2025 03:35:00,4.46,,,,,
9635,07/20/2025 03:40:00,4.12,,,,,
9636,07/20/2025 03:45:00,3.90,,,,,
9637,07/20/2025 03:50:00,3.77,,,,,
9638,07/20/2025 03:55:00,3.52,,,,,
9639,07/20/2025 04:00:00,3.47,,,,,
9640,07/20/2025 04:05:00,3.43,,,,,
9641,07/20/2025 04:10:00,3.17,,,,,
9642,07/20/2025 04:15:00,3.21,,,,,
9643,07/20/2025 04:20:00,3.13,,,,,
9644,07/20/2025 04:25:00,3.39,,,,,
9645,07/20/2025 04:30:00,3.52,,,,,
9646,07/20/2025 04:35:00,3.56,,,,,
9647,07/20/2025 04:40:00,3.69,,,,,
9648,07/20/2025 04:45:00,3.86,,,,,
9649,07/20/2025 04:50:00,3.94,,,,,
9650,07/20/2025 04:55:00,4.16,,,,,
9651,07/20/2025 05:00:00,4.12,,,,,
9652,07/20/2025 05:05:00,3.82,,,,,
9653,07/20/2025 05:10:00,4.20,,,,,
9654,07/20/2025 05:15:00,4.12,,,,,
9655,07/20/2025 05:20:00,3.82,,,,,
9656,07/20/2025 05:25:00,3.60,,,,,
9657,07/20/2025 05:30:00,3.99,,,,,
9658,07/20/2025 05:35:00,4.67,,,,,
9659,07/20/2025 05:40:00,4.42,,,,,
9660,07/20/2025 05:45:00,4.24,,,,,
9661,07/20/2025 05:50:00,4.72,,,,,
9662,07/20/2025 05:55:00,5.06,,,,,
9663,07/20/2025 06:00:00,4.72,,,,,
9664,07/20/2025 06:05:00,5.02,,,,,
9665,07/20/2025 06:10:00,4.76,,,,,
9666,07/20/2025 06:15:00,4.54,,,,,
9667,07/20/2025 06:20:00,4.67,,,,,
9668,07/20/2025 06:25:00,4.84,,,,,
9669,07/20/2025 06:30:00,4.89,,,,,
9670,07/20/2025 06:35:00,5.32,,,,,
9671,07/20/2025 06:40:00,5.49,,,,,
9672,07/20/2025 06:45:00,5.10,,,,,
9673,07/20/2025 06:50:00,4.76,,,,,
9674,07/20/2025 06:55:00,5.19,,,,,
9675,07/20/2025 07:00:00,5.96,,,,,
9676,07/20/2025 07:05:00,5.70,,,,,
9677,07/20/2025 07:10:00,5.27,,,,,
9678,07/20/2025 07:15:00,4.97,,,,,
9679,07/20/2025 07:20:00,4.63,,,,,
9680,07/20/2025 07:25:00,4.76,,,,,
9681,07/20/2025 07:30:00,4.97,,,,,
9682,07/20/2025 07:35:00,5.27,,,,,
9683,07/20/2025 07:40:00,5.53,,,,,
9684,07/20/2025 07:45:00,5.75,,,,,
9685,07/20/2025 07:50:00,6.05,,,,,
9686,07/20/2025 07:55:00,5.96,,,,,
9687,07/20/2025 08:00:00,5.87,,,,,
9688,07/20/2025 08:05:00,5.75,,,,,
9689,07/20/2025 08:10:00,5.53,,,,,
9690,07/20/2025 08:15:00,5.53,,,,,
9691,07/20/2025 08:20:00,5.62,,,,,
9692,07/20/2025 08:25:00,6.43,,,,,
9693,07/20/2025 08:30:00,6.43,,,,,
9694,07/20/2025 08:35:00,6.35,,,,,
9695,07/20/2025 08:40:00,6.39,,,,,
9696,07/20/2025 08:45:00,6.30,,,,,
9697,07/20/2025 08:50:00,6.30,,,,,
9698,07/20/2025 08:55:00,6.13,,,,,
9699,07/20/2025 09:00:00,5.83,,,,,
9700,07/20/2025 09:05:00,6.09,,,,,
9701,07/20/2025 09:10:00,6.30,,,,,
9702,07/20/2025 09:15:00,6.17,,,,,
9703,07/20/2025 09:20:00,6.48,,,,,
9704,07/20/2025 09:25:00,6.39,,,,,
9705,07/20/2025 09:30:00,6.56,,,,,
9706,07/20/2025 09:35:00,7.25,,,,,
9707,07/20/2025 09:40:00,6.99,,,,,
9708,07/20/2025 09:45:00,6.95,,,,,
9709,07/20/2025 09:50:00,6.69,,,,,
9710,07/20/2025 09:55:00,6.52,,,,,
9711,07/20/2025 10:00:00,6.35,,,,,
9712,07/20/2025 10:05:00,6.17,,,,,
9713,07/20/2025 10:10:00,6.35,,,,,
9714,07/20/2025 10:15:00,6.90,,,,,
9715,07/20/2025 10:20:00,7.46,,,,,
9716,07/20/2025 10:25:00,7.38,,,,,
9717,07/20/2025 10:30:00,7.03,,,,,
9718,07/20/2025 10:35:00,7.55,,,,,
9719,07/20/2025 10:40:00,7.46,,,,,
9720,07/20/2025 10:45:00,7.50,,,,,
9721,07/20/2025 10:50:00,7.25,,,,,
9722,07/20/2025 10:55:00,6.86,,,,,
9723,07/20/2025 11:00:00,6.52,,,,,
9724,07/20/2025 11:05:00,6.52,,,,,
9725,07/20/2025 11:10:00,7.03,,,,,
9726,07/20/2025 11:15:00,7.25,,,,,
9727,07/20/2025 11:20:00,7.55,,,,,
9728,07/20/2025 11:25:00,6.99,,,,,
9729,07/20/2025 11:30:00,6.35,,,,,
9730,07/20/2025 11:35:00,6.60,,,,,
9731,07/20/2025 11:40:00,6.95,,,,,
9732,07/20/2025 11:45:00,6.69,,,,,
9733,07/20/2025 11:50:00,6.86,,,,,
9734,07/20/2025 11:55:00,6.99,,,,,
9735,07/20/2025 12:00:00,6.82,,,,,
9736,07/20/2025 12:05:00,6.86,,,,,
9737,07/20/2025 12:10:00,6.86,,,,,
9738,07/20/2025 12:15:00,6.78,,,,,
9739,07/20/2025 12:20:00,6.78,,,,,
9740,07/20/2025 12:25:00,7.29,,,,,
9741,07/20/2025 12:30:00,7.20,,,,,
9742,07/20/2025 12:35:00,7.33,,,,,
9743,07/20/2025 12:40:00,7.42,,,,,
9744,07/20/2025 12:45:00,7.29,,,,,
9745,07/20/2025 12:50:00,7.29,,,,,
9746,07/20/2025 12:55:00,7.08,,,,,
9747,07/20/2025 13:00:00,7.33,,,,,
9748,07/20/2025 13:05:00,7.38,,,,,
9749,07/20/2025 13:10:00,7.38,,,,,
9750,07/20/2025 13:15:00,7.46,,,,,
9751,07/20/2025 13:20:00,7.46,,,,,
9752,07/20/2025 13:25:00,7.29,,,,,
9753,07/20/2025 13:30:00,7.38,,,,,
9754,07/20/2025 13:35:00,7.29,,,,,
9755,07/20/2025 13:40:00,7.38,,,,,
9756,07/20/2025 13:45:00,7.63,,,,,
9757,07/20/2025 13:50:00,7.50,,,,,
9758,07/20/2025 13:55:00,7.50,,,,,
9759,07/20/2025 14:00:00,7.76,,,,,
9760,07/20/2025 14:05:00,7.98,,,,,
9761,07/20/2025 14:10:00,8.79,,,,,
9762,07/20/2025 14:15:00,8.75,,,,,
9763,07/20/2025 14:20:00,8.62,,,,,
9764,07/20/2025 14:25:00,8.19,,,,,
9765,07/20/2025 14:30:00,8.19,,,,,
9766,07/20/2025 14:35:00,8.23,,,,,
9767,07/20/2025 14:40:00,8.15,,,,,
9768,07/20/2025 14:45:00,8.45,,,,,
9769,07/20/2025 14:50:00,8.71,,,,,
9770,07/20/2025 14:55:00,8.53,,,,,
9771,07/20/2025 15:00:00,8.36,,,,,
9772,07/20/2025 15:05:00,7.93,,,,,
9773,07/20/2025 15:10:00,8.06,,,,,
9774,07/20/2025 15:15:00,8.06,,,,,
9775,07/20/2025 15:20:00,8.49,,,,,
9776,07/20/2025 15:25:00,8.45,,,,,
9777,07/20/2025 15:30:00,8.32,,,,,
9778,07/20/2025 15:35:00,8.23,,,,,
9779,07/20/2025 15:40:00,8.36,,,,,
9780,07/20/2025 15:45:00,8.15,,,,,
9781,07/20/2025 15:50:00,7.81,,,,,
9782,07/20/2025 15:55:00,7.76,,,,,
9783,07/20/2025 16:00:00,7.89,,,,,
9784,07/20/2025 16:05:00,8.06,,,,,
9785,07/20/2025 16:10:00,7.68,,,,,
9786,07/20/2025 16:15:00,7.59,,,,,
9787,07/20/2025 16:20:00,7.76,,,,,
9788,07/20/2025 16:25:00,7.33,,,,,
9789,07/20/2025 16:30:00,7.38,,,,,
9790,07/20/2025 16:35:00,7.55,,,,,
9791,07/20/2025 16:40:00,7.81,,,,,
9792,07/20/2025 16:45:00,8.71,,,,,
9793,07/20/2025 16:50:00,9.22,,,,,
9794,07/20/2025 16:55:00,9.39,,,,,
9795,07/20/2025 17:00:00,10.04,,,,,
9796,07/20/2025 17:05:00,9.91,,,,,
9797,07/20/2025 17:10:00,10.46,,,,,
9798,07/20/2025 17:15:00,11.02,,,,,
9799,07/20/2025 17:20:00,10.72,,,,,
9800,07/20/2025 17:25:00,9.56,,,,,
9801,07/20/2025 17:30:00,8.19,,,,,
9802,07/20/2025 17:35:00,7.72,,,,,
9803,07/20/2025 17:40:00,8.45,,,,,
9804,07/20/2025 17:45:00,9.22,,,,,
9805,07/20/2025 17:50:00,9.65,,,,,
9806,07/20/2025 17:55:00,8.96,,,,,
9807,07/20/2025 18:00:00,7.85,,,,,
9808,07/20/2025 18:05:00,7.93,,,,,
9809,07/20/2025 18:10:00,8.11,,,,,
9810,07/20/2025 18:15:00,7.72,,,,,
9811,07/20/2025 18:20:00,7.12,,,,,
9812,07/20/2025 18:25:00,6.90,,,,,
9813,07/20/2025 18:30:00,6.95,,,,,
9814,07/20/2025 18:35:00,8.23,,,,,
9815,07/20/2025 18:40:00,8.79,,,,,
9816,07/20/2025 18:45:00,8.83,,,,,
9817,07/20/2025 18:50:00,8.15,,,,,
9818,07/20/2025 18:55:00,8.15,,,,,
9819,07/20/2025 19:00:00,8.06,,,,,
9820,07/20/2025 19:05:00,8.23,,,,,
9821,07/20/2025 19:10:00,8.02,,,,,
9822,07/20/2025 19:15:00,7.46,,,,,
9823,07/20/2025 19:20:00,7.89,,,,,
9824,07/20/2025 19:25:00,8.36,,,,,
9825,07/20/2025 19:30:00,8.23,,,,,
9826,07/20/2025 19:35:00,7.98,,,,,
9827,07/20/2025 19:40:00,7.50,,,,,
9828,07/20/2025 19:45:00,6.65,,,,,
9829,07/20/2025 19:50:00,6.52,,,,,
9830,07/20/2025 19:55:00,6.95,,,,,
9831,07/20/2025 20:00:00,6.86,,,,,
9832,07/20/2025 20:05:00,6.78,,,,,
9833,07/20/2025 20:10:00,6.39,,,,,
9834,07/20/2025 20:15:00,6.22,,,,,
9835,07/20/2025 20:20:00,6.60,,,,,
9836,07/20/2025 20:25:00,6.73,,,,,
9837,07/20/2025 20:30:00,6.35,,,,,
9838,07/20/2025 20:35:00,6.13,,,,,
9839,07/20/2025 20:40:00,6.05,,,,,
9840,07/20/2025 20:45:00,6.52,,,,,
9841,07/20/2025 20:50:00,6.30,,,,,
9842,07/20/2025 20:55:00,6.52,,,,,
9843,07/20/2025 21:00:00,6.86,,,,,
9844,07/20/2025 21:05:00,6.35,,,,,
9845,07/20/2025 21:10:00,6.00,,,,,
9846,07/20/2025 21:15:00,6.00,,,,,
9847,07/20/2025 21:20:00,6.00,,,,,
9848,07/20/2025 21:25:00,5.27,,,,,
9849,07/20/2025 21:30:00,4.84,,,,,
9850,07/20/2025 21:35:00,5.27,,,,,
9851,07/20/2025 21:40:00,5.70,,,,,
9852,07/20/2025 21:45:00,4.54,,,,,
9853,07/20/2025 21:50:00,4.76,,,,,
9854,07/20/2025 21:55:00,4.97,,,,,
9855,07/20/2025 22:00:00,5.02,,,,,
9856,07/20/2025 22:05:00,5.49,,,,,
9857,07/20/2025 22:10:00,5.62,,,,,
9858,07/20/2025 22:15:00,5.06,,,,,
9859,07/20/2025 22:20:00,5.23,,,,,
9860,07/20/2025 22:25:00,4.80,,,,,
9861,07/20/2025 22:30:00,5.06,,,,,
9862,07/20/2025 22:35:00,5.06,,,,,
9863,07/20/2025 22:40:00,4.54,,,,,
9864,07/20/2025 22:45:00,4.46,,,,,
9865,07/20/2025 22:50:00,4.76,,,,,
9866,07/20/2025 22:55:00,4.63,,,,,
9867,07/20/2025 23:00:00,4.20,,,,,
9868,07/20/2025 23:05:00,3.94,,,,,
9869,07/20/2025 23:10:00,4.20,,,,,
9870,07/20/2025 23:15:00,4.67,,,,,
9871,07/20/2025 23:20:00,4.80,,,,,
9872,07/20/2025 23:25:00,4.54,,,,,
9873,07/20/2025 23:30:00,4.50,,,,,
9874,07/20/2025 23:35:00,4.59,,,,,
9875,07/20/2025 23:40:00,4.42,,,,,
9876,07/20/2025 23:45:00,4.37,,,,,
9877,07/20/2025 23:50:00,4.12,,,,,
9878,07/20/2025 23:55:00,4.46,,,,,
9879,07/21/2025 00:00:00,4.50,,,,,
9880,07/21/2025 00:05:00,4.37,,,,,
9881,07/21/2025 00:10:00,4.20,,,,,
9882,07/21/2025 00:15:00,4.03,,,,,
9883,07/21/2025 00:20:00,3.90,,,,,
9884,07/21/2025 00:25:00,3.73,,,,,
9885,07/21/2025 00:30:00,4.03,,,,,
9886,07/21/2025 00:35:00,4.93,,,,,
9887,07/21/2025 00:40:00,4.93,,,,,
9888,07/21/2025 00:45:00,4.50,,,,,
9889,07/21/2025 00:50:00,4.37,,,,,
9890,07/21/2025 00:55:00,4.24,,,,,
9891,07/21/2025 01:00:00,4.07,,,,,
9892,07/21/2025 01:05:00,3.94,,,,,
9893,07/21/2025 01:10:00,4.07,,,,,
9894,07/21/2025 01:15:00,4.24,,,,,
9895,07/21/2025 01:20:00,4.67,,,,,
9896,07/21/2025 01:25:00,4.33,,,,,
9897,07/21/2025 01:30:00,4.33,,,,,
9898,07/21/2025 01:35:00,4.20,,,,,
9899,07/21/2025 01:40:00,4.24,,,,,
9900,07/21/2025 01:45:00,4.46,,,,,
9901,07/21/2025 01:50:00,4.54,,,,,
9902,07/21/2025 01:55:00,4.50,,,,,
9903,07/21/2025 02:00:00,4.24,,,,,
9904,07/21/2025 02:05:00,3.90,,,,,
9905,07/21/2025 02:10:00,4.29,,,,,
9906,07/21/2025 02:15:00,4.89,,,,,
9907,07/21/2025 02:20:00,5.15,,,,,
9908,07/21/2025 02:25:00,5.32,,,,,
9909,07/21/2025 02:30:00,5.53,,,,,
9910,07/21/2025 02:35:00,5.15,,,,,
9911,07/21/2025 02:40:00,5.23,,,,,
9912,07/21/2025 02:45:00,5.49,,,,,
9913,07/21/2025 02:50:00,5.66,,,,,
9914,07/21/2025 02:55:00,5.02,,,,,
9915,07/21/2025 03:00:00,4.46,,,,,
9916,07/21/2025 03:05:00,4.07,,,,,
9917,07/21/2025 03:10:00,3.82,,,,,
9918,07/21/2025 03:15:00,3.73,,,,,
9919,07/21/2025 03:20:00,4.16,,,,,
9920,07/21/2025 03:25:00,4.24,,,,,
9921,07/21/2025 03:30:00,4.37,,,,,
9922,07/21/2025 03:35:00,4.67,,,,,
9923,07/21/2025 03:40:00,4.93,,,,,
9924,07/21/2025 03:45:00,4.50,,,,,
9925,07/21/2025 03:50:00,4.37,,,,,
9926,07/21/2025 03:55:00,4.63,,,,,
9927,07/21/2025 04:00:00,5.02,,,,,
9928,07/21/2025 04:05:00,4.50,,,,,
9929,07/21/2025 04:10:00,4.50,,,,,
9930,07/21/2025 04:15:00,4.46,,,,,
9931,07/21/2025 04:20:00,4.29,,,,,
9932,07/21/2025 04:25:00,4.33,,,,,
9933,07/21/2025 04:30:00,4.24,,,,,
9934,07/21/2025 04:35:00,3.99,,,,,
9935,07/21/2025 04:40:00,3.82,,,,,
9936,07/21/2025 04:45:00,3.77,,,,,
9937,07/21/2025 04:50:00,3.77,,,,,
9938,07/21/2025 04:55:00,3.90,,,,,
9939,07/21/2025 05:00:00,3.94,,,,,
9940,07/21/2025 05:05:00,4.03,,,,,
9941,07/21/2025 05:10:00,4.20,,,,,
9942,07/21/2025 05:15:00,4.16,,,,,
9943,07/21/2025 05:20:00,4.12,,,,,
9944,07/21/2025 05:25:00,4.16,,,,,
9945,07/21/2025 05:30:00,4.12,,,,,
9946,07/21/2025 05:35:00,4.24,,,,,
9947,07/21/2025 05:40:00,4.84,,,,,
9948,07/21/2025 05:45:00,5.32,,,,,
9949,07/21/2025 05:50:00,5.19,,,,,
9950,07/21/2025 05:55:00,4.76,,,,,
9951,07/21/2025 06:00:00,4.93,,,,,
9952,07/21/2025 06:05:00,4.93,,,,,
9953,07/21/2025 06:10:00,4.97,,,,,
9954,07/21/2025 06:15:00,4.84,,,,,
9955,07/21/2025 06:20:00,5.10,,,,,
9956,07/21/2025 06:25:00,5.10,,,,,
9957,07/21/2025 06:30:00,5.06,,,,,
9958,07/21/2025 06:35:00,5.06,,,,,
9959,07/21/2025 06:40:00,5.32,,,,,
9960,07/21/2025 06:45:00,5.45,,,,,
9961,07/21/2025 06:50:00,5.19,,,,,
9962,07/21/2025 06:55:00,5.36,,,,,
9963,07/21/2025 07:00:00,5.27,,,,,
9964,07/21/2025 07:05:00,5.75,,,,,
9965,07/21/2025 07:10:00,6.13,,,,,
9966,07/21/2025 07:15:00,6.43,,,,,
9967,07/21/2025 07:20:00,6.26,,,,,
9968,07/21/2025 07:25:00,5.66,,,,,
9969,07/21/2025 07:30:00,5.57,,,,,
9970,07/21/2025 07:35:00,5.53,,,,,
9971,07/21/2025 07:40:00,5.70,,,,,
9972,07/21/2025 07:45:00,5.66,,,,,
9973,07/21/2025 07:50:00,5.49,,,,,
9974,07/21/2025 07:55:00,5.53,,,,,
9975,07/21/2025 08:00:00,5.57,,,,,
9976,07/21/2025 08:05:00,5.79,,,,,
9977,07/21/2025 08:10:00,6.05,,,,,
9978,07/21/2025 08:15:00,6.78,,,,,
9979,07/21/2025 08:20:00,7.46,,,,,
9980,07/21/2025 08:25:00,7.98,,,,,
9981,07/21/2025 08:30:00,8.06,,,,,
9982,07/21/2025 08:35:00,7.63,,,,,
9983,07/21/2025 08:40:00,6.86,,,,,
9984,07/21/2025 08:45:00,6.09,,,,,
9985,07/21/2025 08:50:00,5.79,,,,,
9986,07/21/2025 08:55:00,5.70,,,,,
9987,07/21/2025 09:00:00,5.53,,,,,
9988,07/21/2025 09:05:00,5.45,,,,,
9989,07/21/2025 09:10:00,5.79,,,,,
9990,07/21/2025 09:15:00,6.35,,,,,
9991,07/21/2025 09:20:00,6.60,,,,,
9992,07/21/2025 09:25:00,6.56,,,,,
9993,07/21/2025 09:30:00,6.17,,,,,
9994,07/21/2025 09:35:00,6.05,,,,,
9995,07/21/2025 09:40:00,5.87,,,,,
9996,07/21/2025 09:45:00,6.13,,,,,
9997,07/21/2025 09:50:00,6.35,,,,,
9998,07/21/2025 09:55:00,6.52,,,,,
9999,07/21/2025 10:00:00,6.43,,,,,
10000,07/21/2025 10:05:00,6.43,,,,,
10001,07/21/2025 10:10:00,6.43,,,,,
10002,07/21/2025 10:15:00,6.43,,,,,
10003,07/21/2025 10:20:00,6.52,,,,,
10004,07/21/2025 10:25:00,6.65,,,,,
10005,07/21/2025 10:30:00,6.60,,,,,
10006,07/21/2025 10:35:00,6.56,,,,,
10007,07/21/2025 10:40:00,7.03,,,,,
10008,07/21/2025 10:45:00,7.38,,,,,
10009,07/21/2025 10:50:00,6.99,,,,,
10010,07/21/2025 10:55:00,6.60,,,,,
10011,07/21/2025 11:00:00,6.78,,,,,
10012,07/21/2025 11:05:00,7.46,,,,,
10013,07/21/2025 11:10:00,7.55,,,,,
10014,07/21/2025 11:15:00,6.86,,,,,
10015,07/21/2025 11:20:00,6.48,,,,,
10016,07/21/2025 11:25:00,6.73,,,,,
10017,07/21/2025 11:30:00,7.08,,,,,
10018,07/21/2025 11:35:00,8.02,,,,,
10019,07/21/2025 11:40:00,8.45,,,,,
10020,07/21/2025 11:45:00,8.36,,,,,
10021,07/21/2025 11:50:00,7.46,,,,,
10022,07/21/2025 11:55:00,8.02,,,,,
10023,07/21/2025 12:00:00,8.62,,,,,
10024,07/21/2025 12:05:00,8.88,,,,,
10025,07/21/2025 12:10:00,8.79,,,,,
10026,07/21/2025 12:15:00,8.28,,,,,
10027,07/21/2025 12:20:00,8.06,,,,,
10028,07/21/2025 12:25:00,7.72,,,,,
10029,07/21/2025 12:30:00,7.46,,,,,
10030,07/21/2025 12:35:00,7.25,,,,,
10031,07/21/2025 12:40:00,7.38,,,,,
10032,07/21/2025 12:45:00,7.25,,,,,
10033,07/21/2025 12:50:00,7.33,,,,,
10034,07/21/2025 12:55:00,6.82,,,,,
10035,07/21/2025 13:00:00,6.69,,,,,
10036,07/21/2025 13:05:00,6.99,,,,,
10037,07/21/2025 13:10:00,7.63,,,,,
10038,07/21/2025 13:15:00,7.63,,,,,
10039,07/21/2025 13:20:00,7.68,,,,,
10040,07/21/2025 13:25:00,7.93,,,,,
10041,07/21/2025 13:30:00,7.55,,,,,
10042,07/21/2025 13:35:00,7.20,,,,,
10043,07/21/2025 13:40:00,7.55,,,,,
10044,07/21/2025 13:45:00,7.50,,,,,
10045,07/21/2025 13:50:00,7.81,,,,,
10046,07/21/2025 13:55:00,8.28,,,,,
10047,07/21/2025 14:00:00,9.01,,,,,
10048,07/21/2025 14:05:00,8.96,,,,,
10049,07/21/2025 14:10:00,8.53,,,,,
10050,07/21/2025 14:15:00,8.06,,,,,
10051,07/21/2025 14:20:00,7.25,,,,,
10052,07/21/2025 14:25:00,7.68,,,,,
10053,07/21/2025 14:30:00,7.63,,,,,
10054,07/21/2025 14:35:00,7.89,,,,,
10055,07/21/2025 14:40:00,7.03,,,,,
10056,07/21/2025 14:45:00,6.78,,,,,
10057,07/21/2025 14:50:00,7.38,,,,,
10058,07/21/2025 14:55:00,7.63,,,,,
10059,07/21/2025 15:00:00,7.29,,,,,
10060,07/21/2025 15:05:00,7.16,,,,,
10061,07/21/2025 15:10:00,7.50,,,,,
10062,07/21/2025 15:15:00,7.50,,,,,
10063,07/21/2025 15:20:00,7.68,,,,,
10064,07/21/2025 15:25:00,7.89,,,,,
10065,07/21/2025 15:30:00,8.06,,,,,
10066,07/21/2025 15:35:00,8.11,,,,,
10067,07/21/2025 15:40:00,8.23,,,,,
10068,07/21/2025 15:45:00,8.41,,,,,
10069,07/21/2025 15:50:00,8.58,,,,,
10070,07/21/2025 15:55:00,8.53,,,,,
10071,07/21/2025 16:00:00,8.23,,,,,
10072,07/21/2025 16:05:00,8.02,,,,,
10073,07/21/2025 16:10:00,7.76,,,,,
10074,07/21/2025 16:15:00,7.46,,,,,
10075,07/21/2025 16:20:00,7.63,,,,,
10076,07/21/2025 16:25:00,7.72,,,,,
10077,07/21/2025 16:30:00,7.72,,,,,
10078,07/21/2025 16:35:00,7.81,,,,,
10079,07/21/2025 16:40:00,7.76,,,,,
10080,07/21/2025 16:45:00,7.63,,,,,
10081,07/21/2025 16:50:00,7.59,,,,,
10082,07/21/2025 16:55:00,7.38,,,,,
10083,07/21/2025 17:00:00,7.12,,,,,
10084,07/21/2025 17:05:00,6.99,,,,,
10085,07/21/2025 17:10:00,7.03,,,,,
10086,07/21/2025 17:15:00,6.90,,,,,
10087,07/21/2025 17:20:00,6.73,,,,,
10088,07/21/2025 17:25:00,6.86,,,,,
10089,07/21/2025 17:30:00,6.95,,,,,
10090,07/21/2025 17:35:00,6.78,,,,,
10091,07/21/2025 17:40:00,6.78,,,,,
10092,07/21/2025 17:45:00,6.56,,,,,
10093,07/21/2025 17:50:00,6.35,,,,,
10094,07/21/2025 17:55:00,6.39,,,,,
10095,07/21/2025 18:00:00,6.30,,,,,
10096,07/21/2025 18:05:00,6.35,,,,,
10097,07/21/2025 18:10:00,6.52,,,,,
10098,07/21/2025 18:15:00,6.60,,,,,
10099,07/21/2025 18:20:00,6.78,,,,,
10100,07/21/2025 18:25:00,6.78,,,,,
10101,07/21/2025 18:30:00,6.52,,,,,
10102,07/21/2025 18:35:00,6.35,,,,,
10103,07/21/2025 18:40:00,6.26,,,,,
10104,07/21/2025 18:45:00,6.35,,,,,
10105,07/21/2025 18:50:00,6.52,,,,,
10106,07/21/2025 18:55:00,6.86,,,,,
10107,07/21/2025 19:00:00,6.95,,,,,
10108,07/21/2025 19:05:00,6.48,,,,,
10109,07/21/2025 19:10:00,6.52,,,,,
10110,07/21/2025 19:15:00,6.35,,,,,
10111,07/21/2025 19:20:00,6.17,,,,,
10112,07/21/2025 19:25:00,5.75,,,,,
10113,07/21/2025 19:30:00,5.36,,,,,
10114,07/21/2025 19:35:00,5.02,,,,,
10115,07/21/2025 19:40:00,4.93,,,,,
10116,07/21/2025 19:45:00,5.45,,,,,
10117,07/21/2025 19:50:00,5.49,,,,,
10118,07/21/2025 19:55:00,5.27,,,,,
10119,07/21/2025 20:00:00,5.19,,,,,
10120,07/21/2025 20:05:00,5.19,,,,,
10121,07/21/2025 20:10:00,5.19,,,,,
10122,07/21/2025 20:15:00,5.19,,,,,
10123,07/21/2025 20:20:00,5.57,,,,,
10124,07/21/2025 20:25:00,5.62,,,,,
10125,07/21/2025 20:30:00,5.19,,,,,
10126,07/21/2025 20:35:00,5.19,,,,,
10127,07/21/2025 20:40:00,4.72,,,,,
10128,07/21/2025 20:45:00,4.46,,,,,
10129,07/21/2025 20:50:00,4.29,,,,,
10130,07/21/2025 20:55:00,4.24,,,,,
10131,07/21/2025 21:00:00,4.24,,,,,
10132,07/21/2025 21:05:00,4.33,,,,,
10133,07/21/2025 21:10:00,4.50,,,,,
10134,07/21/2025 21:15:00,4.42,,,,,
10135,07/21/2025 21:20:00,4.29,,,,,
10136,07/21/2025 21:25:00,4.07,,,,,
10137,07/21/2025 21:30:00,4.16,,,,,
10138,07/21/2025 21:35:00,4.16,,,,,
10139,07/21/2025 21:40:00,4.33,,,,,
10140,07/21/2025 21:45:00,4.29,,,,,
10141,07/21/2025 21:50:00,4.24,,,,,
10142,07/21/2025 21:55:00,4.59,,,,,
10143,07/21/2025 22:00:00,4.72,,,,,
10144,07/21/2025 22:05:00,4.54,,,,,
10145,07/21/2025 22:10:00,4.33,,,,,
10146,07/21/2025 22:15:00,4.29,,,,,
10147,07/21/2025 22:20:00,4.33,,,,,
10148,07/21/2025 22:25:00,4.33,,,,,
10149,07/21/2025 22:30:00,4.29,,,,,
10150,07/21/2025 22:35:00,4.12,,,,,
10151,07/21/2025 22:40:00,4.12,,,,,
10152,07/21/2025 22:45:00,4.03,,,,,
10153,07/21/2025 22:50:00,4.07,,,,,
10154,07/21/2025 22:55:00,3.86,,,,,
10155,07/21/2025 23:00:00,3.34,,,,,
10156,07/21/2025 23:05:00,3.17,,,,,
10157,07/21/2025 23:10:00,3.13,,,,,
10158,07/21/2025 23:15:00,3.34,,,,,
10159,07/21/2025 23:20:00,3.82,,,,,
10160,07/21/2025 23:25:00,3.99,,,,,
10161,07/21/2025 23:30:00,3.94,,,,,
10162,07/21/2025 23:35:00,3.86,,,,,
10163,07/21/2025 23:40:00,3.60,,,,,
10164,07/21/2025 23:45:00,3.52,,,,,
10165,07/21/2025 23:50:00,3.34,,,,,
10166,07/21/2025 23:55:00,3.52,,,,,
10167,07/22/2025 00:00:00,3.60,,,,,
10168,07/22/2025 00:05:00,3.39,,,,,
10169,07/22/2025 00:10:00,3.21,,,,,
10170,07/22/2025 00:15:00,3.17,,,,,
10171,07/22/2025 00:20:00,3.43,,,,,
10172,07/22/2025 00:25:00,3.47,,,,,
10173,07/22/2025 00:30:00,3.39,,,,,
10174,07/22/2025 00:35:00,3.34,,,,,
10175,07/22/2025 00:40:00,3.47,,,,,
10176,07/22/2025 00:45:00,3.56,,,,,
10177,07/22/2025 00:50:00,3.77,,,,,
10178,07/22/2025 00:55:00,3.73,,,,,
10179,07/22/2025 01:00:00,3.52,,,,,
10180,07/22/2025 01:05:00,3.30,,,,,
10181,07/22/2025 01:10:00,2.96,,,,,
10182,07/22/2025 01:15:00,2.66,,,,,
10183,07/22/2025 01:20:00,2.61,,,,,
10184,07/22/2025 01:25:00,2.44,,,,,
10185,07/22/2025 01:30:00,2.74,,,,,
10186,07/22/2025 01:35:00,3.09,,,,,
10187,07/22/2025 01:40:00,3.30,,,,,
10188,07/22/2025 01:45:00,3.60,,,,,
10189,07/22/2025 01:50:00,3.77,,,,,
10190,07/22/2025 01:55:00,3.56,,,,,
10191,07/22/2025 02:00:00,3.52,,,,,
10192,07/22/2025 02:05:00,3.52,,,,,
10193,07/22/2025 02:10:00,3.73,,,,,
10194,07/22/2025 02:15:00,4.03,,,,,
10195,07/22/2025 02:20:00,3.60,,,,,
10196,07/22/2025 02:25:00,3.69,,,,,
10197,07/22/2025 02:30:00,3.77,,,,,
10198,07/22/2025 02:35:00,3.43,,,,,
10199,07/22/2025 02:40:00,4.20,,,,,
10200,07/22/2025 02:45:00,4.72,,,,,
10201,07/22/2025 02:50:00,4.37,,,,,
10202,07/22/2025 02:55:00,4.80,,,,,
10203,07/22/2025 03:00:00,4.29,,,,,
10204,07/22/2025 03:05:00,4.03,,,,,
10205,07/22/2025 03:10:00,3.99,,,,,
10206,07/22/2025 03:15:00,3.99,,,,,
10207,07/22/2025 03:20:00,4.16,,,,,
10208,07/22/2025 03:25:00,4.46,,,,,
10209,07/22/2025 03:30:00,4.50,,,,,
10210,07/22/2025 03:35:00,4.37,,,,,
10211,07/22/2025 03:40:00,4.33,,,,,
10212,07/22/2025 03:45:00,4.03,,,,,
10213,07/22/2025 03:50:00,4.07,,,,,
10214,07/22/2025 03:55:00,4.29,,,,,
10215,07/22/2025 04:00:00,4.07,,,,,
10216,07/22/2025 04:05:00,4.80,,,,,
10217,07/22/2025 04:10:00,4.46,,,,,
10218,07/22/2025 04:15:00,3.94,,,,,
10219,07/22/2025 04:20:00,3.60,,,,,
10220,07/22/2025 04:25:00,4.12,,,,,
10221,07/22/2025 04:30:00,4.20,,,,,
10222,07/22/2025 04:35:00,5.32,,,,,
10223,07/22/2025 04:40:00,5.92,,,,,
10224,07/22/2025 04:45:00,6.35,,,,,
10225,07/22/2025 04:50:00,6.65,,,,,
10226,07/22/2025 04:55:00,5.57,,,,,
10227,07/22/2025 05:00:00,4.76,,,,,
10228,07/22/2025 05:05:00,4.54,,,,,
10229,07/22/2025 05:10:00,4.42,,,,,
10230,07/22/2025 05:15:00,4.72,,,,,
10231,07/22/2025 05:20:00,4.63,,,,,
10232,07/22/2025 05:25:00,4.84,,,,,
10233,07/22/2025 05:30:00,5.19,,,,,
10234,07/22/2025 05:35:00,5.10,,,,,
10235,07/22/2025 05:40:00,5.19,,,,,
10236,07/22/2025 05:45:00,4.93,,,,,
10237,07/22/2025 05:50:00,4.93,,,,,
10238,07/22/2025 05:55:00,5.32,,,,,
10239,07/22/2025 06:00:00,5.49,,,,,
10240,07/22/2025 06:05:00,5.40,,,,,
10241,07/22/2025 06:10:00,5.66,,,,,
10242,07/22/2025 06:15:00,5.79,,,,,
10243,07/22/2025 06:20:00,5.62,,,,,
10244,07/22/2025 06:25:00,5.36,,,,,
10245,07/22/2025 06:30:00,5.49,,,,,
10246,07/22/2025 06:35:00,5.66,,,,,
10247,07/22/2025 06:40:00,5.87,,,,,
10248,07/22/2025 06:45:00,5.87,,,,,
10249,07/22/2025 06:50:00,5.87,,,,,
10250,07/22/2025 06:55:00,6.05,,,,,
10251,07/22/2025 07:00:00,6.56,,,,,
10252,07/22/2025 07:05:00,6.78,,,,,
10253,07/22/2025 07:10:00,6.82,,,,,
10254,07/22/2025 07:15:00,7.08,,,,,
10255,07/22/2025 07:20:00,6.95,,,,,
10256,07/22/2025 07:25:00,7.20,,,,,
10257,07/22/2025 07:30:00,7.93,,,,,
10258,07/22/2025 07:35:00,7.33,,,,,
10259,07/22/2025 07:40:00,6.99,,,,,
10260,07/22/2025 07:45:00,6.73,,,,,
10261,07/22/2025 07:50:00,6.30,,,,,
10262,07/22/2025 07:55:00,6.78,,,,,
10263,07/22/2025 08:00:00,6.90,,,,,
10264,07/22/2025 08:05:00,7.12,,,,,
10265,07/22/2025 08:10:00,7.16,,,,,
10266,07/22/2025 08:15:00,7.33,,,,,
10267,07/22/2025 08:20:00,7.33,,,,,
10268,07/22/2025 08:25:00,7.46,,,,,
10269,07/22/2025 08:30:00,7.42,,,,,
10270,07/22/2025 08:35:00,6.95,,,,,
10271,07/22/2025 08:40:00,7.38,,,,,
10272,07/22/2025 08:45:00,7.29,,,,,
10273,07/22/2025 08:50:00,6.26,,,,,
10274,07/22/2025 08:55:00,5.92,,,,,
10275,07/22/2025 09:00:00,5.66,,,,,
10276,07/22/2025 09:05:00,5.62,,,,,
10277,07/22/2025 09:10:00,5.40,,,,,
10278,07/22/2025 09:15:00,4.97,,,,,
10279,07/22/2025 09:20:00,5.32,,,,,
10280,07/22/2025 09:25:00,5.92,,,,,
10281,07/22/2025 09:30:00,6.30,,,,,
10282,07/22/2025 09:35:00,6.52,,,,,
10283,07/22/2025 09:40:00,6.30,,,,,
10284,07/22/2025 09:45:00,6.09,,,,,
10285,07/22/2025 09:50:00,6.30,,,,,
10286,07/22/2025 09:55:00,6.95,,,,,
10287,07/22/2025 10:00:00,7.08,,,,,
10288,07/22/2025 10:05:00,6.86,,,,,
10289,07/22/2025 10:10:00,6.90,,,,,
10290,07/22/2025 10:15:00,6.82,,,,,
10291,07/22/2025 10:20:00,6.95,,,,,
10292,07/22/2025 10:25:00,6.86,,,,,
10293,07/22/2025 10:30:00,6.56,,,,,
10294,07/22/2025 10:35:00,6.43,,,,,
10295,07/22/2025 10:40:00,6.73,,,,,
10296,07/22/2025 10:45:00,7.08,,,,,
10297,07/22/2025 10:50:00,7.46,,,,,
10298,07/22/2025 10:55:00,7.89,,,,,
10299,07/22/2025 11:00:00,7.25,,,,,
10300,07/22/2025 11:05:00,6.95,,,,,
10301,07/22/2025 11:10:00,7.55,,,,,
10302,07/22/2025 11:15:00,8.23,,,,,
10303,07/22/2025 11:20:00,8.23,,,,,
10304,07/22/2025 11:25:00,7.89,,,,,
10305,07/22/2025 11:30:00,7.42,,,,,
10306,07/22/2025 11:35:00,7.08,,,,,
10307,07/22/2025 11:40:00,7.16,,,,,
10308,07/22/2025 11:45:00,7.63,,,,,
10309,07/22/2025 11:50:00,7.89,,,,,
10310,07/22/2025 11:55:00,7.55,,,,,
10311,07/22/2025 12:00:00,7.42,,,,,
10312,07/22/2025 12:05:00,7.50,,,,,
10313,07/22/2025 12:10:00,7.12,,,,,
10314,07/22/2025 12:15:00,7.55,,,,,
10315,07/22/2025 12:20:00,7.20,,,,,
10316,07/22/2025 12:25:00,7.38,,,,,
10317,07/22/2025 12:30:00,7.33,,,,,
10318,07/22/2025 12:35:00,7.72,,,,,
10319,07/22/2025 12:40:00,7.72,,,,,
10320,07/22/2025 12:45:00,7.63,,,,,
10321,07/22/2025 12:50:00,7.59,,,,,
10322,07/22/2025 12:55:00,7.42,,,,,
10323,07/22/2025 13:00:00,7.55,,,,,
10324,07/22/2025 13:05:00,7.59,,,,,
10325,07/22/2025 13:10:00,7.29,,,,,
10326,07/22/2025 13:15:00,7.25,,,,,
10327,07/22/2025 13:20:00,7.72,,,,,
10328,07/22/2025 13:25:00,7.59,,,,,
10329,07/22/2025 13:30:00,7.59,,,,,
10330,07/22/2025 13:35:00,7.63,,,,,
10331,07/22/2025 13:40:00,7.81,,,,,
10332,07/22/2025 13:45:00,8.36,,,,,
10333,07/22/2025 13:50:00,8.11,,,,,
10334,07/22/2025 13:55:00,8.06,,,,,
10335,07/22/2025 14:00:00,7.85,,,,,
10336,07/22/2025 14:05:00,7.89,,,,,
10337,07/22/2025 14:10:00,7.98,,,,,
10338,07/22/2025 14:15:00,7.93,,,,,
10339,07/22/2025 14:20:00,8.02,,,,,
10340,07/22/2025 14:25:00,7.72,,,,,
10341,07/22/2025 14:30:00,7.50,,,,,
10342,07/22/2025 14:35:00,7.50,,,,,
10343,07/22/2025 14:40:00,7.46,,,,,
10344,07/22/2025 14:45:00,7.85,,,,,
10345,07/22/2025 14:50:00,7.81,,,,,
10346,07/22/2025 14:55:00,7.63,,,,,
10347,07/22/2025 15:00:00,7.59,,,,,
10348,07/22/2025 15:05:00,7.55,,,,,
10349,07/22/2025 15:10:00,7.20,,,,,
10350,07/22/2025 15:15:00,6.95,,,,,
10351,07/22/2025 15:20:00,7.25,,,,,
10352,07/22/2025 15:25:00,7.33,,,,,
10353,07/22/2025 15:30:00,7.29,,,,,
10354,07/22/2025 15:35:00,7.33,,,,,
10355,07/22/2025 15:40:00,7.72,,,,,
10356,07/22/2025 15:45:00,7.76,,,,,
10357,07/22/2025 15:50:00,7.68,,,,,
10358,07/22/2025 15:55:00,7.16,,,,,
10359,07/22/2025 16:00:00,6.86,,,,,
10360,07/22/2025 16:05:00,6.56,,,,,
10361,07/22/2025 16:10:00,7.03,,,,,
10362,07/22/2025 16:15:00,7.16,,,,,
10363,07/22/2025 16:20:00,7.03,,,,,
10364,07/22/2025 16:25:00,7.08,,,,,
10365,07/22/2025 16:30:00,6.95,,,,,
10366,07/22/2025 16:35:00,6.73,,,,,
10367,07/22/2025 16:40:00,6.82,,,,,
10368,07/22/2025 16:45:00,6.99,,,,,
10369,07/22/2025 16:50:00,6.73,,,,,
10370,07/22/2025 16:55:00,6.82,,,,,
10371,07/22/2025 17:00:00,6.99,,,,,
10372,07/22/2025 17:05:00,8.06,,,,,
10373,07/22/2025 17:10:00,8.15,,,,,
10374,07/22/2025 17:15:00,9.31,,,,,
10375,07/22/2025 17:20:00,8.79,,,,,
10376,07/22/2025 17:25:00,9.35,,,,,
10377,07/22/2025 17:30:00,8.92,,,,,
10378,07/22/2025 17:35:00,8.28,,,,,
10379,07/22/2025 17:40:00,7.93,,,,,
10380,07/22/2025 17:45:00,6.86,,,,,
10381,07/22/2025 17:50:00,6.35,,,,,
10382,07/22/2025 17:55:00,6.90,,,,,
10383,07/22/2025 18:00:00,6.60,,,,,
10384,07/22/2025 18:05:00,6.48,,,,,
10385,07/22/2025 18:10:00,6.39,,,,,
10386,07/22/2025 18:15:00,5.96,,,,,
10387,07/22/2025 18:20:00,4.89,,,,,
10388,07/22/2025 18:25:00,4.84,,,,,
10389,07/22/2025 18:30:00,4.84,,,,,
10390,07/22/2025 18:35:00,5.15,,,,,
10391,07/22/2025 18:40:00,5.32,,,,,
10392,07/22/2025 18:45:00,5.27,,,,,
10393,07/22/2025 18:50:00,5.70,,,,,
10394,07/22/2025 18:55:00,6.00,,,,,
10395,07/22/2025 19:00:00,6.05,,,,,
10396,07/22/2025 19:05:00,5.96,,,,,
10397,07/22/2025 19:10:00,6.09,,,,,
10398,07/22/2025 19:15:00,6.09,,,,,
10399,07/22/2025 19:20:00,5.06,,,,,
10400,07/22/2025 19:25:00,4.24,,,,,
10401,07/22/2025 19:30:00,4.03,,,,,
10402,07/22/2025 19:35:00,3.94,,,,,
10403,07/22/2025 19:40:00,3.94,,,,,
10404,07/22/2025 19:45:00,3.86,,,,,
10405,07/22/2025 19:50:00,4.07,,,,,
10406,07/22/2025 19:55:00,3.94,,,,,
10407,07/22/2025 20:00:00,3.77,,,,,
10408,07/22/2025 20:05:00,3.52,,,,,
10409,07/22/2025 20:10:00,3.47,,,,,
10410,07/22/2025 20:15:00,3.73,,,,,
10411,07/22/2025 20:20:00,3.73,,,,,
10412,07/22/2025 20:25:00,3.69,,,,,
10413,07/22/2025 20:30:00,3.39,,,,,
10414,07/22/2025 20:35:00,3.04,,,,,
10415,07/22/2025 20:40:00,3.73,,,,,
10416,07/22/2025 20:45:00,3.86,,,,,
10417,07/22/2025 20:50:00,3.30,,,,,
10418,07/22/2025 20:55:00,3.09,,,,,
10419,07/22/2025 21:00:00,3.47,,,,,
10420,07/22/2025 21:05:00,3.52,,,,,
10421,07/22/2025 21:10:00,3.04,,,,,
10422,07/22/2025 21:15:00,3.21,,,,,
10423,07/22/2025 21:20:00,3.99,,,,,
10424,07/22/2025 21:25:00,4.16,,,,,
10425,07/22/2025 21:30:00,3.64,,,,,
10426,07/22/2025 21:35:00,3.64,,,,,
10427,07/22/2025 21:40:00,3.43,,,,,
10428,07/22/2025 21:45:00,3.64,,,,,
10429,07/22/2025 21:50:00,3.73,,,,,
10430,07/22/2025 21:55:00,3.94,,,,,
10431,07/22/2025 22:00:00,3.52,,,,,
10432,07/22/2025 22:05:00,4.16,,,,,
10433,07/22/2025 22:10:00,4.29,,,,,
10434,07/22/2025 22:15:00,4.50,,,,,
10435,07/22/2025 22:20:00,4.37,,,,,
10436,07/22/2025 22:25:00,3.39,,,,,
10437,07/22/2025 22:30:00,2.57,,,,,
10438,07/22/2025 22:35:00,2.57,,,,,
10439,07/22/2025 22:40:00,2.49,,,,,
10440,07/22/2025 22:45:00,2.61,,,,,
10441,07/22/2025 22:50:00,2.83,,,,,
10442,07/22/2025 22:55:00,2.61,,,,,
10443,07/22/2025 23:00:00,2.36,,,,,
10444,07/22/2025 23:05:00,2.23,,,,,
10445,07/22/2025 23:10:00,2.36,,,,,
10446,07/22/2025 23:15:00,2.49,,,,,
10447,07/22/2025 23:20:00,2.49,,,,,
10448,07/22/2025 23:25:00,2.66,,,,,
10449,07/22/2025 23:30:00,2.70,,,,,
10450,07/22/2025 23:35:00,3.34,,,,,
10451,07/22/2025 23:40:00,3.77,,,,,
10452,07/22/2025 23:45:00,3.52,,,,,
10453,07/22/2025 23:50:00,3.17,,,,,
10454,07/22/2025 23:55:00,2.83,,,,,
10455,07/23/2025 00:00:00,2.79,,,,,
10456,07/23/2025 00:05:00,2.70,,,,,
10457,07/23/2025 00:10:00,2.91,,,,,
10458,07/23/2025 00:15:00,2.83,,,,,
10459,07/23/2025 00:20:00,2.87,,,,,
10460,07/23/2025 00:25:00,2.74,,,,,
10461,07/23/2025 00:30:00,2.61,,,,,
10462,07/23/2025 00:35:00,2.36,,,,,
10463,07/23/2025 00:40:00,2.70,,,,,
10464,07/23/2025 00:45:00,2.66,,,,,
10465,07/23/2025 00:50:00,2.27,,,,,
10466,07/23/2025 00:55:00,2.49,,,,,
10467,07/23/2025 01:00:00,2.31,,,,,
10468,07/23/2025 01:05:00,2.53,,,,,
10469,07/23/2025 01:10:00,2.66,,,,,
10470,07/23/2025 01:15:00,2.79,,,,,
10471,07/23/2025 01:20:00,2.66,,,,,
10472,07/23/2025 01:25:00,2.31,,,,,
10473,07/23/2025 01:30:00,2.23,,,,,
10474,07/23/2025 01:35:00,2.14,,,,,
10475,07/23/2025 01:40:00,2.23,,,,,
10476,07/23/2025 01:45:00,2.19,,,,,
10477,07/23/2025 01:50:00,2.31,,,,,
10478,07/23/2025 01:55:00,2.49,,,,,
10479,07/23/2025 02:00:00,2.57,,,,,
10480,07/23/2025 02:05:00,2.40,,,,,
10481,07/23/2025 02:10:00,2.31,,,,,
10482,07/23/2025 02:15:00,2.70,,,,,
10483,07/23/2025 02:20:00,2.91,,,,,
10484,07/23/2025 02:25:00,2.87,,,,,
10485,07/23/2025 02:30:00,3.13,,,,,
10486,07/23/2025 02:35:00,2.44,,,,,
10487,07/23/2025 02:40:00,1.97,,,,,
10488,07/23/2025 02:45:00,1.84,,,,,
10489,07/23/2025 02:50:00,1.97,,,,,
10490,07/23/2025 02:55:00,2.40,,,,,
10491,07/23/2025 03:00:00,2.61,,,,,
10492,07/23/2025 03:05:00,2.49,,,,,
10493,07/23/2025 03:10:00,2.70,,,,,
10494,07/23/2025 03:15:00,2.79,,,,,
10495,07/23/2025 03:20:00,2.70,,,,,
10496,07/23/2025 03:25:00,2.87,,,,,
10497,07/23/2025 03:30:00,2.74,,,,,
10498,07/23/2025 03:35:00,3.26,,,,,
10499,07/23/2025 03:40:00,3.30,,,,,
10500,07/23/2025 03:45:00,3.13,,,,,
10501,07/23/2025 03:50:00,3.34,,,,,
10502,07/23/2025 03:55:00,3.39,,,,,
10503,07/23/2025 04:00:00,3.39,,,,,
10504,07/23/2025 04:05:00,3.47,,,,,
10505,07/23/2025 04:10:00,3.39,,,,,
10506,07/23/2025 04:15:00,3.47,,,,,
10507,07/23/2025 04:20:00,3.39,,,,,
10508,07/23/2025 04:25:00,3.17,,,,,
10509,07/23/2025 04:30:00,2.91,,,,,
10510,07/23/2025 04:35:00,2.79,,,,,
10511,07/23/2025 04:40:00,3.13,,,,,
10512,07/23/2025 04:45:00,2.83,,,,,
10513,07/23/2025 04:50:00,2.83,,,,,
10514,07/23/2025 04:55:00,2.83,,,,,
10515,07/23/2025 05:00:00,3.13,,,,,
10516,07/23/2025 05:05:00,3.30,,,,,
10517,07/23/2025 05:10:00,3.56,,,,,
10518,07/23/2025 05:15:00,3.52,,,,,
10519,07/23/2025 05:20:00,3.39,,,,,
10520,07/23/2025 05:25:00,3.30,,,,,
10521,07/23/2025 05:30:00,3.39,,,,,
10522,07/23/2025 05:35:00,3.47,,,,,
10523,07/23/2025 05:40:00,3.30,,,,,
10524,07/23/2025 05:45:00,3.34,,,,,
10525,07/23/2025 05:50:00,3.52,,,,,
10526,07/23/2025 05:55:00,3.73,,,,,
10527,07/23/2025 06:00:00,3.90,,,,,
10528,07/23/2025 06:05:00,3.94,,,,,
10529,07/23/2025 06:10:00,3.86,,,,,
10530,07/23/2025 06:15:00,3.69,,,,,
10531,07/23/2025 06:20:00,3.47,,,,,
10532,07/23/2025 06:25:00,3.82,,,,,
10533,07/23/2025 06:30:00,4.03,,,,,
10534,07/23/2025 06:35:00,4.20,,,,,
10535,07/23/2025 06:40:00,4.12,,,,,
10536,07/23/2025 06:45:00,4.16,,,,,
10537,07/23/2025 06:50:00,3.94,,,,,
10538,07/23/2025 06:55:00,3.82,,,,,
10539,07/23/2025 07:00:00,3.90,,,,,
10540,07/23/2025 07:05:00,4.03,,,,,
10541,07/23/2025 07:10:00,4.16,,,,,
10542,07/23/2025 07:15:00,4.42,,,,,
10543,07/23/2025 07:20:00,4.93,,,,,
10544,07/23/2025 07:25:00,4.93,,,,,
10545,07/23/2025 07:30:00,4.76,,,,,
10546,07/23/2025 07:35:00,4.63,,,,,
10547,07/23/2025 07:40:00,4.29,,,,,
10548,07/23/2025 07:45:00,4.29,,,,,
10549,07/23/2025 07:50:00,4.76,,,,,
10550,07/23/2025 07:55:00,5.49,,,,,
10551,07/23/2025 08:00:00,5.23,,,,,
10552,07/23/2025 08:05:00,4.80,,,,,
10553,07/23/2025 08:10:00,4.50,,,,,
10554,07/23/2025 08:15:00,4.72,,,,,
10555,07/23/2025 08:20:00,4.84,,,,,
10556,07/23/2025 08:25:00,5.49,,,,,
10557,07/23/2025 08:30:00,5.70,,,,,
10558,07/23/2025 08:35:00,5.32,,,,,
10559,07/23/2025 08:40:00,5.02,,,,,
10560,07/23/2025 08:45:00,4.67,,,,,
10561,07/23/2025 08:50:00,4.84,,,,,
10562,07/23/2025 08:55:00,5.02,,,,,
10563,07/23/2025 09:00:00,5.06,,,,,
10564,07/23/2025 09:05:00,5.36,,,,,
10565,07/23/2025 09:10:00,5.53,,,,,
10566,07/23/2025 09:15:00,5.32,,,,,
10567,07/23/2025 09:20:00,5.40,,,,,
10568,07/23/2025 09:25:00,5.53,,,,,
10569,07/23/2025 09:30:00,5.36,,,,,
10570,07/23/2025 09:35:00,5.53,,,,,
10571,07/23/2025 09:40:00,5.53,,,,,
10572,07/23/2025 09:45:00,5.45,,,,,
10573,07/23/2025 09:50:00,6.00,,,,,
10574,07/23/2025 09:55:00,6.22,,,,,
10575,07/23/2025 10:00:00,6.26,,,,,
10576,07/23/2025 10:05:00,6.95,,,,,
10577,07/23/2025 10:10:00,7.76,,,,,
10578,07/23/2025 10:15:00,7.55,,,,,
10579,07/23/2025 10:20:00,6.82,,,,,
10580,07/23/2025 10:25:00,6.09,,,,,
10581,07/23/2025 10:30:00,6.65,,,,,
10582,07/23/2025 10:35:00,8.11,,,,,
10583,07/23/2025 10:40:00,7.85,,,,,
10584,07/23/2025 10:45:00,7.03,,,,,
10585,07/23/2025 10:50:00,6.39,,,,,
10586,07/23/2025 10:55:00,6.17,,,,,
10587,07/23/2025 11:00:00,5.92,,,,,
10588,07/23/2025 11:05:00,6.05,,,,,
10589,07/23/2025 11:10:00,6.43,,,,,
10590,07/23/2025 11:15:00,7.16,,,,,
10591,07/23/2025 11:20:00,7.63,,,,,
10592,07/23/2025 11:25:00,9.39,,,,,
10593,07/23/2025 11:30:00,10.42,,,,,
10594,07/23/2025 11:35:00,10.51,,,,,
10595,07/23/2025 11:40:00,10.38,,,,,
10596,07/23/2025 11:45:00,11.11,,,,,
10597,07/23/2025 11:50:00,11.32,,,,,
10598,07/23/2025 11:55:00,9.82,,,,,
10599,07/23/2025 12:00:00,8.58,,,,,
10600,07/23/2025 12:05:00,8.45,,,,,
10601,07/23/2025 12:10:00,9.31,,,,,
10602,07/23/2025 12:15:00,7.81,,,,,
10603,07/23/2025 12:20:00,7.16,,,,,
10604,07/23/2025 12:25:00,7.33,,,,,
10605,07/23/2025 12:30:00,7.81,,,,,
10606,07/23/2025 12:35:00,8.15,,,,,
10607,07/23/2025 12:40:00,7.46,,,,,
10608,07/23/2025 12:45:00,7.50,,,,,
10609,07/23/2025 12:50:00,7.72,,,,,
10610,07/23/2025 12:55:00,8.02,,,,,
10611,07/23/2025 13:00:00,8.02,,,,,
10612,07/23/2025 13:05:00,7.42,,,,,
10613,07/23/2025 13:10:00,7.33,,,,,
10614,07/23/2025 13:15:00,6.95,,,,,
10615,07/23/2025 13:20:00,6.43,,,,,
10616,07/23/2025 13:25:00,7.03,,,,,
10617,07/23/2025 13:30:00,8.11,,,,,
10618,07/23/2025 13:35:00,8.36,,,,,
10619,07/23/2025 13:40:00,8.71,,,,,
10620,07/23/2025 13:45:00,8.79,,,,,
10621,07/23/2025 13:50:00,8.45,,,,,
10622,07/23/2025 13:55:00,7.89,,,,,
10623,07/23/2025 14:00:00,6.99,,,,,
10624,07/23/2025 14:05:00,6.95,,,,,
10625,07/23/2025 14:10:00,7.50,,,,,
10626,07/23/2025 14:15:00,8.11,,,,,
10627,07/23/2025 14:20:00,8.92,,,,,
10628,07/23/2025 14:25:00,10.72,,,,,
10629,07/23/2025 14:30:00,11.79,,,,,
10630,07/23/2025 14:35:00,10.64,,,,,
10631,07/23/2025 14:40:00,9.31,,,,,
10632,07/23/2025 14:45:00,8.83,,,,,
10633,07/23/2025 14:50:00,8.32,,,,,
10634,07/23/2025 14:55:00,8.96,,,,,
10635,07/23/2025 15:00:00,7.98,,,,,
10636,07/23/2025 15:05:00,7.16,,,,,
10637,07/23/2025 15:10:00,6.35,,,,,
10638,07/23/2025 15:15:00,6.69,,,,,
10639,07/23/2025 15:20:00,6.73,,,,,
10640,07/23/2025 15:25:00,6.05,,,,,
10641,07/23/2025 15:30:00,6.22,,,,,
10642,07/23/2025 15:35:00,6.35,,,,,
10643,07/23/2025 15:40:00,6.39,,,,,
10644,07/23/2025 15:45:00,6.17,,,,,
10645,07/23/2025 15:50:00,6.05,,,,,
10646,07/23/2025 15:55:00,5.62,,,,,
10647,07/23/2025 16:00:00,5.45,,,,,
10648,07/23/2025 16:05:00,5.32,,,,,
10649,07/23/2025 16:10:00,6.05,,,,,
10650,07/23/2025 16:15:00,6.73,,,,,
10651,07/23/2025 16:20:00,6.82,,,,,
10652,07/23/2025 16:25:00,6.60,,,,,
10653,07/23/2025 16:30:00,7.16,,,,,
10654,07/23/2025 16:35:00,6.78,,,,,
10655,07/23/2025 16:40:00,6.35,,,,,
10656,07/23/2025 16:45:00,6.09,,,,,
10657,07/23/2025 16:50:00,5.83,,,,,
10658,07/23/2025 16:55:00,5.96,,,,,
10659,07/23/2025 17:00:00,6.13,,,,,
10660,07/23/2025 17:05:00,6.56,,,,,
10661,07/23/2025 17:10:00,6.86,,,,,
10662,07/23/2025 17:15:00,6.69,,,,,
10663,07/23/2025 17:20:00,6.52,,,,,
10664,07/23/2025 17:25:00,6.73,,,,,
10665,07/23/2025 17:30:00,6.69,,,,,
10666,07/23/2025 17:35:00,5.87,,,,,
10667,07/23/2025 17:40:00,5.23,,,,,
10668,07/23/2025 17:45:00,4.84,,,,,
10669,07/23/2025 17:50:00,4.72,,,,,
10670,07/23/2025 17:55:00,4.16,,,,,
10671,07/23/2025 18:00:00,3.94,,,,,
10672,07/23/2025 18:05:00,3.82,,,,,
10673,07/23/2025 18:10:00,3.64,,,,,
10674,07/23/2025 18:15:00,3.60,,,,,
10675,07/23/2025 18:20:00,4.03,,,,,
10676,07/23/2025 18:25:00,4.12,,,,,
10677,07/23/2025 18:30:00,3.94,,,,,
10678,07/23/2025 18:35:00,3.64,,,,,
10679,07/23/2025 18:40:00,3.56,,,,,
10680,07/23/2025 18:45:00,3.52,,,,,
10681,07/23/2025 18:50:00,3.30,,,,,
10682,07/23/2025 18:55:00,3.30,,,,,
10683,07/23/2025 19:00:00,3.26,,,,,
10684,07/23/2025 19:05:00,3.47,,,,,
10685,07/23/2025 19:10:00,3.60,,,,,
10686,07/23/2025 19:15:00,3.60,,,,,
10687,07/23/2025 19:20:00,3.43,,,,,
10688,07/23/2025 19:25:00,3.77,,,,,
10689,07/23/2025 19:30:00,3.86,,,,,
10690,07/23/2025 19:35:00,3.30,,,,,
10691,07/23/2025 19:40:00,3.13,,,,,
10692,07/23/2025 19:45:00,2.96,,,,,
10693,07/23/2025 19:50:00,2.91,,,,,
10694,07/23/2025 19:55:00,2.96,,,,,
10695,07/23/2025 20:00:00,2.87,,,,,
10696,07/23/2025 20:05:00,2.96,,,,,
10697,07/23/2025 20:10:00,2.61,,,,,
10698,07/23/2025 20:15:00,2.83,,,,,
10699,07/23/2025 20:20:00,2.91,,,,,
10700,07/23/2025 20:25:00,3.21,,,,,
10701,07/23/2025 20:30:00,3.00,,,,,
10702,07/23/2025 20:35:00,2.83,,,,,
10703,07/23/2025 20:40:00,2.70,,,,,
10704,07/23/2025 20:45:00,2.79,,,,,
10705,07/23/2025 20:50:00,2.83,,,,,
10706,07/23/2025 20:55:00,2.91,,,,,
10707,07/23/2025 21:00:00,2.91,,,,,
10708,07/23/2025 21:05:00,2.83,,,,,
10709,07/23/2025 21:10:00,2.57,,,,,
10710,07/23/2025 21:15:00,2.53,,,,,
10711,07/23/2025 21:20:00,2.53,,,,,
10712,07/23/2025 21:25:00,2.61,,,,,
10713,07/23/2025 21:30:00,2.44,,,,,
10714,07/23/2025 21:35:00,2.31,,,,,
10715,07/23/2025 21:40:00,2.19,,,,,
10716,07/23/2025 21:45:00,2.10,,,,,
10717,07/23/2025 21:50:00,2.10,,,,,
10718,07/23/2025 21:55:00,2.23,,,,,
10719,07/23/2025 22:00:00,2.01,,,,,
10720,07/23/2025 22:05:00,1.88,,,,,
10721,07/23/2025 22:10:00,1.88,,,,,
10722,07/23/2025 22:15:00,2.01,,,,,
10723,07/23/2025 22:20:00,2.14,,,,,
10724,07/23/2025 22:25:00,2.19,,,,,
10725,07/23/2025 22:30:00,2.27,,,,,
10726,07/23/2025 22:35:00,2.49,,,,,
10727,07/23/2025 22:40:00,2.36,,,,,
10728,07/23/2025 22:45:00,2.19,,,,,
10729,07/23/2025 22:50:00,2.19,,,,,
10730,07/23/2025 22:55:00,1.97,,,,,
10731,07/23/2025 23:00:00,2.14,,,,,
10732,07/23/2025 23:05:00,2.01,,,,,
10733,07/23/2025 23:10:00,2.01,,,,,
10734,07/23/2025 23:15:00,2.19,,,,,
10735,07/23/2025 23:20:00,2.14,,,,,
10736,07/23/2025 23:25:00,2.23,,,,,
10737,07/23/2025 23:30:00,2.27,,,,,
10738,07/23/2025 23:35:00,2.14,,,,,
10739,07/23/2025 23:40:00,2.01,,,,,
10740,07/23/2025 23:45:00,2.06,,,,,
10741,07/23/2025 23:50:00,2.06,,,,,
10742,07/23/2025 23:55:00,1.93,,,,,
10743,07/24/2025 00:00:00,2.06,,,,,
10744,07/24/2025 00:05:00,1.97,,,,,
10745,07/24/2025 00:10:00,2.10,,,,,
10746,07/24/2025 00:15:00,2.10,,,,,
10747,07/24/2025 00:20:00,2.14,,,,,
10748,07/24/2025 00:25:00,2.23,,,,,
10749,07/24/2025 00:30:00,2.19,,,,,
10750,07/24/2025 00:35:00,2.10,,,,,
10751,07/24/2025 00:40:00,1.84,,,,,
10752,07/24/2025 00:45:00,2.06,,,,,
10753,07/24/2025 00:50:00,2.27,,,,,
10754,07/24/2025 00:55:00,2.31,,,,,
10755,07/24/2025 01:00:00,2.44,,,,,
10756,07/24/2025 01:05:00,2.74,,,,,
10757,07/24/2025 01:10:00,3.13,,,,,
10758,07/24/2025 01:15:00,3.26,,,,,
10759,07/24/2025 01:20:00,3.39,,,,,
10760,07/24/2025 01:25:00,3.39,,,,,
10761,07/24/2025 01:30:00,3.39,,,,,
10762,07/24/2025 01:35:00,3.30,,,,,
10763,07/24/2025 01:40:00,2.87,,,,,
10764,07/24/2025 01:45:00,2.91,,,,,
10765,07/24/2025 01:50:00,2.66,,,,,
10766,07/24/2025 01:55:00,2.79,,,,,
10767,07/24/2025 02:00:00,2.83,,,,,
10768,07/24/2025 02:05:00,2.61,,,,,
10769,07/24/2025 02:10:00,2.53,,,,,
10770,07/24/2025 02:15:00,2.36,,,,,
10771,07/24/2025 02:20:00,2.49,,,,,
10772,07/24/2025 02:25:00,2.66,,,,,
10773,07/24/2025 02:30:00,2.79,,,,,
10774,07/24/2025 02:35:00,2.70,,,,,
10775,07/24/2025 02:40:00,2.74,,,,,
10776,07/24/2025 02:45:00,2.57,,,,,
10777,07/24/2025 02:50:00,2.74,,,,,
10778,07/24/2025 02:55:00,2.83,,,,,
10779,07/24/2025 03:00:00,2.96,,,,,
10780,07/24/2025 03:05:00,3.21,,,,,
10781,07/24/2025 03:10:00,3.17,,,,,
10782,07/24/2025 03:15:00,3.21,,,,,
10783,07/24/2025 03:20:00,3.04,,,,,
10784,07/24/2025 03:25:00,3.09,,,,,
10785,07/24/2025 03:30:00,2.96,,,,,
10786,07/24/2025 03:35:00,2.74,,,,,
10787,07/24/2025 03:40:00,2.53,,,,,
10788,07/24/2025 03:45:00,2.87,,,,,
10789,07/24/2025 03:50:00,3.00,,,,,
10790,07/24/2025 03:55:00,2.83,,,,,
10791,07/24/2025 04:00:00,2.66,,,,,
10792,07/24/2025 04:05:00,2.66,,,,,
10793,07/24/2025 04:10:00,2.96,,,,,
10794,07/24/2025 04:15:00,3.04,,,,,
10795,07/24/2025 04:20:00,3.17,,,,,
10796,07/24/2025 04:25:00,3.04,,,,,
10797,07/24/2025 04:30:00,3.04,,,,,
10798,07/24/2025 04:35:00,3.09,,,,,
10799,07/24/2025 04:40:00,2.96,,,,,
10800,07/24/2025 04:45:00,2.83,,,,,
10801,07/24/2025 04:50:00,2.74,,,,,
10802,07/24/2025 04:55:00,2.96,,,,,
10803,07/24/2025 05:00:00,2.96,,,,,
10804,07/24/2025 05:05:00,3.00,,,,,
10805,07/24/2025 05:10:00,2.87,,,,,
10806,07/24/2025 05:15:00,2.83,,,,,
10807,07/24/2025 05:20:00,2.83,,,,,
10808,07/24/2025 05:25:00,3.00,,,,,
10809,07/24/2025 05:30:00,3.00,,,,,
10810,07/24/2025 05:35:00,2.96,,,,,
10811,07/24/2025 05:40:00,3.09,,,,,
10812,07/24/2025 05:45:00,3.04,,,,,
10813,07/24/2025 05:50:00,3.17,,,,,
10814,07/24/2025 05:55:00,3.17,,,,,
10815,07/24/2025 06:00:00,3.26,,,,,
10816,07/24/2025 06:05:00,3.09,,,,,
10817,07/24/2025 06:10:00,3.21,,,,,
10818,07/24/2025 06:15:00,3.34,,,,,
10819,07/24/2025 06:20:00,3.26,,,,,
10820,07/24/2025 06:25:00,3.09,,,,,
10821,07/24/2025 06:30:00,3.26,,,,,
10822,07/24/2025 06:35:00,3.26,,,,,
10823,07/24/2025 06:40:00,3.30,,,,,
10824,07/24/2025 06:45:00,3.26,,,,,
10825,07/24/2025 06:50:00,3.39,,,,,
10826,07/24/2025 06:55:00,3.34,,,,,
10827,07/24/2025 07:00:00,3.34,,,,,
10828,07/24/2025 07:05:00,3.30,,,,,
10829,07/24/2025 07:10:00,3.21,,,,,
10830,07/24/2025 07:15:00,3.47,,,,,
10831,07/24/2025 07:20:00,3.43,,,,,
10832,07/24/2025 07:25:00,3.69,,,,,
10833,07/24/2025 07:30:00,4.16,,,,,
10834,07/24/2025 07:35:00,4.76,,,,,
10835,07/24/2025 07:40:00,5.36,,,,,
10836,07/24/2025 07:45:00,5.49,,,,,
10837,07/24/2025 07:50:00,5.27,,,,,
10838,07/24/2025 07:55:00,5.23,,,,,
10839,07/24/2025 08:00:00,4.59,,,,,
10840,07/24/2025 08:05:00,4.33,,,,,
10841,07/24/2025 08:10:00,4.37,,,,,
10842,07/24/2025 08:15:00,4.33,,,,,
10843,07/24/2025 08:20:00,4.33,,,,,
10844,07/24/2025 08:25:00,5.19,,,,,
10845,07/24/2025 08:30:00,5.87,,,,,
10846,07/24/2025 08:35:00,5.75,,,,,
10847,07/24/2025 08:40:00,5.53,,,,,
10848,07/24/2025 08:45:00,5.96,,,,,
10849,07/24/2025 08:50:00,6.60,,,,,
10850,07/24/2025 08:55:00,7.29,,,,,
10851,07/24/2025 09:00:00,6.22,,,,,
10852,07/24/2025 09:05:00,5.66,,,,,
10853,07/24/2025 09:10:00,5.40,,,,,
10854,07/24/2025 09:15:00,6.13,,,,,
10855,07/24/2025 09:20:00,6.99,,,,,
10856,07/24/2025 09:25:00,7.76,,,,,
10857,07/24/2025 09:30:00,8.45,,,,,
10858,07/24/2025 09:35:00,9.56,,,,,
10859,07/24/2025 09:40:00,10.04,,,,,
10860,07/24/2025 09:45:00,9.74,,,,,
10861,07/24/2025 09:50:00,9.35,,,,,
10862,07/24/2025 09:55:00,9.35,,,,,
10863,07/24/2025 10:00:00,8.75,,,,,
10864,07/24/2025 10:05:00,8.45,,,,,
10865,07/24/2025 10:10:00,7.38,,,,,
10866,07/24/2025 10:15:00,6.73,,,,,
10867,07/24/2025 10:20:00,6.69,,,,,
10868,07/24/2025 10:25:00,6.82,,,,,
10869,07/24/2025 10:30:00,6.69,,,,,
10870,07/24/2025 10:35:00,7.72,,,,,
10871,07/24/2025 10:40:00,9.01,,,,,
10872,07/24/2025 10:45:00,9.86,,,,,
10873,07/24/2025 10:50:00,10.29,,,,,
10874,07/24/2025 10:55:00,11.02,,,,,
10875,07/24/2025 11:00:00,11.32,,,,,
10876,07/24/2025 11:05:00,11.45,,,,,
10877,07/24/2025 11:10:00,10.21,,,,,
10878,07/24/2025 11:15:00,9.78,,,,,
10879,07/24/2025 11:20:00,11.11,,,,,
10880,07/24/2025 11:25:00,12.48,,,,,
10881,07/24/2025 11:30:00,11.24,,,,,
10882,07/24/2025 11:35:00,10.55,,,,,
10883,07/24/2025 11:40:00,11.75,,,,,
10884,07/24/2025 11:45:00,12.40,,,,,
10885,07/24/2025 11:50:00,13.25,,,,,
10886,07/24/2025 11:55:00,13.90,,,,,
10887,07/24/2025 12:00:00,15.14,,,,,
10888,07/24/2025 12:05:00,13.68,,,,,
10889,07/24/2025 12:10:00,11.32,,,,,
10890,07/24/2025 12:15:00,10.12,,,,,
10891,07/24/2025 12:20:00,9.56,,,,,
10892,07/24/2025 12:25:00,9.35,,,,,
10893,07/24/2025 12:30:00,10.55,,,,,
10894,07/24/2025 12:35:00,9.82,,,,,
10895,07/24/2025 12:40:00,10.42,,,,,
10896,07/24/2025 12:45:00,11.19,,,,,
10897,07/24/2025 12:50:00,13.00,,,,,
10898,07/24/2025 12:55:00,15.40,,,,,
10899,07/24/2025 13:00:00,15.14,,,,,
10900,07/24/2025 13:05:00,15.27,,,,,
10901,07/24/2025 13:10:00,13.38,,,,,
10902,07/24/2025 13:15:00,12.48,,,,,
10903,07/24/2025 13:20:00,11.15,,,,,
10904,07/24/2025 13:25:00,10.38,,,,,
10905,07/24/2025 13:30:00,9.18,,,,,
10906,07/24/2025 13:35:00,8.41,,,,,
10907,07/24/2025 13:40:00,7.72,,,,,
10908,07/24/2025 13:45:00,7.42,,,,,
10909,07/24/2025 13:50:00,7.12,,,,,
10910,07/24/2025 13:55:00,7.59,,,,,
10911,07/24/2025 14:00:00,7.59,,,,,
10912,07/24/2025 14:05:00,7.93,,,,,
10913,07/24/2025 14:10:00,7.81,,,,,
10914,07/24/2025 14:15:00,9.01,,,,,
10915,07/24/2025 14:20:00,10.94,,,,,
10916,07/24/2025 14:25:00,12.14,,,,,
10917,07/24/2025 14:30:00,11.37,,,,,
10918,07/24/2025 14:35:00,10.29,,,,,
10919,07/24/2025 14:40:00,9.95,,,,,
10920,07/24/2025 14:45:00,9.26,,,,,
10921,07/24/2025 14:50:00,9.44,,,,,
10922,07/24/2025 14:55:00,8.88,,,,,
10923,07/24/2025 15:00:00,8.15,,,,,
10924,07/24/2025 15:05:00,7.72,,,,,
10925,07/24/2025 15:10:00,7.08,,,,,
10926,07/24/2025 15:15:00,6.65,,,,,
10927,07/24/2025 15:20:00,7.20,,,,,
10928,07/24/2025 15:25:00,7.76,,,,,
10929,07/24/2025 15:30:00,7.98,,,,,
10930,07/24/2025 15:35:00,8.62,,,,,
10931,07/24/2025 15:40:00,9.05,,,,,
10932,07/24/2025 15:45:00,8.92,,,,,
10933,07/24/2025 15:50:00,7.68,,,,,
10934,07/24/2025 15:55:00,8.23,,,,,
10935,07/24/2025 16:00:00,8.71,,,,,
10936,07/24/2025 16:05:00,8.45,,,,,
10937,07/24/2025 16:10:00,8.02,,,,,
10938,07/24/2025 16:15:00,9.82,,,,,
10939,07/24/2025 16:20:00,10.77,,,,,
10940,07/24/2025 16:25:00,10.77,,,,,
10941,07/24/2025 16:30:00,10.55,,,,,
10942,07/24/2025 16:35:00,10.51,,,,,
10943,07/24/2025 16:40:00,8.58,,,,,
10944,07/24/2025 16:45:00,8.45,,,,,
10945,07/24/2025 16:50:00,8.66,,,,,
10946,07/24/2025 16:55:00,8.19,,,,,
10947,07/24/2025 17:00:00,7.85,,,,,
10948,07/24/2025 17:05:00,8.19,,,,,
10949,07/24/2025 17:10:00,7.25,,,,,
10950,07/24/2025 17:15:00,6.82,,,,,
10951,07/24/2025 17:20:00,6.69,,,,,
10952,07/24/2025 17:25:00,7.20,,,,,
10953,07/24/2025 17:30:00,7.29,,,,,
10954,07/24/2025 17:35:00,6.30,,,,,
10955,07/24/2025 17:40:00,5.70,,,,,
10956,07/24/2025 17:45:00,5.83,,,,,
10957,07/24/2025 17:50:00,5.87,,,,,
10958,07/24/2025 17:55:00,6.65,,,,,
10959,07/24/2025 18:00:00,7.12,,,,,
10960,07/24/2025 18:05:00,7.81,,,,,
10961,07/24/2025 18:10:00,7.50,,,,,
10962,07/24/2025 18:15:00,7.81,,,,,
10963,07/24/2025 18:20:00,7.68,,,,,
10964,07/24/2025 18:25:00,7.81,,,,,
10965,07/24/2025 18:30:00,7.25,,,,,
10966,07/24/2025 18:35:00,6.73,,,,,
10967,07/24/2025 18:40:00,6.22,,,,,
10968,07/24/2025 18:45:00,5.92,,,,,
10969,07/24/2025 18:50:00,5.62,,,,,
10970,07/24/2025 18:55:00,5.40,,,,,
10971,07/24/2025 19:00:00,5.19,,,,,
10972,07/24/2025 19:05:00,4.80,,,,,
10973,07/24/2025 19:10:00,5.02,,,,,
10974,07/24/2025 19:15:00,4.76,,,,,
10975,07/24/2025 19:20:00,4.93,,,,,
10976,07/24/2025 19:25:00,4.76,,,,,
10977,07/24/2025 19:30:00,4.50,,,,,
10978,07/24/2025 19:35:00,4.12,,,,,
10979,07/24/2025 19:40:00,3.86,,,,,
10980,07/24/2025 19:45:00,3.90,,,,,
10981,07/24/2025 19:50:00,3.64,,,,,
10982,07/24/2025 19:55:00,3.56,,,,,
10983,07/24/2025 20:00:00,3.64,,,,,
10984,07/24/2025 20:05:00,3.99,,,,,
10985,07/24/2025 20:10:00,4.12,,,,,
10986,07/24/2025 20:15:00,4.16,,,,,
10987,07/24/2025 20:20:00,4.03,,,,,
10988,07/24/2025 20:25:00,3.69,,,,,
10989,07/24/2025 20:30:00,3.21,,,,,
10990,07/24/2025 20:35:00,3.21,,,,,
10991,07/24/2025 20:40:00,2.91,,,,,
10992,07/24/2025 20:45:00,2.79,,,,,
10993,07/24/2025 20:50:00,2.49,,,,,
10994,07/24/2025 20:55:00,2.87,,,,,
10995,07/24/2025 21:00:00,3.39,,,,,
10996,07/24/2025 21:05:00,3.47,,,,,
10997,07/24/2025 21:10:00,3.13,,,,,
10998,07/24/2025 21:15:00,3.04,,,,,
10999,07/24/2025 21:20:00,2.83,,,,,
11000,07/24/2025 21:25:00,2.83,,,,,
11001,07/24/2025 21:30:00,2.57,,,,,
11002,07/24/2025 21:35:00,2.74,,,,,
11003,07/24/2025 21:40:00,3.09,,,,,
11004,07/24/2025 21:45:00,3.34,,,,,
11005,07/24/2025 21:50:00,3.43,,,,,
11006,07/24/2025 21:55:00,3.30,,,,,
11007,07/24/2025 22:00:00,3.04,,,,,
11008,07/24/2025 22:05:00,3.13,,,,,
11009,07/24/2025 22:10:00,3.09,,,,,
11010,07/24/2025 22:15:00,3.17,,,,,
11011,07/24/2025 22:20:00,3.39,,,,,
11012,07/24/2025 22:25:00,3.34,,,,,
11013,07/24/2025 22:30:00,3.47,,,,,
11014,07/24/2025 22:35:00,3.52,,,,,
11015,07/24/2025 22:40:00,3.82,,,,,
11016,07/24/2025 22:45:00,4.24,,,,,
11017,07/24/2025 22:50:00,4.29,,,,,
11018,07/24/2025 22:55:00,4.37,,,,,
11019,07/24/2025 23:00:00,4.24,,,,,
11020,07/24/2025 23:05:00,3.69,,,,,
11021,07/24/2025 23:10:00,2.96,,,,,
11022,07/24/2025 23:15:00,3.52,,,,,
11023,07/24/2025 23:20:00,3.64,,,,,
11024,07/24/2025 23:25:00,3.43,,,,,
11025,07/24/2025 23:30:00,3.69,,,,,
11026,07/24/2025 23:35:00,3.77,,,,,
11027,07/24/2025 23:40:00,3.64,,,,,
11028,07/24/2025 23:45:00,3.47,,,,,
11029,07/24/2025 23:50:00,3.43,,,,,
11030,07/24/2025 23:55:00,3.39,,,,,
11031,07/25/2025 00:00:00,3.56,,,,,
11032,07/25/2025 00:05:00,3.69,,,,,
11033,07/25/2025 00:10:00,3.77,,,,,
11034,07/25/2025 00:15:00,3.99,,,,,
11035,07/25/2025 00:20:00,3.60,,,,,
11036,07/25/2025 00:25:00,3.64,,,,,
11037,07/25/2025 00:30:00,3.17,,,,,
11038,07/25/2025 00:35:00,2.96,,,,,
11039,07/25/2025 00:40:00,2.83,,,,,
11040,07/25/2025 00:45:00,3.21,,,,,
11041,07/25/2025 00:50:00,3.39,,,,,
11042,07/25/2025 00:55:00,3.52,,,,,
11043,07/25/2025 01:00:00,3.30,,,,,
11044,07/25/2025 01:05:00,3.04,,,,,
11045,07/25/2025 01:10:00,3.17,,,,,
11046,07/25/2025 01:15:00,2.83,,,,,
11047,07/25/2025 01:20:00,3.04,,,,,
11048,07/25/2025 01:25:00,2.96,,,,,
11049,07/25/2025 01:30:00,3.13,,,,,
11050,07/25/2025 01:35:00,3.26,,,,,
11051,07/25/2025 01:40:00,3.34,,,,,
11052,07/25/2025 01:45:00,3.56,,,,,
11053,07/25/2025 01:50:00,3.39,,,,,
11054,07/25/2025 01:55:00,3.17,,,,,
11055,07/25/2025 02:00:00,3.13,,,,,
11056,07/25/2025 02:05:00,3.17,,,,,
11057,07/25/2025 02:10:00,3.26,,,,,
11058,07/25/2025 02:15:00,3.34,,,,,
11059,07/25/2025 02:20:00,3.13,,,,,
11060,07/25/2025 02:25:00,3.17,,,,,
11061,07/25/2025 02:30:00,3.39,,,,,
11062,07/25/2025 02:35:00,3.52,,,,,
11063,07/25/2025 02:40:00,3.52,,,,,
11064,07/25/2025 02:45:00,3.47,,,,,
11065,07/25/2025 02:50:00,3.21,,,,,
11066,07/25/2025 02:55:00,3.17,,,,,
11067,07/25/2025 03:00:00,3.13,,,,,
11068,07/25/2025 03:05:00,3.13,,,,,
11069,07/25/2025 03:10:00,3.30,,,,,
11070,07/25/2025 03:15:00,3.21,,,,,
11071,07/25/2025 03:20:00,3.13,,,,,
11072,07/25/2025 03:25:00,3.26,,,,,
11073,07/25/2025 03:30:00,3.34,,,,,
11074,07/25/2025 03:35:00,3.47,,,,,
11075,07/25/2025 03:40:00,3.34,,,,,
11076,07/25/2025 03:45:00,3.30,,,,,
11077,07/25/2025 03:50:00,3.47,,,,,
11078,07/25/2025 03:55:00,3.21,,,,,
11079,07/25/2025 04:00:00,3.21,,,,,
11080,07/25/2025 04:05:00,2.66,,,,,
11081,07/25/2025 04:10:00,2.53,,,,,
11082,07/25/2025 04:15:00,2.79,,,,,
11083,07/25/2025 04:20:00,3.00,,,,,
11084,07/25/2025 04:25:00,2.96,,,,,
11085,07/25/2025 04:30:00,2.53,,,,,
11086,07/25/2025 04:35:00,2.44,,,,,
11087,07/25/2025 04:40:00,2.57,,,,,
11088,07/25/2025 04:45:00,2.44,,,,,
11089,07/25/2025 04:50:00,2.70,,,,,
11090,07/25/2025 04:55:00,2.61,,,,,
11091,07/25/2025 05:00:00,2.70,,,,,
11092,07/25/2025 05:05:00,2.61,,,,,
11093,07/25/2025 05:10:00,2.66,,,,,
11094,07/25/2025 05:15:00,2.61,,,,,
11095,07/25/2025 05:20:00,2.66,,,,,
11096,07/25/2025 05:25:00,2.66,,,,,
11097,07/25/2025 05:30:00,2.49,,,,,
11098,07/25/2025 05:35:00,2.36,,,,,
11099,07/25/2025 05:40:00,2.44,,,,,
11100,07/25/2025 05:45:00,2.66,,,,,
11101,07/25/2025 05:50:00,2.49,,,,,
11102,07/25/2025 05:55:00,2.79,,,,,
11103,07/25/2025 06:00:00,2.66,,,,,
11104,07/25/2025 06:05:00,2.57,,,,,
11105,07/25/2025 06:10:00,2.70,,,,,
11106,07/25/2025 06:15:00,2.87,,,,,
11107,07/25/2025 06:20:00,2.87,,,,,
11108,07/25/2025 06:25:00,3.09,,,,,
11109,07/25/2025 06:30:00,2.96,,,,,
11110,07/25/2025 06:35:00,2.96,,,,,
11111,07/25/2025 06:40:00,3.00,,,,,
11112,07/25/2025 06:45:00,3.00,,,,,
11113,07/25/2025 06:50:00,3.09,,,,,
11114,07/25/2025 06:55:00,3.00,,,,,
11115,07/25/2025 07:00:00,2.87,,,,,
11116,07/25/2025 07:05:00,3.00,,,,,
11117,07/25/2025 07:10:00,3.00,,,,,
11118,07/25/2025 07:15:00,3.17,,,,,
11119,07/25/2025 07:20:00,3.13,,,,,
11120,07/25/2025 07:25:00,3.21,,,,,
11121,07/25/2025 07:30:00,3.30,,,,,
11122,07/25/2025 07:35:00,3.39,,,,,
11123,07/25/2025 07:40:00,3.47,,,,,
11124,07/25/2025 07:45:00,3.52,,,,,
11125,07/25/2025 07:50:00,3.52,,,,,
11126,07/25/2025 07:55:00,3.56,,,,,
11127,07/25/2025 08:00:00,3.60,,,,,
11128,07/25/2025 08:05:00,3.64,,,,,
11129,07/25/2025 08:10:00,3.60,,,,,
11130,07/25/2025 08:15:00,3.73,,,,,
11131,07/25/2025 08:20:00,3.86,,,,,
11132,07/25/2025 08:25:00,3.77,,,,,
11133,07/25/2025 08:30:00,3.73,,,,,
11134,07/25/2025 08:35:00,3.82,,,,,
11135,07/25/2025 08:40:00,3.77,,,,,
11136,07/25/2025 08:45:00,3.77,,,,,
11137,07/25/2025 08:50:00,3.64,,,,,
11138,07/25/2025 08:55:00,3.73,,,,,
11139,07/25/2025 09:00:00,3.86,,,,,
11140,07/25/2025 09:05:00,4.07,,,,,
11141,07/25/2025 09:10:00,4.24,,,,,
11142,07/25/2025 09:15:00,4.29,,,,,
11143,07/25/2025 09:20:00,4.29,,,,,
11144,07/25/2025 09:25:00,4.50,,,,,
11145,07/25/2025 09:30:00,4.76,,,,,
11146,07/25/2025 09:35:00,4.89,,,,,
11147,07/25/2025 09:40:00,5.02,,,,,
11148,07/25/2025 09:45:00,5.36,,,,,
11149,07/25/2025 09:50:00,5.62,,,,,
11150,07/25/2025 09:55:00,5.83,,,,,
11151,07/25/2025 10:00:00,6.00,,,,,
11152,07/25/2025 10:05:00,5.87,,,,,
11153,07/25/2025 10:10:00,5.92,,,,,
11154,07/25/2025 10:15:00,5.57,,,,,
11155,07/25/2025 10:20:00,5.40,,,,,
11156,07/25/2025 10:25:00,5.40,,,,,
11157,07/25/2025 10:30:00,5.45,,,,,
11158,07/25/2025 10:35:00,5.53,,,,,
11159,07/25/2025 10:40:00,5.70,,,,,
11160,07/25/2025 10:45:00,5.53,,,,,
11161,07/25/2025 10:50:00,5.40,,,,,
11162,07/25/2025 10:55:00,5.49,,,,,
11163,07/25/2025 11:00:00,5.32,,,,,
11164,07/25/2025 11:05:00,5.23,,,,,
11165,07/25/2025 11:10:00,5.27,,,,,
11166,07/25/2025 11:15:00,5.15,,,,,
11167,07/25/2025 11:20:00,5.27,,,,,
11168,07/25/2025 11:25:00,7.38,,,,,
11169,07/25/2025 11:30:00,8.58,,,,,
11170,07/25/2025 11:35:00,8.79,,,,,
11171,07/25/2025 11:40:00,10.25,,,,,
11172,07/25/2025 11:45:00,10.77,,,,,
11173,07/25/2025 11:50:00,10.34,,,,,
11174,07/25/2025 11:55:00,9.95,,,,,
11175,07/25/2025 12:00:00,9.48,,,,,
11176,07/25/2025 12:05:00,9.39,,,,,
11177,07/25/2025 12:10:00,9.14,,,,,
11178,07/25/2025 12:15:00,10.16,,,,,
11179,07/25/2025 12:20:00,9.78,,,,,
11180,07/25/2025 12:25:00,9.44,,,,,
11181,07/25/2025 12:30:00,9.09,,,,,
11182,07/25/2025 12:35:00,8.88,,,,,
11183,07/25/2025 12:40:00,8.79,,,,,
11184,07/25/2025 12:45:00,8.45,,,,,
11185,07/25/2025 12:50:00,8.06,,,,,
11186,07/25/2025 12:55:00,8.06,,,,,
11187,07/25/2025 13:00:00,7.81,,,,,
11188,07/25/2025 13:05:00,7.72,,,,,
11189,07/25/2025 13:10:00,7.33,,,,,
11190,07/25/2025 13:15:00,6.73,,,,,
11191,07/25/2025 13:20:00,6.35,,,,,
11192,07/25/2025 13:25:00,6.17,,,,,
11193,07/25/2025 13:30:00,5.92,,,,,
11194,07/25/2025 13:35:00,5.96,,,,,
11195,07/25/2025 13:40:00,6.30,,,,,
11196,07/25/2025 13:45:00,6.26,,,,,
11197,07/25/2025 13:50:00,6.39,,,,,
11198,07/25/2025 13:55:00,6.56,,,,,
11199,07/25/2025 14:00:00,7.03,,,,,
11200,07/25/2025 14:05:00,6.86,,,,,
11201,07/25/2025 14:10:00,6.99,,,,,
11202,07/25/2025 14:15:00,6.86,,,,,
11203,07/25/2025 14:20:00,6.26,,,,,
11204,07/25/2025 14:25:00,6.00,,,,,
11205,07/25/2025 14:30:00,5.79,,,,,
11206,07/25/2025 14:35:00,5.40,,,,,
11207,07/25/2025 14:40:00,5.27,,,,,
11208,07/25/2025 14:45:00,5.32,,,,,
11209,07/25/2025 14:50:00,5.53,,,,,
11210,07/25/2025 14:55:00,5.53,,,,,
11211,07/25/2025 15:00:00,5.19,,,,,
11212,07/25/2025 15:05:00,4.84,,,,,
11213,07/25/2025 15:10:00,4.59,,,,,
11214,07/25/2025 15:15:00,4.42,,,,,
11215,07/25/2025 15:20:00,4.20,,,,,
11216,07/25/2025 15:25:00,4.12,,,,,
11217,07/25/2025 15:30:00,4.29,,,,,
11218,07/25/2025 15:35:00,4.50,,,,,
11219,07/25/2025 15:40:00,4.59,,,,,
11220,07/25/2025 15:45:00,4.63,,,,,
11221,07/25/2025 15:50:00,4.50,,,,,
11222,07/25/2025 15:55:00,4.59,,,,,
11223,07/25/2025 16:00:00,4.50,,,,,
11224,07/25/2025 16:05:00,4.42,,,,,
11225,07/25/2025 16:10:00,4.12,,,,,
11226,07/25/2025 16:15:00,3.90,,,,,
11227,07/25/2025 16:20:00,3.64,,,,,
11228,07/25/2025 16:25:00,3.82,,,,,
11229,07/25/2025 16:30:00,4.20,,,,,
11230,07/25/2025 16:35:00,4.46,,,,,
11231,07/25/2025 16:40:00,4.42,,,,,
11232,07/25/2025 16:45:00,4.29,,,,,
11233,07/25/2025 16:50:00,4.20,,,,,
11234,07/25/2025 16:55:00,4.07,,,,,
11235,07/25/2025 17:00:00,4.03,,,,,
11236,07/25/2025 17:05:00,4.12,,,,,
11237,07/25/2025 17:10:00,4.16,,,,,
11238,07/25/2025 17:15:00,4.24,,,,,
11239,07/25/2025 17:20:00,4.20,,,,,
11240,07/25/2025 17:25:00,4.16,,,,,
11241,07/25/2025 17:30:00,4.03,,,,,
11242,07/25/2025 17:35:00,3.86,,,,,
11243,07/25/2025 17:40:00,3.73,,,,,
11244,07/25/2025 17:45:00,3.60,,,,,
11245,07/25/2025 17:50:00,3.39,,,,,
11246,07/25/2025 17:55:00,3.30,,,,,
11247,07/25/2025 18:00:00,3.30,,,,,
11248,07/25/2025 18:05:00,3.17,,,,,
11249,07/25/2025 18:10:00,3.21,,,,,
11250,07/25/2025 18:15:00,3.26,,,,,
11251,07/25/2025 18:20:00,3.30,,,,,
11252,07/25/2025 18:25:00,3.47,,,,,
11253,07/25/2025 18:30:00,3.77,,,,,
11254,07/25/2025 18:35:00,3.69,,,,,
11255,07/25/2025 18:40:00,3.69,,,,,
11256,07/25/2025 18:45:00,3.86,,,,,
11257,07/25/2025 18:50:00,3.82,,,,,
11258,07/25/2025 18:55:00,3.43,,,,,
11259,07/25/2025 19:00:00,4.03,,,,,
11260,07/25/2025 19:05:00,4.33,,,,,
11261,07/25/2025 19:10:00,4.63,,,,,
11262,07/25/2025 19:15:00,4.54,,,,,
11263,07/25/2025 19:20:00,3.99,,,,,
11264,07/25/2025 19:25:00,4.12,,,,,
11265,07/25/2025 19:30:00,3.94,,,,,
11266,07/25/2025 19:35:00,3.73,,,,,
11267,07/25/2025 19:40:00,3.69,,,,,
11268,07/25/2025 19:45:00,3.39,,,,,
11269,07/25/2025 19:50:00,3.17,,,,,
11270,07/25/2025 19:55:00,3.13,,,,,
11271,07/25/2025 20:00:00,2.79,,,,,
11272,07/25/2025 20:05:00,2.74,,,,,
11273,07/25/2025 20:10:00,2.57,,,,,
11274,07/25/2025 20:15:00,2.49,,,,,
11275,07/25/2025 20:20:00,2.31,,,,,
11276,07/25/2025 20:25:00,2.31,,,,,
11277,07/25/2025 20:30:00,2.27,,,,,
11278,07/25/2025 20:35:00,2.01,,,,,
11279,07/25/2025 20:40:00,2.01,,,,,
11280,07/25/2025 20:45:00,2.06,,,,,
11281,07/25/2025 20:50:00,2.10,,,,,
11282,07/25/2025 20:55:00,2.06,,,,,
11283,07/25/2025 21:00:00,1.93,,,,,
11284,07/25/2025 21:05:00,1.88,,,,,
11285,07/25/2025 21:10:00,1.97,,,,,
11286,07/25/2025 21:15:00,2.27,,,,,
11287,07/25/2025 21:20:00,2.23,,,,,
11288,07/25/2025 21:25:00,2.23,,,,,
11289,07/25/2025 21:30:00,2.06,,,,,
11290,07/25/2025 21:35:00,2.01,,,,,
11291,07/25/2025 21:40:00,1.97,,,,,
11292,07/25/2025 21:45:00,2.10,,,,,
11293,07/25/2025 21:50:00,2.27,,,,,
11294,07/25/2025 21:55:00,2.70,,,,,
11295,07/25/2025 22:00:00,3.64,,,,,
11296,07/25/2025 22:05:00,3.69,,,,,
11297,07/25/2025 22:10:00,3.47,,,,,
11298,07/25/2025 22:15:00,3.00,,,,,
11299,07/25/2025 22:20:00,3.00,,,,,
11300,07/25/2025 22:25:00,2.91,,,,,
11301,07/25/2025 22:30:00,2.70,,,,,
11302,07/25/2025 22:35:00,2.79,,,,,
11303,07/25/2025 22:40:00,3.47,,,,,
11304,07/25/2025 22:45:00,3.94,,,,,
11305,07/25/2025 22:50:00,4.20,,,,,
11306,07/25/2025 22:55:00,3.69,,,,,
11307,07/25/2025 23:00:00,3.47,,,,,
11308,07/25/2025 23:05:00,3.09,,,,,
11309,07/25/2025 23:10:00,3.09,,,,,
11310,07/25/2025 23:15:00,2.96,,,,,
11311,07/25/2025 23:20:00,3.30,,,,,
11312,07/25/2025 23:25:00,3.00,,,,,
11313,07/25/2025 23:30:00,2.79,,,,,
11314,07/25/2025 23:35:00,2.49,,,,,
11315,07/25/2025 23:40:00,2.10,,,,,
11316,07/25/2025 23:45:00,1.97,,,,,
11317,07/25/2025 23:50:00,1.93,,,,,
11318,07/25/2025 23:55:00,1.93,,,,,
11319,07/26/2025 00:00:00,2.23,,,,,
11320,07/26/2025 00:05:00,2.49,,,,,
11321,07/26/2025 00:10:00,2.66,,,,,
11322,07/26/2025 00:15:00,3.04,,,,,
11323,07/26/2025 00:20:00,3.00,,,,,
11324,07/26/2025 00:25:00,2.53,,,,,
11325,07/26/2025 00:30:00,2.14,,,,,
11326,07/26/2025 00:35:00,2.01,,,,,
11327,07/26/2025 00:40:00,2.01,,,,,
11328,07/26/2025 00:45:00,2.23,,,,,
11329,07/26/2025 00:50:00,2.40,,,,,
11330,07/26/2025 00:55:00,2.44,,,,,
11331,07/26/2025 01:00:00,2.36,,,,,
11332,07/26/2025 01:05:00,2.36,,,,,
11333,07/26/2025 01:10:00,2.23,,,,,
11334,07/26/2025 01:15:00,2.19,,,,,
11335,07/26/2025 01:20:00,2.27,,,,,
11336,07/26/2025 01:25:00,2.66,,,,,
11337,07/26/2025 01:30:00,3.00,,,,,
11338,07/26/2025 01:35:00,2.83,,,,,
11339,07/26/2025 01:40:00,2.87,,,,,
11340,07/26/2025 01:45:00,2.91,,,,,
11341,07/26/2025 01:50:00,2.49,,,,,
11342,07/26/2025 01:55:00,2.53,,,,,
11343,07/26/2025 02:00:00,2.74,,,,,
11344,07/26/2025 02:05:00,2.61,,,,,
11345,07/26/2025 02:10:00,2.23,,,,,
11346,07/26/2025 02:15:00,2.19,,,,,
11347,07/26/2025 02:20:00,2.31,,,,,
11348,07/26/2025 02:25:00,2.57,,,,,
11349,07/26/2025 02:30:00,2.79,,,,,
11350,07/26/2025 02:35:00,3.00,,,,,
11351,07/26/2025 02:40:00,2.57,,,,,
11352,07/26/2025 02:45:00,2.19,,,,,
11353,07/26/2025 02:50:00,2.06,,,,,
11354,07/26/2025 02:55:00,2.10,,,,,
11355,07/26/2025 03:00:00,2.01,,,,,
11356,07/26/2025 03:05:00,1.97,,,,,
11357,07/26/2025 03:10:00,1.71,,,,,
11358,07/26/2025 03:15:00,1.54,,,,,
11359,07/26/2025 03:20:00,1.41,,,,,
11360,07/26/2025 03:25:00,1.41,,,,,
11361,07/26/2025 03:30:00,1.41,,,,,
11362,07/26/2025 03:35:00,1.50,,,,,
11363,07/26/2025 03:40:00,1.76,,,,,
11364,07/26/2025 03:45:00,2.06,,,,,
11365,07/26/2025 03:50:00,2.66,,,,,
11366,07/26/2025 03:55:00,3.00,,,,,
11367,07/26/2025 04:00:00,2.57,,,,,
11368,07/26/2025 04:05:00,2.57,,,,,
11369,07/26/2025 04:10:00,2.66,,,,,
11370,07/26/2025 04:15:00,3.00,,,,,
11371,07/26/2025 04:20:00,3.13,,,,,
11372,07/26/2025 04:25:00,3.30,,,,,
11373,07/26/2025 04:30:00,3.21,,,,,
11374,07/26/2025 04:35:00,3.17,,,,,
11375,07/26/2025 04:40:00,3.26,,,,,
11376,07/26/2025 04:45:00,3.04,,,,,
11377,07/26/2025 04:50:00,2.87,,,,,
11378,07/26/2025 04:55:00,2.79,,,,,
11379,07/26/2025 05:00:00,2.61,,,,,
11380,07/26/2025 05:05:00,2.53,,,,,
11381,07/26/2025 05:10:00,2.40,,,,,
11382,07/26/2025 05:15:00,2.23,,,,,
11383,07/26/2025 05:20:00,2.49,,,,,
11384,07/26/2025 05:25:00,3.04,,,,,
11385,07/26/2025 05:30:00,3.21,,,,,
11386,07/26/2025 05:35:00,3.39,,,,,
11387,07/26/2025 05:40:00,3.30,,,,,
11388,07/26/2025 05:45:00,3.34,,,,,
11389,07/26/2025 05:50:00,3.90,,,,,
11390,07/26/2025 05:55:00,4.16,,,,,
11391,07/26/2025 06:00:00,4.93,,,,,
11392,07/26/2025 06:05:00,5.66,,,,,
11393,07/26/2025 06:10:00,5.92,,,,,
11394,07/26/2025 06:15:00,5.92,,,,,
11395,07/26/2025 06:20:00,5.96,,,,,
11396,07/26/2025 06:25:00,6.73,,,,,
11397,07/26/2025 06:30:00,6.99,,,,,
11398,07/26/2025 06:35:00,6.73,,,,,
11399,07/26/2025 06:40:00,6.69,,,,,
11400,07/26/2025 06:45:00,7.33,,,,,
11401,07/26/2025 06:50:00,7.63,,,,,
11402,07/26/2025 06:55:00,8.41,,,,,
11403,07/26/2025 07:00:00,9.48,,,,,
11404,07/26/2025 07:05:00,10.04,,,,,
11405,07/26/2025 07:10:00,11.02,,,,,
11406,07/26/2025 07:15:00,11.24,,,,,
11407,07/26/2025 07:20:00,11.32,,,,,
11408,07/26/2025 07:25:00,10.81,,,,,
11409,07/26/2025 07:30:00,10.29,,,,,
11410,07/26/2025 07:35:00,10.64,,,,,
11411,07/26/2025 07:40:00,10.81,,,,,
11412,07/26/2025 07:45:00,10.59,,,,,
11413,07/26/2025 07:50:00,10.21,,,,,
11414,07/26/2025 07:55:00,10.21,,,,,
11415,07/26/2025 08:00:00,10.21,,,,,
11416,07/26/2025 08:05:00,10.21,,,,,
11417,07/26/2025 08:10:00,10.08,,,,,
11418,07/26/2025 08:15:00,9.44,,,,,
11419,07/26/2025 08:20:00,8.36,,,,,
11420,07/26/2025 08:25:00,7.85,,,,,
11421,07/26/2025 08:30:00,7.68,,,,,
11422,07/26/2025 08:35:00,7.76,,,,,
11423,07/26/2025 08:40:00,7.55,,,,,
11424,07/26/2025 08:45:00,7.33,,,,,
11425,07/26/2025 08:50:00,7.16,,,,,
11426,07/26/2025 08:55:00,7.38,,,,,
11427,07/26/2025 09:00:00,7.38,,,,,
11428,07/26/2025 09:05:00,7.12,,,,,
11429,07/26/2025 09:10:00,7.16,,,,,
11430,07/26/2025 09:15:00,6.73,,,,,
11431,07/26/2025 09:20:00,6.43,,,,,
11432,07/26/2025 09:25:00,6.22,,,,,
11433,07/26/2025 09:30:00,5.92,,,,,
11434,07/26/2025 09:35:00,5.87,,,,,
11435,07/26/2025 09:40:00,5.83,,,,,
11436,07/26/2025 09:45:00,5.57,,,,,
11437,07/26/2025 09:50:00,5.66,,,,,
11438,07/26/2025 09:55:00,6.00,,,,,
11439,07/26/2025 10:00:00,6.09,,,,,
11440,07/26/2025 10:05:00,6.05,,,,,
11441,07/26/2025 10:10:00,6.39,,,,,
11442,07/26/2025 10:15:00,6.48,,,,,
11443,07/26/2025 10:20:00,6.73,,,,,
11444,07/26/2025 10:25:00,6.82,,,,,
11445,07/26/2025 10:30:00,6.86,,,,,
11446,07/26/2025 10:35:00,6.99,,,,,
11447,07/26/2025 10:40:00,6.69,,,,,
11448,07/26/2025 10:45:00,6.35,,,,,
11449,07/26/2025 10:50:00,6.35,,,,,
11450,07/26/2025 10:55:00,6.30,,,,,
11451,07/26/2025 11:00:00,6.78,,,,,
11452,07/26/2025 11:05:00,6.90,,,,,
11453,07/26/2025 11:10:00,7.03,,,,,
11454,07/26/2025 11:15:00,6.86,,,,,
11455,07/26/2025 11:20:00,6.86,,,,,
11456,07/26/2025 11:25:00,6.65,,,,,
11457,07/26/2025 11:30:00,6.82,,,,,
11458,07/26/2025 11:35:00,6.95,,,,,
11459,07/26/2025 11:40:00,6.78,,,,,
11460,07/26/2025 11:45:00,6.82,,,,,
11461,07/26/2025 11:50:00,6.90,,,,,
11462,07/26/2025 11:55:00,7.03,,,,,
11463,07/26/2025 12:00:00,7.33,,,,,
11464,07/26/2025 12:05:00,7.33,,,,,
11465,07/26/2025 12:10:00,6.99,,,,,
11466,07/26/2025 12:15:00,6.95,,,,,
11467,07/26/2025 12:20:00,6.78,,,,,
11468,07/26/2025 12:25:00,6.90,,,,,
11469,07/26/2025 12:30:00,7.20,,,,,
11470,07/26/2025 12:35:00,7.16,,,,,
11471,07/26/2025 12:40:00,7.16,,,,,
11472,07/26/2025 12:45:00,7.29,,,,,
11473,07/26/2025 12:50:00,7.38,,,,,
11474,07/26/2025 12:55:00,7.33,,,,,
11475,07/26/2025 13:00:00,7.16,,,,,
11476,07/26/2025 13:05:00,7.12,,,,,
11477,07/26/2025 13:10:00,7.12,,,,,
11478,07/26/2025 13:15:00,6.90,,,,,
11479,07/26/2025 13:20:00,6.99,,,,,
11480,07/26/2025 13:25:00,6.90,,,,,
11481,07/26/2025 13:30:00,6.90,,,,,
11482,07/26/2025 13:35:00,6.86,,,,,
11483,07/26/2025 13:40:00,6.73,,,,,
11484,07/26/2025 13:45:00,6.99,,,,,
11485,07/26/2025 13:50:00,7.16,,,,,
11486,07/26/2025 13:55:00,7.25,,,,,
11487,07/26/2025 14:00:00,7.29,,,,,
11488,07/26/2025 14:05:00,7.46,,,,,
11489,07/26/2025 14:10:00,7.46,,,,,
11490,07/26/2025 14:15:00,7.33,,,,,
11491,07/26/2025 14:20:00,7.63,,,,,
11492,07/26/2025 14:25:00,7.63,,,,,
11493,07/26/2025 14:30:00,7.50,,,,,
11494,07/26/2025 14:35:00,7.63,,,,,
11495,07/26/2025 14:40:00,7.68,,,,,
11496,07/26/2025 14:45:00,8.02,,,,,
11497,07/26/2025 14:50:00,8.15,,,,,
11498,07/26/2025 14:55:00,8.28,,,,,
11499,07/26/2025 15:00:00,8.36,,,,,
11500,07/26/2025 15:05:00,8.28,,,,,
11501,07/26/2025 15:10:00,8.06,,,,,
11502,07/26/2025 15:15:00,7.93,,,,,
11503,07/26/2025 15:20:00,7.93,,,,,
11504,07/26/2025 15:25:00,7.93,,,,,
11505,07/26/2025 15:30:00,7.59,,,,,
11506,07/26/2025 15:35:00,7.59,,,,,
11507,07/26/2025 15:40:00,7.85,,,,,
11508,07/26/2025 15:45:00,7.59,,,,,
11509,07/26/2025 15:50:00,7.85,,,,,
11510,07/26/2025 15:55:00,7.50,,,,,
11511,07/26/2025 16:00:00,7.85,,,,,
11512,07/26/2025 16:05:00,8.45,,,,,
11513,07/26/2025 16:10:00,8.79,,,,,
11514,07/26/2025 16:15:00,8.49,,,,,
11515,07/26/2025 16:20:00,7.59,,,,,
11516,07/26/2025 16:25:00,7.12,,,,,
11517,07/26/2025 16:30:00,6.78,,,,,
11518,07/26/2025 16:35:00,6.39,,,,,
11519,07/26/2025 16:40:00,6.22,,,,,
11520,07/26/2025 16:45:00,6.00,,,,,
11521,07/26/2025 16:50:00,5.92,,,,,
11522,07/26/2025 16:55:00,5.75,,,,,
11523,07/26/2025 17:00:00,5.75,,,,,
11524,07/26/2025 17:05:00,5.75,,,,,
11525,07/26/2025 17:10:00,5.75,,,,,
11526,07/26/2025 17:15:00,5.87,,,,,
11527,07/26/2025 17:20:00,5.79,,,,,
11528,07/26/2025 17:25:00,5.75,,,,,
11529,07/26/2025 17:30:00,5.62,,,,,
11530,07/26/2025 17:35:00,5.57,,,,,
11531,07/26/2025 17:40:00,5.45,,,,,
11532,07/26/2025 17:45:00,5.49,,,,,
11533,07/26/2025 17:50:00,5.45,,,,,
11534,07/26/2025 17:55:00,5.36,,,,,
11535,07/26/2025 18:00:00,5.15,,,,,
11536,07/26/2025 18:05:00,5.10,,,,,
11537,07/26/2025 18:10:00,5.32,,,,,
11538,07/26/2025 18:15:00,5.32,,,,,
11539,07/26/2025 18:20:00,5.06,,,,,
11540,07/26/2025 18:25:00,5.19,,,,,
11541,07/26/2025 18:30:00,5.19,,,,,
11542,07/26/2025 18:35:00,4.97,,,,,
11543,07/26/2025 18:40:00,5.19,,,,,
11544,07/26/2025 18:45:00,4.97,,,,,
11545,07/26/2025 18:50:00,4.93,,,,,
11546,07/26/2025 18:55:00,4.50,,,,,
11547,07/26/2025 19:00:00,4.24,,,,,
11548,07/26/2025 19:05:00,4.03,,,,,
11549,07/26/2025 19:10:00,4.24,,,,,
11550,07/26/2025 19:15:00,4.16,,,,,
11551,07/26/2025 19:20:00,4.16,,,,,
11552,07/26/2025 19:25:00,4.20,,,,,
11553,07/26/2025 19:30:00,4.07,,,,,
11554,07/26/2025 19:35:00,4.03,,,,,
11555,07/26/2025 19:40:00,3.86,,,,,
11556,07/26/2025 19:45:00,3.64,,,,,
11557,07/26/2025 19:50:00,3.90,,,,,
11558,07/26/2025 19:55:00,3.99,,,,,
11559,07/26/2025 20:00:00,3.82,,,,,
11560,07/26/2025 20:05:00,4.03,,,,,
11561,07/26/2025 20:10:00,4.12,,,,,
11562,07/26/2025 20:15:00,4.20,,,,,
11563,07/26/2025 20:20:00,4.07,,,,,
11564,07/26/2025 20:25:00,4.20,,,,,
11565,07/26/2025 20:30:00,3.82,,,,,
11566,07/26/2025 20:35:00,3.56,,,,,
11567,07/26/2025 20:40:00,3.43,,,,,
11568,07/26/2025 20:45:00,3.34,,,,,
11569,07/26/2025 20:50:00,3.30,,,,,
11570,07/26/2025 20:55:00,3.21,,,,,
11571,07/26/2025 21:00:00,3.21,,,,,
11572,07/26/2025 21:05:00,2.91,,,,,
11573,07/26/2025 21:10:00,3.04,,,,,
11574,07/26/2025 21:15:00,3.04,,,,,
11575,07/26/2025 21:20:00,3.00,,,,,
11576,07/26/2025 21:25:00,3.39,,,,,
11577,07/26/2025 21:30:00,3.47,,,,,
11578,07/26/2025 21:35:00,3.43,,,,,
11579,07/26/2025 21:40:00,3.09,,,,,
11580,07/26/2025 21:45:00,3.21,,,,,
11581,07/26/2025 21:50:00,3.21,,,,,
11582,07/26/2025 21:55:00,3.60,,,,,
11583,07/26/2025 22:00:00,3.52,,,,,
11584,07/26/2025 22:05:00,3.26,,,,,
11585,07/26/2025 22:10:00,3.34,,,,,
11586,07/26/2025 22:15:00,3.17,,,,,
11587,07/26/2025 22:20:00,2.79,,,,,
11588,07/26/2025 22:25:00,2.70,,,,,
11589,07/26/2025 22:30:00,2.57,,,,,
11590,07/26/2025 22:35:00,2.70,,,,,
11591,07/26/2025 22:40:00,2.70,,,,,
11592,07/26/2025 22:45:00,2.79,,,,,
11593,07/26/2025 22:50:00,2.70,,,,,
11594,07/26/2025 22:55:00,2.79,,,,,
11595,07/26/2025 23:00:00,2.96,,,,,
11596,07/26/2025 23:05:00,3.04,,,,,
11597,07/26/2025 23:10:00,3.09,,,,,
11598,07/26/2025 23:15:00,3.00,,,,,
11599,07/26/2025 23:20:00,3.13,,,,,
11600,07/26/2025 23:25:00,3.17,,,,,
11601,07/26/2025 23:30:00,3.43,,,,,
11602,07/26/2025 23:35:00,3.09,,,,,
11603,07/26/2025 23:40:00,3.04,,,,,
11604,07/26/2025 23:45:00,3.34,,,,,
11605,07/26/2025 23:50:00,3.34,,,,,
11606,07/26/2025 23:55:00,3.34,,,,,
11607,07/27/2025 00:00:00,3.39,,,,,
11608,07/27/2025 00:05:00,4.03,,,,,
11609,07/27/2025 00:10:00,4.24,,,,,
11610,07/27/2025 00:15:00,4.72,,,,,
11611,07/27/2025 00:20:00,4.97,,,,,
11612,07/27/2025 00:25:00,4.76,,,,,
11613,07/27/2025 00:30:00,4.50,,,,,
11614,07/27/2025 00:35:00,4.37,,,,,
11615,07/27/2025 00:40:00,4.12,,,,,
11616,07/27/2025 00:45:00,3.90,,,,,
11617,07/27/2025 00:50:00,3.90,,,,,
11618,07/27/2025 00:55:00,4.33,,,,,
11619,07/27/2025 01:00:00,3.73,,,,,
11620,07/27/2025 01:05:00,3.21,,,,,
11621,07/27/2025 01:10:00,3.09,,,,,
11622,07/27/2025 01:15:00,3.21,,,,,
11623,07/27/2025 01:20:00,3.30,,,,,
11624,07/27/2025 01:25:00,3.52,,,,,
11625,07/27/2025 01:30:00,3.64,,,,,
11626,07/27/2025 01:35:00,4.29,,,,,
11627,07/27/2025 01:40:00,4.89,,,,,
11628,07/27/2025 01:45:00,5.49,,,,,
11629,07/27/2025 01:50:00,5.70,,,,,
11630,07/27/2025 01:55:00,5.45,,,,,
11631,07/27/2025 02:00:00,5.10,,,,,
11632,07/27/2025 02:05:00,4.63,,,,,
11633,07/27/2025 02:10:00,4.46,,,,,
11634,07/27/2025 02:15:00,4.07,,,,,
11635,07/27/2025 02:20:00,3.90,,,,,
11636,07/27/2025 02:25:00,4.03,,,,,
11637,07/27/2025 02:30:00,3.82,,,,,
11638,07/27/2025 02:35:00,3.43,,,,,
11639,07/27/2025 02:40:00,3.60,,,,,
11640,07/27/2025 02:45:00,3.82,,,,,
11641,07/27/2025 02:50:00,3.82,,,,,
11642,07/27/2025 02:55:00,3.73,,,,,
11643,07/27/2025 03:00:00,4.07,,,,,
11644,07/27/2025 03:05:00,4.84,,,,,
11645,07/27/2025 03:10:00,5.19,,,,,
11646,07/27/2025 03:15:00,4.76,,,,,
11647,07/27/2025 03:20:00,4.84,,,,,
11648,07/27/2025 03:25:00,4.76,,,,,
11649,07/27/2025 03:30:00,4.89,,,,,
11650,07/27/2025 03:35:00,4.67,,,,,
11651,07/27/2025 03:40:00,4.24,,,,,
11652,07/27/2025 03:45:00,3.94,,,,,
11653,07/27/2025 03:50:00,3.94,,,,,
11654,07/27/2025 03:55:00,3.94,,,,,
11655,07/27/2025 04:00:00,3.82,,,,,
11656,07/27/2025 04:05:00,3.94,,,,,
11657,07/27/2025 04:10:00,4.37,,,,,
11658,07/27/2025 04:15:00,4.37,,,,,
11659,07/27/2025 04:20:00,4.89,,,,,
11660,07/27/2025 04:25:00,4.72,,,,,
11661,07/27/2025 04:30:00,4.89,,,,,
11662,07/27/2025 04:35:00,4.89,,,,,
11663,07/27/2025 04:40:00,4.76,,,,,
11664,07/27/2025 04:45:00,4.63,,,,,
11665,07/27/2025 04:50:00,4.84,,,,,
11666,07/27/2025 04:55:00,4.89,,,,,
11667,07/27/2025 05:00:00,4.84,,,,,
11668,07/27/2025 05:05:00,4.80,,,,,
11669,07/27/2025 05:10:00,5.19,,,,,
11670,07/27/2025 05:15:00,5.23,,,,,
11671,07/27/2025 05:20:00,5.40,,,,,
11672,07/27/2025 05:25:00,5.79,,,,,
11673,07/27/2025 05:30:00,5.79,,,,,
11674,07/27/2025 05:35:00,6.26,,,,,
11675,07/27/2025 05:40:00,6.17,,,,,
11676,07/27/2025 05:45:00,5.96,,,,,
11677,07/27/2025 05:50:00,5.66,,,,,
11678,07/27/2025 05:55:00,6.39,,,,,
11679,07/27/2025 06:00:00,6.35,,,,,
11680,07/27/2025 06:05:00,6.60,,,,,
11681,07/27/2025 06:10:00,6.73,,,,,
11682,07/27/2025 06:15:00,6.99,,,,,
11683,07/27/2025 06:20:00,7.12,,,,,
11684,07/27/2025 06:25:00,6.99,,,,,
11685,07/27/2025 06:30:00,6.99,,,,,
11686,07/27/2025 06:35:00,7.03,,,,,
11687,07/27/2025 06:40:00,7.03,,,,,
11688,07/27/2025 06:45:00,7.12,,,,,
11689,07/27/2025 06:50:00,7.08,,,,,
11690,07/27/2025 06:55:00,7.16,,,,,
11691,07/27/2025 07:00:00,7.20,,,,,
11692,07/27/2025 07:05:00,7.16,,,,,
11693,07/27/2025 07:10:00,7.12,,,,,
11694,07/27/2025 07:15:00,7.20,,,,,
11695,07/27/2025 07:20:00,7.38,,,,,
11696,07/27/2025 07:25:00,7.63,,,,,
11697,07/27/2025 07:30:00,7.59,,,,,
11698,07/27/2025 07:35:00,7.50,,,,,
11699,07/27/2025 07:40:00,7.55,,,,,
11700,07/27/2025 07:45:00,7.55,,,,,
11701,07/27/2025 07:50:00,7.72,,,,,
11702,07/27/2025 07:55:00,7.85,,,,,
11703,07/27/2025 08:00:00,7.98,,,,,
11704,07/27/2025 08:05:00,8.11,,,,,
11705,07/27/2025 08:10:00,8.23,,,,,
11706,07/27/2025 08:15:00,8.53,,,,,
11707,07/27/2025 08:20:00,8.66,,,,,
11708,07/27/2025 08:25:00,8.75,,,,,
11709,07/27/2025 08:30:00,8.88,,,,,
11710,07/27/2025 08:35:00,8.83,,,,,
11711,07/27/2025 08:40:00,8.92,,,,,
11712,07/27/2025 08:45:00,8.92,,,,,
11713,07/27/2025 08:50:00,9.18,,,,,
11714,07/27/2025 08:55:00,9.09,,,,,
11715,07/27/2025 09:00:00,8.92,,,,,
11716,07/27/2025 09:05:00,8.96,,,,,
11717,07/27/2025 09:10:00,9.18,,,,,
11718,07/27/2025 09:15:00,9.05,,,,,
11719,07/27/2025 09:20:00,8.92,,,,,
11720,07/27/2025 09:25:00,9.09,,,,,
11721,07/27/2025 09:30:00,9.31,,,,,
11722,07/27/2025 09:35:00,9.61,,,,,
11723,07/27/2025 09:40:00,9.56,,,,,
11724,07/27/2025 09:45:00,9.39,,,,,
11725,07/27/2025 09:50:00,9.39,,,,,
11726,07/27/2025 09:55:00,9.39,,,,,
11727,07/27/2025 10:00:00,9.35,,,,,
11728,07/27/2025 10:05:00,9.52,,,,,
11729,07/27/2025 10:10:00,9.61,,,,,
11730,07/27/2025 10:15:00,9.52,,,,,
11731,07/27/2025 10:20:00,9.48,,,,,
11732,07/27/2025 10:25:00,9.99,,,,,
11733,07/27/2025 10:30:00,10.08,,,,,
11734,07/27/2025 10:35:00,9.95,,,,,
11735,07/27/2025 10:40:00,9.86,,,,,
11736,07/27/2025 10:45:00,10.16,,,,,
11737,07/27/2025 10:50:00,10.29,,,,,
11738,07/27/2025 10:55:00,10.08,,,,,
11739,07/27/2025 11:00:00,10.16,,,,,
11740,07/27/2025 11:05:00,10.16,,,,,
11741,07/27/2025 11:10:00,9.74,,,,,
11742,07/27/2025 11:15:00,8.88,,,,,
11743,07/27/2025 11:20:00,9.39,,,,,
11744,07/27/2025 11:25:00,9.74,,,,,
11745,07/27/2025 11:30:00,10.04,,,,,
11746,07/27/2025 11:35:00,10.21,,,,,
11747,07/27/2025 11:40:00,10.21,,,,,
11748,07/27/2025 11:45:00,10.29,,,,,
11749,07/27/2025 11:50:00,10.16,,,,,
11750,07/27/2025 11:55:00,10.38,,,,,
11751,07/27/2025 12:00:00,10.29,,,,,
11752,07/27/2025 12:05:00,10.29,,,,,
11753,07/27/2025 12:10:00,10.42,,,,,
11754,07/27/2025 12:15:00,10.64,,,,,
11755,07/27/2025 12:20:00,11.58,,,,,
11756,07/27/2025 12:25:00,10.77,,,,,
11757,07/27/2025 12:30:00,11.11,,,,,
11758,07/27/2025 12:35:00,10.72,,,,,
11759,07/27/2025 12:40:00,10.42,,,,,
11760,07/27/2025 12:45:00,10.04,,,,,
11761,07/27/2025 12:50:00,10.85,,,,,
11762,07/27/2025 12:55:00,10.51,,,,,
11763,07/27/2025 13:00:00,10.98,,,,,
11764,07/27/2025 13:05:00,10.38,,,,,
11765,07/27/2025 13:10:00,10.42,,,,,
11766,07/27/2025 13:15:00,10.68,,,,,
11767,07/27/2025 13:20:00,11.11,,,,,
11768,07/27/2025 13:25:00,12.14,,,,,
11769,07/27/2025 13:30:00,13.55,,,,,
11770,07/27/2025 13:35:00,13.04,,,,,
11771,07/27/2025 13:40:00,14.45,,,,,
11772,07/27/2025 13:45:00,13.04,,,,,
11773,07/27/2025 13:50:00,12.48,,,,,
11774,07/27/2025 13:55:00,12.18,,,,,
11775,07/27/2025 14:00:00,11.97,,,,,
11776,07/27/2025 14:05:00,10.38,,,,,
11777,07/27/2025 14:10:00,9.95,,,,,
11778,07/27/2025 14:15:00,9.52,,,,,
11779,07/27/2025 14:20:00,9.31,,,,,
11780,07/27/2025 14:25:00,9.09,,,,,
11781,07/27/2025 14:30:00,9.26,,,,,
11782,07/27/2025 14:35:00,8.92,,,,,
11783,07/27/2025 14:40:00,8.49,,,,,
11784,07/27/2025 14:45:00,8.36,,,,,
11785,07/27/2025 14:50:00,8.58,,,,,
11786,07/27/2025 14:55:00,8.15,,,,,
11787,07/27/2025 15:00:00,8.19,,,,,
11788,07/27/2025 15:05:00,7.89,,,,,
11789,07/27/2025 15:10:00,7.55,,,,,
11790,07/27/2025 15:15:00,7.25,,,,,
11791,07/27/2025 15:20:00,7.12,,,,,
11792,07/27/2025 15:25:00,7.16,,,,,
11793,07/27/2025 15:30:00,6.86,,,,,
11794,07/27/2025 15:35:00,6.65,,,,,
11795,07/27/2025 15:40:00,6.56,,,,,
11796,07/27/2025 15:45:00,6.56,,,,,
11797,07/27/2025 15:50:00,6.60,,,,,
11798,07/27/2025 15:55:00,6.52,,,,,
11799,07/27/2025 16:00:00,6.60,,,,,
11800,07/27/2025 16:05:00,6.86,,,,,
11801,07/27/2025 16:10:00,6.86,,,,,
11802,07/27/2025 16:15:00,6.90,,,,,
11803,07/27/2025 16:20:00,6.90,,,,,
11804,07/27/2025 16:25:00,6.95,,,,,
11805,07/27/2025 16:30:00,6.95,,,,,
11806,07/27/2025 16:35:00,6.95,,,,,
11807,07/27/2025 16:40:00,6.82,,,,,
11808,07/27/2025 16:45:00,6.39,,,,,
11809,07/27/2025 16:50:00,6.13,,,,,
11810,07/27/2025 16:55:00,6.09,,,,,
11811,07/27/2025 17:00:00,6.39,,,,,
11812,07/27/2025 17:05:00,6.52,,,,,
11813,07/27/2025 17:10:00,6.52,,,,,
11814,07/27/2025 17:15:00,6.52,,,,,
11815,07/27/2025 17:20:00,6.56,,,,,
11816,07/27/2025 17:25:00,6.43,,,,,
11817,07/27/2025 17:30:00,6.35,,,,,
11818,07/27/2025 17:35:00,5.96,,,,,
11819,07/27/2025 17:40:00,5.83,,,,,
11820,07/27/2025 17:45:00,5.70,,,,,
11821,07/27/2025 17:50:00,5.87,,,,,
11822,07/27/2025 17:55:00,5.87,,,,,
11823,07/27/2025 18:00:00,5.53,,,,,
11824,07/27/2025 18:05:00,5.53,,,,,
11825,07/27/2025 18:10:00,5.75,,,,,
11826,07/27/2025 18:15:00,5.57,,,,,
11827,07/27/2025 18:20:00,5.40,,,,,
11828,07/27/2025 18:25:00,5.15,,,,,
11829,07/27/2025 18:30:00,4.89,,,,,
11830,07/27/2025 18:35:00,4.80,,,,,
11831,07/27/2025 18:40:00,4.89,,,,,
11832,07/27/2025 18:45:00,4.93,,,,,
11833,07/27/2025 18:50:00,4.97,,,,,
11834,07/27/2025 18:55:00,5.19,,,,,
11835,07/27/2025 19:00:00,5.66,,,,,
11836,07/27/2025 19:05:00,5.87,,,,,
11837,07/27/2025 19:10:00,5.66,,,,,
11838,07/27/2025 19:15:00,5.45,,,,,
11839,07/27/2025 19:20:00,5.40,,,,,
11840,07/27/2025 19:25:00,5.57,,,,,
11841,07/27/2025 19:30:00,5.10,,,,,
11842,07/27/2025 19:35:00,6.00,,,,,
11843,07/27/2025 19:40:00,5.66,,,,,
11844,07/27/2025 19:45:00,5.70,,,,,
11845,07/27/2025 19:50:00,6.00,,,,,
11846,07/27/2025 19:55:00,5.57,,,,,
11847,07/27/2025 20:00:00,5.19,,,,,
11848,07/27/2025 20:05:00,5.02,,,,,
11849,07/27/2025 20:10:00,4.59,,,,,
11850,07/27/2025 20:15:00,4.37,,,,,
11851,07/27/2025 20:20:00,4.33,,,,,
11852,07/27/2025 20:25:00,4.07,,,,,
11853,07/27/2025 20:30:00,4.07,,,,,
11854,07/27/2025 20:35:00,4.29,,,,,
11855,07/27/2025 20:40:00,4.29,,,,,
11856,07/27/2025 20:45:00,4.07,,,,,
11857,07/27/2025 20:50:00,3.90,,,,,
11858,07/27/2025 20:55:00,3.56,,,,,
11859,07/27/2025 21:00:00,3.64,,,,,
11860,07/27/2025 21:05:00,3.86,,,,,
11861,07/27/2025 21:10:00,4.07,,,,,
11862,07/27/2025 21:15:00,3.94,,,,,
11863,07/27/2025 21:20:00,3.94,,,,,
11864,07/27/2025 21:25:00,4.16,,,,,
11865,07/27/2025 21:30:00,3.73,,,,,
11866,07/27/2025 21:35:00,3.77,,,,,
11867,07/27/2025 21:40:00,3.56,,,,,
11868,07/27/2025 21:45:00,3.47,,,,,
11869,07/27/2025 21:50:00,3.43,,,,,
11870,07/27/2025 21:55:00,3.34,,,,,
11871,07/27/2025 22:00:00,3.30,,,,,
11872,07/27/2025 22:05:00,3.64,,,,,
11873,07/27/2025 22:10:00,3.43,,,,,
11874,07/27/2025 22:15:00,3.43,,,,,
11875,07/27/2025 22:20:00,3.34,,,,,
11876,07/27/2025 22:25:00,3.39,,,,,
11877,07/27/2025 22:30:00,3.30,,,,,
11878,07/27/2025 22:35:00,3.34,,,,,
11879,07/27/2025 22:40:00,3.64,,,,,
11880,07/27/2025 22:45:00,3.21,,,,,
11881,07/27/2025 22:50:00,3.47,,,,,
11882,07/27/2025 22:55:00,3.39,,,,,
11883,07/27/2025 23:00:00,3.34,,,,,
11884,07/27/2025 23:05:00,3.56,,,,,
11885,07/27/2025 23:10:00,3.82,,,,,
11886,07/27/2025 23:15:00,3.86,,,,,
11887,07/27/2025 23:20:00,3.82,,,,,
11888,07/27/2025 23:25:00,3.69,,,,,
11889,07/27/2025 23:30:00,3.69,,,,,
11890,07/27/2025 23:35:00,3.77,,,,,
11891,07/27/2025 23:40:00,3.82,,,,,
11892,07/27/2025 23:45:00,3.86,,,,,
11893,07/27/2025 23:50:00,4.29,,,,,
11894,07/27/2025 23:55:00,4.37,,,,,
11895,07/28/2025 00:00:00,4.12,,,,,
11896,07/28/2025 00:05:00,4.12,,,,,
11897,07/28/2025 00:10:00,4.42,,,,,
11898,07/28/2025 00:15:00,4.93,,,,,
11899,07/28/2025 00:20:00,5.32,,,,,
11900,07/28/2025 00:25:00,5.40,,,,,
11901,07/28/2025 00:30:00,5.79,,,,,
11902,07/28/2025 00:35:00,5.96,,,,,
11903,07/28/2025 00:40:00,5.45,,,,,
11904,07/28/2025 00:45:00,5.45,,,,,
11905,07/28/2025 00:50:00,5.49,,,,,
11906,07/28/2025 00:55:00,5.06,,,,,
11907,07/28/2025 01:00:00,4.89,,,,,
11908,07/28/2025 01:05:00,5.02,,,,,
11909,07/28/2025 01:10:00,4.67,,,,,
11910,07/28/2025 01:15:00,4.20,,,,,
11911,07/28/2025 01:20:00,3.86,,,,,
11912,07/28/2025 01:25:00,4.29,,,,,
11913,07/28/2025 01:30:00,5.49,,,,,
11914,07/28/2025 01:35:00,5.49,,,,,
11915,07/28/2025 01:40:00,4.54,,,,,
11916,07/28/2025 01:45:00,5.36,,,,,
11917,07/28/2025 01:50:00,4.89,,,,,
11918,07/28/2025 01:55:00,4.16,,,,,
11919,07/28/2025 02:00:00,3.94,,,,,
11920,07/28/2025 02:05:00,3.73,,,,,
11921,07/28/2025 02:10:00,3.64,,,,,
11922,07/28/2025 02:15:00,4.20,,,,,
11923,07/28/2025 02:20:00,4.42,,,,,
11924,07/28/2025 02:25:00,4.72,,,,,
11925,07/28/2025 02:30:00,4.67,,,,,
11926,07/28/2025 02:35:00,4.76,,,,,
11927,07/28/2025 02:40:00,5.15,,,,,
11928,07/28/2025 02:45:00,5.23,,,,,
11929,07/28/2025 02:50:00,4.84,,,,,
11930,07/28/2025 02:55:00,4.93,,,,,
11931,07/28/2025 03:00:00,5.49,,,,,
11932,07/28/2025 03:05:00,5.62,,,,,
11933,07/28/2025 03:10:00,6.52,,,,,
11934,07/28/2025 03:15:00,5.62,,,,,
11935,07/28/2025 03:20:00,5.27,,,,,
11936,07/28/2025 03:25:00,5.10,,,,,
11937,07/28/2025 03:30:00,5.32,,,,,
11938,07/28/2025 03:35:00,5.87,,,,,
11939,07/28/2025 03:40:00,5.92,,,,,
11940,07/28/2025 03:45:00,5.53,,,,,
11941,07/28/2025 03:50:00,5.36,,,,,
11942,07/28/2025 03:55:00,4.97,,,,,
11943,07/28/2025 04:00:00,5.19,,,,,
11944,07/28/2025 04:05:00,5.66,,,,,
11945,07/28/2025 04:10:00,5.75,,,,,
11946,07/28/2025 04:15:00,6.30,,,,,
11947,07/28/2025 04:20:00,6.17,,,,,
11948,07/28/2025 04:25:00,6.09,,,,,
11949,07/28/2025 04:30:00,5.92,,,,,
11950,07/28/2025 04:35:00,5.23,,,,,
11951,07/28/2025 04:40:00,5.40,,,,,
11952,07/28/2025 04:45:00,5.66,,,,,
11953,07/28/2025 04:50:00,5.66,,,,,
11954,07/28/2025 04:55:00,5.83,,,,,
11955,07/28/2025 05:00:00,5.40,,,,,
11956,07/28/2025 05:05:00,5.53,,,,,
11957,07/28/2025 05:10:00,5.40,,,,,
11958,07/28/2025 05:15:00,5.62,,,,,
11959,07/28/2025 05:20:00,5.53,,,,,
11960,07/28/2025 05:25:00,5.83,,,,,
11961,07/28/2025 05:30:00,6.05,,,,,
11962,07/28/2025 05:35:00,6.78,,,,,
11963,07/28/2025 05:40:00,7.12,,,,,
11964,07/28/2025 05:45:00,7.03,,,,,
11965,07/28/2025 05:50:00,6.39,,,,,
11966,07/28/2025 05:55:00,5.79,,,,,
11967,07/28/2025 06:00:00,6.00,,,,,
11968,07/28/2025 06:05:00,6.56,,,,,
11969,07/28/2025 06:10:00,7.08,,,,,
11970,07/28/2025 06:15:00,7.12,,,,,
11971,07/28/2025 06:20:00,6.43,,,,,
11972,07/28/2025 06:25:00,6.39,,,,,
11973,07/28/2025 06:30:00,6.35,,,,,
11974,07/28/2025 06:35:00,6.39,,,,,
11975,07/28/2025 06:40:00,7.29,,,,,
11976,07/28/2025 06:45:00,7.33,,,,,
11977,07/28/2025 06:50:00,7.68,,,,,
11978,07/28/2025 06:55:00,7.72,,,,,
11979,07/28/2025 07:00:00,7.72,,,,,
11980,07/28/2025 07:05:00,7.85,,,,,
11981,07/28/2025 07:10:00,8.15,,,,,
11982,07/28/2025 07:15:00,7.89,,,,,
11983,07/28/2025 07:20:00,7.68,,,,,
11984,07/28/2025 07:25:00,7.59,,,,,
11985,07/28/2025 07:30:00,7.85,,,,,
11986,07/28/2025 07:35:00,8.19,,,,,
11987,07/28/2025 07:40:00,8.36,,,,,
11988,07/28/2025 07:45:00,8.36,,,,,
11989,07/28/2025 07:50:00,8.36,,,,,
11990,07/28/2025 07:55:00,8.28,,,,,
11991,07/28/2025 08:00:00,8.28,,,,,
11992,07/28/2025 08:05:00,8.11,,,,,
11993,07/28/2025 08:10:00,8.28,,,,,
11994,07/28/2025 08:15:00,8.23,,,,,
11995,07/28/2025 08:20:00,8.53,,,,,
11996,07/28/2025 08:25:00,8.75,,,,,
11997,07/28/2025 08:30:00,8.83,,,,,
11998,07/28/2025 08:35:00,9.14,,,,,
11999,07/28/2025 08:40:00,8.62,,,,,
12000,07/28/2025 08:45:00,8.32,,,,,
12001,07/28/2025 08:50:00,8.36,,,,,
12002,07/28/2025 08:55:00,8.49,,,,,
12003,07/28/2025 09:00:00,8.45,,,,,
12004,07/28/2025 09:05:00,8.36,,,,,
12005,07/28/2025 09:10:00,8.36,,,,,
12006,07/28/2025 09:15:00,8.53,,,,,
12007,07/28/2025 09:20:00,8.71,,,,,
12008,07/28/2025 09:25:00,8.71,,,,,
12009,07/28/2025 09:30:00,8.88,,,,,
12010,07/28/2025 09:35:00,9.14,,,,,
12011,07/28/2025 09:40:00,9.14,,,,,
12012,07/28/2025 09:45:00,9.48,,,,,
12013,07/28/2025 09:50:00,9.44,,,,,
12014,07/28/2025 09:55:00,9.31,,,,,
12015,07/28/2025 10:00:00,9.35,,,,,
12016,07/28/2025 10:05:00,8.92,,,,,
12017,07/28/2025 10:10:00,8.88,,,,,
12018,07/28/2025 10:15:00,8.79,,,,,
12019,07/28/2025 10:20:00,9.31,,,,,
12020,07/28/2025 10:25:00,9.82,,,,,
12021,07/28/2025 10:30:00,10.04,,,,,
12022,07/28/2025 10:35:00,9.78,,,,,
12023,07/28/2025 10:40:00,9.65,,,,,
12024,07/28/2025 10:45:00,9.56,,,,,
12025,07/28/2025 10:50:00,9.56,,,,,
12026,07/28/2025 10:55:00,9.69,,,,,
12027,07/28/2025 11:00:00,9.95,,,,,
12028,07/28/2025 11:05:00,9.39,,,,,
12029,07/28/2025 11:10:00,9.48,,,,,
12030,07/28/2025 11:15:00,9.31,,,,,
12031,07/28/2025 11:20:00,9.05,,,,,
12032,07/28/2025 11:25:00,8.92,,,,,
12033,07/28/2025 11:30:00,8.62,,,,,
12034,07/28/2025 11:35:00,9.09,,,,,
12035,07/28/2025 11:40:00,9.48,,,,,
12036,07/28/2025 11:45:00,8.79,,,,,
12037,07/28/2025 11:50:00,9.09,,,,,
12038,07/28/2025 11:55:00,9.31,,,,,
12039,07/28/2025 12:00:00,9.48,,,,,
12040,07/28/2025 12:05:00,9.91,,,,,
12041,07/28/2025 12:10:00,10.16,,,,,
12042,07/28/2025 12:15:00,10.08,,,,,
12043,07/28/2025 12:20:00,9.91,,,,,
12044,07/28/2025 12:25:00,10.16,,,,,
12045,07/28/2025 12:30:00,11.24,,,,,
12046,07/28/2025 12:35:00,11.71,,,,,
12047,07/28/2025 12:40:00,11.58,,,,,
12048,07/28/2025 12:45:00,10.77,,,,,
12049,07/28/2025 12:50:00,10.64,,,,,
12050,07/28/2025 12:55:00,10.68,,,,,
12051,07/28/2025 13:00:00,10.89,,,,,
12052,07/28/2025 13:05:00,10.81,,,,,
12053,07/28/2025 13:10:00,10.59,,,,,
12054,07/28/2025 13:15:00,10.77,,,,,
12055,07/28/2025 13:20:00,10.34,,,,,
12056,07/28/2025 13:25:00,10.42,,,,,
12057,07/28/2025 13:30:00,10.21,,,,,
12058,07/28/2025 13:35:00,9.56,,,,,
12059,07/28/2025 13:40:00,9.44,,,,,
12060,07/28/2025 13:45:00,9.22,,,,,
12061,07/28/2025 13:50:00,9.18,,,,,
12062,07/28/2025 13:55:00,8.92,,,,,
12063,07/28/2025 14:00:00,9.35,,,,,
12064,07/28/2025 14:05:00,8.53,,,,,
12065,07/28/2025 14:10:00,8.41,,,,,
12066,07/28/2025 14:15:00,8.23,,,,,
12067,07/28/2025 14:20:00,7.72,,,,,
12068,07/28/2025 14:25:00,7.76,,,,,
12069,07/28/2025 14:30:00,7.59,,,,,
12070,07/28/2025 14:35:00,7.46,,,,,
12071,07/28/2025 14:40:00,7.76,,,,,
12072,07/28/2025 14:45:00,7.98,,,,,
12073,07/28/2025 14:50:00,7.93,,,,,
12074,07/28/2025 14:55:00,7.81,,,,,
12075,07/28/2025 15:00:00,7.85,,,,,
12076,07/28/2025 15:05:00,7.68,,,,,
12077,07/28/2025 15:10:00,7.59,,,,,
12078,07/28/2025 15:15:00,7.50,,,,,
12079,07/28/2025 15:20:00,7.42,,,,,
12080,07/28/2025 15:25:00,7.33,,,,,
12081,07/28/2025 15:30:00,6.99,,,,,
12082,07/28/2025 15:35:00,6.82,,,,,
12083,07/28/2025 15:40:00,6.86,,,,,
12084,07/28/2025 15:45:00,6.69,,,,,
12085,07/28/2025 15:50:00,6.56,,,,,
12086,07/28/2025 15:55:00,6.60,,,,,
12087,07/28/2025 16:00:00,6.69,,,,,
12088,07/28/2025 16:05:00,6.43,,,,,
12089,07/28/2025 16:10:00,6.99,,,,,
12090,07/28/2025 16:15:00,7.25,,,,,
12091,07/28/2025 16:20:00,7.33,,,,,
12092,07/28/2025 16:25:00,7.38,,,,,
12093,07/28/2025 16:30:00,6.99,,,,,
12094,07/28/2025 16:35:00,6.52,,,,,
12095,07/28/2025 16:40:00,6.35,,,,,
12096,07/28/2025 16:45:00,6.39,,,,,
12097,07/28/2025 16:50:00,6.35,,,,,
12098,07/28/2025 16:55:00,6.22,,,,,
12099,07/28/2025 17:00:00,6.17,,,,,
12100,07/28/2025 17:05:00,6.09,,,,,
12101,07/28/2025 17:10:00,6.00,,,,,
12102,07/28/2025 17:15:00,5.92,,,,,
12103,07/28/2025 17:20:00,5.83,,,,,
12104,07/28/2025 17:25:00,5.87,,,,,
12105,07/28/2025 17:30:00,6.00,,,,,
12106,07/28/2025 17:35:00,6.26,,,,,
12107,07/28/2025 17:40:00,6.35,,,,,
12108,07/28/2025 17:45:00,5.96,,,,,
12109,07/28/2025 17:50:00,6.09,,,,,
12110,07/28/2025 17:55:00,6.26,,,,,
12111,07/28/2025 18:00:00,6.30,,,,,
12112,07/28/2025 18:05:00,6.30,,,,,
12113,07/28/2025 18:10:00,5.87,,,,,
12114,07/28/2025 18:15:00,5.57,,,,,
12115,07/28/2025 18:20:00,5.45,,,,,
12116,07/28/2025 18:25:00,5.45,,,,,
12117,07/28/2025 18:30:00,5.53,,,,,
12118,07/28/2025 18:35:00,5.32,,,,,
12119,07/28/2025 18:40:00,5.10,,,,,
12120,07/28/2025 18:45:00,5.02,,,,,
12121,07/28/2025 18:50:00,4.76,,,,,
12122,07/28/2025 18:55:00,4.72,,,,,
12123,07/28/2025 19:00:00,4.93,,,,,
12124,07/28/2025 19:05:00,4.97,,,,,
12125,07/28/2025 19:10:00,5.45,,,,,
12126,07/28/2025 19:15:00,6.00,,,,,
12127,07/28/2025 19:20:00,5.79,,,,,
12128,07/28/2025 19:25:00,5.15,,,,,
12129,07/28/2025 19:30:00,4.93,,,,,
12130,07/28/2025 19:35:00,4.93,,,,,
12131,07/28/2025 19:40:00,5.23,,,,,
12132,07/28/2025 19:45:00,5.15,,,,,
12133,07/28/2025 19:50:00,5.32,,,,,
12134,07/28/2025 19:55:00,5.92,,,,,
12135,07/28/2025 20:00:00,5.79,,,,,
12136,07/28/2025 20:05:00,5.57,,,,,
12137,07/28/2025 20:10:00,5.27,,,,,
12138,07/28/2025 20:15:00,5.10,,,,,
12139,07/28/2025 20:20:00,5.02,,,,,
12140,07/28/2025 20:25:00,4.93,,,,,
12141,07/28/2025 20:30:00,4.54,,,,,
12142,07/28/2025 20:35:00,4.54,,,,,
12143,07/28/2025 20:40:00,4.46,,,,,
12144,07/28/2025 20:45:00,4.37,,,,,
12145,07/28/2025 20:50:00,4.24,,,,,
12146,07/28/2025 20:55:00,4.29,,,,,
12147,07/28/2025 21:00:00,4.33,,,,,
12148,07/28/2025 21:05:00,4.16,,,,,
12149,07/28/2025 21:10:00,3.99,,,,,
12150,07/28/2025 21:15:00,3.77,,,,,
12151,07/28/2025 21:20:00,3.82,,,,,
12152,07/28/2025 21:25:00,4.33,,,,,
12153,07/28/2025 21:30:00,4.03,,,,,
12154,07/28/2025 21:35:00,3.94,,,,,
12155,07/28/2025 21:40:00,4.29,,,,,
12156,07/28/2025 21:45:00,4.76,,,,,
12157,07/28/2025 21:50:00,4.67,,,,,
12158,07/28/2025 21:55:00,4.59,,,,,
12159,07/28/2025 22:00:00,4.37,,,,,
12160,07/28/2025 22:05:00,4.24,,,,,
12161,07/28/2025 22:10:00,4.24,,,,,
12162,07/28/2025 22:15:00,4.20,,,,,
12163,07/28/2025 22:20:00,4.29,,,,,
12164,07/28/2025 22:25:00,4.46,,,,,
12165,07/28/2025 22:30:00,4.24,,,,,
12166,07/28/2025 22:35:00,4.20,,,,,
12167,07/28/2025 22:40:00,4.03,,,,,
12168,07/28/2025 22:45:00,3.73,,,,,
12169,07/28/2025 22:50:00,3.52,,,,,
12170,07/28/2025 22:55:00,3.30,,,,,
12171,07/28/2025 23:00:00,3.43,,,,,
12172,07/28/2025 23:05:00,3.34,,,,,
12173,07/28/2025 23:10:00,3.30,,,,,
12174,07/28/2025 23:15:00,3.17,,,,,
12175,07/28/2025 23:20:00,3.00,,,,,
12176,07/28/2025 23:25:00,3.13,,,,,
12177,07/28/2025 23:30:00,3.04,,,,,
12178,07/28/2025 23:35:00,3.34,,,,,
12179,07/28/2025 23:40:00,3.77,,,,,
12180,07/28/2025 23:45:00,4.20,,,,,
12181,07/28/2025 23:50:00,4.59,,,,,
12182,07/28/2025 23:55:00,4.72,,,,,
12183,07/29/2025 00:00:00,4.59,,,,,
12184,07/29/2025 00:05:00,4.33,,,,,
12185,07/29/2025 00:10:00,3.69,,,,,
12186,07/29/2025 00:15:00,3.39,,,,,
12187,07/29/2025 00:20:00,3.17,,,,,
12188,07/29/2025 00:25:00,3.00,,,,,
12189,07/29/2025 00:30:00,3.00,,,,,
12190,07/29/2025 00:35:00,3.09,,,,,
12191,07/29/2025 00:40:00,3.30,,,,,
12192,07/29/2025 00:45:00,3.56,,,,,
12193,07/29/2025 00:50:00,3.56,,,,,
12194,07/29/2025 00:55:00,3.73,,,,,
12195,07/29/2025 01:00:00,3.90,,,,,
12196,07/29/2025 01:05:00,3.90,,,,,
12197,07/29/2025 01:10:00,3.73,,,,,
12198,07/29/2025 01:15:00,3.73,,,,,
12199,07/29/2025 01:20:00,3.90,,,,,
12200,07/29/2025 01:25:00,4.07,,,,,
12201,07/29/2025 01:30:00,3.94,,,,,
12202,07/29/2025 01:35:00,3.77,,,,,
12203,07/29/2025 01:40:00,3.82,,,,,
12204,07/29/2025 01:45:00,3.94,,,,,
12205,07/29/2025 01:50:00,4.03,,,,,
12206,07/29/2025 01:55:00,3.82,,,,,
12207,07/29/2025 02:00:00,3.77,,,,,
12208,07/29/2025 02:05:00,3.82,,,,,
12209,07/29/2025 02:10:00,3.69,,,,,
12210,07/29/2025 02:15:00,3.43,,,,,
12211,07/29/2025 02:20:00,3.34,,,,,
12212,07/29/2025 02:25:00,3.43,,,,,
12213,07/29/2025 02:30:00,3.04,,,,,
12214,07/29/2025 02:35:00,2.91,,,,,
12215,07/29/2025 02:40:00,3.09,,,,,
12216,07/29/2025 02:45:00,3.77,,,,,
12217,07/29/2025 02:50:00,3.69,,,,,
12218,07/29/2025 02:55:00,3.77,,,,,
12219,07/29/2025 03:00:00,3.86,,,,,
12220,07/29/2025 03:05:00,3.56,,,,,
12221,07/29/2025 03:10:00,3.47,,,,,
12222,07/29/2025 03:15:00,3.52,,,,,
12223,07/29/2025 03:20:00,4.12,,,,,
12224,07/29/2025 03:25:00,4.16,,,,,
12225,07/29/2025 03:30:00,4.33,,,,,
12226,07/29/2025 03:35:00,4.67,,,,,
12227,07/29/2025 03:40:00,4.37,,,,,
12228,07/29/2025 03:45:00,3.73,,,,,
12229,07/29/2025 03:50:00,3.47,,,,,
12230,07/29/2025 03:55:00,3.13,,,,,
12231,07/29/2025 04:00:00,3.64,,,,,
12232,07/29/2025 04:05:00,3.64,,,,,
12233,07/29/2025 04:10:00,3.34,,,,,
12234,07/29/2025 04:15:00,3.21,,,,,
12235,07/29/2025 04:20:00,3.00,,,,,
12236,07/29/2025 04:25:00,3.17,,,,,
12237,07/29/2025 04:30:00,3.99,,,,,
12238,07/29/2025 04:35:00,4.29,,,,,
12239,07/29/2025 04:40:00,4.07,,,,,
12240,07/29/2025 04:45:00,3.56,,,,,
12241,07/29/2025 04:50:00,3.17,,,,,
12242,07/29/2025 04:55:00,3.09,,,,,
12243,07/29/2025 05:00:00,3.09,,,,,
12244,07/29/2025 05:05:00,3.47,,,,,
12245,07/29/2025 05:10:00,3.34,,,,,
12246,07/29/2025 05:15:00,3.21,,,,,
12247,07/29/2025 05:20:00,3.04,,,,,
12248,07/29/2025 05:25:00,2.79,,,,,
12249,07/29/2025 05:30:00,2.70,,,,,
12250,07/29/2025 05:35:00,2.79,,,,,
12251,07/29/2025 05:40:00,2.79,,,,,
12252,07/29/2025 05:45:00,2.96,,,,,
12253,07/29/2025 05:50:00,3.17,,,,,
12254,07/29/2025 05:55:00,3.21,,,,,
12255,07/29/2025 06:00:00,3.30,,,,,
12256,07/29/2025 06:05:00,3.47,,,,,
12257,07/29/2025 06:10:00,4.16,,,,,
12258,07/29/2025 06:15:00,4.07,,,,,
12259,07/29/2025 06:20:00,3.73,,,,,
12260,07/29/2025 06:25:00,3.64,,,,,
12261,07/29/2025 06:30:00,3.64,,,,,
12262,07/29/2025 06:35:00,3.56,,,,,
12263,07/29/2025 06:40:00,3.69,,,,,
12264,07/29/2025 06:45:00,3.73,,,,,
12265,07/29/2025 06:50:00,4.03,,,,,
12266,07/29/2025 06:55:00,4.24,,,,,
12267,07/29/2025 07:00:00,3.69,,,,,
12268,07/29/2025 07:05:00,3.39,,,,,
12269,07/29/2025 07:10:00,3.43,,,,,
12270,07/29/2025 07:15:00,3.47,,,,,
12271,07/29/2025 07:20:00,3.52,,,,,
12272,07/29/2025 07:25:00,3.47,,,,,
12273,07/29/2025 07:30:00,4.24,,,,,
12274,07/29/2025 07:35:00,5.36,,,,,
12275,07/29/2025 07:40:00,5.02,,,,,
12276,07/29/2025 07:45:00,4.67,,,,,
12277,07/29/2025 07:50:00,4.33,,,,,
12278,07/29/2025 07:55:00,4.33,,,,,
12279,07/29/2025 08:00:00,4.24,,,,,
12280,07/29/2025 08:05:00,4.59,,,,,
12281,07/29/2025 08:10:00,4.76,,,,,
12282,07/29/2025 08:15:00,4.67,,,,,
12283,07/29/2025 08:20:00,4.67,,,,,
12284,07/29/2025 08:25:00,5.49,,,,,
12285,07/29/2025 08:30:00,5.23,,,,,
12286,07/29/2025 08:35:00,4.93,,,,,
12287,07/29/2025 08:40:00,4.89,,,,,
12288,07/29/2025 08:45:00,4.84,,,,,
12289,07/29/2025 08:50:00,5.23,,,,,
12290,07/29/2025 08:55:00,5.15,,,,,
12291,07/29/2025 09:00:00,5.15,,,,,
12292,07/29/2025 09:05:00,4.76,,,,,
12293,07/29/2025 09:10:00,4.59,,,,,
12294,07/29/2025 09:15:00,4.59,,,,,
12295,07/29/2025 09:20:00,4.80,,,,,
12296,07/29/2025 09:25:00,5.19,,,,,
12297,07/29/2025 09:30:00,5.36,,,,,
12298,07/29/2025 09:35:00,5.45,,,,,
12299,07/29/2025 09:40:00,6.00,,,,,
12300,07/29/2025 09:45:00,5.83,,,,,
12301,07/29/2025 09:50:00,5.66,,,,,
12302,07/29/2025 09:55:00,5.53,,,,,
12303,07/29/2025 10:00:00,5.53,,,,,
12304,07/29/2025 10:05:00,5.53,,,,,
12305,07/29/2025 10:10:00,5.83,,,,,
12306,07/29/2025 10:15:00,6.52,,,,,
12307,07/29/2025 10:20:00,6.56,,,,,
12308,07/29/2025 10:25:00,6.86,,,,,
12309,07/29/2025 10:30:00,6.52,,,,,
12310,07/29/2025 10:35:00,6.69,,,,,
12311,07/29/2025 10:40:00,6.99,,,,,
12312,07/29/2025 10:45:00,7.03,,,,,
12313,07/29/2025 10:50:00,7.12,,,,,
12314,07/29/2025 10:55:00,6.73,,,,,
12315,07/29/2025 11:00:00,6.56,,,,,
12316,07/29/2025 11:05:00,6.17,,,,,
12317,07/29/2025 11:10:00,5.66,,,,,
12318,07/29/2025 11:15:00,5.40,,,,,
12319,07/29/2025 11:20:00,5.62,,,,,
12320,07/29/2025 11:25:00,5.62,,,,,
12321,07/29/2025 11:30:00,7.12,,,,,
12322,07/29/2025 11:35:00,7.89,,,,,
12323,07/29/2025 11:40:00,8.11,,,,,
12324,07/29/2025 11:45:00,8.45,,,,,
12325,07/29/2025 11:50:00,7.89,,,,,
12326,07/29/2025 11:55:00,7.12,,,,,
12327,07/29/2025 12:00:00,6.73,,,,,
12328,07/29/2025 12:05:00,6.86,,,,,
12329,07/29/2025 12:10:00,6.69,,,,,
12330,07/29/2025 12:15:00,6.86,,,,,
12331,07/29/2025 12:20:00,7.16,,,,,
12332,07/29/2025 12:25:00,9.18,,,,,
12333,07/29/2025 12:30:00,9.14,,,,,
12334,07/29/2025 12:35:00,7.81,,,,,
12335,07/29/2025 12:40:00,7.55,,,,,
12336,07/29/2025 12:45:00,8.32,,,,,
12337,07/29/2025 12:50:00,8.92,,,,,
12338,07/29/2025 12:55:00,8.15,,,,,
12339,07/29/2025 13:00:00,7.42,,,,,
12340,07/29/2025 13:05:00,6.48,,,,,
12341,07/29/2025 13:10:00,6.09,,,,,
12342,07/29/2025 13:15:00,5.87,,,,,
12343,07/29/2025 13:20:00,5.92,,,,,
12344,07/29/2025 13:25:00,5.66,,,,,
12345,07/29/2025 13:30:00,5.57,,,,,
12346,07/29/2025 13:35:00,6.52,,,,,
12347,07/29/2025 13:40:00,5.70,,,,,
12348,07/29/2025 13:45:00,5.27,,,,,
12349,07/29/2025 13:50:00,5.02,,,,,
12350,07/29/2025 13:55:00,5.15,,,,,
12351,07/29/2025 14:00:00,5.19,,,,,
12352,07/29/2025 14:05:00,5.02,,,,,
12353,07/29/2025 14:10:00,4.84,,,,,
12354,07/29/2025 14:15:00,4.80,,,,,
12355,07/29/2025 14:20:00,4.72,,,,,
12356,07/29/2025 14:25:00,4.76,,,,,
12357,07/29/2025 14:30:00,4.54,,,,,
12358,07/29/2025 14:35:00,4.54,,,,,
12359,07/29/2025 14:40:00,4.76,,,,,
12360,07/29/2025 14:45:00,4.84,,,,,
12361,07/29/2025 14:50:00,4.67,,,,,
12362,07/29/2025 14:55:00,4.84,,,,,
12363,07/29/2025 15:00:00,5.70,,,,,
12364,07/29/2025 15:05:00,5.53,,,,,
12365,07/29/2025 15:10:00,5.49,,,,,
12366,07/29/2025 15:15:00,5.32,,,,,
12367,07/29/2025 15:20:00,5.15,,,,,
12368,07/29/2025 15:25:00,5.02,,,,,
12369,07/29/2025 15:30:00,5.02,,,,,
12370,07/29/2025 15:35:00,5.15,,,,,
12371,07/29/2025 15:40:00,5.02,,,,,
12372,07/29/2025 15:45:00,4.97,,,,,
12373,07/29/2025 15:50:00,5.02,,,,,
12374,07/29/2025 15:55:00,4.84,,,,,
12375,07/29/2025 16:00:00,4.76,,,,,
12376,07/29/2025 16:05:00,4.67,,,,,
12377,07/29/2025 16:10:00,4.76,,,,,
12378,07/29/2025 16:15:00,4.84,,,,,
12379,07/29/2025 16:20:00,4.80,,,,,
12380,07/29/2025 16:25:00,4.54,,,,,
12381,07/29/2025 16:30:00,4.42,,,,,
12382,07/29/2025 16:35:00,4.80,,,,,
12383,07/29/2025 16:40:00,5.10,,,,,
12384,07/29/2025 16:45:00,4.72,,,,,
12385,07/29/2025 16:50:00,4.72,,,,,
12386,07/29/2025 16:55:00,4.50,,,,,
12387,07/29/2025 17:00:00,4.33,,,,,
12388,07/29/2025 17:05:00,4.24,,,,,
12389,07/29/2025 17:10:00,4.24,,,,,
12390,07/29/2025 17:15:00,4.37,,,,,
12391,07/29/2025 17:20:00,4.42,,,,,
12392,07/29/2025 17:25:00,4.33,,,,,
12393,07/29/2025 17:30:00,4.12,,,,,
12394,07/29/2025 17:35:00,3.82,,,,,
12395,07/29/2025 17:40:00,3.56,,,,,
12396,07/29/2025 17:45:00,4.12,,,,,
12397,07/29/2025 17:50:00,4.50,,,,,
12398,07/29/2025 17:55:00,4.46,,,,,
12399,07/29/2025 18:00:00,4.29,,,,,
12400,07/29/2025 18:05:00,4.54,,,,,
12401,07/29/2025 18:10:00,4.37,,,,,
12402,07/29/2025 18:15:00,4.07,,,,,
12403,07/29/2025 18:20:00,4.16,,,,,
12404,07/29/2025 18:25:00,3.99,,,,,
12405,07/29/2025 18:30:00,3.73,,,,,
12406,07/29/2025 18:35:00,3.47,,,,,
12407,07/29/2025 18:40:00,3.47,,,,,
12408,07/29/2025 18:45:00,3.90,,,,,
12409,07/29/2025 18:50:00,4.03,,,,,
12410,07/29/2025 18:55:00,4.46,,,,,
12411,07/29/2025 19:00:00,4.29,,,,,
12412,07/29/2025 19:05:00,3.90,,,,,
12413,07/29/2025 19:10:00,3.73,,,,,
12414,07/29/2025 19:15:00,3.90,,,,,
12415,07/29/2025 19:20:00,3.99,,,,,
12416,07/29/2025 19:25:00,3.94,,,,,
12417,07/29/2025 19:30:00,3.90,,,,,
12418,07/29/2025 19:35:00,4.29,,,,,
12419,07/29/2025 19:40:00,3.90,,,,,
12420,07/29/2025 19:45:00,3.82,,,,,
12421,07/29/2025 19:50:00,3.34,,,,,
12422,07/29/2025 19:55:00,2.91,,,,,
12423,07/29/2025 20:00:00,2.87,,,,,
12424,07/29/2025 20:05:00,3.04,,,,,
12425,07/29/2025 20:10:00,3.56,,,,,
12426,07/29/2025 20:15:00,3.56,,,,,
12427,07/29/2025 20:20:00,3.09,,,,,
12428,07/29/2025 20:25:00,3.30,,,,,
12429,07/29/2025 20:30:00,3.34,,,,,
12430,07/29/2025 20:35:00,3.73,,,,,
12431,07/29/2025 20:40:00,4.24,,,,,
12432,07/29/2025 20:45:00,4.37,,,,,
12433,07/29/2025 20:50:00,4.72,,,,,
12434,07/29/2025 20:55:00,4.76,,,,,
12435,07/29/2025 21:00:00,4.97,,,,,
12436,07/29/2025 21:05:00,3.90,,,,,
12437,07/29/2025 21:10:00,4.12,,,,,
12438,07/29/2025 21:15:00,4.12,,,,,
12439,07/29/2025 21:20:00,4.50,,,,,
12440,07/29/2025 21:25:00,4.72,,,,,
12441,07/29/2025 21:30:00,4.76,,,,,
12442,07/29/2025 21:35:00,4.54,,,,,
12443,07/29/2025 21:40:00,4.54,,,,,
12444,07/29/2025 21:45:00,4.80,,,,,
12445,07/29/2025 21:50:00,4.84,,,,,
12446,07/29/2025 21:55:00,4.63,,,,,
12447,07/29/2025 22:00:00,4.72,,,,,
12448,07/29/2025 22:05:00,4.54,,,,,
12449,07/29/2025 22:10:00,4.29,,,,,
12450,07/29/2025 22:15:00,4.42,,,,,
12451,07/29/2025 22:20:00,4.67,,,,,
12452,07/29/2025 22:25:00,4.89,,,,,
12453,07/29/2025 22:30:00,4.63,,,,,
12454,07/29/2025 22:35:00,4.54,,,,,
12455,07/29/2025 22:40:00,4.84,,,,,
12456,07/29/2025 22:45:00,4.72,,,,,
12457,07/29/2025 22:50:00,4.50,,,,,
12458,07/29/2025 22:55:00,4.63,,,,,
12459,07/29/2025 23:00:00,4.84,,,,,
12460,07/29/2025 23:05:00,5.06,,,,,
12461,07/29/2025 23:10:00,5.36,,,,,
12462,07/29/2025 23:15:00,5.36,,,,,
12463,07/29/2025 23:20:00,5.27,,,,,
12464,07/29/2025 23:25:00,5.15,,,,,
12465,07/29/2025 23:30:00,4.67,,,,,
12466,07/29/2025 23:35:00,4.54,,,,,
12467,07/29/2025 23:40:00,4.07,,,,,
12468,07/29/2025 23:45:00,3.77,,,,,
12469,07/29/2025 23:50:00,3.99,,,,,
12470,07/29/2025 23:55:00,3.64,,,,,
12471,07/30/2025 00:00:00,3.60,,,,,
12472,07/30/2025 00:05:00,3.30,,,,,
12473,07/30/2025 00:10:00,3.56,,,,,
12474,07/30/2025 00:15:00,3.86,,,,,
12475,07/30/2025 00:20:00,3.82,,,,,
12476,07/30/2025 00:25:00,3.69,,,,,
12477,07/30/2025 00:30:00,3.43,,,,,
12478,07/30/2025 00:35:00,3.30,,,,,
12479,07/30/2025 00:40:00,3.47,,,,,
12480,07/30/2025 00:45:00,3.69,,,,,
12481,07/30/2025 00:50:00,3.56,,,,,
12482,07/30/2025 00:55:00,3.17,,,,,
12483,07/30/2025 01:00:00,3.26,,,,,
12484,07/30/2025 01:05:00,3.26,,,,,
12485,07/30/2025 01:10:00,3.30,,,,,
12486,07/30/2025 01:15:00,3.34,,,,,
12487,07/30/2025 01:20:00,3.47,,,,,
12488,07/30/2025 01:25:00,3.17,,,,,
12489,07/30/2025 01:30:00,3.00,,,,,
12490,07/30/2025 01:35:00,3.17,,,,,
12491,07/30/2025 01:40:00,3.13,,,,,
12492,07/30/2025 01:45:00,3.17,,,,,
12493,07/30/2025 01:50:00,3.26,,,,,
12494,07/30/2025 01:55:00,3.56,,,,,
12495,07/30/2025 02:00:00,3.26,,,,,
12496,07/30/2025 02:05:00,3.26,,,,,
12497,07/30/2025 02:10:00,3.17,,,,,
12498,07/30/2025 02:15:00,2.91,,,,,
12499,07/30/2025 02:20:00,3.21,,,,,
12500,07/30/2025 02:25:00,3.30,,,,,
12501,07/30/2025 02:30:00,3.21,,,,,
12502,07/30/2025 02:35:00,3.13,,,,,
12503,07/30/2025 02:40:00,2.96,,,,,
12504,07/30/2025 02:45:00,3.04,,,,,
12505,07/30/2025 02:50:00,3.30,,,,,
12506,07/30/2025 02:55:00,3.09,,,,,
12507,07/30/2025 03:00:00,3.09,,,,,
12508,07/30/2025 03:05:00,3.00,,,,,
12509,07/30/2025 03:10:00,3.13,,,,,
12510,07/30/2025 03:15:00,3.04,,,,,
12511,07/30/2025 03:20:00,3.34,,,,,
12512,07/30/2025 03:25:00,3.94,,,,,
12513,07/30/2025 03:30:00,3.60,,,,,
12514,07/30/2025 03:35:00,4.33,,,,,
12515,07/30/2025 03:40:00,4.29,,,,,
12516,07/30/2025 03:45:00,3.52,,,,,
12517,07/30/2025 03:50:00,3.64,,,,,
12518,07/30/2025 03:55:00,3.47,,,,,
12519,07/30/2025 04:00:00,4.24,,,,,
12520,07/30/2025 04:05:00,4.84,,,,,
12521,07/30/2025 04:10:00,4.84,,,,,
12522,07/30/2025 04:15:00,5.06,,,,,
12523,07/30/2025 04:20:00,4.72,,,,,
12524,07/30/2025 04:25:00,4.63,,,,,
12525,07/30/2025 04:30:00,5.06,,,,,
12526,07/30/2025 04:35:00,5.45,,,,,
12527,07/30/2025 04:40:00,5.36,,,,,
12528,07/30/2025 04:45:00,5.49,,,,,
12529,07/30/2025 04:50:00,4.93,,,,,
12530,07/30/2025 04:55:00,4.24,,,,,
12531,07/30/2025 05:00:00,3.60,,,,,
12532,07/30/2025 05:05:00,3.30,,,,,
12533,07/30/2025 05:10:00,3.17,,,,,
12534,07/30/2025 05:15:00,3.00,,,,,
12535,07/30/2025 05:20:00,3.30,,,,,
12536,07/30/2025 05:25:00,3.73,,,,,
12537,07/30/2025 05:30:00,3.82,,,,,
12538,07/30/2025 05:35:00,3.52,,,,,
12539,07/30/2025 05:40:00,3.17,,,,,
12540,07/30/2025 05:45:00,2.96,,,,,
12541,07/30/2025 05:50:00,2.79,,,,,
12542,07/30/2025 05:55:00,3.04,,,,,
12543,07/30/2025 06:00:00,3.47,,,,,
12544,07/30/2025 06:05:00,3.39,,,,,
12545,07/30/2025 06:10:00,3.34,,,,,
12546,07/30/2025 06:15:00,3.52,,,,,
12547,07/30/2025 06:20:00,3.43,,,,,
12548,07/30/2025 06:25:00,3.26,,,,,
12549,07/30/2025 06:30:00,3.52,,,,,
12550,07/30/2025 06:35:00,3.64,,,,,
12551,07/30/2025 06:40:00,3.47,,,,,
12552,07/30/2025 06:45:00,3.64,,,,,
12553,07/30/2025 06:50:00,3.77,,,,,
12554,07/30/2025 06:55:00,3.90,,,,,
12555,07/30/2025 07:00:00,4.03,,,,,
12556,07/30/2025 07:05:00,3.94,,,,,
12557,07/30/2025 07:10:00,3.94,,,,,
12558,07/30/2025 07:15:00,3.77,,,,,
12559,07/30/2025 07:20:00,4.07,,,,,
12560,07/30/2025 07:25:00,4.33,,,,,
12561,07/30/2025 07:30:00,4.42,,,,,
12562,07/30/2025 07:35:00,4.20,,,,,
12563,07/30/2025 07:40:00,4.50,,,,,
12564,07/30/2025 07:45:00,4.46,,,,,
12565,07/30/2025 07:50:00,4.29,,,,,
12566,07/30/2025 07:55:00,4.33,,,,,
12567,07/30/2025 08:00:00,4.59,,,,,
12568,07/30/2025 08:05:00,5.15,,,,,
12569,07/30/2025 08:10:00,4.97,,,,,
12570,07/30/2025 08:15:00,5.10,,,,,
12571,07/30/2025 08:20:00,5.49,,,,,
12572,07/30/2025 08:25:00,5.49,,,,,
12573,07/30/2025 08:30:00,5.19,,,,,
12574,07/30/2025 08:35:00,5.23,,,,,
12575,07/30/2025 08:40:00,5.32,,,,,
12576,07/30/2025 08:45:00,5.19,,,,,
12577,07/30/2025 08:50:00,5.83,,,,,
12578,07/30/2025 08:55:00,6.05,,,,,
12579,07/30/2025 09:00:00,5.79,,,,,
12580,07/30/2025 09:05:00,5.27,,,,,
12581,07/30/2025 09:10:00,5.15,,,,,
12582,07/30/2025 09:15:00,5.32,,,,,
12583,07/30/2025 09:20:00,5.19,,,,,
12584,07/30/2025 09:25:00,5.23,,,,,
12585,07/30/2025 09:30:00,5.19,,,,,
12586,07/30/2025 09:35:00,5.06,,,,,
12587,07/30/2025 09:40:00,4.97,,,,,
12588,07/30/2025 09:45:00,5.19,,,,,
12589,07/30/2025 09:50:00,5.70,,,,,
12590,07/30/2025 09:55:00,6.00,,,,,
12591,07/30/2025 10:00:00,5.87,,,,,
12592,07/30/2025 10:05:00,5.62,,,,,
12593,07/30/2025 10:10:00,5.36,,,,,
12594,07/30/2025 10:15:00,5.19,,,,,
12595,07/30/2025 10:20:00,5.19,,,,,
12596,07/30/2025 10:25:00,5.23,,,,,
12597,07/30/2025 10:30:00,5.66,,,,,
12598,07/30/2025 10:35:00,5.96,,,,,
12599,07/30/2025 10:40:00,5.83,,,,,
12600,07/30/2025 10:45:00,5.79,,,,,
12601,07/30/2025 10:50:00,6.00,,,,,
12602,07/30/2025 10:55:00,6.39,,,,,
12603,07/30/2025 11:00:00,6.30,,,,,
12604,07/30/2025 11:05:00,6.48,,,,,
12605,07/30/2025 11:10:00,6.09,,,,,
12606,07/30/2025 11:15:00,5.79,,,,,
12607,07/30/2025 11:20:00,5.79,,,,,
12608,07/30/2025 11:25:00,6.09,,,,,
12609,07/30/2025 11:30:00,5.96,,,,,
12610,07/30/2025 11:35:00,5.62,,,,,
12611,07/30/2025 11:40:00,5.45,,,,,
12612,07/30/2025 11:45:00,5.27,,,,,
12613,07/30/2025 11:50:00,5.45,,,,,
12614,07/30/2025 11:55:00,5.66,,,,,
12615,07/30/2025 12:00:00,5.62,,,,,
12616,07/30/2025 12:05:00,6.35,,,,,
12617,07/30/2025 12:10:00,6.48,,,,,
12618,07/30/2025 12:15:00,6.26,,,,,
12619,07/30/2025 12:20:00,6.39,,,,,
12620,07/30/2025 12:25:00,6.35,,,,,
12621,07/30/2025 12:30:00,6.65,,,,,
12622,07/30/2025 12:35:00,6.95,,,,,
12623,07/30/2025 12:40:00,6.90,,,,,
12624,07/30/2025 12:45:00,7.29,,,,,
12625,07/30/2025 12:50:00,7.55,,,,,
12626,07/30/2025 12:55:00,7.81,,,,,
12627,07/30/2025 13:00:00,8.28,,,,,
12628,07/30/2025 13:05:00,7.42,,,,,
12629,07/30/2025 13:10:00,7.33,,,,,
12630,07/30/2025 13:15:00,6.95,,,,,
12631,07/30/2025 13:20:00,6.30,,,,,
12632,07/30/2025 13:25:00,6.69,,,,,
12633,07/30/2025 13:30:00,6.69,,,,,
12634,07/30/2025 13:35:00,6.39,,,,,
12635,07/30/2025 13:40:00,6.26,,,,,
12636,07/30/2025 13:45:00,5.96,,,,,
12637,07/30/2025 13:50:00,6.30,,,,,
12638,07/30/2025 13:55:00,6.60,,,,,
12639,07/30/2025 14:00:00,6.22,,,,,
12640,07/30/2025 14:05:00,6.39,,,,,
12641,07/30/2025 14:10:00,6.82,,,,,
12642,07/30/2025 14:15:00,7.16,,,,,
12643,07/30/2025 14:20:00,7.46,,,,,
12644,07/30/2025 14:25:00,7.38,,,,,
12645,07/30/2025 14:30:00,6.95,,,,,
12646,07/30/2025 14:35:00,6.82,,,,,
12647,07/30/2025 14:40:00,6.60,,,,,
12648,07/30/2025 14:45:00,6.43,,,,,
12649,07/30/2025 14:50:00,6.52,,,,,
12650,07/30/2025 14:55:00,6.52,,,,,
12651,07/30/2025 15:00:00,6.17,,,,,
12652,07/30/2025 15:05:00,5.75,,,,,
12653,07/30/2025 15:10:00,5.75,,,,,
12654,07/30/2025 15:15:00,5.79,,,,,
12655,07/30/2025 15:20:00,5.92,,,,,
12656,07/30/2025 15:25:00,5.96,,,,,
12657,07/30/2025 15:30:00,5.75,,,,,
12658,07/30/2025 15:35:00,5.53,,,,,
12659,07/30/2025 15:40:00,5.66,,,,,
12660,07/30/2025 15:45:00,6.13,,,,,
12661,07/30/2025 15:50:00,6.13,,,,,
12662,07/30/2025 15:55:00,5.62,,,,,
12663,07/30/2025 16:00:00,5.66,,,,,
12664,07/30/2025 16:05:00,5.83,,,,,
12665,07/30/2025 16:10:00,6.22,,,,,
12666,07/30/2025 16:15:00,5.79,,,,,
12667,07/30/2025 16:20:00,5.32,,,,,
12668,07/30/2025 16:25:00,4.89,,,,,
12669,07/30/2025 16:30:00,4.84,,,,,
12670,07/30/2025 16:35:00,4.72,,,,,
12671,07/30/2025 16:40:00,4.54,,,,,
12672,07/30/2025 16:45:00,4.67,,,,,
12673,07/30/2025 16:50:00,4.63,,,,,
12674,07/30/2025 16:55:00,5.02,,,,,
12675,07/30/2025 17:00:00,5.32,,,,,
12676,07/30/2025 17:05:00,5.87,,,,,
12677,07/30/2025 17:10:00,5.75,,,,,
12678,07/30/2025 17:15:00,5.57,,,,,
12679,07/30/2025 17:20:00,5.06,,,,,
12680,07/30/2025 17:25:00,4.63,,,,,
12681,07/30/2025 17:30:00,4.59,,,,,
12682,07/30/2025 17:35:00,4.63,,,,,
12683,07/30/2025 17:40:00,4.20,,,,,
12684,07/30/2025 17:45:00,4.12,,,,,
12685,07/30/2025 17:50:00,3.94,,,,,
12686,07/30/2025 17:55:00,4.42,,,,,
12687,07/30/2025 18:00:00,5.10,,,,,
12688,07/30/2025 18:05:00,4.63,,,,,
12689,07/30/2025 18:10:00,4.20,,,,,
12690,07/30/2025 18:15:00,3.94,,,,,
12691,07/30/2025 18:20:00,4.07,,,,,
12692,07/30/2025 18:25:00,4.16,,,,,
12693,07/30/2025 18:30:00,4.29,,,,,
12694,07/30/2025 18:35:00,4.59,,,,,
12695,07/30/2025 18:40:00,4.50,,,,,
12696,07/30/2025 18:45:00,4.54,,,,,
12697,07/30/2025 18:50:00,4.50,,,,,
12698,07/30/2025 18:55:00,4.12,,,,,
12699,07/30/2025 19:00:00,3.82,,,,,
12700,07/30/2025 19:05:00,4.24,,,,,
12701,07/30/2025 19:10:00,4.89,,,,,
12702,07/30/2025 19:15:00,5.75,,,,,
12703,07/30/2025 19:20:00,5.23,,,,,
12704,07/30/2025 19:25:00,4.80,,,,,
12705,07/30/2025 19:30:00,5.10,,,,,
12706,07/30/2025 19:35:00,4.59,,,,,
12707,07/30/2025 19:40:00,3.99,,,,,
12708,07/30/2025 19:45:00,3.94,,,,,
12709,07/30/2025 19:50:00,4.16,,,,,
12710,07/30/2025 19:55:00,3.86,,,,,
12711,07/30/2025 20:00:00,3.64,,,,,
12712,07/30/2025 20:05:00,3.52,,,,,
12713,07/30/2025 20:10:00,3.52,,,,,
12714,07/30/2025 20:15:00,3.47,,,,,
12715,07/30/2025 20:20:00,3.21,,,,,
12716,07/30/2025 20:25:00,3.30,,,,,
12717,07/30/2025 20:30:00,3.26,,,,,
12718,07/30/2025 20:35:00,3.39,,,,,
12719,07/30/2025 20:40:00,3.52,,,,,
12720,07/30/2025 20:45:00,3.30,,,,,
12721,07/30/2025 20:50:00,3.52,,,,,
12722,07/30/2025 20:55:00,3.69,,,,,
12723,07/30/2025 21:00:00,3.69,,,,,
12724,07/30/2025 21:05:00,3.73,,,,,
12725,07/30/2025 21:10:00,4.03,,,,,
12726,07/30/2025 21:15:00,4.29,,,,,
12727,07/30/2025 21:20:00,4.12,,,,,
12728,07/30/2025 21:25:00,3.82,,,,,
12729,07/30/2025 21:30:00,3.60,,,,,
12730,07/30/2025 21:35:00,3.56,,,,,
12731,07/30/2025 21:40:00,3.21,,,,,
12732,07/30/2025 21:45:00,3.99,,,,,
12733,07/30/2025 21:50:00,3.99,,,,,
12734,07/30/2025 21:55:00,3.86,,,,,
12735,07/30/2025 22:00:00,3.77,,,,,
12736,07/30/2025 22:05:00,4.50,,,,,
12737,07/30/2025 22:10:00,4.29,,,,,
12738,07/30/2025 22:15:00,4.80,,,,,
12739,07/30/2025 22:20:00,4.20,,,,,
12740,07/30/2025 22:25:00,4.20,,,,,
12741,07/30/2025 22:30:00,3.99,,,,,
12742,07/30/2025 22:35:00,3.73,,,,,
12743,07/30/2025 22:40:00,3.39,,,,,
12744,07/30/2025 22:45:00,3.09,,,,,
12745,07/30/2025 22:50:00,3.00,,,,,
12746,07/30/2025 22:55:00,3.04,,,,,
12747,07/30/2025 23:00:00,2.96,,,,,
12748,07/30/2025 23:05:00,3.04,,,,,
12749,07/30/2025 23:10:00,3.30,,,,,
12750,07/30/2025 23:15:00,3.47,,,,,
12751,07/30/2025 23:20:00,3.52,,,,,
12752,07/30/2025 23:25:00,3.43,,,,,
12753,07/30/2025 23:30:00,3.26,,,,,
12754,07/30/2025 23:35:00,3.00,,,,,
12755,07/30/2025 23:40:00,2.87,,,,,
12756,07/30/2025 23:45:00,2.91,,,,,
12757,07/30/2025 23:50:00,2.91,,,,,
12758,07/30/2025 23:55:00,2.91,,,,,
12759,07/31/2025 00:00:00,3.04,,,,,
12760,07/31/2025 00:05:00,3.09,,,,,
12761,07/31/2025 00:10:00,3.17,,,,,
12762,07/31/2025 00:15:00,3.00,,,,,
12763,07/31/2025 00:20:00,2.96,,,,,
12764,07/31/2025 00:25:00,3.00,,,,,
12765,07/31/2025 00:30:00,3.30,,,,,
12766,07/31/2025 00:35:00,3.56,,,,,
12767,07/31/2025 00:40:00,3.56,,,,,
12768,07/31/2025 00:45:00,3.34,,,,,
12769,07/31/2025 00:50:00,3.21,,,,,
12770,07/31/2025 00:55:00,3.00,,,,,
12771,07/31/2025 01:00:00,2.96,,,,,
12772,07/31/2025 01:05:00,2.96,,,,,
12773,07/31/2025 01:10:00,3.04,,,,,
12774,07/31/2025 01:15:00,3.34,,,,,
12775,07/31/2025 01:20:00,3.30,,,,,
12776,07/31/2025 01:25:00,3.00,,,,,
12777,07/31/2025 01:30:00,2.96,,,,,
12778,07/31/2025 01:35:00,3.04,,,,,
12779,07/31/2025 01:40:00,3.64,,,,,
12780,07/31/2025 01:45:00,3.99,,,,,
12781,07/31/2025 01:50:00,4.42,,,,,
12782,07/31/2025 01:55:00,5.02,,,,,
12783,07/31/2025 02:00:00,5.10,,,,,
12784,07/31/2025 02:05:00,4.93,,,,,
12785,07/31/2025 02:10:00,4.50,,,,,
12786,07/31/2025 02:15:00,4.07,,,,,
12787,07/31/2025 02:20:00,3.94,,,,,
12788,07/31/2025 02:25:00,4.33,,,,,
12789,07/31/2025 02:30:00,4.37,,,,,
12790,07/31/2025 02:35:00,4.24,,,,,
12791,07/31/2025 02:40:00,4.37,,,,,
12792,07/31/2025 02:45:00,4.29,,,,,
12793,07/31/2025 02:50:00,4.37,,,,,
12794,07/31/2025 02:55:00,4.50,,,,,
12795,07/31/2025 03:00:00,4.37,,,,,
12796,07/31/2025 03:05:00,4.33,,,,,
12797,07/31/2025 03:10:00,4.46,,,,,
12798,07/31/2025 03:15:00,4.24,,,,,
12799,07/31/2025 03:20:00,3.86,,,,,
12800,07/31/2025 03:25:00,3.47,,,,,
12801,07/31/2025 03:30:00,3.64,,,,,
12802,07/31/2025 03:35:00,3.56,,,,,
12803,07/31/2025 03:40:00,3.86,,,,,
12804,07/31/2025 03:45:00,4.29,,,,,
12805,07/31/2025 03:50:00,3.77,,,,,
12806,07/31/2025 03:55:00,3.39,,,,,
12807,07/31/2025 04:00:00,2.83,,,,,
12808,07/31/2025 04:05:00,2.36,,,,,
12809,07/31/2025 04:10:00,2.27,,,,,
12810,07/31/2025 04:15:00,2.23,,,,,
12811,07/31/2025 04:20:00,2.23,,,,,
12812,07/31/2025 04:25:00,2.31,,,,,
12813,07/31/2025 04:30:00,2.23,,,,,
12814,07/31/2025 04:35:00,2.27,,,,,
12815,07/31/2025 04:40:00,2.31,,,,,
12816,07/31/2025 04:45:00,2.53,,,,,
12817,07/31/2025 04:50:00,2.44,,,,,
12818,07/31/2025 04:55:00,2.44,,,,,
12819,07/31/2025 05:00:00,2.40,,,,,
12820,07/31/2025 05:05:00,2.31,,,,,
12821,07/31/2025 05:10:00,2.27,,,,,
12822,07/31/2025 05:15:00,2.27,,,,,
12823,07/31/2025 05:20:00,2.44,,,,,
12824,07/31/2025 05:25:00,2.49,,,,,
12825,07/31/2025 05:30:00,2.44,,,,,
12826,07/31/2025 05:35:00,2.44,,,,,
12827,07/31/2025 05:40:00,2.44,,,,,
12828,07/31/2025 05:45:00,2.36,,,,,
12829,07/31/2025 05:50:00,2.49,,,,,
12830,07/31/2025 05:55:00,2.53,,,,,
12831,07/31/2025 06:00:00,2.49,,,,,
12832,07/31/2025 06:05:00,2.49,,,,,
12833,07/31/2025 06:10:00,2.44,,,,,
12834,07/31/2025 06:15:00,2.40,,,,,
12835,07/31/2025 06:20:00,2.36,,,,,
12836,07/31/2025 06:25:00,2.53,,,,,
12837,07/31/2025 06:30:00,2.74,,,,,
12838,07/31/2025 06:35:00,3.00,,,,,
12839,07/31/2025 06:40:00,3.30,,,,,
12840,07/31/2025 06:45:00,3.09,,,,,
12841,07/31/2025 06:50:00,3.00,,,,,
12842,07/31/2025 06:55:00,3.04,,,,,
12843,07/31/2025 07:00:00,3.00,,,,,
12844,07/31/2025 07:05:00,3.13,,,,,
12845,07/31/2025 07:10:00,3.13,,,,,
12846,07/31/2025 07:15:00,3.17,,,,,
12847,07/31/2025 07:20:00,3.17,,,,,
12848,07/31/2025 07:25:00,3.21,,,,,
12849,07/31/2025 07:30:00,3.26,,,,,
12850,07/31/2025 07:35:00,3.34,,,,,
12851,07/31/2025 07:40:00,3.34,,,,,
12852,07/31/2025 07:45:00,3.34,,,,,
12853,07/31/2025 07:50:00,3.52,,,,,
12854,07/31/2025 07:55:00,3.86,,,,,
12855,07/31/2025 08:00:00,3.99,,,,,
12856,07/31/2025 08:05:00,4.07,,,,,
12857,07/31/2025 08:10:00,4.37,,,,,
12858,07/31/2025 08:15:00,4.54,,,,,
12859,07/31/2025 08:20:00,4.97,,,,,
12860,07/31/2025 08:25:00,4.97,,,,,
12861,07/31/2025 08:30:00,4.76,,,,,
12862,07/31/2025 08:35:00,4.50,,,,,
12863,07/31/2025 08:40:00,4.33,,,,,
12864,07/31/2025 08:45:00,4.63,,,,,
12865,07/31/2025 08:50:00,5.06,,,,,
12866,07/31/2025 08:55:00,5.19,,,,,
12867,07/31/2025 09:00:00,4.84,,,,,
12868,07/31/2025 09:05:00,5.62,,,,,
12869,07/31/2025 09:10:00,6.22,,,,,
12870,07/31/2025 09:15:00,6.22,,,,,
12871,07/31/2025 09:20:00,6.48,,,,,
12872,07/31/2025 09:25:00,6.17,,,,,
12873,07/31/2025 09:30:00,6.22,,,,,
12874,07/31/2025 09:35:00,6.22,,,,,
12875,07/31/2025 09:40:00,6.00,,,,,
12876,07/31/2025 09:45:00,6.39,,,,,
12877,07/31/2025 09:50:00,6.56,,,,,
12878,07/31/2025 09:55:00,6.48,,,,,
12879,07/31/2025 10:00:00,6.95,,,,,
12880,07/31/2025 10:05:00,7.89,,,,,
12881,07/31/2025 10:10:00,9.22,,,,,
12882,07/31/2025 10:15:00,10.04,,,,,
12883,07/31/2025 10:20:00,9.91,,,,,
12884,07/31/2025 10:25:00,9.44,,,,,
12885,07/31/2025 10:30:00,9.05,,,,,
12886,07/31/2025 10:35:00,8.41,,,,,
12887,07/31/2025 10:40:00,9.14,,,,,
12888,07/31/2025 10:45:00,9.09,,,,,
12889,07/31/2025 10:50:00,8.32,,,,,
12890,07/31/2025 10:55:00,7.63,,,,,
12891,07/31/2025 11:00:00,7.55,,,,,
12892,07/31/2025 11:05:00,7.38,,,,,
12893,07/31/2025 11:10:00,6.56,,,,,
12894,07/31/2025 11:15:00,6.26,,,,,
12895,07/31/2025 11:20:00,6.09,,,,,
12896,07/31/2025 11:25:00,5.96,,,,,
12897,07/31/2025 11:30:00,5.53,,,,,
12898,07/31/2025 11:35:00,5.40,,,,,
12899,07/31/2025 11:40:00,5.70,,,,,
12900,07/31/2025 11:45:00,5.75,,,,,
12901,07/31/2025 11:50:00,5.70,,,,,
12902,07/31/2025 11:55:00,5.79,,,,,
12903,07/31/2025 12:00:00,5.96,,,,,
12904,07/31/2025 12:05:00,6.30,,,,,
12905,07/31/2025 12:10:00,6.60,,,,,
12906,07/31/2025 12:15:00,6.69,,,,,
12907,07/31/2025 12:20:00,6.99,,,,,
12908,07/31/2025 12:25:00,6.73,,,,,
12909,07/31/2025 12:30:00,7.25,,,,,
12910,07/31/2025 12:35:00,7.16,,,,,
12911,07/31/2025 12:40:00,6.86,,,,,
12912,07/31/2025 12:45:00,7.29,,,,,
12913,07/31/2025 12:50:00,7.81,,,,,
12914,07/31/2025 12:55:00,7.89,,,,,
12915,07/31/2025 13:00:00,7.46,,,,,
12916,07/31/2025 13:05:00,6.69,,,,,
12917,07/31/2025 13:10:00,6.13,,,,,
12918,07/31/2025 13:15:00,5.53,,,,,
12919,07/31/2025 13:20:00,5.45,,,,,
12920,07/31/2025 13:25:00,5.70,,,,,
12921,07/31/2025 13:30:00,5.66,,,,,
12922,07/31/2025 13:35:00,5.23,,,,,
12923,07/31/2025 13:40:00,5.36,,,,,
12924,07/31/2025 13:45:00,5.87,,,,,
12925,07/31/2025 13:50:00,5.70,,,,,
12926,07/31/2025 13:55:00,6.00,,,,,
12927,07/31/2025 14:00:00,6.09,,,,,
12928,07/31/2025 14:05:00,5.53,,,,,
12929,07/31/2025 14:10:00,5.19,,,,,
12930,07/31/2025 14:15:00,4.97,,,,,
12931,07/31/2025 14:20:00,4.80,,,,,
12932,07/31/2025 14:25:00,4.72,,,,,
12933,07/31/2025 14:30:00,4.84,,,,,
12934,07/31/2025 14:35:00,4.89,,,,,
12935,07/31/2025 14:40:00,4.84,,,,,
12936,07/31/2025 14:45:00,4.97,,,,,
12937,07/31/2025 14:50:00,5.02,,,,,
12938,07/31/2025 14:55:00,4.76,,,,,
12939,07/31/2025 15:00:00,4.54,,,,,
12940,07/31/2025 15:05:00,4.63,,,,,
12941,07/31/2025 15:10:00,4.97,,,,,
12942,07/31/2025 15:15:00,4.54,,,,,
12943,07/31/2025 15:20:00,4.72,,,,,
12944,07/31/2025 15:25:00,5.02,,,,,
12945,07/31/2025 15:30:00,5.32,,,,,
12946,07/31/2025 15:35:00,4.97,,,,,
12947,07/31/2025 15:40:00,4.84,,,,,
12948,07/31/2025 15:45:00,5.10,,,,,
12949,07/31/2025 15:50:00,5.36,,,,,
12950,07/31/2025 15:55:00,5.36,,,,,
12951,07/31/2025 16:00:00,5.57,,,,,
12952,07/31/2025 16:05:00,5.92,,,,,
12953,07/31/2025 16:10:00,5.57,,,,,
12954,07/31/2025 16:15:00,5.40,,,,,
12955,07/31/2025 16:20:00,5.49,,,,,
12956,07/31/2025 16:25:00,5.57,,,,,
12957,07/31/2025 16:30:00,5.06,,,,,
12958,07/31/2025 16:35:00,4.93,,,,,
12959,07/31/2025 16:40:00,4.42,,,,,
12960,07/31/2025 16:45:00,4.46,,,,,
12961,07/31/2025 16:50:00,4.42,,,,,
12962,07/31/2025 16:55:00,4.54,,,,,
12963,07/31/2025 17:00:00,4.42,,,,,
12964,07/31/2025 17:05:00,4.16,,,,,
12965,07/31/2025 17:10:00,4.03,,,,,
12966,07/31/2025 17:15:00,4.12,,,,,
12967,07/31/2025 17:20:00,4.29,,,,,
12968,07/31/2025 17:25:00,4.33,,,,,
12969,07/31/2025 17:30:00,3.99,,,,,
12970,07/31/2025 17:35:00,3.90,,,,,
12971,07/31/2025 17:40:00,4.03,,,,,
12972,07/31/2025 17:45:00,4.12,,,,,
12973,07/31/2025 17:50:00,3.90,,,,,
12974,07/31/2025 17:55:00,3.73,,,,,
12975,07/31/2025 18:00:00,3.34,,,,,
12976,07/31/2025 18:05:00,3.21,,,,,
12977,07/31/2025 18:10:00,3.21,,,,,
12978,07/31/2025 18:15:00,3.21,,,,,
12979,07/31/2025 18:20:00,2.91,,,,,
12980,07/31/2025 18:25:00,3.34,,,,,
12981,07/31/2025 18:30:00,3.43,,,,,
12982,07/31/2025 18:35:00,3.56,,,,,
12983,07/31/2025 18:40:00,3.43,,,,,
12984,07/31/2025 18:45:00,3.21,,,,,
12985,07/31/2025 18:50:00,3.26,,,,,
12986,07/31/2025 18:55:00,3.34,,,,,
12987,07/31/2025 19:00:00,3.39,,,,,
12988,07/31/2025 19:05:00,3.39,,,,,
12989,07/31/2025 19:10:00,3.30,,,,,
12990,07/31/2025 19:15:00,3.47,,,,,
12991,07/31/2025 19:20:00,3.39,,,,,
12992,07/31/2025 19:25:00,3.47,,,,,
12993,07/31/2025 19:30:00,3.60,,,,,
12994,07/31/2025 19:35:00,3.56,,,,,
12995,07/31/2025 19:40:00,3.99,,,,,
12996,07/31/2025 19:45:00,4.03,,,,,
12997,07/31/2025 19:50:00,3.73,,,,,
12998,07/31/2025 19:55:00,3.77,,,,,
12999,07/31/2025 20:00:00,3.34,,,,,
13000,07/31/2025 20:05:00,3.26,,,,,
13001,07/31/2025 20:10:00,3.26,,,,,
13002,07/31/2025 20:15:00,3.17,,,,,
13003,07/31/2025 20:20:00,3.21,,,,,
13004,07/31/2025 20:25:00,3.21,,,,,
13005,07/31/2025 20:30:00,3.26,,,,,
13006,07/31/2025 20:35:00,3.21,,,,,
13007,07/31/2025 20:40:00,3.00,,,,,
13008,07/31/2025 20:45:00,2.91,,,,,
13009,07/31/2025 20:50:00,2.96,,,,,
13010,07/31/2025 20:55:00,2.83,,,,,
13011,07/31/2025 21:00:00,2.70,,,,,
13012,07/31/2025 21:05:00,2.74,,,,,
13013,07/31/2025 21:10:00,2.74,,,,,
13014,07/31/2025 21:15:00,2.74,,,,,
13015,07/31/2025 21:20:00,2.83,,,,,
13016,07/31/2025 21:25:00,2.79,,,,,
13017,07/31/2025 21:30:00,2.96,,,,,
13018,07/31/2025 21:35:00,2.96,,,,,
13019,07/31/2025 21:40:00,2.83,,,,,
13020,07/31/2025 21:45:00,2.74,,,,,
13021,07/31/2025 21:50:00,2.83,,,,,
13022,07/31/2025 21:55:00,2.91,,,,,
13023,07/31/2025 22:00:00,2.87,,,,,
13024,07/31/2025 22:05:00,3.17,,,,,
13025,07/31/2025 22:10:00,3.21,,,,,
13026,07/31/2025 22:15:00,3.09,,,,,
13027,07/31/2025 22:20:00,2.96,,,,,
13028,07/31/2025 22:25:00,2.70,,,,,
13029,07/31/2025 22:30:00,2.74,,,,,
13030,07/31/2025 22:35:00,2.83,,,,,
13031,07/31/2025 22:40:00,2.83,,,,,
13032,07/31/2025 22:45:00,2.70,,,,,
13033,07/31/2025 22:50:00,2.79,,,,,
13034,07/31/2025 22:55:00,2.83,,,,,
13035,07/31/2025 23:00:00,2.96,,,,,
13036,07/31/2025 23:05:00,3.82,,,,,
13037,07/31/2025 23:10:00,4.72,,,,,
13038,07/31/2025 23:15:00,4.33,,,,,
13039,07/31/2025 23:20:00,3.64,,,,,
13040,07/31/2025 23:25:00,3.47,,,,,
13041,07/31/2025 23:30:00,3.47,,,,,
13042,07/31/2025 23:35:00,3.13,,,,,
13043,07/31/2025 23:40:00,2.96,,,,,
13044,07/31/2025 23:45:00,2.96,,,,,
13045,07/31/2025 23:50:00,3.04,,,,,
13046,07/31/2025 23:55:00,3.04,,,,,
13047,08/01/2025 00:00:00,3.21,,,,,
13048,08/01/2025 00:05:00,3.47,,,,,
13049,08/01/2025 00:10:00,3.34,,,,,
13050,08/01/2025 00:15:00,3.26,,,,,
13051,08/01/2025 00:20:00,3.21,,,,,
13052,08/01/2025 00:25:00,3.47,,,,,
13053,08/01/2025 00:30:00,3.77,,,,,
13054,08/01/2025 00:35:00,4.16,,,,,
13055,08/01/2025 00:40:00,4.42,,,,,
13056,08/01/2025 00:45:00,4.54,,,,,
13057,08/01/2025 00:50:00,4.80,,,,,
13058,08/01/2025 00:55:00,5.15,,,,,
13059,08/01/2025 01:00:00,4.84,,,,,
13060,08/01/2025 01:05:00,4.63,,,,,
13061,08/01/2025 01:10:00,4.03,,,,,
13062,08/01/2025 01:15:00,4.33,,,,,
13063,08/01/2025 01:20:00,4.29,,,,,
13064,08/01/2025 01:25:00,3.73,,,,,
13065,08/01/2025 01:30:00,3.43,,,,,
13066,08/01/2025 01:35:00,3.56,,,,,
13067,08/01/2025 01:40:00,3.64,,,,,
13068,08/01/2025 01:45:00,4.12,,,,,
13069,08/01/2025 01:50:00,4.50,,,,,
13070,08/01/2025 01:55:00,4.29,,,,,
13071,08/01/2025 02:00:00,3.90,,,,,
13072,08/01/2025 02:05:00,3.30,,,,,
13073,08/01/2025 02:10:00,3.34,,,,,
13074,08/01/2025 02:15:00,3.26,,,,,
13075,08/01/2025 02:20:00,3.43,,,,,
13076,08/01/2025 02:25:00,4.07,,,,,
13077,08/01/2025 02:30:00,4.33,,,,,
13078,08/01/2025 02:35:00,4.46,,,,,
13079,08/01/2025 02:40:00,4.80,,,,,
13080,08/01/2025 02:45:00,4.76,,,,,
13081,08/01/2025 02:50:00,3.94,,,,,
13082,08/01/2025 02:55:00,3.99,,,,,
13083,08/01/2025 03:00:00,4.20,,,,,
13084,08/01/2025 03:05:00,4.33,,,,,
13085,08/01/2025 03:10:00,3.86,,,,,
13086,08/01/2025 03:15:00,3.21,,,,,
13087,08/01/2025 03:20:00,2.87,,,,,
13088,08/01/2025 03:25:00,2.40,,,,,
13089,08/01/2025 03:30:00,2.57,,,,,
13090,08/01/2025 03:35:00,2.66,,,,,
13091,08/01/2025 03:40:00,2.79,,,,,
13092,08/01/2025 03:45:00,2.79,,,,,
13093,08/01/2025 03:50:00,2.83,,,,,
13094,08/01/2025 03:55:00,2.61,,,,,
13095,08/01/2025 04:00:00,2.57,,,,,
13096,08/01/2025 04:05:00,2.57,,,,,
13097,08/01/2025 04:10:00,2.44,,,,,
13098,08/01/2025 04:15:00,2.49,,,,,
13099,08/01/2025 04:20:00,2.49,,,,,
13100,08/01/2025 04:25:00,2.40,,,,,
13101,08/01/2025 04:30:00,2.57,,,,,
13102,08/01/2025 04:35:00,3.04,,,,,
13103,08/01/2025 04:40:00,3.30,,,,,
13104,08/01/2025 04:45:00,3.69,,,,,
13105,08/01/2025 04:50:00,3.77,,,,,
13106,08/01/2025 04:55:00,3.77,,,,,
13107,08/01/2025 05:00:00,3.82,,,,,
13108,08/01/2025 05:05:00,3.90,,,,,
13109,08/01/2025 05:10:00,3.86,,,,,
13110,08/01/2025 05:15:00,3.77,,,,,
13111,08/01/2025 05:20:00,3.26,,,,,
13112,08/01/2025 05:25:00,2.74,,,,,
13113,08/01/2025 05:30:00,2.70,,,,,
13114,08/01/2025 05:35:00,2.61,,,,,
13115,08/01/2025 05:40:00,2.66,,,,,
13116,08/01/2025 05:45:00,2.74,,,,,
13117,08/01/2025 05:50:00,2.91,,,,,
13118,08/01/2025 05:55:00,3.09,,,,,
13119,08/01/2025 06:00:00,3.17,,,,,
13120,08/01/2025 06:05:00,3.04,,,,,
13121,08/01/2025 06:10:00,2.91,,,,,
13122,08/01/2025 06:15:00,2.83,,,,,
13123,08/01/2025 06:20:00,2.83,,,,,
13124,08/01/2025 06:25:00,2.87,,,,,
13125,08/01/2025 06:30:00,2.83,,,,,
13126,08/01/2025 06:35:00,2.79,,,,,
13127,08/01/2025 06:40:00,2.74,,,,,
13128,08/01/2025 06:45:00,2.79,,,,,
13129,08/01/2025 06:50:00,2.70,,,,,
13130,08/01/2025 06:55:00,2.61,,,,,
13131,08/01/2025 07:00:00,2.49,,,,,
13132,08/01/2025 07:05:00,2.44,,,,,
13133,08/01/2025 07:10:00,2.36,,,,,
13134,08/01/2025 07:15:00,2.36,,,,,
13135,08/01/2025 07:20:00,2.40,,,,,
13136,08/01/2025 07:25:00,2.40,,,,,
13137,08/01/2025 07:30:00,2.27,,,,,
13138,08/01/2025 07:35:00,2.36,,,,,
13139,08/01/2025 07:40:00,2.44,,,,,
13140,08/01/2025 07:45:00,2.40,,,,,
13141,08/01/2025 07:50:00,2.44,,,,,
13142,08/01/2025 07:55:00,2.70,,,,,
13143,08/01/2025 08:00:00,3.00,,,,,
13144,08/01/2025 08:05:00,3.30,,,,,
13145,08/01/2025 08:10:00,3.94,,,,,
13146,08/01/2025 08:15:00,4.50,,,,,
13147,08/01/2025 08:20:00,4.76,,,,,
13148,08/01/2025 08:25:00,4.93,,,,,
13149,08/01/2025 08:30:00,5.62,,,,,
13150,08/01/2025 08:35:00,6.13,,,,,
13151,08/01/2025 08:40:00,6.00,,,,,
13152,08/01/2025 08:45:00,5.92,,,,,
13153,08/01/2025 08:50:00,6.09,,,,,
13154,08/01/2025 08:55:00,6.05,,,,,
13155,08/01/2025 09:00:00,5.15,,,,,
13156,08/01/2025 09:05:00,4.97,,,,,
13157,08/01/2025 09:10:00,4.97,,,,,
13158,08/01/2025 09:15:00,4.89,,,,,
13159,08/01/2025 09:20:00,5.23,,,,,
13160,08/01/2025 09:25:00,5.40,,,,,
13161,08/01/2025 09:30:00,5.32,,,,,
13162,08/01/2025 09:35:00,5.19,,,,,
13163,08/01/2025 09:40:00,5.19,,,,,
13164,08/01/2025 09:45:00,5.40,,,,,
13165,08/01/2025 09:50:00,5.62,,,,,
13166,08/01/2025 09:55:00,5.49,,,,,
13167,08/01/2025 10:00:00,5.45,,,,,
13168,08/01/2025 10:05:00,5.70,,,,,
13169,08/01/2025 10:10:00,5.79,,,,,
13170,08/01/2025 10:15:00,5.66,,,,,
13171,08/01/2025 10:20:00,5.96,,,,,
13172,08/01/2025 10:25:00,6.09,,,,,
13173,08/01/2025 10:30:00,7.29,,,,,
13174,08/01/2025 10:35:00,8.23,,,,,
13175,08/01/2025 10:40:00,8.06,,,,,
13176,08/01/2025 10:45:00,7.12,,,,,
13177,08/01/2025 10:50:00,7.33,,,,,
13178,08/01/2025 10:55:00,7.72,,,,,
13179,08/01/2025 11:00:00,7.98,,,,,
13180,08/01/2025 11:05:00,8.79,,,,,
13181,08/01/2025 11:10:00,8.45,,,,,
13182,08/01/2025 11:15:00,8.28,,,,,
13183,08/01/2025 11:20:00,8.41,,,,,
13184,08/01/2025 11:25:00,8.66,,,,,
13185,08/01/2025 11:30:00,8.32,,,,,
13186,08/01/2025 11:35:00,8.49,,,,,
13187,08/01/2025 11:40:00,9.22,,,,,
13188,08/01/2025 11:45:00,9.91,,,,,
13189,08/01/2025 11:50:00,9.78,,,,,
13190,08/01/2025 11:55:00,9.69,,,,,
13191,08/01/2025 12:00:00,10.08,,,,,
13192,08/01/2025 12:05:00,9.86,,,,,
13193,08/01/2025 12:10:00,8.83,,,,,
13194,08/01/2025 12:15:00,9.31,,,,,
13195,08/01/2025 12:20:00,9.61,,,,,
13196,08/01/2025 12:25:00,11.75,,,,,
13197,08/01/2025 12:30:00,12.74,,,,,
13198,08/01/2025 12:35:00,11.97,,,,,
13199,08/01/2025 12:40:00,10.34,,,,,
13200,08/01/2025 12:45:00,10.34,,,,,
13201,08/01/2025 12:50:00,11.07,,,,,
13202,08/01/2025 12:55:00,11.07,,,,,
13203,08/01/2025 13:00:00,10.64,,,,,
13204,08/01/2025 13:05:00,10.34,,,,,
13205,08/01/2025 13:10:00,9.14,,,,,
13206,08/01/2025 13:15:00,8.28,,,,,
13207,08/01/2025 13:20:00,8.66,,,,,
13208,08/01/2025 13:25:00,8.36,,,,,
13209,08/01/2025 13:30:00,7.76,,,,,
13210,08/01/2025 13:35:00,7.63,,,,,
13211,08/01/2025 13:40:00,7.68,,,,,
13212,08/01/2025 13:45:00,7.59,,,,,
13213,08/01/2025 13:50:00,8.83,,,,,
13214,08/01/2025 13:55:00,9.69,,,,,
13215,08/01/2025 14:00:00,10.77,,,,,
13216,08/01/2025 14:05:00,10.89,,,,,
13217,08/01/2025 14:10:00,9.91,,,,,
13218,08/01/2025 14:15:00,8.58,,,,,
13219,08/01/2025 14:20:00,6.82,,,,,
13220,08/01/2025 14:25:00,5.66,,,,,
13221,08/01/2025 14:30:00,4.89,,,,,
13222,08/01/2025 14:35:00,4.50,,,,,
13223,08/01/2025 14:40:00,4.59,,,,,
13224,08/01/2025 14:45:00,5.62,,,,,
13225,08/01/2025 14:50:00,6.26,,,,,
13226,08/01/2025 14:55:00,5.32,,,,,
13227,08/01/2025 15:00:00,4.80,,,,,
13228,08/01/2025 15:05:00,4.54,,,,,
13229,08/01/2025 15:10:00,4.59,,,,,
13230,08/01/2025 15:15:00,4.76,,,,,
13231,08/01/2025 15:20:00,5.32,,,,,
13232,08/01/2025 15:25:00,5.06,,,,,
13233,08/01/2025 15:30:00,4.84,,,,,
13234,08/01/2025 15:35:00,4.97,,,,,
13235,08/01/2025 15:40:00,5.27,,,,,
13236,08/01/2025 15:45:00,6.17,,,,,
13237,08/01/2025 15:50:00,6.43,,,,,
13238,08/01/2025 15:55:00,6.09,,,,,
13239,08/01/2025 16:00:00,6.00,,,,,
13240,08/01/2025 16:05:00,6.09,,,,,
13241,08/01/2025 16:10:00,6.26,,,,,
13242,08/01/2025 16:15:00,6.30,,,,,
13243,08/01/2025 16:20:00,6.35,,,,,
13244,08/01/2025 16:25:00,6.05,,,,,
13245,08/01/2025 16:30:00,5.79,,,,,
13246,08/01/2025 16:35:00,5.53,,,,,
13247,08/01/2025 16:40:00,5.40,,,,,
13248,08/01/2025 16:45:00,5.27,,,,,
13249,08/01/2025 16:50:00,4.97,,,,,
13250,08/01/2025 16:55:00,4.84,,,,,
13251,08/01/2025 17:00:00,4.76,,,,,
13252,08/01/2025 17:05:00,4.59,,,,,
13253,08/01/2025 17:10:00,4.72,,,,,
13254,08/01/2025 17:15:00,4.59,,,,,
13255,08/01/2025 17:20:00,4.59,,,,,
13256,08/01/2025 17:25:00,4.67,,,,,
13257,08/01/2025 17:30:00,5.06,,,,,
13258,08/01/2025 17:35:00,5.70,,,,,
13259,08/01/2025 17:40:00,5.75,,,,,
13260,08/01/2025 17:45:00,5.83,,,,,
13261,08/01/2025 17:50:00,6.39,,,,,
13262,08/01/2025 17:55:00,6.60,,,,,
13263,08/01/2025 18:00:00,6.78,,,,,
13264,08/01/2025 18:05:00,5.79,,,,,
13265,08/01/2025 18:10:00,5.57,,,,,
13266,08/01/2025 18:15:00,6.09,,,,,
13267,08/01/2025 18:20:00,7.55,,,,,
13268,08/01/2025 18:25:00,7.68,,,,,
13269,08/01/2025 18:30:00,7.59,,,,,
13270,08/01/2025 18:35:00,7.29,,,,,
13271,08/01/2025 18:40:00,7.55,,,,,
13272,08/01/2025 18:45:00,8.28,,,,,
13273,08/01/2025 18:50:00,7.63,,,,,
13274,08/01/2025 18:55:00,6.90,,,,,
13275,08/01/2025 19:00:00,6.86,,,,,
13276,08/01/2025 19:05:00,6.78,,,,,
13277,08/01/2025 19:10:00,6.73,,,,,
13278,08/01/2025 19:15:00,6.99,,,,,
13279,08/01/2025 19:20:00,7.08,,,,,
13280,08/01/2025 19:25:00,6.69,,,,,
13281,08/01/2025 19:30:00,5.87,,,,,
13282,08/01/2025 19:35:00,5.10,,,,,
13283,08/01/2025 19:40:00,4.37,,,,,
13284,08/01/2025 19:45:00,3.56,,,,,
13285,08/01/2025 19:50:00,3.30,,,,,
13286,08/01/2025 19:55:00,3.34,,,,,
13287,08/01/2025 20:00:00,3.26,,,,,
13288,08/01/2025 20:05:00,2.87,,,,,
13289,08/01/2025 20:10:00,2.96,,,,,
13290,08/01/2025 20:15:00,2.83,,,,,
13291,08/01/2025 20:20:00,2.57,,,,,
13292,08/01/2025 20:25:00,2.44,,,,,
13293,08/01/2025 20:30:00,2.23,,,,,
13294,08/01/2025 20:35:00,2.27,,,,,
13295,08/01/2025 20:40:00,2.53,,,,,
13296,08/01/2025 20:45:00,2.66,,,,,
13297,08/01/2025 20:50:00,2.96,,,,,
13298,08/01/2025 20:55:00,2.96,,,,,
13299,08/01/2025 21:00:00,3.00,,,,,
13300,08/01/2025 21:05:00,3.04,,,,,
13301,08/01/2025 21:10:00,2.66,,,,,
13302,08/01/2025 21:15:00,2.53,,,,,
13303,08/01/2025 21:20:00,2.44,,,,,
13304,08/01/2025 21:25:00,2.19,,,,,
13305,08/01/2025 21:30:00,2.14,,,,,
13306,08/01/2025 21:35:00,1.88,,,,,
13307,08/01/2025 21:40:00,1.58,,,,,
13308,08/01/2025 21:45:00,1.58,,,,,
13309,08/01/2025 21:50:00,1.46,,,,,
13310,08/01/2025 21:55:00,1.46,,,,,
13311,08/01/2025 22:00:00,1.54,,,,,
13312,08/01/2025 22:05:00,1.58,,,,,
13313,08/01/2025 22:10:00,1.54,,,,,
13314,08/01/2025 22:15:00,1.63,,,,,
13315,08/01/2025 22:20:00,1.76,,,,,
13316,08/01/2025 22:25:00,1.84,,,,,
13317,08/01/2025 22:30:00,1.80,,,,,
13318,08/01/2025 22:35:00,1.71,,,,,
13319,08/01/2025 22:40:00,1.54,,,,,
13320,08/01/2025 22:45:00,1.63,,,,,
13321,08/01/2025 22:50:00,1.84,,,,,
13322,08/01/2025 22:55:00,2.14,,,,,
13323,08/01/2025 23:00:00,2.40,,,,,
13324,08/01/2025 23:05:00,2.36,,,,,
13325,08/01/2025 23:10:00,2.40,,,,,
13326,08/01/2025 23:15:00,2.44,,,,,
13327,08/01/2025 23:20:00,2.23,,,,,
13328,08/01/2025 23:25:00,1.84,,,,,
13329,08/01/2025 23:30:00,1.63,,,,,
13330,08/01/2025 23:35:00,1.28,,,,,
13331,08/01/2025 23:40:00,1.46,,,,,
13332,08/01/2025 23:45:00,1.54,,,,,
13333,08/01/2025 23:50:00,1.58,,,,,
13334,08/01/2025 23:55:00,1.76,,,,,
13335,08/02/2025 00:00:00,1.58,,,,,
13336,08/02/2025 00:05:00,1.50,,,,,
13337,08/02/2025 00:10:00,1.41,,,,,
13338,08/02/2025 00:15:00,1.20,,,,,
13339,08/02/2025 00:20:00,1.11,,,,,
13340,08/02/2025 00:25:00,0.94,,,,,
13341,08/02/2025 00:30:00,0.94,,,,,
13342,08/02/2025 00:35:00,1.20,,,,,
13343,08/02/2025 00:40:00,1.16,,,,,
13344,08/02/2025 00:45:00,0.90,,,,,
13345,08/02/2025 00:50:00,1.03,,,,,
13346,08/02/2025 00:55:00,0.98,,,,,
13347,08/02/2025 01:00:00,1.03,,,,,
13348,08/02/2025 01:05:00,1.16,,,,,
13349,08/02/2025 01:10:00,1.71,,,,,
13350,08/02/2025 01:15:00,2.06,,,,,
13351,08/02/2025 01:20:00,2.19,,,,,
13352,08/02/2025 01:25:00,2.23,,,,,
13353,08/02/2025 01:30:00,2.31,,,,,
13354,08/02/2025 01:35:00,2.14,,,,,
13355,08/02/2025 01:40:00,2.19,,,,,
13356,08/02/2025 01:45:00,2.10,,,,,
13357,08/02/2025 01:50:00,2.01,,,,,
13358,08/02/2025 01:55:00,2.06,,,,,
13359,08/02/2025 02:00:00,2.10,,,,,
13360,08/02/2025 02:05:00,1.84,,,,,
13361,08/02/2025 02:10:00,1.76,,,,,
13362,08/02/2025 02:15:00,1.71,,,,,
13363,08/02/2025 02:20:00,1.71,,,,,
13364,08/02/2025 02:25:00,1.71,,,,,
13365,08/02/2025 02:30:00,1.58,,,,,
13366,08/02/2025 02:35:00,1.46,,,,,
13367,08/02/2025 02:40:00,1.41,,,,,
13368,08/02/2025 02:45:00,1.46,,,,,
13369,08/02/2025 02:50:00,1.41,,,,,
13370,08/02/2025 02:55:00,1.54,,,,,
13371,08/02/2025 03:00:00,1.58,,,,,
13372,08/02/2025 03:05:00,1.50,,,,,
13373,08/02/2025 03:10:00,1.58,,,,,
13374,08/02/2025 03:15:00,1.46,,,,,
13375,08/02/2025 03:20:00,1.37,,,,,
13376,08/02/2025 03:25:00,1.41,,,,,
13377,08/02/2025 03:30:00,1.46,,,,,
13378,08/02/2025 03:35:00,1.33,,,,,
13379,08/02/2025 03:40:00,1.37,,,,,
13380,08/02/2025 03:45:00,1.33,,,,,
13381,08/02/2025 03:50:00,1.46,,,,,
13382,08/02/2025 03:55:00,1.67,,,,,
13383,08/02/2025 04:00:00,1.58,,,,,
13384,08/02/2025 04:05:00,1.93,,,,,
13385,08/02/2025 04:10:00,1.67,,,,,
13386,08/02/2025 04:15:00,1.76,,,,,
13387,08/02/2025 04:20:00,2.06,,,,,
13388,08/02/2025 04:25:00,2.31,,,,,
13389,08/02/2025 04:30:00,2.19,,,,,
13390,08/02/2025 04:35:00,2.10,,,,,
13391,08/02/2025 04:40:00,1.93,,,,,
13392,08/02/2025 04:45:00,2.01,,,,,
13393,08/02/2025 04:50:00,1.97,,,,,
13394,08/02/2025 04:55:00,2.01,,,,,
13395,08/02/2025 05:00:00,1.93,,,,,
13396,08/02/2025 05:05:00,1.88,,,,,
13397,08/02/2025 05:10:00,1.80,,,,,
13398,08/02/2025 05:15:00,1.71,,,,,
13399,08/02/2025 05:20:00,1.63,,,,,
13400,08/02/2025 05:25:00,1.63,,,,,
13401,08/02/2025 05:30:00,1.54,,,,,
13402,08/02/2025 05:35:00,1.58,,,,,
13403,08/02/2025 05:40:00,1.63,,,,,
13404,08/02/2025 05:45:00,1.58,,,,,
13405,08/02/2025 05:50:00,1.63,,,,,
13406,08/02/2025 05:55:00,1.63,,,,,
13407,08/02/2025 06:00:00,1.63,,,,,
13408,08/02/2025 06:05:00,1.67,,,,,
13409,08/02/2025 06:10:00,1.67,,,,,
13410,08/02/2025 06:15:00,1.76,,,,,
13411,08/02/2025 06:20:00,1.71,,,,,
13412,08/02/2025 06:25:00,1.71,,,,,
13413,08/02/2025 06:30:00,2.06,,,,,
13414,08/02/2025 06:35:00,2.49,,,,,
13415,08/02/2025 06:40:00,2.53,,,,,
13416,08/02/2025 06:45:00,2.49,,,,,
13417,08/02/2025 06:50:00,2.49,,,,,
13418,08/02/2025 06:55:00,2.40,,,,,
13419,08/02/2025 07:00:00,2.40,,,,,
13420,08/02/2025 07:05:00,2.44,,,,,
13421,08/02/2025 07:10:00,2.53,,,,,
13422,08/02/2025 07:15:00,2.53,,,,,
13423,08/02/2025 07:20:00,2.57,,,,,
13424,08/02/2025 07:25:00,2.40,,,,,
13425,08/02/2025 07:30:00,2.57,,,,,
13426,08/02/2025 07:35:00,3.17,,,,,
13427,08/02/2025 07:40:00,3.39,,,,,
13428,08/02/2025 07:45:00,3.39,,,,,
13429,08/02/2025 07:50:00,3.26,,,,,
13430,08/02/2025 07:55:00,3.09,,,,,
13431,08/02/2025 08:00:00,2.83,,,,,
13432,08/02/2025 08:05:00,2.96,,,,,
13433,08/02/2025 08:10:00,3.04,,,,,
13434,08/02/2025 08:15:00,3.26,,,,,
13435,08/02/2025 08:20:00,3.52,,,,,
13436,08/02/2025 08:25:00,3.56,,,,,
13437,08/02/2025 08:30:00,3.30,,,,,
13438,08/02/2025 08:35:00,3.39,,,,,
13439,08/02/2025 08:40:00,3.52,,,,,
13440,08/02/2025 08:45:00,3.64,,,,,
13441,08/02/2025 08:50:00,3.69,,,,,
13442,08/02/2025 08:55:00,3.90,,,,,
13443,08/02/2025 09:00:00,4.67,,,,,
13444,08/02/2025 09:05:00,4.72,,,,,
13445,08/02/2025 09:10:00,4.80,,,,,
13446,08/02/2025 09:15:00,4.84,,,,,
13447,08/02/2025 09:20:00,4.93,,,,,
13448,08/02/2025 09:25:00,5.49,,,,,
13449,08/02/2025 09:30:00,6.48,,,,,
13450,08/02/2025 09:35:00,6.05,,,,,
13451,08/02/2025 09:40:00,6.52,,,,,
13452,08/02/2025 09:45:00,7.29,,,,,
13453,08/02/2025 09:50:00,6.90,,,,,
13454,08/02/2025 09:55:00,7.20,,,,,
13455,08/02/2025 10:00:00,7.12,,,,,
13456,08/02/2025 10:05:00,6.90,,,,,
13457,08/02/2025 10:10:00,6.86,,,,,
13458,08/02/2025 10:15:00,6.86,,,,,
13459,08/02/2025 10:20:00,7.03,,,,,
13460,08/02/2025 10:25:00,7.12,,,,,
13461,08/02/2025 10:30:00,7.16,,,,,
13462,08/02/2025 10:35:00,7.08,,,,,
13463,08/02/2025 10:40:00,6.26,,,,,
13464,08/02/2025 10:45:00,6.35,,,,,
13465,08/02/2025 10:50:00,6.56,,,,,
13466,08/02/2025 10:55:00,7.33,,,,,
13467,08/02/2025 11:00:00,7.50,,,,,
13468,08/02/2025 11:05:00,7.76,,,,,
13469,08/02/2025 11:10:00,7.25,,,,,
13470,08/02/2025 11:15:00,7.08,,,,,
13471,08/02/2025 11:20:00,7.16,,,,,
13472,08/02/2025 11:25:00,6.99,,,,,
13473,08/02/2025 11:30:00,6.65,,,,,
13474,08/02/2025 11:35:00,6.56,,,,,
13475,08/02/2025 11:40:00,7.20,,,,,
13476,08/02/2025 11:45:00,6.90,,,,,
13477,08/02/2025 11:50:00,6.99,,,,,
13478,08/02/2025 11:55:00,7.55,,,,,
13479,08/02/2025 12:00:00,7.59,,,,,
13480,08/02/2025 12:05:00,7.29,,,,,
13481,08/02/2025 12:10:00,6.73,,,,,
13482,08/02/2025 12:15:00,8.06,,,,,
13483,08/02/2025 12:20:00,8.58,,,,,
13484,08/02/2025 12:25:00,7.25,,,,,
13485,08/02/2025 12:30:00,7.16,,,,,
13486,08/02/2025 12:35:00,6.99,,,,,
13487,08/02/2025 12:40:00,6.99,,,,,
13488,08/02/2025 12:45:00,6.56,,,,,
13489,08/02/2025 12:50:00,6.60,,,,,
13490,08/02/2025 12:55:00,6.78,,,,,
13491,08/02/2025 13:00:00,7.03,,,,,
13492,08/02/2025 13:05:00,6.73,,,,,
13493,08/02/2025 13:10:00,6.86,,,,,
13494,08/02/2025 13:15:00,6.73,,,,,
13495,08/02/2025 13:20:00,7.29,,,,,
13496,08/02/2025 13:25:00,7.89,,,,,
13497,08/02/2025 13:30:00,8.02,,,,,
13498,08/02/2025 13:35:00,7.85,,,,,
13499,08/02/2025 13:40:00,7.55,,,,,
13500,08/02/2025 13:45:00,6.90,,,,,
13501,08/02/2025 13:50:00,6.86,,,,,
13502,08/02/2025 13:55:00,7.50,,,,,
13503,08/02/2025 14:00:00,6.90,,,,,
13504,08/02/2025 14:05:00,6.56,,,,,
13505,08/02/2025 14:10:00,6.90,,,,,
13506,08/02/2025 14:15:00,6.48,,,,,
13507,08/02/2025 14:20:00,5.96,,,,,
13508,08/02/2025 14:25:00,6.43,,,,,
13509,08/02/2025 14:30:00,7.25,,,,,
13510,08/02/2025 14:35:00,5.79,,,,,
13511,08/02/2025 14:40:00,3.56,,,,,
13512,08/02/2025 14:45:00,4.42,,,,,
13513,08/02/2025 14:50:00,6.48,,,,,
13514,08/02/2025 14:55:00,8.53,,,,,
13515,08/02/2025 15:00:00,9.86,,,,,
13516,08/02/2025 15:05:00,11.15,,,,,
13517,08/02/2025 15:10:00,12.87,,,,,
13518,08/02/2025 15:15:00,14.15,,,,,
13519,08/02/2025 15:20:00,14.41,,,,,
13520,08/02/2025 15:25:00,13.98,,,,,
13521,08/02/2025 15:30:00,14.03,,,,,
13522,08/02/2025 15:35:00,13.77,,,,,
13523,08/02/2025 15:40:00,13.34,,,,,
13524,08/02/2025 15:45:00,13.25,,,,,
13525,08/02/2025 15:50:00,14.67,,,,,
13526,08/02/2025 15:55:00,15.83,,,,,
13527,08/02/2025 16:00:00,15.18,,,,,
13528,08/02/2025 16:05:00,14.33,,,,,
13529,08/02/2025 16:10:00,14.11,,,,,
13530,08/02/2025 16:15:00,14.41,,,,,
13531,08/02/2025 16:20:00,15.01,,,,,
13532,08/02/2025 16:25:00,15.87,,,,,
13533,08/02/2025 16:30:00,13.90,,,,,
13534,08/02/2025 16:35:00,13.77,,,,,
13535,08/02/2025 16:40:00,13.08,,,,,
13536,08/02/2025 16:45:00,13.73,,,,,
13537,08/02/2025 16:50:00,15.10,,,,,
13538,08/02/2025 16:55:00,16.26,,,,,
13539,08/02/2025 17:00:00,16.26,,,,,
13540,08/02/2025 17:05:00,16.13,,,,,
13541,08/02/2025 17:10:00,14.63,,,,,
13542,08/02/2025 17:15:00,14.33,,,,,
13543,08/02/2025 17:20:00,14.33,,,,,
13544,08/02/2025 17:25:00,13.00,,,,,
13545,08/02/2025 17:30:00,11.84,,,,,
13546,08/02/2025 17:35:00,11.88,,,,,
13547,08/02/2025 17:40:00,12.65,,,,,
13548,08/02/2025 17:45:00,11.19,,,,,
13549,08/02/2025 17:50:00,11.19,,,,,
13550,08/02/2025 17:55:00,11.45,,,,,
13551,08/02/2025 18:00:00,10.85,,,,,
13552,08/02/2025 18:05:00,6.90,,,,,
13553,08/02/2025 18:10:00,4.50,,,,,
13554,08/02/2025 18:15:00,4.93,,,,,
13555,08/02/2025 18:20:00,5.49,,,,,
13556,08/02/2025 18:25:00,5.75,,,,,
13557,08/02/2025 18:30:00,6.09,,,,,
13558,08/02/2025 18:35:00,5.70,,,,,
13559,08/02/2025 18:40:00,5.83,,,,,
13560,08/02/2025 18:45:00,5.53,,,,,
13561,08/02/2025 18:50:00,6.17,,,,,
13562,08/02/2025 18:55:00,5.15,,,,,
13563,08/02/2025 19:00:00,3.60,,,,,
13564,08/02/2025 19:05:00,3.13,,,,,
13565,08/02/2025 19:10:00,3.26,,,,,
13566,08/02/2025 19:15:00,4.50,,,,,
13567,08/02/2025 19:20:00,5.23,,,,,
13568,08/02/2025 19:25:00,6.22,,,,,
13569,08/02/2025 19:30:00,6.22,,,,,
13570,08/02/2025 19:35:00,6.30,,,,,
13571,08/02/2025 19:40:00,6.30,,,,,
13572,08/02/2025 19:45:00,5.62,,,,,
13573,08/02/2025 19:50:00,5.57,,,,,
13574,08/02/2025 19:55:00,5.53,,,,,
13575,08/02/2025 20:00:00,5.53,,,,,
13576,08/02/2025 20:05:00,5.53,,,,,
13577,08/02/2025 20:10:00,5.27,,,,,
13578,08/02/2025 20:15:00,5.32,,,,,
13579,08/02/2025 20:20:00,5.19,,,,,
13580,08/02/2025 20:25:00,4.84,,,,,
13581,08/02/2025 20:30:00,4.76,,,,,
13582,08/02/2025 20:35:00,4.93,,,,,
13583,08/02/2025 20:40:00,5.10,,,,,
13584,08/02/2025 20:45:00,4.93,,,,,
13585,08/02/2025 20:50:00,5.02,,,,,
13586,08/02/2025 20:55:00,4.76,,,,,
13587,08/02/2025 21:00:00,4.72,,,,,
13588,08/02/2025 21:05:00,4.67,,,,,
13589,08/02/2025 21:10:00,4.63,,,,,
13590,08/02/2025 21:15:00,4.59,,,,,
13591,08/02/2025 21:20:00,4.59,,,,,
13592,08/02/2025 21:25:00,4.72,,,,,
13593,08/02/2025 21:30:00,4.72,,,,,
13594,08/02/2025 21:35:00,4.59,,,,,
13595,08/02/2025 21:40:00,4.59,,,,,
13596,08/02/2025 21:45:00,4.67,,,,,
13597,08/02/2025 21:50:00,4.72,,,,,
13598,08/02/2025 21:55:00,4.76,,,,,
13599,08/02/2025 22:00:00,4.63,,,,,
13600,08/02/2025 22:05:00,4.72,,,,,
13601,08/02/2025 22:10:00,4.67,,,,,
13602,08/02/2025 22:15:00,4.76,,,,,
13603,08/02/2025 22:20:00,4.80,,,,,
13604,08/02/2025 22:25:00,4.76,,,,,
13605,08/02/2025 22:30:00,4.72,,,,,
13606,08/02/2025 22:35:00,4.42,,,,,
13607,08/02/2025 22:40:00,4.42,,,,,
13608,08/02/2025 22:45:00,4.89,,,,,
13609,08/02/2025 22:50:00,6.13,,,,,
13610,08/02/2025 22:55:00,7.33,,,,,
13611,08/02/2025 23:00:00,8.19,,,,,
13612,08/02/2025 23:05:00,8.66,,,,,
13613,08/02/2025 23:10:00,8.83,,,,,
13614,08/02/2025 23:15:00,8.88,,,,,
13615,08/02/2025 23:20:00,8.88,,,,,
13616,08/02/2025 23:25:00,8.83,,,,,
13617,08/02/2025 23:30:00,8.83,,,,,
13618,08/02/2025 23:35:00,8.79,,,,,
13619,08/02/2025 23:40:00,8.75,,,,,
13620,08/02/2025 23:45:00,8.66,,,,,
13621,08/02/2025 23:50:00,8.62,,,,,
13622,08/02/2025 23:55:00,8.53,,,,,
13623,08/03/2025 00:00:00,8.58,,,,,
13624,08/03/2025 00:05:00,8.49,,,,,
13625,08/03/2025 00:10:00,8.45,,,,,
13626,08/03/2025 00:15:00,8.41,,,,,
13627,08/03/2025 00:20:00,8.41,,,,,
13628,08/03/2025 00:25:00,8.36,,,,,
13629,08/03/2025 00:30:00,8.32,,,,,
13630,08/03/2025 00:35:00,8.36,,,,,
13631,08/03/2025 00:40:00,8.28,,,,,
13632,08/03/2025 00:45:00,8.28,,,,,
13633,08/03/2025 00:50:00,8.28,,,,,
13634,08/03/2025 00:55:00,8.23,,,,,
13635,08/03/2025 01:00:00,8.23,,,,,
13636,08/03/2025 01:05:00,8.15,,,,,
13637,08/03/2025 01:10:00,8.15,,,,,
13638,08/03/2025 01:15:00,8.15,,,,,
13639,08/03/2025 01:20:00,8.15,,,,,
13640,08/03/2025 01:25:00,8.15,,,,,
13641,08/03/2025 01:30:00,8.11,,,,,
13642,08/03/2025 01:35:00,8.11,,,,,
13643,08/03/2025 01:40:00,8.06,,,,,
13644,08/03/2025 01:45:00,8.11,,,,,
13645,08/03/2025 01:50:00,8.06,,,,,
13646,08/03/2025 01:55:00,8.06,,,,,
13647,08/03/2025 02:00:00,8.02,,,,,
13648,08/03/2025 02:05:00,8.02,,,,,
13649,08/03/2025 02:10:00,8.02,,,,,
13650,08/03/2025 02:15:00,7.98,,,,,
13651,08/03/2025 02:20:00,7.98,,,,,
13652,08/03/2025 02:25:00,7.98,,,,,
13653,08/03/2025 02:30:00,7.98,,,,,
13654,08/03/2025 02:35:00,7.98,,,,,
13655,08/03/2025 02:40:00,8.02,,,,,
13656,08/03/2025 02:45:00,7.89,,,,,
13657,08/03/2025 02:50:00,7.85,,,,,
13658,08/03/2025 02:55:00,7.93,,,,,
13659,08/03/2025 03:00:00,7.89,,,,,
13660,08/03/2025 03:05:00,7.89,,,,,
13661,08/03/2025 03:10:00,7.89,,,,,
13662,08/03/2025 03:15:00,7.85,,,,,
13663,08/03/2025 03:20:00,7.89,,,,,
13664,08/03/2025 03:25:00,7.85,,,,,
13665,08/03/2025 03:30:00,7.85,,,,,
13666,08/03/2025 03:35:00,7.81,,,,,
13667,08/03/2025 03:40:00,7.81,,,,,
13668,08/03/2025 03:45:00,7.76,,,,,
13669,08/03/2025 03:50:00,7.81,,,,,
13670,08/03/2025 03:55:00,7.85,,,,,
13671,08/03/2025 04:00:00,7.76,,,,,
13672,08/03/2025 04:05:00,7.76,,,,,
13673,08/03/2025 04:10:00,7.72,,,,,
13674,08/03/2025 04:15:00,7.76,,,,,
13675,08/03/2025 04:20:00,7.76,,,,,
13676,08/03/2025 04:25:00,7.72,,,,,
13677,08/03/2025 04:30:00,7.72,,,,,
13678,08/03/2025 04:35:00,7.72,,,,,
13679,08/03/2025 04:40:00,7.68,,,,,
13680,08/03/2025 04:45:00,7.68,,,,,
13681,08/03/2025 04:50:00,7.68,,,,,
13682,08/03/2025 04:55:00,7.68,,,,,
13683,08/03/2025 05:00:00,7.63,,,,,
13684,08/03/2025 05:05:00,7.63,,,,,
13685,08/03/2025 05:10:00,7.63,,,,,
13686,08/03/2025 05:15:00,7.68,,,,,
13687,08/03/2025 05:20:00,7.63,,,,,
13688,08/03/2025 05:25:00,7.59,,,,,
13689,08/03/2025 05:30:00,7.55,,,,,
13690,08/03/2025 05:35:00,7.59,,,,,
13691,08/03/2025 05:40:00,7.63,,,,,
13692,08/03/2025 05:45:00,7.55,,,,,
13693,08/03/2025 05:50:00,7.55,,,,,
13694,08/03/2025 05:55:00,7.50,,,,,
13695,08/03/2025 06:00:00,7.59,,,,,
13696,08/03/2025 06:05:00,7.55,,,,,
13697,08/03/2025 06:10:00,7.50,,,,,
13698,08/03/2025 06:15:00,7.50,,,,,
13699,08/03/2025 06:20:00,7.50,,,,,
13700,08/03/2025 06:25:00,7.46,,,,,
13701,08/03/2025 06:30:00,7.46,,,,,
13702,08/03/2025 06:35:00,7.46,,,,,
13703,08/03/2025 06:40:00,7.46,,,,,
13704,08/03/2025 06:45:00,7.46,,,,,
13705,08/03/2025 06:50:00,7.42,,,,,
13706,08/03/2025 06:55:00,7.42,,,,,
13707,08/03/2025 07:00:00,7.46,,,,,
13708,08/03/2025 07:05:00,7.46,,,,,
13709,08/03/2025 07:10:00,7.42,,,,,
13710,08/03/2025 07:15:00,7.42,,,,,
13711,08/03/2025 07:20:00,7.42,,,,,
13712,08/03/2025 07:25:00,7.46,,,,,
13713,08/03/2025 07:30:00,7.46,,,,,
13714,08/03/2025 07:35:00,7.46,,,,,
13715,08/03/2025 07:40:00,7.50,,,,,
13716,08/03/2025 07:45:00,7.46,,,,,
13717,08/03/2025 07:50:00,7.50,,,,,
13718,08/03/2025 07:55:00,7.46,,,,,
13719,08/03/2025 08:00:00,7.55,,,,,
13720,08/03/2025 08:05:00,7.55,,,,,
13721,08/03/2025 08:10:00,7.59,,,,,
13722,08/03/2025 08:15:00,7.55,,,,,
13723,08/03/2025 08:20:00,7.55,,,,,
13724,08/03/2025 08:25:00,7.59,,,,,
13725,08/03/2025 08:30:00,7.63,,,,,
13726,08/03/2025 08:35:00,7.68,,,,,
13727,08/03/2025 08:40:00,7.68,,,,,
13728,08/03/2025 08:45:00,7.68,,,,,
13729,08/03/2025 08:50:00,7.63,,,,,
13730,08/03/2025 08:55:00,7.72,,,,,
13731,08/03/2025 09:00:00,7.68,,,,,
13732,08/03/2025 09:05:00,7.63,,,,,
13733,08/03/2025 09:10:00,7.68,,,,,
13734,08/03/2025 09:15:00,7.68,,,,,
13735,08/03/2025 09:20:00,7.68,,,,,
13736,08/03/2025 09:25:00,7.68,,,,,
13737,08/03/2025 09:30:00,7.68,,,,,
13738,08/03/2025 09:35:00,7.63,,,,,
13739,08/03/2025 09:40:00,7.63,,,,,
13740,08/03/2025 09:45:00,7.63,,,,,
13741,08/03/2025 09:50:00,7.63,,,,,
13742,08/03/2025 09:55:00,7.55,,,,,
13743,08/03/2025 10:00:00,7.63,,,,,
13744,08/03/2025 10:05:00,7.63,,,,,
13745,08/03/2025 10:10:00,7.59,,,,,
13746,08/03/2025 10:15:00,7.59,,,,,
13747,08/03/2025 10:20:00,7.59,,,,,
13748,08/03/2025 10:25:00,7.59,,,,,
13749,08/03/2025 10:30:00,7.59,,,,,
13750,08/03/2025 10:35:00,7.59,,,,,
13751,08/03/2025 10:40:00,7.63,,,,,
13752,08/03/2025 10:45:00,7.63,,,,,
13753,08/03/2025 10:50:00,7.63,,,,,
13754,08/03/2025 10:55:00,7.63,,,,,
13755,08/03/2025 11:00:00,7.63,,,,,
13756,08/03/2025 11:05:00,7.63,,,,,
13757,08/03/2025 11:10:00,7.68,,,,,
13758,08/03/2025 11:15:00,7.68,,,,,
13759,08/03/2025 11:20:00,7.68,,,,,
13760,08/03/2025 11:25:00,7.68,,,,,
13761,08/03/2025 11:30:00,7.63,,,,,
13762,08/03/2025 11:35:00,7.68,,,,,
13763,08/03/2025 11:40:00,7.68,,,,,
13764,08/03/2025 11:45:00,7.68,,,,,
13765,08/03/2025 11:50:00,7.63,,,,,
13766,08/03/2025 11:55:00,7.63,,,,,
13767,08/03/2025 12:00:00,7.63,,,,,
13768,08/03/2025 12:05:00,7.63,,,,,
13769,08/03/2025 12:10:00,7.59,,,,,
13770,08/03/2025 12:15:00,7.63,,,,,
13771,08/03/2025 12:20:00,7.59,,,,,
13772,08/03/2025 12:25:00,7.59,,,,,
13773,08/03/2025 12:30:00,7.59,,,,,
13774,08/03/2025 12:35:00,7.63,,,,,
13775,08/03/2025 12:40:00,7.63,,,,,
13776,08/03/2025 12:45:00,7.63,,,,,
13777,08/03/2025 12:50:00,7.63,,,,,
13778,08/03/2025 12:55:00,7.63,,,,,
13779,08/03/2025 13:00:00,7.63,,,,,
13780,08/03/2025 13:05:00,7.59,,,,,
13781,08/03/2025 13:10:00,7.68,,,,,
13782,08/03/2025 13:15:00,7.72,,,,,
13783,08/03/2025 13:20:00,7.68,,,,,
13784,08/03/2025 13:25:00,7.68,,,,,
13785,08/03/2025 13:30:00,7.72,,,,,
13786,08/03/2025 13:35:00,7.72,,,,,
13787,08/03/2025 13:40:00,7.81,,,,,
13788,08/03/2025 13:45:00,7.76,,,,,
13789,08/03/2025 13:50:00,7.76,,,,,
13790,08/03/2025 13:55:00,7.85,,,,,
13791,08/03/2025 14:00:00,7.89,,,,,
13792,08/03/2025 14:05:00,7.89,,,,,
13793,08/03/2025 14:10:00,7.93,,,,,
13794,08/03/2025 14:15:00,7.98,,,,,
13795,08/03/2025 14:20:00,7.98,,,,,
13796,08/03/2025 14:25:00,8.02,,,,,
13797,08/03/2025 14:30:00,8.19,,,,,
13798,08/03/2025 14:35:00,8.28,,,,,
13799,08/03/2025 14:40:00,8.28,,,,,
13800,08/03/2025 14:45:00,8.23,,,,,
13801,08/03/2025 14:50:00,8.28,,,,,
13802,08/03/2025 14:55:00,8.28,,,,,
13803,08/03/2025 15:00:00,8.28,,,,,
13804,08/03/2025 15:05:00,8.23,,,,,
13805,08/03/2025 15:10:00,8.28,,,,,
13806,08/03/2025 15:15:00,8.28,,,,,
13807,08/03/2025 15:20:00,8.19,,,,,
13808,08/03/2025 15:25:00,8.19,,,,,
13809,08/03/2025 15:30:00,8.19,,,,,
13810,08/03/2025 15:35:00,9.01,,,,,
13811,08/03/2025 15:40:00,12.74,,,,,
13812,08/03/2025 15:45:00,16.86,,,,,
13813,08/03/2025 15:50:00,18.44,,,,,
13814,08/03/2025 15:55:00,17.97,,,,,
13815,08/03/2025 16:00:00,17.07,,,,,
13816,08/03/2025 16:05:00,16.08,,,,,
13817,08/03/2025 16:10:00,15.14,,,,,
13818,08/03/2025 16:15:00,14.24,,,,,
13819,08/03/2025 16:20:00,13.64,,,,,
13820,08/03/2025 16:25:00,13.00,,,,,
13821,08/03/2025 16:30:00,12.57,,,,,
13822,08/03/2025 16:35:00,12.14,,,,,
13823,08/03/2025 16:40:00,11.75,,,,,
13824,08/03/2025 16:45:00,11.37,,,,,
13825,08/03/2025 16:50:00,11.15,,,,,
13826,08/03/2025 16:55:00,10.98,,,,,
13827,08/03/2025 17:00:00,10.94,,,,,
13828,08/03/2025 17:05:00,10.89,,,,,
13829,08/03/2025 17:10:00,10.68,,,,,
13830,08/03/2025 17:15:00,10.59,,,,,
13831,08/03/2025 17:20:00,10.42,,,,,
13832,08/03/2025 17:25:00,10.25,,,,,
13833,08/03/2025 17:30:00,10.12,,,,,
13834,08/03/2025 17:35:00,9.99,,,,,
13835,08/03/2025 17:40:00,9.91,,,,,
13836,08/03/2025 17:45:00,9.91,,,,,
13837,08/03/2025 17:50:00,9.86,,,,,
13838,08/03/2025 17:55:00,9.86,,,,,
13839,08/03/2025 18:00:00,9.82,,,,,
13840,08/03/2025 18:05:00,9.86,,,,,
13841,08/03/2025 18:10:00,9.95,,,,,
13842,08/03/2025 18:15:00,9.99,,,,,
13843,08/03/2025 18:20:00,9.91,,,,,
13844,08/03/2025 18:25:00,9.82,,,,,
13845,08/03/2025 18:30:00,9.69,,,,,
13846,08/03/2025 18:35:00,9.61,,,,,
13847,08/03/2025 18:40:00,9.44,,,,,
13848,08/03/2025 18:45:00,9.35,,,,,
13849,08/03/2025 18:50:00,9.18,,,,,
13850,08/03/2025 18:55:00,9.18,,,,,
13851,08/03/2025 19:00:00,9.26,,,,,
13852,08/03/2025 19:05:00,9.44,,,,,
13853,08/03/2025 19:10:00,9.69,,,,,
13854,08/03/2025 19:15:00,9.91,,,,,
13855,08/03/2025 19:20:00,10.08,,,,,
13856,08/03/2025 19:25:00,10.29,,,,,
13857,08/03/2025 19:30:00,10.42,,,,,
13858,08/03/2025 19:35:00,10.55,,,,,
13859,08/03/2025 19:40:00,10.68,,,,,
13860,08/03/2025 19:45:00,10.81,,,,,
13861,08/03/2025 19:50:00,10.89,,,,,
13862,08/03/2025 19:55:00,11.07,,,,,
13863,08/03/2025 20:00:00,11.19,,,,,
13864,08/03/2025 20:05:00,11.37,,,,,
13865,08/03/2025 20:10:00,11.41,,,,,
13866,08/03/2025 20:15:00,11.58,,,,,
13867,08/03/2025 20:20:00,11.71,,,,,
13868,08/03/2025 20:25:00,11.84,,,,,
13869,08/03/2025 20:30:00,12.01,,,,,
13870,08/03/2025 20:35:00,12.10,,,,,
13871,08/03/2025 20:40:00,12.14,,,,,
13872,08/03/2025 20:45:00,12.31,,,,,
13873,08/03/2025 20:50:00,12.35,,,,,
13874,08/03/2025 20:55:00,12.40,,,,,
13875,08/03/2025 21:00:00,12.48,,,,,
13876,08/03/2025 21:05:00,12.52,,,,,
13877,08/03/2025 21:10:00,12.61,,,,,
13878,08/03/2025 21:15:00,12.57,,,,,
13879,08/03/2025 21:20:00,12.57,,,,,
13880,08/03/2025 21:25:00,12.57,,,,,
13881,08/03/2025 21:30:00,12.52,,,,,
13882,08/03/2025 21:35:00,12.48,,,,,
13883,08/03/2025 21:40:00,12.48,,,,,
13884,08/03/2025 21:45:00,12.40,,,,,
13885,08/03/2025 21:50:00,12.27,,,,,
13886,08/03/2025 21:55:00,12.22,,,,,
13887,08/03/2025 22:00:00,12.10,,,,,
13888,08/03/2025 22:05:00,12.01,,,,,
13889,08/03/2025 22:10:00,11.92,,,,,
13890,08/03/2025 22:15:00,11.84,,,,,
13891,08/03/2025 22:20:00,11.75,,,,,
13892,08/03/2025 22:25:00,11.71,,,,,
13893,08/03/2025 22:30:00,11.58,,,,,
13894,08/03/2025 22:35:00,11.49,,,,,
13895,08/03/2025 22:40:00,11.41,,,,,
13896,08/03/2025 22:45:00,11.28,,,,,
13897,08/03/2025 22:50:00,11.19,,,,,
13898,08/03/2025 22:55:00,11.07,,,,,
13899,08/03/2025 23:00:00,10.98,,,,,
13900,08/03/2025 23:05:00,10.98,,,,,
13901,08/03/2025 23:10:00,10.85,,,,,
13902,08/03/2025 23:15:00,10.77,,,,,
13903,08/03/2025 23:20:00,10.68,,,,,
13904,08/03/2025 23:25:00,10.59,,,,,
13905,08/03/2025 23:30:00,10.51,,,,,
13906,08/03/2025 23:35:00,10.46,,,,,
13907,08/03/2025 23:40:00,10.34,,,,,
13908,08/03/2025 23:45:00,10.29,,,,,
13909,08/03/2025 23:50:00,10.21,,,,,
13910,08/03/2025 23:55:00,10.12,,,,,
13911,08/04/2025 00:00:00,10.04,,,,,
13912,08/04/2025 00:05:00,9.95,,,,,
13913,08/04/2025 00:10:00,9.86,,,,,
13914,08/04/2025 00:15:00,9.82,,,,,
13915,08/04/2025 00:20:00,9.69,,,,,
13916,08/04/2025 00:25:00,9.65,,,,,
13917,08/04/2025 00:30:00,9.61,,,,,
13918,08/04/2025 00:35:00,9.52,,,,,
13919,08/04/2025 00:40:00,9.44,,,,,
13920,08/04/2025 00:45:00,9.44,,,,,
13921,08/04/2025 00:50:00,9.31,,,,,
13922,08/04/2025 00:55:00,9.26,,,,,
13923,08/04/2025 01:00:00,9.22,,,,,
13924,08/04/2025 01:05:00,9.14,,,,,
13925,08/04/2025 01:10:00,9.05,,,,,
13926,08/04/2025 01:15:00,9.01,,,,,
13927,08/04/2025 01:20:00,8.96,,,,,
13928,08/04/2025 01:25:00,8.92,,,,,
13929,08/04/2025 01:30:00,8.88,,,,,
13930,08/04/2025 01:35:00,8.88,,,,,
13931,08/04/2025 01:40:00,8.75,,,,,
13932,08/04/2025 01:45:00,8.75,,,,,
13933,08/04/2025 01:50:00,8.66,,,,,
13934,08/04/2025 01:55:00,8.66,,,,,
13935,08/04/2025 02:00:00,8.58,,,,,
13936,08/04/2025 02:05:00,8.58,,,,,
13937,08/04/2025 02:10:00,8.53,,,,,
13938,08/04/2025 02:15:00,8.45,,,,,
13939,08/04/2025 02:20:00,8.45,,,,,
13940,08/04/2025 02:25:00,8.36,,,,,
13941,08/04/2025 02:30:00,8.36,,,,,
13942,08/04/2025 02:35:00,8.36,,,,,
13943,08/04/2025 02:40:00,8.32,,,,,
13944,08/04/2025 02:45:00,8.28,,,,,
13945,08/04/2025 02:50:00,8.23,,,,,
13946,08/04/2025 02:55:00,8.19,,,,,
13947,08/04/2025 03:00:00,8.23,,,,,
13948,08/04/2025 03:05:00,8.19,,,,,
13949,08/04/2025 03:10:00,8.11,,,,,
13950,08/04/2025 03:15:00,8.06,,,,,
13951,08/04/2025 03:20:00,8.11,,,,,
13952,08/04/2025 03:25:00,8.06,,,,,
13953,08/04/2025 03:30:00,8.02,,,,,
13954,08/04/2025 03:35:00,7.98,,,,,
13955,08/04/2025 03:40:00,8.02,,,,,
13956,08/04/2025 03:45:00,7.98,,,,,
13957,08/04/2025 03:50:00,7.93,,,,,
13958,08/04/2025 03:55:00,7.89,,,,,
13959,08/04/2025 04:00:00,7.93,,,,,
13960,08/04/2025 04:05:00,7.93,,,,,
13961,08/04/2025 04:10:00,7.85,,,,,
13962,08/04/2025 04:15:00,7.85,,,,,
13963,08/04/2025 04:20:00,7.81,,,,,
13964,08/04/2025 04:25:00,7.76,,,,,
13965,08/04/2025 04:30:00,7.76,,,,,
13966,08/04/2025 04:35:00,7.76,,,,,
13967,08/04/2025 04:40:00,7.76,,,,,
13968,08/04/2025 04:45:00,7.76,,,,,
13969,08/04/2025 04:50:00,7.68,,,,,
13970,08/04/2025 04:55:00,7.72,,,,,
13971,08/04/2025 05:00:00,7.68,,,,,
13972,08/04/2025 05:05:00,7.68,,,,,
13973,08/04/2025 05:10:00,7.63,,,,,
13974,08/04/2025 05:15:00,7.59,,,,,
13975,08/04/2025 05:20:00,7.63,,,,,
13976,08/04/2025 05:25:00,7.59,,,,,
13977,08/04/2025 05:30:00,7.55,,,,,
13978,08/04/2025 05:35:00,7.55,,,,,
13979,08/04/2025 05:40:00,7.55,,,,,
13980,08/04/2025 05:45:00,7.50,,,,,
13981,08/04/2025 05:50:00,7.50,,,,,
13982,08/04/2025 05:55:00,7.50,,,,,
13983,08/04/2025 06:00:00,7.50,,,,,
13984,08/04/2025 06:05:00,7.50,,,,,
13985,08/04/2025 06:10:00,7.46,,,,,
13986,08/04/2025 06:15:00,7.42,,,,,
13987,08/04/2025 06:20:00,7.42,,,,,
13988,08/04/2025 06:25:00,7.38,,,,,
13989,08/04/2025 06:30:00,7.38,,,,,
13990,08/04/2025 06:35:00,7.33,,,,,
13991,08/04/2025 06:40:00,7.38,,,,,
13992,08/04/2025 06:45:00,7.42,,,,,
13993,08/04/2025 06:50:00,7.38,,,,,
13994,08/04/2025 06:55:00,7.38,,,,,
13995,08/04/2025 07:00:00,7.38,,,,,
13996,08/04/2025 07:05:00,7.33,,,,,
13997,08/04/2025 07:10:00,7.33,,,,,
13998,08/04/2025 07:15:00,7.42,,,,,
13999,08/04/2025 07:20:00,7.38,,,,,
14000,08/04/2025 07:25:00,7.33,,,,,
14001,08/04/2025 07:30:00,7.38,,,,,
14002,08/04/2025 07:35:00,7.33,,,,,
14003,08/04/2025 07:40:00,7.38,,,,,
14004,08/04/2025 07:45:00,7.33,,,,,
14005,08/04/2025 07:50:00,7.42,,,,,
14006,08/04/2025 07:55:00,7.38,,,,,
14007,08/04/2025 08:00:00,7.42,,,,,
14008,08/04/2025 08:05:00,7.50,,,,,
14009,08/04/2025 08:10:00,7.59,,,,,
14010,08/04/2025 08:15:00,7.63,,,,,
14011,08/04/2025 08:20:00,7.76,,,,,
14012,08/04/2025 08:25:00,7.85,,,,,
14013,08/04/2025 08:30:00,8.02,,,,,
14014,08/04/2025 08:35:00,8.15,,,,,
14015,08/04/2025 08:40:00,8.36,,,,,
14016,08/04/2025 08:45:00,8.49,,,,,
14017,08/04/2025 08:50:00,8.66,,,,,
14018,08/04/2025 08:55:00,8.79,,,,,
14019,08/04/2025 09:00:00,9.05,,,,,
14020,08/04/2025 09:05:00,9.14,,,,,
14021,08/04/2025 09:10:00,9.35,,,,,
14022,08/04/2025 09:15:00,9.52,,,,,
14023,08/04/2025 09:20:00,9.74,,,,,
14024,08/04/2025 09:25:00,9.91,,,,,
14025,08/04/2025 09:30:00,10.04,,,,,
14026,08/04/2025 09:35:00,10.21,,,,,
14027,08/04/2025 09:40:00,10.42,,,,,
14028,08/04/2025 09:45:00,10.51,,,,,
14029,08/04/2025 09:50:00,10.68,,,,,
14030,08/04/2025 09:55:00,10.81,,,,,
14031,08/04/2025 10:00:00,10.98,,,,,
14032,08/04/2025 10:05:00,11.11,,,,,
14033,08/04/2025 10:10:00,11.15,,,,,
14034,08/04/2025 10:15:00,11.24,,,,,
14035,08/04/2025 10:20:00,11.28,,,,,
14036,08/04/2025 10:25:00,11.32,,,,,
14037,08/04/2025 10:30:00,11.28,,,,,
14038,08/04/2025 10:35:00,11.37,,,,,
14039,08/04/2025 10:40:00,11.45,,,,,
14040,08/04/2025 10:45:00,11.49,,,,,
14041,08/04/2025 10:50:00,11.49,,,,,
14042,08/04/2025 10:55:00,11.54,,,,,
14043,08/04/2025 11:00:00,11.58,,,,,
14044,08/04/2025 11:05:00,11.62,,,,,
14045,08/04/2025 11:10:00,11.62,,,,,
14046,08/04/2025 11:15:00,11.62,,,,,
14047,08/04/2025 11:20:00,11.62,,,,,
14048,08/04/2025 11:25:00,11.67,,,,,
14049,08/04/2025 11:30:00,11.54,,,,,
14050,08/04/2025 11:35:00,11.58,,,,,
14051,08/04/2025 11:40:00,11.54,,,,,
14052,08/04/2025 11:45:00,11.49,,,,,
14053,08/04/2025 11:50:00,11.49,,,,,
14054,08/04/2025 11:55:00,11.45,,,,,
14055,08/04/2025 12:00:00,11.41,,,,,
14056,08/04/2025 12:05:00,11.41,,,,,
14057,08/04/2025 12:10:00,11.37,,,,,
14058,08/04/2025 12:15:00,11.28,,,,,
14059,08/04/2025 12:20:00,11.28,,,,,
14060,08/04/2025 12:25:00,11.24,,,,,
14061,08/04/2025 12:30:00,11.19,,,,,
14062,08/04/2025 12:35:00,11.19,,,,,
14063,08/04/2025 12:40:00,11.11,,,,,
14064,08/04/2025 12:45:00,11.11,,,,,
14065,08/04/2025 12:50:00,11.07,,,,,
14066,08/04/2025 12:55:00,10.98,,,,,
14067,08/04/2025 13:00:00,10.98,,,,,
14068,08/04/2025 13:05:00,10.94,,,,,
14069,08/04/2025 13:10:00,10.85,,,,,
14070,08/04/2025 13:15:00,10.85,,,,,
14071,08/04/2025 13:20:00,10.81,,,,,
14072,08/04/2025 13:25:00,10.81,,,,,
14073,08/04/2025 13:30:00,10.72,,,,,
14074,08/04/2025 13:35:00,10.72,,,,,
14075,08/04/2025 13:40:00,10.64,,,,,
14076,08/04/2025 13:45:00,10.64,,,,,
14077,08/04/2025 13:50:00,10.64,,,,,
14078,08/04/2025 13:55:00,10.64,,,,,
14079,08/04/2025 14:00:00,10.64,,,,,
14080,08/04/2025 14:05:00,10.59,,,,,
14081,08/04/2025 14:10:00,10.59,,,,,
14082,08/04/2025 14:15:00,10.64,,,,,
14083,08/04/2025 14:20:00,10.59,,,,,
14084,08/04/2025 14:25:00,10.55,,,,,
14085,08/04/2025 14:30:00,10.55,,,,,
14086,08/04/2025 14:35:00,10.59,,,,,
14087,08/04/2025 14:40:00,10.46,,,,,
14088,08/04/2025 14:45:00,10.51,,,,,
14089,08/04/2025 14:50:00,10.46,,,,,
14090,08/04/2025 14:55:00,10.51,,,,,
14091,08/04/2025 15:00:00,10.51,,,,,
14092,08/04/2025 15:05:00,10.55,,,,,
14093,08/04/2025 15:10:00,10.59,,,,,
14094,08/04/2025 15:15:00,10.64,,,,,
14095,08/04/2025 15:20:00,10.68,,,,,
14096,08/04/2025 15:25:00,10.68,,,,,
14097,08/04/2025 15:30:00,10.85,,,,,
14098,08/04/2025 15:35:00,10.85,,,,,
14099,08/04/2025 15:40:00,10.94,,,,,
14100,08/04/2025 15:45:00,10.98,,,,,
14101,08/04/2025 15:50:00,11.02,,,,,
14102,08/04/2025 15:55:00,11.11,,,,,
14103,08/04/2025 16:00:00,11.19,,,,,
14104,08/04/2025 16:05:00,11.28,,,,,
14105,08/04/2025 16:10:00,11.32,,,,,
14106,08/04/2025 16:15:00,11.41,,,,,
14107,08/04/2025 16:20:00,11.45,,,,,
14108,08/04/2025 16:25:00,11.58,,,,,
14109,08/04/2025 16:30:00,11.58,,,,,
14110,08/04/2025 16:35:00,11.62,,,,,
14111,08/04/2025 16:40:00,11.67,,,,,
14112,08/04/2025 16:45:00,11.71,,,,,
14113,08/04/2025 16:50:00,11.75,,,,,
14114,08/04/2025 16:55:00,11.79,,,,,
14115,08/04/2025 17:00:00,11.79,,,,,
14116,08/04/2025 17:05:00,11.84,,,,,
14117,08/04/2025 17:10:00,11.84,,,,,
14118,08/04/2025 17:15:00,11.97,,,,,
14119,08/04/2025 17:20:00,12.05,,,,,
14120,08/04/2025 17:25:00,12.10,,,,,
14121,08/04/2025 17:30:00,12.27,,,,,
14122,08/04/2025 17:35:00,12.40,,,,,
14123,08/04/2025 17:40:00,12.48,,,,,
14124,08/04/2025 17:45:00,12.65,,,,,
14125,08/04/2025 17:50:00,12.74,,,,,
14126,08/04/2025 17:55:00,12.87,,,,,
14127,08/04/2025 18:00:00,12.95,,,,,
14128,08/04/2025 18:05:00,13.08,,,,,
14129,08/04/2025 18:10:00,13.12,,,,,
14130,08/04/2025 18:15:00,13.25,,,,,
14131,08/04/2025 18:20:00,13.34,,,,,
14132,08/04/2025 18:25:00,13.38,,,,,
14133,08/04/2025 18:30:00,13.55,,,,,
14134,08/04/2025 18:35:00,13.64,,,,,
14135,08/04/2025 18:40:00,13.73,,,,,
14136,08/04/2025 18:45:00,13.81,,,,,
14137,08/04/2025 18:50:00,13.90,,,,,
14138,08/04/2025 18:55:00,13.90,,,,,
14139,08/04/2025 19:00:00,13.90,,,,,
14140,08/04/2025 19:05:00,13.94,,,,,
14141,08/04/2025 19:10:00,13.98,,,,,
14142,08/04/2025 19:15:00,13.94,,,,,
14143,08/04/2025 19:20:00,13.98,,,,,
14144,08/04/2025 19:25:00,13.98,,,,,
14145,08/04/2025 19:30:00,13.98,,,,,
14146,08/04/2025 19:35:00,13.98,,,,,
14147,08/04/2025 19:40:00,13.98,,,,,
14148,08/04/2025 19:45:00,13.94,,,,,
14149,08/04/2025 19:50:00,13.85,,,,,
14150,08/04/2025 19:55:00,13.85,,,,,
14151,08/04/2025 20:00:00,13.73,,,,,
14152,08/04/2025 20:05:00,13.73,,,,,
14153,08/04/2025 20:10:00,13.68,,,,,
14154,08/04/2025 20:15:00,13.68,,,,,
14155,08/04/2025 20:20:00,13.60,,,,,
14156,08/04/2025 20:25:00,13.60,,,,,
14157,08/04/2025 20:30:00,13.60,,,,,
14158,08/04/2025 20:35:00,13.55,,,,,
14159,08/04/2025 20:40:00,13.55,,,,,
14160,08/04/2025 20:45:00,13.51,,,,,
14161,08/04/2025 20:50:00,13.51,,,,,
14162,08/04/2025 20:55:00,13.55,,,,,
14163,08/04/2025 21:00:00,13.68,,,,,
14164,08/04/2025 21:05:00,13.73,,,,,
14165,08/04/2025 21:10:00,13.77,,,,,
14166,08/04/2025 21:15:00,13.81,,,,,
14167,08/04/2025 21:20:00,14.11,,,,,
14168,08/04/2025 21:25:00,14.37,,,,,
14169,08/04/2025 21:30:00,14.58,,,,,
14170,08/04/2025 21:35:00,14.75,,,,,
14171,08/04/2025 21:40:00,15.10,,,,,
14172,08/04/2025 21:45:00,15.23,,,,,
14173,08/04/2025 21:50:00,15.36,,,,,
14174,08/04/2025 21:55:00,15.40,,,,,
14175,08/04/2025 22:00:00,15.36,,,,,
14176,08/04/2025 22:05:00,15.40,,,,,
14177,08/04/2025 22:10:00,15.36,,,,,
14178,08/04/2025 22:15:00,15.36,,,,,
14179,08/04/2025 22:20:00,15.36,,,,,
14180,08/04/2025 22:25:00,15.36,,,,,
14181,08/04/2025 22:30:00,15.36,,,,,
14182,08/04/2025 22:35:00,15.36,,,,,
14183,08/04/2025 22:40:00,15.31,,,,,
14184,08/04/2025 22:45:00,15.31,,,,,
14185,08/04/2025 22:50:00,15.27,,,,,
14186,08/04/2025 22:55:00,15.23,,,,,
14187,08/04/2025 23:00:00,15.23,,,,,
14188,08/04/2025 23:05:00,15.18,,,,,
14189,08/04/2025 23:10:00,15.10,,,,,
14190,08/04/2025 23:15:00,15.06,,,,,
14191,08/04/2025 23:20:00,14.97,,,,,
14192,08/04/2025 23:25:00,14.88,,,,,
14193,08/04/2025 23:30:00,14.80,,,,,
14194,08/04/2025 23:35:00,14.75,,,,,
14195,08/04/2025 23:40:00,14.63,,,,,
14196,08/04/2025 23:45:00,14.54,,,,,
14197,08/04/2025 23:50:00,14.41,,,,,
14198,08/04/2025 23:55:00,14.33,,,,,
14199,08/05/2025 00:00:00,14.24,,,,,
14200,08/05/2025 00:05:00,14.07,,,,,
14201,08/05/2025 00:10:00,13.98,,,,,
14202,08/05/2025 00:15:00,13.81,,,,,
14203,08/05/2025 00:20:00,13.73,,,,,
14204,08/05/2025 00:25:00,13.60,,,,,
14205,08/05/2025 00:30:00,13.43,,,,,
14206,08/05/2025 00:35:00,13.38,,,,,
14207,08/05/2025 00:40:00,13.21,,,,,
14208,08/05/2025 00:45:00,13.00,,,,,
14209,08/05/2025 00:50:00,12.91,,,,,
14210,08/05/2025 00:55:00,12.74,,,,,
14211,08/05/2025 01:00:00,12.61,,,,,
14212,08/05/2025 01:05:00,12.52,,,,,
14213,08/05/2025 01:10:00,12.40,,,,,
14214,08/05/2025 01:15:00,12.27,,,,,
14215,08/05/2025 01:20:00,12.18,,,,,
14216,08/05/2025 01:25:00,12.05,,,,,
14217,08/05/2025 01:30:00,11.92,,,,,
14218,08/05/2025 01:35:00,11.75,,,,,
14219,08/05/2025 01:40:00,11.67,,,,,
14220,08/05/2025 01:45:00,11.62,,,,,
14221,08/05/2025 01:50:00,11.45,,,,,
14222,08/05/2025 01:55:00,11.37,,,,,
14223,08/05/2025 02:00:00,11.28,,,,,
14224,08/05/2025 02:05:00,11.19,,,,,
14225,08/05/2025 02:10:00,11.11,,,,,
14226,08/05/2025 02:15:00,11.02,,,,,
14227,08/05/2025 02:20:00,10.89,,,,,
14228,08/05/2025 02:25:00,10.85,,,,,
14229,08/05/2025 02:30:00,10.68,,,,,
14230,08/05/2025 02:35:00,10.64,,,,,
14231,08/05/2025 02:40:00,10.55,,,,,
14232,08/05/2025 02:45:00,10.46,,,,,
14233,08/05/2025 02:50:00,10.38,,,,,
14234,08/05/2025 02:55:00,10.38,,,,,
14235,08/05/2025 03:00:00,10.25,,,,,
14236,08/05/2025 03:05:00,10.21,,,,,
14237,08/05/2025 03:10:00,10.12,,,,,
14238,08/05/2025 03:15:00,10.04,,,,,
14239,08/05/2025 03:20:00,9.99,,,,,
14240,08/05/2025 03:25:00,9.91,,,,,
14241,08/05/2025 03:30:00,9.86,,,,,
14242,08/05/2025 03:35:00,9.82,,,,,
14243,08/05/2025 03:40:00,9.74,,,,,
14244,08/05/2025 03:45:00,9.65,,,,,
14245,08/05/2025 03:50:00,9.61,,,,,
14246,08/05/2025 03:55:00,9.52,,,,,
14247,08/05/2025 04:00:00,9.39,,,,,
14248,08/05/2025 04:05:00,9.39,,,,,
14249,08/05/2025 04:10:00,9.31,,,,,
14250,08/05/2025 04:15:00,9.22,,,,,
14251,08/05/2025 04:20:00,9.22,,,,,
14252,08/05/2025 04:25:00,9.09,,,,,
14253,08/05/2025 04:30:00,9.05,,,,,
14254,08/05/2025 04:35:00,8.96,,,,,
14255,08/05/2025 04:40:00,8.96,,,,,
14256,08/05/2025 04:45:00,8.92,,,,,
14257,08/05/2025 04:50:00,8.79,,,,,
14258,08/05/2025 04:55:00,8.71,,,,,
14259,08/05/2025 05:00:00,8.66,,,,,
14260,08/05/2025 05:05:00,8.62,,,,,
14261,08/05/2025 05:10:00,8.58,,,,,
14262,08/05/2025 05:15:00,8.53,,,,,
14263,08/05/2025 05:20:00,8.45,,,,,
14264,08/05/2025 05:25:00,8.41,,,,,
14265,08/05/2025 05:30:00,8.36,,,,,
14266,08/05/2025 05:35:00,8.32,,,,,
14267,08/05/2025 05:40:00,8.28,,,,,
14268,08/05/2025 05:45:00,8.23,,,,,
14269,08/05/2025 05:50:00,8.15,,,,,
14270,08/05/2025 05:55:00,8.15,,,,,
14271,08/05/2025 06:00:00,8.11,,,,,
14272,08/05/2025 06:05:00,8.02,,,,,
14273,08/05/2025 06:10:00,8.06,,,,,
14274,08/05/2025 06:15:00,7.89,,,,,
14275,08/05/2025 06:20:00,7.89,,,,,
14276,08/05/2025 06:25:00,7.89,,,,,
14277,08/05/2025 06:30:00,7.81,,,,,
14278,08/05/2025 06:35:00,7.81,,,,,
14279,08/05/2025 06:40:00,7.76,,,,,
14280,08/05/2025 06:45:00,7.76,,,,,
14281,08/05/2025 06:50:00,7.68,,,,,
14282,08/05/2025 06:55:00,7.68,,,,,
14283,08/05/2025 07:00:00,7.63,,,,,
14284,08/05/2025 07:05:00,7.63,,,,,
14285,08/05/2025 07:10:00,7.63,,,,,
14286,08/05/2025 07:15:00,7.63,,,,,
14287,08/05/2025 07:20:00,7.68,,,,,
14288,08/05/2025 07:25:00,7.68,,,,,
14289,08/05/2025 07:30:00,7.76,,,,,
14290,08/05/2025 07:35:00,8.02,,,,,
14291,08/05/2025 07:40:00,7.93,,,,,
14292,08/05/2025 07:45:00,7.89,,,,,
14293,08/05/2025 07:50:00,7.81,,,,,
14294,08/05/2025 07:55:00,7.68,,,,,
14295,08/05/2025 08:00:00,7.59,,,,,
14296,08/05/2025 08:05:00,7.50,,,,,
14297,08/05/2025 08:10:00,7.38,,,,,
14298,08/05/2025 08:15:00,7.29,,,,,
14299,08/05/2025 08:20:00,7.25,,,,,
14300,08/05/2025 08:25:00,7.20,,,,,
14301,08/05/2025 08:30:00,7.08,,,,,
14302,08/05/2025 08:35:00,7.08,,,,,
14303,08/05/2025 08:40:00,7.03,,,,,
14304,08/05/2025 08:45:00,7.16,,,,,
14305,08/05/2025 08:50:00,7.20,,,,,
14306,08/05/2025 08:55:00,7.25,,,,,
14307,08/05/2025 09:00:00,7.46,,,,,
14308,08/05/2025 09:05:00,7.76,,,,,
14309,08/05/2025 09:10:00,8.02,,,,,
14310,08/05/2025 09:15:00,8.15,,,,,
14311,08/05/2025 09:20:00,8.23,,,,,
14312,08/05/2025 09:25:00,8.41,,,,,
14313,08/05/2025 09:30:00,8.58,,,,,
14314,08/05/2025 09:35:00,8.79,,,,,
14315,08/05/2025 09:40:00,9.01,,,,,
14316,08/05/2025 09:45:00,9.18,,,,,
14317,08/05/2025 09:50:00,9.39,,,,,
14318,08/05/2025 09:55:00,9.52,,,,,
14319,08/05/2025 10:00:00,9.74,,,,,
14320,08/05/2025 10:05:00,9.91,,,,,
14321,08/05/2025 10:10:00,10.04,,,,,
14322,08/05/2025 10:15:00,10.16,,,,,
14323,08/05/2025 10:20:00,10.25,,,,,
14324,08/05/2025 10:25:00,10.38,,,,,
14325,08/05/2025 10:30:00,10.51,,,,,
14326,08/05/2025 10:35:00,10.59,,,,,
14327,08/05/2025 10:40:00,10.68,,,,,
14328,08/05/2025 10:45:00,10.72,,,,,
14329,08/05/2025 10:50:00,10.77,,,,,
14330,08/05/2025 10:55:00,10.77,,,,,
14331,08/05/2025 11:00:00,10.77,,,,,
14332,08/05/2025 11:05:00,10.72,,,,,
14333,08/05/2025 11:10:00,10.68,,,,,
14334,08/05/2025 11:15:00,10.64,,,,,
14335,08/05/2025 11:20:00,10.59,,,,,
14336,08/05/2025 11:25:00,10.55,,,,,
14337,08/05/2025 11:30:00,10.51,,,,,
14338,08/05/2025 11:35:00,10.51,,,,,
14339,08/05/2025 11:40:00,10.46,,,,,
14340,08/05/2025 11:45:00,10.42,,,,,
14341,08/05/2025 11:50:00,10.38,,,,,
14342,08/05/2025 11:55:00,10.34,,,,,
14343,08/05/2025 12:00:00,10.34,,,,,
14344,08/05/2025 12:05:00,10.29,,,,,
14345,08/05/2025 12:10:00,10.29,,,,,
14346,08/05/2025 12:15:00,10.25,,,,,
14347,08/05/2025 12:20:00,10.21,,,,,
14348,08/05/2025 12:25:00,10.25,,,,,
14349,08/05/2025 12:30:00,10.25,,,,,
14350,08/05/2025 12:35:00,10.25,,,,,
14351,08/05/2025 12:40:00,10.29,,,,,
14352,08/05/2025 12:45:00,10.21,,,,,
14353,08/05/2025 12:50:00,10.34,,,,,
14354,08/05/2025 12:55:00,10.34,,,,,
14355,08/05/2025 13:00:00,10.38,,,,,
14356,08/05/2025 13:05:00,10.42,,,,,
14357,08/05/2025 13:10:00,10.46,,,,,
14358,08/05/2025 13:15:00,10.42,,,,,
14359,08/05/2025 13:20:00,10.51,,,,,
14360,08/05/2025 13:25:00,10.55,,,,,
14361,08/05/2025 13:30:00,10.55,,,,,
14362,08/05/2025 13:35:00,10.64,,,,,
14363,08/05/2025 13:40:00,10.68,,,,,
14364,08/05/2025 13:45:00,10.72,,,,,
14365,08/05/2025 13:50:00,10.81,,,,,
14366,08/05/2025 13:55:00,10.89,,,,,
14367,08/05/2025 14:00:00,10.98,,,,,
14368,08/05/2025 14:05:00,11.07,,,,,
14369,08/05/2025 14:10:00,11.11,,,,,
14370,08/05/2025 14:15:00,11.19,,,,,
14371,08/05/2025 14:20:00,11.28,,,,,
14372,08/05/2025 14:25:00,11.37,,,,,
14373,08/05/2025 14:30:00,11.41,,,,,
14374,08/05/2025 14:35:00,11.45,,,,,
14375,08/05/2025 14:40:00,11.49,,,,,
14376,08/05/2025 14:45:00,11.54,,,,,
14377,08/05/2025 14:50:00,11.58,,,,,
14378,08/05/2025 14:55:00,11.67,,,,,
14379,08/05/2025 15:00:00,11.75,,,,,
14380,08/05/2025 15:05:00,11.79,,,,,
14381,08/05/2025 15:10:00,11.88,,,,,
14382,08/05/2025 15:15:00,11.92,,,,,
14383,08/05/2025 15:20:00,12.05,,,,,
14384,08/05/2025 15:25:00,12.10,,,,,
14385,08/05/2025 15:30:00,12.18,,,,,
14386,08/05/2025 15:35:00,12.27,,,,,
14387,08/05/2025 15:40:00,12.40,,,,,
14388,08/05/2025 15:45:00,12.40,,,,,
14389,08/05/2025 15:50:00,12.57,,,,,
14390,08/05/2025 15:55:00,12.65,,,,,
14391,08/05/2025 16:00:00,12.74,,,,,
14392,08/05/2025 16:05:00,12.82,,,,,
14393,08/05/2025 16:10:00,12.95,,,,,
14394,08/05/2025 16:15:00,13.08,,,,,
14395,08/05/2025 16:20:00,13.21,,,,,
14396,08/05/2025 16:25:00,13.30,,,,,
14397,08/05/2025 16:30:00,13.43,,,,,
14398,08/05/2025 16:35:00,13.51,,,,,
14399,08/05/2025 16:40:00,13.60,,,,,
14400,08/05/2025 16:45:00,13.73,,,,,
14401,08/05/2025 16:50:00,13.81,,,,,
14402,08/05/2025 16:55:00,13.90,,,,,
14403,08/05/2025 17:00:00,14.07,,,,,
14404,08/05/2025 17:05:00,14.15,,,,,
14405,08/05/2025 17:10:00,14.20,,,,,
14406,08/05/2025 17:15:00,14.37,,,,,
14407,08/05/2025 17:20:00,14.41,,,,,
14408,08/05/2025 17:25:00,14.50,,,,,
14409,08/05/2025 17:30:00,14.63,,,,,
14410,08/05/2025 17:35:00,14.71,,,,,
14411,08/05/2025 17:40:00,14.75,,,,,
14412,08/05/2025 17:45:00,14.88,,,,,
14413,08/05/2025 17:50:00,14.93,,,,,
14414,08/05/2025 17:55:00,14.97,,,,,
14415,08/05/2025 18:00:00,15.01,,,,,
14416,08/05/2025 18:05:00,15.01,,,,,
14417,08/05/2025 18:10:00,15.10,,,,,
14418,08/05/2025 18:15:00,15.10,,,,,
14419,08/05/2025 18:20:00,15.14,,,,,
14420,08/05/2025 18:25:00,15.18,,,,,
14421,08/05/2025 18:30:00,15.23,,,,,
14422,08/05/2025 18:35:00,15.27,,,,,
14423,08/05/2025 18:40:00,15.27,,,,,
14424,08/05/2025 18:45:00,15.44,,,,,
14425,08/05/2025 18:50:00,15.61,,,,,
14426,08/05/2025 18:55:00,15.70,,,,,
14427,08/05/2025 19:00:00,15.91,,,,,
14428,08/05/2025 19:05:00,16.04,,,,,
14429,08/05/2025 19:10:00,16.17,,,,,
14430,08/05/2025 19:15:00,16.26,,,,,
14431,08/05/2025 19:20:00,16.34,,,,,
14432,08/05/2025 19:25:00,16.39,,,,,
14433,08/05/2025 19:30:00,16.47,,,,,
14434,08/05/2025 19:35:00,16.47,,,,,
14435,08/05/2025 19:40:00,16.47,,,,,
14436,08/05/2025 19:45:00,16.51,,,,,
14437,08/05/2025 19:50:00,16.47,,,,,
14438,08/05/2025 19:55:00,16.43,,,,,
14439,08/05/2025 20:00:00,16.39,,,,,
14440,08/05/2025 20:05:00,16.34,,,,,
14441,08/05/2025 20:10:00,16.30,,,,,
14442,08/05/2025 20:15:00,16.26,,,,,
14443,08/05/2025 20:20:00,16.17,,,,,
14444,08/05/2025 20:25:00,16.17,,,,,
14445,08/05/2025 20:30:00,16.04,,,,,
14446,08/05/2025 20:35:00,16.00,,,,,
14447,08/05/2025 20:40:00,16.00,,,,,
14448,08/05/2025 20:45:00,15.91,,,,,
14449,08/05/2025 20:50:00,15.83,,,,,
14450,08/05/2025 20:55:00,15.78,,,,,
14451,08/05/2025 21:00:00,15.74,,,,,
14452,08/05/2025 21:05:00,15.57,,,,,
14453,08/05/2025 21:10:00,15.48,,,,,
14454,08/05/2025 21:15:00,15.44,,,,,
14455,08/05/2025 21:20:00,15.36,,,,,
14456,08/05/2025 21:25:00,15.18,,,,,
14457,08/05/2025 21:30:00,15.01,,,,,
14458,08/05/2025 21:35:00,14.88,,,,,
14459,08/05/2025 21:40:00,14.75,,,,,
14460,08/05/2025 21:45:00,14.50,,,,,
14461,08/05/2025 21:50:00,14.37,,,,,
14462,08/05/2025 21:55:00,14.24,,,,,
14463,08/05/2025 22:00:00,14.07,,,,,
14464,08/05/2025 22:05:00,13.90,,,,,
14465,08/05/2025 22:10:00,13.77,,,,,
14466,08/05/2025 22:15:00,13.51,,,,,
14467,08/05/2025 22:20:00,13.43,,,,,
14468,08/05/2025 22:25:00,13.21,,,,,
14469,08/05/2025 22:30:00,13.04,,,,,
14470,08/05/2025 22:35:00,12.95,,,,,
14471,08/05/2025 22:40:00,12.78,,,,,
14472,08/05/2025 22:45:00,12.61,,,,,
14473,08/05/2025 22:50:00,12.48,,,,,
14474,08/05/2025 22:55:00,12.31,,,,,
14475,08/05/2025 23:00:00,12.18,,,,,
14476,08/05/2025 23:05:00,12.05,,,,,
14477,08/05/2025 23:10:00,11.97,,,,,
14478,08/05/2025 23:15:00,11.79,,,,,
14479,08/05/2025 23:20:00,11.67,,,,,
14480,08/05/2025 23:25:00,11.58,,,,,
14481,08/05/2025 23:30:00,11.41,,,,,
14482,08/05/2025 23:35:00,11.37,,,,,
14483,08/05/2025 23:40:00,11.19,,,,,
14484,08/05/2025 23:45:00,11.15,,,,,
14485,08/05/2025 23:50:00,11.11,,,,,
14486,08/05/2025 23:55:00,10.98,,,,,
14487,08/06/2025 00:00:00,10.81,,,,,
14488,08/06/2025 00:05:00,10.77,,,,,
14489,08/06/2025 00:10:00,10.64,,,,,
14490,08/06/2025 00:15:00,10.59,,,,,
14491,08/06/2025 00:20:00,10.42,,,,,
14492,08/06/2025 00:25:00,10.38,,,,,
14493,08/06/2025 00:30:00,10.29,,,,,
14494,08/06/2025 00:35:00,10.29,,,,,
14495,08/06/2025 00:40:00,10.12,,,,,
14496,08/06/2025 00:45:00,10.04,,,,,
14497,08/06/2025 00:50:00,10.08,,,,,
14498,08/06/2025 00:55:00,9.95,,,,,
14499,08/06/2025 01:00:00,9.91,,,,,
14500,08/06/2025 01:05:00,9.91,,,,,
14501,08/06/2025 01:10:00,9.86,,,,,
14502,08/06/2025 01:15:00,9.74,,,,,
14503,08/06/2025 01:20:00,9.65,,,,,
14504,08/06/2025 01:25:00,9.65,,,,,
14505,08/06/2025 01:30:00,9.56,,,,,
14506,08/06/2025 01:35:00,9.52,,,,,
14507,08/06/2025 01:40:00,9.48,,,,,
14508,08/06/2025 01:45:00,9.44,,,,,
14509,08/06/2025 01:50:00,9.48,,,,,
14510,08/06/2025 01:55:00,9.44,,,,,
14511,08/06/2025 02:00:00,9.48,,,,,
14512,08/06/2025 02:05:00,9.39,,,,,
14513,08/06/2025 02:10:00,9.39,,,,,
14514,08/06/2025 02:15:00,9.35,,,,,
14515,08/06/2025 02:20:00,9.31,,,,,
14516,08/06/2025 02:25:00,9.26,,,,,
14517,08/06/2025 02:30:00,9.22,,,,,
14518,08/06/2025 02:35:00,9.18,,,,,
14519,08/06/2025 02:40:00,9.18,,,,,
14520,08/06/2025 02:45:00,9.18,,,,,
14521,08/06/2025 02:50:00,9.09,,,,,
14522,08/06/2025 02:55:00,9.14,,,,,
14523,08/06/2025 03:00:00,9.05,,,,,
14524,08/06/2025 03:05:00,9.09,,,,,
14525,08/06/2025 03:10:00,9.05,,,,,
14526,08/06/2025 03:15:00,9.01,,,,,
14527,08/06/2025 03:20:00,8.96,,,,,
14528,08/06/2025 03:25:00,8.96,,,,,
14529,08/06/2025 03:30:00,8.92,,,,,
14530,08/06/2025 03:35:00,8.96,,,,,
14531,08/06/2025 03:40:00,8.92,,,,,
14532,08/06/2025 03:45:00,8.92,,,,,
14533,08/06/2025 03:50:00,8.88,,,,,
14534,08/06/2025 03:55:00,8.88,,,,,
14535,08/06/2025 04:00:00,8.88,,,,,
14536,08/06/2025 04:05:00,8.83,,,,,
14537,08/06/2025 04:10:00,8.79,,,,,
14538,08/06/2025 04:15:00,8.79,,,,,
14539,08/06/2025 04:20:00,8.79,,,,,
14540,08/06/2025 04:25:00,8.79,,,,,
14541,08/06/2025 04:30:00,8.79,,,,,
14542,08/06/2025 04:35:00,8.79,,,,,
14543,08/06/2025 04:40:00,8.75,,,,,
14544,08/06/2025 04:45:00,8.79,,,,,
14545,08/06/2025 04:50:00,8.71,,,,,
14546,08/06/2025 04:55:00,8.75,,,,,
14547,08/06/2025 05:00:00,8.75,,,,,
14548,08/06/2025 05:05:00,8.75,,,,,
14549,08/06/2025 05:10:00,8.75,,,,,
14550,08/06/2025 05:15:00,8.71,,,,,
14551,08/06/2025 05:20:00,8.79,,,,,
14552,08/06/2025 05:25:00,8.83,,,,,
14553,08/06/2025 05:30:00,8.88,,,,,
14554,08/06/2025 05:35:00,9.14,,,,,
14555,08/06/2025 05:40:00,9.26,,,,,
14556,08/06/2025 05:45:00,9.52,,,,,
14557,08/06/2025 05:50:00,9.56,,,,,
14558,08/06/2025 05:55:00,9.74,,,,,
14559,08/06/2025 06:00:00,9.86,,,,,
14560,08/06/2025 06:05:00,9.91,,,,,
14561,08/06/2025 06:10:00,10.04,,,,,
14562,08/06/2025 06:15:00,10.04,,,,,
14563,08/06/2025 06:20:00,10.12,,,,,
14564,08/06/2025 06:25:00,10.16,,,,,
14565,08/06/2025 06:30:00,10.21,,,,,
14566,08/06/2025 06:35:00,10.29,,,,,
14567,08/06/2025 06:40:00,10.29,,,,,
14568,08/06/2025 06:45:00,10.34,,,,,
14569,08/06/2025 06:50:00,10.42,,,,,
14570,08/06/2025 06:55:00,10.51,,,,,
14571,08/06/2025 07:00:00,10.59,,,,,
14572,08/06/2025 07:05:00,10.59,,,,,
14573,08/06/2025 07:10:00,10.72,,,,,
14574,08/06/2025 07:15:00,10.77,,,,,
14575,08/06/2025 07:20:00,10.94,,,,,
14576,08/06/2025 07:25:00,10.98,,,,,
14577,08/06/2025 07:30:00,11.11,,,,,
14578,08/06/2025 07:35:00,11.15,,,,,
14579,08/06/2025 07:40:00,11.28,,,,,
14580,08/06/2025 07:45:00,11.45,,,,,
14581,08/06/2025 07:50:00,11.62,,,,,
14582,08/06/2025 07:55:00,11.79,,,,,
14583,08/06/2025 08:00:00,12.05,,,,,
14584,08/06/2025 08:05:00,12.18,,,,,
14585,08/06/2025 08:10:00,12.44,,,,,
14586,08/06/2025 08:15:00,12.61,,,,,
14587,08/06/2025 08:20:00,12.82,,,,,
14588,08/06/2025 08:25:00,13.08,,,,,
14589,08/06/2025 08:30:00,13.30,,,,,
14590,08/06/2025 08:35:00,13.51,,,,,
14591,08/06/2025 08:40:00,13.77,,,,,
14592,08/06/2025 08:45:00,14.03,,,,,
14593,08/06/2025 08:50:00,14.24,,,,,
14594,08/06/2025 08:55:00,14.45,,,,,
14595,08/06/2025 09:00:00,14.75,,,,,
14596,08/06/2025 09:05:00,14.88,,,,,
14597,08/06/2025 09:10:00,15.40,,,,,
14598,08/06/2025 09:15:00,15.74,,,,,
14599,08/06/2025 09:20:00,16.13,,,,,
14600,08/06/2025 09:25:00,16.39,,,,,
14601,08/06/2025 09:30:00,16.56,,,,,
14602,08/06/2025 09:35:00,16.64,,,,,
14603,08/06/2025 09:40:00,16.86,,,,,
14604,08/06/2025 09:45:00,17.03,,,,,
14605,08/06/2025 09:50:00,17.11,,,,,
14606,08/06/2025 09:55:00,17.16,,,,,
14607,08/06/2025 10:00:00,17.29,,,,,
14608,08/06/2025 10:05:00,17.41,,,,,
14609,08/06/2025 10:10:00,17.50,,,,,
14610,08/06/2025 10:15:00,17.59,,,,,
14611,08/06/2025 10:20:00,17.67,,,,,
14612,08/06/2025 10:25:00,17.76,,,,,
14613,08/06/2025 10:30:00,17.84,,,,,
14614,08/06/2025 10:35:00,17.93,,,,,
14615,08/06/2025 10:40:00,17.97,,,,,
14616,08/06/2025 10:45:00,18.06,,,,,
14617,08/06/2025 10:50:00,18.10,,,,,
14618,08/06/2025 10:55:00,18.19,,,,,
14619,08/06/2025 11:00:00,18.19,,,,,
14620,08/06/2025 11:05:00,18.23,,,,,
14621,08/06/2025 11:10:00,18.32,,,,,
14622,08/06/2025 11:15:00,18.27,,,,,
14623,08/06/2025 11:20:00,18.27,,,,,
14624,08/06/2025 11:25:00,18.32,,,,,
14625,08/06/2025 11:30:00,18.36,,,,,
14626,08/06/2025 11:35:00,18.36,,,,,
14627,08/06/2025 11:40:00,18.23,,,,,
14628,08/06/2025 11:45:00,18.23,,,,,
14629,08/06/2025 11:50:00,18.32,,,,,
14630,08/06/2025 11:55:00,18.32,,,,,
14631,08/06/2025 12:00:00,18.32,,,,,
14632,08/06/2025 12:05:00,18.32,,,,,
14633,08/06/2025 12:10:00,18.36,,,,,
14634,08/06/2025 12:15:00,18.36,,,,,
14635,08/06/2025 12:20:00,18.40,,,,,
14636,08/06/2025 12:25:00,18.44,,,,,
14637,08/06/2025 12:30:00,18.44,,,,,
14638,08/06/2025 12:35:00,18.57,,,,,
14639,08/06/2025 12:40:00,18.70,,,,,
14640,08/06/2025 12:45:00,18.74,,,,,
14641,08/06/2025 12:50:00,18.87,,,,,
14642,08/06/2025 12:55:00,18.92,,,,,
14643,08/06/2025 13:00:00,19.05,,,,,
14644,08/06/2025 13:05:00,19.05,,,,,
14645,08/06/2025 13:10:00,19.05,,,,,
14646,08/06/2025 13:15:00,19.09,,,,,
14647,08/06/2025 13:20:00,19.09,,,,,
14648,08/06/2025 13:25:00,19.13,,,,,
14649,08/06/2025 13:30:00,19.17,,,,,
14650,08/06/2025 13:35:00,19.17,,,,,
14651,08/06/2025 13:40:00,19.17,,,,,
14652,08/06/2025 13:45:00,19.22,,,,,
14653,08/06/2025 13:50:00,19.22,,,,,
14654,08/06/2025 13:55:00,19.17,,,,,
14655,08/06/2025 14:00:00,19.22,,,,,
14656,08/06/2025 14:05:00,19.22,,,,,
14657,08/06/2025 14:10:00,19.22,,,,,
14658,08/06/2025 14:15:00,19.26,,,,,
14659,08/06/2025 14:20:00,19.26,,,,,
14660,08/06/2025 14:25:00,19.26,,,,,
14661,08/06/2025 14:30:00,19.35,,,,,
14662,08/06/2025 14:35:00,19.30,,,,,
14663,08/06/2025 14:40:00,19.47,,,,,
14664,08/06/2025 14:45:00,19.52,,,,,
14665,08/06/2025 14:50:00,19.56,,,,,
14666,08/06/2025 14:55:00,19.60,,,,,
14667,08/06/2025 15:00:00,19.65,,,,,
14668,08/06/2025 15:05:00,19.73,,,,,
14669,08/06/2025 15:10:00,19.82,,,,,
14670,08/06/2025 15:15:00,19.86,,,,,
14671,08/06/2025 15:20:00,19.99,,,,,
14672,08/06/2025 15:25:00,20.03,,,,,
14673,08/06/2025 15:30:00,20.12,,,,,
14674,08/06/2025 15:35:00,20.12,,,,,
14675,08/06/2025 15:40:00,20.16,,,,,
14676,08/06/2025 15:45:00,20.16,,,,,
14677,08/06/2025 15:50:00,20.20,,,,,
14678,08/06/2025 15:55:00,20.25,,,,,
14679,08/06/2025 16:00:00,20.29,,,,,
14680,08/06/2025 16:05:00,20.33,,,,,
14681,08/06/2025 16:10:00,20.33,,,,,
14682,08/06/2025 16:15:00,20.33,,,,,
14683,08/06/2025 16:20:00,20.33,,,,,
14684,08/06/2025 16:25:00,20.42,,,,,
14685,08/06/2025 16:30:00,20.42,,,,,
14686,08/06/2025 16:35:00,20.42,,,,,
14687,08/06/2025 16:40:00,20.37,,,,,
14688,08/06/2025 16:45:00,20.29,,,,,
14689,08/06/2025 16:50:00,20.25,,,,,
14690,08/06/2025 16:55:00,20.12,,,,,
14691,08/06/2025 17:00:00,20.12,,,,,
14692,08/06/2025 17:05:00,20.12,,,,,
14693,08/06/2025 17:10:00,20.07,,,,,
14694,08/06/2025 17:15:00,20.07,,,,,
14695,08/06/2025 17:20:00,20.07,,,,,
14696,08/06/2025 17:25:00,19.99,,,,,
14697,08/06/2025 17:30:00,20.03,,,,,
14698,08/06/2025 17:35:00,20.03,,,,,
14699,08/06/2025 17:40:00,20.07,,,,,
14700,08/06/2025 17:45:00,20.03,,,,,
14701,08/06/2025 17:50:00,20.12,,,,,
14702,08/06/2025 17:55:00,20.07,,,,,
14703,08/06/2025 18:00:00,20.16,,,,,
14704,08/06/2025 18:05:00,20.12,,,,,
14705,08/06/2025 18:10:00,20.12,,,,,
14706,08/06/2025 18:15:00,20.07,,,,,
14707,08/06/2025 18:20:00,20.12,,,,,
14708,08/06/2025 18:25:00,20.07,,,,,
14709,08/06/2025 18:30:00,20.07,,,,,
14710,08/06/2025 18:35:00,20.03,,,,,
14711,08/06/2025 18:40:00,19.95,,,,,
14712,08/06/2025 18:45:00,19.90,,,,,
14713,08/06/2025 18:50:00,19.77,,,,,
14714,08/06/2025 18:55:00,19.56,,,,,
14715,08/06/2025 19:00:00,19.35,,,,,
14716,08/06/2025 19:05:00,19.09,,,,,
14717,08/06/2025 19:10:00,18.96,,,,,
14718,08/06/2025 19:15:00,18.87,,,,,
14719,08/06/2025 19:20:00,18.92,,,,,
14720,08/06/2025 19:25:00,18.83,,,,,
14721,08/06/2025 19:30:00,18.74,,,,,
14722,08/06/2025 19:35:00,18.74,,,,,
14723,08/06/2025 19:40:00,18.57,,,,,
14724,08/06/2025 19:45:00,18.40,,,,,
14725,08/06/2025 19:50:00,18.27,,,,,
14726,08/06/2025 19:55:00,18.10,,,,,
14727,08/06/2025 20:00:00,17.93,,,,,
14728,08/06/2025 20:05:00,17.76,,,,,
14729,08/06/2025 20:10:00,17.59,,,,,
14730,08/06/2025 20:15:00,17.41,,,,,
14731,08/06/2025 20:20:00,17.29,,,,,
14732,08/06/2025 20:25:00,17.20,,,,,
14733,08/06/2025 20:30:00,17.11,,,,,
14734,08/06/2025 20:35:00,17.07,,,,,
14735,08/06/2025 20:40:00,17.03,,,,,
14736,08/06/2025 20:45:00,16.99,,,,,
14737,08/06/2025 20:50:00,16.90,,,,,
14738,08/06/2025 20:55:00,16.90,,,,,
14739,08/06/2025 21:00:00,16.69,,,,,
14740,08/06/2025 21:05:00,16.69,,,,,
14741,08/06/2025 21:10:00,16.47,,,,,
14742,08/06/2025 21:15:00,16.30,,,,,
14743,08/06/2025 21:20:00,16.13,,,,,
14744,08/06/2025 21:25:00,16.04,,,,,
14745,08/06/2025 21:30:00,15.78,,,,,
14746,08/06/2025 21:35:00,15.61,,,,,
14747,08/06/2025 21:40:00,15.40,,,,,
14748,08/06/2025 21:45:00,15.27,,,,,
14749,08/06/2025 21:50:00,15.10,,,,,
14750,08/06/2025 21:55:00,14.93,,,,,
14751,08/06/2025 22:00:00,14.71,,,,,
14752,08/06/2025 22:05:00,14.63,,,,,
14753,08/06/2025 22:10:00,14.41,,,,,
14754,08/06/2025 22:15:00,14.28,,,,,
14755,08/06/2025 22:20:00,14.20,,,,,
14756,08/06/2025 22:25:00,14.11,,,,,
14757,08/06/2025 22:30:00,13.94,,,,,
14758,08/06/2025 22:35:00,13.85,,,,,
14759,08/06/2025 22:40:00,13.68,,,,,
14760,08/06/2025 22:45:00,13.55,,,,,
14761,08/06/2025 22:50:00,13.38,,,,,
14762,08/06/2025 22:55:00,13.30,,,,,
14763,08/06/2025 23:00:00,13.17,,,,,
14764,08/06/2025 23:05:00,13.04,,,,,
14765,08/06/2025 23:10:00,12.91,,,,,
14766,08/06/2025 23:15:00,12.82,,,,,
14767,08/06/2025 23:20:00,12.70,,,,,
14768,08/06/2025 23:25:00,12.52,,,,,
14769,08/06/2025 23:30:00,12.48,,,,,
14770,08/06/2025 23:35:00,12.40,,,,,
14771,08/06/2025 23:40:00,12.31,,,,,
14772,08/06/2025 23:45:00,12.18,,,,,
14773,08/06/2025 23:50:00,12.14,,,,,
14774,08/06/2025 23:55:00,12.10,,,,,
14775,08/07/2025 00:00:00,12.01,,,,,
14776,08/07/2025 00:05:00,11.92,,,,,
14777,08/07/2025 00:10:00,11.88,,,,,
14778,08/07/2025 00:15:00,11.79,,,,,
14779,08/07/2025 00:20:00,11.79,,,,,
14780,08/07/2025 00:25:00,11.75,,,,,
14781,08/07/2025 00:30:00,11.71,,,,,
14782,08/07/2025 00:35:00,11.67,,,,,
14783,08/07/2025 00:40:00,11.67,,,,,
14784,08/07/2025 00:45:00,11.62,,,,,
14785,08/07/2025 00:50:00,11.58,,,,,
14786,08/07/2025 00:55:00,11.54,,,,,
14787,08/07/2025 01:00:00,11.54,,,,,
14788,08/07/2025 01:05:00,11.54,,,,,
14789,08/07/2025 01:10:00,11.49,,,,,
14790,08/07/2025 01:15:00,11.45,,,,,
14791,08/07/2025 01:20:00,11.41,,,,,
14792,08/07/2025 01:25:00,11.37,,,,,
14793,08/07/2025 01:30:00,11.32,,,,,
14794,08/07/2025 01:35:00,11.28,,,,,
14795,08/07/2025 01:40:00,11.19,,,,,
14796,08/07/2025 01:45:00,11.11,,,,,
14797,08/07/2025 01:50:00,11.07,,,,,
14798,08/07/2025 01:55:00,10.98,,,,,
14799,08/07/2025 02:00:00,10.94,,,,,
14800,08/07/2025 02:05:00,10.81,,,,,
14801,08/07/2025 02:10:00,10.81,,,,,
14802,08/07/2025 02:15:00,10.68,,,,,
14803,08/07/2025 02:20:00,10.64,,,,,
14804,08/07/2025 02:25:00,10.59,,,,,
14805,08/07/2025 02:30:00,10.55,,,,,
14806,08/07/2025 02:35:00,10.51,,,,,
14807,08/07/2025 02:40:00,10.42,,,,,
14808,08/07/2025 02:45:00,10.34,,,,,
14809,08/07/2025 02:50:00,10.34,,,,,
14810,08/07/2025 02:55:00,10.29,,,,,
14811,08/07/2025 03:00:00,10.21,,,,,
14812,08/07/2025 03:05:00,10.21,,,,,
14813,08/07/2025 03:10:00,10.16,,,,,
14814,08/07/2025 03:15:00,10.21,,,,,
14815,08/07/2025 03:20:00,10.12,,,,,
14816,08/07/2025 03:25:00,10.12,,,,,
14817,08/07/2025 03:30:00,10.12,,,,,
14818,08/07/2025 03:35:00,10.12,,,,,
14819,08/07/2025 03:40:00,10.08,,,,,
14820,08/07/2025 03:45:00,10.04,,,,,
14821,08/07/2025 03:50:00,9.99,,,,,
14822,08/07/2025 03:55:00,10.04,,,,,
14823,08/07/2025 04:00:00,9.99,,,,,
14824,08/07/2025 04:05:00,9.99,,,,,
14825,08/07/2025 04:10:00,9.99,,,,,
14826,08/07/2025 04:15:00,9.91,,,,,
14827,08/07/2025 04:20:00,9.95,,,,,
14828,08/07/2025 04:25:00,9.91,,,,,
14829,08/07/2025 04:30:00,9.86,,,,,
14830,08/07/2025 04:35:00,9.91,,,,,
14831,08/07/2025 04:40:00,9.91,,,,,
14832,08/07/2025 04:45:00,9.82,,,,,
14833,08/07/2025 04:50:00,9.82,,,,,
14834,08/07/2025 04:55:00,9.82,,,,,
14835,08/07/2025 05:00:00,9.78,,,,,
14836,08/07/2025 05:05:00,9.78,,,,,
14837,08/07/2025 05:10:00,9.74,,,,,
14838,08/07/2025 05:15:00,9.74,,,,,
14839,08/07/2025 05:20:00,9.74,,,,,
14840,08/07/2025 05:25:00,9.74,,,,,
14841,08/07/2025 05:30:00,9.82,,,,,
14842,08/07/2025 05:35:00,9.86,,,,,
14843,08/07/2025 05:40:00,9.91,,,,,
14844,08/07/2025 05:45:00,9.95,,,,,
14845,08/07/2025 05:50:00,10.08,,,,,
14846,08/07/2025 05:55:00,10.12,,,,,
14847,08/07/2025 06:00:00,10.25,,,,,
14848,08/07/2025 06:05:00,10.34,,,,,
14849,08/07/2025 06:10:00,10.38,,,,,
14850,08/07/2025 06:15:00,10.46,,,,,
14851,08/07/2025 06:20:00,10.59,,,,,
14852,08/07/2025 06:25:00,10.72,,,,,
14853,08/07/2025 06:30:00,10.85,,,,,
14854,08/07/2025 06:35:00,11.02,,,,,
14855,08/07/2025 06:40:00,11.11,,,,,
14856,08/07/2025 06:45:00,11.19,,,,,
14857,08/07/2025 06:50:00,11.32,,,,,
14858,08/07/2025 06:55:00,11.41,,,,,
14859,08/07/2025 07:00:00,11.58,,,,,
14860,08/07/2025 07:05:00,11.71,,,,,
14861,08/07/2025 07:10:00,11.71,,,,,
14862,08/07/2025 07:15:00,11.88,,,,,
14863,08/07/2025 07:20:00,11.75,,,,,
14864,08/07/2025 07:25:00,11.41,,,,,
14865,08/07/2025 07:30:00,11.28,,,,,
14866,08/07/2025 07:35:00,11.19,,,,,
14867,08/07/2025 07:40:00,11.19,,,,,
14868,08/07/2025 07:45:00,11.19,,,,,
14869,08/07/2025 07:50:00,11.28,,,,,
14870,08/07/2025 07:55:00,11.32,,,,,
14871,08/07/2025 08:00:00,11.49,,,,,
14872,08/07/2025 08:05:00,11.75,,,,,
14873,08/07/2025 08:10:00,11.97,,,,,
14874,08/07/2025 08:15:00,12.31,,,,,
14875,08/07/2025 08:20:00,12.61,,,,,
14876,08/07/2025 08:25:00,12.91,,,,,
14877,08/07/2025 08:30:00,13.30,,,,,
14878,08/07/2025 08:35:00,13.60,,,,,
14879,08/07/2025 08:40:00,13.85,,,,,
14880,08/07/2025 08:45:00,14.11,,,,,
14881,08/07/2025 08:50:00,14.28,,,,,
14882,08/07/2025 08:55:00,14.50,,,,,
14883,08/07/2025 09:00:00,14.93,,,,,
14884,08/07/2025 09:05:00,15.83,,,,,
14885,08/07/2025 09:10:00,16.64,,,,,
14886,08/07/2025 09:15:00,16.69,,,,,
14887,08/07/2025 09:20:00,16.73,,,,,
14888,08/07/2025 09:25:00,17.67,,,,,
14889,08/07/2025 09:30:00,17.50,,,,,
14890,08/07/2025 09:35:00,17.07,,,,,
14891,08/07/2025 09:40:00,16.39,,,,,
14892,08/07/2025 09:45:00,15.57,,,,,
14893,08/07/2025 09:50:00,14.88,,,,,
14894,08/07/2025 09:55:00,14.15,,,,,
14895,08/07/2025 10:00:00,13.47,,,,,
14896,08/07/2025 10:05:00,12.87,,,,,
14897,08/07/2025 10:10:00,12.31,,,,,
14898,08/07/2025 10:15:00,11.79,,,,,
14899,08/07/2025 10:20:00,11.45,,,,,
14900,08/07/2025 10:25:00,11.15,,,,,
14901,08/07/2025 10:30:00,10.85,,,,,
14902,08/07/2025 10:35:00,10.59,,,,,
14903,08/07/2025 10:40:00,10.29,,,,,
14904,08/07/2025 10:45:00,10.04,,,,,
14905,08/07/2025 10:50:00,9.91,,,,,
14906,08/07/2025 10:55:00,9.69,,,,,
14907,08/07/2025 11:00:00,9.48,,,,,
14908,08/07/2025 11:05:00,9.35,,,,,
14909,08/07/2025 11:10:00,9.26,,,,,
14910,08/07/2025 11:15:00,9.14,,,,,
14911,08/07/2025 11:20:00,9.01,,,,,
14912,08/07/2025 11:25:00,8.96,,,,,
14913,08/07/2025 11:30:00,8.88,,,,,
14914,08/07/2025 11:35:00,8.88,,,,,
14915,08/07/2025 11:40:00,8.83,,,,,
14916,08/07/2025 11:45:00,8.83,,,,,
14917,08/07/2025 11:50:00,8.75,,,,,
14918,08/07/2025 11:55:00,8.79,,,,,
14919,08/07/2025 12:00:00,8.75,,,,,
14920,08/07/2025 12:05:00,8.79,,,,,
14921,08/07/2025 12:10:00,8.75,,,,,
14922,08/07/2025 12:15:00,8.71,,,,,
14923,08/07/2025 12:20:00,8.75,,,,,
14924,08/07/2025 12:25:00,8.79,,,,,
14925,08/07/2025 12:30:00,8.79,,,,,
14926,08/07/2025 12:35:00,8.83,,,,,
14927,08/07/2025 12:40:00,8.92,,,,,
14928,08/07/2025 12:45:00,8.92,,,,,
14929,08/07/2025 12:50:00,8.88,,,,,
14930,08/07/2025 12:55:00,8.88,,,,,
14931,08/07/2025 13:00:00,8.92,,,,,
14932,08/07/2025 13:05:00,8.96,,,,,
14933,08/07/2025 13:10:00,9.05,,,,,
14934,08/07/2025 13:15:00,9.14,,,,,
14935,08/07/2025 13:20:00,9.18,,,,,
14936,08/07/2025 13:25:00,9.09,,,,,
14937,08/07/2025 13:30:00,9.14,,,,,
14938,08/07/2025 13:35:00,9.09,,,,,
14939,08/07/2025 13:40:00,9.09,,,,,
14940,08/07/2025 13:45:00,9.09,,,,,
14941,08/07/2025 13:50:00,9.01,,,,,
14942,08/07/2025 13:55:00,9.01,,,,,
14943,08/07/2025 14:00:00,9.05,,,,,
14944,08/07/2025 14:05:00,9.14,,,,,
14945,08/07/2025 14:10:00,9.09,,,,,
14946,08/07/2025 14:15:00,9.22,,,,,
14947,08/07/2025 14:20:00,9.31,,,,,
14948,08/07/2025 14:25:00,9.35,,,,,
14949,08/07/2025 14:30:00,9.48,,,,,
14950,08/07/2025 14:35:00,9.56,,,,,
14951,08/07/2025 14:40:00,9.61,,,,,
14952,08/07/2025 14:45:00,9.52,,,,,
14953,08/07/2025 14:50:00,9.48,,,,,
14954,08/07/2025 14:55:00,9.48,,,,,
14955,08/07/2025 15:00:00,9.48,,,,,
14956,08/07/2025 15:05:00,9.56,,,,,
14957,08/07/2025 15:10:00,9.61,,,,,
14958,08/07/2025 15:15:00,9.74,,,,,
14959,08/07/2025 15:20:00,9.69,,,,,
14960,08/07/2025 15:25:00,9.86,,,,,
14961,08/07/2025 15:30:00,9.91,,,,,
14962,08/07/2025 15:35:00,10.04,,,,,
14963,08/07/2025 15:40:00,10.16,,,,,
14964,08/07/2025 15:45:00,10.29,,,,,
14965,08/07/2025 15:50:00,10.55,,,,,
14966,08/07/2025 15:55:00,10.72,,,,,
14967,08/07/2025 16:00:00,10.94,,,,,
14968,08/07/2025 16:05:00,11.24,,,,,
14969,08/07/2025 16:10:00,11.54,,,,,
14970,08/07/2025 16:15:00,11.92,,,,,
14971,08/07/2025 16:20:00,12.31,,,,,
14972,08/07/2025 16:25:00,12.70,,,,,
14973,08/07/2025 16:30:00,13.21,,,,,
14974,08/07/2025 16:35:00,13.85,,,,,
14975,08/07/2025 16:40:00,14.28,,,,,
14976,08/07/2025 16:45:00,14.93,,,,,
14977,08/07/2025 16:50:00,15.74,,,,,
14978,08/07/2025 16:55:00,16.64,,,,,
14979,08/07/2025 17:00:00,17.67,,,,,
14980,08/07/2025 17:05:00,18.92,,,,,
14981,08/07/2025 17:10:00,19.22,,,,,
14982,08/07/2025 17:15:00,19.00,,,,,
14983,08/07/2025 17:20:00,18.53,,,,,
14984,08/07/2025 17:25:00,17.72,,,,,
14985,08/07/2025 17:30:00,16.90,,,,,
14986,08/07/2025 17:35:00,16.21,,,,,
14987,08/07/2025 17:40:00,15.66,,,,,
14988,08/07/2025 17:45:00,15.06,,,,,
14989,08/07/2025 17:50:00,14.63,,,,,
14990,08/07/2025 17:55:00,14.33,,,,,
14991,08/07/2025 18:00:00,14.07,,,,,
14992,08/07/2025 18:05:00,13.90,,,,,
14993,08/07/2025 18:10:00,13.64,,,,,
14994,08/07/2025 18:15:00,13.21,,,,,
14995,08/07/2025 18:20:00,12.82,,,,,
14996,08/07/2025 18:25:00,12.48,,,,,
14997,08/07/2025 18:30:00,12.22,,,,,
14998,08/07/2025 18:35:00,11.97,,,,,
14999,08/07/2025 18:40:00,11.67,,,,,
15000,08/07/2025 18:45:00,11.41,,,,,
15001,08/07/2025 18:50:00,11.11,,,,,
15002,08/07/2025 18:55:00,10.85,,,,,
15003,08/07/2025 19:00:00,10.59,,,,,
15004,08/07/2025 19:05:00,10.29,,,,,
15005,08/07/2025 19:10:00,10.08,,,,,
15006,08/07/2025 19:15:00,9.74,,,,,
15007,08/07/2025 19:20:00,9.35,,,,,
15008,08/07/2025 19:25:00,9.05,,,,,
15009,08/07/2025 19:30:00,8.71,,,,,
15010,08/07/2025 19:35:00,8.45,,,,,
15011,08/07/2025 19:40:00,8.28,,,,,
15012,08/07/2025 19:45:00,8.15,,,,,
15013,08/07/2025 19:50:00,8.02,,,,,
15014,08/07/2025 19:55:00,7.93,,,,,
15015,08/07/2025 20:00:00,7.81,,,,,
15016,08/07/2025 20:05:00,7.72,,,,,
15017,08/07/2025 20:10:00,7.55,,,,,
15018,08/07/2025 20:15:00,7.46,,,,,
15019,08/07/2025 20:20:00,7.33,,,,,
15020,08/07/2025 20:25:00,7.33,,,,,
15021,08/07/2025 20:30:00,7.25,,,,,
15022,08/07/2025 20:35:00,7.33,,,,,
15023,08/07/2025 20:40:00,7.38,,,,,
15024,08/07/2025 20:45:00,7.33,,,,,
15025,08/07/2025 20:50:00,7.20,,,,,
15026,08/07/2025 20:55:00,7.12,,,,,
15027,08/07/2025 21:00:00,6.99,,,,,
15028,08/07/2025 21:05:00,6.86,,,,,
15029,08/07/2025 21:10:00,6.86,,,,,
15030,08/07/2025 21:15:00,6.99,,,,,
15031,08/07/2025 21:20:00,7.12,,,,,
15032,08/07/2025 21:25:00,7.25,,,,,
15033,08/07/2025 21:30:00,7.33,,,,,
15034,08/07/2025 21:35:00,7.33,,,,,
15035,08/07/2025 21:40:00,7.29,,,,,
15036,08/07/2025 21:45:00,7.20,,,,,
15037,08/07/2025 21:50:00,7.16,,,,,
15038,08/07/2025 21:55:00,7.93,,,,,
15039,08/07/2025 22:00:00,8.75,,,,,
15040,08/07/2025 22:05:00,9.52,,,,,
15041,08/07/2025 22:10:00,10.16,,,,,
15042,08/07/2025 22:15:00,10.72,,,,,
15043,08/07/2025 22:20:00,11.19,,,,,
15044,08/07/2025 22:25:00,11.54,,,,,
15045,08/07/2025 22:30:00,11.84,,,,,
15046,08/07/2025 22:35:00,12.10,,,,,
15047,08/07/2025 22:40:00,12.35,,,,,
15048,08/07/2025 22:45:00,12.48,,,,,
15049,08/07/2025 22:50:00,12.61,,,,,
15050,08/07/2025 22:55:00,12.74,,,,,
15051,08/07/2025 23:00:00,12.78,,,,,
15052,08/07/2025 23:05:00,12.87,,,,,
15053,08/07/2025 23:10:00,12.91,,,,,
15054,08/07/2025 23:15:00,12.91,,,,,
15055,08/07/2025 23:20:00,12.95,,,,,
15056,08/07/2025 23:25:00,12.95,,,,,
15057,08/07/2025 23:30:00,13.00,,,,,
15058,08/07/2025 23:35:00,13.00,,,,,
15059,08/07/2025 23:40:00,13.00,,,,,
15060,08/07/2025 23:45:00,13.00,,,,,
15061,08/07/2025 23:50:00,13.00,,,,,
15062,08/07/2025 23:55:00,13.00,,,,,
15063,08/08/2025 00:00:00,12.95,,,,,
15064,08/08/2025 00:05:00,12.95,,,,,
15065,08/08/2025 00:10:00,12.95,,,,,
15066,08/08/2025 00:15:00,12.91,,,,,
15067,08/08/2025 00:20:00,12.91,,,,,
15068,08/08/2025 00:25:00,12.87,,,,,
15069,08/08/2025 00:30:00,12.82,,,,,
15070,08/08/2025 00:35:00,12.78,,,,,
15071,08/08/2025 00:40:00,12.78,,,,,
15072,08/08/2025 00:45:00,12.74,,,,,
15073,08/08/2025 00:50:00,12.70,,,,,
15074,08/08/2025 00:55:00,12.70,,,,,
15075,08/08/2025 01:00:00,12.65,,,,,
15076,08/08/2025 01:05:00,12.57,,,,,
15077,08/08/2025 01:10:00,12.57,,,,,
15078,08/08/2025 01:15:00,12.57,,,,,
15079,08/08/2025 01:20:00,12.52,,,,,
15080,08/08/2025 01:25:00,12.44,,,,,
15081,08/08/2025 01:30:00,12.40,,,,,
15082,08/08/2025 01:35:00,12.40,,,,,
15083,08/08/2025 01:40:00,12.31,,,,,
15084,08/08/2025 01:45:00,12.35,,,,,
15085,08/08/2025 01:50:00,12.31,,,,,
15086,08/08/2025 01:55:00,12.31,,,,,
15087,08/08/2025 02:00:00,12.22,,,,,
15088,08/08/2025 02:05:00,12.22,,,,,
15089,08/08/2025 02:10:00,12.14,,,,,
15090,08/08/2025 02:15:00,12.14,,,,,
15091,08/08/2025 02:20:00,12.10,,,,,
15092,08/08/2025 02:25:00,12.05,,,,,
15093,08/08/2025 02:30:00,12.05,,,,,
15094,08/08/2025 02:35:00,12.01,,,,,
15095,08/08/2025 02:40:00,11.92,,,,,
15096,08/08/2025 02:45:00,11.88,,,,,
15097,08/08/2025 02:50:00,11.84,,,,,
15098,08/08/2025 02:55:00,11.79,,,,,
15099,08/08/2025 03:00:00,11.79,,,,,
15100,08/08/2025 03:05:00,11.75,,,,,
15101,08/08/2025 03:10:00,11.67,,,,,
15102,08/08/2025 03:15:00,11.71,,,,,
15103,08/08/2025 03:20:00,11.58,,,,,
15104,08/08/2025 03:25:00,11.54,,,,,
15105,08/08/2025 03:30:00,11.58,,,,,
15106,08/08/2025 03:35:00,11.49,,,,,
15107,08/08/2025 03:40:00,11.49,,,,,
15108,08/08/2025 03:45:00,11.45,,,,,
15109,08/08/2025 03:50:00,11.41,,,,,
15110,08/08/2025 03:55:00,11.41,,,,,
15111,08/08/2025 04:00:00,11.32,,,,,
15112,08/08/2025 04:05:00,11.28,,,,,
15113,08/08/2025 04:10:00,11.24,,,,,
15114,08/08/2025 04:15:00,11.24,,,,,
15115,08/08/2025 04:20:00,11.15,,,,,
15116,08/08/2025 04:25:00,11.15,,,,,
15117,08/08/2025 04:30:00,11.07,,,,,
15118,08/08/2025 04:35:00,11.11,,,,,
15119,08/08/2025 04:40:00,11.07,,,,,
15120,08/08/2025 04:45:00,10.98,,,,,
15121,08/08/2025 04:50:00,10.98,,,,,
15122,08/08/2025 04:55:00,10.94,,,,,
15123,08/08/2025 05:00:00,10.89,,,,,
15124,08/08/2025 05:05:00,10.81,,,,,
15125,08/08/2025 05:10:00,10.81,,,,,
15126,08/08/2025 05:15:00,10.77,,,,,
15127,08/08/2025 05:20:00,10.81,,,,,
15128,08/08/2025 05:25:00,10.72,,,,,
15129,08/08/2025 05:30:00,10.68,,,,,
15130,08/08/2025 05:35:00,10.68,,,,,
15131,08/08/2025 05:40:00,10.64,,,,,
15132,08/08/2025 05:45:00,10.59,,,,,
15133,08/08/2025 05:50:00,10.55,,,,,
15134,08/08/2025 05:55:00,10.51,,,,,
15135,08/08/2025 06:00:00,10.51,,,,,
15136,08/08/2025 06:05:00,10.42,,,,,
15137,08/08/2025 06:10:00,10.46,,,,,
15138,08/08/2025 06:15:00,10.42,,,,,
15139,08/08/2025 06:20:00,10.46,,,,,
15140,08/08/2025 06:25:00,10.46,,,,,
15141,08/08/2025 06:30:00,10.46,,,,,
15142,08/08/2025 06:35:00,10.51,,,,,
15143,08/08/2025 06:40:00,10.59,,,,,
15144,08/08/2025 06:45:00,10.59,,,,,
15145,08/08/2025 06:50:00,10.68,,,,,
15146,08/08/2025 06:55:00,10.72,,,,,
15147,08/08/2025 07:00:00,10.81,,,,,
15148,08/08/2025 07:05:00,10.89,,,,,
15149,08/08/2025 07:10:00,10.94,,,,,
15150,08/08/2025 07:15:00,10.94,,,,,
15151,08/08/2025 07:20:00,11.07,,,,,
15152,08/08/2025 07:25:00,11.02,,,,,
15153,08/08/2025 07:30:00,11.15,,,,,
15154,08/08/2025 07:35:00,11.11,,,,,
15155,08/08/2025 07:40:00,11.15,,,,,
15156,08/08/2025 07:45:00,11.15,,,,,
15157,08/08/2025 07:50:00,11.15,,,,,
15158,08/08/2025 07:55:00,11.15,,,,,
15159,08/08/2025 08:00:00,11.15,,,,,
15160,08/08/2025 08:05:00,11.11,,,,,
15161,08/08/2025 08:10:00,11.15,,,,,
15162,08/08/2025 08:15:00,11.19,,,,,
15163,08/08/2025 08:20:00,11.19,,,,,
15164,08/08/2025 08:25:00,11.19,,,,,
15165,08/08/2025 08:30:00,11.24,,,,,
15166,08/08/2025 08:35:00,11.24,,,,,
15167,08/08/2025 08:40:00,11.28,,,,,
15168,08/08/2025 08:45:00,11.32,,,,,
15169,08/08/2025 08:50:00,11.41,,,,,
15170,08/08/2025 08:55:00,11.41,,,,,
15171,08/08/2025 09:00:00,11.41,,,,,
15172,08/08/2025 09:05:00,11.49,,,,,
15173,08/08/2025 09:10:00,11.54,,,,,
15174,08/08/2025 09:15:00,11.75,,,,,
15175,08/08/2025 09:20:00,11.75,,,,,
15176,08/08/2025 09:25:00,11.79,,,,,
15177,08/08/2025 09:30:00,11.84,,,,,
15178,08/08/2025 09:35:00,11.75,,,,,
15179,08/08/2025 09:40:00,11.79,,,,,
15180,08/08/2025 09:45:00,11.84,,,,,
15181,08/08/2025 09:50:00,11.84,,,,,
15182,08/08/2025 09:55:00,11.84,,,,,
15183,08/08/2025 10:00:00,11.88,,,,,
15184,08/08/2025 10:05:00,11.79,,,,,
15185,08/08/2025 10:10:00,11.84,,,,,
15186,08/08/2025 10:15:00,11.84,,,,,
15187,08/08/2025 10:20:00,11.79,,,,,
15188,08/08/2025 10:25:00,11.79,,,,,
15189,08/08/2025 10:30:00,11.79,,,,,
15190,08/08/2025 10:35:00,12.48,,,,,
15191,08/08/2025 10:40:00,13.00,,,,,
15192,08/08/2025 10:45:00,13.30,,,,,
15193,08/08/2025 10:50:00,13.51,,,,,
15194,08/08/2025 10:55:00,13.51,,,,,
15195,08/08/2025 11:00:00,13.21,,,,,
15196,08/08/2025 11:05:00,13.04,,,,,
15197,08/08/2025 11:10:00,12.95,,,,,
15198,08/08/2025 11:15:00,12.82,,,,,
15199,08/08/2025 11:20:00,12.78,,,,,
15200,08/08/2025 11:25:00,12.74,,,,,
15201,08/08/2025 11:30:00,12.65,,,,,
15202,08/08/2025 11:35:00,12.65,,,,,
15203,08/08/2025 11:40:00,12.61,,,,,
15204,08/08/2025 11:45:00,12.52,,,,,
15205,08/08/2025 11:50:00,12.52,,,,,
15206,08/08/2025 11:55:00,12.52,,,,,
15207,08/08/2025 12:00:00,12.48,,,,,
15208,08/08/2025 12:05:00,12.35,,,,,
15209,08/08/2025 12:10:00,12.31,,,,,
15210,08/08/2025 12:15:00,12.18,,,,,
15211,08/08/2025 12:20:00,12.18,,,,,
15212,08/08/2025 12:25:00,12.22,,,,,
15213,08/08/2025 12:30:00,12.35,,,,,
15214,08/08/2025 12:35:00,12.65,,,,,
15215,08/08/2025 12:40:00,12.95,,,,,
15216,08/08/2025 12:45:00,13.25,,,,,
15217,08/08/2025 12:50:00,13.60,,,,,
15218,08/08/2025 12:55:00,13.90,,,,,
15219,08/08/2025 13:00:00,14.15,,,,,
15220,08/08/2025 13:05:00,14.41,,,,,
15221,08/08/2025 13:10:00,14.54,,,,,
15222,08/08/2025 13:15:00,14.71,,,,,
15223,08/08/2025 13:20:00,14.93,,,,,
15224,08/08/2025 13:25:00,15.14,,,,,
15225,08/08/2025 13:30:00,15.40,,,,,
15226,08/08/2025 13:35:00,15.61,,,,,
15227,08/08/2025 13:40:00,15.87,,,,,
15228,08/08/2025 13:45:00,16.17,,,,,
15229,08/08/2025 13:50:00,16.43,,,,,
15230,08/08/2025 13:55:00,16.60,,,,,
15231,08/08/2025 14:00:00,16.69,,,,,
15232,08/08/2025 14:05:00,16.81,,,,,
15233,08/08/2025 14:10:00,16.94,,,,,
15234,08/08/2025 14:15:00,16.94,,,,,
15235,08/08/2025 14:20:00,16.99,,,,,
15236,08/08/2025 14:25:00,16.99,,,,,
15237,08/08/2025 14:30:00,16.94,,,,,
15238,08/08/2025 14:35:00,17.03,,,,,
15239,08/08/2025 14:40:00,16.94,,,,,
15240,08/08/2025 14:45:00,16.99,,,,,
15241,08/08/2025 14:50:00,16.99,,,,,
15242,08/08/2025 14:55:00,16.94,,,,,
15243,08/08/2025 15:00:00,16.99,,,,,
15244,08/08/2025 15:05:00,16.94,,,,,
15245,08/08/2025 15:10:00,16.94,,,,,
15246,08/08/2025 15:15:00,16.90,,,,,
15247,08/08/2025 15:20:00,16.90,,,,,
15248,08/08/2025 15:25:00,16.86,,,,,
15249,08/08/2025 15:30:00,16.81,,,,,
15250,08/08/2025 15:35:00,16.86,,,,,
15251,08/08/2025 15:40:00,16.81,,,,,
15252,08/08/2025 15:45:00,16.81,,,,,
15253,08/08/2025 15:50:00,16.81,,,,,
15254,08/08/2025 15:55:00,16.81,,,,,
15255,08/08/2025 16:00:00,16.77,,,,,
15256,08/08/2025 16:05:00,16.73,,,,,
15257,08/08/2025 16:10:00,16.77,,,,,
15258,08/08/2025 16:15:00,16.73,,,,,
15259,08/08/2025 16:20:00,16.73,,,,,
15260,08/08/2025 16:25:00,16.73,,,,,
15261,08/08/2025 16:30:00,16.69,,,,,
15262,08/08/2025 16:35:00,16.69,,,,,
15263,08/08/2025 16:40:00,16.64,,,,,
15264,08/08/2025 16:45:00,16.64,,,,,
15265,08/08/2025 16:50:00,16.60,,,,,
15266,08/08/2025 16:55:00,16.56,,,,,
15267,08/08/2025 17:00:00,16.60,,,,,
15268,08/08/2025 17:05:00,16.60,,,,,
15269,08/08/2025 17:10:00,16.56,,,,,
15270,08/08/2025 17:15:00,16.56,,,,,
15271,08/08/2025 17:20:00,16.56,,,,,
15272,08/08/2025 17:25:00,16.56,,,,,
15273,08/08/2025 17:30:00,16.56,,,,,
15274,08/08/2025 17:35:00,16.51,,,,,
15275,08/08/2025 17:40:00,16.51,,,,,
15276,08/08/2025 17:45:00,16.51,,,,,
15277,08/08/2025 17:50:00,16.51,,,,,
15278,08/08/2025 17:55:00,16.47,,,,,
15279,08/08/2025 18:00:00,16.47,,,,,
15280,08/08/2025 18:05:00,16.43,,,,,
15281,08/08/2025 18:10:00,16.43,,,,,
15282,08/08/2025 18:15:00,16.39,,,,,
15283,08/08/2025 18:20:00,16.43,,,,,
15284,08/08/2025 18:25:00,16.39,,,,,
15285,08/08/2025 18:30:00,16.30,,,,,
15286,08/08/2025 18:35:00,16.34,,,,,
15287,08/08/2025 18:40:00,16.34,,,,,
15288,08/08/2025 18:45:00,16.30,,,,,
15289,08/08/2025 18:50:00,16.30,,,,,
15290,08/08/2025 18:55:00,16.30,,,,,
15291,08/08/2025 19:00:00,16.26,,,,,
15292,08/08/2025 19:05:00,16.26,,,,,
15293,08/08/2025 19:10:00,16.26,,,,,
15294,08/08/2025 19:15:00,16.21,,,,,
15295,08/08/2025 19:20:00,16.21,,,,,
15296,08/08/2025 19:25:00,16.21,,,,,
15297,08/08/2025 19:30:00,16.17,,,,,
15298,08/08/2025 19:35:00,16.17,,,,,
15299,08/08/2025 19:40:00,16.17,,,,,
15300,08/08/2025 19:45:00,16.13,,,,,
15301,08/08/2025 19:50:00,16.13,,,,,
15302,08/08/2025 19:55:00,16.08,,,,,
15303,08/08/2025 20:00:00,16.08,,,,,
15304,08/08/2025 20:05:00,16.08,,,,,
15305,08/08/2025 20:10:00,16.04,,,,,
15306,08/08/2025 20:15:00,16.08,,,,,
15307,08/08/2025 20:20:00,16.04,,,,,
15308,08/08/2025 20:25:00,16.00,,,,,
15309,08/08/2025 20:30:00,15.96,,,,,
15310,08/08/2025 20:35:00,16.00,,,,,
15311,08/08/2025 20:40:00,15.91,,,,,
15312,08/08/2025 20:45:00,15.96,,,,,
15313,08/08/2025 20:50:00,15.96,,,,,
15314,08/08/2025 20:55:00,15.96,,,,,
15315,08/08/2025 21:00:00,15.96,,,,,
15316,08/08/2025 21:05:00,15.96,,,,,
15317,08/08/2025 21:10:00,15.96,,,,,
15318,08/08/2025 21:15:00,15.96,,,,,
15319,08/08/2025 21:20:00,15.96,,,,,
15320,08/08/2025 21:25:00,16.00,,,,,
15321,08/08/2025 21:30:00,15.96,,,,,
15322,08/08/2025 21:35:00,15.96,,,,,
15323,08/08/2025 21:40:00,16.00,,,,,
15324,08/08/2025 21:45:00,15.91,,,,,
15325,08/08/2025 21:50:00,15.91,,,,,
15326,08/08/2025 21:55:00,15.96,,,,,
15327,08/08/2025 22:00:00,15.96,,,,,
15328,08/08/2025 22:05:00,15.96,,,,,
15329,08/08/2025 22:10:00,15.96,,,,,
15330,08/08/2025 22:15:00,15.96,,,,,
15331,08/08/2025 22:20:00,15.96,,,,,
15332,08/08/2025 22:25:00,15.96,,,,,
15333,08/08/2025 22:30:00,15.96,,,,,
15334,08/08/2025 22:35:00,15.96,,,,,
15335,08/08/2025 22:40:00,15.96,,,,,
15336,08/08/2025 22:45:00,15.91,,,,,
15337,08/08/2025 22:50:00,15.96,,,,,
15338,08/08/2025 22:55:00,15.91,,,,,
15339,08/08/2025 23:00:00,15.91,,,,,
15340,08/08/2025 23:05:00,15.91,,,,,
15341,08/08/2025 23:10:00,15.96,,,,,
15342,08/08/2025 23:15:00,15.91,,,,,
15343,08/08/2025 23:20:00,15.91,,,,,
15344,08/08/2025 23:25:00,15.87,,,,,
15345,08/08/2025 23:30:00,15.87,,,,,
15346,08/08/2025 23:35:00,15.91,,,,,
15347,08/08/2025 23:40:00,15.87,,,,,
15348,08/08/2025 23:45:00,15.83,,,,,
15349,08/08/2025 23:50:00,15.91,,,,,
15350,08/08/2025 23:55:00,15.83,,,,,
15351,08/09/2025 00:00:00,15.83,,,,,
15352,08/09/2025 00:05:00,15.87,,,,,
15353,08/09/2025 00:10:00,15.83,,,,,
15354,08/09/2025 00:15:00,15.78,,,,,
15355,08/09/2025 00:20:00,15.87,,,,,
15356,08/09/2025 00:25:00,15.83,,,,,
15357,08/09/2025 00:30:00,15.83,,,,,
15358,08/09/2025 00:35:00,15.78,,,,,
15359,08/09/2025 00:40:00,15.74,,,,,
15360,08/09/2025 00:45:00,15.83,,,,,
15361,08/09/2025 00:50:00,15.83,,,,,
15362,08/09/2025 00:55:00,15.78,,,,,
15363,08/09/2025 01:00:00,15.74,,,,,
15364,08/09/2025 01:05:00,15.70,,,,,
15365,08/09/2025 01:10:00,15.74,,,,,
15366,08/09/2025 01:15:00,15.74,,,,,
15367,08/09/2025 01:20:00,15.74,,,,,
15368,08/09/2025 01:25:00,15.74,,,,,
15369,08/09/2025 01:30:00,15.74,,,,,
15370,08/09/2025 01:35:00,15.66,,,,,
15371,08/09/2025 01:40:00,15.66,,,,,
15372,08/09/2025 01:45:00,15.70,,,,,
15373,08/09/2025 01:50:00,15.66,,,,,
15374,08/09/2025 01:55:00,15.66,,,,,
15375,08/09/2025 02:00:00,15.66,,,,,
15376,08/09/2025 02:05:00,15.66,,,,,
15377,08/09/2025 02:10:00,15.61,,,,,
15378,08/09/2025 02:15:00,15.66,,,,,
15379,08/09/2025 02:20:00,15.66,,,,,
15380,08/09/2025 02:25:00,15.61,,,,,
15381,08/09/2025 02:30:00,15.61,,,,,
15382,08/09/2025 02:35:00,15.66,,,,,
15383,08/09/2025 02:40:00,15.61,,,,,
15384,08/09/2025 02:45:00,15.61,,,,,
15385,08/09/2025 02:50:00,15.57,,,,,
15386,08/09/2025 02:55:00,15.61,,,,,
15387,08/09/2025 03:00:00,15.57,,,,,
15388,08/09/2025 03:05:00,15.53,,,,,
15389,08/09/2025 03:10:00,15.53,,,,,
15390,08/09/2025 03:15:00,15.53,,,,,
15391,08/09/2025 03:20:00,15.57,,,,,
15392,08/09/2025 03:25:00,15.57,,,,,
15393,08/09/2025 03:30:00,15.53,,,,,
15394,08/09/2025 03:35:00,15.48,,,,,
15395,08/09/2025 03:40:00,15.48,,,,,
15396,08/09/2025 03:45:00,15.53,,,,,
15397,08/09/2025 03:50:00,15.53,,,,,
15398,08/09/2025 03:55:00,15.48,,,,,
15399,08/09/2025 04:00:00,15.48,,,,,
15400,08/09/2025 04:05:00,15.44,,,,,
15401,08/09/2025 04:10:00,15.53,,,,,
15402,08/09/2025 04:15:00,15.48,,,,,
15403,08/09/2025 04:20:00,15.44,,,,,
15404,08/09/2025 04:25:00,15.44,,,,,
15405,08/09/2025 04:30:00,15.44,,,,,
15406,08/09/2025 04:35:00,15.44,,,,,
15407,08/09/2025 04:40:00,15.44,,,,,
15408,08/09/2025 04:45:00,15.40,,,,,
15409,08/09/2025 04:50:00,15.44,,,,,
15410,08/09/2025 04:55:00,15.44,,,,,
15411,08/09/2025 05:00:00,15.40,,,,,
15412,08/09/2025 05:05:00,15.36,,,,,
15413,08/09/2025 05:10:00,15.40,,,,,
15414,08/09/2025 05:15:00,15.36,,,,,
15415,08/09/2025 05:20:00,15.31,,,,,
15416,08/09/2025 05:25:00,15.36,,,,,
15417,08/09/2025 05:30:00,15.31,,,,,
15418,08/09/2025 05:35:00,15.36,,,,,
15419,08/09/2025 05:40:00,15.31,,,,,
15420,08/09/2025 05:45:00,15.36,,,,,
15421,08/09/2025 05:50:00,15.31,,,,,
15422,08/09/2025 05:55:00,15.31,,,,,
15423,08/09/2025 06:00:00,15.31,,,,,
15424,08/09/2025 06:05:00,15.31,,,,,
15425,08/09/2025 06:10:00,15.31,,,,,
15426,08/09/2025 06:15:00,15.27,,,,,
15427,08/09/2025 06:20:00,15.27,,,,,
15428,08/09/2025 06:25:00,15.27,,,,,
15429,08/09/2025 06:30:00,15.27,,,,,
15430,08/09/2025 06:35:00,15.23,,,,,
15431,08/09/2025 06:40:00,15.27,,,,,
15432,08/09/2025 06:45:00,15.23,,,,,
15433,08/09/2025 06:50:00,15.23,,,,,
15434,08/09/2025 06:55:00,15.23,,,,,
15435,08/09/2025 07:00:00,15.23,,,,,
15436,08/09/2025 07:05:00,15.23,,,,,
15437,08/09/2025 07:10:00,15.18,,,,,
15438,08/09/2025 07:15:00,15.18,,,,,
15439,08/09/2025 07:20:00,15.18,,,,,
15440,08/09/2025 07:25:00,15.18,,,,,
15441,08/09/2025 07:30:00,15.18,,,,,
15442,08/09/2025 07:35:00,15.23,,,,,
15443,08/09/2025 07:40:00,15.18,,,,,
15444,08/09/2025 07:45:00,15.10,,,,,
15445,08/09/2025 07:50:00,15.14,,,,,
15446,08/09/2025 07:55:00,15.14,,,,,
15447,08/09/2025 08:00:00,15.10,,,,,
15448,08/09/2025 08:05:00,15.10,,,,,
15449,08/09/2025 08:10:00,15.10,,,,,
15450,08/09/2025 08:15:00,15.10,,,,,
15451,08/09/2025 08:20:00,15.14,,,,,
15452,08/09/2025 08:25:00,15.10,,,,,
15453,08/09/2025 08:30:00,15.10,,,,,
15454,08/09/2025 08:35:00,15.06,,,,,
15455,08/09/2025 08:40:00,15.06,,,,,
15456,08/09/2025 08:45:00,15.06,,,,,
15457,08/09/2025 08:50:00,15.10,,,,,
15458,08/09/2025 08:55:00,15.06,,,,,
15459,08/09/2025 09:00:00,15.01,,,,,
15460,08/09/2025 09:05:00,15.01,,,,,
15461,08/09/2025 09:10:00,14.97,,,,,
15462,08/09/2025 09:15:00,15.01,,,,,
15463,08/09/2025 09:20:00,14.97,,,,,
15464,08/09/2025 09:25:00,14.97,,,,,
15465,08/09/2025 09:30:00,14.93,,,,,
15466,08/09/2025 09:35:00,14.97,,,,,
15467,08/09/2025 09:40:00,14.93,,,,,
15468,08/09/2025 09:45:00,14.84,,,,,
15469,08/09/2025 09:50:00,14.84,,,,,
15470,08/09/2025 09:55:00,14.84,,,,,
15471,08/09/2025 10:00:00,14.80,,,,,
15472,08/09/2025 10:05:00,14.84,,,,,
15473,08/09/2025 10:10:00,14.80,,,,,
15474,08/09/2025 10:15:00,14.84,,,,,
15475,08/09/2025 10:20:00,14.80,,,,,
15476,08/09/2025 10:25:00,14.88,,,,,
15477,08/09/2025 10:30:00,14.84,,,,,
15478,08/09/2025 10:35:00,14.88,,,,,
15479,08/09/2025 10:40:00,14.88,,,,,
15480,08/09/2025 10:45:00,14.88,,,,,
15481,08/09/2025 10:50:00,14.93,,,,,
15482,08/09/2025 10:55:00,14.88,,,,,
15483,08/09/2025 11:00:00,14.88,,,,,
15484,08/09/2025 11:05:00,14.93,,,,,
15485,08/09/2025 11:10:00,14.93,,,,,
15486,08/09/2025 11:15:00,14.93,,,,,
15487,08/09/2025 11:20:00,14.88,,,,,
15488,08/09/2025 11:25:00,14.88,,,,,
15489,08/09/2025 11:30:00,14.93,,,,,
15490,08/09/2025 11:35:00,14.88,,,,,
15491,08/09/2025 11:40:00,14.88,,,,,
15492,08/09/2025 11:45:00,14.88,,,,,
15493,08/09/2025 11:50:00,14.93,,,,,
15494,08/09/2025 11:55:00,14.97,,,,,
15495,08/09/2025 12:00:00,14.93,,,,,
15496,08/09/2025 12:05:00,14.93,,,,,
15497,08/09/2025 12:10:00,15.01,,,,,
15498,08/09/2025 12:15:00,15.01,,,,,
15499,08/09/2025 12:20:00,14.97,,,,,
15500,08/09/2025 12:25:00,14.97,,,,,
15501,08/09/2025 12:30:00,15.01,,,,,
15502,08/09/2025 12:35:00,14.97,,,,,
15503,08/09/2025 12:40:00,15.01,,,,,
15504,08/09/2025 12:45:00,14.93,,,,,
15505,08/09/2025 12:50:00,14.97,,,,,
15506,08/09/2025 12:55:00,14.93,,,,,
15507,08/09/2025 13:00:00,14.93,,,,,
15508,08/09/2025 13:05:00,14.93,,,,,
15509,08/09/2025 13:10:00,14.88,,,,,
15510,08/09/2025 13:15:00,14.88,,,,,
15511,08/09/2025 13:20:00,14.88,,,,,
15512,08/09/2025 13:25:00,14.88,,,,,
15513,08/09/2025 13:30:00,14.88,,,,,
15514,08/09/2025 13:35:00,14.93,,,,,
15515,08/09/2025 13:40:00,14.84,,,,,
15516,08/09/2025 13:45:00,14.80,,,,,
15517,08/09/2025 13:50:00,14.84,,,,,
15518,08/09/2025 13:55:00,14.80,,,,,
15519,08/09/2025 14:00:00,14.80,,,,,
15520,08/09/2025 14:05:00,14.84,,,,,
15521,08/09/2025 14:10:00,14.80,,,,,
15522,08/09/2025 14:15:00,14.75,,,,,
15523,08/09/2025 14:20:00,14.75,,,,,
15524,08/09/2025 14:25:00,14.80,,,,,
15525,08/09/2025 14:30:00,14.80,,,,,
15526,08/09/2025 14:35:00,14.75,,,,,
15527,08/09/2025 14:40:00,14.75,,,,,
15528,08/09/2025 14:45:00,14.75,,,,,
15529,08/09/2025 14:50:00,14.71,,,,,
15530,08/09/2025 14:55:00,14.75,,,,,
15531,08/09/2025 15:00:00,14.71,,,,,
15532,08/09/2025 15:05:00,14.80,,,,,
15533,08/09/2025 15:10:00,14.75,,,,,
15534,08/09/2025 15:15:00,14.75,,,,,
15535,08/09/2025 15:20:00,14.75,,,,,
15536,08/09/2025 15:25:00,14.75,,,,,
15537,08/09/2025 15:30:00,14.75,,,,,
15538,08/09/2025 15:35:00,14.80,,,,,
15539,08/09/2025 15:40:00,14.80,,,,,
15540,08/09/2025 15:45:00,14.80,,,,,
15541,08/09/2025 15:50:00,14.84,,,,,
15542,08/09/2025 15:55:00,14.80,,,,,
15543,08/09/2025 16:00:00,14.80,,,,,
15544,08/09/2025 16:05:00,14.80,,,,,
15545,08/09/2025 16:10:00,14.84,,,,,
15546,08/09/2025 16:15:00,14.84,,,,,
15547,08/09/2025 16:20:00,14.84,,,,,
15548,08/09/2025 16:25:00,14.84,,,,,
15549,08/09/2025 16:30:00,14.84,,,,,
15550,08/09/2025 16:35:00,14.88,,,,,
15551,08/09/2025 16:40:00,14.93,,,,,
15552,08/09/2025 16:45:00,14.88,,,,,
15553,08/09/2025 16:50:00,14.88,,,,,
15554,08/09/2025 16:55:00,14.97,,,,,
15555,08/09/2025 17:00:00,14.97,,,,,
15556,08/09/2025 17:05:00,15.06,,,,,
15557,08/09/2025 17:10:00,15.10,,,,,
15558,08/09/2025 17:15:00,15.14,,,,,
15559,08/09/2025 17:20:00,15.23,,,,,
15560,08/09/2025 17:25:00,15.31,,,,,
15561,08/09/2025 17:30:00,15.36,,,,,
15562,08/09/2025 17:35:00,15.40,,,,,
15563,08/09/2025 17:40:00,15.44,,,,,
15564,08/09/2025 17:45:00,15.48,,,,,
15565,08/09/2025 17:50:00,15.48,,,,,
15566,08/09/2025 17:55:00,15.57,,,,,
15567,08/09/2025 18:00:00,15.48,,,,,
15568,08/09/2025 18:05:00,15.48,,,,,
15569,08/09/2025 18:10:00,15.48,,,,,
15570,08/09/2025 18:15:00,15.44,,,,,
15571,08/09/2025 18:20:00,15.40,,,,,
15572,08/09/2025 18:25:00,15.36,,,,,
15573,08/09/2025 18:30:00,15.31,,,,,
15574,08/09/2025 18:35:00,15.31,,,,,
15575,08/09/2025 18:40:00,15.27,,,,,
15576,08/09/2025 18:45:00,15.31,,,,,
15577,08/09/2025 18:50:00,15.23,,,,,
15578,08/09/2025 18:55:00,15.18,,,,,
15579,08/09/2025 19:00:00,15.18,,,,,
15580,08/09/2025 19:05:00,15.14,,,,,
15581,08/09/2025 19:10:00,15.14,,,,,
15582,08/09/2025 19:15:00,15.10,,,,,
15583,08/09/2025 19:20:00,15.01,,,,,
15584,08/09/2025 19:25:00,15.10,,,,,
15585,08/09/2025 19:30:00,15.06,,,,,
15586,08/09/2025 19:35:00,15.01,,,,,
15587,08/09/2025 19:40:00,14.97,,,,,
15588,08/09/2025 19:45:00,14.93,,,,,
15589,08/09/2025 19:50:00,14.93,,,,,
15590,08/09/2025 19:55:00,14.93,,,,,
15591,08/09/2025 20:00:00,14.93,,,,,
15592,08/09/2025 20:05:00,14.97,,,,,
15593,08/09/2025 20:10:00,14.88,,,,,
15594,08/09/2025 20:15:00,14.93,,,,,
15595,08/09/2025 20:20:00,14.93,,,,,
15596,08/09/2025 20:25:00,14.93,,,,,
15597,08/09/2025 20:30:00,14.97,,,,,
15598,08/09/2025 20:35:00,15.01,,,,,
15599,08/09/2025 20:40:00,14.97,,,,,
15600,08/09/2025 20:45:00,15.01,,,,,
15601,08/09/2025 20:50:00,15.01,,,,,
15602,08/09/2025 20:55:00,15.06,,,,,
15603,08/09/2025 21:00:00,15.10,,,,,
15604,08/09/2025 21:05:00,15.10,,,,,
15605,08/09/2025 21:10:00,15.06,,,,,
15606,08/09/2025 21:15:00,15.10,,,,,
15607,08/09/2025 21:20:00,15.14,,,,,
15608,08/09/2025 21:25:00,15.14,,,,,
15609,08/09/2025 21:30:00,15.14,,,,,
15610,08/09/2025 21:35:00,15.14,,,,,
15611,08/09/2025 21:40:00,15.14,,,,,
15612,08/09/2025 21:45:00,15.10,,,,,
15613,08/09/2025 21:50:00,15.18,,,,,
15614,08/09/2025 21:55:00,15.18,,,,,
15615,08/09/2025 22:00:00,15.14,,,,,
15616,08/09/2025 22:05:00,15.14,,,,,
15617,08/09/2025 22:10:00,15.18,,,,,
15618,08/09/2025 22:15:00,15.14,,,,,
15619,08/09/2025 22:20:00,15.18,,,,,
15620,08/09/2025 22:25:00,15.18,,,,,
15621,08/09/2025 22:30:00,15.18,,,,,
15622,08/09/2025 22:35:00,15.18,,,,,
15623,08/09/2025 22:40:00,15.23,,,,,
15624,08/09/2025 22:45:00,15.18,,,,,
15625,08/09/2025 22:50:00,15.18,,,,,
15626,08/09/2025 22:55:00,15.18,,,,,
15627,08/09/2025 23:00:00,15.18,,,,,
15628,08/09/2025 23:05:00,15.23,,,,,
15629,08/09/2025 23:10:00,15.14,,,,,
15630,08/09/2025 23:15:00,15.14,,,,,
15631,08/09/2025 23:20:00,15.10,,,,,
15632,08/09/2025 23:25:00,15.14,,,,,
15633,08/09/2025 23:30:00,15.14,,,,,
15634,08/09/2025 23:35:00,15.14,,,,,
15635,08/09/2025 23:40:00,15.06,,,,,
15636,08/09/2025 23:45:00,15.10,,,,,
15637,08/09/2025 23:50:00,15.10,,,,,
15638,08/09/2025 23:55:00,15.06,,,,,
15639,08/10/2025 00:00:00,15.06,,,,,
15640,08/10/2025 00:05:00,15.06,,,,,
15641,08/10/2025 00:10:00,14.97,,,,,
15642,08/10/2025 00:15:00,15.06,,,,,
15643,08/10/2025 00:20:00,14.97,,,,,
15644,08/10/2025 00:25:00,15.01,,,,,
15645,08/10/2025 00:30:00,15.06,,,,,
15646,08/10/2025 00:35:00,14.97,,,,,
15647,08/10/2025 00:40:00,14.97,,,,,
15648,08/10/2025 00:45:00,14.97,,,,,
15649,08/10/2025 00:50:00,15.01,,,,,
15650,08/10/2025 00:55:00,14.93,,,,,
15651,08/10/2025 01:00:00,14.93,,,,,
15652,08/10/2025 01:05:00,15.01,,,,,
15653,08/10/2025 01:10:00,14.88,,,,,
15654,08/10/2025 01:15:00,14.93,,,,,
15655,08/10/2025 01:20:00,14.93,,,,,
15656,08/10/2025 01:25:00,14.97,,,,,
15657,08/10/2025 01:30:00,14.88,,,,,
15658,08/10/2025 01:35:00,14.88,,,,,
15659,08/10/2025 01:40:00,14.93,,,,,
15660,08/10/2025 01:45:00,14.88,,,,,
15661,08/10/2025 01:50:00,14.88,,,,,
15662,08/10/2025 01:55:00,14.88,,,,,
15663,08/10/2025 02:00:00,14.93,,,,,
15664,08/10/2025 02:05:00,14.88,,,,,
15665,08/10/2025 02:10:00,14.84,,,,,
15666,08/10/2025 02:15:00,14.84,,,,,
15667,08/10/2025 02:20:00,14.84,,,,,
15668,08/10/2025 02:25:00,14.84,,,,,
15669,08/10/2025 02:30:00,14.84,,,,,
15670,08/10/2025 02:35:00,14.88,,,,,
15671,08/10/2025 02:40:00,14.80,,,,,
15672,08/10/2025 02:45:00,14.80,,,,,
15673,08/10/2025 02:50:00,14.80,,,,,
15674,08/10/2025 02:55:00,14.75,,,,,
15675,08/10/2025 03:00:00,14.80,,,,,
15676,08/10/2025 03:05:00,14.80,,,,,
15677,08/10/2025 03:10:00,14.75,,,,,
15678,08/10/2025 03:15:00,14.80,,,,,
15679,08/10/2025 03:20:00,14.84,,,,,
15680,08/10/2025 03:25:00,14.84,,,,,
15681,08/10/2025 03:30:00,14.84,,,,,
15682,08/10/2025 03:35:00,14.80,,,,,
15683,08/10/2025 03:40:00,14.75,,,,,
15684,08/10/2025 03:45:00,14.71,,,,,
15685,08/10/2025 03:50:00,14.80,,,,,
15686,08/10/2025 03:55:00,14.75,,,,,
15687,08/10/2025 04:00:00,14.75,,,,,
15688,08/10/2025 04:05:00,14.75,,,,,
15689,08/10/2025 04:10:00,14.71,,,,,
15690,08/10/2025 04:15:00,14.71,,,,,
15691,08/10/2025 04:20:00,14.71,,,,,
15692,08/10/2025 04:25:00,14.67,,,,,
15693,08/10/2025 04:30:00,14.75,,,,,
15694,08/10/2025 04:35:00,14.75,,,,,
15695,08/10/2025 04:40:00,14.71,,,,,
15696,08/10/2025 04:45:00,14.71,,,,,
15697,08/10/2025 04:50:00,14.71,,,,,
15698,08/10/2025 04:55:00,14.67,,,,,
15699,08/10/2025 05:00:00,14.75,,,,,
15700,08/10/2025 05:05:00,14.67,,,,,
15701,08/10/2025 05:10:00,14.67,,,,,
15702,08/10/2025 05:15:00,14.67,,,,,
15703,08/10/2025 05:20:00,14.63,,,,,
15704,08/10/2025 05:25:00,14.63,,,,,
15705,08/10/2025 05:30:00,14.63,,,,,
15706,08/10/2025 05:35:00,14.67,,,,,
15707,08/10/2025 05:40:00,14.67,,,,,
15708,08/10/2025 05:45:00,14.63,,,,,
15709,08/10/2025 05:50:00,14.58,,,,,
15710,08/10/2025 05:55:00,14.67,,,,,
15711,08/10/2025 06:00:00,14.63,,,,,
15712,08/10/2025 06:05:00,14.58,,,,,
15713,08/10/2025 06:10:00,14.58,,,,,
15714,08/10/2025 06:15:00,14.63,,,,,
15715,08/10/2025 06:20:00,14.63,,,,,
15716,08/10/2025 06:25:00,14.58,,,,,
15717,08/10/2025 06:30:00,14.63,,,,,
15718,08/10/2025 06:35:00,14.58,,,,,
15719,08/10/2025 06:40:00,14.58,,,,,
15720,08/10/2025 06:45:00,14.58,,,,,
15721,08/10/2025 06:50:00,14.63,,,,,
15722,08/10/2025 06:55:00,14.58,,,,,
15723,08/10/2025 07:00:00,14.54,,,,,
15724,08/10/2025 07:05:00,14.54,,,,,
15725,08/10/2025 07:10:00,14.54,,,,,
15726,08/10/2025 07:15:00,14.54,,,,,
15727,08/10/2025 07:20:00,14.63,,,,,
15728,08/10/2025 07:25:00,14.54,,,,,
15729,08/10/2025 07:30:00,14.58,,,,,
15730,08/10/2025 07:35:00,14.58,,,,,
15731,08/10/2025 07:40:00,14.54,,,,,
15732,08/10/2025 07:45:00,14.54,,,,,
15733,08/10/2025 07:50:00,14.54,,,,,
15734,08/10/2025 07:55:00,14.58,,,,,
15735,08/10/2025 08:00:00,14.54,,,,,
15736,08/10/2025 08:05:00,14.54,,,,,
15737,08/10/2025 08:10:00,14.54,,,,,
15738,08/10/2025 08:15:00,14.58,,,,,
15739,08/10/2025 08:20:00,14.50,,,,,
15740,08/10/2025 08:25:00,14.54,,,,,
15741,08/10/2025 08:30:00,14.63,,,,,
15742,08/10/2025 08:35:00,14.63,,,,,
15743,08/10/2025 08:40:00,14.63,,,,,
15744,08/10/2025 08:45:00,14.67,,,,,
15745,08/10/2025 08:50:00,14.67,,,,,
15746,08/10/2025 08:55:00,14.75,,,,,
15747,08/10/2025 09:00:00,14.75,,,,,
15748,08/10/2025 09:05:00,14.93,,,,,
15749,08/10/2025 09:10:00,14.88,,,,,
15750,08/10/2025 09:15:00,14.97,,,,,
15751,08/10/2025 09:20:00,15.01,,,,,
15752,08/10/2025 09:25:00,15.01,,,,,
15753,08/10/2025 09:30:00,15.06,,,,,
15754,08/10/2025 09:35:00,15.01,,,,,
15755,08/10/2025 09:40:00,15.10,,,,,
15756,08/10/2025 09:45:00,15.10,,,,,
15757,08/10/2025 09:50:00,15.06,,,,,
15758,08/10/2025 09:55:00,15.10,,,,,
15759,08/10/2025 10:00:00,15.10,,,,,
15760,08/10/2025 10:05:00,15.14,,,,,
15761,08/10/2025 10:10:00,15.14,,,,,
15762,08/10/2025 10:15:00,15.14,,,,,
15763,08/10/2025 10:20:00,15.14,,,,,
15764,08/10/2025 10:25:00,15.14,,,,,
15765,08/10/2025 10:30:00,15.23,,,,,
15766,08/10/2025 10:35:00,15.23,,,,,
15767,08/10/2025 10:40:00,15.27,,,,,
15768,08/10/2025 10:45:00,15.23,,,,,
15769,08/10/2025 10:50:00,15.31,,,,,
15770,08/10/2025 10:55:00,15.31,,,,,
15771,08/10/2025 11:00:00,15.40,,,,,
15772,08/10/2025 11:05:00,15.36,,,,,
15773,08/10/2025 11:10:00,15.40,,,,,
15774,08/10/2025 11:15:00,15.44,,,,,
15775,08/10/2025 11:20:00,15.48,,,,,
15776,08/10/2025 11:25:00,15.53,,,,,
15777,08/10/2025 11:30:00,15.53,,,,,
15778,08/10/2025 11:35:00,15.57,,,,,
15779,08/10/2025 11:40:00,15.57,,,,,
15780,08/10/2025 11:45:00,15.57,,,,,
15781,08/10/2025 11:50:00,15.61,,,,,
15782,08/10/2025 11:55:00,15.66,,,,,
15783,08/10/2025 12:00:00,15.74,,,,,
15784,08/10/2025 12:05:00,15.74,,,,,
15785,08/10/2025 12:10:00,15.74,,,,,
15786,08/10/2025 12:15:00,15.78,,,,,
15787,08/10/2025 12:20:00,15.83,,,,,
15788,08/10/2025 12:25:00,15.87,,,,,
15789,08/10/2025 12:30:00,15.91,,,,,
15790,08/10/2025 12:35:00,15.91,,,,,
15791,08/10/2025 12:40:00,15.91,,,,,
15792,08/10/2025 12:45:00,15.96,,,,,
15793,08/10/2025 12:50:00,16.00,,,,,
15794,08/10/2025 12:55:00,16.00,,,,,
15795,08/10/2025 13:00:00,16.00,,,,,
15796,08/10/2025 13:05:00,16.00,,,,,
15797,08/10/2025 13:10:00,16.00,,,,,
15798,08/10/2025 13:15:00,15.96,,,,,
15799,08/10/2025 13:20:00,16.08,,,,,
15800,08/10/2025 13:25:00,16.00,,,,,
15801,08/10/2025 13:30:00,16.04,,,,,
15802,08/10/2025 13:35:00,16.04,,,,,
15803,08/10/2025 13:40:00,16.00,,,,,
15804,08/10/2025 13:45:00,16.08,,,,,
15805,08/10/2025 13:50:00,16.08,,,,,
15806,08/10/2025 13:55:00,16.13,,,,,
15807,08/10/2025 14:00:00,16.08,,,,,
15808,08/10/2025 14:05:00,16.13,,,,,
15809,08/10/2025 14:10:00,16.08,,,,,
15810,08/10/2025 14:15:00,16.08,,,,,
15811,08/10/2025 14:20:00,16.17,,,,,
15812,08/10/2025 14:25:00,16.17,,,,,
15813,08/10/2025 14:30:00,16.21,,,,,
15814,08/10/2025 14:35:00,16.21,,,,,
15815,08/10/2025 14:40:00,16.26,,,,,
15816,08/10/2025 14:45:00,16.26,,,,,
15817,08/10/2025 14:50:00,16.26,,,,,
15818,08/10/2025 14:55:00,16.30,,,,,
15819,08/10/2025 15:00:00,16.30,,,,,
15820,08/10/2025 15:05:00,16.34,,,,,
15821,08/10/2025 15:10:00,16.34,,,,,
15822,08/10/2025 15:15:00,16.39,,,,,
15823,08/10/2025 15:20:00,16.43,,,,,
15824,08/10/2025 15:25:00,16.39,,,,,
15825,08/10/2025 15:30:00,16.47,,,,,
15826,08/10/2025 15:35:00,16.51,,,,,
15827,08/10/2025 15:40:00,16.51,,,,,
15828,08/10/2025 15:45:00,16.56,,,,,
15829,08/10/2025 15:50:00,16.56,,,,,
15830,08/10/2025 15:55:00,16.60,,,,,
15831,08/10/2025 16:00:00,16.60,,,,,
15832,08/10/2025 16:05:00,16.64,,,,,
15833,08/10/2025 16:10:00,16.73,,,,,
15834,08/10/2025 16:15:00,16.73,,,,,
15835,08/10/2025 16:20:00,16.77,,,,,
15836,08/10/2025 16:25:00,16.81,,,,,
15837,08/10/2025 16:30:00,16.86,,,,,
15838,08/10/2025 16:35:00,16.90,,,,,
15839,08/10/2025 16:40:00,16.94,,,,,
15840,08/10/2025 16:45:00,16.94,,,,,
15841,08/10/2025 16:50:00,16.94,,,,,
15842,08/10/2025 16:55:00,16.99,,,,,
15843,08/10/2025 17:00:00,17.07,,,,,
15844,08/10/2025 17:05:00,17.07,,,,,
15845,08/10/2025 17:10:00,17.07,,,,,
15846,08/10/2025 17:15:00,17.07,,,,,
15847,08/10/2025 17:20:00,17.07,,,,,
15848,08/10/2025 17:25:00,17.11,,,,,
15849,08/10/2025 17:30:00,17.07,,,,,
15850,08/10/2025 17:35:00,17.11,,,,,
15851,08/10/2025 17:40:00,17.11,,,,,
15852,08/10/2025 17:45:00,17.16,,,,,
15853,08/10/2025 17:50:00,17.07,,,,,
15854,08/10/2025 17:55:00,17.07,,,,,
15855,08/10/2025 18:00:00,17.16,,,,,
15856,08/10/2025 18:05:00,17.37,,,,,
15857,08/10/2025 18:10:00,17.41,,,,,
15858,08/10/2025 18:15:00,17.50,,,,,
15859,08/10/2025 18:20:00,17.50,,,,,
15860,08/10/2025 18:25:00,18.02,,,,,
15861,08/10/2025 18:30:00,18.40,,,,,
15862,08/10/2025 18:35:00,18.40,,,,,
15863,08/10/2025 18:40:00,18.32,,,,,
15864,08/10/2025 18:45:00,18.27,,,,,
15865,08/10/2025 18:50:00,18.23,,,,,
15866,08/10/2025 18:55:00,18.14,,,,,
15867,08/10/2025 19:00:00,18.10,,,,,
15868,08/10/2025 19:05:00,18.10,,,,,
15869,08/10/2025 19:10:00,18.02,,,,,
15870,08/10/2025 19:15:00,17.97,,,,,
15871,08/10/2025 19:20:00,17.89,,,,,
15872,08/10/2025 19:25:00,17.84,,,,,
15873,08/10/2025 19:30:00,17.80,,,,,
15874,08/10/2025 19:35:00,17.80,,,,,
15875,08/10/2025 19:40:00,17.67,,,,,
15876,08/10/2025 19:45:00,17.63,,,,,
15877,08/10/2025 19:50:00,17.59,,,,,
15878,08/10/2025 19:55:00,17.54,,,,,
15879,08/10/2025 20:00:00,17.41,,,,,
15880,08/10/2025 20:05:00,17.37,,,,,
15881,08/10/2025 20:10:00,17.33,,,,,
15882,08/10/2025 20:15:00,17.24,,,,,
15883,08/10/2025 20:20:00,17.24,,,,,
15884,08/10/2025 20:25:00,17.16,,,,,
15885,08/10/2025 20:30:00,17.11,,,,,
15886,08/10/2025 20:35:00,17.03,,,,,
15887,08/10/2025 20:40:00,16.99,,,,,
15888,08/10/2025 20:45:00,16.99,,,,,
15889,08/10/2025 20:50:00,16.94,,,,,
15890,08/10/2025 20:55:00,16.86,,,,,
15891,08/10/2025 21:00:00,16.81,,,,,
15892,08/10/2025 21:05:00,16.86,,,,,
15893,08/10/2025 21:10:00,16.86,,,,,
15894,08/10/2025 21:15:00,16.86,,,,,
15895,08/10/2025 21:20:00,16.86,,,,,
15896,08/10/2025 21:25:00,16.90,,,,,
15897,08/10/2025 21:30:00,16.90,,,,,
15898,08/10/2025 21:35:00,16.90,,,,,
15899,08/10/2025 21:40:00,16.94,,,,,
15900,08/10/2025 21:45:00,16.94,,,,,
15901,08/10/2025 21:50:00,16.99,,,,,
15902,08/10/2025 21:55:00,16.99,,,,,
15903,08/10/2025 22:00:00,16.94,,,,,
15904,08/10/2025 22:05:00,16.94,,,,,
15905,08/10/2025 22:10:00,16.94,,,,,
15906,08/10/2025 22:15:00,16.94,,,,,
15907,08/10/2025 22:20:00,16.94,,,,,
15908,08/10/2025 22:25:00,16.90,,,,,
15909,08/10/2025 22:30:00,16.94,,,,,
15910,08/10/2025 22:35:00,16.94,,,,,
15911,08/10/2025 22:40:00,16.94,,,,,
15912,08/10/2025 22:45:00,16.90,,,,,
15913,08/10/2025 22:50:00,16.90,,,,,
15914,08/10/2025 22:55:00,16.94,,,,,
15915,08/10/2025 23:00:00,16.94,,,,,
15916,08/10/2025 23:05:00,16.90,,,,,
15917,08/10/2025 23:10:00,16.86,,,,,
15918,08/10/2025 23:15:00,16.90,,,,,
15919,08/10/2025 23:20:00,16.86,,,,,
15920,08/10/2025 23:25:00,16.90,,,,,
15921,08/10/2025 23:30:00,16.86,,,,,
15922,08/10/2025 23:35:00,16.86,,,,,
15923,08/10/2025 23:40:00,16.81,,,,,
15924,08/10/2025 23:45:00,16.86,,,,,
15925,08/10/2025 23:50:00,16.81,,,,,
15926,08/10/2025 23:55:00,16.77,,,,,
15927,08/11/2025 00:00:00,16.81,,,,,
15928,08/11/2025 00:05:00,16.81,,,,,
15929,08/11/2025 00:10:00,16.81,,,,,
15930,08/11/2025 00:15:00,16.77,,,,,
15931,08/11/2025 00:20:00,16.77,,,,,
15932,08/11/2025 00:25:00,16.77,,,,,
15933,08/11/2025 00:30:00,16.77,,,,,
15934,08/11/2025 00:35:00,16.77,,,,,
15935,08/11/2025 00:40:00,16.77,,,,,
15936,08/11/2025 00:45:00,16.77,,,,,
15937,08/11/2025 00:50:00,16.77,,,,,
15938,08/11/2025 00:55:00,16.77,,,,,
15939,08/11/2025 01:00:00,16.73,,,,,
15940,08/11/2025 01:05:00,16.77,,,,,
15941,08/11/2025 01:10:00,16.73,,,,,
15942,08/11/2025 01:15:00,16.69,,,,,
15943,08/11/2025 01:20:00,16.73,,,,,
15944,08/11/2025 01:25:00,16.73,,,,,
15945,08/11/2025 01:30:00,16.77,,,,,
15946,08/11/2025 01:35:00,16.69,,,,,
15947,08/11/2025 01:40:00,16.73,,,,,
15948,08/11/2025 01:45:00,16.73,,,,,
15949,08/11/2025 01:50:00,16.69,,,,,
15950,08/11/2025 01:55:00,16.73,,,,,
15951,08/11/2025 02:00:00,16.69,,,,,
15952,08/11/2025 02:05:00,16.73,,,,,
15953,08/11/2025 02:10:00,16.73,,,,,
15954,08/11/2025 02:15:00,16.73,,,,,
15955,08/11/2025 02:20:00,16.69,,,,,
15956,08/11/2025 02:25:00,16.69,,,,,
15957,08/11/2025 02:30:00,16.69,,,,,
15958,08/11/2025 02:35:00,16.69,,,,,
15959,08/11/2025 02:40:00,16.73,,,,,
15960,08/11/2025 02:45:00,16.73,,,,,
15961,08/11/2025 02:50:00,16.73,,,,,
15962,08/11/2025 02:55:00,16.69,,,,,
15963,08/11/2025 03:00:00,16.64,,,,,
15964,08/11/2025 03:05:00,16.69,,,,,
15965,08/11/2025 03:10:00,16.69,,,,,
15966,08/11/2025 03:15:00,16.64,,,,,
15967,08/11/2025 03:20:00,16.60,,,,,
15968,08/11/2025 03:25:00,16.64,,,,,
15969,08/11/2025 03:30:00,16.64,,,,,
15970,08/11/2025 03:35:00,16.60,,,,,
15971,08/11/2025 03:40:00,16.64,,,,,
15972,08/11/2025 03:45:00,16.64,,,,,
15973,08/11/2025 03:50:00,16.60,,,,,
15974,08/11/2025 03:55:00,16.56,,,,,
15975,08/11/2025 04:00:00,16.56,,,,,
15976,08/11/2025 04:05:00,16.56,,,,,
15977,08/11/2025 04:10:00,16.60,,,,,
15978,08/11/2025 04:15:00,16.51,,,,,
15979,08/11/2025 04:20:00,16.47,,,,,
15980,08/11/2025 04:25:00,16.51,,,,,
15981,08/11/2025 04:30:00,16.51,,,,,
15982,08/11/2025 04:35:00,16.51,,,,,
15983,08/11/2025 04:40:00,16.56,,,,,
15984,08/11/2025 04:45:00,16.47,,,,,
15985,08/11/2025 04:50:00,16.51,,,,,
15986,08/11/2025 04:55:00,16.51,,,,,
15987,08/11/2025 05:00:00,16.51,,,,,
15988,08/11/2025 05:05:00,16.51,,,,,
15989,08/11/2025 05:10:00,16.51,,,,,
15990,08/11/2025 05:15:00,16.51,,,,,
15991,08/11/2025 05:20:00,16.47,,,,,
15992,08/11/2025 05:25:00,16.51,,,,,
15993,08/11/2025 05:30:00,16.51,,,,,
15994,08/11/2025 05:35:00,16.51,,,,,
15995,08/11/2025 05:40:00,16.47,,,,,
15996,08/11/2025 05:45:00,16.47,,,,,
15997,08/11/2025 05:50:00,16.47,,,,,
15998,08/11/2025 05:55:00,16.47,,,,,
15999,08/11/2025 06:00:00,16.47,,,,,
16000,08/11/2025 06:05:00,16.47,,,,,
16001,08/11/2025 06:10:00,16.47,,,,,
16002,08/11/2025 06:15:00,16.51,,,,,
16003,08/11/2025 06:20:00,16.47,,,,,
16004,08/11/2025 06:25:00,16.47,,,,,
16005,08/11/2025 06:30:00,16.47,,,,,
16006,08/11/2025 06:35:00,16.47,,,,,
16007,08/11/2025 06:40:00,16.43,,,,,
16008,08/11/2025 06:45:00,16.43,,,,,
16009,08/11/2025 06:50:00,16.43,,,,,
16010,08/11/2025 06:55:00,16.43,,,,,
16011,08/11/2025 07:00:00,16.39,,,,,
16012,08/11/2025 07:05:00,16.39,,,,,
16013,08/11/2025 07:10:00,16.43,,,,,
16014,08/11/2025 07:15:00,16.39,,,,,
16015,08/11/2025 07:20:00,16.39,,,,,
16016,08/11/2025 07:25:00,16.39,,,,,
16017,08/11/2025 07:30:00,16.39,,,,,
16018,08/11/2025 07:35:00,16.34,,,,,
16019,08/11/2025 07:40:00,16.30,,,,,
16020,08/11/2025 07:45:00,16.30,,,,,
16021,08/11/2025 07:50:00,16.26,,,,,
16022,08/11/2025 07:55:00,16.21,,,,,
16023,08/11/2025 08:00:00,16.21,,,,,
16024,08/11/2025 08:05:00,16.17,,,,,
16025,08/11/2025 08:10:00,16.08,,,,,
16026,08/11/2025 08:15:00,16.08,,,,,
16027,08/11/2025 08:20:00,16.08,,,,,
16028,08/11/2025 08:25:00,16.04,,,,,
16029,08/11/2025 08:30:00,16.00,,,,,
16030,08/11/2025 08:35:00,16.00,,,,,
16031,08/11/2025 08:40:00,16.00,,,,,
16032,08/11/2025 08:45:00,15.96,,,,,
16033,08/11/2025 08:50:00,15.96,,,,,
16034,08/11/2025 08:55:00,15.87,,,,,
16035,08/11/2025 09:00:00,15.87,,,,,
16036,08/11/2025 09:05:00,15.87,,,,,
16037,08/11/2025 09:10:00,15.87,,,,,
16038,08/11/2025 09:15:00,15.83,,,,,
16039,08/11/2025 09:20:00,15.78,,,,,
16040,08/11/2025 09:25:00,15.74,,,,,
16041,08/11/2025 09:30:00,15.78,,,,,
16042,08/11/2025 09:35:00,15.74,,,,,
16043,08/11/2025 09:40:00,15.70,,,,,
16044,08/11/2025 09:45:00,15.70,,,,,
16045,08/11/2025 09:50:00,15.66,,,,,
16046,08/11/2025 09:55:00,15.66,,,,,
16047,08/11/2025 10:00:00,15.66,,,,,
16048,08/11/2025 10:05:00,15.57,,,,,
16049,08/11/2025 10:10:00,15.57,,,,,
16050,08/11/2025 10:15:00,15.53,,,,,
16051,08/11/2025 10:20:00,15.53,,,,,
16052,08/11/2025 10:25:00,15.57,,,,,
16053,08/11/2025 10:30:00,15.53,,,,,
16054,08/11/2025 10:35:00,15.48,,,,,
16055,08/11/2025 10:40:00,15.53,,,,,
16056,08/11/2025 10:45:00,15.48,,,,,
16057,08/11/2025 10:50:00,15.48,,,,,
16058,08/11/2025 10:55:00,15.48,,,,,
16059,08/11/2025 11:00:00,15.48,,,,,
16060,08/11/2025 11:05:00,15.48,,,,,
16061,08/11/2025 11:10:00,15.44,,,,,
16062,08/11/2025 11:15:00,15.40,,,,,
16063,08/11/2025 11:20:00,15.44,,,,,
16064,08/11/2025 11:25:00,15.44,,,,,
16065,08/11/2025 11:30:00,15.40,,,,,
16066,08/11/2025 11:35:00,15.40,,,,,
16067,08/11/2025 11:40:00,15.44,,,,,
16068,08/11/2025 11:45:00,15.44,,,,,
16069,08/11/2025 11:50:00,15.48,,,,,
16070,08/11/2025 11:55:00,15.44,,,,,
16071,08/11/2025 12:00:00,15.48,,,,,
16072,08/11/2025 12:05:00,15.48,,,,,
16073,08/11/2025 12:10:00,15.44,,,,,
16074,08/11/2025 12:15:00,15.40,,,,,
16075,08/11/2025 12:20:00,15.48,,,,,
16076,08/11/2025 12:25:00,15.44,,,,,
16077,08/11/2025 12:30:00,15.44,,,,,
16078,08/11/2025 12:35:00,15.44,,,,,
16079,08/11/2025 12:40:00,15.44,,,,,
16080,08/11/2025 12:45:00,15.36,,,,,
16081,08/11/2025 12:50:00,15.36,,,,,
16082,08/11/2025 12:55:00,15.31,,,,,
16083,08/11/2025 13:00:00,15.31,,,,,
16084,08/11/2025 13:05:00,15.31,,,,,
16085,08/11/2025 13:10:00,15.31,,,,,
16086,08/11/2025 13:15:00,15.27,,,,,
16087,08/11/2025 13:20:00,15.31,,,,,
16088,08/11/2025 13:25:00,15.31,,,,,
16089,08/11/2025 13:30:00,15.27,,,,,
16090,08/11/2025 13:35:00,15.31,,,,,
16091,08/11/2025 13:40:00,15.23,,,,,
16092,08/11/2025 13:45:00,15.27,,,,,
16093,08/11/2025 13:50:00,15.23,,,,,
16094,08/11/2025 13:55:00,15.27,,,,,
16095,08/11/2025 14:00:00,15.31,,,,,
16096,08/11/2025 14:05:00,15.31,,,,,
16097,08/11/2025 14:10:00,15.31,,,,,
16098,08/11/2025 14:15:00,15.27,,,,,
16099,08/11/2025 14:20:00,15.31,,,,,
16100,08/11/2025 14:25:00,15.27,,,,,
16101,08/11/2025 14:30:00,15.31,,,,,
16102,08/11/2025 14:35:00,15.27,,,,,
16103,08/11/2025 14:40:00,15.27,,,,,
16104,08/11/2025 14:45:00,15.27,,,,,
16105,08/11/2025 14:50:00,15.36,,,,,
16106,08/11/2025 14:55:00,15.31,,,,,
16107,08/11/2025 15:00:00,15.31,,,,,
16108,08/11/2025 15:05:00,15.31,,,,,
16109,08/11/2025 15:10:00,15.36,,,,,
16110,08/11/2025 15:15:00,15.36,,,,,
16111,08/11/2025 15:20:00,15.31,,,,,
16112,08/11/2025 15:25:00,15.27,,,,,
16113,08/11/2025 15:30:00,15.36,,,,,
16114,08/11/2025 15:35:00,15.31,,,,,
16115,08/11/2025 15:40:00,15.31,,,,,
16116,08/11/2025 15:45:00,15.31,,,,,
16117,08/11/2025 15:50:00,15.36,,,,,
16118,08/11/2025 15:55:00,15.36,,,,,
16119,08/11/2025 16:00:00,15.36,,,,,
16120,08/11/2025 16:05:00,15.31,,,,,
16121,08/11/2025 16:10:00,15.36,,,,,
16122,08/11/2025 16:15:00,15.36,,,,,
16123,08/11/2025 16:20:00,15.36,,,,,
16124,08/11/2025 16:25:00,15.36,,,,,
16125,08/11/2025 16:30:00,15.36,,,,,
16126,08/11/2025 16:35:00,15.36,,,,,
16127,08/11/2025 16:40:00,15.36,,,,,
16128,08/11/2025 16:45:00,15.36,,,,,
16129,08/11/2025 16:50:00,15.36,,,,,
16130,08/11/2025 16:55:00,15.36,,,,,
16131,08/11/2025 17:00:00,15.36,,,,,
16132,08/11/2025 17:05:00,15.36,,,,,
16133,08/11/2025 17:10:00,15.36,,,,,
16134,08/11/2025 17:15:00,15.36,,,,,
16135,08/11/2025 17:20:00,15.40,,,,,
16136,08/11/2025 17:25:00,15.40,,,,,
16137,08/11/2025 17:30:00,15.40,,,,,
16138,08/11/2025 17:35:00,15.44,,,,,
16139,08/11/2025 17:40:00,15.44,,,,,
16140,08/11/2025 17:45:00,15.44,,,,,
16141,08/11/2025 17:50:00,15.48,,,,,
16142,08/11/2025 17:55:00,15.40,,,,,
16143,08/11/2025 18:00:00,15.44,,,,,
16144,08/11/2025 18:05:00,15.44,,,,,
16145,08/11/2025 18:10:00,15.44,,,,,
16146,08/11/2025 18:15:00,15.48,,,,,
16147,08/11/2025 18:20:00,15.48,,,,,
16148,08/11/2025 18:25:00,15.48,,,,,
16149,08/11/2025 18:30:00,15.48,,,,,
16150,08/11/2025 18:35:00,15.44,,,,,
16151,08/11/2025 18:40:00,15.44,,,,,
16152,08/11/2025 18:45:00,15.48,,,,,
16153,08/11/2025 18:50:00,15.48,,,,,
16154,08/11/2025 18:55:00,15.48,,,,,
16155,08/11/2025 19:00:00,15.48,,,,,
16156,08/11/2025 19:05:00,15.44,,,,,
16157,08/11/2025 19:10:00,15.48,,,,,
16158,08/11/2025 19:15:00,15.48,,,,,
16159,08/11/2025 19:20:00,15.44,,,,,
16160,08/11/2025 19:25:00,15.48,,,,,
16161,08/11/2025 19:30:00,15.40,,,,,
16162,08/11/2025 19:35:00,15.40,,,,,
16163,08/11/2025 19:40:00,15.27,,,,,
16164,08/11/2025 19:45:00,15.10,,,,,
16165,08/11/2025 19:50:00,14.93,,,,,
16166,08/11/2025 19:55:00,14.80,,,,,
16167,08/11/2025 20:00:00,14.84,,,,,
16168,08/11/2025 20:05:00,14.88,,,,,
16169,08/11/2025 20:10:00,14.93,,,,,
16170,08/11/2025 20:15:00,15.01,,,,,
16171,08/11/2025 20:20:00,15.06,,,,,
16172,08/11/2025 20:25:00,15.10,,,,,
16173,08/11/2025 20:30:00,15.18,,,,,
16174,08/11/2025 20:35:00,15.18,,,,,
16175,08/11/2025 20:40:00,15.27,,,,,
16176,08/11/2025 20:45:00,15.18,,,,,
16177,08/11/2025 20:50:00,15.27,,,,,
16178,08/11/2025 20:55:00,15.27,,,,,
16179,08/11/2025 21:00:00,15.23,,,,,
16180,08/11/2025 21:05:00,15.23,,,,,
16181,08/11/2025 21:10:00,15.23,,,,,
16182,08/11/2025 21:15:00,15.18,,,,,
16183,08/11/2025 21:20:00,15.18,,,,,
16184,08/11/2025 21:25:00,15.23,,,,,
16185,08/11/2025 21:30:00,15.14,,,,,
16186,08/11/2025 21:35:00,15.18,,,,,
16187,08/11/2025 21:40:00,15.14,,,,,
16188,08/11/2025 21:45:00,15.10,,,,,
16189,08/11/2025 21:50:00,15.10,,,,,
16190,08/11/2025 21:55:00,15.10,,,,,
16191,08/11/2025 22:00:00,15.10,,,,,
16192,08/11/2025 22:05:00,15.06,,,,,
16193,08/11/2025 22:10:00,15.14,,,,,
16194,08/11/2025 22:15:00,15.14,,,,,
16195,08/11/2025 22:20:00,15.14,,,,,
16196,08/11/2025 22:25:00,15.14,,,,,
16197,08/11/2025 22:30:00,15.10,,,,,
16198,08/11/2025 22:35:00,15.18,,,,,
16199,08/11/2025 22:40:00,15.10,,,,,
16200,08/11/2025 22:45:00,15.10,,,,,
16201,08/11/2025 22:50:00,15.14,,,,,
16202,08/11/2025 22:55:00,15.14,,,,,
16203,08/11/2025 23:00:00,15.10,,,,,
16204,08/11/2025 23:05:00,15.10,,,,,
16205,08/11/2025 23:10:00,15.14,,,,,
16206,08/11/2025 23:15:00,15.10,,,,,
16207,08/11/2025 23:20:00,15.06,,,,,
16208,08/11/2025 23:25:00,15.06,,,,,
16209,08/11/2025 23:30:00,15.10,,,,,
16210,08/11/2025 23:35:00,15.06,,,,,
16211,08/11/2025 23:40:00,15.06,,,,,
16212,08/11/2025 23:45:00,15.06,,,,,
16213,08/11/2025 23:50:00,15.06,,,,,
16214,08/11/2025 23:55:00,15.01,,,,,
16215,08/12/2025 00:00:00,15.06,,,,,
16216,08/12/2025 00:05:00,14.97,,,,,
16217,08/12/2025 00:10:00,15.01,,,,,
16218,08/12/2025 00:15:00,14.97,,,,,
16219,08/12/2025 00:20:00,14.97,,,,,
16220,08/12/2025 00:25:00,14.93,,,,,
16221,08/12/2025 00:30:00,15.01,,,,,
16222,08/12/2025 00:35:00,14.97,,,,,
16223,08/12/2025 00:40:00,14.97,,,,,
16224,08/12/2025 00:45:00,14.97,,,,,
16225,08/12/2025 00:50:00,15.01,,,,,
16226,08/12/2025 00:55:00,15.01,,,,,
16227,08/12/2025 01:00:00,14.97,,,,,
16228,08/12/2025 01:05:00,15.01,,,,,
16229,08/12/2025 01:10:00,15.06,,,,,
16230,08/12/2025 01:15:00,15.10,,,,,
16231,08/12/2025 01:20:00,15.18,,,,,
16232,08/12/2025 01:25:00,15.23,,,,,
16233,08/12/2025 01:30:00,15.23,,,,,
16234,08/12/2025 01:35:00,15.18,,,,,
16235,08/12/2025 01:40:00,15.23,,,,,
16236,08/12/2025 01:45:00,15.23,,,,,
16237,08/12/2025 01:50:00,15.18,,,,,
16238,08/12/2025 01:55:00,15.18,,,,,
16239,08/12/2025 02:00:00,15.18,,,,,
16240,08/12/2025 02:05:00,15.18,,,,,
16241,08/12/2025 02:10:00,15.14,,,,,
16242,08/12/2025 02:15:00,15.14,,,,,
16243,08/12/2025 02:20:00,15.10,,,,,
16244,08/12/2025 02:25:00,15.10,,,,,
16245,08/12/2025 02:30:00,15.10,,,,,
16246,08/12/2025 02:35:00,15.10,,,,,
16247,08/12/2025 02:40:00,15.10,,,,,
16248,08/12/2025 02:45:00,15.06,,,,,
16249,08/12/2025 02:50:00,15.01,,,,,
16250,08/12/2025 02:55:00,15.01,,,,,
16251,08/12/2025 03:00:00,15.01,,,,,
16252,08/12/2025 03:05:00,14.97,,,,,
16253,08/12/2025 03:10:00,14.97,,,,,
16254,08/12/2025 03:15:00,14.97,,,,,
16255,08/12/2025 03:20:00,14.97,,,,,
16256,08/12/2025 03:25:00,14.97,,,,,
16257,08/12/2025 03:30:00,14.97,,,,,
16258,08/12/2025 03:35:00,14.93,,,,,
16259,08/12/2025 03:40:00,14.97,,,,,
16260,08/12/2025 03:45:00,14.88,,,,,
16261,08/12/2025 03:50:00,14.93,,,,,
16262,08/12/2025 03:55:00,14.88,,,,,
16263,08/12/2025 04:00:00,14.88,,,,,
16264,08/12/2025 04:05:00,14.88,,,,,
16265,08/12/2025 04:10:00,14.84,,,,,
16266,08/12/2025 04:15:00,14.88,,,,,
16267,08/12/2025 04:20:00,14.88,,,,,
16268,08/12/2025 04:25:00,14.84,,,,,
16269,08/12/2025 04:30:00,14.84,,,,,
16270,08/12/2025 04:35:00,14.84,,,,,
16271,08/12/2025 04:40:00,14.88,,,,,
16272,08/12/2025 04:45:00,14.88,,,,,
16273,08/12/2025 04:50:00,14.84,,,,,
16274,08/12/2025 04:55:00,14.88,,,,,
16275,08/12/2025 05:00:00,14.84,,,,,
16276,08/12/2025 05:05:00,14.84,,,,,
16277,08/12/2025 05:10:00,14.88,,,,,
16278,08/12/2025 05:15:00,14.84,,,,,
16279,08/12/2025 05:20:00,14.75,,,,,
16280,08/12/2025 05:25:00,14.80,,,,,
16281,08/12/2025 05:30:00,14.75,,,,,
16282,08/12/2025 05:35:00,14.71,,,,,
16283,08/12/2025 05:40:00,14.75,,,,,
16284,08/12/2025 05:45:00,14.71,,,,,
16285,08/12/2025 05:50:00,14.71,,,,,
16286,08/12/2025 05:55:00,14.67,,,,,
16287,08/12/2025 06:00:00,14.63,,,,,
16288,08/12/2025 06:05:00,14.63,,,,,
16289,08/12/2025 06:10:00,14.63,,,,,
16290,08/12/2025 06:15:00,14.63,,,,,
16291,08/12/2025 06:20:00,14.63,,,,,
16292,08/12/2025 06:25:00,14.58,,,,,
16293,08/12/2025 06:30:00,14.54,,,,,
16294,08/12/2025 06:35:00,14.58,,,,,
16295,08/12/2025 06:40:00,14.58,,,,,
16296,08/12/2025 06:45:00,14.58,,,,,
16297,08/12/2025 06:50:00,14.54,,,,,
16298,08/12/2025 06:55:00,14.58,,,,,
16299,08/12/2025 07:00:00,14.58,,,,,
16300,08/12/2025 07:05:00,14.54,,,,,
16301,08/12/2025 07:10:00,14.54,,,,,
16302,08/12/2025 07:15:00,14.54,,,,,
16303,08/12/2025 07:20:00,14.54,,,,,
16304,08/12/2025 07:25:00,14.50,,,,,
16305,08/12/2025 07:30:00,14.50,,,,,
16306,08/12/2025 07:35:00,14.45,,,,,
16307,08/12/2025 07:40:00,14.50,,,,,
16308,08/12/2025 07:45:00,14.50,,,,,
16309,08/12/2025 07:50:00,14.45,,,,,
16310,08/12/2025 07:55:00,14.45,,,,,
16311,08/12/2025 08:00:00,14.41,,,,,
16312,08/12/2025 08:05:00,14.41,,,,,
16313,08/12/2025 08:10:00,14.41,,,,,
16314,08/12/2025 08:15:00,14.37,,,,,
16315,08/12/2025 08:20:00,14.33,,,,,
16316,08/12/2025 08:25:00,14.37,,,,,
16317,08/12/2025 08:30:00,14.28,,,,,
16318,08/12/2025 08:35:00,14.37,,,,,
16319,08/12/2025 08:40:00,14.33,,,,,
16320,08/12/2025 08:45:00,14.33,,,,,
16321,08/12/2025 08:50:00,14.33,,,,,
16322,08/12/2025 08:55:00,14.33,,,,,
16323,08/12/2025 09:00:00,14.33,,,,,
16324,08/12/2025 09:05:00,14.28,,,,,
16325,08/12/2025 09:10:00,14.33,,,,,
16326,08/12/2025 09:15:00,14.33,,,,,
16327,08/12/2025 09:20:00,14.28,,,,,
16328,08/12/2025 09:25:00,14.33,,,,,
16329,08/12/2025 09:30:00,14.33,,,,,
16330,08/12/2025 09:35:00,14.37,,,,,
16331,08/12/2025 09:40:00,14.45,,,,,
16332,08/12/2025 09:45:00,14.45,,,,,
16333,08/12/2025 09:50:00,14.54,,,,,
16334,08/12/2025 09:55:00,14.54,,,,,
16335,08/12/2025 10:00:00,14.67,,,,,
16336,08/12/2025 10:05:00,14.80,,,,,
16337,08/12/2025 10:10:00,14.93,,,,,
16338,08/12/2025 10:15:00,15.10,,,,,
16339,08/12/2025 10:20:00,15.48,,,,,
16340,08/12/2025 10:25:00,16.04,,,,,
16341,08/12/2025 10:30:00,16.77,,,,,
16342,08/12/2025 10:35:00,17.76,,,,,
16343,08/12/2025 10:40:00,18.36,,,,,
16344,08/12/2025 10:45:00,19.22,,,,,
16345,08/12/2025 10:50:00,19.90,,,,,
16346,08/12/2025 10:55:00,20.16,,,,,
16347,08/12/2025 11:00:00,20.07,,,,,
16348,08/12/2025 11:05:00,19.82,,,,,
16349,08/12/2025 11:10:00,19.60,,,,,
16350,08/12/2025 11:15:00,19.26,,,,,
16351,08/12/2025 11:20:00,18.92,,,,,
16352,08/12/2025 11:25:00,18.57,,,,,
16353,08/12/2025 11:30:00,18.27,,,,,
16354,08/12/2025 11:35:00,18.02,,,,,
16355,08/12/2025 11:40:00,17.76,,,,,
16356,08/12/2025 11:45:00,17.50,,,,,
16357,08/12/2025 11:50:00,17.33,,,,,
16358,08/12/2025 11:55:00,17.16,,,,,
16359,08/12/2025 12:00:00,17.03,,,,,
16360,08/12/2025 12:05:00,16.90,,,,,
16361,08/12/2025 12:10:00,16.77,,,,,
16362,08/12/2025 12:15:00,16.64,,,,,
16363,08/12/2025 12:20:00,16.56,,,,,
16364,08/12/2025 12:25:00,16.47,,,,,
16365,08/12/2025 12:30:00,16.34,,,,,
16366,08/12/2025 12:35:00,16.30,,,,,
16367,08/12/2025 12:40:00,16.21,,,,,
16368,08/12/2025 12:45:00,16.13,,,,,
16369,08/12/2025 12:50:00,16.08,,,,,
16370,08/12/2025 12:55:00,16.04,,,,,
16371,08/12/2025 13:00:00,15.96,,,,,
16372,08/12/2025 13:05:00,15.96,,,,,
16373,08/12/2025 13:10:00,15.91,,,,,
16374,08/12/2025 13:15:00,15.87,,,,,
16375,08/12/2025 13:20:00,15.87,,,,,
16376,08/12/2025 13:25:00,15.83,,,,,
16377,08/12/2025 13:30:00,15.83,,,,,
16378,08/12/2025 13:35:00,15.74,,,,,
16379,08/12/2025 13:40:00,15.74,,,,,
16380,08/12/2025 13:45:00,15.74,,,,,
16381,08/12/2025 13:50:00,15.74,,,,,
16382,08/12/2025 13:55:00,15.70,,,,,
16383,08/12/2025 14:00:00,15.66,,,,,
16384,08/12/2025 14:05:00,15.61,,,,,
16385,08/12/2025 14:10:00,15.61,,,,,
16386,08/12/2025 14:15:00,15.61,,,,,
16387,08/12/2025 14:20:00,15.61,,,,,
16388,08/12/2025 14:25:00,15.57,,,,,
16389,08/12/2025 14:30:00,15.57,,,,,
16390,08/12/2025 14:35:00,15.53,,,,,
16391,08/12/2025 14:40:00,15.53,,,,,
16392,08/12/2025 14:45:00,15.48,,,,,
16393,08/12/2025 14:50:00,15.53,,,,,
16394,08/12/2025 14:55:00,15.53,,,,,
16395,08/12/2025 15:00:00,15.48,,,,,
16396,08/12/2025 15:05:00,15.53,,,,,
16397,08/12/2025 15:10:00,15.48,,,,,
16398,08/12/2025 15:15:00,15.48,,,,,
16399,08/12/2025 15:20:00,15.48,,,,,
16400,08/12/2025 15:25:00,15.44,,,,,
16401,08/12/2025 15:30:00,15.48,,,,,
16402,08/12/2025 15:35:00,15.48,,,,,
16403,08/12/2025 15:40:00,15.40,,,,,
16404,08/12/2025 15:45:00,15.44,,,,,
16405,08/12/2025 15:50:00,15.40,,,,,
16406,08/12/2025 15:55:00,15.40,,,,,
16407,08/12/2025 16:00:00,15.40,,,,,
16408,08/12/2025 16:05:00,15.36,,,,,
16409,08/12/2025 16:10:00,15.36,,,,,
16410,08/12/2025 16:15:00,15.40,,,,,
16411,08/12/2025 16:20:00,15.36,,,,,
16412,08/12/2025 16:25:00,15.31,,,,,
16413,08/12/2025 16:30:00,15.36,,,,,
16414,08/12/2025 16:35:00,15.36,,,,,
16415,08/12/2025 16:40:00,15.31,,,,,
16416,08/12/2025 16:45:00,15.36,,,,,
16417,08/12/2025 16:50:00,15.36,,,,,
16418,08/12/2025 16:55:00,15.31,,,,,
16419,08/12/2025 17:00:00,15.31,,,,,
16420,08/12/2025 17:05:00,15.36,,,,,
16421,08/12/2025 17:10:00,15.31,,,,,
16422,08/12/2025 17:15:00,15.36,,,,,
16423,08/12/2025 17:20:00,15.36,,,,,
16424,08/12/2025 17:25:00,15.36,,,,,
16425,08/12/2025 17:30:00,15.44,,,,,
16426,08/12/2025 17:35:00,15.44,,,,,
16427,08/12/2025 17:40:00,15.40,,,,,
16428,08/12/2025 17:45:00,15.44,,,,,
16429,08/12/2025 17:50:00,15.44,,,,,
16430,08/12/2025 17:55:00,15.48,,,,,
16431,08/12/2025 18:00:00,15.48,,,,,
16432,08/12/2025 18:05:00,15.48,,,,,
16433,08/12/2025 18:10:00,15.48,,,,,
16434,08/12/2025 18:15:00,15.53,,,,,
16435,08/12/2025 18:20:00,15.53,,,,,
16436,08/12/2025 18:25:00,15.57,,,,,
16437,08/12/2025 18:30:00,15.57,,,,,
16438,08/12/2025 18:35:00,15.61,,,,,
16439,08/12/2025 18:40:00,15.57,,,,,
16440,08/12/2025 18:45:00,15.57,,,,,
16441,08/12/2025 18:50:00,15.57,,,,,
16442,08/12/2025 18:55:00,15.61,,,,,
16443,08/12/2025 19:00:00,15.66,,,,,
16444,08/12/2025 19:05:00,15.70,,,,,
16445,08/12/2025 19:10:00,15.70,,,,,
16446,08/12/2025 19:15:00,15.66,,,,,
16447,08/12/2025 19:20:00,15.66,,,,,
16448,08/12/2025 19:25:00,15.66,,,,,
16449,08/12/2025 19:30:00,15.70,,,,,
16450,08/12/2025 19:35:00,15.70,,,,,
16451,08/12/2025 19:40:00,15.70,,,,,
16452,08/12/2025 19:45:00,15.70,,,,,
16453,08/12/2025 19:50:00,15.66,,,,,
16454,08/12/2025 19:55:00,15.70,,,,,
16455,08/12/2025 20:00:00,15.70,,,,,
16456,08/12/2025 20:05:00,15.74,,,,,
16457,08/12/2025 20:10:00,15.70,,,,,
16458,08/12/2025 20:15:00,15.70,,,,,
16459,08/12/2025 20:20:00,15.61,,,,,
16460,08/12/2025 20:25:00,15.70,,,,,
16461,08/12/2025 20:30:00,15.66,,,,,
16462,08/12/2025 20:35:00,15.66,,,,,
16463,08/12/2025 20:40:00,15.70,,,,,
16464,08/12/2025 20:45:00,15.70,,,,,
16465,08/12/2025 20:50:00,15.70,,,,,
16466,08/12/2025 20:55:00,15.66,,,,,
16467,08/12/2025 21:00:00,15.74,,,,,
16468,08/12/2025 21:05:00,15.66,,,,,
16469,08/12/2025 21:10:00,15.70,,,,,
16470,08/12/2025 21:15:00,15.66,,,,,
16471,08/12/2025 21:20:00,15.70,,,,,
16472,08/12/2025 21:25:00,15.66,,,,,
16473,08/12/2025 21:30:00,15.70,,,,,
16474,08/12/2025 21:35:00,15.66,,,,,
16475,08/12/2025 21:40:00,15.70,,,,,
16476,08/12/2025 21:45:00,15.66,,,,,
16477,08/12/2025 21:50:00,15.61,,,,,
16478,08/12/2025 21:55:00,15.61,,,,,
16479,08/12/2025 22:00:00,15.66,,,,,
16480,08/12/2025 22:05:00,15.66,,,,,
16481,08/12/2025 22:10:00,15.66,,,,,
16482,08/12/2025 22:15:00,15.66,,,,,
16483,08/12/2025 22:20:00,15.66,,,,,
16484,08/12/2025 22:25:00,15.66,,,,,
16485,08/12/2025 22:30:00,15.66,,,,,
16486,08/12/2025 22:35:00,15.61,,,,,
16487,08/12/2025 22:40:00,15.61,,,,,
16488,08/12/2025 22:45:00,15.61,,,,,
16489,08/12/2025 22:50:00,15.57,,,,,
16490,08/12/2025 22:55:00,15.57,,,,,
16491,08/12/2025 23:00:00,15.57,,,,,
16492,08/12/2025 23:05:00,15.57,,,,,
16493,08/12/2025 23:10:00,15.57,,,,,
16494,08/12/2025 23:15:00,15.57,,,,,
16495,08/12/2025 23:20:00,15.53,,,,,
16496,08/12/2025 23:25:00,15.53,,,,,
16497,08/12/2025 23:30:00,15.53,,,,,
16498,08/12/2025 23:35:00,15.53,,,,,
16499,08/12/2025 23:40:00,15.53,,,,,
16500,08/12/2025 23:45:00,15.53,,,,,
16501,08/12/2025 23:50:00,15.53,,,,,
16502,08/12/2025 23:55:00,15.48,,,,,
16503,08/13/2025 00:00:00,15.48,,,,,
16504,08/13/2025 00:05:00,15.48,,,,,
16505,08/13/2025 00:10:00,15.53,,,,,
16506,08/13/2025 00:15:00,15.44,,,,,
16507,08/13/2025 00:20:00,15.44,,,,,
16508,08/13/2025 00:25:00,15.48,,,,,
16509,08/13/2025 00:30:00,15.48,,,,,
16510,08/13/2025 00:35:00,15.36,,,,,
16511,08/13/2025 00:40:00,15.44,,,,,
16512,08/13/2025 00:45:00,15.44,,,,,
16513,08/13/2025 00:50:00,15.40,,,,,
16514,08/13/2025 00:55:00,15.40,,,,,
16515,08/13/2025 01:00:00,15.40,,,,,
16516,08/13/2025 01:05:00,15.40,,,,,
16517,08/13/2025 01:10:00,15.36,,,,,
16518,08/13/2025 01:15:00,15.36,,,,,
16519,08/13/2025 01:20:00,15.36,,,,,
16520,08/13/2025 01:25:00,15.36,,,,,
16521,08/13/2025 01:30:00,15.36,,,,,
16522,08/13/2025 01:35:00,15.36,,,,,
16523,08/13/2025 01:40:00,15.31,,,,,
16524,08/13/2025 01:45:00,15.27,,,,,
16525,08/13/2025 01:50:00,15.31,,,,,
16526,08/13/2025 01:55:00,15.27,,,,,
16527,08/13/2025 02:00:00,15.27,,,,,
16528,08/13/2025 02:05:00,15.18,,,,,
16529,08/13/2025 02:10:00,15.23,,,,,
16530,08/13/2025 02:15:00,15.18,,,,,
16531,08/13/2025 02:20:00,15.18,,,,,
16532,08/13/2025 02:25:00,15.18,,,,,
16533,08/13/2025 02:30:00,15.14,,,,,
16534,08/13/2025 02:35:00,15.14,,,,,
16535,08/13/2025 02:40:00,15.10,,,,,
16536,08/13/2025 02:45:00,15.10,,,,,
16537,08/13/2025 02:50:00,15.10,,,,,
16538,08/13/2025 02:55:00,15.10,,,,,
16539,08/13/2025 03:00:00,15.06,,,,,
16540,08/13/2025 03:05:00,15.01,,,,,
16541,08/13/2025 03:10:00,15.01,,,,,
16542,08/13/2025 03:15:00,15.01,,,,,
16543,08/13/2025 03:20:00,15.01,,,,,
16544,08/13/2025 03:25:00,14.97,,,,,
16545,08/13/2025 03:30:00,14.88,,,,,
16546,08/13/2025 03:35:00,14.93,,,,,
16547,08/13/2025 03:40:00,14.88,,,,,
16548,08/13/2025 03:45:00,14.88,,,,,
16549,08/13/2025 03:50:00,14.88,,,,,
16550,08/13/2025 03:55:00,14.84,,,,,
16551,08/13/2025 04:00:00,14.80,,,,,
16552,08/13/2025 04:05:00,14.75,,,,,
16553,08/13/2025 04:10:00,14.75,,,,,
16554,08/13/2025 04:15:00,14.71,,,,,
16555,08/13/2025 04:20:00,14.75,,,,,
16556,08/13/2025 04:25:00,14.71,,,,,
16557,08/13/2025 04:30:00,14.63,,,,,
16558,08/13/2025 04:35:00,14.67,,,,,
16559,08/13/2025 04:40:00,14.63,,,,,
16560,08/13/2025 04:45:00,14.54,,,,,
16561,08/13/2025 04:50:00,14.54,,,,,
16562,08/13/2025 04:55:00,14.54,,,,,
16563,08/13/2025 05:00:00,14.54,,,,,
16564,08/13/2025 05:05:00,14.54,,,,,
16565,08/13/2025 05:10:00,14.50,,,,,
16566,08/13/2025 05:15:00,14.41,,,,,
16567,08/13/2025 05:20:00,14.37,,,,,
16568,08/13/2025 05:25:00,14.41,,,,,
16569,08/13/2025 05:30:00,14.37,,,,,
16570,08/13/2025 05:35:00,14.33,,,,,
16571,08/13/2025 05:40:00,14.33,,,,,
16572,08/13/2025 05:45:00,14.33,,,,,
16573,08/13/2025 05:50:00,14.28,,,,,
16574,08/13/2025 05:55:00,14.28,,,,,
16575,08/13/2025 06:00:00,14.24,,,,,
16576,08/13/2025 06:05:00,14.20,,,,,
16577,08/13/2025 06:10:00,14.20,,,,,
16578,08/13/2025 06:15:00,14.20,,,,,
16579,08/13/2025 06:20:00,14.15,,,,,
16580,08/13/2025 06:25:00,14.11,,,,,
16581,08/13/2025 06:30:00,14.07,,,,,
16582,08/13/2025 06:35:00,14.11,,,,,
16583,08/13/2025 06:40:00,14.03,,,,,
16584,08/13/2025 06:45:00,14.03,,,,,
16585,08/13/2025 06:50:00,14.03,,,,,
16586,08/13/2025 06:55:00,13.98,,,,,
16587,08/13/2025 07:00:00,13.98,,,,,
16588,08/13/2025 07:05:00,13.98,,,,,
16589,08/13/2025 07:10:00,13.94,,,,,
16590,08/13/2025 07:15:00,13.94,,,,,
16591,08/13/2025 07:20:00,13.85,,,,,
16592,08/13/2025 07:25:00,13.90,,,,,
16593,08/13/2025 07:30:00,13.85,,,,,
16594,08/13/2025 07:35:00,13.81,,,,,
16595,08/13/2025 07:40:00,13.81,,,,,
16596,08/13/2025 07:45:00,13.85,,,,,
16597,08/13/2025 07:50:00,13.73,,,,,
16598,08/13/2025 07:55:00,13.77,,,,,
16599,08/13/2025 08:00:00,13.73,,,,,
16600,08/13/2025 08:05:00,13.73,,,,,
16601,08/13/2025 08:10:00,13.64,,,,,
16602,08/13/2025 08:15:00,13.64,,,,,
16603,08/13/2025 08:20:00,13.68,,,,,
16604,08/13/2025 08:25:00,13.60,,,,,
16605,08/13/2025 08:30:00,13.51,,,,,
16606,08/13/2025 08:35:00,13.55,,,,,
16607,08/13/2025 08:40:00,13.55,,,,,
16608,08/13/2025 08:45:00,13.47,,,,,
16609,08/13/2025 08:50:00,13.51,,,,,
16610,08/13/2025 08:55:00,13.47,,,,,
16611,08/13/2025 09:00:00,13.47,,,,,
16612,08/13/2025 09:05:00,13.47,,,,,
16613,08/13/2025 09:10:00,13.47,,,,,
16614,08/13/2025 09:15:00,13.47,,,,,
16615,08/13/2025 09:20:00,13.47,,,,,
16616,08/13/2025 09:25:00,13.43,,,,,
16617,08/13/2025 09:30:00,13.43,,,,,
16618,08/13/2025 09:35:00,13.47,,,,,
16619,08/13/2025 09:40:00,13.47,,,,,
16620,08/13/2025 09:45:00,13.51,,,,,
16621,08/13/2025 09:50:00,13.55,,,,,
16622,08/13/2025 09:55:00,13.60,,,,,
16623,08/13/2025 10:00:00,13.68,,,,,
16624,08/13/2025 10:05:00,13.73,,,,,
16625,08/13/2025 10:10:00,13.90,,,,,
16626,08/13/2025 10:15:00,14.15,,,,,
16627,08/13/2025 10:20:00,15.48,,,,,
16628,08/13/2025 10:22:02,,,Logged,Logged,,
16629,08/13/2025 10:22:30,,,,,Logged,
16630,08/13/2025 10:22:44,,,Logged,Logged,,
16631,08/13/2025 10:22:45,,,,,Logged,Logged
