XR5-SE-M, Serial #: EM02G610, Locale: English (United States)
FwRev: 1.00.95, LogXR: 1.01.42, Battery Voltage: 7.12V
Label:                                 
Unit ID: EM02G610
Excitation Time: 150ms
Temp Scale: F
Log Interval: 0 hr, 2 min, 0 sec
Run Mode: Manual (Slow)
Total Samples: 28290, Current State: Not Logging

Ch1: On
Ch1 Type/Mode: 0-5V, Average
Ch1 Slope/Offset: 125.0, -62.5
Ch1 Alarm High/Low: Off/Off, 0.076, 0.076, 
Ch1 Descr: P Suct 1                
Ch1 SMS:                 ,                                                            

Ch2: On
Ch2 Type/Mode: 0-5V, Standard
Ch2 Slope/Offset: 125.0, -62.5
Ch2 Alarm High/Low: Off/Off, 0.076, 0.076, 
Ch2 Descr: P Disch 1               
Ch2 SMS:                 ,                                                            

Ch3: On
Ch3 Type/Mode: Temperature PT9xx (C.rvt), Standard
Ch3 Slope/Offset: 1.0, 0.0
Ch3 Alarm High/Low: Off/Off, 482.02, 482.02, 
Ch3 Descr: Temp Suct 1             
Ch3 SMS:                 ,                                                            

Ch4: On
Ch4 Type/Mode: Temperature PT9xx (C.rvt), Standard
Ch4 Slope/Offset: 1.0, 0.0
Ch4 Alarm High/Low: Off/Off, 482.02, 482.02, 
Ch4 Descr: Temp Disch 1            
Ch4 SMS:                 ,                                                            

Ch5: On
Ch5 Type/Mode: 0-5V, Standard
Ch5 Slope/Offset: 125.0, -62.5
Ch5 Alarm High/Low: Off/Off, 0.076, 0.076, 
Ch5 Descr: P Suct 2                
Ch5 SMS:                 ,                                                            

Ch6: On
Ch6 Type/Mode: 0-5V, Standard
Ch6 Slope/Offset: 125.0, -62.5
Ch6 Alarm High/Low: Off/Off, 0.076, 0.076, 
Ch6 Descr: P Dich 2                
Ch6 SMS:                 ,                                                            

Ch7: On
Ch7 Type/Mode: Temperature PT9xx (C.rvt), Standard
Ch7 Slope/Offset: 1.0, 0.0
Ch7 Alarm High/Low: Off/Off, 482.02, 482.02, 
Ch7 Descr: Temp Suct 2             
Ch7 SMS:                 ,                                                            

Ch8: On
Ch8 Type/Mode: Temperature PT9xx (C.rvt), Standard
Ch8 Slope/Offset: 1.0, 0.0
Ch8 Alarm High/Low: Off/Off, 482.02, 482.02, 
Ch8 Descr: Temp Disch 2            
Ch8 SMS:                 ,                                                            

ChX: On
ChX Type: Mechanical Switch, Pulse
ChX Slope/Offset: 0.1, 0
ChX Descr: Rack System     

ChY: Off
ChY Type: Mechanical Switch, Pulse
ChY Slope/Offset: 5369.71, 5389.76
ChY Descr:                 

ChZ: Off
ChZ Type: Mechanical Switch, Pulse
ChZ Slope/Offset: 5369.71, 5389.76
ChZ Descr:                 

Ambient: Off

                                                  


Data Set 1
2007/09/25 13:53:22, 76.694, 230.693, 77.88, 116.08, 151.633, 150.717, 89.78, 90.97, 0.0
2007/09/25 13:55:22, 76.389, 227.03, 77.72, 115.41, 151.48, 150.412, 89.82, 91.18, 0.2
2007/09/25 13:57:22, 76.389, 229.472, 77.50, 115.20, 150.412, 149.802, 90.18, 91.22, 0.1
2007/09/25 13:59:22, 76.389, 227.64, 77.31, 115.20, 150.259, 149.496, 89.87, 90.79, 0.1
2007/09/25 14:01:22, 76.236, 228.861, 77.22, 115.03, 149.954, 148.886, 90.00, 91.00, 0.1
2007/09/25 14:03:22, 76.236, 231.761, 77.13, 115.03, 150.107, 149.038, 90.00, 91.06, 0.1
2007/09/25 14:05:22, 76.084, 230.235, 77.05, 115.09, 149.954, 149.344, 90.14, 91.27, 0.2
2007/09/25 14:07:22, 76.542, 229.167, 76.96, 115.03, 149.649, 149.191, 89.91, 91.06, 0.1
2007/09/25 14:09:22, 76.389, 229.777, 76.96, 115.03, 149.038, 148.886, 90.18, 91.40, 0.1
2007/09/25 14:11:22, 76.542, 229.014, 76.96, 115.20, 149.191, 149.038, 90.45, 91.49, 0.1
2007/09/25 14:13:22, 76.236, 230.388, 76.93, 114.82, 150.259, 149.496, 90.45, 91.62, 0.2
2007/09/25 14:15:22, 76.694, 228.098, 76.89, 115.03, 149.954, 149.038, 90.36, 91.49, 0.1
2007/09/25 14:17:22, 76.389, 230.998, 76.93, 115.03, 150.412, 148.886, 90.57, 91.80, 0.1
2007/09/25 14:19:22, 76.542, 228.861, 76.93, 114.87, 150.259, 148.886, 90.45, 91.76, 0.1
2007/09/25 14:21:22, 76.694, 224.13, 77.00, 114.98, 150.107, 149.038, 90.61, 91.53, 0.1
2007/09/25 14:23:22, 76.847, 232.219, 77.31, 115.36, 151.633, 150.412, 90.21, 91.58, 0.2
2007/09/25 14:25:22, 76.999, 231.761, 77.50, 115.41, 151.48, 150.259, 90.54, 91.98, 0.1
2007/09/25 14:27:22, 77.152, 233.44, 77.54, 115.59, 151.786, 151.175, 90.39, 91.71, 0.1
2007/09/25 14:29:22, 77.305, 230.998, 77.67, 115.70, 150.87, 149.802, 90.79, 92.21, 0.1
2007/09/25 14:31:22, 77.305, 234.051, 77.76, 115.75, 152.244, 151.48, 90.88, 92.21, 0.1
2007/09/25 14:33:22, 76.999, 227.335, 77.95, 115.97, 151.023, 149.954, 90.54, 92.16, 0.2
2007/09/25 14:35:22, 76.999, 233.288, 78.04, 116.08, 153.159, 153.007, 90.91, 92.34, 0.1
2007/09/25 14:37:22, 77.305, 231.609, 78.04, 115.97, 152.244, 153.007, 90.61, 92.21, 0.1
2007/09/25 14:39:22, 77.457, 233.135, 78.08, 116.19, 153.007, 152.244, 90.91, 92.12, 0.1
2007/09/25 14:41:22, 77.763, 232.219, 78.12, 116.29, 153.312, 152.396, 91.35, 92.46, 0.1
2007/09/25 14:43:22, 77.457, 232.677, 78.12, 116.42, 153.159, 152.701, 91.27, 92.61, 0.2
2007/09/25 14:45:22, 77.457, 235.119, 77.83, 116.19, 152.701, 152.244, 91.22, 92.70, 0.1
2007/09/25 14:47:22, 77.457, 232.219, 77.63, 116.02, 153.159, 151.48, 91.58, 92.64, 0.1
2007/09/25 14:49:22, 77.152, 228.251, 77.54, 115.92, 151.786, 150.717, 91.62, 92.82, 0.1
2007/09/25 14:51:22, 77.305, 232.219, 77.38, 115.97, 152.091, 150.717, 91.76, 92.86, 0.1
2007/09/25 14:53:22, 77.152, 231.303, 77.41, 116.08, 152.244, 151.023, 91.80, 92.91, 0.2
2007/09/25 14:55:22, 77.305, 235.119, 77.38, 115.86, 152.244, 151.48, 91.89, 93.04, 0.1
2007/09/25 14:57:22, 77.457, 236.493, 77.25, 115.86, 151.786, 151.633, 92.03, 93.00, 0.1
2007/09/25 14:59:22, 77.457, 232.219, 77.18, 115.59, 151.023, 149.496, 91.53, 92.64, 0.1
2007/09/25 15:01:22, 77.152, 230.235, 77.18, 115.36, 151.175, 150.107, 91.44, 92.70, 0.2
2007/09/25 15:03:22, 77.457, 234.509, 77.13, 115.59, 152.701, 151.328, 91.44, 92.46, 0.1
2007/09/25 15:05:22, 77.457, 235.119, 77.05, 115.65, 151.633, 150.565, 91.85, 92.70, 0.1
2007/09/25 15:07:22, 77.457, 236.34, 76.89, 115.70, 152.854, 151.328, 91.71, 92.61, 0.1
2007/09/25 15:09:22, 77.457, 234.051, 76.96, 115.41, 151.633, 150.412, 91.67, 92.91, 0.2
2007/09/25 15:11:22, 77.61, 235.882, 76.93, 115.59, 151.786, 150.717, 91.44, 92.61, 0.1
2007/09/25 15:13:22, 77.61, 234.051, 76.80, 115.36, 151.633, 150.107, 91.94, 93.00, 0.1
2007/09/25 15:15:22, 77.457, 231.456, 76.80, 115.30, 151.48, 150.107, 91.89, 93.00, 0.1
2007/09/25 15:17:22, 77.457, 235.882, 77.09, 115.30, 151.48, 151.175, 91.89, 92.77, 0.1
2007/09/25 15:19:22, 77.915, 233.593, 77.34, 115.65, 151.48, 151.48, 91.80, 92.77, 0.2
2007/09/25 15:21:22, 77.61, 230.235, 77.47, 115.75, 151.938, 151.175, 91.89, 92.91, 0.1
2007/09/25 15:23:22, 77.763, 234.661, 77.63, 115.92, 153.159, 152.396, 91.85, 92.91, 0.1
2007/09/25 15:25:22, 78.068, 235.119, 77.72, 116.19, 153.159, 151.786, 92.03, 93.04, 0.1
2007/09/25 15:27:22, 78.22, 237.408, 77.83, 116.13, 153.77, 151.786, 91.94, 93.22, 0.2
2007/09/25 15:29:22, 78.068, 233.898, 77.88, 116.13, 153.007, 151.633, 91.85, 93.31, 0.1
2007/09/25 15:31:22, 77.61, 238.782, 78.08, 116.24, 153.77, 152.854, 91.71, 93.34, 0.1
2007/09/25 15:33:22, 77.457, 230.54, 78.21, 116.42, 152.854, 151.633, 91.94, 93.43, 0.1
2007/09/25 15:35:22, 77.763, 237.714, 78.24, 116.64, 153.922, 153.007, 92.03, 93.49, 0.1
2007/09/25 15:37:22, 77.61, 238.782, 78.28, 116.47, 154.228, 152.854, 92.12, 93.49, 0.2
2007/09/25 15:39:22, 77.763, 236.187, 77.83, 116.19, 153.159, 152.396, 92.25, 93.25, 0.1
2007/09/25 15:41:22, 77.763, 234.814, 77.50, 116.02, 152.244, 151.633, 92.43, 93.13, 0.1
2007/09/25 15:43:22, 77.61, 238.324, 77.31, 115.75, 151.786, 151.175, 92.28, 92.95, 0.1
2007/09/25 15:45:22, 77.763, 232.677, 77.18, 115.86, 151.786, 150.717, 92.64, 93.40, 0.2
2007/09/25 15:47:22, 77.763, 234.966, 77.09, 115.81, 152.244, 150.717, 92.37, 93.25, 0.1
2007/09/25 15:49:22, 77.61, 235.424, 77.05, 115.92, 152.244, 150.717, 92.64, 93.34, 0.1
2007/09/25 15:51:22, 77.61, 236.035, 77.09, 116.02, 152.549, 151.633, 92.43, 93.25, 0.1
2007/09/25 15:53:22, 77.61, 238.019, 77.05, 115.70, 152.091, 151.48, 92.46, 93.58, 0.2
2007/09/25 15:55:22, 77.61, 238.477, 77.09, 115.75, 151.938, 150.717, 92.21, 93.31, 0.0
2007/09/25 15:57:22, 77.61, 234.966, 76.89, 115.54, 151.938, 150.717, 92.61, 93.40, 0.2
2007/09/25 15:59:22, 77.457, 233.44, 76.93, 115.59, 151.633, 150.717, 92.21, 93.31, 0.1
2007/09/25 16:01:22, 77.457, 236.34, 76.89, 115.54, 152.091, 151.023, 91.98, 93.04, 0.1
2007/09/25 16:03:22, 77.61, 235.577, 76.93, 115.41, 151.938, 150.87, 92.34, 93.52, 0.1
2007/09/25 16:05:22, 77.763, 235.424, 76.89, 115.70, 151.938, 150.87, 92.34, 93.34, 0.2
2007/09/25 16:07:22, 77.763, 233.745, 77.00, 115.70, 151.023, 149.954, 92.28, 93.31, 0.1
2007/09/25 16:09:22, 77.763, 235.577, 77.25, 115.70, 152.854, 152.091, 92.03, 93.22, 0.1
2007/09/25 16:11:22, 77.915, 237.866, 77.47, 115.92, 152.244, 153.007, 91.98, 93.52, 0.1
2007/09/25 16:13:22, 77.915, 234.661, 77.47, 115.86, 153.312, 151.48, 92.07, 93.31, 0.2
2007/09/25 16:15:22, 77.763, 235.424, 77.50, 115.81, 153.007, 151.328, 92.37, 93.49, 0.1
2007/09/25 16:17:22, 77.763, 235.119, 77.54, 115.75, 152.854, 150.87, 92.03, 93.16, 0.1
2007/09/25 16:19:22, 77.763, 233.745, 77.63, 115.81, 152.854, 151.633, 91.80, 93.07, 0.1
2007/09/25 16:21:22, 77.61, 236.798, 77.67, 115.92, 153.465, 152.244, 92.12, 93.52, 0.2
2007/09/25 16:23:22, 77.457, 232.524, 77.76, 115.86, 153.159, 151.786, 91.76, 93.34, 0.1
2007/09/25 16:25:22, 77.61, 235.119, 77.79, 115.92, 153.312, 151.938, 91.76, 93.31, 0.1
2007/09/25 16:27:22, 77.61, 234.661, 77.79, 115.92, 153.922, 152.091, 91.76, 92.86, 0.1
2007/09/25 16:29:22, 77.305, 231.456, 77.76, 115.92, 153.312, 151.786, 91.89, 92.91, 0.1
2007/09/25 16:31:22, 77.457, 231.609, 77.54, 115.86, 152.396, 151.48, 91.80, 92.55, 0.2
2007/09/25 16:33:22, 77.457, 234.814, 77.34, 115.48, 151.938, 150.412, 91.98, 92.91, 0.1
2007/09/25 16:35:22, 77.457, 232.83, 77.09, 115.30, 151.938, 151.023, 91.85, 92.91, 0.1
2007/09/25 16:37:22, 77.457, 234.509, 76.96, 115.30, 151.786, 150.565, 92.07, 92.95, 0.1
2007/09/25 16:39:22, 77.305, 233.288, 76.89, 115.30, 151.786, 150.717, 91.76, 92.77, 0.1
2007/09/25 16:41:22, 77.457, 232.677, 76.77, 115.14, 151.633, 150.259, 91.76, 92.70, 0.2
2007/09/25 16:43:22, 77.457, 232.067, 76.73, 115.03, 151.023, 149.802, 92.03, 92.91, 0.1
2007/09/25 16:45:22, 77.152, 233.745, 76.80, 114.98, 151.786, 150.412, 91.80, 92.77, 0.1
2007/09/25 16:47:22, 77.61, 234.814, 76.96, 115.25, 151.328, 150.107, 91.71, 92.77, 0.1
2007/09/25 16:49:22, 77.61, 234.051, 77.22, 115.25, 151.633, 150.565, 91.67, 92.86, 0.2
2007/09/25 16:51:22, 77.305, 234.203, 77.41, 115.41, 151.633, 151.175, 91.71, 93.13, 0.1
2007/09/25 16:53:22, 77.305, 233.44, 77.50, 115.48, 151.938, 150.412, 91.62, 93.07, 0.1
2007/09/25 16:55:22, 77.152, 234.356, 77.63, 115.48, 152.701, 151.328, 91.40, 92.82, 0.1
2007/09/25 16:57:22, 77.152, 232.677, 77.67, 115.36, 152.244, 151.633, 91.31, 92.64, 0.2
2007/09/25 16:59:22, 77.305, 232.982, 77.59, 115.41, 152.091, 151.175, 91.80, 92.82, 0.1
2007/09/25 17:01:22, 77.152, 230.54, 77.67, 115.30, 152.244, 151.633, 91.71, 92.82, 0.1
2007/09/25 17:03:22, 76.999, 231.303, 77.72, 115.59, 152.701, 151.633, 91.80, 92.95, 0.1
2007/09/25 17:05:22, 76.999, 228.709, 77.79, 115.65, 152.396, 151.175, 91.22, 92.70, 0.1
2007/09/25 17:07:22, 76.847, 233.44, 77.88, 115.41, 153.312, 152.091, 91.62, 92.86, 0.2
2007/09/25 17:09:22, 77.152, 231.609, 77.54, 115.36, 151.786, 150.565, 91.80, 92.37, 0.1
2007/09/25 17:11:22, 76.847, 232.982, 77.34, 115.25, 151.938, 151.633, 91.76, 92.52, 0.1
2007/09/25 17:13:22, 76.847, 232.524, 77.09, 115.14, 151.48, 150.717, 91.35, 91.89, 0.1
2007/09/25 17:15:22, 76.694, 231.303, 76.93, 114.82, 150.87, 150.107, 91.18, 91.94, 0.2
2007/09/25 17:17:22, 76.389, 229.472, 76.80, 114.82, 151.023, 149.954, 91.44, 92.25, 0.0
2007/09/25 17:19:22, 75.931, 220.162, 76.77, 114.55, 148.581, 146.902, 90.79, 92.07, 0.2
2007/09/25 17:21:22, 75.168, 227.64, 76.80, 114.28, 149.649, 148.275, 90.97, 92.37, 0.1
2007/09/25 17:23:22, 75.473, 219.857, 76.84, 114.17, 148.275, 147.207, 90.45, 91.80, 0.1
2007/09/25 17:25:22, 74.863, 221.078, 77.09, 114.01, 148.581, 147.665, 90.14, 91.98, 0.1
2007/09/25 17:27:22, 75.168, 220.467, 77.22, 114.17, 149.038, 147.97, 90.30, 91.94, 0.1
2007/09/25 17:29:22, 74.863, 221.688, 77.25, 113.92, 148.733, 147.36, 89.60, 91.53, 0.2
2007/09/25 17:31:22, 74.863, 219.399, 77.34, 114.17, 148.275, 147.817, 90.05, 91.35, 0.1
2007/09/25 17:33:22, 74.557, 223.52, 77.50, 114.12, 148.581, 148.275, 89.47, 91.18, 0.1
2007/09/25 17:35:22, 74.557, 222.146, 77.54, 114.01, 149.191, 149.038, 89.91, 91.40, 0.1
2007/09/25 17:37:22, 74.71, 219.551, 77.59, 114.12, 148.886, 147.97, 89.56, 90.84, 0.2
2007/09/25 17:39:22, 74.252, 218.178, 77.72, 113.92, 148.123, 147.36, 89.38, 91.09, 0.1
2007/09/25 17:41:22, 74.1, 218.941, 77.72, 113.92, 149.344, 148.733, 89.26, 90.91, 0.1
2007/09/25 17:43:22, 74.405, 220.314, 77.72, 113.92, 149.191, 148.275, 89.51, 90.79, 0.1
2007/09/25 17:45:22, 74.252, 215.43, 77.63, 113.81, 148.428, 147.665, 89.56, 90.79, 0.1
2007/09/25 17:47:22, 74.1, 219.093, 77.41, 113.92, 148.886, 147.97, 89.44, 90.21, 0.1
2007/09/25 17:49:22, 74.252, 217.262, 77.22, 113.54, 148.733, 147.054, 89.60, 90.36, 0.2
2007/09/25 17:51:22, 73.947, 219.551, 77.00, 113.43, 149.191, 147.665, 89.13, 89.60, 0.1
2007/09/25 17:53:22, 74.1, 219.399, 76.77, 113.38, 147.665, 146.749, 89.31, 89.26, 0.1
2007/09/25 17:55:22, 74.252, 218.941, 76.64, 113.16, 148.123, 146.444, 89.22, 89.04, 0.1
2007/09/25 17:57:22, 73.489, 213.904, 76.53, 113.05, 147.36, 145.681, 89.04, 89.38, 0.1
2007/09/25 17:59:22, 73.642, 218.025, 76.41, 112.78, 147.97, 145.681, 89.13, 89.44, 0.1
2007/09/25 18:01:22, 100.351, 182.921, 80.67, 107.24, 147.36, 145.833, 89.22, 89.73, 0.1
2007/09/25 18:03:22, 117.445, 177.885, 86.56, 100.72, 147.36, 145.681, 89.87, 90.48, 0.0
2007/09/25 18:05:22, 119.277, 173.611, 90.21, 98.53, 146.902, 145.681, 90.45, 91.53, 0.0
2007/09/25 18:07:22, 120.65, 170.864, 92.64, 97.47, 147.36, 145.833, 90.57, 92.46, 0.0
2007/09/25 18:09:22, 121.871, 168.574, 94.19, 97.11, 146.749, 145.833, 90.75, 93.34, 0.0
2007/09/25 18:11:22, 122.94, 166.438, 95.13, 96.67, 146.749, 145.986, 91.18, 93.70, 0.0
2007/09/25 18:13:22, 123.855, 164.911, 95.86, 96.31, 146.749, 146.444, 91.06, 94.28, 0.0
2007/09/25 18:15:22, 124.924, 163.385, 96.19, 95.95, 147.054, 145.833, 91.31, 94.24, 0.0
2007/09/25 18:17:22, 125.992, 162.012, 96.49, 95.81, 147.97, 146.291, 91.35, 94.77, 0.0
2007/09/25 18:19:22, 126.908, 160.027, 96.67, 95.40, 147.36, 146.139, 91.35, 94.33, 0.0
2007/09/25 18:21:22, 127.366, 158.501, 96.82, 95.22, 147.054, 144.918, 91.40, 94.68, 0.0
2007/09/25 18:23:22, 127.518, 155.907, 96.91, 94.95, 148.123, 143.697, 91.49, 94.82, 0.0
2007/09/25 18:25:22, 127.213, 153.77, 96.87, 94.73, 148.886, 143.086, 91.62, 94.42, 0.0
2007/09/25 18:27:22, 127.06, 152.244, 96.82, 94.33, 146.902, 142.933, 91.44, 94.24, 0.0
2007/09/25 18:29:22, 127.06, 151.023, 96.78, 94.10, 147.512, 142.17, 91.49, 94.60, 0.0
2007/09/25 18:31:22, 127.06, 149.649, 96.82, 93.94, 147.207, 141.407, 91.53, 94.46, 0.0
2007/09/25 18:33:22, 126.755, 148.581, 96.73, 93.70, 145.681, 140.339, 91.44, 94.06, 0.0
2007/09/25 18:35:22, 127.366, 147.207, 96.78, 93.40, 145.07, 140.186, 91.31, 94.03, 0.0
2007/09/25 18:37:22, 127.366, 145.528, 96.82, 93.16, 145.223, 139.728, 91.13, 93.94, 0.0
2007/09/25 18:39:22, 127.366, 143.697, 96.82, 92.70, 144.918, 139.27, 91.00, 93.43, 0.0
2007/09/25 18:41:22, 127.366, 142.781, 96.87, 92.25, 144.154, 137.897, 90.91, 93.52, 0.0
2007/09/25 18:43:22, 127.671, 140.949, 96.82, 91.85, 140.186, 137.134, 90.88, 92.95, 0.0
2007/09/25 18:45:22, 127.976, 138.66, 96.87, 91.40, 142.018, 136.981, 90.66, 92.52, 0.0
2007/09/25 18:47:22, 128.129, 136.981, 96.87, 90.97, 141.865, 136.218, 90.48, 92.37, 0.0
2007/09/25 18:49:22, 128.129, 135.302, 96.96, 90.57, 140.797, 134.844, 90.57, 92.52, 0.0
2007/09/25 18:51:22, 128.434, 134.081, 96.96, 86.00, 135.76, 133.623, 90.57, 91.98, 0.0
2007/09/25 18:53:22, 128.892, 131.792, 97.05, 82.85, 138.507, 133.165, 90.36, 91.94, 0.0
2007/09/25 18:55:22, 129.197, 130.266, 97.14, 80.26, 136.981, 132.25, 90.30, 91.62, 0.0
2007/09/25 18:57:22, 129.808, 128.739, 96.96, 80.29, 132.708, 130.876, 90.18, 91.00, 0.0
2007/09/25 18:59:22, 129.35, 128.281, 96.67, 82.85, 135.15, 130.113, 90.00, 90.97, 0.0
2007/09/25 19:01:22, 127.976, 127.06, 96.37, 85.03, 133.776, 128.892, 89.82, 90.45, 0.0
2007/09/25 19:03:22, 127.06, 125.534, 96.22, 86.34, 133.318, 127.366, 89.64, 90.48, 0.0
2007/09/25 19:05:22, 125.687, 124.313, 96.01, 87.37, 130.266, 126.297, 89.51, 90.39, 0.0
2007/09/25 19:07:22, 124.618, 123.092, 95.63, 88.70, 127.518, 125.076, 89.35, 90.14, 0.0
2007/09/25 19:09:22, 123.092, 121.108, 95.40, 90.00, 129.502, 122.94, 89.38, 90.30, 0.0
2007/09/25 19:11:22, 121.413, 120.192, 95.13, 90.05, 124.161, 121.413, 89.35, 90.21, 0.0
2007/09/25 19:13:22, 119.887, 118.361, 94.86, 90.27, 123.092, 120.345, 89.26, 90.09, 0.0
2007/09/25 19:15:22, 118.056, 116.835, 94.73, 90.91, 121.108, 118.513, 89.01, 89.56, 0.0
2007/09/25 19:17:22, 116.682, 115.003, 94.46, 90.75, 119.887, 116.529, 88.79, 89.22, 0.0
2007/09/25 19:19:22, 114.85, 113.782, 94.24, 90.91, 116.835, 114.545, 88.84, 89.35, 0.0
2007/09/25 19:21:22, 113.019, 111.798, 94.03, 90.70, 116.224, 113.019, 88.63, 88.88, 0.0
2007/09/25 19:23:22, 111.493, 109.661, 93.79, 90.70, 115.003, 111.493, 88.63, 89.22, 0.0
2007/09/25 19:25:22, 109.661, 108.288, 93.34, 89.91, 112.866, 109.509, 88.54, 89.01, 0.0
2007/09/25 19:27:22, 108.135, 106.151, 93.25, 90.21, 114.393, 107.677, 88.57, 89.10, 0.0
2007/09/25 19:29:22, 106.303, 104.625, 93.00, 89.96, 109.661, 105.998, 88.45, 88.84, 0.0
2007/09/25 19:31:22, 104.319, 103.098, 92.95, 89.96, 106.761, 104.014, 88.14, 88.88, 0.0
2007/09/25 19:33:22, 102.488, 100.962, 92.70, 89.96, 108.898, 102.64, 88.36, 89.01, 0.0
2007/09/25 19:35:22, 100.504, 99.13, 92.43, 90.45, 106.914, 100.198, 88.14, 88.32, 0.0
2007/09/25 19:37:22, 98.672, 97.604, 92.28, 90.05, 104.93, 98.52, 87.93, 88.20, 0.0
2007/09/25 19:39:22, 96.993, 95.467, 92.21, 90.48, 103.098, 96.688, 88.02, 88.48, 0.0
2007/09/25 19:41:22, 95.314, 93.788, 91.94, 89.60, 101.267, 95.009, 87.93, 88.45, 0.0
2007/09/25 19:43:22, 93.483, 92.415, 91.80, 89.78, 99.283, 93.025, 87.89, 88.02, 0.0
2007/09/25 19:45:22, 91.499, 90.583, 91.62, 89.87, 97.756, 91.194, 87.55, 87.62, 0.0
2007/09/25 19:47:22, 89.973, 88.752, 91.53, 89.22, 95.62, 89.82, 87.67, 88.20, 0.0
2007/09/25 19:49:22, 88.294, 87.073, 91.40, 89.22, 94.093, 87.836, 87.49, 88.11, 0.0
2007/09/25 19:51:22, 86.615, 85.699, 91.13, 89.01, 91.804, 86.157, 87.55, 87.89, 0.0
2007/09/25 19:53:22, 84.936, 83.868, 91.18, 89.56, 90.278, 84.478, 87.24, 87.49, 0.0
2007/09/25 19:55:22, 83.562, 82.189, 91.06, 89.38, 88.752, 82.952, 87.12, 87.24, 0.0
2007/09/25 19:57:22, 81.883, 80.662, 90.79, 89.35, 86.92, 81.12, 87.15, 87.03, 0.0
2007/09/25 19:59:22, 80.205, 79.441, 90.79, 89.73, 85.394, 79.441, 87.15, 87.15, 0.0
2007/09/25 20:01:22, 78.526, 77.61, 90.54, 89.44, 83.868, 78.22, 87.03, 86.56, 0.0
2007/09/25 20:03:22, 76.999, 76.084, 90.48, 89.51, 81.883, 76.694, 86.74, 86.74, 0.0
2007/09/25 20:05:22, 75.473, 74.71, 90.30, 89.60, 80.357, 75.626, 86.65, 86.52, 0.0
2007/09/25 20:07:22, 74.252, 73.489, 90.09, 89.19, 78.831, 74.71, 86.77, 86.22, 0.0
2007/09/25 20:09:22, 72.879, 72.115, 89.91, 88.92, 77.457, 73.642, 86.43, 85.78, 0.0
2007/09/25 20:11:22, 71.658, 70.894, 89.82, 88.92, 76.084, 72.573, 86.25, 86.13, 0.0
2007/09/25 20:13:22, 70.284, 69.521, 89.64, 88.75, 74.405, 71.352, 86.13, 85.91, 0.0
2007/09/25 20:15:22, 69.063, 68.452, 89.44, 88.66, 73.184, 69.979, 86.34, 86.25, 0.0
2007/09/25 20:17:22, 67.842, 66.926, 89.31, 88.75, 71.81, 68.91, 86.22, 85.87, 0.0
2007/09/25 20:19:22, 66.621, 65.858, 89.26, 88.92, 70.894, 67.689, 86.04, 86.31, 0.0
2007/09/25 20:21:22, 65.4, 64.637, 89.01, 88.27, 69.521, 66.621, 85.71, 85.50, 0.0
2007/09/25 20:23:22, 147.512, 146.749, 95.77, 94.91, 152.854, 151.175, 91.80, 91.62, 0.0
2007/09/25 20:25:22, 147.207, 146.444, 95.59, 94.73, 151.328, 150.412, 91.85, 91.76, 0.0
2007/09/25 20:27:22, 146.902, 146.291, 95.40, 94.51, 150.87, 150.107, 91.76, 91.49, 0.0
2007/09/25 20:29:22, 146.596, 145.986, 95.13, 94.24, 150.565, 149.802, 91.35, 90.88, 0.0
2007/09/25 20:31:22, 146.139, 145.375, 94.95, 94.03, 150.107, 149.802, 91.40, 90.97, 0.0
2007/09/25 20:33:22, 145.681, 145.07, 94.82, 93.70, 149.954, 149.191, 91.06, 90.75, 0.0
2007/09/25 20:35:22, 145.375, 144.612, 94.60, 93.52, 149.344, 148.733, 90.88, 90.54, 0.0
2007/09/25 20:37:22, 144.918, 144.307, 94.42, 93.43, 149.954, 147.97, 90.75, 90.45, 0.0
2007/09/25 20:39:22, 144.612, 143.697, 94.24, 93.34, 149.496, 147.97, 90.61, 90.30, 0.0
2007/09/25 20:41:22, 144.307, 143.544, 94.06, 93.13, 148.886, 147.512, 90.75, 90.45, 0.0
2007/09/25 20:43:22, 144.154, 143.544, 93.94, 92.73, 148.428, 147.36, 90.36, 89.78, 0.0
2007/09/25 20:45:22, 143.849, 142.933, 93.76, 92.43, 148.275, 146.291, 90.54, 89.73, 0.0
2007/09/25 20:47:22, 143.544, 142.781, 93.70, 92.16, 147.665, 146.444, 90.21, 89.51, 0.0
2007/09/25 20:49:22, 143.391, 142.628, 93.58, 91.89, 147.054, 146.139, 90.09, 89.38, 0.0
2007/09/25 20:51:22, 143.086, 142.781, 93.40, 91.67, 147.36, 145.986, 90.05, 89.31, 0.0
2007/09/25 20:53:22, 142.933, 142.476, 93.25, 91.40, 147.054, 145.528, 90.00, 89.19, 0.0
2007/09/25 20:55:22, 142.781, 142.476, 93.13, 91.31, 146.749, 145.528, 89.60, 88.70, 0.0
2007/09/25 20:57:22, 142.628, 142.018, 93.07, 91.22, 146.291, 145.681, 89.69, 89.04, 0.0
2007/09/25 20:59:22, 142.628, 142.17, 93.04, 91.13, 147.054, 144.765, 89.56, 89.13, 0.0
2007/09/25 21:01:22, 142.781, 142.17, 92.34, 88.97, 146.749, 144.765, 89.31, 89.91, 0.0
2007/09/25 21:03:22, 142.781, 142.323, 91.98, 88.27, 145.833, 144.612, 89.44, 90.36, 0.0
2007/09/25 21:05:22, 142.933, 142.476, 91.98, 87.93, 146.139, 144.765, 89.13, 89.96, 0.0
2007/09/25 21:07:22, 143.086, 142.476, 92.03, 87.75, 146.139, 144.918, 89.22, 89.73, 0.0
2007/09/25 21:09:22, 143.391, 143.391, 92.03, 87.93, 147.054, 144.612, 89.47, 89.73, 0.0
2007/09/25 21:11:22, 143.849, 143.391, 92.25, 88.14, 146.902, 144.765, 89.47, 89.38, 0.0
2007/09/25 21:13:22, 144.002, 143.697, 92.21, 87.84, 146.596, 145.07, 89.31, 89.38, 0.0
2007/09/25 21:15:22, 144.154, 143.849, 92.07, 87.80, 146.596, 145.375, 89.38, 89.44, 0.0
2007/09/25 21:17:22, 144.307, 144.154, 91.89, 87.46, 146.444, 145.528, 89.44, 89.51, 0.0
2007/09/25 21:19:22, 144.46, 143.849, 91.53, 87.03, 146.902, 145.681, 89.31, 89.44, 0.0
2007/09/25 21:21:22, 144.46, 143.849, 91.44, 87.08, 146.596, 145.528, 89.04, 89.38, 0.0
2007/09/25 21:23:22, 144.307, 143.697, 91.27, 86.90, 147.054, 145.833, 89.13, 89.60, 0.0
2007/09/25 21:25:22, 144.002, 143.391, 91.18, 87.08, 146.749, 145.833, 89.31, 89.44, 0.0
2007/09/25 21:27:22, 143.849, 142.933, 91.13, 87.24, 146.596, 145.375, 89.13, 89.26, 0.0
2007/09/25 21:29:22, 143.697, 143.086, 91.06, 87.75, 146.596, 145.375, 89.13, 88.75, 0.0
2007/09/25 21:31:22, 143.391, 142.781, 91.00, 87.93, 146.444, 145.07, 89.31, 88.92, 0.0
2007/09/25 21:33:22, 143.391, 142.781, 90.75, 87.80, 145.681, 145.375, 88.97, 88.92, 0.0
2007/09/25 21:35:22, 143.239, 142.476, 90.91, 88.27, 146.291, 144.918, 88.92, 88.57, 0.0
2007/09/25 21:37:22, 143.086, 142.323, 90.91, 89.13, 145.986, 144.918, 89.19, 88.63, 0.0
2007/09/25 21:39:22, 142.933, 142.476, 90.75, 88.79, 146.139, 144.765, 88.92, 88.54, 0.0
2007/09/25 21:41:22, 142.933, 142.323, 90.75, 88.63, 145.223, 144.612, 88.70, 88.70, 0.0
2007/09/25 21:43:22, 142.933, 142.628, 90.66, 88.63, 145.681, 144.46, 88.70, 88.36, 0.0
2007/09/25 21:45:22, 143.086, 142.323, 90.61, 88.57, 145.375, 144.307, 88.75, 88.48, 0.0
2007/09/25 21:47:22, 142.933, 142.17, 90.54, 88.48, 145.223, 144.154, 88.48, 88.27, 0.0
2007/09/25 21:49:22, 142.628, 142.17, 90.39, 88.57, 145.07, 144.002, 88.54, 88.63, 0.0
2007/09/25 21:51:22, 142.476, 141.712, 90.18, 88.54, 145.223, 143.697, 88.63, 88.41, 0.0
2007/09/25 21:53:22, 142.476, 141.865, 90.09, 88.11, 144.612, 143.849, 88.48, 88.48, 0.0
2007/09/25 21:55:22, 142.323, 141.712, 89.96, 87.75, 144.765, 143.544, 88.14, 88.27, 0.0
2007/09/25 21:57:22, 142.17, 141.407, 89.73, 87.58, 144.46, 143.391, 88.36, 88.27, 0.0
2007/09/25 21:59:22, 142.17, 141.407, 89.60, 87.30, 144.46, 143.086, 87.96, 88.36, 0.0
2007/09/25 22:01:22, 141.865, 141.255, 89.31, 86.61, 144.154, 143.086, 88.20, 88.54, 0.0
2007/09/25 22:03:22, 141.407, 140.644, 89.26, 86.09, 144.307, 142.781, 87.93, 88.20, 0.0
2007/09/25 22:05:22, 140.949, 140.186, 89.35, 85.53, 144.154, 142.628, 87.93, 88.41, 0.0
2007/09/25 22:07:22, 140.797, 140.339, 89.47, 82.92, 143.697, 142.628, 88.11, 88.23, 0.0
2007/09/25 22:09:22, 140.491, 140.034, 89.44, 80.83, 142.781, 142.17, 88.02, 87.67, 0.0
2007/09/25 22:11:22, 140.186, 139.728, 89.38, 78.69, 143.391, 142.17, 87.96, 87.71, 0.0
2007/09/25 22:13:22, 140.034, 139.576, 89.31, 80.38, 143.239, 142.17, 88.02, 87.75, 0.0
2007/09/25 22:15:22, 140.034, 139.576, 89.22, 82.26, 143.391, 141.865, 87.75, 87.33, 0.0
2007/09/25 22:17:22, 140.186, 139.576, 89.19, 83.86, 142.933, 141.56, 87.71, 87.15, 0.0
2007/09/25 22:19:22, 140.034, 139.576, 89.13, 84.40, 142.933, 141.56, 87.67, 87.49, 0.0
2007/09/25 22:21:22, 139.881, 139.423, 88.88, 83.77, 142.628, 141.407, 87.71, 87.33, 0.0
2007/09/25 22:23:22, 139.728, 139.118, 88.70, 83.30, 142.476, 141.102, 87.62, 87.33, 0.0
2007/09/25 22:25:22, 139.576, 139.118, 88.63, 83.64, 142.17, 141.255, 87.42, 87.24, 0.0
2007/09/25 22:27:22, 139.423, 139.118, 88.36, 83.80, 142.17, 140.949, 87.33, 86.86, 0.0
2007/09/25 22:29:22, 139.27, 138.66, 88.41, 85.15, 142.018, 140.644, 87.37, 87.03, 0.0
2007/09/25 22:31:22, 139.27, 138.507, 88.27, 85.33, 141.56, 140.491, 87.33, 86.99, 0.0
2007/09/25 22:33:22, 139.118, 138.66, 88.11, 85.59, 141.407, 140.186, 87.03, 86.47, 0.0
2007/09/25 22:35:22, 139.118, 138.66, 88.11, 85.46, 141.56, 139.881, 87.15, 86.86, 0.0
2007/09/25 22:37:22, 139.118, 138.355, 88.02, 85.91, 141.255, 139.881, 87.03, 86.86, 0.0
2007/09/25 22:39:22, 138.965, 138.355, 87.89, 86.68, 141.407, 139.728, 87.08, 86.61, 0.0
2007/09/25 22:41:22, 138.813, 138.202, 87.71, 86.52, 140.644, 139.423, 86.86, 86.09, 0.0
2007/09/25 22:43:22, 138.813, 138.202, 87.67, 86.56, 140.949, 139.27, 86.61, 86.09, 0.0
2007/09/25 22:45:22, 138.66, 137.897, 87.62, 86.86, 140.644, 138.965, 86.77, 86.04, 0.0
2007/09/25 22:47:22, 138.355, 137.592, 87.62, 87.03, 140.339, 138.965, 86.56, 86.04, 0.0
2007/09/25 22:49:22, 138.202, 137.439, 87.33, 87.12, 140.491, 138.813, 86.34, 85.59, 0.0
2007/09/25 22:51:22, 138.049, 137.439, 87.30, 87.21, 140.339, 138.965, 86.18, 85.71, 0.0
2007/09/25 22:53:22, 138.049, 137.439, 87.15, 86.86, 140.339, 138.813, 86.18, 85.37, 0.0
2007/09/25 22:55:22, 137.897, 137.286, 87.15, 86.68, 139.728, 138.66, 86.09, 85.62, 0.0
2007/09/25 22:57:22, 137.744, 137.286, 87.08, 86.52, 139.27, 138.507, 86.04, 85.53, 0.0
2007/09/25 22:59:22, 137.592, 136.981, 87.03, 86.56, 139.27, 138.202, 85.91, 85.41, 0.0
2007/09/25 23:01:22, 137.286, 136.371, 86.83, 86.65, 139.118, 138.202, 85.78, 84.99, 0.0
2007/09/25 23:03:22, 136.676, 136.065, 86.65, 86.90, 138.965, 137.592, 85.66, 84.90, 0.0
2007/09/25 23:05:22, 136.371, 135.455, 86.56, 86.86, 138.355, 137.592, 85.75, 85.03, 0.0
2007/09/25 23:07:22, 135.76, 134.844, 86.40, 86.47, 138.049, 137.286, 85.75, 84.74, 0.0
2007/09/25 23:09:22, 134.997, 134.386, 86.31, 86.31, 137.897, 136.828, 85.59, 84.43, 0.0
2007/09/25 23:11:22, 134.386, 133.623, 86.34, 86.09, 138.202, 136.676, 85.37, 84.49, 0.0
2007/09/25 23:13:22, 133.929, 133.318, 86.25, 85.91, 137.744, 136.523, 85.53, 84.43, 0.0
2007/09/25 23:15:22, 133.623, 133.165, 86.22, 85.91, 137.592, 136.218, 85.21, 84.27, 0.0
2007/09/25 23:17:22, 133.318, 132.555, 86.04, 85.87, 136.676, 135.76, 85.15, 84.40, 0.0
2007/09/25 23:19:22, 133.013, 132.402, 85.78, 85.78, 136.676, 135.15, 85.03, 83.89, 0.0
2007/09/25 23:21:22, 132.86, 132.25, 85.78, 85.75, 136.371, 134.844, 84.74, 83.77, 0.0
2007/09/25 23:23:22, 132.555, 131.792, 85.62, 85.62, 136.676, 134.692, 84.69, 83.48, 0.0
2007/09/25 23:25:22, 132.402, 132.097, 85.53, 85.28, 135.302, 134.386, 84.52, 83.43, 0.0
2007/09/25 23:27:22, 132.25, 131.639, 85.37, 84.99, 135.455, 134.081, 84.43, 83.30, 0.0
2007/09/25 23:29:22, 132.097, 131.487, 85.33, 85.03, 135.15, 133.776, 84.34, 83.52, 0.0
2007/09/25 23:31:22, 131.944, 131.487, 85.15, 84.96, 134.997, 133.929, 84.31, 83.61, 0.0
2007/09/25 23:33:22, 131.944, 131.334, 84.99, 83.89, 134.692, 133.929, 84.15, 83.52, 0.0
2007/09/25 23:35:22, 131.944, 131.181, 84.65, 83.01, 134.844, 134.081, 84.22, 83.35, 0.0
2007/09/25 23:37:22, 131.944, 131.181, 84.69, 83.30, 134.844, 133.929, 84.09, 83.52, 0.0
2007/09/25 23:39:22, 131.944, 131.334, 84.69, 83.39, 134.997, 133.623, 84.31, 83.39, 0.0
2007/09/25 23:41:22, 132.097, 131.487, 84.87, 83.61, 134.997, 133.318, 84.06, 83.30, 0.0
2007/09/25 23:43:22, 132.097, 131.487, 84.87, 83.52, 134.844, 133.776, 84.18, 83.61, 0.0
2007/09/25 23:45:22, 132.097, 131.181, 84.74, 83.39, 134.692, 133.471, 84.22, 83.68, 0.0
2007/09/25 23:47:22, 131.944, 131.639, 84.69, 83.52, 134.692, 133.623, 84.18, 83.64, 0.0
2007/09/25 23:49:22, 132.097, 131.792, 84.65, 83.17, 134.539, 133.318, 84.09, 83.80, 0.0
2007/09/25 23:51:22, 132.25, 131.487, 84.61, 83.43, 134.234, 133.013, 84.02, 83.30, 0.0
2007/09/25 23:53:22, 132.097, 131.487, 84.61, 83.80, 134.386, 133.013, 83.80, 83.01, 0.0
2007/09/25 23:55:22, 131.944, 131.487, 84.52, 83.68, 134.234, 133.318, 83.61, 83.05, 0.0
2007/09/25 23:57:22, 131.639, 130.876, 84.34, 83.23, 134.234, 132.86, 83.73, 83.01, 0.0
2007/09/25 23:59:22, 131.181, 130.266, 84.06, 82.35, 133.929, 133.165, 83.80, 83.14, 0.0
2007/09/26 0:01:22, 130.571, 129.655, 84.09, 82.09, 133.623, 132.86, 83.80, 83.52, 0.0
2007/09/26 0:03:22, 130.266, 129.35, 83.93, 81.68, 133.776, 133.165, 83.55, 83.10, 0.0
2007/09/26 0:05:22, 129.96, 129.35, 83.97, 81.55, 133.623, 133.013, 83.68, 83.14, 0.0
2007/09/26 0:07:22, 129.96, 129.655, 83.97, 77.79, 133.471, 132.708, 83.52, 83.10, 0.0
2007/09/26 0:09:22, 130.113, 129.655, 84.09, 77.38, 133.318, 132.708, 83.43, 83.01, 0.0
2007/09/26 0:11:22, 129.96, 129.197, 83.93, 80.38, 133.165, 132.402, 83.35, 82.51, 0.0
2007/09/26 0:13:22, 129.655, 129.045, 83.93, 82.38, 133.013, 131.944, 83.23, 82.67, 0.0
2007/09/26 0:15:22, 129.502, 128.739, 83.73, 82.89, 132.708, 132.097, 83.23, 82.26, 0.0
2007/09/26 0:17:22, 129.35, 128.739, 83.64, 82.72, 132.402, 131.792, 83.10, 82.63, 0.0
2007/09/26 0:19:22, 129.35, 128.892, 83.61, 83.10, 132.402, 131.792, 83.17, 82.60, 0.0
2007/09/26 0:21:22, 129.197, 128.434, 83.55, 83.30, 132.097, 131.487, 82.89, 82.35, 0.0
2007/09/26 0:23:22, 129.045, 128.129, 83.30, 83.14, 131.792, 131.639, 82.89, 82.06, 0.0
2007/09/26 0:25:22, 128.892, 128.129, 83.14, 82.85, 131.487, 131.181, 82.85, 82.17, 0.0
2007/09/26 0:27:22, 128.892, 128.434, 83.14, 83.01, 131.487, 131.181, 82.85, 82.35, 0.0
2007/09/26 0:29:22, 128.892, 128.434, 83.14, 82.89, 131.334, 131.029, 82.72, 82.26, 0.0
2007/09/26 0:31:22, 128.739, 128.129, 83.01, 82.80, 131.334, 130.723, 82.51, 81.72, 0.0
2007/09/26 0:33:22, 128.739, 127.976, 82.92, 82.72, 131.181, 130.571, 82.45, 81.55, 0.0
2007/09/26 0:35:22, 128.587, 127.824, 82.85, 82.76, 131.181, 130.571, 82.54, 81.55, 0.0
2007/09/26 0:37:22, 128.434, 127.824, 82.85, 82.92, 131.029, 130.266, 82.22, 81.64, 0.0
2007/09/26 0:39:22, 128.434, 127.976, 82.80, 82.76, 131.639, 130.113, 82.42, 81.81, 0.0
2007/09/26 0:41:22, 128.281, 127.518, 82.76, 82.60, 130.723, 130.113, 82.00, 81.21, 0.0
2007/09/26 0:43:22, 127.976, 127.366, 82.67, 82.60, 130.266, 129.96, 81.97, 81.18, 0.0
2007/09/26 0:45:22, 127.671, 127.06, 82.54, 82.63, 130.571, 129.502, 81.88, 81.21, 0.0
2007/09/26 0:47:22, 127.518, 126.755, 82.35, 82.76, 130.418, 129.808, 81.88, 80.62, 0.0
2007/09/26 0:49:22, 127.213, 126.297, 82.29, 82.35, 130.571, 129.808, 81.81, 80.74, 0.0
2007/09/26 0:51:22, 126.908, 126.297, 82.09, 81.55, 130.418, 129.35, 82.00, 81.01, 0.0
2007/09/26 0:53:22, 126.603, 125.992, 82.06, 81.55, 130.113, 129.35, 81.75, 80.96, 0.0
2007/09/26 0:55:22, 126.145, 125.534, 82.00, 81.43, 130.113, 129.35, 81.93, 81.05, 0.0
2007/09/26 0:57:22, 125.839, 125.382, 81.88, 81.14, 129.655, 128.892, 81.93, 80.89, 0.0
2007/09/26 0:59:22, 125.534, 124.771, 81.84, 81.27, 129.96, 128.892, 81.72, 81.09, 0.0
2007/09/26 1:01:22, 125.382, 124.771, 81.81, 81.88, 129.655, 128.434, 81.59, 80.38, 0.0
2007/09/26 1:03:22, 125.229, 124.771, 81.81, 82.06, 129.96, 128.434, 81.46, 80.35, 0.0
2007/09/26 1:05:22, 125.229, 124.771, 81.68, 82.22, 129.35, 128.129, 81.43, 80.42, 0.0
2007/09/26 1:07:22, 125.076, 124.618, 81.55, 82.17, 129.808, 127.824, 81.46, 80.46, 0.0
2007/09/26 1:09:22, 125.076, 124.466, 81.43, 82.09, 129.045, 127.824, 81.34, 80.19, 0.0
2007/09/26 1:11:22, 124.924, 124.466, 81.27, 81.88, 129.197, 127.824, 81.05, 79.81, 0.0
2007/09/26 1:13:22, 124.771, 124.466, 81.30, 81.84, 129.045, 127.824, 81.14, 80.06, 0.0
2007/09/26 1:15:22, 124.771, 124.466, 81.21, 81.68, 128.739, 127.518, 81.14, 79.84, 0.0
2007/09/26 1:17:22, 124.924, 124.008, 81.14, 81.59, 128.892, 127.518, 80.96, 79.81, 0.0
2007/09/26 1:19:22, 124.618, 124.008, 81.05, 81.68, 128.129, 127.213, 80.67, 79.65, 0.0
2007/09/26 1:21:22, 124.466, 123.855, 80.96, 81.68, 127.976, 127.366, 80.80, 79.93, 0.0
2007/09/26 1:23:22, 124.313, 123.855, 80.89, 81.75, 127.213, 127.06, 80.46, 79.84, 0.0
2007/09/26 1:25:22, 124.161, 123.397, 80.74, 81.64, 127.518, 126.908, 80.67, 79.84, 0.0
2007/09/26 1:27:22, 124.008, 123.397, 80.74, 81.46, 126.755, 126.755, 80.55, 79.93, 0.0
2007/09/26 1:29:22, 123.855, 123.245, 80.67, 81.27, 126.755, 126.45, 80.46, 79.56, 0.0
2007/09/26 1:31:22, 123.703, 123.245, 80.55, 81.09, 126.755, 126.45, 80.42, 79.30, 0.0
2007/09/26 1:33:22, 123.397, 122.94, 80.42, 81.18, 127.06, 126.45, 80.26, 78.85, 0.0
2007/09/26 1:35:22, 123.245, 122.482, 80.35, 81.14, 126.603, 126.145, 80.10, 78.82, 0.0
2007/09/26 1:37:22, 123.092, 122.482, 80.26, 80.96, 126.603, 125.992, 79.97, 78.85, 0.0
2007/09/26 1:39:22, 122.94, 122.482, 80.22, 81.01, 126.45, 125.839, 80.10, 78.85, 0.0
2007/09/26 1:41:22, 122.94, 122.329, 80.13, 80.67, 126.45, 125.839, 80.06, 78.98, 0.0
2007/09/26 1:43:22, 122.634, 122.024, 80.13, 80.42, 126.297, 125.229, 79.93, 79.39, 0.0
2007/09/26 1:45:22, 122.329, 121.871, 79.93, 79.61, 126.145, 125.229, 79.81, 79.07, 0.0
2007/09/26 1:47:22, 122.176, 121.566, 79.84, 79.56, 126.297, 125.076, 79.68, 79.07, 0.0
2007/09/26 1:49:22, 121.871, 121.261, 79.81, 79.68, 126.145, 124.924, 79.65, 79.18, 0.0
2007/09/26 1:51:22, 121.719, 121.108, 79.81, 79.81, 125.687, 124.771, 79.72, 79.43, 0.0
2007/09/26 1:53:22, 121.566, 120.955, 79.77, 80.22, 125.687, 124.466, 79.68, 79.23, 0.0
2007/09/26 1:55:22, 121.413, 121.108, 79.77, 80.26, 125.534, 124.466, 79.48, 79.07, 0.0
2007/09/26 1:57:22, 121.719, 121.413, 79.65, 80.10, 125.229, 124.161, 79.52, 78.89, 0.0
2007/09/26 1:59:22, 121.719, 121.108, 79.68, 79.93, 125.076, 124.161, 79.39, 78.98, 0.0
2007/09/26 2:01:22, 121.566, 120.955, 79.52, 79.90, 124.771, 124.008, 79.27, 78.37, 0.0
2007/09/26 2:03:22, 121.413, 120.803, 79.48, 79.97, 124.924, 123.855, 78.98, 78.24, 0.0
2007/09/26 2:05:22, 121.261, 120.65, 79.36, 79.97, 125.076, 124.008, 78.89, 78.12, 0.0
2007/09/26 2:07:22, 121.108, 120.65, 79.27, 79.97, 124.618, 123.703, 79.11, 78.21, 0.0
2007/09/26 2:09:22, 121.108, 120.803, 79.18, 79.93, 124.466, 123.55, 79.02, 78.08, 0.0
2007/09/26 2:11:22, 120.955, 120.498, 79.18, 79.97, 124.313, 123.55, 78.89, 78.44, 0.0
2007/09/26 2:13:22, 120.955, 120.498, 79.02, 79.90, 124.161, 123.703, 78.94, 78.21, 0.0
2007/09/26 2:15:22, 120.803, 120.192, 78.94, 79.81, 124.008, 123.245, 78.57, 78.04, 0.0
2007/09/26 2:17:22, 120.803, 120.04, 78.85, 79.72, 123.55, 123.245, 78.44, 77.92, 0.0
2007/09/26 2:19:22, 120.65, 119.887, 78.82, 79.72, 123.55, 123.245, 78.37, 77.95, 0.0
2007/09/26 2:21:22, 120.498, 119.887, 78.69, 79.52, 123.855, 122.94, 78.60, 77.83, 0.0
2007/09/26 2:23:22, 120.345, 119.887, 78.57, 79.43, 123.703, 122.94, 78.37, 77.34, 0.0
2007/09/26 2:25:22, 120.345, 119.887, 78.57, 79.36, 123.55, 122.787, 78.53, 77.59, 0.0
2007/09/26 2:27:22, 120.345, 119.734, 78.49, 79.27, 123.55, 123.092, 78.44, 77.22, 0.0
2007/09/26 2:29:22, 120.345, 119.734, 78.53, 79.39, 123.703, 122.94, 78.28, 77.67, 0.0
2007/09/26 2:31:22, 120.498, 119.887, 78.40, 79.11, 123.397, 122.634, 78.04, 77.41, 0.0
2007/09/26 2:33:22, 120.498, 119.887, 78.40, 78.53, 123.397, 122.482, 78.12, 77.95, 0.0
2007/09/26 2:35:22, 120.192, 119.582, 78.28, 78.17, 123.703, 122.482, 78.28, 77.95, 0.0
2007/09/26 2:37:22, 120.04, 119.429, 78.12, 77.59, 123.703, 122.634, 77.88, 77.63, 0.0
2007/09/26 2:39:22, 119.887, 119.124, 78.08, 77.59, 123.55, 122.634, 77.88, 77.95, 0.0
2007/09/26 2:41:22, 119.734, 119.277, 78.01, 77.54, 123.397, 122.329, 77.79, 78.04, 0.0
2007/09/26 2:43:22, 119.734, 119.124, 78.04, 78.24, 123.245, 122.176, 78.01, 78.08, 0.0
2007/09/26 2:45:22, 119.582, 119.124, 77.92, 78.69, 123.245, 122.176, 77.79, 77.31, 0.0
2007/09/26 2:47:22, 119.582, 119.124, 77.95, 78.69, 123.245, 122.176, 77.92, 77.54, 0.0
2007/09/26 2:49:22, 119.582, 118.971, 78.01, 78.69, 123.092, 122.482, 77.72, 77.50, 0.0
2007/09/26 2:51:22, 119.429, 118.819, 77.88, 78.66, 122.94, 122.329, 77.54, 77.22, 0.0
2007/09/26 2:53:22, 119.582, 118.819, 77.72, 78.82, 122.634, 122.024, 77.41, 77.05, 0.0
2007/09/26 2:55:22, 119.582, 118.819, 77.76, 78.57, 122.634, 122.176, 77.34, 77.31, 0.0
2007/09/26 2:57:22, 119.429, 118.819, 77.59, 78.53, 122.482, 122.024, 77.54, 76.96, 0.0
2007/09/26 2:59:22, 119.277, 118.666, 77.59, 78.69, 122.329, 121.871, 77.22, 76.89, 0.0
2007/09/26 3:01:22, 119.124, 118.666, 77.41, 78.53, 122.329, 121.871, 77.34, 76.48, 0.0
2007/09/26 3:03:22, 119.124, 118.513, 77.38, 78.44, 122.329, 121.719, 77.05, 76.57, 0.0
2007/09/26 3:05:22, 118.971, 118.513, 77.41, 78.49, 122.329, 121.108, 77.13, 76.73, 0.0
2007/09/26 3:07:22, 118.819, 118.513, 77.34, 78.40, 122.024, 121.566, 77.05, 76.48, 0.0
2007/09/26 3:09:22, 118.819, 118.513, 77.25, 78.21, 122.024, 121.108, 77.31, 76.48, 0.0
2007/09/26 3:11:22, 118.819, 118.208, 77.22, 78.24, 122.024, 121.261, 76.84, 76.41, 0.0
2007/09/26 3:13:22, 118.666, 118.056, 77.13, 78.24, 121.566, 121.108, 77.22, 76.73, 0.0
2007/09/26 3:15:22, 118.513, 118.056, 77.09, 78.37, 121.719, 120.803, 76.80, 76.73, 0.0
2007/09/26 3:17:22, 118.666, 118.361, 76.93, 78.12, 121.719, 120.803, 76.80, 76.53, 0.0
2007/09/26 3:19:22, 118.666, 118.208, 77.05, 77.95, 121.108, 121.108, 76.60, 76.77, 0.0
2007/09/26 3:21:22, 118.513, 118.208, 76.89, 77.92, 121.413, 120.498, 76.57, 76.41, 0.0
2007/09/26 3:23:22, 118.513, 118.056, 76.84, 77.79, 121.108, 120.498, 76.73, 76.32, 0.0
2007/09/26 3:25:22, 118.361, 117.75, 76.80, 77.88, 121.413, 120.955, 76.64, 76.48, 0.0
2007/09/26 3:27:22, 118.208, 117.598, 76.69, 77.38, 121.108, 120.498, 76.69, 76.60, 0.0
2007/09/26 3:29:22, 118.208, 117.75, 76.48, 76.15, 121.566, 120.803, 76.28, 76.80, 0.0
2007/09/26 3:31:22, 118.208, 117.75, 76.12, 74.89, 121.719, 120.498, 76.41, 77.54, 0.0
2007/09/26 3:33:22, 118.513, 118.513, 75.83, 74.12, 121.719, 120.498, 75.96, 77.50, 0.0
2007/09/26 3:35:22, 118.819, 118.513, 75.74, 73.83, 121.566, 120.803, 76.21, 77.67, 0.0
2007/09/26 3:37:22, 118.971, 118.666, 75.67, 73.96, 121.108, 120.65, 76.03, 77.47, 0.0
2007/09/26 3:39:22, 119.124, 118.666, 75.70, 74.17, 122.482, 120.65, 76.15, 77.54, 0.0
2007/09/26 3:41:22, 119.277, 119.124, 75.67, 73.99, 122.024, 120.498, 76.08, 77.34, 0.0
2007/09/26 3:43:22, 119.277, 119.124, 75.70, 74.28, 121.413, 120.498, 75.92, 77.41, 0.0
2007/09/26 3:45:22, 119.277, 118.971, 75.74, 74.66, 121.108, 120.498, 76.03, 77.79, 0.0
2007/09/26 3:47:22, 119.124, 118.513, 75.58, 74.77, 121.261, 120.498, 75.92, 77.72, 0.0
2007/09/26 3:49:22, 119.277, 118.819, 75.42, 74.61, 121.413, 120.192, 75.92, 77.25, 0.0
2007/09/26 3:51:22, 119.277, 118.819, 75.38, 74.50, 121.719, 120.345, 75.99, 77.22, 0.0
2007/09/26 3:53:22, 119.277, 118.819, 75.42, 74.70, 122.024, 120.345, 76.15, 77.63, 0.0
2007/09/26 3:55:22, 119.277, 118.819, 75.38, 74.80, 121.261, 120.65, 75.83, 77.59, 0.0
2007/09/26 3:57:22, 119.429, 118.819, 75.38, 74.53, 121.566, 120.192, 76.08, 77.63, 0.0
2007/09/26 3:59:22, 119.734, 119.124, 75.38, 74.50, 121.261, 120.345, 75.99, 78.40, 0.0
2007/09/26 4:01:22, 119.582, 118.971, 75.33, 74.66, 121.871, 120.04, 75.83, 78.40, 0.0
2007/09/26 4:03:22, 119.582, 118.971, 75.33, 74.89, 121.413, 120.192, 75.83, 78.57, 0.0
2007/09/26 4:05:22, 119.582, 119.277, 75.33, 75.06, 121.719, 120.192, 75.92, 78.85, 0.0
2007/09/26 4:07:22, 119.582, 118.971, 75.42, 75.25, 121.719, 120.04, 76.21, 79.27, 0.0
2007/09/26 4:09:22, 119.429, 118.819, 75.51, 75.42, 121.719, 120.498, 75.99, 79.23, 0.0
2007/09/26 4:11:22, 119.429, 118.819, 75.54, 75.45, 122.024, 120.345, 76.21, 79.52, 0.0
2007/09/26 4:13:22, 119.582, 118.971, 75.51, 75.45, 122.024, 120.65, 75.96, 79.18, 0.0
2007/09/26 4:15:22, 119.429, 118.971, 75.58, 75.67, 121.413, 120.803, 76.24, 79.61, 0.0
2007/09/26 4:17:22, 119.429, 118.971, 75.54, 75.74, 121.413, 120.803, 76.28, 79.39, 0.0
2007/09/26 4:19:22, 119.429, 118.971, 75.63, 75.92, 121.719, 120.955, 76.21, 79.77, 0.0
2007/09/26 4:21:22, 119.277, 118.819, 75.58, 75.96, 121.719, 120.955, 76.03, 79.84, 0.0
2007/09/26 4:23:22, 119.124, 118.666, 75.42, 75.74, 121.413, 120.803, 76.32, 79.30, 0.0
2007/09/26 4:25:22, 119.277, 118.971, 75.51, 75.25, 121.413, 120.803, 76.28, 78.89, 0.0
2007/09/26 4:27:22, 119.429, 119.124, 75.54, 75.09, 121.413, 120.65, 76.03, 79.18, 0.0
2007/09/26 4:29:22, 119.277, 118.819, 75.33, 75.13, 121.413, 120.498, 76.24, 79.23, 0.0
2007/09/26 4:31:22, 119.124, 118.513, 75.42, 75.38, 121.261, 120.498, 76.03, 79.18, 0.0
2007/09/26 4:33:22, 118.971, 118.361, 75.42, 75.63, 121.261, 120.498, 76.12, 79.18, 0.0
2007/09/26 4:35:22, 118.819, 118.666, 75.51, 75.92, 121.261, 120.498, 76.15, 80.06, 0.0
2007/09/26 4:37:22, 119.124, 118.971, 75.58, 75.74, 121.108, 120.498, 76.24, 80.46, 0.0
2007/09/26 4:39:22, 119.429, 118.819, 75.58, 75.79, 121.413, 120.803, 76.41, 80.38, 0.0
2007/09/26 4:41:22, 119.429, 118.666, 75.63, 75.99, 121.108, 120.498, 76.15, 80.51, 0.0
2007/09/26 4:43:22, 119.124, 118.208, 75.58, 76.32, 121.261, 120.498, 76.48, 80.74, 0.0
2007/09/26 4:45:22, 118.971, 118.666, 75.54, 76.41, 121.261, 120.345, 76.32, 80.55, 0.0
2007/09/26 4:47:22, 118.971, 118.208, 75.58, 76.32, 121.108, 120.498, 76.48, 80.22, 0.0
2007/09/26 4:49:22, 119.124, 118.513, 75.74, 76.37, 121.566, 120.65, 76.73, 80.51, 0.0
2007/09/26 4:51:22, 119.124, 118.208, 75.83, 76.44, 121.719, 120.65, 76.57, 80.46, 0.0
2007/09/26 4:53:22, 118.971, 118.361, 75.74, 76.48, 122.024, 120.955, 76.53, 80.26, 0.0
2007/09/26 4:55:22, 119.124, 118.513, 75.83, 76.53, 122.634, 120.955, 76.60, 80.35, 0.0
2007/09/26 4:57:22, 119.124, 118.513, 75.83, 76.53, 122.787, 121.261, 76.60, 80.19, 0.0
2007/09/26 4:59:22, 119.124, 118.361, 75.92, 76.57, 122.024, 121.261, 76.96, 80.58, 0.0
2007/09/26 5:01:22, 119.124, 118.513, 75.92, 76.73, 122.634, 120.955, 76.80, 80.71, 0.0
2007/09/26 5:03:22, 118.971, 118.361, 75.83, 76.73, 122.329, 121.108, 76.73, 80.38, 0.0
2007/09/26 5:05:22, 118.819, 118.361, 75.87, 76.80, 122.329, 121.261, 76.60, 80.51, 0.0
2007/09/26 5:07:22, 118.819, 118.208, 75.96, 76.84, 122.329, 121.413, 76.93, 80.83, 0.0
2007/09/26 5:09:22, 118.819, 118.513, 75.96, 76.84, 122.482, 121.566, 76.77, 80.74, 0.0
2007/09/26 5:11:22, 118.819, 118.361, 75.79, 76.64, 122.787, 121.719, 76.96, 80.74, 0.0
2007/09/26 5:13:22, 118.666, 118.056, 75.74, 76.37, 122.329, 121.719, 76.89, 80.58, 0.0
2007/09/26 5:15:22, 118.666, 118.056, 75.70, 75.99, 122.482, 121.413, 77.05, 80.67, 0.0
2007/09/26 5:17:22, 118.666, 118.208, 75.87, 75.83, 122.329, 121.261, 76.93, 80.92, 0.0
2007/09/26 5:19:22, 118.819, 118.361, 75.79, 75.54, 122.176, 121.108, 76.84, 80.67, 0.0
2007/09/26 5:21:22, 118.971, 118.361, 75.83, 75.33, 122.024, 120.955, 77.13, 81.01, 0.0
2007/09/26 5:23:22, 118.819, 118.056, 75.79, 75.54, 121.719, 120.955, 77.05, 81.05, 0.0
2007/09/26 5:25:22, 118.513, 117.75, 75.58, 75.63, 121.413, 120.803, 76.93, 80.46, 0.0
2007/09/26 5:27:22, 118.208, 117.445, 75.58, 75.70, 121.566, 120.803, 77.05, 80.92, 0.0
2007/09/26 5:29:22, 118.056, 117.445, 75.38, 75.67, 121.413, 120.65, 76.84, 80.46, 0.0
2007/09/26 5:31:22, 117.903, 117.14, 75.29, 75.58, 121.413, 120.803, 76.89, 80.35, 0.0
2007/09/26 5:33:22, 117.75, 117.14, 75.42, 75.54, 121.413, 120.803, 77.05, 80.71, 0.0
2007/09/26 5:35:22, 117.598, 116.987, 75.38, 75.51, 121.566, 120.803, 76.80, 80.42, 0.0
2007/09/26 5:37:22, 117.75, 116.987, 75.51, 75.45, 121.719, 120.955, 77.00, 80.46, 0.0
2007/09/26 5:39:22, 117.598, 117.14, 75.54, 75.51, 121.871, 121.108, 76.93, 80.26, 0.0
2007/09/26 5:41:22, 117.75, 117.598, 75.54, 75.29, 121.871, 120.955, 76.93, 80.38, 0.0
2007/09/26 5:43:22, 117.903, 118.056, 75.63, 75.22, 121.871, 120.955, 77.18, 80.67, 0.0
2007/09/26 5:45:22, 118.361, 118.361, 75.58, 74.97, 121.871, 121.108, 77.22, 80.42, 0.0
2007/09/26 5:47:22, 118.666, 118.361, 75.63, 75.09, 122.176, 121.108, 76.93, 80.55, 0.0
2007/09/26 5:49:22, 102.03, 157.891, 71.13, 80.42, 127.976, 126.297, 76.93, 79.68, 0.1
2007/09/26 5:51:22, 60.821, 165.675, 74.41, 98.11, 129.35, 127.976, 75.63, 78.17, 0.1
2007/09/26 5:53:22, 61.584, 165.064, 74.77, 101.89, 128.434, 127.213, 74.93, 77.76, 0.1
2007/09/26 5:55:22, 62.042, 167.811, 74.80, 102.87, 57.005, 166.285, 72.34, 108.82, 0.1
2007/09/26 5:57:22, 62.195, 168.269, 74.73, 103.26, 57.311, 166.59, 73.60, 117.99, 0.3
2007/09/26 5:59:22, 62.042, 168.117, 74.57, 103.69, 57.769, 167.353, 73.63, 119.77, 0.1
2007/09/26 6:01:22, 62.042, 167.353, 74.50, 103.98, 58.074, 167.048, 73.35, 120.94, 0.2
2007/09/26 6:03:22, 62.042, 168.88, 74.57, 104.18, 58.532, 165.064, 73.83, 121.53, 0.3
2007/09/26 6:05:22, 62.195, 167.811, 74.73, 104.58, 57.769, 165.522, 73.99, 121.82, 0.1
2007/09/26 6:07:22, 62.653, 169.032, 74.77, 104.77, 58.074, 166.896, 74.37, 122.43, 0.2
2007/09/26 6:09:22, 62.5, 166.896, 74.66, 104.92, 58.226, 164.911, 74.21, 122.67, 0.2
2007/09/26 6:11:22, 62.5, 167.659, 74.57, 104.92, 59.142, 165.98, 74.28, 122.74, 0.2
2007/09/26 6:13:22, 62.653, 167.048, 74.50, 104.95, 58.379, 164.454, 73.92, 123.28, 0.2
2007/09/26 6:15:22, 62.653, 168.422, 74.50, 104.81, 58.226, 165.217, 73.99, 123.03, 0.2
2007/09/26 6:17:22, 62.5, 166.896, 74.53, 104.95, 58.99, 164.454, 74.34, 123.03, 0.2
2007/09/26 6:19:22, 62.653, 166.438, 74.53, 104.95, 58.532, 164.301, 74.37, 123.51, 0.2
2007/09/26 6:21:22, 62.805, 166.743, 74.50, 105.15, 57.921, 165.98, 73.92, 123.69, 0.2
2007/09/26 6:23:22, 62.653, 165.217, 74.53, 105.12, 58.379, 163.996, 74.12, 123.64, 0.2
2007/09/26 6:25:22, 89.057, 139.27, 77.76, 100.29, 115.308, 140.949, 77.18, 116.64, 0.1
2007/09/26 6:27:22, 113.477, 134.081, 81.75, 91.89, 117.75, 138.813, 83.35, 106.65, 0.0
2007/09/26 6:29:22, 114.24, 130.723, 84.31, 88.27, 118.208, 136.828, 86.86, 100.58, 0.0
2007/09/26 6:31:22, 114.698, 128.281, 85.59, 83.97, 120.345, 134.539, 88.02, 91.71, 0.0
2007/09/26 6:33:22, 117.445, 125.992, 86.18, 81.64, 121.871, 132.555, 87.89, 88.27, 0.0
2007/09/26 6:35:22, 121.719, 123.855, 86.86, 80.26, 124.008, 130.723, 87.80, 86.40, 0.0
2007/09/26 6:37:22, 125.229, 125.382, 86.04, 81.52, 125.992, 127.824, 87.75, 83.97, 0.0
2007/09/26 6:39:22, 126.297, 126.45, 84.78, 82.76, 127.671, 127.518, 88.32, 83.39, 0.0
2007/09/26 6:41:22, 127.06, 126.603, 84.27, 82.92, 128.434, 127.518, 87.24, 87.42, 0.0
2007/09/26 6:43:22, 127.213, 126.908, 84.40, 82.63, 129.045, 128.129, 86.09, 88.20, 0.0
2007/09/26 6:45:22, 127.06, 126.297, 84.65, 82.09, 129.96, 128.892, 85.21, 88.20, 0.0
2007/09/26 6:47:22, 126.908, 125.992, 84.90, 81.27, 130.113, 129.045, 84.52, 87.84, 0.0
2007/09/26 6:49:22, 126.603, 125.992, 84.96, 79.93, 130.571, 129.35, 84.61, 86.99, 0.0
2007/09/26 6:51:22, 78.831, 167.048, 77.38, 97.32, 125.382, 124.008, 83.52, 88.36, 0.0
2007/09/26 6:53:22, 62.805, 167.506, 75.70, 104.13, 125.534, 124.466, 83.10, 87.21, 0.2
2007/09/26 6:55:22, 62.653, 171.78, 75.51, 105.21, 124.924, 124.161, 83.73, 85.96, 0.1
2007/09/26 6:57:22, 62.805, 169.338, 75.45, 105.55, 125.076, 124.008, 84.52, 84.34, 0.1
2007/09/26 6:59:22, 62.653, 169.338, 75.45, 105.69, 124.771, 123.703, 85.03, 84.09, 0.1
2007/09/26 7:01:22, 62.653, 169.338, 75.45, 105.69, 124.924, 124.008, 85.24, 82.72, 0.0
2007/09/26 7:03:22, 62.653, 168.422, 75.38, 105.75, 125.076, 123.855, 85.53, 82.51, 0.1
2007/09/26 7:05:22, 62.5, 167.201, 75.38, 105.78, 124.618, 123.55, 86.00, 82.13, 0.1
2007/09/26 7:07:22, 62.5, 168.117, 75.33, 105.78, 124.466, 123.397, 85.87, 81.84, 0.2
2007/09/26 7:09:22, 62.5, 168.574, 75.33, 105.98, 125.382, 124.313, 85.37, 81.14, 0.1
2007/09/26 7:11:22, 62.653, 170.406, 75.25, 105.84, 125.382, 124.771, 85.91, 80.74, 0.0
2007/09/26 7:13:22, 62.347, 167.353, 75.13, 105.89, 124.618, 123.855, 85.41, 80.42, 0.1
2007/09/26 7:15:22, 62.5, 167.048, 75.02, 105.69, 124.466, 123.55, 85.59, 80.96, 0.1
2007/09/26 7:17:22, 62.347, 167.811, 74.97, 105.75, 125.382, 125.076, 85.50, 80.38, 0.1
2007/09/26 7:19:22, 62.5, 170.253, 74.97, 105.69, 125.382, 124.466, 85.28, 80.55, 0.2
2007/09/26 7:21:22, 62.5, 170.101, 74.89, 105.64, 125.229, 124.924, 84.87, 80.42, 0.0
2007/09/26 7:23:22, 62.347, 166.743, 74.89, 105.64, 124.466, 123.397, 84.56, 80.83, 0.1
2007/09/26 7:25:22, 62.347, 167.506, 74.93, 105.64, 124.618, 123.55, 84.22, 81.01, 0.1
2007/09/26 7:27:22, 62.347, 167.811, 75.02, 105.55, 124.313, 123.397, 84.06, 81.14, 0.1
2007/09/26 7:29:22, 62.347, 167.353, 75.22, 105.69, 124.466, 123.703, 83.48, 80.38, 0.1
2007/09/26 7:31:22, 62.653, 168.574, 75.42, 105.89, 125.076, 124.313, 83.93, 80.22, 0.1
2007/09/26 7:33:22, 62.958, 170.864, 75.58, 106.29, 125.534, 124.618, 83.93, 79.84, 0.1
2007/09/26 7:35:22, 63.111, 171.78, 75.74, 106.45, 125.992, 125.229, 83.61, 79.90, 0.1
2007/09/26 7:37:22, 63.111, 169.49, 75.87, 106.39, 125.839, 124.924, 83.86, 80.26, 0.1
2007/09/26 7:39:22, 63.263, 170.253, 75.99, 106.70, 126.297, 125.382, 83.68, 80.13, 0.1
2007/09/26 7:41:22, 63.263, 171.169, 75.96, 106.74, 126.145, 125.076, 83.80, 80.51, 0.1
2007/09/26 7:43:22, 63.568, 169.49, 76.03, 106.93, 126.297, 125.382, 83.55, 80.22, 0.1
2007/09/26 7:45:22, 63.568, 171.78, 76.03, 106.90, 127.518, 126.297, 83.23, 80.01, 0.1
2007/09/26 7:47:22, 63.721, 173.153, 76.08, 106.99, 126.908, 126.297, 83.35, 79.84, 0.1
2007/09/26 7:49:22, 63.721, 173.458, 76.12, 107.10, 127.824, 126.603, 83.64, 80.10, 0.1
2007/09/26 7:51:22, 63.874, 171.627, 76.12, 107.24, 127.518, 126.603, 83.35, 80.19, 0.1
2007/09/26 7:53:22, 64.026, 174.069, 76.15, 107.33, 127.824, 126.908, 83.05, 80.13, 0.1
2007/09/26 7:55:22, 64.026, 173.916, 76.21, 107.29, 127.671, 126.603, 83.01, 80.38, 0.1
2007/09/26 7:57:22, 64.026, 174.985, 76.21, 107.33, 128.739, 128.434, 82.89, 80.29, 0.1
2007/09/26 7:59:22, 64.026, 173.001, 76.24, 107.33, 128.434, 127.366, 82.80, 80.51, 0.1
2007/09/26 8:01:22, 63.874, 173.001, 76.08, 107.29, 128.281, 127.518, 82.89, 80.38, 0.1
2007/09/26 8:03:22, 64.026, 175.137, 75.87, 107.38, 128.587, 127.824, 83.05, 80.19, 0.1
2007/09/26 8:05:22, 64.332, 174.527, 75.83, 107.49, 129.35, 128.587, 83.26, 80.01, 0.1
2007/09/26 8:07:22, 64.332, 176.206, 75.79, 107.38, 128.892, 127.976, 83.17, 80.42, 0.1
2007/09/26 8:09:22, 64.179, 172.695, 75.79, 107.33, 129.655, 128.587, 82.76, 80.29, 0.1
2007/09/26 8:11:22, 64.179, 176.664, 75.83, 107.49, 129.96, 128.892, 83.05, 80.35, 0.1
2007/09/26 8:13:22, 64.637, 177.274, 75.87, 107.58, 129.655, 128.892, 83.01, 80.62, 0.1
2007/09/26 8:15:22, 64.789, 176.816, 75.99, 107.58, 129.808, 129.045, 82.67, 80.46, 0.1
2007/09/26 8:17:22, 64.789, 177.885, 76.03, 107.80, 130.113, 129.502, 82.85, 80.80, 0.1
2007/09/26 8:19:22, 64.942, 178.953, 76.08, 107.89, 130.418, 129.655, 82.89, 80.89, 0.2
2007/09/26 8:21:22, 64.942, 176.969, 76.21, 108.00, 130.571, 129.808, 82.51, 80.74, 0.0
2007/09/26 8:23:22, 65.095, 176.206, 76.28, 107.94, 131.029, 129.96, 82.42, 81.05, 0.1
2007/09/26 8:25:22, 65.247, 177.121, 76.37, 108.16, 131.334, 130.266, 82.85, 81.05, 0.1
2007/09/26 8:27:22, 65.4, 180.174, 76.48, 108.25, 131.792, 130.723, 82.67, 81.01, 0.2
2007/09/26 8:29:22, 65.247, 179.869, 76.48, 108.46, 132.402, 131.334, 82.85, 81.46, 0.1
2007/09/26 8:31:22, 65.705, 181.09, 76.64, 108.55, 132.402, 130.876, 82.38, 81.30, 0.0
2007/09/26 8:33:22, 65.858, 181.7, 76.73, 108.66, 132.097, 132.097, 82.63, 81.55, 0.2
2007/09/26 8:35:22, 66.163, 179.869, 76.77, 108.91, 132.402, 131.792, 82.51, 81.39, 0.1
2007/09/26 8:37:22, 66.01, 181.548, 76.89, 108.97, 132.708, 132.402, 82.76, 81.68, 0.1
2007/09/26 8:39:22, 66.163, 179.563, 77.00, 109.13, 133.013, 132.555, 82.80, 81.84, 0.1
2007/09/26 8:41:22, 66.163, 183.99, 76.89, 109.17, 134.234, 133.013, 82.63, 81.75, 0.1
2007/09/26 8:43:22, 66.163, 183.379, 76.77, 109.17, 134.081, 132.86, 82.60, 81.68, 0.1
2007/09/26 8:45:22, 66.316, 182.769, 76.60, 109.08, 134.539, 133.318, 83.01, 81.68, 0.1
2007/09/26 8:47:22, 66.316, 183.837, 76.53, 109.08, 134.386, 133.471, 83.17, 81.64, 0.1
2007/09/26 8:49:22, 66.468, 184.447, 76.57, 109.17, 134.997, 134.081, 82.85, 81.55, 0.1
2007/09/26 8:51:22, 66.621, 187.958, 76.60, 109.17, 134.997, 135.302, 82.80, 81.84, 0.1
2007/09/26 8:53:22, 66.621, 182.158, 76.64, 109.13, 135.455, 134.692, 83.14, 82.06, 0.1
2007/09/26 8:55:22, 66.468, 186.737, 76.69, 109.22, 135.455, 135.15, 83.14, 82.13, 0.1
2007/09/26 8:57:22, 66.621, 185.516, 76.64, 109.13, 135.913, 135.455, 83.05, 82.00, 0.1
2007/09/26 8:59:22, 66.926, 184.295, 76.73, 109.38, 135.76, 135.76, 83.30, 82.38, 0.1
2007/09/26 9:01:22, 66.774, 186.889, 76.73, 109.47, 136.981, 136.218, 83.17, 82.45, 0.1
2007/09/26 9:03:22, 67.231, 190.095, 76.73, 109.58, 137.286, 136.676, 82.92, 82.29, 0.1
2007/09/26 9:05:22, 67.231, 186.889, 76.77, 109.53, 137.744, 135.913, 83.05, 82.51, 0.1
2007/09/26 9:07:22, 67.079, 185.211, 76.77, 109.63, 137.286, 136.371, 83.10, 82.80, 0.1
2007/09/26 9:09:22, 67.384, 188.568, 76.89, 109.74, 138.813, 137.286, 83.39, 82.85, 0.1
2007/09/26 9:11:22, 67.384, 187.653, 76.89, 109.85, 138.202, 137.286, 83.39, 82.98, 0.1
2007/09/26 9:13:22, 67.537, 189.484, 76.96, 109.90, 138.355, 137.439, 83.52, 83.17, 0.2
2007/09/26 9:15:22, 67.537, 188.721, 77.00, 109.94, 138.202, 137.439, 83.52, 83.17, 0.1
2007/09/26 9:17:22, 67.689, 188.874, 77.00, 109.94, 138.66, 138.202, 83.17, 83.17, 0.1
2007/09/26 9:19:22, 67.842, 190.4, 77.09, 110.21, 138.813, 138.202, 83.61, 83.30, 0.1
2007/09/26 9:21:22, 67.842, 192.537, 77.13, 110.26, 139.423, 138.66, 83.64, 83.43, 0.1
2007/09/26 9:23:22, 68.147, 189.484, 77.31, 110.37, 139.423, 138.66, 83.68, 83.61, 0.1
2007/09/26 9:25:22, 68.3, 192.995, 77.47, 110.62, 139.881, 139.881, 83.89, 83.93, 0.1
2007/09/26 9:27:22, 68.452, 189.789, 77.59, 110.68, 139.27, 138.965, 83.77, 84.02, 0.1
2007/09/26 9:29:22, 68.91, 195.437, 77.67, 111.04, 141.255, 140.339, 83.55, 83.93, 0.1
2007/09/26 9:31:22, 68.91, 193.147, 77.79, 111.13, 141.255, 140.949, 83.73, 84.18, 0.1
2007/09/26 9:33:22, 68.758, 191.773, 77.79, 111.13, 140.644, 140.186, 84.15, 84.34, 0.1
2007/09/26 9:35:22, 68.91, 193.147, 77.88, 111.24, 141.255, 140.644, 83.97, 84.43, 0.1
2007/09/26 9:37:22, 68.91, 192.384, 78.04, 111.29, 141.56, 140.644, 84.02, 84.61, 0.1
2007/09/26 9:39:22, 69.216, 195.894, 78.04, 111.45, 142.17, 141.102, 84.40, 84.65, 0.1
2007/09/26 9:41:22, 69.063, 193.452, 78.17, 111.72, 142.018, 140.491, 84.09, 84.69, 0.2
2007/09/26 9:43:22, 68.91, 193.605, 78.17, 111.72, 141.865, 140.949, 84.18, 84.87, 0.1
2007/09/26 9:45:22, 69.521, 199.71, 78.01, 111.72, 142.933, 142.476, 84.61, 84.87, 0.1
2007/09/26 9:47:22, 69.673, 196.81, 77.88, 111.78, 142.628, 142.476, 84.69, 84.96, 0.1
2007/09/26 9:49:22, 69.826, 197.421, 77.76, 111.88, 142.933, 142.628, 84.56, 84.87, 0.1
2007/09/26 9:51:22, 69.826, 194.368, 77.76, 111.72, 142.17, 140.949, 85.03, 85.12, 0.1
2007/09/26 9:53:22, 69.521, 192.689, 77.79, 111.78, 142.476, 140.644, 84.61, 85.12, 0.1
2007/09/26 9:55:22, 69.368, 198.031, 77.76, 111.78, 142.17, 144.154, 84.74, 85.37, 0.1
2007/09/26 9:57:22, 69.826, 196.047, 77.79, 111.72, 142.781, 142.323, 85.12, 85.28, 0.1
2007/09/26 9:59:22, 69.521, 194.826, 77.83, 111.83, 143.697, 142.323, 85.21, 85.41, 0.1
2007/09/26 10:01:22, 69.216, 195.131, 77.88, 111.67, 143.086, 142.018, 85.15, 85.71, 0.2
2007/09/26 10:03:22, 70.284, 203.22, 77.79, 111.99, 143.849, 143.849, 85.33, 85.59, 0.1
2007/09/26 10:05:22, 70.437, 198.336, 77.88, 112.15, 144.307, 143.086, 84.99, 85.59, 0.1
2007/09/26 10:07:22, 70.131, 197.421, 77.92, 111.88, 143.697, 142.628, 85.03, 85.78, 0.1
2007/09/26 10:09:22, 70.131, 198.947, 78.04, 111.94, 144.46, 143.239, 85.46, 85.91, 0.1
2007/09/26 10:11:22, 70.894, 200.473, 78.08, 112.32, 144.918, 143.849, 85.21, 85.66, 0.1
2007/09/26 10:13:22, 71.2, 205.51, 78.24, 112.53, 145.528, 146.291, 85.62, 85.96, 0.1
2007/09/26 10:15:22, 72.268, 208.715, 78.28, 112.89, 146.749, 149.344, 85.62, 86.09, 0.1
2007/09/26 10:17:22, 70.742, 202.305, 78.49, 112.62, 146.291, 145.986, 85.62, 86.40, 0.1
2007/09/26 10:19:22, 71.047, 206.426, 78.53, 113.00, 146.902, 147.97, 85.59, 86.40, 0.2
2007/09/26 10:21:22, 70.894, 204.136, 78.66, 112.89, 146.749, 147.36, 85.78, 86.56, 0.1
2007/09/26 10:23:22, 70.437, 200.931, 78.69, 113.00, 147.512, 145.986, 85.78, 86.65, 0.1
2007/09/26 10:25:22, 70.742, 201.084, 78.66, 113.11, 146.749, 144.918, 85.96, 86.74, 0.1
2007/09/26 10:27:22, 70.894, 207.341, 78.53, 113.00, 146.749, 148.428, 85.87, 86.65, 0.1
2007/09/26 10:29:22, 70.894, 202.305, 78.40, 113.05, 147.512, 146.139, 86.09, 86.74, 0.1
2007/09/26 10:31:22, 70.742, 204.747, 78.24, 112.89, 146.139, 147.207, 86.25, 86.95, 0.1
2007/09/26 10:33:22, 70.589, 202.915, 78.17, 112.84, 146.902, 145.681, 85.96, 86.86, 0.1
2007/09/26 10:35:22, 71.2, 201.999, 78.08, 112.89, 145.986, 145.528, 86.56, 87.08, 0.1
2007/09/26 10:37:22, 70.894, 203.373, 78.17, 112.89, 147.054, 145.833, 86.31, 87.03, 0.2
2007/09/26 10:39:22, 70.437, 207.189, 78.12, 112.78, 145.681, 146.902, 86.56, 87.12, 0.1
2007/09/26 10:41:22, 71.963, 205.815, 78.08, 113.11, 146.596, 147.207, 86.56, 87.12, 0.1
2007/09/26 10:43:22, 71.505, 206.578, 78.08, 113.32, 147.054, 147.36, 86.74, 87.30, 0.1
2007/09/26 10:45:22, 71.2, 202.305, 78.12, 113.22, 146.902, 145.986, 86.56, 87.33, 0.1
2007/09/26 10:47:22, 71.81, 211.615, 78.01, 113.22, 147.054, 148.886, 86.74, 87.49, 0.1
2007/09/26 10:49:22, 72.115, 205.205, 78.01, 113.38, 147.207, 147.817, 86.68, 87.46, 0.1
2007/09/26 10:51:22, 71.2, 203.22, 78.04, 113.05, 147.512, 146.596, 86.74, 87.55, 0.1
2007/09/26 10:53:22, 71.047, 206.273, 78.01, 113.00, 147.665, 146.749, 87.21, 87.71, 0.2
2007/09/26 10:55:22, 71.505, 205.357, 78.01, 113.22, 147.36, 146.444, 87.21, 87.62, 0.1
2007/09/26 10:57:22, 71.81, 208.104, 78.01, 113.22, 147.97, 148.275, 86.95, 87.67, 0.1
2007/09/26 10:59:22, 72.573, 212.378, 78.08, 113.32, 148.733, 147.97, 86.86, 87.49, 0.1
2007/09/26 11:01:22, 72.421, 204.899, 78.17, 113.32, 147.36, 145.833, 87.37, 87.62, 0.1
2007/09/26 11:03:22, 72.573, 206.578, 78.28, 113.49, 148.733, 147.207, 87.21, 87.58, 0.1
2007/09/26 11:05:22, 72.879, 212.683, 78.33, 113.70, 148.886, 149.954, 87.33, 87.71, 0.1
2007/09/26 11:07:22, 73.031, 212.683, 78.44, 113.81, 149.191, 150.107, 87.37, 87.80, 0.1
2007/09/26 11:09:22, 72.421, 209.478, 78.66, 113.81, 148.581, 148.886, 87.30, 87.96, 0.2
2007/09/26 11:11:22, 72.726, 211.92, 78.85, 114.17, 149.191, 150.412, 87.15, 88.20, 0.1
2007/09/26 11:13:22, 72.573, 214.973, 78.89, 114.06, 149.649, 149.344, 87.46, 88.27, 0.1
2007/09/26 11:15:22, 73.642, 209.173, 78.73, 114.28, 149.344, 148.733, 87.33, 88.27, 0.1
2007/09/26 11:17:22, 73.336, 211.767, 78.53, 114.06, 148.886, 148.886, 87.84, 88.41, 0.1
2007/09/26 11:19:22, 73.184, 213.752, 78.37, 113.92, 148.581, 148.275, 87.80, 88.14, 0.1
2007/09/26 11:21:22, 73.489, 210.241, 78.24, 113.97, 148.428, 147.817, 87.55, 88.05, 0.2
2007/09/26 11:23:22, 73.489, 214.973, 78.21, 113.92, 149.649, 148.886, 87.84, 88.02, 0.1
2007/09/26 11:25:22, 74.252, 216.194, 78.17, 114.01, 149.649, 149.191, 87.46, 88.05, 0.1
2007/09/26 11:27:22, 73.336, 216.194, 78.24, 113.86, 149.191, 148.428, 87.80, 88.14, 0.1
2007/09/26 11:29:22, 73.642, 216.804, 78.21, 114.01, 149.344, 148.733, 87.80, 88.20, 0.1
2007/09/26 11:31:22, 73.184, 216.041, 78.28, 113.92, 149.344, 149.191, 87.42, 88.05, 0.1
2007/09/26 11:33:22, 73.489, 215.736, 78.28, 114.17, 149.496, 149.496, 87.58, 88.11, 0.1
2007/09/26 11:35:22, 74.1, 216.957, 78.28, 114.22, 149.954, 150.412, 87.46, 88.11, 0.2
2007/09/26 11:37:22, 74.1, 215.278, 78.37, 114.28, 149.954, 149.191, 87.67, 88.05, 0.1
2007/09/26 11:39:22, 73.794, 219.704, 78.53, 114.39, 150.259, 152.244, 88.02, 88.57, 0.1
2007/09/26 11:41:22, 74.1, 212.378, 78.49, 114.39, 149.038, 148.886, 87.62, 88.41, 0.1
2007/09/26 11:43:22, 73.642, 216.804, 78.49, 114.39, 151.175, 150.107, 87.71, 88.48, 0.1
2007/09/26 11:45:22, 74.405, 220.467, 78.44, 114.49, 151.328, 151.633, 88.14, 88.54, 0.1
2007/09/26 11:47:22, 74.557, 212.836, 78.57, 114.44, 151.175, 150.717, 87.84, 88.48, 0.2
2007/09/26 11:49:22, 74.405, 209.478, 78.85, 114.60, 150.87, 149.649, 87.93, 88.70, 0.1
2007/09/26 11:51:22, 74.71, 218.025, 79.02, 114.93, 151.175, 149.954, 88.27, 88.92, 0.1
2007/09/26 11:53:22, 74.71, 210.852, 79.11, 114.82, 151.023, 150.259, 88.45, 89.01, 0.1
2007/09/26 11:55:22, 74.1, 211.462, 79.18, 114.71, 151.786, 150.565, 88.05, 88.97, 0.1
2007/09/26 11:57:22, 72.726, 208.868, 79.30, 114.44, 151.633, 149.954, 88.27, 89.22, 0.2
2007/09/26 11:59:22, 74.252, 219.551, 79.18, 114.82, 151.938, 151.023, 88.66, 89.22, 0.0
2007/09/26 12:01:22, 74.405, 216.499, 79.27, 115.09, 151.786, 151.48, 88.70, 89.38, 0.2
2007/09/26 12:03:22, 73.947, 216.194, 79.18, 114.98, 151.023, 150.107, 88.45, 89.35, 0.1
2007/09/26 12:05:22, 74.252, 220.314, 78.85, 114.82, 151.328, 153.007, 88.66, 89.35, 0.1
2007/09/26 12:07:22, 75.015, 222.909, 78.44, 114.71, 151.786, 152.396, 88.75, 89.04, 0.1
2007/09/26 12:09:22, 74.71, 218.636, 78.37, 114.60, 150.412, 150.412, 88.70, 89.10, 0.1
2007/09/26 12:11:22, 74.71, 214.209, 78.24, 114.76, 149.802, 148.886, 88.36, 89.01, 0.2
2007/09/26 12:13:22, 74.557, 222.909, 78.24, 114.60, 151.023, 150.107, 88.45, 89.01, 0.1
2007/09/26 12:15:22, 74.863, 219.246, 78.12, 114.49, 150.565, 150.107, 88.36, 88.92, 0.1
2007/09/26 12:17:22, 73.489, 209.783, 78.28, 114.06, 149.496, 148.581, 88.54, 89.22, 0.1
2007/09/26 12:19:22, 73.794, 213.599, 78.24, 114.55, 150.87, 149.954, 88.36, 89.22, 0.1
2007/09/26 12:21:22, 73.947, 216.346, 78.24, 114.66, 151.48, 151.786, 88.66, 89.38, 0.1
2007/09/26 12:23:22, 74.252, 221.23, 78.21, 114.66, 151.175, 153.007, 88.57, 89.60, 0.2
2007/09/26 12:25:22, 74.405, 222.909, 78.21, 114.66, 150.87, 150.717, 88.97, 89.60, 0.1
2007/09/26 12:27:22, 74.71, 213.294, 78.17, 114.60, 149.496, 148.428, 88.66, 89.44, 0.1
2007/09/26 12:29:22, 73.642, 216.957, 78.40, 114.49, 150.717, 149.802, 88.70, 89.60, 0.1
2007/09/26 12:31:22, 74.863, 223.062, 78.44, 114.82, 151.175, 152.244, 89.22, 89.69, 0.1
2007/09/26 12:33:22, 74.557, 216.957, 78.49, 114.60, 150.412, 149.191, 89.13, 89.69, 0.1
2007/09/26 12:35:22, 74.405, 211.004, 78.53, 114.60, 151.175, 149.344, 89.04, 89.64, 0.1
2007/09/26 12:37:22, 73.489, 213.752, 78.37, 114.06, 150.565, 149.496, 88.79, 89.35, 0.2
2007/09/26 12:39:22, 74.557, 217.567, 78.28, 114.06, 150.87, 149.344, 88.41, 88.97, 0.1
2007/09/26 12:41:22, 74.1, 209.02, 77.92, 113.59, 149.496, 148.123, 88.45, 88.63, 0.1
2007/09/26 12:43:22, 74.405, 220.467, 77.83, 113.70, 151.633, 152.244, 87.93, 88.02, 0.1
2007/09/26 12:45:22, 74.252, 217.415, 77.95, 113.76, 150.87, 149.802, 88.27, 88.27, 0.1
2007/09/26 12:47:22, 74.863, 220.772, 77.95, 114.33, 151.786, 150.717, 88.32, 88.48, 0.2
2007/09/26 12:49:22, 74.252, 220.467, 78.04, 114.12, 150.87, 150.565, 88.27, 88.92, 0.1
2007/09/26 12:51:22, 74.557, 214.82, 77.54, 113.59, 149.344, 147.817, 88.11, 88.41, 0.1
2007/09/26 12:53:22, 73.031, 215.736, 77.09, 112.84, 148.886, 148.733, 87.46, 88.05, 0.1
2007/09/26 12:55:22, 73.794, 216.957, 76.93, 112.89, 148.733, 147.817, 87.67, 87.80, 0.1
2007/09/26 12:57:22, 74.252, 219.399, 77.31, 113.70, 150.412, 150.412, 87.55, 88.02, 0.2
2007/09/26 12:59:22, 74.71, 218.33, 77.67, 114.06, 150.412, 149.038, 87.67, 88.45, 0.0
2007/09/26 13:01:22, 73.947, 220.009, 77.95, 114.33, 150.87, 150.412, 88.27, 89.31, 0.2
2007/09/26 13:03:22, 74.863, 223.062, 78.08, 114.60, 151.48, 152.244, 88.36, 89.51, 0.1
2007/09/26 13:05:22, 74.863, 217.415, 78.28, 114.82, 150.412, 149.496, 88.84, 89.82, 0.1
2007/09/26 13:07:22, 75.321, 229.625, 78.60, 115.20, 153.159, 155.296, 88.75, 90.00, 0.1
2007/09/26 13:09:22, 76.084, 224.588, 78.73, 115.30, 153.007, 152.091, 89.22, 90.18, 0.1
2007/09/26 13:11:22, 76.542, 231.151, 78.73, 115.70, 153.922, 154.38, 89.38, 90.21, 0.2
2007/09/26 13:13:22, 76.847, 225.198, 78.82, 115.92, 153.922, 153.465, 89.73, 90.45, 0.1
2007/09/26 13:15:22, 76.389, 227.64, 78.98, 115.86, 153.159, 153.77, 89.64, 90.45, 0.1
2007/09/26 13:17:22, 76.236, 224.893, 79.11, 115.81, 153.465, 152.549, 90.05, 90.70, 0.1
2007/09/26 13:19:22, 76.694, 226.877, 79.11, 116.13, 154.686, 153.465, 89.73, 90.54, 0.1
2007/09/26 13:21:22, 76.084, 224.283, 79.07, 115.59, 152.854, 151.633, 89.60, 90.45, 0.2
2007/09/26 13:23:22, 76.236, 224.893, 79.11, 116.08, 153.312, 152.244, 89.82, 90.57, 0.1
2007/09/26 13:25:22, 76.389, 226.419, 79.11, 116.35, 155.601, 154.533, 89.82, 90.66, 0.1
2007/09/26 13:27:22, 76.542, 221.23, 78.94, 116.24, 153.922, 152.701, 90.39, 90.91, 0.1
2007/09/26 13:29:22, 75.168, 223.825, 78.89, 115.65, 153.77, 152.854, 90.54, 91.13, 0.1
2007/09/26 13:31:22, 76.694, 224.13, 78.49, 116.13, 153.465, 152.854, 90.54, 91.13, 0.2
2007/09/26 13:33:22, 74.405, 218.178, 78.76, 115.54, 152.244, 150.87, 90.18, 91.09, 0.1
2007/09/26 13:35:22, 75.473, 231.761, 78.76, 115.70, 154.228, 156.975, 90.48, 91.13, 0.1
2007/09/26 13:37:22, 76.542, 227.03, 78.57, 116.02, 153.77, 152.396, 90.61, 91.18, 0.1
2007/09/26 13:39:22, 76.389, 226.572, 78.49, 115.92, 153.77, 154.228, 90.45, 91.22, 0.1
2007/09/26 13:41:22, 76.389, 223.672, 78.37, 115.86, 152.549, 154.38, 90.70, 91.31, 0.1
2007/09/26 13:43:22, 76.236, 226.572, 78.24, 115.81, 154.075, 153.007, 90.66, 91.40, 0.2
2007/09/26 13:45:22, 76.084, 221.383, 78.33, 115.65, 152.854, 151.633, 91.22, 91.49, 0.1
2007/09/26 13:47:22, 75.931, 221.383, 77.95, 115.20, 153.617, 151.633, 90.70, 91.06, 0.1
2007/09/26 13:49:22, 75.015, 222.604, 78.17, 115.20, 152.549, 151.633, 90.66, 91.27, 0.1
2007/09/26 13:51:22, 75.626, 222.299, 78.21, 115.48, 152.854, 151.633, 90.66, 91.40, 0.1
2007/09/26 13:53:22, 75.168, 226.725, 77.95, 114.76, 152.396, 152.549, 90.91, 91.13, 0.2
2007/09/26 13:55:22, 76.236, 222.756, 77.95, 115.25, 152.396, 150.87, 90.61, 90.88, 0.1
2007/09/26 13:57:22, 75.778, 221.688, 78.33, 115.30, 153.312, 152.244, 90.79, 91.27, 0.1
2007/09/26 13:59:22, 74.71, 218.941, 78.37, 114.87, 151.48, 150.259, 90.18, 90.97, 0.1
2007/09/26 14:01:22, 75.168, 221.993, 78.08, 114.44, 151.48, 151.328, 90.05, 90.36, 0.1
2007/09/26 14:03:22, 75.321, 221.078, 77.95, 114.55, 151.023, 150.412, 89.69, 90.05, 0.2
2007/09/26 14:05:22, 75.473, 219.399, 78.04, 114.82, 151.938, 150.259, 89.91, 90.18, 0.1
2007/09/26 14:07:22, 75.015, 224.435, 78.12, 114.60, 151.633, 151.48, 89.87, 90.30, 0.1
2007/09/26 14:09:22, 75.168, 220.925, 77.92, 114.39, 151.633, 150.87, 89.35, 89.78, 0.1
2007/09/26 14:11:22, 75.015, 216.041, 77.50, 114.01, 150.259, 149.344, 89.13, 89.51, 0.1
2007/09/26 14:13:22, 73.947, 216.194, 77.31, 113.70, 149.802, 149.191, 89.04, 89.44, 0.2
2007/09/26 14:15:22, 73.794, 219.399, 77.05, 113.38, 150.259, 149.802, 89.22, 89.35, 0.0
2007/09/26 14:17:22, 74.252, 218.788, 76.89, 113.49, 149.954, 149.344, 88.66, 88.63, 0.2
2007/09/26 14:19:22, 74.405, 220.162, 76.80, 113.49, 149.954, 148.733, 88.48, 88.57, 0.1
2007/09/26 14:21:22, 74.1, 221.993, 76.73, 113.38, 149.954, 150.565, 88.45, 88.97, 0.1
2007/09/26 14:23:22, 74.252, 218.636, 76.69, 113.11, 149.191, 148.275, 88.11, 88.79, 0.1
2007/09/26 14:25:22, 74.1, 220.467, 76.84, 113.38, 150.412, 150.107, 88.32, 89.13, 0.1
2007/09/26 14:27:22, 74.557, 221.078, 76.96, 113.65, 151.023, 150.107, 88.32, 88.97, 0.2
2007/09/26 14:29:22, 74.557, 218.636, 76.96, 113.65, 149.802, 148.733, 88.36, 88.97, 0.1
2007/09/26 14:31:22, 73.947, 222.451, 77.13, 113.38, 151.175, 150.565, 88.23, 89.13, 0.1
2007/09/26 14:33:22, 74.863, 220.162, 77.67, 114.22, 151.786, 150.412, 88.66, 89.64, 0.1
2007/09/26 14:35:22, 75.321, 231.609, 77.79, 114.44, 152.701, 153.77, 89.04, 90.00, 0.1
2007/09/26 14:37:22, 76.389, 227.488, 77.67, 114.60, 152.549, 151.786, 89.10, 89.82, 0.2
2007/09/26 14:39:22, 75.626, 218.788, 77.72, 114.33, 150.87, 149.649, 88.97, 89.78, 0.1
2007/09/26 14:41:22, 75.473, 223.825, 77.76, 114.28, 151.786, 151.633, 89.13, 89.60, 0.1
2007/09/26 14:43:22, 75.473, 221.078, 77.83, 114.22, 151.48, 150.107, 88.88, 89.38, 0.1
2007/09/26 14:45:22, 75.168, 224.435, 78.21, 114.71, 153.007, 151.938, 88.97, 90.05, 0.1
2007/09/26 14:47:22, 76.084, 221.688, 78.28, 115.41, 153.007, 151.938, 89.35, 90.57, 0.2
2007/09/26 14:49:22, 75.778, 218.636, 78.37, 115.36, 151.023, 150.412, 89.87, 91.06, 0.1
2007/09/26 14:51:22, 75.168, 219.704, 78.37, 115.25, 151.938, 150.565, 90.05, 91.40, 0.1
2007/09/26 14:53:22, 75.931, 231.456, 78.08, 115.54, 153.922, 155.143, 89.87, 91.18, 0.1
2007/09/26 14:55:22, 76.389, 225.809, 77.67, 114.82, 152.244, 151.023, 90.48, 90.91, 0.1
2007/09/26 14:57:22, 75.931, 224.893, 77.34, 114.49, 151.48, 151.175, 90.00, 90.18, 0.1
2007/09/26 14:59:22, 75.473, 224.13, 77.18, 113.97, 150.107, 148.733, 89.82, 89.82, 0.2
2007/09/26 15:01:22, 75.168, 222.451, 77.05, 113.92, 150.87, 150.259, 89.31, 89.64, 0.1
2007/09/26 15:03:22, 74.863, 218.483, 77.00, 113.59, 149.496, 148.123, 89.13, 89.51, 0.1
2007/09/26 15:05:22, 74.405, 218.636, 77.18, 113.70, 150.259, 149.344, 88.84, 89.60, 0.1
2007/09/26 15:07:22, 74.405, 219.246, 77.47, 114.06, 151.023, 149.496, 88.88, 90.36, 0.1
2007/09/26 15:09:22, 74.71, 223.062, 77.59, 114.55, 152.549, 151.023, 89.51, 90.57, 0.1
2007/09/26 15:11:22, 75.321, 226.725, 77.63, 114.98, 153.77, 152.549, 89.87, 90.88, 0.2
2007/09/26 15:13:22, 74.71, 227.183, 77.92, 114.87, 153.159, 153.465, 90.27, 91.53, 0.1
2007/09/26 15:15:22, 75.778, 219.704, 77.79, 115.30, 152.396, 150.412, 90.30, 91.71, 0.1
2007/09/26 15:17:22, 75.626, 226.114, 77.88, 115.25, 152.854, 153.465, 91.09, 92.07, 0.1
2007/09/26 15:19:22, 76.389, 224.435, 77.79, 115.48, 152.854, 152.244, 91.35, 92.28, 0.2
2007/09/26 15:21:22, 75.168, 221.535, 78.08, 115.30, 152.396, 151.48, 91.62, 92.52, 0.1
2007/09/26 15:23:22, 75.473, 219.704, 78.01, 115.36, 152.396, 151.175, 91.27, 92.46, 0.1
2007/09/26 15:25:22, 75.473, 224.741, 78.04, 115.48, 153.312, 152.244, 91.85, 92.61, 0.1
2007/09/26 15:27:22, 75.931, 227.793, 78.01, 115.48, 154.38, 153.922, 91.76, 92.46, 0.1
2007/09/26 15:29:22, 76.694, 231.151, 77.83, 115.65, 154.686, 154.838, 92.28, 92.52, 0.2
2007/09/26 15:31:22, 76.389, 232.83, 77.92, 115.65, 155.296, 154.686, 91.98, 92.43, 0.1
2007/09/26 15:33:22, 76.236, 225.046, 77.88, 115.41, 154.075, 153.007, 91.89, 92.52, 0.1
2007/09/26 15:35:22, 74.863, 220.772, 78.04, 115.14, 152.396, 151.786, 92.07, 92.82, 0.1
2007/09/26 15:37:22, 76.084, 225.809, 77.95, 115.65, 154.075, 154.075, 91.85, 92.55, 0.1
2007/09/26 15:39:22, 76.542, 229.319, 77.76, 115.48, 153.77, 154.991, 91.80, 92.25, 0.1
2007/09/26 15:41:22, 76.847, 230.693, 77.63, 115.09, 153.312, 152.854, 92.21, 91.53, 0.2
2007/09/26 15:43:22, 76.389, 228.404, 77.76, 114.82, 152.244, 152.091, 91.44, 91.27, 0.1
2007/09/26 15:45:22, 76.389, 227.64, 77.83, 114.93, 153.465, 152.091, 91.22, 91.44, 0.1
2007/09/26 15:47:22, 76.847, 230.235, 77.83, 115.03, 153.465, 152.549, 91.40, 91.40, 0.1
2007/09/26 15:49:22, 76.236, 223.825, 77.88, 114.71, 151.786, 150.717, 90.75, 91.13, 0.1
2007/09/26 15:51:22, 76.389, 227.335, 77.79, 114.66, 152.396, 151.328, 90.39, 90.70, 0.2
2007/09/26 15:53:22, 76.236, 226.419, 77.83, 114.55, 152.091, 151.175, 90.05, 90.66, 0.1
2007/09/26 15:55:22, 76.542, 228.556, 77.76, 114.60, 151.938, 150.87, 90.36, 90.36, 0.1
2007/09/26 15:57:22, 76.236, 226.114, 77.76, 114.44, 152.549, 151.48, 89.82, 90.48, 0.1
2007/09/26 15:59:22, 76.084, 223.214, 77.88, 114.60, 151.328, 150.107, 89.51, 90.30, 0.1
2007/09/26 16:01:22, 75.778, 224.13, 77.67, 114.49, 151.633, 150.87, 89.78, 90.36, 0.2
2007/09/26 16:03:22, 76.084, 230.693, 77.67, 114.76, 152.549, 153.312, 89.82, 90.66, 0.1
2007/09/26 16:05:22, 76.542, 231.151, 77.54, 115.03, 153.922, 154.38, 89.82, 91.06, 0.1
2007/09/26 16:07:22, 76.694, 226.725, 77.50, 115.14, 151.633, 150.717, 90.14, 91.53, 0.1
2007/09/26 16:09:22, 76.999, 229.625, 77.38, 115.30, 152.396, 151.023, 90.54, 91.58, 0.1
2007/09/26 16:11:22, 76.236, 228.861, 77.59, 115.20, 153.312, 151.786, 90.84, 91.67, 0.2
2007/09/26 16:13:22, 76.694, 233.288, 77.50, 115.36, 154.533, 153.617, 91.09, 91.94, 0.1
2007/09/26 16:15:22, 77.305, 232.372, 77.38, 115.41, 154.075, 153.007, 91.71, 92.37, 0.1
2007/09/26 16:17:22, 76.847, 223.214, 77.54, 115.54, 152.854, 150.87, 91.98, 92.46, 0.1
2007/09/26 16:19:22, 75.931, 229.014, 77.67, 115.41, 152.244, 151.175, 91.62, 92.46, 0.2
2007/09/26 16:21:22, 75.473, 222.299, 77.79, 115.20, 151.633, 150.565, 91.89, 92.77, 0.0
2007/09/26 16:23:22, 75.321, 228.709, 77.76, 115.03, 152.549, 153.007, 91.80, 92.52, 0.2
2007/09/26 16:25:22, 75.473, 225.046, 77.63, 115.03, 152.396, 151.633, 91.62, 92.43, 0.1
2007/09/26 16:27:22, 76.389, 234.356, 77.50, 115.30, 153.617, 154.075, 91.71, 92.34, 0.1
2007/09/26 16:29:22, 76.084, 227.335, 77.63, 115.14, 153.312, 151.633, 92.16, 92.55, 0.1
2007/09/26 16:31:22, 76.084, 224.435, 77.54, 115.30, 153.159, 151.633, 92.25, 92.43, 0.2
2007/09/26 16:33:22, 75.626, 223.367, 77.67, 115.14, 152.091, 150.717, 92.21, 92.55, 0.1
2007/09/26 16:35:22, 75.473, 222.451, 77.59, 114.82, 151.786, 151.023, 91.76, 92.16, 0.1
2007/09/26 16:37:22, 75.168, 221.078, 77.38, 114.39, 151.48, 150.412, 91.49, 91.49, 0.1
2007/09/26 16:39:22, 75.015, 220.162, 77.18, 114.12, 151.023, 149.496, 90.97, 90.79, 0.1
2007/09/26 16:41:22, 75.168, 220.772, 77.05, 114.06, 150.565, 149.344, 90.84, 90.18, 0.2
2007/09/26 16:43:22, 75.168, 227.488, 76.96, 113.97, 150.87, 151.023, 90.61, 90.27, 0.1
2007/09/26 16:45:22, 75.778, 225.351, 76.73, 113.86, 150.412, 149.649, 90.57, 89.64, 0.1
2007/09/26 16:47:22, 75.321, 226.725, 76.73, 113.86, 151.023, 150.412, 90.09, 89.82, 0.1
2007/09/26 16:49:22, 74.71, 219.857, 76.89, 113.76, 150.107, 148.581, 89.51, 90.27, 0.1
2007/09/26 16:51:22, 74.557, 225.198, 77.22, 114.12, 150.565, 151.328, 89.91, 91.06, 0.2
2007/09/26 16:53:22, 75.321, 222.756, 77.54, 114.44, 151.175, 150.107, 89.82, 91.06, 0.1
2007/09/26 16:55:22, 75.321, 224.588, 77.67, 114.44, 151.023, 150.565, 90.00, 91.13, 0.1
2007/09/26 16:57:22, 75.778, 223.52, 77.67, 114.49, 151.938, 151.328, 90.36, 90.57, 0.1
2007/09/26 16:59:22, 75.778, 221.841, 77.54, 114.44, 150.87, 149.649, 90.54, 90.54, 0.1
2007/09/26 17:01:22, 75.015, 222.146, 77.59, 114.17, 150.565, 149.344, 89.87, 90.30, 0.2
2007/09/26 17:03:22, 75.015, 218.483, 77.59, 114.12, 149.802, 149.038, 89.96, 90.21, 0.0
2007/09/26 17:05:22, 74.863, 223.214, 77.54, 113.81, 152.091, 150.717, 89.60, 89.87, 0.2
2007/09/26 17:07:22, 75.168, 222.604, 77.54, 113.86, 151.48, 150.412, 89.64, 89.38, 0.1
2007/09/26 17:09:22, 75.168, 221.841, 77.50, 113.97, 151.175, 150.107, 89.22, 89.13, 0.1
2007/09/26 17:11:22, 74.863, 223.52, 77.25, 113.81, 150.87, 149.954, 89.35, 88.88, 0.1
2007/09/26 17:13:22, 75.015, 226.877, 76.96, 113.70, 150.717, 150.412, 89.10, 88.54, 0.1
2007/09/26 17:15:22, 75.321, 223.977, 76.77, 113.65, 150.87, 149.344, 89.04, 88.41, 0.2
2007/09/26 17:17:22, 75.473, 224.893, 76.48, 113.32, 151.175, 148.581, 88.92, 87.96, 0.1
2007/09/26 17:19:22, 74.71, 225.351, 76.48, 113.11, 149.954, 148.275, 88.88, 88.54, 0.1
2007/09/26 17:21:22, 74.557, 220.314, 76.53, 112.95, 149.191, 147.512, 88.79, 89.04, 0.1
2007/09/26 17:23:22, 74.557, 223.062, 76.64, 113.16, 151.175, 150.87, 88.79, 89.31, 0.1
2007/09/26 17:25:22, 75.015, 223.977, 76.77, 113.59, 150.717, 148.733, 89.31, 89.56, 0.2
2007/09/26 17:27:22, 74.863, 221.688, 76.89, 113.65, 150.87, 149.191, 89.22, 90.27, 0.1
2007/09/26 17:29:22, 75.321, 225.046, 77.00, 114.06, 150.87, 150.107, 89.22, 90.09, 0.1
2007/09/26 17:31:22, 75.321, 225.351, 77.38, 114.17, 150.87, 149.802, 89.69, 90.61, 0.1
2007/09/26 17:33:22, 75.626, 223.214, 77.54, 114.60, 152.091, 151.175, 89.96, 90.79, 0.1
2007/09/26 17:35:22, 75.473, 224.283, 77.72, 114.49, 151.023, 150.87, 89.91, 90.97, 0.2
2007/09/26 17:37:22, 75.473, 226.877, 77.92, 114.60, 153.465, 151.48, 90.09, 91.06, 0.1
2007/09/26 17:39:22, 75.168, 220.62, 78.08, 114.71, 151.786, 150.87, 90.18, 91.22, 0.1
2007/09/26 17:41:22, 75.473, 228.709, 78.21, 114.93, 154.533, 153.159, 90.14, 91.09, 0.1
2007/09/26 17:43:22, 76.389, 229.472, 78.21, 115.14, 153.465, 152.091, 90.48, 91.00, 0.1
2007/09/26 17:45:22, 75.931, 220.772, 78.28, 114.93, 152.091, 150.87, 90.00, 90.84, 0.1
2007/09/26 17:47:22, 76.236, 226.725, 78.17, 114.98, 153.007, 152.091, 90.05, 90.27, 0.2
2007/09/26 17:49:22, 75.778, 222.146, 77.92, 114.60, 151.48, 150.717, 89.91, 89.87, 0.1
2007/09/26 17:51:22, 75.626, 221.078, 77.79, 114.66, 151.633, 150.565, 90.00, 90.09, 0.1
2007/09/26 17:53:22, 75.015, 219.857, 77.72, 114.39, 151.023, 150.412, 89.78, 90.75, 0.1
2007/09/26 17:55:22, 74.863, 222.451, 77.59, 114.28, 151.48, 150.565, 89.56, 90.75, 0.1
2007/09/26 17:57:22, 75.473, 226.419, 77.41, 114.55, 152.396, 151.328, 90.00, 90.57, 0.2
2007/09/26 17:59:22, 76.236, 231.914, 77.22, 114.55, 153.007, 153.465, 89.87, 90.48, 0.1
2007/09/26 18:01:22, 76.542, 229.93, 77.05, 114.55, 152.854, 151.786, 90.48, 90.70, 0.1
2007/09/26 18:03:22, 75.931, 222.756, 77.09, 114.49, 151.175, 150.412, 90.61, 90.88, 0.1
2007/09/26 18:05:22, 75.473, 226.725, 77.13, 114.44, 151.633, 150.565, 90.54, 91.06, 0.1
2007/09/26 18:07:22, 76.389, 225.656, 77.18, 114.39, 151.786, 150.717, 90.05, 90.88, 0.2
2007/09/26 18:09:22, 75.931, 227.335, 77.38, 114.44, 152.701, 151.175, 90.54, 91.22, 0.1
2007/09/26 18:11:22, 76.389, 226.572, 77.38, 114.55, 152.244, 150.412, 90.18, 91.18, 0.1
2007/09/26 18:13:22, 76.236, 227.793, 77.50, 114.71, 151.175, 150.259, 90.05, 91.13, 0.1
2007/09/26 18:15:22, 76.236, 229.319, 77.59, 114.49, 151.938, 150.717, 90.05, 90.97, 0.1
2007/09/26 18:17:22, 76.236, 228.556, 77.63, 114.55, 153.159, 151.938, 90.39, 91.18, 0.2
2007/09/26 18:19:22, 76.236, 221.078, 77.72, 114.55, 150.565, 149.649, 90.14, 91.18, 0.1
2007/09/26 18:21:22, 75.626, 226.114, 77.95, 114.55, 152.091, 151.328, 89.87, 90.91, 0.1
2007/09/26 18:23:22, 76.084, 226.725, 77.72, 114.82, 152.244, 151.633, 90.14, 90.48, 0.1
2007/09/26 18:25:22, 75.473, 223.977, 77.54, 114.33, 149.802, 149.191, 90.09, 90.61, 0.1
2007/09/26 18:27:22, 74.71, 219.246, 77.47, 114.12, 149.954, 149.038, 89.38, 90.36, 0.1
2007/09/26 18:29:22, 86.004, 188.568, 79.23, 111.99, 150.412, 149.802, 89.60, 90.18, 0.1
2007/09/26 18:31:22, 117.75, 183.684, 86.52, 103.84, 150.259, 149.191, 90.18, 91.06, 0.0
2007/09/26 18:33:22, 120.498, 178.648, 91.09, 100.29, 150.107, 149.191, 90.70, 92.12, 0.0
2007/09/26 18:35:22, 122.176, 176.206, 93.79, 98.80, 150.259, 149.496, 90.91, 92.95, 0.0
2007/09/26 18:37:22, 123.55, 174.222, 95.45, 97.88, 150.412, 149.191, 90.97, 93.34, 0.0
2007/09/26 18:39:22, 124.771, 172.237, 96.55, 97.43, 150.412, 149.344, 91.40, 93.88, 0.0
2007/09/26 18:41:22, 125.839, 171.474, 97.32, 96.96, 150.87, 149.954, 91.40, 94.06, 0.0
2007/09/26 18:43:22, 126.908, 170.253, 97.84, 96.55, 151.175, 150.259, 91.76, 94.24, 0.0
2007/09/26 18:45:22, 127.824, 169.643, 98.29, 96.64, 151.328, 150.565, 91.89, 94.73, 0.0
2007/09/26 18:47:22, 128.892, 168.422, 98.47, 96.55, 151.633, 150.565, 91.85, 94.60, 0.0
2007/09/26 18:49:22, 129.808, 167.964, 98.62, 96.31, 151.938, 151.023, 92.25, 94.60, 0.0
2007/09/26 18:51:22, 130.723, 166.59, 98.76, 96.19, 152.244, 150.565, 92.07, 94.60, 0.0
2007/09/26 18:53:22, 131.639, 165.675, 98.80, 96.01, 152.091, 151.023, 92.25, 94.77, 0.0
2007/09/26 18:55:22, 132.402, 164.759, 98.76, 95.77, 152.549, 151.328, 92.28, 94.60, 0.0
2007/09/26 18:57:22, 133.165, 163.538, 98.76, 95.59, 151.938, 151.023, 92.43, 94.64, 0.0
2007/09/26 18:59:22, 133.929, 162.317, 98.67, 95.36, 151.938, 150.87, 92.25, 94.64, 0.0
2007/09/26 19:01:22, 134.539, 160.791, 98.62, 94.95, 152.244, 150.717, 92.12, 94.60, 0.0
2007/09/26 19:03:22, 135.302, 160.485, 98.56, 95.04, 151.938, 150.87, 92.12, 94.55, 0.0
2007/09/26 19:05:22, 135.76, 159.875, 98.47, 94.91, 152.549, 151.023, 92.25, 94.42, 0.0
2007/09/26 19:07:22, 136.371, 159.264, 98.53, 94.98, 151.938, 151.023, 92.25, 94.60, 0.0
2007/09/26 19:09:22, 136.828, 158.654, 98.47, 94.60, 151.938, 150.565, 92.16, 94.46, 0.0
2007/09/26 19:11:22, 137.286, 157.28, 98.47, 94.37, 151.48, 149.802, 91.94, 94.24, 0.0
2007/09/26 19:13:22, 137.744, 157.128, 98.44, 94.10, 152.244, 149.954, 91.67, 93.97, 0.0
2007/09/26 19:15:22, 138.049, 156.517, 98.38, 94.03, 151.633, 150.107, 91.62, 94.03, 0.0
2007/09/26 19:17:22, 138.507, 156.059, 98.35, 93.88, 151.48, 149.802, 91.58, 93.85, 0.0
2007/09/26 19:19:22, 138.965, 155.296, 98.29, 93.70, 151.48, 150.107, 91.58, 94.06, 0.0
2007/09/26 19:21:22, 139.118, 154.991, 98.20, 93.61, 151.328, 149.802, 91.49, 93.79, 0.0
2007/09/26 19:23:22, 139.576, 154.991, 98.17, 93.58, 151.023, 150.107, 91.62, 93.88, 0.0
2007/09/26 19:25:22, 139.728, 154.38, 98.02, 93.40, 151.633, 149.802, 91.58, 93.79, 0.0
2007/09/26 19:27:22, 140.034, 154.075, 97.97, 93.16, 151.023, 149.954, 91.49, 93.97, 0.0
2007/09/26 19:29:22, 140.186, 153.617, 97.93, 93.13, 150.87, 149.954, 91.40, 93.88, 0.0
2007/09/26 19:31:22, 140.491, 152.701, 97.84, 93.00, 150.412, 149.802, 91.22, 93.70, 0.0
2007/09/26 19:33:22, 140.797, 152.091, 97.70, 92.82, 150.412, 149.191, 91.13, 93.25, 0.0
2007/09/26 19:35:22, 140.949, 151.633, 97.56, 92.64, 150.565, 149.344, 91.09, 93.07, 0.0
2007/09/26 19:37:22, 141.102, 151.48, 97.52, 92.61, 150.259, 149.344, 91.13, 93.00, 0.0
2007/09/26 19:39:22, 141.255, 150.87, 97.43, 92.43, 149.954, 149.191, 90.88, 93.00, 0.0
2007/09/26 19:41:22, 141.56, 150.259, 97.20, 92.07, 149.802, 148.886, 90.88, 92.77, 0.0
2007/09/26 19:43:22, 141.865, 149.344, 97.11, 91.76, 149.649, 148.581, 90.88, 92.82, 0.0
2007/09/26 19:45:22, 142.323, 147.665, 97.05, 91.22, 149.038, 147.817, 90.54, 92.55, 0.0
2007/09/26 19:47:22, 143.544, 146.139, 97.14, 90.36, 149.649, 147.665, 90.66, 92.77, 0.0
2007/09/26 19:49:22, 145.07, 145.223, 97.23, 83.01, 148.886, 147.665, 90.45, 92.55, 0.0
2007/09/26 19:51:22, 145.528, 145.375, 97.14, 83.52, 148.275, 147.36, 90.18, 91.94, 0.0
2007/09/26 19:53:22, 145.681, 145.223, 96.87, 85.33, 148.733, 147.054, 90.05, 91.89, 0.0
2007/09/26 19:55:22, 145.681, 145.07, 96.55, 86.61, 147.97, 146.902, 90.18, 92.03, 0.0
2007/09/26 19:57:22, 145.681, 144.765, 96.31, 87.80, 147.817, 146.902, 89.91, 91.71, 0.0
2007/09/26 19:59:22, 145.375, 144.612, 96.04, 89.22, 147.97, 146.902, 89.91, 91.85, 0.0
2007/09/26 20:01:22, 145.223, 144.154, 95.86, 89.44, 147.36, 146.291, 89.82, 91.76, 0.0
2007/09/26 20:03:22, 144.918, 144.154, 95.59, 89.51, 147.207, 146.139, 89.82, 91.76, 0.0
2007/09/26 20:05:22, 144.612, 144.002, 95.31, 89.78, 147.207, 146.139, 89.47, 91.09, 0.0
2007/09/26 20:07:22, 144.307, 143.849, 95.04, 89.78, 146.596, 145.833, 89.64, 91.22, 0.0
2007/09/26 20:09:22, 144.154, 143.544, 94.82, 89.87, 145.986, 145.528, 89.38, 90.91, 0.0
2007/09/26 20:11:22, 143.849, 143.086, 94.68, 89.91, 146.139, 145.07, 89.31, 91.00, 0.0
2007/09/26 20:13:22, 143.697, 143.239, 94.46, 89.78, 145.681, 144.765, 89.38, 91.09, 0.0
2007/09/26 20:15:22, 143.391, 142.781, 94.19, 89.64, 146.291, 144.765, 89.35, 90.84, 0.0
2007/09/26 20:17:22, 143.086, 142.476, 94.06, 89.64, 145.833, 144.307, 89.01, 90.57, 0.0
2007/09/26 20:19:22, 142.933, 142.018, 93.85, 89.73, 145.681, 144.307, 89.31, 90.57, 0.0
2007/09/26 20:21:22, 142.628, 142.17, 93.61, 89.51, 145.681, 144.002, 89.10, 90.30, 0.0
2007/09/26 20:23:22, 142.628, 141.865, 93.43, 89.44, 145.07, 143.697, 89.04, 90.14, 0.0
2007/09/26 20:25:22, 142.476, 141.712, 93.34, 89.26, 145.223, 143.849, 89.04, 90.39, 0.0
2007/09/26 20:27:22, 142.323, 141.56, 93.22, 89.04, 145.07, 143.544, 88.79, 90.14, 0.0
2007/09/26 20:29:22, 142.018, 141.407, 93.00, 89.01, 145.07, 143.239, 88.79, 89.73, 0.0
2007/09/26 20:31:22, 141.712, 141.102, 92.86, 89.01, 145.07, 143.239, 88.92, 90.14, 0.0
2007/09/26 20:33:22, 141.56, 141.102, 92.64, 88.66, 144.002, 142.628, 88.79, 89.73, 0.0
2007/09/26 20:35:22, 141.407, 140.797, 92.55, 88.66, 144.154, 143.086, 88.88, 89.73, 0.0
2007/09/26 20:37:22, 141.407, 140.949, 92.52, 88.41, 143.697, 142.933, 88.66, 89.64, 0.0
2007/09/26 20:39:22, 141.255, 140.644, 92.43, 88.05, 143.697, 142.476, 88.66, 89.60, 0.0
2007/09/26 20:41:22, 141.102, 140.339, 92.28, 88.11, 143.697, 142.323, 88.54, 89.56, 0.0
2007/09/26 20:43:22, 140.949, 140.186, 92.03, 88.11, 143.544, 142.323, 88.48, 88.97, 0.0
2007/09/26 20:45:22, 140.644, 140.186, 91.94, 88.05, 143.391, 142.018, 88.63, 89.35, 0.0
2007/09/26 20:47:22, 140.491, 139.881, 91.76, 88.02, 143.086, 142.17, 88.54, 89.22, 0.0
2007/09/26 20:49:22, 140.186, 139.576, 91.71, 88.05, 142.933, 142.018, 88.32, 89.04, 0.0
2007/09/26 20:51:22, 140.034, 139.423, 91.44, 87.84, 143.086, 141.407, 88.27, 88.88, 0.0
2007/09/26 20:53:22, 139.881, 139.423, 91.40, 87.80, 142.933, 141.407, 88.14, 89.04, 0.0
2007/09/26 20:55:22, 139.881, 139.576, 91.22, 87.42, 142.628, 141.102, 88.20, 88.63, 0.0
2007/09/26 20:57:22, 139.881, 139.27, 91.13, 87.33, 142.476, 141.102, 88.32, 88.63, 0.0
2007/09/26 20:59:22, 139.728, 139.27, 91.06, 87.24, 142.323, 141.255, 88.27, 88.54, 0.0
2007/09/26 21:01:22, 139.728, 138.66, 90.91, 87.21, 142.17, 140.797, 88.14, 88.45, 0.0
2007/09/26 21:03:22, 139.423, 138.66, 90.79, 87.24, 142.323, 141.102, 88.05, 88.45, 0.0
2007/09/26 21:05:22, 139.27, 138.66, 90.70, 87.15, 141.865, 140.644, 87.80, 88.36, 0.0
2007/09/26 21:07:22, 138.813, 138.507, 90.48, 87.08, 141.865, 140.339, 88.02, 88.14, 0.0
2007/09/26 21:09:22, 138.813, 138.202, 90.39, 87.03, 142.018, 140.034, 87.71, 87.84, 0.0
2007/09/26 21:11:22, 138.507, 137.897, 90.27, 86.86, 141.56, 139.881, 87.62, 87.96, 0.0
2007/09/26 21:13:22, 138.507, 137.744, 90.09, 86.68, 141.865, 140.339, 87.71, 87.80, 0.0
2007/09/26 21:15:22, 138.355, 137.744, 90.09, 86.56, 140.949, 139.728, 87.80, 87.89, 0.0
2007/09/26 21:17:22, 138.202, 137.592, 89.96, 86.47, 141.102, 139.728, 87.46, 87.55, 0.0
2007/09/26 21:19:22, 137.897, 137.439, 89.87, 86.43, 141.255, 139.728, 87.42, 87.58, 0.0
2007/09/26 21:21:22, 137.744, 137.286, 89.78, 86.40, 140.644, 139.27, 87.67, 87.62, 0.0
2007/09/26 21:23:22, 137.592, 136.981, 89.60, 86.31, 140.644, 139.423, 87.55, 87.62, 0.0
2007/09/26 21:25:22, 137.286, 136.828, 89.44, 86.22, 140.949, 139.118, 87.24, 87.21, 0.0
2007/09/26 21:27:22, 137.134, 136.676, 89.38, 86.13, 140.034, 138.813, 87.42, 87.58, 0.0
2007/09/26 21:29:22, 136.981, 136.218, 89.19, 86.18, 140.034, 138.813, 87.08, 87.24, 0.0
2007/09/26 21:31:22, 136.523, 136.218, 89.04, 86.13, 140.034, 138.66, 87.21, 87.42, 0.0
2007/09/26 21:33:22, 136.371, 135.76, 89.04, 86.04, 139.728, 138.507, 87.08, 87.42, 0.0
2007/09/26 21:35:22, 136.218, 135.607, 88.84, 85.66, 139.423, 138.507, 87.08, 87.30, 0.0
2007/09/26 21:37:22, 136.065, 135.302, 88.84, 85.59, 139.118, 138.202, 86.90, 87.49, 0.0
2007/09/26 21:39:22, 135.76, 135.302, 88.63, 85.41, 138.813, 138.049, 86.83, 86.90, 0.0
2007/09/26 21:41:22, 135.607, 134.997, 88.57, 85.41, 138.66, 138.202, 86.61, 86.90, 0.0
2007/09/26 21:43:22, 135.302, 134.844, 88.54, 85.37, 138.813, 137.744, 86.74, 86.99, 0.0
2007/09/26 21:45:22, 135.15, 134.539, 88.23, 85.24, 138.66, 137.439, 86.74, 86.74, 0.0
2007/09/26 21:47:22, 134.844, 134.234, 88.20, 85.12, 138.202, 137.134, 86.56, 86.61, 0.0
2007/09/26 21:49:22, 134.692, 134.081, 88.11, 85.15, 137.744, 136.676, 86.43, 86.40, 0.0
2007/09/26 21:51:22, 134.386, 133.776, 87.96, 84.90, 138.202, 136.523, 86.56, 86.47, 0.0
2007/09/26 21:53:22, 134.081, 133.471, 87.84, 84.74, 137.744, 136.523, 86.47, 86.31, 0.0
2007/09/26 21:55:22, 133.929, 133.165, 87.75, 84.61, 137.439, 136.065, 86.43, 86.34, 0.0
2007/09/26 21:57:22, 133.776, 132.86, 87.71, 84.34, 137.286, 136.218, 86.31, 86.13, 0.0
2007/09/26 21:59:22, 133.471, 132.86, 87.67, 84.43, 136.676, 135.76, 86.13, 86.40, 0.0
2007/09/26 22:01:22, 133.318, 132.708, 87.55, 84.18, 136.523, 136.065, 86.31, 86.43, 0.0
2007/09/26 22:03:22, 133.013, 132.402, 87.42, 83.97, 136.828, 135.607, 86.09, 86.09, 0.0
2007/09/26 22:05:22, 132.708, 132.097, 87.33, 83.89, 136.676, 135.455, 86.22, 86.13, 0.0
2007/09/26 22:07:22, 132.555, 131.944, 87.24, 83.93, 136.676, 135.15, 86.13, 86.31, 0.0
2007/09/26 22:09:22, 132.25, 131.487, 87.12, 83.86, 136.371, 135.15, 85.78, 86.00, 0.0
2007/09/26 22:11:22, 131.944, 131.334, 87.03, 83.68, 136.065, 135.15, 86.04, 86.22, 0.0
2007/09/26 22:13:22, 131.639, 131.181, 86.90, 83.52, 135.913, 134.692, 85.91, 85.96, 0.0
2007/09/26 22:15:22, 131.487, 130.876, 86.90, 83.43, 136.065, 134.997, 85.71, 85.91, 0.0
2007/09/26 22:17:22, 131.334, 130.876, 86.83, 83.14, 135.76, 134.692, 85.75, 85.84, 0.0
2007/09/26 22:19:22, 131.181, 130.571, 86.74, 82.98, 135.76, 134.692, 85.53, 85.66, 0.0
2007/09/26 22:21:22, 131.029, 130.266, 86.56, 82.85, 135.15, 134.234, 85.71, 85.33, 0.0
2007/09/26 22:23:22, 130.723, 130.266, 86.52, 82.98, 135.302, 134.234, 85.37, 85.15, 0.0
2007/09/26 22:25:22, 130.571, 129.96, 86.43, 82.98, 135.15, 134.081, 85.66, 85.41, 0.0
2007/09/26 22:27:22, 130.266, 129.655, 86.22, 82.80, 134.997, 133.623, 85.53, 85.12, 0.0
2007/09/26 22:29:22, 130.113, 129.502, 86.13, 82.80, 134.539, 133.776, 85.53, 85.12, 0.0
2007/09/26 22:31:22, 129.808, 129.197, 86.09, 82.92, 134.692, 133.471, 85.41, 85.28, 0.0
2007/09/26 22:33:22, 129.502, 128.892, 85.91, 82.92, 134.386, 133.165, 85.41, 85.21, 0.0
2007/09/26 22:35:22, 129.197, 128.739, 85.84, 82.89, 133.929, 133.471, 85.08, 85.15, 0.0
2007/09/26 22:37:22, 128.892, 128.434, 85.75, 82.76, 133.776, 132.708, 85.12, 85.15, 0.0
2007/09/26 22:39:22, 128.587, 128.129, 85.62, 82.67, 133.929, 132.708, 84.99, 85.15, 0.0
2007/09/26 22:41:22, 128.434, 127.671, 85.46, 82.51, 133.318, 132.402, 84.78, 84.74, 0.0
2007/09/26 22:43:22, 127.976, 127.213, 85.37, 82.35, 133.471, 132.25, 85.03, 84.87, 0.0
2007/09/26 22:45:22, 127.824, 127.366, 85.15, 82.22, 132.555, 131.944, 84.83, 84.34, 0.0
2007/09/26 22:47:22, 127.518, 127.06, 85.21, 82.22, 132.708, 131.639, 84.74, 84.69, 0.0
2007/09/26 22:49:22, 127.366, 126.603, 85.12, 82.09, 132.708, 131.639, 84.65, 84.69, 0.0
2007/09/26 22:51:22, 127.06, 126.603, 84.87, 81.93, 132.555, 131.487, 84.74, 84.43, 0.0
2007/09/26 22:53:22, 126.908, 126.297, 84.83, 81.84, 132.402, 131.029, 84.69, 84.43, 0.0
2007/09/26 22:55:22, 126.603, 126.297, 84.65, 81.72, 131.944, 131.029, 84.49, 83.97, 0.0
2007/09/26 22:57:22, 126.603, 126.297, 84.65, 81.68, 131.944, 130.723, 84.22, 83.93, 0.0
2007/09/26 22:59:22, 126.45, 125.992, 84.52, 81.55, 131.639, 130.418, 84.18, 84.02, 0.0
2007/09/26 23:01:22, 126.145, 125.839, 84.40, 81.46, 131.944, 130.571, 84.18, 83.97, 0.0
2007/09/26 23:03:22, 125.992, 125.382, 84.31, 81.34, 131.029, 130.266, 84.06, 83.86, 0.0
2007/09/26 23:05:22, 125.839, 125.534, 84.18, 81.21, 130.876, 130.113, 84.02, 83.89, 0.0
2007/09/26 23:07:22, 125.839, 125.229, 84.18, 80.89, 130.876, 130.113, 83.89, 83.97, 0.0
2007/09/26 23:09:22, 125.382, 124.771, 84.18, 80.67, 130.571, 129.96, 84.02, 84.15, 0.0
2007/09/26 23:11:22, 125.229, 124.771, 84.02, 76.89, 130.266, 129.655, 83.97, 83.86, 0.0
2007/09/26 23:13:22, 125.229, 124.924, 83.97, 73.15, 130.266, 129.35, 83.64, 83.64, 0.0
2007/09/26 23:15:22, 125.076, 124.618, 83.89, 72.23, 129.96, 129.35, 83.73, 83.55, 0.0
2007/09/26 23:17:22, 124.924, 124.466, 83.77, 72.07, 130.113, 129.045, 83.73, 83.64, 0.0
2007/09/26 23:19:22, 124.924, 124.161, 83.68, 73.22, 129.96, 128.739, 83.68, 83.52, 0.0
2007/09/26 23:21:22, 124.771, 124.161, 83.52, 76.03, 129.808, 128.587, 83.43, 83.17, 0.0
2007/09/26 23:23:22, 124.618, 123.855, 83.48, 78.04, 130.266, 128.739, 83.39, 83.39, 0.0
2007/09/26 23:25:22, 124.313, 123.855, 83.26, 78.94, 129.808, 128.587, 83.26, 83.26, 0.0
2007/09/26 23:27:22, 124.313, 123.703, 83.17, 79.11, 129.502, 127.976, 83.26, 83.52, 0.0
2007/09/26 23:29:22, 124.161, 123.703, 83.05, 79.30, 129.35, 127.824, 83.05, 83.35, 0.0
2007/09/26 23:31:22, 124.008, 123.397, 82.92, 79.36, 129.045, 127.518, 83.23, 83.35, 0.0
2007/09/26 23:33:22, 123.855, 123.397, 82.80, 79.52, 128.739, 127.824, 82.89, 83.14, 0.0
2007/09/26 23:35:22, 123.55, 123.245, 82.60, 79.52, 128.587, 127.518, 83.05, 83.23, 0.0
2007/09/26 23:37:22, 123.397, 122.94, 82.42, 79.52, 127.824, 127.366, 82.80, 82.80, 0.0
2007/09/26 23:39:22, 123.092, 122.634, 82.42, 79.61, 127.976, 127.213, 82.80, 83.17, 0.0
2007/09/26 23:41:22, 122.94, 122.482, 82.26, 79.52, 127.671, 126.908, 82.45, 82.72, 0.0
2007/09/26 23:43:22, 122.787, 122.329, 82.09, 79.36, 127.213, 126.603, 82.67, 82.67, 0.0
2007/09/26 23:45:22, 122.482, 122.024, 82.06, 79.43, 127.06, 126.45, 82.38, 82.54, 0.0
2007/09/26 23:47:22, 122.329, 122.024, 81.84, 79.27, 126.755, 126.145, 82.45, 82.26, 0.0
2007/09/26 23:49:22, 122.176, 121.719, 81.84, 79.27, 126.908, 126.145, 82.51, 82.42, 0.0
2007/09/26 23:51:22, 122.024, 121.566, 81.68, 79.14, 126.755, 125.839, 82.17, 82.26, 0.0
2007/09/26 23:53:22, 121.719, 121.413, 81.64, 79.07, 126.45, 125.687, 82.00, 82.06, 0.0
2007/09/26 23:55:22, 121.566, 120.955, 81.46, 79.02, 126.297, 125.229, 82.22, 82.06, 0.0
2007/09/26 23:57:22, 121.413, 120.955, 81.43, 79.02, 125.992, 125.076, 81.97, 82.06, 0.0
2007/09/26 23:59:22, 121.261, 120.955, 81.34, 78.89, 125.687, 124.771, 81.88, 82.00, 0.0
2007/09/27 0:01:22, 121.261, 120.65, 81.18, 78.76, 125.839, 124.466, 81.84, 81.75, 0.0
2007/09/27 0:03:22, 121.108, 120.345, 81.18, 78.85, 125.992, 124.313, 81.75, 81.88, 0.0
2007/09/27 0:05:22, 120.955, 120.192, 80.96, 78.73, 125.382, 124.008, 81.68, 81.59, 0.0
2007/09/27 0:07:22, 120.803, 120.192, 80.96, 78.73, 125.687, 124.008, 81.59, 81.81, 0.0
2007/09/27 0:09:22, 120.498, 119.887, 80.80, 78.60, 124.924, 123.855, 81.46, 81.55, 0.0
2007/09/27 0:11:22, 120.345, 119.582, 80.67, 78.53, 124.771, 123.55, 81.68, 81.68, 0.0
2007/09/27 0:13:22, 120.192, 119.734, 80.67, 78.49, 124.771, 123.55, 81.46, 81.75, 0.0
2007/09/27 0:15:22, 119.887, 119.429, 80.51, 78.37, 124.313, 123.55, 81.34, 81.21, 0.0
2007/09/27 0:17:22, 119.887, 119.124, 80.46, 78.28, 124.466, 123.397, 81.18, 81.21, 0.0
2007/09/27 0:19:22, 119.734, 118.971, 80.29, 78.24, 124.161, 123.245, 81.18, 81.01, 0.0
2007/09/27 0:21:22, 119.429, 118.971, 80.19, 78.08, 124.161, 122.94, 81.14, 81.27, 0.0
2007/09/27 0:23:22, 119.277, 118.666, 80.13, 77.79, 124.313, 122.94, 81.01, 81.39, 0.0
2007/09/27 0:25:22, 119.124, 118.819, 80.13, 77.54, 123.703, 122.787, 81.18, 81.93, 0.0
2007/09/27 0:27:22, 119.124, 118.513, 80.10, 77.31, 124.161, 122.482, 81.09, 81.88, 0.0
2007/09/27 0:29:22, 118.971, 118.361, 80.01, 77.22, 123.55, 122.176, 80.92, 81.88, 0.0
2007/09/27 0:31:22, 118.971, 118.513, 79.90, 77.13, 123.092, 122.176, 80.89, 81.46, 0.0
2007/09/27 0:33:22, 118.971, 118.666, 79.97, 77.83, 123.245, 122.176, 80.74, 81.43, 0.0
2007/09/27 0:35:22, 118.819, 118.361, 79.90, 78.28, 122.94, 122.329, 81.01, 80.96, 0.0
2007/09/27 0:37:22, 118.819, 118.208, 79.84, 78.76, 123.092, 122.024, 81.01, 80.67, 0.0
2007/09/27 0:39:22, 118.666, 118.208, 79.72, 78.69, 123.245, 121.871, 80.71, 80.06, 0.0
2007/09/27 0:41:22, 118.513, 118.056, 79.68, 78.85, 122.94, 121.719, 80.89, 80.13, 0.0
2007/09/27 0:43:22, 118.513, 117.903, 79.65, 78.82, 122.787, 121.871, 80.71, 80.01, 0.0
2007/09/27 0:45:22, 118.361, 117.903, 79.52, 78.85, 122.482, 121.719, 80.42, 79.52, 0.0
2007/09/27 0:47:22, 118.361, 117.75, 79.48, 78.73, 122.787, 121.261, 80.58, 79.81, 0.0
2007/09/27 0:49:22, 118.361, 117.75, 79.52, 78.85, 123.092, 121.413, 80.35, 79.72, 0.0
2007/09/27 0:51:22, 118.208, 117.903, 79.43, 78.69, 122.634, 121.261, 80.35, 79.81, 0.0
2007/09/27 0:53:22, 118.056, 117.445, 79.30, 78.85, 122.634, 120.955, 80.01, 79.43, 0.0
2007/09/27 0:55:22, 117.903, 117.292, 79.30, 79.07, 121.719, 121.108, 80.19, 79.68, 0.0
2007/09/27 0:57:22, 117.75, 117.292, 79.02, 78.82, 121.719, 120.955, 79.93, 79.02, 0.0
2007/09/27 0:59:22, 117.598, 116.987, 78.94, 78.57, 121.566, 120.803, 79.77, 78.94, 0.0
2007/09/27 1:01:22, 117.598, 116.987, 78.94, 78.66, 121.413, 120.803, 79.72, 78.98, 0.0
2007/09/27 1:03:22, 117.445, 116.835, 78.73, 78.40, 121.261, 120.803, 79.84, 78.53, 0.0
2007/09/27 1:05:22, 117.445, 116.682, 78.69, 78.44, 121.261, 120.65, 79.65, 78.33, 0.0
2007/09/27 1:07:22, 117.445, 116.682, 78.69, 78.33, 121.413, 120.955, 79.56, 78.12, 0.0
2007/09/27 1:09:22, 117.445, 116.682, 78.73, 78.66, 121.261, 120.345, 79.52, 78.49, 0.0
2007/09/27 1:11:22, 117.292, 116.682, 78.66, 78.49, 121.566, 120.498, 79.36, 78.17, 0.0
2007/09/27 1:13:22, 117.292, 116.682, 78.57, 78.21, 121.108, 120.04, 79.52, 78.21, 0.0
2007/09/27 1:15:22, 117.292, 116.682, 78.49, 78.24, 120.803, 120.498, 79.14, 77.63, 0.0
2007/09/27 1:17:22, 117.292, 116.835, 78.44, 78.24, 121.566, 120.192, 79.11, 77.50, 0.0
2007/09/27 1:19:22, 117.14, 116.835, 78.37, 78.28, 121.413, 120.345, 79.07, 77.47, 0.0
2007/09/27 1:21:22, 117.14, 116.682, 78.24, 78.08, 121.566, 120.803, 79.18, 77.59, 0.0
2007/09/27 1:23:22, 117.14, 116.377, 78.24, 78.04, 120.955, 120.803, 78.89, 77.54, 0.0
2007/09/27 1:25:22, 116.987, 116.529, 78.08, 78.08, 121.413, 120.498, 79.02, 77.67, 0.0
2007/09/27 1:27:22, 116.835, 116.377, 78.04, 77.63, 120.955, 120.192, 78.73, 77.92, 0.0
2007/09/27 1:29:22, 116.835, 115.919, 77.88, 77.13, 120.955, 120.498, 78.49, 78.04, 0.0
2007/09/27 1:31:22, 116.682, 116.224, 77.72, 76.60, 120.498, 120.192, 78.57, 78.28, 0.0
2007/09/27 1:33:22, 116.529, 115.766, 77.76, 76.48, 120.498, 120.04, 78.37, 78.76, 0.0
2007/09/27 1:35:22, 116.377, 115.919, 77.54, 76.24, 120.803, 120.345, 78.17, 78.49, 0.0
2007/09/27 1:37:22, 116.224, 115.766, 77.50, 76.41, 120.65, 120.192, 78.37, 78.82, 0.0
2007/09/27 1:39:22, 116.071, 115.614, 77.50, 76.77, 120.803, 120.192, 78.37, 78.33, 0.0
2007/09/27 1:41:22, 116.377, 115.766, 77.38, 77.13, 121.261, 120.192, 78.28, 77.63, 0.0
2007/09/27 1:43:22, 116.224, 115.461, 77.38, 77.25, 120.803, 120.04, 78.08, 77.54, 0.0
2007/09/27 1:45:22, 116.071, 115.461, 77.25, 77.31, 120.498, 119.734, 78.12, 77.59, 0.0
2007/09/27 1:47:22, 116.071, 115.766, 77.31, 77.25, 120.65, 119.582, 78.12, 77.92, 0.0
2007/09/27 1:49:22, 116.071, 115.614, 77.22, 77.09, 120.345, 119.277, 78.21, 77.88, 0.0
2007/09/27 1:51:22, 115.919, 115.614, 77.22, 77.34, 120.192, 119.582, 77.95, 77.83, 0.0
2007/09/27 1:53:22, 115.766, 115.461, 77.09, 77.38, 119.887, 119.124, 77.72, 77.59, 0.0
2007/09/27 1:55:22, 115.766, 115.156, 76.96, 77.54, 119.429, 119.124, 77.59, 77.25, 0.0
2007/09/27 1:57:22, 115.614, 115.308, 76.93, 77.47, 119.429, 118.971, 77.79, 77.47, 0.0
2007/09/27 1:59:22, 115.461, 115.003, 76.73, 77.38, 119.429, 118.819, 77.59, 76.93, 0.0
2007/09/27 2:01:22, 115.461, 115.003, 76.73, 77.34, 119.124, 118.361, 77.38, 77.09, 0.0
2007/09/27 2:03:22, 115.156, 114.698, 76.64, 77.05, 118.971, 118.361, 77.31, 77.25, 0.0
2007/09/27 2:05:22, 115.156, 114.698, 76.57, 77.05, 118.666, 118.056, 77.25, 77.18, 0.0
2007/09/27 2:07:22, 115.003, 114.85, 76.44, 77.00, 118.819, 118.208, 77.50, 76.77, 0.0
2007/09/27 2:09:22, 115.003, 114.393, 76.48, 76.96, 118.513, 117.903, 77.47, 76.77, 0.0
2007/09/27 2:11:22, 115.003, 114.393, 76.41, 76.89, 118.666, 118.056, 77.05, 76.44, 0.0
2007/09/27 2:13:22, 115.003, 114.698, 76.32, 76.84, 118.666, 118.056, 76.96, 76.21, 0.0
2007/09/27 2:15:22, 115.003, 114.545, 76.24, 76.44, 119.429, 118.208, 77.31, 76.32, 0.0
2007/09/27 2:17:22, 115.003, 114.698, 76.24, 76.12, 118.971, 118.208, 77.22, 76.37, 0.0
2007/09/27 2:19:22, 115.003, 114.545, 76.24, 76.15, 120.04, 118.056, 76.89, 76.53, 0.0
2007/09/27 2:21:22, 115.003, 114.24, 76.15, 76.41, 119.582, 118.056, 77.05, 76.53, 0.0
2007/09/27 2:23:22, 115.003, 114.393, 76.12, 76.32, 119.582, 118.056, 76.73, 76.12, 0.0
2007/09/27 2:25:22, 114.85, 114.087, 75.99, 76.15, 119.582, 118.056, 76.93, 76.41, 0.0
2007/09/27 2:27:22, 114.85, 114.393, 75.92, 76.21, 119.277, 117.75, 76.57, 76.28, 0.0
2007/09/27 2:29:22, 115.156, 114.85, 75.87, 75.70, 119.277, 117.445, 76.48, 76.41, 0.0
2007/09/27 2:31:22, 115.461, 115.003, 75.99, 75.25, 119.124, 117.75, 76.37, 76.69, 0.0
2007/09/27 2:33:22, 115.614, 115.003, 75.99, 75.45, 119.124, 117.598, 76.28, 76.41, 0.0
2007/09/27 2:35:22, 115.614, 115.156, 75.92, 75.42, 119.277, 117.75, 76.48, 76.41, 0.0
2007/09/27 2:37:22, 115.614, 115.156, 75.83, 75.09, 119.124, 117.75, 76.41, 76.69, 0.0
2007/09/27 2:39:22, 115.461, 115.003, 75.67, 74.53, 119.124, 117.598, 76.24, 77.00, 0.0
2007/09/27 2:41:22, 115.461, 114.545, 75.54, 74.61, 119.277, 117.598, 76.08, 76.93, 0.0
2007/09/27 2:43:22, 115.308, 114.85, 75.58, 75.09, 118.819, 117.75, 75.87, 76.96, 0.0
2007/09/27 2:45:22, 115.003, 114.698, 75.38, 74.70, 119.277, 117.903, 75.99, 76.80, 0.0
2007/09/27 2:47:22, 115.003, 114.698, 75.38, 75.06, 119.124, 117.903, 75.79, 76.48, 0.0
2007/09/27 2:49:22, 114.85, 114.393, 75.25, 75.25, 118.971, 117.75, 76.12, 76.12, 0.0
2007/09/27 2:51:22, 115.003, 114.545, 75.29, 75.67, 118.819, 117.75, 76.08, 76.24, 0.0
2007/09/27 2:53:22, 115.003, 114.24, 75.25, 75.83, 118.666, 117.75, 76.08, 76.24, 0.0
2007/09/27 2:55:22, 114.85, 114.393, 75.09, 75.83, 118.513, 117.445, 75.96, 75.87, 0.0
2007/09/27 2:57:22, 114.85, 114.698, 75.13, 75.92, 118.666, 117.445, 76.03, 76.15, 0.0
2007/09/27 2:59:22, 114.85, 114.393, 75.06, 75.99, 118.208, 117.292, 75.74, 75.67, 0.0
2007/09/27 3:01:22, 114.698, 114.24, 75.09, 76.24, 118.361, 117.292, 75.87, 75.99, 0.0
2007/09/27 3:03:22, 114.545, 114.24, 74.97, 75.74, 118.361, 117.14, 75.79, 76.03, 0.0
2007/09/27 3:05:22, 114.545, 114.087, 74.97, 75.99, 118.208, 117.14, 75.67, 75.83, 0.0
2007/09/27 3:07:22, 114.393, 114.087, 74.89, 75.63, 117.903, 117.14, 75.51, 75.74, 0.0
2007/09/27 3:09:22, 114.393, 113.782, 74.73, 75.58, 117.903, 116.987, 75.42, 75.33, 0.0
2007/09/27 3:11:22, 114.393, 114.24, 74.73, 75.22, 117.903, 116.835, 75.51, 75.42, 0.0
2007/09/27 3:13:22, 114.698, 114.393, 74.73, 74.77, 118.056, 116.682, 75.33, 75.51, 0.0
2007/09/27 3:15:22, 114.698, 114.24, 74.77, 74.80, 118.208, 116.682, 75.45, 75.83, 0.0
2007/09/27 3:17:22, 114.698, 114.087, 74.66, 74.97, 117.598, 116.377, 75.25, 75.42, 0.0
2007/09/27 3:19:22, 114.545, 114.24, 74.61, 75.25, 117.292, 116.377, 75.02, 75.33, 0.0
2007/09/27 3:21:22, 114.545, 114.087, 74.53, 75.13, 117.903, 116.682, 75.06, 75.09, 0.0
2007/09/27 3:23:22, 114.545, 114.087, 74.57, 75.25, 117.75, 116.377, 75.25, 75.38, 0.0
2007/09/27 3:25:22, 114.393, 113.782, 74.44, 75.09, 118.056, 116.835, 75.22, 75.09, 0.0
2007/09/27 3:27:22, 114.24, 113.782, 74.37, 75.25, 117.75, 116.224, 75.09, 74.97, 0.0
2007/09/27 3:29:22, 114.087, 113.629, 74.41, 74.80, 117.14, 116.529, 75.06, 75.51, 0.0
2007/09/27 3:31:22, 114.087, 113.629, 74.05, 73.54, 117.14, 116.377, 74.70, 75.74, 0.0
2007/09/27 3:33:22, 113.935, 113.629, 73.76, 73.15, 116.987, 116.224, 74.77, 75.96, 0.0
2007/09/27 3:35:22, 113.935, 113.477, 73.54, 72.91, 116.987, 116.529, 74.57, 75.67, 0.0
2007/09/27 3:37:22, 113.935, 113.477, 73.47, 72.91, 117.292, 116.377, 74.50, 75.58, 0.0
2007/09/27 3:39:22, 113.935, 113.324, 73.47, 72.88, 117.14, 116.224, 74.50, 75.54, 0.0
2007/09/27 3:41:22, 113.782, 113.477, 73.42, 72.88, 117.445, 116.377, 74.34, 75.54, 0.0
2007/09/27 3:43:22, 113.782, 113.324, 73.38, 72.88, 117.14, 116.377, 74.25, 75.67, 0.0
2007/09/27 3:45:22, 113.782, 113.477, 73.38, 72.91, 117.14, 116.377, 74.28, 75.79, 0.0
2007/09/27 3:47:22, 113.782, 113.324, 73.22, 72.82, 116.987, 116.224, 74.53, 75.58, 0.0
2007/09/27 3:49:22, 113.629, 113.172, 73.38, 72.91, 117.292, 116.071, 74.53, 76.03, 0.0
2007/09/27 3:51:22, 113.629, 113.172, 73.31, 72.63, 117.14, 116.529, 74.53, 75.54, 0.0
2007/09/27 3:53:22, 113.629, 113.019, 73.27, 72.43, 117.292, 116.529, 74.53, 75.99, 0.0
2007/09/27 3:55:22, 113.629, 113.324, 73.11, 72.27, 117.598, 116.377, 74.50, 75.74, 0.0
2007/09/27 3:57:22, 113.629, 113.019, 73.15, 72.50, 117.445, 116.529, 74.41, 75.99, 0.0
2007/09/27 3:59:22, 113.629, 113.172, 73.02, 72.63, 117.292, 116.377, 74.37, 75.67, 0.0
2007/09/27 4:01:22, 113.629, 112.714, 73.02, 72.75, 117.14, 116.224, 74.41, 75.99, 0.0
2007/09/27 4:03:22, 113.629, 113.172, 73.08, 72.75, 116.987, 116.071, 74.28, 76.12, 0.0
2007/09/27 4:05:22, 113.935, 113.629, 73.11, 72.43, 116.835, 115.919, 74.05, 76.03, 0.0
2007/09/27 4:07:22, 114.087, 113.172, 73.15, 72.43, 117.292, 115.614, 73.96, 75.96, 0.0
2007/09/27 4:09:22, 114.087, 113.324, 72.99, 72.75, 116.835, 115.919, 74.12, 75.74, 0.0
2007/09/27 4:11:22, 113.935, 113.477, 72.99, 72.82, 116.682, 115.919, 73.96, 75.74, 0.0
2007/09/27 4:13:22, 113.782, 113.324, 72.99, 72.82, 117.14, 116.071, 74.05, 75.74, 0.0
2007/09/27 4:15:22, 113.782, 113.172, 72.99, 72.82, 116.835, 115.919, 74.12, 75.83, 0.0
2007/09/27 4:17:22, 113.782, 113.019, 72.95, 72.88, 116.987, 115.919, 74.17, 75.96, 0.0
2007/09/27 4:19:22, 113.782, 113.172, 72.75, 72.72, 117.292, 116.377, 74.28, 75.58, 0.0
2007/09/27 4:21:22, 113.782, 113.172, 72.82, 72.72, 117.14, 116.071, 74.21, 75.79, 0.0
2007/09/27 4:23:22, 113.782, 113.172, 72.72, 72.55, 116.987, 115.766, 73.96, 75.79, 0.0
2007/09/27 4:25:22, 113.782, 113.172, 72.66, 72.59, 117.14, 116.224, 74.08, 76.24, 0.0
2007/09/27 4:27:22, 113.782, 113.019, 72.59, 72.46, 116.682, 115.766, 74.17, 76.15, 0.0
2007/09/27 4:29:22, 113.782, 113.019, 72.72, 72.66, 116.987, 115.308, 73.92, 76.48, 0.0
2007/09/27 4:31:22, 113.629, 113.172, 72.82, 72.63, 116.835, 115.614, 74.25, 76.80, 0.0
2007/09/27 4:33:22, 113.782, 113.324, 72.99, 72.63, 116.987, 115.461, 74.12, 76.96, 0.0
2007/09/27 4:35:22, 113.782, 113.629, 73.08, 72.82, 116.987, 115.614, 74.25, 77.13, 0.0
2007/09/27 4:37:22, 113.782, 113.629, 73.02, 72.99, 117.14, 115.614, 74.17, 76.93, 0.0
2007/09/27 4:39:22, 113.935, 113.629, 73.08, 73.15, 117.14, 116.071, 74.17, 76.96, 0.0
2007/09/27 4:41:22, 114.087, 113.477, 73.15, 73.31, 117.14, 115.919, 74.21, 77.05, 0.0
2007/09/27 4:43:22, 114.087, 113.477, 73.27, 73.60, 117.14, 115.919, 74.17, 77.34, 0.0
2007/09/27 4:45:22, 114.087, 113.935, 73.15, 73.51, 117.14, 116.071, 74.12, 76.73, 0.0
2007/09/27 4:47:22, 114.393, 114.393, 73.22, 73.47, 117.292, 115.614, 74.08, 76.89, 0.0
2007/09/27 4:49:22, 114.698, 114.24, 73.35, 73.54, 117.445, 116.224, 73.99, 77.25, 0.0
2007/09/27 4:51:22, 114.85, 114.393, 73.54, 73.72, 117.445, 116.377, 74.37, 77.88, 0.0
2007/09/27 4:53:22, 115.003, 114.393, 73.63, 73.80, 117.292, 116.071, 74.21, 77.83, 0.0
2007/09/27 4:55:22, 115.308, 115.003, 73.63, 73.89, 117.445, 116.224, 74.37, 77.72, 0.0
2007/09/27 4:57:22, 115.461, 114.85, 73.72, 73.99, 117.445, 116.224, 74.28, 77.76, 0.0
2007/09/27 4:59:22, 115.614, 115.003, 73.83, 74.25, 117.75, 116.529, 74.28, 78.12, 0.0
2007/09/27 5:01:22, 115.614, 115.003, 73.80, 74.34, 118.056, 116.529, 74.44, 77.88, 0.0
2007/09/27 5:03:22, 115.614, 115.156, 73.89, 74.37, 118.056, 116.835, 74.53, 78.37, 0.0
2007/09/27 5:05:22, 115.614, 115.003, 73.92, 74.12, 118.208, 116.987, 74.73, 78.44, 0.0
2007/09/27 5:07:22, 115.614, 115.308, 73.96, 73.99, 118.056, 116.987, 74.80, 78.44, 0.0
2007/09/27 5:09:22, 115.614, 115.156, 73.89, 73.89, 118.513, 116.987, 74.97, 78.28, 0.0
2007/09/27 5:11:22, 115.614, 115.156, 73.99, 73.99, 118.819, 117.14, 74.77, 78.17, 0.0
2007/09/27 5:13:22, 115.766, 115.308, 73.99, 74.21, 118.666, 117.598, 75.02, 78.04, 0.0
2007/09/27 5:15:22, 115.766, 115.461, 74.12, 74.37, 119.124, 117.903, 75.13, 78.28, 0.0
2007/09/27 5:17:22, 115.919, 115.461, 74.28, 74.57, 118.971, 117.75, 75.09, 78.53, 0.0
2007/09/27 5:19:22, 116.071, 115.614, 74.37, 74.70, 119.277, 117.903, 74.93, 78.53, 0.0
2007/09/27 5:21:22, 116.224, 115.766, 74.37, 74.80, 119.277, 118.056, 75.16, 78.66, 0.0
2007/09/27 5:23:22, 116.224, 115.766, 74.37, 74.86, 118.666, 118.208, 74.97, 78.66, 0.0
2007/09/27 5:25:22, 116.224, 116.071, 74.21, 74.66, 118.971, 118.208, 75.33, 78.60, 0.0
2007/09/27 5:27:22, 116.224, 116.071, 74.37, 74.50, 118.971, 118.208, 75.09, 78.76, 0.0
2007/09/27 5:29:22, 116.377, 116.071, 74.37, 74.28, 118.971, 118.361, 75.38, 78.89, 0.0
2007/09/27 5:31:22, 116.224, 115.919, 74.21, 74.17, 118.513, 118.056, 75.33, 78.60, 0.0
2007/09/27 5:33:22, 116.071, 115.919, 74.25, 74.25, 119.124, 118.361, 75.22, 78.66, 0.0
2007/09/27 5:35:22, 116.071, 115.919, 74.21, 74.21, 119.124, 118.208, 75.25, 78.69, 0.0
2007/09/27 5:37:22, 116.224, 115.919, 74.17, 74.12, 118.971, 118.361, 75.42, 78.66, 0.0
2007/09/27 5:39:22, 116.071, 115.614, 74.17, 74.21, 118.666, 118.208, 75.54, 78.82, 0.0
2007/09/27 5:41:22, 116.071, 115.766, 74.17, 74.21, 118.971, 118.208, 75.25, 78.94, 0.0
2007/09/27 5:43:22, 116.224, 115.766, 74.34, 74.21, 118.666, 118.361, 75.51, 79.39, 0.0
2007/09/27 5:45:22, 116.377, 115.766, 74.37, 74.28, 119.124, 118.513, 75.33, 79.11, 0.0
2007/09/27 5:47:22, 116.529, 115.919, 74.44, 74.25, 118.819, 118.208, 75.51, 79.43, 0.0
2007/09/27 5:49:22, 116.529, 116.224, 74.37, 74.28, 119.277, 118.819, 75.42, 79.18, 0.0
2007/09/27 5:51:22, 92.872, 159.722, 71.29, 83.14, 125.839, 124.618, 75.16, 77.92, 0.1
2007/09/27 5:53:22, 60.211, 159.417, 73.89, 97.88, 125.839, 124.466, 74.12, 76.73, 0.1
2007/09/27 5:55:22, 60.516, 161.859, 74.17, 100.87, 125.229, 124.161, 73.38, 76.41, 0.1
2007/09/27 5:57:22, 60.668, 163.233, 74.17, 101.71, 56.242, 158.806, 72.01, 109.69, 0.2
2007/09/27 5:59:22, 60.821, 163.08, 74.05, 102.22, 55.937, 163.233, 72.63, 116.64, 0.2
2007/09/27 6:01:22, 60.668, 161.859, 73.96, 102.38, 56.395, 158.959, 72.59, 118.27, 0.2
2007/09/27 6:03:22, 60.821, 164.454, 73.89, 102.78, 57.005, 162.164, 72.66, 119.59, 0.1
2007/09/27 6:05:22, 61.126, 163.538, 74.12, 103.15, 56.853, 162.622, 73.42, 120.63, 0.2
2007/09/27 6:07:22, 61.279, 164.301, 74.21, 103.44, 56.7, 161.706, 73.51, 120.99, 0.2
2007/09/27 6:09:22, 61.432, 162.164, 74.12, 103.69, 57.005, 160.791, 73.38, 121.23, 0.2
2007/09/27 6:11:22, 61.279, 162.012, 73.99, 103.69, 57.158, 160.943, 73.51, 121.12, 0.2
2007/09/27 6:13:22, 61.432, 162.622, 73.92, 103.84, 57.158, 159.57, 73.54, 121.46, 0.2
2007/09/27 6:15:22, 68.758, 137.286, 74.73, 102.96, 108.745, 134.997, 73.63, 120.06, 0.2
2007/09/27 6:17:22, 109.966, 135.15, 79.18, 92.28, 116.224, 133.776, 79.65, 107.24, 0.0
2007/09/27 6:19:22, 110.119, 133.013, 81.30, 85.87, 114.545, 131.792, 83.26, 99.09, 0.0
2007/09/27 6:21:22, 112.103, 131.181, 82.09, 83.35, 120.192, 130.113, 84.52, 91.22, 0.0
2007/09/27 6:23:22, 115.919, 129.045, 83.14, 81.97, 122.176, 128.434, 85.41, 86.74, 0.0
2007/09/27 6:25:22, 118.666, 126.755, 83.43, 81.01, 124.161, 126.603, 85.91, 83.64, 0.0
2007/09/27 6:27:22, 122.634, 124.771, 83.89, 79.77, 125.687, 124.924, 86.99, 81.64, 0.0
2007/09/27 6:29:22, 125.839, 125.687, 83.86, 80.55, 126.603, 125.992, 86.40, 85.75, 0.0
2007/09/27 6:31:22, 126.297, 125.382, 83.43, 81.55, 127.213, 126.603, 84.87, 87.15, 0.0
2007/09/27 6:33:22, 125.992, 124.924, 83.52, 79.93, 127.671, 126.603, 84.06, 87.08, 0.0
2007/09/27 6:35:22, 125.382, 124.466, 83.80, 77.76, 128.129, 127.06, 82.76, 86.77, 0.0
2007/09/27 6:37:22, 124.771, 124.161, 83.80, 76.96, 128.434, 127.213, 82.67, 85.87, 0.0
2007/09/27 6:39:22, 80.51, 159.112, 76.60, 94.46, 120.955, 119.582, 81.52, 87.62, 0.0
2007/09/27 6:41:22, 60.668, 161.554, 74.70, 102.22, 120.498, 119.429, 80.13, 86.40, 0.1
2007/09/27 6:43:22, 60.668, 161.554, 74.44, 103.35, 119.734, 119.124, 81.30, 84.69, 0.1
2007/09/27 6:45:22, 60.821, 163.233, 74.37, 103.69, 119.887, 119.124, 82.26, 83.52, 0.1
2007/09/27 6:47:22, 60.821, 160.333, 74.44, 103.93, 119.277, 118.361, 82.60, 82.51, 0.1
2007/09/27 6:49:22, 60.821, 161.859, 74.50, 104.04, 119.887, 118.666, 82.92, 81.18, 0.1
2007/09/27 6:51:22, 60.821, 162.622, 74.50, 104.23, 119.734, 119.277, 83.61, 80.67, 0.1
2007/09/27 6:53:22, 60.821, 161.554, 74.53, 104.23, 119.887, 118.971, 83.64, 80.19, 0.1
2007/09/27 6:55:22, 60.974, 162.012, 74.53, 104.18, 120.04, 119.277, 83.23, 79.81, 0.1
2007/09/27 6:57:22, 61.432, 163.08, 74.50, 104.43, 120.498, 119.582, 83.26, 78.82, 0.1
2007/09/27 6:59:22, 61.279, 162.469, 74.57, 104.43, 120.04, 119.429, 83.35, 79.39, 0.1
2007/09/27 7:01:22, 60.974, 161.401, 74.57, 104.38, 120.192, 119.277, 83.05, 79.61, 0.1
2007/09/27 7:03:22, 61.126, 161.096, 74.61, 104.43, 120.192, 119.429, 83.10, 79.11, 0.1
2007/09/27 7:05:22, 61.126, 160.943, 74.61, 104.38, 120.04, 118.971, 82.76, 79.07, 0.1
2007/09/27 7:07:22, 60.974, 158.959, 74.61, 104.47, 120.192, 119.124, 83.01, 79.11, 0.1
2007/09/27 7:09:22, 60.821, 160.027, 74.57, 104.32, 119.887, 119.124, 82.38, 79.07, 0.1
2007/09/27 7:11:22, 61.126, 161.554, 74.57, 104.38, 120.498, 119.734, 82.42, 78.21, 0.1
2007/09/27 7:13:22, 61.432, 165.064, 74.53, 104.43, 121.261, 120.498, 82.60, 77.83, 0.1
2007/09/27 7:15:22, 61.584, 162.927, 74.53, 104.43, 121.261, 120.498, 82.45, 77.79, 0.1
2007/09/27 7:17:22, 61.584, 162.622, 74.57, 104.52, 120.803, 120.345, 82.35, 78.04, 0.1
2007/09/27 7:19:22, 61.584, 165.369, 74.61, 104.67, 120.803, 121.108, 81.84, 78.08, 0.1
2007/09/27 7:21:22, 61.737, 162.469, 74.66, 104.72, 120.803, 120.498, 81.81, 78.28, 0.1
2007/09/27 7:23:22, 61.432, 161.859, 74.70, 104.67, 120.803, 119.887, 81.97, 79.02, 0.1
2007/09/27 7:25:22, 60.974, 162.775, 74.66, 104.67, 120.65, 119.887, 81.30, 78.69, 0.0
2007/09/27 7:27:22, 61.584, 164.454, 74.53, 104.77, 121.566, 121.261, 81.75, 77.72, 0.1
2007/09/27 7:29:22, 61.584, 161.706, 74.53, 104.77, 120.955, 120.498, 81.52, 77.92, 0.1
2007/09/27 7:31:22, 61.279, 164.759, 74.53, 104.81, 121.871, 121.108, 81.18, 78.01, 0.1
2007/09/27 7:33:22, 61.584, 163.538, 74.53, 104.81, 121.871, 121.261, 81.14, 77.72, 0.1
2007/09/27 7:35:22, 61.432, 163.538, 74.50, 104.61, 121.413, 120.65, 81.30, 78.40, 0.1
2007/09/27 7:37:22, 61.432, 161.096, 74.61, 104.72, 121.261, 120.498, 81.14, 78.53, 0.1
2007/09/27 7:39:22, 61.737, 164.606, 74.73, 104.92, 122.024, 121.261, 80.80, 78.24, 0.1
2007/09/27 7:41:22, 61.889, 162.927, 74.86, 105.06, 122.329, 121.261, 80.62, 78.04, 0.1
2007/09/27 7:43:22, 61.737, 162.927, 74.97, 105.06, 122.176, 121.261, 80.96, 78.49, 0.1
2007/09/27 7:45:22, 61.889, 165.522, 75.13, 105.26, 122.329, 121.413, 80.42, 78.49, 0.1
2007/09/27 7:47:22, 62.042, 164.911, 75.25, 105.55, 122.634, 121.871, 80.83, 78.37, 0.1
2007/09/27 7:49:22, 62.042, 165.522, 75.33, 105.49, 122.787, 121.871, 80.35, 78.60, 0.1
2007/09/27 7:51:22, 62.042, 164.911, 75.38, 105.55, 122.94, 122.329, 80.71, 78.57, 0.1
2007/09/27 7:53:22, 62.347, 165.064, 75.42, 105.64, 123.397, 122.787, 80.51, 78.17, 0.1
2007/09/27 7:55:22, 62.5, 166.743, 75.45, 105.84, 123.855, 122.94, 80.46, 78.12, 0.1
2007/09/27 7:57:22, 62.5, 166.59, 75.51, 105.98, 123.703, 123.245, 80.46, 78.37, 0.1
2007/09/27 7:59:22, 62.653, 167.659, 75.51, 105.89, 124.313, 123.245, 80.62, 78.53, 0.1
2007/09/27 8:01:22, 62.805, 167.048, 75.51, 106.09, 124.618, 124.008, 80.71, 78.33, 0.1
2007/09/27 8:03:22, 62.653, 167.353, 75.51, 106.09, 124.161, 123.55, 80.55, 78.69, 0.1
2007/09/27 8:05:22, 62.805, 167.353, 75.51, 106.20, 124.466, 123.855, 80.55, 78.76, 0.1
2007/09/27 8:07:22, 62.958, 167.811, 75.58, 106.29, 124.618, 124.161, 80.19, 78.57, 0.1
2007/09/27 8:09:22, 62.958, 167.353, 75.63, 106.29, 125.229, 124.771, 80.35, 78.73, 0.1
2007/09/27 8:11:22, 63.111, 169.49, 75.63, 106.48, 125.382, 124.924, 80.38, 78.73, 0.1
2007/09/27 8:13:22, 63.263, 170.559, 75.74, 106.70, 126.297, 125.534, 80.26, 78.94, 0.1
2007/09/27 8:15:22, 63.263, 169.948, 75.79, 106.70, 126.297, 124.924, 80.51, 79.11, 0.1
2007/09/27 8:17:22, 63.263, 171.474, 75.70, 106.79, 126.145, 125.382, 80.51, 79.27, 0.1
2007/09/27 8:19:22, 63.568, 172.085, 75.54, 106.65, 126.603, 125.687, 80.19, 78.89, 0.1
2007/09/27 8:21:22, 64.026, 172.085, 75.51, 106.79, 126.908, 125.992, 80.83, 78.94, 0.1
2007/09/27 8:23:22, 64.026, 172.237, 75.54, 106.74, 127.213, 126.145, 80.67, 79.18, 0.1
2007/09/27 8:25:22, 63.874, 171.78, 75.58, 106.84, 127.366, 126.45, 80.71, 79.30, 0.1
2007/09/27 8:27:22, 64.332, 174.374, 75.54, 106.84, 127.824, 127.213, 80.62, 79.39, 0.1
2007/09/27 8:29:22, 64.332, 175.748, 75.74, 107.04, 128.587, 127.824, 80.35, 79.43, 0.1
2007/09/27 8:31:22, 64.637, 174.985, 75.92, 107.29, 128.739, 128.129, 80.35, 79.56, 0.1
2007/09/27 8:33:22, 64.637, 177.427, 76.03, 107.44, 129.35, 128.434, 80.55, 79.84, 0.1
2007/09/27 8:35:22, 65.247, 178.037, 76.12, 107.74, 130.113, 129.045, 80.89, 79.77, 0.1
2007/09/27 8:37:22, 65.4, 178.8, 76.28, 108.00, 130.266, 129.35, 80.83, 79.90, 0.1
2007/09/27 8:39:22, 65.4, 176.816, 76.41, 108.16, 130.266, 129.655, 80.71, 80.01, 0.1
2007/09/27 8:41:22, 65.247, 177.732, 76.37, 107.94, 130.418, 129.655, 80.92, 80.42, 0.1
2007/09/27 8:43:22, 65.4, 178.495, 76.24, 107.74, 131.029, 129.96, 80.83, 80.29, 0.1
2007/09/27 8:45:22, 65.553, 179.716, 76.15, 107.94, 131.029, 130.571, 80.67, 80.06, 0.1
2007/09/27 8:47:22, 65.858, 180.632, 76.15, 107.89, 131.639, 130.723, 80.55, 80.06, 0.1
2007/09/27 8:49:22, 66.01, 180.174, 76.15, 107.89, 131.792, 130.723, 80.51, 79.93, 0.1
2007/09/27 8:51:22, 65.858, 180.785, 76.12, 108.00, 132.25, 131.487, 80.35, 79.97, 0.1
2007/09/27 8:53:22, 66.01, 182.311, 76.15, 107.89, 132.402, 131.792, 80.74, 80.19, 0.1
2007/09/27 8:55:22, 66.01, 183.99, 76.15, 108.00, 132.555, 132.097, 80.80, 80.22, 0.1
2007/09/27 8:57:22, 66.01, 183.074, 76.08, 108.10, 132.402, 132.097, 80.29, 80.06, 0.1
2007/09/27 8:59:22, 66.163, 182.616, 75.87, 108.05, 132.555, 132.402, 80.29, 79.90, 0.1
2007/09/27 9:01:22, 66.316, 185.821, 75.67, 107.89, 133.165, 133.623, 80.67, 80.01, 0.1
2007/09/27 9:03:22, 66.468, 183.379, 75.51, 107.80, 133.318, 132.555, 80.83, 79.90, 0.2
2007/09/27 9:05:22, 66.621, 184.905, 75.42, 107.80, 133.929, 133.165, 80.71, 76.53, 0.0
2007/09/27 9:07:22, 66.316, 184.905, 75.42, 107.69, 133.623, 132.708, 80.67, 77.54, 0.1
2007/09/27 9:09:22, 66.621, 187.805, 75.42, 107.94, 134.997, 134.234, 80.62, 78.60, 0.1
2007/09/27 9:11:22, 67.079, 187.195, 75.51, 108.00, 134.844, 133.929, 80.71, 79.27, 0.2
2007/09/27 9:13:22, 66.926, 186.889, 75.58, 108.16, 135.302, 134.997, 80.89, 79.90, 0.1
2007/09/27 9:15:22, 67.537, 189.026, 75.70, 108.52, 135.455, 134.692, 80.96, 76.64, 0.1
2007/09/27 9:17:22, 67.384, 190.705, 75.83, 108.61, 136.371, 135.913, 81.01, 77.95, 0.1
2007/09/27 9:19:22, 67.537, 189.179, 76.08, 109.08, 135.913, 135.607, 80.96, 79.27, 0.1
2007/09/27 9:21:22, 67.995, 188.263, 76.28, 109.33, 137.592, 135.76, 81.18, 79.90, 0.1
2007/09/27 9:23:22, 68.3, 194.521, 76.41, 109.42, 138.355, 136.981, 81.52, 80.35, 0.1
2007/09/27 9:25:22, 68.3, 189.789, 76.60, 109.58, 138.049, 136.371, 81.52, 80.71, 0.1
2007/09/27 9:27:22, 67.842, 190.095, 76.77, 109.58, 138.355, 136.981, 81.39, 81.01, 0.1
2007/09/27 9:29:22, 68.452, 191.316, 76.89, 109.90, 137.744, 137.134, 81.93, 81.39, 0.1
2007/09/27 9:31:22, 68.605, 192.231, 77.00, 110.16, 138.049, 137.592, 81.55, 82.00, 0.1
2007/09/27 9:33:22, 68.3, 192.537, 77.09, 110.16, 137.744, 137.592, 81.93, 82.45, 0.1
2007/09/27 9:35:22, 68.605, 194.063, 77.22, 110.21, 139.881, 138.202, 82.35, 82.72, 0.1
2007/09/27 9:37:22, 69.216, 194.215, 77.41, 110.68, 138.965, 138.965, 82.42, 83.01, 0.1
2007/09/27 9:39:22, 68.605, 191.01, 77.47, 110.68, 139.27, 138.049, 82.60, 83.14, 0.2
2007/09/27 9:41:22, 68.91, 194.673, 77.59, 110.77, 140.644, 140.186, 82.67, 83.17, 0.1
2007/09/27 9:43:22, 69.368, 193.452, 77.50, 110.93, 140.339, 139.423, 82.67, 83.23, 0.1
2007/09/27 9:45:22, 68.91, 192.842, 77.38, 110.82, 140.491, 139.118, 82.76, 83.35, 0.1
2007/09/27 9:47:22, 69.216, 197.115, 77.31, 110.98, 140.949, 139.118, 82.72, 83.52, 0.1
2007/09/27 9:49:22, 69.216, 194.368, 77.18, 110.82, 140.339, 139.423, 82.80, 83.61, 0.1
2007/09/27 9:51:22, 69.216, 193.147, 77.18, 110.77, 140.339, 139.27, 82.92, 83.64, 0.1
2007/09/27 9:53:22, 69.216, 197.879, 77.18, 110.98, 140.644, 140.644, 83.35, 83.86, 0.1
2007/09/27 9:55:22, 69.368, 193.758, 77.25, 111.13, 141.56, 140.491, 83.52, 84.09, 0.1
2007/09/27 9:57:22, 69.826, 196.81, 77.34, 111.24, 142.018, 140.949, 83.55, 84.09, 0.1
2007/09/27 9:59:22, 69.826, 197.726, 77.22, 111.09, 142.323, 141.407, 83.26, 84.09, 0.2
2007/09/27 10:01:22, 69.826, 196.658, 76.89, 110.73, 142.018, 140.797, 83.68, 84.06, 0.0
2007/09/27 10:03:22, 69.979, 198.031, 76.89, 110.88, 142.323, 141.56, 83.52, 83.89, 0.2
2007/09/27 10:05:22, 69.673, 199.252, 76.77, 110.88, 142.781, 142.323, 83.35, 83.86, 0.1
2007/09/27 10:07:22, 69.979, 199.1, 76.69, 110.73, 142.933, 141.865, 83.10, 83.77, 0.1
2007/09/27 10:09:22, 70.131, 199.1, 76.80, 110.82, 142.781, 141.56, 83.17, 83.93, 0.1
2007/09/27 10:11:22, 69.673, 192.079, 76.84, 110.62, 142.018, 140.339, 83.23, 84.06, 0.1
2007/09/27 10:13:22, 69.673, 197.879, 76.96, 110.88, 142.781, 141.56, 83.48, 84.09, 0.1
2007/09/27 10:15:22, 70.437, 206.731, 77.34, 111.40, 143.697, 143.391, 83.48, 84.27, 0.1
2007/09/27 10:17:22, 71.047, 203.526, 77.47, 111.78, 143.544, 142.933, 83.30, 84.65, 0.1
2007/09/27 10:19:22, 71.352, 206.12, 77.67, 111.99, 144.918, 144.002, 83.97, 84.78, 0.1
2007/09/27 10:21:22, 71.352, 202.915, 77.79, 112.21, 145.528, 143.239, 83.68, 84.83, 0.2
2007/09/27 10:23:22, 71.2, 203.526, 77.92, 112.21, 144.154, 142.933, 84.18, 85.15, 0.1
2007/09/27 10:25:22, 71.505, 204.747, 78.04, 112.53, 145.223, 144.46, 84.27, 85.24, 0.1
2007/09/27 10:27:22, 71.505, 201.389, 78.12, 112.42, 144.307, 143.086, 84.22, 85.41, 0.1
2007/09/27 10:29:22, 70.742, 202.152, 78.12, 112.48, 144.765, 143.391, 84.31, 85.41, 0.1
2007/09/27 10:31:22, 70.742, 204.899, 77.88, 112.21, 144.765, 145.375, 84.18, 85.21, 0.1
2007/09/27 10:33:22, 71.658, 205.052, 77.72, 112.42, 145.223, 143.544, 84.27, 85.28, 0.1
2007/09/27 10:35:22, 71.2, 204.136, 77.67, 112.42, 145.528, 144.765, 84.34, 85.46, 0.2
2007/09/27 10:37:22, 71.047, 200.626, 77.54, 112.15, 145.528, 143.391, 84.90, 85.75, 0.0
2007/09/27 10:39:22, 71.2, 202.61, 77.54, 112.37, 145.223, 144.307, 85.08, 85.87, 0.2
2007/09/27 10:41:22, 71.352, 207.799, 77.47, 112.42, 145.833, 144.612, 84.69, 85.87, 0.1
2007/09/27 10:43:22, 71.658, 203.526, 77.50, 112.62, 145.681, 144.612, 85.03, 86.00, 0.1
2007/09/27 10:45:22, 71.352, 203.22, 77.50, 112.48, 145.223, 144.612, 85.08, 86.04, 0.1
2007/09/27 10:47:22, 71.047, 207.952, 77.54, 112.26, 145.833, 145.375, 85.33, 86.22, 0.1
2007/09/27 10:49:22, 71.047, 209.173, 77.54, 112.42, 145.986, 146.139, 85.46, 86.18, 0.1
2007/09/27 10:51:22, 72.115, 204.899, 77.38, 112.78, 145.986, 144.154, 85.41, 86.34, 0.1
2007/09/27 10:53:22, 72.115, 209.783, 77.38, 112.78, 146.749, 146.902, 85.62, 86.40, 0.2
2007/09/27 10:55:22, 72.421, 211.157, 77.34, 112.78, 147.054, 145.528, 85.21, 86.34, 0.0
2007/09/27 10:57:22, 72.115, 210.699, 77.38, 112.73, 147.054, 146.444, 85.33, 86.52, 0.2
2007/09/27 10:59:22, 72.115, 212.073, 77.50, 112.78, 146.902, 145.07, 85.50, 86.65, 0.1
2007/09/27 11:01:22, 72.115, 205.662, 77.47, 112.78, 145.986, 144.918, 85.66, 86.77, 0.1
2007/09/27 11:03:22, 72.115, 203.22, 77.72, 113.00, 146.291, 144.918, 86.04, 86.90, 0.1
2007/09/27 11:05:22, 71.963, 208.41, 77.72, 112.89, 146.749, 145.528, 86.13, 86.74, 0.1
2007/09/27 11:07:22, 72.421, 210.394, 77.83, 113.27, 148.123, 147.817, 85.84, 86.83, 0.1
2007/09/27 11:09:22, 72.268, 209.783, 78.08, 113.43, 147.665, 146.596, 85.91, 87.03, 0.2
2007/09/27 11:11:22, 72.726, 213.294, 78.21, 113.65, 147.97, 147.665, 86.09, 87.15, 0.1
2007/09/27 11:13:22, 73.642, 214.82, 78.17, 113.70, 148.733, 148.428, 86.40, 87.37, 0.1
2007/09/27 11:15:22, 73.642, 213.904, 78.21, 113.97, 148.581, 147.97, 86.56, 87.55, 0.1
2007/09/27 11:17:22, 73.642, 211.92, 78.33, 113.97, 148.886, 148.123, 86.22, 87.55, 0.1
2007/09/27 11:19:22, 73.489, 214.973, 78.24, 113.86, 148.581, 148.733, 86.74, 87.58, 0.1
2007/09/27 11:21:22, 73.794, 212.988, 78.33, 114.01, 149.344, 148.275, 86.86, 87.67, 0.1
2007/09/27 11:23:22, 73.031, 212.531, 78.40, 113.97, 148.733, 147.817, 86.95, 87.80, 0.2
2007/09/27 11:25:22, 73.184, 208.257, 78.21, 114.01, 147.665, 147.207, 87.12, 87.84, 0.1
2007/09/27 11:27:22, 73.184, 212.988, 77.95, 114.01, 148.428, 148.428, 86.74, 87.84, 0.1
2007/09/27 11:29:22, 73.489, 209.631, 77.72, 113.86, 147.817, 147.512, 86.68, 87.93, 0.1
2007/09/27 11:31:22, 73.642, 213.752, 77.59, 113.65, 148.275, 148.123, 87.24, 88.14, 0.1
2007/09/27 11:33:22, 73.642, 216.499, 77.31, 113.54, 147.665, 146.749, 87.24, 87.96, 0.1
2007/09/27 11:35:22, 73.489, 212.378, 77.38, 113.70, 147.817, 147.512, 87.21, 87.96, 0.2
2007/09/27 11:37:22, 73.336, 218.178, 77.47, 113.86, 148.581, 148.733, 86.95, 88.05, 0.1
2007/09/27 11:39:22, 73.794, 214.209, 77.38, 113.97, 148.581, 147.36, 86.99, 88.27, 0.1
2007/09/27 11:41:22, 74.1, 215.278, 77.34, 113.92, 148.123, 147.512, 87.24, 88.45, 0.1
2007/09/27 11:43:22, 73.794, 213.904, 77.31, 113.76, 147.665, 146.444, 87.58, 88.45, 0.1
2007/09/27 11:45:22, 73.794, 217.262, 77.18, 113.76, 148.886, 147.817, 87.55, 88.36, 0.1
2007/09/27 11:47:22, 73.642, 222.146, 77.34, 113.92, 149.191, 149.038, 87.24, 88.27, 0.1
2007/09/27 11:49:22, 73.794, 213.752, 77.22, 113.70, 148.581, 147.665, 87.58, 88.54, 0.2
2007/09/27 11:51:22, 73.184, 214.973, 77.41, 113.70, 148.581, 146.902, 87.30, 88.27, 0.1
2007/09/27 11:53:22, 73.489, 217.415, 77.38, 113.49, 148.886, 148.275, 87.67, 88.45, 0.1
2007/09/27 11:55:22, 73.336, 215.583, 77.31, 113.65, 149.496, 148.581, 87.21, 88.23, 0.1
2007/09/27 11:57:22, 74.557, 220.467, 77.22, 114.01, 150.107, 149.496, 87.80, 88.63, 0.1
2007/09/27 11:59:22, 74.252, 217.262, 77.67, 114.06, 149.191, 148.581, 87.37, 88.57, 0.1
2007/09/27 12:01:22, 73.336, 208.104, 77.92, 113.97, 146.902, 145.833, 87.75, 88.63, 0.2
2007/09/27 12:03:22, 72.268, 209.936, 78.24, 113.76, 148.886, 148.275, 87.84, 88.75, 0.1
2007/09/27 12:05:22, 73.947, 222.146, 78.33, 114.71, 150.87, 151.786, 87.96, 89.01, 0.1
2007/09/27 12:07:22, 75.015, 220.314, 78.21, 114.87, 150.87, 149.954, 88.27, 89.38, 0.1
2007/09/27 12:09:22, 75.321, 218.788, 78.21, 114.71, 150.412, 149.344, 88.11, 89.31, 0.1
2007/09/27 12:11:22, 73.947, 213.599, 78.49, 114.66, 149.496, 148.581, 88.05, 89.22, 0.2
2007/09/27 12:13:22, 74.557, 225.198, 78.44, 114.98, 152.091, 151.328, 88.11, 89.31, 0.0
2007/09/27 12:15:22, 74.71, 216.194, 78.60, 114.98, 151.175, 149.802, 88.32, 89.44, 0.2
2007/09/27 12:17:22, 74.557, 214.973, 78.69, 114.98, 150.107, 148.733, 88.63, 89.60, 0.1
2007/09/27 12:19:22, 74.557, 216.499, 78.49, 114.93, 150.412, 149.496, 88.92, 89.64, 0.1
2007/09/27 12:21:22, 74.557, 217.72, 78.21, 114.93, 151.633, 151.48, 88.66, 89.60, 0.1
2007/09/27 12:23:22, 74.557, 216.346, 78.08, 114.82, 150.565, 149.191, 88.57, 89.78, 0.1
2007/09/27 12:25:22, 74.405, 225.198, 77.95, 114.71, 151.023, 150.259, 88.88, 89.73, 0.2
2007/09/27 12:27:22, 75.015, 224.283, 77.76, 114.71, 150.717, 151.023, 89.04, 89.82, 0.1
2007/09/27 12:29:22, 75.321, 220.925, 77.72, 114.66, 148.886, 147.665, 88.63, 89.69, 0.1
2007/09/27 12:31:22, 74.557, 221.535, 77.72, 114.44, 150.412, 149.344, 88.70, 89.56, 0.1
2007/09/27 12:33:22, 75.015, 219.399, 77.72, 114.76, 150.107, 150.107, 88.63, 89.51, 0.1
2007/09/27 12:35:22, 75.015, 217.872, 77.63, 114.66, 150.107, 149.649, 88.75, 89.82, 0.1
2007/09/27 12:37:22, 75.168, 219.551, 77.67, 114.82, 149.802, 148.428, 89.10, 89.91, 0.2
2007/09/27 12:39:22, 74.863, 228.098, 77.67, 114.82, 151.175, 151.023, 88.79, 89.64, 0.1
2007/09/27 12:41:22, 75.473, 223.672, 77.59, 114.82, 151.023, 150.87, 89.26, 89.96, 0.1
2007/09/27 12:43:22, 75.168, 220.009, 77.88, 114.71, 150.717, 150.107, 89.22, 89.96, 0.1
2007/09/27 12:45:22, 75.473, 223.062, 78.01, 115.03, 150.107, 149.038, 89.13, 90.05, 0.1
2007/09/27 12:47:22, 74.863, 218.178, 78.17, 114.82, 150.87, 149.649, 89.04, 90.00, 0.1
2007/09/27 12:49:22, 74.557, 223.062, 78.33, 114.71, 150.565, 150.412, 89.47, 90.09, 0.2
2007/09/27 12:51:22, 74.71, 220.925, 78.40, 115.03, 151.328, 150.87, 89.13, 90.05, 0.1
2007/09/27 12:53:22, 74.405, 223.062, 78.57, 115.03, 151.633, 150.565, 89.10, 90.00, 0.1
2007/09/27 12:55:22, 75.473, 218.025, 78.53, 115.36, 152.244, 151.328, 89.22, 90.14, 0.1
2007/09/27 12:57:22, 75.321, 221.841, 78.53, 115.41, 152.396, 151.938, 89.64, 90.27, 0.1
2007/09/27 12:59:22, 75.321, 225.046, 78.44, 115.20, 152.396, 151.48, 89.47, 90.30, 0.2
2007/09/27 13:01:22, 74.863, 222.146, 78.28, 115.25, 152.244, 153.007, 89.26, 90.27, 0.1
2007/09/27 13:03:22, 75.015, 216.957, 78.08, 115.03, 151.328, 149.802, 89.73, 90.45, 0.1
2007/09/27 13:05:22, 74.71, 226.877, 77.95, 115.14, 151.786, 152.549, 89.44, 90.30, 0.1
2007/09/27 13:07:22, 75.473, 215.125, 77.63, 114.93, 149.496, 147.97, 89.47, 90.18, 0.1
2007/09/27 13:09:22, 75.168, 219.551, 77.54, 114.82, 150.565, 148.886, 89.31, 89.96, 0.2
2007/09/27 13:11:22, 74.557, 224.588, 77.54, 114.44, 150.412, 150.412, 89.69, 90.14, 0.1
2007/09/27 13:13:22, 74.557, 212.683, 77.50, 114.49, 148.733, 147.207, 89.51, 90.18, 0.1
2007/09/27 13:15:22, 74.863, 225.351, 77.47, 114.66, 151.175, 150.412, 89.22, 90.09, 0.1
2007/09/27 13:17:22, 76.389, 228.251, 77.38, 114.98, 151.175, 150.259, 89.22, 90.21, 0.1
2007/09/27 13:19:22, 76.542, 225.809, 77.63, 115.14, 152.244, 150.87, 89.35, 90.45, 0.2
2007/09/27 13:21:22, 76.236, 223.825, 77.72, 114.98, 151.175, 149.802, 89.82, 90.57, 0.0
2007/09/27 13:23:22, 75.626, 225.962, 77.92, 114.87, 151.786, 150.717, 89.51, 90.54, 0.2
2007/09/27 13:25:22, 75.778, 230.693, 78.08, 115.48, 153.159, 152.244, 89.73, 90.54, 0.1
2007/09/27 13:27:22, 76.084, 224.435, 78.17, 115.30, 152.701, 152.244, 90.00, 90.79, 0.1
2007/09/27 13:29:22, 76.694, 225.809, 78.24, 115.75, 152.549, 151.328, 90.18, 91.09, 0.1
2007/09/27 13:31:22, 76.084, 225.198, 78.44, 115.59, 152.549, 151.633, 89.82, 90.88, 0.1
2007/09/27 13:33:22, 76.236, 229.777, 78.53, 115.92, 154.38, 152.244, 90.36, 91.06, 0.2
2007/09/27 13:35:22, 75.931, 225.962, 78.49, 115.92, 153.159, 151.786, 90.09, 90.97, 0.1
2007/09/27 13:37:22, 75.015, 223.52, 78.37, 115.30, 152.244, 151.328, 90.30, 91.06, 0.1
2007/09/27 13:39:22, 75.778, 230.846, 78.08, 115.59, 153.159, 154.075, 90.48, 91.18, 0.1
2007/09/27 13:41:22, 75.473, 221.993, 78.04, 115.36, 151.633, 151.328, 90.36, 91.22, 0.1
2007/09/27 13:43:22, 75.931, 221.993, 77.88, 115.59, 152.244, 150.565, 90.61, 91.27, 0.2
2007/09/27 13:45:22, 75.473, 220.772, 77.92, 115.25, 151.023, 149.954, 90.54, 91.22, 0.1
2007/09/27 13:47:22, 75.473, 225.504, 77.92, 115.25, 151.633, 150.259, 90.66, 91.22, 0.1
2007/09/27 13:49:22, 75.931, 227.183, 77.88, 115.25, 152.549, 151.48, 90.61, 91.00, 0.1
2007/09/27 13:51:22, 75.473, 227.793, 78.04, 115.25, 152.701, 151.023, 90.36, 91.00, 0.1
2007/09/27 13:53:22, 76.236, 229.319, 77.67, 115.41, 152.701, 152.244, 90.39, 90.91, 0.2
2007/09/27 13:55:22, 76.542, 230.693, 77.54, 115.30, 152.854, 152.701, 90.39, 91.13, 0.1
2007/09/27 13:57:22, 76.847, 232.524, 77.50, 115.41, 153.007, 152.549, 90.30, 91.22, 0.1
2007/09/27 13:59:22, 76.999, 232.067, 77.72, 115.41, 153.159, 151.633, 90.79, 91.31, 0.1
2007/09/27 14:01:22, 76.694, 229.777, 77.88, 115.41, 152.701, 151.48, 90.79, 91.62, 0.2
2007/09/27 14:03:22, 76.999, 230.082, 78.04, 115.86, 153.465, 152.396, 90.48, 91.49, 0.1
2007/09/27 14:05:22, 76.847, 230.54, 78.24, 115.70, 152.854, 151.48, 90.97, 91.58, 0.1
2007/09/27 14:07:22, 76.542, 228.251, 78.33, 115.86, 153.007, 151.938, 90.66, 91.58, 0.1
2007/09/27 14:09:22, 76.236, 226.572, 78.49, 115.97, 152.244, 150.717, 90.84, 91.71, 0.1
2007/09/27 14:11:22, 76.084, 227.03, 78.60, 115.92, 153.77, 154.686, 90.70, 91.67, 0.1
2007/09/27 14:13:22, 76.389, 227.183, 78.66, 116.02, 153.77, 152.854, 90.79, 91.71, 0.2
2007/09/27 14:15:22, 76.694, 231.456, 78.57, 116.24, 154.075, 153.465, 91.27, 92.12, 0.1
2007/09/27 14:17:22, 77.152, 230.998, 78.17, 116.29, 152.854, 152.549, 91.40, 92.12, 0.1
2007/09/27 14:19:22, 76.999, 234.814, 77.95, 116.02, 153.159, 153.465, 91.49, 92.16, 0.1
2007/09/27 14:21:22, 76.694, 231.761, 77.88, 115.92, 153.312, 152.549, 91.40, 92.03, 0.1
2007/09/27 14:23:22, 76.389, 227.335, 77.88, 115.75, 152.854, 151.786, 91.53, 92.12, 0.2
2007/09/27 14:25:22, 76.389, 228.861, 77.88, 115.65, 152.396, 150.259, 91.31, 92.03, 0.1
2007/09/27 14:27:22, 75.931, 234.509, 77.92, 115.59, 152.854, 155.601, 91.58, 92.25, 0.1
2007/09/27 14:29:22, 76.389, 224.435, 77.79, 115.75, 153.465, 151.023, 91.35, 91.94, 0.1
2007/09/27 14:31:22, 76.694, 228.709, 77.63, 115.75, 153.312, 151.48, 91.49, 91.89, 0.1
2007/09/27 14:33:22, 76.542, 229.167, 77.83, 115.75, 154.686, 152.549, 91.76, 92.16, 0.2
2007/09/27 14:35:22, 76.389, 227.335, 78.04, 115.81, 153.159, 153.007, 91.49, 92.34, 0.1
2007/09/27 14:37:22, 76.542, 233.44, 78.12, 115.92, 154.533, 154.38, 91.94, 92.64, 0.1
2007/09/27 14:39:22, 77.457, 228.404, 78.04, 116.08, 153.617, 152.091, 91.71, 92.70, 0.1
2007/09/27 14:41:22, 77.915, 235.119, 78.01, 116.35, 155.143, 154.228, 92.07, 93.00, 0.2
2007/09/27 14:43:22, 77.61, 225.809, 78.04, 116.19, 152.396, 151.023, 91.98, 93.07, 0.1
2007/09/27 14:45:22, 76.542, 236.493, 78.33, 115.92, 153.922, 155.907, 91.80, 93.22, 0.1
2007/09/27 14:47:22, 77.61, 223.367, 78.21, 116.19, 152.854, 151.48, 92.43, 93.16, 0.1
2007/09/27 14:49:22, 76.389, 225.962, 78.44, 116.08, 153.617, 152.854, 92.03, 93.07, 0.1
2007/09/27 14:51:22, 77.457, 230.693, 78.24, 116.53, 154.075, 153.312, 92.37, 93.22, 0.2
2007/09/27 14:53:22, 77.61, 232.219, 77.83, 116.24, 154.686, 153.617, 92.61, 93.07, 0.1
2007/09/27 14:55:22, 76.999, 229.777, 77.54, 115.92, 152.549, 150.87, 92.52, 93.00, 0.1
2007/09/27 14:57:22, 76.694, 227.03, 77.47, 115.54, 153.465, 151.48, 91.94, 92.77, 0.1
2007/09/27 14:59:22, 76.542, 228.556, 77.31, 115.41, 152.396, 151.48, 91.94, 93.00, 0.2
2007/09/27 15:01:22, 76.999, 232.372, 77.00, 115.25, 152.854, 154.075, 92.37, 92.86, 0.0
2007/09/27 15:03:22, 76.694, 230.235, 76.96, 115.48, 152.701, 151.175, 92.46, 92.77, 0.2
2007/09/27 15:05:22, 76.084, 232.219, 77.18, 115.30, 152.854, 153.007, 92.03, 92.86, 0.1
2007/09/27 15:07:22, 76.389, 232.219, 77.09, 115.36, 152.244, 151.328, 91.94, 92.86, 0.1
2007/09/27 15:09:22, 76.542, 224.283, 77.09, 115.09, 151.328, 150.107, 91.85, 92.64, 0.1
2007/09/27 15:11:22, 75.626, 222.299, 77.50, 115.03, 151.023, 149.496, 92.16, 92.86, 0.2
2007/09/27 15:13:22, 76.236, 225.504, 77.63, 115.09, 152.854, 151.48, 92.21, 92.61, 0.1
2007/09/27 15:15:22, 75.626, 223.672, 77.59, 114.76, 150.87, 149.954, 91.94, 92.25, 0.1
2007/09/27 15:17:22, 75.931, 231.151, 77.79, 115.03, 152.549, 151.48, 91.49, 91.94, 0.1
2007/09/27 15:19:22, 76.847, 229.319, 77.79, 115.59, 154.075, 153.007, 91.94, 92.12, 0.1
2007/09/27 15:21:22, 76.236, 223.062, 77.95, 115.30, 152.701, 151.48, 91.67, 92.34, 0.2
2007/09/27 15:23:22, 76.542, 230.388, 78.17, 115.75, 154.991, 153.922, 91.94, 92.37, 0.1
2007/09/27 15:25:22, 76.542, 228.098, 78.33, 115.75, 153.77, 152.701, 91.53, 92.61, 0.1
2007/09/27 15:27:22, 76.694, 232.83, 78.21, 115.70, 153.465, 152.549, 91.94, 92.37, 0.1
2007/09/27 15:29:22, 76.389, 220.925, 77.95, 115.48, 152.244, 150.107, 91.85, 92.61, 0.1
2007/09/27 15:31:22, 76.084, 229.777, 77.63, 115.20, 152.396, 152.244, 91.58, 92.03, 0.2
2007/09/27 15:33:22, 76.694, 230.846, 77.18, 115.03, 151.786, 151.633, 91.94, 91.58, 0.1
2007/09/27 15:35:22, 76.236, 221.993, 77.00, 114.55, 149.649, 148.886, 91.67, 91.49, 0.1
2007/09/27 15:37:22, 75.626, 228.404, 77.05, 114.66, 151.328, 151.023, 91.44, 91.58, 0.1
2007/09/27 15:39:22, 75.473, 222.909, 77.13, 114.60, 149.954, 149.496, 91.44, 92.12, 0.1
2007/09/27 15:41:22, 75.931, 232.067, 76.96, 114.76, 151.786, 152.854, 91.22, 91.58, 0.2
2007/09/27 15:43:22, 76.236, 227.946, 76.80, 114.66, 151.023, 150.717, 91.13, 91.49, 0.1
2007/09/27 15:45:22, 76.694, 229.93, 76.73, 114.60, 151.328, 150.412, 91.22, 91.22, 0.1
2007/09/27 15:47:22, 76.847, 229.319, 76.80, 114.60, 151.48, 150.717, 91.49, 91.40, 0.1
2007/09/27 15:49:22, 76.847, 224.741, 77.18, 114.87, 151.023, 150.107, 91.13, 91.53, 0.1
2007/09/27 15:51:22, 76.084, 229.014, 77.47, 114.76, 151.633, 150.717, 90.84, 91.58, 0.1
2007/09/27 15:53:22, 76.542, 229.167, 77.50, 114.87, 152.244, 151.48, 90.97, 91.40, 0.2
2007/09/27 15:55:22, 76.694, 230.54, 77.67, 115.14, 152.244, 151.023, 90.97, 91.62, 0.1
2007/09/27 15:57:22, 76.084, 226.877, 77.88, 114.87, 152.091, 152.244, 90.48, 91.62, 0.1
2007/09/27 15:59:22, 76.084, 228.861, 77.88, 114.87, 152.549, 151.175, 90.54, 91.18, 0.1
2007/09/27 16:01:22, 76.389, 232.677, 78.01, 115.20, 153.617, 154.38, 90.48, 91.22, 0.1
2007/09/27 16:03:22, 77.305, 229.167, 77.88, 115.48, 152.701, 151.938, 91.09, 91.35, 0.2
2007/09/27 16:05:22, 76.999, 229.93, 77.72, 115.30, 153.007, 152.396, 90.75, 91.22, 0.1
2007/09/27 16:07:22, 77.305, 233.44, 77.50, 115.48, 153.312, 151.786, 91.13, 91.67, 0.1
2007/09/27 16:09:22, 76.847, 228.556, 77.59, 115.20, 150.565, 149.802, 91.35, 92.25, 0.1
2007/09/27 16:11:22, 75.778, 224.13, 77.72, 115.25, 150.717, 149.954, 90.91, 92.25, 0.2
2007/09/27 16:13:22, 76.084, 226.725, 77.54, 115.09, 151.786, 151.023, 91.13, 92.12, 0.1
2007/09/27 16:15:22, 75.626, 225.198, 77.50, 114.82, 150.717, 150.259, 91.58, 92.64, 0.1
2007/09/27 16:17:22, 76.084, 227.183, 77.34, 115.03, 151.48, 150.87, 91.62, 92.34, 0.1
2007/09/27 16:19:22, 75.321, 224.741, 77.38, 114.76, 150.565, 150.717, 91.71, 92.43, 0.1
2007/09/27 16:21:22, 75.473, 229.319, 77.38, 114.66, 151.175, 150.87, 91.40, 92.03, 0.2
2007/09/27 16:23:22, 76.084, 231.456, 77.13, 114.98, 151.938, 152.091, 91.53, 91.76, 0.1
2007/09/27 16:25:22, 76.084, 226.419, 77.18, 114.71, 151.633, 150.565, 91.94, 92.07, 0.1
2007/09/27 16:27:22, 75.473, 227.335, 77.18, 114.66, 151.938, 151.633, 91.44, 92.16, 0.1
2007/09/27 16:29:22, 76.389, 226.267, 77.00, 114.76, 150.412, 149.802, 91.35, 92.12, 0.1
2007/09/27 16:31:22, 75.473, 223.214, 77.13, 114.66, 151.023, 149.954, 91.40, 92.12, 0.2
2007/09/27 16:33:22, 75.778, 230.54, 77.09, 114.60, 151.938, 151.023, 91.35, 91.85, 0.1
2007/09/27 16:35:22, 75.778, 219.399, 77.05, 114.66, 150.412, 149.191, 91.49, 91.94, 0.1
2007/09/27 16:37:22, 75.015, 225.504, 77.18, 114.49, 150.565, 150.565, 91.18, 92.28, 0.1
2007/09/27 16:39:22, 75.626, 224.741, 77.05, 114.60, 151.48, 150.717, 91.31, 92.12, 0.1
2007/09/27 16:41:22, 75.778, 227.335, 77.18, 114.71, 151.938, 152.549, 91.58, 92.28, 0.1
2007/09/27 16:43:22, 75.778, 226.725, 77.34, 114.87, 152.396, 152.091, 91.76, 92.37, 0.2
2007/09/27 16:45:22, 76.236, 231.609, 77.25, 115.03, 152.854, 151.786, 91.98, 92.34, 0.1
2007/09/27 16:47:22, 76.694, 226.572, 77.25, 115.20, 152.396, 151.48, 91.62, 92.16, 0.1
2007/09/27 16:49:22, 76.236, 227.183, 77.50, 114.98, 152.091, 152.091, 91.94, 92.55, 0.1
2007/09/27 16:51:22, 76.542, 230.235, 77.63, 115.14, 154.38, 152.854, 92.12, 92.43, 0.1
2007/09/27 16:53:22, 76.084, 229.777, 78.04, 115.30, 153.922, 153.617, 91.58, 92.61, 0.2
2007/09/27 16:55:22, 76.999, 231.761, 78.01, 115.59, 154.38, 154.533, 91.67, 92.55, 0.1
2007/09/27 16:57:22, 76.999, 230.082, 78.08, 115.59, 153.007, 151.938, 91.85, 92.82, 0.1
2007/09/27 16:59:22, 76.542, 224.741, 78.28, 115.70, 152.854, 151.175, 91.89, 92.95, 0.1
2007/09/27 17:01:22, 75.931, 225.656, 78.40, 115.36, 152.854, 151.48, 91.44, 93.07, 0.1
2007/09/27 17:03:22, 75.931, 224.283, 78.37, 115.54, 152.701, 151.633, 91.94, 92.86, 0.2
2007/09/27 17:05:22, 75.778, 221.993, 78.37, 115.48, 151.938, 151.175, 91.58, 92.77, 0.1
2007/09/27 17:07:22, 75.626, 228.556, 78.17, 115.25, 152.854, 152.854, 92.03, 92.52, 0.1
2007/09/27 17:09:22, 76.389, 226.877, 77.88, 115.48, 153.312, 152.701, 91.94, 92.16, 0.1
2007/09/27 17:11:22, 76.694, 233.745, 77.59, 115.41, 153.312, 153.312, 92.12, 92.28, 0.1
2007/09/27 17:13:22, 76.542, 230.693, 77.59, 115.25, 152.854, 152.854, 91.89, 92.37, 0.2
2007/09/27 17:15:22, 75.626, 223.52, 77.59, 114.87, 151.48, 150.412, 91.71, 92.46, 0.1
2007/09/27 17:17:22, 75.015, 227.03, 77.67, 114.76, 152.396, 151.48, 91.89, 92.46, 0.1
2007/09/27 17:19:22, 75.626, 225.504, 77.54, 114.93, 152.854, 151.023, 91.94, 92.07, 0.1
2007/09/27 17:21:22, 75.321, 221.078, 77.54, 114.76, 151.328, 150.107, 91.76, 92.21, 0.1
2007/09/27 17:23:22, 75.321, 225.046, 77.54, 114.49, 151.938, 150.412, 91.40, 91.94, 0.1
2007/09/27 17:25:22, 75.778, 222.909, 77.38, 114.76, 151.023, 149.802, 91.35, 91.67, 0.2
2007/09/27 17:27:22, 75.321, 226.419, 77.54, 114.76, 152.701, 152.091, 91.58, 91.85, 0.1
2007/09/27 17:29:22, 75.931, 221.993, 77.67, 114.82, 151.633, 150.87, 91.67, 92.16, 0.1
2007/09/27 17:31:22, 75.778, 230.082, 77.88, 114.87, 153.159, 153.77, 91.18, 91.94, 0.1
2007/09/27 17:33:22, 76.389, 224.893, 77.92, 114.98, 153.312, 152.396, 91.44, 91.94, 0.1
2007/09/27 17:35:22, 76.999, 227.946, 77.92, 115.20, 153.465, 152.701, 91.49, 91.89, 0.2
2007/09/27 17:37:22, 76.999, 225.809, 78.01, 115.20, 152.091, 151.175, 91.35, 91.94, 0.1
2007/09/27 17:39:22, 76.542, 228.709, 78.21, 115.48, 153.465, 152.854, 91.31, 92.25, 0.1
2007/09/27 17:41:22, 77.152, 227.03, 78.08, 115.41, 153.465, 152.854, 91.31, 91.85, 0.1
2007/09/27 17:43:22, 76.847, 224.893, 78.24, 115.30, 151.633, 151.023, 91.44, 92.28, 0.1
2007/09/27 17:45:22, 76.084, 229.472, 78.28, 115.25, 153.617, 154.991, 91.18, 92.21, 0.2
2007/09/27 17:47:22, 76.084, 221.688, 78.08, 115.14, 151.48, 150.717, 91.22, 92.21, 0.1
2007/09/27 17:49:22, 76.084, 228.861, 77.72, 114.98, 153.159, 152.701, 91.62, 92.03, 0.1
2007/09/27 17:51:22, 76.084, 228.861, 77.54, 114.87, 152.549, 152.549, 91.53, 91.85, 0.1
2007/09/27 17:53:22, 76.542, 228.098, 77.34, 114.87, 151.938, 151.175, 91.22, 91.40, 0.2
2007/09/27 17:55:22, 76.236, 225.962, 77.31, 114.66, 151.175, 150.565, 91.49, 91.58, 0.1
2007/09/27 17:57:22, 76.389, 226.877, 77.18, 114.76, 151.938, 151.175, 91.06, 91.00, 0.1
2007/09/27 17:59:22, 76.389, 226.419, 77.22, 114.55, 151.328, 149.954, 91.40, 91.44, 0.1
2007/09/27 18:01:22, 75.778, 228.861, 77.25, 114.55, 152.396, 151.175, 91.22, 91.44, 0.1
2007/09/27 18:03:22, 76.084, 229.472, 77.38, 114.49, 152.091, 151.175, 91.09, 91.44, 0.2
2007/09/27 18:05:22, 76.542, 228.404, 77.47, 114.60, 151.938, 151.023, 90.88, 91.27, 0.0
2007/09/27 18:07:22, 75.931, 221.841, 77.67, 114.44, 150.565, 149.344, 90.84, 91.49, 0.2
2007/09/27 18:09:22, 75.778, 234.356, 77.83, 114.71, 153.007, 152.244, 90.57, 91.40, 0.1
2007/09/27 18:11:22, 76.084, 225.504, 77.83, 114.66, 151.786, 150.412, 90.30, 91.13, 0.1
2007/09/27 18:13:22, 75.778, 223.977, 77.95, 114.66, 152.091, 151.023, 90.48, 91.00, 0.1
2007/09/27 18:15:22, 76.084, 227.183, 78.04, 114.93, 152.854, 151.938, 90.27, 90.91, 0.2
2007/09/27 18:17:22, 76.084, 222.299, 78.04, 114.87, 151.48, 150.717, 90.36, 91.13, 0.1
2007/09/27 18:19:22, 75.473, 224.588, 78.17, 114.66, 151.175, 150.107, 90.36, 91.27, 0.1
2007/09/27 18:21:22, 75.626, 222.909, 78.04, 114.71, 151.175, 150.259, 90.48, 91.00, 0.1
2007/09/27 18:23:22, 75.626, 225.504, 77.83, 114.60, 150.87, 150.717, 90.36, 90.79, 0.1
2007/09/27 18:25:22, 75.473, 221.23, 77.63, 114.39, 150.717, 149.344, 90.18, 90.36, 0.2
2007/09/27 18:27:22, 74.863, 222.909, 77.47, 114.17, 150.717, 150.412, 89.87, 90.36, 0.1
2007/09/27 18:29:22, 85.546, 190.4, 79.07, 112.21, 149.802, 148.733, 89.96, 90.21, 0.1
2007/09/27 18:31:22, 117.598, 185.516, 86.43, 104.32, 149.954, 149.344, 90.61, 91.35, 0.0
2007/09/27 18:33:22, 120.345, 182.158, 91.00, 100.49, 150.107, 149.191, 91.09, 91.85, 0.0
2007/09/27 18:35:22, 122.024, 178.648, 93.76, 99.00, 150.259, 149.496, 91.35, 92.55, 0.0
2007/09/27 18:37:22, 123.397, 176.206, 95.50, 98.17, 150.87, 149.802, 91.71, 93.49, 0.0
2007/09/27 18:39:22, 124.618, 174.069, 96.64, 97.70, 151.633, 149.954, 91.94, 93.97, 0.0
2007/09/27 18:41:22, 125.839, 172.39, 97.47, 97.43, 151.175, 150.412, 91.94, 94.33, 0.0
2007/09/27 18:43:22, 126.908, 171.932, 98.08, 97.38, 151.786, 150.87, 92.28, 94.86, 0.0
2007/09/27 18:45:22, 127.671, 170.711, 98.44, 97.23, 152.091, 151.328, 92.46, 95.13, 0.0
2007/09/27 18:47:22, 128.739, 170.101, 98.71, 97.00, 152.549, 151.175, 92.55, 95.22, 0.0
2007/09/27 18:49:22, 129.655, 169.338, 98.80, 96.73, 152.854, 151.48, 92.70, 95.13, 0.0
2007/09/27 18:51:22, 130.571, 168.422, 98.94, 96.46, 153.159, 152.091, 92.64, 95.07, 0.0
2007/09/27 18:53:22, 131.487, 168.269, 99.03, 96.40, 153.159, 152.396, 92.91, 95.40, 0.0
2007/09/27 18:55:22, 132.097, 167.201, 99.09, 96.22, 152.549, 152.244, 92.86, 95.07, 0.0
2007/09/27 18:57:22, 132.86, 166.438, 99.03, 95.81, 153.312, 152.244, 93.00, 95.40, 0.0
2007/09/27 18:59:22, 133.776, 166.132, 99.03, 95.95, 153.77, 152.701, 93.04, 95.50, 0.0
2007/09/27 19:01:22, 134.386, 165.675, 99.14, 95.95, 154.686, 152.854, 93.00, 95.59, 0.0
2007/09/27 19:03:22, 135.15, 165.522, 99.09, 95.92, 155.296, 153.465, 93.13, 95.59, 0.0
2007/09/27 19:05:22, 135.913, 164.911, 99.09, 95.95, 155.601, 153.77, 93.00, 95.36, 0.0
2007/09/27 19:07:22, 136.523, 164.454, 99.09, 95.86, 155.449, 153.617, 93.07, 95.31, 0.0
2007/09/27 19:09:22, 137.286, 162.469, 99.03, 95.36, 155.143, 153.617, 93.07, 95.54, 0.0
2007/09/27 19:11:22, 137.897, 162.012, 99.09, 95.22, 154.533, 153.617, 92.86, 95.50, 0.0
2007/09/27 19:13:22, 138.507, 160.943, 99.09, 94.95, 154.686, 153.617, 92.77, 95.40, 0.0
2007/09/27 19:15:22, 139.118, 160.18, 99.09, 94.86, 154.38, 153.77, 92.73, 95.36, 0.0
2007/09/27 19:17:22, 139.576, 159.722, 99.00, 94.51, 154.38, 153.77, 92.82, 95.13, 0.0
2007/09/27 19:19:22, 140.034, 158.959, 99.03, 94.46, 154.38, 153.465, 92.64, 95.07, 0.0
2007/09/27 19:21:22, 140.644, 158.349, 99.00, 94.24, 154.228, 153.007, 92.77, 94.91, 0.0
2007/09/27 19:23:22, 141.102, 157.28, 98.94, 94.06, 154.38, 153.159, 92.77, 94.91, 0.0
2007/09/27 19:25:22, 141.56, 156.822, 99.00, 93.85, 154.533, 153.007, 92.46, 95.04, 0.0
2007/09/27 19:27:22, 142.323, 155.754, 98.94, 93.58, 154.228, 153.007, 92.70, 95.04, 0.0
2007/09/27 19:29:22, 143.086, 154.838, 99.00, 93.31, 154.533, 153.159, 92.55, 95.07, 0.0
2007/09/27 19:31:22, 143.697, 154.228, 98.94, 92.91, 154.228, 153.007, 92.52, 94.82, 0.0
2007/09/27 19:33:22, 144.46, 153.77, 98.91, 88.23, 153.312, 152.701, 92.21, 94.68, 0.0
2007/09/27 19:35:22, 145.223, 153.159, 98.85, 85.15, 154.38, 152.701, 92.16, 94.60, 0.0
2007/09/27 19:37:22, 146.291, 152.091, 98.76, 83.55, 153.617, 152.549, 92.03, 94.10, 0.0
2007/09/27 19:39:22, 147.36, 150.717, 98.80, 83.05, 153.617, 152.091, 91.98, 94.19, 0.0
2007/09/27 19:41:22, 148.886, 149.344, 98.76, 83.73, 153.312, 151.786, 91.80, 94.15, 0.0
2007/09/27 19:43:22, 149.802, 149.191, 98.56, 83.64, 153.159, 151.48, 91.58, 93.94, 0.0
2007/09/27 19:45:22, 149.649, 149.038, 98.20, 85.59, 152.091, 151.328, 91.62, 93.61, 0.0
2007/09/27 19:47:22, 149.649, 148.733, 97.88, 87.08, 151.633, 150.87, 91.49, 93.52, 0.0
2007/09/27 19:49:22, 149.496, 148.581, 97.52, 88.20, 151.786, 150.259, 91.13, 92.91, 0.0
2007/09/27 19:51:22, 149.191, 148.123, 97.23, 88.27, 150.87, 149.802, 91.09, 92.95, 0.0
2007/09/27 19:53:22, 148.581, 147.817, 96.91, 88.45, 150.87, 149.038, 91.00, 92.77, 0.0
2007/09/27 19:55:22, 148.123, 147.36, 96.64, 89.26, 149.954, 149.191, 90.79, 92.91, 0.0
2007/09/27 19:57:22, 147.817, 146.902, 96.31, 90.09, 149.954, 148.886, 90.84, 92.77, 0.0
2007/09/27 19:59:22, 147.207, 146.749, 96.01, 90.48, 150.107, 148.733, 90.79, 92.52, 0.0
2007/09/27 20:01:22, 146.902, 146.139, 95.72, 90.75, 149.191, 148.581, 90.70, 92.64, 0.0
2007/09/27 20:03:22, 146.596, 145.986, 95.50, 90.88, 148.428, 147.665, 90.45, 92.25, 0.0
2007/09/27 20:05:22, 146.291, 145.528, 95.31, 90.75, 148.275, 147.36, 90.30, 92.34, 0.0
2007/09/27 20:07:22, 145.986, 145.375, 95.04, 90.61, 148.275, 146.749, 90.18, 92.16, 0.0
2007/09/27 20:09:22, 145.833, 144.918, 94.82, 90.54, 147.97, 147.054, 90.14, 92.16, 0.0
2007/09/27 20:11:22, 145.375, 144.612, 94.64, 90.48, 147.512, 146.596, 90.05, 91.76, 0.0
2007/09/27 20:13:22, 145.07, 144.154, 94.46, 90.48, 146.902, 146.139, 89.96, 91.58, 0.0
2007/09/27 20:15:22, 144.765, 144.002, 94.24, 90.36, 146.749, 146.139, 90.05, 91.76, 0.0
2007/09/27 20:17:22, 144.46, 143.697, 94.06, 90.18, 147.054, 145.986, 89.91, 91.62, 0.0
2007/09/27 20:19:22, 144.154, 143.697, 93.94, 90.00, 146.444, 145.681, 90.00, 91.58, 0.0
2007/09/27 20:21:22, 143.849, 143.239, 93.70, 89.91, 146.291, 145.528, 89.82, 91.00, 0.0
2007/09/27 20:23:22, 143.697, 143.086, 93.58, 89.73, 146.596, 144.918, 89.69, 91.00, 0.0
2007/09/27 20:25:22, 143.544, 142.628, 93.43, 89.64, 146.139, 144.612, 89.64, 90.91, 0.0
2007/09/27 20:27:22, 143.391, 142.781, 93.25, 89.47, 146.596, 144.765, 89.82, 91.06, 0.0
2007/09/27 20:29:22, 143.086, 142.476, 93.04, 89.38, 145.986, 144.46, 89.69, 90.66, 0.0
2007/09/27 20:31:22, 142.781, 142.17, 92.91, 89.44, 145.528, 144.307, 89.64, 90.97, 0.0
2007/09/27 20:33:22, 142.476, 141.865, 92.77, 89.22, 145.375, 143.849, 89.38, 90.66, 0.0
2007/09/27 20:35:22, 142.323, 141.56, 92.61, 89.01, 145.375, 143.544, 89.38, 90.27, 0.0
2007/09/27 20:37:22, 142.018, 141.712, 92.52, 88.97, 145.223, 143.697, 89.26, 90.27, 0.0
2007/09/27 20:39:22, 141.865, 141.255, 92.37, 88.92, 144.612, 143.697, 89.26, 90.27, 0.0
2007/09/27 20:41:22, 141.712, 141.102, 92.25, 88.70, 144.765, 143.239, 89.19, 90.21, 0.0
2007/09/27 20:43:22, 141.407, 140.644, 92.07, 88.70, 144.612, 143.391, 89.13, 90.05, 0.0
2007/09/27 20:45:22, 141.102, 140.491, 91.85, 88.66, 144.612, 142.933, 89.19, 89.82, 0.0
2007/09/27 20:47:22, 140.797, 140.339, 91.80, 88.45, 143.849, 142.933, 89.26, 90.21, 0.0
2007/09/27 20:49:22, 140.644, 140.034, 91.62, 88.27, 143.849, 142.476, 89.04, 89.60, 0.0
2007/09/27 20:51:22, 140.339, 139.576, 91.49, 88.27, 143.697, 142.476, 89.13, 89.64, 0.0
2007/09/27 20:53:22, 140.034, 139.576, 91.44, 88.14, 143.544, 142.17, 88.88, 89.87, 0.0
2007/09/27 20:55:22, 139.881, 138.965, 91.27, 88.05, 143.239, 142.018, 88.84, 89.73, 0.0
2007/09/27 20:57:22, 139.728, 138.965, 91.13, 87.96, 143.239, 141.56, 88.75, 89.56, 0.0
2007/09/27 20:59:22, 139.423, 138.813, 91.00, 87.84, 142.781, 141.407, 88.63, 89.47, 0.0
2007/09/27 21:01:22, 139.27, 138.507, 90.84, 87.75, 143.391, 141.255, 88.54, 89.10, 0.0
2007/09/27 21:03:22, 139.118, 138.507, 90.75, 87.55, 142.476, 141.255, 88.70, 89.47, 0.0
2007/09/27 21:05:22, 138.965, 137.897, 90.57, 87.33, 142.17, 140.797, 88.66, 89.01, 0.0
2007/09/27 21:07:22, 138.66, 137.897, 90.45, 87.37, 141.865, 140.797, 88.63, 88.97, 0.0
2007/09/27 21:09:22, 138.202, 137.592, 90.36, 87.33, 141.712, 140.644, 88.48, 89.04, 0.0
2007/09/27 21:11:22, 137.897, 136.981, 90.14, 87.21, 141.56, 140.034, 88.45, 88.79, 0.0
2007/09/27 21:13:22, 137.592, 136.981, 90.09, 87.15, 141.255, 139.728, 88.27, 88.97, 0.0
2007/09/27 21:15:22, 137.439, 136.676, 89.96, 86.99, 141.712, 139.423, 88.05, 88.48, 0.0
2007/09/27 21:17:22, 137.134, 136.371, 89.78, 86.83, 140.644, 139.423, 88.23, 88.48, 0.0
2007/09/27 21:19:22, 136.828, 136.065, 89.73, 86.77, 140.797, 139.27, 87.93, 88.48, 0.0
2007/09/27 21:21:22, 136.371, 135.76, 89.64, 86.65, 140.644, 138.813, 88.02, 88.57, 0.0
2007/09/27 21:23:22, 136.218, 135.607, 89.44, 86.40, 140.186, 139.118, 88.02, 88.23, 0.0
2007/09/27 21:25:22, 135.913, 135.455, 89.35, 86.25, 140.339, 138.965, 87.80, 87.96, 0.0
2007/09/27 21:27:22, 135.76, 135.15, 89.35, 86.13, 140.491, 138.66, 87.80, 88.20, 0.0
2007/09/27 21:29:22, 135.455, 134.692, 89.22, 86.04, 139.423, 138.202, 87.84, 88.11, 0.0
2007/09/27 21:31:22, 135.15, 134.539, 89.10, 85.91, 139.728, 137.897, 87.49, 87.75, 0.0
2007/09/27 21:33:22, 134.844, 134.081, 88.92, 85.84, 139.423, 137.592, 87.42, 87.67, 0.0
2007/09/27 21:35:22, 134.692, 133.929, 88.88, 85.66, 138.813, 137.439, 87.33, 87.67, 0.0
2007/09/27 21:37:22, 134.386, 133.776, 88.84, 85.53, 138.66, 137.439, 87.46, 87.71, 0.0
2007/09/27 21:39:22, 134.081, 133.318, 88.63, 85.24, 138.355, 137.439, 87.42, 87.30, 0.0
2007/09/27 21:41:22, 133.776, 133.165, 88.54, 85.15, 138.049, 137.134, 87.46, 87.46, 0.0
2007/09/27 21:43:22, 133.471, 132.708, 88.45, 85.15, 137.744, 136.523, 87.12, 87.33, 0.0
2007/09/27 21:45:22, 133.165, 132.402, 88.36, 85.12, 137.592, 136.676, 87.21, 87.42, 0.0
2007/09/27 21:47:22, 133.013, 132.097, 88.11, 84.90, 136.981, 136.523, 87.08, 86.90, 0.0
2007/09/27 21:49:22, 132.708, 132.097, 87.96, 84.78, 136.828, 136.371, 87.12, 86.83, 0.0
2007/09/27 21:51:22, 132.402, 131.639, 87.96, 84.69, 137.134, 136.065, 86.83, 86.99, 0.0
2007/09/27 21:53:22, 132.25, 131.487, 87.89, 84.69, 137.286, 135.15, 86.74, 87.03, 0.0
2007/09/27 21:55:22, 131.944, 131.334, 87.75, 84.49, 136.828, 134.844, 86.77, 87.12, 0.0
2007/09/27 21:57:22, 131.792, 131.029, 87.58, 84.27, 136.065, 134.844, 86.86, 86.90, 0.0
2007/09/27 21:59:22, 131.487, 130.723, 87.58, 84.15, 135.913, 134.386, 86.61, 86.83, 0.0
2007/09/27 22:01:22, 131.181, 130.571, 87.42, 84.02, 135.455, 134.386, 86.40, 86.56, 0.0
2007/09/27 22:03:22, 131.029, 130.266, 87.30, 83.86, 135.15, 134.081, 86.65, 86.65, 0.0
2007/09/27 22:05:22, 130.723, 130.266, 87.24, 83.73, 135.15, 133.776, 86.34, 86.40, 0.0
2007/09/27 22:07:22, 130.571, 129.96, 87.15, 83.55, 135.15, 133.776, 86.25, 86.09, 0.0
2007/09/27 22:09:22, 130.266, 129.808, 86.95, 83.48, 135.15, 133.929, 86.25, 85.78, 0.0
2007/09/27 22:11:22, 129.96, 129.35, 86.90, 83.35, 134.997, 133.776, 86.40, 86.09, 0.0
2007/09/27 22:13:22, 129.96, 129.35, 86.77, 83.17, 134.692, 133.471, 86.09, 85.71, 0.0
2007/09/27 22:15:22, 129.808, 128.892, 86.74, 83.14, 134.386, 133.318, 85.96, 85.66, 0.0
2007/09/27 22:17:22, 129.502, 128.739, 86.56, 83.10, 134.081, 133.165, 85.91, 85.66, 0.0
2007/09/27 22:19:22, 129.197, 128.739, 86.47, 82.92, 134.234, 133.165, 86.09, 85.75, 0.0
2007/09/27 22:21:22, 129.045, 128.434, 86.43, 82.92, 134.081, 132.86, 85.75, 85.41, 0.0
2007/09/27 22:23:22, 128.739, 128.281, 86.40, 82.85, 133.776, 132.555, 85.75, 85.53, 0.0
2007/09/27 22:25:22, 128.587, 128.129, 86.22, 82.54, 133.471, 132.555, 85.75, 84.99, 0.0
2007/09/27 22:27:22, 128.434, 127.824, 86.09, 82.51, 133.623, 132.555, 85.71, 85.08, 0.0
2007/09/27 22:29:22, 128.281, 127.671, 86.09, 82.38, 133.318, 132.555, 85.75, 85.41, 0.0
2007/09/27 22:31:22, 128.129, 127.366, 86.04, 82.35, 133.165, 132.402, 85.50, 85.12, 0.0
2007/09/27 22:33:22, 127.976, 127.518, 85.91, 82.22, 133.013, 132.097, 85.62, 85.28, 0.0
2007/09/27 22:35:22, 127.824, 127.366, 85.75, 82.00, 132.86, 132.097, 85.41, 84.83, 0.0
2007/09/27 22:37:22, 127.671, 127.06, 85.62, 81.84, 133.013, 131.792, 85.50, 84.87, 0.0
2007/09/27 22:39:22, 127.518, 127.06, 85.66, 81.75, 133.013, 131.639, 85.46, 84.99, 0.0
2007/09/27 22:41:22, 127.366, 126.908, 85.50, 81.81, 132.708, 131.487, 85.12, 84.65, 0.0
2007/09/27 22:43:22, 127.06, 126.603, 85.37, 81.88, 132.402, 131.487, 85.03, 84.78, 0.0
2007/09/27 22:45:22, 126.908, 126.45, 85.24, 81.84, 132.25, 131.029, 85.24, 84.90, 0.0
2007/09/27 22:47:22, 126.603, 125.839, 85.03, 81.68, 131.944, 130.723, 85.08, 84.65, 0.0
2007/09/27 22:49:22, 126.297, 125.839, 85.03, 81.68, 131.792, 130.571, 84.78, 84.56, 0.0
2007/09/27 22:51:22, 125.992, 125.687, 84.87, 81.46, 131.792, 130.571, 84.83, 84.43, 0.0
2007/09/27 22:53:22, 125.839, 125.382, 84.87, 81.39, 131.792, 130.571, 84.69, 84.56, 0.0
2007/09/27 22:55:22, 125.687, 125.229, 84.69, 81.18, 131.487, 130.418, 84.65, 84.18, 0.0
2007/09/27 22:57:22, 125.534, 125.382, 84.69, 81.05, 131.334, 130.418, 84.69, 84.43, 0.0
2007/09/27 22:59:22, 125.687, 125.076, 84.61, 81.01, 131.487, 130.266, 84.61, 84.34, 0.0
2007/09/27 23:01:22, 125.534, 125.076, 84.43, 80.74, 131.334, 130.113, 84.65, 83.86, 0.0
2007/09/27 23:03:22, 125.534, 124.924, 84.43, 80.83, 131.029, 130.113, 84.34, 83.80, 0.0
2007/09/27 23:05:22, 125.382, 124.618, 84.27, 80.74, 131.181, 130.113, 84.56, 83.97, 0.0
2007/09/27 23:07:22, 125.229, 124.618, 84.18, 80.71, 130.723, 129.96, 84.49, 83.86, 0.0
2007/09/27 23:09:22, 125.076, 124.313, 84.09, 80.67, 130.418, 129.96, 84.43, 83.89, 0.0
2007/09/27 23:11:22, 124.924, 124.313, 84.02, 80.62, 130.266, 129.502, 84.06, 83.80, 0.0
2007/09/27 23:13:22, 124.618, 123.855, 83.89, 80.35, 130.266, 129.502, 84.09, 83.86, 0.0
2007/09/27 23:15:22, 124.161, 123.855, 83.93, 80.26, 129.808, 129.502, 84.18, 84.06, 0.0
2007/09/27 23:17:22, 124.008, 123.55, 83.86, 79.81, 129.808, 129.35, 83.89, 83.73, 0.0
2007/09/27 23:19:22, 123.855, 123.397, 83.64, 74.61, 130.571, 129.197, 84.09, 83.86, 0.0
2007/09/27 23:21:22, 123.703, 123.092, 83.61, 72.79, 129.502, 128.892, 84.02, 83.80, 0.0
2007/09/27 23:23:22, 123.703, 123.092, 83.52, 72.91, 129.96, 128.739, 83.93, 83.68, 0.0
2007/09/27 23:25:22, 123.55, 123.092, 83.39, 75.96, 129.502, 128.739, 83.55, 83.26, 0.0
2007/09/27 23:27:22, 123.397, 122.94, 83.17, 78.08, 130.113, 128.434, 83.43, 83.17, 0.0
2007/09/27 23:29:22, 123.245, 122.787, 83.05, 78.89, 129.045, 127.976, 83.35, 83.10, 0.0
2007/09/27 23:31:22, 123.092, 122.634, 82.85, 79.18, 129.197, 127.824, 83.43, 83.10, 0.0
2007/09/27 23:33:22, 122.94, 122.329, 82.80, 79.48, 129.045, 127.824, 83.14, 83.05, 0.0
2007/09/27 23:35:22, 122.634, 122.329, 82.72, 79.68, 128.892, 127.518, 83.14, 83.14, 0.0
2007/09/27 23:37:22, 122.482, 122.176, 82.60, 79.68, 128.587, 127.213, 83.05, 83.05, 0.0
2007/09/27 23:39:22, 122.329, 122.024, 82.51, 79.61, 128.281, 127.06, 83.10, 83.17, 0.0
2007/09/27 23:41:22, 122.176, 121.719, 82.45, 79.52, 127.976, 126.908, 82.92, 83.17, 0.0
2007/09/27 23:43:22, 122.024, 121.719, 82.35, 79.43, 127.366, 126.603, 82.92, 83.17, 0.0
2007/09/27 23:45:22, 121.871, 121.413, 82.09, 79.30, 127.06, 126.603, 82.85, 82.76, 0.0
2007/09/27 23:47:22, 121.871, 121.566, 82.17, 79.11, 127.06, 126.145, 82.85, 83.05, 0.0
2007/09/27 23:49:22, 121.719, 121.413, 82.00, 79.11, 126.755, 126.145, 82.80, 82.76, 0.0
2007/09/27 23:51:22, 121.719, 121.413, 81.93, 79.07, 126.908, 126.145, 82.72, 82.76, 0.0
2007/09/27 23:53:22, 121.566, 121.108, 81.84, 79.11, 126.603, 125.839, 82.45, 82.42, 0.0
2007/09/27 23:55:22, 121.566, 121.261, 81.88, 79.14, 126.908, 125.687, 82.42, 82.45, 0.0
2007/09/27 23:57:22, 121.566, 121.108, 81.75, 79.02, 126.908, 125.992, 82.29, 82.13, 0.0
2007/09/27 23:59:22, 121.566, 121.108, 81.75, 78.98, 126.755, 125.992, 82.29, 82.13, 0.0
2007/09/28 0:01:22, 121.566, 121.413, 81.75, 78.94, 126.603, 125.839, 82.26, 82.17, 0.0
2007/09/28 0:03:22, 121.719, 121.719, 81.72, 77.67, 126.908, 125.839, 82.51, 82.38, 0.0
2007/09/28 0:05:22, 121.871, 121.719, 81.68, 73.60, 126.603, 125.992, 82.17, 82.00, 0.0
2007/09/28 0:07:22, 121.871, 121.719, 81.64, 72.50, 126.603, 125.839, 82.42, 82.13, 0.0
2007/09/28 0:09:22, 122.176, 121.871, 81.59, 72.23, 126.755, 125.687, 82.35, 82.13, 0.0
2007/09/28 0:11:22, 122.482, 122.176, 81.68, 72.10, 126.297, 125.534, 82.22, 82.35, 0.0
2007/09/28 0:13:22, 122.787, 122.329, 81.68, 71.37, 126.45, 125.534, 82.22, 82.42, 0.0
2007/09/28 0:15:22, 122.94, 122.329, 81.52, 72.50, 126.908, 125.534, 82.09, 81.97, 0.0
2007/09/28 0:17:22, 122.94, 122.329, 81.55, 73.92, 126.755, 125.839, 82.13, 82.22, 0.0
2007/09/28 0:19:22, 122.94, 122.634, 81.39, 73.08, 126.908, 125.839, 82.06, 81.88, 0.0
2007/09/28 0:21:22, 123.092, 122.482, 81.43, 73.18, 127.824, 125.839, 81.93, 82.06, 0.0
2007/09/28 0:23:22, 122.94, 122.634, 81.18, 75.70, 126.908, 125.687, 81.97, 81.84, 0.0
2007/09/28 0:25:22, 122.94, 122.329, 81.05, 77.09, 126.755, 125.687, 81.84, 81.75, 0.0
2007/09/28 0:27:22, 122.787, 122.176, 81.05, 75.74, 127.06, 125.992, 82.00, 82.26, 0.0
2007/09/28 0:29:22, 122.787, 122.329, 80.89, 72.43, 127.213, 125.839, 81.81, 81.84, 0.0
2007/09/28 0:31:22, 122.787, 122.176, 81.01, 71.82, 127.824, 126.145, 81.72, 82.00, 0.0
2007/09/28 0:33:22, 122.787, 122.329, 80.96, 71.13, 127.824, 126.297, 81.68, 81.84, 0.0
2007/09/28 0:35:22, 122.787, 122.634, 80.92, 71.20, 127.976, 126.45, 81.84, 82.00, 0.0
2007/09/28 0:37:22, 122.787, 122.176, 80.74, 73.47, 127.976, 126.297, 81.84, 81.84, 0.0
2007/09/28 0:39:22, 122.787, 122.176, 80.67, 75.74, 127.976, 126.45, 81.72, 81.55, 0.0
2007/09/28 0:41:22, 122.634, 122.329, 80.62, 77.09, 127.213, 126.297, 81.43, 81.72, 0.0
2007/09/28 0:43:22, 122.634, 122.024, 80.51, 77.67, 127.366, 126.297, 81.39, 81.52, 0.0
2007/09/28 0:45:22, 122.634, 121.871, 80.38, 77.88, 127.518, 125.992, 81.34, 81.52, 0.0
2007/09/28 0:47:22, 122.634, 122.176, 80.29, 78.04, 127.976, 126.145, 81.59, 81.55, 0.0
2007/09/28 0:49:22, 122.634, 122.024, 80.29, 78.12, 126.908, 125.992, 81.55, 81.72, 0.0
2007/09/28 0:51:22, 122.482, 121.719, 80.19, 78.21, 127.366, 125.992, 81.30, 81.27, 0.0
2007/09/28 0:53:22, 122.482, 121.719, 80.06, 78.12, 126.908, 125.839, 81.34, 81.43, 0.0
2007/09/28 0:55:22, 122.482, 121.719, 80.01, 78.21, 126.755, 125.687, 81.39, 81.72, 0.0
2007/09/28 0:57:22, 122.482, 121.719, 80.06, 78.21, 126.755, 125.534, 81.05, 81.81, 0.0
2007/09/28 0:59:22, 122.329, 121.566, 79.90, 78.12, 126.908, 125.992, 81.01, 81.43, 0.0
2007/09/28 1:01:22, 122.329, 121.719, 79.93, 78.17, 126.755, 125.839, 81.01, 81.55, 0.0
2007/09/28 1:03:22, 122.176, 121.566, 79.84, 78.12, 127.06, 125.839, 80.96, 81.34, 0.0
2007/09/28 1:05:22, 122.176, 121.719, 79.77, 78.08, 127.06, 125.839, 80.89, 81.30, 0.0
2007/09/28 1:07:22, 122.176, 121.566, 79.65, 77.88, 127.213, 125.839, 80.89, 80.92, 0.0
2007/09/28 1:09:22, 122.176, 121.566, 79.68, 77.88, 127.213, 125.687, 80.83, 81.14, 0.0
2007/09/28 1:11:22, 122.024, 121.566, 79.52, 77.95, 127.06, 125.687, 81.05, 81.09, 0.0
2007/09/28 1:13:22, 121.871, 121.413, 79.52, 78.08, 126.908, 125.687, 80.83, 81.39, 0.0
2007/09/28 1:15:22, 121.871, 121.413, 79.48, 78.04, 126.908, 125.382, 80.74, 81.52, 0.0
2007/09/28 1:17:22, 121.871, 121.413, 79.27, 77.92, 126.755, 125.534, 80.71, 81.09, 0.0
2007/09/28 1:19:22, 121.719, 121.108, 79.27, 77.92, 126.603, 125.076, 80.51, 81.09, 0.0
2007/09/28 1:21:22, 121.566, 121.108, 79.27, 77.92, 126.45, 125.076, 80.46, 81.34, 0.0
2007/09/28 1:23:22, 121.566, 120.955, 79.14, 77.79, 126.145, 124.924, 80.38, 80.92, 0.0
2007/09/28 1:25:22, 121.566, 120.955, 79.07, 77.79, 125.992, 124.924, 80.29, 80.96, 0.0
2007/09/28 1:27:22, 121.413, 121.108, 79.07, 77.76, 125.992, 124.618, 80.26, 81.34, 0.0
2007/09/28 1:29:22, 121.413, 120.803, 79.02, 77.72, 125.534, 124.466, 80.29, 81.21, 0.0
2007/09/28 1:31:22, 121.413, 120.803, 78.85, 77.59, 125.687, 124.313, 80.29, 80.80, 0.0
2007/09/28 1:33:22, 121.261, 120.498, 78.85, 77.59, 125.076, 124.313, 80.13, 80.89, 0.0
2007/09/28 1:35:22, 121.108, 120.345, 78.85, 77.54, 125.076, 124.313, 80.38, 81.39, 0.0
2007/09/28 1:37:22, 120.803, 120.192, 78.82, 77.50, 125.229, 124.618, 80.06, 81.34, 0.0
2007/09/28 1:39:22, 120.65, 120.04, 78.66, 77.34, 125.076, 124.161, 80.01, 81.05, 0.0
2007/09/28 1:41:22, 120.498, 119.887, 78.60, 77.31, 125.382, 124.618, 79.81, 81.05, 0.0
2007/09/28 1:43:22, 120.345, 119.887, 78.53, 77.25, 125.076, 124.466, 79.81, 80.89, 0.0
2007/09/28 1:45:22, 120.345, 120.04, 78.53, 77.25, 124.771, 124.008, 79.77, 81.05, 0.0
2007/09/28 1:47:22, 120.345, 119.887, 78.37, 77.13, 124.924, 124.161, 79.77, 80.58, 0.0
2007/09/28 1:49:22, 120.345, 119.734, 78.40, 77.22, 124.618, 124.008, 79.93, 80.96, 0.0
2007/09/28 1:51:22, 120.192, 119.887, 78.24, 77.13, 125.076, 123.855, 79.65, 80.35, 0.0
2007/09/28 1:53:22, 120.192, 119.429, 78.28, 77.25, 124.924, 123.855, 79.72, 80.55, 0.0
2007/09/28 1:55:22, 120.04, 119.277, 78.21, 77.22, 124.771, 123.703, 79.61, 80.38, 0.0
2007/09/28 1:57:22, 119.887, 119.429, 78.12, 77.22, 124.771, 123.855, 79.68, 80.51, 0.0
2007/09/28 1:59:22, 119.887, 119.277, 78.08, 77.18, 124.313, 123.55, 79.52, 80.51, 0.0
2007/09/28 2:01:22, 119.734, 119.124, 77.83, 77.05, 124.008, 123.397, 79.65, 80.38, 0.0
2007/09/28 2:03:22, 119.582, 118.819, 77.79, 77.00, 124.618, 123.55, 79.36, 80.13, 0.0
2007/09/28 2:05:22, 119.429, 118.971, 77.83, 77.00, 124.313, 122.94, 79.43, 80.51, 0.0
2007/09/28 2:07:22, 119.277, 118.666, 77.76, 76.93, 124.466, 122.787, 79.30, 80.55, 0.0
2007/09/28 2:09:22, 119.277, 118.819, 77.67, 76.77, 124.161, 122.634, 79.30, 80.46, 0.0
2007/09/28 2:11:22, 119.277, 118.361, 77.59, 76.77, 124.466, 122.634, 79.02, 80.19, 0.0
2007/09/28 2:13:22, 119.124, 118.513, 77.47, 76.60, 124.161, 122.482, 79.27, 80.22, 0.0
2007/09/28 2:15:22, 119.124, 118.666, 77.47, 76.53, 123.55, 122.176, 79.18, 80.38, 0.0
2007/09/28 2:17:22, 119.124, 118.513, 77.47, 76.41, 123.55, 122.024, 79.07, 80.29, 0.0
2007/09/28 2:19:22, 119.124, 118.513, 77.41, 76.37, 122.787, 121.871, 78.89, 80.22, 0.0
2007/09/28 2:21:22, 118.971, 118.513, 77.31, 76.24, 122.94, 121.719, 78.94, 80.35, 0.0
2007/09/28 2:23:22, 118.971, 118.208, 77.22, 76.12, 123.092, 121.719, 78.60, 79.84, 0.0
2007/09/28 2:25:22, 118.971, 118.361, 77.18, 76.15, 122.634, 121.719, 78.85, 80.06, 0.0
2007/09/28 2:27:22, 118.971, 118.361, 77.00, 76.15, 122.94, 121.566, 78.73, 79.56, 0.0
2007/09/28 2:29:22, 118.819, 118.056, 76.96, 76.24, 122.634, 121.413, 78.57, 79.43, 0.0
2007/09/28 2:31:22, 118.513, 118.056, 76.89, 76.24, 122.634, 121.108, 78.44, 79.36, 0.0
2007/09/28 2:33:22, 118.361, 117.598, 76.84, 76.24, 122.482, 121.413, 78.33, 79.39, 0.0
2007/09/28 2:35:22, 118.056, 117.445, 76.80, 76.24, 122.329, 120.955, 78.53, 79.84, 0.0
2007/09/28 2:37:22, 117.903, 117.445, 76.69, 76.03, 122.024, 121.108, 78.53, 79.72, 0.0
2007/09/28 2:39:22, 117.903, 117.292, 76.60, 75.99, 121.871, 120.803, 78.21, 79.18, 0.0
2007/09/28 2:41:22, 117.75, 116.987, 76.60, 76.03, 121.719, 120.803, 78.37, 79.56, 0.0
2007/09/28 2:43:22, 117.445, 116.987, 76.57, 75.87, 121.413, 120.803, 78.21, 79.72, 0.0
2007/09/28 2:45:22, 117.445, 116.835, 76.37, 75.63, 121.413, 120.65, 78.12, 79.48, 0.0
2007/09/28 2:47:22, 117.292, 116.682, 76.48, 75.58, 121.261, 120.498, 78.04, 79.90, 0.0
2007/09/28 2:49:22, 117.14, 116.529, 76.37, 75.42, 121.261, 120.65, 77.79, 79.48, 0.0
2007/09/28 2:51:22, 117.292, 116.835, 76.28, 75.33, 121.261, 120.498, 77.88, 79.30, 0.0
2007/09/28 2:53:22, 117.14, 116.682, 76.37, 75.51, 120.803, 120.498, 78.01, 79.61, 0.0
2007/09/28 2:55:22, 117.14, 116.682, 76.21, 75.42, 121.261, 120.345, 77.76, 79.11, 0.0
2007/09/28 2:57:22, 117.14, 116.682, 76.15, 75.42, 120.803, 120.345, 77.88, 79.11, 0.0
2007/09/28 2:59:22, 116.987, 116.529, 76.08, 75.38, 121.261, 120.498, 77.88, 78.94, 0.0
2007/09/28 3:01:22, 116.987, 116.377, 76.08, 75.38, 121.108, 120.192, 77.72, 78.69, 0.0
2007/09/28 3:03:22, 116.835, 116.377, 76.08, 75.45, 121.108, 120.345, 77.83, 79.11, 0.0
2007/09/28 3:05:22, 116.682, 116.377, 76.03, 75.51, 120.955, 120.192, 77.59, 78.76, 0.0
2007/09/28 3:07:22, 116.682, 116.224, 75.92, 75.29, 121.108, 120.04, 77.79, 78.69, 0.0
2007/09/28 3:09:22, 116.682, 116.224, 75.99, 75.29, 121.261, 120.192, 77.63, 78.76, 0.0
2007/09/28 3:11:22, 116.682, 115.919, 75.74, 75.16, 121.261, 120.192, 77.67, 78.33, 0.0
2007/09/28 3:13:22, 116.682, 116.071, 75.83, 75.25, 121.261, 120.192, 77.34, 78.37, 0.0
2007/09/28 3:15:22, 116.529, 116.071, 75.83, 75.16, 121.108, 120.345, 77.41, 78.44, 0.0
2007/09/28 3:17:22, 116.529, 115.919, 75.74, 75.06, 120.803, 120.498, 77.63, 78.40, 0.0
2007/09/28 3:19:22, 116.682, 116.224, 75.74, 75.02, 120.803, 120.192, 77.41, 78.40, 0.0
2007/09/28 3:21:22, 116.529, 115.919, 75.70, 74.97, 120.803, 119.887, 77.25, 78.57, 0.0
2007/09/28 3:23:22, 116.529, 116.071, 75.58, 74.89, 120.803, 119.887, 77.47, 78.37, 0.0
2007/09/28 3:25:22, 116.377, 115.766, 75.54, 74.97, 120.498, 119.734, 77.38, 78.66, 0.0
2007/09/28 3:27:22, 116.224, 115.766, 75.38, 74.93, 120.345, 119.734, 77.22, 78.37, 0.0
2007/09/28 3:29:22, 116.071, 115.614, 75.33, 74.89, 120.04, 119.429, 77.18, 78.40, 0.0
2007/09/28 3:31:22, 116.071, 115.614, 75.25, 74.66, 120.04, 119.124, 77.05, 78.40, 0.0
2007/09/28 3:33:22, 115.919, 115.308, 75.33, 74.70, 119.887, 119.277, 77.05, 78.73, 0.0
2007/09/28 3:35:22, 115.919, 115.308, 75.25, 74.61, 119.734, 118.971, 76.80, 78.44, 0.0
2007/09/28 3:37:22, 116.071, 115.614, 75.16, 74.37, 119.887, 119.124, 77.09, 78.53, 0.0
2007/09/28 3:39:22, 116.071, 115.614, 75.16, 74.34, 119.277, 118.666, 77.00, 78.49, 0.0
2007/09/28 3:41:22, 116.071, 115.308, 75.25, 74.34, 119.582, 118.819, 76.84, 78.57, 0.0
2007/09/28 3:43:22, 116.071, 115.614, 75.13, 74.25, 119.277, 118.819, 76.69, 78.21, 0.0
2007/09/28 3:45:22, 116.071, 115.461, 75.22, 74.25, 119.277, 118.819, 76.84, 78.57, 0.0
2007/09/28 3:47:22, 116.224, 115.614, 75.16, 74.25, 119.277, 118.666, 76.84, 78.57, 0.0
2007/09/28 3:49:22, 116.071, 115.614, 75.09, 74.41, 119.124, 118.666, 76.93, 78.37, 0.0
2007/09/28 3:51:22, 115.919, 115.461, 75.02, 74.50, 119.277, 118.513, 76.53, 78.37, 0.0
2007/09/28 3:53:22, 115.919, 115.308, 75.02, 74.25, 119.277, 118.513, 76.48, 78.40, 0.0
2007/09/28 3:55:22, 115.614, 114.85, 74.80, 74.17, 119.429, 118.513, 76.37, 78.12, 0.0
2007/09/28 3:57:22, 115.461, 115.003, 74.77, 74.08, 119.277, 118.513, 76.60, 78.21, 0.0
2007/09/28 3:59:22, 115.461, 115.003, 74.80, 74.08, 119.277, 118.361, 76.53, 78.44, 0.0
2007/09/28 4:01:22, 115.461, 115.308, 74.77, 74.12, 119.124, 118.208, 76.24, 78.24, 0.0
2007/09/28 4:03:22, 115.461, 115.461, 74.66, 73.96, 119.124, 118.056, 76.48, 78.04, 0.0
2007/09/28 4:05:22, 115.614, 115.156, 74.70, 73.89, 119.124, 118.056, 76.32, 77.88, 0.0
2007/09/28 4:07:22, 115.766, 115.156, 74.73, 74.05, 118.971, 118.056, 76.53, 78.21, 0.0
2007/09/28 4:09:22, 115.766, 115.308, 74.70, 74.21, 118.971, 118.056, 76.32, 78.21, 0.0
2007/09/28 4:11:22, 115.766, 115.156, 74.61, 73.96, 118.666, 117.903, 76.41, 77.92, 0.0
2007/09/28 4:13:22, 115.766, 115.308, 74.61, 74.12, 118.666, 118.056, 76.44, 78.21, 0.0
2007/09/28 4:15:22, 115.614, 115.003, 74.50, 74.12, 118.819, 117.903, 76.41, 77.79, 0.0
2007/09/28 4:17:22, 115.614, 114.85, 74.53, 74.25, 118.819, 117.903, 76.15, 77.88, 0.0
2007/09/28 4:19:22, 115.461, 114.85, 74.50, 74.28, 118.666, 117.75, 76.28, 78.01, 0.0
2007/09/28 4:21:22, 115.461, 114.85, 74.44, 74.25, 118.819, 117.903, 76.15, 77.88, 0.0
2007/09/28 4:23:22, 115.308, 114.545, 74.28, 74.21, 118.513, 117.903, 76.12, 77.50, 0.0
2007/09/28 4:25:22, 115.308, 114.545, 74.34, 74.21, 118.361, 117.598, 76.28, 77.88, 0.0
2007/09/28 4:27:22, 115.156, 114.698, 74.21, 74.08, 118.056, 117.598, 76.28, 77.59, 0.0
2007/09/28 4:29:22, 115.156, 114.393, 74.25, 74.05, 117.903, 117.75, 75.99, 77.38, 0.0
2007/09/28 4:31:22, 115.156, 114.393, 74.28, 74.12, 118.361, 117.445, 75.99, 77.76, 0.0
2007/09/28 4:33:22, 115.003, 114.545, 74.12, 74.05, 117.903, 117.445, 76.12, 77.50, 0.0
2007/09/28 4:35:22, 115.003, 114.85, 74.25, 74.12, 118.208, 117.292, 75.99, 78.08, 0.0
2007/09/28 4:37:22, 115.156, 114.393, 74.25, 74.28, 117.75, 116.835, 75.99, 78.40, 0.0
2007/09/28 4:39:22, 115.156, 114.545, 74.17, 74.44, 117.903, 116.987, 76.24, 78.60, 0.0
2007/09/28 4:41:22, 115.156, 114.545, 74.17, 74.53, 117.598, 116.987, 76.24, 78.57, 0.0
2007/09/28 4:43:22, 115.156, 114.698, 74.17, 74.70, 117.75, 116.835, 75.92, 78.37, 0.0
2007/09/28 4:45:22, 115.156, 114.393, 74.05, 74.80, 117.445, 117.14, 75.92, 78.37, 0.0
2007/09/28 4:47:22, 115.003, 114.545, 73.96, 74.97, 117.75, 116.987, 76.08, 78.44, 0.0
2007/09/28 4:49:22, 115.003, 114.393, 73.96, 75.06, 117.903, 116.987, 75.99, 78.40, 0.0
2007/09/28 4:51:22, 115.003, 114.393, 73.96, 75.09, 117.14, 116.987, 75.99, 78.53, 0.0
2007/09/28 4:53:22, 114.85, 114.393, 73.99, 75.16, 117.14, 116.835, 76.15, 78.85, 0.0
2007/09/28 4:55:22, 115.003, 114.087, 74.12, 75.33, 117.445, 116.987, 75.83, 78.53, 0.0
2007/09/28 4:57:22, 115.003, 114.24, 73.99, 75.33, 117.445, 116.682, 76.08, 78.40, 0.0
2007/09/28 4:59:22, 114.85, 113.935, 74.05, 75.25, 117.598, 116.835, 76.08, 78.49, 0.0
2007/09/28 5:01:22, 115.003, 114.24, 74.12, 75.29, 117.75, 116.987, 75.74, 78.57, 0.0
2007/09/28 5:03:22, 115.003, 114.24, 74.12, 75.13, 117.445, 116.682, 76.08, 78.89, 0.0
2007/09/28 5:05:22, 115.003, 114.24, 74.05, 75.06, 117.445, 116.835, 76.08, 78.69, 0.0
2007/09/28 5:07:22, 115.003, 114.24, 74.08, 74.97, 117.75, 117.14, 76.08, 78.76, 0.0
2007/09/28 5:09:22, 114.85, 114.24, 74.21, 74.93, 117.445, 116.682, 75.87, 78.85, 0.0
2007/09/28 5:11:22, 114.85, 114.393, 74.21, 74.86, 117.292, 116.835, 76.12, 78.73, 0.0
2007/09/28 5:13:22, 115.003, 114.393, 74.12, 74.93, 117.445, 116.835, 76.12, 78.49, 0.0
2007/09/28 5:15:22, 115.003, 114.393, 74.25, 75.09, 117.445, 116.682, 76.12, 78.89, 0.0
2007/09/28 5:17:22, 115.156, 114.545, 74.34, 75.16, 117.445, 116.835, 75.99, 79.02, 0.0
2007/09/28 5:19:22, 115.156, 114.545, 74.21, 75.25, 117.445, 116.987, 75.99, 78.82, 0.0
2007/09/28 5:21:22, 115.156, 114.545, 74.21, 75.29, 117.445, 117.14, 75.74, 78.76, 0.0
2007/09/28 5:23:22, 115.156, 114.698, 74.34, 75.33, 117.445, 117.14, 75.92, 79.39, 0.0
2007/09/28 5:25:22, 115.308, 115.003, 74.28, 75.13, 117.598, 116.987, 75.74, 78.89, 0.0
2007/09/28 5:27:22, 115.461, 115.156, 74.44, 74.93, 117.903, 117.445, 76.08, 79.02, 0.0
2007/09/28 5:29:22, 115.614, 115.308, 74.44, 74.77, 118.056, 117.75, 76.21, 78.76, 0.0
2007/09/28 5:31:22, 115.919, 115.766, 74.41, 74.70, 118.361, 117.903, 76.15, 78.57, 0.0
2007/09/28 5:33:22, 116.071, 115.766, 74.53, 74.73, 118.361, 118.056, 75.99, 78.57, 0.0
2007/09/28 5:35:22, 116.224, 115.919, 74.57, 74.77, 118.666, 118.361, 76.24, 78.85, 0.0
2007/09/28 5:37:22, 116.377, 116.071, 74.61, 74.80, 119.124, 118.513, 76.28, 78.94, 0.0
2007/09/28 5:39:22, 116.377, 116.224, 74.61, 74.77, 118.819, 118.208, 76.41, 78.85, 0.0
2007/09/28 5:41:22, 116.529, 116.224, 74.53, 74.70, 119.124, 118.208, 76.28, 78.66, 0.0
2007/09/28 5:43:22, 116.682, 116.377, 74.70, 74.80, 119.734, 118.819, 76.15, 78.85, 0.0
2007/09/28 5:45:22, 116.835, 116.529, 74.70, 74.80, 119.429, 118.819, 76.15, 78.82, 0.0
2007/09/28 5:47:22, 116.987, 116.529, 74.80, 74.93, 119.429, 118.819, 76.15, 79.14, 0.0
2007/09/28 5:49:22, 117.14, 116.835, 74.86, 74.97, 119.582, 118.971, 76.15, 79.11, 0.0
2007/09/28 5:51:22, 94.857, 162.775, 71.06, 82.98, 127.366, 126.145, 75.74, 78.17, 0.0
2007/09/28 5:53:22, 60.821, 162.012, 73.83, 98.02, 127.824, 126.45, 74.50, 77.47, 0.1
2007/09/28 5:55:22, 61.279, 163.385, 74.28, 101.25, 127.366, 125.839, 73.83, 77.18, 0.1
2007/09/28 5:57:22, 61.432, 167.201, 74.28, 102.22, 56.242, 161.859, 71.89, 110.16, 0.2
2007/09/28 5:59:22, 61.584, 166.743, 74.21, 102.78, 56.242, 166.59, 72.72, 117.64, 0.2
2007/09/28 6:01:22, 62.195, 167.964, 74.12, 103.21, 57.463, 166.285, 72.82, 119.71, 0.2
2007/09/28 6:03:22, 62.5, 169.643, 74.05, 103.55, 57.769, 168.727, 73.31, 120.58, 0.2
2007/09/28 6:05:22, 62.958, 170.406, 74.21, 104.07, 58.379, 167.353, 73.54, 121.30, 0.2
2007/09/28 6:07:22, 62.958, 171.322, 74.37, 104.43, 57.921, 167.506, 74.05, 122.00, 0.2
2007/09/28 6:09:22, 62.805, 167.811, 74.41, 104.61, 58.226, 166.285, 73.96, 122.43, 0.2
2007/09/28 6:11:22, 62.958, 169.49, 74.28, 104.72, 58.074, 168.88, 73.67, 122.74, 0.2
2007/09/28 6:13:22, 63.416, 171.322, 74.25, 104.72, 58.837, 169.032, 73.96, 123.15, 0.2
2007/09/28 6:15:22, 63.416, 171.474, 74.21, 104.77, 58.684, 169.643, 73.63, 123.22, 0.2
2007/09/28 6:17:22, 63.416, 170.711, 74.28, 105.01, 58.837, 169.032, 73.83, 123.51, 0.2
2007/09/28 6:19:22, 70.437, 147.97, 74.97, 104.38, 108.898, 143.544, 74.21, 122.67, 0.1
2007/09/28 6:21:22, 111.187, 145.986, 80.46, 94.73, 116.071, 142.476, 80.92, 110.16, 0.0
2007/09/28 6:23:22, 110.119, 143.391, 82.45, 87.08, 113.782, 139.881, 84.78, 100.76, 0.0
2007/09/28 6:25:22, 113.019, 141.102, 83.10, 84.56, 120.345, 138.202, 86.13, 93.07, 0.0
2007/09/28 6:27:22, 117.75, 139.423, 83.97, 82.06, 122.176, 136.523, 86.99, 88.92, 0.0
2007/09/28 6:29:22, 120.498, 137.439, 84.31, 79.36, 123.855, 135.302, 87.21, 87.08, 0.0
2007/09/28 6:31:22, 124.008, 135.76, 84.40, 78.44, 126.45, 133.623, 86.68, 85.41, 0.0
2007/09/28 6:33:22, 128.587, 132.708, 85.03, 79.07, 129.96, 131.944, 87.15, 83.14, 0.0
2007/09/28 6:35:22, 131.792, 131.792, 86.04, 79.77, 131.792, 131.029, 87.75, 82.89, 0.0
2007/09/28 6:37:22, 132.097, 131.639, 85.91, 80.96, 132.25, 131.944, 87.21, 86.43, 0.0
2007/09/28 6:39:22, 131.639, 131.029, 85.91, 81.09, 132.25, 131.639, 86.56, 87.30, 0.0
2007/09/28 6:41:22, 131.334, 131.181, 85.84, 80.83, 132.555, 131.639, 86.22, 86.95, 0.0
2007/09/28 6:43:22, 117.445, 164.301, 82.17, 84.61, 127.518, 125.992, 85.03, 87.71, 0.0
2007/09/28 6:45:22, 62.5, 169.643, 75.83, 102.27, 127.06, 125.992, 82.63, 88.97, 0.2
2007/09/28 6:47:22, 63.111, 168.422, 75.22, 104.92, 126.755, 125.992, 82.51, 87.42, 0.1
2007/09/28 6:49:22, 63.263, 172.848, 75.09, 105.46, 127.518, 126.755, 83.73, 85.87, 0.1
2007/09/28 6:51:22, 63.416, 171.932, 75.09, 105.75, 126.297, 125.534, 84.22, 85.12, 0.1
2007/09/28 6:53:22, 63.568, 171.932, 75.09, 105.98, 126.755, 126.145, 84.69, 83.80, 0.0
2007/09/28 6:55:22, 63.721, 172.543, 75.09, 106.03, 126.908, 126.297, 85.37, 83.30, 0.2
2007/09/28 6:57:22, 63.721, 174.069, 75.13, 106.14, 127.213, 126.603, 85.33, 82.54, 0.1
2007/09/28 6:59:22, 63.721, 173.153, 75.13, 106.20, 127.366, 126.45, 85.53, 81.97, 0.1
2007/09/28 7:01:22, 63.874, 171.169, 75.13, 106.23, 127.213, 126.603, 85.50, 81.55, 0.1
2007/09/28 7:03:22, 63.874, 173.611, 75.16, 106.34, 127.671, 126.603, 85.62, 81.05, 0.0
2007/09/28 7:05:22, 63.721, 172.848, 75.16, 106.45, 127.671, 126.45, 85.41, 81.68, 0.1
2007/09/28 7:07:22, 63.568, 173.458, 75.22, 106.39, 127.976, 127.213, 85.15, 81.72, 0.2
2007/09/28 7:09:22, 63.721, 172.848, 75.16, 106.23, 127.976, 127.06, 85.33, 81.52, 0.1
2007/09/28 7:11:22, 63.721, 171.932, 75.16, 106.45, 127.213, 126.603, 85.12, 81.52, 0.1
2007/09/28 7:13:22, 63.416, 173.001, 75.16, 106.23, 127.366, 126.297, 84.74, 81.97, 0.0
2007/09/28 7:15:22, 63.874, 172.237, 75.09, 106.34, 127.213, 126.145, 84.52, 81.14, 0.1
2007/09/28 7:17:22, 63.874, 172.543, 74.93, 106.34, 127.213, 126.755, 84.78, 80.42, 0.2
2007/09/28 7:19:22, 63.721, 172.085, 74.80, 106.20, 127.213, 125.992, 84.78, 80.62, 0.1
2007/09/28 7:21:22, 63.568, 171.169, 74.70, 105.98, 127.366, 126.45, 84.15, 80.19, 0.1
2007/09/28 7:23:22, 63.416, 171.016, 74.70, 106.03, 127.06, 126.603, 84.43, 80.55, 0.0
2007/09/28 7:25:22, 63.263, 171.627, 74.66, 105.89, 127.06, 126.297, 83.68, 80.35, 0.2
2007/09/28 7:27:22, 63.263, 172.543, 74.66, 105.84, 127.366, 126.145, 83.77, 80.46, 0.1
2007/09/28 7:29:22, 63.263, 171.474, 74.70, 105.94, 126.603, 126.145, 83.64, 80.71, 0.1
2007/09/28 7:31:22, 63.263, 172.848, 74.80, 105.94, 126.908, 126.145, 83.14, 80.35, 0.1
2007/09/28 7:33:22, 63.416, 173.916, 74.89, 105.98, 127.671, 126.755, 83.23, 80.35, 0.0
2007/09/28 7:35:22, 63.568, 172.085, 74.97, 106.09, 127.213, 126.45, 82.98, 80.35, 0.1
2007/09/28 7:37:22, 63.416, 171.322, 75.16, 106.29, 127.213, 126.603, 82.45, 80.58, 0.2
2007/09/28 7:39:22, 63.568, 171.322, 75.29, 106.45, 126.45, 125.992, 82.51, 80.58, 0.1
2007/09/28 7:41:22, 63.416, 173.458, 75.45, 106.48, 127.213, 126.297, 82.09, 80.58, 0.1
2007/09/28 7:43:22, 63.721, 174.527, 75.54, 106.59, 127.06, 126.603, 82.63, 80.10, 0.0
2007/09/28 7:45:22, 63.721, 170.559, 75.58, 106.74, 126.45, 125.839, 82.06, 80.19, 0.1
2007/09/28 7:47:22, 63.568, 172.848, 75.67, 106.70, 127.06, 125.992, 81.93, 80.35, 0.2
2007/09/28 7:49:22, 63.416, 171.932, 75.58, 106.48, 126.908, 126.145, 82.35, 80.35, 0.1
2007/09/28 7:51:22, 63.416, 169.338, 75.51, 106.48, 126.603, 125.992, 81.75, 79.93, 0.1
2007/09/28 7:53:22, 63.416, 169.49, 75.42, 106.45, 126.908, 126.45, 81.75, 79.14, 0.0
2007/09/28 7:55:22, 63.416, 171.016, 75.38, 106.45, 126.908, 126.45, 81.84, 79.14, 0.1
2007/09/28 7:57:22, 63.416, 167.964, 75.29, 106.23, 126.145, 125.687, 81.88, 79.90, 0.1
2007/09/28 7:59:22, 63.111, 169.643, 75.29, 106.20, 126.45, 125.839, 81.34, 79.81, 0.2
2007/09/28 8:01:22, 63.263, 170.711, 75.22, 106.29, 127.06, 126.603, 81.27, 78.89, 0.1
2007/09/28 8:03:22, 63.263, 171.474, 75.25, 106.29, 126.603, 126.45, 81.27, 79.07, 0.0
2007/09/28 8:05:22, 63.416, 171.78, 75.16, 106.29, 126.45, 125.992, 81.21, 79.27, 0.1
2007/09/28 8:07:22, 63.568, 172.085, 75.13, 106.23, 126.45, 125.839, 81.34, 79.18, 0.1
2007/09/28 8:09:22, 63.416, 170.711, 74.93, 106.03, 126.45, 125.839, 81.05, 78.69, 0.2
2007/09/28 8:11:22, 63.263, 170.864, 74.73, 105.84, 125.992, 125.229, 81.18, 79.02, 0.1
2007/09/28 8:13:22, 62.958, 170.406, 74.57, 105.60, 125.992, 125.076, 80.62, 78.82, 0.0
2007/09/28 8:15:22, 63.111, 169.032, 74.57, 105.69, 126.145, 125.382, 80.96, 78.40, 0.1
2007/09/28 8:17:22, 62.958, 170.559, 74.53, 105.60, 125.992, 125.229, 80.58, 78.60, 0.1
2007/09/28 8:19:22, 63.568, 171.627, 74.53, 105.78, 127.213, 126.145, 80.58, 77.88, 0.1
2007/09/28 8:21:22, 63.568, 171.169, 74.70, 105.89, 127.06, 125.992, 80.35, 78.21, 0.2
2007/09/28 8:23:22, 63.263, 169.643, 74.77, 105.84, 126.603, 125.687, 80.35, 79.18, 0.0
2007/09/28 8:25:22, 62.958, 168.88, 74.80, 105.69, 126.45, 125.229, 79.81, 79.27, 0.1
2007/09/28 8:27:22, 63.111, 171.322, 74.93, 105.94, 127.06, 125.839, 79.81, 78.76, 0.1
2007/09/28 8:29:22, 63.263, 172.848, 75.02, 106.09, 127.366, 125.992, 79.65, 78.44, 0.1
2007/09/28 8:31:22, 63.721, 172.695, 75.13, 106.34, 127.671, 126.603, 80.19, 78.57, 0.2
2007/09/28 8:33:22, 64.026, 172.848, 75.16, 106.39, 128.129, 126.908, 79.65, 78.21, 0.0
2007/09/28 8:35:22, 64.179, 173.001, 75.25, 106.45, 128.434, 127.213, 80.26, 78.37, 0.1
2007/09/28 8:37:22, 64.179, 174.832, 75.25, 106.54, 128.739, 127.518, 80.22, 78.76, 0.1
2007/09/28 8:39:22, 64.179, 174.374, 75.38, 106.70, 129.045, 127.671, 80.19, 78.76, 0.1
2007/09/28 8:41:22, 64.332, 176.511, 75.42, 106.90, 128.892, 128.281, 79.68, 78.53, 0.2
2007/09/28 8:43:22, 64.789, 174.832, 75.51, 106.90, 128.892, 128.281, 80.29, 78.94, 0.0
2007/09/28 8:45:22, 64.484, 175.443, 75.58, 107.13, 129.197, 128.587, 80.19, 78.94, 0.1
2007/09/28 8:47:22, 64.637, 178.19, 75.74, 107.24, 130.266, 128.892, 79.81, 78.85, 0.1
2007/09/28 8:49:22, 65.095, 177.427, 75.70, 107.38, 131.181, 129.96, 80.10, 78.82, 0.2
2007/09/28 8:51:22, 65.247, 178.8, 75.70, 107.58, 131.181, 129.502, 80.13, 78.98, 0.1
2007/09/28 8:53:22, 65.247, 178.495, 75.67, 107.64, 130.723, 129.655, 80.10, 79.18, 0.0
2007/09/28 8:55:22, 65.247, 180.174, 75.58, 107.44, 131.029, 129.808, 80.55, 79.52, 0.1
2007/09/28 8:57:22, 65.247, 178.495, 75.33, 107.33, 130.876, 129.655, 80.58, 79.48, 0.2
2007/09/28 8:59:22, 65.247, 180.785, 75.29, 107.13, 130.876, 130.113, 80.55, 79.52, 0.1
2007/09/28 9:01:22, 65.553, 182.158, 75.42, 107.69, 131.029, 130.418, 80.13, 79.52, 0.1
2007/09/28 9:03:22, 65.858, 181.7, 75.63, 107.83, 131.792, 130.723, 80.19, 79.65, 0.1
2007/09/28 9:05:22, 66.01, 186.279, 75.79, 108.16, 133.471, 133.471, 80.80, 79.97, 0.1
2007/09/28 9:07:22, 66.774, 186.737, 75.92, 108.61, 133.929, 133.623, 81.05, 76.32, 0.1
2007/09/28 9:09:22, 66.926, 185.516, 75.99, 108.82, 134.234, 134.539, 80.92, 77.88, 0.1
2007/09/28 9:11:22, 67.231, 188.263, 76.12, 108.86, 135.76, 134.234, 81.34, 77.79, 0.1
2007/09/28 9:13:22, 66.926, 186.279, 76.15, 108.91, 134.386, 133.776, 81.05, 79.11, 0.1
2007/09/28 9:15:22, 67.079, 190.4, 76.24, 109.13, 135.302, 134.081, 80.96, 79.77, 0.1
2007/09/28 9:17:22, 67.537, 187.347, 76.21, 109.33, 135.455, 133.929, 81.39, 80.13, 0.1
2007/09/28 9:19:22, 67.231, 187.5, 76.28, 109.17, 135.15, 134.386, 81.55, 80.96, 0.1
2007/09/28 9:21:22, 67.384, 186.432, 76.41, 109.27, 135.455, 135.15, 81.14, 81.05, 0.1
2007/09/28 9:23:22, 67.537, 189.789, 76.64, 109.33, 135.76, 135.76, 81.68, 81.72, 0.1
2007/09/28 9:25:22, 67.689, 189.026, 76.84, 109.63, 135.913, 135.302, 81.14, 81.72, 0.1
2007/09/28 9:27:22, 67.689, 190.4, 77.05, 109.90, 136.523, 136.676, 81.75, 82.17, 0.1
2007/09/28 9:29:22, 67.995, 189.484, 77.31, 110.16, 138.355, 137.286, 81.55, 82.17, 0.2
2007/09/28 9:31:22, 68.3, 191.163, 77.38, 110.41, 138.66, 137.592, 81.75, 82.17, 0.0
2007/09/28 9:33:22, 68.758, 192.995, 77.54, 110.68, 138.507, 137.134, 81.88, 82.45, 0.1
2007/09/28 9:35:22, 68.605, 192.995, 77.63, 110.88, 138.813, 137.286, 81.84, 82.80, 0.2
2007/09/28 9:37:22, 68.91, 192.079, 77.67, 110.98, 140.034, 138.202, 82.22, 82.72, 0.1
2007/09/28 9:39:22, 69.063, 193.758, 77.72, 111.13, 139.423, 138.202, 82.29, 82.76, 0.1
2007/09/28 9:41:22, 69.521, 196.81, 77.79, 111.34, 139.576, 138.813, 82.17, 82.85, 0.1
2007/09/28 9:43:22, 69.521, 193.147, 77.83, 111.34, 140.339, 139.423, 82.85, 83.14, 0.1
2007/09/28 9:45:22, 69.521, 194.979, 77.83, 111.40, 140.186, 140.186, 83.01, 83.23, 0.1
2007/09/28 9:47:22, 69.826, 195.284, 77.72, 111.40, 140.644, 140.034, 82.89, 83.17, 0.1
2007/09/28 9:49:22, 69.826, 197.421, 77.63, 111.61, 141.712, 141.255, 83.23, 83.43, 0.1
2007/09/28 9:51:22, 69.979, 200.015, 77.54, 111.72, 142.323, 143.239, 83.39, 83.35, 0.1
2007/09/28 9:53:22, 70.589, 198.642, 77.59, 111.94, 142.476, 142.018, 83.61, 83.43, 0.1
2007/09/28 9:55:22, 70.589, 198.489, 77.59, 111.94, 142.018, 141.407, 83.23, 83.73, 0.2
2007/09/28 9:57:22, 70.437, 203.22, 77.54, 112.05, 142.17, 142.323, 83.68, 84.09, 0.1
2007/09/28 9:59:22, 70.589, 200.168, 77.59, 111.94, 142.781, 142.018, 83.26, 84.06, 0.1
2007/09/28 10:01:22, 70.437, 203.373, 77.54, 112.05, 143.849, 143.697, 83.55, 84.22, 0.1
2007/09/28 10:03:22, 70.742, 200.321, 77.59, 112.05, 143.697, 143.086, 83.73, 84.52, 0.1
2007/09/28 10:05:22, 71.047, 205.205, 77.59, 112.26, 145.223, 144.612, 83.61, 84.56, 0.1
2007/09/28 10:07:22, 71.505, 201.084, 77.63, 112.42, 144.002, 142.933, 83.77, 84.78, 0.1
2007/09/28 10:09:22, 71.2, 202.457, 77.59, 112.37, 144.918, 143.849, 84.18, 84.99, 0.1
2007/09/28 10:11:22, 71.047, 206.426, 77.63, 112.53, 145.528, 144.46, 84.18, 85.21, 0.1
2007/09/28 10:13:22, 71.352, 207.341, 77.72, 112.53, 145.986, 145.223, 84.06, 85.21, 0.2
2007/09/28 10:15:22, 71.352, 204.136, 77.67, 112.59, 145.681, 144.612, 84.52, 85.50, 0.1
2007/09/28 10:17:22, 71.81, 204.899, 77.59, 112.68, 145.528, 144.154, 84.31, 85.37, 0.1
2007/09/28 10:19:22, 71.658, 203.984, 77.67, 112.62, 145.986, 144.765, 84.34, 85.46, 0.1
2007/09/28 10:21:22, 71.963, 205.51, 77.83, 112.68, 145.986, 145.375, 84.34, 85.53, 0.1
2007/09/28 10:23:22, 72.115, 205.815, 78.04, 112.95, 146.902, 145.833, 84.78, 85.84, 0.1
2007/09/28 10:25:22, 72.421, 209.02, 78.12, 112.95, 147.36, 146.902, 84.78, 85.78, 0.1
2007/09/28 10:27:22, 72.879, 207.952, 78.24, 113.32, 147.665, 146.139, 84.83, 86.04, 0.1
2007/09/28 10:29:22, 72.879, 212.073, 78.33, 113.43, 148.733, 146.902, 84.78, 86.09, 0.2
2007/09/28 10:31:22, 72.879, 212.988, 78.28, 113.59, 147.665, 146.596, 84.90, 86.22, 0.1
2007/09/28 10:33:22, 72.879, 212.683, 78.24, 113.59, 148.123, 147.207, 85.24, 86.34, 0.1
2007/09/28 10:35:22, 72.879, 212.836, 78.28, 113.81, 148.123, 147.054, 84.96, 86.25, 0.1
2007/09/28 10:37:22, 73.031, 209.631, 78.33, 113.59, 148.428, 147.054, 85.59, 86.43, 0.1
2007/09/28 10:39:22, 73.031, 212.073, 78.21, 113.65, 148.581, 148.581, 85.46, 86.52, 0.1
2007/09/28 10:41:22, 73.031, 211.31, 78.04, 113.59, 148.275, 146.596, 85.21, 86.40, 0.2
2007/09/28 10:43:22, 73.031, 212.531, 77.79, 113.59, 147.817, 147.36, 85.12, 86.52, 0.0
2007/09/28 10:45:22, 73.031, 212.378, 77.63, 113.65, 147.512, 146.444, 85.66, 86.74, 0.2
2007/09/28 10:47:22, 73.031, 214.209, 77.54, 113.54, 147.97, 146.749, 85.37, 86.47, 0.1
2007/09/28 10:49:22, 72.879, 211.615, 77.59, 113.27, 147.97, 146.444, 85.37, 86.47, 0.1
2007/09/28 10:51:22, 72.879, 211.615, 77.54, 113.43, 147.817, 146.139, 85.62, 86.68, 0.1
2007/09/28 10:53:22, 73.031, 215.888, 77.50, 113.43, 148.428, 147.36, 85.78, 86.74, 0.1
2007/09/28 10:55:22, 72.879, 211.462, 77.59, 113.49, 147.817, 145.833, 85.96, 86.99, 0.1
2007/09/28 10:57:22, 72.879, 213.141, 77.59, 113.54, 148.581, 147.36, 85.96, 86.90, 0.2
2007/09/28 10:59:22, 73.184, 214.209, 77.54, 113.43, 147.665, 146.596, 86.04, 87.08, 0.1
2007/09/28 11:01:22, 73.031, 214.057, 77.54, 113.43, 147.665, 147.207, 86.04, 86.95, 0.1
2007/09/28 11:03:22, 73.031, 211.92, 77.59, 113.43, 147.512, 146.444, 85.87, 86.95, 0.1
2007/09/28 11:05:22, 73.184, 213.752, 77.54, 113.54, 148.581, 147.054, 86.04, 87.03, 0.1
2007/09/28 11:07:22, 73.031, 214.209, 77.59, 113.49, 148.581, 147.207, 86.09, 87.08, 0.2
2007/09/28 11:09:22, 73.184, 211.31, 77.59, 113.54, 148.428, 147.207, 85.91, 87.03, 0.0
2007/09/28 11:11:22, 73.031, 214.667, 77.63, 113.76, 148.275, 147.665, 86.18, 87.15, 0.2
2007/09/28 11:13:22, 73.031, 213.599, 77.59, 113.65, 147.512, 146.596, 86.13, 87.24, 0.1
2007/09/28 11:15:22, 73.184, 211.92, 77.59, 113.70, 147.207, 146.139, 85.91, 87.30, 0.1
2007/09/28 11:17:22, 72.879, 212.531, 77.76, 113.65, 147.512, 146.749, 86.09, 87.24, 0.1
2007/09/28 11:19:22, 73.489, 211.92, 77.88, 113.81, 147.512, 146.902, 86.09, 87.33, 0.1
2007/09/28 11:21:22, 73.336, 213.141, 78.01, 113.76, 148.733, 147.665, 86.61, 87.55, 0.1
2007/09/28 11:23:22, 74.252, 217.872, 78.04, 114.22, 149.649, 148.275, 86.31, 87.49, 0.2
2007/09/28 11:25:22, 74.252, 215.583, 78.12, 114.33, 149.191, 147.97, 86.43, 87.75, 0.1
2007/09/28 11:27:22, 74.1, 213.294, 78.33, 114.49, 148.581, 147.97, 87.08, 88.02, 0.1
2007/09/28 11:29:22, 74.1, 214.82, 78.40, 114.44, 149.191, 148.733, 87.12, 88.23, 0.1
2007/09/28 11:31:22, 73.947, 217.72, 78.57, 114.71, 150.259, 149.802, 87.12, 88.20, 0.1
2007/09/28 11:33:22, 74.1, 216.346, 78.69, 114.71, 151.023, 149.802, 87.42, 88.54, 0.2
2007/09/28 11:35:22, 73.947, 212.988, 78.85, 114.82, 150.565, 148.733, 87.67, 88.63, 0.0
2007/09/28 11:37:22, 74.252, 214.973, 78.85, 115.25, 150.259, 149.496, 87.24, 88.57, 0.2
2007/09/28 11:39:22, 74.1, 214.82, 78.76, 114.82, 150.107, 148.886, 87.62, 88.79, 0.1
2007/09/28 11:41:22, 74.252, 215.278, 78.53, 114.71, 149.344, 148.428, 87.93, 88.79, 0.1
2007/09/28 11:43:22, 74.252, 215.888, 78.33, 114.82, 149.802, 148.733, 87.58, 88.75, 0.1
2007/09/28 11:45:22, 74.71, 219.857, 78.17, 114.82, 151.48, 150.259, 87.62, 88.84, 0.1
2007/09/28 11:47:22, 74.71, 222.146, 78.12, 114.98, 151.023, 150.107, 88.02, 89.22, 0.2
2007/09/28 11:49:22, 75.168, 221.688, 78.01, 114.93, 150.412, 149.038, 88.11, 89.13, 0.1
2007/09/28 11:51:22, 75.168, 221.993, 77.92, 114.76, 150.259, 149.344, 87.80, 88.88, 0.1
2007/09/28 11:53:22, 74.405, 214.82, 78.01, 114.66, 150.107, 149.344, 88.11, 89.04, 0.1
2007/09/28 11:55:22, 73.489, 212.683, 78.21, 114.66, 149.954, 149.191, 87.96, 89.22, 0.1
2007/09/28 11:57:22, 74.71, 220.009, 77.95, 114.82, 149.344, 148.428, 88.05, 89.31, 0.1
2007/09/28 11:59:22, 74.405, 219.093, 77.92, 114.55, 149.496, 149.496, 88.36, 89.26, 0.2
2007/09/28 12:01:22, 74.71, 222.909, 77.92, 114.71, 150.717, 150.412, 88.36, 89.22, 0.1
2007/09/28 12:03:22, 75.015, 220.925, 77.95, 114.93, 149.344, 147.97, 88.63, 89.38, 0.1
2007/09/28 12:05:22, 75.015, 222.604, 77.76, 114.71, 149.802, 148.733, 87.96, 89.19, 0.1
2007/09/28 12:07:22, 75.321, 221.383, 77.67, 114.76, 150.565, 148.428, 88.05, 89.10, 0.1
2007/09/28 12:09:22, 75.015, 223.52, 77.72, 114.76, 150.412, 149.344, 88.45, 89.22, 0.1
2007/09/28 12:11:22, 75.168, 217.567, 77.79, 114.87, 149.649, 147.97, 88.41, 89.31, 0.2
2007/09/28 12:13:22, 75.015, 225.046, 77.83, 114.76, 151.328, 149.802, 88.02, 89.13, 0.1
2007/09/28 12:15:22, 75.931, 220.925, 77.95, 114.93, 150.259, 148.581, 88.20, 89.31, 0.1
2007/09/28 12:17:22, 75.321, 226.419, 78.24, 115.03, 151.938, 152.549, 88.63, 89.51, 0.1
2007/09/28 12:19:22, 76.236, 225.351, 78.37, 115.36, 152.244, 150.412, 88.41, 89.69, 0.1
2007/09/28 12:21:22, 76.236, 219.551, 78.44, 115.54, 151.023, 149.649, 88.84, 89.91, 0.1
2007/09/28 12:23:22, 76.236, 225.962, 78.53, 115.70, 151.328, 150.412, 88.57, 89.78, 0.2
2007/09/28 12:25:22, 75.778, 217.872, 78.53, 115.59, 150.412, 149.496, 89.04, 89.96, 0.1
2007/09/28 12:27:22, 75.778, 228.709, 78.60, 115.59, 152.854, 152.244, 88.79, 90.00, 0.1
2007/09/28 12:29:22, 76.694, 223.672, 78.60, 115.97, 152.549, 151.48, 89.26, 90.39, 0.1
2007/09/28 12:31:22, 76.236, 217.415, 78.73, 115.86, 150.87, 149.954, 89.19, 90.45, 0.1
2007/09/28 12:33:22, 75.626, 224.13, 78.76, 115.75, 151.328, 150.412, 89.51, 90.45, 0.2
2007/09/28 12:35:22, 76.084, 232.067, 78.57, 115.97, 152.701, 154.228, 89.69, 90.54, 0.1
2007/09/28 12:37:22, 75.931, 221.535, 77.83, 114.93, 150.87, 149.802, 89.19, 90.00, 0.1
2007/09/28 12:39:22, 75.778, 222.604, 77.31, 114.55, 149.954, 148.886, 89.01, 89.38, 0.1
2007/09/28 12:41:22, 75.778, 223.062, 77.05, 114.17, 149.191, 148.275, 88.36, 89.01, 0.1
2007/09/28 12:43:22, 75.778, 226.419, 77.41, 114.82, 150.565, 149.496, 88.23, 89.10, 0.1
2007/09/28 12:45:22, 75.778, 230.082, 77.76, 115.09, 151.786, 150.717, 88.36, 89.64, 0.2
2007/09/28 12:47:22, 76.389, 229.777, 77.88, 115.41, 151.328, 149.802, 88.63, 89.87, 0.1
2007/09/28 12:49:22, 75.778, 220.925, 78.17, 115.70, 151.175, 150.412, 89.04, 90.21, 0.1
2007/09/28 12:51:22, 76.236, 232.524, 78.21, 115.75, 152.244, 151.175, 89.38, 90.54, 0.1
2007/09/28 12:53:22, 76.847, 223.367, 77.95, 115.75, 151.328, 150.259, 89.60, 90.66, 0.2
2007/09/28 12:55:22, 76.236, 229.777, 78.28, 115.92, 152.549, 151.48, 89.35, 90.75, 0.1
2007/09/28 12:57:22, 76.999, 225.504, 78.21, 115.97, 150.565, 149.649, 89.82, 90.91, 0.1
2007/09/28 12:59:22, 76.389, 223.977, 78.37, 115.81, 152.396, 151.938, 89.51, 90.75, 0.1
2007/09/28 13:01:22, 76.694, 227.183, 78.44, 116.13, 152.854, 152.549, 89.82, 91.18, 0.1
2007/09/28 13:03:22, 76.389, 226.572, 78.73, 116.13, 152.091, 151.175, 90.39, 91.40, 0.2
2007/09/28 13:05:22, 76.999, 227.335, 78.33, 115.36, 152.091, 151.023, 90.27, 90.88, 0.1
2007/09/28 13:07:22, 76.542, 226.877, 78.17, 114.98, 151.328, 149.954, 89.82, 90.36, 0.1
2007/09/28 13:09:22, 76.542, 224.13, 78.01, 114.82, 151.328, 150.107, 89.78, 90.09, 0.1
2007/09/28 13:11:22, 76.236, 223.825, 78.04, 114.82, 151.48, 150.107, 89.69, 89.96, 0.1
2007/09/28 13:13:22, 75.473, 222.451, 78.33, 114.87, 151.786, 151.175, 89.13, 90.00, 0.2
2007/09/28 13:15:22, 76.389, 226.419, 78.44, 115.36, 152.549, 151.938, 89.22, 90.27, 0.1
2007/09/28 13:17:22, 76.847, 227.793, 78.69, 115.86, 153.007, 152.244, 89.31, 90.61, 0.1
2007/09/28 13:19:22, 76.694, 221.688, 78.69, 115.97, 151.938, 151.023, 90.00, 90.88, 0.1
2007/09/28 13:21:22, 75.931, 220.467, 78.40, 115.86, 151.328, 150.259, 89.96, 90.84, 0.1
2007/09/28 13:23:22, 75.778, 219.704, 78.44, 115.92, 151.938, 151.175, 90.18, 91.06, 0.2
2007/09/28 13:25:22, 75.321, 222.909, 78.53, 115.81, 152.549, 151.633, 90.30, 91.44, 0.1
2007/09/28 13:27:22, 75.778, 225.504, 78.53, 116.02, 152.091, 151.175, 90.45, 91.67, 0.1
2007/09/28 13:29:22, 75.931, 231.609, 78.53, 116.02, 153.465, 152.396, 90.54, 91.94, 0.1
2007/09/28 13:31:22, 77.305, 223.367, 78.24, 116.35, 152.396, 150.717, 90.66, 91.85, 0.1
2007/09/28 13:33:22, 76.847, 231.609, 78.24, 116.35, 152.549, 150.87, 90.79, 91.85, 0.1
2007/09/28 13:35:22, 76.999, 227.03, 78.01, 115.86, 151.938, 149.954, 90.84, 91.80, 0.2
2007/09/28 13:37:22, 76.694, 231.151, 78.01, 116.13, 152.396, 151.175, 90.91, 91.76, 0.1
2007/09/28 13:39:22, 76.694, 225.656, 77.95, 115.92, 152.244, 150.87, 91.00, 91.85, 0.1
2007/09/28 13:41:22, 75.473, 220.62, 78.21, 115.75, 152.091, 150.717, 90.88, 91.94, 0.1
2007/09/28 13:43:22, 76.542, 237.103, 77.88, 116.13, 152.854, 153.77, 91.40, 92.03, 0.1
2007/09/28 13:45:22, 76.847, 233.288, 77.83, 115.97, 153.007, 153.159, 91.06, 92.07, 0.2
2007/09/28 13:47:22, 77.457, 231.761, 77.54, 116.24, 152.396, 151.48, 91.22, 92.21, 0.1
2007/09/28 13:49:22, 76.999, 229.777, 77.63, 116.13, 151.938, 150.87, 91.22, 92.25, 0.1
2007/09/28 13:51:22, 77.763, 232.219, 77.50, 116.02, 152.091, 150.412, 91.62, 92.34, 0.1
2007/09/28 13:53:22, 77.305, 233.135, 77.72, 116.02, 152.396, 150.717, 91.18, 92.16, 0.1
2007/09/28 13:55:22, 77.61, 234.051, 77.79, 116.02, 153.007, 151.938, 91.09, 92.07, 0.2
2007/09/28 13:57:22, 77.61, 231.151, 77.92, 116.02, 151.938, 150.565, 91.62, 92.37, 0.1
2007/09/28 13:59:22, 76.999, 234.203, 78.21, 116.13, 153.312, 152.091, 91.22, 92.25, 0.1
2007/09/28 14:01:22, 77.152, 235.577, 78.33, 116.47, 153.922, 153.007, 91.80, 92.55, 0.1
2007/09/28 14:03:22, 77.915, 227.64, 78.12, 116.42, 152.396, 151.938, 91.76, 92.52, 0.2
2007/09/28 14:05:22, 77.61, 237.561, 78.08, 116.24, 153.617, 154.075, 91.58, 92.37, 0.1
2007/09/28 14:07:22, 78.526, 229.319, 78.21, 116.80, 151.938, 151.48, 91.67, 92.77, 0.1
2007/09/28 14:09:22, 77.61, 231.914, 78.12, 116.53, 152.701, 151.786, 91.94, 92.86, 0.1
2007/09/28 14:11:22, 77.305, 228.556, 77.92, 116.19, 151.328, 149.954, 91.85, 92.77, 0.1
2007/09/28 14:13:22, 76.542, 228.098, 77.79, 115.75, 151.786, 150.412, 91.85, 92.64, 0.2
2007/09/28 14:15:22, 77.305, 231.151, 77.63, 116.13, 152.701, 151.023, 92.03, 92.64, 0.1
2007/09/28 14:17:22, 77.152, 231.303, 77.54, 115.92, 151.786, 151.175, 91.58, 92.70, 0.1
2007/09/28 14:19:22, 77.152, 234.814, 77.50, 115.86, 153.007, 152.396, 91.27, 92.34, 0.1
2007/09/28 14:21:22, 76.847, 227.488, 77.63, 115.81, 152.396, 151.48, 91.58, 92.34, 0.2
2007/09/28 14:23:22, 76.999, 232.524, 77.59, 115.92, 152.549, 151.48, 91.89, 92.46, 0.1
2007/09/28 14:25:22, 77.61, 238.324, 77.54, 116.24, 153.922, 152.854, 91.98, 92.61, 0.1
2007/09/28 14:27:22, 77.915, 231.609, 77.59, 116.47, 151.938, 150.717, 91.85, 93.04, 0.1
2007/09/28 14:29:22, 77.305, 229.777, 77.59, 116.19, 152.244, 151.023, 92.12, 93.07, 0.1
2007/09/28 14:31:22, 76.999, 228.709, 77.59, 116.02, 152.701, 151.023, 91.89, 93.04, 0.1
2007/09/28 14:33:22, 77.305, 243.208, 77.63, 116.47, 154.533, 154.38, 92.12, 93.16, 0.2
2007/09/28 14:35:22, 76.999, 229.319, 77.72, 116.19, 153.465, 153.007, 92.43, 93.40, 0.1
2007/09/28 14:37:22, 77.457, 232.83, 77.41, 115.92, 152.701, 151.48, 92.07, 93.07, 0.1
2007/09/28 14:39:22, 77.457, 237.103, 77.25, 115.86, 152.549, 152.244, 92.07, 92.73, 0.1
2007/09/28 14:41:22, 77.305, 230.693, 77.05, 115.48, 151.023, 150.259, 92.12, 92.70, 0.2
2007/09/28 14:43:22, 76.847, 230.388, 76.84, 115.14, 151.48, 150.259, 91.89, 92.16, 0.1
2007/09/28 14:45:22, 76.847, 232.067, 76.93, 115.03, 151.938, 151.023, 91.53, 92.12, 0.1
2007/09/28 14:47:22, 76.999, 228.861, 77.22, 115.03, 152.396, 150.717, 91.27, 91.76, 0.1
2007/09/28 14:49:22, 76.999, 229.777, 77.34, 115.09, 152.854, 151.175, 91.09, 91.53, 0.1
2007/09/28 14:51:22, 76.694, 228.556, 77.47, 115.03, 152.091, 151.023, 91.06, 91.58, 0.2
2007/09/28 14:53:22, 76.847, 231.609, 77.67, 115.36, 152.701, 151.633, 91.00, 91.98, 0.1
2007/09/28 14:55:22, 77.763, 231.914, 77.67, 115.81, 153.465, 152.549, 91.00, 92.28, 0.1
2007/09/28 14:57:22, 78.068, 234.661, 77.88, 116.02, 154.228, 152.854, 91.44, 92.73, 0.1
2007/09/28 14:59:22, 77.763, 231.761, 78.04, 116.02, 153.77, 152.854, 91.94, 93.07, 0.1
2007/09/28 15:01:22, 77.915, 231.609, 78.21, 116.29, 153.77, 152.091, 91.80, 93.16, 0.2
2007/09/28 15:03:22, 78.068, 239.545, 78.24, 116.53, 155.449, 155.143, 92.25, 93.25, 0.1
2007/09/28 15:05:22, 78.068, 236.187, 78.21, 116.80, 154.686, 153.617, 92.12, 93.40, 0.1
2007/09/28 15:07:22, 77.61, 226.267, 77.95, 116.29, 152.701, 151.023, 92.21, 93.61, 0.1
2007/09/28 15:09:22, 77.61, 236.035, 77.72, 116.35, 154.38, 153.159, 92.37, 93.43, 0.2
2007/09/28 15:11:22, 77.61, 232.524, 77.63, 116.29, 153.922, 152.549, 92.46, 93.31, 0.1
2007/09/28 15:13:22, 76.694, 236.951, 77.95, 116.19, 154.686, 153.312, 92.73, 93.52, 0.1
2007/09/28 15:15:22, 77.61, 228.556, 77.79, 116.13, 152.091, 150.107, 93.00, 93.88, 0.1
2007/09/28 15:17:22, 76.542, 232.067, 77.92, 116.08, 153.465, 152.091, 92.70, 93.88, 0.1
2007/09/28 15:19:22, 77.763, 239.85, 77.72, 116.29, 154.686, 154.838, 93.00, 93.67, 0.2
2007/09/28 15:21:22, 78.373, 237.561, 77.63, 116.42, 154.075, 152.854, 92.82, 93.67, 0.1
2007/09/28 15:23:22, 78.068, 234.051, 77.54, 116.35, 153.007, 152.396, 92.64, 93.49, 0.1
2007/09/28 15:25:22, 78.068, 233.745, 77.47, 116.08, 153.007, 151.938, 92.64, 93.25, 0.1
2007/09/28 15:27:22, 77.915, 236.187, 77.50, 116.08, 153.159, 152.091, 92.86, 93.43, 0.2
2007/09/28 15:29:22, 77.763, 233.745, 77.34, 115.81, 152.701, 151.786, 92.86, 93.40, 0.1
2007/09/28 15:31:22, 77.61, 230.235, 77.54, 115.59, 152.549, 151.023, 92.77, 93.25, 0.1
2007/09/28 15:33:22, 77.763, 229.167, 77.72, 115.65, 152.701, 150.565, 92.28, 92.82, 0.1
2007/09/28 15:35:22, 77.61, 227.946, 77.72, 115.70, 151.633, 150.259, 92.46, 92.64, 0.1
2007/09/28 15:37:22, 77.152, 233.135, 77.92, 115.70, 153.617, 152.091, 91.89, 92.61, 0.1
2007/09/28 15:39:22, 77.61, 234.661, 77.88, 115.75, 153.922, 152.396, 91.89, 92.73, 0.2
2007/09/28 15:41:22, 77.915, 232.677, 77.92, 115.86, 153.007, 152.091, 92.37, 93.16, 0.1
2007/09/28 15:43:22, 77.457, 224.893, 78.12, 116.19, 152.396, 150.565, 92.12, 93.40, 0.1
2007/09/28 15:45:22, 76.847, 237.714, 78.40, 116.13, 154.228, 154.228, 92.46, 93.67, 0.1
2007/09/28 15:47:22, 77.763, 229.472, 78.12, 116.19, 152.854, 152.244, 92.64, 93.25, 0.2
2007/09/28 15:49:22, 76.542, 227.64, 78.04, 115.86, 152.091, 151.175, 92.61, 93.00, 0.1
2007/09/28 15:51:22, 76.847, 233.135, 77.79, 115.86, 153.617, 152.396, 92.28, 92.61, 0.1
2007/09/28 15:53:22, 77.763, 231.151, 77.41, 115.92, 153.159, 150.717, 92.61, 92.95, 0.1
2007/09/28 15:55:22, 77.61, 237.561, 77.38, 115.97, 153.007, 152.091, 92.52, 93.04, 0.1
2007/09/28 15:57:22, 77.915, 235.882, 77.38, 115.70, 152.854, 152.244, 92.64, 93.52, 0.2
2007/09/28 15:59:22, 78.068, 238.935, 77.38, 116.13, 154.075, 152.396, 92.52, 93.40, 0.1
2007/09/28 16:01:22, 78.373, 233.44, 77.38, 116.13, 152.244, 151.023, 92.77, 93.70, 0.1
2007/09/28 16:03:22, 77.61, 233.593, 77.47, 115.92, 151.633, 151.023, 92.43, 93.34, 0.1
2007/09/28 16:05:22, 76.542, 223.062, 77.67, 115.75, 151.175, 149.649, 92.82, 93.13, 0.2
2007/09/28 16:07:22, 75.931, 231.609, 77.79, 115.75, 152.549, 151.786, 92.21, 93.00, 0.1
2007/09/28 16:09:22, 76.236, 227.335, 77.76, 115.70, 151.786, 151.328, 92.46, 93.34, 0.1
2007/09/28 16:11:22, 76.847, 239.24, 77.59, 116.02, 152.549, 152.701, 92.73, 93.52, 0.1
2007/09/28 16:13:22, 77.305, 227.03, 77.59, 115.81, 150.87, 150.259, 93.00, 93.85, 0.1
2007/09/28 16:15:22, 76.542, 221.383, 77.92, 115.75, 151.786, 149.954, 92.70, 93.97, 0.2
2007/09/28 16:17:22, 76.389, 229.167, 78.17, 115.97, 153.465, 152.396, 92.55, 93.61, 0.1
2007/09/28 16:19:22, 76.694, 231.609, 78.17, 116.08, 153.159, 152.549, 92.55, 93.43, 0.1
2007/09/28 16:21:22, 77.763, 236.645, 77.95, 116.24, 153.159, 152.549, 92.55, 93.22, 0.1
2007/09/28 16:23:22, 77.763, 229.014, 77.88, 116.13, 152.091, 151.175, 92.77, 93.58, 0.2
2007/09/28 16:25:22, 78.068, 233.135, 78.04, 116.35, 153.922, 152.854, 92.73, 93.70, 0.1
2007/09/28 16:27:22, 77.915, 229.777, 78.17, 116.19, 152.549, 151.633, 93.16, 94.06, 0.1
2007/09/28 16:29:22, 77.61, 235.73, 78.33, 116.42, 154.38, 153.617, 93.16, 94.10, 0.1
2007/09/28 16:31:22, 77.915, 232.83, 78.12, 116.47, 154.075, 152.549, 92.86, 94.06, 0.1
2007/09/28 16:33:22, 77.305, 234.203, 78.01, 116.13, 153.465, 152.854, 93.25, 94.06, 0.2
2007/09/28 16:35:22, 78.526, 239.698, 77.47, 116.35, 154.075, 153.922, 93.22, 93.67, 0.1
2007/09/28 16:37:22, 78.22, 236.493, 77.38, 116.42, 152.854, 151.786, 92.86, 93.97, 0.1
2007/09/28 16:39:22, 77.763, 235.882, 77.47, 116.08, 152.549, 151.786, 93.22, 94.15, 0.1
2007/09/28 16:41:22, 77.915, 234.509, 77.50, 116.29, 152.854, 152.244, 93.31, 93.88, 0.2
2007/09/28 16:43:22, 77.915, 233.135, 77.50, 116.19, 152.091, 151.48, 93.43, 94.03, 0.1
2007/09/28 16:45:22, 78.068, 234.661, 77.38, 116.29, 152.244, 151.633, 92.95, 94.06, 0.1
2007/09/28 16:47:22, 77.915, 234.966, 77.38, 116.08, 151.938, 152.091, 93.00, 94.06, 0.1
2007/09/28 16:49:22, 78.068, 232.067, 77.31, 116.08, 151.175, 150.412, 93.07, 93.88, 0.2
2007/09/28 16:51:22, 77.457, 238.629, 77.41, 115.92, 153.312, 152.549, 93.16, 93.94, 0.0
2007/09/28 16:53:22, 77.915, 232.067, 77.31, 116.19, 151.786, 150.412, 93.52, 94.06, 0.2
2007/09/28 16:55:22, 77.61, 236.645, 77.31, 116.08, 152.854, 151.938, 93.13, 93.97, 0.1
2007/09/28 16:57:22, 77.457, 232.372, 77.38, 115.97, 153.465, 151.786, 93.43, 93.97, 0.1
2007/09/28 16:59:22, 77.152, 237.714, 77.47, 115.97, 154.075, 152.091, 93.31, 94.15, 0.1
2007/09/28 17:01:22, 77.763, 236.34, 77.31, 115.92, 154.075, 152.701, 93.31, 94.33, 0.2
2007/09/28 17:03:22, 77.457, 230.235, 77.63, 115.81, 152.396, 151.48, 93.31, 94.15, 0.1
2007/09/28 17:05:22, 78.068, 235.73, 77.72, 116.02, 153.007, 151.786, 92.95, 93.76, 0.1
2007/09/28 17:07:22, 78.068, 235.272, 77.76, 116.08, 153.159, 152.244, 93.31, 93.97, 0.1
2007/09/28 17:09:22, 77.915, 234.509, 77.79, 116.02, 153.617, 152.396, 92.86, 93.70, 0.1
2007/09/28 17:11:22, 77.61, 229.472, 78.01, 115.81, 152.854, 151.48, 93.13, 93.94, 0.2
2007/09/28 17:13:22, 77.152, 236.493, 78.21, 116.13, 154.38, 153.922, 92.86, 94.03, 0.1
2007/09/28 17:15:22, 78.22, 234.203, 78.17, 116.35, 153.159, 152.549, 92.70, 93.70, 0.1
2007/09/28 17:17:22, 78.068, 232.219, 78.04, 116.35, 152.701, 152.091, 93.00, 93.67, 0.1
2007/09/28 17:19:22, 77.61, 230.998, 77.95, 116.29, 153.159, 151.786, 93.00, 93.52, 0.2
2007/09/28 17:21:22, 77.305, 231.914, 77.88, 116.24, 152.854, 151.938, 92.73, 93.52, 0.1
2007/09/28 17:23:22, 77.457, 234.814, 77.83, 116.08, 152.854, 151.786, 93.16, 93.67, 0.1
2007/09/28 17:25:22, 77.915, 237.103, 77.63, 116.02, 153.465, 152.244, 92.82, 93.58, 0.1
2007/09/28 17:27:22, 77.915, 230.388, 77.54, 116.08, 152.091, 151.023, 93.16, 93.61, 0.2
2007/09/28 17:29:22, 76.847, 236.035, 77.79, 115.81, 153.007, 151.938, 93.00, 93.88, 0.1
2007/09/28 17:31:22, 77.915, 236.035, 77.59, 116.02, 153.312, 152.244, 92.77, 93.40, 0.1
2007/09/28 17:33:22, 77.61, 236.493, 77.54, 115.92, 153.617, 152.549, 93.00, 93.49, 0.1
2007/09/28 17:35:22, 77.61, 235.119, 77.63, 116.08, 153.007, 151.786, 93.00, 93.34, 0.1
2007/09/28 17:37:22, 76.694, 229.167, 77.79, 115.75, 151.938, 150.87, 92.86, 93.70, 0.2
2007/09/28 17:39:22, 77.61, 234.051, 77.67, 115.70, 153.007, 151.023, 92.55, 93.31, 0.1
2007/09/28 17:41:22, 77.61, 230.693, 77.63, 115.75, 153.159, 151.48, 92.43, 93.07, 0.1
2007/09/28 17:43:22, 77.763, 235.882, 77.59, 115.70, 153.77, 151.633, 92.55, 93.22, 0.1
2007/09/28 17:45:22, 77.915, 230.693, 77.79, 115.70, 152.854, 151.175, 92.82, 93.25, 0.2
2007/09/28 17:47:22, 77.305, 226.267, 78.01, 115.75, 152.854, 151.023, 92.64, 93.40, 0.1
2007/09/28 17:49:22, 76.999, 233.745, 78.12, 115.75, 153.77, 152.396, 92.55, 93.25, 0.1
2007/09/28 17:51:22, 77.457, 231.303, 78.12, 116.02, 153.617, 152.244, 92.61, 93.22, 0.1
2007/09/28 17:53:22, 76.694, 228.404, 78.28, 115.75, 153.159, 152.091, 92.55, 93.31, 0.1
2007/09/28 17:55:22, 77.152, 231.609, 78.33, 115.97, 153.312, 152.396, 92.46, 93.07, 0.2
2007/09/28 17:57:22, 77.305, 227.488, 78.33, 115.92, 153.007, 151.633, 92.12, 92.77, 0.1
2007/09/28 17:59:22, 76.847, 223.977, 78.37, 115.70, 152.701, 151.023, 92.21, 92.70, 0.1
2007/09/28 18:01:22, 76.389, 224.893, 78.12, 115.48, 151.938, 151.175, 91.58, 92.28, 0.1
2007/09/28 18:03:22, 77.305, 234.203, 77.79, 115.54, 153.312, 152.701, 91.58, 91.58, 0.1
2007/09/28 18:05:22, 77.763, 234.356, 77.63, 115.59, 153.159, 151.938, 92.07, 91.89, 0.1
2007/09/28 18:07:22, 77.763, 234.203, 77.50, 115.54, 152.244, 151.175, 91.71, 92.12, 0.2
2007/09/28 18:09:22, 77.915, 230.54, 77.41, 115.54, 151.786, 151.023, 91.62, 92.03, 0.1
2007/09/28 18:11:22, 77.763, 235.272, 77.41, 115.54, 153.007, 151.633, 91.94, 92.28, 0.1
2007/09/28 18:13:22, 77.763, 230.388, 77.41, 115.59, 151.938, 150.717, 92.03, 92.64, 0.1
2007/09/28 18:15:22, 77.763, 234.203, 77.41, 115.65, 153.007, 151.786, 91.49, 92.25, 0.2
2007/09/28 18:17:22, 77.763, 234.051, 77.38, 115.54, 153.312, 151.328, 91.62, 92.43, 0.1
2007/09/28 18:19:22, 77.305, 228.709, 77.50, 115.30, 151.023, 149.954, 91.22, 92.46, 0.1
2007/09/28 18:21:22, 77.457, 233.898, 77.63, 115.30, 152.854, 151.328, 91.58, 92.46, 0.1
2007/09/28 18:23:22, 77.457, 231.609, 77.72, 115.20, 152.549, 151.48, 91.58, 92.37, 0.1
2007/09/28 18:25:22, 77.152, 228.861, 77.79, 115.30, 152.396, 151.328, 91.13, 91.89, 0.2
2007/09/28 18:27:22, 77.152, 229.472, 77.88, 115.36, 151.633, 150.717, 91.13, 91.67, 0.1
2007/09/28 18:29:22, 87.225, 200.473, 79.56, 113.70, 152.701, 151.938, 91.40, 91.76, 0.1
2007/09/28 18:31:22, 118.971, 198.031, 87.08, 105.64, 152.549, 151.633, 91.98, 92.52, 0.0
2007/09/28 18:33:22, 121.871, 195.589, 91.85, 102.18, 153.312, 152.396, 92.43, 93.58, 0.0
2007/09/28 18:35:22, 123.55, 192.995, 94.82, 100.96, 152.854, 152.549, 92.82, 94.68, 0.0
2007/09/28 18:37:22, 125.076, 191.01, 96.64, 100.35, 153.77, 153.007, 93.34, 95.40, 0.0
2007/09/28 18:39:22, 126.297, 189.331, 97.93, 100.06, 154.838, 153.617, 93.58, 95.92, 0.0
2007/09/28 18:41:22, 127.518, 187.347, 98.91, 99.73, 155.296, 153.922, 93.85, 96.64, 0.0
2007/09/28 18:43:22, 128.739, 185.821, 99.50, 99.50, 155.754, 154.686, 94.06, 96.73, 0.0
2007/09/28 18:45:22, 129.808, 185.211, 99.97, 99.50, 155.907, 155.296, 94.42, 97.11, 0.0
2007/09/28 18:47:22, 130.723, 184.753, 100.26, 99.23, 156.975, 155.907, 94.46, 97.14, 0.0
2007/09/28 18:49:22, 131.792, 183.837, 100.49, 99.23, 157.433, 156.364, 94.77, 97.47, 0.0
2007/09/28 18:51:22, 132.86, 183.227, 100.72, 99.03, 158.043, 156.975, 94.68, 97.38, 0.0
2007/09/28 18:53:22, 133.929, 182.616, 100.87, 99.00, 158.654, 157.585, 94.82, 97.52, 0.0
2007/09/28 18:55:22, 134.844, 182.005, 100.90, 98.91, 159.264, 158.043, 95.22, 97.75, 0.0
2007/09/28 18:57:22, 135.455, 181.09, 101.01, 98.85, 159.417, 158.349, 95.04, 97.79, 0.0
2007/09/28 18:59:22, 136.218, 180.174, 101.01, 98.80, 159.57, 158.806, 95.18, 97.70, 0.0
2007/09/28 19:01:22, 137.134, 179.258, 101.01, 98.53, 160.027, 159.264, 95.50, 97.88, 0.0
2007/09/28 19:03:22, 137.897, 178.342, 101.01, 98.53, 160.333, 159.57, 95.27, 97.84, 0.0
2007/09/28 19:05:22, 138.66, 177.427, 100.96, 98.35, 160.333, 159.875, 95.36, 97.75, 0.0
2007/09/28 19:07:22, 139.423, 176.358, 100.90, 98.35, 160.638, 159.722, 95.31, 97.88, 0.0
2007/09/28 19:09:22, 139.881, 175.748, 100.87, 98.20, 160.791, 159.57, 95.54, 98.11, 0.0
2007/09/28 19:11:22, 140.644, 174.985, 100.81, 98.11, 160.638, 159.722, 95.36, 97.61, 0.0
2007/09/28 19:13:22, 141.255, 174.069, 100.76, 97.93, 160.638, 159.57, 95.40, 97.61, 0.0
2007/09/28 19:15:22, 141.712, 173.153, 100.72, 97.75, 160.333, 159.417, 95.40, 97.66, 0.0
2007/09/28 19:17:22, 142.17, 172.085, 100.67, 97.61, 160.791, 159.417, 95.40, 97.70, 0.0
2007/09/28 19:19:22, 142.476, 171.169, 100.67, 97.38, 161.096, 159.417, 95.07, 97.52, 0.0
2007/09/28 19:21:22, 142.933, 170.101, 100.58, 97.14, 160.638, 159.112, 95.07, 97.47, 0.0
2007/09/28 19:23:22, 143.391, 169.338, 100.44, 96.96, 160.638, 159.264, 95.22, 97.32, 0.0
2007/09/28 19:25:22, 143.697, 168.574, 100.35, 96.78, 160.485, 159.264, 95.18, 97.23, 0.0
2007/09/28 19:27:22, 144.154, 167.659, 100.29, 96.55, 159.722, 159.264, 94.98, 97.05, 0.0
2007/09/28 19:29:22, 144.46, 166.896, 100.26, 96.37, 159.875, 158.959, 94.86, 96.96, 0.0
2007/09/28 19:31:22, 144.765, 166.132, 100.20, 96.19, 159.722, 158.959, 94.64, 97.00, 0.0
2007/09/28 19:33:22, 145.223, 164.911, 100.02, 96.01, 159.417, 159.112, 94.77, 96.87, 0.0
2007/09/28 19:35:22, 145.375, 164.148, 99.97, 95.77, 160.027, 158.349, 94.60, 96.67, 0.0
2007/09/28 19:37:22, 145.681, 163.69, 99.84, 95.59, 160.485, 158.196, 94.73, 96.67, 0.0
2007/09/28 19:39:22, 146.139, 162.927, 99.79, 95.40, 159.722, 158.196, 94.33, 96.40, 0.0
2007/09/28 19:41:22, 146.291, 161.859, 99.64, 95.13, 158.806, 157.891, 94.51, 96.46, 0.0
2007/09/28 19:43:22, 146.596, 160.638, 99.50, 94.86, 159.875, 157.891, 94.37, 96.04, 0.0
2007/09/28 19:45:22, 146.902, 159.722, 99.41, 94.64, 159.417, 158.043, 94.15, 96.13, 0.0
2007/09/28 19:47:22, 147.207, 158.959, 99.28, 94.42, 158.501, 157.433, 93.88, 95.63, 0.0
2007/09/28 19:49:22, 147.512, 157.738, 99.18, 94.19, 158.501, 156.975, 93.85, 95.81, 0.0
2007/09/28 19:51:22, 147.817, 156.517, 99.00, 93.94, 157.891, 156.822, 93.76, 95.45, 0.0
2007/09/28 19:53:22, 147.97, 155.601, 98.94, 93.70, 157.128, 156.67, 93.67, 95.63, 0.0
2007/09/28 19:55:22, 148.428, 154.686, 98.80, 93.40, 156.975, 156.364, 93.52, 95.63, 0.0
2007/09/28 19:57:22, 149.038, 153.77, 98.67, 90.84, 156.975, 156.059, 93.31, 95.22, 0.0
2007/09/28 19:59:22, 149.954, 152.701, 98.62, 84.96, 157.891, 156.059, 93.16, 94.98, 0.0
2007/09/28 20:01:22, 151.633, 151.633, 98.62, 83.93, 156.67, 155.449, 93.13, 94.86, 0.0
2007/09/28 20:03:22, 152.244, 151.633, 98.56, 86.13, 156.822, 155.296, 92.82, 94.77, 0.0
2007/09/28 20:05:22, 152.244, 151.48, 98.26, 87.62, 156.67, 155.449, 92.82, 94.60, 0.0
2007/09/28 20:07:22, 152.091, 151.023, 98.02, 88.79, 156.059, 155.143, 92.61, 94.64, 0.0
2007/09/28 20:09:22, 151.938, 151.175, 97.79, 89.51, 155.907, 154.686, 92.46, 94.68, 0.0
2007/09/28 20:11:22, 151.48, 150.565, 97.52, 89.87, 155.296, 154.38, 92.28, 94.42, 0.0
2007/09/28 20:13:22, 151.175, 150.259, 97.20, 89.44, 154.991, 153.922, 92.21, 94.15, 0.0
2007/09/28 20:15:22, 150.717, 149.802, 96.91, 89.38, 154.838, 153.922, 92.37, 94.06, 0.0
2007/09/28 20:17:22, 150.412, 149.496, 96.78, 90.36, 154.533, 153.465, 92.21, 94.19, 0.0
2007/09/28 20:19:22, 150.107, 149.191, 96.46, 91.06, 154.533, 153.312, 92.03, 93.70, 0.0
2007/09/28 20:21:22, 149.802, 149.038, 96.22, 91.44, 154.075, 152.854, 92.03, 93.52, 0.0
2007/09/28 20:23:22, 149.496, 148.733, 96.04, 91.62, 153.465, 152.396, 91.85, 93.52, 0.0
2007/09/28 20:25:22, 149.038, 148.123, 95.77, 91.76, 153.159, 152.244, 91.98, 93.49, 0.0
2007/09/28 20:27:22, 148.733, 148.123, 95.72, 91.76, 152.854, 151.938, 91.76, 93.52, 0.0
2007/09/28 20:29:22, 148.581, 147.97, 95.50, 91.67, 152.854, 151.633, 91.94, 93.43, 0.0
2007/09/28 20:31:22, 148.275, 147.512, 95.31, 91.62, 152.396, 151.48, 91.94, 93.40, 0.0
2007/09/28 20:33:22, 148.123, 147.207, 95.07, 91.53, 151.328, 151.175, 91.62, 93.04, 0.0
2007/09/28 20:35:22, 147.665, 146.902, 94.91, 91.44, 152.091, 150.412, 91.76, 93.16, 0.0
2007/09/28 20:37:22, 147.512, 146.902, 94.82, 91.40, 151.633, 150.565, 91.67, 93.13, 0.0
2007/09/28 20:39:22, 147.36, 146.749, 94.77, 91.22, 150.87, 150.259, 91.62, 93.25, 0.0
2007/09/28 20:41:22, 147.207, 146.749, 94.55, 90.91, 150.717, 149.802, 91.40, 92.73, 0.0
2007/09/28 20:43:22, 147.054, 146.596, 94.42, 90.79, 150.717, 149.802, 91.22, 92.55, 0.0
2007/09/28 20:45:22, 146.902, 146.139, 94.42, 90.75, 149.954, 149.191, 91.35, 92.95, 0.0
2007/09/28 20:47:22, 146.596, 145.833, 94.28, 90.70, 149.954, 149.191, 91.35, 92.73, 0.0
2007/09/28 20:49:22, 146.444, 145.681, 94.10, 90.66, 149.649, 148.886, 91.31, 92.61, 0.0
2007/09/28 20:51:22, 146.139, 145.375, 94.03, 90.61, 149.649, 148.733, 91.06, 92.34, 0.0
2007/09/28 20:53:22, 145.986, 145.223, 93.88, 90.57, 149.344, 148.581, 91.06, 92.43, 0.0
2007/09/28 20:55:22, 145.681, 145.223, 93.70, 90.48, 149.344, 148.123, 90.97, 92.21, 0.0
2007/09/28 20:57:22, 145.528, 144.918, 93.52, 90.30, 149.038, 148.275, 91.13, 92.16, 0.0
2007/09/28 20:59:22, 145.375, 144.765, 93.40, 90.27, 148.886, 148.123, 91.09, 92.16, 0.0
2007/09/28 21:01:22, 145.223, 144.46, 93.34, 90.18, 148.886, 147.817, 90.84, 92.03, 0.0
2007/09/28 21:03:22, 145.07, 144.612, 93.16, 89.96, 149.038, 147.207, 90.97, 91.98, 0.0
2007/09/28 21:05:22, 145.07, 144.307, 93.16, 89.91, 148.733, 147.207, 90.84, 91.89, 0.0
2007/09/28 21:07:22, 144.918, 144.46, 93.00, 89.69, 149.344, 146.902, 90.66, 91.44, 0.0
2007/09/28 21:09:22, 144.918, 144.307, 92.91, 89.47, 148.428, 147.054, 90.66, 91.40, 0.0
2007/09/28 21:11:22, 144.918, 144.307, 92.91, 89.44, 148.275, 146.902, 90.84, 91.58, 0.0
2007/09/28 21:13:22, 144.765, 144.46, 92.91, 89.31, 148.581, 146.749, 90.84, 91.53, 0.0
2007/09/28 21:15:22, 144.918, 144.46, 92.91, 89.31, 148.123, 147.054, 90.75, 91.58, 0.0
2007/09/28 21:17:22, 144.918, 144.612, 92.86, 89.31, 148.275, 147.054, 90.75, 91.44, 0.0
2007/09/28 21:19:22, 144.918, 144.307, 92.64, 89.19, 148.123, 146.749, 90.70, 91.18, 0.0
2007/09/28 21:21:22, 144.918, 144.307, 92.64, 89.26, 148.275, 146.444, 90.48, 91.31, 0.0
2007/09/28 21:23:22, 144.765, 144.154, 92.55, 89.35, 148.275, 146.291, 90.39, 91.31, 0.0
2007/09/28 21:25:22, 144.612, 144.154, 92.34, 89.31, 147.817, 146.596, 90.45, 91.22, 0.0
2007/09/28 21:27:22, 144.612, 143.697, 92.21, 89.31, 147.817, 146.291, 90.61, 91.40, 0.0
2007/09/28 21:29:22, 144.307, 143.697, 92.21, 89.31, 147.36, 146.139, 90.39, 91.53, 0.0
2007/09/28 21:31:22, 144.154, 143.697, 92.03, 89.26, 147.817, 145.986, 90.18, 91.31, 0.0
2007/09/28 21:33:22, 144.002, 143.544, 91.85, 89.13, 147.512, 145.986, 90.45, 91.22, 0.0
2007/09/28 21:35:22, 143.849, 143.239, 91.85, 89.01, 147.97, 145.833, 90.36, 91.13, 0.0
2007/09/28 21:37:22, 143.849, 143.239, 91.76, 88.84, 147.817, 145.528, 90.27, 91.06, 0.0
2007/09/28 21:39:22, 143.697, 143.086, 91.53, 88.70, 146.902, 145.681, 90.18, 90.70, 0.0
2007/09/28 21:41:22, 143.391, 142.781, 91.40, 88.70, 146.902, 145.681, 90.18, 90.61, 0.0
2007/09/28 21:43:22, 143.086, 142.628, 91.27, 88.66, 146.749, 145.375, 90.00, 90.39, 0.0
2007/09/28 21:45:22, 143.086, 142.323, 91.18, 88.63, 146.596, 144.918, 90.00, 90.48, 0.0
2007/09/28 21:47:22, 142.781, 142.17, 91.09, 88.57, 146.291, 144.765, 89.64, 90.36, 0.0
2007/09/28 21:49:22, 142.476, 141.865, 91.06, 88.57, 145.986, 144.612, 89.69, 90.54, 0.0
2007/09/28 21:51:22, 142.323, 141.712, 90.79, 88.45, 145.986, 144.612, 89.60, 90.18, 0.0
2007/09/28 21:53:22, 142.018, 141.56, 90.75, 88.45, 145.986, 144.307, 89.78, 90.39, 0.0
2007/09/28 21:55:22, 141.865, 141.407, 90.61, 88.27, 145.375, 144.154, 89.44, 90.14, 0.0
2007/09/28 21:57:22, 141.712, 141.56, 90.54, 88.05, 145.375, 144.307, 89.60, 89.91, 0.0
2007/09/28 21:59:22, 141.712, 140.949, 90.48, 87.89, 145.223, 144.307, 89.56, 89.91, 0.0
2007/09/28 22:01:22, 141.407, 141.102, 90.48, 87.93, 145.528, 143.849, 89.35, 90.05, 0.0
2007/09/28 22:03:22, 141.255, 140.797, 90.36, 87.93, 145.223, 143.697, 89.35, 90.05, 0.0
2007/09/28 22:05:22, 141.102, 140.644, 90.27, 87.84, 145.07, 143.544, 89.35, 90.05, 0.0
2007/09/28 22:07:22, 141.102, 140.339, 90.09, 87.67, 144.918, 143.239, 89.35, 89.78, 0.0
2007/09/28 22:09:22, 140.949, 140.491, 90.00, 87.49, 144.612, 143.391, 89.26, 89.73, 0.0
2007/09/28 22:11:22, 140.797, 140.186, 89.87, 87.42, 144.307, 143.239, 89.22, 89.47, 0.0
2007/09/28 22:13:22, 140.797, 140.034, 89.87, 87.42, 143.697, 142.933, 88.92, 89.44, 0.0
2007/09/28 22:15:22, 140.644, 139.881, 89.87, 87.21, 144.46, 142.628, 88.97, 89.56, 0.0
2007/09/28 22:17:22, 140.644, 139.881, 89.73, 87.08, 144.002, 142.476, 88.88, 89.44, 0.0
2007/09/28 22:19:22, 140.644, 140.186, 89.69, 86.90, 144.002, 142.17, 88.97, 89.51, 0.0
2007/09/28 22:21:22, 140.949, 140.644, 89.69, 86.52, 144.002, 142.323, 89.01, 89.44, 0.0
2007/09/28 22:23:22, 140.949, 140.339, 89.56, 86.47, 143.849, 142.476, 88.88, 88.92, 0.0
2007/09/28 22:25:22, 140.797, 140.491, 89.51, 86.56, 144.002, 142.628, 88.75, 88.84, 0.0
2007/09/28 22:27:22, 141.102, 140.491, 89.47, 86.56, 143.697, 142.476, 88.70, 88.75, 0.0
2007/09/28 22:29:22, 140.949, 140.644, 89.44, 86.61, 143.849, 142.628, 88.84, 88.88, 0.0
2007/09/28 22:31:22, 140.949, 140.491, 89.38, 86.65, 144.002, 142.781, 88.84, 88.88, 0.0
2007/09/28 22:33:22, 140.949, 140.644, 89.44, 86.56, 143.849, 142.781, 88.63, 89.04, 0.0
2007/09/28 22:35:22, 140.949, 140.644, 89.38, 86.61, 144.154, 142.781, 88.63, 89.13, 0.0
2007/09/28 22:37:22, 141.102, 140.491, 89.22, 86.47, 144.765, 142.628, 88.75, 89.01, 0.0
2007/09/28 22:39:22, 141.102, 140.491, 89.26, 86.47, 144.918, 142.781, 88.66, 89.10, 0.0
2007/09/28 22:41:22, 141.102, 140.491, 89.19, 86.56, 143.391, 142.781, 88.54, 88.97, 0.0
2007/09/28 22:43:22, 140.949, 140.644, 88.97, 86.47, 144.612, 142.781, 88.48, 88.66, 0.0
2007/09/28 22:45:22, 141.102, 140.339, 88.92, 86.25, 144.307, 143.239, 88.57, 88.70, 0.0
2007/09/28 22:47:22, 141.102, 140.644, 88.88, 86.04, 144.307, 143.086, 88.41, 88.57, 0.0
2007/09/28 22:49:22, 141.102, 140.491, 88.79, 86.09, 144.154, 143.086, 88.48, 88.54, 0.0
2007/09/28 22:51:22, 141.102, 140.644, 88.84, 86.31, 144.154, 143.086, 88.45, 88.88, 0.0
2007/09/28 22:53:22, 140.949, 140.339, 88.66, 86.25, 144.154, 142.933, 88.20, 88.45, 0.0
2007/09/28 22:55:22, 140.949, 140.491, 88.57, 86.09, 144.307, 142.781, 88.45, 88.66, 0.0
2007/09/28 22:57:22, 140.949, 140.491, 88.54, 85.91, 143.849, 142.933, 88.36, 88.57, 0.0
2007/09/28 22:59:22, 140.949, 140.339, 88.54, 86.13, 144.002, 142.781, 88.11, 88.63, 0.0
2007/09/28 23:01:22, 140.949, 140.339, 88.41, 86.00, 144.002, 142.781, 88.27, 88.54, 0.0
2007/09/28 23:03:22, 140.949, 140.644, 88.36, 85.87, 144.002, 142.628, 88.23, 88.66, 0.0
2007/09/28 23:05:22, 140.797, 140.034, 88.32, 85.91, 144.002, 142.476, 88.23, 88.75, 0.0
2007/09/28 23:07:22, 140.644, 140.034, 88.14, 86.04, 143.697, 142.323, 87.96, 88.36, 0.0
2007/09/28 23:09:22, 140.644, 140.186, 88.05, 86.00, 144.002, 142.323, 87.93, 88.32, 0.0
2007/09/28 23:11:22, 140.491, 140.034, 88.11, 86.18, 143.697, 142.476, 87.96, 88.66, 0.0
2007/09/28 23:13:22, 140.339, 140.034, 87.93, 86.00, 143.391, 142.17, 88.05, 88.45, 0.0
2007/09/28 23:15:22, 140.186, 139.728, 87.93, 86.00, 143.544, 142.17, 87.84, 88.57, 0.0
2007/09/28 23:17:22, 140.186, 139.423, 87.89, 85.91, 143.544, 142.17, 87.75, 88.41, 0.0
2007/09/28 23:19:22, 140.034, 139.423, 87.75, 85.84, 143.391, 142.476, 87.58, 88.20, 0.0
2007/09/28 23:21:22, 139.881, 139.27, 87.67, 85.78, 143.239, 142.323, 87.80, 88.20, 0.0
2007/09/28 23:23:22, 139.881, 139.118, 87.71, 85.75, 143.391, 142.17, 87.62, 88.36, 0.0
2007/09/28 23:25:22, 139.728, 139.118, 87.58, 85.71, 143.391, 142.17, 87.49, 88.14, 0.0
2007/09/28 23:27:22, 139.728, 139.423, 87.55, 85.62, 143.086, 141.865, 87.75, 88.32, 0.0
2007/09/28 23:29:22, 139.576, 139.118, 87.49, 85.66, 142.933, 141.865, 87.46, 88.11, 0.0
2007/09/28 23:31:22, 139.576, 139.27, 87.46, 85.62, 143.086, 141.712, 87.58, 88.41, 0.0
2007/09/28 23:33:22, 139.423, 138.813, 87.24, 85.66, 142.323, 141.865, 87.37, 87.89, 0.0
2007/09/28 23:35:22, 139.27, 138.813, 87.21, 85.59, 142.628, 141.56, 87.33, 87.75, 0.0
2007/09/28 23:37:22, 139.118, 138.813, 87.24, 85.53, 142.933, 141.56, 87.33, 88.05, 0.0
2007/09/28 23:39:22, 138.965, 138.66, 87.08, 85.46, 142.476, 141.56, 87.42, 87.71, 0.0
2007/09/28 23:41:22, 138.965, 138.66, 87.15, 85.46, 142.476, 141.255, 87.33, 88.02, 0.0
2007/09/28 23:43:22, 138.813, 138.355, 87.08, 85.33, 142.476, 141.407, 87.08, 87.67, 0.0
2007/09/28 23:45:22, 138.813, 138.202, 87.08, 85.37, 141.865, 141.255, 87.30, 87.93, 0.0
2007/09/28 23:47:22, 138.66, 137.592, 86.95, 85.15, 142.17, 140.949, 87.33, 87.55, 0.0
2007/09/28 23:49:22, 138.049, 137.134, 87.03, 85.03, 141.407, 140.797, 87.12, 87.55, 0.0
2007/09/28 23:51:22, 137.439, 136.828, 87.08, 84.56, 141.102, 140.644, 87.37, 87.62, 0.0
2007/09/28 23:53:22, 137.134, 136.371, 87.12, 80.74, 141.56, 140.186, 87.12, 87.49, 0.0
2007/09/28 23:55:22, 136.828, 136.371, 86.95, 76.96, 140.949, 140.491, 87.24, 87.37, 0.0
2007/09/28 23:57:22, 136.523, 136.218, 86.99, 76.48, 141.407, 140.339, 86.90, 87.08, 0.0
2007/09/28 23:59:22, 136.371, 136.371, 87.03, 77.05, 141.255, 139.881, 86.95, 87.24, 0.0
2007/09/29 0:01:22, 136.676, 136.218, 86.90, 77.72, 141.255, 140.186, 86.86, 87.15, 0.0
2007/09/29 0:03:22, 136.828, 136.371, 86.77, 78.12, 140.949, 140.186, 86.86, 87.03, 0.0
2007/09/29 0:05:22, 136.828, 136.371, 86.77, 79.68, 140.949, 139.881, 86.83, 87.30, 0.0
2007/09/29 0:07:22, 136.828, 136.218, 86.56, 80.58, 141.102, 139.881, 86.95, 87.30, 0.0
2007/09/29 0:09:22, 136.828, 136.523, 86.43, 81.05, 140.949, 139.728, 86.83, 86.90, 0.0
2007/09/29 0:11:22, 136.828, 136.371, 86.34, 81.43, 140.949, 139.728, 86.65, 86.77, 0.0
2007/09/29 0:13:22, 136.828, 136.676, 86.25, 81.81, 140.644, 139.576, 86.47, 86.83, 0.0
2007/09/29 0:15:22, 136.981, 136.676, 86.22, 81.88, 140.644, 139.576, 86.40, 86.90, 0.0
2007/09/29 0:17:22, 137.134, 136.523, 86.09, 81.88, 140.491, 139.423, 86.56, 86.90, 0.0
2007/09/29 0:19:22, 136.981, 136.371, 86.04, 82.54, 140.491, 139.423, 86.31, 86.83, 0.0
2007/09/29 0:21:22, 136.981, 136.218, 85.96, 83.05, 140.339, 139.27, 86.34, 86.56, 0.0
2007/09/29 0:23:22, 136.676, 136.218, 85.87, 83.35, 140.491, 138.66, 86.56, 86.77, 0.0
2007/09/29 0:25:22, 136.523, 136.065, 85.71, 83.43, 140.034, 138.965, 86.43, 86.47, 0.0
2007/09/29 0:27:22, 136.371, 135.913, 85.62, 83.52, 140.034, 138.813, 86.25, 86.31, 0.0
2007/09/29 0:29:22, 136.371, 135.913, 85.71, 83.61, 139.881, 138.507, 86.22, 86.65, 0.0
2007/09/29 0:31:22, 136.371, 135.76, 85.59, 83.48, 139.576, 138.66, 86.40, 86.74, 0.0
2007/09/29 0:33:22, 136.523, 136.065, 85.53, 83.35, 139.728, 138.66, 86.34, 86.83, 0.0
2007/09/29 0:35:22, 136.676, 136.371, 85.53, 81.43, 139.576, 138.507, 86.31, 86.86, 0.0
2007/09/29 0:37:22, 136.828, 136.523, 85.41, 79.11, 139.576, 138.507, 86.04, 86.43, 0.0
2007/09/29 0:39:22, 136.828, 136.371, 85.46, 79.02, 140.034, 138.507, 86.13, 86.77, 0.0
2007/09/29 0:41:22, 136.828, 136.218, 85.28, 80.22, 139.576, 138.355, 85.96, 86.22, 0.0
2007/09/29 0:43:22, 136.828, 135.913, 85.33, 82.00, 139.423, 138.202, 86.00, 86.61, 0.0
2007/09/29 0:45:22, 136.676, 136.065, 85.15, 82.80, 139.118, 138.202, 85.78, 86.34, 0.0
2007/09/29 0:47:22, 136.523, 135.76, 85.15, 83.23, 139.728, 138.049, 85.87, 86.65, 0.0
2007/09/29 0:49:22, 136.523, 135.607, 84.96, 83.30, 139.728, 138.202, 85.96, 86.34, 0.0
2007/09/29 0:51:22, 136.371, 135.76, 85.03, 83.48, 139.27, 137.744, 85.87, 86.68, 0.0
2007/09/29 0:53:22, 136.371, 135.455, 84.90, 83.43, 140.034, 137.744, 85.87, 86.65, 0.0
2007/09/29 0:55:22, 136.218, 135.302, 84.78, 83.35, 139.728, 137.592, 85.87, 86.65, 0.0
2007/09/29 0:57:22, 136.065, 135.455, 84.69, 83.39, 139.728, 137.592, 85.53, 86.25, 0.0
2007/09/29 0:59:22, 135.913, 135.15, 84.56, 83.39, 139.423, 137.592, 85.62, 86.04, 0.0
2007/09/29 1:01:22, 135.607, 134.692, 84.52, 83.30, 139.118, 137.286, 85.71, 86.18, 0.0
2007/09/29 1:03:22, 134.844, 133.929, 84.52, 83.23, 138.965, 136.981, 85.71, 86.18, 0.0
2007/09/29 1:05:22, 134.386, 133.776, 84.52, 82.42, 138.66, 136.981, 85.75, 86.22, 0.0
2007/09/29 1:07:22, 134.234, 133.623, 84.52, 76.93, 138.355, 136.676, 85.59, 86.18, 0.0
2007/09/29 1:09:22, 133.929, 133.318, 84.49, 76.57, 138.507, 136.828, 85.33, 85.53, 0.0
2007/09/29 1:11:22, 133.623, 132.708, 84.43, 78.21, 138.66, 136.828, 85.37, 85.37, 0.0
2007/09/29 1:13:22, 133.318, 132.555, 84.49, 79.65, 137.897, 136.981, 85.33, 85.66, 0.0
2007/09/29 1:15:22, 133.165, 132.402, 84.31, 80.83, 137.744, 136.676, 85.46, 85.41, 0.0
2007/09/29 1:17:22, 133.165, 132.708, 84.22, 81.46, 137.744, 136.523, 85.41, 85.37, 0.0
2007/09/29 1:19:22, 133.013, 132.708, 84.15, 81.68, 137.592, 136.523, 85.28, 85.24, 0.0
2007/09/29 1:21:22, 133.013, 132.555, 84.22, 81.81, 137.286, 136.371, 85.12, 85.59, 0.0
2007/09/29 1:23:22, 133.013, 132.402, 84.06, 81.93, 137.439, 136.218, 85.03, 85.33, 0.0
2007/09/29 1:25:22, 133.013, 132.402, 83.93, 82.09, 137.286, 135.913, 85.08, 85.15, 0.0
2007/09/29 1:27:22, 132.86, 132.555, 83.86, 82.06, 137.134, 136.065, 85.12, 85.37, 0.0
2007/09/29 1:29:22, 132.86, 132.402, 83.77, 82.06, 136.371, 135.913, 84.90, 85.24, 0.0
2007/09/29 1:31:22, 132.86, 132.097, 83.73, 82.13, 137.134, 135.913, 84.87, 85.24, 0.0
2007/09/29 1:33:22, 132.86, 132.25, 83.73, 82.13, 136.981, 136.065, 85.12, 85.50, 0.0
2007/09/29 1:35:22, 132.708, 132.25, 83.61, 82.09, 136.981, 135.913, 84.96, 85.21, 0.0
2007/09/29 1:37:22, 132.708, 132.25, 83.61, 82.13, 136.828, 135.76, 84.69, 85.21, 0.0
2007/09/29 1:39:22, 132.708, 132.25, 83.55, 82.13, 136.828, 135.913, 85.03, 85.28, 0.0
2007/09/29 1:41:22, 132.708, 132.402, 83.61, 82.22, 136.676, 135.76, 84.83, 85.37, 0.0
2007/09/29 1:43:22, 132.708, 132.25, 83.52, 82.17, 136.981, 135.607, 84.96, 85.24, 0.0
2007/09/29 1:45:22, 132.86, 132.402, 83.55, 82.17, 136.828, 135.607, 84.69, 85.24, 0.0
2007/09/29 1:47:22, 132.86, 132.402, 83.39, 82.00, 136.981, 135.76, 84.69, 85.03, 0.0
2007/09/29 1:49:22, 132.86, 132.25, 83.39, 82.06, 136.828, 135.913, 84.69, 84.87, 0.0
2007/09/29 1:51:22, 132.86, 132.25, 83.52, 82.26, 136.828, 135.76, 84.56, 84.99, 0.0
2007/09/29 1:53:22, 133.013, 132.402, 83.52, 82.85, 136.981, 135.913, 85.03, 84.96, 0.0
2007/09/29 1:55:22, 133.013, 132.708, 83.64, 83.17, 137.134, 136.065, 84.99, 84.90, 0.0
2007/09/29 1:57:22, 133.165, 132.86, 83.55, 83.01, 137.286, 136.065, 84.99, 84.61, 0.0
2007/09/29 1:59:22, 133.318, 132.86, 83.52, 83.01, 137.134, 136.065, 84.78, 84.34, 0.0
2007/09/29 2:01:22, 133.318, 133.013, 83.55, 83.01, 137.286, 136.065, 84.65, 84.56, 0.0
2007/09/29 2:03:22, 133.471, 133.013, 83.43, 82.80, 137.286, 136.371, 84.69, 84.34, 0.0
2007/09/29 2:05:22, 133.623, 133.013, 83.39, 82.85, 137.592, 136.676, 84.74, 84.52, 0.0
2007/09/29 2:07:22, 133.623, 133.165, 83.43, 82.85, 137.592, 136.676, 84.56, 84.78, 0.0
2007/09/29 2:09:22, 133.776, 133.471, 83.35, 82.72, 137.744, 136.676, 84.78, 84.61, 0.0
2007/09/29 2:11:22, 133.776, 133.471, 83.43, 82.67, 137.592, 136.676, 84.52, 84.74, 0.0
2007/09/29 2:13:22, 133.776, 133.318, 83.35, 81.52, 137.592, 136.523, 84.40, 84.52, 0.0
2007/09/29 2:15:22, 133.471, 133.165, 83.39, 81.81, 137.134, 136.371, 84.69, 84.49, 0.0
2007/09/29 2:17:22, 133.165, 132.86, 83.48, 82.00, 137.286, 136.371, 84.69, 84.34, 0.0
2007/09/29 2:19:22, 132.86, 132.708, 83.39, 81.84, 137.286, 136.218, 84.61, 84.18, 0.0
2007/09/29 2:21:22, 132.86, 132.25, 83.35, 81.68, 137.134, 136.218, 84.40, 83.93, 0.0
2007/09/29 2:23:22, 132.86, 132.097, 83.48, 82.13, 136.981, 136.218, 84.27, 83.97, 0.0
2007/09/29 2:25:22, 132.708, 132.25, 83.35, 83.23, 136.828, 136.218, 84.43, 83.55, 0.0
2007/09/29 2:27:22, 132.86, 132.25, 83.43, 83.93, 137.134, 135.76, 84.40, 83.97, 0.0
2007/09/29 2:29:22, 132.86, 132.402, 83.30, 84.34, 136.676, 136.065, 84.09, 83.64, 0.0
2007/09/29 2:31:22, 133.013, 132.708, 83.23, 84.43, 136.523, 136.065, 84.15, 83.80, 0.0
2007/09/29 2:33:22, 133.165, 132.708, 83.17, 84.61, 136.218, 135.76, 84.09, 83.97, 0.0
2007/09/29 2:35:22, 133.165, 132.708, 83.23, 84.61, 136.828, 135.76, 83.86, 83.89, 0.0
2007/09/29 2:37:22, 133.165, 132.555, 83.05, 84.52, 136.676, 135.913, 83.86, 83.52, 0.0
2007/09/29 2:39:22, 133.165, 132.708, 83.10, 84.52, 136.828, 135.76, 83.89, 83.86, 0.0
2007/09/29 2:41:22, 133.165, 132.708, 83.01, 84.43, 137.286, 135.913, 83.89, 83.61, 0.0
2007/09/29 2:43:22, 133.165, 132.708, 82.92, 84.40, 137.286, 135.913, 83.55, 83.23, 0.0
2007/09/29 2:45:22, 133.165, 132.708, 82.92, 84.34, 136.676, 135.76, 83.86, 83.52, 0.0
2007/09/29 2:47:22, 133.318, 133.013, 82.85, 84.15, 136.828, 135.913, 83.55, 83.35, 0.0
2007/09/29 2:49:22, 133.318, 132.86, 82.98, 84.49, 136.981, 135.76, 83.61, 83.68, 0.0
2007/09/29 2:51:22, 133.471, 133.165, 82.92, 84.40, 136.371, 135.76, 83.64, 83.80, 0.0
2007/09/29 2:53:22, 133.471, 133.165, 82.85, 84.49, 136.828, 135.76, 83.39, 83.43, 0.0
2007/09/29 2:55:22, 133.623, 133.013, 82.80, 84.43, 136.218, 135.302, 83.68, 83.43, 0.0
2007/09/29 2:57:22, 133.623, 133.165, 82.76, 84.40, 136.218, 135.607, 83.61, 83.35, 0.0
2007/09/29 2:59:22, 133.471, 132.86, 82.72, 84.34, 136.371, 134.997, 83.23, 83.05, 0.0
2007/09/29 3:01:22, 133.471, 133.013, 82.54, 84.43, 136.218, 134.997, 83.30, 83.01, 0.0
2007/09/29 3:03:22, 133.318, 132.86, 82.54, 84.52, 136.065, 134.997, 83.17, 82.85, 0.0
2007/09/29 3:05:22, 133.318, 132.708, 82.45, 84.31, 136.065, 134.997, 83.14, 82.80, 0.0
2007/09/29 3:07:22, 133.165, 132.402, 82.42, 84.06, 136.065, 134.844, 83.01, 82.85, 0.0
2007/09/29 3:09:22, 133.165, 132.708, 82.51, 84.18, 136.218, 134.692, 83.10, 83.10, 0.0
2007/09/29 3:11:22, 133.165, 132.708, 82.35, 84.18, 136.065, 134.844, 82.92, 82.67, 0.0
2007/09/29 3:13:22, 133.165, 132.555, 82.38, 84.18, 135.607, 134.539, 82.85, 82.98, 0.0
2007/09/29 3:15:22, 133.013, 132.402, 82.35, 84.27, 135.607, 134.539, 82.98, 83.17, 0.0
2007/09/29 3:17:22, 133.013, 132.25, 82.22, 84.15, 135.455, 134.539, 83.01, 82.89, 0.0
2007/09/29 3:19:22, 132.86, 132.25, 82.17, 83.89, 135.76, 134.997, 82.76, 82.42, 0.0
2007/09/29 3:21:22, 132.708, 132.097, 82.22, 83.48, 135.302, 134.539, 82.60, 82.22, 0.0
2007/09/29 3:23:22, 132.555, 132.097, 82.22, 83.17, 135.302, 134.386, 82.76, 82.51, 0.0
2007/09/29 3:25:22, 132.25, 131.639, 82.22, 82.35, 135.302, 134.081, 82.72, 82.45, 0.0
2007/09/29 3:27:22, 131.944, 131.334, 82.22, 81.97, 135.15, 134.234, 82.80, 82.67, 0.0
2007/09/29 3:29:22, 131.639, 130.723, 82.17, 81.68, 135.15, 134.234, 82.63, 82.51, 0.0
2007/09/29 3:31:22, 131.487, 131.029, 82.13, 81.30, 134.997, 133.929, 82.60, 82.89, 0.0
2007/09/29 3:33:22, 131.181, 130.723, 82.00, 82.06, 134.539, 133.776, 82.67, 82.51, 0.0
2007/09/29 3:35:22, 131.029, 130.571, 82.06, 82.60, 134.386, 133.471, 82.67, 83.10, 0.0
2007/09/29 3:37:22, 130.876, 130.418, 81.88, 82.85, 134.386, 133.318, 82.67, 82.76, 0.0
2007/09/29 3:39:22, 130.876, 130.418, 81.81, 82.98, 134.386, 133.623, 82.60, 82.54, 0.0
2007/09/29 3:41:22, 130.723, 130.266, 81.81, 83.35, 134.081, 133.471, 82.54, 82.80, 0.0
2007/09/29 3:43:22, 130.723, 130.113, 81.72, 82.92, 134.234, 133.165, 82.42, 82.76, 0.0
2007/09/29 3:45:22, 130.571, 130.113, 81.64, 82.76, 133.623, 133.165, 82.42, 82.80, 0.0
2007/09/29 3:47:22, 130.571, 129.96, 81.52, 82.67, 133.471, 133.165, 82.42, 82.63, 0.0
2007/09/29 3:49:22, 130.418, 130.113, 81.55, 82.92, 133.623, 132.86, 82.00, 82.51, 0.0
2007/09/29 3:51:22, 130.266, 129.96, 81.52, 82.98, 133.776, 132.555, 81.97, 82.35, 0.0
2007/09/29 3:53:22, 130.418, 129.808, 81.43, 83.10, 133.471, 132.402, 82.22, 82.42, 0.0
2007/09/29 3:55:22, 130.266, 129.655, 81.43, 83.35, 133.471, 132.402, 82.22, 82.45, 0.0
2007/09/29 3:57:22, 130.113, 129.502, 81.34, 83.14, 133.318, 132.097, 81.84, 82.17, 0.0
2007/09/29 3:59:22, 130.113, 129.502, 81.34, 83.17, 133.013, 132.097, 81.75, 82.17, 0.0
2007/09/29 4:01:22, 129.96, 129.502, 81.18, 83.05, 132.708, 131.944, 81.72, 81.88, 0.0
2007/09/29 4:03:22, 129.808, 129.655, 81.14, 82.54, 132.86, 131.944, 81.97, 81.88, 0.0
2007/09/29 4:05:22, 129.808, 129.197, 81.14, 82.13, 132.86, 131.944, 81.68, 81.64, 0.0
2007/09/29 4:07:22, 129.655, 129.35, 80.96, 81.84, 132.708, 131.639, 81.81, 81.43, 0.0
2007/09/29 4:09:22, 129.655, 129.045, 81.09, 82.29, 132.86, 131.792, 81.88, 81.68, 0.0
2007/09/29 4:11:22, 129.655, 129.045, 81.01, 82.29, 132.86, 131.639, 81.55, 81.21, 0.0
2007/09/29 4:13:22, 129.502, 129.045, 80.83, 81.43, 132.402, 131.487, 81.68, 81.59, 0.0
2007/09/29 4:15:22, 129.35, 128.739, 80.83, 81.05, 132.25, 131.487, 81.39, 82.22, 0.0
2007/09/29 4:17:22, 129.197, 128.739, 80.62, 80.80, 132.555, 131.181, 81.59, 82.35, 0.0
2007/09/29 4:19:22, 129.045, 128.587, 80.55, 80.83, 132.402, 131.334, 81.30, 82.00, 0.0
2007/09/29 4:21:22, 128.892, 128.587, 80.62, 81.01, 132.402, 131.181, 81.30, 82.22, 0.0
2007/09/29 4:23:22, 128.892, 128.434, 80.51, 80.96, 132.25, 131.029, 81.55, 81.84, 0.0
2007/09/29 4:25:22, 128.892, 128.434, 80.58, 80.71, 131.944, 131.029, 81.43, 82.06, 0.0
2007/09/29 4:27:22, 128.739, 128.281, 80.46, 80.51, 131.639, 131.181, 81.21, 81.64, 0.0
2007/09/29 4:29:22, 128.434, 127.976, 80.58, 80.35, 131.487, 130.876, 81.21, 81.88, 0.0
2007/09/29 4:31:22, 128.281, 127.824, 80.51, 79.48, 131.487, 130.876, 81.30, 82.26, 0.0
2007/09/29 4:33:22, 127.976, 127.518, 80.29, 79.02, 131.487, 130.876, 81.21, 81.97, 0.0
2007/09/29 4:35:22, 127.976, 127.213, 80.46, 79.30, 131.181, 130.571, 81.27, 82.35, 0.0
2007/09/29 4:37:22, 127.671, 126.908, 80.35, 79.27, 131.029, 130.418, 80.96, 81.84, 0.0
2007/09/29 4:39:22, 127.518, 126.908, 80.42, 79.48, 131.181, 130.418, 80.89, 81.97, 0.0
2007/09/29 4:41:22, 127.366, 126.908, 80.26, 79.81, 131.029, 130.418, 80.83, 81.68, 0.0
2007/09/29 4:43:22, 127.366, 126.908, 80.26, 80.10, 131.029, 130.113, 80.92, 81.72, 0.0
2007/09/29 4:45:22, 127.366, 126.908, 80.26, 80.26, 130.571, 130.113, 81.18, 81.97, 0.0
2007/09/29 4:47:22, 127.213, 126.755, 80.26, 80.29, 130.571, 129.96, 81.05, 81.93, 0.0
2007/09/29 4:49:22, 127.213, 126.755, 80.13, 80.13, 130.571, 130.113, 80.92, 81.72, 0.0
2007/09/29 4:51:22, 127.213, 126.755, 80.13, 80.38, 130.571, 129.96, 80.74, 81.21, 0.0
2007/09/29 4:53:22, 127.213, 126.603, 80.10, 80.55, 130.571, 129.808, 81.05, 81.09, 0.0
2007/09/29 4:55:22, 127.213, 126.755, 80.19, 80.71, 130.723, 129.808, 80.83, 81.21, 0.0
2007/09/29 4:57:22, 127.366, 126.755, 80.10, 80.42, 130.571, 129.96, 80.96, 81.21, 0.0
2007/09/29 4:59:22, 127.213, 126.755, 79.97, 80.46, 130.418, 129.655, 80.92, 80.92, 0.0
2007/09/29 5:01:22, 127.366, 126.755, 79.93, 80.10, 130.266, 129.808, 80.67, 80.71, 0.0
2007/09/29 5:03:22, 127.366, 126.603, 79.84, 79.84, 130.418, 129.655, 80.71, 81.05, 0.0
2007/09/29 5:05:22, 127.366, 126.755, 79.90, 79.93, 130.723, 129.808, 80.51, 80.96, 0.0
2007/09/29 5:07:22, 127.366, 126.603, 79.81, 79.52, 130.266, 129.35, 80.71, 81.30, 0.0
2007/09/29 5:09:22, 127.366, 127.06, 79.77, 79.39, 129.96, 129.502, 80.51, 81.72, 0.0
2007/09/29 5:11:22, 127.366, 126.755, 79.68, 79.23, 130.418, 129.35, 80.58, 81.68, 0.0
2007/09/29 5:13:22, 127.213, 126.45, 79.52, 78.69, 130.418, 129.045, 80.19, 81.34, 0.0
2007/09/29 5:15:22, 126.908, 126.145, 79.39, 78.37, 130.113, 129.502, 80.35, 81.27, 0.0
2007/09/29 5:17:22, 126.603, 125.992, 79.36, 78.24, 129.96, 129.502, 80.22, 81.18, 0.0
2007/09/29 5:19:22, 126.45, 125.992, 79.30, 78.12, 129.96, 129.197, 80.35, 81.46, 0.0
2007/09/29 5:21:22, 126.297, 125.687, 79.14, 77.88, 130.113, 129.35, 80.13, 81.09, 0.0
2007/09/29 5:23:22, 126.297, 125.687, 79.14, 77.54, 129.96, 129.045, 79.97, 81.01, 0.0
2007/09/29 5:25:22, 126.297, 125.687, 79.23, 77.63, 130.113, 129.045, 79.93, 81.27, 0.0
2007/09/29 5:27:22, 126.145, 125.382, 79.11, 77.54, 130.113, 129.35, 80.22, 81.34, 0.0
2007/09/29 5:29:22, 125.992, 125.229, 79.18, 77.63, 129.96, 129.35, 80.22, 81.30, 0.0
2007/09/29 5:31:22, 125.992, 125.687, 79.07, 77.47, 130.418, 129.35, 80.01, 81.05, 0.0
2007/09/29 5:33:22, 126.145, 125.534, 79.23, 77.47, 130.113, 129.502, 80.10, 81.46, 0.0
2007/09/29 5:35:22, 126.297, 125.687, 78.85, 77.05, 130.113, 129.502, 79.77, 81.27, 0.0
2007/09/29 5:37:22, 126.45, 126.45, 78.85, 76.89, 130.113, 129.655, 79.68, 81.55, 0.0
2007/09/29 5:39:22, 126.755, 125.992, 78.82, 76.80, 130.571, 129.502, 79.72, 81.30, 0.0
2007/09/29 5:41:22, 126.755, 126.145, 78.60, 77.00, 130.418, 129.808, 79.77, 81.52, 0.0
2007/09/29 5:43:22, 126.755, 126.297, 78.40, 76.89, 130.418, 129.655, 79.84, 81.30, 0.0
2007/09/29 5:45:22, 126.45, 194.521, 78.37, 76.77, 131.029, 130.113, 79.77, 81.27, 0.0
2007/09/29 5:47:22, 67.842, 177.885, 74.41, 97.20, 136.828, 135.607, 78.28, 80.46, 0.1
2007/09/29 5:49:22, 65.858, 178.19, 75.54, 103.75, 137.439, 136.218, 78.08, 80.62, 0.1
2007/09/29 5:51:22, 66.01, 181.395, 75.74, 105.30, 60.363, 178.495, 73.63, 101.95, 0.2
2007/09/29 5:53:22, 66.01, 183.99, 75.74, 105.98, 61.279, 183.379, 74.80, 120.16, 0.2
2007/09/29 5:55:22, 66.468, 183.227, 75.67, 106.29, 62.195, 183.99, 74.80, 123.10, 0.2
2007/09/29 5:57:22, 66.468, 185.669, 75.63, 106.79, 61.889, 182.921, 74.93, 124.68, 0.2
2007/09/29 5:59:22, 66.468, 187.195, 75.51, 106.99, 62.347, 186.584, 75.42, 125.42, 0.2
2007/09/29 6:01:22, 66.316, 185.669, 75.42, 107.04, 61.737, 184.753, 75.51, 125.73, 0.2
2007/09/29 6:03:22, 66.316, 184.6, 75.29, 107.19, 62.195, 182.158, 75.42, 126.10, 0.2
2007/09/29 6:05:22, 66.01, 187.347, 75.25, 107.19, 61.737, 183.99, 74.93, 126.48, 0.2
2007/09/29 6:07:22, 66.316, 187.958, 75.16, 107.24, 62.347, 183.837, 75.33, 126.48, 0.2
2007/09/29 6:09:22, 66.468, 184.447, 75.16, 107.24, 61.889, 182.769, 75.51, 126.36, 0.2
2007/09/29 6:11:22, 66.468, 184.142, 75.42, 107.38, 62.5, 183.99, 75.54, 126.54, 0.3
2007/09/29 6:13:22, 66.621, 185.211, 75.51, 107.49, 62.195, 184.447, 75.79, 126.66, 0.2
2007/09/29 6:15:22, 66.621, 185.211, 75.38, 107.53, 62.347, 183.227, 75.42, 126.86, 0.2
2007/09/29 6:17:22, 66.774, 185.974, 75.29, 107.53, 62.195, 183.379, 75.45, 126.73, 0.2
2007/09/29 6:19:22, 66.774, 186.584, 75.33, 107.80, 62.347, 184.142, 75.16, 127.17, 0.2
2007/09/29 6:21:22, 66.926, 184.447, 75.29, 107.83, 62.5, 182.616, 75.67, 127.11, 0.2
2007/09/29 6:23:22, 86.615, 149.191, 77.92, 104.04, 117.14, 154.838, 77.83, 121.64, 0.1
2007/09/29 6:25:22, 115.308, 143.391, 81.93, 93.00, 119.734, 151.328, 84.09, 108.72, 0.0
2007/09/29 6:27:22, 115.156, 141.407, 83.93, 87.96, 119.429, 148.428, 87.33, 101.86, 0.0
2007/09/29 6:29:22, 118.361, 139.728, 85.28, 85.87, 122.329, 145.375, 89.22, 94.24, 0.0
2007/09/29 6:31:22, 120.65, 138.049, 86.13, 84.52, 124.008, 141.712, 89.31, 90.84, 0.0
2007/09/29 6:33:22, 123.397, 137.286, 86.22, 83.35, 125.992, 139.881, 89.31, 89.26, 0.0
2007/09/29 6:35:22, 127.213, 136.371, 86.13, 81.88, 127.976, 138.202, 89.22, 88.05, 0.0
2007/09/29 6:37:22, 131.487, 134.081, 86.95, 81.55, 129.655, 136.523, 89.13, 87.33, 0.0
2007/09/29 6:39:22, 134.692, 134.539, 87.89, 81.55, 131.639, 135.455, 89.26, 85.59, 0.0
2007/09/29 6:41:22, 135.302, 134.997, 87.75, 82.72, 134.539, 133.623, 90.36, 83.55, 0.0
2007/09/29 6:43:22, 135.455, 134.844, 87.55, 83.23, 134.692, 133.929, 90.36, 85.28, 0.0
2007/09/29 6:45:22, 135.455, 134.844, 87.30, 83.14, 135.15, 134.386, 89.82, 87.46, 0.0
2007/09/29 6:47:22, 122.482, 174.374, 83.68, 86.25, 134.234, 132.708, 89.04, 88.63, 0.0
2007/09/29 6:49:22, 65.247, 178.8, 77.18, 104.32, 134.234, 132.708, 86.68, 90.14, 0.1
2007/09/29 6:51:22, 66.01, 179.258, 76.57, 106.99, 134.081, 132.555, 85.75, 89.51, 0.1
2007/09/29 6:53:22, 66.01, 178.8, 76.53, 107.49, 134.539, 133.013, 86.13, 88.70, 0.1
2007/09/29 6:55:22, 65.705, 182.769, 76.53, 107.74, 133.623, 133.165, 86.83, 88.02, 0.1
2007/09/29 6:57:22, 65.858, 181.242, 76.53, 107.94, 134.234, 132.708, 87.42, 87.15, 0.1
2007/09/29 6:59:22, 66.01, 182.158, 76.53, 108.05, 134.386, 133.013, 87.33, 86.47, 0.1
2007/09/29 7:01:22, 66.163, 182.158, 76.48, 108.00, 134.234, 132.86, 87.62, 85.75, 0.2
2007/09/29 7:03:22, 66.01, 180.785, 76.48, 108.16, 133.929, 132.708, 87.62, 85.12, 0.1
2007/09/29 7:05:22, 65.858, 181.242, 76.53, 108.19, 134.234, 132.708, 87.42, 85.15, 0.0
2007/09/29 7:07:22, 65.858, 180.021, 76.53, 108.19, 134.386, 132.86, 87.75, 84.65, 0.2
2007/09/29 7:09:22, 65.858, 181.7, 76.53, 108.30, 134.234, 132.708, 87.30, 84.18, 0.1
2007/09/29 7:11:22, 65.858, 180.632, 76.53, 108.25, 134.081, 132.708, 87.33, 83.97, 0.1
2007/09/29 7:13:22, 66.163, 181.395, 76.48, 108.25, 134.539, 132.708, 87.24, 83.39, 0.1
2007/09/29 7:15:22, 65.858, 181.09, 76.41, 108.05, 134.081, 132.555, 87.55, 83.10, 0.0
2007/09/29 7:17:22, 65.858, 180.327, 76.21, 108.19, 133.929, 132.708, 87.46, 82.51, 0.2
2007/09/29 7:19:22, 65.705, 183.379, 76.12, 108.00, 134.539, 133.776, 87.21, 81.97, 0.1
2007/09/29 7:21:22, 65.705, 180.632, 76.08, 108.00, 134.539, 133.471, 87.46, 82.35, 0.1
2007/09/29 7:23:22, 66.163, 182.769, 76.08, 108.30, 134.844, 133.471, 87.24, 82.09, 0.1
2007/09/29 7:25:22, 66.163, 183.074, 76.12, 108.05, 134.539, 134.844, 87.15, 82.63, 0.1
2007/09/29 7:27:22, 66.163, 185.211, 76.08, 108.16, 134.844, 133.929, 86.56, 82.42, 0.1
2007/09/29 7:29:22, 66.468, 184.905, 76.12, 108.19, 135.15, 134.234, 86.40, 82.09, 0.1
2007/09/29 7:31:22, 66.468, 183.074, 76.15, 108.19, 135.15, 133.623, 86.56, 82.89, 0.1
2007/09/29 7:33:22, 66.468, 183.684, 76.32, 108.30, 134.844, 133.471, 86.22, 83.17, 0.1
2007/09/29 7:35:22, 66.621, 183.684, 76.44, 108.41, 135.15, 133.929, 85.78, 83.14, 0.1
2007/09/29 7:37:22, 66.774, 185.821, 76.44, 108.52, 135.76, 134.692, 85.91, 82.17, 0.1
2007/09/29 7:39:22, 66.621, 184.753, 76.41, 108.55, 135.913, 134.844, 85.50, 82.22, 0.1
2007/09/29 7:41:22, 66.621, 184.295, 76.48, 108.36, 136.065, 134.539, 85.24, 82.51, 0.1
2007/09/29 7:43:22, 66.621, 183.379, 76.53, 108.52, 135.15, 133.776, 85.12, 82.63, 0.1
2007/09/29 7:45:22, 66.468, 183.379, 76.57, 108.25, 135.607, 134.081, 84.99, 83.23, 0.1
2007/09/29 7:47:22, 66.621, 182.311, 76.57, 108.41, 134.386, 133.929, 84.96, 82.60, 0.1
2007/09/29 7:49:22, 66.316, 181.242, 76.48, 108.30, 134.844, 133.929, 84.40, 82.42, 0.1
2007/09/29 7:51:22, 66.163, 182.158, 76.48, 108.25, 135.15, 133.623, 84.83, 82.35, 0.1
2007/09/29 7:53:22, 66.468, 183.227, 76.48, 108.19, 134.692, 134.081, 84.18, 82.26, 0.1
2007/09/29 7:55:22, 66.316, 184.753, 76.44, 108.19, 135.15, 133.471, 84.06, 81.88, 0.1
2007/09/29 7:57:22, 66.316, 185.669, 76.48, 108.30, 135.76, 134.692, 84.09, 81.68, 0.1
2007/09/29 7:59:22, 66.163, 183.074, 76.41, 108.25, 135.302, 134.997, 83.97, 81.52, 0.2
2007/09/29 8:01:22, 66.316, 183.99, 76.24, 108.19, 135.302, 133.623, 84.18, 81.64, 0.1
2007/09/29 8:03:22, 66.316, 183.532, 76.12, 108.05, 135.302, 133.623, 83.80, 81.01, 0.0
2007/09/29 8:05:22, 66.468, 183.99, 76.08, 108.19, 135.455, 134.386, 84.34, 80.89, 0.2
2007/09/29 8:07:22, 66.468, 183.684, 76.12, 108.10, 134.844, 133.471, 83.64, 81.52, 0.1
2007/09/29 8:09:22, 66.621, 183.074, 76.03, 108.00, 135.15, 133.776, 83.64, 81.43, 0.1
2007/09/29 8:11:22, 66.468, 182.158, 75.99, 108.10, 134.844, 134.234, 83.43, 81.14, 0.1
2007/09/29 8:13:22, 66.316, 181.7, 75.96, 107.89, 134.386, 133.623, 83.17, 81.43, 0.1
2007/09/29 8:15:22, 66.163, 183.99, 76.03, 107.89, 134.844, 133.929, 83.35, 81.52, 0.1
2007/09/29 8:17:22, 66.316, 182.769, 76.12, 108.05, 134.844, 133.929, 83.35, 81.81, 0.1
2007/09/29 8:19:22, 66.774, 186.279, 76.15, 108.10, 135.15, 134.234, 83.26, 81.55, 0.1
2007/09/29 8:21:22, 66.468, 184.753, 76.24, 108.10, 134.997, 134.234, 82.76, 81.59, 0.1
2007/09/29 8:23:22, 66.621, 184.905, 76.37, 108.36, 135.455, 134.844, 82.76, 81.30, 0.1
2007/09/29 8:25:22, 66.774, 186.432, 76.48, 108.41, 135.913, 135.302, 82.67, 81.18, 0.1
2007/09/29 8:27:22, 66.774, 184.905, 76.48, 108.41, 135.76, 134.539, 82.80, 81.43, 0.1
2007/09/29 8:29:22, 66.926, 185.974, 76.53, 108.52, 136.218, 135.455, 83.05, 81.34, 0.1
2007/09/29 8:31:22, 67.079, 187.958, 76.57, 108.52, 136.065, 135.607, 82.72, 81.43, 0.1
2007/09/29 8:33:22, 67.079, 187.805, 76.60, 108.61, 136.523, 135.76, 82.51, 81.43, 0.1
2007/09/29 8:35:22, 67.079, 187.195, 76.77, 108.82, 136.371, 135.913, 82.60, 81.43, 0.1
2007/09/29 8:37:22, 67.231, 190.247, 76.93, 108.91, 136.828, 136.371, 82.45, 81.52, 0.1
2007/09/29 8:39:22, 67.537, 188.263, 77.00, 108.97, 137.286, 136.523, 83.14, 81.55, 0.1
2007/09/29 8:41:22, 67.689, 189.484, 77.09, 109.38, 137.439, 136.828, 82.85, 81.59, 0.1
2007/09/29 8:43:22, 67.537, 187.347, 76.96, 109.33, 138.202, 136.523, 83.05, 81.55, 0.1
2007/09/29 8:45:22, 67.537, 191.468, 76.89, 109.38, 137.744, 136.828, 83.05, 81.68, 0.2
2007/09/29 8:47:22, 67.537, 186.279, 76.77, 109.22, 137.439, 136.676, 83.35, 82.26, 0.1
2007/09/29 8:49:22, 67.384, 188.416, 76.69, 109.08, 137.286, 136.371, 83.17, 82.06, 0.1
2007/09/29 8:51:22, 67.689, 191.01, 76.77, 109.33, 137.897, 136.828, 83.05, 82.00, 0.1
2007/09/29 8:53:22, 67.995, 189.179, 76.80, 109.27, 137.897, 136.981, 82.72, 81.93, 0.1
2007/09/29 8:55:22, 68.147, 190.553, 76.73, 109.38, 138.202, 136.828, 82.76, 81.72, 0.1
2007/09/29 8:57:22, 67.995, 190.705, 76.77, 109.33, 139.118, 137.439, 83.14, 82.13, 0.1
2007/09/29 8:59:22, 68.147, 192.079, 76.84, 109.47, 139.27, 137.439, 82.85, 82.00, 0.1
2007/09/29 9:01:22, 68.3, 192.995, 76.80, 109.74, 139.118, 138.355, 83.01, 82.17, 0.1
2007/09/29 9:03:22, 68.147, 193.91, 76.93, 109.74, 139.118, 138.049, 83.17, 82.22, 0.1
2007/09/29 9:05:22, 68.147, 191.926, 76.93, 109.90, 139.881, 139.118, 83.23, 82.35, 0.1
2007/09/29 9:07:22, 68.452, 189.637, 76.96, 109.99, 140.644, 139.118, 82.89, 82.26, 0.1
2007/09/29 9:09:22, 67.995, 191.773, 77.00, 109.99, 140.797, 139.118, 82.67, 82.60, 0.1
2007/09/29 9:11:22, 68.605, 194.673, 77.05, 110.16, 140.644, 139.423, 82.80, 82.54, 0.1
2007/09/29 9:13:22, 68.605, 193.3, 77.05, 110.10, 140.644, 140.034, 83.26, 82.76, 0.1
2007/09/29 9:15:22, 69.063, 195.437, 77.13, 110.41, 140.797, 140.034, 82.89, 82.60, 0.2
2007/09/29 9:17:22, 68.605, 194.826, 77.22, 110.46, 141.255, 140.339, 83.43, 82.92, 0.1
2007/09/29 9:19:22, 68.91, 192.689, 77.18, 110.57, 141.255, 140.491, 83.39, 83.10, 0.1
2007/09/29 9:21:22, 68.758, 198.794, 77.25, 110.41, 141.56, 140.339, 82.92, 83.05, 0.1
2007/09/29 9:23:22, 69.368, 198.336, 77.22, 110.62, 142.17, 141.102, 83.01, 83.05, 0.1
2007/09/29 9:25:22, 69.216, 194.215, 77.34, 110.77, 142.781, 140.949, 82.92, 83.17, 0.1
2007/09/29 9:27:22, 68.91, 196.2, 77.38, 110.77, 141.865, 140.949, 83.23, 83.48, 0.1
2007/09/29 9:29:22, 69.368, 195.894, 77.47, 110.93, 141.712, 140.339, 83.17, 83.48, 0.1
2007/09/29 9:31:22, 69.521, 197.421, 77.54, 110.98, 142.323, 141.255, 83.17, 83.68, 0.1
2007/09/29 9:33:22, 69.063, 196.658, 77.72, 110.88, 142.628, 141.255, 83.43, 83.93, 0.1
2007/09/29 9:35:22, 69.063, 194.521, 77.92, 110.98, 143.391, 141.712, 83.17, 84.02, 0.2
2007/09/29 9:37:22, 69.063, 197.573, 78.04, 111.18, 144.002, 142.323, 83.26, 83.97, 0.0
2007/09/29 9:39:22, 70.131, 195.284, 78.21, 111.67, 142.933, 141.407, 83.14, 84.15, 0.2
2007/09/29 9:41:22, 69.673, 196.352, 78.24, 111.51, 143.697, 142.628, 83.23, 84.18, 0.1
2007/09/29 9:43:22, 69.826, 196.963, 78.08, 111.45, 144.307, 143.086, 83.35, 84.09, 0.1
2007/09/29 9:45:22, 69.979, 197.268, 77.95, 111.24, 144.002, 142.933, 83.52, 84.02, 0.1
2007/09/29 9:47:22, 69.979, 195.894, 77.79, 111.34, 143.697, 142.628, 83.52, 84.02, 0.1
2007/09/29 9:49:22, 69.521, 198.031, 77.72, 110.98, 143.697, 142.628, 83.14, 84.02, 0.1
2007/09/29 9:51:22, 69.979, 195.894, 77.72, 111.29, 144.46, 142.933, 83.52, 83.89, 0.1
2007/09/29 9:53:22, 69.673, 196.047, 77.72, 111.09, 144.307, 143.239, 83.10, 83.55, 0.1
2007/09/29 9:55:22, 69.368, 198.947, 77.63, 111.09, 143.697, 142.781, 83.35, 83.80, 0.1
2007/09/29 9:57:22, 70.131, 201.847, 77.38, 111.04, 143.849, 143.391, 83.10, 83.64, 0.1
2007/09/29 9:59:22, 69.979, 197.421, 77.18, 110.93, 143.697, 142.17, 83.35, 83.68, 0.2
2007/09/29 10:01:22, 69.826, 196.81, 77.05, 110.62, 143.697, 142.018, 83.30, 83.39, 0.1
2007/09/29 10:03:22, 69.673, 200.015, 76.96, 110.82, 144.307, 142.17, 83.10, 83.48, 0.1
2007/09/29 10:05:22, 69.979, 198.642, 77.00, 110.68, 143.849, 142.476, 82.72, 83.43, 0.1
2007/09/29 10:07:22, 69.521, 195.284, 77.13, 110.62, 144.307, 142.628, 83.23, 83.64, 0.1
2007/09/29 10:09:22, 69.368, 197.115, 77.22, 110.77, 144.002, 142.933, 82.67, 83.64, 0.1
2007/09/29 10:11:22, 69.368, 200.473, 77.38, 111.04, 144.612, 143.697, 82.85, 83.80, 0.1
2007/09/29 10:13:22, 70.131, 196.81, 77.50, 111.24, 144.46, 143.086, 83.35, 83.77, 0.1
2007/09/29 10:15:22, 70.284, 198.947, 77.34, 111.29, 144.307, 143.391, 83.30, 83.80, 0.1
2007/09/29 10:17:22, 69.979, 199.252, 77.34, 111.18, 144.154, 143.391, 83.30, 83.86, 0.1
2007/09/29 10:19:22, 69.979, 200.931, 77.25, 110.98, 144.612, 143.849, 83.39, 84.02, 0.2
2007/09/29 10:21:22, 70.284, 200.168, 77.38, 111.45, 144.765, 144.002, 83.14, 83.97, 0.1
2007/09/29 10:23:22, 70.284, 201.084, 77.50, 111.40, 145.375, 144.765, 83.64, 84.40, 0.1
2007/09/29 10:25:22, 70.284, 202.305, 77.47, 111.40, 145.223, 144.307, 83.35, 84.22, 0.1
2007/09/29 10:27:22, 70.742, 198.489, 77.25, 111.29, 144.765, 143.697, 83.52, 84.18, 0.1
2007/09/29 10:29:22, 70.131, 201.542, 77.22, 111.09, 144.918, 144.002, 83.14, 84.09, 0.1
2007/09/29 10:31:22, 70.589, 196.352, 77.05, 111.13, 144.154, 143.086, 83.23, 83.86, 0.1
2007/09/29 10:33:22, 70.284, 202.763, 77.18, 111.29, 145.223, 143.544, 83.39, 83.89, 0.1
2007/09/29 10:35:22, 70.894, 203.831, 77.25, 111.45, 145.375, 144.002, 83.17, 84.09, 0.1
2007/09/29 10:37:22, 70.894, 200.931, 77.59, 111.67, 146.139, 144.46, 83.23, 84.09, 0.2
2007/09/29 10:39:22, 70.589, 205.51, 77.79, 111.83, 146.139, 145.223, 83.86, 84.69, 0.1
2007/09/29 10:41:22, 70.742, 204.441, 77.72, 111.88, 146.902, 145.528, 83.89, 84.83, 0.1
2007/09/29 10:43:22, 71.047, 205.662, 77.83, 112.15, 146.902, 145.528, 83.64, 84.87, 0.1
2007/09/29 10:45:22, 71.658, 201.084, 78.04, 112.32, 146.444, 145.681, 84.02, 85.03, 0.1
2007/09/29 10:47:22, 71.047, 205.357, 78.33, 112.42, 147.36, 146.291, 84.02, 85.41, 0.1
2007/09/29 10:49:22, 71.505, 205.052, 78.49, 112.62, 146.749, 146.139, 84.31, 85.66, 0.1
2007/09/29 10:51:22, 71.505, 202.61, 78.44, 112.59, 146.139, 145.223, 84.34, 85.71, 0.1
2007/09/29 10:53:22, 71.352, 205.357, 78.44, 112.73, 147.36, 146.596, 84.18, 85.66, 0.1
2007/09/29 10:55:22, 71.352, 204.136, 78.53, 112.78, 148.123, 146.596, 84.69, 85.78, 0.2
2007/09/29 10:57:22, 71.505, 204.899, 78.53, 112.78, 147.36, 145.986, 84.61, 85.71, 0.1
2007/09/29 10:59:22, 71.81, 210.241, 78.57, 113.11, 148.275, 148.275, 84.96, 85.91, 0.1
2007/09/29 11:01:22, 71.658, 208.562, 78.85, 113.32, 148.428, 147.054, 84.87, 86.09, 0.1
2007/09/29 11:03:22, 72.115, 202.152, 78.85, 113.22, 148.428, 146.596, 84.87, 86.13, 0.1
2007/09/29 11:05:22, 71.81, 202.915, 78.76, 113.27, 147.817, 146.749, 85.46, 86.25, 0.1
2007/09/29 11:07:22, 71.505, 207.189, 78.37, 112.95, 147.97, 146.902, 85.21, 86.04, 0.1
2007/09/29 11:09:22, 71.81, 201.999, 78.08, 112.73, 147.207, 146.444, 85.12, 85.87, 0.1
2007/09/29 11:11:22, 71.2, 203.831, 77.88, 112.53, 146.902, 145.528, 84.87, 85.62, 0.2
2007/09/29 11:13:22, 70.742, 200.931, 77.88, 112.32, 146.444, 145.375, 84.61, 85.75, 0.1
2007/09/29 11:15:22, 71.2, 207.799, 77.92, 112.48, 147.817, 147.665, 84.52, 85.50, 0.1
2007/09/29 11:17:22, 71.505, 206.273, 78.12, 112.73, 147.207, 145.986, 85.08, 85.78, 0.1
2007/09/29 11:19:22, 71.047, 205.815, 78.12, 112.53, 147.97, 147.054, 84.96, 86.00, 0.1
2007/09/29 11:21:22, 71.352, 204.289, 78.24, 112.62, 147.36, 146.139, 84.87, 86.04, 0.1
2007/09/29 11:23:22, 70.894, 200.473, 78.37, 112.59, 147.512, 146.749, 85.28, 86.31, 0.1
2007/09/29 11:25:22, 71.047, 207.036, 78.40, 112.84, 148.275, 147.054, 84.96, 86.25, 0.1
2007/09/29 11:27:22, 72.115, 205.205, 78.40, 113.32, 149.038, 147.36, 85.53, 86.43, 0.1
2007/09/29 11:29:22, 71.81, 205.662, 78.53, 113.27, 148.123, 147.36, 85.66, 86.68, 0.2
2007/09/29 11:31:22, 71.505, 198.642, 78.49, 112.95, 148.275, 146.596, 85.59, 86.77, 0.1
2007/09/29 11:33:22, 71.047, 202.457, 78.53, 112.95, 148.123, 146.139, 85.37, 86.77, 0.1
2007/09/29 11:35:22, 70.894, 203.831, 78.40, 112.84, 148.428, 146.749, 85.33, 86.74, 0.1
2007/09/29 11:37:22, 70.894, 207.189, 78.37, 112.95, 148.581, 147.97, 85.24, 86.56, 0.1
2007/09/29 11:39:22, 71.81, 205.968, 78.53, 113.05, 149.344, 147.512, 85.75, 86.90, 0.1
2007/09/29 11:41:22, 72.115, 210.241, 78.53, 113.32, 149.344, 148.581, 86.00, 86.86, 0.1
2007/09/29 11:43:22, 71.81, 207.189, 78.53, 113.27, 149.038, 148.428, 85.71, 86.90, 0.1
2007/09/29 11:45:22, 71.963, 209.478, 78.53, 113.54, 149.496, 148.886, 85.75, 86.99, 0.1
2007/09/29 11:47:22, 71.81, 211.462, 78.73, 113.54, 149.038, 149.191, 85.91, 87.21, 0.2
2007/09/29 11:49:22, 71.81, 205.205, 78.82, 113.59, 148.581, 147.207, 86.31, 87.42, 0.1
2007/09/29 11:51:22, 71.81, 204.899, 78.82, 113.81, 149.496, 147.665, 86.04, 87.46, 0.1
2007/09/29 11:53:22, 71.352, 211.004, 78.85, 113.43, 149.649, 148.886, 86.00, 87.55, 0.1
2007/09/29 11:55:22, 72.115, 207.189, 78.73, 113.59, 148.886, 148.123, 86.56, 87.49, 0.1
2007/09/29 11:57:22, 71.81, 209.325, 78.60, 113.27, 149.344, 149.802, 86.61, 87.49, 0.1
2007/09/29 11:59:22, 72.573, 209.631, 78.28, 113.32, 149.496, 147.817, 86.09, 87.15, 0.2
2007/09/29 12:01:22, 72.268, 208.104, 78.21, 113.27, 149.649, 147.817, 86.04, 86.99, 0.0
2007/09/29 12:03:22, 71.963, 208.257, 78.33, 113.22, 149.344, 147.36, 86.31, 87.12, 0.2
2007/09/29 12:05:22, 71.963, 207.494, 78.40, 113.11, 149.802, 148.581, 85.87, 87.15, 0.1
2007/09/29 12:07:22, 71.81, 207.189, 78.28, 113.11, 149.954, 148.123, 85.91, 87.03, 0.1
2007/09/29 12:09:22, 71.81, 210.394, 78.08, 113.00, 148.886, 147.817, 86.22, 86.99, 0.1
2007/09/29 12:11:22, 72.573, 205.205, 77.88, 112.95, 148.581, 146.902, 85.59, 86.43, 0.1
2007/09/29 12:13:22, 72.268, 205.357, 77.95, 112.89, 148.581, 147.817, 85.75, 86.61, 0.1
2007/09/29 12:15:22, 71.658, 207.189, 78.17, 112.84, 148.733, 148.275, 85.66, 86.83, 0.2
2007/09/29 12:17:22, 73.336, 214.515, 77.95, 113.32, 149.038, 149.191, 85.66, 86.61, 0.1
2007/09/29 12:19:22, 73.489, 208.868, 77.83, 113.16, 149.496, 148.428, 85.71, 86.65, 0.1
2007/09/29 12:21:22, 72.879, 203.526, 77.92, 113.11, 149.649, 148.275, 86.09, 86.95, 0.1
2007/09/29 12:23:22, 71.81, 207.036, 78.08, 112.95, 149.496, 148.581, 85.53, 87.08, 0.1
2007/09/29 12:25:22, 71.81, 208.562, 78.12, 113.05, 149.496, 148.275, 85.78, 87.15, 0.1
2007/09/29 12:27:22, 72.268, 207.036, 78.12, 112.89, 149.802, 148.581, 85.78, 87.24, 0.1
2007/09/29 12:29:22, 72.421, 207.341, 78.08, 113.22, 149.191, 147.665, 86.18, 87.33, 0.1
2007/09/29 12:31:22, 72.726, 209.478, 78.12, 113.32, 149.954, 148.123, 85.96, 87.15, 0.2
2007/09/29 12:33:22, 73.031, 206.426, 78.24, 113.32, 149.802, 148.275, 86.25, 87.15, 0.1
2007/09/29 12:35:22, 72.726, 211.767, 78.37, 113.49, 150.412, 149.038, 86.25, 87.24, 0.1
2007/09/29 12:37:22, 73.489, 216.346, 78.37, 113.65, 152.091, 149.649, 85.87, 87.03, 0.1
2007/09/29 12:39:22, 73.031, 210.852, 78.40, 113.49, 149.802, 148.428, 85.84, 87.03, 0.1
2007/09/29 12:41:22, 73.947, 211.462, 78.21, 113.32, 150.259, 149.038, 86.22, 86.95, 0.1
2007/09/29 12:43:22, 72.573, 207.799, 78.12, 113.11, 149.802, 148.123, 85.78, 86.90, 0.2
2007/09/29 12:45:22, 72.573, 209.173, 78.04, 112.78, 149.649, 147.97, 85.71, 86.65, 0.1
2007/09/29 12:47:22, 72.115, 207.799, 78.01, 112.78, 147.97, 146.444, 85.21, 86.40, 0.1
2007/09/29 12:49:22, 71.81, 209.783, 77.95, 112.53, 149.954, 148.123, 85.24, 86.43, 0.1
2007/09/29 12:51:22, 72.115, 203.373, 77.92, 112.37, 148.275, 146.444, 84.96, 86.13, 0.1
2007/09/29 12:53:22, 72.421, 209.783, 77.83, 112.48, 149.496, 147.207, 85.21, 85.91, 0.1
2007/09/29 12:55:22, 73.031, 208.257, 77.54, 112.53, 148.428, 147.054, 85.08, 85.62, 0.1
2007/09/29 12:57:22, 72.726, 212.531, 77.38, 112.48, 148.275, 146.902, 84.90, 85.41, 0.1
2007/09/29 12:59:22, 72.726, 209.173, 77.18, 112.05, 147.817, 146.444, 84.83, 85.28, 0.2
2007/09/29 13:01:22, 72.421, 205.052, 77.09, 111.99, 147.512, 146.291, 84.69, 85.33, 0.1
2007/09/29 13:03:22, 72.573, 203.526, 76.96, 112.05, 146.749, 145.375, 84.96, 85.37, 0.1
2007/09/29 13:05:22, 72.115, 210.699, 76.93, 111.83, 147.36, 146.596, 84.49, 85.46, 0.1
2007/09/29 13:07:22, 72.879, 209.02, 76.96, 111.99, 147.36, 146.596, 84.61, 85.08, 0.1
2007/09/29 13:09:22, 73.031, 212.531, 77.05, 112.10, 148.275, 148.123, 84.74, 85.03, 0.1
2007/09/29 13:11:22, 73.184, 210.394, 77.09, 112.26, 147.97, 146.749, 84.65, 85.12, 0.1
2007/09/29 13:13:22, 72.879, 206.12, 77.09, 112.21, 147.665, 146.749, 84.74, 85.50, 0.2
2007/09/29 13:15:22, 71.81, 200.931, 77.18, 111.88, 147.665, 145.986, 84.69, 85.78, 0.1
2007/09/29 13:17:22, 71.505, 208.257, 77.13, 111.83, 147.512, 146.444, 84.31, 85.66, 0.1
2007/09/29 13:19:22, 72.421, 210.852, 77.05, 112.05, 146.749, 145.681, 84.69, 85.53, 0.1
2007/09/29 13:21:22, 71.963, 209.02, 77.22, 111.83, 147.512, 146.291, 84.52, 85.71, 0.1
2007/09/29 13:23:22, 72.268, 209.02, 77.38, 112.21, 148.886, 147.97, 84.27, 85.59, 0.1
2007/09/29 13:25:22, 72.573, 209.631, 77.63, 112.42, 148.733, 147.207, 84.49, 85.71, 0.1
2007/09/29 13:27:22, 72.421, 208.257, 77.76, 112.62, 148.123, 146.444, 84.99, 86.18, 0.2
2007/09/29 13:29:22, 72.879, 209.783, 77.88, 112.84, 149.191, 147.36, 84.83, 86.04, 0.0
2007/09/29 13:31:22, 72.726, 208.257, 78.01, 112.84, 149.802, 147.817, 84.78, 86.25, 0.2
2007/09/29 13:33:22, 73.184, 210.089, 78.04, 113.11, 148.886, 147.054, 85.41, 86.47, 0.1
2007/09/29 13:35:22, 72.879, 208.41, 78.17, 113.11, 149.496, 147.97, 85.03, 86.52, 0.1
2007/09/29 13:37:22, 72.726, 214.667, 78.33, 113.16, 149.802, 149.649, 85.28, 86.61, 0.1
2007/09/29 13:39:22, 73.794, 210.852, 78.44, 113.54, 149.954, 149.191, 85.33, 86.74, 0.1
2007/09/29 13:41:22, 74.252, 216.804, 78.57, 114.01, 151.175, 150.412, 86.09, 87.03, 0.1
2007/09/29 13:43:22, 73.336, 208.868, 78.49, 113.92, 149.496, 148.733, 86.25, 87.30, 0.2
2007/09/29 13:45:22, 72.421, 211.92, 78.37, 113.65, 150.259, 149.038, 86.31, 87.42, 0.1
2007/09/29 13:47:22, 73.031, 213.599, 78.24, 113.59, 151.48, 149.649, 86.47, 87.37, 0.1
2007/09/29 13:49:22, 72.573, 211.157, 78.24, 113.49, 149.649, 148.581, 86.22, 87.42, 0.1
2007/09/29 13:51:22, 72.879, 211.157, 78.21, 113.54, 150.565, 149.191, 86.40, 87.37, 0.1
2007/09/29 13:53:22, 72.879, 210.852, 78.24, 113.49, 150.412, 148.886, 86.61, 87.62, 0.1
2007/09/29 13:55:22, 73.184, 215.125, 78.37, 113.76, 150.717, 149.191, 86.56, 87.84, 0.1
2007/09/29 13:57:22, 73.489, 213.141, 78.24, 113.92, 150.87, 149.344, 86.34, 87.71, 0.2
2007/09/29 13:59:22, 72.726, 211.157, 78.40, 113.70, 149.802, 147.97, 86.86, 88.05, 0.1
2007/09/29 14:01:22, 73.184, 206.273, 78.44, 113.70, 148.275, 146.749, 86.47, 87.84, 0.1
2007/09/29 14:03:22, 73.336, 208.257, 78.37, 113.59, 149.038, 147.36, 86.56, 87.71, 0.1
2007/09/29 14:05:22, 72.879, 210.699, 78.28, 113.38, 149.802, 148.428, 86.77, 87.42, 0.1
2007/09/29 14:07:22, 73.184, 212.225, 78.21, 113.49, 150.717, 149.344, 86.09, 87.08, 0.1
2007/09/29 14:09:22, 73.336, 210.852, 78.21, 113.32, 150.565, 148.886, 86.40, 87.24, 0.2
2007/09/29 14:11:22, 73.184, 209.783, 78.33, 113.43, 150.259, 149.191, 86.09, 87.30, 0.1
2007/09/29 14:13:22, 72.726, 210.546, 78.37, 113.32, 150.565, 148.733, 86.34, 87.49, 0.1
2007/09/29 14:15:22, 72.879, 204.747, 78.37, 113.49, 148.886, 146.902, 85.87, 87.30, 0.1
2007/09/29 14:17:22, 72.421, 212.073, 78.44, 113.38, 151.328, 150.107, 86.22, 87.37, 0.1
2007/09/29 14:19:22, 73.947, 211.157, 78.57, 113.97, 150.87, 148.886, 86.52, 87.42, 0.1
2007/09/29 14:21:22, 73.336, 214.82, 78.89, 114.06, 151.633, 150.565, 86.68, 87.96, 0.1
2007/09/29 14:23:22, 73.489, 217.415, 78.98, 114.44, 152.091, 152.396, 86.74, 88.27, 0.1
2007/09/29 14:25:22, 74.252, 209.936, 78.85, 114.66, 152.091, 150.565, 87.15, 88.63, 0.2
2007/09/29 14:27:22, 73.794, 217.567, 78.66, 114.49, 151.328, 153.77, 87.46, 88.79, 0.1
2007/09/29 14:29:22, 73.031, 208.715, 78.53, 113.97, 149.649, 148.733, 87.55, 88.70, 0.1
2007/09/29 14:31:22, 73.489, 209.478, 78.24, 113.97, 149.954, 149.038, 87.62, 88.45, 0.1
2007/09/29 14:33:22, 72.726, 216.957, 78.24, 113.59, 149.802, 149.344, 87.49, 88.36, 0.1
2007/09/29 14:35:22, 74.252, 217.262, 77.95, 113.70, 150.87, 150.717, 87.03, 87.67, 0.2
2007/09/29 14:37:22, 73.336, 205.815, 77.83, 113.32, 149.496, 147.97, 87.08, 87.75, 0.1
2007/09/29 14:39:22, 73.642, 214.973, 77.76, 113.43, 149.649, 147.817, 86.95, 87.46, 0.1
2007/09/29 14:41:22, 74.1, 218.178, 77.54, 113.38, 150.565, 150.259, 86.56, 87.42, 0.1
2007/09/29 14:43:22, 74.252, 216.346, 77.54, 113.54, 151.175, 149.344, 86.99, 87.49, 0.1
2007/09/29 14:45:22, 73.184, 214.515, 77.76, 113.38, 150.87, 149.496, 86.65, 87.75, 0.1
2007/09/29 14:47:22, 73.489, 209.631, 77.95, 113.70, 151.023, 148.733, 87.03, 88.11, 0.1
2007/09/29 14:49:22, 73.184, 218.33, 78.04, 113.76, 151.175, 149.649, 86.68, 88.20, 0.1
2007/09/29 14:51:22, 74.1, 213.294, 77.92, 113.70, 149.802, 148.428, 86.99, 87.96, 0.2
2007/09/29 14:53:22, 73.031, 211.92, 77.88, 113.38, 149.954, 148.581, 86.99, 88.02, 0.1
2007/09/29 14:55:22, 73.336, 211.767, 77.76, 113.43, 150.259, 149.038, 86.77, 87.62, 0.1
2007/09/29 14:57:22, 73.031, 214.362, 77.67, 113.16, 150.412, 149.344, 86.34, 87.75, 0.1
2007/09/29 14:59:22, 73.642, 211.004, 77.54, 113.27, 149.649, 148.581, 86.86, 87.49, 0.1
2007/09/29 15:01:22, 73.184, 217.262, 77.59, 113.05, 150.107, 148.886, 86.25, 87.37, 0.1
2007/09/29 15:03:22, 73.489, 213.904, 77.50, 113.05, 149.954, 148.733, 86.61, 87.42, 0.2
2007/09/29 15:05:22, 73.031, 207.494, 77.54, 112.89, 148.733, 147.665, 86.04, 87.24, 0.1
2007/09/29 15:07:22, 72.879, 216.499, 77.50, 112.84, 149.649, 149.649, 86.00, 87.24, 0.1
2007/09/29 15:09:22, 73.794, 212.378, 77.47, 113.05, 149.649, 148.428, 85.78, 86.74, 0.1
2007/09/29 15:11:22, 73.642, 216.804, 77.76, 113.43, 150.259, 149.344, 86.00, 87.24, 0.1
2007/09/29 15:13:22, 73.947, 213.446, 77.83, 113.38, 149.954, 148.581, 86.47, 87.62, 0.1
2007/09/29 15:15:22, 73.642, 216.041, 78.01, 113.65, 150.412, 148.886, 86.18, 87.75, 0.1
2007/09/29 15:17:22, 74.1, 218.788, 78.04, 113.86, 151.48, 150.107, 86.68, 87.89, 0.2
2007/09/29 15:19:22, 74.405, 216.499, 78.08, 113.86, 151.175, 149.954, 86.65, 87.75, 0.1
2007/09/29 15:21:22, 74.252, 210.546, 78.01, 113.70, 150.717, 149.344, 86.95, 87.84, 0.1
2007/09/29 15:23:22, 73.184, 207.647, 78.08, 113.32, 149.496, 148.123, 86.77, 87.93, 0.1
2007/09/29 15:25:22, 72.879, 208.257, 78.12, 113.27, 149.496, 148.275, 86.31, 87.71, 0.1
2007/09/29 15:27:22, 73.947, 212.073, 78.08, 113.32, 149.344, 147.97, 86.68, 87.49, 0.1
2007/09/29 15:29:22, 73.947, 211.92, 78.21, 113.38, 150.259, 148.886, 86.25, 87.42, 0.2
2007/09/29 15:31:22, 73.489, 216.499, 78.37, 113.65, 151.633, 150.259, 86.22, 87.37, 0.1
2007/09/29 15:33:22, 73.642, 210.852, 78.44, 113.70, 150.412, 148.886, 86.31, 87.89, 0.1
2007/09/29 15:35:22, 73.794, 213.904, 78.57, 114.06, 151.48, 150.259, 86.65, 88.05, 0.1
2007/09/29 15:37:22, 73.489, 216.499, 78.60, 113.81, 151.175, 151.48, 86.47, 88.11, 0.1
2007/09/29 15:39:22, 73.794, 213.294, 78.66, 113.76, 151.023, 149.496, 86.68, 88.20, 0.1
2007/09/29 15:41:22, 73.794, 211.004, 78.69, 113.81, 150.717, 149.191, 87.03, 88.27, 0.1
2007/09/29 15:43:22, 73.184, 209.936, 78.82, 114.01, 150.412, 149.038, 87.12, 88.66, 0.2
2007/09/29 15:45:22, 73.489, 219.551, 78.98, 114.33, 152.854, 153.312, 87.46, 89.01, 0.1
2007/09/29 15:47:22, 74.1, 220.009, 78.94, 114.71, 152.549, 152.549, 87.89, 89.31, 0.1
2007/09/29 15:49:22, 74.863, 214.209, 78.53, 114.60, 151.48, 151.175, 88.02, 88.79, 0.1
2007/09/29 15:51:22, 73.184, 213.904, 78.53, 114.22, 150.565, 151.48, 88.05, 89.19, 0.1
2007/09/29 15:53:22, 73.489, 220.467, 78.40, 114.33, 151.328, 151.633, 88.05, 89.13, 0.1
2007/09/29 15:55:22, 74.405, 216.041, 78.12, 114.22, 151.328, 150.107, 88.02, 88.75, 0.2
2007/09/29 15:57:22, 73.336, 213.904, 78.08, 113.70, 149.954, 149.191, 87.58, 88.45, 0.1
2007/09/29 15:59:22, 72.879, 212.225, 77.95, 113.54, 150.107, 148.886, 87.62, 88.32, 0.1
2007/09/29 16:01:22, 73.489, 218.941, 77.92, 113.70, 151.175, 149.649, 87.55, 88.05, 0.1
2007/09/29 16:03:22, 73.794, 212.378, 78.04, 113.86, 151.633, 149.802, 87.30, 88.32, 0.1
2007/09/29 16:05:22, 73.947, 222.451, 78.12, 114.39, 152.549, 152.244, 87.67, 89.04, 0.1
2007/09/29 16:07:22, 75.931, 221.078, 78.21, 114.76, 152.854, 152.549, 87.96, 89.47, 0.1
2007/09/29 16:09:22, 75.626, 217.72, 78.49, 114.93, 151.175, 150.717, 88.41, 90.05, 0.2
2007/09/29 16:11:22, 75.778, 220.62, 78.66, 115.20, 153.465, 152.396, 88.97, 90.36, 0.1
2007/09/29 16:13:22, 75.168, 216.804, 78.76, 115.25, 151.938, 150.87, 89.01, 90.57, 0.1
2007/09/29 16:15:22, 75.168, 218.178, 78.94, 115.41, 151.786, 151.786, 88.92, 90.70, 0.1
2007/09/29 16:17:22, 75.321, 224.893, 78.98, 115.41, 152.549, 152.854, 89.26, 90.88, 0.1
2007/09/29 16:19:22, 75.473, 215.736, 78.98, 115.25, 152.701, 151.633, 89.19, 90.70, 0.2
2007/09/29 16:21:22, 74.71, 216.804, 79.07, 115.30, 152.854, 151.938, 89.60, 90.88, 0.1
2007/09/29 16:23:22, 74.1, 220.009, 79.11, 115.14, 152.396, 152.854, 89.22, 90.88, 0.1
2007/09/29 16:25:22, 74.71, 222.451, 79.18, 115.36, 153.465, 154.686, 89.73, 90.97, 0.1
2007/09/29 16:27:22, 75.321, 223.977, 79.30, 115.70, 154.38, 154.38, 89.51, 91.06, 0.1
2007/09/29 16:29:22, 75.321, 220.467, 79.23, 115.86, 154.686, 153.77, 89.73, 91.13, 0.2
2007/09/29 16:31:22, 76.542, 225.656, 78.94, 116.08, 154.075, 153.465, 89.82, 91.18, 0.0
2007/09/29 16:33:22, 76.847, 224.893, 78.60, 116.13, 153.465, 153.465, 90.45, 91.18, 0.2
2007/09/29 16:35:22, 76.542, 221.383, 78.44, 115.75, 153.465, 152.549, 90.00, 90.97, 0.1
2007/09/29 16:37:22, 75.321, 223.062, 78.33, 115.25, 152.549, 150.412, 90.14, 90.66, 0.1
2007/09/29 16:39:22, 75.626, 220.62, 77.88, 114.44, 150.565, 149.649, 89.69, 89.82, 0.1
2007/09/29 16:41:22, 75.321, 216.804, 77.67, 114.22, 150.107, 148.733, 88.97, 89.04, 0.1
2007/09/29 16:43:22, 74.1, 218.025, 77.72, 113.81, 150.412, 150.259, 88.70, 89.04, 0.2
2007/09/29 16:45:22, 73.947, 216.194, 77.72, 113.76, 149.954, 149.038, 88.63, 89.10, 0.1
2007/09/29 16:47:22, 74.71, 215.583, 77.50, 113.76, 150.412, 149.496, 88.05, 88.57, 0.1
2007/09/29 16:49:22, 74.252, 216.346, 77.67, 113.32, 149.649, 148.886, 87.49, 88.63, 0.1
2007/09/29 16:51:22, 74.405, 218.025, 77.72, 113.49, 150.107, 149.496, 87.75, 88.57, 0.1
2007/09/29 16:53:22, 74.71, 220.925, 77.88, 113.59, 151.023, 150.107, 87.49, 88.48, 0.2
2007/09/29 16:55:22, 74.863, 217.567, 77.92, 113.59, 150.565, 149.191, 87.49, 88.32, 0.1
2007/09/29 16:57:22, 74.71, 217.872, 77.95, 113.54, 151.023, 149.649, 87.33, 88.20, 0.1
2007/09/29 16:59:22, 74.863, 214.82, 77.95, 113.54, 151.023, 149.191, 86.95, 88.02, 0.1
2007/09/29 17:01:22, 74.405, 219.093, 78.08, 113.65, 151.023, 150.107, 86.65, 87.93, 0.1
2007/09/29 17:03:22, 74.557, 215.125, 78.21, 113.86, 150.565, 149.191, 87.12, 88.23, 0.2
2007/09/29 17:05:22, 74.863, 220.009, 78.28, 113.92, 151.938, 151.175, 86.83, 88.32, 0.0
2007/09/29 17:07:22, 75.168, 218.025, 78.49, 114.28, 151.786, 149.802, 87.03, 88.84, 0.2
2007/09/29 17:09:22, 75.321, 219.246, 78.60, 114.39, 151.938, 150.717, 87.24, 89.13, 0.1
2007/09/29 17:11:22, 75.626, 220.314, 78.69, 114.98, 153.007, 151.938, 87.93, 89.31, 0.1
2007/09/29 17:13:22, 75.015, 219.857, 78.66, 114.98, 153.312, 151.938, 87.93, 89.51, 0.1
2007/09/29 17:15:22, 75.473, 220.009, 78.37, 114.76, 152.244, 151.328, 88.41, 89.51, 0.1
2007/09/29 17:17:22, 75.778, 222.299, 78.21, 114.82, 152.396, 151.633, 88.57, 89.47, 0.2
2007/09/29 17:19:22, 75.626, 219.857, 78.24, 114.82, 152.091, 151.023, 88.48, 89.60, 0.1
2007/09/29 17:21:22, 75.168, 225.351, 78.33, 114.71, 152.396, 151.328, 88.75, 89.87, 0.1
2007/09/29 17:23:22, 75.778, 222.146, 78.21, 114.76, 152.244, 151.786, 88.88, 89.82, 0.1
2007/09/29 17:25:22, 75.168, 222.451, 78.24, 114.55, 152.244, 151.48, 89.04, 90.00, 0.1
2007/09/29 17:27:22, 75.168, 223.52, 78.21, 114.71, 152.091, 151.633, 89.10, 90.00, 0.2
2007/09/29 17:29:22, 75.778, 218.788, 78.17, 114.71, 151.633, 150.87, 88.63, 89.91, 0.1
2007/09/29 17:31:22, 75.321, 220.009, 78.37, 114.71, 151.328, 150.87, 88.84, 90.14, 0.1
2007/09/29 17:33:22, 75.931, 221.535, 78.40, 114.87, 152.549, 151.633, 89.04, 90.00, 0.1
2007/09/29 17:35:22, 75.473, 218.33, 78.44, 114.66, 150.87, 150.717, 88.63, 90.05, 0.1
2007/09/29 17:37:22, 75.015, 213.904, 78.37, 114.39, 149.649, 149.649, 88.54, 89.56, 0.2
2007/09/29 17:39:22, 74.863, 220.62, 78.21, 114.12, 149.954, 149.649, 88.02, 88.84, 0.1
2007/09/29 17:41:22, 74.863, 217.415, 78.08, 113.86, 149.038, 148.886, 87.84, 88.57, 0.1
2007/09/29 17:43:22, 74.71, 217.72, 78.01, 113.65, 150.412, 148.581, 87.67, 88.41, 0.1
2007/09/29 17:45:22, 74.252, 217.415, 78.01, 113.54, 149.802, 148.733, 87.55, 88.27, 0.1
2007/09/29 17:47:22, 74.71, 213.904, 77.95, 113.43, 148.886, 148.123, 86.99, 87.84, 0.1
2007/09/29 17:49:22, 74.405, 214.82, 77.95, 113.49, 149.954, 148.581, 87.24, 87.84, 0.1
2007/09/29 17:51:22, 74.863, 219.551, 77.88, 113.43, 151.175, 149.344, 86.86, 87.55, 0.2
2007/09/29 17:53:22, 74.557, 214.209, 77.76, 113.43, 150.107, 148.275, 86.47, 87.42, 0.1
2007/09/29 17:55:22, 73.794, 215.43, 77.72, 113.27, 149.954, 148.275, 86.61, 87.42, 0.1
2007/09/29 17:57:22, 74.1, 217.72, 77.63, 113.49, 150.259, 148.428, 86.95, 87.89, 0.1
2007/09/29 17:59:22, 74.71, 218.178, 77.50, 113.54, 150.412, 148.886, 86.83, 87.71, 0.1
2007/09/29 18:01:22, 74.863, 219.551, 77.41, 113.70, 150.107, 149.344, 87.24, 88.11, 0.2
2007/09/29 18:03:22, 75.015, 220.009, 77.47, 113.76, 150.87, 150.412, 87.42, 88.05, 0.1
2007/09/29 18:05:22, 75.168, 221.078, 77.38, 113.81, 150.565, 149.344, 87.15, 87.96, 0.1
2007/09/29 18:07:22, 74.863, 221.688, 77.31, 113.49, 150.565, 149.802, 87.12, 87.75, 0.1
2007/09/29 18:09:22, 74.252, 215.125, 77.31, 113.16, 149.038, 147.665, 87.30, 87.84, 0.1
2007/09/29 18:11:22, 73.947, 215.278, 77.41, 113.11, 149.038, 147.665, 86.90, 87.67, 0.2
2007/09/29 18:13:22, 74.405, 215.583, 77.41, 112.95, 149.344, 147.97, 86.74, 87.46, 0.0
2007/09/29 18:15:22, 74.405, 217.567, 77.47, 113.05, 148.581, 147.36, 86.65, 87.24, 0.2
2007/09/29 18:17:22, 74.252, 215.736, 77.50, 113.00, 148.733, 147.512, 86.00, 86.99, 0.1
2007/09/29 18:19:22, 73.947, 212.378, 77.50, 112.78, 149.496, 147.054, 86.18, 87.33, 0.1
2007/09/29 18:21:22, 73.947, 216.499, 77.54, 113.00, 149.191, 148.275, 85.71, 87.15, 0.1
2007/09/29 18:23:22, 74.1, 210.241, 77.67, 113.11, 148.581, 147.512, 86.13, 87.33, 0.1
2007/09/29 18:25:22, 74.1, 218.025, 77.76, 113.16, 149.954, 149.038, 85.66, 87.30, 0.1
2007/09/29 18:27:22, 74.252, 214.82, 77.79, 113.16, 150.107, 148.275, 86.31, 87.42, 0.2
2007/09/29 18:29:22, 84.631, 183.227, 79.18, 111.78, 149.802, 148.428, 86.22, 86.90, 0.1
2007/09/29 18:31:22, 119.582, 177.885, 85.87, 103.84, 149.344, 148.123, 86.77, 87.75, 0.0
2007/09/29 18:33:22, 122.329, 173.153, 90.14, 100.20, 149.954, 148.123, 87.33, 88.92, 0.0
2007/09/29 18:35:22, 123.855, 169.795, 92.73, 98.71, 149.496, 148.275, 87.71, 89.47, 0.0
2007/09/29 18:37:22, 124.924, 166.896, 94.42, 97.84, 149.344, 148.123, 87.89, 90.18, 0.0
2007/09/29 18:39:22, 125.992, 164.759, 95.40, 97.23, 149.496, 147.97, 88.05, 90.70, 0.0
2007/09/29 18:41:22, 127.06, 162.927, 96.04, 96.73, 149.191, 147.817, 88.20, 91.09, 0.0
2007/09/29 18:43:22, 127.671, 161.706, 96.55, 96.22, 149.191, 147.817, 88.48, 91.58, 0.0
2007/09/29 18:45:22, 128.434, 160.485, 96.87, 95.81, 149.191, 147.512, 88.63, 91.76, 0.0
2007/09/29 18:47:22, 129.197, 159.722, 97.05, 95.40, 148.733, 147.512, 88.79, 91.49, 0.0
2007/09/29 18:49:22, 129.96, 159.417, 97.20, 95.13, 149.038, 147.665, 88.88, 91.71, 0.0
2007/09/29 18:51:22, 130.723, 159.264, 97.43, 94.98, 148.886, 148.428, 88.92, 92.16, 0.0
2007/09/29 18:53:22, 131.334, 159.112, 97.52, 94.82, 149.649, 148.581, 89.19, 92.25, 0.0
2007/09/29 18:55:22, 131.944, 158.959, 97.56, 94.60, 149.344, 148.581, 89.13, 92.07, 0.0
2007/09/29 18:57:22, 132.25, 158.501, 97.70, 94.46, 149.802, 148.886, 89.22, 92.46, 0.0
2007/09/29 18:59:22, 133.165, 158.501, 97.79, 94.24, 149.802, 148.886, 89.35, 92.46, 0.0
2007/09/29 19:01:22, 133.776, 157.891, 97.79, 94.06, 149.802, 148.886, 89.60, 92.70, 0.0
2007/09/29 19:03:22, 134.539, 156.975, 97.88, 93.85, 149.802, 148.733, 89.73, 92.73, 0.0
2007/09/29 19:05:22, 135.15, 156.517, 97.93, 93.58, 149.954, 148.886, 89.51, 92.37, 0.0
2007/09/29 19:07:22, 135.913, 155.754, 98.08, 93.16, 149.649, 148.886, 89.73, 92.70, 0.0
2007/09/29 19:09:22, 136.676, 155.296, 98.17, 93.04, 150.107, 149.038, 89.51, 92.43, 0.0
2007/09/29 19:11:22, 137.286, 154.686, 98.20, 92.82, 150.412, 149.191, 89.73, 92.37, 0.0
2007/09/29 19:13:22, 138.049, 154.075, 98.35, 92.70, 150.565, 149.344, 89.82, 92.82, 0.0
2007/09/29 19:15:22, 138.813, 153.007, 98.38, 92.28, 150.412, 149.038, 89.64, 92.73, 0.0
2007/09/29 19:17:22, 139.576, 152.701, 98.44, 92.12, 150.412, 149.496, 89.69, 92.46, 0.0
2007/09/29 19:19:22, 140.339, 152.396, 98.47, 87.55, 150.87, 149.802, 89.91, 92.86, 0.0
2007/09/29 19:21:22, 141.102, 152.091, 98.47, 84.61, 150.717, 149.649, 89.87, 92.73, 0.0
2007/09/29 19:23:22, 141.865, 151.786, 98.47, 83.39, 151.023, 149.954, 89.78, 93.04, 0.0
2007/09/29 19:25:22, 142.933, 151.328, 98.53, 82.89, 151.175, 150.107, 89.64, 93.00, 0.0
2007/09/29 19:27:22, 144.002, 150.717, 98.47, 82.67, 151.175, 150.259, 89.60, 92.73, 0.0
2007/09/29 19:29:22, 145.375, 150.259, 98.47, 82.54, 151.023, 150.107, 89.73, 92.64, 0.0
2007/09/29 19:31:22, 147.054, 148.886, 98.47, 83.68, 151.023, 150.107, 89.82, 92.91, 0.0
2007/09/29 19:33:22, 148.428, 148.275, 98.38, 83.01, 151.023, 150.107, 89.51, 92.55, 0.0
2007/09/29 19:35:22, 148.886, 148.123, 98.11, 84.87, 150.87, 150.107, 89.64, 92.73, 0.0
2007/09/29 19:37:22, 149.038, 148.123, 97.79, 86.22, 150.87, 150.107, 89.51, 92.28, 0.0
2007/09/29 19:39:22, 148.886, 147.97, 97.52, 87.33, 150.717, 149.954, 89.38, 92.34, 0.0
2007/09/29 19:41:22, 148.733, 147.97, 97.23, 88.88, 150.565, 149.649, 89.38, 91.98, 0.0
2007/09/29 19:43:22, 148.428, 147.512, 96.96, 89.78, 150.717, 149.649, 89.35, 92.21, 0.0
2007/09/29 19:45:22, 148.123, 147.054, 96.64, 90.21, 150.717, 149.191, 89.22, 91.76, 0.0
2007/09/29 19:47:22, 147.817, 147.054, 96.37, 90.48, 150.107, 149.191, 89.19, 91.62, 0.0
2007/09/29 19:49:22, 147.512, 146.596, 96.13, 90.70, 149.496, 149.038, 89.13, 91.71, 0.0
2007/09/29 19:51:22, 147.054, 146.444, 95.77, 90.75, 149.344, 148.581, 89.19, 91.40, 0.0
2007/09/29 19:53:22, 146.749, 146.291, 95.54, 90.70, 149.496, 147.97, 88.88, 91.22, 0.0
2007/09/29 19:55:22, 146.596, 145.986, 95.36, 90.61, 149.038, 148.275, 88.92, 91.35, 0.0
2007/09/29 19:57:22, 146.444, 145.375, 95.04, 90.48, 147.97, 147.512, 88.66, 90.97, 0.0
2007/09/29 19:59:22, 146.139, 145.375, 94.77, 90.48, 147.512, 147.207, 88.70, 90.91, 0.0
2007/09/29 20:01:22, 145.833, 144.918, 94.55, 90.39, 147.97, 147.054, 88.48, 90.75, 0.0
2007/09/29 20:03:22, 145.375, 144.612, 94.33, 90.36, 147.665, 146.749, 88.41, 90.66, 0.0
2007/09/29 20:05:22, 145.07, 144.307, 94.06, 90.27, 147.36, 146.444, 88.57, 90.84, 0.0
2007/09/29 20:07:22, 144.612, 144.46, 93.79, 90.14, 148.123, 145.986, 88.36, 90.36, 0.0
2007/09/29 20:09:22, 144.307, 143.544, 93.67, 90.09, 147.207, 145.681, 88.27, 90.61, 0.0
2007/09/29 20:11:22, 144.002, 143.697, 93.49, 89.91, 147.054, 145.528, 88.05, 90.18, 0.0
2007/09/29 20:13:22, 143.697, 143.239, 93.22, 89.78, 146.749, 145.223, 87.96, 90.00, 0.0
2007/09/29 20:15:22, 143.544, 142.781, 93.07, 89.73, 146.596, 144.918, 87.96, 90.18, 0.0
2007/09/29 20:17:22, 143.239, 142.476, 92.82, 89.60, 146.749, 144.918, 87.75, 89.78, 0.0
2007/09/29 20:19:22, 142.781, 142.17, 92.70, 89.51, 145.833, 144.154, 87.89, 90.05, 0.0
2007/09/29 20:21:22, 142.323, 141.407, 92.46, 89.38, 145.681, 144.307, 87.62, 89.60, 0.0
2007/09/29 20:23:22, 142.17, 141.56, 92.34, 89.31, 145.375, 144.002, 87.62, 89.82, 0.0
2007/09/29 20:25:22, 141.712, 141.102, 92.16, 89.10, 144.765, 143.391, 87.75, 89.69, 0.0
2007/09/29 20:27:22, 141.407, 140.797, 91.98, 88.97, 144.765, 143.544, 87.42, 89.31, 0.0
2007/09/29 20:29:22, 140.949, 140.339, 91.85, 88.88, 144.46, 143.086, 87.46, 89.47, 0.0
2007/09/29 20:31:22, 140.491, 139.881, 91.62, 88.79, 143.849, 143.239, 87.30, 89.22, 0.0
2007/09/29 20:33:22, 140.186, 139.728, 91.44, 88.70, 143.697, 142.476, 87.33, 89.31, 0.0
2007/09/29 20:35:22, 139.881, 139.423, 91.22, 88.45, 143.849, 142.018, 87.21, 88.88, 0.0
2007/09/29 20:37:22, 139.728, 138.965, 91.06, 88.36, 143.391, 141.865, 87.08, 88.79, 0.0
2007/09/29 20:39:22, 139.423, 138.66, 91.06, 88.27, 142.781, 141.407, 87.03, 89.01, 0.0
2007/09/29 20:41:22, 139.27, 138.507, 90.84, 87.96, 142.781, 141.255, 86.86, 88.54, 0.0
2007/09/29 20:43:22, 138.965, 138.202, 90.70, 87.80, 142.323, 141.102, 86.99, 88.63, 0.0
2007/09/29 20:45:22, 138.66, 137.744, 90.54, 87.67, 141.712, 140.797, 86.95, 88.45, 0.0
2007/09/29 20:47:22, 138.355, 137.592, 90.39, 87.55, 142.17, 140.644, 86.74, 88.14, 0.0
2007/09/29 20:49:22, 138.049, 137.592, 90.27, 87.46, 141.865, 140.339, 86.68, 88.14, 0.0
2007/09/29 20:51:22, 137.592, 137.286, 90.18, 87.33, 141.407, 139.728, 86.77, 88.20, 0.0
2007/09/29 20:53:22, 137.439, 136.981, 90.09, 87.21, 141.102, 139.423, 86.43, 88.05, 0.0
2007/09/29 20:55:22, 137.134, 136.676, 89.87, 86.95, 140.797, 139.27, 86.47, 87.96, 0.0
2007/09/29 20:57:22, 136.981, 136.371, 89.87, 86.83, 140.644, 139.118, 86.56, 88.23, 0.0
2007/09/29 20:59:22, 136.676, 136.065, 89.64, 86.61, 140.034, 139.118, 86.47, 87.89, 0.0
2007/09/29 21:01:22, 136.523, 135.76, 89.60, 86.56, 140.034, 138.965, 86.43, 88.02, 0.0
2007/09/29 21:03:22, 136.218, 135.76, 89.44, 86.34, 140.186, 138.507, 86.22, 87.55, 0.0
2007/09/29 21:05:22, 135.913, 135.302, 89.35, 86.13, 140.034, 138.202, 86.34, 87.71, 0.0
2007/09/29 21:07:22, 135.76, 135.15, 89.26, 86.04, 139.118, 138.049, 86.22, 87.58, 0.0
2007/09/29 21:09:22, 135.302, 134.844, 89.01, 86.00, 139.423, 137.286, 86.09, 87.21, 0.0
2007/09/29 21:11:22, 135.15, 134.844, 88.97, 85.66, 138.965, 137.439, 86.22, 87.21, 0.0
2007/09/29 21:13:22, 134.997, 134.539, 88.92, 85.53, 138.507, 137.439, 85.87, 86.95, 0.0
2007/09/29 21:15:22, 134.844, 134.081, 88.75, 85.33, 138.813, 137.134, 86.09, 87.03, 0.0
2007/09/29 21:17:22, 134.692, 133.929, 88.63, 85.24, 138.049, 136.981, 86.04, 86.95, 0.0
2007/09/29 21:19:22, 134.386, 133.623, 88.63, 85.12, 137.592, 136.676, 85.75, 86.74, 0.0
2007/09/29 21:21:22, 134.234, 133.318, 88.41, 85.03, 138.355, 136.676, 85.66, 86.52, 0.0
2007/09/29 21:23:22, 133.929, 133.318, 88.23, 84.96, 137.439, 136.371, 85.71, 86.40, 0.0
2007/09/29 21:25:22, 133.623, 133.165, 88.20, 84.87, 137.744, 136.218, 85.53, 86.40, 0.0
2007/09/29 21:27:22, 133.471, 132.86, 87.96, 84.65, 137.439, 136.065, 85.62, 86.13, 0.0
2007/09/29 21:29:22, 133.165, 132.555, 87.89, 84.52, 136.676, 135.76, 85.75, 86.18, 0.0
2007/09/29 21:31:22, 133.013, 132.402, 87.84, 84.43, 136.371, 135.607, 85.37, 86.09, 0.0
2007/09/29 21:33:22, 132.708, 132.097, 87.75, 84.22, 136.371, 135.15, 85.41, 86.04, 0.0
2007/09/29 21:35:22, 132.555, 131.944, 87.62, 84.02, 136.371, 134.997, 85.59, 86.13, 0.0
2007/09/29 21:37:22, 132.402, 131.792, 87.55, 83.77, 136.371, 134.692, 85.53, 86.00, 0.0
2007/09/29 21:39:22, 132.25, 131.639, 87.46, 83.73, 135.913, 134.844, 85.21, 85.75, 0.0
2007/09/29 21:41:22, 131.944, 131.334, 87.30, 83.61, 135.607, 134.539, 85.41, 85.75, 0.0
2007/09/29 21:43:22, 131.792, 131.181, 87.24, 83.55, 135.607, 134.234, 85.24, 85.78, 0.0
2007/09/29 21:45:22, 131.334, 131.029, 87.12, 83.55, 134.997, 134.386, 85.28, 85.66, 0.0
2007/09/29 21:47:22, 131.334, 130.723, 87.03, 83.52, 134.844, 134.081, 85.03, 85.59, 0.0
2007/09/29 21:49:22, 131.029, 130.266, 86.90, 83.43, 134.844, 134.081, 85.03, 85.66, 0.0
2007/09/29 21:51:22, 130.723, 130.113, 86.65, 83.17, 134.997, 133.318, 84.96, 85.24, 0.0
2007/09/29 21:53:22, 130.418, 129.808, 86.61, 83.10, 134.539, 133.318, 84.74, 85.12, 0.0
2007/09/29 21:55:22, 130.266, 129.655, 86.56, 83.01, 133.929, 133.471, 84.69, 85.15, 0.0
2007/09/29 21:57:22, 129.96, 129.502, 86.40, 82.80, 133.929, 133.318, 84.87, 85.12, 0.0
2007/09/29 21:59:22, 129.808, 129.197, 86.34, 82.67, 133.929, 133.165, 84.65, 85.12, 0.0
2007/09/29 22:01:22, 129.655, 129.045, 86.22, 82.51, 134.386, 133.013, 84.49, 84.74, 0.0
2007/09/29 22:03:22, 129.35, 128.739, 86.09, 82.42, 133.623, 132.86, 84.61, 84.87, 0.0
2007/09/29 22:05:22, 129.197, 128.739, 86.04, 82.35, 133.318, 131.944, 84.52, 84.87, 0.0
2007/09/29 22:07:22, 128.892, 128.434, 85.87, 82.29, 133.165, 132.097, 84.52, 84.78, 0.0
2007/09/29 22:09:22, 128.739, 128.281, 85.71, 82.09, 132.86, 131.792, 84.34, 84.27, 0.0
2007/09/29 22:11:22, 128.587, 128.129, 85.59, 82.06, 132.708, 131.792, 84.22, 84.22, 0.0
2007/09/29 22:13:22, 128.281, 127.824, 85.41, 81.97, 132.708, 131.487, 84.34, 84.27, 0.0
2007/09/29 22:15:22, 128.129, 127.824, 85.41, 81.88, 132.25, 131.181, 84.09, 84.34, 0.0
2007/09/29 22:17:22, 127.976, 127.518, 85.33, 81.64, 132.25, 131.181, 84.09, 84.27, 0.0
2007/09/29 22:19:22, 127.976, 127.366, 85.28, 81.43, 132.555, 131.334, 84.06, 84.15, 0.0
2007/09/29 22:21:22, 127.824, 127.366, 85.21, 81.34, 132.402, 131.029, 84.02, 84.18, 0.0
2007/09/29 22:23:22, 127.671, 127.213, 85.03, 81.27, 131.639, 130.876, 84.09, 83.89, 0.0
2007/09/29 22:25:22, 127.518, 126.908, 84.83, 81.34, 131.487, 130.723, 83.73, 83.55, 0.0
2007/09/29 22:27:22, 127.518, 126.908, 84.83, 81.27, 131.487, 130.723, 83.73, 83.68, 0.0
2007/09/29 22:29:22, 127.213, 126.603, 84.65, 81.27, 131.334, 130.571, 83.89, 83.73, 0.0
2007/09/29 22:31:22, 126.908, 126.297, 84.49, 81.05, 131.029, 130.418, 83.64, 83.26, 0.0
2007/09/29 22:33:22, 126.755, 126.297, 84.43, 81.01, 130.266, 130.113, 83.48, 83.35, 0.0
2007/09/29 22:35:22, 126.603, 126.145, 84.31, 80.83, 131.334, 130.113, 83.39, 83.17, 0.0
2007/09/29 22:37:22, 126.45, 125.992, 84.22, 80.74, 131.487, 130.113, 83.55, 83.43, 0.0
2007/09/29 22:39:22, 126.297, 125.687, 84.06
checksum: 13378039