XR5-SE-M, Serial #: EM54051 , Locale: English (United States)
FwRev: 1.01.06, LogXR: 1.01.92, Battery Voltage: 7.1V
Label: Windward-1                      
Unit ID: EM54051 
Excitation Time: 150ms
Temp Scale: C, Moisture: %RH
Clock: Aug 4, 2025 11:53:14 AM

Maximum Log Time: 2m, 21d, 3hr  
Log Time until full: 1m, 8d, 8hr
Start Logging: Jun 22, 2025 5:21:43 PM    
Stop Logging: Sep 12, 2025 8:41:43 PM

Log Interval: 0 hr, 5 min, 0 sec
Run Mode: Manual (Slow)
Total Samples: 110880, Current State: Logging

Ch1: On
Ch1 Type/Mode: 0-2.5V, Standard
Ch1 Slope/Offset: 144.0, 325.0
Ch1 Alarm High/Low: Off/Off, 325.00, 325.00, 
Ch1 Descr: WindDir_deg             
Ch1 SMS:                 ,                                                            

Ch2: On
Ch2 Type/Mode: 0-5V, Standard
Ch2 Slope/Offset: 25.56, 9.89
Ch2 Alarm High/Low: Off/Off, 9.89, 9.89, 
Ch2 Descr: P_kpa                   
Ch2 SMS:                 ,                                                            

Ch3: On
Ch3 Type/Mode: Temperature PT9xx (C.rvt), Standard
Ch3 Slope/Offset: 1.0, 0.0
Ch3 Alarm High/Low: Off/Off, 250.01, 250.01, 
Ch3 Descr: Ta_200cm_c              
Ch3 SMS:                 ,                                                            

Ch4: On
Ch4 Type/Mode: TRH-100 Humidity Probe, Standard
Ch4 Slope/Offset: 31.45, -23.83
Ch4 Alarm High/Low: Off/Off, 0.02, 0.02, 
Ch4 Descr: RH                      
Ch4 SMS:                 ,                                                            

Ch5: On
Ch5 Type/Mode: Temperature PT9xx (C.rvt), Standard
Ch5 Slope/Offset: 1.0, 0.0
Ch5 Alarm High/Low: Off/Off, 250.01, 250.01, 
Ch5 Descr: Ta_100cm_c              
Ch5 SMS:                 ,                                                            

Ch6: On
Ch6 Type/Mode: Temperature PT9xx (C.rvt), Standard
Ch6 Slope/Offset: 1.0, 0.0
Ch6 Alarm High/Low: Off/Off, 250.01, 250.01, 
Ch6 Descr: Ta_150cm_c              
Ch6 SMS:                 ,                                                            

Ch7: On
Ch7 Type/Mode: Temperature PT9xx (C.rvt), Standard
Ch7 Slope/Offset: 1.0, 0.0
Ch7 Alarm High/Low: Off/Off, 250.01, 250.01, 
Ch7 Descr: Ta_50cm_c               
Ch7 SMS:                 ,                                                            

Ch8: Off
Ch8 Type/Mode: Temperature PT9xx (C.rvt), Standard
Ch8 Slope/Offset: 1.0, 0.0
Ch8 Alarm High/Low: Off/Off, 250.01, 250.01, 
Ch8 Descr:                         
Ch8 SMS:                 ,                                                            

ChX: On
ChX Type: Solid State Switch, Frequency
ChX Slope/Offset: 1.006, 0
ChX Descr: WindSpdAvg_ms   

ChY: On
ChY Type: Solid State Switch, Frequency, Peak (2 secs)
ChY Slope/Offset: 1.006, 0
ChY Descr: WindSpdPeak2s_ms

ChZ: Off
ChZ Type: Mechanical Switch, Pulse
ChZ Slope/Offset: 1, 0
ChZ Descr:                 

Ambient: Off

                                                  

Date Time,Ch1,Ch2,Ch3,Ch4,Ch5,Ch6,Ch7,ChX,ChY
Date Time,WindDir_deg             ,P_kpa                   ,Ta_200cm_c              ,RH                      ,Ta_100cm_c              ,Ta_150cm_c              ,Ta_50cm_c               ,WindSpdAvg_ms   ,WindSpdPeak2s_ms

Data Set 1
2025/06/22 17:21:43, 378.98, 86.13, 8.02, 59.25, 6.09, 6.09, 5.41, 0.0, 0.0
2025/06/22 17:26:43, 384.69, 86.13, 8.17, 59.05, 6.31, 6.19, 5.68, 2.3909, 3.018
2025/06/22 17:31:43, 394.98, 86.13, 8.69, 57.77, 6.61, 6.70, 5.77, 2.0221, 2.515
2025/06/22 17:36:43, 380.12, 86.13, 8.57, 58.17, 6.26, 6.36, 6.24, 1.7068, 2.515
2025/06/22 17:41:43, 394.10, 86.10, 8.71, 58.22, 6.96, 6.68, 5.92, 1.9718, 2.515
2025/06/22 17:46:43, 392.08, 86.10, 8.12, 59.96, 6.19, 5.99, 6.04, 2.1897, 2.515
2025/06/22 17:51:43, 372.03, 86.07, 7.97, 60.35, 5.73, 5.60, 5.65, 2.2434, 2.515
2025/06/22 17:56:43, 389.53, 86.10, 8.34, 59.21, 6.61, 6.36, 6.31, 2.3473, 3.018
2025/06/22 18:01:43, 392.87, 86.07, 8.62, 57.91, 6.48, 6.09, 6.01, 2.1931, 3.018
2025/06/22 18:06:43, 388.91, 86.07, 8.31, 59.10, 6.11, 5.97, 6.06, 2.2635, 3.018
2025/06/22 18:11:43, 381.88, 86.07, 7.74, 60.62, 5.77, 5.60, 5.70, 2.3607, 2.515
2025/06/22 18:16:43, 374.67, 86.04, 7.62, 61.20, 5.75, 5.53, 5.46, 2.5653, 3.018
2025/06/22 18:21:43, 388.82, 86.04, 7.31, 62.49, 5.43, 5.26, 5.36, 2.5351, 3.018
2025/06/22 18:26:43, 383.55, 86.04, 6.80, 64.82, 5.18, 4.93, 4.95, 2.5687, 3.018
2025/06/22 18:31:43, 391.55, 86.01, 6.87, 65.31, 5.60, 5.33, 5.33, 2.6894, 3.018
2025/06/22 18:36:43, 402.19, 86.01, 7.31, 63.34, 5.63, 5.16, 5.21, 2.1294, 3.521
2025/06/22 18:41:43, 384.96, 86.01, 5.92, 69.16, 4.61, 4.41, 4.41, 2.9778, 3.521
2025/06/22 18:46:43, 377.92, 86.01, 5.94, 69.54, 4.76, 4.46, 4.41, 3.0381, 4.024
2025/06/22 18:51:43, 381.88, 86.01, 6.34, 68.30, 5.03, 4.66, 4.54, 2.9409, 3.521
2025/06/22 18:56:43, 400.43, 86.01, 6.73, 67.18, 5.53, 5.18, 5.21, 2.8235, 3.521
2025/06/22 19:01:43, 397.88, 86.04, 7.06, 65.30, 5.51, 4.86, 5.03, 2.2534, 2.515
2025/06/22 19:06:43, 379.86, 86.01, 6.75, 66.99, 5.23, 4.88, 4.86, 2.5318, 3.018
2025/06/22 19:11:43, 371.59, 86.01, 6.53, 67.85, 4.91, 4.54, 4.64, 2.3574, 3.018
2025/06/22 19:16:43, 386.10, 86.01, 6.51, 68.10, 5.00, 4.54, 4.91, 2.3339, 3.018
2025/06/22 19:21:43, 391.11, 85.95, 6.61, 67.57, 5.08, 4.54, 4.93, 2.4178, 3.521
2025/06/22 19:26:43, 395.42, 85.91, 6.92, 65.98, 5.18, 4.41, 4.64, 1.9919, 2.515
2025/06/22 19:31:43, 394.36, 85.95, 5.80, 69.63, 4.21, 3.95, 4.03, 2.6726, 3.521
2025/06/22 19:36:43, 399.02, 85.95, 5.48, 72.34, 4.49, 4.26, 4.16, 3.1152, 3.521
2025/06/22 19:41:43, 393.75, 85.95, 6.16, 71.04, 5.13, 4.73, 4.54, 2.8202, 3.521
2025/06/22 19:46:43, 388.12, 85.98, 6.11, 70.15, 4.69, 4.51, 4.44, 2.0154, 2.515
2025/06/22 19:51:43, 381.09, 85.98, 6.01, 72.24, 4.73, 4.49, 4.46, 2.0321, 3.018
2025/06/22 19:56:43, 383.81, 86.01, 5.99, 72.38, 4.64, 4.28, 4.18, 2.6659, 3.018
2025/06/22 20:01:43, 375.55, 85.98, 5.75, 73.19, 4.54, 4.31, 4.16, 2.6558, 3.018
2025/06/22 20:06:43, 372.91, 86.01, 5.58, 74.60, 4.28, 4.00, 3.85, 2.904, 3.521
2025/06/22 20:11:43, 386.01, 85.98, 5.18, 75.65, 4.03, 3.88, 3.90, 2.5016, 3.018
2025/06/22 20:16:43, 403.07, 86.01, 5.18, 74.47, 4.00, 3.68, 3.65, 2.0824, 3.018
2025/06/22 20:21:43, 380.38, 86.01, 5.23, 76.35, 4.16, 3.85, 3.63, 3.1756, 4.024
2025/06/22 20:26:43, 376.34, 85.98, 5.05, 77.06, 4.21, 3.90, 3.65, 3.0582, 3.521
2025/06/22 20:31:43, 374.05, 85.98, 4.88, 76.63, 3.80, 3.58, 3.40, 3.0918, 3.521
2025/06/22 20:36:43, 377.75, 85.98, 4.54, 78.71, 3.80, 3.55, 3.37, 3.2896, 4.024
2025/06/22 20:41:43, 370.63, 86.01, 4.81, 78.13, 4.08, 3.80, 3.60, 3.246, 3.521
2025/06/22 20:46:43, 377.40, 86.01, 4.71, 78.95, 4.08, 3.80, 3.53, 3.4036, 4.024
2025/06/22 20:51:43, 367.29, 86.01, 4.21, 79.75, 3.40, 3.22, 3.04, 3.1421, 4.024
2025/06/22 20:56:43, 382.58, 85.98, 3.80, 82.26, 3.32, 3.09, 2.84, 3.8094, 4.527
2025/06/22 21:01:43, 381.35, 86.01, 4.10, 81.35, 3.55, 3.30, 3.06, 3.3232, 4.024
2025/06/22 21:06:43, 382.76, 85.98, 4.10, 81.65, 3.55, 3.32, 3.04, 3.2158, 4.024
2025/06/22 21:11:43, 378.63, 86.01, 4.51, 80.43, 3.73, 3.45, 3.19, 3.5747, 4.527
2025/06/22 21:16:43, 381.35, 86.01, 3.85, 82.96, 3.32, 3.04, 2.78, 3.4875, 4.024
2025/06/22 21:21:43, 379.24, 86.01, 3.40, 84.39, 2.89, 2.66, 2.43, 3.4707, 4.024
2025/06/22 21:26:43, 377.40, 86.01, 3.50, 86.35, 3.43, 3.06, 2.68, 3.4673, 4.024
2025/06/22 21:31:43, 375.46, 86.01, 3.19, 86.44, 2.81, 2.53, 2.16, 3.4305, 4.024
2025/06/22 21:36:43, 381.00, 86.01, 2.89, 87.49, 2.61, 2.37, 2.06, 3.1924, 3.521
2025/06/22 21:41:43, 380.21, 86.01, 2.43, 88.54, 2.06, 1.85, 1.64, 3.2561, 3.521
2025/06/22 21:46:43, 379.15, 85.98, 2.03, 90.40, 1.90, 1.67, 1.41, 3.1756, 4.527
2025/06/22 21:51:43, 363.77, 86.01, 1.75, 91.34, 1.59, 1.43, 1.22, 2.3339, 3.521
2025/06/22 21:56:43, 385.13, 86.01, 1.70, 93.26, 1.93, 1.72, 1.43, 2.3876, 3.521
2025/06/22 22:01:43, 377.57, 86.01, 1.85, 91.72, 1.77, 1.59, 1.35, 3.6216, 4.024
2025/06/22 22:06:43, 376.96, 86.01, 2.40, 90.69, 2.32, 2.06, 1.75, 3.5378, 4.527
2025/06/22 22:11:43, 371.68, 86.01, 2.43, 90.62, 2.40, 2.14, 1.80, 3.246, 3.521
2025/06/22 22:16:43, 390.67, 86.01, 2.14, 90.42, 1.75, 1.57, 1.30, 2.9744, 3.521
2025/06/22 22:21:43, 396.82, 86.01, 1.46, 93.22, 1.41, 1.22, 0.90, 2.3574, 3.018
2025/06/22 22:26:43, 391.02, 85.98, 1.90, 93.49, 1.98, 1.70, 1.33, 2.743, 3.018
2025/06/22 22:31:43, 396.82, 85.98, 1.22, 94.63, 1.06, 0.79, 0.48, 2.1495, 2.515
2025/06/22 22:36:43, 379.24, 86.01, 1.70, 95.35, 1.75, 1.49, 1.14, 2.2836, 3.018
2025/06/22 22:41:43, 379.33, 86.01, 2.11, 94.51, 2.16, 1.83, 1.46, 2.8772, 3.521
2025/06/22 22:46:43, 378.71, 86.01, 2.08, 93.05, 2.00, 1.75, 1.41, 3.1421, 4.024
2025/06/22 22:51:43, 383.64, 86.01, 2.14, 92.69, 2.08, 1.83, 1.49, 3.3802, 4.024
2025/06/22 22:56:43, 378.80, 86.01, 2.50, 92.43, 2.37, 2.08, 1.67, 3.2594, 4.024
2025/06/22 23:01:43, 380.03, 85.98, 2.66, 92.64, 2.50, 2.16, 1.77, 3.3634, 4.527
2025/06/22 23:06:43, 383.81, 86.01, 2.30, 92.83, 2.00, 1.75, 1.46, 3.122, 3.521
2025/06/22 23:11:43, 387.86, 85.98, 2.00, 92.85, 1.75, 1.54, 1.22, 2.8436, 3.521
2025/06/22 23:16:43, 402.36, 86.01, 1.00, 93.64, 0.58, 0.40, 0.15, 2.2836, 3.018
2025/06/22 23:21:43, 384.87, 85.98, 1.54, 95.28, 1.59, 1.35, 1.06, 2.6726, 3.521
2025/06/22 23:26:43, 384.96, 86.01, 1.70, 94.65, 1.64, 1.41, 1.06, 2.9073, 3.521
2025/06/22 23:31:43, 408.08, 86.01, 1.43, 93.83, 1.17, 0.95, 0.72, 2.515, 3.018
2025/06/22 23:36:43, 407.99, 86.01, 1.08, 94.39, 0.77, 0.53, 0.26, 2.4949, 3.521
2025/06/22 23:41:43, 401.48, 86.01, 0.82, 95.91, 0.72, 0.53, 0.26, 2.5318, 3.018
2025/06/22 23:46:43, 396.91, 85.98, 1.22, 96.06, 1.22, 1.00, 0.69, 2.4982, 3.018
2025/06/22 23:51:43, 389.70, 85.98, 1.54, 94.95, 1.51, 1.17, 0.79, 2.6625, 3.018
2025/06/22 23:56:43, 381.97, 86.01, 1.57, 93.79, 1.41, 1.17, 0.90, 2.8302, 3.521
2025/06/23 0:01:43, 380.56, 86.01, 1.64, 94.17, 1.59, 1.35, 1.06, 3.1823, 3.521
2025/06/23 0:06:43, 386.27, 86.01, 1.98, 94.12, 1.95, 1.62, 1.22, 2.9275, 3.521
2025/06/23 0:11:43, 401.48, 85.98, 1.54, 95.17, 1.35, 1.06, 0.69, 2.4982, 3.018
2025/06/23 0:16:43, 395.42, 85.98, 1.57, 97.70, 1.41, 1.00, 0.69, 2.5083, 4.024
2025/06/23 0:21:43, 393.13, 85.98, 1.80, 93.21, 1.30, 0.93, 0.64, 2.5754, 3.018
2025/06/23 0:26:43, 392.52, 85.98, 1.43, 95.11, 1.17, 0.85, 0.53, 2.5485, 3.018
2025/06/23 0:31:43, 398.05, 86.01, 1.67, 93.19, 1.25, 0.90, 0.53, 2.4513, 3.018
2025/06/23 0:36:43, 393.22, 85.98, 2.00, 90.62, 1.00, 0.61, 0.26, 2.3574, 3.018
2025/06/23 0:41:43, 384.69, 85.98, 2.53, 97.41, 1.17, 0.69, 0.31, 2.344, 3.018
2025/06/23 0:46:43, 388.82, 85.98, 1.54, 91.44, 0.74, 0.48, 0.20, 2.0187, 2.515
2025/06/23 0:51:43, 390.67, 86.01, 1.57, 96.24, 1.38, 0.95, 0.56, 2.2937, 3.018
2025/06/23 0:56:43, 387.68, 85.98, 1.85, 95.56, 1.72, 1.33, 0.95, 2.8269, 3.521
2025/06/23 1:01:43, 386.89, 85.98, 2.16, 95.84, 1.80, 1.33, 0.95, 3.0079, 3.521
2025/06/23 1:06:43, 386.27, 85.98, 1.85, 91.83, 1.22, 0.95, 0.69, 2.6223, 3.521
2025/06/23 1:11:43, 405.97, 85.98, 1.67, 95.82, 1.33, 0.95, 0.50, 2.1294, 3.018
2025/06/23 1:16:43, 415.20, 85.98, 1.17, 94.40, 0.69, 0.40, 0.15, 2.0657, 2.515
2025/06/23 1:21:43, 409.31, 85.98, 0.48, 96.38, 0.29, 0.12, -0.07, 1.9248, 2.515
2025/06/23 1:26:43, 416.69, 85.98, 1.51, 100.00, 1.43, 0.87, 0.45, 1.7571, 2.515
2025/06/23 1:31:43, 402.10, 85.98, 2.00, 100.00, 2.94, 2.48, 1.27, 2.0455, 2.515
2025/06/23 1:36:43, 385.22, 85.98, 1.85, 96.44, 1.38, 1.08, 0.72, 2.4513, 3.018
2025/06/23 1:41:43, 388.74, 85.98, 1.46, 96.73, 1.25, 0.93, 0.61, 2.6793, 3.018
2025/06/23 1:46:43, 389.44, 85.98, 2.11, 99.56, 1.88, 1.35, 0.90, 2.8269, 3.018
2025/06/23 1:51:43, 388.47, 86.01, 1.80, 94.09, 1.17, 0.90, 0.58, 2.8671, 3.521
2025/06/23 1:56:43, 385.22, 85.98, 1.67, 95.05, 1.30, 1.00, 0.74, 2.8939, 3.521
2025/06/23 2:01:43, 383.73, 85.98, 1.27, 97.02, 1.11, 0.90, 0.58, 2.4613, 3.018
2025/06/23 2:06:43, 390.76, 85.98, 1.17, 97.76, 1.00, 0.77, 0.48, 2.6156, 3.018
2025/06/23 2:11:43, 377.40, 86.01, 1.80, 99.28, 1.80, 1.46, 1.00, 2.4077, 3.018
2025/06/23 2:16:43, 377.66, 85.98, 3.17, 100.00, 2.24, 1.57, 1.03, 2.6994, 3.018
2025/06/23 2:21:43, 396.82, 85.98, 2.16, 94.08, 1.33, 0.95, 0.45, 2.0992, 3.018
2025/06/23 2:26:43, 394.27, 85.98, 1.98, 98.36, 1.80, 1.38, 0.93, 2.458, 3.521
2025/06/23 2:31:43, 404.74, 86.01, 1.33, 96.95, 1.00, 0.79, 0.50, 3.0079, 3.521
2025/06/23 2:36:43, 389.00, 85.98, 0.98, 99.26, 1.00, 0.79, 0.53, 2.8906, 3.521
2025/06/23 2:41:43, 388.82, 85.98, 1.11, 100.00, 1.11, 0.85, 0.53, 2.7598, 4.024
2025/06/23 2:46:43, 387.24, 85.98, 1.08, 100.00, 1.27, 0.87, 0.50, 2.5485, 3.521
2025/06/23 2:51:43, 391.99, 85.98, 1.22, 100.00, 1.43, 1.11, 0.69, 2.743, 3.521
2025/06/23 2:56:43, 395.15, 85.98, 1.19, 100.00, 1.35, 1.03, 0.69, 2.733, 3.521
2025/06/23 3:01:43, 382.23, 85.95, 1.14, 100.00, 0.95, 0.72, 0.45, 2.5351, 3.018
2025/06/23 3:06:43, 384.16, 85.98, 1.41, 100.00, 1.64, 1.22, 0.79, 2.5955, 3.018
2025/06/23 3:11:43, 378.54, 85.95, 2.56, 100.00, 1.59, 1.33, 0.95, 2.4781, 3.521
2025/06/23 3:16:43, 390.58, 85.98, 2.48, 100.00, 2.11, 1.64, 1.22, 2.8973, 3.521
2025/06/23 3:21:43, 380.47, 85.98, 1.80, 100.00, 1.51, 1.22, 0.85, 2.8872, 3.521
2025/06/23 3:26:43, 376.34, 85.98, 1.90, 100.00, 1.98, 1.62, 1.22, 2.8637, 3.521
2025/06/23 3:31:43, 394.71, 85.95, 3.35, 100.00, 2.76, 2.16, 1.54, 2.4412, 3.521
2025/06/23 3:36:43, 385.40, 85.95, 3.53, 98.64, 2.94, 2.56, 1.95, 2.3306, 3.521
2025/06/23 3:41:43, 387.15, 85.95, 2.78, 98.89, 2.48, 2.16, 1.80, 2.5854, 3.521
2025/06/23 3:46:43, 381.88, 85.95, 1.49, 99.14, 1.41, 1.17, 0.90, 3.1421, 4.024
2025/06/23 3:51:43, 376.34, 85.95, 1.83, 99.43, 1.62, 1.38, 1.11, 3.3701, 4.024
2025/06/23 3:56:43, 372.12, 85.95, 1.95, 100.00, 1.85, 1.57, 1.22, 2.9275, 3.521
2025/06/23 4:01:43, 383.99, 85.95, 2.03, 100.00, 1.95, 1.64, 1.25, 2.79, 3.018
2025/06/23 4:06:43, 393.04, 85.95, 1.64, 100.00, 1.43, 1.14, 0.85, 2.5418, 3.018
2025/06/23 4:11:43, 391.55, 85.95, 1.43, 100.00, 1.22, 0.98, 0.72, 2.8034, 3.018
2025/06/23 4:16:43, 382.58, 85.95, 1.33, 100.00, 1.22, 1.03, 0.79, 3.0683, 4.024
2025/06/23 4:21:43, 379.95, 85.95, 1.33, 99.88, 1.25, 1.00, 0.77, 3.0951, 3.521
2025/06/23 4:26:43, 381.35, 85.95, 2.00, 100.00, 2.19, 1.90, 1.54, 3.1421, 3.521
2025/06/23 4:31:43, 382.05, 85.91, 1.98, 99.02, 1.98, 1.75, 1.43, 3.2259, 4.024
2025/06/23 4:36:43, 403.33, 85.91, 2.48, 97.11, 2.11, 1.83, 1.49, 2.8336, 3.521
2025/06/23 4:41:43, 405.62, 85.88, 1.95, 97.19, 1.77, 1.54, 1.22, 2.3607, 3.018
2025/06/23 4:46:43, 396.91, 85.91, 2.35, 96.21, 2.06, 1.77, 1.41, 2.7699, 3.018
2025/06/23 4:51:43, 387.68, 85.91, 2.66, 96.12, 2.30, 1.95, 1.59, 2.9677, 3.521
2025/06/23 4:56:43, 386.45, 85.91, 2.40, 95.49, 1.90, 1.70, 1.43, 2.8503, 3.521
2025/06/23 5:01:43, 390.58, 85.91, 2.61, 96.44, 2.16, 1.80, 1.46, 2.411, 3.018
2025/06/23 5:06:43, 399.81, 85.91, 2.37, 95.77, 1.95, 1.72, 1.49, 2.2702, 2.515
2025/06/23 5:11:43, 398.58, 85.91, 2.16, 96.75, 1.83, 1.57, 1.30, 2.4479, 3.018
2025/06/23 5:16:43, 395.51, 85.88, 2.27, 97.14, 1.98, 1.64, 1.38, 2.5385, 3.018
2025/06/23 5:21:43, 394.63, 85.91, 2.27, 96.26, 1.98, 1.70, 1.38, 2.5318, 3.018
2025/06/23 5:26:43, 391.46, 85.91, 2.37, 96.72, 2.14, 1.88, 1.64, 2.7799, 3.018
2025/06/23 5:31:43, 388.21, 85.88, 2.50, 94.44, 2.06, 1.85, 1.67, 3.0079, 3.521
2025/06/23 5:36:43, 389.62, 85.91, 2.53, 95.47, 2.16, 1.90, 1.70, 3.0247, 3.521
2025/06/23 5:41:43, 391.46, 85.91, 2.81, 95.35, 2.45, 2.22, 1.98, 2.9442, 3.521
2025/06/23 5:46:43, 404.03, 85.88, 3.35, 90.72, 2.73, 2.37, 2.22, 2.7196, 3.521
2025/06/23 5:51:43, 397.26, 85.88, 3.68, 90.75, 2.96, 2.68, 2.56, 2.7866, 3.521
2025/06/23 5:56:43, 392.34, 85.91, 3.88, 92.25, 3.19, 2.94, 2.78, 2.6391, 3.018
2025/06/23 6:01:43, 381.26, 85.91, 3.40, 91.61, 2.58, 2.37, 2.30, 2.7497, 3.521
2025/06/23 6:06:43, 378.54, 85.91, 3.70, 93.39, 3.12, 2.78, 2.58, 2.9711, 3.521
2025/06/23 6:11:43, 378.98, 85.95, 3.80, 93.23, 3.14, 2.78, 2.56, 2.629, 3.521
2025/06/23 6:16:43, 388.65, 85.91, 3.50, 92.33, 2.76, 2.50, 2.35, 2.4479, 3.018
2025/06/23 6:21:43, 386.01, 85.91, 2.99, 93.73, 2.40, 2.22, 2.06, 2.4781, 3.018
2025/06/23 6:26:43, 393.92, 85.95, 3.27, 94.01, 2.78, 2.53, 2.35, 2.3172, 3.018
2025/06/23 6:31:43, 391.90, 85.91, 3.55, 92.48, 2.81, 2.58, 2.48, 1.8041, 2.515
2025/06/23 6:36:43, 388.74, 85.91, 3.70, 92.81, 2.86, 2.61, 2.40, 1.8209, 2.515
2025/06/23 6:41:43, 367.90, 85.95, 3.60, 91.94, 2.45, 2.30, 2.14, 2.0858, 2.515
2025/06/23 6:46:43, 385.66, 85.95, 3.63, 94.22, 2.78, 2.48, 2.24, 2.0824, 2.515
2025/06/23 6:51:43, 377.31, 85.88, 4.00, 97.82, 2.99, 2.50, 2.22, 2.0086, 2.515
2025/06/23 6:56:43, 380.65, 85.91, 4.98, 99.64, 3.53, 2.76, 2.37, 2.2199, 3.018
2025/06/23 7:01:43, 382.05, 85.95, 4.51, 93.07, 3.60, 3.14, 3.04, 2.4144, 3.018
2025/06/23 7:06:43, 396.74, 85.95, 4.61, 86.73, 3.65, 3.40, 3.37, 2.0589, 3.018
2025/06/23 7:11:43, 382.05, 85.91, 4.44, 88.32, 3.27, 3.01, 2.94, 2.3272, 3.018
2025/06/23 7:16:43, 383.29, 85.88, 4.31, 90.68, 3.50, 3.27, 3.14, 2.5921, 3.018
2025/06/23 7:21:43, 382.67, 85.91, 4.31, 91.86, 3.48, 3.22, 3.04, 2.6726, 3.521
2025/06/23 7:26:43, 382.41, 85.88, 4.46, 93.14, 3.63, 3.27, 2.99, 2.6022, 3.018
2025/06/23 7:31:43, 391.64, 85.88, 5.05, 91.74, 3.95, 3.55, 3.32, 2.401, 3.018
2025/06/23 7:36:43, 386.01, 85.91, 5.82, 85.14, 3.75, 3.40, 3.22, 1.9684, 2.515
2025/06/23 7:41:43, 392.96, 85.91, 5.00, 89.67, 3.83, 3.37, 3.09, 1.8074, 2.515
2025/06/23 7:46:43, 401.48, 85.91, 4.95, 86.42, 3.50, 3.09, 2.91, 2.1998, 2.515
2025/06/23 7:51:43, 387.86, 85.88, 4.78, 87.90, 3.37, 3.09, 2.99, 2.4178, 3.018
2025/06/23 7:56:43, 401.84, 85.88, 5.16, 85.58, 4.05, 3.63, 3.43, 2.2534, 3.018
2025/06/23 8:01:43, 382.32, 85.88, 4.81, 83.86, 3.50, 3.35, 3.30, 2.1461, 2.515
2025/06/23 8:06:43, 392.96, 85.88, 4.88, 84.57, 3.93, 3.73, 3.65, 2.2266, 3.018
2025/06/23 8:11:43, 384.34, 85.88, 5.18, 82.38, 3.85, 3.68, 3.70, 2.3037, 2.515
2025/06/23 8:16:43, 380.65, 85.88, 4.91, 84.43, 3.80, 3.63, 3.60, 2.5284, 3.018
2025/06/23 8:21:43, 390.67, 85.88, 5.36, 84.55, 4.56, 4.16, 4.00, 2.0992, 2.515
2025/06/23 8:26:43, 376.08, 85.88, 5.94, 84.69, 4.05, 3.78, 3.65, 2.3071, 3.018
2025/06/23 8:31:43, 372.21, 85.88, 6.24, 87.21, 4.81, 4.31, 4.13, 2.126, 2.515
2025/06/23 8:36:43, 377.31, 85.85, 5.94, 86.01, 4.73, 4.46, 4.23, 2.1797, 3.018
2025/06/23 8:41:43, 404.12, 85.88, 5.55, 80.64, 4.33, 3.95, 3.90, 2.2031, 3.018
2025/06/23 8:46:43, 388.12, 85.88, 5.41, 84.96, 4.36, 4.10, 4.00, 3.0113, 3.521
2025/06/23 8:51:43, 376.87, 85.85, 5.53, 83.99, 4.54, 4.33, 4.28, 2.7833, 3.521
2025/06/23 8:56:43, 404.47, 85.82, 6.82, 79.04, 5.75, 5.46, 5.41, 2.354, 3.018
2025/06/23 9:01:43, 375.11, 85.85, 7.18, 78.73, 5.13, 4.93, 4.91, 2.4681, 3.018
2025/06/23 9:06:43, 385.66, 85.88, 7.83, 83.72, 6.94, 6.51, 6.21, 2.458, 3.521
2025/06/23 9:11:43, 411.24, 85.85, 8.83, 70.40, 6.89, 6.56, 6.44, 1.898, 2.515
2025/06/23 9:16:43, 382.58, 85.88, 8.21, 79.53, 6.68, 6.14, 6.01, 2.5586, 3.018
2025/06/23 9:21:43, 379.33, 85.85, 8.26, 80.09, 5.92, 5.43, 5.33, 2.6391, 3.521
2025/06/23 9:26:43, 383.64, 85.88, 7.60, 75.99, 5.38, 5.03, 5.08, 2.0489, 2.515
2025/06/23 9:31:43, 405.62, 85.88, 8.26, 71.72, 7.06, 6.53, 6.46, 2.0858, 3.018
2025/06/23 9:36:43, 390.49, 85.88, 8.50, 74.54, 5.94, 5.51, 5.58, 2.1763, 3.018
2025/06/23 9:41:43, 398.93, 85.85, 8.62, 68.33, 6.85, 6.48, 6.58, 2.24, 2.515
2025/06/23 9:46:43, 385.31, 85.88, 8.97, 75.87, 5.28, 4.64, 4.81, 2.3976, 3.018
2025/06/23 9:51:43, 387.24, 85.88, 7.33, 71.22, 4.71, 4.64, 4.81, 2.1663, 3.018
2025/06/23 9:56:43, 381.70, 85.91, 6.29, 76.89, 4.21, 4.18, 4.46, 2.0321, 2.515
2025/06/23 10:01:43, 372.38, 85.85, 5.99, 84.84, 4.23, 4.16, 4.18, 1.9651, 3.018
2025/06/23 10:06:43, 367.02, 85.85, 6.29, 80.25, 3.83, 3.80, 4.16, 1.7404, 2.515
2025/06/23 10:11:43, 383.99, 85.88, 6.68, 81.53, 4.73, 4.64, 4.91, 1.9684, 2.515
2025/06/23 10:16:43, 407.90, 85.88, 7.67, 72.93, 6.51, 6.09, 6.09, 1.9986, 2.515
2025/06/23 10:21:43, 396.82, 85.88, 7.95, 69.38, 5.94, 5.53, 5.55, 2.2266, 2.515
2025/06/23 10:26:43, 386.36, 85.88, 7.14, 73.40, 4.66, 4.56, 4.73, 2.3574, 3.018
2025/06/23 10:31:43, 379.07, 85.85, 6.51, 78.70, 4.23, 4.16, 4.36, 2.5687, 3.018
2025/06/23 10:36:43, 382.32, 85.85, 7.62, 76.14, 5.73, 5.65, 5.87, 2.3708, 3.018
2025/06/23 10:41:43, 384.69, 85.88, 8.90, 70.86, 6.04, 5.77, 5.99, 2.354, 3.018
2025/06/23 10:46:43, 386.19, 85.85, 10.43, 63.49, 7.67, 7.48, 7.83, 2.2702, 2.515
2025/06/23 10:51:43, 399.11, 85.88, 12.11, 61.62, 9.82, 8.99, 8.99, 1.9449, 2.515
2025/06/23 10:56:43, 396.65, 85.95, 12.09, 58.78, 8.19, 7.26, 7.31, 1.7639, 2.515
2025/06/23 11:01:43, 403.86, 85.88, 11.24, 59.09, 8.02, 7.18, 7.31, 2.1327, 2.515
2025/06/23 11:06:43, 411.77, 85.88, 12.71, 57.63, 9.82, 8.24, 7.90, 2.1394, 2.515
2025/06/23 11:11:43, 410.80, 85.91, 13.96, 52.64, 10.59, 9.16, 8.99, 1.7136, 2.515
2025/06/23 11:16:43, 418.45, 85.91, 14.07, 52.02, 10.62, 9.71, 8.83, 1.291, 2.012
2025/06/23 11:21:43, 471.37, 85.91, 12.49, 64.89, 7.28, 6.89, 6.75, 1.0094, 1.509
2025/06/23 11:26:43, 482.10, 85.88, 10.98, 66.43, 5.92, 6.11, 6.31, 0.902, 1.509
2025/06/23 11:31:43, 514.10, 85.95, 10.22, 77.30, 6.80, 6.31, 6.19, 0.5868, 1.509
2025/06/23 11:36:43, 548.12, 85.95, 9.28, 77.33, 6.82, 6.85, 7.06, 0.3722, 1.006
2025/06/23 11:41:43, 548.12, 85.98, 13.87, 65.15, 11.91, 12.85, 10.93, 0.0, 0.0
2025/06/23 11:46:43, 451.24, 85.91, 15.14, 50.75, 9.26, 10.57, 10.59, 0.0637, 1.006
2025/06/23 11:51:43, 464.78, 85.88, 12.98, 57.62, 5.99, 6.34, 7.04, 0.8719, 1.509
2025/06/23 11:56:43, 470.32, 85.88, 10.43, 68.44, 5.51, 5.33, 5.41, 1.3246, 2.012
2025/06/23 12:01:43, 450.36, 85.88, 10.75, 64.73, 6.24, 6.34, 6.82, 1.234, 1.509
2025/06/23 12:06:43, 469.70, 85.85, 9.91, 76.43, 6.77, 5.85, 5.63, 1.5593, 2.012
2025/06/23 12:11:43, 466.27, 85.88, 11.12, 67.76, 6.73, 6.65, 6.56, 1.0429, 1.509
2025/06/23 12:16:43, 494.93, 85.91, 12.30, 62.99, 6.94, 7.16, 7.45, 0.3487, 1.006
2025/06/23 12:21:43, 526.32, 85.95, 11.59, 66.44, 7.31, 7.64, 7.76, 0.2884, 1.006
2025/06/23 12:26:43, 527.46, 85.95, 10.71, 68.82, 8.12, 8.92, 9.54, 0.1375, 1.006
2025/06/23 12:31:43, 685.00, 85.38, 9.57, 73.63, 6.21, 6.04, 6.01, 0.2046, 1.006
2025/06/23 12:36:43, 360.96, 85.76, 10.59, 70.47, 7.01, 6.53, 6.24, 0.0, 0.0
2025/06/23 12:41:43, 391.55, 85.91, 11.91, 64.58, 8.97, 8.02, 6.96, 0.5902, 1.509
2025/06/23 12:46:43, 413.53, 85.95, 12.65, 57.84, 9.49, 8.00, 7.35, 1.12, 2.012
2025/06/23 12:51:43, 427.24, 85.91, 13.05, 62.23, 10.78, 9.80, 8.24, 1.0127, 2.012
2025/06/23 12:56:43, 424.87, 85.91, 12.92, 60.23, 8.97, 8.26, 7.95, 0.8249, 1.509
2025/06/23 13:01:43, 426.80, 85.88, 12.14, 60.99, 8.55, 8.02, 7.50, 0.9155, 1.509
2025/06/23 13:06:43, 413.00, 85.91, 11.52, 59.20, 7.62, 7.11, 6.92, 0.9356, 1.509
2025/06/23 13:11:43, 421.88, 85.91, 11.22, 61.73, 8.07, 7.57, 7.45, 1.1234, 2.012
2025/06/23 13:16:43, 426.36, 85.88, 10.80, 63.84, 7.50, 7.04, 6.68, 1.5224, 2.012
2025/06/23 13:21:43, 418.89, 85.95, 12.21, 61.04, 8.90, 8.19, 7.55, 1.0496, 1.509
2025/06/23 13:26:43, 417.92, 85.91, 13.17, 56.00, 9.40, 7.88, 7.21, 0.7545, 1.509
2025/06/23 13:31:43, 396.91, 85.88, 10.84, 63.06, 5.75, 4.78, 4.78, 0.7981, 1.006
2025/06/23 13:36:43, 396.91, 85.88, 9.89, 70.26, 5.99, 4.95, 4.23, 0.3823, 1.006
2025/06/23 13:41:43, 450.89, 85.85, 8.50, 78.91, 5.55, 5.00, 4.76, 0.9423, 1.509
2025/06/23 13:46:43, 450.98, 85.85, 9.87, 83.71, 8.04, 8.09, 6.96, 0.2314, 1.006
2025/06/23 13:51:43, 450.98, 85.88, 9.11, 78.38, 6.09, 5.65, 5.58, 0.4125, 1.006
2025/06/23 13:56:43, 450.89, 85.88, 8.50, 84.10, 6.61, 6.29, 5.55, 0.6103, 1.509
2025/06/23 14:01:43, 450.89, 85.88, 11.12, 77.78, 8.36, 5.70, 4.66, 0.0201, 0.503
2025/06/23 14:06:43, 402.63, 85.88, 10.10, 79.44, 7.88, 6.68, 5.18, 0.6137, 1.509
2025/06/23 14:11:43, 411.68, 85.82, 9.68, 73.16, 6.04, 4.76, 4.51, 0.8652, 1.509
2025/06/23 14:16:43, 423.55, 85.85, 9.57, 76.45, 6.75, 6.29, 5.92, 0.7042, 1.509
2025/06/23 14:21:43, 415.81, 85.88, 9.47, 73.13, 6.68, 6.01, 5.51, 1.1032, 1.509
2025/06/23 14:26:43, 397.88, 85.88, 8.31, 73.58, 5.03, 4.36, 4.10, 1.2307, 1.509
2025/06/23 14:31:43, 394.63, 85.91, 8.14, 77.85, 5.43, 4.10, 4.00, 1.1804, 1.509
2025/06/23 14:36:43, 397.00, 85.88, 9.54, 72.10, 6.09, 5.43, 5.48, 1.2541, 1.509
2025/06/23 14:41:43, 397.00, 85.91, 9.66, 66.81, 6.01, 5.16, 5.16, 1.4118, 2.012
2025/06/23 14:46:43, 401.84, 85.95, 8.71, 72.31, 6.14, 5.53, 5.51, 1.8309, 2.012
2025/06/23 14:51:43, 395.33, 85.91, 8.36, 69.59, 5.41, 5.16, 5.26, 1.6633, 2.012
2025/06/23 14:56:43, 395.07, 85.91, 7.60, 73.51, 5.10, 4.86, 4.98, 1.4855, 2.012
2025/06/23 15:01:43, 384.08, 85.91, 6.16, 80.89, 3.98, 3.83, 3.93, 1.8074, 2.012
2025/06/23 15:06:43, 384.60, 85.91, 6.48, 85.70, 4.23, 3.93, 4.05, 1.6331, 2.012
2025/06/23 15:11:43, 387.77, 85.91, 7.62, 84.09, 4.91, 4.05, 4.13, 1.4788, 2.012
2025/06/23 15:16:43, 399.99, 85.95, 7.81, 78.91, 4.91, 4.31, 4.33, 1.4017, 2.012
2025/06/23 15:21:43, 410.19, 85.88, 9.06, 78.60, 6.87, 5.03, 4.41, 1.348, 2.012
2025/06/23 15:26:43, 393.75, 85.88, 9.28, 73.36, 5.05, 4.13, 4.10, 1.509, 2.012
2025/06/23 15:31:43, 388.74, 85.91, 9.23, 73.50, 6.11, 5.16, 5.10, 1.509, 2.012
2025/06/23 15:36:43, 397.35, 85.88, 9.57, 67.91, 6.16, 5.48, 5.77, 1.4654, 2.012
2025/06/23 15:41:43, 394.27, 85.91, 10.45, 65.95, 5.94, 5.31, 5.99, 1.5895, 2.012
2025/06/23 15:46:43, 397.70, 85.95, 11.40, 66.83, 8.90, 6.09, 6.68, 0.9523, 1.509
2025/06/23 15:51:43, 404.47, 85.95, 12.11, 60.58, 8.19, 7.18, 7.48, 0.607, 1.006
2025/06/23 15:56:43, 466.01, 85.91, 10.10, 64.34, 5.65, 7.28, 8.71, 0.4695, 1.006
2025/06/23 16:01:43, 463.55, 85.91, 11.45, 64.49, 7.26, 7.83, 8.83, 0.4259, 1.006
2025/06/23 16:06:43, 369.75, 85.91, 9.68, 66.36, 3.80, 3.75, 4.05, 0.4829, 2.012
2025/06/23 16:11:43, 377.66, 85.88, 8.09, 80.18, 5.28, 4.83, 4.91, 1.4755, 2.515
2025/06/23 16:16:43, 408.34, 85.88, 8.00, 75.65, 5.60, 5.33, 5.51, 1.4386, 2.012
2025/06/23 16:21:43, 418.80, 85.85, 10.24, 67.04, 7.09, 6.82, 7.40, 1.3615, 2.012
2025/06/23 16:26:43, 402.36, 85.88, 11.54, 59.95, 6.75, 5.94, 6.29, 1.6264, 2.012
2025/06/23 16:31:43, 386.89, 85.91, 8.34, 74.66, 4.41, 3.93, 4.26, 1.4822, 2.012
2025/06/23 16:36:43, 399.11, 85.91, 7.93, 68.82, 5.05, 4.66, 4.91, 1.5023, 2.012
2025/06/23 16:41:43, 404.03, 85.88, 8.81, 67.95, 6.58, 5.70, 5.80, 1.4889, 2.012
2025/06/23 16:46:43, 415.90, 85.88, 8.88, 68.18, 6.39, 5.43, 5.53, 1.452, 2.012
2025/06/23 16:51:43, 426.89, 85.88, 8.36, 71.37, 5.60, 5.68, 5.55, 0.9792, 1.509
2025/06/23 16:56:43, 426.89, 85.88, 8.57, 72.88, 6.29, 6.34, 6.21, 0.0201, 0.503
2025/06/23 17:01:43, 431.90, 85.88, 7.93, 72.64, 5.58, 5.77, 6.09, 0.0, 0.0
2025/06/23 17:06:43, 445.62, 85.88, 7.09, 76.09, 4.54, 4.71, 5.18, 0.7813, 1.006
2025/06/23 17:11:43, 439.37, 85.88, 7.01, 76.23, 5.10, 5.28, 5.33, 0.845, 1.509
2025/06/23 17:16:43, 436.82, 85.85, 6.94, 79.99, 4.98, 4.91, 4.71, 1.3078, 1.509
2025/06/23 17:21:43, 431.11, 85.85, 7.62, 77.44, 5.33, 4.93, 4.71, 1.3346, 1.509
2025/06/23 17:26:43, 444.91, 85.85, 6.92, 80.98, 4.26, 3.70, 3.68, 1.0664, 1.509
2025/06/23 17:31:43, 446.58, 85.85, 7.64, 79.70, 5.21, 4.78, 4.13, 0.5231, 1.006
2025/06/23 17:36:43, 460.30, 85.85, 7.11, 82.05, 4.86, 4.71, 3.65, 1.0094, 1.509
2025/06/23 17:41:43, 461.26, 85.82, 6.53, 80.99, 3.65, 3.35, 3.17, 1.3648, 2.012
2025/06/23 17:46:43, 466.89, 85.85, 5.68, 84.01, 3.32, 3.09, 2.99, 1.5392, 2.012
2025/06/23 17:51:43, 478.58, 85.85, 5.31, 85.09, 3.14, 2.94, 2.78, 1.3179, 1.509
2025/06/23 17:56:43, 479.55, 85.85, 5.38, 85.43, 3.25, 3.14, 2.96, 1.0731, 1.509
2025/06/23 18:01:43, 479.55, 85.82, 5.75, 87.75, 3.95, 3.68, 3.32, 0.6338, 1.006
2025/06/23 18:06:43, 479.55, 85.82, 5.73, 85.20, 3.73, 3.63, 3.50, 0.5499, 1.006
2025/06/23 18:11:43, 479.55, 85.82, 6.34, 82.28, 4.18, 4.23, 4.18, 0.0704, 0.503
2025/06/23 18:16:43, 496.34, 85.85, 5.82, 83.74, 3.68, 3.63, 3.63, 0.0369, 0.503
2025/06/23 18:21:43, 501.79, 85.88, 5.33, 87.41, 4.00, 3.98, 4.21, 0.0268, 0.503
2025/06/23 18:26:43, 501.70, 85.82, 5.94, 83.95, 4.26, 4.13, 3.95, 0.0, 0.0
2025/06/23 18:31:43, 501.70, 85.82, 6.01, 83.70, 4.18, 4.08, 3.70, 0.0, 0.0
2025/06/23 18:36:43, 501.70, 85.85, 6.01, 84.88, 4.33, 4.31, 4.10, 0.0, 0.0
2025/06/23 18:41:43, 501.70, 85.85, 6.01, 85.32, 4.51, 4.41, 4.39, 0.0, 0.0
2025/06/23 18:46:43, 477.44, 85.85, 6.09, 84.12, 4.44, 4.31, 3.95, 0.0, 0.0
2025/06/23 18:51:43, 388.38, 85.82, 6.09, 83.79, 4.21, 3.19, 3.32, 0.161, 1.006
2025/06/23 18:56:43, 414.05, 85.85, 5.65, 80.14, 3.27, 2.91, 3.06, 1.1502, 1.509
2025/06/23 19:01:43, 435.95, 85.82, 5.10, 89.51, 3.63, 3.09, 2.76, 1.3313, 1.509
2025/06/23 19:06:43, 453.09, 85.82, 4.76, 92.35, 3.55, 3.09, 2.78, 1.2709, 1.509
2025/06/23 19:11:43, 465.31, 85.82, 4.33, 92.52, 2.73, 2.50, 2.35, 1.2609, 1.509
2025/06/23 19:16:43, 465.31, 85.82, 4.61, 91.62, 2.91, 2.63, 2.40, 1.1636, 1.509
2025/06/23 19:21:43, 465.31, 85.82, 4.51, 91.93, 2.94, 2.73, 2.50, 0.9926, 1.509
2025/06/23 19:26:43, 459.15, 85.82, 4.26, 94.13, 3.17, 2.50, 2.19, 1.3179, 1.509
2025/06/23 19:31:43, 465.40, 85.82, 4.76, 95.18, 4.05, 3.90, 3.19, 1.1435, 1.509
2025/06/23 19:36:43, 471.37, 85.82, 3.93, 92.45, 2.68, 2.53, 2.35, 0.8216, 1.509
2025/06/23 19:41:43, 471.20, 85.82, 3.85, 94.05, 2.66, 2.63, 2.48, 1.0697, 1.509
2025/06/23 19:46:43, 427.68, 85.82, 4.10, 91.74, 2.71, 2.27, 2.03, 0.0, 0.0
2025/06/23 19:51:43, 418.89, 85.82, 3.93, 94.39, 2.53, 2.06, 1.75, 0.7947, 1.509
2025/06/23 19:56:43, 427.07, 85.82, 4.08, 95.01, 2.91, 2.53, 2.22, 1.0026, 1.509
2025/06/23 20:01:43, 431.64, 85.85, 3.55, 96.48, 2.78, 2.61, 2.35, 0.8618, 1.509
2025/06/23 20:06:43, 431.46, 85.82, 3.80, 99.69, 3.65, 3.32, 2.53, 0.5332, 1.006
2025/06/23 20:11:43, 431.55, 85.82, 3.65, 99.14, 3.14, 2.81, 2.32, 0.1744, 1.006
2025/06/23 20:16:43, 375.02, 85.85, 3.53, 99.41, 2.76, 2.48, 2.06, 0.1878, 1.006
2025/06/23 20:21:43, 421.26, 85.82, 2.89, 99.61, 2.24, 1.90, 1.59, 1.2005, 2.012
2025/06/23 20:26:43, 440.87, 85.82, 2.91, 100.00, 2.81, 2.40, 1.80, 1.1535, 1.509
2025/06/23 20:31:43, 436.74, 85.82, 3.30, 100.00, 3.14, 2.63, 1.98, 0.9222, 1.509
2025/06/23 20:36:43, 410.89, 85.82, 3.80, 100.00, 3.95, 3.75, 3.22, 0.1945, 1.006
2025/06/23 20:41:43, 410.89, 85.82, 3.30, 100.00, 2.32, 1.80, 1.62, 0.0905, 1.006
2025/06/23 20:46:43, 391.99, 85.82, 2.68, 100.00, 2.16, 1.83, 1.49, 0.7277, 2.012
2025/06/23 20:51:43, 397.62, 85.79, 2.71, 100.00, 2.58, 2.00, 1.57, 1.2977, 2.012
2025/06/23 20:56:43, 403.07, 85.82, 2.94, 100.00, 2.27, 1.93, 1.67, 1.224, 1.509
2025/06/23 21:01:43, 404.56, 85.82, 3.25, 100.00, 3.14, 2.32, 1.57, 0.9289, 1.509
2025/06/23 21:06:43, 402.10, 85.79, 3.55, 100.00, 3.58, 3.01, 1.85, 1.3279, 1.509
2025/06/23 21:11:43, 450.71, 85.82, 3.14, 100.00, 1.67, 1.43, 1.22, 1.3246, 2.012
2025/06/23 21:16:43, 453.18, 85.82, 2.32, 100.00, 1.72, 1.41, 1.17, 1.1468, 1.509
2025/06/23 21:21:43, 457.75, 85.82, 2.43, 100.00, 2.14, 1.85, 1.49, 0.9725, 1.509
2025/06/23 21:26:43, 477.53, 85.82, 2.37, 100.00, 2.06, 1.88, 1.64, 0.4996, 1.006
2025/06/23 21:31:43, 486.67, 85.82, 2.61, 100.00, 2.58, 1.95, 1.59, 1.2843, 1.509
2025/06/23 21:36:43, 486.58, 85.82, 3.09, 100.00, 3.01, 2.61, 1.70, 0.5868, 1.006
2025/06/23 21:41:43, 486.58, 85.85, 3.14, 100.00, 2.89, 2.71, 2.30, 0.0335, 0.503
2025/06/23 21:46:43, 492.12, 85.82, 3.14, 100.00, 3.04, 2.81, 2.43, 0.0369, 0.503
2025/06/23 21:51:43, 492.38, 85.82, 3.14, 100.00, 2.91, 2.53, 1.64, 0.0, 0.0
2025/06/23 21:56:43, 469.79, 85.82, 2.71, 100.00, 2.32, 2.06, 1.64, 0.4158, 1.006
2025/06/23 22:01:43, 356.82, 85.82, 2.22, 100.00, 2.30, 2.00, 1.33, 0.3353, 1.006
2025/06/23 22:06:43, 366.49, 85.82, 2.56, 100.00, 2.58, 2.32, 1.38, 0.2917, 1.006
2025/06/23 22:11:43, 390.23, 85.82, 2.73, 100.00, 2.73, 2.14, 1.43, 0.3353, 1.006
2025/06/23 22:16:43, 403.68, 85.82, 2.78, 100.00, 2.76, 1.98, 1.11, 1.0798, 1.509
2025/06/23 22:21:43, 415.37, 85.82, 2.96, 100.00, 3.01, 2.35, 1.33, 1.2776, 1.509
2025/06/23 22:26:43, 433.31, 85.82, 2.91, 100.00, 2.84, 2.61, 2.06, 1.1167, 1.509
2025/06/23 22:31:43, 444.65, 85.82, 2.81, 100.00, 2.50, 1.67, 1.17, 0.9155, 1.509
2025/06/23 22:36:43, 449.57, 85.82, 2.40, 100.00, 1.85, 1.51, 1.22, 0.7947, 1.006
2025/06/23 22:41:43, 410.01, 85.79, 2.00, 100.00, 1.35, 1.11, 0.90, 0.8014, 1.509
2025/06/23 22:46:43, 393.75, 85.82, 1.98, 100.00, 1.51, 1.08, 0.90, 1.7739, 2.515
2025/06/23 22:51:43, 392.43, 85.82, 1.46, 100.00, 1.19, 1.03, 0.90, 1.2642, 1.509
2025/06/23 22:56:43, 403.51, 85.82, 2.89, 100.00, 2.53, 1.93, 1.54, 1.6834, 2.012
2025/06/23 23:01:43, 411.86, 85.82, 2.58, 100.00, 1.83, 1.43, 1.19, 1.348, 1.509
2025/06/23 23:06:43, 413.09, 85.82, 2.58, 100.00, 2.43, 1.64, 1.06, 0.9121, 1.509
2025/06/23 23:11:43, 392.43, 85.82, 1.80, 100.00, 1.57, 1.22, 0.87, 0.7344, 1.006
2025/06/23 23:16:43, 391.20, 85.82, 2.03, 100.00, 1.57, 1.25, 1.03, 1.0798, 1.509
2025/06/23 23:21:43, 399.99, 85.82, 2.27, 100.00, 1.35, 1.06, 0.87, 1.3715, 2.012
2025/06/23 23:26:43, 420.38, 85.82, 2.08, 100.00, 1.75, 1.22, 0.95, 1.3078, 1.509
2025/06/23 23:31:43, 430.76, 85.82, 2.11, 100.00, 1.72, 1.33, 0.93, 0.8517, 1.509
2025/06/23 23:36:43, 392.78, 85.82, 1.80, 100.00, 1.90, 1.41, 0.98, 1.0965, 1.509
2025/06/23 23:41:43, 383.37, 85.82, 1.93, 100.00, 1.46, 1.14, 0.95, 1.3011, 1.509
2025/06/23 23:46:43, 383.37, 85.82, 1.77, 100.00, 1.35, 1.14, 1.03, 1.0295, 2.012
2025/06/23 23:51:43, 373.97, 85.79, 1.38, 100.00, 1.19, 1.06, 0.90, 1.0295, 1.509
2025/06/23 23:56:43, 379.07, 85.82, 1.62, 100.00, 1.25, 1.06, 0.90, 1.2977, 1.509
2025/06/24 0:01:43, 379.07, 85.82, 1.27, 100.00, 1.03, 0.90, 0.79, 1.1468, 1.509
2025/06/24 0:06:43, 411.59, 85.82, 1.30, 100.00, 1.22, 1.06, 0.90, 1.3279, 2.012
2025/06/24 0:11:43, 397.09, 85.79, 1.06, 100.00, 1.00, 0.90, 0.82, 1.6297, 2.012
2025/06/24 0:16:43, 400.69, 85.79, 1.06, 100.00, 1.00, 0.87, 0.77, 1.5593, 2.012
2025/06/24 0:21:43, 396.74, 85.82, 1.08, 100.00, 0.98, 0.82, 0.74, 1.4956, 2.012
2025/06/24 0:26:43, 396.91, 85.79, 1.35, 100.00, 1.06, 0.90, 0.79, 1.5627, 2.012
2025/06/24 0:31:43, 397.35, 85.79, 1.51, 100.00, 1.41, 1.17, 0.98, 1.3179, 2.012
2025/06/24 0:36:43, 397.18, 85.79, 1.93, 100.00, 1.88, 1.22, 0.90, 1.177, 1.509
2025/06/24 0:41:43, 394.71, 85.79, 2.24, 100.00, 1.38, 0.87, 0.72, 1.3883, 1.509
2025/06/24 0:46:43, 396.21, 85.76, 2.24, 100.00, 1.67, 1.00, 0.77, 1.2541, 1.509
2025/06/24 0:51:43, 403.95, 85.76, 2.53, 100.00, 1.57, 0.95, 0.79, 1.2407, 1.509
2025/06/24 0:56:43, 393.40, 85.79, 1.11, 100.00, 0.69, 0.61, 0.56, 1.2743, 1.509
2025/06/24 1:01:43, 405.18, 85.76, 1.70, 100.00, 1.11, 0.79, 0.64, 1.3279, 1.509
2025/06/24 1:06:43, 411.95, 85.79, 1.95, 100.00, 1.17, 0.95, 0.79, 1.1267, 1.509
2025/06/24 1:11:43, 419.95, 85.79, 2.00, 100.00, 2.03, 1.64, 1.17, 1.0831, 1.509
2025/06/24 1:16:43, 419.07, 85.76, 2.50, 100.00, 2.22, 1.95, 1.49, 1.3849, 1.509
2025/06/24 1:21:43, 422.41, 85.76, 2.00, 100.00, 1.54, 1.38, 1.27, 1.3011, 2.012
2025/06/24 1:26:43, 413.26, 85.76, 1.90, 100.00, 1.75, 1.17, 0.93, 0.7143, 1.509
2025/06/24 1:31:43, 426.98, 85.76, 2.27, 100.00, 2.16, 1.85, 1.27, 0.6673, 1.509
2025/06/24 1:36:43, 426.98, 85.76, 2.22, 100.00, 2.00, 1.51, 0.95, 0.4259, 1.006
2025/06/24 1:41:43, 427.07, 85.76, 2.06, 100.00, 1.75, 1.41, 0.85, 0.0, 0.0
2025/06/24 1:46:43, 437.53, 85.76, 1.83, 100.00, 1.64, 1.46, 1.25, 0.4896, 1.006
2025/06/24 1:51:43, 443.59, 85.76, 1.98, 100.00, 1.70, 1.51, 1.25, 0.8987, 1.006
2025/06/24 1:56:43, 444.21, 85.76, 2.08, 100.00, 2.14, 1.70, 1.33, 0.7612, 1.006
2025/06/24 2:01:43, 392.96, 85.76, 1.83, 100.00, 1.33, 1.22, 1.03, 0.3219, 1.006
2025/06/24 2:06:43, 382.41, 85.76, 1.43, 100.00, 1.54, 1.49, 1.35, 0.6908, 1.006
2025/06/24 2:11:43, 377.04, 85.76, 1.59, 100.00, 1.35, 1.19, 1.00, 0.7813, 1.509
2025/06/24 2:16:43, 399.99, 85.76, 2.19, 100.00, 1.93, 1.57, 1.27, 1.4386, 2.012
2025/06/24 2:21:43, 409.48, 85.76, 2.27, 100.00, 2.00, 1.57, 1.25, 1.3983, 1.509
2025/06/24 2:26:43, 384.87, 85.76, 2.08, 100.00, 1.95, 1.67, 1.30, 1.2743, 2.012
2025/06/24 2:31:43, 380.56, 85.76, 2.22, 100.00, 2.19, 1.88, 1.43, 0.8853, 1.509
2025/06/24 2:36:43, 389.35, 85.76, 2.48, 100.00, 2.50, 2.11, 1.35, 0.8517, 1.006
2025/06/24 2:41:43, 389.35, 85.73, 2.50, 100.00, 2.48, 2.14, 1.11, 0.7545, 1.006
2025/06/24 2:46:43, 389.62, 85.73, 2.68, 100.00, 2.71, 2.06, 1.22, 0.835, 1.509
2025/06/24 2:51:43, 418.19, 85.73, 1.85, 100.00, 1.38, 1.22, 1.00, 1.2206, 2.012
2025/06/24 2:56:43, 411.95, 85.73, 1.08, 100.00, 0.90, 0.82, 0.77, 1.794, 2.515
2025/06/24 3:01:43, 400.87, 85.73, 1.33, 100.00, 1.35, 1.14, 0.98, 1.9516, 2.515
2025/06/24 3:06:43, 390.14, 85.73, 1.25, 100.00, 0.95, 0.85, 0.77, 1.7236, 2.012
2025/06/24 3:11:43, 390.85, 85.73, 2.00, 100.00, 1.70, 1.33, 1.08, 1.6364, 2.012
2025/06/24 3:16:43, 386.63, 85.73, 1.51, 100.00, 1.22, 1.03, 0.87, 1.1904, 2.012
2025/06/24 3:21:43, 419.07, 85.73, 1.46, 100.00, 1.11, 0.95, 0.82, 0.892, 1.509
2025/06/24 3:26:43, 436.74, 85.73, 1.98, 100.00, 1.88, 1.43, 1.03, 0.607, 1.006
2025/06/24 3:31:43, 436.82, 85.70, 2.35, 100.00, 2.19, 1.90, 1.14, 0.0, 0.0
2025/06/24 3:36:43, 427.59, 85.70, 2.53, 100.00, 2.06, 1.57, 1.11, 0.0, 0.0
2025/06/24 3:41:43, 404.65, 85.70, 1.95, 100.00, 1.59, 1.41, 1.00, 0.0905, 1.006
2025/06/24 3:46:43, 412.21, 85.70, 1.98, 100.00, 1.70, 1.43, 1.11, 0.7746, 1.006
2025/06/24 3:51:43, 383.73, 85.66, 2.19, 100.00, 1.64, 1.11, 0.90, 1.167, 1.509
2025/06/24 3:56:43, 368.87, 85.70, 1.59, 100.00, 1.35, 1.14, 0.98, 1.4285, 2.012
2025/06/24 4:01:43, 373.62, 85.70, 1.72, 100.00, 1.41, 1.19, 1.00, 1.4419, 2.012
2025/06/24 4:06:43, 378.01, 85.70, 2.11, 100.00, 1.51, 1.25, 1.06, 1.452, 2.012
2025/06/24 4:11:43, 389.00, 85.66, 1.75, 100.00, 1.33, 1.14, 0.98, 1.2609, 1.509
2025/06/24 4:16:43, 411.95, 85.66, 1.27, 100.00, 1.06, 0.93, 0.85, 1.4755, 2.012
2025/06/24 4:21:43, 405.97, 85.66, 1.54, 100.00, 1.38, 1.17, 1.03, 1.224, 2.012
2025/06/24 4:26:43, 396.21, 85.63, 1.14, 100.00, 0.93, 0.82, 0.77, 0.9792, 1.509
2025/06/24 4:31:43, 387.51, 85.63, 1.85, 100.00, 1.90, 1.33, 1.00, 1.234, 1.509
2025/06/24 4:36:43, 397.09, 85.63, 1.98, 100.00, 1.90, 1.38, 1.06, 1.1401, 1.509
2025/06/24 4:41:43, 388.03, 85.63, 2.06, 100.00, 1.59, 1.38, 1.17, 1.0865, 1.509
2025/06/24 4:46:43, 377.92, 85.63, 1.57, 100.00, 1.33, 1.11, 0.95, 1.2642, 1.509
2025/06/24 4:51:43, 390.41, 85.63, 2.14, 100.00, 1.64, 1.33, 1.17, 1.4319, 2.012
2025/06/24 4:56:43, 406.85, 85.63, 2.61, 100.00, 2.19, 1.49, 1.22, 1.4822, 2.012
2025/06/24 5:01:43, 412.56, 85.63, 2.37, 100.00, 1.57, 1.27, 1.14, 1.2005, 1.509
2025/06/24 5:06:43, 406.23, 85.63, 1.93, 100.00, 1.49, 1.27, 1.17, 1.1334, 1.509
2025/06/24 5:11:43, 381.18, 85.63, 1.57, 100.00, 1.03, 0.95, 0.90, 1.3883, 2.012
2025/06/24 5:16:43, 400.43, 85.63, 2.22, 100.00, 2.03, 1.83, 1.51, 0.892, 1.509
2025/06/24 5:21:43, 377.66, 85.60, 2.35, 100.00, 1.77, 1.30, 1.11, 0.9188, 1.509
2025/06/24 5:26:43, 399.37, 85.60, 2.50, 100.00, 2.24, 1.57, 1.27, 1.2508, 1.509
2025/06/24 5:31:43, 386.45, 85.60, 2.40, 100.00, 1.64, 1.35, 1.25, 1.5224, 2.012
2025/06/24 5:36:43, 384.69, 85.57, 3.25, 100.00, 2.63, 1.83, 1.57, 1.6431, 2.012
2025/06/24 5:41:43, 373.62, 85.57, 2.68, 100.00, 1.67, 1.43, 1.35, 1.8175, 2.012
2025/06/24 5:46:43, 372.65, 85.54, 3.30, 100.00, 2.61, 2.06, 1.85, 1.7337, 2.012
2025/06/24 5:51:43, 367.02, 85.57, 3.70, 100.00, 2.24, 1.85, 1.67, 1.4553, 2.012
2025/06/24 5:56:43, 366.76, 85.57, 4.26, 100.00, 3.65, 2.40, 1.98, 1.3447, 2.012
2025/06/24 6:01:43, 372.56, 85.57, 2.53, 100.00, 1.57, 1.46, 1.43, 1.2944, 2.012
2025/06/24 6:06:43, 377.04, 85.54, 2.16, 100.00, 1.80, 1.67, 1.64, 1.7203, 2.012
2025/06/24 6:11:43, 390.67, 85.51, 2.66, 100.00, 2.19, 2.00, 1.95, 1.5459, 2.012
2025/06/24 6:16:43, 409.66, 85.54, 2.56, 100.00, 1.93, 1.75, 1.75, 1.3246, 1.509
2025/06/24 6:21:43, 390.23, 85.54, 2.81, 100.00, 1.70, 1.54, 1.54, 1.5828, 2.012
2025/06/24 6:26:43, 392.69, 85.51, 2.48, 100.00, 1.85, 1.70, 1.67, 1.7471, 2.012
2025/06/24 6:31:43, 405.88, 85.54, 2.81, 100.00, 2.06, 1.77, 1.72, 1.4118, 2.012
2025/06/24 6:36:43, 419.68, 85.54, 3.14, 100.00, 2.63, 2.37, 2.27, 1.1032, 1.509
2025/06/24 6:41:43, 406.49, 85.54, 3.70, 100.00, 3.22, 2.94, 2.73, 0.9658, 1.509
2025/06/24 6:46:43, 380.65, 85.54, 3.37, 100.00, 2.43, 2.35, 2.27, 0.607, 1.006
2025/06/24 6:51:43, 390.23, 85.51, 3.53, 100.00, 2.73, 2.32, 2.08, 0.7746, 1.006
2025/06/24 6:56:43, 407.90, 85.54, 4.64, 100.00, 4.05, 3.60, 3.01, 0.7344, 1.006
2025/06/24 7:01:43, 413.53, 85.48, 4.93, 100.00, 4.00, 3.17, 2.50, 0.7914, 1.509
2025/06/24 7:06:43, 396.91, 85.51, 5.18, 100.00, 3.75, 3.01, 2.78, 1.5492, 2.012
2025/06/24 7:11:43, 376.78, 85.45, 4.36, 100.00, 3.63, 3.19, 2.81, 1.4755, 2.012
2025/06/24 7:16:43, 378.27, 85.51, 3.73, 100.00, 2.71, 2.58, 2.53, 1.4285, 2.012
2025/06/24 7:21:43, 386.45, 85.45, 4.61, 100.00, 3.09, 2.84, 2.84, 1.6633, 2.012
2025/06/24 7:26:43, 396.12, 85.48, 5.36, 100.00, 3.30, 2.81, 2.81, 1.1267, 2.012
2025/06/24 7:31:43, 362.19, 85.38, 3.88, 100.00, 2.91, 2.63, 2.63, 1.5124, 2.012
2025/06/24 7:36:43, 367.55, 85.45, 3.83, 100.00, 2.68, 2.53, 2.50, 1.9818, 2.515
2025/06/24 7:41:43, 364.30, 85.42, 3.75, 100.00, 2.61, 2.53, 2.53, 2.411, 3.018
2025/06/24 7:46:43, 368.78, 85.45, 4.16, 100.00, 2.81, 2.68, 2.66, 2.2065, 2.515
2025/06/24 7:51:43, 369.84, 85.51, 4.03, 98.49, 2.58, 2.50, 2.56, 2.2367, 2.515
2025/06/24 7:56:43, 373.44, 85.48, 4.49, 96.93, 3.19, 3.04, 3.04, 2.2233, 2.515
2025/06/24 8:01:43, 381.18, 85.51, 5.18, 91.36, 3.43, 3.30, 3.40, 1.7102, 2.012
2025/06/24 8:06:43, 397.00, 85.57, 5.75, 85.68, 3.68, 3.45, 3.58, 1.2508, 1.509
2025/06/24 8:11:43, 384.87, 85.51, 5.55, 83.59, 3.19, 3.09, 3.27, 1.7806, 2.515
2025/06/24 8:16:43, 442.63, 85.54, 5.97, 82.59, 3.53, 3.60, 3.80, 1.4922, 2.012
2025/06/24 8:21:43, 385.22, 85.51, 6.26, 82.86, 4.00, 3.83, 4.00, 1.8108, 2.515
2025/06/24 8:26:43, 399.99, 85.51, 6.09, 80.99, 3.85, 3.68, 3.80, 2.0388, 2.515
2025/06/24 8:31:43, 402.10, 85.48, 7.28, 76.83, 4.66, 4.33, 4.54, 1.623, 2.515
2025/06/24 8:36:43, 391.64, 85.48, 7.48, 73.75, 4.41, 4.18, 4.46, 1.6096, 2.515
2025/06/24 8:41:43, 412.74, 85.51, 7.55, 74.95, 4.76, 4.54, 4.81, 1.5761, 2.012
2025/06/24 8:46:43, 397.44, 85.48, 7.93, 73.04, 4.73, 4.41, 4.71, 1.6867, 2.012
2025/06/24 8:51:43, 433.04, 85.51, 7.55, 75.24, 3.93, 3.70, 3.60, 1.405, 2.012
2025/06/24 8:56:43, 428.38, 85.54, 7.86, 77.25, 4.83, 4.81, 4.73, 0.9121, 1.509
2025/06/24 9:01:43, 445.00, 85.57, 7.26, 77.23, 4.03, 4.00, 4.10, 0.0704, 0.503
2025/06/24 9:06:43, 467.15, 85.57, 6.48, 80.54, 3.60, 3.50, 3.45, 0.0, 0.0
2025/06/24 9:11:43, 479.55, 85.54, 6.41, 85.87, 4.31, 3.88, 3.45, 0.2515, 1.006
2025/06/24 9:16:43, 479.46, 85.51, 6.73, 83.72, 3.80, 3.32, 3.32, 0.9054, 1.509
2025/06/24 9:21:43, 479.46, 85.48, 7.79, 77.87, 4.73, 4.49, 4.64, 0.7713, 1.509
2025/06/24 9:26:43, 479.46, 85.51, 10.66, 66.57, 6.82, 7.09, 7.18, 0.0, 0.0
2025/06/24 9:31:43, 408.43, 85.51, 10.22, 65.66, 6.11, 5.53, 5.73, 0.7042, 2.012
2025/06/24 9:36:43, 388.03, 85.54, 9.61, 65.46, 4.86, 4.51, 5.18, 1.3078, 1.509
2025/06/24 9:41:43, 402.98, 85.54, 10.08, 69.95, 6.53, 5.70, 6.14, 1.1368, 1.509
2025/06/24 9:46:43, 427.15, 85.51, 10.68, 63.93, 5.73, 5.63, 6.24, 0.6371, 1.006
2025/06/24 9:51:43, 427.07, 85.54, 10.15, 65.61, 5.63, 5.55, 5.85, 0.6774, 1.006
2025/06/24 9:56:43, 426.45, 85.54, 10.93, 65.01, 6.41, 6.46, 7.14, 0.731, 1.509
2025/06/24 10:01:43, 426.54, 85.57, 10.89, 61.36, 5.77, 6.09, 6.92, 0.7109, 1.509
2025/06/24 10:06:43, 436.56, 85.54, 9.82, 67.83, 5.46, 5.36, 6.53, 0.6774, 1.006
2025/06/24 10:11:43, 416.25, 85.57, 9.73, 65.22, 5.68, 5.23, 5.99, 0.7243, 1.509
2025/06/24 10:16:43, 398.49, 85.51, 8.71, 66.34, 4.91, 4.54, 5.05, 1.7102, 2.515
2025/06/24 10:21:43, 394.89, 85.51, 8.29, 68.21, 4.81, 4.56, 5.13, 1.6565, 2.012
2025/06/24 10:26:43, 373.09, 85.48, 7.26, 73.27, 3.85, 3.73, 4.03, 1.9282, 2.515
2025/06/24 10:31:43, 367.64, 85.45, 7.57, 71.99, 4.51, 4.39, 4.95, 2.1025, 2.515
2025/06/24 10:36:43, 365.97, 85.42, 7.18, 72.97, 4.26, 4.16, 4.73, 2.4748, 3.018
2025/06/24 10:41:43, 372.38, 85.48, 7.55, 70.99, 4.64, 4.64, 5.31, 2.2803, 3.018
2025/06/24 10:46:43, 363.24, 85.48, 7.26, 70.58, 3.80, 3.80, 4.49, 2.1361, 3.018
2025/06/24 10:51:43, 366.58, 85.45, 6.11, 78.78, 3.83, 3.80, 4.28, 3.2058, 4.024
2025/06/24 10:56:43, 374.67, 85.45, 6.80, 74.16, 4.31, 4.28, 4.95, 2.7631, 3.521
2025/06/24 11:01:43, 376.34, 85.48, 7.35, 70.44, 4.64, 4.54, 5.38, 2.411, 3.018
2025/06/24 11:06:43, 374.14, 85.45, 7.16, 72.52, 4.64, 4.46, 5.10, 2.5787, 3.018
2025/06/24 11:11:43, 377.57, 85.45, 7.21, 73.12, 4.81, 4.64, 5.28, 2.5049, 3.018
2025/06/24 11:16:43, 384.34, 85.45, 7.38, 73.22, 5.33, 5.00, 5.70, 2.6491, 3.018
2025/06/24 11:21:43, 371.07, 85.42, 7.57, 71.36, 5.10, 4.83, 5.51, 2.8872, 3.521
2025/06/24 11:26:43, 377.48, 85.45, 7.64, 70.82, 5.51, 5.10, 5.80, 2.7631, 3.521
2025/06/24 11:31:43, 381.97, 85.42, 8.04, 67.40, 5.85, 5.43, 6.19, 2.5485, 3.521
2025/06/24 11:36:43, 375.73, 85.51, 8.38, 65.89, 5.92, 5.53, 6.29, 2.3339, 3.018
2025/06/24 11:41:43, 372.30, 85.42, 8.21, 65.79, 5.65, 5.41, 5.92, 2.3138, 3.018
2025/06/24 11:46:43, 374.23, 85.45, 9.11, 62.20, 6.44, 6.41, 6.92, 1.7672, 2.515
2025/06/24 11:51:43, 374.23, 85.42, 9.49, 60.10, 6.58, 6.46, 6.87, 1.6364, 2.515
2025/06/24 11:56:43, 371.15, 85.45, 9.02, 62.45, 6.39, 6.16, 6.48, 2.1763, 2.515
2025/06/24 12:01:43, 378.80, 85.38, 9.33, 60.49, 6.96, 6.75, 7.31, 2.0657, 3.018
2025/06/24 12:06:43, 338.45, 85.32, 8.60, 65.55, 5.85, 5.55, 5.73, 2.1092, 3.018
2025/06/24 12:11:43, 354.10, 85.29, 8.88, 63.58, 6.09, 5.87, 6.19, 2.4412, 3.018
2025/06/24 12:16:43, 362.01, 85.04, 8.95, 62.85, 6.41, 6.14, 6.39, 2.4848, 3.018
2025/06/24 12:21:43, 366.85, 84.88, 9.68, 60.20, 6.75, 6.56, 6.80, 2.4312, 3.018
2025/06/24 12:26:43, 362.27, 85.01, 9.40, 62.46, 6.58, 6.29, 6.44, 2.4647, 3.018
2025/06/24 12:31:43, 364.12, 84.88, 10.00, 59.57, 6.92, 6.70, 6.94, 2.2434, 3.018
2025/06/24 12:36:43, 367.11, 84.88, 10.41, 57.09, 6.99, 7.01, 7.28, 1.9181, 2.515
2025/06/24 12:41:43, 375.11, 84.73, 11.14, 54.01, 7.97, 8.09, 8.60, 1.5861, 2.012
2025/06/24 12:46:43, 413.09, 84.95, 11.22, 53.50, 9.06, 8.83, 9.23, 1.8812, 2.515
2025/06/24 12:51:43, 398.93, 85.07, 11.86, 50.73, 9.06, 8.24, 8.31, 2.1025, 3.018
2025/06/24 12:56:43, 404.21, 84.60, 11.86, 50.99, 9.71, 8.74, 8.83, 2.0589, 2.515
2025/06/24 13:01:43, 420.56, 85.13, 14.03, 45.45, 10.66, 10.24, 10.48, 1.2609, 2.012
2025/06/24 13:06:43, 406.93, 85.07, 13.07, 46.90, 9.80, 8.69, 8.76, 1.908, 3.018
2025/06/24 13:11:43, 406.32, 85.13, 12.14, 49.57, 9.42, 8.57, 8.48, 2.5418, 3.018
2025/06/24 13:16:43, 402.63, 85.17, 12.49, 48.97, 10.05, 9.16, 9.16, 2.3037, 3.018
2025/06/24 13:21:43, 396.47, 85.26, 12.39, 49.59, 9.64, 8.90, 8.85, 2.2568, 3.018
2025/06/24 13:26:43, 393.92, 85.32, 11.54, 52.12, 8.67, 8.31, 8.43, 2.3306, 3.018
2025/06/24 13:31:43, 391.99, 85.29, 11.26, 53.32, 8.67, 8.24, 8.38, 2.4345, 3.018
2025/06/24 13:36:43, 382.58, 85.32, 10.75, 53.33, 7.76, 7.62, 7.86, 2.3742, 3.018
2025/06/24 13:41:43, 386.54, 85.32, 11.38, 54.04, 8.88, 8.41, 8.55, 2.126, 3.018
2025/06/24 13:46:43, 392.69, 85.42, 13.44, 47.19, 9.73, 9.06, 9.33, 1.5258, 2.012
2025/06/24 13:51:43, 393.66, 85.38, 12.74, 46.00, 9.06, 8.90, 9.54, 1.6197, 2.012
2025/06/24 13:56:43, 407.02, 85.35, 15.37, 40.39, 11.95, 10.59, 10.78, 1.2743, 1.509
2025/06/24 14:01:43, 398.67, 85.38, 13.56, 44.58, 10.29, 9.73, 10.00, 1.4688, 2.012
2025/06/24 14:06:43, 406.14, 85.38, 14.53, 42.84, 10.57, 9.59, 9.68, 1.6465, 2.012
2025/06/24 14:11:43, 396.82, 85.42, 15.03, 40.37, 11.43, 10.41, 10.84, 1.3749, 2.012
2025/06/24 14:16:43, 406.76, 85.45, 13.42, 44.27, 10.48, 9.98, 10.55, 1.3816, 2.012
2025/06/24 14:21:43, 391.55, 85.38, 11.91, 48.20, 8.00, 7.62, 7.83, 1.9282, 2.515
2025/06/24 14:26:43, 401.04, 85.35, 11.86, 49.39, 9.28, 8.50, 8.57, 2.069, 2.515
2025/06/24 14:31:43, 390.14, 85.32, 11.59, 49.81, 8.60, 8.45, 8.78, 1.8074, 2.012
2025/06/24 14:36:43, 386.80, 85.29, 10.50, 52.71, 7.35, 7.26, 7.55, 1.9852, 2.515
2025/06/24 14:41:43, 370.89, 85.32, 8.92, 58.80, 5.92, 5.87, 5.99, 2.4915, 3.018
2025/06/24 14:46:43, 369.75, 85.38, 9.73, 57.94, 6.85, 6.68, 6.82, 2.3507, 2.515
2025/06/24 14:51:43, 373.00, 85.26, 9.02, 61.23, 6.56, 6.46, 6.65, 2.2467, 3.018
2025/06/24 14:56:43, 383.11, 85.48, 9.64, 57.78, 7.38, 7.28, 7.52, 2.1629, 2.515
2025/06/24 15:01:43, 385.13, 85.57, 11.12, 52.07, 8.45, 8.38, 8.69, 2.2635, 3.018
2025/06/24 15:06:43, 377.40, 85.42, 9.96, 55.36, 7.06, 7.09, 7.26, 2.4546, 3.018
2025/06/24 15:11:43, 381.97, 85.38, 10.64, 54.25, 8.45, 8.45, 8.74, 2.24, 2.515
2025/06/24 15:16:43, 383.55, 85.35, 9.11, 58.12, 6.44, 6.36, 6.58, 2.3507, 2.515
2025/06/24 15:21:43, 373.44, 85.32, 8.02, 62.73, 5.85, 5.85, 5.89, 2.6827, 3.018
2025/06/24 15:26:43, 380.30, 85.35, 8.21, 62.05, 6.06, 5.99, 6.16, 2.6156, 3.018
2025/06/24 15:31:43, 381.09, 85.32, 8.00, 63.36, 5.89, 5.75, 5.97, 2.3943, 3.018
2025/06/24 15:36:43, 377.57, 85.35, 8.00, 64.28, 6.01, 5.94, 5.92, 2.3708, 3.018
2025/06/24 15:41:43, 376.08, 85.38, 8.36, 62.70, 6.21, 6.14, 6.19, 2.3708, 3.018
2025/06/24 15:46:43, 379.24, 85.45, 9.26, 59.92, 6.99, 6.89, 7.09, 2.0824, 2.515
2025/06/24 15:51:43, 390.41, 85.45, 10.36, 56.15, 8.09, 7.81, 7.95, 1.6733, 2.515
2025/06/24 15:56:43, 397.09, 85.48, 12.92, 49.46, 11.07, 10.38, 10.45, 0.835, 2.012
2025/06/24 16:01:43, 396.74, 85.51, 14.83, 44.33, 12.76, 11.29, 10.75, 0.9423, 1.509
2025/06/24 16:06:43, 418.98, 85.51, 15.14, 42.14, 9.52, 8.97, 8.78, 0.8551, 1.006
2025/06/24 16:11:43, 400.78, 85.60, 14.71, 42.48, 9.94, 8.69, 8.78, 0.9892, 2.012
2025/06/24 16:16:43, 392.78, 85.51, 14.83, 43.58, 9.77, 9.33, 8.97, 0.9423, 1.509
2025/06/24 16:21:43, 369.40, 85.60, 13.05, 49.55, 8.36, 7.83, 7.93, 0.8115, 1.509
2025/06/24 16:26:43, 368.87, 85.70, 15.07, 46.72, 11.61, 11.17, 10.80, 0.3823, 1.006
2025/06/24 16:31:43, 372.65, 85.63, 16.90, 40.83, 11.75, 10.93, 10.66, 0.4795, 1.509
2025/06/24 16:36:43, 413.62, 85.42, 17.48, 35.55, 11.75, 11.17, 11.12, 0.949, 2.012
2025/06/24 16:41:43, 408.78, 85.45, 13.94, 43.16, 9.54, 9.26, 9.57, 1.6733, 2.012
2025/06/24 16:46:43, 387.24, 85.48, 13.78, 44.68, 8.81, 8.36, 8.76, 1.3849, 2.012
2025/06/24 16:51:43, 433.40, 85.51, 15.86, 43.11, 11.19, 10.82, 9.82, 1.3782, 2.012
2025/06/24 16:56:43, 423.64, 85.54, 16.96, 39.40, 11.86, 11.17, 11.07, 1.2541, 1.509
2025/06/24 17:01:43, 410.80, 85.42, 15.57, 40.94, 10.84, 10.00, 10.05, 1.3715, 2.012
2025/06/24 17:06:43, 434.54, 85.45, 14.44, 46.73, 9.64, 9.35, 9.28, 1.4922, 2.012
2025/06/24 17:11:43, 450.71, 85.48, 15.86, 42.81, 10.17, 10.31, 10.57, 1.1267, 2.012
2025/06/24 17:16:43, 450.63, 85.45, 15.68, 44.30, 9.96, 9.87, 9.80, 0.4929, 1.006
2025/06/24 17:21:43, 450.80, 85.45, 14.35, 47.92, 8.60, 8.62, 8.21, 0.5365, 1.006
2025/06/24 17:26:43, 450.80, 85.54, 16.92, 42.71, 11.77, 12.35, 12.60, 0.2247, 1.006
2025/06/24 17:31:43, 450.80, 85.60, 16.85, 42.37, 10.41, 10.80, 11.88, 0.0, 0.0
2025/06/24 17:36:43, 450.80, 85.60, 16.02, 45.16, 10.66, 11.75, 13.69, 0.0, 0.0
2025/06/24 17:41:43, 450.80, 85.63, 17.57, 40.43, 12.58, 13.53, 12.35, 0.0, 0.0
2025/06/24 17:46:43, 479.73, 85.60, 12.76, 51.50, 6.44, 6.39, 6.44, 0.389, 1.006
2025/06/24 17:51:43, 520.08, 85.57, 9.75, 63.81, 5.97, 5.75, 5.70, 0.3957, 1.006
2025/06/24 17:56:43, 520.16, 85.54, 9.11, 66.58, 6.21, 6.11, 6.09, 0.1408, 0.503
2025/06/24 18:01:43, 520.08, 85.51, 10.29, 62.95, 6.73, 6.68, 6.65, 0.0, 0.0
2025/06/24 18:06:43, 415.90, 85.48, 9.40, 60.87, 6.04, 5.94, 6.04, 0.0402, 1.006
2025/06/24 18:11:43, 421.79, 85.45, 9.87, 63.71, 7.62, 7.21, 6.77, 0.7042, 1.006
2025/06/24 18:16:43, 412.03, 85.48, 10.34, 63.44, 7.67, 6.73, 6.04, 0.5902, 1.006
2025/06/24 18:21:43, 412.65, 85.48, 9.91, 65.73, 7.16, 6.80, 5.51, 0.7545, 1.006
2025/06/24 18:26:43, 414.32, 85.45, 9.26, 68.46, 5.94, 5.51, 4.51, 0.7511, 1.006
2025/06/24 18:31:43, 427.07, 85.48, 8.34, 73.85, 5.80, 5.70, 5.43, 0.4125, 1.006
2025/06/24 18:36:43, 427.15, 85.48, 9.19, 72.01, 6.92, 6.89, 6.61, 0.0838, 0.503
2025/06/24 18:41:43, 427.15, 85.48, 9.23, 70.12, 6.14, 6.04, 5.51, 0.0, 0.0
2025/06/24 18:46:43, 427.15, 85.45, 8.24, 70.02, 5.00, 4.71, 4.73, 0.4393, 1.006
2025/06/24 18:51:43, 459.24, 85.45, 6.41, 80.93, 3.70, 3.30, 3.14, 1.1401, 1.509
2025/06/24 18:56:43, 459.68, 85.48, 6.09, 84.45, 4.44, 3.85, 3.06, 1.1971, 1.509
2025/06/24 19:01:43, 474.63, 85.48, 5.28, 84.20, 3.50, 3.35, 3.04, 0.8115, 1.509
2025/06/24 19:06:43, 499.15, 85.48, 5.26, 89.50, 4.28, 4.03, 3.48, 0.3454, 1.006
2025/06/24 19:11:43, 499.15, 85.48, 5.26, 88.98, 4.05, 3.83, 3.25, 0.0369, 0.503
2025/06/24 19:16:43, 491.51, 85.48, 5.41, 88.16, 4.10, 3.63, 3.09, 0.218, 1.006
2025/06/24 19:21:43, 480.25, 85.45, 5.31, 85.64, 3.65, 3.19, 2.91, 0.788, 1.006
2025/06/24 19:26:43, 339.42, 85.51, 5.21, 85.18, 4.33, 4.21, 4.03, 0.275, 1.006
2025/06/24 19:31:43, 396.12, 85.48, 5.03, 84.64, 3.93, 3.45, 3.17, 0.9155, 1.509
2025/06/24 19:36:43, 368.25, 85.48, 4.08, 88.91, 2.56, 2.27, 2.22, 1.3078, 2.012
2025/06/24 19:41:43, 382.76, 85.48, 3.98, 86.66, 2.48, 2.27, 2.27, 1.5828, 2.012
2025/06/24 19:46:43, 381.26, 85.48, 2.91, 90.71, 1.90, 1.75, 1.72, 1.8376, 2.515
2025/06/24 19:51:43, 379.95, 85.48, 2.86, 95.28, 2.40, 2.24, 2.11, 2.2702, 2.515
2025/06/24 19:56:43, 385.57, 85.51, 3.14, 93.51, 2.53, 2.32, 2.22, 1.7907, 2.515
2025/06/24 20:01:43, 375.99, 85.51, 2.86, 93.19, 2.11, 1.95, 1.90, 1.6431, 2.012
2025/06/24 20:06:43, 379.42, 85.51, 3.19, 95.27, 2.16, 1.95, 1.85, 1.8678, 2.515
2025/06/24 20:11:43, 383.11, 85.51, 2.58, 93.36, 1.88, 1.77, 1.75, 1.4755, 2.012
2025/06/24 20:16:43, 378.45, 85.51, 2.58, 98.05, 2.06, 1.77, 1.67, 1.8611, 2.515
2025/06/24 20:21:43, 379.42, 85.51, 2.45, 97.25, 1.83, 1.67, 1.57, 2.2166, 2.515
2025/06/24 20:26:43, 378.63, 85.51, 2.14, 98.58, 1.75, 1.64, 1.54, 2.3708, 3.018
2025/06/24 20:31:43, 389.62, 85.51, 1.95, 98.36, 1.54, 1.43, 1.38, 2.4312, 3.521
2025/06/24 20:36:43, 391.02, 85.51, 2.00, 98.55, 1.62, 1.51, 1.43, 1.9818, 2.515
2025/06/24 20:41:43, 384.87, 85.51, 1.95, 98.61, 1.54, 1.43, 1.38, 1.5694, 2.012
2025/06/24 20:46:43, 383.73, 85.51, 1.64, 98.92, 1.27, 1.19, 1.14, 1.8376, 2.515
2025/06/24 20:51:43, 373.88, 85.51, 1.72, 100.00, 1.33, 1.14, 1.03, 2.2937, 3.018
2025/06/24 20:56:43, 378.63, 85.51, 1.70, 100.00, 1.54, 1.35, 1.22, 1.8175, 2.515
2025/06/24 21:01:43, 384.52, 85.51, 2.48, 100.00, 2.32, 2.06, 1.77, 1.6431, 2.515
2025/06/24 21:06:43, 366.58, 85.51, 2.71, 100.00, 2.48, 2.32, 2.14, 1.0194, 1.509
2025/06/24 21:11:43, 368.43, 85.51, 2.40, 100.00, 1.93, 1.64, 1.43, 1.7571, 2.515
2025/06/24 21:16:43, 372.21, 85.51, 2.45, 100.00, 2.30, 1.80, 1.49, 1.8812, 2.515
2025/06/24 21:21:43, 391.55, 85.51, 1.67, 100.00, 1.27, 1.14, 1.06, 1.6934, 2.515
2025/06/24 21:26:43, 373.97, 85.51, 1.54, 100.00, 1.33, 1.22, 1.11, 1.9181, 2.515
2025/06/24 21:31:43, 372.56, 85.51, 1.51, 100.00, 1.35, 1.25, 1.17, 2.2568, 2.515
2025/06/24 21:36:43, 374.14, 85.51, 1.46, 100.00, 1.38, 1.27, 1.17, 2.3473, 2.515
2025/06/24 21:41:43, 381.35, 85.54, 1.54, 100.00, 1.35, 1.22, 1.14, 2.2266, 2.515
2025/06/24 21:46:43, 376.25, 85.51, 1.64, 100.00, 1.46, 1.33, 1.19, 2.1059, 2.515
2025/06/24 21:51:43, 379.42, 85.51, 1.70, 100.00, 1.49, 1.30, 1.11, 1.9181, 2.515
2025/06/24 21:56:43, 379.24, 85.51, 1.64, 100.00, 1.41, 1.25, 1.08, 1.9248, 2.515
2025/06/24 22:01:43, 375.20, 85.51, 1.54, 100.00, 1.38, 1.27, 1.14, 1.9651, 2.515
2025/06/24 22:06:43, 371.86, 85.51, 1.57, 100.00, 1.38, 1.27, 1.14, 1.9684, 2.515
2025/06/24 22:11:43, 384.52, 85.51, 1.59, 100.00, 1.41, 1.27, 1.11, 2.183, 2.515
2025/06/24 22:16:43, 401.40, 85.51, 1.43, 100.00, 1.14, 1.03, 0.95, 2.2501, 2.515
2025/06/24 22:21:43, 387.68, 85.51, 1.35, 100.00, 1.30, 1.22, 1.08, 2.1931, 3.018
2025/06/24 22:26:43, 393.04, 85.48, 1.22, 100.00, 1.19, 1.11, 1.00, 2.0556, 2.515
2025/06/24 22:31:43, 381.97, 85.51, 1.62, 100.00, 1.38, 1.27, 1.14, 1.9885, 2.515
2025/06/24 22:36:43, 386.19, 85.51, 1.62, 100.00, 1.49, 1.35, 1.22, 1.7907, 2.012
2025/06/24 22:41:43, 383.99, 85.51, 1.75, 100.00, 1.59, 1.33, 1.08, 1.8913, 2.515
2025/06/24 22:46:43, 392.52, 85.51, 1.95, 100.00, 1.64, 1.43, 1.27, 1.5593, 2.012
2025/06/24 22:51:43, 390.76, 85.51, 1.54, 100.00, 1.49, 1.33, 1.11, 1.5761, 2.012
2025/06/24 22:56:43, 388.21, 85.51, 1.46, 100.00, 1.17, 1.03, 0.93, 1.7337, 2.012
2025/06/24 23:01:43, 400.69, 85.51, 1.95, 100.00, 1.64, 1.41, 1.17, 1.8309, 2.515
2025/06/24 23:06:43, 408.87, 85.51, 1.93, 100.00, 1.75, 1.54, 1.33, 1.5861, 2.012
2025/06/24 23:11:43, 418.80, 85.51, 2.24, 100.00, 2.08, 1.85, 1.54, 0.9825, 1.509
2025/06/24 23:16:43, 467.59, 85.51, 2.45, 100.00, 2.43, 1.95, 1.64, 1.1468, 2.012
2025/06/24 23:21:43, 467.59, 85.51, 2.53, 100.00, 2.53, 1.98, 1.57, 1.5224, 2.012
2025/06/24 23:26:43, 464.96, 85.51, 2.61, 100.00, 2.27, 1.98, 1.64, 1.3883, 1.509
2025/06/24 23:31:43, 465.04, 85.51, 3.14, 100.00, 3.25, 2.68, 1.90, 1.2642, 1.509
2025/06/24 23:36:43, 473.66, 85.51, 3.22, 100.00, 2.91, 2.58, 2.16, 1.0529, 1.509
2025/06/24 23:41:43, 468.12, 85.51, 3.22, 100.00, 2.68, 2.27, 1.85, 0.6338, 1.006
2025/06/24 23:46:43, 457.40, 85.51, 2.58, 100.00, 2.16, 1.80, 1.54, 0.9658, 1.509
2025/06/24 23:51:43, 459.15, 85.51, 2.89, 100.00, 2.48, 1.93, 1.57, 1.1368, 1.509
2025/06/24 23:56:43, 458.19, 85.51, 2.71, 100.00, 2.37, 2.16, 1.85, 1.1636, 1.509
2025/06/25 0:01:43, 462.58, 85.51, 2.61, 100.00, 2.24, 1.85, 1.59, 1.2139, 1.509
2025/06/25 0:06:43, 353.04, 85.51, 1.72, 100.00, 1.43, 1.41, 1.30, 0.7411, 1.509
2025/06/25 0:11:43, 350.14, 85.51, 1.95, 100.00, 2.22, 2.16, 2.06, 0.9222, 1.509
2025/06/25 0:16:43, 372.91, 85.51, 1.80, 100.00, 1.85, 1.80, 1.70, 0.4695, 1.006
2025/06/25 0:21:43, 380.21, 85.51, 1.75, 100.00, 1.85, 1.80, 1.70, 0.6908, 1.006
2025/06/25 0:26:43, 388.65, 85.51, 1.64, 100.00, 1.67, 1.64, 1.54, 0.9557, 1.509
2025/06/25 0:31:43, 408.69, 85.51, 1.85, 100.00, 1.46, 1.30, 1.19, 1.2307, 2.012
2025/06/25 0:36:43, 401.04, 85.51, 2.27, 100.00, 2.27, 2.06, 1.80, 1.3816, 2.012
2025/06/25 0:41:43, 399.46, 85.51, 2.27, 100.00, 2.08, 1.90, 1.64, 1.3044, 2.012
2025/06/25 0:46:43, 425.57, 85.51, 2.11, 100.00, 1.80, 1.75, 1.64, 0.7713, 1.509
2025/06/25 0:51:43, 478.58, 85.51, 2.48, 100.00, 2.61, 2.35, 2.06, 1.2139, 2.012
2025/06/25 0:56:43, 468.30, 85.57, 2.61, 100.00, 2.63, 2.30, 1.98, 1.4453, 2.012
2025/06/25 1:01:43, 473.66, 85.60, 3.04, 100.00, 3.01, 2.53, 2.08, 1.5392, 2.012
2025/06/25 1:06:43, 492.12, 85.60, 3.35, 100.00, 3.37, 2.89, 2.40, 1.1401, 1.509
2025/06/25 1:11:43, 475.95, 85.63, 3.19, 100.00, 3.04, 2.84, 2.56, 0.9658, 2.012
2025/06/25 1:16:43, 488.08, 85.60, 2.89, 100.00, 2.81, 2.58, 2.27, 1.3715, 2.012
2025/06/25 1:21:43, 484.65, 85.60, 3.17, 100.00, 2.53, 2.32, 2.11, 1.0496, 1.509
2025/06/25 1:26:43, 489.31, 85.63, 3.55, 100.00, 3.40, 3.01, 2.63, 0.8249, 2.012
2025/06/25 1:31:43, 478.93, 85.63, 3.19, 100.00, 2.84, 2.56, 2.27, 1.405, 2.012
2025/06/25 1:36:43, 486.32, 85.63, 3.12, 100.00, 2.71, 2.30, 1.95, 1.3547, 2.515
2025/06/25 1:41:43, 469.97, 85.60, 2.89, 100.00, 2.66, 2.40, 2.11, 1.4587, 2.012
2025/06/25 1:46:43, 477.26, 85.57, 2.89, 100.00, 2.58, 2.43, 2.19, 1.623, 2.012
2025/06/25 1:51:43, 520.60, 85.63, 3.70, 100.00, 4.31, 4.21, 3.85, 1.5056, 2.515
2025/06/25 1:56:43, 507.15, 85.66, 3.06, 100.00, 2.76, 2.61, 2.40, 0.9456, 2.515
2025/06/25 2:01:43, 490.98, 85.63, 3.40, 100.00, 3.09, 2.84, 2.53, 1.1401, 2.515
2025/06/25 2:06:43, 491.68, 85.63, 3.35, 100.00, 3.25, 2.81, 2.40, 1.224, 2.012
2025/06/25 2:11:43, 492.30, 85.63, 3.30, 100.00, 3.01, 2.73, 2.37, 0.8249, 1.509
2025/06/25 2:16:43, 496.43, 85.63, 3.53, 100.00, 3.19, 2.84, 2.37, 0.9322, 1.509
2025/06/25 2:21:43, 510.23, 85.63, 3.75, 100.00, 3.65, 3.32, 2.89, 0.3119, 1.006
2025/06/25 2:26:43, 488.78, 85.66, 3.53, 100.00, 3.12, 2.81, 2.48, 0.5734, 1.006
2025/06/25 2:31:43, 358.32, 85.63, 2.63, 100.00, 2.37, 2.32, 2.06, 0.0067, 0.503
2025/06/25 2:36:43, 326.85, 85.63, 2.84, 100.00, 3.14, 3.17, 3.01, 0.0268, 0.503
2025/06/25 2:41:43, 325.18, 85.63, 3.09, 100.00, 3.04, 2.89, 2.53, 0.2381, 1.006
2025/06/25 2:46:43, 357.62, 85.60, 3.30, 100.00, 2.71, 2.27, 2.00, 0.5667, 1.509
2025/06/25 2:51:43, 379.15, 85.54, 2.30, 100.00, 1.77, 1.49, 1.22, 1.2944, 1.509
2025/06/25 2:56:43, 372.74, 85.54, 3.17, 100.00, 3.19, 1.88, 1.30, 1.4788, 2.012
2025/06/25 3:01:43, 385.57, 85.54, 2.89, 100.00, 2.27, 1.80, 1.46, 1.1703, 2.012
2025/06/25 3:06:43, 386.89, 85.57, 2.63, 100.00, 2.91, 2.63, 2.16, 0.4996, 1.509
2025/06/25 3:11:43, 417.84, 85.63, 2.86, 100.00, 2.78, 2.61, 2.08, 0.7243, 1.509
2025/06/25 3:16:43, 416.43, 85.60, 2.58, 100.00, 1.95, 1.77, 1.64, 0.9624, 1.509
2025/06/25 3:21:43, 432.69, 85.66, 3.14, 100.00, 3.22, 3.14, 2.58, 0.5164, 1.006
2025/06/25 3:26:43, 483.68, 85.63, 2.76, 100.00, 2.86, 2.53, 2.19, 1.4889, 2.515
2025/06/25 3:31:43, 489.66, 85.63, 3.50, 100.00, 3.43, 3.04, 2.56, 1.9215, 3.018
2025/06/25 3:36:43, 508.30, 85.73, 3.32, 100.00, 3.12, 2.89, 2.53, 0.8249, 2.012
2025/06/25 3:41:43, 508.21, 85.48, 3.35, 100.00, 3.90, 3.75, 3.40, 1.4621, 3.018
2025/06/25 3:46:43, 522.98, 85.35, 3.55, 100.00, 3.25, 3.14, 2.89, 1.1066, 2.515
2025/06/25 3:51:43, 489.48, 85.32, 3.04, 100.00, 3.19, 2.81, 2.24, 0.2046, 1.006
2025/06/25 3:56:43, 510.41, 85.32, 2.86, 100.00, 2.63, 2.40, 2.22, 0.2448, 1.509
2025/06/25 4:01:43, 466.63, 85.35, 2.40, 100.00, 2.08, 1.98, 1.88, 0.0838, 0.503
2025/06/25 4:06:43, 486.14, 85.32, 2.78, 100.00, 2.58, 2.53, 2.40, 1.006, 1.509
2025/06/25 4:11:43, 471.37, 85.32, 2.66, 100.00, 2.30, 2.08, 1.88, 1.7605, 3.018
2025/06/25 4:16:43, 485.26, 85.32, 2.37, 100.00, 2.27, 2.16, 2.00, 1.3044, 2.012
2025/06/25 4:21:43, 496.43, 85.35, 3.55, 100.00, 3.50, 3.22, 2.78, 0.8082, 1.509
2025/06/25 4:26:43, 479.29, 85.38, 3.12, 100.00, 2.99, 2.73, 2.40, 1.0965, 2.012
2025/06/25 4:31:43, 500.91, 85.38, 2.91, 100.00, 2.86, 2.68, 2.48, 0.6941, 1.509
2025/06/25 4:36:43, 512.34, 85.42, 3.55, 100.00, 3.22, 3.04, 2.76, 0.9222, 1.509
2025/06/25 4:41:43, 543.20, 85.42, 3.50, 100.00, 3.53, 3.35, 3.01, 1.0328, 2.012
2025/06/25 4:46:43, 535.55, 85.45, 3.19, 100.00, 2.94, 2.86, 2.78, 0.8752, 1.509
2025/06/25 4:51:43, 536.34, 85.45, 2.99, 100.00, 2.66, 2.58, 2.50, 0.171, 1.006
2025/06/25 4:56:43, 521.92, 85.45, 3.43, 100.00, 3.58, 3.30, 2.78, 0.1308, 1.006
2025/06/25 5:01:43, 491.86, 85.51, 3.35, 100.00, 2.89, 2.86, 2.81, 0.2515, 1.006
2025/06/25 5:06:43, 471.20, 85.45, 2.99, 100.00, 2.68, 2.45, 2.22, 0.6304, 2.012
2025/06/25 5:11:43, 480.87, 85.42, 3.37, 100.00, 3.19, 2.89, 2.50, 1.509, 2.012
2025/06/25 5:16:43, 473.57, 85.42, 3.30, 100.00, 2.89, 2.53, 2.22, 1.2944, 2.012
2025/06/25 5:21:43, 463.46, 85.45, 3.04, 100.00, 2.48, 2.27, 2.08, 1.2743, 1.509
2025/06/25 5:26:43, 463.02, 85.38, 2.99, 100.00, 2.30, 2.11, 1.93, 1.3346, 2.012
2025/06/25 5:31:43, 458.54, 85.45, 3.14, 100.00, 2.63, 2.45, 2.27, 1.1703, 1.509
2025/06/25 5:36:43, 465.31, 85.45, 3.30, 100.00, 2.84, 2.61, 2.37, 1.3112, 2.012
2025/06/25 5:41:43, 472.87, 85.48, 3.14, 100.00, 2.61, 2.37, 2.16, 1.4889, 2.012
2025/06/25 5:46:43, 469.00, 85.48, 3.55, 100.00, 3.09, 2.78, 2.48, 1.4889, 2.012
2025/06/25 5:51:43, 462.41, 85.48, 3.35, 100.00, 2.61, 2.43, 2.30, 1.3514, 2.012
2025/06/25 5:56:43, 466.80, 85.51, 3.32, 100.00, 2.56, 2.32, 2.16, 1.4084, 2.012
2025/06/25 6:01:43, 482.71, 85.48, 3.25, 100.00, 2.81, 2.61, 2.40, 1.3447, 1.509
2025/06/25 6:06:43, 507.42, 85.54, 3.35, 100.00, 2.86, 2.84, 2.76, 0.1677, 1.006
2025/06/25 6:11:43, 468.12, 85.54, 3.14, 100.00, 2.43, 2.32, 2.11, 1.0362, 2.012
2025/06/25 6:16:43, 474.54, 85.51, 3.04, 100.00, 2.73, 2.53, 2.32, 1.4755, 2.515
2025/06/25 6:21:43, 472.25, 85.51, 3.09, 100.00, 2.63, 2.45, 2.27, 1.9516, 2.515
2025/06/25 6:26:43, 483.68, 85.51, 3.68, 100.00, 3.04, 2.71, 2.35, 1.6197, 2.515
2025/06/25 6:31:43, 495.11, 85.54, 3.98, 100.00, 3.40, 3.19, 2.94, 0.8383, 1.509
2025/06/25 6:36:43, 502.23, 85.51, 3.60, 100.00, 3.50, 3.22, 2.86, 1.3648, 2.012
2025/06/25 6:41:43, 504.25, 85.54, 3.75, 100.00, 3.30, 3.12, 2.91, 1.0328, 2.012
2025/06/25 6:46:43, 496.43, 85.60, 4.16, 100.00, 3.58, 3.32, 3.09, 1.4688, 3.521
2025/06/25 6:51:43, 503.99, 85.63, 3.80, 100.00, 3.09, 2.91, 2.71, 1.0965, 2.012
2025/06/25 6:56:43, 531.86, 85.66, 4.71, 100.00, 4.46, 4.41, 4.18, 1.348, 3.521
2025/06/25 7:01:43, 498.80, 85.70, 4.56, 100.00, 3.50, 3.30, 3.06, 1.4721, 3.018
2025/06/25 7:06:43, 517.35, 85.70, 4.73, 100.00, 3.65, 3.48, 3.32, 1.0462, 1.509
2025/06/25 7:11:43, 495.11, 85.66, 4.49, 100.00, 3.65, 3.43, 3.22, 1.5023, 2.012
2025/06/25 7:16:43, 497.22, 85.70, 4.23, 100.00, 3.70, 3.50, 3.30, 1.0764, 2.012
2025/06/25 7:21:43, 500.30, 85.70, 4.54, 100.00, 3.83, 3.65, 3.43, 1.5023, 2.515
2025/06/25 7:26:43, 498.01, 85.70, 4.39, 100.00, 3.50, 3.27, 3.09, 1.4252, 2.515
2025/06/25 7:31:43, 499.07, 85.70, 4.49, 100.00, 3.40, 3.22, 3.04, 1.2038, 2.012
2025/06/25 7:36:43, 500.82, 85.70, 4.78, 100.00, 3.75, 3.55, 3.32, 0.9926, 1.509
2025/06/25 7:41:43, 504.52, 85.66, 4.78, 100.00, 3.63, 3.40, 3.22, 1.2106, 2.515
2025/06/25 7:46:43, 507.24, 85.70, 5.00, 100.00, 3.83, 3.50, 3.25, 0.9389, 1.509
2025/06/25 7:51:43, 501.79, 85.66, 4.98, 100.00, 3.88, 3.80, 3.45, 0.8517, 1.509
2025/06/25 7:56:43, 507.59, 85.63, 4.71, 100.00, 3.63, 3.53, 3.25, 1.0932, 2.012
2025/06/25 8:01:43, 500.03, 85.66, 4.64, 100.00, 3.60, 3.37, 3.12, 1.5157, 2.515
2025/06/25 8:06:43, 498.71, 85.66, 4.73, 100.00, 3.75, 3.53, 3.25, 1.281, 2.012
2025/06/25 8:11:43, 492.82, 85.63, 4.95, 100.00, 3.90, 3.80, 3.70, 1.2977, 2.012
2025/06/25 8:16:43, 501.79, 85.57, 4.71, 100.00, 3.48, 3.32, 3.09, 1.3212, 2.515
2025/06/25 8:21:43, 497.22, 85.57, 4.83, 100.00, 3.73, 3.50, 3.30, 1.224, 2.012
2025/06/25 8:26:43, 517.26, 85.60, 5.26, 100.00, 4.46, 4.23, 4.05, 1.2642, 2.515
2025/06/25 8:31:43, 509.79, 85.66, 6.21, 100.00, 4.44, 4.23, 4.08, 1.0865, 3.018
2025/06/25 8:36:43, 496.16, 85.73, 5.73, 100.00, 4.10, 3.88, 3.78, 1.281, 2.515
2025/06/25 8:41:43, 516.74, 85.73, 5.18, 100.00, 3.70, 3.53, 3.40, 1.5056, 3.521
2025/06/25 8:46:43, 530.36, 85.73, 5.21, 100.00, 4.31, 4.16, 3.90, 1.6465, 3.018
2025/06/25 8:51:43, 494.93, 85.73, 5.38, 100.00, 4.10, 3.80, 3.63, 1.5023, 2.515
2025/06/25 8:56:43, 499.95, 85.70, 5.41, 100.00, 3.95, 3.80, 3.70, 1.0496, 2.012
2025/06/25 9:01:43, 492.74, 85.70, 5.43, 100.00, 4.00, 3.78, 3.63, 1.9282, 3.018
2025/06/25 9:06:43, 490.01, 85.66, 5.41, 100.00, 3.93, 3.65, 3.53, 1.6934, 2.515
2025/06/25 9:11:43, 489.31, 85.63, 5.60, 100.00, 4.31, 3.95, 3.78, 1.3279, 2.012
2025/06/25 9:16:43, 484.56, 85.63, 5.94, 100.00, 4.46, 4.10, 3.93, 1.8946, 2.515
2025/06/25 9:21:43, 491.77, 85.63, 5.85, 100.00, 4.46, 4.21, 3.95, 1.613, 2.012
2025/06/25 9:26:43, 487.73, 85.63, 5.65, 100.00, 4.00, 3.73, 3.58, 1.6733, 2.515
2025/06/25 9:31:43, 486.05, 85.63, 5.21, 100.00, 3.80, 3.63, 3.53, 1.2474, 2.515
2025/06/25 9:36:43, 511.29, 85.63, 5.18, 100.00, 3.95, 3.80, 3.63, 1.5224, 3.018
2025/06/25 9:41:43, 501.09, 85.63, 5.99, 100.00, 4.91, 4.64, 4.28, 1.1871, 2.012
2025/06/25 9:46:43, 498.71, 85.66, 6.04, 100.00, 4.71, 4.46, 4.31, 0.8953, 1.509
2025/06/25 9:51:43, 490.80, 85.63, 5.51, 100.00, 4.36, 3.90, 3.65, 1.1636, 2.515
2025/06/25 9:56:43, 505.13, 85.63, 5.70, 100.00, 4.26, 3.90, 3.70, 1.0831, 2.515
2025/06/25 10:01:43, 513.48, 85.63, 6.14, 100.00, 4.64, 4.39, 4.13, 0.9088, 1.509
2025/06/25 10:06:43, 511.29, 85.63, 6.51, 100.00, 5.00, 4.51, 4.18, 0.3957, 1.509
2025/06/25 10:11:43, 493.97, 85.48, 6.34, 100.00, 4.91, 4.66, 4.49, 0.9624, 2.515
2025/06/25 10:16:43, 485.44, 85.38, 5.99, 100.00, 4.41, 4.13, 3.95, 1.4688, 2.515
2025/06/25 10:21:43, 490.98, 85.35, 6.01, 100.00, 4.54, 4.21, 4.03, 1.9583, 2.515
2025/06/25 10:26:43, 505.75, 85.51, 6.70, 100.00, 4.73, 4.44, 4.28, 1.0295, 2.012
2025/06/25 10:31:43, 497.04, 85.51, 7.06, 100.00, 4.71, 4.59, 4.41, 1.0529, 2.012
2025/06/25 10:36:43, 501.53, 85.45, 6.53, 100.00, 4.95, 4.73, 4.51, 1.5727, 2.515
2025/06/25 10:41:43, 499.24, 85.42, 6.70, 100.00, 4.95, 4.73, 4.66, 1.5995, 3.018
2025/06/25 10:46:43, 498.10, 85.45, 6.19, 100.00, 4.31, 4.08, 3.95, 1.6197, 2.515
2025/06/25 10:51:43, 494.41, 85.35, 6.26, 100.00, 4.69, 4.41, 4.21, 1.613, 3.018
2025/06/25 10:56:43, 506.01, 85.26, 6.46, 100.00, 5.10, 4.81, 4.61, 2.0455, 3.521
2025/06/25 11:01:43, 500.03, 85.45, 6.65, 100.00, 4.59, 4.39, 4.26, 1.4688, 2.515
2025/06/25 11:06:43, 513.92, 85.29, 6.39, 100.00, 5.00, 4.91, 4.78, 1.8477, 4.527
2025/06/25 11:11:43, 512.25, 85.38, 6.53, 100.00, 5.33, 5.08, 4.86, 1.8678, 3.521
2025/06/25 11:16:43, 508.82, 85.13, 6.31, 100.00, 4.64, 4.36, 4.10, 2.1428, 3.521
2025/06/25 11:21:43, 507.24, 85.20, 6.19, 100.00, 4.54, 4.31, 4.05, 2.4513, 5.533
2025/06/25 11:26:43, 499.86, 85.26, 6.09, 100.00, 4.36, 4.16, 3.95, 1.8812, 3.521
2025/06/25 11:31:43, 499.15, 85.26, 5.63, 100.00, 4.21, 3.98, 3.70, 1.4755, 3.018
2025/06/25 11:36:43, 508.91, 85.26, 5.97, 100.00, 4.31, 4.10, 3.85, 1.1871, 2.012
2025/06/25 11:41:43, 515.07, 85.85, 6.06, 100.00, 4.31, 4.10, 3.80, 1.2273, 2.012
2025/06/25 11:46:43, 520.78, 85.88, 6.51, 100.00, 4.76, 4.46, 4.26, 1.5258, 3.018
2025/06/25 11:51:43, 481.22, 85.88, 6.77, 100.00, 5.08, 4.78, 4.44, 1.452, 3.018
2025/06/25 11:56:43, 505.66, 85.88, 6.39, 100.00, 4.54, 4.33, 4.05, 1.7639, 2.515
2025/06/25 12:01:43, 515.68, 85.95, 6.56, 100.00, 4.81, 4.46, 4.23, 1.6767, 3.018
2025/06/25 12:06:43, 495.37, 86.13, 6.16, 100.00, 4.51, 4.31, 4.21, 1.9047, 3.521
2025/06/25 12:11:43, 515.07, 85.85, 7.04, 100.00, 5.51, 5.38, 5.18, 1.9382, 3.521
2025/06/25 12:16:43, 507.24, 85.88, 7.64, 100.00, 5.60, 5.48, 5.38, 1.4688, 3.018
2025/06/25 12:21:43, 510.05, 85.82, 7.23, 100.00, 5.21, 4.98, 4.86, 1.0228, 2.012
2025/06/25 12:26:43, 505.40, 85.73, 7.50, 100.00, 5.36, 5.03, 4.88, 0.8786, 2.012
2025/06/25 12:31:43, 492.65, 85.63, 7.74, 100.00, 5.41, 5.21, 5.23, 1.6767, 2.515
2025/06/25 12:36:43, 495.37, 85.63, 7.06, 100.00, 4.71, 4.59, 4.61, 1.7236, 2.515
2025/06/25 12:41:43, 514.54, 85.82, 7.26, 100.00, 4.78, 4.71, 4.61, 1.2609, 2.012
2025/06/25 12:46:43, 506.89, 85.70, 5.97, 100.00, 4.41, 4.26, 4.13, 2.5988, 5.03
2025/06/25 12:51:43, 509.09, 85.73, 6.53, 100.00, 4.71, 4.59, 4.51, 2.5418, 5.03
2025/06/25 12:56:43, 513.22, 85.73, 5.51, 100.00, 4.56, 4.46, 4.36, 2.914, 5.533
2025/06/25 13:01:43, 519.73, 85.76, 5.63, 100.00, 4.66, 4.51, 4.41, 2.8034, 5.03
2025/06/25 13:06:43, 504.78, 85.82, 5.89, 100.00, 4.54, 4.39, 4.23, 2.8604, 5.03
2025/06/25 13:11:43, 503.11, 85.88, 5.31, 100.00, 4.10, 4.00, 3.93, 2.629, 3.521
2025/06/25 13:16:43, 515.86, 85.88, 5.65, 100.00, 4.26, 4.10, 4.03, 2.4613, 4.024
2025/06/25 13:21:43, 515.51, 85.82, 5.41, 100.00, 4.18, 4.08, 3.90, 3.293, 5.533
2025/06/25 13:26:43, 527.81, 85.66, 5.43, 100.00, 4.41, 4.26, 4.05, 3.6685, 5.533
2025/06/25 13:31:43, 519.20, 85.54, 5.89, 100.00, 4.64, 4.61, 4.39, 3.692, 5.03
2025/06/25 13:36:43, 537.22, 85.51, 5.63, 100.00, 4.33, 4.36, 4.16, 3.7591, 6.539
2025/06/25 13:41:43, 531.15, 85.42, 5.99, 100.00, 4.69, 4.61, 4.46, 3.9703, 5.03
2025/06/25 13:46:43, 504.25, 85.38, 6.06, 100.00, 4.18, 4.05, 3.88, 3.7826, 5.533
2025/06/25 13:51:43, 518.76, 85.42, 5.92, 100.00, 4.16, 4.08, 3.90, 2.3842, 4.527
2025/06/25 13:56:43, 511.11, 85.35, 5.89, 100.00, 4.10, 3.95, 3.80, 2.9375, 5.03
2025/06/25 14:01:43, 504.60, 85.38, 6.48, 100.00, 4.44, 4.31, 4.16, 1.5291, 3.521
2025/06/25 14:06:43, 495.11, 85.32, 6.58, 100.00, 4.98, 4.91, 4.78, 1.6062, 2.515
2025/06/25 14:11:43, 500.30, 85.42, 6.82, 100.00, 4.54, 4.44, 4.31, 1.291, 2.515
2025/06/25 14:16:43, 531.07, 85.45, 6.96, 100.00, 4.46, 4.44, 4.41, 1.0094, 2.515
2025/06/25 14:21:43, 514.63, 85.35, 6.70, 100.00, 4.41, 4.31, 4.23, 2.0321, 4.024
2025/06/25 14:26:43, 506.45, 85.51, 6.58, 100.00, 4.49, 4.31, 4.16, 1.3279, 2.012
2025/06/25 14:31:43, 510.05, 85.73, 6.70, 100.00, 4.28, 4.08, 4.10, 1.0026, 1.509
2025/06/25 14:36:43, 509.53, 85.82, 6.21, 100.00, 3.98, 3.85, 3.88, 1.7303, 3.018
2025/06/25 14:41:43, 506.27, 85.88, 6.41, 100.00, 4.05, 3.90, 3.90, 1.2877, 2.012
2025/06/25 14:46:43, 517.97, 85.88, 6.44, 100.00, 4.03, 3.83, 3.83, 1.1737, 2.012
2025/06/25 14:51:43, 520.60, 85.85, 5.77, 100.00, 3.90, 3.75, 3.68, 1.5124, 2.515
2025/06/25 14:56:43, 515.86, 85.85, 5.70, 100.00, 3.85, 3.70, 3.45, 1.6398, 2.515
2025/06/25 15:01:43, 510.14, 85.85, 6.21, 100.00, 4.26, 4.13, 3.73, 1.4889, 2.515
2025/06/25 15:06:43, 506.98, 85.91, 6.63, 100.00, 4.54, 4.39, 3.90, 1.2642, 2.012
2025/06/25 15:11:43, 506.80, 85.95, 6.96, 100.00, 4.56, 4.49, 4.10, 1.2005, 2.012
2025/06/25 15:16:43, 510.49, 85.98, 7.86, 100.00, 5.18, 5.13, 4.66, 0.7545, 1.509
2025/06/25 15:21:43, 506.89, 85.95, 8.19, 100.00, 5.28, 5.26, 4.78, 0.6941, 1.509
2025/06/25 15:26:43, 504.96, 85.88, 7.28, 100.00, 4.56, 4.59, 4.23, 0.6036, 1.006
2025/06/25 15:31:43, 573.88, 85.82, 7.57, 100.00, 5.55, 5.55, 5.31, 0.2213, 1.509
2025/06/25 15:36:43, 573.88, 85.88, 7.43, 100.00, 5.38, 5.41, 5.36, 0.0369, 0.503
2025/06/25 15:41:43, 584.25, 85.91, 7.86, 100.00, 5.85, 5.97, 5.55, 0.1006, 0.503
2025/06/25 15:46:43, 584.25, 85.88, 9.26, 100.00, 6.44, 6.56, 6.36, 0.0, 0.0
2025/06/25 15:51:43, 641.57, 85.82, 9.06, 100.00, 5.77, 5.77, 5.55, 0.0, 0.0
2025/06/25 15:56:43, 368.25, 85.85, 8.12, 100.00, 5.75, 5.70, 5.31, 0.4426, 1.006
2025/06/25 16:01:43, 388.74, 85.82, 7.79, 100.00, 5.75, 5.38, 4.93, 0.617, 1.006
2025/06/25 16:06:43, 396.12, 85.85, 8.53, 100.00, 5.80, 5.75, 5.43, 0.342, 1.509
2025/06/25 16:11:43, 390.67, 85.91, 9.49, 100.00, 6.11, 6.09, 5.55, 0.0, 0.0
2025/06/25 16:16:43, 384.16, 85.88, 11.59, 100.00, 8.83, 8.26, 7.64, 0.0, 0.0
2025/06/25 16:21:43, 384.16, 85.76, 10.48, 100.00, 6.24, 5.97, 5.63, 0.0, 0.0
2025/06/25 16:26:43, 403.95, 85.76, 7.74, 100.00, 5.55, 5.36, 4.69, 0.0637, 0.503
2025/06/25 16:31:43, 504.25, 85.85, 6.87, 100.00, 4.54, 4.56, 4.41, 0.2481, 1.509
2025/06/25 16:36:43, 552.43, 86.29, 4.71, 100.00, 3.53, 3.48, 3.19, 0.3823, 1.509
2025/06/25 16:41:43, 565.35, 86.13, 5.41, 100.00, 4.41, 4.33, 4.05, 1.0026, 2.012
2025/06/25 16:46:43, 545.66, 86.10, 5.73, 100.00, 4.66, 4.51, 4.16, 0.5231, 1.509
2025/06/25 16:51:43, 578.63, 86.01, 5.55, 100.00, 4.41, 4.28, 4.05, 0.6573, 2.012
2025/06/25 16:56:43, 557.26, 86.01, 5.18, 100.00, 4.21, 4.18, 3.93, 0.3353, 1.509
2025/06/25 17:01:43, 538.36, 85.98, 4.36, 100.00, 3.35, 3.22, 3.01, 0.8551, 2.515
2025/06/25 17:06:43, 555.95, 86.01, 4.44, 100.00, 3.68, 3.53, 3.25, 1.9416, 3.521
2025/06/25 17:11:43, 545.04, 85.79, 4.41, 100.00, 3.40, 3.43, 3.19, 1.3044, 2.515
2025/06/25 17:16:43, 590.93, 85.85, 4.76, 100.00, 3.85, 3.93, 3.55, 0.9356, 1.509
2025/06/25 17:21:43, 567.73, 85.95, 5.41, 100.00, 4.23, 4.26, 3.93, 0.2079, 1.509
2025/06/25 17:26:43, 567.20, 85.98, 5.97, 100.00, 4.64, 4.71, 4.44, 0.0369, 0.503
2025/06/25 17:31:43, 550.76, 86.10, 6.06, 100.00, 4.69, 4.73, 4.51, 0.0369, 0.503
2025/06/25 17:36:43, 577.57, 85.76, 6.41, 100.00, 5.26, 5.26, 4.83, 0.0369, 1.006
2025/06/25 17:41:43, 577.57, 85.76, 7.52, 100.00, 5.41, 5.41, 5.05, 0.0, 0.0
2025/06/25 17:46:43, 577.57, 85.76, 7.67, 100.00, 5.58, 5.60, 5.43, 0.0, 0.0
2025/06/25 17:51:43, 535.20, 85.70, 6.21, 100.00, 4.21, 4.26, 4.21, 0.0738, 1.006
2025/06/25 17:56:43, 535.20, 85.73, 6.39, 100.00, 5.38, 5.36, 5.28, 0.0067, 0.503
2025/06/25 18:01:43, 535.20, 85.76, 7.57, 100.00, 5.82, 4.91, 4.46, 0.0, 0.0
2025/06/25 18:06:43, 535.20, 85.66, 5.89, 100.00, 4.23, 4.13, 3.83, 0.0, 0.0
2025/06/25 18:11:43, 492.38, 85.70, 5.38, 100.00, 3.90, 3.60, 2.71, 0.0, 0.0
2025/06/25 18:16:43, 444.47, 85.73, 5.21, 100.00, 4.08, 3.83, 2.89, 0.0, 0.0
2025/06/25 18:21:43, 427.68, 85.73, 5.38, 100.00, 4.21, 3.53, 2.48, 0.0, 0.0
2025/06/25 18:26:43, 427.68, 85.73, 5.70, 100.00, 4.56, 4.10, 2.99, 0.0, 0.0
2025/06/25 18:31:43, 427.77, 85.73, 5.33, 100.00, 3.63, 3.22, 3.01, 0.1308, 1.006
2025/06/25 18:36:43, 427.68, 85.76, 5.60, 100.00, 4.44, 3.78, 3.06, 0.1509, 1.006
2025/06/25 18:41:43, 427.68, 85.66, 5.13, 100.00, 4.00, 3.63, 3.25, 0.0, 0.0
2025/06/25 18:46:43, 449.13, 85.73, 4.41, 100.00, 3.17, 2.71, 2.43, 0.1543, 1.509
2025/06/25 18:51:43, 462.58, 85.76, 4.28, 100.00, 3.60, 3.48, 3.30, 0.3253, 1.006
2025/06/25 18:56:43, 481.75, 85.76, 4.33, 100.00, 3.58, 3.60, 3.58, 0.0, 0.0
2025/06/25 19:01:43, 484.56, 85.76, 4.16, 100.00, 3.55, 3.43, 3.40, 0.0, 0.0
2025/06/25 19:06:43, 531.07, 85.76, 3.43, 100.00, 3.06, 2.94, 2.76, 1.0295, 2.515
2025/06/25 19:11:43, 554.89, 85.76, 3.25, 100.00, 2.89, 2.78, 2.66, 0.8819, 1.509
2025/06/25 19:16:43, 557.53, 85.76, 3.12, 100.00, 2.81, 2.68, 2.48, 0.9121, 1.509
2025/06/25 19:21:43, 517.79, 85.76, 3.30, 100.00, 2.89, 2.71, 2.56, 0.8417, 2.012
2025/06/25 19:26:43, 537.22, 85.76, 3.60, 100.00, 3.37, 3.32, 3.30, 0.2381, 1.006
2025/06/25 19:31:43, 541.97, 85.76, 2.96, 100.00, 2.45, 2.37, 2.30, 1.4386, 3.018
2025/06/25 19:36:43, 527.90, 85.76, 3.60, 100.00, 3.19, 3.04, 2.91, 1.4989, 3.018
2025/06/25 19:41:43, 545.13, 85.76, 3.14, 100.00, 2.63, 2.53, 2.48, 1.0194, 2.012
2025/06/25 19:46:43, 508.03, 85.79, 2.96, 100.00, 2.35, 2.24, 2.16, 0.6002, 1.509
2025/06/25 19:51:43, 503.29, 85.76, 3.30, 100.00, 2.78, 2.58, 2.43, 0.7713, 1.509
2025/06/25 19:56:43, 506.36, 85.76, 3.40, 100.00, 2.81, 2.61, 2.37, 0.7545, 1.509
2025/06/25 20:01:43, 497.40, 85.76, 3.45, 100.00, 3.04, 2.91, 2.73, 1.2776, 2.515
2025/06/25 20:06:43, 485.62, 85.76, 3.35, 100.00, 2.94, 2.71, 2.48, 1.1301, 2.012
2025/06/25 20:11:43, 491.59, 85.76, 3.30, 100.00, 2.78, 2.63, 2.43, 1.3648, 2.012
2025/06/25 20:16:43, 509.09, 85.76, 3.32, 100.00, 3.01, 2.73, 2.37, 0.7579, 1.509
2025/06/25 20:21:43, 493.88, 85.76, 3.30, 100.00, 3.04, 2.89, 2.56, 0.8752, 2.012
2025/06/25 20:26:43, 506.54, 85.76, 3.37, 100.00, 2.99, 2.78, 2.48, 0.674, 1.509
2025/06/25 20:31:43, 516.30, 85.76, 2.58, 100.00, 2.11, 2.06, 1.93, 0.171, 1.006
2025/06/25 20:36:43, 470.05, 85.76, 2.63, 100.00, 2.27, 2.06, 1.75, 0.4493, 1.006
2025/06/25 20:41:43, 471.99, 85.73, 2.68, 100.00, 2.48, 2.14, 1.77, 0.9322, 1.509
2025/06/25 20:46:43, 471.55, 85.76, 3.01, 100.00, 2.78, 2.37, 1.85, 1.1368, 2.012
2025/06/25 20:51:43, 508.12, 85.76, 3.04, 100.00, 2.84, 2.76, 2.61, 0.778, 1.509
2025/06/25 20:56:43, 482.36, 85.73, 2.84, 100.00, 2.50, 2.32, 2.11, 1.0529, 2.012
2025/06/25 21:01:43, 466.71, 85.73, 2.32, 100.00, 2.00, 1.80, 1.59, 1.2072, 2.012
2025/06/25 21:06:43, 477.35, 85.76, 3.17, 100.00, 2.99, 2.89, 2.71, 1.2575, 2.515
2025/06/25 21:11:43, 505.31, 85.76, 2.94, 100.00, 2.43, 2.27, 2.11, 1.0228, 1.509
2025/06/25 21:16:43, 494.14, 85.73, 2.68, 100.00, 2.71, 2.53, 2.35, 0.5801, 1.509
2025/06/25 21:21:43, 463.99, 85.73, 2.19, 100.00, 1.90, 1.75, 1.59, 1.2307, 2.012
2025/06/25 21:26:43, 517.70, 85.73, 3.19, 100.00, 3.30, 3.17, 2.71, 1.4386, 3.018
2025/06/25 21:31:43, 510.58, 85.73, 2.84, 100.00, 2.78, 2.71, 2.63, 0.8014, 2.012
2025/06/25 21:36:43, 549.09, 85.76, 2.56, 100.00, 2.50, 2.48, 2.40, 1.3749, 3.521
2025/06/25 21:41:43, 534.05, 85.76, 3.06, 100.00, 3.06, 2.91, 2.68, 0.2113, 1.006
2025/06/25 21:46:43, 534.05, 85.73, 3.09, 100.00, 3.12, 2.94, 2.50, 0.0, 0.0
2025/06/25 21:51:43, 534.05, 85.76, 3.01, 100.00, 2.78, 2.58, 2.37, 0.0, 0.0
2025/06/25 21:56:43, 534.05, 85.73, 2.91, 100.00, 2.91, 2.84, 2.66, 0.0, 0.0
2025/06/25 22:01:43, 534.05, 85.73, 2.91, 100.00, 2.94, 2.89, 2.71, 0.0, 0.0
2025/06/25 22:06:43, 498.36, 85.73, 2.63, 100.00, 2.58, 2.32, 1.85, 0.0738, 1.006
2025/06/25 22:11:43, 498.36, 85.73, 2.78, 100.00, 2.68, 2.61, 2.50, 0.0503, 0.503
2025/06/25 22:16:43, 537.66, 85.73, 2.27, 100.00, 2.30, 2.16, 1.95, 0.2917, 1.006
2025/06/25 22:21:43, 542.23, 85.73, 2.11, 100.00, 2.00, 1.95, 1.90, 0.1442, 1.006
2025/06/25 22:26:43, 440.60, 85.73, 1.95, 100.00, 2.06, 1.80, 1.54, 0.2046, 1.509
2025/06/25 22:31:43, 467.07, 85.70, 2.48, 100.00, 2.56, 2.40, 1.95, 0.2549, 1.006
2025/06/25 22:36:43, 473.40, 85.76, 2.58, 100.00, 2.37, 2.11, 1.88, 0.332, 1.006
2025/06/25 22:41:43, 449.48, 85.76, 2.48, 100.00, 2.37, 2.19, 1.90, 0.8652, 1.509
2025/06/25 22:46:43, 463.99, 85.76, 2.76, 100.00, 2.89, 2.81, 2.71, 0.7143, 1.509
2025/06/25 22:51:43, 464.78, 85.76, 2.78, 100.00, 2.91, 2.89, 2.84, 0.0, 0.0
2025/06/25 22:56:43, 464.78, 85.76, 2.78, 100.00, 2.91, 2.86, 2.78, 0.0, 0.0
2025/06/25 23:01:43, 464.78, 85.76, 2.91, 100.00, 2.99, 2.94, 2.78, 0.0, 0.0
2025/06/25 23:06:43, 464.78, 85.76, 2.76, 100.00, 2.68, 2.58, 2.35, 0.0, 0.0
2025/06/25 23:11:43, 444.21, 85.76, 2.43, 100.00, 2.30, 2.24, 2.00, 0.0067, 0.503
2025/06/25 23:16:43, 444.21, 85.76, 2.27, 100.00, 2.22, 2.08, 1.88, 0.0, 0.0
2025/06/25 23:21:43, 479.64, 85.76, 2.08, 100.00, 1.98, 1.95, 1.88, 0.0, 0.0
2025/06/25 23:26:43, 479.64, 85.76, 1.88, 100.00, 1.83, 1.75, 1.64, 0.0, 0.0
2025/06/25 23:31:43, 427.86, 85.76, 1.95, 100.00, 2.03, 1.54, 1.22, 0.0, 0.0
2025/06/25 23:36:43, 401.31, 85.73, 1.90, 100.00, 1.70, 1.35, 0.93, 0.0, 0.0
2025/06/25 23:41:43, 393.40, 85.73, 1.90, 100.00, 1.59, 1.14, 0.87, 0.7713, 1.509
2025/06/25 23:46:43, 398.14, 85.73, 1.49, 100.00, 1.33, 1.08, 0.85, 1.0127, 1.509
2025/06/25 23:51:43, 395.86, 85.70, 1.80, 100.00, 1.90, 1.62, 1.25, 1.3313, 2.012
2025/06/25 23:56:43, 393.04, 85.70, 1.64, 100.00, 1.33, 1.17, 1.00, 1.3581, 2.012
2025/06/26 0:01:43, 393.04, 85.70, 1.93, 100.00, 1.59, 1.19, 0.98, 1.4185, 2.012
2025/06/26 0:06:43, 399.29, 85.70, 1.88, 100.00, 1.70, 1.49, 1.27, 1.1267, 1.509
2025/06/26 0:11:43, 402.45, 85.70, 1.90, 100.00, 1.77, 1.49, 1.25, 0.9892, 1.509
2025/06/26 0:16:43, 406.76, 85.70, 1.98, 100.00, 1.95, 1.75, 1.33, 1.0462, 1.509
2025/06/26 0:21:43, 420.12, 85.70, 1.85, 100.00, 1.85, 1.75, 1.59, 0.7981, 1.006
2025/06/26 0:26:43, 470.58, 85.73, 2.00, 100.00, 1.98, 1.83, 1.62, 1.063, 2.012
2025/06/26 0:31:43, 477.70, 85.73, 2.37, 100.00, 2.22, 2.06, 1.88, 1.2173, 1.509
2025/06/26 0:36:43, 474.10, 85.73, 2.03, 100.00, 1.90, 1.77, 1.64, 0.9222, 2.515
2025/06/26 0:41:43, 465.75, 85.73, 2.19, 100.00, 2.16, 1.85, 1.54, 1.4621, 2.012
2025/06/26 0:46:43, 472.34, 85.73, 2.30, 100.00, 2.14, 1.93, 1.70, 1.1368, 1.509
2025/06/26 0:51:43, 473.13, 85.73, 2.11, 100.00, 1.95, 1.72, 1.46, 1.1133, 1.509
2025/06/26 0:56:43, 475.07, 85.73, 2.45, 100.00, 2.37, 1.83, 1.54, 0.949, 1.509
2025/06/26 1:01:43, 474.54, 85.73, 2.37, 100.00, 2.16, 1.95, 1.59, 0.7143, 1.006
2025/06/26 1:06:43, 468.65, 85.73, 2.56, 100.00, 2.37, 2.11, 1.54, 0.4493, 1.006
2025/06/26 1:11:43, 427.86, 85.70, 2.11, 100.00, 1.88, 1.72, 1.41, 0.0, 0.0
2025/06/26 1:16:43, 418.01, 85.73, 1.62, 100.00, 1.43, 1.38, 1.25, 0.1475, 1.006
2025/06/26 1:21:43, 403.59, 85.73, 1.41, 100.00, 1.33, 1.25, 1.17, 0.1811, 1.006
2025/06/26 1:26:43, 403.59, 85.73, 1.33, 100.00, 1.22, 1.14, 0.95, 0.0, 0.0
2025/06/26 1:31:43, 451.42, 85.73, 1.51, 100.00, 1.35, 1.22, 1.11, 0.2113, 1.006
2025/06/26 1:36:43, 406.67, 85.73, 1.49, 100.00, 1.57, 1.54, 1.49, 0.0, 0.0
2025/06/26 1:41:43, 378.71, 85.63, 1.80, 100.00, 1.95, 1.85, 1.70, 0.0101, 0.503
2025/06/26 1:46:43, 378.71, 85.63, 2.22, 100.00, 2.37, 2.30, 2.16, 0.0, 0.0
2025/06/26 1:51:43, 380.91, 85.63, 2.19, 100.00, 2.27, 2.14, 1.75, 0.4661, 1.006
2025/06/26 1:56:43, 380.91, 85.63, 2.08, 100.00, 1.54, 1.06, 0.79, 0.7579, 1.006
2025/06/26 2:01:43, 380.91, 85.63, 2.16, 100.00, 2.00, 1.41, 0.98, 0.8417, 1.006
2025/06/26 2:06:43, 397.35, 85.63, 1.83, 100.00, 1.75, 1.57, 1.08, 0.845, 1.006
2025/06/26 2:11:43, 380.21, 85.63, 1.57, 100.00, 1.14, 0.90, 0.74, 0.9155, 1.509
2025/06/26 2:16:43, 380.12, 85.63, 1.88, 100.00, 1.80, 1.11, 0.82, 1.0999, 1.509
2025/06/26 2:21:43, 380.12, 85.63, 1.77, 100.00, 1.49, 1.03, 0.79, 0.9423, 1.509
2025/06/26 2:26:43, 386.36, 85.63, 1.35, 100.00, 1.17, 0.98, 0.79, 1.0999, 1.509
2025/06/26 2:31:43, 380.12, 85.60, 1.19, 100.00, 0.93, 0.77, 0.69, 1.11, 1.509
2025/06/26 2:36:43, 386.36, 85.63, 1.08, 100.00, 1.06, 0.93, 0.79, 0.9993, 1.509
2025/06/26 2:41:43, 398.05, 85.60, 1.22, 100.00, 0.95, 0.82, 0.72, 1.0831, 1.509
2025/06/26 2:46:43, 402.98, 85.60, 1.72, 100.00, 1.72, 1.22, 0.85, 0.8652, 1.509
2025/06/26 2:51:43, 411.51, 85.60, 1.72, 100.00, 1.75, 1.59, 1.27, 0.6573, 1.509
2025/06/26 2:56:43, 412.91, 85.63, 1.67, 100.00, 1.62, 1.59, 1.57, 0.0738, 0.503
2025/06/26 3:01:43, 432.43, 85.63, 1.43, 100.00, 1.30, 1.27, 1.27, 0.0235, 0.503
2025/06/26 3:06:43, 434.71, 85.63, 1.67, 100.00, 1.75, 1.46, 1.17, 0.0369, 0.503
2025/06/26 3:11:43, 445.97, 85.63, 1.83, 100.00, 1.80, 1.46, 1.06, 0.0972, 1.006
2025/06/26 3:16:43, 445.97, 85.60, 1.98, 100.00, 1.80, 1.57, 1.17, 0.0, 0.0
2025/06/26 3:21:43, 489.13, 85.60, 1.90, 100.00, 1.77, 1.54, 1.33, 0.0972, 1.006
2025/06/26 3:26:43, 449.40, 85.60, 1.98, 100.00, 1.75, 1.57, 1.43, 0.0704, 1.006
2025/06/26 3:31:43, 462.76, 85.60, 1.80, 100.00, 1.77, 1.64, 1.38, 0.0, 0.0
2025/06/26 3:36:43, 514.19, 85.60, 1.95, 100.00, 1.85, 1.77, 1.77, 0.0972, 1.006
2025/06/26 3:41:43, 516.30, 85.60, 2.58, 100.00, 2.73, 2.40, 2.00, 0.2448, 1.509
2025/06/26 3:46:43, 517.79, 85.63, 2.48, 100.00, 2.30, 2.19, 2.00, 0.2783, 1.006
2025/06/26 3:51:43, 517.79, 85.60, 2.11, 100.00, 2.00, 1.85, 1.67, 0.0, 0.0
2025/06/26 3:56:43, 517.44, 85.60, 2.68, 100.00, 2.63, 2.48, 2.22, 0.2616, 1.006
2025/06/26 4:01:43, 520.25, 85.60, 2.40, 100.00, 2.22, 1.93, 1.57, 0.7277, 1.006
2025/06/26 4:06:43, 520.34, 85.57, 1.95, 100.00, 1.80, 1.51, 1.22, 0.2783, 1.006
2025/06/26 4:11:43, 527.37, 85.60, 2.22, 100.00, 2.24, 2.06, 1.85, 0.3286, 1.006
2025/06/26 4:16:43, 499.15, 85.57, 2.48, 100.00, 2.32, 2.30, 2.24, 0.5064, 1.509
2025/06/26 4:21:43, 504.87, 85.57, 2.14, 100.00, 2.14, 1.93, 1.75, 0.5734, 1.006
2025/06/26 4:26:43, 510.41, 85.57, 1.85, 100.00, 1.59, 1.51, 1.43, 0.2783, 1.006
2025/06/26 4:31:43, 484.47, 85.60, 1.95, 100.00, 1.85, 1.75, 1.64, 0.0, 0.0
2025/06/26 4:36:43, 484.47, 85.57, 2.32, 100.00, 2.27, 2.16, 2.00, 0.0, 0.0
2025/06/26 4:41:43, 484.56, 85.57, 2.37, 100.00, 2.32, 2.24, 2.16, 0.0, 0.0
2025/06/26 4:46:43, 484.82, 85.57, 2.56, 100.00, 2.45, 2.37, 2.27, 0.0, 0.0
2025/06/26 4:51:43, 486.14, 85.57, 2.53, 100.00, 2.27, 2.24, 2.19, 0.0, 0.0
2025/06/26 4:56:43, 486.14, 85.57, 2.27, 100.00, 1.93, 1.88, 1.85, 0.0, 0.0
2025/06/26 5:01:43, 470.67, 85.57, 2.08, 100.00, 1.80, 1.70, 1.57, 0.3622, 1.509
2025/06/26 5:06:43, 470.23, 85.57, 2.00, 100.00, 1.64, 1.54, 1.46, 0.9088, 1.509
2025/06/26 5:11:43, 466.01, 85.57, 2.00, 100.00, 1.75, 1.59, 1.46, 1.4822, 2.012
2025/06/26 5:16:43, 474.27, 85.57, 1.77, 100.00, 1.46, 1.33, 1.22, 1.4352, 2.012
2025/06/26 5:21:43, 476.38, 85.57, 1.80, 100.00, 1.49, 1.38, 1.27, 1.2072, 1.509
2025/06/26 5:26:43, 476.47, 85.57, 1.85, 100.00, 1.64, 1.51, 1.35, 1.7337, 2.515
2025/06/26 5:31:43, 459.95, 85.57, 1.85, 100.00, 1.51, 1.41, 1.30, 1.5459, 2.012
2025/06/26 5:36:43, 467.86, 85.57, 2.00, 100.00, 1.70, 1.57, 1.43, 1.5694, 2.012
2025/06/26 5:41:43, 466.27, 85.57, 1.90, 100.00, 1.59, 1.46, 1.33, 1.3749, 2.012
2025/06/26 5:46:43, 472.43, 85.60, 2.06, 100.00, 1.80, 1.64, 1.49, 1.5224, 2.012
2025/06/26 5:51:43, 468.82, 85.54, 1.98, 100.00, 1.72, 1.59, 1.46, 1.5191, 2.012
2025/06/26 5:56:43, 470.58, 85.57, 2.06, 100.00, 1.67, 1.57, 1.46, 1.348, 2.012
2025/06/26 6:01:43, 479.11, 85.57, 2.19, 100.00, 1.85, 1.67, 1.54, 1.3447, 2.012
2025/06/26 6:06:43, 468.91, 85.57, 2.30, 100.00, 1.75, 1.64, 1.49, 1.4419, 2.012
2025/06/26 6:11:43, 464.78, 85.57, 2.24, 100.00, 1.70, 1.57, 1.43, 1.3313, 2.012
2025/06/26 6:16:43, 469.70, 85.57, 2.14, 100.00, 1.64, 1.51, 1.38, 1.2575, 1.509
2025/06/26 6:21:43, 480.52, 85.57, 2.43, 100.00, 2.03, 1.83, 1.59, 1.4352, 2.012
2025/06/26 6:26:43, 475.86, 85.57, 2.53, 100.00, 1.90, 1.77, 1.64, 1.2743, 2.012
2025/06/26 6:31:43, 465.48, 85.57, 2.66, 100.00, 1.93, 1.85, 1.75, 1.3346, 2.012
2025/06/26 6:36:43, 458.10, 85.57, 2.68, 100.00, 1.88, 1.80, 1.67, 1.1871, 2.012
2025/06/26 6:41:43, 488.16, 85.54, 2.89, 100.00, 2.58, 2.43, 2.19, 1.4855, 2.012
2025/06/26 6:46:43, 454.41, 85.57, 2.78, 100.00, 1.98, 1.95, 1.85, 1.2173, 2.012
2025/06/26 6:51:43, 460.82, 85.57, 2.94, 100.00, 2.06, 1.98, 1.85, 1.5459, 2.012
2025/06/26 6:56:43, 456.69, 85.54, 2.94, 100.00, 2.27, 2.16, 1.98, 1.4252, 2.012
2025/06/26 7:01:43, 436.12, 85.51, 3.30, 100.00, 2.50, 2.40, 2.16, 1.3514, 2.012
2025/06/26 7:06:43, 455.29, 85.54, 3.65, 100.00, 2.58, 2.43, 2.22, 1.1502, 1.509
2025/06/26 7:11:43, 450.36, 85.51, 3.90, 100.00, 3.04, 2.78, 2.43, 1.1301, 1.509
2025/06/26 7:16:43, 449.66, 85.48, 4.33, 100.00, 3.25, 3.19, 2.89, 0.8585, 1.509
2025/06/26 7:21:43, 450.54, 85.54, 4.00, 100.00, 2.50, 2.53, 2.48, 0.664, 1.006
2025/06/26 7:26:43, 451.24, 85.57, 3.88, 100.00, 2.68, 2.68, 2.53, 0.4527, 1.006
2025/06/26 7:31:43, 451.07, 85.54, 4.54, 100.00, 3.55, 3.40, 3.17, 0.3957, 1.006
2025/06/26 7:36:43, 432.25, 85.54, 5.10, 100.00, 3.90, 4.00, 3.63, 0.0, 0.0
2025/06/26 7:41:43, 427.77, 85.57, 5.73, 100.00, 3.93, 3.50, 3.09, 0.0302, 0.503
2025/06/26 7:46:43, 371.68, 85.51, 3.85, 100.00, 2.40, 2.30, 2.19, 1.0395, 1.509
2025/06/26 7:51:43, 370.80, 85.48, 4.16, 100.00, 2.81, 2.73, 2.58, 1.3313, 1.509
2025/06/26 7:56:43, 380.38, 85.51, 3.75, 100.00, 2.63, 2.58, 2.43, 1.4621, 2.012
2025/06/26 8:01:43, 387.86, 85.51, 4.21, 100.00, 3.06, 2.84, 2.58, 1.4252, 2.515
2025/06/26 8:06:43, 401.66, 85.54, 5.03, 100.00, 4.00, 3.40, 3.06, 1.2441, 1.509
2025/06/26 8:11:43, 394.36, 85.57, 7.40, 100.00, 5.36, 5.03, 4.73, 0.8014, 1.509
2025/06/26 8:16:43, 379.15, 85.54, 5.70, 100.00, 3.12, 3.01, 2.99, 1.0697, 1.509
2025/06/26 8:21:43, 379.33, 85.51, 4.86, 100.00, 3.43, 3.04, 2.81, 1.4151, 2.012
2025/06/26 8:26:43, 367.02, 85.48, 4.39, 100.00, 2.73, 2.63, 2.53, 1.6498, 2.012
2025/06/26 8:31:43, 366.41, 85.51, 4.03, 100.00, 2.58, 2.56, 2.48, 1.6599, 2.012
2025/06/26 8:36:43, 365.35, 85.51, 4.83, 100.00, 2.89, 2.84, 2.78, 1.6867, 2.515
2025/06/26 8:41:43, 369.04, 85.51, 5.68, 100.00, 3.43, 3.22, 3.01, 1.5392, 2.012
2025/06/26 8:46:43, 379.59, 85.54, 5.75, 97.99, 3.19, 3.19, 3.04, 1.6465, 2.012
2025/06/26 8:51:43, 380.30, 85.57, 5.97, 95.23, 3.53, 3.53, 3.30, 1.7136, 2.515
2025/06/26 8:56:43, 379.77, 85.60, 6.21, 91.22, 3.55, 3.58, 3.40, 1.5023, 2.012
2025/06/26 9:01:43, 368.78, 85.57, 5.94, 89.22, 3.43, 3.50, 3.30, 1.9952, 2.515
2025/06/26 9:06:43, 375.90, 85.54, 6.63, 85.84, 3.85, 3.88, 3.60, 1.7236, 2.515
2025/06/26 9:11:43, 384.78, 85.48, 6.65, 86.88, 4.26, 4.08, 3.70, 1.8611, 2.515
2025/06/26 9:16:43, 396.65, 85.42, 6.92, 80.68, 4.36, 4.23, 4.05, 1.851, 2.515
2025/06/26 9:21:43, 378.80, 85.38, 6.44, 79.79, 3.40, 3.45, 3.22, 1.9583, 2.515
2025/06/26 9:26:43, 370.54, 85.35, 6.14, 81.51, 3.30, 3.32, 3.12, 2.3239, 2.515
2025/06/26 9:31:43, 368.60, 85.38, 5.94, 81.70, 3.25, 3.30, 3.09, 2.23, 2.515
2025/06/26 9:36:43, 377.22, 85.42, 6.01, 80.46, 3.32, 3.37, 3.19, 2.1126, 2.515
2025/06/26 9:41:43, 377.84, 85.42, 5.99, 80.90, 3.43, 3.45, 3.25, 2.2669, 3.018
2025/06/26 9:46:43, 408.16, 85.38, 7.50, 76.16, 4.88, 4.49, 4.36, 1.9684, 2.515
2025/06/26 9:51:43, 399.11, 85.42, 7.43, 74.48, 4.41, 4.16, 3.83, 2.3406, 3.018
2025/06/26 9:56:43, 385.22, 85.42, 7.04, 75.75, 3.83, 3.80, 3.58, 2.5619, 3.018
2025/06/26 10:01:43, 378.01, 85.35, 6.56, 80.51, 3.80, 3.78, 3.55, 2.458, 3.018
2025/06/26 10:06:43, 373.18, 85.32, 5.85, 84.85, 3.53, 3.50, 3.27, 2.6122, 3.018
2025/06/26 10:11:43, 374.85, 85.35, 6.46, 82.23, 3.93, 3.93, 3.68, 2.3842, 3.018
2025/06/26 10:16:43, 374.32, 85.35, 7.35, 75.51, 4.41, 4.33, 4.05, 2.0958, 2.515
2025/06/26 10:21:43, 376.69, 85.35, 7.50, 72.87, 4.23, 4.16, 3.95, 2.0455, 2.515
2025/06/26 10:26:43, 372.12, 85.35, 7.93, 70.30, 4.44, 4.41, 4.31, 1.8041, 2.012
2025/06/26 10:31:43, 368.87, 85.35, 8.26, 68.72, 4.44, 4.33, 4.21, 1.7639, 2.012
2025/06/26 10:36:43, 379.24, 85.35, 8.38, 67.48, 4.76, 4.66, 4.54, 1.9114, 2.515
2025/06/26 10:41:43, 372.56, 85.32, 8.26, 67.95, 4.64, 4.59, 4.41, 2.1864, 2.515
2025/06/26 10:46:43, 383.64, 85.35, 8.88, 66.22, 5.05, 4.91, 4.71, 2.012, 2.515
2025/06/26 10:51:43, 376.16, 85.35, 8.53, 67.95, 5.03, 4.86, 4.59, 2.3607, 3.018
2025/06/26 10:56:43, 379.59, 85.32, 8.78, 65.98, 5.13, 5.00, 4.81, 2.3205, 3.018
2025/06/26 11:01:43, 384.08, 85.32, 8.71, 65.97, 5.26, 5.18, 5.00, 2.4312, 3.018
2025/06/26 11:06:43, 391.37, 85.35, 9.42, 64.40, 5.94, 5.80, 5.53, 2.3104, 3.018
2025/06/26 11:11:43, 384.87, 85.32, 10.22, 60.86, 6.16, 5.99, 5.80, 2.23, 3.018
2025/06/26 11:16:43, 394.54, 85.35, 10.57, 58.90, 6.87, 6.46, 6.41, 2.0154, 2.515
2025/06/26 11:21:43, 390.23, 85.38, 11.68, 54.67, 7.64, 7.31, 7.28, 1.5124, 2.012
2025/06/26 11:26:43, 394.27, 85.32, 10.38, 58.57, 6.39, 5.99, 5.97, 2.0019, 2.515
2025/06/26 11:31:43, 395.24, 85.29, 10.36, 58.42, 6.75, 6.14, 5.97, 2.2568, 3.018
2025/06/26 11:36:43, 396.74, 85.32, 11.19, 54.57, 7.43, 6.70, 6.53, 2.2467, 3.018
2025/06/26 11:41:43, 390.67, 85.32, 9.45, 59.76, 6.04, 5.60, 5.46, 2.4345, 3.018
2025/06/26 11:46:43, 386.45, 85.38, 9.26, 60.52, 5.89, 5.63, 5.70, 2.116, 2.515
2025/06/26 11:51:43, 382.49, 85.35, 8.62, 62.66, 5.46, 5.26, 5.23, 2.4446, 3.018
2025/06/26 11:56:43, 377.84, 85.29, 8.78, 63.50, 5.75, 5.63, 5.51, 2.5586, 3.521
2025/06/26 12:01:43, 380.65, 85.35, 8.19, 69.16, 5.36, 5.13, 5.16, 2.3574, 3.018
2025/06/26 12:06:43, 382.41, 85.32, 7.69, 74.78, 5.13, 5.05, 5.08, 2.354, 2.515
2025/06/26 12:11:43, 389.79, 85.20, 8.31, 73.14, 5.99, 5.85, 5.85, 2.0489, 2.515
2025/06/26 12:16:43, 387.51, 85.20, 9.38, 67.29, 6.26, 6.21, 6.34, 1.9483, 2.515
2025/06/26 12:21:43, 385.22, 85.32, 8.57, 70.66, 5.70, 5.73, 5.80, 1.8142, 2.012
2025/06/26 12:26:43, 349.97, 85.20, 8.97, 69.23, 5.05, 5.21, 5.43, 1.6062, 2.012
2025/06/26 12:31:43, 358.67, 84.95, 8.97, 74.61, 5.21, 5.31, 5.63, 1.8209, 2.515
2025/06/26 12:36:43, 351.73, 84.10, 9.45, 71.23, 5.46, 5.65, 5.92, 1.955, 2.515
2025/06/26 12:41:43, 371.42, 84.10, 8.34, 75.25, 5.18, 5.21, 5.28, 1.841, 2.515
2025/06/26 12:46:43, 381.00, 85.04, 7.28, 77.42, 4.83, 4.83, 4.95, 2.1931, 2.515
2025/06/26 12:51:43, 377.04, 83.45, 8.31, 71.81, 5.82, 6.11, 5.89, 2.3239, 3.018
2025/06/26 12:56:43, 373.00, 81.98, 9.16, 66.07, 6.26, 6.56, 6.26, 2.4043, 3.018
2025/06/26 13:01:43, 372.12, 81.64, 9.33, 64.50, 6.70, 6.85, 6.63, 2.069, 2.515
2025/06/26 13:06:43, 373.00, 84.23, 9.04, 64.01, 6.11, 6.11, 5.92, 2.012, 2.515
2025/06/26 13:11:43, 376.08, 83.85, 8.76, 65.90, 6.61, 6.48, 6.31, 2.116, 2.515
2025/06/26 13:16:43, 378.27, 84.92, 8.41, 65.97, 6.04, 5.94, 5.80, 2.4479, 3.018
2025/06/26 13:21:43, 375.11, 84.51, 8.48, 66.05, 6.46, 6.41, 6.19, 2.5653, 3.018
2025/06/26 13:26:43, 378.01, 84.76, 8.83, 64.24, 6.53, 6.48, 6.34, 2.4781, 3.018
2025/06/26 13:31:43, 385.57, 84.23, 9.94, 60.97, 7.81, 7.67, 7.64, 2.5854, 3.018
2025/06/26 13:36:43, 390.76, 84.60, 10.50, 59.04, 8.19, 7.95, 8.09, 2.5418, 3.018
2025/06/26 13:41:43, 385.40, 83.67, 10.57, 58.97, 8.38, 8.21, 8.38, 2.4379, 3.018
2025/06/26 13:46:43, 381.18, 83.39, 11.03, 55.71, 7.97, 7.90, 8.17, 2.2065, 2.515
2025/06/26 13:51:43, 379.95, 84.88, 10.41, 58.99, 7.93, 7.83, 7.95, 2.4312, 3.018
2025/06/26 13:56:43, 379.07, 85.42, 10.34, 57.64, 7.16, 7.11, 7.40, 2.2736, 2.515
2025/06/26 14:01:43, 375.02, 85.42, 9.52, 61.37, 7.16, 7.11, 7.26, 2.2266, 2.515
2025/06/26 14:06:43, 378.27, 85.29, 10.05, 58.31, 7.26, 7.16, 7.38, 2.3004, 2.515
2025/06/26 14:11:43, 385.48, 85.17, 9.42, 59.31, 6.92, 6.82, 7.01, 2.4949, 3.018
2025/06/26 14:16:43, 379.24, 85.38, 10.84, 55.43, 8.38, 8.26, 8.45, 2.6558, 3.018
2025/06/26 14:21:43, 380.65, 85.23, 11.12, 53.56, 7.86, 7.79, 8.07, 2.4681, 3.018
2025/06/26 14:26:43, 377.31, 85.42, 10.19, 56.95, 7.52, 7.50, 7.64, 2.2937, 3.018
2025/06/26 14:31:43, 379.24, 85.54, 11.26, 52.61, 7.86, 8.00, 8.43, 1.8745, 2.515
2025/06/26 14:36:43, 372.82, 85.51, 11.86, 51.07, 7.86, 8.09, 8.50, 1.6197, 2.012
2025/06/26 14:41:43, 363.15, 85.32, 11.05, 53.40, 7.45, 7.64, 8.07, 1.5962, 2.012
2025/06/26 14:46:43, 377.13, 85.35, 9.98, 56.78, 7.31, 7.35, 7.55, 1.8007, 2.012
2025/06/26 14:51:43, 371.51, 85.29, 10.68, 55.37, 7.40, 7.35, 7.48, 1.9718, 2.515
2025/06/26 14:56:43, 375.55, 85.23, 11.14, 53.12, 8.00, 8.07, 8.55, 1.7169, 2.515
2025/06/26 15:01:43, 374.49, 85.26, 13.00, 50.07, 9.59, 9.64, 10.17, 1.7404, 2.012
2025/06/26 15:06:43, 411.07, 85.26, 14.44, 42.64, 10.82, 9.87, 9.96, 1.5794, 2.515
2025/06/26 15:11:43, 400.60, 85.29, 12.71, 46.37, 9.06, 8.17, 8.31, 1.8443, 2.515
2025/06/26 15:16:43, 402.63, 85.26, 10.87, 52.12, 8.34, 7.57, 7.60, 2.2769, 2.515
2025/06/26 15:21:43, 402.71, 85.32, 12.35, 48.28, 10.00, 8.99, 8.88, 2.2702, 2.515
2025/06/26 15:26:43, 402.71, 85.26, 12.53, 47.89, 9.68, 8.62, 8.64, 2.069, 2.515
2025/06/26 15:31:43, 408.34, 85.35, 12.96, 46.62, 10.05, 8.97, 9.23, 1.7538, 2.515
2025/06/26 15:36:43, 397.09, 85.32, 13.85, 44.24, 11.22, 10.24, 10.29, 1.3883, 2.012
2025/06/26 15:41:43, 393.22, 85.38, 13.67, 43.62, 8.71, 8.41, 8.74, 1.2843, 2.012
2025/06/26 15:46:43, 392.78, 85.35, 11.12, 52.67, 6.87, 6.51, 6.85, 1.4922, 2.012
2025/06/26 15:51:43, 383.55, 85.20, 11.82, 50.62, 7.83, 7.83, 8.09, 1.6398, 2.012
2025/06/26 15:56:43, 383.29, 85.42, 9.19, 57.28, 5.80, 5.77, 6.19, 1.7102, 2.012
2025/06/26 16:01:43, 391.20, 85.66, 9.04, 58.86, 7.18, 7.04, 7.28, 1.9181, 3.018
2025/06/26 16:06:43, 381.79, 85.60, 9.35, 57.15, 6.36, 6.34, 6.68, 1.9013, 2.012
2025/06/26 16:11:43, 382.67, 85.98, 8.55, 59.76, 5.82, 5.80, 6.09, 2.0958, 2.515
2025/06/26 16:16:43, 383.90, 85.60, 8.97, 59.11, 6.39, 6.34, 6.61, 2.1998, 2.515
2025/06/26 16:21:43, 385.48, 85.57, 9.26, 58.55, 6.56, 6.46, 6.75, 1.9013, 2.515
2025/06/26 16:26:43, 391.90, 85.70, 9.38, 57.78, 7.18, 7.11, 7.38, 1.613, 2.515
2025/06/26 16:31:43, 391.90, 85.88, 10.43, 54.71, 8.31, 8.00, 8.34, 1.3682, 2.012
2025/06/26 16:36:43, 385.40, 85.32, 10.38, 53.70, 6.89, 6.92, 7.52, 1.2441, 1.509
2025/06/26 16:41:43, 397.88, 85.45, 11.00, 52.28, 8.85, 8.14, 8.45, 1.2106, 1.509
2025/06/26 16:46:43, 401.40, 85.57, 10.89, 52.60, 8.95, 7.97, 8.24, 1.7068, 2.012
2025/06/26 16:51:43, 398.49, 85.57, 11.14, 51.59, 9.04, 8.34, 8.60, 1.4252, 2.012
2025/06/26 16:56:43, 402.01, 85.60, 11.82, 49.20, 9.57, 8.53, 8.83, 1.2944, 1.509
2025/06/26 17:01:43, 399.02, 85.54, 10.75, 52.03, 7.74, 6.92, 7.01, 1.7873, 2.515
2025/06/26 17:06:43, 416.69, 85.54, 10.27, 56.11, 7.97, 6.96, 6.96, 2.1327, 2.515
2025/06/26 17:11:43, 426.89, 85.57, 11.36, 52.02, 7.93, 8.85, 8.88, 1.11, 2.012
2025/06/26 17:16:43, 399.37, 85.54, 11.50, 51.14, 7.83, 7.45, 7.18, 0.6539, 1.006
2025/06/26 17:21:43, 391.73, 85.54, 12.67, 47.12, 7.48, 6.96, 6.68, 0.5634, 1.006
2025/06/26 17:26:43, 398.05, 85.54, 12.39, 47.91, 8.31, 7.21, 7.55, 0.8819, 1.509
2025/06/26 17:31:43, 409.92, 85.57, 13.28, 46.32, 9.96, 8.53, 8.60, 0.8585, 1.509
2025/06/26 17:36:43, 427.33, 85.57, 12.62, 50.22, 8.81, 9.84, 9.66, 0.6472, 1.006
2025/06/26 17:41:43, 427.24, 85.51, 12.92, 50.55, 8.07, 8.24, 9.75, 0.2649, 0.503
2025/06/26 17:46:43, 392.34, 85.51, 12.28, 47.19, 7.33, 6.94, 7.60, 0.2683, 2.012
2025/06/26 17:51:43, 408.34, 85.57, 13.42, 46.52, 10.10, 8.29, 7.86, 0.8786, 2.012
2025/06/26 17:56:43, 416.78, 85.48, 12.69, 48.54, 7.28, 7.83, 8.78, 0.5332, 1.006
2025/06/26 18:01:43, 465.13, 85.45, 10.52, 55.02, 5.46, 5.53, 5.99, 0.3454, 1.006
2025/06/26 18:06:43, 465.13, 85.51, 11.70, 53.85, 7.55, 7.76, 8.41, 0.3286, 1.006
2025/06/26 18:11:43, 479.64, 85.48, 9.06, 63.83, 5.99, 6.04, 6.34, 0.0235, 0.503
2025/06/26 18:16:43, 479.55, 85.48, 9.52, 63.48, 7.11, 7.21, 7.50, 0.0, 0.0
2025/06/26 18:21:43, 475.86, 85.48, 10.43, 58.25, 7.33, 6.58, 6.48, 0.0034, 0.503
2025/06/26 18:26:43, 383.90, 85.42, 8.92, 57.84, 4.49, 4.31, 4.49, 0.3655, 1.509
2025/06/26 18:31:43, 378.27, 85.42, 6.68, 69.09, 4.41, 4.13, 4.21, 1.8309, 2.515
2025/06/26 18:36:43, 381.70, 85.38, 6.44, 73.67, 4.88, 4.64, 4.54, 1.8041, 3.018
2025/06/26 18:41:43, 383.20, 85.38, 7.11, 72.00, 5.26, 4.76, 4.66, 1.1468, 2.012
2025/06/26 18:46:43, 385.22, 85.42, 7.06, 71.77, 5.05, 4.26, 4.10, 1.2541, 1.509
2025/06/26 18:51:43, 399.02, 85.42, 6.48, 70.06, 4.51, 3.95, 3.98, 1.4118, 2.012
2025/06/26 18:56:43, 385.57, 85.45, 5.05, 78.64, 3.17, 2.91, 2.99, 1.7538, 2.012
2025/06/26 19:01:43, 384.16, 85.42, 4.69, 77.78, 2.89, 2.78, 2.81, 1.6197, 2.012
2025/06/26 19:06:43, 374.93, 85.42, 3.78, 83.46, 2.61, 2.48, 2.48, 1.8678, 2.515
2025/06/26 19:11:43, 377.66, 85.38, 3.75, 83.24, 2.78, 2.66, 2.63, 1.9818, 2.515
2025/06/26 19:16:43, 403.77, 85.38, 4.13, 80.62, 3.40, 3.04, 3.01, 1.8041, 2.515
2025/06/26 19:21:43, 387.33, 85.42, 4.51, 81.16, 3.68, 3.50, 3.50, 1.7236, 2.515
2025/06/26 19:26:43, 384.87, 85.38, 3.95, 83.13, 2.84, 2.71, 2.73, 2.4211, 3.018
2025/06/26 19:31:43, 382.05, 85.38, 3.80, 84.79, 2.81, 2.71, 2.76, 1.9349, 2.515
2025/06/26 19:36:43, 390.76, 85.38, 3.68, 85.61, 2.78, 2.61, 2.58, 2.1763, 3.018
2025/06/26 19:41:43, 377.92, 85.45, 3.04, 89.31, 2.27, 2.16, 2.16, 2.9308, 3.521
2025/06/26 19:46:43, 376.52, 85.42, 2.53, 94.49, 2.00, 1.90, 1.85, 3.35, 4.024
2025/06/26 19:51:43, 383.46, 85.38, 2.81, 94.21, 2.14, 2.00, 2.00, 3.0884, 3.521
2025/06/26 19:56:43, 375.81, 85.38, 2.78, 94.83, 2.11, 2.00, 2.03, 2.9006, 3.521
2025/06/26 20:01:43, 382.49, 85.38, 2.73, 93.24, 2.16, 2.11, 2.11, 2.9711, 3.521
2025/06/26 20:06:43, 385.13, 85.38, 2.56, 95.37, 2.27, 2.11, 2.06, 3.3802, 4.024
2025/06/26 20:11:43, 383.90, 85.38, 2.53, 94.38, 2.06, 1.98, 1.93, 3.3097, 4.024
2025/06/26 20:16:43, 400.34, 85.42, 2.30, 94.22, 1.98, 1.85, 1.77, 2.7933, 3.521
2025/06/26 20:21:43, 385.48, 85.42, 2.06, 95.31, 1.72, 1.64, 1.59, 3.0717, 3.521
2025/06/26 20:26:43, 395.77, 85.45, 2.50, 98.10, 2.61, 2.32, 2.08, 2.3976, 3.018
2025/06/26 20:31:43, 414.85, 85.45, 2.89, 94.04, 2.53, 2.43, 2.27, 1.5526, 2.515
2025/06/26 20:36:43, 393.84, 85.45, 2.96, 93.91, 2.71, 2.58, 2.45, 1.1368, 2.012
2025/06/26 20:41:43, 378.98, 85.45, 2.45, 95.02, 2.16, 1.98, 1.85, 2.0388, 3.018
2025/06/26 20:46:43, 374.41, 85.42, 2.48, 95.39, 2.22, 2.06, 1.88, 1.9416, 2.515
2025/06/26 20:51:43, 375.02, 85.42, 2.48, 95.03, 2.08, 1.93, 1.75, 1.9885, 2.515
2025/06/26 20:56:43, 383.81, 85.42, 2.16, 95.58, 1.90, 1.75, 1.64, 2.23, 2.515
2025/06/26 21:01:43, 384.43, 85.42, 2.58, 95.96, 2.22, 1.95, 1.75, 1.9248, 2.515
2025/06/26 21:06:43, 383.90, 85.42, 2.68, 95.03, 2.22, 1.95, 1.72, 1.6599, 2.012
2025/06/26 21:11:43, 386.71, 85.42, 2.84, 97.00, 2.48, 1.77, 1.51, 1.8108, 2.012
2025/06/26 21:16:43, 386.63, 85.42, 2.71, 92.76, 1.75, 1.46, 1.27, 1.5492, 2.012
2025/06/26 21:21:43, 387.07, 85.45, 2.37, 95.99, 1.75, 1.49, 1.30, 1.5325, 2.012
2025/06/26 21:26:43, 388.12, 85.42, 1.77, 95.22, 1.49, 1.33, 1.22, 1.6331, 2.515
2025/06/26 21:31:43, 386.45, 85.42, 1.41, 96.39, 1.14, 1.06, 1.00, 1.8544, 2.012
2025/06/26 21:36:43, 385.57, 85.42, 1.43, 98.11, 1.41, 1.25, 1.17, 2.2166, 3.018
2025/06/26 21:41:43, 384.87, 85.45, 1.43, 97.81, 1.33, 1.22, 1.11, 2.2635, 2.515
2025/06/26 21:46:43, 386.10, 85.45, 1.51, 98.05, 1.51, 1.38, 1.27, 2.3406, 2.515
2025/06/26 21:51:43, 381.00, 85.45, 1.51, 97.50, 1.49, 1.38, 1.25, 2.1663, 2.515
2025/06/26 21:56:43, 384.08, 85.45, 1.64, 97.13, 1.43, 1.27, 1.14, 2.0086, 2.515
2025/06/26 22:01:43, 376.16, 85.45, 1.38, 97.29, 1.11, 1.00, 0.90, 1.9181, 2.515
2025/06/26 22:06:43, 377.92, 85.42, 1.27, 98.66, 1.27, 1.11, 1.00, 2.4312, 3.018
2025/06/26 22:11:43, 393.04, 85.42, 1.46, 98.73, 1.43, 1.33, 1.17, 2.2199, 3.018
2025/06/26 22:16:43, 388.30, 85.45, 2.00, 98.22, 1.83, 1.59, 1.35, 2.2803, 2.515
2025/06/26 22:21:43, 411.86, 85.45, 1.85, 97.86, 1.64, 1.51, 1.33, 1.8276, 2.515
2025/06/26 22:26:43, 400.87, 85.45, 1.90, 98.06, 1.70, 1.54, 1.33, 1.6901, 2.515
2025/06/26 22:31:43, 409.04, 85.45, 1.59, 97.52, 1.25, 1.11, 1.00, 1.6096, 2.012
2025/06/26 22:36:43, 405.26, 85.45, 1.57, 99.05, 1.38, 1.19, 1.00, 2.1227, 2.515
2025/06/26 22:41:43, 395.86, 85.42, 1.57, 98.98, 1.38, 1.22, 1.11, 2.0858, 2.515
2025/06/26 22:46:43, 390.76, 85.45, 1.75, 99.78, 1.70, 1.51, 1.33, 2.069, 2.515
2025/06/26 22:51:43, 404.21, 85.45, 1.90, 99.81, 1.80, 1.64, 1.43, 1.8142, 2.515
2025/06/26 22:56:43, 406.76, 85.48, 1.90, 100.00, 1.85, 1.70, 1.46, 1.7538, 2.515
2025/06/26 23:01:43, 405.88, 85.45, 2.00, 100.00, 2.03, 1.70, 1.38, 2.1998, 3.018
2025/06/26 23:06:43, 391.55, 85.45, 1.85, 100.00, 1.64, 1.43, 1.22, 1.727, 2.012
2025/06/26 23:11:43, 392.16, 85.45, 1.67, 100.00, 1.54, 1.30, 1.11, 1.8108, 2.515
2025/06/26 23:16:43, 392.96, 85.45, 1.54, 100.00, 1.41, 1.22, 1.00, 1.5761, 2.012
2025/06/26 23:21:43, 419.86, 85.45, 1.14, 100.00, 0.90, 0.79, 0.74, 1.0798, 2.012
2025/06/26 23:26:43, 383.64, 85.45, 1.27, 100.00, 1.25, 1.00, 0.85, 1.0496, 1.509
2025/06/26 23:31:43, 377.84, 85.42, 1.49, 100.00, 1.38, 1.27, 1.17, 1.5727, 2.012
2025/06/26 23:36:43, 391.46, 85.42, 1.33, 100.00, 1.22, 1.11, 0.98, 1.5694, 2.012
2025/06/26 23:41:43, 433.48, 85.45, 1.17, 100.00, 0.98, 0.90, 0.79, 1.338, 2.012
2025/06/26 23:46:43, 411.51, 85.42, 1.33, 100.00, 1.33, 1.27, 1.11, 1.3346, 2.012
2025/06/26 23:51:43, 397.35, 85.45, 1.27, 100.00, 1.11, 1.03, 0.90, 1.5593, 2.515
2025/06/26 23:56:43, 385.13, 85.45, 1.14, 100.00, 1.11, 1.03, 0.90, 1.7404, 2.012
2025/06/27 0:01:43, 386.19, 85.45, 1.54, 100.00, 1.35, 1.22, 1.06, 1.6163, 2.012
2025/06/27 0:06:43, 390.23, 85.45, 1.22, 100.00, 1.06, 0.95, 0.87, 1.6498, 2.012
2025/06/27 0:11:43, 387.86, 85.42, 1.30, 100.00, 1.14, 1.03, 0.90, 1.6767, 2.012
2025/06/27 0:16:43, 388.74, 85.45, 1.17, 100.00, 1.00, 0.87, 0.77, 1.6297, 2.012
2025/06/27 0:21:43, 400.08, 85.45, 1.54, 100.00, 1.38, 1.08, 0.90, 1.7639, 2.012
2025/06/27 0:26:43, 398.05, 85.45, 1.43, 100.00, 1.25, 1.03, 0.90, 1.5325, 2.012
2025/06/27 0:31:43, 417.22, 85.45, 1.64, 100.00, 1.57, 1.33, 1.11, 1.2139, 1.509
2025/06/27 0:36:43, 420.65, 85.42, 1.59, 100.00, 1.43, 1.33, 1.22, 0.9758, 1.509
2025/06/27 0:41:43, 395.95, 85.45, 1.57, 100.00, 1.54, 1.38, 1.17, 1.1435, 2.012
2025/06/27 0:46:43, 391.55, 85.38, 1.75, 100.00, 1.64, 1.35, 1.03, 1.613, 2.012
2025/06/27 0:51:43, 386.19, 85.42, 1.85, 100.00, 1.62, 1.41, 1.22, 1.5593, 2.012
2025/06/27 0:56:43, 395.51, 85.42, 2.00, 100.00, 1.54, 1.17, 0.95, 1.7035, 2.012
2025/06/27 1:01:43, 396.47, 85.42, 1.70, 100.00, 1.35, 1.14, 0.95, 1.3749, 2.012
2025/06/27 1:06:43, 395.59, 85.42, 1.59, 100.00, 1.25, 1.03, 0.90, 1.4319, 2.012
2025/06/27 1:11:43, 393.22, 85.42, 1.22, 100.00, 1.11, 0.93, 0.74, 1.1334, 1.509
2025/06/27 1:16:43, 406.14, 85.42, 0.79, 100.00, 0.69, 0.61, 0.56, 1.2709, 1.509
2025/06/27 1:21:43, 396.47, 85.42, 0.98, 100.00, 1.00, 0.87, 0.74, 1.6431, 2.012
2025/06/27 1:26:43, 399.73, 85.42, 1.06, 100.00, 0.98, 0.87, 0.79, 1.5459, 2.012
2025/06/27 1:31:43, 383.29, 85.42, 1.17, 100.00, 1.19, 1.03, 0.87, 1.8678, 2.515
2025/06/27 1:36:43, 378.27, 85.38, 1.14, 100.00, 1.00, 0.87, 0.79, 1.5828, 2.515
2025/06/27 1:41:43, 375.11, 85.42, 1.11, 100.00, 1.08, 0.95, 0.85, 1.6029, 2.012
2025/06/27 1:46:43, 380.38, 85.42, 1.25, 100.00, 1.11, 0.98, 0.87, 1.5962, 2.012
2025/06/27 1:51:43, 379.95, 85.42, 1.14, 100.00, 1.08, 0.98, 0.85, 1.9852, 2.515
2025/06/27 1:56:43, 383.73, 85.38, 1.43, 100.00, 1.33, 1.11, 0.95, 2.1059, 3.018
2025/06/27 2:01:43, 385.40, 85.42, 1.35, 100.00, 1.27, 1.11, 0.95, 2.0154, 2.515
2025/06/27 2:06:43, 381.00, 85.38, 1.30, 100.00, 1.22, 1.11, 0.98, 2.0187, 2.515
2025/06/27 2:11:43, 401.04, 85.42, 1.17, 100.00, 1.11, 1.00, 0.93, 1.7504, 2.515
2025/06/27 2:16:43, 383.73, 85.38, 1.08, 100.00, 1.08, 0.98, 0.90, 1.9684, 2.515
2025/06/27 2:21:43, 392.25, 85.42, 1.03, 100.00, 0.87, 0.79, 0.69, 1.8343, 2.515
2025/06/27 2:26:43, 383.90, 85.38, 1.08, 100.00, 1.00, 0.90, 0.82, 1.7035, 2.012
2025/06/27 2:31:43, 379.33, 85.38, 1.17, 100.00, 1.11, 1.00, 0.93, 1.623, 2.012
2025/06/27 2:36:43, 382.32, 85.38, 1.00, 100.00, 0.93, 0.85, 0.74, 1.0194, 1.509
2025/06/27 2:41:43, 382.93, 85.38, 1.06, 100.00, 0.98, 0.85, 0.74, 1.1435, 1.509
2025/06/27 2:46:43, 387.77, 85.38, 1.38, 100.00, 1.14, 0.93, 0.85, 0.9959, 1.509
2025/06/27 2:51:43, 395.77, 85.38, 1.33, 100.00, 0.95, 0.82, 0.74, 1.1133, 1.509
2025/06/27 2:56:43, 391.11, 85.42, 1.95, 100.00, 2.03, 1.33, 0.90, 1.1703, 1.509
2025/06/27 3:01:43, 390.49, 85.38, 2.08, 100.00, 1.54, 0.95, 0.77, 1.0764, 1.509
2025/06/27 3:06:43, 390.49, 85.38, 2.22, 100.00, 2.03, 1.46, 0.87, 0.8484, 1.509
2025/06/27 3:11:43, 381.70, 85.48, 2.08, 100.00, 1.67, 1.33, 1.08, 1.0764, 1.509
2025/06/27 3:16:43, 378.01, 85.45, 1.95, 100.00, 1.54, 1.17, 0.98, 1.3044, 1.509
2025/06/27 3:21:43, 377.13, 85.45, 1.83, 100.00, 1.43, 1.22, 1.03, 1.405, 2.012
2025/06/27 3:26:43, 375.55, 85.42, 1.83, 100.00, 1.57, 1.22, 1.00, 1.4654, 2.012
2025/06/27 3:31:43, 380.38, 85.45, 1.59, 100.00, 1.27, 1.08, 0.93, 1.4386, 2.012
2025/06/27 3:36:43, 394.19, 85.57, 1.57, 100.00, 1.27, 1.14, 1.00, 1.4252, 2.012
2025/06/27 3:41:43, 391.55, 85.51, 1.54, 100.00, 1.22, 1.00, 0.79, 1.4553, 2.012
2025/06/27 3:46:43, 386.89, 85.57, 1.25, 100.00, 1.00, 0.87, 0.79, 1.2977, 1.509
2025/06/27 3:51:43, 385.66, 85.54, 1.14, 100.00, 1.06, 0.93, 0.82, 1.4252, 2.012
2025/06/27 3:56:43, 390.14, 85.54, 1.03, 100.00, 1.06, 0.95, 0.85, 1.5694, 2.515
2025/06/27 4:01:43, 381.44, 85.57, 1.41, 100.00, 1.11, 1.00, 0.90, 1.8846, 2.515
2025/06/27 4:06:43, 380.91, 85.51, 1.14, 100.00, 1.00, 0.90, 0.79, 1.7001, 2.012
2025/06/27 4:11:43, 390.76, 85.57, 1.19, 100.00, 1.03, 0.90, 0.79, 1.4889, 2.012
2025/06/27 4:16:43, 392.16, 85.63, 1.35, 100.00, 1.27, 1.11, 0.98, 1.4587, 2.012
2025/06/27 4:21:43, 392.43, 85.63, 1.80, 100.00, 1.38, 1.14, 0.95, 1.623, 2.012
2025/06/27 4:26:43, 389.53, 85.63, 2.08, 100.00, 2.03, 1.75, 1.43, 1.5023, 2.012
2025/06/27 4:31:43, 391.55, 85.63, 2.24, 100.00, 2.03, 1.75, 1.38, 1.1066, 1.509
2025/06/27 4:36:43, 426.89, 85.63, 2.16, 100.00, 1.95, 1.88, 1.75, 0.7008, 1.006
2025/06/27 4:41:43, 461.35, 85.63, 2.06, 100.00, 1.75, 1.64, 1.49, 0.8283, 1.509
2025/06/27 4:46:43, 466.01, 85.60, 1.90, 100.00, 1.70, 1.59, 1.43, 1.3011, 2.012
2025/06/27 4:51:43, 462.67, 85.60, 2.03, 100.00, 1.85, 1.64, 1.38, 1.2676, 1.509
2025/06/27 4:56:43, 449.75, 85.60, 2.16, 100.00, 1.75, 1.64, 1.43, 1.1636, 1.509
2025/06/27 5:01:43, 444.74, 85.60, 2.53, 100.00, 2.27, 2.08, 1.77, 0.8786, 1.509
2025/06/27 5:06:43, 437.70, 85.60, 2.24, 100.00, 1.75, 1.70, 1.59, 0.3018, 1.006
2025/06/27 5:11:43, 452.38, 85.60, 1.98, 100.00, 1.62, 1.54, 1.43, 0.7646, 1.006
2025/06/27 5:16:43, 445.00, 85.60, 2.24, 100.00, 1.80, 1.59, 1.38, 1.0462, 1.509
2025/06/27 5:21:43, 438.14, 85.60, 2.27, 100.00, 1.85, 1.72, 1.54, 1.0161, 1.509
2025/06/27 5:26:43, 438.58, 85.57, 2.30, 100.00, 1.75, 1.43, 1.25, 0.8484, 1.006
2025/06/27 5:31:43, 451.68, 85.60, 1.98, 100.00, 1.64, 1.54, 1.35, 1.0228, 1.509
2025/06/27 5:36:43, 459.59, 85.60, 2.91, 100.00, 2.30, 1.98, 1.77, 1.2407, 1.509
2025/06/27 5:41:43, 461.00, 85.60, 2.63, 100.00, 2.27, 1.95, 1.70, 1.1267, 1.509
2025/06/27 5:46:43, 471.20, 85.60, 2.48, 100.00, 2.22, 2.08, 1.93, 1.3145, 2.012
2025/06/27 5:51:43, 489.13, 85.32, 2.68, 100.00, 2.16, 2.06, 1.90, 0.8551, 1.509
2025/06/27 5:56:43, 477.97, 85.32, 2.71, 100.00, 2.37, 2.22, 1.98, 1.1804, 2.012
2025/06/27 6:01:43, 473.22, 85.32, 2.81, 100.00, 2.37, 2.27, 2.06, 1.4889, 2.012
2025/06/27 6:06:43, 461.35, 85.32, 2.66, 100.00, 2.27, 2.08, 1.90, 1.2609, 2.012
2025/06/27 6:11:43, 463.46, 85.29, 2.66, 100.00, 2.24, 2.11, 1.93, 1.3346, 2.012
2025/06/27 6:16:43, 466.27, 85.29, 2.71, 100.00, 2.11, 2.00, 1.88, 1.2676, 2.012
2025/06/27 6:21:43, 472.16, 85.26, 3.01, 100.00, 2.45, 2.35, 2.16, 1.7035, 2.012
2025/06/27 6:26:43, 500.82, 85.26, 3.50, 100.00, 3.04, 2.86, 2.61, 0.9859, 2.012
2025/06/27 6:31:43, 503.02, 85.26, 3.55, 100.00, 3.27, 3.09, 2.81, 1.1971, 2.012
2025/06/27 6:36:43, 480.16, 85.29, 3.65, 100.00, 3.40, 3.30, 3.06, 1.1569, 2.515
2025/06/27 6:41:43, 489.22, 85.26, 3.73, 100.00, 3.17, 3.09, 2.89, 1.6968, 2.515
2025/06/27 6:46:43, 501.44, 85.35, 3.43, 100.00, 2.71, 2.61, 2.43, 0.9289, 2.012
2025/06/27 6:51:43, 502.49, 85.32, 3.45, 100.00, 3.14, 2.96, 2.66, 1.1603, 2.012
2025/06/27 6:56:43, 502.76, 85.32, 3.50, 100.00, 2.86, 2.71, 2.50, 0.7143, 1.509
2025/06/27 7:01:43, 492.12, 85.29, 4.05, 100.00, 3.22, 3.12, 2.89, 0.6271, 1.509
2025/06/27 7:06:43, 492.12, 85.20, 5.16, 100.00, 3.98, 3.88, 3.80, 0.057, 0.503
2025/06/27 7:11:43, 446.76, 85.23, 4.64, 100.00, 3.06, 3.09, 3.06, 0.285, 1.006
2025/06/27 7:16:43, 436.03, 85.26, 4.00, 100.00, 2.96, 2.89, 2.68, 0.8953, 1.509
2025/06/27 7:21:43, 435.59, 85.26, 5.21, 100.00, 4.26, 4.00, 3.65, 0.4795, 1.006
2025/06/27 7:26:43, 443.59, 85.26, 5.05, 100.00, 3.85, 3.85, 3.73, 0.3957, 1.006
2025/06/27 7:31:43, 460.47, 85.26, 4.05, 100.00, 2.76, 2.76, 2.73, 0.6841, 1.509
2025/06/27 7:36:43, 464.96, 85.29, 4.08, 100.00, 3.19, 3.19, 3.09, 1.1301, 1.509
2025/06/27 7:41:43, 476.82, 85.26, 4.64, 99.79, 3.27, 3.14, 3.01, 0.503, 1.006
2025/06/27 7:46:43, 476.82, 85.26, 5.31, 94.66, 3.40, 3.32, 3.09, 0.0939, 1.006
2025/06/27 7:51:43, 476.82, 85.26, 5.85, 93.48, 4.13, 4.08, 3.80, 0.1341, 1.006
2025/06/27 7:56:43, 444.03, 85.26, 5.51, 95.33, 4.05, 3.95, 3.88, 0.5432, 1.006
2025/06/27 8:01:43, 441.48, 85.23, 5.10, 93.04, 3.43, 3.35, 3.30, 0.9222, 1.509
2025/06/27 8:06:43, 447.11, 85.26, 4.83, 91.77, 2.99, 3.01, 3.01, 0.9356, 1.509
2025/06/27 8:11:43, 463.90, 85.26, 4.51, 93.00, 2.99, 2.91, 2.89, 1.1971, 2.012
2025/06/27 8:16:43, 433.22, 85.26, 5.26, 92.33, 3.73, 3.80, 3.85, 0.8886, 1.509
2025/06/27 8:21:43, 433.22, 85.26, 5.51, 90.98, 3.63, 3.48, 3.40, 0.7243, 1.509
2025/06/27 8:26:43, 441.57, 85.26, 5.94, 88.26, 4.10, 3.95, 3.83, 0.7143, 1.509
2025/06/27 8:31:43, 434.80, 85.23, 6.31, 87.41, 4.36, 4.31, 4.10, 1.1703, 1.509
2025/06/27 8:36:43, 442.19, 85.26, 6.80, 86.83, 4.91, 4.71, 4.61, 1.4352, 2.012
2025/06/27 8:41:43, 433.57, 85.20, 7.06, 86.18, 5.16, 4.95, 4.91, 1.1468, 2.012
2025/06/27 8:46:43, 403.42, 85.17, 7.81, 83.28, 5.85, 5.31, 5.26, 1.7001, 2.012
2025/06/27 8:51:43, 410.98, 85.07, 8.88, 79.12, 6.87, 6.09, 5.87, 1.4755, 2.012
2025/06/27 8:56:43, 427.68, 85.13, 9.94, 70.23, 6.41, 6.26, 6.19, 1.1133, 1.509
2025/06/27 9:01:43, 453.62, 85.17, 8.55, 72.51, 4.93, 4.73, 4.64, 1.1871, 2.012
2025/06/27 9:06:43, 450.10, 85.13, 7.79, 78.24, 5.00, 4.95, 4.86, 1.4755, 2.012
2025/06/27 9:11:43, 449.84, 85.13, 7.45, 79.00, 4.98, 4.86, 4.71, 1.4553, 2.012
2025/06/27 9:16:43, 446.85, 85.17, 7.83, 75.43, 5.05, 4.88, 4.71, 1.4721, 2.012
2025/06/27 9:21:43, 447.29, 85.17, 7.97, 74.94, 5.26, 5.03, 4.95, 1.6901, 2.012
2025/06/27 9:26:43, 436.56, 85.20, 8.71, 73.09, 5.92, 5.70, 5.48, 1.3682, 2.012
2025/06/27 9:31:43, 463.11, 85.23, 8.69, 69.12, 5.23, 5.13, 5.05, 1.5727, 2.515
2025/06/27 9:36:43, 471.02, 85.26, 8.45, 73.20, 5.33, 5.10, 5.00, 1.7639, 2.515
2025/06/27 9:41:43, 458.63, 85.29, 8.55, 72.95, 5.38, 5.21, 4.93, 1.6431, 2.012
2025/06/27 9:46:43, 459.24, 85.23, 8.76, 72.28, 5.85, 5.60, 5.43, 1.3514, 2.012
2025/06/27 9:51:43, 439.99, 85.29, 8.97, 71.90, 5.94, 5.89, 5.73, 1.3883, 2.012
2025/06/27 9:56:43, 445.62, 85.32, 8.97, 69.20, 5.46, 5.33, 5.28, 0.9557, 1.509
2025/06/27 10:01:43, 450.89, 85.35, 9.04, 68.80, 5.58, 5.63, 5.85, 0.4359, 1.006
2025/06/27 10:06:43, 491.95, 85.32, 8.34, 72.40, 5.21, 5.08, 5.16, 0.3353, 1.006
2025/06/27 10:11:43, 516.47, 85.26, 7.50, 79.23, 4.64, 4.49, 4.31, 0.9691, 2.515
2025/06/27 10:16:43, 491.59, 85.26, 7.74, 80.30, 5.00, 4.83, 4.76, 1.5492, 2.515
2025/06/27 10:21:43, 467.07, 85.26, 8.81, 74.40, 5.77, 5.73, 5.51, 1.509, 2.012
2025/06/27 10:26:43, 488.60, 85.23, 10.43, 66.54, 6.68, 6.44, 6.36, 1.167, 2.012
2025/06/27 10:31:43, 477.97, 85.26, 12.76, 56.55, 8.41, 8.60, 8.88, 0.5634, 1.006
2025/06/27 10:36:43, 478.93, 85.23, 12.39, 58.34, 7.76, 7.86, 8.02, 0.4963, 1.006
2025/06/27 10:41:43, 436.91, 85.29, 12.28, 57.46, 8.02, 8.29, 8.36, 0.7947, 1.509
2025/06/27 10:46:43, 446.23, 85.29, 11.22, 59.94, 6.96, 6.77, 6.63, 0.6841, 1.006
2025/06/27 10:51:43, 446.23, 85.29, 12.25, 56.49, 7.52, 7.43, 7.40, 0.2113, 1.006
2025/06/27 10:56:43, 446.23, 85.32, 15.88, 52.67, 12.51, 10.80, 9.94, 0.0, 0.0
2025/06/27 11:01:43, 428.21, 85.32, 15.35, 45.32, 9.40, 8.09, 7.74, 0.4996, 1.006
2025/06/27 11:06:43, 402.27, 85.35, 16.29, 48.31, 13.42, 11.40, 10.12, 0.4795, 1.006
2025/06/27 11:11:43, 402.27, 85.35, 19.24, 38.34, 13.38, 11.38, 9.84, 0.0, 0.0
2025/06/27 11:16:43, 402.27, 85.38, 19.36, 36.00, 12.60, 10.34, 8.85, 0.0, 0.0
2025/06/27 11:21:43, 402.27, 85.35, 16.96, 39.59, 10.64, 8.67, 8.31, 0.3454, 1.509
2025/06/27 11:26:43, 402.27, 85.35, 16.29, 44.50, 11.73, 9.54, 9.14, 0.8182, 1.006
2025/06/27 11:31:43, 411.51, 85.29, 15.55, 49.74, 10.43, 10.50, 10.68, 0.721, 1.006
2025/06/27 11:36:43, 411.42, 85.29, 15.53, 49.89, 10.45, 8.53, 8.90, 0.617, 1.006
2025/06/27 11:41:43, 407.64, 85.29, 13.26, 54.66, 8.85, 7.55, 7.79, 0.8585, 1.509
2025/06/27 11:46:43, 407.64, 85.32, 13.07, 55.46, 9.28, 7.60, 8.02, 0.8618, 1.509
2025/06/27 11:51:43, 394.63, 85.32, 11.14, 56.02, 6.73, 6.39, 6.77, 1.291, 1.509
2025/06/27 11:56:43, 394.54, 85.26, 10.17, 62.23, 6.92, 6.34, 6.75, 1.5191, 2.012
2025/06/27 12:01:43, 388.21, 85.26, 8.74, 67.79, 5.60, 5.46, 5.68, 1.6565, 2.012
2025/06/27 12:06:43, 385.40, 85.26, 8.31, 70.92, 5.55, 5.38, 5.73, 1.5593, 2.012
2025/06/27 12:11:43, 383.37, 85.26, 8.50, 68.31, 5.80, 5.60, 6.06, 1.4822, 2.012
2025/06/27 12:16:43, 382.23, 85.29, 8.85, 68.73, 5.87, 5.75, 5.89, 1.4654, 2.012
2025/06/27 12:21:43, 370.98, 85.26, 8.67, 67.52, 5.58, 5.68, 5.89, 1.4621, 2.012
2025/06/27 12:26:43, 373.79, 85.23, 8.14, 70.52, 5.36, 5.41, 5.58, 1.7471, 2.012
2025/06/27 12:31:43, 379.42, 85.23, 7.64, 72.48, 5.41, 5.33, 5.68, 1.908, 2.515
2025/06/27 12:36:43, 380.12, 85.23, 7.71, 72.20, 5.43, 5.41, 5.60, 1.9449, 2.515
2025/06/27 12:41:43, 389.62, 85.23, 8.31, 70.62, 6.53, 6.26, 6.46, 1.7203, 2.012
2025/06/27 12:46:43, 395.07, 85.35, 8.55, 68.65, 6.36, 5.51, 5.82, 1.5358, 2.012
2025/06/27 12:51:43, 385.84, 85.20, 7.83, 72.51, 5.60, 5.51, 5.55, 1.6934, 2.012
2025/06/27 12:56:43, 370.63, 85.17, 6.99, 78.41, 4.61, 4.71, 4.78, 1.784, 2.012
2025/06/27 13:01:43, 377.22, 85.20, 7.18, 77.40, 5.13, 5.16, 5.43, 1.68, 2.012
2025/06/27 13:06:43, 384.60, 85.23, 8.12, 71.89, 6.11, 6.04, 6.21, 1.509, 2.012
2025/06/27 13:11:43, 381.35, 85.35, 7.74, 72.35, 5.21, 5.13, 5.28, 1.6498, 2.012
2025/06/27 13:16:43, 389.97, 85.32, 7.74, 72.57, 5.60, 5.41, 5.53, 1.7136, 2.012
2025/06/27 13:21:43, 406.32, 85.38, 8.99, 68.94, 7.57, 6.96, 7.35, 1.5258, 2.012
2025/06/27 13:26:43, 399.90, 85.35, 9.75, 66.75, 6.99, 6.24, 6.24, 1.2441, 2.012
2025/06/27 13:31:43, 402.27, 85.38, 9.49, 68.19, 7.31, 6.82, 7.23, 1.1401, 1.509
2025/06/27 13:36:43, 383.90, 85.35, 10.62, 68.88, 8.62, 7.76, 7.31, 0.892, 1.509
2025/06/27 13:41:43, 383.99, 85.35, 13.42, 61.91, 11.59, 9.77, 9.35, 0.3756, 1.006
2025/06/27 13:46:43, 393.13, 85.29, 16.72, 51.07, 13.67, 12.49, 12.09, 0.5097, 1.006
2025/06/27 13:51:43, 401.31, 85.35, 17.03, 45.14, 13.14, 11.26, 11.05, 0.778, 1.509
2025/06/27 13:56:43, 396.30, 85.23, 14.98, 48.48, 9.94, 9.54, 9.91, 1.1368, 1.509
2025/06/27 14:01:43, 391.29, 85.38, 14.33, 50.25, 10.38, 9.61, 10.17, 1.0898, 1.509
2025/06/27 14:06:43, 392.69, 85.38, 14.44, 48.38, 9.52, 8.76, 9.45, 0.8182, 1.509
2025/06/27 14:11:43, 401.84, 85.35, 13.89, 55.33, 10.78, 9.54, 9.91, 0.8987, 1.509
2025/06/27 14:16:43, 391.73, 85.38, 11.63, 56.97, 7.55, 6.96, 7.23, 1.0127, 1.509
2025/06/27 14:21:43, 393.40, 85.35, 11.45, 61.95, 9.82, 8.83, 9.45, 1.0295, 1.509
2025/06/27 14:26:43, 394.36, 85.38, 12.55, 54.81, 8.48, 7.57, 7.76, 0.9423, 1.509
2025/06/27 14:31:43, 416.08, 85.42, 13.00, 54.63, 9.30, 8.71, 9.11, 1.1301, 1.509
2025/06/27 14:36:43, 412.30, 85.38, 12.96, 53.77, 10.03, 9.02, 8.90, 1.2709, 1.509
2025/06/27 14:41:43, 386.10, 85.38, 11.19, 55.32, 6.92, 6.46, 7.09, 1.234, 1.509
2025/06/27 14:46:43, 386.36, 85.42, 10.66, 58.27, 7.21, 6.94, 7.26, 1.1468, 2.012
2025/06/27 14:51:43, 386.36, 85.45, 11.12, 59.34, 7.55, 6.82, 7.14, 0.664, 1.006
2025/06/27 14:56:43, 386.27, 85.38, 11.03, 60.07, 6.58, 6.46, 6.82, 0.6673, 1.006
2025/06/27 15:01:43, 378.80, 85.38, 9.33, 67.36, 5.70, 5.23, 5.26, 1.1804, 1.509
2025/06/27 15:06:43, 393.22, 85.42, 9.33, 63.35, 6.01, 5.80, 5.85, 0.9624, 1.509
2025/06/27 15:11:43, 378.71, 85.45, 6.73, 73.34, 3.80, 3.85, 3.90, 1.5828, 2.012
2025/06/27 15:16:43, 387.07, 85.45, 5.51, 78.09, 3.65, 3.60, 3.70, 1.566, 2.012
2025/06/27 15:21:43, 374.93, 85.42, 5.28, 83.43, 3.17, 3.12, 3.25, 1.5291, 2.012
2025/06/27 15:26:43, 391.37, 85.45, 5.60, 79.80, 4.26, 4.23, 4.46, 1.3615, 2.012
2025/06/27 15:31:43, 379.33, 85.38, 6.44, 75.33, 4.18, 4.21, 4.39, 1.3246, 2.012
2025/06/27 15:36:43, 390.41, 85.42, 7.06, 72.87, 4.95, 4.93, 5.21, 1.3849, 2.012
2025/06/27 15:41:43, 390.14, 85.45, 7.45, 69.90, 5.99, 5.82, 6.11, 1.4352, 2.012
2025/06/27 15:46:43, 385.31, 85.45, 7.21, 72.34, 4.86, 4.78, 5.21, 1.4822, 2.012
2025/06/27 15:51:43, 398.05, 85.45, 7.43, 70.49, 5.73, 5.31, 5.48, 1.4855, 2.012
2025/06/27 15:56:43, 370.80, 85.38, 6.68, 77.69, 4.28, 4.26, 4.54, 1.6565, 2.012
2025/06/27 16:01:43, 388.56, 85.42, 7.35, 75.25, 5.60, 5.33, 5.43, 1.4688, 2.012
2025/06/27 16:06:43, 383.73, 85.38, 7.31, 75.02, 5.21, 5.05, 5.31, 1.68, 2.012
2025/06/27 16:11:43, 387.95, 85.38, 7.97, 72.42, 6.21, 6.09, 6.34, 1.737, 2.012
2025/06/27 16:16:43, 394.98, 85.42, 7.64, 73.74, 5.82, 5.55, 5.87, 1.7035, 2.012
2025/06/27 16:21:43, 405.09, 85.38, 8.02, 71.91, 6.41, 5.70, 5.77, 1.2843, 2.012
2025/06/27 16:26:43, 393.04, 85.38, 7.28, 73.06, 5.03, 4.78, 5.23, 1.4989, 2.012
2025/06/27 16:31:43, 389.26, 85.45, 6.70, 75.22, 4.16, 4.10, 4.51, 1.0932, 1.509
2025/06/27 16:36:43, 370.80, 85.38, 5.82, 82.27, 3.43, 3.25, 3.45, 0.8484, 1.006
2025/06/27 16:41:43, 370.80, 85.42, 5.05, 86.99, 3.12, 2.96, 3.09, 1.1603, 1.509
2025/06/27 16:46:43, 371.24, 85.45, 5.31, 89.62, 3.93, 3.65, 3.60, 1.2977, 1.509
2025/06/27 16:51:43, 370.98, 85.38, 5.13, 88.30, 3.40, 3.30, 3.35, 1.3782, 2.012
2025/06/27 16:56:43, 372.91, 85.42, 5.03, 89.12, 3.35, 3.19, 3.32, 1.6197, 2.012
2025/06/27 17:01:43, 381.88, 85.42, 4.31, 89.40, 2.94, 2.81, 2.89, 1.7102, 2.012
2025/06/27 17:06:43, 379.24, 85.38, 4.10, 90.72, 2.91, 2.78, 2.91, 1.8477, 2.012
2025/06/27 17:11:43, 378.71, 85.38, 4.46, 91.08, 3.25, 3.14, 3.19, 1.6565, 2.012
2025/06/27 17:16:43, 384.87, 85.38, 4.36, 90.62, 3.06, 2.89, 2.96, 1.6733, 2.012
2025/06/27 17:21:43, 377.92, 85.38, 3.83, 91.66, 2.68, 2.61, 2.66, 1.9248, 2.515
2025/06/27 17:26:43, 373.26, 85.38, 4.00, 92.13, 2.78, 2.71, 2.78, 1.7169, 2.012
2025/06/27 17:31:43, 370.36, 85.42, 4.44, 92.84, 3.01, 2.84, 2.81, 1.5828, 2.012
2025/06/27 17:36:43, 386.36, 85.42, 5.28, 91.34, 4.05, 3.73, 3.70, 1.2776, 2.012
2025/06/27 17:41:43, 384.08, 85.42, 4.56, 91.39, 3.22, 3.04, 3.09, 1.4017, 2.012
2025/06/27 17:46:43, 390.41, 85.45, 4.28, 92.22, 3.19, 2.96, 2.99, 1.3983, 2.012
2025/06/27 17:51:43, 380.56, 85.42, 4.51, 92.56, 3.09, 2.89, 2.89, 1.566, 2.012
2025/06/27 17:56:43, 376.52, 85.38, 4.98, 94.08, 3.98, 3.68, 3.50, 0.9859, 1.509
2025/06/27 18:01:43, 386.10, 85.45, 4.36, 92.71, 3.14, 2.94, 3.04, 0.9356, 1.509
2025/06/27 18:06:43, 383.55, 85.48, 4.05, 94.89, 2.76, 2.43, 2.37, 0.6975, 1.006
2025/06/27 18:11:43, 393.92, 85.48, 4.71, 94.95, 3.63, 3.68, 3.60, 0.3018, 1.006
2025/06/27 18:16:43, 437.35, 85.45, 4.95, 96.17, 3.93, 3.85, 3.83, 0.0, 0.0
2025/06/27 18:21:43, 511.29, 85.42, 4.76, 95.51, 3.22, 3.06, 2.99, 0.2481, 1.006
2025/06/27 18:26:43, 528.08, 85.42, 3.55, 99.53, 2.99, 2.94, 2.81, 2.5888, 4.024
2025/06/27 18:31:43, 541.26, 85.45, 3.25, 100.00, 2.91, 2.81, 2.73, 3.0381, 4.024
2025/06/27 18:36:43, 538.63, 85.45, 3.30, 100.00, 3.30, 3.30, 3.14, 2.9744, 4.024
2025/06/27 18:41:43, 533.26, 85.48, 3.19, 100.00, 2.81, 2.76, 2.68, 2.5184, 3.521
2025/06/27 18:46:43, 527.90, 85.26, 2.86, 100.00, 2.68, 2.58, 2.43, 2.4513, 4.527
2025/06/27 18:51:43, 555.95, 85.60, 2.89, 100.00, 2.61, 2.53, 2.48, 1.8007, 3.018
2025/06/27 18:56:43, 542.05, 85.54, 2.86, 100.00, 2.56, 2.50, 2.48, 1.3547, 2.012
2025/06/27 19:01:43, 518.23, 85.54, 2.91, 100.00, 2.56, 2.48, 2.43, 0.8853, 2.012
2025/06/27 19:06:43, 518.23, 85.54, 3.09, 100.00, 2.73, 2.71, 2.78, 0.1509, 1.006
2025/06/27 19:11:43, 518.23, 85.54, 3.22, 100.00, 2.81, 2.84, 2.94, 0.0134, 0.503
2025/06/27 19:16:43, 518.23, 85.57, 3.32, 100.00, 2.99, 3.04, 3.17, 0.0, 0.0
2025/06/27 19:21:43, 555.15, 85.54, 2.91, 100.00, 2.40, 2.35, 2.27, 0.0, 0.0
2025/06/27 19:26:43, 555.15, 85.57, 2.99, 100.00, 2.61, 2.58, 2.50, 0.0, 0.0
2025/06/27 19:31:43, 562.10, 85.57, 2.68, 100.00, 2.50, 2.37, 2.27, 0.0771, 1.006
2025/06/27 19:36:43, 474.98, 85.57, 2.81, 100.00, 2.66, 2.63, 2.66, 0.0771, 1.006
2025/06/27 19:41:43, 495.81, 85.57, 2.76, 100.00, 2.53, 2.48, 2.43, 0.0, 0.0
2025/06/27 19:46:43, 582.49, 85.57, 2.99, 100.00, 2.63, 2.61, 2.58, 0.0537, 1.006
2025/06/27 19:51:43, 664.43, 85.48, 3.01, 100.00, 2.76, 2.68, 2.68, 0.0, 0.0
2025/06/27 19:56:43, 664.96, 85.48, 2.91, 100.00, 2.58, 2.40, 2.16, 0.0268, 1.006
2025/06/27 20:01:43, 664.96, 85.48, 3.14, 100.00, 2.84, 2.76, 2.73, 0.0, 0.0
2025/06/27 20:06:43, 665.04, 85.45, 3.25, 100.00, 2.84, 2.76, 2.63, 0.0, 0.0
2025/06/27 20:11:43, 665.04, 85.48, 3.19, 100.00, 2.73, 2.50, 2.06, 0.0, 0.0
2025/06/27 20:16:43, 665.04, 85.48, 3.06, 100.00, 2.58, 2.37, 1.95, 0.0, 0.0
2025/06/27 20:21:43, 685.00, 85.51, 2.68, 100.00, 2.27, 2.06, 1.85, 0.1677, 1.006
2025/06/27 20:26:43, 350.14, 85.51, 2.48, 100.00, 1.98, 1.88, 1.77, 0.7981, 1.006
2025/06/27 20:31:43, 367.55, 85.54, 2.03, 100.00, 1.54, 1.35, 1.25, 1.2541, 1.509
2025/06/27 20:36:43, 387.59, 85.57, 1.95, 100.00, 1.85, 1.64, 1.43, 1.2877, 2.012
2025/06/27 20:41:43, 386.36, 85.57, 2.00, 100.00, 1.59, 1.46, 1.35, 1.3782, 2.012
2025/06/27 20:46:43, 389.62, 85.54, 1.85, 100.00, 1.59, 1.46, 1.33, 1.348, 2.012
2025/06/27 20:51:43, 386.10, 85.54, 1.54, 100.00, 1.27, 1.14, 1.06, 1.5056, 2.012
2025/06/27 20:56:43, 381.44, 85.54, 1.38, 100.00, 1.08, 0.98, 0.90, 1.7605, 2.012
2025/06/27 21:01:43, 373.35, 85.54, 1.38, 100.00, 1.19, 1.00, 0.95, 1.5425, 2.012
2025/06/27 21:06:43, 372.03, 85.51, 1.54, 100.00, 1.30, 1.11, 0.98, 1.7303, 2.012
2025/06/27 21:11:43, 378.36, 85.54, 1.64, 100.00, 1.38, 1.19, 1.08, 1.784, 2.012
2025/06/27 21:16:43, 378.19, 85.57, 1.64, 100.00, 1.35, 1.17, 1.00, 1.784, 2.012
2025/06/27 21:21:43, 373.09, 85.57, 1.75, 100.00, 1.43, 1.22, 1.08, 1.7571, 2.012
2025/06/27 21:26:43, 372.56, 85.57, 1.64, 100.00, 1.41, 1.22, 1.11, 1.7571, 2.012
2025/06/27 21:31:43, 372.56, 85.57, 1.46, 100.00, 1.27, 1.06, 0.93, 1.7404, 2.012
2025/06/27 21:36:43, 371.59, 85.57, 1.22, 100.00, 0.98, 0.90, 0.82, 1.5056, 2.012
2025/06/27 21:41:43, 381.26, 85.60, 1.11, 100.00, 0.85, 0.79, 0.72, 1.6599, 2.515
2025/06/27 21:46:43, 384.16, 85.60, 1.03, 100.00, 0.90, 0.82, 0.74, 1.7672, 2.012
2025/06/27 21:51:43, 386.71, 85.60, 1.03, 100.00, 1.03, 0.90, 0.82, 1.851, 2.515
2025/06/27 21:56:43, 390.93, 85.60, 1.30, 100.00, 1.22, 1.08, 0.95, 1.7102, 2.012
2025/06/27 22:01:43, 386.80, 85.60, 1.41, 100.00, 1.27, 1.11, 0.95, 1.5761, 2.012
2025/06/27 22:06:43, 388.74, 85.63, 1.59, 100.00, 1.43, 1.25, 1.08, 1.5828, 2.012
2025/06/27 22:11:43, 387.07, 85.60, 1.64, 100.00, 1.43, 1.22, 1.03, 1.5559, 2.012
2025/06/27 22:16:43, 376.16, 85.63, 1.49, 100.00, 1.41, 1.22, 1.06, 1.3782, 2.012
2025/06/27 22:21:43, 376.25, 85.63, 1.54, 100.00, 1.38, 1.22, 1.11, 1.3011, 2.012
2025/06/27 22:26:43, 427.86, 85.63, 1.35, 100.00, 1.14, 1.06, 0.95, 0.7947, 1.509
2025/06/27 22:31:43, 397.88, 85.63, 1.38, 100.00, 1.43, 1.38, 1.22, 1.0094, 2.012
2025/06/27 22:36:43, 382.23, 85.63, 1.64, 100.00, 1.51, 1.33, 1.17, 0.949, 1.509
2025/06/27 22:41:43, 381.53, 85.63, 1.64, 100.00, 1.35, 1.11, 0.95, 1.2139, 2.012
2025/06/27 22:46:43, 491.86, 85.63, 2.22, 100.00, 2.30, 2.27, 2.27, 0.4594, 1.509
2025/06/27 22:51:43, 393.13, 85.63, 2.27, 100.00, 2.37, 2.27, 2.08, 0.228, 1.006
2025/06/27 22:56:43, 393.13, 85.63, 2.30, 100.00, 2.16, 1.95, 1.57, 0.1073, 1.006
2025/06/27 23:01:43, 393.13, 85.63, 2.08, 100.00, 2.24, 1.98, 1.72, 0.4527, 1.006
2025/06/27 23:06:43, 393.13, 85.66, 2.30, 100.00, 2.45, 2.37, 2.16, 0.0302, 0.503
2025/06/27 23:11:43, 393.13, 85.66, 2.08, 100.00, 2.03, 1.80, 1.51, 0.0, 0.0
2025/06/27 23:16:43, 393.13, 85.63, 2.11, 100.00, 2.16, 1.95, 1.35, 0.0, 0.0
2025/06/27 23:21:43, 393.13, 85.63, 2.24, 100.00, 2.27, 2.06, 1.77, 0.0, 0.0
2025/06/27 23:26:43, 393.13, 85.63, 2.40, 100.00, 2.58, 2.30, 1.72, 0.0, 0.0
2025/06/27 23:31:43, 393.13, 85.63, 2.37, 100.00, 2.56, 2.37, 1.98, 0.0, 0.0
2025/06/27 23:36:43, 393.13, 85.63, 2.66, 100.00, 2.86, 2.78, 2.45, 0.0, 0.0
2025/06/27 23:41:43, 539.51, 85.63, 2.68, 100.00, 2.53, 2.43, 2.14, 0.2817, 1.509
2025/06/27 23:46:43, 527.81, 85.63, 2.63, 100.00, 2.68, 2.63, 2.50, 0.1911, 2.012
2025/06/27 23:51:43, 600.78, 85.70, 2.68, 100.00, 2.81, 2.78, 2.63, 0.9993, 3.018
2025/06/27 23:56:43, 512.69, 85.70, 2.32, 100.00, 2.27, 2.14, 1.95, 1.67, 2.515
2025/06/28 0:01:43, 513.04, 85.66, 2.22, 100.00, 2.06, 1.90, 1.77, 1.3011, 2.012
2025/06/28 0:06:43, 547.07, 85.70, 2.30, 100.00, 2.30, 2.22, 2.06, 1.6599, 2.515
2025/06/28 0:11:43, 551.37, 85.70, 2.71, 100.00, 2.76, 2.68, 2.56, 1.5828, 2.515
2025/06/28 0:16:43, 542.93, 85.70, 2.22, 100.00, 1.95, 1.77, 1.64, 1.2743, 2.012
2025/06/28 0:21:43, 500.47, 85.66, 1.98, 100.00, 1.90, 1.72, 1.54, 0.56, 1.006
2025/06/28 0:26:43, 492.03, 85.70, 2.24, 100.00, 2.00, 1.85, 1.70, 0.9892, 1.509
2025/06/28 0:31:43, 489.66, 85.66, 2.40, 100.00, 2.19, 1.95, 1.64, 1.12, 1.509
2025/06/28 0:36:43, 518.14, 85.66, 2.14, 100.00, 1.95, 1.75, 1.57, 0.6304, 1.509
2025/06/28 0:41:43, 518.14, 85.66, 1.90, 100.00, 1.93, 1.88, 1.80, 0.0604, 0.503
2025/06/28 0:46:43, 518.14, 85.66, 2.08, 100.00, 2.14, 2.00, 1.75, 0.0, 0.0
2025/06/28 0:51:43, 427.51, 85.63, 1.98, 100.00, 1.95, 1.54, 1.00, 0.342, 1.006
2025/06/28 0:56:43, 427.51, 85.60, 1.95, 100.00, 1.62, 1.06, 0.72, 0.0335, 0.503
2025/06/28 1:01:43, 417.40, 85.60, 2.03, 100.00, 2.16, 1.85, 1.06, 0.2213, 1.006
2025/06/28 1:06:43, 417.48, 85.60, 2.35, 100.00, 2.40, 1.95, 1.06, 0.0537, 1.006
2025/06/28 1:11:43, 415.11, 85.63, 2.66, 100.00, 2.78, 2.61, 1.49, 0.0268, 0.503
2025/06/28 1:16:43, 415.11, 85.70, 2.58, 100.00, 2.63, 2.53, 1.85, 0.1341, 0.503
2025/06/28 1:21:43, 486.67, 85.73, 2.08, 100.00, 1.88, 1.67, 1.46, 0.1945, 1.006
2025/06/28 1:26:43, 486.93, 85.70, 2.63, 100.00, 2.53, 2.37, 1.90, 0.0972, 1.006
2025/06/28 1:31:43, 493.00, 85.73, 2.50, 100.00, 2.37, 2.11, 1.77, 0.1945, 1.006
2025/06/28 1:36:43, 493.35, 85.70, 2.24, 100.00, 2.16, 1.98, 1.75, 0.0537, 0.503
2025/06/28 1:41:43, 501.88, 85.70, 2.56, 100.00, 2.48, 2.27, 2.06, 0.0, 0.0
2025/06/28 1:46:43, 508.38, 85.76, 2.63, 100.00, 2.84, 2.76, 2.63, 0.0, 0.0
2025/06/28 1:51:43, 523.77, 85.73, 2.71, 100.00, 2.68, 2.63, 2.61, 0.0369, 0.503
2025/06/28 1:56:43, 484.91, 85.73, 2.50, 100.00, 2.53, 2.45, 2.32, 0.0, 0.0
2025/06/28 2:01:43, 486.76, 85.73, 2.37, 100.00, 2.37, 2.24, 2.16, 0.0, 0.0
2025/06/28 2:06:43, 486.76, 85.73, 2.45, 100.00, 2.66, 2.48, 2.14, 0.0, 0.0
2025/06/28 2:11:43, 445.70, 85.73, 2.37, 100.00, 2.48, 2.35, 2.00, 0.2481, 1.006
2025/06/28 2:16:43, 445.70, 85.73, 2.50, 100.00, 2.43, 2.27, 1.95, 0.0, 0.0
2025/06/28 2:21:43, 445.70, 85.73, 2.43, 100.00, 2.43, 2.19, 1.77, 0.0, 0.0
2025/06/28 2:26:43, 447.46, 85.73, 2.63, 100.00, 2.73, 2.68, 2.58, 0.0067, 0.503
2025/06/28 2:31:43, 447.55, 85.73, 2.63, 100.00, 2.84, 2.78, 2.61, 0.0, 0.0
2025/06/28 2:36:43, 447.55, 85.76, 2.78, 100.00, 2.89, 2.81, 2.73, 0.0, 0.0
2025/06/28 2:41:43, 550.32, 85.76, 2.89, 100.00, 2.94, 2.86, 2.73, 0.0, 0.0
2025/06/28 2:46:43, 549.44, 85.73, 2.89, 100.00, 2.89, 2.73, 2.32, 0.0, 0.0
2025/06/28 2:51:43, 549.44, 85.73, 2.76, 100.00, 2.81, 2.76, 2.58, 0.0, 0.0
2025/06/28 2:56:43, 556.30, 85.76, 2.68, 100.00, 2.58, 2.43, 2.14, 0.0302, 0.503
2025/06/28 3:01:43, 556.30, 85.73, 2.68, 100.00, 2.81, 2.78, 2.68, 0.0, 0.0
2025/06/28 3:06:43, 556.30, 85.76, 2.78, 100.00, 2.89, 2.78, 2.66, 0.0, 0.0
2025/06/28 3:11:43, 543.29, 85.76, 2.58, 100.00, 2.66, 2.43, 2.16, 0.4192, 1.509
2025/06/28 3:16:43, 555.68, 85.73, 2.50, 100.00, 2.24, 2.11, 1.98, 1.6867, 3.521
2025/06/28 3:21:43, 497.92, 85.79, 2.84, 100.00, 2.71, 2.58, 2.45, 1.8946, 4.024
2025/06/28 3:26:43, 556.12, 85.76, 2.48, 100.00, 2.19, 2.00, 1.77, 1.4285, 2.515
2025/06/28 3:31:43, 565.62, 85.76, 2.71, 100.00, 2.76, 2.68, 2.53, 1.1569, 2.012
2025/06/28 3:36:43, 565.79, 85.76, 2.58, 100.00, 2.58, 2.50, 2.22, 0.7176, 2.012
2025/06/28 3:41:43, 523.59, 85.79, 2.53, 100.00, 2.56, 2.43, 2.27, 2.0958, 3.018
2025/06/28 3:46:43, 507.15, 85.70, 2.58, 100.00, 2.58, 2.48, 2.32, 2.4647, 3.521
2025/06/28 3:51:43, 523.15, 85.73, 2.73, 100.00, 2.94, 2.76, 2.61, 2.0489, 3.521
2025/06/28 3:56:43, 533.00, 85.73, 2.81, 100.00, 2.61, 2.48, 2.35, 2.9677, 5.03
2025/06/28 4:01:43, 536.16, 85.73, 2.45, 100.00, 2.30, 2.16, 2.00, 2.8637, 4.024
2025/06/28 4:06:43, 545.40, 85.73, 2.73, 100.00, 2.48, 2.35, 2.16, 3.9234, 6.036
2025/06/28 4:11:43, 501.88, 85.73, 2.68, 100.00, 2.56, 2.32, 2.14, 1.9282, 3.521
2025/06/28 4:16:43, 513.31, 85.63, 2.40, 100.00, 2.37, 2.19, 2.03, 1.3581, 2.012
2025/06/28 4:21:43, 509.09, 85.63, 2.50, 100.00, 2.43, 2.32, 2.16, 1.7136, 2.515
2025/06/28 4:26:43, 517.09, 85.63, 2.58, 100.00, 2.48, 2.37, 2.22, 1.8242, 3.521
2025/06/28 4:31:43, 498.27, 85.63, 2.71, 100.00, 2.61, 2.50, 2.35, 2.6391, 5.03
2025/06/28 4:36:43, 509.18, 85.63, 2.58, 100.00, 2.48, 2.35, 2.22, 2.5988, 6.036
2025/06/28 4:41:43, 501.88, 85.63, 3.01, 100.00, 3.09, 2.99, 2.91, 3.5646, 5.533
2025/06/28 4:46:43, 529.22, 85.63, 2.71, 100.00, 2.68, 2.56, 2.37, 4.3426, 7.042
2025/06/28 4:51:43, 554.45, 85.63, 2.53, 100.00, 2.66, 2.50, 2.37, 4.356, 6.036
2025/06/28 4:56:43, 523.86, 85.66, 2.71, 100.00, 2.78, 2.68, 2.53, 4.4298, 8.551
2025/06/28 5:01:43, 528.34, 85.63, 2.73, 100.00, 2.76, 2.63, 2.43, 4.3761, 6.539
2025/06/28 5:06:43, 524.30, 85.66, 2.43, 100.00, 2.68, 2.66, 2.43, 3.5679, 6.539
2025/06/28 5:11:43, 528.69, 85.63, 2.53, 100.00, 2.45, 2.37, 2.22, 3.4673, 5.03
2025/06/28 5:16:43, 525.00, 85.63, 2.84, 100.00, 2.91, 2.78, 2.63, 4.1783, 6.539
2025/06/28 5:21:43, 527.81, 85.63, 2.84, 100.00, 2.81, 2.71, 2.53, 5.5196, 7.545
2025/06/28 5:26:43, 525.53, 85.66, 3.09, 100.00, 3.40, 3.35, 3.09, 4.8187, 6.539
2025/06/28 5:31:43, 547.15, 85.66, 2.99, 100.00, 2.89, 2.81, 2.68, 4.8254, 6.539
2025/06/28 5:36:43, 514.01, 85.66, 3.04, 100.00, 2.86, 2.78, 2.63, 4.8355, 7.042
2025/06/28 5:41:43, 539.68, 85.66, 2.84, 100.00, 2.96, 2.91, 2.73, 4.423, 6.036
2025/06/28 5:46:43, 525.35, 85.66, 2.94, 100.00, 2.78, 2.66, 2.48, 3.8832, 6.036
2025/06/28 5:51:43, 520.34, 85.66, 2.68, 100.00, 2.50, 2.37, 2.16, 3.0079, 5.03
2025/06/28 5:56:43, 520.69, 85.66, 2.63, 100.00, 2.48, 2.32, 2.11, 2.3607, 4.024
2025/06/28 6:01:43, 511.11, 85.66, 3.09, 100.00, 3.04, 2.99, 2.86, 2.6827, 5.533
2025/06/28 6:06:43, 519.81, 85.66, 2.99, 100.00, 2.81, 2.73, 2.58, 2.4211, 5.03
2025/06/28 6:11:43, 494.76, 85.70, 2.94, 100.00, 2.63, 2.48, 2.32, 2.1595, 3.521
2025/06/28 6:16:43, 507.68, 85.73, 2.73, 100.00, 2.35, 2.16, 1.98, 2.4513, 4.527
2025/06/28 6:21:43, 514.45, 85.70, 3.14, 100.00, 2.99, 2.84, 2.66, 4.9227, 7.545
2025/06/28 6:26:43, 538.10, 85.70, 3.40, 100.00, 3.19, 3.06, 2.91, 4.9998, 7.042
2025/06/28 6:31:43, 525.62, 85.70, 3.06, 100.00, 2.63, 2.58, 2.50, 4.1548, 6.539
2025/06/28 6:36:43, 538.89, 85.70, 2.99, 100.00, 2.81, 2.71, 2.56, 4.0575, 5.533
2025/06/28 6:41:43, 529.22, 85.70, 3.14, 100.00, 3.22, 3.14, 2.99, 5.4156, 9.054
2025/06/28 6:46:43, 542.05, 85.70, 2.99, 100.00, 3.12, 3.04, 2.86, 4.0911, 6.539
2025/06/28 6:51:43, 529.22, 85.70, 3.30, 100.00, 3.50, 3.45, 3.32, 3.9368, 5.533
2025/06/28 6:56:43, 548.30, 85.70, 3.04, 100.00, 2.68, 2.58, 2.40, 3.6048, 7.042
2025/06/28 7:01:43, 530.01, 85.73, 3.12, 100.00, 3.06, 2.91, 2.73, 2.8302, 5.03
2025/06/28 7:06:43, 527.20, 85.73, 3.04, 100.00, 2.96, 2.78, 2.61, 2.7866, 4.024
2025/06/28 7:11:43, 583.81, 85.73, 2.63, 100.00, 2.30, 2.22, 2.11, 1.9349, 3.521
2025/06/28 7:16:43, 535.02, 85.73, 2.89, 100.00, 2.71, 2.58, 2.45, 1.6599, 3.521
2025/06/28 7:21:43, 544.87, 85.73, 3.09, 100.00, 2.89, 2.73, 2.58, 2.8503, 4.527
2025/06/28 7:26:43, 530.36, 85.73, 3.04, 100.00, 2.86, 2.76, 2.63, 2.7866, 4.024
2025/06/28 7:31:43, 522.10, 85.70, 3.32, 100.00, 2.94, 2.89, 2.76, 3.2661, 6.539
2025/06/28 7:36:43, 532.91, 85.70, 2.91, 100.00, 2.50, 2.37, 2.19, 2.6491, 4.024
2025/06/28 7:41:43, 540.03, 85.73, 3.01, 100.00, 2.58, 2.45, 2.27, 2.9677, 4.024
2025/06/28 7:46:43, 501.00, 85.70, 3.32, 100.00, 2.99, 2.89, 2.61, 2.5485, 4.024
2025/06/28 7:51:43, 540.38, 85.73, 3.58, 100.00, 3.14, 3.09, 2.94, 3.3232, 5.03
2025/06/28 7:56:43, 545.75, 85.73, 3.35, 100.00, 2.91, 2.84, 2.58, 2.0891, 3.521
2025/06/28 8:01:43, 506.01, 85.73, 3.58, 100.00, 2.94, 2.84, 2.58, 2.1294, 3.018
2025/06/28 8:06:43, 526.41, 85.76, 3.53, 100.00, 2.66, 2.63, 2.45, 1.2609, 2.012
2025/06/28 8:11:43, 521.31, 85.70, 3.63, 100.00, 3.40, 3.37, 3.25, 2.2132, 4.024
2025/06/28 8:16:43, 520.34, 85.73, 3.55, 100.00, 3.14, 3.12, 2.89, 1.9751, 3.521
2025/06/28 8:21:43, 508.30, 85.73, 3.58, 100.00, 2.68, 2.58, 2.43, 2.3943, 5.03
2025/06/28 8:26:43, 541.88, 85.76, 3.65, 100.00, 3.19, 3.14, 2.99, 2.2333, 4.024
2025/06/28 8:31:43, 505.40, 85.73, 4.03, 100.00, 3.22, 3.14, 2.86, 2.3339, 4.024
2025/06/28 8:36:43, 511.55, 85.82, 4.23, 100.00, 3.19, 3.04, 2.76, 1.1167, 3.018
2025/06/28 8:41:43, 535.02, 85.82, 3.95, 100.00, 3.30, 3.19, 2.94, 1.8712, 3.521
2025/06/28 8:46:43, 468.21, 85.82, 4.66, 100.00, 3.65, 3.53, 3.30, 1.5056, 2.515
2025/06/28 8:51:43, 517.53, 85.82, 4.71, 100.00, 3.53, 3.43, 3.09, 2.1394, 3.018
2025/06/28 8:56:43, 512.08, 85.85, 4.93, 100.00, 3.30, 3.17, 2.91, 1.1938, 2.515
2025/06/28 9:01:43, 522.71, 85.85, 4.69, 100.00, 3.60, 3.50, 3.30, 1.613, 3.018
2025/06/28 9:06:43, 538.19, 85.88, 4.10, 100.00, 3.55, 3.45, 3.30, 2.8403, 4.527
2025/06/28 9:11:43, 526.76, 85.85, 3.98, 100.00, 3.22, 3.19, 2.99, 2.8369, 4.527
2025/06/28 9:16:43, 520.52, 85.85, 3.80, 100.00, 2.89, 2.84, 2.63, 2.5251, 3.521
2025/06/28 9:21:43, 531.33, 85.85, 4.10, 100.00, 3.45, 3.48, 3.22, 2.2031, 3.521
2025/06/28 9:26:43, 527.29, 85.85, 3.85, 100.00, 3.19, 3.22, 3.01, 2.857, 4.527
2025/06/28 9:31:43, 516.03, 85.85, 3.80, 100.00, 3.32, 3.25, 2.96, 3.7289, 6.539
2025/06/28 9:36:43, 544.96, 85.85, 3.83, 100.00, 3.50, 3.45, 3.27, 3.0214, 4.527
2025/06/28 9:41:43, 523.51, 85.82, 3.80, 100.00, 3.25, 3.19, 2.99, 3.1387, 6.036
2025/06/28 9:46:43, 527.64, 85.85, 3.85, 100.00, 3.19, 3.14, 2.94, 2.7095, 5.03
2025/06/28 9:51:43, 516.38, 85.85, 4.33, 100.00, 3.30, 3.22, 2.91, 2.4278, 5.03
2025/06/28 9:56:43, 521.13, 85.85, 4.16, 100.00, 3.30, 3.22, 2.99, 1.8477, 4.024
2025/06/28 10:01:43, 526.23, 85.88, 4.16, 100.00, 3.22, 3.09, 2.91, 3.1756, 5.03
2025/06/28 10:06:43, 496.43, 85.95, 4.39, 100.00, 3.30, 3.12, 2.99, 1.9148, 3.521
2025/06/28 10:11:43, 492.56, 86.07, 4.91, 100.00, 3.45, 3.30, 3.19, 1.1234, 2.012
2025/06/28 10:16:43, 502.85, 86.04, 5.41, 100.00, 4.23, 4.00, 3.95, 1.1066, 2.012
2025/06/28 10:21:43, 513.57, 85.95, 4.81, 100.00, 3.55, 3.43, 3.25, 1.5291, 3.018
2025/06/28 10:26:43, 508.12, 86.07, 4.95, 100.00, 3.55, 3.45, 3.30, 1.2273, 2.515
2025/06/28 10:31:43, 498.71, 86.01, 4.73, 100.00, 3.37, 3.32, 3.14, 1.6532, 3.018
2025/06/28 10:36:43, 515.51, 86.04, 5.05, 100.00, 3.65, 3.65, 3.43, 1.3447, 2.012
2025/06/28 10:41:43, 492.65, 86.10, 5.51, 100.00, 4.13, 4.08, 3.70, 1.0194, 2.012
2025/06/28 10:46:43, 484.47, 86.16, 5.80, 100.00, 4.05, 4.16, 3.93, 1.0496, 1.509
2025/06/28 10:51:43, 491.33, 86.13, 5.73, 100.00, 3.83, 3.88, 3.73, 0.7713, 1.509
2025/06/28 10:56:43, 506.01, 86.16, 6.06, 100.00, 4.26, 4.33, 4.00, 1.2374, 2.012
2025/06/28 11:01:43, 484.56, 86.13, 6.46, 100.00, 4.64, 4.71, 4.44, 1.4084, 2.515
2025/06/28 11:06:43, 489.13, 86.13, 6.39, 100.00, 4.26, 4.49, 4.28, 1.2609, 2.012
2025/06/28 11:11:43, 490.71, 86.13, 5.87, 100.00, 4.00, 4.10, 3.90, 1.1167, 2.012
2025/06/28 11:16:43, 467.51, 86.13, 5.80, 100.00, 3.85, 3.93, 3.75, 1.5928, 2.515
2025/06/28 11:21:43, 455.81, 86.13, 6.19, 100.00, 4.28, 4.41, 4.21, 1.2776, 2.012
2025/06/28 11:26:43, 465.57, 86.10, 5.60, 100.00, 3.90, 4.00, 3.80, 1.9047, 2.515
2025/06/28 11:31:43, 477.44, 86.13, 6.09, 100.00, 3.90, 4.03, 3.88, 1.6968, 2.012
2025/06/28 11:36:43, 493.35, 86.20, 6.77, 100.00, 4.73, 4.81, 4.51, 1.8812, 2.515
2025/06/28 11:41:43, 482.36, 86.16, 7.55, 100.00, 4.76, 4.86, 4.73, 0.9054, 1.509
2025/06/28 11:46:43, 475.42, 86.16, 6.92, 100.00, 4.51, 4.66, 4.59, 1.2709, 2.012
2025/06/28 11:51:43, 477.35, 86.16, 5.80, 100.00, 3.65, 3.75, 3.68, 1.4922, 2.012
2025/06/28 11:56:43, 492.30, 86.16, 5.51, 100.00, 3.73, 3.78, 3.60, 1.6666, 2.012
2025/06/28 12:01:43, 472.25, 86.13, 6.09, 100.00, 4.41, 4.54, 4.18, 0.9758, 1.509
2025/06/28 12:06:43, 477.88, 85.91, 6.01, 100.00, 4.05, 4.16, 3.93, 0.6874, 1.509
2025/06/28 12:11:43, 486.41, 86.01, 6.48, 100.00, 4.39, 4.46, 4.31, 0.4326, 1.509
2025/06/28 12:16:43, 511.55, 85.95, 5.97, 100.00, 4.26, 4.31, 4.00, 0.9792, 2.012
2025/06/28 12:21:43, 503.55, 86.29, 5.60, 100.00, 4.10, 4.16, 3.73, 1.5224, 3.521
2025/06/28 12:26:43, 524.65, 87.38, 5.28, 100.00, 3.85, 3.88, 3.55, 1.7404, 3.018
2025/06/28 12:31:43, 518.14, 87.16, 5.26, 100.00, 4.31, 4.31, 3.93, 2.2132, 3.521
2025/06/28 12:36:43, 471.99, 87.10, 5.48, 100.00, 3.95, 4.10, 3.75, 1.8946, 4.024
2025/06/28 12:41:43, 506.98, 87.07, 5.41, 100.00, 3.93, 4.13, 3.70, 2.0053, 4.024
2025/06/28 12:46:43, 507.68, 86.98, 5.00, 100.00, 3.80, 3.93, 3.50, 2.3004, 4.024
2025/06/28 12:51:43, 494.05, 87.07, 5.18, 100.00, 4.03, 4.05, 3.65, 1.8007, 2.515
2025/06/28 12:56:43, 483.15, 85.45, 5.26, 100.00, 3.80, 3.90, 3.63, 1.6666, 2.515
2025/06/28 13:01:43, 502.23, 85.88, 5.10, 100.00, 3.80, 3.73, 3.50, 1.9885, 3.521
2025/06/28 13:06:43, 484.74, 85.07, 5.63, 100.00, 4.26, 4.26, 4.05, 1.2038, 2.012
2025/06/28 13:11:43, 483.59, 85.45, 5.43, 100.00, 3.80, 3.95, 3.78, 1.5895, 2.515
2025/06/28 13:16:43, 508.82, 85.88, 4.98, 100.00, 3.43, 3.48, 3.35, 1.1234, 2.012
2025/06/28 13:21:43, 499.95, 86.16, 5.68, 100.00, 4.21, 4.18, 3.90, 1.0965, 3.018
2025/06/28 13:26:43, 496.25, 86.26, 6.31, 100.00, 4.56, 4.56, 4.36, 0.9456, 2.012
2025/06/28 13:31:43, 469.62, 86.38, 6.92, 100.00, 4.76, 4.81, 4.54, 0.6707, 1.509
2025/06/28 13:36:43, 477.97, 85.82, 5.89, 100.00, 3.95, 4.05, 3.85, 0.8082, 1.509
2025/06/28 13:41:43, 478.41, 85.95, 5.16, 100.00, 3.45, 3.58, 3.32, 1.5157, 2.012
2025/06/28 13:46:43, 474.80, 85.88, 5.26, 100.00, 3.78, 3.78, 3.55, 1.5962, 2.012
2025/06/28 13:51:43, 470.32, 85.76, 5.41, 100.00, 3.70, 3.73, 3.55, 1.6431, 2.012
2025/06/28 13:56:43, 466.27, 85.76, 5.77, 100.00, 4.13, 4.16, 4.00, 1.4788, 2.012
2025/06/28 14:01:43, 465.22, 85.63, 5.48, 100.00, 3.58, 3.68, 3.50, 1.5023, 2.012
2025/06/28 14:06:43, 466.89, 85.57, 5.18, 100.00, 3.65, 3.63, 3.43, 1.6062, 2.012
2025/06/28 14:11:43, 477.18, 85.63, 4.73, 100.00, 3.22, 3.22, 3.14, 1.5392, 2.012
2025/06/28 14:16:43, 467.15, 86.07, 4.36, 100.00, 3.17, 3.17, 3.06, 1.7136, 2.515
2025/06/28 14:21:43, 457.31, 85.29, 4.21, 100.00, 3.30, 3.30, 3.12, 2.686, 3.521
2025/06/28 14:26:43, 464.78, 85.45, 3.73, 100.00, 2.99, 2.94, 2.86, 2.9778, 5.533
2025/06/28 14:31:43, 480.16, 85.51, 3.65, 100.00, 2.84, 2.81, 2.68, 3.9636, 5.03
2025/06/28 14:36:43, 495.02, 85.66, 3.53, 100.00, 2.71, 2.78, 2.66, 4.252, 7.042
2025/06/28 14:41:43, 482.19, 85.35, 3.70, 100.00, 3.04, 2.94, 2.84, 3.806, 6.036
2025/06/28 14:46:43, 500.56, 85.66, 3.43, 100.00, 2.68, 2.63, 2.53, 3.2796, 5.533
2025/06/28 14:51:43, 504.34, 85.70, 3.32, 100.00, 2.78, 2.78, 2.63, 3.3567, 6.036
2025/06/28 14:56:43, 518.32, 85.38, 3.53, 100.00, 2.89, 2.91, 2.76, 4.1414, 7.545
2025/06/28 15:01:43, 482.80, 85.26, 3.63, 100.00, 2.89, 2.86, 2.73, 4.2654, 6.036
2025/06/28 15:06:43, 494.93, 85.29, 3.63, 100.00, 3.09, 3.01, 2.89, 4.3493, 7.042
2025/06/28 15:11:43, 506.01, 85.26, 3.60, 100.00, 2.84, 2.78, 2.71, 3.2997, 5.533
2025/06/28 15:16:43, 486.85, 85.38, 3.40, 100.00, 2.73, 2.61, 2.58, 4.0307, 6.036
2025/06/28 15:21:43, 485.53, 85.38, 3.30, 100.00, 2.61, 2.56, 2.56, 4.5974, 6.036
2025/06/28 15:26:43, 493.97, 85.32, 3.43, 100.00, 2.73, 2.68, 2.63, 3.739, 4.527
2025/06/28 15:31:43, 476.12, 85.32, 3.63, 100.00, 2.78, 2.73, 2.71, 3.5311, 5.533
2025/06/28 15:36:43, 481.04, 85.29, 3.43, 100.00, 2.68, 2.63, 2.58, 4.3493, 5.03
2025/06/28 15:41:43, 480.16, 85.26, 3.30, 100.00, 2.61, 2.58, 2.53, 4.0475, 5.03
2025/06/28 15:46:43, 494.76, 85.63, 3.25, 100.00, 2.53, 2.48, 2.40, 3.6954, 5.03
2025/06/28 15:51:43, 493.35, 85.54, 3.40, 100.00, 2.81, 2.71, 2.68, 3.6585, 5.533
2025/06/28 15:56:43, 489.57, 85.57, 3.45, 100.00, 2.78, 2.73, 2.71, 3.5109, 5.533
2025/06/28 16:01:43, 494.58, 85.51, 3.25, 100.00, 2.76, 2.73, 2.63, 3.2393, 4.527
2025/06/28 16:06:43, 475.77, 85.51, 3.50, 100.00, 2.68, 2.61, 2.63, 3.189, 4.527
2025/06/28 16:11:43, 480.16, 85.51, 3.19, 100.00, 2.48, 2.40, 2.37, 3.9737, 5.03
2025/06/28 16:16:43, 478.49, 85.51, 3.09, 100.00, 2.35, 2.30, 2.22, 3.0616, 4.024
2025/06/28 16:21:43, 478.85, 85.54, 2.94, 100.00, 2.30, 2.27, 2.19, 3.5881, 4.527
2025/06/28 16:26:43, 479.46, 85.51, 2.99, 100.00, 2.37, 2.30, 2.27, 3.1421, 4.024
2025/06/28 16:31:43, 476.74, 85.48, 3.06, 100.00, 2.40, 2.30, 2.30, 3.5914, 4.527
2025/06/28 16:36:43, 474.98, 85.51, 3.19, 100.00, 2.56, 2.50, 2.45, 3.4707, 4.527
2025/06/28 16:41:43, 468.91, 85.48, 3.25, 100.00, 2.58, 2.48, 2.48, 3.4506, 4.527
2025/06/28 16:46:43, 463.64, 85.48, 3.19, 100.00, 2.58, 2.48, 2.45, 3.521, 4.527
2025/06/28 16:51:43, 471.55, 85.48, 3.37, 100.00, 2.68, 2.61, 2.58, 3.5344, 4.527
2025/06/28 16:56:43, 482.63, 85.42, 3.65, 100.00, 2.76, 2.66, 2.68, 3.5277, 4.527
2025/06/28 17:01:43, 474.63, 85.45, 3.80, 100.00, 2.76, 2.68, 2.71, 2.961, 4.024
2025/06/28 17:06:43, 491.24, 85.54, 3.35, 100.00, 2.58, 2.53, 2.37, 2.5318, 3.521
2025/06/28 17:11:43, 512.34, 85.57, 3.27, 100.00, 2.43, 2.43, 2.30, 1.6465, 2.515
2025/06/28 17:16:43, 472.78, 85.54, 3.19, 100.00, 2.30, 2.19, 2.19, 2.0288, 3.018
2025/06/28 17:21:43, 459.59, 85.60, 3.17, 100.00, 2.50, 2.37, 2.40, 2.1528, 3.018
2025/06/28 17:26:43, 462.23, 85.57, 2.99, 100.00, 2.35, 2.24, 2.19, 2.2534, 3.018
2025/06/28 17:31:43, 453.44, 85.54, 2.94, 100.00, 2.40, 2.30, 2.24, 2.7196, 3.521
2025/06/28 17:36:43, 452.12, 85.57, 2.94, 100.00, 2.37, 2.27, 2.27, 3.1018, 4.024
2025/06/28 17:41:43, 451.07, 85.57, 2.99, 100.00, 2.27, 2.16, 2.16, 2.4513, 3.018
2025/06/28 17:46:43, 443.95, 85.57, 3.14, 100.00, 2.58, 2.48, 2.43, 2.2903, 3.018
2025/06/28 17:51:43, 433.92, 85.60, 3.73, 100.00, 2.89, 2.94, 2.99, 1.8879, 3.521
2025/06/28 17:56:43, 449.40, 85.63, 3.32, 100.00, 2.43, 2.32, 2.32, 1.4989, 2.012
2025/06/28 18:01:43, 450.10, 85.60, 3.30, 100.00, 2.58, 2.50, 2.48, 1.8209, 2.515
2025/06/28 18:06:43, 436.82, 85.60, 3.32, 100.00, 2.56, 2.48, 2.40, 2.0757, 3.018
2025/06/28 18:11:43, 426.10, 85.60, 3.63, 100.00, 2.86, 2.81, 2.78, 1.9181, 2.515
2025/06/28 18:16:43, 424.96, 85.60, 3.70, 100.00, 2.81, 2.78, 2.78, 1.9986, 2.515
2025/06/28 18:21:43, 445.26, 85.60, 3.68, 100.00, 2.73, 2.68, 2.63, 1.8946, 3.018
2025/06/28 18:26:43, 459.33, 85.63, 3.40, 100.00, 2.58, 2.48, 2.43, 1.7236, 2.515
2025/06/28 18:31:43, 457.48, 85.63, 3.19, 100.00, 2.66, 2.61, 2.53, 2.3004, 3.521
2025/06/28 18:36:43, 446.49, 85.60, 3.30, 100.00, 2.78, 2.68, 2.58, 2.0824, 3.018
2025/06/28 18:41:43, 451.33, 85.60, 3.19, 100.00, 2.48, 2.43, 2.37, 1.7974, 3.018
2025/06/28 18:46:43, 443.07, 85.63, 2.99, 100.00, 2.19, 2.14, 2.08, 1.9751, 2.515
2025/06/28 18:51:43, 444.82, 85.63, 3.09, 100.00, 2.58, 2.48, 2.37, 2.4211, 3.521
2025/06/28 18:56:43, 455.20, 85.63, 2.81, 100.00, 2.24, 2.14, 2.06, 2.3473, 3.018
2025/06/28 19:01:43, 454.23, 85.63, 2.71, 100.00, 2.37, 2.30, 2.19, 2.9107, 4.024
2025/06/28 19:06:43, 451.42, 85.66, 2.63, 100.00, 2.16, 2.14, 1.98, 3.1823, 5.03
2025/06/28 19:11:43, 460.30, 85.66, 2.68, 100.00, 2.16, 2.22, 2.00, 3.0214, 4.527
2025/06/28 19:16:43, 448.60, 85.70, 2.78, 100.00, 2.40, 2.40, 2.27, 2.9878, 4.024
2025/06/28 19:21:43, 448.08, 85.70, 2.71, 100.00, 2.24, 2.22, 2.06, 2.6491, 3.521
2025/06/28 19:26:43, 449.84, 85.70, 2.58, 100.00, 1.98, 1.95, 1.83, 1.8577, 2.515
2025/06/28 19:31:43, 442.71, 85.73, 2.45, 100.00, 2.24, 2.22, 2.03, 2.2803, 3.521
2025/06/28 19:36:43, 453.88, 85.76, 2.32, 100.00, 1.95, 1.95, 1.85, 2.297, 4.024
2025/06/28 19:41:43, 454.67, 85.76, 2.37, 100.00, 2.00, 1.98, 1.83, 2.2132, 2.515
2025/06/28 19:46:43, 449.66, 85.76, 2.37, 100.00, 2.00, 1.95, 1.80, 2.3406, 3.018
2025/06/28 19:51:43, 454.76, 85.76, 2.35, 100.00, 2.16, 2.11, 1.95, 2.012, 2.515
2025/06/28 19:56:43, 456.96, 85.79, 2.35, 100.00, 2.16, 2.11, 1.95, 1.8611, 2.515
2025/06/28 20:01:43, 441.92, 85.76, 2.37, 100.00, 2.06, 1.98, 1.85, 1.6633, 2.012
2025/06/28 20:06:43, 466.71, 85.76, 2.48, 100.00, 2.30, 2.24, 2.08, 1.5962, 2.515
2025/06/28 20:11:43, 443.42, 85.76, 2.50, 100.00, 2.27, 2.08, 1.85, 1.6297, 2.515
2025/06/28 20:16:43, 452.91, 85.76, 2.43, 100.00, 2.19, 2.06, 1.88, 1.784, 2.515
2025/06/28 20:21:43, 455.37, 85.76, 2.22, 100.00, 1.90, 1.80, 1.67, 1.338, 2.012
2025/06/28 20:26:43, 450.10, 85.76, 2.00, 100.00, 1.77, 1.70, 1.57, 1.2676, 2.012
2025/06/28 20:31:43, 448.52, 85.76, 2.14, 100.00, 1.85, 1.75, 1.57, 1.3615, 2.012
2025/06/28 20:36:43, 456.08, 85.79, 2.11, 100.00, 1.90, 1.77, 1.64, 1.6465, 3.018
2025/06/28 20:41:43, 460.03, 85.76, 2.37, 100.00, 2.48, 2.37, 2.06, 2.2166, 3.018
2025/06/28 20:46:43, 456.43, 85.79, 2.27, 100.00, 2.06, 1.95, 1.83, 1.9684, 2.515
2025/06/28 20:51:43, 461.18, 85.82, 2.11, 100.00, 1.85, 1.80, 1.72, 1.4621, 2.515
2025/06/28 20:56:43, 487.64, 85.88, 2.22, 100.00, 2.27, 2.22, 2.03, 1.613, 2.012
2025/06/28 21:01:43, 484.12, 85.85, 2.40, 100.00, 2.50, 2.48, 2.37, 2.0455, 2.515
2025/06/28 21:06:43, 471.11, 85.85, 2.08, 100.00, 1.98, 1.90, 1.83, 1.8611, 2.515
2025/06/28 21:11:43, 474.19, 85.85, 1.98, 100.00, 1.85, 1.77, 1.64, 1.851, 3.018
2025/06/28 21:16:43, 481.31, 85.85, 1.95, 100.00, 1.77, 1.67, 1.54, 1.9148, 2.515
2025/06/28 21:21:43, 481.75, 85.85, 1.95, 100.00, 2.19, 2.16, 2.03, 1.4285, 3.018
2025/06/28 21:26:43, 481.13, 85.88, 2.22, 100.00, 2.32, 2.27, 2.08, 1.7605, 2.515
2025/06/28 21:31:43, 466.19, 85.85, 2.22, 100.00, 2.37, 2.27, 2.00, 1.9148, 3.521
2025/06/28 21:36:43, 470.58, 85.88, 1.95, 100.00, 1.85, 1.75, 1.64, 1.955, 3.018
2025/06/28 21:41:43, 486.32, 85.91, 1.90, 100.00, 1.77, 1.57, 1.41, 1.291, 2.515
2025/06/28 21:46:43, 513.57, 85.88, 2.24, 100.00, 2.27, 2.08, 1.95, 0.8953, 1.509
2025/06/28 21:51:43, 507.59, 85.88, 2.14, 100.00, 2.00, 1.85, 1.64, 0.8014, 1.509
2025/06/28 21:56:43, 511.29, 85.91, 2.00, 100.00, 1.85, 1.77, 1.67, 0.2716, 1.006
2025/06/28 22:01:43, 529.75, 85.91, 2.00, 100.00, 1.90, 1.80, 1.72, 0.0, 0.0
2025/06/28 22:06:43, 529.84, 85.88, 2.11, 100.00, 2.24, 2.22, 2.16, 0.0, 0.0
2025/06/28 22:11:43, 469.44, 85.91, 2.37, 100.00, 2.43, 2.32, 2.14, 0.4661, 1.509
2025/06/28 22:16:43, 504.96, 85.95, 2.58, 100.00, 2.58, 2.43, 2.19, 1.0228, 2.012
2025/06/28 22:21:43, 499.59, 85.88, 2.58, 100.00, 2.53, 2.27, 1.95, 0.7411, 1.509
2025/06/28 22:26:43, 496.25, 85.91, 2.61, 100.00, 2.56, 2.48, 2.37, 0.835, 1.509
2025/06/28 22:31:43, 611.33, 85.91, 2.24, 100.00, 2.32, 2.32, 2.27, 0.0101, 0.503
2025/06/28 22:36:43, 611.33, 85.95, 2.35, 100.00, 2.45, 2.40, 2.30, 0.0, 0.0
2025/06/28 22:41:43, 478.58, 85.91, 2.43, 100.00, 2.58, 2.43, 2.06, 0.0805, 1.006
2025/06/28 22:46:43, 502.85, 85.95, 2.22, 100.00, 2.22, 2.19, 2.08, 0.0604, 1.006
2025/06/28 22:51:43, 578.63, 85.95, 2.50, 100.00, 2.63, 2.53, 2.40, 0.3856, 2.012
2025/06/28 22:56:43, 522.36, 85.95, 2.71, 100.00, 2.81, 2.71, 2.56, 0.8249, 1.509
2025/06/28 23:01:43, 512.87, 85.98, 2.53, 100.00, 2.32, 2.19, 2.06, 0.892, 2.012
2025/06/28 23:06:43, 468.56, 85.95, 2.37, 100.00, 2.08, 1.95, 1.75, 0.6606, 1.509
2025/06/28 23:11:43, 497.13, 85.98, 2.37, 100.00, 2.45, 2.37, 2.19, 0.9859, 2.012
2025/06/28 23:16:43, 515.59, 85.95, 2.61, 100.00, 2.56, 2.43, 2.16, 1.395, 3.018
2025/06/28 23:21:43, 502.05, 85.95, 2.68, 100.00, 2.68, 2.61, 2.53, 2.2702, 6.036
2025/06/28 23:26:43, 503.99, 85.95, 2.43, 100.00, 2.37, 2.27, 2.16, 3.8161, 6.036
2025/06/28 23:31:43, 490.01, 85.95, 2.40, 100.00, 2.30, 2.22, 2.11, 3.4539, 5.03
2025/06/28 23:36:43, 506.36, 85.95, 2.14, 100.00, 2.16, 2.06, 1.90, 3.8865, 6.539
2025/06/28 23:41:43, 506.27, 85.98, 2.19, 100.00, 2.16, 2.08, 1.98, 4.4264, 7.042
2025/06/28 23:46:43, 524.65, 85.98, 2.48, 100.00, 2.43, 2.37, 2.24, 4.3895, 8.048
2025/06/28 23:51:43, 514.45, 85.95, 2.16, 100.00, 2.14, 2.06, 1.90, 3.2427, 5.533
2025/06/28 23:56:43, 523.77, 85.95, 2.16, 100.00, 2.11, 1.95, 1.80, 4.9562, 9.054
2025/06/29 0:01:43, 516.47, 85.98, 2.19, 100.00, 2.06, 1.98, 1.85, 4.195, 6.036
2025/06/29 0:06:43, 511.64, 85.98, 1.98, 100.00, 1.98, 1.88, 1.72, 3.8731, 8.551
2025/06/29 0:11:43, 521.66, 86.01, 2.27, 100.00, 2.19, 2.08, 2.00, 3.7121, 5.533
2025/06/29 0:16:43, 521.92, 86.01, 2.06, 100.00, 1.80, 1.67, 1.54, 3.7624, 6.036
2025/06/29 0:21:43, 509.18, 86.01, 2.22, 100.00, 2.27, 2.22, 2.08, 2.6894, 5.03
2025/06/29 0:26:43, 509.70, 86.01, 2.06, 100.00, 2.06, 1.95, 1.88, 3.625, 6.036
2025/06/29 0:31:43, 527.81, 86.01, 1.95, 100.00, 2.00, 1.90, 1.77, 3.7658, 6.036
2025/06/29 0:36:43, 529.22, 86.01, 2.03, 100.00, 2.03, 1.95, 1.85, 3.1152, 4.527
2025/06/29 0:41:43, 522.80, 86.01, 2.06, 100.00, 2.03, 1.98, 1.90, 4.2621, 7.545
2025/06/29 0:46:43, 522.89, 86.01, 1.98, 100.00, 2.06, 1.98, 1.85, 3.2024, 5.03
2025/06/29 0:51:43, 517.97, 86.01, 1.85, 100.00, 1.85, 1.72, 1.62, 2.1629, 4.527
2025/06/29 0:56:43, 512.25, 86.01, 1.95, 100.00, 2.06, 1.93, 1.75, 2.1428, 4.024
2025/06/29 1:01:43, 513.66, 86.01, 1.95, 100.00, 1.83, 1.75, 1.70, 2.4748, 4.024
2025/06/29 1:06:43, 511.90, 86.04, 1.80, 100.00, 1.70, 1.59, 1.51, 1.4386, 3.018
2025/06/29 1:11:43, 516.03, 86.01, 1.85, 100.00, 1.93, 1.83, 1.70, 1.6633, 3.018
2025/06/29 1:16:43, 516.47, 86.01, 1.75, 100.00, 1.70, 1.62, 1.49, 1.3849, 2.515
2025/06/29 1:21:43, 515.24, 86.04, 1.90, 100.00, 1.98, 1.85, 1.72, 1.3044, 2.012
2025/06/29 1:26:43, 537.48, 86.04, 1.85, 100.00, 1.88, 1.83, 1.75, 1.2541, 2.012
2025/06/29 1:31:43, 516.12, 86.04, 1.75, 100.00, 1.75, 1.64, 1.59, 1.5224, 2.515
2025/06/29 1:36:43, 531.33, 86.04, 2.00, 100.00, 2.06, 1.95, 1.83, 1.566, 3.018
2025/06/29 1:41:43, 539.59, 86.07, 1.64, 100.00, 1.46, 1.38, 1.30, 1.5358, 2.515
2025/06/29 1:46:43, 511.64, 86.04, 1.85, 100.00, 1.90, 1.80, 1.70, 1.7236, 3.521
2025/06/29 1:51:43, 510.49, 86.04, 1.85, 100.00, 1.67, 1.59, 1.49, 1.3145, 2.515
2025/06/29 1:56:43, 528.96, 86.04, 1.80, 100.00, 1.64, 1.59, 1.54, 1.8577, 4.024
2025/06/29 2:01:43, 507.51, 86.07, 1.72, 100.00, 1.72, 1.64, 1.54, 1.8175, 3.521
2025/06/29 2:06:43, 506.19, 86.07, 1.80, 100.00, 1.90, 1.80, 1.67, 1.5425, 3.018
2025/06/29 2:11:43, 506.10, 86.07, 1.95, 100.00, 2.08, 1.95, 1.85, 2.3037, 4.024
2025/06/29 2:16:43, 517.79, 86.07, 1.88, 100.00, 1.90, 1.80, 1.70, 1.5861, 2.515
2025/06/29 2:21:43, 501.35, 86.07, 1.95, 100.00, 1.90, 1.80, 1.72, 2.4513, 4.527
2025/06/29 2:26:43, 524.82, 86.07, 1.95, 100.00, 1.90, 1.80, 1.72, 3.1689, 5.533
2025/06/29 2:31:43, 510.14, 86.07, 1.75, 100.00, 1.80, 1.75, 1.62, 3.0717, 5.03
2025/06/29 2:36:43, 532.65, 86.07, 1.95, 100.00, 1.93, 1.88, 1.80, 3.122, 5.03
2025/06/29 2:41:43, 514.80, 86.07, 1.85, 100.00, 1.64, 1.59, 1.51, 2.9945, 4.527
2025/06/29 2:46:43, 517.97, 86.07, 2.06, 100.00, 2.22, 2.19, 2.06, 2.6055, 4.024
2025/06/29 2:51:43, 511.55, 86.07, 1.77, 100.00, 1.59, 1.51, 1.41, 2.0221, 4.527
2025/06/29 2:56:43, 532.03, 86.07, 1.75, 100.00, 1.90, 1.88, 1.77, 1.3849, 3.018
2025/06/29 3:01:43, 513.66, 86.07, 1.85, 100.00, 1.85, 1.75, 1.59, 1.613, 3.018
2025/06/29 3:06:43, 507.51, 86.07, 1.93, 100.00, 1.90, 1.83, 1.75, 1.7035, 3.521
2025/06/29 3:11:43, 501.35, 86.10, 1.77, 100.00, 1.80, 1.75, 1.64, 1.841, 3.018
2025/06/29 3:16:43, 514.89, 86.07, 1.83, 100.00, 1.95, 1.88, 1.80, 2.6458, 4.527
2025/06/29 3:21:43, 525.09, 86.07, 1.93, 100.00, 1.93, 1.85, 1.70, 2.8269, 4.527
2025/06/29 3:26:43, 521.75, 86.10, 1.70, 100.00, 1.80, 1.70, 1.64, 2.3473, 3.521
2025/06/29 3:31:43, 522.36, 86.10, 1.75, 100.00, 1.77, 1.70, 1.62, 1.9349, 3.521
2025/06/29 3:36:43, 515.68, 86.10, 1.80, 100.00, 1.98, 1.85, 1.80, 2.0992, 3.018
2025/06/29 3:41:43, 516.30, 86.10, 1.88, 100.00, 1.80, 1.75, 1.64, 2.24, 3.521
2025/06/29 3:46:43, 527.46, 86.10, 1.85, 100.00, 2.27, 2.16, 2.00, 1.6297, 4.527
2025/06/29 3:51:43, 505.66, 86.10, 1.64, 100.00, 1.54, 1.49, 1.41, 1.9852, 4.527
2025/06/29 3:56:43, 513.31, 86.10, 1.64, 100.00, 1.70, 1.54, 1.43, 1.4956, 2.012
2025/06/29 4:01:43, 503.46, 86.10, 1.64, 100.00, 1.70, 1.62, 1.54, 1.1435, 2.012
2025/06/29 4:06:43, 501.97, 86.10, 1.88, 100.00, 1.88, 1.75, 1.59, 1.167, 2.012
2025/06/29 4:11:43, 518.32, 86.10, 1.88, 100.00, 1.95, 1.85, 1.75, 1.5828, 4.024
2025/06/29 4:16:43, 529.66, 86.10, 1.93, 100.00, 1.88, 1.83, 1.77, 2.3138, 4.024
2025/06/29 4:21:43, 516.21, 86.07, 1.83, 100.00, 1.93, 1.85, 1.75, 2.0522, 4.527
2025/06/29 4:26:43, 500.38, 86.10, 1.72, 100.00, 1.75, 1.64, 1.54, 1.9718, 4.024
2025/06/29 4:31:43, 513.22, 86.10, 1.90, 100.00, 1.95, 1.85, 1.75, 1.9651, 4.024
2025/06/29 4:36:43, 525.09, 86.07, 2.08, 100.00, 2.16, 2.06, 1.98, 2.7665, 4.024
2025/06/29 4:41:43, 525.18, 86.10, 1.85, 100.00, 1.75, 1.70, 1.62, 2.9275, 4.024
2025/06/29 4:46:43, 521.31, 86.10, 2.08, 100.00, 2.14, 2.06, 1.95, 3.92, 5.533
2025/06/29 4:51:43, 523.24, 86.07, 1.85, 100.00, 1.75, 1.67, 1.59, 2.4513, 4.527
2025/06/29 4:56:43, 540.56, 86.07, 2.06, 100.00, 2.19, 2.06, 1.88, 3.635, 5.533
2025/06/29 5:01:43, 540.82, 86.07, 1.88, 100.00, 1.80, 1.75, 1.64, 3.5378, 5.533
2025/06/29 5:06:43, 532.74, 86.10, 1.80, 100.00, 1.85, 1.77, 1.70, 3.018, 4.024
2025/06/29 5:11:43, 535.81, 86.07, 1.85, 100.00, 1.95, 1.88, 1.80, 2.733, 4.024
2025/06/29 5:16:43, 529.22, 86.10, 1.80, 100.00, 1.75, 1.67, 1.57, 2.4412, 3.018
2025/06/29 5:21:43, 515.86, 86.07, 1.88, 100.00, 1.90, 1.83, 1.70, 2.3909, 4.024
2025/06/29 5:26:43, 541.53, 86.07, 2.08, 100.00, 2.08, 2.06, 1.90, 2.6961, 5.03
2025/06/29 5:31:43, 550.32, 86.07, 1.90, 100.00, 1.77, 1.75, 1.67, 2.5519, 4.024
2025/06/29 5:36:43, 549.44, 86.07, 1.85, 100.00, 1.64, 1.57, 1.49, 1.6364, 2.515
2025/06/29 5:41:43, 554.89, 86.07, 1.90, 100.00, 1.75, 1.67, 1.57, 1.2877, 2.515
2025/06/29 5:46:43, 542.93, 86.07, 1.93, 100.00, 1.88, 1.85, 1.70, 1.0194, 2.012
2025/06/29 5:51:43, 549.44, 86.07, 2.06, 100.00, 1.90, 1.85, 1.80, 0.1073, 1.006
2025/06/29 5:56:43, 536.60, 86.07, 2.16, 100.00, 2.11, 2.08, 2.03, 0.114, 1.006
2025/06/29 6:01:43, 546.27, 86.07, 2.06, 100.00, 1.85, 1.77, 1.70, 2.287, 3.521
2025/06/29 6:06:43, 568.08, 86.07, 2.11, 100.00, 2.00, 1.95, 1.88, 1.8477, 2.515
2025/06/29 6:11:43, 563.33, 86.04, 2.06, 100.00, 1.95, 1.88, 1.75, 1.6532, 2.515
2025/06/29 6:16:43, 526.49, 86.07, 2.32, 100.00, 2.16, 2.08, 1.95, 2.1864, 4.024
2025/06/29 6:21:43, 526.05, 86.04, 2.45, 100.00, 2.19, 2.11, 2.06, 2.6625, 4.024
2025/06/29 6:26:43, 523.24, 86.04, 2.48, 100.00, 2.32, 2.27, 2.16, 1.8544, 3.018
2025/06/29 6:31:43, 559.11, 86.04, 2.19, 100.00, 1.85, 1.75, 1.67, 1.3849, 2.012
2025/06/29 6:36:43, 570.10, 86.01, 2.16, 100.00, 1.85, 1.77, 1.75, 1.5593, 3.018
2025/06/29 6:41:43, 569.66, 86.01, 2.56, 100.00, 2.30, 2.22, 2.08, 1.6633, 2.515
2025/06/29 6:46:43, 547.33, 86.01, 2.27, 100.00, 1.75, 1.67, 1.59, 1.2776, 2.012
2025/06/29 6:51:43, 551.11, 85.95, 2.48, 100.00, 2.03, 1.95, 1.93, 0.8551, 1.509
2025/06/29 6:56:43, 583.11, 85.98, 2.73, 100.00, 2.16, 2.16, 2.19, 0.6841, 1.006
2025/06/29 7:01:43, 592.87, 85.95, 3.19, 100.00, 2.53, 2.53, 2.50, 0.6036, 1.006
2025/06/29 7:06:43, 593.75, 85.95, 3.30, 100.00, 2.48, 2.53, 2.58, 0.2649, 1.006
2025/06/29 7:11:43, 593.57, 85.95, 2.99, 100.00, 2.22, 2.22, 2.22, 0.342, 1.006
2025/06/29 7:16:43, 593.57, 85.98, 3.14, 100.00, 2.32, 2.37, 2.37, 0.0067, 0.503
2025/06/29 7:21:43, 574.76, 85.95, 2.89, 100.00, 2.22, 2.22, 2.19, 0.6975, 1.509
2025/06/29 7:26:43, 555.77, 86.04, 2.32, 100.00, 1.85, 1.83, 1.77, 1.2441, 2.515
2025/06/29 7:31:43, 565.09, 86.04, 2.35, 100.00, 1.93, 1.90, 1.85, 1.12, 1.509
2025/06/29 7:36:43, 568.16, 86.01, 2.48, 100.00, 2.06, 2.03, 1.95, 1.2072, 1.509
2025/06/29 7:41:43, 561.04, 86.01, 2.40, 100.00, 2.00, 1.95, 1.90, 1.8074, 3.018
2025/06/29 7:46:43, 546.80, 86.04, 2.37, 100.00, 2.03, 1.98, 1.93, 1.5694, 2.012
2025/06/29 7:51:43, 534.41, 85.98, 2.84, 100.00, 2.48, 2.43, 2.35, 1.9248, 3.521
2025/06/29 7:56:43, 541.18, 85.91, 2.89, 100.00, 2.40, 2.35, 2.27, 3.0649, 4.527
2025/06/29 8:01:43, 508.38, 85.95, 3.30, 100.00, 2.37, 2.37, 2.19, 1.8812, 3.018
2025/06/29 8:06:43, 500.30, 85.95, 3.04, 100.00, 2.48, 2.45, 2.27, 2.9174, 4.527
2025/06/29 8:11:43, 511.29, 85.85, 3.40, 100.00, 2.56, 2.56, 2.32, 1.7739, 4.527
2025/06/29 8:16:43, 516.56, 85.91, 3.19, 100.00, 2.50, 2.48, 2.27, 1.9785, 3.018
2025/06/29 8:21:43, 534.67, 85.91, 3.09, 100.00, 2.73, 2.68, 2.50, 3.0314, 5.533
2025/06/29 8:26:43, 502.23, 85.88, 3.22, 100.00, 2.68, 2.61, 2.40, 2.9308, 4.527
2025/06/29 8:31:43, 513.40, 85.85, 3.83, 100.00, 2.71, 2.68, 2.50, 2.069, 3.521
2025/06/29 8:36:43, 522.36, 85.70, 3.90, 100.00, 2.89, 2.89, 2.66, 2.3239, 4.024
2025/06/29 8:41:43, 519.02, 85.79, 3.95, 100.00, 2.84, 2.84, 2.63, 2.5318, 4.527
2025/06/29 8:46:43, 497.40, 85.91, 3.85, 100.00, 2.63, 2.58, 2.45, 2.4312, 4.527
2025/06/29 8:51:43, 491.95, 85.98, 3.70, 100.00, 2.58, 2.50, 2.40, 1.9416, 3.521
2025/06/29 8:56:43, 488.25, 85.63, 4.31, 100.00, 3.09, 3.04, 2.94, 1.3547, 2.515
2025/06/29 9:01:43, 499.42, 85.95, 3.90, 100.00, 2.48, 2.45, 2.32, 1.566, 2.012
2025/06/29 9:06:43, 547.33, 85.85, 3.50, 100.00, 2.89, 2.84, 2.63, 2.1059, 3.018
2025/06/29 9:11:43, 540.47, 85.91, 4.03, 100.00, 3.04, 3.04, 2.91, 0.8551, 2.515
2025/06/29 9:16:43, 492.82, 85.85, 4.51, 100.00, 2.96, 2.91, 2.78, 0.7444, 2.012
2025/06/29 9:21:43, 517.00, 85.88, 4.36, 100.00, 2.96, 2.94, 2.78, 0.9456, 1.509
2025/06/29 9:26:43, 492.56, 85.88, 4.61, 100.00, 2.94, 2.91, 2.76, 1.0362, 2.012
2025/06/29 9:31:43, 536.08, 85.85, 4.23, 100.00, 3.12, 3.09, 2.94, 1.2877, 2.012
2025/06/29 9:36:43, 522.89, 85.73, 4.61, 100.00, 3.17, 3.17, 2.96, 0.4996, 2.515
2025/06/29 9:41:43, 532.03, 85.60, 4.36, 100.00, 3.35, 3.35, 3.14, 1.8309, 3.018
2025/06/29 9:46:43, 513.04, 85.76, 4.64, 100.00, 3.01, 3.04, 2.84, 1.7873, 2.515
2025/06/29 9:51:43, 500.56, 85.79, 4.88, 100.00, 3.14, 3.12, 2.89, 1.4218, 3.018
2025/06/29 9:56:43, 503.11, 85.82, 4.78, 100.00, 2.99, 2.99, 2.84, 1.3145, 2.515
2025/06/29 10:01:43, 524.21, 85.82, 4.64, 100.00, 2.86, 2.91, 2.71, 1.1804, 2.012
2025/06/29 10:06:43, 524.21, 85.76, 4.41, 100.00, 3.14, 3.25, 2.99, 1.8007, 3.018
2025/06/29 10:11:43, 508.47, 85.73, 4.98, 100.00, 3.14, 3.14, 2.96, 1.7236, 3.521
2025/06/29 10:16:43, 514.10, 85.63, 5.16, 100.00, 3.32, 3.32, 3.04, 1.3615, 2.012
2025/06/29 10:21:43, 506.98, 85.57, 5.36, 100.00, 3.53, 3.48, 3.14, 1.5861, 3.018
2025/06/29 10:26:43, 514.98, 85.60, 5.31, 100.00, 3.50, 3.50, 3.37, 1.8007, 3.521
2025/06/29 10:31:43, 518.23, 85.76, 4.64, 100.00, 3.27, 3.30, 3.14, 2.3574, 4.024
2025/06/29 10:36:43, 518.41, 85.73, 4.61, 100.00, 3.40, 3.40, 3.22, 1.7739, 3.521
2025/06/29 10:41:43, 582.05, 85.82, 4.13, 100.00, 3.09, 3.17, 3.12, 1.8343, 2.515
2025/06/29 10:46:43, 607.55, 85.82, 5.51, 100.00, 3.78, 3.93, 3.85, 1.0932, 2.012
2025/06/29 10:51:43, 607.55, 85.88, 6.29, 100.00, 4.21, 4.39, 4.26, 0.1375, 1.006
2025/06/29 10:56:43, 606.32, 85.95, 7.35, 100.00, 5.36, 5.53, 5.46, 0.0101, 0.503
2025/06/29 11:01:43, 606.32, 86.01, 8.36, 100.00, 4.98, 4.98, 4.71, 0.0, 0.0
2025/06/29 11:06:43, 605.44, 86.01, 6.73, 100.00, 4.44, 4.51, 4.64, 0.0, 0.0
2025/06/29 11:11:43, 601.66, 86.01, 6.48, 100.00, 4.73, 4.76, 4.73, 0.0, 0.0
2025/06/29 11:16:43, 601.66, 86.07, 6.92, 100.00, 4.16, 4.16, 4.00, 0.0, 0.0
2025/06/29 11:21:43, 601.66, 86.07, 7.09, 100.00, 3.80, 3.83, 3.85, 0.0, 0.0
2025/06/29 11:26:43, 601.66, 86.10, 8.26, 100.00, 4.95, 5.10, 5.23, 0.0, 0.0
2025/06/29 11:31:43, 601.66, 86.10, 9.82, 100.00, 6.01, 5.94, 5.75, 0.0, 0.0
2025/06/29 11:36:43, 601.66, 86.07, 11.12, 100.00, 7.83, 8.09, 8.02, 0.0, 0.0
2025/06/29 11:41:43, 601.66, 86.23, 10.62, 100.00, 6.26, 6.44, 6.53, 0.0, 0.0
2025/06/29 11:46:43, 392.52, 85.95, 9.26, 100.00, 6.89, 6.09, 6.14, 0.285, 1.006
2025/06/29 11:51:43, 410.45, 85.76, 9.14, 100.00, 6.11, 5.94, 6.19, 1.0161, 1.509
2025/06/29 11:56:43, 410.45, 85.98, 9.33, 100.00, 6.77, 5.75, 6.19, 0.5466, 1.509
2025/06/29 12:01:43, 410.45, 86.13, 10.93, 100.00, 7.28, 6.77, 6.89, 0.0, 0.0
2025/06/29 12:06:43, 410.45, 86.26, 10.15, 100.00, 6.34, 6.34, 6.21, 0.0, 0.0
2025/06/29 12:11:43, 662.05, 86.23, 7.62, 100.00, 4.73, 4.76, 5.00, 0.0, 0.0
2025/06/29 12:16:43, 662.05, 86.20, 7.86, 100.00, 5.00, 5.18, 5.18, 0.0, 0.0
2025/06/29 12:21:43, 658.19, 85.91, 6.92, 100.00, 4.41, 4.56, 4.28, 0.0, 0.0
2025/06/29 12:26:43, 633.92, 85.95, 7.26, 100.00, 4.76, 5.00, 4.93, 0.0, 0.0
2025/06/29 12:31:43, 633.92, 86.23, 7.38, 100.00, 4.76, 4.81, 4.98, 0.0, 0.0
2025/06/29 12:36:43, 633.92, 86.07, 8.17, 100.00, 4.93, 5.13, 5.46, 0.0, 0.0
2025/06/29 12:41:43, 634.10, 85.98, 7.76, 100.00, 5.03, 5.41, 5.97, 0.0, 0.0
2025/06/29 12:46:43, 635.07, 86.13, 7.09, 100.00, 4.39, 4.36, 4.66, 0.0, 0.0
2025/06/29 12:51:43, 635.07, 86.07, 7.06, 100.00, 4.83, 5.05, 5.00, 0.0, 0.0
2025/06/29 12:56:43, 635.07, 85.76, 7.97, 100.00, 5.46, 5.55, 5.26, 0.0, 0.0
2025/06/29 13:01:43, 655.73, 85.63, 11.26, 100.00, 7.45, 7.04, 7.23, 0.0, 0.0
2025/06/29 13:06:43, 399.90, 85.70, 10.98, 100.00, 6.94, 7.33, 7.45, 0.0, 0.0
2025/06/29 13:11:43, 413.18, 85.63, 10.19, 100.00, 6.94, 7.01, 7.21, 0.2649, 1.006
2025/06/29 13:16:43, 412.03, 85.42, 10.48, 100.00, 8.07, 7.11, 7.48, 0.8685, 1.509
2025/06/29 13:21:43, 408.08, 85.76, 9.40, 100.00, 7.40, 6.46, 6.73, 1.452, 2.012
2025/06/29 13:26:43, 400.87, 85.79, 8.55, 100.00, 6.44, 5.85, 6.21, 1.1066, 1.509
2025/06/29 13:31:43, 400.87, 85.73, 11.03, 100.00, 7.95, 8.50, 8.53, 0.2314, 1.006
2025/06/29 13:36:43, 409.48, 85.66, 11.91, 100.00, 8.29, 7.83, 7.81, 0.0537, 1.509
2025/06/29 13:41:43, 371.95, 85.73, 10.68, 100.00, 6.56, 6.77, 6.96, 0.2079, 2.012
2025/06/29 13:46:43, 371.95, 85.91, 13.38, 100.00, 8.45, 8.50, 8.43, 0.0, 0.0
2025/06/29 13:51:43, 371.95, 86.20, 16.29, 100.00, 11.54, 11.75, 11.33, 0.0, 0.0
2025/06/29 13:56:43, 372.47, 86.16, 16.13, 100.00, 10.73, 9.94, 9.59, 0.0, 0.0
2025/06/29 14:01:43, 374.67, 85.82, 13.87, 100.00, 7.62, 8.02, 7.95, 0.0, 0.0
2025/06/29 14:06:43, 398.58, 85.95, 13.38, 97.36, 8.21, 7.83, 7.64, 0.389, 1.006
2025/06/29 14:11:43, 398.67, 85.95, 13.65, 83.21, 8.74, 7.97, 7.55, 0.2917, 1.006
2025/06/29 14:16:43, 398.58, 86.01, 12.58, 70.02, 6.58, 6.01, 5.82, 0.0, 0.0
2025/06/29 14:21:43, 398.58, 86.01, 12.92, 68.72, 7.74, 7.88, 7.69, 0.0, 0.0
2025/06/29 14:26:43, 398.58, 85.85, 12.25, 76.13, 7.86, 6.39, 6.44, 0.1945, 1.006
2025/06/29 14:31:43, 398.58, 85.91, 9.84, 71.44, 5.08, 4.95, 5.26, 0.664, 1.006
2025/06/29 14:36:43, 398.58, 86.01, 9.26, 77.55, 5.31, 5.00, 5.43, 0.3923, 1.006
2025/06/29 14:41:43, 398.58, 86.32, 9.89, 80.63, 6.24, 5.28, 5.41, 0.0, 0.0
2025/06/29 14:46:43, 398.58, 86.35, 9.04, 83.04, 5.38, 5.05, 5.43, 0.0, 0.0
2025/06/29 14:51:43, 398.58, 86.32, 7.88, 83.29, 4.21, 3.90, 4.05, 0.0, 0.0
2025/06/29 14:56:43, 398.49, 86.16, 6.99, 84.46, 4.10, 3.80, 3.90, 0.0, 0.0
2025/06/29 15:01:43, 386.63, 86.20, 6.77, 91.44, 4.10, 3.95, 3.98, 0.2247, 1.006
2025/06/29 15:06:43, 386.63, 86.35, 6.77, 95.72, 4.23, 4.00, 4.44, 0.6874, 1.006
2025/06/29 15:11:43, 386.63, 86.57, 7.28, 100.00, 4.86, 4.66, 5.00, 0.3588, 1.006
2025/06/29 15:16:43, 386.45, 86.57, 6.99, 100.00, 4.21, 4.23, 4.46, 0.0, 0.0
2025/06/29 15:21:43, 386.45, 86.57, 6.63, 100.00, 4.23, 4.21, 4.46, 0.0, 0.0
2025/06/29 15:26:43, 386.54, 86.57, 6.73, 100.00, 4.41, 4.23, 4.33, 0.0, 0.0
2025/06/29 15:31:43, 386.54, 86.57, 7.14, 100.00, 5.65, 5.23, 5.41, 0.0, 0.0
2025/06/29 15:36:43, 387.33, 86.57, 6.65, 100.00, 4.73, 4.31, 4.46, 0.3219, 1.006
2025/06/29 15:41:43, 387.42, 86.57, 5.38, 100.00, 3.50, 3.40, 3.60, 1.2206, 2.012
2025/06/29 15:46:43, 386.19, 86.54, 5.10, 100.00, 3.40, 3.40, 3.53, 1.4755, 2.012
2025/06/29 15:51:43, 380.12, 86.54, 4.81, 100.00, 3.12, 3.09, 3.35, 1.4252, 2.012
2025/06/29 15:56:43, 368.52, 86.51, 4.86, 100.00, 3.14, 3.04, 3.32, 1.2944, 1.509
2025/06/29 16:01:43, 374.67, 86.51, 4.93, 100.00, 3.30, 3.27, 3.45, 1.3547, 1.509
2025/06/29 16:06:43, 385.92, 86.51, 4.83, 100.00, 3.30, 3.22, 3.45, 1.5358, 2.012
2025/06/29 16:11:43, 382.05, 86.48, 4.93, 95.43, 3.19, 3.09, 3.40, 1.5895, 2.012
2025/06/29 16:16:43, 375.90, 86.45, 5.16, 88.56, 3.19, 3.09, 3.27, 1.4486, 2.012
2025/06/29 16:21:43, 370.54, 86.38, 5.05, 85.96, 3.06, 3.01, 3.14, 1.5861, 2.012
2025/06/29 16:26:43, 371.42, 86.23, 5.23, 83.71, 3.17, 3.17, 3.30, 1.5459, 2.012
2025/06/29 16:31:43, 385.31, 86.20, 5.55, 82.89, 3.88, 3.83, 4.00, 1.3212, 2.012
2025/06/29 16:36:43, 383.46, 86.20, 5.63, 81.43, 3.40, 3.45, 3.70, 1.2139, 2.012
2025/06/29 16:41:43, 396.38, 86.29, 5.87, 80.18, 3.85, 3.70, 3.88, 1.3916, 2.012
2025/06/29 16:46:43, 380.82, 86.35, 5.31, 80.82, 3.17, 3.17, 3.37, 1.5627, 2.012
2025/06/29 16:51:43, 384.16, 86.38, 5.16, 81.90, 3.25, 3.22, 3.50, 1.5828, 2.012
2025/06/29 16:56:43, 375.55, 86.51, 5.51, 79.60, 3.17, 3.22, 3.55, 1.063, 1.509
2025/06/29 17:01:43, 370.36, 86.51, 5.68, 80.29, 3.55, 3.50, 3.83, 1.1167, 1.509
2025/06/29 17:06:43, 370.10, 86.57, 6.01, 78.21, 3.70, 3.73, 4.21, 0.9255, 1.509
2025/06/29 17:11:43, 370.19, 86.69, 5.97, 77.83, 3.45, 3.53, 3.88, 0.4359, 1.006
2025/06/29 17:16:43, 372.56, 86.32, 4.95, 80.94, 2.89, 2.99, 3.27, 1.2676, 1.509
2025/06/29 17:21:43, 380.56, 86.32, 4.76, 82.42, 3.09, 3.17, 3.40, 1.2072, 1.509
2025/06/29 17:26:43, 377.92, 86.32, 4.71, 81.82, 2.78, 2.84, 3.17, 1.3413, 2.012
2025/06/29 17:31:43, 377.22, 86.32, 4.23, 83.91, 2.58, 2.61, 2.86, 1.6901, 2.012
2025/06/29 17:36:43, 376.60, 86.32, 3.95, 85.59, 2.50, 2.56, 2.76, 1.7907, 2.012
2025/06/29 17:41:43, 380.47, 86.32, 3.95, 85.84, 2.56, 2.61, 2.84, 1.6633, 2.515
2025/06/29 17:46:43, 381.44, 86.32, 4.08, 85.13, 2.63, 2.71, 2.99, 1.5425, 2.012
2025/06/29 17:51:43, 381.53, 86.32, 4.08, 85.28, 2.58, 2.63, 2.89, 1.4453, 2.012
2025/06/29 17:56:43, 377.13, 86.32, 4.10, 85.94, 2.58, 2.68, 2.91, 1.3514, 1.509
2025/06/29 18:01:43, 381.00, 86.35, 4.05, 86.12, 2.66, 2.73, 3.01, 1.348, 1.509
2025/06/29 18:06:43, 384.69, 86.35, 4.23, 85.23, 2.94, 3.01, 3.32, 1.1971, 1.509
2025/06/29 18:11:43, 391.90, 86.35, 4.33, 84.22, 2.89, 2.89, 3.09, 1.1636, 1.509
2025/06/29 18:16:43, 385.48, 86.32, 3.85, 85.90, 2.32, 2.43, 2.61, 1.3547, 2.012
2025/06/29 18:21:43, 376.78, 86.35, 3.40, 88.90, 2.08, 2.22, 2.35, 1.5157, 2.012
2025/06/29 18:26:43, 375.20, 86.32, 3.22, 90.81, 2.06, 2.16, 2.24, 1.509, 2.012
2025/06/29 18:31:43, 368.25, 86.32, 3.04, 92.06, 1.90, 2.03, 2.08, 1.6968, 2.012
2025/06/29 18:36:43, 368.96, 86.35, 2.94, 92.40, 1.85, 1.95, 2.03, 1.6767, 2.012
2025/06/29 18:41:43, 385.66, 86.35, 2.89, 92.50, 1.95, 2.06, 2.16, 1.5895, 2.012
2025/06/29 18:46:43, 386.63, 86.35, 2.81, 92.31, 1.88, 1.98, 2.03, 1.5291, 2.012
2025/06/29 18:51:43, 377.75, 86.32, 2.61, 93.15, 1.59, 1.70, 1.75, 1.5761, 2.012
2025/06/29 18:56:43, 389.00, 86.35, 2.50, 95.39, 1.88, 1.90, 1.93, 1.9416, 2.515
2025/06/29 19:01:43, 380.82, 86.35, 2.63, 94.54, 1.80, 1.88, 1.93, 1.5593, 2.012
2025/06/29 19:06:43, 376.16, 86.35, 2.37, 94.97, 1.54, 1.64, 1.67, 1.6465, 2.012
2025/06/29 19:11:43, 385.84, 86.35, 2.48, 95.35, 1.77, 1.85, 1.85, 1.4989, 2.012
2025/06/29 19:16:43, 394.45, 86.35, 2.81, 93.62, 2.27, 2.27, 2.30, 1.1904, 2.012
2025/06/29 19:21:43, 394.89, 86.35, 2.84, 94.29, 2.16, 2.24, 2.22, 1.1334, 1.509
2025/06/29 19:26:43, 396.82, 86.38, 3.17, 92.59, 2.45, 2.40, 2.37, 0.7947, 1.006
2025/06/29 19:31:43, 395.07, 86.35, 2.89, 92.50, 2.06, 2.08, 2.08, 0.9758, 1.509
2025/06/29 19:36:43, 427.68, 86.35, 3.19, 93.29, 2.56, 2.63, 2.61, 0.5499, 1.006
2025/06/29 19:41:43, 383.29, 86.38, 3.01, 91.83, 1.93, 2.00, 2.06, 0.1308, 1.006
2025/06/29 19:46:43, 365.44, 86.35, 2.37, 94.02, 1.46, 1.54, 1.59, 0.9423, 1.509
2025/06/29 19:51:43, 366.14, 86.38, 2.35, 95.77, 1.70, 1.70, 1.67, 1.0999, 1.509
2025/06/29 19:56:43, 372.47, 86.38, 2.50, 95.18, 1.72, 1.70, 1.70, 1.0496, 1.509
2025/06/29 20:01:43, 372.47, 86.38, 2.27, 95.02, 1.57, 1.64, 1.64, 0.8853, 1.509
2025/06/29 20:06:43, 372.56, 86.38, 2.16, 96.43, 1.54, 1.43, 1.41, 1.1603, 1.509
2025/06/29 20:11:43, 380.12, 86.38, 2.00, 96.54, 1.43, 1.41, 1.38, 1.2106, 1.509
2025/06/29 20:16:43, 378.89, 86.38, 1.90, 97.51, 1.54, 1.46, 1.41, 1.3983, 2.012
2025/06/29 20:21:43, 385.22, 86.38, 1.90, 97.58, 1.57, 1.51, 1.46, 1.1234, 1.509
2025/06/29 20:26:43, 385.92, 86.38, 1.95, 97.85, 1.59, 1.54, 1.49, 1.2877, 2.012
2025/06/29 20:31:43, 385.04, 86.38, 1.70, 98.16, 1.35, 1.30, 1.27, 1.4017, 2.012
2025/06/29 20:36:43, 391.64, 86.41, 1.62, 98.99, 1.38, 1.30, 1.25, 1.6666, 2.012
2025/06/29 20:41:43, 391.20, 86.38, 1.51, 99.22, 1.33, 1.19, 1.14, 1.338, 2.012
2025/06/29 20:46:43, 396.47, 86.38, 1.70, 99.70, 1.62, 1.49, 1.38, 1.6331, 2.012
2025/06/29 20:51:43, 390.85, 86.38, 1.75, 99.63, 1.64, 1.54, 1.38, 1.1938, 1.509
2025/06/29 20:56:43, 398.05, 86.38, 1.77, 99.53, 1.67, 1.46, 1.33, 1.1904, 1.509
2025/06/29 21:01:43, 403.24, 86.38, 1.75, 99.74, 1.35, 1.11, 1.00, 0.8014, 1.509
2025/06/29 21:06:43, 406.41, 86.38, 1.59, 99.71, 1.19, 0.98, 0.87, 0.1543, 1.006
2025/06/29 21:11:43, 406.41, 86.38, 1.54, 100.00, 1.25, 1.00, 0.85, 0.0, 0.0
2025/06/29 21:16:43, 406.41, 86.38, 1.54, 100.00, 1.33, 1.08, 0.90, 0.0, 0.0
2025/06/29 21:21:43, 406.41, 86.38, 1.46, 100.00, 1.25, 1.00, 0.82, 0.0, 0.0
2025/06/29 21:26:43, 388.03, 86.38, 1.14, 100.00, 0.72, 0.61, 0.56, 0.5667, 1.509
2025/06/29 21:31:43, 376.69, 86.38, 1.22, 100.00, 1.03, 0.79, 0.69, 1.3447, 1.509
2025/06/29 21:36:43, 371.95, 86.38, 1.03, 100.00, 0.93, 0.85, 0.77, 1.5157, 2.012
2025/06/29 21:41:43, 389.97, 86.38, 1.03, 100.00, 1.00, 0.87, 0.79, 1.3715, 2.012
2025/06/29 21:46:43, 401.13, 86.38, 1.08, 100.00, 0.98, 0.85, 0.77, 1.5492, 2.012
2025/06/29 21:51:43, 395.86, 86.38, 0.93, 100.00, 0.79, 0.69, 0.64, 1.1435, 1.509
2025/06/29 21:56:43, 372.03, 86.41, 0.98, 100.00, 1.06, 0.85, 0.69, 0.8819, 1.509
2025/06/29 22:01:43, 372.03, 86.38, 0.98, 100.00, 0.98, 0.93, 0.85, 0.1442, 1.006
2025/06/29 22:06:43, 509.97, 86.41, 1.06, 100.00, 1.19, 1.17, 1.14, 0.0067, 0.503
2025/06/29 22:11:43, 514.63, 86.38, 1.11, 100.00, 1.27, 1.22, 1.22, 0.0, 0.0
2025/06/29 22:16:43, 514.71, 86.41, 1.33, 100.00, 1.67, 1.62, 1.54, 0.0, 0.0
2025/06/29 22:21:43, 513.92, 86.41, 1.46, 100.00, 1.62, 1.54, 1.49, 0.0, 0.0
2025/06/29 22:26:43, 476.47, 86.38, 1.54, 100.00, 1.85, 1.77, 1.75, 0.0, 0.0
2025/06/29 22:31:43, 476.47, 86.41, 1.43, 100.00, 1.43, 1.38, 1.33, 0.0, 0.0
2025/06/29 22:36:43, 476.82, 86.38, 1.54, 100.00, 1.59, 1.38, 1.22, 0.0, 0.0
2025/06/29 22:41:43, 477.18, 86.41, 1.67, 100.00, 1.80, 1.72, 1.43, 0.0, 0.0
2025/06/29 22:46:43, 481.04, 86.38, 1.49, 100.00, 1.43, 1.27, 1.19, 0.0, 0.0
2025/06/29 22:51:43, 481.04, 86.38, 1.30, 100.00, 1.38, 1.33, 1.27, 0.0, 0.0
2025/06/29 22:56:43, 481.04, 86.38, 1.22, 100.00, 1.33, 1.19, 1.08, 0.0, 0.0
2025/06/29 23:01:43, 481.04, 86.38, 1.25, 100.00, 1.54, 1.41, 1.27, 0.0, 0.0
2025/06/29 23:06:43, 481.04, 86.38, 1.19, 100.00, 1.49, 1.43, 1.38, 0.0, 0.0
2025/06/29 23:11:43, 480.43, 86.41, 1.08, 100.00, 1.14, 1.03, 0.90, 0.0, 0.0
2025/06/29 23:16:43, 473.57, 86.41, 0.93, 100.00, 0.98, 0.93, 0.90, 0.0, 0.0
2025/06/29 23:21:43, 446.67, 86.41, 0.93, 100.00, 1.22, 1.03, 0.79, 0.0, 0.0
2025/06/29 23:26:43, 439.55, 86.41, 1.22, 100.00, 1.46, 1.38, 1.14, 0.0, 0.0
2025/06/29 23:31:43, 415.46, 86.38, 1.17, 100.00, 1.22, 1.11, 0.90, 0.3521, 1.509
2025/06/29 23:36:43, 416.34, 86.38, 1.11, 100.00, 1.11, 1.00, 0.87, 0.2146, 1.006
2025/06/29 23:41:43, 416.34, 86.38, 1.03, 100.00, 1.17, 1.11, 0.85, 0.0, 0.0
2025/06/29 23:46:43, 416.34, 86.38, 1.03, 100.00, 1.08, 1.00, 0.90, 0.0, 0.0
2025/06/29 23:51:43, 360.16, 86.38, 0.77, 100.00, 0.64, 0.56, 0.50, 0.0738, 1.509
2025/06/29 23:56:43, 368.87, 86.38, 0.69, 100.00, 0.66, 0.58, 0.48, 1.1535, 1.509
2025/06/30 0:01:43, 380.30, 86.38, 0.79, 100.00, 0.93, 0.69, 0.50, 0.9389, 1.509
2025/06/30 0:06:43, 374.49, 86.35, 0.53, 100.00, 0.50, 0.48, 0.42, 1.1871, 2.012
2025/06/30 0:11:43, 374.76, 86.38, 0.58, 100.00, 0.61, 0.58, 0.53, 1.5727, 2.012
2025/06/30 0:16:43, 365.62, 86.38, 0.64, 100.00, 0.74, 0.66, 0.58, 1.5191, 2.012
2025/06/30 0:21:43, 382.67, 86.38, 0.66, 100.00, 0.61, 0.58, 0.50, 1.4989, 2.012
2025/06/30 0:26:43, 385.75, 86.38, 0.53, 100.00, 0.53, 0.48, 0.42, 1.3044, 1.509
2025/06/30 0:31:43, 407.46, 86.38, 0.42, 100.00, 0.40, 0.37, 0.34, 1.224, 1.509
2025/06/30 0:36:43, 409.66, 86.35, 0.50, 100.00, 0.50, 0.48, 0.40, 1.1971, 1.509
2025/06/30 0:41:43, 400.52, 86.35, 0.74, 100.00, 0.79, 0.66, 0.53, 1.0865, 1.509
2025/06/30 0:46:43, 395.24, 86.38, 0.77, 100.00, 0.72, 0.58, 0.48, 0.9423, 1.509
2025/06/30 0:51:43, 392.69, 86.38, 0.64, 100.00, 0.53, 0.48, 0.40, 1.0127, 1.509
2025/06/30 0:56:43, 399.81, 86.35, 0.74, 100.00, 0.79, 0.72, 0.58, 1.1167, 1.509
2025/06/30 1:01:43, 393.48, 86.35, 0.98, 100.00, 1.33, 1.30, 1.14, 1.2106, 2.012
2025/06/30 1:06:43, 399.81, 86.35, 0.90, 100.00, 0.98, 0.93, 0.82, 1.6733, 2.515
2025/06/30 1:11:43, 397.09, 86.35, 1.00, 100.00, 1.22, 1.25, 1.14, 1.7773, 2.515
2025/06/30 1:16:43, 384.69, 86.32, 0.77, 100.00, 0.74, 0.74, 0.69, 1.2776, 2.012
2025/06/30 1:21:43, 400.96, 86.35, 0.72, 100.00, 0.93, 0.90, 0.72, 1.0764, 1.509
2025/06/30 1:26:43, 410.01, 86.35, 0.74, 100.00, 0.93, 0.93, 0.82, 1.3078, 2.012
2025/06/30 1:31:43, 379.42, 86.35, 0.79, 100.00, 1.06, 1.00, 0.87, 1.4084, 2.012
2025/06/30 1:36:43, 392.69, 86.35, 1.00, 100.00, 1.17, 1.11, 0.95, 1.4352, 2.012
2025/06/30 1:41:43, 382.76, 86.35, 0.85, 100.00, 1.03, 0.98, 0.82, 1.2743, 2.012
2025/06/30 1:46:43, 386.80, 86.35, 0.79, 100.00, 0.82, 0.77, 0.69, 1.1737, 1.509
2025/06/30 1:51:43, 386.80, 86.32, 0.79, 100.00, 0.93, 0.79, 0.66, 0.3454, 1.006
2025/06/30 1:56:43, 351.55, 86.32, 0.93, 100.00, 0.98, 0.90, 0.82, 0.2951, 1.509
2025/06/30 2:01:43, 352.60, 86.32, 1.08, 100.00, 1.49, 1.33, 1.08, 1.0127, 1.509
2025/06/30 2:06:43, 373.09, 86.32, 1.38, 100.00, 1.70, 1.64, 1.46, 1.1603, 1.509
2025/06/30 2:11:43, 373.97, 86.35, 1.35, 100.00, 1.43, 1.33, 1.14, 1.0496, 1.509
2025/06/30 2:16:43, 381.26, 86.32, 1.27, 100.00, 1.22, 1.14, 0.95, 1.1636, 1.509
2025/06/30 2:21:43, 380.03, 86.32, 1.27, 100.00, 1.27, 1.17, 1.00, 1.3782, 2.012
2025/06/30 2:26:43, 403.59, 86.32, 1.06, 100.00, 1.22, 1.17, 0.98, 0.9456, 1.509
2025/06/30 2:31:43, 401.92, 86.32, 0.90, 100.00, 0.85, 0.79, 0.64, 0.4963, 1.509
2025/06/30 2:36:43, 405.70, 86.32, 1.06, 100.00, 1.49, 1.43, 1.06, 0.0, 0.0
2025/06/30 2:41:43, 407.20, 86.32, 0.98, 100.00, 0.98, 0.85, 0.66, 0.4292, 1.509
2025/06/30 2:46:43, 407.20, 86.32, 1.11, 100.00, 1.22, 1.06, 0.77, 1.0395, 1.509
2025/06/30 2:51:43, 396.65, 86.32, 1.11, 100.00, 1.27, 0.93, 0.69, 1.2609, 1.509
2025/06/30 2:56:43, 396.65, 86.32, 1.11, 100.00, 0.95, 0.74, 0.56, 1.291, 1.509
2025/06/30 3:01:43, 396.03, 86.29, 1.17, 100.00, 1.22, 0.87, 0.61, 1.1703, 1.509
2025/06/30 3:06:43, 400.25, 86.26, 1.22, 100.00, 1.14, 0.87, 0.53, 1.0026, 1.509
2025/06/30 3:11:43, 380.82, 86.26, 0.98, 100.00, 1.03, 0.85, 0.69, 0.6673, 1.509
2025/06/30 3:16:43, 380.82, 86.26, 0.95, 100.00, 0.79, 0.72, 0.61, 0.0, 0.0
2025/06/30 3:21:43, 459.59, 86.26, 1.14, 100.00, 1.70, 1.54, 1.17, 0.7344, 1.509
2025/06/30 3:26:43, 457.66, 86.29, 1.49, 100.00, 1.70, 1.51, 1.25, 1.1032, 2.012
2025/06/30 3:31:43, 427.33, 86.26, 1.43, 100.00, 1.54, 1.49, 1.38, 1.3346, 2.012
2025/06/30 3:36:43, 441.13, 86.26, 1.03, 100.00, 1.00, 0.95, 0.82, 1.2307, 2.012
2025/06/30 3:41:43, 438.23, 86.26, 1.33, 100.00, 1.64, 1.54, 1.19, 1.5258, 2.012
2025/06/30 3:46:43, 442.80, 86.26, 1.33, 100.00, 1.35, 1.27, 1.11, 1.3078, 2.012
2025/06/30 3:51:43, 442.19, 86.26, 1.43, 100.00, 1.72, 1.59, 1.33, 1.4989, 2.012
2025/06/30 3:56:43, 425.57, 86.23, 1.43, 100.00, 1.59, 1.43, 1.14, 1.6364, 2.012
2025/06/30 4:01:43, 425.57, 86.26, 1.49, 100.00, 1.59, 1.46, 1.27, 1.955, 2.515
2025/06/30 4:06:43, 407.90, 86.23, 1.43, 100.00, 1.70, 1.64, 1.49, 1.6029, 3.018
2025/06/30 4:11:43, 415.37, 86.23, 1.64, 100.00, 1.98, 1.88, 1.75, 1.4218, 2.515
2025/06/30 4:16:43, 394.71, 86.23, 1.80, 100.00, 2.06, 2.00, 1.85, 1.7337, 3.018
2025/06/30 4:21:43, 448.69, 86.23, 1.75, 100.00, 1.85, 1.80, 1.70, 0.9054, 2.515
2025/06/30 4:26:43, 457.22, 86.23, 1.75, 100.00, 1.77, 1.67, 1.49, 1.6096, 3.018
2025/06/30 4:31:43, 454.05, 86.23, 1.41, 100.00, 1.43, 1.35, 1.22, 2.3507, 3.018
2025/06/30 4:36:43, 467.95, 86.23, 1.41, 100.00, 1.25, 1.25, 1.25, 1.67, 3.018
2025/06/30 4:41:43, 471.46, 86.23, 1.27, 100.00, 1.25, 1.17, 1.14, 1.7303, 3.018
2025/06/30 4:46:43, 453.70, 86.23, 1.27, 100.00, 1.25, 1.17, 1.11, 2.515, 3.018
2025/06/30 4:51:43, 447.11, 86.20, 1.49, 100.00, 1.43, 1.35, 1.27, 2.686, 3.018
2025/06/30 4:56:43, 426.10, 86.20, 1.41, 100.00, 1.46, 1.33, 1.22, 2.1092, 2.515
2025/06/30 5:01:43, 342.23, 86.20, 1.57, 100.00, 1.59, 1.54, 1.43, 1.5861, 2.515
2025/06/30 5:06:43, 331.68, 86.23, 1.49, 100.00, 1.38, 1.27, 1.22, 1.9315, 2.515
2025/06/30 5:11:43, 347.68, 86.20, 1.67, 100.00, 2.00, 1.70, 1.46, 2.0791, 3.521
2025/06/30 5:16:43, 356.03, 86.20, 1.77, 100.00, 1.85, 1.88, 1.77, 0.7076, 2.515
2025/06/30 5:21:43, 366.23, 86.16, 2.08, 100.00, 2.06, 2.06, 1.88, 2.0891, 4.024
2025/06/30 5:26:43, 378.45, 86.16, 1.95, 100.00, 1.83, 1.85, 1.64, 2.5519, 3.521
2025/06/30 5:31:43, 377.66, 86.13, 2.48, 100.00, 2.48, 2.50, 2.32, 2.9375, 4.527
2025/06/30 5:36:43, 376.34, 86.13, 2.37, 99.72, 2.16, 2.11, 1.95, 3.8194, 4.527
2025/06/30 5:41:43, 371.42, 86.10, 2.32, 99.20, 2.27, 2.22, 2.00, 3.9771, 5.533
2025/06/30 5:46:43, 374.85, 86.10, 2.24, 98.78, 1.98, 1.93, 1.77, 3.5881, 4.527
2025/06/30 5:51:43, 382.05, 86.10, 2.66, 97.04, 2.43, 2.32, 2.14, 2.9442, 4.527
2025/06/30 5:56:43, 391.37, 86.13, 2.94, 96.87, 3.45, 3.32, 3.04, 2.8134, 4.527
2025/06/30 6:01:43, 397.79, 86.13, 3.45, 92.83, 3.45, 3.19, 2.86, 2.7397, 4.527
2025/06/30 6:06:43, 370.19, 86.10, 3.30, 90.53, 2.73, 2.53, 2.32, 2.9643, 4.024
2025/06/30 6:11:43, 391.64, 86.10, 3.48, 89.35, 3.04, 2.81, 2.61, 2.7028, 5.03
2025/06/30 6:16:43, 383.90, 86.07, 3.60, 87.91, 3.25, 3.04, 2.89, 2.619, 3.018
2025/06/30 6:21:43, 406.85, 86.10, 3.75, 87.68, 3.32, 2.99, 2.84, 2.2199, 3.018
2025/06/30 6:26:43, 376.25, 86.07, 4.13, 84.33, 3.40, 3.19, 3.06, 1.5325, 2.515
2025/06/30 6:31:43, 407.02, 86.10, 4.41, 83.68, 4.10, 3.90, 3.75, 1.3849, 2.515
2025/06/30 6:36:43, 396.47, 86.04, 5.51, 79.05, 4.91, 4.56, 4.31, 1.3749, 2.515
2025/06/30 6:41:43, 410.80, 86.07, 6.09, 76.71, 4.93, 4.49, 4.31, 1.167, 2.012
2025/06/30 6:46:43, 426.27, 86.07, 5.36, 79.17, 3.95, 3.90, 3.83, 1.5794, 2.012
2025/06/30 6:51:43, 442.71, 86.04, 5.28, 80.56, 4.13, 3.98, 3.75, 1.9516, 3.018
2025/06/30 6:56:43, 435.95, 86.04, 5.33, 79.17, 4.08, 3.95, 3.80, 2.0925, 2.515
2025/06/30 7:01:43, 431.64, 86.04, 5.46, 77.68, 3.95, 3.85, 3.70, 2.2467, 3.018
2025/06/30 7:06:43, 421.53, 86.07, 5.92, 76.72, 4.91, 4.78, 4.66, 2.5284, 3.018
2025/06/30 7:11:43, 407.73, 86.07, 6.61, 74.25, 5.75, 5.16, 5.00, 2.0053, 3.018
2025/06/30 7:16:43, 416.96, 86.07, 7.62, 69.26, 5.99, 5.80, 5.82, 1.452, 2.012
2025/06/30 7:21:43, 419.77, 86.07, 7.67, 67.83, 5.33, 5.18, 4.98, 1.4218, 2.012
2025/06/30 7:26:43, 423.90, 86.04, 6.87, 70.67, 4.93, 4.83, 4.73, 1.7102, 2.515
2025/06/30 7:31:43, 426.27, 86.04, 6.85, 70.96, 5.28, 4.98, 4.91, 1.67, 2.515
2025/06/30 7:36:43, 428.56, 86.01, 5.63, 76.12, 4.56, 4.41, 4.23, 2.5485, 3.521
2025/06/30 7:41:43, 418.63, 86.01, 5.77, 77.29, 5.26, 5.10, 4.73, 3.9368, 5.533
2025/06/30 7:46:43, 413.35, 86.01, 5.60, 75.90, 4.56, 4.31, 4.13, 3.6853, 4.527
2025/06/30 7:51:43, 411.33, 85.98, 6.29, 73.68, 5.68, 5.38, 5.10, 3.6451, 4.527
2025/06/30 7:56:43, 414.58, 86.01, 7.04, 70.29, 6.09, 5.73, 5.46, 3.2997, 4.024
2025/06/30 8:01:43, 407.37, 85.98, 7.01, 69.47, 5.87, 5.21, 4.88, 3.2024, 5.03
2025/06/30 8:06:43, 403.86, 85.95, 6.61, 70.67, 5.73, 5.21, 4.86, 3.1991, 4.024
2025/06/30 8:11:43, 392.25, 85.95, 5.70, 73.70, 4.66, 4.31, 4.10, 3.1421, 4.024
2025/06/30 8:16:43, 403.15, 85.95, 6.44, 71.01, 5.55, 5.08, 4.86, 2.9744, 4.024
2025/06/30 8:21:43, 374.93, 85.91, 6.29, 71.25, 4.86, 4.69, 4.59, 2.847, 4.024
2025/06/30 8:26:43, 370.10, 85.98, 6.87, 69.45, 5.18, 5.00, 4.93, 2.7128, 4.024
2025/06/30 8:31:43, 364.12, 85.95, 6.85, 68.89, 4.83, 4.66, 4.71, 2.2266, 3.018
2025/06/30 8:36:43, 366.41, 85.95, 6.75, 68.84, 4.69, 4.46, 4.46, 1.8779, 2.515
2025/06/30 8:41:43, 395.95, 85.98, 8.31, 64.17, 7.38, 6.96, 6.73, 1.3413, 3.018
2025/06/30 8:46:43, 394.98, 85.98, 8.31, 62.58, 6.58, 6.31, 6.19, 0.8249, 1.509
2025/06/30 8:51:43, 399.37, 85.98, 9.14, 59.42, 7.45, 7.01, 6.85, 1.063, 2.012
2025/06/30 8:56:43, 372.38, 85.95, 7.40, 65.16, 5.70, 5.43, 5.41, 1.5828, 2.515
2025/06/30 9:01:43, 389.35, 85.95, 7.95, 62.87, 6.73, 6.41, 6.24, 1.4285, 2.515
2025/06/30 9:06:43, 427.07, 85.91, 9.84, 57.88, 8.81, 8.21, 7.83, 0.8652, 2.012
2025/06/30 9:11:43, 417.31, 85.95, 10.03, 55.52, 7.55, 7.18, 6.82, 0.6371, 1.509
2025/06/30 9:16:43, 373.70, 85.95, 9.82, 54.94, 7.31, 7.09, 6.82, 0.8014, 1.509
2025/06/30 9:21:43, 392.60, 85.95, 11.31, 50.86, 8.34, 8.14, 7.60, 0.285, 1.509
2025/06/30 9:26:43, 425.84, 85.95, 11.22, 49.99, 6.92, 7.14, 7.64, 0.1241, 1.006
2025/06/30 9:31:43, 426.01, 85.91, 10.12, 53.71, 7.74, 7.95, 8.12, 0.4259, 1.006
2025/06/30 9:36:43, 370.19, 85.91, 10.52, 51.89, 7.23, 6.77, 6.61, 0.9658, 2.012
2025/06/30 9:41:43, 386.19, 85.95, 10.10, 54.00, 8.50, 8.07, 7.97, 0.7444, 2.012
2025/06/30 9:46:43, 341.26, 85.95, 10.03, 52.29, 6.41, 6.31, 6.19, 0.3018, 1.509
2025/06/30 9:51:43, 361.57, 85.85, 8.78, 55.93, 5.73, 5.55, 5.55, 1.1468, 3.018
2025/06/30 9:56:43, 362.98, 85.88, 7.55, 61.19, 5.55, 5.41, 5.33, 2.9174, 4.024
2025/06/30 10:01:43, 368.43, 85.85, 7.09, 63.24, 5.94, 5.70, 5.48, 3.0582, 4.024
2025/06/30 10:06:43, 369.57, 85.85, 7.45, 62.21, 5.94, 5.65, 5.48, 2.5351, 3.018
2025/06/30 10:11:43, 374.05, 85.88, 7.52, 61.78, 6.65, 6.11, 5.63, 2.8101, 3.521
2025/06/30 10:16:43, 372.56, 85.88, 6.73, 64.55, 4.88, 4.69, 4.56, 2.8738, 3.521
2025/06/30 10:21:43, 367.46, 85.85, 6.51, 65.89, 4.95, 4.71, 4.61, 2.857, 3.521
2025/06/30 10:26:43, 384.96, 85.85, 6.85, 65.01, 5.55, 5.21, 5.05, 2.5619, 3.018
2025/06/30 10:31:43, 386.80, 85.85, 7.35, 62.90, 5.89, 5.60, 5.51, 2.6894, 3.018
2025/06/30 10:36:43, 370.19, 85.82, 7.38, 62.57, 5.89, 5.63, 5.46, 3.3332, 4.527
2025/06/30 10:41:43, 373.35, 85.79, 7.26, 63.26, 5.85, 5.55, 5.41, 3.6082, 4.527
2025/06/30 10:46:43, 371.15, 85.76, 7.95, 60.46, 6.14, 5.92, 5.82, 3.6518, 4.527
2025/06/30 10:51:43, 370.63, 85.79, 8.09, 59.55, 6.26, 6.01, 5.87, 3.7759, 5.03
2025/06/30 10:56:43, 369.75, 85.73, 8.50, 58.53, 6.68, 6.41, 6.24, 3.9905, 5.03
2025/06/30 11:01:43, 381.97, 85.91, 9.73, 54.30, 7.71, 7.35, 7.21, 3.8932, 4.527
2025/06/30 11:06:43, 373.62, 86.04, 9.61, 54.17, 7.33, 7.04, 6.89, 3.5881, 4.527
2025/06/30 11:11:43, 368.43, 85.79, 8.50, 57.38, 6.09, 5.92, 5.85, 3.122, 4.527
2025/06/30 11:16:43, 362.36, 86.01, 8.95, 56.54, 7.26, 6.96, 6.82, 3.464, 5.03
2025/06/30 11:21:43, 349.97, 86.48, 10.12, 52.18, 7.64, 7.28, 7.11, 3.0381, 4.024
2025/06/30 11:26:43, 366.49, 85.82, 9.28, 53.99, 7.48, 7.28, 7.18, 3.7155, 5.533
2025/06/30 11:31:43, 368.52, 86.35, 10.15, 51.78, 7.57, 7.23, 7.14, 3.179, 5.03
2025/06/30 11:36:43, 382.49, 85.79, 10.00, 52.06, 7.52, 7.21, 7.16, 2.8302, 4.024
2025/06/30 11:41:43, 403.15, 85.76, 8.99, 54.99, 7.45, 6.96, 6.77, 3.6887, 5.533
2025/06/30 11:46:43, 400.25, 85.63, 9.14, 55.08, 7.97, 7.40, 7.06, 5.1809, 7.042
2025/06/30 11:51:43, 397.88, 85.73, 9.30, 53.99, 8.29, 7.60, 7.28, 5.2849, 6.539
2025/06/30 11:56:43, 398.85, 85.45, 9.66, 53.62, 8.69, 8.26, 7.83, 5.3385, 6.539
2025/06/30 12:01:43, 392.69, 85.38, 9.84, 53.68, 9.02, 8.34, 8.00, 4.9797, 6.036
2025/06/30 12:06:43, 390.49, 85.66, 9.98, 52.65, 8.69, 8.17, 7.93, 5.0468, 6.539
2025/06/30 12:11:43, 389.70, 85.70, 9.77, 52.59, 7.86, 7.40, 7.23, 4.4298, 5.533
2025/06/30 12:16:43, 389.88, 85.70, 9.68, 53.51, 7.79, 7.45, 7.35, 3.6954, 5.03
2025/06/30 12:21:43, 390.67, 85.63, 9.94, 53.65, 8.12, 7.69, 7.64, 3.4942, 5.533
2025/06/30 12:26:43, 385.13, 85.73, 9.26, 54.99, 7.62, 7.23, 7.09, 2.9241, 4.024
2025/06/30 12:31:43, 390.41, 85.76, 9.73, 55.97, 7.93, 7.14, 7.06, 2.5284, 4.024
2025/06/30 12:36:43, 385.13, 85.76, 7.86, 64.34, 6.11, 5.48, 5.63, 2.9845, 4.024
2025/06/30 12:41:43, 366.32, 85.79, 7.40, 63.13, 5.31, 4.91, 4.88, 2.4245, 4.024
2025/06/30 12:46:43, 360.87, 85.79, 7.16, 66.90, 5.75, 5.31, 5.05, 2.7732, 3.521
2025/06/30 12:51:43, 343.99, 85.82, 7.21, 66.36, 5.97, 5.43, 5.55, 2.2937, 3.018
2025/06/30 12:56:43, 362.10, 85.76, 7.18, 70.42, 5.63, 5.18, 5.05, 2.287, 4.024
2025/06/30 13:01:43, 386.10, 85.76, 7.38, 73.63, 6.68, 5.92, 6.29, 2.5586, 3.521
2025/06/30 13:06:43, 398.23, 85.79, 8.12, 70.04, 7.38, 6.68, 6.70, 1.6498, 2.515
2025/06/30 13:11:43, 405.70, 85.76, 9.11, 71.44, 7.95, 7.11, 7.38, 1.6901, 2.515
2025/06/30 13:16:43, 395.59, 85.76, 9.16, 68.18, 7.31, 6.39, 6.53, 2.297, 4.024
2025/06/30 13:21:43, 432.78, 85.73, 8.67, 80.83, 7.55, 7.26, 7.31, 2.0925, 4.024
2025/06/30 13:26:43, 433.57, 85.57, 8.02, 96.01, 6.06, 6.01, 5.97, 2.4915, 3.521
2025/06/30 13:31:43, 436.56, 85.54, 7.74, 100.00, 6.36, 6.58, 6.51, 2.2702, 3.018
2025/06/30 13:36:43, 447.37, 85.38, 8.14, 100.00, 6.24, 6.06, 6.39, 1.7974, 3.018
2025/06/30 13:41:43, 438.93, 84.92, 8.78, 100.00, 6.48, 6.75, 6.99, 1.4453, 2.012
2025/06/30 13:46:43, 449.75, 84.85, 8.29, 100.00, 6.09, 6.24, 6.39, 1.5157, 2.012
2025/06/30 13:51:43, 451.59, 85.45, 7.88, 100.00, 5.80, 5.82, 5.82, 1.4922, 2.012
2025/06/30 13:56:43, 466.63, 85.63, 7.23, 100.00, 5.18, 5.23, 5.28, 1.4922, 2.012
2025/06/30 14:01:43, 466.36, 85.70, 6.80, 100.00, 5.00, 5.05, 5.05, 1.9215, 2.515
2025/06/30 14:06:43, 459.51, 85.60, 6.82, 100.00, 5.13, 5.03, 5.18, 1.9148, 2.515
2025/06/30 14:11:43, 470.67, 85.57, 6.82, 100.00, 5.31, 5.33, 5.33, 2.4681, 3.521
2025/06/30 14:16:43, 465.04, 85.60, 6.51, 100.00, 4.69, 4.91, 4.83, 2.2434, 3.018
2025/06/30 14:21:43, 464.25, 85.66, 6.01, 100.00, 4.51, 4.66, 4.61, 2.4949, 3.521
2025/06/30 14:26:43, 471.90, 85.76, 6.29, 100.00, 4.54, 4.71, 4.71, 2.183, 3.018
2025/06/30 14:31:43, 477.18, 85.76, 6.16, 100.00, 4.26, 4.39, 4.39, 1.9181, 2.515
2025/06/30 14:36:43, 463.73, 85.66, 6.09, 100.00, 4.64, 4.78, 4.76, 2.3607, 3.018
2025/06/30 14:41:43, 459.95, 85.63, 7.35, 100.00, 5.31, 5.26, 5.43, 2.0154, 2.515
2025/06/30 14:46:43, 456.34, 85.73, 7.57, 99.14, 5.23, 5.33, 5.38, 1.9148, 2.515
2025/06/30 14:51:43, 443.33, 85.73, 8.41, 81.79, 6.14, 6.16, 6.21, 1.7303, 2.012
2025/06/30 14:56:43, 454.58, 85.73, 8.83, 73.18, 6.36, 6.16, 6.19, 1.8242, 2.515
2025/06/30 15:01:43, 441.04, 85.70, 8.83, 73.81, 6.48, 6.34, 6.39, 2.1931, 2.515
2025/06/30 15:06:43, 429.88, 85.73, 8.50, 77.39, 6.31, 6.58, 6.51, 2.0824, 2.515
2025/06/30 15:11:43, 429.18, 85.76, 7.83, 81.43, 6.16, 6.44, 6.34, 2.2534, 2.515
2025/06/30 15:16:43, 425.66, 85.79, 10.05, 72.96, 8.45, 8.24, 8.45, 1.5727, 2.515
2025/06/30 15:21:43, 340.74, 85.88, 8.62, 79.60, 5.85, 5.87, 5.89, 1.6767, 3.018
2025/06/30 15:26:43, 339.95, 85.82, 8.62, 82.75, 4.93, 4.88, 5.00, 0.4695, 2.012
2025/06/30 15:31:43, 373.35, 85.82, 7.67, 93.61, 5.63, 5.58, 5.53, 0.218, 1.006
2025/06/30 15:36:43, 404.74, 85.76, 9.26, 96.93, 7.26, 7.33, 7.48, 0.0268, 0.503
2025/06/30 15:41:43, 446.23, 85.76, 7.09, 97.75, 4.91, 5.23, 5.33, 0.5298, 1.509
2025/06/30 15:46:43, 459.59, 85.70, 5.82, 100.00, 4.05, 4.16, 4.26, 1.5392, 2.012
2025/06/30 15:51:43, 444.03, 85.73, 5.87, 100.00, 4.31, 4.26, 4.21, 1.6633, 2.012
2025/06/30 15:56:43, 444.82, 85.82, 6.51, 100.00, 5.08, 5.16, 5.31, 1.3313, 2.012
2025/06/30 16:01:43, 445.18, 85.85, 6.96, 100.00, 5.13, 5.10, 5.26, 1.0462, 1.509
2025/06/30 16:06:43, 458.19, 85.85, 7.01, 100.00, 5.26, 5.00, 4.98, 1.3682, 2.012
2025/06/30 16:11:43, 458.01, 85.98, 7.45, 100.00, 5.51, 5.48, 5.82, 0.6941, 1.509
2025/06/30 16:16:43, 449.31, 85.98, 6.96, 100.00, 4.73, 4.69, 4.93, 0.7243, 1.509
2025/06/30 16:21:43, 447.11, 85.82, 6.26, 100.00, 4.59, 4.46, 4.64, 0.9356, 2.515
2025/06/30 16:26:43, 444.03, 85.76, 6.41, 100.00, 5.31, 5.10, 5.13, 1.8175, 2.515
2025/06/30 16:31:43, 433.48, 85.82, 6.48, 100.00, 5.26, 5.13, 5.26, 1.5459, 2.012
2025/06/30 16:36:43, 432.87, 85.85, 7.01, 100.00, 5.60, 5.51, 5.53, 2.0757, 2.515
2025/06/30 16:41:43, 408.25, 85.88, 7.90, 100.00, 6.09, 5.55, 5.63, 1.623, 2.012
2025/06/30 16:46:43, 417.75, 85.79, 9.04, 100.00, 7.43, 6.96, 6.99, 2.1092, 3.018
2025/06/30 16:51:43, 415.11, 85.82, 10.34, 92.31, 8.12, 7.48, 7.43, 1.9315, 3.018
2025/06/30 16:56:43, 426.45, 85.85, 9.82, 73.30, 6.21, 6.34, 6.51, 1.6062, 2.012
2025/06/30 17:01:43, 438.14, 85.79, 8.21, 74.46, 4.88, 4.91, 4.88, 1.7236, 2.515
2025/06/30 17:06:43, 423.37, 85.82, 8.92, 74.75, 6.58, 6.89, 6.96, 1.8946, 3.018
2025/06/30 17:11:43, 420.56, 85.85, 9.61, 69.10, 6.53, 6.73, 6.53, 1.784, 2.515
2025/06/30 17:16:43, 398.85, 85.85, 8.64, 72.74, 6.44, 6.48, 6.14, 1.794, 2.515
2025/06/30 17:21:43, 405.09, 85.88, 9.61, 69.14, 7.35, 7.28, 6.75, 1.348, 2.515
2025/06/30 17:26:43, 404.30, 85.88, 10.15, 66.69, 7.48, 7.64, 7.45, 1.0026, 2.012
2025/06/30 17:31:43, 422.14, 85.88, 9.30, 70.99, 6.89, 6.82, 6.65, 1.0965, 1.509
2025/06/30 17:36:43, 407.81, 85.88, 8.64, 72.60, 6.77, 6.53, 6.46, 0.9691, 1.509
2025/06/30 17:41:43, 435.15, 85.88, 8.12, 73.63, 5.85, 5.92, 6.04, 1.177, 2.012
2025/06/30 17:46:43, 448.96, 85.85, 6.94, 78.95, 5.16, 5.00, 4.88, 1.8577, 2.515
2025/06/30 17:51:43, 421.35, 85.85, 6.92, 79.13, 5.53, 5.48, 5.41, 1.7437, 2.515
2025/06/30 17:56:43, 408.34, 85.91, 8.38, 72.56, 6.58, 5.99, 5.92, 0.6002, 1.509
2025/06/30 18:01:43, 450.10, 85.85, 7.16, 76.25, 4.49, 4.46, 4.41, 0.7981, 2.012
2025/06/30 18:06:43, 449.40, 85.88, 5.65, 83.27, 4.00, 3.90, 3.80, 1.8745, 2.515
2025/06/30 18:11:43, 448.34, 85.88, 5.08, 86.85, 3.73, 3.70, 3.63, 1.8846, 2.012
2025/06/30 18:16:43, 448.34, 85.88, 5.10, 87.85, 4.08, 3.98, 3.88, 1.8108, 2.012
2025/06/30 18:21:43, 447.20, 85.88, 5.05, 88.50, 3.90, 3.85, 3.73, 1.9013, 2.515
2025/06/30 18:26:43, 435.42, 85.88, 5.10, 87.96, 4.00, 3.95, 3.88, 1.6096, 2.012
2025/06/30 18:31:43, 430.49, 85.82, 5.31, 88.00, 4.36, 4.36, 4.28, 1.8309, 2.515
2025/06/30 18:36:43, 398.23, 85.82, 5.36, 84.03, 4.10, 3.90, 3.85, 1.7437, 2.012
2025/06/30 18:41:43, 407.20, 85.85, 6.29, 81.43, 5.41, 4.93, 4.83, 1.7035, 2.515
2025/06/30 18:46:43, 395.24, 85.79, 6.92, 80.68, 6.24, 5.80, 5.51, 2.0556, 3.018
2025/06/30 18:51:43, 391.11, 85.88, 7.50, 74.20, 5.21, 4.86, 5.03, 1.3145, 2.012
2025/06/30 18:56:43, 404.12, 85.79, 6.87, 77.28, 5.46, 5.10, 5.03, 1.1837, 2.012
2025/06/30 19:01:43, 418.36, 85.82, 7.28, 76.27, 5.70, 5.63, 5.58, 1.1938, 1.509
2025/06/30 19:06:43, 420.47, 85.82, 7.16, 78.14, 5.43, 5.41, 5.46, 1.3715, 2.012
2025/06/30 19:11:43, 412.30, 85.82, 6.51, 81.13, 5.00, 4.59, 4.36, 1.8946, 2.515
2025/06/30 19:16:43, 387.33, 85.82, 4.81, 85.66, 3.58, 3.40, 3.35, 1.3212, 2.012
2025/06/30 19:21:43, 369.75, 85.82, 5.10, 83.95, 3.63, 3.45, 3.32, 1.3179, 2.012
2025/06/30 19:26:43, 379.24, 85.82, 4.41, 86.36, 3.48, 3.30, 3.22, 1.3011, 2.012
2025/06/30 19:31:43, 394.27, 85.82, 4.44, 87.77, 3.85, 3.55, 3.30, 1.4118, 2.012
2025/06/30 19:36:43, 441.84, 85.85, 4.91, 86.49, 4.00, 3.80, 3.60, 0.6673, 1.006
2025/06/30 19:41:43, 391.37, 85.85, 4.05, 89.31, 3.19, 3.04, 2.89, 1.1837, 2.012
2025/06/30 19:46:43, 369.22, 85.85, 3.63, 91.14, 2.78, 2.71, 2.66, 1.8745, 2.515
2025/06/30 19:51:43, 373.97, 85.82, 3.40, 92.46, 2.96, 2.78, 2.63, 2.7699, 3.521
2025/06/30 19:56:43, 379.59, 85.82, 3.43, 92.57, 3.01, 2.84, 2.71, 2.4345, 3.521
2025/06/30 20:01:43, 370.54, 85.82, 3.30, 93.43, 2.73, 2.63, 2.48, 2.7128, 3.521
2025/06/30 20:06:43, 373.79, 85.82, 3.04, 94.73, 2.63, 2.56, 2.43, 2.79, 4.024
2025/06/30 20:11:43, 418.80, 85.82, 3.30, 94.38, 2.94, 2.78, 2.66, 2.1897, 4.024
2025/06/30 20:16:43, 435.33, 85.85, 3.40, 94.91, 3.01, 2.94, 2.89, 1.955, 3.521
2025/06/30 20:21:43, 388.30, 85.85, 2.89, 91.81, 2.16, 2.03, 1.95, 1.9181, 3.018
2025/06/30 20:26:43, 367.20, 85.82, 2.53, 96.13, 2.30, 2.16, 2.06, 2.7497, 4.024
2025/06/30 20:31:43, 370.63, 85.85, 2.35, 95.84, 1.98, 1.85, 1.77, 2.6894, 3.521
2025/06/30 20:36:43, 374.05, 85.82, 2.24, 96.70, 1.90, 1.77, 1.70, 2.9275, 4.024
2025/06/30 20:41:43, 374.23, 85.85, 2.30, 98.21, 2.19, 2.06, 1.93, 2.9275, 3.521
2025/06/30 20:46:43, 419.51, 85.82, 2.53, 96.72, 2.16, 2.08, 1.98, 3.0784, 4.024
2025/06/30 20:51:43, 387.07, 85.85, 2.48, 97.44, 2.30, 2.19, 2.06, 2.8134, 4.024
2025/06/30 20:56:43, 382.14, 85.85, 2.84, 98.57, 2.86, 2.63, 2.43, 2.9576, 4.024
2025/06/30 21:01:43, 388.38, 85.85, 2.53, 98.55, 2.37, 2.22, 2.00, 2.5552, 3.521
2025/06/30 21:06:43, 390.14, 85.82, 2.78, 100.00, 2.89, 2.53, 2.11, 2.354, 3.018
2025/06/30 21:11:43, 387.68, 85.82, 2.89, 100.00, 2.76, 2.50, 2.24, 1.9349, 2.515
2025/06/30 21:16:43, 381.79, 85.85, 2.53, 100.00, 2.16, 1.95, 1.75, 2.183, 3.018
2025/06/30 21:21:43, 390.58, 85.85, 2.19, 100.00, 1.85, 1.64, 1.41, 1.6364, 2.515
2025/06/30 21:26:43, 372.82, 85.85, 2.16, 100.00, 2.14, 1.88, 1.67, 1.3849, 2.012
2025/06/30 21:31:43, 375.99, 85.85, 2.22, 100.00, 2.40, 2.27, 2.06, 1.7571, 3.018
2025/06/30 21:36:43, 399.55, 85.85, 1.98, 100.00, 1.95, 1.85, 1.67, 2.126, 3.018
2025/06/30 21:41:43, 388.47, 85.82, 2.45, 100.00, 2.58, 2.48, 2.32, 2.7363, 4.024
2025/06/30 21:46:43, 375.29, 85.85, 2.24, 100.00, 2.08, 1.98, 1.88, 2.7833, 3.521
2025/06/30 21:51:43, 406.14, 85.85, 2.19, 100.00, 2.14, 2.03, 1.88, 2.6961, 3.521
2025/06/30 21:56:43, 407.99, 85.85, 2.06, 100.00, 2.08, 1.88, 1.64, 2.4077, 3.018
2025/06/30 22:01:43, 390.49, 86.04, 2.63, 100.00, 2.48, 2.22, 1.95, 2.2635, 3.018
2025/06/30 22:06:43, 382.14, 86.10, 2.73, 100.00, 2.45, 2.14, 1.83, 1.7907, 2.515
2025/06/30 22:11:43, 377.92, 86.01, 2.37, 100.00, 2.27, 1.98, 1.70, 2.0824, 3.018
2025/06/30 22:16:43, 383.99, 86.01, 1.88, 100.00, 1.64, 1.51, 1.35, 2.116, 3.018
2025/06/30 22:21:43, 378.01, 86.04, 1.57, 100.00, 1.43, 1.33, 1.19, 1.6867, 2.515
2025/06/30 22:26:43, 374.58, 86.01, 1.70, 100.00, 1.54, 1.38, 1.22, 2.0019, 2.515
2025/06/30 22:31:43, 396.56, 86.01, 1.43, 100.00, 1.25, 1.08, 0.98, 1.8343, 2.012
2025/06/30 22:36:43, 386.19, 86.01, 1.38, 100.00, 1.33, 1.22, 1.11, 1.7035, 2.012
2025/06/30 22:41:43, 379.15, 86.01, 1.43, 100.00, 1.43, 1.33, 1.19, 1.8074, 2.515
2025/06/30 22:46:43, 380.12, 86.01, 1.33, 100.00, 1.22, 1.11, 1.00, 1.5191, 2.012
2025/06/30 22:51:43, 382.93, 86.04, 1.51, 100.00, 1.46, 1.33, 1.17, 1.5157, 2.012
2025/06/30 22:56:43, 383.20, 86.13, 1.41, 100.00, 1.27, 1.17, 1.03, 1.395, 2.012
2025/06/30 23:01:43, 389.70, 86.13, 1.46, 100.00, 1.51, 1.43, 1.35, 1.6431, 2.515
2025/06/30 23:06:43, 379.15, 85.85, 2.06, 100.00, 1.83, 1.75, 1.59, 2.3272, 3.018
2025/06/30 23:11:43, 391.99, 85.85, 1.85, 100.00, 1.75, 1.64, 1.46, 2.1461, 2.515
2025/06/30 23:16:43, 396.47, 85.85, 1.59, 100.00, 1.67, 1.54, 1.38, 2.0757, 2.515
2025/06/30 23:21:43, 389.35, 85.88, 1.85, 100.00, 1.77, 1.64, 1.51, 2.1327, 3.018
2025/06/30 23:26:43, 384.69, 85.88, 1.64, 100.00, 1.54, 1.43, 1.27, 2.4681, 3.018
2025/06/30 23:31:43, 408.78, 85.88, 1.70, 100.00, 1.75, 1.64, 1.49, 1.9751, 2.515
2025/06/30 23:36:43, 392.52, 85.85, 1.80, 100.00, 1.67, 1.54, 1.38, 2.4211, 3.018
2025/06/30 23:41:43, 377.48, 85.88, 2.08, 100.00, 1.95, 1.75, 1.51, 2.6558, 3.521
2025/06/30 23:46:43, 382.23, 85.88, 2.08, 100.00, 2.08, 1.95, 1.83, 2.1092, 3.521
2025/06/30 23:51:43, 405.09, 85.88, 2.08, 100.00, 1.77, 1.70, 1.59, 2.0522, 3.018
2025/06/30 23:56:43, 376.25, 85.88, 1.72, 100.00, 1.67, 1.54, 1.33, 1.9516, 3.018
2025/07/01 0:01:43, 402.45, 85.88, 2.08, 100.00, 2.16, 2.03, 1.85, 1.8577, 2.515
2025/07/01 0:06:43, 406.85, 85.88, 2.08, 100.00, 1.88, 1.75, 1.54, 1.8577, 2.515
2025/07/01 0:11:43, 432.78, 85.88, 2.48, 100.00, 2.37, 2.22, 2.03, 1.8913, 2.515
2025/07/01 0:16:43, 437.44, 85.88, 2.37, 100.00, 2.16, 2.06, 1.90, 1.9583, 2.515
2025/07/01 0:21:43, 435.42, 85.88, 2.66, 100.00, 2.76, 2.53, 2.27, 2.116, 2.515
2025/07/01 0:26:43, 432.08, 85.95, 2.84, 100.00, 2.71, 2.50, 2.24, 2.1092, 3.018
2025/07/01 0:31:43, 439.20, 85.91, 2.58, 100.00, 2.43, 2.30, 2.08, 1.8611, 2.515
2025/07/01 0:36:43, 440.08, 85.91, 2.71, 100.00, 2.68, 2.45, 2.16, 2.1227, 2.515
2025/07/01 0:41:43, 442.45, 85.88, 2.11, 100.00, 1.77, 1.62, 1.41, 1.4419, 2.012
2025/07/01 0:46:43, 446.23, 85.88, 2.66, 100.00, 2.58, 2.37, 2.06, 1.7538, 2.012
2025/07/01 0:51:43, 453.09, 85.88, 2.32, 100.00, 2.16, 1.95, 1.70, 1.5358, 2.012
2025/07/01 0:56:43, 440.08, 85.88, 2.30, 100.00, 2.16, 1.98, 1.64, 1.4352, 2.012
2025/07/01 1:01:43, 427.86, 85.88, 2.32, 100.00, 2.19, 1.90, 1.57, 1.2776, 1.509
2025/07/01 1:06:43, 438.14, 85.88, 2.81, 100.00, 2.63, 2.40, 2.08, 1.6666, 2.515
2025/07/01 1:11:43, 425.48, 85.88, 2.58, 100.00, 2.35, 2.19, 1.95, 1.5258, 2.012
2025/07/01 1:16:43, 429.97, 85.88, 2.43, 100.00, 2.50, 2.27, 2.03, 1.5492, 2.515
2025/07/01 1:21:43, 432.34, 85.88, 2.50, 100.00, 2.27, 2.03, 1.83, 1.7404, 2.012
2025/07/01 1:26:43, 412.91, 85.88, 2.08, 100.00, 1.64, 1.41, 1.22, 1.8041, 2.012
2025/07/01 1:31:43, 402.80, 85.88, 1.64, 100.00, 1.51, 1.33, 1.03, 1.2843, 1.509
2025/07/01 1:36:43, 415.02, 85.88, 1.77, 100.00, 1.70, 1.62, 1.41, 1.1066, 1.509
2025/07/01 1:41:43, 438.05, 85.88, 2.22, 100.00, 2.14, 1.95, 1.75, 1.3782, 2.012
2025/07/01 1:46:43, 403.33, 85.85, 2.14, 100.00, 1.80, 1.54, 1.30, 1.2877, 1.509
2025/07/01 1:51:43, 386.10, 85.85, 1.75, 100.00, 1.77, 1.64, 1.51, 0.5935, 1.509
2025/07/01 1:56:43, 401.22, 85.85, 1.88, 100.00, 2.00, 1.93, 1.72, 1.2106, 2.012
2025/07/01 2:01:43, 405.53, 85.85, 2.19, 100.00, 2.32, 2.22, 1.85, 1.0798, 2.012
2025/07/01 2:06:43, 417.92, 85.82, 2.11, 100.00, 2.00, 1.85, 1.64, 1.0798, 1.509
2025/07/01 2:11:43, 430.23, 85.85, 2.61, 100.00, 2.96, 2.76, 2.40, 1.5325, 2.515
2025/07/01 2:16:43, 399.37, 85.85, 2.35, 100.00, 2.48, 2.37, 1.95, 1.4788, 2.515
2025/07/01 2:21:43, 389.62, 85.82, 2.56, 100.00, 2.73, 2.68, 2.08, 0.6002, 1.509
2025/07/01 2:26:43, 389.62, 85.82, 2.71, 100.00, 2.84, 2.78, 2.58, 0.0034, 0.503
2025/07/01 2:31:43, 389.62, 85.82, 2.61, 100.00, 2.61, 2.53, 2.32, 0.0034, 0.503
2025/07/01 2:36:43, 375.11, 85.88, 2.81, 100.00, 2.89, 2.78, 2.58, 0.0335, 1.006
2025/07/01 2:41:43, 457.48, 85.79, 2.22, 100.00, 1.83, 1.72, 1.43, 0.0235, 0.503
2025/07/01 2:46:43, 461.97, 85.79, 2.50, 100.00, 2.58, 2.30, 1.93, 0.0, 0.0
2025/07/01 2:51:43, 461.88, 85.82, 2.48, 100.00, 2.58, 2.48, 2.22, 0.0, 0.0
2025/07/01 2:56:43, 400.16, 85.82, 2.58, 100.00, 2.68, 2.43, 1.59, 0.0, 0.0
2025/07/01 3:01:43, 395.07, 85.82, 2.66, 100.00, 2.68, 2.43, 1.67, 0.0, 0.0
2025/07/01 3:06:43, 379.68, 85.79, 2.78, 100.00, 2.89, 2.48, 1.41, 0.0, 0.0
2025/07/01 3:11:43, 344.34, 85.82, 2.91, 100.00, 2.81, 2.66, 2.40, 0.1509, 1.006
2025/07/01 3:16:43, 344.34, 85.82, 2.73, 100.00, 2.68, 2.58, 2.43, 0.0, 0.0
2025/07/01 3:21:43, 375.64, 85.85, 2.84, 100.00, 3.09, 2.94, 2.81, 0.0, 0.0
2025/07/01 3:26:43, 365.79, 85.85, 2.27, 100.00, 1.93, 1.85, 1.70, 0.2984, 1.006
2025/07/01 3:31:43, 448.08, 85.79, 1.80, 100.00, 1.72, 1.64, 1.54, 0.4125, 1.509
2025/07/01 3:36:43, 441.13, 85.76, 1.95, 100.00, 1.80, 1.64, 1.43, 1.68, 2.012
2025/07/01 3:41:43, 448.96, 85.79, 2.32, 100.00, 2.19, 2.00, 1.80, 1.9315, 2.515
2025/07/01 3:46:43, 451.07, 85.82, 2.32, 100.00, 2.32, 2.06, 1.85, 2.1495, 2.515
2025/07/01 3:51:43, 455.73, 85.79, 2.37, 100.00, 2.22, 2.00, 1.80, 2.2266, 2.515
2025/07/01 3:56:43, 457.66, 85.82, 2.27, 100.00, 2.06, 1.90, 1.75, 1.9013, 2.012
2025/07/01 4:01:43, 463.02, 86.04, 1.98, 100.00, 1.90, 1.75, 1.54, 1.8343, 2.012
2025/07/01 4:06:43, 459.15, 86.04, 2.11, 100.00, 1.88, 1.75, 1.57, 1.7907, 2.515
2025/07/01 4:11:43, 460.65, 86.04, 2.30, 100.00, 2.40, 2.19, 1.95, 1.3279, 2.012
2025/07/01 4:16:43, 458.27, 86.13, 2.00, 100.00, 1.77, 1.75, 1.72, 1.1535, 2.012
2025/07/01 4:21:43, 454.23, 86.10, 2.08, 100.00, 2.00, 1.90, 1.77, 1.4889, 2.012
2025/07/01 4:26:43, 448.52, 85.91, 1.85, 100.00, 1.77, 1.64, 1.54, 1.67, 2.515
2025/07/01 4:31:43, 458.01, 85.85, 2.35, 100.00, 2.40, 2.24, 2.06, 2.1227, 3.018
2025/07/01 4:36:43, 490.45, 85.88, 2.61, 100.00, 2.45, 2.32, 2.16, 2.4513, 3.521
2025/07/01 4:41:43, 513.04, 85.95, 2.56, 100.00, 2.43, 2.32, 2.11, 2.0053, 3.521
2025/07/01 4:46:43, 550.23, 85.79, 2.53, 100.00, 2.43, 2.32, 2.16, 2.2803, 4.024
2025/07/01 4:51:43, 570.80, 85.76, 2.53, 100.00, 2.56, 2.37, 2.14, 1.0462, 2.012
2025/07/01 4:56:43, 570.80, 85.76, 2.86, 100.00, 2.73, 2.61, 2.40, 0.2046, 1.006
2025/07/01 5:01:43, 571.15, 85.91, 2.84, 100.00, 2.50, 2.43, 2.27, 0.0, 0.0
2025/07/01 5:06:43, 675.51, 85.91, 2.50, 100.00, 2.11, 1.77, 1.46, 0.0, 0.0
2025/07/01 5:11:43, 332.56, 85.76, 2.56, 100.00, 2.27, 1.80, 1.46, 0.7679, 1.509
2025/07/01 5:16:43, 355.77, 85.82, 2.43, 100.00, 1.90, 1.67, 1.49, 1.4889, 2.012
2025/07/01 5:21:43, 356.56, 85.79, 2.06, 100.00, 1.67, 1.54, 1.38, 1.3346, 1.509
2025/07/01 5:26:43, 354.89, 85.82, 2.06, 100.00, 1.75, 1.59, 1.46, 1.3447, 2.012
2025/07/01 5:31:43, 360.96, 85.82, 2.14, 100.00, 1.80, 1.64, 1.51, 1.6834, 2.012
2025/07/01 5:36:43, 384.34, 85.76, 2.00, 100.00, 1.67, 1.57, 1.43, 2.0556, 2.515
2025/07/01 5:41:43, 396.65, 85.79, 1.49, 100.00, 1.30, 1.17, 1.11, 2.2736, 3.018
2025/07/01 5:46:43, 408.34, 85.76, 2.11, 100.00, 2.00, 1.83, 1.67, 2.8235, 3.521
2025/07/01 5:51:43, 394.80, 85.76, 2.16, 100.00, 1.90, 1.75, 1.59, 2.0891, 2.515
2025/07/01 5:56:43, 395.86, 85.76, 2.16, 100.00, 1.98, 1.85, 1.70, 2.0388, 2.515
2025/07/01 6:01:43, 404.91, 85.79, 2.58, 100.00, 2.30, 2.11, 1.93, 1.8577, 2.515
2025/07/01 6:06:43, 418.45, 85.79, 2.89, 100.00, 2.40, 2.27, 2.11, 1.1837, 1.509
2025/07/01 6:11:43, 401.84, 85.85, 3.93, 100.00, 3.32, 2.96, 2.78, 1.1938, 2.012
2025/07/01 6:16:43, 394.54, 85.85, 3.37, 100.00, 2.66, 2.48, 2.32, 1.2441, 1.509
2025/07/01 6:21:43, 380.12, 85.79, 3.22, 100.00, 2.76, 2.66, 2.50, 1.281, 2.012
2025/07/01 6:26:43, 417.22, 85.79, 3.01, 100.00, 2.63, 2.63, 2.56, 0.3689, 1.006
2025/07/01 6:31:43, 401.13, 85.79, 2.99, 100.00, 2.78, 2.66, 2.48, 0.8383, 2.012
2025/07/01 6:36:43, 401.13, 85.76, 3.37, 100.00, 2.94, 2.78, 2.58, 0.1911, 1.006
2025/07/01 6:41:43, 401.04, 85.76, 3.98, 100.00, 3.58, 3.50, 3.37, 0.0369, 0.503
2025/07/01 6:46:43, 401.13, 85.82, 4.76, 100.00, 3.83, 3.85, 3.83, 0.0, 0.0
2025/07/01 6:51:43, 401.13, 85.85, 5.46, 100.00, 4.56, 4.26, 3.85, 0.0, 0.0
2025/07/01 6:56:43, 401.13, 85.79, 4.54, 100.00, 3.43, 3.48, 3.25, 0.0134, 0.503
2025/07/01 7:01:43, 401.13, 85.76, 4.41, 100.00, 3.63, 3.60, 3.40, 0.1408, 1.006
2025/07/01 7:06:43, 421.70, 85.76, 3.14, 100.00, 2.48, 2.37, 2.11, 1.0261, 1.509
2025/07/01 7:11:43, 401.57, 85.73, 2.73, 100.00, 2.24, 2.03, 1.85, 1.1804, 2.012
2025/07/01 7:16:43, 387.68, 85.70, 2.89, 100.00, 2.58, 2.40, 2.14, 1.794, 2.012
2025/07/01 7:21:43, 377.31, 85.70, 3.32, 100.00, 2.84, 2.78, 2.61, 1.3179, 2.012
2025/07/01 7:26:43, 383.55, 85.70, 3.40, 100.00, 3.04, 2.94, 2.81, 1.2676, 1.509
2025/07/01 7:31:43, 399.20, 85.76, 4.36, 100.00, 3.88, 3.50, 3.37, 1.0798, 1.509
2025/07/01 7:36:43, 406.85, 85.76, 4.31, 100.00, 3.40, 2.99, 2.76, 1.2005, 1.509
2025/07/01 7:41:43, 392.08, 85.79, 4.00, 100.00, 3.19, 2.91, 2.63, 1.2441, 1.509
2025/07/01 7:46:43, 368.87, 85.66, 3.88, 100.00, 3.09, 2.99, 2.84, 1.6197, 2.012
2025/07/01 7:51:43, 368.87, 85.76, 3.50, 100.00, 3.04, 2.91, 2.68, 2.0992, 2.515
2025/07/01 7:56:43, 378.54, 85.73, 3.68, 100.00, 3.40, 3.30, 3.14, 1.851, 2.515
2025/07/01 8:01:43, 394.27, 85.76, 4.21, 100.00, 4.00, 3.68, 3.50, 1.4922, 2.012
2025/07/01 8:06:43, 403.51, 85.76, 4.49, 100.00, 4.10, 3.68, 3.50, 1.6465, 2.012
2025/07/01 8:11:43, 405.09, 85.73, 4.56, 100.00, 4.41, 3.95, 3.80, 1.7337, 2.012
2025/07/01 8:16:43, 406.58, 85.73, 5.53, 100.00, 5.13, 4.41, 4.16, 1.6398, 2.012
2025/07/01 8:21:43, 406.49, 85.73, 6.26, 100.00, 5.85, 5.10, 4.93, 1.4553, 2.012
2025/07/01 8:26:43, 406.49, 85.82, 8.02, 100.00, 6.29, 5.10, 4.98, 1.2374, 2.012
2025/07/01 8:31:43, 407.55, 85.76, 7.33, 100.00, 5.33, 4.08, 3.40, 0.4896, 1.006
2025/07/01 8:36:43, 407.55, 85.76, 6.89, 100.00, 4.31, 3.93, 4.03, 0.0, 0.0
2025/07/01 8:41:43, 407.55, 85.76, 5.55, 100.00, 3.19, 3.14, 3.32, 0.0, 0.0
2025/07/01 8:46:43, 407.55, 85.76, 6.39, 100.00, 4.21, 3.83, 3.65, 0.0034, 0.503
2025/07/01 8:51:43, 381.79, 85.76, 6.01, 100.00, 4.51, 4.03, 3.60, 0.0067, 0.503
2025/07/01 8:56:43, 381.88, 85.70, 7.48, 100.00, 6.24, 5.46, 4.91, 0.0, 0.0
2025/07/01 9:01:43, 381.79, 85.76, 12.98, 90.17, 11.88, 10.17, 9.40, 0.0, 0.0
2025/07/01 9:06:43, 375.90, 85.73, 11.05, 67.08, 6.04, 5.99, 6.29, 0.0872, 1.006
2025/07/01 9:11:43, 370.98, 85.66, 7.14, 73.77, 3.55, 3.50, 3.65, 1.2944, 2.012
2025/07/01 9:16:43, 378.80, 85.66, 5.68, 81.62, 3.65, 3.53, 3.48, 1.6767, 2.012
2025/07/01 9:21:43, 381.18, 85.70, 5.23, 83.27, 3.53, 3.35, 3.30, 1.7974, 2.012
2025/07/01 9:26:43, 385.75, 85.66, 5.36, 82.93, 3.80, 3.60, 3.53, 1.7169, 2.012
2025/07/01 9:31:43, 381.18, 85.66, 6.11, 80.77, 4.16, 3.90, 3.88, 1.7706, 2.012
2025/07/01 9:36:43, 374.23, 85.73, 5.13, 85.02, 3.12, 2.96, 2.96, 1.9449, 2.515
2025/07/01 9:41:43, 376.08, 85.73, 4.28, 90.82, 2.84, 2.73, 2.73, 2.0288, 2.515
2025/07/01 9:46:43, 376.69, 85.70, 4.31, 92.74, 2.96, 2.84, 2.86, 1.6062, 2.012
2025/07/01 9:51:43, 381.18, 85.70, 4.31, 96.12, 2.99, 2.81, 2.76, 1.784, 2.012
2025/07/01 9:56:43, 416.60, 85.70, 5.38, 100.00, 4.21, 3.98, 3.90, 1.6096, 2.012
2025/07/01 10:01:43, 405.09, 85.66, 5.99, 100.00, 4.69, 3.85, 3.65, 1.4319, 2.012
2025/07/01 10:06:43, 399.81, 85.66, 5.68, 100.00, 4.31, 3.78, 3.70, 1.0697, 1.509
2025/07/01 10:11:43, 398.14, 85.63, 7.35, 100.00, 6.06, 4.93, 4.51, 0.5801, 1.006
2025/07/01 10:16:43, 398.14, 85.66, 8.76, 100.00, 7.18, 6.21, 5.80, 0.0671, 0.503
2025/07/01 10:21:43, 398.14, 85.66, 9.54, 100.00, 8.41, 7.57, 6.96, 0.2414, 1.006
2025/07/01 10:26:43, 425.84, 85.66, 8.62, 100.00, 5.65, 5.85, 5.89, 0.0, 0.0
2025/07/01 10:31:43, 425.92, 86.07, 9.68, 100.00, 7.88, 7.43, 7.26, 0.0, 0.0
2025/07/01 10:36:43, 479.37, 85.98, 7.81, 100.00, 4.98, 5.05, 5.26, 0.218, 1.509
2025/07/01 10:41:43, 490.27, 85.70, 6.61, 100.00, 4.33, 4.31, 4.44, 1.0798, 1.509
2025/07/01 10:46:43, 505.31, 85.63, 6.87, 100.00, 4.59, 4.54, 4.66, 0.7143, 1.509
2025/07/01 10:51:43, 501.09, 85.60, 7.35, 100.00, 4.91, 5.13, 5.55, 0.0805, 0.503
2025/07/01 10:56:43, 501.70, 85.63, 7.09, 100.00, 4.66, 4.76, 4.95, 0.1509, 0.503
2025/07/01 11:01:43, 501.70, 85.54, 9.49, 100.00, 7.81, 8.83, 9.59, 0.0067, 0.503
2025/07/01 11:06:43, 530.27, 85.66, 8.83, 100.00, 7.26, 7.33, 7.52, 0.2213, 1.006
2025/07/01 11:11:43, 530.27, 85.57, 13.14, 100.00, 11.57, 10.98, 10.93, 0.0, 0.0
2025/07/01 11:16:43, 530.27, 85.76, 12.23, 99.10, 7.74, 7.16, 7.45, 0.0, 0.0
2025/07/01 11:21:43, 530.27, 85.79, 12.00, 94.27, 9.35, 8.81, 8.71, 0.0, 0.0
2025/07/01 11:26:43, 530.27, 85.88, 11.57, 71.62, 6.77, 6.99, 7.18, 0.0, 0.0
2025/07/01 11:31:43, 530.27, 85.88, 8.74, 72.69, 4.26, 4.21, 4.44, 0.0436, 0.503
2025/07/01 11:36:43, 530.27, 85.91, 9.02, 70.80, 5.43, 5.46, 5.82, 0.0369, 0.503
2025/07/01 11:41:43, 535.29, 85.85, 7.01, 77.34, 4.33, 4.28, 4.36, 0.6573, 1.509
2025/07/01 11:46:43, 534.49, 85.88, 6.82, 82.37, 4.28, 4.26, 4.31, 1.2843, 2.012
2025/07/01 11:51:43, 537.31, 85.95, 7.57, 77.54, 4.91, 4.86, 4.93, 0.9993, 1.509
2025/07/01 11:56:43, 540.47, 85.95, 7.74, 74.12, 5.08, 4.93, 4.93, 0.8484, 1.509
2025/07/01 12:01:43, 541.53, 85.85, 9.80, 67.57, 6.41, 6.41, 6.68, 0.2481, 1.006
2025/07/01 12:06:43, 541.53, 85.60, 12.51, 57.04, 9.04, 8.97, 9.11, 0.0, 0.0
2025/07/01 12:11:43, 541.53, 85.29, 14.83, 48.91, 9.82, 10.64, 11.07, 0.0, 0.0
2025/07/01 12:16:43, 541.53, 85.85, 20.05, 45.73, 17.84, 18.38, 15.55, 0.0, 0.0
2025/07/01 12:21:43, 541.53, 86.32, 20.25, 32.72, 10.05, 9.59, 9.84, 0.2046, 1.006
2025/07/01 12:26:43, 373.70, 85.32, 12.74, 49.44, 6.73, 6.56, 7.06, 1.2038, 2.012
2025/07/01 12:31:43, 375.29, 85.73, 10.36, 58.31, 7.01, 7.01, 7.60, 1.5425, 2.012
2025/07/01 12:36:43, 387.51, 85.20, 9.68, 59.83, 7.26, 6.87, 7.45, 1.3044, 1.509
2025/07/01 12:41:43, 391.90, 85.17, 10.87, 57.07, 8.34, 7.67, 8.12, 1.6029, 2.012
2025/07/01 12:46:43, 397.88, 84.60, 13.78, 50.15, 11.93, 10.52, 11.00, 1.6834, 2.012
2025/07/01 12:51:43, 397.97, 84.45, 14.87, 43.84, 11.98, 10.64, 11.31, 1.3413, 2.012
2025/07/01 12:56:43, 394.71, 82.89, 12.83, 47.88, 8.64, 8.36, 9.19, 1.2206, 1.509
2025/07/01 13:01:43, 380.91, 82.58, 11.29, 54.32, 7.16, 7.06, 7.62, 1.2407, 1.509
2025/07/01 13:06:43, 379.24, 79.05, 12.92, 49.61, 8.60, 8.64, 9.33, 1.2005, 1.509
2025/07/01 13:11:43, 371.77, 80.98, 12.14, 53.34, 7.74, 7.57, 8.04, 1.2173, 1.509
2025/07/01 13:16:43, 370.54, 77.77, 11.98, 52.65, 7.81, 7.83, 8.34, 1.6633, 2.012
2025/07/01 13:21:43, 378.98, 84.48, 8.78, 61.16, 5.38, 5.28, 5.63, 1.8309, 2.012
2025/07/01 13:26:43, 372.65, 84.70, 9.64, 60.34, 6.44, 6.41, 6.68, 1.9416, 2.515
2025/07/01 13:31:43, 377.13, 84.54, 9.73, 59.27, 7.09, 7.04, 7.43, 1.9248, 2.515
2025/07/01 13:36:43, 383.64, 84.20, 10.38, 55.71, 7.26, 6.99, 7.33, 2.2166, 2.515
2025/07/01 13:41:43, 384.25, 85.63, 9.16, 59.17, 6.19, 6.04, 6.36, 2.1663, 3.018
2025/07/01 13:46:43, 379.86, 85.70, 9.21, 60.06, 6.24, 6.06, 6.39, 1.9919, 2.515
2025/07/01 13:51:43, 379.42, 85.66, 9.54, 59.14, 6.68, 6.53, 6.92, 1.9751, 2.515
2025/07/01 13:56:43, 380.74, 85.66, 9.45, 61.21, 6.77, 6.65, 6.87, 2.2031, 3.018
2025/07/01 14:01:43, 378.36, 85.70, 10.10, 57.54, 7.04, 6.80, 7.16, 2.2166, 2.515
2025/07/01 14:06:43, 385.40, 85.70, 10.38, 56.45, 7.67, 7.43, 7.93, 2.1763, 2.515
2025/07/01 14:11:43, 391.73, 85.51, 12.76, 50.08, 10.66, 10.22, 10.75, 1.8745, 2.515
2025/07/01 14:16:43, 399.99, 85.82, 14.53, 43.70, 10.15, 9.35, 9.84, 1.5962, 2.012
2025/07/01 14:21:43, 400.69, 85.54, 14.26, 47.58, 12.23, 10.98, 11.29, 1.5928, 2.012
2025/07/01 14:26:43, 399.81, 85.76, 15.12, 42.36, 11.68, 10.59, 10.82, 1.2139, 2.012
2025/07/01 14:31:43, 394.89, 85.63, 13.53, 44.84, 9.47, 8.74, 9.23, 1.5023, 2.012
2025/07/01 14:36:43, 394.89, 85.73, 12.32, 47.57, 7.67, 7.40, 7.83, 1.6968, 2.012
2025/07/01 14:41:43, 405.79, 85.73, 11.79, 50.65, 9.19, 8.24, 8.50, 1.3547, 2.012
2025/07/01 14:46:43, 424.96, 85.70, 12.44, 50.72, 8.24, 8.62, 9.38, 0.8719, 1.509
2025/07/01 14:51:43, 417.75, 85.73, 13.65, 50.21, 10.15, 8.60, 8.92, 0.7243, 1.509
2025/07/01 14:56:43, 415.37, 85.76, 14.85, 46.06, 10.84, 8.57, 8.43, 0.6137, 1.006
2025/07/01 15:01:43, 383.20, 85.76, 12.87, 48.11, 6.96, 6.58, 7.11, 0.8517, 1.509
2025/07/01 15:06:43, 377.75, 85.70, 9.68, 58.34, 5.82, 5.87, 6.26, 1.6398, 2.012
2025/07/01 15:11:43, 368.08, 85.70, 8.83, 62.20, 5.70, 5.60, 5.99, 1.9516, 2.515
2025/07/01 15:16:43, 369.48, 85.70, 9.38, 60.53, 6.31, 6.31, 6.70, 1.8108, 2.012
2025/07/01 15:21:43, 371.59, 85.73, 9.89, 58.29, 6.46, 6.48, 6.96, 1.6431, 2.012
2025/07/01 15:26:43, 382.49, 85.73, 9.09, 59.86, 6.31, 6.26, 6.68, 1.8276, 2.012
2025/07/01 15:31:43, 385.40, 85.70, 9.19, 59.47, 6.51, 6.16, 6.41, 1.955, 2.515
2025/07/01 15:36:43, 372.56, 85.73, 8.12, 63.19, 5.21, 5.21, 5.36, 2.3373, 2.515
2025/07/01 15:41:43, 380.91, 85.76, 7.43, 67.61, 5.13, 5.03, 5.28, 2.3138, 2.515
2025/07/01 15:46:43, 383.64, 85.63, 8.55, 63.69, 6.48, 6.36, 6.68, 1.9349, 2.515
2025/07/01 15:51:43, 393.31, 85.73, 10.05, 56.90, 8.21, 7.69, 8.00, 1.4688, 2.012
2025/07/01 15:56:43, 403.42, 85.73, 12.07, 50.87, 9.64, 8.45, 8.85, 1.2944, 2.012
2025/07/01 16:01:43, 375.55, 85.76, 10.50, 52.97, 6.06, 6.11, 6.68, 1.3179, 2.012
2025/07/01 16:06:43, 392.08, 85.70, 8.92, 60.10, 6.53, 6.26, 6.48, 1.7974, 2.012
2025/07/01 16:11:43, 398.41, 85.85, 13.49, 48.40, 12.62, 11.79, 11.63, 0.8585, 2.012
2025/07/01 16:16:43, 402.71, 85.70, 16.61, 38.47, 11.73, 11.12, 11.24, 0.8953, 1.509
2025/07/01 16:21:43, 398.76, 85.76, 13.31, 45.91, 9.30, 8.26, 8.64, 1.3782, 2.012
2025/07/01 16:26:43, 398.76, 85.70, 12.76, 53.45, 9.04, 8.21, 8.69, 0.9926, 2.012
2025/07/01 16:31:43, 391.46, 85.79, 13.42, 48.91, 9.21, 8.83, 9.23, 0.6707, 1.509
2025/07/01 16:36:43, 387.07, 85.79, 12.60, 51.26, 8.41, 7.86, 8.29, 0.9121, 1.509
2025/07/01 16:41:43, 385.57, 85.79, 10.96, 53.69, 6.24, 5.85, 6.21, 1.2575, 2.012
2025/07/01 16:46:43, 395.42, 85.70, 8.41, 61.15, 5.92, 5.51, 5.68, 2.0019, 2.515
2025/07/01 16:51:43, 382.58, 85.73, 7.64, 63.42, 5.00, 4.86, 5.16, 1.9516, 2.515
2025/07/01 16:56:43, 381.70, 85.76, 7.62, 66.45, 5.55, 5.43, 5.73, 1.9952, 2.515
2025/07/01 17:01:43, 382.41, 85.76, 8.88, 63.43, 6.48, 6.39, 6.89, 1.5727, 2.012
2025/07/01 17:06:43, 404.21, 85.82, 11.05, 54.00, 8.67, 8.19, 8.83, 0.835, 1.509
2025/07/01 17:11:43, 399.29, 85.70, 10.91, 53.42, 7.35, 6.75, 6.99, 0.7713, 1.509
2025/07/01 17:16:43, 399.99, 85.73, 10.03, 56.67, 6.68, 5.73, 6.04, 1.0731, 1.509
2025/07/01 17:21:43, 396.56, 85.70, 7.40, 73.55, 4.46, 3.93, 4.21, 1.1234, 1.509
2025/07/01 17:26:43, 391.20, 85.66, 6.70, 78.88, 5.16, 4.86, 5.00, 0.8786, 1.509
2025/07/01 17:31:43, 416.60, 85.66, 6.68, 77.32, 4.13, 4.26, 4.46, 0.6539, 1.006
2025/07/01 17:36:43, 475.15, 85.70, 6.01, 80.16, 3.43, 3.40, 3.48, 0.342, 1.509
2025/07/01 17:41:43, 475.24, 85.70, 5.77, 82.63, 3.58, 3.40, 3.35, 0.3152, 1.006
2025/07/01 17:46:43, 475.15, 85.73, 5.80, 79.80, 3.22, 3.19, 3.35, 0.0, 0.0
2025/07/01 17:51:43, 475.15, 85.73, 6.39, 77.75, 3.98, 4.28, 4.73, 0.0, 0.0
2025/07/01 17:56:43, 475.24, 85.73, 7.21, 77.55, 4.91, 5.00, 5.43, 0.0, 0.0
2025/07/01 18:01:43, 475.24, 85.76, 6.92, 76.81, 4.05, 4.13, 4.31, 0.0, 0.0
2025/07/01 18:06:43, 475.24, 85.76, 6.01, 80.31, 3.63, 3.73, 3.93, 0.0, 0.0
2025/07/01 18:11:43, 475.24, 85.73, 5.00, 88.27, 3.40, 3.40, 3.32, 0.0, 0.0
2025/07/01 18:16:43, 475.24, 85.73, 4.91, 90.65, 3.48, 3.48, 3.50, 0.0, 0.0
2025/07/01 18:21:43, 475.24, 85.70, 4.81, 90.92, 3.50, 3.48, 3.43, 0.0, 0.0
2025/07/01 18:26:43, 475.24, 85.73, 4.86, 90.71, 3.50, 3.48, 3.58, 0.0, 0.0
2025/07/01 18:31:43, 475.15, 85.73, 5.21, 89.97, 3.95, 4.05, 4.08, 0.0, 0.0
2025/07/01 18:36:43, 475.15, 85.70, 5.23, 87.51, 3.60, 3.50, 3.70, 0.0, 0.0
2025/07/01 18:41:43, 475.24, 85.70, 5.55, 86.09, 3.98, 4.10, 4.33, 0.0, 0.0
2025/07/01 18:46:43, 475.15, 85.73, 6.39, 82.00, 4.49, 4.61, 5.18, 0.0, 0.0
2025/07/01 18:51:43, 470.58, 85.73, 5.05, 87.14, 3.27, 3.22, 3.25, 0.3823, 1.509
2025/07/01 18:56:43, 494.32, 85.73, 4.64, 89.31, 3.40, 3.68, 3.27, 0.1375, 1.006
2025/07/01 19:01:43, 493.44, 85.76, 4.69, 86.89, 2.89, 2.50, 2.48, 0.0, 0.0
2025/07/01 19:06:43, 390.41, 85.73, 3.73, 87.53, 2.16, 2.00, 2.06, 0.3387, 1.509
2025/07/01 19:11:43, 397.79, 85.73, 4.03, 89.60, 3.30, 2.91, 2.89, 0.892, 1.509
2025/07/01 19:16:43, 402.98, 85.73, 4.91, 87.93, 4.21, 3.75, 3.48, 0.5198, 1.509
2025/07/01 19:21:43, 402.98, 85.70, 5.82, 81.35, 4.46, 3.90, 3.35, 0.0, 0.0
2025/07/01 19:26:43, 402.98, 85.70, 6.39, 76.83, 5.10, 4.54, 4.64, 0.0, 0.0
2025/07/01 19:31:43, 416.87, 85.70, 6.19, 78.87, 4.46, 3.98, 3.78, 0.8719, 1.509
2025/07/01 19:36:43, 412.82, 85.73, 5.46, 81.36, 3.50, 3.25, 2.78, 0.3689, 1.006
2025/07/01 19:41:43, 369.04, 85.73, 4.56, 87.05, 3.25, 2.99, 2.48, 0.0, 0.0
2025/07/01 19:46:43, 364.56, 85.73, 4.03, 90.41, 2.56, 2.27, 2.24, 1.0999, 1.509
2025/07/01 19:51:43, 385.04, 85.73, 2.94, 92.26, 2.14, 1.98, 1.95, 1.5861, 2.012
2025/07/01 19:56:43, 388.74, 85.73, 3.19, 95.13, 2.78, 2.58, 2.16, 1.1971, 1.509
2025/07/01 20:01:43, 379.95, 85.73, 3.17, 95.82, 2.63, 2.16, 1.88, 0.9725, 1.509
2025/07/01 20:06:43, 364.47, 85.76, 3.04, 97.00, 1.98, 1.64, 1.57, 1.1435, 1.509
2025/07/01 20:11:43, 364.47, 85.73, 2.89, 97.45, 1.67, 1.46, 1.43, 1.2877, 1.509
2025/07/01 20:16:43, 368.78, 85.73, 2.19, 97.97, 1.54, 1.38, 1.35, 1.4386, 2.012
2025/07/01 20:21:43, 368.69, 85.73, 2.73, 100.00, 1.83, 1.49, 1.46, 1.2441, 1.509
2025/07/01 20:26:43, 386.27, 85.73, 2.37, 96.21, 1.59, 1.54, 1.54, 1.1066, 1.509
2025/07/01 20:31:43, 384.08, 85.70, 1.93, 96.67, 1.27, 1.19, 1.25, 1.2441, 1.509
2025/07/01 20:36:43, 388.91, 85.73, 1.72, 99.44, 1.35, 1.25, 1.22, 1.5995, 2.012
2025/07/01 20:41:43, 389.00, 85.73, 1.67, 100.00, 1.38, 1.25, 1.25, 1.281, 2.012
2025/07/01 20:46:43, 401.57, 85.73, 2.06, 100.00, 1.88, 1.64, 1.54, 1.0261, 1.509
2025/07/01 20:51:43, 414.14, 85.73, 1.85, 99.21, 1.38, 1.17, 1.11, 1.1435, 1.509
2025/07/01 20:56:43, 394.89, 85.73, 1.85, 100.00, 1.33, 1.03, 0.90, 1.1938, 1.509
2025/07/01 21:01:43, 371.33, 85.73, 1.49, 100.00, 1.25, 1.11, 1.06, 1.0764, 1.509
2025/07/01 21:06:43, 367.46, 85.73, 1.57, 100.00, 1.25, 1.14, 1.08, 0.902, 1.509
2025/07/01 21:11:43, 392.43, 85.73, 1.51, 100.00, 1.41, 1.22, 1.08, 0.7847, 1.006
2025/07/01 21:16:43, 392.78, 85.73, 1.33, 100.00, 1.03, 0.93, 0.90, 1.1267, 1.509
2025/07/01 21:21:43, 392.52, 85.73, 1.11, 100.00, 0.95, 0.87, 0.85, 1.1535, 1.509
2025/07/01 21:26:43, 406.76, 85.76, 1.19, 100.00, 1.14, 1.00, 0.93, 1.2206, 2.012
2025/07/01 21:31:43, 417.57, 85.73, 1.33, 100.00, 1.38, 1.14, 0.90, 1.4118, 2.012
2025/07/01 21:36:43, 411.24, 85.73, 1.43, 100.00, 1.06, 0.85, 0.72, 1.006, 1.509
2025/07/01 21:41:43, 395.95, 85.73, 1.33, 100.00, 1.11, 0.79, 0.69, 1.0563, 1.509
2025/07/01 21:46:43, 394.01, 85.73, 1.46, 100.00, 1.06, 0.87, 0.77, 1.11, 2.012
2025/07/01 21:51:43, 392.87, 85.73, 1.64, 100.00, 1.35, 0.98, 0.82, 1.0563, 1.509
2025/07/01 21:56:43, 392.78, 85.73, 1.95, 100.00, 1.72, 1.11, 0.85, 0.6137, 1.006
2025/07/01 22:01:43, 423.37, 85.76, 1.57, 100.00, 1.25, 1.14, 0.98, 0.5399, 1.006
2025/07/01 22:06:43, 423.29, 85.73, 1.70, 100.00, 1.85, 1.59, 1.00, 0.1543, 0.503
2025/07/01 22:11:43, 423.29, 85.73, 1.90, 100.00, 1.57, 1.33, 1.00, 0.0, 0.0
2025/07/01 22:16:43, 428.82, 85.73, 1.98, 100.00, 2.11, 2.00, 1.77, 0.0, 0.0
2025/07/01 22:21:43, 428.82, 85.76, 1.88, 100.00, 1.83, 1.62, 1.30, 0.0, 0.0
2025/07/01 22:26:43, 428.74, 85.73, 1.75, 100.00, 1.54, 1.46, 1.27, 0.0, 0.0
2025/07/01 22:31:43, 335.11, 85.76, 1.43, 100.00, 1.27, 1.17, 1.00, 0.0, 0.0
2025/07/01 22:36:43, 335.11, 85.76, 1.30, 100.00, 1.33, 1.25, 1.03, 0.0, 0.0
2025/07/01 22:41:43, 335.11, 85.73, 1.27, 100.00, 1.30, 1.22, 1.14, 0.0, 0.0
2025/07/01 22:46:43, 388.38, 85.73, 1.25, 100.00, 1.14, 0.98, 0.72, 0.0, 0.0
2025/07/01 22:51:43, 398.85, 85.73, 1.22, 100.00, 1.14, 1.03, 0.72, 0.0, 0.0
2025/07/01 22:56:43, 398.85, 85.76, 1.25, 100.00, 1.22, 1.06, 0.74, 0.0, 0.0
2025/07/01 23:01:43, 398.85, 85.73, 1.35, 100.00, 1.46, 1.38, 1.22, 0.0, 0.0
2025/07/01 23:06:43, 398.85, 85.73, 1.41, 100.00, 1.43, 1.38, 1.14, 0.0, 0.0
2025/07/01 23:11:43, 398.85, 85.76, 1.38, 100.00, 1.38, 1.33, 0.93, 0.0, 0.0
2025/07/01 23:16:43, 398.85, 85.76, 1.41, 100.00, 1.38, 1.33, 0.72, 0.0, 0.0
2025/07/01 23:21:43, 398.85, 85.76, 1.35, 100.00, 1.27, 1.08, 0.58, 0.0, 0.0
2025/07/01 23:26:43, 398.85, 85.73, 1.38, 100.00, 1.43, 1.33, 0.87, 0.0, 0.0
2025/07/01 23:31:43, 388.38, 85.73, 1.14, 100.00, 0.74, 0.58, 0.50, 0.0704, 0.503
2025/07/01 23:36:43, 388.38, 85.73, 0.79, 100.00, 0.61, 0.50, 0.42, 0.5097, 1.006
2025/07/01 23:41:43, 388.30, 85.76, 1.00, 100.00, 0.90, 0.72, 0.58, 1.0127, 1.509
2025/07/01 23:46:43, 388.30, 85.73, 1.11, 100.00, 0.79, 0.61, 0.50, 0.8987, 1.509
2025/07/01 23:51:43, 388.30, 85.76, 1.22, 100.00, 0.85, 0.66, 0.58, 0.9523, 1.509
2025/07/01 23:56:43, 388.30, 85.76, 1.38, 100.00, 1.14, 0.69, 0.56, 0.6807, 1.006
2025/07/02 0:01:43, 399.81, 85.73, 1.33, 100.00, 1.30, 0.77, 0.56, 0.4728, 1.006
2025/07/02 0:06:43, 414.58, 85.76, 1.33, 100.00, 1.22, 0.87, 0.66, 0.0, 0.0
2025/07/02 0:11:43, 419.59, 85.76, 1.57, 100.00, 1.57, 1.14, 0.77, 0.0, 0.0
2025/07/02 0:16:43, 419.77, 85.73, 1.64, 100.00, 1.64, 1.30, 0.90, 0.0, 0.0
2025/07/02 0:21:43, 423.90, 85.73, 1.54, 100.00, 1.49, 1.19, 0.87, 0.2649, 0.503
2025/07/02 0:26:43, 423.90, 85.73, 1.51, 100.00, 1.43, 1.17, 1.00, 0.0, 0.0
2025/07/02 0:31:43, 423.90, 85.73, 1.46, 100.00, 1.25, 1.08, 0.82, 0.0, 0.0
2025/07/02 0:36:43, 400.69, 85.73, 1.11, 100.00, 1.03, 0.90, 0.61, 0.0, 0.0
2025/07/02 0:41:43, 388.65, 85.73, 1.11, 100.00, 1.11, 0.72, 0.56, 0.0, 0.0
2025/07/02 0:46:43, 388.65, 85.73, 1.19, 100.00, 1.17, 0.69, 0.50, 0.2046, 1.006
2025/07/02 0:51:43, 404.12, 85.73, 1.17, 100.00, 1.08, 0.82, 0.66, 0.9456, 1.509
2025/07/02 0:56:43, 417.57, 85.85, 1.08, 100.00, 0.87, 0.69, 0.61, 1.1167, 1.509
2025/07/02 1:01:43, 440.96, 85.85, 1.17, 100.00, 1.11, 0.72, 0.58, 0.8383, 1.006
2025/07/02 1:06:43, 440.96, 85.85, 1.41, 100.00, 1.27, 0.90, 0.69, 0.5768, 1.006
2025/07/02 1:11:43, 452.30, 85.88, 1.33, 100.00, 1.00, 0.82, 0.69, 0.6304, 1.006
2025/07/02 1:16:43, 452.38, 85.88, 1.22, 100.00, 1.14, 0.90, 0.72, 0.2549, 1.006
2025/07/02 1:21:43, 452.30, 85.88, 1.33, 100.00, 1.33, 1.17, 1.03, 0.0, 0.0
2025/07/02 1:26:43, 452.30, 85.91, 1.35, 100.00, 1.41, 1.27, 1.17, 0.0, 0.0
2025/07/02 1:31:43, 452.30, 85.88, 1.38, 100.00, 1.46, 1.35, 1.22, 0.0, 0.0
2025/07/02 1:36:43, 452.30, 85.88, 1.41, 100.00, 1.43, 1.33, 1.17, 0.0, 0.0
2025/07/02 1:41:43, 452.30, 85.88, 1.49, 100.00, 1.51, 1.46, 1.33, 0.0, 0.0
2025/07/02 1:46:43, 452.38, 85.88, 1.46, 100.00, 1.43, 1.33, 1.25, 0.0, 0.0
2025/07/02 1:51:43, 345.57, 85.88, 1.54, 100.00, 1.62, 1.51, 1.30, 0.0, 0.0
2025/07/02 1:56:43, 325.09, 85.82, 1.14, 100.00, 0.90, 0.85, 0.85, 0.0, 0.0
2025/07/02 2:01:43, 325.88, 85.82, 1.06, 100.00, 1.00, 0.77, 0.58, 0.0, 0.0
2025/07/02 2:06:43, 330.98, 85.79, 1.00, 100.00, 0.74, 0.56, 0.45, 0.0, 0.0
2025/07/02 2:11:43, 331.51, 85.76, 1.17, 100.00, 1.11, 0.69, 0.48, 0.0, 0.0
2025/07/02 2:16:43, 331.51, 85.76, 1.25, 100.00, 1.27, 0.85, 0.45, 0.0, 0.0
2025/07/02 2:21:43, 331.51, 85.79, 1.41, 100.00, 1.43, 1.25, 0.74, 0.0, 0.0
2025/07/02 2:26:43, 331.51, 85.79, 1.27, 100.00, 1.14, 0.85, 0.61, 0.0, 0.0
2025/07/02 2:31:43, 352.52, 85.76, 1.22, 100.00, 1.11, 0.72, 0.50, 0.0, 0.0
2025/07/02 2:36:43, 365.00, 85.76, 1.27, 100.00, 1.14, 0.72, 0.56, 0.0, 0.0
2025/07/02 2:41:43, 365.09, 85.79, 1.25, 100.00, 0.90, 0.69, 0.58, 0.0, 0.0
2025/07/02 2:46:43, 425.31, 85.79, 1.25, 100.00, 1.46, 1.08, 0.79, 0.3856, 1.006
2025/07/02 2:51:43, 425.40, 85.79, 1.35, 100.00, 1.03, 0.93, 0.82, 0.2146, 1.006
2025/07/02 2:56:43, 425.31, 85.82, 1.35, 100.00, 1.27, 1.06, 0.82, 0.0, 0.0
2025/07/02 3:01:43, 425.31, 85.82, 1.27, 100.00, 1.30, 1.17, 1.00, 0.0, 0.0
2025/07/02 3:06:43, 418.27, 85.79, 1.17, 100.00, 1.14, 1.00, 0.79, 0.0, 0.0
2025/07/02 3:11:43, 408.25, 85.76, 1.14, 100.00, 1.00, 0.74, 0.61, 0.0, 0.0
2025/07/02 3:16:43, 408.25, 85.76, 1.06, 100.00, 0.90, 0.61, 0.53, 0.0, 0.0
2025/07/02 3:21:43, 408.25, 85.76, 0.87, 100.00, 0.64, 0.50, 0.42, 0.0, 0.0
2025/07/02 3:26:43, 408.25, 85.76, 1.22, 100.00, 1.08, 0.69, 0.50, 0.0034, 0.503
2025/07/02 3:31:43, 408.25, 85.76, 0.98, 100.00, 0.98, 0.82, 0.74, 0.0, 0.0
2025/07/02 3:36:43, 408.25, 85.63, 1.17, 100.00, 1.19, 0.95, 0.82, 0.0067, 0.503
2025/07/02 3:41:43, 408.25, 85.66, 1.27, 100.00, 1.22, 1.06, 0.85, 0.0, 0.0
2025/07/02 3:46:43, 408.25, 85.63, 1.57, 100.00, 1.43, 1.08, 0.87, 0.0, 0.0
2025/07/02 3:51:43, 408.25, 85.63, 1.54, 100.00, 1.22, 0.98, 0.82, 0.0, 0.0
2025/07/02 3:56:43, 408.25, 85.60, 1.59, 100.00, 1.46, 1.22, 0.95, 0.0, 0.0
2025/07/02 4:01:43, 408.25, 85.63, 1.67, 100.00, 1.59, 1.38, 1.00, 0.0, 0.0
2025/07/02 4:06:43, 408.25, 85.60, 1.51, 100.00, 1.17, 0.98, 0.82, 0.0, 0.0
2025/07/02 4:11:43, 408.25, 85.63, 1.54, 100.00, 1.57, 1.08, 0.74, 0.0, 0.0
2025/07/02 4:16:43, 408.25, 85.63, 1.70, 100.00, 1.59, 1.14, 0.69, 0.0, 0.0
2025/07/02 4:21:43, 408.25, 85.63, 1.75, 100.00, 1.64, 1.25, 0.66, 0.0, 0.0
2025/07/02 4:26:43, 408.25, 85.63, 1.64, 100.00, 1.38, 1.00, 0.69, 0.0, 0.0
2025/07/02 4:31:43, 408.25, 85.60, 1.46, 100.00, 1.19, 1.00, 0.58, 0.0, 0.0
2025/07/02 4:36:43, 408.25, 85.63, 1.33, 100.00, 1.06, 0.82, 0.64, 0.0, 0.0
2025/07/02 4:41:43, 408.25, 85.63, 1.43, 100.00, 1.27, 0.90, 0.64, 0.0, 0.0
2025/07/02 4:46:43, 408.25, 85.60, 1.64, 100.00, 1.43, 1.11, 0.69, 0.0, 0.0
2025/07/02 4:51:43, 408.25, 85.60, 1.80, 100.00, 1.70, 1.33, 0.69, 0.0, 0.0
2025/07/02 4:56:43, 408.25, 85.70, 1.83, 100.00, 1.57, 1.11, 0.77, 0.0, 0.0
2025/07/02 5:01:43, 408.25, 85.63, 1.90, 100.00, 1.57, 1.08, 0.72, 0.0, 0.0
2025/07/02 5:06:43, 380.30, 85.63, 1.80, 100.00, 1.54, 0.98, 0.77, 0.0, 0.0
2025/07/02 5:11:43, 380.30, 85.66, 1.83, 100.00, 1.49, 1.14, 0.90, 0.0, 0.0
2025/07/02 5:16:43, 380.30, 85.63, 2.00, 100.00, 1.77, 1.57, 1.14, 0.0, 0.0
2025/07/02 5:21:43, 380.30, 85.63, 2.08, 100.00, 1.80, 1.62, 1.25, 0.0, 0.0
2025/07/02 5:26:43, 380.30, 85.63, 2.30, 100.00, 2.03, 1.77, 1.38, 0.0, 0.0
2025/07/02 5:31:43, 380.30, 85.63, 2.22, 100.00, 1.85, 1.49, 1.03, 0.0, 0.0
2025/07/02 5:36:43, 380.30, 85.60, 2.40, 100.00, 2.08, 1.43, 1.19, 0.0, 0.0
2025/07/02 5:41:43, 380.30, 85.57, 2.58, 100.00, 1.83, 1.46, 1.22, 0.0, 0.0
2025/07/02 5:46:43, 380.30, 85.60, 2.71, 100.00, 2.16, 1.43, 1.11, 0.0, 0.0
2025/07/02 5:51:43, 380.30, 85.57, 2.58, 100.00, 1.70, 1.30, 1.14, 0.0, 0.0
2025/07/02 5:56:43, 380.30, 85.57, 2.50, 100.00, 1.85, 1.43, 1.25, 0.0, 0.0
2025/07/02 6:01:43, 380.30, 85.57, 3.01, 100.00, 2.61, 1.85, 1.57, 0.0, 0.0
2025/07/02 6:06:43, 380.30, 85.54, 3.32, 100.00, 2.68, 2.24, 1.77, 0.0, 0.0
2025/07/02 6:11:43, 380.30, 85.63, 3.43, 100.00, 2.66, 2.27, 1.88, 0.0, 0.0
2025/07/02 6:16:43, 380.30, 85.70, 3.45, 100.00, 2.63, 2.03, 1.75, 0.0, 0.0
2025/07/02 6:21:43, 380.30, 85.70, 3.78, 100.00, 3.04, 2.30, 1.72, 0.0, 0.0
2025/07/02 6:26:43, 380.30, 85.76, 4.03, 100.00, 3.04, 2.50, 1.98, 0.0, 0.0
2025/07/02 6:31:43, 380.30, 85.70, 3.43, 100.00, 2.16, 1.77, 1.59, 0.0, 0.0
2025/07/02 6:36:43, 468.56, 85.63, 2.50, 100.00, 1.72, 1.49, 1.30, 0.0201, 0.503
2025/07/02 6:41:43, 473.57, 85.63, 2.24, 100.00, 1.67, 1.43, 1.22, 0.7277, 1.509
2025/07/02 6:46:43, 473.48, 85.70, 2.50, 100.00, 1.83, 1.70, 1.62, 0.8383, 1.509
2025/07/02 6:51:43, 473.48, 85.73, 2.86, 100.00, 2.06, 1.80, 1.64, 0.7008, 1.006
2025/07/02 6:56:43, 473.48, 85.76, 3.40, 100.00, 2.50, 2.19, 1.98, 0.7277, 1.006
2025/07/02 7:01:43, 473.48, 85.82, 3.75, 100.00, 2.73, 2.56, 2.37, 0.1207, 1.006
2025/07/02 7:06:43, 473.48, 85.51, 3.80, 100.00, 2.63, 2.43, 2.30, 0.0, 0.0
2025/07/02 7:11:43, 473.48, 85.54, 3.93, 100.00, 2.81, 2.58, 2.40, 0.0, 0.0
2025/07/02 7:16:43, 473.48, 85.51, 4.13, 100.00, 2.84, 2.66, 2.48, 0.0, 0.0
2025/07/02 7:21:43, 473.48, 85.51, 3.90, 100.00, 2.61, 2.48, 2.40, 0.0, 0.0
2025/07/02 7:26:43, 473.48, 85.51, 4.18, 100.00, 2.96, 2.96, 3.14, 0.0, 0.0
2025/07/02 7:31:43, 473.48, 85.51, 4.31, 100.00, 3.01, 3.27, 3.19, 0.0, 0.0
2025/07/02 7:36:43, 473.48, 85.51, 4.44, 100.00, 2.89, 2.78, 2.78, 0.0, 0.0
2025/07/02 7:41:43, 473.48, 85.51, 3.93, 100.00, 2.48, 2.43, 2.53, 0.0, 0.0
2025/07/02 7:46:43, 473.48, 85.51, 4.16, 100.00, 2.81, 2.40, 2.27, 0.0, 0.0
2025/07/02 7:51:43, 473.48, 85.51, 4.36, 100.00, 2.89, 2.50, 2.37, 0.0, 0.0
2025/07/02 7:56:43, 473.48, 85.51, 4.16, 100.00, 2.73, 2.58, 2.50, 0.0, 0.0
2025/07/02 8:01:43, 473.48, 85.54, 4.56, 100.00, 3.30, 3.01, 3.09, 0.0, 0.0
2025/07/02 8:06:43, 473.48, 85.51, 4.08, 100.00, 2.58, 2.37, 2.27, 0.0, 0.0
2025/07/02 8:11:43, 477.44, 85.51, 4.16, 100.00, 2.86, 2.58, 2.40, 0.0268, 0.503
2025/07/02 8:16:43, 482.19, 85.51, 4.28, 100.00, 2.89, 2.58, 2.48, 0.0, 0.0
2025/07/02 8:21:43, 482.19, 85.54, 4.00, 100.00, 2.50, 2.27, 2.14, 0.0, 0.0
2025/07/02 8:26:43, 482.19, 85.54, 4.13, 100.00, 2.68, 2.48, 2.30, 0.0, 0.0
2025/07/02 8:31:43, 482.10, 85.57, 4.73, 100.00, 3.32, 3.17, 3.43, 0.0, 0.0
2025/07/02 8:36:43, 482.19, 85.54, 5.00, 100.00, 3.30, 3.01, 3.30, 0.0, 0.0
2025/07/02 8:41:43, 482.19, 85.54, 4.56, 100.00, 2.86, 2.89, 3.04, 0.0, 0.0
2025/07/02 8:46:43, 482.19, 85.54, 4.13, 100.00, 2.56, 2.43, 2.43, 0.0, 0.0
2025/07/02 8:51:43, 482.19, 84.88, 4.28, 100.00, 2.99, 2.68, 2.56, 0.0, 0.0
2025/07/02 8:56:43, 482.19, 84.88, 4.61, 100.00, 3.14, 2.96, 2.89, 0.0, 0.0
2025/07/02 9:01:43, 482.19, 84.92, 3.88, 100.00, 2.45, 2.24, 2.16, 0.0, 0.0
2025/07/02 9:06:43, 482.19, 84.95, 4.36, 100.00, 3.14, 2.84, 2.66, 0.0, 0.0
2025/07/02 9:11:43, 482.19, 84.88, 4.21, 100.00, 2.81, 2.66, 2.58, 0.0, 0.0
2025/07/02 9:16:43, 482.19, 84.88, 4.61, 100.00, 3.14, 2.94, 2.89, 0.0, 0.0
2025/07/02 9:21:43, 482.19, 84.92, 4.56, 100.00, 3.32, 3.17, 3.14, 0.0, 0.0
2025/07/02 9:26:43, 482.19, 84.82, 4.54, 100.00, 3.25, 3.12, 2.99, 0.0, 0.0
2025/07/02 9:31:43, 482.19, 84.85, 4.91, 100.00, 3.85, 3.85, 3.90, 0.0, 0.0
2025/07/02 9:36:43, 559.46, 84.88, 4.91, 100.00, 3.70, 3.60, 3.45, 0.0, 0.0
2025/07/02 9:41:43, 559.55, 84.85, 5.10, 100.00, 3.93, 3.83, 3.70, 0.0, 0.0
2025/07/02 9:46:43, 559.46, 84.79, 5.13, 100.00, 3.95, 3.90, 3.85, 0.0, 0.0
2025/07/02 9:51:43, 559.46, 84.82, 5.10, 100.00, 3.50, 3.43, 3.35, 0.0, 0.0
2025/07/02 9:56:43, 559.37, 85.66, 5.26, 100.00, 3.32, 3.27, 3.22, 0.0, 0.0
2025/07/02 10:01:43, 559.46, 85.66, 5.53, 100.00, 3.55, 3.55, 3.60, 0.0, 0.0
2025/07/02 10:06:43, 553.31, 85.63, 5.05, 100.00, 3.06, 2.91, 2.89, 0.0, 0.0
2025/07/02 10:11:43, 553.31, 85.63, 4.61, 100.00, 3.22, 3.14, 3.09, 0.0, 0.0
2025/07/02 10:16:43, 552.96, 85.63, 4.59, 100.00, 3.43, 3.37, 3.27, 0.0, 0.0
2025/07/02 10:21:43, 552.96, 85.60, 4.54, 100.00, 3.27, 3.30, 3.04, 0.0168, 0.503
2025/07/02 10:26:43, 551.99, 85.60, 4.18, 100.00, 3.09, 3.09, 2.86, 0.8719, 1.509
2025/07/02 10:31:43, 551.99, 85.60, 4.46, 100.00, 3.22, 3.25, 3.04, 0.6573, 1.006
2025/07/02 10:36:43, 551.99, 85.07, 5.41, 100.00, 3.40, 3.50, 3.40, 0.0, 0.0
2025/07/02 10:41:43, 551.99, 85.01, 5.89, 100.00, 3.90, 4.00, 3.93, 0.0, 0.0
2025/07/02 10:46:43, 551.90, 85.04, 6.77, 100.00, 4.76, 5.75, 5.68, 0.0, 0.0
2025/07/02 10:51:43, 551.46, 85.07, 7.74, 100.00, 5.65, 6.24, 6.48, 0.0067, 0.503
2025/07/02 10:56:43, 543.37, 85.13, 9.49, 100.00, 6.61, 5.31, 4.93, 0.0, 0.0
2025/07/02 11:01:43, 535.90, 85.13, 10.87, 100.00, 8.04, 6.44, 5.63, 0.0, 0.0
2025/07/02 11:06:43, 535.90, 85.20, 9.64, 100.00, 4.81, 4.31, 3.95, 0.0, 0.0
2025/07/02 11:11:43, 535.81, 85.32, 9.21, 100.00, 5.99, 5.65, 5.16, 0.0, 0.0
2025/07/02 11:16:43, 535.90, 85.38, 12.00, 100.00, 8.17, 7.86, 6.96, 0.0, 0.0
2025/07/02 11:21:43, 535.81, 85.48, 10.75, 86.69, 5.46, 5.21, 4.66, 0.0, 0.0
2025/07/02 11:26:43, 535.81, 85.57, 10.78, 81.04, 6.14, 6.06, 5.53, 0.0, 0.0
2025/07/02 11:31:43, 535.73, 85.54, 12.51, 77.67, 7.43, 7.50, 6.85, 0.0, 0.0
2025/07/02 11:36:43, 484.82, 85.57, 10.84, 78.29, 5.87, 6.11, 6.11, 0.0, 0.0
2025/07/02 11:41:43, 484.82, 85.57, 10.24, 76.37, 5.85, 6.58, 6.19, 0.0, 0.0
2025/07/02 11:46:43, 484.82, 85.66, 11.45, 73.17, 6.96, 8.24, 7.71, 0.0, 0.0
2025/07/02 11:51:43, 484.82, 85.70, 12.53, 70.57, 8.07, 8.69, 7.57, 0.0, 0.0
2025/07/02 11:56:43, 484.82, 85.70, 12.74, 64.96, 8.19, 9.64, 8.24, 0.0, 0.0
2025/07/02 12:01:43, 484.82, 85.73, 15.12, 68.74, 10.24, 8.36, 6.70, 0.0, 0.0
2025/07/02 12:06:43, 484.82, 85.73, 14.71, 67.93, 8.50, 9.35, 7.62, 0.0, 0.0
2025/07/02 12:11:43, 484.82, 85.73, 13.19, 68.95, 8.02, 9.09, 7.88, 0.0, 0.0
2025/07/02 12:16:43, 484.82, 85.70, 12.74, 65.41, 7.11, 7.69, 8.48, 0.0, 0.0
2025/07/02 12:21:43, 484.82, 85.66, 12.32, 68.30, 7.18, 8.04, 8.57, 0.0, 0.0
2025/07/02 12:26:43, 484.74, 85.73, 12.44, 65.70, 6.11, 5.77, 5.75, 0.0, 0.0
2025/07/02 12:31:43, 477.97, 85.10, 11.59, 65.92, 5.99, 5.43, 5.43, 0.0, 0.0
2025/07/02 12:36:43, 442.80, 85.01, 11.61, 71.18, 6.89, 6.09, 6.16, 0.0, 0.0
2025/07/02 12:41:43, 442.80, 85.01, 11.50, 72.84, 6.80, 7.11, 7.11, 0.0, 0.0
2025/07/02 12:46:43, 442.80, 85.13, 13.00, 68.25, 7.67, 7.28, 6.19, 0.0, 0.0
2025/07/02 12:51:43, 423.11, 85.13, 13.10, 62.61, 7.69, 7.83, 6.96, 0.0, 0.0
2025/07/02 12:56:43, 423.11, 85.26, 10.87, 62.47, 5.00, 5.23, 4.71, 0.0, 0.0
2025/07/02 13:01:43, 423.11, 85.07, 13.40, 69.24, 9.89, 9.35, 7.23, 0.0, 0.0
2025/07/02 13:06:43, 423.11, 84.82, 15.07, 60.77, 8.57, 10.29, 8.69, 0.0, 0.0
2025/07/02 13:11:43, 423.46, 85.13, 12.04, 62.18, 5.92, 7.43, 7.06, 0.0, 0.0
2025/07/02 13:16:43, 423.46, 84.64, 14.42, 58.17, 8.90, 11.24, 9.73, 0.0, 0.0
2025/07/02 13:21:43, 423.46, 84.32, 19.43, 47.53, 12.00, 12.74, 10.93, 0.0, 0.0
2025/07/02 13:26:43, 423.46, 84.92, 20.25, 45.37, 11.75, 9.66, 8.55, 0.0, 0.0
2025/07/02 13:31:43, 423.46, 84.82, 17.46, 45.90, 8.88, 8.38, 7.60, 0.0, 0.0
2025/07/02 13:36:43, 423.37, 85.04, 16.63, 49.02, 9.49, 9.98, 9.04, 0.0, 0.0
2025/07/02 13:41:43, 423.46, 85.23, 13.92, 53.76, 7.55, 8.78, 8.85, 0.0, 0.0
2025/07/02 13:46:43, 423.37, 85.38, 16.52, 50.59, 11.33, 12.53, 10.48, 0.0, 0.0
2025/07/02 13:51:43, 423.46, 85.73, 20.32, 38.16, 11.00, 14.21, 12.60, 0.0, 0.0
2025/07/02 13:56:43, 423.46, 85.88, 16.20, 41.63, 7.21, 8.36, 7.88, 0.0, 0.0
2025/07/02 14:01:43, 423.46, 85.76, 14.67, 46.68, 7.55, 8.78, 8.92, 0.0, 0.0
2025/07/02 14:06:43, 432.25, 85.57, 13.69, 49.32, 7.01, 7.62, 7.40, 0.0, 0.0
2025/07/02 14:11:43, 433.84, 85.60, 13.21, 51.25, 6.68, 7.48, 7.26, 0.0, 0.0
2025/07/02 14:16:43, 453.44, 85.63, 12.42, 52.03, 6.29, 7.06, 6.99, 0.0, 0.0
2025/07/02 14:21:43, 453.62, 85.63, 12.18, 53.90, 6.61, 7.43, 7.23, 0.0, 0.0
2025/07/02 14:26:43, 453.62, 85.63, 13.14, 50.57, 6.96, 7.97, 7.64, 0.0, 0.0
2025/07/02 14:31:43, 453.62, 85.70, 12.23, 52.53, 6.53, 7.50, 7.62, 0.0, 0.0
2025/07/02 14:36:43, 453.62, 85.70, 13.12, 50.57, 7.04, 7.93, 8.00, 0.0, 0.0
2025/07/02 14:41:43, 453.62, 85.60, 14.78, 45.86, 8.31, 9.45, 9.38, 0.0, 0.0
2025/07/02 14:46:43, 453.62, 85.60, 15.46, 43.56, 8.55, 9.82, 10.19, 0.0, 0.0
2025/07/02 14:51:43, 453.53, 85.63, 15.62, 43.42, 8.55, 9.91, 10.84, 0.0, 0.0
2025/07/02 14:56:43, 453.62, 85.60, 14.71, 45.37, 8.09, 8.92, 9.73, 0.0, 0.0
2025/07/02 15:01:43, 453.62, 85.70, 16.70, 39.98, 12.21, 12.89, 12.35, 0.0, 0.0
2025/07/02 15:06:43, 453.62, 85.76, 19.76, 35.38, 15.16, 14.85, 12.74, 0.0, 0.0
2025/07/02 15:11:43, 453.53, 85.70, 14.96, 40.81, 6.58, 7.01, 7.26, 0.0, 0.0
2025/07/02 15:16:43, 474.45, 85.66, 11.50, 51.66, 5.65, 5.92, 6.11, 0.5835, 1.006
2025/07/02 15:21:43, 474.45, 85.63, 10.48, 57.43, 5.94, 6.04, 5.92, 0.4125, 1.006
2025/07/02 15:26:43, 474.45, 85.63, 9.38, 60.90, 5.43, 5.65, 5.68, 0.0067, 0.503
2025/07/02 15:31:43, 474.45, 85.60, 9.96, 61.35, 6.11, 6.11, 6.19, 0.2917, 1.006
2025/07/02 15:36:43, 474.45, 85.63, 11.07, 55.45, 6.09, 6.48, 6.77, 0.0, 0.0
2025/07/02 15:41:43, 474.45, 85.63, 11.70, 53.59, 7.26, 7.76, 8.26, 0.0, 0.0
2025/07/02 15:46:43, 474.45, 85.63, 12.51, 51.47, 7.16, 7.50, 8.34, 0.0, 0.0
2025/07/02 15:51:43, 474.45, 85.63, 10.91, 55.29, 5.60, 5.87, 6.14, 0.0, 0.0
2025/07/02 15:56:43, 474.45, 85.63, 10.98, 55.85, 5.89, 5.97, 6.11, 0.0, 0.0
2025/07/02 16:01:43, 474.45, 85.63, 10.41, 57.72, 6.09, 6.11, 6.01, 0.0402, 0.503
2025/07/02 16:06:43, 474.45, 85.66, 11.33, 54.40, 5.94, 5.92, 5.99, 0.0, 0.0
2025/07/02 16:11:43, 474.45, 85.66, 10.05, 60.10, 5.65, 5.60, 5.48, 0.0, 0.0
2025/07/02 16:16:43, 474.45, 85.63, 9.84, 61.52, 5.87, 5.92, 5.99, 0.0, 0.0
2025/07/02 16:21:43, 474.45, 85.63, 9.28, 62.60, 5.00, 5.26, 5.55, 0.0, 0.0
2025/07/02 16:26:43, 474.45, 85.63, 9.09, 64.65, 5.33, 5.55, 5.85, 0.1677, 1.006
2025/07/02 16:31:43, 474.45, 85.63, 9.35, 62.46, 5.38, 5.58, 5.80, 0.0, 0.0
2025/07/02 16:36:43, 474.45, 85.66, 9.68, 62.20, 5.58, 5.48, 5.41, 0.0, 0.0
2025/07/02 16:41:43, 474.45, 85.70, 8.85, 63.54, 4.44, 4.41, 4.49, 0.0972, 1.006
2025/07/02 16:46:43, 474.36, 85.70, 9.06, 64.39, 5.55, 5.63, 6.44, 0.0, 0.0
2025/07/02 16:51:43, 474.45, 85.66, 8.69, 65.75, 4.93, 4.93, 5.36, 0.0, 0.0
2025/07/02 16:56:43, 474.45, 85.66, 8.90, 65.55, 5.36, 5.08, 5.10, 0.0, 0.0
2025/07/02 17:01:43, 474.45, 85.70, 8.41, 66.37, 4.41, 4.21, 4.21, 0.0, 0.0
2025/07/02 17:06:43, 474.45, 85.66, 7.74, 69.43, 4.56, 4.44, 4.56, 0.0, 0.0
2025/07/02 17:11:43, 474.54, 85.70, 8.34, 67.33, 5.16, 5.05, 4.91, 0.0, 0.0
2025/07/02 17:16:43, 474.45, 85.66, 8.21, 67.61, 4.78, 4.59, 4.51, 0.0, 0.0
2025/07/02 17:21:43, 474.54, 85.66, 8.00, 68.46, 4.41, 4.44, 4.69, 0.0, 0.0
2025/07/02 17:26:43, 474.54, 85.70, 9.91, 62.79, 6.87, 6.68, 7.16, 0.0, 0.0
2025/07/02 17:31:43, 474.54, 85.70, 11.17, 57.14, 7.16, 7.52, 6.75, 0.0, 0.0
2025/07/02 17:36:43, 474.54, 85.70, 10.62, 57.52, 5.65, 5.63, 5.51, 0.0, 0.0
2025/07/02 17:41:43, 474.45, 85.70, 9.04, 61.68, 5.00, 5.46, 6.29, 0.0, 0.0
2025/07/02 17:46:43, 474.45, 85.70, 8.38, 65.15, 4.71, 4.59, 5.05, 0.0, 0.0
2025/07/02 17:51:43, 474.45, 85.66, 7.31, 68.48, 3.75, 3.78, 4.03, 0.0, 0.0
2025/07/02 17:56:43, 474.45, 85.70, 6.48, 73.86, 3.43, 3.45, 3.65, 0.0, 0.0
2025/07/02 18:01:43, 474.45, 85.70, 5.80, 77.40, 3.04, 3.06, 3.30, 0.0, 0.0
2025/07/02 18:06:43, 474.45, 85.66, 6.11, 76.90, 3.93, 3.90, 4.05, 0.0, 0.0
2025/07/02 18:11:43, 474.45, 85.70, 6.29, 76.34, 3.80, 3.80, 3.90, 0.0, 0.0
2025/07/02 18:16:43, 474.45, 85.73, 6.14, 77.49, 3.93, 3.88, 3.73, 0.0, 0.0
2025/07/02 18:21:43, 474.45, 85.70, 5.80, 79.21, 3.65, 3.65, 3.60, 0.0, 0.0
2025/07/02 18:26:43, 474.45, 85.70, 6.09, 78.11, 3.95, 3.90, 3.83, 0.0, 0.0
2025/07/02 18:31:43, 474.45, 85.70, 6.29, 77.18, 4.13, 4.03, 4.51, 0.0, 0.0
2025/07/02 18:36:43, 474.45, 85.70, 6.19, 77.69, 4.03, 3.93, 4.10, 0.0, 0.0
2025/07/02 18:41:43, 474.45, 85.73, 6.77, 75.38, 4.66, 4.73, 4.28, 0.0, 0.0
2025/07/02 18:46:43, 474.45, 85.73, 6.04, 76.89, 3.40, 3.50, 3.93, 0.0, 0.0
2025/07/02 18:51:43, 474.45, 85.73, 5.05, 81.62, 2.99, 2.89, 3.09, 0.0, 0.0
2025/07/02 18:56:43, 471.90, 85.73, 4.56, 85.25, 2.86, 2.78, 2.99, 0.0, 0.0
2025/07/02 19:01:43, 455.99, 85.73, 4.28, 87.08, 2.63, 2.58, 2.61, 0.0, 0.0
2025/07/02 19:06:43, 455.90, 85.73, 4.66, 84.31, 3.48, 3.01, 2.99, 0.0, 0.0
2025/07/02 19:11:43, 411.77, 85.76, 4.41, 83.50, 3.06, 2.76, 2.94, 0.0, 0.0
2025/07/02 19:16:43, 411.77, 85.73, 4.76, 83.74, 3.30, 3.06, 3.19, 0.5567, 1.006
2025/07/02 19:21:43, 414.49, 85.76, 4.33, 84.40, 2.71, 2.73, 2.89, 0.4996, 1.006
2025/07/02 19:26:43, 414.49, 85.76, 4.33, 87.38, 3.09, 2.89, 3.22, 0.0, 0.0
2025/07/02 19:31:43, 414.49, 85.76, 4.16, 86.98, 2.91, 3.09, 2.89, 0.0, 0.0
2025/07/02 19:36:43, 414.41, 85.76, 4.18, 86.47, 3.09, 2.58, 2.32, 0.0, 0.0
2025/07/02 19:41:43, 414.58, 85.76, 3.90, 87.12, 2.50, 2.35, 2.27, 0.0, 0.0
2025/07/02 19:46:43, 428.21, 85.76, 3.40, 90.88, 2.32, 1.90, 1.80, 0.0, 0.0
2025/07/02 19:51:43, 437.26, 85.76, 2.96, 93.14, 2.08, 1.77, 1.64, 0.5935, 1.509
2025/07/02 19:56:43, 437.26, 85.76, 3.04, 94.51, 2.35, 2.14, 1.93, 0.1308, 1.006
2025/07/02 20:01:43, 437.26, 85.76, 3.01, 94.18, 2.08, 1.77, 1.67, 0.0, 0.0
2025/07/02 20:06:43, 437.26, 85.76, 2.89, 94.56, 1.90, 1.70, 1.64, 0.0, 0.0
2025/07/02 20:11:43, 437.26, 85.79, 2.53, 94.93, 1.67, 1.59, 1.54, 0.446, 1.006
2025/07/02 20:16:43, 441.48, 85.76, 2.76, 97.94, 2.27, 1.88, 1.70, 0.8886, 1.006
2025/07/02 20:21:43, 443.24, 85.76, 2.89, 97.63, 2.16, 1.77, 1.59, 0.8115, 1.006
2025/07/02 20:26:43, 448.96, 85.76, 2.89, 96.94, 2.11, 1.75, 1.57, 0.7579, 1.006
2025/07/02 20:31:43, 449.13, 85.76, 3.01, 97.07, 2.19, 1.80, 1.64, 0.5801, 1.006
2025/07/02 20:36:43, 449.13, 85.76, 3.01, 96.34, 2.22, 1.98, 1.75, 0.4795, 1.006
2025/07/02 20:41:43, 449.13, 85.76, 2.78, 95.52, 1.88, 1.70, 1.59, 0.0, 0.0
2025/07/02 20:46:43, 449.84, 85.79, 2.61, 96.66, 1.95, 1.83, 1.75, 0.0, 0.0
2025/07/02 20:51:43, 449.84, 85.79, 2.50, 96.57, 1.85, 1.75, 1.64, 0.0, 0.0
2025/07/02 20:56:43, 449.84, 85.79, 2.50, 98.43, 2.11, 1.77, 1.43, 0.0, 0.0
2025/07/02 21:01:43, 449.84, 85.79, 2.43, 98.56, 1.85, 1.43, 1.19, 0.0, 0.0
2025/07/02 21:06:43, 449.84, 85.82, 2.22, 99.25, 1.72, 1.30, 1.14, 0.0, 0.0
2025/07/02 21:11:43, 449.84, 85.79, 2.06, 99.84, 1.62, 1.27, 1.11, 0.0, 0.0
2025/07/02 21:16:43, 449.84, 85.79, 1.80, 99.97, 1.33, 1.06, 0.93, 0.0, 0.0
2025/07/02 21:21:43, 449.84, 85.79, 1.70, 100.00, 1.30, 1.00, 0.87, 0.0, 0.0
2025/07/02 21:26:43, 402.45, 85.82, 1.33, 100.00, 0.95, 0.74, 0.69, 0.1408, 1.006
2025/07/02 21:31:43, 402.71, 85.82, 1.25, 100.00, 0.98, 0.77, 0.69, 0.9792, 1.509
2025/07/02 21:36:43, 405.00, 85.82, 1.19, 100.00, 0.85, 0.72, 0.64, 0.949, 1.509
2025/07/02 21:41:43, 406.05, 85.82, 1.67, 100.00, 1.22, 0.74, 0.64, 0.446, 1.006
2025/07/02 21:46:43, 419.77, 85.82, 1.70, 100.00, 1.11, 0.74, 0.61, 0.0, 0.0
2025/07/02 21:51:43, 419.95, 85.82, 1.83, 100.00, 1.22, 0.79, 0.61, 0.0, 0.0
2025/07/02 21:56:43, 419.95, 85.82, 1.64, 100.00, 1.11, 0.74, 0.53, 0.0, 0.0
2025/07/02 22:01:43, 419.95, 85.85, 1.38, 100.00, 1.08, 0.93, 0.72, 0.0, 0.0
2025/07/02 22:06:43, 419.95, 85.82, 1.27, 100.00, 1.00, 0.79, 0.53, 0.0, 0.0
2025/07/02 22:11:43, 419.95, 85.85, 1.14, 100.00, 0.95, 0.79, 0.64, 0.0, 0.0
2025/07/02 22:16:43, 419.95, 85.85, 1.17, 100.00, 1.11, 0.79, 0.53, 0.0, 0.0
2025/07/02 22:21:43, 419.86, 85.85, 1.22, 100.00, 1.11, 0.82, 0.58, 0.0, 0.0
2025/07/02 22:26:43, 419.86, 85.85, 1.17, 100.00, 0.85, 0.64, 0.48, 0.0, 0.0
2025/07/02 22:31:43, 360.78, 85.85, 0.79, 100.00, 0.79, 0.72, 0.58, 0.0268, 0.503
2025/07/02 22:36:43, 359.02, 85.88, 1.25, 100.00, 1.19, 0.98, 0.79, 0.9188, 1.509
2025/07/02 22:41:43, 360.52, 85.85, 1.06, 100.00, 0.93, 0.77, 0.66, 1.0965, 1.509
2025/07/02 22:46:43, 362.10, 85.85, 1.03, 100.00, 0.79, 0.69, 0.58, 0.892, 1.509
2025/07/02 22:51:43, 368.16, 85.88, 1.06, 100.00, 0.77, 0.61, 0.53, 1.1804, 1.509
2025/07/02 22:56:43, 370.54, 85.85, 1.08, 100.00, 0.85, 0.66, 0.56, 1.5124, 2.012
2025/07/02 23:01:43, 388.91, 85.85, 1.30, 100.00, 0.98, 0.82, 0.69, 1.6029, 2.012
2025/07/02 23:06:43, 396.30, 85.85, 0.93, 100.00, 0.69, 0.64, 0.58, 1.5191, 2.012
2025/07/02 23:11:43, 374.85, 85.88, 0.53, 100.00, 0.53, 0.48, 0.42, 1.5928, 2.012
2025/07/02 23:16:43, 377.92, 85.88, 0.66, 100.00, 0.74, 0.69, 0.61, 1.7974, 2.515
2025/07/02 23:21:43, 386.71, 85.88, 0.82, 100.00, 0.85, 0.79, 0.69, 1.6733, 2.012
2025/07/02 23:26:43, 386.54, 85.85, 0.85, 100.00, 0.87, 0.79, 0.69, 1.5761, 2.012
2025/07/02 23:31:43, 387.42, 85.85, 0.90, 100.00, 0.87, 0.79, 0.72, 1.6398, 2.012
2025/07/02 23:36:43, 386.80, 85.88, 0.79, 100.00, 0.77, 0.69, 0.64, 1.2508, 1.509
2025/07/02 23:41:43, 387.68, 85.85, 0.82, 100.00, 0.77, 0.69, 0.58, 0.9591, 1.509
2025/07/02 23:46:43, 389.70, 85.88, 0.74, 100.00, 0.61, 0.53, 0.48, 0.6807, 1.006
2025/07/02 23:51:43, 392.87, 85.88, 0.58, 100.00, 0.61, 0.53, 0.50, 0.0, 0.0
2025/07/02 23:56:43, 392.87, 85.88, 0.90, 100.00, 1.06, 0.98, 0.79, 0.0, 0.0
2025/07/03 0:01:43, 392.87, 85.88, 1.06, 100.00, 1.14, 0.90, 0.56, 0.0, 0.0
2025/07/03 0:06:43, 392.87, 85.88, 0.98, 100.00, 0.93, 0.82, 0.69, 0.0, 0.0
2025/07/03 0:11:43, 402.54, 85.88, 1.17, 100.00, 1.33, 1.25, 1.14, 0.0101, 0.503
2025/07/03 0:16:43, 402.63, 85.88, 1.17, 100.00, 1.14, 1.06, 0.95, 0.0, 0.0
2025/07/03 0:21:43, 402.63, 85.88, 1.25, 100.00, 1.35, 1.27, 0.95, 0.0, 0.0
2025/07/03 0:26:43, 429.62, 85.91, 1.14, 100.00, 1.19, 1.11, 1.00, 0.0, 0.0
2025/07/03 0:31:43, 434.01, 85.88, 1.64, 100.00, 1.67, 1.30, 0.90, 0.6002, 1.006
2025/07/03 0:36:43, 434.01, 85.88, 1.43, 100.00, 1.25, 1.11, 0.90, 0.0, 0.0
2025/07/03 0:41:43, 398.14, 85.88, 0.98, 100.00, 1.03, 0.85, 0.61, 0.0, 0.0
2025/07/03 0:46:43, 398.14, 85.91, 0.93, 100.00, 0.58, 0.50, 0.42, 0.0, 0.0
2025/07/03 0:51:43, 394.45, 85.88, 0.72, 100.00, 0.74, 0.64, 0.58, 0.0, 0.0
2025/07/03 0:56:43, 394.45, 85.91, 0.90, 100.00, 0.95, 0.79, 0.61, 0.0, 0.0
2025/07/03 1:01:43, 394.45, 85.88, 1.06, 100.00, 1.00, 0.87, 0.64, 0.0, 0.0
2025/07/03 1:06:43, 394.45, 85.88, 1.03, 100.00, 1.00, 0.82, 0.50, 0.0, 0.0
2025/07/03 1:11:43, 394.45, 85.91, 0.85, 100.00, 0.53, 0.45, 0.37, 0.0, 0.0
2025/07/03 1:16:43, 397.97, 85.91, 0.69, 100.00, 0.50, 0.42, 0.37, 0.0, 0.0
2025/07/03 1:21:43, 341.79, 85.88, 0.48, 100.00, 0.34, 0.29, 0.26, 0.0, 0.0
2025/07/03 1:26:43, 365.70, 85.88, 1.00, 100.00, 1.30, 1.17, 0.87, 0.4929, 1.006
2025/07/03 1:31:43, 365.70, 85.91, 1.35, 100.00, 1.51, 1.41, 0.93, 0.2381, 1.006
2025/07/03 1:36:43, 376.34, 85.91, 1.14, 100.00, 1.00, 0.66, 0.50, 0.4728, 1.006
2025/07/03 1:41:43, 380.56, 85.91, 1.22, 100.00, 0.79, 0.64, 0.40, 0.0771, 0.503
2025/07/03 1:46:43, 386.80, 85.91, 1.03, 100.00, 0.90, 0.56, 0.42, 0.0, 0.0
2025/07/03 1:51:43, 386.71, 85.91, 1.25, 100.00, 1.30, 0.85, 0.45, 0.0, 0.0
2025/07/03 1:56:43, 386.71, 85.91, 1.25, 100.00, 1.08, 0.58, 0.40, 0.0, 0.0
2025/07/03 2:01:43, 386.71, 85.91, 1.00, 100.00, 1.00, 0.50, 0.40, 0.0, 0.0
2025/07/03 2:06:43, 386.71, 85.91, 1.33, 100.00, 1.43, 1.08, 0.42, 0.0, 0.0
2025/07/03 2:11:43, 415.55, 85.91, 1.11, 100.00, 0.61, 0.48, 0.37, 0.0, 0.0
2025/07/03 2:16:43, 429.35, 85.91, 1.17, 100.00, 1.22, 0.82, 0.58, 0.0, 0.0
2025/07/03 2:21:43, 422.67, 85.91, 0.79, 100.00, 0.53, 0.42, 0.37, 0.0, 0.0
2025/07/03 2:26:43, 436.03, 85.91, 1.03, 100.00, 1.11, 0.74, 0.53, 0.0, 0.0
2025/07/03 2:31:43, 436.12, 85.88, 1.19, 100.00, 1.22, 0.85, 0.58, 0.0, 0.0
2025/07/03 2:36:43, 436.12, 85.91, 1.19, 100.00, 1.17, 0.82, 0.58, 0.0, 0.0
2025/07/03 2:41:43, 436.12, 85.91, 1.19, 100.00, 0.98, 0.74, 0.61, 0.0, 0.0
2025/07/03 2:46:43, 442.36, 85.88, 1.38, 100.00, 1.46, 0.98, 0.69, 0.0, 0.0
2025/07/03 2:51:43, 442.36, 85.91, 1.38, 100.00, 1.03, 0.79, 0.64, 0.0, 0.0
2025/07/03 2:56:43, 442.36, 85.91, 1.33, 100.00, 0.87, 0.69, 0.56, 0.0, 0.0
2025/07/03 3:01:43, 441.92, 85.91, 1.06, 100.00, 0.95, 0.74, 0.58, 0.0, 0.0
2025/07/03 3:06:43, 441.92, 85.91, 1.46, 100.00, 1.30, 0.79, 0.61, 0.0, 0.0
2025/07/03 3:11:43, 417.31, 85.88, 1.25, 100.00, 0.93, 0.72, 0.56, 0.0, 0.0
2025/07/03 3:16:43, 417.31, 85.95, 1.54, 100.00, 1.64, 1.19, 0.72, 0.0, 0.0
2025/07/03 3:21:43, 417.31, 85.91, 1.64, 100.00, 1.46, 0.95, 0.72, 0.0, 0.0
2025/07/03 3:26:43, 389.44, 85.88, 1.43, 100.00, 0.87, 0.74, 0.66, 0.0, 0.0
2025/07/03 3:31:43, 390.23, 85.91, 1.38, 100.00, 1.43, 0.85, 0.58, 0.0, 0.0
2025/07/03 3:36:43, 394.63, 85.91, 1.57, 100.00, 1.57, 0.74, 0.58, 0.2582, 1.006
2025/07/03 3:41:43, 394.63, 85.95, 1.64, 100.00, 1.67, 1.06, 0.61, 0.0, 0.0
2025/07/03 3:46:43, 394.63, 85.91, 1.00, 100.00, 0.58, 0.48, 0.42, 0.0134, 0.503
2025/07/03 3:51:43, 388.03, 85.91, 1.00, 100.00, 0.93, 0.74, 0.61, 1.0898, 1.509
2025/07/03 3:56:43, 422.58, 85.91, 1.35, 100.00, 1.46, 1.27, 0.93, 0.9222, 1.509
2025/07/03 4:01:43, 404.21, 85.91, 0.90, 100.00, 0.69, 0.64, 0.58, 0.3588, 1.006
2025/07/03 4:06:43, 378.36, 85.88, 1.00, 100.00, 1.06, 0.90, 0.77, 0.1878, 1.006
2025/07/03 4:11:43, 349.26, 85.91, 1.14, 100.00, 0.95, 0.79, 0.66, 1.2944, 2.012
2025/07/03 4:16:43, 372.38, 85.91, 1.33, 100.00, 0.98, 0.85, 0.77, 1.6934, 2.012
2025/07/03 4:21:43, 370.54, 85.91, 1.22, 100.00, 1.00, 0.90, 0.79, 1.1234, 2.012
2025/07/03 4:26:43, 384.96, 85.91, 1.06, 100.00, 0.98, 0.87, 0.82, 1.3145, 2.012
2025/07/03 4:31:43, 399.99, 85.95, 0.98, 100.00, 0.85, 0.79, 0.74, 1.2743, 2.012
2025/07/03 4:36:43, 385.31, 85.91, 0.85, 100.00, 0.74, 0.69, 0.64, 1.4989, 2.012
2025/07/03 4:41:43, 388.65, 85.95, 0.90, 100.00, 0.74, 0.69, 0.66, 1.4419, 2.515
2025/07/03 4:46:43, 390.85, 85.91, 1.00, 100.00, 1.06, 0.98, 0.90, 1.6398, 2.012
2025/07/03 4:51:43, 391.11, 85.91, 1.19, 100.00, 1.00, 0.95, 0.90, 1.5392, 2.012
2025/07/03 4:56:43, 380.30, 85.88, 1.14, 100.00, 1.00, 0.90, 0.85, 1.5962, 2.012
2025/07/03 5:01:43, 384.78, 85.91, 1.35, 100.00, 1.27, 1.17, 1.08, 0.8953, 2.012
2025/07/03 5:06:43, 387.07, 85.91, 1.38, 100.00, 1.30, 1.17, 1.08, 0.8316, 1.006
2025/07/03 5:11:43, 387.07, 85.91, 1.64, 100.00, 1.33, 1.25, 1.14, 0.7478, 1.509
2025/07/03 5:16:43, 380.91, 85.88, 1.27, 100.00, 1.06, 1.00, 1.00, 1.0261, 1.509
2025/07/03 5:21:43, 380.56, 85.95, 1.49, 100.00, 1.33, 1.22, 1.14, 1.348, 1.509
2025/07/03 5:26:43, 382.67, 85.88, 1.46, 100.00, 1.14, 1.06, 1.03, 1.2709, 1.509
2025/07/03 5:31:43, 389.18, 85.91, 2.22, 100.00, 2.03, 1.43, 1.27, 1.1837, 1.509
2025/07/03 5:36:43, 390.58, 85.88, 2.22, 100.00, 1.46, 1.30, 1.25, 0.9322, 1.509
2025/07/03 5:41:43, 390.49, 85.88, 1.80, 100.00, 1.27, 1.22, 1.30, 0.6271, 1.509
2025/07/03 5:46:43, 383.64, 85.91, 1.77, 100.00, 1.46, 1.35, 1.33, 1.1301, 1.509
2025/07/03 5:51:43, 385.57, 85.88, 1.77, 100.00, 1.38, 1.33, 1.35, 1.0798, 1.509
2025/07/03 5:56:43, 417.13, 85.88, 2.11, 100.00, 1.67, 1.57, 1.57, 1.4285, 2.012
2025/07/03 6:01:43, 405.79, 85.88, 2.08, 100.00, 1.77, 1.57, 1.54, 1.1703, 1.509
2025/07/03 6:06:43, 405.79, 85.88, 2.30, 100.00, 1.98, 1.77, 1.80, 1.0999, 1.509
2025/07/03 6:11:43, 406.49, 85.88, 2.48, 100.00, 1.98, 1.88, 1.90, 0.8853, 1.006
2025/07/03 6:16:43, 407.90, 85.88, 2.73, 100.00, 2.16, 1.98, 1.98, 0.9926, 1.509
2025/07/03 6:21:43, 407.90, 85.88, 3.22, 100.00, 2.63, 2.32, 2.14, 0.7109, 1.006
2025/07/03 6:26:43, 407.90, 85.85, 3.37, 100.00, 2.37, 2.19, 2.16, 0.3253, 1.006
2025/07/03 6:31:43, 407.90, 85.88, 3.58, 100.00, 2.76, 2.73, 2.73, 0.0, 0.0
2025/07/03 6:36:43, 411.07, 85.85, 3.48, 100.00, 2.56, 2.48, 2.16, 0.218, 1.006
2025/07/03 6:41:43, 411.15, 85.88, 4.03, 100.00, 3.19, 3.06, 3.01, 0.0436, 0.503
2025/07/03 6:46:43, 411.15, 85.88, 4.95, 100.00, 3.85, 3.40, 3.04, 0.0, 0.0
2025/07/03 6:51:43, 411.15, 85.88, 4.61, 100.00, 3.01, 3.14, 3.30, 0.0, 0.0
2025/07/03 6:56:43, 411.15, 85.88, 4.91, 100.00, 3.58, 3.55, 3.75, 0.0, 0.0
2025/07/03 7:01:43, 411.15, 85.95, 5.51, 100.00, 4.16, 4.16, 4.05, 0.0, 0.0
2025/07/03 7:06:43, 388.21, 85.88, 5.43, 100.00, 4.00, 3.83, 3.93, 0.0704, 1.006
2025/07/03 7:11:43, 388.38, 85.88, 5.43, 100.00, 3.90, 3.78, 3.70, 0.0, 0.0
2025/07/03 7:16:43, 388.38, 85.88, 5.99, 100.00, 3.98, 3.65, 3.22, 0.0, 0.0
2025/07/03 7:21:43, 388.38, 85.88, 6.14, 98.18, 3.95, 4.23, 4.08, 0.0, 0.0
2025/07/03 7:26:43, 388.38, 85.88, 6.68, 94.41, 4.49, 4.36, 4.10, 0.0, 0.0
2025/07/03 7:31:43, 391.11, 85.95, 6.65, 87.73, 4.56, 4.51, 4.61, 0.0, 0.0
2025/07/03 7:36:43, 391.11, 85.91, 6.75, 83.50, 4.54, 4.44, 4.41, 0.0, 0.0
2025/07/03 7:41:43, 391.11, 85.95, 7.86, 78.55, 5.80, 5.41, 5.23, 0.0, 0.0
2025/07/03 7:46:43, 391.11, 85.88, 7.38, 77.03, 4.71, 4.61, 4.56, 0.0, 0.0
2025/07/03 7:51:43, 391.11, 85.88, 6.92, 76.77, 4.00, 4.16, 4.41, 0.0034, 0.503
2025/07/03 7:56:43, 391.11, 85.91, 7.11, 78.76, 4.93, 5.00, 5.26, 0.0, 0.0
2025/07/03 8:01:43, 391.11, 85.88, 7.57, 74.76, 4.76, 4.78, 4.86, 0.0, 0.0
2025/07/03 8:06:43, 400.16, 85.98, 6.80, 76.75, 3.40, 3.45, 3.73, 0.0067, 0.503
2025/07/03 8:11:43, 429.62, 85.95, 6.58, 79.89, 3.88, 3.80, 3.93, 0.0, 0.0
2025/07/03 8:16:43, 467.59, 85.95, 6.36, 81.03, 3.35, 3.22, 3.35, 0.0, 0.0
2025/07/03 8:21:43, 485.18, 85.98, 6.19, 81.74, 3.32, 3.22, 3.45, 0.5131, 1.006
2025/07/03 8:26:43, 471.02, 85.88, 6.53, 76.78, 3.73, 4.05, 4.36, 0.6573, 1.006
2025/07/03 8:31:43, 443.95, 85.95, 6.87, 75.84, 4.46, 4.64, 5.00, 0.6874, 1.006
2025/07/03 8:36:43, 447.64, 85.95, 7.38, 75.07, 4.44, 4.49, 4.76, 0.6438, 1.006
2025/07/03 8:41:43, 455.90, 85.95, 7.79, 72.76, 4.33, 4.41, 4.69, 0.5399, 1.006
2025/07/03 8:46:43, 455.81, 85.98, 8.62, 70.78, 5.26, 4.95, 5.13, 0.5935, 1.006
2025/07/03 8:51:43, 466.45, 85.95, 7.81, 69.58, 4.10, 4.31, 4.64, 0.5466, 1.006
2025/07/03 8:56:43, 466.71, 85.91, 7.93, 70.86, 4.66, 4.81, 5.16, 0.6036, 1.006
2025/07/03 9:01:43, 424.60, 86.01, 10.34, 62.03, 7.83, 7.71, 8.02, 0.104, 1.006
2025/07/03 9:06:43, 445.62, 85.91, 9.04, 66.35, 5.73, 5.82, 6.24, 1.2005, 1.509
2025/07/03 9:11:43, 447.64, 85.91, 9.42, 63.77, 6.77, 7.28, 8.38, 0.7008, 1.509
2025/07/03 9:16:43, 447.64, 85.95, 13.07, 50.82, 8.74, 8.97, 9.64, 0.0, 0.0
2025/07/03 9:21:43, 407.11, 85.95, 11.91, 54.32, 8.38, 7.81, 8.17, 0.171, 1.006
2025/07/03 9:26:43, 421.53, 85.88, 11.91, 54.43, 7.69, 7.74, 8.12, 1.0898, 1.509
2025/07/03 9:31:43, 421.53, 85.98, 12.78, 52.85, 9.35, 9.66, 9.87, 0.0235, 0.503
2025/07/03 9:36:43, 406.93, 85.98, 14.78, 43.80, 9.33, 8.50, 8.64, 0.0101, 0.503
2025/07/03 9:41:43, 427.15, 85.88, 12.98, 49.28, 7.64, 7.93, 8.78, 0.6807, 1.509
2025/07/03 9:46:43, 395.77, 85.91, 11.61, 54.14, 9.14, 8.24, 8.43, 1.2575, 2.012
2025/07/03 9:51:43, 397.18, 85.98, 15.73, 41.70, 10.50, 9.94, 10.96, 0.1207, 1.006
2025/07/03 9:56:43, 383.81, 85.88, 16.34, 42.21, 13.74, 12.09, 12.55, 0.0101, 0.503
2025/07/03 10:01:43, 383.73, 85.73, 17.12, 40.17, 14.14, 11.95, 11.98, 0.0, 0.0
2025/07/03 10:06:43, 378.45, 85.91, 14.47, 46.17, 11.07, 9.66, 10.24, 0.4393, 1.006
2025/07/03 10:11:43, 394.10, 85.85, 17.86, 38.61, 12.87, 11.07, 11.14, 0.2683, 1.006
2025/07/03 10:16:43, 401.57, 85.91, 15.73, 39.82, 11.19, 9.87, 10.41, 0.7914, 1.509
2025/07/03 10:21:43, 409.75, 85.98, 16.38, 39.39, 11.14, 10.12, 10.38, 1.0328, 1.509
2025/07/03 10:26:43, 413.26, 86.01, 16.40, 39.99, 10.57, 11.07, 11.86, 0.7679, 1.509
2025/07/03 10:31:43, 400.87, 85.95, 16.58, 38.31, 11.66, 9.75, 9.98, 0.3856, 1.006
2025/07/03 10:36:43, 401.22, 86.01, 19.31, 34.18, 13.78, 13.53, 13.56, 0.3655, 1.006
2025/07/03 10:41:43, 439.64, 85.91, 18.33, 33.84, 11.79, 11.31, 11.31, 0.3521, 1.006
2025/07/03 10:46:43, 439.55, 85.91, 19.63, 31.77, 11.50, 12.60, 14.37, 0.0, 0.0
2025/07/03 10:51:43, 439.55, 85.95, 19.60, 31.65, 13.07, 14.07, 14.78, 0.0, 0.0
2025/07/03 10:56:43, 440.08, 85.85, 17.35, 36.83, 9.94, 10.08, 10.78, 0.2515, 1.006
2025/07/03 11:01:43, 363.42, 86.01, 18.13, 32.88, 9.71, 9.49, 10.19, 0.0, 0.0
2025/07/03 11:06:43, 424.69, 85.91, 18.19, 35.11, 10.78, 10.89, 11.73, 0.0, 0.0
2025/07/03 11:11:43, 429.97, 85.98, 17.66, 36.28, 12.35, 11.88, 12.16, 0.0, 0.0
2025/07/03 11:16:43, 429.97, 85.95, 17.48, 36.61, 11.10, 11.03, 11.98, 0.0, 0.0
2025/07/03 11:21:43, 429.35, 85.98, 19.56, 32.79, 12.71, 12.62, 13.28, 0.0, 0.0
2025/07/03 11:26:43, 429.35, 86.01, 22.81, 27.56, 16.54, 16.54, 17.03, 0.0, 0.0
2025/07/03 11:31:43, 429.35, 86.01, 25.89, 23.40, 19.67, 17.92, 15.32, 0.0, 0.0
2025/07/03 11:36:43, 429.35, 85.95, 23.62, 25.46, 13.98, 14.69, 14.53, 0.0, 0.0
2025/07/03 11:41:43, 429.35, 85.82, 21.51, 27.71, 12.35, 13.81, 15.37, 0.0, 0.0
2025/07/03 11:46:43, 429.35, 85.88, 20.86, 28.81, 13.28, 14.35, 15.75, 0.0, 0.0
2025/07/03 11:51:43, 401.66, 86.01, 18.91, 32.48, 13.35, 11.95, 12.28, 0.0, 0.0
2025/07/03 11:56:43, 401.66, 86.07, 19.67, 31.62, 14.24, 12.58, 12.09, 0.0, 0.0
2025/07/03 12:01:43, 396.03, 85.98, 20.09, 28.46, 12.04, 10.78, 11.86, 0.0939, 1.509
2025/07/03 12:06:43, 386.98, 85.98, 17.50, 34.04, 10.34, 10.00, 10.87, 0.8014, 1.509
2025/07/03 12:11:43, 386.98, 86.01, 18.75, 31.60, 14.05, 12.71, 14.01, 0.228, 1.006
2025/07/03 12:16:43, 397.26, 86.01, 17.44, 33.55, 12.53, 11.75, 12.85, 0.6505, 1.006
2025/07/03 12:21:43, 405.53, 85.98, 16.36, 35.62, 10.41, 9.38, 10.43, 0.9658, 1.509
2025/07/03 12:26:43, 417.57, 85.98, 12.58, 43.97, 6.96, 7.35, 8.02, 1.2508, 1.509
2025/07/03 12:31:43, 417.48, 85.98, 11.54, 48.13, 7.18, 6.92, 7.45, 1.3782, 1.509
2025/07/03 12:36:43, 425.75, 85.91, 11.68, 48.70, 7.26, 7.57, 8.14, 1.0831, 1.509
2025/07/03 12:41:43, 429.53, 85.91, 11.22, 52.30, 6.96, 7.38, 8.45, 0.7947, 1.509
2025/07/03 12:46:43, 445.35, 85.95, 10.89, 52.75, 7.57, 8.38, 9.66, 0.6908, 1.006
2025/07/03 12:51:43, 445.18, 86.01, 13.40, 46.85, 10.87, 10.12, 9.77, 0.1744, 0.503
2025/07/03 12:56:43, 395.86, 86.04, 15.41, 38.74, 10.17, 9.16, 9.80, 0.2347, 1.006
2025/07/03 13:01:43, 400.25, 86.01, 17.10, 36.69, 13.05, 10.62, 11.07, 0.7679, 1.006
2025/07/03 13:06:43, 400.96, 86.04, 15.50, 39.13, 9.96, 8.81, 9.54, 0.845, 1.006
2025/07/03 13:11:43, 400.87, 86.10, 16.15, 39.33, 11.70, 9.61, 10.05, 0.5432, 1.006
2025/07/03 13:16:43, 404.30, 86.01, 15.55, 40.33, 10.64, 9.54, 9.98, 0.7646, 1.006
2025/07/03 13:21:43, 404.30, 86.04, 17.86, 35.20, 12.14, 11.31, 11.47, 0.6103, 1.006
2025/07/03 13:26:43, 404.30, 86.04, 16.74, 36.36, 12.00, 10.24, 10.62, 0.9993, 1.509
2025/07/03 13:31:43, 404.30, 86.04, 17.39, 36.19, 13.12, 10.89, 11.12, 0.9088, 1.509
2025/07/03 13:36:43, 403.15, 86.04, 16.22, 36.47, 11.36, 10.10, 10.59, 0.7646, 1.509
2025/07/03 13:41:43, 402.63, 86.07, 15.50, 38.41, 11.68, 10.24, 10.71, 0.9591, 1.509
2025/07/03 13:46:43, 402.80, 86.04, 16.43, 38.60, 12.51, 10.96, 11.45, 1.0362, 1.509
2025/07/03 13:51:43, 415.90, 86.01, 15.48, 37.85, 9.52, 9.77, 10.22, 1.0831, 1.509
2025/07/03 13:56:43, 422.32, 85.98, 14.28, 42.21, 8.60, 9.02, 9.59, 1.3447, 2.012
2025/07/03 14:01:43, 429.53, 85.98, 13.60, 44.93, 8.34, 8.78, 9.71, 1.2374, 1.509
2025/07/03 14:06:43, 429.53, 86.01, 14.44, 43.13, 10.31, 11.31, 11.79, 0.9389, 1.509
2025/07/03 14:11:43, 429.53, 86.07, 14.44, 43.13, 9.64, 11.29, 12.32, 0.2481, 1.006
2025/07/03 14:16:43, 430.41, 86.04, 13.96, 44.25, 9.57, 10.93, 12.23, 0.0, 0.0
2025/07/03 14:21:43, 451.15, 86.01, 12.32, 48.95, 6.77, 7.14, 8.17, 0.3487, 1.509
2025/07/03 14:26:43, 457.04, 86.01, 11.05, 53.59, 6.39, 6.82, 7.60, 0.7344, 1.509
2025/07/03 14:31:43, 459.15, 86.04, 11.14, 56.06, 6.48, 6.82, 7.45, 0.2716, 1.006
2025/07/03 14:36:43, 459.15, 86.01, 13.00, 53.25, 8.83, 8.99, 9.52, 0.0838, 0.503
2025/07/03 14:41:43, 428.91, 86.04, 15.77, 42.57, 11.82, 10.62, 10.66, 0.0, 0.0
2025/07/03 14:46:43, 415.81, 86.07, 17.44, 37.44, 12.18, 10.27, 10.48, 0.0, 0.0
2025/07/03 14:51:43, 415.29, 86.10, 16.83, 37.20, 11.50, 9.21, 9.57, 0.0, 0.0
2025/07/03 14:56:43, 415.29, 86.10, 16.47, 37.81, 12.00, 9.91, 10.48, 0.0, 0.0
2025/07/03 15:01:43, 394.45, 86.10, 13.44, 43.90, 8.29, 7.93, 8.90, 0.4192, 1.006
2025/07/03 15:06:43, 406.49, 86.01, 13.42, 47.57, 8.31, 7.95, 7.97, 0.6338, 1.006
2025/07/03 15:11:43, 406.49, 86.04, 13.51, 48.55, 8.88, 9.09, 10.05, 0.4795, 1.006
2025/07/03 15:16:43, 370.80, 86.10, 11.88, 50.03, 7.33, 7.11, 7.81, 0.0771, 0.503
2025/07/03 15:21:43, 385.04, 86.10, 11.50, 53.23, 8.38, 7.67, 8.31, 0.0, 0.0
2025/07/03 15:26:43, 388.47, 86.07, 10.05, 56.82, 6.51, 6.09, 6.65, 0.2213, 1.509
2025/07/03 15:31:43, 375.90, 86.07, 8.76, 62.94, 5.77, 5.60, 5.92, 1.5928, 2.012
2025/07/03 15:36:43, 368.34, 86.04, 8.69, 62.93, 5.43, 5.31, 5.75, 1.3816, 2.012
2025/07/03 15:41:43, 386.54, 86.07, 8.99, 62.97, 6.92, 6.70, 7.16, 1.5291, 2.012
2025/07/03 15:46:43, 390.14, 86.07, 11.29, 58.09, 9.64, 8.31, 8.62, 1.0865, 1.509
2025/07/03 15:51:43, 390.14, 86.10, 11.50, 52.67, 8.02, 7.28, 7.45, 0.9658, 1.509
2025/07/03 15:56:43, 392.87, 86.10, 11.29, 51.75, 9.26, 8.50, 8.90, 1.1804, 1.509
2025/07/03 16:01:43, 392.87, 86.07, 11.17, 52.19, 8.36, 7.79, 8.19, 1.1301, 1.509
2025/07/03 16:06:43, 392.96, 86.10, 11.77, 51.92, 9.68, 9.26, 9.77, 0.835, 1.509
2025/07/03 16:11:43, 392.96, 86.10, 13.17, 47.17, 10.62, 10.10, 10.19, 0.0738, 1.006
2025/07/03 16:16:43, 398.67, 86.10, 14.47, 43.54, 10.12, 9.71, 10.08, 0.3353, 1.006
2025/07/03 16:21:43, 398.67, 86.13, 14.56, 43.48, 10.48, 9.11, 9.30, 0.0067, 0.503
2025/07/03 16:26:43, 403.15, 86.10, 14.03, 45.68, 10.19, 9.26, 9.30, 0.0, 0.0
2025/07/03 16:31:43, 407.29, 86.10, 13.60, 46.46, 8.69, 8.74, 8.95, 0.0, 0.0
2025/07/03 16:36:43, 411.95, 86.07, 12.60, 49.20, 7.97, 8.17, 8.34, 0.0, 0.0
2025/07/03 16:41:43, 420.47, 86.07, 11.84, 51.78, 7.74, 8.00, 8.29, 0.5634, 1.006
2025/07/03 16:46:43, 429.97, 86.04, 10.68, 54.70, 6.19, 6.29, 6.75, 0.8014, 1.006
2025/07/03 16:51:43, 432.08, 86.10, 10.29, 56.89, 7.06, 7.11, 7.35, 0.6472, 1.006
2025/07/03 16:56:43, 415.20, 86.07, 10.68, 54.93, 7.38, 7.35, 7.74, 0.6673, 2.012
2025/07/03 17:01:43, 398.05, 86.10, 9.68, 57.30, 6.19, 5.51, 5.73, 0.9423, 1.509
2025/07/03 17:06:43, 403.33, 86.07, 9.38, 60.12, 7.18, 5.94, 6.21, 1.0194, 1.509
2025/07/03 17:11:43, 403.95, 86.10, 9.66, 57.22, 6.53, 5.65, 6.01, 1.1468, 1.509
2025/07/03 17:16:43, 404.03, 86.10, 10.57, 56.03, 7.86, 6.46, 6.58, 0.9792, 1.509
2025/07/03 17:21:43, 404.03, 86.13, 10.62, 54.73, 6.82, 5.63, 6.09, 0.7411, 1.006
2025/07/03 17:26:43, 404.03, 86.10, 10.50, 57.03, 7.31, 5.92, 6.01, 0.6841, 1.006
2025/07/03 17:31:43, 419.42, 86.07, 8.57, 63.36, 4.93, 4.86, 4.95, 0.4393, 1.006
2025/07/03 17:36:43, 432.96, 86.07, 7.60, 66.96, 4.88, 5.10, 5.55, 0.0469, 0.503
2025/07/03 17:41:43, 432.96, 86.07, 7.55, 68.47, 4.69, 4.71, 5.13, 0.0, 0.0
2025/07/03 17:46:43, 432.25, 86.10, 8.02, 64.99, 6.04, 5.85, 6.06, 0.0, 0.0
2025/07/03 17:51:43, 426.45, 86.07, 8.74, 63.23, 5.94, 5.60, 5.77, 0.5231, 1.006
2025/07/03 17:56:43, 426.54, 86.07, 7.79, 66.58, 5.13, 5.21, 5.55, 1.0831, 1.509
2025/07/03 18:01:43, 428.82, 86.07, 7.23, 70.02, 4.66, 4.31, 4.21, 0.9691, 1.509
2025/07/03 18:06:43, 430.41, 86.07, 6.19, 75.80, 3.85, 3.58, 3.70, 0.7545, 1.006
2025/07/03 18:11:43, 431.46, 86.10, 5.63, 80.54, 3.68, 3.58, 3.55, 0.3823, 1.006
2025/07/03 18:16:43, 436.74, 86.10, 5.33, 83.00, 3.45, 3.40, 3.32, 0.0671, 1.006
2025/07/03 18:21:43, 434.54, 86.13, 5.41, 81.35, 3.65, 3.90, 4.05, 0.0, 0.0
2025/07/03 18:26:43, 442.27, 86.07, 4.64, 85.12, 2.86, 2.84, 2.91, 0.7076, 1.509
2025/07/03 18:31:43, 442.27, 86.10, 4.81, 89.53, 3.35, 2.84, 2.68, 0.2917, 1.006
2025/07/03 18:36:43, 442.27, 86.13, 5.00, 87.32, 3.14, 2.99, 3.01, 0.0268, 1.006
2025/07/03 18:41:43, 433.13, 86.10, 4.69, 84.76, 3.17, 3.45, 3.68, 0.8886, 1.509
2025/07/03 18:46:43, 455.64, 86.10, 4.21, 89.52, 2.78, 2.63, 2.58, 0.9523, 1.509
2025/07/03 18:51:43, 474.45, 86.10, 4.03, 87.91, 2.53, 2.56, 2.68, 0.7746, 1.006
2025/07/03 18:56:43, 387.42, 86.13, 4.51, 86.60, 3.37, 3.17, 3.09, 0.1677, 1.006
2025/07/03 19:01:43, 387.51, 86.13, 4.73, 86.72, 3.90, 3.25, 3.04, 0.7612, 1.006
2025/07/03 19:06:43, 395.33, 86.13, 4.95, 85.98, 4.13, 3.04, 3.01, 0.8115, 1.509
2025/07/03 19:11:43, 395.33, 86.10, 5.73, 83.95, 4.39, 3.63, 3.40, 0.3722, 1.006
2025/07/03 19:16:43, 391.29, 86.13, 4.91, 78.14, 2.73, 2.40, 2.48, 0.6673, 1.509
2025/07/03 19:21:43, 411.95, 86.13, 4.73, 85.83, 3.53, 3.35, 3.27, 1.1334, 1.509
2025/07/03 19:26:43, 431.73, 86.13, 4.64, 83.43, 2.84, 2.68, 2.68, 0.9322, 1.509
2025/07/03 19:31:43, 431.64, 86.13, 4.69, 85.50, 3.37, 3.30, 3.40, 0.6941, 1.006
2025/07/03 19:36:43, 445.53, 86.13, 4.44, 89.31, 3.04, 2.40, 2.32, 0.607, 1.006
2025/07/03 19:41:43, 453.35, 86.13, 4.28, 90.24, 2.86, 2.45, 2.27, 0.6606, 1.006
2025/07/03 19:46:43, 453.35, 86.13, 4.31, 91.42, 3.19, 2.50, 2.22, 0.5701, 1.006
2025/07/03 19:51:43, 453.70, 86.16, 4.21, 92.46, 3.17, 2.50, 2.16, 0.0, 0.0
2025/07/03 19:56:43, 446.32, 86.16, 4.08, 91.01, 2.84, 2.61, 2.43, 0.3018, 1.006
2025/07/03 20:01:43, 428.65, 86.16, 3.60, 88.13, 2.27, 2.19, 2.16, 0.8551, 1.509
2025/07/03 20:06:43, 438.49, 86.16, 3.19, 93.73, 2.16, 1.90, 1.90, 0.9959, 1.509
2025/07/03 20:11:43, 442.10, 86.16, 3.70, 97.10, 2.99, 2.37, 1.93, 0.607, 1.006
2025/07/03 20:16:43, 408.60, 86.20, 3.27, 92.06, 2.22, 1.95, 1.83, 0.6807, 1.006
2025/07/03 20:21:43, 408.69, 86.16, 3.01, 94.98, 2.40, 2.08, 1.80, 0.0436, 0.503
2025/07/03 20:26:43, 408.69, 86.16, 3.12, 95.44, 2.43, 2.08, 1.77, 0.0, 0.0
2025/07/03 20:31:43, 408.69, 86.16, 3.53, 97.03, 3.25, 3.01, 2.53, 0.0, 0.0
2025/07/03 20:36:43, 397.44, 86.16, 3.01, 95.13, 2.19, 1.70, 1.57, 0.2917, 1.006
2025/07/03 20:41:43, 397.44, 86.16, 3.19, 97.22, 2.68, 1.90, 1.57, 0.1945, 1.006
2025/07/03 20:46:43, 397.70, 86.20, 3.25, 97.52, 2.68, 1.83, 1.33, 0.0, 0.0
2025/07/03 20:51:43, 401.66, 86.16, 3.25, 98.69, 2.89, 2.71, 1.80, 0.0101, 0.503
2025/07/03 20:56:43, 416.08, 86.16, 3.09, 97.23, 2.48, 2.11, 1.67, 0.3353, 1.509
2025/07/03 21:01:43, 453.26, 86.16, 2.78, 99.81, 2.27, 1.72, 1.33, 0.9054, 1.509
2025/07/03 21:06:43, 453.26, 86.20, 2.86, 100.00, 2.32, 1.70, 1.43, 0.6673, 1.006
2025/07/03 21:11:43, 435.24, 86.20, 2.48, 99.67, 2.06, 1.90, 1.77, 0.2414, 1.006
2025/07/03 21:16:43, 434.63, 86.20, 2.50, 100.00, 2.40, 2.16, 1.67, 0.1241, 1.006
2025/07/03 21:21:43, 434.63, 86.20, 2.58, 100.00, 2.48, 2.32, 1.95, 0.0, 0.0
2025/07/03 21:26:43, 432.87, 86.20, 2.43, 100.00, 2.08, 1.85, 1.49, 0.0436, 0.503
2025/07/03 21:31:43, 432.87, 86.20, 2.37, 100.00, 2.27, 2.06, 1.41, 0.0, 0.0
2025/07/03 21:36:43, 432.87, 86.20, 2.43, 100.00, 2.45, 2.35, 1.93, 0.0, 0.0
2025/07/03 21:41:43, 432.87, 86.20, 2.50, 100.00, 2.43, 2.27, 1.98, 0.0, 0.0
2025/07/03 21:46:43, 432.87, 86.23, 2.35, 100.00, 2.16, 2.00, 1.72, 0.0, 0.0
2025/07/03 21:51:43, 432.87, 86.20, 2.24, 100.00, 2.14, 2.06, 1.90, 0.0, 0.0
2025/07/03 21:56:43, 435.07, 86.23, 2.16, 100.00, 2.11, 2.06, 2.00, 0.0, 0.0
2025/07/03 22:01:43, 437.53, 86.23, 2.24, 100.00, 2.27, 2.22, 2.14, 0.0101, 0.503
2025/07/03 22:06:43, 591.46, 86.20, 2.48, 100.00, 2.58, 2.40, 2.11, 0.1643, 1.006
2025/07/03 22:11:43, 612.91, 86.23, 2.58, 100.00, 2.58, 2.50, 2.27, 0.6539, 1.509
2025/07/03 22:16:43, 612.91, 86.23, 2.45, 100.00, 2.06, 1.93, 1.75, 0.1341, 1.006
2025/07/03 22:21:43, 612.91, 86.23, 2.16, 100.00, 2.16, 2.08, 1.95, 0.0, 0.0
2025/07/03 22:26:43, 612.91, 86.23, 2.40, 100.00, 2.58, 2.43, 2.27, 0.0, 0.0
2025/07/03 22:31:43, 612.91, 86.23, 2.48, 100.00, 2.37, 2.08, 1.85, 0.0, 0.0
2025/07/03 22:36:43, 389.35, 86.23, 2.11, 100.00, 2.06, 1.95, 1.72, 0.171, 1.006
2025/07/03 22:41:43, 397.18, 86.23, 2.06, 100.00, 2.11, 1.98, 1.77, 0.0, 0.0
2025/07/03 22:46:43, 436.21, 86.23, 2.08, 100.00, 2.08, 1.90, 1.67, 0.0, 0.0
2025/07/03 22:51:43, 436.21, 86.23, 2.27, 100.00, 2.32, 2.22, 2.03, 0.0, 0.0
2025/07/03 22:56:43, 436.30, 86.23, 2.30, 100.00, 2.32, 2.19, 1.85, 0.0, 0.0
2025/07/03 23:01:43, 437.79, 86.23, 2.37, 100.00, 2.40, 2.27, 1.95, 0.0, 0.0
2025/07/03 23:06:43, 410.10, 86.26, 1.98, 100.00, 1.64, 1.46, 1.19, 0.0, 0.0
2025/07/03 23:11:43, 409.66, 86.26, 1.98, 100.00, 1.95, 1.77, 1.46, 0.0, 0.0
2025/07/03 23:16:43, 409.66, 86.23, 2.08, 100.00, 2.14, 1.95, 1.64, 0.0, 0.0
2025/07/03 23:21:43, 486.93, 86.23, 2.30, 100.00, 2.32, 2.19, 2.06, 0.0, 0.0
2025/07/03 23:26:43, 560.16, 86.26, 2.43, 100.00, 2.40, 2.35, 2.27, 0.0, 0.0
2025/07/03 23:31:43, 557.70, 86.26, 2.14, 100.00, 1.75, 1.46, 1.27, 0.0, 0.0
2025/07/03 23:36:43, 557.70, 86.23, 2.22, 100.00, 2.32, 2.00, 1.64, 0.0, 0.0
2025/07/03 23:41:43, 588.56, 86.26, 2.43, 100.00, 2.50, 2.48, 2.45, 0.0, 0.0
2025/07/03 23:46:43, 683.59, 86.26, 2.11, 100.00, 2.16, 2.06, 1.95, 0.1341, 1.006
2025/07/03 23:51:43, 685.00, 86.23, 2.14, 100.00, 2.06, 1.88, 1.25, 0.0, 0.0
2025/07/03 23:56:43, 384.16, 86.23, 1.80, 100.00, 1.59, 1.22, 1.03, 0.4091, 2.012
2025/07/04 0:01:43, 402.54, 86.23, 1.51, 100.00, 1.51, 1.22, 0.85, 1.006, 1.509
2025/07/04 0:06:43, 404.91, 86.26, 1.98, 100.00, 1.75, 1.41, 1.11, 0.2917, 1.509
2025/07/04 0:11:43, 403.07, 86.26, 1.49, 100.00, 1.27, 1.03, 0.82, 0.9356, 1.509
2025/07/04 0:16:43, 426.10, 86.26, 1.64, 100.00, 1.75, 1.38, 1.22, 0.228, 1.006
2025/07/04 0:21:43, 440.60, 86.23, 2.11, 100.00, 2.06, 1.95, 1.64, 0.0, 0.0
2025/07/04 0:26:43, 454.41, 86.23, 2.06, 100.00, 1.88, 1.62, 1.25, 0.7679, 1.509
2025/07/04 0:31:43, 454.41, 86.23, 2.06, 100.00, 1.95, 1.59, 1.17, 0.0268, 0.503
2025/07/04 0:36:43, 494.23, 86.23, 2.14, 100.00, 2.22, 1.90, 1.43, 0.1073, 1.006
2025/07/04 0:41:43, 494.14, 86.26, 1.95, 100.00, 1.30, 1.11, 0.93, 0.0, 0.0
2025/07/04 0:46:43, 489.22, 86.23, 1.67, 100.00, 1.83, 1.70, 1.57, 0.0, 0.0
2025/07/04 0:51:43, 496.69, 86.26, 2.08, 100.00, 2.16, 2.00, 1.70, 0.0, 0.0
2025/07/04 0:56:43, 552.43, 86.23, 2.37, 100.00, 2.43, 2.35, 1.98, 0.5734, 1.509
2025/07/04 1:01:43, 550.67, 86.23, 2.16, 100.00, 2.03, 1.85, 1.54, 0.0, 0.0
2025/07/04 1:06:43, 550.67, 86.26, 2.11, 100.00, 2.06, 2.00, 1.95, 0.0, 0.0
2025/07/04 1:11:43, 529.04, 86.23, 1.98, 100.00, 2.03, 1.90, 1.54, 0.114, 0.503
2025/07/04 1:16:43, 529.04, 86.26, 1.85, 100.00, 1.75, 1.67, 1.43, 0.0268, 0.503
2025/07/04 1:21:43, 530.63, 86.26, 1.75, 100.00, 1.70, 1.59, 1.43, 0.0, 0.0
2025/07/04 1:26:43, 530.63, 86.26, 1.72, 100.00, 1.59, 1.43, 1.22, 0.0268, 0.503
2025/07/04 1:31:43, 530.54, 86.26, 1.33, 100.00, 1.22, 1.17, 1.03, 0.0, 0.0
2025/07/04 1:36:43, 530.63, 86.26, 1.35, 100.00, 1.46, 1.43, 1.38, 0.0, 0.0
2025/07/04 1:41:43, 525.97, 86.26, 1.54, 100.00, 1.77, 1.75, 1.64, 0.0, 0.0
2025/07/04 1:46:43, 525.97, 86.26, 1.72, 100.00, 1.85, 1.80, 1.35, 0.0, 0.0
2025/07/04 1:51:43, 396.91, 86.26, 1.49, 100.00, 1.11, 0.79, 0.64, 0.5265, 1.006
2025/07/04 1:56:43, 411.95, 86.26, 1.70, 100.00, 1.62, 1.19, 0.87, 1.0563, 1.509
2025/07/04 2:01:43, 402.54, 86.26, 1.41, 100.00, 1.35, 1.03, 0.82, 1.1267, 1.509
2025/07/04 2:06:43, 407.37, 86.26, 1.38, 100.00, 1.35, 1.17, 1.00, 0.664, 1.509
2025/07/04 2:11:43, 429.97, 86.26, 1.75, 100.00, 2.14, 1.95, 1.75, 0.2481, 1.006
2025/07/04 2:16:43, 464.34, 86.26, 1.93, 100.00, 1.85, 1.72, 1.62, 0.0, 0.0
2025/07/04 2:21:43, 465.31, 86.26, 1.54, 100.00, 1.14, 1.03, 1.03, 0.0, 0.0
2025/07/04 2:26:43, 465.22, 86.23, 1.62, 100.00, 1.49, 1.33, 1.11, 0.275, 1.006
2025/07/04 2:31:43, 544.34, 86.26, 1.85, 100.00, 2.08, 2.00, 1.90, 0.0235, 1.006
2025/07/04 2:36:43, 545.48, 86.26, 2.06, 100.00, 2.08, 1.95, 1.77, 0.332, 1.006
2025/07/04 2:41:43, 529.57, 86.26, 1.67, 100.00, 1.64, 1.43, 1.25, 0.6807, 1.509
2025/07/04 2:46:43, 546.45, 86.26, 1.93, 100.00, 1.85, 1.72, 1.57, 1.2541, 1.509
2025/07/04 2:51:43, 555.77, 86.26, 1.95, 100.00, 1.98, 1.88, 1.70, 1.1334, 2.012
2025/07/04 2:56:43, 570.27, 86.23, 1.85, 100.00, 1.70, 1.64, 1.54, 1.1904, 2.012
2025/07/04 3:01:43, 568.43, 86.23, 1.88, 100.00, 1.77, 1.62, 1.43, 1.12, 1.509
2025/07/04 3:06:43, 565.88, 86.26, 1.98, 100.00, 1.93, 1.77, 1.59, 1.0731, 1.509
2025/07/04 3:11:43, 578.54, 86.23, 2.06, 100.00, 2.22, 2.06, 1.88, 1.1737, 2.012
2025/07/04 3:16:43, 604.30, 86.26, 2.06, 100.00, 1.95, 1.80, 1.59, 1.1468, 2.012
2025/07/04 3:21:43, 625.66, 86.23, 2.00, 100.00, 2.11, 2.00, 1.70, 0.2783, 1.006
2025/07/04 3:26:43, 625.66, 86.23, 1.70, 100.00, 1.83, 1.72, 1.54, 0.0, 0.0
2025/07/04 3:31:43, 625.66, 86.23, 1.90, 100.00, 1.98, 1.85, 1.67, 0.0, 0.0
2025/07/04 3:36:43, 403.68, 86.23, 1.54, 100.00, 1.95, 1.90, 1.85, 0.4058, 1.509
2025/07/04 3:41:43, 405.53, 86.20, 1.57, 100.00, 1.54, 1.33, 1.14, 0.0, 0.0
2025/07/04 3:46:43, 433.48, 86.23, 1.54, 100.00, 1.43, 1.11, 0.90, 0.5835, 1.006
2025/07/04 3:51:43, 418.54, 86.23, 1.64, 100.00, 1.88, 1.64, 0.93, 0.7813, 1.006
2025/07/04 3:56:43, 418.54, 86.23, 1.85, 100.00, 1.98, 1.75, 1.30, 0.2884, 1.006
2025/07/04 4:01:43, 418.54, 86.23, 1.62, 100.00, 1.27, 1.22, 1.11, 0.0, 0.0
2025/07/04 4:06:43, 418.63, 86.23, 1.90, 100.00, 1.95, 1.80, 1.33, 0.0, 0.0
2025/07/04 4:11:43, 425.57, 86.26, 2.06, 100.00, 2.11, 2.06, 1.93, 0.0, 0.0
2025/07/04 4:16:43, 388.56, 86.23, 2.00, 100.00, 2.00, 1.95, 1.90, 0.0, 0.0
2025/07/04 4:21:43, 388.56, 86.26, 1.95, 100.00, 1.88, 1.75, 1.54, 0.0, 0.0
2025/07/04 4:26:43, 388.56, 86.23, 2.08, 100.00, 2.11, 1.95, 1.46, 0.0, 0.0
2025/07/04 4:31:43, 388.56, 86.26, 2.16, 100.00, 2.06, 1.95, 1.64, 0.0, 0.0
2025/07/04 4:36:43, 388.56, 86.26, 2.19, 100.00, 2.06, 1.90, 1.70, 0.0, 0.0
2025/07/04 4:41:43, 388.56, 86.29, 2.32, 100.00, 2.30, 2.16, 1.98, 0.0, 0.0
2025/07/04 4:46:43, 388.56, 86.29, 2.58, 100.00, 2.58, 2.45, 2.16, 0.0, 0.0
2025/07/04 4:51:43, 337.84, 86.29, 2.71, 100.00, 2.50, 2.37, 2.27, 0.0, 0.0
2025/07/04 4:56:43, 337.84, 86.29, 2.71, 100.00, 2.35, 2.30, 2.16, 0.0, 0.0
2025/07/04 5:01:43, 364.38, 86.29, 2.50, 100.00, 2.37, 2.27, 1.83, 0.0, 0.0
2025/07/04 5:06:43, 366.41, 86.29, 2.45, 100.00, 2.27, 2.16, 1.95, 0.0, 0.0
2025/07/04 5:11:43, 366.41, 86.32, 2.45, 100.00, 2.16, 1.98, 1.85, 0.0, 0.0
2025/07/04 5:16:43, 381.35, 86.35, 2.19, 100.00, 2.00, 1.85, 1.64, 0.2113, 1.006
2025/07/04 5:21:43, 391.73, 86.38, 2.32, 100.00, 1.62, 1.35, 1.22, 0.0872, 1.006
2025/07/04 5:26:43, 416.78, 86.45, 2.58, 100.00, 2.16, 1.77, 1.57, 1.0529, 1.509
2025/07/04 5:31:43, 435.59, 86.38, 2.58, 100.00, 1.88, 1.67, 1.49, 0.9423, 1.509
2025/07/04 5:36:43, 445.35, 86.51, 2.78, 100.00, 2.61, 2.30, 1.62, 0.4795, 1.006
2025/07/04 5:41:43, 445.35, 86.54, 2.78, 100.00, 1.85, 1.75, 1.70, 0.0, 0.0
2025/07/04 5:46:43, 447.29, 86.51, 2.78, 100.00, 2.22, 2.00, 1.54, 0.0, 0.0
2025/07/04 5:51:43, 492.47, 86.48, 2.91, 100.00, 2.35, 2.11, 1.85, 0.1878, 1.006
2025/07/04 5:56:43, 492.47, 86.35, 2.53, 100.00, 1.88, 1.83, 1.80, 0.4158, 1.006
2025/07/04 6:01:43, 504.87, 86.57, 2.66, 100.00, 2.14, 1.90, 1.77, 0.1408, 1.006
2025/07/04 6:06:43, 516.74, 86.51, 2.81, 100.00, 2.43, 2.16, 1.90, 0.3052, 1.006
2025/07/04 6:11:43, 521.75, 86.41, 3.12, 100.00, 2.56, 2.32, 1.98, 0.0, 0.0
2025/07/04 6:16:43, 554.36, 86.60, 3.60, 100.00, 3.12, 3.12, 3.09, 0.0, 0.0
2025/07/04 6:21:43, 554.36, 86.76, 4.44, 100.00, 3.58, 3.53, 3.43, 0.0, 0.0
2025/07/04 6:26:43, 554.36, 86.60, 4.03, 100.00, 3.17, 3.04, 2.89, 0.0, 0.0
2025/07/04 6:31:43, 554.36, 86.79, 4.31, 100.00, 3.50, 3.40, 3.32, 0.0, 0.0
2025/07/04 6:36:43, 379.07, 86.85, 4.26, 100.00, 3.22, 3.22, 3.22, 0.275, 1.006
2025/07/04 6:41:43, 406.49, 86.76, 4.39, 100.00, 3.35, 3.19, 3.27, 1.167, 1.509
2025/07/04 6:46:43, 415.20, 86.76, 4.05, 100.00, 2.99, 2.96, 2.96, 0.9959, 1.509
2025/07/04 6:51:43, 430.76, 86.76, 3.93, 100.00, 2.78, 2.53, 2.45, 0.8014, 1.509
2025/07/04 6:56:43, 441.13, 86.69, 3.75, 100.00, 2.94, 2.56, 2.37, 0.8618, 1.006
2025/07/04 7:01:43, 441.31, 86.82, 3.50, 100.00, 2.56, 2.43, 2.37, 0.2951, 1.006
2025/07/04 7:06:43, 450.45, 87.01, 4.16, 100.00, 3.14, 2.73, 2.58, 0.0, 0.0
2025/07/04 7:11:43, 450.45, 86.94, 4.56, 100.00, 3.53, 2.89, 2.61, 0.0, 0.0
2025/07/04 7:16:43, 450.45, 87.01, 4.39, 100.00, 3.04, 3.04, 3.27, 0.0, 0.0
2025/07/04 7:21:43, 450.36, 87.13, 5.21, 100.00, 3.63, 3.58, 3.60, 0.0, 0.0
2025/07/04 7:26:43, 450.36, 87.10, 5.21, 100.00, 3.60, 3.43, 3.30, 0.0, 0.0
2025/07/04 7:31:43, 450.45, 86.98, 5.51, 100.00, 3.65, 3.60, 3.80, 0.0, 0.0
2025/07/04 7:36:43, 449.75, 86.91, 5.58, 100.00, 3.98, 3.83, 3.78, 0.0, 0.0
2025/07/04 7:41:43, 446.41, 86.88, 6.14, 100.00, 4.03, 3.73, 3.75, 0.0, 0.0
2025/07/04 7:46:43, 446.41, 86.88, 6.34, 100.00, 3.80, 3.43, 3.60, 0.0, 0.0
2025/07/04 7:51:43, 446.41, 86.60, 6.11, 98.80, 3.70, 3.65, 4.18, 0.0, 0.0
2025/07/04 7:56:43, 443.59, 86.23, 6.61, 93.70, 4.31, 4.31, 4.54, 0.0, 0.0
2025/07/04 8:01:43, 440.87, 86.10, 6.19, 90.52, 3.88, 3.60, 3.95, 0.0, 0.0
2025/07/04 8:06:43, 434.36, 86.13, 6.53, 88.04, 4.28, 3.95, 4.13, 0.0, 0.0
2025/07/04 8:11:43, 427.59, 86.13, 6.73, 84.86, 4.10, 3.65, 3.63, 0.0, 0.0
2025/07/04 8:16:43, 427.77, 86.10, 6.19, 84.18, 3.48, 3.40, 3.83, 0.0, 0.0
2025/07/04 8:21:43, 450.54, 86.10, 5.68, 87.48, 3.58, 3.25, 3.22, 0.0, 0.0
2025/07/04 8:26:43, 467.24, 86.13, 5.73, 88.33, 3.73, 3.40, 3.35, 0.0, 0.0
2025/07/04 8:31:43, 521.84, 86.07, 4.83, 91.15, 3.09, 2.81, 2.81, 0.6573, 2.012
2025/07/04 8:36:43, 540.12, 86.07, 4.61, 92.80, 3.45, 3.30, 3.27, 1.1603, 2.012
2025/07/04 8:41:43, 544.08, 86.07, 4.41, 93.57, 3.43, 3.37, 3.45, 1.0932, 1.509
2025/07/04 8:46:43, 543.46, 86.07, 4.76, 93.52, 3.65, 3.60, 3.68, 0.788, 1.509
2025/07/04 8:51:43, 516.47, 86.07, 5.53, 89.55, 3.70, 3.53, 3.53, 0.2381, 1.006
2025/07/04 8:56:43, 616.69, 86.10, 7.18, 80.32, 5.53, 5.53, 5.89, 0.1643, 1.509
2025/07/04 9:01:43, 616.69, 86.10, 8.55, 75.25, 6.41, 6.39, 6.53, 0.104, 1.006
2025/07/04 9:06:43, 544.60, 86.10, 8.21, 72.05, 4.86, 5.13, 5.92, 0.0268, 0.503
2025/07/04 9:11:43, 485.18, 86.10, 7.97, 72.38, 5.13, 5.80, 6.99, 0.2314, 1.006
2025/07/04 9:16:43, 485.18, 86.10, 9.06, 70.62, 6.26, 6.94, 7.95, 0.2046, 1.006
2025/07/04 9:21:43, 485.18, 86.10, 9.09, 68.36, 5.75, 6.11, 6.87, 0.0, 0.0
2025/07/04 9:26:43, 444.74, 86.13, 11.05, 62.20, 8.36, 8.92, 9.73, 0.0805, 1.006
2025/07/04 9:31:43, 464.52, 86.16, 11.50, 57.00, 5.51, 6.14, 6.87, 0.0, 0.0
2025/07/04 9:36:43, 488.69, 86.13, 10.00, 62.80, 5.58, 6.01, 6.63, 0.0805, 1.006
2025/07/04 9:41:43, 488.69, 86.13, 11.03, 58.73, 6.04, 6.39, 6.87, 0.1811, 1.006
2025/07/04 9:46:43, 488.78, 86.10, 10.34, 60.84, 5.77, 5.94, 6.39, 0.0, 0.0
2025/07/04 9:51:43, 488.78, 86.13, 11.00, 59.47, 6.53, 6.58, 7.50, 0.1677, 1.006
2025/07/04 9:56:43, 488.69, 86.10, 12.23, 54.96, 8.41, 8.36, 8.99, 0.0, 0.0
2025/07/04 10:01:43, 488.60, 86.13, 14.58, 47.57, 10.84, 9.87, 9.87, 0.0, 0.0
2025/07/04 10:06:43, 488.60, 86.10, 17.46, 41.14, 13.67, 10.93, 9.64, 0.0, 0.0
2025/07/04 10:11:43, 394.10, 86.07, 16.40, 38.11, 8.99, 8.02, 8.50, 0.1978, 1.509
2025/07/04 10:16:43, 394.98, 86.01, 15.03, 43.18, 8.29, 8.21, 8.26, 0.2046, 1.006
2025/07/04 10:21:43, 394.98, 85.98, 14.10, 46.55, 8.12, 8.12, 8.21, 0.0, 0.0
2025/07/04 10:26:43, 394.89, 86.07, 14.47, 43.47, 8.31, 8.34, 9.23, 0.0771, 1.006
2025/07/04 10:31:43, 394.89, 86.13, 15.21, 42.37, 10.00, 8.76, 9.16, 0.0335, 1.006
2025/07/04 10:36:43, 384.52, 86.10, 12.78, 49.97, 9.11, 8.48, 8.90, 0.8585, 1.509
2025/07/04 10:41:43, 384.52, 86.10, 15.71, 43.58, 11.86, 11.14, 11.36, 0.0905, 1.006
2025/07/04 10:46:43, 384.60, 86.13, 14.03, 43.73, 8.83, 8.29, 9.02, 0.6371, 1.509
2025/07/04 10:51:43, 400.08, 86.10, 12.46, 47.77, 8.78, 8.00, 8.50, 1.1636, 2.012
2025/07/04 10:56:43, 394.89, 86.07, 11.05, 52.55, 8.43, 7.79, 8.07, 1.5828, 2.012
2025/07/04 11:01:43, 384.96, 86.07, 12.16, 48.26, 7.86, 7.71, 8.41, 0.9624, 1.509
2025/07/04 11:06:43, 375.02, 86.07, 10.38, 53.63, 6.26, 6.29, 6.85, 1.4017, 2.012
2025/07/04 11:11:43, 381.26, 86.07, 9.11, 59.16, 6.04, 5.94, 6.39, 1.6465, 2.012
2025/07/04 11:16:43, 383.99, 86.07, 9.54, 57.84, 7.06, 6.89, 7.40, 1.4788, 2.012
2025/07/04 11:21:43, 413.00, 86.01, 12.07, 49.15, 8.81, 8.88, 9.57, 1.1603, 1.509
2025/07/04 11:26:43, 406.14, 86.04, 13.49, 45.03, 10.38, 9.06, 9.35, 1.5325, 2.012
2025/07/04 11:31:43, 406.41, 86.07, 14.74, 42.74, 10.91, 9.16, 9.47, 1.3179, 1.509
2025/07/04 11:36:43, 419.95, 86.10, 13.96, 44.77, 9.02, 8.90, 9.45, 1.2575, 1.509
2025/07/04 11:41:43, 406.49, 86.07, 15.21, 41.85, 10.84, 9.28, 9.77, 1.0462, 1.509
2025/07/04 11:46:43, 408.43, 86.01, 16.06, 40.91, 12.16, 10.52, 10.89, 1.3547, 1.509
2025/07/04 11:51:43, 408.78, 86.07, 16.81, 38.52, 12.09, 10.87, 11.31, 1.2609, 2.012
2025/07/04 11:56:43, 399.99, 86.07, 15.32, 40.47, 10.78, 9.59, 10.17, 1.3078, 1.509
2025/07/04 12:01:43, 405.09, 86.04, 15.88, 41.91, 12.49, 10.89, 11.36, 1.2944, 2.012
2025/07/04 12:06:43, 415.90, 86.01, 15.41, 40.32, 9.71, 9.73, 10.36, 1.4621, 2.012
2025/07/04 12:11:43, 404.56, 86.07, 15.88, 39.01, 12.28, 10.78, 10.96, 1.177, 1.509
2025/07/04 12:16:43, 380.91, 86.07, 14.33, 42.22, 8.71, 8.31, 9.26, 1.0865, 2.012
2025/07/04 12:21:43, 391.55, 86.01, 12.69, 47.64, 9.57, 8.99, 9.57, 1.5224, 2.012
2025/07/04 12:26:43, 388.47, 86.04, 13.44, 47.01, 9.91, 9.75, 10.66, 1.4788, 2.012
2025/07/04 12:31:43, 387.95, 86.13, 15.50, 40.22, 12.96, 12.49, 13.94, 0.8283, 1.509
2025/07/04 12:36:43, 424.60, 86.01, 16.56, 36.88, 8.24, 8.29, 9.11, 0.2549, 1.006
2025/07/04 12:41:43, 429.97, 86.10, 14.71, 43.00, 9.68, 10.10, 10.87, 0.0034, 0.503
2025/07/04 12:46:43, 423.90, 86.04, 16.40, 39.20, 11.40, 11.03, 11.68, 0.7243, 1.509
2025/07/04 12:51:43, 423.90, 86.10, 17.44, 36.76, 9.98, 11.79, 14.01, 0.5097, 1.006
2025/07/04 12:56:43, 424.34, 86.04, 14.31, 44.36, 8.45, 9.42, 11.91, 0.6204, 1.006
2025/07/04 13:01:43, 432.25, 86.07, 14.24, 45.70, 9.09, 10.29, 13.05, 0.2347, 1.006
2025/07/04 13:06:43, 429.79, 86.10, 18.22, 35.99, 14.74, 13.72, 14.14, 0.0, 0.0
2025/07/04 13:11:43, 420.65, 86.07, 20.59, 31.68, 13.51, 13.47, 14.05, 0.3119, 1.006
2025/07/04 13:16:43, 423.37, 86.10, 17.92, 35.51, 9.40, 9.54, 10.38, 0.8417, 1.509
2025/07/04 13:21:43, 423.37, 86.04, 15.68, 41.44, 9.38, 9.91, 11.52, 0.3085, 1.006
2025/07/04 13:26:43, 423.11, 86.04, 18.78, 34.02, 11.40, 11.05, 11.47, 0.0, 0.0
2025/07/04 13:31:43, 402.36, 86.13, 16.49, 37.40, 10.12, 9.19, 10.17, 0.3689, 1.509
2025/07/04 13:36:43, 404.03, 86.07, 15.41, 40.40, 11.26, 9.19, 9.54, 1.2307, 1.509
2025/07/04 13:41:43, 409.48, 86.07, 16.18, 39.41, 11.86, 10.05, 10.64, 1.12, 1.509
2025/07/04 13:46:43, 409.48, 86.10, 15.03, 41.04, 10.50, 9.04, 9.68, 1.1267, 1.509
2025/07/04 13:51:43, 378.27, 86.10, 13.78, 43.59, 6.82, 6.73, 7.55, 0.835, 1.509
2025/07/04 13:56:43, 384.08, 86.10, 9.30, 58.55, 5.87, 5.65, 6.09, 1.6867, 2.515
2025/07/04 14:01:43, 382.23, 86.07, 9.14, 58.72, 6.14, 5.97, 6.51, 1.7706, 2.515
2025/07/04 14:06:43, 375.29, 86.07, 8.83, 59.31, 5.82, 5.80, 6.24, 1.8712, 2.515
2025/07/04 14:11:43, 363.68, 86.07, 8.67, 64.04, 5.82, 5.80, 6.21, 1.7437, 2.012
2025/07/04 14:16:43, 398.41, 86.10, 9.21, 59.40, 7.35, 6.92, 7.35, 1.4654, 2.012
2025/07/04 14:21:43, 403.68, 86.10, 10.05, 56.27, 8.50, 7.52, 7.76, 1.8209, 2.515
2025/07/04 14:26:43, 411.33, 86.07, 12.44, 49.11, 9.45, 8.92, 9.52, 1.4285, 2.012
2025/07/04 14:31:43, 417.48, 86.01, 13.47, 48.13, 8.19, 7.76, 7.97, 1.0697, 1.509
2025/07/04 14:36:43, 430.32, 86.01, 13.33, 46.81, 7.64, 7.64, 8.36, 0.9859, 1.509
2025/07/04 14:41:43, 435.24, 86.07, 12.94, 47.48, 7.81, 9.09, 11.12, 0.7713, 1.509
2025/07/04 14:46:43, 439.11, 86.10, 12.74, 48.55, 8.67, 9.75, 10.87, 0.1475, 1.006
2025/07/04 14:51:43, 419.33, 86.10, 15.21, 41.66, 10.52, 10.82, 11.36, 0.0738, 0.503
2025/07/04 14:56:43, 452.91, 86.07, 14.24, 44.01, 8.69, 9.02, 9.45, 0.2917, 1.006
2025/07/04 15:01:43, 452.91, 86.07, 14.56, 43.03, 8.81, 10.41, 12.21, 0.0, 0.0
2025/07/04 15:06:43, 479.37, 86.10, 12.09, 51.84, 6.44, 6.77, 7.55, 0.4393, 1.006
2025/07/04 15:11:43, 425.13, 86.07, 12.87, 49.53, 8.74, 8.83, 9.28, 0.6237, 1.006
2025/07/04 15:16:43, 425.66, 86.07, 13.65, 47.48, 7.93, 7.88, 8.02, 0.389, 1.006
2025/07/04 15:21:43, 432.25, 86.10, 12.83, 48.29, 7.62, 7.97, 8.36, 0.0, 0.0
2025/07/04 15:26:43, 445.18, 86.13, 11.52, 55.81, 6.11, 6.29, 6.87, 0.0, 0.0
2025/07/04 15:31:43, 477.18, 86.13, 10.75, 57.91, 6.19, 6.41, 7.04, 0.0101, 0.503
2025/07/04 15:36:43, 490.98, 86.13, 9.75, 60.13, 5.33, 5.51, 5.99, 0.1911, 1.006
2025/07/04 15:41:43, 490.27, 86.13, 9.68, 62.98, 5.82, 5.99, 6.51, 0.2046, 1.006
2025/07/04 15:46:43, 490.27, 86.13, 10.48, 61.12, 6.85, 7.26, 8.12, 0.0, 0.0
2025/07/04 15:51:43, 490.10, 86.10, 9.80, 61.33, 5.31, 5.55, 5.97, 0.0, 0.0
2025/07/04 15:56:43, 485.18, 86.13, 9.26, 64.97, 5.70, 5.73, 5.94, 0.4192, 1.006
2025/07/04 16:01:43, 485.26, 86.13, 10.05, 61.14, 6.19, 6.46, 6.85, 0.0, 0.0
2025/07/04 16:06:43, 485.26, 86.13, 10.75, 58.92, 6.96, 7.38, 8.02, 0.0, 0.0
2025/07/04 16:11:43, 406.67, 86.13, 11.70, 53.59, 6.87, 6.14, 6.29, 0.0, 0.0
2025/07/04 16:16:43, 397.97, 86.13, 10.73, 57.76, 7.76, 6.39, 6.70, 0.3286, 1.006
2025/07/04 16:21:43, 398.05, 86.16, 11.31, 54.96, 8.90, 7.69, 8.02, 0.6707, 1.006
2025/07/04 16:26:43, 388.21, 86.13, 9.30, 59.70, 5.26, 4.81, 5.23, 0.7511, 1.509
2025/07/04 16:31:43, 389.97, 86.13, 9.45, 62.03, 7.40, 6.36, 6.58, 0.9088, 1.509
2025/07/04 16:36:43, 392.78, 86.13, 8.50, 66.24, 6.04, 5.03, 5.18, 1.1938, 1.509
2025/07/04 16:41:43, 392.69, 86.10, 9.04, 62.42, 6.89, 6.01, 6.39, 1.0362, 1.509
2025/07/04 16:46:43, 404.38, 86.13, 10.12, 61.29, 7.90, 6.48, 6.68, 1.0295, 1.509
2025/07/04 16:51:43, 404.38, 86.13, 10.98, 58.28, 7.55, 6.87, 7.16, 0.7679, 1.006
2025/07/04 16:56:43, 404.47, 86.13, 10.80, 53.71, 6.44, 5.55, 6.21, 0.6874, 1.006
2025/07/04 17:01:43, 389.53, 86.13, 10.12, 56.01, 5.36, 4.98, 5.46, 0.7377, 1.509
2025/07/04 17:06:43, 389.62, 86.13, 8.53, 63.68, 5.89, 5.41, 5.77, 1.0965, 1.509
2025/07/04 17:11:43, 394.19, 86.13, 7.62, 65.27, 5.65, 5.18, 5.55, 1.281, 1.509
2025/07/04 17:16:43, 396.30, 86.07, 7.23, 68.80, 5.38, 4.91, 5.13, 1.5392, 2.012
2025/07/04 17:21:43, 386.27, 86.10, 6.34, 73.28, 3.93, 3.85, 4.13, 1.4989, 2.012
2025/07/04 17:26:43, 393.31, 86.07, 6.61, 77.16, 5.08, 4.66, 4.88, 1.3413, 1.509
2025/07/04 17:31:43, 397.35, 86.10, 6.63, 72.55, 5.18, 4.73, 5.10, 1.3883, 2.012
2025/07/04 17:36:43, 409.92, 86.07, 7.33, 69.40, 5.63, 4.91, 4.95, 1.2307, 1.509
2025/07/04 17:41:43, 411.59, 86.10, 7.79, 66.77, 5.65, 4.71, 4.78, 1.3749, 1.509
2025/07/04 17:46:43, 413.18, 86.10, 7.57, 69.77, 5.80, 4.95, 4.91, 1.4621, 2.515
2025/07/04 17:51:43, 398.14, 86.10, 7.06, 68.85, 4.46, 3.90, 4.10, 1.12, 1.509
2025/07/04 17:56:43, 404.30, 86.13, 7.64, 71.34, 5.80, 4.66, 4.76, 1.1133, 1.509
2025/07/04 18:01:43, 405.44, 86.13, 8.00, 71.83, 5.87, 4.71, 4.51, 0.7646, 1.006
2025/07/04 18:06:43, 399.81, 86.13, 7.09, 69.66, 4.39, 3.70, 3.83, 0.9691, 1.509
2025/07/04 18:11:43, 391.37, 86.10, 5.68, 78.49, 4.41, 3.93, 4.13, 1.1066, 1.509
2025/07/04 18:16:43, 401.92, 86.10, 6.53, 78.81, 4.54, 4.69, 4.98, 0.7646, 1.006
2025/07/04 18:21:43, 402.10, 86.13, 5.70, 76.83, 3.60, 3.19, 3.25, 1.0026, 1.509
2025/07/04 18:26:43, 394.27, 86.10, 4.26, 84.69, 2.89, 2.68, 2.76, 1.4118, 2.012
2025/07/04 18:31:43, 395.24, 86.13, 4.41, 86.22, 3.35, 2.91, 2.99, 0.9591, 1.509
2025/07/04 18:36:43, 395.24, 86.13, 4.10, 88.18, 3.04, 2.76, 2.86, 1.1133, 1.509
2025/07/04 18:41:43, 408.60, 86.10, 4.61, 89.41, 3.55, 3.30, 3.35, 1.2072, 1.509
2025/07/04 18:46:43, 408.69, 86.10, 5.18, 89.12, 4.10, 3.43, 3.04, 1.0127, 1.509
2025/07/04 18:51:43, 408.69, 86.13, 5.10, 87.63, 3.60, 3.30, 3.25, 0.9188, 1.509
2025/07/04 18:56:43, 417.57, 86.10, 4.61, 91.99, 3.45, 3.19, 3.04, 0.5701, 1.006
2025/07/04 19:01:43, 376.96, 86.10, 3.90, 91.45, 2.61, 2.22, 2.08, 0.5734, 1.509
2025/07/04 19:06:43, 377.13, 86.13, 4.08, 93.94, 2.91, 2.45, 2.24, 0.788, 1.509
2025/07/04 19:11:43, 377.13, 86.13, 3.85, 95.22, 2.68, 2.06, 1.90, 1.0362, 1.509
2025/07/04 19:16:43, 349.79, 86.13, 3.25, 96.61, 2.40, 2.16, 2.00, 1.1737, 2.012
2025/07/04 19:21:43, 360.69, 86.13, 2.94, 99.36, 2.14, 1.93, 1.85, 1.8678, 2.515
2025/07/04 19:26:43, 350.41, 86.13, 2.48, 99.53, 1.70, 1.64, 1.59, 1.5559, 2.012
2025/07/04 19:31:43, 364.30, 86.13, 2.86, 100.00, 1.93, 1.77, 1.70, 1.4654, 2.012
2025/07/04 19:36:43, 368.16, 86.13, 2.76, 100.00, 1.80, 1.67, 1.62, 1.5056, 2.012
2025/07/04 19:41:43, 376.96, 86.13, 2.22, 100.00, 1.59, 1.51, 1.54, 1.7974, 2.515
2025/07/04 19:46:43, 397.00, 86.16, 2.43, 100.00, 2.00, 1.80, 1.77, 1.5559, 2.012
2025/07/04 19:51:43, 391.02, 86.16, 2.35, 100.00, 1.88, 1.70, 1.70, 1.2441, 1.509
2025/07/04 19:56:43, 382.41, 86.20, 2.08, 100.00, 1.75, 1.64, 1.57, 1.5928, 2.012
2025/07/04 20:01:43, 384.16, 86.16, 2.22, 100.00, 1.83, 1.64, 1.57, 1.7337, 2.515
2025/07/04 20:06:43, 380.65, 86.16, 2.53, 100.00, 1.88, 1.64, 1.54, 1.3078, 2.012
2025/07/04 20:11:43, 377.48, 86.16, 1.95, 100.00, 1.54, 1.43, 1.35, 1.5023, 2.012
2025/07/04 20:16:43, 380.82, 86.20, 2.22, 100.00, 1.95, 1.75, 1.59, 1.0731, 2.012
2025/07/04 20:21:43, 389.18, 86.20, 2.22, 100.00, 1.70, 1.59, 1.62, 1.0697, 2.012
2025/07/04 20:26:43, 389.97, 86.20, 2.08, 100.00, 1.64, 1.49, 1.43, 1.0597, 1.509
2025/07/04 20:31:43, 391.55, 86.20, 1.93, 100.00, 1.59, 1.43, 1.35, 0.9121, 1.509
2025/07/04 20:36:43, 392.87, 86.20, 2.53, 100.00, 2.50, 2.06, 1.75, 0.5499, 1.509
2025/07/04 20:41:43, 392.78, 86.23, 2.43, 100.00, 1.77, 1.64, 1.49, 0.0, 0.0
2025/07/04 20:46:43, 392.87, 86.23, 2.32, 100.00, 2.16, 2.06, 1.54, 0.0, 0.0
2025/07/04 20:51:43, 392.78, 86.23, 2.43, 100.00, 2.32, 2.19, 1.75, 0.0, 0.0
2025/07/04 20:56:43, 394.27, 86.20, 2.84, 100.00, 2.76, 2.50, 1.88, 0.0, 0.0
2025/07/04 21:01:43, 438.76, 86.23, 3.14, 100.00, 3.12, 2.94, 2.43, 0.0, 0.0
2025/07/04 21:06:43, 453.00, 86.23, 2.99, 100.00, 2.86, 2.66, 2.19, 0.0, 0.0
2025/07/04 21:11:43, 521.92, 86.23, 2.94, 100.00, 2.68, 2.24, 1.80, 0.3152, 1.006
2025/07/04 21:16:43, 545.04, 86.23, 3.04, 100.00, 2.89, 2.71, 2.48, 0.104, 1.006
2025/07/04 21:21:43, 559.55, 86.23, 2.91, 100.00, 2.81, 2.68, 2.58, 0.1073, 1.006
2025/07/04 21:26:43, 559.55, 86.26, 2.86, 100.00, 2.78, 2.61, 2.45, 0.0, 0.0
2025/07/04 21:31:43, 428.82, 86.26, 2.50, 100.00, 2.35, 2.16, 1.75, 0.0, 0.0
2025/07/04 21:36:43, 389.09, 86.26, 2.19, 100.00, 1.64, 1.49, 1.35, 0.6137, 1.006
2025/07/04 21:41:43, 424.08, 86.23, 2.35, 100.00, 2.53, 2.27, 1.38, 0.0671, 0.503
2025/07/04 21:46:43, 444.12, 86.26, 2.48, 100.00, 2.48, 2.35, 1.88, 0.0805, 1.006
2025/07/04 21:51:43, 444.12, 86.26, 2.35, 100.00, 2.19, 1.98, 1.64, 0.0, 0.0
2025/07/04 21:56:43, 458.63, 86.26, 2.27, 100.00, 2.16, 1.95, 1.70, 0.0201, 0.503
2025/07/04 22:01:43, 462.23, 86.26, 2.48, 100.00, 2.27, 2.11, 1.95, 0.0067, 0.503
2025/07/04 22:06:43, 462.23, 86.23, 2.27, 100.00, 2.30, 2.16, 1.93, 0.0, 0.0
2025/07/04 22:11:43, 462.23, 86.26, 2.50, 100.00, 2.40, 2.08, 1.88, 0.0, 0.0
2025/07/04 22:16:43, 462.32, 86.26, 2.63, 100.00, 2.71, 2.61, 2.48, 0.0, 0.0
2025/07/04 22:21:43, 559.11, 86.29, 2.53, 100.00, 2.32, 2.08, 1.95, 0.0, 0.0
2025/07/04 22:26:43, 559.11, 86.26, 2.68, 100.00, 2.68, 2.50, 2.22, 0.0, 0.0
2025/07/04 22:31:43, 557.62, 86.26, 2.63, 100.00, 2.48, 2.11, 1.57, 0.0, 0.0
2025/07/04 22:36:43, 495.29, 86.26, 2.48, 100.00, 2.00, 1.75, 1.46, 0.1241, 1.006
2025/07/04 22:41:43, 494.76, 86.29, 1.90, 100.00, 1.43, 1.33, 1.14, 0.1308, 1.006
2025/07/04 22:46:43, 494.76, 86.26, 2.16, 100.00, 2.16, 2.11, 2.06, 0.0, 0.0
2025/07/04 22:51:43, 494.85, 86.26, 2.03, 100.00, 2.00, 1.95, 1.72, 0.0, 0.0
2025/07/04 22:56:43, 494.76, 86.26, 2.16, 100.00, 2.37, 2.27, 2.11, 0.0, 0.0
2025/07/04 23:01:43, 512.34, 86.26, 2.63, 100.00, 2.78, 2.71, 2.53, 0.0268, 0.503
2025/07/04 23:06:43, 626.98, 86.26, 2.58, 100.00, 2.50, 2.37, 2.16, 0.4292, 1.509
2025/07/04 23:11:43, 627.07, 86.26, 2.32, 100.00, 1.98, 1.85, 1.51, 0.0101, 0.503
2025/07/04 23:16:43, 639.64, 86.29, 2.14, 100.00, 2.06, 1.95, 1.70, 0.0, 0.0
2025/07/04 23:21:43, 684.82, 86.26, 1.98, 100.00, 2.06, 1.93, 1.49, 0.0, 0.0
2025/07/04 23:26:43, 684.91, 86.29, 2.19, 100.00, 2.35, 2.27, 2.06, 0.0, 0.0
2025/07/04 23:31:43, 684.82, 86.32, 2.22, 100.00, 2.19, 2.06, 1.77, 0.0, 0.0
2025/07/04 23:36:43, 345.04, 86.29, 2.06, 100.00, 1.90, 1.67, 1.27, 0.0, 0.0
2025/07/04 23:41:43, 345.13, 86.32, 2.03, 100.00, 1.85, 1.22, 0.79, 0.0, 0.0
2025/07/04 23:46:43, 398.76, 86.29, 1.83, 100.00, 1.41, 1.00, 0.82, 0.1475, 1.006
2025/07/04 23:51:43, 405.44, 86.29, 2.06, 100.00, 1.67, 1.27, 0.93, 0.161, 1.006
2025/07/04 23:56:43, 419.51, 86.29, 2.14, 100.00, 1.67, 1.22, 0.93, 0.5667, 1.006
2025/07/05 0:01:43, 419.51, 86.29, 2.19, 100.00, 2.11, 1.46, 1.06, 0.2515, 1.006
2025/07/05 0:06:43, 434.27, 86.29, 2.00, 100.00, 1.59, 1.38, 1.14, 0.6271, 1.006
2025/07/05 0:11:43, 421.97, 86.29, 2.00, 100.00, 2.06, 1.93, 1.75, 0.0101, 0.503
2025/07/05 0:16:43, 389.18, 86.32, 2.00, 100.00, 1.90, 1.67, 1.27, 0.2549, 1.006
2025/07/05 0:21:43, 391.29, 86.29, 1.90, 100.00, 1.83, 1.64, 1.43, 0.1878, 1.006
2025/07/05 0:26:43, 391.29, 86.32, 1.57, 100.00, 1.17, 1.00, 0.90, 0.0, 0.0
2025/07/05 0:31:43, 391.37, 86.29, 2.00, 100.00, 1.85, 1.54, 1.14, 0.0, 0.0
2025/07/05 0:36:43, 391.29, 86.32, 2.32, 100.00, 2.24, 1.67, 1.00, 0.0, 0.0
2025/07/05 0:41:43, 391.29, 86.29, 1.85, 100.00, 1.27, 0.93, 0.77, 0.0, 0.0
2025/07/05 0:46:43, 391.29, 86.29, 1.90, 100.00, 1.33, 0.87, 0.69, 0.0, 0.0
2025/07/05 0:51:43, 391.29, 86.32, 1.75, 100.00, 1.03, 0.77, 0.66, 0.4125, 1.006
2025/07/05 0:56:43, 391.29, 86.32, 2.27, 100.00, 2.37, 1.43, 0.90, 0.7243, 1.006
2025/07/05 1:01:43, 391.29, 86.29, 1.90, 100.00, 1.03, 0.90, 0.79, 0.7579, 1.006
2025/07/05 1:06:43, 404.03, 86.29, 1.51, 100.00, 0.85, 0.69, 0.61, 0.9624, 1.509
2025/07/05 1:11:43, 404.12, 86.29, 0.98, 100.00, 0.74, 0.64, 0.56, 0.9658, 1.509
2025/07/05 1:16:43, 404.03, 86.29, 0.82, 100.00, 0.74, 0.66, 0.58, 0.6908, 1.006
2025/07/05 1:21:43, 387.51, 86.32, 0.90, 100.00, 0.85, 0.74, 0.66, 0.8953, 1.509
2025/07/05 1:26:43, 376.69, 86.32, 0.93, 100.00, 0.87, 0.79, 0.72, 0.8685, 1.509
2025/07/05 1:31:43, 376.78, 86.32, 1.22, 100.00, 1.14, 1.00, 0.87, 0.9121, 1.509
2025/07/05 1:36:43, 376.78, 86.29, 2.16, 100.00, 1.30, 1.03, 0.87, 1.1703, 1.509
2025/07/05 1:41:43, 374.76, 86.32, 1.33, 100.00, 0.85, 0.74, 0.69, 1.1133, 1.509
2025/07/05 1:46:43, 405.70, 86.32, 0.90, 100.00, 0.69, 0.64, 0.58, 0.902, 1.509
2025/07/05 1:51:43, 395.51, 86.32, 0.93, 100.00, 0.90, 0.82, 0.74, 1.4218, 2.012
2025/07/05 1:56:43, 386.98, 86.32, 0.98, 100.00, 1.00, 0.90, 0.79, 1.3883, 2.012
2025/07/05 2:01:43, 382.05, 86.32, 1.19, 100.00, 1.03, 0.90, 0.79, 1.4185, 2.012
2025/07/05 2:06:43, 383.46, 86.32, 1.11, 100.00, 0.98, 0.85, 0.74, 1.1971, 1.509
2025/07/05 2:11:43, 383.46, 86.32, 1.19, 100.00, 0.98, 0.82, 0.72, 1.1636, 1.509
2025/07/05 2:16:43, 383.37, 86.32, 1.25, 100.00, 0.90, 0.72, 0.61, 1.0563, 1.509
2025/07/05 2:21:43, 383.37, 86.32, 1.11, 100.00, 0.90, 0.77, 0.66, 1.1234, 1.509
2025/07/05 2:26:43, 383.37, 86.32, 1.70, 100.00, 1.08, 0.90, 0.74, 1.348, 1.509
2025/07/05 2:31:43, 400.08, 86.32, 1.19, 100.00, 0.90, 0.72, 0.64, 1.1535, 1.509
2025/07/05 2:36:43, 396.21, 86.32, 1.00, 100.00, 0.74, 0.64, 0.58, 1.4185, 1.509
2025/07/05 2:41:43, 388.65, 86.29, 1.11, 100.00, 1.06, 0.93, 0.85, 1.4319, 2.012
2025/07/05 2:46:43, 388.74, 86.29, 1.03, 100.00, 0.95, 0.85, 0.74, 1.2676, 1.509
2025/07/05 2:51:43, 393.84, 86.29, 1.08, 100.00, 0.85, 0.74, 0.69, 1.2743, 1.509
2025/07/05 2:56:43, 390.67, 86.29, 0.95, 100.00, 0.85, 0.72, 0.64, 1.0932, 1.509
2025/07/05 3:01:43, 390.67, 86.32, 1.08, 100.00, 0.93, 0.74, 0.61, 1.0529, 1.509
2025/07/05 3:06:43, 390.67, 86.32, 0.95, 100.00, 0.82, 0.69, 0.58, 1.0563, 1.509
2025/07/05 3:11:43, 401.04, 86.32, 0.95, 100.00, 0.72, 0.61, 0.53, 1.1368, 1.509
2025/07/05 3:16:43, 401.40, 86.32, 0.82, 100.00, 0.72, 0.61, 0.56, 1.1603, 1.509
2025/07/05 3:21:43, 401.40, 86.29, 0.90, 100.00, 0.66, 0.58, 0.50, 1.0529, 1.509
2025/07/05 3:26:43, 396.91, 86.32, 1.06, 100.00, 0.82, 0.69, 0.61, 1.1435, 1.509
2025/07/05 3:31:43, 396.91, 86.32, 1.54, 100.00, 1.25, 0.95, 0.79, 1.348, 1.509
2025/07/05 3:36:43, 383.02, 86.29, 1.22, 100.00, 0.95, 0.85, 0.74, 1.3212, 2.012
2025/07/05 3:41:43, 383.02, 86.29, 1.08, 100.00, 0.93, 0.85, 0.79, 1.5627, 2.012
2025/07/05 3:46:43, 382.49, 86.29, 0.98, 100.00, 0.90, 0.79, 0.74, 1.3145, 1.509
2025/07/05 3:51:43, 382.41, 86.29, 1.17, 100.00, 1.03, 0.90, 0.79, 1.3615, 1.509
2025/07/05 3:56:43, 386.36, 86.29, 1.14, 100.00, 1.06, 0.90, 0.79, 1.2374, 1.509
2025/07/05 4:01:43, 391.37, 86.26, 1.00, 100.00, 0.82, 0.72, 0.66, 1.234, 2.012
2025/07/05 4:06:43, 377.31, 86.29, 0.93, 100.00, 0.87, 0.77, 0.69, 1.3983, 2.012
2025/07/05 4:11:43, 377.48, 86.29, 1.67, 100.00, 1.27, 1.00, 0.85, 1.4688, 2.012
2025/07/05 4:16:43, 381.35, 86.29, 1.33, 100.00, 0.95, 0.82, 0.74, 1.2575, 1.509
2025/07/05 4:21:43, 381.35, 86.32, 1.75, 100.00, 1.80, 1.41, 0.98, 0.664, 1.006
2025/07/05 4:26:43, 381.44, 86.29, 1.43, 100.00, 1.06, 0.90, 0.82, 0.0, 0.0
2025/07/05 4:31:43, 381.44, 86.32, 1.64, 100.00, 1.49, 1.14, 0.93, 0.5634, 1.006
2025/07/05 4:36:43, 382.14, 86.29, 1.51, 100.00, 1.00, 0.82, 0.74, 0.8249, 1.006
2025/07/05 4:41:43, 382.14, 86.26, 1.75, 100.00, 1.43, 1.11, 0.87, 0.4594, 1.006
2025/07/05 4:46:43, 382.14, 86.29, 1.57, 100.00, 1.30, 1.06, 0.95, 0.617, 1.509
2025/07/05 4:51:43, 392.87, 86.29, 1.83, 100.00, 1.46, 1.19, 1.03, 0.9658, 1.509
2025/07/05 4:56:43, 395.15, 86.26, 2.06, 100.00, 1.80, 1.27, 1.00, 1.006, 1.509
2025/07/05 5:01:43, 392.08, 86.29, 1.41, 100.00, 1.03, 0.90, 0.85, 0.8819, 1.509
2025/07/05 5:06:43, 400.25, 86.26, 1.80, 100.00, 1.27, 1.00, 0.90, 0.9389, 1.509
2025/07/05 5:11:43, 395.24, 86.26, 1.90, 100.00, 1.11, 1.00, 0.98, 0.4996, 1.006
2025/07/05 5:16:43, 395.24, 86.26, 1.75, 100.00, 1.59, 1.49, 1.38, 0.0, 0.0
2025/07/05 5:21:43, 381.35, 86.26, 1.93, 100.00, 1.62, 1.49, 1.38, 0.0, 0.0
2025/07/05 5:26:43, 381.35, 86.26, 2.16, 100.00, 1.90, 1.67, 1.33, 0.0, 0.0
2025/07/05 5:31:43, 381.35, 86.26, 2.45, 100.00, 2.22, 2.00, 1.59, 0.0, 0.0
2025/07/05 5:36:43, 381.35, 86.26, 2.63, 100.00, 2.11, 1.64, 1.35, 0.0, 0.0
2025/07/05 5:41:43, 381.35, 86.26, 2.58, 100.00, 2.06, 1.77, 1.46, 0.0, 0.0
2025/07/05 5:46:43, 380.12, 86.23, 2.68, 100.00, 2.37, 2.19, 2.03, 0.0, 0.0
2025/07/05 5:51:43, 380.12, 86.26, 2.96, 100.00, 2.40, 2.37, 1.98, 0.0, 0.0
2025/07/05 5:56:43, 380.03, 86.26, 3.04, 100.00, 2.45, 2.06, 1.75, 0.0, 0.0
2025/07/05 6:01:43, 380.12, 86.23, 3.09, 100.00, 2.37, 2.11, 1.85, 0.0, 0.0
2025/07/05 6:06:43, 380.12, 86.23, 3.25, 100.00, 2.45, 1.64, 1.43, 0.0, 0.0
2025/07/05 6:11:43, 373.70, 86.20, 2.61, 100.00, 1.57, 1.35, 1.33, 0.0, 0.0
2025/07/05 6:16:43, 373.70, 86.16, 3.09, 100.00, 2.32, 1.77, 1.62, 0.7579, 1.006
2025/07/05 6:21:43, 380.30, 86.20, 3.37, 100.00, 2.91, 1.95, 1.83, 0.8719, 1.509
2025/07/05 6:26:43, 386.71, 86.20, 3.30, 100.00, 2.78, 2.08, 1.93, 1.0026, 1.509
2025/07/05 6:31:43, 386.63, 86.16, 3.65, 100.00, 3.30, 2.66, 2.24, 0.8014, 1.006
2025/07/05 6:36:43, 386.63, 86.16, 3.30, 100.00, 2.16, 1.85, 1.90, 0.1811, 1.509
2025/07/05 6:41:43, 392.08, 86.13, 2.84, 100.00, 1.75, 1.57, 1.64, 1.0127, 1.509
2025/07/05 6:46:43, 387.42, 86.13, 2.45, 100.00, 1.59, 1.54, 1.64, 1.177, 1.509
2025/07/05 6:51:43, 387.42, 86.10, 2.99, 100.00, 2.11, 1.93, 1.98, 1.3313, 1.509
2025/07/05 6:56:43, 390.41, 86.10, 2.81, 100.00, 2.32, 2.11, 2.22, 1.0932, 1.509
2025/07/05 7:01:43, 395.42, 86.07, 2.99, 100.00, 2.48, 2.24, 2.30, 1.177, 1.509
2025/07/05 7:06:43, 386.27, 86.07, 2.78, 100.00, 2.03, 2.00, 2.14, 1.0328, 1.509
2025/07/05 7:11:43, 366.41, 86.07, 2.66, 100.00, 1.80, 1.80, 1.88, 1.1603, 1.509
2025/07/05 7:16:43, 365.26, 86.01, 3.09, 100.00, 2.30, 2.22, 2.22, 1.1468, 1.509
2025/07/05 7:21:43, 372.91, 86.01, 3.70, 100.00, 2.84, 2.61, 2.61, 1.1133, 1.509
2025/07/05 7:26:43, 379.07, 85.98, 3.32, 100.00, 2.35, 2.24, 2.32, 1.4755, 2.012
2025/07/05 7:31:43, 389.00, 86.01, 3.22, 100.00, 2.48, 2.27, 2.37, 1.7907, 2.012
2025/07/05 7:36:43, 400.96, 85.98, 3.70, 100.00, 2.94, 2.61, 2.66, 1.8443, 2.012
2025/07/05 7:41:43, 402.36, 85.82, 4.39, 100.00, 3.19, 2.68, 2.73, 1.9382, 2.515
2025/07/05 7:46:43, 404.91, 85.85, 4.21, 100.00, 3.50, 3.04, 3.06, 2.0992, 2.515
2025/07/05 7:51:43, 381.53, 85.88, 4.23, 100.00, 3.40, 3.04, 3.01, 1.8678, 2.515
2025/07/05 7:56:43, 336.60, 85.88, 5.46, 100.00, 4.76, 4.44, 4.46, 1.234, 2.012
2025/07/05 8:01:43, 382.49, 85.82, 5.51, 100.00, 4.46, 3.90, 4.00, 1.0094, 1.509
2025/07/05 8:06:43, 381.97, 85.85, 5.16, 100.00, 4.13, 3.65, 3.83, 1.3044, 2.515
2025/07/05 8:11:43, 376.60, 85.88, 4.93, 100.00, 4.66, 4.16, 4.05, 1.8041, 2.515
2025/07/05 8:16:43, 396.91, 85.76, 5.23, 100.00, 4.66, 3.83, 3.93, 1.4721, 2.012
2025/07/05 8:21:43, 401.13, 85.85, 5.70, 100.00, 5.41, 4.61, 4.66, 1.2307, 2.012
2025/07/05 8:26:43, 391.46, 85.79, 6.09, 100.00, 5.97, 4.95, 4.73, 1.224, 1.509
2025/07/05 8:31:43, 421.00, 85.88, 6.73, 100.00, 5.53, 5.05, 5.03, 1.1502, 1.509
2025/07/05 8:36:43, 423.64, 85.76, 6.87, 100.00, 5.70, 5.26, 4.73, 0.9993, 1.509
2025/07/05 8:41:43, 410.19, 85.95, 7.26, 100.00, 6.19, 5.26, 5.31, 1.1468, 1.509
2025/07/05 8:46:43, 421.18, 85.85, 7.55, 100.00, 5.73, 5.18, 5.31, 1.1334, 1.509
2025/07/05 8:51:43, 418.45, 85.98, 8.55, 100.00, 6.24, 5.97, 6.39, 1.1301, 1.509
2025/07/05 8:56:43, 418.45, 86.16, 8.43, 100.00, 4.98, 4.88, 5.31, 0.6002, 1.006
2025/07/05 9:01:43, 412.47, 86.29, 9.35, 100.00, 5.26, 5.05, 5.23, 0.6707, 1.006
2025/07/05 9:06:43, 422.05, 86.35, 10.55, 93.50, 7.09, 6.34, 6.04, 0.5499, 1.006
2025/07/05 9:11:43, 406.41, 86.32, 10.98, 73.70, 6.92, 6.68, 6.68, 0.4661, 1.006
2025/07/05 9:16:43, 406.58, 86.35, 11.31, 66.07, 7.06, 6.46, 6.63, 0.0201, 0.503
2025/07/05 9:21:43, 350.49, 86.29, 10.66, 59.91, 5.51, 5.03, 5.10, 0.2783, 1.509
2025/07/05 9:26:43, 363.77, 86.32, 12.39, 54.90, 7.43, 6.92, 7.26, 0.0, 0.0
2025/07/05 9:31:43, 363.77, 86.32, 13.47, 56.00, 8.24, 8.41, 8.12, 0.0034, 0.503
2025/07/05 9:36:43, 363.77, 86.32, 13.94, 53.73, 7.67, 8.31, 8.19, 0.0, 0.0
2025/07/05 9:41:43, 391.20, 86.29, 11.38, 56.39, 6.61, 5.85, 5.99, 1.0999, 1.509
2025/07/05 9:46:43, 392.16, 86.32, 13.76, 51.20, 9.35, 9.02, 9.45, 0.4292, 1.509
2025/07/05 9:51:43, 392.16, 86.29, 13.42, 49.10, 7.93, 7.71, 8.45, 0.1475, 1.006
2025/07/05 9:56:43, 392.16, 86.26, 12.21, 51.44, 6.92, 6.85, 7.95, 1.0328, 1.509
2025/07/05 10:01:43, 384.25, 86.26, 10.80, 55.42, 5.77, 6.16, 7.18, 1.3782, 2.012
2025/07/05 10:06:43, 391.29, 86.23, 9.89, 58.66, 6.21, 6.53, 7.26, 1.6364, 2.012
2025/07/05 10:11:43, 394.71, 86.23, 10.22, 56.17, 6.09, 6.36, 7.04, 1.5056, 2.515
2025/07/05 10:16:43, 396.12, 86.26, 10.19, 55.35, 6.31, 6.75, 7.38, 1.4989, 2.012
2025/07/05 10:21:43, 409.84, 86.23, 12.21, 52.82, 8.17, 8.69, 8.88, 1.4017, 2.012
2025/07/05 10:26:43, 394.54, 86.23, 12.14, 48.86, 6.94, 7.40, 7.86, 1.3212, 1.509
2025/07/05 10:31:43, 402.10, 86.26, 14.26, 46.71, 10.45, 10.43, 10.59, 1.1368, 1.509
2025/07/05 10:36:43, 408.52, 86.26, 15.55, 42.37, 10.78, 9.87, 10.05, 1.2139, 1.509
2025/07/05 10:41:43, 419.07, 86.23, 14.44, 46.66, 9.45, 9.52, 10.03, 1.1837, 1.509
2025/07/05 10:46:43, 431.46, 86.20, 13.28, 48.45, 8.04, 8.26, 9.02, 1.0462, 1.509
2025/07/05 10:51:43, 433.22, 86.20, 12.89, 50.17, 8.31, 8.31, 9.38, 0.788, 1.006
2025/07/05 10:56:43, 464.78, 86.26, 12.11, 52.40, 6.99, 7.01, 7.35, 0.5533, 1.006
2025/07/05 11:01:43, 475.51, 86.26, 12.39, 53.52, 7.67, 7.35, 7.55, 0.7008, 1.509
2025/07/05 11:06:43, 475.51, 86.29, 12.42, 52.10, 7.11, 7.28, 7.90, 0.114, 1.006
2025/07/05 11:11:43, 475.42, 86.29, 12.80, 51.02, 7.55, 7.67, 8.26, 0.342, 1.006
2025/07/05 11:16:43, 475.51, 86.38, 14.51, 47.45, 9.28, 8.55, 9.19, 0.0805, 0.503
2025/07/05 11:21:43, 423.55, 86.29, 17.95, 39.33, 12.96, 11.24, 11.05, 0.1073, 1.006
2025/07/05 11:26:43, 422.41, 86.35, 17.12, 39.75, 10.29, 10.66, 11.45, 0.8216, 1.509
2025/07/05 11:31:43, 433.48, 86.23, 15.09, 41.54, 8.88, 9.64, 11.03, 0.8819, 1.509
2025/07/05 11:36:43, 447.20, 86.16, 13.89, 46.75, 9.26, 9.14, 9.64, 0.9054, 1.509
2025/07/05 11:41:43, 447.20, 86.20, 14.89, 42.08, 9.75, 9.96, 10.05, 0.4259, 1.006
2025/07/05 11:46:43, 446.67, 86.10, 15.95, 39.99, 11.22, 12.44, 13.14, 0.0, 0.0
2025/07/05 11:51:43, 445.62, 86.01, 15.86, 39.08, 9.57, 10.34, 11.59, 0.0, 0.0
2025/07/05 11:56:43, 445.62, 86.20, 13.78, 45.39, 8.76, 9.19, 10.17, 0.3622, 1.509
2025/07/05 12:01:43, 442.80, 86.10, 14.05, 44.33, 9.49, 10.41, 11.73, 1.0395, 1.509
2025/07/05 12:06:43, 434.10, 86.04, 14.94, 42.31, 10.27, 10.93, 12.35, 0.9993, 1.509
2025/07/05 12:11:43, 407.90, 86.07, 15.95, 39.43, 11.82, 9.84, 10.15, 1.3883, 2.012
2025/07/05 12:16:43, 419.33, 86.01, 16.61, 38.58, 11.50, 10.80, 11.33, 1.4419, 2.012
2025/07/05 12:21:43, 381.70, 86.10, 18.08, 33.63, 11.29, 9.94, 10.29, 1.1636, 1.509
2025/07/05 12:26:43, 396.56, 85.82, 15.41, 38.78, 11.26, 10.22, 10.80, 1.3883, 2.012
2025/07/05 12:31:43, 381.18, 86.01, 13.26, 43.81, 7.79, 7.64, 8.38, 1.3547, 2.012
2025/07/05 12:36:43, 375.73, 86.07, 11.70, 49.48, 7.50, 7.40, 7.95, 1.8544, 2.012
2025/07/05 12:41:43, 376.16, 85.76, 11.73, 50.61, 8.12, 8.02, 8.74, 1.794, 2.012
2025/07/05 12:46:43, 383.11, 85.73, 12.30, 47.83, 8.92, 8.92, 9.66, 1.4989, 2.012
2025/07/05 12:51:43, 376.69, 86.07, 11.82, 48.94, 7.55, 7.48, 8.04, 1.5358, 2.012
2025/07/05 12:56:43, 384.08, 86.13, 10.89, 51.78, 7.60, 7.43, 7.97, 1.8209, 2.515
2025/07/05 13:01:43, 382.49, 85.70, 11.14, 50.95, 7.52, 7.14, 7.62, 2.0187, 2.515
2025/07/05 13:06:43, 381.70, 85.98, 10.78, 51.55, 7.14, 6.99, 7.55, 2.0556, 2.515
2025/07/05 13:11:43, 384.34, 85.73, 10.96, 52.57, 8.41, 8.26, 8.83, 1.8074, 2.515
2025/07/05 13:16:43, 394.45, 85.42, 12.32, 48.20, 9.84, 9.19, 9.61, 1.8309, 2.515
2025/07/05 13:21:43, 405.09, 84.76, 13.33, 44.86, 10.87, 9.68, 9.94, 1.9617, 2.515
2025/07/05 13:26:43, 387.51, 85.32, 11.63, 48.66, 7.88, 7.55, 8.07, 2.069, 2.515
2025/07/05 13:31:43, 386.10, 85.01, 10.78, 51.21, 7.26, 6.96, 7.43, 2.1495, 3.018
2025/07/05 13:36:43, 385.57, 84.92, 10.24, 53.24, 6.89, 6.53, 6.89, 2.401, 3.018
2025/07/05 13:41:43, 376.52, 85.26, 9.45, 57.16, 6.56, 6.46, 6.77, 2.4848, 3.018
2025/07/05 13:46:43, 379.33, 84.82, 10.19, 54.42, 7.06, 6.92, 7.31, 2.3473, 3.018
2025/07/05 13:51:43, 493.70, 85.82, 11.33, 49.07, 5.31, 5.31, 5.43, 1.5291, 2.515
2025/07/05 13:56:43, 473.48, 86.23, 14.51, 45.09, 13.42, 13.00, 12.78, 0.6606, 2.515
2025/07/05 14:01:43, 392.69, 86.20, 15.55, 39.66, 9.80, 9.19, 10.08, 0.4862, 1.509
2025/07/05 14:06:43, 371.86, 86.23, 14.28, 42.33, 8.45, 7.88, 8.67, 0.9658, 1.509
2025/07/05 14:11:43, 391.29, 86.20, 13.81, 43.11, 10.00, 9.16, 9.30, 1.3044, 2.012
2025/07/05 14:16:43, 387.51, 86.26, 13.19, 44.74, 8.81, 8.04, 8.17, 1.3447, 2.012
2025/07/05 14:21:43, 383.64, 86.29, 14.35, 41.81, 9.45, 9.21, 9.89, 0.9825, 1.509
2025/07/05 14:26:43, 431.73, 86.32, 13.96, 43.20, 9.57, 9.19, 9.35, 0.8182, 1.509
2025/07/05 14:31:43, 431.81, 86.32, 16.06, 37.52, 9.47, 9.64, 10.29, 0.0637, 1.006
2025/07/05 14:36:43, 433.31, 86.38, 15.91, 38.82, 11.07, 11.14, 10.55, 0.6271, 1.006
2025/07/05 14:41:43, 404.47, 86.38, 15.68, 39.37, 11.95, 9.84, 9.84, 1.3715, 2.012
2025/07/05 14:46:43, 404.91, 86.41, 18.01, 34.80, 14.17, 10.96, 10.66, 1.0261, 1.509
2025/07/05 14:51:43, 391.02, 86.38, 15.09, 39.39, 9.11, 8.21, 8.95, 1.2843, 2.012
2025/07/05 14:56:43, 415.64, 86.41, 14.19, 41.46, 9.11, 8.71, 9.47, 1.4989, 2.012
2025/07/05 15:01:43, 411.51, 86.41, 13.87, 41.54, 9.91, 8.34, 8.64, 1.784, 2.012
2025/07/05 15:06:43, 415.64, 86.38, 14.37, 42.34, 10.22, 9.09, 9.45, 1.7203, 2.012
2025/07/05 15:11:43, 445.26, 86.38, 12.21, 47.63, 7.55, 7.14, 7.48, 1.3078, 1.509
2025/07/05 15:16:43, 452.56, 86.38, 11.79, 47.29, 7.16, 7.71, 8.62, 0.721, 1.509
2025/07/05 15:21:43, 452.65, 86.38, 11.57, 49.43, 7.88, 8.90, 10.48, 0.7478, 1.509
2025/07/05 15:26:43, 431.90, 86.45, 14.24, 42.81, 11.59, 9.45, 9.19, 0.3253, 1.006
2025/07/05 15:31:43, 430.41, 86.38, 13.89, 41.77, 8.41, 8.69, 9.68, 0.8383, 1.509
2025/07/05 15:36:43, 421.88, 86.35, 12.23, 46.96, 8.36, 8.31, 8.36, 1.3883, 2.012
2025/07/05 15:41:43, 405.79, 86.38, 12.60, 45.17, 9.66, 8.48, 8.76, 1.5492, 2.012
2025/07/05 15:46:43, 408.08, 86.38, 13.05, 44.39, 9.73, 8.31, 8.67, 1.4855, 2.012
2025/07/05 15:51:43, 418.27, 86.41, 14.05, 41.93, 10.43, 9.87, 10.52, 1.3615, 1.509
2025/07/05 15:56:43, 418.63, 86.51, 15.37, 39.57, 11.14, 10.05, 9.91, 0.902, 1.509
2025/07/05 16:01:43, 405.35, 86.51, 15.64, 37.56, 11.40, 9.96, 10.36, 1.4118, 2.012
2025/07/05 16:06:43, 390.67, 86.45, 12.09, 44.97, 6.89, 6.51, 7.38, 0.9691, 1.509
2025/07/05 16:11:43, 390.14, 86.41, 9.45, 54.30, 6.73, 6.41, 6.77, 1.4118, 2.012
2025/07/05 16:16:43, 382.32, 86.38, 9.02, 57.67, 6.19, 5.97, 6.44, 1.6264, 2.012
2025/07/05 16:21:43, 382.32, 86.48, 10.12, 54.19, 7.14, 6.96, 7.57, 1.7404, 2.012
2025/07/05 16:26:43, 381.26, 86.45, 9.91, 53.42, 6.34, 6.24, 6.80, 1.6901, 2.012
2025/07/05 16:31:43, 385.48, 86.45, 9.47, 55.72, 6.85, 6.65, 7.11, 1.8779, 2.012
2025/07/05 16:36:43, 393.48, 86.54, 7.88, 60.19, 5.63, 5.36, 5.65, 1.9181, 2.515
2025/07/05 16:41:43, 387.86, 86.51, 6.96, 64.22, 4.78, 4.61, 4.83, 2.3708, 2.515
2025/07/05 16:46:43, 394.98, 86.48, 7.52, 64.07, 6.61, 6.29, 6.44, 2.1528, 2.515
2025/07/05 16:51:43, 396.65, 86.45, 7.48, 63.03, 5.92, 5.33, 5.43, 1.9382, 2.515
2025/07/05 16:56:43, 386.19, 86.48, 7.79, 61.59, 5.68, 5.38, 5.60, 1.7337, 2.515
2025/07/05 17:01:43, 391.20, 86.60, 10.31, 54.18, 8.92, 8.45, 8.50, 1.6498, 2.012
2025/07/05 17:06:43, 368.25, 86.57, 8.74, 58.82, 5.63, 5.60, 5.55, 1.8309, 3.018
2025/07/05 17:11:43, 367.81, 86.57, 8.71, 59.67, 5.92, 5.89, 5.60, 1.8544, 2.012
2025/07/05 17:16:43, 371.42, 86.57, 8.55, 60.06, 5.58, 5.51, 5.75, 1.8846, 2.012
2025/07/05 17:21:43, 362.19, 86.57, 8.55, 59.91, 5.46, 5.41, 5.75, 1.7236, 2.012
2025/07/05 17:26:43, 373.00, 86.57, 8.45, 60.93, 5.82, 5.73, 5.92, 1.9483, 2.515
2025/07/05 17:31:43, 399.02, 86.57, 9.73, 55.97, 8.24, 7.55, 8.02, 1.5056, 2.012
2025/07/05 17:36:43, 397.09, 86.54, 9.91, 54.54, 7.50, 6.77, 7.06, 1.6532, 2.012
2025/07/05 17:41:43, 419.77, 86.51, 9.40, 56.19, 6.21, 6.34, 6.61, 2.0522, 2.515
2025/07/05 17:46:43, 414.76, 86.51, 9.59, 55.54, 6.65, 6.34, 6.73, 2.1931, 2.515
2025/07/05 17:51:43, 401.84, 86.51, 9.42, 56.15, 7.21, 6.39, 6.56, 2.1495, 2.515
2025/07/05 17:56:43, 391.90, 86.54, 8.26, 60.39, 5.85, 5.48, 5.73, 2.0086, 2.515
2025/07/05 18:01:43, 392.78, 86.51, 8.43, 61.12, 5.99, 5.53, 5.80, 2.1294, 2.515
2025/07/05 18:06:43, 382.49, 86.51, 8.14, 60.89, 5.10, 4.86, 5.26, 1.9449, 2.515
2025/07/05 18:11:43, 391.02, 86.51, 8.02, 61.40, 5.87, 5.58, 5.97, 1.8779, 2.515
2025/07/05 18:16:43, 395.24, 86.54, 8.41, 60.11, 5.99, 5.46, 5.85, 1.8745, 2.012
2025/07/05 18:21:43, 387.77, 86.51, 8.48, 60.53, 5.38, 4.78, 5.13, 1.9282, 2.515
2025/07/05 18:26:43, 403.24, 86.51, 9.30, 57.85, 7.45, 6.34, 6.68, 1.8645, 2.515
2025/07/05 18:31:43, 401.84, 86.51, 9.94, 53.91, 6.80, 5.87, 6.34, 1.3816, 2.012
2025/07/05 18:36:43, 397.18, 86.54, 9.66, 55.74, 6.87, 6.06, 6.70, 1.2206, 1.509
2025/07/05 18:41:43, 393.75, 86.57, 9.59, 56.06, 6.16, 5.00, 5.63, 1.2273, 1.509
2025/07/05 18:46:43, 387.15, 86.51, 8.90, 57.28, 4.86, 4.13, 4.56, 1.1737, 1.509
2025/07/05 18:51:43, 387.15, 86.48, 7.64, 61.64, 3.53, 2.89, 3.14, 1.11, 1.509
2025/07/05 18:56:43, 387.07, 86.48, 5.63, 71.00, 2.61, 2.27, 2.37, 1.4419, 2.012
2025/07/05 19:01:43, 387.07, 86.48, 5.70, 72.15, 3.09, 2.71, 2.76, 1.5593, 2.012
2025/07/05 19:06:43, 391.64, 86.45, 4.73, 75.54, 3.19, 2.78, 2.73, 1.9751, 2.515
2025/07/05 19:11:43, 402.19, 86.45, 3.98, 77.70, 3.06, 2.73, 2.71, 1.9852, 2.515
2025/07/05 19:16:43, 395.59, 86.45, 3.83, 79.22, 3.06, 2.78, 2.73, 2.1797, 2.515
2025/07/05 19:21:43, 386.10, 86.48, 3.60, 80.79, 2.84, 2.66, 2.63, 2.23, 2.515
2025/07/05 19:26:43, 387.59, 86.45, 3.68, 81.25, 2.96, 2.76, 2.73, 2.0154, 2.515
2025/07/05 19:31:43, 382.14, 86.48, 3.75, 80.08, 2.89, 2.73, 2.78, 1.8309, 2.515
2025/07/05 19:36:43, 380.03, 86.45, 3.70, 79.67, 2.94, 2.71, 2.63, 2.0724, 2.515
2025/07/05 19:41:43, 393.66, 86.45, 3.85, 78.74, 2.94, 2.66, 2.61, 1.9885, 2.515
2025/07/05 19:46:43, 391.11, 86.45, 3.70, 79.49, 2.78, 2.56, 2.58, 1.6431, 2.012
2025/07/05 19:51:43, 391.02, 86.48, 3.40, 81.20, 2.58, 2.37, 2.37, 1.8209, 2.012
2025/07/05 19:56:43, 398.05, 86.48, 3.43, 81.06, 2.76, 2.45, 2.37, 1.8376, 2.012
2025/07/05 20:01:43, 401.04, 86.48, 3.80, 79.54, 3.09, 2.50, 2.35, 1.5492, 2.012
2025/07/05 20:06:43, 385.22, 86.48, 3.19, 81.90, 2.30, 2.08, 2.06, 1.4486, 2.012
2025/07/05 20:11:43, 386.10, 86.48, 3.06, 83.19, 2.43, 2.22, 2.14, 1.7068, 2.012
2025/07/05 20:16:43, 386.63, 86.48, 2.91, 84.27, 2.37, 2.19, 2.11, 1.6029, 2.012
2025/07/05 20:21:43, 387.68, 86.48, 3.25, 83.08, 2.53, 2.16, 2.00, 1.3816, 2.012
2025/07/05 20:26:43, 387.51, 86.51, 3.83, 80.02, 2.84, 2.27, 1.98, 1.2575, 1.509
2025/07/05 20:31:43, 387.51, 86.51, 4.10, 78.41, 2.66, 1.95, 1.77, 1.3615, 2.012
2025/07/05 20:36:43, 391.46, 86.48, 3.14, 82.00, 1.88, 1.64, 1.54, 1.6297, 2.012
2025/07/05 20:41:43, 398.32, 86.48, 2.27, 87.34, 1.83, 1.64, 1.57, 1.6096, 2.012
2025/07/05 20:46:43, 386.98, 86.48, 1.98, 89.41, 1.59, 1.46, 1.41, 2.0589, 2.515
2025/07/05 20:51:43, 390.85, 86.48, 2.30, 89.50, 2.27, 2.08, 2.00, 2.1562, 2.515
2025/07/05 20:56:43, 382.49, 86.48, 2.40, 87.80, 1.85, 1.72, 1.64, 1.8946, 2.012
2025/07/05 21:01:43, 381.79, 86.48, 2.11, 89.65, 1.80, 1.64, 1.51, 1.8846, 2.515
2025/07/05 21:06:43, 380.82, 86.48, 2.06, 89.90, 1.70, 1.54, 1.43, 1.9617, 2.515
2025/07/05 21:11:43, 384.34, 86.48, 1.85, 91.03, 1.57, 1.41, 1.27, 1.9785, 2.515
2025/07/05 21:16:43, 401.75, 86.51, 1.64, 92.12, 1.43, 1.33, 1.19, 1.8913, 2.515
2025/07/05 21:21:43, 392.52, 86.48, 1.38, 93.71, 1.25, 1.11, 1.00, 2.0489, 2.515
2025/07/05 21:26:43, 385.13, 86.48, 1.33, 94.29, 1.25, 1.11, 1.03, 2.3809, 3.018
2025/07/05 21:31:43, 381.53, 86.48, 1.43, 94.02, 1.30, 1.19, 1.11, 2.4144, 3.018
2025/07/05 21:36:43, 387.59, 86.51, 1.62, 93.61, 1.46, 1.33, 1.22, 2.3205, 3.018
2025/07/05 21:41:43, 396.74, 86.51, 1.64, 94.93, 1.57, 1.38, 1.25, 1.9516, 2.515
2025/07/05 21:46:43, 380.91, 86.51, 1.77, 94.12, 1.27, 1.08, 0.95, 1.8712, 2.515
2025/07/05 21:51:43, 382.32, 86.48, 1.43, 95.51, 1.22, 1.11, 1.00, 1.7571, 2.012
2025/07/05 21:56:43, 387.51, 86.48, 1.90, 95.28, 1.46, 1.25, 1.08, 1.9248, 2.515
2025/07/05 22:01:43, 389.18, 86.51, 1.83, 95.41, 1.59, 1.33, 1.17, 1.6398, 2.515
2025/07/05 22:06:43, 391.64, 86.51, 2.06, 93.70, 1.64, 1.46, 1.27, 1.8074, 3.018
2025/07/05 22:11:43, 380.12, 86.51, 1.59, 95.80, 1.30, 1.14, 1.00, 1.8913, 2.515
2025/07/05 22:16:43, 377.57, 86.51, 1.85, 95.52, 1.46, 1.25, 1.08, 1.8343, 2.515
2025/07/05 22:21:43, 384.34, 86.51, 1.88, 96.85, 1.75, 1.35, 1.17, 1.7169, 2.012
2025/07/05 22:26:43, 376.96, 86.51, 1.59, 95.69, 1.25, 1.11, 0.95, 1.7806, 2.515
2025/07/05 22:31:43, 376.08, 86.51, 2.06, 95.71, 1.90, 1.64, 1.43, 2.0154, 2.515
2025/07/05 22:36:43, 380.91, 86.51, 1.93, 94.81, 1.59, 1.38, 1.17, 1.9516, 2.515
2025/07/05 22:41:43, 387.51, 86.51, 1.64, 96.54, 1.59, 1.35, 1.14, 1.784, 2.515
2025/07/05 22:46:43, 385.66, 86.51, 1.59, 95.73, 1.27, 1.11, 0.98, 1.9718, 2.515
2025/07/05 22:51:43, 383.11, 86.54, 1.43, 97.30, 1.27, 1.08, 0.95, 1.8041, 2.012
2025/07/05 22:56:43, 385.92, 86.51, 1.75, 96.27, 1.35, 1.14, 0.98, 2.0657, 2.515
2025/07/05 23:01:43, 390.41, 86.51, 1.59, 96.90, 1.49, 1.27, 1.08, 2.1562, 2.515
2025/07/05 23:06:43, 391.46, 86.51, 1.75, 95.91, 1.54, 1.33, 1.14, 2.1562, 2.515
2025/07/05 23:11:43, 392.96, 86.51, 1.51, 96.37, 1.35, 1.17, 1.00, 2.0288, 2.515
2025/07/05 23:16:43, 393.40, 86.51, 1.33, 96.99, 1.17, 1.03, 0.90, 2.0858, 2.515
2025/07/05 23:21:43, 397.62, 86.51, 1.35, 97.40, 1.22, 1.06, 0.93, 1.9852, 2.515
2025/07/05 23:26:43, 410.01, 86.51, 1.57, 98.14, 1.75, 1.33, 1.00, 1.3749, 2.012
2025/07/05 23:31:43, 401.31, 86.51, 1.83, 96.10, 1.70, 1.27, 0.95, 1.1133, 1.509
2025/07/05 23:36:43, 392.96, 86.51, 1.70, 96.37, 1.64, 1.43, 1.19, 1.4352, 2.012
2025/07/05 23:41:43, 389.53, 86.51, 1.54, 96.52, 1.30, 1.11, 0.98, 1.3682, 2.012
2025/07/05 23:46:43, 389.53, 86.51, 1.27, 97.71, 1.14, 0.95, 0.79, 1.2072, 1.509
2025/07/05 23:51:43, 400.08, 86.48, 1.22, 98.58, 1.08, 0.79, 0.58, 1.3916, 1.509
2025/07/05 23:56:43, 403.15, 86.48, 1.49, 98.48, 1.43, 1.11, 0.79, 1.1066, 1.509
2025/07/06 0:01:43, 398.93, 86.51, 1.72, 97.73, 1.85, 1.54, 1.08, 0.9322, 1.509
2025/07/06 0:06:43, 405.18, 86.51, 1.98, 97.05, 2.27, 2.00, 1.35, 0.6908, 1.006
2025/07/06 0:11:43, 430.14, 86.51, 2.08, 95.42, 2.11, 2.00, 1.80, 0.5064, 1.006
2025/07/06 0:16:43, 431.46, 86.51, 2.06, 96.33, 2.22, 2.06, 1.85, 0.9792, 1.509
2025/07/06 0:21:43, 430.49, 86.51, 2.30, 95.79, 2.50, 2.37, 2.06, 1.0831, 1.509
2025/07/06 0:26:43, 396.91, 86.51, 2.24, 94.87, 1.90, 1.46, 1.19, 1.405, 2.012
2025/07/06 0:31:43, 380.03, 86.51, 1.80, 96.35, 1.54, 1.33, 1.14, 1.8544, 2.515
2025/07/06 0:36:43, 385.31, 86.51, 1.85, 94.98, 1.38, 1.22, 1.06, 1.7035, 2.012
2025/07/06 0:41:43, 387.24, 86.51, 1.64, 96.91, 1.30, 1.08, 0.95, 1.5191, 2.012
2025/07/06 0:46:43, 387.24, 86.51, 1.59, 96.24, 1.27, 1.11, 1.00, 1.7404, 2.012
2025/07/06 0:51:43, 381.35, 86.51, 1.46, 97.20, 1.22, 1.06, 0.95, 1.8343, 2.012
2025/07/06 0:56:43, 384.78, 86.51, 1.46, 97.89, 1.22, 1.06, 0.93, 1.7806, 2.012
2025/07/06 1:01:43, 407.20, 86.48, 1.93, 97.99, 1.77, 1.49, 1.22, 1.5124, 2.012
2025/07/06 1:06:43, 402.80, 86.51, 1.93, 98.28, 1.88, 1.41, 0.98, 1.2273, 1.509
2025/07/06 1:11:43, 403.15, 86.51, 2.30, 97.70, 2.16, 1.70, 1.25, 0.9389, 1.509
2025/07/06 1:16:43, 387.51, 86.48, 2.22, 94.57, 1.41, 1.17, 0.98, 1.3212, 1.509
2025/07/06 1:21:43, 399.81, 86.45, 2.50, 97.74, 2.56, 2.14, 1.64, 1.5157, 2.012
2025/07/06 1:26:43, 391.02, 86.48, 2.58, 94.75, 1.77, 1.33, 1.06, 1.4553, 2.012
2025/07/06 1:31:43, 365.79, 86.48, 1.46, 96.65, 1.11, 1.03, 0.95, 1.3749, 2.012
2025/07/06 1:36:43, 375.73, 86.48, 1.27, 98.22, 1.14, 1.00, 0.90, 1.8611, 2.012
2025/07/06 1:41:43, 378.27, 86.48, 1.22, 98.94, 1.14, 1.00, 0.90, 1.9852, 2.515
2025/07/06 1:46:43, 379.86, 86.45, 1.49, 99.18, 1.54, 1.33, 1.17, 2.1227, 2.515
2025/07/06 1:51:43, 379.33, 86.48, 1.80, 98.00, 1.64, 1.51, 1.35, 2.1126, 2.515
2025/07/06 1:56:43, 382.93, 86.45, 1.80, 97.74, 1.67, 1.49, 1.33, 2.0154, 2.515
2025/07/06 2:01:43, 380.03, 86.45, 2.06, 97.90, 1.75, 1.57, 1.35, 1.9986, 2.515
2025/07/06 2:06:43, 395.77, 86.45, 2.00, 96.32, 1.54, 1.35, 1.19, 1.7706, 2.012
2025/07/06 2:11:43, 387.59, 86.45, 1.85, 97.86, 1.54, 1.38, 1.22, 1.9416, 2.515
2025/07/06 2:16:43, 395.24, 86.45, 2.16, 99.28, 2.03, 1.83, 1.59, 1.5325, 2.515
2025/07/06 2:21:43, 422.41, 86.45, 2.30, 100.00, 2.40, 2.32, 2.16, 1.0563, 1.509
2025/07/06 2:26:43, 476.47, 86.45, 2.50, 100.00, 2.58, 2.03, 1.62, 0.7579, 1.509
2025/07/06 2:31:43, 469.53, 86.45, 2.45, 100.00, 2.53, 2.27, 1.93, 0.8819, 1.509
2025/07/06 2:36:43, 448.69, 86.45, 2.45, 100.00, 2.19, 1.93, 1.64, 1.1133, 1.509
2025/07/06 2:41:43, 464.78, 86.45, 2.58, 100.00, 2.45, 2.19, 1.95, 0.7746, 1.509
2025/07/06 2:46:43, 483.68, 86.45, 2.68, 100.00, 2.24, 2.08, 1.83, 0.4024, 1.509
2025/07/06 2:51:43, 605.88, 86.45, 2.50, 100.00, 2.37, 2.27, 2.11, 0.0, 0.0
2025/07/06 2:56:43, 608.96, 86.45, 2.24, 99.95, 1.95, 1.88, 1.64, 0.0, 0.0
2025/07/06 3:01:43, 357.18, 86.45, 2.16, 100.00, 2.06, 1.95, 1.88, 0.1241, 1.006
2025/07/06 3:06:43, 357.18, 86.45, 2.43, 100.00, 2.19, 1.80, 1.33, 0.0, 0.0
2025/07/06 3:11:43, 357.26, 86.41, 2.68, 100.00, 2.50, 2.08, 1.43, 0.0, 0.0
2025/07/06 3:16:43, 397.70, 86.45, 2.73, 100.00, 2.99, 2.61, 1.33, 0.0, 0.0
2025/07/06 3:21:43, 397.70, 86.45, 2.96, 100.00, 3.04, 2.68, 1.93, 0.0, 0.0
2025/07/06 3:26:43, 397.70, 86.41, 3.01, 100.00, 3.19, 3.04, 2.63, 0.0, 0.0
2025/07/06 3:31:43, 397.70, 86.45, 2.99, 100.00, 2.89, 2.76, 2.35, 0.0, 0.0
2025/07/06 3:36:43, 430.67, 86.41, 3.09, 100.00, 2.96, 2.68, 2.22, 0.0, 0.0
2025/07/06 3:41:43, 430.67, 86.45, 3.09, 100.00, 3.14, 3.04, 2.78, 0.0, 0.0
2025/07/06 3:46:43, 430.76, 86.41, 2.71, 100.00, 2.27, 2.16, 2.06, 0.0, 0.0
2025/07/06 3:51:43, 406.41, 86.38, 2.48, 100.00, 2.32, 2.27, 2.06, 0.3588, 1.509
2025/07/06 3:56:43, 428.21, 86.38, 2.43, 100.00, 2.68, 2.58, 2.40, 1.0697, 2.012
2025/07/06 4:01:43, 427.77, 86.41, 2.45, 100.00, 2.45, 2.30, 2.00, 0.5231, 1.509
2025/07/06 4:06:43, 449.13, 86.41, 2.68, 100.00, 2.63, 2.58, 2.43, 0.0537, 1.006
2025/07/06 4:11:43, 535.81, 86.41, 2.99, 100.00, 3.14, 3.12, 3.01, 0.1509, 1.006
2025/07/06 4:16:43, 531.24, 86.41, 2.84, 100.00, 2.63, 2.58, 2.43, 0.0872, 0.503
2025/07/06 4:21:43, 531.24, 86.38, 2.76, 100.00, 2.71, 2.68, 2.63, 0.0, 0.0
2025/07/06 4:26:43, 531.24, 86.38, 2.81, 100.00, 2.99, 2.94, 2.84, 0.0, 0.0
2025/07/06 4:31:43, 472.08, 86.38, 2.32, 100.00, 2.14, 1.98, 1.85, 0.5734, 2.012
2025/07/06 4:36:43, 460.03, 86.38, 2.48, 100.00, 2.48, 2.08, 1.72, 1.6633, 2.515
2025/07/06 4:41:43, 449.66, 86.38, 2.30, 100.00, 2.11, 1.85, 1.62, 1.3346, 2.012
2025/07/06 4:46:43, 460.56, 86.38, 2.43, 100.00, 2.43, 2.06, 1.72, 1.3212, 2.012
2025/07/06 4:51:43, 453.97, 86.35, 2.48, 100.00, 2.53, 2.37, 2.22, 0.835, 1.509
2025/07/06 4:56:43, 423.11, 86.35, 2.32, 100.00, 2.11, 2.00, 1.85, 0.399, 1.006
2025/07/06 5:01:43, 457.57, 86.32, 2.40, 100.00, 2.06, 1.95, 1.88, 0.7813, 1.509
2025/07/06 5:06:43, 462.14, 86.32, 3.01, 100.00, 2.84, 2.68, 2.48, 1.8074, 2.515
2025/07/06 5:11:43, 450.36, 86.32, 2.73, 100.00, 2.32, 2.22, 2.08, 1.4151, 2.012
2025/07/06 5:16:43, 453.79, 86.32, 3.06, 100.00, 2.71, 2.50, 2.32, 1.6733, 2.515
2025/07/06 5:21:43, 452.12, 86.35, 2.96, 100.00, 2.40, 2.27, 2.11, 1.6532, 2.012
2025/07/06 5:26:43, 473.57, 86.35, 2.86, 100.00, 2.45, 2.27, 2.03, 1.7437, 2.515
2025/07/06 5:31:43, 467.51, 86.35, 2.61, 100.00, 2.27, 2.11, 1.98, 1.6331, 2.012
2025/07/06 5:36:43, 471.90, 86.32, 2.89, 100.00, 2.63, 2.48, 2.22, 1.3212, 2.012
2025/07/06 5:41:43, 485.09, 86.32, 2.73, 100.00, 2.43, 2.43, 2.30, 1.3883, 2.515
2025/07/06 5:46:43, 463.37, 86.32, 2.76, 100.00, 2.53, 2.40, 2.19, 1.5962, 2.515
2025/07/06 5:51:43, 470.41, 86.32, 3.04, 100.00, 2.50, 2.45, 2.24, 1.7739, 2.515
2025/07/06 5:56:43, 461.18, 86.29, 3.40, 100.00, 3.19, 2.68, 2.30, 1.5861, 2.515
2025/07/06 6:01:43, 445.62, 86.26, 3.04, 100.00, 2.73, 2.63, 2.37, 1.5627, 2.012
2025/07/06 6:06:43, 444.74, 86.29, 3.55, 100.00, 3.09, 2.91, 2.63, 1.9248, 2.515
2025/07/06 6:11:43, 440.43, 86.26, 3.75, 100.00, 3.09, 2.91, 2.61, 1.851, 2.012
2025/07/06 6:16:43, 441.75, 86.29, 3.70, 100.00, 2.94, 2.84, 2.61, 1.6331, 2.012
2025/07/06 6:21:43, 445.44, 86.26, 3.53, 100.00, 2.73, 2.71, 2.53, 1.4654, 2.012
2025/07/06 6:26:43, 440.96, 86.29, 3.50, 100.00, 3.19, 2.99, 2.68, 1.6532, 2.515
2025/07/06 6:31:43, 461.53, 86.26, 3.70, 100.00, 3.25, 3.06, 2.81, 1.8276, 2.515
2025/07/06 6:36:43, 446.49, 86.26, 3.90, 100.00, 3.09, 2.96, 2.73, 1.8443, 2.515
2025/07/06 6:41:43, 446.76, 86.26, 3.70, 100.00, 3.17, 3.09, 2.84, 1.8108, 2.012
2025/07/06 6:46:43, 433.92, 86.29, 3.78, 100.00, 3.09, 3.09, 2.78, 2.1059, 2.515
2025/07/06 6:51:43, 451.59, 86.29, 3.40, 100.00, 2.61, 2.61, 2.32, 2.0724, 2.515
2025/07/06 6:56:43, 445.79, 86.26, 3.70, 100.00, 3.06, 2.94, 2.71, 1.8846, 2.515
2025/07/06 7:01:43, 447.11, 86.26, 3.90, 100.00, 3.32, 3.14, 2.94, 2.1428, 3.018
2025/07/06 7:06:43, 439.11, 86.26, 3.88, 100.00, 3.43, 3.27, 3.09, 2.0053, 2.515
2025/07/06 7:11:43, 440.34, 86.23, 4.03, 100.00, 3.45, 3.30, 3.14, 2.2233, 3.018
2025/07/06 7:16:43, 440.87, 86.23, 4.10, 100.00, 3.35, 3.25, 3.14, 2.629, 3.018
2025/07/06 7:21:43, 455.11, 86.23, 4.00, 100.00, 3.40, 3.25, 3.09, 2.354, 3.018
2025/07/06 7:26:43, 450.89, 86.26, 4.08, 100.00, 3.58, 3.37, 3.19, 2.3876, 3.018
2025/07/06 7:31:43, 441.84, 86.23, 4.18, 100.00, 3.50, 3.40, 3.27, 2.1562, 3.521
2025/07/06 7:36:43, 450.71, 86.23, 4.00, 100.00, 3.43, 3.30, 3.19, 2.0321, 3.018
2025/07/06 7:41:43, 448.52, 86.23, 3.83, 100.00, 3.14, 3.01, 2.89, 2.572, 3.521
2025/07/06 7:46:43, 432.52, 86.23, 4.08, 100.00, 3.63, 3.50, 3.30, 2.6592, 3.521
2025/07/06 7:51:43, 450.27, 86.23, 4.00, 100.00, 3.12, 2.96, 2.84, 2.4915, 3.018
2025/07/06 7:56:43, 440.16, 86.23, 4.05, 100.00, 3.32, 3.19, 3.04, 2.3943, 3.018
2025/07/06 8:01:43, 444.65, 86.23, 3.98, 100.00, 3.32, 3.19, 3.04, 2.6625, 3.018
2025/07/06 8:06:43, 446.93, 86.23, 4.18, 100.00, 3.40, 3.27, 3.17, 2.7229, 3.521
2025/07/06 8:11:43, 441.13, 86.23, 4.18, 100.00, 3.40, 3.22, 3.09, 2.2534, 2.515
2025/07/06 8:16:43, 449.75, 86.32, 4.33, 100.00, 3.40, 3.22, 3.14, 2.1059, 2.515
2025/07/06 8:21:43, 459.95, 86.20, 4.31, 100.00, 3.32, 3.17, 3.09, 1.4889, 2.012
2025/07/06 8:26:43, 453.62, 86.16, 4.64, 100.00, 3.90, 3.68, 3.50, 1.5056, 2.515
2025/07/06 8:31:43, 455.29, 86.20, 4.71, 100.00, 3.53, 3.43, 3.32, 1.8678, 2.515
2025/07/06 8:36:43, 460.30, 86.16, 4.61, 100.00, 3.50, 3.32, 3.22, 1.9751, 2.515
2025/07/06 8:41:43, 454.05, 86.04, 4.56, 100.00, 3.37, 3.27, 3.19, 2.0522, 2.515
2025/07/06 8:46:43, 449.31, 86.07, 4.61, 100.00, 3.45, 3.35, 3.25, 2.2434, 2.515
2025/07/06 8:51:43, 440.87, 86.07, 4.95, 100.00, 3.55, 3.63, 3.50, 1.955, 2.515
2025/07/06 8:56:43, 459.15, 86.04, 5.43, 100.00, 3.98, 3.98, 3.85, 2.0254, 3.018
2025/07/06 9:01:43, 447.64, 86.16, 5.31, 100.00, 4.51, 4.21, 3.93, 3.1152, 4.527
2025/07/06 9:06:43, 443.33, 86.13, 5.26, 100.00, 4.31, 4.03, 3.85, 3.3399, 4.024
2025/07/06 9:11:43, 450.01, 86.23, 5.16, 100.00, 4.23, 3.90, 3.73, 2.5552, 3.018
2025/07/06 9:16:43, 457.66, 86.29, 5.31, 100.00, 4.10, 3.85, 3.70, 2.6793, 3.521
2025/07/06 9:21:43, 450.89, 86.16, 5.13, 100.00, 3.90, 3.63, 3.50, 2.7732, 3.521
2025/07/06 9:26:43, 446.49, 86.13, 5.05, 100.00, 4.23, 3.90, 3.73, 2.676, 3.521
2025/07/06 9:31:43, 444.74, 86.51, 5.00, 100.00, 3.95, 3.65, 3.55, 2.8906, 4.024
2025/07/06 9:36:43, 445.00, 86.45, 4.81, 100.00, 3.90, 3.58, 3.45, 3.3533, 4.024
2025/07/06 9:41:43, 449.04, 86.10, 4.81, 100.00, 4.03, 3.70, 3.63, 3.3064, 4.024
2025/07/06 9:46:43, 447.73, 86.20, 4.83, 100.00, 3.90, 3.65, 3.55, 3.018, 4.024
2025/07/06 9:51:43, 449.40, 86.23, 4.91, 100.00, 3.90, 3.63, 3.53, 2.7967, 3.521
2025/07/06 9:56:43, 460.03, 86.26, 4.76, 100.00, 3.40, 3.19, 3.12, 2.9208, 4.024
2025/07/06 10:01:43, 447.11, 86.23, 4.71, 100.00, 3.70, 3.40, 3.40, 2.9308, 4.527
2025/07/06 10:06:43, 453.97, 86.23, 4.61, 100.00, 3.65, 3.58, 3.30, 3.5244, 4.024
2025/07/06 10:11:43, 447.64, 86.23, 4.78, 100.00, 3.73, 3.65, 3.48, 2.9107, 3.521
2025/07/06 10:16:43, 453.26, 85.79, 4.51, 100.00, 3.53, 3.50, 3.27, 3.0079, 3.521
2025/07/06 10:21:43, 446.93, 86.07, 4.56, 100.00, 3.65, 3.55, 3.32, 3.0448, 3.521
2025/07/06 10:26:43, 455.11, 86.07, 4.49, 100.00, 3.53, 3.35, 3.22, 2.8772, 3.521
2025/07/06 10:31:43, 453.53, 86.20, 4.56, 100.00, 3.40, 3.30, 3.19, 2.116, 3.018
2025/07/06 10:36:43, 461.18, 86.26, 4.71, 100.00, 3.63, 3.48, 3.30, 3.1521, 4.527
2025/07/06 10:41:43, 447.90, 86.26, 4.86, 100.00, 4.00, 3.78, 3.60, 2.6659, 3.521
2025/07/06 10:46:43, 461.88, 86.26, 4.91, 100.00, 3.75, 3.60, 3.43, 2.7631, 3.521
2025/07/06 10:51:43, 459.77, 86.26, 5.03, 100.00, 4.10, 3.98, 3.73, 2.7196, 3.521
2025/07/06 10:56:43, 476.12, 85.76, 5.36, 100.00, 4.21, 4.05, 3.90, 2.8537, 4.024
2025/07/06 11:01:43, 468.82, 85.95, 5.33, 100.00, 4.23, 4.23, 3.90, 2.6592, 3.521
2025/07/06 11:06:43, 461.44, 86.32, 5.26, 100.00, 3.98, 4.00, 3.60, 2.2937, 3.018
2025/07/06 11:11:43, 452.65, 86.16, 5.55, 100.00, 4.31, 4.26, 3.90, 2.4043, 3.521
2025/07/06 11:16:43, 451.51, 86.10, 5.82, 100.00, 4.46, 4.44, 4.03, 2.8973, 4.527
2025/07/06 11:21:43, 463.55, 86.16, 5.85, 100.00, 4.39, 4.33, 3.95, 2.8738, 4.024
2025/07/06 11:26:43, 454.49, 86.13, 5.55, 100.00, 4.26, 4.26, 3.90, 2.572, 3.521
2025/07/06 11:31:43, 464.25, 86.13, 5.51, 100.00, 4.41, 4.31, 4.16, 3.9905, 5.533
2025/07/06 11:36:43, 478.58, 86.13, 5.36, 100.00, 4.05, 3.93, 3.85, 3.2058, 4.527
2025/07/06 11:41:43, 480.78, 86.10, 5.28, 100.00, 4.21, 4.08, 4.00, 2.8168, 5.533
2025/07/06 11:46:43, 483.68, 86.10, 5.41, 100.00, 4.88, 4.81, 4.81, 3.2997, 7.545
2025/07/06 11:51:43, 527.11, 86.04, 5.46, 100.00, 4.44, 4.23, 4.08, 4.299, 7.042
2025/07/06 11:56:43, 503.20, 86.69, 6.06, 100.00, 4.54, 4.41, 4.31, 3.5411, 6.539
2025/07/06 12:01:43, 513.31, 86.66, 5.68, 100.00, 4.83, 4.73, 4.61, 2.7497, 4.024
2025/07/06 12:06:43, 498.63, 85.79, 5.73, 100.00, 4.41, 4.16, 4.08, 3.5713, 5.03
2025/07/06 12:11:43, 496.60, 85.88, 5.99, 100.00, 4.54, 4.33, 4.26, 3.3533, 5.03
2025/07/06 12:16:43, 491.77, 85.85, 6.06, 100.00, 5.26, 4.93, 4.93, 3.4975, 5.533
2025/07/06 12:21:43, 500.21, 86.01, 5.82, 100.00, 4.39, 4.21, 4.26, 3.1018, 4.527
2025/07/06 12:26:43, 504.08, 86.57, 6.19, 100.00, 4.76, 4.66, 4.51, 3.236, 6.036
2025/07/06 12:31:43, 515.07, 86.85, 6.34, 100.00, 5.13, 5.08, 4.71, 3.1018, 5.03
2025/07/06 12:36:43, 466.63, 86.69, 6.58, 100.00, 4.91, 4.86, 4.73, 2.5217, 3.521
2025/07/06 12:41:43, 470.58, 86.45, 6.68, 100.00, 4.93, 4.93, 4.83, 2.8604, 4.527
2025/07/06 12:46:43, 474.63, 86.35, 6.39, 100.00, 4.86, 4.86, 4.81, 2.9107, 4.527
2025/07/06 12:51:43, 473.48, 85.70, 6.58, 100.00, 4.61, 4.54, 4.46, 3.0784, 4.024
2025/07/06 12:56:43, 463.73, 86.01, 6.39, 100.00, 4.86, 4.69, 4.61, 2.5385, 3.521
2025/07/06 13:01:43, 485.53, 86.01, 6.24, 100.00, 4.86, 4.66, 4.61, 2.904, 4.024
2025/07/06 13:06:43, 489.57, 86.23, 6.26, 100.00, 4.61, 4.56, 4.39, 3.1857, 6.539
2025/07/06 13:11:43, 467.59, 86.51, 6.34, 100.00, 4.64, 4.49, 4.41, 2.6927, 4.527
2025/07/06 13:16:43, 483.15, 86.63, 6.41, 100.00, 4.83, 4.59, 4.64, 3.122, 5.533
2025/07/06 13:21:43, 497.75, 85.98, 6.58, 100.00, 5.03, 4.81, 4.91, 2.4077, 5.03
2025/07/06 13:26:43, 473.22, 86.69, 6.34, 100.00, 4.91, 4.66, 4.66, 2.7263, 4.024
2025/07/06 13:31:43, 475.59, 86.57, 6.09, 100.00, 4.66, 4.39, 4.36, 2.8336, 4.527
2025/07/06 13:36:43, 495.11, 86.16, 6.73, 100.00, 5.18, 4.98, 4.73, 3.0683, 6.539
2025/07/06 13:41:43, 499.59, 86.20, 6.39, 100.00, 5.03, 4.81, 4.66, 2.7229, 4.024
2025/07/06 13:46:43, 504.43, 86.32, 6.61, 100.00, 4.91, 4.81, 4.56, 2.5184, 3.521
2025/07/06 13:51:43, 519.81, 86.91, 6.92, 100.00, 5.05, 5.00, 4.78, 2.5854, 4.527
2025/07/06 13:56:43, 484.38, 86.88, 6.80, 100.00, 5.21, 5.10, 5.03, 2.8202, 4.527
2025/07/06 14:01:43, 484.65, 86.38, 6.87, 100.00, 5.26, 5.03, 5.00, 2.3607, 3.521
2025/07/06 14:06:43, 489.84, 85.23, 7.38, 100.00, 5.43, 5.31, 5.23, 1.4352, 2.515
2025/07/06 14:11:43, 494.23, 85.48, 7.16, 100.00, 4.93, 4.76, 4.76, 1.8645, 2.515
2025/07/06 14:16:43, 509.53, 85.51, 7.21, 100.00, 5.28, 5.03, 4.83, 2.0589, 3.521
2025/07/06 14:21:43, 503.29, 85.85, 6.34, 100.00, 4.61, 4.41, 4.23, 1.7203, 3.018
2025/07/06 14:26:43, 508.91, 85.70, 5.70, 100.00, 4.54, 4.33, 4.13, 3.0214, 5.03
2025/07/06 14:31:43, 502.14, 86.26, 5.75, 100.00, 4.71, 4.51, 4.36, 3.3433, 5.03
2025/07/06 14:36:43, 498.19, 86.32, 5.28, 100.00, 4.16, 3.98, 3.75, 3.4975, 6.036
2025/07/06 14:41:43, 515.51, 86.45, 5.28, 100.00, 4.10, 3.98, 3.80, 2.7631, 3.521
2025/07/06 14:46:43, 522.27, 86.51, 5.48, 100.00, 4.69, 4.61, 4.41, 4.1481, 7.042
2025/07/06 14:51:43, 522.54, 86.60, 5.23, 100.00, 4.21, 4.10, 3.95, 3.8496, 6.036
2025/07/06 14:56:43, 500.30, 86.57, 5.16, 100.00, 4.26, 4.13, 3.98, 4.6712, 6.036
2025/07/06 15:01:43, 499.59, 86.73, 5.26, 100.00, 4.26, 4.16, 3.83, 4.5907, 9.054
2025/07/06 15:06:43, 519.46, 86.73, 5.08, 100.00, 4.66, 4.56, 4.23, 4.1246, 7.042
2025/07/06 15:11:43, 525.00, 86.66, 5.26, 100.00, 4.28, 4.16, 3.95, 3.4338, 5.03
2025/07/06 15:16:43, 528.52, 86.63, 5.10, 100.00, 4.44, 4.31, 4.10, 3.6853, 6.036
2025/07/06 15:21:43, 541.88, 85.98, 4.83, 100.00, 4.46, 4.26, 4.08, 3.5881, 5.533
2025/07/06 15:26:43, 542.93, 85.76, 4.95, 100.00, 4.13, 3.95, 3.80, 4.4264, 6.539
2025/07/06 15:31:43, 540.56, 85.76, 4.76, 100.00, 4.26, 4.10, 3.93, 4.4868, 6.036
2025/07/06 15:36:43, 513.13, 85.76, 5.08, 100.00, 4.05, 3.93, 3.75, 4.2721, 7.545
2025/07/06 15:41:43, 516.21, 85.76, 5.68, 100.00, 4.28, 4.21, 4.03, 2.1663, 3.521
2025/07/06 15:46:43, 522.71, 85.63, 5.23, 100.00, 4.61, 4.44, 4.21, 2.7665, 4.024
2025/07/06 15:51:43, 509.09, 85.57, 5.21, 100.00, 3.90, 3.80, 3.65, 3.1354, 5.533
2025/07/06 15:56:43, 518.93, 85.57, 5.36, 100.00, 4.18, 4.00, 3.80, 2.7699, 3.521
2025/07/06 16:01:43, 533.18, 85.57, 5.21, 100.00, 4.13, 4.05, 3.88, 4.0877, 5.533
2025/07/06 16:06:43, 515.59, 85.66, 4.98, 100.00, 3.93, 3.80, 3.60, 3.5277, 5.533
2025/07/06 16:11:43, 535.64, 85.63, 4.95, 100.00, 4.44, 4.33, 4.21, 3.3869, 5.03
2025/07/06 16:16:43, 517.62, 85.60, 5.16, 100.00, 4.05, 3.98, 3.83, 3.9871, 6.036
2025/07/06 16:21:43, 508.82, 85.63, 4.98, 100.00, 3.75, 3.68, 3.50, 3.5344, 5.03
2025/07/06 16:26:43, 516.21, 85.63, 5.21, 100.00, 3.98, 3.90, 3.70, 2.6894, 4.024
2025/07/06 16:31:43, 512.43, 85.63, 5.28, 100.00, 3.85, 3.80, 3.63, 2.6592, 4.024
2025/07/06 16:36:43, 521.66, 85.82, 4.86, 100.00, 3.45, 3.35, 3.19, 2.3138, 3.521
2025/07/06 16:41:43, 521.31, 85.82, 4.69, 100.00, 3.48, 3.35, 3.19, 2.1227, 3.018
2025/07/06 16:46:43, 521.66, 85.76, 4.71, 100.00, 4.16, 4.00, 3.78, 2.4077, 4.024
2025/07/06 16:51:43, 530.45, 85.66, 5.03, 100.00, 4.13, 4.05, 3.85, 2.3842, 3.521
2025/07/06 16:56:43, 520.60, 85.73, 4.61, 100.00, 3.63, 3.48, 3.25, 2.4714, 3.521
2025/07/06 17:01:43, 525.35, 85.76, 4.51, 100.00, 3.25, 3.19, 3.04, 1.9751, 3.018
2025/07/06 17:06:43, 530.27, 85.73, 4.66, 100.00, 4.03, 3.85, 3.55, 1.8242, 3.521
2025/07/06 17:11:43, 524.82, 85.73, 4.51, 100.00, 3.48, 3.50, 3.37, 1.5492, 2.012
2025/07/06 17:16:43, 509.70, 85.73, 4.81, 100.00, 3.60, 3.55, 3.32, 1.3581, 2.012
2025/07/06 17:21:43, 496.87, 85.76, 4.51, 100.00, 3.68, 3.55, 3.30, 2.3809, 4.024
2025/07/06 17:26:43, 496.16, 85.79, 4.26, 100.00, 3.32, 3.19, 2.99, 2.2132, 3.018
2025/07/06 17:31:43, 492.65, 85.82, 4.46, 100.00, 3.65, 3.45, 3.19, 2.1696, 3.018
2025/07/06 17:36:43, 505.48, 85.79, 4.51, 100.00, 3.37, 3.30, 3.04, 1.7806, 3.018
2025/07/06 17:41:43, 494.58, 85.79, 4.59, 100.00, 3.65, 3.50, 3.22, 1.623, 2.515
2025/07/06 17:46:43, 529.48, 85.73, 4.61, 100.00, 3.88, 3.80, 3.60, 1.4989, 2.515
2025/07/06 17:51:43, 491.86, 85.70, 5.00, 100.00, 3.83, 3.73, 3.48, 1.3313, 2.012
2025/07/06 17:56:43, 554.45, 85.70, 4.71, 100.00, 4.03, 3.98, 3.78, 1.5258, 2.515
2025/07/06 18:01:43, 521.13, 86.13, 4.51, 100.00, 3.78, 3.73, 3.48, 1.2441, 2.012
2025/07/06 18:06:43, 521.48, 86.13, 4.76, 100.00, 3.85, 3.80, 3.55, 1.7404, 3.521
2025/07/06 18:11:43, 515.33, 86.26, 4.46, 100.00, 3.65, 3.63, 3.45, 1.5828, 2.515
2025/07/06 18:16:43, 505.57, 86.07, 5.03, 100.00, 4.08, 3.95, 3.68, 1.452, 2.515
2025/07/06 18:21:43, 503.55, 86.20, 7.09, 100.00, 5.31, 5.18, 5.00, 1.5023, 2.515
2025/07/06 18:26:43, 532.12, 86.20, 5.21, 100.00, 4.16, 4.10, 3.98, 1.2843, 2.012
2025/07/06 18:31:43, 526.23, 86.13, 4.71, 100.00, 4.00, 3.90, 3.70, 1.1502, 2.515
2025/07/06 18:36:43, 536.25, 86.13, 5.31, 100.00, 4.69, 4.59, 4.49, 0.8685, 1.509
2025/07/06 18:41:43, 543.20, 86.10, 4.41, 100.00, 3.70, 3.60, 3.55, 1.6532, 3.018
2025/07/06 18:46:43, 538.36, 86.10, 3.75, 100.00, 3.37, 3.27, 3.19, 1.3413, 2.012
2025/07/06 18:51:43, 528.78, 86.13, 3.65, 100.00, 3.25, 3.14, 3.01, 1.3916, 2.012
2025/07/06 18:56:43, 527.02, 86.13, 3.53, 100.00, 3.14, 3.01, 2.89, 1.1804, 2.012
2025/07/06 19:01:43, 540.12, 86.13, 3.30, 100.00, 2.81, 2.68, 2.53, 1.3212, 2.515
2025/07/06 19:06:43, 509.88, 86.10, 3.63, 100.00, 3.35, 3.17, 2.89, 1.0228, 2.012
2025/07/06 19:11:43, 502.67, 86.13, 3.58, 100.00, 3.19, 2.96, 2.66, 1.0496, 2.012
2025/07/06 19:16:43, 515.77, 86.10, 3.73, 100.00, 3.78, 3.60, 3.32, 1.4151, 3.018
2025/07/06 19:21:43, 518.93, 86.13, 3.85, 100.00, 3.85, 3.73, 3.48, 2.4781, 4.527
2025/07/06 19:26:43, 503.90, 86.10, 3.93, 100.00, 3.80, 3.68, 3.45, 2.2803, 3.521
2025/07/06 19:31:43, 492.47, 86.10, 3.55, 100.00, 3.22, 3.01, 2.81, 2.2266, 3.521
2025/07/06 19:36:43, 509.44, 86.10, 3.45, 100.00, 3.19, 3.04, 2.89, 2.2937, 4.024
2025/07/06 19:41:43, 515.07, 86.10, 3.53, 100.00, 3.37, 3.30, 3.17, 2.8872, 4.527
2025/07/06 19:46:43, 510.32, 86.10, 3.12, 100.00, 2.99, 2.84, 2.58, 2.2601, 3.521
2025/07/06 19:51:43, 504.87, 86.10, 3.22, 100.00, 2.71, 2.53, 2.37, 2.4211, 4.024
2025/07/06 19:56:43, 500.12, 86.10, 3.30, 100.00, 3.22, 3.09, 2.89, 2.0355, 3.521
2025/07/06 20:01:43, 529.84, 86.10, 3.43, 100.00, 3.65, 3.55, 3.32, 2.686, 4.024
2025/07/06 20:06:43, 499.86, 86.10, 3.35, 100.00, 3.22, 3.09, 2.86, 2.8101, 4.527
2025/07/06 20:11:43, 519.46, 86.10, 3.19, 100.00, 2.89, 2.81, 2.61, 1.8678, 4.024
2025/07/06 20:16:43, 511.46, 86.10, 3.27, 100.00, 2.81, 2.73, 2.58, 2.3675, 4.527
2025/07/06 20:21:43, 508.91, 86.10, 3.19, 100.00, 2.91, 2.68, 2.45, 1.9718, 3.018
2025/07/06 20:26:43, 536.96, 86.10, 3.45, 100.00, 3.40, 3.30, 3.09, 2.3742, 3.521
2025/07/06 20:31:43, 519.37, 86.10, 3.37, 100.00, 2.96, 2.81, 2.63, 2.8503, 6.036
2025/07/06 20:36:43, 526.41, 86.10, 3.48, 100.00, 3.17, 3.09, 2.91, 3.3701, 4.527
2025/07/06 20:41:43, 520.60, 86.07, 3.19, 100.00, 2.96, 2.89, 2.73, 4.3795, 6.539
2025/07/06 20:46:43, 517.53, 86.07, 3.25, 100.00, 3.19, 3.04, 2.91, 5.5632, 8.048
2025/07/06 20:51:43, 520.16, 86.07, 3.37, 100.00, 3.19, 3.06, 2.94, 5.0837, 7.042
2025/07/06 20:56:43, 530.89, 86.10, 2.86, 100.00, 2.63, 2.48, 2.37, 3.6317, 5.03
2025/07/06 21:01:43, 522.98, 86.10, 3.35, 100.00, 3.22, 2.99, 2.76, 4.2017, 7.545
2025/07/06 21:06:43, 536.78, 86.13, 3.32, 100.00, 3.09, 2.94, 2.73, 3.853, 6.036
2025/07/06 21:11:43, 519.73, 86.13, 2.86, 100.00, 2.84, 2.71, 2.50, 3.2293, 4.527
2025/07/06 21:16:43, 528.69, 86.13, 3.01, 100.00, 3.12, 3.01, 2.89, 3.7792, 5.533
2025/07/06 21:21:43, 529.40, 86.10, 2.81, 100.00, 2.66, 2.53, 2.35, 4.0039, 6.036
2025/07/06 21:26:43, 520.60, 86.10, 2.73, 100.00, 2.58, 2.48, 2.32, 3.1354, 4.527
2025/07/06 21:31:43, 515.42, 86.10, 2.73, 100.00, 2.73, 2.63, 2.48, 3.9133, 6.036
2025/07/06 21:36:43, 518.14, 86.10, 2.66, 100.00, 2.71, 2.56, 2.40, 3.0012, 5.03
2025/07/06 21:41:43, 523.59, 86.07, 2.56, 100.00, 2.53, 2.45, 2.30, 3.6719, 5.533
2025/07/06 21:46:43, 501.26, 86.10, 2.27, 100.00, 2.37, 2.19, 1.98, 3.2896, 5.533
2025/07/06 21:51:43, 516.21, 86.10, 2.27, 100.00, 2.43, 2.32, 2.16, 3.1957, 5.533
2025/07/06 21:56:43, 507.95, 86.10, 2.35, 100.00, 2.19, 2.11, 1.98, 2.9778, 5.533
2025/07/06 22:01:43, 522.54, 86.10, 2.22, 100.00, 2.63, 2.48, 2.37, 1.7639, 3.521
2025/07/06 22:06:43, 514.10, 86.10, 2.22, 100.00, 2.40, 2.30, 2.19, 1.8577, 3.018
2025/07/06 22:11:43, 528.96, 86.10, 2.50, 100.00, 2.78, 2.71, 2.56, 2.6324, 5.03
2025/07/06 22:16:43, 506.19, 86.10, 2.32, 100.00, 2.32, 2.24, 2.11, 2.2031, 3.521
2025/07/06 22:21:43, 519.29, 86.07, 2.22, 100.00, 2.40, 2.32, 2.16, 1.6733, 3.521
2025/07/06 22:26:43, 517.88, 86.10, 2.22, 100.00, 2.37, 2.30, 2.19, 2.1126, 4.527
2025/07/06 22:31:43, 509.18, 86.07, 2.11, 100.00, 2.37, 2.27, 2.16, 2.2635, 4.024
2025/07/06 22:36:43, 516.82, 86.07, 2.16, 100.00, 2.45, 2.35, 2.22, 3.1085, 4.527
2025/07/06 22:41:43, 504.16, 86.07, 2.08, 100.00, 2.19, 2.06, 1.93, 3.3869, 5.533
2025/07/06 22:46:43, 516.38, 86.07, 2.35, 100.00, 2.73, 2.61, 2.50, 3.9469, 6.036
2025/07/06 22:51:43, 509.35, 86.07, 2.19, 100.00, 2.48, 2.37, 2.27, 4.0408, 6.539
2025/07/06 22:56:43, 511.11, 86.07, 2.16, 100.00, 2.45, 2.35, 2.24, 3.8161, 6.036
2025/07/06 23:01:43, 499.68, 86.07, 2.27, 100.00, 2.68, 2.53, 2.40, 2.7363, 4.024
2025/07/06 23:06:43, 516.65, 86.04, 2.27, 100.00, 2.61, 2.50, 2.43, 2.5016, 3.521
2025/07/06 23:11:43, 523.24, 86.04, 2.24, 100.00, 2.73, 2.68, 2.68, 2.7933, 5.533
2025/07/06 23:16:43, 514.98, 86.04, 2.11, 100.00, 2.22, 2.11, 2.00, 2.9275, 4.527
2025/07/06 23:21:43, 505.13, 86.04, 2.14, 100.00, 2.22, 2.08, 2.03, 2.2836, 4.527
2025/07/06 23:26:43, 522.89, 86.04, 2.16, 100.00, 2.61, 2.45, 2.32, 2.183, 4.024
2025/07/06 23:31:43, 522.63, 86.01, 2.06, 100.00, 2.16, 2.08, 2.03, 2.2601, 5.03
2025/07/06 23:36:43, 559.46, 86.01, 2.27, 100.00, 2.78, 2.71, 2.68, 1.7236, 3.521
2025/07/06 23:41:43, 529.31, 86.01, 2.16, 100.00, 2.43, 2.32, 2.27, 1.67, 3.018
2025/07/06 23:46:43, 511.55, 86.01, 1.95, 100.00, 2.19, 2.08, 2.06, 1.6666, 2.515
2025/07/06 23:51:43, 541.35, 86.01, 2.08, 100.00, 2.58, 2.48, 2.50, 2.0724, 4.024
2025/07/06 23:56:43, 507.33, 85.95, 2.22, 100.00, 2.63, 2.48, 2.43, 2.9442, 5.533
2025/07/07 0:01:43, 525.70, 85.98, 1.88, 100.00, 1.88, 1.77, 1.72, 2.6726, 4.527
2025/07/07 0:06:43, 521.04, 85.98, 1.95, 100.00, 2.08, 1.98, 1.90, 1.6767, 2.515
2025/07/07 0:11:43, 533.79, 85.98, 2.16, 100.00, 2.27, 2.14, 2.11, 1.6532, 3.521
2025/07/07 0:16:43, 507.59, 85.98, 2.22, 100.00, 2.30, 2.14, 2.00, 2.1126, 4.527
2025/07/07 0:21:43, 518.93, 85.98, 1.95, 100.00, 1.83, 1.70, 1.57, 1.3581, 2.515
2025/07/07 0:26:43, 529.75, 85.98, 2.11, 100.00, 2.37, 2.27, 2.14, 1.1066, 3.018
2025/07/07 0:31:43, 517.62, 85.95, 2.16, 100.00, 2.40, 2.30, 2.24, 1.955, 5.03
2025/07/07 0:36:43, 512.96, 85.95, 2.11, 100.00, 1.93, 1.85, 1.85, 2.8671, 5.03
2025/07/07 0:41:43, 503.46, 85.95, 2.06, 100.00, 1.95, 1.85, 1.77, 2.9073, 5.533
2025/07/07 0:46:43, 507.33, 85.95, 1.95, 100.00, 1.88, 1.72, 1.64, 1.8074, 3.018
2025/07/07 0:51:43, 503.11, 85.95, 1.85, 100.00, 1.64, 1.51, 1.41, 1.9449, 3.521
2025/07/07 0:56:43, 515.86, 85.98, 1.93, 100.00, 1.90, 1.80, 1.72, 1.7907, 2.515
2025/07/07 1:01:43, 521.66, 85.91, 1.90, 100.00, 1.85, 1.72, 1.62, 1.7471, 3.018
2025/07/07 1:06:43, 491.77, 85.95, 1.88, 100.00, 1.70, 1.59, 1.46, 1.3044, 2.012
2025/07/07 1:11:43, 521.84, 85.95, 2.03, 100.00, 2.08, 1.90, 1.72, 1.1401, 2.515
2025/07/07 1:16:43, 513.31, 85.95, 2.16, 100.00, 2.08, 2.00, 1.90, 1.4922, 2.515
2025/07/07 1:21:43, 511.90, 85.95, 1.90, 100.00, 1.59, 1.43, 1.33, 0.9859, 1.509
2025/07/07 1:26:43, 530.19, 85.91, 1.95, 100.00, 2.11, 1.95, 1.80, 1.2206, 3.018
2025/07/07 1:31:43, 532.65, 85.91, 2.06, 100.00, 1.98, 1.83, 1.67, 1.3346, 2.012
2025/07/07 1:36:43, 515.51, 85.91, 1.90, 100.00, 1.85, 1.70, 1.46, 0.5399, 1.509
2025/07/07 1:41:43, 477.79, 85.95, 1.95, 100.00, 1.85, 1.75, 1.54, 0.6539, 1.509
2025/07/07 1:46:43, 512.69, 85.91, 1.70, 100.00, 1.77, 1.43, 1.14, 1.0697, 2.012
2025/07/07 1:51:43, 525.62, 85.91, 1.70, 100.00, 1.59, 1.41, 1.22, 0.2213, 1.006
2025/07/07 1:56:43, 472.96, 85.88, 1.95, 100.00, 2.00, 1.98, 1.90, 0.3823, 1.509
2025/07/07 2:01:43, 498.63, 85.88, 1.88, 100.00, 1.90, 1.67, 1.35, 0.4326, 2.012
2025/07/07 2:06:43, 466.01, 85.88, 1.38, 100.00, 1.19, 1.11, 1.06, 0.7847, 2.012
2025/07/07 2:11:43, 473.31, 85.88, 1.11, 100.00, 1.14, 1.06, 1.00, 1.0999, 2.012
2025/07/07 2:16:43, 466.01, 85.88, 1.30, 100.00, 1.38, 1.27, 1.19, 1.6364, 2.515
2025/07/07 2:21:43, 464.25, 85.85, 1.27, 100.00, 1.27, 1.17, 1.06, 1.6297, 2.515
2025/07/07 2:26:43, 459.59, 85.85, 1.17, 100.00, 1.11, 1.00, 0.95, 1.7672, 3.018
2025/07/07 2:31:43, 478.93, 85.85, 1.43, 100.00, 1.64, 1.57, 1.43, 1.9382, 3.018
2025/07/07 2:36:43, 473.13, 85.85, 1.54, 100.00, 1.43, 1.35, 1.27, 2.4781, 3.521
2025/07/07 2:41:43, 499.15, 85.85, 1.64, 100.00, 1.72, 1.64, 1.57, 2.4513, 4.527
2025/07/07 2:46:43, 505.75, 85.85, 1.64, 100.00, 1.64, 1.54, 1.49, 2.2065, 4.024
2025/07/07 2:51:43, 496.60, 85.82, 1.75, 100.00, 1.90, 1.85, 1.75, 1.7538, 3.521
2025/07/07 2:56:43, 492.65, 85.85, 1.51, 100.00, 1.49, 1.43, 1.33, 2.0657, 3.018
2025/07/07 3:01:43, 501.00, 85.85, 1.49, 100.00, 1.41, 1.33, 1.25, 2.8604, 4.024
2025/07/07 3:06:43, 503.99, 85.82, 1.38, 100.00, 1.33, 1.27, 1.17, 2.3172, 4.024
2025/07/07 3:11:43, 480.25, 85.79, 0.93, 100.00, 0.90, 0.82, 0.77, 1.7706, 3.018
2025/07/07 3:16:43, 486.93, 85.82, 1.30, 100.00, 1.22, 1.19, 1.11, 2.0489, 3.521
2025/07/07 3:21:43, 465.84, 85.82, 1.25, 100.00, 1.38, 1.27, 1.17, 1.67, 2.012
2025/07/07 3:26:43, 489.31, 85.82, 1.38, 100.00, 1.43, 1.38, 1.30, 1.9516, 3.521
2025/07/07 3:31:43, 493.88, 85.79, 1.51, 100.00, 1.70, 1.59, 1.49, 2.4446, 4.527
2025/07/07 3:36:43, 496.96, 85.82, 1.46, 100.00, 1.46, 1.38, 1.33, 2.1361, 3.018
2025/07/07 3:41:43, 508.30, 85.76, 1.38, 100.00, 1.64, 1.57, 1.49, 1.7136, 3.018
2025/07/07 3:46:43, 488.78, 85.79, 1.22, 100.00, 1.25, 1.17, 1.11, 1.1737, 2.012
2025/07/07 3:51:43, 481.84, 85.79, 1.25, 100.00, 1.41, 1.33, 1.22, 1.8946, 2.515
2025/07/07 3:56:43, 470.41, 85.79, 0.95, 100.00, 0.87, 0.82, 0.79, 1.5157, 2.012
2025/07/07 4:01:43, 484.56, 85.79, 1.08, 100.00, 1.17, 1.11, 1.03, 1.5861, 2.012
2025/07/07 4:06:43, 465.57, 85.70, 0.95, 100.00, 1.00, 0.95, 0.93, 1.8812, 3.018
2025/07/07 4:11:43, 463.64, 85.66, 0.95, 100.00, 0.95, 0.90, 0.85, 2.3909, 3.521
2025/07/07 4:16:43, 451.24, 85.66, 1.00, 100.00, 1.00, 1.00, 0.93, 2.8, 4.024
2025/07/07 4:21:43, 464.96, 85.76, 0.98, 100.00, 0.95, 0.85, 0.90, 2.8134, 4.024
2025/07/07 4:26:43, 486.49, 85.76, 1.11, 100.00, 1.35, 1.33, 1.22, 3.0012, 4.024
2025/07/07 4:31:43, 484.47, 85.76, 1.19, 100.00, 1.27, 1.22, 1.11, 2.9107, 5.03
2025/07/07 4:36:43, 494.23, 85.76, 1.22, 100.00, 1.35, 1.33, 1.22, 2.5586, 3.521
2025/07/07 4:41:43, 513.22, 85.73, 1.30, 100.00, 1.19, 1.17, 1.14, 2.5452, 4.024
2025/07/07 4:46:43, 501.35, 85.73, 1.19, 100.00, 1.33, 1.27, 1.17, 2.354, 3.521
2025/07/07 4:51:43, 519.29, 85.73, 1.19, 100.00, 1.14, 1.11, 1.06, 2.8202, 4.024
2025/07/07 4:56:43, 496.87, 85.73, 1.11, 100.00, 1.25, 1.17, 1.11, 1.8343, 2.515
2025/07/07 5:01:43, 496.52, 85.73, 0.93, 100.00, 0.93, 0.82, 0.82, 1.7672, 2.515
2025/07/07 5:06:43, 499.07, 85.73, 0.90, 100.00, 0.90, 0.79, 0.82, 1.3916, 2.012
2025/07/07 5:11:43, 504.60, 85.70, 0.90, 100.00, 0.98, 0.93, 0.85, 1.4486, 2.012
2025/07/07 5:16:43, 511.29, 85.73, 0.93, 100.00, 0.85, 0.93, 0.85, 1.1804, 2.012
2025/07/07 5:21:43, 513.57, 85.73, 1.00, 100.00, 0.98, 0.93, 0.90, 1.1368, 1.509
2025/07/07 5:26:43, 503.46, 85.70, 1.03, 100.00, 0.93, 0.90, 0.87, 1.1468, 2.012
2025/07/07 5:31:43, 476.12, 85.70, 0.93, 100.00, 0.79, 0.74, 0.72, 1.224, 1.509
2025/07/07 5:36:43, 447.81, 85.66, 0.87, 100.00, 0.77, 0.72, 0.72, 1.5224, 2.012
2025/07/07 5:41:43, 454.93, 85.66, 0.90, 100.00, 0.82, 0.77, 0.74, 1.784, 2.012
2025/07/07 5:46:43, 452.74, 85.66, 1.00, 100.00, 0.85, 0.79, 0.79, 1.8611, 2.515
2025/07/07 5:51:43, 462.32, 85.66, 1.17, 100.00, 1.00, 1.00, 0.93, 1.9818, 2.515
2025/07/07 5:56:43, 450.80, 85.70, 1.43, 100.00, 1.17, 1.17, 1.11, 1.9751, 3.521
2025/07/07 6:01:43, 473.66, 85.66, 1.46, 100.00, 1.11, 1.08, 1.03, 2.344, 3.521
2025/07/07 6:06:43, 463.81, 85.70, 1.43, 100.00, 1.17, 1.17, 1.08, 2.2031, 3.018
2025/07/07 6:11:43, 472.34, 85.66, 1.75, 100.00, 1.46, 1.49, 1.43, 3.0046, 4.527
2025/07/07 6:16:43, 502.93, 85.66, 2.11, 100.00, 1.67, 1.70, 1.67, 2.7497, 5.03
2025/07/07 6:21:43, 517.70, 85.66, 2.06, 100.00, 1.67, 1.64, 1.59, 2.5821, 5.03
2025/07/07 6:26:43, 508.38, 85.66, 1.83, 100.00, 1.64, 1.54, 1.49, 2.1964, 3.521
2025/07/07 6:31:43, 510.05, 85.63, 1.70, 100.00, 1.41, 1.33, 1.27, 2.1294, 3.521
2025/07/07 6:36:43, 512.87, 85.66, 1.67, 100.00, 1.33, 1.25, 1.22, 1.8108, 2.515
2025/07/07 6:41:43, 519.99, 85.60, 1.77, 100.00, 1.46, 1.41, 1.38, 1.4721, 3.018
2025/07/07 6:46:43, 468.65, 85.63, 1.54, 100.00, 1.25, 1.19, 1.17, 2.1528, 3.018
2025/07/07 6:51:43, 449.66, 85.63, 1.46, 100.00, 1.17, 1.14, 1.11, 1.8879, 3.018
2025/07/07 6:56:43, 466.45, 85.63, 1.43, 100.00, 1.00, 1.00, 1.00, 1.0932, 2.012
2025/07/07 7:01:43, 479.46, 85.63, 1.19, 100.00, 0.95, 0.93, 0.87, 1.5694, 2.515
2025/07/07 7:06:43, 442.27, 85.63, 1.17, 100.00, 0.98, 0.93, 0.93, 1.2609, 2.515
2025/07/07 7:11:43, 435.77, 85.63, 1.64, 100.00, 1.35, 1.33, 1.30, 1.2508, 2.515
2025/07/07 7:16:43, 427.95, 85.63, 2.16, 100.00, 1.64, 1.64, 1.59, 0.7511, 1.509
2025/07/07 7:21:43, 390.05, 85.63, 2.40, 100.00, 1.70, 1.64, 1.64, 0.285, 1.006
2025/07/07 7:26:43, 411.86, 85.63, 2.71, 100.00, 2.22, 1.95, 1.95, 0.4091, 1.006
2025/07/07 7:31:43, 429.44, 85.60, 2.37, 100.00, 1.77, 1.70, 1.67, 1.2106, 2.012
2025/07/07 7:36:43, 409.75, 85.60, 3.12, 100.00, 2.45, 2.24, 2.24, 1.1435, 2.012
2025/07/07 7:41:43, 460.82, 85.60, 2.53, 100.00, 1.77, 1.75, 1.72, 1.4151, 2.012
2025/07/07 7:46:43, 469.09, 85.60, 2.37, 100.00, 1.80, 1.75, 1.72, 1.7571, 2.515
2025/07/07 7:51:43, 460.12, 85.60, 2.61, 100.00, 1.90, 1.85, 1.83, 1.3044, 2.515
2025/07/07 7:56:43, 478.67, 85.60, 2.78, 100.00, 1.98, 1.98, 1.95, 1.4621, 2.012
2025/07/07 8:01:43, 446.49, 85.57, 2.50, 100.00, 1.77, 1.75, 1.75, 1.5023, 2.515
2025/07/07 8:06:43, 455.55, 85.54, 2.27, 100.00, 1.77, 1.22, 1.70, 2.1495, 3.018
2025/07/07 8:11:43, 440.34, 85.57, 2.99, 100.00, 2.11, 2.00, 2.06, 1.6398, 2.012
2025/07/07 8:16:43, 436.56, 85.57, 2.89, 100.00, 2.11, 2.06, 2.06, 1.5492, 2.012
2025/07/07 8:21:43, 437.18, 85.57, 2.58, 100.00, 1.75, 1.67, 1.67, 1.5895, 2.515
2025/07/07 8:26:43, 438.05, 85.57, 2.40, 100.00, 1.80, 1.75, 1.70, 2.7397, 3.521
2025/07/07 8:31:43, 437.44, 85.51, 2.24, 100.00, 1.77, 1.70, 1.67, 3.1655, 4.024
2025/07/07 8:36:43, 441.04, 85.54, 2.73, 100.00, 2.06, 1.98, 1.95, 3.0012, 3.521
2025/07/07 8:41:43, 440.16, 85.51, 2.48, 100.00, 1.85, 1.75, 1.75, 2.9409, 3.521
2025/07/07 8:46:43, 437.00, 85.51, 3.06, 100.00, 2.35, 2.27, 2.22, 2.7799, 3.521
2025/07/07 8:51:43, 441.04, 85.54, 3.50, 100.00, 2.48, 2.37, 2.40, 2.24, 3.018
2025/07/07 8:56:43, 431.99, 85.51, 3.50, 100.00, 2.48, 2.43, 2.37, 1.8242, 2.515
2025/07/07 9:01:43, 428.12, 85.51, 4.10, 100.00, 3.09, 3.09, 2.99, 1.8376, 2.515
2025/07/07 9:06:43, 439.20, 85.45, 4.18, 100.00, 2.86, 2.84, 2.84, 2.012, 3.018
2025/07/07 9:11:43, 443.24, 85.45, 3.70, 100.00, 2.76, 2.68, 2.61, 2.1964, 3.018
2025/07/07 9:16:43, 440.08, 85.42, 3.75, 100.00, 2.89, 2.84, 2.76, 2.1562, 2.515
2025/07/07 9:21:43, 444.03, 85.48, 3.90, 100.00, 2.89, 2.91, 2.81, 1.5794, 2.515
2025/07/07 9:26:43, 439.02, 85.38, 4.21, 100.00, 3.43, 3.37, 3.25, 1.5928, 2.012
2025/07/07 9:31:43, 449.57, 85.35, 4.56, 100.00, 3.09, 3.14, 3.12, 1.3514, 2.012
2025/07/07 9:36:43, 438.49, 85.35, 4.78, 100.00, 3.40, 3.43, 3.37, 1.3615, 2.012
2025/07/07 9:41:43, 445.53, 85.35, 4.49, 100.00, 3.14, 3.14, 3.12, 1.4788, 2.012
2025/07/07 9:46:43, 450.89, 85.29, 4.71, 100.00, 3.22, 3.22, 3.30, 1.7136, 2.515
2025/07/07 9:51:43, 449.40, 85.23, 5.03, 100.00, 3.37, 3.43, 3.48, 1.7773, 2.515
2025/07/07 9:56:43, 449.75, 85.29, 5.23, 100.00, 3.45, 3.50, 3.48, 1.7538, 2.515
2025/07/07 10:01:43, 450.36, 85.23, 5.87, 100.00, 3.63, 3.75, 3.68, 1.3648, 2.012
2025/07/07 10:06:43, 442.45, 85.38, 5.43, 100.00, 3.09, 3.22, 3.09, 1.4151, 2.012
2025/07/07 10:11:43, 449.22, 85.26, 5.13, 100.00, 3.40, 3.45, 3.50, 1.5258, 2.012
2025/07/07 10:16:43, 452.56, 85.13, 5.89, 100.00, 3.78, 3.93, 4.03, 1.4621, 2.012
2025/07/07 10:21:43, 435.15, 85.13, 6.09, 100.00, 4.16, 4.16, 4.18, 1.841, 2.515
2025/07/07 10:26:43, 441.66, 85.17, 7.11, 100.00, 4.73, 4.83, 4.88, 1.5492, 2.515
2025/07/07 10:31:43, 431.29, 85.17, 7.26, 98.37, 4.88, 5.08, 5.18, 1.6297, 2.012
2025/07/07 10:36:43, 420.03, 85.13, 9.45, 92.10, 6.44, 6.65, 6.80, 1.0026, 2.012
2025/07/07 10:41:43, 405.53, 85.13, 10.89, 81.09, 7.40, 7.26, 7.04, 0.5231, 1.509
2025/07/07 10:46:43, 405.62, 85.76, 11.91, 72.65, 7.74, 7.28, 7.21, 0.9658, 1.509
2025/07/07 10:51:43, 442.80, 85.91, 9.87, 70.03, 5.41, 5.65, 5.46, 1.1234, 1.509
2025/07/07 10:56:43, 403.15, 85.48, 11.61, 62.19, 6.87, 7.40, 7.71, 0.9188, 2.012
2025/07/07 11:01:43, 433.31, 85.45, 10.93, 64.30, 5.87, 6.24, 6.19, 0.2582, 1.006
2025/07/07 11:06:43, 392.69, 85.48, 11.43, 59.45, 6.24, 6.48, 6.63, 0.674, 1.509
2025/07/07 11:11:43, 397.97, 85.45, 9.59, 63.97, 5.73, 5.38, 5.38, 1.0194, 1.509
2025/07/07 11:16:43, 406.23, 85.42, 11.52, 60.88, 8.19, 7.11, 7.18, 1.1234, 1.509
2025/07/07 11:21:43, 410.80, 85.38, 12.18, 57.90, 9.11, 6.99, 6.80, 0.9959, 1.509
2025/07/07 11:26:43, 361.04, 85.38, 12.09, 54.90, 7.35, 6.24, 6.24, 0.5634, 1.509
2025/07/07 11:31:43, 403.68, 85.35, 14.28, 53.54, 12.04, 9.87, 9.64, 0.6438, 1.509
2025/07/07 11:36:43, 405.88, 85.38, 14.37, 50.33, 9.80, 8.24, 8.24, 0.5868, 1.509
2025/07/07 11:41:43, 446.41, 85.38, 14.05, 46.84, 7.09, 6.82, 7.06, 0.2951, 1.509
2025/07/07 11:46:43, 450.89, 85.38, 10.50, 57.77, 6.51, 6.19, 6.31, 1.2575, 2.012
2025/07/07 11:51:43, 447.37, 85.32, 11.98, 56.08, 8.14, 8.67, 9.57, 0.8182, 1.006
2025/07/07 11:56:43, 447.37, 85.45, 16.22, 48.30, 14.17, 14.42, 13.19, 0.1844, 1.006
2025/07/07 12:01:43, 447.29, 85.29, 17.84, 37.70, 10.38, 9.59, 9.82, 0.1375, 1.006
2025/07/07 12:06:43, 447.29, 85.48, 17.05, 39.82, 10.87, 9.33, 9.16, 0.4661, 1.006
2025/07/07 12:11:43, 447.29, 85.48, 15.32, 44.19, 8.24, 7.23, 7.11, 0.0369, 0.503
2025/07/07 12:16:43, 410.54, 85.48, 13.63, 46.50, 7.43, 7.48, 7.83, 0.2012, 1.006
2025/07/07 12:21:43, 386.10, 85.42, 11.73, 56.24, 6.82, 6.85, 6.87, 0.6874, 1.006
2025/07/07 12:26:43, 372.65, 85.35, 10.03, 64.41, 5.94, 5.63, 5.97, 0.9389, 1.509
2025/07/07 12:31:43, 366.41, 85.35, 8.83, 69.03, 5.48, 5.23, 5.51, 1.2072, 1.509
2025/07/07 12:36:43, 371.07, 85.35, 9.11, 67.51, 5.75, 5.48, 5.99, 1.0597, 1.509
2025/07/07 12:41:43, 367.46, 85.32, 8.90, 68.96, 5.41, 5.46, 5.97, 1.0295, 1.509
2025/07/07 12:46:43, 358.67, 85.35, 7.69, 76.74, 4.61, 4.69, 5.00, 1.3078, 1.509
2025/07/07 12:51:43, 383.37, 85.35, 7.48, 78.49, 4.83, 4.93, 5.18, 1.3983, 2.012
2025/07/07 12:56:43, 373.00, 85.32, 7.16, 83.38, 4.71, 4.76, 4.83, 1.7672, 2.012
2025/07/07 13:01:43, 381.53, 85.38, 7.16, 81.06, 4.71, 4.73, 4.93, 1.9215, 2.515
2025/07/07 13:06:43, 408.43, 85.29, 7.88, 80.33, 6.31, 6.06, 5.99, 1.8678, 3.018
2025/07/07 13:11:43, 373.44, 85.23, 8.55, 77.29, 6.21, 6.09, 6.39, 1.8142, 2.515
2025/07/07 13:16:43, 395.33, 85.32, 9.64, 71.08, 7.21, 6.77, 6.70, 1.841, 3.018
2025/07/07 13:21:43, 416.25, 85.32, 11.12, 65.37, 8.97, 8.64, 8.90, 1.5526, 2.515
2025/07/07 13:26:43, 366.32, 85.32, 10.78, 62.31, 5.48, 5.48, 6.04, 1.3413, 2.515
2025/07/07 13:31:43, 367.64, 85.29, 8.04, 76.80, 4.88, 4.91, 5.18, 2.2098, 3.018
2025/07/07 13:36:43, 367.90, 85.32, 8.24, 76.98, 5.18, 5.13, 5.41, 1.7236, 2.515
2025/07/07 13:41:43, 356.12, 85.29, 8.36, 75.41, 5.10, 5.13, 5.51, 1.841, 2.515
2025/07/07 13:46:43, 393.48, 85.35, 9.45, 67.37, 7.71, 7.21, 7.33, 1.9282, 3.018
2025/07/07 13:51:43, 386.01, 85.29, 10.59, 60.80, 7.81, 7.11, 7.69, 1.5761, 2.515
2025/07/07 13:56:43, 365.00, 85.23, 9.96, 61.27, 6.04, 5.94, 6.34, 1.7806, 3.018
2025/07/07 14:01:43, 390.85, 85.13, 10.57, 60.12, 7.95, 7.55, 7.74, 1.9349, 3.018
2025/07/07 14:06:43, 394.19, 85.32, 11.43, 57.32, 8.92, 8.43, 8.78, 1.5157, 2.515
2025/07/07 14:11:43, 389.97, 85.29, 12.92, 52.90, 10.17, 9.54, 9.82, 1.3145, 2.515
2025/07/07 14:16:43, 380.56, 85.17, 12.60, 51.30, 9.21, 8.53, 8.76, 1.9852, 3.018
2025/07/07 14:21:43, 370.01, 85.26, 9.89, 59.18, 6.41, 6.24, 6.48, 2.2199, 3.018
2025/07/07 14:26:43, 364.12, 85.29, 9.71, 58.79, 5.99, 5.89, 6.26, 1.8477, 2.515
2025/07/07 14:31:43, 364.21, 85.26, 9.54, 59.88, 6.63, 6.70, 7.31, 1.4118, 2.012
2025/07/07 14:36:43, 374.76, 85.29, 9.52, 59.81, 6.46, 6.51, 7.01, 1.2072, 2.012
2025/07/07 14:41:43, 369.22, 85.26, 11.22, 55.43, 7.45, 7.35, 7.83, 1.0597, 2.012
2025/07/07 14:46:43, 390.41, 85.20, 11.22, 55.03, 8.53, 8.07, 8.45, 1.5928, 2.515
2025/07/07 14:51:43, 375.90, 85.26, 9.23, 61.33, 5.80, 5.63, 5.94, 2.1227, 3.018
2025/07/07 14:56:43, 386.54, 85.23, 9.71, 61.87, 7.90, 7.62, 8.00, 2.0388, 2.515
2025/07/07 15:01:43, 382.49, 85.26, 11.52, 53.94, 8.04, 7.83, 8.34, 1.6901, 2.012
2025/07/07 15:06:43, 372.03, 85.32, 9.54, 61.00, 6.68, 6.58, 6.82, 2.2199, 3.018
2025/07/07 15:11:43, 377.13, 85.20, 10.19, 59.52, 7.67, 7.50, 7.74, 2.1092, 3.521
2025/07/07 15:16:43, 357.35, 85.32, 10.10, 57.98, 5.85, 5.70, 5.97, 2.4848, 3.521
2025/07/07 15:21:43, 437.79, 85.20, 9.33, 64.05, 7.43, 7.31, 7.26, 2.1964, 3.521
2025/07/07 15:26:43, 403.24, 85.29, 11.12, 54.83, 8.17, 7.50, 7.64, 1.9382, 3.018
2025/07/07 15:31:43, 389.35, 85.29, 8.97, 61.89, 5.89, 5.48, 5.70, 2.0154, 3.018
2025/07/07 15:36:43, 381.88, 85.32, 9.77, 60.32, 6.89, 6.65, 7.23, 1.1569, 2.012
2025/07/07 15:41:43, 400.34, 85.26, 10.87, 58.08, 9.52, 8.69, 8.83, 1.5056, 2.012
2025/07/07 15:46:43, 386.45, 85.29, 10.98, 56.34, 7.64, 7.18, 7.33, 1.7873, 2.515
2025/07/07 15:51:43, 360.16, 85.29, 9.96, 60.08, 6.51, 6.19, 6.26, 1.7068, 2.515
2025/07/07 15:56:43, 399.20, 85.29, 9.77, 58.31, 6.87, 6.51, 6.96, 1.1569, 2.012
2025/07/07 16:01:43, 375.81, 85.26, 10.17, 61.41, 7.50, 7.21, 7.31, 1.6297, 2.515
2025/07/07 16:06:43, 394.98, 85.29, 11.66, 55.52, 7.90, 7.16, 7.45, 1.0865, 1.509
2025/07/07 16:11:43, 393.40, 85.32, 12.16, 54.05, 8.09, 7.16, 7.52, 0.1777, 1.509
2025/07/07 16:16:43, 393.40, 85.32, 12.92, 51.93, 8.69, 7.62, 8.09, 0.0, 0.0
2025/07/07 16:21:43, 389.79, 85.32, 11.84, 54.24, 7.55, 6.80, 7.09, 0.6505, 1.509
2025/07/07 16:26:43, 389.70, 85.26, 12.62, 50.66, 9.11, 7.86, 8.31, 0.7746, 1.509
2025/07/07 16:31:43, 378.19, 85.26, 10.68, 54.40, 6.44, 6.39, 6.77, 1.1502, 1.509
2025/07/07 16:36:43, 366.49, 85.26, 9.09, 62.35, 5.65, 5.48, 5.92, 1.4017, 2.012
2025/07/07 16:41:43, 362.98, 85.26, 10.10, 63.15, 7.76, 7.60, 7.86, 1.1368, 1.509
2025/07/07 16:46:43, 354.36, 85.32, 10.59, 57.26, 6.68, 6.75, 7.35, 1.006, 1.509
2025/07/07 16:51:43, 354.71, 85.32, 9.11, 59.94, 5.13, 5.10, 5.51, 1.6364, 2.515
2025/07/07 16:56:43, 359.02, 85.23, 8.53, 63.24, 5.31, 5.23, 5.55, 2.1025, 2.515
2025/07/07 17:01:43, 364.47, 85.17, 7.88, 66.37, 5.21, 5.08, 5.36, 2.0489, 2.515
2025/07/07 17:06:43, 367.46, 85.26, 8.02, 65.54, 5.10, 5.00, 5.23, 2.2702, 2.515
2025/07/07 17:11:43, 364.47, 85.26, 7.21, 69.68, 5.08, 4.91, 5.05, 2.3675, 3.018
2025/07/07 17:16:43, 373.44, 85.20, 8.45, 65.01, 6.39, 6.31, 6.56, 2.3775, 3.018
2025/07/07 17:21:43, 380.47, 85.23, 8.29, 63.88, 5.82, 5.70, 6.09, 2.1092, 2.515
2025/07/07 17:26:43, 382.41, 85.20, 7.50, 66.95, 5.00, 4.81, 5.03, 2.0757, 3.018
2025/07/07 17:31:43, 380.12, 85.13, 7.21, 67.95, 4.71, 4.56, 4.71, 2.3272, 3.521
2025/07/07 17:36:43, 404.03, 85.20, 8.19, 65.42, 6.68, 5.99, 6.04, 2.3909, 3.521
2025/07/07 17:41:43, 398.67, 85.20, 7.48, 67.06, 5.80, 5.21, 5.26, 2.3842, 3.521
2025/07/07 17:46:43, 382.67, 85.17, 6.53, 71.28, 4.61, 4.28, 4.36, 2.0522, 3.018
2025/07/07 17:51:43, 392.69, 85.17, 5.99, 75.40, 4.73, 4.33, 4.36, 1.9952, 2.515
2025/07/07 17:56:43, 389.97, 85.17, 6.21, 72.56, 4.73, 4.44, 4.59, 2.0623, 2.515
2025/07/07 18:01:43, 402.63, 85.17, 6.51, 70.80, 5.26, 4.73, 4.81, 1.955, 2.515
2025/07/07 18:06:43, 393.04, 85.13, 6.34, 73.39, 5.00, 4.54, 4.51, 2.2434, 2.515
2025/07/07 18:11:43, 392.60, 85.17, 6.82, 71.10, 5.31, 4.83, 4.91, 1.7672, 2.515
2025/07/07 18:16:43, 423.55, 85.13, 6.58, 71.14, 4.66, 4.61, 4.64, 1.291, 2.012
2025/07/07 18:21:43, 405.53, 85.13, 6.96, 68.87, 5.23, 4.71, 4.83, 1.4185, 2.012
2025/07/07 18:26:43, 409.22, 85.10, 6.68, 69.35, 4.83, 4.49, 4.44, 1.0161, 1.509
2025/07/07 18:31:43, 433.22, 85.13, 5.92, 72.19, 3.68, 3.60, 3.60, 1.0228, 1.509
2025/07/07 18:36:43, 393.40, 85.13, 5.70, 75.40, 4.41, 4.00, 4.05, 1.167, 2.012
2025/07/07 18:41:43, 399.11, 85.13, 6.01, 75.00, 4.73, 4.18, 4.08, 1.395, 2.012
2025/07/07 18:46:43, 389.53, 85.10, 5.80, 75.85, 3.75, 3.65, 3.83, 1.1267, 1.509
2025/07/07 18:51:43, 371.77, 85.13, 4.71, 81.05, 3.01, 2.96, 2.78, 1.1032, 2.012
2025/07/07 18:56:43, 371.59, 85.10, 4.00, 82.44, 2.45, 2.35, 2.32, 0.8752, 1.006
2025/07/07 19:01:43, 365.88, 85.10, 4.00, 86.51, 3.09, 2.48, 2.43, 0.9792, 1.509
2025/07/07 19:06:43, 373.79, 85.10, 4.05, 86.15, 3.09, 2.68, 2.61, 1.0161, 1.509
2025/07/07 19:11:43, 403.59, 85.10, 3.78, 85.92, 2.99, 2.63, 2.56, 1.177, 1.509
2025/07/07 19:16:43, 394.54, 85.10, 3.85, 86.41, 3.19, 2.84, 2.71, 1.2709, 1.509
2025/07/07 19:21:43, 373.26, 85.10, 3.48, 86.79, 2.45, 2.32, 2.32, 1.1904, 2.012
2025/07/07 19:26:43, 368.96, 85.10, 3.45, 90.74, 2.89, 2.63, 2.48, 2.0288, 2.515
2025/07/07 19:31:43, 368.43, 85.07, 3.01, 89.93, 2.27, 2.16, 2.16, 2.1025, 2.515
2025/07/07 19:36:43, 402.71, 85.01, 2.99, 91.42, 2.53, 2.32, 2.32, 2.2635, 3.018
2025/07/07 19:41:43, 398.23, 85.04, 3.48, 89.24, 3.17, 2.78, 2.73, 2.1931, 3.018
2025/07/07 19:46:43, 395.24, 85.07, 3.80, 86.95, 3.17, 2.84, 2.78, 1.9617, 2.515
2025/07/07 19:51:43, 380.65, 85.07, 3.01, 88.72, 2.11, 2.00, 2.03, 1.9684, 2.515
2025/07/07 19:56:43, 373.79, 85.07, 2.19, 94.38, 1.59, 1.59, 1.46, 2.0455, 2.515
2025/07/07 20:01:43, 378.89, 85.04, 2.03, 98.67, 1.88, 1.83, 1.67, 2.4681, 3.018
2025/07/07 20:06:43, 375.81, 85.04, 2.06, 98.60, 1.77, 1.77, 1.70, 2.4412, 3.018
2025/07/07 20:11:43, 379.51, 85.04, 2.06, 98.12, 1.70, 1.64, 1.57, 2.4915, 3.521
2025/07/07 20:16:43, 384.16, 85.01, 2.14, 98.25, 2.11, 2.00, 1.83, 2.686, 3.018
2025/07/07 20:21:43, 383.81, 85.01, 1.85, 97.20, 1.64, 1.59, 1.46, 2.7397, 3.521
2025/07/07 20:26:43, 381.70, 85.01, 1.75, 97.84, 1.64, 1.54, 1.43, 2.847, 3.521
2025/07/07 20:31:43, 383.11, 85.01, 1.98, 97.71, 1.85, 1.75, 1.64, 2.9174, 4.024
2025/07/07 20:36:43, 374.41, 85.01, 1.95, 97.22, 1.72, 1.67, 1.57, 2.8973, 3.521
2025/07/07 20:41:43, 371.24, 85.01, 1.88, 99.15, 1.70, 1.54, 1.46, 2.676, 3.521
2025/07/07 20:46:43, 366.14, 85.01, 1.83, 100.00, 1.75, 1.64, 1.54, 2.5452, 3.018
2025/07/07 20:51:43, 382.67, 85.01, 1.95, 100.00, 1.64, 1.54, 1.49, 2.3641, 3.018
2025/07/07 20:56:43, 367.90, 85.01, 2.08, 100.00, 2.56, 2.40, 2.19, 2.2233, 3.521
2025/07/07 21:01:43, 377.84, 85.10, 1.59, 100.00, 1.54, 1.49, 1.41, 2.3104, 3.018
2025/07/07 21:06:43, 383.29, 85.07, 1.57, 100.00, 1.46, 1.41, 1.33, 1.9617, 2.515
2025/07/07 21:11:43, 404.56, 85.04, 1.30, 100.00, 1.17, 1.14, 1.08, 2.1059, 3.018
2025/07/07 21:16:43, 412.12, 85.07, 1.57, 100.00, 1.54, 1.43, 1.30, 2.24, 3.018
2025/07/07 21:21:43, 415.64, 84.98, 2.06, 100.00, 2.16, 2.16, 2.00, 1.9718, 3.018
2025/07/07 21:26:43, 390.49, 84.98, 2.08, 100.00, 2.37, 2.27, 2.03, 1.5191, 2.515
2025/07/07 21:31:43, 389.26, 84.98, 1.85, 100.00, 1.75, 1.67, 1.46, 1.841, 3.018
2025/07/07 21:36:43, 401.92, 85.01, 1.51, 100.00, 1.43, 1.33, 1.19, 1.4084, 2.012
2025/07/07 21:41:43, 415.64, 85.07, 1.19, 100.00, 1.14, 1.06, 0.98, 1.5794, 2.012
2025/07/07 21:46:43, 394.10, 85.01, 1.54, 100.00, 1.46, 1.33, 1.17, 1.5761, 2.012
2025/07/07 21:51:43, 400.96, 85.01, 1.49, 100.00, 1.41, 1.27, 1.14, 1.67, 2.012
2025/07/07 21:56:43, 395.33, 85.10, 1.54, 100.00, 1.51, 1.27, 1.08, 1.5124, 2.515
2025/07/07 22:01:43, 402.45, 85.10, 1.75, 100.00, 1.77, 1.70, 1.57, 1.1066, 1.509
2025/07/07 22:06:43, 439.64, 85.10, 1.72, 100.00, 1.75, 1.62, 1.43, 0.9456, 1.509
2025/07/07 22:11:43, 448.16, 85.07, 2.11, 100.00, 1.93, 1.57, 1.27, 1.2273, 1.509
2025/07/07 22:16:43, 427.33, 85.07, 2.14, 100.00, 1.93, 1.67, 1.35, 1.0597, 1.509
2025/07/07 22:21:43, 404.91, 84.95, 1.64, 100.00, 1.83, 1.77, 1.62, 1.2508, 2.515
2025/07/07 22:26:43, 433.92, 84.95, 1.75, 100.00, 1.70, 1.51, 1.30, 0.731, 1.509
2025/07/07 22:31:43, 425.22, 84.92, 1.70, 100.00, 1.33, 1.22, 1.06, 0.8786, 1.509
2025/07/07 22:36:43, 377.66, 84.92, 1.30, 100.00, 1.27, 1.19, 1.03, 0.114, 1.006
2025/07/07 22:41:43, 364.30, 84.92, 1.70, 100.00, 2.06, 1.88, 1.54, 0.8316, 1.509
2025/07/07 22:46:43, 364.30, 84.92, 1.72, 100.00, 1.77, 1.59, 1.27, 0.275, 1.006
2025/07/07 22:51:43, 364.30, 84.88, 1.83, 100.00, 1.95, 1.67, 1.30, 0.0, 0.0
2025/07/07 22:56:43, 364.30, 84.92, 1.83, 100.00, 1.80, 1.70, 1.57, 0.0, 0.0
2025/07/07 23:01:43, 364.30, 84.88, 1.77, 100.00, 1.49, 1.35, 1.14, 0.0, 0.0
2025/07/07 23:06:43, 503.64, 84.88, 1.75, 100.00, 1.59, 1.51, 1.38, 0.6002, 1.509
2025/07/07 23:11:43, 498.80, 84.88, 1.95, 100.00, 1.85, 1.67, 1.46, 1.0563, 2.012
2025/07/07 23:16:43, 501.70, 84.88, 1.54, 100.00, 1.41, 1.38, 1.33, 0.3454, 1.006
2025/07/07 23:21:43, 505.31, 84.88, 1.17, 100.00, 1.25, 1.08, 0.95, 0.3286, 1.509
2025/07/07 23:26:43, 509.97, 84.82, 1.43, 100.00, 1.35, 1.22, 1.06, 1.1267, 1.509
2025/07/07 23:31:43, 527.37, 84.82, 1.70, 100.00, 1.64, 1.51, 1.33, 1.006, 1.509
2025/07/07 23:36:43, 563.15, 84.79, 1.62, 100.00, 1.38, 1.33, 1.19, 1.2441, 2.012
2025/07/07 23:41:43, 551.02, 84.82, 1.49, 100.00, 1.41, 1.35, 1.27, 0.8719, 1.509
2025/07/07 23:46:43, 430.76, 84.82, 1.17, 100.00, 1.03, 0.98, 0.95, 0.1107, 1.006
2025/07/07 23:51:43, 450.27, 84.79, 1.35, 100.00, 1.59, 1.54, 1.41, 0.7646, 1.509
2025/07/07 23:56:43, 482.54, 84.76, 1.49, 100.00, 1.54, 1.49, 1.43, 0.9088, 1.509
2025/07/08 0:01:43, 507.68, 84.76, 1.75, 100.00, 1.77, 1.64, 1.49, 0.8484, 1.509
2025/07/08 0:06:43, 486.85, 84.79, 1.77, 100.00, 1.85, 1.72, 1.59, 0.9222, 1.509
2025/07/08 0:11:43, 418.19, 84.76, 1.43, 100.00, 1.14, 1.00, 0.90, 0.8249, 1.509
2025/07/08 0:16:43, 425.22, 84.76, 1.35, 100.00, 1.49, 1.33, 1.14, 1.2642, 1.509
2025/07/08 0:21:43, 410.54, 84.76, 1.41, 100.00, 1.27, 1.11, 0.95, 0.8014, 1.509
2025/07/08 0:26:43, 395.59, 84.76, 1.43, 100.00, 1.30, 0.98, 0.69, 0.4829, 1.006
2025/07/08 0:31:43, 391.55, 84.76, 1.19, 100.00, 1.11, 0.90, 0.69, 0.607, 1.006
2025/07/08 0:36:43, 391.55, 84.76, 1.06, 100.00, 0.90, 0.72, 0.58, 0.5365, 1.006
2025/07/08 0:41:43, 354.45, 84.76, 1.19, 100.00, 1.27, 1.22, 1.11, 0.0537, 0.503
2025/07/08 0:46:43, 374.14, 84.76, 1.06, 100.00, 1.06, 0.98, 0.82, 0.664, 1.509
2025/07/08 0:51:43, 374.23, 84.73, 1.22, 100.00, 0.98, 0.85, 0.74, 0.9758, 1.509
2025/07/08 0:56:43, 394.10, 84.73, 0.85, 100.00, 0.69, 0.61, 0.58, 1.2843, 2.012
2025/07/08 1:01:43, 380.38, 84.73, 0.79, 100.00, 0.79, 0.72, 0.66, 1.3983, 2.012
2025/07/08 1:06:43, 377.66, 84.73, 0.95, 100.00, 0.95, 0.85, 0.79, 1.6633, 2.012
2025/07/08 1:11:43, 378.10, 84.73, 1.03, 100.00, 1.00, 0.93, 0.90, 1.613, 2.012
2025/07/08 1:16:43, 380.91, 84.64, 1.03, 100.00, 0.95, 0.87, 0.77, 1.4218, 2.012
2025/07/08 1:21:43, 392.08, 84.73, 1.00, 100.00, 0.93, 0.85, 0.79, 1.3983, 2.012
2025/07/08 1:26:43, 386.19, 84.82, 1.17, 100.00, 1.22, 1.08, 0.93, 1.3615, 1.509
2025/07/08 1:31:43, 378.19, 84.73, 1.14, 100.00, 1.11, 0.95, 0.85, 1.3883, 2.012
2025/07/08 1:36:43, 377.84, 84.73, 1.17, 100.00, 1.11, 0.98, 0.85, 1.2776, 1.509
2025/07/08 1:41:43, 377.84, 84.73, 1.22, 100.00, 1.14, 1.00, 0.85, 1.1435, 1.509
2025/07/08 1:46:43, 377.84, 84.73, 1.33, 100.00, 1.11, 0.87, 0.72, 0.9993, 1.509
2025/07/08 1:51:43, 377.92, 84.73, 1.30, 100.00, 0.95, 0.77, 0.66, 1.0865, 1.509
2025/07/08 1:56:43, 382.67, 84.67, 1.14, 100.00, 1.08, 0.95, 0.79, 1.0395, 1.509
2025/07/08 2:01:43, 378.45, 84.73, 1.08, 100.00, 0.90, 0.77, 0.69, 1.2273, 1.509
2025/07/08 2:06:43, 373.44, 84.73, 1.14, 100.00, 1.00, 0.82, 0.69, 1.3078, 1.509
2025/07/08 2:11:43, 373.35, 84.73, 1.22, 100.00, 1.03, 0.90, 0.77, 1.0597, 1.509
2025/07/08 2:16:43, 365.97, 84.73, 0.82, 100.00, 0.79, 0.69, 0.61, 1.0563, 1.509
2025/07/08 2:21:43, 380.56, 84.73, 1.19, 100.00, 1.22, 1.08, 0.98, 1.6666, 2.012
2025/07/08 2:26:43, 391.64, 84.73, 1.54, 100.00, 1.59, 1.43, 1.25, 1.5425, 2.012
2025/07/08 2:31:43, 392.34, 84.73, 1.64, 100.00, 1.67, 1.35, 1.08, 1.1904, 2.012
2025/07/08 2:36:43, 392.87, 84.76, 1.64, 100.00, 1.57, 1.25, 0.95, 0.9054, 1.509
2025/07/08 2:41:43, 392.96, 84.76, 1.75, 100.00, 1.64, 1.41, 1.00, 0.8853, 1.509
2025/07/08 2:46:43, 392.87, 84.73, 1.27, 100.00, 0.87, 0.74, 0.64, 1.11, 1.509
2025/07/08 2:51:43, 392.87, 84.76, 1.00, 100.00, 0.90, 0.79, 0.69, 1.4185, 2.012
2025/07/08 2:56:43, 392.52, 84.76, 1.19, 100.00, 1.11, 0.95, 0.82, 1.4788, 2.012
2025/07/08 3:01:43, 395.59, 84.76, 1.03, 100.00, 1.00, 0.90, 0.82, 1.6666, 2.012
2025/07/08 3:06:43, 397.53, 84.76, 1.03, 100.00, 1.06, 1.00, 0.93, 1.6733, 2.012
2025/07/08 3:11:43, 395.15, 84.76, 0.79, 100.00, 0.72, 0.64, 0.61, 1.5191, 2.012
2025/07/08 3:16:43, 390.14, 84.73, 0.74, 100.00, 0.74, 0.69, 0.61, 1.4151, 2.012
2025/07/08 3:21:43, 409.66, 84.76, 0.87, 100.00, 1.00, 0.95, 0.87, 1.2977, 2.012
2025/07/08 3:26:43, 399.81, 84.73, 1.08, 100.00, 1.06, 0.98, 0.85, 1.5124, 2.012
2025/07/08 3:31:43, 405.44, 84.85, 1.25, 100.00, 1.27, 1.14, 1.00, 1.0328, 1.509
2025/07/08 3:36:43, 438.58, 84.85, 1.19, 100.00, 1.11, 1.06, 1.00, 0.5265, 1.006
2025/07/08 3:41:43, 438.49, 84.79, 1.43, 100.00, 1.54, 1.38, 1.22, 0.1375, 1.006
2025/07/08 3:46:43, 507.95, 84.76, 1.62, 100.00, 1.54, 1.38, 1.17, 0.1978, 1.006
2025/07/08 3:51:43, 526.76, 84.88, 1.22, 100.00, 1.27, 1.19, 1.08, 1.0094, 2.012
2025/07/08 3:56:43, 506.10, 84.85, 0.79, 100.00, 0.79, 0.82, 0.23, 1.68, 2.515
2025/07/08 4:01:43, 488.87, 84.76, 0.48, 100.00, 0.09, 0.64, 0.53, 1.1871, 2.012
2025/07/08 4:06:43, 433.04, 84.85, 0.23, 100.00, 0.15, 0.50, 0.45, 1.0898, 1.509
2025/07/08 4:11:43, 429.70, 84.85, -0.07, 100.00, 0.15, 0.26, 0.01, 1.0798, 1.509
2025/07/08 4:16:43, 423.37, 84.85, -0.07, 100.00, 0.12, 0.26, 0.26, 0.8953, 1.509
2025/07/08 4:21:43, 423.37, 84.85, -0.07, 100.00, 0.15, 0.01, -0.02, 0.2951, 1.006
2025/07/08 4:26:43, 607.90, 84.82, -0.09, 100.00, 0.01, -0.02, -0.02, 0.0, 0.0
2025/07/08 4:31:43, 625.40, 84.76, -0.09, 100.00, -0.04, -0.04, -0.04, 0.0, 0.0
2025/07/08 4:36:43, 655.81, 84.73, -0.09, 100.00, -0.04, -0.07, -0.04, 0.0, 0.0
2025/07/08 4:41:43, 655.90, 84.79, -0.07, 100.00, -0.02, 0.01, -0.04, 0.0, 0.0
2025/07/08 4:46:43, 673.66, 84.82, -0.07, 100.00, -0.02, 0.04, -0.02, 0.0, 0.0
2025/07/08 4:51:43, 670.32, 84.82, -0.07, 100.00, -0.02, 0.04, -0.02, 0.6841, 1.006
2025/07/08 4:56:43, 325.09, 84.76, -0.07, 100.00, 0.04, -0.02, -0.02, 0.7579, 1.006
2025/07/08 5:01:43, 325.09, 84.82, -0.04, 100.00, 0.01, 0.07, -0.02, 0.7713, 1.006
2025/07/08 5:06:43, 331.51, 84.82, -0.04, 100.00, -0.02, 0.04, 0.04, 0.721, 1.006
2025/07/08 5:11:43, 331.51, 84.82, -0.04, 100.00, 0.04, -0.02, -0.02, 0.6338, 1.006
2025/07/08 5:16:43, 331.51, 84.85, -0.02, 100.00, 0.04, -0.04, -0.02, 0.3856, 1.006
2025/07/08 5:21:43, 331.68, 84.85, -0.02, 100.00, 0.04, 0.07, 0.18, 0.0, 0.0
2025/07/08 5:26:43, 479.99, 84.88, 0.09, 100.00, 0.31, 0.40, 0.40, 0.3823, 1.509
2025/07/08 5:31:43, 479.29, 84.88, 0.18, 100.00, 0.64, 0.53, 0.56, 0.2414, 1.006
2025/07/08 5:36:43, 479.64, 84.88, 0.26, 100.00, 0.58, 0.66, 0.48, 0.0, 0.0
2025/07/08 5:41:43, 479.64, 84.92, 0.23, 100.00, 0.58, 0.29, 0.58, 0.0, 0.0
2025/07/08 5:46:43, 479.64, 84.92, 0.31, 100.00, 0.61, 0.69, 0.58, 0.0, 0.0
2025/07/08 5:51:43, 479.64, 84.92, 0.37, 100.00, 0.64, 0.53, 0.53, 0.0, 0.0
2025/07/08 5:56:43, 325.79, 84.88, 0.48, 100.00, 0.31, 0.50, 0.48, 0.0, 0.0
2025/07/08 6:01:43, 325.70, 84.88, 0.40, 100.00, 0.42, 0.40, 0.40, 0.0, 0.0
2025/07/08 6:06:43, 662.49, 84.92, 0.37, 100.00, 0.26, 0.31, 0.34, 0.6472, 1.509
2025/07/08 6:11:43, 684.03, 84.95, 0.42, 100.00, 0.37, 0.31, 0.29, 1.0764, 1.509
2025/07/08 6:16:43, 335.99, 84.95, 0.79, 100.00, 0.79, 0.69, 0.74, 0.4292, 1.509
2025/07/08 6:21:43, 327.81, 84.92, 1.00, 100.00, 0.95, 0.93, 0.95, 0.0201, 0.503
2025/07/08 6:26:43, 327.81, 84.98, 1.17, 100.00, 0.69, 0.85, 0.82, 0.0, 0.0
2025/07/08 6:31:43, 327.37, 84.98, 1.22, 100.00, 1.11, 1.06, 1.14, 0.0, 0.0
2025/07/08 6:36:43, 446.67, 85.01, 1.38, 100.00, 1.00, 1.00, 1.06, 0.0, 0.0
2025/07/08 6:41:43, 616.52, 85.07, 1.27, 100.00, 1.00, 0.95, 1.00, 0.4259, 1.509
2025/07/08 6:46:43, 595.86, 85.07, 1.27, 100.00, 1.03, 0.98, 0.98, 0.1375, 1.509
2025/07/08 6:51:43, 596.47, 85.10, 1.54, 100.00, 1.30, 1.27, 1.33, 0.228, 1.509
2025/07/08 6:56:43, 596.56, 85.10, 2.11, 100.00, 1.70, 1.70, 1.59, 0.0, 0.0
2025/07/08 7:01:43, 548.30, 85.10, 1.83, 100.00, 1.30, 1.35, 1.33, 0.3521, 1.509
2025/07/08 7:06:43, 555.95, 85.04, 1.41, 100.00, 1.11, 1.14, 1.14, 1.8611, 3.018
2025/07/08 7:11:43, 540.82, 85.04, 1.35, 100.00, 1.06, 1.03, 1.03, 1.8376, 3.018
2025/07/08 7:16:43, 631.11, 85.07, 1.77, 100.00, 1.33, 1.41, 1.35, 1.11, 2.515
2025/07/08 7:21:43, 526.49, 85.10, 1.67, 100.00, 1.25, 1.27, 1.25, 0.902, 2.515
2025/07/08 7:26:43, 526.32, 85.10, 1.57, 100.00, 1.22, 1.22, 1.17, 1.6431, 2.515
2025/07/08 7:31:43, 521.92, 85.10, 1.62, 100.00, 1.27, 1.25, 1.22, 1.9516, 3.521
2025/07/08 7:36:43, 512.08, 85.10, 1.57, 100.00, 1.14, 1.11, 1.08, 2.1059, 3.018
2025/07/08 7:41:43, 516.82, 85.13, 1.64, 100.00, 1.14, 1.14, 1.11, 2.6324, 3.521
2025/07/08 7:46:43, 502.49, 85.13, 1.64, 100.00, 1.14, 1.11, 1.08, 2.5184, 3.521
2025/07/08 7:51:43, 519.90, 85.13, 1.64, 100.00, 1.14, 1.11, 1.11, 2.24, 3.018
2025/07/08 7:56:43, 512.69, 85.17, 1.77, 100.00, 1.22, 1.22, 1.17, 2.183, 3.521
2025/07/08 8:01:43, 516.30, 85.17, 1.75, 100.00, 1.17, 1.17, 1.11, 1.4621, 2.012
2025/07/08 8:06:43, 526.49, 85.20, 1.62, 100.00, 1.11, 1.17, 1.00, 1.5191, 2.012
2025/07/08 8:11:43, 552.16, 85.20, 1.70, 100.00, 1.22, 1.22, 1.22, 0.9523, 1.509
2025/07/08 8:16:43, 535.64, 85.20, 1.75, 100.00, 1.27, 1.27, 1.17, 1.3346, 2.012
2025/07/08 8:21:43, 550.14, 85.23, 2.00, 100.00, 1.33, 1.41, 1.38, 0.7511, 1.509
2025/07/08 8:26:43, 538.98, 85.23, 1.72, 100.00, 1.22, 1.22, 1.17, 1.0731, 2.012
2025/07/08 8:31:43, 537.57, 85.26, 1.95, 100.00, 1.33, 1.33, 1.30, 1.0731, 1.509
2025/07/08 8:36:43, 541.88, 85.26, 1.95, 100.00, 1.35, 1.38, 1.33, 1.1837, 2.012
2025/07/08 8:41:43, 559.90, 85.26, 1.88, 100.00, 1.30, 1.27, 1.22, 0.9322, 2.012
2025/07/08 8:46:43, 554.01, 85.23, 1.57, 100.00, 1.14, 1.11, 1.06, 1.6834, 2.515
2025/07/08 8:51:43, 541.97, 85.23, 1.59, 100.00, 1.27, 1.25, 1.17, 1.395, 2.012
2025/07/08 8:56:43, 521.75, 85.29, 1.88, 100.00, 1.30, 1.25, 1.19, 1.1301, 2.012
2025/07/08 9:01:43, 566.93, 85.26, 2.06, 100.00, 1.57, 1.54, 1.57, 1.1032, 2.012
2025/07/08 9:06:43, 525.44, 85.26, 1.85, 100.00, 1.27, 1.25, 1.25, 1.2609, 2.012
2025/07/08 9:11:43, 513.31, 85.29, 1.75, 100.00, 1.33, 1.27, 1.30, 1.2005, 2.012
2025/07/08 9:16:43, 533.09, 85.29, 1.62, 100.00, 1.25, 1.30, 1.27, 1.4319, 2.515
2025/07/08 9:21:43, 565.53, 85.32, 1.75, 100.00, 0.90, 1.43, 1.43, 1.2843, 2.012
2025/07/08 9:26:43, 539.77, 85.29, 1.70, 100.00, 0.74, 0.95, 0.79, 0.9691, 1.509
2025/07/08 9:31:43, 551.20, 85.35, 1.88, 100.00, 1.46, 1.38, 1.08, 0.721, 1.509
2025/07/08 9:36:43, 569.04, 85.38, 1.70, 100.00, 1.33, 0.95, 0.77, 1.4185, 2.515
2025/07/08 9:41:43, 565.97, 85.35, 1.90, 100.00, 1.27, 1.11, 1.19, 1.1368, 2.515
2025/07/08 9:46:43, 561.04, 85.35, 1.75, 100.00, 1.14, 1.19, 1.17, 1.6599, 2.515
2025/07/08 9:51:43, 556.74, 85.38, 1.90, 100.00, 1.54, 1.43, 1.46, 1.2843, 2.515
2025/07/08 9:56:43, 540.38, 85.38, 1.88, 100.00, 0.40, 1.19, 1.06, 1.1368, 2.012
2025/07/08 10:01:43, 567.64, 85.42, 2.06, 100.00, 1.41, 1.35, 1.35, 1.6364, 3.018
2025/07/08 10:06:43, 546.54, 85.45, 1.83, 100.00, 1.14, 1.19, 1.03, 2.0053, 3.018
2025/07/08 10:11:43, 558.41, 85.51, 1.88, 100.00, 1.17, 1.11, 1.25, 2.0053, 3.018
2025/07/08 10:16:43, 554.71, 85.42, 1.72, 100.00, 1.06, 1.19, 1.17, 2.3708, 3.521
2025/07/08 10:21:43, 556.56, 85.45, 1.59, 100.00, 1.11, 1.00, 1.17, 3.293, 4.527
2025/07/08 10:26:43, 560.34, 85.60, 1.67, 100.00, 0.93, 1.17, 1.25, 3.1622, 4.024
2025/07/08 10:31:43, 556.47, 85.57, 1.54, 100.00, 1.17, 1.06, 1.22, 3.2963, 4.024
2025/07/08 10:36:43, 558.41, 85.57, 1.49, 100.00, 1.11, 1.08, 0.48, 3.2829, 4.527
2025/07/08 10:41:43, 568.34, 85.57, 1.54, 100.00, 1.00, 0.98, 0.95, 3.2963, 4.024
2025/07/08 10:46:43, 565.62, 85.54, 1.70, 100.00, 1.03, 1.00, 1.30, 3.0314, 4.024
2025/07/08 10:51:43, 566.05, 85.60, 1.75, 100.00, 1.11, 1.06, 1.33, 2.8537, 4.024
2025/07/08 10:56:43, 567.90, 85.57, 1.75, 100.00, 1.11, 1.22, 1.14, 3.018, 4.024
2025/07/08 11:01:43, 567.20, 85.57, 1.93, 100.00, 1.27, 1.00, 1.11, 2.847, 4.024
2025/07/08 11:06:43, 569.75, 85.60, 2.16, 100.00, 1.54, 1.38, 1.35, 2.3071, 3.018
2025/07/08 11:11:43, 561.92, 85.63, 1.95, 100.00, 1.35, 1.25, 1.30, 2.5284, 3.521
2025/07/08 11:16:43, 564.74, 85.60, 1.67, 100.00, 1.22, 1.11, 1.03, 3.2226, 4.527
2025/07/08 11:21:43, 550.32, 85.57, 1.72, 100.00, 1.33, 1.19, 1.33, 3.2896, 5.03
2025/07/08 11:26:43, 555.07, 85.57, 1.62, 100.00, 1.14, 0.87, 0.90, 3.3433, 5.03
2025/07/08 11:31:43, 549.18, 85.60, 1.75, 100.00, 1.27, 1.33, 1.00, 3.417, 4.527
2025/07/08 11:36:43, 550.93, 85.57, 1.62, 100.00, 1.14, 1.06, 1.11, 3.796, 5.03
2025/07/08 11:41:43, 549.18, 85.54, 1.54, 100.00, 1.00, 0.79, 0.90, 3.5176, 5.533
2025/07/08 11:46:43, 545.92, 85.54, 1.43, 100.00, 1.00, 0.93, 0.66, 3.7859, 5.533
2025/07/08 11:51:43, 547.07, 85.54, 1.43, 100.00, 1.03, 0.90, 1.17, 4.0341, 5.03
2025/07/08 11:56:43, 550.23, 85.57, 1.64, 100.00, 1.11, 1.14, 1.17, 3.6887, 5.03
2025/07/08 12:01:43, 539.24, 85.54, 1.41, 100.00, 0.90, 1.00, 0.64, 3.9368, 5.03
2025/07/08 12:06:43, 553.22, 85.60, 1.49, 100.00, 1.19, 0.87, 1.17, 3.4942, 5.03
2025/07/08 12:11:43, 548.47, 85.63, 1.57, 100.00, 1.00, 1.06, 1.35, 3.9905, 5.533
2025/07/08 12:16:43, 545.04, 85.63, 1.77, 100.00, 1.38, 1.43, 1.59, 3.5713, 4.527
2025/07/08 12:21:43, 546.01, 85.66, 1.75, 100.00, 1.33, 1.22, 1.33, 3.293, 4.527
2025/07/08 12:26:43, 537.31, 85.66, 1.93, 100.00, 1.49, 1.22, 1.51, 3.5713, 4.527
2025/07/08 12:31:43, 544.25, 85.60, 1.64, 100.00, 1.17, 0.95, 1.25, 3.4908, 4.527
2025/07/08 12:36:43, 551.55, 85.60, 1.46, 100.00, 0.93, 1.06, 1.03, 3.5948, 5.533
2025/07/08 12:41:43, 547.15, 85.60, 1.62, 100.00, 1.30, 1.17, 1.25, 3.2829, 5.03
2025/07/08 12:46:43, 557.88, 85.63, 1.95, 100.00, 1.38, 1.33, 1.41, 3.2058, 4.527
2025/07/08 12:51:43, 554.01, 85.70, 1.95, 100.00, 1.33, 1.27, 1.14, 3.6015, 5.03
2025/07/08 12:56:43, 560.16, 85.76, 2.22, 100.00, 1.64, 1.54, 1.49, 3.9771, 5.533
2025/07/08 13:01:43, 548.47, 85.70, 1.98, 100.00, 1.54, 1.49, 1.08, 3.5244, 4.527
2025/07/08 13:06:43, 544.69, 85.70, 1.83, 100.00, 1.19, 1.17, 0.95, 3.8496, 5.03
2025/07/08 13:11:43, 543.55, 84.79, 1.95, 100.00, 1.33, 1.38, 1.35, 3.682, 5.03
2025/07/08 13:16:43, 546.54, 84.85, 1.77, 100.00, 1.14, 1.11, 1.19, 3.6954, 4.527
2025/07/08 13:21:43, 548.03, 84.92, 1.54, 100.00, 1.14, 1.11, 1.00, 3.9335, 5.03
2025/07/08 13:26:43, 548.12, 84.95, 1.70, 100.00, 1.25, 1.22, 1.35, 3.2628, 4.527
2025/07/08 13:31:43, 553.40, 84.95, 1.70, 100.00, 1.19, 1.11, 1.30, 3.5143, 4.527
2025/07/08 13:36:43, 550.58, 84.98, 1.64, 100.00, 1.11, 1.08, 1.06, 3.3198, 4.527
2025/07/08 13:41:43, 531.77, 84.98, 1.75, 100.00, 1.17, 0.95, 1.06, 3.2494, 4.527
2025/07/08 13:46:43, 548.91, 84.98, 1.98, 100.00, 1.30, 1.19, 1.11, 3.132, 4.024
2025/07/08 13:51:43, 548.47, 84.98, 2.06, 100.00, 1.22, 1.22, 1.17, 3.0314, 4.527
2025/07/08 13:56:43, 547.07, 84.98, 1.88, 100.00, 1.06, 1.25, 1.33, 2.9375, 4.024
2025/07/08 14:01:43, 563.15, 84.98, 2.37, 100.00, 1.51, 1.35, 1.51, 3.0649, 4.024
2025/07/08 14:06:43, 568.96, 85.07, 2.08, 100.00, 1.38, 1.25, 1.49, 3.0381, 4.024
2025/07/08 14:11:43, 549.26, 85.10, 2.11, 100.00, 1.30, 1.27, 1.06, 2.9375, 4.024
2025/07/08 14:16:43, 552.96, 85.04, 2.11, 100.00, 1.38, 1.35, 1.38, 2.9878, 4.527
2025/07/08 14:21:43, 556.03, 85.01, 2.11, 100.00, 1.41, 1.14, 1.41, 2.9912, 3.521
2025/07/08 14:26:43, 548.47, 85.01, 1.77, 100.00, 1.22, 1.00, 1.08, 2.5854, 3.521
2025/07/08 14:31:43, 554.80, 85.07, 1.90, 100.00, 0.79, 1.06, 1.14, 2.3641, 3.018
2025/07/08 14:36:43, 545.57, 85.13, 1.59, 100.00, 0.93, 0.79, 0.72, 2.5988, 3.521
2025/07/08 14:41:43, 555.68, 85.01, 1.83, 100.00, 0.95, 1.17, 1.08, 2.6357, 4.024
2025/07/08 14:46:43, 568.25, 85.23, 2.19, 100.00, 1.43, 1.11, 1.57, 2.4144, 3.018
2025/07/08 14:51:43, 557.09, 85.04, 1.77, 100.00, 0.93, 0.98, 1.33, 2.5988, 3.521
2025/07/08 14:56:43, 560.87, 85.10, 2.32, 100.00, 1.30, 1.25, 1.27, 2.3104, 3.018
2025/07/08 15:01:43, 564.74, 85.07, 2.27, 100.00, 1.43, 1.00, 1.41, 2.4312, 3.521
2025/07/08 15:06:43, 569.66, 85.13, 2.27, 100.00, 1.51, 1.38, 1.41, 2.3742, 3.521
2025/07/08 15:11:43, 566.32, 85.17, 2.53, 100.00, 1.70, 1.49, 1.64, 1.8209, 2.515
2025/07/08 15:16:43, 560.87, 85.13, 2.11, 100.00, 1.19, 0.95, 1.11, 1.9785, 2.515
2025/07/08 15:21:43, 566.76, 85.13, 2.22, 100.00, 1.43, 1.30, 1.51, 2.0086, 2.515
2025/07/08 15:26:43, 571.42, 85.10, 2.35, 100.00, 1.43, 1.54, 1.38, 2.3239, 3.018
2025/07/08 15:31:43, 564.91, 85.10, 2.32, 100.00, 1.57, 1.35, 1.33, 2.3172, 3.521
2025/07/08 15:36:43, 574.23, 85.20, 2.81, 100.00, 2.03, 1.83, 1.75, 2.1193, 3.018
2025/07/08 15:41:43, 569.84, 85.20, 2.68, 100.00, 1.70, 1.62, 1.72, 1.7907, 2.515
2025/07/08 15:46:43, 575.81, 85.20, 2.53, 100.00, 1.77, 1.54, 1.70, 1.509, 2.515
2025/07/08 15:51:43, 591.37, 85.20, 2.73, 100.00, 2.16, 1.95, 1.85, 1.6331, 2.012
2025/07/08 15:56:43, 585.22, 85.20, 3.04, 100.00, 2.45, 2.19, 2.08, 1.4285, 2.012
2025/07/08 16:01:43, 583.64, 85.23, 2.91, 100.00, 2.06, 1.85, 1.75, 1.291, 2.012
2025/07/08 16:06:43, 586.01, 85.23, 3.17, 100.00, 2.32, 2.03, 1.88, 1.0731, 1.509
2025/07/08 16:11:43, 588.56, 85.23, 2.78, 100.00, 2.22, 1.90, 1.85, 1.2575, 1.509
2025/07/08 16:16:43, 587.07, 85.20, 3.06, 100.00, 2.63, 2.32, 2.27, 1.1904, 1.509
2025/07/08 16:21:43, 601.48, 85.23, 3.65, 100.00, 2.89, 2.61, 2.37, 1.0295, 1.509
2025/07/08 16:26:43, 605.70, 85.26, 3.75, 100.00, 2.78, 2.50, 2.37, 0.8953, 1.509
2025/07/08 16:31:43, 608.87, 85.23, 3.55, 100.00, 2.63, 2.24, 1.88, 0.902, 1.509
2025/07/08 16:36:43, 613.26, 85.23, 3.35, 100.00, 2.16, 1.70, 2.06, 0.6271, 1.006
2025/07/08 16:41:43, 613.26, 85.20, 3.12, 100.00, 1.90, 1.80, 1.88, 0.731, 1.006
2025/07/08 16:46:43, 613.26, 85.23, 3.09, 100.00, 2.03, 1.70, 1.70, 0.057, 1.006
2025/07/08 16:51:43, 610.71, 85.23, 2.81, 100.00, 1.72, 1.46, 1.33, 0.1241, 1.006
2025/07/08 16:56:43, 628.74, 85.20, 2.32, 100.00, 1.41, 1.11, 1.30, 0.9423, 1.509
2025/07/08 17:01:43, 616.43, 85.20, 2.32, 100.00, 1.46, 1.35, 1.35, 0.8517, 1.509
2025/07/08 17:06:43, 629.09, 85.17, 2.43, 100.00, 1.43, 1.49, 1.43, 1.0529, 1.509
2025/07/08 17:11:43, 629.00, 85.20, 3.04, 100.00, 2.37, 1.90, 1.93, 0.7444, 1.509
2025/07/08 17:16:43, 590.14, 85.26, 3.01, 100.00, 1.77, 1.90, 1.95, 0.6472, 1.006
2025/07/08 17:21:43, 590.14, 85.26, 3.19, 100.00, 2.48, 2.00, 0.95, 0.0503, 1.006
2025/07/08 17:26:43, 590.14, 85.26, 2.91, 100.00, 2.00, 1.88, 1.83, 0.0168, 0.503
2025/07/08 17:31:43, 624.16, 85.26, 2.58, 100.00, 1.35, 1.57, 1.67, 0.0, 0.0
2025/07/08 17:36:43, 624.16, 85.26, 3.06, 100.00, 2.06, 1.77, 2.03, 0.0, 0.0
2025/07/08 17:41:43, 600.34, 85.26, 2.53, 100.00, 1.77, 1.90, 1.98, 0.0, 0.0
2025/07/08 17:46:43, 579.07, 85.20, 2.16, 100.00, 1.51, 1.54, 1.54, 1.006, 2.515
2025/07/08 17:51:43, 582.14, 85.23, 2.22, 100.00, 1.70, 1.67, 1.75, 1.4989, 2.515
2025/07/08 17:56:43, 579.15, 85.23, 2.19, 100.00, 1.64, 1.70, 1.67, 1.8343, 3.018
2025/07/08 18:01:43, 580.82, 85.26, 2.43, 100.00, 1.88, 1.85, 1.88, 1.5995, 2.515
2025/07/08 18:06:43, 584.43, 85.26, 2.53, 100.00, 1.98, 1.98, 2.00, 1.3883, 2.515
2025/07/08 18:11:43, 583.99, 85.29, 2.45, 100.00, 1.64, 1.64, 1.70, 0.4963, 1.509
2025/07/08 18:16:43, 583.02, 85.26, 2.22, 100.00, 1.75, 1.75, 1.72, 1.3212, 2.012
2025/07/08 18:21:43, 582.76, 85.26, 2.19, 100.00, 1.70, 1.72, 1.67, 1.7102, 2.515
2025/07/08 18:26:43, 581.44, 85.26, 2.22, 100.00, 1.67, 1.70, 1.70, 1.2843, 1.509
2025/07/08 18:31:43, 589.09, 85.26, 2.06, 100.00, 1.59, 1.62, 1.59, 1.6901, 2.515
2025/07/08 18:36:43, 576.34, 85.29, 1.75, 100.00, 1.46, 1.46, 1.41, 2.3138, 3.521
2025/07/08 18:41:43, 565.70, 85.26, 1.67, 100.00, 1.33, 1.33, 1.30, 2.3708, 3.018
2025/07/08 18:46:43, 577.92, 85.26, 1.80, 100.00, 1.46, 1.49, 1.43, 2.6558, 3.521
2025/07/08 18:51:43, 563.24, 85.26, 1.64, 100.00, 1.27, 1.27, 1.27, 2.8369, 4.527
2025/07/08 18:56:43, 589.88, 85.32, 1.90, 100.00, 1.70, 1.80, 1.67, 2.3809, 4.527
2025/07/08 19:01:43, 586.80, 85.29, 1.90, 100.00, 1.62, 1.67, 1.54, 1.8376, 2.515
2025/07/08 19:06:43, 617.84, 85.32, 1.93, 100.00, 1.88, 1.98, 1.72, 2.2702, 3.521
2025/07/08 19:11:43, 615.55, 85.29, 1.80, 100.00, 1.77, 1.88, 1.64, 2.7833, 3.521
2025/07/08 19:16:43, 624.16, 85.29, 1.77, 100.00, 1.70, 1.75, 1.57, 2.79, 4.024
2025/07/08 19:21:43, 623.11, 85.32, 1.64, 100.00, 1.51, 1.54, 1.43, 3.1823, 4.024
2025/07/08 19:26:43, 624.43, 85.29, 1.83, 100.00, 1.77, 1.77, 1.59, 3.464, 5.03
2025/07/08 19:31:43, 613.70, 85.32, 1.77, 100.00, 1.83, 1.88, 1.70, 3.2058, 4.527
2025/07/08 19:36:43, 620.21, 85.32, 1.64, 100.00, 1.64, 1.67, 1.54, 3.7859, 5.03
2025/07/08 19:41:43, 618.71, 85.32, 1.57, 100.00, 1.54, 1.59, 1.41, 3.293, 4.024
2025/07/08 19:46:43, 612.56, 85.32, 1.49, 100.00, 1.62, 1.59, 1.41, 3.9066, 6.539
2025/07/08 19:51:43, 626.98, 85.35, 1.38, 100.00, 1.33, 1.33, 1.22, 3.7222, 5.03
2025/07/08 19:56:43, 607.64, 85.35, 1.49, 100.00, 1.67, 1.64, 1.49, 4.2688, 5.03
2025/07/08 20:01:43, 616.78, 85.35, 1.43, 100.00, 1.75, 1.77, 1.62, 4.1783, 5.533
2025/07/08 20:06:43, 624.34, 85.35, 1.54, 100.00, 1.90, 1.90, 1.72, 4.0709, 6.539
2025/07/08 20:11:43, 604.21, 85.35, 1.59, 100.00, 1.95, 1.93, 1.75, 4.4532, 5.533
2025/07/08 20:16:43, 611.86, 85.38, 1.62, 100.00, 1.90, 1.88, 1.70, 4.6578, 5.533
2025/07/08 20:21:43, 614.49, 85.38, 1.49, 100.00, 1.64, 1.64, 1.49, 4.2822, 5.533
2025/07/08 20:26:43, 615.20, 85.35, 1.46, 100.00, 1.59, 1.59, 1.49, 4.4968, 5.533
2025/07/08 20:31:43, 612.03, 85.42, 1.54, 100.00, 1.75, 1.75, 1.62, 4.2118, 5.533
2025/07/08 20:36:43, 607.11, 85.42, 1.41, 100.00, 1.43, 1.43, 1.35, 4.0575, 5.533
2025/07/08 20:41:43, 604.91, 85.45, 1.51, 100.00, 1.77, 1.75, 1.57, 4.5337, 6.539
2025/07/08 20:46:43, 614.49, 85.45, 1.51, 100.00, 1.49, 1.49, 1.35, 4.356, 5.533
2025/07/08 20:51:43, 612.91, 85.42, 1.62, 100.00, 1.75, 1.75, 1.57, 5.4458, 7.545
2025/07/08 20:56:43, 604.56, 85.45, 1.67, 100.00, 1.90, 1.90, 1.64, 5.4391, 9.054
2025/07/08 21:01:43, 607.99, 85.45, 1.38, 100.00, 1.59, 1.51, 1.30, 5.4626, 7.545
2025/07/08 21:06:43, 597.44, 85.45, 1.54, 100.00, 1.90, 1.77, 1.57, 5.9086, 8.551
2025/07/08 21:11:43, 610.45, 85.48, 1.43, 100.00, 1.54, 1.46, 1.33, 5.6537, 8.551
2025/07/08 21:16:43, 595.95, 85.45, 1.43, 100.00, 1.67, 1.54, 1.43, 5.3922, 7.042
2025/07/08 21:21:43, 599.46, 85.48, 1.35, 100.00, 1.59, 1.46, 1.35, 5.2446, 7.545
2025/07/08 21:26:43, 593.66, 85.48, 1.43, 100.00, 1.72, 1.62, 1.43, 5.201, 6.539
2025/07/08 21:31:43, 601.31, 85.48, 1.14, 100.00, 1.27, 1.19, 1.11, 4.9059, 6.539
2025/07/08 21:36:43, 592.52, 85.48, 1.03, 100.00, 1.17, 1.08, 1.00, 4.3493, 6.539
2025/07/08 21:41:43, 583.46, 85.48, 1.00, 100.00, 0.95, 0.90, 0.87, 3.9066, 5.533
2025/07/08 21:46:43, 576.08, 85.48, 0.85, 100.00, 0.87, 0.82, 0.79, 4.5672, 5.533
2025/07/08 21:51:43, 585.40, 85.48, 0.87, 100.00, 0.82, 0.79, 0.77, 4.9361, 6.036
2025/07/08 21:56:43, 583.11, 85.51, 0.77, 100.00, 0.77, 0.72, 0.69, 4.6745, 6.036
2025/07/08 22:01:43, 575.46, 85.51, 0.95, 100.00, 0.95, 0.93, 0.90, 5.4492, 7.545
2025/07/08 22:06:43, 576.69, 85.51, 0.79, 100.00, 0.74, 0.72, 0.69, 5.7007, 7.545
2025/07/08 22:11:43, 584.08, 85.51, 0.82, 100.00, 0.79, 0.74, 0.74, 5.6504, 7.042
2025/07/08 22:16:43, 581.79, 85.51, 0.90, 100.00, 0.93, 0.90, 0.85, 5.3855, 7.545
2025/07/08 22:21:43, 586.45, 85.51, 0.95, 100.00, 1.00, 0.95, 0.93, 5.8382, 7.042
2025/07/08 22:26:43, 580.21, 85.51, 0.87, 100.00, 0.95, 0.90, 0.87, 5.2882, 6.539
2025/07/08 22:31:43, 588.21, 85.54, 0.93, 100.00, 0.95, 0.90, 0.87, 5.0367, 6.539
2025/07/08 22:36:43, 586.89, 85.57, 0.90, 100.00, 0.82, 0.79, 0.74, 4.5371, 6.036
2025/07/08 22:41:43, 591.29, 85.54, 0.90, 100.00, 0.95, 0.90, 0.87, 4.7986, 6.036
2025/07/08 22:46:43, 580.03, 85.51, 0.93, 100.00, 1.03, 0.98, 0.93, 4.7014, 6.036
2025/07/08 22:51:43, 583.73, 85.54, 0.87, 100.00, 0.82, 0.79, 0.77, 5.248, 7.545
2025/07/08 22:56:43, 584.25, 85.57, 0.90, 100.00, 0.90, 0.87, 0.85, 4.7383, 6.036
2025/07/08 23:01:43, 586.71, 85.57, 0.87, 100.00, 0.98, 0.93, 0.93, 4.8322, 6.036
2025/07/08 23:06:43, 583.46, 85.54, 0.85, 100.00, 0.82, 0.79, 0.77, 4.9328, 5.533
2025/07/08 23:11:43, 589.18, 85.57, 0.79, 100.00, 0.79, 0.77, 0.74, 5.0535, 6.539
2025/07/08 23:16:43, 587.24, 85.57, 0.77, 100.00, 0.77, 0.74, 0.72, 4.6947, 6.036
2025/07/08 23:21:43, 587.24, 85.57, 0.58, 100.00, 0.61, 0.58, 0.58, 4.1917, 5.03
2025/07/08 23:26:43, 587.51, 85.57, 0.74, 100.00, 0.77, 0.74, 0.72, 4.7148, 5.533
2025/07/08 23:31:43, 580.56, 85.63, 0.69, 100.00, 0.74, 0.69, 0.69, 4.4968, 5.533
2025/07/08 23:36:43, 588.82, 85.63, 0.77, 100.00, 0.77, 0.74, 0.72, 4.4566, 5.533
2025/07/08 23:41:43, 588.12, 85.66, 0.77, 100.00, 0.82, 0.79, 0.77, 4.9529, 6.036
2025/07/08 23:46:43, 593.40, 85.60, 0.74, 100.00, 0.79, 0.79, 0.77, 4.5874, 6.036
2025/07/08 23:51:43, 583.29, 85.63, 0.69, 100.00, 0.69, 0.64, 0.64, 4.1682, 5.533
2025/07/08 23:56:43, 593.84, 85.63, 0.74, 100.00, 0.69, 0.66, 0.64, 4.9696, 7.042
2025/07/09 0:01:43, 599.55, 85.63, 0.85, 100.00, 0.79, 0.79, 0.74, 4.5672, 6.539
2025/07/09 0:06:43, 602.36, 85.63, 0.69, 100.00, 0.72, 0.69, 0.64, 3.7457, 5.533
2025/07/09 0:11:43, 608.52, 85.63, 0.72, 100.00, 0.74, 0.72, 0.69, 3.5042, 5.533
2025/07/09 0:16:43, 622.58, 85.63, 0.64, 100.00, 0.69, 0.69, 0.66, 2.8034, 3.521
2025/07/09 0:21:43, 615.11, 85.63, 0.74, 100.00, 0.79, 0.77, 0.72, 3.0012, 4.024
2025/07/09 0:26:43, 601.22, 85.63, 0.79, 100.00, 0.82, 0.79, 0.77, 4.6712, 6.036
2025/07/09 0:31:43, 597.79, 85.63, 0.95, 100.00, 0.98, 0.93, 0.90, 5.1809, 6.539
2025/07/09 0:36:43, 604.47, 85.66, 0.85, 100.00, 0.90, 0.85, 0.82, 4.5941, 6.036
2025/07/09 0:41:43, 596.30, 85.66, 0.95, 100.00, 1.00, 0.95, 0.93, 5.6101, 7.042
2025/07/09 0:46:43, 601.13, 85.63, 0.90, 100.00, 1.00, 0.95, 0.93, 5.2144, 6.539
2025/07/09 0:51:43, 598.93, 85.66, 0.79, 100.00, 0.90, 0.85, 0.82, 5.1574, 6.539
2025/07/09 0:56:43, 617.48, 85.66, 0.85, 100.00, 0.93, 0.90, 0.90, 4.6377, 6.036
2025/07/09 1:01:43, 610.45, 85.66, 0.72, 100.00, 0.85, 0.79, 0.79, 3.5747, 4.527
2025/07/09 1:06:43, 602.98, 85.85, 0.72, 100.00, 0.77, 0.74, 0.72, 3.5612, 5.03
2025/07/09 1:11:43, 612.91, 85.85, 0.64, 100.00, 0.79, 0.74, 0.74, 3.5445, 4.527
2025/07/09 1:16:43, 608.25, 85.85, 0.74, 100.00, 0.90, 0.82, 0.82, 3.4841, 5.03
2025/07/09 1:21:43, 602.89, 85.82, 0.79, 100.00, 0.90, 0.87, 0.82, 4.2084, 5.03
2025/07/09 1:26:43, 612.82, 85.79, 0.79, 100.00, 0.82, 0.79, 0.74, 4.0508, 6.036
2025/07/09 1:31:43, 613.62, 85.79, 0.72, 100.00, 0.85, 0.79, 0.79, 3.3902, 4.527
2025/07/09 1:36:43, 607.37, 85.66, 0.74, 100.00, 0.77, 0.72, 0.69, 3.6618, 4.527
2025/07/09 1:41:43, 612.12, 85.73, 0.61, 100.00, 0.82, 0.79, 0.74, 2.8436, 3.521
2025/07/09 1:46:43, 608.87, 85.73, 0.79, 100.00, 0.87, 0.82, 0.77, 3.075, 4.024
2025/07/09 1:51:43, 616.96, 85.70, 0.79, 100.00, 0.90, 0.87, 0.82, 2.9073, 4.024
2025/07/09 1:56:43, 613.62, 85.70, 0.61, 100.00, 0.66, 0.64, 0.58, 2.8403, 3.521
2025/07/09 2:01:43, 626.98, 85.70, 0.69, 100.00, 0.69, 0.66, 0.64, 2.4513, 3.521
2025/07/09 2:06:43, 617.66, 85.73, 0.72, 100.00, 0.82, 0.77, 0.74, 2.5787, 3.018
2025/07/09 2:11:43, 622.41, 85.70, 0.58, 100.00, 0.61, 0.56, 0.56, 2.3742, 3.018
2025/07/09 2:16:43, 625.04, 85.73, 0.58, 100.00, 0.61, 0.56, 0.56, 2.3842, 3.018
2025/07/09 2:21:43, 626.45, 85.70, 0.56, 100.00, 0.61, 0.58, 0.58, 2.344, 3.018
2025/07/09 2:26:43, 592.96, 85.73, 0.42, 100.00, 0.42, 0.40, 0.40, 1.7706, 2.515
2025/07/09 2:31:43, 591.99, 85.76, 0.48, 100.00, 0.53, 0.48, 0.48, 1.6532, 2.012
2025/07/09 2:36:43, 612.21, 85.70, 0.53, 100.00, 0.58, 0.56, 0.53, 1.6934, 2.515
2025/07/09 2:41:43, 619.42, 85.73, 0.64, 100.00, 0.72, 0.69, 0.66, 2.6357, 3.521
2025/07/09 2:46:43, 615.37, 85.76, 0.64, 100.00, 0.66, 0.61, 0.58, 2.9208, 3.521
2025/07/09 2:51:43, 606.14, 85.76, 0.64, 100.00, 0.72, 0.69, 0.64, 2.8269, 3.521
2025/07/09 2:56:43, 607.90, 85.76, 0.64, 100.00, 0.69, 0.66, 0.64, 2.6122, 3.521
2025/07/09 3:01:43, 597.97, 85.76, 0.69, 100.00, 0.77, 0.72, 0.66, 2.5284, 3.018
2025/07/09 3:06:43, 599.37, 85.76, 0.72, 100.00, 0.74, 0.72, 0.69, 2.8705, 3.521
2025/07/09 3:11:43, 587.59, 85.79, 0.69, 100.00, 0.82, 0.79, 0.74, 2.8738, 3.521
2025/07/09 3:16:43, 595.95, 85.76, 0.61, 100.00, 0.64, 0.61, 0.58, 3.1655, 4.527
2025/07/09 3:21:43, 598.76, 85.79, 0.61, 100.00, 0.74, 0.69, 0.66, 2.9979, 4.024
2025/07/09 3:26:43, 591.64, 85.76, 0.56, 100.00, 0.50, 0.48, 0.48, 3.0784, 4.024
2025/07/09 3:31:43, 609.31, 85.76, 0.66, 100.00, 0.74, 0.72, 0.69, 2.4211, 3.521
2025/07/09 3:36:43, 609.66, 85.76, 0.69, 100.00, 0.74, 0.72, 0.66, 2.5116, 3.018
2025/07/09 3:41:43, 606.32, 85.79, 0.69, 100.00, 0.69, 0.64, 0.61, 2.6458, 3.521
2025/07/09 3:46:43, 595.86, 85.82, 0.64, 100.00, 0.72, 0.66, 0.64, 2.1126, 3.521
2025/07/09 3:51:43, 602.19, 85.79, 0.74, 100.00, 0.77, 0.72, 0.69, 2.6055, 3.521
2025/07/09 3:56:43, 601.92, 85.82, 0.85, 100.00, 0.87, 0.82, 0.79, 2.5385, 3.521
2025/07/09 4:01:43, 602.71, 85.82, 0.82, 100.00, 0.85, 0.79, 0.77, 2.0589, 3.018
2025/07/09 4:06:43, 610.98, 85.79, 0.82, 100.00, 0.85, 0.79, 0.77, 2.5116, 3.018
2025/07/09 4:11:43, 595.68, 85.76, 0.72, 100.00, 0.72, 0.69, 0.69, 2.7464, 3.521
2025/07/09 4:16:43, 590.05, 85.79, 0.74, 100.00, 0.77, 0.72, 0.69, 3.018, 4.024
2025/07/09 4:21:43, 596.38, 85.79, 0.69, 100.00, 0.72, 0.69, 0.66, 2.676, 3.521
2025/07/09 4:26:43, 586.19, 85.79, 0.74, 100.00, 0.79, 0.77, 0.72, 1.9885, 2.515
2025/07/09 4:31:43, 580.91, 85.76, 0.72, 100.00, 0.69, 0.64, 0.64, 2.2132, 2.515
2025/07/09 4:36:43, 594.36, 85.76, 0.74, 100.00, 0.69, 0.66, 0.66, 1.9986, 3.018
2025/07/09 4:41:43, 587.68, 85.76, 0.77, 100.00, 0.69, 0.64, 0.61, 1.281, 2.515
2025/07/09 4:46:43, 610.36, 85.76, 0.90, 100.00, 0.90, 0.85, 0.82, 1.4587, 2.515
2025/07/09 4:51:43, 599.73, 85.76, 0.98, 100.00, 0.93, 0.87, 0.85, 2.2098, 3.018
2025/07/09 4:56:43, 605.53, 85.76, 0.85, 100.00, 0.79, 0.74, 0.72, 2.3272, 3.018
2025/07/09 5:01:43, 613.00, 85.76, 0.90, 100.00, 0.85, 0.79, 0.79, 1.9785, 2.515
2025/07/09 5:06:43, 618.45, 85.76, 0.82, 100.00, 0.77, 0.74, 0.74, 1.8242, 2.515
2025/07/09 5:11:43, 611.68, 85.76, 0.90, 100.00, 0.85, 0.79, 0.79, 2.4681, 3.018
2025/07/09 5:16:43, 606.85, 85.76, 0.90, 100.00, 0.79, 0.74, 0.74, 2.1528, 3.018
2025/07/09 5:21:43, 595.95, 85.76, 0.90, 100.00, 0.85, 0.82, 0.82, 1.7873, 2.515
2025/07/09 5:26:43, 603.95, 85.79, 0.87, 100.00, 0.82, 0.74, 0.74, 1.7102, 2.515
2025/07/09 5:31:43, 613.26, 85.79, 0.98, 100.00, 0.87, 0.79, 0.79, 0.949, 1.509
2025/07/09 5:36:43, 586.36, 85.76, 1.03, 100.00, 0.93, 0.87, 0.85, 1.2843, 2.012
2025/07/09 5:41:43, 599.29, 85.76, 1.14, 100.00, 1.00, 1.00, 0.95, 2.2266, 3.018
2025/07/09 5:46:43, 591.11, 85.79, 1.11, 100.00, 1.00, 0.98, 0.95, 1.8712, 2.515
2025/07/09 5:51:43, 589.97, 85.79, 1.06, 100.00, 1.00, 0.98, 0.93, 1.7102, 2.515
2025/07/09 5:56:43, 594.98, 85.88, 1.03, 100.00, 0.98, 0.93, 0.87, 2.1964, 3.018
2025/07/09 6:01:43, 592.52, 85.85, 1.00, 100.00, 0.90, 0.87, 0.82, 2.0791, 2.515
2025/07/09 6:06:43, 600.60, 85.88, 1.06, 100.00, 1.00, 0.98, 0.90, 1.5157, 2.012
2025/07/09 6:11:43, 615.99, 85.88, 1.19, 100.00, 1.03, 1.06, 0.98, 1.4621, 2.012
2025/07/09 6:16:43, 597.18, 85.88, 1.30, 100.00, 1.14, 1.14, 1.03, 1.2709, 2.012
2025/07/09 6:21:43, 596.03, 85.85, 1.41, 100.00, 1.30, 1.25, 1.17, 2.1461, 3.018
2025/07/09 6:26:43, 583.73, 85.85, 1.25, 100.00, 0.98, 0.93, 0.93, 2.1461, 3.521
2025/07/09 6:31:43, 589.53, 85.82, 1.46, 100.00, 1.33, 1.30, 1.22, 1.9416, 3.018
2025/07/09 6:36:43, 586.98, 85.85, 1.43, 100.00, 1.17, 1.14, 1.11, 1.7303, 2.515
2025/07/09 6:41:43, 590.67, 85.82, 1.43, 100.00, 1.17, 1.17, 1.14, 1.8007, 2.515
2025/07/09 6:46:43, 596.30, 85.85, 1.51, 100.00, 1.30, 1.35, 1.27, 2.0254, 3.018
2025/07/09 6:51:43, 594.27, 85.82, 1.41, 100.00, 1.22, 1.27, 1.17, 2.8101, 4.024
2025/07/09 6:56:43, 610.63, 85.82, 1.35, 100.00, 1.11, 1.17, 1.06, 2.3708, 3.521
2025/07/09 7:01:43, 601.13, 85.85, 1.57, 100.00, 1.33, 1.33, 1.27, 2.3842, 3.521
2025/07/09 7:06:43, 599.46, 85.88, 1.80, 100.00, 1.51, 1.54, 1.38, 2.4915, 3.521
2025/07/09 7:11:43, 598.85, 85.88, 2.03, 100.00, 1.59, 1.59, 1.51, 1.955, 3.018
2025/07/09 7:16:43, 585.04, 85.88, 2.30, 100.00, 1.75, 1.70, 1.64, 1.4956, 2.515
2025/07/09 7:21:43, 578.71, 85.88, 1.75, 100.00, 1.33, 1.33, 1.25, 1.6297, 2.515
2025/07/09 7:26:43, 602.63, 85.88, 1.83, 100.00, 1.51, 1.54, 1.41, 1.7471, 3.018
2025/07/09 7:31:43, 600.16, 85.85, 1.72, 100.00, 1.41, 1.46, 1.35, 2.0724, 3.018
2025/07/09 7:36:43, 588.47, 85.85, 1.75, 100.00, 1.41, 1.41, 1.35, 1.8477, 2.515
2025/07/09 7:41:43, 593.40, 85.85, 1.83, 100.00, 1.62, 1.59, 1.54, 1.4755, 2.012
2025/07/09 7:46:43, 585.13, 85.82, 1.72, 100.00, 1.38, 1.35, 1.33, 1.4922, 2.515
2025/07/09 7:51:43, 585.40, 85.66, 1.49, 100.00, 1.19, 1.22, 1.19, 2.1763, 3.521
2025/07/09 7:56:43, 577.40, 85.88, 1.27, 100.00, 1.03, 1.00, 1.00, 2.0254, 3.521
2025/07/09 8:01:43, 591.90, 85.88, 1.38, 100.00, 1.17, 1.17, 1.14, 2.2434, 3.018
2025/07/09 8:06:43, 593.57, 85.88, 1.62, 100.00, 1.33, 1.35, 1.33, 1.9114, 2.515
2025/07/09 8:11:43, 570.71, 85.88, 1.67, 100.00, 1.27, 1.25, 1.25, 1.8846, 2.515
2025/07/09 8:16:43, 574.93, 85.85, 2.00, 100.00, 1.46, 1.49, 1.51, 1.9718, 3.018
2025/07/09 8:21:43, 564.30, 85.85, 1.93, 100.00, 1.33, 1.33, 1.38, 2.0522, 3.018
2025/07/09 8:26:43, 568.43, 85.85, 2.06, 100.00, 1.43, 1.41, 1.49, 1.8577, 2.515
2025/07/09 8:31:43, 564.82, 85.85, 2.06, 100.00, 1.46, 1.43, 1.49, 1.7102, 2.515
2025/07/09 8:36:43, 556.65, 85.85, 1.98, 100.00, 1.46, 1.46, 1.51, 1.8309, 2.515
2025/07/09 8:41:43, 556.82, 85.85, 2.16, 100.00, 1.64, 1.59, 1.67, 1.8678, 2.515
2025/07/09 8:46:43, 563.33, 85.85, 2.30, 100.00, 1.85, 1.85, 1.88, 1.8074, 2.515
2025/07/09 8:51:43, 559.02, 85.88, 2.68, 100.00, 2.16, 2.32, 2.30, 1.7437, 3.018
2025/07/09 8:56:43, 558.93, 85.85, 2.66, 100.00, 2.19, 2.32, 2.27, 1.7303, 2.515
2025/07/09 9:01:43, 560.87, 85.85, 2.58, 100.00, 2.08, 2.11, 2.14, 1.8007, 2.515
2025/07/09 9:06:43, 568.34, 85.85, 3.01, 100.00, 2.68, 2.81, 2.68, 1.5727, 2.515
2025/07/09 9:11:43, 572.82, 85.88, 3.85, 100.00, 3.19, 3.43, 3.35, 0.8786, 1.509
2025/07/09 9:16:43, 601.84, 85.85, 4.13, 100.00, 3.78, 4.10, 3.80, 1.2173, 2.012
2025/07/09 9:21:43, 618.89, 85.85, 3.58, 100.00, 2.81, 3.01, 2.84, 2.2266, 3.018
2025/07/09 9:26:43, 603.68, 85.85, 3.60, 100.00, 2.89, 3.25, 2.89, 2.3842, 3.521
2025/07/09 9:31:43, 618.98, 85.82, 3.48, 100.00, 2.40, 2.58, 2.48, 2.733, 3.521
2025/07/09 9:36:43, 610.63, 85.85, 3.43, 100.00, 2.50, 2.73, 2.56, 2.8839, 3.521
2025/07/09 9:41:43, 607.29, 85.88, 3.43, 100.00, 2.43, 2.63, 2.43, 2.7665, 3.521
2025/07/09 9:46:43, 611.33, 85.88, 3.50, 100.00, 2.35, 2.48, 2.37, 2.3172, 3.018
2025/07/09 9:51:43, 603.77, 85.95, 3.45, 100.00, 2.37, 2.53, 2.37, 2.1025, 2.515
2025/07/09 9:56:43, 611.15, 85.95, 3.63, 100.00, 2.61, 2.84, 2.61, 2.069, 2.515
2025/07/09 10:01:43, 586.10, 85.91, 3.58, 100.00, 2.56, 2.58, 2.50, 1.8309, 2.012
2025/07/09 10:06:43, 562.54, 85.88, 3.45, 100.00, 2.37, 2.37, 2.30, 1.5224, 2.012
2025/07/09 10:11:43, 569.13, 85.88, 3.85, 100.00, 2.53, 2.61, 2.50, 1.7404, 2.515
2025/07/09 10:16:43, 562.27, 85.85, 3.98, 100.00, 2.48, 2.58, 2.58, 1.9449, 2.515
2025/07/09 10:21:43, 549.53, 85.82, 5.28, 100.00, 3.25, 3.25, 3.30, 1.9483, 3.018
2025/07/09 10:26:43, 559.81, 85.85, 4.39, 100.00, 2.66, 2.66, 2.76, 2.2803, 4.024
2025/07/09 10:31:43, 566.67, 85.88, 5.10, 100.00, 3.06, 3.17, 3.19, 2.1964, 3.521
2025/07/09 10:36:43, 569.22, 85.98, 4.61, 100.00, 2.56, 2.63, 2.73, 1.9852, 2.515
2025/07/09 10:41:43, 578.10, 85.91, 4.69, 100.00, 3.06, 3.19, 3.14, 1.6297, 2.012
2025/07/09 10:46:43, 589.35, 85.95, 5.73, 100.00, 4.08, 4.36, 4.10, 1.3581, 2.012
2025/07/09 10:51:43, 584.69, 85.82, 7.18, 99.06, 5.10, 5.53, 5.03, 1.5828, 2.515
2025/07/09 10:56:43, 574.58, 85.88, 8.92, 79.80, 5.33, 6.04, 5.51, 1.8745, 2.515
2025/07/09 11:01:43, 575.29, 85.85, 7.35, 79.83, 4.71, 5.26, 4.83, 2.3138, 3.018
2025/07/09 11:06:43, 571.95, 85.95, 7.06, 78.20, 3.88, 4.44, 4.13, 1.8276, 2.515
2025/07/09 11:11:43, 561.13, 85.82, 6.29, 82.35, 3.63, 4.18, 4.03, 1.3346, 2.012
2025/07/09 11:16:43, 543.99, 85.88, 5.36, 88.89, 3.25, 3.25, 3.40, 1.4755, 2.012
2025/07/09 11:21:43, 547.15, 85.88, 4.78, 91.98, 2.94, 2.99, 2.99, 1.5392, 2.012
2025/07/09 11:26:43, 538.89, 85.85, 4.03, 96.36, 2.48, 2.50, 2.58, 1.8779, 2.515
2025/07/09 11:31:43, 552.52, 85.38, 4.18, 94.99, 2.84, 2.99, 2.86, 1.9215, 2.515
2025/07/09 11:36:43, 551.73, 79.64, 6.68, 79.61, 4.26, 4.71, 4.46, 1.4956, 2.012
2025/07/09 11:41:43, 571.68, 83.39, 7.79, 73.32, 5.05, 5.82, 5.46, 1.3648, 2.012
2025/07/09 11:46:43, 555.24, 84.79, 8.04, 68.84, 4.31, 4.83, 4.61, 1.3547, 2.012
2025/07/09 11:51:43, 570.63, 83.36, 8.74, 69.57, 6.41, 7.16, 6.58, 1.8142, 2.515
2025/07/09 11:56:43, 568.78, 85.66, 7.14, 71.78, 4.18, 4.64, 4.31, 2.0556, 2.515
2025/07/09 12:01:43, 553.84, 84.48, 8.31, 67.06, 4.88, 5.48, 5.21, 1.4084, 2.012
2025/07/09 12:06:43, 549.00, 83.29, 8.43, 65.19, 4.71, 5.31, 5.00, 1.3044, 1.509
2025/07/09 12:11:43, 569.57, 82.48, 11.43, 55.79, 7.28, 8.24, 7.76, 1.4621, 2.012
2025/07/09 12:16:43, 569.66, 81.67, 10.15, 57.99, 5.82, 6.48, 6.04, 1.6934, 2.012
2025/07/09 12:21:43, 564.21, 85.76, 10.82, 54.64, 5.60, 6.19, 5.70, 1.5627, 2.012
2025/07/09 12:26:43, 568.43, 85.66, 9.64, 58.93, 5.65, 6.21, 5.85, 1.4621, 2.012
2025/07/09 12:31:43, 558.85, 85.85, 8.04, 65.95, 4.83, 5.00, 4.76, 1.9952, 3.018
2025/07/09 12:36:43, 548.12, 85.98, 7.86, 67.37, 4.56, 4.88, 4.69, 1.1603, 1.509
2025/07/09 12:41:43, 547.24, 85.91, 6.75, 75.30, 4.23, 4.26, 4.16, 1.2843, 2.012
2025/07/09 12:46:43, 555.24, 86.01, 8.34, 65.51, 5.41, 5.43, 5.10, 0.9792, 2.012
2025/07/09 12:51:43, 555.24, 86.07, 9.19, 62.40, 6.19, 5.97, 5.77, 0.1978, 1.006
2025/07/09 12:56:43, 542.67, 86.29, 6.96, 76.26, 3.85, 3.75, 3.60, 0.228, 1.006
2025/07/09 13:01:43, 549.62, 86.69, 6.80, 80.96, 4.73, 4.78, 4.71, 0.6707, 1.509
2025/07/09 13:06:43, 560.69, 83.73, 8.81, 67.76, 5.89, 6.21, 5.36, 0.4661, 1.509
2025/07/09 13:11:43, 539.42, 85.42, 7.83, 68.07, 5.23, 5.31, 4.81, 0.9222, 1.509
2025/07/09 13:16:43, 557.79, 85.95, 8.07, 65.22, 5.03, 4.91, 4.73, 1.0328, 2.012
2025/07/09 13:21:43, 580.56, 85.63, 8.43, 64.93, 6.70, 6.56, 6.48, 1.0764, 2.012
2025/07/09 13:26:43, 606.32, 85.91, 9.91, 61.27, 7.64, 7.83, 7.55, 1.1971, 2.012
2025/07/09 13:31:43, 619.68, 86.04, 7.67, 68.12, 4.71, 4.64, 4.83, 1.4084, 2.515
2025/07/09 13:36:43, 612.12, 85.85, 7.45, 70.20, 5.33, 5.43, 5.53, 1.8544, 2.515
2025/07/09 13:41:43, 605.70, 86.07, 6.87, 70.85, 4.91, 4.98, 4.88, 2.012, 2.515
2025/07/09 13:46:43, 614.14, 86.04, 5.55, 78.87, 3.75, 3.98, 3.98, 2.3004, 3.018
2025/07/09 13:51:43, 612.82, 86.04, 5.18, 80.65, 3.58, 3.75, 3.80, 2.354, 3.018
2025/07/09 13:56:43, 606.85, 86.01, 4.76, 86.72, 3.75, 3.65, 3.58, 2.7598, 4.024
2025/07/09 14:01:43, 617.48, 86.01, 6.24, 78.73, 4.73, 4.78, 5.00, 2.3876, 3.521
2025/07/09 14:06:43, 614.05, 86.04, 7.55, 69.36, 5.21, 5.31, 5.26, 1.6163, 2.515
2025/07/09 14:11:43, 605.44, 86.10, 6.99, 71.53, 4.88, 4.95, 4.91, 1.7605, 2.515
2025/07/09 14:16:43, 617.40, 86.07, 5.41, 79.14, 3.60, 3.63, 3.68, 2.2098, 2.515
2025/07/09 14:21:43, 622.14, 86.07, 4.91, 86.79, 3.58, 3.55, 3.45, 2.4982, 3.018
2025/07/09 14:26:43, 616.08, 86.10, 5.00, 84.96, 3.40, 3.50, 3.48, 2.2266, 3.521
2025/07/09 14:31:43, 629.53, 86.10, 4.71, 86.93, 3.25, 3.35, 3.17, 1.9148, 2.515
2025/07/09 14:36:43, 624.78, 86.10, 4.76, 88.82, 3.37, 3.55, 3.40, 1.794, 2.515
2025/07/09 14:41:43, 631.73, 86.07, 4.86, 91.56, 3.32, 3.40, 3.30, 2.2534, 3.521
2025/07/09 14:46:43, 606.23, 86.01, 5.85, 85.00, 4.71, 4.91, 4.64, 1.8142, 2.515
2025/07/09 14:51:43, 610.10, 86.07, 7.14, 74.99, 5.65, 5.75, 5.63, 1.9583, 2.515
2025/07/09 14:56:43, 597.18, 86.04, 7.62, 72.03, 6.44, 6.44, 6.29, 1.8611, 2.515
2025/07/09 15:01:43, 595.33, 86.10, 7.43, 71.38, 5.99, 5.94, 5.85, 2.0288, 2.515
2025/07/09 15:06:43, 603.07, 86.10, 6.80, 74.24, 5.43, 5.51, 5.33, 2.5217, 3.018
2025/07/09 15:11:43, 611.15, 86.13, 6.09, 76.34, 4.44, 4.46, 4.36, 2.4815, 3.521
2025/07/09 15:16:43, 606.93, 86.10, 5.80, 78.14, 4.41, 4.44, 4.33, 2.7061, 3.521
2025/07/09 15:21:43, 616.43, 86.13, 5.28, 81.55, 4.13, 4.10, 4.00, 2.7497, 4.024
2025/07/09 15:26:43, 611.42, 86.10, 4.91, 85.53, 3.60, 3.55, 3.58, 2.7833, 4.024
2025/07/09 15:31:43, 614.41, 86.13, 4.86, 86.67, 3.75, 3.78, 3.63, 2.3239, 3.521
2025/07/09 15:36:43, 604.30, 86.13, 5.13, 83.70, 4.36, 4.16, 4.08, 1.8745, 3.018
2025/07/09 15:41:43, 600.25, 86.13, 5.82, 79.76, 5.05, 5.05, 4.81, 2.515, 3.018
2025/07/09 15:46:43, 614.32, 86.13, 5.94, 78.01, 4.23, 4.21, 4.16, 2.0891, 2.515
2025/07/09 15:51:43, 615.37, 86.13, 6.11, 78.96, 4.54, 4.76, 4.66, 1.8343, 2.515
2025/07/09 15:56:43, 624.87, 86.13, 6.99, 73.23, 4.83, 4.91, 5.00, 1.2642, 2.012
2025/07/09 16:01:43, 621.35, 86.13, 6.31, 77.19, 4.46, 4.49, 4.49, 2.0154, 3.018
2025/07/09 16:06:43, 622.85, 86.13, 6.11, 76.64, 4.21, 4.23, 4.18, 1.9349, 2.515
2025/07/09 16:11:43, 616.52, 86.13, 6.44, 75.77, 4.64, 4.64, 4.59, 1.9684, 2.515
2025/07/09 16:16:43, 615.29, 86.10, 6.19, 76.03, 4.44, 4.46, 4.46, 2.0757, 2.515
2025/07/09 16:21:43, 614.49, 86.10, 6.39, 75.76, 4.76, 4.81, 4.69, 2.7631, 3.521
2025/07/09 16:26:43, 615.99, 86.10, 6.04, 77.48, 4.51, 4.51, 4.44, 2.8235, 3.521
2025/07/09 16:31:43, 578.89, 86.13, 6.01, 76.22, 5.10, 5.03, 4.91, 2.5418, 3.521
2025/07/09 16:36:43, 613.44, 86.13, 6.04, 76.19, 4.54, 4.54, 4.41, 2.8705, 3.521
2025/07/09 16:41:43, 606.76, 86.13, 5.92, 77.79, 4.66, 4.69, 4.51, 2.6357, 3.521
2025/07/09 16:46:43, 613.88, 86.13, 5.80, 79.83, 4.36, 4.41, 4.28, 2.411, 3.018
2025/07/09 16:51:43, 610.63, 86.16, 5.75, 78.54, 4.31, 4.33, 4.23, 2.3373, 3.018
2025/07/09 16:56:43, 604.74, 86.13, 6.04, 78.25, 4.83, 4.86, 4.73, 2.2166, 3.018
2025/07/09 17:01:43, 610.71, 86.13, 5.82, 78.18, 4.44, 4.46, 4.36, 2.2233, 3.018
2025/07/09 17:06:43, 610.45, 86.16, 5.65, 78.56, 4.33, 4.31, 4.21, 2.24, 3.018
2025/07/09 17:11:43, 614.14, 86.20, 5.55, 77.69, 4.03, 4.10, 4.00, 1.9818, 3.018
2025/07/09 17:16:43, 606.67, 86.13, 5.53, 80.30, 4.66, 4.61, 4.44, 2.3272, 3.521
2025/07/09 17:21:43, 620.82, 86.13, 5.43, 80.58, 3.95, 3.95, 3.90, 2.3037, 3.018
2025/07/09 17:26:43, 620.56, 86.16, 5.13, 81.01, 3.60, 3.60, 3.60, 1.908, 2.515
2025/07/09 17:31:43, 607.20, 86.16, 5.05, 81.59, 4.03, 4.03, 3.90, 1.8611, 3.018
2025/07/09 17:36:43, 615.20, 86.13, 5.10, 82.22, 3.95, 3.98, 3.85, 2.2635, 3.521
2025/07/09 17:41:43, 617.66, 86.13, 4.81, 82.83, 3.73, 3.75, 3.68, 2.4882, 3.521
2025/07/09 17:46:43, 610.36, 86.16, 4.71, 85.13, 4.03, 3.95, 3.78, 3.0448, 4.024
2025/07/09 17:51:43, 602.36, 86.16, 5.00, 82.75, 4.31, 4.21, 4.03, 2.1595, 3.521
2025/07/09 17:56:43, 610.98, 86.20, 5.23, 81.40, 4.10, 4.05, 3.90, 2.0422, 2.515
2025/07/09 18:01:43, 602.54, 86.16, 4.88, 83.36, 3.98, 3.95, 3.80, 1.9114, 2.515
2025/07/09 18:06:43, 613.62, 86.20, 4.66, 86.67, 3.63, 3.58, 3.48, 2.2534, 3.521
2025/07/09 18:11:43, 610.19, 86.16, 4.51, 87.71, 3.55, 3.55, 3.43, 2.4613, 3.521
2025/07/09 18:16:43, 621.88, 86.16, 4.66, 86.23, 3.55, 3.53, 3.43, 2.2736, 3.018
2025/07/09 18:21:43, 614.67, 86.20, 4.46, 89.72, 3.50, 3.40, 3.27, 2.4613, 3.018
2025/07/09 18:26:43, 619.95, 86.16, 4.44, 88.54, 3.37, 3.30, 3.19, 2.0623, 2.515
2025/07/09 18:31:43, 623.02, 86.16, 4.10, 91.89, 3.22, 3.19, 3.06, 1.9818, 2.515
2025/07/09 18:36:43, 609.48, 86.20, 3.75, 92.78, 3.14, 3.06, 2.99, 2.2031, 2.515
2025/07/09 18:41:43, 609.84, 86.20, 3.73, 92.78, 3.12, 3.04, 2.91, 2.3339, 3.018
2025/07/09 18:46:43, 611.51, 86.16, 3.78, 95.57, 3.14, 3.01, 2.94, 2.2266, 3.018
2025/07/09 18:51:43, 611.86, 86.20, 3.60, 94.95, 2.94, 2.89, 2.78, 2.069, 2.515
2025/07/09 18:56:43, 626.45, 86.23, 3.50, 94.34, 2.68, 2.63, 2.48, 1.9047, 2.515
2025/07/09 19:01:43, 632.08, 86.20, 3.25, 95.84, 2.71, 2.61, 2.43, 1.8645, 3.018
2025/07/09 19:06:43, 625.57, 86.20, 3.19, 96.12, 2.48, 2.45, 2.35, 2.1327, 2.515
2025/07/09 19:11:43, 622.58, 86.20, 3.17, 96.92, 2.78, 2.68, 2.58, 1.9114, 2.515
2025/07/09 19:16:43, 614.32, 86.23, 3.35, 96.30, 2.84, 2.76, 2.66, 2.0154, 2.515
2025/07/09 19:21:43, 619.86, 86.23, 2.96, 97.02, 2.43, 2.35, 2.24, 2.4949, 3.018
2025/07/09 19:26:43, 618.45, 86.23, 3.22, 94.73, 2.71, 2.58, 2.50, 1.6934, 2.515
2025/07/09 19:31:43, 576.25, 86.26, 3.17, 93.51, 2.50, 2.40, 2.37, 1.6029, 3.018
2025/07/09 19:36:43, 560.08, 86.26, 2.86, 95.61, 2.37, 2.30, 2.22, 1.5895, 2.515
2025/07/09 19:41:43, 602.71, 86.23, 2.99, 95.45, 2.63, 2.58, 2.50, 1.4889, 2.515
2025/07/09 19:46:43, 614.14, 86.23, 2.63, 98.90, 2.22, 2.11, 1.98, 2.2199, 3.018
2025/07/09 19:51:43, 608.52, 86.26, 2.40, 100.00, 2.08, 2.06, 1.93, 2.5184, 3.018
2025/07/09 19:56:43, 618.54, 86.26, 2.48, 100.00, 2.16, 2.08, 1.95, 2.7162, 4.024
2025/07/09 20:01:43, 609.66, 86.26, 2.27, 100.00, 2.06, 1.98, 1.88, 2.2937, 3.018
2025/07/09 20:06:43, 608.69, 86.23, 2.27, 100.00, 2.40, 2.27, 2.16, 2.5888, 3.521
2025/07/09 20:11:43, 605.79, 86.26, 2.27, 100.00, 2.11, 2.00, 1.93, 2.676, 3.521
2025/07/09 20:16:43, 615.11, 86.26, 2.24, 100.00, 2.03, 1.93, 1.85, 2.3641, 3.018
2025/07/09 20:21:43, 610.98, 86.26, 2.32, 100.00, 2.22, 2.11, 2.00, 2.1797, 2.515
2025/07/09 20:26:43, 608.69, 86.26, 2.27, 100.00, 2.03, 1.93, 1.83, 2.572, 3.521
2025/07/09 20:31:43, 598.05, 86.29, 2.27, 100.00, 2.06, 2.00, 1.90, 2.9208, 3.521
2025/07/09 20:36:43, 616.25, 86.29, 2.27, 100.00, 2.16, 2.06, 1.93, 2.8067, 3.521
2025/07/09 20:41:43, 620.82, 86.29, 2.03, 100.00, 1.90, 1.80, 1.72, 2.4312, 3.521
2025/07/09 20:46:43, 616.69, 86.29, 2.11, 100.00, 1.98, 1.88, 1.75, 2.7732, 3.521
2025/07/09 20:51:43, 616.43, 86.32, 2.08, 100.00, 1.98, 1.88, 1.77, 2.2132, 3.018
2025/07/09 20:56:43, 616.25, 86.29, 2.14, 100.00, 2.06, 1.93, 1.77, 1.8477, 2.515
2025/07/09 21:01:43, 617.40, 86.29, 2.30, 100.00, 2.32, 2.16, 2.03, 1.8074, 2.515
2025/07/09 21:06:43, 593.75, 86.32, 2.32, 100.00, 2.22, 2.06, 1.88, 2.0221, 2.515
2025/07/09 21:11:43, 554.80, 86.29, 1.77, 100.00, 1.54, 1.49, 1.43, 1.784, 2.515
2025/07/09 21:16:43, 564.47, 86.29, 1.57, 100.00, 1.41, 1.33, 1.22, 2.0221, 2.515
2025/07/09 21:21:43, 566.49, 86.26, 1.51, 100.00, 1.43, 1.33, 1.22, 1.8209, 2.515
2025/07/09 21:26:43, 565.44, 86.32, 1.57, 100.00, 1.41, 1.27, 1.11, 1.794, 2.515
2025/07/09 21:31:43, 561.48, 86.29, 1.43, 100.00, 1.33, 1.19, 1.06, 1.4151, 2.515
2025/07/09 21:36:43, 551.99, 86.32, 1.30, 100.00, 1.33, 1.22, 1.08, 0.2817, 1.006
2025/07/09 21:41:43, 550.85, 86.32, 1.38, 100.00, 1.27, 1.17, 1.03, 0.8652, 1.006
2025/07/09 21:46:43, 552.16, 86.32, 1.75, 100.00, 1.83, 1.72, 1.57, 1.0597, 1.509
2025/07/09 21:51:43, 563.24, 86.32, 1.85, 100.00, 1.85, 1.75, 1.64, 1.1871, 2.012
2025/07/09 21:56:43, 570.36, 86.32, 1.75, 100.00, 1.85, 1.77, 1.67, 1.1804, 2.012
2025/07/09 22:01:43, 545.84, 86.32, 1.62, 100.00, 1.64, 1.54, 1.46, 1.6062, 2.012
2025/07/09 22:06:43, 565.79, 86.32, 2.00, 100.00, 1.88, 1.75, 1.62, 1.9248, 3.018
2025/07/09 22:11:43, 538.71, 86.29, 1.85, 100.00, 1.70, 1.54, 1.35, 1.1569, 2.515
2025/07/09 22:16:43, 550.49, 86.32, 1.70, 100.00, 1.64, 1.54, 1.46, 0.845, 1.509
2025/07/09 22:21:43, 544.25, 86.32, 1.51, 100.00, 1.64, 1.49, 1.30, 0.1341, 1.006
2025/07/09 22:26:43, 530.63, 86.32, 1.51, 100.00, 1.49, 1.35, 1.22, 1.0362, 1.509
2025/07/09 22:31:43, 542.05, 86.32, 1.54, 100.00, 1.70, 1.49, 1.30, 1.3682, 2.012
2025/07/09 22:36:43, 538.27, 86.32, 1.57, 100.00, 1.57, 1.49, 1.35, 0.9255, 1.509
2025/07/09 22:41:43, 541.09, 86.35, 1.64, 100.00, 1.64, 1.54, 1.35, 0.5868, 1.509
2025/07/09 22:46:43, 541.09, 86.32, 1.46, 100.00, 1.38, 1.14, 0.95, 0.7646, 1.509
2025/07/09 22:51:43, 541.09, 86.35, 1.72, 100.00, 2.06, 1.90, 1.59, 0.0872, 0.503
2025/07/09 22:56:43, 541.00, 86.32, 1.67, 100.00, 1.90, 1.80, 1.54, 0.0, 0.0
2025/07/09 23:01:43, 604.30, 86.32, 1.72, 100.00, 2.06, 1.95, 1.57, 0.275, 1.509
2025/07/09 23:06:43, 604.12, 86.32, 1.67, 100.00, 1.80, 1.64, 1.22, 0.7176, 1.006
2025/07/09 23:11:43, 604.12, 86.32, 1.54, 100.00, 1.62, 1.49, 1.25, 0.1643, 0.503
2025/07/09 23:16:43, 604.12, 86.35, 1.62, 100.00, 1.72, 1.57, 1.33, 0.0, 0.0
2025/07/09 23:21:43, 604.12, 86.32, 1.57, 100.00, 1.59, 1.43, 1.22, 0.0, 0.0
2025/07/09 23:26:43, 591.29, 86.35, 1.83, 100.00, 2.00, 1.72, 1.33, 0.0, 0.0
2025/07/09 23:31:43, 584.87, 86.35, 1.85, 100.00, 1.80, 1.54, 1.27, 1.0764, 1.509
2025/07/09 23:36:43, 570.01, 86.35, 1.70, 100.00, 1.75, 1.57, 1.33, 0.9222, 1.509
2025/07/09 23:41:43, 542.76, 86.32, 1.38, 100.00, 1.46, 1.22, 1.06, 0.4762, 1.006
2025/07/09 23:46:43, 539.24, 86.35, 1.43, 100.00, 1.54, 1.43, 1.27, 0.6606, 1.006
2025/07/09 23:51:43, 538.54, 86.35, 1.57, 100.00, 1.77, 1.64, 1.46, 0.7713, 1.006
2025/07/09 23:56:43, 538.54, 86.35, 1.54, 100.00, 1.49, 1.38, 1.19, 0.5801, 1.006
2025/07/10 0:01:43, 555.77, 86.35, 1.64, 100.00, 1.59, 1.43, 1.27, 0.9456, 1.509
2025/07/10 0:06:43, 555.24, 86.35, 1.62, 100.00, 1.59, 1.43, 1.22, 0.9557, 1.509
2025/07/10 0:11:43, 555.15, 86.35, 1.54, 100.00, 1.43, 1.30, 1.03, 0.4561, 1.006
2025/07/10 0:16:43, 555.24, 86.35, 1.62, 100.00, 1.64, 1.41, 1.08, 0.171, 1.006
2025/07/10 0:21:43, 555.24, 86.35, 1.64, 100.00, 1.59, 1.46, 1.19, 0.0, 0.0
2025/07/10 0:26:43, 555.24, 86.35, 1.43, 100.00, 1.35, 1.27, 1.11, 0.0, 0.0
2025/07/10 0:31:43, 555.24, 86.35, 1.33, 100.00, 1.19, 1.00, 0.82, 0.0, 0.0
2025/07/10 0:36:43, 556.03, 86.38, 1.22, 100.00, 1.38, 1.33, 1.25, 0.0, 0.0
2025/07/10 0:41:43, 556.03, 86.38, 1.33, 100.00, 1.49, 1.43, 1.38, 0.0, 0.0
2025/07/10 0:46:43, 555.95, 86.38, 1.35, 100.00, 1.35, 1.17, 1.00, 0.0, 0.0
2025/07/10 0:51:43, 555.95, 86.38, 1.38, 100.00, 1.46, 1.30, 1.03, 0.0, 0.0
2025/07/10 0:56:43, 555.95, 86.38, 1.35, 100.00, 1.33, 1.19, 1.00, 0.0, 0.0
2025/07/10 1:01:43, 555.95, 86.38, 1.46, 100.00, 1.59, 1.46, 1.25, 0.0, 0.0
2025/07/10 1:06:43, 555.95, 86.38, 1.38, 100.00, 1.30, 1.08, 0.85, 0.0, 0.0
2025/07/10 1:11:43, 555.95, 86.38, 1.43, 100.00, 1.62, 1.46, 1.22, 0.0, 0.0
2025/07/10 1:16:43, 555.95, 86.38, 1.54, 100.00, 1.64, 1.49, 1.30, 0.0, 0.0
2025/07/10 1:21:43, 555.95, 86.38, 1.46, 100.00, 1.51, 1.35, 1.06, 0.0, 0.0
2025/07/10 1:26:43, 555.95, 86.35, 1.30, 100.00, 1.11, 0.82, 0.61, 0.0, 0.0
2025/07/10 1:31:43, 555.95, 86.38, 1.33, 100.00, 1.54, 1.41, 1.22, 0.0, 0.0
2025/07/10 1:36:43, 564.03, 86.38, 1.67, 100.00, 1.93, 1.88, 1.85, 0.3186, 1.006
2025/07/10 1:41:43, 563.95, 86.38, 1.59, 100.00, 1.67, 1.59, 1.49, 0.0268, 0.503
2025/07/10 1:46:43, 561.75, 86.38, 1.70, 100.00, 1.75, 1.64, 1.54, 0.0, 0.0
2025/07/10 1:51:43, 561.75, 86.38, 1.62, 100.00, 1.67, 1.54, 1.27, 0.0, 0.0
2025/07/10 1:56:43, 561.75, 86.38, 1.49, 100.00, 1.46, 1.25, 0.95, 0.0, 0.0
2025/07/10 2:01:43, 535.20, 86.38, 1.25, 100.00, 1.14, 1.06, 0.90, 0.0, 0.0
2025/07/10 2:06:43, 535.20, 86.38, 1.30, 100.00, 1.38, 1.27, 1.14, 0.0, 0.0
2025/07/10 2:11:43, 535.20, 86.38, 1.25, 100.00, 1.22, 1.06, 1.00, 0.0, 0.0
2025/07/10 2:16:43, 535.20, 86.38, 1.25, 100.00, 1.35, 1.27, 1.19, 0.0, 0.0
2025/07/10 2:21:43, 537.48, 86.38, 1.30, 100.00, 1.33, 1.27, 1.19, 0.0, 0.0
2025/07/10 2:26:43, 537.48, 86.38, 1.25, 100.00, 1.27, 1.22, 1.14, 0.0, 0.0
2025/07/10 2:31:43, 537.48, 86.38, 1.03, 100.00, 0.98, 0.95, 0.90, 0.0, 0.0
2025/07/10 2:36:43, 537.48, 86.38, 0.95, 100.00, 1.00, 0.95, 0.90, 0.0, 0.0
2025/07/10 2:41:43, 537.48, 86.38, 0.93, 100.00, 1.00, 0.95, 0.90, 0.0, 0.0
2025/07/10 2:46:43, 580.74, 86.38, 1.38, 100.00, 1.59, 1.51, 1.43, 0.9456, 3.018
2025/07/10 2:51:43, 593.66, 86.38, 1.41, 100.00, 1.33, 1.22, 1.17, 2.0958, 3.018
2025/07/10 2:56:43, 591.37, 86.38, 1.43, 100.00, 1.46, 1.35, 1.27, 2.069, 2.515
2025/07/10 3:01:43, 594.19, 86.38, 1.41, 100.00, 1.51, 1.43, 1.33, 1.5895, 2.515
2025/07/10 3:06:43, 595.95, 86.38, 1.62, 100.00, 1.64, 1.57, 1.49, 2.0019, 3.018
2025/07/10 3:11:43, 568.60, 86.38, 1.33, 100.00, 1.27, 1.22, 1.17, 1.1703, 2.012
2025/07/10 3:16:43, 567.73, 86.38, 1.59, 100.00, 1.67, 1.62, 1.54, 1.9181, 2.515
2025/07/10 3:21:43, 570.71, 86.38, 1.57, 100.00, 1.59, 1.54, 1.46, 1.8443, 2.515
2025/07/10 3:26:43, 548.47, 86.35, 1.25, 100.00, 1.11, 1.03, 0.95, 1.0898, 2.515
2025/07/10 3:31:43, 578.01, 86.38, 1.33, 100.00, 1.38, 1.27, 1.19, 0.8249, 1.509
2025/07/10 3:36:43, 578.01, 86.35, 1.00, 100.00, 1.14, 1.08, 1.00, 0.0235, 0.503
2025/07/10 3:41:43, 578.01, 86.35, 0.93, 100.00, 1.27, 1.22, 1.11, 0.0, 0.0
2025/07/10 3:46:43, 578.01, 86.35, 0.98, 100.00, 1.33, 1.25, 1.17, 0.0, 0.0
2025/07/10 3:51:43, 620.12, 86.35, 1.27, 100.00, 1.70, 1.62, 1.51, 0.1744, 1.006
2025/07/10 3:56:43, 591.20, 86.35, 1.64, 100.00, 1.98, 1.95, 1.88, 0.7008, 2.012
2025/07/10 4:01:43, 650.01, 86.35, 1.19, 100.00, 1.19, 1.06, 0.95, 0.5567, 1.509
2025/07/10 4:06:43, 649.31, 86.35, 1.33, 100.00, 1.43, 1.22, 1.03, 1.5258, 2.012
2025/07/10 4:11:43, 649.92, 86.35, 1.27, 99.46, 1.00, 0.87, 0.74, 0.9088, 2.012
2025/07/10 4:16:43, 494.93, 86.35, 1.14, 100.00, 1.25, 1.08, 0.82, 0.4527, 1.509
2025/07/10 4:21:43, 494.93, 86.35, 1.17, 100.00, 1.41, 1.11, 0.56, 0.0872, 0.503
2025/07/10 4:26:43, 499.95, 86.35, 1.54, 100.00, 1.80, 1.59, 1.27, 0.0168, 0.503
2025/07/10 4:31:43, 501.09, 86.35, 1.62, 100.00, 1.51, 1.25, 0.69, 0.0268, 0.503
2025/07/10 4:36:43, 467.42, 86.35, 1.57, 100.00, 1.51, 1.06, 0.42, 0.3789, 1.006
2025/07/10 4:41:43, 492.91, 86.35, 1.64, 100.00, 1.59, 1.22, 0.69, 1.0597, 1.509
2025/07/10 4:46:43, 503.90, 86.32, 1.85, 98.78, 1.62, 1.35, 1.03, 0.7344, 1.509
2025/07/10 4:51:43, 503.90, 86.32, 1.75, 98.24, 1.41, 1.14, 0.85, 0.0034, 0.503
2025/07/10 4:56:43, 503.90, 86.35, 1.95, 97.85, 1.90, 1.67, 0.93, 0.0, 0.0
2025/07/10 5:01:43, 528.96, 86.35, 2.30, 97.40, 2.16, 2.08, 1.85, 0.0067, 0.503
2025/07/10 5:06:43, 528.96, 86.35, 2.68, 94.26, 1.90, 1.85, 1.72, 0.0, 0.0
2025/07/10 5:11:43, 528.96, 86.35, 2.43, 96.63, 1.88, 1.85, 1.80, 0.0, 0.0
2025/07/10 5:16:43, 528.87, 86.32, 2.48, 97.29, 2.22, 2.16, 2.08, 0.0, 0.0
2025/07/10 5:21:43, 528.87, 86.35, 2.48, 97.84, 1.90, 1.88, 1.85, 0.0, 0.0
2025/07/10 5:26:43, 533.09, 86.32, 2.30, 99.53, 2.00, 1.95, 1.98, 0.0, 0.0
2025/07/10 5:31:43, 554.01, 86.32, 2.27, 100.00, 1.93, 1.88, 1.88, 0.5701, 1.509
2025/07/10 5:36:43, 557.97, 86.35, 2.00, 100.00, 1.72, 1.64, 1.59, 1.2038, 3.018
2025/07/10 5:41:43, 561.40, 86.32, 1.95, 100.00, 1.70, 1.64, 1.59, 1.7974, 3.018
2025/07/10 5:46:43, 565.26, 86.35, 1.85, 100.00, 1.57, 1.49, 1.43, 1.405, 2.012
2025/07/10 5:51:43, 558.23, 86.35, 2.00, 100.00, 2.03, 1.95, 1.90, 1.4956, 2.012
2025/07/10 5:56:43, 543.29, 86.35, 2.27, 100.00, 2.00, 1.95, 1.90, 1.2877, 2.012
2025/07/10 6:01:43, 556.65, 86.32, 2.30, 100.00, 2.03, 1.98, 1.95, 1.4017, 2.515
2025/07/10 6:06:43, 574.23, 86.32, 2.35, 100.00, 2.03, 1.95, 1.95, 1.6465, 2.515
2025/07/10 6:11:43, 576.60, 86.35, 2.30, 100.00, 2.00, 1.95, 1.95, 1.7538, 3.521
2025/07/10 6:16:43, 589.70, 86.32, 2.27, 100.00, 2.08, 2.03, 2.00, 1.9215, 3.018
2025/07/10 6:21:43, 581.70, 86.32, 2.40, 100.00, 2.27, 2.22, 2.19, 2.3306, 3.521
2025/07/10 6:26:43, 605.79, 86.35, 2.48, 100.00, 2.35, 2.27, 2.16, 2.173, 3.521
2025/07/10 6:31:43, 592.60, 86.35, 2.78, 99.33, 2.45, 2.40, 2.37, 1.2743, 2.515
2025/07/10 6:36:43, 601.13, 86.35, 2.99, 97.91, 2.61, 2.56, 2.45, 1.0932, 2.012
2025/07/10 6:41:43, 608.60, 86.32, 3.12, 97.02, 2.48, 2.43, 2.32, 0.9322, 1.509
2025/07/10 6:46:43, 610.45, 86.32, 3.40, 95.90, 2.76, 2.76, 2.68, 1.0764, 1.509
2025/07/10 6:51:43, 611.51, 86.32, 3.88, 93.21, 3.09, 3.06, 3.01, 0.892, 1.509
2025/07/10 6:56:43, 620.82, 86.32, 4.13, 91.02, 3.04, 3.04, 2.94, 0.6707, 1.509
2025/07/10 7:01:43, 635.68, 86.32, 4.18, 90.33, 2.78, 2.68, 2.68, 0.2683, 1.006
2025/07/10 7:06:43, 636.47, 86.35, 4.33, 89.07, 2.81, 2.66, 2.63, 0.3555, 1.006
2025/07/10 7:11:43, 658.01, 86.32, 4.13, 90.39, 2.68, 2.53, 2.53, 0.7008, 1.006
2025/07/10 7:16:43, 679.99, 86.32, 4.51, 87.63, 3.32, 3.32, 3.53, 0.4158, 1.006
2025/07/10 7:21:43, 403.77, 86.32, 5.31, 81.56, 4.00, 3.63, 3.68, 0.0905, 1.509
2025/07/10 7:26:43, 403.33, 86.29, 4.56, 85.11, 3.40, 2.99, 2.99, 1.1603, 1.509
2025/07/10 7:31:43, 394.98, 86.32, 4.41, 86.25, 3.09, 2.89, 2.99, 0.8517, 2.012
2025/07/10 7:36:43, 393.57, 86.29, 4.46, 84.43, 2.91, 2.73, 2.89, 0.8585, 1.509
2025/07/10 7:41:43, 363.33, 86.26, 4.46, 84.94, 2.91, 2.73, 2.81, 1.1603, 1.509
2025/07/10 7:46:43, 371.59, 86.29, 4.93, 82.74, 3.80, 3.60, 3.70, 0.9054, 1.509
2025/07/10 7:51:43, 376.16, 86.32, 4.56, 85.22, 3.14, 2.91, 2.99, 1.4185, 2.012
2025/07/10 7:56:43, 369.40, 86.29, 4.56, 84.30, 3.09, 2.99, 3.09, 1.291, 2.012
2025/07/10 8:01:43, 380.56, 86.26, 4.73, 82.93, 3.53, 3.40, 3.60, 1.4486, 2.012
2025/07/10 8:06:43, 380.47, 86.26, 5.38, 80.94, 3.80, 3.50, 3.50, 1.395, 2.012
2025/07/10 8:11:43, 375.81, 86.26, 5.99, 78.21, 4.13, 3.73, 3.78, 1.2508, 2.012
2025/07/10 8:16:43, 375.81, 86.26, 7.55, 70.55, 5.05, 4.71, 4.73, 0.3555, 1.006
2025/07/10 8:21:43, 375.81, 86.32, 9.26, 65.16, 7.43, 7.14, 7.31, 0.0, 0.0
2025/07/10 8:26:43, 490.27, 86.29, 9.64, 61.98, 6.58, 6.73, 6.75, 0.0369, 1.006
2025/07/10 8:31:43, 499.95, 86.29, 9.16, 62.84, 5.55, 5.70, 5.85, 0.0101, 0.503
2025/07/10 8:36:43, 509.00, 86.26, 7.76, 68.32, 4.56, 4.59, 4.69, 0.0537, 1.006
2025/07/10 8:41:43, 509.00, 86.29, 7.11, 71.48, 4.86, 4.81, 4.86, 0.0, 0.0
2025/07/10 8:46:43, 509.00, 86.29, 6.77, 73.27, 4.78, 4.88, 5.05, 0.0, 0.0
2025/07/10 8:51:43, 540.30, 86.26, 5.85, 77.34, 4.08, 4.05, 4.05, 0.1341, 1.006
2025/07/10 8:56:43, 549.97, 86.26, 6.16, 76.57, 4.13, 4.10, 4.10, 0.3052, 1.509
2025/07/10 9:01:43, 547.15, 86.26, 5.73, 78.79, 3.93, 3.88, 3.95, 0.4192, 1.509
2025/07/10 9:06:43, 556.65, 86.26, 5.58, 80.31, 4.00, 3.93, 3.98, 0.4393, 2.012
2025/07/10 9:11:43, 540.74, 86.26, 6.29, 78.37, 4.51, 4.51, 4.56, 0.5667, 2.012
2025/07/10 9:16:43, 523.33, 86.26, 5.99, 80.34, 4.44, 4.39, 4.44, 0.3219, 1.006
2025/07/10 9:21:43, 551.73, 86.26, 6.70, 77.25, 4.76, 4.78, 4.88, 0.2213, 1.006
2025/07/10 9:26:43, 550.76, 86.26, 7.43, 74.04, 5.31, 5.38, 5.58, 0.0, 0.0
2025/07/10 9:31:43, 538.63, 86.26, 7.16, 72.15, 4.05, 4.05, 4.16, 0.0, 0.0
2025/07/10 9:36:43, 553.57, 86.26, 5.75, 80.97, 4.54, 4.44, 4.56, 0.6405, 1.509
2025/07/10 9:41:43, 493.70, 86.26, 5.97, 78.90, 3.93, 3.93, 3.90, 0.56, 2.515
2025/07/10 9:46:43, 544.52, 86.23, 5.05, 83.17, 3.50, 3.40, 3.35, 2.5049, 4.024
2025/07/10 9:51:43, 527.90, 86.26, 6.06, 82.13, 4.66, 4.61, 4.61, 0.9658, 3.018
2025/07/10 9:56:43, 514.80, 86.20, 5.60, 80.83, 3.58, 3.50, 3.43, 1.1804, 2.515
2025/07/10 10:01:43, 513.57, 86.20, 5.21, 84.70, 3.95, 3.88, 3.73, 2.0019, 3.018
2025/07/10 10:06:43, 529.75, 86.16, 6.19, 79.75, 4.66, 4.56, 4.44, 1.9751, 3.018
2025/07/10 10:11:43, 500.12, 86.16, 6.89, 74.99, 4.26, 4.18, 4.21, 1.6532, 2.515
2025/07/10 10:16:43, 498.80, 86.20, 7.31, 73.39, 4.66, 4.56, 4.51, 1.5425, 2.012
2025/07/10 10:21:43, 494.49, 86.16, 7.64, 72.11, 4.46, 4.44, 4.44, 1.9449, 2.515
2025/07/10 10:26:43, 539.33, 86.13, 7.74, 71.13, 5.28, 5.26, 5.23, 1.68, 3.018
2025/07/10 10:31:43, 522.71, 86.16, 7.48, 71.39, 4.71, 4.71, 4.69, 1.2072, 2.012
2025/07/10 10:36:43, 509.09, 86.20, 7.35, 73.03, 4.54, 4.51, 4.51, 1.6934, 2.515
2025/07/10 10:41:43, 495.20, 86.20, 6.61, 76.09, 4.21, 4.16, 4.13, 2.0288, 3.018
2025/07/10 10:46:43, 512.25, 86.23, 6.11, 78.37, 3.78, 3.65, 3.55, 2.0422, 3.018
2025/07/10 10:51:43, 505.92, 86.20, 5.82, 80.50, 3.70, 3.60, 3.53, 1.5124, 2.515
2025/07/10 10:56:43, 543.37, 86.23, 5.23, 84.45, 3.85, 3.78, 3.70, 1.5325, 2.012
2025/07/10 11:01:43, 481.40, 86.16, 5.60, 83.37, 3.93, 3.88, 3.85, 1.6901, 3.018
2025/07/10 11:06:43, 524.21, 86.20, 5.60, 81.02, 3.73, 3.68, 3.60, 1.6834, 3.018
2025/07/10 11:11:43, 527.02, 86.16, 5.03, 83.50, 3.88, 3.78, 3.68, 2.7933, 4.024
2025/07/10 11:16:43, 529.66, 86.16, 5.16, 82.97, 4.00, 3.90, 3.78, 2.2803, 3.521
2025/07/10 11:21:43, 549.18, 86.13, 5.26, 82.84, 4.16, 4.05, 3.98, 2.5821, 5.03
2025/07/10 11:26:43, 504.69, 86.16, 5.41, 82.94, 3.98, 3.90, 3.80, 3.0582, 4.527
2025/07/10 11:31:43, 504.08, 86.13, 5.97, 78.57, 4.21, 4.16, 4.08, 1.6934, 2.515
2025/07/10 11:36:43, 506.19, 86.16, 6.14, 78.86, 4.46, 4.33, 4.10, 2.1595, 3.018
2025/07/10 11:41:43, 524.74, 86.10, 6.58, 75.39, 4.16, 4.13, 4.05, 1.7639, 3.521
2025/07/10 11:46:43, 504.60, 86.13, 6.39, 76.91, 4.39, 4.28, 4.13, 3.1387, 4.527
2025/07/10 11:51:43, 514.63, 86.13, 6.68, 75.55, 4.83, 4.78, 4.71, 2.0824, 3.018
2025/07/10 11:56:43, 514.98, 86.07, 5.82, 78.18, 4.39, 4.31, 4.13, 2.3607, 5.03
2025/07/10 12:01:43, 520.60, 86.13, 5.65, 78.41, 4.10, 4.00, 3.88, 2.5049, 4.024
2025/07/10 12:06:43, 538.54, 86.13, 5.94, 77.31, 4.18, 4.13, 4.08, 2.0556, 3.521
2025/07/10 12:11:43, 524.12, 86.10, 5.60, 78.70, 4.23, 4.13, 4.05, 2.7263, 6.036
2025/07/10 12:16:43, 533.00, 86.10, 5.33, 81.71, 4.00, 4.05, 4.03, 3.2997, 5.03
2025/07/10 12:21:43, 525.26, 86.10, 5.21, 82.72, 4.16, 4.08, 3.95, 2.8604, 4.024
2025/07/10 12:26:43, 504.16, 86.10, 5.55, 81.97, 4.05, 4.00, 3.90, 2.6156, 4.024
2025/07/10 12:31:43, 506.89, 86.10, 5.87, 81.13, 4.05, 4.05, 3.93, 2.5988, 4.527
2025/07/10 12:36:43, 491.24, 86.13, 5.36, 84.51, 3.88, 3.70, 3.63, 2.4848, 6.036
2025/07/10 12:41:43, 479.99, 86.10, 5.51, 85.53, 4.21, 4.18, 4.00, 2.9476, 4.024
2025/07/10 12:46:43, 516.74, 86.07, 5.38, 83.89, 3.80, 3.78, 3.70, 2.8906, 5.03
2025/07/10 12:51:43, 508.12, 86.04, 6.24, 78.25, 4.26, 4.18, 4.00, 2.5116, 4.527
2025/07/10 12:56:43, 532.82, 86.07, 5.73, 81.59, 4.54, 4.46, 4.23, 3.5109, 5.03
2025/07/10 13:01:43, 508.82, 86.07, 5.77, 79.98, 3.80, 3.60, 3.53, 2.2836, 3.018
2025/07/10 13:06:43, 519.02, 86.01, 5.00, 86.47, 3.68, 3.68, 3.50, 3.3835, 4.527
2025/07/10 13:11:43, 500.38, 86.04, 4.71, 88.00, 3.53, 3.48, 3.30, 3.9636, 5.533
2025/07/10 13:16:43, 508.21, 86.04, 4.16, 96.49, 3.06, 3.06, 2.99, 4.2621, 6.539
2025/07/10 13:21:43, 525.88, 86.13, 3.70, 100.00, 3.17, 2.99, 2.94, 4.3627, 7.042
2025/07/10 13:26:43, 536.96, 86.07, 3.55, 100.00, 3.19, 3.14, 3.04, 4.7081, 6.539
2025/07/10 13:31:43, 523.86, 87.01, 3.70, 100.00, 3.04, 2.89, 2.81, 3.0214, 4.024
2025/07/10 13:36:43, 490.19, 86.04, 3.75, 100.00, 2.86, 2.73, 2.68, 2.7564, 4.024
2025/07/10 13:41:43, 480.96, 87.23, 4.00, 100.00, 3.27, 3.22, 2.99, 2.7933, 4.527
2025/07/10 13:46:43, 454.67, 86.38, 3.70, 100.00, 2.89, 2.81, 2.71, 2.2199, 3.018
2025/07/10 13:51:43, 477.18, 85.82, 3.80, 100.00, 2.99, 2.94, 2.89, 2.3574, 4.024
2025/07/10 13:56:43, 499.51, 85.66, 3.75, 100.00, 2.78, 2.71, 2.71, 2.1595, 4.024
2025/07/10 14:01:43, 509.70, 86.01, 3.55, 100.00, 3.06, 2.94, 2.78, 3.1857, 5.03
2025/07/10 14:06:43, 483.42, 86.07, 3.83, 100.00, 2.96, 2.86, 2.89, 2.9409, 4.527
2025/07/10 14:11:43, 504.69, 85.82, 3.63, 100.00, 2.76, 2.68, 2.63, 2.4446, 4.024
2025/07/10 14:16:43, 520.69, 85.70, 3.65, 100.00, 2.68, 2.68, 2.53, 2.6827, 4.024
2025/07/10 14:21:43, 491.07, 84.98, 3.90, 100.00, 2.84, 2.73, 2.76, 2.1495, 3.521
2025/07/10 14:26:43, 490.63, 84.67, 4.31, 100.00, 2.99, 2.89, 3.09, 1.7136, 3.018
2025/07/10 14:31:43, 508.47, 84.98, 4.00, 100.00, 2.73, 2.61, 2.73, 1.8477, 3.018
2025/07/10 14:36:43, 457.92, 85.29, 4.21, 100.00, 2.84, 2.78, 2.89, 2.2031, 3.521
2025/07/10 14:41:43, 468.82, 85.42, 4.10, 100.00, 2.58, 2.56, 2.66, 1.9483, 2.515
2025/07/10 14:46:43, 471.02, 85.88, 3.85, 100.00, 2.40, 2.32, 2.48, 2.0321, 3.018
2025/07/10 14:51:43, 470.76, 85.88, 3.73, 100.00, 2.43, 2.37, 2.45, 2.1193, 3.018
2025/07/10 14:56:43, 488.34, 85.88, 3.80, 100.00, 2.32, 2.27, 2.43, 1.7303, 2.012
2025/07/10 15:01:43, 481.48, 85.85, 4.10, 100.00, 2.58, 2.71, 2.68, 1.5861, 2.012
2025/07/10 15:06:43, 474.71, 85.54, 3.93, 100.00, 2.61, 2.68, 2.50, 1.8007, 2.515
2025/07/10 15:11:43, 490.19, 85.51, 3.70, 100.00, 2.43, 2.58, 2.45, 2.3943, 3.018
2025/07/10 15:16:43, 478.49, 85.57, 3.78, 100.00, 2.63, 2.48, 2.48, 1.9751, 2.515
2025/07/10 15:21:43, 528.87, 85.54, 3.30, 100.00, 2.56, 2.58, 2.43, 2.0288, 3.521
2025/07/10 15:26:43, 511.29, 85.60, 3.70, 100.00, 2.89, 2.78, 2.73, 1.9952, 3.521
2025/07/10 15:31:43, 534.49, 85.60, 3.01, 100.00, 2.40, 2.37, 2.32, 1.9986, 3.018
2025/07/10 15:36:43, 483.15, 85.63, 3.90, 100.00, 2.76, 2.78, 2.68, 1.2709, 2.012
2025/07/10 15:41:43, 492.30, 85.63, 3.83, 100.00, 2.53, 2.43, 2.48, 1.4553, 2.515
2025/07/10 15:46:43, 511.64, 85.63, 3.19, 100.00, 2.06, 2.08, 2.00, 1.3413, 2.515
2025/07/10 15:51:43, 502.05, 85.70, 3.04, 100.00, 1.90, 1.77, 1.83, 1.3983, 2.012
2025/07/10 15:56:43, 524.65, 85.70, 2.78, 100.00, 1.98, 1.93, 1.90, 1.2575, 2.012
2025/07/10 16:01:43, 507.07, 85.70, 3.19, 100.00, 2.06, 2.08, 2.06, 1.0362, 2.515
2025/07/10 16:06:43, 450.98, 85.70, 3.35, 100.00, 1.88, 2.06, 2.08, 0.6405, 2.012
2025/07/10 16:11:43, 492.03, 85.66, 2.63, 100.00, 1.49, 1.75, 1.77, 1.3246, 2.515
2025/07/10 16:16:43, 464.43, 85.63, 2.27, 100.00, 1.49, 1.08, 1.41, 1.4721, 2.515
2025/07/10 16:21:43, 451.86, 85.63, 1.90, 100.00, 0.69, 1.30, 1.46, 1.4285, 2.012
2025/07/10 16:26:43, 452.91, 85.63, 2.11, 100.00, 1.54, 1.62, 1.54, 1.4486, 2.012
2025/07/10 16:31:43, 456.60, 85.63, 1.93, 100.00, 0.58, 1.33, 0.69, 1.7102, 2.515
2025/07/10 16:36:43, 453.09, 85.63, 2.03, 100.00, 1.17, 1.43, 1.19, 1.4185, 2.012
2025/07/10 16:41:43, 440.69, 85.63, 1.98, 100.00, 1.27, 1.25, 1.49, 1.7471, 3.018
2025/07/10 16:46:43, 444.74, 85.60, 2.00, 100.00, 1.64, 1.43, 1.57, 2.0321, 3.018
2025/07/10 16:51:43, 442.98, 85.63, 2.16, 100.00, 1.64, 1.41, 1.70, 2.6994, 3.521
2025/07/10 16:56:43, 450.80, 85.60, 2.06, 100.00, 1.59, 1.57, 1.59, 3.2729, 4.527
2025/07/10 17:01:43, 444.91, 85.60, 2.03, 100.00, 1.27, 1.54, 1.57, 3.236, 4.024
2025/07/10 17:06:43, 453.70, 85.63, 1.95, 100.00, 1.54, 1.33, 1.43, 2.8134, 3.521
2025/07/10 17:11:43, 450.01, 85.60, 1.90, 100.00, 1.41, 1.43, 1.33, 2.4949, 3.521
2025/07/10 17:16:43, 436.38, 85.63, 1.90, 100.00, 1.57, 1.33, 1.25, 2.8872, 3.521
2025/07/10 17:21:43, 438.58, 85.60, 1.83, 100.00, 1.54, 1.59, 1.54, 2.8067, 4.024
2025/07/10 17:26:43, 445.26, 85.60, 1.83, 100.00, 1.49, 1.51, 1.49, 2.3809, 3.521
2025/07/10 17:31:43, 462.49, 85.60, 1.70, 100.00, 1.03, 0.64, 1.22, 2.5351, 3.521
2025/07/10 17:36:43, 464.43, 85.63, 1.64, 100.00, 1.22, 1.03, 1.14, 2.2501, 3.521
2025/07/10 17:41:43, 452.56, 85.63, 1.33, 100.00, 1.08, 1.11, 1.00, 2.8403, 4.024
2025/07/10 17:46:43, 461.70, 85.63, 1.33, 100.00, 0.90, 1.03, 0.90, 2.5552, 3.521
2025/07/10 17:51:43, 462.05, 85.66, 1.03, 100.00, 1.00, 0.74, 0.87, 2.3037, 3.018
2025/07/10 17:56:43, 456.60, 85.63, 1.33, 100.00, 0.93, 1.00, 0.90, 2.4781, 3.521
2025/07/10 18:01:43, 460.74, 85.63, 1.57, 100.00, 1.27, 1.03, 1.22, 2.4748, 4.024
2025/07/10 18:06:43, 458.45, 85.63, 1.33, 100.00, 0.95, 1.00, 1.06, 2.4546, 3.521
2025/07/10 18:11:43, 461.53, 85.63, 1.06, 100.00, 0.93, 0.72, 0.90, 2.79, 4.024
2025/07/10 18:16:43, 479.20, 85.63, 1.06, 100.00, 0.85, 0.90, 0.90, 3.2091, 4.527
2025/07/10 18:21:43, 461.97, 85.66, 1.00, 100.00, 0.85, 0.82, 0.58, 3.2729, 4.527
2025/07/10 18:26:43, 458.45, 85.66, 0.69, 100.00, 0.72, 0.74, 0.74, 3.2091, 4.024
2025/07/10 18:31:43, 462.67, 85.63, 0.69, 100.00, 0.50, 0.74, 0.79, 3.2226, 4.527
2025/07/10 18:36:43, 450.01, 85.60, 1.00, 100.00, 0.53, 0.95, 0.90, 2.8336, 3.521
2025/07/10 18:41:43, 459.59, 85.63, 1.11, 100.00, 0.87, 0.95, 0.90, 2.8637, 4.024
2025/07/10 18:46:43, 458.71, 85.63, 1.06, 100.00, 0.66, 0.50, 0.90, 3.1488, 5.03
2025/07/10 18:51:43, 479.02, 85.63, 0.82, 100.00, 0.87, 0.82, 0.74, 2.914, 4.024
2025/07/10 18:56:43, 477.88, 85.63, 0.74, 100.00, 0.74, 0.56, 0.72, 2.7631, 3.521
2025/07/10 19:01:43, 466.19, 85.63, 0.93, 100.00, 0.79, 0.85, 0.87, 2.8973, 4.024
2025/07/10 19:06:43, 451.15, 85.63, 1.14, 100.00, 0.95, 0.98, 0.90, 2.7028, 4.024
2025/07/10 19:11:43, 460.30, 85.60, 1.46, 100.00, 1.22, 1.25, 1.14, 2.6693, 3.521
2025/07/10 19:16:43, 477.35, 85.63, 1.33, 100.00, 0.85, 0.93, 0.90, 2.3641, 4.024
2025/07/10 19:21:43, 470.32, 85.66, 1.41, 100.00, 1.25, 1.27, 1.22, 2.0154, 3.018
2025/07/10 19:26:43, 530.54, 85.63, 1.85, 100.00, 1.70, 1.67, 1.57, 1.1301, 2.012
2025/07/10 19:31:43, 512.60, 85.60, 2.27, 100.00, 2.22, 2.03, 1.98, 2.2434, 4.024
2025/07/10 19:36:43, 563.33, 85.60, 2.19, 100.00, 1.93, 1.88, 1.83, 1.9148, 3.018
2025/07/10 19:41:43, 504.60, 85.76, 2.32, 100.00, 2.19, 2.06, 1.95, 2.9275, 5.533
2025/07/10 19:46:43, 524.65, 85.76, 2.08, 100.00, 2.06, 1.90, 1.93, 2.6324, 4.527
2025/07/10 19:51:43, 514.36, 85.73, 2.16, 100.00, 2.14, 1.95, 1.90, 2.5619, 4.527
2025/07/10 19:56:43, 530.01, 85.76, 2.19, 100.00, 2.37, 2.24, 2.19, 1.7571, 2.515
2025/07/10 20:01:43, 492.03, 85.76, 2.22, 100.00, 2.19, 1.95, 1.90, 1.3011, 2.515
2025/07/10 20:06:43, 492.65, 85.73, 2.14, 100.00, 2.45, 2.27, 2.30, 2.1428, 6.036
2025/07/10 20:11:43, 541.97, 85.73, 2.08, 100.00, 2.08, 2.00, 2.03, 2.8537, 5.533
2025/07/10 20:16:43, 533.62, 85.73, 2.22, 100.00, 2.35, 2.22, 2.16, 2.7564, 4.527
2025/07/10 20:21:43, 539.42, 85.73, 2.27, 100.00, 2.32, 2.27, 2.22, 2.7699, 4.527
2025/07/10 20:26:43, 534.49, 85.70, 2.32, 100.00, 2.50, 2.37, 2.35, 3.9871, 6.539
2025/07/10 20:31:43, 543.90, 85.70, 2.32, 100.00, 2.40, 2.40, 2.32, 3.1119, 5.533
2025/07/10 20:36:43, 551.02, 85.73, 2.37, 100.00, 2.48, 2.45, 2.32, 3.9871, 6.036
2025/07/10 20:41:43, 532.38, 85.73, 2.37, 100.00, 2.40, 2.30, 2.16, 3.8463, 5.533
2025/07/10 20:46:43, 525.88, 85.73, 2.43, 100.00, 2.19, 2.16, 2.11, 3.7893, 7.042
2025/07/10 20:51:43, 555.33, 85.73, 2.58, 100.00, 2.53, 2.45, 2.40, 3.1689, 5.533
2025/07/10 20:56:43, 595.77, 85.76, 2.06, 100.00, 1.90, 1.85, 1.80, 2.79, 4.527
2025/07/10 21:01:43, 616.52, 85.73, 2.30, 100.00, 2.19, 2.16, 2.08, 2.6089, 4.527
2025/07/10 21:06:43, 565.44, 85.73, 2.19, 100.00, 2.06, 1.98, 1.88, 1.623, 3.018
2025/07/10 21:11:43, 541.18, 85.73, 2.43, 100.00, 2.43, 2.37, 2.30, 3.1119, 5.533
2025/07/10 21:16:43, 558.05, 85.76, 2.27, 100.00, 2.24, 2.16, 2.08, 2.8302, 6.539
2025/07/10 21:21:43, 549.88, 85.73, 2.94, 100.00, 3.12, 3.04, 2.91, 4.7047, 8.551
2025/07/10 21:26:43, 544.87, 85.76, 2.63, 100.00, 2.66, 2.53, 2.37, 5.0937, 7.042
2025/07/10 21:31:43, 549.26, 85.73, 2.66, 100.00, 2.63, 2.58, 2.45, 5.2681, 8.048
2025/07/10 21:36:43, 543.29, 85.76, 2.58, 100.00, 2.89, 2.86, 2.68, 4.4733, 7.042
2025/07/10 21:41:43, 537.75, 85.76, 2.68, 100.00, 2.86, 2.71, 2.61, 6.0092, 8.551
2025/07/10 21:46:43, 542.58, 85.76, 2.61, 100.00, 2.61, 2.48, 2.37, 5.9891, 8.551
2025/07/10 21:51:43, 527.73, 85.76, 2.76, 100.00, 2.73, 2.63, 2.48, 5.6168, 9.557
2025/07/10 21:56:43, 539.59, 85.76, 2.91, 100.00, 2.96, 2.86, 2.73, 6.4183, 11.066
2025/07/10 22:01:43, 574.67, 85.76, 2.40, 100.00, 2.16, 2.06, 1.95, 5.3117, 8.048
2025/07/10 22:06:43, 570.45, 85.76, 2.32, 100.00, 2.32, 2.16, 2.03, 3.1622, 5.533
2025/07/10 22:11:43, 556.47, 85.76, 2.48, 100.00, 2.24, 2.22, 2.11, 3.8832, 6.539
2025/07/10 22:16:43, 540.74, 85.76, 2.68, 100.00, 2.61, 2.50, 2.35, 5.8113, 8.048
2025/07/10 22:21:43, 545.66, 85.76, 2.35, 100.00, 2.08, 1.95, 1.85, 4.8456, 7.545
2025/07/10 22:26:43, 526.14, 85.76, 2.56, 100.00, 2.50, 2.43, 2.27, 3.8396, 6.036
2025/07/10 22:31:43, 541.70, 85.76, 2.68, 100.00, 3.04, 2.89, 2.71, 4.6108, 8.048
2025/07/10 22:36:43, 538.36, 85.76, 2.71, 100.00, 2.61, 2.48, 2.40, 5.0602, 7.042
2025/07/10 22:41:43, 538.01, 85.76, 2.63, 100.00, 2.73, 2.61, 2.50, 5.0065, 7.042
2025/07/10 22:46:43, 543.90, 85.76, 2.37, 100.00, 2.27, 2.19, 2.06, 4.6779, 7.042
2025/07/10 22:51:43, 528.69, 85.76, 2.86, 100.00, 2.78, 2.68, 2.58, 4.0106, 7.545
2025/07/10 22:56:43, 542.49, 85.76, 2.76, 100.00, 2.84, 2.71, 2.58, 4.6444, 6.539
2025/07/10 23:01:43, 535.37, 85.76, 3.04, 100.00, 3.30, 3.22, 3.17, 5.8046, 8.551
2025/07/10 23:06:43, 536.69, 85.73, 2.63, 100.00, 2.61, 2.53, 2.45, 3.8597, 6.036
2025/07/10 23:11:43, 530.45, 85.76, 2.76, 100.00, 2.78, 2.73, 2.71, 4.4063, 8.048
2025/07/10 23:16:43, 525.35, 85.76, 2.56, 100.00, 2.78, 2.66, 2.61, 3.6652, 7.042
2025/07/10 23:21:43, 524.12, 85.76, 2.66, 100.00, 2.68, 2.58, 2.48, 4.024, 6.036
2025/07/10 23:26:43, 538.27, 85.76, 2.68, 100.00, 2.63, 2.58, 2.45, 4.4666, 6.539
2025/07/10 23:31:43, 542.41, 85.73, 2.78, 100.00, 2.73, 2.61, 2.48, 4.6377, 8.551
2025/07/10 23:36:43, 534.76, 85.73, 2.53, 100.00, 2.40, 2.32, 2.27, 4.2185, 6.539
2025/07/10 23:41:43, 530.45, 85.76, 2.53, 100.00, 2.50, 2.40, 2.30, 3.3131, 5.03
2025/07/10 23:46:43, 541.53, 85.73, 2.68, 100.00, 2.73, 2.66, 2.56, 3.5847, 5.533
2025/07/10 23:51:43, 544.25, 85.73, 2.56, 100.00, 2.24, 2.11, 1.98, 3.6987, 5.03
2025/07/10 23:56:43, 528.08, 85.73, 2.63, 100.00, 2.53, 2.43, 2.37, 3.0784, 4.527
2025/07/11 0:01:43, 523.95, 85.73, 2.50, 100.00, 2.63, 2.53, 2.40, 1.7102, 3.018
2025/07/11 0:06:43, 543.11, 85.73, 2.58, 100.00, 3.09, 3.01, 2.89, 1.0496, 3.018
2025/07/11 0:11:43, 544.69, 85.73, 2.73, 100.00, 2.73, 2.63, 2.43, 1.8544, 3.521
2025/07/11 0:16:43, 509.00, 85.73, 2.56, 100.00, 2.56, 2.48, 2.32, 1.2474, 2.515
2025/07/11 0:21:43, 506.54, 85.73, 2.63, 100.00, 2.81, 2.71, 2.53, 1.1737, 2.515
2025/07/11 0:26:43, 525.18, 85.73, 2.61, 100.00, 2.50, 2.43, 2.32, 0.9523, 2.012
2025/07/11 0:31:43, 500.65, 85.73, 2.43, 100.00, 2.48, 2.27, 2.00, 0.721, 1.006
2025/07/11 0:36:43, 491.86, 85.73, 2.58, 100.00, 2.71, 2.58, 2.37, 0.6472, 1.509
2025/07/11 0:41:43, 511.37, 85.70, 2.40, 100.00, 2.27, 2.08, 1.88, 0.6774, 1.509
2025/07/11 0:46:43, 500.65, 85.70, 2.56, 100.00, 2.66, 2.48, 2.11, 0.8283, 1.509
2025/07/11 0:51:43, 503.20, 85.70, 2.58, 100.00, 2.61, 2.48, 2.37, 0.1375, 0.503
2025/07/11 0:56:43, 522.01, 85.70, 2.63, 100.00, 2.84, 2.71, 2.66, 0.6573, 2.012
2025/07/11 1:01:43, 532.03, 85.73, 3.19, 100.00, 3.35, 3.19, 2.96, 1.4017, 3.018
2025/07/11 1:06:43, 482.54, 85.70, 2.86, 100.00, 2.63, 2.48, 2.30, 1.5358, 2.515
2025/07/11 1:11:43, 484.47, 85.70, 2.63, 100.00, 2.66, 2.40, 2.06, 0.8551, 1.509
2025/07/11 1:16:43, 503.46, 85.70, 3.09, 100.00, 2.96, 2.78, 2.58, 1.348, 2.515
2025/07/11 1:21:43, 500.12, 85.70, 2.78, 100.00, 2.76, 2.63, 2.48, 1.3279, 2.012
2025/07/11 1:26:43, 527.29, 85.70, 2.78, 100.00, 2.81, 2.68, 2.56, 0.7914, 1.509
2025/07/11 1:31:43, 502.93, 85.66, 2.84, 100.00, 2.73, 2.58, 2.37, 1.348, 2.012
2025/07/11 1:36:43, 519.11, 85.66, 2.53, 100.00, 2.43, 2.32, 2.22, 0.9892, 1.509
2025/07/11 1:41:43, 534.76, 85.70, 2.71, 100.00, 2.45, 2.37, 2.22, 1.1938, 3.018
2025/07/11 1:46:43, 556.56, 85.70, 2.68, 100.00, 2.58, 2.37, 2.19, 1.2407, 2.515
2025/07/11 1:51:43, 572.12, 85.66, 2.56, 100.00, 2.56, 2.43, 2.22, 0.56, 1.509
2025/07/11 1:56:43, 575.64, 85.70, 2.61, 100.00, 2.68, 2.61, 2.56, 0.0, 0.0
2025/07/11 2:01:43, 575.81, 85.63, 2.50, 100.00, 2.45, 2.37, 2.32, 0.0, 0.0
2025/07/11 2:06:43, 656.34, 85.66, 2.53, 100.00, 2.61, 2.43, 2.27, 0.0, 0.0
2025/07/11 2:11:43, 685.00, 85.66, 2.68, 100.00, 2.73, 2.66, 2.50, 0.0, 0.0
2025/07/11 2:16:43, 447.11, 85.66, 2.56, 100.00, 2.48, 2.37, 2.11, 0.0, 0.0
2025/07/11 2:21:43, 447.55, 85.63, 2.68, 100.00, 2.71, 2.63, 2.58, 0.0067, 0.503
2025/07/11 2:26:43, 592.69, 85.63, 2.68, 100.00, 2.68, 2.58, 2.43, 0.0671, 1.006
2025/07/11 2:31:43, 542.05, 85.66, 2.73, 100.00, 2.81, 2.73, 2.73, 0.7511, 2.012
2025/07/11 2:36:43, 527.64, 85.66, 2.91, 100.00, 2.73, 2.71, 2.58, 0.7981, 2.012
2025/07/11 2:41:43, 535.37, 85.66, 2.78, 100.00, 2.78, 2.71, 2.61, 1.11, 2.012
2025/07/11 2:46:43, 545.75, 85.66, 2.84, 100.00, 2.71, 2.61, 2.50, 1.9751, 3.018
2025/07/11 2:51:43, 547.33, 85.66, 3.09, 100.00, 3.04, 2.91, 2.71, 2.3675, 3.521
2025/07/11 2:56:43, 548.65, 85.66, 3.19, 100.00, 3.25, 3.09, 2.86, 2.676, 4.527
2025/07/11 3:01:43, 512.78, 85.63, 3.25, 100.00, 3.06, 3.01, 2.99, 2.6558, 4.527
2025/07/11 3:06:43, 531.68, 85.66, 2.99, 100.00, 3.19, 3.09, 2.91, 1.8712, 3.521
2025/07/11 3:11:43, 544.87, 85.63, 2.84, 100.00, 2.71, 2.63, 2.45, 2.1126, 3.521
2025/07/11 3:16:43, 569.66, 85.63, 2.89, 100.00, 2.61, 2.43, 2.27, 2.3339, 5.533
2025/07/11 3:21:43, 556.65, 85.63, 2.86, 100.00, 2.99, 2.86, 2.71, 2.1361, 3.521
2025/07/11 3:26:43, 576.96, 85.60, 2.94, 100.00, 2.99, 2.89, 2.81, 1.5794, 4.024
2025/07/11 3:31:43, 566.76, 85.60, 2.84, 100.00, 3.09, 2.94, 2.76, 0.9155, 2.012
2025/07/11 3:36:43, 606.93, 85.48, 3.09, 100.00, 3.04, 2.91, 2.76, 1.1636, 2.012
2025/07/11 3:41:43, 596.03, 85.51, 2.89, 100.00, 2.81, 2.73, 2.63, 0.6673, 1.509
2025/07/11 3:46:43, 630.67, 85.51, 2.89, 100.00, 2.94, 2.89, 2.78, 0.0, 0.0
2025/07/11 3:51:43, 640.08, 85.51, 3.12, 100.00, 3.19, 3.09, 2.99, 0.0469, 0.503
2025/07/11 3:56:43, 684.91, 85.51, 2.99, 100.00, 3.01, 2.89, 2.53, 0.0, 0.0
2025/07/11 4:01:43, 684.91, 85.48, 2.81, 100.00, 2.66, 2.37, 2.06, 0.0, 0.0
2025/07/11 4:06:43, 684.91, 85.51, 2.86, 100.00, 2.99, 2.78, 2.48, 0.0, 0.0
2025/07/11 4:11:43, 684.91, 85.51, 3.01, 100.00, 3.01, 2.81, 2.56, 0.0, 0.0
2025/07/11 4:16:43, 388.21, 85.48, 2.96, 100.00, 2.89, 2.81, 2.66, 0.0805, 1.509
2025/07/11 4:21:43, 443.59, 85.48, 2.61, 100.00, 2.43, 2.37, 2.32, 0.3018, 1.509
2025/07/11 4:26:43, 446.41, 85.45, 2.19, 100.00, 1.93, 1.85, 1.80, 0.8953, 2.012
2025/07/11 4:31:43, 458.01, 85.42, 2.35, 100.00, 2.37, 2.19, 1.93, 1.4218, 2.515
2025/07/11 4:36:43, 436.74, 85.42, 2.35, 100.00, 2.11, 2.00, 1.83, 1.1971, 2.012
2025/07/11 4:41:43, 440.96, 85.42, 2.32, 100.00, 2.16, 2.00, 1.85, 1.5761, 2.012
2025/07/11 4:46:43, 404.65, 85.42, 2.22, 100.00, 1.98, 1.85, 1.70, 0.892, 1.509
2025/07/11 4:51:43, 450.10, 85.42, 2.68, 100.00, 2.58, 2.48, 2.30, 1.1435, 2.012
2025/07/11 4:56:43, 430.58, 85.38, 2.68, 100.00, 2.48, 2.40, 2.24, 1.338, 2.012
2025/07/11 5:01:43, 460.47, 85.38, 2.73, 100.00, 2.58, 2.37, 2.11, 1.2575, 2.012
2025/07/11 5:06:43, 455.11, 85.38, 2.68, 100.00, 2.37, 2.22, 2.08, 1.7236, 3.018
2025/07/11 5:11:43, 465.31, 85.35, 3.04, 100.00, 2.94, 2.81, 2.68, 2.3239, 3.018
2025/07/11 5:16:43, 455.81, 85.35, 3.22, 100.00, 2.73, 2.68, 2.48, 2.0791, 3.521
2025/07/11 5:21:43, 463.90, 85.35, 2.84, 100.00, 2.37, 2.32, 2.22, 1.6297, 3.521
2025/07/11 5:26:43, 458.80, 85.35, 2.94, 100.00, 2.61, 2.50, 2.37, 2.1327, 3.018
2025/07/11 5:31:43, 463.81, 85.35, 3.12, 100.00, 3.04, 2.89, 2.71, 2.1428, 3.018
2025/07/11 5:36:43, 455.81, 85.35, 3.35, 100.00, 3.55, 3.37, 3.27, 2.3406, 3.521
2025/07/11 5:41:43, 465.92, 85.35, 2.81, 100.00, 2.76, 2.56, 2.37, 2.1663, 3.018
2025/07/11 5:46:43, 455.99, 85.35, 2.66, 100.00, 2.32, 2.19, 2.06, 2.1025, 3.018
2025/07/11 5:51:43, 466.63, 85.38, 2.76, 100.00, 2.45, 2.35, 2.22, 2.0154, 3.018
2025/07/11 5:56:43, 455.02, 85.38, 3.12, 100.00, 2.86, 2.68, 2.53, 2.354, 3.018
2025/07/11 6:01:43, 485.53, 85.42, 3.22, 100.00, 2.78, 2.68, 2.53, 2.1897, 3.018
2025/07/11 6:06:43, 460.65, 85.45, 3.22, 100.00, 3.09, 2.91, 2.78, 1.9449, 2.515
2025/07/11 6:11:43, 452.21, 85.45, 2.99, 100.00, 2.71, 2.53, 2.50, 1.4319, 2.012
2025/07/11 6:16:43, 459.24, 85.42, 3.19, 100.00, 2.89, 2.78, 2.63, 2.0053, 2.515
2025/07/11 6:21:43, 448.08, 85.42, 3.40, 100.00, 3.04, 2.94, 2.81, 2.0388, 3.521
2025/07/11 6:26:43, 458.63, 85.13, 3.55, 100.00, 2.94, 2.81, 2.68, 2.5888, 4.024
2025/07/11 6:31:43, 480.87, 85.20, 3.45, 100.00, 2.89, 2.81, 2.68, 2.7833, 4.024
2025/07/11 6:36:43, 473.48, 85.32, 3.60, 100.00, 3.09, 2.99, 2.89, 2.6592, 4.024
2025/07/11 6:41:43, 485.62, 85.26, 3.60, 100.00, 3.40, 3.35, 3.09, 2.9308, 4.024
2025/07/11 6:46:43, 476.91, 85.26, 3.73, 100.00, 3.09, 2.91, 2.81, 3.1052, 4.527
2025/07/11 6:51:43, 462.49, 85.13, 3.35, 100.00, 2.73, 2.61, 2.45, 3.4673, 5.03
2025/07/11 6:56:43, 499.15, 85.13, 3.32, 100.00, 2.37, 2.27, 2.27, 2.7933, 4.024
2025/07/11 7:01:43, 472.87, 85.29, 3.68, 100.00, 3.25, 3.09, 2.89, 2.3071, 3.521
2025/07/11 7:06:43, 500.56, 85.32, 4.10, 100.00, 3.80, 3.73, 3.50, 2.7263, 4.024
2025/07/11 7:11:43, 475.51, 85.32, 4.03, 100.00, 3.60, 3.32, 3.06, 2.9308, 4.527
2025/07/11 7:16:43, 467.07, 85.66, 3.65, 100.00, 2.99, 2.81, 2.68, 2.2501, 3.018
2025/07/11 7:21:43, 470.41, 85.57, 3.70, 100.00, 3.14, 3.04, 2.91, 2.354, 4.024
2025/07/11 7:26:43, 464.16, 85.60, 3.63, 100.00, 3.06, 2.94, 2.84, 2.5284, 3.521
2025/07/11 7:31:43, 487.99, 85.26, 4.16, 100.00, 3.40, 3.25, 3.19, 2.7128, 5.03
2025/07/11 7:36:43, 465.13, 85.32, 4.23, 100.00, 4.08, 3.88, 3.65, 2.8738, 4.024
2025/07/11 7:41:43, 465.48, 85.35, 4.00, 100.00, 3.35, 3.14, 2.99, 3.0985, 4.527
2025/07/11 7:46:43, 463.55, 85.32, 3.83, 100.00, 3.27, 3.09, 2.96, 2.3473, 3.018
2025/07/11 7:51:43, 459.95, 85.29, 4.41, 100.00, 3.80, 3.58, 3.35, 2.4982, 3.521
2025/07/11 7:56:43, 455.64, 85.32, 4.39, 100.00, 3.80, 3.63, 3.50, 2.4647, 4.024
2025/07/11 8:01:43, 514.71, 85.26, 4.56, 100.00, 4.00, 3.88, 3.65, 3.2729, 5.03
2025/07/11 8:06:43, 467.51, 85.32, 4.71, 100.00, 3.68, 3.45, 3.30, 3.0113, 4.024
2025/07/11 8:11:43, 459.59, 85.32, 4.41, 100.00, 3.40, 3.25, 3.12, 2.5854, 4.024
2025/07/11 8:16:43, 454.58, 85.29, 4.81, 100.00, 3.85, 3.63, 3.45, 2.4681, 3.521
2025/07/11 8:21:43, 467.15, 85.32, 4.73, 100.00, 3.80, 3.65, 3.50, 2.2702, 3.018
2025/07/11 8:26:43, 453.88, 85.32, 4.64, 100.00, 3.63, 3.50, 3.37, 2.2132, 3.018
2025/07/11 8:31:43, 454.76, 85.26, 5.13, 100.00, 4.08, 3.90, 3.73, 2.1763, 3.018
2025/07/11 8:36:43, 494.05, 85.23, 5.65, 100.00, 4.71, 4.51, 4.36, 2.0154, 3.018
2025/07/11 8:41:43, 470.58, 85.29, 5.46, 100.00, 4.16, 3.93, 3.80, 2.9375, 4.527
2025/07/11 8:46:43, 472.96, 85.29, 5.68, 100.00, 4.44, 4.23, 4.16, 2.2568, 3.521
2025/07/11 8:51:43, 475.42, 85.29, 5.82, 100.00, 4.21, 4.05, 4.00, 2.173, 3.521
2025/07/11 8:56:43, 458.63, 85.26, 5.70, 100.00, 4.41, 4.26, 4.16, 2.1495, 3.018
2025/07/11 9:01:43, 451.77, 84.85, 5.43, 100.00, 4.10, 3.98, 3.90, 2.2736, 3.018
2025/07/11 9:06:43, 459.86, 84.92, 5.41, 100.00, 4.05, 3.93, 3.83, 2.2132, 3.018
2025/07/11 9:11:43, 455.81, 85.32, 4.83, 100.00, 3.75, 3.55, 3.40, 2.0019, 2.515
2025/07/11 9:16:43, 475.86, 85.32, 4.86, 100.00, 3.70, 3.53, 3.40, 2.0019, 2.515
2025/07/11 9:21:43, 466.10, 85.23, 5.31, 100.00, 4.18, 4.00, 3.85, 1.7538, 2.515
2025/07/11 9:26:43, 477.97, 85.26, 4.64, 100.00, 3.37, 3.22, 3.09, 1.6901, 2.515
2025/07/11 9:31:43, 484.12, 85.26, 5.31, 100.00, 4.49, 4.44, 4.03, 2.2534, 3.521
2025/07/11 9:36:43, 468.91, 85.26, 5.92, 100.00, 5.31, 5.31, 5.00, 2.1461, 4.024
2025/07/11 9:41:43, 489.48, 85.07, 6.19, 100.00, 4.86, 4.69, 4.36, 2.0522, 3.521
2025/07/11 9:46:43, 530.19, 85.01, 7.55, 100.00, 6.19, 6.19, 5.99, 0.1107, 1.509
2025/07/11 9:51:43, 545.75, 85.07, 10.87, 100.00, 8.34, 8.34, 8.17, 0.0, 0.0
2025/07/11 9:56:43, 545.75, 85.13, 10.57, 100.00, 7.16, 7.06, 6.87, 0.0, 0.0
2025/07/11 10:01:43, 545.75, 85.01, 7.69, 100.00, 5.70, 5.60, 5.70, 0.0939, 1.006
2025/07/11 10:06:43, 545.75, 85.38, 7.57, 100.00, 6.04, 6.06, 6.39, 0.057, 0.503
2025/07/11 10:11:43, 507.77, 83.98, 6.61, 100.00, 5.03, 5.10, 5.16, 0.4896, 2.012
2025/07/11 10:16:43, 471.55, 83.95, 7.71, 100.00, 5.26, 5.28, 5.41, 0.2716, 1.509
2025/07/11 10:21:43, 486.85, 83.51, 7.23, 100.00, 5.18, 5.05, 4.98, 1.5559, 2.515
2025/07/11 10:26:43, 511.20, 84.35, 6.99, 100.00, 5.05, 5.00, 4.76, 1.3983, 2.515
2025/07/11 10:31:43, 504.60, 85.63, 6.58, 100.00, 4.93, 4.78, 4.59, 1.8443, 3.521
2025/07/11 10:36:43, 508.03, 85.63, 6.53, 100.00, 4.95, 4.86, 4.73, 2.1562, 3.018
2025/07/11 10:41:43, 514.36, 85.66, 6.48, 100.00, 5.00, 4.86, 4.61, 2.3037, 3.521
2025/07/11 10:46:43, 506.89, 85.66, 6.39, 100.00, 5.03, 4.86, 4.69, 2.2434, 3.521
2025/07/11 10:51:43, 497.75, 85.73, 6.80, 100.00, 5.03, 4.81, 4.76, 2.1227, 3.018
2025/07/11 10:56:43, 517.26, 85.76, 6.65, 100.00, 5.00, 4.88, 4.73, 1.7504, 2.515
2025/07/11 11:01:43, 491.77, 85.70, 6.70, 100.00, 4.83, 4.61, 4.64, 2.0724, 4.024
2025/07/11 11:06:43, 517.70, 85.76, 6.92, 100.00, 5.21, 5.18, 5.00, 2.0221, 3.018
2025/07/11 11:11:43, 530.19, 85.70, 5.99, 100.00, 4.86, 4.83, 4.71, 1.8108, 3.018
2025/07/11 11:16:43, 539.33, 86.63, 7.06, 100.00, 5.70, 5.60, 5.53, 2.2803, 3.521
2025/07/11 11:21:43, 535.02, 84.82, 6.87, 100.00, 5.26, 5.28, 5.10, 1.4419, 3.018
2025/07/11 11:26:43, 496.87, 79.55, 7.83, 100.00, 5.82, 5.60, 5.70, 1.6096, 2.515
2025/07/11 11:31:43, 523.07, 84.67, 6.61, 100.00, 5.16, 5.10, 4.91, 1.9718, 3.018
2025/07/11 11:36:43, 511.37, 84.57, 7.28, 100.00, 5.51, 5.31, 5.13, 2.2233, 3.521
2025/07/11 11:41:43, 535.99, 84.14, 6.65, 100.00, 5.00, 5.00, 4.81, 2.0086, 3.018
2025/07/11 11:46:43, 528.96, 84.20, 6.11, 100.00, 4.64, 4.56, 4.44, 1.955, 3.018
2025/07/11 11:51:43, 506.63, 84.51, 6.77, 100.00, 4.86, 4.66, 4.66, 1.6264, 3.018
2025/07/11 11:56:43, 517.70, 84.42, 6.65, 100.00, 4.71, 4.64, 4.51, 2.1126, 4.024
2025/07/11 12:01:43, 527.37, 84.48, 6.77, 100.00, 5.03, 4.95, 5.00, 1.12, 2.012
2025/07/11 12:06:43, 507.59, 84.64, 6.89, 100.00, 5.26, 5.08, 4.95, 1.1938, 2.012
2025/07/11 12:11:43, 527.37, 85.01, 5.58, 100.00, 4.49, 4.39, 4.28, 2.2132, 3.521
2025/07/11 12:16:43, 522.71, 85.20, 6.04, 100.00, 4.64, 4.51, 4.36, 1.6331, 2.515
2025/07/11 12:21:43, 503.73, 85.10, 6.51, 100.00, 4.78, 4.66, 4.51, 1.4185, 2.515
2025/07/11 12:26:43, 542.05, 85.20, 5.65, 100.00, 5.00, 4.91, 4.73, 2.4815, 4.024
2025/07/11 12:31:43, 520.34, 84.95, 5.92, 100.00, 4.78, 4.71, 4.56, 1.7504, 3.018
2025/07/11 12:36:43, 510.58, 84.92, 5.99, 100.00, 4.73, 4.61, 4.44, 2.4245, 3.521
2025/07/11 12:41:43, 533.79, 85.63, 6.44, 100.00, 5.23, 5.03, 4.98, 2.069, 3.521
2025/07/11 12:46:43, 528.16, 85.48, 6.87, 100.00, 5.41, 5.26, 5.10, 1.3313, 2.515
2025/07/11 12:51:43, 514.27, 85.48, 6.46, 100.00, 5.46, 5.41, 5.26, 2.4513, 5.03
2025/07/11 12:56:43, 523.33, 85.45, 5.16, 100.00, 4.51, 4.44, 4.26, 3.2628, 4.527
2025/07/11 13:01:43, 529.57, 85.29, 5.33, 100.00, 4.56, 4.33, 4.03, 3.7121, 5.03
2025/07/11 13:06:43, 546.19, 84.88, 5.21, 100.00, 4.64, 4.44, 4.41, 2.2937, 5.03
2025/07/11 13:11:43, 535.37, 85.04, 5.10, 100.00, 4.59, 4.36, 4.21, 3.5244, 5.03
2025/07/11 13:16:43, 513.13, 85.26, 5.48, 100.00, 4.81, 4.59, 4.41, 2.7061, 4.024
2025/07/11 13:21:43, 530.98, 85.23, 5.82, 100.00, 5.03, 4.83, 4.78, 1.8175, 3.018
2025/07/11 13:26:43, 550.32, 85.17, 5.43, 100.00, 4.93, 4.76, 4.54, 2.4412, 4.527
2025/07/11 13:31:43, 535.81, 85.20, 5.60, 100.00, 4.86, 4.69, 4.59, 2.3205, 4.024
2025/07/11 13:36:43, 569.48, 85.01, 6.41, 100.00, 5.31, 5.21, 5.10, 1.9651, 3.521
2025/07/11 13:41:43, 555.51, 84.82, 6.11, 100.00, 4.95, 4.91, 4.76, 2.2065, 3.521
2025/07/11 13:46:43, 563.15, 84.88, 6.96, 100.00, 5.70, 5.63, 5.60, 2.6458, 4.527
2025/07/11 13:51:43, 532.38, 84.98, 6.77, 100.00, 5.53, 5.48, 5.43, 2.1092, 3.521
2025/07/11 13:56:43, 531.07, 84.92, 7.62, 100.00, 5.60, 5.73, 5.92, 0.5634, 1.509
2025/07/11 14:01:43, 561.22, 85.20, 6.39, 100.00, 5.33, 5.41, 5.55, 0.9188, 2.012
2025/07/11 14:06:43, 561.75, 85.42, 5.77, 100.00, 4.91, 4.78, 4.76, 1.1234, 2.012
2025/07/11 14:11:43, 538.80, 85.01, 5.53, 100.00, 4.61, 4.39, 4.44, 0.9859, 2.012
2025/07/11 14:16:43, 522.36, 84.92, 4.91, 100.00, 4.71, 4.64, 4.44, 2.9576, 5.03
2025/07/11 14:21:43, 546.80, 84.98, 4.81, 100.00, 4.28, 4.00, 3.80, 2.9643, 4.527
2025/07/11 14:26:43, 552.52, 85.26, 4.86, 100.00, 4.08, 3.93, 3.85, 3.7088, 5.533
2025/07/11 14:31:43, 564.74, 85.26, 4.81, 100.00, 3.98, 3.88, 3.75, 3.6954, 5.533
2025/07/11 14:36:43, 546.01, 85.07, 5.23, 100.00, 4.54, 4.41, 4.23, 2.8906, 3.521
2025/07/11 14:41:43, 544.87, 85.04, 5.80, 100.00, 4.71, 4.56, 4.49, 2.8235, 4.024
2025/07/11 14:46:43, 541.62, 85.07, 5.43, 100.00, 4.54, 4.41, 4.33, 2.4412, 3.018
2025/07/11 14:51:43, 531.15, 84.98, 5.70, 100.00, 5.03, 4.88, 4.86, 2.8134, 4.527
2025/07/11 14:56:43, 526.23, 85.13, 5.41, 100.00, 4.71, 4.61, 4.49, 3.5881, 5.533
2025/07/11 15:01:43, 510.05, 85.13, 5.36, 100.00, 4.66, 4.44, 4.33, 3.6115, 5.03
2025/07/11 15:06:43, 507.51, 84.98, 6.09, 100.00, 4.91, 4.76, 4.66, 3.5679, 4.527
2025/07/11 15:11:43, 489.66, 85.07, 5.94, 100.00, 4.71, 4.46, 4.44, 4.2721, 6.539
2025/07/11 15:16:43, 516.30, 85.13, 5.80, 100.00, 4.73, 4.59, 4.46, 4.0575, 6.036
2025/07/11 15:21:43, 501.79, 85.23, 5.00, 100.00, 3.85, 3.80, 3.63, 3.9771, 5.03
2025/07/11 15:26:43, 516.91, 85.20, 5.26, 100.00, 4.93, 4.61, 4.41, 4.3962, 6.539
2025/07/11 15:31:43, 519.73, 85.20, 5.23, 100.00, 4.36, 4.28, 4.10, 4.7617, 6.036
2025/07/11 15:36:43, 518.49, 85.20, 5.00, 100.00, 4.33, 4.26, 4.13, 4.7483, 7.545
2025/07/11 15:41:43, 514.98, 85.20, 5.41, 100.00, 4.71, 4.49, 4.31, 4.3895, 6.036
2025/07/11 15:46:43, 525.26, 85.26, 4.66, 100.00, 3.90, 3.75, 3.60, 4.0777, 5.533
2025/07/11 15:51:43, 530.63, 85.10, 5.23, 100.00, 4.78, 4.61, 4.44, 4.7316, 7.042
2025/07/11 15:56:43, 518.32, 85.26, 4.95, 100.00, 4.64, 4.46, 4.31, 4.7517, 8.048
2025/07/11 16:01:43, 530.63, 85.26, 4.78, 100.00, 4.54, 4.36, 4.18, 6.0628, 9.557
2025/07/11 16:06:43, 529.48, 85.35, 4.18, 100.00, 3.78, 3.60, 3.50, 5.2245, 7.545
2025/07/11 16:11:43, 566.41, 85.29, 4.00, 100.00, 3.80, 3.60, 3.45, 4.1682, 6.036
2025/07/11 16:16:43, 550.67, 85.26, 4.21, 100.00, 3.50, 3.37, 3.30, 4.2319, 5.533
2025/07/11 16:21:43, 549.62, 85.26, 4.44, 100.00, 3.68, 3.53, 3.45, 4.3359, 6.036
2025/07/11 16:26:43, 552.25, 85.29, 4.41, 100.00, 3.60, 3.45, 3.40, 3.6283, 6.036
2025/07/11 16:31:43, 553.22, 85.35, 3.90, 100.00, 3.01, 2.91, 2.89, 3.5545, 5.533
2025/07/11 16:36:43, 554.27, 85.26, 4.00, 100.00, 3.30, 3.25, 3.17, 3.863, 5.03
2025/07/11 16:41:43, 559.02, 85.35, 3.88, 100.00, 3.30, 3.19, 3.09, 3.5881, 5.03
2025/07/11 16:46:43, 553.75, 85.38, 3.90, 100.00, 3.27, 3.14, 3.04, 3.293, 5.03
2025/07/11 16:51:43, 559.90, 85.35, 3.90, 100.00, 3.43, 3.32, 3.25, 3.1253, 5.03
2025/07/11 16:56:43, 541.18, 85.32, 3.83, 100.00, 3.30, 3.19, 3.14, 3.2158, 4.527
2025/07/11 17:01:43, 540.47, 85.38, 3.88, 100.00, 3.50, 3.30, 3.22, 3.9536, 6.036
2025/07/11 17:06:43, 550.58, 85.38, 4.03, 100.00, 3.55, 3.37, 3.25, 4.2453, 6.539
2025/07/11 17:11:43, 523.59, 85.38, 3.90, 100.00, 3.65, 3.55, 3.40, 4.0005, 7.545
2025/07/11 17:16:43, 520.16, 85.38, 4.16, 100.00, 3.80, 3.60, 3.50, 5.1038, 7.545
2025/07/11 17:21:43, 528.87, 85.45, 3.78, 100.00, 3.32, 3.14, 3.04, 3.8832, 5.533
2025/07/11 17:26:43, 537.84, 85.48, 3.68, 100.00, 3.35, 3.09, 2.94, 3.4271, 5.03
2025/07/11 17:31:43, 510.05, 85.42, 3.90, 100.00, 3.48, 3.30, 3.19, 3.303, 4.527
2025/07/11 17:36:43, 539.15, 85.45, 3.53, 100.00, 3.32, 3.19, 3.06, 2.9845, 4.527
2025/07/11 17:41:43, 543.55, 85.48, 3.30, 100.00, 2.99, 2.86, 2.73, 2.5251, 4.024
2025/07/11 17:46:43, 539.07, 85.45, 3.63, 100.00, 3.45, 3.35, 3.25, 2.9677, 4.024
2025/07/11 17:51:43, 554.71, 85.45, 3.58, 100.00, 3.32, 3.25, 3.09, 2.9442, 4.024
2025/07/11 17:56:43, 566.58, 85.45, 3.32, 100.00, 2.91, 2.76, 2.63, 3.1119, 4.527
2025/07/11 18:01:43, 555.24, 85.48, 3.25, 100.00, 3.04, 2.91, 2.78, 2.9308, 3.521
2025/07/11 18:06:43, 557.18, 85.48, 3.55, 100.00, 3.12, 2.99, 2.89, 3.36, 4.527
2025/07/11 18:11:43, 566.14, 85.48, 3.43, 100.00, 2.96, 2.84, 2.71, 2.9107, 4.024
2025/07/11 18:16:43, 560.25, 85.51, 3.53, 100.00, 3.12, 2.96, 2.84, 3.0281, 4.024
2025/07/11 18:21:43, 547.15, 85.51, 3.19, 100.00, 2.84, 2.71, 2.56, 2.6726, 3.521
2025/07/11 18:26:43, 534.14, 85.51, 3.14, 100.00, 2.91, 2.76, 2.61, 2.914, 4.024
2025/07/11 18:31:43, 544.08, 85.51, 3.53, 100.00, 3.37, 3.17, 3.04, 3.8463, 5.03
2025/07/11 18:36:43, 537.04, 85.48, 3.35, 100.00, 3.14, 2.94, 2.84, 4.5672, 7.042
2025/07/11 18:41:43, 541.35, 85.45, 3.60, 100.00, 3.53, 3.32, 3.19, 4.8187, 7.042
2025/07/11 18:46:43, 539.33, 85.48, 3.45, 100.00, 3.35, 3.14, 3.04, 3.7993, 5.533
2025/07/11 18:51:43, 550.05, 85.48, 3.27, 100.00, 3.19, 2.99, 2.89, 4.5538, 6.036
2025/07/11 18:56:43, 562.19, 85.54, 3.19, 100.00, 2.84, 2.71, 2.63, 4.4096, 6.036
2025/07/11 19:01:43, 557.62, 85.54, 3.27, 100.00, 3.17, 3.01, 2.89, 4.1514, 5.533
2025/07/11 19:06:43, 556.56, 85.54, 3.40, 100.00, 3.25, 3.14, 3.01, 3.9033, 5.533
2025/07/11 19:11:43, 556.91, 85.57, 2.96, 100.00, 2.71, 2.58, 2.50, 3.3533, 4.527
2025/07/11 19:16:43, 559.02, 85.60, 2.99, 100.00, 2.78, 2.68, 2.58, 3.0348, 4.024
2025/07/11 19:21:43, 573.18, 85.57, 2.84, 100.00, 2.53, 2.45, 2.35, 2.7464, 3.521
2025/07/11 19:26:43, 573.53, 85.57, 2.96, 100.00, 2.89, 2.78, 2.63, 2.572, 4.024
2025/07/11 19:31:43, 559.81, 85.60, 2.71, 100.00, 2.40, 2.30, 2.22, 2.9476, 5.03
2025/07/11 19:36:43, 567.29, 85.60, 2.99, 100.00, 2.89, 2.71, 2.53, 2.9845, 4.024
2025/07/11 19:41:43, 570.71, 85.63, 3.12, 100.00, 2.94, 2.84, 2.68, 2.6089, 3.521
2025/07/11 19:46:43, 548.91, 85.57, 2.73, 100.00, 2.43, 2.30, 2.19, 2.0589, 4.024
2025/07/11 19:51:43, 575.81, 85.60, 2.68, 100.00, 2.30, 2.16, 2.08, 1.4553, 2.012
2025/07/11 19:56:43, 614.67, 85.63, 2.40, 100.00, 2.06, 1.93, 1.80, 0.9792, 1.509
2025/07/11 20:01:43, 613.26, 85.60, 2.37, 100.00, 2.06, 1.95, 1.85, 1.6968, 3.018
2025/07/11 20:06:43, 612.56, 85.60, 2.78, 100.00, 2.68, 2.63, 2.58, 2.0791, 3.521
2025/07/11 20:11:43, 604.82, 85.60, 2.37, 100.00, 2.06, 1.98, 1.90, 1.5258, 2.012
2025/07/11 20:16:43, 622.93, 85.63, 2.68, 100.00, 2.48, 2.40, 2.27, 1.784, 3.018
2025/07/11 20:21:43, 598.14, 85.63, 2.76, 100.00, 2.78, 2.66, 2.50, 1.727, 2.515
2025/07/11 20:26:43, 617.84, 85.63, 2.48, 100.00, 2.32, 2.11, 1.95, 1.6096, 2.012
2025/07/11 20:31:43, 604.12, 85.63, 2.30, 100.00, 2.37, 2.22, 1.98, 1.613, 2.515
2025/07/11 20:36:43, 598.23, 85.63, 2.27, 100.00, 1.98, 1.85, 1.72, 1.5627, 2.012
2025/07/11 20:41:43, 590.49, 85.66, 2.53, 100.00, 2.35, 2.16, 1.98, 1.5861, 2.012
2025/07/11 20:46:43, 580.47, 85.66, 2.27, 100.00, 2.11, 2.03, 1.93, 1.851, 2.515
2025/07/11 20:51:43, 574.23, 85.66, 2.16, 100.00, 1.95, 1.83, 1.70, 1.7169, 2.515
2025/07/11 20:56:43, 601.48, 85.66, 2.16, 100.00, 1.88, 1.80, 1.67, 1.3313, 2.012
2025/07/11 21:01:43, 606.58, 85.70, 2.27, 100.00, 2.16, 2.00, 1.85, 1.224, 2.012
2025/07/11 21:06:43, 594.80, 85.66, 2.03, 100.00, 1.90, 1.77, 1.64, 1.3212, 2.012
2025/07/11 21:11:43, 599.90, 85.70, 1.93, 100.00, 1.95, 1.85, 1.77, 1.955, 3.521
2025/07/11 21:16:43, 602.19, 85.70, 1.98, 100.00, 2.06, 1.95, 1.88, 4.2319, 6.539
2025/07/11 21:21:43, 596.38, 85.66, 1.51, 100.00, 1.49, 1.41, 1.33, 4.1011, 5.03
2025/07/11 21:26:43, 589.35, 85.70, 1.57, 100.00, 1.49, 1.41, 1.33, 3.3735, 4.527
2025/07/11 21:31:43, 598.23, 85.73, 1.33, 100.00, 1.27, 1.22, 1.17, 3.2594, 4.024
2025/07/11 21:36:43, 610.01, 85.73, 1.27, 100.00, 1.33, 1.25, 1.22, 3.1622, 4.024
2025/07/11 21:41:43, 599.55, 85.73, 1.64, 100.00, 1.75, 1.67, 1.62, 4.1414, 5.533
2025/07/11 21:46:43, 596.91, 85.73, 1.70, 100.00, 1.88, 1.77, 1.64, 4.4499, 6.036
2025/07/11 21:51:43, 587.59, 85.73, 1.51, 100.00, 1.54, 1.46, 1.41, 4.2755, 5.533
2025/07/11 21:56:43, 587.15, 85.73, 1.43, 100.00, 1.46, 1.38, 1.33, 4.6578, 6.539
2025/07/11 22:01:43, 579.24, 85.76, 1.14, 100.00, 1.17, 1.11, 1.06, 4.1347, 5.533
2025/07/11 22:06:43, 588.65, 85.76, 0.87, 100.00, 1.00, 0.93, 0.90, 3.7759, 4.527
2025/07/11 22:11:43, 594.10, 85.73, 0.93, 100.00, 1.11, 1.03, 1.00, 4.5639, 6.036
2025/07/11 22:16:43, 591.20, 85.76, 1.11, 100.00, 1.22, 1.19, 1.17, 5.0568, 6.539
2025/07/11 22:21:43, 591.29, 85.76, 1.17, 100.00, 1.27, 1.22, 1.17, 4.5807, 5.533
2025/07/11 22:26:43, 613.00, 85.76, 1.06, 100.00, 1.22, 1.11, 1.11, 4.1548, 5.03
2025/07/11 22:31:43, 602.01, 85.76, 1.11, 100.00, 1.41, 1.30, 1.25, 4.0475, 5.533
2025/07/11 22:36:43, 594.98, 85.76, 1.03, 100.00, 1.22, 1.11, 1.06, 3.9838, 5.03
2025/07/11 22:41:43, 599.90, 85.76, 0.90, 100.00, 1.06, 0.95, 0.93, 2.9945, 5.03
2025/07/11 22:46:43, 587.42, 85.76, 1.03, 100.00, 1.27, 1.17, 1.11, 2.4915, 3.521
2025/07/11 22:51:43, 588.91, 85.76, 1.11, 100.00, 1.46, 1.38, 1.35, 2.4714, 5.03
2025/07/11 22:56:43, 589.53, 85.76, 1.11, 100.00, 1.41, 1.30, 1.27, 3.2158, 5.03
2025/07/11 23:01:43, 578.80, 85.76, 1.03, 100.00, 1.27, 1.17, 1.14, 4.0911, 5.533
2025/07/11 23:06:43, 547.77, 85.79, 0.82, 100.00, 1.00, 0.93, 0.93, 3.2192, 5.03
2025/07/11 23:11:43, 561.48, 85.79, 0.95, 100.00, 1.14, 1.08, 1.08, 3.179, 4.527
2025/07/11 23:16:43, 559.99, 85.76, 1.03, 100.00, 1.22, 1.11, 1.08, 3.3735, 4.527
2025/07/11 23:21:43, 532.74, 85.79, 0.79, 100.00, 0.79, 0.74, 0.72, 2.8336, 4.527
2025/07/11 23:26:43, 540.56, 85.79, 0.74, 100.00, 0.79, 0.74, 0.72, 0.8551, 1.509
2025/07/11 23:31:43, 540.56, 85.79, 0.79, 100.00, 0.85, 0.74, 0.69, 0.0704, 1.006
2025/07/11 23:36:43, 540.65, 85.82, 0.85, 100.00, 1.06, 0.98, 0.93, 0.0, 0.0
2025/07/11 23:41:43, 589.09, 85.79, 1.17, 100.00, 1.27, 1.25, 1.25, 0.5801, 3.521
2025/07/11 23:46:43, 578.80, 85.82, 1.25, 100.00, 1.27, 1.22, 1.11, 1.1904, 2.515
2025/07/11 23:51:43, 553.75, 85.79, 1.22, 100.00, 1.22, 1.19, 1.17, 1.6968, 4.024
2025/07/11 23:56:43, 548.12, 85.82, 1.00, 100.00, 0.95, 0.93, 0.90, 3.5042, 4.527
2025/07/12 0:01:43, 534.32, 85.82, 1.00, 100.00, 1.03, 1.00, 0.98, 3.464, 5.03
2025/07/12 0:06:43, 553.04, 85.82, 1.11, 100.00, 1.25, 1.22, 1.22, 2.9576, 4.527
2025/07/12 0:11:43, 562.89, 85.82, 0.95, 100.00, 0.85, 0.82, 0.82, 2.9979, 4.024
2025/07/12 0:16:43, 562.63, 85.82, 0.98, 100.00, 0.95, 0.93, 0.93, 3.0717, 4.527
2025/07/12 0:21:43, 549.88, 85.82, 0.90, 100.00, 0.93, 0.90, 0.85, 3.2259, 4.527
2025/07/12 0:26:43, 554.10, 85.82, 0.93, 100.00, 0.87, 0.85, 0.79, 3.9066, 5.533
2025/07/12 0:31:43, 542.14, 85.82, 0.87, 100.00, 1.03, 1.00, 0.98, 3.7356, 5.03
2025/07/12 0:36:43, 549.97, 85.82, 0.79, 100.00, 0.79, 0.77, 0.74, 3.4003, 5.533
2025/07/12 0:41:43, 550.23, 85.85, 0.82, 100.00, 0.82, 0.79, 0.79, 3.2226, 4.527
2025/07/12 0:46:43, 550.49, 85.85, 0.90, 100.00, 0.95, 0.93, 0.90, 3.6015, 4.527
2025/07/12 0:51:43, 552.69, 85.85, 0.85, 100.00, 0.85, 0.79, 0.79, 3.5646, 4.527
2025/07/12 0:56:43, 552.52, 85.82, 0.77, 100.00, 0.72, 0.69, 0.69, 2.0992, 3.018
2025/07/12 1:01:43, 554.45, 85.85, 0.87, 100.00, 0.87, 0.85, 0.85, 2.2199, 3.521
2025/07/12 1:06:43, 554.36, 85.82, 0.82, 100.00, 0.79, 0.77, 0.74, 3.2863, 4.527
2025/07/12 1:11:43, 544.08, 85.82, 0.90, 100.00, 1.00, 0.95, 0.95, 2.6927, 3.521
2025/07/12 1:16:43, 565.79, 85.85, 0.77, 100.00, 0.82, 0.79, 0.79, 2.3272, 3.521
2025/07/12 1:21:43, 563.68, 85.85, 0.79, 100.00, 0.87, 0.85, 0.82, 2.8235, 4.024
2025/07/12 1:26:43, 571.51, 85.85, 0.79, 100.00, 0.82, 0.79, 0.79, 2.7799, 3.521
2025/07/12 1:31:43, 566.85, 85.85, 0.74, 100.00, 0.79, 0.77, 0.74, 2.7933, 3.521
2025/07/12 1:36:43, 566.32, 85.85, 0.74, 100.00, 0.79, 0.74, 0.72, 3.0146, 4.527
2025/07/12 1:41:43, 578.71, 85.85, 0.85, 100.00, 0.90, 0.87, 0.87, 2.6793, 3.521
2025/07/12 1:46:43, 576.96, 85.85, 0.82, 100.00, 0.82, 0.79, 0.79, 2.676, 3.521
2025/07/12 1:51:43, 556.82, 85.85, 0.74, 100.00, 0.72, 0.69, 0.69, 3.2594, 4.527
2025/07/12 1:56:43, 554.63, 85.88, 0.77, 100.00, 0.82, 0.79, 0.77, 2.8134, 4.024
2025/07/12 2:01:43, 557.09, 85.85, 0.82, 100.00, 0.82, 0.79, 0.79, 3.0314, 4.024
2025/07/12 2:06:43, 563.77, 85.85, 0.74, 100.00, 0.79, 0.74, 0.72, 2.5921, 4.024
2025/07/12 2:11:43, 554.98, 85.85, 0.79, 100.00, 0.90, 0.85, 0.82, 2.2031, 3.521
2025/07/12 2:16:43, 563.59, 85.85, 0.77, 100.00, 0.79, 0.77, 0.72, 1.9114, 2.515
2025/07/12 2:21:43, 581.97, 85.85, 0.74, 100.00, 0.72, 0.69, 0.69, 1.7001, 2.515
2025/07/12 2:26:43, 613.79, 85.85, 0.58, 100.00, 0.64, 0.61, 0.58, 1.4553, 2.012
2025/07/12 2:31:43, 572.47, 85.82, 0.61, 100.00, 0.66, 0.61, 0.61, 1.4855, 2.515
2025/07/12 2:36:43, 584.52, 85.85, 0.64, 100.00, 0.74, 0.69, 0.66, 1.7806, 2.515
2025/07/12 2:41:43, 581.62, 85.85, 0.64, 100.00, 0.69, 0.64, 0.64, 1.9248, 2.515
2025/07/12 2:46:43, 554.80, 85.82, 0.64, 100.00, 0.64, 0.64, 0.61, 2.1428, 3.521
2025/07/12 2:51:43, 569.40, 85.85, 0.64, 100.00, 0.64, 0.61, 0.58, 2.9677, 4.024
2025/07/12 2:56:43, 562.89, 85.88, 0.66, 100.00, 0.69, 0.66, 0.64, 2.2702, 3.521
2025/07/12 3:01:43, 560.52, 85.88, 0.72, 100.00, 0.69, 0.66, 0.64, 2.5754, 3.521
2025/07/12 3:06:43, 559.29, 85.85, 0.58, 100.00, 0.74, 0.69, 0.69, 1.8645, 3.018
2025/07/12 3:11:43, 554.10, 85.85, 0.58, 100.00, 0.64, 0.64, 0.61, 2.1595, 3.018
2025/07/12 3:16:43, 561.22, 85.85, 0.53, 100.00, 0.56, 0.53, 0.53, 1.8913, 2.515
2025/07/12 3:21:43, 561.92, 85.85, 0.56, 100.00, 0.56, 0.53, 0.53, 1.623, 2.012
2025/07/12 3:26:43, 570.01, 85.85, 0.50, 100.00, 0.48, 0.48, 0.45, 1.6968, 2.515
2025/07/12 3:31:43, 568.52, 85.85, 0.48, 100.00, 0.53, 0.48, 0.48, 1.4319, 2.012
2025/07/12 3:36:43, 578.27, 85.85, 0.53, 100.00, 0.64, 0.61, 0.61, 1.5627, 2.012
2025/07/12 3:41:43, 582.76, 85.82, 0.53, 100.00, 0.58, 0.53, 0.53, 1.4084, 2.012
2025/07/12 3:46:43, 585.75, 85.88, 0.48, 100.00, 0.45, 0.45, 0.45, 1.4822, 2.012
2025/07/12 3:51:43, 588.65, 85.85, 0.42, 100.00, 0.48, 0.42, 0.42, 1.2609, 2.012
2025/07/12 3:56:43, 588.21, 85.88, 0.48, 100.00, 0.53, 0.50, 0.48, 1.4118, 2.012
2025/07/12 4:01:43, 585.84, 85.88, 0.53, 100.00, 0.58, 0.56, 0.56, 1.5425, 2.515
2025/07/12 4:06:43, 597.35, 85.88, 0.53, 100.00, 0.53, 0.50, 0.48, 1.2441, 2.012
2025/07/12 4:11:43, 614.93, 85.85, 0.42, 100.00, 0.42, 0.42, 0.42, 0.6975, 1.509
2025/07/12 4:16:43, 612.91, 85.85, 0.42, 100.00, 0.37, 0.40, 0.42, 1.3413, 2.012
2025/07/12 4:21:43, 611.07, 85.85, 0.42, 100.00, 0.42, 0.40, 0.40, 1.1334, 1.509
2025/07/12 4:26:43, 613.26, 85.85, 0.48, 100.00, 0.45, 0.45, 0.42, 1.2407, 2.012
2025/07/12 4:31:43, 614.32, 85.85, 0.40, 100.00, 0.37, 0.40, 0.40, 1.1301, 1.509
2025/07/12 4:36:43, 617.48, 85.85, 0.42, 100.00, 0.42, 0.42, 0.40, 1.0529, 1.509
2025/07/12 4:41:43, 617.92, 85.85, 0.45, 100.00, 0.42, 0.40, 0.40, 0.7377, 1.509
2025/07/12 4:46:43, 619.95, 85.85, 0.48, 100.00, 0.42, 0.37, 0.37, 0.0, 0.0
2025/07/12 4:51:43, 629.88, 85.82, 0.45, 100.00, 0.40, 0.37, 0.37, 0.0, 0.0
2025/07/12 4:56:43, 638.85, 85.85, 0.42, 100.00, 0.40, 0.37, 0.37, 0.5902, 1.006
2025/07/12 5:01:43, 638.85, 85.85, 0.48, 100.00, 0.48, 0.42, 0.45, 0.4963, 1.006
2025/07/12 5:06:43, 641.92, 85.85, 0.42, 100.00, 0.45, 0.42, 0.45, 0.1945, 1.006
2025/07/12 5:11:43, 641.92, 85.85, 0.66, 100.00, 0.64, 0.58, 0.50, 0.0, 0.0
2025/07/12 5:16:43, 641.92, 85.82, 0.90, 100.00, 0.79, 0.79, 0.77, 0.0, 0.0
2025/07/12 5:21:43, 641.92, 85.85, 1.19, 100.00, 1.00, 0.95, 1.00, 0.0, 0.0
2025/07/12 5:26:43, 641.92, 85.85, 1.22, 100.00, 0.95, 0.93, 1.00, 0.0, 0.0
2025/07/12 5:31:43, 641.92, 85.82, 1.19, 100.00, 0.79, 0.74, 0.74, 0.0, 0.0
2025/07/12 5:36:43, 641.92, 85.82, 1.11, 100.00, 0.79, 0.64, 0.72, 0.0, 0.0
2025/07/12 5:41:43, 641.92, 85.82, 0.93, 100.00, 0.64, 0.58, 0.61, 0.0, 0.0
2025/07/12 5:46:43, 641.92, 85.82, 1.00, 100.00, 0.79, 0.77, 0.79, 0.0604, 0.503
2025/07/12 5:51:43, 641.92, 85.82, 1.27, 100.00, 1.00, 0.93, 1.00, 0.0, 0.0
2025/07/12 5:56:43, 641.92, 85.82, 1.33, 100.00, 1.03, 0.98, 1.03, 0.0, 0.0
2025/07/12 6:01:43, 641.92, 85.82, 1.33, 100.00, 0.98, 0.93, 0.98, 0.0, 0.0
2025/07/12 6:06:43, 641.92, 85.82, 1.33, 100.00, 0.95, 0.90, 0.95, 0.0, 0.0
2025/07/12 6:11:43, 604.21, 85.82, 1.33, 100.00, 1.03, 0.98, 1.00, 0.0939, 1.006
2025/07/12 6:16:43, 588.30, 85.82, 1.11, 100.00, 0.82, 0.79, 0.79, 0.8652, 1.509
2025/07/12 6:21:43, 588.30, 85.82, 1.33, 100.00, 1.06, 0.98, 1.03, 0.3823, 1.006
2025/07/12 6:26:43, 588.30, 85.82, 1.59, 100.00, 1.25, 1.22, 1.33, 0.0, 0.0
2025/07/12 6:31:43, 588.30, 85.85, 2.16, 100.00, 1.62, 1.64, 1.77, 0.0, 0.0
2025/07/12 6:36:43, 588.30, 85.85, 2.19, 100.00, 1.54, 1.64, 1.85, 0.0, 0.0
2025/07/12 6:41:43, 588.30, 85.85, 2.32, 100.00, 1.64, 1.64, 1.83, 0.0, 0.0
2025/07/12 6:46:43, 612.91, 85.82, 2.11, 100.00, 1.35, 1.30, 1.38, 0.0, 0.0
2025/07/12 6:51:43, 615.64, 85.85, 2.03, 100.00, 1.35, 1.30, 1.35, 0.0, 0.0
2025/07/12 6:56:43, 616.43, 85.82, 2.08, 100.00, 1.41, 1.33, 1.43, 0.0, 0.0
2025/07/12 7:01:43, 616.52, 85.82, 2.37, 100.00, 1.70, 1.64, 1.75, 0.0, 0.0
2025/07/12 7:06:43, 616.52, 85.82, 2.99, 100.00, 2.14, 2.03, 2.19, 0.0, 0.0
2025/07/12 7:11:43, 616.52, 85.82, 3.45, 100.00, 2.06, 1.88, 2.11, 0.0, 0.0
2025/07/12 7:16:43, 616.52, 85.85, 3.75, 100.00, 2.89, 2.53, 2.89, 0.0, 0.0
2025/07/12 7:21:43, 616.52, 85.82, 3.98, 100.00, 2.16, 1.98, 2.00, 0.0, 0.0
2025/07/12 7:26:43, 616.52, 85.82, 2.73, 100.00, 1.64, 1.57, 1.67, 0.0, 0.0
2025/07/12 7:31:43, 548.12, 85.79, 1.95, 100.00, 1.35, 1.33, 1.33, 0.4929, 1.509
2025/07/12 7:36:43, 567.29, 85.79, 2.00, 100.00, 1.49, 1.49, 1.49, 0.7277, 1.509
2025/07/12 7:41:43, 567.20, 85.82, 2.06, 100.00, 1.51, 1.49, 1.49, 0.2649, 1.006
2025/07/12 7:46:43, 588.03, 85.82, 2.16, 100.00, 1.59, 1.59, 1.62, 0.275, 1.006
2025/07/12 7:51:43, 587.95, 85.82, 2.14, 100.00, 1.51, 1.49, 1.54, 0.0738, 1.006
2025/07/12 7:56:43, 588.21, 85.82, 2.30, 100.00, 1.72, 1.75, 1.83, 0.1911, 0.503
2025/07/12 8:01:43, 588.30, 85.85, 2.81, 100.00, 2.03, 2.00, 2.11, 0.0, 0.0
2025/07/12 8:06:43, 588.30, 85.85, 2.84, 100.00, 1.88, 1.93, 2.08, 0.0, 0.0
2025/07/12 8:11:43, 588.21, 85.85, 3.19, 100.00, 2.35, 2.35, 2.50, 0.0, 0.0
2025/07/12 8:16:43, 588.30, 85.82, 3.40, 100.00, 2.27, 2.27, 2.37, 0.0, 0.0
2025/07/12 8:21:43, 544.96, 85.79, 2.66, 100.00, 1.62, 1.64, 1.70, 0.1677, 1.006
2025/07/12 8:26:43, 548.56, 85.82, 3.19, 100.00, 2.43, 2.37, 2.48, 0.0268, 0.503
2025/07/12 8:31:43, 566.32, 85.79, 3.06, 100.00, 2.27, 2.22, 2.37, 0.0034, 0.503
2025/07/12 8:36:43, 576.69, 85.79, 2.94, 100.00, 2.35, 2.37, 2.43, 0.0805, 1.006
2025/07/12 8:41:43, 580.03, 85.79, 2.61, 100.00, 2.00, 2.00, 2.06, 0.2515, 1.006
2025/07/12 8:46:43, 579.95, 85.79, 2.76, 100.00, 2.14, 2.19, 2.37, 0.0, 0.0
2025/07/12 8:51:43, 561.04, 85.82, 2.63, 100.00, 1.85, 1.85, 1.95, 0.0201, 0.503
2025/07/12 8:56:43, 560.96, 85.79, 2.68, 100.00, 1.85, 1.85, 2.00, 0.0, 0.0
2025/07/12 9:01:43, 554.10, 85.76, 2.40, 100.00, 1.77, 1.80, 1.90, 0.3219, 1.509
2025/07/12 9:06:43, 554.10, 85.79, 2.68, 100.00, 2.03, 2.06, 2.22, 0.0, 0.0
2025/07/12 9:11:43, 554.10, 85.82, 2.81, 100.00, 2.06, 2.03, 2.11, 0.0, 0.0
2025/07/12 9:16:43, 554.10, 85.79, 2.84, 100.00, 1.95, 1.98, 2.06, 0.0, 0.0
2025/07/12 9:21:43, 554.10, 85.79, 2.84, 100.00, 2.24, 2.19, 2.32, 0.0, 0.0
2025/07/12 9:26:43, 554.10, 85.79, 3.22, 100.00, 2.53, 2.63, 2.73, 0.0, 0.0
2025/07/12 9:31:43, 554.10, 85.79, 3.17, 100.00, 2.30, 2.32, 2.37, 0.0, 0.0
2025/07/12 9:36:43, 554.10, 85.79, 3.83, 100.00, 2.58, 2.66, 2.78, 0.0, 0.0
2025/07/12 9:41:43, 554.10, 85.82, 4.95, 100.00, 3.75, 3.85, 3.93, 0.0, 0.0
2025/07/12 9:46:43, 554.19, 85.82, 4.81, 100.00, 3.19, 3.19, 3.25, 0.0, 0.0
2025/07/12 9:51:43, 554.19, 85.73, 4.21, 100.00, 2.53, 2.56, 2.66, 0.0, 0.0
2025/07/12 9:56:43, 685.00, 85.60, 4.46, 100.00, 2.86, 2.94, 3.32, 0.0201, 0.503
2025/07/12 10:01:43, 325.09, 85.60, 4.46, 100.00, 2.78, 2.84, 3.12, 0.6975, 1.509
2025/07/12 10:06:43, 325.09, 85.51, 4.73, 100.00, 2.78, 2.89, 3.06, 0.5835, 1.006
2025/07/12 10:11:43, 325.09, 86.04, 4.71, 100.00, 2.99, 3.14, 3.27, 0.171, 1.006
2025/07/12 10:16:43, 347.77, 85.76, 4.64, 100.00, 2.96, 3.04, 3.32, 0.4225, 1.509
2025/07/12 10:21:43, 362.19, 86.07, 4.66, 100.00, 3.12, 3.14, 3.50, 1.2407, 2.012
2025/07/12 10:26:43, 408.52, 85.73, 6.44, 100.00, 5.31, 5.13, 5.46, 0.6606, 1.509
2025/07/12 10:31:43, 393.48, 85.88, 8.17, 100.00, 5.31, 5.46, 5.89, 0.1844, 1.006
2025/07/12 10:36:43, 401.40, 85.76, 9.40, 100.00, 6.80, 6.31, 6.61, 0.6807, 2.012
2025/07/12 10:41:43, 376.96, 85.76, 10.82, 100.00, 5.70, 5.89, 6.44, 0.3119, 1.509
2025/07/12 10:46:43, 361.40, 85.82, 9.73, 100.00, 4.81, 4.98, 5.38, 0.218, 1.509
2025/07/12 10:51:43, 361.13, 85.82, 8.29, 100.00, 4.05, 4.36, 4.64, 0.4292, 1.509
2025/07/12 10:56:43, 368.60, 85.76, 9.33, 100.00, 5.18, 5.80, 5.97, 0.4829, 1.509
2025/07/12 11:01:43, 362.19, 85.76, 9.40, 100.00, 4.95, 5.43, 5.75, 0.5835, 1.509
2025/07/12 11:06:43, 362.19, 85.76, 10.08, 100.00, 4.98, 5.51, 6.44, 0.114, 1.006
2025/07/12 11:11:43, 346.19, 85.82, 8.24, 89.57, 3.75, 4.00, 4.56, 0.0, 0.0
2025/07/12 11:16:43, 346.19, 85.79, 8.04, 82.80, 4.16, 4.56, 5.21, 0.1777, 1.509
2025/07/12 11:21:43, 363.59, 85.79, 8.74, 78.43, 4.86, 5.33, 5.89, 1.0932, 1.509
2025/07/12 11:26:43, 368.25, 85.76, 8.90, 78.35, 4.64, 5.00, 5.60, 1.0898, 1.509
2025/07/12 11:31:43, 374.76, 85.66, 9.30, 72.55, 5.26, 5.65, 6.34, 1.281, 1.509
2025/07/12 11:36:43, 376.96, 85.45, 11.54, 63.12, 8.21, 8.31, 9.30, 0.8417, 1.509
2025/07/12 11:41:43, 378.10, 85.76, 11.33, 60.00, 6.36, 6.70, 7.52, 1.1804, 1.509
2025/07/12 11:46:43, 376.69, 85.54, 11.79, 57.55, 6.41, 6.75, 7.23, 1.3044, 2.515
2025/07/12 11:51:43, 392.78, 85.79, 12.35, 55.16, 7.83, 7.86, 8.50, 1.167, 2.012
2025/07/12 11:56:43, 414.93, 85.79, 11.54, 58.46, 6.68, 7.35, 7.76, 1.2843, 2.012
2025/07/12 12:01:43, 453.62, 85.76, 10.73, 59.81, 4.66, 5.18, 5.48, 0.4862, 1.509
2025/07/12 12:06:43, 470.32, 85.76, 9.64, 62.79, 4.36, 5.00, 5.33, 0.3789, 1.006
2025/07/12 12:11:43, 470.32, 85.76, 10.38, 59.69, 5.03, 5.85, 6.14, 0.0503, 1.006
2025/07/12 12:16:43, 470.41, 85.76, 9.21, 63.48, 4.41, 4.91, 5.16, 0.8719, 1.509
2025/07/12 12:21:43, 470.32, 85.73, 11.91, 55.29, 6.89, 7.97, 8.21, 0.5298, 1.006
2025/07/12 12:26:43, 470.32, 85.73, 12.87, 51.96, 7.40, 8.45, 8.92, 0.0838, 1.006
2025/07/12 12:31:43, 470.32, 85.63, 14.01, 48.04, 8.50, 8.85, 9.19, 0.0, 0.0
2025/07/12 12:36:43, 469.79, 85.70, 16.31, 45.75, 12.49, 12.53, 12.65, 0.0, 0.0
2025/07/12 12:41:43, 469.79, 85.54, 18.04, 39.41, 12.44, 12.00, 12.44, 0.0, 0.0
2025/07/12 12:46:43, 397.53, 85.26, 17.92, 36.38, 10.48, 9.42, 10.15, 0.4259, 1.509
2025/07/12 12:51:43, 385.75, 85.07, 16.49, 40.19, 11.22, 10.34, 11.26, 0.7411, 1.006
2025/07/12 12:56:43, 389.35, 85.07, 17.84, 36.37, 12.89, 11.00, 12.37, 0.4996, 1.006
2025/07/12 13:01:43, 399.11, 83.32, 19.45, 32.33, 13.03, 12.09, 13.33, 0.4628, 1.509
2025/07/12 13:06:43, 391.99, 83.82, 15.75, 39.30, 10.64, 9.87, 10.57, 1.2106, 2.012
2025/07/12 13:11:43, 387.59, 84.26, 13.89, 43.79, 8.69, 8.38, 9.16, 1.3682, 2.012
2025/07/12 13:16:43, 372.65, 82.70, 11.12, 52.00, 6.53, 6.58, 7.01, 1.5995, 2.012
2025/07/12 13:21:43, 363.95, 83.54, 10.48, 53.19, 5.97, 5.94, 6.41, 1.7873, 2.012
2025/07/12 13:26:43, 364.74, 74.71, 12.69, 48.47, 8.12, 8.12, 8.83, 1.3816, 2.012
2025/07/12 13:31:43, 364.74, 79.89, 13.81, 44.68, 8.50, 8.71, 9.57, 0.617, 1.509
2025/07/12 13:36:43, 356.56, 84.95, 13.44, 44.39, 7.52, 7.67, 8.48, 0.3722, 1.509
2025/07/12 13:41:43, 387.59, 85.91, 11.86, 49.24, 8.43, 8.24, 8.97, 1.5861, 2.012
2025/07/12 13:46:43, 418.63, 85.51, 12.51, 48.19, 8.81, 9.11, 9.52, 1.7437, 2.515
2025/07/12 13:51:43, 462.67, 85.51, 12.42, 48.14, 6.82, 6.89, 7.06, 1.2743, 2.012
2025/07/12 13:56:43, 459.15, 85.54, 14.87, 42.91, 10.00, 10.29, 10.87, 0.275, 1.509
2025/07/12 14:01:43, 378.54, 85.54, 13.21, 43.95, 6.82, 6.68, 7.21, 0.5466, 2.012
2025/07/12 14:06:43, 389.79, 85.54, 12.07, 48.40, 8.12, 7.74, 7.86, 1.509, 2.012
2025/07/12 14:11:43, 401.48, 85.51, 12.60, 46.96, 9.54, 8.64, 8.92, 1.291, 2.012
2025/07/12 14:16:43, 393.22, 85.60, 13.28, 44.56, 9.71, 8.97, 9.59, 1.0865, 2.012
2025/07/12 14:21:43, 383.11, 85.54, 13.17, 44.59, 9.21, 8.57, 9.02, 1.7203, 2.012
2025/07/12 14:26:43, 389.44, 85.63, 11.68, 48.66, 8.21, 7.64, 8.09, 1.6498, 2.515
2025/07/12 14:31:43, 365.79, 85.70, 12.23, 46.93, 7.76, 7.55, 8.12, 1.3615, 2.012
2025/07/12 14:36:43, 379.15, 85.73, 13.56, 43.24, 9.35, 9.02, 9.77, 1.0094, 1.509
2025/07/12 14:41:43, 378.10, 85.73, 12.58, 45.95, 8.17, 8.02, 8.76, 1.1569, 2.012
2025/07/12 14:46:43, 378.10, 85.73, 13.78, 42.51, 9.47, 9.30, 10.48, 1.063, 1.509
2025/07/12 14:51:43, 422.49, 85.63, 13.60, 43.24, 8.85, 9.02, 9.45, 0.5231, 1.509
2025/07/12 14:56:43, 422.49, 85.76, 15.91, 38.71, 12.30, 11.91, 12.35, 0.0, 0.0
2025/07/12 15:01:43, 422.41, 85.79, 19.02, 32.90, 14.96, 14.37, 15.53, 0.0, 0.0
2025/07/12 15:06:43, 422.41, 85.82, 17.97, 33.40, 11.86, 11.00, 12.00, 0.0436, 1.006
2025/07/12 15:11:43, 365.26, 85.76, 14.14, 38.56, 7.40, 7.16, 7.67, 1.338, 2.515
2025/07/12 15:16:43, 382.23, 85.76, 13.07, 43.60, 9.30, 8.78, 9.26, 1.0295, 2.515
2025/07/12 15:21:43, 435.95, 85.73, 12.62, 44.57, 7.95, 8.26, 8.60, 0.9892, 2.012
2025/07/12 15:26:43, 428.74, 85.73, 10.71, 50.65, 6.99, 7.16, 7.23, 1.5761, 2.012
2025/07/12 15:31:43, 405.18, 85.76, 11.82, 47.07, 9.06, 8.31, 8.45, 1.3715, 2.012
2025/07/12 15:36:43, 398.32, 85.76, 12.92, 44.30, 10.22, 9.45, 9.77, 1.2541, 2.012
2025/07/12 15:41:43, 401.66, 85.79, 13.19, 43.99, 10.41, 9.45, 9.84, 1.3983, 2.012
2025/07/12 15:46:43, 392.08, 85.79, 12.44, 44.22, 8.21, 7.67, 8.21, 1.5593, 2.012
2025/07/12 15:51:43, 386.54, 85.82, 11.68, 46.61, 8.12, 7.64, 8.17, 1.4688, 2.012
2025/07/12 15:56:43, 377.57, 85.79, 11.36, 47.06, 7.09, 6.89, 7.40, 1.4822, 2.012
2025/07/12 16:01:43, 384.78, 85.88, 10.15, 51.18, 6.80, 6.36, 6.70, 1.4989, 2.012
2025/07/12 16:06:43, 393.66, 85.79, 10.89, 49.85, 8.81, 8.17, 8.50, 1.2038, 1.509
2025/07/12 16:11:43, 370.27, 85.79, 10.62, 48.81, 6.53, 6.31, 6.73, 1.2575, 2.515
2025/07/12 16:16:43, 357.70, 85.79, 9.71, 52.36, 6.31, 6.24, 6.65, 1.1904, 2.012
2025/07/12 16:21:43, 390.76, 85.85, 10.62, 51.01, 8.36, 7.74, 8.07, 0.9792, 1.509
2025/07/12 16:26:43, 407.90, 85.82, 11.45, 48.38, 7.79, 8.02, 8.50, 0.845, 1.509
2025/07/12 16:31:43, 400.16, 85.88, 11.31, 48.21, 8.50, 7.81, 8.26, 1.4185, 2.012
2025/07/12 16:36:43, 379.51, 85.82, 10.29, 50.64, 6.63, 6.44, 6.80, 1.5325, 2.012
2025/07/12 16:41:43, 383.20, 85.88, 10.03, 53.03, 8.02, 7.74, 8.04, 1.5962, 2.012
2025/07/12 16:46:43, 392.34, 85.88, 9.94, 52.35, 7.18, 6.68, 6.96, 1.3413, 2.012
2025/07/12 16:51:43, 401.75, 85.95, 10.52, 51.97, 8.69, 7.90, 8.09, 1.4084, 2.012
2025/07/12 16:56:43, 398.85, 85.88, 8.83, 55.38, 6.09, 5.46, 5.60, 1.8645, 2.515
2025/07/12 17:01:43, 385.66, 85.88, 7.06, 62.75, 4.71, 4.49, 4.64, 1.9114, 2.515
2025/07/12 17:06:43, 390.14, 85.91, 7.50, 61.66, 5.53, 5.26, 5.48, 1.9684, 2.515
2025/07/12 17:11:43, 365.70, 85.95, 7.97, 59.50, 5.05, 5.03, 5.28, 2.116, 3.521
2025/07/12 17:16:43, 363.86, 85.91, 6.56, 64.83, 4.10, 4.10, 4.31, 2.5418, 3.521
2025/07/12 17:21:43, 362.10, 85.88, 5.70, 68.47, 3.65, 3.60, 3.75, 3.3936, 4.024
2025/07/12 17:26:43, 357.53, 85.88, 5.60, 68.97, 3.50, 3.45, 3.65, 3.1823, 4.024
2025/07/12 17:31:43, 357.70, 85.88, 5.31, 70.37, 3.45, 3.37, 3.55, 3.5512, 4.024
2025/07/12 17:36:43, 361.48, 85.88, 5.60, 69.23, 3.60, 3.55, 3.75, 2.9442, 3.521
2025/07/12 17:41:43, 367.64, 85.88, 6.04, 67.67, 4.00, 3.95, 4.16, 2.4748, 3.018
2025/07/12 17:46:43, 365.70, 85.88, 6.34, 66.01, 4.10, 4.03, 4.28, 2.2031, 3.018
2025/07/12 17:51:43, 364.91, 85.88, 6.41, 65.77, 4.05, 3.98, 4.23, 2.1495, 2.515
2025/07/12 17:56:43, 358.14, 85.88, 6.58, 65.27, 4.10, 4.00, 4.36, 1.8846, 2.515
2025/07/12 18:01:43, 352.87, 85.88, 6.51, 65.78, 3.98, 3.90, 4.31, 1.6465, 2.515
2025/07/12 18:06:43, 355.51, 85.88, 6.82, 64.16, 4.28, 4.13, 4.51, 1.6633, 2.515
2025/07/12 18:11:43, 376.96, 85.88, 7.55, 62.41, 5.65, 5.36, 5.92, 1.4218, 2.012
2025/07/12 18:16:43, 393.22, 85.88, 8.36, 59.36, 6.63, 5.94, 6.51, 1.2977, 2.012
2025/07/12 18:21:43, 393.57, 85.91, 7.88, 60.12, 5.75, 5.23, 5.70, 1.7504, 2.515
2025/07/12 18:26:43, 391.46, 85.91, 7.43, 61.91, 5.38, 4.98, 5.46, 2.0221, 2.515
2025/07/12 18:31:43, 387.59, 85.91, 7.55, 61.34, 5.03, 4.76, 5.31, 1.613, 2.012
2025/07/12 18:36:43, 385.31, 85.91, 7.09, 62.98, 4.76, 4.39, 4.93, 1.7773, 2.515
2025/07/12 18:41:43, 382.32, 85.85, 6.99, 63.52, 4.61, 4.26, 4.81, 1.8309, 2.515
2025/07/12 18:46:43, 382.32, 85.85, 7.33, 62.64, 4.88, 4.61, 5.33, 1.4386, 2.012
2025/07/12 18:51:43, 382.41, 85.88, 6.63, 64.84, 4.16, 3.78, 4.31, 1.6197, 2.515
2025/07/12 18:56:43, 382.58, 85.85, 6.19, 66.92, 4.18, 3.68, 4.26, 2.1394, 2.515
2025/07/12 19:01:43, 382.23, 85.85, 6.19, 67.06, 4.10, 3.48, 4.21, 2.0221, 2.515
2025/07/12 19:06:43, 386.80, 85.85, 6.39, 66.61, 4.59, 4.00, 4.71, 1.7001, 2.012
2025/07/12 19:11:43, 393.57, 85.88, 6.53, 65.86, 5.10, 4.69, 4.88, 1.8946, 2.515
2025/07/12 19:16:43, 393.57, 85.85, 7.09, 63.53, 5.21, 4.86, 5.31, 1.3179, 1.509
2025/07/12 19:21:43, 387.59, 85.85, 6.51, 65.41, 4.16, 3.95, 4.31, 1.5861, 2.012
2025/07/12 19:26:43, 387.07, 85.85, 6.53, 65.49, 4.08, 3.95, 4.31, 1.395, 2.012
2025/07/12 19:31:43, 387.07, 85.85, 6.58, 65.79, 4.00, 3.93, 4.33, 1.2072, 1.509
2025/07/12 19:36:43, 370.71, 85.85, 6.31, 66.97, 4.18, 3.83, 3.85, 0.8953, 1.509
2025/07/12 19:41:43, 356.82, 85.85, 6.21, 66.88, 3.63, 3.32, 3.63, 1.11, 1.509
2025/07/12 19:46:43, 356.91, 85.85, 5.75, 68.73, 3.32, 3.09, 3.40, 1.0932, 1.509
2025/07/12 19:51:43, 356.91, 85.88, 5.75, 69.03, 3.55, 3.48, 3.88, 0.8886, 1.509
2025/07/12 19:56:43, 356.91, 85.82, 6.09, 68.05, 4.05, 3.70, 4.03, 0.8484, 1.509
2025/07/12 20:01:43, 399.99, 85.85, 6.48, 65.19, 3.90, 3.73, 3.85, 0.6304, 1.006
2025/07/12 20:06:43, 412.56, 85.85, 6.14, 66.69, 4.08, 3.45, 3.73, 1.0965, 1.509
2025/07/12 20:11:43, 407.99, 85.85, 6.48, 65.11, 4.31, 3.50, 3.85, 0.7746, 1.509
2025/07/12 20:16:43, 407.02, 85.88, 3.85, 74.37, 1.93, 1.43, 1.57, 0.8182, 1.509
2025/07/12 20:21:43, 397.26, 85.88, 2.63, 81.36, 1.33, 0.72, 0.61, 0.9456, 1.509
2025/07/12 20:26:43, 397.26, 85.88, 2.53, 85.88, 2.66, 2.24, 1.43, 1.3011, 2.012
2025/07/12 20:31:43, 397.26, 85.88, 2.96, 82.11, 2.27, 1.49, 1.03, 0.1643, 1.006
2025/07/12 20:36:43, 399.11, 85.88, 2.00, 84.58, 1.30, 0.95, 0.69, 1.2206, 2.012
2025/07/12 20:41:43, 410.98, 85.88, 1.46, 89.06, 1.19, 0.95, 0.74, 1.6096, 2.515
2025/07/12 20:46:43, 405.97, 85.88, 1.11, 90.74, 0.74, 0.56, 0.42, 1.6666, 2.012
2025/07/12 20:51:43, 395.95, 85.88, 0.79, 93.31, 0.72, 0.53, 0.40, 1.5794, 2.515
2025/07/12 20:56:43, 392.25, 85.88, 1.00, 92.77, 0.74, 0.50, 0.34, 1.9047, 2.515
2025/07/12 21:01:43, 387.86, 85.88, 1.06, 94.09, 0.87, 0.42, 0.20, 1.68, 2.515
2025/07/12 21:06:43, 395.42, 85.91, 0.82, 93.24, 0.40, 0.20, 0.09, 1.4621, 2.012
2025/07/12 21:11:43, 409.66, 85.88, 0.40, 95.24, 0.04, -0.12, -0.17, 1.4889, 2.012
2025/07/12 21:16:43, 409.48, 85.95, 0.90, 96.18, 0.69, 0.23, 0.04, 1.5392, 2.012
2025/07/12 21:21:43, 400.78, 85.91, 0.66, 95.95, 0.42, 0.26, 0.12, 1.3547, 1.509
2025/07/12 21:26:43, 393.57, 85.95, 0.69, 97.45, 0.64, 0.48, 0.31, 1.5358, 2.012
2025/07/12 21:31:43, 393.66, 85.95, 0.90, 96.72, 0.79, 0.61, 0.42, 1.2575, 2.012
2025/07/12 21:36:43, 393.57, 85.95, 0.95, 96.62, 0.85, 0.66, 0.48, 0.8618, 1.509
2025/07/12 21:41:43, 393.57, 85.95, 1.33, 95.24, 1.27, 0.93, 0.58, 0.7646, 1.509
2025/07/12 21:46:43, 385.04, 85.95, 1.33, 94.95, 0.98, 0.66, 0.48, 0.9658, 1.509
2025/07/12 21:51:43, 383.81, 85.95, 1.72, 94.80, 1.59, 1.14, 0.90, 1.2106, 1.509
2025/07/12 21:56:43, 383.81, 85.95, 2.27, 91.40, 2.45, 1.51, 0.98, 0.9691, 1.509
2025/07/12 22:01:43, 383.81, 85.95, 2.53, 89.47, 2.73, 2.32, 1.54, 0.664, 1.509
2025/07/12 22:06:43, 383.46, 85.98, 2.06, 91.36, 1.46, 1.17, 0.85, 0.7277, 1.509
2025/07/12 22:11:43, 382.32, 85.95, 1.46, 94.90, 1.22, 1.03, 0.79, 0.8149, 1.509
2025/07/12 22:16:43, 368.52, 85.98, 1.64, 95.34, 1.64, 1.43, 1.25, 1.2776, 2.012
2025/07/12 22:21:43, 377.57, 85.98, 1.67, 94.28, 1.43, 1.33, 1.19, 1.405, 2.012
2025/07/12 22:26:43, 380.38, 85.98, 1.75, 93.71, 1.35, 1.19, 1.00, 1.0362, 2.012
2025/07/12 22:31:43, 380.38, 85.98, 1.90, 94.18, 1.67, 1.43, 1.14, 0.7176, 1.006
2025/07/12 22:36:43, 380.38, 85.98, 1.70, 94.14, 1.19, 1.00, 0.85, 0.1677, 1.006
2025/07/12 22:41:43, 368.78, 85.98, 1.64, 95.19, 1.75, 1.67, 1.59, 0.0, 0.0
2025/07/12 22:46:43, 368.52, 86.01, 1.95, 93.75, 2.30, 2.08, 1.77, 0.0, 0.0
2025/07/12 22:51:43, 368.52, 86.01, 2.16, 92.26, 2.30, 2.14, 1.93, 0.0, 0.0
2025/07/12 22:56:43, 368.52, 86.01, 2.22, 91.76, 2.08, 1.93, 1.46, 0.0, 0.0
2025/07/12 23:01:43, 403.95, 86.01, 2.16, 92.11, 2.11, 1.90, 1.49, 0.0, 0.0
2025/07/12 23:06:43, 403.95, 86.01, 2.00, 92.66, 1.72, 1.43, 1.08, 0.0, 0.0
2025/07/12 23:11:43, 403.95, 86.01, 2.03, 93.11, 1.77, 1.25, 0.95, 0.0, 0.0
2025/07/12 23:16:43, 410.63, 86.01, 1.64, 95.01, 1.54, 1.30, 1.11, 0.0, 0.0
2025/07/12 23:21:43, 418.19, 86.01, 1.62, 95.51, 1.51, 1.41, 1.27, 0.4996, 1.509
2025/07/12 23:26:43, 356.30, 86.01, 1.75, 95.87, 1.75, 1.67, 1.54, 1.0597, 1.509
2025/07/12 23:31:43, 378.27, 86.01, 1.83, 96.29, 2.27, 2.16, 1.88, 1.5895, 2.515
2025/07/12 23:36:43, 404.47, 86.01, 2.06, 94.25, 1.90, 1.64, 1.38, 1.5794, 2.012
2025/07/12 23:41:43, 415.29, 86.01, 2.00, 94.20, 1.80, 1.64, 1.43, 1.7136, 2.012
2025/07/12 23:46:43, 416.87, 86.04, 2.14, 94.26, 2.14, 1.95, 1.72, 1.4855, 2.012
2025/07/12 23:51:43, 402.89, 86.04, 1.90, 95.02, 1.77, 1.67, 1.54, 1.1535, 1.509
2025/07/12 23:56:43, 397.44, 86.01, 1.57, 96.82, 1.54, 1.41, 1.25, 1.7538, 2.515
2025/07/13 0:01:43, 389.62, 86.04, 1.38, 98.10, 1.38, 1.19, 1.14, 1.623, 2.012
2025/07/13 0:06:43, 384.87, 86.04, 1.35, 99.08, 1.57, 1.33, 1.22, 1.6767, 2.515
2025/07/13 0:11:43, 417.75, 86.01, 1.38, 99.23, 1.43, 1.25, 1.17, 1.7035, 3.018
2025/07/13 0:16:43, 426.89, 86.04, 1.19, 100.00, 1.35, 1.19, 1.08, 1.566, 2.515
2025/07/13 0:21:43, 376.69, 86.07, 1.57, 100.00, 1.95, 1.72, 1.51, 1.5124, 2.012
2025/07/13 0:26:43, 384.96, 86.04, 1.49, 99.51, 1.54, 1.41, 1.22, 1.5459, 2.012
2025/07/13 0:31:43, 392.69, 86.07, 1.08, 100.00, 1.17, 1.06, 0.90, 1.5627, 2.012
2025/07/13 0:36:43, 371.59, 86.04, 1.08, 100.00, 1.19, 1.08, 0.93, 1.6029, 2.012
2025/07/13 0:41:43, 356.56, 86.04, 1.33, 100.00, 1.64, 1.43, 1.17, 1.9013, 2.515
2025/07/13 0:46:43, 365.97, 86.04, 1.59, 100.00, 2.00, 1.83, 1.51, 1.8544, 2.515
2025/07/13 0:51:43, 414.76, 86.07, 1.43, 99.42, 1.30, 1.17, 0.98, 1.4118, 2.012
2025/07/13 0:56:43, 395.77, 86.07, 1.46, 100.00, 1.62, 1.43, 1.22, 1.3581, 2.012
2025/07/13 1:01:43, 368.87, 86.07, 1.88, 98.67, 2.22, 2.08, 1.85, 1.6565, 2.515
2025/07/13 1:06:43, 358.32, 86.07, 2.19, 97.09, 2.53, 2.32, 2.11, 2.1361, 3.521
2025/07/13 1:11:43, 372.65, 86.07, 2.61, 94.87, 2.89, 2.68, 2.40, 2.3976, 3.018
2025/07/13 1:16:43, 368.96, 86.07, 2.45, 94.14, 2.37, 2.22, 2.06, 1.9248, 3.018
2025/07/13 1:21:43, 368.08, 86.10, 2.35, 94.45, 2.19, 2.03, 1.83, 1.5995, 2.515
2025/07/13 1:26:43, 415.29, 86.10, 2.27, 96.52, 2.78, 2.68, 2.53, 1.9047, 3.521
2025/07/13 1:31:43, 410.01, 86.10, 2.56, 94.16, 2.68, 2.58, 2.37, 1.4889, 3.018
2025/07/13 1:36:43, 401.40, 86.07, 2.48, 94.66, 2.50, 2.27, 1.95, 1.5258, 2.515
2025/07/13 1:41:43, 408.08, 86.07, 2.37, 94.82, 2.43, 2.11, 1.75, 1.4017, 2.012
2025/07/13 1:46:43, 400.60, 86.10, 2.37, 94.93, 2.43, 2.22, 1.88, 1.2206, 2.012
2025/07/13 1:51:43, 418.63, 86.10, 2.40, 95.12, 2.58, 2.40, 2.00, 0.5935, 1.006
2025/07/13 1:56:43, 418.63, 86.10, 2.14, 95.51, 2.06, 1.93, 1.75, 0.0704, 1.006
2025/07/13 2:01:43, 412.21, 86.10, 2.06, 96.77, 2.16, 1.77, 1.27, 0.7612, 1.509
2025/07/13 2:06:43, 412.12, 86.10, 2.14, 96.53, 2.27, 2.08, 1.49, 0.5231, 1.006
2025/07/13 2:11:43, 425.84, 86.10, 1.95, 96.71, 1.98, 1.77, 1.41, 0.5969, 2.012
2025/07/13 2:16:43, 422.32, 86.10, 2.06, 96.73, 2.06, 1.62, 1.03, 0.5298, 1.509
2025/07/13 2:21:43, 420.56, 86.13, 2.37, 96.54, 2.86, 2.50, 1.35, 0.8685, 1.509
2025/07/13 2:26:43, 409.92, 86.10, 2.40, 95.19, 2.06, 1.51, 1.03, 1.1267, 2.012
2025/07/13 2:31:43, 421.26, 86.13, 1.49, 96.99, 1.06, 0.85, 0.64, 1.4185, 2.012
2025/07/13 2:36:43, 410.10, 86.10, 1.75, 98.13, 1.95, 1.70, 1.19, 0.9825, 1.509
2025/07/13 2:41:43, 385.31, 86.13, 1.90, 97.14, 1.90, 1.67, 1.43, 1.0697, 1.509
2025/07/13 2:46:43, 397.53, 86.10, 2.37, 95.41, 2.35, 2.06, 1.67, 1.1435, 2.012
2025/07/13 2:51:43, 375.73, 86.10, 2.53, 95.51, 2.43, 1.67, 0.93, 1.3145, 2.012
2025/07/13 2:56:43, 390.76, 86.10, 2.35, 93.72, 2.06, 1.70, 1.14, 1.4352, 2.012
2025/07/13 3:01:43, 388.47, 86.10, 1.98, 95.07, 1.90, 1.67, 1.27, 1.281, 2.515
2025/07/13 3:06:43, 387.07, 86.10, 1.85, 96.88, 1.80, 1.30, 0.79, 1.6197, 2.515
2025/07/13 3:11:43, 394.98, 86.10, 1.75, 94.37, 1.38, 1.19, 0.82, 1.3447, 2.515
2025/07/13 3:16:43, 377.92, 86.10, 1.70, 96.99, 1.70, 1.35, 0.95, 1.8376, 2.515
2025/07/13 3:21:43, 377.66, 86.10, 1.75, 95.72, 1.38, 1.08, 0.79, 1.9047, 2.515
2025/07/13 3:26:43, 367.64, 86.13, 1.83, 96.84, 1.98, 1.67, 1.33, 2.1025, 3.018
2025/07/13 3:31:43, 368.43, 86.10, 2.27, 93.85, 2.14, 1.90, 1.64, 2.4882, 3.018
2025/07/13 3:36:43, 366.23, 86.10, 2.11, 94.18, 2.14, 1.85, 1.51, 2.4345, 3.521
2025/07/13 3:41:43, 374.67, 86.13, 1.98, 94.49, 1.88, 1.64, 1.33, 2.1092, 2.515
2025/07/13 3:46:43, 371.15, 86.13, 1.85, 94.79, 1.67, 1.30, 0.93, 2.1864, 2.515
2025/07/13 3:51:43, 386.71, 86.13, 2.50, 92.54, 2.53, 2.27, 1.95, 2.0724, 2.515
2025/07/13 3:56:43, 368.52, 86.13, 2.16, 93.97, 2.14, 1.95, 1.75, 2.2769, 3.521
2025/07/13 4:01:43, 367.55, 86.13, 2.32, 93.31, 2.16, 1.98, 1.83, 2.7665, 3.521
2025/07/13 4:06:43, 364.47, 86.13, 2.37, 93.72, 2.43, 2.27, 2.06, 2.6223, 4.024
2025/07/13 4:11:43, 359.73, 86.13, 2.53, 92.58, 2.24, 2.08, 1.90, 2.9073, 4.024
2025/07/13 4:16:43, 357.26, 86.13, 2.45, 94.69, 2.76, 2.58, 2.35, 2.6659, 4.024
2025/07/13 4:21:43, 371.24, 86.13, 2.56, 92.99, 2.48, 2.27, 2.11, 2.5955, 3.521
2025/07/13 4:26:43, 362.98, 86.13, 2.78, 92.56, 2.84, 2.63, 2.40, 2.3037, 3.521
2025/07/13 4:31:43, 371.59, 86.13, 2.89, 90.93, 2.86, 2.66, 2.40, 2.4748, 3.018
2025/07/13 4:36:43, 371.95, 86.13, 2.58, 90.83, 2.08, 1.95, 1.77, 2.1294, 3.018
2025/07/13 4:41:43, 385.48, 86.13, 2.43, 92.38, 2.40, 2.24, 1.98, 1.7639, 2.515
2025/07/13 4:46:43, 373.97, 86.16, 2.84, 90.92, 2.78, 2.61, 2.40, 1.613, 2.515
2025/07/13 4:51:43, 360.96, 86.13, 2.89, 90.34, 2.94, 2.73, 2.50, 1.784, 2.515
2025/07/13 4:56:43, 351.46, 86.13, 2.68, 90.74, 2.50, 2.37, 2.27, 1.3447, 2.012
2025/07/13 5:01:43, 383.99, 86.13, 2.66, 90.89, 2.40, 2.22, 2.08, 1.908, 2.515
2025/07/13 5:06:43, 363.77, 86.16, 2.53, 91.23, 2.14, 2.06, 1.98, 1.5392, 2.012
2025/07/13 5:11:43, 363.68, 86.13, 2.63, 90.92, 2.35, 2.22, 2.03, 1.7471, 2.012
2025/07/13 5:16:43, 371.95, 86.13, 2.94, 90.06, 2.68, 2.43, 2.22, 2.1696, 3.018
2025/07/13 5:21:43, 370.71, 86.13, 3.43, 87.62, 2.99, 2.81, 2.58, 1.955, 2.515
2025/07/13 5:26:43, 409.92, 86.16, 3.78, 86.77, 3.65, 3.35, 3.04, 2.344, 3.018
2025/07/13 5:31:43, 403.24, 86.16, 4.23, 83.98, 3.85, 3.53, 3.19, 2.7229, 3.521
2025/07/13 5:36:43, 390.58, 86.16, 4.31, 83.00, 3.60, 3.30, 3.09, 2.4245, 3.521
2025/07/13 5:41:43, 362.36, 86.16, 3.80, 85.05, 3.30, 3.09, 2.94, 2.0992, 3.018
2025/07/13 5:46:43, 350.41, 86.20, 3.83, 84.28, 2.99, 2.84, 2.73, 2.0824, 3.018
2025/07/13 5:51:43, 379.07, 86.16, 4.13, 82.75, 3.55, 3.37, 3.22, 2.5754, 3.521
2025/07/13 5:56:43, 374.85, 86.16, 3.80, 84.05, 3.14, 2.94, 2.81, 2.5184, 3.521
2025/07/13 6:01:43, 366.58, 86.16, 3.73, 84.56, 3.12, 2.89, 2.68, 2.4815, 3.521
2025/07/13 6:06:43, 362.36, 86.20, 3.65, 85.90, 3.25, 3.04, 2.84, 3.122, 5.03
2025/07/13 6:11:43, 370.80, 86.20, 3.75, 84.23, 3.09, 2.89, 2.73, 2.7263, 3.521
2025/07/13 6:16:43, 399.29, 86.16, 3.60, 85.45, 3.40, 3.09, 2.89, 2.1562, 3.018
2025/07/13 6:21:43, 399.81, 86.20, 4.10, 83.48, 3.90, 3.60, 3.40, 2.7162, 3.521
2025/07/13 6:26:43, 401.92, 86.16, 4.54, 81.61, 4.18, 3.85, 3.63, 2.8973, 3.521
2025/07/13 6:31:43, 404.21, 86.20, 4.71, 80.17, 4.16, 3.83, 3.63, 2.6525, 3.018
2025/07/13 6:36:43, 401.13, 86.16, 4.83, 79.78, 4.49, 4.13, 3.88, 2.676, 3.521
2025/07/13 6:41:43, 409.66, 86.20, 5.41, 77.56, 5.08, 4.69, 4.41, 3.0515, 4.024
2025/07/13 6:46:43, 403.07, 86.20, 5.94, 74.99, 5.43, 4.86, 4.51, 3.0012, 4.024
2025/07/13 6:51:43, 400.60, 86.23, 5.41, 76.09, 4.41, 3.93, 3.73, 2.4278, 3.018
2025/07/13 6:56:43, 391.99, 86.23, 4.76, 78.56, 4.00, 3.58, 3.35, 2.4412, 3.018
2025/07/13 7:01:43, 399.64, 86.23, 4.66, 78.76, 4.10, 3.70, 3.48, 2.8403, 3.521
2025/07/13 7:06:43, 399.99, 86.23, 5.03, 77.57, 4.59, 4.13, 3.90, 3.1052, 4.024
2025/07/13 7:11:43, 397.62, 86.23, 5.26, 75.00, 4.21, 3.80, 3.63, 3.0113, 4.024
2025/07/13 7:16:43, 388.03, 86.26, 6.87, 69.19, 6.04, 5.46, 5.31, 3.1723, 4.527
2025/07/13 7:21:43, 359.99, 86.26, 6.01, 70.76, 3.98, 3.75, 3.90, 2.069, 3.018
2025/07/13 7:26:43, 382.23, 86.32, 6.65, 68.64, 5.33, 4.98, 4.88, 1.4587, 2.012
2025/07/13 7:31:43, 385.92, 86.32, 6.94, 66.87, 5.99, 5.53, 5.43, 2.5787, 3.521
2025/07/13 7:36:43, 383.81, 86.32, 7.09, 66.01, 6.09, 5.68, 5.60, 2.9878, 4.024
2025/07/13 7:41:43, 356.65, 86.29, 6.77, 66.55, 4.46, 4.21, 4.28, 3.0012, 4.527
2025/07/13 7:46:43, 338.63, 86.29, 6.39, 69.31, 4.54, 4.33, 4.41, 2.961, 4.024
2025/07/13 7:51:43, 343.02, 86.29, 6.82, 67.45, 4.91, 4.64, 4.71, 3.3164, 4.527
2025/07/13 7:56:43, 340.30, 86.26, 6.77, 69.21, 5.33, 5.03, 5.00, 4.0039, 5.03
2025/07/13 8:01:43, 359.02, 86.23, 7.04, 68.22, 5.23, 5.00, 5.03, 4.309, 5.533
2025/07/13 8:06:43, 367.46, 86.26, 7.28, 67.47, 5.73, 5.51, 5.51, 4.2755, 5.533
2025/07/13 8:11:43, 360.52, 86.26, 7.18, 67.09, 5.38, 5.16, 5.21, 4.081, 6.036
2025/07/13 8:16:43, 361.04, 86.26, 7.11, 68.08, 5.53, 5.28, 5.31, 4.2084, 5.03
2025/07/13 8:21:43, 345.31, 86.01, 7.74, 64.76, 5.85, 5.53, 5.51, 3.9536, 5.533
2025/07/13 8:26:43, 368.69, 85.63, 7.67, 65.20, 5.99, 5.70, 5.73, 4.0139, 5.03
2025/07/13 8:31:43, 375.46, 86.48, 7.76, 63.99, 6.01, 5.70, 5.60, 4.1347, 5.533
2025/07/13 8:36:43, 375.64, 87.35, 8.19, 63.05, 6.82, 6.51, 6.48, 3.8597, 5.533
2025/07/13 8:41:43, 353.84, 86.29, 6.94, 66.39, 4.88, 4.66, 4.61, 3.7457, 5.03
2025/07/13 8:46:43, 357.53, 86.10, 6.48, 69.61, 5.00, 4.73, 4.71, 4.0206, 5.03
2025/07/13 8:51:43, 357.53, 85.98, 6.34, 71.07, 5.08, 4.83, 4.76, 4.252, 6.036
2025/07/13 8:56:43, 360.87, 86.13, 6.29, 71.65, 5.05, 4.81, 4.73, 4.1816, 5.533
2025/07/13 9:01:43, 364.65, 86.35, 5.87, 73.65, 4.76, 4.59, 4.49, 4.1313, 5.533
2025/07/13 9:06:43, 356.82, 86.38, 5.60, 74.90, 4.76, 4.51, 4.39, 4.4868, 6.036
2025/07/13 9:11:43, 345.40, 86.32, 5.63, 75.09, 4.76, 4.51, 4.46, 4.242, 5.533
2025/07/13 9:16:43, 377.04, 86.66, 7.67, 66.49, 6.82, 6.29, 6.24, 3.5512, 5.03
2025/07/13 9:21:43, 351.20, 85.51, 9.57, 59.03, 7.45, 6.96, 6.99, 2.9073, 4.024
2025/07/13 9:26:43, 363.51, 84.23, 10.08, 56.46, 7.52, 7.09, 7.28, 2.7531, 3.521
2025/07/13 9:31:43, 357.09, 84.48, 10.00, 56.07, 7.57, 7.21, 7.23, 2.7263, 4.024
2025/07/13 9:36:43, 363.68, 85.38, 10.10, 55.94, 7.26, 6.96, 7.06, 2.8805, 4.024
2025/07/13 9:41:43, 363.59, 86.32, 11.91, 50.22, 9.40, 8.97, 9.02, 2.5217, 3.521
2025/07/13 9:46:43, 362.36, 86.32, 10.17, 53.60, 6.70, 6.44, 6.39, 2.2903, 3.521
2025/07/13 9:51:43, 347.42, 86.26, 10.12, 56.91, 7.76, 7.45, 7.48, 3.0582, 4.527
2025/07/13 9:56:43, 357.62, 85.98, 8.41, 60.52, 5.80, 5.60, 5.63, 2.9073, 4.024
2025/07/13 10:01:43, 362.27, 86.10, 7.50, 64.55, 5.38, 5.10, 5.10, 3.7256, 5.03
2025/07/13 10:06:43, 357.44, 86.26, 8.12, 63.30, 5.94, 5.73, 5.75, 3.8697, 4.527
2025/07/13 10:11:43, 363.86, 86.79, 8.64, 62.22, 6.87, 6.61, 6.53, 4.2956, 5.533
2025/07/13 10:16:43, 374.76, 87.23, 9.40, 59.83, 7.76, 7.52, 7.35, 4.2051, 6.036
2025/07/13 10:21:43, 353.04, 87.44, 8.60, 62.55, 6.26, 6.04, 6.06, 4.3593, 6.036
2025/07/13 10:26:43, 354.63, 87.19, 7.31, 67.37, 5.75, 5.53, 5.46, 3.9771, 5.03
2025/07/13 10:31:43, 354.36, 93.47, 8.55, 63.24, 6.58, 6.34, 6.41, 4.2956, 5.533
2025/07/13 10:36:43, 361.92, 94.12, 9.06, 60.42, 6.39, 6.16, 6.26, 4.1212, 5.03
2025/07/13 10:41:43, 371.33, 91.72, 9.80, 58.54, 7.76, 7.50, 7.57, 3.8899, 5.03
2025/07/13 10:46:43, 368.96, 85.82, 9.73, 57.83, 7.14, 6.87, 6.96, 3.6484, 5.03
2025/07/13 10:51:43, 353.84, 85.13, 8.50, 61.38, 5.85, 5.63, 5.68, 3.6652, 5.03
2025/07/13 10:56:43, 364.38, 83.42, 9.19, 59.76, 6.92, 6.65, 6.80, 3.2058, 4.527
2025/07/13 11:01:43, 367.46, 87.01, 9.35, 59.41, 7.21, 6.99, 7.09, 3.2293, 4.527
2025/07/13 11:06:43, 372.65, 88.29, 9.19, 58.99, 6.85, 6.61, 6.73, 2.7933, 3.521
2025/07/13 11:11:43, 353.75, 90.35, 8.92, 61.14, 6.82, 6.61, 6.77, 3.0214, 4.024
2025/07/13 11:16:43, 352.52, 80.48, 9.02, 60.86, 7.26, 7.01, 7.14, 3.5009, 4.527
2025/07/13 11:21:43, 353.66, 82.17, 8.26, 62.87, 6.14, 5.94, 6.04, 3.3634, 4.527
2025/07/13 11:26:43, 355.86, 83.29, 7.83, 64.30, 5.87, 5.65, 5.65, 3.521, 4.527
2025/07/13 11:31:43, 349.09, 81.58, 8.43, 62.86, 6.51, 6.29, 6.31, 3.2963, 4.527
2025/07/13 11:36:43, 358.05, 83.26, 8.92, 60.66, 6.48, 6.29, 6.39, 3.4908, 4.527
2025/07/13 11:41:43, 351.81, 82.08, 8.69, 62.37, 6.53, 6.31, 6.39, 4.2721, 5.533
2025/07/13 11:46:43, 357.62, 80.92, 8.09, 64.59, 6.61, 6.39, 6.39, 4.413, 6.036
2025/07/13 11:51:43, 357.79, 78.77, 8.57, 62.65, 6.48, 6.29, 6.34, 4.5874, 6.036
2025/07/13 11:56:43, 355.24, 76.49, 9.26, 60.29, 6.92, 6.68, 6.77, 4.6075, 6.036
2025/07/13 12:01:43, 359.11, 76.24, 9.14, 60.17, 6.77, 6.61, 6.68, 4.2353, 5.533
2025/07/13 12:06:43, 350.85, 75.58, 8.76, 60.82, 6.14, 5.94, 6.06, 4.5169, 6.036
2025/07/13 12:11:43, 356.82, 75.02, 8.74, 61.64, 6.70, 6.48, 6.53, 4.6075, 5.533
2025/07/13 12:16:43, 354.80, 75.18, 8.60, 63.36, 7.11, 6.87, 6.80, 5.0501, 6.539
2025/07/13 12:21:43, 351.81, 76.43, 8.60, 61.84, 6.48, 6.29, 6.36, 4.4432, 6.036
2025/07/13 12:26:43, 353.40, 77.14, 8.78, 62.38, 6.89, 6.70, 6.70, 4.8556, 6.539
2025/07/13 12:31:43, 362.01, 78.92, 8.88, 61.58, 6.70, 6.48, 6.58, 4.2487, 5.03
2025/07/13 12:36:43, 349.53, 78.14, 8.78, 62.46, 6.73, 6.51, 6.53, 4.7416, 6.036
2025/07/13 12:41:43, 350.85, 77.27, 8.81, 61.79, 6.58, 6.39, 6.44, 4.5605, 6.036
2025/07/13 12:46:43, 358.67, 75.87, 8.53, 62.24, 6.24, 6.09, 6.19, 4.5941, 5.533
2025/07/13 12:51:43, 352.25, 75.02, 9.23, 59.99, 6.73, 6.58, 6.75, 3.7691, 5.03
2025/07/13 12:56:43, 368.16, 77.96, 9.11, 60.61, 7.14, 6.92, 6.92, 4.366, 5.533
2025/07/13 13:01:43, 360.16, 82.89, 9.45, 59.13, 7.16, 6.96, 6.96, 3.9402, 5.03
2025/07/13 13:06:43, 357.44, 82.26, 9.52, 59.10, 7.26, 7.06, 7.09, 4.0341, 5.533
2025/07/13 13:11:43, 359.37, 90.38, 9.40, 59.64, 7.31, 7.06, 7.06, 4.0441, 5.03
2025/07/13 13:16:43, 371.68, 78.49, 10.19, 56.88, 8.07, 7.90, 7.86, 3.91, 5.533
2025/07/13 13:21:43, 380.12, 72.46, 11.54, 52.86, 9.40, 9.04, 8.88, 2.7363, 4.024
2025/07/13 13:26:43, 353.75, 71.59, 12.46, 49.60, 9.77, 9.54, 9.57, 2.2937, 3.018
2025/07/13 13:31:43, 409.48, 78.92, 12.14, 49.72, 9.96, 9.47, 9.45, 2.5418, 3.521
2025/07/13 13:36:43, 376.96, 90.78, 13.19, 45.93, 9.47, 8.90, 9.21, 1.9349, 3.018
2025/07/13 13:41:43, 372.03, 86.60, 11.59, 50.70, 8.45, 8.14, 8.12, 2.7196, 3.521
2025/07/13 13:46:43, 368.16, 87.13, 11.91, 49.92, 8.76, 8.45, 8.41, 2.4479, 3.018
2025/07/13 13:51:43, 365.35, 86.51, 11.57, 50.52, 8.21, 7.97, 8.07, 2.4245, 3.018
2025/07/13 13:56:43, 368.52, 86.51, 12.53, 49.38, 10.24, 9.87, 9.61, 2.401, 3.521
2025/07/13 14:01:43, 425.92, 86.48, 13.58, 44.66, 10.03, 10.12, 10.19, 1.9148, 3.018
2025/07/13 14:06:43, 450.98, 86.48, 14.12, 43.33, 10.17, 10.24, 10.24, 1.9148, 3.018
2025/07/13 14:11:43, 435.07, 86.48, 13.19, 45.90, 10.10, 10.15, 10.00, 2.1327, 3.018
2025/07/13 14:16:43, 430.05, 86.48, 12.65, 47.64, 9.80, 9.89, 9.66, 2.1428, 3.521
2025/07/13 14:21:43, 436.03, 86.51, 12.83, 46.91, 9.61, 10.00, 10.22, 1.9282, 3.018
2025/07/13 14:26:43, 436.03, 86.48, 12.87, 46.91, 9.23, 9.14, 9.11, 1.6934, 2.515
2025/07/13 14:31:43, 443.15, 86.48, 13.28, 45.57, 9.14, 9.30, 9.75, 1.4587, 2.012
2025/07/13 14:36:43, 651.07, 86.54, 13.14, 46.72, 10.10, 10.05, 10.08, 0.6371, 1.509
2025/07/13 14:41:43, 371.59, 86.51, 17.50, 35.89, 11.95, 11.36, 10.93, 0.0, 0.0
2025/07/13 14:46:43, 417.22, 86.57, 16.40, 37.02, 10.19, 10.03, 9.96, 0.4829, 1.509
2025/07/13 14:51:43, 459.77, 86.63, 14.26, 42.21, 8.90, 8.99, 9.02, 0.8249, 1.509
2025/07/13 14:56:43, 459.77, 86.63, 16.98, 37.02, 12.85, 12.71, 12.96, 0.0503, 1.006
2025/07/13 15:01:43, 401.84, 86.07, 15.14, 40.07, 11.63, 10.73, 10.98, 0.7612, 2.012
2025/07/13 15:06:43, 427.07, 84.85, 14.62, 41.31, 9.94, 10.19, 11.07, 0.9825, 1.509
2025/07/13 15:11:43, 433.57, 86.51, 14.33, 41.99, 9.75, 9.91, 10.19, 1.1871, 1.509
2025/07/13 15:16:43, 446.05, 86.63, 12.78, 46.12, 8.31, 8.41, 8.83, 1.3581, 2.012
2025/07/13 15:21:43, 446.67, 88.72, 12.53, 46.62, 8.97, 9.77, 10.29, 1.2173, 1.509
2025/07/13 15:26:43, 436.74, 87.19, 11.91, 48.46, 8.38, 8.41, 8.48, 1.452, 2.012
2025/07/13 15:31:43, 422.49, 86.94, 11.61, 50.37, 8.97, 9.04, 8.85, 1.9583, 2.515
2025/07/13 15:36:43, 399.46, 86.63, 11.50, 49.54, 8.95, 8.09, 8.19, 2.23, 3.018
2025/07/13 15:41:43, 406.93, 86.54, 12.18, 48.68, 10.50, 9.64, 9.82, 2.1562, 3.018
2025/07/13 15:46:43, 407.02, 87.76, 12.25, 47.79, 9.40, 8.92, 9.38, 1.6767, 2.515
2025/07/13 15:51:43, 375.11, 86.91, 11.43, 49.75, 7.88, 7.69, 8.00, 2.1763, 3.018
2025/07/13 15:56:43, 365.44, 86.73, 10.52, 52.90, 7.16, 6.99, 7.04, 2.1528, 3.018
2025/07/13 16:01:43, 375.64, 86.54, 10.52, 53.75, 7.97, 7.74, 7.79, 2.6391, 3.018
2025/07/13 16:06:43, 395.77, 86.13, 10.64, 53.21, 8.67, 8.14, 8.12, 2.4882, 3.018
2025/07/13 16:11:43, 390.58, 86.63, 10.75, 52.70, 8.55, 8.14, 8.24, 2.2233, 3.521
2025/07/13 16:16:43, 406.67, 86.76, 12.25, 48.91, 10.66, 9.98, 10.10, 1.8879, 3.018
2025/07/13 16:21:43, 395.59, 86.76, 11.70, 48.66, 8.78, 7.97, 8.07, 1.5727, 2.515
2025/07/13 16:26:43, 408.25, 86.73, 10.84, 52.56, 8.76, 8.19, 8.09, 2.1495, 3.018
2025/07/13 16:31:43, 400.34, 86.76, 12.30, 48.46, 10.05, 8.85, 8.78, 1.9349, 2.515
2025/07/13 16:36:43, 414.76, 86.76, 12.42, 48.77, 9.91, 9.38, 8.99, 2.3104, 3.018
2025/07/13 16:41:43, 406.41, 86.73, 12.44, 48.22, 9.87, 9.49, 9.42, 1.9114, 2.515
2025/07/13 16:46:43, 393.22, 86.76, 13.14, 45.86, 10.62, 9.91, 9.77, 1.7169, 3.018
2025/07/13 16:51:43, 384.87, 86.76, 12.18, 47.29, 8.50, 8.21, 8.29, 1.5191, 2.012
2025/07/13 16:56:43, 386.45, 86.73, 10.57, 53.24, 7.81, 7.26, 6.92, 2.126, 3.018
2025/07/13 17:01:43, 390.85, 86.73, 10.05, 54.30, 7.93, 7.40, 6.99, 2.3239, 3.018
2025/07/13 17:06:43, 382.32, 86.73, 8.62, 59.10, 6.06, 5.77, 6.01, 2.4781, 3.018
2025/07/13 17:11:43, 389.18, 86.69, 8.45, 60.01, 6.70, 6.36, 6.48, 2.6491, 3.018
2025/07/13 17:16:43, 382.93, 86.69, 8.50, 60.53, 6.36, 6.01, 6.16, 2.7464, 3.018
2025/07/13 17:21:43, 388.74, 86.73, 8.64, 59.99, 6.61, 6.21, 6.29, 2.5519, 3.018
2025/07/13 17:26:43, 384.52, 86.73, 9.02, 58.74, 6.68, 6.19, 6.34, 2.5519, 3.018
2025/07/13 17:31:43, 388.12, 86.69, 8.67, 59.85, 6.77, 6.39, 6.44, 2.5888, 3.018
2025/07/13 17:36:43, 387.68, 86.69, 8.34, 61.18, 6.46, 5.99, 6.06, 2.733, 3.521
2025/07/13 17:41:43, 380.91, 86.69, 8.24, 61.20, 5.89, 5.55, 5.77, 2.2132, 3.521
2025/07/13 17:46:43, 377.57, 86.69, 8.41, 61.22, 6.04, 5.70, 5.80, 2.4613, 3.521
2025/07/13 17:51:43, 389.18, 86.66, 8.04, 62.51, 6.11, 5.68, 5.75, 3.075, 4.024
2025/07/13 17:56:43, 379.86, 86.66, 8.02, 62.32, 5.94, 5.60, 5.80, 2.5754, 3.018
2025/07/13 18:01:43, 368.34, 86.66, 8.88, 59.87, 6.48, 6.16, 6.24, 2.4245, 3.521
2025/07/13 18:06:43, 385.22, 86.69, 8.74, 59.41, 6.63, 6.19, 6.39, 2.1294, 2.515
2025/07/13 18:11:43, 368.16, 86.66, 9.21, 58.95, 6.68, 6.29, 6.46, 1.8812, 2.515
2025/07/13 18:16:43, 368.87, 86.66, 9.19, 58.13, 6.24, 5.89, 6.09, 1.9952, 2.515
2025/07/13 18:21:43, 355.68, 86.69, 8.50, 60.68, 5.55, 5.21, 5.31, 2.1663, 2.515
2025/07/13 18:26:43, 367.81, 86.69, 8.92, 59.77, 6.61, 6.26, 6.48, 2.3574, 3.521
2025/07/13 18:31:43, 382.41, 86.73, 8.74, 60.23, 6.75, 6.31, 6.68, 1.9751, 3.018
2025/07/13 18:36:43, 417.48, 86.69, 9.02, 60.56, 7.16, 6.96, 7.09, 1.5794, 2.012
2025/07/13 18:41:43, 379.51, 86.66, 8.74, 59.82, 6.01, 5.53, 5.85, 1.8443, 2.515
2025/07/13 18:46:43, 375.46, 86.69, 8.14, 63.78, 5.89, 5.36, 5.60, 2.5083, 3.018
2025/07/13 18:51:43, 391.73, 86.66, 7.90, 63.45, 5.94, 5.31, 5.65, 2.3708, 3.018
2025/07/13 18:56:43, 388.30, 86.66, 7.26, 65.70, 5.41, 4.71, 5.10, 2.7967, 3.521
2025/07/13 19:01:43, 393.22, 86.63, 7.11, 66.75, 5.70, 4.81, 5.26, 2.9744, 3.521
2025/07/13 19:06:43, 386.54, 86.66, 7.62, 65.38, 6.06, 5.28, 5.60, 2.743, 3.521
2025/07/13 19:11:43, 386.10, 86.66, 8.00, 63.76, 6.24, 5.85, 6.01, 2.2534, 3.018
2025/07/13 19:16:43, 389.35, 86.66, 7.28, 66.11, 5.68, 5.31, 5.36, 2.5888, 3.521
2025/07/13 19:21:43, 398.85, 86.66, 8.07, 63.48, 6.73, 6.09, 6.09, 2.23, 3.018
2025/07/13 19:26:43, 381.00, 86.66, 7.93, 66.38, 6.11, 5.70, 5.80, 2.458, 3.018
2025/07/13 19:31:43, 372.65, 86.69, 7.69, 67.46, 5.51, 5.33, 5.63, 1.5157, 2.012
2025/07/13 19:36:43, 385.04, 86.69, 7.69, 67.09, 6.11, 5.65, 5.53, 2.3205, 3.521
2025/07/13 19:41:43, 380.65, 86.69, 7.62, 68.48, 6.39, 5.92, 5.73, 3.0214, 4.024
2025/07/13 19:46:43, 381.18, 86.69, 7.76, 68.28, 6.48, 6.01, 5.87, 2.8134, 3.521
2025/07/13 19:51:43, 384.16, 86.69, 7.64, 64.49, 5.53, 5.10, 5.08, 3.1052, 4.024
2025/07/13 19:56:43, 390.32, 86.73, 7.18, 67.35, 5.51, 4.93, 4.86, 2.7263, 3.018
2025/07/13 20:01:43, 388.91, 86.69, 6.96, 68.13, 5.51, 5.08, 5.00, 2.2836, 3.018
2025/07/13 20:06:43, 375.46, 86.69, 6.51, 69.95, 4.95, 4.64, 4.56, 2.1126, 3.018
2025/07/13 20:11:43, 393.04, 86.69, 6.48, 69.54, 5.16, 4.73, 4.71, 2.069, 2.515
2025/07/13 20:16:43, 359.11, 86.73, 5.99, 72.68, 4.66, 4.41, 4.31, 2.5519, 4.024
2025/07/13 20:21:43, 326.76, 86.73, 5.41, 73.73, 3.60, 3.37, 3.27, 2.2333, 3.018
2025/07/13 20:26:43, 359.73, 86.73, 6.14, 71.59, 4.51, 4.31, 4.31, 2.1696, 3.521
2025/07/13 20:31:43, 393.22, 86.73, 5.70, 72.45, 4.16, 3.83, 3.70, 1.2273, 2.012
2025/07/13 20:36:43, 378.63, 86.76, 4.95, 78.99, 4.76, 4.49, 3.90, 1.0496, 1.509
2025/07/13 20:41:43, 377.31, 86.76, 4.51, 79.80, 3.93, 3.45, 2.91, 1.67, 2.515
2025/07/13 20:46:43, 415.20, 86.76, 4.28, 80.87, 3.80, 3.65, 3.40, 1.9751, 2.515
2025/07/13 20:51:43, 395.59, 86.73, 3.35, 86.43, 3.35, 3.06, 2.71, 2.2031, 3.018
2025/07/13 20:56:43, 383.37, 86.76, 3.60, 88.31, 3.83, 3.37, 2.84, 2.411, 3.521
2025/07/13 21:01:43, 366.05, 86.76, 3.83, 89.93, 3.70, 2.91, 2.30, 2.0958, 3.018
2025/07/13 21:06:43, 343.20, 86.76, 3.75, 90.03, 3.55, 3.25, 2.89, 1.7068, 2.515
2025/07/13 21:11:43, 372.65, 86.79, 4.56, 86.10, 4.41, 3.95, 3.40, 2.3675, 3.521
2025/07/13 21:16:43, 379.51, 86.76, 4.71, 83.26, 4.08, 3.70, 3.22, 1.8812, 3.521
2025/07/13 21:21:43, 404.74, 86.82, 4.23, 82.70, 3.43, 3.09, 2.66, 1.2944, 2.012
2025/07/13 21:26:43, 381.53, 86.79, 3.90, 88.29, 4.23, 3.93, 3.50, 1.0026, 2.012
2025/07/13 21:31:43, 361.75, 86.82, 4.21, 91.84, 5.75, 4.91, 3.78, 1.3615, 2.515
2025/07/13 21:36:43, 375.73, 86.82, 5.75, 83.73, 5.92, 4.41, 2.37, 1.5895, 2.515
2025/07/13 21:41:43, 375.37, 86.85, 5.53, 81.96, 5.77, 4.33, 2.89, 2.0455, 3.018
2025/07/13 21:46:43, 399.64, 86.85, 5.23, 78.71, 4.23, 3.50, 2.58, 1.6867, 2.515
2025/07/13 21:51:43, 403.24, 86.85, 3.75, 86.72, 3.45, 3.04, 2.48, 2.126, 3.018
2025/07/13 21:56:43, 400.43, 86.85, 3.90, 89.91, 4.05, 3.43, 2.63, 2.5049, 3.521
2025/07/13 22:01:43, 402.01, 86.85, 3.95, 88.41, 3.75, 3.27, 2.66, 2.3373, 3.018
2025/07/13 22:06:43, 389.88, 86.88, 3.60, 86.59, 2.99, 2.61, 2.22, 2.2065, 3.018
2025/07/13 22:11:43, 383.11, 86.88, 3.50, 89.87, 2.99, 2.53, 2.00, 2.2736, 2.515
2025/07/13 22:16:43, 383.37, 86.88, 3.40, 91.10, 3.01, 2.43, 1.85, 2.2534, 3.018
2025/07/13 22:21:43, 376.60, 86.88, 3.85, 90.19, 2.96, 1.95, 1.35, 2.1461, 2.515
2025/07/13 22:26:43, 378.45, 86.88, 3.63, 87.03, 2.37, 1.90, 1.51, 2.7095, 3.018
2025/07/13 22:31:43, 386.54, 86.88, 3.04, 90.15, 2.78, 2.48, 2.06, 2.2736, 3.018
2025/07/13 22:36:43, 377.13, 86.91, 3.50, 90.31, 3.55, 3.06, 2.63, 2.5619, 3.018
2025/07/13 22:41:43, 349.62, 86.91, 3.55, 88.08, 3.14, 2.89, 2.45, 2.2836, 3.018
2025/07/13 22:46:43, 370.63, 86.91, 3.32, 89.29, 2.94, 2.53, 2.06, 2.287, 3.018
2025/07/13 22:51:43, 386.10, 86.91, 2.68, 90.67, 2.35, 2.00, 1.57, 1.6331, 2.012
2025/07/13 22:56:43, 388.30, 86.94, 3.30, 90.71, 3.25, 2.84, 2.32, 2.2937, 3.018
2025/07/13 23:01:43, 389.18, 86.94, 2.91, 90.09, 2.56, 2.19, 1.77, 2.6525, 3.521
2025/07/13 23:06:43, 393.84, 86.94, 2.48, 92.17, 2.32, 2.14, 1.83, 2.5385, 3.018
2025/07/13 23:11:43, 389.09, 86.94, 2.40, 94.42, 2.43, 2.06, 1.64, 2.904, 3.521
2025/07/13 23:16:43, 390.58, 86.94, 2.24, 94.14, 2.27, 2.00, 1.70, 2.8705, 3.521
2025/07/13 23:21:43, 389.62, 86.94, 2.81, 92.20, 2.76, 2.48, 2.08, 3.0415, 3.521
2025/07/13 23:26:43, 388.21, 86.98, 2.48, 91.91, 2.16, 1.85, 1.43, 2.4278, 3.018
2025/07/13 23:31:43, 386.10, 86.94, 2.50, 94.15, 2.73, 2.32, 1.80, 2.5116, 3.018
2025/07/13 23:36:43, 385.75, 86.98, 3.22, 89.89, 2.76, 2.40, 2.03, 2.7699, 3.521
2025/07/13 23:41:43, 396.38, 86.98, 2.91, 90.53, 2.61, 2.32, 1.95, 2.5016, 3.521
2025/07/13 23:46:43, 392.69, 86.98, 2.73, 91.60, 2.58, 2.37, 2.06, 2.4043, 3.018
2025/07/13 23:51:43, 383.55, 86.98, 2.58, 91.02, 2.32, 2.06, 1.80, 2.3104, 3.521
2025/07/13 23:56:43, 357.26, 86.98, 2.71, 91.92, 2.71, 2.48, 2.24, 2.7531, 3.521
2025/07/14 0:01:43, 360.69, 86.98, 2.63, 91.17, 2.43, 2.19, 1.90, 2.3876, 3.018
2025/07/14 0:06:43, 399.02, 87.01, 1.75, 94.01, 1.59, 1.30, 0.87, 1.5593, 2.012
2025/07/14 0:11:43, 405.97, 86.98, 1.51, 94.29, 1.54, 1.43, 1.08, 1.5962, 2.012
2025/07/14 0:16:43, 414.14, 87.01, 1.35, 95.13, 1.27, 1.06, 0.77, 1.5761, 2.515
2025/07/14 0:21:43, 398.76, 87.01, 2.63, 94.10, 2.94, 2.58, 2.06, 2.2501, 3.018
2025/07/14 0:26:43, 406.58, 87.01, 2.06, 93.48, 1.98, 1.70, 1.35, 2.6122, 3.521
2025/07/14 0:31:43, 400.43, 87.01, 1.95, 93.46, 1.95, 1.77, 1.49, 3.2963, 4.024
2025/07/14 0:36:43, 392.16, 87.01, 2.08, 92.31, 1.95, 1.75, 1.54, 3.692, 4.527
2025/07/14 0:41:43, 391.37, 87.01, 2.06, 92.57, 1.95, 1.75, 1.49, 3.7524, 4.527
2025/07/14 0:46:43, 397.26, 87.01, 1.59, 93.17, 1.33, 1.11, 0.90, 3.3232, 4.024
2025/07/14 0:51:43, 395.68, 87.01, 1.57, 94.34, 1.62, 1.46, 1.25, 3.4305, 4.527
2025/07/14 0:56:43, 391.11, 86.98, 1.80, 93.91, 1.88, 1.70, 1.41, 3.2896, 4.024
2025/07/14 1:01:43, 393.31, 87.01, 1.88, 94.07, 2.00, 1.77, 1.46, 3.0918, 4.024
2025/07/14 1:06:43, 393.84, 87.01, 2.16, 91.12, 2.06, 1.80, 1.54, 3.7926, 4.527
2025/07/14 1:11:43, 388.12, 87.01, 1.95, 91.92, 1.75, 1.57, 1.35, 3.8295, 4.527
2025/07/14 1:16:43, 364.12, 86.98, 2.78, 92.59, 3.22, 3.01, 2.71, 4.2084, 5.533
2025/07/14 1:21:43, 358.05, 87.01, 3.30, 88.40, 3.45, 3.19, 2.89, 4.1145, 5.03
2025/07/14 1:26:43, 367.73, 87.01, 3.37, 86.36, 3.14, 2.94, 2.68, 4.4398, 5.533
2025/07/14 1:31:43, 367.90, 87.01, 2.61, 89.01, 2.53, 2.35, 2.14, 3.5847, 4.527
2025/07/14 1:36:43, 387.86, 87.01, 2.37, 89.62, 2.16, 2.06, 1.85, 2.5217, 4.024
2025/07/14 1:41:43, 397.35, 87.01, 2.68, 89.61, 2.56, 2.30, 1.98, 2.3239, 3.521
2025/07/14 1:46:43, 388.47, 87.01, 2.27, 90.59, 2.19, 2.03, 1.77, 2.3172, 3.521
2025/07/14 1:51:43, 386.01, 87.04, 2.03, 93.22, 2.06, 1.67, 1.27, 2.3004, 3.018
2025/07/14 1:56:43, 381.26, 87.07, 3.09, 87.01, 2.32, 1.88, 1.46, 1.8544, 3.018
2025/07/14 2:01:43, 387.77, 87.04, 3.83, 96.65, 4.69, 3.65, 1.77, 1.2709, 2.012
2025/07/14 2:06:43, 417.84, 87.01, 2.66, 90.26, 2.16, 1.75, 1.22, 2.1931, 3.521
2025/07/14 2:11:43, 427.95, 87.04, 2.37, 90.94, 1.95, 1.64, 1.35, 2.4949, 3.018
2025/07/14 2:16:43, 403.68, 87.04, 2.16, 92.26, 1.51, 1.11, 0.77, 2.6793, 3.018
2025/07/14 2:21:43, 403.33, 87.04, 1.30, 92.64, 1.00, 0.82, 0.53, 2.6223, 3.018
2025/07/14 2:26:43, 389.18, 87.04, 1.35, 94.04, 1.43, 1.25, 0.95, 3.0448, 3.521
2025/07/14 2:31:43, 385.40, 87.04, 1.75, 92.54, 1.83, 1.64, 1.38, 3.5411, 4.527
2025/07/14 2:36:43, 379.95, 87.04, 2.76, 89.33, 3.14, 2.89, 2.61, 3.9737, 5.03
2025/07/14 2:41:43, 382.85, 87.04, 3.09, 86.64, 3.14, 2.91, 2.58, 3.5612, 5.03
2025/07/14 2:46:43, 380.74, 87.04, 2.78, 86.59, 2.43, 2.27, 2.00, 3.4774, 4.527
2025/07/14 2:51:43, 365.00, 87.04, 2.37, 90.25, 2.63, 2.48, 2.24, 2.5284, 3.521
2025/07/14 2:56:43, 358.32, 87.07, 2.35, 90.28, 2.48, 2.16, 1.80, 2.1998, 3.018
2025/07/14 3:01:43, 357.79, 87.07, 3.95, 85.55, 3.70, 2.91, 2.24, 2.2501, 2.515
2025/07/14 3:06:43, 372.74, 87.07, 3.90, 82.13, 2.89, 2.30, 1.72, 2.0187, 2.515
2025/07/14 3:11:43, 410.71, 87.07, 2.16, 87.28, 1.64, 1.27, 0.87, 2.3306, 3.521
2025/07/14 3:16:43, 405.44, 87.07, 1.62, 89.52, 1.27, 1.11, 0.87, 2.6156, 3.018
2025/07/14 3:21:43, 413.62, 87.07, 1.27, 89.90, 0.79, 0.69, 0.58, 1.9818, 4.527
2025/07/14 3:26:43, 412.65, 87.07, 1.03, 93.03, 0.98, 0.82, 0.58, 3.1555, 4.024
2025/07/14 3:31:43, 395.51, 87.07, 0.90, 94.53, 0.79, 0.61, 0.37, 2.5351, 3.018
2025/07/14 3:36:43, 387.51, 87.07, 0.74, 96.22, 0.69, 0.37, 0.12, 1.9248, 2.515
2025/07/14 3:41:43, 396.65, 87.07, 0.58, 96.33, 0.37, 0.09, -0.15, 2.1461, 3.018
2025/07/14 3:46:43, 385.22, 87.07, 1.43, 96.72, 1.46, 1.00, 0.61, 2.6055, 3.018
2025/07/14 3:51:43, 382.93, 87.07, 1.49, 93.66, 1.43, 1.25, 1.00, 2.6793, 3.018
2025/07/14 3:56:43, 373.18, 87.04, 1.77, 93.17, 1.93, 1.70, 1.43, 3.3097, 4.024
2025/07/14 4:01:43, 375.20, 87.04, 2.48, 90.19, 2.53, 2.27, 1.95, 3.5914, 4.024
2025/07/14 4:06:43, 363.07, 87.04, 3.60, 86.22, 4.08, 3.75, 3.35, 3.6317, 4.527
2025/07/14 4:11:43, 379.59, 87.04, 3.14, 84.93, 2.71, 2.53, 2.32, 3.7893, 5.03
2025/07/14 4:16:43, 373.44, 87.04, 2.78, 87.17, 2.63, 2.40, 2.16, 3.5009, 4.024
2025/07/14 4:21:43, 369.04, 87.07, 2.53, 88.67, 2.56, 2.37, 2.11, 3.2729, 4.024
2025/07/14 4:26:43, 359.20, 87.04, 3.27, 87.70, 3.70, 3.30, 2.73, 2.3239, 3.521
2025/07/14 4:31:43, 372.03, 87.07, 3.25, 85.79, 2.89, 2.50, 2.03, 1.9785, 2.515
2025/07/14 4:36:43, 413.00, 87.07, 2.76, 87.35, 2.63, 2.24, 1.64, 1.7169, 2.515
2025/07/14 4:41:43, 414.05, 87.07, 2.58, 88.38, 2.37, 1.80, 1.17, 1.7806, 2.515
2025/07/14 4:46:43, 389.09, 87.07, 2.06, 90.12, 1.75, 1.38, 0.95, 2.0154, 2.515
2025/07/14 4:51:43, 390.23, 87.07, 2.11, 90.09, 1.80, 1.49, 1.17, 2.3943, 3.521
2025/07/14 4:56:43, 390.58, 87.07, 2.43, 90.11, 1.72, 1.22, 0.87, 2.458, 3.018
2025/07/14 5:01:43, 395.68, 87.07, 1.93, 89.40, 1.43, 1.14, 0.90, 2.5251, 3.018
2025/07/14 5:06:43, 388.12, 87.07, 2.00, 91.28, 1.77, 1.41, 1.11, 2.5016, 3.018
2025/07/14 5:11:43, 382.32, 87.10, 2.81, 87.00, 2.24, 1.90, 1.62, 2.8235, 3.521
2025/07/14 5:16:43, 380.74, 87.10, 2.71, 86.58, 2.11, 1.80, 1.51, 2.6961, 3.018
2025/07/14 5:21:43, 372.30, 87.07, 3.19, 86.26, 2.96, 2.63, 2.30, 2.5318, 3.018
2025/07/14 5:26:43, 376.96, 87.07, 3.60, 84.42, 3.19, 2.89, 2.66, 2.7699, 3.018
2025/07/14 5:31:43, 370.71, 87.07, 3.65, 84.51, 3.30, 3.01, 2.73, 2.9308, 3.521
2025/07/14 5:36:43, 374.58, 87.10, 3.80, 83.76, 3.35, 3.09, 2.89, 3.0381, 3.521
2025/07/14 5:41:43, 373.35, 87.10, 4.36, 81.36, 3.80, 3.48, 3.22, 3.1723, 4.024
2025/07/14 5:46:43, 370.71, 87.10, 4.61, 80.63, 4.21, 3.93, 3.65, 2.9677, 3.521
2025/07/14 5:51:43, 385.75, 87.13, 5.21, 78.56, 5.05, 4.73, 4.41, 3.2729, 4.024
2025/07/14 5:56:43, 361.31, 87.13, 4.91, 78.22, 3.98, 3.65, 3.45, 2.4245, 3.521
2025/07/14 6:01:43, 363.24, 87.13, 4.71, 79.14, 3.95, 3.65, 3.50, 2.7196, 3.521
2025/07/14 6:06:43, 371.68, 87.10, 5.13, 77.88, 4.46, 4.10, 3.78, 2.5418, 3.521
2025/07/14 6:11:43, 380.91, 87.10, 4.83, 78.46, 4.03, 3.60, 3.45, 2.3071, 3.018
2025/07/14 6:16:43, 377.66, 87.10, 4.64, 78.72, 3.50, 3.12, 3.01, 2.3004, 3.018
2025/07/14 6:21:43, 373.79, 87.10, 4.73, 79.22, 3.85, 3.48, 3.30, 2.5251, 3.018
2025/07/14 6:26:43, 373.88, 87.13, 6.11, 73.39, 4.33, 3.95, 3.75, 2.4077, 3.018
2025/07/14 6:31:43, 372.82, 87.13, 5.89, 73.66, 4.03, 3.70, 3.50, 2.2769, 3.018
2025/07/14 6:36:43, 423.02, 87.10, 5.16, 75.27, 3.30, 3.25, 3.17, 2.0824, 2.515
2025/07/14 6:41:43, 414.14, 87.10, 4.86, 77.47, 3.60, 3.50, 3.35, 2.5754, 3.018
2025/07/14 6:46:43, 413.44, 87.13, 5.16, 75.97, 3.78, 3.53, 3.35, 2.3842, 3.018
2025/07/14 6:51:43, 416.96, 87.10, 4.91, 76.96, 3.70, 3.53, 3.37, 2.4748, 3.018
2025/07/14 6:56:43, 410.19, 87.13, 5.00, 76.83, 4.08, 3.70, 3.65, 2.5485, 3.018
2025/07/14 7:01:43, 405.70, 87.13, 5.70, 74.14, 4.83, 4.31, 4.21, 2.9006, 3.521
2025/07/14 7:06:43, 399.64, 87.13, 5.65, 73.58, 4.61, 4.13, 4.00, 3.1085, 3.521
2025/07/14 7:11:43, 399.20, 87.16, 5.43, 74.65, 4.51, 4.05, 3.95, 2.7061, 3.018
2025/07/14 7:16:43, 395.59, 87.16, 5.00, 76.61, 4.21, 3.80, 3.70, 2.9442, 3.521
2025/07/14 7:21:43, 392.87, 87.16, 5.36, 75.64, 4.61, 4.16, 4.05, 2.9342, 3.521
2025/07/14 7:26:43, 394.36, 87.13, 5.51, 74.85, 4.61, 4.13, 3.93, 2.8973, 3.521
2025/07/14 7:31:43, 392.08, 87.13, 5.53, 74.96, 4.71, 4.33, 4.21, 2.8973, 3.521
2025/07/14 7:36:43, 386.63, 87.13, 5.80, 74.38, 5.10, 4.76, 4.69, 2.9744, 3.521
2025/07/14 7:41:43, 409.13, 87.19, 6.29, 71.28, 5.33, 4.83, 4.88, 2.8604, 3.521
2025/07/14 7:46:43, 401.40, 87.23, 6.41, 70.75, 5.51, 4.91, 4.81, 2.5116, 3.018
2025/07/14 7:51:43, 381.70, 87.23, 6.11, 72.03, 4.88, 4.56, 4.51, 2.7564, 3.521
2025/07/14 7:56:43, 376.96, 87.23, 6.34, 71.70, 5.10, 4.73, 4.71, 2.6122, 3.521
2025/07/14 8:01:43, 386.10, 87.26, 6.89, 68.90, 5.70, 5.31, 5.38, 2.4748, 3.018
2025/07/14 8:06:43, 391.99, 87.26, 7.40, 66.86, 6.44, 5.89, 5.89, 2.4412, 3.018
2025/07/14 8:11:43, 338.71, 87.26, 7.55, 65.33, 5.00, 4.86, 4.95, 1.9885, 2.515
2025/07/14 8:16:43, 375.90, 87.07, 8.36, 63.51, 6.68, 6.26, 6.29, 2.1864, 2.515
2025/07/14 8:21:43, 388.30, 86.76, 7.67, 65.42, 6.39, 5.92, 5.99, 2.6424, 3.018
2025/07/14 8:26:43, 406.49, 87.13, 7.26, 65.92, 5.80, 5.23, 5.31, 2.4882, 3.521
2025/07/14 8:31:43, 395.95, 88.13, 7.50, 65.62, 6.65, 6.06, 6.11, 2.7799, 4.024
2025/07/14 8:36:43, 401.04, 88.63, 8.17, 62.75, 7.06, 6.21, 6.41, 2.1495, 2.515
2025/07/14 8:41:43, 376.60, 86.88, 8.02, 63.69, 5.94, 5.63, 5.89, 2.1193, 2.515
2025/07/14 8:46:43, 406.85, 86.13, 8.69, 61.19, 7.16, 6.48, 6.58, 2.0422, 3.018
2025/07/14 8:51:43, 407.55, 86.38, 8.69, 60.70, 7.09, 6.39, 6.48, 2.5988, 3.521
2025/07/14 8:56:43, 404.65, 87.29, 8.04, 62.21, 6.39, 5.73, 5.70, 3.1253, 4.024
2025/07/14 9:01:43, 391.29, 87.79, 7.35, 65.82, 6.31, 5.80, 5.73, 3.6451, 4.527
2025/07/14 9:06:43, 388.82, 88.01, 7.57, 64.45, 6.04, 5.55, 5.53, 3.5411, 4.527
2025/07/14 9:11:43, 391.64, 87.60, 7.93, 64.27, 6.94, 6.09, 6.46, 3.1991, 4.024
2025/07/14 9:16:43, 385.84, 86.45, 8.36, 62.14, 6.77, 6.21, 6.51, 2.7699, 3.018
2025/07/14 9:21:43, 383.20, 85.10, 8.55, 61.80, 6.92, 6.39, 6.58, 2.857, 3.521
2025/07/14 9:26:43, 393.40, 85.45, 8.85, 60.35, 7.60, 6.92, 6.92, 2.9476, 3.521
2025/07/14 9:31:43, 395.59, 86.20, 8.92, 60.18, 7.55, 6.96, 6.96, 2.9342, 3.521
2025/07/14 9:36:43, 396.65, 86.88, 9.11, 58.46, 7.50, 6.73, 6.68, 2.7028, 3.018
2025/07/14 9:41:43, 388.38, 87.63, 8.69, 60.00, 7.01, 6.51, 6.68, 2.5653, 3.018
2025/07/14 9:46:43, 381.35, 87.54, 8.53, 61.16, 6.61, 6.21, 6.36, 2.9375, 3.521
2025/07/14 9:51:43, 385.13, 87.04, 8.57, 61.02, 6.89, 6.44, 6.58, 2.8637, 3.521
2025/07/14 9:56:43, 391.37, 86.91, 8.62, 60.40, 7.01, 6.48, 6.53, 2.7497, 3.018
2025/07/14 10:01:43, 397.00, 87.26, 8.95, 59.66, 7.83, 7.14, 7.09, 2.7363, 3.018
2025/07/14 10:06:43, 372.56, 87.88, 8.78, 59.97, 6.51, 6.29, 6.41, 2.6525, 3.521
2025/07/14 10:11:43, 360.69, 88.41, 9.45, 60.39, 7.86, 7.26, 6.85, 2.8805, 4.024
2025/07/14 10:16:43, 374.76, 89.22, 11.86, 52.64, 9.54, 8.81, 8.55, 2.1931, 3.018
2025/07/14 10:21:43, 395.77, 91.34, 11.93, 49.47, 9.45, 8.69, 8.71, 1.9282, 2.515
2025/07/14 10:26:43, 393.22, 94.22, 10.71, 52.73, 8.62, 7.88, 7.90, 2.4613, 3.018
2025/07/14 10:31:43, 389.00, 96.74, 10.34, 53.66, 8.12, 7.55, 7.67, 2.5754, 3.521
2025/07/14 10:36:43, 383.20, 90.91, 9.64, 55.36, 6.96, 6.53, 6.80, 2.2601, 3.521
2025/07/14 10:41:43, 394.36, 86.91, 9.73, 56.19, 8.38, 7.86, 8.12, 2.3339, 3.018
2025/07/14 10:46:43, 407.46, 80.86, 11.66, 50.26, 8.95, 8.50, 8.24, 1.5492, 2.515
2025/07/14 10:51:43, 399.64, 78.92, 12.04, 48.44, 9.82, 8.67, 8.69, 2.1294, 2.515
2025/07/14 10:56:43, 397.26, 85.32, 11.52, 49.58, 8.78, 7.90, 7.95, 2.2501, 2.515
2025/07/14 11:01:43, 404.03, 95.03, 11.70, 49.48, 10.08, 9.02, 9.26, 2.1931, 2.515
2025/07/14 11:06:43, 401.48, 99.86, 11.88, 48.23, 9.40, 8.41, 8.45, 2.1461, 3.521
2025/07/14 11:11:43, 383.64, 89.63, 11.91, 48.95, 8.92, 8.29, 8.41, 2.5016, 3.018
2025/07/14 11:16:43, 404.03, 78.02, 12.83, 47.25, 10.68, 10.05, 10.10, 2.173, 3.018
2025/07/14 11:21:43, 404.82, 74.06, 12.87, 46.32, 10.57, 9.40, 9.49, 2.2132, 3.018
2025/07/14 11:26:43, 397.09, 78.67, 11.29, 49.74, 8.83, 7.95, 8.02, 2.2769, 3.018
2025/07/14 11:31:43, 392.52, 81.48, 10.38, 52.70, 8.12, 7.40, 7.52, 2.7263, 3.521
2025/07/14 11:36:43, 387.68, 80.98, 9.61, 55.58, 7.45, 7.06, 7.26, 2.8269, 3.521
2025/07/14 11:41:43, 385.48, 80.05, 10.15, 55.46, 8.14, 7.69, 8.02, 2.6793, 3.521
2025/07/14 11:46:43, 386.54, 80.30, 10.03, 55.19, 7.55, 7.16, 7.35, 2.3876, 3.018
2025/07/14 11:51:43, 390.14, 78.21, 10.82, 53.75, 8.48, 7.88, 7.97, 2.6927, 3.018
2025/07/14 11:56:43, 388.82, 77.80, 11.12, 51.44, 8.24, 7.81, 8.19, 2.3138, 3.018
2025/07/14 12:01:43, 391.46, 77.46, 10.96, 51.87, 8.38, 7.93, 8.21, 2.3976, 3.018
2025/07/14 12:06:43, 393.04, 76.77, 11.88, 50.66, 9.38, 8.55, 8.71, 2.2937, 2.515
2025/07/14 12:11:43, 375.11, 77.11, 10.80, 53.34, 7.64, 7.35, 7.52, 2.3574, 3.018
2025/07/14 12:16:43, 376.16, 77.46, 11.05, 52.10, 8.00, 7.71, 8.04, 2.2266, 2.515
2025/07/14 12:21:43, 375.81, 77.80, 10.98, 52.87, 8.21, 7.97, 8.36, 2.3775, 3.018
2025/07/14 12:26:43, 375.55, 80.23, 10.96, 52.31, 7.69, 7.45, 7.74, 2.2501, 3.018
2025/07/14 12:31:43, 382.41, 79.77, 10.66, 53.66, 8.14, 7.86, 8.24, 2.3976, 3.018
2025/07/14 12:36:43, 374.49, 77.33, 10.57, 54.32, 7.86, 7.62, 7.83, 2.7128, 3.018
2025/07/14 12:41:43, 377.04, 77.24, 10.66, 53.84, 7.88, 7.57, 7.76, 2.7531, 3.521
2025/07/14 12:46:43, 381.18, 76.21, 10.71, 53.85, 8.26, 7.95, 8.21, 2.6592, 3.018
2025/07/14 12:51:43, 375.73, 76.40, 10.84, 53.49, 7.95, 7.74, 7.95, 2.6827, 3.018
2025/07/14 12:56:43, 376.69, 81.01, 10.98, 53.28, 8.17, 7.88, 8.07, 2.7363, 3.018
2025/07/14 13:01:43, 379.07, 83.95, 11.26, 51.97, 8.41, 8.12, 8.45, 2.6659, 3.018
2025/07/14 13:06:43, 406.49, 84.07, 11.24, 51.67, 9.49, 8.83, 9.21, 2.3708, 3.018
2025/07/14 13:11:43, 402.10, 84.07, 11.31, 50.79, 9.14, 8.21, 8.45, 2.2836, 3.018
2025/07/14 13:16:43, 405.09, 79.02, 11.63, 50.34, 9.75, 8.78, 9.06, 2.3842, 2.515
2025/07/14 13:21:43, 404.38, 74.15, 12.37, 47.46, 9.89, 8.81, 9.14, 2.3876, 3.018
2025/07/14 13:26:43, 396.74, 75.65, 11.91, 48.83, 9.57, 8.64, 8.69, 2.5485, 3.018
2025/07/14 13:31:43, 402.01, 86.94, 12.04, 48.85, 10.22, 9.23, 9.35, 2.5418, 3.018
2025/07/14 13:36:43, 397.35, 87.32, 11.84, 49.05, 9.45, 8.67, 8.76, 2.5184, 3.018
2025/07/14 13:41:43, 388.38, 93.16, 10.68, 52.58, 8.09, 7.69, 8.00, 2.9945, 3.521
2025/07/14 13:46:43, 377.40, 87.19, 9.68, 56.11, 6.87, 6.65, 6.99, 2.5687, 3.018
2025/07/14 13:51:43, 382.93, 87.19, 10.08, 56.05, 7.60, 7.26, 7.60, 2.6424, 3.018
2025/07/14 13:56:43, 377.13, 87.23, 10.66, 54.36, 7.64, 7.40, 7.69, 2.2568, 2.515
2025/07/14 14:01:43, 390.32, 87.16, 11.40, 52.36, 8.64, 8.24, 8.53, 2.3306, 2.515
2025/07/14 14:06:43, 402.54, 87.10, 11.22, 51.78, 9.40, 8.53, 8.90, 2.1361, 2.515
2025/07/14 14:11:43, 398.23, 87.16, 12.04, 49.89, 9.82, 8.90, 9.02, 1.9684, 2.515
2025/07/14 14:16:43, 381.88, 87.19, 12.16, 47.85, 7.62, 7.33, 7.83, 1.9047, 2.515
2025/07/14 14:21:43, 387.51, 87.19, 12.14, 51.55, 8.99, 8.45, 8.74, 2.0086, 2.515
2025/07/14 14:26:43, 389.09, 87.16, 11.22, 50.89, 8.21, 7.86, 8.24, 2.0958, 2.515
2025/07/14 14:31:43, 392.16, 87.19, 10.80, 53.08, 8.53, 7.95, 8.21, 2.0489, 2.515
2025/07/14 14:36:43, 396.74, 87.23, 11.54, 52.38, 8.92, 8.12, 8.41, 2.1025, 2.515
2025/07/14 14:41:43, 394.54, 87.26, 11.03, 51.54, 8.43, 7.86, 8.14, 2.1629, 2.515
2025/07/14 14:46:43, 394.80, 87.26, 11.50, 50.81, 9.16, 8.50, 8.76, 2.1394, 2.515
2025/07/14 14:51:43, 392.87, 87.29, 12.07, 51.80, 9.73, 9.02, 9.42, 1.737, 2.012
2025/07/14 14:56:43, 400.52, 86.98, 12.60, 47.97, 9.59, 8.71, 9.09, 1.8645, 2.515
2025/07/14 15:01:43, 409.48, 86.20, 14.21, 45.81, 10.43, 8.74, 9.04, 1.7437, 2.515
2025/07/14 15:06:43, 417.66, 86.29, 13.19, 48.14, 9.23, 8.53, 8.97, 2.0355, 2.515
2025/07/14 15:11:43, 416.69, 87.79, 12.96, 48.61, 9.87, 8.71, 8.99, 2.0958, 2.515
2025/07/14 15:16:43, 413.44, 88.47, 14.42, 45.45, 11.14, 10.10, 10.27, 1.7873, 2.515
2025/07/14 15:21:43, 415.20, 88.35, 14.14, 44.15, 10.24, 8.62, 8.90, 1.5392, 2.012
2025/07/14 15:26:43, 429.18, 87.41, 13.83, 46.03, 10.93, 10.34, 9.94, 1.4621, 2.012
2025/07/14 15:31:43, 438.41, 86.94, 13.72, 46.70, 9.77, 10.12, 10.41, 1.3212, 1.509
2025/07/14 15:36:43, 426.98, 87.35, 12.96, 49.02, 10.03, 10.05, 10.10, 1.2709, 1.509
2025/07/14 15:41:43, 400.78, 87.29, 13.10, 47.76, 9.49, 8.57, 8.92, 1.5157, 2.012
2025/07/14 15:46:43, 387.24, 88.07, 12.80, 48.59, 7.57, 7.09, 7.52, 1.5928, 2.012
2025/07/14 15:51:43, 387.07, 87.32, 14.17, 47.87, 9.87, 8.71, 9.06, 1.3279, 2.012
2025/07/14 15:56:43, 382.58, 87.32, 13.74, 45.69, 8.24, 7.97, 8.67, 0.9926, 1.509
2025/07/14 16:01:43, 406.85, 86.91, 13.58, 46.87, 10.29, 8.92, 9.47, 1.2508, 2.012
2025/07/14 16:06:43, 400.08, 87.13, 12.87, 46.58, 9.66, 8.64, 9.09, 1.4989, 2.012
2025/07/14 16:11:43, 415.64, 87.26, 10.87, 51.30, 7.31, 7.11, 7.43, 2.0489, 3.018
2025/07/14 16:16:43, 422.58, 87.26, 9.49, 57.46, 7.38, 6.70, 6.82, 2.9677, 3.521
2025/07/14 16:21:43, 398.23, 87.29, 11.45, 55.13, 9.77, 8.97, 8.78, 2.5821, 4.024
2025/07/14 16:26:43, 409.75, 87.32, 12.28, 52.31, 9.96, 8.92, 8.85, 1.68, 2.515
2025/07/14 16:31:43, 377.92, 87.32, 13.81, 49.48, 11.07, 10.36, 10.22, 1.0194, 2.012
2025/07/14 16:36:43, 377.84, 87.32, 15.09, 45.63, 11.10, 10.12, 9.89, 0.1475, 1.006
2025/07/14 16:41:43, 379.07, 87.32, 14.76, 45.37, 10.17, 9.33, 9.06, 0.4963, 1.006
2025/07/14 16:46:43, 378.98, 87.29, 15.44, 44.57, 10.87, 9.77, 9.77, 0.2414, 1.006
2025/07/14 16:51:43, 407.02, 87.26, 14.01, 46.05, 9.02, 7.38, 7.55, 0.7914, 2.012
2025/07/14 16:56:43, 418.63, 87.23, 12.80, 45.56, 7.14, 6.96, 6.92, 1.5828, 2.012
2025/07/14 17:01:43, 414.23, 87.26, 11.57, 53.20, 8.69, 7.62, 7.40, 2.1461, 2.515
2025/07/14 17:06:43, 414.85, 87.23, 12.44, 53.00, 8.76, 7.90, 7.93, 1.4654, 2.012
2025/07/14 17:11:43, 433.84, 87.23, 12.09, 53.11, 7.95, 7.62, 7.79, 1.0529, 1.509
2025/07/14 17:16:43, 420.38, 87.26, 13.53, 48.59, 10.48, 8.78, 8.45, 0.1408, 1.006
2025/07/14 17:21:43, 339.51, 87.29, 14.78, 43.12, 7.97, 7.69, 7.71, 0.1107, 1.509
2025/07/14 17:26:43, 395.51, 87.26, 12.89, 49.91, 9.52, 8.48, 8.64, 0.3555, 1.509
2025/07/14 17:31:43, 403.86, 87.23, 11.47, 52.89, 8.02, 7.28, 7.38, 1.7169, 2.012
2025/07/14 17:36:43, 408.52, 87.19, 11.10, 57.06, 8.83, 7.93, 7.64, 1.6431, 2.012
2025/07/14 17:41:43, 424.69, 87.23, 11.38, 54.60, 8.97, 8.71, 8.60, 1.2508, 2.012
2025/07/14 17:46:43, 416.34, 87.16, 12.07, 54.34, 8.92, 8.38, 7.97, 1.0194, 1.509
2025/07/14 17:51:43, 426.01, 87.19, 11.61, 54.40, 8.31, 7.95, 8.02, 0.949, 1.509
2025/07/14 17:56:43, 451.51, 87.16, 9.54, 63.60, 6.46, 6.04, 6.06, 1.1234, 1.509
2025/07/14 18:01:43, 418.27, 87.16, 9.80, 61.59, 7.60, 6.92, 6.96, 1.1871, 1.509
2025/07/14 18:06:43, 416.16, 87.16, 9.57, 62.26, 7.04, 6.68, 6.89, 1.5895, 2.012
2025/07/14 18:11:43, 425.31, 87.16, 9.40, 62.58, 6.29, 6.34, 6.68, 1.6465, 2.012
2025/07/14 18:16:43, 450.54, 87.13, 8.74, 65.97, 6.19, 6.04, 6.16, 1.4721, 2.012
2025/07/14 18:21:43, 459.86, 87.16, 10.08, 65.71, 7.83, 7.62, 8.31, 1.0496, 1.509
2025/07/14 18:26:43, 459.77, 87.19, 11.50, 57.59, 8.83, 7.14, 6.99, 0.3085, 1.006
2025/07/14 18:31:43, 390.23, 87.19, 10.82, 57.21, 6.82, 5.60, 5.75, 0.9222, 1.509
2025/07/14 18:36:43, 383.73, 87.16, 9.38, 65.47, 7.06, 5.77, 5.70, 1.4017, 2.012
2025/07/14 18:41:43, 395.07, 87.13, 9.87, 62.08, 7.60, 6.44, 6.51, 1.2307, 2.012
2025/07/14 18:46:43, 405.53, 87.13, 8.55, 62.17, 5.63, 5.00, 5.28, 1.9751, 2.515
2025/07/14 18:51:43, 393.75, 87.16, 7.33, 68.37, 5.31, 4.69, 4.86, 1.9483, 2.515
2025/07/14 18:56:43, 395.24, 87.16, 8.41, 67.63, 6.44, 5.51, 5.60, 1.4621, 2.012
2025/07/14 19:01:43, 387.59, 87.13, 7.81, 64.63, 5.33, 4.69, 5.41, 1.6934, 2.012
2025/07/14 19:06:43, 391.29, 87.13, 6.19, 74.03, 4.49, 3.85, 4.10, 1.5794, 2.012
2025/07/14 19:11:43, 401.92, 87.13, 6.51, 80.28, 5.85, 4.69, 4.03, 1.9986, 2.515
2025/07/14 19:16:43, 393.66, 87.13, 6.77, 71.43, 5.10, 4.61, 4.66, 1.6331, 2.012
2025/07/14 19:21:43, 404.47, 87.13, 7.95, 72.79, 7.06, 5.73, 5.55, 1.7773, 2.012
2025/07/14 19:26:43, 404.30, 87.13, 6.94, 72.27, 4.81, 4.13, 4.18, 1.8175, 2.515
2025/07/14 19:31:43, 402.71, 87.13, 6.85, 70.37, 4.73, 4.05, 4.10, 1.8812, 2.515
2025/07/14 19:36:43, 397.88, 87.13, 5.97, 74.11, 4.56, 3.95, 3.98, 1.5694, 2.012
2025/07/14 19:41:43, 402.71, 87.10, 5.41, 80.69, 3.80, 3.04, 2.86, 1.7706, 2.012
2025/07/14 19:46:43, 409.92, 87.13, 5.03, 85.26, 3.90, 2.96, 2.71, 1.7169, 2.012
2025/07/14 19:51:43, 409.40, 87.13, 4.71, 83.37, 3.70, 2.99, 2.68, 1.7538, 2.012
2025/07/14 19:56:43, 422.67, 87.16, 4.41, 88.57, 3.65, 3.14, 2.89, 1.7471, 2.012
2025/07/14 20:01:43, 428.30, 87.13, 5.85, 85.66, 5.21, 4.56, 4.10, 1.2005, 2.012
2025/07/14 20:06:43, 428.47, 87.10, 7.93, 78.41, 7.09, 6.31, 5.60, 0.845, 1.509
2025/07/14 20:11:43, 392.08, 87.13, 8.07, 73.69, 6.11, 5.31, 4.86, 0.7914, 1.006
2025/07/14 20:16:43, 392.08, 87.13, 7.83, 73.21, 5.92, 4.95, 4.36, 0.8618, 1.509
2025/07/14 20:21:43, 413.88, 87.13, 6.73, 79.91, 5.60, 5.16, 4.61, 0.8551, 1.509
2025/07/14 20:26:43, 396.38, 87.13, 6.24, 84.04, 5.63, 5.00, 3.60, 0.1274, 1.006
2025/07/14 20:31:43, 338.01, 87.13, 6.65, 81.38, 5.65, 5.36, 4.95, 0.0, 0.0
2025/07/14 20:36:43, 437.18, 87.13, 5.60, 85.47, 4.88, 4.46, 3.70, 0.5499, 1.509
2025/07/14 20:41:43, 453.35, 87.13, 5.18, 87.09, 4.64, 4.31, 3.88, 0.6707, 1.509
2025/07/14 20:46:43, 421.70, 87.13, 4.54, 84.29, 3.60, 3.22, 2.99, 1.3011, 2.012
2025/07/14 20:51:43, 398.14, 87.13, 3.19, 89.37, 2.43, 1.95, 1.54, 1.3313, 2.012
2025/07/14 20:56:43, 411.07, 87.13, 3.37, 91.72, 3.22, 2.96, 2.53, 1.0764, 1.509
2025/07/14 21:01:43, 447.46, 87.13, 3.55, 91.86, 3.27, 2.91, 2.48, 0.9054, 1.509
2025/07/14 21:06:43, 469.79, 87.13, 4.28, 93.39, 4.46, 3.78, 2.63, 1.1234, 2.012
2025/07/14 21:11:43, 491.68, 87.13, 4.51, 91.68, 4.16, 3.40, 2.48, 1.4654, 2.012
2025/07/14 21:16:43, 494.05, 87.13, 4.41, 92.54, 4.05, 3.09, 2.24, 1.2106, 1.509
2025/07/14 21:21:43, 416.34, 87.13, 4.00, 90.26, 3.53, 3.32, 2.89, 0.8618, 1.509
2025/07/14 21:26:43, 387.51, 87.13, 3.27, 89.13, 1.83, 1.25, 0.85, 1.1837, 2.012
2025/07/14 21:31:43, 385.75, 87.13, 3.63, 97.34, 3.75, 2.78, 1.22, 1.5727, 2.012
2025/07/14 21:36:43, 399.81, 87.13, 3.93, 95.93, 3.85, 2.81, 1.25, 1.3916, 1.509
2025/07/14 21:41:43, 407.20, 87.13, 3.90, 96.11, 3.75, 2.94, 1.80, 1.2676, 1.509
2025/07/14 21:46:43, 401.92, 87.07, 4.13, 97.74, 4.44, 3.83, 2.56, 0.778, 1.509
2025/07/14 21:51:43, 382.93, 87.07, 2.27, 91.84, 1.00, 0.72, 0.50, 1.4788, 2.012
2025/07/14 21:56:43, 403.42, 87.07, 0.95, 96.59, 0.37, 0.18, -0.02, 1.7672, 2.012
2025/07/14 22:01:43, 416.52, 87.10, 1.88, 100.00, 1.19, 0.09, -0.12, 1.5627, 2.012
2025/07/14 22:06:43, 377.84, 87.07, 0.72, 100.00, 0.48, 0.20, 0.01, 1.8678, 2.515
2025/07/14 22:11:43, 400.52, 87.07, 3.04, 100.00, 3.80, 2.43, 0.72, 1.7706, 2.515
2025/07/14 22:16:43, 426.80, 87.07, 3.60, 100.00, 3.83, 2.37, 1.08, 1.3447, 2.012
2025/07/14 22:21:43, 398.93, 87.07, 2.56, 99.73, 2.06, 1.49, 0.98, 1.8175, 2.515
2025/07/14 22:26:43, 404.91, 87.10, 3.04, 100.00, 3.63, 3.32, 2.27, 1.9885, 2.515
2025/07/14 22:31:43, 438.76, 87.07, 2.68, 100.00, 3.32, 2.99, 2.56, 1.1167, 2.012
2025/07/14 22:36:43, 438.05, 87.10, 3.35, 100.00, 2.94, 2.19, 1.62, 1.4688, 2.012
2025/07/14 22:41:43, 453.70, 87.07, 3.37, 100.00, 2.22, 1.80, 1.49, 1.623, 2.012
2025/07/14 22:46:43, 391.55, 87.07, 3.63, 96.72, 2.24, 1.85, 1.51, 1.8913, 2.515
2025/07/14 22:51:43, 396.30, 87.07, 3.06, 100.00, 2.96, 2.71, 2.32, 1.291, 2.012
2025/07/14 22:56:43, 396.30, 87.07, 2.89, 100.00, 2.89, 2.08, 1.38, 1.1133, 1.509
2025/07/14 23:01:43, 402.27, 87.07, 2.50, 98.80, 1.80, 1.57, 1.30, 1.1234, 2.012
2025/07/14 23:06:43, 397.97, 87.10, 1.90, 100.00, 1.64, 1.43, 1.22, 1.0295, 2.012
2025/07/14 23:11:43, 416.60, 87.07, 2.27, 100.00, 2.00, 1.57, 1.14, 1.3883, 2.012
2025/07/14 23:16:43, 413.88, 87.07, 2.37, 100.00, 2.78, 2.14, 1.35, 1.5727, 2.012
2025/07/14 23:21:43, 393.31, 87.07, 3.06, 100.00, 3.30, 2.71, 1.80, 1.5325, 2.012
2025/07/14 23:26:43, 376.25, 87.10, 3.06, 100.00, 2.66, 2.11, 1.43, 1.4084, 2.012
2025/07/14 23:31:43, 370.10, 87.07, 3.30, 100.00, 3.30, 2.56, 1.67, 1.4688, 2.012
2025/07/14 23:36:43, 450.45, 87.07, 3.12, 100.00, 2.53, 2.08, 1.62, 1.2407, 2.012
2025/07/14 23:41:43, 440.34, 87.07, 4.41, 100.00, 4.56, 3.53, 2.61, 1.5124, 2.012
2025/07/14 23:46:43, 477.35, 87.07, 4.59, 100.00, 4.93, 4.64, 4.16, 1.281, 2.012
2025/07/14 23:51:43, 411.15, 87.07, 3.22, 98.91, 2.40, 1.95, 1.62, 1.0328, 1.509
2025/07/14 23:56:43, 398.85, 87.04, 3.12, 100.00, 3.32, 1.95, 1.08, 1.1636, 2.012
2025/07/15 0:01:43, 391.99, 87.04, 3.45, 100.00, 3.14, 2.27, 1.14, 1.12, 1.509
2025/07/15 0:06:43, 391.90, 87.07, 3.53, 100.00, 2.48, 0.93, 0.31, 1.177, 1.509
2025/07/15 0:11:43, 415.02, 87.04, 2.32, 100.00, 1.00, 0.56, 0.12, 1.4218, 2.012
2025/07/15 0:16:43, 407.37, 87.04, 1.93, 100.00, 1.27, 0.74, 0.37, 2.1931, 2.515
2025/07/15 0:21:43, 388.91, 87.04, 2.35, 100.00, 1.70, 0.95, 0.50, 2.0522, 2.515
2025/07/15 0:26:43, 398.85, 87.07, 3.32, 100.00, 3.17, 1.64, 0.82, 2.0221, 2.515
2025/07/15 0:31:43, 404.38, 87.04, 2.81, 100.00, 1.85, 1.17, 0.66, 2.1663, 2.515
2025/07/15 0:36:43, 411.77, 87.01, 2.53, 100.00, 1.72, 1.11, 0.69, 2.0824, 2.515
2025/07/15 0:41:43, 421.62, 87.01, 1.70, 100.00, 1.08, 0.69, 0.42, 2.0489, 2.515
2025/07/15 0:46:43, 445.35, 87.04, 2.40, 100.00, 2.81, 1.95, 0.95, 1.5258, 2.012
2025/07/15 0:51:43, 453.53, 87.04, 4.00, 100.00, 3.35, 2.11, 1.00, 1.3313, 1.509
2025/07/15 0:56:43, 331.15, 87.01, 3.32, 100.00, 2.24, 1.88, 1.54, 1.3346, 2.515
2025/07/15 1:01:43, 369.48, 87.04, 3.19, 100.00, 2.76, 2.50, 2.14, 1.348, 2.012
2025/07/15 1:06:43, 364.74, 87.01, 3.55, 100.00, 2.89, 2.00, 1.49, 1.7136, 2.012
2025/07/15 1:11:43, 387.42, 87.01, 2.76, 100.00, 1.59, 1.27, 1.03, 1.8477, 2.515
2025/07/15 1:16:43, 391.20, 87.01, 3.48, 100.00, 1.95, 1.38, 1.06, 2.012, 2.515
2025/07/15 1:21:43, 392.34, 87.01, 3.30, 100.00, 2.68, 1.06, 0.69, 1.7672, 2.515
2025/07/15 1:26:43, 419.59, 87.04, 2.76, 100.00, 1.49, 1.08, 0.82, 1.6901, 2.012
2025/07/15 1:31:43, 417.92, 87.01, 3.30, 100.00, 3.19, 1.80, 1.14, 1.6163, 2.012
2025/07/15 1:36:43, 398.93, 87.01, 2.73, 100.00, 2.06, 1.35, 0.90, 1.7437, 2.515
2025/07/15 1:41:43, 402.98, 87.01, 2.53, 100.00, 1.62, 1.06, 0.72, 2.1059, 2.515
2025/07/15 1:46:43, 403.68, 87.01, 2.37, 100.00, 1.62, 1.17, 0.82, 2.0086, 2.515
2025/07/15 1:51:43, 398.32, 87.01, 1.46, 100.00, 0.66, 0.42, 0.20, 1.9483, 2.515
2025/07/15 1:56:43, 394.27, 87.01, 1.17, 100.00, 0.69, 0.37, 0.12, 2.0154, 2.515
2025/07/15 2:01:43, 390.67, 87.01, 1.98, 100.00, 0.85, 0.48, 0.20, 1.8041, 2.515
2025/07/15 2:06:43, 392.69, 87.01, 1.33, 100.00, 0.79, 0.53, 0.34, 1.9785, 2.515
2025/07/15 2:11:43, 397.88, 87.01, 1.38, 100.00, 1.17, 0.90, 0.66, 1.9751, 2.515
2025/07/15 2:16:43, 392.16, 87.01, 1.64, 100.00, 1.25, 1.03, 0.79, 1.9718, 2.515
2025/07/15 2:21:43, 383.64, 87.01, 1.11, 100.00, 0.87, 0.69, 0.50, 1.8745, 2.515
2025/07/15 2:26:43, 383.37, 87.01, 1.64, 100.00, 1.14, 0.90, 0.72, 2.116, 2.515
2025/07/15 2:31:43, 390.93, 86.98, 1.43, 100.00, 1.27, 1.06, 0.90, 2.1797, 2.515
2025/07/15 2:36:43, 389.00, 87.01, 1.35, 100.00, 1.25, 1.11, 0.98, 2.1361, 2.515
2025/07/15 2:41:43, 390.76, 86.98, 1.54, 100.00, 1.49, 1.35, 1.19, 2.1495, 2.515
2025/07/15 2:46:43, 390.85, 87.01, 2.11, 100.00, 1.85, 1.57, 1.35, 2.126, 2.515
2025/07/15 2:51:43, 389.44, 87.01, 1.98, 100.00, 1.67, 1.49, 1.30, 2.0019, 2.515
2025/07/15 2:56:43, 389.26, 86.98, 1.90, 100.00, 1.70, 1.49, 1.27, 1.9315, 2.515
2025/07/15 3:01:43, 382.93, 86.98, 1.85, 100.00, 1.49, 1.33, 1.17, 1.7907, 2.012
2025/07/15 3:06:43, 390.41, 86.98, 1.70, 100.00, 1.54, 1.33, 1.14, 2.1763, 2.515
2025/07/15 3:11:43, 398.85, 86.98, 2.40, 100.00, 2.00, 1.59, 1.30, 1.7538, 2.515
2025/07/15 3:16:43, 396.12, 86.98, 2.30, 100.00, 1.57, 1.27, 1.06, 1.6465, 2.012
2025/07/15 3:21:43, 394.19, 86.98, 2.27, 100.00, 1.54, 1.19, 0.93, 1.5928, 2.012
2025/07/15 3:26:43, 391.55, 86.94, 2.58, 100.00, 1.95, 1.49, 1.14, 1.6431, 2.012
2025/07/15 3:31:43, 373.00, 86.98, 1.62, 100.00, 1.22, 1.06, 0.87, 1.7035, 2.515
2025/07/15 3:36:43, 372.65, 86.98, 1.62, 100.00, 1.41, 1.14, 0.90, 2.1763, 2.515
2025/07/15 3:41:43, 377.57, 86.94, 1.54, 100.00, 1.22, 0.98, 0.77, 2.3607, 2.515
2025/07/15 3:46:43, 383.99, 86.98, 1.27, 100.00, 1.08, 0.77, 0.50, 2.0221, 2.515
2025/07/15 3:51:43, 385.31, 86.98, 1.22, 100.00, 0.87, 0.53, 0.26, 2.0221, 2.515
2025/07/15 3:56:43, 387.68, 86.98, 1.00, 100.00, 0.79, 0.50, 0.26, 2.2903, 2.515
2025/07/15 4:01:43, 394.19, 86.94, 0.66, 100.00, 0.37, 0.15, -0.07, 2.1025, 2.515
2025/07/15 4:06:43, 392.25, 86.94, 0.31, 100.00, 0.20, 0.04, -0.15, 2.2635, 3.018
2025/07/15 4:11:43, 390.76, 86.94, 0.48, 100.00, 0.56, 0.34, 0.09, 2.4479, 3.018
2025/07/15 4:16:43, 387.33, 86.91, 0.72, 100.00, 0.69, 0.48, 0.26, 2.5251, 3.018
2025/07/15 4:21:43, 389.70, 86.94, 0.61, 100.00, 0.48, 0.26, 0.07, 2.2736, 2.515
2025/07/15 4:26:43, 394.54, 86.91, 0.53, 100.00, 0.50, 0.29, 0.04, 2.1864, 2.515
2025/07/15 4:31:43, 388.65, 86.91, 0.74, 100.00, 0.53, 0.37, 0.15, 2.1663, 2.515
2025/07/15 4:36:43, 381.88, 86.91, 1.03, 100.00, 0.98, 0.79, 0.61, 2.1428, 2.515
2025/07/15 4:41:43, 382.49, 86.91, 1.67, 100.00, 1.77, 1.59, 1.35, 2.0724, 3.018
2025/07/15 4:46:43, 379.51, 86.91, 1.64, 100.00, 1.64, 1.49, 1.35, 2.0489, 3.018
2025/07/15 4:51:43, 371.68, 86.91, 2.37, 100.00, 2.53, 2.27, 2.03, 2.2031, 3.018
2025/07/15 4:56:43, 378.10, 86.91, 2.66, 100.00, 2.40, 2.16, 1.98, 2.0657, 2.515
2025/07/15 5:01:43, 373.18, 86.91, 2.91, 100.00, 2.71, 2.40, 2.11, 2.0992, 2.515
2025/07/15 5:06:43, 386.10, 86.91, 2.50, 100.00, 2.06, 1.90, 1.80, 1.9181, 2.515
2025/07/15 5:11:43, 373.62, 86.91, 2.06, 100.00, 1.85, 1.70, 1.57, 1.0395, 1.509
2025/07/15 5:16:43, 393.75, 86.88, 1.90, 100.00, 1.64, 1.54, 1.46, 1.4755, 2.515
2025/07/15 5:21:43, 390.23, 86.88, 1.85, 100.00, 1.90, 1.80, 1.67, 2.4681, 3.018
2025/07/15 5:26:43, 389.44, 86.88, 1.83, 100.00, 1.83, 1.64, 1.51, 2.0623, 2.515
2025/07/15 5:31:43, 387.59, 86.91, 3.14, 100.00, 2.89, 2.68, 2.53, 2.2333, 3.018
2025/07/15 5:36:43, 388.74, 86.88, 3.19, 99.20, 2.63, 2.43, 2.30, 2.1797, 3.018
2025/07/15 5:41:43, 384.52, 86.88, 2.94, 100.00, 2.61, 2.37, 2.24, 2.3037, 3.018
2025/07/15 5:46:43, 393.84, 86.88, 2.61, 100.00, 2.32, 2.14, 2.03, 2.2333, 3.018
2025/07/15 5:51:43, 389.70, 86.85, 2.58, 100.00, 2.22, 2.06, 1.98, 2.6827, 3.018
2025/07/15 5:56:43, 386.98, 86.88, 2.58, 100.00, 2.32, 2.19, 2.11, 2.9006, 3.521
2025/07/15 6:01:43, 392.87, 86.85, 2.71, 100.00, 2.45, 2.27, 2.19, 3.0012, 3.521
2025/07/15 6:06:43, 379.24, 86.88, 2.99, 100.00, 2.66, 2.45, 2.35, 2.8101, 3.521
2025/07/15 6:11:43, 385.31, 86.85, 3.22, 99.57, 2.78, 2.63, 2.53, 2.2199, 2.515
2025/07/15 6:16:43, 397.00, 86.85, 3.45, 97.34, 3.14, 2.89, 2.78, 1.5258, 2.515
2025/07/15 6:21:43, 394.89, 86.85, 3.90, 95.34, 3.50, 3.25, 3.09, 1.6767, 2.515
2025/07/15 6:26:43, 407.37, 86.85, 3.88, 93.46, 3.12, 2.94, 2.89, 1.4218, 2.515
2025/07/15 6:31:43, 396.65, 86.88, 3.85, 91.00, 3.01, 2.89, 2.91, 0.8853, 2.012
2025/07/15 6:36:43, 347.15, 86.88, 3.09, 93.61, 1.90, 1.83, 1.90, 0.845, 1.509
2025/07/15 6:41:43, 346.10, 86.88, 3.70, 100.00, 3.58, 3.06, 2.76, 1.3916, 2.012
2025/07/15 6:46:43, 357.18, 86.88, 4.36, 96.61, 3.53, 3.14, 3.06, 0.8819, 1.509
2025/07/15 6:51:43, 366.14, 86.88, 4.88, 96.89, 4.31, 3.45, 3.27, 0.9121, 1.509
2025/07/15 6:56:43, 366.14, 86.88, 5.03, 85.45, 3.12, 2.86, 2.91, 0.3052, 1.006
2025/07/15 7:01:43, 366.14, 86.88, 4.83, 94.24, 3.40, 2.81, 2.86, 0.7511, 1.006
2025/07/15 7:06:43, 366.41, 86.88, 5.26, 94.80, 4.03, 3.32, 2.91, 0.7646, 1.006
2025/07/15 7:11:43, 381.18, 86.88, 5.21, 90.74, 4.16, 3.43, 3.19, 0.9356, 1.509
2025/07/15 7:16:43, 381.18, 86.88, 4.76, 89.00, 2.99, 2.66, 2.63, 1.3749, 2.012
2025/07/15 7:21:43, 375.99, 86.88, 4.00, 92.50, 2.99, 2.81, 2.89, 1.5291, 2.012
2025/07/15 7:26:43, 375.99, 86.88, 4.73, 93.00, 3.40, 3.14, 3.27, 1.0094, 1.509
2025/07/15 7:31:43, 383.55, 86.88, 4.88, 91.30, 3.73, 3.25, 3.22, 1.3615, 2.012
2025/07/15 7:36:43, 398.93, 86.88, 4.86, 86.70, 3.83, 3.37, 3.37, 1.7571, 2.012
2025/07/15 7:41:43, 388.74, 86.85, 4.64, 88.28, 3.19, 2.89, 2.91, 1.7907, 2.012
2025/07/15 7:46:43, 395.68, 86.88, 4.91, 88.81, 4.10, 3.73, 3.68, 1.3514, 2.012
2025/07/15 7:51:43, 393.04, 86.85, 4.59, 85.37, 3.25, 2.99, 3.06, 1.6767, 2.012
2025/07/15 7:56:43, 390.32, 86.88, 5.21, 83.93, 3.40, 3.14, 3.37, 1.2541, 2.012
2025/07/15 8:01:43, 396.03, 86.88, 5.18, 83.15, 4.05, 3.60, 3.68, 1.234, 2.012
2025/07/15 8:06:43, 410.63, 86.85, 5.28, 90.86, 4.69, 3.93, 3.78, 2.0556, 2.515
2025/07/15 8:11:43, 405.00, 86.88, 5.43, 83.53, 4.33, 3.80, 3.83, 2.0388, 2.515
2025/07/15 8:16:43, 408.96, 86.85, 5.89, 80.55, 4.71, 4.39, 4.51, 1.623, 2.515
2025/07/15 8:21:43, 397.26, 86.82, 5.75, 80.30, 4.46, 3.98, 4.05, 1.5459, 2.012
2025/07/15 8:26:43, 396.82, 86.82, 5.73, 79.27, 4.44, 4.00, 4.05, 1.6364, 2.012
2025/07/15 8:31:43, 386.54, 86.76, 5.16, 85.47, 3.70, 3.40, 3.55, 2.0623, 2.515
2025/07/15 8:36:43, 382.32, 86.82, 5.46, 82.69, 3.70, 3.50, 3.70, 1.898, 2.515
2025/07/15 8:41:43, 382.32, 86.85, 6.89, 78.17, 5.21, 4.83, 5.05, 1.405, 2.012
2025/07/15 8:46:43, 397.88, 86.88, 10.05, 65.00, 6.82, 6.87, 7.28, 1.1435, 1.509
2025/07/15 8:51:43, 429.35, 86.82, 11.54, 61.40, 7.45, 7.86, 8.76, 0.7947, 1.509
2025/07/15 8:56:43, 429.35, 86.88, 11.88, 60.81, 8.62, 8.92, 8.24, 0.3722, 1.006
2025/07/15 9:01:43, 429.35, 86.91, 14.49, 49.59, 8.67, 7.48, 7.45, 0.0, 0.0
2025/07/15 9:06:43, 334.85, 86.88, 8.04, 74.21, 3.80, 3.48, 3.85, 0.9658, 2.012
2025/07/15 9:11:43, 363.95, 86.85, 6.80, 82.33, 4.33, 4.23, 4.46, 1.4319, 2.012
2025/07/15 9:16:43, 364.56, 86.85, 8.12, 73.04, 4.93, 4.95, 5.31, 0.6002, 1.509
2025/07/15 9:21:43, 388.38, 86.88, 7.38, 76.51, 5.80, 5.21, 5.33, 1.4319, 2.012
2025/07/15 9:26:43, 412.82, 86.82, 7.09, 73.25, 4.76, 4.26, 4.49, 1.4721, 2.012
2025/07/15 9:31:43, 392.78, 86.82, 6.53, 75.93, 4.23, 3.75, 3.80, 1.6062, 2.012
2025/07/15 9:36:43, 422.93, 86.76, 6.87, 79.75, 4.83, 4.71, 4.66, 0.788, 1.509
2025/07/15 9:41:43, 447.55, 86.73, 7.11, 78.91, 4.51, 4.44, 4.41, 1.4419, 2.012
2025/07/15 9:46:43, 430.67, 86.63, 9.54, 69.02, 7.01, 7.31, 7.35, 1.7102, 2.012
2025/07/15 9:51:43, 430.05, 86.76, 9.96, 63.09, 6.58, 6.89, 7.33, 1.5694, 2.012
2025/07/15 9:56:43, 430.05, 86.76, 9.98, 68.82, 6.48, 6.48, 6.82, 0.8115, 1.006
2025/07/15 10:01:43, 430.05, 86.76, 9.77, 67.94, 6.21, 6.92, 7.88, 0.0604, 1.006
2025/07/15 10:06:43, 416.25, 86.76, 10.91, 61.06, 7.76, 7.16, 7.31, 0.0, 0.0
2025/07/15 10:11:43, 441.04, 86.76, 8.60, 66.96, 4.36, 4.64, 4.86, 1.4419, 2.515
2025/07/15 10:16:43, 447.73, 87.35, 9.87, 69.77, 6.68, 7.16, 7.62, 1.4453, 2.012
2025/07/15 10:21:43, 435.42, 87.26, 13.60, 51.03, 9.54, 8.74, 9.66, 0.3555, 1.006
2025/07/15 10:26:43, 412.65, 88.13, 12.53, 53.16, 8.55, 8.21, 8.55, 1.1737, 2.012
2025/07/15 10:31:43, 434.45, 90.50, 12.09, 54.94, 7.86, 8.95, 9.82, 1.3883, 1.509
2025/07/15 10:36:43, 419.86, 87.91, 14.35, 49.01, 10.87, 11.54, 11.98, 1.1032, 1.509
2025/07/15 10:41:43, 419.77, 86.73, 17.97, 39.63, 12.71, 11.50, 12.65, 0.0235, 1.006
2025/07/15 10:46:43, 419.86, 86.60, 20.52, 33.58, 13.03, 13.28, 13.87, 0.0, 0.0
2025/07/15 10:51:43, 419.77, 86.85, 16.52, 38.87, 7.88, 7.60, 8.12, 0.0, 0.0
2025/07/15 10:56:43, 419.77, 86.85, 17.19, 39.08, 9.98, 9.91, 10.75, 0.0, 0.0
2025/07/15 11:01:43, 407.29, 86.76, 16.76, 41.00, 11.95, 11.31, 11.70, 0.389, 1.006
2025/07/15 11:06:43, 423.37, 86.76, 16.52, 41.06, 9.91, 9.98, 10.43, 0.5734, 1.509
2025/07/15 11:11:43, 423.02, 86.69, 13.47, 47.16, 8.45, 8.83, 9.38, 1.2944, 2.012
2025/07/15 11:16:43, 418.19, 86.73, 12.28, 54.33, 9.06, 8.26, 8.74, 1.4084, 2.012
2025/07/15 11:21:43, 410.27, 86.69, 14.19, 46.44, 10.91, 9.21, 9.42, 1.2877, 1.509
2025/07/15 11:26:43, 412.91, 85.85, 15.35, 46.41, 11.12, 10.89, 11.43, 1.3849, 2.012
2025/07/15 11:31:43, 419.59, 83.70, 17.14, 40.55, 12.09, 12.98, 13.83, 1.348, 2.012
2025/07/15 11:36:43, 418.19, 86.57, 19.54, 38.14, 14.47, 12.28, 12.32, 1.0328, 1.509
2025/07/15 11:41:43, 387.51, 86.45, 20.16, 31.62, 9.59, 8.81, 9.75, 0.1911, 1.509
2025/07/15 11:46:43, 387.51, 86.26, 17.70, 39.95, 11.88, 9.64, 10.52, 0.9993, 1.509
2025/07/15 11:51:43, 387.51, 86.85, 18.06, 39.45, 11.68, 10.24, 9.94, 0.1777, 1.006
2025/07/15 11:56:43, 352.08, 86.60, 11.14, 53.97, 6.21, 6.04, 6.48, 1.5157, 3.018
2025/07/15 12:01:43, 374.05, 86.57, 10.98, 58.05, 7.55, 7.23, 7.79, 1.7974, 2.515
2025/07/15 12:06:43, 408.16, 86.76, 11.84, 50.62, 8.85, 7.97, 8.55, 1.8577, 2.515
2025/07/15 12:11:43, 420.47, 86.45, 11.36, 55.38, 8.04, 8.17, 8.53, 2.2098, 2.515
2025/07/15 12:16:43, 411.15, 86.60, 12.83, 49.83, 9.71, 9.38, 10.00, 1.908, 2.515
2025/07/15 12:21:43, 406.41, 86.45, 13.65, 45.94, 9.94, 9.06, 9.68, 1.3682, 1.509
2025/07/15 12:26:43, 421.18, 86.66, 14.40, 45.56, 9.75, 10.62, 11.57, 1.3112, 1.509
2025/07/15 12:31:43, 404.12, 86.76, 14.44, 45.76, 10.75, 9.54, 10.17, 1.2776, 2.012
2025/07/15 12:36:43, 397.70, 86.79, 14.10, 46.62, 10.87, 9.91, 10.52, 1.6062, 2.012
2025/07/15 12:41:43, 395.95, 86.82, 14.69, 48.45, 11.40, 9.82, 10.24, 1.4688, 2.012
2025/07/15 12:46:43, 395.95, 86.88, 16.58, 42.08, 12.28, 11.73, 12.32, 0.4862, 1.509
2025/07/15 12:51:43, 395.95, 86.88, 16.98, 42.68, 11.63, 12.18, 14.24, 0.0067, 0.503
2025/07/15 12:56:43, 385.66, 86.88, 14.91, 45.88, 9.68, 9.21, 10.00, 0.9456, 1.509
2025/07/15 13:01:43, 378.89, 86.88, 11.91, 53.50, 7.26, 6.96, 7.52, 1.6029, 2.515
2025/07/15 13:06:43, 386.10, 86.82, 10.66, 58.16, 7.81, 7.31, 7.69, 2.0657, 2.515
2025/07/15 13:11:43, 396.03, 86.79, 10.98, 55.78, 9.04, 8.31, 8.55, 1.9416, 2.515
2025/07/15 13:16:43, 392.43, 86.82, 11.61, 53.99, 9.61, 8.92, 9.42, 1.613, 2.012
2025/07/15 13:21:43, 385.66, 86.79, 12.55, 53.01, 9.59, 8.99, 9.71, 1.5023, 2.515
2025/07/15 13:26:43, 623.99, 86.82, 11.45, 56.95, 8.50, 8.69, 8.99, 0.9725, 2.012
2025/07/15 13:31:43, 374.14, 86.82, 15.79, 44.57, 10.75, 10.84, 10.71, 0.0034, 0.503
2025/07/15 13:36:43, 451.51, 86.82, 14.35, 48.37, 7.60, 7.43, 7.35, 0.0771, 1.006
2025/07/15 13:41:43, 451.51, 86.73, 12.14, 56.96, 7.23, 7.09, 6.99, 0.0369, 0.503
2025/07/15 13:46:43, 420.91, 86.45, 16.81, 45.42, 13.60, 13.63, 13.87, 0.6338, 1.509
2025/07/15 13:51:43, 414.85, 86.38, 17.79, 43.36, 13.33, 12.85, 12.96, 0.9054, 2.012
2025/07/15 13:56:43, 395.42, 86.63, 21.29, 36.83, 18.82, 18.15, 18.51, 0.6204, 1.509
2025/07/15 14:01:43, 389.88, 86.79, 22.02, 33.57, 16.02, 14.65, 14.71, 0.0838, 1.006
2025/07/15 14:06:43, 423.11, 86.73, 21.82, 31.00, 13.03, 14.24, 15.62, 0.0939, 1.006
2025/07/15 14:11:43, 397.35, 86.88, 19.65, 34.24, 12.35, 11.10, 11.66, 0.4963, 1.509
2025/07/15 14:16:43, 345.40, 87.04, 13.58, 52.45, 5.80, 5.89, 6.51, 0.617, 2.515
2025/07/15 14:21:43, 656.25, 86.91, 12.16, 55.43, 9.14, 9.61, 9.80, 1.6331, 2.515
2025/07/15 14:26:43, 581.18, 86.76, 8.85, 69.59, 5.60, 5.53, 5.85, 1.0697, 1.509
2025/07/15 14:31:43, 416.43, 86.76, 8.74, 66.09, 6.24, 6.36, 6.63, 0.6103, 2.012
2025/07/15 14:36:43, 382.41, 86.73, 13.19, 56.75, 12.09, 11.19, 11.14, 0.8082, 1.509
2025/07/15 14:41:43, 387.95, 86.69, 15.68, 46.67, 11.03, 10.15, 10.57, 0.9926, 2.515
2025/07/15 14:46:43, 386.54, 86.76, 16.11, 46.78, 10.84, 10.22, 10.78, 1.177, 2.012
2025/07/15 14:51:43, 342.76, 86.63, 7.97, 80.12, 4.69, 4.61, 4.71, 2.126, 3.018
2025/07/15 14:56:43, 331.24, 86.66, 8.85, 83.64, 5.53, 5.51, 5.65, 1.7236, 3.018
2025/07/15 15:01:43, 353.92, 86.63, 8.92, 85.58, 5.94, 5.87, 6.01, 2.3641, 3.018
2025/07/15 15:06:43, 351.55, 86.63, 8.21, 87.90, 5.63, 5.58, 5.73, 2.3775, 3.018
2025/07/15 15:11:43, 359.46, 87.38, 8.43, 86.01, 5.10, 5.10, 5.23, 2.733, 4.024
2025/07/15 15:16:43, 366.23, 86.88, 8.69, 82.98, 5.05, 5.13, 5.33, 3.0281, 4.527
2025/07/15 15:21:43, 341.53, 86.69, 7.55, 89.44, 5.08, 4.98, 4.91, 2.3574, 3.018
2025/07/15 15:26:43, 362.01, 86.69, 8.24, 89.42, 6.09, 6.06, 6.21, 1.8007, 2.515
2025/07/15 15:31:43, 325.18, 86.82, 10.75, 74.96, 6.19, 6.14, 6.24, 1.063, 2.515
2025/07/15 15:36:43, 682.36, 87.10, 11.17, 63.29, 5.70, 5.87, 6.11, 0.9222, 2.012
2025/07/15 15:41:43, 352.60, 86.94, 12.60, 58.85, 6.73, 6.63, 7.21, 0.6975, 1.509
2025/07/15 15:46:43, 376.69, 87.07, 12.71, 55.31, 7.97, 8.04, 8.95, 0.3756, 1.006
2025/07/15 15:51:43, 420.21, 86.82, 10.93, 60.17, 6.29, 6.48, 6.89, 0.607, 1.509
2025/07/15 15:56:43, 417.84, 86.85, 14.87, 45.16, 8.45, 8.57, 8.92, 0.0101, 0.503
2025/07/15 16:01:43, 496.78, 86.85, 11.59, 55.44, 5.68, 5.80, 6.41, 0.0034, 0.503
2025/07/15 16:06:43, 496.78, 86.85, 13.33, 51.71, 7.76, 7.81, 9.49, 0.0, 0.0
2025/07/15 16:11:43, 374.32, 86.76, 10.80, 59.82, 6.29, 6.29, 8.07, 0.0, 0.0
2025/07/15 16:16:43, 374.41, 86.88, 14.53, 48.95, 8.07, 8.07, 10.50, 0.1375, 1.509
2025/07/15 16:21:43, 386.27, 86.82, 10.59, 62.73, 6.46, 6.26, 7.14, 1.3447, 2.012
2025/07/15 16:26:43, 387.68, 86.76, 9.75, 66.23, 6.65, 6.73, 7.55, 2.3239, 3.018
2025/07/15 16:31:43, 400.43, 86.88, 12.02, 55.34, 8.21, 8.26, 9.40, 2.5988, 3.018
2025/07/15 16:36:43, 373.88, 86.91, 10.82, 61.94, 5.82, 5.94, 6.51, 2.458, 3.018
2025/07/15 16:41:43, 342.14, 86.82, 8.21, 71.72, 4.44, 4.56, 4.91, 2.3373, 3.521
2025/07/15 16:46:43, 348.65, 86.82, 8.69, 72.08, 5.73, 6.06, 6.04, 3.1253, 5.533
2025/07/15 16:51:43, 393.13, 86.76, 10.03, 68.57, 7.71, 8.09, 7.67, 2.354, 4.024
2025/07/15 16:56:43, 395.95, 86.82, 10.38, 60.06, 7.50, 8.12, 8.07, 2.1931, 3.018
2025/07/15 17:01:43, 402.80, 86.73, 8.78, 63.90, 5.73, 6.09, 6.31, 1.8712, 2.515
2025/07/15 17:06:43, 391.81, 86.85, 9.84, 58.84, 5.55, 6.09, 6.26, 1.509, 3.018
2025/07/15 17:11:43, 366.93, 86.85, 7.90, 69.30, 5.21, 5.75, 5.77, 3.4204, 4.527
2025/07/15 17:16:43, 353.57, 86.85, 8.55, 70.36, 5.55, 5.77, 5.80, 2.2803, 3.018
2025/07/15 17:21:43, 331.86, 86.88, 9.16, 67.26, 5.65, 5.82, 5.99, 1.3547, 2.515
2025/07/15 17:26:43, 363.15, 86.88, 10.12, 64.86, 6.68, 6.68, 6.48, 0.5466, 1.509
2025/07/15 17:31:43, 368.52, 86.88, 8.95, 63.70, 5.73, 5.77, 5.94, 1.6431, 2.515
2025/07/15 17:36:43, 358.49, 86.88, 9.73, 59.57, 5.94, 5.87, 6.29, 1.452, 2.515
2025/07/15 17:41:43, 360.08, 86.85, 8.29, 66.10, 5.51, 5.36, 5.60, 2.1595, 3.018
2025/07/15 17:46:43, 344.25, 86.82, 7.79, 69.03, 5.16, 4.93, 5.13, 2.0824, 2.515
2025/07/15 17:51:43, 370.19, 86.82, 8.43, 66.75, 5.87, 5.73, 6.36, 1.7437, 2.515
2025/07/15 17:56:43, 397.09, 86.82, 9.61, 63.20, 7.57, 6.73, 6.99, 1.2106, 2.012
2025/07/15 18:01:43, 383.73, 86.82, 8.78, 65.31, 6.39, 5.87, 5.99, 2.2803, 3.018
2025/07/15 18:06:43, 404.56, 86.82, 9.33, 65.20, 7.81, 7.04, 7.38, 1.9785, 3.521
2025/07/15 18:11:43, 399.20, 86.82, 9.75, 64.00, 7.55, 6.63, 6.77, 2.2132, 3.018
2025/07/15 18:16:43, 379.42, 86.82, 7.90, 74.22, 6.11, 5.70, 5.60, 2.5653, 3.521
2025/07/15 18:21:43, 391.02, 86.79, 8.34, 66.66, 6.39, 5.85, 6.09, 1.7873, 2.515
2025/07/15 18:26:43, 401.57, 86.82, 8.41, 67.08, 6.87, 6.26, 6.48, 2.287, 3.018
2025/07/15 18:31:43, 408.25, 86.79, 9.61, 61.23, 7.50, 6.68, 7.16, 2.1025, 2.515
2025/07/15 18:36:43, 389.79, 86.79, 8.69, 64.41, 6.21, 5.68, 6.14, 2.0221, 2.515
2025/07/15 18:41:43, 354.10, 86.79, 7.35, 70.33, 4.41, 4.21, 4.56, 1.2609, 2.012
2025/07/15 18:46:43, 346.98, 86.82, 7.26, 76.42, 5.16, 4.91, 5.03, 1.7907, 3.018
2025/07/15 18:51:43, 396.65, 86.79, 7.18, 75.89, 5.89, 5.43, 5.41, 2.2937, 3.018
2025/07/15 18:56:43, 385.66, 86.79, 6.89, 70.85, 5.00, 4.54, 4.93, 2.2937, 3.018
2025/07/15 19:01:43, 406.58, 86.76, 6.75, 72.50, 5.65, 4.83, 5.23, 2.5184, 3.018
2025/07/15 19:06:43, 407.02, 86.76, 7.79, 68.55, 6.19, 5.38, 6.01, 1.727, 2.515
2025/07/15 19:11:43, 405.79, 86.76, 7.57, 68.29, 5.80, 5.10, 5.63, 1.737, 2.515
2025/07/15 19:16:43, 405.88, 86.76, 8.12, 71.26, 6.48, 5.85, 5.82, 1.5861, 2.012
2025/07/15 19:21:43, 413.62, 86.76, 8.78, 69.06, 6.51, 6.11, 5.99, 1.6599, 2.012
2025/07/15 19:26:43, 377.66, 86.76, 7.18, 74.70, 5.05, 4.78, 4.71, 2.0522, 3.018
2025/07/15 19:31:43, 398.67, 86.76, 6.80, 73.80, 5.55, 5.10, 5.00, 2.0556, 3.018
2025/07/15 19:36:43, 392.60, 86.76, 6.34, 75.02, 4.83, 4.31, 4.23, 2.0724, 3.018
2025/07/15 19:41:43, 374.23, 86.76, 6.09, 79.00, 4.46, 3.95, 3.95, 1.5895, 2.012
2025/07/15 19:46:43, 367.73, 86.76, 4.81, 83.27, 3.90, 3.65, 3.40, 1.9617, 3.018
2025/07/15 19:51:43, 382.85, 86.76, 4.33, 84.37, 3.40, 3.09, 2.99, 2.3239, 3.521
2025/07/15 19:56:43, 384.34, 86.76, 5.03, 81.58, 4.33, 4.05, 4.00, 2.183, 2.515
2025/07/15 20:01:43, 375.20, 86.73, 4.66, 81.19, 3.53, 3.40, 3.40, 1.9181, 2.515
2025/07/15 20:06:43, 346.98, 86.76, 4.61, 83.39, 3.68, 3.48, 3.32, 1.8611, 2.515
2025/07/15 20:11:43, 351.37, 86.76, 4.78, 83.20, 3.75, 3.45, 3.32, 2.1629, 2.515
2025/07/15 20:16:43, 423.64, 86.73, 5.18, 78.63, 3.63, 3.30, 3.22, 1.4654, 2.012
2025/07/15 20:21:43, 389.62, 86.73, 5.31, 81.92, 4.71, 4.31, 4.21, 2.7263, 4.024
2025/07/15 20:26:43, 424.16, 86.73, 5.26, 77.54, 3.58, 3.43, 3.30, 1.623, 2.515
2025/07/15 20:31:43, 383.11, 86.73, 3.80, 84.31, 2.78, 2.56, 2.43, 2.4379, 3.018
2025/07/15 20:36:43, 384.43, 86.73, 2.89, 90.82, 2.58, 2.30, 2.08, 2.4781, 3.521
2025/07/15 20:41:43, 381.18, 86.73, 3.50, 86.94, 2.43, 2.06, 1.77, 2.3842, 3.018
2025/07/15 20:46:43, 366.49, 86.73, 3.32, 90.72, 3.25, 2.91, 2.45, 1.6096, 2.515
2025/07/15 20:51:43, 366.49, 86.69, 3.65, 86.89, 3.40, 3.04, 2.53, 0.8786, 1.509
2025/07/15 20:56:43, 363.86, 86.69, 2.99, 89.15, 2.56, 2.48, 2.35, 1.0261, 1.509
2025/07/15 21:01:43, 382.76, 86.69, 2.63, 92.35, 2.45, 2.37, 2.27, 1.0094, 2.012
2025/07/15 21:06:43, 372.21, 86.73, 2.66, 93.56, 2.45, 2.24, 1.98, 0.6103, 2.515
2025/07/15 21:11:43, 368.08, 86.69, 3.35, 96.37, 3.50, 3.12, 2.32, 0.3186, 2.012
2025/07/15 21:16:43, 398.41, 86.73, 3.63, 93.60, 3.09, 2.56, 1.64, 0.5298, 2.012
2025/07/15 21:21:43, 394.01, 86.73, 3.75, 96.34, 4.05, 3.65, 2.91, 0.0, 0.0
2025/07/15 21:26:43, 429.70, 86.69, 3.01, 93.92, 2.58, 2.19, 1.72, 0.9591, 2.515
2025/07/15 21:31:43, 429.62, 86.73, 3.32, 96.33, 3.83, 3.30, 1.98, 0.0335, 0.503
2025/07/15 21:36:43, 429.62, 86.69, 3.75, 95.82, 3.58, 2.81, 1.57, 0.0, 0.0
2025/07/15 21:41:43, 441.75, 86.73, 3.35, 91.16, 3.14, 2.96, 2.48, 0.6941, 1.509
2025/07/15 21:46:43, 412.65, 86.73, 2.50, 96.57, 2.53, 1.95, 1.62, 0.9959, 1.509
2025/07/15 21:51:43, 412.56, 86.73, 2.84, 94.51, 2.81, 2.43, 1.80, 0.0402, 0.503
2025/07/15 21:56:43, 381.97, 86.73, 3.19, 97.25, 3.90, 3.30, 2.08, 0.7981, 2.012
2025/07/15 22:01:43, 364.38, 86.69, 3.95, 92.85, 4.56, 4.21, 3.06, 1.1737, 2.012
2025/07/15 22:06:43, 434.01, 86.73, 3.37, 87.28, 2.63, 2.30, 1.83, 1.2474, 2.515
2025/07/15 22:11:43, 400.08, 86.73, 2.58, 90.73, 2.58, 2.35, 1.83, 1.7639, 2.515
2025/07/15 22:16:43, 386.89, 86.73, 3.09, 92.54, 3.06, 2.48, 1.85, 1.7907, 2.515
2025/07/15 22:21:43, 367.46, 86.73, 4.21, 83.17, 3.83, 3.40, 2.84, 2.0891, 3.018
2025/07/15 22:26:43, 380.03, 86.73, 3.93, 84.85, 4.28, 3.90, 3.40, 2.4345, 3.521
2025/07/15 22:31:43, 361.92, 86.73, 4.23, 82.95, 4.03, 3.60, 3.14, 3.0683, 4.024
2025/07/15 22:36:43, 378.89, 86.73, 4.08, 84.54, 3.45, 2.81, 2.27, 2.183, 3.018
2025/07/15 22:41:43, 369.04, 86.73, 4.10, 85.35, 4.28, 3.55, 2.63, 2.0757, 2.515
2025/07/15 22:46:43, 394.54, 86.73, 4.81, 80.55, 4.86, 4.44, 3.83, 2.9878, 4.024
2025/07/15 22:51:43, 373.09, 86.73, 4.66, 81.04, 4.93, 4.61, 4.16, 4.2654, 5.533
2025/07/15 22:56:43, 363.51, 86.69, 3.98, 82.14, 3.68, 3.43, 3.17, 4.7114, 5.533
2025/07/15 23:01:43, 364.82, 86.69, 3.30, 85.43, 2.96, 2.71, 2.45, 4.299, 5.533
2025/07/15 23:06:43, 352.69, 86.69, 2.84, 87.07, 2.58, 2.37, 2.16, 4.2118, 5.533
2025/07/15 23:11:43, 367.64, 86.69, 2.89, 89.28, 3.35, 3.01, 2.68, 4.4532, 5.533
2025/07/15 23:16:43, 356.21, 86.69, 2.91, 87.82, 3.01, 2.73, 2.48, 4.5236, 5.533
2025/07/15 23:21:43, 356.82, 86.69, 3.43, 86.70, 3.83, 3.60, 3.35, 4.688, 5.533
2025/07/15 23:26:43, 353.75, 86.69, 3.73, 83.53, 3.32, 3.09, 2.89, 4.9428, 6.036
2025/07/15 23:31:43, 358.32, 86.69, 3.48, 85.69, 3.53, 3.30, 3.06, 5.4156, 6.036
2025/07/15 23:36:43, 368.87, 86.69, 4.18, 81.70, 3.78, 3.60, 3.37, 5.1775, 6.036
2025/07/15 23:41:43, 355.59, 86.66, 4.64, 81.41, 4.71, 4.41, 4.03, 4.7919, 5.533
2025/07/15 23:46:43, 358.76, 86.69, 4.49, 81.20, 4.36, 4.03, 3.73, 4.4801, 5.533
2025/07/15 23:51:43, 580.91, 86.73, 3.93, 83.64, 4.08, 4.00, 3.85, 2.6223, 5.03
2025/07/15 23:56:43, 587.33, 86.73, 3.75, 83.68, 3.78, 3.65, 3.50, 0.0, 0.0
2025/07/16 0:01:43, 587.24, 86.69, 3.43, 86.15, 3.75, 3.53, 3.37, 0.0, 0.0
2025/07/16 0:06:43, 362.45, 86.69, 2.96, 87.83, 3.04, 2.91, 2.73, 0.7176, 3.521
2025/07/16 0:11:43, 358.49, 86.69, 3.09, 88.44, 3.32, 3.12, 2.89, 3.8664, 5.533
2025/07/16 0:16:43, 678.85, 86.73, 2.71, 87.97, 2.32, 2.19, 2.06, 3.7256, 5.03
2025/07/16 0:21:43, 325.09, 86.73, 4.23, 85.93, 5.26, 4.81, 4.18, 3.8362, 5.533
2025/07/16 0:26:43, 335.64, 86.69, 6.41, 75.80, 6.70, 6.29, 5.77, 3.8765, 5.03
2025/07/16 0:31:43, 340.30, 86.69, 7.18, 71.30, 6.77, 6.29, 5.70, 4.2084, 5.03
2025/07/16 0:36:43, 352.08, 86.69, 5.65, 76.05, 5.36, 4.98, 4.51, 3.8295, 5.03
2025/07/16 0:41:43, 346.01, 86.73, 5.51, 77.24, 5.18, 4.91, 4.56, 4.3828, 6.036
2025/07/16 0:46:43, 361.84, 86.69, 4.66, 79.72, 4.51, 4.28, 4.00, 4.916, 6.539
2025/07/16 0:51:43, 357.35, 86.69, 4.31, 81.94, 4.28, 4.03, 3.70, 4.7852, 6.036
2025/07/16 0:56:43, 359.46, 86.69, 4.21, 82.51, 4.28, 3.98, 3.60, 4.7483, 5.533
2025/07/16 1:01:43, 353.40, 86.69, 4.28, 82.48, 4.23, 3.93, 3.55, 4.1917, 5.03
2025/07/16 1:06:43, 566.41, 86.73, 3.50, 85.07, 3.53, 3.25, 2.84, 2.5619, 4.527
2025/07/16 1:11:43, 521.13, 86.73, 3.50, 85.47, 3.83, 3.68, 3.43, 0.1576, 1.006
2025/07/16 1:16:43, 518.49, 86.73, 3.70, 85.36, 4.16, 3.95, 3.75, 0.1509, 1.006
2025/07/16 1:21:43, 603.68, 86.73, 3.85, 84.98, 4.39, 4.21, 3.85, 0.228, 1.006
2025/07/16 1:26:43, 384.78, 86.73, 3.88, 84.33, 4.31, 4.03, 3.60, 0.1509, 1.509
2025/07/16 1:31:43, 396.12, 86.73, 5.16, 81.27, 6.39, 6.14, 5.70, 0.56, 2.515
2025/07/16 1:36:43, 427.51, 86.73, 5.00, 79.66, 5.05, 4.61, 4.00, 0.5399, 1.509
2025/07/16 1:41:43, 647.90, 86.73, 5.00, 78.56, 4.81, 4.66, 4.44, 0.5634, 2.515
2025/07/16 1:46:43, 430.32, 86.73, 3.93, 83.27, 4.10, 3.90, 3.55, 0.9289, 2.515
2025/07/16 1:51:43, 462.76, 86.73, 3.93, 85.40, 4.71, 4.44, 3.93, 0.4561, 2.012
2025/07/16 1:56:43, 394.98, 86.73, 4.31, 80.51, 3.78, 3.58, 3.35, 1.0597, 3.018
2025/07/16 2:01:43, 403.68, 86.76, 4.71, 81.27, 5.08, 5.03, 4.86, 1.5761, 4.024
2025/07/16 2:06:43, 414.14, 86.73, 3.37, 83.54, 2.91, 2.81, 2.56, 1.2173, 2.515
2025/07/16 2:11:43, 370.54, 86.73, 2.37, 90.21, 2.84, 2.63, 2.32, 2.0791, 3.018
2025/07/16 2:16:43, 359.81, 86.73, 3.80, 85.49, 3.93, 3.73, 3.45, 3.9066, 5.03
2025/07/16 2:21:43, 364.47, 86.73, 4.26, 83.47, 4.26, 4.00, 3.70, 4.2218, 5.03
2025/07/16 2:26:43, 358.41, 86.73, 4.41, 82.32, 4.16, 3.90, 3.65, 4.1347, 5.03
2025/07/16 2:31:43, 352.78, 86.73, 4.64, 82.10, 4.71, 4.44, 4.05, 4.2319, 5.03
2025/07/16 2:36:43, 330.10, 86.73, 3.90, 82.16, 3.06, 2.89, 2.71, 3.6384, 4.527
2025/07/16 2:41:43, 357.44, 86.73, 3.55, 88.34, 4.51, 4.21, 3.83, 2.9912, 4.527
2025/07/16 2:46:43, 342.23, 86.73, 4.93, 83.52, 5.63, 5.26, 4.86, 4.0944, 5.03
2025/07/16 2:51:43, 357.44, 86.73, 4.51, 82.19, 4.54, 4.21, 3.85, 3.7658, 5.03
2025/07/16 2:56:43, 685.00, 86.73, 4.26, 85.24, 4.95, 4.71, 4.36, 3.0616, 4.527
2025/07/16 3:01:43, 337.40, 86.73, 6.34, 76.27, 6.36, 6.09, 5.68, 2.7799, 4.024
2025/07/16 3:06:43, 685.00, 86.73, 5.70, 75.99, 4.83, 4.59, 4.36, 2.2669, 3.521
2025/07/16 3:11:43, 422.93, 86.73, 3.98, 81.08, 3.01, 2.86, 2.58, 1.8309, 3.018
2025/07/16 3:16:43, 393.57, 86.73, 4.05, 83.14, 3.68, 3.40, 3.09, 2.0657, 3.018
2025/07/16 3:21:43, 362.63, 86.69, 4.10, 84.58, 4.46, 4.26, 3.95, 3.9469, 6.036
2025/07/16 3:26:43, 359.81, 86.69, 4.71, 81.93, 4.56, 4.31, 4.03, 4.8556, 6.036
2025/07/16 3:31:43, 371.42, 86.69, 5.10, 79.86, 4.88, 4.64, 4.31, 4.8523, 5.533
2025/07/16 3:36:43, 359.37, 86.69, 5.13, 80.24, 5.10, 4.81, 4.49, 5.0132, 6.036
2025/07/16 3:41:43, 367.37, 86.69, 5.43, 79.22, 5.53, 5.18, 4.81, 4.7282, 5.533
2025/07/16 3:46:43, 355.68, 86.69, 5.05, 79.97, 4.86, 4.54, 4.21, 4.2151, 5.03
2025/07/16 3:51:43, 350.49, 86.69, 5.31, 79.68, 5.21, 4.88, 4.51, 4.1749, 5.03
2025/07/16 3:56:43, 362.80, 86.69, 5.51, 78.68, 5.21, 4.91, 4.54, 4.4029, 5.533
2025/07/16 4:01:43, 360.69, 86.69, 5.75, 78.17, 5.53, 5.23, 4.88, 4.3627, 5.03
2025/07/16 4:06:43, 353.13, 86.66, 5.41, 78.85, 5.18, 4.93, 4.61, 4.5102, 5.533
2025/07/16 4:11:43, 355.59, 86.66, 5.31, 79.75, 5.23, 4.98, 4.69, 4.8187, 6.036
2025/07/16 4:16:43, 363.42, 86.66, 5.36, 79.50, 5.21, 4.91, 4.59, 4.9864, 6.036
2025/07/16 4:21:43, 363.15, 86.66, 5.05, 80.26, 4.91, 4.66, 4.36, 5.1239, 6.539
2025/07/16 4:26:43, 365.70, 86.66, 4.71, 81.53, 4.49, 4.28, 4.00, 5.0032, 6.036
2025/07/16 4:31:43, 352.69, 86.66, 4.61, 82.43, 4.51, 4.28, 3.98, 4.9898, 6.036
2025/07/16 4:36:43, 360.78, 86.66, 5.16, 81.20, 5.23, 5.00, 4.69, 5.0535, 6.539
2025/07/16 4:41:43, 358.67, 86.63, 4.98, 81.28, 4.95, 4.71, 4.41, 5.5263, 6.539
2025/07/16 4:46:43, 357.35, 86.63, 5.16, 81.05, 5.21, 4.95, 4.61, 5.3855, 6.539
2025/07/16 4:51:43, 362.80, 86.63, 4.93, 81.27, 4.81, 4.59, 4.31, 4.7852, 6.036
2025/07/16 4:56:43, 362.19, 86.63, 4.91, 80.86, 4.76, 4.51, 4.28, 4.8254, 6.036
2025/07/16 5:01:43, 359.11, 86.63, 4.44, 82.40, 4.33, 4.10, 3.83, 4.7483, 5.533
2025/07/16 5:06:43, 355.07, 86.66, 4.61, 82.25, 4.44, 4.18, 3.90, 4.3996, 5.03
2025/07/16 5:11:43, 355.33, 86.63, 4.31, 82.82, 4.05, 3.85, 3.60, 4.0039, 5.03
2025/07/16 5:16:43, 368.60, 86.63, 4.21, 83.43, 4.03, 3.85, 3.63, 3.9469, 5.03
2025/07/16 5:21:43, 378.80, 86.63, 3.78, 84.01, 3.19, 2.99, 2.84, 4.423, 6.539
2025/07/16 5:26:43, 370.54, 86.63, 3.93, 86.87, 4.66, 4.39, 4.05, 4.0911, 5.533
2025/07/16 5:31:43, 383.99, 86.63, 4.21, 85.52, 4.73, 4.39, 4.05, 4.8254, 6.036
2025/07/16 5:36:43, 385.75, 86.63, 4.26, 84.39, 4.33, 4.13, 3.88, 4.2017, 6.036
2025/07/16 5:41:43, 378.45, 86.63, 4.66, 82.15, 4.39, 4.10, 3.85, 4.4666, 6.036
2025/07/16 5:46:43, 362.10, 86.63, 5.00, 80.11, 4.64, 4.41, 4.16, 4.3694, 5.03
2025/07/16 5:51:43, 359.81, 86.63, 5.60, 78.73, 5.26, 5.00, 4.73, 4.5371, 6.036
2025/07/16 5:56:43, 359.20, 86.63, 4.88, 81.08, 4.81, 4.56, 4.31, 3.7826, 5.533
2025/07/16 6:01:43, 364.30, 86.63, 5.31, 80.38, 5.36, 5.08, 4.81, 4.6175, 5.533
2025/07/16 6:06:43, 365.35, 86.63, 5.46, 81.21, 5.73, 5.41, 5.10, 4.584, 6.036
2025/07/16 6:11:43, 370.80, 86.63, 5.00, 78.89, 4.26, 4.00, 3.80, 4.309, 5.533
2025/07/16 6:16:43, 381.70, 86.63, 4.76, 80.95, 4.31, 4.10, 3.90, 3.4238, 4.527
2025/07/16 6:21:43, 372.03, 86.63, 5.28, 78.57, 4.56, 4.33, 4.13, 4.3795, 5.533
2025/07/16 6:26:43, 356.74, 86.63, 5.41, 78.96, 4.81, 4.61, 4.41, 4.1112, 5.03
2025/07/16 6:31:43, 383.20, 86.63, 5.36, 77.74, 4.39, 4.16, 4.00, 3.9871, 5.03
2025/07/16 6:36:43, 350.23, 86.60, 4.73, 82.16, 4.71, 4.41, 4.10, 4.5236, 5.533
2025/07/16 6:41:43, 369.75, 86.60, 5.23, 78.75, 4.46, 4.21, 4.00, 4.7416, 6.036
2025/07/16 6:46:43, 361.13, 86.63, 5.18, 79.03, 4.46, 4.31, 4.16, 4.5371, 6.036
2025/07/16 6:51:43, 376.69, 86.60, 4.76, 79.81, 3.90, 3.70, 3.60, 4.1045, 5.03
2025/07/16 6:56:43, 380.56, 86.60, 5.10, 78.50, 4.16, 4.00, 3.85, 3.5646, 5.03
2025/07/16 7:01:43, 374.05, 86.60, 4.91, 78.69, 3.80, 3.63, 3.55, 4.0408, 5.03
2025/07/16 7:06:43, 366.67, 86.60, 5.85, 77.11, 5.23, 4.95, 4.81, 4.3962, 5.533
2025/07/16 7:11:43, 388.56, 86.60, 6.09, 73.87, 4.88, 4.61, 4.56, 4.2789, 6.036
2025/07/16 7:16:43, 357.53, 86.63, 6.34, 74.91, 5.60, 5.31, 5.13, 3.246, 5.533
2025/07/16 7:21:43, 362.71, 86.60, 6.09, 75.75, 5.53, 5.26, 5.00, 4.081, 6.036
2025/07/16 7:26:43, 390.76, 86.60, 5.65, 74.58, 4.39, 4.08, 4.03, 4.0743, 5.533
2025/07/16 7:31:43, 379.51, 86.63, 5.55, 77.36, 5.03, 4.73, 4.61, 4.1715, 5.533
2025/07/16 7:36:43, 400.25, 86.63, 5.75, 77.98, 5.73, 5.33, 5.03, 3.6585, 5.03
2025/07/16 7:41:43, 353.66, 86.60, 5.87, 76.42, 5.16, 4.93, 4.73, 3.8731, 6.036
2025/07/16 7:46:43, 369.22, 86.60, 5.51, 77.24, 4.78, 4.56, 4.44, 4.9227, 6.036
2025/07/16 7:51:43, 385.66, 86.60, 5.55, 76.18, 4.56, 4.31, 4.21, 3.8731, 5.03
2025/07/16 7:56:43, 363.51, 86.60, 5.77, 76.88, 5.16, 4.91, 4.73, 3.3634, 4.527
2025/07/16 8:01:43, 361.04, 86.60, 6.48, 73.89, 5.48, 5.21, 5.05, 4.0642, 5.533
2025/07/16 8:06:43, 353.31, 86.57, 6.41, 74.18, 5.53, 5.28, 5.13, 5.1809, 6.036
2025/07/16 8:11:43, 361.31, 86.54, 6.46, 74.15, 5.60, 5.33, 5.16, 4.745, 6.036
2025/07/16 8:16:43, 369.22, 86.57, 6.73, 73.34, 5.80, 5.51, 5.23, 3.9301, 6.036
2025/07/16 8:21:43, 371.42, 86.60, 6.39, 74.18, 5.60, 5.33, 5.16, 3.92, 5.03
2025/07/16 8:26:43, 396.47, 86.69, 6.73, 71.57, 5.82, 5.43, 5.33, 3.3366, 4.527
2025/07/16 8:31:43, 386.36, 86.69, 6.85, 71.96, 6.01, 5.68, 5.55, 3.1387, 4.024
2025/07/16 8:36:43, 375.81, 86.45, 7.21, 70.75, 6.39, 6.06, 5.94, 3.4841, 5.533
2025/07/16 8:41:43, 389.88, 86.41, 7.67, 66.83, 6.26, 5.82, 5.80, 3.2695, 4.527
2025/07/16 8:46:43, 403.77, 86.66, 8.02, 66.73, 7.35, 6.80, 6.70, 3.3567, 5.03
2025/07/16 8:51:43, 362.10, 86.66, 6.89, 70.19, 5.55, 5.21, 5.10, 3.2661, 4.527
2025/07/16 8:56:43, 376.08, 86.76, 7.43, 66.20, 5.36, 5.10, 5.16, 3.3064, 4.024
2025/07/16 9:01:43, 368.08, 86.66, 7.52, 67.43, 5.85, 5.63, 5.60, 3.3131, 4.527
2025/07/16 9:06:43, 364.47, 86.38, 7.06, 69.73, 5.77, 5.46, 5.36, 4.631, 5.533
2025/07/16 9:11:43, 362.54, 86.13, 7.16, 70.19, 6.21, 5.89, 5.80, 4.185, 5.533
2025/07/16 9:16:43, 363.59, 85.95, 7.45, 68.83, 6.29, 5.89, 5.85, 4.4733, 5.533
2025/07/16 9:21:43, 371.59, 86.48, 9.06, 62.31, 7.55, 7.16, 7.40, 3.6652, 6.036
2025/07/16 9:26:43, 354.98, 86.60, 8.34, 64.18, 6.14, 5.87, 5.85, 3.8094, 5.03
2025/07/16 9:31:43, 327.73, 86.60, 8.24, 64.57, 6.09, 5.99, 5.99, 2.0355, 4.024
2025/07/16 9:36:43, 410.27, 86.54, 9.21, 60.62, 6.44, 6.29, 6.19, 0.5064, 2.012
2025/07/16 9:41:43, 390.05, 86.57, 7.86, 64.74, 6.24, 5.85, 5.87, 2.3976, 4.024
2025/07/16 9:46:43, 392.87, 86.57, 8.69, 62.96, 7.35, 6.82, 6.77, 3.8094, 5.03
2025/07/16 9:51:43, 400.08, 86.54, 8.12, 64.26, 6.82, 6.34, 6.19, 3.9972, 5.03
2025/07/16 9:56:43, 384.08, 86.57, 8.21, 67.16, 7.81, 7.45, 7.21, 4.641, 6.036
2025/07/16 10:01:43, 380.12, 86.60, 7.86, 65.41, 6.31, 5.99, 5.92, 3.9469, 5.533
2025/07/16 10:06:43, 394.36, 86.57, 8.92, 63.85, 8.53, 8.04, 7.74, 4.698, 5.533
2025/07/16 10:11:43, 384.25, 86.69, 9.38, 60.94, 8.02, 7.55, 7.45, 3.7893, 5.533
2025/07/16 10:16:43, 386.54, 86.85, 8.99, 60.41, 7.01, 6.68, 6.77, 2.8637, 3.521
2025/07/16 10:21:43, 391.55, 86.79, 8.41, 62.59, 6.87, 6.51, 6.58, 3.0683, 4.024
2025/07/16 10:26:43, 381.62, 86.85, 8.71, 61.19, 6.70, 6.31, 6.44, 2.2937, 3.521
2025/07/16 10:31:43, 373.62, 86.94, 7.88, 65.19, 6.24, 5.94, 5.89, 3.5311, 4.024
2025/07/16 10:36:43, 402.27, 86.63, 8.50, 62.31, 7.31, 6.73, 6.75, 2.9945, 3.521
2025/07/16 10:41:43, 388.47, 84.67, 9.06, 60.49, 7.69, 7.23, 7.26, 2.8034, 3.521
2025/07/16 10:46:43, 377.57, 84.20, 9.09, 60.83, 7.40, 7.01, 7.06, 3.417, 4.024
2025/07/16 10:51:43, 374.05, 84.48, 9.94, 57.63, 7.50, 7.18, 7.23, 3.1186, 4.024
2025/07/16 10:56:43, 375.55, 87.29, 10.91, 53.95, 8.09, 7.86, 8.02, 2.8336, 4.527
2025/07/16 11:01:43, 373.35, 87.63, 10.00, 56.22, 7.18, 6.94, 6.99, 3.6484, 4.527
2025/07/16 11:06:43, 375.73, 87.94, 9.87, 57.25, 7.55, 7.18, 7.21, 3.3802, 4.024
2025/07/16 11:11:43, 378.89, 86.45, 9.11, 59.68, 7.16, 6.82, 6.82, 3.5579, 4.024
2025/07/16 11:16:43, 397.79, 86.13, 8.99, 60.11, 7.79, 7.33, 7.21, 3.4606, 4.024
2025/07/16 11:21:43, 402.98, 86.35, 9.91, 56.36, 8.21, 7.60, 7.60, 2.8906, 3.521
2025/07/16 11:26:43, 386.89, 86.48, 9.11, 58.68, 7.23, 6.73, 6.77, 3.0247, 3.521
2025/07/16 11:31:43, 382.58, 86.45, 8.50, 60.53, 6.31, 6.01, 6.11, 3.1756, 4.024
2025/07/16 11:36:43, 377.48, 86.32, 8.04, 63.18, 6.41, 6.11, 6.19, 3.4808, 4.024
2025/07/16 11:41:43, 391.11, 86.26, 8.64, 61.62, 7.31, 6.96, 6.96, 3.5981, 4.527
2025/07/16 11:46:43, 394.36, 86.38, 8.71, 60.26, 6.85, 6.48, 6.53, 3.0717, 4.024
2025/07/16 11:51:43, 370.01, 86.01, 8.83, 60.46, 6.70, 6.48, 6.51, 2.8604, 3.521
2025/07/16 11:56:43, 333.53, 85.45, 9.11, 59.72, 6.48, 6.31, 6.39, 2.5418, 3.521
2025/07/16 12:01:43, 370.19, 83.57, 10.75, 54.26, 8.17, 7.93, 8.04, 2.5653, 3.521
2025/07/16 12:06:43, 373.00, 83.29, 11.36, 51.54, 8.24, 8.02, 8.24, 2.7598, 3.521
2025/07/16 12:11:43, 382.93, 84.29, 11.40, 50.94, 8.60, 8.19, 8.55, 2.5988, 3.018
2025/07/16 12:16:43, 405.26, 86.04, 10.71, 52.51, 8.60, 7.83, 7.95, 2.9576, 3.521
2025/07/16 12:21:43, 378.89, 85.66, 10.24, 54.47, 7.55, 7.18, 7.28, 2.9509, 4.024
2025/07/16 12:26:43, 375.11, 85.76, 8.83, 58.53, 6.44, 6.19, 6.31, 3.5478, 4.024
2025/07/16 12:31:43, 378.45, 85.85, 8.41, 60.41, 6.29, 5.99, 6.09, 3.7926, 4.527
2025/07/16 12:36:43, 386.98, 85.23, 8.48, 60.34, 6.58, 6.21, 6.34, 3.8597, 4.527
2025/07/16 12:41:43, 385.31, 85.54, 8.14, 62.26, 6.73, 6.36, 6.41, 4.2688, 5.03
2025/07/16 12:46:43, 389.09, 85.70, 8.07, 61.88, 6.34, 5.99, 6.14, 4.2856, 5.03
2025/07/16 12:51:43, 385.31, 85.79, 7.90, 62.60, 6.19, 5.85, 5.99, 4.3627, 5.03
2025/07/16 12:56:43, 373.53, 86.26, 7.90, 63.56, 6.36, 6.09, 6.04, 4.4499, 5.03
2025/07/16 13:01:43, 378.98, 86.32, 8.60, 60.95, 6.73, 6.44, 6.44, 3.8329, 4.527
2025/07/16 13:06:43, 382.93, 86.35, 8.62, 60.58, 6.70, 6.34, 6.46, 3.5378, 4.024
2025/07/16 13:11:43, 389.26, 86.41, 8.43, 60.89, 6.56, 6.16, 6.24, 3.36, 4.024
2025/07/16 13:16:43, 389.53, 86.45, 8.48, 61.16, 7.09, 6.61, 6.58, 2.9543, 3.521
2025/07/16 13:21:43, 382.58, 86.41, 8.02, 62.95, 6.29, 5.92, 5.97, 3.189, 4.024
2025/07/16 13:26:43, 386.27, 86.38, 8.21, 62.12, 6.63, 6.21, 6.24, 3.4539, 4.024
2025/07/16 13:31:43, 383.29, 86.48, 8.26, 61.98, 6.53, 6.19, 6.21, 3.2628, 4.024
2025/07/16 13:36:43, 375.20, 86.45, 8.21, 61.72, 5.99, 5.80, 5.89, 2.8839, 3.521
2025/07/16 13:41:43, 363.77, 86.41, 8.21, 62.61, 6.41, 6.19, 6.16, 3.4305, 4.024
2025/07/16 13:46:43, 361.48, 86.35, 8.92, 60.21, 6.85, 6.58, 6.56, 3.5881, 4.024
2025/07/16 13:51:43, 365.79, 86.38, 8.88, 59.95, 6.80, 6.53, 6.51, 3.36, 4.024
2025/07/16 13:56:43, 370.19, 86.41, 8.78, 60.31, 6.68, 6.46, 6.44, 2.9811, 3.521
2025/07/16 14:01:43, 416.08, 86.38, 9.59, 56.69, 7.48, 7.23, 7.28, 2.8671, 3.521
2025/07/16 14:06:43, 412.82, 86.45, 9.61, 56.99, 7.88, 7.45, 7.55, 2.9677, 4.024
2025/07/16 14:11:43, 398.85, 86.45, 9.26, 57.14, 7.26, 6.58, 6.58, 3.0549, 3.521
2025/07/16 14:16:43, 383.73, 86.48, 7.60, 63.45, 5.60, 5.33, 5.38, 3.4808, 4.527
2025/07/16 14:21:43, 380.38, 86.45, 7.28, 65.44, 5.82, 5.51, 5.53, 4.0609, 5.03
2025/07/16 14:26:43, 371.95, 86.48, 7.64, 64.01, 5.70, 5.51, 5.58, 3.2024, 4.527
2025/07/16 14:31:43, 393.84, 86.48, 7.79, 63.44, 6.44, 6.09, 6.14, 2.6391, 3.521
2025/07/16 14:36:43, 424.52, 86.45, 8.09, 61.85, 5.89, 5.87, 5.82, 2.6659, 3.521
2025/07/16 14:41:43, 407.73, 86.48, 8.41, 61.48, 6.89, 6.53, 6.58, 2.4077, 3.018
2025/07/16 14:46:43, 398.58, 86.48, 8.62, 59.80, 6.85, 6.16, 6.14, 2.6391, 3.521
2025/07/16 14:51:43, 395.51, 86.48, 8.57, 60.58, 7.18, 6.63, 6.61, 2.8134, 3.521
2025/07/16 14:56:43, 390.76, 86.51, 10.71, 55.12, 9.06, 8.43, 8.34, 1.7203, 3.018
2025/07/16 15:01:43, 388.03, 86.54, 10.34, 53.88, 7.28, 6.68, 6.77, 1.9013, 2.515
2025/07/16 15:06:43, 408.43, 86.51, 10.57, 54.39, 8.53, 7.64, 7.60, 2.1998, 2.515
2025/07/16 15:11:43, 399.73, 86.51, 8.57, 59.17, 6.44, 5.87, 5.87, 2.9174, 4.024
2025/07/16 15:16:43, 391.73, 86.51, 7.95, 62.16, 6.31, 5.82, 5.85, 3.1287, 4.024
2025/07/16 15:21:43, 392.78, 86.45, 8.34, 61.51, 6.99, 6.51, 6.48, 2.6257, 3.018
2025/07/16 15:26:43, 390.14, 86.48, 8.19, 62.05, 6.65, 6.19, 6.11, 2.6793, 3.521
2025/07/16 15:31:43, 384.78, 86.45, 7.50, 63.88, 5.63, 5.31, 5.36, 3.0616, 3.521
2025/07/16 15:36:43, 379.77, 86.48, 7.35, 65.12, 5.73, 5.46, 5.55, 2.7095, 3.521
2025/07/16 15:41:43, 403.77, 86.51, 7.86, 63.26, 6.68, 6.09, 6.09, 2.5921, 3.018
2025/07/16 15:46:43, 401.84, 86.48, 8.31, 61.36, 6.87, 6.29, 6.29, 2.6391, 3.521
2025/07/16 15:51:43, 399.29, 86.45, 8.21, 61.31, 6.68, 6.09, 6.06, 2.8604, 3.521
2025/07/16 15:56:43, 388.30, 86.48, 8.14, 62.34, 6.77, 6.39, 6.46, 2.4613, 3.018
2025/07/16 16:01:43, 384.25, 86.48, 8.19, 61.86, 6.26, 5.94, 6.06, 2.1797, 3.018
2025/07/16 16:06:43, 400.60, 86.45, 7.95, 62.72, 6.73, 6.24, 6.29, 2.5687, 3.018
2025/07/16 16:11:43, 407.46, 86.45, 8.07, 62.29, 6.68, 6.09, 6.04, 2.5586, 3.521
2025/07/16 16:16:43, 398.23, 86.45, 7.71, 63.58, 6.26, 5.68, 5.53, 3.1924, 4.527
2025/07/16 16:21:43, 400.96, 86.45, 7.35, 64.56, 5.94, 5.43, 5.41, 3.0951, 3.521
2025/07/16 16:26:43, 382.58, 86.41, 6.58, 68.30, 5.23, 4.93, 4.91, 3.3466, 4.024
2025/07/16 16:31:43, 381.97, 86.41, 6.58, 68.71, 5.43, 5.08, 5.10, 3.6048, 4.527
2025/07/16 16:36:43, 388.56, 86.41, 6.82, 67.74, 5.60, 5.31, 5.31, 3.2829, 4.024
2025/07/16 16:41:43, 374.67, 86.41, 7.76, 65.54, 6.61, 6.24, 6.14, 2.6827, 4.024
2025/07/16 16:46:43, 376.08, 86.38, 8.24, 63.50, 6.63, 6.34, 6.14, 3.6283, 4.527
2025/07/16 16:51:43, 375.73, 86.38, 8.34, 62.73, 6.48, 6.11, 5.92, 3.7557, 4.527
2025/07/16 16:56:43, 372.30, 86.38, 7.35, 66.41, 5.87, 5.55, 5.43, 4.3224, 5.03
2025/07/16 17:01:43, 376.25, 86.35, 7.16, 67.01, 5.73, 5.41, 5.31, 4.7651, 6.036
2025/07/16 17:06:43, 382.23, 86.35, 6.96, 67.54, 5.70, 5.36, 5.31, 4.5002, 5.03
2025/07/16 17:11:43, 383.37, 86.35, 7.33, 68.15, 6.53, 6.21, 6.09, 4.3895, 5.03
2025/07/16 17:16:43, 374.23, 86.38, 7.83, 65.96, 6.75, 6.48, 6.34, 3.3802, 4.527
2025/07/16 17:21:43, 651.86, 86.38, 8.38, 66.41, 8.60, 8.48, 8.31, 2.6122, 4.024
2025/07/16 17:26:43, 658.80, 86.45, 9.11, 61.83, 7.38, 7.16, 6.80, 1.4486, 2.515
2025/07/16 17:31:43, 501.97, 86.48, 10.03, 57.56, 6.85, 6.44, 6.16, 0.4359, 1.509
2025/07/16 17:36:43, 420.47, 86.41, 9.42, 59.20, 7.26, 7.06, 7.04, 1.5995, 2.515
2025/07/16 17:41:43, 409.48, 86.41, 8.95, 60.14, 7.16, 6.58, 6.41, 2.1897, 3.018
2025/07/16 17:46:43, 382.93, 86.45, 9.38, 58.15, 6.85, 6.26, 6.19, 1.8276, 3.018
2025/07/16 17:51:43, 388.47, 86.45, 9.98, 57.26, 7.57, 6.87, 6.53, 2.0522, 3.018
2025/07/16 17:56:43, 378.01, 86.41, 9.64, 62.12, 6.99, 5.73, 5.33, 1.9617, 2.515
2025/07/16 18:01:43, 391.29, 86.41, 9.21, 61.10, 5.70, 4.76, 4.59, 2.3876, 3.018
2025/07/16 18:06:43, 414.05, 86.41, 7.79, 62.14, 4.66, 4.41, 4.46, 1.9617, 2.515
2025/07/16 18:11:43, 417.31, 86.35, 6.34, 69.19, 4.51, 4.36, 4.36, 2.3406, 3.018
2025/07/16 18:16:43, 418.89, 86.38, 6.19, 71.05, 4.78, 4.59, 4.59, 2.4043, 3.018
2025/07/16 18:21:43, 390.49, 86.41, 6.24, 70.54, 4.71, 4.31, 4.33, 1.8309, 2.515
2025/07/16 18:26:43, 387.33, 86.38, 6.31, 71.91, 5.03, 4.61, 4.46, 2.5452, 3.018
2025/07/16 18:31:43, 384.08, 86.38, 5.89, 74.47, 5.05, 4.69, 4.51, 2.6089, 3.018
2025/07/16 18:36:43, 380.03, 86.38, 5.89, 73.07, 4.44, 4.10, 4.00, 2.6122, 3.018
2025/07/16 18:41:43, 379.07, 86.35, 5.41, 75.20, 4.31, 4.00, 3.88, 2.7564, 3.018
2025/07/16 18:46:43, 378.98, 86.38, 5.21, 75.54, 4.16, 3.90, 3.75, 2.8939, 3.521
2025/07/16 18:51:43, 378.27, 86.38, 4.98, 76.31, 4.03, 3.80, 3.70, 2.6424, 3.018
2025/07/16 18:56:43, 390.14, 86.38, 4.61, 77.06, 3.78, 3.53, 3.50, 2.6491, 3.521
2025/07/16 19:01:43, 393.04, 86.38, 4.56, 78.64, 4.16, 3.85, 3.70, 2.9342, 3.521
2025/07/16 19:06:43, 379.33, 86.38, 4.73, 79.33, 4.66, 4.36, 4.13, 3.303, 4.024
2025/07/16 19:11:43, 386.89, 86.38, 6.09, 75.75, 5.58, 4.88, 4.44, 3.0415, 3.521
2025/07/16 19:16:43, 378.63, 86.38, 7.14, 69.56, 5.53, 4.93, 4.49, 2.5217, 3.018
2025/07/16 19:21:43, 379.24, 86.38, 6.68, 71.05, 5.10, 4.28, 3.83, 2.411, 3.018
2025/07/16 19:26:43, 375.11, 86.38, 7.55, 68.03, 6.14, 5.26, 4.56, 1.7035, 2.515
2025/07/16 19:31:43, 408.96, 86.38, 5.43, 73.14, 3.93, 3.60, 3.43, 1.5157, 2.012
2025/07/16 19:36:43, 391.90, 86.38, 4.88, 77.84, 4.56, 4.18, 3.80, 1.9315, 2.515
2025/07/16 19:41:43, 358.41, 86.35, 4.76, 78.04, 4.03, 3.75, 3.50, 1.5895, 2.515
2025/07/16 19:46:43, 363.24, 86.35, 5.65, 76.57, 5.33, 4.88, 4.41, 2.619, 4.024
2025/07/16 19:51:43, 370.01, 86.35, 6.82, 70.77, 5.23, 4.59, 4.08, 2.8671, 3.521
2025/07/16 19:56:43, 377.92, 86.35, 6.14, 71.08, 4.39, 3.98, 3.70, 2.0522, 3.018
2025/07/16 20:01:43, 422.14, 86.32, 5.00, 76.72, 4.13, 3.88, 3.63, 2.173, 3.018
2025/07/16 20:06:43, 414.58, 86.32, 6.39, 73.40, 6.26, 5.82, 5.33, 2.7497, 3.521
2025/07/16 20:11:43, 408.60, 86.32, 7.01, 70.65, 6.58, 5.87, 5.21, 2.5452, 3.018
2025/07/16 20:16:43, 390.93, 86.35, 6.96, 69.87, 6.41, 5.94, 5.43, 2.2333, 3.018
2025/07/16 20:21:43, 409.40, 86.35, 6.96, 69.83, 5.80, 4.88, 4.21, 1.9818, 2.515
2025/07/16 20:26:43, 381.70, 86.35, 6.39, 72.07, 5.18, 3.90, 3.09, 1.7035, 2.515
2025/07/16 20:31:43, 389.35, 86.35, 5.38, 74.50, 4.44, 4.03, 3.65, 2.23, 3.018
2025/07/16 20:36:43, 380.65, 86.32, 5.03, 78.05, 4.73, 4.21, 3.73, 2.7128, 3.018
2025/07/16 20:41:43, 402.10, 86.32, 4.61, 78.06, 4.10, 3.93, 3.73, 2.126, 3.018
2025/07/16 20:46:43, 400.87, 86.32, 4.73, 77.30, 4.21, 3.85, 3.45, 2.0288, 2.515
2025/07/16 20:51:43, 399.02, 86.32, 4.13, 80.40, 3.65, 3.30, 2.94, 2.2736, 3.018
2025/07/16 20:56:43, 401.13, 86.35, 4.03, 80.64, 3.60, 3.22, 2.86, 2.3004, 3.018
2025/07/16 21:01:43, 405.35, 86.35, 4.26, 79.98, 3.93, 3.60, 3.25, 3.0146, 3.521
2025/07/16 21:06:43, 406.05, 86.35, 3.65, 82.08, 3.27, 3.04, 2.81, 2.5485, 3.018
2025/07/16 21:11:43, 405.26, 86.35, 3.60, 82.48, 3.12, 2.86, 2.61, 2.2098, 3.018
2025/07/16 21:16:43, 404.56, 86.35, 3.80, 82.40, 3.73, 3.45, 2.99, 1.8343, 2.515
2025/07/16 21:21:43, 402.27, 86.35, 4.73, 80.10, 5.00, 4.41, 3.45, 2.0154, 3.018
2025/07/16 21:26:43, 394.80, 86.35, 4.03, 79.47, 3.06, 2.73, 2.48, 2.0757, 3.018
2025/07/16 21:31:43, 392.08, 86.35, 4.31, 80.40, 3.53, 3.12, 2.73, 1.955, 2.515
2025/07/16 21:36:43, 392.96, 86.35, 4.51, 79.14, 3.22, 2.63, 2.27, 1.9718, 2.515
2025/07/16 21:41:43, 393.48, 86.35, 3.30, 84.52, 2.89, 2.58, 2.27, 2.4245, 3.018
2025/07/16 21:46:43, 395.77, 86.35, 2.78, 85.75, 2.32, 2.14, 1.95, 2.3909, 3.018
2025/07/16 21:51:43, 389.00, 86.32, 2.16, 89.40, 1.98, 1.83, 1.67, 2.2233, 2.515
2025/07/16 21:56:43, 390.32, 86.32, 3.19, 85.56, 3.17, 2.91, 2.58, 2.6122, 3.521
2025/07/16 22:01:43, 395.68, 86.35, 3.25, 84.77, 3.12, 2.94, 2.71, 2.7665, 3.521
2025/07/16 22:06:43, 390.67, 86.32, 2.68, 86.83, 2.32, 2.16, 1.98, 2.7631, 3.521
2025/07/16 22:11:43, 399.64, 86.32, 2.35, 89.66, 2.32, 2.19, 2.03, 2.9409, 3.521
2025/07/16 22:16:43, 405.70, 86.32, 2.58, 89.52, 2.71, 2.58, 2.37, 2.7363, 3.521
2025/07/16 22:21:43, 388.56, 86.32, 2.68, 88.36, 2.50, 2.37, 2.16, 2.4513, 3.521
2025/07/16 22:26:43, 364.47, 86.32, 2.43, 90.18, 2.58, 2.40, 2.16, 1.6465, 2.515
2025/07/16 22:31:43, 394.71, 86.29, 2.71, 88.44, 2.58, 2.37, 2.16, 2.7531, 4.024
2025/07/16 22:36:43, 406.32, 86.29, 2.32, 90.13, 2.32, 2.19, 2.00, 2.1696, 3.018
2025/07/16 22:41:43, 384.08, 86.29, 2.08, 91.18, 1.95, 1.80, 1.64, 2.2803, 3.018
2025/07/16 22:46:43, 378.89, 86.32, 2.45, 90.92, 2.50, 2.27, 2.03, 2.914, 3.521
2025/07/16 22:51:43, 385.22, 86.29, 2.58, 89.08, 2.40, 2.19, 1.95, 2.6391, 3.521
2025/07/16 22:56:43, 413.53, 86.29, 2.48, 89.46, 2.30, 2.11, 1.93, 1.9952, 3.018
2025/07/16 23:01:43, 418.19, 86.32, 2.37, 90.61, 2.53, 2.22, 1.88, 2.0086, 2.515
2025/07/16 23:06:43, 403.24, 86.32, 2.73, 88.85, 2.58, 2.27, 1.98, 2.0925, 3.018
2025/07/16 23:11:43, 388.56, 86.32, 2.63, 88.76, 2.56, 2.37, 2.14, 2.3876, 3.018
2025/07/16 23:16:43, 388.21, 86.32, 2.08, 90.63, 1.85, 1.75, 1.62, 2.4278, 3.018
2025/07/16 23:21:43, 393.31, 86.26, 1.95, 92.03, 1.85, 1.70, 1.57, 2.6525, 3.521
2025/07/16 23:26:43, 389.70, 86.29, 2.48, 91.15, 2.81, 2.61, 2.35, 2.6994, 3.521
2025/07/16 23:31:43, 391.02, 86.29, 2.50, 89.47, 2.32, 2.14, 1.90, 2.6223, 3.521
2025/07/16 23:36:43, 390.49, 86.29, 2.32, 90.57, 2.16, 2.00, 1.85, 2.6357, 3.018
2025/07/16 23:41:43, 390.23, 86.32, 2.37, 90.83, 2.37, 2.19, 2.03, 2.5687, 3.018
2025/07/16 23:46:43, 389.18, 86.29, 1.98, 92.22, 1.83, 1.72, 1.59, 2.7766, 3.521
2025/07/16 23:51:43, 401.92, 86.26, 1.83, 93.29, 1.80, 1.70, 1.54, 2.515, 3.018
2025/07/16 23:56:43, 398.23, 86.29, 2.03, 93.55, 2.27, 2.08, 1.83, 2.297, 3.018
2025/07/17 0:01:43, 399.64, 86.29, 1.93, 92.94, 1.83, 1.70, 1.54, 2.1663, 2.515
2025/07/17 0:06:43, 397.53, 86.29, 1.85, 93.40, 1.75, 1.62, 1.49, 2.6324, 3.521
2025/07/17 0:11:43, 399.73, 86.26, 1.64, 94.35, 1.59, 1.49, 1.35, 2.9643, 3.521
2025/07/17 0:16:43, 396.74, 86.26, 1.77, 94.19, 1.80, 1.70, 1.57, 3.35, 4.024
2025/07/17 0:21:43, 404.03, 86.26, 1.62, 94.49, 1.54, 1.43, 1.33, 2.961, 3.521
2025/07/17 0:26:43, 402.01, 86.26, 1.75, 94.66, 1.85, 1.72, 1.57, 2.9643, 3.521
2025/07/17 0:31:43, 414.58, 86.26, 2.00, 93.51, 2.06, 1.90, 1.72, 2.8604, 3.521
2025/07/17 0:36:43, 408.60, 86.26, 2.27, 93.26, 2.81, 2.61, 2.30, 2.5787, 3.521
2025/07/17 0:41:43, 400.25, 86.26, 2.78, 89.00, 2.61, 2.32, 2.03, 2.6961, 3.521
2025/07/17 0:46:43, 386.45, 86.26, 3.04, 89.05, 3.43, 3.30, 2.99, 2.7531, 4.024
2025/07/17 0:51:43, 385.84, 86.26, 2.94, 87.75, 2.71, 2.43, 2.19, 2.8805, 4.024
2025/07/17 0:56:43, 373.79, 86.26, 2.50, 89.54, 2.30, 2.03, 1.80, 2.5049, 3.018
2025/07/17 1:01:43, 387.68, 86.26, 2.58, 90.73, 2.50, 2.14, 1.77, 2.3306, 3.018
2025/07/17 1:06:43, 383.81, 86.26, 2.58, 89.96, 2.27, 2.03, 1.77, 2.3473, 3.018
2025/07/17 1:11:43, 382.58, 86.26, 1.98, 92.22, 1.80, 1.59, 1.38, 2.0288, 2.515
2025/07/17 1:16:43, 384.08, 86.23, 2.22, 91.76, 2.06, 1.75, 1.35, 1.7136, 2.012
2025/07/17 1:21:43, 417.84, 86.26, 2.03, 93.62, 2.08, 1.80, 1.38, 1.5593, 2.012
2025/07/17 1:26:43, 410.80, 86.23, 1.22, 94.63, 0.95, 0.82, 0.69, 1.9315, 2.515
2025/07/17 1:31:43, 415.20, 86.23, 0.95, 95.97, 0.79, 0.72, 0.58, 2.0891, 2.515
2025/07/17 1:36:43, 400.96, 86.26, 0.82, 97.29, 0.79, 0.69, 0.58, 2.0791, 2.515
2025/07/17 1:41:43, 399.11, 86.23, 0.82, 97.91, 0.90, 0.79, 0.66, 2.3607, 3.018
2025/07/17 1:46:43, 403.59, 86.23, 0.90, 97.71, 0.90, 0.74, 0.58, 2.2669, 2.515
2025/07/17 1:51:43, 405.62, 86.26, 0.72, 97.82, 0.69, 0.58, 0.48, 2.3708, 3.018
2025/07/17 1:56:43, 398.67, 86.26, 0.74, 98.04, 0.82, 0.74, 0.64, 2.3037, 3.018
2025/07/17 2:01:43, 392.78, 86.23, 0.93, 98.01, 1.03, 0.93, 0.79, 2.3239, 2.515
2025/07/17 2:06:43, 389.97, 86.26, 1.33, 97.65, 1.57, 1.43, 1.25, 2.6257, 3.018
2025/07/17 2:11:43, 392.34, 86.26, 1.95, 95.21, 2.08, 1.90, 1.72, 2.6726, 3.521
2025/07/17 2:16:43, 394.10, 86.23, 2.03, 93.99, 2.03, 1.85, 1.70, 2.4882, 3.018
2025/07/17 2:21:43, 389.53, 86.26, 1.95, 94.12, 1.88, 1.75, 1.62, 2.6055, 3.018
2025/07/17 2:26:43, 392.43, 86.23, 2.03, 94.10, 1.95, 1.80, 1.64, 2.8973, 3.521
2025/07/17 2:31:43, 396.21, 86.23, 1.90, 94.55, 1.83, 1.67, 1.49, 2.344, 3.018
2025/07/17 2:36:43, 387.95, 86.23, 1.77, 95.36, 1.80, 1.64, 1.43, 2.173, 2.515
2025/07/17 2:41:43, 374.49, 86.23, 2.53, 94.08, 2.71, 2.45, 2.16, 2.4714, 3.018
2025/07/17 2:46:43, 410.80, 86.20, 2.24, 92.27, 1.80, 1.62, 1.43, 2.2132, 3.018
2025/07/17 2:51:43, 394.27, 86.20, 1.95, 94.85, 1.93, 1.75, 1.54, 2.7196, 3.521
2025/07/17 2:56:43, 384.69, 86.20, 2.78, 90.91, 2.48, 2.16, 1.90, 2.7531, 3.018
2025/07/17 3:01:43, 378.98, 86.20, 1.95, 92.36, 1.59, 1.41, 1.27, 2.4345, 3.018
2025/07/17 3:06:43, 376.60, 86.20, 1.95, 94.96, 2.00, 1.77, 1.54, 2.3607, 3.018
2025/07/17 3:11:43, 380.91, 86.20, 2.16, 93.57, 1.95, 1.72, 1.49, 2.5754, 3.018
2025/07/17 3:16:43, 378.71, 86.20, 1.90, 94.03, 1.80, 1.64, 1.49, 2.7665, 3.018
2025/07/17 3:21:43, 386.63, 86.20, 1.72, 95.53, 1.70, 1.51, 1.33, 2.6659, 3.018
2025/07/17 3:26:43, 383.11, 86.20, 1.70, 96.08, 1.64, 1.46, 1.27, 2.354, 2.515
2025/07/17 3:31:43, 387.24, 86.16, 1.77, 95.58, 1.85, 1.67, 1.46, 2.6994, 3.018
2025/07/17 3:36:43, 378.98, 86.20, 1.85, 93.95, 1.88, 1.75, 1.59, 2.6927, 3.521
2025/07/17 3:41:43, 376.87, 86.16, 1.90, 93.45, 1.88, 1.75, 1.57, 3.075, 3.521
2025/07/17 3:46:43, 383.99, 86.16, 2.11, 92.83, 2.22, 2.06, 1.80, 2.9811, 3.521
2025/07/17 3:51:43, 405.00, 86.13, 1.75, 92.51, 1.38, 1.22, 1.06, 2.8839, 3.521
2025/07/17 3:56:43, 384.87, 86.13, 1.93, 93.24, 2.00, 1.83, 1.59, 2.8839, 3.521
2025/07/17 4:01:43, 385.13, 86.13, 2.08, 93.26, 2.16, 1.95, 1.72, 2.5251, 3.018
2025/07/17 4:06:43, 393.40, 86.13, 2.37, 93.61, 2.43, 2.19, 1.90, 2.7162, 3.521
2025/07/17 4:11:43, 386.19, 86.13, 2.16, 93.06, 2.03, 1.85, 1.64, 2.743, 3.018
2025/07/17 4:16:43, 382.05, 86.13, 2.06, 93.85, 2.03, 1.85, 1.67, 2.6793, 3.018
2025/07/17 4:21:43, 382.76, 86.13, 2.06, 93.74, 1.93, 1.75, 1.57, 2.2903, 2.515
2025/07/17 4:26:43, 380.74, 86.13, 2.16, 94.19, 2.08, 1.80, 1.54, 2.2635, 2.515
2025/07/17 4:31:43, 391.90, 86.13, 2.11, 93.56, 1.90, 1.70, 1.46, 2.1931, 2.515
2025/07/17 4:36:43, 399.20, 86.13, 1.88, 94.10, 1.75, 1.54, 1.33, 1.9785, 3.018
2025/07/17 4:41:43, 397.79, 86.13, 1.83, 93.07, 1.51, 1.35, 1.22, 2.3473, 3.018
2025/07/17 4:46:43, 397.44, 86.13, 1.46, 94.75, 1.27, 1.11, 1.00, 2.5754, 3.018
2025/07/17 4:51:43, 392.43, 86.13, 1.27, 96.10, 1.27, 1.14, 1.03, 2.5519, 3.018
2025/07/17 4:56:43, 383.64, 86.13, 1.85, 95.12, 1.88, 1.70, 1.57, 2.7766, 3.521
2025/07/17 5:01:43, 384.60, 86.10, 2.11, 93.86, 1.98, 1.83, 1.72, 2.6961, 3.521
2025/07/17 5:06:43, 386.54, 86.10, 1.98, 93.79, 1.75, 1.59, 1.49, 2.4446, 3.018
2025/07/17 5:11:43, 385.66, 86.10, 2.30, 93.31, 2.06, 1.88, 1.75, 2.3876, 3.018
2025/07/17 5:16:43, 387.59, 86.10, 2.73, 90.61, 2.27, 2.08, 1.98, 2.4178, 3.018
2025/07/17 5:21:43, 384.96, 86.10, 2.68, 91.40, 2.30, 2.11, 2.00, 2.4245, 3.018
2025/07/17 5:26:43, 381.70, 86.10, 2.66, 91.62, 2.27, 2.08, 1.98, 2.5687, 3.018
2025/07/17 5:31:43, 388.82, 86.10, 2.84, 90.55, 2.40, 2.22, 2.16, 2.411, 3.018
2025/07/17 5:36:43, 391.20, 86.10, 2.71, 89.87, 2.27, 2.06, 1.98, 2.24, 2.515
2025/07/17 5:41:43, 381.09, 86.10, 2.78, 90.32, 2.50, 2.32, 2.22, 2.2534, 3.018
2025/07/17 5:46:43, 381.18, 86.10, 3.30, 89.36, 2.91, 2.68, 2.58, 2.3775, 3.018
2025/07/17 5:51:43, 385.40, 86.10, 3.17, 88.53, 2.58, 2.40, 2.37, 2.3306, 2.515
2025/07/17 5:56:43, 384.52, 86.10, 3.12, 89.29, 2.63, 2.43, 2.40, 2.676, 3.521
2025/07/17 6:01:43, 382.93, 86.10, 3.70, 87.71, 3.12, 2.78, 2.84, 2.79, 3.521
2025/07/17 6:06:43, 391.64, 86.10, 3.50, 89.43, 3.04, 2.76, 2.68, 2.619, 3.018
2025/07/17 6:11:43, 396.47, 86.10, 3.93, 89.47, 3.53, 3.14, 2.99, 2.3239, 3.018
2025/07/17 6:16:43, 391.20, 86.10, 4.10, 87.04, 3.48, 3.06, 2.89, 2.0254, 2.515
2025/07/17 6:21:43, 395.15, 86.07, 3.73, 84.78, 3.01, 2.76, 2.71, 2.1193, 2.515
2025/07/17 6:26:43, 402.89, 86.07, 3.55, 85.77, 3.06, 2.78, 2.68, 2.4278, 3.018
2025/07/17 6:31:43, 390.49, 86.07, 3.45, 85.90, 2.86, 2.66, 2.58, 2.7363, 3.521
2025/07/17 6:36:43, 348.38, 86.07, 3.35, 86.18, 2.37, 2.27, 2.24, 2.733, 3.521
2025/07/17 6:41:43, 389.00, 86.07, 3.40, 86.41, 2.73, 2.56, 2.50, 2.3373, 3.018
2025/07/17 6:46:43, 380.03, 86.07, 4.08, 84.58, 3.40, 3.22, 3.06, 2.8436, 4.024
2025/07/17 6:51:43, 386.54, 86.10, 4.51, 83.15, 3.95, 3.65, 3.50, 2.7363, 3.521
2025/07/17 6:56:43, 384.78, 86.07, 4.51, 83.00, 3.85, 3.60, 3.48, 2.3172, 3.018
2025/07/17 7:01:43, 386.71, 86.07, 4.41, 83.54, 3.88, 3.65, 3.55, 2.6257, 3.018
2025/07/17 7:06:43, 401.04, 86.10, 4.46, 82.81, 3.75, 3.53, 3.48, 2.4379, 3.018
2025/07/17 7:11:43, 405.18, 86.10, 4.41, 82.73, 3.68, 3.37, 3.35, 1.8343, 2.515
2025/07/17 7:16:43, 405.53, 86.07, 4.36, 82.39, 3.43, 3.22, 3.17, 1.7706, 2.515
2025/07/17 7:21:43, 409.31, 86.07, 4.13, 84.70, 3.35, 3.09, 3.06, 2.0657, 3.018
2025/07/17 7:26:43, 399.99, 86.04, 4.08, 85.87, 3.40, 3.09, 2.99, 2.5184, 3.018
2025/07/17 7:31:43, 386.01, 86.04, 4.00, 84.42, 3.17, 2.96, 2.96, 2.5284, 3.521
2025/07/17 7:36:43, 400.96, 86.04, 4.36, 83.86, 3.93, 3.60, 3.55, 2.0288, 2.515
2025/07/17 7:41:43, 406.93, 86.07, 4.73, 81.24, 4.05, 3.70, 3.70, 1.9315, 2.515
2025/07/17 7:46:43, 402.63, 86.07, 4.91, 81.23, 4.41, 4.03, 3.98, 2.4479, 3.018
2025/07/17 7:51:43, 395.68, 86.10, 5.68, 79.26, 4.93, 4.54, 4.41, 2.7598, 3.521
2025/07/17 7:56:43, 393.04, 86.10, 6.87, 76.50, 5.85, 5.31, 5.26, 2.3138, 3.018
2025/07/17 8:01:43, 393.13, 86.13, 8.60, 75.41, 7.83, 6.39, 6.04, 1.9751, 2.515
2025/07/17 8:06:43, 381.62, 86.13, 7.57, 68.66, 4.71, 4.51, 4.71, 1.5056, 2.012
2025/07/17 8:11:43, 438.05, 86.07, 7.33, 69.07, 5.00, 5.00, 4.93, 0.7746, 1.509
2025/07/17 8:16:43, 374.41, 86.10, 7.38, 66.82, 4.26, 4.16, 4.44, 0.9389, 2.012
2025/07/17 8:21:43, 386.54, 86.07, 6.41, 72.70, 4.98, 4.73, 4.86, 1.8175, 2.515
2025/07/17 8:26:43, 375.81, 86.07, 5.80, 75.37, 4.00, 3.80, 3.90, 2.3775, 3.018
2025/07/17 8:31:43, 380.74, 86.07, 5.51, 76.58, 3.93, 3.70, 3.85, 2.2635, 3.521
2025/07/17 8:36:43, 394.36, 86.07, 6.19, 76.14, 5.23, 4.91, 4.95, 2.1864, 2.515
2025/07/17 8:41:43, 407.73, 86.04, 7.16, 70.49, 5.70, 5.43, 5.65, 1.5559, 2.012
2025/07/17 8:46:43, 397.44, 86.04, 7.23, 68.87, 5.55, 5.05, 5.31, 1.4822, 2.012
2025/07/17 8:51:43, 394.19, 86.04, 6.58, 73.32, 5.18, 4.73, 4.81, 1.9651, 2.515
2025/07/17 8:56:43, 394.19, 86.01, 7.52, 68.54, 5.21, 4.81, 4.76, 1.7739, 2.515
2025/07/17 9:01:43, 408.25, 86.01, 7.26, 68.65, 5.60, 5.10, 5.26, 1.613, 2.012
2025/07/17 9:06:43, 398.93, 86.01, 6.80, 70.44, 5.23, 4.76, 4.86, 2.1461, 2.515
2025/07/17 9:11:43, 398.93, 85.98, 7.18, 70.45, 5.94, 5.46, 5.58, 2.1629, 3.018
2025/07/17 9:16:43, 378.01, 86.01, 7.11, 70.11, 4.66, 4.46, 4.66, 1.6297, 2.012
2025/07/17 9:21:43, 381.70, 85.98, 6.96, 72.12, 5.26, 5.00, 5.31, 1.841, 2.515
2025/07/17 9:26:43, 381.18, 86.01, 7.40, 69.78, 5.55, 5.41, 5.75, 1.7001, 2.515
2025/07/17 9:31:43, 403.95, 86.01, 8.09, 66.29, 6.46, 6.04, 6.19, 1.4755, 2.012
2025/07/17 9:36:43, 393.75, 86.01, 8.67, 64.67, 7.43, 7.01, 7.31, 1.2575, 2.012
2025/07/17 9:41:43, 393.66, 86.04, 8.85, 63.32, 6.61, 6.04, 6.39, 1.2474, 2.012
2025/07/17 9:46:43, 441.75, 86.01, 8.50, 63.79, 5.26, 5.23, 5.38, 1.0798, 1.509
2025/07/17 9:51:43, 373.62, 86.04, 8.88, 63.06, 6.09, 5.80, 5.99, 1.2877, 2.515
2025/07/17 9:56:43, 386.27, 86.01, 8.60, 64.55, 5.85, 5.55, 5.87, 1.4889, 2.515
2025/07/17 10:01:43, 417.40, 86.01, 8.29, 65.43, 6.06, 6.04, 6.26, 1.7035, 2.515
2025/07/17 10:06:43, 403.86, 86.01, 8.83, 65.88, 6.82, 6.09, 6.19, 2.116, 2.515
2025/07/17 10:11:43, 390.58, 86.01, 8.38, 66.70, 6.21, 5.75, 5.99, 1.8443, 2.515
2025/07/17 10:16:43, 411.24, 86.01, 9.89, 66.47, 7.55, 6.99, 7.23, 1.5258, 2.012
2025/07/17 10:21:43, 405.88, 86.07, 9.87, 60.44, 6.80, 5.73, 5.94, 1.6565, 2.012
2025/07/17 10:26:43, 409.66, 86.04, 9.47, 63.74, 7.18, 6.09, 6.21, 1.4956, 2.012
2025/07/17 10:31:43, 402.10, 86.04, 9.84, 59.99, 6.44, 5.63, 5.94, 1.4621, 2.012
2025/07/17 10:36:43, 399.99, 86.04, 9.42, 62.47, 6.65, 5.94, 6.48, 1.4587, 2.012
2025/07/17 10:41:43, 391.99, 86.04, 9.16, 62.88, 5.58, 5.21, 5.58, 1.5124, 2.012
2025/07/17 10:46:43, 377.84, 86.01, 8.85, 63.69, 5.46, 5.36, 5.75, 1.4721, 2.012
2025/07/17 10:51:43, 377.13, 86.04, 8.92, 68.45, 6.29, 6.11, 6.65, 1.5258, 2.012
2025/07/17 10:56:43, 376.08, 86.04, 8.78, 66.20, 5.65, 5.51, 5.89, 1.7706, 2.012
2025/07/17 11:01:43, 376.43, 86.01, 9.04, 64.90, 6.19, 6.01, 6.46, 1.8108, 2.012
2025/07/17 11:06:43, 402.19, 86.01, 9.49, 62.81, 7.67, 7.04, 7.33, 1.8645, 2.515
2025/07/17 11:11:43, 386.19, 85.95, 9.23, 64.41, 6.87, 6.51, 6.99, 2.0254, 2.515
2025/07/17 11:16:43, 378.01, 85.73, 9.19, 66.44, 6.44, 6.19, 6.58, 2.0053, 2.515
2025/07/17 11:21:43, 375.11, 85.95, 9.77, 65.37, 6.70, 6.46, 6.80, 1.9751, 2.515
2025/07/17 11:26:43, 401.84, 86.04, 9.84, 60.29, 7.83, 7.35, 7.74, 1.6096, 2.012
2025/07/17 11:31:43, 386.01, 86.04, 9.89, 59.18, 6.56, 6.53, 7.11, 1.1971, 2.012
2025/07/17 11:36:43, 416.34, 86.01, 10.10, 57.50, 6.68, 6.61, 6.82, 0.9926, 1.509
2025/07/17 11:41:43, 408.52, 85.98, 10.29, 58.12, 7.76, 7.04, 7.35, 1.4956, 2.012
2025/07/17 11:46:43, 409.40, 85.95, 10.22, 57.85, 7.52, 6.75, 7.14, 1.9382, 2.515
2025/07/17 11:51:43, 413.00, 85.95, 10.59, 59.49, 8.29, 7.60, 7.83, 1.9248, 2.515
2025/07/17 11:56:43, 406.76, 85.48, 11.26, 55.92, 8.69, 7.76, 8.07, 1.5459, 2.012
2025/07/17 12:01:43, 399.55, 84.32, 11.59, 60.07, 8.50, 7.50, 8.07, 1.4621, 2.012
2025/07/17 12:06:43, 394.54, 84.60, 12.16, 55.69, 7.67, 7.09, 7.69, 1.4755, 2.012
2025/07/17 12:11:43, 392.16, 84.76, 12.42, 57.97, 7.35, 6.73, 7.31, 1.4855, 2.012
2025/07/17 12:16:43, 385.13, 85.48, 11.12, 61.79, 7.09, 6.68, 7.18, 1.623, 2.012
2025/07/17 12:21:43, 385.13, 85.29, 11.26, 55.55, 7.18, 6.85, 7.55, 1.5191, 2.012
2025/07/17 12:26:43, 387.15, 85.32, 10.38, 59.06, 7.50, 7.14, 7.57, 1.7203, 2.012
2025/07/17 12:31:43, 381.79, 85.26, 9.40, 60.46, 6.26, 6.04, 6.51, 1.9785, 2.515
2025/07/17 12:36:43, 379.24, 85.51, 9.35, 61.64, 6.29, 6.14, 6.58, 1.8577, 2.012
2025/07/17 12:41:43, 400.25, 85.73, 10.50, 56.47, 8.36, 7.88, 8.36, 1.6029, 2.012
2025/07/17 12:46:43, 390.67, 85.88, 10.17, 57.06, 8.31, 7.88, 8.36, 1.5492, 2.012
2025/07/17 12:51:43, 407.90, 85.82, 10.43, 55.60, 8.12, 7.55, 8.00, 1.7873, 2.515
2025/07/17 12:56:43, 395.68, 86.01, 9.52, 62.33, 7.14, 6.34, 6.58, 2.0522, 2.515
2025/07/17 13:01:43, 388.30, 85.88, 9.04, 62.19, 6.41, 6.19, 6.61, 1.8678, 2.515
2025/07/17 13:06:43, 388.30, 85.95, 8.95, 63.44, 6.16, 5.94, 6.56, 1.6565, 2.012
2025/07/17 13:11:43, 388.30, 85.98, 9.19, 63.40, 7.45, 7.01, 7.45, 1.6197, 2.012
2025/07/17 13:16:43, 392.52, 85.95, 10.68, 57.08, 8.64, 7.69, 8.24, 1.3447, 1.509
2025/07/17 13:21:43, 391.11, 85.98, 9.26, 61.07, 6.31, 5.89, 6.34, 1.851, 2.515
2025/07/17 13:26:43, 386.71, 85.95, 8.55, 66.02, 5.99, 5.63, 6.04, 2.0891, 2.515
2025/07/17 13:31:43, 388.47, 85.91, 8.53, 65.54, 6.39, 6.01, 6.34, 1.9449, 2.515
2025/07/17 13:36:43, 390.67, 85.85, 10.59, 57.74, 8.67, 8.24, 8.69, 1.7303, 2.515
2025/07/17 13:41:43, 391.29, 85.73, 15.50, 44.77, 14.14, 13.28, 13.83, 1.6498, 2.012
2025/07/17 13:46:43, 391.29, 85.95, 15.99, 40.00, 10.93, 10.00, 10.89, 1.5828, 2.515
2025/07/17 13:51:43, 387.77, 85.95, 13.05, 47.49, 8.90, 8.45, 9.35, 1.9148, 2.515
2025/07/17 13:56:43, 376.96, 85.88, 12.78, 51.02, 8.09, 7.93, 8.76, 1.9885, 2.515
2025/07/17 14:01:43, 377.04, 86.01, 11.45, 57.40, 6.92, 6.82, 7.48, 1.9483, 2.515
2025/07/17 14:06:43, 377.04, 86.01, 10.68, 60.99, 6.44, 6.31, 6.87, 1.9852, 2.515
2025/07/17 14:11:43, 377.66, 86.01, 10.10, 63.45, 6.82, 6.61, 7.23, 2.0824, 2.515
2025/07/17 14:16:43, 377.66, 86.01, 10.08, 61.92, 6.53, 6.34, 6.89, 1.9952, 2.515
2025/07/17 14:21:43, 385.84, 86.01, 9.54, 61.74, 6.68, 6.44, 6.99, 1.8846, 2.515
2025/07/17 14:26:43, 384.25, 86.01, 9.45, 61.54, 7.01, 6.77, 7.26, 1.5995, 2.012
2025/07/17 14:31:43, 405.35, 85.98, 9.21, 60.66, 7.26, 6.87, 7.35, 1.7739, 2.515
2025/07/17 14:36:43, 391.64, 86.01, 7.83, 65.41, 5.63, 5.26, 5.51, 2.2199, 2.515
2025/07/17 14:41:43, 384.25, 85.95, 7.64, 66.82, 5.43, 5.13, 5.51, 2.344, 3.018
2025/07/17 14:46:43, 382.58, 85.95, 7.45, 68.90, 5.43, 5.16, 5.46, 2.4714, 3.018
2025/07/17 14:51:43, 377.75, 85.98, 7.83, 71.03, 5.70, 5.48, 5.73, 2.2903, 2.515
2025/07/17 14:56:43, 384.78, 85.95, 8.64, 64.11, 6.39, 6.09, 6.48, 2.0154, 2.515
2025/07/17 15:01:43, 389.18, 85.88, 10.19, 59.93, 8.31, 8.00, 8.34, 1.9684, 2.515
2025/07/17 15:06:43, 383.99, 86.01, 9.77, 60.88, 6.89, 6.65, 7.16, 2.1998, 2.515
2025/07/17 15:11:43, 376.87, 85.98, 8.90, 64.29, 6.11, 5.87, 6.21, 2.3172, 3.018
2025/07/17 15:16:43, 372.38, 85.98, 8.57, 66.03, 5.89, 5.80, 5.97, 2.3876, 3.018
2025/07/17 15:21:43, 371.59, 85.98, 8.78, 64.76, 5.85, 5.73, 6.04, 2.2937, 2.515
2025/07/17 15:26:43, 372.30, 85.98, 8.09, 65.77, 5.41, 5.28, 5.48, 2.5284, 3.018
2025/07/17 15:31:43, 374.32, 85.98, 8.43, 64.38, 5.68, 5.51, 5.85, 2.2702, 3.018
2025/07/17 15:36:43, 382.23, 86.01, 8.57, 63.21, 6.04, 5.87, 6.34, 2.0187, 2.515
2025/07/17 15:41:43, 403.59, 86.01, 9.30, 60.11, 7.09, 6.73, 7.26, 1.6096, 2.012
2025/07/17 15:46:43, 403.42, 86.01, 9.64, 60.71, 7.52, 6.77, 6.96, 1.6666, 2.012
2025/07/17 15:51:43, 408.16, 86.01, 11.43, 57.17, 8.95, 8.62, 8.92, 1.5291, 2.012
2025/07/17 15:56:43, 399.11, 86.01, 12.11, 53.86, 8.88, 7.86, 8.02, 0.7511, 1.509
2025/07/17 16:01:43, 398.93, 86.04, 12.23, 56.04, 8.88, 7.52, 7.81, 1.1468, 1.509
2025/07/17 16:06:43, 393.40, 86.04, 10.89, 56.85, 7.69, 6.99, 7.38, 1.2743, 2.012
2025/07/17 16:11:43, 393.84, 86.04, 11.12, 59.89, 8.43, 7.45, 7.83, 1.4621, 2.012
2025/07/17 16:16:43, 399.37, 86.04, 10.50, 63.31, 8.19, 7.01, 7.18, 1.566, 2.012
2025/07/17 16:21:43, 401.57, 86.04, 12.04, 57.51, 9.02, 8.09, 8.50, 1.2005, 1.509
2025/07/17 16:26:43, 392.25, 86.07, 11.31, 59.25, 7.97, 6.41, 6.68, 1.3615, 1.509
2025/07/17 16:31:43, 387.59, 86.04, 10.82, 59.67, 7.50, 6.80, 6.31, 1.1435, 1.509
2025/07/17 16:36:43, 387.59, 86.04, 11.84, 61.74, 8.64, 7.74, 7.14, 0.332, 1.509
2025/07/17 16:41:43, 387.59, 86.07, 12.11, 60.06, 8.38, 6.99, 7.06, 0.0, 0.0
2025/07/17 16:46:43, 393.66, 86.01, 9.96, 62.54, 6.51, 5.80, 5.99, 1.0161, 2.012
2025/07/17 16:51:43, 395.42, 86.01, 10.68, 63.67, 8.24, 6.77, 6.58, 1.3279, 2.012
2025/07/17 16:56:43, 400.25, 86.04, 9.89, 69.40, 7.21, 6.19, 6.46, 1.3078, 2.012
2025/07/17 17:01:43, 400.34, 86.01, 10.41, 59.77, 6.92, 6.68, 6.96, 0.8149, 1.509
2025/07/17 17:06:43, 412.47, 85.98, 9.73, 66.89, 7.01, 6.51, 6.73, 1.2173, 1.509
2025/07/17 17:11:43, 398.85, 86.01, 9.49, 67.19, 6.58, 5.55, 5.65, 1.3581, 2.012
2025/07/17 17:16:43, 403.42, 86.01, 9.71, 68.30, 7.09, 5.85, 5.89, 1.5794, 2.012
2025/07/17 17:21:43, 415.90, 85.95, 9.75, 65.74, 6.39, 6.36, 6.68, 1.1301, 1.509
2025/07/17 17:26:43, 412.30, 85.98, 9.64, 66.62, 6.11, 5.55, 5.23, 1.1804, 2.012
2025/07/17 17:31:43, 412.30, 85.98, 9.82, 67.09, 6.53, 6.14, 6.14, 0.7444, 1.006
2025/07/17 17:36:43, 408.60, 85.98, 9.66, 66.70, 7.11, 5.97, 6.11, 0.9993, 1.509
2025/07/17 17:41:43, 408.60, 86.01, 10.22, 68.19, 6.80, 5.46, 5.77, 0.9792, 1.509
2025/07/17 17:46:43, 406.49, 86.01, 8.36, 64.92, 5.36, 4.59, 4.86, 1.2038, 1.509
2025/07/17 17:51:43, 406.49, 86.01, 7.67, 68.23, 5.23, 4.76, 5.05, 1.2374, 1.509
2025/07/17 17:56:43, 384.78, 85.98, 7.28, 76.35, 5.41, 4.83, 4.86, 0.9188, 1.509
2025/07/17 18:01:43, 384.78, 85.98, 7.76, 75.79, 5.80, 5.23, 5.00, 0.4762, 1.509
2025/07/17 18:06:43, 384.78, 85.98, 8.64, 73.41, 6.96, 5.70, 5.60, 0.3487, 1.509
2025/07/17 18:11:43, 384.78, 86.01, 7.04, 77.67, 4.66, 4.00, 4.21, 0.7277, 1.509
2025/07/17 18:16:43, 384.78, 86.01, 7.93, 73.53, 5.60, 5.26, 5.51, 0.1744, 1.006
2025/07/17 18:21:43, 384.78, 85.98, 7.26, 76.64, 5.21, 4.10, 3.85, 0.275, 1.509
2025/07/17 18:26:43, 384.78, 85.98, 7.43, 70.45, 4.66, 3.85, 3.78, 0.845, 1.509
2025/07/17 18:31:43, 393.48, 85.98, 6.82, 78.08, 4.76, 4.05, 3.95, 1.5895, 2.012
2025/07/17 18:36:43, 403.07, 85.98, 6.41, 79.16, 4.41, 3.58, 3.43, 1.7873, 2.515
2025/07/17 18:41:43, 394.63, 85.98, 5.68, 84.75, 3.95, 3.17, 2.99, 1.8175, 2.515
2025/07/17 18:46:43, 394.63, 85.98, 5.85, 82.97, 4.21, 3.70, 3.48, 1.2541, 1.509
2025/07/17 18:51:43, 399.37, 85.98, 6.61, 83.33, 5.00, 4.18, 3.88, 0.9859, 2.012
2025/07/17 18:56:43, 399.37, 85.98, 7.28, 81.41, 5.46, 4.76, 4.56, 0.0, 0.0
2025/07/17 19:01:43, 442.89, 85.95, 5.26, 85.74, 3.60, 3.32, 3.14, 0.9725, 2.012
2025/07/17 19:06:43, 441.92, 85.98, 5.65, 82.79, 4.41, 3.90, 3.58, 0.6371, 1.509
2025/07/17 19:11:43, 441.84, 85.98, 6.01, 84.88, 5.08, 4.31, 3.53, 0.0, 0.0
2025/07/17 19:16:43, 441.84, 85.98, 6.89, 82.53, 5.82, 4.95, 3.43, 0.0, 0.0
2025/07/17 19:21:43, 441.84, 85.98, 6.89, 82.41, 5.08, 4.31, 3.43, 0.0, 0.0
2025/07/17 19:26:43, 385.75, 85.98, 6.39, 77.05, 3.53, 2.94, 2.56, 0.0604, 1.509
2025/07/17 19:31:43, 384.78, 85.98, 4.76, 85.47, 2.78, 2.40, 2.37, 1.3179, 2.012
2025/07/17 19:36:43, 395.07, 85.98, 5.05, 92.70, 4.28, 3.27, 2.91, 1.3246, 2.012
2025/07/17 19:41:43, 406.85, 85.98, 5.63, 88.57, 4.18, 3.53, 3.35, 1.3078, 2.012
2025/07/17 19:46:43, 420.38, 85.98, 5.41, 93.02, 3.88, 3.37, 3.12, 1.566, 2.012
2025/07/17 19:51:43, 420.38, 85.98, 5.10, 83.77, 3.55, 3.27, 3.17, 0.9691, 1.509
2025/07/17 19:56:43, 381.09, 86.01, 4.73, 85.61, 3.40, 3.22, 3.19, 0.8618, 1.509
2025/07/17 20:01:43, 398.76, 85.98, 4.41, 88.13, 3.53, 3.19, 3.04, 1.4621, 2.012
2025/07/17 20:06:43, 388.47, 86.01, 3.95, 91.13, 3.32, 3.06, 2.99, 1.9215, 3.018
2025/07/17 20:11:43, 392.16, 86.01, 4.61, 96.99, 4.18, 3.37, 3.06, 1.9349, 2.515
2025/07/17 20:16:43, 404.21, 86.01, 4.71, 90.17, 3.70, 3.27, 2.96, 1.3279, 2.012
2025/07/17 20:21:43, 419.15, 86.01, 3.85, 93.94, 3.17, 2.94, 2.78, 1.6096, 2.012
2025/07/17 20:26:43, 424.16, 86.01, 4.21, 94.67, 3.01, 2.73, 2.43, 1.5023, 2.012
2025/07/17 20:31:43, 436.47, 86.01, 3.93, 98.21, 3.30, 3.14, 2.81, 0.731, 1.509
2025/07/17 20:36:43, 436.47, 86.01, 4.05, 98.09, 3.14, 2.50, 2.19, 0.4896, 1.006
2025/07/17 20:41:43, 436.47, 86.01, 3.93, 97.22, 3.35, 2.78, 2.37, 0.3487, 1.006
2025/07/17 20:46:43, 418.63, 85.98, 4.18, 98.37, 3.60, 3.22, 2.61, 0.4628, 1.509
2025/07/17 20:51:43, 413.79, 86.01, 4.08, 97.47, 3.75, 3.09, 2.45, 1.2474, 2.012
2025/07/17 20:56:43, 415.90, 86.01, 4.00, 92.31, 3.25, 2.91, 2.58, 1.5794, 2.012
2025/07/17 21:01:43, 391.02, 86.01, 3.40, 95.94, 2.89, 2.56, 2.30, 2.0657, 2.515
2025/07/17 21:06:43, 385.40, 86.01, 2.94, 97.39, 2.48, 2.22, 2.06, 1.9684, 2.515
2025/07/17 21:11:43, 390.76, 86.01, 2.76, 98.01, 2.45, 2.27, 2.08, 2.1227, 3.018
2025/07/17 21:16:43, 387.59, 86.04, 2.50, 98.54, 2.14, 1.90, 1.75, 2.1696, 3.018
2025/07/17 21:21:43, 400.69, 86.01, 2.56, 99.07, 2.30, 2.00, 1.80, 2.1025, 2.515
2025/07/17 21:26:43, 408.78, 86.01, 2.32, 99.42, 2.06, 1.85, 1.67, 1.9516, 2.515
2025/07/17 21:31:43, 394.89, 86.04, 2.35, 100.00, 2.30, 2.08, 1.88, 1.8041, 2.012
2025/07/17 21:36:43, 394.19, 86.01, 2.53, 100.00, 2.32, 2.08, 1.90, 1.8913, 2.515
2025/07/17 21:41:43, 383.11, 86.01, 2.37, 100.00, 2.08, 1.93, 1.80, 2.2803, 3.018
2025/07/17 21:46:43, 399.20, 86.01, 2.45, 100.00, 2.37, 2.27, 2.08, 2.1528, 2.515
2025/07/17 21:51:43, 383.64, 86.01, 2.56, 100.00, 2.19, 2.06, 1.90, 1.851, 2.515
2025/07/17 21:56:43, 385.92, 86.01, 2.11, 100.00, 1.98, 1.83, 1.67, 2.3507, 3.018
2025/07/17 22:01:43, 383.29, 86.01, 2.03, 100.00, 1.77, 1.67, 1.57, 2.0992, 2.515
2025/07/17 22:06:43, 392.16, 86.01, 2.19, 100.00, 2.22, 2.08, 1.95, 2.8101, 4.024
2025/07/17 22:11:43, 394.80, 86.04, 2.58, 100.00, 2.48, 2.27, 2.06, 2.6625, 3.018
2025/07/17 22:16:43, 402.27, 86.04, 3.14, 100.00, 3.09, 2.81, 2.48, 2.0455, 3.018
2025/07/17 22:21:43, 370.63, 86.01, 2.50, 100.00, 2.03, 1.83, 1.64, 1.3916, 2.012
2025/07/17 22:26:43, 377.40, 86.04, 2.06, 100.00, 1.70, 1.43, 1.27, 1.5727, 2.012
2025/07/17 22:31:43, 380.03, 86.04, 2.00, 100.00, 1.80, 1.57, 1.38, 1.8041, 2.515
2025/07/17 22:36:43, 377.92, 86.01, 1.93, 100.00, 1.75, 1.59, 1.43, 2.0388, 2.515
2025/07/17 22:41:43, 391.11, 86.04, 1.85, 100.00, 1.70, 1.51, 1.38, 1.9248, 2.515
2025/07/17 22:46:43, 391.37, 86.07, 1.95, 100.00, 1.77, 1.59, 1.43, 2.012, 3.018
2025/07/17 22:51:43, 389.62, 86.04, 1.67, 100.00, 1.46, 1.35, 1.22, 1.7236, 2.012
2025/07/17 22:56:43, 393.92, 86.04, 1.70, 100.00, 1.49, 1.27, 1.11, 1.8343, 2.515
2025/07/17 23:01:43, 397.88, 86.04, 1.90, 100.00, 1.70, 1.46, 1.27, 2.0321, 2.515
2025/07/17 23:06:43, 397.88, 86.04, 1.64, 100.00, 1.38, 1.19, 1.03, 1.5559, 2.012
2025/07/17 23:11:43, 404.38, 86.04, 1.80, 100.00, 1.70, 1.49, 1.27, 1.6565, 2.012
2025/07/17 23:16:43, 413.35, 86.04, 2.30, 100.00, 2.22, 1.67, 1.33, 1.6968, 2.012
2025/07/17 23:21:43, 412.82, 86.04, 2.00, 100.00, 1.83, 1.59, 1.38, 1.6465, 2.012
2025/07/17 23:26:43, 396.56, 86.04, 1.70, 100.00, 1.43, 1.30, 1.22, 1.8544, 2.515
2025/07/17 23:31:43, 385.75, 86.04, 1.59, 100.00, 1.43, 1.33, 1.22, 1.7404, 2.515
2025/07/17 23:36:43, 392.96, 86.01, 2.32, 100.00, 2.03, 1.70, 1.43, 1.7102, 2.012
2025/07/17 23:41:43, 393.75, 86.04, 2.58, 100.00, 1.77, 1.57, 1.43, 1.2106, 2.515
2025/07/17 23:46:43, 373.70, 86.04, 2.73, 100.00, 1.90, 1.57, 1.22, 1.1502, 1.509
2025/07/17 23:51:43, 365.44, 86.04, 1.70, 100.00, 1.33, 1.25, 1.19, 1.5526, 2.515
2025/07/17 23:56:43, 378.19, 86.04, 1.30, 100.00, 1.14, 1.03, 0.98, 2.2601, 3.018
2025/07/18 0:01:43, 381.62, 86.04, 1.22, 100.00, 1.14, 1.03, 0.95, 2.2736, 2.515
2025/07/18 0:06:43, 393.13, 86.04, 1.25, 100.00, 1.19, 1.11, 1.03, 2.0757, 2.515
2025/07/18 0:11:43, 390.67, 86.01, 1.30, 100.00, 1.33, 1.17, 1.03, 1.8645, 2.515
2025/07/18 0:16:43, 392.52, 86.04, 0.98, 100.00, 0.82, 0.79, 0.74, 1.8209, 2.012
2025/07/18 0:21:43, 397.62, 86.01, 1.06, 100.00, 1.00, 0.90, 0.85, 1.7437, 2.012
2025/07/18 0:26:43, 386.80, 86.04, 1.06, 100.00, 0.95, 0.90, 0.85, 1.7337, 2.012
2025/07/18 0:31:43, 398.41, 86.04, 1.33, 100.00, 1.22, 1.08, 1.00, 1.7169, 2.012
2025/07/18 0:36:43, 393.22, 86.04, 1.27, 100.00, 1.14, 1.06, 0.95, 1.9349, 2.515
2025/07/18 0:41:43, 396.82, 86.01, 1.14, 100.00, 1.00, 0.90, 0.82, 1.7236, 2.012
2025/07/18 0:46:43, 387.77, 86.01, 0.93, 100.00, 0.90, 0.82, 0.79, 1.7102, 2.012
2025/07/18 0:51:43, 394.45, 86.04, 0.98, 100.00, 0.95, 0.87, 0.79, 1.4386, 2.012
2025/07/18 0:56:43, 394.45, 86.04, 0.79, 100.00, 0.69, 0.64, 0.58, 1.0731, 1.509
2025/07/18 1:01:43, 394.36, 86.04, 0.85, 100.00, 0.79, 0.69, 0.61, 1.0764, 1.509
2025/07/18 1:06:43, 398.67, 86.01, 0.72, 100.00, 0.72, 0.69, 0.61, 1.0496, 1.509
2025/07/18 1:11:43, 398.76, 86.01, 0.77, 100.00, 0.64, 0.53, 0.48, 0.9389, 1.509
2025/07/18 1:16:43, 398.76, 86.01, 1.25, 100.00, 1.06, 0.58, 0.40, 0.332, 1.006
2025/07/18 1:21:43, 398.76, 86.01, 1.00, 100.00, 1.03, 0.98, 0.93, 0.0, 0.0
2025/07/18 1:26:43, 398.76, 86.01, 1.19, 100.00, 1.14, 0.95, 0.85, 0.0, 0.0
2025/07/18 1:31:43, 405.09, 86.01, 1.08, 100.00, 0.95, 0.85, 0.77, 1.1904, 2.012
2025/07/18 1:36:43, 409.92, 86.01, 1.03, 100.00, 1.06, 1.00, 0.90, 2.0321, 2.515
2025/07/18 1:41:43, 403.33, 86.01, 0.95, 100.00, 0.93, 0.85, 0.79, 2.1025, 2.515
2025/07/18 1:46:43, 403.77, 86.01, 1.22, 100.00, 1.22, 1.11, 0.93, 1.6901, 2.515
2025/07/18 1:51:43, 403.77, 86.01, 0.98, 100.00, 0.85, 0.74, 0.64, 1.2877, 1.509
2025/07/18 1:56:43, 385.75, 86.01, 0.72, 100.00, 0.72, 0.61, 0.50, 1.0127, 1.509
2025/07/18 2:01:43, 376.16, 86.01, 0.77, 100.00, 0.77, 0.66, 0.53, 1.2944, 1.509
2025/07/18 2:06:43, 378.19, 86.01, 0.53, 100.00, 0.61, 0.53, 0.42, 1.5224, 2.012
2025/07/18 2:11:43, 378.10, 85.98, 0.74, 100.00, 0.95, 0.85, 0.74, 1.7907, 2.515
2025/07/18 2:16:43, 382.32, 85.98, 0.87, 100.00, 1.06, 0.95, 0.85, 1.9785, 2.515
2025/07/18 2:21:43, 445.00, 86.01, 0.98, 100.00, 1.38, 1.25, 1.11, 1.5593, 2.515
2025/07/18 2:26:43, 385.48, 86.01, 1.35, 100.00, 1.64, 1.33, 0.93, 1.1804, 2.012
2025/07/18 2:31:43, 404.65, 86.01, 1.64, 100.00, 1.85, 1.64, 1.35, 1.5593, 2.515
2025/07/18 2:36:43, 412.65, 86.01, 1.22, 100.00, 1.59, 1.33, 0.93, 0.6304, 1.509
2025/07/18 2:41:43, 412.65, 86.01, 1.51, 100.00, 2.06, 1.90, 1.49, 0.3588, 1.006
2025/07/18 2:46:43, 614.85, 85.98, 1.27, 100.00, 1.30, 1.14, 0.95, 0.1509, 1.509
2025/07/18 2:51:43, 672.16, 86.01, 0.93, 100.00, 0.93, 0.72, 0.58, 0.5902, 1.509
2025/07/18 2:56:43, 357.00, 86.01, 1.17, 100.00, 1.41, 1.25, 0.82, 0.0, 0.0
2025/07/18 3:01:43, 380.12, 86.01, 1.22, 100.00, 1.46, 1.30, 1.03, 0.3789, 1.509
2025/07/18 3:06:43, 383.37, 85.98, 1.00, 100.00, 0.64, 0.42, 0.26, 1.0697, 2.012
2025/07/18 3:11:43, 378.54, 86.01, 0.79, 100.00, 0.79, 0.69, 0.58, 1.9248, 2.515
2025/07/18 3:16:43, 378.98, 86.01, 0.87, 100.00, 0.93, 0.79, 0.58, 1.8376, 2.515
2025/07/18 3:21:43, 385.31, 85.98, 2.03, 100.00, 2.11, 1.83, 1.49, 2.6525, 3.521
2025/07/18 3:26:43, 367.81, 85.98, 1.22, 100.00, 0.69, 0.56, 0.42, 2.3909, 3.521
2025/07/18 3:31:43, 381.97, 85.98, 0.82, 100.00, 1.06, 0.90, 0.74, 2.5955, 3.018
2025/07/18 3:36:43, 388.38, 85.98, 1.11, 100.00, 1.30, 1.11, 0.90, 2.914, 3.521
2025/07/18 3:41:43, 394.27, 85.98, 0.58, 100.00, 0.56, 0.40, 0.29, 1.509, 3.521
2025/07/18 3:46:43, 383.64, 85.98, 0.79, 100.00, 1.33, 1.17, 1.06, 0.4292, 1.509
2025/07/18 3:51:43, 325.09, 85.98, 1.54, 100.00, 2.08, 1.83, 1.41, 0.1777, 1.006
2025/07/18 3:56:43, 362.36, 86.01, 1.67, 100.00, 2.27, 2.08, 1.90, 0.0, 0.0
2025/07/18 4:01:43, 395.51, 85.98, 1.22, 100.00, 1.35, 1.14, 0.95, 0.9054, 1.509
2025/07/18 4:06:43, 372.21, 85.98, 1.43, 100.00, 1.83, 1.46, 1.06, 0.9591, 1.509
2025/07/18 4:11:43, 391.29, 85.98, 0.72, 100.00, 0.82, 0.64, 0.45, 1.4587, 2.515
2025/07/18 4:16:43, 392.87, 85.98, 1.38, 100.00, 1.59, 1.03, 0.64, 1.1334, 2.012
2025/07/18 4:21:43, 395.24, 85.98, 2.27, 100.00, 2.61, 2.22, 1.85, 1.1804, 2.012
2025/07/18 4:26:43, 398.05, 85.98, 1.77, 100.00, 2.22, 1.88, 1.67, 1.8812, 2.515
2025/07/18 4:31:43, 384.34, 85.98, 2.08, 100.00, 2.40, 1.98, 1.62, 1.9483, 3.018
2025/07/18 4:36:43, 391.20, 85.98, 1.75, 100.00, 2.06, 1.54, 1.22, 2.1897, 3.018
2025/07/18 4:41:43, 373.18, 85.98, 2.14, 100.00, 2.73, 2.22, 1.85, 2.5418, 3.018
2025/07/18 4:46:43, 371.51, 85.98, 3.09, 100.00, 3.70, 3.12, 3.04, 2.686, 4.024
2025/07/18 4:51:43, 361.57, 85.98, 3.09, 100.00, 3.32, 2.78, 2.78, 3.4707, 4.527
2025/07/18 4:56:43, 370.98, 85.98, 2.58, 100.00, 2.63, 2.19, 2.14, 3.303, 4.527
2025/07/18 5:01:43, 381.18, 85.98, 2.48, 100.00, 2.19, 1.85, 1.77, 2.7866, 4.024
2025/07/18 5:06:43, 390.32, 85.98, 2.03, 100.00, 1.98, 1.72, 1.70, 1.7102, 2.515
2025/07/18 5:11:43, 384.87, 85.98, 2.56, 100.00, 2.48, 2.11, 2.14, 2.6223, 3.521
2025/07/18 5:16:43, 342.41, 85.98, 2.94, 100.00, 2.58, 2.22, 2.19, 2.2434, 3.018
2025/07/18 5:21:43, 363.33, 85.98, 3.25, 100.00, 3.19, 2.76, 2.84, 2.5116, 3.018
2025/07/18 5:26:43, 363.33, 85.98, 3.73, 100.00, 3.45, 2.99, 3.01, 2.7665, 3.521
2025/07/18 5:31:43, 384.87, 85.98, 4.95, 100.00, 3.95, 3.43, 3.50, 3.2729, 4.527
2025/07/18 5:36:43, 398.93, 85.98, 3.90, 99.78, 2.32, 1.95, 2.06, 2.9912, 4.024
2025/07/18 5:41:43, 367.81, 85.98, 5.08, 96.27, 4.61, 3.98, 4.05, 2.914, 4.527
2025/07/18 5:46:43, 325.62, 85.98, 5.73, 83.73, 4.05, 3.53, 3.65, 4.3124, 6.036
2025/07/18 5:51:43, 330.36, 85.98, 4.81, 84.38, 3.40, 3.04, 3.19, 2.6827, 4.527
2025/07/18 5:56:43, 684.82, 86.01, 4.95, 83.59, 3.65, 3.43, 3.70, 0.114, 1.006
2025/07/18 6:01:43, 665.84, 86.01, 5.18, 82.27, 4.10, 3.70, 4.08, 0.1543, 1.006
2025/07/18 6:06:43, 678.93, 86.01, 6.39, 79.67, 5.92, 5.43, 5.60, 1.006, 4.024
2025/07/18 6:11:43, 400.25, 86.01, 6.73, 76.44, 5.51, 4.83, 5.00, 1.0965, 2.515
2025/07/18 6:16:43, 359.73, 86.01, 6.82, 76.24, 5.82, 5.16, 5.21, 2.1227, 3.018
2025/07/18 6:21:43, 403.33, 86.01, 6.41, 73.99, 4.10, 3.14, 3.19, 1.7136, 2.515
2025/07/18 6:26:43, 406.05, 86.01, 5.80, 76.22, 3.48, 2.99, 2.99, 2.1227, 3.018
2025/07/18 6:31:43, 408.78, 86.01, 5.75, 76.80, 3.60, 3.30, 3.35, 2.2769, 3.521
2025/07/18 6:36:43, 381.35, 86.01, 5.77, 78.43, 4.18, 3.80, 3.60, 2.2903, 3.018
2025/07/18 6:41:43, 375.02, 86.01, 7.31, 74.65, 6.01, 5.75, 5.31, 2.9878, 4.527
2025/07/18 6:46:43, 345.31, 86.04, 6.77, 72.06, 3.90, 4.03, 3.55, 2.2098, 3.521
2025/07/18 6:51:43, 669.70, 86.01, 6.89, 75.29, 6.11, 6.19, 5.60, 1.7504, 3.521
2025/07/18 6:56:43, 344.34, 86.04, 7.62, 71.92, 6.58, 6.31, 5.75, 2.3574, 3.521
2025/07/18 7:01:43, 352.25, 86.07, 7.76, 68.98, 5.73, 5.55, 5.18, 2.3339, 4.024
2025/07/18 7:06:43, 387.86, 86.07, 7.40, 70.01, 5.73, 5.46, 5.26, 1.7773, 3.018
2025/07/18 7:11:43, 383.81, 86.07, 7.60, 69.59, 6.14, 5.55, 5.26, 2.4982, 4.024
2025/07/18 7:16:43, 411.68, 86.04, 7.38, 68.67, 5.75, 5.05, 4.88, 3.0683, 4.024
2025/07/18 7:21:43, 390.67, 86.04, 7.04, 71.76, 6.34, 5.55, 4.88, 2.961, 3.521
2025/07/18 7:26:43, 406.58, 86.07, 7.97, 65.61, 6.24, 5.46, 5.33, 2.7665, 4.024
2025/07/18 7:31:43, 529.13, 86.07, 8.36, 67.52, 7.55, 6.92, 6.53, 0.6002, 2.515
2025/07/18 7:36:43, 363.59, 86.07, 9.16, 63.47, 7.93, 7.48, 6.99, 1.3547, 2.012
2025/07/18 7:41:43, 402.01, 86.10, 9.80, 62.74, 9.16, 8.45, 7.48, 1.8645, 2.515
2025/07/18 7:46:43, 390.23, 86.13, 10.71, 58.43, 9.21, 8.36, 7.69, 2.1394, 3.018
2025/07/18 7:51:43, 422.41, 86.10, 10.55, 57.44, 8.02, 7.57, 7.40, 2.1897, 3.018
2025/07/18 7:56:43, 390.05, 86.07, 10.19, 61.60, 9.54, 8.88, 8.31, 2.1327, 3.018
2025/07/18 8:01:43, 409.84, 86.07, 9.75, 60.17, 8.04, 7.67, 7.52, 2.24, 3.521
2025/07/18 8:06:43, 406.58, 85.95, 8.92, 62.18, 7.60, 7.06, 7.04, 2.6089, 3.521
2025/07/18 8:11:43, 404.65, 85.42, 8.31, 63.80, 6.99, 6.39, 6.31, 2.5552, 3.521
2025/07/18 8:16:43, 393.75, 85.66, 8.69, 63.63, 7.64, 7.18, 7.11, 3.1421, 4.024
2025/07/18 8:21:43, 370.71, 86.66, 9.38, 62.02, 8.02, 7.67, 7.62, 3.5378, 4.527
2025/07/18 8:26:43, 367.02, 87.16, 9.33, 62.60, 8.21, 7.83, 7.67, 3.1488, 4.527
2025/07/18 8:31:43, 361.57, 86.20, 9.35, 61.68, 7.64, 7.28, 7.14, 3.863, 5.533
2025/07/18 8:36:43, 372.82, 85.76, 9.19, 62.55, 7.86, 7.48, 7.35, 3.8295, 6.036
2025/07/18 8:41:43, 360.87, 86.13, 9.49, 61.55, 7.93, 7.55, 7.40, 4.1615, 6.539
2025/07/18 8:46:43, 369.48, 86.32, 9.21, 62.37, 7.67, 7.31, 7.14, 4.0777, 5.03
2025/07/18 8:51:43, 406.85, 86.60, 10.03, 60.09, 9.21, 8.69, 8.55, 3.6451, 5.03
2025/07/18 8:56:43, 675.42, 86.69, 10.43, 57.84, 8.04, 7.90, 7.97, 1.5023, 3.018
2025/07/18 9:01:43, 361.04, 85.76, 10.91, 57.67, 9.21, 8.99, 9.06, 1.3581, 2.515
2025/07/18 9:06:43, 388.12, 84.26, 13.05, 50.37, 11.59, 10.98, 11.36, 1.338, 3.018
2025/07/18 9:11:43, 460.47, 83.64, 14.26, 47.35, 12.23, 11.54, 11.70, 0.4862, 3.018
2025/07/18 9:16:43, 410.71, 85.26, 14.14, 45.69, 10.96, 10.38, 10.48, 0.0369, 1.006
2025/07/18 9:21:43, 395.51, 86.29, 10.27, 56.33, 8.45, 7.83, 7.88, 3.5244, 6.036
2025/07/18 9:26:43, 416.08, 86.01, 10.57, 55.55, 8.78, 8.34, 8.31, 3.5948, 5.533
2025/07/18 9:31:43, 393.92, 86.07, 10.38, 56.60, 9.06, 8.60, 8.74, 2.9476, 4.024
2025/07/18 9:36:43, 362.89, 86.10, 10.96, 53.54, 7.64, 7.48, 7.74, 1.4989, 4.024
2025/07/18 9:41:43, 344.52, 87.23, 10.73, 55.38, 8.31, 8.31, 8.62, 1.8879, 4.024
2025/07/18 9:46:43, 380.12, 87.69, 12.02, 52.06, 10.34, 10.29, 10.45, 0.902, 2.012
2025/07/18 9:51:43, 400.25, 87.26, 12.42, 49.78, 9.06, 8.64, 8.62, 1.2139, 3.521
2025/07/18 9:56:43, 386.10, 86.82, 11.77, 50.87, 8.92, 8.48, 8.69, 1.452, 3.521
2025/07/18 10:01:43, 371.86, 86.23, 11.36, 53.03, 8.81, 8.55, 8.83, 2.629, 4.024
2025/07/18 10:06:43, 348.91, 86.29, 10.82, 54.05, 7.55, 7.33, 7.16, 1.9986, 3.018
2025/07/18 10:11:43, 354.89, 87.60, 10.84, 55.39, 8.38, 8.21, 8.36, 1.7739, 2.515
2025/07/18 10:16:43, 371.68, 92.00, 10.96, 54.44, 8.04, 7.81, 7.88, 1.5694, 3.018
2025/07/18 10:21:43, 375.64, 94.59, 10.93, 55.81, 8.74, 8.31, 8.29, 2.8772, 3.521
2025/07/18 10:26:43, 373.35, 93.62, 10.78, 56.54, 8.81, 8.41, 8.31, 3.0817, 4.024
2025/07/18 10:31:43, 376.08, 87.91, 11.91, 52.08, 9.30, 9.11, 9.54, 1.8007, 3.018
2025/07/18 10:36:43, 377.92, 80.58, 12.11, 52.92, 9.91, 9.45, 9.35, 2.572, 3.521
2025/07/18 10:41:43, 373.09, 79.52, 13.47, 49.67, 11.05, 10.55, 10.48, 2.6558, 3.521
2025/07/18 10:46:43, 386.54, 80.27, 13.12, 50.01, 11.24, 10.38, 10.10, 3.0616, 4.024
2025/07/18 10:51:43, 403.51, 85.70, 14.24, 46.37, 12.23, 11.33, 11.12, 2.7128, 3.521
2025/07/18 10:56:43, 382.93, 94.59, 13.98, 46.84, 11.45, 10.89, 10.93, 2.4178, 3.018
2025/07/18 11:01:43, 376.87, 96.03, 12.74, 49.70, 9.84, 9.57, 9.61, 2.9006, 4.527
2025/07/18 11:06:43, 394.10, 92.84, 13.72, 46.59, 10.57, 10.22, 10.12, 1.0597, 3.018
2025/07/18 11:11:43, 382.14, 83.51, 11.00, 54.18, 8.62, 8.31, 8.34, 2.9912, 5.03
2025/07/18 11:16:43, 375.55, 81.70, 9.82, 58.80, 7.97, 7.64, 7.62, 4.3795, 5.533
2025/07/18 11:21:43, 379.59, 81.45, 10.41, 56.83, 8.62, 8.21, 8.21, 3.8295, 5.03
2025/07/18 11:26:43, 387.42, 82.11, 10.98, 55.22, 9.64, 9.06, 8.88, 3.863, 5.03
2025/07/18 11:31:43, 387.77, 80.95, 11.05, 54.56, 9.57, 8.99, 8.88, 3.4808, 5.03
2025/07/18 11:36:43, 383.99, 79.80, 10.50, 56.99, 8.62, 8.26, 8.29, 3.7088, 4.527
2025/07/18 11:41:43, 372.74, 79.14, 10.52, 56.92, 8.64, 8.31, 8.43, 3.8664, 5.03
2025/07/18 11:46:43, 383.73, 79.02, 10.84, 56.02, 9.09, 8.69, 8.74, 3.9636, 5.03
2025/07/18 11:51:43, 382.14, 79.05, 10.84, 56.21, 8.92, 8.57, 8.62, 3.7926, 4.527
2025/07/18 11:56:43, 376.43, 78.89, 11.03, 55.38, 8.95, 8.62, 8.74, 3.6853, 4.527
2025/07/18 12:01:43, 408.08, 78.61, 11.22, 53.80, 9.91, 9.35, 9.38, 3.8262, 5.03
2025/07/18 12:06:43, 396.82, 78.05, 12.62, 49.73, 10.84, 10.08, 10.12, 2.5251, 3.018
2025/07/18 12:11:43, 400.69, 77.49, 11.79, 52.33, 10.38, 9.82, 9.68, 3.2393, 4.024
2025/07/18 12:16:43, 411.42, 77.36, 12.25, 51.41, 10.45, 10.10, 10.05, 2.9241, 3.521
2025/07/18 12:21:43, 402.10, 77.58, 12.51, 50.54, 10.75, 10.00, 9.91, 3.5679, 4.024
2025/07/18 12:26:43, 394.45, 76.71, 12.69, 48.54, 10.57, 9.80, 9.96, 2.9811, 4.024
2025/07/18 12:31:43, 391.20, 72.65, 12.94, 48.79, 10.80, 10.24, 10.22, 1.7035, 3.521
2025/07/18 12:36:43, 386.45, 71.59, 13.56, 47.36, 11.22, 10.89, 10.89, 1.9114, 3.018
2025/07/18 12:41:43, 390.76, 69.34, 12.35, 50.26, 9.98, 9.30, 9.28, 2.8604, 4.024
2025/07/18 12:46:43, 402.89, 70.62, 12.02, 50.04, 9.77, 9.21, 9.30, 2.9409, 3.521
2025/07/18 12:51:43, 396.91, 78.21, 11.12, 52.52, 8.99, 8.34, 8.26, 3.293, 4.527
2025/07/18 12:56:43, 401.66, 83.39, 11.29, 52.05, 9.47, 8.83, 8.83, 3.2192, 4.527
2025/07/18 13:01:43, 393.04, 85.95, 10.62, 54.17, 8.71, 8.21, 8.14, 3.4875, 4.527
2025/07/18 13:06:43, 386.36, 80.61, 10.15, 56.39, 8.31, 7.88, 8.00, 3.6585, 4.024
2025/07/18 13:11:43, 389.26, 76.65, 9.82, 57.13, 8.04, 7.71, 7.79, 3.5512, 4.527
2025/07/18 13:16:43, 386.63, 73.65, 9.73, 57.45, 7.83, 7.48, 7.67, 3.5176, 4.024
2025/07/18 13:21:43, 383.46, 86.01, 9.64, 58.00, 7.57, 7.26, 7.45, 3.7088, 4.527
2025/07/18 13:26:43, 382.93, 89.53, 9.75, 57.83, 7.79, 7.45, 7.60, 3.5378, 4.024
2025/07/18 13:31:43, 381.00, 86.01, 9.64, 58.04, 7.40, 7.11, 7.33, 3.4741, 4.024
2025/07/18 13:36:43, 380.12, 86.04, 9.28, 59.03, 7.11, 6.85, 7.04, 3.6484, 4.527
2025/07/18 13:41:43, 381.79, 86.01, 8.99, 60.59, 7.11, 6.80, 6.87, 4.0441, 4.527
2025/07/18 13:46:43, 379.24, 86.01, 9.09, 60.46, 7.16, 6.89, 6.96, 4.0709, 4.527
2025/07/18 13:51:43, 377.66, 86.01, 9.09, 60.53, 7.16, 6.92, 6.99, 4.1581, 5.533
2025/07/18 13:56:43, 379.07, 86.01, 9.09, 60.94, 7.23, 6.99, 7.01, 4.2587, 5.03
2025/07/18 14:01:43, 374.76, 86.01, 9.82, 59.29, 7.76, 7.55, 7.55, 3.9737, 4.527
2025/07/18 14:06:43, 368.87, 86.01, 10.22, 58.00, 8.14, 7.83, 7.81, 3.8295, 4.527
2025/07/18 14:11:43, 369.92, 86.01, 10.19, 57.66, 7.88, 7.69, 7.74, 3.7725, 4.527
2025/07/18 14:16:43, 375.46, 86.01, 10.27, 57.63, 7.97, 7.79, 7.83, 3.578, 4.527
2025/07/18 14:21:43, 398.85, 86.04, 10.66, 56.04, 9.33, 8.99, 9.04, 3.2829, 4.024
2025/07/18 14:26:43, 395.42, 86.07, 11.47, 52.70, 9.64, 8.90, 9.04, 2.5318, 3.018
2025/07/18 14:31:43, 383.37, 86.07, 10.84, 54.87, 9.21, 8.81, 8.83, 3.0515, 4.527
2025/07/18 14:36:43, 396.12, 86.10, 11.17, 52.63, 9.40, 8.78, 8.74, 2.619, 3.521
2025/07/18 14:41:43, 380.56, 86.10, 10.08, 56.12, 7.74, 7.45, 7.64, 2.9945, 4.024
2025/07/18 14:46:43, 386.89, 85.51, 9.45, 58.72, 7.38, 7.16, 7.35, 3.3768, 4.024
2025/07/18 14:51:43, 384.87, 84.57, 9.28, 59.33, 7.38, 7.16, 7.35, 3.5646, 4.527
2025/07/18 14:56:43, 382.58, 84.76, 8.71, 61.60, 6.87, 6.65, 6.77, 3.9838, 4.527
2025/07/18 15:01:43, 379.07, 86.54, 8.69, 62.30, 6.92, 6.70, 6.68, 4.3862, 5.533
2025/07/18 15:06:43, 366.49, 87.01, 9.84, 58.77, 7.60, 7.38, 7.35, 4.2923, 5.533
2025/07/18 15:11:43, 385.84, 87.94, 9.87, 58.03, 7.86, 7.60, 7.79, 3.4238, 4.527
2025/07/18 15:16:43, 415.55, 86.13, 10.50, 55.95, 8.92, 8.60, 8.64, 2.8872, 4.024
2025/07/18 15:21:43, 414.67, 85.63, 11.14, 52.93, 8.85, 8.62, 8.74, 2.6525, 3.521
2025/07/18 15:26:43, 404.21, 86.20, 11.05, 53.40, 9.21, 8.62, 8.64, 2.9945, 4.024
2025/07/18 15:31:43, 380.30, 86.20, 10.34, 56.52, 8.17, 7.81, 7.93, 3.2192, 4.024
2025/07/18 15:36:43, 408.52, 87.29, 10.64, 54.33, 8.76, 8.31, 8.48, 2.743, 3.521
2025/07/18 15:41:43, 400.16, 86.45, 10.62, 54.06, 8.50, 7.97, 8.17, 2.5653, 3.521
2025/07/18 15:46:43, 392.78, 86.23, 9.91, 57.62, 8.31, 7.88, 7.81, 3.5545, 4.527
2025/07/18 15:51:43, 371.59, 85.45, 9.96, 57.00, 7.14, 7.04, 7.16, 2.8906, 4.527
2025/07/18 15:56:43, 378.01, 85.98, 9.11, 60.05, 6.99, 6.73, 6.85, 3.4137, 4.527
2025/07/18 16:01:43, 380.03, 86.13, 9.09, 60.20, 6.89, 6.73, 6.82, 3.3634, 4.024
2025/07/18 16:06:43, 409.75, 86.16, 9.84, 56.80, 7.93, 7.55, 7.71, 2.5452, 3.521
2025/07/18 16:11:43, 381.00, 86.16, 9.73, 57.12, 7.26, 6.99, 7.21, 2.6659, 3.521
2025/07/18 16:16:43, 380.74, 86.16, 8.88, 60.43, 6.73, 6.46, 6.63, 3.1354, 4.024
2025/07/18 16:21:43, 378.27, 86.20, 8.78, 61.53, 6.87, 6.58, 6.65, 3.2661, 4.024
2025/07/18 16:26:43, 378.36, 86.16, 8.67, 61.92, 6.73, 6.48, 6.53, 3.5244, 4.024
2025/07/18 16:31:43, 380.30, 86.13, 8.69, 61.78, 6.75, 6.51, 6.63, 3.2997, 4.024
2025/07/18 16:36:43, 379.86, 86.20, 9.02, 60.75, 6.99, 6.80, 6.96, 3.0415, 4.024
2025/07/18 16:41:43, 374.05, 86.20, 10.71, 55.93, 9.45, 9.40, 9.19, 1.2139, 3.018
2025/07/18 16:46:43, 407.20, 86.16, 10.87, 53.87, 8.36, 7.86, 7.90, 1.7974, 3.018
2025/07/18 16:51:43, 410.19, 86.13, 9.94, 55.96, 7.45, 7.06, 7.14, 2.5318, 3.018
2025/07/18 16:56:43, 402.45, 86.13, 9.21, 58.58, 7.28, 6.80, 6.68, 2.8503, 3.521
2025/07/18 17:01:43, 401.22, 86.13, 8.92, 60.32, 7.33, 6.80, 6.11, 3.2863, 3.521
2025/07/18 17:06:43, 398.32, 86.13, 8.21, 62.16, 6.53, 6.09, 5.87, 3.4506, 4.024
2025/07/18 17:11:43, 394.98, 86.13, 7.74, 64.62, 6.24, 5.87, 5.97, 3.4841, 4.024
2025/07/18 17:16:43, 399.81, 86.13, 7.67, 64.98, 6.29, 5.89, 5.89, 3.5948, 4.024
2025/07/18 17:21:43, 399.02, 86.13, 7.57, 65.11, 6.26, 5.89, 5.92, 3.464, 4.024
2025/07/18 17:26:43, 392.52, 86.13, 7.71, 64.06, 6.04, 5.63, 5.77, 2.9308, 3.521
2025/07/18 17:31:43, 387.86, 86.13, 7.35, 65.75, 5.60, 5.31, 5.51, 2.8403, 3.521
2025/07/18 17:36:43, 388.03, 86.13, 7.26, 66.18, 5.70, 5.36, 5.53, 3.0582, 3.521
2025/07/18 17:41:43, 666.45, 86.13, 7.45, 65.65, 5.13, 5.10, 5.13, 2.2434, 3.521
2025/07/18 17:46:43, 337.04, 86.13, 9.16, 62.40, 7.35, 7.11, 7.16, 1.1267, 2.012
2025/07/18 17:51:43, 412.82, 86.10, 10.62, 54.99, 7.86, 7.48, 7.40, 1.3279, 2.012
2025/07/18 17:56:43, 405.70, 86.10, 9.64, 57.18, 7.31, 6.56, 6.80, 2.1092, 2.515
2025/07/18 18:01:43, 403.68, 86.10, 8.67, 60.33, 6.73, 6.06, 6.19, 2.5318, 3.018
2025/07/18 18:06:43, 399.55, 86.07, 7.74, 64.17, 6.11, 5.58, 5.41, 3.0616, 3.521
2025/07/18 18:11:43, 394.80, 86.07, 7.69, 64.83, 6.19, 5.60, 5.13, 2.9241, 3.521
2025/07/18 18:16:43, 405.88, 86.07, 7.86, 63.97, 6.41, 5.87, 5.16, 2.7967, 3.521
2025/07/18 18:21:43, 400.96, 86.10, 7.95, 63.87, 6.51, 5.89, 6.04, 2.8034, 3.521
2025/07/18 18:26:43, 402.80, 86.10, 8.14, 63.37, 6.53, 5.89, 6.04, 2.7564, 3.521
2025/07/18 18:31:43, 415.64, 86.07, 8.17, 62.97, 6.31, 5.92, 6.19, 2.5687, 3.521
2025/07/18 18:36:43, 405.09, 86.04, 9.09, 60.12, 6.85, 6.41, 6.53, 1.5023, 2.515
2025/07/18 18:41:43, 376.16, 86.07, 8.21, 62.01, 5.33, 5.05, 5.46, 1.623, 2.515
2025/07/18 18:46:43, 378.63, 86.04, 7.01, 67.62, 5.21, 4.86, 5.00, 2.8872, 3.521
2025/07/18 18:51:43, 382.93, 86.07, 7.04, 68.11, 5.43, 5.00, 5.33, 2.9778, 4.024
2025/07/18 18:56:43, 376.69, 86.07, 7.50, 66.91, 5.63, 5.18, 5.41, 2.5083, 3.018
2025/07/18 19:01:43, 398.05, 86.04, 7.69, 65.31, 6.21, 5.41, 5.73, 2.4043, 3.018
2025/07/18 19:06:43, 401.40, 86.07, 7.57, 65.19, 6.04, 5.10, 5.65, 2.4882, 3.018
2025/07/18 19:11:43, 406.05, 86.07, 7.40, 65.61, 5.75, 4.83, 5.41, 2.3775, 3.521
2025/07/18 19:16:43, 391.37, 86.01, 7.16, 66.16, 5.41, 4.78, 5.05, 2.1763, 2.515
2025/07/18 19:21:43, 395.59, 86.04, 6.70, 68.69, 5.43, 5.03, 5.18, 2.4178, 3.018
2025/07/18 19:26:43, 402.98, 86.07, 6.75, 68.47, 5.53, 5.13, 5.28, 2.2166, 2.515
2025/07/18 19:31:43, 381.26, 86.04, 6.58, 69.30, 4.71, 4.44, 4.61, 2.0824, 3.018
2025/07/18 19:36:43, 382.32, 86.04, 6.48, 69.54, 4.71, 4.46, 4.71, 2.0355, 2.515
2025/07/18 19:41:43, 387.51, 86.04, 6.36, 69.97, 4.91, 4.64, 4.88, 2.0221, 2.515
2025/07/18 19:46:43, 406.76, 86.01, 6.36, 70.37, 5.00, 4.73, 4.91, 2.2702, 3.018
2025/07/18 19:51:43, 399.81, 86.04, 5.99, 71.75, 4.88, 4.46, 4.51, 2.9442, 3.521
2025/07/18 19:56:43, 394.19, 86.04, 5.99, 72.09, 5.00, 4.69, 4.76, 2.5083, 3.521
2025/07/18 20:01:43, 382.41, 86.01, 5.75, 73.27, 4.49, 4.23, 4.33, 2.4345, 3.018
2025/07/18 20:06:43, 378.89, 86.01, 5.63, 74.06, 4.31, 4.10, 4.10, 2.7833, 3.018
2025/07/18 20:11:43, 378.89, 86.01, 5.53, 75.52, 4.56, 4.31, 4.26, 3.0415, 3.521
2025/07/18 20:16:43, 372.74, 86.01, 5.55, 75.52, 4.51, 4.31, 4.23, 3.1052, 3.521
2025/07/18 20:21:43, 378.10, 86.01, 5.60, 75.09, 4.41, 4.16, 4.10, 2.6827, 3.521
2025/07/18 20:26:43, 408.43, 86.01, 5.31, 75.08, 4.21, 4.03, 4.05, 2.572, 3.018
2025/07/18 20:31:43, 371.15, 86.01, 4.16, 81.77, 3.65, 3.32, 3.04, 2.5284, 3.018
2025/07/18 20:36:43, 380.12, 86.01, 3.22, 85.09, 2.73, 2.56, 2.43, 2.7866, 3.521
2025/07/18 20:41:43, 382.58, 86.01, 3.32, 87.31, 3.40, 3.22, 3.01, 3.4573, 4.024
2025/07/18 20:46:43, 390.49, 86.01, 3.53, 86.17, 3.45, 3.27, 3.09, 3.3433, 4.024
2025/07/18 20:51:43, 393.48, 86.01, 3.83, 86.26, 3.90, 3.68, 3.43, 3.4003, 4.024
2025/07/18 20:56:43, 384.52, 86.01, 3.80, 84.94, 3.50, 3.25, 3.04, 3.1186, 3.521
2025/07/18 21:01:43, 379.59, 86.01, 3.06, 87.74, 2.68, 2.48, 2.27, 3.018, 3.521
2025/07/18 21:06:43, 370.19, 86.01, 2.78, 89.00, 2.50, 2.27, 2.06, 2.5083, 3.018
2025/07/18 21:11:43, 374.67, 86.01, 2.78, 90.43, 2.89, 2.73, 2.56, 2.6257, 3.521
2025/07/18 21:16:43, 332.12, 86.04, 4.03, 88.24, 4.86, 4.81, 4.66, 2.0858, 3.521
2025/07/18 21:21:43, 406.23, 86.04, 4.88, 83.76, 5.38, 5.18, 4.81, 1.7605, 2.515
2025/07/18 21:26:43, 407.20, 86.07, 4.46, 82.70, 4.16, 3.85, 3.50, 1.7471, 3.018
2025/07/18 21:31:43, 403.86, 86.07, 4.00, 84.35, 3.73, 3.50, 3.19, 2.4345, 3.018
2025/07/18 21:36:43, 394.27, 86.07, 3.30, 86.46, 2.89, 2.68, 2.48, 3.0549, 3.521
2025/07/18 21:41:43, 398.85, 86.04, 2.68, 90.74, 2.66, 2.40, 2.14, 2.8772, 3.521
2025/07/18 21:46:43, 384.43, 86.07, 3.65, 87.26, 3.48, 3.14, 2.86, 2.4412, 3.521
2025/07/18 21:51:43, 374.76, 86.07, 3.45, 87.92, 3.50, 3.22, 2.91, 2.6726, 3.521
2025/07/18 21:56:43, 357.09, 86.07, 3.60, 88.20, 3.37, 3.04, 2.71, 2.3742, 3.018
2025/07/18 22:01:43, 347.86, 86.10, 4.23, 91.48, 3.98, 3.30, 2.63, 1.7605, 2.515
2025/07/18 22:06:43, 683.68, 86.10, 5.21, 91.77, 5.21, 4.41, 3.55, 1.4252, 2.012
2025/07/18 22:11:43, 685.00, 86.07, 4.73, 91.57, 4.31, 3.90, 3.50, 1.0999, 2.012
2025/07/18 22:16:43, 400.52, 86.10, 4.21, 90.96, 3.43, 2.86, 2.32, 0.7377, 1.509
2025/07/18 22:21:43, 400.43, 86.07, 3.70, 93.43, 3.37, 2.71, 1.62, 0.5432, 1.006
2025/07/18 22:26:43, 398.58, 86.10, 3.12, 92.29, 1.90, 1.33, 0.90, 1.5023, 2.515
2025/07/18 22:31:43, 391.73, 86.10, 2.08, 93.23, 1.57, 1.33, 1.06, 1.8712, 2.515
2025/07/18 22:36:43, 386.54, 86.07, 1.67, 95.96, 1.46, 1.25, 1.00, 2.0455, 2.515
2025/07/18 22:41:43, 389.26, 86.10, 1.70, 98.02, 1.80, 1.57, 1.33, 2.3574, 3.018
2025/07/18 22:46:43, 385.40, 86.10, 1.90, 97.07, 2.06, 1.85, 1.59, 2.4446, 3.018
2025/07/18 22:51:43, 384.34, 86.07, 2.40, 93.73, 2.50, 2.30, 2.06, 2.6927, 3.521
2025/07/18 22:56:43, 381.26, 86.10, 3.17, 91.20, 3.43, 3.19, 2.89, 2.8839, 4.024
2025/07/18 23:01:43, 366.93, 86.07, 3.55, 89.44, 3.88, 3.60, 3.19, 3.3802, 4.527
2025/07/18 23:06:43, 364.65, 86.10, 4.16, 84.52, 3.68, 3.50, 3.30, 3.6753, 5.03
2025/07/18 23:11:43, 360.60, 86.10, 3.68, 85.94, 3.12, 2.94, 2.73, 3.5009, 5.03
2025/07/18 23:16:43, 359.02, 86.10, 3.19, 88.53, 2.94, 2.71, 2.43, 2.2568, 3.018
2025/07/18 23:21:43, 395.59, 86.10, 2.99, 91.17, 3.12, 2.71, 2.16, 1.7404, 2.515
2025/07/18 23:26:43, 406.14, 86.10, 3.27, 88.76, 3.09, 2.78, 2.40, 2.3876, 3.521
2025/07/18 23:31:43, 397.26, 86.10, 2.78, 90.03, 2.68, 2.48, 2.22, 2.8872, 3.521
2025/07/18 23:36:43, 392.52, 86.10, 2.50, 92.39, 2.58, 2.27, 1.88, 2.8235, 3.521
2025/07/18 23:41:43, 377.40, 86.10, 2.19, 92.70, 2.08, 1.83, 1.51, 1.395, 2.515
2025/07/18 23:46:43, 358.41, 86.13, 3.12, 91.08, 3.32, 2.96, 2.45, 1.5694, 2.515
2025/07/18 23:51:43, 348.56, 86.13, 3.83, 88.43, 3.70, 3.06, 2.48, 1.5794, 2.012
2025/07/18 23:56:43, 413.26, 86.10, 3.55, 86.18, 2.96, 2.58, 1.90, 1.5526, 2.012
2025/07/19 0:01:43, 391.73, 86.13, 2.71, 89.50, 2.48, 2.30, 2.00, 2.3138, 3.018
2025/07/19 0:06:43, 391.20, 86.10, 2.32, 90.93, 2.14, 1.98, 1.77, 2.3876, 3.018
2025/07/19 0:11:43, 398.41, 86.13, 1.93, 93.05, 1.77, 1.59, 1.35, 2.3037, 2.515
2025/07/19 0:16:43, 401.22, 86.10, 1.80, 93.72, 1.75, 1.62, 1.41, 2.5754, 3.018
2025/07/19 0:21:43, 396.47, 86.13, 1.27, 94.79, 1.08, 0.95, 0.79, 2.3675, 3.018
2025/07/19 0:26:43, 387.59, 86.10, 1.43, 96.06, 1.38, 1.22, 1.00, 2.6659, 3.521
2025/07/19 0:31:43, 390.58, 86.13, 1.49, 95.85, 1.51, 1.33, 1.11, 2.4479, 3.018
2025/07/19 0:36:43, 394.19, 86.10, 1.49, 95.74, 1.64, 1.51, 1.33, 2.6156, 3.521
2025/07/19 0:41:43, 390.14, 86.10, 1.80, 94.42, 1.85, 1.67, 1.49, 3.075, 3.521
2025/07/19 0:46:43, 384.69, 86.10, 1.88, 94.03, 1.98, 1.80, 1.59, 3.0582, 3.521
2025/07/19 0:51:43, 379.68, 86.10, 2.22, 93.36, 2.48, 2.27, 2.06, 3.1354, 4.024
2025/07/19 0:56:43, 376.96, 86.10, 2.99, 90.77, 3.14, 2.89, 2.61, 3.2024, 4.024
2025/07/19 1:01:43, 380.65, 86.10, 3.04, 89.49, 2.99, 2.76, 2.50, 2.9241, 3.521
2025/07/19 1:06:43, 395.42, 86.10, 2.73, 90.46, 2.76, 2.53, 2.24, 3.0918, 4.024
2025/07/19 1:11:43, 401.40, 86.10, 2.63, 89.56, 2.43, 2.27, 2.00, 2.9107, 3.521
2025/07/19 1:16:43, 380.56, 86.10, 3.19, 89.15, 3.43, 3.19, 2.94, 2.914, 4.527
2025/07/19 1:21:43, 384.69, 86.07, 2.94, 87.86, 2.71, 2.53, 2.35, 3.8429, 4.527
2025/07/19 1:26:43, 376.69, 86.07, 2.56, 90.57, 2.61, 2.43, 2.22, 3.464, 4.024
2025/07/19 1:31:43, 381.79, 86.10, 3.55, 87.20, 3.45, 3.22, 2.96, 3.5579, 4.527
2025/07/19 1:36:43, 386.45, 86.07, 3.09, 87.27, 2.68, 2.53, 2.35, 3.7256, 4.527
2025/07/19 1:41:43, 383.99, 86.07, 2.37, 90.65, 2.27, 2.08, 1.90, 3.6451, 4.527
2025/07/19 1:46:43, 382.23, 86.07, 2.32, 91.26, 2.37, 2.22, 2.00, 3.6149, 4.527
2025/07/19 1:51:43, 383.64, 86.07, 2.56, 90.83, 2.66, 2.50, 2.32, 3.8396, 4.527
2025/07/19 1:56:43, 379.77, 86.07, 3.50, 87.93, 3.83, 3.60, 3.30, 3.8262, 4.527
2025/07/19 2:01:43, 383.29, 86.07, 3.43, 86.45, 3.30, 3.09, 2.84, 3.6853, 4.527
2025/07/19 2:06:43, 380.03, 86.07, 3.22, 87.11, 3.12, 2.94, 2.68, 3.521, 4.024
2025/07/19 2:11:43, 382.67, 86.07, 3.01, 87.76, 2.96, 2.78, 2.58, 3.5679, 4.024
2025/07/19 2:16:43, 404.12, 86.10, 2.73, 88.70, 2.53, 2.35, 2.08, 3.2226, 4.024
2025/07/19 2:21:43, 396.12, 86.07, 2.81, 89.60, 3.01, 2.84, 2.56, 3.4238, 4.527
2025/07/19 2:26:43, 391.29, 86.10, 3.04, 88.06, 3.04, 2.89, 2.63, 3.6652, 5.03
2025/07/19 2:31:43, 380.12, 86.07, 2.81, 88.35, 2.68, 2.48, 2.22, 2.914, 4.024
2025/07/19 2:36:43, 381.18, 86.07, 3.09, 88.77, 3.37, 3.14, 2.84, 2.5385, 3.521
2025/07/19 2:41:43, 368.60, 86.10, 3.80, 87.14, 4.23, 3.88, 3.50, 2.7095, 4.024
2025/07/19 2:46:43, 387.68, 86.07, 4.10, 83.26, 3.80, 3.55, 3.17, 2.8101, 3.521
2025/07/19 2:51:43, 392.34, 86.07, 3.93, 83.20, 3.60, 3.35, 3.01, 2.9811, 4.024
2025/07/19 2:56:43, 396.65, 86.10, 2.78, 87.83, 2.53, 2.27, 1.95, 2.8772, 4.024
2025/07/19 3:01:43, 397.70, 86.10, 2.56, 89.77, 2.63, 2.43, 2.14, 3.0549, 4.024
2025/07/19 3:06:43, 376.34, 86.10, 2.99, 88.53, 3.06, 2.81, 2.48, 2.9543, 4.024
2025/07/19 3:11:43, 371.95, 86.07, 3.40, 85.31, 3.04, 2.78, 2.48, 2.4077, 4.527
2025/07/19 3:16:43, 386.54, 86.07, 3.04, 87.15, 2.86, 2.68, 2.43, 2.676, 3.521
2025/07/19 3:21:43, 390.67, 86.07, 2.61, 88.35, 2.27, 2.11, 1.85, 2.4949, 3.521
2025/07/19 3:26:43, 392.96, 86.10, 2.11, 91.37, 2.06, 1.88, 1.62, 2.8101, 3.521
2025/07/19 3:31:43, 395.68, 86.07, 1.85, 92.27, 1.75, 1.62, 1.41, 2.5821, 3.521
2025/07/19 3:36:43, 398.76, 86.07, 1.75, 93.31, 1.77, 1.57, 1.33, 2.5821, 3.018
2025/07/19 3:41:43, 398.76, 86.07, 1.59, 93.39, 1.62, 1.46, 1.27, 2.6558, 3.521
2025/07/19 3:46:43, 394.45, 86.07, 1.54, 93.75, 1.49, 1.30, 1.08, 2.8705, 3.521
2025/07/19 3:51:43, 394.89, 86.07, 1.64, 93.69, 1.70, 1.54, 1.27, 3.1655, 3.521
2025/07/19 3:56:43, 382.23, 86.07, 2.27, 91.76, 2.50, 2.32, 2.03, 2.8805, 3.521
2025/07/19 4:01:43, 382.85, 86.07, 2.45, 89.75, 2.35, 2.16, 1.95, 3.2661, 4.024
2025/07/19 4:06:43, 385.92, 86.07, 2.16, 90.76, 2.11, 1.98, 1.77, 3.4372, 4.024
2025/07/19 4:11:43, 391.55, 86.07, 2.14, 90.72, 2.06, 1.90, 1.70, 3.1521, 4.024
2025/07/19 4:16:43, 394.19, 86.07, 2.06, 91.07, 2.06, 1.93, 1.75, 3.075, 4.024
2025/07/19 4:21:43, 396.82, 86.07, 2.14, 91.12, 2.22, 2.06, 1.88, 3.3735, 4.024
2025/07/19 4:26:43, 400.52, 86.07, 2.24, 90.48, 2.22, 2.08, 1.85, 3.3332, 4.024
2025/07/19 4:31:43, 409.92, 86.07, 2.08, 90.89, 2.06, 1.88, 1.64, 2.4748, 3.018
2025/07/19 4:36:43, 412.38, 86.07, 2.16, 91.01, 2.30, 2.08, 1.85, 2.8705, 3.521
2025/07/19 4:41:43, 403.68, 86.07, 2.27, 89.57, 2.06, 1.80, 1.57, 3.0314, 3.521
2025/07/19 4:46:43, 397.70, 86.07, 2.22, 90.95, 2.27, 1.98, 1.59, 1.8242, 3.018
2025/07/19 4:51:43, 398.05, 86.07, 2.63, 89.64, 2.61, 2.19, 1.72, 2.4613, 3.018
2025/07/19 4:56:43, 399.90, 86.07, 2.99, 86.55, 2.68, 2.40, 2.11, 3.0817, 3.521
2025/07/19 5:01:43, 401.22, 86.07, 2.76, 87.46, 2.56, 2.30, 1.98, 2.8, 3.521
2025/07/19 5:06:43, 396.30, 86.10, 2.66, 87.96, 2.53, 2.32, 2.06, 3.0247, 3.521
2025/07/19 5:11:43, 393.66, 86.07, 2.37, 88.60, 2.22, 2.06, 1.85, 3.1622, 4.024
2025/07/19 5:16:43, 385.66, 86.07, 2.48, 89.02, 2.45, 2.22, 2.00, 3.2326, 3.521
2025/07/19 5:21:43, 381.88, 86.07, 2.68, 87.96, 2.48, 2.30, 2.11, 3.1756, 3.521
2025/07/19 5:26:43, 384.78, 86.07, 2.89, 87.78, 2.99, 2.73, 2.48, 2.9308, 3.521
2025/07/19 5:31:43, 387.86, 86.07, 3.63, 84.80, 3.63, 3.35, 3.04, 3.2628, 4.024
2025/07/19 5:36:43, 388.56, 86.10, 3.63, 83.73, 3.27, 3.09, 2.91, 3.132, 4.024
2025/07/19 5:41:43, 381.79, 86.10, 4.31, 81.79, 4.10, 3.85, 3.68, 3.1119, 4.024
2025/07/19 5:46:43, 372.03, 86.10, 5.41, 77.41, 5.13, 4.83, 4.51, 3.3768, 4.024
2025/07/19 5:51:43, 384.87, 86.10, 5.21, 76.94, 4.49, 4.23, 4.05, 2.9174, 4.024
2025/07/19 5:56:43, 418.98, 86.10, 4.64, 77.03, 3.14, 2.94, 2.86, 2.116, 3.018
2025/07/19 6:01:43, 377.66, 86.10, 4.46, 80.02, 3.90, 3.50, 3.50, 2.515, 3.521
2025/07/19 6:06:43, 413.44, 86.10, 4.73, 78.19, 3.85, 3.32, 3.32, 2.5083, 3.521
2025/07/19 6:11:43, 410.80, 86.10, 4.73, 78.48, 4.08, 3.40, 3.30, 2.676, 3.521
2025/07/19 6:16:43, 405.18, 86.13, 4.83, 77.25, 3.85, 3.06, 2.91, 2.7363, 3.018
2025/07/19 6:21:43, 396.82, 86.13, 5.21, 77.09, 4.61, 3.98, 3.68, 2.6659, 3.018
2025/07/19 6:26:43, 406.49, 86.13, 5.05, 76.21, 3.45, 3.09, 2.96, 2.4345, 3.018
2025/07/19 6:31:43, 404.03, 86.13, 5.28, 76.07, 4.00, 3.60, 3.40, 2.7699, 3.521
2025/07/19 6:36:43, 407.46, 86.13, 5.68, 74.07, 4.00, 3.70, 3.55, 2.4915, 3.018
2025/07/19 6:41:43, 400.96, 86.16, 5.36, 75.45, 3.75, 3.50, 3.25, 2.4815, 3.018
2025/07/19 6:46:43, 403.77, 86.16, 5.31, 74.93, 3.63, 3.78, 3.12, 2.3775, 3.018
2025/07/19 6:51:43, 396.03, 86.16, 4.98, 76.57, 4.03, 3.48, 3.27, 2.79, 3.521
2025/07/19 6:56:43, 406.05, 86.16, 5.05, 76.32, 4.31, 3.93, 3.53, 3.2527, 3.521
2025/07/19 7:01:43, 394.71, 86.16, 5.26, 75.66, 4.46, 4.10, 4.00, 2.8872, 3.521
2025/07/19 7:06:43, 392.69, 86.16, 5.26, 76.03, 4.33, 4.00, 3.95, 2.7598, 3.521
2025/07/19 7:11:43, 388.74, 86.16, 5.28, 76.03, 4.49, 4.16, 4.13, 3.1287, 4.024
2025/07/19 7:16:43, 384.96, 86.16, 5.23, 76.28, 4.54, 4.23, 3.95, 3.7021, 4.527
2025/07/19 7:21:43, 370.10, 86.20, 6.34, 73.80, 5.89, 5.51, 5.36, 3.8496, 4.527
2025/07/19 7:26:43, 384.78, 86.20, 6.77, 71.13, 5.80, 5.36, 5.31, 3.4741, 4.024
2025/07/19 7:31:43, 377.75, 86.16, 7.11, 70.22, 6.19, 5.80, 5.65, 3.5881, 4.024
2025/07/19 7:36:43, 373.26, 86.20, 7.33, 68.89, 6.26, 5.89, 5.80, 3.4808, 4.024
2025/07/19 7:41:43, 389.09, 86.20, 7.26, 68.43, 6.24, 5.80, 5.80, 3.2594, 4.024
2025/07/19 7:46:43, 378.89, 86.23, 7.31, 67.59, 6.04, 5.63, 5.63, 3.0784, 3.521
2025/07/19 7:51:43, 376.87, 86.26, 7.18, 67.98, 6.06, 5.68, 5.65, 3.3768, 4.024
2025/07/19 7:56:43, 387.68, 86.23, 7.45, 66.46, 6.29, 5.92, 5.92, 3.3735, 4.024
2025/07/19 8:01:43, 392.60, 86.23, 7.48, 65.91, 6.39, 5.89, 5.89, 2.7766, 3.521
2025/07/19 8:06:43, 388.38, 86.23, 7.11, 67.30, 6.09, 5.63, 5.60, 3.5109, 4.527
2025/07/19 8:11:43, 387.59, 86.01, 7.35, 66.78, 6.39, 5.94, 5.97, 3.4875, 4.527
2025/07/19 8:16:43, 381.09, 85.42, 8.02, 64.58, 6.77, 6.36, 6.34, 3.246, 4.024
2025/07/19 8:21:43, 385.57, 85.98, 8.45, 62.60, 7.28, 6.80, 6.77, 2.6625, 3.521
2025/07/19 8:26:43, 416.08, 87.13, 9.02, 59.82, 7.48, 7.06, 7.16, 2.6257, 3.521
2025/07/19 8:31:43, 404.03, 87.48, 9.21, 58.84, 7.74, 6.92, 6.89, 2.4513, 3.521
2025/07/19 8:36:43, 402.10, 86.13, 8.97, 59.26, 7.48, 6.73, 6.70, 2.6491, 3.521
2025/07/19 8:41:43, 402.10, 85.38, 9.16, 58.72, 7.67, 7.01, 7.16, 2.9845, 4.024
2025/07/19 8:46:43, 399.73, 86.01, 8.90, 59.91, 7.55, 6.87, 6.80, 3.0012, 3.521
2025/07/19 8:51:43, 398.93, 86.48, 9.23, 58.14, 7.71, 7.09, 7.18, 2.743, 3.521
2025/07/19 8:56:43, 395.59, 86.63, 8.36, 61.03, 6.94, 6.39, 6.46, 2.5687, 3.521
2025/07/19 9:01:43, 403.33, 86.73, 9.33, 58.15, 7.90, 7.23, 7.38, 2.5854, 3.018
2025/07/19 9:06:43, 385.84, 85.98, 9.59, 57.14, 7.71, 7.21, 7.40, 2.6558, 3.521
2025/07/19 9:11:43, 383.81, 84.54, 9.23, 59.10, 7.38, 6.65, 7.04, 3.189, 4.527
2025/07/19 9:16:43, 392.08, 84.23, 9.45, 59.13, 8.24, 7.55, 7.62, 3.5244, 4.024
2025/07/19 9:21:43, 387.33, 85.26, 8.88, 59.58, 6.99, 6.53, 6.63, 3.5009, 4.024
2025/07/19 9:26:43, 385.31, 86.04, 8.45, 60.71, 6.36, 5.99, 6.19, 2.9375, 3.521
2025/07/19 9:31:43, 382.14, 86.13, 8.24, 62.16, 6.61, 6.24, 6.41, 3.1354, 3.521
2025/07/19 9:36:43, 386.10, 86.16, 9.52, 57.39, 7.76, 7.26, 7.48, 2.8235, 3.521
2025/07/19 9:41:43, 386.98, 86.23, 8.97, 58.92, 7.01, 6.63, 6.87, 2.9945, 3.521
2025/07/19 9:46:43, 387.77, 86.35, 10.45, 54.64, 8.88, 8.41, 8.88, 2.183, 3.018
2025/07/19 9:51:43, 389.44, 86.98, 11.33, 50.68, 8.78, 8.31, 8.71, 1.3212, 3.018
2025/07/19 9:56:43, 353.66, 87.66, 11.03, 51.84, 7.38, 7.26, 7.60, 1.5425, 2.515
2025/07/19 10:01:43, 384.08, 87.23, 10.24, 53.39, 7.57, 7.21, 7.50, 1.8242, 3.018
2025/07/19 10:06:43, 392.96, 86.85, 9.82, 55.53, 8.26, 7.76, 7.69, 2.6693, 3.018
2025/07/19 10:11:43, 413.44, 86.76, 10.29, 53.32, 7.40, 7.40, 7.45, 2.1931, 2.515
2025/07/19 10:16:43, 401.40, 87.38, 10.17, 53.79, 7.93, 7.28, 7.35, 2.8034, 3.521
2025/07/19 10:21:43, 391.29, 90.44, 9.59, 56.10, 7.86, 7.31, 7.35, 2.8839, 3.521
2025/07/19 10:26:43, 391.99, 93.53, 9.35, 57.33, 7.93, 7.48, 7.48, 2.9677, 3.521
2025/07/19 10:31:43, 403.15, 95.09, 10.45, 54.45, 9.57, 8.78, 8.78, 2.8973, 3.521
2025/07/19 10:36:43, 403.59, 90.22, 11.45, 50.54, 9.68, 8.95, 9.06, 2.5888, 3.018
2025/07/19 10:41:43, 393.22, 81.76, 11.03, 51.61, 9.11, 8.45, 8.50, 2.676, 3.521
2025/07/19 10:46:43, 389.09, 78.14, 11.73, 49.94, 10.00, 9.45, 9.64, 2.0992, 2.515
2025/07/19 10:51:43, 419.15, 78.86, 12.00, 48.96, 9.98, 9.54, 9.64, 2.3473, 3.521
2025/07/19 10:56:43, 406.67, 84.26, 12.46, 47.36, 10.22, 9.64, 9.73, 2.3976, 3.521
2025/07/19 11:01:43, 389.09, 95.09, 11.43, 50.02, 9.33, 8.60, 8.50, 3.2594, 4.527
2025/07/19 11:06:43, 393.31, 97.62, 10.98, 51.50, 9.06, 8.50, 8.53, 3.303, 4.024
2025/07/19 11:11:43, 389.88, 90.10, 11.22, 51.15, 9.66, 9.11, 9.09, 2.9912, 4.024
2025/07/19 11:16:43, 373.70, 80.36, 10.27, 54.21, 8.24, 7.88, 7.88, 3.6115, 4.527
2025/07/19 11:21:43, 383.20, 77.30, 10.78, 52.89, 9.04, 8.64, 8.78, 3.3701, 4.527
2025/07/19 11:26:43, 413.53, 79.64, 11.95, 49.17, 10.34, 9.59, 9.77, 2.6458, 3.521
2025/07/19 11:31:43, 412.21, 81.23, 11.29, 50.97, 9.14, 8.95, 8.95, 2.9945, 3.521
2025/07/19 11:36:43, 406.32, 80.55, 11.91, 48.83, 9.73, 9.09, 9.23, 2.9208, 3.521
2025/07/19 11:41:43, 404.38, 79.64, 12.28, 48.13, 10.38, 9.68, 9.77, 2.8671, 4.024
2025/07/19 11:46:43, 391.02, 78.96, 12.23, 47.75, 9.96, 9.19, 9.21, 2.6961, 3.018
2025/07/19 11:51:43, 410.36, 78.42, 15.59, 39.85, 12.28, 12.30, 12.18, 0.6807, 2.515
2025/07/19 11:56:43, 405.44, 77.86, 13.51, 43.79, 10.38, 9.52, 9.68, 2.2199, 3.018
2025/07/19 12:01:43, 408.25, 76.90, 12.42, 46.68, 9.91, 9.14, 9.21, 2.904, 3.521
2025/07/19 12:06:43, 401.13, 76.65, 11.77, 48.67, 9.64, 8.90, 8.88, 2.9711, 3.521
2025/07/19 12:11:43, 406.32, 76.99, 12.02, 48.32, 10.10, 9.40, 9.66, 2.6156, 3.018
2025/07/19 12:16:43, 406.14, 83.51, 11.47, 49.46, 8.97, 8.55, 8.76, 2.6994, 3.521
2025/07/19 12:21:43, 408.08, 77.24, 11.12, 50.73, 9.16, 8.55, 8.48, 3.179, 4.024
2025/07/19 12:26:43, 408.16, 77.86, 11.12, 50.88, 9.14, 8.62, 8.62, 3.1857, 4.024
2025/07/19 12:31:43, 405.79, 77.21, 11.22, 50.89, 9.45, 8.71, 8.71, 3.3366, 4.024
2025/07/19 12:36:43, 397.79, 74.24, 11.95, 48.88, 10.12, 9.35, 9.30, 2.6894, 3.521
2025/07/19 12:41:43, 395.51, 74.09, 11.77, 49.45, 9.91, 9.19, 9.26, 2.5888, 3.018
2025/07/19 12:46:43, 411.68, 72.59, 12.69, 46.93, 10.10, 9.87, 10.10, 2.2803, 3.018
2025/07/19 12:51:43, 402.63, 74.77, 12.00, 48.77, 9.91, 9.19, 9.21, 3.1387, 4.024
2025/07/19 12:56:43, 395.33, 79.33, 11.73, 49.67, 9.73, 9.02, 8.95, 3.179, 4.024
2025/07/19 13:01:43, 391.29, 83.70, 11.17, 51.40, 9.21, 8.71, 8.74, 2.9878, 3.521
2025/07/19 13:06:43, 397.79, 85.48, 11.33, 50.56, 9.30, 8.71, 8.74, 2.7799, 3.521
2025/07/19 13:11:43, 391.20, 72.74, 11.36, 50.68, 9.11, 8.60, 8.74, 2.5988, 3.018
2025/07/19 13:16:43, 397.97, 74.99, 12.04, 48.81, 10.15, 9.47, 9.54, 2.3976, 3.018
2025/07/19 13:21:43, 395.59, 72.49, 11.33, 50.56, 9.14, 8.60, 8.69, 2.7833, 3.521
2025/07/19 13:26:43, 390.85, 81.45, 10.43, 53.22, 8.26, 7.79, 7.83, 3.1823, 4.024
2025/07/19 13:31:43, 384.87, 86.32, 9.73, 55.63, 7.64, 7.31, 7.40, 3.3936, 4.024
2025/07/19 13:36:43, 384.52, 90.44, 9.49, 56.57, 7.48, 7.14, 7.31, 3.3768, 4.024
2025/07/19 13:41:43, 387.51, 86.23, 9.16, 58.24, 7.28, 7.01, 7.16, 3.7289, 4.527
2025/07/19 13:46:43, 380.12, 86.20, 9.59, 57.70, 8.00, 7.69, 7.74, 4.1011, 5.03
2025/07/19 13:51:43, 378.27, 86.20, 10.29, 55.66, 8.60, 8.29, 8.29, 3.9066, 5.03
2025/07/19 13:56:43, 377.57, 86.20, 10.00, 55.44, 7.45, 7.21, 7.28, 4.0307, 5.03
2025/07/19 14:01:43, 379.15, 86.20, 9.26, 58.10, 7.31, 7.06, 7.16, 4.0139, 5.03
2025/07/19 14:06:43, 377.48, 86.20, 9.38, 58.15, 7.35, 7.11, 7.18, 3.8329, 5.03
2025/07/19 14:11:43, 380.38, 86.23, 9.49, 57.54, 7.48, 7.18, 7.31, 3.578, 4.527
2025/07/19 14:16:43, 382.23, 86.23, 9.80, 56.35, 7.57, 7.31, 7.50, 3.2024, 4.024
2025/07/19 14:21:43, 411.42, 86.23, 11.17, 52.45, 9.61, 9.45, 9.47, 2.4278, 3.521
2025/07/19 14:26:43, 401.57, 86.23, 11.70, 49.93, 9.64, 8.95, 8.90, 2.3172, 3.018
2025/07/19 14:31:43, 398.14, 86.26, 11.38, 50.68, 9.30, 8.76, 8.83, 2.3473, 3.018
2025/07/19 14:36:43, 395.59, 86.26, 11.00, 51.87, 8.99, 8.45, 8.50, 2.5284, 3.521
2025/07/19 14:41:43, 379.42, 86.29, 10.24, 54.43, 7.64, 7.38, 7.64, 2.7665, 3.521
2025/07/19 14:46:43, 378.36, 86.29, 9.91, 55.84, 7.45, 7.26, 7.40, 2.8705, 3.521
2025/07/19 14:51:43, 382.58, 86.23, 9.49, 57.65, 7.26, 7.06, 7.14, 2.8939, 3.521
2025/07/19 14:56:43, 380.21, 85.20, 10.15, 55.79, 8.17, 8.12, 8.43, 2.9409, 3.521
2025/07/19 15:01:43, 383.02, 85.42, 9.84, 56.69, 7.86, 7.62, 7.79, 2.9409, 3.521
2025/07/19 15:06:43, 392.69, 86.32, 10.75, 53.93, 9.33, 9.26, 9.59, 2.6793, 3.521
2025/07/19 15:11:43, 415.11, 87.66, 10.98, 52.35, 9.06, 9.09, 9.30, 2.4077, 3.018
2025/07/19 15:16:43, 400.96, 87.16, 10.55, 53.91, 8.97, 8.67, 8.88, 3.1588, 4.024
2025/07/19 15:21:43, 408.96, 86.98, 11.24, 51.56, 9.06, 9.11, 9.45, 2.6894, 3.521
2025/07/19 15:26:43, 407.29, 86.13, 10.84, 52.64, 8.92, 8.85, 9.35, 2.7363, 3.018
2025/07/19 15:31:43, 401.84, 85.91, 11.12, 51.77, 9.40, 9.16, 9.54, 2.6994, 3.018
2025/07/19 15:36:43, 402.19, 86.63, 10.48, 53.19, 8.50, 8.41, 8.69, 2.7699, 3.521
2025/07/19 15:41:43, 400.87, 86.57, 10.34, 53.77, 8.53, 8.31, 8.69, 2.7095, 3.521
2025/07/19 15:46:43, 409.31, 86.98, 10.17, 54.42, 8.45, 8.43, 8.81, 2.7866, 3.521
2025/07/19 15:51:43, 406.14, 86.69, 10.36, 53.88, 8.74, 8.62, 9.06, 2.5586, 3.018
2025/07/19 15:56:43, 401.13, 86.13, 10.50, 53.04, 8.48, 8.34, 8.67, 2.3406, 3.018
2025/07/19 16:01:43, 399.64, 86.32, 9.57, 56.10, 7.69, 7.40, 7.79, 2.8369, 3.521
2025/07/19 16:06:43, 394.89, 86.38, 9.16, 57.91, 7.57, 7.35, 7.55, 2.8403, 3.521
2025/07/19 16:11:43, 390.85, 86.38, 9.40, 56.67, 7.18, 6.92, 7.14, 2.515, 3.018
2025/07/19 16:16:43, 379.07, 86.38, 9.30, 57.81, 7.18, 7.40, 7.60, 2.5116, 3.521
2025/07/19 16:21:43, 380.12, 86.38, 9.26, 58.73, 7.60, 7.48, 7.62, 3.0281, 4.024
2025/07/19 16:26:43, 376.25, 86.41, 10.05, 56.01, 7.81, 7.76, 8.04, 2.4278, 3.018
2025/07/19 16:31:43, 386.10, 86.38, 10.10, 55.90, 8.00, 7.60, 7.57, 2.6223, 4.024
2025/07/19 16:36:43, 389.62, 86.38, 9.47, 57.83, 7.69, 7.35, 7.43, 3.0381, 3.521
2025/07/19 16:41:43, 383.81, 86.38, 9.49, 58.76, 7.97, 7.57, 7.45, 3.3768, 4.527
2025/07/19 16:46:43, 383.02, 86.35, 9.04, 59.26, 7.16, 6.77, 6.77, 3.5411, 4.527
2025/07/19 16:51:43, 384.78, 86.38, 8.50, 60.64, 6.31, 6.11, 6.19, 3.0515, 4.024
2025/07/19 16:56:43, 387.68, 86.35, 8.90, 59.69, 6.96, 6.77, 6.75, 2.3574, 3.018
2025/07/19 17:01:43, 401.13, 86.38, 9.73, 56.86, 8.21, 8.12, 7.88, 1.8175, 2.515
2025/07/19 17:06:43, 397.18, 86.38, 9.66, 56.07, 7.55, 7.45, 7.16, 1.9282, 2.515
2025/07/19 17:11:43, 398.93, 86.38, 9.04, 58.26, 7.28, 7.21, 7.71, 2.2601, 2.515
2025/07/19 17:16:43, 398.41, 86.38, 9.38, 57.34, 7.79, 7.69, 8.02, 1.9047, 2.515
2025/07/19 17:21:43, 388.47, 86.38, 8.41, 60.85, 6.24, 5.94, 6.24, 2.3037, 2.515
2025/07/19 17:26:43, 388.03, 86.35, 8.60, 60.54, 6.73, 6.41, 6.70, 2.2233, 2.515
2025/07/19 17:31:43, 394.89, 86.35, 8.69, 59.18, 6.63, 6.11, 6.39, 2.0422, 2.515
2025/07/19 17:36:43, 403.42, 86.35, 8.43, 61.23, 7.11, 6.65, 6.75, 2.6625, 3.018
2025/07/19 17:41:43, 403.15, 86.35, 8.69, 60.30, 7.26, 6.73, 6.96, 2.4949, 3.018
2025/07/19 17:46:43, 394.01, 86.35, 8.67, 59.96, 6.89, 6.34, 6.53, 2.5284, 3.018
2025/07/19 17:51:43, 389.26, 86.32, 7.95, 62.94, 6.41, 6.01, 6.11, 2.6927, 3.521
2025/07/19 17:56:43, 384.96, 86.32, 8.29, 61.88, 6.41, 6.09, 6.11, 2.5619, 3.018
2025/07/19 18:01:43, 375.81, 86.29, 7.67, 64.50, 5.75, 5.51, 5.43, 3.0683, 3.521
2025/07/19 18:06:43, 378.36, 86.32, 7.64, 64.38, 5.53, 5.31, 5.10, 2.7631, 3.521
2025/07/19 18:11:43, 389.88, 86.32, 7.74, 63.99, 6.19, 5.87, 5.05, 2.2937, 3.018
2025/07/19 18:16:43, 398.05, 86.32, 7.97, 62.94, 6.51, 5.94, 5.99, 2.1461, 3.018
2025/07/19 18:21:43, 403.59, 86.32, 8.12, 62.30, 6.51, 5.99, 6.24, 2.3641, 3.018
2025/07/19 18:26:43, 409.92, 86.32, 8.17, 62.04, 6.34, 5.85, 6.21, 2.3205, 3.018
2025/07/19 18:31:43, 402.27, 86.32, 8.21, 61.98, 6.65, 5.99, 6.31, 2.2736, 3.018
2025/07/19 18:36:43, 412.65, 86.29, 8.21, 61.49, 6.04, 5.68, 6.14, 2.069, 2.515
2025/07/19 18:41:43, 394.27, 86.29, 8.04, 61.99, 6.09, 5.53, 5.87, 1.9583, 2.515
2025/07/19 18:46:43, 384.60, 86.32, 7.95, 63.57, 5.85, 5.41, 5.73, 1.9248, 2.515
2025/07/19 18:51:43, 409.40, 86.29, 8.14, 62.00, 6.01, 5.55, 6.01, 1.7471, 2.515
2025/07/19 18:56:43, 399.46, 86.29, 7.93, 63.31, 6.24, 5.46, 5.75, 2.1495, 2.515
2025/07/19 19:01:43, 405.09, 86.32, 7.93, 62.90, 6.31, 5.53, 6.04, 2.012, 2.515
2025/07/19 19:06:43, 397.35, 86.29, 7.28, 65.11, 5.53, 4.73, 5.23, 2.1763, 3.018
2025/07/19 19:11:43, 387.42, 86.29, 6.61, 68.05, 4.91, 4.18, 4.76, 2.4815, 3.018
2025/07/19 19:16:43, 396.65, 86.29, 6.65, 67.90, 5.31, 4.73, 5.21, 2.0221, 2.515
2025/07/19 19:21:43, 388.74, 86.29, 6.34, 69.08, 4.73, 4.44, 4.56, 2.2937, 3.521
2025/07/19 19:26:43, 380.12, 86.26, 5.92, 71.04, 4.26, 4.05, 4.21, 2.6693, 3.018
2025/07/19 19:31:43, 379.42, 86.29, 6.77, 68.70, 5.21, 5.05, 5.43, 1.7169, 2.515
2025/07/19 19:36:43, 381.09, 86.29, 7.11, 67.82, 5.58, 5.36, 5.68, 1.4989, 2.515
2025/07/19 19:41:43, 376.16, 86.29, 7.50, 66.21, 5.65, 5.43, 5.46, 2.1126, 2.515
2025/07/19 19:46:43, 380.91, 86.29, 7.35, 67.41, 5.94, 5.65, 5.55, 2.9174, 3.521
2025/07/19 19:51:43, 399.20, 86.32, 7.23, 67.17, 6.06, 5.65, 5.53, 2.743, 3.521
2025/07/19 19:56:43, 401.66, 86.32, 6.77, 68.18, 5.58, 5.18, 5.10, 2.9409, 3.521
2025/07/19 20:01:43, 390.85, 86.29, 6.24, 69.76, 4.91, 4.56, 4.61, 2.5016, 3.521
2025/07/19 20:06:43, 400.96, 86.29, 6.04, 70.43, 4.86, 4.51, 4.61, 2.0522, 2.515
2025/07/19 20:11:43, 384.25, 86.29, 5.70, 74.36, 4.88, 4.46, 4.33, 2.3339, 3.018
2025/07/19 20:16:43, 383.55, 86.29, 6.65, 70.86, 5.43, 4.98, 4.83, 1.8074, 3.018
2025/07/19 20:21:43, 385.40, 86.29, 6.68, 68.87, 4.93, 4.59, 4.61, 1.4486, 2.012
2025/07/19 20:26:43, 380.47, 86.32, 5.94, 71.67, 4.33, 4.10, 4.23, 1.4319, 2.012
2025/07/19 20:31:43, 391.20, 86.32, 4.31, 78.45, 3.19, 2.91, 2.84, 1.338, 2.012
2025/07/19 20:36:43, 395.59, 86.32, 2.91, 83.57, 2.08, 1.90, 1.83, 1.7571, 2.515
2025/07/19 20:41:43, 390.41, 86.32, 2.81, 87.91, 2.78, 2.56, 2.32, 2.4949, 3.018
2025/07/19 20:46:43, 387.24, 86.32, 3.22, 86.19, 3.14, 2.94, 2.71, 2.3943, 3.018
2025/07/19 20:51:43, 391.20, 86.32, 2.40, 88.20, 2.00, 1.85, 1.72, 2.4312, 3.018
2025/07/19 20:56:43, 390.05, 86.32, 2.43, 90.77, 2.71, 2.50, 2.30, 2.3641, 3.018
2025/07/19 21:01:43, 400.34, 86.32, 2.63, 88.21, 2.37, 2.22, 2.00, 2.4882, 3.521
2025/07/19 21:06:43, 393.31, 86.32, 2.27, 90.01, 2.16, 1.98, 1.83, 2.6424, 3.018
2025/07/19 21:11:43, 397.70, 86.32, 2.73, 89.69, 2.94, 2.76, 2.58, 3.2427, 4.024
2025/07/19 21:16:43, 393.57, 86.32, 2.30, 89.87, 2.06, 1.90, 1.75, 2.8705, 3.521
2025/07/19 21:21:43, 382.93, 86.32, 2.14, 92.14, 2.37, 2.16, 1.90, 2.5653, 3.018
2025/07/19 21:26:43, 390.05, 86.32, 2.78, 89.70, 2.91, 2.68, 2.43, 2.629, 3.521
2025/07/19 21:31:43, 376.69, 86.35, 2.73, 89.43, 2.81, 2.61, 2.37, 2.8839, 3.521
2025/07/19 21:36:43, 380.65, 86.32, 3.01, 87.65, 2.86, 2.66, 2.43, 3.0616, 3.521
2025/07/19 21:41:43, 382.76, 86.35, 2.68, 88.40, 2.43, 2.27, 2.06, 2.9979, 3.521
2025/07/19 21:46:43, 383.55, 86.32, 2.43, 90.77, 2.58, 2.37, 2.08, 2.9509, 3.521
2025/07/19 21:51:43, 381.18, 86.32, 2.40, 90.36, 2.32, 2.11, 1.88, 2.8906, 3.521
2025/07/19 21:56:43, 386.71, 86.35, 2.61, 90.07, 2.56, 2.32, 2.03, 2.4681, 3.018
2025/07/19 22:01:43, 378.54, 86.32, 3.04, 88.54, 3.09, 2.86, 2.58, 2.8235, 3.521
2025/07/19 22:06:43, 397.88, 86.35, 2.63, 88.68, 2.43, 2.27, 2.06, 2.7397, 3.521
2025/07/19 22:11:43, 394.71, 86.35, 2.22, 90.48, 2.06, 1.90, 1.70, 2.4379, 3.018
2025/07/19 22:16:43, 374.05, 86.35, 2.58, 90.21, 2.27, 1.93, 1.64, 2.2568, 3.018
2025/07/19 22:21:43, 367.46, 86.35, 2.96, 92.15, 3.22, 2.63, 2.08, 1.9416, 3.018
2025/07/19 22:26:43, 421.35, 86.35, 2.53, 88.85, 2.03, 1.75, 1.46, 1.6364, 2.515
2025/07/19 22:31:43, 407.11, 86.35, 2.22, 91.10, 2.11, 1.85, 1.59, 2.4613, 3.521
2025/07/19 22:36:43, 405.97, 86.35, 2.45, 90.08, 2.30, 2.08, 1.80, 2.6525, 3.521
2025/07/19 22:41:43, 401.13, 86.35, 2.56, 89.37, 2.48, 2.27, 2.03, 2.5552, 3.018
2025/07/19 22:46:43, 410.10, 86.38, 2.30, 90.38, 2.27, 2.11, 1.85, 2.7732, 3.521
2025/07/19 22:51:43, 401.57, 86.38, 1.80, 92.99, 1.75, 1.54, 1.33, 2.7263, 3.521
2025/07/19 22:56:43, 396.56, 86.35, 2.53, 90.94, 2.81, 2.66, 2.37, 2.6827, 3.521
2025/07/19 23:01:43, 393.48, 86.38, 3.04, 88.47, 3.32, 3.09, 2.76, 2.9442, 4.024
2025/07/19 23:06:43, 395.33, 86.38, 3.35, 86.14, 3.35, 3.14, 2.84, 3.0146, 4.527
2025/07/19 23:11:43, 394.01, 86.38, 3.55, 84.67, 3.53, 3.30, 3.01, 3.521, 4.527
2025/07/19 23:16:43, 396.03, 86.38, 3.37, 85.63, 3.50, 3.30, 2.99, 3.6685, 4.527
2025/07/19 23:21:43, 389.09, 86.38, 2.89, 86.72, 2.68, 2.53, 2.30, 3.2226, 4.024
2025/07/19 23:26:43, 393.31, 86.38, 2.37, 89.00, 2.16, 2.00, 1.80, 2.7263, 3.521
2025/07/19 23:31:43, 391.81, 86.38, 2.73, 89.00, 2.99, 2.73, 2.45, 2.7933, 3.521
2025/07/19 23:36:43, 398.58, 86.38, 2.91, 86.98, 2.81, 2.63, 2.37, 3.1253, 4.024
2025/07/19 23:41:43, 401.92, 86.38, 2.81, 87.69, 2.76, 2.58, 2.30, 3.3802, 4.024
2025/07/19 23:46:43, 402.89, 86.38, 2.71, 88.26, 2.68, 2.48, 2.16, 2.9342, 4.024
2025/07/19 23:51:43, 417.13, 86.38, 2.68, 88.18, 2.58, 2.40, 2.14, 2.7061, 3.521
2025/07/19 23:56:43, 413.44, 86.38, 2.27, 89.31, 2.03, 1.88, 1.67, 3.2661, 4.024
2025/07/20 0:01:43, 399.99, 86.38, 2.56, 89.66, 2.78, 2.58, 2.22, 3.132, 4.024
2025/07/20 0:06:43, 399.02, 86.38, 3.01, 87.58, 3.19, 2.99, 2.63, 2.7397, 3.521
2025/07/20 0:11:43, 403.86, 86.38, 2.53, 87.68, 2.16, 1.98, 1.77, 3.0348, 4.024
2025/07/20 0:16:43, 401.57, 86.38, 2.30, 90.01, 2.35, 2.19, 1.90, 3.0784, 3.521
2025/07/20 0:21:43, 409.31, 86.38, 2.43, 90.04, 2.50, 2.30, 2.03, 2.5921, 3.521
2025/07/20 0:26:43, 406.41, 86.38, 2.06, 90.96, 2.00, 1.85, 1.59, 2.8235, 3.521
2025/07/20 0:31:43, 406.67, 86.38, 2.27, 90.89, 2.48, 2.27, 1.95, 2.8604, 3.521
2025/07/20 0:36:43, 411.86, 86.38, 1.95, 91.27, 1.88, 1.72, 1.49, 2.8839, 3.521
2025/07/20 0:41:43, 410.63, 86.38, 1.75, 92.18, 1.75, 1.59, 1.38, 3.0381, 3.521
2025/07/20 0:46:43, 403.59, 86.38, 2.00, 91.57, 2.22, 2.11, 1.85, 3.6719, 4.527
2025/07/20 0:51:43, 395.15, 86.38, 2.84, 88.80, 3.09, 2.94, 2.66, 3.7088, 4.527
2025/07/20 0:56:43, 403.59, 86.38, 2.94, 87.83, 3.01, 2.78, 2.50, 3.5881, 4.527
2025/07/20 1:01:43, 406.14, 86.38, 3.35, 86.62, 3.50, 3.35, 3.04, 3.4204, 4.527
2025/07/20 1:06:43, 397.00, 86.38, 4.03, 84.87, 4.36, 4.16, 3.88, 4.081, 5.533
2025/07/20 1:11:43, 405.00, 86.38, 3.88, 84.07, 3.80, 3.60, 3.30, 4.2252, 5.03
2025/07/20 1:16:43, 409.66, 86.38, 3.06, 87.44, 3.01, 2.78, 2.50, 3.2393, 4.024
2025/07/20 1:21:43, 412.82, 86.38, 3.22, 86.89, 3.19, 3.01, 2.68, 3.0281, 3.521
2025/07/20 1:26:43, 402.80, 86.41, 3.01, 86.34, 2.61, 2.32, 2.03, 2.4714, 3.018
2025/07/20 1:31:43, 406.76, 86.38, 2.68, 88.80, 2.61, 2.40, 2.08, 2.7933, 3.521
2025/07/20 1:36:43, 405.09, 86.41, 2.48, 89.97, 2.40, 2.22, 1.98, 3.0817, 4.527
2025/07/20 1:41:43, 402.54, 86.41, 2.35, 91.23, 2.43, 2.24, 2.00, 3.0381, 4.024
2025/07/20 1:46:43, 393.13, 86.38, 2.78, 92.08, 3.65, 3.40, 3.04, 3.246, 5.03
2025/07/20 1:51:43, 414.58, 86.38, 3.93, 84.30, 3.83, 3.63, 3.32, 3.5277, 4.527
2025/07/20 1:56:43, 418.63, 86.38, 3.30, 86.90, 3.35, 3.09, 2.73, 2.7497, 3.521
2025/07/20 2:01:43, 422.49, 86.38, 2.81, 87.98, 2.66, 2.45, 2.22, 2.6324, 3.521
2025/07/20 2:06:43, 375.11, 86.41, 3.14, 87.97, 3.25, 2.99, 2.58, 2.3373, 3.521
2025/07/20 2:11:43, 369.75, 86.38, 4.61, 83.57, 5.05, 4.71, 4.23, 2.8839, 4.527
2025/07/20 2:16:43, 396.82, 86.41, 4.49, 81.01, 3.80, 3.45, 3.14, 3.578, 5.03
2025/07/20 2:21:43, 404.03, 86.38, 3.14, 85.55, 2.66, 2.45, 2.22, 2.8839, 4.024
2025/07/20 2:26:43, 378.45, 86.38, 3.90, 85.61, 4.13, 3.85, 3.55, 3.6954, 5.03
2025/07/20 2:31:43, 377.31, 86.38, 4.05, 82.92, 3.55, 3.32, 3.09, 3.6786, 5.533
2025/07/20 2:36:43, 379.77, 86.38, 3.43, 84.98, 2.96, 2.78, 2.56, 3.3701, 4.527
2025/07/20 2:41:43, 388.12, 86.38, 3.43, 86.52, 3.35, 3.12, 2.81, 3.0482, 4.024
2025/07/20 2:46:43, 429.88, 86.38, 3.19, 88.20, 3.22, 2.71, 2.27, 2.5485, 3.018
2025/07/20 2:51:43, 408.16, 86.35, 3.19, 86.84, 2.86, 2.53, 2.19, 3.2997, 4.024
2025/07/20 2:56:43, 386.71, 86.38, 3.60, 88.86, 4.23, 3.95, 3.55, 3.1756, 4.527
2025/07/20 3:01:43, 392.43, 86.38, 3.78, 85.63, 3.50, 3.22, 2.89, 3.1857, 4.527
2025/07/20 3:06:43, 378.71, 86.38, 3.83, 86.67, 3.95, 3.55, 3.09, 2.5049, 3.018
2025/07/20 3:11:43, 407.20, 86.38, 3.70, 85.61, 3.45, 3.22, 2.91, 2.8637, 4.024
2025/07/20 3:16:43, 404.03, 86.38, 3.09, 88.84, 3.12, 2.94, 2.58, 3.122, 4.024
2025/07/20 3:21:43, 402.45, 86.38, 3.63, 87.55, 3.65, 3.35, 2.94, 3.0415, 3.521
2025/07/20 3:26:43, 414.05, 86.38, 3.53, 86.06, 3.09, 2.84, 2.58, 2.8336, 3.521
2025/07/20 3:31:43, 408.34, 86.38, 3.09, 89.21, 3.12, 2.91, 2.61, 3.0951, 4.024
2025/07/20 3:36:43, 411.51, 86.38, 2.81, 89.45, 2.81, 2.66, 2.43, 3.5847, 4.024
2025/07/20 3:41:43, 408.43, 86.38, 2.99, 88.82, 2.96, 2.81, 2.58, 3.4808, 4.024
2025/07/20 3:46:43, 405.62, 86.38, 2.68, 90.27, 2.58, 2.40, 2.16, 3.3164, 4.024
2025/07/20 3:51:43, 414.76, 86.38, 2.40, 90.98, 2.27, 2.14, 1.95, 2.9778, 3.521
2025/07/20 3:56:43, 412.91, 86.38, 2.81, 91.57, 3.14, 2.96, 2.68, 3.4103, 4.527
2025/07/20 4:01:43, 407.46, 86.38, 2.84, 90.26, 2.84, 2.71, 2.48, 3.4506, 4.024
2025/07/20 4:06:43, 404.38, 86.38, 2.78, 90.47, 2.73, 2.58, 2.32, 3.3299, 4.024
2025/07/20 4:11:43, 398.58, 86.38, 2.94, 91.74, 3.25, 2.99, 2.66, 2.8906, 3.521
2025/07/20 4:16:43, 389.97, 86.38, 3.32, 88.74, 3.22, 2.99, 2.61, 2.0623, 3.521
2025/07/20 4:21:43, 404.82, 86.38, 2.94, 89.69, 2.73, 2.45, 2.11, 1.8577, 2.515
2025/07/20 4:26:43, 388.12, 86.38, 3.60, 90.00, 3.80, 3.30, 2.73, 1.9986, 3.018
2025/07/20 4:31:43, 417.13, 86.38, 3.83, 86.33, 3.35, 2.99, 2.58, 2.4748, 3.521
2025/07/20 4:36:43, 403.07, 86.38, 3.30, 88.33, 3.01, 2.73, 2.40, 2.7967, 4.024
2025/07/20 4:41:43, 396.30, 86.38, 3.25, 89.42, 3.25, 3.04, 2.73, 3.2796, 4.024
2025/07/20 4:46:43, 396.38, 86.38, 3.63, 87.40, 3.45, 3.19, 2.89, 2.7497, 3.521
2025/07/20 4:51:43, 414.76, 86.38, 3.19, 88.38, 2.99, 2.78, 2.53, 2.6659, 3.521
2025/07/20 4:56:43, 391.81, 86.38, 3.22, 88.83, 3.14, 2.89, 2.66, 2.5586, 3.018
2025/07/20 5:01:43, 395.59, 86.38, 3.70, 87.49, 3.63, 3.37, 3.04, 2.6089, 3.521
2025/07/20 5:06:43, 408.52, 86.38, 3.32, 87.78, 3.06, 2.86, 2.61, 2.7866, 3.018
2025/07/20 5:11:43, 408.25, 86.38, 3.35, 88.30, 3.30, 3.09, 2.84, 2.9442, 3.521
2025/07/20 5:16:43, 404.30, 86.38, 4.28, 85.75, 4.26, 3.88, 3.50, 2.9811, 3.521
2025/07/20 5:21:43, 407.02, 86.38, 4.16, 84.15, 3.75, 3.53, 3.30, 3.3399, 4.024
2025/07/20 5:26:43, 403.51, 86.38, 3.90, 85.03, 3.50, 3.27, 3.06, 3.3232, 4.024
2025/07/20 5:31:43, 401.04, 86.38, 3.75, 86.10, 3.48, 3.25, 3.01, 3.4942, 4.527
2025/07/20 5:36:43, 386.89, 86.38, 3.65, 86.82, 3.50, 3.30, 3.09, 3.6652, 4.527
2025/07/20 5:41:43, 381.26, 86.38, 4.23, 86.04, 4.51, 4.31, 3.98, 3.6015, 4.527
2025/07/20 5:46:43, 390.76, 86.41, 4.21, 83.91, 3.70, 3.50, 3.30, 3.853, 4.527
2025/07/20 5:51:43, 382.41, 86.41, 3.85, 85.71, 3.55, 3.35, 3.12, 3.1823, 4.024
2025/07/20 5:56:43, 398.67, 86.41, 3.45, 86.93, 3.14, 2.94, 2.78, 2.9878, 4.024
2025/07/20 6:01:43, 381.88, 86.41, 3.73, 86.83, 3.63, 3.45, 3.30, 3.8362, 5.03
2025/07/20 6:06:43, 386.45, 86.41, 3.95, 85.55, 3.75, 3.50, 3.35, 3.7021, 4.527
2025/07/20 6:11:43, 379.77, 86.41, 4.28, 83.66, 3.80, 3.48, 3.35, 3.4137, 4.024
2025/07/20 6:16:43, 385.92, 86.45, 4.26, 83.36, 3.75, 3.45, 3.30, 3.6317, 4.527
2025/07/20 6:21:43, 383.02, 86.41, 4.33, 83.63, 3.88, 3.65, 3.48, 3.5981, 4.527
2025/07/20 6:26:43, 390.67, 86.41, 4.91, 81.27, 4.31, 4.08, 3.90, 3.6719, 4.527
2025/07/20 6:31:43, 378.63, 86.45, 5.65, 79.15, 4.98, 4.73, 4.54, 4.2923, 5.03
2025/07/20 6:36:43, 380.91, 86.45, 6.44, 75.99, 5.48, 5.18, 4.93, 4.3627, 5.533
2025/07/20 6:41:43, 378.89, 86.45, 6.26, 76.26, 5.41, 5.18, 4.81, 3.9167, 5.03
2025/07/20 6:46:43, 332.38, 86.45, 5.36, 79.69, 4.69, 4.41, 4.16, 2.6458, 4.024
2025/07/20 6:51:43, 377.66, 86.41, 5.70, 78.60, 5.26, 4.95, 4.76, 2.7833, 5.03
2025/07/20 6:56:43, 385.04, 86.41, 6.24, 77.07, 5.89, 5.58, 5.28, 4.6108, 5.533
2025/07/20 7:01:43, 384.60, 86.38, 6.70, 74.96, 6.14, 5.75, 5.48, 4.3493, 5.533
2025/07/20 7:06:43, 376.16, 86.38, 6.96, 74.08, 6.34, 5.97, 5.65, 4.3493, 5.03
2025/07/20 7:11:43, 385.31, 86.38, 6.94, 73.41, 6.19, 5.87, 5.63, 3.6987, 4.527
2025/07/20 7:16:43, 387.24, 86.38, 6.87, 73.18, 6.01, 5.68, 5.46, 3.2695, 4.024
2025/07/20 7:21:43, 347.15, 86.38, 6.63, 73.84, 5.70, 5.51, 5.36, 2.5586, 4.024
2025/07/20 7:26:43, 366.58, 86.38, 7.04, 74.05, 6.58, 6.26, 5.94, 2.6122, 4.527
2025/07/20 7:31:43, 395.86, 86.45, 8.26, 68.32, 7.55, 7.06, 6.82, 3.2628, 5.03
2025/07/20 7:36:43, 391.29, 86.45, 8.41, 66.82, 7.35, 6.94, 6.82, 2.8939, 4.024
2025/07/20 7:41:43, 378.80, 86.48, 7.88, 67.60, 6.48, 6.09, 6.04, 3.2829, 4.527
2025/07/20 7:46:43, 371.95, 86.45, 8.55, 67.69, 7.81, 7.45, 7.21, 3.4472, 4.527
2025/07/20 7:51:43, 392.78, 86.48, 8.50, 64.98, 7.06, 6.80, 6.82, 2.6827, 4.024
2025/07/20 7:56:43, 388.38, 86.48, 8.45, 64.12, 6.51, 6.19, 6.19, 1.2273, 3.521
2025/07/20 8:01:43, 407.11, 86.48, 7.93, 66.27, 6.89, 6.41, 6.39, 3.1421, 4.024
2025/07/20 8:06:43, 408.34, 86.45, 7.79, 67.44, 6.96, 6.53, 6.41, 3.3198, 4.024
2025/07/20 8:11:43, 409.48, 85.91, 8.64, 64.14, 7.52, 7.01, 7.01, 3.3332, 4.527
2025/07/20 8:16:43, 341.88, 86.10, 9.38, 60.09, 6.34, 6.11, 6.21, 1.908, 3.521
2025/07/20 8:21:43, 396.03, 86.88, 9.40, 60.27, 8.02, 7.60, 7.60, 1.7806, 3.018
2025/07/20 8:26:43, 405.09, 87.76, 9.11, 61.80, 8.04, 7.45, 7.38, 3.0784, 4.024
2025/07/20 8:31:43, 406.67, 87.01, 9.09, 61.46, 7.88, 7.31, 7.28, 3.1018, 3.521
2025/07/20 8:36:43, 401.22, 85.88, 8.99, 61.67, 7.74, 7.09, 7.01, 3.2628, 4.527
2025/07/20 8:41:43, 394.89, 85.91, 9.21, 60.81, 7.83, 7.18, 7.01, 3.2058, 4.527
2025/07/20 8:46:43, 380.56, 86.69, 10.15, 60.11, 9.02, 8.60, 8.50, 2.9711, 4.024
2025/07/20 8:51:43, 382.58, 86.98, 11.45, 53.00, 9.06, 8.76, 9.06, 1.4922, 3.521
2025/07/20 8:56:43, 386.54, 87.13, 10.50, 55.13, 7.74, 7.28, 7.43, 1.5627, 2.515
2025/07/20 9:01:43, 388.91, 86.76, 9.06, 60.16, 7.23, 6.92, 7.06, 2.1763, 3.521
2025/07/20 9:06:43, 368.60, 85.38, 8.85, 61.65, 6.94, 6.48, 6.77, 3.0381, 4.024
2025/07/20 9:11:43, 375.11, 84.51, 9.73, 59.35, 8.21, 7.69, 7.93, 2.3641, 3.018
2025/07/20 9:16:43, 352.78, 85.17, 9.71, 58.01, 6.94, 6.63, 6.77, 2.0187, 3.018
2025/07/20 9:21:43, 383.73, 86.23, 9.21, 59.92, 7.67, 7.14, 7.28, 2.8537, 4.024
2025/07/20 9:26:43, 395.33, 86.38, 9.59, 58.92, 8.50, 7.93, 7.83, 3.2594, 4.527
2025/07/20 9:31:43, 404.38, 86.66, 10.03, 57.04, 8.69, 8.00, 7.90, 3.5445, 5.03
2025/07/20 9:36:43, 405.00, 86.45, 10.82, 54.76, 9.40, 8.71, 8.78, 3.3869, 5.03
2025/07/20 9:41:43, 394.10, 86.45, 10.64, 55.18, 8.64, 8.02, 8.04, 2.3876, 3.521
2025/07/20 9:46:43, 405.97, 86.35, 9.98, 57.08, 8.41, 7.83, 7.74, 3.5311, 4.527
2025/07/20 9:51:43, 393.92, 86.35, 8.95, 60.18, 7.38, 6.87, 6.75, 3.967, 5.03
2025/07/20 9:56:43, 384.60, 86.60, 8.50, 62.79, 7.26, 6.85, 6.85, 3.8966, 5.03
2025/07/20 10:01:43, 387.33, 86.51, 8.74, 61.64, 7.16, 6.80, 6.82, 3.3634, 4.527
2025/07/20 10:06:43, 388.74, 86.48, 8.41, 62.97, 6.87, 6.51, 6.48, 3.6048, 4.527
2025/07/20 10:11:43, 394.71, 86.76, 8.26, 63.69, 7.28, 6.87, 6.77, 3.6753, 4.527
2025/07/20 10:16:43, 387.86, 87.38, 8.57, 62.54, 7.31, 6.89, 6.85, 3.0951, 3.521
2025/07/20 10:21:43, 388.74, 91.75, 10.73, 55.90, 9.40, 8.90, 8.90, 3.3332, 4.527
2025/07/20 10:26:43, 391.73, 88.69, 9.91, 58.29, 8.21, 7.76, 7.69, 3.6182, 4.024
2025/07/20 10:31:43, 385.92, 87.91, 9.23, 61.25, 8.14, 7.69, 7.62, 3.625, 5.03
2025/07/20 10:36:43, 384.69, 86.32, 8.92, 61.73, 8.12, 7.71, 7.62, 3.7826, 5.03
2025/07/20 10:41:43, 374.49, 79.58, 11.07, 55.19, 9.38, 8.97, 8.95, 3.796, 5.03
2025/07/20 10:46:43, 383.02, 79.27, 12.14, 51.51, 10.71, 10.19, 10.19, 3.5948, 5.03
2025/07/20 10:51:43, 415.29, 84.85, 10.62, 53.39, 7.97, 8.09, 8.36, 2.6592, 4.527
2025/07/20 10:56:43, 412.30, 88.32, 10.84, 52.60, 8.60, 8.60, 8.74, 2.6994, 3.521
2025/07/20 11:01:43, 391.73, 87.38, 9.45, 57.87, 7.48, 6.99, 7.01, 3.2561, 4.527
2025/07/20 11:06:43, 398.49, 89.00, 9.59, 57.88, 8.31, 7.83, 7.74, 2.7598, 4.024
2025/07/20 11:11:43, 384.43, 85.98, 9.96, 57.56, 8.26, 7.81, 7.79, 3.35, 4.527
2025/07/20 11:16:43, 381.18, 84.88, 10.03, 57.75, 8.24, 7.86, 7.83, 3.2125, 4.024
2025/07/20 11:21:43, 381.62, 84.35, 10.80, 55.27, 8.88, 8.50, 8.50, 3.1588, 4.024
2025/07/20 11:26:43, 377.75, 83.73, 10.64, 56.15, 8.99, 8.55, 8.50, 3.0951, 4.024
2025/07/20 11:31:43, 366.67, 81.58, 12.14, 51.43, 9.59, 9.26, 9.23, 2.3272, 3.018
2025/07/20 11:36:43, 414.23, 80.61, 12.62, 48.46, 10.12, 10.48, 10.80, 2.4043, 3.521
2025/07/20 11:41:43, 401.22, 79.74, 12.00, 50.15, 10.24, 9.59, 9.42, 3.6384, 4.527
2025/07/20 11:46:43, 399.73, 79.05, 12.42, 48.81, 10.31, 9.73, 9.75, 2.7631, 3.521
2025/07/20 11:51:43, 403.77, 78.67, 11.57, 51.63, 10.00, 9.54, 9.45, 3.3366, 4.024
2025/07/20 11:56:43, 400.87, 77.86, 11.63, 51.04, 9.87, 9.28, 9.09, 3.3768, 4.024
2025/07/20 12:01:43, 405.18, 77.36, 12.14, 49.83, 10.52, 10.27, 10.27, 2.9643, 3.521
2025/07/20 12:06:43, 408.08, 77.27, 11.84, 50.13, 9.84, 9.40, 9.47, 3.1018, 4.024
2025/07/20 12:11:43, 405.97, 77.96, 11.73, 50.31, 9.73, 9.66, 9.75, 3.1991, 4.024
2025/07/20 12:16:43, 399.90, 77.33, 11.31, 52.13, 9.64, 9.02, 8.92, 3.5411, 4.024
2025/07/20 12:21:43, 409.57, 78.05, 11.73, 50.83, 9.96, 9.75, 9.80, 3.2226, 3.521
2025/07/20 12:26:43, 391.02, 78.61, 10.59, 53.98, 8.78, 8.21, 8.17, 3.7725, 4.527
2025/07/20 12:31:43, 389.44, 75.83, 10.19, 56.06, 8.57, 8.09, 8.12, 4.0609, 5.03
2025/07/20 12:36:43, 397.26, 74.40, 10.59, 54.80, 8.92, 8.48, 8.53, 3.5344, 4.527
2025/07/20 12:41:43, 392.43, 72.71, 10.62, 54.77, 8.88, 8.43, 8.43, 3.6149, 4.527
2025/07/20 12:46:43, 392.16, 73.21, 10.78, 54.42, 9.06, 8.64, 8.67, 3.4707, 4.527
2025/07/20 12:51:43, 398.76, 77.33, 10.82, 54.12, 9.45, 8.95, 8.85, 3.5747, 4.527
2025/07/20 12:56:43, 385.66, 82.92, 10.93, 53.69, 9.11, 8.64, 8.62, 3.3835, 4.024
2025/07/20 13:01:43, 386.89, 83.95, 10.27, 55.88, 8.43, 8.07, 8.12, 3.9804, 5.03
2025/07/20 13:06:43, 381.44, 85.70, 10.00, 57.15, 8.12, 7.79, 7.81, 4.2789, 5.03
2025/07/20 13:11:43, 380.56, 77.99, 9.68, 57.93, 7.90, 7.55, 7.60, 4.3795, 5.03
2025/07/20 13:16:43, 383.99, 73.24, 9.54, 58.55, 7.74, 7.48, 7.50, 4.3727, 5.03
2025/07/20 13:21:43, 375.55, 75.55, 9.73, 58.68, 8.09, 7.79, 7.74, 4.6544, 5.533
2025/07/20 13:26:43, 382.41, 86.51, 9.94, 57.74, 8.12, 7.81, 7.86, 4.5169, 5.03
2025/07/20 13:31:43, 379.07, 93.75, 9.42, 58.75, 7.55, 7.26, 7.31, 4.3929, 5.03
2025/07/20 13:36:43, 388.47, 86.48, 9.45, 58.87, 7.79, 7.50, 7.55, 4.1783, 5.03
2025/07/20 13:41:43, 382.67, 86.48, 9.84, 57.47, 8.02, 7.74, 7.83, 3.8563, 5.03
2025/07/20 13:46:43, 380.38, 86.45, 9.09, 59.79, 7.35, 7.06, 7.09, 4.356, 5.533
2025/07/20 13:51:43, 373.62, 86.41, 8.81, 60.68, 7.14, 6.87, 6.96, 4.5002, 5.533
2025/07/20 13:56:43, 376.96, 86.45, 8.92, 60.55, 7.11, 6.89, 6.92, 4.4331, 5.533
2025/07/20 14:01:43, 380.38, 86.41, 9.21, 59.88, 7.35, 7.16, 7.21, 4.1212, 5.03
2025/07/20 14:06:43, 378.89, 86.45, 9.73, 58.12, 7.62, 7.40, 7.50, 3.4271, 4.024
2025/07/20 14:11:43, 408.69, 86.45, 10.34, 55.85, 8.99, 8.71, 8.78, 3.0884, 3.521
2025/07/20 14:16:43, 407.11, 86.45, 11.26, 52.35, 9.30, 9.06, 9.11, 2.7061, 3.521
2025/07/20 14:21:43, 398.49, 86.45, 10.75, 53.56, 8.88, 8.43, 8.36, 2.961, 3.521
2025/07/20 14:26:43, 407.46, 86.45, 10.89, 53.61, 9.16, 9.09, 9.30, 3.1152, 4.024
2025/07/20 14:31:43, 395.86, 86.45, 10.66, 54.29, 9.02, 8.62, 8.48, 3.1957, 4.024
2025/07/20 14:36:43, 388.12, 86.48, 10.00, 56.63, 8.21, 7.86, 7.93, 3.4741, 4.527
2025/07/20 14:41:43, 382.85, 86.51, 9.57, 58.36, 7.64, 7.38, 7.48, 3.7222, 4.527
2025/07/20 14:46:43, 381.26, 86.51, 9.66, 59.15, 7.90, 7.64, 7.64, 3.9804, 5.03
2025/07/20 14:51:43, 385.40, 85.88, 9.75, 59.09, 8.17, 7.88, 7.86, 4.1145, 5.03
2025/07/20 14:56:43, 395.07, 84.92, 10.03, 57.68, 8.41, 8.14, 8.17, 3.8496, 4.527
2025/07/20 15:01:43, 414.85, 86.51, 10.59, 54.88, 8.81, 8.78, 9.06, 3.1085, 4.024
2025/07/20 15:06:43, 410.27, 87.07, 10.93, 54.13, 9.38, 9.19, 9.26, 3.1387, 4.024
2025/07/20 15:11:43, 395.68, 87.97, 10.62, 57.04, 9.23, 8.88, 8.71, 3.5579, 5.533
2025/07/20 15:16:43, 410.89, 87.04, 10.96, 53.69, 8.76, 8.71, 8.90, 2.6458, 3.521
2025/07/20 15:21:43, 381.79, 86.51, 11.03, 55.34, 9.30, 9.52, 10.10, 2.8436, 4.024
2025/07/20 15:26:43, 377.75, 86.32, 10.19, 57.29, 8.14, 8.02, 8.24, 3.5378, 4.527
2025/07/20 15:31:43, 382.41, 86.01, 9.23, 60.25, 7.43, 7.16, 7.14, 4.1481, 4.527
2025/07/20 15:36:43, 385.40, 87.01, 9.04, 60.41, 7.23, 6.94, 6.96, 3.9402, 4.527
2025/07/20 15:41:43, 382.23, 87.01, 9.16, 60.65, 7.45, 7.18, 7.18, 3.8027, 5.03
2025/07/20 15:46:43, 386.63, 87.19, 8.99, 61.04, 7.35, 7.01, 7.04, 3.8295, 5.03
2025/07/20 15:51:43, 383.46, 86.23, 8.62, 62.25, 6.92, 6.68, 6.68, 4.2923, 5.533
2025/07/20 15:56:43, 374.32, 86.45, 8.95, 61.44, 7.31, 7.04, 7.01, 4.2587, 5.03
2025/07/20 16:01:43, 388.56, 86.51, 9.02, 61.23, 7.38, 7.11, 7.09, 3.8899, 5.03
2025/07/20 16:06:43, 376.78, 86.57, 8.95, 61.22, 7.26, 7.01, 6.96, 3.8362, 4.527
2025/07/20 16:11:43, 382.23, 86.57, 8.78, 61.68, 7.04, 6.75, 6.73, 4.081, 4.527
2025/07/20 16:16:43, 377.04, 86.57, 8.34, 63.44, 6.53, 6.31, 6.36, 4.0408, 5.03
2025/07/20 16:21:43, 378.27, 86.51, 8.26, 64.17, 6.63, 6.41, 6.39, 4.47, 6.036
2025/07/20 16:26:43, 370.63, 86.54, 8.90, 62.44, 7.45, 7.16, 7.09, 4.2789, 5.03
2025/07/20 16:31:43, 385.31, 86.54, 8.95, 61.85, 7.38, 7.06, 7.01, 3.8999, 5.03
2025/07/20 16:36:43, 380.47, 86.51, 8.69, 62.22, 6.75, 6.51, 6.51, 3.7859, 4.527
2025/07/20 16:41:43, 387.24, 86.54, 8.50, 63.13, 7.11, 6.82, 6.75, 3.7591, 4.527
2025/07/20 16:46:43, 377.48, 86.54, 8.76, 63.09, 7.18, 6.89, 6.77, 3.5411, 4.527
2025/07/20 16:51:43, 380.21, 86.54, 9.38, 60.94, 7.67, 7.45, 7.28, 3.7926, 4.527
2025/07/20 16:56:43, 386.89, 86.51, 9.54, 59.88, 7.86, 7.48, 7.31, 3.7423, 4.527
2025/07/20 17:01:43, 389.35, 86.54, 9.52, 59.77, 7.93, 7.55, 7.21, 3.4841, 4.024
2025/07/20 17:06:43, 381.97, 86.51, 9.26, 60.81, 7.67, 7.35, 6.75, 3.7658, 4.527
2025/07/20 17:11:43, 385.31, 86.54, 9.54, 60.70, 8.04, 7.64, 7.52, 3.4808, 4.024
2025/07/20 17:16:43, 380.82, 86.54, 9.68, 59.23, 7.71, 7.38, 7.31, 3.7054, 4.527
2025/07/20 17:21:43, 367.64, 86.51, 10.73, 57.24, 8.88, 8.41, 8.09, 3.6518, 4.527
2025/07/20 17:26:43, 379.15, 86.54, 11.43, 53.15, 8.38, 7.95, 7.83, 3.2427, 4.024
2025/07/20 17:31:43, 386.27, 86.54, 10.38, 56.60, 8.12, 7.71, 7.57, 3.5311, 4.024
2025/07/20 17:36:43, 391.11, 86.51, 10.36, 57.68, 8.97, 8.50, 8.31, 3.9402, 4.527
2025/07/20 17:41:43, 384.16, 86.51, 10.57, 57.26, 8.92, 8.38, 8.17, 3.8597, 4.527
2025/07/20 17:46:43, 389.53, 86.51, 10.71, 56.19, 8.90, 8.36, 8.17, 3.3332, 4.024
2025/07/20 17:51:43, 411.15, 86.48, 10.48, 57.43, 9.52, 8.97, 8.67, 3.853, 5.03
2025/07/20 17:56:43, 405.79, 86.48, 10.27, 57.04, 8.88, 8.43, 8.29, 3.6551, 4.527
2025/07/20 18:01:43, 412.56, 86.48, 10.24, 56.62, 8.60, 8.12, 7.97, 3.3198, 4.024
2025/07/20 18:06:43, 405.70, 86.48, 9.84, 57.62, 8.17, 7.69, 7.35, 3.1085, 4.024
2025/07/20 18:11:43, 409.92, 86.48, 10.59, 55.55, 8.90, 8.50, 7.74, 1.9583, 3.521
2025/07/20 18:16:43, 424.60, 86.48, 10.57, 55.47, 8.38, 8.12, 7.57, 2.3842, 3.018
2025/07/20 18:21:43, 403.59, 86.48, 10.93, 53.84, 8.09, 8.04, 8.26, 1.3313, 3.018
2025/07/20 18:26:43, 393.84, 86.48, 9.66, 58.63, 8.14, 7.57, 7.55, 3.8027, 5.03
2025/07/20 18:31:43, 381.53, 86.45, 9.94, 59.15, 8.62, 7.95, 7.76, 3.5076, 4.527
2025/07/20 18:36:43, 372.82, 86.48, 9.87, 58.21, 7.83, 7.40, 7.35, 2.847, 4.527
2025/07/20 18:41:43, 325.09, 86.45, 9.28, 59.26, 6.51, 6.26, 6.29, 0.9825, 3.018
2025/07/20 18:46:43, 382.05, 86.48, 10.27, 57.63, 8.67, 8.21, 8.12, 1.177, 2.515
2025/07/20 18:51:43, 398.05, 86.45, 10.71, 55.93, 9.40, 8.88, 8.95, 1.68, 4.024
2025/07/20 18:56:43, 391.20, 86.45, 9.68, 58.38, 8.12, 7.50, 7.38, 2.9073, 4.024
2025/07/20 19:01:43, 415.20, 86.45, 9.45, 59.76, 7.97, 7.38, 7.40, 3.2091, 4.527
2025/07/20 19:06:43, 406.49, 86.48, 9.64, 58.56, 8.31, 7.50, 7.79, 2.7162, 4.024
2025/07/20 19:11:43, 412.03, 86.45, 10.82, 55.84, 9.45, 8.83, 9.38, 1.9986, 3.521
2025/07/20 19:16:43, 393.57, 86.45, 11.73, 51.05, 8.97, 8.45, 9.06, 0.8149, 1.509
2025/07/20 19:21:43, 390.76, 86.45, 9.73, 59.50, 8.78, 8.29, 8.07, 3.2427, 5.533
2025/07/20 19:26:43, 373.97, 86.41, 8.71, 62.93, 7.74, 7.28, 6.96, 3.6518, 4.527
2025/07/20 19:31:43, 382.41, 86.45, 8.45, 62.34, 7.06, 6.68, 6.53, 3.9771, 5.03
2025/07/20 19:36:43, 391.81, 86.41, 8.07, 63.88, 6.87, 6.39, 6.14, 4.081, 5.03
2025/07/20 19:41:43, 387.33, 86.45, 8.07, 64.03, 6.68, 6.24, 6.16, 3.3869, 4.527
2025/07/20 19:46:43, 404.38, 86.41, 6.99, 66.81, 5.58, 5.18, 5.08, 3.7356, 5.03
2025/07/20 19:51:43, 399.37, 86.41, 6.24, 70.98, 5.48, 5.10, 4.86, 3.3533, 4.024
2025/07/20 19:56:43, 399.99, 86.41, 6.68, 70.42, 6.31, 5.94, 5.63, 2.7296, 4.024
2025/07/20 20:01:43, 380.30, 86.41, 8.55, 65.28, 8.36, 8.07, 7.90, 2.0053, 4.024
2025/07/20 20:06:43, 382.93, 86.41, 9.28, 61.26, 8.12, 7.67, 7.40, 2.733, 3.521
2025/07/20 20:11:43, 371.51, 86.41, 8.88, 62.29, 7.45, 6.96, 6.61, 2.4982, 4.024
2025/07/20 20:16:43, 372.82, 86.41, 8.88, 63.43, 8.00, 7.40, 6.82, 2.9643, 4.024
2025/07/20 20:21:43, 388.82, 86.41, 7.71, 66.57, 6.89, 6.39, 5.92, 3.9268, 5.03
2025/07/20 20:26:43, 379.59, 86.38, 7.23, 68.69, 6.65, 6.29, 5.92, 3.8865, 4.527
2025/07/20 20:31:43, 371.86, 86.38, 7.69, 67.16, 6.96, 6.51, 6.04, 3.9435, 4.527
2025/07/20 20:36:43, 370.89, 86.38, 7.69, 67.27, 6.92, 6.48, 5.99, 3.3064, 4.024
2025/07/20 20:41:43, 375.64, 86.38, 6.77, 70.32, 6.11, 5.65, 5.16, 3.2293, 4.024
2025/07/20 20:46:43, 401.84, 86.41, 5.97, 71.68, 4.91, 4.56, 4.23, 2.4513, 3.018
2025/07/20 20:51:43, 386.98, 86.41, 5.03, 76.62, 4.61, 4.36, 4.10, 3.2896, 4.024
2025/07/20 20:56:43, 357.97, 86.38, 4.83, 77.69, 4.39, 4.08, 3.80, 2.9275, 4.527
2025/07/20 21:01:43, 389.09, 86.38, 5.36, 76.48, 5.13, 4.86, 4.59, 3.3097, 5.03
2025/07/20 21:06:43, 391.20, 86.38, 4.64, 79.79, 4.66, 4.44, 4.18, 3.4875, 5.03
2025/07/20 21:11:43, 377.22, 86.38, 5.10, 77.80, 5.00, 4.76, 4.44, 4.1984, 5.03
2025/07/20 21:16:43, 370.98, 86.38, 5.00, 78.82, 5.00, 4.71, 4.36, 3.7993, 4.527
2025/07/20 21:21:43, 388.56, 86.38, 4.13, 80.66, 3.73, 3.50, 3.30, 3.8127, 5.03
2025/07/20 21:26:43, 387.59, 86.41, 4.33, 81.21, 4.28, 4.05, 3.80, 4.423, 5.03
2025/07/20 21:31:43, 386.89, 86.38, 4.64, 79.94, 4.51, 4.26, 4.00, 3.9636, 5.03
2025/07/20 21:36:43, 377.92, 86.41, 4.64, 78.94, 4.03, 3.80, 3.55, 3.3332, 4.527
2025/07/20 21:41:43, 392.25, 86.38, 4.21, 82.22, 4.28, 4.03, 3.73, 2.619, 4.024
2025/07/20 21:46:43, 378.10, 86.41, 4.88, 79.28, 4.73, 4.46, 4.16, 4.0944, 5.03
2025/07/20 21:51:43, 378.89, 86.38, 4.93, 79.21, 4.91, 4.61, 4.31, 3.796, 5.03
2025/07/20 21:56:43, 376.87, 86.38, 4.71, 81.12, 5.00, 4.69, 4.33, 2.7699, 4.024
2025/07/20 22:01:43, 395.77, 86.41, 3.80, 81.74, 3.19, 2.99, 2.84, 2.7028, 3.521
2025/07/20 22:06:43, 389.97, 86.45, 3.40, 85.64, 3.43, 3.14, 2.86, 3.2661, 4.024
2025/07/20 22:11:43, 363.15, 86.38, 5.03, 81.03, 5.63, 5.36, 5.03, 3.2963, 4.527
2025/07/20 22:16:43, 401.31, 86.45, 5.05, 77.35, 4.31, 3.90, 3.40, 2.1428, 4.527
2025/07/20 22:21:43, 386.89, 86.41, 5.82, 76.45, 5.99, 5.70, 5.33, 2.8168, 4.024
2025/07/20 22:26:43, 362.71, 86.45, 5.63, 77.30, 5.63, 5.23, 4.73, 2.458, 3.521
2025/07/20 22:31:43, 356.74, 86.45, 6.94, 72.82, 7.18, 6.82, 6.34, 3.3567, 4.527
2025/07/20 22:36:43, 349.35, 86.45, 6.19, 73.96, 5.89, 5.68, 5.41, 2.9509, 4.024
2025/07/20 22:41:43, 376.78, 86.41, 5.60, 76.78, 5.68, 5.41, 5.08, 2.3272, 5.03
2025/07/20 22:46:43, 370.19, 86.38, 6.29, 74.05, 6.16, 5.89, 5.60, 4.5672, 6.539
2025/07/20 22:51:43, 371.51, 86.41, 5.99, 74.52, 5.55, 5.26, 4.98, 4.9529, 6.539
2025/07/20 22:56:43, 380.91, 86.45, 4.44, 79.46, 3.90, 3.73, 3.55, 4.0106, 5.533
2025/07/20 23:01:43, 379.24, 86.41, 3.95, 81.95, 3.60, 3.43, 3.25, 2.9275, 4.024
2025/07/20 23:06:43, 370.54, 86.41, 4.41, 82.54, 4.73, 4.46, 4.13, 3.853, 5.533
2025/07/20 23:11:43, 371.51, 86.45, 5.36, 78.32, 5.38, 5.10, 4.73, 4.0609, 5.03
2025/07/20 23:16:43, 374.14, 86.41, 5.38, 78.77, 5.70, 5.36, 4.93, 3.1354, 4.527
2025/07/20 23:21:43, 400.43, 86.45, 5.36, 77.74, 5.16, 4.86, 4.49, 2.5955, 4.024
2025/07/20 23:26:43, 400.08, 86.41, 5.31, 77.36, 5.00, 4.76, 4.46, 1.7303, 3.018
2025/07/20 23:31:43, 421.00, 86.41, 5.36, 78.36, 5.53, 5.26, 4.91, 1.4654, 2.515
2025/07/20 23:36:43, 412.47, 86.41, 5.31, 78.02, 5.13, 4.88, 4.56, 1.6029, 2.515
2025/07/20 23:41:43, 423.90, 86.45, 5.23, 77.09, 4.46, 4.23, 4.00, 2.5284, 3.521
2025/07/20 23:46:43, 410.80, 86.45, 4.69, 81.71, 4.93, 4.61, 4.21, 2.686, 4.024
2025/07/20 23:51:43, 392.52, 86.41, 3.73, 84.30, 3.65, 3.45, 3.19, 3.417, 4.024
2025/07/20 23:56:43, 401.31, 86.41, 4.21, 83.98, 4.46, 4.26, 3.93, 3.1555, 4.527
2025/07/21 0:01:43, 408.87, 86.41, 4.88, 81.01, 5.00, 4.81, 4.56, 4.1682, 5.533
2025/07/21 0:06:43, 384.69, 86.41, 5.00, 80.77, 5.10, 4.86, 4.49, 3.5646, 4.527
2025/07/21 0:11:43, 384.16, 86.38, 5.68, 77.97, 5.60, 5.26, 4.88, 3.4841, 4.527
2025/07/21 0:16:43, 409.22, 86.41, 5.10, 78.47, 4.66, 4.46, 4.23, 3.5009, 4.527
2025/07/21 0:21:43, 407.55, 86.41, 4.86, 80.60, 4.73, 4.46, 4.13, 3.5109, 4.527
2025/07/21 0:26:43, 397.88, 86.45, 4.41, 81.55, 4.13, 3.93, 3.65, 3.7256, 5.03
2025/07/21 0:31:43, 390.14, 86.41, 4.71, 81.23, 4.61, 4.36, 4.08, 4.2218, 5.533
2025/07/21 0:36:43, 397.18, 86.45, 4.91, 80.72, 4.78, 4.56, 4.28, 4.0206, 5.533
2025/07/21 0:41:43, 398.85, 86.41, 4.33, 81.76, 3.93, 3.75, 3.53, 3.6384, 4.527
2025/07/21 0:46:43, 404.03, 86.41, 4.18, 83.39, 4.03, 3.80, 3.50, 3.5948, 4.024
2025/07/21 0:51:43, 412.56, 86.45, 3.55, 86.10, 3.55, 3.35, 3.12, 3.5545, 4.024
2025/07/21 0:56:43, 381.88, 86.41, 4.31, 85.28, 4.78, 4.54, 4.16, 3.4204, 4.024
2025/07/21 1:01:43, 386.63, 86.41, 4.64, 82.07, 4.44, 4.21, 3.85, 2.847, 4.024
2025/07/21 1:06:43, 412.91, 86.45, 4.41, 82.98, 4.36, 4.13, 3.85, 2.6693, 3.521
2025/07/21 1:11:43, 393.22, 86.45, 3.73, 84.85, 3.45, 3.25, 3.01, 3.2896, 4.024
2025/07/21 1:16:43, 398.23, 86.41, 4.08, 84.95, 4.10, 3.88, 3.60, 3.4137, 4.527
2025/07/21 1:21:43, 382.14, 86.45, 4.31, 83.78, 4.31, 4.13, 3.93, 3.4774, 4.527
2025/07/21 1:26:43, 400.34, 86.41, 5.16, 80.94, 5.05, 4.81, 4.49, 3.7356, 5.03
2025/07/21 1:31:43, 395.59, 86.41, 4.21, 82.73, 3.70, 3.45, 3.19, 2.7229, 3.521
2025/07/21 1:36:43, 399.20, 86.41, 4.61, 82.87, 4.54, 4.23, 3.90, 3.1991, 4.024
2025/07/21 1:41:43, 399.64, 86.41, 4.36, 81.32, 3.60, 3.43, 3.19, 3.2762, 4.527
2025/07/21 1:46:43, 398.05, 86.41, 4.18, 84.56, 4.21, 4.05, 3.80, 2.9711, 4.024
2025/07/21 1:51:43, 392.08, 86.41, 3.80, 85.41, 3.68, 3.48, 3.22, 3.4372, 4.527
2025/07/21 1:56:43, 394.10, 86.38, 3.98, 86.29, 4.21, 4.00, 3.73, 2.7866, 4.024
2025/07/21 2:01:43, 391.20, 86.38, 3.88, 84.95, 3.65, 3.50, 3.27, 3.0515, 3.521
2025/07/21 2:06:43, 392.25, 86.38, 3.85, 85.90, 3.83, 3.70, 3.50, 3.5478, 4.527
2025/07/21 2:11:43, 394.54, 86.38, 3.60, 86.73, 3.58, 3.43, 3.22, 3.5109, 4.527
2025/07/21 2:16:43, 389.26, 86.38, 3.50, 87.34, 3.50, 3.35, 3.19, 3.2729, 4.024
2025/07/21 2:21:43, 392.87, 86.38, 3.63, 86.67, 3.55, 3.37, 3.22, 3.6551, 5.03
2025/07/21 2:26:43, 381.88, 86.38, 3.63, 86.85, 3.58, 3.40, 3.22, 3.6182, 4.527
2025/07/21 2:31:43, 387.15, 86.38, 3.68, 86.71, 3.65, 3.50, 3.32, 3.7121, 4.527
2025/07/21 2:36:43, 388.21, 86.38, 3.55, 86.95, 3.48, 3.30, 3.14, 3.6283, 4.527
2025/07/21 2:41:43, 386.45, 86.41, 3.63, 86.89, 3.55, 3.43, 3.25, 3.8396, 4.527
2025/07/21 2:46:43, 394.36, 86.38, 3.55, 87.46, 3.48, 3.30, 3.06, 3.4808, 4.024
2025/07/21 2:51:43, 399.46, 86.38, 3.63, 86.81, 3.48, 3.32, 3.12, 3.578, 4.527
2025/07/21 2:56:43, 389.97, 86.38, 3.78, 86.95, 3.75, 3.60, 3.35, 3.8563, 4.527
2025/07/21 3:01:43, 390.76, 86.38, 3.95, 85.84, 3.80, 3.63, 3.43, 3.7624, 4.527
2025/07/21 3:06:43, 394.80, 86.38, 3.83, 86.74, 3.85, 3.68, 3.45, 4.0307, 5.03
2025/07/21 3:11:43, 385.13, 86.38, 4.13, 86.54, 4.36, 4.16, 3.95, 4.1715, 5.03
2025/07/21 3:16:43, 377.13, 86.38, 4.51, 84.91, 4.59, 4.41, 4.16, 4.0944, 5.533
2025/07/21 3:21:43, 381.00, 86.38, 5.00, 82.57, 4.93, 4.71, 4.46, 4.1112, 5.03
2025/07/21 3:26:43, 380.47, 86.38, 5.13, 81.82, 5.00, 4.81, 4.51, 4.0307, 4.527
2025/07/21 3:31:43, 416.43, 86.38, 4.86, 81.26, 4.21, 4.00, 3.78, 3.4573, 4.527
2025/07/21 3:36:43, 403.77, 86.41, 3.85, 85.38, 3.48, 3.30, 3.09, 3.1421, 4.527
2025/07/21 3:41:43, 400.43, 86.38, 3.45, 88.10, 3.40, 3.22, 3.04, 3.236, 4.024
2025/07/21 3:46:43, 380.47, 86.38, 4.03, 86.85, 4.13, 3.95, 3.75, 3.7826, 5.533
2025/07/21 3:51:43, 378.54, 86.38, 4.66, 84.83, 4.71, 4.54, 4.41, 4.6209, 5.533
2025/07/21 3:56:43, 370.10, 86.38, 5.16, 83.11, 5.21, 4.93, 4.61, 4.2956, 5.533
2025/07/21 4:01:43, 393.66, 86.38, 5.75, 81.37, 5.75, 5.48, 5.16, 4.0508, 4.527
2025/07/21 4:06:43, 411.59, 86.38, 5.60, 81.68, 5.53, 5.18, 4.78, 3.8697, 5.533
2025/07/21 4:11:43, 344.96, 86.38, 4.05, 83.44, 3.19, 3.01, 2.86, 3.5176, 5.03
2025/07/21 4:16:43, 402.63, 86.38, 3.78, 87.21, 3.83, 3.70, 3.45, 3.2796, 4.527
2025/07/21 4:21:43, 386.01, 86.38, 3.90, 85.83, 3.60, 3.48, 3.35, 3.3097, 5.03
2025/07/21 4:26:43, 392.16, 86.38, 3.85, 87.44, 3.90, 3.70, 3.45, 3.5713, 4.527
2025/07/21 4:31:43, 391.64, 86.38, 3.98, 86.44, 3.85, 3.65, 3.40, 3.6115, 4.527
2025/07/21 4:36:43, 409.13, 86.38, 3.90, 86.05, 3.60, 3.40, 3.22, 3.0918, 4.527
2025/07/21 4:41:43, 393.13, 86.38, 3.65, 87.26, 3.50, 3.32, 3.09, 2.9711, 3.521
2025/07/21 4:46:43, 388.91, 86.35, 3.95, 87.20, 4.00, 3.80, 3.60, 3.7524, 4.527
2025/07/21 4:51:43, 393.75, 86.35, 4.39, 86.07, 4.44, 4.21, 3.95, 3.9066, 4.527
2025/07/21 4:56:43, 412.82, 86.38, 4.71, 83.99, 4.51, 4.26, 4.00, 3.7759, 4.527
2025/07/21 5:01:43, 403.15, 86.35, 5.23, 83.60, 5.41, 5.13, 4.81, 4.1514, 5.03
2025/07/21 5:06:43, 398.05, 86.38, 4.88, 84.06, 4.91, 4.69, 4.41, 3.7021, 5.03
2025/07/21 5:11:43, 390.32, 86.38, 4.83, 83.42, 4.61, 4.39, 4.18, 2.8369, 4.527
2025/07/21 5:16:43, 337.31, 86.38, 4.81, 81.51, 3.75, 3.70, 3.58, 1.4654, 3.018
2025/07/21 5:21:43, 382.85, 86.38, 5.58, 81.05, 5.41, 5.31, 5.13, 1.8443, 3.018
2025/07/21 5:26:43, 401.48, 86.38, 5.26, 80.26, 4.51, 4.26, 4.10, 1.9181, 3.521
2025/07/21 5:31:43, 397.09, 86.38, 5.23, 80.33, 4.61, 4.36, 4.21, 2.8705, 4.024
2025/07/21 5:36:43, 393.66, 86.38, 5.16, 80.54, 4.54, 4.31, 4.21, 2.6726, 3.521
2025/07/21 5:41:43, 395.68, 86.35, 4.93, 82.15, 4.64, 4.41, 4.23, 3.1454, 4.527
2025/07/21 5:46:43, 390.85, 86.38, 5.10, 80.90, 4.59, 4.33, 4.23, 3.6115, 5.03
2025/07/21 5:51:43, 387.07, 86.35, 5.08, 81.00, 4.61, 4.39, 4.23, 4.185, 6.036
2025/07/21 5:56:43, 390.32, 86.35, 5.16, 80.46, 4.66, 4.31, 4.33, 4.0877, 5.533
2025/07/21 6:01:43, 385.22, 86.38, 5.18, 80.84, 4.71, 4.36, 4.36, 3.9133, 5.03
2025/07/21 6:06:43, 383.20, 86.35, 5.13, 80.83, 4.64, 4.16, 4.00, 3.9368, 5.03
2025/07/21 6:11:43, 394.98, 86.38, 5.55, 79.61, 5.08, 4.51, 4.41, 4.0542, 5.03
2025/07/21 6:16:43, 395.24, 86.38, 5.85, 78.63, 5.31, 4.71, 4.54, 3.6082, 4.527
2025/07/21 6:21:43, 389.35, 86.38, 6.26, 77.25, 5.36, 5.10, 4.91, 3.5814, 4.024
2025/07/21 6:26:43, 381.18, 86.38, 6.82, 75.83, 5.77, 5.51, 5.31, 3.7289, 5.03
2025/07/21 6:31:43, 397.53, 86.38, 7.50, 73.46, 6.39, 6.01, 5.80, 1.9852, 3.018
2025/07/21 6:36:43, 416.43, 86.38, 7.11, 70.92, 4.83, 4.71, 4.54, 3.1186, 4.527
2025/07/21 6:41:43, 384.78, 86.41, 7.86, 72.11, 6.51, 6.44, 5.73, 3.0717, 4.024
2025/07/21 6:46:43, 404.82, 86.41, 7.76, 70.65, 6.68, 6.41, 5.94, 2.8403, 4.024
2025/07/21 6:51:43, 399.11, 86.45, 7.09, 73.80, 6.48, 6.09, 5.75, 3.246, 4.024
2025/07/21 6:56:43, 398.14, 86.41, 6.82, 72.36, 5.73, 5.36, 5.00, 2.9778, 4.024
2025/07/21 7:01:43, 401.04, 86.45, 6.53, 73.39, 5.63, 5.26, 5.13, 3.0515, 4.024
2025/07/21 7:06:43, 408.25, 86.41, 6.31, 74.68, 5.60, 5.26, 4.91, 3.6082, 4.527
2025/07/21 7:11:43, 412.38, 86.41, 6.56, 73.72, 5.80, 5.46, 5.41, 3.7759, 4.527
2025/07/21 7:16:43, 369.75, 86.41, 6.31, 74.16, 5.10, 4.81, 4.78, 3.578, 4.527
2025/07/21 7:21:43, 355.95, 86.45, 6.80, 72.50, 5.38, 5.23, 5.41, 1.8879, 3.521
2025/07/21 7:26:43, 402.19, 86.45, 7.06, 71.77, 6.29, 5.92, 5.85, 2.6659, 4.527
2025/07/21 7:31:43, 398.32, 86.38, 6.75, 71.87, 5.87, 5.51, 5.41, 4.0072, 5.03
2025/07/21 7:36:43, 396.65, 86.41, 6.70, 72.78, 5.99, 5.55, 5.51, 4.0676, 5.533
2025/07/21 7:41:43, 398.67, 86.45, 7.16, 71.71, 6.36, 5.94, 5.92, 3.7826, 4.527
2025/07/21 7:46:43, 385.57, 86.45, 7.45, 70.86, 6.75, 6.34, 6.26, 3.7121, 4.527
2025/07/21 7:51:43, 401.66, 86.45, 8.04, 68.58, 7.35, 6.89, 6.89, 3.5076, 4.527
2025/07/21 7:56:43, 402.19, 86.45, 8.29, 66.95, 7.31, 6.82, 6.80, 3.122, 4.024
2025/07/21 8:01:43, 395.68, 86.32, 7.90, 67.01, 6.34, 5.94, 5.99, 3.303, 4.024
2025/07/21 8:06:43, 388.38, 85.82, 7.64, 68.71, 6.39, 5.99, 6.01, 2.7363, 3.521
2025/07/21 8:11:43, 398.76, 86.04, 8.09, 66.88, 7.06, 6.63, 6.58, 3.1924, 4.527
2025/07/21 8:16:43, 409.13, 86.79, 7.71, 67.16, 6.58, 6.19, 6.19, 3.6451, 5.03
2025/07/21 8:21:43, 394.01, 87.51, 7.64, 67.97, 6.65, 6.24, 6.19, 4.1481, 5.03
2025/07/21 8:26:43, 392.34, 86.69, 7.50, 69.28, 6.65, 6.26, 6.21, 4.3727, 5.533
2025/07/21 8:31:43, 390.76, 86.26, 8.14, 68.89, 7.55, 7.11, 7.04, 4.5907, 5.533
2025/07/21 8:36:43, 391.81, 86.45, 8.36, 67.33, 7.38, 6.99, 6.92, 4.6444, 6.539
2025/07/21 8:41:43, 378.01, 86.76, 7.76, 68.50, 6.61, 6.29, 6.31, 4.9965, 6.036
2025/07/21 8:46:43, 378.45, 86.88, 7.74, 69.06, 6.68, 6.34, 6.36, 4.7986, 6.036
2025/07/21 8:51:43, 381.53, 87.01, 8.21, 68.35, 7.28, 6.92, 6.87, 4.5538, 5.533
2025/07/21 8:56:43, 397.88, 86.45, 8.36, 66.81, 7.38, 6.94, 6.85, 4.0911, 5.03
2025/07/21 9:01:43, 388.38, 85.42, 7.97, 68.61, 7.33, 6.87, 6.77, 4.3057, 5.03
2025/07/21 9:06:43, 388.82, 85.32, 8.45, 66.19, 7.33, 6.73, 6.73, 3.9603, 5.03
2025/07/21 9:11:43, 390.14, 85.66, 8.50, 65.68, 7.11, 6.65, 6.63, 3.7759, 5.03
2025/07/21 9:16:43, 400.52, 86.26, 8.99, 64.45, 8.21, 7.64, 7.67, 3.6451, 4.527
2025/07/21 9:21:43, 402.98, 86.35, 9.80, 61.77, 8.88, 8.26, 8.17, 3.4103, 4.024
2025/07/21 9:26:43, 394.19, 86.82, 10.29, 59.98, 8.88, 8.26, 8.21, 3.0281, 4.024
2025/07/21 9:31:43, 406.05, 86.35, 10.36, 59.28, 9.02, 8.45, 8.43, 3.9301, 4.527
2025/07/21 9:36:43, 398.67, 86.88, 9.77, 59.50, 8.07, 7.50, 7.40, 4.0139, 5.533
2025/07/21 9:41:43, 400.25, 87.38, 9.33, 62.20, 8.24, 7.67, 7.57, 3.967, 5.03
2025/07/21 9:46:43, 385.22, 87.69, 9.75, 59.69, 7.79, 7.45, 7.64, 2.5385, 4.527
2025/07/21 9:51:43, 398.67, 87.60, 10.22, 58.89, 8.88, 8.31, 8.31, 2.7128, 3.521
2025/07/21 9:56:43, 390.05, 86.76, 10.96, 56.30, 9.21, 8.78, 8.97, 2.1428, 2.515
2025/07/21 10:01:43, 401.13, 86.54, 10.78, 56.98, 9.30, 8.76, 8.26, 2.7196, 3.521
2025/07/21 10:06:43, 397.09, 86.94, 10.31, 56.78, 8.53, 7.95, 7.69, 2.9711, 4.024
2025/07/21 10:11:43, 401.40, 89.97, 9.80, 59.69, 8.57, 8.12, 7.90, 3.853, 5.03
2025/07/21 10:16:43, 408.08, 93.34, 10.15, 57.65, 8.78, 8.24, 8.24, 3.5747, 4.527
2025/07/21 10:21:43, 395.51, 95.34, 10.03, 58.16, 8.78, 8.21, 8.02, 4.0139, 5.03
2025/07/21 10:26:43, 404.03, 90.91, 9.71, 58.05, 7.86, 7.45, 7.43, 3.5981, 4.527
2025/07/21 10:31:43, 407.20, 84.85, 9.68, 58.90, 8.43, 7.93, 7.83, 3.7926, 4.527
2025/07/21 10:36:43, 356.03, 80.80, 10.24, 56.51, 7.09, 6.80, 6.96, 3.5981, 5.03
2025/07/21 10:41:43, 383.90, 79.14, 8.95, 62.18, 7.74, 7.31, 7.28, 2.8168, 4.024
2025/07/21 10:46:43, 395.86, 82.33, 11.03, 54.71, 8.97, 8.45, 8.60, 1.8846, 3.521
2025/07/21 10:51:43, 401.75, 90.50, 10.19, 57.32, 8.78, 8.29, 8.26, 3.4439, 4.527
2025/07/21 10:56:43, 393.48, 95.81, 9.82, 58.65, 8.41, 7.97, 7.90, 4.242, 5.533
2025/07/21 11:01:43, 394.27, 94.87, 9.75, 59.39, 8.60, 8.09, 8.00, 4.2453, 5.03
2025/07/21 11:06:43, 372.65, 85.13, 11.50, 54.65, 9.45, 9.11, 9.16, 3.3667, 4.527
2025/07/21 11:11:43, 347.15, 81.17, 12.25, 51.75, 10.29, 10.64, 11.22, 0.9959, 2.012
2025/07/21 11:16:43, 389.62, 84.10, 13.26, 48.19, 9.47, 8.90, 8.88, 1.3246, 3.521
2025/07/21 11:21:43, 383.81, 83.23, 10.45, 57.17, 8.57, 8.19, 8.17, 2.7464, 4.024
2025/07/21 11:26:43, 390.32, 83.64, 10.68, 55.04, 8.14, 7.71, 7.64, 2.9912, 4.527
2025/07/21 11:31:43, 392.87, 80.70, 9.98, 59.49, 9.16, 8.67, 8.50, 4.0072, 5.03
2025/07/21 11:36:43, 402.10, 79.64, 10.84, 54.65, 9.21, 8.64, 8.50, 3.8362, 4.527
2025/07/21 11:41:43, 399.46, 79.30, 10.57, 55.29, 9.16, 8.69, 8.50, 4.0676, 5.03
2025/07/21 11:46:43, 386.10, 80.89, 8.76, 61.56, 7.43, 7.09, 7.11, 3.7658, 4.527
2025/07/21 11:51:43, 387.86, 77.89, 9.40, 60.61, 8.74, 8.31, 8.29, 3.4204, 4.024
2025/07/21 11:56:43, 393.84, 77.46, 11.40, 52.85, 9.52, 8.99, 8.90, 2.8034, 4.024
2025/07/21 12:01:43, 405.53, 78.30, 11.54, 51.71, 9.73, 9.21, 9.28, 3.2125, 4.024
2025/07/21 12:06:43, 401.84, 78.14, 10.48, 55.09, 8.67, 8.21, 8.17, 3.8999, 5.03
2025/07/21 12:11:43, 384.34, 83.01, 9.40, 58.75, 7.33, 6.96, 6.89, 3.9435, 5.03
2025/07/21 12:16:43, 397.09, 80.48, 9.54, 59.96, 8.62, 8.31, 8.24, 4.1212, 5.533
2025/07/21 12:21:43, 404.47, 79.64, 10.57, 55.58, 8.83, 8.34, 8.17, 4.1648, 5.03
2025/07/21 12:26:43, 396.82, 75.96, 10.62, 55.96, 9.19, 8.71, 8.64, 4.1045, 5.03
2025/07/21 12:31:43, 397.97, 74.21, 10.82, 55.87, 9.45, 9.35, 9.64, 3.8999, 5.03
2025/07/21 12:36:43, 385.57, 74.15, 11.05, 54.63, 9.06, 8.60, 8.62, 4.1481, 5.03
2025/07/21 12:41:43, 394.36, 74.93, 10.27, 56.78, 8.53, 8.12, 8.09, 4.0542, 5.03
2025/07/21 12:46:43, 392.25, 77.30, 10.05, 58.35, 8.97, 8.60, 8.50, 3.6417, 5.03
2025/07/21 12:51:43, 406.93, 83.04, 12.00, 51.46, 10.38, 9.87, 9.89, 3.0012, 4.024
2025/07/21 12:56:43, 404.21, 84.17, 11.33, 53.40, 9.30, 8.83, 8.69, 3.0381, 4.527
2025/07/21 13:01:43, 402.45, 26.27, 12.65, 49.17, 10.17, 9.52, 9.38, 2.8738, 5.03
2025/07/21 13:06:43, 386.71, 78.96, 11.68, 51.31, 9.19, 8.60, 8.64, 2.961, 4.527
2025/07/21 13:11:43, 394.71, 75.12, 10.57, 55.73, 8.83, 8.43, 8.36, 3.7557, 5.03
2025/07/21 13:16:43, 380.47, 75.77, 10.68, 57.05, 8.81, 8.53, 8.50, 3.8899, 4.527
2025/07/21 13:21:43, 387.77, 86.35, 11.59, 54.43, 9.82, 9.49, 9.47, 3.7356, 4.527
2025/07/21 13:26:43, 341.00, 94.25, 12.30, 51.15, 8.31, 8.14, 8.31, 2.3574, 4.024
2025/07/21 13:31:43, 401.48, 86.20, 12.00, 51.87, 10.10, 9.59, 9.45, 2.743, 3.521
2025/07/21 13:36:43, 392.78, 86.23, 11.47, 52.82, 9.33, 8.95, 8.95, 3.3198, 4.024
2025/07/21 13:41:43, 394.89, 86.13, 9.66, 57.97, 7.83, 7.45, 7.40, 2.9778, 4.527
2025/07/21 13:46:43, 387.51, 86.26, 10.84, 54.68, 8.74, 8.38, 8.45, 3.5076, 4.024
2025/07/21 13:51:43, 384.34, 86.16, 10.50, 55.20, 8.21, 7.93, 7.95, 3.6954, 4.527
2025/07/21 13:56:43, 393.66, 86.20, 8.85, 60.91, 7.50, 7.16, 7.09, 3.7021, 4.527
2025/07/21 14:01:43, 395.33, 86.20, 8.67, 60.96, 7.04, 6.70, 6.61, 4.1447, 5.03
2025/07/21 14:06:43, 394.45, 86.23, 8.21, 63.61, 7.28, 6.96, 6.89, 4.3862, 5.03
2025/07/21 14:11:43, 387.77, 86.07, 9.59, 59.48, 8.43, 8.02, 8.00, 3.9737, 4.527
2025/07/21 14:16:43, 387.33, 86.16, 10.15, 56.84, 8.41, 8.09, 8.12, 3.9435, 4.527
2025/07/21 14:21:43, 384.60, 86.26, 9.91, 56.73, 7.55, 7.28, 7.40, 3.9335, 5.03
2025/07/21 14:26:43, 390.76, 86.23, 9.64, 58.45, 7.79, 7.48, 7.55, 3.9167, 4.527
2025/07/21 14:31:43, 389.88, 86.20, 10.38, 56.42, 8.69, 8.41, 8.41, 3.7021, 4.527
2025/07/21 14:36:43, 398.32, 86.32, 10.64, 54.77, 8.83, 8.41, 8.34, 3.4238, 4.024
2025/07/21 14:41:43, 397.88, 86.29, 10.38, 55.60, 8.57, 8.09, 8.00, 3.8194, 5.03
2025/07/21 14:46:43, 393.84, 85.88, 9.73, 57.60, 8.02, 7.67, 7.64, 4.081, 5.03
2025/07/21 14:51:43, 385.13, 84.70, 9.14, 60.06, 7.48, 7.21, 7.21, 4.2118, 5.03
2025/07/21 14:56:43, 384.78, 86.26, 8.88, 60.99, 7.21, 6.96, 6.96, 4.2017, 5.03
2025/07/21 15:01:43, 388.21, 86.85, 8.92, 61.36, 7.38, 7.14, 7.16, 4.2487, 5.03
2025/07/21 15:06:43, 377.66, 87.51, 8.97, 61.11, 7.33, 7.06, 7.11, 3.9938, 4.527
2025/07/21 15:11:43, 352.69, 87.01, 9.30, 59.63, 6.63, 6.51, 6.61, 3.4741, 4.527
2025/07/21 15:16:43, 371.68, 86.41, 9.68, 58.60, 7.23, 7.16, 7.28, 2.5318, 4.024
2025/07/21 15:21:43, 403.86, 86.13, 9.59, 57.62, 7.62, 7.33, 7.26, 2.8839, 4.527
2025/07/21 15:26:43, 393.13, 85.91, 9.14, 59.68, 7.71, 7.35, 7.18, 4.2856, 5.03
2025/07/21 15:31:43, 389.79, 86.60, 8.81, 60.98, 7.35, 6.99, 6.94, 4.1984, 5.03
2025/07/21 15:36:43, 380.12, 86.82, 8.53, 62.72, 7.04, 6.80, 6.77, 4.1514, 5.03
2025/07/21 15:41:43, 372.65, 87.10, 8.99, 61.67, 7.16, 6.96, 6.96, 3.692, 4.527
2025/07/21 15:46:43, 381.62, 86.04, 9.16, 60.84, 7.21, 7.01, 7.04, 3.3131, 4.024
2025/07/21 15:51:43, 386.71, 86.29, 9.30, 59.44, 7.26, 7.04, 7.16, 2.7833, 3.521
2025/07/21 15:56:43, 393.57, 86.32, 8.74, 60.97, 7.11, 6.82, 6.82, 3.1622, 4.024
2025/07/21 16:01:43, 393.31, 86.35, 8.55, 61.76, 6.85, 6.58, 6.65, 3.293, 4.024
2025/07/21 16:06:43, 398.76, 86.35, 8.62, 61.77, 7.33, 6.99, 6.89, 3.4003, 4.024
2025/07/21 16:11:43, 384.78, 86.35, 8.41, 62.59, 6.87, 6.58, 6.58, 3.4238, 4.024
2025/07/21 16:16:43, 382.93, 86.35, 8.48, 62.86, 6.77, 6.56, 6.58, 3.4506, 4.024
2025/07/21 16:21:43, 389.26, 86.32, 8.41, 63.08, 6.92, 6.63, 6.63, 3.4774, 4.024
2025/07/21 16:26:43, 389.44, 86.35, 8.60, 62.62, 7.11, 6.82, 6.77, 3.4707, 4.024
2025/07/21 16:31:43, 386.45, 86.32, 8.38, 63.29, 6.82, 6.53, 6.53, 3.7088, 4.527
2025/07/21 16:36:43, 389.09, 86.32, 8.41, 63.22, 7.09, 6.77, 6.68, 3.7222, 4.527
2025/07/21 16:41:43, 387.77, 86.32, 8.62, 62.77, 7.09, 6.80, 6.77, 3.4875, 4.024
2025/07/21 16:46:43, 378.80, 86.32, 8.53, 62.91, 6.89, 6.63, 6.63, 3.3802, 4.024
2025/07/21 16:51:43, 386.27, 86.32, 8.45, 63.08, 6.87, 6.61, 6.61, 3.407, 4.024
2025/07/21 16:56:43, 379.68, 86.29, 8.62, 62.81, 6.99, 6.70, 6.61, 3.2091, 4.024
2025/07/21 17:01:43, 389.18, 86.29, 8.45, 63.23, 6.85, 6.53, 6.44, 3.4539, 4.024
2025/07/21 17:06:43, 396.56, 86.29, 9.06, 61.05, 7.76, 7.40, 6.80, 3.0281, 4.024
2025/07/21 17:11:43, 400.43, 86.26, 8.88, 61.54, 7.55, 7.18, 6.94, 3.0649, 3.521
2025/07/21 17:16:43, 410.01, 86.26, 9.09, 60.09, 7.23, 6.87, 6.99, 2.6827, 3.018
2025/07/21 17:21:43, 400.16, 86.26, 8.74, 61.60, 7.11, 6.68, 6.63, 3.1018, 4.024
2025/07/21 17:26:43, 402.19, 86.26, 8.64, 62.18, 7.21, 6.77, 6.68, 3.3466, 4.024
2025/07/21 17:31:43, 407.02, 86.26, 8.74, 61.75, 7.16, 6.73, 6.77, 2.9543, 3.521
2025/07/21 17:36:43, 408.25, 86.23, 9.04, 60.75, 7.31, 6.87, 6.96, 2.7196, 3.521
2025/07/21 17:41:43, 406.41, 86.26, 8.90, 61.10, 7.28, 6.80, 6.89, 2.904, 3.521
2025/07/21 17:46:43, 402.45, 86.23, 8.26, 63.32, 6.77, 6.36, 6.24, 3.3366, 4.527
2025/07/21 17:51:43, 399.73, 86.20, 8.07, 64.11, 6.68, 6.26, 6.16, 3.4305, 4.024
2025/07/21 17:56:43, 391.64, 86.20, 7.74, 65.54, 6.34, 5.97, 5.89, 3.6048, 4.527
2025/07/21 18:01:43, 384.08, 86.20, 8.07, 66.07, 6.85, 6.51, 6.46, 3.5981, 4.527
2025/07/21 18:06:43, 385.13, 86.20, 8.78, 64.31, 7.48, 7.11, 6.82, 3.3164, 4.024
2025/07/21 18:11:43, 389.26, 86.20, 8.88, 62.43, 7.18, 6.80, 6.21, 3.0649, 4.024
2025/07/21 18:16:43, 389.09, 86.23, 8.34, 63.25, 6.68, 6.29, 5.75, 3.0046, 3.521
2025/07/21 18:21:43, 361.13, 86.20, 8.04, 63.73, 5.63, 5.51, 5.85, 1.4587, 2.012
2025/07/21 18:26:43, 405.00, 86.20, 8.31, 62.99, 6.77, 6.26, 6.39, 2.1495, 3.018
2025/07/21 18:31:43, 408.52, 86.16, 8.21, 63.57, 6.68, 6.21, 6.41, 2.9006, 3.521
2025/07/21 18:36:43, 405.79, 86.20, 8.12, 63.63, 6.41, 5.97, 6.19, 2.7933, 3.521
2025/07/21 18:41:43, 407.99, 86.20, 8.21, 63.46, 6.73, 6.21, 6.34, 2.686, 3.521
2025/07/21 18:46:43, 413.62, 86.13, 7.83, 63.93, 5.82, 5.63, 5.85, 2.5586, 3.018
2025/07/21 18:51:43, 409.66, 86.13, 7.26, 66.14, 5.73, 5.28, 5.46, 3.2058, 4.024
2025/07/21 18:56:43, 397.18, 86.16, 6.85, 67.86, 5.55, 5.05, 5.21, 3.8563, 4.527
2025/07/21 19:01:43, 398.05, 86.13, 6.48, 69.69, 5.38, 4.86, 5.00, 3.9703, 4.527
2025/07/21 19:06:43, 395.86, 86.13, 6.58, 69.78, 5.68, 5.10, 5.26, 3.967, 5.03
2025/07/21 19:11:43, 402.63, 86.16, 6.48, 69.61, 5.43, 4.73, 5.08, 3.7759, 4.527
2025/07/21 19:16:43, 392.69, 86.13, 6.63, 69.41, 5.73, 5.05, 5.33, 3.5646, 4.024
2025/07/21 19:21:43, 401.04, 86.13, 7.16, 67.90, 6.14, 5.73, 5.68, 3.5076, 4.024
2025/07/21 19:26:43, 399.46, 86.13, 6.70, 68.54, 5.51, 5.18, 5.13, 3.635, 4.527
2025/07/21 19:31:43, 392.52, 86.13, 6.68, 69.35, 5.68, 5.36, 5.31, 3.5478, 4.527
2025/07/21 19:36:43, 387.33, 86.13, 6.73, 69.95, 5.70, 5.36, 5.36, 3.4305, 4.024
2025/07/21 19:41:43, 390.14, 86.13, 6.61, 70.37, 5.43, 5.13, 5.10, 3.0582, 4.024
2025/07/21 19:46:43, 381.97, 86.13, 6.70, 72.27, 5.68, 5.31, 5.21, 3.179, 3.521
2025/07/21 19:51:43, 394.89, 86.13, 6.53, 70.65, 5.26, 4.91, 4.88, 2.914, 3.521
2025/07/21 19:56:43, 407.20, 86.13, 6.39, 72.11, 5.53, 5.21, 5.13, 2.8671, 3.521
2025/07/21 20:01:43, 388.12, 86.13, 6.29, 71.73, 5.18, 4.86, 4.86, 2.8168, 3.521
2025/07/21 20:06:43, 380.21, 86.10, 6.09, 73.06, 5.03, 4.76, 4.73, 3.0717, 3.521
2025/07/21 20:11:43, 381.44, 86.13, 6.48, 72.60, 5.51, 5.18, 5.13, 2.9308, 3.521
2025/07/21 20:16:43, 376.25, 86.13, 6.39, 72.55, 5.10, 4.86, 4.83, 2.7363, 3.521
2025/07/21 20:21:43, 389.18, 86.13, 6.24, 73.56, 5.21, 4.91, 4.86, 2.8537, 3.521
2025/07/21 20:26:43, 391.11, 86.13, 5.68, 75.39, 4.71, 4.41, 4.33, 2.914, 3.521
2025/07/21 20:31:43, 389.09, 86.13, 4.16, 81.88, 3.55, 3.40, 3.25, 3.0582, 4.024
2025/07/21 20:36:43, 401.40, 86.13, 3.43, 85.16, 3.01, 2.81, 2.66, 3.018, 4.024
2025/07/21 20:41:43, 384.52, 86.13, 3.53, 86.91, 3.65, 3.48, 3.27, 3.2091, 3.521
2025/07/21 20:46:43, 382.85, 86.13, 3.53, 85.11, 3.32, 3.22, 3.06, 3.3936, 4.527
2025/07/21 20:51:43, 379.59, 86.10, 3.65, 85.20, 3.60, 3.43, 3.27, 3.5277, 4.024
2025/07/21 20:56:43, 383.90, 86.13, 3.75, 84.74, 3.73, 3.55, 3.35, 3.2796, 4.024
2025/07/21 21:01:43, 390.05, 86.13, 3.63, 84.54, 3.43, 3.27, 3.09, 3.3567, 4.024
2025/07/21 21:06:43, 404.91, 86.10, 3.09, 86.57, 2.94, 2.78, 2.53, 2.6927, 3.521
2025/07/21 21:11:43, 406.05, 86.13, 3.01, 87.54, 2.89, 2.71, 2.58, 3.3198, 4.024
2025/07/21 21:16:43, 395.68, 86.10, 2.94, 88.23, 2.99, 2.84, 2.68, 3.625, 4.024
2025/07/21 21:21:43, 394.36, 86.10, 2.89, 88.40, 2.84, 2.71, 2.56, 3.5109, 4.527
2025/07/21 21:26:43, 354.36, 86.10, 2.48, 89.61, 2.24, 2.11, 1.95, 2.2199, 3.521
2025/07/21 21:31:43, 395.59, 86.13, 3.09, 89.79, 3.19, 3.01, 2.84, 2.6223, 4.024
2025/07/21 21:36:43, 398.23, 86.10, 3.12, 89.32, 3.22, 3.09, 2.94, 3.7423, 4.527
2025/07/21 21:41:43, 398.32, 86.10, 3.09, 88.81, 2.99, 2.86, 2.71, 3.5076, 4.527
2025/07/21 21:46:43, 391.46, 86.10, 2.86, 89.94, 2.86, 2.73, 2.58, 3.8563, 5.03
2025/07/21 21:51:43, 378.45, 86.10, 3.04, 89.35, 3.06, 2.89, 2.73, 3.9402, 4.527
2025/07/21 21:56:43, 393.75, 86.10, 3.19, 88.49, 3.09, 2.94, 2.78, 3.5981, 4.024
2025/07/21 22:01:43, 383.02, 86.10, 2.84, 90.19, 3.01, 2.89, 2.71, 3.5311, 4.527
2025/07/21 22:06:43, 384.96, 86.13, 3.25, 89.27, 3.73, 3.53, 3.30, 3.5881, 4.527
2025/07/21 22:11:43, 405.26, 86.13, 3.68, 85.79, 3.30, 3.09, 2.89, 3.36, 4.527
2025/07/21 22:16:43, 391.90, 86.13, 3.27, 87.92, 3.35, 3.17, 2.89, 2.7933, 3.521
2025/07/21 22:21:43, 391.11, 86.13, 3.40, 86.85, 3.37, 3.19, 2.94, 2.8537, 3.521
2025/07/21 22:26:43, 386.45, 86.10, 3.35, 86.69, 3.30, 3.14, 2.99, 3.3567, 4.527
2025/07/21 22:31:43, 390.58, 86.10, 3.19, 87.61, 3.22, 3.09, 2.89, 3.6685, 4.527
2025/07/21 22:36:43, 383.64, 86.10, 3.09, 88.11, 3.09, 2.99, 2.81, 3.692, 4.527
2025/07/21 22:41:43, 382.93, 86.10, 3.17, 88.71, 3.37, 3.22, 3.04, 3.5545, 4.527
2025/07/21 22:46:43, 381.35, 86.13, 4.05, 84.76, 3.98, 3.80, 3.60, 3.796, 5.03
2025/07/21 22:51:43, 396.65, 86.13, 3.30, 86.57, 3.12, 2.94, 2.78, 3.2125, 4.024
2025/07/21 22:56:43, 402.63, 86.10, 3.09, 88.04, 3.04, 2.86, 2.68, 3.1756, 4.024
2025/07/21 23:01:43, 388.82, 86.10, 3.30, 87.60, 3.32, 3.09, 2.89, 3.3332, 4.527
2025/07/21 23:06:43, 396.56, 86.07, 2.89, 88.40, 2.68, 2.50, 2.35, 3.132, 3.521
2025/07/21 23:11:43, 395.33, 86.10, 2.56, 90.32, 2.50, 2.40, 2.22, 3.1521, 4.024
2025/07/21 23:16:43, 400.08, 86.10, 2.30, 91.22, 2.16, 2.06, 1.93, 3.2963, 4.024
2025/07/21 23:21:43, 394.89, 86.10, 2.03, 92.96, 2.14, 2.03, 1.90, 3.3164, 4.024
2025/07/21 23:26:43, 387.95, 86.10, 2.30, 92.50, 2.40, 2.27, 2.16, 3.5512, 4.527
2025/07/21 23:31:43, 391.37, 86.07, 2.81, 90.99, 2.94, 2.78, 2.61, 3.1287, 3.521
2025/07/21 23:36:43, 389.97, 86.10, 3.09, 89.76, 3.25, 3.06, 2.84, 2.9543, 4.024
2025/07/21 23:41:43, 384.08, 86.07, 3.70, 88.55, 4.00, 3.80, 3.50, 3.1924, 4.024
2025/07/21 23:46:43, 381.97, 86.10, 3.45, 87.48, 3.22, 3.04, 2.84, 3.0046, 3.521
2025/07/21 23:51:43, 359.81, 86.10, 2.32, 90.09, 1.90, 1.83, 1.75, 1.7773, 3.521
2025/07/21 23:56:43, 393.75, 86.10, 2.48, 91.69, 2.66, 2.53, 2.37, 2.5988, 4.024
2025/07/22 0:01:43, 390.05, 86.07, 2.91, 90.16, 3.01, 2.89, 2.68, 3.1287, 4.024
2025/07/22 0:06:43, 382.93, 86.07, 2.86, 90.70, 2.96, 2.76, 2.56, 2.6894, 3.521
2025/07/22 0:11:43, 395.24, 86.10, 2.94, 89.77, 2.84, 2.68, 2.50, 2.7799, 3.521
2025/07/22 0:16:43, 390.23, 86.07, 2.35, 91.05, 2.27, 2.19, 2.08, 3.2963, 4.024
2025/07/22 0:21:43, 396.21, 86.07, 2.50, 91.73, 2.63, 2.50, 2.35, 3.5445, 4.024
2025/07/22 0:26:43, 395.77, 86.07, 2.68, 90.60, 2.68, 2.50, 2.32, 3.2494, 4.024
2025/07/22 0:31:43, 385.04, 86.07, 3.14, 89.07, 3.17, 2.99, 2.78, 3.4539, 4.024
2025/07/22 0:36:43, 388.65, 86.07, 3.17, 89.52, 3.32, 3.12, 2.91, 3.2661, 4.024
2025/07/22 0:41:43, 397.18, 86.07, 3.12, 90.46, 3.27, 3.09, 2.91, 2.9744, 4.024
2025/07/22 0:46:43, 383.81, 86.07, 2.58, 90.32, 2.43, 2.27, 2.03, 2.1629, 3.521
2025/07/22 0:51:43, 380.21, 86.07, 2.58, 91.02, 2.61, 2.48, 2.32, 2.1495, 3.018
2025/07/22 0:56:43, 391.55, 86.07, 2.58, 91.57, 2.68, 2.58, 2.43, 2.7263, 3.521
2025/07/22 1:01:43, 391.90, 86.07, 2.76, 91.27, 2.91, 2.78, 2.63, 3.4606, 4.024
2025/07/22 1:06:43, 401.84, 86.07, 2.96, 90.50, 2.91, 2.78, 2.58, 3.1119, 4.024
2025/07/22 1:11:43, 396.21, 86.07, 2.71, 91.04, 2.66, 2.50, 2.37, 2.8336, 3.521
2025/07/22 1:16:43, 380.03, 86.07, 2.16, 91.52, 1.85, 1.77, 1.70, 2.1696, 3.018
2025/07/22 1:21:43, 398.23, 86.07, 1.85, 93.51, 1.90, 1.80, 1.70, 1.006, 3.018
2025/07/22 1:26:43, 400.43, 86.07, 2.22, 92.60, 2.37, 2.27, 2.08, 3.3969, 4.527
2025/07/22 1:31:43, 393.66, 86.07, 2.30, 91.44, 2.32, 2.22, 2.08, 3.6015, 4.527
2025/07/22 1:36:43, 386.19, 86.04, 2.48, 90.41, 2.63, 2.53, 2.37, 3.6618, 4.024
2025/07/22 1:41:43, 397.00, 86.01, 2.61, 89.34, 2.61, 2.48, 2.32, 3.5109, 4.527
2025/07/22 1:46:43, 393.66, 86.04, 2.81, 89.89, 3.12, 2.99, 2.76, 2.9811, 4.024
2025/07/22 1:51:43, 387.51, 86.07, 3.04, 88.17, 3.09, 2.94, 2.78, 3.521, 4.527
2025/07/22 1:56:43, 384.43, 86.07, 2.86, 88.03, 2.86, 2.68, 2.48, 3.1655, 4.024
2025/07/22 2:01:43, 399.37, 86.04, 2.68, 88.73, 2.63, 2.50, 2.32, 2.6424, 3.521
2025/07/22 2:06:43, 399.55, 86.04, 2.68, 88.25, 2.78, 2.66, 2.45, 2.9811, 4.024
2025/07/22 2:11:43, 394.01, 86.01, 2.94, 87.79, 3.12, 2.96, 2.78, 3.0079, 4.024
2025/07/22 2:16:43, 391.73, 86.04, 2.96, 86.07, 2.96, 2.84, 2.66, 2.9208, 3.521
2025/07/22 2:21:43, 409.22, 86.04, 3.25, 84.73, 3.40, 3.22, 2.99, 2.743, 3.521
2025/07/22 2:26:43, 398.23, 86.04, 2.66, 89.82, 2.89, 2.71, 2.45, 3.1186, 4.024
2025/07/22 2:31:43, 413.26, 86.01, 2.48, 88.69, 2.08, 1.95, 1.80, 3.0448, 4.024
2025/07/22 2:36:43, 391.90, 86.01, 2.00, 92.52, 1.77, 1.64, 1.51, 3.0951, 4.024
2025/07/22 2:41:43, 383.99, 86.01, 1.95, 96.60, 2.00, 1.85, 1.70, 2.6625, 3.018
2025/07/22 2:46:43, 373.79, 86.01, 1.95, 98.03, 1.95, 1.77, 1.59, 2.4345, 3.018
2025/07/22 2:51:43, 381.18, 86.01, 2.94, 100.00, 3.12, 2.84, 2.56, 2.3104, 3.018
2025/07/22 2:56:43, 381.44, 86.01, 3.12, 96.40, 3.14, 2.94, 2.71, 2.5116, 3.018
2025/07/22 3:01:43, 379.59, 86.01, 3.22, 94.00, 3.19, 2.91, 2.61, 2.3742, 3.018
2025/07/22 3:06:43, 389.18, 86.01, 2.99, 92.78, 2.73, 2.53, 2.30, 1.9349, 2.515
2025/07/22 3:11:43, 376.43, 86.01, 2.94, 92.66, 3.06, 2.78, 2.50, 1.7303, 2.515
2025/07/22 3:16:43, 407.02, 86.04, 2.96, 90.98, 2.61, 2.30, 1.95, 2.2702, 3.018
2025/07/22 3:21:43, 391.46, 86.04, 2.16, 94.23, 2.06, 1.90, 1.75, 2.6525, 3.521
2025/07/22 3:26:43, 399.64, 86.01, 1.98, 94.60, 1.88, 1.77, 1.64, 2.914, 3.521
2025/07/22 3:31:43, 390.41, 86.04, 2.06, 93.77, 2.16, 2.06, 1.90, 3.4137, 4.024
2025/07/22 3:36:43, 378.63, 86.01, 2.16, 92.48, 2.30, 2.19, 2.06, 3.4808, 4.527
2025/07/22 3:41:43, 378.01, 86.04, 2.81, 91.94, 3.25, 3.12, 2.91, 3.464, 4.527
2025/07/22 3:46:43, 381.62, 86.04, 2.99, 89.01, 2.89, 2.73, 2.58, 3.464, 4.527
2025/07/22 3:51:43, 387.59, 86.04, 2.61, 89.41, 2.56, 2.43, 2.27, 3.3131, 4.024
2025/07/22 3:56:43, 408.60, 86.01, 2.30, 90.38, 2.08, 1.90, 1.70, 2.4211, 3.018
2025/07/22 4:01:43, 406.85, 86.01, 2.63, 90.73, 2.84, 2.58, 2.22, 2.5754, 3.018
2025/07/22 4:06:43, 419.33, 86.01, 3.85, 86.60, 3.85, 3.53, 3.19, 2.1864, 3.018
2025/07/22 4:11:43, 390.49, 86.01, 3.50, 89.47, 3.19, 3.01, 2.78, 2.1361, 3.521
2025/07/22 4:16:43, 398.67, 86.01, 3.22, 90.70, 3.06, 2.81, 2.50, 2.6592, 3.521
2025/07/22 4:21:43, 383.02, 86.01, 3.88, 87.92, 4.44, 4.18, 3.80, 2.2937, 3.018
2025/07/22 4:26:43, 390.05, 86.01, 3.40, 91.58, 3.40, 3.19, 2.91, 2.3205, 3.521
2025/07/22 4:31:43, 408.34, 85.98, 3.09, 91.08, 2.73, 2.58, 2.40, 2.5049, 3.521
2025/07/22 4:36:43, 396.82, 85.98, 2.76, 91.86, 2.99, 2.78, 2.53, 2.686, 3.521
2025/07/22 4:41:43, 367.73, 86.01, 3.40, 88.72, 3.70, 3.50, 3.25, 2.4278, 3.521
2025/07/22 4:46:43, 403.59, 86.01, 3.50, 89.65, 4.16, 4.00, 3.70, 2.3473, 3.018
2025/07/22 4:51:43, 406.58, 86.01, 3.60, 86.62, 3.25, 3.06, 2.84, 2.5787, 4.024
2025/07/22 4:56:43, 383.02, 86.01, 5.05, 84.24, 5.55, 5.23, 4.83, 2.6592, 4.024
2025/07/22 5:01:43, 378.89, 86.01, 3.70, 86.72, 3.25, 3.09, 2.94, 3.0448, 4.024
2025/07/22 5:06:43, 376.08, 86.01, 4.03, 86.70, 3.78, 3.55, 3.32, 2.7799, 4.024
2025/07/22 5:11:43, 420.38, 85.98, 4.05, 82.04, 2.78, 2.66, 2.50, 2.8034, 3.521
2025/07/22 5:16:43, 406.93, 86.01, 3.95, 85.55, 4.23, 3.85, 3.48, 3.5948, 4.527
2025/07/22 5:21:43, 398.23, 86.01, 4.73, 79.80, 3.98, 3.73, 3.50, 2.173, 4.024
2025/07/22 5:26:43, 386.27, 86.01, 4.13, 84.96, 3.85, 3.60, 3.40, 1.9952, 3.521
2025/07/22 5:31:43, 379.42, 86.01, 4.76, 83.15, 4.21, 3.98, 3.83, 3.0951, 4.527
2025/07/22 5:36:43, 389.97, 86.01, 5.18, 81.06, 5.10, 4.81, 4.56, 3.5713, 4.527
2025/07/22 5:41:43, 383.02, 86.01, 6.73, 74.52, 6.21, 5.89, 5.70, 3.2091, 4.527
2025/07/22 5:46:43, 406.85, 86.01, 5.33, 76.99, 4.00, 3.75, 3.78, 2.1763, 3.018
2025/07/22 5:51:43, 403.77, 86.01, 4.81, 80.52, 4.16, 3.85, 3.80, 2.2132, 3.018
2025/07/22 5:56:43, 406.32, 86.01, 5.13, 80.61, 4.86, 4.39, 4.41, 2.5754, 3.018
2025/07/22 6:01:43, 389.18, 86.01, 4.93, 80.61, 4.36, 3.88, 3.80, 3.0448, 4.527
2025/07/22 6:06:43, 409.92, 86.01, 5.05, 80.74, 4.41, 3.83, 3.75, 3.2896, 4.024
2025/07/22 6:11:43, 409.57, 86.01, 5.33, 81.52, 5.03, 4.33, 4.13, 3.4506, 4.527
2025/07/22 6:16:43, 392.87, 86.04, 5.65, 79.77, 5.00, 4.51, 4.26, 3.7088, 4.527
2025/07/22 6:21:43, 394.36, 86.04, 6.36, 79.74, 5.60, 5.31, 4.98, 3.5713, 4.024
2025/07/22 6:26:43, 391.90, 86.04, 6.89, 81.16, 6.29, 6.01, 5.75, 3.2226, 4.527
2025/07/22 6:31:43, 404.65, 86.04, 6.68, 78.83, 5.38, 5.10, 4.86, 3.6149, 5.533
2025/07/22 6:36:43, 378.71, 86.04, 7.04, 82.33, 6.48, 6.26, 5.92, 3.6149, 5.03
2025/07/22 6:41:43, 393.40, 86.04, 6.24, 79.24, 4.71, 4.71, 4.16, 3.2293, 4.527
2025/07/22 6:46:43, 399.37, 86.04, 6.39, 80.08, 5.73, 5.36, 4.81, 3.4372, 4.527
2025/07/22 6:51:43, 402.71, 86.04, 6.58, 77.56, 5.77, 5.31, 4.95, 3.2863, 4.527
2025/07/22 6:56:43, 394.89, 86.10, 7.43, 78.29, 7.09, 6.73, 6.19, 3.8396, 5.533
2025/07/22 7:01:43, 394.63, 86.10, 7.93, 81.52, 8.00, 7.48, 6.75, 3.6987, 5.533
2025/07/22 7:06:43, 386.71, 86.10, 8.36, 72.55, 6.75, 6.29, 6.09, 3.8396, 6.036
2025/07/22 7:11:43, 413.44, 86.04, 7.83, 76.84, 7.14, 6.77, 6.61, 3.9636, 6.036
2025/07/22 7:16:43, 407.90, 86.07, 7.50, 74.53, 6.48, 6.04, 5.92, 3.5378, 4.527
2025/07/22 7:21:43, 410.98, 86.10, 8.31, 76.95, 7.83, 7.48, 7.28, 3.5411, 5.533
2025/07/22 7:26:43, 407.55, 86.07, 9.09, 76.23, 8.71, 8.26, 7.97, 4.3292, 6.036
2025/07/22 7:31:43, 411.42, 86.07, 8.78, 73.25, 7.83, 7.45, 7.26, 4.1816, 6.539
2025/07/22 7:36:43, 390.76, 86.07, 8.36, 73.96, 7.18, 6.75, 6.61, 3.6149, 5.03
2025/07/22 7:41:43, 391.73, 86.10, 8.43, 76.31, 7.93, 7.48, 7.23, 3.5143, 4.527
2025/07/22 7:46:43, 385.57, 86.10, 9.11, 75.86, 8.45, 8.09, 7.95, 3.7155, 5.533
2025/07/22 7:51:43, 379.68, 86.10, 8.62, 72.11, 7.26, 6.87, 6.75, 4.1179, 5.533
2025/07/22 7:56:43, 417.48, 86.01, 8.26, 72.46, 6.94, 6.77, 6.73, 3.853, 6.539
2025/07/22 8:01:43, 400.16, 85.54, 9.42, 70.08, 8.55, 8.00, 7.81, 2.8034, 4.527
2025/07/22 8:06:43, 384.34, 85.76, 9.26, 68.38, 7.81, 7.31, 7.26, 3.1555, 5.533
2025/07/22 8:11:43, 394.27, 86.10, 9.06, 69.10, 7.50, 7.33, 7.26, 2.5854, 4.024
2025/07/22 8:16:43, 362.89, 87.13, 9.96, 68.15, 8.60, 8.19, 8.12, 3.1723, 5.03
2025/07/22 8:21:43, 377.31, 86.07, 10.00, 72.06, 8.81, 8.36, 8.17, 3.6283, 5.03
2025/07/22 8:26:43, 367.11, 86.10, 10.57, 69.17, 8.92, 8.57, 8.48, 3.3567, 5.03
2025/07/22 8:31:43, 355.68, 86.73, 11.31, 71.77, 10.64, 10.19, 9.91, 3.6518, 6.036
2025/07/22 8:36:43, 338.63, 86.82, 11.57, 74.09, 11.33, 10.93, 10.59, 3.4506, 5.03
2025/07/22 8:41:43, 388.21, 86.85, 11.45, 68.55, 10.12, 9.73, 9.54, 4.1313, 6.539
2025/07/22 8:46:43, 358.32, 86.76, 10.00, 71.02, 8.60, 8.24, 8.12, 4.3157, 6.036
2025/07/22 8:51:43, 404.56, 86.23, 9.73, 68.08, 8.57, 8.04, 7.90, 3.8194, 5.533
2025/07/22 8:56:43, 368.96, 84.45, 10.89, 74.06, 10.73, 10.34, 10.08, 3.2226, 5.533
2025/07/22 9:01:43, 363.15, 84.23, 11.82, 67.41, 10.03, 9.52, 9.42, 3.6451, 5.533
2025/07/22 9:06:43, 367.73, 85.26, 10.80, 68.72, 9.02, 8.69, 8.67, 3.7188, 5.03
2025/07/22 9:11:43, 362.54, 86.13, 10.96, 68.52, 9.40, 9.06, 9.09, 3.2527, 5.03
2025/07/22 9:16:43, 399.46, 86.23, 10.96, 63.93, 9.59, 9.02, 9.02, 2.3406, 5.03
2025/07/22 9:21:43, 386.80, 86.26, 9.96, 73.21, 9.64, 9.26, 9.09, 3.7624, 6.539
2025/07/22 9:26:43, 390.32, 86.07, 11.07, 63.76, 9.52, 8.99, 8.88, 3.5545, 5.03
2025/07/22 9:31:43, 330.45, 87.01, 11.07, 64.02, 8.21, 7.81, 7.64, 2.8637, 5.03
2025/07/22 9:36:43, 340.56, 87.76, 12.69, 56.69, 9.49, 9.23, 9.38, 1.1066, 2.515
2025/07/22 9:41:43, 679.90, 87.32, 12.02, 54.74, 7.38, 7.21, 7.26, 0.399, 2.012
2025/07/22 9:46:43, 380.56, 86.76, 11.66, 58.73, 8.64, 8.41, 8.55, 2.1461, 3.018
2025/07/22 9:51:43, 376.78, 86.20, 10.80, 59.82, 8.12, 7.83, 7.97, 2.1092, 3.521
2025/07/22 9:56:43, 381.70, 86.10, 10.62, 63.78, 9.11, 8.64, 8.57, 3.1488, 4.024
2025/07/22 10:01:43, 364.12, 86.13, 11.22, 60.58, 8.48, 8.21, 8.12, 2.4379, 4.024
2025/07/22 10:06:43, 375.11, 88.19, 10.27, 64.21, 8.04, 7.83, 7.79, 3.4741, 4.527
2025/07/22 10:11:43, 409.04, 92.41, 12.35, 54.56, 10.10, 9.80, 9.75, 1.7538, 3.521
2025/07/22 10:16:43, 364.91, 94.75, 11.86, 60.25, 8.90, 8.60, 8.62, 2.1797, 4.024
2025/07/22 10:21:43, 376.08, 92.66, 11.63, 63.95, 9.96, 9.57, 9.49, 3.7658, 5.533
2025/07/22 10:26:43, 401.57, 86.35, 10.08, 61.33, 8.17, 7.76, 7.76, 3.7423, 5.533
2025/07/22 10:31:43, 403.33, 80.27, 10.24, 62.54, 9.19, 8.69, 8.55, 3.3399, 4.024
2025/07/22 10:36:43, 384.25, 79.95, 11.31, 57.87, 9.64, 9.16, 9.06, 2.3071, 3.018
2025/07/22 10:41:43, 372.21, 81.39, 10.87, 62.06, 8.88, 8.53, 8.55, 2.9945, 5.03
2025/07/22 10:46:43, 374.14, 87.35, 10.38, 62.00, 8.24, 7.95, 7.97, 3.1689, 4.527
2025/07/22 10:51:43, 389.62, 94.90, 10.10, 62.03, 8.74, 8.36, 8.24, 3.3399, 4.527
2025/07/22 10:56:43, 379.07, 95.81, 9.87, 63.12, 8.12, 7.86, 7.93, 3.2594, 4.024
2025/07/22 11:01:43, 359.20, 90.50, 10.62, 58.64, 7.48, 7.33, 7.50, 2.2669, 4.024
2025/07/22 11:06:43, 378.45, 83.70, 11.03, 58.36, 8.74, 8.48, 8.69, 2.2501, 3.521
2025/07/22 11:11:43, 397.18, 81.92, 11.84, 54.80, 9.80, 9.38, 9.42, 1.8007, 2.515
2025/07/22 11:16:43, 386.19, 82.04, 10.89, 60.65, 9.11, 8.69, 8.69, 3.578, 6.036
2025/07/22 11:21:43, 379.24, 81.95, 11.47, 59.49, 9.54, 9.21, 9.35, 2.8436, 4.024
2025/07/22 11:26:43, 378.36, 80.64, 13.69, 52.16, 11.54, 11.07, 10.84, 1.7773, 3.018
2025/07/22 11:31:43, 406.32, 79.86, 14.07, 51.19, 11.82, 11.43, 11.45, 1.2508, 2.515
2025/07/22 11:36:43, 401.40, 79.33, 12.71, 53.03, 10.71, 10.10, 9.91, 2.4613, 3.521
2025/07/22 11:41:43, 411.24, 79.14, 12.62, 53.84, 10.64, 10.12, 10.05, 2.8067, 3.521
2025/07/22 11:46:43, 402.01, 78.64, 12.25, 53.16, 10.00, 9.45, 9.19, 2.7162, 3.018
2025/07/22 11:51:43, 400.34, 78.55, 12.09, 53.78, 10.03, 9.49, 9.35, 2.6324, 3.018
2025/07/22 11:56:43, 407.64, 78.17, 12.07, 53.00, 10.05, 9.45, 9.47, 2.5519, 3.018
2025/07/22 12:01:43, 410.36, 77.80, 11.86, 53.31, 9.30, 9.21, 9.35, 2.5418, 3.018
2025/07/22 12:06:43, 412.12, 77.55, 12.14, 53.08, 10.08, 9.54, 9.47, 2.7162, 3.521
2025/07/22 12:11:43, 396.74, 77.74, 11.03, 55.45, 8.83, 8.29, 8.17, 3.0214, 4.024
2025/07/22 12:16:43, 395.15, 77.89, 11.12, 57.32, 9.40, 8.97, 8.83, 3.4539, 4.024
2025/07/22 12:21:43, 389.62, 76.05, 11.17, 58.30, 9.57, 9.11, 9.04, 3.2963, 4.024
2025/07/22 12:26:43, 372.21, 72.37, 10.75, 61.67, 8.76, 8.50, 8.45, 3.6283, 4.527
2025/07/22 12:31:43, 405.88, 71.59, 11.36, 55.23, 9.68, 9.40, 9.38, 3.0046, 4.024
2025/07/22 12:36:43, 387.51, 70.47, 11.03, 55.30, 8.69, 8.34, 8.45, 2.6357, 3.521
2025/07/22 12:41:43, 383.64, 73.24, 10.57, 57.00, 8.04, 7.81, 8.04, 2.5854, 3.521
2025/07/22 12:46:43, 370.98, 80.52, 10.73, 58.43, 7.83, 7.69, 7.83, 2.23, 3.018
2025/07/22 12:51:43, 378.71, 83.98, 11.24, 58.01, 8.78, 8.48, 8.69, 2.8336, 3.521
2025/07/22 12:56:43, 402.45, 82.36, 11.98, 54.59, 9.71, 9.45, 9.54, 2.2769, 3.018
2025/07/22 13:01:43, 392.96, 79.52, 12.49, 51.10, 9.68, 9.11, 9.23, 2.069, 3.018
2025/07/22 13:06:43, 400.87, 74.55, 12.09, 51.95, 9.91, 9.42, 9.33, 2.354, 3.018
2025/07/22 13:11:43, 391.11, 73.99, 11.24, 54.84, 8.99, 8.57, 8.62, 2.6693, 3.018
2025/07/22 13:16:43, 382.05, 86.07, 10.78, 57.02, 8.24, 8.02, 8.26, 2.7061, 3.018
2025/07/22 13:21:43, 405.53, 94.75, 10.73, 57.57, 9.14, 8.78, 8.78, 2.6827, 3.521
2025/07/22 13:26:43, 409.66, 86.04, 11.63, 54.55, 10.00, 9.64, 9.71, 2.7363, 3.521
2025/07/22 13:31:43, 390.85, 86.01, 11.79, 53.97, 9.09, 8.69, 8.76, 2.3205, 3.018
2025/07/22 13:36:43, 397.26, 86.01, 11.26, 55.03, 9.21, 8.85, 8.76, 2.7531, 4.024
2025/07/22 13:41:43, 385.13, 85.98, 10.59, 56.48, 8.04, 7.69, 7.86, 2.8503, 3.521
2025/07/22 13:46:43, 413.35, 85.95, 10.84, 56.36, 8.71, 8.64, 8.74, 2.6625, 3.521
2025/07/22 13:51:43, 394.45, 85.95, 10.98, 56.34, 8.81, 8.31, 8.17, 3.0381, 3.521
2025/07/22 13:56:43, 390.67, 85.95, 10.50, 59.44, 8.71, 8.31, 8.34, 3.1354, 3.521
2025/07/22 14:01:43, 416.25, 85.98, 11.75, 54.86, 9.57, 9.54, 9.68, 2.5586, 3.521
2025/07/22 14:06:43, 401.40, 85.98, 12.00, 54.03, 9.96, 9.54, 9.40, 2.3909, 3.521
2025/07/22 14:11:43, 407.46, 85.95, 12.04, 56.02, 10.38, 9.94, 9.75, 2.6391, 3.521
2025/07/22 14:16:43, 407.29, 85.98, 12.23, 53.95, 10.03, 9.64, 9.54, 2.79, 3.521
2025/07/22 14:21:43, 413.18, 85.98, 11.63, 54.25, 9.28, 8.95, 9.06, 2.6726, 4.024
2025/07/22 14:26:43, 391.81, 86.01, 10.93, 57.30, 8.95, 8.55, 8.50, 2.9543, 4.024
2025/07/22 14:31:43, 383.64, 86.01, 10.48, 59.48, 8.41, 8.14, 8.21, 3.1555, 4.024
2025/07/22 14:36:43, 401.40, 86.04, 11.40, 56.46, 9.75, 9.35, 9.30, 2.5083, 4.024
2025/07/22 14:41:43, 397.09, 85.70, 11.40, 56.31, 9.26, 8.69, 8.62, 2.6961, 3.521
2025/07/22 14:46:43, 407.11, 84.35, 11.14, 56.21, 9.06, 8.67, 8.64, 2.8805, 3.521
2025/07/22 14:51:43, 392.16, 85.82, 10.52, 57.18, 8.43, 8.00, 7.93, 2.8939, 3.521
2025/07/22 14:56:43, 391.73, 86.26, 11.47, 56.06, 9.80, 9.49, 9.54, 2.2233, 3.018
2025/07/22 15:01:43, 396.21, 87.44, 12.02, 54.07, 9.91, 9.54, 9.57, 1.8577, 2.515
2025/07/22 15:06:43, 399.37, 86.60, 10.91, 56.48, 8.60, 8.07, 7.97, 2.5251, 3.018
2025/07/22 15:11:43, 392.43, 86.23, 10.08, 58.02, 7.81, 7.38, 7.35, 2.7229, 3.521
2025/07/22 15:16:43, 388.56, 86.01, 10.12, 59.77, 8.34, 8.02, 8.07, 2.5217, 3.018
2025/07/22 15:21:43, 405.53, 85.63, 10.71, 58.17, 8.90, 8.43, 8.34, 2.4278, 3.018
2025/07/22 15:26:43, 398.41, 86.41, 10.36, 58.20, 8.45, 8.00, 8.02, 2.5955, 3.018
2025/07/22 15:31:43, 391.20, 86.45, 9.47, 62.25, 7.45, 7.18, 7.28, 3.0079, 4.024
2025/07/22 15:36:43, 392.96, 86.82, 9.40, 63.80, 7.48, 7.26, 7.31, 3.0649, 4.024
2025/07/22 15:41:43, 380.91, 85.85, 9.82, 62.82, 7.57, 7.35, 7.50, 2.5083, 3.521
2025/07/22 15:46:43, 383.02, 86.04, 9.96, 63.32, 7.86, 7.62, 7.69, 2.8034, 3.521
2025/07/22 15:51:43, 387.42, 86.10, 10.57, 61.20, 8.64, 8.31, 8.31, 2.3339, 2.515
2025/07/22 15:56:43, 408.43, 86.07, 10.75, 57.58, 8.41, 8.14, 8.31, 2.1897, 3.018
2025/07/22 16:01:43, 404.82, 86.07, 10.12, 58.69, 7.93, 7.60, 7.57, 2.5217, 3.521
2025/07/22 16:06:43, 396.30, 86.10, 9.59, 60.00, 7.57, 7.28, 7.23, 2.6458, 3.018
2025/07/22 16:11:43, 396.47, 86.07, 8.90, 65.07, 7.67, 7.40, 7.28, 3.1287, 4.024
2025/07/22 16:16:43, 408.25, 86.04, 9.30, 62.49, 7.45, 7.21, 7.26, 2.7229, 3.521
2025/07/22 16:21:43, 401.31, 86.04, 9.54, 62.63, 7.60, 7.31, 7.35, 2.5217, 3.521
2025/07/22 16:26:43, 403.68, 86.07, 9.66, 63.58, 8.09, 7.74, 7.67, 2.8436, 3.521
2025/07/22 16:31:43, 392.25, 86.07, 10.52, 59.63, 8.41, 8.00, 8.17, 2.0858, 3.018
2025/07/22 16:36:43, 393.66, 86.07, 10.38, 60.36, 8.45, 8.07, 8.14, 2.1595, 3.018
2025/07/22 16:41:43, 410.01, 86.04, 10.36, 58.35, 7.86, 7.88, 7.88, 2.0522, 2.515
2025/07/22 16:46:43, 402.89, 86.04, 10.43, 58.10, 8.02, 7.71, 7.90, 1.5995, 2.515
2025/07/22 16:51:43, 399.37, 86.04, 9.16, 62.02, 7.09, 6.75, 6.63, 2.5821, 3.521
2025/07/22 16:56:43, 396.12, 86.01, 8.69, 64.30, 6.92, 6.56, 6.41, 2.8973, 3.521
2025/07/22 17:01:43, 400.60, 86.04, 9.06, 62.23, 7.40, 7.06, 6.92, 2.7028, 3.521
2025/07/22 17:06:43, 409.48, 86.01, 8.57, 63.25, 6.58, 6.26, 6.01, 2.411, 3.018
2025/07/22 17:11:43, 404.74, 86.01, 8.57, 64.17, 6.80, 6.36, 6.21, 2.4915, 3.018
2025/07/22 17:16:43, 403.51, 86.01, 8.74, 64.38, 7.04, 6.63, 6.70, 2.5888, 3.018
2025/07/22 17:21:43, 403.68, 86.01, 9.66, 65.47, 8.12, 7.55, 7.43, 2.7732, 3.521
2025/07/22 17:26:43, 406.85, 86.01, 9.49, 62.77, 7.48, 7.04, 7.11, 2.1998, 3.018
2025/07/22 17:31:43, 401.13, 86.01, 9.40, 62.50, 6.92, 6.51, 6.65, 1.8712, 2.515
2025/07/22 17:36:43, 409.13, 86.01, 9.96, 63.88, 7.60, 6.85, 6.89, 1.8745, 2.515
2025/07/22 17:41:43, 396.12, 86.01, 10.00, 60.50, 7.28, 6.80, 7.11, 1.6465, 2.515
2025/07/22 17:46:43, 400.08, 85.98, 10.62, 65.79, 8.41, 7.38, 7.26, 1.7873, 2.515
2025/07/22 17:51:43, 389.62, 86.01, 10.08, 64.04, 6.70, 6.16, 6.29, 1.9986, 2.515
2025/07/22 17:56:43, 397.35, 85.98, 10.27, 62.02, 7.26, 6.53, 6.58, 2.0522, 2.515
2025/07/22 18:01:43, 398.05, 85.98, 9.77, 67.68, 7.74, 7.11, 6.94, 1.898, 2.515
2025/07/22 18:06:43, 388.82, 85.98, 8.53, 66.35, 6.26, 5.99, 5.87, 2.2233, 3.018
2025/07/22 18:11:43, 389.88, 85.91, 7.09, 75.32, 5.38, 5.13, 5.05, 2.0489, 2.515
2025/07/22 18:16:43, 393.13, 85.95, 6.68, 76.73, 5.05, 4.81, 4.81, 2.2199, 3.018
2025/07/22 18:21:43, 402.01, 85.91, 6.68, 77.95, 5.65, 5.28, 5.18, 2.5251, 3.018
2025/07/22 18:26:43, 399.46, 85.95, 6.53, 77.78, 5.18, 4.81, 4.81, 2.572, 3.521
2025/07/22 18:31:43, 391.55, 85.88, 6.77, 79.00, 5.60, 5.23, 5.18, 3.1454, 4.024
2025/07/22 18:36:43, 386.10, 85.88, 5.80, 83.92, 4.86, 4.64, 4.56, 3.521, 4.024
2025/07/22 18:41:43, 389.09, 85.88, 5.85, 82.16, 4.76, 4.51, 4.51, 2.8604, 3.521
2025/07/22 18:46:43, 393.13, 85.88, 6.39, 82.74, 5.60, 5.28, 5.13, 3.1052, 4.024
2025/07/22 18:51:43, 393.40, 85.88, 6.51, 82.94, 5.55, 5.23, 5.13, 2.8839, 4.024
2025/07/22 18:56:43, 395.77, 85.88, 6.19, 78.83, 4.91, 4.56, 4.46, 1.955, 3.018
2025/07/22 19:01:43, 392.16, 85.88, 5.53, 83.21, 4.61, 4.31, 4.13, 1.9148, 2.515
2025/07/22 19:06:43, 390.67, 85.88, 5.18, 84.74, 4.28, 3.90, 3.78, 1.9986, 3.018
2025/07/22 19:11:43, 394.45, 85.85, 4.54, 87.64, 3.88, 3.58, 3.43, 2.2166, 3.018
2025/07/22 19:16:43, 390.41, 85.88, 4.10, 86.60, 3.25, 3.01, 2.96, 2.3071, 3.018
2025/07/22 19:21:43, 395.95, 85.88, 3.93, 86.83, 3.12, 2.91, 2.86, 1.6934, 2.012
2025/07/22 19:26:43, 395.77, 85.88, 3.55, 88.67, 2.91, 2.73, 2.68, 1.9349, 2.515
2025/07/22 19:31:43, 382.23, 85.88, 3.55, 91.86, 3.04, 2.89, 2.86, 1.8846, 2.515
2025/07/22 19:36:43, 387.42, 85.88, 3.80, 91.91, 3.25, 3.12, 3.04, 1.9114, 2.515
2025/07/22 19:41:43, 393.57, 85.88, 3.70, 92.55, 3.30, 3.04, 2.89, 1.9114, 2.515
2025/07/22 19:46:43, 391.64, 85.88, 3.90, 93.28, 3.45, 3.19, 3.01, 2.1092, 3.018
2025/07/22 19:51:43, 410.19, 85.88, 3.45, 92.17, 2.81, 2.61, 2.53, 1.5761, 2.515
2025/07/22 19:56:43, 405.88, 85.88, 3.04, 91.91, 2.40, 2.22, 2.19, 1.841, 2.515
2025/07/22 20:01:43, 404.12, 85.88, 2.71, 93.39, 2.22, 2.06, 2.00, 1.9583, 2.515
2025/07/22 20:06:43, 387.15, 85.88, 2.89, 97.34, 2.73, 2.56, 2.43, 2.1126, 2.515
2025/07/22 20:11:43, 391.37, 85.88, 3.30, 97.61, 3.09, 2.86, 2.63, 1.9684, 2.515
2025/07/22 20:16:43, 418.45, 85.88, 2.89, 95.54, 2.24, 2.08, 1.98, 1.7974, 2.515
2025/07/22 20:21:43, 392.87, 85.88, 2.73, 96.94, 2.37, 2.22, 2.14, 2.3104, 3.018
2025/07/22 20:26:43, 390.05, 85.91, 2.84, 98.06, 2.40, 2.27, 2.16, 2.1528, 3.018
2025/07/22 20:31:43, 390.76, 85.88, 2.61, 100.00, 2.22, 2.06, 1.98, 2.1092, 2.515
2025/07/22 20:36:43, 392.69, 85.88, 2.50, 100.00, 2.16, 2.06, 2.00, 1.898, 2.515
2025/07/22 20:41:43, 402.36, 85.88, 2.22, 100.00, 1.95, 1.85, 1.80, 1.4855, 2.012
2025/07/22 20:46:43, 394.45, 85.88, 2.08, 100.00, 1.90, 1.77, 1.67, 1.9852, 2.515
2025/07/22 20:51:43, 378.63, 85.91, 2.14, 100.00, 2.06, 1.88, 1.77, 1.9382, 2.515
2025/07/22 20:56:43, 390.93, 85.88, 2.48, 100.00, 2.19, 2.03, 1.90, 1.9885, 2.515
2025/07/22 21:01:43, 407.02, 85.91, 2.27, 100.00, 1.85, 1.72, 1.59, 1.7605, 2.515
2025/07/22 21:06:43, 404.21, 85.91, 2.06, 100.00, 1.77, 1.64, 1.54, 1.7303, 2.012
2025/07/22 21:11:43, 390.41, 85.88, 1.85, 100.00, 1.67, 1.57, 1.51, 1.8376, 2.515
2025/07/22 21:16:43, 393.40, 85.91, 1.85, 100.00, 1.77, 1.64, 1.57, 1.8343, 3.018
2025/07/22 21:21:43, 399.11, 85.91, 1.95, 100.00, 1.88, 1.77, 1.67, 2.297, 3.018
2025/07/22 21:26:43, 396.65, 85.91, 1.95, 100.00, 1.80, 1.67, 1.57, 2.1964, 2.515
2025/07/22 21:31:43, 390.32, 85.91, 1.95, 100.00, 1.98, 1.85, 1.75, 2.3172, 3.018
2025/07/22 21:36:43, 392.96, 85.88, 2.11, 100.00, 2.03, 1.88, 1.72, 1.851, 2.515
2025/07/22 21:41:43, 385.92, 85.88, 1.95, 100.00, 1.75, 1.62, 1.54, 1.898, 2.515
2025/07/22 21:46:43, 389.97, 85.88, 2.99, 100.00, 2.99, 2.58, 2.30, 2.1025, 2.515
2025/07/22 21:51:43, 397.00, 85.88, 3.40, 100.00, 2.66, 2.32, 2.06, 1.7136, 2.012
2025/07/22 21:56:43, 392.16, 85.91, 1.93, 100.00, 1.64, 1.54, 1.46, 1.7974, 2.515
2025/07/22 22:01:43, 387.86, 85.88, 2.00, 100.00, 1.90, 1.75, 1.70, 2.0791, 2.515
2025/07/22 22:06:43, 387.42, 85.91, 2.27, 100.00, 2.19, 2.00, 1.88, 2.0019, 2.515
2025/07/22 22:11:43, 386.89, 85.91, 2.24, 100.00, 2.03, 1.90, 1.80, 1.9751, 2.515
2025/07/22 22:16:43, 387.77, 85.91, 2.06, 100.00, 2.08, 1.95, 1.85, 2.0992, 2.515
2025/07/22 22:21:43, 393.75, 85.91, 2.22, 100.00, 2.08, 1.95, 1.80, 1.8309, 2.515
2025/07/22 22:26:43, 388.30, 85.91, 2.06, 100.00, 1.88, 1.75, 1.59, 1.6331, 2.012
2025/07/22 22:31:43, 387.59, 85.91, 1.85, 100.00, 1.64, 1.51, 1.43, 1.5794, 2.012
2025/07/22 22:36:43, 387.42, 85.91, 2.16, 100.00, 2.06, 1.95, 1.80, 1.9818, 2.515
2025/07/22 22:41:43, 384.25, 85.91, 2.03, 100.00, 1.80, 1.67, 1.59, 1.6498, 2.012
2025/07/22 22:46:43, 389.70, 85.91, 1.83, 100.00, 1.57, 1.46, 1.38, 1.4788, 2.012
2025/07/22 22:51:43, 389.88, 85.88, 1.75, 100.00, 1.75, 1.62, 1.51, 1.5056, 2.012
2025/07/22 22:56:43, 371.86, 85.91, 2.08, 100.00, 1.98, 1.88, 1.77, 1.7337, 2.515
2025/07/22 23:01:43, 381.18, 85.88, 2.30, 100.00, 2.16, 2.03, 1.90, 1.9583, 2.515
2025/07/22 23:06:43, 378.63, 85.91, 2.19, 100.00, 2.06, 1.90, 1.77, 1.7236, 2.012
2025/07/22 23:11:43, 378.63, 85.91, 2.08, 100.00, 1.93, 1.77, 1.64, 1.4621, 2.012
2025/07/22 23:16:43, 378.71, 85.91, 2.06, 100.00, 1.90, 1.70, 1.54, 1.4118, 1.509
2025/07/22 23:21:43, 419.59, 85.91, 1.46, 100.00, 1.27, 1.17, 1.11, 1.5694, 2.012
2025/07/22 23:26:43, 396.82, 85.91, 1.64, 100.00, 1.70, 1.57, 1.49, 1.794, 2.515
2025/07/22 23:31:43, 390.85, 85.88, 1.77, 100.00, 1.54, 1.41, 1.33, 2.0288, 2.515
2025/07/22 23:36:43, 393.31, 85.88, 1.85, 100.00, 1.77, 1.64, 1.54, 1.908, 2.515
2025/07/22 23:41:43, 395.77, 85.91, 1.90, 100.00, 1.77, 1.64, 1.54, 2.0086, 2.515
2025/07/22 23:46:43, 392.60, 85.88, 2.40, 100.00, 2.24, 2.06, 1.88, 1.8678, 2.515
2025/07/22 23:51:43, 396.12, 85.88, 2.58, 100.00, 2.19, 2.00, 1.88, 1.851, 2.515
2025/07/22 23:56:43, 381.70, 85.91, 2.22, 100.00, 1.95, 1.77, 1.64, 1.7907, 2.515
2025/07/23 0:01:43, 387.24, 85.88, 2.27, 100.00, 2.11, 1.90, 1.75, 1.7404, 2.515
2025/07/23 0:06:43, 388.65, 85.88, 2.37, 100.00, 2.00, 1.83, 1.70, 1.6599, 2.515
2025/07/23 0:11:43, 390.14, 85.91, 1.98, 100.00, 1.67, 1.57, 1.46, 1.6096, 2.012
2025/07/23 0:16:43, 389.26, 85.91, 2.86, 100.00, 2.43, 2.08, 1.85, 1.8913, 2.515
2025/07/23 0:21:43, 387.33, 85.91, 1.98, 100.00, 1.72, 1.59, 1.49, 1.9483, 2.515
2025/07/23 0:26:43, 392.08, 85.91, 1.75, 100.00, 1.75, 1.64, 1.57, 1.9885, 2.515
2025/07/23 0:31:43, 383.20, 85.91, 1.90, 100.00, 1.83, 1.70, 1.62, 2.4043, 3.521
2025/07/23 0:36:43, 382.85, 85.95, 2.11, 100.00, 1.93, 1.77, 1.70, 2.4613, 3.521
2025/07/23 0:41:43, 380.30, 85.91, 2.43, 100.00, 2.48, 2.27, 2.11, 2.1227, 3.018
2025/07/23 0:46:43, 398.05, 85.91, 2.22, 100.00, 1.95, 1.90, 1.85, 1.955, 2.515
2025/07/23 0:51:43, 391.11, 85.91, 2.22, 100.00, 2.00, 1.85, 1.72, 1.9952, 3.018
2025/07/23 0:56:43, 379.86, 85.91, 2.00, 100.00, 1.90, 1.77, 1.70, 2.0288, 2.515
2025/07/23 1:01:43, 388.38, 85.88, 1.85, 100.00, 1.59, 1.49, 1.41, 1.9751, 3.018
2025/07/23 1:06:43, 379.33, 85.91, 1.83, 100.00, 1.70, 1.62, 1.51, 1.8879, 2.515
2025/07/23 1:11:43, 381.44, 85.91, 1.98, 100.00, 1.85, 1.75, 1.62, 1.7907, 2.012
2025/07/23 1:16:43, 381.44, 85.95, 1.95, 100.00, 1.85, 1.67, 1.57, 1.5694, 2.012
2025/07/23 1:21:43, 387.86, 85.91, 2.00, 100.00, 1.88, 1.75, 1.62, 1.9583, 2.515
2025/07/23 1:26:43, 383.37, 85.91, 1.85, 100.00, 1.72, 1.57, 1.46, 1.7001, 2.012
2025/07/23 1:31:43, 392.08, 85.91, 2.61, 100.00, 2.06, 1.80, 1.62, 1.9651, 2.515
2025/07/23 1:36:43, 387.68, 85.88, 2.06, 100.00, 1.85, 1.67, 1.54, 1.8175, 2.515
2025/07/23 1:41:43, 391.02, 85.88, 2.06, 100.00, 1.93, 1.77, 1.67, 1.9382, 2.515
2025/07/23 1:46:43, 391.02, 85.91, 2.06, 100.00, 1.80, 1.70, 1.62, 1.7672, 2.012
2025/07/23 1:51:43, 385.13, 85.91, 2.11, 100.00, 1.95, 1.75, 1.62, 1.8242, 2.515
2025/07/23 1:56:43, 386.36, 85.91, 1.98, 100.00, 1.70, 1.57, 1.46, 1.7706, 2.012
2025/07/23 2:01:43, 386.36, 85.88, 2.06, 100.00, 1.98, 1.75, 1.57, 1.7337, 2.012
2025/07/23 2:06:43, 385.48, 85.91, 2.48, 100.00, 2.24, 2.00, 1.80, 1.6599, 2.012
2025/07/23 2:11:43, 378.19, 85.88, 2.27, 100.00, 2.06, 1.85, 1.72, 1.6666, 2.012
2025/07/23 2:16:43, 372.91, 85.88, 2.16, 100.00, 1.95, 1.77, 1.64, 1.9818, 2.515
2025/07/23 2:21:43, 375.55, 85.88, 2.06, 100.00, 1.90, 1.70, 1.59, 1.7873, 2.012
2025/07/23 2:26:43, 378.27, 85.88, 2.22, 100.00, 2.11, 1.93, 1.72, 1.7068, 2.012
2025/07/23 2:31:43, 380.21, 85.88, 1.83, 100.00, 1.70, 1.54, 1.43, 1.8544, 2.515
2025/07/23 2:36:43, 380.74, 85.88, 1.85, 100.00, 1.70, 1.57, 1.49, 1.8242, 2.515
2025/07/23 2:41:43, 375.20, 85.88, 2.00, 100.00, 1.98, 1.80, 1.67, 1.6968, 2.515
2025/07/23 2:46:43, 378.63, 85.88, 2.11, 100.00, 1.95, 1.75, 1.67, 1.8209, 2.515
2025/07/23 2:51:43, 378.01, 85.88, 2.32, 100.00, 2.03, 1.85, 1.75, 1.3413, 2.012
2025/07/23 2:56:43, 377.57, 85.88, 1.80, 100.00, 1.59, 1.43, 1.27, 1.1737, 1.509
2025/07/23 3:01:43, 377.57, 85.88, 1.70, 100.00, 1.64, 1.41, 1.25, 1.1871, 2.012
2025/07/23 3:06:43, 390.14, 85.88, 2.53, 100.00, 2.81, 2.27, 1.83, 1.9181, 2.515
2025/07/23 3:11:43, 369.75, 85.88, 3.14, 100.00, 3.09, 2.71, 2.43, 1.006, 2.012
2025/07/23 3:16:43, 385.40, 85.88, 2.14, 100.00, 1.88, 1.64, 1.54, 1.0161, 2.012
2025/07/23 3:21:43, 377.22, 85.88, 2.03, 100.00, 1.75, 1.57, 1.46, 1.6431, 2.012
2025/07/23 3:26:43, 375.55, 85.88, 2.03, 100.00, 2.03, 1.80, 1.70, 1.8209, 2.515
2025/07/23 3:31:43, 384.34, 85.88, 2.50, 100.00, 2.27, 1.95, 1.75, 1.7102, 2.012
2025/07/23 3:36:43, 381.00, 85.85, 2.27, 100.00, 2.11, 1.83, 1.67, 1.8678, 2.515
2025/07/23 3:41:43, 397.62, 85.88, 2.08, 100.00, 1.95, 1.77, 1.67, 1.7639, 2.515
2025/07/23 3:46:43, 396.65, 85.82, 1.98, 100.00, 1.85, 1.72, 1.62, 1.5761, 2.515
2025/07/23 3:51:43, 396.65, 85.82, 3.22, 100.00, 3.50, 3.19, 2.96, 0.3923, 1.509
2025/07/23 3:56:43, 372.74, 85.82, 2.89, 100.00, 2.71, 2.37, 2.14, 0.7478, 1.509
2025/07/23 4:01:43, 373.44, 85.82, 2.76, 100.00, 2.56, 2.16, 1.90, 1.0295, 1.509
2025/07/23 4:06:43, 383.64, 85.82, 3.25, 100.00, 2.68, 2.06, 1.80, 1.3078, 1.509
2025/07/23 4:11:43, 401.66, 85.82, 3.32, 100.00, 3.93, 3.53, 3.32, 0.8014, 2.012
2025/07/23 4:16:43, 394.89, 85.85, 3.25, 100.00, 3.22, 2.71, 2.30, 0.9725, 2.012
2025/07/23 4:21:43, 376.52, 85.85, 3.55, 100.00, 3.09, 2.50, 2.19, 1.2374, 2.012
2025/07/23 4:26:43, 388.21, 85.85, 2.99, 100.00, 2.68, 2.37, 2.14, 1.1267, 2.012
2025/07/23 4:31:43, 385.66, 85.85, 2.94, 100.00, 2.81, 2.08, 1.70, 0.8719, 1.509
2025/07/23 4:36:43, 385.66, 85.85, 3.80, 100.00, 3.88, 3.40, 2.73, 0.0436, 0.503
2025/07/23 4:41:43, 388.12, 85.85, 3.90, 100.00, 3.80, 3.55, 3.30, 0.1442, 1.509
2025/07/23 4:46:43, 376.08, 85.85, 4.54, 100.00, 4.49, 4.21, 3.98, 0.0, 0.0
2025/07/23 4:51:43, 376.08, 85.85, 4.33, 100.00, 4.00, 3.60, 3.01, 0.0, 0.0
2025/07/23 4:56:43, 376.08, 85.85, 3.83, 100.00, 4.03, 3.37, 2.78, 0.0, 0.0
2025/07/23 5:01:43, 376.08, 85.85, 4.51, 100.00, 4.54, 3.65, 2.68, 0.0, 0.0
2025/07/23 5:06:43, 376.08, 85.85, 4.26, 100.00, 3.45, 3.27, 3.01, 0.0, 0.0
2025/07/23 5:11:43, 426.80, 85.82, 4.18, 100.00, 4.03, 3.68, 3.22, 0.389, 1.509
2025/07/23 5:16:43, 450.98, 85.82, 3.90, 100.00, 3.63, 3.14, 2.84, 1.1603, 1.509
2025/07/23 5:21:43, 442.98, 85.82, 4.08, 100.00, 4.10, 3.12, 2.45, 1.12, 2.012
2025/07/23 5:26:43, 442.98, 85.82, 4.26, 100.00, 3.45, 2.78, 2.16, 0.5332, 1.006
2025/07/23 5:31:43, 442.98, 85.82, 3.58, 100.00, 3.01, 2.63, 2.37, 0.3823, 1.509
2025/07/23 5:36:43, 442.98, 85.82, 4.78, 100.00, 4.93, 4.41, 3.19, 0.2314, 1.006
2025/07/23 5:41:43, 422.05, 85.82, 3.93, 100.00, 3.73, 3.50, 3.09, 0.2113, 1.006
2025/07/23 5:46:43, 421.97, 85.79, 3.70, 100.00, 2.96, 2.56, 2.19, 0.0268, 0.503
2025/07/23 5:51:43, 421.97, 85.79, 3.80, 100.00, 3.32, 3.12, 2.86, 0.0, 0.0
2025/07/23 5:56:43, 422.05, 85.79, 3.65, 100.00, 3.45, 3.14, 2.89, 0.7746, 1.509
2025/07/23 6:01:43, 422.05, 85.79, 3.95, 100.00, 3.17, 2.99, 2.81, 0.2347, 1.006
2025/07/23 6:06:43, 422.05, 85.82, 4.10, 100.00, 3.85, 3.30, 2.78, 0.0, 0.0
2025/07/23 6:11:43, 422.05, 85.82, 3.85, 100.00, 3.30, 2.86, 2.68, 0.0, 0.0
2025/07/23 6:16:43, 433.75, 85.82, 4.56, 100.00, 3.80, 3.37, 2.61, 0.5567, 1.509
2025/07/23 6:21:43, 433.13, 85.82, 5.10, 100.00, 4.64, 3.55, 2.06, 0.0, 0.0
2025/07/23 6:26:43, 409.84, 85.82, 4.46, 100.00, 4.26, 2.73, 2.30, 0.8484, 1.509
2025/07/23 6:31:43, 409.92, 85.85, 4.13, 100.00, 2.96, 2.53, 2.27, 0.8786, 1.509
2025/07/23 6:36:43, 367.46, 85.82, 3.35, 100.00, 2.03, 1.88, 1.90, 0.3689, 1.006
2025/07/23 6:41:43, 367.46, 85.85, 2.43, 100.00, 1.80, 1.64, 1.67, 0.721, 1.509
2025/07/23 6:46:43, 388.47, 85.85, 2.73, 100.00, 2.22, 1.93, 1.88, 1.3547, 2.012
2025/07/23 6:51:43, 381.00, 85.85, 3.60, 100.00, 2.43, 2.06, 2.00, 1.4688, 2.012
2025/07/23 6:56:43, 381.70, 85.85, 3.14, 100.00, 2.37, 2.16, 2.14, 1.2407, 1.509
2025/07/23 7:01:43, 389.62, 85.85, 3.17, 100.00, 2.78, 2.56, 2.53, 1.4654, 2.012
2025/07/23 7:06:43, 389.53, 85.88, 3.50, 100.00, 2.68, 2.40, 2.40, 1.2743, 1.509
2025/07/23 7:11:43, 389.53, 85.85, 4.18, 100.00, 3.25, 2.86, 2.76, 0.902, 1.509
2025/07/23 7:16:43, 420.03, 85.85, 4.18, 100.00, 3.09, 3.12, 3.12, 0.3387, 1.006
2025/07/23 7:21:43, 480.43, 85.88, 4.10, 100.00, 3.35, 3.19, 3.14, 1.6398, 2.515
2025/07/23 7:26:43, 485.26, 85.85, 3.48, 100.00, 2.50, 2.43, 2.35, 1.841, 2.515
2025/07/23 7:31:43, 480.34, 85.88, 3.70, 100.00, 2.73, 2.63, 2.58, 1.6867, 2.012
2025/07/23 7:36:43, 476.47, 85.70, 4.21, 100.00, 3.58, 3.45, 3.30, 1.6532, 2.012
2025/07/23 7:41:43, 477.26, 85.82, 5.00, 100.00, 3.88, 3.80, 3.75, 1.1133, 1.509
2025/07/23 7:46:43, 477.35, 85.82, 4.86, 100.00, 4.10, 4.00, 3.90, 0.5634, 1.006
2025/07/23 7:51:43, 477.35, 85.82, 4.44, 100.00, 3.63, 3.55, 3.50, 0.0, 0.0
2025/07/23 7:56:43, 536.78, 85.82, 4.21, 100.00, 3.60, 3.43, 3.30, 0.7344, 1.509
2025/07/23 8:01:43, 536.78, 85.82, 4.76, 100.00, 4.05, 3.90, 3.85, 0.5399, 1.006
2025/07/23 8:06:43, 536.78, 85.76, 5.31, 100.00, 4.10, 4.13, 4.41, 0.0, 0.0
2025/07/23 8:11:43, 536.78, 85.73, 5.26, 100.00, 4.39, 4.10, 3.95, 0.0671, 1.006
2025/07/23 8:16:43, 536.78, 85.76, 5.65, 100.00, 4.86, 4.69, 4.69, 0.3555, 1.006
2025/07/23 8:21:43, 471.37, 85.76, 5.80, 100.00, 4.41, 3.60, 3.32, 0.1543, 1.006
2025/07/23 8:26:43, 360.43, 85.79, 4.41, 100.00, 2.27, 2.22, 2.35, 0.4125, 1.509
2025/07/23 8:31:43, 360.52, 85.76, 4.83, 100.00, 3.50, 2.99, 2.78, 0.8115, 1.509
2025/07/23 8:36:43, 360.52, 85.76, 5.26, 100.00, 3.88, 3.19, 3.17, 0.8182, 1.509
2025/07/23 8:41:43, 397.35, 85.76, 5.60, 100.00, 4.49, 3.75, 3.50, 1.0395, 1.509
2025/07/23 8:46:43, 397.35, 85.76, 5.21, 100.00, 4.28, 3.70, 3.60, 1.0462, 1.509
2025/07/23 8:51:43, 397.35, 85.76, 5.58, 100.00, 4.08, 3.78, 3.90, 0.2549, 1.006
2025/07/23 8:56:43, 397.35, 85.76, 6.58, 100.00, 6.01, 5.33, 4.91, 0.0, 0.0
2025/07/23 9:01:43, 397.35, 85.76, 7.01, 100.00, 5.92, 4.69, 3.98, 0.0, 0.0
2025/07/23 9:06:43, 397.44, 85.76, 6.80, 100.00, 4.81, 3.85, 3.75, 0.4192, 1.509
2025/07/23 9:11:43, 397.44, 85.79, 6.31, 100.00, 4.71, 3.88, 3.70, 1.0496, 1.509
2025/07/23 9:16:43, 397.35, 85.60, 7.35, 100.00, 6.14, 5.41, 5.13, 1.1569, 1.509
2025/07/23 9:21:43, 397.44, 85.73, 7.69, 100.00, 5.53, 5.51, 5.80, 0.6606, 1.006
2025/07/23 9:26:43, 397.35, 85.73, 7.79, 100.00, 6.34, 6.21, 6.19, 0.0034, 0.503
2025/07/23 9:31:43, 397.35, 85.70, 7.95, 100.00, 5.60, 5.18, 4.91, 0.0, 0.0
2025/07/23 9:36:43, 397.35, 85.70, 7.11, 100.00, 5.33, 4.86, 4.81, 0.5567, 1.509
2025/07/23 9:41:43, 397.35, 85.70, 7.09, 100.00, 5.89, 5.73, 5.60, 1.1468, 2.012
2025/07/23 9:46:43, 397.35, 85.76, 7.57, 100.00, 5.94, 5.00, 4.81, 0.9993, 1.509
2025/07/23 9:51:43, 397.44, 85.76, 7.38, 100.00, 5.18, 5.05, 5.31, 0.0939, 1.006
2025/07/23 9:56:43, 397.44, 85.76, 6.73, 100.00, 4.91, 4.26, 4.23, 0.0, 0.0
2025/07/23 10:01:43, 397.44, 85.66, 7.11, 100.00, 5.26, 5.13, 5.21, 0.0, 0.0
2025/07/23 10:06:43, 397.44, 85.70, 7.86, 100.00, 5.41, 5.26, 5.21, 0.0, 0.0
2025/07/23 10:11:43, 397.44, 85.73, 7.50, 100.00, 5.41, 5.36, 5.41, 0.0, 0.0
2025/07/23 10:16:43, 533.79, 85.76, 6.77, 100.00, 4.44, 4.33, 4.51, 0.0838, 1.006
2025/07/23 10:21:43, 568.16, 85.70, 6.51, 100.00, 5.33, 5.21, 5.41, 0.1475, 1.006
2025/07/23 10:26:43, 543.29, 85.76, 5.82, 100.00, 4.78, 4.64, 4.64, 0.4426, 1.509
2025/07/23 10:31:43, 549.18, 85.85, 6.46, 100.00, 5.46, 5.31, 5.53, 0.0905, 1.006
2025/07/23 10:36:43, 553.40, 85.91, 5.41, 100.00, 4.39, 4.23, 4.31, 0.9289, 2.012
2025/07/23 10:41:43, 561.48, 85.98, 6.04, 100.00, 4.66, 4.56, 4.66, 0.5499, 2.515
2025/07/23 10:46:43, 555.86, 85.98, 5.53, 100.00, 4.51, 4.41, 4.54, 1.2307, 2.515
2025/07/23 10:51:43, 555.86, 86.04, 7.06, 100.00, 5.70, 5.87, 6.39, 0.0201, 0.503
2025/07/23 10:56:43, 555.86, 86.10, 7.48, 100.00, 5.73, 5.89, 6.48, 0.0, 0.0
2025/07/23 11:01:43, 555.86, 85.85, 7.45, 100.00, 5.18, 5.10, 5.31, 0.0, 0.0
2025/07/23 11:06:43, 555.86, 85.01, 9.28, 100.00, 8.04, 8.17, 8.90, 0.0, 0.0
2025/07/23 11:11:43, 555.86, 83.98, 12.39, 94.05, 8.67, 8.90, 9.61, 0.0, 0.0
2025/07/23 11:16:43, 555.86, 85.63, 15.86, 62.79, 11.10, 10.84, 11.61, 0.0, 0.0
2025/07/23 11:21:43, 555.86, 85.85, 17.48, 53.83, 11.00, 10.80, 10.12, 0.0, 0.0
2025/07/23 11:26:43, 555.86, 85.76, 15.37, 51.11, 7.60, 7.83, 8.07, 0.0, 0.0
2025/07/23 11:31:43, 545.48, 85.73, 13.65, 57.10, 8.31, 8.41, 9.26, 0.0, 0.0
2025/07/23 11:36:43, 545.48, 85.73, 13.65, 55.68, 7.16, 7.88, 8.45, 0.0, 0.0
2025/07/23 11:41:43, 545.57, 85.76, 13.60, 53.99, 8.60, 9.80, 9.57, 0.0, 0.0
2025/07/23 11:46:43, 545.48, 85.82, 13.63, 55.00, 7.81, 8.64, 9.16, 0.0, 0.0
2025/07/23 11:51:43, 545.57, 85.85, 13.31, 54.97, 10.36, 12.53, 10.96, 0.0, 0.0
2025/07/23 11:56:43, 571.33, 85.85, 12.80, 56.74, 8.92, 9.73, 8.85, 0.0604, 1.006
2025/07/23 12:01:43, 590.85, 85.82, 11.00, 63.94, 8.24, 8.57, 7.93, 0.5868, 1.509
2025/07/23 12:06:43, 591.02, 85.79, 11.19, 63.37, 8.81, 8.92, 8.43, 0.104, 1.509
2025/07/23 12:11:43, 580.91, 85.82, 11.19, 60.61, 7.83, 8.29, 8.09, 0.0469, 1.006
2025/07/23 12:16:43, 580.91, 85.79, 14.01, 53.47, 9.19, 10.10, 9.77, 0.0, 0.0
2025/07/23 12:21:43, 580.91, 85.79, 14.03, 54.45, 9.73, 10.98, 11.07, 0.0, 0.0
2025/07/23 12:26:43, 580.91, 85.76, 15.00, 51.93, 10.84, 12.04, 12.42, 0.0, 0.0
2025/07/23 12:31:43, 581.00, 85.82, 18.33, 41.67, 12.32, 11.66, 10.96, 0.0, 0.0
2025/07/23 12:36:43, 580.91, 85.79, 16.90, 45.13, 10.15, 10.43, 11.10, 0.0, 0.0
2025/07/23 12:41:43, 420.30, 85.85, 12.69, 52.88, 7.48, 7.35, 8.04, 0.0, 0.0
2025/07/23 12:46:43, 420.30, 85.82, 12.67, 57.62, 9.80, 9.59, 9.19, 0.0, 0.0
2025/07/23 12:51:43, 420.30, 85.85, 13.24, 53.31, 7.93, 6.56, 6.16, 0.0, 0.0
2025/07/23 12:56:43, 420.30, 85.82, 12.92, 55.00, 7.83, 7.57, 7.69, 0.0, 0.0
2025/07/23 13:01:43, 420.21, 85.82, 13.03, 54.94, 9.54, 8.60, 8.71, 0.0, 0.0
2025/07/23 13:06:43, 417.48, 85.85, 13.14, 54.54, 9.68, 8.29, 7.69, 0.0, 0.0
2025/07/23 13:11:43, 417.48, 85.85, 11.19, 58.90, 7.79, 7.38, 7.64, 0.0, 0.0
2025/07/23 13:16:43, 417.48, 85.85, 10.68, 61.96, 7.67, 6.34, 6.53, 0.0, 0.0
2025/07/23 13:21:43, 417.48, 85.76, 9.73, 75.66, 6.09, 4.83, 4.78, 0.0, 0.0
2025/07/23 13:26:43, 396.91, 85.73, 6.65, 96.62, 4.10, 3.75, 3.98, 1.0764, 1.509
2025/07/23 13:31:43, 386.71, 85.70, 6.48, 100.00, 4.16, 3.90, 4.00, 1.3648, 1.509
2025/07/23 13:36:43, 368.60, 85.70, 6.09, 100.00, 4.16, 4.03, 4.23, 1.4486, 2.012
2025/07/23 13:41:43, 372.03, 85.76, 6.44, 100.00, 4.95, 4.78, 5.00, 1.4185, 2.012
2025/07/23 13:46:43, 374.85, 85.76, 5.97, 100.00, 4.10, 3.90, 4.23, 1.2609, 2.012
2025/07/23 13:51:43, 372.38, 85.76, 5.43, 100.00, 3.70, 3.60, 3.75, 1.4252, 2.515
2025/07/23 13:56:43, 372.38, 85.76, 5.87, 100.00, 4.41, 4.18, 4.33, 1.2508, 1.509
2025/07/23 14:01:43, 373.35, 85.79, 5.85, 100.00, 4.36, 4.16, 4.26, 1.4855, 2.012
2025/07/23 14:06:43, 373.35, 85.82, 5.68, 100.00, 4.39, 4.00, 4.26, 1.3983, 2.012
2025/07/23 14:11:43, 378.54, 85.82, 6.24, 100.00, 5.00, 4.76, 4.71, 1.3279, 1.509
2025/07/23 14:16:43, 392.96, 85.82, 5.65, 100.00, 4.39, 4.08, 4.13, 1.3648, 2.012
2025/07/23 14:21:43, 393.48, 85.79, 5.60, 100.00, 4.26, 3.98, 4.10, 1.3279, 2.012
2025/07/23 14:26:43, 393.40, 85.85, 5.68, 100.00, 4.16, 3.80, 3.80, 1.2374, 1.509
2025/07/23 14:31:43, 393.40, 85.79, 5.85, 100.00, 4.76, 4.41, 4.39, 1.4654, 2.012
2025/07/23 14:36:43, 401.40, 85.79, 6.34, 100.00, 5.03, 4.78, 4.91, 1.6096, 2.012
2025/07/23 14:41:43, 402.27, 85.82, 6.94, 100.00, 5.51, 5.26, 5.28, 1.2206, 1.509
2025/07/23 14:46:43, 402.36, 85.76, 7.09, 100.00, 5.82, 5.58, 5.77, 0.9993, 1.509
2025/07/23 14:51:43, 402.27, 85.79, 6.89, 100.00, 4.86, 4.21, 4.16, 0.3689, 1.006
2025/07/23 14:56:43, 402.27, 85.79, 7.11, 100.00, 5.46, 4.56, 5.26, 0.0, 0.0
2025/07/23 15:01:43, 325.26, 85.82, 5.48, 100.00, 3.68, 3.65, 3.90, 0.114, 1.006
2025/07/23 15:06:43, 332.91, 85.79, 4.64, 100.00, 3.55, 3.45, 4.10, 0.5935, 1.006
2025/07/23 15:11:43, 370.54, 85.79, 4.49, 100.00, 4.10, 3.78, 4.31, 1.0261, 1.509
2025/07/23 15:16:43, 408.34, 85.76, 4.76, 100.00, 3.58, 3.45, 3.75, 1.224, 1.509
2025/07/23 15:21:43, 408.25, 85.76, 5.85, 100.00, 4.41, 4.10, 4.23, 1.2407, 1.509
2025/07/23 15:26:43, 414.93, 85.79, 5.41, 100.00, 4.36, 4.23, 4.33, 1.2575, 1.509
2025/07/23 15:31:43, 414.23, 85.79, 5.68, 100.00, 4.56, 4.16, 4.16, 1.3078, 2.012
2025/07/23 15:36:43, 400.52, 85.76, 6.63, 100.00, 4.95, 4.05, 4.10, 0.5667, 1.006
2025/07/23 15:41:43, 397.53, 85.76, 5.99, 100.00, 4.41, 3.88, 3.83, 0.057, 1.006
2025/07/23 15:46:43, 397.53, 85.76, 6.29, 100.00, 5.03, 4.05, 3.95, 0.0, 0.0
2025/07/23 15:51:43, 397.53, 85.76, 6.39, 100.00, 5.10, 4.13, 4.16, 0.0, 0.0
2025/07/23 15:56:43, 397.53, 85.76, 6.53, 100.00, 5.10, 4.16, 3.75, 0.0, 0.0
2025/07/23 16:01:43, 397.53, 85.66, 6.34, 100.00, 5.03, 4.18, 3.90, 0.0, 0.0
2025/07/23 16:06:43, 397.53, 85.63, 6.65, 100.00, 5.00, 4.26, 4.31, 0.0, 0.0
2025/07/23 16:11:43, 397.53, 85.54, 7.09, 100.00, 5.26, 4.39, 4.21, 0.0, 0.0
2025/07/23 16:16:43, 397.53, 85.57, 6.61, 100.00, 4.69, 3.70, 3.80, 0.0, 0.0
2025/07/23 16:21:43, 397.53, 85.54, 5.70, 100.00, 3.68, 3.14, 3.35, 0.0, 0.0
2025/07/23 16:26:43, 392.16, 85.51, 4.86, 100.00, 3.40, 3.04, 3.19, 0.3856, 1.509
2025/07/23 16:31:43, 392.16, 85.54, 4.76, 100.00, 3.75, 3.60, 3.70, 0.8182, 1.509
2025/07/23 16:36:43, 392.16, 85.54, 5.89, 100.00, 4.91, 4.26, 3.65, 0.1174, 1.006
2025/07/23 16:41:43, 392.16, 85.45, 6.65, 100.00, 5.60, 4.81, 4.21, 0.0, 0.0
2025/07/23 16:46:43, 392.16, 85.51, 6.41, 100.00, 5.21, 4.31, 4.03, 0.0, 0.0
2025/07/23 16:51:43, 392.16, 85.57, 6.21, 100.00, 4.73, 4.33, 3.95, 0.0, 0.0
2025/07/23 16:56:43, 392.16, 85.57, 5.43, 100.00, 3.45, 2.84, 2.94, 0.3655, 1.509
2025/07/23 17:01:43, 392.16, 85.54, 6.41, 100.00, 5.26, 4.49, 3.70, 0.2917, 1.006
2025/07/23 17:06:43, 392.16, 85.51, 6.61, 100.00, 5.13, 4.49, 3.68, 0.0, 0.0
2025/07/23 17:11:43, 392.16, 85.57, 7.50, 100.00, 5.55, 4.23, 3.65, 0.0, 0.0
2025/07/23 17:16:43, 392.16, 85.60, 6.21, 100.00, 4.98, 4.46, 3.85, 0.0, 0.0
2025/07/23 17:21:43, 348.91, 85.63, 6.61, 100.00, 4.98, 4.56, 4.31, 0.0101, 0.503
2025/07/23 17:26:43, 348.91, 85.63, 6.53, 100.00, 5.03, 4.54, 4.26, 0.0, 0.0
2025/07/23 17:31:43, 348.91, 85.66, 6.68, 100.00, 4.71, 4.28, 4.00, 0.0, 0.0
2025/07/23 17:36:43, 349.35, 85.63, 5.26, 100.00, 3.83, 3.43, 3.19, 0.0, 0.0
2025/07/23 17:41:43, 349.35, 85.63, 5.55, 100.00, 3.75, 2.94, 2.68, 0.0, 0.0
2025/07/23 17:46:43, 349.35, 85.70, 5.13, 100.00, 3.90, 3.19, 2.45, 0.0, 0.0
2025/07/23 17:51:43, 349.35, 85.66, 4.83, 100.00, 3.60, 2.89, 2.43, 0.0, 0.0
2025/07/23 17:56:43, 349.35, 85.70, 5.38, 100.00, 4.49, 4.46, 4.36, 0.0, 0.0
2025/07/23 18:01:43, 598.32, 85.70, 5.13, 100.00, 4.00, 4.03, 3.93, 0.0537, 1.006
2025/07/23 18:06:43, 615.37, 85.73, 4.64, 100.00, 3.88, 3.78, 3.45, 0.2213, 1.509
2025/07/23 18:11:43, 616.60, 85.70, 4.54, 100.00, 3.88, 3.78, 3.60, 0.778, 1.509
2025/07/23 18:16:43, 593.57, 85.63, 4.21, 100.00, 3.65, 3.53, 3.40, 1.0328, 2.012
2025/07/23 18:21:43, 580.56, 85.63, 3.80, 100.00, 3.27, 3.06, 2.94, 1.4755, 2.012
2025/07/23 18:26:43, 585.13, 85.63, 3.68, 100.00, 3.22, 2.99, 2.91, 1.7806, 2.515
2025/07/23 18:31:43, 583.02, 85.63, 3.70, 100.00, 3.30, 3.09, 2.99, 1.7035, 2.515
2025/07/23 18:36:43, 586.19, 85.60, 3.70, 100.00, 3.40, 3.22, 3.09, 1.7571, 2.012
2025/07/23 18:41:43, 590.41, 85.63, 3.90, 100.00, 3.43, 3.22, 3.17, 1.8343, 2.515
2025/07/23 18:46:43, 584.08, 85.63, 3.70, 100.00, 3.30, 3.12, 3.06, 1.2609, 2.012
2025/07/23 18:51:43, 584.08, 85.63, 3.93, 100.00, 3.19, 2.99, 2.99, 0.0905, 1.006
2025/07/23 18:56:43, 468.91, 85.63, 4.49, 100.00, 3.85, 3.50, 3.43, 0.0, 0.0
2025/07/23 19:01:43, 396.65, 85.63, 4.00, 100.00, 3.06, 2.50, 2.37, 0.9389, 1.509
2025/07/23 19:06:43, 388.82, 85.66, 3.32, 100.00, 2.32, 2.08, 2.03, 1.1167, 1.509
2025/07/23 19:11:43, 429.88, 85.63, 3.30, 100.00, 2.68, 2.08, 1.90, 1.1267, 1.509
2025/07/23 19:16:43, 429.70, 85.66, 3.45, 100.00, 2.63, 2.11, 1.98, 1.2072, 1.509
2025/07/23 19:21:43, 429.70, 85.66, 3.83, 100.00, 3.32, 2.89, 2.50, 0.3253, 1.509
2025/07/23 19:26:43, 414.05, 85.66, 3.80, 100.00, 2.91, 2.61, 2.48, 0.446, 1.509
2025/07/23 19:31:43, 409.84, 85.66, 3.78, 100.00, 3.50, 3.30, 3.17, 0.5231, 1.006
2025/07/23 19:36:43, 409.84, 85.66, 3.93, 100.00, 3.25, 3.04, 2.78, 0.0, 0.0
2025/07/23 19:41:43, 411.33, 85.63, 3.37, 100.00, 2.66, 2.35, 2.19, 0.0, 0.0
2025/07/23 19:46:43, 450.80, 85.66, 2.96, 100.00, 2.48, 2.19, 1.90, 0.0, 0.0
2025/07/23 19:51:43, 452.91, 85.63, 3.30, 100.00, 2.84, 2.48, 2.19, 0.0, 0.0
2025/07/23 19:56:43, 452.82, 85.66, 3.04, 100.00, 2.19, 2.06, 1.95, 0.0, 0.0
2025/07/23 20:01:43, 437.70, 85.70, 2.66, 100.00, 2.11, 1.85, 1.70, 0.4996, 1.509
2025/07/23 20:06:43, 417.66, 85.70, 2.50, 100.00, 1.90, 1.64, 1.49, 1.2776, 1.509
2025/07/23 20:11:43, 401.13, 85.70, 2.78, 100.00, 2.40, 2.06, 1.90, 0.9088, 1.509
2025/07/23 20:16:43, 416.25, 85.66, 2.58, 100.00, 2.14, 1.83, 1.70, 0.8249, 1.509
2025/07/23 20:21:43, 416.34, 85.66, 3.43, 100.00, 3.35, 2.71, 1.90, 0.2113, 1.006
2025/07/23 20:26:43, 416.34, 85.70, 3.60, 100.00, 2.99, 2.35, 1.70, 0.0, 0.0
2025/07/23 20:31:43, 325.09, 85.73, 3.45, 100.00, 3.19, 3.01, 2.81, 0.0, 0.0
2025/07/23 20:36:43, 653.53, 85.63, 3.32, 100.00, 2.89, 2.61, 2.27, 0.6405, 1.509
2025/07/23 20:41:43, 653.53, 85.70, 2.99, 100.00, 2.63, 2.43, 2.22, 0.6472, 1.509
2025/07/23 20:46:43, 599.73, 85.66, 3.17, 100.00, 3.19, 3.04, 2.89, 0.4929, 2.012
2025/07/23 20:51:43, 604.91, 85.66, 3.17, 100.00, 3.06, 2.91, 2.76, 0.949, 1.509
2025/07/23 20:56:43, 579.77, 85.70, 3.19, 100.00, 2.66, 2.58, 2.50, 0.3387, 1.006
2025/07/23 21:01:43, 437.35, 85.73, 2.53, 100.00, 1.98, 1.85, 1.77, 0.9356, 1.509
2025/07/23 21:06:43, 440.87, 85.70, 2.27, 100.00, 2.14, 1.95, 1.83, 1.0999, 1.509
2025/07/23 21:11:43, 444.82, 85.70, 2.63, 100.00, 2.37, 2.08, 1.93, 1.0731, 1.509
2025/07/23 21:16:43, 444.82, 85.73, 2.53, 100.00, 2.32, 2.16, 1.85, 0.3957, 1.006
2025/07/23 21:21:43, 444.82, 85.73, 2.16, 100.00, 1.95, 1.72, 1.46, 0.0, 0.0
2025/07/23 21:26:43, 443.68, 85.73, 2.19, 100.00, 2.45, 2.32, 2.11, 0.0, 0.0
2025/07/23 21:31:43, 443.68, 85.73, 2.53, 100.00, 2.56, 2.48, 2.32, 0.0, 0.0
2025/07/23 21:36:43, 443.68, 85.73, 2.84, 100.00, 2.89, 2.78, 2.61, 0.0, 0.0
2025/07/23 21:41:43, 443.59, 85.70, 2.73, 100.00, 2.58, 2.08, 1.77, 0.2314, 1.006
2025/07/23 21:46:43, 443.59, 85.70, 2.58, 100.00, 2.22, 1.80, 1.62, 1.0764, 1.509
2025/07/23 21:51:43, 443.51, 85.76, 2.53, 100.00, 1.93, 1.41, 1.22, 0.5969, 1.006
2025/07/23 21:56:43, 443.51, 85.76, 2.61, 100.00, 2.53, 2.19, 1.57, 0.0, 0.0
2025/07/23 22:01:43, 443.51, 85.91, 2.37, 100.00, 2.00, 1.77, 1.57, 0.6841, 1.509
2025/07/23 22:06:43, 504.34, 85.88, 2.48, 100.00, 2.48, 1.88, 1.54, 1.006, 1.509
2025/07/23 22:11:43, 528.60, 85.88, 3.30, 100.00, 3.09, 2.73, 2.37, 1.0898, 1.509
2025/07/23 22:16:43, 535.11, 85.88, 3.12, 100.00, 2.99, 2.63, 2.30, 1.0261, 1.509
2025/07/23 22:21:43, 540.38, 85.88, 2.96, 100.00, 2.56, 2.19, 1.88, 1.0563, 1.509
2025/07/23 22:26:43, 540.91, 85.85, 2.99, 100.00, 2.76, 2.43, 2.11, 1.2977, 1.509
2025/07/23 22:31:43, 543.64, 85.88, 2.68, 100.00, 2.37, 2.22, 2.06, 0.6371, 1.509
2025/07/23 22:36:43, 543.64, 85.88, 2.37, 100.00, 1.98, 1.85, 1.70, 0.0369, 0.503
2025/07/23 22:41:43, 678.32, 85.88, 2.53, 100.00, 2.61, 2.48, 2.27, 0.0704, 1.006
2025/07/23 22:46:43, 678.23, 85.88, 2.30, 100.00, 2.19, 1.95, 1.64, 0.0, 0.0
2025/07/23 22:51:43, 685.00, 85.85, 2.27, 100.00, 2.30, 1.77, 1.41, 0.0, 0.0
2025/07/23 22:56:43, 685.00, 85.88, 2.30, 100.00, 2.08, 1.64, 1.38, 0.0, 0.0
2025/07/23 23:01:43, 685.00, 85.85, 2.43, 100.00, 2.32, 2.08, 1.85, 0.0, 0.0
2025/07/23 23:06:43, 685.00, 85.85, 2.63, 100.00, 2.63, 2.43, 2.22, 0.0, 0.0
2025/07/23 23:11:43, 685.00, 85.85, 2.81, 100.00, 2.94, 2.84, 2.71, 0.0, 0.0
2025/07/23 23:16:43, 682.10, 85.85, 2.68, 100.00, 2.58, 2.37, 2.16, 0.0, 0.0
2025/07/23 23:21:43, 682.10, 85.85, 2.68, 100.00, 2.58, 2.43, 2.22, 0.0, 0.0
2025/07/23 23:26:43, 682.89, 85.85, 2.48, 100.00, 2.40, 2.22, 1.90, 0.0, 0.0
2025/07/23 23:31:43, 682.89, 85.85, 2.37, 100.00, 2.37, 2.16, 1.95, 0.0, 0.0
2025/07/23 23:36:43, 682.89, 85.82, 2.43, 100.00, 2.43, 2.08, 1.80, 0.0, 0.0
2025/07/23 23:41:43, 682.89, 85.85, 2.61, 100.00, 2.76, 2.35, 1.85, 0.0, 0.0
2025/07/23 23:46:43, 682.89, 85.85, 2.73, 100.00, 2.58, 2.37, 1.90, 0.0, 0.0
2025/07/23 23:51:43, 340.91, 85.85, 2.48, 100.00, 2.11, 1.85, 1.57, 0.0, 0.0
2025/07/23 23:56:43, 340.91, 85.85, 2.06, 100.00, 1.93, 1.64, 1.38, 0.0, 0.0
2025/07/24 0:01:43, 340.82, 85.82, 2.08, 100.00, 2.16, 1.90, 1.54, 0.0, 0.0
2025/07/24 0:06:43, 340.91, 85.85, 2.16, 100.00, 1.95, 1.62, 1.33, 0.0, 0.0
2025/07/24 0:11:43, 336.78, 85.85, 2.40, 100.00, 2.53, 2.37, 2.22, 0.0, 0.0
2025/07/24 0:16:43, 329.22, 85.88, 2.68, 100.00, 2.81, 2.73, 2.61, 0.0, 0.0
2025/07/24 0:21:43, 657.31, 85.85, 2.89, 100.00, 2.96, 2.86, 2.71, 0.0, 0.0
2025/07/24 0:26:43, 621.44, 85.85, 2.89, 100.00, 2.71, 2.53, 2.32, 1.006, 1.509
2025/07/24 0:31:43, 594.80, 85.85, 2.68, 100.00, 2.61, 2.48, 2.32, 1.2038, 2.012
2025/07/24 0:36:43, 591.02, 85.82, 2.94, 100.00, 2.89, 2.58, 2.27, 1.3983, 2.012
2025/07/24 0:41:43, 576.16, 85.82, 2.48, 100.00, 2.22, 2.00, 1.80, 1.4185, 2.012
2025/07/24 0:46:43, 576.16, 85.82, 2.50, 100.00, 2.45, 2.30, 2.11, 1.1267, 1.509
2025/07/24 0:51:43, 571.95, 85.76, 2.22, 100.00, 2.16, 1.98, 1.85, 1.2139, 2.012
2025/07/24 0:56:43, 553.57, 85.76, 2.30, 100.00, 2.06, 1.95, 1.85, 1.3078, 2.012
2025/07/24 1:01:43, 547.59, 85.76, 2.37, 100.00, 2.30, 2.08, 1.85, 1.3715, 2.012
2025/07/24 1:06:43, 546.10, 85.76, 2.27, 100.00, 2.16, 2.00, 1.88, 1.5828, 2.515
2025/07/24 1:11:43, 555.42, 85.76, 2.32, 100.00, 2.22, 2.00, 1.85, 1.6565, 2.515
2025/07/24 1:16:43, 585.04, 85.76, 2.32, 100.00, 2.27, 2.16, 2.00, 1.3112, 2.012
2025/07/24 1:21:43, 591.02, 85.76, 2.22, 100.00, 1.95, 1.75, 1.62, 1.2106, 2.515
2025/07/24 1:26:43, 606.93, 85.73, 2.68, 100.00, 2.73, 2.68, 2.58, 1.0496, 3.018
2025/07/24 1:31:43, 621.70, 85.73, 2.37, 100.00, 2.06, 1.98, 1.95, 0.8886, 2.012
2025/07/24 1:36:43, 622.67, 85.76, 2.11, 100.00, 1.98, 1.95, 1.93, 0.0, 0.0
2025/07/24 1:41:43, 638.23, 85.76, 2.22, 100.00, 2.24, 2.16, 2.14, 0.0, 0.0
2025/07/24 1:46:43, 639.11, 85.76, 2.22, 100.00, 2.27, 2.24, 2.27, 0.0, 0.0
2025/07/24 1:51:43, 639.11, 85.76, 2.08, 100.00, 1.95, 1.88, 1.90, 0.0, 0.0
2025/07/24 1:56:43, 639.20, 85.76, 1.95, 100.00, 1.95, 1.93, 1.90, 0.0201, 0.503
2025/07/24 2:01:43, 602.98, 85.76, 2.32, 100.00, 2.30, 2.16, 2.06, 0.8484, 2.012
2025/07/24 2:06:43, 605.26, 85.73, 2.00, 100.00, 1.75, 1.67, 1.59, 0.9758, 1.509
2025/07/24 2:11:43, 600.78, 85.73, 2.22, 100.00, 2.19, 2.00, 1.80, 0.6438, 1.509
2025/07/24 2:16:43, 586.01, 85.76, 2.45, 100.00, 2.37, 2.19, 2.03, 1.167, 1.509
2025/07/24 2:21:43, 568.34, 85.73, 2.53, 100.00, 2.30, 2.14, 1.95, 1.4654, 2.012
2025/07/24 2:26:43, 570.01, 85.73, 2.58, 100.00, 2.37, 2.19, 2.00, 1.3749, 2.012
2025/07/24 2:31:43, 582.41, 85.76, 2.76, 100.00, 2.63, 2.48, 2.24, 1.4319, 2.012
2025/07/24 2:36:43, 582.49, 85.76, 2.66, 100.00, 2.58, 2.35, 2.16, 1.1737, 2.012
2025/07/24 2:41:43, 680.78, 85.76, 2.40, 100.00, 2.06, 1.85, 1.67, 0.607, 1.006
2025/07/24 2:46:43, 378.36, 85.76, 2.50, 100.00, 2.78, 2.68, 2.66, 0.8149, 1.509
2025/07/24 2:51:43, 360.34, 85.76, 2.86, 100.00, 3.19, 3.12, 2.99, 0.0067, 0.503
2025/07/24 2:56:43, 327.81, 85.76, 2.89, 100.00, 2.89, 2.81, 2.68, 0.0, 0.0
2025/07/24 3:01:43, 325.09, 85.73, 3.01, 100.00, 3.19, 3.12, 3.01, 0.0, 0.0
2025/07/24 3:06:43, 683.24, 85.76, 2.78, 100.00, 2.61, 2.58, 2.53, 0.0, 0.0
2025/07/24 3:11:43, 590.58, 85.76, 2.94, 100.00, 2.84, 2.73, 2.63, 0.7646, 1.509
2025/07/24 3:16:43, 614.32, 85.76, 2.66, 100.00, 2.56, 2.37, 2.22, 0.5332, 1.509
2025/07/24 3:21:43, 617.40, 85.76, 2.45, 100.00, 2.63, 2.37, 2.11, 0.2683, 1.006
2025/07/24 3:26:43, 609.22, 85.76, 3.04, 100.00, 2.89, 2.68, 2.48, 0.949, 1.509
2025/07/24 3:31:43, 614.93, 85.73, 2.73, 100.00, 2.61, 2.43, 2.27, 0.8585, 1.509
2025/07/24 3:36:43, 613.53, 85.76, 2.84, 100.00, 2.68, 2.53, 2.37, 0.9926, 1.509
2025/07/24 3:41:43, 607.29, 85.76, 3.14, 100.00, 3.09, 2.86, 2.61, 1.1904, 1.509
2025/07/24 3:46:43, 591.64, 85.76, 2.94, 100.00, 2.84, 2.68, 2.48, 1.0529, 1.509
2025/07/24 3:51:43, 591.20, 85.73, 3.06, 100.00, 2.68, 2.48, 2.19, 1.4855, 2.012
2025/07/24 3:56:43, 595.95, 85.76, 2.48, 100.00, 2.35, 2.16, 2.03, 1.2407, 2.012
2025/07/24 4:01:43, 601.31, 85.76, 2.48, 100.00, 2.50, 2.30, 2.11, 1.509, 2.012
2025/07/24 4:06:43, 607.29, 85.73, 2.68, 100.00, 2.63, 2.48, 2.30, 1.7068, 2.515
2025/07/24 4:11:43, 605.35, 85.76, 2.50, 100.00, 2.27, 2.14, 1.98, 1.4453, 2.012
2025/07/24 4:16:43, 604.82, 85.76, 2.48, 100.00, 2.30, 2.16, 2.03, 1.2676, 2.012
2025/07/24 4:21:43, 611.07, 85.76, 2.61, 100.00, 2.58, 2.43, 2.27, 1.0697, 1.509
2025/07/24 4:26:43, 611.42, 85.76, 2.78, 100.00, 2.73, 2.53, 2.27, 0.9691, 1.509
2025/07/24 4:31:43, 611.42, 85.76, 2.89, 100.00, 2.73, 2.45, 2.16, 0.9758, 1.509
2025/07/24 4:36:43, 603.33, 85.76, 2.96, 100.00, 2.89, 2.66, 2.40, 1.2776, 2.012
2025/07/24 4:41:43, 592.34, 85.73, 2.99, 100.00, 2.84, 2.58, 2.35, 1.5727, 2.012
2025/07/24 4:46:43, 629.26, 85.76, 2.56, 100.00, 2.35, 2.22, 2.14, 0.7042, 1.509
2025/07/24 4:51:43, 627.33, 85.76, 2.58, 100.00, 2.40, 2.35, 2.19, 0.7579, 1.509
2025/07/24 4:56:43, 613.09, 85.76, 2.89, 100.00, 2.78, 2.53, 2.27, 0.949, 1.509
2025/07/24 5:01:43, 602.71, 85.76, 2.89, 100.00, 2.99, 2.84, 2.58, 1.1234, 1.509
2025/07/24 5:06:43, 589.00, 85.76, 2.99, 100.00, 2.73, 2.48, 2.27, 1.4486, 2.012
2025/07/24 5:11:43, 598.05, 85.73, 2.81, 100.00, 2.58, 2.43, 2.30, 1.7907, 2.012
2025/07/24 5:16:43, 608.96, 85.70, 2.61, 100.00, 2.48, 2.30, 2.16, 1.7806, 2.515
2025/07/24 5:21:43, 612.12, 85.76, 2.27, 100.00, 2.11, 1.98, 1.88, 1.6498, 2.012
2025/07/24 5:26:43, 617.22, 85.76, 2.19, 100.00, 2.16, 2.03, 1.88, 1.509, 2.012
2025/07/24 5:31:43, 628.03, 85.73, 2.53, 100.00, 2.66, 2.56, 2.43, 1.8376, 2.515
2025/07/24 5:36:43, 630.14, 85.76, 2.78, 100.00, 2.84, 2.71, 2.61, 1.7404, 2.515
2025/07/24 5:41:43, 631.11, 85.76, 3.01, 100.00, 2.84, 2.71, 2.61, 2.0187, 2.515
2025/07/24 5:46:43, 637.88, 85.76, 3.14, 100.00, 3.09, 2.99, 2.89, 1.8376, 2.515
2025/07/24 5:51:43, 632.96, 85.73, 3.55, 100.00, 3.27, 3.01, 2.76, 1.6968, 3.018
2025/07/24 5:56:43, 630.32, 85.76, 3.55, 100.00, 3.17, 2.89, 2.66, 1.3615, 2.012
2025/07/24 6:01:43, 613.44, 85.76, 3.19, 100.00, 2.84, 2.63, 2.43, 1.5056, 2.012
2025/07/24 6:06:43, 645.97, 85.76, 3.14, 100.00, 2.56, 2.40, 2.30, 0.607, 1.509
2025/07/24 6:11:43, 653.44, 85.73, 3.55, 100.00, 3.50, 3.40, 3.25, 0.2549, 1.509
2025/07/24 6:16:43, 657.92, 85.76, 3.55, 100.00, 3.37, 3.19, 2.94, 0.8551, 1.509
2025/07/24 6:21:43, 643.42, 85.73, 3.85, 100.00, 3.70, 3.60, 3.27, 0.8585, 1.509
2025/07/24 6:26:43, 633.13, 85.73, 3.35, 100.00, 3.04, 2.94, 2.68, 0.9322, 1.509
2025/07/24 6:31:43, 633.13, 85.70, 3.27, 100.00, 2.81, 2.76, 2.61, 0.7981, 1.509
2025/07/24 6:36:43, 633.13, 85.73, 3.22, 100.00, 2.84, 2.71, 2.50, 0.7612, 1.006
2025/07/24 6:41:43, 613.88, 85.70, 3.17, 100.00, 2.78, 2.73, 2.61, 0.9188, 1.509
2025/07/24 6:46:43, 607.02, 85.66, 3.22, 100.00, 2.99, 2.94, 2.84, 1.0731, 1.509
2025/07/24 6:51:43, 610.36, 85.66, 3.48, 100.00, 3.25, 3.19, 3.06, 1.1468, 1.509
2025/07/24 6:56:43, 615.29, 85.60, 3.40, 100.00, 2.99, 2.94, 2.78, 1.0261, 1.509
2025/07/24 7:01:43, 658.01, 85.42, 2.99, 100.00, 2.61, 2.53, 2.40, 0.6237, 1.006
2025/07/24 7:06:43, 658.01, 85.38, 3.09, 100.00, 2.86, 2.81, 2.68, 0.0067, 0.503
2025/07/24 7:11:43, 638.32, 85.26, 3.32, 100.00, 3.09, 2.99, 2.81, 0.7444, 1.509
2025/07/24 7:16:43, 676.82, 85.26, 3.63, 100.00, 3.60, 3.55, 3.43, 0.6103, 1.509
2025/07/24 7:21:43, 637.35, 85.76, 4.03, 100.00, 3.60, 3.60, 3.37, 1.1468, 2.012
2025/07/24 7:26:43, 633.75, 85.73, 4.44, 100.00, 3.88, 3.75, 3.45, 1.2407, 1.509
2025/07/24 7:31:43, 621.26, 85.73, 4.95, 100.00, 4.51, 4.49, 4.21, 0.9658, 1.509
2025/07/24 7:36:43, 620.47, 85.70, 5.21, 100.00, 4.54, 4.51, 4.26, 1.3581, 2.012
2025/07/24 7:41:43, 620.65, 85.73, 4.71, 100.00, 4.13, 4.10, 3.98, 1.1938, 1.509
2025/07/24 7:46:43, 619.15, 85.76, 4.81, 100.00, 4.51, 4.44, 4.28, 0.6036, 1.509
2025/07/24 7:51:43, 611.15, 85.79, 4.41, 100.00, 4.00, 4.03, 3.90, 0.5265, 1.006
2025/07/24 7:56:43, 611.33, 85.76, 4.56, 100.00, 3.73, 3.70, 3.68, 0.0034, 0.503
2025/07/24 8:01:43, 641.40, 85.76, 4.36, 100.00, 3.45, 3.37, 3.32, 0.3119, 1.006
2025/07/24 8:06:43, 641.40, 85.73, 4.41, 100.00, 3.78, 3.50, 3.22, 0.892, 1.509
2025/07/24 8:11:43, 641.40, 85.76, 4.61, 100.00, 4.03, 3.88, 3.53, 1.0127, 1.509
2025/07/24 8:16:43, 678.49, 85.76, 4.44, 100.00, 3.48, 3.40, 3.35, 0.9356, 1.509
2025/07/24 8:21:43, 684.21, 85.76, 4.36, 100.00, 3.95, 3.75, 3.55, 0.5935, 1.509
2025/07/24 8:26:43, 675.95, 85.76, 4.91, 100.00, 4.61, 4.51, 4.41, 0.0, 0.0
2025/07/24 8:31:43, 658.10, 85.70, 4.86, 100.00, 4.36, 4.31, 4.05, 0.4929, 1.509
2025/07/24 8:36:43, 657.92, 85.70, 5.48, 100.00, 5.00, 4.76, 4.49, 0.8752, 1.509
2025/07/24 8:41:43, 632.96, 85.73, 5.36, 100.00, 4.88, 4.64, 4.41, 0.9959, 1.509
2025/07/24 8:46:43, 632.87, 85.76, 5.10, 100.00, 4.36, 4.16, 3.90, 1.063, 2.012
2025/07/24 8:51:43, 622.93, 85.51, 5.43, 100.00, 5.53, 5.00, 4.86, 0.8182, 1.509
2025/07/24 8:56:43, 604.74, 85.70, 6.34, 100.00, 6.31, 5.55, 5.51, 0.6841, 1.509
2025/07/24 9:01:43, 607.11, 85.63, 8.07, 100.00, 7.35, 6.46, 6.48, 0.2481, 1.006
2025/07/24 9:06:43, 368.69, 85.82, 9.04, 100.00, 7.95, 6.56, 6.39, 0.0335, 0.503
2025/07/24 9:11:43, 379.24, 85.76, 9.68, 100.00, 8.62, 7.35, 7.23, 0.2716, 1.509
2025/07/24 9:16:43, 359.37, 85.95, 10.80, 100.00, 8.71, 8.02, 8.34, 0.1375, 1.509
2025/07/24 9:21:43, 611.42, 85.70, 9.64, 84.45, 6.46, 6.11, 6.19, 0.1543, 1.006
2025/07/24 9:26:43, 619.07, 85.76, 9.80, 79.05, 7.60, 7.33, 7.04, 0.6707, 1.509
2025/07/24 9:31:43, 330.98, 85.76, 10.24, 75.63, 6.48, 6.48, 6.36, 0.2448, 1.006
2025/07/24 9:36:43, 656.34, 85.82, 10.68, 68.70, 7.35, 7.52, 6.82, 0.0034, 0.503
2025/07/24 9:41:43, 656.34, 85.82, 9.77, 72.10, 6.11, 6.11, 5.89, 0.0034, 0.503
2025/07/24 9:46:43, 633.13, 85.82, 9.42, 74.38, 6.09, 5.92, 5.70, 0.1576, 1.006
2025/07/24 9:51:43, 676.56, 85.79, 9.45, 75.61, 6.04, 6.14, 6.14, 0.1878, 1.509
2025/07/24 9:56:43, 673.31, 85.82, 9.54, 72.70, 7.35, 7.71, 7.48, 0.0, 0.0
2025/07/24 10:01:43, 673.31, 85.85, 12.67, 63.27, 11.73, 12.04, 10.66, 0.0, 0.0
2025/07/24 10:06:43, 673.31, 85.79, 12.53, 61.42, 8.90, 8.69, 8.48, 0.0, 0.0
2025/07/24 10:11:43, 673.31, 85.82, 12.60, 58.74, 8.36, 7.95, 7.52, 0.0, 0.0
2025/07/24 10:16:43, 673.31, 85.82, 12.46, 59.88, 8.81, 8.55, 8.07, 0.0, 0.0
2025/07/24 10:21:43, 673.31, 85.82, 14.71, 50.17, 7.79, 7.69, 6.36, 0.0, 0.0
2025/07/24 10:26:43, 461.26, 85.76, 10.43, 65.58, 5.53, 5.58, 5.31, 0.5365, 1.509
2025/07/24 10:31:43, 461.26, 85.79, 9.59, 70.29, 5.65, 5.60, 5.38, 0.1677, 1.006
2025/07/24 10:36:43, 461.26, 85.76, 7.79, 76.87, 4.51, 4.69, 4.81, 0.0, 0.0
2025/07/24 10:41:43, 461.35, 85.79, 6.94, 78.84, 3.80, 3.98, 4.05, 0.0, 0.0
2025/07/24 10:46:43, 463.20, 85.76, 5.94, 85.39, 3.90, 3.75, 3.68, 0.4929, 1.006
2025/07/24 10:51:43, 529.40, 85.76, 6.80, 83.77, 4.91, 4.81, 4.61, 0.0, 0.0
2025/07/24 10:56:43, 529.40, 85.76, 9.54, 71.36, 6.82, 6.82, 6.65, 0.0, 0.0
2025/07/24 11:01:43, 403.68, 85.79, 12.00, 57.13, 8.69, 8.02, 7.33, 0.4929, 2.012
2025/07/24 11:06:43, 437.44, 85.76, 9.45, 67.82, 5.51, 5.65, 5.46, 1.4855, 2.012
2025/07/24 11:11:43, 449.84, 85.76, 8.57, 74.66, 5.51, 5.43, 5.13, 1.1703, 2.012
2025/07/24 11:16:43, 450.80, 85.76, 8.95, 73.13, 5.60, 5.63, 5.43, 1.0898, 1.509
2025/07/24 11:21:43, 380.12, 85.82, 10.00, 69.38, 8.36, 7.86, 7.40, 1.0395, 2.012
2025/07/24 11:26:43, 440.34, 85.76, 9.64, 72.26, 5.70, 5.28, 4.88, 0.8685, 1.509
2025/07/24 11:31:43, 494.23, 85.79, 11.03, 65.29, 7.57, 8.04, 8.21, 0.1073, 1.509
2025/07/24 11:36:43, 494.14, 85.76, 12.65, 58.07, 7.97, 8.43, 8.74, 0.0, 0.0
2025/07/24 11:41:43, 494.23, 85.85, 14.40, 52.32, 11.88, 11.36, 11.26, 0.0, 0.0
2025/07/24 11:46:43, 565.97, 85.85, 12.07, 59.49, 7.52, 7.64, 8.02, 0.0537, 1.006
2025/07/24 11:51:43, 565.97, 85.88, 13.65, 52.53, 10.68, 10.93, 11.29, 0.0, 0.0
2025/07/24 11:56:43, 507.15, 85.91, 15.28, 48.99, 10.64, 11.19, 11.68, 0.0771, 1.006
2025/07/24 12:01:43, 392.96, 85.95, 15.16, 48.23, 11.40, 10.50, 10.82, 0.0067, 0.503
2025/07/24 12:06:43, 392.96, 85.88, 16.20, 46.53, 12.28, 10.73, 10.80, 0.0, 0.0
2025/07/24 12:11:43, 392.96, 85.95, 16.85, 44.25, 10.45, 10.05, 10.27, 0.0034, 0.503
2025/07/24 12:16:43, 392.96, 85.91, 15.14, 50.82, 10.59, 10.19, 10.62, 0.0, 0.0
2025/07/24 12:21:43, 392.96, 85.95, 13.69, 54.15, 8.12, 8.02, 8.71, 0.0, 0.0
2025/07/24 12:26:43, 392.96, 85.91, 12.96, 56.57, 8.53, 8.60, 8.97, 0.0, 0.0
2025/07/24 12:31:43, 392.96, 85.91, 12.53, 58.50, 8.21, 8.43, 9.06, 0.0, 0.0
2025/07/24 12:36:43, 392.96, 85.91, 11.75, 62.25, 8.45, 8.43, 8.97, 0.0, 0.0
2025/07/24 12:41:43, 666.71, 85.91, 11.03, 63.76, 8.21, 8.19, 8.41, 0.0, 0.0
2025/07/24 12:46:43, 663.81, 85.95, 10.66, 63.75, 7.90, 8.02, 8.14, 0.0, 0.0
2025/07/24 12:51:43, 613.97, 85.91, 10.12, 67.28, 8.07, 8.26, 8.31, 0.0, 0.0
2025/07/24 12:56:43, 603.33, 85.85, 10.29, 67.49, 7.43, 7.35, 7.50, 1.0127, 2.515
2025/07/24 13:01:43, 594.98, 85.88, 11.10, 64.21, 8.43, 8.85, 9.02, 1.2005, 2.515
2025/07/24 13:06:43, 571.33, 85.91, 10.52, 65.70, 7.09, 7.04, 7.28, 1.224, 2.012
2025/07/24 13:11:43, 584.69, 85.85, 9.87, 72.11, 7.45, 7.23, 7.31, 1.348, 2.515
2025/07/24 13:16:43, 585.84, 85.95, 10.75, 65.25, 9.38, 9.68, 10.00, 1.0295, 2.012
2025/07/24 13:21:43, 574.23, 85.88, 9.87, 71.97, 7.01, 7.14, 7.31, 0.7076, 2.012
2025/07/24 13:26:43, 570.36, 85.82, 8.41, 83.23, 6.09, 5.94, 5.94, 1.5727, 4.024
2025/07/24 13:31:43, 570.45, 85.85, 8.57, 78.07, 6.21, 6.16, 6.29, 1.67, 3.018
2025/07/24 13:36:43, 581.18, 85.88, 8.34, 77.37, 6.53, 6.44, 6.53, 1.5258, 2.515
2025/07/24 13:41:43, 597.44, 85.88, 8.26, 78.13, 7.26, 7.33, 7.35, 1.3581, 2.012
2025/07/24 13:46:43, 611.15, 85.88, 9.09, 73.18, 7.45, 7.45, 7.64, 0.7377, 1.509
2025/07/24 13:51:43, 574.85, 85.91, 8.78, 77.33, 6.19, 6.01, 6.09, 0.1744, 1.509
2025/07/24 13:56:43, 571.59, 85.88, 8.55, 80.44, 6.80, 6.82, 6.73, 0.9825, 1.509
2025/07/24 14:01:43, 576.96, 85.88, 8.55, 77.70, 6.75, 6.68, 6.63, 0.2481, 1.509
2025/07/24 14:06:43, 576.87, 85.88, 10.10, 71.33, 8.12, 8.02, 7.74, 0.0201, 0.503
2025/07/24 14:11:43, 598.23, 85.95, 10.57, 65.89, 6.96, 7.23, 7.64, 0.0503, 1.006
2025/07/24 14:16:43, 573.44, 85.95, 8.21, 77.75, 5.87, 6.21, 6.58, 0.5432, 1.509
2025/07/24 14:21:43, 438.49, 85.95, 11.00, 67.59, 9.35, 8.62, 8.29, 0.0, 0.0
2025/07/24 14:26:43, 417.75, 85.91, 12.42, 61.81, 8.85, 8.99, 9.40, 0.0034, 0.503
2025/07/24 14:31:43, 418.10, 85.91, 12.62, 60.64, 8.45, 8.62, 8.60, 0.0, 0.0
2025/07/24 14:36:43, 560.96, 85.91, 11.07, 68.12, 8.07, 7.95, 7.93, 0.3454, 1.006
2025/07/24 14:41:43, 561.84, 85.95, 11.03, 67.26, 8.90, 8.90, 9.19, 0.0402, 1.006
2025/07/24 14:46:43, 565.79, 85.95, 10.91, 64.19, 7.55, 7.55, 7.86, 0.0, 0.0
2025/07/24 14:51:43, 597.97, 85.95, 10.29, 67.34, 7.93, 7.95, 7.88, 1.0127, 1.509
2025/07/24 14:56:43, 598.67, 85.91, 9.47, 71.53, 7.57, 7.57, 7.62, 0.7042, 2.012
2025/07/24 15:01:43, 584.43, 85.91, 8.04, 76.58, 6.26, 6.26, 6.41, 1.2374, 2.012
2025/07/24 15:06:43, 585.57, 85.91, 9.52, 71.73, 8.55, 8.76, 9.06, 0.4426, 1.509
2025/07/24 15:11:43, 638.05, 85.95, 10.50, 67.82, 7.83, 7.97, 8.07, 0.0134, 0.503
2025/07/24 15:16:43, 638.05, 85.91, 11.63, 61.49, 7.71, 7.67, 7.52, 0.0, 0.0
2025/07/24 15:21:43, 609.40, 85.95, 10.00, 69.53, 8.14, 7.95, 7.93, 0.7243, 1.509
2025/07/24 15:26:43, 584.25, 85.91, 9.04, 70.88, 7.21, 7.09, 7.04, 1.224, 2.012
2025/07/24 15:31:43, 584.16, 85.91, 7.64, 77.77, 5.99, 5.99, 6.21, 0.9188, 1.509
2025/07/24 15:36:43, 516.21, 85.88, 10.59, 68.05, 9.09, 8.69, 8.88, 0.0402, 0.503
2025/07/24 15:41:43, 516.30, 85.98, 13.42, 57.64, 11.07, 10.68, 10.80, 0.0, 0.0
2025/07/24 15:46:43, 516.30, 85.95, 12.69, 58.52, 8.14, 8.19, 8.09, 0.0, 0.0
2025/07/24 15:51:43, 516.21, 85.85, 11.12, 67.01, 6.63, 6.53, 6.53, 0.0, 0.0
2025/07/24 15:56:43, 516.21, 85.82, 9.09, 75.71, 6.04, 6.01, 6.06, 0.114, 1.006
2025/07/24 16:01:43, 506.36, 85.85, 9.09, 80.64, 6.70, 6.48, 6.68, 0.0, 0.0
2025/07/24 16:06:43, 463.73, 85.82, 8.36, 82.19, 5.85, 5.70, 5.41, 0.5097, 1.509
2025/07/24 16:11:43, 463.46, 85.85, 7.81, 85.94, 5.70, 5.60, 5.26, 0.5634, 1.509
2025/07/24 16:16:43, 463.46, 85.85, 7.88, 85.40, 5.55, 5.51, 4.83, 0.7947, 1.509
2025/07/24 16:21:43, 473.66, 86.13, 7.16, 87.38, 4.56, 4.51, 4.41, 1.167, 1.509
2025/07/24 16:26:43, 472.96, 86.13, 6.68, 86.55, 4.46, 4.39, 4.23, 1.2005, 2.012
2025/07/24 16:31:43, 493.53, 86.35, 6.82, 85.17, 5.00, 4.91, 4.91, 0.4795, 1.509
2025/07/24 16:36:43, 493.53, 86.20, 7.21, 82.51, 4.91, 5.00, 5.13, 0.0, 0.0
2025/07/24 16:41:43, 529.84, 86.20, 7.83, 80.02, 5.48, 5.68, 5.97, 0.0838, 1.006
2025/07/24 16:46:43, 529.84, 86.26, 8.14, 79.85, 6.36, 6.92, 6.96, 0.0, 0.0
2025/07/24 16:51:43, 529.84, 86.23, 8.12, 78.07, 5.41, 5.53, 5.53, 0.0, 0.0
2025/07/24 16:56:43, 424.52, 86.07, 7.18, 83.46, 5.10, 4.86, 4.83, 0.1341, 1.509
2025/07/24 17:01:43, 420.74, 86.04, 6.46, 85.99, 4.33, 4.36, 4.26, 0.9691, 1.509
2025/07/24 17:06:43, 420.74, 86.01, 6.87, 89.76, 5.21, 5.05, 4.95, 0.5734, 1.509
2025/07/24 17:11:43, 420.74, 86.01, 7.43, 89.02, 5.85, 5.85, 5.31, 0.0, 0.0
2025/07/24 17:16:43, 420.74, 85.95, 6.89, 86.48, 4.41, 4.49, 4.64, 0.0, 0.0
2025/07/24 17:21:43, 420.74, 85.95, 6.09, 90.69, 4.41, 4.10, 4.08, 0.0, 0.0
2025/07/24 17:26:43, 420.74, 85.91, 5.99, 92.51, 4.31, 3.93, 3.93, 0.8216, 1.509
2025/07/24 17:31:43, 420.74, 85.95, 6.61, 90.67, 5.16, 4.93, 4.66, 0.0134, 0.503
2025/07/24 17:36:43, 413.00, 85.95, 5.85, 87.84, 3.95, 3.93, 3.95, 0.1576, 1.006
2025/07/24 17:41:43, 420.12, 85.91, 5.60, 92.47, 4.18, 3.85, 3.48, 0.9959, 1.509
2025/07/24 17:46:43, 423.64, 85.91, 5.63, 94.43, 4.41, 4.08, 3.68, 0.7981, 1.509
2025/07/24 17:51:43, 423.64, 85.88, 5.85, 93.29, 4.49, 4.44, 4.23, 0.0, 0.0
2025/07/24 17:56:43, 423.64, 85.88, 6.09, 93.19, 4.81, 4.95, 4.86, 0.0, 0.0
2025/07/24 18:01:43, 402.45, 85.88, 5.65, 90.38, 3.65, 3.40, 3.14, 0.0738, 1.006
2025/07/24 18:06:43, 402.45, 85.88, 6.24, 95.73, 5.41, 5.16, 4.71, 0.0, 0.0
2025/07/24 18:11:43, 390.41, 85.91, 4.76, 91.06, 3.01, 2.91, 2.91, 0.5432, 1.509
2025/07/24 18:16:43, 390.41, 85.91, 4.81, 92.54, 3.53, 3.35, 3.25, 0.9859, 1.509
2025/07/24 18:21:43, 390.49, 85.88, 6.09, 93.93, 4.76, 4.18, 3.60, 0.2414, 1.006
2025/07/24 18:26:43, 391.02, 85.91, 4.81, 93.68, 3.55, 2.96, 2.96, 0.7679, 2.012
2025/07/24 18:31:43, 391.11, 85.91, 5.10, 93.81, 3.75, 3.19, 3.14, 1.1167, 1.509
2025/07/24 18:36:43, 405.97, 85.91, 4.10, 91.05, 2.91, 2.78, 2.78, 1.3547, 2.012
2025/07/24 18:41:43, 406.76, 85.95, 3.65, 91.95, 2.37, 2.22, 2.22, 1.1301, 2.012
2025/07/24 18:46:43, 414.93, 85.91, 3.88, 97.58, 3.43, 3.32, 3.22, 0.0034, 0.503
2025/07/24 18:51:43, 414.67, 85.91, 3.78, 95.61, 3.09, 2.91, 2.89, 0.0, 0.0
2025/07/24 18:56:43, 414.67, 85.91, 4.08, 99.08, 3.43, 3.09, 2.71, 0.0, 0.0
2025/07/24 19:01:43, 404.03, 85.91, 4.00, 95.18, 2.71, 2.48, 2.48, 0.778, 1.509
2025/07/24 19:06:43, 391.02, 85.91, 4.23, 92.54, 2.86, 2.66, 2.61, 0.9993, 2.012
2025/07/24 19:11:43, 405.09, 85.91, 4.81, 93.02, 3.78, 3.55, 3.45, 1.2441, 2.012
2025/07/24 19:16:43, 399.37, 85.91, 5.51, 93.01, 4.69, 4.31, 4.10, 0.8786, 1.509
2025/07/24 19:21:43, 399.37, 85.95, 5.85, 89.57, 4.05, 3.53, 3.35, 0.3454, 2.012
2025/07/24 19:26:43, 399.11, 85.91, 5.70, 96.91, 5.05, 3.83, 3.58, 1.3112, 2.012
2025/07/24 19:31:43, 434.27, 85.91, 4.28, 90.90, 2.63, 2.58, 2.53, 0.56, 1.509
2025/07/24 19:36:43, 422.41, 85.91, 4.86, 96.85, 3.70, 3.43, 3.48, 1.1435, 1.509
2025/07/24 19:41:43, 422.41, 85.91, 5.41, 97.96, 4.44, 3.90, 3.12, 0.6941, 1.006
2025/07/24 19:46:43, 422.41, 85.95, 5.08, 97.93, 3.93, 3.45, 2.89, 0.285, 1.006
2025/07/24 19:51:43, 422.41, 85.95, 4.21, 97.05, 2.73, 2.00, 1.80, 0.0, 0.0
2025/07/24 19:56:43, 421.62, 85.95, 4.21, 100.00, 3.14, 2.40, 2.06, 0.0, 0.0
2025/07/24 20:01:43, 418.45, 85.95, 3.50, 100.00, 2.66, 1.95, 1.83, 0.6371, 1.509
2025/07/24 20:06:43, 409.22, 85.95, 3.70, 100.00, 3.30, 2.45, 1.75, 0.5868, 1.006
2025/07/24 20:11:43, 406.32, 85.95, 3.53, 100.00, 2.03, 1.67, 1.54, 0.8014, 1.509
2025/07/24 20:16:43, 349.62, 85.98, 3.70, 100.00, 2.84, 2.30, 2.00, 0.503, 1.509
2025/07/24 20:21:43, 349.62, 85.95, 4.05, 100.00, 3.70, 3.04, 2.16, 0.0, 0.0
2025/07/24 20:26:43, 329.66, 85.98, 4.41, 100.00, 4.26, 3.95, 2.84, 0.0, 0.0
2025/07/24 20:31:43, 329.66, 85.98, 4.26, 100.00, 3.73, 3.04, 2.30, 0.0, 0.0
2025/07/24 20:36:43, 351.37, 85.95, 3.70, 100.00, 2.61, 2.27, 1.98, 0.0, 0.0
2025/07/24 20:41:43, 360.52, 85.95, 3.45, 100.00, 3.06, 2.27, 1.75, 0.0, 0.0
2025/07/24 20:46:43, 361.31, 85.95, 3.45, 100.00, 2.16, 1.77, 1.62, 0.0, 0.0
2025/07/24 20:51:43, 381.97, 85.95, 2.71, 100.00, 1.93, 1.62, 1.38, 0.6908, 2.012
2025/07/24 20:56:43, 382.32, 85.98, 2.32, 100.00, 1.93, 1.67, 1.49, 1.4788, 2.012
2025/07/24 21:01:43, 382.32, 85.98, 1.95, 100.00, 1.64, 1.49, 1.38, 1.1301, 1.509
2025/07/24 21:06:43, 378.36, 85.98, 2.35, 100.00, 1.67, 1.49, 1.41, 1.4386, 2.012
2025/07/24 21:11:43, 378.27, 85.98, 2.58, 100.00, 2.78, 2.06, 1.62, 1.2977, 1.509
2025/07/24 21:16:43, 358.05, 85.98, 3.75, 100.00, 3.98, 2.81, 1.57, 1.006, 1.509
2025/07/24 21:21:43, 329.40, 85.98, 4.16, 100.00, 3.35, 2.86, 2.11, 0.2146, 1.006
2025/07/24 21:26:43, 329.40, 86.01, 3.90, 100.00, 2.63, 2.40, 2.11, 0.0, 0.0
2025/07/24 21:31:43, 329.40, 85.98, 3.09, 100.00, 3.04, 2.22, 1.57, 0.0, 0.0
2025/07/24 21:36:43, 326.93, 86.01, 4.16, 100.00, 4.05, 3.45, 2.94, 0.0, 0.0
2025/07/24 21:41:43, 332.38, 85.98, 3.58, 100.00, 2.89, 2.11, 1.43, 0.3521, 1.006
2025/07/24 21:46:43, 362.54, 85.98, 2.71, 100.00, 2.06, 1.64, 1.35, 0.4996, 1.509
2025/07/24 21:51:43, 362.01, 85.98, 3.45, 100.00, 2.30, 1.64, 1.41, 1.3112, 2.012
2025/07/24 21:56:43, 368.34, 85.98, 2.66, 100.00, 1.72, 1.38, 1.19, 1.3615, 2.012
2025/07/24 22:01:43, 368.34, 85.98, 1.75, 100.00, 1.35, 1.19, 1.11, 0.9859, 1.509
2025/07/24 22:06:43, 410.01, 85.98, 1.35, 100.00, 0.93, 0.85, 0.82, 1.1502, 1.509
2025/07/24 22:11:43, 412.56, 86.01, 2.53, 100.00, 3.19, 3.01, 2.68, 1.3212, 2.012
2025/07/24 22:16:43, 412.56, 86.01, 2.99, 100.00, 2.89, 2.53, 2.08, 0.9121, 1.006
2025/07/24 22:21:43, 412.56, 86.01, 2.99, 100.00, 2.99, 2.43, 1.80, 0.8953, 1.509
2025/07/24 22:26:43, 412.47, 86.01, 2.91, 100.00, 3.14, 2.89, 2.45, 0.8014, 1.006
2025/07/24 22:31:43, 412.56, 86.01, 3.25, 100.00, 2.81, 2.48, 1.95, 0.778, 1.006
2025/07/24 22:36:43, 396.30, 86.01, 2.73, 100.00, 2.35, 1.90, 1.49, 0.9725, 1.509
2025/07/24 22:41:43, 396.38, 86.01, 3.12, 100.00, 1.88, 1.33, 1.14, 0.8149, 1.509
2025/07/24 22:46:43, 396.38, 86.01, 3.06, 100.00, 2.08, 1.57, 1.33, 0.8014, 1.509
2025/07/24 22:51:43, 396.30, 86.01, 3.75, 100.00, 3.90, 3.70, 3.30, 0.0268, 0.503
2025/07/24 22:56:43, 392.43, 86.01, 3.40, 100.00, 3.68, 3.12, 1.72, 0.1174, 1.006
2025/07/24 23:01:43, 377.13, 86.01, 2.99, 100.00, 2.84, 1.72, 1.11, 0.0, 0.0
2025/07/24 23:06:43, 377.13, 86.01, 3.17, 100.00, 2.50, 1.22, 0.90, 0.0, 0.0
2025/07/24 23:11:43, 380.82, 85.98, 2.22, 100.00, 1.54, 1.30, 1.11, 0.7713, 1.509
2025/07/24 23:16:43, 380.82, 86.01, 3.22, 100.00, 4.00, 3.65, 2.35, 0.7847, 1.006
2025/07/24 23:21:43, 368.16, 86.01, 3.04, 100.00, 3.30, 2.71, 1.80, 0.0134, 0.503
2025/07/24 23:26:43, 344.78, 86.01, 3.78, 100.00, 3.80, 3.68, 3.04, 0.0, 0.0
2025/07/24 23:31:43, 339.77, 86.01, 3.68, 100.00, 3.40, 3.30, 3.04, 0.1978, 1.006
2025/07/24 23:36:43, 329.66, 86.01, 3.58, 100.00, 3.40, 3.19, 2.86, 0.4225, 1.006
2025/07/24 23:41:43, 685.00, 86.01, 3.75, 100.00, 3.88, 3.70, 3.27, 0.2146, 1.006
2025/07/24 23:46:43, 414.41, 86.01, 3.25, 100.00, 2.22, 2.00, 1.80, 0.2582, 2.012
2025/07/24 23:51:43, 416.08, 86.01, 2.96, 100.00, 2.63, 2.37, 2.19, 1.452, 2.012
2025/07/24 23:56:43, 416.78, 86.01, 3.55, 100.00, 3.68, 3.27, 2.68, 1.2977, 2.012
2025/07/25 0:01:43, 423.11, 85.98, 3.70, 100.00, 3.63, 3.35, 3.01, 1.4185, 2.012
2025/07/25 0:06:43, 389.26, 86.01, 3.40, 100.00, 3.50, 3.12, 2.27, 1.1368, 1.509
2025/07/25 0:11:43, 389.26, 86.01, 3.75, 100.00, 3.14, 2.73, 2.43, 0.8383, 1.509
2025/07/25 0:16:43, 389.26, 85.98, 4.00, 100.00, 4.36, 4.13, 3.98, 0.4695, 1.509
2025/07/25 0:21:43, 349.09, 86.01, 4.08, 100.00, 4.49, 4.13, 3.30, 0.2146, 1.006
2025/07/25 0:26:43, 335.73, 86.01, 3.70, 100.00, 3.65, 3.40, 2.84, 0.8014, 1.509
2025/07/25 0:31:43, 346.80, 86.01, 2.73, 100.00, 1.85, 1.38, 1.17, 0.9389, 1.509
2025/07/25 0:36:43, 361.57, 86.01, 1.85, 100.00, 1.11, 1.03, 0.95, 0.949, 1.509
2025/07/25 0:41:43, 367.02, 85.98, 2.40, 100.00, 2.24, 1.98, 1.80, 1.0597, 1.509
2025/07/25 0:46:43, 410.98, 86.01, 2.27, 100.00, 1.95, 1.77, 1.62, 1.3615, 2.012
2025/07/25 0:51:43, 389.53, 86.01, 2.71, 100.00, 2.86, 2.58, 2.14, 0.8752, 1.509
2025/07/25 0:56:43, 372.91, 86.01, 2.73, 100.00, 2.53, 2.40, 2.22, 0.1744, 1.006
2025/07/25 1:01:43, 348.21, 86.01, 2.84, 100.00, 2.71, 2.58, 2.45, 0.721, 1.509
2025/07/25 1:06:43, 341.62, 86.01, 3.35, 100.00, 3.50, 3.25, 2.78, 1.0127, 1.509
2025/07/25 1:11:43, 335.99, 86.01, 3.30, 100.00, 3.32, 2.99, 2.61, 1.2575, 2.012
2025/07/25 1:16:43, 670.14, 86.01, 3.90, 100.00, 3.80, 3.19, 2.78, 1.2944, 2.012
2025/07/25 1:21:43, 325.09, 85.98, 3.68, 100.00, 3.35, 3.17, 2.81, 1.0395, 1.509
2025/07/25 1:26:43, 670.14, 85.98, 3.12, 100.00, 2.84, 2.78, 2.71, 0.2314, 1.006
2025/07/25 1:31:43, 383.11, 86.01, 2.76, 100.00, 2.78, 2.71, 2.66, 0.5567, 1.509
2025/07/25 1:36:43, 383.20, 85.98, 2.91, 100.00, 2.76, 2.61, 2.37, 1.0496, 1.509
2025/07/25 1:41:43, 399.02, 86.01, 2.81, 100.00, 2.32, 2.00, 1.77, 1.348, 2.012
2025/07/25 1:46:43, 371.95, 85.98, 2.66, 100.00, 2.50, 2.30, 1.98, 1.2005, 2.012
2025/07/25 1:51:43, 354.19, 85.98, 2.81, 100.00, 2.68, 2.40, 2.08, 1.1334, 2.012
2025/07/25 1:56:43, 335.81, 86.01, 3.40, 100.00, 2.96, 2.73, 2.48, 1.3346, 2.012
2025/07/25 2:01:43, 333.97, 86.01, 3.01, 100.00, 2.89, 2.63, 2.40, 1.3313, 2.012
2025/07/25 2:06:43, 325.09, 85.98, 3.12, 100.00, 2.99, 2.96, 2.94, 0.6338, 1.509
2025/07/25 2:11:43, 351.11, 85.98, 3.06, 100.00, 3.06, 2.91, 2.76, 0.8652, 3.521
2025/07/25 2:16:43, 339.33, 86.01, 2.99, 100.00, 3.01, 2.63, 2.32, 2.0657, 2.515
2025/07/25 2:21:43, 341.26, 86.01, 3.48, 100.00, 3.45, 3.27, 3.01, 1.6867, 2.515
2025/07/25 2:26:43, 352.34, 86.01, 2.14, 100.00, 1.77, 1.70, 1.59, 0.7813, 1.509
2025/07/25 2:31:43, 340.47, 86.01, 2.00, 100.00, 2.11, 1.88, 1.64, 0.4996, 1.509
2025/07/25 2:36:43, 356.56, 86.01, 2.50, 100.00, 2.81, 2.78, 2.78, 0.3622, 1.509
2025/07/25 2:41:43, 346.10, 86.01, 3.12, 100.00, 2.94, 2.89, 2.76, 0.7579, 2.012
2025/07/25 2:46:43, 339.95, 86.01, 2.81, 100.00, 2.56, 2.40, 2.22, 1.4252, 2.515
2025/07/25 2:51:43, 339.95, 85.98, 2.71, 100.00, 2.58, 2.40, 2.19, 0.6807, 1.509
2025/07/25 2:56:43, 351.99, 86.01, 2.16, 100.00, 1.72, 1.54, 1.38, 0.7411, 1.006
2025/07/25 3:01:43, 369.13, 86.01, 2.06, 100.00, 2.37, 2.32, 2.27, 0.389, 2.012
2025/07/25 3:06:43, 362.89, 86.01, 2.66, 100.00, 2.84, 2.71, 2.56, 1.338, 2.012
2025/07/25 3:11:43, 338.54, 86.01, 3.22, 100.00, 3.43, 3.35, 3.19, 1.4319, 2.515
2025/07/25 3:16:43, 345.22, 85.98, 3.04, 100.00, 3.48, 3.37, 3.35, 1.1401, 2.515
2025/07/25 3:21:43, 337.22, 85.98, 3.19, 100.00, 3.35, 3.19, 3.09, 1.2407, 2.012
2025/07/25 3:26:43, 344.16, 86.01, 3.68, 100.00, 4.21, 4.10, 4.03, 1.2072, 2.515
2025/07/25 3:31:43, 348.56, 85.98, 3.43, 100.00, 3.70, 3.65, 3.60, 0.9456, 2.515
2025/07/25 3:36:43, 346.54, 85.98, 3.14, 100.00, 3.04, 2.91, 2.81, 0.9792, 2.012
2025/07/25 3:41:43, 372.65, 85.98, 3.58, 100.00, 3.32, 3.30, 3.14, 0.6539, 2.012
2025/07/25 3:46:43, 374.67, 85.98, 3.45, 100.00, 3.65, 3.53, 3.30, 1.1837, 3.018
2025/07/25 3:51:43, 366.41, 85.98, 3.35, 100.00, 3.19, 3.14, 3.04, 1.2508, 3.018
2025/07/25 3:56:43, 349.26, 86.01, 3.19, 100.00, 3.19, 3.12, 3.01, 0.9725, 2.012
2025/07/25 4:01:43, 339.86, 85.98, 3.22, 100.00, 3.45, 3.32, 3.14, 0.5298, 2.012
2025/07/25 4:06:43, 350.05, 86.01, 3.55, 100.00, 3.53, 3.50, 3.14, 1.1032, 2.515
2025/07/25 4:11:43, 350.05, 85.98, 3.55, 100.00, 3.60, 3.50, 3.09, 0.8115, 1.509
2025/07/25 4:16:43, 350.05, 85.98, 3.25, 100.00, 3.19, 3.09, 2.81, 0.7579, 1.509
2025/07/25 4:21:43, 345.31, 85.98, 3.12, 100.00, 3.22, 3.14, 3.01, 0.8987, 2.012
2025/07/25 4:26:43, 359.29, 85.98, 2.78, 100.00, 2.99, 2.48, 2.08, 1.2541, 2.012
2025/07/25 4:31:43, 371.86, 85.98, 2.71, 100.00, 2.32, 2.08, 1.85, 1.8376, 2.515
2025/07/25 4:36:43, 369.22, 85.98, 2.35, 100.00, 2.06, 1.95, 1.83, 1.2743, 2.012
2025/07/25 4:41:43, 371.51, 85.98, 2.06, 100.00, 1.95, 1.85, 1.72, 1.3916, 2.012
2025/07/25 4:46:43, 684.21, 85.98, 2.63, 100.00, 2.81, 2.58, 2.40, 0.4493, 1.509
2025/07/25 4:51:43, 359.64, 86.20, 3.45, 100.00, 3.80, 3.68, 3.60, 0.8149, 2.012
2025/07/25 4:56:43, 343.73, 85.98, 2.81, 100.00, 2.43, 2.40, 2.37, 1.3346, 2.515
2025/07/25 5:01:43, 375.64, 85.95, 2.14, 100.00, 1.93, 1.80, 1.72, 1.3715, 2.012
2025/07/25 5:06:43, 376.25, 85.91, 2.27, 100.00, 2.19, 2.06, 1.95, 1.6431, 2.515
2025/07/25 5:11:43, 373.18, 85.95, 2.16, 100.00, 2.08, 1.93, 1.80, 1.6029, 2.012
2025/07/25 5:16:43, 365.88, 85.88, 2.16, 100.00, 1.95, 1.85, 1.75, 1.5291, 2.012
2025/07/25 5:21:43, 369.04, 85.88, 2.06, 100.00, 1.98, 1.85, 1.77, 1.6398, 2.012
2025/07/25 5:26:43, 381.00, 85.91, 1.95, 100.00, 1.85, 1.72, 1.67, 2.0187, 2.515
2025/07/25 5:31:43, 373.97, 85.91, 1.98, 100.00, 1.90, 1.77, 1.72, 2.2065, 3.018
2025/07/25 5:36:43, 370.36, 85.88, 2.00, 100.00, 1.80, 1.70, 1.64, 2.0891, 2.515
2025/07/25 5:41:43, 369.84, 85.95, 2.03, 100.00, 1.80, 1.64, 1.59, 1.8913, 2.515
2025/07/25 5:46:43, 370.27, 85.88, 2.48, 100.00, 2.08, 1.83, 1.72, 1.7773, 2.012
2025/07/25 5:51:43, 374.85, 85.91, 2.14, 100.00, 1.88, 1.64, 1.59, 1.613, 2.012
2025/07/25 5:56:43, 374.85, 85.91, 2.35, 100.00, 2.16, 1.85, 1.75, 1.5794, 2.012
2025/07/25 6:01:43, 378.01, 85.88, 2.16, 100.00, 1.93, 1.72, 1.70, 1.5794, 2.012
2025/07/25 6:06:43, 387.68, 85.91, 2.30, 100.00, 2.16, 1.95, 1.90, 1.7471, 2.012
2025/07/25 6:11:43, 370.01, 85.95, 2.78, 100.00, 2.50, 2.30, 2.24, 1.9449, 2.515
2025/07/25 6:16:43, 373.00, 85.95, 2.63, 100.00, 2.24, 2.08, 2.06, 1.7001, 2.515
2025/07/25 6:21:43, 373.00, 85.95, 2.66, 100.00, 2.37, 2.16, 2.14, 1.6498, 2.012
2025/07/25 6:26:43, 364.12, 85.98, 2.68, 100.00, 2.48, 2.22, 2.11, 1.3514, 2.012
2025/07/25 6:31:43, 351.20, 85.88, 2.89, 100.00, 2.63, 2.32, 2.22, 1.2139, 2.012
2025/07/25 6:36:43, 363.24, 85.95, 2.94, 100.00, 2.24, 2.08, 2.06, 1.5995, 2.012
2025/07/25 6:41:43, 361.66, 85.98, 2.71, 100.00, 2.11, 1.95, 1.95, 1.4587, 2.012
2025/07/25 6:46:43, 362.10, 86.01, 3.45, 100.00, 2.91, 2.58, 2.40, 1.3916, 2.012
2025/07/25 6:51:43, 381.35, 85.91, 3.17, 100.00, 2.84, 2.53, 2.37, 1.4185, 2.012
2025/07/25 6:56:43, 376.43, 85.91, 3.04, 100.00, 2.56, 2.35, 2.30, 1.6029, 2.012
2025/07/25 7:01:43, 374.67, 85.91, 2.84, 100.00, 2.43, 2.27, 2.32, 1.1636, 1.509
2025/07/25 7:06:43, 367.46, 85.88, 3.06, 100.00, 2.58, 2.37, 2.48, 1.0664, 1.509
2025/07/25 7:11:43, 365.62, 85.88, 3.09, 100.00, 2.50, 2.32, 2.40, 1.3782, 2.012
2025/07/25 7:16:43, 365.62, 85.91, 3.04, 100.00, 2.58, 2.40, 2.48, 1.2005, 1.509
2025/07/25 7:21:43, 370.63, 85.88, 3.19, 100.00, 2.86, 2.68, 2.73, 1.1468, 1.509
2025/07/25 7:26:43, 370.71, 85.76, 3.19, 100.00, 2.50, 2.32, 2.37, 0.892, 2.012
2025/07/25 7:31:43, 391.20, 85.88, 3.60, 100.00, 3.32, 3.04, 3.12, 1.2575, 1.509
2025/07/25 7:36:43, 391.20, 85.91, 3.65, 100.00, 3.12, 2.91, 3.01, 1.1167, 1.509
2025/07/25 7:41:43, 384.34, 85.91, 3.45, 100.00, 2.89, 2.68, 2.78, 1.2843, 2.012
2025/07/25 7:46:43, 384.34, 85.91, 3.53, 100.00, 2.99, 2.68, 2.76, 1.4587, 2.012
2025/07/25 7:51:43, 384.34, 86.32, 3.90, 100.00, 3.32, 3.09, 3.09, 1.2609, 1.509
2025/07/25 7:56:43, 384.34, 86.35, 4.23, 100.00, 3.60, 3.40, 3.43, 1.12, 1.509
2025/07/25 8:01:43, 384.34, 86.38, 4.51, 100.00, 3.43, 3.45, 3.70, 0.674, 1.006
2025/07/25 8:06:43, 378.10, 86.38, 4.21, 100.00, 3.45, 3.25, 3.37, 1.1167, 1.509
2025/07/25 8:11:43, 388.91, 86.32, 4.64, 100.00, 4.21, 3.90, 3.90, 1.1368, 1.509
2025/07/25 8:16:43, 406.76, 86.29, 3.90, 100.00, 3.19, 3.01, 3.09, 1.3749, 2.012
2025/07/25 8:21:43, 404.38, 86.32, 3.90, 100.00, 3.50, 3.19, 3.32, 1.5828, 2.012
2025/07/25 8:26:43, 395.77, 86.32, 3.90, 100.00, 3.43, 3.14, 3.19, 1.6431, 2.012
2025/07/25 8:31:43, 392.69, 86.32, 3.80, 100.00, 3.19, 2.91, 2.99, 1.7404, 2.515
2025/07/25 8:36:43, 392.08, 86.35, 4.08, 100.00, 3.43, 3.12, 3.19, 1.7068, 2.012
2025/07/25 8:41:43, 396.21, 86.35, 3.95, 100.00, 3.25, 2.99, 2.89, 1.8779, 2.515
2025/07/25 8:46:43, 390.41, 86.38, 4.21, 100.00, 3.55, 3.22, 3.25, 1.8443, 2.515
2025/07/25 8:51:43, 388.56, 86.38, 4.44, 100.00, 3.55, 3.25, 3.35, 1.7136, 2.012
2025/07/25 8:56:43, 392.43, 86.41, 4.31, 100.00, 3.55, 3.27, 3.32, 2.0556, 2.515
2025/07/25 9:01:43, 390.58, 86.41, 4.66, 100.00, 3.90, 3.60, 3.65, 1.955, 2.515
2025/07/25 9:06:43, 383.29, 86.48, 4.91, 100.00, 3.95, 3.65, 3.98, 1.7605, 2.012
2025/07/25 9:11:43, 380.65, 86.51, 5.08, 100.00, 4.13, 3.88, 4.18, 1.9416, 2.515
2025/07/25 9:16:43, 381.18, 86.54, 5.23, 100.00, 4.21, 3.90, 4.10, 1.784, 2.515
2025/07/25 9:21:43, 380.65, 86.54, 5.21, 100.00, 4.39, 4.00, 4.33, 2.0522, 3.018
2025/07/25 9:26:43, 379.51, 86.57, 5.16, 100.00, 4.44, 3.98, 4.41, 2.1294, 2.515
2025/07/25 9:31:43, 369.92, 86.57, 5.31, 100.00, 4.51, 4.13, 4.44, 2.3339, 3.018
2025/07/25 9:36:43, 367.29, 86.57, 5.75, 100.00, 4.95, 4.51, 4.91, 2.0422, 3.018
2025/07/25 9:41:43, 354.80, 87.07, 7.04, 100.00, 5.82, 5.46, 5.94, 1.7538, 2.515
2025/07/25 9:46:43, 362.10, 88.07, 7.76, 100.00, 6.21, 5.68, 6.39, 1.3212, 2.012
2025/07/25 9:51:43, 362.19, 86.76, 9.30, 100.00, 6.89, 6.11, 6.48, 0.3655, 1.509
2025/07/25 9:56:43, 362.19, 86.57, 10.89, 100.00, 7.86, 7.31, 7.88, 0.0469, 1.006
2025/07/25 10:01:43, 387.07, 86.38, 10.71, 91.53, 7.55, 7.26, 8.12, 0.4963, 1.509
2025/07/25 10:06:43, 419.42, 86.20, 9.54, 76.11, 6.48, 5.92, 6.73, 1.0429, 2.012
2025/07/25 10:11:43, 410.10, 85.98, 9.64, 70.82, 6.99, 5.92, 7.04, 1.5694, 2.012
2025/07/25 10:16:43, 417.31, 85.79, 8.92, 69.63, 5.85, 5.13, 6.16, 1.9885, 2.515
2025/07/25 10:21:43, 407.29, 85.70, 8.29, 71.47, 6.06, 5.21, 6.29, 2.0757, 3.018
2025/07/25 10:26:43, 399.02, 85.63, 9.42, 67.48, 7.33, 6.14, 7.14, 1.7605, 2.515
2025/07/25 10:31:43, 396.82, 85.70, 8.99, 66.79, 6.87, 5.70, 6.58, 2.1327, 3.018
2025/07/25 10:36:43, 373.35, 85.76, 8.41, 68.12, 5.60, 4.71, 5.70, 1.9349, 2.515
2025/07/25 10:41:43, 357.88, 85.88, 8.21, 70.35, 5.89, 4.93, 5.85, 1.9181, 3.018
2025/07/25 10:46:43, 353.04, 85.91, 7.79, 70.88, 5.46, 4.59, 5.41, 2.3406, 3.018
2025/07/25 10:51:43, 381.44, 85.95, 8.90, 67.26, 7.23, 5.80, 6.80, 1.7404, 2.515
2025/07/25 10:56:43, 378.01, 85.98, 8.88, 66.70, 6.73, 5.48, 6.46, 1.9516, 3.018
2025/07/25 11:01:43, 391.11, 85.98, 9.30, 65.01, 7.93, 6.41, 7.45, 1.737, 3.018
2025/07/25 11:06:43, 389.00, 85.98, 10.64, 63.48, 8.78, 6.89, 7.57, 1.338, 2.515
2025/07/25 11:11:43, 402.10, 85.91, 12.16, 56.81, 10.03, 8.29, 9.26, 1.2206, 2.012
2025/07/25 11:16:43, 397.44, 85.95, 11.40, 59.56, 9.23, 7.64, 8.64, 1.5627, 2.515
2025/07/25 11:21:43, 399.90, 85.98, 11.22, 58.42, 8.92, 7.33, 8.36, 1.4654, 2.515
2025/07/25 11:26:43, 402.98, 85.91, 11.22, 59.01, 8.29, 6.99, 7.79, 1.5425, 2.515
2025/07/25 11:31:43, 417.40, 85.91, 11.03, 60.63, 8.04, 6.89, 7.60, 1.2541, 2.012
2025/07/25 11:36:43, 420.03, 85.91, 10.59, 59.31, 7.52, 6.82, 7.81, 1.3413, 2.012
2025/07/25 11:41:43, 403.51, 85.88, 11.86, 57.71, 9.42, 7.62, 8.14, 1.3615, 2.012
2025/07/25 11:46:43, 399.90, 85.91, 11.52, 56.14, 8.83, 7.38, 7.93, 1.623, 2.012
2025/07/25 11:51:43, 389.35, 85.85, 9.94, 66.03, 7.28, 6.85, 7.09, 1.8846, 2.515
2025/07/25 11:56:43, 395.24, 85.91, 11.17, 63.11, 9.42, 8.64, 8.26, 1.1703, 2.012
2025/07/25 12:01:43, 402.71, 85.95, 11.24, 67.33, 8.90, 8.97, 8.41, 1.0999, 1.509
2025/07/25 12:06:43, 401.13, 85.91, 11.33, 61.11, 8.97, 8.85, 8.09, 1.2072, 1.509
2025/07/25 12:11:43, 390.14, 85.98, 10.34, 62.74, 8.09, 7.83, 7.64, 1.3413, 2.012
2025/07/25 12:16:43, 390.14, 85.91, 9.77, 65.15, 7.26, 7.01, 7.06, 1.3547, 2.012
2025/07/25 12:21:43, 390.14, 85.95, 9.64, 69.33, 7.57, 6.94, 7.55, 1.452, 2.012
2025/07/25 12:26:43, 390.14, 85.88, 9.80, 67.83, 7.64, 7.38, 7.16, 1.6197, 2.012
2025/07/25 12:31:43, 391.46, 85.88, 9.54, 69.43, 7.62, 7.21, 7.04, 1.8242, 2.012
2025/07/25 12:36:43, 389.44, 85.76, 9.77, 64.11, 7.67, 7.38, 7.14, 1.8343, 2.515
2025/07/25 12:41:43, 392.43, 85.73, 10.55, 62.73, 8.97, 8.41, 8.53, 1.6465, 2.012
2025/07/25 12:46:43, 411.95, 85.76, 11.38, 59.14, 8.95, 8.97, 9.19, 1.6297, 2.012
2025/07/25 12:51:43, 410.01, 85.85, 11.57, 56.37, 9.21, 8.78, 8.81, 1.67, 2.012
2025/07/25 12:56:43, 407.37, 85.95, 12.25, 53.99, 9.54, 8.57, 8.50, 1.4486, 2.012
2025/07/25 13:01:43, 387.77, 85.85, 11.03, 55.19, 7.21, 6.94, 7.31, 1.5828, 2.012
2025/07/25 13:06:43, 383.20, 85.88, 10.43, 57.65, 7.18, 7.01, 7.33, 1.8477, 2.012
2025/07/25 13:11:43, 389.62, 85.95, 10.15, 58.84, 7.69, 7.40, 7.55, 1.9449, 2.515
2025/07/25 13:16:43, 385.48, 85.91, 9.98, 58.97, 7.35, 7.01, 7.26, 1.9952, 2.515
2025/07/25 13:21:43, 384.87, 85.95, 9.80, 59.99, 7.21, 6.94, 7.18, 1.9986, 2.515
2025/07/25 13:26:43, 386.27, 85.98, 9.11, 62.54, 6.77, 6.53, 6.82, 2.1059, 2.515
2025/07/25 13:31:43, 390.49, 85.98, 8.88, 62.95, 6.82, 6.58, 6.75, 1.9583, 2.515
2025/07/25 13:36:43, 388.30, 85.98, 8.64, 65.18, 6.46, 6.29, 6.39, 1.9516, 2.515
2025/07/25 13:41:43, 386.89, 85.95, 8.76, 65.79, 6.44, 6.29, 6.61, 1.8343, 2.012
2025/07/25 13:46:43, 381.79, 85.98, 8.02, 69.73, 5.63, 5.51, 5.87, 1.9483, 2.515
2025/07/25 13:51:43, 381.79, 85.98, 7.97, 70.01, 5.55, 5.41, 5.77, 1.7907, 2.012
2025/07/25 13:56:43, 379.24, 85.98, 7.81, 71.66, 5.46, 5.31, 5.65, 2.0053, 2.515
2025/07/25 14:01:43, 378.01, 85.98, 7.57, 74.25, 5.33, 5.23, 5.46, 2.173, 2.515
2025/07/25 14:06:43, 379.51, 85.98, 7.50, 73.39, 5.38, 5.23, 5.48, 2.2199, 2.515
2025/07/25 14:11:43, 377.75, 85.95, 7.88, 72.85, 5.51, 5.38, 5.55, 2.2065, 3.018
2025/07/25 14:16:43, 381.35, 85.95, 8.02, 70.43, 5.89, 5.65, 5.99, 2.3339, 3.018
2025/07/25 14:21:43, 382.58, 85.95, 8.12, 69.78, 5.97, 5.70, 5.97, 2.2434, 2.515
2025/07/25 14:26:43, 381.70, 85.91, 8.31, 69.88, 6.16, 5.94, 6.19, 2.2534, 2.515
2025/07/25 14:31:43, 379.42, 85.95, 8.48, 68.13, 5.89, 5.73, 5.99, 2.2568, 3.018
2025/07/25 14:36:43, 376.34, 85.98, 7.79, 71.47, 5.26, 5.08, 5.28, 2.4882, 3.018
2025/07/25 14:41:43, 377.57, 85.95, 7.76, 73.28, 5.51, 5.38, 5.55, 2.4178, 3.521
2025/07/25 14:46:43, 377.22, 85.95, 7.71, 73.57, 5.38, 5.23, 5.48, 2.411, 3.018
2025/07/25 14:51:43, 378.19, 85.95, 7.74, 73.38, 5.53, 5.33, 5.70, 2.2467, 2.515
2025/07/25 14:56:43, 382.41, 85.95, 8.62, 69.52, 6.56, 6.34, 6.65, 2.1528, 2.515
2025/07/25 15:01:43, 385.13, 85.95, 8.62, 67.92, 6.21, 6.06, 6.51, 2.1294, 2.515
2025/07/25 15:06:43, 385.04, 85.98, 8.31, 69.92, 6.11, 5.92, 6.16, 2.23, 2.515
2025/07/25 15:11:43, 386.98, 85.98, 8.12, 70.81, 6.16, 5.94, 6.16, 2.2266, 2.515
2025/07/25 15:16:43, 394.36, 86.01, 8.41, 68.67, 6.96, 6.65, 6.68, 1.9818, 2.515
2025/07/25 15:21:43, 395.24, 85.98, 9.23, 63.78, 7.35, 7.06, 6.92, 1.8142, 2.515
2025/07/25 15:26:43, 400.96, 85.98, 8.81, 64.13, 6.82, 6.51, 6.46, 2.2031, 2.515
2025/07/25 15:31:43, 395.86, 85.95, 8.24, 65.57, 6.19, 5.85, 5.80, 2.297, 3.018
2025/07/25 15:36:43, 386.01, 85.95, 8.07, 66.10, 6.11, 5.80, 5.85, 2.3004, 3.018
2025/07/25 15:41:43, 384.43, 85.95, 7.23, 70.02, 5.13, 4.88, 5.08, 2.5653, 3.018
2025/07/25 15:46:43, 372.82, 85.95, 6.92, 72.85, 4.81, 4.69, 4.91, 2.4479, 3.018
2025/07/25 15:51:43, 373.88, 85.98, 7.06, 73.47, 4.81, 4.73, 4.95, 2.2233, 3.018
2025/07/25 15:56:43, 369.40, 85.95, 7.21, 76.00, 5.10, 5.03, 5.23, 2.1428, 2.515
2025/07/25 16:01:43, 370.71, 85.88, 8.17, 71.90, 5.99, 5.94, 6.14, 2.0522, 2.515
2025/07/25 16:06:43, 374.67, 86.01, 9.26, 65.79, 6.41, 6.29, 6.56, 2.116, 3.018
2025/07/25 16:11:43, 373.88, 86.01, 8.67, 68.11, 6.01, 5.89, 6.09, 2.3205, 3.018
2025/07/25 16:16:43, 371.24, 86.04, 7.93, 71.08, 5.41, 5.33, 5.48, 2.3406, 3.018
2025/07/25 16:21:43, 375.73, 85.98, 7.31, 72.14, 4.91, 4.81, 4.95, 2.1998, 3.018
2025/07/25 16:26:43, 377.40, 85.95, 6.96, 73.89, 4.86, 4.76, 4.93, 2.0992, 2.515
2025/07/25 16:31:43, 394.54, 85.95, 6.75, 72.86, 5.33, 5.13, 5.13, 2.0355, 2.515
2025/07/25 16:36:43, 389.09, 85.95, 6.39, 72.92, 4.76, 4.51, 4.61, 2.1897, 3.018
2025/07/25 16:41:43, 386.54, 85.95, 5.99, 74.48, 4.51, 4.33, 4.41, 2.4211, 3.018
2025/07/25 16:46:43, 386.54, 85.98, 6.01, 74.52, 4.56, 4.36, 4.46, 2.4714, 3.018
2025/07/25 16:51:43, 386.71, 85.95, 5.70, 75.95, 4.31, 4.10, 4.18, 2.7095, 3.018
2025/07/25 16:56:43, 382.23, 85.98, 5.38, 78.29, 4.10, 3.93, 4.00, 2.8436, 3.521
2025/07/25 17:01:43, 386.71, 85.98, 5.31, 78.72, 4.10, 3.93, 4.03, 2.7631, 3.521
2025/07/25 17:06:43, 383.37, 85.95, 5.23, 79.19, 4.00, 3.85, 3.93, 2.6592, 3.521
2025/07/25 17:11:43, 385.75, 85.95, 5.26, 80.48, 4.18, 4.03, 4.05, 2.7598, 4.024
2025/07/25 17:16:43, 381.70, 85.98, 5.21, 81.02, 4.03, 3.90, 3.93, 2.7967, 4.024
2025/07/25 17:21:43, 374.76, 85.95, 4.95, 82.67, 3.80, 3.70, 3.70, 2.9241, 4.024
2025/07/25 17:26:43, 384.60, 85.98, 5.08, 81.70, 4.00, 3.85, 3.93, 2.6055, 3.521
2025/07/25 17:31:43, 380.21, 85.98, 4.91, 82.19, 3.73, 3.58, 3.63, 2.5687, 3.018
2025/07/25 17:36:43, 382.41, 85.98, 4.91, 82.41, 3.83, 3.70, 3.78, 2.3339, 3.018
2025/07/25 17:41:43, 396.38, 85.95, 4.93, 81.75, 4.13, 3.98, 3.95, 2.2065, 3.018
2025/07/25 17:46:43, 397.00, 85.98, 4.95, 80.72, 4.05, 3.83, 3.80, 2.1428, 3.018
2025/07/25 17:51:43, 396.91, 85.98, 4.93, 80.02, 3.95, 3.78, 3.73, 2.1428, 2.515
2025/07/25 17:56:43, 385.84, 85.98, 4.56, 81.69, 3.48, 3.32, 3.40, 2.0221, 2.515
2025/07/25 18:01:43, 399.55, 85.98, 4.59, 81.99, 3.83, 3.65, 3.65, 1.908, 2.515
2025/07/25 18:06:43, 401.04, 85.98, 4.41, 83.09, 3.63, 3.50, 3.40, 2.4312, 3.018
2025/07/25 18:11:43, 401.22, 85.95, 4.36, 84.15, 3.70, 3.53, 3.43, 2.8839, 3.521
2025/07/25 18:16:43, 372.91, 85.98, 4.49, 82.56, 3.09, 3.09, 3.22, 1.8376, 3.018
2025/07/25 18:21:43, 401.31, 85.98, 4.61, 84.45, 3.95, 3.78, 3.70, 1.7639, 3.018
2025/07/25 18:26:43, 401.84, 85.98, 4.78, 84.34, 4.10, 3.90, 3.78, 3.0012, 4.024
2025/07/25 18:31:43, 395.51, 85.98, 4.64, 83.39, 3.83, 3.60, 3.55, 2.8336, 3.521
2025/07/25 18:36:43, 389.97, 85.98, 4.71, 84.14, 3.90, 3.70, 3.68, 2.5385, 3.521
2025/07/25 18:41:43, 388.65, 85.98, 4.41, 86.59, 3.75, 3.60, 3.58, 2.8503, 4.024
2025/07/25 18:46:43, 382.14, 85.98, 4.26, 84.80, 3.32, 3.22, 3.27, 2.0724, 3.018
2025/07/25 18:51:43, 381.09, 85.98, 4.03, 86.74, 2.96, 2.84, 2.86, 1.727, 2.515
2025/07/25 18:56:43, 381.09, 85.98, 4.03, 87.66, 3.22, 3.09, 3.09, 1.4721, 2.012
2025/07/25 19:01:43, 405.44, 85.98, 3.65, 88.21, 2.78, 2.61, 2.61, 1.1535, 1.509
2025/07/25 19:06:43, 412.12, 85.98, 3.35, 88.23, 2.50, 2.37, 2.48, 1.5828, 2.012
2025/07/25 19:11:43, 404.21, 85.98, 3.19, 90.11, 2.56, 2.40, 2.37, 1.8645, 2.515
2025/07/25 19:16:43, 393.84, 85.98, 2.81, 91.72, 2.19, 2.06, 2.06, 1.9215, 2.515
2025/07/25 19:21:43, 393.92, 86.01, 2.96, 94.13, 2.56, 2.37, 2.30, 1.9148, 2.515
2025/07/25 19:26:43, 393.04, 86.01, 2.68, 92.79, 2.03, 1.93, 1.95, 1.5124, 2.012
2025/07/25 19:31:43, 392.96, 85.98, 2.58, 94.24, 1.98, 1.88, 1.88, 1.737, 2.012
2025/07/25 19:36:43, 386.45, 86.01, 2.73, 97.42, 2.24, 2.06, 2.00, 1.8477, 2.012
2025/07/25 19:41:43, 386.54, 85.98, 2.78, 96.18, 2.30, 2.14, 2.06, 1.6029, 2.012
2025/07/25 19:46:43, 386.54, 86.01, 2.58, 96.14, 2.08, 1.95, 1.90, 1.5392, 2.012
2025/07/25 19:51:43, 381.62, 86.01, 2.78, 100.00, 2.19, 1.95, 1.85, 1.4587, 2.012
2025/07/25 19:56:43, 378.54, 85.98, 2.66, 99.12, 2.16, 1.95, 1.88, 1.898, 2.515
2025/07/25 20:01:43, 379.15, 85.98, 2.45, 98.53, 1.98, 1.85, 1.83, 1.9919, 2.515
2025/07/25 20:06:43, 376.52, 86.01, 2.48, 99.31, 2.06, 1.95, 1.88, 2.0388, 2.515
2025/07/25 20:11:43, 386.63, 85.98, 2.37, 99.54, 2.06, 1.95, 1.90, 1.9986, 2.515
2025/07/25 20:16:43, 383.02, 85.98, 2.27, 100.00, 2.08, 1.98, 1.95, 2.24, 3.018
2025/07/25 20:21:43, 376.96, 86.01, 2.37, 100.00, 2.27, 2.16, 2.08, 2.354, 3.018
2025/07/25 20:26:43, 384.08, 85.98, 2.27, 100.00, 1.95, 1.90, 1.85, 2.3976, 3.018
2025/07/25 20:31:43, 388.03, 86.01, 2.06, 100.00, 1.98, 1.90, 1.83, 2.7665, 3.018
2025/07/25 20:36:43, 396.56, 85.98, 2.03, 100.00, 1.77, 1.67, 1.62, 2.676, 3.018
2025/07/25 20:41:43, 397.35, 86.01, 1.75, 100.00, 1.54, 1.46, 1.43, 2.7296, 3.018
2025/07/25 20:46:43, 400.52, 86.01, 1.64, 100.00, 1.51, 1.43, 1.41, 2.6793, 3.521
2025/07/25 20:51:43, 393.66, 85.98, 1.70, 100.00, 1.67, 1.59, 1.54, 3.0146, 3.521
2025/07/25 20:56:43, 399.55, 85.98, 1.75, 100.00, 1.75, 1.67, 1.64, 3.0549, 4.024
2025/07/25 21:01:43, 385.22, 85.98, 1.85, 100.00, 1.75, 1.67, 1.64, 3.2393, 4.024
2025/07/25 21:06:43, 391.90, 85.98, 1.90, 100.00, 1.85, 1.77, 1.75, 3.0415, 4.024
2025/07/25 21:11:43, 393.31, 85.98, 1.85, 100.00, 1.83, 1.75, 1.72, 2.961, 3.521
2025/07/25 21:16:43, 386.71, 85.95, 1.98, 100.00, 1.93, 1.85, 1.77, 2.9409, 4.024
2025/07/25 21:21:43, 403.68, 85.98, 1.93, 100.00, 1.85, 1.77, 1.72, 3.1253, 4.024
2025/07/25 21:26:43, 399.29, 85.95, 1.90, 100.00, 2.08, 2.06, 1.95, 2.9308, 3.521
2025/07/25 21:31:43, 385.75, 85.98, 2.27, 100.00, 2.53, 2.45, 2.32, 3.1052, 4.527
2025/07/25 21:36:43, 408.34, 85.98, 2.48, 100.00, 2.50, 2.40, 2.30, 2.4144, 4.024
2025/07/25 21:41:43, 389.44, 85.95, 2.68, 100.00, 2.48, 2.37, 2.27, 2.1126, 3.521
2025/07/25 21:46:43, 388.03, 85.95, 2.84, 100.00, 2.84, 2.68, 2.48, 2.354, 3.018
2025/07/25 21:51:43, 384.69, 85.98, 2.91, 99.32, 2.84, 2.71, 2.56, 2.7296, 3.521
2025/07/25 21:56:43, 388.74, 85.98, 2.73, 99.07, 2.61, 2.43, 2.30, 2.4982, 3.018
2025/07/25 22:01:43, 390.67, 85.98, 3.22, 98.03, 2.78, 2.61, 2.45, 2.6625, 3.521
2025/07/25 22:06:43, 378.89, 85.95, 2.81, 98.79, 2.58, 2.43, 2.27, 2.7699, 3.521
2025/07/25 22:11:43, 403.33, 85.98, 2.27, 99.85, 2.11, 1.98, 1.85, 2.1193, 3.018
2025/07/25 22:16:43, 484.47, 85.98, 2.06, 100.00, 2.14, 2.03, 1.85, 1.4453, 2.515
2025/07/25 22:21:43, 403.51, 85.98, 2.58, 100.00, 2.50, 2.40, 2.27, 1.063, 2.012
2025/07/25 22:26:43, 398.23, 85.98, 2.27, 100.00, 2.27, 2.08, 1.95, 1.6062, 2.515
2025/07/25 22:31:43, 398.05, 85.98, 2.68, 100.00, 2.22, 1.98, 1.80, 1.5023, 2.515
2025/07/25 22:36:43, 422.85, 85.98, 2.71, 100.00, 2.48, 2.06, 1.77, 1.5358, 2.515
2025/07/25 22:41:43, 397.35, 85.98, 2.43, 100.00, 1.80, 1.54, 1.38, 1.4084, 2.012
2025/07/25 22:46:43, 397.88, 85.98, 2.37, 100.00, 2.11, 1.85, 1.64, 1.5895, 2.012
2025/07/25 22:51:43, 397.88, 86.01, 2.53, 100.00, 2.27, 1.88, 1.67, 1.3581, 2.012
2025/07/25 22:56:43, 445.00, 85.98, 2.56, 100.00, 2.32, 2.16, 1.95, 1.0965, 1.509
2025/07/25 23:01:43, 463.37, 85.98, 4.00, 100.00, 4.95, 4.36, 2.61, 1.4688, 2.012
2025/07/25 23:06:43, 463.37, 85.98, 3.95, 100.00, 4.05, 3.78, 3.09, 0.6975, 1.006
2025/07/25 23:11:43, 463.37, 85.98, 3.70, 100.00, 3.45, 3.30, 2.99, 0.0, 0.0
2025/07/25 23:16:43, 381.79, 85.95, 3.06, 100.00, 2.22, 1.90, 1.64, 0.8014, 2.012
2025/07/25 23:21:43, 381.53, 85.98, 3.25, 100.00, 2.61, 2.27, 1.95, 1.5392, 2.012
2025/07/25 23:26:43, 381.53, 85.95, 3.14, 100.00, 2.61, 2.37, 2.03, 1.2407, 1.509
2025/07/25 23:31:43, 386.01, 85.98, 2.37, 100.00, 2.03, 1.85, 1.75, 2.0254, 2.515
2025/07/25 23:36:43, 398.93, 85.98, 2.08, 100.00, 1.77, 1.67, 1.57, 2.3675, 3.018
2025/07/25 23:41:43, 390.93, 85.95, 1.90, 100.00, 1.70, 1.59, 1.54, 2.6558, 3.018
2025/07/25 23:46:43, 383.90, 85.98, 2.22, 100.00, 2.22, 1.95, 1.77, 2.6223, 3.018
2025/07/25 23:51:43, 389.44, 85.98, 2.19, 100.00, 1.98, 1.83, 1.70, 2.2769, 3.018
2025/07/25 23:56:43, 382.58, 85.95, 2.16, 100.00, 2.03, 1.88, 1.75, 2.0992, 2.515
2025/07/26 0:01:43, 389.97, 85.98, 1.90, 100.00, 1.77, 1.67, 1.54, 2.2769, 3.018
2025/07/26 0:06:43, 388.82, 85.98, 1.83, 100.00, 1.75, 1.62, 1.49, 2.297, 3.018
2025/07/26 0:11:43, 388.03, 85.98, 1.77, 100.00, 1.75, 1.62, 1.54, 2.4345, 3.018
2025/07/26 0:16:43, 379.86, 85.95, 1.88, 100.00, 1.77, 1.64, 1.57, 2.2467, 3.018
2025/07/26 0:21:43, 390.49, 85.98, 1.80, 100.00, 1.64, 1.54, 1.43, 1.9684, 2.515
2025/07/26 0:26:43, 390.67, 85.98, 1.64, 100.00, 1.54, 1.43, 1.35, 1.727, 2.515
2025/07/26 0:31:43, 383.81, 85.95, 2.19, 100.00, 2.27, 2.08, 1.90, 1.7639, 2.515
2025/07/26 0:36:43, 386.80, 85.98, 2.32, 100.00, 2.11, 1.90, 1.75, 1.8846, 2.515
2025/07/26 0:41:43, 386.80, 85.98, 2.00, 100.00, 1.64, 1.54, 1.43, 1.727, 2.515
2025/07/26 0:46:43, 386.80, 85.95, 1.77, 100.00, 1.57, 1.49, 1.38, 1.0194, 1.509
2025/07/26 0:51:43, 408.43, 85.95, 2.43, 100.00, 2.56, 2.35, 2.11, 1.5828, 2.012
2025/07/26 0:56:43, 411.68, 85.95, 2.71, 100.00, 2.58, 2.37, 2.16, 1.4822, 2.012
2025/07/26 1:01:43, 409.22, 85.95, 2.32, 100.00, 2.16, 1.98, 1.80, 1.7605, 2.012
2025/07/26 1:06:43, 397.53, 85.95, 2.58, 100.00, 2.32, 2.06, 1.85, 1.7538, 2.012
2025/07/26 1:11:43, 406.14, 85.95, 2.48, 100.00, 2.32, 2.14, 1.95, 1.9885, 2.515
2025/07/26 1:16:43, 406.41, 85.95, 3.01, 100.00, 2.99, 2.71, 2.27, 2.0422, 2.515
2025/07/26 1:21:43, 418.10, 85.95, 3.04, 100.00, 2.89, 2.53, 2.22, 1.6431, 2.515
2025/07/26 1:26:43, 406.93, 85.95, 3.06, 100.00, 2.48, 2.08, 1.85, 1.9718, 2.515
2025/07/26 1:31:43, 427.95, 85.95, 3.40, 100.00, 3.27, 2.58, 2.08, 1.7236, 2.012
2025/07/26 1:36:43, 405.62, 85.95, 3.88, 100.00, 3.53, 2.81, 2.35, 1.908, 2.515
2025/07/26 1:41:43, 422.32, 85.95, 3.40, 100.00, 2.73, 2.22, 1.93, 1.9215, 2.515
2025/07/26 1:46:43, 422.67, 85.91, 3.17, 100.00, 2.94, 2.32, 1.80, 1.7303, 2.515
2025/07/26 1:51:43, 421.70, 85.95, 3.53, 100.00, 2.73, 2.30, 2.00, 1.6297, 2.012
2025/07/26 1:56:43, 404.74, 85.91, 2.53, 100.00, 2.06, 1.88, 1.72, 2.0791, 2.515
2025/07/26 2:01:43, 395.07, 85.95, 2.16, 100.00, 1.75, 1.59, 1.51, 2.0657, 2.515
2025/07/26 2:06:43, 396.21, 85.95, 2.45, 100.00, 2.22, 1.98, 1.85, 2.2702, 3.018
2025/07/26 2:11:43, 401.66, 85.95, 2.27, 100.00, 1.85, 1.67, 1.57, 2.2568, 3.018
2025/07/26 2:16:43, 410.45, 85.95, 2.81, 100.00, 2.35, 2.08, 1.93, 2.1964, 3.018
2025/07/26 2:21:43, 389.79, 85.91, 1.90, 100.00, 1.59, 1.49, 1.38, 2.1562, 2.515
2025/07/26 2:26:43, 379.59, 85.95, 1.77, 100.00, 1.75, 1.64, 1.54, 2.1461, 2.515
2025/07/26 2:31:43, 373.09, 85.91, 2.16, 100.00, 2.22, 2.08, 1.98, 2.0455, 3.018
2025/07/26 2:36:43, 370.98, 85.91, 2.14, 100.00, 2.06, 1.93, 1.80, 1.9885, 2.515
2025/07/26 2:41:43, 381.18, 85.91, 1.88, 100.00, 2.00, 1.90, 1.80, 1.3179, 2.012
2025/07/26 2:46:43, 411.95, 85.95, 1.75, 100.00, 1.46, 1.33, 1.25, 1.5627, 2.012
2025/07/26 2:51:43, 407.99, 85.95, 1.72, 100.00, 1.83, 1.70, 1.59, 2.0623, 3.018
2025/07/26 2:56:43, 400.60, 85.91, 1.80, 100.00, 1.75, 1.67, 1.59, 2.1495, 3.018
2025/07/26 3:01:43, 403.77, 85.88, 1.57, 100.00, 1.49, 1.38, 1.30, 1.7203, 2.515
2025/07/26 3:06:43, 398.49, 85.91, 1.41, 100.00, 1.35, 1.27, 1.22, 1.5526, 2.012
2025/07/26 3:11:43, 367.11, 85.91, 1.67, 100.00, 2.06, 1.93, 1.80, 1.6733, 2.515
2025/07/26 3:16:43, 374.32, 85.91, 2.08, 100.00, 2.37, 2.24, 2.08, 2.1428, 2.515
2025/07/26 3:21:43, 370.01, 85.91, 2.22, 100.00, 2.19, 2.16, 2.06, 3.0348, 4.024
2025/07/26 3:26:43, 377.40, 85.88, 2.32, 100.00, 2.27, 2.16, 2.08, 3.6618, 4.527
2025/07/26 3:31:43, 379.33, 85.88, 2.00, 100.00, 1.95, 1.88, 1.80, 3.303, 4.024
2025/07/26 3:36:43, 407.55, 85.91, 1.77, 100.00, 1.64, 1.57, 1.51, 2.5653, 3.521
2025/07/26 3:41:43, 414.58, 85.88, 1.57, 100.00, 1.54, 1.46, 1.41, 1.9583, 3.018
2025/07/26 3:46:43, 409.22, 85.88, 1.51, 100.00, 1.49, 1.41, 1.30, 2.3708, 3.018
2025/07/26 3:51:43, 413.53, 85.88, 1.41, 100.00, 1.41, 1.30, 1.22, 2.0757, 2.515
2025/07/26 3:56:43, 399.81, 85.88, 1.67, 100.00, 2.06, 1.98, 1.85, 1.7236, 2.515
2025/07/26 4:01:43, 417.75, 85.88, 1.54, 100.00, 1.62, 1.54, 1.43, 1.4553, 2.012
2025/07/26 4:06:43, 419.77, 85.88, 1.54, 100.00, 1.70, 1.51, 1.35, 1.4587, 2.012
2025/07/26 4:11:43, 429.79, 85.88, 1.51, 100.00, 1.64, 1.38, 1.19, 1.2709, 1.509
2025/07/26 4:16:43, 416.78, 85.88, 1.77, 100.00, 1.95, 1.59, 1.33, 1.566, 2.012
2025/07/26 4:21:43, 409.48, 85.88, 1.75, 100.00, 1.88, 1.64, 1.35, 1.6733, 2.012
2025/07/26 4:26:43, 408.69, 85.88, 1.77, 100.00, 1.80, 1.64, 1.43, 1.6029, 2.012
2025/07/26 4:31:43, 408.69, 85.85, 1.75, 100.00, 1.85, 1.57, 1.27, 1.5157, 2.012
2025/07/26 4:36:43, 408.69, 85.88, 1.62, 100.00, 1.46, 1.25, 1.03, 1.6062, 2.012
2025/07/26 4:41:43, 405.97, 85.85, 1.35, 100.00, 1.27, 1.06, 0.90, 1.7136, 2.515
2025/07/26 4:46:43, 394.36, 85.88, 1.72, 100.00, 1.64, 1.43, 1.22, 2.012, 2.515
2025/07/26 4:51:43, 398.41, 85.88, 1.43, 100.00, 1.27, 1.11, 1.00, 1.9483, 2.515
2025/07/26 4:56:43, 394.19, 85.85, 1.27, 100.00, 1.25, 1.14, 1.03, 2.0657, 2.515
2025/07/26 5:01:43, 391.37, 85.85, 1.06, 100.00, 1.03, 0.95, 0.90, 1.9684, 2.515
2025/07/26 5:06:43, 383.99, 85.85, 0.82, 100.00, 0.69, 0.64, 0.58, 2.3104, 3.018
2025/07/26 5:11:43, 390.67, 85.88, 1.00, 100.00, 1.17, 1.00, 0.90, 2.1663, 3.018
2025/07/26 5:16:43, 394.63, 85.85, 1.17, 100.00, 1.08, 1.00, 0.93, 2.287, 3.018
2025/07/26 5:21:43, 394.01, 85.85, 1.03, 100.00, 1.03, 0.90, 0.79, 2.2736, 3.018
2025/07/26 5:26:43, 433.75, 85.85, 1.38, 100.00, 1.22, 1.11, 1.06, 2.1931, 3.018
2025/07/26 5:31:43, 374.49, 85.85, 1.88, 100.00, 2.27, 2.06, 1.85, 2.1897, 3.018
2025/07/26 5:36:43, 383.55, 85.85, 2.71, 100.00, 2.48, 2.22, 2.03, 2.3708, 3.018
2025/07/26 5:41:43, 383.46, 85.88, 3.45, 98.70, 3.12, 2.84, 2.68, 2.2903, 3.018
2025/07/26 5:46:43, 380.82, 85.85, 4.00, 96.79, 3.55, 3.12, 2.84, 2.0657, 2.515
2025/07/26 5:51:43, 377.57, 85.85, 4.46, 94.24, 4.16, 3.75, 3.35, 1.9852, 2.515
2025/07/26 5:56:43, 397.62, 85.88, 4.56, 90.07, 3.80, 3.35, 3.06, 1.9148, 3.018
2025/07/26 6:01:43, 385.84, 85.88, 4.23, 90.85, 3.50, 2.99, 2.84, 2.2635, 3.018
2025/07/26 6:06:43, 390.93, 85.88, 4.31, 92.08, 4.13, 3.25, 2.76, 1.4855, 2.012
2025/07/26 6:11:43, 477.09, 85.88, 4.81, 87.76, 4.18, 3.60, 3.70, 1.281, 2.012
2025/07/26 6:16:43, 434.45, 85.85, 4.41, 91.40, 3.90, 3.65, 3.43, 1.5593, 3.018
2025/07/26 6:21:43, 429.88, 85.88, 4.44, 91.85, 4.26, 4.00, 3.73, 2.6391, 3.018
2025/07/26 6:26:43, 422.76, 85.85, 3.95, 91.68, 3.53, 3.14, 2.84, 2.1193, 3.018
2025/07/26 6:31:43, 427.33, 85.85, 4.66, 89.50, 4.13, 3.70, 3.37, 2.1931, 3.018
2025/07/26 6:36:43, 441.04, 85.88, 5.48, 86.85, 4.81, 4.51, 4.23, 2.1964, 2.515
2025/07/26 6:41:43, 433.84, 85.88, 5.55, 86.68, 5.16, 4.81, 4.49, 2.1763, 3.018
2025/07/26 6:46:43, 435.15, 85.88, 6.29, 83.01, 5.33, 5.48, 4.71, 2.3742, 3.018
2025/07/26 6:51:43, 435.86, 85.88, 7.14, 78.80, 5.94, 6.01, 5.65, 2.4848, 3.521
2025/07/26 6:56:43, 433.04, 85.91, 7.35, 76.69, 6.14, 5.58, 5.31, 2.3239, 3.018
2025/07/26 7:01:43, 432.25, 85.91, 6.99, 76.89, 5.70, 5.33, 4.44, 2.1227, 3.018
2025/07/26 7:06:43, 427.24, 85.95, 7.38, 74.18, 6.09, 5.92, 5.70, 2.0657, 2.515
2025/07/26 7:11:43, 413.44, 85.95, 7.35, 73.33, 6.09, 5.60, 5.38, 1.9013, 2.515
2025/07/26 7:16:43, 424.25, 85.98, 8.02, 72.76, 7.14, 6.65, 6.34, 1.9047, 2.515
2025/07/26 7:21:43, 427.86, 85.95, 7.86, 71.29, 6.41, 6.29, 6.29, 1.6867, 2.012
2025/07/26 7:26:43, 433.66, 85.95, 7.79, 71.88, 6.29, 6.04, 6.04, 2.116, 2.515
2025/07/26 7:31:43, 451.59, 85.95, 8.04, 70.91, 6.58, 6.41, 6.34, 2.012, 2.515
2025/07/26 7:36:43, 428.12, 85.98, 8.07, 70.21, 6.58, 6.48, 6.68, 1.5559, 2.515
2025/07/26 7:41:43, 420.91, 85.95, 8.04, 70.65, 7.01, 6.77, 6.82, 1.7739, 2.515
2025/07/26 7:46:43, 430.14, 85.79, 8.50, 68.50, 6.96, 6.89, 6.94, 2.1528, 3.018
2025/07/26 7:51:43, 433.31, 85.51, 8.07, 69.14, 6.46, 6.34, 6.31, 1.9785, 2.515
2025/07/26 7:56:43, 431.46, 86.13, 8.43, 68.71, 6.96, 6.85, 6.92, 1.9952, 2.515
2025/07/26 8:01:43, 438.41, 87.19, 8.78, 65.91, 6.68, 6.58, 6.58, 1.7102, 2.515
2025/07/26 8:06:43, 428.21, 86.04, 9.54, 65.08, 7.95, 7.74, 7.76, 1.6599, 2.515
2025/07/26 8:11:43, 422.76, 85.10, 9.94, 62.98, 8.69, 8.26, 8.31, 1.8343, 2.515
2025/07/26 8:16:43, 395.95, 85.54, 10.17, 60.33, 8.00, 7.06, 6.89, 1.4319, 2.012
2025/07/26 8:21:43, 403.51, 86.32, 10.55, 58.45, 8.78, 8.41, 8.36, 1.348, 2.515
2025/07/26 8:26:43, 411.77, 86.85, 11.29, 57.79, 10.19, 9.87, 9.87, 0.8551, 1.509
2025/07/26 8:31:43, 411.77, 87.38, 12.42, 53.33, 10.57, 10.00, 9.57, 0.275, 1.006
2025/07/26 8:36:43, 411.77, 86.63, 12.67, 51.19, 9.68, 8.60, 8.29, 0.8115, 1.509
2025/07/26 8:41:43, 375.46, 84.76, 10.68, 56.34, 6.99, 6.53, 6.53, 1.1133, 1.509
2025/07/26 8:46:43, 390.93, 83.79, 11.00, 56.08, 8.50, 7.83, 7.81, 1.291, 2.012
2025/07/26 8:51:43, 410.01, 84.57, 11.17, 56.25, 9.64, 9.38, 9.33, 1.5425, 2.012
2025/07/26 8:56:43, 387.33, 85.54, 11.10, 54.01, 8.31, 7.76, 8.04, 1.1904, 2.012
2025/07/26 9:01:43, 388.03, 86.38, 10.89, 56.22, 8.95, 7.97, 8.02, 1.4889, 2.012
2025/07/26 9:06:43, 385.75, 86.16, 10.36, 57.53, 7.35, 6.51, 6.80, 1.7068, 2.012
2025/07/26 9:11:43, 399.46, 86.35, 10.75, 57.50, 9.26, 8.50, 8.29, 1.6901, 2.012
2025/07/26 9:16:43, 396.56, 86.98, 10.43, 57.80, 8.78, 8.34, 8.19, 1.8913, 2.515
2025/07/26 9:21:43, 392.08, 87.10, 10.34, 57.53, 8.41, 7.88, 7.83, 1.8846, 2.515
2025/07/26 9:26:43, 402.63, 86.94, 10.75, 55.72, 8.90, 8.45, 8.34, 1.7873, 2.515
2025/07/26 9:31:43, 389.35, 86.48, 9.68, 58.30, 7.43, 7.18, 7.28, 2.0992, 3.018
2025/07/26 9:36:43, 382.05, 86.04, 9.14, 61.06, 7.16, 6.89, 7.11, 2.6827, 4.527
2025/07/26 9:41:43, 401.22, 85.57, 9.73, 58.01, 8.04, 7.74, 7.81, 2.1595, 3.018
2025/07/26 9:46:43, 388.12, 85.82, 8.69, 62.08, 7.26, 6.89, 6.85, 3.075, 4.024
2025/07/26 9:51:43, 399.46, 86.63, 9.06, 60.90, 7.67, 7.28, 7.16, 3.0683, 3.521
2025/07/26 9:56:43, 400.25, 89.19, 9.40, 59.90, 8.21, 7.88, 7.48, 2.8939, 3.521
2025/07/26 10:01:43, 407.20, 92.94, 9.96, 58.67, 8.78, 8.36, 8.26, 2.8973, 4.024
2025/07/26 10:06:43, 411.42, 93.34, 10.71, 56.05, 8.97, 8.74, 8.64, 2.4781, 4.024
2025/07/26 10:11:43, 404.47, 92.09, 11.17, 53.83, 9.26, 8.92, 8.97, 2.1528, 3.018
2025/07/26 10:16:43, 406.05, 86.04, 11.12, 54.90, 9.59, 9.26, 9.21, 2.3272, 3.521
2025/07/26 10:21:43, 424.69, 82.70, 11.17, 53.68, 8.57, 8.69, 8.76, 2.3004, 3.521
2025/07/26 10:26:43, 399.90, 83.45, 11.14, 53.12, 8.90, 8.55, 8.38, 2.0154, 3.018
2025/07/26 10:31:43, 397.70, 83.14, 10.93, 55.03, 9.40, 8.88, 8.53, 2.5955, 3.521
2025/07/26 10:36:43, 400.52, 86.32, 10.93, 53.91, 9.11, 8.76, 8.53, 2.4446, 3.018
2025/07/26 10:41:43, 395.59, 88.50, 10.62, 54.51, 8.78, 8.36, 8.07, 2.4546, 3.521
2025/07/26 10:46:43, 393.04, 87.23, 10.45, 55.23, 8.62, 8.21, 7.93, 2.6525, 3.521
2025/07/26 10:51:43, 388.30, 88.50, 10.59, 55.25, 8.67, 8.29, 8.31, 2.4513, 3.018
2025/07/26 10:56:43, 392.87, 87.35, 11.12, 54.19, 9.54, 9.09, 8.88, 2.5116, 3.018
2025/07/26 11:01:43, 390.58, 89.41, 11.12, 53.63, 9.19, 8.74, 8.69, 2.4915, 3.018
2025/07/26 11:06:43, 394.27, 89.82, 10.62, 54.43, 8.76, 8.36, 8.14, 2.7196, 3.521
2025/07/26 11:11:43, 393.13, 87.16, 10.03, 56.93, 8.50, 8.12, 8.02, 3.0381, 3.521
2025/07/26 11:16:43, 393.75, 83.42, 10.24, 55.54, 8.50, 8.09, 7.95, 2.6894, 3.521
2025/07/26 11:21:43, 391.99, 80.98, 9.94, 56.62, 8.12, 7.69, 7.60, 2.9845, 3.521
2025/07/26 11:26:43, 388.56, 80.42, 10.15, 55.94, 8.31, 8.02, 7.93, 2.6055, 3.521
2025/07/26 11:31:43, 394.45, 79.92, 10.73, 54.04, 8.97, 8.71, 8.57, 2.2333, 3.018
2025/07/26 11:36:43, 400.43, 80.36, 10.43, 54.93, 8.74, 8.45, 8.34, 2.3675, 3.018
2025/07/26 11:41:43, 398.41, 80.23, 11.07, 52.88, 9.16, 8.83, 8.74, 2.3004, 3.018
2025/07/26 11:46:43, 399.99, 79.77, 11.10, 53.89, 9.49, 9.21, 9.14, 2.4479, 3.521
2025/07/26 11:51:43, 399.20, 79.67, 12.00, 50.97, 10.19, 9.82, 9.54, 2.3809, 3.018
2025/07/26 11:56:43, 385.31, 81.33, 10.96, 53.47, 8.53, 8.07, 8.00, 2.6827, 4.024
2025/07/26 12:01:43, 385.22, 78.67, 11.00, 53.81, 8.83, 8.50, 8.43, 2.9409, 4.024
2025/07/26 12:06:43, 394.89, 78.02, 11.12, 53.22, 9.19, 8.81, 8.67, 2.6391, 3.018
2025/07/26 12:11:43, 393.31, 74.65, 10.98, 53.40, 8.81, 8.36, 8.17, 2.572, 3.018
2025/07/26 12:16:43, 393.57, 70.03, 11.22, 52.94, 9.26, 8.85, 8.76, 2.619, 3.018
2025/07/26 12:21:43, 383.81, 66.57, 10.55, 55.43, 8.60, 8.31, 8.34, 2.9342, 4.024
2025/07/26 12:26:43, 383.37, 64.60, 10.66, 55.26, 8.78, 8.50, 8.50, 2.6592, 3.521
2025/07/26 12:31:43, 389.00, 70.03, 11.07, 52.70, 8.71, 8.41, 8.41, 2.287, 3.018
2025/07/26 12:36:43, 395.68, 79.74, 11.22, 52.86, 9.35, 8.97, 8.64, 2.5418, 3.018
2025/07/26 12:41:43, 384.87, 84.14, 10.62, 55.59, 8.17, 7.81, 7.81, 2.6927, 4.024
2025/07/26 12:46:43, 388.82, 85.26, 10.48, 56.43, 8.69, 8.34, 8.26, 3.2259, 3.521
2025/07/26 12:51:43, 399.81, 81.86, 10.98, 53.73, 9.45, 9.21, 8.97, 2.629, 3.521
2025/07/26 12:56:43, 386.27, 85.95, 11.24, 52.53, 8.69, 8.36, 8.43, 2.3406, 3.018
2025/07/26 13:01:43, 386.01, 83.01, 10.84, 54.46, 8.62, 8.36, 8.41, 2.733, 3.018
2025/07/26 13:06:43, 396.30, 85.95, 11.43, 52.29, 9.49, 9.26, 8.97, 2.5452, 3.521
2025/07/26 13:11:43, 387.86, 85.95, 11.57, 51.19, 8.31, 7.95, 8.12, 1.9583, 3.018
2025/07/26 13:16:43, 394.10, 85.91, 10.38, 55.45, 8.41, 8.09, 8.02, 2.8604, 4.024
2025/07/26 13:21:43, 402.71, 85.91, 10.43, 54.93, 8.71, 8.48, 8.24, 2.8436, 3.521
2025/07/26 13:26:43, 401.13, 85.88, 10.29, 55.03, 8.31, 8.21, 8.00, 2.7799, 3.521
2025/07/26 13:31:43, 399.20, 85.88, 10.91, 53.20, 8.90, 8.67, 8.53, 2.4178, 3.018
2025/07/26 13:36:43, 396.74, 85.88, 10.36, 54.70, 8.24, 7.95, 7.83, 2.5083, 3.018
2025/07/26 13:41:43, 387.59, 85.88, 9.87, 56.62, 7.71, 7.50, 7.48, 2.6793, 3.018
2025/07/26 13:46:43, 380.30, 85.88, 9.30, 59.11, 6.96, 6.85, 6.96, 2.9677, 3.521
2025/07/26 13:51:43, 383.81, 85.88, 9.33, 59.37, 7.14, 6.99, 7.16, 3.0314, 3.521
2025/07/26 13:56:43, 397.62, 85.91, 10.15, 57.24, 9.02, 8.81, 8.67, 2.7363, 3.521
2025/07/26 14:01:43, 394.01, 85.91, 10.52, 55.20, 8.67, 8.43, 8.26, 2.4613, 3.018
2025/07/26 14:06:43, 406.14, 85.95, 10.84, 53.75, 8.90, 8.69, 8.74, 2.2903, 3.018
2025/07/26 14:11:43, 402.10, 85.95, 10.89, 53.16, 8.53, 8.34, 8.31, 2.1931, 3.018
2025/07/26 14:16:43, 385.66, 85.98, 10.12, 57.32, 8.00, 7.69, 7.69, 2.7464, 3.521
2025/07/26 14:21:43, 383.20, 85.91, 10.59, 56.37, 8.17, 7.97, 8.17, 2.5217, 3.018
2025/07/26 14:26:43, 391.55, 85.63, 10.38, 56.04, 8.34, 8.04, 7.97, 2.6324, 3.521
2025/07/26 14:31:43, 383.02, 84.64, 10.08, 57.76, 7.74, 7.55, 7.64, 2.7061, 4.024
2025/07/26 14:36:43, 386.71, 84.51, 9.82, 58.99, 7.69, 7.48, 7.55, 3.0214, 4.024
2025/07/26 14:41:43, 384.34, 86.85, 9.75, 59.17, 7.67, 7.48, 7.55, 2.9342, 3.521
2025/07/26 14:46:43, 386.89, 87.04, 10.10, 58.43, 8.21, 7.93, 7.97, 2.7631, 3.521
2025/07/26 14:51:43, 384.96, 87.13, 9.73, 59.20, 7.76, 7.55, 7.60, 2.9576, 4.024
2025/07/26 14:56:43, 386.54, 86.29, 10.17, 57.92, 8.04, 7.83, 7.95, 2.3708, 3.018
2025/07/26 15:01:43, 387.15, 85.73, 9.94, 57.78, 7.79, 7.60, 7.67, 2.5251, 3.018
2025/07/26 15:06:43, 392.16, 85.60, 9.84, 57.17, 7.83, 7.55, 7.55, 2.3708, 3.018
2025/07/26 15:11:43, 406.85, 86.76, 9.57, 58.92, 8.02, 7.95, 8.12, 2.3071, 3.018
2025/07/26 15:16:43, 415.29, 86.38, 10.10, 56.83, 7.83, 8.00, 8.24, 1.8343, 2.515
2025/07/26 15:21:43, 407.55, 86.73, 10.08, 57.31, 8.12, 8.21, 8.41, 2.1797, 3.018
2025/07/26 15:26:43, 405.09, 86.04, 10.36, 56.45, 8.53, 8.34, 8.41, 2.1797, 3.018
2025/07/26 15:31:43, 408.96, 85.88, 10.45, 55.16, 8.12, 8.00, 8.24, 1.9282, 2.515
2025/07/26 15:36:43, 404.21, 86.01, 10.03, 56.15, 7.62, 7.45, 7.69, 2.0154, 2.515
2025/07/26 15:41:43, 412.65, 86.01, 9.61, 57.77, 7.52, 7.31, 7.45, 2.297, 2.515
2025/07/26 15:46:43, 398.05, 86.01, 9.19, 59.25, 7.35, 7.16, 7.11, 2.3909, 3.018
2025/07/26 15:51:43, 388.91, 86.04, 8.48, 62.60, 6.68, 6.44, 6.44, 2.7028, 3.018
2025/07/26 15:56:43, 387.77, 86.04, 8.31, 64.10, 6.53, 6.26, 6.31, 3.0281, 4.024
2025/07/26 16:01:43, 378.36, 86.04, 8.31, 65.29, 6.39, 6.19, 6.26, 2.8906, 4.024
2025/07/26 16:06:43, 386.01, 86.04, 8.71, 63.34, 6.87, 6.68, 6.70, 2.6827, 3.018
2025/07/26 16:11:43, 382.32, 86.04, 8.43, 64.04, 6.34, 6.16, 6.29, 2.7631, 3.521
2025/07/26 16:16:43, 380.03, 86.04, 7.93, 65.38, 5.85, 5.68, 5.75, 3.0079, 4.024
2025/07/26 16:21:43, 382.23, 86.01, 7.21, 67.32, 5.23, 5.10, 5.23, 3.2192, 4.024
2025/07/26 16:26:43, 385.40, 86.01, 6.96, 68.24, 5.26, 5.10, 5.21, 3.1488, 4.024
2025/07/26 16:31:43, 382.85, 86.01, 6.94, 68.79, 5.16, 5.05, 5.16, 3.1924, 4.024
2025/07/26 16:36:43, 380.12, 86.01, 7.21, 68.20, 5.31, 5.21, 5.31, 2.9342, 3.521
2025/07/26 16:41:43, 379.24, 85.98, 7.21, 68.09, 5.23, 5.13, 5.21, 3.0448, 3.521
2025/07/26 16:46:43, 382.14, 85.98, 7.09, 68.67, 5.33, 5.21, 5.28, 3.1354, 3.521
2025/07/26 16:51:43, 382.93, 85.98, 7.11, 69.37, 5.43, 5.26, 5.28, 3.3634, 4.024
2025/07/26 16:56:43, 386.71, 85.95, 7.28, 69.29, 5.80, 5.60, 5.58, 3.4204, 4.024
2025/07/26 17:01:43, 385.66, 85.98, 7.18, 69.12, 5.53, 5.36, 5.26, 3.3299, 4.024
2025/07/26 17:06:43, 386.71, 85.98, 6.96, 70.27, 5.43, 5.21, 4.83, 3.5545, 4.024
2025/07/26 17:11:43, 385.75, 85.98, 7.09, 69.96, 5.46, 5.26, 5.33, 3.7054, 4.527
2025/07/26 17:16:43, 386.01, 85.98, 6.82, 70.18, 5.26, 5.05, 5.18, 3.2963, 4.024
2025/07/26 17:21:43, 387.51, 85.95, 6.63, 71.22, 5.03, 4.83, 4.91, 3.3936, 4.024
2025/07/26 17:26:43, 378.80, 85.95, 6.51, 72.27, 5.13, 4.93, 5.00, 3.7658, 4.527
2025/07/26 17:31:43, 381.35, 85.95, 6.58, 71.95, 5.18, 4.95, 5.05, 3.8966, 4.527
2025/07/26 17:36:43, 385.22, 85.95, 6.58, 72.29, 5.21, 4.98, 5.03, 3.7859, 4.527
2025/07/26 17:41:43, 386.45, 85.95, 6.73, 71.98, 5.48, 5.26, 5.28, 3.8295, 4.527
2025/07/26 17:46:43, 384.25, 85.95, 6.80, 71.58, 5.43, 5.18, 5.23, 3.5646, 4.527
2025/07/26 17:51:43, 389.79, 85.95, 6.68, 72.08, 5.41, 5.13, 5.16, 3.6384, 4.527
2025/07/26 17:56:43, 386.54, 85.95, 6.68, 71.97, 5.43, 5.16, 5.16, 3.625, 4.527
2025/07/26 18:01:43, 389.44, 85.95, 6.73, 72.79, 5.48, 5.26, 5.21, 3.91, 5.03
2025/07/26 18:06:43, 384.87, 85.95, 6.94, 72.67, 5.68, 5.43, 5.21, 4.0307, 5.03
2025/07/26 18:11:43, 380.47, 85.95, 7.45, 71.31, 6.01, 5.75, 5.10, 4.0206, 5.03
2025/07/26 18:16:43, 383.55, 85.95, 7.16, 71.52, 5.68, 5.41, 5.21, 3.6484, 4.527
2025/07/26 18:21:43, 379.59, 85.95, 6.89, 71.56, 5.33, 5.03, 5.18, 3.5579, 4.527
2025/07/26 18:26:43, 380.47, 85.95, 6.58, 72.69, 5.16, 4.88, 5.00, 3.6652, 4.527
2025/07/26 18:31:43, 381.88, 85.95, 6.82, 72.51, 5.46, 5.16, 5.21, 3.4439, 4.024
2025/07/26 18:36:43, 407.20, 85.95, 7.35, 69.44, 5.99, 5.70, 5.82, 2.8939, 4.024
2025/07/26 18:41:43, 381.88, 85.95, 6.56, 71.99, 4.91, 4.64, 4.76, 3.2192, 4.024
2025/07/26 18:46:43, 382.58, 85.95, 6.26, 73.27, 4.91, 4.66, 4.78, 3.625, 4.527
2025/07/26 18:51:43, 387.51, 85.95, 6.01, 73.93, 4.73, 4.44, 4.59, 3.625, 4.527
2025/07/26 18:56:43, 392.25, 85.91, 5.92, 74.55, 4.73, 4.39, 4.56, 3.6015, 4.527
2025/07/26 19:01:43, 388.65, 85.91, 5.77, 74.67, 4.54, 4.16, 4.36, 3.4875, 4.527
2025/07/26 19:06:43, 385.92, 85.91, 5.60, 75.38, 4.41, 3.93, 4.26, 3.4841, 4.024
2025/07/26 19:11:43, 387.51, 85.91, 5.31, 76.55, 4.23, 3.73, 4.08, 3.3936, 4.527
2025/07/26 19:16:43, 388.30, 85.95, 5.16, 77.00, 4.13, 3.78, 3.98, 3.1756, 3.521
2025/07/26 19:21:43, 379.15, 85.91, 4.83, 78.64, 3.85, 3.70, 3.75, 3.5009, 4.024
2025/07/26 19:26:43, 386.19, 85.95, 5.26, 77.68, 4.36, 4.16, 4.18, 3.3667, 4.024
2025/07/26 19:31:43, 383.64, 85.91, 5.38, 77.26, 4.44, 4.23, 4.23, 3.2829, 4.024
2025/07/26 19:36:43, 378.63, 85.95, 5.41, 77.23, 4.41, 4.23, 4.23, 3.3064, 4.024
2025/07/26 19:41:43, 380.30, 85.91, 5.53, 77.06, 4.56, 4.41, 4.39, 3.5579, 4.024
2025/07/26 19:46:43, 383.55, 85.91, 5.70, 76.43, 4.73, 4.51, 4.46, 3.8396, 4.527
2025/07/26 19:51:43, 385.40, 85.95, 5.31, 76.66, 4.23, 4.05, 4.05, 3.1387, 4.024
2025/07/26 19:56:43, 375.11, 85.95, 5.60, 76.45, 4.71, 4.54, 4.56, 2.1092, 2.515
2025/07/26 20:01:43, 379.42, 85.95, 6.16, 74.73, 5.16, 4.93, 4.88, 3.0348, 4.024
2025/07/26 20:06:43, 383.37, 85.95, 5.31, 77.21, 4.39, 4.21, 4.18, 3.4573, 4.527
2025/07/26 20:11:43, 384.87, 85.91, 5.00, 78.34, 4.31, 4.08, 4.05, 3.4573, 4.024
2025/07/26 20:16:43, 383.29, 85.91, 5.28, 77.80, 4.56, 4.33, 4.26, 3.1387, 4.527
2025/07/26 20:21:43, 376.16, 85.95, 5.36, 77.26, 4.46, 4.23, 4.18, 3.0381, 3.521
2025/07/26 20:26:43, 382.14, 85.95, 5.41, 77.56, 4.66, 4.44, 4.36, 3.2896, 4.024
2025/07/26 20:31:43, 365.00, 85.95, 3.90, 83.89, 3.68, 3.40, 3.12, 2.6357, 3.521
2025/07/26 20:36:43, 366.32, 85.95, 3.93, 84.63, 3.73, 3.53, 3.32, 2.619, 3.521
2025/07/26 20:41:43, 397.00, 85.95, 3.09, 86.68, 2.86, 2.71, 2.56, 2.9006, 4.527
2025/07/26 20:46:43, 387.07, 85.95, 3.75, 85.18, 3.58, 3.37, 3.14, 3.6417, 4.527
2025/07/26 20:51:43, 385.84, 85.95, 3.32, 86.32, 3.09, 2.91, 2.76, 3.2695, 4.024
2025/07/26 20:56:43, 382.67, 85.98, 2.81, 88.13, 2.56, 2.43, 2.30, 3.0482, 3.521
2025/07/26 21:01:43, 379.86, 85.98, 2.89, 89.02, 2.86, 2.71, 2.58, 3.2494, 4.024
2025/07/26 21:06:43, 342.58, 85.98, 2.99, 88.09, 2.81, 2.63, 2.48, 2.8302, 3.521
2025/07/26 21:11:43, 372.91, 85.98, 2.73, 89.25, 2.68, 2.58, 2.43, 2.3742, 3.018
2025/07/26 21:16:43, 362.01, 85.98, 2.84, 89.75, 3.09, 3.04, 2.94, 2.411, 3.018
2025/07/26 21:21:43, 391.73, 85.98, 2.86, 88.29, 2.63, 2.56, 2.45, 2.5217, 3.521
2025/07/26 21:26:43, 390.05, 86.01, 2.91, 89.58, 3.09, 2.94, 2.76, 3.5344, 4.527
2025/07/26 21:31:43, 388.47, 86.01, 3.50, 87.41, 3.68, 3.48, 3.25, 3.8194, 4.527
2025/07/26 21:36:43, 378.01, 86.01, 3.93, 84.88, 4.05, 3.85, 3.65, 3.8262, 4.527
2025/07/26 21:41:43, 430.32, 86.01, 2.58, 86.92, 2.06, 1.95, 1.85, 2.9241, 4.527
2025/07/26 21:46:43, 411.86, 86.01, 2.43, 90.99, 2.73, 2.53, 2.32, 2.7866, 3.521
2025/07/26 21:51:43, 397.00, 86.04, 3.25, 87.40, 3.43, 3.19, 2.96, 3.1555, 4.024
2025/07/26 21:56:43, 386.98, 86.04, 2.89, 87.74, 3.04, 2.84, 2.58, 2.8906, 4.024
2025/07/26 22:01:43, 375.73, 86.01, 4.26, 82.37, 4.33, 4.10, 3.85, 3.5176, 4.527
2025/07/26 22:06:43, 381.35, 86.04, 4.03, 82.07, 3.85, 3.60, 3.32, 3.0415, 4.024
2025/07/26 22:11:43, 388.56, 86.01, 3.40, 84.02, 3.12, 2.96, 2.78, 2.6827, 3.018
2025/07/26 22:16:43, 389.26, 86.04, 2.53, 87.57, 2.45, 2.32, 2.19, 3.018, 4.527
2025/07/26 22:21:43, 395.07, 86.04, 2.66, 87.81, 2.73, 2.63, 2.50, 3.6786, 4.527
2025/07/26 22:26:43, 396.82, 86.04, 2.58, 87.98, 2.58, 2.48, 2.37, 4.1145, 5.03
2025/07/26 22:31:43, 389.44, 86.04, 2.22, 90.07, 2.14, 2.06, 1.95, 3.625, 4.527
2025/07/26 22:36:43, 390.41, 86.04, 2.16, 90.68, 2.14, 2.06, 1.95, 3.3735, 4.024
2025/07/26 22:41:43, 383.99, 86.04, 2.30, 90.75, 2.43, 2.32, 2.22, 3.5176, 4.024
2025/07/26 22:46:43, 385.66, 86.04, 2.63, 89.16, 2.71, 2.61, 2.48, 3.4137, 4.024
2025/07/26 22:51:43, 394.45, 86.04, 2.56, 89.07, 2.56, 2.43, 2.32, 3.4439, 4.024
2025/07/26 22:56:43, 390.85, 86.04, 2.40, 89.56, 2.32, 2.24, 2.16, 3.4908, 4.024
2025/07/26 23:01:43, 383.99, 86.07, 2.45, 89.75, 2.40, 2.27, 2.16, 3.2594, 4.024
2025/07/26 23:06:43, 384.08, 86.07, 2.40, 90.55, 2.73, 2.61, 2.48, 1.7873, 3.521
2025/07/26 23:11:43, 395.77, 86.04, 2.78, 88.13, 2.86, 2.73, 2.58, 2.7833, 4.527
2025/07/26 23:16:43, 400.60, 86.04, 3.04, 86.93, 3.12, 3.01, 2.89, 4.1179, 5.03
2025/07/26 23:21:43, 389.88, 86.07, 2.99, 86.99, 3.04, 2.94, 2.78, 4.2554, 5.03
2025/07/26 23:26:43, 380.65, 86.07, 3.63, 84.24, 3.83, 3.65, 3.45, 4.0743, 5.03
2025/07/26 23:31:43, 375.20, 86.07, 4.51, 79.73, 4.56, 4.39, 4.13, 4.3929, 5.03
2025/07/26 23:36:43, 384.78, 86.07, 4.21, 80.45, 4.05, 3.85, 3.65, 3.5176, 4.527
2025/07/26 23:41:43, 382.93, 86.07, 3.98, 81.22, 3.70, 3.50, 3.35, 3.5612, 4.527
2025/07/26 23:46:43, 394.45, 86.10, 3.83, 82.04, 3.58, 3.40, 3.25, 3.4774, 4.527
2025/07/26 23:51:43, 390.32, 86.10, 3.30, 84.41, 2.96, 2.84, 2.71, 3.1655, 4.527
2025/07/26 23:56:43, 396.56, 86.10, 3.14, 85.96, 3.19, 3.06, 2.94, 3.7759, 4.527
2025/07/27 0:01:43, 381.09, 86.10, 3.68, 83.92, 3.75, 3.58, 3.40, 3.6417, 5.03
2025/07/27 0:06:43, 376.69, 86.10, 4.00, 82.33, 4.10, 3.90, 3.70, 3.3802, 4.024
2025/07/27 0:11:43, 380.65, 86.10, 3.95, 82.61, 3.63, 3.25, 3.25, 3.0918, 4.024
2025/07/27 0:16:43, 385.75, 86.10, 3.78, 90.58, 3.83, 3.40, 3.30, 3.3198, 4.527
2025/07/27 0:21:43, 375.02, 86.10, 3.55, 95.86, 3.48, 3.43, 3.55, 3.36, 4.527
2025/07/27 0:26:43, 373.88, 86.10, 3.50, 96.84, 3.22, 3.19, 3.19, 3.2494, 4.024
2025/07/27 0:31:43, 376.52, 86.10, 3.14, 98.31, 2.81, 2.84, 2.53, 3.3232, 4.024
2025/07/27 0:36:43, 365.70, 86.10, 3.12, 100.00, 3.12, 3.19, 2.89, 2.9442, 4.527
2025/07/27 0:41:43, 368.87, 86.10, 2.94, 100.00, 2.78, 2.78, 2.56, 3.5847, 4.527
2025/07/27 0:46:43, 360.43, 86.10, 3.06, 100.00, 3.30, 3.14, 2.73, 2.9509, 4.024
2025/07/27 0:51:43, 354.63, 86.10, 2.96, 100.00, 3.12, 2.91, 2.76, 2.7028, 3.521
2025/07/27 0:56:43, 349.79, 86.10, 3.25, 100.00, 3.73, 3.48, 3.19, 2.7598, 3.521
2025/07/27 1:01:43, 351.81, 86.13, 3.25, 100.00, 3.75, 3.70, 3.25, 2.23, 3.018
2025/07/27 1:06:43, 386.27, 86.10, 3.35, 100.00, 3.48, 3.35, 2.89, 2.3138, 3.018
2025/07/27 1:11:43, 357.18, 86.10, 3.01, 100.00, 3.04, 3.12, 2.84, 2.4647, 3.521
2025/07/27 1:16:43, 384.69, 86.10, 3.30, 100.00, 3.90, 3.90, 3.55, 3.5646, 5.03
2025/07/27 1:21:43, 389.53, 86.13, 3.55, 100.00, 3.95, 4.00, 3.55, 3.9569, 5.03
2025/07/27 1:26:43, 394.71, 86.10, 3.19, 100.00, 3.17, 3.14, 2.78, 3.122, 4.024
2025/07/27 1:31:43, 394.80, 86.10, 3.09, 100.00, 3.45, 3.48, 3.14, 3.2628, 4.527
2025/07/27 1:36:43, 407.55, 86.10, 2.81, 100.00, 2.84, 2.71, 2.45, 2.9912, 4.024
2025/07/27 1:41:43, 417.66, 86.10, 3.06, 100.00, 3.65, 3.48, 3.19, 3.1186, 4.024
2025/07/27 1:46:43, 375.02, 86.10, 3.60, 100.00, 4.16, 4.05, 3.85, 3.1689, 4.024
2025/07/27 1:51:43, 373.62, 86.10, 3.70, 99.70, 3.95, 3.80, 3.60, 3.7859, 5.533
2025/07/27 1:56:43, 372.38, 86.10, 4.21, 94.85, 4.03, 3.83, 3.60, 4.185, 5.533
2025/07/27 2:01:43, 371.95, 86.10, 3.80, 95.39, 4.26, 4.03, 3.75, 3.0784, 4.024
2025/07/27 2:06:43, 389.97, 86.10, 3.43, 94.40, 3.45, 3.25, 3.06, 3.132, 4.024
2025/07/27 2:11:43, 404.21, 86.10, 3.25, 93.34, 2.89, 2.76, 2.58, 3.3802, 4.024
2025/07/27 2:16:43, 388.56, 86.10, 2.56, 97.38, 2.84, 2.68, 2.48, 3.8865, 4.527
2025/07/27 2:21:43, 393.66, 86.10, 2.99, 94.98, 2.84, 2.68, 2.48, 3.2963, 4.527
2025/07/27 2:26:43, 387.15, 86.13, 3.35, 95.93, 3.70, 3.53, 3.32, 3.0649, 4.024
2025/07/27 2:31:43, 374.23, 86.10, 4.31, 94.21, 4.78, 4.51, 4.26, 3.0582, 4.527
2025/07/27 2:36:43, 371.95, 86.10, 5.31, 88.40, 5.28, 5.08, 4.81, 3.7792, 5.03
2025/07/27 2:41:43, 374.76, 86.10, 4.41, 89.86, 4.59, 4.41, 4.10, 3.1018, 4.024
2025/07/27 2:46:43, 387.51, 86.10, 3.45, 92.50, 3.55, 3.37, 3.17, 3.293, 4.527
2025/07/27 2:51:43, 379.59, 86.10, 3.73, 91.78, 3.80, 3.58, 3.35, 3.4975, 4.527
2025/07/27 2:56:43, 358.14, 86.10, 4.00, 90.70, 4.10, 3.90, 3.68, 2.7397, 4.024
2025/07/27 3:01:43, 388.12, 86.10, 3.60, 92.42, 3.90, 3.70, 3.48, 2.5821, 4.024
2025/07/27 3:06:43, 388.03, 86.10, 4.05, 91.88, 4.44, 4.21, 3.95, 3.3399, 5.03
2025/07/27 3:11:43, 371.68, 86.10, 4.44, 90.05, 4.71, 4.56, 4.31, 3.6786, 5.03
2025/07/27 3:16:43, 358.14, 86.13, 5.00, 87.94, 5.16, 4.98, 4.71, 3.9368, 5.03
2025/07/27 3:21:43, 384.43, 86.10, 4.86, 88.10, 4.88, 4.64, 4.33, 3.5109, 4.024
2025/07/27 3:26:43, 371.59, 86.13, 3.25, 93.78, 3.53, 3.30, 2.99, 1.6901, 3.018
2025/07/27 3:31:43, 399.11, 86.13, 3.55, 93.00, 3.65, 3.45, 3.25, 2.2501, 3.018
2025/07/27 3:36:43, 400.87, 86.13, 3.40, 92.13, 3.32, 3.14, 2.94, 2.6525, 4.024
2025/07/27 3:41:43, 394.36, 86.13, 3.68, 92.18, 3.80, 3.65, 3.50, 2.6525, 3.521
2025/07/27 3:46:43, 401.57, 86.13, 3.68, 90.97, 3.50, 3.37, 3.22, 2.1495, 3.521
2025/07/27 3:51:43, 377.66, 86.10, 3.43, 91.73, 3.30, 3.12, 3.01, 2.9208, 4.024
2025/07/27 3:56:43, 389.09, 86.13, 3.06, 92.98, 2.99, 2.86, 2.76, 2.9476, 4.024
2025/07/27 4:01:43, 380.12, 86.13, 3.85, 93.46, 4.26, 4.00, 3.68, 2.9744, 4.527
2025/07/27 4:06:43, 410.01, 86.10, 3.90, 91.49, 3.93, 3.83, 3.65, 2.7631, 3.521
2025/07/27 4:11:43, 396.21, 86.13, 4.16, 91.90, 4.36, 4.16, 3.90, 2.7229, 3.521
2025/07/27 4:16:43, 378.27, 86.13, 4.39, 88.05, 3.88, 3.65, 3.43, 2.2065, 3.521
2025/07/27 4:21:43, 418.45, 86.13, 3.75, 89.88, 3.22, 3.09, 2.99, 1.3816, 2.515
2025/07/27 4:26:43, 391.20, 86.13, 3.30, 93.90, 3.35, 3.19, 3.04, 1.6733, 3.521
2025/07/27 4:31:43, 403.68, 86.10, 3.17, 93.11, 2.99, 2.86, 2.73, 2.9342, 4.024
2025/07/27 4:36:43, 375.73, 86.13, 3.40, 94.69, 3.70, 3.48, 3.30, 3.1253, 4.024
2025/07/27 4:41:43, 379.59, 86.13, 3.32, 94.64, 3.55, 3.30, 3.09, 2.9677, 4.024
2025/07/27 4:46:43, 370.71, 86.13, 3.83, 93.53, 4.16, 3.93, 3.68, 3.303, 4.527
2025/07/27 4:51:43, 389.09, 86.13, 3.70, 93.65, 3.95, 3.75, 3.55, 3.6216, 4.527
2025/07/27 4:56:43, 387.42, 86.13, 4.21, 90.22, 4.00, 3.80, 3.60, 3.6618, 4.527
2025/07/27 5:01:43, 364.47, 86.10, 5.10, 88.73, 5.13, 4.86, 4.59, 3.5478, 4.024
2025/07/27 5:06:43, 391.55, 86.10, 4.56, 89.88, 4.71, 4.54, 4.28, 3.8496, 5.03
2025/07/27 5:11:43, 365.00, 86.10, 5.36, 88.04, 5.53, 5.33, 5.08, 4.2822, 5.533
2025/07/27 5:16:43, 388.38, 86.13, 4.88, 88.03, 4.64, 4.41, 4.26, 4.2151, 5.533
2025/07/27 5:21:43, 383.29, 86.10, 4.39, 88.93, 4.08, 3.90, 3.70, 3.8329, 5.03
2025/07/27 5:26:43, 381.00, 86.10, 4.13, 90.35, 4.05, 3.90, 3.73, 4.1045, 5.533
2025/07/27 5:31:43, 367.46, 86.10, 6.06, 86.33, 6.09, 5.87, 5.60, 4.4901, 6.036
2025/07/27 5:36:43, 388.65, 86.10, 5.43, 85.26, 4.86, 4.64, 4.46, 3.7155, 5.03
2025/07/27 5:41:43, 369.57, 86.13, 5.31, 89.21, 5.70, 5.43, 5.18, 3.6149, 4.527
2025/07/27 5:46:43, 372.21, 86.13, 5.75, 85.13, 5.41, 5.18, 5.00, 4.4465, 6.539
2025/07/27 5:51:43, 364.12, 86.10, 6.56, 83.13, 6.21, 5.99, 5.80, 5.144, 6.539
2025/07/27 5:56:43, 360.16, 86.10, 6.56, 83.28, 6.48, 6.24, 5.99, 4.8992, 6.036
2025/07/27 6:01:43, 382.58, 86.13, 6.39, 80.23, 5.38, 5.10, 4.88, 4.4633, 5.533
2025/07/27 6:06:43, 356.21, 86.10, 6.77, 85.39, 7.40, 7.11, 6.75, 4.138, 5.533
2025/07/27 6:11:43, 383.11, 86.10, 7.31, 79.79, 6.85, 6.58, 6.31, 4.5739, 6.036
2025/07/27 6:16:43, 373.35, 86.10, 6.63, 82.19, 6.46, 6.16, 5.85, 3.9167, 5.533
2025/07/27 6:21:43, 379.07, 86.13, 6.46, 83.26, 6.21, 5.99, 5.75, 4.0374, 5.03
2025/07/27 6:26:43, 394.01, 86.13, 7.16, 82.54, 7.31, 7.01, 6.68, 4.4331, 5.533
2025/07/27 6:31:43, 394.27, 86.16, 7.74, 75.86, 6.26, 5.99, 5.75, 4.0139, 5.533
2025/07/27 6:36:43, 365.88, 86.13, 7.81, 77.13, 6.89, 6.68, 6.41, 3.7054, 6.036
2025/07/27 6:41:43, 352.87, 86.13, 8.29, 76.02, 7.11, 7.01, 6.58, 4.5069, 6.036
2025/07/27 6:46:43, 360.87, 86.20, 8.04, 74.69, 6.36, 6.46, 5.94, 4.0743, 5.533
2025/07/27 6:51:43, 393.22, 86.20, 7.35, 77.36, 6.63, 6.34, 6.01, 3.7725, 5.03
2025/07/27 6:56:43, 368.25, 86.16, 7.71, 76.38, 6.80, 6.34, 5.94, 3.4741, 5.03
2025/07/27 7:01:43, 375.37, 86.20, 7.74, 74.31, 6.56, 6.24, 5.87, 3.5847, 5.03
2025/07/27 7:06:43, 365.79, 86.20, 8.09, 75.33, 7.26, 6.96, 6.68, 3.9905, 5.533
2025/07/27 7:11:43, 379.24, 86.16, 7.93, 74.64, 6.94, 6.68, 6.48, 3.9771, 5.03
2025/07/27 7:16:43, 368.96, 86.13, 6.87, 80.60, 6.63, 6.39, 6.09, 3.7524, 5.533
2025/07/27 7:21:43, 367.90, 86.16, 6.56, 82.17, 6.46, 6.21, 5.97, 3.8194, 5.03
2025/07/27 7:26:43, 371.68, 86.13, 6.61, 79.08, 5.85, 5.60, 5.46, 3.9737, 5.03
2025/07/27 7:31:43, 363.68, 86.13, 6.80, 80.07, 6.29, 6.01, 5.75, 4.1078, 5.03
2025/07/27 7:36:43, 361.57, 86.20, 7.76, 76.09, 6.92, 6.68, 6.56, 4.1313, 5.03
2025/07/27 7:41:43, 376.52, 86.01, 8.17, 73.01, 7.04, 6.73, 6.61, 4.1112, 5.03
2025/07/27 7:46:43, 359.99, 85.95, 8.02, 75.76, 7.40, 7.16, 6.96, 4.0139, 5.533
2025/07/27 7:51:43, 367.73, 86.26, 8.21, 73.60, 7.31, 7.06, 6.94, 4.2923, 6.036
2025/07/27 7:56:43, 372.03, 87.32, 8.29, 73.10, 7.26, 6.94, 6.80, 4.5136, 6.539
2025/07/27 8:01:43, 369.84, 86.51, 8.36, 72.18, 7.26, 6.94, 6.85, 4.2587, 5.533
2025/07/27 8:06:43, 378.27, 85.42, 8.17, 71.86, 6.96, 6.61, 6.58, 4.0307, 5.03
2025/07/27 8:11:43, 367.99, 85.73, 8.21, 71.94, 7.06, 6.77, 6.70, 4.3929, 5.533
2025/07/27 8:16:43, 374.67, 86.38, 8.69, 70.53, 7.43, 7.14, 7.09, 4.1883, 5.533
2025/07/27 8:21:43, 375.64, 86.82, 8.90, 72.45, 8.34, 8.02, 7.86, 4.4599, 6.539
2025/07/27 8:26:43, 362.36, 87.35, 9.26, 70.05, 8.34, 8.07, 7.95, 4.6209, 6.036
2025/07/27 8:31:43, 375.29, 86.88, 8.90, 68.74, 7.40, 7.11, 7.04, 4.7684, 6.036
2025/07/27 8:36:43, 386.10, 85.17, 8.83, 68.92, 7.60, 7.26, 7.21, 4.423, 6.036
2025/07/27 8:41:43, 376.43, 84.39, 8.48, 70.68, 7.23, 6.87, 6.77, 3.9502, 6.036
2025/07/27 8:46:43, 383.99, 84.98, 8.90, 70.08, 7.79, 7.48, 7.35, 4.5304, 5.533
2025/07/27 8:51:43, 390.85, 85.76, 9.38, 67.66, 8.07, 7.76, 7.71, 3.7691, 5.03
2025/07/27 8:56:43, 370.19, 86.41, 9.16, 68.18, 7.69, 7.06, 7.28, 4.1682, 5.03
2025/07/27 9:01:43, 379.68, 86.26, 9.19, 66.70, 7.69, 7.21, 7.38, 3.6082, 4.527
2025/07/27 9:06:43, 380.03, 86.60, 9.54, 66.75, 8.14, 7.74, 7.69, 3.7121, 5.03
2025/07/27 9:11:43, 375.64, 87.23, 9.54, 65.82, 7.86, 7.50, 7.55, 3.4673, 4.527
2025/07/27 9:16:43, 379.59, 87.23, 9.61, 67.06, 8.29, 8.00, 7.93, 4.0709, 5.03
2025/07/27 9:21:43, 381.70, 87.01, 10.10, 63.97, 8.57, 8.21, 8.21, 3.4975, 4.527
2025/07/27 9:26:43, 367.02, 86.57, 9.96, 65.99, 8.50, 8.24, 8.17, 3.5378, 5.03
2025/07/27 9:31:43, 393.48, 86.29, 9.87, 64.38, 8.24, 7.93, 7.90, 3.5948, 5.533
2025/07/27 9:36:43, 376.60, 85.91, 9.82, 65.49, 8.17, 7.93, 7.93, 3.578, 4.527
2025/07/27 9:41:43, 370.36, 86.10, 9.89, 65.98, 8.24, 8.00, 7.95, 4.1145, 5.533
2025/07/27 9:46:43, 382.23, 86.79, 9.91, 65.02, 8.43, 8.07, 8.02, 4.3493, 5.533
2025/07/27 9:51:43, 367.64, 89.07, 9.91, 67.44, 8.43, 8.21, 7.93, 4.1984, 6.036
2025/07/27 9:56:43, 365.70, 92.75, 10.05, 66.71, 8.48, 8.24, 8.12, 4.3962, 6.036
2025/07/27 10:01:43, 361.92, 93.12, 10.15, 66.62, 8.62, 8.31, 8.21, 4.413, 6.036
2025/07/27 10:06:43, 358.49, 92.09, 9.94, 66.99, 8.24, 8.02, 7.95, 4.5672, 6.036
2025/07/27 10:11:43, 359.64, 86.91, 9.96, 68.34, 8.64, 8.41, 8.29, 4.6175, 6.036
2025/07/27 10:16:43, 366.41, 83.61, 10.05, 65.86, 8.36, 8.12, 8.12, 4.4633, 5.533
2025/07/27 10:21:43, 375.20, 84.01, 10.10, 65.31, 8.38, 8.14, 8.09, 4.631, 5.533
2025/07/27 10:26:43, 371.33, 83.26, 10.00, 65.33, 8.29, 8.07, 8.02, 4.2151, 5.533
2025/07/27 10:31:43, 366.41, 86.10, 10.24, 64.73, 8.48, 8.24, 8.19, 4.309, 5.533
2025/07/27 10:36:43, 381.18, 87.63, 10.68, 62.26, 8.90, 8.62, 8.60, 3.8228, 5.03
2025/07/27 10:41:43, 381.18, 86.16, 10.71, 62.49, 8.88, 8.64, 8.62, 4.4096, 6.036
2025/07/27 10:46:43, 375.02, 87.23, 10.55, 64.36, 9.02, 8.76, 8.64, 4.1984, 6.036
2025/07/27 10:51:43, 371.07, 87.01, 10.91, 62.07, 9.02, 8.78, 8.69, 4.0408, 6.036
2025/07/27 10:56:43, 384.60, 89.32, 10.64, 63.82, 8.92, 8.71, 8.64, 4.5639, 5.533
2025/07/27 11:01:43, 375.02, 90.19, 10.71, 64.79, 9.26, 8.99, 8.88, 4.423, 5.533
2025/07/27 11:06:43, 355.51, 88.79, 10.64, 64.45, 8.83, 8.62, 8.50, 4.6142, 6.539
2025/07/27 11:11:43, 358.58, 84.60, 10.78, 64.13, 8.97, 8.78, 8.71, 4.7651, 6.036
2025/07/27 11:16:43, 354.71, 82.20, 10.50, 64.54, 8.64, 8.43, 8.38, 5.0233, 6.539
2025/07/27 11:21:43, 365.09, 81.26, 10.38, 63.56, 8.41, 8.21, 8.17, 4.8657, 6.036
2025/07/27 11:26:43, 372.91, 80.64, 10.57, 64.40, 8.90, 8.67, 8.55, 4.6242, 6.036
2025/07/27 11:31:43, 362.98, 80.83, 10.84, 62.73, 8.95, 8.74, 8.62, 4.2889, 5.533
2025/07/27 11:36:43, 363.77, 80.36, 10.41, 63.75, 8.64, 8.41, 8.34, 4.4968, 5.533
2025/07/27 11:41:43, 369.92, 80.02, 10.68, 61.25, 8.69, 8.45, 8.45, 4.0508, 5.03
2025/07/27 11:46:43, 370.45, 79.95, 11.31, 58.35, 8.97, 8.74, 8.76, 3.5143, 4.527
2025/07/27 11:51:43, 386.10, 80.98, 11.91, 54.99, 10.03, 9.61, 9.30, 3.0985, 5.03
2025/07/27 11:56:43, 371.42, 79.17, 11.12, 59.52, 8.74, 8.60, 8.55, 3.8194, 5.533
2025/07/27 12:01:43, 365.97, 78.80, 11.00, 59.47, 8.64, 8.48, 8.50, 3.7222, 5.03
2025/07/27 12:06:43, 380.65, 75.46, 11.63, 58.91, 10.22, 10.00, 10.00, 3.4875, 4.527
2025/07/27 12:11:43, 379.24, 71.09, 11.77, 56.28, 9.73, 9.47, 9.47, 2.743, 4.024
2025/07/27 12:16:43, 419.15, 66.94, 12.25, 52.94, 9.87, 9.91, 9.82, 2.686, 3.521
2025/07/27 12:21:43, 375.90, 65.41, 12.11, 54.83, 9.87, 9.66, 9.68, 2.4748, 3.521
2025/07/27 12:26:43, 372.38, 70.97, 11.66, 56.90, 9.16, 8.92, 8.97, 3.3869, 4.527
2025/07/27 12:31:43, 379.42, 79.67, 12.00, 54.97, 9.73, 9.49, 9.61, 2.6927, 3.521
2025/07/27 12:36:43, 384.16, 84.98, 11.29, 58.20, 9.30, 8.99, 8.99, 3.3567, 4.527
2025/07/27 12:41:43, 390.14, 85.79, 11.73, 55.79, 9.87, 9.57, 9.40, 3.3835, 4.527
2025/07/27 12:46:43, 372.74, 82.73, 11.00, 59.32, 8.74, 8.45, 8.36, 3.6652, 5.533
2025/07/27 12:51:43, 384.25, 86.35, 11.24, 57.71, 9.09, 8.78, 8.69, 3.4606, 5.03
2025/07/27 12:56:43, 403.68, 80.45, 11.63, 56.49, 10.29, 10.00, 9.75, 3.3533, 4.024
2025/07/27 13:01:43, 373.18, 86.26, 11.36, 57.87, 9.40, 9.06, 8.97, 3.3366, 4.527
2025/07/27 13:06:43, 386.19, 86.29, 11.14, 56.99, 9.35, 8.92, 8.74, 3.6317, 5.533
2025/07/27 13:11:43, 384.25, 86.32, 11.29, 59.73, 9.89, 9.57, 9.45, 3.4573, 5.03
2025/07/27 13:16:43, 394.89, 86.26, 11.12, 57.17, 9.35, 8.99, 8.76, 3.739, 4.527
2025/07/27 13:21:43, 396.56, 86.26, 10.82, 57.51, 8.99, 8.67, 8.50, 3.5143, 4.024
2025/07/27 13:26:43, 418.27, 86.26, 10.89, 58.90, 9.52, 9.66, 9.59, 3.3466, 4.527
2025/07/27 13:31:43, 383.64, 86.26, 10.48, 58.88, 8.62, 8.36, 8.26, 3.4741, 5.03
2025/07/27 13:36:43, 383.99, 86.29, 10.34, 60.58, 8.92, 8.60, 8.45, 4.1145, 5.03
2025/07/27 13:41:43, 403.15, 86.32, 10.36, 58.98, 8.71, 8.48, 8.31, 3.806, 5.03
2025/07/27 13:46:43, 413.26, 86.29, 11.22, 57.56, 9.89, 9.71, 9.64, 3.1052, 4.024
2025/07/27 13:51:43, 399.29, 86.29, 11.54, 55.92, 9.80, 9.45, 9.23, 2.9711, 4.527
2025/07/27 13:56:43, 375.90, 86.29, 10.52, 59.82, 8.41, 8.17, 8.24, 3.1488, 4.024
2025/07/27 14:01:43, 380.65, 86.32, 11.66, 57.05, 9.47, 9.26, 9.28, 2.7732, 3.521
2025/07/27 14:06:43, 387.51, 86.38, 10.96, 57.75, 8.90, 8.64, 8.64, 3.1253, 4.024
2025/07/27 14:11:43, 407.73, 86.32, 10.43, 57.58, 8.64, 8.62, 8.69, 2.8168, 4.024
2025/07/27 14:16:43, 383.46, 86.26, 10.96, 56.71, 9.14, 8.97, 9.06, 2.2635, 3.018
2025/07/27 14:21:43, 394.19, 85.91, 11.59, 54.81, 9.40, 9.02, 9.06, 2.4748, 3.521
2025/07/27 14:26:43, 405.09, 84.98, 11.45, 54.68, 9.54, 9.33, 9.28, 2.6625, 4.024
2025/07/27 14:31:43, 401.92, 84.88, 10.93, 55.51, 8.83, 8.81, 8.83, 2.5988, 3.018
2025/07/27 14:36:43, 390.32, 87.13, 10.15, 57.39, 8.04, 7.95, 7.86, 3.1052, 4.024
2025/07/27 14:41:43, 388.91, 87.41, 10.19, 58.96, 8.78, 8.55, 8.38, 2.9643, 4.024
2025/07/27 14:46:43, 397.00, 87.41, 9.71, 59.53, 8.07, 7.81, 7.64, 3.018, 4.024
2025/07/27 14:51:43, 394.45, 86.76, 9.59, 59.78, 7.93, 7.67, 7.55, 3.1454, 3.521
2025/07/27 14:56:43, 397.35, 86.13, 9.57, 60.15, 8.07, 7.83, 7.64, 3.0884, 4.024
2025/07/27 15:01:43, 388.47, 85.95, 9.21, 61.62, 7.21, 6.96, 6.96, 3.3064, 4.024
2025/07/27 15:06:43, 396.82, 87.26, 10.36, 57.57, 8.62, 8.41, 8.55, 2.3943, 4.024
2025/07/27 15:11:43, 388.82, 86.82, 10.00, 58.38, 7.88, 7.62, 7.79, 2.0623, 3.018
2025/07/27 15:16:43, 406.93, 87.13, 10.38, 56.94, 8.50, 8.31, 8.29, 2.0321, 2.515
2025/07/27 15:21:43, 382.41, 86.38, 9.75, 58.76, 7.79, 7.55, 7.43, 2.5217, 4.024
2025/07/27 15:26:43, 388.47, 86.32, 9.02, 61.67, 7.16, 6.87, 6.87, 3.018, 4.024
2025/07/27 15:31:43, 391.46, 86.32, 8.55, 63.02, 6.92, 7.04, 6.96, 3.5914, 4.527
2025/07/27 15:36:43, 387.33, 86.32, 8.36, 64.22, 6.85, 6.58, 6.58, 3.7222, 4.527
2025/07/27 15:41:43, 390.32, 86.32, 8.69, 63.89, 7.31, 6.96, 6.99, 3.4774, 4.527
2025/07/27 15:46:43, 385.92, 86.10, 8.74, 63.34, 6.94, 6.68, 6.68, 3.35, 4.024
2025/07/27 15:51:43, 364.82, 86.32, 8.43, 64.12, 6.29, 6.34, 6.41, 3.2024, 4.024
2025/07/27 15:56:43, 382.76, 86.32, 8.41, 64.11, 6.39, 6.31, 6.34, 2.3205, 4.024
2025/07/27 16:01:43, 388.65, 85.26, 8.69, 63.48, 7.11, 6.85, 7.06, 3.3902, 4.527
2025/07/27 16:06:43, 389.26, 86.45, 6.77, 70.50, 5.82, 6.58, 7.01, 3.4439, 4.527
2025/07/27 16:11:43, 673.04, 86.41, 7.26, 68.54, 5.51, 5.63, 7.81, 2.7766, 4.527
2025/07/27 16:16:43, 589.97, 85.79, 5.26, 79.30, 5.99, 7.83, 7.33, 8.3867, 14.084
2025/07/27 16:21:43, 615.99, 84.85, 14.17, 55.33, 13.63, 12.25, 14.12, 3.9536, 10.563
2025/07/27 16:26:43, 414.14, 84.85, 15.97, 47.94, 13.31, 12.32, 14.49, 0.104, 1.509
2025/07/27 16:31:43, 401.48, 84.85, 15.82, 47.32, 12.92, 13.85, 14.56, 0.6103, 1.509
2025/07/27 16:36:43, 401.48, 84.88, 15.88, 47.36, 13.28, 14.42, 15.79, 0.6304, 2.012
2025/07/27 16:41:43, 401.22, 84.88, 16.61, 44.80, 13.67, 15.71, 15.55, 0.0, 0.0
2025/07/27 16:46:43, 577.04, 82.61, 11.70, 51.87, 10.87, 11.88, 8.04, 3.3433, 9.557
2025/07/27 16:51:43, 564.03, 85.04, 6.96, 69.28, 7.14, 8.71, 6.41, 11.7803, 16.599
2025/07/27 16:56:43, 568.60, 83.98, 4.83, 76.25, 4.39, 6.65, 4.64, 17.3099, 19.114
2025/07/27 17:01:43, 571.24, 84.17, 5.99, 71.05, 4.23, 7.57, 6.70, 5.533, 17.102
2025/07/27 17:06:43, 570.45, 82.86, 4.61, 79.09, 5.60, 6.29, 3.85, 13.8593, 16.599
2025/07/27 17:11:43, 574.85, 83.14, 7.28, 68.25, 7.38, 6.87, 5.05, 13.3764, 15.09
2025/07/27 17:16:43, 371.68, 82.92, 13.33, 49.88, 12.87, 10.68, 10.19, 5.5799, 15.09
2025/07/27 17:21:43, 448.43, 83.57, 14.26, 45.10, 13.03, 12.49, 11.79, 0.1677, 3.018
2025/07/27 17:26:43, 382.58, 83.51, 16.06, 42.60, 15.23, 13.60, 10.89, 0.1911, 3.018
2025/07/27 17:31:43, 391.29, 83.48, 17.21, 39.46, 16.56, 15.32, 12.55, 0.0537, 1.006
2025/07/27 17:36:43, 391.37, 83.45, 18.01, 36.35, 14.98, 13.24, 10.59, 0.0, 0.0
2025/07/27 17:41:43, 391.37, 83.48, 18.64, 33.97, 17.03, 14.24, 13.14, 0.0, 0.0
2025/07/27 17:46:43, 391.37, 83.48, 18.17, 33.56, 16.45, 13.44, 12.67, 0.0, 0.0
2025/07/27 17:51:43, 391.37, 83.48, 16.18, 36.66, 10.80, 9.49, 8.90, 0.0, 0.0
2025/07/27 17:56:43, 391.37, 83.45, 15.91, 37.96, 11.12, 10.12, 9.52, 0.0, 0.0
2025/07/27 18:01:43, 387.68, 83.45, 15.55, 37.29, 10.29, 9.54, 8.95, 0.0, 0.0
2025/07/27 18:06:43, 387.77, 83.48, 12.96, 43.48, 11.73, 10.91, 10.48, 0.0, 0.0
2025/07/27 18:11:43, 387.68, 83.45, 13.00, 44.38, 11.24, 10.50, 10.10, 0.0, 0.0
2025/07/27 18:16:43, 387.68, 83.45, 11.36, 47.10, 9.35, 8.88, 8.53, 0.0, 0.0
2025/07/27 18:21:43, 387.77, 83.45, 10.59, 50.11, 9.77, 9.02, 8.29, 0.0, 0.0
2025/07/27 18:26:43, 387.59, 83.45, 9.45, 52.45, 8.50, 7.74, 7.21, 0.4661, 2.012
2025/07/27 18:31:43, 387.59, 83.45, 8.04, 57.70, 7.26, 6.51, 6.41, 0.0, 0.0
2025/07/27 18:36:43, 387.59, 83.45, 7.81, 58.85, 7.14, 6.56, 6.31, 0.1006, 1.006
2025/07/27 18:41:43, 589.70, 83.45, 7.55, 59.60, 7.76, 7.55, 7.26, 0.0905, 1.006
2025/07/27 18:46:43, 589.70, 83.42, 9.04, 54.37, 9.38, 9.16, 8.95, 0.3487, 1.509
2025/07/27 18:51:43, 589.70, 83.42, 9.57, 52.16, 9.02, 8.90, 8.69, 0.0, 0.0
2025/07/27 18:56:43, 589.70, 83.42, 9.47, 53.23, 9.33, 9.09, 8.85, 0.0, 0.0
2025/07/27 19:01:43, 589.70, 83.42, 9.49, 54.64, 9.38, 8.97, 8.88, 0.0, 0.0
2025/07/27 19:06:43, 589.70, 83.42, 9.54, 54.42, 9.38, 8.88, 8.85, 0.0, 0.0
2025/07/27 19:11:43, 589.70, 83.45, 9.57, 53.83, 9.04, 8.88, 8.74, 0.0, 0.0
2025/07/27 19:16:43, 589.00, 83.45, 9.77, 51.48, 9.30, 8.92, 9.16, 0.3487, 2.012
2025/07/27 19:21:43, 569.84, 83.42, 9.87, 51.79, 9.52, 9.35, 9.30, 1.0965, 2.012
2025/07/27 19:26:43, 573.53, 83.45, 9.06, 54.74, 8.29, 8.24, 8.38, 1.68, 2.515
2025/07/27 19:31:43, 571.42, 83.45, 8.62, 56.80, 8.17, 7.88, 7.93, 1.955, 2.515
2025/07/27 19:36:43, 573.18, 83.42, 8.69, 56.18, 8.24, 8.17, 8.14, 1.5291, 2.012
2025/07/27 19:41:43, 573.97, 83.45, 8.90, 55.72, 8.74, 8.50, 8.41, 1.5425, 2.515
2025/07/27 19:46:43, 573.18, 83.42, 9.21, 54.20, 8.88, 8.55, 8.55, 1.5492, 2.515
2025/07/27 19:51:43, 560.60, 83.45, 9.28, 54.65, 8.85, 8.85, 9.21, 1.4352, 2.515
2025/07/27 19:56:43, 569.57, 83.45, 9.16, 55.27, 8.64, 8.74, 8.97, 1.4151, 3.018
2025/07/27 20:01:43, 570.54, 83.45, 9.45, 53.89, 9.33, 9.38, 9.59, 0.9993, 2.012
2025/07/27 20:06:43, 561.75, 83.45, 8.69, 56.37, 8.34, 8.29, 8.31, 2.5552, 3.521
2025/07/27 20:11:43, 575.81, 83.45, 8.69, 56.40, 8.21, 8.17, 8.41, 2.3239, 3.018
2025/07/27 20:16:43, 575.64, 83.45, 8.99, 55.44, 8.55, 8.31, 8.36, 1.7068, 2.515
2025/07/27 20:21:43, 576.34, 83.45, 9.68, 53.18, 9.09, 8.60, 8.67, 1.3782, 2.515
2025/07/27 20:26:43, 576.34, 83.48, 9.68, 53.32, 9.23, 9.21, 9.66, 1.2575, 2.012
2025/07/27 20:31:43, 576.34, 83.45, 9.84, 52.79, 9.38, 9.06, 9.23, 0.8652, 1.509
2025/07/27 20:36:43, 576.34, 83.45, 9.96, 53.39, 10.17, 9.98, 9.94, 0.6338, 2.012
2025/07/27 20:41:43, 576.34, 83.48, 9.94, 52.91, 9.35, 9.21, 8.99, 0.0, 0.0
2025/07/27 20:46:43, 576.34, 83.48, 9.59, 54.02, 8.99, 8.74, 8.60, 0.0, 0.0
2025/07/27 20:51:43, 576.34, 83.45, 9.38, 54.67, 8.41, 8.07, 7.93, 0.0738, 1.509
2025/07/27 20:56:43, 576.34, 83.45, 9.26, 55.36, 8.67, 8.48, 8.21, 0.2783, 1.509
2025/07/27 21:01:43, 572.74, 83.45, 8.38, 58.11, 7.62, 7.40, 7.45, 1.4419, 3.018
2025/07/27 21:06:43, 573.62, 83.48, 8.17, 58.90, 7.74, 7.40, 7.18, 1.6968, 2.012
2025/07/27 21:11:43, 573.62, 83.48, 8.69, 57.40, 8.07, 7.86, 7.69, 1.4453, 2.012
2025/07/27 21:16:43, 571.33, 83.48, 9.23, 55.76, 8.62, 8.48, 8.17, 1.5023, 2.012
2025/07/27 21:21:43, 571.42, 83.48, 9.35, 55.48, 8.85, 8.78, 8.78, 1.3849, 2.012
2025/07/27 21:26:43, 571.42, 83.51, 9.40, 55.11, 8.90, 8.71, 8.43, 1.3782, 2.012
2025/07/27 21:31:43, 571.07, 83.48, 9.11, 55.75, 7.95, 7.52, 7.79, 1.4017, 2.012
2025/07/27 21:36:43, 571.07, 83.51, 8.85, 57.05, 8.34, 8.07, 7.90, 1.3749, 2.012
2025/07/27 21:41:43, 572.47, 83.51, 9.06, 56.52, 8.64, 8.34, 8.31, 1.7203, 2.515
2025/07/27 21:46:43, 572.74, 83.48, 8.85, 57.24, 8.38, 8.12, 8.00, 1.7035, 2.515
2025/07/27 21:51:43, 572.74, 83.51, 8.55, 58.24, 7.97, 7.50, 7.40, 1.4721, 2.012
2025/07/27 21:56:43, 572.82, 83.51, 8.74, 57.93, 8.53, 8.21, 7.93, 1.3883, 2.012
2025/07/27 22:01:43, 572.82, 83.51, 8.67, 58.37, 8.60, 8.26, 8.19, 0.8685, 1.509
2025/07/27 22:06:43, 572.82, 83.51, 8.53, 58.53, 8.07, 7.55, 7.55, 0.3957, 1.509
2025/07/27 22:11:43, 572.82, 83.51, 8.43, 59.56, 8.38, 8.12, 8.02, 0.0034, 0.503
2025/07/27 22:16:43, 572.82, 83.51, 8.26, 60.61, 8.41, 8.17, 7.83, 0.0, 0.0
2025/07/27 22:21:43, 572.82, 83.51, 8.12, 60.67, 8.43, 8.02, 7.79, 0.0, 0.0
2025/07/27 22:26:43, 572.82, 83.51, 8.04, 60.81, 7.86, 7.64, 7.64, 0.0, 0.0
2025/07/27 22:31:43, 572.82, 83.51, 8.04, 60.73, 7.76, 7.55, 7.38, 0.4158, 1.509
2025/07/27 22:36:43, 572.82, 83.51, 8.29, 59.91, 7.95, 7.62, 7.74, 0.8953, 1.509
2025/07/27 22:41:43, 572.82, 83.51, 8.36, 59.55, 8.02, 7.74, 7.62, 0.1241, 1.509
2025/07/27 22:46:43, 572.82, 83.51, 8.60, 58.88, 8.53, 8.38, 8.19, 0.2984, 1.509
2025/07/27 22:51:43, 572.82, 83.51, 8.55, 58.42, 8.14, 7.88, 7.74, 0.0, 0.0
2025/07/27 22:56:43, 572.82, 83.51, 8.41, 58.74, 8.14, 7.97, 7.88, 0.0, 0.0
2025/07/27 23:01:43, 572.82, 83.51, 8.14, 60.12, 7.83, 7.62, 7.55, 0.1643, 1.509
2025/07/27 23:06:43, 572.82, 83.54, 8.53, 60.35, 8.41, 8.57, 9.02, 0.0, 0.0
2025/07/27 23:11:43, 572.82, 83.54, 8.38, 59.81, 8.07, 8.09, 8.34, 0.0, 0.0
2025/07/27 23:16:43, 572.82, 83.54, 8.31, 59.66, 8.53, 8.26, 8.14, 0.2314, 1.006
2025/07/27 23:21:43, 572.82, 83.54, 8.43, 59.41, 8.41, 8.17, 8.04, 0.0034, 0.503
2025/07/27 23:26:43, 572.82, 83.54, 8.41, 59.07, 8.21, 7.83, 7.74, 0.0, 0.0
2025/07/27 23:31:43, 572.82, 83.54, 8.41, 58.89, 8.12, 7.88, 7.81, 0.0, 0.0
2025/07/27 23:36:43, 573.09, 83.54, 8.62, 58.17, 8.34, 8.09, 7.83, 1.3246, 2.012
2025/07/27 23:41:43, 561.40, 83.57, 8.14, 59.45, 7.64, 7.52, 7.86, 2.1092, 3.018
2025/07/27 23:46:43, 571.68, 83.54, 8.41, 59.07, 7.97, 7.93, 8.12, 2.3037, 3.018
2025/07/27 23:51:43, 560.34, 83.54, 8.26, 59.28, 7.86, 7.76, 8.31, 2.3775, 3.018
2025/07/27 23:56:43, 569.75, 83.54, 8.29, 59.58, 8.02, 7.74, 7.64, 2.5049, 3.018
2025/07/28 0:01:43, 561.66, 83.54, 8.21, 60.12, 7.93, 7.79, 7.97, 2.9509, 4.024
2025/07/28 0:06:43, 565.44, 83.54, 8.95, 56.62, 8.50, 8.41, 8.92, 2.0824, 3.018
2025/07/28 0:11:43, 573.00, 83.54, 8.55, 56.42, 8.02, 7.76, 7.79, 2.6659, 4.527
2025/07/28 0:16:43, 569.84, 83.54, 8.62, 56.43, 8.34, 8.29, 8.62, 2.8537, 4.527
2025/07/28 0:21:43, 572.21, 83.54, 8.81, 55.71, 8.41, 8.21, 8.36, 2.6592, 4.024
2025/07/28 0:26:43, 564.56, 83.54, 9.06, 54.70, 8.55, 8.31, 8.41, 2.6324, 4.527
2025/07/28 0:31:43, 559.11, 83.54, 9.30, 53.62, 8.90, 8.95, 9.11, 2.4077, 4.024
2025/07/28 0:36:43, 556.56, 83.57, 9.42, 53.56, 9.61, 9.42, 9.47, 2.6357, 4.527
2025/07/28 0:41:43, 565.26, 83.54, 9.16, 54.38, 8.53, 8.36, 8.45, 2.1294, 4.024
2025/07/28 0:46:43, 560.78, 83.57, 9.28, 56.55, 8.85, 8.62, 8.85, 2.5217, 4.024
2025/07/28 0:51:43, 567.81, 83.57, 8.95, 55.77, 8.62, 8.45, 8.62, 2.9778, 4.527
2025/07/28 0:56:43, 558.85, 83.54, 9.02, 56.81, 8.64, 8.74, 8.90, 3.6853, 5.533
2025/07/28 1:01:43, 559.46, 83.54, 8.90, 58.69, 8.62, 8.64, 8.83, 3.189, 4.527
2025/07/28 1:06:43, 555.07, 83.57, 8.53, 62.94, 8.48, 8.45, 8.74, 3.8999, 6.539
2025/07/28 1:11:43, 554.98, 83.57, 8.76, 63.42, 9.02, 9.16, 9.57, 3.8429, 5.533
2025/07/28 1:16:43, 564.03, 83.54, 8.67, 63.70, 8.29, 7.97, 8.02, 3.4808, 5.533
2025/07/28 1:21:43, 548.21, 83.54, 8.69, 64.00, 8.31, 8.26, 8.55, 3.5311, 5.03
2025/07/28 1:26:43, 559.64, 83.57, 8.67, 65.52, 8.53, 8.55, 9.02, 4.1548, 6.036
2025/07/28 1:31:43, 567.46, 83.57, 9.21, 63.29, 8.76, 8.78, 8.99, 3.1521, 5.03
2025/07/28 1:36:43, 560.25, 83.57, 8.95, 64.63, 8.71, 8.53, 8.71, 3.9268, 8.048
2025/07/28 1:41:43, 556.12, 83.54, 8.12, 67.78, 8.38, 8.71, 8.78, 4.8523, 6.539
2025/07/28 1:46:43, 562.45, 83.57, 8.81, 67.65, 9.49, 9.52, 9.47, 4.6544, 6.036
2025/07/28 1:51:43, 574.41, 83.57, 9.33, 65.46, 9.06, 9.02, 9.49, 4.4935, 6.036
2025/07/28 1:56:43, 553.04, 83.54, 9.59, 67.65, 9.89, 9.75, 10.05, 3.9335, 6.036
2025/07/28 2:01:43, 548.82, 83.57, 9.47, 67.93, 9.64, 9.68, 9.96, 3.0784, 5.03
2025/07/28 2:06:43, 563.86, 83.54, 8.60, 64.92, 7.64, 7.40, 7.67, 4.7886, 6.539
2025/07/28 2:11:43, 555.95, 83.54, 7.67, 69.60, 7.31, 7.16, 7.28, 5.1876, 6.539
2025/07/28 2:16:43, 555.51, 83.51, 8.17, 68.64, 7.69, 7.43, 7.40, 4.8757, 6.539
2025/07/28 2:21:43, 553.75, 83.54, 7.40, 72.78, 8.62, 8.74, 8.60, 4.366, 6.539
2025/07/28 2:26:43, 545.31, 83.54, 7.16, 71.19, 6.94, 7.14, 7.38, 4.1112, 6.036
2025/07/28 2:31:43, 543.29, 83.54, 7.97, 71.79, 8.71, 8.85, 9.42, 4.859, 6.036
2025/07/28 2:36:43, 557.97, 83.51, 8.09, 69.51, 8.34, 8.19, 8.50, 5.0434, 8.048
2025/07/28 2:41:43, 565.88, 83.51, 8.21, 68.05, 7.79, 7.83, 8.07, 5.305, 7.042
2025/07/28 2:46:43, 551.99, 83.51, 8.78, 66.98, 9.21, 9.28, 9.47, 5.6705, 7.545
2025/07/28 2:51:43, 561.22, 83.51, 9.16, 65.70, 8.83, 8.95, 9.16, 5.6873, 7.545
2025/07/28 2:56:43, 555.33, 83.54, 9.09, 65.84, 9.09, 9.09, 9.35, 5.7711, 7.545
2025/07/28 3:01:43, 553.40, 83.51, 9.11, 64.91, 9.28, 9.42, 9.80, 5.4257, 7.545
2025/07/28 3:06:43, 551.20, 83.54, 9.77, 62.48, 9.75, 9.84, 10.43, 4.745, 7.042
2025/07/28 3:11:43, 550.93, 83.51, 9.33, 64.01, 8.88, 9.04, 9.52, 4.4063, 6.539
2025/07/28 3:16:43, 556.56, 83.54, 9.49, 64.04, 9.98, 9.89, 10.12, 4.2151, 7.042
2025/07/28 3:21:43, 538.36, 83.54, 9.96, 61.65, 9.91, 9.80, 9.94, 2.8973, 5.533
2025/07/28 3:26:43, 555.86, 83.54, 9.38, 62.13, 8.55, 8.19, 8.57, 3.5646, 5.03
2025/07/28 3:31:43, 555.33, 83.54, 8.99, 63.04, 8.41, 8.29, 8.67, 3.2594, 4.527
2025/07/28 3:36:43, 557.97, 83.54, 9.21, 62.77, 9.02, 8.97, 9.49, 3.417, 5.03
2025/07/28 3:41:43, 560.08, 83.51, 9.04, 63.42, 8.78, 8.88, 9.64, 3.2997, 5.03
2025/07/28 3:46:43, 560.52, 83.54, 8.90, 63.36, 8.41, 8.38, 8.78, 3.35, 4.527
2025/07/28 3:51:43, 550.85, 83.54, 9.19, 63.14, 8.85, 8.67, 9.23, 3.5478, 4.527
2025/07/28 3:56:43, 553.66, 83.51, 8.99, 63.67, 8.76, 8.69, 8.92, 3.92, 5.03
2025/07/28 4:01:43, 557.44, 83.54, 8.62, 64.66, 8.09, 7.90, 8.07, 4.3258, 5.533
2025/07/28 4:06:43, 560.34, 83.51, 8.29, 65.17, 7.64, 7.71, 8.21, 3.9502, 5.03
2025/07/28 4:11:43, 557.88, 83.54, 8.31, 65.43, 7.60, 7.35, 7.74, 3.6719, 5.03
2025/07/28 4:16:43, 565.88, 83.51, 7.79, 67.40, 7.23, 7.26, 7.86, 3.9972, 5.533
2025/07/28 4:21:43, 558.76, 83.51, 8.26, 67.91, 9.47, 9.57, 9.47, 4.2755, 6.539
2025/07/28 4:26:43, 556.30, 83.51, 7.76, 66.76, 7.33, 7.16, 7.35, 4.4733, 6.036
2025/07/28 4:31:43, 559.99, 83.51, 7.55, 67.73, 6.85, 6.70, 6.99, 4.5706, 6.036
2025/07/28 4:36:43, 556.91, 83.51, 8.00, 66.35, 7.11, 6.96, 7.45, 5.2413, 6.539
2025/07/28 4:41:43, 550.93, 83.51, 8.12, 66.96, 7.86, 7.95, 8.43, 5.2111, 7.545
2025/07/28 4:46:43, 555.86, 83.51, 7.95, 68.49, 7.71, 7.60, 7.79, 5.761, 7.545
2025/07/28 4:51:43, 555.42, 83.51, 8.17, 67.34, 7.74, 7.60, 7.90, 5.6034, 7.545
2025/07/28 4:56:43, 556.74, 83.51, 8.41, 68.26, 7.93, 7.81, 8.07, 5.4022, 8.048
2025/07/28 5:01:43, 544.69, 83.51, 8.26, 69.35, 8.50, 8.60, 8.88, 4.869, 6.539
2025/07/28 5:06:43, 558.93, 83.51, 8.19, 68.53, 7.64, 7.45, 7.74, 4.755, 6.539
2025/07/28 5:11:43, 551.46, 83.51, 8.19, 69.38, 8.07, 7.88, 8.07, 4.7651, 7.545
2025/07/28 5:16:43, 554.10, 83.51, 8.34, 68.59, 8.41, 8.45, 8.97, 4.7953, 7.042
2025/07/28 5:21:43, 553.92, 83.51, 7.69, 69.05, 6.61, 6.58, 6.96, 4.9227, 7.042
2025/07/28 5:26:43, 554.36, 83.51, 8.17, 69.34, 7.67, 7.64, 8.00, 4.7181, 6.539
2025/07/28 5:31:43, 547.07, 83.51, 8.53, 69.32, 9.06, 9.06, 9.54, 5.0266, 7.042
2025/07/28 5:36:43, 559.81, 83.51, 7.64, 71.34, 6.92, 6.85, 7.21, 5.4458, 7.042
2025/07/28 5:41:43, 562.27, 83.51, 7.62, 73.03, 7.57, 7.60, 7.86, 5.5565, 7.042
2025/07/28 5:46:43, 554.89, 83.51, 8.04, 71.14, 7.74, 7.57, 7.69, 5.4592, 7.042
2025/07/28 5:51:43, 555.51, 83.51, 8.50, 69.76, 8.02, 7.76, 8.09, 5.3452, 7.042
2025/07/28 5:56:43, 551.02, 83.51, 8.04, 69.32, 7.21, 6.94, 7.06, 5.2245, 7.042
2025/07/28 6:01:43, 551.46, 83.51, 7.95, 69.83, 6.96, 6.73, 7.11, 5.7946, 8.551
2025/07/28 6:06:43, 553.13, 83.51, 7.28, 72.98, 6.77, 6.89, 7.26, 6.0461, 7.545
2025/07/28 6:11:43, 553.92, 83.51, 7.69, 73.38, 8.02, 7.97, 7.88, 5.9153, 8.048
2025/07/28 6:16:43, 557.26, 83.54, 9.14, 66.44, 8.26, 8.04, 8.00, 5.818, 7.042
2025/07/28 6:21:43, 556.65, 83.57, 9.06, 67.17, 8.76, 8.57, 8.26, 5.8281, 7.042
2025/07/28 6:26:43, 560.43, 83.61, 8.85, 67.18, 8.45, 8.55, 8.36, 5.5699, 7.042
2025/07/28 6:31:43, 554.54, 83.61, 8.74, 68.05, 8.31, 7.90, 7.57, 5.8817, 7.545
2025/07/28 6:36:43, 552.69, 83.61, 10.22, 65.40, 10.80, 10.00, 10.00, 5.0099, 7.545
2025/07/28 6:41:43, 556.56, 83.61, 9.38, 65.10, 8.71, 7.83, 8.07, 4.4767, 6.539
2025/07/28 6:46:43, 552.25, 83.57, 9.64, 64.28, 9.14, 8.36, 8.41, 5.59, 8.551
2025/07/28 6:51:43, 363.07, 83.45, 8.26, 68.17, 7.81, 7.81, 8.02, 3.4741, 7.545
2025/07/28 6:56:43, 364.38, 83.45, 7.69, 70.60, 7.35, 7.45, 7.60, 0.0, 0.0
2025/07/28 7:01:43, 362.89, 83.48, 8.07, 71.77, 8.31, 8.26, 8.19, 0.0, 0.0
2025/07/28 7:06:43, 363.24, 83.48, 7.76, 70.50, 7.45, 7.50, 7.64, 0.0, 0.0
2025/07/28 7:11:43, 362.63, 83.48, 8.21, 69.01, 7.79, 7.86, 7.93, 0.0, 0.0
2025/07/28 7:16:43, 362.71, 83.48, 8.02, 69.32, 7.62, 7.79, 7.97, 0.0, 0.0
2025/07/28 7:21:43, 362.80, 83.48, 8.60, 68.03, 7.93, 8.07, 8.07, 0.0, 0.0
2025/07/28 7:26:43, 363.33, 83.48, 10.12, 61.37, 7.79, 7.93, 7.88, 0.0, 0.0
2025/07/28 7:31:43, 362.98, 83.51, 10.29, 61.58, 9.87, 8.36, 8.60, 0.0, 0.0
2025/07/28 7:36:43, 362.10, 83.48, 10.50, 59.33, 9.59, 8.48, 8.00, 0.0, 0.0
2025/07/28 7:41:43, 365.35, 83.51, 10.57, 59.86, 9.89, 10.05, 8.19, 0.0, 0.0
2025/07/28 7:46:43, 362.27, 83.48, 10.41, 59.88, 9.49, 9.84, 8.95, 0.0, 0.0
2025/07/28 7:51:43, 362.36, 83.48, 9.80, 61.55, 8.92, 9.35, 8.71, 0.0, 0.0
2025/07/28 7:56:43, 363.24, 83.51, 10.57, 61.20, 10.36, 10.68, 10.29, 0.0, 0.0
2025/07/28 8:01:43, 362.27, 83.51, 10.68, 61.85, 10.75, 11.07, 10.71, 0.0, 0.0
2025/07/28 8:06:43, 362.10, 83.48, 9.89, 61.86, 9.16, 9.47, 9.28, 0.0, 0.0
2025/07/28 8:11:43, 367.02, 83.51, 10.62, 61.51, 10.50, 10.80, 10.31, 0.0, 0.0
2025/07/28 8:16:43, 360.96, 83.51, 10.59, 60.24, 10.00, 10.38, 9.96, 0.0, 0.0
2025/07/28 8:21:43, 588.21, 83.57, 10.55, 66.52, 11.07, 11.07, 10.82, 0.4058, 6.539
2025/07/28 8:26:43, 588.38, 83.61, 10.80, 64.92, 11.07, 10.96, 10.78, 0.0, 0.0
2025/07/28 8:31:43, 589.00, 83.57, 10.96, 63.00, 10.93, 10.84, 10.80, 0.0, 0.0
2025/07/28 8:36:43, 589.00, 83.61, 11.05, 63.16, 10.98, 10.93, 10.89, 0.0, 0.0
2025/07/28 8:41:43, 589.00, 83.61, 11.22, 62.74, 11.05, 10.96, 10.89, 0.0, 0.0
2025/07/28 8:46:43, 589.26, 83.64, 11.33, 62.31, 11.03, 10.93, 10.75, 0.0, 0.0
2025/07/28 8:51:43, 589.35, 83.61, 11.22, 61.62, 10.82, 10.75, 10.68, 0.0, 0.0
2025/07/28 8:56:43, 589.35, 83.64, 11.12, 61.16, 10.68, 10.62, 10.55, 0.0, 0.0
2025/07/28 9:01:43, 589.26, 83.64, 11.14, 62.58, 10.89, 10.75, 10.66, 0.0, 0.0
2025/07/28 9:06:43, 589.35, 83.64, 11.29, 62.12, 10.84, 10.78, 10.68, 0.0, 0.0
2025/07/28 9:11:43, 589.35, 83.61, 11.50, 62.89, 10.96, 10.82, 10.62, 0.0, 0.0
2025/07/28 9:16:43, 589.26, 83.64, 11.59, 62.27, 10.93, 10.80, 10.71, 0.0, 0.0
2025/07/28 9:21:43, 589.35, 83.64, 11.63, 61.23, 10.93, 10.78, 10.71, 0.0, 0.0
2025/07/28 9:26:43, 589.26, 83.64, 11.70, 61.57, 11.05, 10.87, 10.75, 0.0, 0.0
2025/07/28 9:31:43, 589.35, 83.64, 11.77, 61.43, 11.05, 10.89, 10.75, 0.0, 0.0
2025/07/28 9:36:43, 589.26, 83.64, 11.82, 61.70, 11.12, 10.96, 10.82, 0.0, 0.0
2025/07/28 9:41:43, 589.26, 83.64, 11.84, 60.99, 11.17, 11.03, 10.89, 0.0, 0.0
2025/07/28 9:46:43, 589.26, 83.64, 11.88, 62.19, 11.24, 11.03, 10.87, 0.0, 0.0
2025/07/28 9:51:43, 589.35, 83.64, 11.88, 61.56, 11.29, 11.05, 10.87, 0.0, 0.0
2025/07/28 9:56:43, 589.26, 83.64, 11.93, 61.00, 11.36, 11.07, 10.91, 0.0, 0.0
2025/07/28 10:01:43, 589.35, 83.64, 12.07, 61.99, 11.61, 11.26, 11.05, 0.0, 0.0
2025/07/28 10:06:43, 589.26, 83.67, 12.16, 60.81, 11.59, 11.36, 11.12, 0.0, 0.0
2025/07/28 10:11:43, 589.26, 83.64, 12.23, 61.15, 11.68, 11.47, 11.19, 0.0, 0.0
2025/07/28 10:16:43, 589.26, 83.64, 12.30, 61.16, 11.68, 11.47, 11.14, 0.0, 0.0
2025/07/28 10:21:43, 589.26, 83.64, 12.30, 60.34, 11.59, 11.47, 11.17, 0.0, 0.0
2025/07/28 10:26:43, 589.26, 83.64, 12.32, 61.54, 11.68, 11.52, 11.24, 0.0, 0.0
2025/07/28 10:31:43, 589.35, 83.64, 12.42, 60.99, 11.73, 11.59, 11.26, 0.0, 0.0
2025/07/28 10:36:43, 589.26, 83.64, 12.58, 61.76, 12.07, 11.84, 11.45, 0.0, 0.0
2025/07/28 10:41:43, 589.26, 83.67, 12.74, 61.56, 12.21, 12.00, 11.54, 0.0, 0.0
2025/07/28 10:46:43, 589.26, 83.67, 12.87, 61.57, 12.30, 12.09, 11.59, 0.0, 0.0
2025/07/28 10:51:43, 600.96, 83.64, 12.98, 60.69, 12.53, 12.23, 11.70, 0.0, 0.0
2025/07/28 10:56:43, 505.66, 83.64, 12.76, 59.47, 12.83, 12.07, 11.88, 0.0034, 0.503
2025/07/28 11:01:43, 505.75, 83.67, 12.69, 59.76, 12.80, 12.16, 11.98, 0.0, 0.0
2025/07/28 11:06:43, 627.15, 83.64, 12.85, 60.71, 12.76, 12.21, 11.98, 0.0034, 0.503
2025/07/28 11:11:43, 468.30, 83.67, 14.98, 54.41, 12.62, 12.07, 11.93, 0.0, 0.0
2025/07/28 11:16:43, 349.62, 83.64, 13.98, 57.59, 12.98, 12.23, 12.11, 0.0201, 0.503
2025/07/28 11:21:43, 336.16, 83.67, 13.63, 59.35, 13.65, 12.87, 12.74, 0.0, 0.0
2025/07/28 11:26:43, 336.16, 83.67, 13.53, 59.71, 13.51, 12.96, 12.87, 0.0, 0.0
2025/07/28 11:31:43, 336.25, 83.67, 13.44, 58.91, 13.33, 12.87, 12.78, 0.0, 0.0
2025/07/28 11:36:43, 336.16, 83.70, 13.35, 60.10, 13.33, 13.05, 13.05, 0.0, 0.0
2025/07/28 11:41:43, 336.16, 83.67, 13.38, 62.28, 13.44, 13.19, 13.21, 0.0, 0.0
2025/07/28 11:46:43, 336.16, 83.67, 13.42, 61.91, 13.53, 13.35, 13.33, 0.0, 0.0
2025/07/28 11:51:43, 336.16, 83.70, 13.24, 58.63, 12.94, 12.60, 12.53, 0.0, 0.0
2025/07/28 11:56:43, 336.16, 83.70, 12.98, 56.73, 12.39, 11.95, 11.88, 0.0, 0.0
2025/07/28 12:01:43, 336.16, 83.70, 12.71, 57.52, 12.42, 12.00, 11.95, 0.0, 0.0
2025/07/28 12:06:43, 336.16, 83.70, 12.53, 57.83, 12.25, 12.09, 12.00, 0.0, 0.0
2025/07/28 12:11:43, 336.16, 83.67, 12.51, 58.35, 12.46, 12.28, 12.25, 0.0, 0.0
2025/07/28 12:16:43, 336.16, 83.70, 12.60, 59.52, 12.69, 12.60, 12.55, 0.0, 0.0
2025/07/28 12:21:43, 336.16, 83.70, 12.74, 59.99, 12.87, 12.76, 12.74, 0.0, 0.0
2025/07/28 12:26:43, 336.16, 83.70, 12.87, 60.49, 13.03, 12.96, 12.96, 0.0, 0.0
2025/07/28 12:31:43, 336.16, 83.70, 13.03, 60.88, 13.17, 13.14, 13.10, 0.0, 0.0
2025/07/28 12:36:43, 336.16, 83.67, 12.98, 57.85, 12.80, 12.58, 12.55, 0.0, 0.0
2025/07/28 12:41:43, 336.25, 83.73, 12.89, 57.05, 12.65, 12.37, 12.32, 0.0, 0.0
2025/07/28 12:46:43, 336.16, 83.70, 12.80, 57.30, 12.62, 12.30, 12.28, 0.0, 0.0
2025/07/28 12:51:43, 336.25, 83.70, 12.78, 57.11, 12.65, 12.44, 12.42, 0.0, 0.0
2025/07/28 12:56:43, 336.16, 83.70, 12.74, 56.81, 12.60, 12.37, 12.35, 0.0, 0.0
2025/07/28 13:01:43, 336.16, 83.70, 12.83, 56.86, 12.83, 12.76, 12.76, 0.0, 0.0
2025/07/28 13:06:43, 336.16, 83.70, 12.98, 56.69, 12.96, 12.87, 12.85, 0.0, 0.0
2025/07/28 13:11:43, 336.16, 83.70, 13.10, 56.29, 13.12, 13.12, 13.12, 0.0, 0.0
2025/07/28 13:16:43, 336.16, 83.70, 13.28, 56.46, 13.31, 13.38, 13.33, 0.0, 0.0
2025/07/28 13:21:43, 336.16, 83.70, 13.51, 57.09, 13.58, 13.78, 13.76, 0.0, 0.0
2025/07/28 13:26:43, 336.16, 83.70, 13.72, 56.93, 13.87, 14.05, 14.05, 0.0, 0.0
2025/07/28 13:31:43, 336.16, 83.73, 13.94, 55.23, 13.94, 14.03, 13.98, 0.0, 0.0
2025/07/28 13:36:43, 336.16, 83.70, 14.03, 55.31, 13.92, 13.92, 13.89, 0.0, 0.0
2025/07/28 13:41:43, 336.16, 83.70, 14.07, 54.68, 13.98, 13.98, 13.98, 0.0, 0.0
2025/07/28 13:46:43, 336.25, 83.70, 14.17, 55.44, 14.14, 14.19, 14.21, 0.0, 0.0
2025/07/28 13:51:43, 336.25, 83.73, 14.37, 54.60, 14.37, 14.42, 14.40, 0.0, 0.0
2025/07/28 13:56:43, 336.25, 83.73, 14.49, 54.39, 14.42, 14.56, 14.56, 0.0, 0.0
2025/07/28 14:01:43, 336.25, 83.73, 14.62, 55.12, 14.62, 14.87, 14.89, 0.0, 0.0
2025/07/28 14:06:43, 336.16, 83.73, 14.85, 57.74, 15.07, 15.19, 15.23, 0.0, 0.0
2025/07/28 14:11:43, 336.16, 83.76, 15.16, 59.92, 15.62, 15.64, 15.75, 0.0, 0.0
2025/07/28 14:16:43, 336.25, 83.73, 15.44, 59.13, 15.82, 15.86, 15.93, 0.0, 0.0
2025/07/28 14:21:43, 336.16, 83.73, 15.66, 58.78, 15.86, 15.95, 15.99, 0.0, 0.0
2025/07/28 14:26:43, 336.16, 83.76, 15.88, 60.54, 16.31, 16.34, 16.43, 0.0, 0.0
2025/07/28 14:31:43, 336.25, 83.76, 16.06, 58.41, 16.29, 16.34, 16.36, 0.0, 0.0
2025/07/28 14:36:43, 336.16, 83.76, 16.22, 58.36, 16.49, 16.56, 16.63, 0.0, 0.0
2025/07/28 14:41:43, 336.16, 83.76, 16.43, 59.70, 16.85, 16.83, 16.92, 0.0, 0.0
2025/07/28 14:46:43, 336.25, 83.76, 16.72, 60.23, 17.26, 17.23, 17.35, 0.0, 0.0
2025/07/28 14:51:43, 336.16, 83.76, 16.98, 59.92, 17.44, 17.39, 17.48, 0.0, 0.0
2025/07/28 14:56:43, 336.16, 83.76, 17.77, 60.02, 17.64, 17.50, 17.62, 0.0, 0.0
2025/07/28 15:01:43, 336.16, 83.76, 17.12, 55.00, 17.23, 16.94, 17.23, 0.0, 0.0
2025/07/28 15:06:43, 336.16, 83.76, 16.98, 57.36, 17.30, 17.14, 17.46, 0.0, 0.0
2025/07/28 15:11:43, 336.34, 83.73, 16.90, 55.73, 17.28, 16.98, 17.26, 0.0, 0.0
2025/07/28 15:16:43, 336.34, 83.76, 16.54, 49.84, 16.74, 16.40, 16.67, 0.0, 0.0
2025/07/28 15:21:43, 685.00, 83.76, 16.43, 50.92, 17.66, 16.58, 16.92, 0.0, 0.0
2025/07/28 15:26:43, 339.15, 83.76, 17.75, 52.35, 19.58, 15.16, 17.50, 0.0, 0.0
2025/07/28 15:31:43, 685.00, 83.76, 15.59, 54.67, 17.68, 14.24, 19.22, 0.0, 0.0
2025/07/28 15:36:43, 336.08, 83.76, 15.07, 55.51, 17.32, 14.87, 16.27, 0.0, 0.0
2025/07/28 15:41:43, 616.08, 83.76, 15.23, 54.36, 16.31, 16.83, 16.40, 0.0, 0.0
2025/07/28 15:46:43, 616.08, 83.73, 15.28, 54.52, 16.08, 16.90, 16.04, 0.0, 0.0
2025/07/28 15:51:43, 615.99, 83.73, 15.21, 54.32, 15.99, 16.74, 15.88, 0.0, 0.0
2025/07/28 15:56:43, 616.08, 83.73, 15.14, 55.78, 15.99, 16.58, 15.82, 0.0, 0.0
2025/07/28 16:01:43, 616.08, 83.73, 15.09, 56.15, 16.02, 16.45, 15.84, 0.0, 0.0
2025/07/28 16:06:43, 615.99, 83.73, 15.05, 56.45, 16.02, 16.36, 15.84, 0.0, 0.0
2025/07/28 16:11:43, 615.90, 83.73, 14.98, 56.93, 16.04, 16.27, 15.82, 0.0, 0.0
2025/07/28 16:16:43, 615.81, 83.73, 14.96, 57.30, 16.11, 16.22, 15.86, 0.0, 0.0
2025/07/28 16:21:43, 615.81, 83.73, 14.94, 57.26, 16.04, 16.13, 15.84, 0.0, 0.0
2025/07/28 16:26:43, 615.81, 83.70, 14.89, 57.29, 15.91, 16.06, 15.73, 0.0, 0.0
2025/07/28 16:31:43, 615.81, 83.70, 14.85, 57.74, 15.93, 15.99, 15.71, 0.0, 0.0
2025/07/28 16:36:43, 615.81, 83.73, 14.80, 58.07, 15.93, 15.95, 15.71, 0.0, 0.0
2025/07/28 16:41:43, 615.81, 83.73, 14.78, 57.92, 15.86, 15.91, 15.66, 0.0, 0.0
2025/07/28 16:46:43, 615.81, 83.70, 14.74, 58.06, 15.77, 15.84, 15.59, 0.0, 0.0
2025/07/28 16:51:43, 615.81, 83.70, 14.69, 58.51, 15.82, 15.77, 15.59, 0.0, 0.0
2025/07/28 16:56:43, 609.66, 83.70, 14.94, 58.39, 16.22, 15.77, 15.99, 0.0, 0.0
2025/07/28 17:01:43, 609.66, 83.73, 15.19, 57.97, 16.61, 15.91, 16.52, 0.0, 0.0
2025/07/28 17:06:43, 609.66, 83.73, 15.39, 57.73, 16.94, 16.06, 16.85, 0.0, 0.0
2025/07/28 17:11:43, 609.66, 83.73, 15.55, 57.64, 17.17, 16.22, 17.12, 0.0, 0.0
2025/07/28 17:16:43, 609.57, 83.73, 15.64, 57.65, 17.32, 16.31, 17.26, 0.0, 0.0
2025/07/28 17:21:43, 609.57, 83.73, 15.71, 57.69, 17.41, 16.40, 17.32, 0.0, 0.0
2025/07/28 17:26:43, 609.57, 83.73, 15.77, 57.81, 17.48, 16.45, 17.37, 0.0, 0.0
2025/07/28 17:31:43, 609.57, 83.73, 15.79, 57.97, 17.55, 16.49, 17.41, 0.0, 0.0
2025/07/28 17:36:43, 609.57, 83.73, 15.82, 58.08, 17.62, 16.56, 17.48, 0.0, 0.0
2025/07/28 17:41:43, 609.57, 83.73, 15.86, 58.24, 17.68, 16.58, 17.53, 0.0, 0.0
2025/07/28 17:46:43, 609.57, 83.73, 15.88, 58.35, 17.70, 16.63, 17.57, 0.0, 0.0
2025/07/28 17:51:43, 609.57, 83.73, 15.93, 58.51, 17.75, 16.65, 17.57, 0.0, 0.0
2025/07/28 17:56:43, 609.57, 83.73, 15.95, 58.63, 17.75, 16.67, 17.57, 0.0, 0.0
2025/07/28 18:01:43, 609.57, 83.76, 15.95, 58.74, 17.77, 16.70, 17.57, 0.0, 0.0
2025/07/28 18:06:43, 609.57, 83.73, 15.97, 58.85, 17.79, 16.72, 17.59, 0.0, 0.0
2025/07/28 18:11:43, 608.87, 83.73, 16.02, 58.97, 17.84, 16.74, 17.62, 0.0, 0.0
2025/07/28 18:16:43, 608.78, 83.76, 16.02, 59.09, 17.84, 16.78, 17.62, 0.0, 0.0
2025/07/28 18:21:43, 608.87, 83.73, 16.04, 59.16, 17.84, 16.81, 17.62, 0.0, 0.0
2025/07/28 18:26:43, 608.69, 83.73, 16.06, 59.28, 17.81, 16.83, 17.66, 0.0, 0.0
2025/07/28 18:31:43, 608.69, 83.73, 16.06, 59.39, 17.84, 16.85, 17.66, 0.0, 0.0
2025/07/28 18:36:43, 608.69, 83.76, 16.08, 59.47, 17.86, 16.87, 17.68, 0.0, 0.0
2025/07/28 18:41:43, 608.69, 83.73, 16.08, 59.58, 17.88, 16.90, 17.70, 0.0, 0.0
2025/07/28 18:46:43, 608.69, 83.73, 16.13, 59.70, 17.88, 16.90, 17.70, 0.0, 0.0
2025/07/28 18:51:43, 608.69, 83.73, 16.13, 59.78, 17.86, 16.87, 17.66, 0.0, 0.0
2025/07/28 18:56:43, 608.60, 83.73, 16.13, 59.21, 17.79, 16.85, 17.59, 0.0, 0.0
2025/07/28 19:01:43, 608.60, 83.76, 16.13, 58.91, 17.75, 16.85, 17.57, 0.0, 0.0
2025/07/28 19:06:43, 608.52, 83.73, 16.13, 59.06, 17.75, 16.81, 17.55, 0.0, 0.0
2025/07/28 19:11:43, 608.60, 83.73, 16.11, 59.17, 17.73, 16.78, 17.53, 0.0, 0.0
2025/07/28 19:16:43, 608.60, 83.73, 16.11, 59.29, 17.68, 16.76, 17.48, 0.0, 0.0
2025/07/28 19:21:43, 608.60, 83.76, 16.08, 59.39, 17.66, 16.74, 17.48, 0.0, 0.0
2025/07/28 19:26:43, 608.60, 83.76, 16.06, 59.47, 17.66, 16.72, 17.44, 0.0, 0.0
2025/07/28 19:31:43, 608.60, 83.76, 16.06, 59.58, 17.62, 16.70, 17.41, 0.0, 0.0
2025/07/28 19:36:43, 608.52, 83.73, 16.04, 59.65, 17.57, 16.67, 17.37, 0.0, 0.0
2025/07/28 19:41:43, 608.60, 83.73, 16.04, 59.73, 17.48, 16.65, 17.28, 0.0, 0.0
2025/07/28 19:46:43, 608.52, 83.76, 16.02, 59.84, 17.44, 16.61, 17.23, 0.0, 0.0
2025/07/28 19:51:43, 608.52, 83.73, 15.99, 59.91, 17.39, 16.58, 17.17, 0.0, 0.0
2025/07/28 19:56:43, 608.52, 83.73, 15.95, 59.98, 17.35, 16.54, 17.17, 0.0, 0.0
2025/07/28 20:01:43, 608.52, 83.73, 15.93, 60.02, 17.30, 16.49, 17.07, 0.0, 0.0
2025/07/28 20:06:43, 608.52, 83.73, 15.91, 60.13, 17.19, 16.45, 16.98, 0.0, 0.0
2025/07/28 20:11:43, 608.52, 83.76, 15.86, 60.23, 17.10, 16.38, 16.87, 0.0, 0.0
2025/07/28 20:16:43, 608.52, 83.76, 15.82, 60.34, 16.96, 16.31, 16.78, 0.0, 0.0
2025/07/28 20:21:43, 608.52, 83.76, 15.77, 60.45, 16.85, 16.22, 16.67, 0.0, 0.0
2025/07/28 20:26:43, 608.52, 83.76, 15.71, 60.51, 16.74, 16.13, 16.54, 0.0, 0.0
2025/07/28 20:31:43, 608.52, 83.76, 15.66, 60.66, 16.63, 16.04, 16.45, 0.0, 0.0
2025/07/28 20:36:43, 608.52, 83.76, 15.59, 60.76, 16.52, 15.97, 16.36, 0.0, 0.0
2025/07/28 20:41:43, 608.52, 83.73, 15.53, 60.87, 16.43, 15.91, 16.27, 0.0, 0.0
2025/07/28 20:46:43, 608.52, 83.73, 15.46, 61.01, 16.34, 15.84, 16.20, 0.0, 0.0
2025/07/28 20:51:43, 608.52, 83.73, 15.41, 61.11, 16.24, 15.77, 16.08, 0.0, 0.0
2025/07/28 20:56:43, 608.43, 83.73, 15.35, 61.22, 16.20, 15.71, 16.04, 0.0, 0.0
2025/07/28 21:01:43, 608.52, 83.76, 15.28, 61.32, 16.15, 15.66, 15.99, 0.0, 0.0
2025/07/28 21:06:43, 608.52, 83.73, 15.23, 61.43, 16.08, 15.59, 15.95, 0.0, 0.0
2025/07/28 21:11:43, 608.52, 83.76, 15.16, 61.53, 16.04, 15.57, 15.91, 0.0, 0.0
2025/07/28 21:16:43, 608.52, 83.73, 15.12, 61.64, 15.99, 15.50, 15.86, 0.0, 0.0
2025/07/28 21:21:43, 608.52, 83.76, 15.07, 61.71, 15.95, 15.41, 15.79, 0.0, 0.0
2025/07/28 21:26:43, 608.52, 83.76, 15.03, 61.78, 15.86, 15.32, 15.71, 0.0, 0.0
2025/07/28 21:31:43, 608.52, 83.76, 14.96, 61.88, 15.79, 15.26, 15.64, 0.0, 0.0
2025/07/28 21:36:43, 608.52, 83.76, 14.91, 61.99, 15.71, 15.21, 15.55, 0.0, 0.0
2025/07/28 21:41:43, 608.52, 83.76, 14.85, 62.06, 15.62, 15.14, 15.46, 0.0, 0.0
2025/07/28 21:46:43, 608.52, 83.73, 14.78, 62.16, 15.55, 15.07, 15.37, 0.0, 0.0
2025/07/28 21:51:43, 608.52, 83.76, 14.71, 62.26, 15.44, 15.00, 15.28, 0.0, 0.0
2025/07/28 21:56:43, 608.52, 83.76, 14.67, 62.37, 15.32, 14.94, 15.16, 0.0, 0.0
2025/07/28 22:01:43, 608.52, 83.76, 14.60, 62.47, 15.23, 14.85, 15.05, 0.0, 0.0
2025/07/28 22:06:43, 608.52, 83.76, 14.51, 62.54, 15.09, 14.78, 14.96, 0.0, 0.0
2025/07/28 22:11:43, 608.52, 83.76, 14.44, 62.64, 15.00, 14.69, 14.85, 0.0, 0.0
2025/07/28 22:16:43, 608.52, 83.76, 14.37, 62.74, 14.89, 14.60, 14.76, 0.0, 0.0
2025/07/28 22:21:43, 608.52, 83.76, 14.31, 62.85, 14.74, 14.53, 14.71, 0.0, 0.0
2025/07/28 22:26:43, 608.52, 83.76, 14.24, 62.95, 14.65, 14.47, 14.67, 0.0, 0.0
2025/07/28 22:31:43, 608.52, 83.76, 14.17, 63.09, 14.67, 14.42, 14.60, 0.0, 0.0
2025/07/28 22:36:43, 608.52, 83.76, 14.10, 63.16, 14.65, 14.37, 14.56, 0.0, 0.0
2025/07/28 22:41:43, 608.52, 83.76, 14.05, 63.26, 14.58, 14.31, 14.49, 0.0, 0.0
2025/07/28 22:46:43, 608.52, 83.76, 13.98, 63.33, 14.51, 14.24, 14.37, 0.0, 0.0
2025/07/28 22:51:43, 608.52, 83.76, 13.92, 63.36, 14.40, 14.17, 14.26, 0.0, 0.0
2025/07/28 22:56:43, 608.52, 83.76, 13.87, 63.43, 14.31, 14.07, 14.14, 0.0, 0.0
2025/07/28 23:01:43, 608.52, 83.79, 13.81, 63.53, 14.21, 14.01, 14.07, 0.0, 0.0
2025/07/28 23:06:43, 608.52, 83.76, 13.74, 63.60, 14.10, 13.94, 13.98, 0.0, 0.0
2025/07/28 23:11:43, 608.52, 83.76, 13.67, 63.66, 14.03, 13.87, 13.89, 0.0, 0.0
2025/07/28 23:16:43, 608.52, 83.76, 13.60, 63.73, 13.94, 13.81, 13.83, 0.0, 0.0
2025/07/28 23:21:43, 608.52, 83.76, 13.53, 63.83, 13.85, 13.72, 13.74, 0.0, 0.0
2025/07/28 23:26:43, 608.52, 83.76, 13.47, 63.90, 13.78, 13.65, 13.69, 0.0, 0.0
2025/07/28 23:31:43, 608.52, 83.76, 13.40, 63.96, 13.69, 13.60, 13.63, 0.0, 0.0
2025/07/28 23:36:43, 608.52, 83.76, 13.33, 64.07, 13.63, 13.51, 13.53, 0.0, 0.0
2025/07/28 23:41:43, 608.52, 83.76, 13.28, 64.13, 13.60, 13.44, 13.51, 0.0, 0.0
2025/07/28 23:46:43, 608.52, 83.76, 13.21, 64.24, 13.53, 13.40, 13.44, 0.0, 0.0
2025/07/28 23:51:43, 608.52, 83.76, 13.14, 64.30, 13.51, 13.33, 13.42, 0.0, 0.0
2025/07/28 23:56:43, 608.52, 83.76, 13.10, 64.37, 13.47, 13.31, 13.38, 0.0, 0.0
2025/07/29 0:01:43, 608.52, 83.76, 13.05, 64.44, 13.38, 13.24, 13.31, 0.0, 0.0
2025/07/29 0:06:43, 608.43, 83.76, 12.98, 64.51, 13.33, 13.19, 13.26, 0.0, 0.0
2025/07/29 0:11:43, 608.52, 83.73, 12.94, 64.58, 13.28, 13.14, 13.19, 0.0, 0.0
2025/07/29 0:16:43, 608.52, 83.76, 12.87, 64.57, 13.12, 13.07, 13.07, 0.0, 0.0
2025/07/29 0:21:43, 608.60, 83.73, 12.83, 64.67, 13.10, 12.98, 13.07, 0.0, 0.0
2025/07/29 0:26:43, 608.60, 83.76, 12.78, 64.70, 12.98, 12.92, 13.00, 0.0, 0.0
2025/07/29 0:31:43, 608.60, 83.76, 12.71, 64.77, 12.89, 12.85, 12.92, 0.0, 0.0
2025/07/29 0:36:43, 608.60, 83.76, 12.62, 64.87, 12.80, 12.78, 12.83, 0.0, 0.0
2025/07/29 0:41:43, 608.60, 83.76, 12.58, 64.94, 12.74, 12.71, 12.78, 0.0, 0.0
2025/07/29 0:46:43, 608.60, 83.76, 12.51, 65.04, 12.69, 12.65, 12.71, 0.0, 0.0
2025/07/29 0:51:43, 608.60, 83.76, 12.46, 65.11, 12.62, 12.60, 12.65, 0.0, 0.0
2025/07/29 0:56:43, 608.52, 83.76, 12.42, 65.21, 12.55, 12.55, 12.60, 0.0, 0.0
2025/07/29 1:01:43, 608.60, 83.76, 12.35, 65.24, 12.49, 12.49, 12.53, 0.0, 0.0
2025/07/29 1:06:43, 608.60, 83.73, 12.28, 65.31, 12.44, 12.44, 12.49, 0.0, 0.0
2025/07/29 1:11:43, 608.60, 83.76, 12.23, 65.38, 12.39, 12.39, 12.44, 0.0, 0.0
2025/07/29 1:16:43, 608.60, 83.76, 12.18, 65.48, 12.32, 12.32, 12.39, 0.0, 0.0
2025/07/29 1:21:43, 608.60, 83.76, 12.14, 65.51, 12.28, 12.28, 12.32, 0.0, 0.0
2025/07/29 1:26:43, 608.60, 83.76, 12.07, 65.58, 12.21, 12.23, 12.28, 0.0, 0.0
2025/07/29 1:31:43, 608.60, 83.76, 12.04, 65.65, 12.18, 12.18, 12.23, 0.0, 0.0
2025/07/29 1:36:43, 608.52, 83.76, 11.98, 65.75, 12.14, 12.14, 12.21, 0.0, 0.0
2025/07/29 1:41:43, 608.60, 83.76, 11.95, 65.78, 12.11, 12.09, 12.16, 0.0, 0.0
2025/07/29 1:46:43, 608.60, 83.76, 11.91, 65.85, 12.04, 12.04, 12.11, 0.0, 0.0
2025/07/29 1:51:43, 608.60, 83.76, 11.86, 65.88, 11.98, 12.00, 12.04, 0.0, 0.0
2025/07/29 1:56:43, 608.52, 83.76, 11.82, 65.92, 11.91, 11.95, 11.95, 0.0, 0.0
2025/07/29 2:01:43, 608.60, 83.76, 11.77, 66.02, 11.88, 11.91, 11.93, 0.0, 0.0
2025/07/29 2:06:43, 608.52, 83.73, 11.73, 66.05, 11.86, 11.86, 11.91, 0.0, 0.0
2025/07/29 2:11:43, 608.60, 83.76, 11.68, 66.12, 11.86, 11.84, 11.88, 0.0, 0.0
2025/07/29 2:16:43, 608.60, 83.76, 11.63, 66.19, 11.84, 11.79, 11.88, 0.0, 0.0
2025/07/29 2:21:43, 608.60, 83.76, 11.61, 66.22, 11.82, 11.77, 11.86, 0.0, 0.0
2025/07/29 2:26:43, 608.52, 83.73, 11.57, 66.25, 11.79, 11.73, 11.82, 0.0, 0.0
2025/07/29 2:31:43, 608.60, 83.73, 11.52, 66.32, 11.77, 11.68, 11.79, 0.0, 0.0
2025/07/29 2:36:43, 608.52, 83.73, 11.50, 66.36, 11.75, 11.68, 11.77, 0.0, 0.0
2025/07/29 2:41:43, 608.60, 83.70, 11.47, 66.39, 11.73, 11.63, 11.75, 0.0, 0.0
2025/07/29 2:46:43, 608.52, 83.70, 11.43, 66.42, 11.68, 11.59, 11.70, 0.0, 0.0
2025/07/29 2:51:43, 608.60, 83.73, 11.40, 66.45, 11.66, 11.57, 11.68, 0.0, 0.0
2025/07/29 2:56:43, 608.60, 83.70, 11.36, 66.52, 11.63, 11.52, 11.66, 0.0, 0.0
2025/07/29 3:01:43, 608.60, 83.70, 11.33, 66.56, 11.61, 11.50, 11.63, 0.0, 0.0
2025/07/29 3:06:43, 608.60, 83.70, 11.31, 66.59, 11.59, 11.47, 11.61, 0.0, 0.0
2025/07/29 3:11:43, 608.60, 83.70, 11.26, 66.62, 11.54, 11.45, 11.57, 0.0, 0.0
2025/07/29 3:16:43, 608.60, 83.67, 11.24, 66.66, 11.52, 11.43, 11.54, 0.0, 0.0
2025/07/29 3:21:43, 608.52, 83.70, 11.22, 66.69, 11.50, 11.40, 11.52, 0.0, 0.0
2025/07/29 3:26:43, 608.60, 83.70, 11.19, 66.72, 11.47, 11.36, 11.50, 0.0, 0.0
2025/07/29 3:31:43, 608.60, 83.70, 11.14, 66.75, 11.45, 11.33, 11.47, 0.0, 0.0
2025/07/29 3:36:43, 608.60, 83.70, 11.12, 66.79, 11.43, 11.31, 11.45, 0.0, 0.0
2025/07/29 3:41:43, 608.60, 83.67, 11.10, 66.82, 11.40, 11.26, 11.43, 0.0, 0.0
2025/07/29 3:46:43, 608.60, 83.67, 11.07, 66.86, 11.40, 11.26, 11.40, 0.0, 0.0
2025/07/29 3:51:43, 608.52, 83.70, 11.05, 66.85, 11.38, 11.22, 11.38, 0.0, 0.0
2025/07/29 3:56:43, 608.52, 83.70, 11.03, 66.89, 11.33, 11.22, 11.33, 0.0, 0.0
2025/07/29 4:01:43, 608.60, 83.70, 11.00, 66.92, 11.31, 11.17, 11.31, 0.0, 0.0
2025/07/29 4:06:43, 608.60, 83.70, 10.98, 66.92, 11.26, 11.14, 11.26, 0.0, 0.0
2025/07/29 4:11:43, 608.52, 83.64, 10.96, 66.95, 11.24, 11.12, 11.24, 0.0, 0.0
2025/07/29 4:16:43, 608.52, 83.67, 10.93, 66.95, 11.17, 11.10, 11.19, 0.0, 0.0
2025/07/29 4:21:43, 608.60, 83.67, 10.91, 66.98, 11.14, 11.05, 11.14, 0.0, 0.0
2025/07/29 4:26:43, 608.52, 83.67, 10.87, 66.98, 11.12, 11.03, 11.12, 0.0, 0.0
2025/07/29 4:31:43, 608.52, 83.70, 10.84, 67.01, 11.10, 11.00, 11.12, 0.0, 0.0
2025/07/29 4:36:43, 608.52, 83.64, 10.82, 67.04, 11.07, 10.98, 11.07, 0.0, 0.0
2025/07/29 4:41:43, 608.52, 83.67, 10.80, 67.08, 11.03, 10.93, 11.05, 0.0, 0.0
2025/07/29 4:46:43, 608.52, 83.67, 10.75, 67.11, 10.98, 10.91, 11.00, 0.0, 0.0
2025/07/29 4:51:43, 608.52, 83.67, 10.73, 67.11, 10.96, 10.89, 10.98, 0.0, 0.0
2025/07/29 4:56:43, 608.60, 83.70, 10.71, 67.14, 10.93, 10.84, 10.96, 0.0, 0.0
2025/07/29 5:01:43, 608.52, 83.64, 10.68, 67.21, 10.93, 10.84, 10.93, 0.0, 0.0
2025/07/29 5:06:43, 608.52, 83.67, 10.66, 67.21, 10.89, 10.80, 10.91, 0.0, 0.0
2025/07/29 5:11:43, 608.52, 83.67, 10.62, 67.24, 10.87, 10.78, 10.87, 0.0, 0.0
2025/07/29 5:16:43, 608.52, 83.67, 10.59, 67.23, 10.82, 10.75, 10.84, 0.0, 0.0
2025/07/29 5:21:43, 608.60, 83.67, 10.57, 67.27, 10.78, 10.71, 10.80, 0.0, 0.0
2025/07/29 5:26:43, 608.52, 83.64, 10.52, 67.34, 10.73, 10.68, 10.75, 0.0, 0.0
2025/07/29 5:31:43, 608.52, 83.67, 10.50, 67.33, 10.66, 10.64, 10.71, 0.0, 0.0
2025/07/29 5:36:43, 608.52, 83.67, 10.45, 67.36, 10.66, 10.62, 10.66, 0.0, 0.0
2025/07/29 5:41:43, 608.52, 83.67, 10.43, 67.40, 10.64, 10.57, 10.66, 0.0, 0.0
2025/07/29 5:46:43, 608.52, 83.64, 10.41, 67.47, 10.62, 10.57, 10.64, 0.0, 0.0
2025/07/29 5:51:43, 608.52, 83.67, 10.38, 67.50, 10.62, 10.52, 10.62, 0.0, 0.0
2025/07/29 5:56:43, 608.52, 83.64, 10.34, 67.50, 10.59, 10.50, 10.62, 0.0, 0.0
2025/07/29 6:01:43, 608.52, 83.67, 10.31, 67.57, 10.59, 10.48, 10.59, 0.0, 0.0
2025/07/29 6:06:43, 608.52, 83.67, 10.29, 67.56, 10.57, 10.45, 10.57, 0.0, 0.0
2025/07/29 6:11:43, 608.52, 83.67, 10.27, 67.60, 10.57, 10.43, 10.57, 0.0, 0.0
2025/07/29 6:16:43, 608.52, 83.67, 10.24, 67.63, 10.57, 10.41, 10.57, 0.0, 0.0
2025/07/29 6:21:43, 608.52, 83.64, 10.22, 67.67, 10.57, 10.38, 10.55, 0.0, 0.0
2025/07/29 6:26:43, 608.52, 83.67, 10.19, 67.70, 10.55, 10.36, 10.55, 0.0, 0.0
2025/07/29 6:31:43, 608.52, 83.67, 10.17, 67.70, 10.50, 10.34, 10.52, 0.0, 0.0
2025/07/29 6:36:43, 608.52, 83.64, 10.17, 67.73, 10.48, 10.31, 10.48, 0.0, 0.0
2025/07/29 6:41:43, 608.52, 83.64, 10.12, 67.76, 10.45, 10.29, 10.48, 0.0, 0.0
2025/07/29 6:46:43, 608.52, 83.64, 10.10, 67.80, 10.43, 10.27, 10.45, 0.0, 0.0
2025/07/29 6:51:43, 608.60, 83.67, 10.10, 67.80, 10.43, 10.24, 10.43, 0.0, 0.0
2025/07/29 6:56:43, 608.52, 83.64, 10.08, 67.83, 10.45, 10.22, 10.45, 0.0, 0.0
2025/07/29 7:01:43, 608.52, 83.67, 10.05, 67.87, 10.45, 10.22, 10.45, 0.0, 0.0
2025/07/29 7:06:43, 608.52, 83.67, 10.05, 67.90, 10.48, 10.19, 10.48, 0.0, 0.0
2025/07/29 7:11:43, 608.52, 83.67, 10.03, 67.90, 10.50, 10.19, 10.48, 0.0, 0.0
2025/07/29 7:16:43, 608.52, 83.67, 10.00, 67.90, 10.50, 10.19, 10.50, 0.0, 0.0
2025/07/29 7:21:43, 608.52, 83.67, 10.00, 67.93, 10.52, 10.19, 10.50, 0.0, 0.0
2025/07/29 7:26:43, 608.52, 83.67, 10.00, 67.93, 10.57, 10.19, 10.57, 0.0, 0.0
2025/07/29 7:31:43, 608.52, 83.70, 10.00, 67.93, 10.59, 10.19, 10.59, 0.0, 0.0
2025/07/29 7:36:43, 608.52, 83.67, 10.00, 67.93, 10.62, 10.19, 10.62, 0.0, 0.0
2025/07/29 7:41:43, 608.52, 83.67, 10.00, 67.93, 10.64, 10.19, 10.64, 0.0, 0.0
2025/07/29 7:46:43, 608.52, 83.67, 10.00, 67.93, 10.66, 10.19, 10.66, 0.0, 0.0
2025/07/29 7:51:43, 608.52, 83.70, 10.03, 67.94, 10.68, 10.19, 10.68, 0.0, 0.0
2025/07/29 7:56:43, 608.52, 83.70, 10.03, 67.94, 10.71, 10.19, 10.68, 0.0, 0.0
2025/07/29 8:01:43, 608.52, 83.67, 10.03, 67.90, 10.71, 10.19, 10.68, 0.0, 0.0
2025/07/29 8:06:43, 608.52, 83.70, 10.03, 67.90, 10.71, 10.22, 10.68, 0.0, 0.0
2025/07/29 8:11:43, 608.52, 83.70, 10.03, 67.90, 10.73, 10.22, 10.71, 0.0, 0.0
2025/07/29 8:16:43, 608.52, 83.67, 10.05, 67.90, 10.73, 10.22, 10.71, 0.0, 0.0
2025/07/29 8:21:43, 608.52, 83.70, 10.03, 67.90, 10.75, 10.22, 10.71, 0.0, 0.0
2025/07/29 8:26:43, 608.52, 83.70, 10.05, 67.87, 10.75, 10.22, 10.73, 0.0, 0.0
2025/07/29 8:31:43, 608.52, 83.70, 10.05, 67.90, 10.78, 10.22, 10.75, 0.0, 0.0
2025/07/29 8:36:43, 608.52, 83.73, 10.05, 67.90, 10.80, 10.22, 10.78, 0.0, 0.0
2025/07/29 8:41:43, 608.52, 83.70, 10.05, 67.90, 10.80, 10.22, 10.80, 0.0, 0.0
2025/07/29 8:46:43, 608.52, 83.67, 10.05, 67.90, 10.82, 10.22, 10.80, 0.0, 0.0
2025/07/29 8:51:43, 608.52, 83.73, 10.05, 67.90, 10.84, 10.24, 10.84, 0.0, 0.0
2025/07/29 8:56:43, 608.52, 83.70, 10.05, 67.90, 10.87, 10.24, 10.84, 0.0, 0.0
2025/07/29 9:01:43, 685.00, 83.70, 10.80, 68.05, 14.24, 12.44, 11.17, 0.0, 0.0
2025/07/29 9:06:43, 524.56, 83.73, 12.23, 67.80, 15.37, 14.24, 14.12, 0.0, 0.0
2025/07/29 9:11:43, 358.49, 83.76, 13.03, 60.70, 13.49, 13.33, 13.33, 0.0, 0.0
2025/07/29 9:16:43, 360.87, 83.73, 12.37, 62.89, 12.71, 12.69, 12.69, 0.0, 0.0
2025/07/29 9:21:43, 360.87, 83.76, 12.04, 64.12, 12.42, 12.39, 12.42, 0.0, 0.0
2025/07/29 9:26:43, 360.78, 83.76, 11.84, 64.80, 12.23, 12.23, 12.25, 0.0, 0.0
2025/07/29 9:31:43, 360.16, 83.73, 11.70, 65.27, 12.16, 12.14, 12.18, 0.0, 0.0
2025/07/29 9:36:43, 360.78, 83.76, 11.66, 65.48, 12.16, 12.16, 12.18, 0.0, 0.0
2025/07/29 9:41:43, 360.69, 83.76, 11.61, 65.59, 12.18, 12.16, 12.18, 0.0, 0.0
2025/07/29 9:46:43, 360.60, 83.76, 11.61, 65.63, 12.18, 12.18, 12.21, 0.0, 0.0
2025/07/29 9:51:43, 360.60, 83.76, 11.63, 65.59, 12.28, 12.25, 12.28, 0.0, 0.0
2025/07/29 9:56:43, 358.85, 83.76, 11.70, 65.45, 12.46, 12.46, 12.51, 0.0, 0.0
2025/07/29 10:01:43, 359.02, 83.76, 11.79, 65.24, 12.65, 12.65, 12.69, 0.0, 0.0
2025/07/29 10:06:43, 358.93, 83.76, 11.86, 65.03, 12.74, 12.74, 12.78, 0.0, 0.0
2025/07/29 10:11:43, 358.85, 83.76, 11.91, 64.88, 12.78, 12.78, 12.80, 0.0, 0.0
2025/07/29 10:16:43, 358.58, 83.76, 11.98, 64.74, 12.87, 12.85, 12.89, 0.0, 0.0
2025/07/29 10:21:43, 358.49, 83.76, 12.07, 64.49, 13.00, 13.00, 13.05, 0.0, 0.0
2025/07/29 10:26:43, 358.58, 83.76, 12.16, 64.28, 13.14, 13.17, 13.19, 0.0, 0.0
2025/07/29 10:31:43, 358.58, 83.76, 12.25, 64.07, 13.19, 13.19, 13.24, 0.0, 0.0
2025/07/29 10:36:43, 358.58, 83.76, 12.28, 64.00, 13.24, 13.24, 13.26, 0.0, 0.0
2025/07/29 10:41:43, 358.58, 83.76, 12.37, 63.86, 13.38, 13.38, 13.42, 0.0, 0.0
2025/07/29 10:46:43, 358.67, 83.79, 12.44, 63.69, 13.49, 13.49, 13.51, 0.0, 0.0
2025/07/29 10:51:43, 358.58, 83.76, 12.53, 63.47, 13.60, 13.60, 13.65, 0.0, 0.0
2025/07/29 10:56:43, 358.67, 83.76, 12.62, 63.30, 13.74, 13.74, 13.78, 0.0, 0.0
2025/07/29 11:01:43, 358.67, 83.76, 12.74, 63.13, 13.87, 13.89, 13.92, 0.0, 0.0
2025/07/29 11:06:43, 358.67, 83.79, 12.83, 62.91, 13.98, 14.01, 14.05, 0.0, 0.0
2025/07/29 11:11:43, 358.67, 83.79, 12.92, 62.78, 14.10, 14.12, 14.14, 0.0, 0.0
2025/07/29 11:16:43, 358.67, 83.76, 13.05, 62.53, 14.26, 14.28, 14.33, 0.0, 0.0
2025/07/29 11:21:43, 358.49, 83.76, 13.17, 62.29, 14.44, 14.44, 14.49, 0.0, 0.0
2025/07/29 11:26:43, 361.40, 83.82, 13.28, 62.15, 14.49, 14.53, 14.58, 0.0, 0.0
2025/07/29 11:31:43, 361.40, 83.79, 13.26, 62.26, 14.40, 14.40, 14.44, 0.0, 0.0
2025/07/29 11:36:43, 361.40, 83.79, 13.19, 62.55, 14.33, 14.28, 14.33, 0.0, 0.0
2025/07/29 11:41:43, 361.40, 83.82, 13.14, 62.92, 14.26, 14.19, 14.26, 0.0, 0.0
2025/07/29 11:46:43, 361.40, 83.76, 13.07, 63.21, 14.21, 14.14, 14.19, 0.0, 0.0
2025/07/29 11:51:43, 361.48, 83.79, 13.05, 63.47, 14.19, 14.14, 14.19, 0.0, 0.0
2025/07/29 11:56:43, 361.48, 83.82, 13.03, 63.69, 14.17, 14.10, 14.17, 0.0, 0.0
2025/07/29 12:01:43, 361.48, 83.82, 13.00, 63.84, 14.17, 14.10, 14.17, 0.0, 0.0
2025/07/29 12:06:43, 361.48, 83.79, 13.00, 63.95, 14.19, 14.14, 14.21, 0.0, 0.0
2025/07/29 12:11:43, 361.48, 83.82, 13.00, 64.02, 14.21, 14.17, 14.21, 0.0, 0.0
2025/07/29 12:16:43, 361.57, 83.82, 13.00, 64.10, 14.24, 14.17, 14.24, 0.0, 0.0
2025/07/29 12:21:43, 361.48, 83.79, 13.03, 64.18, 14.24, 14.17, 14.21, 0.0, 0.0
2025/07/29 12:26:43, 361.66, 83.82, 13.00, 64.28, 14.21, 14.14, 14.19, 0.0, 0.0
2025/07/29 12:31:43, 361.66, 83.79, 13.03, 64.36, 14.24, 14.14, 14.19, 0.0, 0.0
2025/07/29 12:36:43, 361.75, 83.82, 13.03, 64.44, 14.24, 14.14, 14.19, 0.0, 0.0
2025/07/29 12:41:43, 361.75, 83.82, 13.05, 64.44, 14.24, 14.14, 14.17, 0.0, 0.0
2025/07/29 12:46:43, 361.84, 83.79, 13.05, 64.48, 14.24, 14.12, 14.17, 0.0, 0.0
2025/07/29 12:51:43, 361.84, 83.82, 13.05, 64.52, 14.26, 14.17, 14.21, 0.0, 0.0
2025/07/29 12:56:43, 361.84, 83.82, 13.07, 64.52, 14.31, 14.24, 14.31, 0.0, 0.0
2025/07/29 13:01:43, 361.92, 83.82, 13.10, 64.52, 14.37, 14.33, 14.37, 0.0, 0.0
2025/07/29 13:06:43, 361.92, 83.82, 13.14, 64.53, 14.44, 14.42, 14.47, 0.0, 0.0
2025/07/29 13:11:43, 362.01, 83.79, 13.14, 64.49, 14.49, 14.40, 14.44, 0.0, 0.0
2025/07/29 13:16:43, 361.92, 83.82, 13.17, 64.49, 14.47, 14.35, 14.42, 0.0, 0.0
2025/07/29 13:21:43, 362.01, 83.82, 13.19, 64.53, 14.42, 14.33, 14.37, 0.0, 0.0
2025/07/29 13:26:43, 362.01, 83.82, 13.19, 64.53, 14.42, 14.33, 14.40, 0.0, 0.0
2025/07/29 13:31:43, 362.01, 83.82, 13.19, 64.57, 14.44, 14.37, 14.42, 0.0, 0.0
2025/07/29 13:36:43, 362.01, 83.82, 13.21, 64.61, 14.44, 14.37, 14.42, 0.0, 0.0
2025/07/29 13:41:43, 362.01, 83.85, 13.21, 64.61, 14.42, 14.35, 14.40, 0.0, 0.0
2025/07/29 13:46:43, 362.01, 83.82, 13.21, 64.65, 14.42, 14.35, 14.37, 0.0, 0.0
2025/07/29 13:51:43, 362.01, 83.82, 13.21, 64.69, 14.37, 14.31, 14.35, 0.0, 0.0
2025/07/29 13:56:43, 362.01, 83.82, 13.21, 64.72, 14.33, 14.28, 14.33, 0.0, 0.0
2025/07/29 14:01:43, 361.13, 83.82, 13.19, 64.80, 14.33, 14.28, 14.33, 0.0, 0.0
2025/07/29 14:06:43, 362.98, 83.82, 13.17, 64.98, 14.35, 14.31, 14.35, 0.0, 0.0
2025/07/29 14:11:43, 362.98, 83.82, 13.14, 65.09, 14.35, 14.33, 14.37, 0.0, 0.0
2025/07/29 14:16:43, 362.98, 83.82, 13.14, 65.20, 14.35, 14.33, 14.37, 0.0, 0.0
2025/07/29 14:21:43, 362.98, 83.82, 13.14, 65.28, 14.33, 14.33, 14.35, 0.0, 0.0
2025/07/29 14:26:43, 362.98, 83.85, 13.12, 65.35, 14.33, 14.31, 14.35, 0.0, 0.0
2025/07/29 14:31:43, 362.98, 83.85, 13.14, 65.39, 14.33, 14.28, 14.33, 0.0, 0.0
2025/07/29 14:36:43, 362.98, 83.85, 13.12, 65.46, 14.33, 14.31, 14.33, 0.0, 0.0
2025/07/29 14:41:43, 362.98, 83.82, 13.14, 65.46, 14.33, 14.31, 14.33, 0.0, 0.0
2025/07/29 14:46:43, 362.98, 83.82, 13.12, 65.50, 14.33, 14.31, 14.35, 0.0, 0.0
2025/07/29 14:51:43, 362.98, 83.82, 13.14, 65.54, 14.33, 14.33, 14.35, 0.0, 0.0
2025/07/29 14:56:43, 362.98, 83.82, 13.14, 65.58, 14.35, 14.33, 14.37, 0.0, 0.0
2025/07/29 15:01:43, 362.98, 83.82, 13.14, 65.58, 14.35, 14.35, 14.37, 0.0, 0.0
2025/07/29 15:06:43, 362.98, 83.82, 13.14, 65.61, 14.37, 14.35, 14.37, 0.0, 0.0
2025/07/29 15:11:43, 362.98, 83.82, 13.14, 65.61, 14.37, 14.37, 14.42, 0.0, 0.0
2025/07/29 15:16:43, 362.98, 83.82, 13.14, 65.65, 14.40, 14.37, 14.42, 0.0, 0.0
2025/07/29 15:21:43, 362.98, 83.79, 13.17, 65.65, 14.42, 14.40, 14.44, 0.0, 0.0
2025/07/29 15:26:43, 362.98, 83.79, 13.17, 65.65, 14.42, 14.40, 14.42, 0.0, 0.0
2025/07/29 15:31:43, 362.98, 83.79, 13.17, 65.69, 14.31, 14.26, 14.28, 0.0, 0.0
2025/07/29 15:36:43, 362.98, 83.82, 13.14, 65.72, 14.17, 14.12, 14.14, 0.0, 0.0
2025/07/29 15:41:43, 362.98, 83.82, 13.12, 65.80, 14.07, 14.03, 14.05, 0.0, 0.0
2025/07/29 15:46:43, 362.98, 83.79, 13.10, 65.94, 14.05, 14.01, 14.03, 0.0, 0.0
2025/07/29 15:51:43, 362.98, 83.79, 13.10, 66.02, 14.01, 13.96, 13.98, 0.0, 0.0
2025/07/29 15:56:43, 363.07, 83.79, 13.07, 66.05, 14.01, 13.96, 13.98, 0.0, 0.0
2025/07/29 16:01:43, 362.98, 83.79, 13.07, 66.09, 14.01, 13.96, 13.98, 0.0, 0.0
2025/07/29 16:06:43, 362.98, 83.82, 13.07, 66.16, 13.98, 13.94, 13.96, 0.0, 0.0
2025/07/29 16:11:43, 363.07, 83.79, 13.05, 66.16, 13.98, 13.94, 13.96, 0.0, 0.0
2025/07/29 16:16:43, 363.07, 83.79, 13.05, 66.24, 13.98, 13.96, 13.98, 0.0, 0.0
2025/07/29 16:21:43, 362.98, 83.76, 13.05, 66.27, 13.98, 13.96, 13.98, 0.0, 0.0
2025/07/29 16:26:43, 363.07, 83.79, 13.05, 66.31, 13.96, 13.92, 13.96, 0.0, 0.0
2025/07/29 16:31:43, 363.07, 83.76, 13.03, 66.38, 13.94, 13.89, 13.92, 0.0, 0.0
2025/07/29 16:36:43, 362.71, 83.76, 13.03, 66.46, 13.92, 13.87, 13.87, 0.0, 0.0
2025/07/29 16:41:43, 363.59, 83.76, 13.05, 66.57, 13.89, 13.83, 13.85, 0.0, 0.0
2025/07/29 16:46:43, 363.51, 83.82, 13.05, 66.57, 13.89, 13.83, 13.85, 0.0, 0.0
2025/07/29 16:51:43, 363.59, 83.76, 13.05, 66.57, 13.92, 13.81, 13.85, 0.0, 0.0
2025/07/29 16:56:43, 363.51, 83.76, 13.05, 66.57, 13.89, 13.81, 13.83, 0.0, 0.0
2025/07/29 17:01:43, 363.42, 83.76, 13.05, 66.57, 13.87, 13.78, 13.81, 0.0, 0.0
2025/07/29 17:06:43, 362.89, 83.76, 13.05, 66.61, 13.92, 13.85, 13.87, 0.0, 0.0
2025/07/29 17:11:43, 362.89, 83.79, 13.05, 66.61, 13.98, 13.96, 13.98, 0.0, 0.0
2025/07/29 17:16:43, 362.89, 83.79, 13.05, 66.65, 14.03, 13.98, 14.05, 0.0, 0.0
2025/07/29 17:21:43, 362.89, 83.76, 13.05, 66.65, 14.05, 14.01, 14.05, 0.0, 0.0
2025/07/29 17:26:43, 362.89, 83.76, 13.05, 66.65, 14.05, 14.01, 14.05, 0.0, 0.0
2025/07/29 17:31:43, 362.89, 83.76, 13.05, 66.69, 14.05, 14.01, 14.05, 0.0, 0.0
2025/07/29 17:36:43, 363.77, 83.76, 13.05, 66.69, 14.03, 14.01, 14.05, 0.0, 0.0
2025/07/29 17:41:43, 363.77, 83.76, 13.03, 66.76, 14.03, 14.01, 14.05, 0.0, 0.0
2025/07/29 17:46:43, 363.68, 83.76, 13.03, 66.76, 14.01, 13.98, 14.03, 0.0, 0.0
2025/07/29 17:51:43, 363.77, 83.76, 13.03, 66.76, 13.98, 13.96, 14.01, 0.0, 0.0
2025/07/29 17:56:43, 363.68, 83.76, 13.00, 66.79, 13.94, 13.92, 13.96, 0.0, 0.0
2025/07/29 18:01:43, 363.68, 83.76, 12.98, 66.82, 13.89, 13.87, 13.89, 0.0, 0.0
2025/07/29 18:06:43, 363.68, 83.76, 12.96, 66.90, 13.85, 13.81, 13.85, 0.0, 0.0
2025/07/29 18:11:43, 363.68, 83.76, 12.94, 66.93, 13.78, 13.76, 13.78, 0.0, 0.0
2025/07/29 18:16:43, 363.68, 83.76, 12.89, 67.00, 13.74, 13.69, 13.74, 0.0, 0.0
2025/07/29 18:21:43, 363.68, 83.76, 12.87, 67.11, 13.69, 13.65, 13.69, 0.0, 0.0
2025/07/29 18:26:43, 363.68, 83.76, 12.83, 67.14, 13.63, 13.60, 13.63, 0.0, 0.0
2025/07/29 18:31:43, 363.68, 83.73, 12.80, 67.25, 13.58, 13.53, 13.56, 0.0, 0.0
2025/07/29 18:36:43, 363.68, 83.76, 12.76, 67.28, 13.53, 13.49, 13.51, 0.0, 0.0
2025/07/29 18:41:43, 363.77, 83.76, 12.74, 67.35, 13.47, 13.42, 13.47, 0.0, 0.0
2025/07/29 18:46:43, 363.68, 83.73, 12.69, 67.42, 13.42, 13.38, 13.42, 0.0, 0.0
2025/07/29 18:51:43, 363.68, 83.73, 12.65, 67.49, 13.38, 13.33, 13.35, 0.0, 0.0
2025/07/29 18:56:43, 363.68, 83.76, 12.60, 67.56, 13.33, 13.28, 13.31, 0.0, 0.0
2025/07/29 19:01:43, 363.68, 83.76, 12.58, 67.63, 13.28, 13.24, 13.26, 0.0, 0.0
2025/07/29 19:06:43, 363.24, 83.76, 12.53, 67.70, 13.21, 13.17, 13.19, 0.0, 0.0
2025/07/29 19:11:43, 363.24, 83.76, 12.51, 67.77, 13.17, 13.12, 13.14, 0.0, 0.0
2025/07/29 19:16:43, 363.24, 83.76, 12.46, 67.80, 13.12, 13.07, 13.10, 0.0, 0.0
2025/07/29 19:21:43, 363.24, 83.73, 12.42, 67.87, 13.03, 12.98, 13.03, 0.0, 0.0
2025/07/29 19:26:43, 363.15, 83.76, 12.37, 67.93, 12.96, 12.92, 12.94, 0.0, 0.0
2025/07/29 19:31:43, 363.15, 83.76, 12.32, 68.04, 12.89, 12.83, 12.87, 0.0, 0.0
2025/07/29 19:36:43, 363.24, 83.76, 12.28, 68.11, 12.80, 12.76, 12.78, 0.0, 0.0
2025/07/29 19:41:43, 363.24, 83.76, 12.23, 68.21, 12.74, 12.69, 12.71, 0.0, 0.0
2025/07/29 19:46:43, 363.24, 83.76, 12.16, 68.28, 12.69, 12.62, 12.65, 0.0, 0.0
2025/07/29 19:51:43, 363.24, 83.76, 12.11, 68.35, 12.60, 12.58, 12.60, 0.0, 0.0
2025/07/29 19:56:43, 363.24, 83.73, 12.07, 68.41, 12.55, 12.51, 12.53, 0.0, 0.0
2025/07/29 20:01:43, 363.24, 83.76, 12.02, 68.48, 12.51, 12.44, 12.49, 0.0, 0.0
2025/07/29 20:06:43, 363.24, 83.76, 11.98, 68.55, 12.42, 12.37, 12.42, 0.0, 0.0
2025/07/29 20:11:43, 363.24, 83.73, 11.93, 68.62, 12.32, 12.28, 12.32, 0.0, 0.0
2025/07/29 20:16:43, 363.24, 83.73, 11.88, 68.69, 12.25, 12.23, 12.23, 0.0, 0.0
2025/07/29 20:21:43, 363.24, 83.73, 11.82, 68.75, 12.21, 12.16, 12.18, 0.0, 0.0
2025/07/29 20:26:43, 363.24, 83.70, 11.77, 68.86, 12.16, 12.11, 12.14, 0.0, 0.0
2025/07/29 20:31:43, 363.24, 83.73, 11.73, 68.93, 12.09, 12.04, 12.07, 0.0, 0.0
2025/07/29 20:36:43, 363.24, 83.73, 11.68, 68.99, 12.04, 12.00, 12.02, 0.0, 0.0
2025/07/29 20:41:43, 363.24, 83.73, 11.63, 69.06, 11.98, 11.93, 11.95, 0.0, 0.0
2025/07/29 20:46:43, 363.24, 83.73, 11.59, 69.13, 11.91, 11.86, 11.88, 0.0, 0.0
2025/07/29 20:51:43, 363.15, 83.73, 11.52, 69.19, 11.84, 11.79, 11.82, 0.0, 0.0
2025/07/29 20:56:43, 363.24, 83.76, 11.47, 69.30, 11.77, 11.73, 11.75, 0.0, 0.0
2025/07/29 21:01:43, 363.24, 83.76, 11.40, 69.36, 11.70, 11.66, 11.68, 0.0, 0.0
2025/07/29 21:06:43, 363.24, 83.70, 11.36, 69.43, 11.63, 11.59, 11.63, 0.0, 0.0
2025/07/29 21:11:43, 363.24, 83.73, 11.31, 69.50, 11.59, 11.52, 11.57, 0.0, 0.0
2025/07/29 21:16:43, 363.24, 83.73, 11.26, 69.57, 11.52, 11.47, 11.50, 0.0, 0.0
2025/07/29 21:21:43, 363.24, 83.70, 11.22, 69.63, 11.45, 11.40, 11.43, 0.0, 0.0
2025/07/29 21:26:43, 363.24, 83.70, 11.14, 69.70, 11.40, 11.36, 11.38, 0.0, 0.0
2025/07/29 21:31:43, 363.24, 83.73, 11.10, 69.77, 11.33, 11.31, 11.33, 0.0, 0.0
2025/07/29 21:36:43, 363.24, 83.73, 11.05, 69.83, 11.29, 11.24, 11.26, 0.0, 0.0
2025/07/29 21:41:43, 363.24, 83.73, 11.00, 69.86, 11.24, 11.19, 11.22, 0.0, 0.0
2025/07/29 21:46:43, 363.24, 83.73, 10.96, 69.93, 11.22, 11.14, 11.19, 0.0, 0.0
2025/07/29 21:51:43, 363.24, 83.73, 10.93, 69.96, 11.17, 11.12, 11.14, 0.0, 0.0
2025/07/29 21:56:43, 363.24, 83.70, 10.89, 70.00, 11.12, 11.07, 11.12, 0.0, 0.0
2025/07/29 22:01:43, 363.33, 83.73, 10.87, 70.03, 11.10, 11.05, 11.07, 0.0, 0.0
2025/07/29 22:06:43, 363.33, 83.73, 10.84, 70.06, 11.07, 11.03, 11.07, 0.0, 0.0
2025/07/29 22:11:43, 363.33, 83.73, 10.80, 70.09, 11.05, 11.00, 11.03, 0.0, 0.0
2025/07/29 22:16:43, 363.33, 83.73, 10.78, 70.09, 11.03, 10.98, 11.03, 0.0, 0.0
2025/07/29 22:21:43, 363.33, 83.73, 10.75, 70.16, 11.00, 10.96, 11.00, 0.0, 0.0
2025/07/29 22:26:43, 363.33, 83.73, 10.73, 70.20, 10.98, 10.93, 10.96, 0.0, 0.0
2025/07/29 22:31:43, 363.33, 83.73, 10.68, 70.19, 10.96, 10.93, 10.96, 0.0, 0.0
2025/07/29 22:36:43, 363.33, 83.73, 10.68, 70.23, 10.93, 10.89, 10.93, 0.0, 0.0
2025/07/29 22:41:43, 363.33, 83.73, 10.64, 70.22, 10.89, 10.87, 10.89, 0.0, 0.0
2025/07/29 22:46:43, 363.33, 83.73, 10.62, 70.29, 10.87, 10.84, 10.87, 0.0, 0.0
2025/07/29 22:51:43, 363.42, 83.73, 10.59, 70.29, 10.84, 10.80, 10.82, 0.0, 0.0
2025/07/29 22:56:43, 363.33, 83.73, 10.57, 70.32, 10.80, 10.75, 10.80, 0.0, 0.0
2025/07/29 23:01:43, 363.33, 83.73, 10.52, 70.35, 10.78, 10.73, 10.78, 0.0, 0.0
2025/07/29 23:06:43, 363.33, 83.73, 10.50, 70.39, 10.75, 10.71, 10.75, 0.0, 0.0
2025/07/29 23:11:43, 363.33, 83.73, 10.48, 70.42, 10.71, 10.68, 10.71, 0.0, 0.0
2025/07/29 23:16:43, 363.33, 83.73, 10.45, 70.45, 10.68, 10.66, 10.68, 0.0, 0.0
2025/07/29 23:21:43, 363.33, 83.70, 10.43, 70.49, 10.66, 10.64, 10.66, 0.0, 0.0
2025/07/29 23:26:43, 363.33, 83.73, 10.41, 70.52, 10.64, 10.59, 10.64, 0.0, 0.0
2025/07/29 23:31:43, 363.33, 83.73, 10.38, 70.55, 10.59, 10.57, 10.59, 0.0, 0.0
2025/07/29 23:36:43, 363.33, 83.70, 10.36, 70.59, 10.57, 10.55, 10.57, 0.0, 0.0
2025/07/29 23:41:43, 363.33, 83.70, 10.34, 70.62, 10.55, 10.50, 10.55, 0.0, 0.0
2025/07/29 23:46:43, 363.33, 83.73, 10.31, 70.62, 10.52, 10.48, 10.50, 0.0, 0.0
2025/07/29 23:51:43, 363.33, 83.73, 10.29, 70.65, 10.48, 10.45, 10.48, 0.0, 0.0
2025/07/29 23:56:43, 363.33, 83.70, 10.27, 70.69, 10.48, 10.43, 10.48, 0.0, 0.0
2025/07/30 0:01:43, 363.42, 83.70, 10.24, 70.68, 10.45, 10.41, 10.43, 0.0, 0.0
2025/07/30 0:06:43, 363.42, 83.67, 10.22, 70.72, 10.43, 10.38, 10.41, 0.0, 0.0
2025/07/30 0:11:43, 363.42, 83.70, 10.19, 70.75, 10.38, 10.36, 10.38, 0.0, 0.0
2025/07/30 0:16:43, 363.33, 83.70, 10.17, 70.75, 10.38, 10.34, 10.38, 0.0, 0.0
2025/07/30 0:21:43, 363.42, 83.70, 10.15, 70.78, 10.36, 10.34, 10.38, 0.0, 0.0
2025/07/30 0:26:43, 363.33, 83.70, 10.12, 70.81, 10.34, 10.31, 10.36, 0.0, 0.0
2025/07/30 0:31:43, 363.42, 83.70, 10.12, 70.81, 10.34, 10.31, 10.34, 0.0, 0.0
2025/07/30 0:36:43, 363.42, 83.73, 10.10, 70.85, 10.31, 10.29, 10.31, 0.0, 0.0
2025/07/30 0:41:43, 363.42, 83.73, 10.08, 70.84, 10.29, 10.27, 10.31, 0.0, 0.0
2025/07/30 0:46:43, 363.42, 83.70, 10.05, 70.84, 10.29, 10.27, 10.29, 0.0, 0.0
2025/07/30 0:51:43, 363.42, 83.70, 10.05, 70.88, 10.27, 10.24, 10.27, 0.0, 0.0
2025/07/30 0:56:43, 363.33, 83.73, 10.03, 70.87, 10.24, 10.24, 10.24, 0.0, 0.0
2025/07/30 1:01:43, 363.33, 83.70, 10.00, 70.87, 10.24, 10.22, 10.24, 0.0, 0.0
2025/07/30 1:06:43, 363.42, 83.70, 10.00, 70.87, 10.22, 10.19, 10.24, 0.0, 0.0
2025/07/30 1:11:43, 363.42, 83.70, 10.00, 70.91, 10.22, 10.19, 10.22, 0.0, 0.0
2025/07/30 1:16:43, 363.33, 83.70, 9.96, 70.94, 10.19, 10.17, 10.19, 0.0, 0.0
2025/07/30 1:21:43, 363.42, 83.70, 9.96, 70.94, 10.19, 10.15, 10.19, 0.0, 0.0
2025/07/30 1:26:43, 363.42, 83.67, 9.94, 70.93, 10.17, 10.15, 10.17, 0.0, 0.0
2025/07/30 1:31:43, 363.42, 83.67, 9.91, 70.97, 10.15, 10.12, 10.15, 0.0, 0.0
2025/07/30 1:36:43, 363.42, 83.67, 9.91, 70.97, 10.12, 10.12, 10.15, 0.0, 0.0
2025/07/30 1:41:43, 363.42, 83.64, 9.89, 71.00, 10.12, 10.10, 10.12, 0.0, 0.0
2025/07/30 1:46:43, 363.42, 83.67, 9.89, 71.00, 10.10, 10.08, 10.10, 0.0, 0.0
2025/07/30 1:51:43, 363.42, 83.64, 9.87, 71.00, 10.10, 10.05, 10.10, 0.0, 0.0
2025/07/30 1:56:43, 363.42, 83.70, 9.87, 71.04, 10.05, 10.03, 10.08, 0.0, 0.0
2025/07/30 2:01:43, 363.33, 83.64, 9.84, 71.03, 10.03, 10.03, 10.05, 0.0, 0.0
2025/07/30 2:06:43, 363.42, 83.67, 9.82, 71.03, 10.03, 10.00, 10.03, 0.0, 0.0
2025/07/30 2:11:43, 363.42, 83.70, 9.80, 71.06, 10.00, 10.00, 10.00, 0.0, 0.0
2025/07/30 2:16:43, 363.42, 83.67, 9.80, 71.06, 10.00, 9.98, 10.00, 0.0, 0.0
2025/07/30 2:21:43, 363.42, 83.67, 9.77, 71.06, 9.98, 9.96, 10.00, 0.0, 0.0
2025/07/30 2:26:43, 363.42, 83.67, 9.75, 71.09, 9.96, 9.94, 9.98, 0.0, 0.0
2025/07/30 2:31:43, 363.42, 83.64, 9.75, 71.09, 9.96, 9.94, 9.96, 0.0, 0.0
2025/07/30 2:36:43, 363.42, 83.67, 9.73, 71.13, 9.94, 9.91, 9.94, 0.0, 0.0
2025/07/30 2:41:43, 363.42, 83.67, 9.73, 71.13, 9.94, 9.91, 9.94, 0.0, 0.0
2025/07/30 2:46:43, 363.42, 83.67, 9.73, 71.16, 9.91, 9.89, 9.91, 0.0, 0.0
2025/07/30 2:51:43, 363.42, 83.67, 9.71, 71.16, 9.91, 9.87, 9.91, 0.0, 0.0
2025/07/30 2:56:43, 363.42, 83.64, 9.68, 71.16, 9.91, 9.87, 9.91, 0.0, 0.0
2025/07/30 3:01:43, 363.42, 83.64, 9.68, 71.19, 9.89, 9.87, 9.89, 0.0, 0.0
2025/07/30 3:06:43, 363.42, 83.64, 9.66, 71.19, 9.87, 9.84, 9.89, 0.0, 0.0
2025/07/30 3:11:43, 363.42, 83.64, 9.66, 71.19, 9.87, 9.84, 9.87, 0.0, 0.0
2025/07/30 3:16:43, 363.42, 83.64, 9.64, 71.22, 9.84, 9.84, 9.87, 0.0, 0.0
2025/07/30 3:21:43, 363.42, 83.64, 9.64, 71.22, 9.84, 9.82, 9.87, 0.0, 0.0
2025/07/30 3:26:43, 363.42, 83.64, 9.64, 71.22, 9.82, 9.82, 9.84, 0.0, 0.0
2025/07/30 3:31:43, 363.42, 83.64, 9.61, 71.26, 9.82, 9.82, 9.82, 0.0, 0.0
2025/07/30 3:36:43, 363.42, 83.64, 9.61, 71.26, 9.82, 9.80, 9.82, 0.0, 0.0
2025/07/30 3:41:43, 363.42, 83.64, 9.59, 71.25, 9.80, 9.77, 9.82, 0.0, 0.0
2025/07/30 3:46:43, 363.42, 83.64, 9.59, 71.25, 9.80, 9.77, 9.82, 0.0, 0.0
2025/07/30 3:51:43, 363.42, 83.64, 9.57, 71.25, 9.80, 9.77, 9.80, 0.0, 0.0
2025/07/30 3:56:43, 363.42, 83.64, 9.57, 71.25, 9.77, 9.75, 9.80, 0.0, 0.0
2025/07/30 4:01:43, 363.42, 83.64, 9.57, 71.25, 9.77, 9.75, 9.77, 0.0, 0.0
2025/07/30 4:06:43, 363.42, 83.64, 9.54, 71.28, 9.77, 9.75, 9.77, 0.0, 0.0
2025/07/30 4:11:43, 363.42, 83.64, 9.54, 71.28, 9.75, 9.73, 9.77, 0.0, 0.0
2025/07/30 4:16:43, 363.42, 83.64, 9.54, 71.28, 9.75, 9.73, 9.75, 0.0, 0.0
2025/07/30 4:21:43, 363.42, 83.64, 9.54, 71.28, 9.73, 9.73, 9.75, 0.0, 0.0
2025/07/30 4:26:43, 363.42, 83.64, 9.52, 71.32, 9.73, 9.71, 9.73, 0.0, 0.0
2025/07/30 4:31:43, 363.42, 83.64, 9.52, 71.32, 9.73, 9.71, 9.73, 0.0, 0.0
2025/07/30 4:36:43, 363.42, 83.64, 9.49, 71.31, 9.71, 9.68, 9.73, 0.0, 0.0
2025/07/30 4:41:43, 363.42, 83.64, 9.49, 71.35, 9.71, 9.66, 9.71, 0.0, 0.0
2025/07/30 4:46:43, 363.42, 83.61, 9.47, 71.35, 9.68, 9.66, 9.68, 0.0, 0.0
2025/07/30 4:51:43, 363.42, 83.64, 9.47, 71.35, 9.68, 9.64, 9.68, 0.0, 0.0
2025/07/30 4:56:43, 363.42, 83.64, 9.45, 71.38, 9.66, 9.64, 9.68, 0.0, 0.0
2025/07/30 5:01:43, 363.42, 83.61, 9.45, 71.38, 9.66, 9.64, 9.66, 0.0, 0.0
2025/07/30 5:06:43, 363.42, 83.61, 9.42, 71.38, 9.64, 9.64, 9.64, 0.0, 0.0
2025/07/30 5:11:43, 363.42, 83.64, 9.42, 71.38, 9.64, 9.61, 9.64, 0.0, 0.0
2025/07/30 5:16:43, 363.42, 83.64, 9.40, 71.41, 9.61, 9.61, 9.64, 0.0, 0.0
2025/07/30 5:21:43, 363.42, 83.64, 9.40, 71.41, 9.61, 9.59, 9.61, 0.0, 0.0
2025/07/30 5:26:43, 363.42, 83.64, 9.38, 71.45, 9.59, 9.59, 9.61, 0.0, 0.0
2025/07/30 5:31:43, 363.42, 83.64, 9.38, 71.45, 9.59, 9.57, 9.59, 0.0, 0.0
2025/07/30 5:36:43, 363.42, 83.64, 9.35, 71.44, 9.57, 9.54, 9.59, 0.0, 0.0
2025/07/30 5:41:43, 363.42, 83.64, 9.35, 71.44, 9.57, 9.54, 9.59, 0.0, 0.0
2025/07/30 5:46:43, 363.42, 83.64, 9.35, 71.48, 9.57, 9.54, 9.57, 0.0, 0.0
2025/07/30 5:51:43, 363.42, 83.61, 9.33, 71.48, 9.54, 9.54, 9.57, 0.0, 0.0
2025/07/30 5:56:43, 363.42, 83.64, 9.30, 71.47, 9.54, 9.54, 9.54, 0.0, 0.0
2025/07/30 6:01:43, 363.42, 83.61, 9.30, 71.51, 9.54, 9.52, 9.54, 0.0, 0.0
2025/07/30 6:06:43, 363.42, 83.61, 9.30, 71.51, 9.54, 9.52, 9.54, 0.0, 0.0
2025/07/30 6:11:43, 363.42, 83.61, 9.28, 71.51, 9.52, 9.49, 9.54, 0.0, 0.0
2025/07/30 6:16:43, 363.42, 83.61, 9.28, 71.51, 9.52, 9.49, 9.54, 0.0, 0.0
2025/07/30 6:21:43, 363.42, 83.61, 9.28, 71.51, 9.52, 9.49, 9.52, 0.0, 0.0
2025/07/30 6:26:43, 363.42, 83.61, 9.26, 71.50, 9.49, 9.49, 9.52, 0.0, 0.0
2025/07/30 6:31:43, 363.42, 83.61, 9.26, 71.54, 9.52, 9.49, 9.52, 0.0, 0.0
2025/07/30 6:36:43, 363.51, 83.64, 9.26, 71.54, 9.52, 9.49, 9.52, 0.0, 0.0
2025/07/30 6:41:43, 363.42, 83.61, 9.26, 71.54, 9.49, 9.49, 9.52, 0.0, 0.0
2025/07/30 6:46:43, 363.33, 83.61, 9.23, 71.53, 9.49, 9.47, 9.52, 0.0, 0.0
2025/07/30 6:51:43, 363.42, 83.57, 9.26, 71.54, 9.49, 9.49, 9.54, 0.0, 0.0
2025/07/30 6:56:43, 363.42, 83.64, 9.23, 71.53, 9.52, 9.49, 9.54, 0.0, 0.0
2025/07/30 7:01:43, 363.42, 83.61, 9.23, 71.53, 9.52, 9.49, 9.54, 0.0, 0.0
2025/07/30 7:06:43, 363.42, 83.61, 9.26, 71.54, 9.52, 9.49, 9.54, 0.0, 0.0
2025/07/30 7:11:43, 363.42, 83.61, 9.23, 71.53, 9.54, 9.52, 9.54, 0.0, 0.0
2025/07/30 7:16:43, 363.42, 83.61, 9.23, 71.53, 9.54, 9.54, 9.54, 0.0, 0.0
2025/07/30 7:21:43, 363.42, 83.61, 9.23, 71.57, 9.54, 9.54, 9.57, 0.0, 0.0
2025/07/30 7:26:43, 363.42, 83.61, 9.23, 71.53, 9.54, 9.54, 9.57, 0.0, 0.0
2025/07/30 7:31:43, 363.42, 83.61, 9.23, 71.57, 9.57, 9.54, 9.59, 0.0, 0.0
2025/07/30 7:36:43, 363.42, 83.61, 9.23, 71.57, 9.59, 9.57, 9.59, 0.0, 0.0
2025/07/30 7:41:43, 363.33, 83.57, 9.26, 71.58, 9.59, 9.57, 9.61, 0.0, 0.0
2025/07/30 7:46:43, 363.33, 83.61, 9.26, 71.54, 9.61, 9.59, 9.61, 0.0, 0.0
2025/07/30 7:51:43, 363.42, 83.61, 9.26, 71.54, 9.61, 9.61, 9.64, 0.0, 0.0
2025/07/30 7:56:43, 363.07, 83.57, 9.26, 71.54, 9.64, 9.64, 9.66, 0.0, 0.0
2025/07/30 8:01:43, 363.15, 83.61, 9.28, 71.65, 9.68, 9.66, 9.68, 0.0, 0.0
2025/07/30 8:06:43, 363.07, 83.57, 9.30, 71.58, 9.73, 9.68, 9.73, 0.0, 0.0
2025/07/30 8:11:43, 363.07, 83.61, 9.33, 71.55, 9.73, 9.73, 9.75, 0.0, 0.0
2025/07/30 8:16:43, 363.07, 83.64, 9.35, 71.52, 9.77, 9.73, 9.77, 0.0, 0.0
2025/07/30 8:21:43, 363.07, 83.64, 9.35, 71.48, 9.80, 9.77, 9.80, 0.0, 0.0
2025/07/30 8:26:43, 363.07, 83.61, 9.38, 71.45, 9.82, 9.77, 9.82, 0.0, 0.0
2025/07/30 8:31:43, 363.07, 83.61, 9.38, 71.41, 9.82, 9.80, 9.84, 0.0, 0.0
2025/07/30 8:36:43, 363.07, 83.61, 9.40, 71.37, 9.84, 9.82, 9.84, 0.0, 0.0
2025/07/30 8:41:43, 363.07, 83.61, 9.42, 71.38, 9.87, 9.84, 9.89, 0.0, 0.0
2025/07/30 8:46:43, 363.15, 83.61, 9.45, 71.34, 9.91, 9.87, 9.91, 0.0, 0.0
2025/07/30 8:51:43, 363.07, 83.61, 9.47, 71.31, 9.94, 9.91, 9.96, 0.0, 0.0
2025/07/30 8:56:43, 363.07, 83.61, 9.47, 71.27, 9.98, 9.96, 10.00, 0.0, 0.0
2025/07/30 9:01:43, 363.07, 83.61, 9.49, 71.24, 10.00, 10.00, 10.03, 0.0, 0.0
2025/07/30 9:06:43, 363.07, 83.61, 9.54, 71.25, 10.08, 10.05, 10.08, 0.0, 0.0
2025/07/30 9:11:43, 362.89, 83.61, 9.57, 71.18, 10.12, 10.12, 10.15, 0.0, 0.0
2025/07/30 9:16:43, 362.98, 83.64, 9.59, 71.14, 10.19, 10.19, 10.22, 0.0, 0.0
2025/07/30 9:21:43, 362.98, 83.61, 9.64, 71.08, 10.29, 10.27, 10.29, 0.0, 0.0
2025/07/30 9:26:43, 362.98, 83.61, 9.68, 70.97, 10.36, 10.34, 10.38, 0.0, 0.0
2025/07/30 9:31:43, 362.98, 83.61, 9.73, 70.94, 10.43, 10.41, 10.45, 0.0, 0.0
2025/07/30 9:36:43, 362.98, 83.61, 9.77, 70.87, 10.52, 10.50, 10.52, 0.0, 0.0
2025/07/30 9:41:43, 362.98, 83.61, 9.82, 70.77, 10.59, 10.57, 10.62, 0.0, 0.0
2025/07/30 9:46:43, 362.98, 83.61, 9.89, 70.70, 10.68, 10.66, 10.68, 0.0, 0.0
2025/07/30 9:51:43, 362.89, 83.61, 9.94, 70.60, 10.75, 10.73, 10.78, 0.0, 0.0
2025/07/30 9:56:43, 362.89, 83.61, 10.00, 70.53, 10.87, 10.84, 10.89, 0.0, 0.0
2025/07/30 10:01:43, 362.89, 83.61, 10.08, 70.44, 10.98, 10.96, 11.00, 0.0, 0.0
2025/07/30 10:06:43, 363.33, 83.64, 10.15, 70.48, 11.10, 11.10, 11.12, 0.0, 0.0
2025/07/30 10:11:43, 363.24, 83.61, 10.22, 70.31, 11.24, 11.24, 11.29, 0.0, 0.0
2025/07/30 10:16:43, 363.33, 83.61, 10.31, 70.17, 11.40, 11.40, 11.43, 0.0, 0.0
2025/07/30 10:21:43, 363.95, 83.61, 10.41, 70.07, 11.57, 11.57, 11.61, 0.0, 0.0
2025/07/30 10:26:43, 363.95, 83.61, 10.50, 69.90, 11.73, 11.73, 11.77, 0.0, 0.0
2025/07/30 10:31:43, 363.95, 83.61, 10.62, 69.77, 11.86, 11.86, 11.88, 0.0, 0.0
2025/07/30 10:36:43, 363.68, 83.64, 10.71, 69.71, 12.00, 12.00, 12.04, 0.0, 0.0
2025/07/30 10:41:43, 363.68, 83.61, 10.80, 69.54, 12.14, 12.14, 12.16, 0.0, 0.0
2025/07/30 10:46:43, 363.68, 83.64, 10.89, 69.44, 12.25, 12.28, 12.32, 0.0, 0.0
2025/07/30 10:51:43, 363.77, 83.61, 10.98, 69.30, 12.42, 12.42, 12.46, 0.0, 0.0
2025/07/30 10:56:43, 363.68, 83.64, 11.10, 69.13, 12.58, 12.58, 12.62, 0.0, 0.0
2025/07/30 11:01:43, 363.77, 83.64, 11.22, 69.00, 12.74, 12.71, 12.78, 0.0, 0.0
2025/07/30 11:06:43, 363.68, 83.64, 11.33, 68.87, 12.87, 12.87, 12.89, 0.0, 0.0
2025/07/30 11:11:43, 363.68, 83.61, 11.43, 68.73, 13.00, 12.98, 13.03, 0.0, 0.0
2025/07/30 11:16:43, 363.68, 83.64, 11.54, 68.60, 13.12, 13.12, 13.17, 0.0, 0.0
2025/07/30 11:21:43, 363.77, 83.64, 11.66, 68.47, 13.24, 13.24, 13.28, 0.0, 0.0
2025/07/30 11:26:43, 363.68, 83.64, 11.75, 68.33, 13.33, 13.33, 13.35, 0.0, 0.0
2025/07/30 11:31:43, 363.42, 83.61, 11.84, 68.90, 13.44, 13.42, 13.47, 0.0, 0.0
2025/07/30 11:36:43, 363.59, 83.61, 11.93, 68.77, 13.53, 13.51, 13.56, 0.0, 0.0
2025/07/30 11:41:43, 363.51, 83.61, 12.00, 68.59, 13.63, 13.60, 13.65, 0.0, 0.0
2025/07/30 11:46:43, 362.98, 83.61, 12.23, 68.96, 13.78, 13.83, 13.87, 0.0, 0.0
2025/07/30 11:51:43, 360.16, 83.61, 12.80, 67.81, 14.21, 14.28, 14.35, 0.0, 0.0
2025/07/30 11:56:43, 358.76, 83.64, 13.40, 66.36, 14.69, 14.78, 14.85, 0.0, 0.0
2025/07/30 12:01:43, 361.57, 83.61, 13.94, 64.97, 15.16, 15.23, 15.28, 0.0, 0.0
2025/07/30 12:06:43, 363.59, 83.61, 14.40, 64.10, 15.59, 15.62, 15.66, 0.0, 0.0
2025/07/30 12:11:43, 357.44, 83.61, 14.76, 63.43, 15.84, 15.86, 15.88, 0.0, 0.0
2025/07/30 12:16:43, 357.00, 83.61, 15.00, 63.24, 16.02, 16.02, 16.04, 0.0, 0.0
2025/07/30 12:21:43, 359.64, 83.64, 15.19, 63.00, 16.20, 16.18, 16.22, 0.0, 0.0
2025/07/30 12:26:43, 365.70, 83.64, 15.35, 63.06, 16.31, 16.27, 16.31, 0.0, 0.0
2025/07/30 12:31:43, 365.70, 83.64, 15.46, 63.00, 16.34, 16.31, 16.36, 0.0, 0.0
2025/07/30 12:36:43, 365.70, 83.64, 15.55, 62.94, 16.40, 16.36, 16.40, 0.0, 0.0
2025/07/30 12:41:43, 365.70, 83.64, 15.64, 62.95, 16.45, 16.43, 16.45, 0.0, 0.0
2025/07/30 12:46:43, 365.62, 83.64, 15.73, 62.92, 16.49, 16.49, 16.49, 0.0, 0.0
2025/07/30 12:51:43, 365.70, 83.64, 15.82, 62.94, 16.56, 16.54, 16.56, 0.0, 0.0
2025/07/30 12:56:43, 365.70, 83.67, 15.88, 62.91, 16.61, 16.58, 16.61, 0.0, 0.0
2025/07/30 13:01:43, 365.70, 83.64, 15.95, 62.95, 16.65, 16.61, 16.65, 0.0, 0.0
2025/07/30 13:06:43, 365.70, 83.64, 15.99, 62.96, 16.67, 16.61, 16.65, 0.0, 0.0
2025/07/30 13:11:43, 365.70, 83.64, 16.04, 63.00, 16.65, 16.61, 16.63, 0.0, 0.0
2025/07/30 13:16:43, 365.70, 83.64, 16.04, 63.08, 16.61, 16.56, 16.58, 0.0, 0.0
2025/07/30 13:21:43, 365.70, 83.64, 16.06, 63.19, 16.58, 16.49, 16.54, 0.0, 0.0
2025/07/30 13:26:43, 365.70, 83.64, 16.06, 63.27, 16.56, 16.49, 16.54, 0.0, 0.0
2025/07/30 13:31:43, 365.70, 83.64, 16.08, 63.31, 16.54, 16.49, 16.52, 0.0, 0.0
2025/07/30 13:36:43, 365.70, 83.64, 16.08, 63.42, 16.54, 16.47, 16.49, 0.0, 0.0
2025/07/30 13:41:43, 365.70, 83.64, 16.08, 63.50, 16.52, 16.47, 16.49, 0.0, 0.0
2025/07/30 13:46:43, 365.70, 83.64, 16.08, 63.57, 16.54, 16.47, 16.49, 0.0, 0.0
2025/07/30 13:51:43, 365.62, 83.64, 16.11, 63.62, 16.58, 16.49, 16.54, 0.0, 0.0
2025/07/30 13:56:43, 365.00, 83.67, 16.13, 63.73, 16.58, 16.52, 16.56, 0.0, 0.0
2025/07/30 14:01:43, 366.05, 83.64, 16.15, 63.81, 16.58, 16.54, 16.56, 0.0, 0.0
2025/07/30 14:06:43, 366.41, 83.64, 16.15, 63.96, 16.61, 16.58, 16.61, 0.0, 0.0
2025/07/30 14:11:43, 366.49, 83.64, 16.18, 63.96, 16.67, 16.63, 16.65, 0.0, 0.0
2025/07/30 14:16:43, 365.79, 83.64, 16.27, 64.13, 16.74, 16.67, 16.72, 0.0, 0.0
2025/07/30 14:21:43, 366.14, 83.64, 16.61, 63.34, 16.94, 16.87, 16.92, 0.0, 0.0
2025/07/30 14:26:43, 366.05, 83.64, 16.98, 62.34, 17.21, 17.17, 17.19, 0.0, 0.0
2025/07/30 14:31:43, 366.41, 83.64, 17.55, 60.94, 17.75, 17.75, 17.75, 0.0, 0.0
2025/07/30 14:36:43, 366.49, 83.64, 18.04, 59.60, 18.17, 18.13, 18.15, 0.0, 0.0
2025/07/30 14:41:43, 366.58, 83.67, 18.38, 58.93, 18.44, 18.40, 18.42, 0.0, 0.0
2025/07/30 14:46:43, 366.49, 83.64, 18.58, 58.54, 18.60, 18.53, 18.58, 0.0, 0.0
2025/07/30 14:51:43, 366.49, 83.64, 18.75, 58.41, 18.78, 18.71, 18.73, 0.0, 0.0
2025/07/30 14:56:43, 366.23, 83.64, 19.18, 57.40, 19.09, 19.02, 19.04, 0.0, 0.0
2025/07/30 15:01:43, 366.32, 83.67, 19.43, 56.90, 19.29, 19.20, 19.24, 0.0, 0.0
2025/07/30 15:06:43, 366.05, 83.67, 19.54, 56.84, 19.43, 19.34, 19.36, 0.0, 0.0
2025/07/30 15:11:43, 366.23, 83.67, 19.56, 57.03, 19.47, 19.40, 19.43, 0.0, 0.0
2025/07/30 15:16:43, 365.88, 83.64, 19.69, 57.01, 19.56, 19.49, 19.52, 0.0, 0.0
2025/07/30 15:21:43, 366.49, 83.67, 19.91, 56.54, 19.67, 19.58, 19.60, 0.0, 0.0
2025/07/30 15:26:43, 366.49, 83.67, 19.94, 56.77, 19.72, 19.65, 19.67, 0.0, 0.0
2025/07/30 15:31:43, 366.49, 83.67, 19.91, 57.15, 19.76, 19.69, 19.72, 0.0, 0.0
2025/07/30 15:36:43, 366.76, 83.64, 19.89, 57.56, 19.78, 19.72, 19.74, 0.0, 0.0
2025/07/30 15:41:43, 366.76, 83.64, 19.94, 57.64, 19.85, 19.78, 19.80, 0.0, 0.0
2025/07/30 15:46:43, 366.76, 83.67, 20.18, 57.26, 19.96, 19.89, 19.91, 0.0, 0.0
2025/07/30 15:51:43, 366.76, 83.64, 20.50, 56.46, 20.14, 20.07, 20.07, 0.0, 0.0
2025/07/30 15:56:43, 366.85, 83.64, 20.50, 56.72, 20.28, 20.18, 20.21, 0.0, 0.0
2025/07/30 16:01:43, 366.93, 83.67, 20.50, 57.14, 20.37, 20.30, 20.32, 0.0, 0.0
2025/07/30 16:06:43, 366.85, 83.64, 20.46, 57.59, 20.43, 20.39, 20.41, 0.0, 0.0
2025/07/30 16:11:43, 366.93, 83.67, 20.43, 57.89, 20.48, 20.41, 20.43, 0.0, 0.0
2025/07/30 16:16:43, 366.76, 83.64, 20.46, 58.01, 20.48, 20.43, 20.46, 0.0, 0.0
2025/07/30 16:21:43, 366.76, 83.64, 20.46, 58.32, 20.50, 20.43, 20.46, 0.0, 0.0
2025/07/30 16:26:43, 366.76, 83.64, 20.43, 58.58, 20.50, 20.43, 20.46, 0.0, 0.0
2025/07/30 16:31:43, 366.76, 83.64, 20.41, 58.80, 20.50, 20.43, 20.46, 0.0, 0.0
2025/07/30 16:36:43, 366.76, 83.64, 20.41, 58.96, 20.50, 20.43, 20.46, 0.0, 0.0
2025/07/30 16:41:43, 366.76, 83.64, 20.43, 59.11, 20.50, 20.46, 20.48, 0.0, 0.0
2025/07/30 16:46:43, 367.20, 83.64, 20.43, 59.22, 20.50, 20.43, 20.48, 0.0, 0.0
2025/07/30 16:51:43, 367.11, 83.64, 20.43, 59.30, 20.46, 20.41, 20.43, 0.0, 0.0
2025/07/30 16:56:43, 367.29, 83.64, 20.37, 59.52, 20.39, 20.34, 20.34, 0.0, 0.0
2025/07/30 17:01:43, 367.20, 83.64, 20.32, 59.74, 20.32, 20.25, 20.28, 0.0, 0.0
2025/07/30 17:06:43, 367.20, 83.64, 20.28, 59.93, 20.25, 20.21, 20.23, 0.0, 0.0
2025/07/30 17:11:43, 367.20, 83.64, 20.25, 60.11, 20.21, 20.16, 20.18, 0.0, 0.0
2025/07/30 17:16:43, 367.20, 83.61, 20.18, 60.26, 20.16, 20.09, 20.12, 0.0, 0.0
2025/07/30 17:21:43, 367.20, 83.64, 20.07, 60.55, 20.05, 19.98, 20.00, 0.0, 0.0
2025/07/30 17:26:43, 367.20, 83.61, 19.89, 61.02, 19.85, 19.78, 19.80, 0.0, 0.0
2025/07/30 17:31:43, 367.20, 83.61, 19.76, 61.42, 19.72, 19.63, 19.65, 0.0, 0.0
2025/07/30 17:36:43, 367.29, 83.61, 19.72, 61.56, 19.60, 19.56, 19.56, 0.0, 0.0
2025/07/30 17:41:43, 367.29, 83.61, 19.56, 61.85, 19.49, 19.43, 19.43, 0.0, 0.0
2025/07/30 17:46:43, 367.20, 83.61, 19.38, 62.28, 19.29, 19.22, 19.24, 0.0, 0.0
2025/07/30 17:51:43, 367.20, 83.61, 19.20, 62.78, 19.11, 19.02, 19.04, 0.0, 0.0
2025/07/30 17:56:43, 367.29, 83.61, 19.11, 63.07, 18.99, 18.93, 18.95, 0.0, 0.0
2025/07/30 18:01:43, 367.29, 83.61, 19.06, 63.14, 18.95, 18.89, 18.91, 0.0, 0.0
2025/07/30 18:06:43, 367.29, 83.57, 18.99, 63.25, 18.91, 18.82, 18.84, 0.0, 0.0
2025/07/30 18:11:43, 367.29, 83.61, 18.91, 63.43, 18.82, 18.78, 18.78, 0.0, 0.0
2025/07/30 18:16:43, 367.29, 83.57, 18.82, 63.60, 18.75, 18.69, 18.71, 0.0, 0.0
2025/07/30 18:21:43, 367.37, 83.57, 18.75, 63.78, 18.67, 18.62, 18.64, 0.0, 0.0
2025/07/30 18:26:43, 367.11, 83.54, 18.67, 63.92, 18.60, 18.55, 18.55, 0.0, 0.0
2025/07/30 18:31:43, 364.82, 83.57, 18.58, 64.06, 18.49, 18.44, 18.46, 0.0, 0.0
2025/07/30 18:36:43, 364.65, 83.54, 18.49, 64.20, 18.40, 18.35, 18.35, 0.0, 0.0
2025/07/30 18:41:43, 364.56, 83.57, 18.38, 64.49, 18.26, 18.22, 18.22, 0.0, 0.0
2025/07/30 18:46:43, 367.46, 83.54, 18.22, 64.73, 18.10, 18.06, 18.06, 0.0, 0.0
2025/07/30 18:51:43, 367.55, 83.57, 18.06, 65.09, 17.92, 17.90, 17.90, 0.0, 0.0
2025/07/30 18:56:43, 367.55, 83.54, 17.88, 65.48, 17.77, 17.70, 17.73, 0.0, 0.0
2025/07/30 19:01:43, 367.55, 83.54, 17.75, 65.76, 17.62, 17.57, 17.59, 0.0, 0.0
2025/07/30 19:06:43, 367.55, 83.54, 17.62, 65.97, 17.50, 17.46, 17.48, 0.0, 0.0
2025/07/30 19:11:43, 367.64, 83.54, 17.50, 66.18, 17.39, 17.35, 17.37, 0.0, 0.0
2025/07/30 19:16:43, 367.55, 83.54, 17.41, 66.32, 17.30, 17.26, 17.28, 0.0, 0.0
2025/07/30 19:21:43, 367.55, 83.54, 17.30, 66.46, 17.21, 17.17, 17.19, 0.0, 0.0
2025/07/30 19:26:43, 367.64, 83.54, 17.19, 66.63, 17.10, 17.05, 17.07, 0.0, 0.0
2025/07/30 19:31:43, 367.64, 83.54, 17.07, 66.80, 16.98, 16.96, 16.96, 0.0, 0.0
2025/07/30 19:36:43, 367.81, 83.51, 16.96, 66.97, 16.90, 16.85, 16.87, 0.0, 0.0
2025/07/30 19:41:43, 367.81, 83.51, 16.87, 67.11, 16.78, 16.76, 16.78, 0.0, 0.0
2025/07/30 19:46:43, 367.81, 83.54, 16.76, 67.29, 16.70, 16.67, 16.67, 0.0, 0.0
2025/07/30 19:51:43, 367.81, 83.54, 16.65, 67.46, 16.58, 16.56, 16.58, 0.0, 0.0
2025/07/30 19:56:43, 367.81, 83.54, 16.54, 67.59, 16.47, 16.45, 16.47, 0.0, 0.0
2025/07/30 20:01:43, 367.81, 83.54, 16.45, 67.77, 16.38, 16.36, 16.38, 0.0, 0.0
2025/07/30 20:06:43, 367.81, 83.54, 16.34, 67.90, 16.29, 16.27, 16.27, 0.0, 0.0
2025/07/30 20:11:43, 367.81, 83.54, 16.24, 68.04, 16.18, 16.15, 16.18, 0.0, 0.0
2025/07/30 20:16:43, 367.81, 83.51, 16.13, 68.17, 16.08, 16.08, 16.08, 0.0, 0.0
2025/07/30 20:21:43, 367.81, 83.54, 16.04, 68.27, 15.99, 15.99, 15.99, 0.0, 0.0
2025/07/30 20:26:43, 367.73, 83.51, 15.97, 68.34, 15.93, 15.91, 15.93, 0.0, 0.0
2025/07/30 20:31:43, 367.73, 83.51, 15.91, 68.37, 15.86, 15.86, 15.86, 0.0, 0.0
2025/07/30 20:36:43, 367.73, 83.51, 15.82, 68.47, 15.77, 15.75, 15.77, 0.0, 0.0
2025/07/30 20:41:43, 367.73, 83.51, 15.71, 68.64, 15.66, 15.64, 15.64, 0.0, 0.0
2025/07/30 20:46:43, 367.73, 83.51, 15.59, 68.81, 15.53, 15.50, 15.53, 0.0, 0.0
2025/07/30 20:51:43, 367.73, 83.51, 15.48, 68.95, 15.39, 15.37, 15.39, 0.0, 0.0
2025/07/30 20:56:43, 367.73, 83.51, 15.37, 69.12, 15.26, 15.23, 15.26, 0.0, 0.0
2025/07/30 21:01:43, 367.73, 83.51, 15.23, 69.32, 15.12, 15.09, 15.12, 0.0, 0.0
2025/07/30 21:06:43, 367.81, 83.51, 15.14, 69.50, 15.00, 14.98, 15.00, 0.0, 0.0
2025/07/30 21:11:43, 367.81, 83.51, 15.03, 69.63, 14.89, 14.89, 14.89, 0.0, 0.0
2025/07/30 21:16:43, 367.81, 83.51, 14.91, 69.76, 14.80, 14.78, 14.78, 0.0, 0.0
2025/07/30 21:21:43, 367.81, 83.51, 14.80, 69.86, 14.69, 14.69, 14.69, 0.0, 0.0
2025/07/30 21:26:43, 367.81, 83.51, 14.71, 70.03, 14.62, 14.60, 14.62, 0.0, 0.0
2025/07/30 21:31:43, 367.90, 83.51, 14.65, 70.06, 14.60, 14.56, 14.58, 0.0, 0.0
2025/07/30 21:36:43, 367.90, 83.48, 14.60, 70.02, 14.56, 14.53, 14.56, 0.0, 0.0
2025/07/30 21:41:43, 368.52, 83.48, 14.56, 70.01, 14.51, 14.49, 14.51, 0.0, 0.0
2025/07/30 21:46:43, 368.43, 83.48, 14.49, 70.04, 14.42, 14.40, 14.40, 0.0, 0.0
2025/07/30 21:51:43, 368.43, 83.48, 14.42, 70.03, 14.33, 14.31, 14.33, 0.0, 0.0
2025/07/30 21:56:43, 368.52, 83.48, 14.37, 70.02, 14.26, 14.24, 14.26, 0.0, 0.0
2025/07/30 22:01:43, 368.43, 83.48, 14.33, 70.05, 14.21, 14.17, 14.19, 0.0, 0.0
2025/07/30 22:06:43, 368.43, 83.51, 14.24, 70.08, 14.14, 14.12, 14.12, 0.0, 0.0
2025/07/30 22:11:43, 368.43, 83.51, 14.17, 70.14, 14.07, 14.05, 14.05, 0.0, 0.0
2025/07/30 22:16:43, 368.43, 83.51, 14.10, 70.21, 13.98, 13.98, 13.98, 0.0, 0.0
2025/07/30 22:21:43, 368.43, 83.48, 14.03, 70.27, 13.94, 13.92, 13.92, 0.0, 0.0
2025/07/30 22:26:43, 368.43, 83.45, 13.96, 70.37, 13.87, 13.85, 13.85, 0.0, 0.0
2025/07/30 22:31:43, 368.43, 83.48, 13.87, 70.44, 13.81, 13.78, 13.81, 0.0, 0.0
2025/07/30 22:36:43, 368.43, 83.48, 13.83, 70.54, 13.78, 13.74, 13.76, 0.0, 0.0
2025/07/30 22:41:43, 368.43, 83.48, 13.78, 70.57, 13.72, 13.72, 13.74, 0.0, 0.0
2025/07/30 22:46:43, 368.34, 83.48, 13.72, 70.60, 13.69, 13.67, 13.69, 0.0, 0.0
2025/07/30 22:51:43, 368.34, 83.45, 13.65, 70.63, 13.65, 13.63, 13.65, 0.0, 0.0
2025/07/30 22:56:43, 368.34, 83.45, 13.60, 70.66, 13.60, 13.58, 13.60, 0.0, 0.0
2025/07/30 23:01:43, 368.34, 83.48, 13.56, 70.69, 13.58, 13.56, 13.56, 0.0, 0.0
2025/07/30 23:06:43, 368.34, 83.48, 13.51, 70.72, 13.53, 13.51, 13.53, 0.0, 0.0
2025/07/30 23:11:43, 368.34, 83.45, 13.47, 70.71, 13.49, 13.47, 13.49, 0.0, 0.0
2025/07/30 23:16:43, 368.34, 83.45, 13.42, 70.74, 13.44, 13.42, 13.44, 0.0, 0.0
2025/07/30 23:21:43, 368.34, 83.48, 13.38, 70.81, 13.40, 13.38, 13.40, 0.0, 0.0
2025/07/30 23:26:43, 368.34, 83.42, 13.31, 70.84, 13.35, 13.33, 13.35, 0.0, 0.0
2025/07/30 23:31:43, 368.34, 83.45, 13.26, 70.87, 13.28, 13.26, 13.28, 0.0, 0.0
2025/07/30 23:36:43, 368.34, 83.45, 13.19, 70.93, 13.19, 13.19, 13.19, 0.0, 0.0
2025/07/30 23:41:43, 368.34, 83.45, 13.12, 71.00, 13.14, 13.12, 13.14, 0.0, 0.0
2025/07/30 23:46:43, 368.34, 83.45, 13.07, 71.03, 13.05, 13.05, 13.07, 0.0, 0.0
2025/07/30 23:51:43, 368.34, 83.45, 13.00, 71.09, 13.00, 12.98, 13.00, 0.0, 0.0
2025/07/30 23:56:43, 368.34, 83.39, 12.94, 71.12, 12.94, 12.92, 12.94, 0.0, 0.0
2025/07/31 0:01:43, 368.43, 83.45, 12.89, 71.19, 12.87, 12.85, 12.87, 0.0, 0.0
2025/07/31 0:06:43, 368.34, 83.45, 12.83, 71.22, 12.80, 12.78, 12.80, 0.0, 0.0
2025/07/31 0:11:43, 368.34, 83.42, 12.76, 71.28, 12.74, 12.74, 12.76, 0.0, 0.0
2025/07/31 0:16:43, 368.34, 83.45, 12.71, 71.27, 12.69, 12.69, 12.69, 0.0, 0.0
2025/07/31 0:21:43, 368.34, 83.42, 12.67, 71.34, 12.65, 12.62, 12.65, 0.0, 0.0
2025/07/31 0:26:43, 368.34, 83.45, 12.60, 71.37, 12.60, 12.60, 12.60, 0.0, 0.0
2025/07/31 0:31:43, 368.34, 83.42, 12.55, 71.40, 12.55, 12.53, 12.55, 0.0, 0.0
2025/07/31 0:36:43, 368.34, 83.42, 12.51, 71.43, 12.51, 12.49, 12.51, 0.0, 0.0
2025/07/31 0:41:43, 368.34, 83.45, 12.46, 71.42, 12.44, 12.44, 12.46, 0.0, 0.0
2025/07/31 0:46:43, 368.34, 83.42, 12.39, 71.45, 12.39, 12.37, 12.42, 0.0, 0.0
2025/07/31 0:51:43, 368.34, 83.42, 12.35, 71.48, 12.35, 12.35, 12.37, 0.0, 0.0
2025/07/31 0:56:43, 368.34, 83.42, 12.30, 71.51, 12.30, 12.28, 12.32, 0.0, 0.0
2025/07/31 1:01:43, 368.34, 83.39, 12.25, 71.50, 12.25, 12.23, 12.25, 0.0, 0.0
2025/07/31 1:06:43, 368.34, 83.42, 12.21, 71.53, 12.23, 12.21, 12.23, 0.0, 0.0
2025/07/31 1:11:43, 368.34, 83.42, 12.16, 71.56, 12.18, 12.16, 12.18, 0.0, 0.0
2025/07/31 1:16:43, 368.34, 83.42, 12.11, 71.56, 12.14, 12.11, 12.14, 0.0, 0.0
2025/07/31 1:21:43, 368.34, 83.45, 12.07, 71.59, 12.09, 12.07, 12.09, 0.0, 0.0
2025/07/31 1:26:43, 368.34, 83.42, 12.04, 71.62, 12.04, 12.04, 12.04, 0.0, 0.0
2025/07/31 1:31:43, 368.34, 83.42, 12.00, 71.61, 12.00, 12.00, 12.00, 0.0, 0.0
2025/07/31 1:36:43, 368.34, 83.42, 11.95, 71.64, 11.95, 11.95, 11.98, 0.0, 0.0
2025/07/31 1:41:43, 368.34, 83.42, 11.91, 71.64, 11.91, 11.91, 11.93, 0.0, 0.0
2025/07/31 1:46:43, 368.34, 83.42, 11.86, 71.67, 11.88, 11.86, 11.88, 0.0, 0.0
2025/07/31 1:51:43, 368.34, 83.42, 11.82, 71.70, 11.84, 11.82, 11.84, 0.0, 0.0
2025/07/31 1:56:43, 368.34, 83.42, 11.77, 71.69, 11.79, 11.77, 11.79, 0.0, 0.0
2025/07/31 2:01:43, 368.34, 83.42, 11.75, 71.73, 11.77, 11.75, 11.77, 0.0, 0.0
2025/07/31 2:06:43, 368.34, 83.39, 11.70, 71.72, 11.73, 11.70, 11.73, 0.0, 0.0
2025/07/31 2:11:43, 368.34, 83.42, 11.68, 71.72, 11.68, 11.68, 11.70, 0.0, 0.0
2025/07/31 2:16:43, 368.43, 83.42, 11.61, 71.74, 11.66, 11.63, 11.66, 0.0, 0.0
2025/07/31 2:21:43, 368.34, 83.42, 11.59, 71.78, 11.59, 11.59, 11.61, 0.0, 0.0
2025/07/31 2:26:43, 368.43, 83.42, 11.54, 71.81, 11.54, 11.54, 11.57, 0.0, 0.0
2025/07/31 2:31:43, 368.34, 83.39, 11.50, 71.84, 11.52, 11.52, 11.52, 0.0, 0.0
2025/07/31 2:36:43, 368.34, 83.42, 11.45, 71.91, 11.47, 11.45, 11.50, 0.0, 0.0
2025/07/31 2:41:43, 368.43, 83.39, 11.40, 71.93, 11.40, 11.43, 11.43, 0.0, 0.0
2025/07/31 2:46:43, 368.43, 83.39, 11.36, 71.97, 11.38, 11.38, 11.40, 0.0, 0.0
2025/07/31 2:51:43, 368.43, 83.39, 11.31, 71.96, 11.33, 11.33, 11.36, 0.0, 0.0
2025/07/31 2:56:43, 368.43, 83.42, 11.26, 72.03, 11.31, 11.29, 11.31, 0.0, 0.0
2025/07/31 3:01:43, 368.43, 83.42, 11.22, 72.06, 11.26, 11.26, 11.26, 0.0, 0.0
2025/07/31 3:06:43, 368.43, 83.45, 11.19, 72.05, 11.22, 11.22, 11.22, 0.0, 0.0
2025/07/31 3:11:43, 368.34, 83.42, 11.14, 72.08, 11.17, 11.17, 11.19, 0.0, 0.0
2025/07/31 3:16:43, 368.43, 83.39, 11.10, 72.11, 11.12, 11.12, 11.14, 0.0, 0.0
2025/07/31 3:21:43, 368.43, 83.39, 11.05, 72.14, 11.10, 11.07, 11.10, 0.0, 0.0
2025/07/31 3:26:43, 368.43, 83.39, 11.00, 72.17, 11.03, 11.03, 11.05, 0.0, 0.0
2025/07/31 3:31:43, 368.43, 83.39, 10.98, 72.21, 11.00, 10.98, 11.03, 0.0, 0.0
2025/07/31 3:36:43, 368.43, 83.39, 10.93, 72.20, 10.96, 10.96, 10.96, 0.0, 0.0
2025/07/31 3:41:43, 368.43, 83.39, 10.89, 72.23, 10.93, 10.91, 10.93, 0.0, 0.0
2025/07/31 3:46:43, 368.43, 83.39, 10.84, 72.22, 10.87, 10.87, 10.89, 0.0, 0.0
2025/07/31 3:51:43, 368.43, 83.39, 10.82, 72.26, 10.84, 10.84, 10.84, 0.0, 0.0
2025/07/31 3:56:43, 368.43, 83.39, 10.75, 72.28, 10.80, 10.78, 10.80, 0.0, 0.0
2025/07/31 4:01:43, 368.43, 83.39, 10.73, 72.32, 10.75, 10.75, 10.75, 0.0, 0.0
2025/07/31 4:06:43, 368.43, 83.39, 10.68, 72.31, 10.71, 10.71, 10.73, 0.0, 0.0
2025/07/31 4:11:43, 368.43, 83.36, 10.66, 72.34, 10.66, 10.66, 10.68, 0.0, 0.0
2025/07/31 4:16:43, 368.43, 83.39, 10.62, 72.38, 10.64, 10.62, 10.66, 0.0, 0.0
2025/07/31 4:21:43, 368.43, 83.39, 10.57, 72.41, 10.62, 10.59, 10.62, 0.0, 0.0
2025/07/31 4:26:43, 368.43, 83.36, 10.55, 72.40, 10.57, 10.57, 10.57, 0.0, 0.0
2025/07/31 4:31:43, 368.43, 83.32, 10.50, 72.43, 10.55, 10.52, 10.57, 0.0, 0.0
2025/07/31 4:36:43, 368.43, 83.36, 10.48, 72.43, 10.50, 10.50, 10.52, 0.0, 0.0
2025/07/31 4:41:43, 368.43, 83.36, 10.43, 72.42, 10.48, 10.45, 10.48, 0.0, 0.0
2025/07/31 4:46:43, 368.43, 83.36, 10.41, 72.42, 10.43, 10.43, 10.45, 0.0, 0.0
2025/07/31 4:51:43, 368.43, 83.36, 10.38, 72.41, 10.38, 10.38, 10.41, 0.0, 0.0
2025/07/31 4:56:43, 368.43, 83.36, 10.34, 72.44, 10.38, 10.36, 10.38, 0.0, 0.0
2025/07/31 5:01:43, 368.43, 83.36, 10.31, 72.44, 10.34, 10.34, 10.34, 0.0, 0.0
2025/07/31 5:06:43, 368.43, 83.36, 10.29, 72.44, 10.31, 10.31, 10.31, 0.0, 0.0
2025/07/31 5:11:43, 368.43, 83.36, 10.24, 72.39, 10.29, 10.29, 10.29, 0.0, 0.0
2025/07/31 5:16:43, 368.43, 83.36, 10.22, 72.39, 10.27, 10.24, 10.29, 0.0, 0.0
2025/07/31 5:21:43, 368.43, 83.36, 10.22, 72.39, 10.24, 10.24, 10.27, 0.0, 0.0
2025/07/31 5:26:43, 368.43, 83.36, 10.19, 72.35, 10.22, 10.22, 10.24, 0.0, 0.0
2025/07/31 5:31:43, 368.43, 83.36, 10.17, 72.34, 10.19, 10.19, 10.22, 0.0, 0.0
2025/07/31 5:36:43, 368.43, 83.36, 10.15, 72.30, 10.19, 10.17, 10.19, 0.0, 0.0
2025/07/31 5:41:43, 368.43, 83.36, 10.12, 72.30, 10.15, 10.15, 10.17, 0.0, 0.0
2025/07/31 5:46:43, 368.43, 83.36, 10.10, 72.30, 10.12, 10.12, 10.15, 0.0, 0.0
2025/07/31 5:51:43, 368.43, 83.36, 10.08, 72.26, 10.10, 10.10, 10.12, 0.0, 0.0
2025/07/31 5:56:43, 368.43, 83.36, 10.08, 72.22, 10.10, 10.08, 10.10, 0.0, 0.0
2025/07/31 6:01:43, 368.43, 83.36, 10.05, 72.22, 10.08, 10.05, 10.08, 0.0, 0.0
2025/07/31 6:06:43, 368.43, 83.36, 10.03, 72.21, 10.05, 10.03, 10.08, 0.0, 0.0
2025/07/31 6:11:43, 368.43, 83.36, 10.00, 72.17, 10.03, 10.03, 10.05, 0.0, 0.0
2025/07/31 6:16:43, 368.43, 83.36, 9.98, 72.17, 10.03, 10.00, 10.03, 0.0, 0.0
2025/07/31 6:21:43, 368.43, 83.36, 9.98, 72.13, 10.00, 10.00, 10.03, 0.0, 0.0
2025/07/31 6:26:43, 368.52, 83.36, 9.96, 72.13, 10.00, 9.98, 10.00, 0.0, 0.0
2025/07/31 6:31:43, 368.43, 83.39, 9.96, 72.05, 10.00, 9.98, 10.00, 0.0, 0.0
2025/07/31 6:36:43, 368.43, 83.39, 9.94, 72.05, 9.98, 9.96, 10.00, 0.0, 0.0
2025/07/31 6:41:43, 368.52, 83.36, 9.94, 71.98, 9.98, 9.96, 10.00, 0.0, 0.0
2025/07/31 6:46:43, 368.52, 83.36, 9.94, 71.90, 9.98, 9.96, 10.00, 0.0, 0.0
2025/07/31 6:51:43, 368.52, 83.36, 9.94, 71.83, 9.98, 9.96, 9.98, 0.0, 0.0
2025/07/31 6:56:43, 368.52, 83.39, 9.94, 71.79, 9.98, 9.96, 9.98, 0.0, 0.0
2025/07/31 7:01:43, 368.52, 83.39, 9.94, 71.75, 9.98, 9.96, 9.98, 0.0, 0.0
2025/07/31 7:06:43, 368.52, 83.36, 9.94, 71.68, 9.98, 9.96, 9.98, 0.0, 0.0
2025/07/31 7:11:43, 368.52, 83.36, 9.94, 71.60, 10.00, 9.98, 10.00, 0.0, 0.0
2025/07/31 7:16:43, 368.52, 83.36, 9.96, 71.50, 10.00, 10.00, 10.00, 0.0, 0.0
2025/07/31 7:21:43, 368.52, 83.39, 9.96, 71.46, 10.00, 10.00, 10.03, 0.0, 0.0
2025/07/31 7:26:43, 368.52, 83.39, 9.98, 71.39, 10.03, 10.00, 10.03, 0.0, 0.0
2025/07/31 7:31:43, 368.52, 83.36, 9.98, 71.31, 10.03, 10.00, 10.05, 0.0, 0.0
2025/07/31 7:36:43, 368.25, 83.36, 10.00, 71.20, 10.05, 10.05, 10.08, 0.0, 0.0
2025/07/31 7:41:43, 368.25, 83.36, 10.03, 71.10, 10.10, 10.10, 10.10, 0.0, 0.0
2025/07/31 7:46:43, 368.25, 83.36, 10.05, 71.03, 10.12, 10.10, 10.15, 0.0, 0.0
2025/07/31 7:51:43, 368.25, 83.36, 10.05, 70.95, 10.12, 10.12, 10.15, 0.0, 0.0
2025/07/31 7:56:43, 368.25, 83.36, 10.08, 70.88, 10.15, 10.15, 10.17, 0.0, 0.0
2025/07/31 8:01:43, 368.43, 83.39, 10.10, 70.77, 10.19, 10.17, 10.19, 0.0, 0.0
2025/07/31 8:06:43, 368.43, 83.39, 10.15, 70.63, 10.27, 10.24, 10.27, 0.0, 0.0
2025/07/31 8:11:43, 368.43, 83.39, 10.22, 70.46, 10.34, 10.31, 10.34, 0.0, 0.0
2025/07/31 8:16:43, 368.43, 83.36, 10.29, 70.32, 10.41, 10.38, 10.43, 0.0, 0.0
2025/07/31 8:21:43, 368.60, 83.39, 10.36, 70.14, 10.48, 10.48, 10.48, 0.0, 0.0
2025/07/31 8:26:43, 368.60, 83.39, 10.41, 69.96, 10.52, 10.52, 10.55, 0.0, 0.0
2025/07/31 8:31:43, 368.60, 83.36, 10.45, 69.86, 10.57, 10.52, 10.57, 0.0, 0.0
2025/07/31 8:36:43, 368.60, 83.39, 10.48, 69.75, 10.57, 10.57, 10.57, 0.0, 0.0
2025/07/31 8:41:43, 368.60, 83.39, 10.50, 69.72, 10.59, 10.57, 10.59, 0.0, 0.0
2025/07/31 8:46:43, 368.60, 83.39, 10.52, 69.68, 10.62, 10.57, 10.62, 0.0, 0.0
2025/07/31 8:51:43, 368.60, 83.39, 10.52, 69.64, 10.62, 10.59, 10.64, 0.0, 0.0
2025/07/31 8:56:43, 368.60, 83.39, 10.55, 69.61, 10.64, 10.62, 10.64, 0.0, 0.0
2025/07/31 9:01:43, 368.52, 83.39, 10.57, 69.54, 10.68, 10.66, 10.66, 0.0, 0.0
2025/07/31 9:06:43, 368.52, 83.39, 10.62, 69.47, 10.71, 10.71, 10.73, 0.0, 0.0
2025/07/31 9:11:43, 368.60, 83.39, 10.68, 69.30, 10.80, 10.78, 10.82, 0.0, 0.0
2025/07/31 9:16:43, 368.60, 83.36, 10.75, 69.12, 10.89, 10.87, 10.89, 0.0, 0.0
2025/07/31 9:21:43, 368.60, 83.39, 10.80, 69.01, 10.98, 10.96, 10.98, 0.0, 0.0
2025/07/31 9:26:43, 368.60, 83.39, 10.89, 68.88, 11.10, 11.07, 11.10, 0.0, 0.0
2025/07/31 9:31:43, 367.64, 83.39, 11.05, 68.49, 11.24, 11.22, 11.26, 0.0, 0.0
2025/07/31 9:36:43, 367.64, 83.39, 11.24, 67.89, 11.38, 11.36, 11.38, 0.0, 0.0
2025/07/31 9:41:43, 367.64, 83.39, 11.40, 67.50, 11.50, 11.45, 11.50, 0.0, 0.0
2025/07/31 9:46:43, 367.64, 83.39, 11.52, 67.18, 11.59, 11.57, 11.59, 0.0, 0.0
2025/07/31 9:51:43, 367.64, 83.39, 11.61, 66.97, 11.70, 11.68, 11.73, 0.0, 0.0
2025/07/31 9:56:43, 367.64, 83.39, 11.73, 66.80, 11.86, 11.84, 11.86, 0.0, 0.0
2025/07/31 10:01:43, 367.55, 83.42, 11.82, 66.62, 11.95, 11.93, 11.95, 0.0, 0.0
2025/07/31 10:06:43, 367.55, 83.39, 11.88, 66.56, 12.04, 12.00, 12.04, 0.0, 0.0
2025/07/31 10:11:43, 367.55, 83.39, 11.95, 66.53, 12.11, 12.09, 12.14, 0.0, 0.0
2025/07/31 10:16:43, 367.55, 83.42, 12.00, 66.46, 12.18, 12.16, 12.18, 0.0, 0.0
2025/07/31 10:21:43, 367.55, 83.39, 12.04, 66.47, 12.23, 12.21, 12.23, 0.0, 0.0
2025/07/31 10:26:43, 367.46, 83.42, 12.09, 66.44, 12.25, 12.23, 12.28, 0.0, 0.0
2025/07/31 10:31:43, 367.55, 83.42, 12.14, 66.41, 12.30, 12.28, 12.30, 0.0, 0.0
2025/07/31 10:36:43, 367.55, 83.42, 12.18, 66.38, 12.32, 12.32, 12.32, 0.0, 0.0
2025/07/31 10:41:43, 367.37, 83.42, 12.23, 66.31, 12.39, 12.35, 12.39, 0.0, 0.0
2025/07/31 10:46:43, 367.37, 83.42, 12.32, 66.25, 12.51, 12.46, 12.49, 0.0, 0.0
2025/07/31 10:51:43, 367.37, 83.42, 12.39, 66.11, 12.62, 12.58, 12.60, 0.0, 0.0
2025/07/31 10:56:43, 367.46, 83.42, 12.51, 65.94, 12.71, 12.69, 12.71, 0.0, 0.0
2025/07/31 11:01:43, 367.46, 83.42, 12.58, 65.80, 12.80, 12.76, 12.78, 0.0, 0.0
2025/07/31 11:06:43, 367.46, 83.42, 12.62, 65.73, 12.83, 12.78, 12.83, 0.0, 0.0
2025/07/31 11:11:43, 367.46, 83.45, 12.69, 65.66, 12.87, 12.83, 12.87, 0.0, 0.0
2025/07/31 11:16:43, 367.90, 83.42, 12.76, 65.56, 12.92, 12.89, 12.92, 0.0, 0.0
2025/07/31 11:21:43, 367.90, 83.42, 12.83, 65.46, 12.98, 12.96, 12.98, 0.0, 0.0
2025/07/31 11:26:43, 367.81, 83.45, 12.92, 65.28, 13.07, 13.05, 13.05, 0.0, 0.0
2025/07/31 11:31:43, 367.90, 83.42, 13.00, 65.14, 13.19, 13.14, 13.17, 0.0, 0.0
2025/07/31 11:36:43, 367.99, 83.42, 13.10, 64.97, 13.31, 13.26, 13.28, 0.0, 0.0
2025/07/31 11:41:43, 367.99, 83.45, 13.19, 64.76, 13.40, 13.35, 13.38, 0.0, 0.0
2025/07/31 11:46:43, 368.16, 83.42, 13.28, 64.70, 13.44, 13.42, 13.44, 0.0, 0.0
2025/07/31 11:51:43, 368.16, 83.42, 13.35, 64.59, 13.51, 13.49, 13.51, 0.0, 0.0
2025/07/31 11:56:43, 368.16, 83.42, 13.42, 64.49, 13.60, 13.56, 13.58, 0.0, 0.0
2025/07/31 12:01:43, 368.25, 83.45, 13.51, 64.35, 13.69, 13.65, 13.69, 0.0, 0.0
2025/07/31 12:06:43, 368.16, 83.45, 13.63, 64.14, 13.81, 13.78, 13.81, 0.0, 0.0
2025/07/31 12:11:43, 368.16, 83.45, 13.72, 63.97, 13.92, 13.87, 13.89, 0.0, 0.0
2025/07/31 12:16:43, 368.16, 83.45, 13.81, 63.83, 13.98, 13.96, 13.96, 0.0, 0.0
2025/07/31 12:21:43, 368.16, 83.45, 13.89, 63.73, 14.05, 14.03, 14.05, 0.0, 0.0
2025/07/31 12:26:43, 368.16, 83.45, 13.96, 63.66, 14.14, 14.07, 14.12, 0.0, 0.0
2025/07/31 12:31:43, 368.16, 83.48, 14.01, 63.67, 14.19, 14.14, 14.17, 0.0, 0.0
2025/07/31 12:36:43, 366.41, 83.48, 14.07, 63.60, 14.28, 14.24, 14.26, 0.0, 0.0
2025/07/31 12:41:43, 365.70, 83.48, 14.19, 63.47, 14.42, 14.35, 14.40, 0.0, 0.0
2025/07/31 12:46:43, 365.53, 83.48, 14.28, 63.48, 14.51, 14.49, 14.51, 0.0, 0.0
2025/07/31 12:51:43, 365.53, 83.48, 14.35, 63.42, 14.58, 14.56, 14.60, 0.0, 0.0
2025/07/31 12:56:43, 365.53, 83.48, 14.42, 63.35, 14.62, 14.62, 14.65, 0.0, 0.0
2025/07/31 13:01:43, 365.53, 83.48, 14.47, 63.28, 14.67, 14.67, 14.69, 0.0, 0.0
2025/07/31 13:06:43, 365.44, 83.45, 14.53, 63.22, 14.69, 14.71, 14.74, 0.0, 0.0
2025/07/31 13:11:43, 365.53, 83.45, 14.60, 63.15, 14.78, 14.78, 14.80, 0.0, 0.0
2025/07/31 13:16:43, 365.53, 83.45, 14.67, 63.08, 14.83, 14.83, 14.85, 0.0, 0.0
2025/07/31 13:21:43, 365.44, 83.45, 14.71, 63.05, 14.87, 14.87, 14.91, 0.0, 0.0
2025/07/31 13:26:43, 365.44, 83.45, 14.78, 63.02, 14.91, 14.91, 14.96, 0.0, 0.0
2025/07/31 13:31:43, 365.44, 83.48, 14.80, 62.99, 14.96, 14.96, 14.98, 0.0, 0.0
2025/07/31 13:36:43, 365.44, 83.48, 14.87, 62.96, 14.98, 14.98, 15.00, 0.0, 0.0
2025/07/31 13:41:43, 365.44, 83.48, 14.89, 63.00, 15.00, 15.00, 15.03, 0.0, 0.0
2025/07/31 13:46:43, 365.44, 83.48, 14.91, 63.04, 15.03, 15.03, 15.05, 0.0, 0.0
2025/07/31 13:51:43, 365.44, 83.51, 14.96, 63.05, 15.07, 15.07, 15.09, 0.0, 0.0
2025/07/31 13:56:43, 365.53, 83.51, 15.00, 63.02, 15.14, 15.14, 15.16, 0.0, 0.0
2025/07/31 14:01:43, 365.53, 83.51, 15.07, 62.95, 15.26, 15.26, 15.30, 0.0, 0.0
2025/07/31 14:06:43, 365.35, 83.48, 15.23, 62.75, 15.62, 15.64, 15.68, 0.0, 0.0
2025/07/31 14:11:43, 365.53, 83.51, 15.41, 62.43, 16.06, 16.13, 16.15, 0.0, 0.0
2025/07/31 14:16:43, 365.53, 83.51, 15.59, 62.08, 16.52, 16.56, 16.61, 0.0, 0.0
2025/07/31 14:21:43, 364.91, 83.51, 15.84, 61.70, 16.83, 16.87, 16.94, 0.0, 0.0
2025/07/31 14:26:43, 364.82, 83.51, 16.18, 61.06, 17.01, 17.03, 17.07, 0.0, 0.0
2025/07/31 14:31:43, 364.82, 83.51, 16.49, 60.43, 17.19, 17.19, 17.23, 0.0, 0.0
2025/07/31 14:36:43, 364.74, 83.51, 16.83, 59.79, 17.41, 17.41, 17.46, 0.0, 0.0
2025/07/31 14:41:43, 364.74, 83.54, 17.17, 59.15, 17.66, 17.64, 17.68, 0.0, 0.0
2025/07/31 14:46:43, 363.95, 83.51, 17.50, 58.55, 17.90, 17.88, 17.92, 0.0, 0.0
2025/07/31 14:51:43, 363.07, 83.54, 17.79, 58.06, 18.15, 18.10, 18.15, 0.0, 0.0
2025/07/31 14:56:43, 363.07, 83.54, 18.10, 57.61, 18.40, 18.38, 18.42, 0.0, 0.0
2025/07/31 15:01:43, 363.15, 83.57, 18.38, 57.23, 18.67, 18.64, 18.67, 0.0, 0.0
2025/07/31 15:06:43, 361.75, 83.54, 18.64, 56.95, 18.91, 18.89, 18.93, 0.0, 0.0
2025/07/31 15:11:43, 361.75, 83.54, 18.80, 56.94, 19.11, 19.11, 19.13, 0.0, 0.0
2025/07/31 15:16:43, 361.75, 83.54, 18.91, 56.99, 19.27, 19.27, 19.31, 0.0, 0.0
2025/07/31 15:21:43, 361.75, 83.57, 19.02, 57.04, 19.40, 19.40, 19.43, 0.0, 0.0
2025/07/31 15:26:43, 361.75, 83.57, 19.09, 57.12, 19.43, 19.43, 19.45, 0.0, 0.0
2025/07/31 15:31:43, 362.01, 83.54, 18.99, 57.64, 19.18, 19.13, 19.18, 0.0, 0.0
2025/07/31 15:36:43, 362.01, 83.54, 18.91, 58.09, 18.97, 18.93, 18.95, 0.0, 0.0
2025/07/31 15:41:43, 362.10, 83.54, 18.86, 58.42, 18.93, 18.89, 18.93, 0.0, 0.0
2025/07/31 15:46:43, 361.75, 83.51, 18.86, 58.65, 18.95, 18.91, 18.93, 0.0, 0.0
2025/07/31 15:51:43, 361.92, 83.54, 18.86, 58.80, 18.97, 18.93, 18.97, 0.0, 0.0
2025/07/31 15:56:43, 361.84, 83.54, 18.86, 58.91, 18.97, 18.95, 18.97, 0.0, 0.0
2025/07/31 16:01:43, 361.75, 83.51, 18.86, 59.06, 18.95, 18.93, 18.95, 0.0, 0.0
2025/07/31 16:06:43, 361.75, 83.51, 18.78, 59.40, 18.82, 18.80, 18.82, 0.0, 0.0
2025/07/31 16:11:43, 361.75, 83.51, 18.64, 59.83, 18.67, 18.64, 18.67, 0.0, 0.0
2025/07/31 16:16:43, 361.75, 83.51, 18.51, 60.19, 18.53, 18.49, 18.53, 0.0, 0.0
2025/07/31 16:21:43, 361.75, 83.51, 18.44, 60.49, 18.40, 18.38, 18.40, 0.0, 0.0
2025/07/31 16:26:43, 361.75, 83.51, 18.35, 60.74, 18.31, 18.29, 18.31, 0.0, 0.0
2025/07/31 16:31:43, 361.75, 83.51, 18.26, 60.96, 18.19, 18.17, 18.19, 0.0, 0.0
2025/07/31 16:36:43, 361.84, 83.51, 18.15, 61.32, 18.06, 18.01, 18.04, 0.0, 0.0
2025/07/31 16:41:43, 361.75, 83.51, 18.04, 61.65, 17.92, 17.90, 17.92, 0.0, 0.0
2025/07/31 16:46:43, 361.75, 83.48, 17.92, 61.93, 17.84, 17.81, 17.84, 0.0, 0.0
2025/07/31 16:51:43, 361.75, 83.51, 17.84, 62.19, 17.75, 17.73, 17.75, 0.0, 0.0
2025/07/31 16:56:43, 361.75, 83.54, 17.77, 62.37, 17.70, 17.66, 17.70, 0.0, 0.0
2025/07/31 17:01:43, 361.92, 83.51, 17.73, 62.51, 17.64, 17.62, 17.64, 0.0, 0.0
2025/07/31 17:06:43, 361.92, 83.54, 17.66, 62.65, 17.57, 17.57, 17.59, 0.0, 0.0
2025/07/31 17:11:43, 361.92, 83.51, 17.59, 62.83, 17.53, 17.50, 17.53, 0.0, 0.0
2025/07/31 17:16:43, 361.84, 83.51, 17.53, 62.98, 17.48, 17.46, 17.48, 0.0, 0.0
2025/07/31 17:21:43, 361.84, 83.51, 17.46, 63.16, 17.41, 17.39, 17.41, 0.0, 0.0
2025/07/31 17:26:43, 361.84, 83.48, 17.37, 63.37, 17.32, 17.30, 17.30, 0.0, 0.0
2025/07/31 17:31:43, 361.84, 83.48, 17.28, 63.58, 17.21, 17.19, 17.21, 0.0, 0.0
2025/07/31 17:36:43, 361.92, 83.48, 17.17, 63.83, 17.10, 17.07, 17.10, 0.0, 0.0
2025/07/31 17:41:43, 361.92, 83.48, 17.05, 64.08, 16.96, 16.94, 16.96, 0.0, 0.0
2025/07/31 17:46:43, 361.92, 83.48, 16.94, 64.37, 16.85, 16.81, 16.83, 0.0, 0.0
2025/07/31 17:51:43, 361.92, 83.51, 16.81, 64.73, 16.70, 16.67, 16.67, 0.0, 0.0
2025/07/31 17:56:43, 361.92, 83.48, 16.67, 65.05, 16.56, 16.52, 16.54, 0.0, 0.0
2025/07/31 18:01:43, 362.01, 83.48, 16.52, 65.37, 16.40, 16.38, 16.40, 0.0, 0.0
2025/07/31 18:06:43, 362.01, 83.48, 16.36, 65.76, 16.22, 16.18, 16.20, 0.0, 0.0
2025/07/31 18:11:43, 362.01, 83.48, 16.18, 66.22, 16.04, 15.99, 16.02, 0.0, 0.0
2025/07/31 18:16:43, 362.01, 83.45, 16.04, 66.54, 15.91, 15.84, 15.86, 0.0, 0.0
2025/07/31 18:21:43, 362.01, 83.48, 15.88, 66.82, 15.77, 15.73, 15.73, 0.0, 0.0
2025/07/31 18:26:43, 362.01, 83.45, 15.77, 67.07, 15.64, 15.62, 15.62, 0.0, 0.0
2025/07/31 18:31:43, 362.01, 83.45, 15.66, 67.28, 15.53, 15.48, 15.50, 0.0, 0.0
2025/07/31 18:36:43, 362.01, 83.42, 15.53, 67.49, 15.41, 15.37, 15.37, 0.0, 0.0
2025/07/31 18:41:43, 362.10, 83.42, 15.41, 67.69, 15.30, 15.23, 15.26, 0.0, 0.0
2025/07/31 18:46:43, 362.10, 83.42, 15.30, 67.90, 15.19, 15.12, 15.14, 0.0, 0.0
2025/07/31 18:51:43, 362.10, 83.45, 15.19, 68.04, 15.05, 15.00, 15.03, 0.0, 0.0
2025/07/31 18:56:43, 362.10, 83.45, 15.07, 68.25, 14.96, 14.89, 14.91, 0.0, 0.0
2025/07/31 19:01:43, 362.10, 83.45, 14.96, 68.42, 14.83, 14.80, 14.80, 0.0, 0.0
2025/07/31 19:06:43, 362.10, 83.42, 14.87, 68.59, 14.71, 14.69, 14.69, 0.0, 0.0
2025/07/31 19:11:43, 362.10, 83.42, 14.76, 68.77, 14.60, 14.56, 14.58, 0.0, 0.0
2025/07/31 19:16:43, 362.10, 83.42, 14.65, 68.94, 14.51, 14.47, 14.49, 0.0, 0.0
2025/07/31 19:21:43, 362.10, 83.42, 14.53, 69.07, 14.42, 14.35, 14.37, 0.0, 0.0
2025/07/31 19:26:43, 362.10, 83.42, 14.44, 69.21, 14.31, 14.26, 14.28, 0.0, 0.0
2025/07/31 19:31:43, 362.10, 83.39, 14.35, 69.31, 14.21, 14.17, 14.17, 0.0, 0.0
2025/07/31 19:36:43, 362.10, 83.39, 14.24, 69.44, 14.10, 14.05, 14.07, 0.0, 0.0
2025/07/31 19:41:43, 362.10, 83.39, 14.14, 69.61, 14.01, 13.96, 13.96, 0.0, 0.0
2025/07/31 19:46:43, 362.19, 83.39, 14.05, 69.75, 13.89, 13.85, 13.87, 0.0, 0.0
2025/07/31 19:51:43, 362.10, 83.39, 13.92, 69.92, 13.78, 13.74, 13.76, 0.0, 0.0
2025/07/31 19:56:43, 362.10, 83.39, 13.83, 70.05, 13.67, 13.63, 13.65, 0.0, 0.0
2025/07/31 20:01:43, 362.10, 83.39, 13.72, 70.23, 13.56, 13.51, 13.51, 0.0, 0.0
2025/07/31 20:06:43, 362.19, 83.39, 13.60, 70.36, 13.44, 13.40, 13.42, 0.0, 0.0
2025/07/31 20:11:43, 362.19, 83.39, 13.51, 70.49, 13.33, 13.28, 13.28, 0.0, 0.0
2025/07/31 20:16:43, 362.19, 83.39, 13.42, 70.67, 13.21, 13.17, 13.19, 0.0, 0.0
2025/07/31 20:21:43, 362.19, 83.39, 13.28, 70.83, 13.10, 13.05, 13.07, 0.0, 0.0
2025/07/31 20:26:43, 362.19, 83.39, 13.19, 70.97, 12.98, 12.96, 12.96, 0.0, 0.0
2025/07/31 20:31:43, 362.19, 83.39, 13.05, 71.14, 12.87, 12.83, 12.85, 0.0, 0.0
2025/07/31 20:36:43, 362.19, 83.42, 12.96, 71.31, 12.78, 12.74, 12.74, 0.0, 0.0
2025/07/31 20:41:43, 362.19, 83.39, 12.85, 71.44, 12.67, 12.60, 12.62, 0.0, 0.0
2025/07/31 20:46:43, 362.19, 83.42, 12.74, 71.61, 12.55, 12.51, 12.51, 0.0, 0.0
2025/07/31 20:51:43, 362.19, 83.39, 12.65, 71.75, 12.44, 12.39, 12.39, 0.0, 0.0
2025/07/31 20:56:43, 362.19, 83.39, 12.53, 71.84, 12.32, 12.28, 12.30, 0.0, 0.0
2025/07/31 21:01:43, 362.27, 83.39, 12.44, 71.98, 12.23, 12.18, 12.21, 0.0, 0.0
2025/07/31 21:06:43, 362.19, 83.42, 12.35, 72.08, 12.14, 12.09, 12.09, 0.0, 0.0
2025/07/31 21:11:43, 362.27, 83.42, 12.25, 72.18, 12.04, 12.00, 12.02, 0.0, 0.0
2025/07/31 21:16:43, 362.27, 83.39, 12.16, 72.24, 11.98, 11.93, 11.95, 0.0, 0.0
2025/07/31 21:21:43, 362.27, 83.39, 12.07, 72.33, 11.88, 11.84, 11.86, 0.0, 0.0
2025/07/31 21:26:43, 362.27, 83.39, 12.00, 72.40, 11.82, 11.77, 11.77, 0.0, 0.0
2025/07/31 21:31:43, 362.27, 83.39, 11.91, 72.46, 11.73, 11.68, 11.70, 0.0, 0.0
2025/07/31 21:36:43, 362.27, 83.39, 11.82, 72.52, 11.68, 11.63, 11.63, 0.0, 0.0
2025/07/31 21:41:43, 362.36, 83.39, 11.75, 72.58, 11.59, 11.54, 11.59, 0.0, 0.0
2025/07/31 21:46:43, 362.45, 83.39, 11.68, 72.61, 11.52, 11.50, 11.50, 0.0, 0.0
2025/07/31 21:51:43, 362.45, 83.42, 11.59, 72.75, 11.43, 11.38, 11.40, 0.0, 0.0
2025/07/31 21:56:43, 362.45, 83.39, 11.50, 72.88, 11.33, 11.29, 11.31, 0.0, 0.0
2025/07/31 22:01:43, 362.45, 83.39, 11.40, 72.94, 11.26, 11.22, 11.24, 0.0, 0.0
2025/07/31 22:06:43, 362.45, 83.39, 11.33, 73.01, 11.22, 11.17, 11.17, 0.0, 0.0
2025/07/31 22:11:43, 362.45, 83.39, 11.26, 73.07, 11.12, 11.07, 11.10, 0.0, 0.0
2025/07/31 22:16:43, 362.45, 83.42, 11.17, 73.17, 11.03, 10.98, 11.00, 0.0, 0.0
2025/07/31 22:21:43, 362.45, 83.39, 11.10, 73.19, 10.96, 10.93, 10.93, 0.0, 0.0
2025/07/31 22:26:43, 362.45, 83.42, 11.03, 73.22, 10.93, 10.89, 10.91, 0.0, 0.0
2025/07/31 22:31:43, 362.45, 83.42, 11.00, 73.18, 10.87, 10.84, 10.87, 0.0, 0.0
2025/07/31 22:36:43, 362.45, 83.39, 10.96, 73.14, 10.82, 10.80, 10.82, 0.0, 0.0
2025/07/31 22:41:43, 362.45, 83.39, 10.89, 73.12, 10.78, 10.75, 10.78, 0.0, 0.0
2025/07/31 22:46:43, 362.45, 83.39, 10.84, 73.08, 10.73, 10.71, 10.73, 0.0, 0.0
2025/07/31 22:51:43, 362.45, 83.42, 10.80, 73.07, 10.68, 10.66, 10.68, 0.0, 0.0
2025/07/31 22:56:43, 362.54, 83.39, 10.75, 73.07, 10.66, 10.62, 10.64, 0.0, 0.0
2025/07/31 23:01:43, 362.45, 83.39, 10.71, 73.06, 10.59, 10.57, 10.57, 0.0, 0.0
2025/07/31 23:06:43, 362.45, 83.39, 10.66, 73.05, 10.57, 10.52, 10.55, 0.0, 0.0
2025/07/31 23:11:43, 362.45, 83.39, 10.62, 73.05, 10.50, 10.48, 10.48, 0.0, 0.0
2025/07/31 23:16:43, 362.45, 83.36, 10.57, 73.04, 10.45, 10.43, 10.43, 0.0, 0.0
2025/07/31 23:21:43, 362.45, 83.39, 10.52, 73.07, 10.41, 10.36, 10.41, 0.0, 0.0
2025/07/31 23:26:43, 362.45, 83.36, 10.48, 73.10, 10.36, 10.34, 10.34, 0.0, 0.0
2025/07/31 23:31:43, 362.45, 83.36, 10.43, 73.09, 10.31, 10.29, 10.31, 0.0, 0.0
2025/07/31 23:36:43, 362.54, 83.36, 10.38, 73.08, 10.27, 10.24, 10.27, 0.0, 0.0
2025/07/31 23:41:43, 362.54, 83.36, 10.34, 73.11, 10.22, 10.19, 10.22, 0.0, 0.0
2025/07/31 23:46:43, 362.54, 83.36, 10.29, 73.14, 10.17, 10.15, 10.15, 0.0, 0.0
2025/07/31 23:51:43, 362.54, 83.36, 10.22, 73.21, 10.10, 10.05, 10.08, 0.0, 0.0
2025/07/31 23:56:43, 362.54, 83.36, 10.15, 73.27, 10.03, 9.98, 10.00, 0.0, 0.0
2025/08/01 0:01:43, 362.54, 83.32, 10.10, 73.30, 9.96, 9.94, 9.96, 0.0, 0.0
2025/08/01 0:06:43, 362.54, 83.32, 10.05, 73.33, 9.91, 9.89, 9.91, 0.0, 0.0
2025/08/01 0:11:43, 362.54, 83.32, 10.00, 73.36, 9.87, 9.84, 9.87, 0.0, 0.0
2025/08/01 0:16:43, 362.54, 83.29, 9.96, 73.35, 9.84, 9.82, 9.84, 0.0, 0.0
2025/08/01 0:21:43, 362.54, 83.32, 9.91, 73.35, 9.82, 9.77, 9.80, 0.0, 0.0
2025/08/01 0:26:43, 362.54, 83.29, 9.87, 73.34, 9.77, 9.75, 9.77, 0.0, 0.0
2025/08/01 0:31:43, 362.54, 83.32, 9.82, 73.33, 9.73, 9.71, 9.73, 0.0, 0.0
2025/08/01 0:36:43, 362.54, 83.29, 9.80, 73.29, 9.71, 9.66, 9.68, 0.0, 0.0
2025/08/01 0:41:43, 362.54, 83.29, 9.75, 73.32, 9.66, 9.64, 9.66, 0.0, 0.0
2025/08/01 0:46:43, 362.54, 83.29, 9.73, 73.32, 9.61, 9.59, 9.61, 0.0, 0.0
2025/08/01 0:51:43, 362.54, 83.32, 9.68, 73.31, 9.59, 9.54, 9.57, 0.0, 0.0
2025/08/01 0:56:43, 362.54, 83.29, 9.64, 73.30, 9.54, 9.52, 9.54, 0.0, 0.0
2025/08/01 1:01:43, 362.54, 83.29, 9.61, 73.30, 9.49, 9.47, 9.49, 0.0, 0.0
2025/08/01 1:06:43, 362.54, 83.29, 9.57, 73.29, 9.47, 9.45, 9.45, 0.0, 0.0
2025/08/01 1:11:43, 362.54, 83.29, 9.54, 73.29, 9.42, 9.40, 9.42, 0.0, 0.0
2025/08/01 1:16:43, 362.54, 83.29, 9.49, 73.32, 9.38, 9.35, 9.38, 0.0, 0.0
2025/08/01 1:21:43, 362.54, 83.26, 9.45, 73.31, 9.35, 9.33, 9.35, 0.0, 0.0
2025/08/01 1:26:43, 362.54, 83.26, 9.45, 73.31, 9.30, 9.28, 9.30, 0.0, 0.0
2025/08/01 1:31:43, 362.54, 83.26, 9.40, 73.31, 9.28, 9.26, 9.28, 0.0, 0.0
2025/08/01 1:36:43, 362.54, 83.29, 9.35, 73.30, 9.26, 9.21, 9.23, 0.0, 0.0
2025/08/01 1:41:43, 362.54, 83.29, 9.33, 73.29, 9.21, 9.19, 9.21, 0.0, 0.0
2025/08/01 1:46:43, 362.54, 83.26, 9.28, 73.29, 9.19, 9.14, 9.16, 0.0, 0.0
2025/08/01 1:51:43, 362.54, 83.29, 9.26, 73.28, 9.14, 9.11, 9.14, 0.0, 0.0
2025/08/01 1:56:43, 362.54, 83.26, 9.21, 73.28, 9.11, 9.06, 9.09, 0.0, 0.0
2025/08/01 2:01:43, 362.54, 83.29, 9.19, 73.27, 9.06, 9.06, 9.06, 0.0, 0.0
2025/08/01 2:06:43, 362.54, 83.29, 9.16, 73.27, 9.04, 9.02, 9.04, 0.0, 0.0
2025/08/01 2:11:43, 362.54, 83.29, 9.14, 73.27, 9.02, 8.99, 9.02, 0.0, 0.0
2025/08/01 2:16:43, 362.54, 83.29, 9.11, 73.22, 8.99, 8.97, 8.99, 0.0, 0.0
2025/08/01 2:21:43, 362.54, 83.29, 9.09, 73.18, 8.97, 8.95, 8.97, 0.0, 0.0
2025/08/01 2:26:43, 362.54, 83.26, 9.06, 73.18, 8.97, 8.92, 8.95, 0.0, 0.0
2025/08/01 2:31:43, 362.54, 83.29, 9.04, 73.14, 8.95, 8.92, 8.92, 0.0, 0.0
2025/08/01 2:36:43, 362.54, 83.26, 9.02, 73.14, 8.92, 8.90, 8.92, 0.0, 0.0
2025/08/01 2:41:43, 362.54, 83.29, 8.99, 73.09, 8.90, 8.88, 8.90, 0.0, 0.0
2025/08/01 2:46:43, 362.54, 83.26, 8.97, 73.09, 8.88, 8.88, 8.88, 0.0, 0.0
2025/08/01 2:51:43, 362.54, 83.29, 8.95, 73.05, 8.88, 8.85, 8.88, 0.0, 0.0
2025/08/01 2:56:43, 362.54, 83.26, 8.92, 73.01, 8.85, 8.83, 8.85, 0.0, 0.0
2025/08/01 3:01:43, 362.54, 83.26, 8.92, 73.01, 8.83, 8.81, 8.83, 0.0, 0.0
2025/08/01 3:06:43, 362.54, 83.26, 8.90, 72.97, 8.83, 8.81, 8.83, 0.0, 0.0
2025/08/01 3:11:43, 362.54, 83.26, 8.88, 72.93, 8.81, 8.78, 8.81, 0.0, 0.0
2025/08/01 3:16:43, 362.54, 83.26, 8.88, 72.93, 8.78, 8.78, 8.78, 0.0, 0.0
2025/08/01 3:21:43, 362.54, 83.26, 8.85, 72.89, 8.78, 8.76, 8.78, 0.0, 0.0
2025/08/01 3:26:43, 362.54, 83.26, 8.83, 72.88, 8.76, 8.74, 8.76, 0.0, 0.0
2025/08/01 3:31:43, 362.54, 83.26, 8.81, 72.88, 8.74, 8.71, 8.74, 0.0, 0.0
2025/08/01 3:36:43, 362.54, 83.26, 8.81, 72.84, 8.71, 8.69, 8.71, 0.0, 0.0
2025/08/01 3:41:43, 362.54, 83.26, 8.78, 72.84, 8.69, 8.69, 8.69, 0.0, 0.0
2025/08/01 3:46:43, 362.54, 83.23, 8.76, 72.84, 8.69, 8.67, 8.69, 0.0, 0.0
2025/08/01 3:51:43, 362.54, 83.23, 8.74, 72.83, 8.67, 8.64, 8.67, 0.0, 0.0
2025/08/01 3:56:43, 362.54, 83.23, 8.71, 72.83, 8.62, 8.62, 8.64, 0.0, 0.0
2025/08/01 4:01:43, 362.54, 83.26, 8.69, 72.79, 8.62, 8.60, 8.62, 0.0, 0.0
2025/08/01 4:06:43, 362.54, 83.26, 8.69, 72.79, 8.60, 8.57, 8.60, 0.0, 0.0
2025/08/01 4:11:43, 362.63, 83.23, 8.67, 72.79, 8.57, 8.55, 8.60, 0.0, 0.0
2025/08/01 4:16:43, 362.54, 83.26, 8.64, 72.78, 8.55, 8.53, 8.55, 0.0, 0.0
2025/08/01 4:21:43, 362.54, 83.26, 8.62, 72.78, 8.53, 8.53, 8.53, 0.0, 0.0
2025/08/01 4:26:43, 362.63, 83.26, 8.60, 72.78, 8.53, 8.50, 8.53, 0.0, 0.0
2025/08/01 4:31:43, 362.63, 83.23, 8.60, 72.78, 8.50, 8.48, 8.50, 0.0, 0.0
2025/08/01 4:36:43, 362.54, 83.26, 8.57, 72.73, 8.48, 8.45, 8.50, 0.0, 0.0
2025/08/01 4:41:43, 362.63, 83.26, 8.55, 72.73, 8.45, 8.45, 8.45, 0.0, 0.0
2025/08/01 4:46:43, 362.63, 83.26, 8.53, 72.76, 8.43, 8.41, 8.43, 0.0, 0.0
2025/08/01 4:51:43, 362.63, 83.26, 8.50, 72.76, 8.41, 8.41, 8.41, 0.0, 0.0
2025/08/01 4:56:43, 362.54, 83.26, 8.50, 72.80, 8.38, 8.36, 8.38, 0.0, 0.0
2025/08/01 5:01:43, 362.63, 83.26, 8.45, 72.83, 8.34, 8.31, 8.34, 0.0, 0.0
2025/08/01 5:06:43, 362.63, 83.26, 8.43, 72.82, 8.31, 8.29, 8.31, 0.0, 0.0
2025/08/01 5:11:43, 362.63, 83.26, 8.41, 72.86, 8.29, 8.26, 8.29, 0.0, 0.0
2025/08/01 5:16:43, 362.63, 83.29, 8.38, 72.85, 8.24, 8.21, 8.24, 0.0, 0.0
2025/08/01 5:21:43, 362.63, 83.26, 8.36, 72.89, 8.21, 8.19, 8.21, 0.0, 0.0
2025/08/01 5:26:43, 362.63, 83.32, 8.31, 72.95, 8.17, 8.14, 8.17, 0.0, 0.0
2025/08/01 5:31:43, 362.63, 83.32, 8.26, 72.98, 8.12, 8.12, 8.12, 0.0, 0.0
2025/08/01 5:36:43, 362.63, 83.32, 8.24, 73.05, 8.09, 8.04, 8.07, 0.0, 0.0
2025/08/01 5:41:43, 362.63, 83.32, 8.21, 73.12, 8.04, 8.02, 8.02, 0.0, 0.0
2025/08/01 5:46:43, 362.63, 83.32, 8.17, 73.15, 8.02, 7.97, 8.00, 0.0, 0.0
2025/08/01 5:51:43, 362.63, 83.32, 8.12, 73.18, 7.95, 7.93, 7.95, 0.0, 0.0
2025/08/01 5:56:43, 362.63, 83.36, 8.09, 73.25, 7.93, 7.88, 7.90, 0.0, 0.0
2025/08/01 6:01:43, 362.63, 83.36, 8.04, 73.28, 7.86, 7.83, 7.86, 0.0, 0.0
2025/08/01 6:06:43, 362.63, 83.36, 8.02, 73.35, 7.83, 7.79, 7.81, 0.0, 0.0
2025/08/01 6:11:43, 362.63, 83.36, 7.95, 73.38, 7.79, 7.76, 7.76, 0.0, 0.0
2025/08/01 6:16:43, 362.63, 83.36, 7.93, 73.41, 7.74, 7.71, 7.74, 0.0, 0.0
2025/08/01 6:21:43, 362.63, 83.36, 7.88, 73.44, 7.69, 7.67, 7.69, 0.0, 0.0
2025/08/01 6:26:43, 362.63, 83.36, 7.86, 73.51, 7.64, 7.64, 7.64, 0.0, 0.0
2025/08/01 6:31:43, 362.63, 83.32, 7.81, 73.54, 7.62, 7.60, 7.60, 0.0, 0.0
2025/08/01 6:36:43, 362.63, 83.36, 7.76, 73.57, 7.57, 7.55, 7.55, 0.0, 0.0
2025/08/01 6:41:43, 362.63, 83.32, 7.74, 73.64, 7.52, 7.50, 7.52, 0.0, 0.0
2025/08/01 6:46:43, 362.63, 83.36, 7.69, 73.67, 7.48, 7.45, 7.48, 0.0, 0.0
2025/08/01 6:51:43, 362.63, 83.36, 7.64, 73.74, 7.45, 7.40, 7.43, 0.0, 0.0
2025/08/01 6:56:43, 362.63, 83.36, 7.60, 73.77, 7.38, 7.35, 7.38, 0.0, 0.0
2025/08/01 7:01:43, 362.63, 83.36, 7.55, 73.80, 7.35, 7.31, 7.33, 0.0, 0.0
2025/08/01 7:06:43, 362.63, 83.32, 7.52, 73.83, 7.31, 7.28, 7.31, 0.0, 0.0
2025/08/01 7:11:43, 362.63, 83.32, 7.48, 73.83, 7.28, 7.26, 7.26, 0.0, 0.0
2025/08/01 7:16:43, 362.63, 83.32, 7.45, 73.82, 7.26, 7.21, 7.23, 0.0, 0.0
2025/08/01 7:21:43, 362.71, 83.32, 7.45, 73.78, 7.23, 7.18, 7.21, 0.0, 0.0
2025/08/01 7:26:43, 362.71, 83.32, 7.43, 73.74, 7.21, 7.18, 7.21, 0.0, 0.0
2025/08/01 7:31:43, 362.71, 83.36, 7.40, 73.74, 7.21, 7.18, 7.21, 0.0, 0.0
2025/08/01 7:36:43, 362.71, 83.36, 7.40, 73.70, 7.23, 7.21, 7.23, 0.0, 0.0
2025/08/01 7:41:43, 362.71, 83.36, 7.38, 73.63, 7.26, 7.23, 7.26, 0.0, 0.0
2025/08/01 7:46:43, 362.71, 83.32, 7.40, 73.55, 7.28, 7.26, 7.28, 0.0, 0.0
2025/08/01 7:51:43, 362.71, 83.32, 7.40, 73.44, 7.31, 7.31, 7.33, 0.0, 0.0
2025/08/01 7:56:43, 362.71, 83.36, 7.45, 73.30, 7.38, 7.35, 7.38, 0.0, 0.0
2025/08/01 8:01:43, 362.71, 83.36, 7.48, 73.12, 7.48, 7.45, 7.50, 0.0, 0.0
2025/08/01 8:06:43, 362.71, 83.36, 7.55, 72.88, 7.60, 7.60, 7.64, 0.0, 0.0
2025/08/01 8:11:43, 362.71, 83.36, 7.64, 72.63, 7.79, 7.79, 7.83, 0.0, 0.0
2025/08/01 8:16:43, 362.80, 83.36, 7.76, 72.31, 8.04, 8.07, 8.09, 0.0, 0.0
2025/08/01 8:21:43, 362.80, 83.36, 7.90, 71.89, 8.34, 8.36, 8.41, 0.0, 0.0
2025/08/01 8:26:43, 362.71, 83.39, 8.07, 71.47, 8.64, 8.69, 8.74, 0.0, 0.0
2025/08/01 8:31:43, 362.71, 83.36, 8.24, 71.02, 8.95, 8.99, 9.04, 0.0, 0.0
2025/08/01 8:36:43, 362.80, 83.39, 8.43, 70.56, 9.23, 9.30, 9.35, 0.0, 0.0
2025/08/01 8:41:43, 362.80, 83.39, 8.62, 70.07, 9.52, 9.57, 9.64, 0.0, 0.0
2025/08/01 8:46:43, 362.80, 83.39, 8.78, 69.69, 9.73, 9.82, 9.87, 0.0, 0.0
2025/08/01 8:51:43, 362.80, 83.39, 8.92, 69.34, 9.94, 10.00, 10.05, 0.0, 0.0
2025/08/01 8:56:43, 362.80, 83.39, 9.06, 69.10, 10.08, 10.15, 10.19, 0.0, 0.0
2025/08/01 9:01:43, 362.80, 83.39, 9.16, 68.85, 10.19, 10.27, 10.31, 0.0, 0.0
2025/08/01 9:06:43, 362.80, 83.39, 9.28, 68.65, 10.27, 10.34, 10.38, 0.0, 0.0
2025/08/01 9:11:43, 362.71, 83.39, 9.38, 68.51, 10.31, 10.38, 10.41, 0.0, 0.0
2025/08/01 9:16:43, 362.63, 83.39, 9.49, 68.27, 10.38, 10.43, 10.48, 0.0, 0.0
2025/08/01 9:21:43, 362.63, 83.39, 9.66, 67.92, 10.50, 10.57, 10.59, 0.0, 0.0
2025/08/01 9:26:43, 362.63, 83.39, 9.84, 67.54, 10.64, 10.68, 10.73, 0.0, 0.0
2025/08/01 9:31:43, 362.63, 83.39, 10.00, 67.15, 10.78, 10.82, 10.87, 0.0, 0.0
2025/08/01 9:36:43, 362.63, 83.39, 10.17, 66.84, 10.93, 10.98, 11.03, 0.0, 0.0
2025/08/01 9:41:43, 362.54, 83.42, 10.34, 66.53, 11.05, 11.12, 11.14, 0.0, 0.0
2025/08/01 9:46:43, 362.54, 83.39, 10.52, 66.22, 11.22, 11.26, 11.31, 0.0, 0.0
2025/08/01 9:51:43, 362.63, 83.42, 10.68, 65.91, 11.40, 11.45, 11.50, 0.0, 0.0
2025/08/01 9:56:43, 362.54, 83.42, 10.84, 65.63, 11.54, 11.59, 11.63, 0.0, 0.0
2025/08/01 10:01:43, 362.54, 83.42, 11.00, 65.43, 11.68, 11.73, 11.77, 0.0, 0.0
2025/08/01 10:06:43, 362.54, 83.45, 11.12, 65.30, 11.77, 11.84, 11.86, 0.0, 0.0
2025/08/01 10:11:43, 362.54, 83.42, 11.26, 65.09, 11.88, 11.91, 11.98, 0.0, 0.0
2025/08/01 10:16:43, 362.54, 83.42, 11.40, 64.89, 11.95, 12.00, 12.04, 0.0, 0.0
2025/08/01 10:21:43, 362.36, 83.45, 11.54, 64.72, 12.04, 12.09, 12.14, 0.0, 0.0
2025/08/01 10:26:43, 362.45, 83.45, 11.63, 64.58, 12.09, 12.14, 12.16, 0.0, 0.0
2025/08/01 10:31:43, 362.63, 83.45, 11.73, 64.52, 12.14, 12.16, 12.21, 0.0, 0.0
2025/08/01 10:36:43, 362.63, 83.45, 11.77, 64.57, 12.18, 12.21, 12.23, 0.0, 0.0
2025/08/01 10:41:43, 362.63, 83.45, 11.84, 64.54, 12.25, 12.30, 12.32, 0.0, 0.0
2025/08/01 10:46:43, 362.71, 83.45, 11.98, 64.33, 12.37, 12.42, 12.44, 0.0, 0.0
2025/08/01 10:51:43, 362.80, 83.48, 12.11, 64.13, 12.51, 12.55, 12.60, 0.0, 0.0
2025/08/01 10:56:43, 362.63, 83.45, 12.18, 64.02, 12.62, 12.65, 12.69, 0.0, 0.0
2025/08/01 11:01:43, 362.80, 83.48, 12.28, 64.00, 12.71, 12.76, 12.78, 0.0, 0.0
2025/08/01 11:06:43, 362.63, 83.48, 12.35, 63.93, 12.80, 12.85, 12.87, 0.0, 0.0
2025/08/01 11:11:43, 362.63, 83.45, 12.42, 63.98, 12.87, 12.89, 12.94, 0.0, 0.0
2025/08/01 11:16:43, 362.63, 83.48, 12.44, 64.06, 12.89, 12.92, 12.96, 0.0, 0.0
2025/08/01 11:21:43, 362.63, 83.48, 12.46, 64.17, 12.96, 12.96, 13.00, 0.0, 0.0
2025/08/01 11:26:43, 362.54, 83.48, 12.49, 64.22, 13.00, 13.03, 13.05, 0.0, 0.0
2025/08/01 11:31:43, 362.54, 83.48, 12.51, 64.29, 13.05, 13.07, 13.12, 0.0, 0.0
2025/08/01 11:36:43, 362.54, 83.48, 12.55, 64.34, 13.07, 13.12, 13.14, 0.0, 0.0
2025/08/01 11:41:43, 362.54, 83.45, 12.58, 64.38, 13.12, 13.14, 13.19, 0.0, 0.0
2025/08/01 11:46:43, 362.54, 83.48, 12.60, 64.42, 13.14, 13.17, 13.21, 0.0, 0.0
2025/08/01 11:51:43, 362.54, 83.48, 12.65, 64.46, 13.17, 13.19, 13.24, 0.0, 0.0
2025/08/01 11:56:43, 362.54, 83.48, 12.69, 64.47, 13.21, 13.24, 13.26, 0.0, 0.0
2025/08/01 12:01:43, 362.54, 83.51, 12.74, 64.44, 13.26, 13.31, 13.33, 0.0, 0.0
2025/08/01 12:06:43, 362.54, 83.48, 12.80, 64.41, 13.33, 13.38, 13.42, 0.0, 0.0
2025/08/01 12:11:43, 362.54, 83.48, 12.87, 64.34, 13.42, 13.42, 13.49, 0.0, 0.0
2025/08/01 12:16:43, 362.54, 83.51, 12.96, 64.20, 13.51, 13.53, 13.56, 0.0, 0.0
2025/08/01 12:21:43, 362.54, 83.48, 13.05, 64.07, 13.60, 13.63, 13.67, 0.0, 0.0
2025/08/01 12:26:43, 362.54, 83.51, 13.10, 64.04, 13.63, 13.65, 13.67, 0.0, 0.0
2025/08/01 12:31:43, 362.54, 83.51, 13.17, 64.01, 13.67, 13.69, 13.72, 0.0, 0.0
2025/08/01 12:36:43, 362.54, 83.51, 13.24, 63.98, 13.74, 13.76, 13.78, 0.0, 0.0
2025/08/01 12:41:43, 362.45, 83.51, 13.33, 63.88, 13.81, 13.83, 13.87, 0.0, 0.0
2025/08/01 12:46:43, 362.45, 83.51, 13.42, 63.74, 13.92, 13.92, 13.96, 0.0, 0.0
2025/08/01 12:51:43, 362.45, 83.51, 13.51, 63.72, 13.98, 13.98, 14.01, 0.0, 0.0
2025/08/01 12:56:43, 667.59, 83.54, 13.63, 68.90, 14.12, 14.12, 14.14, 0.0, 0.0
2025/08/01 13:01:43, 668.38, 83.57, 13.72, 69.63, 14.33, 14.31, 14.35, 0.0, 0.0
2025/08/01 13:06:43, 668.38, 83.54, 13.78, 69.19, 14.44, 14.42, 14.47, 0.0, 0.0
2025/08/01 13:11:43, 668.38, 83.57, 13.85, 69.27, 14.53, 14.51, 14.56, 0.0, 0.0
2025/08/01 13:16:43, 668.47, 83.57, 13.94, 69.13, 14.60, 14.60, 14.62, 0.0, 0.0
2025/08/01 13:21:43, 668.38, 83.57, 13.98, 69.33, 14.65, 14.62, 14.67, 0.0, 0.0
2025/08/01 13:26:43, 668.38, 83.57, 14.05, 69.45, 14.69, 14.67, 14.69, 0.0, 0.0
2025/08/01 13:31:43, 668.47, 83.57, 14.07, 69.57, 14.69, 14.69, 14.71, 0.0, 0.0
2025/08/01 13:36:43, 668.47, 83.57, 14.10, 69.87, 14.69, 14.69, 14.71, 0.0, 0.0
2025/08/01 13:41:43, 668.47, 83.57, 14.12, 70.06, 14.69, 14.67, 14.69, 0.0, 0.0
2025/08/01 13:46:43, 668.47, 83.61, 14.14, 70.03, 14.65, 14.62, 14.67, 0.0, 0.0
2025/08/01 13:51:43, 668.47, 83.57, 14.12, 70.25, 14.60, 14.60, 14.62, 0.0, 0.0
2025/08/01 13:56:43, 668.47, 83.57, 14.10, 70.39, 14.53, 14.51, 14.56, 0.0, 0.0
2025/08/01 14:01:43, 668.47, 83.57, 14.07, 70.24, 14.47, 14.44, 14.49, 0.0, 0.0
2025/08/01 14:06:43, 668.47, 83.61, 14.07, 70.84, 14.42, 14.42, 14.44, 0.0, 0.0
2025/08/01 14:11:43, 668.47, 83.61, 14.07, 72.26, 14.44, 14.42, 14.44, 0.0, 0.0
2025/08/01 14:16:43, 668.47, 83.57, 14.10, 72.61, 14.42, 14.42, 14.44, 0.0, 0.0
2025/08/01 14:21:43, 668.47, 83.61, 14.10, 72.68, 14.42, 14.42, 14.44, 0.0, 0.0
2025/08/01 14:26:43, 668.47, 83.61, 14.10, 72.98, 14.42, 14.40, 14.42, 0.0, 0.0
2025/08/01 14:31:43, 668.47, 83.64, 14.10, 72.91, 14.40, 14.35, 14.40, 0.0, 0.0
2025/08/01 14:36:43, 668.47, 83.64, 14.10, 73.21, 14.35, 14.33, 14.35, 0.0, 0.0
2025/08/01 14:41:43, 668.47, 83.67, 14.07, 73.65, 14.33, 14.33, 14.33, 0.0, 0.0
2025/08/01 14:46:43, 668.47, 83.64, 14.07, 73.31, 14.31, 14.28, 14.31, 0.0, 0.0
2025/08/01 14:51:43, 668.47, 83.67, 14.07, 73.35, 14.28, 14.24, 14.28, 0.0, 0.0
2025/08/01 14:56:43, 668.47, 83.67, 14.05, 71.32, 14.21, 14.19, 14.21, 0.0, 0.0
2025/08/01 15:01:43, 668.47, 83.70, 13.98, 70.94, 14.12, 14.10, 14.12, 0.0, 0.0
2025/08/01 15:06:43, 668.47, 83.70, 13.94, 70.41, 14.01, 14.01, 14.01, 0.0, 0.0
2025/08/01 15:11:43, 668.47, 83.70, 13.87, 71.07, 13.92, 13.89, 13.92, 0.0, 0.0
2025/08/01 15:16:43, 668.47, 83.70, 13.78, 71.32, 13.83, 13.81, 13.81, 0.0, 0.0
2025/08/01 15:21:43, 668.38, 83.73, 13.74, 72.48, 13.74, 13.72, 13.74, 0.0, 0.0
2025/08/01 15:26:43, 668.38, 83.67, 13.69, 72.09, 13.69, 13.65, 13.69, 0.0, 0.0
2025/08/01 15:31:43, 667.33, 83.67, 13.65, 73.51, 13.65, 13.65, 13.65, 0.0, 0.0
2025/08/01 15:36:43, 665.66, 83.67, 12.98, 62.52, 13.10, 13.28, 13.17, 0.0, 0.0
2025/08/01 15:41:43, 345.40, 83.64, 12.09, 62.00, 12.42, 12.30, 12.32, 0.0, 0.0
2025/08/01 15:46:43, 339.15, 83.54, 11.93, 66.68, 11.95, 12.00, 11.98, 0.0, 0.0
2025/08/01 15:51:43, 331.42, 83.54, 12.00, 67.96, 12.14, 11.86, 11.84, 0.0, 0.0
2025/08/01 15:56:43, 331.42, 83.64, 12.09, 68.38, 12.53, 12.28, 12.25, 0.0, 0.0
2025/08/01 16:01:43, 331.42, 83.64, 12.21, 68.29, 12.92, 12.69, 12.69, 0.0, 0.0
2025/08/01 16:06:43, 331.42, 83.57, 12.28, 68.26, 13.07, 12.89, 12.92, 0.0, 0.0
2025/08/01 16:11:43, 331.42, 83.57, 12.37, 68.42, 13.24, 13.05, 13.07, 0.0, 0.0
2025/08/01 16:16:43, 331.42, 83.61, 12.51, 68.40, 13.44, 13.24, 13.26, 0.0, 0.0
2025/08/01 16:21:43, 331.42, 83.64, 12.62, 68.38, 13.63, 13.42, 13.42, 0.0, 0.0
2025/08/01 16:26:43, 331.42, 83.61, 12.71, 68.28, 13.65, 13.47, 13.47, 0.0, 0.0
2025/08/01 16:31:43, 331.42, 83.61, 12.78, 68.29, 13.60, 13.42, 13.42, 0.0, 0.0
2025/08/01 16:36:43, 329.84, 83.61, 12.78, 66.95, 13.42, 13.24, 13.31, 0.0, 0.0
2025/08/01 16:41:43, 685.00, 83.61, 12.71, 69.93, 12.46, 12.32, 12.39, 0.0, 0.0
2025/08/01 16:46:43, 685.00, 83.61, 12.55, 73.53, 11.95, 11.84, 11.88, 0.0, 0.0
2025/08/01 16:51:43, 685.00, 83.64, 12.44, 76.28, 11.79, 11.68, 11.73, 0.0, 0.0
2025/08/01 16:56:43, 685.00, 83.61, 12.39, 78.06, 11.79, 11.68, 11.73, 0.0, 0.0
2025/08/01 17:01:43, 685.00, 83.64, 12.39, 79.22, 11.86, 11.75, 11.79, 0.0, 0.0
2025/08/01 17:06:43, 685.00, 83.64, 12.39, 79.93, 11.93, 11.84, 11.88, 0.0, 0.0
2025/08/01 17:11:43, 685.00, 83.64, 12.44, 80.46, 12.02, 11.95, 11.98, 0.0, 0.0
2025/08/01 17:16:43, 685.00, 83.61, 12.46, 80.80, 12.14, 12.04, 12.09, 0.0, 0.0
2025/08/01 17:21:43, 685.00, 83.61, 12.51, 81.11, 12.23, 12.14, 12.18, 0.0, 0.0
2025/08/01 17:26:43, 685.00, 83.61, 12.58, 81.27, 12.32, 12.25, 12.30, 0.0, 0.0
2025/08/01 17:31:43, 685.00, 83.61, 12.62, 81.35, 12.42, 12.35, 12.39, 0.0, 0.0
2025/08/01 17:36:43, 685.00, 83.64, 12.69, 81.36, 12.51, 12.44, 12.46, 0.0, 0.0
2025/08/01 17:41:43, 685.00, 83.64, 12.74, 81.30, 12.58, 12.51, 12.55, 0.0, 0.0
2025/08/01 17:46:43, 685.00, 83.64, 12.78, 81.15, 12.62, 12.58, 12.60, 0.0, 0.0
2025/08/01 17:51:43, 685.00, 83.64, 12.80, 81.12, 12.69, 12.62, 12.65, 0.0, 0.0
2025/08/01 17:56:43, 685.00, 83.64, 12.85, 81.13, 12.74, 12.67, 12.71, 0.0, 0.0
2025/08/01 18:01:43, 685.00, 83.64, 12.89, 81.14, 12.78, 12.71, 12.76, 0.0, 0.0
2025/08/01 18:06:43, 685.00, 83.64, 12.92, 81.10, 12.83, 12.78, 12.80, 0.0, 0.0
2025/08/01 18:11:43, 685.00, 83.64, 12.96, 81.07, 12.89, 12.85, 12.87, 0.0, 0.0
2025/08/01 18:16:43, 685.00, 83.61, 13.00, 80.89, 12.96, 12.89, 12.92, 0.0, 0.0
2025/08/01 18:21:43, 685.00, 83.64, 13.05, 80.79, 12.96, 12.92, 12.96, 0.0, 0.0
2025/08/01 18:26:43, 685.00, 83.64, 13.05, 80.68, 12.98, 12.94, 12.96, 0.0, 0.0
2025/08/01 18:31:43, 685.00, 83.64, 13.07, 80.61, 12.98, 12.94, 12.96, 0.0, 0.0
2025/08/01 18:36:43, 685.00, 83.64, 13.05, 80.53, 12.98, 12.96, 12.96, 0.0, 0.0
2025/08/01 18:41:43, 685.00, 83.64, 13.05, 80.38, 12.98, 12.96, 12.96, 0.0, 0.0
2025/08/01 18:46:43, 685.00, 83.61, 13.05, 80.38, 12.98, 12.94, 12.96, 0.0, 0.0
2025/08/01 18:51:43, 685.00, 83.64, 13.03, 80.26, 12.98, 12.94, 12.96, 0.0, 0.0
2025/08/01 18:56:43, 685.00, 83.64, 13.00, 80.11, 12.96, 12.89, 12.94, 0.0, 0.0
2025/08/01 19:01:43, 685.00, 83.61, 12.98, 80.10, 12.92, 12.87, 12.92, 0.0, 0.0
2025/08/01 19:06:43, 685.00, 83.64, 12.96, 80.14, 12.89, 12.87, 12.87, 0.0, 0.0
2025/08/01 19:11:43, 685.00, 83.64, 12.96, 80.25, 12.87, 12.83, 12.87, 0.0, 0.0
2025/08/01 19:16:43, 685.00, 83.61, 12.92, 80.21, 12.85, 12.80, 12.83, 0.0, 0.0
2025/08/01 19:21:43, 685.00, 83.64, 12.89, 80.20, 12.83, 12.80, 12.83, 0.0, 0.0
2025/08/01 19:26:43, 685.00, 83.61, 12.87, 80.16, 12.80, 12.78, 12.80, 0.0, 0.0
2025/08/01 19:31:43, 685.00, 83.64, 12.85, 80.12, 12.78, 12.76, 12.78, 0.0, 0.0
2025/08/01 19:36:43, 685.00, 83.64, 12.83, 80.08, 12.76, 12.74, 12.76, 0.0, 0.0
2025/08/01 19:41:43, 685.00, 83.64, 12.80, 80.07, 12.76, 12.71, 12.74, 0.0, 0.0
2025/08/01 19:46:43, 685.00, 83.61, 12.80, 80.15, 12.74, 12.71, 12.74, 0.0, 0.0
2025/08/01 19:51:43, 685.00, 83.64, 12.80, 80.11, 12.74, 12.71, 12.74, 0.0, 0.0
2025/08/01 19:56:43, 685.00, 83.64, 12.78, 80.07, 12.74, 12.71, 12.74, 0.0, 0.0
2025/08/01 20:01:43, 685.00, 83.64, 12.78, 79.96, 12.71, 12.69, 12.69, 0.0, 0.0
2025/08/01 20:06:43, 685.00, 83.64, 12.76, 79.96, 12.69, 12.65, 12.69, 0.0, 0.0
2025/08/01 20:11:43, 685.00, 83.64, 12.71, 79.87, 12.65, 12.60, 12.62, 0.0, 0.0
2025/08/01 20:16:43, 685.00, 83.64, 12.69, 79.87, 12.60, 12.55, 12.60, 0.0, 0.0
2025/08/01 20:21:43, 685.00, 83.64, 12.67, 79.90, 12.58, 12.55, 12.55, 0.0, 0.0
2025/08/01 20:26:43, 685.00, 83.64, 12.65, 80.05, 12.53, 12.53, 12.53, 0.0, 0.0
2025/08/01 20:31:43, 685.00, 83.64, 12.62, 80.23, 12.53, 12.51, 12.53, 0.0, 0.0
2025/08/01 20:36:43, 685.00, 83.64, 12.62, 80.23, 12.51, 12.51, 12.51, 0.0, 0.0
2025/08/01 20:41:43, 685.00, 83.64, 12.60, 80.15, 12.49, 12.46, 12.49, 0.0, 0.0
2025/08/01 20:46:43, 685.00, 83.64, 12.55, 80.03, 12.44, 12.42, 12.44, 0.0, 0.0
2025/08/01 20:51:43, 685.00, 83.64, 12.51, 79.95, 12.39, 12.37, 12.39, 0.0, 0.0
2025/08/01 20:56:43, 685.00, 83.64, 12.44, 79.90, 12.32, 12.30, 12.32, 0.0, 0.0
2025/08/01 21:01:43, 685.00, 83.67, 12.37, 79.93, 12.25, 12.23, 12.25, 0.0, 0.0
2025/08/01 21:06:43, 685.00, 83.64, 12.30, 79.95, 12.16, 12.14, 12.16, 0.0, 0.0
2025/08/01 21:11:43, 685.00, 83.64, 12.23, 79.98, 12.09, 12.04, 12.07, 0.0, 0.0
2025/08/01 21:16:43, 685.00, 83.67, 12.16, 80.04, 12.00, 11.98, 12.00, 0.0, 0.0
2025/08/01 21:21:43, 685.00, 83.64, 12.07, 80.14, 11.91, 11.88, 11.91, 0.0, 0.0
2025/08/01 21:26:43, 685.00, 83.67, 11.98, 80.20, 11.84, 11.79, 11.82, 0.0, 0.0
2025/08/01 21:31:43, 685.00, 83.64, 11.93, 80.30, 11.77, 11.75, 11.77, 0.0, 0.0
2025/08/01 21:36:43, 685.00, 83.64, 11.86, 80.33, 11.70, 11.66, 11.68, 0.0, 0.0
2025/08/01 21:41:43, 685.00, 83.64, 11.79, 80.39, 11.63, 11.59, 11.61, 0.0, 0.0
2025/08/01 21:46:43, 685.00, 83.64, 11.73, 80.45, 11.54, 11.52, 11.54, 0.0, 0.0
2025/08/01 21:51:43, 685.00, 83.64, 11.68, 80.00, 11.47, 11.45, 11.47, 0.0, 0.0
2025/08/01 21:56:43, 685.00, 83.61, 11.31, 74.49, 11.00, 11.07, 11.05, 0.0, 0.0
2025/08/01 22:01:43, 685.00, 83.61, 10.93, 75.10, 10.43, 10.50, 10.48, 0.0, 0.0
2025/08/01 22:06:43, 685.00, 83.61, 10.57, 74.42, 9.98, 10.05, 10.05, 0.0, 0.0
2025/08/01 22:11:43, 685.00, 83.61, 10.15, 71.23, 9.54, 9.64, 9.61, 0.0, 0.0
2025/08/01 22:16:43, 685.00, 83.61, 9.71, 69.45, 9.06, 9.14, 9.14, 0.0, 0.0
2025/08/01 22:21:43, 685.00, 83.61, 9.28, 73.73, 8.67, 8.74, 8.74, 0.0, 0.0
2025/08/01 22:26:43, 685.00, 83.61, 8.97, 76.24, 8.41, 8.45, 8.48, 0.0, 0.0
2025/08/01 22:31:43, 685.00, 83.61, 8.71, 79.50, 8.26, 8.31, 8.31, 0.0, 0.0
2025/08/01 22:36:43, 685.00, 83.61, 8.55, 81.37, 8.19, 8.19, 8.21, 0.0, 0.0
2025/08/01 22:41:43, 685.00, 83.61, 8.41, 82.53, 8.12, 8.12, 8.14, 0.0, 0.0
2025/08/01 22:46:43, 685.00, 83.61, 8.29, 83.06, 8.04, 8.04, 8.07, 0.0, 0.0
2025/08/01 22:51:43, 685.00, 83.61, 8.21, 83.46, 7.95, 7.95, 7.97, 0.0, 0.0
2025/08/01 22:56:43, 685.00, 83.61, 8.12, 83.63, 7.88, 7.88, 7.88, 0.0, 0.0
2025/08/01 23:01:43, 685.00, 83.61, 8.02, 83.65, 7.79, 7.79, 7.79, 0.0, 0.0
2025/08/01 23:06:43, 685.00, 83.64, 7.93, 83.56, 7.69, 7.69, 7.71, 0.0, 0.0
2025/08/01 23:11:43, 685.00, 83.61, 7.83, 83.46, 7.60, 7.60, 7.64, 0.0, 0.0
2025/08/01 23:16:43, 685.00, 83.64, 7.74, 83.37, 7.52, 7.52, 7.55, 0.0, 0.0
2025/08/01 23:21:43, 685.00, 83.64, 7.67, 83.21, 7.43, 7.45, 7.45, 0.0, 0.0
2025/08/01 23:26:43, 685.00, 83.64, 7.57, 83.09, 7.35, 7.35, 7.35, 0.0, 0.0
2025/08/01 23:31:43, 685.00, 83.64, 7.50, 82.93, 7.28, 7.26, 7.31, 0.0, 0.0
2025/08/01 23:36:43, 685.00, 83.61, 7.40, 82.69, 7.18, 7.18, 7.21, 0.0, 0.0
2025/08/01 23:41:43, 685.00, 83.64, 7.33, 82.45, 7.11, 7.14, 7.14, 0.0, 0.0
2025/08/01 23:46:43, 685.00, 83.64, 7.23, 82.21, 7.04, 7.04, 7.06, 0.0, 0.0
2025/08/01 23:51:43, 685.00, 83.64, 7.16, 81.98, 6.96, 6.96, 6.99, 0.0, 0.0
2025/08/01 23:56:43, 685.00, 83.64, 7.09, 81.78, 6.89, 6.89, 6.89, 0.0, 0.0
2025/08/02 0:01:43, 685.00, 83.64, 7.01, 81.62, 6.82, 6.82, 6.85, 0.0, 0.0
2025/08/02 0:06:43, 685.00, 83.64, 6.96, 81.61, 6.77, 6.77, 6.77, 0.0, 0.0
2025/08/02 0:11:43, 685.00, 83.64, 6.92, 81.68, 6.73, 6.75, 6.77, 0.0, 0.0
2025/08/02 0:16:43, 685.00, 83.64, 6.87, 81.60, 6.70, 6.70, 6.73, 0.0, 0.0
2025/08/02 0:21:43, 685.00, 83.61, 6.82, 81.48, 6.63, 6.65, 6.68, 0.0, 0.0
2025/08/02 0:26:43, 685.00, 83.64, 6.75, 81.32, 6.58, 6.58, 6.61, 0.0, 0.0
2025/08/02 0:31:43, 685.00, 83.61, 6.68, 81.23, 6.48, 6.51, 6.53, 0.0, 0.0
2025/08/02 0:36:43, 685.00, 83.64, 6.61, 81.15, 6.44, 6.44, 6.46, 0.0, 0.0
2025/08/02 0:41:43, 685.00, 83.64, 6.53, 81.06, 6.36, 6.36, 6.39, 0.0, 0.0
2025/08/02 0:46:43, 685.00, 83.64, 6.46, 81.01, 6.29, 6.29, 6.31, 0.0, 0.0
2025/08/02 0:51:43, 685.00, 83.64, 6.39, 81.00, 6.21, 6.24, 6.24, 0.0, 0.0
2025/08/02 0:56:43, 685.00, 83.64, 6.31, 80.95, 6.14, 6.16, 6.19, 0.0, 0.0
2025/08/02 1:01:43, 685.00, 83.64, 6.26, 80.94, 6.09, 6.09, 6.11, 0.0, 0.0
2025/08/02 1:06:43, 685.00, 83.64, 6.19, 80.93, 6.04, 6.04, 6.04, 0.0, 0.0
2025/08/02 1:11:43, 685.00, 83.64, 6.11, 80.92, 5.97, 5.99, 5.99, 0.0, 0.0
2025/08/02 1:16:43, 685.00, 83.61, 6.06, 80.95, 5.92, 5.92, 5.94, 0.0, 0.0
2025/08/02 1:21:43, 685.00, 83.61, 6.01, 80.94, 5.87, 5.87, 5.89, 0.0, 0.0
2025/08/02 1:26:43, 685.00, 83.64, 5.94, 80.93, 5.82, 5.82, 5.85, 0.0, 0.0
2025/08/02 1:31:43, 685.00, 83.61, 5.89, 80.95, 5.80, 5.77, 5.80, 0.0, 0.0
2025/08/02 1:36:43, 685.00, 83.64, 5.85, 80.95, 5.73, 5.73, 5.75, 0.0, 0.0
2025/08/02 1:41:43, 685.00, 83.64, 5.82, 80.94, 5.70, 5.70, 5.73, 0.0, 0.0
2025/08/02 1:46:43, 685.00, 83.64, 5.77, 80.90, 5.65, 5.65, 5.68, 0.0, 0.0
2025/08/02 1:51:43, 685.00, 83.64, 5.73, 80.89, 5.60, 5.60, 5.65, 0.0, 0.0
2025/08/02 1:56:43, 685.00, 83.61, 5.70, 80.89, 5.58, 5.60, 5.60, 0.0, 0.0
2025/08/02 2:01:43, 685.00, 83.64, 5.65, 80.88, 5.55, 5.55, 5.58, 0.0, 0.0
2025/08/02 2:06:43, 685.00, 83.61, 5.60, 80.83, 5.53, 5.53, 5.55, 0.0, 0.0
2025/08/02 2:11:43, 685.00, 83.64, 5.58, 80.83, 5.51, 5.48, 5.51, 0.0, 0.0
2025/08/02 2:16:43, 685.00, 83.64, 5.55, 80.82, 5.46, 5.46, 5.48, 0.0, 0.0
2025/08/02 2:21:43, 685.00, 83.64, 5.51, 80.82, 5.43, 5.43, 5.46, 0.0, 0.0
2025/08/02 2:26:43, 685.00, 83.64, 5.48, 80.81, 5.41, 5.41, 5.43, 0.0, 0.0
2025/08/02 2:31:43, 685.00, 83.61, 5.43, 80.77, 5.38, 5.36, 5.41, 0.0, 0.0
2025/08/02 2:36:43, 685.00, 83.61, 5.41, 80.76, 5.33, 5.33, 5.36, 0.0, 0.0
2025/08/02 2:41:43, 685.00, 83.61, 5.38, 80.76, 5.31, 5.31, 5.33, 0.0, 0.0
2025/08/02 2:46:43, 685.00, 83.64, 5.33, 80.71, 5.28, 5.28, 5.31, 0.0, 0.0
2025/08/02 2:51:43, 685.00, 83.61, 5.31, 80.71, 5.26, 5.26, 5.28, 0.0, 0.0
2025/08/02 2:56:43, 685.00, 83.64, 5.28, 80.70, 5.23, 5.21, 5.26, 0.0, 0.0
2025/08/02 3:01:43, 685.00, 83.61, 5.26, 80.70, 5.21, 5.21, 5.21, 0.0, 0.0
2025/08/02 3:06:43, 685.00, 83.61, 5.21, 80.66, 5.16, 5.16, 5.21, 0.0, 0.0
2025/08/02 3:11:43, 685.00, 83.64, 5.18, 80.65, 5.13, 5.13, 5.16, 0.0, 0.0
2025/08/02 3:16:43, 685.00, 83.61, 5.16, 80.61, 5.10, 5.10, 5.13, 0.0, 0.0
2025/08/02 3:21:43, 685.00, 83.61, 5.13, 80.61, 5.08, 5.08, 5.10, 0.0, 0.0
2025/08/02 3:26:43, 685.00, 83.61, 5.10, 80.60, 5.05, 5.05, 5.08, 0.0, 0.0
2025/08/02 3:31:43, 685.00, 83.61, 5.05, 80.59, 5.03, 5.00, 5.03, 0.0, 0.0
2025/08/02 3:36:43, 685.00, 83.61, 5.03, 80.55, 4.98, 4.98, 5.00, 0.0, 0.0
2025/08/02 3:41:43, 685.00, 83.61, 5.00, 80.51, 4.95, 4.93, 4.98, 0.0, 0.0
2025/08/02 3:46:43, 685.00, 83.57, 4.95, 80.50, 4.91, 4.91, 4.93, 0.0, 0.0
2025/08/02 3:51:43, 685.00, 83.57, 4.91, 80.46, 4.86, 4.86, 4.91, 0.0, 0.0
2025/08/02 3:56:43, 685.00, 83.57, 4.86, 80.45, 4.81, 4.81, 4.83, 0.0, 0.0
2025/08/02 4:01:43, 685.00, 83.61, 4.83, 80.45, 4.78, 4.78, 4.81, 0.0, 0.0
2025/08/02 4:06:43, 685.00, 83.61, 4.78, 80.44, 4.73, 4.73, 4.76, 0.0, 0.0
2025/08/02 4:11:43, 685.00, 83.61, 4.73, 80.43, 4.69, 4.69, 4.71, 0.0, 0.0
2025/08/02 4:16:43, 685.00, 83.61, 4.71, 80.43, 4.64, 4.66, 4.69, 0.0, 0.0
2025/08/02 4:21:43, 685.00, 83.61, 4.66, 80.42, 4.61, 4.61, 4.64, 0.0, 0.0
2025/08/02 4:26:43, 685.00, 83.57, 4.61, 80.45, 4.56, 4.59, 4.61, 0.0, 0.0
2025/08/02 4:31:43, 685.00, 83.57, 4.61, 80.45, 4.54, 4.54, 4.56, 0.0, 0.0
2025/08/02 4:36:43, 685.00, 83.61, 4.56, 80.47, 4.51, 4.51, 4.54, 0.0, 0.0
2025/08/02 4:41:43, 685.00, 83.57, 4.54, 80.51, 4.49, 4.49, 4.51, 0.0, 0.0
2025/08/02 4:46:43, 685.00, 83.57, 4.51, 80.50, 4.46, 4.46, 4.49, 0.0, 0.0
2025/08/02 4:51:43, 685.00, 83.57, 4.49, 80.54, 4.44, 4.44, 4.46, 0.0, 0.0
2025/08/02 4:56:43, 685.00, 83.57, 4.46, 80.49, 4.41, 4.41, 4.44, 0.0, 0.0
2025/08/02 5:01:43, 685.00, 83.57, 4.41, 80.52, 4.41, 4.41, 4.41, 0.0, 0.0
2025/08/02 5:06:43, 685.00, 83.57, 4.41, 80.56, 4.39, 4.36, 4.41, 0.0, 0.0
2025/08/02 5:11:43, 685.00, 83.57, 4.39, 80.52, 4.36, 4.36, 4.39, 0.0, 0.0
2025/08/02 5:16:43, 685.00, 83.57, 4.36, 80.55, 4.33, 4.33, 4.36, 0.0, 0.0
2025/08/02 5:21:43, 685.00, 83.54, 4.33, 80.55, 4.33, 4.31, 4.36, 0.0, 0.0
2025/08/02 5:26:43, 685.00, 83.54, 4.33, 80.55, 4.31, 4.31, 4.33, 0.0, 0.0
2025/08/02 5:31:43, 685.00, 83.57, 4.31, 80.54, 4.31, 4.31, 4.31, 0.0, 0.0
2025/08/02 5:36:43, 685.00, 83.57, 4.31, 80.54, 4.28, 4.28, 4.31, 0.0, 0.0
2025/08/02 5:41:43, 685.00, 83.57, 4.28, 80.54, 4.28, 4.28, 4.31, 0.0, 0.0
2025/08/02 5:46:43, 685.00, 83.54, 4.26, 80.53, 4.26, 4.26, 4.31, 0.0, 0.0
2025/08/02 5:51:43, 685.00, 83.57, 4.26, 80.53, 4.26, 4.26, 4.31, 0.0, 0.0
2025/08/02 5:56:43, 685.00, 83.54, 4.26, 80.53, 4.26, 4.26, 4.28, 0.0, 0.0
2025/08/02 6:01:43, 685.00, 83.57, 4.23, 80.53, 4.26, 4.26, 4.28, 0.0, 0.0
2025/08/02 6:06:43, 685.00, 83.57, 4.23, 80.49, 4.26, 4.26, 4.28, 0.0, 0.0
2025/08/02 6:11:43, 685.00, 83.54, 4.23, 80.49, 4.26, 4.23, 4.26, 0.0, 0.0
2025/08/02 6:16:43, 685.00, 83.54, 4.21, 80.45, 4.23, 4.23, 4.26, 0.0, 0.0
2025/08/02 6:21:43, 685.00, 83.57, 4.21, 80.45, 4.23, 4.23, 4.26, 0.0, 0.0
2025/08/02 6:26:43, 685.00, 83.57, 4.21, 80.45, 4.23, 4.23, 4.26, 0.0, 0.0
2025/08/02 6:31:43, 685.00, 83.54, 4.21, 80.45, 4.23, 4.21, 4.26, 0.0, 0.0
2025/08/02 6:36:43, 685.00, 83.57, 4.21, 80.42, 4.23, 4.21, 4.23, 0.0, 0.0
2025/08/02 6:41:43, 685.00, 83.57, 4.18, 80.37, 4.21, 4.21, 4.26, 0.0, 0.0
2025/08/02 6:46:43, 685.00, 83.57, 4.21, 80.38, 4.23, 4.21, 4.23, 0.0, 0.0
2025/08/02 6:51:43, 685.00, 83.57, 4.18, 80.34, 4.21, 4.21, 4.26, 0.0, 0.0
2025/08/02 6:56:43, 685.00, 83.54, 4.18, 80.30, 4.23, 4.21, 4.26, 0.0, 0.0
2025/08/02 7:01:43, 685.00, 83.57, 4.18, 80.30, 4.23, 4.23, 4.26, 0.0, 0.0
2025/08/02 7:06:43, 685.00, 83.57, 4.18, 80.30, 4.23, 4.23, 4.26, 0.0, 0.0
2025/08/02 7:11:43, 685.00, 83.57, 4.21, 80.27, 4.23, 4.23, 4.26, 0.0, 0.0
2025/08/02 7:16:43, 685.00, 83.57, 4.18, 80.23, 4.23, 4.23, 4.26, 0.0, 0.0
2025/08/02 7:21:43, 685.00, 83.57, 4.21, 80.23, 4.23, 4.23, 4.26, 0.0, 0.0
2025/08/02 7:26:43, 685.00, 83.57, 4.21, 80.20, 4.26, 4.26, 4.31, 0.0, 0.0
2025/08/02 7:31:43, 685.00, 83.57, 4.21, 80.16, 4.26, 4.26, 4.31, 0.0, 0.0
2025/08/02 7:36:43, 685.00, 83.57, 4.21, 80.16, 4.28, 4.28, 4.31, 0.0, 0.0
2025/08/02 7:41:43, 685.00, 83.57, 4.23, 80.16, 4.31, 4.31, 4.31, 0.0, 0.0
2025/08/02 7:46:43, 685.00, 83.54, 4.23, 80.16, 4.31, 4.31, 4.36, 0.0, 0.0
2025/08/02 7:51:43, 685.00, 83.54, 4.26, 80.17, 4.33, 4.33, 4.36, 0.0, 0.0
2025/08/02 7:56:43, 685.00, 83.57, 4.28, 80.21, 4.36, 4.36, 4.39, 0.0, 0.0
2025/08/02 8:01:43, 685.00, 83.57, 4.31, 80.25, 4.39, 4.36, 4.41, 0.0, 0.0
2025/08/02 8:06:43, 685.00, 83.57, 4.31, 80.25, 4.41, 4.41, 4.41, 0.0, 0.0
2025/08/02 8:11:43, 685.00, 83.57, 4.33, 80.29, 4.41, 4.41, 4.46, 0.0, 0.0
2025/08/02 8:16:43, 685.00, 83.57, 4.36, 80.33, 4.46, 4.46, 4.49, 0.0, 0.0
2025/08/02 8:21:43, 685.00, 83.57, 4.41, 80.49, 4.54, 4.54, 4.56, 0.0, 0.0
2025/08/02 8:26:43, 685.00, 83.57, 4.46, 80.71, 4.61, 4.61, 4.64, 0.0, 0.0
2025/08/02 8:31:43, 685.00, 83.57, 4.54, 80.84, 4.71, 4.71, 4.73, 0.0, 0.0
2025/08/02 8:36:43, 685.00, 83.57, 4.61, 80.81, 4.78, 4.78, 4.81, 0.0, 0.0
2025/08/02 8:41:43, 685.00, 83.57, 4.69, 80.75, 4.86, 4.86, 4.88, 0.0, 0.0
2025/08/02 8:46:43, 685.00, 83.57, 4.76, 80.76, 4.93, 4.91, 4.95, 0.0, 0.0
2025/08/02 8:51:43, 685.00, 83.61, 4.83, 80.74, 5.00, 5.00, 5.03, 0.0, 0.0
2025/08/02 8:56:43, 685.00, 83.57, 4.91, 80.72, 5.08, 5.08, 5.10, 0.0, 0.0
2025/08/02 9:01:43, 685.00, 83.57, 4.95, 80.72, 5.18, 5.16, 5.21, 0.0, 0.0
2025/08/02 9:06:43, 685.00, 83.57, 5.05, 80.70, 5.26, 5.26, 5.28, 0.0, 0.0
2025/08/02 9:11:43, 685.00, 83.54, 5.13, 80.72, 5.36, 5.33, 5.36, 0.0, 0.0
2025/08/02 9:16:43, 685.00, 83.57, 5.21, 80.69, 5.43, 5.43, 5.46, 0.0, 0.0
2025/08/02 9:21:43, 685.00, 83.57, 5.28, 80.63, 5.51, 5.51, 5.53, 0.0, 0.0
2025/08/02 9:26:43, 685.00, 83.57, 5.36, 80.61, 5.60, 5.60, 5.63, 0.0, 0.0
2025/08/02 9:31:43, 685.00, 83.57, 5.46, 80.59, 5.70, 5.68, 5.70, 0.0, 0.0
2025/08/02 9:36:43, 685.00, 83.57, 5.53, 80.60, 5.80, 5.77, 5.80, 0.0, 0.0
2025/08/02 9:41:43, 685.00, 83.57, 5.63, 80.62, 5.89, 5.87, 5.89, 0.0, 0.0
2025/08/02 9:46:43, 685.00, 83.57, 5.73, 80.63, 5.99, 5.99, 6.01, 0.0, 0.0
2025/08/02 9:51:43, 685.00, 83.57, 5.85, 80.69, 6.11, 6.11, 6.14, 0.0, 0.0
2025/08/02 9:56:43, 685.00, 83.57, 5.97, 80.78, 6.26, 6.24, 6.29, 0.0, 0.0
2025/08/02 10:01:43, 685.00, 83.57, 6.09, 80.77, 6.41, 6.41, 6.44, 0.0, 0.0
2025/08/02 10:06:43, 685.00, 83.67, 6.24, 80.57, 6.53, 6.53, 6.58, 0.0, 0.0
2025/08/02 10:11:43, 685.00, 83.61, 6.36, 80.33, 6.65, 6.63, 6.68, 0.0, 0.0
2025/08/02 10:16:43, 685.00, 83.61, 6.44, 80.12, 6.75, 6.75, 6.77, 0.0, 0.0
2025/08/02 10:21:43, 685.00, 83.57, 6.87, 81.16, 7.48, 7.31, 7.40, 0.0, 0.0
2025/08/02 10:26:43, 685.00, 83.61, 8.07, 81.43, 9.26, 8.97, 9.11, 0.0, 0.0
2025/08/02 10:31:43, 685.00, 83.64, 9.73, 80.90, 11.63, 11.26, 11.45, 0.0, 0.0
2025/08/02 10:36:43, 685.00, 83.67, 11.54, 78.37, 13.85, 13.51, 13.67, 0.0, 0.0
2025/08/02 10:41:43, 685.00, 83.70, 13.26, 74.76, 15.62, 15.26, 15.41, 0.0, 0.0
2025/08/02 10:46:43, 685.00, 83.73, 14.83, 69.79, 16.78, 16.47, 16.58, 0.0, 0.0
2025/08/02 10:51:43, 685.00, 83.73, 16.20, 66.04, 17.64, 17.39, 17.48, 0.0, 0.0
2025/08/02 10:56:43, 685.00, 83.70, 17.41, 63.19, 18.42, 18.17, 18.26, 0.0, 0.0
2025/08/02 11:01:43, 685.00, 83.70, 18.58, 60.73, 19.38, 19.15, 19.22, 0.0, 0.0
2025/08/02 11:06:43, 685.00, 83.67, 19.54, 58.47, 20.25, 20.02, 20.09, 0.0, 0.0
2025/08/02 11:11:43, 685.00, 83.70, 20.46, 56.45, 21.17, 20.97, 21.04, 0.0, 0.0
2025/08/02 11:16:43, 685.00, 83.79, 21.31, 54.42, 21.96, 21.78, 21.82, 0.0, 0.0
2025/08/02 11:21:43, 685.00, 83.79, 21.98, 52.18, 22.39, 22.25, 22.30, 0.0, 0.0
2025/08/02 11:26:43, 685.00, 83.76, 22.52, 50.10, 22.81, 22.70, 22.72, 0.0, 0.0
2025/08/02 11:31:43, 685.00, 83.76, 23.19, 48.91, 23.53, 23.38, 23.40, 0.0, 0.0
2025/08/02 11:36:43, 685.00, 83.76, 24.12, 48.09, 24.75, 24.55, 24.60, 0.0, 0.0
2025/08/02 11:41:43, 684.91, 83.79, 24.66, 45.00, 24.66, 25.14, 24.98, 0.0, 0.0
2025/08/02 11:46:43, 685.00, 83.79, 24.78, 46.81, 24.02, 24.35, 24.18, 0.0, 0.0
2025/08/02 11:51:43, 685.00, 83.67, 23.58, 48.91, 22.86, 23.17, 23.08, 0.0, 0.0
2025/08/02 11:56:43, 685.00, 81.08, 22.41, 50.93, 22.00, 22.27, 22.16, 0.0, 0.0
2025/08/02 12:01:43, 684.91, 81.33, 21.42, 53.22, 21.22, 21.42, 21.35, 0.0, 0.0
2025/08/02 12:06:43, 684.21, 82.73, 20.52, 55.17, 20.43, 20.57, 20.57, 0.0, 0.0
2025/08/02 12:11:43, 683.86, 85.57, 19.67, 56.66, 19.69, 19.80, 19.78, 0.0, 0.0
2025/08/02 12:16:43, 683.59, 88.66, 18.91, 58.77, 19.02, 19.11, 19.09, 0.0, 0.0
2025/08/02 12:21:43, 680.08, 96.46, 18.24, 61.86, 18.49, 18.53, 18.51, 0.0, 0.0
2025/08/02 12:26:43, 680.78, 98.84, 17.64, 63.67, 18.10, 18.13, 18.13, 0.0, 0.0
2025/08/02 12:31:43, 680.78, 100.55, 17.21, 65.76, 17.84, 17.81, 17.79, 0.0, 0.0
2025/08/02 12:36:43, 681.92, 101.24, 17.12, 67.22, 17.73, 17.68, 17.68, 0.0, 0.0
2025/08/02 12:41:43, 676.03, 101.64, 17.21, 70.41, 17.77, 17.66, 17.66, 0.0, 0.0
2025/08/02 12:46:43, 675.07, 101.96, 17.21, 71.27, 17.77, 17.68, 17.70, 0.0, 0.0
2025/08/02 12:51:43, 674.10, 102.21, 17.21, 72.18, 17.81, 17.73, 17.73, 0.0, 0.0
2025/08/02 12:56:43, 673.75, 102.33, 17.21, 73.12, 17.84, 17.75, 17.77, 0.0, 0.0
2025/08/02 13:01:43, 673.66, 102.36, 17.21, 73.77, 17.86, 17.77, 17.79, 0.0, 0.0
2025/08/02 13:06:43, 673.48, 102.33, 17.21, 74.37, 17.84, 17.79, 17.79, 0.0, 0.0
2025/08/02 13:11:43, 673.31, 102.36, 17.23, 74.83, 17.86, 17.79, 17.79, 0.0, 0.0
2025/08/02 13:16:43, 672.87, 102.24, 17.23, 75.47, 17.86, 17.81, 17.81, 0.0, 0.0
2025/08/02 13:21:43, 672.16, 102.02, 17.26, 76.19, 17.92, 17.86, 17.86, 0.0, 0.0
2025/08/02 13:26:43, 671.99, 101.80, 17.32, 77.22, 17.97, 17.92, 17.92, 0.0, 0.0
2025/08/02 13:31:43, 685.00, 101.74, 17.39, 77.99, 18.10, 18.04, 18.08, 0.0, 0.0
2025/08/02 13:36:43, 679.02, 101.86, 19.22, 81.93, 19.67, 19.36, 19.36, 0.0, 0.0
2025/08/02 13:41:43, 681.13, 101.80, 20.57, 74.45, 20.34, 20.12, 20.09, 0.0, 0.0
2025/08/02 13:46:43, 681.13, 101.74, 20.70, 73.18, 20.34, 20.18, 20.14, 0.0, 0.0
2025/08/02 13:51:43, 681.13, 101.74, 20.64, 73.28, 20.32, 20.18, 20.16, 0.0, 0.0
2025/08/02 13:56:43, 681.13, 101.74, 20.52, 73.64, 20.34, 20.21, 20.18, 0.0, 0.0
2025/08/02 14:01:43, 681.13, 101.77, 20.43, 74.05, 20.34, 20.23, 20.21, 0.0, 0.0
2025/08/02 14:06:43, 681.13, 101.77, 20.39, 74.42, 20.34, 20.25, 20.25, 0.0, 0.0
2025/08/02 14:11:43, 681.13, 101.74, 20.34, 74.75, 20.34, 20.28, 20.25, 0.0, 0.0
2025/08/02 14:16:43, 681.13, 101.74, 20.32, 75.02, 20.37, 20.28, 20.30, 0.0, 0.0
2025/08/02 14:21:43, 681.13, 101.74, 20.30, 75.20, 20.37, 20.30, 20.32, 0.0, 0.0
2025/08/02 14:26:43, 681.13, 101.74, 20.28, 75.39, 20.37, 20.32, 20.32, 0.0, 0.0
2025/08/02 14:31:43, 681.13, 101.74, 20.28, 75.58, 20.39, 20.34, 20.34, 0.0, 0.0
2025/08/02 14:36:43, 681.13, 101.74, 20.28, 75.73, 20.39, 20.34, 20.37, 0.0, 0.0
2025/08/02 14:41:43, 681.13, 101.74, 20.28, 75.88, 20.43, 20.37, 20.39, 0.0, 0.0
2025/08/02 14:46:43, 681.13, 101.74, 20.30, 76.00, 20.43, 20.39, 20.39, 0.0, 0.0
2025/08/02 14:51:43, 681.13, 101.74, 20.32, 76.08, 20.43, 20.41, 20.43, 0.0, 0.0
2025/08/02 14:56:43, 681.13, 101.74, 20.34, 76.20, 20.46, 20.43, 20.43, 0.0, 0.0
2025/08/02 15:01:43, 681.13, 101.71, 20.34, 76.27, 20.46, 20.43, 20.46, 0.0, 0.0
2025/08/02 15:06:43, 681.13, 101.71, 20.34, 76.35, 20.48, 20.46, 20.46, 0.0, 0.0
2025/08/02 15:11:43, 681.13, 101.71, 20.37, 76.43, 20.48, 20.46, 20.48, 0.0, 0.0
2025/08/02 15:16:43, 681.13, 101.71, 20.37, 76.51, 20.50, 20.48, 20.48, 0.0, 0.0
2025/08/02 15:21:43, 681.13, 101.68, 20.39, 76.62, 20.50, 20.48, 20.50, 0.0, 0.0
2025/08/02 15:26:43, 681.13, 101.71, 20.39, 76.66, 20.52, 20.50, 20.52, 0.0, 0.0
2025/08/02 15:31:43, 681.13, 101.71, 20.41, 76.70, 20.52, 20.52, 20.52, 0.0, 0.0
2025/08/02 15:36:43, 681.13, 101.71, 20.43, 76.74, 20.55, 20.52, 20.55, 0.0, 0.0
2025/08/02 15:41:43, 681.04, 101.71, 20.43, 76.78, 20.55, 20.52, 20.55, 0.0, 0.0
2025/08/02 15:46:43, 681.13, 101.71, 20.43, 76.82, 20.55, 20.55, 20.57, 0.0, 0.0
2025/08/02 15:51:43, 681.13, 101.71, 20.46, 76.86, 20.57, 20.55, 20.57, 0.0, 0.0
2025/08/02 15:56:43, 681.13, 101.71, 20.46, 76.86, 20.57, 20.55, 20.57, 0.0, 0.0
2025/08/02 16:01:43, 681.13, 101.71, 20.48, 76.90, 20.57, 20.57, 20.59, 0.0, 0.0
2025/08/02 16:06:43, 681.13, 101.68, 20.48, 76.94, 20.59, 20.57, 20.61, 0.0, 0.0
2025/08/02 16:11:43, 681.13, 101.68, 20.50, 76.95, 20.61, 20.59, 20.61, 0.0, 0.0
2025/08/02 16:16:43, 681.13, 101.71, 20.52, 76.99, 20.61, 20.59, 20.61, 0.0, 0.0
2025/08/02 16:21:43, 681.04, 101.68, 20.52, 77.02, 20.61, 20.61, 20.64, 0.0, 0.0
2025/08/02 16:26:43, 681.13, 101.68, 20.52, 77.02, 20.61, 20.61, 20.64, 0.0, 0.0
2025/08/02 16:31:43, 681.04, 101.71, 20.52, 77.02, 20.64, 20.61, 20.64, 0.0, 0.0
2025/08/02 16:36:43, 681.04, 101.68, 20.55, 77.03, 20.64, 20.64, 20.66, 0.0, 0.0
2025/08/02 16:41:43, 681.13, 101.68, 20.55, 77.03, 20.64, 20.64, 20.66, 0.0, 0.0
2025/08/02 16:46:43, 325.09, 101.68, 20.55, 63.46, 20.70, 20.70, 20.73, 0.0, 0.0
2025/08/02 16:51:43, 325.09, 101.68, 20.55, 62.93, 20.77, 20.77, 20.79, 0.0, 0.0
2025/08/02 16:56:43, 325.09, 101.68, 20.57, 60.23, 20.79, 20.79, 20.81, 0.0, 0.0
2025/08/02 17:01:43, 325.09, 101.68, 20.52, 60.45, 20.88, 20.88, 20.92, 0.0, 0.0
2025/08/02 17:06:43, 325.09, 101.68, 20.48, 60.60, 20.86, 20.90, 20.92, 0.0, 0.0
2025/08/02 17:11:43, 325.09, 101.68, 20.43, 60.90, 20.84, 20.88, 20.90, 0.0, 0.0
2025/08/02 17:16:43, 325.09, 101.64, 20.43, 61.09, 20.81, 20.86, 20.88, 0.0, 0.0
2025/08/02 17:21:43, 325.09, 101.68, 20.43, 60.82, 20.81, 20.86, 20.88, 0.0, 0.0
2025/08/02 17:26:43, 325.09, 101.64, 20.46, 60.75, 20.84, 20.86, 20.88, 0.0, 0.0
2025/08/02 17:31:43, 325.09, 101.68, 20.43, 60.86, 20.81, 20.88, 20.90, 0.0, 0.0
2025/08/02 17:36:43, 325.09, 101.64, 20.43, 61.35, 20.81, 20.86, 20.88, 0.0, 0.0
2025/08/02 17:41:43, 325.09, 101.61, 20.43, 62.04, 20.79, 20.84, 20.86, 0.0, 0.0
2025/08/02 17:46:43, 325.09, 101.64, 20.41, 62.45, 20.79, 20.81, 20.84, 0.0, 0.0
2025/08/02 17:51:43, 327.73, 101.61, 20.39, 61.80, 20.79, 20.79, 20.84, 0.0, 0.0
2025/08/02 17:56:43, 327.64, 101.61, 20.41, 61.84, 20.77, 20.79, 20.81, 0.0, 0.0
2025/08/02 18:01:43, 327.64, 101.61, 20.43, 60.59, 20.77, 20.79, 20.81, 0.0, 0.0
2025/08/02 18:06:43, 327.02, 101.61, 20.41, 60.44, 20.77, 20.79, 20.81, 0.0, 0.0
2025/08/02 18:11:43, 327.20, 101.61, 20.43, 59.53, 20.79, 20.81, 20.84, 0.0, 0.0
2025/08/02 18:16:43, 327.02, 101.61, 20.46, 58.58, 20.79, 20.81, 20.84, 0.0, 0.0
2025/08/02 18:21:43, 326.67, 101.61, 20.46, 58.35, 20.79, 20.79, 20.84, 0.0, 0.0
2025/08/02 18:26:43, 326.58, 101.61, 20.48, 57.63, 20.77, 20.79, 20.84, 0.0, 0.0
2025/08/02 18:31:43, 326.32, 101.61, 20.48, 57.63, 20.77, 20.79, 20.81, 0.0, 0.0
2025/08/02 18:36:43, 326.32, 101.61, 20.43, 58.58, 20.75, 20.77, 20.79, 0.0, 0.0
2025/08/02 18:41:43, 326.32, 101.61, 20.41, 58.54, 20.73, 20.73, 20.75, 0.0, 0.0
2025/08/02 18:46:43, 326.23, 101.58, 20.37, 59.03, 20.70, 20.70, 20.73, 0.0, 0.0
2025/08/02 18:51:43, 326.23, 101.58, 20.37, 59.37, 20.68, 20.70, 20.73, 0.0, 0.0
2025/08/02 18:56:43, 326.23, 101.58, 20.34, 60.88, 20.66, 20.64, 20.68, 0.0, 0.0
2025/08/02 19:01:43, 328.34, 101.61, 20.30, 61.91, 20.64, 20.61, 20.66, 0.0, 0.0
2025/08/02 19:06:43, 327.73, 101.58, 20.28, 62.85, 20.61, 20.59, 20.61, 0.0, 0.0
2025/08/02 19:11:43, 327.46, 101.58, 20.25, 63.53, 20.57, 20.57, 20.59, 0.0, 0.0
2025/08/02 19:16:43, 327.46, 101.58, 20.21, 64.13, 20.55, 20.52, 20.55, 0.0, 0.0
2025/08/02 19:21:43, 327.37, 101.55, 20.16, 64.55, 20.50, 20.48, 20.50, 0.0, 0.0
2025/08/02 19:26:43, 327.29, 101.58, 20.09, 64.76, 20.43, 20.41, 20.43, 0.0, 0.0
2025/08/02 19:31:43, 327.20, 101.55, 20.05, 62.18, 20.41, 20.37, 20.39, 0.0, 0.0
2025/08/02 19:36:43, 327.20, 101.55, 20.02, 61.37, 20.37, 20.32, 20.37, 0.0, 0.0
2025/08/02 19:41:43, 327.11, 101.58, 19.98, 60.46, 20.34, 20.28, 20.30, 0.0, 0.0
2025/08/02 19:46:43, 327.11, 101.55, 19.96, 61.71, 20.30, 20.25, 20.28, 0.0, 0.0
2025/08/02 19:51:43, 327.02, 101.58, 19.89, 61.81, 20.25, 20.21, 20.23, 0.0, 0.0
2025/08/02 19:56:43, 327.02, 101.55, 19.85, 61.24, 20.18, 20.14, 20.16, 0.0, 0.0
2025/08/02 20:01:43, 327.02, 101.55, 19.80, 59.30, 20.16, 20.09, 20.12, 0.0, 0.0
2025/08/02 20:06:43, 331.24, 101.55, 19.78, 59.41, 20.12, 20.07, 20.09, 0.0, 0.0
2025/08/02 20:11:43, 331.24, 101.58, 19.74, 59.97, 20.07, 20.02, 20.05, 0.0, 0.0
2025/08/02 20:16:43, 331.24, 101.55, 19.69, 58.79, 20.02, 19.98, 20.00, 0.0, 0.0
2025/08/02 20:21:43, 331.24, 101.55, 19.67, 57.69, 20.00, 19.94, 19.96, 0.0, 0.0
2025/08/02 20:26:43, 331.24, 101.55, 19.63, 57.38, 19.94, 19.89, 19.91, 0.0, 0.0
2025/08/02 20:31:43, 331.24, 101.55, 19.56, 57.75, 19.91, 19.85, 19.87, 0.0, 0.0
2025/08/02 20:36:43, 331.24, 101.55, 19.49, 57.29, 19.85, 19.78, 19.80, 0.0, 0.0
2025/08/02 20:41:43, 331.24, 101.52, 19.40, 55.87, 19.78, 19.69, 19.72, 0.0, 0.0
2025/08/02 20:46:43, 331.24, 101.55, 19.36, 55.37, 19.72, 19.63, 19.67, 0.0, 0.0
2025/08/02 20:51:43, 331.24, 101.55, 19.27, 54.64, 19.67, 19.58, 19.60, 0.0, 0.0
2025/08/02 20:56:43, 331.24, 101.55, 19.24, 53.92, 19.63, 19.54, 19.56, 0.0, 0.0
2025/08/02 21:01:43, 331.24, 101.52, 19.22, 53.84, 19.60, 19.54, 19.56, 0.0, 0.0
2025/08/02 21:06:43, 331.24, 101.52, 19.22, 55.43, 19.58, 19.54, 19.54, 0.0, 0.0
2025/08/02 21:11:43, 331.24, 101.49, 19.20, 56.49, 19.54, 19.47, 19.49, 0.0, 0.0
2025/08/02 21:16:43, 331.24, 101.49, 19.18, 56.68, 19.52, 19.45, 19.47, 0.0, 0.0
2025/08/02 21:21:43, 331.24, 101.49, 19.18, 56.87, 19.52, 19.45, 19.47, 0.0, 0.0
2025/08/02 21:26:43, 331.15, 101.52, 19.15, 57.47, 19.52, 19.45, 19.49, 0.0, 0.0
2025/08/02 21:31:43, 331.15, 101.49, 19.15, 57.77, 19.49, 19.45, 19.47, 0.0, 0.0
2025/08/02 21:36:43, 331.07, 101.49, 19.18, 57.97, 19.52, 19.47, 19.49, 0.0, 0.0
2025/08/02 21:41:43, 331.07, 101.49, 19.18, 56.68, 19.52, 19.47, 19.49, 0.0, 0.0
2025/08/02 21:46:43, 331.07, 101.49, 19.18, 56.49, 19.49, 19.43, 19.47, 0.0, 0.0
2025/08/02 21:51:43, 331.07, 101.49, 19.15, 56.68, 19.47, 19.40, 19.45, 0.0, 0.0
2025/08/02 21:56:43, 331.07, 101.49, 19.13, 56.98, 19.45, 19.38, 19.40, 0.0, 0.0
2025/08/02 22:01:43, 331.07, 101.49, 19.11, 57.20, 19.43, 19.36, 19.40, 0.0, 0.0
2025/08/02 22:06:43, 331.07, 101.49, 19.09, 56.78, 19.43, 19.38, 19.40, 0.0, 0.0
2025/08/02 22:11:43, 331.07, 101.49, 19.06, 56.93, 19.40, 19.36, 19.38, 0.0, 0.0
2025/08/02 22:16:43, 331.07, 101.49, 19.06, 55.91, 19.38, 19.34, 19.36, 0.0, 0.0
2025/08/02 22:21:43, 331.07, 101.49, 19.02, 55.90, 19.34, 19.27, 19.29, 0.0, 0.0
2025/08/02 22:26:43, 331.07, 101.46, 18.95, 55.48, 19.29, 19.22, 19.24, 0.0, 0.0
2025/08/02 22:31:43, 331.07, 101.49, 18.91, 55.43, 19.24, 19.18, 19.20, 0.0, 0.0
2025/08/02 22:36:43, 331.07, 101.49, 18.82, 55.88, 19.20, 19.13, 19.15, 0.0, 0.0
2025/08/02 22:41:43, 331.07, 101.49, 18.78, 56.14, 19.18, 19.11, 19.13, 0.0, 0.0
2025/08/02 22:46:43, 331.07, 101.49, 18.78, 56.14, 19.13, 19.06, 19.09, 0.0, 0.0
2025/08/02 22:51:43, 331.07, 101.49, 18.78, 56.59, 19.09, 19.02, 19.04, 0.0, 0.0
2025/08/02 22:56:43, 331.07, 101.46, 18.78, 57.09, 19.09, 18.99, 19.02, 0.0, 0.0
2025/08/02 23:01:43, 331.07, 101.49, 18.78, 57.20, 19.09, 19.02, 19.04, 0.0, 0.0
2025/08/02 23:06:43, 331.07, 101.46, 18.80, 57.54, 19.06, 18.99, 19.02, 0.0, 0.0
2025/08/02 23:11:43, 331.07, 101.46, 18.78, 58.03, 19.04, 18.99, 19.02, 0.0, 0.0
2025/08/02 23:16:43, 331.07, 101.46, 18.78, 58.03, 19.04, 18.99, 18.99, 0.0, 0.0
2025/08/02 23:21:43, 331.07, 101.46, 18.75, 58.82, 19.04, 18.97, 18.99, 0.0, 0.0
2025/08/02 23:26:43, 331.07, 101.46, 18.75, 59.24, 19.04, 18.99, 19.02, 0.0, 0.0
2025/08/02 23:31:43, 331.07, 101.46, 18.78, 59.89, 19.06, 19.02, 19.04, 0.0, 0.0
2025/08/02 23:36:43, 331.07, 101.46, 18.80, 60.46, 19.06, 19.02, 19.04, 0.0, 0.0
2025/08/02 23:41:43, 331.07, 101.43, 18.78, 59.77, 19.06, 19.02, 19.06, 0.0, 0.0
2025/08/02 23:46:43, 331.07, 101.46, 18.75, 60.22, 19.02, 18.97, 18.99, 0.0, 0.0
2025/08/02 23:51:43, 331.07, 101.43, 18.73, 60.45, 18.99, 18.95, 18.97, 0.0, 0.0
2025/08/02 23:56:43, 331.07, 101.43, 18.69, 60.60, 18.99, 18.93, 18.97, 0.0, 0.0
2025/08/03 0:01:43, 331.07, 101.43, 18.69, 60.90, 18.97, 18.93, 18.95, 0.0, 0.0
2025/08/03 0:06:43, 331.07, 101.43, 18.67, 60.67, 18.95, 18.91, 18.95, 0.0, 0.0
2025/08/03 0:11:43, 331.07, 101.43, 18.67, 60.74, 18.93, 18.89, 18.91, 0.0, 0.0
2025/08/03 0:16:43, 331.07, 101.43, 18.64, 60.78, 18.91, 18.86, 18.91, 0.0, 0.0
2025/08/03 0:21:43, 331.07, 101.43, 18.64, 60.82, 18.91, 18.86, 18.89, 0.0, 0.0
2025/08/03 0:26:43, 331.07, 101.43, 18.64, 60.82, 18.91, 18.84, 18.86, 0.0, 0.0
2025/08/03 0:31:43, 331.07, 101.43, 18.60, 60.62, 18.89, 18.82, 18.84, 0.0, 0.0
2025/08/03 0:36:43, 331.07, 101.39, 18.55, 60.92, 18.84, 18.78, 18.80, 0.0, 0.0
2025/08/03 0:41:43, 331.07, 101.39, 18.51, 61.29, 18.80, 18.73, 18.75, 0.0, 0.0
2025/08/03 0:46:43, 331.07, 101.39, 18.53, 61.60, 18.82, 18.75, 18.78, 0.0, 0.0
2025/08/03 0:51:43, 331.07, 101.43, 18.55, 61.64, 18.82, 18.78, 18.80, 0.0, 0.0
2025/08/03 0:56:43, 330.98, 101.39, 18.55, 61.71, 18.82, 18.80, 18.82, 0.0, 0.0
2025/08/03 1:01:43, 331.07, 101.43, 18.60, 61.91, 18.84, 18.80, 18.82, 0.0, 0.0
2025/08/03 1:06:43, 331.07, 101.39, 18.55, 61.90, 18.82, 18.75, 18.78, 0.0, 0.0
2025/08/03 1:11:43, 331.07, 101.36, 18.53, 62.16, 18.80, 18.73, 18.75, 0.0, 0.0
2025/08/03 1:16:43, 331.07, 101.36, 18.55, 62.17, 18.80, 18.73, 18.78, 0.0, 0.0
2025/08/03 1:21:43, 331.07, 101.36, 18.51, 62.20, 18.78, 18.73, 18.75, 0.0, 0.0
2025/08/03 1:26:43, 331.07, 101.36, 18.51, 62.39, 18.78, 18.73, 18.75, 0.0, 0.0
2025/08/03 1:31:43, 331.07, 101.36, 18.51, 62.46, 18.78, 18.73, 18.75, 0.0, 0.0
2025/08/03 1:36:43, 331.07, 101.36, 18.49, 62.54, 18.78, 18.73, 18.75, 0.0, 0.0
2025/08/03 1:41:43, 331.07, 101.39, 18.51, 62.58, 18.78, 18.75, 18.78, 0.0, 0.0
2025/08/03 1:46:43, 331.07, 101.36, 18.51, 62.62, 18.78, 18.75, 18.78, 0.0, 0.0
2025/08/03 1:51:43, 331.07, 101.36, 18.49, 62.84, 18.78, 18.73, 18.75, 0.0, 0.0
2025/08/03 1:56:43, 331.07, 101.36, 18.46, 62.87, 18.75, 18.71, 18.73, 0.0, 0.0
2025/08/03 2:01:43, 331.07, 101.36, 18.49, 62.84, 18.75, 18.73, 18.75, 0.0, 0.0
2025/08/03 2:06:43, 331.07, 101.36, 18.51, 62.62, 18.78, 18.75, 18.78, 0.0, 0.0
2025/08/03 2:11:43, 331.07, 101.36, 18.51, 62.77, 18.78, 18.73, 18.78, 0.0, 0.0
2025/08/03 2:16:43, 330.98, 101.36, 18.51, 62.69, 18.78, 18.73, 18.78, 0.0, 0.0
2025/08/03 2:21:43, 331.07, 101.33, 18.51, 62.77, 18.78, 18.73, 18.75, 0.0, 0.0
2025/08/03 2:26:43, 331.07, 101.33, 18.51, 62.77, 18.75, 18.73, 18.75, 0.0, 0.0
2025/08/03 2:31:43, 331.07, 101.36, 18.51, 62.84, 18.75, 18.73, 18.75, 0.0, 0.0
2025/08/03 2:36:43, 331.07, 101.33, 18.51, 62.99, 18.75, 18.73, 18.75, 0.0, 0.0
2025/08/03 2:41:43, 331.07, 101.33, 18.51, 62.12, 18.75, 18.73, 18.75, 0.0, 0.0
2025/08/03 2:46:43, 331.07, 101.36, 18.51, 62.24, 18.75, 18.75, 18.75, 0.0, 0.0
2025/08/03 2:51:43, 331.07, 101.36, 18.51, 62.24, 18.75, 18.73, 18.75, 0.0, 0.0
2025/08/03 2:56:43, 331.07, 101.36, 18.44, 62.04, 18.71, 18.67, 18.69, 0.0, 0.0
2025/08/03 3:01:43, 331.07, 101.36, 18.38, 61.20, 18.64, 18.60, 18.60, 0.0, 0.0
2025/08/03 3:06:43, 331.07, 101.36, 18.29, 60.66, 18.60, 18.53, 18.55, 0.0, 0.0
2025/08/03 3:11:43, 331.07, 101.36, 18.33, 60.74, 18.60, 18.55, 18.58, 0.0, 0.0
2025/08/03 3:16:43, 330.98, 101.36, 18.35, 60.89, 18.62, 18.58, 18.60, 0.0, 0.0
2025/08/03 3:21:43, 331.07, 101.33, 18.38, 60.93, 18.62, 18.58, 18.60, 0.0, 0.0
2025/08/03 3:26:43, 331.07, 101.33, 18.35, 61.16, 18.62, 18.58, 18.60, 0.0, 0.0
2025/08/03 3:31:43, 331.07, 101.33, 18.35, 60.48, 18.60, 18.58, 18.60, 0.0, 0.0
2025/08/03 3:36:43, 331.07, 101.36, 18.35, 60.66, 18.64, 18.62, 18.64, 0.0, 0.0
2025/08/03 3:41:43, 331.07, 101.33, 18.35, 60.40, 18.67, 18.67, 18.69, 0.0, 0.0
2025/08/03 3:46:43, 331.07, 101.33, 18.35, 59.68, 18.67, 18.67, 18.69, 0.0, 0.0
2025/08/03 3:51:43, 331.07, 101.33, 18.31, 59.18, 18.67, 18.67, 18.69, 0.0, 0.0
2025/08/03 3:56:43, 331.07, 101.30, 18.29, 58.31, 18.64, 18.62, 18.64, 0.0, 0.0
2025/08/03 4:01:43, 331.07, 101.33, 18.26, 57.66, 18.62, 18.58, 18.60, 0.0, 0.0
2025/08/03 4:06:43, 331.07, 101.33, 18.22, 57.58, 18.55, 18.51, 18.53, 0.0, 0.0
2025/08/03 4:11:43, 331.07, 101.30, 18.17, 58.18, 18.51, 18.46, 18.46, 0.0, 0.0
2025/08/03 4:16:43, 331.07, 101.30, 18.17, 58.49, 18.49, 18.44, 18.46, 0.0, 0.0
2025/08/03 4:21:43, 331.07, 101.30, 18.13, 58.63, 18.46, 18.40, 18.42, 0.0, 0.0
2025/08/03 4:26:43, 331.07, 101.30, 18.10, 59.01, 18.40, 18.33, 18.35, 0.0, 0.0
2025/08/03 4:31:43, 331.07, 101.30, 18.08, 59.38, 18.40, 18.33, 18.38, 0.0, 0.0
2025/08/03 4:36:43, 331.07, 101.33, 18.10, 59.50, 18.42, 18.38, 18.40, 0.0, 0.0
2025/08/03 4:41:43, 331.07, 101.30, 18.10, 59.95, 18.40, 18.33, 18.35, 0.0, 0.0
2025/08/03 4:46:43, 331.07, 101.33, 18.08, 60.14, 18.38, 18.31, 18.33, 0.0, 0.0
2025/08/03 4:51:43, 331.07, 101.30, 18.08, 61.01, 18.38, 18.33, 18.35, 0.0, 0.0
2025/08/03 4:56:43, 331.07, 101.33, 17.99, 61.30, 18.33, 18.26, 18.29, 0.0, 0.0
2025/08/03 5:01:43, 331.07, 101.33, 17.92, 61.89, 18.29, 18.19, 18.22, 0.0, 0.0
2025/08/03 5:06:43, 331.07, 101.33, 17.97, 62.54, 18.29, 18.22, 18.24, 0.0, 0.0
2025/08/03 5:11:43, 331.07, 101.30, 17.88, 63.14, 18.24, 18.15, 18.17, 0.0, 0.0
2025/08/03 5:16:43, 331.07, 101.30, 17.84, 63.66, 18.17, 18.08, 18.10, 0.0, 0.0
2025/08/03 5:21:43, 331.07, 101.33, 17.81, 64.19, 18.15, 18.06, 18.10, 0.0, 0.0
2025/08/03 5:26:43, 330.98, 101.30, 17.84, 64.34, 18.17, 18.08, 18.10, 0.0, 0.0
2025/08/03 5:31:43, 331.07, 101.30, 17.79, 64.18, 18.15, 18.08, 18.10, 0.0, 0.0
2025/08/03 5:36:43, 331.07, 101.30, 17.81, 64.34, 18.17, 18.13, 18.15, 0.0, 0.0
2025/08/03 5:41:43, 330.98, 101.30, 17.84, 64.23, 18.17, 18.15, 18.17, 0.0, 0.0
2025/08/03 5:46:43, 331.07, 101.30, 17.81, 64.30, 18.19, 18.15, 18.17, 0.0, 0.0
2025/08/03 5:51:43, 331.07, 101.27, 17.77, 64.41, 18.13, 18.10, 18.10, 0.0, 0.0
2025/08/03 5:56:43, 331.07, 101.27, 17.75, 64.78, 18.10, 18.04, 18.06, 0.0, 0.0
2025/08/03 6:01:43, 331.07, 101.27, 17.77, 64.97, 18.08, 18.04, 18.06, 0.0, 0.0
2025/08/03 6:06:43, 331.07, 101.30, 17.81, 65.02, 18.10, 18.08, 18.10, 0.0, 0.0
2025/08/03 6:11:43, 331.07, 101.30, 17.81, 64.87, 18.15, 18.13, 18.15, 0.0, 0.0
2025/08/03 6:16:43, 330.98, 101.30, 17.84, 64.72, 18.17, 18.15, 18.19, 0.0, 0.0
2025/08/03 6:21:43, 331.07, 101.30, 17.84, 64.79, 18.17, 18.15, 18.17, 0.0, 0.0
2025/08/03 6:26:43, 331.07, 101.30, 17.77, 65.24, 18.10, 18.06, 18.08, 0.0, 0.0
2025/08/03 6:31:43, 330.98, 101.27, 17.75, 65.39, 18.08, 18.04, 18.06, 0.0, 0.0
2025/08/03 6:36:43, 331.07, 101.27, 17.75, 65.27, 18.08, 18.04, 18.08, 0.0, 0.0
2025/08/03 6:41:43, 331.07, 101.30, 17.77, 65.28, 18.10, 18.06, 18.08, 0.0, 0.0
2025/08/03 6:46:43, 331.07, 101.27, 17.75, 65.61, 18.08, 18.01, 18.06, 0.0, 0.0
2025/08/03 6:51:43, 331.07, 101.30, 17.75, 65.80, 18.04, 18.01, 18.01, 0.0, 0.0
2025/08/03 6:56:43, 331.07, 101.30, 17.77, 65.88, 18.08, 18.04, 18.06, 0.0, 0.0
2025/08/03 7:01:43, 331.07, 101.27, 17.79, 65.47, 18.10, 18.10, 18.13, 0.0, 0.0
2025/08/03 7:06:43, 331.07, 101.30, 17.79, 65.24, 18.13, 18.10, 18.15, 0.0, 0.0
2025/08/03 7:11:43, 330.98, 101.27, 17.79, 65.43, 18.10, 18.08, 18.10, 0.0, 0.0
2025/08/03 7:16:43, 331.07, 101.27, 17.79, 65.39, 18.10, 18.08, 18.10, 0.0, 0.0
2025/08/03 7:21:43, 331.07, 101.30, 17.79, 65.54, 18.13, 18.13, 18.15, 0.0, 0.0
2025/08/03 7:26:43, 331.07, 101.30, 17.79, 65.69, 18.10, 18.06, 18.08, 0.0, 0.0
2025/08/03 7:31:43, 331.07, 101.27, 17.77, 66.11, 18.10, 18.08, 18.10, 0.0, 0.0
2025/08/03 7:36:43, 331.07, 101.30, 17.84, 66.34, 18.15, 18.13, 18.15, 0.0, 0.0
2025/08/03 7:41:43, 331.07, 101.27, 17.86, 66.23, 18.17, 18.19, 18.19, 0.0, 0.0
2025/08/03 7:46:43, 331.07, 101.27, 17.88, 65.82, 18.19, 18.19, 18.22, 0.0, 0.0
2025/08/03 7:51:43, 331.07, 101.27, 17.88, 66.01, 18.22, 18.22, 18.24, 0.0, 0.0
2025/08/03 7:56:43, 330.98, 101.27, 17.88, 66.42, 18.22, 18.24, 18.26, 0.0, 0.0
2025/08/03 8:01:43, 682.01, 101.27, 17.92, 66.54, 18.29, 18.26, 18.29, 0.0, 0.0
2025/08/03 8:06:43, 682.54, 101.27, 17.99, 66.36, 18.19, 18.19, 18.19, 0.0, 0.0
2025/08/03 8:11:43, 682.63, 101.27, 17.99, 66.18, 18.17, 18.17, 18.19, 0.0, 0.0
2025/08/03 8:16:43, 682.71, 101.27, 18.04, 65.73, 18.15, 18.17, 18.19, 0.0, 0.0
2025/08/03 8:21:43, 682.71, 101.30, 18.04, 65.50, 18.13, 18.13, 18.15, 0.0, 0.0
2025/08/03 8:26:43, 682.71, 101.30, 18.01, 64.97, 18.13, 18.13, 18.15, 0.0, 0.0
2025/08/03 8:31:43, 682.80, 101.30, 18.04, 64.59, 18.13, 18.13, 18.15, 0.0, 0.0
2025/08/03 8:36:43, 682.80, 101.30, 18.04, 64.41, 18.10, 18.10, 18.13, 0.0, 0.0
2025/08/03 8:41:43, 683.07, 101.30, 18.01, 64.21, 18.06, 18.08, 18.08, 0.0, 0.0
2025/08/03 8:46:43, 682.98, 101.30, 17.99, 64.29, 18.04, 18.06, 18.06, 0.0, 0.0
2025/08/03 8:51:43, 682.98, 101.30, 17.97, 65.04, 18.01, 18.04, 18.06, 0.0, 0.0
2025/08/03 8:56:43, 682.80, 101.30, 17.97, 65.53, 18.01, 18.01, 18.04, 0.0, 0.0
2025/08/03 9:01:43, 682.71, 101.27, 17.95, 66.36, 18.06, 18.06, 18.08, 0.0, 0.0
2025/08/03 9:06:43, 682.71, 101.27, 18.01, 66.97, 18.19, 18.17, 18.19, 0.0, 0.0
2025/08/03 9:11:43, 682.71, 101.27, 18.06, 67.13, 18.31, 18.29, 18.29, 0.0, 0.0
2025/08/03 9:16:43, 682.71, 101.30, 18.15, 67.14, 18.33, 18.33, 18.35, 0.0, 0.0
2025/08/03 9:21:43, 682.80, 101.30, 18.19, 67.34, 18.42, 18.42, 18.44, 0.0, 0.0
2025/08/03 9:26:43, 682.71, 101.30, 18.24, 67.31, 18.46, 18.46, 18.49, 0.0, 0.0
2025/08/03 9:31:43, 682.71, 101.30, 18.26, 67.01, 18.49, 18.49, 18.51, 0.0, 0.0
2025/08/03 9:36:43, 682.71, 101.30, 18.29, 67.28, 18.51, 18.51, 18.53, 0.0, 0.0
2025/08/03 9:41:43, 682.71, 101.30, 18.33, 67.43, 18.55, 18.55, 18.58, 0.0, 0.0
2025/08/03 9:46:43, 682.63, 101.30, 18.38, 66.84, 18.58, 18.58, 18.60, 0.0, 0.0
2025/08/03 9:51:43, 682.63, 101.33, 18.40, 66.50, 18.60, 18.60, 18.60, 0.0, 0.0
2025/08/03 9:56:43, 682.63, 101.30, 18.44, 66.39, 18.60, 18.58, 18.60, 0.0, 0.0
2025/08/03 10:01:43, 682.63, 101.30, 18.44, 66.50, 18.55, 18.55, 18.58, 0.0, 0.0
2025/08/03 10:06:43, 682.63, 101.30, 18.42, 65.48, 18.49, 18.51, 18.53, 0.0, 0.0
2025/08/03 10:11:43, 682.71, 101.30, 18.40, 65.48, 18.49, 18.49, 18.51, 0.0, 0.0
2025/08/03 10:16:43, 682.63, 101.30, 18.40, 65.29, 18.46, 18.49, 18.51, 0.0, 0.0
2025/08/03 10:21:43, 682.63, 101.30, 18.40, 66.08, 18.44, 18.46, 18.46, 0.0, 0.0
2025/08/03 10:26:43, 682.63, 101.30, 18.38, 66.80, 18.42, 18.42, 18.44, 0.0, 0.0
2025/08/03 10:31:43, 682.63, 101.30, 18.40, 66.88, 18.40, 18.40, 18.42, 0.0, 0.0
2025/08/03 10:36:43, 682.63, 101.30, 18.38, 66.72, 18.38, 18.38, 18.40, 0.0, 0.0
2025/08/03 10:41:43, 682.71, 101.30, 18.38, 66.53, 18.38, 18.38, 18.38, 0.0, 0.0
2025/08/03 10:46:43, 682.71, 101.27, 18.40, 67.22, 18.42, 18.42, 18.42, 0.0, 0.0
2025/08/03 10:51:43, 682.63, 101.27, 18.42, 67.45, 18.46, 18.46, 18.46, 0.0, 0.0
2025/08/03 10:56:43, 682.63, 101.27, 18.46, 67.53, 18.53, 18.51, 18.53, 0.0, 0.0
2025/08/03 11:01:43, 682.63, 101.30, 18.49, 67.99, 18.58, 18.58, 18.60, 0.0, 0.0
2025/08/03 11:06:43, 658.45, 101.27, 18.55, 68.07, 18.69, 18.67, 18.69, 0.0, 0.0
2025/08/03 11:11:43, 647.90, 101.27, 18.67, 68.16, 18.80, 18.78, 18.80, 0.0, 0.0
2025/08/03 11:16:43, 648.78, 101.27, 18.75, 68.18, 18.89, 18.86, 18.89, 0.0, 0.0
2025/08/03 11:21:43, 648.69, 101.24, 18.80, 68.22, 18.95, 18.93, 18.95, 0.0, 0.0
2025/08/03 11:26:43, 363.68, 101.24, 18.84, 68.04, 18.99, 18.97, 18.99, 0.0, 0.0
2025/08/03 11:31:43, 367.29, 101.24, 18.86, 68.23, 19.04, 19.02, 19.04, 0.0, 0.0
2025/08/03 11:36:43, 669.79, 101.24, 18.93, 68.47, 19.22, 19.20, 19.22, 0.0, 0.0
2025/08/03 11:41:43, 669.79, 101.24, 18.91, 67.59, 19.22, 19.20, 19.18, 0.0, 0.0
2025/08/03 11:46:43, 669.88, 101.24, 18.84, 67.89, 19.11, 19.11, 19.09, 0.0, 0.0
2025/08/03 11:51:43, 669.79, 101.21, 18.80, 67.65, 19.04, 18.99, 18.99, 0.0, 0.0
2025/08/03 11:56:43, 669.79, 101.24, 18.91, 68.62, 19.27, 19.20, 19.20, 0.0, 0.0
2025/08/03 12:01:43, 669.70, 101.24, 19.06, 68.22, 19.91, 19.72, 19.74, 0.0, 0.0
2025/08/03 12:06:43, 669.79, 101.24, 19.04, 68.67, 19.54, 19.49, 19.47, 0.0, 0.0
2025/08/03 12:11:43, 669.88, 101.21, 19.04, 68.94, 19.31, 19.29, 19.29, 0.0, 0.0
2025/08/03 12:16:43, 669.88, 101.24, 18.99, 67.49, 19.18, 19.11, 19.11, 0.0, 0.0
2025/08/03 12:21:43, 669.88, 101.21, 18.97, 67.34, 19.18, 19.13, 19.11, 0.0, 0.0
2025/08/03 12:26:43, 669.88, 101.24, 18.93, 68.92, 19.11, 19.09, 19.09, 0.0, 0.0
2025/08/03 12:31:43, 669.79, 101.21, 18.93, 67.56, 19.13, 19.09, 19.09, 0.0, 0.0
2025/08/03 12:36:43, 669.79, 101.24, 18.95, 68.58, 19.18, 19.13, 19.15, 0.0, 0.0
2025/08/03 12:41:43, 669.88, 101.24, 19.04, 69.66, 19.34, 19.27, 19.27, 0.0, 0.0
2025/08/03 12:46:43, 669.88, 101.21, 19.13, 67.63, 19.47, 19.40, 19.38, 0.0, 0.0
2025/08/03 12:51:43, 669.70, 101.24, 19.31, 69.55, 19.80, 19.72, 19.69, 0.0, 0.0
2025/08/03 12:56:43, 669.88, 101.24, 19.43, 68.88, 19.91, 19.83, 19.80, 0.0, 0.0
2025/08/03 13:01:43, 669.79, 101.24, 19.47, 67.64, 19.89, 19.80, 19.80, 0.0, 0.0
2025/08/03 13:06:43, 669.79, 101.24, 19.58, 66.82, 20.07, 19.98, 19.98, 0.0, 0.0
2025/08/03 13:11:43, 669.88, 101.24, 19.63, 65.72, 20.05, 19.98, 19.98, 0.0, 0.0
2025/08/03 13:16:43, 669.79, 101.24, 19.63, 65.91, 19.98, 19.94, 19.91, 0.0, 0.0
2025/08/03 13:21:43, 669.88, 101.24, 19.58, 65.26, 19.94, 19.89, 19.87, 0.0, 0.0
2025/08/03 13:26:43, 669.79, 101.24, 19.65, 64.89, 20.02, 19.98, 20.00, 0.0, 0.0
2025/08/03 13:31:43, 669.79, 101.24, 19.80, 65.07, 20.34, 20.30, 20.30, 0.0, 0.0
2025/08/03 13:36:43, 669.70, 101.24, 19.89, 64.66, 20.46, 20.39, 20.39, 0.0, 0.0
2025/08/03 13:41:43, 669.79, 101.21, 19.98, 64.33, 20.55, 20.50, 20.50, 0.0, 0.0
2025/08/03 13:46:43, 669.79, 101.21, 20.12, 64.84, 20.73, 20.68, 20.66, 0.0, 0.0
2025/08/03 13:51:43, 669.79, 101.21, 20.12, 64.65, 20.68, 20.64, 20.61, 0.0, 0.0
2025/08/03 13:56:43, 669.70, 101.21, 20.07, 64.19, 20.55, 20.52, 20.50, 0.0, 0.0
2025/08/03 14:01:43, 669.88, 101.21, 20.05, 63.58, 20.43, 20.39, 20.39, 0.0, 0.0
2025/08/03 14:06:43, 669.88, 101.21, 20.02, 64.03, 20.34, 20.32, 20.30, 0.0, 0.0
2025/08/03 14:11:43, 669.79, 101.21, 20.00, 63.61, 20.34, 20.32, 20.30, 0.0, 0.0
2025/08/03 14:16:43, 669.88, 101.21, 20.00, 63.42, 20.34, 20.30, 20.30, 0.0, 0.0
2025/08/03 14:21:43, 669.88, 101.21, 20.02, 63.73, 20.41, 20.37, 20.34, 0.0, 0.0
2025/08/03 14:26:43, 669.79, 101.18, 20.07, 63.43, 20.52, 20.43, 20.43, 0.0, 0.0
2025/08/03 14:31:43, 669.88, 101.21, 20.09, 63.24, 20.52, 20.48, 20.43, 0.0, 0.0
2025/08/03 14:36:43, 669.88, 101.21, 20.12, 63.40, 20.50, 20.46, 20.43, 0.0, 0.0
2025/08/03 14:41:43, 669.70, 101.18, 20.12, 63.02, 20.46, 20.43, 20.43, 0.0, 0.0
2025/08/03 14:46:43, 669.88, 101.18, 20.09, 63.05, 20.46, 20.43, 20.41, 0.0, 0.0
2025/08/03 14:51:43, 669.79, 101.18, 20.12, 62.72, 20.50, 20.46, 20.43, 0.0, 0.0
2025/08/03 14:56:43, 669.88, 101.18, 20.12, 62.57, 20.46, 20.43, 20.41, 0.0, 0.0
2025/08/03 15:01:43, 669.88, 101.18, 20.14, 62.26, 20.50, 20.46, 20.46, 0.0, 0.0
2025/08/03 15:06:43, 669.70, 101.18, 20.16, 61.85, 20.55, 20.48, 20.46, 0.0, 0.0
2025/08/03 15:11:43, 669.79, 101.18, 20.16, 61.77, 20.57, 20.52, 20.50, 0.0, 0.0
2025/08/03 15:16:43, 669.79, 101.18, 20.16, 60.86, 20.55, 20.52, 20.50, 0.0, 0.0
2025/08/03 15:21:43, 669.88, 101.14, 20.21, 60.64, 20.59, 20.55, 20.52, 0.0, 0.0
2025/08/03 15:26:43, 669.79, 101.18, 20.23, 60.41, 20.61, 20.57, 20.57, 0.0, 0.0
2025/08/03 15:31:43, 669.88, 101.18, 20.25, 59.81, 20.64, 20.59, 20.57, 0.0, 0.0
2025/08/03 15:36:43, 669.79, 101.14, 20.28, 61.14, 20.70, 20.64, 20.64, 0.0, 0.0
2025/08/03 15:41:43, 669.88, 101.14, 20.32, 60.20, 20.73, 20.70, 20.68, 0.0, 0.0
2025/08/03 15:46:43, 669.79, 101.14, 20.34, 61.07, 20.75, 20.70, 20.70, 0.0, 0.0
2025/08/03 15:51:43, 669.79, 101.18, 20.34, 60.39, 20.68, 20.66, 20.66, 0.0, 0.0
2025/08/03 15:56:43, 669.79, 101.11, 20.32, 59.51, 20.66, 20.61, 20.61, 0.0, 0.0
2025/08/03 16:01:43, 669.79, 101.11, 20.30, 60.04, 20.61, 20.57, 20.59, 0.0, 0.0
2025/08/03 16:06:43, 669.79, 101.14, 20.30, 59.21, 20.59, 20.57, 20.57, 0.0, 0.0
2025/08/03 16:11:43, 669.88, 101.11, 20.30, 59.47, 20.59, 20.55, 20.57, 0.0, 0.0
2025/08/03 16:16:43, 669.79, 101.11, 20.28, 59.62, 20.52, 20.50, 20.50, 0.0, 0.0
2025/08/03 16:21:43, 669.88, 101.14, 20.28, 59.32, 20.55, 20.52, 20.52, 0.0, 0.0
2025/08/03 16:26:43, 669.88, 101.11, 20.30, 59.17, 20.57, 20.52, 20.52, 0.0, 0.0
2025/08/03 16:31:43, 669.70, 101.11, 20.30, 58.79, 20.55, 20.52, 20.52, 0.0, 0.0
2025/08/03 16:36:43, 669.88, 101.11, 20.34, 59.21, 20.61, 20.59, 20.59, 0.0, 0.0
2025/08/03 16:41:43, 669.70, 101.11, 20.34, 58.95, 20.64, 20.59, 20.59, 0.0, 0.0
2025/08/03 16:46:43, 669.70, 101.11, 20.34, 58.99, 20.59, 20.57, 20.57, 0.0, 0.0
2025/08/03 16:51:43, 669.79, 101.11, 20.34, 58.99, 20.59, 20.55, 20.55, 0.0, 0.0
2025/08/03 16:56:43, 669.70, 101.11, 20.28, 59.51, 20.46, 20.43, 20.46, 0.0, 0.0
2025/08/03 17:01:43, 669.88, 101.11, 20.25, 59.32, 20.43, 20.39, 20.41, 0.0, 0.0
2025/08/03 17:06:43, 669.70, 101.11, 20.28, 59.36, 20.48, 20.43, 20.43, 0.0, 0.0
2025/08/03 17:11:43, 669.88, 101.11, 20.25, 59.13, 20.48, 20.46, 20.46, 0.0, 0.0
2025/08/03 17:16:43, 669.88, 101.11, 20.28, 58.90, 20.48, 20.46, 20.43, 0.0, 0.0
2025/08/03 17:21:43, 669.79, 101.11, 20.30, 59.13, 20.48, 20.46, 20.46, 0.0, 0.0
2025/08/03 17:26:43, 669.88, 101.11, 20.32, 58.94, 20.50, 20.46, 20.48, 0.0, 0.0
2025/08/03 17:31:43, 669.88, 101.11, 20.32, 58.56, 20.52, 20.52, 20.52, 0.0, 0.0
2025/08/03 17:36:43, 669.79, 101.11, 20.34, 58.95, 20.55, 20.55, 20.55, 0.0, 0.0
2025/08/03 17:41:43, 669.88, 101.11, 20.34, 58.53, 20.55, 20.52, 20.52, 0.0, 0.0
2025/08/03 17:46:43, 669.88, 101.11, 20.32, 58.18, 20.50, 20.48, 20.48, 0.0, 0.0
2025/08/03 17:51:43, 669.79, 101.08, 20.28, 58.67, 20.43, 20.39, 20.39, 0.0, 0.0
2025/08/03 17:56:43, 669.79, 101.11, 20.25, 57.38, 20.41, 20.39, 20.39, 0.0, 0.0
2025/08/03 18:01:43, 669.88, 101.08, 20.23, 57.30, 20.39, 20.37, 20.37, 0.0, 0.0
2025/08/03 18:06:43, 669.79, 101.11, 20.18, 57.41, 20.34, 20.32, 20.34, 0.0, 0.0
2025/08/03 18:11:43, 669.79, 101.08, 20.14, 57.90, 20.23, 20.18, 20.21, 0.0, 0.0
2025/08/03 18:16:43, 669.88, 101.11, 20.09, 57.36, 20.16, 20.14, 20.14, 0.0, 0.0
2025/08/03 18:21:43, 669.79, 101.08, 20.00, 57.39, 20.02, 20.00, 20.00, 0.0, 0.0
2025/08/03 18:26:43, 669.88, 101.08, 19.94, 57.07, 19.96, 19.94, 19.94, 0.0, 0.0
2025/08/03 18:31:43, 669.88, 101.08, 19.91, 56.84, 20.00, 19.96, 19.96, 0.0, 0.0
2025/08/03 18:36:43, 669.70, 101.08, 19.87, 56.72, 19.94, 19.89, 19.89, 0.0, 0.0
2025/08/03 18:41:43, 669.70, 101.11, 19.83, 57.14, 19.89, 19.85, 19.85, 0.0, 0.0
2025/08/03 18:46:43, 669.70, 101.08, 19.80, 57.89, 19.83, 19.78, 19.78, 0.0, 0.0
2025/08/03 18:51:43, 669.88, 101.08, 19.74, 58.15, 19.76, 19.72, 19.74, 0.0, 0.0
2025/08/03 18:56:43, 669.79, 101.08, 19.63, 56.77, 19.60, 19.54, 19.54, 0.0, 0.0
2025/08/03 19:01:43, 669.88, 101.11, 19.49, 56.87, 19.45, 19.38, 19.38, 0.0, 0.0
2025/08/03 19:06:43, 669.88, 101.08, 19.40, 57.39, 19.36, 19.31, 19.31, 0.0, 0.0
2025/08/03 19:11:43, 669.88, 101.08, 19.29, 58.85, 19.24, 19.18, 19.18, 0.0, 0.0
2025/08/03 19:16:43, 669.70, 101.08, 19.24, 59.83, 19.22, 19.15, 19.18, 0.0, 0.0
2025/08/03 19:21:43, 669.70, 101.08, 19.20, 59.87, 19.18, 19.09, 19.09, 0.0, 0.0
2025/08/03 19:26:43, 669.88, 101.08, 19.13, 60.08, 19.09, 19.02, 19.02, 0.0, 0.0
2025/08/03 19:31:43, 669.88, 101.08, 19.11, 60.65, 19.04, 18.99, 18.99, 0.0, 0.0
2025/08/03 19:36:43, 669.79, 101.08, 19.11, 61.29, 19.04, 18.97, 18.97, 0.0, 0.0
2025/08/03 19:41:43, 669.88, 101.08, 19.09, 62.09, 19.02, 18.95, 18.95, 0.0, 0.0
2025/08/03 19:46:43, 669.79, 101.08, 19.09, 62.81, 19.02, 18.97, 18.97, 0.0, 0.0
2025/08/03 19:51:43, 669.79, 101.08, 19.09, 60.91, 19.02, 18.97, 18.95, 0.0, 0.0
2025/08/03 19:56:43, 669.88, 101.08, 19.11, 60.80, 19.09, 19.02, 19.02, 0.0, 0.0
2025/08/03 20:01:43, 669.79, 101.08, 19.06, 60.53, 19.02, 18.97, 18.97, 0.0, 0.0
2025/08/03 20:06:43, 669.79, 101.08, 18.99, 61.85, 18.91, 18.84, 18.84, 0.0, 0.0
2025/08/03 20:11:43, 669.79, 101.08, 18.95, 62.26, 18.84, 18.78, 18.75, 0.0, 0.0
2025/08/03 20:16:43, 669.79, 101.05, 18.86, 63.12, 18.75, 18.71, 18.69, 0.0, 0.0
2025/08/03 20:21:43, 669.79, 101.05, 18.82, 63.41, 18.75, 18.69, 18.69, 0.0, 0.0
2025/08/03 20:26:43, 669.79, 101.08, 18.78, 64.17, 18.73, 18.64, 18.64, 0.0, 0.0
2025/08/03 20:31:43, 669.79, 101.08, 18.80, 63.68, 18.78, 18.73, 18.73, 0.0, 0.0
2025/08/03 20:36:43, 669.70, 101.08, 18.82, 62.32, 18.82, 18.78, 18.78, 0.0, 0.0
2025/08/03 20:41:43, 669.70, 101.08, 18.78, 62.05, 18.80, 18.73, 18.75, 0.0, 0.0
2025/08/03 20:46:43, 669.70, 101.08, 18.73, 62.80, 18.75, 18.71, 18.71, 0.0, 0.0
2025/08/03 20:51:43, 669.88, 101.08, 18.71, 63.02, 18.78, 18.73, 18.75, 0.0, 0.0
2025/08/03 20:56:43, 669.79, 101.11, 18.69, 63.40, 18.75, 18.69, 18.71, 0.0, 0.0
2025/08/03 21:01:43, 669.88, 101.11, 18.62, 63.39, 18.71, 18.64, 18.67, 0.0, 0.0
2025/08/03 21:06:43, 669.88, 101.08, 18.55, 63.83, 18.64, 18.60, 18.60, 0.0, 0.0
2025/08/03 21:11:43, 669.79, 101.08, 18.53, 63.75, 18.55, 18.49, 18.49, 0.0, 0.0
2025/08/03 21:16:43, 669.88, 101.11, 18.51, 64.66, 18.53, 18.46, 18.46, 0.0, 0.0
2025/08/03 21:21:43, 669.79, 101.11, 18.44, 65.18, 18.49, 18.44, 18.46, 0.0, 0.0
2025/08/03 21:26:43, 669.70, 101.11, 18.42, 65.37, 18.49, 18.44, 18.46, 0.0, 0.0
2025/08/03 21:31:43, 669.70, 101.14, 18.35, 65.77, 18.44, 18.38, 18.40, 0.0, 0.0
2025/08/03 21:36:43, 669.88, 101.11, 18.29, 66.48, 18.33, 18.24, 18.26, 0.0, 0.0
2025/08/03 21:41:43, 669.88, 101.11, 18.26, 66.82, 18.24, 18.19, 18.19, 0.0, 0.0
2025/08/03 21:46:43, 669.88, 101.11, 18.29, 66.75, 18.31, 18.24, 18.26, 0.0, 0.0
2025/08/03 21:51:43, 669.88, 101.11, 18.29, 66.94, 18.29, 18.22, 18.22, 0.0, 0.0
2025/08/03 21:56:43, 669.88, 101.11, 18.33, 67.21, 18.38, 18.29, 18.31, 0.0, 0.0
2025/08/03 22:01:43, 325.09, 101.11, 18.33, 67.13, 18.40, 18.35, 18.35, 0.0, 0.0
2025/08/03 22:06:43, 325.09, 101.11, 18.31, 67.09, 18.38, 18.31, 18.31, 0.0, 0.0
2025/08/03 22:11:43, 325.09, 101.11, 18.31, 67.13, 18.38, 18.31, 18.29, 0.0, 0.0
2025/08/03 22:16:43, 325.09, 101.11, 18.33, 66.90, 18.42, 18.38, 18.38, 0.0, 0.0
2025/08/03 22:21:43, 325.09, 101.11, 18.38, 66.53, 18.44, 18.42, 18.40, 0.0, 0.0
2025/08/03 22:26:43, 325.09, 101.11, 18.35, 66.53, 18.44, 18.38, 18.38, 0.0, 0.0
2025/08/03 22:31:43, 325.09, 101.11, 18.40, 65.93, 18.46, 18.42, 18.44, 0.0, 0.0
2025/08/03 22:36:43, 325.09, 101.11, 18.33, 65.96, 18.38, 18.35, 18.35, 0.0, 0.0
2025/08/03 22:41:43, 325.09, 101.11, 18.29, 65.31, 18.33, 18.29, 18.29, 0.0, 0.0
2025/08/03 22:46:43, 325.09, 101.11, 18.22, 65.38, 18.26, 18.24, 18.24, 0.0, 0.0
2025/08/03 22:51:43, 325.09, 101.11, 18.17, 65.07, 18.19, 18.15, 18.15, 0.0, 0.0
2025/08/03 22:56:43, 325.09, 101.11, 18.13, 65.29, 18.19, 18.15, 18.15, 0.0, 0.0
2025/08/03 23:01:43, 325.09, 101.11, 17.99, 65.42, 18.01, 17.95, 17.92, 0.0, 0.0
2025/08/03 23:06:43, 325.09, 101.11, 17.99, 65.38, 18.01, 17.97, 17.99, 0.0, 0.0
2025/08/03 23:11:43, 325.09, 101.11, 17.97, 65.42, 18.01, 17.97, 17.97, 0.0, 0.0
2025/08/03 23:16:43, 325.09, 101.11, 17.95, 65.00, 18.04, 17.99, 18.01, 0.0, 0.0
2025/08/03 23:21:43, 325.09, 101.11, 17.90, 65.48, 18.04, 17.99, 18.01, 0.0, 0.0
2025/08/03 23:26:43, 325.09, 101.11, 17.90, 64.95, 17.97, 17.92, 17.92, 0.0, 0.0
2025/08/03 23:31:43, 325.09, 101.11, 17.88, 64.88, 17.97, 17.95, 17.95, 0.0, 0.0
2025/08/03 23:36:43, 325.09, 101.11, 17.81, 64.60, 17.95, 17.92, 17.92, 0.0, 0.0
2025/08/03 23:41:43, 325.18, 101.11, 17.75, 64.90, 17.92, 17.88, 17.88, 0.0, 0.0
2025/08/03 23:46:43, 325.09, 101.08, 17.66, 65.49, 17.81, 17.79, 17.77, 0.0, 0.0
2025/08/03 23:51:43, 325.09, 101.11, 17.73, 65.61, 17.86, 17.84, 17.84, 0.0, 0.0
2025/08/03 23:56:43, 325.09, 101.11, 17.77, 65.69, 17.92, 17.88, 17.88, 0.0, 0.0
2025/08/04 0:01:43, 325.09, 101.11, 17.75, 65.84, 17.88, 17.86, 17.84, 0.0, 0.0
2025/08/04 0:06:43, 325.09, 101.08, 17.75, 65.69, 17.84, 17.81, 17.81, 0.0, 0.0
2025/08/04 0:11:43, 325.09, 101.11, 17.73, 65.38, 17.79, 17.75, 17.75, 0.0, 0.0
2025/08/04 0:16:43, 325.09, 101.11, 17.70, 65.15, 17.79, 17.77, 17.75, 0.0, 0.0
2025/08/04 0:21:43, 325.09, 101.11, 17.73, 65.31, 17.79, 17.77, 17.77, 0.0, 0.0
2025/08/04 0:26:43, 325.09, 101.08, 17.64, 65.48, 17.70, 17.68, 17.68, 0.0, 0.0
2025/08/04 0:31:43, 325.09, 101.08, 17.64, 65.33, 17.73, 17.70, 17.70, 0.0, 0.0
2025/08/04 0:36:43, 325.09, 101.11, 17.57, 65.51, 17.66, 17.62, 17.59, 0.0, 0.0
2025/08/04 0:41:43, 325.09, 101.11, 17.57, 65.32, 17.62, 17.59, 17.59, 0.0, 0.0
2025/08/04 0:46:43, 325.09, 101.11, 17.50, 64.97, 17.59, 17.57, 17.57, 0.0, 0.0
2025/08/04 0:51:43, 325.09, 101.08, 17.53, 65.05, 17.62, 17.59, 17.59, 0.0, 0.0
2025/08/04 0:56:43, 325.09, 101.08, 17.55, 65.09, 17.68, 17.66, 17.66, 0.0, 0.0
2025/08/04 1:01:43, 325.09, 101.08, 17.53, 65.02, 17.64, 17.59, 17.62, 0.0, 0.0
2025/08/04 1:06:43, 325.09, 101.08, 17.48, 65.27, 17.62, 17.59, 17.59, 0.0, 0.0
2025/08/04 1:11:43, 325.09, 101.08, 17.46, 65.16, 17.57, 17.55, 17.55, 0.0, 0.0
2025/08/04 1:16:43, 325.09, 101.11, 17.41, 65.15, 17.53, 17.48, 17.50, 0.0, 0.0
2025/08/04 1:21:43, 325.09, 101.11, 17.37, 65.33, 17.48, 17.44, 17.46, 0.0, 0.0
2025/08/04 1:26:43, 325.09, 101.11, 17.35, 65.33, 17.46, 17.41, 17.41, 0.0, 0.0
2025/08/04 1:31:43, 325.09, 101.11, 17.32, 65.63, 17.44, 17.39, 17.41, 0.0, 0.0
2025/08/04 1:36:43, 325.09, 101.11, 17.30, 65.47, 17.44, 17.39, 17.39, 0.0, 0.0
2025/08/04 1:41:43, 325.09, 101.11, 17.28, 65.77, 17.41, 17.35, 17.37, 0.0, 0.0
2025/08/04 1:46:43, 325.09, 101.11, 17.26, 65.62, 17.35, 17.32, 17.30, 0.0, 0.0
2025/08/04 1:51:43, 325.09, 101.11, 17.28, 65.13, 17.37, 17.32, 17.35, 0.0, 0.0
2025/08/04 1:56:43, 325.09, 101.11, 17.21, 65.08, 17.26, 17.23, 17.23, 0.0, 0.0
2025/08/04 2:01:43, 325.09, 101.11, 17.21, 64.97, 17.30, 17.26, 17.26, 0.0, 0.0
2025/08/04 2:06:43, 325.09, 101.08, 17.14, 65.53, 17.21, 17.19, 17.19, 0.0, 0.0
2025/08/04 2:11:43, 325.09, 101.11, 17.07, 65.74, 17.14, 17.07, 17.10, 0.0, 0.0
2025/08/04 2:16:43, 325.09, 101.08, 17.07, 65.78, 17.17, 17.14, 17.14, 0.0, 0.0
2025/08/04 2:21:43, 325.09, 101.11, 17.10, 64.88, 17.21, 17.17, 17.17, 0.0, 0.0
2025/08/04 2:26:43, 325.09, 101.11, 17.07, 65.07, 17.23, 17.19, 17.21, 0.0, 0.0
2025/08/04 2:31:43, 325.09, 101.08, 17.10, 65.03, 17.30, 17.26, 17.26, 0.0, 0.0
2025/08/04 2:36:43, 325.09, 101.08, 17.07, 65.37, 17.30, 17.26, 17.26, 0.0, 0.0
2025/08/04 2:41:43, 325.09, 101.11, 17.03, 65.25, 17.26, 17.21, 17.21, 0.0, 0.0
2025/08/04 2:46:43, 325.09, 101.11, 16.98, 65.02, 17.17, 17.12, 17.14, 0.0, 0.0
2025/08/04 2:51:43, 325.09, 101.11, 16.90, 64.33, 17.03, 16.98, 17.01, 0.0, 0.0
2025/08/04 2:56:43, 325.09, 101.08, 16.87, 64.74, 17.03, 17.01, 16.98, 0.0, 0.0
2025/08/04 3:01:43, 325.09, 101.08, 16.85, 64.85, 16.96, 16.94, 16.94, 0.0, 0.0
2025/08/04 3:06:43, 325.09, 101.08, 16.74, 65.10, 16.90, 16.85, 16.87, 0.0, 0.0
2025/08/04 3:11:43, 325.09, 101.08, 16.67, 65.69, 16.85, 16.83, 16.85, 0.0, 0.0
2025/08/04 3:16:43, 325.09, 101.08, 16.61, 66.13, 16.81, 16.76, 16.76, 0.0, 0.0
2025/08/04 3:21:43, 325.09, 101.08, 16.70, 66.30, 16.92, 16.90, 16.90, 0.0, 0.0
2025/08/04 3:26:43, 325.09, 101.08, 16.83, 66.16, 17.05, 16.98, 16.98, 0.0, 0.0
2025/08/04 3:31:43, 325.09, 101.08, 16.87, 66.28, 17.07, 17.03, 17.03, 0.0, 0.0
2025/08/04 3:36:43, 325.09, 101.08, 16.90, 66.63, 17.10, 17.07, 17.07, 0.0, 0.0
2025/08/04 3:41:43, 325.09, 101.08, 16.90, 66.93, 17.07, 17.03, 17.01, 0.0, 0.0
2025/08/04 3:46:43, 325.09, 101.05, 16.87, 67.34, 17.03, 16.96, 16.98, 0.0, 0.0
2025/08/04 3:51:43, 325.09, 101.08, 16.94, 67.08, 17.14, 17.12, 17.12, 0.0, 0.0
2025/08/04 3:56:43, 325.09, 101.08, 16.94, 67.24, 17.17, 17.10, 17.10, 0.0, 0.0
2025/08/04 4:01:43, 325.09, 101.08, 17.01, 67.06, 17.21, 17.17, 17.17, 0.0, 0.0
2025/08/04 4:06:43, 325.09, 101.11, 17.01, 67.28, 17.23, 17.19, 17.21, 0.0, 0.0
2025/08/04 4:11:43, 325.09, 101.08, 17.01, 67.51, 17.21, 17.17, 17.19, 0.0, 0.0
2025/08/04 4:16:43, 325.09, 101.08, 17.01, 67.81, 17.17, 17.12, 17.14, 0.0, 0.0
2025/08/04 4:21:43, 325.09, 101.08, 17.03, 67.59, 17.19, 17.14, 17.14, 0.0, 0.0
2025/08/04 4:26:43, 325.09, 101.05, 17.05, 67.52, 17.19, 17.14, 17.14, 0.0, 0.0
2025/08/04 4:31:43, 325.09, 101.08, 17.05, 66.50, 17.12, 17.10, 17.07, 0.0, 0.0
2025/08/04 4:36:43, 325.09, 101.05, 16.94, 66.14, 17.05, 17.01, 17.01, 0.0, 0.0
2025/08/04 4:41:43, 325.09, 101.05, 16.92, 66.59, 16.98, 16.96, 16.96, 0.0, 0.0
2025/08/04 4:46:43, 325.09, 101.05, 16.83, 66.69, 16.94, 16.90, 16.92, 0.0, 0.0
2025/08/04 4:51:43, 325.09, 101.05, 16.90, 66.70, 17.07, 17.03, 17.03, 0.0, 0.0
2025/08/04 4:56:43, 325.09, 101.05, 16.90, 66.59, 17.10, 17.07, 17.07, 0.0, 0.0
2025/08/04 5:01:43, 325.09, 101.05, 16.92, 66.59, 17.07, 17.03, 17.03, 0.0, 0.0
2025/08/04 5:06:43, 325.09, 101.08, 16.94, 66.48, 17.07, 17.05, 17.07, 0.0, 0.0
2025/08/04 5:11:43, 325.09, 101.05, 16.90, 66.48, 17.01, 16.98, 16.98, 0.0, 0.0
2025/08/04 5:16:43, 325.09, 101.08, 16.90, 66.78, 16.98, 16.96, 16.96, 0.0, 0.0
2025/08/04 5:21:43, 325.09, 101.05, 16.83, 67.07, 16.92, 16.87, 16.87, 0.0, 0.0
2025/08/04 5:26:43, 325.09, 101.05, 16.81, 67.07, 16.92, 16.87, 16.87, 0.0, 0.0
2025/08/04 5:31:43, 325.09, 101.08, 16.87, 66.77, 16.98, 16.96, 16.96, 0.0, 0.0
2025/08/04 5:36:43, 325.09, 101.08, 16.74, 67.24, 16.90, 16.85, 16.85, 0.0, 0.0
2025/08/04 5:41:43, 325.09, 101.05, 16.72, 66.94, 16.85, 16.81, 16.78, 0.0, 0.0
2025/08/04 5:46:43, 325.09, 101.05, 16.70, 67.35, 16.85, 16.81, 16.81, 0.0, 0.0
2025/08/04 5:51:43, 325.09, 101.08, 16.72, 67.47, 16.87, 16.85, 16.85, 0.0, 0.0
2025/08/04 5:56:43, 325.09, 101.05, 16.70, 67.39, 16.85, 16.81, 16.83, 0.0, 0.0
2025/08/04 6:01:43, 325.09, 101.08, 16.67, 67.46, 16.83, 16.78, 16.78, 0.0, 0.0
2025/08/04 6:06:43, 325.09, 101.08, 16.67, 67.20, 16.85, 16.81, 16.81, 0.0, 0.0
2025/08/04 6:11:43, 325.09, 101.05, 16.67, 67.46, 16.85, 16.83, 16.85, 0.0, 0.0
2025/08/04 6:16:43, 325.09, 101.05, 16.72, 67.51, 16.92, 16.87, 16.90, 0.0, 0.0
2025/08/04 6:21:43, 325.09, 101.08, 16.70, 67.80, 16.90, 16.85, 16.85, 0.0, 0.0
2025/08/04 6:26:43, 325.09, 101.05, 16.78, 67.97, 16.96, 16.92, 16.94, 0.0, 0.0
2025/08/04 6:31:43, 325.09, 101.05, 16.78, 67.97, 17.01, 16.96, 16.96, 0.0, 0.0
2025/08/04 6:36:43, 325.09, 101.05, 16.87, 67.98, 17.03, 17.01, 17.03, 0.0, 0.0
2025/08/04 6:41:43, 325.09, 101.05, 16.90, 68.21, 17.05, 17.03, 17.03, 0.0, 0.0
2025/08/04 6:46:43, 325.09, 101.08, 16.96, 68.41, 17.14, 17.12, 17.12, 0.0, 0.0
2025/08/04 6:51:43, 325.09, 101.08, 17.01, 68.23, 17.21, 17.17, 17.17, 0.0, 0.0
2025/08/04 6:56:43, 325.09, 101.08, 17.01, 68.64, 17.14, 17.12, 17.12, 0.0, 0.0
2025/08/04 7:01:43, 325.09, 101.08, 16.96, 68.67, 17.12, 17.10, 17.07, 0.0, 0.0
2025/08/04 7:06:43, 325.09, 101.08, 16.90, 69.04, 17.03, 16.98, 16.98, 0.0, 0.0
2025/08/04 7:11:43, 325.09, 101.08, 16.98, 69.24, 17.14, 17.10, 17.10, 0.0, 0.0
2025/08/04 7:16:43, 325.09, 101.08, 17.05, 68.99, 17.23, 17.19, 17.21, 0.0, 0.0
2025/08/04 7:21:43, 325.09, 101.08, 17.10, 68.77, 17.26, 17.21, 17.21, 0.0, 0.0
2025/08/04 7:26:43, 325.09, 101.08, 17.03, 68.87, 17.23, 17.19, 17.19, 0.0, 0.0
2025/08/04 7:31:43, 325.09, 101.08, 17.07, 69.37, 17.28, 17.23, 17.23, 0.0, 0.0
2025/08/04 7:36:43, 325.09, 101.05, 17.07, 69.90, 17.32, 17.28, 17.28, 0.0, 0.0
2025/08/04 7:41:43, 325.09, 101.08, 17.17, 69.80, 17.39, 17.35, 17.35, 0.0, 0.0
2025/08/04 7:46:43, 325.09, 101.08, 17.19, 69.69, 17.37, 17.32, 17.32, 0.0, 0.0
2025/08/04 7:51:43, 325.09, 101.08, 17.17, 69.38, 17.30, 17.26, 17.28, 0.0, 0.0
2025/08/04 7:56:43, 325.09, 101.08, 17.17, 69.38, 17.32, 17.28, 17.30, 0.0, 0.0
2025/08/04 8:01:43, 325.09, 101.05, 17.23, 69.28, 17.41, 17.37, 17.37, 0.0, 0.0
2025/08/04 8:06:43, 325.09, 101.05, 17.23, 69.92, 17.41, 17.39, 17.39, 0.0, 0.0
2025/08/04 8:11:43, 325.09, 101.05, 17.28, 70.53, 17.46, 17.41, 17.44, 0.0, 0.0
2025/08/04 8:16:43, 325.09, 101.05, 17.35, 70.69, 17.55, 17.50, 17.50, 0.0, 0.0
2025/08/04 8:21:43, 325.09, 101.05, 17.39, 70.17, 17.59, 17.55, 17.55, 0.0, 0.0
2025/08/04 8:26:43, 325.09, 101.05, 17.48, 70.82, 17.64, 17.59, 17.59, 0.0, 0.0
2025/08/04 8:31:43, 325.09, 101.05, 17.46, 71.43, 17.59, 17.53, 17.55, 0.0, 0.0
2025/08/04 8:36:43, 325.09, 101.05, 17.41, 72.10, 17.57, 17.53, 17.55, 0.0, 0.0
2025/08/04 8:41:43, 325.09, 101.05, 17.44, 71.61, 17.59, 17.53, 17.55, 0.0, 0.0
2025/08/04 8:46:43, 325.09, 101.02, 17.48, 71.58, 17.59, 17.57, 17.57, 0.0, 0.0
2025/08/04 8:51:43, 325.09, 101.05, 17.55, 71.52, 17.66, 17.62, 17.64, 0.0, 0.0
2025/08/04 8:56:43, 325.09, 101.02, 17.62, 71.87, 17.77, 17.70, 17.73, 0.0, 0.0
2025/08/04 9:01:43, 325.09, 101.02, 17.66, 70.78, 17.84, 17.79, 17.79, 0.0, 0.0
2025/08/04 9:06:43, 325.09, 101.05, 17.68, 70.85, 17.84, 17.79, 17.79, 0.0, 0.0
2025/08/04 9:11:43, 325.09, 101.05, 17.70, 70.40, 17.86, 17.81, 17.84, 0.0, 0.0
2025/08/04 9:16:43, 325.18, 101.05, 17.75, 70.83, 17.90, 17.84, 17.84, 0.0, 0.0
2025/08/04 9:21:43, 325.09, 101.05, 17.75, 70.90, 17.90, 17.84, 17.86, 0.0, 0.0
2025/08/04 9:26:43, 325.09, 101.02, 17.79, 70.53, 17.97, 17.92, 17.92, 0.0, 0.0
2025/08/04 9:31:43, 325.09, 101.08, 17.92, 70.25, 18.19, 18.15, 18.15, 0.0, 0.0
2025/08/04 9:36:43, 325.09, 101.05, 17.99, 69.96, 18.29, 18.24, 18.24, 0.0, 0.0
2025/08/04 9:41:43, 325.09, 101.05, 18.01, 69.32, 18.24, 18.19, 18.19, 0.0, 0.0
2025/08/04 9:46:43, 325.09, 101.05, 18.01, 69.62, 18.26, 18.22, 18.22, 0.0, 0.0
2025/08/04 9:51:43, 325.09, 101.05, 18.06, 68.91, 18.31, 18.26, 18.26, 0.0, 0.0
2025/08/04 9:56:43, 325.09, 101.05, 18.08, 69.21, 18.29, 18.26, 18.26, 0.0, 0.0
2025/08/04 10:01:43, 325.09, 101.05, 18.08, 68.76, 18.29, 18.24, 18.24, 0.0, 0.0
2025/08/04 10:06:43, 325.09, 101.05, 18.13, 68.73, 18.38, 18.33, 18.33, 0.0, 0.0
2025/08/04 10:11:43, 325.09, 101.05, 18.19, 67.83, 18.46, 18.42, 18.42, 0.0, 0.0
2025/08/04 10:16:43, 325.09, 101.05, 18.22, 67.31, 18.49, 18.44, 18.44, 0.0, 0.0
2025/08/04 10:21:43, 325.09, 101.05, 18.26, 66.67, 18.51, 18.46, 18.46, 0.0, 0.0
2025/08/04 10:26:43, 325.09, 101.05, 18.33, 67.96, 18.58, 18.55, 18.55, 0.0, 0.0
2025/08/04 10:31:43, 325.09, 101.05, 18.42, 66.92, 18.69, 18.64, 18.64, 0.0, 0.0
2025/08/04 10:36:43, 325.09, 101.02, 18.46, 67.26, 18.75, 18.73, 18.73, 0.0, 0.0
2025/08/04 10:41:43, 325.09, 101.05, 18.53, 67.46, 18.82, 18.80, 18.80, 0.0, 0.0
2025/08/04 10:46:43, 325.09, 101.05, 18.62, 65.39, 18.95, 18.91, 18.91, 0.0, 0.0
2025/08/04 10:51:43, 325.09, 101.05, 18.67, 64.68, 18.99, 18.93, 18.93, 0.0, 0.0
2025/08/04 10:56:43, 325.09, 101.05, 18.67, 64.98, 18.93, 18.89, 18.89, 0.0, 0.0
2025/08/04 11:01:43, 325.09, 101.05, 18.60, 63.91, 18.84, 18.82, 18.82, 0.0, 0.0
2025/08/04 11:06:43, 325.09, 101.05, 18.62, 64.45, 18.84, 18.82, 18.82, 0.0, 0.0
2025/08/04 11:11:43, 325.09, 101.05, 18.60, 64.97, 18.82, 18.78, 18.78, 0.0, 0.0
2025/08/04 11:16:43, 325.09, 101.05, 18.60, 65.35, 18.80, 18.78, 18.78, 0.0, 0.0
2025/08/04 11:21:43, 325.09, 101.05, 18.64, 64.79, 18.89, 18.84, 18.84, 0.0, 0.0
2025/08/04 11:26:43, 325.09, 101.05, 18.64, 65.74, 18.91, 18.91, 18.91, 0.0, 0.0
2025/08/04 11:31:43, 325.09, 101.05, 18.69, 65.03, 18.95, 18.93, 18.93, 0.0, 0.0
2025/08/04 11:36:43, 325.09, 101.05, 18.67, 64.34, 18.93, 18.91, 18.89, 0.0, 0.0
2025/08/04 11:41:43, 325.09, 101.05, 18.67, 64.87, 18.93, 18.91, 18.91, 0.0, 0.0
2025/08/04 11:46:43, 325.09, 101.05, 18.73, 64.77, 18.99, 18.95, 18.95, 0.0, 0.0
2025/08/04 11:51:43, 619.07, 101.05, 19.43, 62.13, 19.69, 19.67, 19.69, 0.0, 0.0
2025/08/04 11:56:43, 619.07, 101.05, 19.91, 60.22, 20.16, 20.14, 20.14, 0.0, 0.0
checksum: 46815326