#,Date-Time (AKDT),Temperature   (°C),Light   (lux),Button Down,Button Up,Host Connected,Stopped,End of File
1,06/24/2024 09:35:27,9.22,95.48,,,,,
2,06/24/2024 09:38:04,,,Logged,Logged,,,
3,06/24/2024 09:38:16,,,Logged,Logged,,,
4,06/24/2024 09:38:52,,,Logged,Logged,,,
5,06/24/2024 09:40:27,13.81,17.33,,,,,
6,06/24/2024 09:45:27,12.91,18.06,,,,,
7,06/24/2024 09:50:27,14.93,0.86,,,,,
8,06/24/2024 09:55:27,16.69,132.12,,,,,
9,06/24/2024 10:00:27,19.26,48.44,,,,,
10,06/24/2024 10:05:27,21.40,715.20,,,,,
11,06/24/2024 10:10:27,16.69,0.14,,,,,
12,06/24/2024 10:15:27,12.52,0.14,,,,,
13,06/24/2024 10:20:27,9.91,0.14,,,,,
14,06/24/2024 10:25:27,8.28,0.14,,,,,
15,06/24/2024 10:30:27,7.33,0.14,,,,,
16,06/24/2024 10:35:27,6.65,0.14,,,,,
17,06/24/2024 10:40:27,6.22,0.21,,,,,
18,06/24/2024 10:45:27,5.92,0.21,,,,,
19,06/24/2024 10:50:27,5.79,0.21,,,,,
20,06/24/2024 10:55:27,5.62,0.21,,,,,
21,06/24/2024 11:00:27,5.53,0.21,,,,,
22,06/24/2024 11:05:27,5.49,0.21,,,,,
23,06/24/2024 11:10:27,5.40,0.21,,,,,
24,06/24/2024 11:15:27,5.49,0.14,,,,,
25,06/24/2024 11:20:27,5.36,0.07,,,,,
26,06/24/2024 11:25:27,5.36,0.14,,,,,
27,06/24/2024 11:30:27,5.36,0.14,,,,,
28,06/24/2024 11:35:27,5.02,0.00,,,,,
29,06/24/2024 11:40:27,4.80,0.00,,,,,
30,06/24/2024 11:45:27,4.63,0.00,,,,,
31,06/24/2024 11:50:27,4.54,0.00,,,,,
32,06/24/2024 11:55:27,4.50,0.00,,,,,
33,06/24/2024 12:00:27,4.42,0.00,,,,,
34,06/24/2024 12:05:27,4.42,0.00,,,,,
35,06/24/2024 12:10:27,4.42,0.00,,,,,
36,06/24/2024 12:15:27,4.42,0.00,,,,,
37,06/24/2024 12:20:27,4.29,0.00,,,,,
38,06/24/2024 12:25:27,4.33,0.00,,,,,
39,06/24/2024 12:30:27,4.33,0.14,,,,,
40,06/24/2024 12:35:27,4.37,0.00,,,,,
41,06/24/2024 12:40:27,4.29,0.00,,,,,
42,06/24/2024 12:45:27,4.29,0.14,,,,,
43,06/24/2024 12:50:27,4.33,0.00,,,,,
44,06/24/2024 12:55:27,4.29,0.00,,,,,
45,06/24/2024 13:00:27,4.24,0.00,,,,,
46,06/24/2024 13:05:27,4.24,0.00,,,,,
47,06/24/2024 13:10:27,4.29,0.00,,,,,
48,06/24/2024 13:15:27,4.24,0.00,,,,,
49,06/24/2024 13:20:27,4.24,0.00,,,,,
50,06/24/2024 13:25:27,4.29,0.00,,,,,
51,06/24/2024 13:30:27,4.20,0.00,,,,,
52,06/24/2024 13:35:27,4.16,0.00,,,,,
53,06/24/2024 13:40:27,4.20,0.00,,,,,
54,06/24/2024 13:45:27,4.20,0.00,,,,,
55,06/24/2024 13:50:27,4.16,0.00,,,,,
56,06/24/2024 13:55:27,4.20,0.00,,,,,
57,06/24/2024 14:00:27,4.20,0.00,,,,,
58,06/24/2024 14:05:27,4.16,0.00,,,,,
59,06/24/2024 14:10:27,4.16,0.00,,,,,
60,06/24/2024 14:15:27,4.12,0.00,,,,,
61,06/24/2024 14:20:27,4.16,0.00,,,,,
62,06/24/2024 14:25:27,4.20,0.00,,,,,
63,06/24/2024 14:30:27,4.16,0.00,,,,,
64,06/24/2024 14:35:27,4.12,0.00,,,,,
65,06/24/2024 14:40:27,4.16,0.00,,,,,
66,06/24/2024 14:45:27,4.16,0.00,,,,,
67,06/24/2024 14:50:27,4.16,0.00,,,,,
68,06/24/2024 14:55:27,4.12,0.00,,,,,
69,06/24/2024 15:00:27,4.07,0.00,,,,,
70,06/24/2024 15:05:27,4.12,0.00,,,,,
71,06/24/2024 15:10:27,4.12,0.00,,,,,
72,06/24/2024 15:15:27,4.12,0.00,,,,,
73,06/24/2024 15:20:27,4.07,0.00,,,,,
74,06/24/2024 15:25:27,4.03,0.00,,,,,
75,06/24/2024 15:30:27,4.07,0.00,,,,,
76,06/24/2024 15:35:27,4.07,0.00,,,,,
77,06/24/2024 15:40:27,4.03,0.00,,,,,
78,06/24/2024 15:45:27,4.03,0.00,,,,,
79,06/24/2024 15:50:27,4.03,0.00,,,,,
80,06/24/2024 15:55:27,4.07,0.00,,,,,
81,06/24/2024 16:00:27,4.03,0.00,,,,,
82,06/24/2024 16:05:27,4.03,0.00,,,,,
83,06/24/2024 16:10:27,4.03,0.00,,,,,
84,06/24/2024 16:15:27,4.03,0.00,,,,,
85,06/24/2024 16:20:27,4.07,0.00,,,,,
86,06/24/2024 16:25:27,4.03,0.00,,,,,
87,06/24/2024 16:30:27,4.03,0.00,,,,,
88,06/24/2024 16:35:27,3.99,0.00,,,,,
89,06/24/2024 16:40:27,4.03,0.00,,,,,
90,06/24/2024 16:45:27,3.99,0.00,,,,,
91,06/24/2024 16:50:27,4.03,0.00,,,,,
92,06/24/2024 16:55:27,4.03,0.00,,,,,
93,06/24/2024 17:00:27,3.99,0.00,,,,,
94,06/24/2024 17:05:27,4.16,0.00,,,,,
95,06/24/2024 17:10:27,4.16,0.14,,,,,
96,06/24/2024 17:15:27,4.16,0.00,,,,,
97,06/24/2024 17:20:27,4.12,0.00,,,,,
98,06/24/2024 17:25:27,4.16,0.00,,,,,
99,06/24/2024 17:30:27,4.20,0.00,,,,,
100,06/24/2024 17:35:27,4.20,0.00,,,,,
101,06/24/2024 17:40:27,4.29,0.00,,,,,
102,06/24/2024 17:45:27,4.29,0.00,,,,,
103,06/24/2024 17:50:27,4.33,0.00,,,,,
104,06/24/2024 17:55:27,4.33,0.00,,,,,
105,06/24/2024 18:00:27,4.33,0.00,,,,,
106,06/24/2024 18:05:27,4.37,0.00,,,,,
107,06/24/2024 18:10:27,4.33,0.00,,,,,
108,06/24/2024 18:15:27,4.33,0.00,,,,,
109,06/24/2024 18:20:27,4.33,0.00,,,,,
110,06/24/2024 18:25:27,4.33,0.00,,,,,
111,06/24/2024 18:30:27,4.33,0.00,,,,,
112,06/24/2024 18:35:27,4.33,0.00,,,,,
113,06/24/2024 18:40:27,4.33,0.00,,,,,
114,06/24/2024 18:45:27,4.29,0.00,,,,,
115,06/24/2024 18:50:27,4.33,0.00,,,,,
116,06/24/2024 18:55:27,4.29,0.00,,,,,
117,06/24/2024 19:00:27,4.29,0.00,,,,,
118,06/24/2024 19:05:27,4.33,0.00,,,,,
119,06/24/2024 19:10:27,4.29,0.00,,,,,
120,06/24/2024 19:15:27,4.29,0.00,,,,,
121,06/24/2024 19:20:27,4.29,0.00,,,,,
122,06/24/2024 19:25:27,4.33,0.00,,,,,
123,06/24/2024 19:30:27,4.29,0.00,,,,,
124,06/24/2024 19:35:27,4.29,0.00,,,,,
125,06/24/2024 19:40:27,4.29,0.00,,,,,
126,06/24/2024 19:45:27,4.24,0.00,,,,,
127,06/24/2024 19:50:27,4.24,0.00,,,,,
128,06/24/2024 19:55:27,4.24,0.00,,,,,
129,06/24/2024 20:00:27,4.29,0.00,,,,,
130,06/24/2024 20:05:27,4.20,0.00,,,,,
131,06/24/2024 20:10:27,4.24,0.00,,,,,
132,06/24/2024 20:15:27,4.20,0.00,,,,,
133,06/24/2024 20:20:27,4.20,0.00,,,,,
134,06/24/2024 20:25:27,4.16,0.00,,,,,
135,06/24/2024 20:30:27,4.20,0.00,,,,,
136,06/24/2024 20:35:27,4.16,0.00,,,,,
137,06/24/2024 20:40:27,4.20,0.00,,,,,
138,06/24/2024 20:45:27,4.16,0.00,,,,,
139,06/24/2024 20:50:27,4.16,0.00,,,,,
140,06/24/2024 20:55:27,4.16,0.00,,,,,
141,06/24/2024 21:00:27,4.07,0.00,,,,,
142,06/24/2024 21:05:27,4.03,0.00,,,,,
143,06/24/2024 21:10:27,3.99,0.00,,,,,
144,06/24/2024 21:15:27,3.94,0.00,,,,,
145,06/24/2024 21:20:27,3.86,0.00,,,,,
146,06/24/2024 21:25:27,3.90,0.00,,,,,
147,06/24/2024 21:30:27,3.82,0.00,,,,,
148,06/24/2024 21:35:27,3.77,0.07,,,,,
149,06/24/2024 21:40:27,3.77,0.00,,,,,
150,06/24/2024 21:45:27,3.77,0.00,,,,,
151,06/24/2024 21:50:27,3.69,0.00,,,,,
152,06/24/2024 21:55:27,3.73,0.00,,,,,
153,06/24/2024 22:00:27,3.64,0.00,,,,,
154,06/24/2024 22:05:27,3.69,0.00,,,,,
155,06/24/2024 22:10:27,3.64,0.00,,,,,
156,06/24/2024 22:15:27,3.64,0.00,,,,,
157,06/24/2024 22:20:27,3.64,0.00,,,,,
158,06/24/2024 22:25:27,3.60,0.00,,,,,
159,06/24/2024 22:30:27,3.60,0.00,,,,,
160,06/24/2024 22:35:27,3.60,0.00,,,,,
161,06/24/2024 22:40:27,3.56,0.00,,,,,
162,06/24/2024 22:45:27,3.56,0.00,,,,,
163,06/24/2024 22:50:27,3.60,0.00,,,,,
164,06/24/2024 22:55:27,3.52,0.00,,,,,
165,06/24/2024 23:00:27,3.52,0.00,,,,,
166,06/24/2024 23:05:27,3.56,0.00,,,,,
167,06/24/2024 23:10:27,3.47,0.00,,,,,
168,06/24/2024 23:15:27,3.52,0.00,,,,,
169,06/24/2024 23:20:27,3.52,0.00,,,,,
170,06/24/2024 23:25:27,3.52,0.00,,,,,
171,06/24/2024 23:30:27,3.52,0.00,,,,,
172,06/24/2024 23:35:27,3.43,0.00,,,,,
173,06/24/2024 23:40:27,3.47,0.00,,,,,
174,06/24/2024 23:45:27,3.47,0.00,,,,,
175,06/24/2024 23:50:27,3.39,0.00,,,,,
176,06/24/2024 23:55:27,3.43,0.00,,,,,
177,06/25/2024 00:00:27,3.39,0.00,,,,,
178,06/25/2024 00:05:27,3.43,0.00,,,,,
179,06/25/2024 00:10:27,3.39,0.00,,,,,
180,06/25/2024 00:15:27,3.39,0.00,,,,,
181,06/25/2024 00:20:27,3.39,0.00,,,,,
182,06/25/2024 00:25:27,3.39,0.00,,,,,
183,06/25/2024 00:30:27,3.34,0.00,,,,,
184,06/25/2024 00:35:27,3.34,0.00,,,,,
185,06/25/2024 00:40:27,3.34,0.00,,,,,
186,06/25/2024 00:45:27,3.34,0.00,,,,,
187,06/25/2024 00:50:27,3.34,0.00,,,,,
188,06/25/2024 00:55:27,3.34,0.00,,,,,
189,06/25/2024 01:00:27,3.30,0.00,,,,,
190,06/25/2024 01:05:27,3.30,0.00,,,,,
191,06/25/2024 01:10:27,3.30,0.00,,,,,
192,06/25/2024 01:15:27,3.26,0.00,,,,,
193,06/25/2024 01:20:27,3.26,0.00,,,,,
194,06/25/2024 01:25:27,3.26,0.00,,,,,
195,06/25/2024 01:30:27,3.26,0.00,,,,,
196,06/25/2024 01:35:27,3.21,0.00,,,,,
197,06/25/2024 01:40:27,3.30,0.00,,,,,
198,06/25/2024 01:45:27,3.21,0.00,,,,,
199,06/25/2024 01:50:27,3.21,0.00,,,,,
200,06/25/2024 01:55:27,3.26,0.00,,,,,
201,06/25/2024 02:00:27,3.21,0.00,,,,,
202,06/25/2024 02:05:27,3.17,0.00,,,,,
203,06/25/2024 02:10:27,3.21,0.00,,,,,
204,06/25/2024 02:15:27,3.17,0.00,,,,,
205,06/25/2024 02:20:27,3.21,0.00,,,,,
206,06/25/2024 02:25:27,3.17,0.00,,,,,
207,06/25/2024 02:30:27,3.17,0.00,,,,,
208,06/25/2024 02:35:27,3.17,0.00,,,,,
209,06/25/2024 02:40:27,3.13,0.00,,,,,
210,06/25/2024 02:45:27,3.17,0.00,,,,,
211,06/25/2024 02:50:27,3.13,0.00,,,,,
212,06/25/2024 02:55:27,3.17,0.00,,,,,
213,06/25/2024 03:00:27,3.17,0.00,,,,,
214,06/25/2024 03:05:27,3.13,0.00,,,,,
215,06/25/2024 03:10:27,3.09,0.00,,,,,
216,06/25/2024 03:15:27,3.09,0.00,,,,,
217,06/25/2024 03:20:27,3.09,0.00,,,,,
218,06/25/2024 03:25:27,3.04,0.00,,,,,
219,06/25/2024 03:30:27,3.09,0.00,,,,,
220,06/25/2024 03:35:27,3.09,0.00,,,,,
221,06/25/2024 03:40:27,3.04,0.00,,,,,
222,06/25/2024 03:45:27,3.04,0.00,,,,,
223,06/25/2024 03:50:27,3.09,0.00,,,,,
224,06/25/2024 03:55:27,3.04,0.00,,,,,
225,06/25/2024 04:00:27,3.04,0.00,,,,,
226,06/25/2024 04:05:27,3.04,0.00,,,,,
227,06/25/2024 04:10:27,3.04,0.00,,,,,
228,06/25/2024 04:15:27,3.00,0.00,,,,,
229,06/25/2024 04:20:27,3.00,0.00,,,,,
230,06/25/2024 04:25:27,2.96,0.00,,,,,
231,06/25/2024 04:30:27,3.04,0.00,,,,,
232,06/25/2024 04:35:27,3.00,0.00,,,,,
233,06/25/2024 04:40:27,3.04,0.00,,,,,
234,06/25/2024 04:45:27,3.00,0.00,,,,,
235,06/25/2024 04:50:27,2.96,0.00,,,,,
236,06/25/2024 04:55:27,3.00,0.00,,,,,
237,06/25/2024 05:00:27,2.96,0.00,,,,,
238,06/25/2024 05:05:27,2.96,0.00,,,,,
239,06/25/2024 05:10:27,2.96,0.00,,,,,
240,06/25/2024 05:15:27,2.96,0.00,,,,,
241,06/25/2024 05:20:27,2.96,0.00,,,,,
242,06/25/2024 05:25:27,2.91,0.00,,,,,
243,06/25/2024 05:30:27,2.87,0.00,,,,,
244,06/25/2024 05:35:27,2.91,0.00,,,,,
245,06/25/2024 05:40:27,2.91,0.00,,,,,
246,06/25/2024 05:45:27,2.91,0.00,,,,,
247,06/25/2024 05:50:27,2.87,0.00,,,,,
248,06/25/2024 05:55:27,2.91,0.00,,,,,
249,06/25/2024 06:00:27,2.87,0.00,,,,,
250,06/25/2024 06:05:27,2.87,0.00,,,,,
251,06/25/2024 06:10:27,2.87,0.00,,,,,
252,06/25/2024 06:15:27,2.91,0.00,,,,,
253,06/25/2024 06:20:27,2.91,0.00,,,,,
254,06/25/2024 06:25:27,2.87,0.00,,,,,
255,06/25/2024 06:30:27,2.83,0.00,,,,,
256,06/25/2024 06:35:27,2.87,0.00,,,,,
257,06/25/2024 06:40:27,2.83,0.00,,,,,
258,06/25/2024 06:45:27,2.83,0.00,,,,,
259,06/25/2024 06:50:27,2.87,0.00,,,,,
260,06/25/2024 06:55:27,2.83,0.00,,,,,
261,06/25/2024 07:00:27,2.83,0.00,,,,,
262,06/25/2024 07:05:27,2.83,0.00,,,,,
263,06/25/2024 07:10:27,2.87,0.00,,,,,
264,06/25/2024 07:15:27,2.87,0.00,,,,,
265,06/25/2024 07:20:27,2.87,0.00,,,,,
266,06/25/2024 07:25:27,2.83,0.00,,,,,
267,06/25/2024 07:30:27,2.83,0.00,,,,,
268,06/25/2024 07:35:27,2.83,0.00,,,,,
269,06/25/2024 07:40:27,2.87,0.00,,,,,
270,06/25/2024 07:45:27,2.83,0.00,,,,,
271,06/25/2024 07:50:27,2.79,0.00,,,,,
272,06/25/2024 07:55:27,2.83,0.00,,,,,
273,06/25/2024 08:00:27,2.83,0.00,,,,,
274,06/25/2024 08:05:27,2.83,0.00,,,,,
275,06/25/2024 08:10:27,2.87,0.00,,,,,
276,06/25/2024 08:15:27,2.87,0.00,,,,,
277,06/25/2024 08:20:27,2.83,0.00,,,,,
278,06/25/2024 08:25:27,2.87,0.00,,,,,
279,06/25/2024 08:30:27,2.87,0.00,,,,,
280,06/25/2024 08:35:27,2.87,0.00,,,,,
281,06/25/2024 08:40:27,2.83,0.00,,,,,
282,06/25/2024 08:45:27,2.87,0.00,,,,,
283,06/25/2024 08:50:27,2.87,0.00,,,,,
284,06/25/2024 08:55:27,2.87,0.00,,,,,
285,06/25/2024 09:00:27,2.83,5.32,,,,,
286,06/25/2024 09:05:27,6.17,5516.80,,,,,
287,06/25/2024 09:10:27,5.75,0.57,,,,,
288,06/25/2024 09:15:27,5.02,0.00,,,,,
289,06/25/2024 09:20:27,4.37,0.00,,,,,
290,06/25/2024 09:25:27,3.99,0.00,,,,,
291,06/25/2024 09:30:27,3.69,0.00,,,,,
292,06/25/2024 09:35:27,3.43,0.00,,,,,
293,06/25/2024 09:40:27,3.30,0.00,,,,,
294,06/25/2024 09:45:27,3.17,0.00,,,,,
295,06/25/2024 09:50:27,3.09,0.00,,,,,
296,06/25/2024 09:55:27,3.00,0.00,,,,,
297,06/25/2024 10:00:27,2.96,0.00,,,,,
298,06/25/2024 10:05:27,2.87,0.00,,,,,
299,06/25/2024 10:10:27,2.91,0.00,,,,,
300,06/25/2024 10:15:27,2.87,0.00,,,,,
301,06/25/2024 10:20:27,2.83,0.00,,,,,
302,06/25/2024 10:25:27,2.74,0.00,,,,,
303,06/25/2024 10:30:27,2.70,0.00,,,,,
304,06/25/2024 10:35:27,2.74,0.00,,,,,
305,06/25/2024 10:40:27,2.70,0.00,,,,,
306,06/25/2024 10:45:27,2.66,0.00,,,,,
307,06/25/2024 10:50:27,2.70,0.00,,,,,
308,06/25/2024 10:55:27,2.61,0.00,,,,,
309,06/25/2024 11:00:27,2.61,0.00,,,,,
310,06/25/2024 11:05:27,2.61,0.00,,,,,
311,06/25/2024 11:10:27,2.57,0.00,,,,,
312,06/25/2024 11:15:27,2.61,0.00,,,,,
313,06/25/2024 11:20:27,2.57,0.00,,,,,
314,06/25/2024 11:25:27,2.53,0.00,,,,,
315,06/25/2024 11:30:27,2.53,0.00,,,,,
316,06/25/2024 11:35:27,2.49,0.00,,,,,
317,06/25/2024 11:40:27,2.53,0.00,,,,,
318,06/25/2024 11:45:27,2.49,0.00,,,,,
319,06/25/2024 11:50:27,2.49,0.00,,,,,
320,06/25/2024 11:55:27,2.53,0.00,,,,,
321,06/25/2024 12:00:27,2.49,0.00,,,,,
322,06/25/2024 12:05:27,2.44,0.00,,,,,
323,06/25/2024 12:10:27,2.49,0.00,,,,,
324,06/25/2024 12:15:27,2.49,0.00,,,,,
325,06/25/2024 12:20:27,2.49,0.00,,,,,
326,06/25/2024 12:25:27,2.44,0.00,,,,,
327,06/25/2024 12:30:27,2.40,0.00,,,,,
328,06/25/2024 12:35:27,2.49,0.00,,,,,
329,06/25/2024 12:40:27,2.44,0.00,,,,,
330,06/25/2024 12:45:27,2.44,0.00,,,,,
331,06/25/2024 12:50:27,2.40,0.00,,,,,
332,06/25/2024 12:55:27,2.40,0.00,,,,,
333,06/25/2024 13:00:27,2.40,0.00,,,,,
334,06/25/2024 13:05:27,2.40,0.00,,,,,
335,06/25/2024 13:10:27,2.36,0.00,,,,,
336,06/25/2024 13:15:27,2.36,0.00,,,,,
337,06/25/2024 13:20:27,2.36,0.00,,,,,
338,06/25/2024 13:25:27,2.36,0.00,,,,,
339,06/25/2024 13:30:27,2.36,0.00,,,,,
340,06/25/2024 13:35:27,2.36,0.00,,,,,
341,06/25/2024 13:40:27,2.36,0.00,,,,,
342,06/25/2024 13:45:27,2.36,0.00,,,,,
343,06/25/2024 13:50:27,2.40,0.00,,,,,
344,06/25/2024 13:55:27,2.40,0.00,,,,,
345,06/25/2024 14:00:27,2.36,0.00,,,,,
346,06/25/2024 14:05:27,2.40,0.00,,,,,
347,06/25/2024 14:10:27,2.49,0.00,,,,,
348,06/25/2024 14:15:27,2.40,0.00,,,,,
349,06/25/2024 14:20:27,2.40,0.00,,,,,
350,06/25/2024 14:25:27,2.49,0.00,,,,,
351,06/25/2024 14:30:27,2.49,0.00,,,,,
352,06/25/2024 14:35:27,2.49,0.00,,,,,
353,06/25/2024 14:40:27,2.44,0.00,,,,,
354,06/25/2024 14:45:27,2.49,0.00,,,,,
355,06/25/2024 14:50:27,2.49,0.00,,,,,
356,06/25/2024 14:55:27,2.49,0.00,,,,,
357,06/25/2024 15:00:27,2.49,0.00,,,,,
358,06/25/2024 15:05:27,2.53,0.00,,,,,
359,06/25/2024 15:10:27,2.57,0.00,,,,,
360,06/25/2024 15:15:27,2.53,0.00,,,,,
361,06/25/2024 15:20:27,2.61,0.00,,,,,
362,06/25/2024 15:25:27,2.53,0.00,,,,,
363,06/25/2024 15:30:27,2.61,0.00,,,,,
364,06/25/2024 15:35:27,2.57,0.00,,,,,
365,06/25/2024 15:40:27,2.66,0.00,,,,,
366,06/25/2024 15:45:27,2.57,0.00,,,,,
367,06/25/2024 15:50:27,2.66,0.00,,,,,
368,06/25/2024 15:55:27,2.66,0.00,,,,,
369,06/25/2024 16:00:27,2.66,0.00,,,,,
370,06/25/2024 16:05:27,2.70,0.00,,,,,
371,06/25/2024 16:10:27,2.70,0.00,,,,,
372,06/25/2024 16:15:27,2.79,0.00,,,,,
373,06/25/2024 16:20:27,2.74,0.00,,,,,
374,06/25/2024 16:25:27,3.39,2.22,,,,,
375,06/25/2024 16:30:27,3.77,2.08,,,,,
376,06/25/2024 16:35:27,3.94,1.94,,,,,
377,06/25/2024 16:40:27,4.12,1.36,,,,,
378,06/25/2024 16:45:27,4.07,1.72,,,,,
379,06/25/2024 16:50:27,4.12,0.49,,,,,
380,06/25/2024 16:55:27,4.12,0.42,,,,,
381,06/25/2024 17:00:27,4.03,0.14,,,,,
382,06/25/2024 17:05:27,4.07,0.07,,,,,
383,06/25/2024 17:10:27,4.03,0.14,,,,,
384,06/25/2024 17:15:27,4.07,0.21,,,,,
385,06/25/2024 17:20:27,3.99,0.28,,,,,
386,06/25/2024 17:25:27,3.99,0.28,,,,,
387,06/25/2024 17:30:27,3.94,0.21,,,,,
388,06/25/2024 17:35:27,3.90,0.14,,,,,
389,06/25/2024 17:40:27,3.94,0.07,,,,,
390,06/25/2024 17:45:27,3.86,0.00,,,,,
391,06/25/2024 17:50:27,3.86,0.00,,,,,
392,06/25/2024 17:55:27,3.77,0.00,,,,,
393,06/25/2024 18:00:27,3.77,0.00,,,,,
394,06/25/2024 18:05:27,3.77,0.00,,,,,
395,06/25/2024 18:10:27,3.73,0.00,,,,,
396,06/25/2024 18:15:27,3.69,0.00,,,,,
397,06/25/2024 18:20:27,3.64,0.00,,,,,
398,06/25/2024 18:25:27,3.64,0.00,,,,,
399,06/25/2024 18:30:27,3.64,0.00,,,,,
400,06/25/2024 18:35:27,3.60,0.00,,,,,
401,06/25/2024 18:40:27,3.60,0.00,,,,,
402,06/25/2024 18:45:27,3.60,0.00,,,,,
403,06/25/2024 18:50:27,3.52,0.00,,,,,
404,06/25/2024 18:55:27,3.52,0.00,,,,,
405,06/25/2024 19:00:27,3.52,0.00,,,,,
406,06/25/2024 19:05:27,3.47,0.00,,,,,
407,06/25/2024 19:10:27,3.52,0.00,,,,,
408,06/25/2024 19:15:27,3.47,0.00,,,,,
409,06/25/2024 19:20:27,3.47,0.00,,,,,
410,06/25/2024 19:25:27,3.47,0.00,,,,,
411,06/25/2024 19:30:27,3.47,0.00,,,,,
412,06/25/2024 19:35:27,3.43,0.00,,,,,
413,06/25/2024 19:40:27,3.39,0.00,,,,,
414,06/25/2024 19:45:27,3.39,0.00,,,,,
415,06/25/2024 19:50:27,3.39,0.00,,,,,
416,06/25/2024 19:55:27,3.34,0.00,,,,,
417,06/25/2024 20:00:27,3.34,0.00,,,,,
418,06/25/2024 20:05:27,3.30,0.00,,,,,
419,06/25/2024 20:10:27,3.30,0.00,,,,,
420,06/25/2024 20:15:27,3.26,0.00,,,,,
421,06/25/2024 20:20:27,3.26,0.00,,,,,
422,06/25/2024 20:25:27,3.26,0.14,,,,,
423,06/25/2024 20:30:27,3.21,0.00,,,,,
424,06/25/2024 20:35:27,3.21,0.00,,,,,
425,06/25/2024 20:40:27,3.26,0.00,,,,,
426,06/25/2024 20:45:27,3.17,0.00,,,,,
427,06/25/2024 20:50:27,3.21,0.00,,,,,
428,06/25/2024 20:55:27,3.17,0.00,,,,,
429,06/25/2024 21:00:27,3.17,0.00,,,,,
430,06/25/2024 21:05:27,3.17,0.00,,,,,
431,06/25/2024 21:10:27,3.13,0.00,,,,,
432,06/25/2024 21:15:27,3.13,0.00,,,,,
433,06/25/2024 21:20:27,3.13,0.00,,,,,
434,06/25/2024 21:25:27,3.09,0.00,,,,,
435,06/25/2024 21:30:27,3.04,0.00,,,,,
436,06/25/2024 21:35:27,3.04,0.00,,,,,
437,06/25/2024 21:40:27,3.04,0.00,,,,,
438,06/25/2024 21:45:27,3.09,0.00,,,,,
439,06/25/2024 21:50:27,3.04,0.00,,,,,
440,06/25/2024 21:55:27,3.00,0.00,,,,,
441,06/25/2024 22:00:27,2.96,0.00,,,,,
442,06/25/2024 22:05:27,3.00,0.00,,,,,
443,06/25/2024 22:10:27,2.96,0.00,,,,,
444,06/25/2024 22:15:27,2.96,0.00,,,,,
445,06/25/2024 22:20:27,2.96,0.00,,,,,
446,06/25/2024 22:25:27,2.91,0.00,,,,,
447,06/25/2024 22:30:27,2.91,0.00,,,,,
448,06/25/2024 22:35:27,2.87,0.00,,,,,
449,06/25/2024 22:40:27,2.87,0.00,,,,,
450,06/25/2024 22:45:27,2.87,0.00,,,,,
451,06/25/2024 22:50:27,2.83,0.00,,,,,
452,06/25/2024 22:55:27,2.83,0.00,,,,,
453,06/25/2024 23:00:27,2.79,0.00,,,,,
454,06/25/2024 23:05:27,2.79,0.00,,,,,
455,06/25/2024 23:10:27,2.79,0.00,,,,,
456,06/25/2024 23:15:27,2.74,0.00,,,,,
457,06/25/2024 23:20:27,2.74,0.00,,,,,
458,06/25/2024 23:25:27,2.74,0.00,,,,,
459,06/25/2024 23:30:27,2.74,0.00,,,,,
460,06/25/2024 23:35:27,2.70,0.00,,,,,
461,06/25/2024 23:40:27,2.70,0.00,,,,,
462,06/25/2024 23:45:27,2.66,0.00,,,,,
463,06/25/2024 23:50:27,2.66,0.00,,,,,
464,06/25/2024 23:55:27,2.66,0.00,,,,,
465,06/26/2024 00:00:27,2.61,0.00,,,,,
466,06/26/2024 00:05:27,2.66,0.00,,,,,
467,06/26/2024 00:10:27,2.61,0.00,,,,,
468,06/26/2024 00:15:27,2.66,0.00,,,,,
469,06/26/2024 00:20:27,2.61,0.00,,,,,
470,06/26/2024 00:25:27,2.61,0.00,,,,,
471,06/26/2024 00:30:27,2.61,0.00,,,,,
472,06/26/2024 00:35:27,2.57,0.00,,,,,
473,06/26/2024 00:40:27,2.61,0.00,,,,,
474,06/26/2024 00:45:27,2.57,0.00,,,,,
475,06/26/2024 00:50:27,2.61,0.00,,,,,
476,06/26/2024 00:55:27,2.53,0.00,,,,,
477,06/26/2024 01:00:27,2.53,0.00,,,,,
478,06/26/2024 01:05:27,2.57,0.07,,,,,
479,06/26/2024 01:10:27,2.49,0.00,,,,,
480,06/26/2024 01:15:27,2.49,0.00,,,,,
481,06/26/2024 01:20:27,2.49,0.00,,,,,
482,06/26/2024 01:25:27,2.49,0.00,,,,,
483,06/26/2024 01:30:27,2.49,0.00,,,,,
484,06/26/2024 01:35:27,2.44,0.00,,,,,
485,06/26/2024 01:40:27,2.49,0.00,,,,,
486,06/26/2024 01:45:27,2.44,0.00,,,,,
487,06/26/2024 01:50:27,2.49,0.00,,,,,
488,06/26/2024 01:55:27,2.40,0.00,,,,,
489,06/26/2024 02:00:27,2.44,0.00,,,,,
490,06/26/2024 02:05:27,2.44,0.00,,,,,
491,06/26/2024 02:10:27,2.40,0.00,,,,,
492,06/26/2024 02:15:27,2.44,0.00,,,,,
493,06/26/2024 02:20:27,2.40,0.00,,,,,
494,06/26/2024 02:25:27,2.44,0.00,,,,,
495,06/26/2024 02:30:27,2.44,0.00,,,,,
496,06/26/2024 02:35:27,2.44,0.00,,,,,
497,06/26/2024 02:40:27,2.36,0.00,,,,,
498,06/26/2024 02:45:27,2.40,0.00,,,,,
499,06/26/2024 02:50:27,2.36,0.00,,,,,
500,06/26/2024 02:55:27,2.36,0.00,,,,,
501,06/26/2024 03:00:27,2.40,0.00,,,,,
502,06/26/2024 03:05:27,2.40,0.00,,,,,
503,06/26/2024 03:10:27,2.31,0.00,,,,,
504,06/26/2024 03:15:27,2.36,0.00,,,,,
505,06/26/2024 03:20:27,2.36,0.00,,,,,
506,06/26/2024 03:25:27,2.31,0.00,,,,,
507,06/26/2024 03:30:27,2.31,0.00,,,,,
508,06/26/2024 03:35:27,2.31,0.00,,,,,
509,06/26/2024 03:40:27,2.27,0.00,,,,,
510,06/26/2024 03:45:27,2.31,0.00,,,,,
511,06/26/2024 03:50:27,2.27,0.00,,,,,
512,06/26/2024 03:55:27,2.27,0.00,,,,,
513,06/26/2024 04:00:27,2.31,0.00,,,,,
514,06/26/2024 04:05:27,2.27,0.00,,,,,
515,06/26/2024 04:10:27,2.27,0.00,,,,,
516,06/26/2024 04:15:27,2.27,0.00,,,,,
517,06/26/2024 04:20:27,2.23,0.00,,,,,
518,06/26/2024 04:25:27,2.23,0.00,,,,,
519,06/26/2024 04:30:27,2.23,0.00,,,,,
520,06/26/2024 04:35:27,2.23,0.00,,,,,
521,06/26/2024 04:40:27,2.23,0.00,,,,,
522,06/26/2024 04:45:27,2.23,0.00,,,,,
523,06/26/2024 04:50:27,2.23,0.00,,,,,
524,06/26/2024 04:55:27,2.23,0.00,,,,,
525,06/26/2024 05:00:27,2.23,0.00,,,,,
526,06/26/2024 05:05:27,2.23,0.00,,,,,
527,06/26/2024 05:10:27,2.23,0.00,,,,,
528,06/26/2024 05:15:27,2.23,0.00,,,,,
529,06/26/2024 05:20:27,2.19,0.00,,,,,
530,06/26/2024 05:25:27,2.19,0.00,,,,,
531,06/26/2024 05:30:27,2.23,0.07,,,,,
532,06/26/2024 05:35:27,2.19,0.00,,,,,
533,06/26/2024 05:40:27,2.19,0.00,,,,,
534,06/26/2024 05:45:27,2.23,0.00,,,,,
535,06/26/2024 05:50:27,2.19,0.00,,,,,
536,06/26/2024 05:55:27,2.19,0.00,,,,,
537,06/26/2024 06:00:27,2.19,0.00,,,,,
538,06/26/2024 06:05:27,2.19,0.00,,,,,
539,06/26/2024 06:10:27,2.19,0.00,,,,,
540,06/26/2024 06:15:27,2.14,0.00,,,,,
541,06/26/2024 06:20:27,2.19,0.00,,,,,
542,06/26/2024 06:25:27,2.19,0.00,,,,,
543,06/26/2024 06:30:27,2.19,0.00,,,,,
544,06/26/2024 06:35:27,2.19,0.00,,,,,
545,06/26/2024 06:40:27,2.19,0.00,,,,,
546,06/26/2024 06:45:27,2.23,0.00,,,,,
547,06/26/2024 06:50:27,2.23,0.00,,,,,
548,06/26/2024 06:55:27,2.19,0.00,,,,,
549,06/26/2024 07:00:27,2.19,0.00,,,,,
550,06/26/2024 07:05:27,2.23,0.00,,,,,
551,06/26/2024 07:10:27,2.19,0.00,,,,,
552,06/26/2024 07:15:27,2.19,0.00,,,,,
553,06/26/2024 07:20:27,2.19,0.00,,,,,
554,06/26/2024 07:25:27,2.23,0.00,,,,,
555,06/26/2024 07:30:27,2.23,0.00,,,,,
556,06/26/2024 07:35:27,2.19,0.00,,,,,
557,06/26/2024 07:40:27,2.23,0.00,,,,,
558,06/26/2024 07:45:27,2.19,0.00,,,,,
559,06/26/2024 07:50:27,2.19,0.00,,,,,
560,06/26/2024 07:55:27,2.19,0.00,,,,,
561,06/26/2024 08:00:27,2.23,0.00,,,,,
562,06/26/2024 08:05:27,2.23,0.00,,,,,
563,06/26/2024 08:10:27,2.23,0.00,,,,,
564,06/26/2024 08:15:27,2.23,0.00,,,,,
565,06/26/2024 08:20:27,2.23,0.00,,,,,
566,06/26/2024 08:25:27,2.23,0.00,,,,,
567,06/26/2024 08:30:27,2.23,0.00,,,,,
568,06/26/2024 08:35:27,2.27,0.00,,,,,
569,06/26/2024 08:40:27,2.27,0.00,,,,,
570,06/26/2024 08:45:27,2.23,0.07,,,,,
571,06/26/2024 08:50:27,2.27,0.00,,,,,
572,06/26/2024 08:55:27,2.23,0.07,,,,,
573,06/26/2024 09:00:27,2.27,0.07,,,,,
574,06/26/2024 09:05:27,5.57,0.00,,,,,
575,06/26/2024 09:10:27,5.19,0.00,,,,,
576,06/26/2024 09:15:27,4.80,0.00,,,,,
577,06/26/2024 09:20:27,4.50,0.00,,,,,
578,06/26/2024 09:25:27,4.20,0.00,,,,,
579,06/26/2024 09:30:27,4.07,0.00,,,,,
580,06/26/2024 09:35:27,3.86,0.00,,,,,
581,06/26/2024 09:40:27,3.77,0.00,,,,,
582,06/26/2024 09:45:27,3.64,0.00,,,,,
583,06/26/2024 09:50:27,3.52,0.00,,,,,
584,06/26/2024 09:55:27,3.43,0.00,,,,,
585,06/26/2024 10:00:27,3.34,0.00,,,,,
586,06/26/2024 10:05:27,3.26,0.00,,,,,
587,06/26/2024 10:10:27,3.17,0.07,,,,,
588,06/26/2024 10:15:27,3.13,0.00,,,,,
589,06/26/2024 10:20:27,3.09,0.00,,,,,
590,06/26/2024 10:25:27,3.04,0.00,,,,,
591,06/26/2024 10:30:27,2.96,0.00,,,,,
592,06/26/2024 10:35:27,2.91,0.00,,,,,
593,06/26/2024 10:40:27,2.87,0.00,,,,,
594,06/26/2024 10:45:27,2.83,0.00,,,,,
595,06/26/2024 10:50:27,2.79,0.00,,,,,
596,06/26/2024 10:55:27,2.79,0.00,,,,,
597,06/26/2024 11:00:27,2.74,0.00,,,,,
598,06/26/2024 11:05:27,2.70,0.00,,,,,
599,06/26/2024 11:10:27,2.74,0.00,,,,,
600,06/26/2024 11:15:27,2.61,0.00,,,,,
601,06/26/2024 11:20:27,2.61,0.00,,,,,
602,06/26/2024 11:25:27,2.61,0.00,,,,,
603,06/26/2024 11:30:27,2.57,0.00,,,,,
604,06/26/2024 11:35:27,2.57,0.00,,,,,
605,06/26/2024 11:40:27,2.53,0.00,,,,,
606,06/26/2024 11:45:27,2.53,0.00,,,,,
607,06/26/2024 11:50:27,2.49,0.00,,,,,
608,06/26/2024 11:55:27,2.49,0.00,,,,,
609,06/26/2024 12:00:27,2.49,0.00,,,,,
610,06/26/2024 12:05:27,2.49,0.00,,,,,
611,06/26/2024 12:10:27,2.44,0.00,,,,,
612,06/26/2024 12:15:27,2.49,0.00,,,,,
613,06/26/2024 12:20:27,2.44,0.00,,,,,
614,06/26/2024 12:25:27,2.40,0.00,,,,,
615,06/26/2024 12:30:27,2.44,0.00,,,,,
616,06/26/2024 12:35:27,2.44,0.00,,,,,
617,06/26/2024 12:40:27,2.44,0.00,,,,,
618,06/26/2024 12:45:27,2.40,0.00,,,,,
619,06/26/2024 12:50:27,2.36,0.00,,,,,
620,06/26/2024 12:55:27,2.40,0.00,,,,,
621,06/26/2024 13:00:27,2.36,0.00,,,,,
622,06/26/2024 13:05:27,2.36,0.00,,,,,
623,06/26/2024 13:10:27,2.40,0.00,,,,,
624,06/26/2024 13:15:27,2.31,0.00,,,,,
625,06/26/2024 13:20:27,2.36,0.00,,,,,
626,06/26/2024 13:25:27,2.36,0.00,,,,,
627,06/26/2024 13:30:27,2.40,0.00,,,,,
628,06/26/2024 13:35:27,2.36,0.00,,,,,
629,06/26/2024 13:40:27,2.40,0.00,,,,,
630,06/26/2024 13:45:27,2.66,0.00,,,,,
631,06/26/2024 13:50:27,2.91,0.00,,,,,
632,06/26/2024 13:55:27,3.04,0.00,,,,,
633,06/26/2024 14:00:27,3.13,0.00,,,,,
634,06/26/2024 14:05:27,3.17,0.00,,,,,
635,06/26/2024 14:10:27,3.26,0.00,,,,,
636,06/26/2024 14:15:27,3.26,0.00,,,,,
637,06/26/2024 14:20:27,3.26,0.00,,,,,
638,06/26/2024 14:25:27,3.34,0.00,,,,,
639,06/26/2024 14:30:27,3.30,0.00,,,,,
640,06/26/2024 14:35:27,3.30,0.00,,,,,
641,06/26/2024 14:40:27,3.39,0.00,,,,,
642,06/26/2024 14:45:27,3.39,0.00,,,,,
643,06/26/2024 14:50:27,3.34,0.07,,,,,
644,06/26/2024 14:55:27,3.39,0.00,,,,,
645,06/26/2024 15:00:27,3.39,0.00,,,,,
646,06/26/2024 15:05:27,3.39,0.00,,,,,
647,06/26/2024 15:10:27,3.34,0.00,,,,,
648,06/26/2024 15:15:27,3.34,0.00,,,,,
649,06/26/2024 15:20:27,3.39,0.00,,,,,
650,06/26/2024 15:25:27,3.39,0.00,,,,,
651,06/26/2024 15:30:27,3.39,0.00,,,,,
652,06/26/2024 15:35:27,3.39,0.00,,,,,
653,06/26/2024 15:40:27,3.43,0.00,,,,,
654,06/26/2024 15:45:27,3.39,0.00,,,,,
655,06/26/2024 15:50:27,3.30,0.00,,,,,
656,06/26/2024 15:55:27,3.43,0.00,,,,,
657,06/26/2024 16:00:27,3.39,0.00,,,,,
658,06/26/2024 16:05:27,3.39,0.00,,,,,
659,06/26/2024 16:10:27,3.39,0.00,,,,,
660,06/26/2024 16:15:27,3.39,0.00,,,,,
661,06/26/2024 16:20:27,3.34,0.00,,,,,
662,06/26/2024 16:25:27,3.39,0.00,,,,,
663,06/26/2024 16:30:27,3.39,0.00,,,,,
664,06/26/2024 16:35:27,3.39,0.00,,,,,
665,06/26/2024 16:40:27,3.47,0.00,,,,,
666,06/26/2024 16:45:27,3.43,0.00,,,,,
667,06/26/2024 16:50:27,3.34,0.00,,,,,
668,06/26/2024 16:55:27,3.39,0.00,,,,,
669,06/26/2024 17:00:27,3.39,0.00,,,,,
670,06/26/2024 17:05:27,3.43,0.00,,,,,
671,06/26/2024 17:10:27,3.39,0.00,,,,,
672,06/26/2024 17:15:27,3.39,0.00,,,,,
673,06/26/2024 17:20:27,3.34,0.00,,,,,
674,06/26/2024 17:25:27,3.34,0.00,,,,,
675,06/26/2024 17:30:27,3.39,0.00,,,,,
676,06/26/2024 17:35:27,3.34,0.00,,,,,
677,06/26/2024 17:40:27,3.39,0.00,,,,,
678,06/26/2024 17:45:27,3.34,0.00,,,,,
679,06/26/2024 17:50:27,3.34,0.00,,,,,
680,06/26/2024 17:55:27,3.39,0.00,,,,,
681,06/26/2024 18:00:27,3.34,0.00,,,,,
682,06/26/2024 18:05:27,3.39,0.00,,,,,
683,06/26/2024 18:10:27,3.39,0.00,,,,,
684,06/26/2024 18:15:27,3.39,0.00,,,,,
685,06/26/2024 18:20:27,3.39,0.00,,,,,
686,06/26/2024 18:25:27,3.34,0.00,,,,,
687,06/26/2024 18:30:27,3.34,0.00,,,,,
688,06/26/2024 18:35:27,3.39,0.00,,,,,
689,06/26/2024 18:40:27,3.34,0.00,,,,,
690,06/26/2024 18:45:27,3.26,0.00,,,,,
691,06/26/2024 18:50:27,3.30,0.00,,,,,
692,06/26/2024 18:55:27,3.30,0.00,,,,,
693,06/26/2024 19:00:27,3.26,0.00,,,,,
694,06/26/2024 19:05:27,3.73,0.00,,,,,
695,06/26/2024 19:10:27,4.24,0.00,,,,,
696,06/26/2024 19:15:27,4.59,0.00,,,,,
697,06/26/2024 19:20:27,4.84,0.00,,,,,
698,06/26/2024 19:25:27,4.93,0.00,,,,,
699,06/26/2024 19:30:27,5.02,0.00,,,,,
700,06/26/2024 19:35:27,5.15,0.00,,,,,
701,06/26/2024 19:40:27,5.10,0.00,,,,,
702,06/26/2024 19:45:27,5.15,0.00,,,,,
703,06/26/2024 19:50:27,5.15,0.00,,,,,
704,06/26/2024 19:55:27,5.19,0.00,,,,,
705,06/26/2024 20:00:27,5.19,0.00,,,,,
706,06/26/2024 20:05:27,5.15,0.00,,,,,
707,06/26/2024 20:10:27,5.10,0.00,,,,,
708,06/26/2024 20:15:27,5.02,0.00,,,,,
709,06/26/2024 20:20:27,5.06,0.00,,,,,
710,06/26/2024 20:25:27,5.02,0.00,,,,,
711,06/26/2024 20:30:27,4.97,0.00,,,,,
712,06/26/2024 20:35:27,4.97,0.00,,,,,
713,06/26/2024 20:40:27,4.93,0.00,,,,,
714,06/26/2024 20:45:27,4.93,0.00,,,,,
715,06/26/2024 20:50:27,4.84,0.00,,,,,
716,06/26/2024 20:55:27,4.84,0.00,,,,,
717,06/26/2024 21:00:27,4.84,0.00,,,,,
718,06/26/2024 21:05:27,4.76,0.00,,,,,
719,06/26/2024 21:10:27,4.72,0.00,,,,,
720,06/26/2024 21:15:27,4.72,0.00,,,,,
721,06/26/2024 21:20:27,4.63,0.00,,,,,
722,06/26/2024 21:25:27,4.63,0.00,,,,,
723,06/26/2024 21:30:27,4.59,0.00,,,,,
724,06/26/2024 21:35:27,4.59,0.00,,,,,
725,06/26/2024 21:40:27,4.54,0.00,,,,,
726,06/26/2024 21:45:27,4.50,0.00,,,,,
727,06/26/2024 21:50:27,4.50,0.00,,,,,
728,06/26/2024 21:55:27,4.46,0.00,,,,,
729,06/26/2024 22:00:27,4.37,0.00,,,,,
730,06/26/2024 22:05:27,4.33,0.00,,,,,
731,06/26/2024 22:10:27,4.33,0.00,,,,,
732,06/26/2024 22:15:27,4.33,0.00,,,,,
733,06/26/2024 22:20:27,4.29,0.00,,,,,
734,06/26/2024 22:25:27,4.29,0.00,,,,,
735,06/26/2024 22:30:27,4.20,0.00,,,,,
736,06/26/2024 22:35:27,4.20,0.00,,,,,
737,06/26/2024 22:40:27,4.20,0.00,,,,,
738,06/26/2024 22:45:27,4.20,0.00,,,,,
739,06/26/2024 22:50:27,4.12,0.00,,,,,
740,06/26/2024 22:55:27,4.16,0.00,,,,,
741,06/26/2024 23:00:27,4.16,0.00,,,,,
742,06/26/2024 23:05:27,4.12,0.00,,,,,
743,06/26/2024 23:10:27,4.07,0.00,,,,,
744,06/26/2024 23:15:27,4.07,0.00,,,,,
745,06/26/2024 23:20:27,4.03,0.00,,,,,
746,06/26/2024 23:25:27,4.03,0.00,,,,,
747,06/26/2024 23:30:27,4.03,0.00,,,,,
748,06/26/2024 23:35:27,3.99,0.00,,,,,
749,06/26/2024 23:40:27,3.99,0.00,,,,,
750,06/26/2024 23:45:27,3.94,0.00,,,,,
751,06/26/2024 23:50:27,3.94,0.00,,,,,
752,06/26/2024 23:55:27,3.90,0.00,,,,,
753,06/27/2024 00:00:27,3.86,0.00,,,,,
754,06/27/2024 00:05:27,3.90,0.00,,,,,
755,06/27/2024 00:10:27,3.86,0.00,,,,,
756,06/27/2024 00:15:27,3.86,0.00,,,,,
757,06/27/2024 00:20:27,3.82,0.00,,,,,
758,06/27/2024 00:25:27,3.82,0.00,,,,,
759,06/27/2024 00:30:27,3.82,0.00,,,,,
760,06/27/2024 00:35:27,3.82,0.00,,,,,
761,06/27/2024 00:40:27,3.73,0.00,,,,,
762,06/27/2024 00:45:27,3.77,0.00,,,,,
763,06/27/2024 00:50:27,3.69,0.00,,,,,
764,06/27/2024 00:55:27,3.73,0.00,,,,,
765,06/27/2024 01:00:27,3.73,0.00,,,,,
766,06/27/2024 01:05:27,3.69,0.00,,,,,
767,06/27/2024 01:10:27,3.69,0.00,,,,,
768,06/27/2024 01:15:27,3.64,0.00,,,,,
769,06/27/2024 01:20:27,3.64,0.00,,,,,
770,06/27/2024 01:25:27,3.64,0.00,,,,,
771,06/27/2024 01:30:27,3.60,0.00,,,,,
772,06/27/2024 01:35:27,3.60,0.00,,,,,
773,06/27/2024 01:40:27,3.60,0.00,,,,,
774,06/27/2024 01:45:27,3.56,0.00,,,,,
775,06/27/2024 01:50:27,3.56,0.00,,,,,
776,06/27/2024 01:55:27,3.52,0.00,,,,,
777,06/27/2024 02:00:27,3.52,0.00,,,,,
778,06/27/2024 02:05:27,3.52,0.00,,,,,
779,06/27/2024 02:10:27,3.52,0.00,,,,,
780,06/27/2024 02:15:27,3.52,0.00,,,,,
781,06/27/2024 02:20:27,3.52,0.00,,,,,
782,06/27/2024 02:25:27,3.52,0.00,,,,,
783,06/27/2024 02:30:27,3.43,0.00,,,,,
784,06/27/2024 02:35:27,3.47,0.00,,,,,
785,06/27/2024 02:40:27,3.43,0.00,,,,,
786,06/27/2024 02:45:27,3.47,0.00,,,,,
787,06/27/2024 02:50:27,3.43,0.00,,,,,
788,06/27/2024 02:55:27,3.43,0.00,,,,,
789,06/27/2024 03:00:27,3.43,0.00,,,,,
790,06/27/2024 03:05:27,3.43,0.00,,,,,
791,06/27/2024 03:10:27,3.39,0.00,,,,,
792,06/27/2024 03:15:27,3.34,0.00,,,,,
793,06/27/2024 03:20:27,3.39,0.00,,,,,
794,06/27/2024 03:25:27,3.34,0.00,,,,,
795,06/27/2024 03:30:27,3.34,0.00,,,,,
796,06/27/2024 03:35:27,3.30,0.00,,,,,
797,06/27/2024 03:40:27,3.30,0.00,,,,,
798,06/27/2024 03:45:27,3.30,0.00,,,,,
799,06/27/2024 03:50:27,3.30,0.00,,,,,
800,06/27/2024 03:55:27,3.21,0.00,,,,,
801,06/27/2024 04:00:27,3.26,0.00,,,,,
802,06/27/2024 04:05:27,3.17,0.00,,,,,
803,06/27/2024 04:10:27,3.21,0.00,,,,,
804,06/27/2024 04:15:27,3.21,0.00,,,,,
805,06/27/2024 04:20:27,3.21,0.00,,,,,
806,06/27/2024 04:25:27,3.17,0.00,,,,,
807,06/27/2024 04:30:27,3.21,0.00,,,,,
808,06/27/2024 04:35:27,3.21,0.00,,,,,
809,06/27/2024 04:40:27,3.21,0.00,,,,,
810,06/27/2024 04:45:27,3.17,0.00,,,,,
811,06/27/2024 04:50:27,3.17,0.00,,,,,
812,06/27/2024 04:55:27,3.17,0.00,,,,,
813,06/27/2024 05:00:27,3.09,0.00,,,,,
814,06/27/2024 05:05:27,3.17,0.00,,,,,
815,06/27/2024 05:10:27,3.09,0.00,,,,,
816,06/27/2024 05:15:27,3.13,0.00,,,,,
817,06/27/2024 05:20:27,3.13,0.00,,,,,
818,06/27/2024 05:25:27,3.09,0.00,,,,,
819,06/27/2024 05:30:27,3.13,0.00,,,,,
820,06/27/2024 05:35:27,3.13,0.00,,,,,
821,06/27/2024 05:40:27,3.13,0.00,,,,,
822,06/27/2024 05:45:27,3.04,0.00,,,,,
823,06/27/2024 05:50:27,3.09,0.00,,,,,
824,06/27/2024 05:55:27,3.09,0.00,,,,,
825,06/27/2024 06:00:27,3.04,0.00,,,,,
826,06/27/2024 06:05:27,3.00,0.00,,,,,
827,06/27/2024 06:10:27,3.09,0.00,,,,,
828,06/27/2024 06:15:27,3.09,0.00,,,,,
829,06/27/2024 06:20:27,3.04,0.00,,,,,
830,06/27/2024 06:25:27,3.04,0.00,,,,,
831,06/27/2024 06:30:27,3.04,0.00,,,,,
832,06/27/2024 06:35:27,3.04,0.00,,,,,
833,06/27/2024 06:40:27,3.04,0.00,,,,,
834,06/27/2024 06:45:27,3.00,0.00,,,,,
835,06/27/2024 06:50:27,3.00,0.00,,,,,
836,06/27/2024 06:55:27,3.00,0.00,,,,,
837,06/27/2024 07:00:27,3.00,0.00,,,,,
838,06/27/2024 07:05:27,3.00,0.00,,,,,
839,06/27/2024 07:10:27,2.96,0.00,,,,,
840,06/27/2024 07:15:27,2.96,0.00,,,,,
841,06/27/2024 07:20:27,2.91,0.00,,,,,
842,06/27/2024 07:25:27,2.91,0.00,,,,,
843,06/27/2024 07:30:27,2.96,0.00,,,,,
844,06/27/2024 07:35:27,2.96,0.00,,,,,
845,06/27/2024 07:40:27,2.96,0.00,,,,,
846,06/27/2024 07:45:27,2.96,0.00,,,,,
847,06/27/2024 07:50:27,2.96,0.00,,,,,
848,06/27/2024 07:55:27,2.96,0.00,,,,,
849,06/27/2024 08:00:27,2.96,0.00,,,,,
850,06/27/2024 08:05:27,2.96,0.00,,,,,
851,06/27/2024 08:10:27,2.91,0.00,,,,,
852,06/27/2024 08:15:27,2.96,0.00,,,,,
853,06/27/2024 08:20:27,3.00,0.00,,,,,
854,06/27/2024 08:25:27,2.96,0.00,,,,,
855,06/27/2024 08:30:27,2.91,0.00,,,,,
856,06/27/2024 08:35:27,2.91,0.00,,,,,
857,06/27/2024 08:40:27,2.96,0.00,,,,,
858,06/27/2024 08:45:27,2.91,0.07,,,,,
859,06/27/2024 08:50:27,2.91,0.00,,,,,
860,06/27/2024 08:55:27,2.91,0.00,,,,,
861,06/27/2024 09:00:27,2.96,0.07,,,,,
862,06/27/2024 09:05:27,3.00,0.00,,,,,
863,06/27/2024 09:10:27,3.09,0.00,,,,,
864,06/27/2024 09:15:27,3.04,0.00,,,,,
865,06/27/2024 09:20:27,3.09,0.00,,,,,
866,06/27/2024 09:25:27,2.96,0.00,,,,,
867,06/27/2024 09:30:27,3.00,0.00,,,,,
868,06/27/2024 09:35:27,2.91,0.00,,,,,
869,06/27/2024 09:40:27,2.96,0.00,,,,,
870,06/27/2024 09:45:27,2.96,0.00,,,,,
871,06/27/2024 09:50:27,2.96,0.00,,,,,
872,06/27/2024 09:55:27,2.91,0.00,,,,,
873,06/27/2024 10:00:27,2.96,0.00,,,,,
874,06/27/2024 10:05:27,2.96,0.00,,,,,
875,06/27/2024 10:10:27,9.95,0.14,,,,,
876,06/27/2024 10:15:27,14.15,2.12,,,,,
877,06/27/2024 10:20:27,18.32,5.01,,,,,
878,06/27/2024 10:25:27,20.89,0.00,,,,,
879,06/27/2024 10:30:27,22.31,9.71,,,,,
880,06/27/2024 10:35:27,23.25,0.28,,,,,
881,06/27/2024 10:40:27,23.51,2.34,,,,,
882,06/27/2024 10:45:27,25.09,16.23,,,,,
883,06/27/2024 10:50:27,26.68,0.00,,,,,
884,06/27/2024 10:55:27,26.72,3.31,,,,,
885,06/27/2024 11:00:27,26.30,3.15,,,,,
886,06/27/2024 11:05:27,26.34,6.35,,,,,
887,06/27/2024 11:10:27,27.54,5.89,,,,,
888,06/27/2024 11:15:27,27.45,8.25,,,,,
889,06/27/2024 11:20:27,27.50,7.65,,,,,
890,06/27/2024 11:25:27,27.32,0.51,,,,,
891,06/27/2024 11:30:27,27.24,8.24,,,,,
892,06/27/2024 11:35:27,27.24,5.14,,,,,
893,06/27/2024 11:40:27,27.54,1.02,,,,,
894,06/27/2024 11:45:27,28.01,6.76,,,,,
895,06/27/2024 11:50:27,28.14,8.84,,,,,
896,06/27/2024 11:55:27,28.14,7.22,,,,,
897,06/27/2024 12:00:27,28.53,0.35,,,,,
898,06/27/2024 12:05:27,28.14,12.99,,,,,
899,06/27/2024 12:10:27,28.10,1.31,,,,,
900,06/27/2024 12:15:27,28.23,1.45,,,,,
901,06/27/2024 12:20:27,28.74,1.38,,,,,
902,06/27/2024 12:25:27,29.30,1.17,,,,,
903,06/27/2024 12:30:27,29.64,1.38,,,,,
904,06/27/2024 12:35:27,30.11,1.10,,,,,
905,06/27/2024 12:40:27,30.37,1.23,,,,,
906,06/27/2024 12:45:27,30.46,1.30,,,,,
907,06/27/2024 12:50:27,30.59,1.37,,,,,
908,06/27/2024 12:55:27,30.93,1.30,,,,,
909,06/27/2024 13:00:27,31.36,2.41,,,,,
910,06/27/2024 13:05:27,32.30,2.04,,,,,
911,06/27/2024 13:10:27,32.94,1.83,,,,,
912,06/27/2024 13:15:27,33.25,1.82,,,,,
913,06/27/2024 13:20:27,33.55,1.45,,,,,
914,06/27/2024 13:25:27,33.63,1.60,,,,,
915,06/27/2024 13:30:27,33.63,1.53,,,,,
916,06/27/2024 13:35:27,33.93,1.53,,,,,
917,06/27/2024 13:40:27,34.15,1.53,,,,,
918,06/27/2024 13:45:27,33.93,1.60,,,,,
919,06/27/2024 13:50:27,33.76,1.61,,,,,
920,06/27/2024 13:55:27,33.72,1.82,,,,,
921,06/27/2024 14:00:27,33.76,1.89,,,,,
922,06/27/2024 14:05:27,34.19,2.04,,,,,
923,06/27/2024 14:10:27,34.88,2.26,,,,,
924,06/27/2024 14:15:27,36.38,2.26,,,,,
925,06/27/2024 14:20:27,37.92,2.55,,,,,
926,06/27/2024 14:25:27,40.07,3.65,,,,,
927,06/27/2024 14:30:27,42.47,2.26,,,,,
928,06/27/2024 14:35:27,43.76,2.55,,,,,
929,06/27/2024 14:40:27,44.57,2.56,,,,,
930,06/27/2024 14:45:27,45.73,2.48,,,,,
931,06/27/2024 14:50:27,46.29,2.41,,,,,
932,06/27/2024 14:55:27,46.59,2.26,,,,,
933,06/27/2024 15:00:27,47.32,2.19,,,,,
934,06/27/2024 15:05:27,47.75,2.40,,,,,
935,06/27/2024 15:10:27,47.83,0.14,,,,,
936,06/27/2024 15:15:27,44.74,0.00,,,,,
937,06/27/2024 15:20:27,41.10,0.00,,,,,
938,06/27/2024 15:25:27,37.84,0.00,,,,,
939,06/27/2024 15:30:27,35.13,0.00,,,,,
940,06/27/2024 15:35:27,32.90,0.00,,,,,
941,06/27/2024 15:40:27,31.23,0.00,,,,,
942,06/27/2024 15:45:27,29.77,0.00,,,,,
943,06/27/2024 15:50:27,28.53,0.00,,,,,
944,06/27/2024 15:55:27,27.45,0.00,,,,,
945,06/27/2024 16:00:27,26.60,0.00,,,,,
946,06/27/2024 16:05:27,25.74,0.00,,,,,
947,06/27/2024 16:10:27,25.09,0.00,,,,,
948,06/27/2024 16:15:27,24.49,0.00,,,,,
949,06/27/2024 16:20:27,23.94,0.00,,,,,
950,06/27/2024 16:25:27,23.46,0.00,,,,,
951,06/27/2024 16:30:27,23.08,0.00,,,,,
952,06/27/2024 16:35:27,22.65,0.00,,,,,
953,06/27/2024 16:40:27,22.31,0.00,,,,,
954,06/27/2024 16:45:27,21.96,0.00,,,,,
955,06/27/2024 16:50:27,21.70,0.00,,,,,
956,06/27/2024 16:55:27,21.40,0.00,,,,,
957,06/27/2024 17:00:27,21.19,0.00,,,,,
958,06/27/2024 17:05:27,20.98,0.00,,,,,
959,06/27/2024 17:10:27,20.80,0.00,,,,,
960,06/27/2024 17:15:27,20.68,0.00,,,,,
961,06/27/2024 17:20:27,20.59,0.00,,,,,
962,06/27/2024 17:25:27,20.33,0.00,,,,,
963,06/27/2024 17:30:27,20.20,0.00,,,,,
964,06/27/2024 17:35:27,20.12,0.00,,,,,
965,06/27/2024 17:40:27,19.95,0.00,,,,,
966,06/27/2024 17:45:27,19.90,0.00,,,,,
967,06/27/2024 17:50:27,19.86,0.00,,,,,
968,06/27/2024 17:55:27,19.82,0.00,,,,,
969,06/27/2024 18:00:27,19.77,0.00,,,,,
970,06/27/2024 18:05:27,19.73,0.00,,,,,
971,06/27/2024 18:10:27,19.77,0.00,,,,,
972,06/27/2024 18:15:27,19.77,0.00,,,,,
973,06/27/2024 18:20:27,19.65,0.00,,,,,
974,06/27/2024 18:25:27,19.56,0.00,,,,,
975,06/27/2024 18:30:27,19.47,0.00,,,,,
976,06/27/2024 18:35:27,19.43,0.00,,,,,
977,06/27/2024 18:40:27,19.39,0.00,,,,,
978,06/27/2024 18:45:27,19.35,0.00,,,,,
979,06/27/2024 18:50:27,19.30,0.00,,,,,
980,06/27/2024 18:55:27,19.22,0.00,,,,,
981,06/27/2024 19:00:27,19.17,0.00,,,,,
982,06/27/2024 19:05:27,19.13,0.00,,,,,
983,06/27/2024 19:10:27,19.09,0.00,,,,,
984,06/27/2024 19:15:27,19.05,0.00,,,,,
985,06/27/2024 19:20:27,18.96,0.00,,,,,
986,06/27/2024 19:25:27,18.79,0.00,,,,,
987,06/27/2024 19:30:27,18.79,0.00,,,,,
988,06/27/2024 19:35:27,18.62,0.00,,,,,
989,06/27/2024 19:40:27,18.44,0.00,,,,,
990,06/27/2024 19:45:27,18.32,0.00,,,,,
991,06/27/2024 19:50:27,18.23,0.00,,,,,
992,06/27/2024 19:55:27,18.23,0.00,,,,,
993,06/27/2024 20:00:27,18.10,0.00,,,,,
994,06/27/2024 20:05:27,18.02,0.00,,,,,
995,06/27/2024 20:10:27,17.97,0.00,,,,,
996,06/27/2024 20:15:27,17.93,0.00,,,,,
997,06/27/2024 20:20:27,17.84,0.00,,,,,
998,06/27/2024 20:25:27,17.80,0.00,,,,,
999,06/27/2024 20:30:27,17.67,0.00,,,,,
1000,06/27/2024 20:35:27,17.63,0.00,,,,,
1001,06/27/2024 20:40:27,17.63,0.00,,,,,
1002,06/27/2024 20:45:27,17.59,0.00,,,,,
1003,06/27/2024 20:50:27,17.50,0.00,,,,,
1004,06/27/2024 20:55:27,17.50,0.00,,,,,
1005,06/27/2024 21:00:27,17.50,0.00,,,,,
1006,06/27/2024 21:05:27,17.46,0.00,,,,,
1007,06/27/2024 21:10:27,17.50,0.00,,,,,
1008,06/27/2024 21:15:27,17.46,0.00,,,,,
1009,06/27/2024 21:20:27,17.46,0.00,,,,,
1010,06/27/2024 21:25:27,17.37,0.00,,,,,
1011,06/27/2024 21:30:27,17.33,0.00,,,,,
1012,06/27/2024 21:35:27,17.24,0.00,,,,,
1013,06/27/2024 21:40:27,17.16,0.00,,,,,
1014,06/27/2024 21:45:27,17.11,0.00,,,,,
1015,06/27/2024 21:50:27,16.99,0.00,,,,,
1016,06/27/2024 21:55:27,16.90,0.00,,,,,
1017,06/27/2024 22:00:27,16.81,0.00,,,,,
1018,06/27/2024 22:05:27,16.69,0.00,,,,,
1019,06/27/2024 22:10:27,16.60,0.00,,,,,
1020,06/27/2024 22:15:27,16.51,0.00,,,,,
1021,06/27/2024 22:20:27,16.43,0.00,,,,,
1022,06/27/2024 22:25:27,16.34,0.00,,,,,
1023,06/27/2024 22:30:27,16.21,0.00,,,,,
1024,06/27/2024 22:35:27,16.13,0.00,,,,,
1025,06/27/2024 22:40:27,16.08,0.00,,,,,
1026,06/27/2024 22:45:27,16.04,0.00,,,,,
1027,06/27/2024 22:50:27,16.04,0.00,,,,,
1028,06/27/2024 22:55:27,16.08,0.00,,,,,
1029,06/27/2024 23:00:27,16.13,0.00,,,,,
1030,06/27/2024 23:05:27,16.21,0.00,,,,,
1031,06/27/2024 23:10:27,16.21,0.00,,,,,
1032,06/27/2024 23:15:27,16.30,0.00,,,,,
1033,06/27/2024 23:20:27,16.34,0.00,,,,,
1034,06/27/2024 23:25:27,16.26,0.00,,,,,
1035,06/27/2024 23:30:27,16.21,0.00,,,,,
1036,06/27/2024 23:35:27,16.21,0.00,,,,,
1037,06/27/2024 23:40:27,16.13,0.00,,,,,
1038,06/27/2024 23:45:27,16.13,0.00,,,,,
1039,06/27/2024 23:50:27,16.04,0.00,,,,,
1040,06/27/2024 23:55:27,15.91,0.00,,,,,
1041,06/28/2024 00:00:27,15.83,0.00,,,,,
1042,06/28/2024 00:05:27,15.74,0.00,,,,,
1043,06/28/2024 00:10:27,15.66,0.00,,,,,
1044,06/28/2024 00:15:27,15.57,0.00,,,,,
1045,06/28/2024 00:20:27,15.48,0.00,,,,,
1046,06/28/2024 00:25:27,15.40,0.00,,,,,
1047,06/28/2024 00:30:27,15.31,0.00,,,,,
1048,06/28/2024 00:35:27,15.27,0.00,,,,,
1049,06/28/2024 00:40:27,15.14,0.00,,,,,
1050,06/28/2024 00:45:27,15.10,0.00,,,,,
1051,06/28/2024 00:50:27,14.97,0.00,,,,,
1052,06/28/2024 00:55:27,14.93,0.00,,,,,
1053,06/28/2024 01:00:27,14.80,0.00,,,,,
1054,06/28/2024 01:05:27,14.75,0.00,,,,,
1055,06/28/2024 01:10:27,14.67,0.00,,,,,
1056,06/28/2024 01:15:27,14.58,0.00,,,,,
1057,06/28/2024 01:20:27,14.54,0.00,,,,,
1058,06/28/2024 01:25:27,14.45,0.00,,,,,
1059,06/28/2024 01:30:27,14.45,0.00,,,,,
1060,06/28/2024 01:35:27,14.37,0.00,,,,,
1061,06/28/2024 01:40:27,14.33,0.00,,,,,
1062,06/28/2024 01:45:27,14.20,0.00,,,,,
1063,06/28/2024 01:50:27,14.20,0.00,,,,,
1064,06/28/2024 01:55:27,14.11,0.00,,,,,
1065,06/28/2024 02:00:27,14.07,0.00,,,,,
1066,06/28/2024 02:05:27,13.98,0.00,,,,,
1067,06/28/2024 02:10:27,13.94,0.00,,,,,
1068,06/28/2024 02:15:27,13.85,0.00,,,,,
1069,06/28/2024 02:20:27,13.81,0.00,,,,,
1070,06/28/2024 02:25:27,13.81,0.00,,,,,
1071,06/28/2024 02:30:27,13.73,0.00,,,,,
1072,06/28/2024 02:35:27,13.64,0.00,,,,,
1073,06/28/2024 02:40:27,13.60,0.00,,,,,
1074,06/28/2024 02:45:27,13.55,0.00,,,,,
1075,06/28/2024 02:50:27,13.47,0.00,,,,,
1076,06/28/2024 02:55:27,13.43,0.00,,,,,
1077,06/28/2024 03:00:27,13.38,0.00,,,,,
1078,06/28/2024 03:05:27,13.34,0.00,,,,,
1079,06/28/2024 03:10:27,13.34,0.00,,,,,
1080,06/28/2024 03:15:27,13.25,0.00,,,,,
1081,06/28/2024 03:20:27,13.25,0.00,,,,,
1082,06/28/2024 03:25:27,13.17,0.00,,,,,
1083,06/28/2024 03:30:27,13.17,0.00,,,,,
1084,06/28/2024 03:35:27,13.08,0.00,,,,,
1085,06/28/2024 03:40:27,13.08,0.00,,,,,
1086,06/28/2024 03:45:27,13.00,0.00,,,,,
1087,06/28/2024 03:50:27,13.00,0.00,,,,,
1088,06/28/2024 03:55:27,12.91,0.00,,,,,
1089,06/28/2024 04:00:27,12.95,0.00,,,,,
1090,06/28/2024 04:05:27,12.91,0.00,,,,,
1091,06/28/2024 04:10:27,12.82,0.00,,,,,
1092,06/28/2024 04:15:27,12.82,0.00,,,,,
1093,06/28/2024 04:20:27,12.74,0.00,,,,,
1094,06/28/2024 04:25:27,12.74,0.00,,,,,
1095,06/28/2024 04:30:27,12.74,0.00,,,,,
1096,06/28/2024 04:35:27,12.65,0.00,,,,,
1097,06/28/2024 04:40:27,12.65,0.00,,,,,
1098,06/28/2024 04:45:27,12.65,0.00,,,,,
1099,06/28/2024 04:50:27,12.61,0.00,,,,,
1100,06/28/2024 04:55:27,12.61,0.00,,,,,
1101,06/28/2024 05:00:27,12.65,0.00,,,,,
1102,06/28/2024 05:05:27,12.61,0.00,,,,,
1103,06/28/2024 05:10:27,12.61,0.00,,,,,
1104,06/28/2024 05:15:27,12.70,0.00,,,,,
1105,06/28/2024 05:20:27,12.61,0.00,,,,,
1106,06/28/2024 05:25:27,12.65,0.00,,,,,
1107,06/28/2024 05:30:27,12.70,0.00,,,,,
1108,06/28/2024 05:35:27,12.65,0.00,,,,,
1109,06/28/2024 05:40:27,12.74,0.00,,,,,
1110,06/28/2024 05:45:27,12.70,0.00,,,,,
1111,06/28/2024 05:50:27,12.70,0.00,,,,,
1112,06/28/2024 05:55:27,12.74,0.00,,,,,
1113,06/28/2024 06:00:27,12.74,0.00,,,,,
1114,06/28/2024 06:05:27,12.70,0.00,,,,,
1115,06/28/2024 06:10:27,12.78,0.00,,,,,
1116,06/28/2024 06:15:27,12.74,0.00,,,,,
1117,06/28/2024 06:20:27,12.74,0.00,,,,,
1118,06/28/2024 06:25:27,12.74,0.00,,,,,
1119,06/28/2024 06:30:27,12.74,0.00,,,,,
1120,06/28/2024 06:35:27,12.78,0.00,,,,,
1121,06/28/2024 06:40:27,12.82,0.00,,,,,
1122,06/28/2024 06:45:27,12.82,0.00,,,,,
1123,06/28/2024 06:50:27,12.91,0.00,,,,,
1124,06/28/2024 06:55:27,12.91,0.00,,,,,
1125,06/28/2024 07:00:27,13.00,0.00,,,,,
1126,06/28/2024 07:05:27,13.08,0.00,,,,,
1127,06/28/2024 07:10:27,13.17,0.00,,,,,
1128,06/28/2024 07:15:27,13.25,0.00,,,,,
1129,06/28/2024 07:20:27,13.30,0.00,,,,,
1130,06/28/2024 07:25:27,13.38,0.00,,,,,
1131,06/28/2024 07:30:27,13.47,0.00,,,,,
1132,06/28/2024 07:35:27,13.51,0.00,,,,,
1133,06/28/2024 07:40:27,13.51,0.00,,,,,
1134,06/28/2024 07:45:27,13.51,0.00,,,,,
1135,06/28/2024 07:50:27,13.47,0.00,,,,,
1136,06/28/2024 07:55:27,13.43,0.00,,,,,
1137,06/28/2024 08:00:27,13.34,0.00,,,,,
1138,06/28/2024 08:05:27,13.34,0.00,,,,,
1139,06/28/2024 08:10:27,13.30,0.00,,,,,
1140,06/28/2024 08:15:27,13.30,0.00,,,,,
1141,06/28/2024 08:20:27,13.25,0.00,,,,,
1142,06/28/2024 08:25:27,13.30,0.00,,,,,
1143,06/28/2024 08:30:27,13.25,0.00,,,,,
1144,06/28/2024 08:35:27,13.21,0.00,,,,,
1145,06/28/2024 08:40:27,13.17,0.00,,,,,
1146,06/28/2024 08:45:27,13.08,0.00,,,,,
1147,06/28/2024 08:50:27,13.12,0.00,,,,,
1148,06/28/2024 08:55:27,13.08,0.00,,,,,
1149,06/28/2024 09:00:27,13.08,0.00,,,,,
1150,06/28/2024 09:05:27,13.00,0.00,,,,,
1151,06/28/2024 09:10:27,13.12,0.00,,,,,
1152,06/28/2024 09:15:27,13.08,0.00,,,,,
1153,06/28/2024 09:20:27,13.12,0.00,,,,,
1154,06/28/2024 09:25:27,13.08,0.00,,,,,
1155,06/28/2024 09:30:27,13.12,0.00,,,,,
1156,06/28/2024 09:35:27,13.17,0.00,,,,,
1157,06/28/2024 09:40:27,13.12,0.00,,,,,
1158,06/28/2024 09:45:27,13.17,0.00,,,,,
1159,06/28/2024 09:50:27,13.17,0.00,,,,,
1160,06/28/2024 09:55:27,13.17,0.00,,,,,
1161,06/28/2024 10:00:27,13.12,0.00,,,,,
1162,06/28/2024 10:05:27,13.21,0.00,,,,,
1163,06/28/2024 10:10:27,13.21,0.00,,,,,
1164,06/28/2024 10:15:27,13.25,0.00,,,,,
1165,06/28/2024 10:20:27,13.38,0.00,,,,,
1166,06/28/2024 10:25:27,13.47,0.00,,,,,
1167,06/28/2024 10:30:27,13.47,0.00,,,,,
1168,06/28/2024 10:35:27,13.47,0.00,,,,,
1169,06/28/2024 10:40:27,13.64,0.00,,,,,
1170,06/28/2024 10:45:27,13.68,0.00,,,,,
1171,06/28/2024 10:50:27,13.81,0.00,,,,,
1172,06/28/2024 10:55:27,13.90,0.00,,,,,
1173,06/28/2024 11:00:27,13.90,0.00,,,,,
1174,06/28/2024 11:05:27,13.94,0.00,,,,,
1175,06/28/2024 11:10:27,14.11,0.00,,,,,
1176,06/28/2024 11:15:27,14.15,0.00,,,,,
1177,06/28/2024 11:20:27,14.24,0.00,,,,,
1178,06/28/2024 11:25:27,14.33,0.00,,,,,
1179,06/28/2024 11:30:27,14.37,0.00,,,,,
1180,06/28/2024 11:35:27,14.50,0.00,,,,,
1181,06/28/2024 11:40:27,14.50,0.00,,,,,
1182,06/28/2024 11:45:27,14.58,0.00,,,,,
1183,06/28/2024 11:50:27,14.71,0.00,,,,,
1184,06/28/2024 11:55:27,14.84,0.00,,,,,
1185,06/28/2024 12:00:27,14.97,0.00,,,,,
1186,06/28/2024 12:05:27,15.14,0.00,,,,,
1187,06/28/2024 12:10:27,15.36,0.00,,,,,
1188,06/28/2024 12:15:27,15.48,0.00,,,,,
1189,06/28/2024 12:20:27,15.61,0.00,,,,,
1190,06/28/2024 12:25:27,15.70,0.00,,,,,
1191,06/28/2024 12:30:27,15.83,0.00,,,,,
1192,06/28/2024 12:35:27,15.91,0.00,,,,,
1193,06/28/2024 12:40:27,15.96,0.00,,,,,
1194,06/28/2024 12:45:27,16.00,0.00,,,,,
1195,06/28/2024 12:50:27,16.00,0.00,,,,,
1196,06/28/2024 12:55:27,16.17,0.00,,,,,
1197,06/28/2024 13:00:27,16.17,0.00,,,,,
1198,06/28/2024 13:05:27,16.13,0.00,,,,,
1199,06/28/2024 13:10:27,16.17,0.00,,,,,
1200,06/28/2024 13:15:27,16.17,0.00,,,,,
1201,06/28/2024 13:20:27,16.21,0.00,,,,,
1202,06/28/2024 13:25:27,16.13,0.00,,,,,
1203,06/28/2024 13:30:27,16.13,0.00,,,,,
1204,06/28/2024 13:35:27,16.13,0.00,,,,,
1205,06/28/2024 13:40:27,16.08,0.00,,,,,
1206,06/28/2024 13:45:27,16.04,0.00,,,,,
1207,06/28/2024 13:50:27,16.04,0.00,,,,,
1208,06/28/2024 13:55:27,16.00,0.00,,,,,
1209,06/28/2024 14:00:27,16.00,0.00,,,,,
1210,06/28/2024 14:05:27,15.91,0.00,,,,,
1211,06/28/2024 14:10:27,15.96,0.00,,,,,
1212,06/28/2024 14:15:27,15.87,0.00,,,,,
1213,06/28/2024 14:20:27,15.91,0.00,,,,,
1214,06/28/2024 14:25:27,15.87,0.00,,,,,
1215,06/28/2024 14:30:27,15.83,0.00,,,,,
1216,06/28/2024 14:35:27,15.83,0.00,,,,,
1217,06/28/2024 14:40:27,15.87,0.00,,,,,
1218,06/28/2024 14:45:27,15.87,0.00,,,,,
1219,06/28/2024 14:50:27,15.87,0.00,,,,,
1220,06/28/2024 14:55:27,15.87,0.00,,,,,
1221,06/28/2024 15:00:27,15.87,0.00,,,,,
1222,06/28/2024 15:05:27,15.91,0.00,,,,,
1223,06/28/2024 15:10:27,15.96,0.00,,,,,
1224,06/28/2024 15:15:27,15.91,0.00,,,,,
1225,06/28/2024 15:20:27,15.91,0.00,,,,,
1226,06/28/2024 15:25:27,15.96,0.00,,,,,
1227,06/28/2024 15:30:27,15.91,0.00,,,,,
1228,06/28/2024 15:35:27,15.96,0.00,,,,,
1229,06/28/2024 15:40:27,15.91,0.00,,,,,
1230,06/28/2024 15:45:27,15.91,0.00,,,,,
1231,06/28/2024 15:50:27,15.91,0.00,,,,,
1232,06/28/2024 15:55:27,15.91,0.00,,,,,
1233,06/28/2024 16:00:27,15.91,0.00,,,,,
1234,06/28/2024 16:05:27,15.87,0.00,,,,,
1235,06/28/2024 16:10:27,15.83,0.00,,,,,
1236,06/28/2024 16:15:27,15.91,0.00,,,,,
1237,06/28/2024 16:20:27,15.83,0.00,,,,,
1238,06/28/2024 16:25:27,15.78,0.00,,,,,
1239,06/28/2024 16:30:27,15.83,0.00,,,,,
1240,06/28/2024 16:35:27,15.83,0.00,,,,,
1241,06/28/2024 16:40:27,15.87,0.00,,,,,
1242,06/28/2024 16:45:27,15.87,0.00,,,,,
1243,06/28/2024 16:50:27,15.91,0.00,,,,,
1244,06/28/2024 16:55:27,15.87,0.00,,,,,
1245,06/28/2024 17:00:27,15.91,0.00,,,,,
1246,06/28/2024 17:05:27,15.96,0.00,,,,,
1247,06/28/2024 17:10:27,15.96,0.00,,,,,
1248,06/28/2024 17:15:27,15.96,0.00,,,,,
1249,06/28/2024 17:20:27,16.04,0.00,,,,,
1250,06/28/2024 17:25:27,16.08,0.00,,,,,
1251,06/28/2024 17:30:27,16.08,0.00,,,,,
1252,06/28/2024 17:35:27,16.21,0.00,,,,,
1253,06/28/2024 17:40:27,16.21,0.00,,,,,
1254,06/28/2024 17:45:27,16.26,0.00,,,,,
1255,06/28/2024 17:50:27,16.30,0.00,,,,,
1256,06/28/2024 17:55:27,16.34,0.00,,,,,
1257,06/28/2024 18:00:27,16.26,0.00,,,,,
1258,06/28/2024 18:05:27,16.30,0.00,,,,,
1259,06/28/2024 18:10:27,16.26,0.00,,,,,
1260,06/28/2024 18:15:27,16.26,0.00,,,,,
1261,06/28/2024 18:20:27,16.21,0.00,,,,,
1262,06/28/2024 18:25:27,16.17,0.00,,,,,
1263,06/28/2024 18:30:27,16.17,0.00,,,,,
1264,06/28/2024 18:35:27,16.08,0.00,,,,,
1265,06/28/2024 18:40:27,16.00,0.00,,,,,
1266,06/28/2024 18:45:27,15.96,0.00,,,,,
1267,06/28/2024 18:50:27,15.96,0.00,,,,,
1268,06/28/2024 18:55:27,15.91,0.00,,,,,
1269,06/28/2024 19:00:27,15.91,0.00,,,,,
1270,06/28/2024 19:05:27,15.87,0.00,,,,,
1271,06/28/2024 19:10:27,15.87,0.00,,,,,
1272,06/28/2024 19:15:27,15.91,0.00,,,,,
1273,06/28/2024 19:20:27,15.91,0.00,,,,,
1274,06/28/2024 19:25:27,15.91,0.00,,,,,
1275,06/28/2024 19:30:27,15.91,0.00,,,,,
1276,06/28/2024 19:35:27,15.96,0.00,,,,,
1277,06/28/2024 19:40:27,15.87,0.00,,,,,
1278,06/28/2024 19:45:27,15.91,0.00,,,,,
1279,06/28/2024 19:50:27,15.91,0.00,,,,,
1280,06/28/2024 19:55:27,15.87,0.00,,,,,
1281,06/28/2024 20:00:27,15.87,0.00,,,,,
1282,06/28/2024 20:05:27,15.87,0.00,,,,,
1283,06/28/2024 20:10:27,15.87,0.00,,,,,
1284,06/28/2024 20:15:27,15.91,0.00,,,,,
1285,06/28/2024 20:20:27,15.87,0.00,,,,,
1286,06/28/2024 20:25:27,15.96,0.00,,,,,
1287,06/28/2024 20:30:27,15.96,0.00,,,,,
1288,06/28/2024 20:35:27,15.87,0.00,,,,,
1289,06/28/2024 20:40:27,15.91,0.00,,,,,
1290,06/28/2024 20:45:27,15.91,0.00,,,,,
1291,06/28/2024 20:50:27,15.91,0.00,,,,,
1292,06/28/2024 20:55:27,15.87,0.00,,,,,
1293,06/28/2024 21:00:27,15.87,0.00,,,,,
1294,06/28/2024 21:05:27,15.78,0.00,,,,,
1295,06/28/2024 21:10:27,15.70,0.00,,,,,
1296,06/28/2024 21:15:27,15.74,0.00,,,,,
1297,06/28/2024 21:20:27,15.66,0.00,,,,,
1298,06/28/2024 21:25:27,15.57,0.00,,,,,
1299,06/28/2024 21:30:27,15.53,0.00,,,,,
1300,06/28/2024 21:35:27,15.48,0.00,,,,,
1301,06/28/2024 21:40:27,15.36,0.00,,,,,
1302,06/28/2024 21:45:27,15.27,0.00,,,,,
1303,06/28/2024 21:50:27,15.14,0.00,,,,,
1304,06/28/2024 21:55:27,15.10,0.00,,,,,
1305,06/28/2024 22:00:27,15.01,0.00,,,,,
1306,06/28/2024 22:05:27,15.01,0.00,,,,,
1307,06/28/2024 22:10:27,14.93,0.00,,,,,
1308,06/28/2024 22:15:27,14.84,0.00,,,,,
1309,06/28/2024 22:20:27,14.84,0.00,,,,,
1310,06/28/2024 22:25:27,14.80,0.00,,,,,
1311,06/28/2024 22:30:27,14.75,0.00,,,,,
1312,06/28/2024 22:35:27,14.67,0.00,,,,,
1313,06/28/2024 22:40:27,14.63,0.00,,,,,
1314,06/28/2024 22:45:27,14.58,0.00,,,,,
1315,06/28/2024 22:50:27,14.45,0.00,,,,,
1316,06/28/2024 22:55:27,14.41,0.00,,,,,
1317,06/28/2024 23:00:27,14.41,0.00,,,,,
1318,06/28/2024 23:05:27,14.37,0.00,,,,,
1319,06/28/2024 23:10:27,14.28,0.00,,,,,
1320,06/28/2024 23:15:27,14.24,0.00,,,,,
1321,06/28/2024 23:20:27,14.15,0.00,,,,,
1322,06/28/2024 23:25:27,14.15,0.00,,,,,
1323,06/28/2024 23:30:27,14.11,0.00,,,,,
1324,06/28/2024 23:35:27,14.11,0.00,,,,,
1325,06/28/2024 23:40:27,14.11,0.00,,,,,
1326,06/28/2024 23:45:27,14.03,0.00,,,,,
1327,06/28/2024 23:50:27,14.03,0.00,,,,,
1328,06/28/2024 23:55:27,13.94,0.00,,,,,
1329,06/29/2024 00:00:27,13.94,0.00,,,,,
1330,06/29/2024 00:05:27,13.85,0.00,,,,,
1331,06/29/2024 00:10:27,13.85,0.00,,,,,
1332,06/29/2024 00:15:27,13.77,0.00,,,,,
1333,06/29/2024 00:20:27,13.73,0.00,,,,,
1334,06/29/2024 00:25:27,13.68,0.00,,,,,
1335,06/29/2024 00:30:27,13.73,0.00,,,,,
1336,06/29/2024 00:35:27,13.60,0.00,,,,,
1337,06/29/2024 00:40:27,13.55,0.00,,,,,
1338,06/29/2024 00:45:27,13.47,0.00,,,,,
1339,06/29/2024 00:50:27,13.51,0.00,,,,,
1340,06/29/2024 00:55:27,13.47,0.00,,,,,
1341,06/29/2024 01:00:27,13.43,0.00,,,,,
1342,06/29/2024 01:05:27,13.38,0.00,,,,,
1343,06/29/2024 01:10:27,13.34,0.00,,,,,
1344,06/29/2024 01:15:27,13.25,0.00,,,,,
1345,06/29/2024 01:20:27,13.30,0.00,,,,,
1346,06/29/2024 01:25:27,13.25,0.00,,,,,
1347,06/29/2024 01:30:27,13.21,0.00,,,,,
1348,06/29/2024 01:35:27,13.17,0.00,,,,,
1349,06/29/2024 01:40:27,13.17,0.00,,,,,
1350,06/29/2024 01:45:27,13.08,0.00,,,,,
1351,06/29/2024 01:50:27,13.04,0.00,,,,,
1352,06/29/2024 01:55:27,13.04,0.00,,,,,
1353,06/29/2024 02:00:27,13.00,0.00,,,,,
1354,06/29/2024 02:05:27,13.00,0.00,,,,,
1355,06/29/2024 02:10:27,12.95,0.00,,,,,
1356,06/29/2024 02:15:27,12.95,0.00,,,,,
1357,06/29/2024 02:20:27,12.91,0.00,,,,,
1358,06/29/2024 02:25:27,12.87,0.00,,,,,
1359,06/29/2024 02:30:27,12.87,0.00,,,,,
1360,06/29/2024 02:35:27,12.82,0.00,,,,,
1361,06/29/2024 02:40:27,12.78,0.00,,,,,
1362,06/29/2024 02:45:27,12.78,0.00,,,,,
1363,06/29/2024 02:50:27,12.74,0.00,,,,,
1364,06/29/2024 02:55:27,12.70,0.00,,,,,
1365,06/29/2024 03:00:27,12.65,0.00,,,,,
1366,06/29/2024 03:05:27,12.65,0.00,,,,,
1367,06/29/2024 03:10:27,12.61,0.00,,,,,
1368,06/29/2024 03:15:27,12.57,0.00,,,,,
1369,06/29/2024 03:20:27,12.57,0.00,,,,,
1370,06/29/2024 03:25:27,12.57,0.00,,,,,
1371,06/29/2024 03:30:27,12.52,0.00,,,,,
1372,06/29/2024 03:35:27,12.44,0.00,,,,,
1373,06/29/2024 03:40:27,12.48,0.00,,,,,
1374,06/29/2024 03:45:27,12.40,0.00,,,,,
1375,06/29/2024 03:50:27,12.35,0.00,,,,,
1376,06/29/2024 03:55:27,12.40,0.00,,,,,
1377,06/29/2024 04:00:27,12.35,0.00,,,,,
1378,06/29/2024 04:05:27,12.35,0.00,,,,,
1379,06/29/2024 04:10:27,12.27,0.00,,,,,
1380,06/29/2024 04:15:27,12.31,0.00,,,,,
1381,06/29/2024 04:20:27,12.31,0.00,,,,,
1382,06/29/2024 04:25:27,12.22,0.00,,,,,
1383,06/29/2024 04:30:27,12.22,0.00,,,,,
1384,06/29/2024 04:35:27,12.18,0.00,,,,,
1385,06/29/2024 04:40:27,12.14,0.00,,,,,
1386,06/29/2024 04:45:27,12.14,0.00,,,,,
1387,06/29/2024 04:50:27,12.14,0.00,,,,,
1388,06/29/2024 04:55:27,12.10,0.00,,,,,
1389,06/29/2024 05:00:27,12.05,0.00,,,,,
1390,06/29/2024 05:05:27,12.01,0.00,,,,,
1391,06/29/2024 05:10:27,12.05,0.00,,,,,
1392,06/29/2024 05:15:27,12.05,0.00,,,,,
1393,06/29/2024 05:20:27,11.97,0.00,,,,,
1394,06/29/2024 05:25:27,11.97,0.00,,,,,
1395,06/29/2024 05:30:27,11.97,0.00,,,,,
1396,06/29/2024 05:35:27,11.92,0.00,,,,,
1397,06/29/2024 05:40:27,11.92,0.00,,,,,
1398,06/29/2024 05:45:27,11.92,0.00,,,,,
1399,06/29/2024 05:50:27,11.88,0.00,,,,,
1400,06/29/2024 05:55:27,11.88,0.00,,,,,
1401,06/29/2024 06:00:27,11.92,0.00,,,,,
1402,06/29/2024 06:05:27,11.84,0.00,,,,,
1403,06/29/2024 06:10:27,11.88,0.00,,,,,
1404,06/29/2024 06:15:27,11.88,0.00,,,,,
1405,06/29/2024 06:20:27,11.88,0.00,,,,,
1406,06/29/2024 06:25:27,11.92,0.00,,,,,
1407,06/29/2024 06:30:27,11.84,0.00,,,,,
1408,06/29/2024 06:35:27,11.84,0.00,,,,,
1409,06/29/2024 06:40:27,11.84,0.00,,,,,
1410,06/29/2024 06:45:27,11.88,0.00,,,,,
1411,06/29/2024 06:50:27,11.84,0.00,,,,,
1412,06/29/2024 06:55:27,11.92,0.00,,,,,
1413,06/29/2024 07:00:27,11.97,0.00,,,,,
1414,06/29/2024 07:05:27,11.97,0.00,,,,,
1415,06/29/2024 07:10:27,12.01,0.00,,,,,
1416,06/29/2024 07:15:27,11.97,0.00,,,,,
1417,06/29/2024 07:20:27,12.01,0.00,,,,,
1418,06/29/2024 07:25:27,12.05,0.00,,,,,
1419,06/29/2024 07:30:27,12.05,0.00,,,,,
1420,06/29/2024 07:35:27,12.10,0.00,,,,,
1421,06/29/2024 07:40:27,12.14,0.00,,,,,
1422,06/29/2024 07:45:27,12.22,0.00,,,,,
1423,06/29/2024 07:50:27,12.27,0.00,,,,,
1424,06/29/2024 07:55:27,12.31,0.00,,,,,
1425,06/29/2024 08:00:27,12.44,0.00,,,,,
1426,06/29/2024 08:05:27,12.61,0.00,,,,,
1427,06/29/2024 08:10:27,12.78,0.00,,,,,
1428,06/29/2024 08:15:27,12.95,0.00,,,,,
1429,06/29/2024 08:20:27,13.04,0.00,,,,,
1430,06/29/2024 08:25:27,13.12,0.00,,,,,
1431,06/29/2024 08:30:27,13.17,0.00,,,,,
1432,06/29/2024 08:35:27,13.21,0.00,,,,,
1433,06/29/2024 08:40:27,13.25,0.00,,,,,
1434,06/29/2024 08:45:27,13.30,0.00,,,,,
1435,06/29/2024 08:50:27,13.38,0.00,,,,,
1436,06/29/2024 08:55:27,13.38,0.00,,,,,
1437,06/29/2024 09:00:27,13.43,0.00,,,,,
1438,06/29/2024 09:05:27,13.47,0.00,,,,,
1439,06/29/2024 09:10:27,13.51,0.00,,,,,
1440,06/29/2024 09:15:27,13.60,0.00,,,,,
1441,06/29/2024 09:20:27,13.98,0.00,,,,,
1442,06/29/2024 09:25:27,14.28,0.00,,,,,
1443,06/29/2024 09:30:27,14.50,0.00,,,,,
1444,06/29/2024 09:35:27,14.58,0.00,,,,,
1445,06/29/2024 09:40:27,14.75,0.00,,,,,
1446,06/29/2024 09:45:27,14.93,0.00,,,,,
1447,06/29/2024 09:50:27,15.06,0.00,,,,,
1448,06/29/2024 09:55:27,15.14,0.00,,,,,
1449,06/29/2024 10:00:27,15.23,0.00,,,,,
1450,06/29/2024 10:05:27,15.23,0.00,,,,,
1451,06/29/2024 10:10:27,15.40,0.00,,,,,
1452,06/29/2024 10:15:27,15.40,0.00,,,,,
1453,06/29/2024 10:20:27,15.40,0.00,,,,,
1454,06/29/2024 10:25:27,15.44,0.00,,,,,
1455,06/29/2024 10:30:27,15.48,0.00,,,,,
1456,06/29/2024 10:35:27,15.57,0.00,,,,,
1457,06/29/2024 10:40:27,15.53,0.00,,,,,
1458,06/29/2024 10:45:27,15.53,0.00,,,,,
1459,06/29/2024 10:50:27,15.53,0.00,,,,,
1460,06/29/2024 10:55:27,15.61,0.00,,,,,
1461,06/29/2024 11:00:27,15.57,0.00,,,,,
1462,06/29/2024 11:05:27,15.57,0.00,,,,,
1463,06/29/2024 11:10:27,15.61,0.00,,,,,
1464,06/29/2024 11:15:27,15.61,0.00,,,,,
1465,06/29/2024 11:20:27,15.66,0.00,,,,,
1466,06/29/2024 11:25:27,15.61,0.00,,,,,
1467,06/29/2024 11:30:27,15.66,0.00,,,,,
1468,06/29/2024 11:35:27,15.70,0.00,,,,,
1469,06/29/2024 11:40:27,15.83,0.00,,,,,
1470,06/29/2024 11:45:27,15.87,0.00,,,,,
1471,06/29/2024 11:50:27,16.00,0.00,,,,,
1472,06/29/2024 11:55:27,16.04,0.00,,,,,
1473,06/29/2024 12:00:27,16.13,0.00,,,,,
1474,06/29/2024 12:05:27,16.13,0.00,,,,,
1475,06/29/2024 12:10:27,16.26,0.00,,,,,
1476,06/29/2024 12:15:27,16.34,0.00,,,,,
1477,06/29/2024 12:20:27,16.39,0.00,,,,,
1478,06/29/2024 12:25:27,16.43,0.00,,,,,
1479,06/29/2024 12:30:27,16.51,0.00,,,,,
1480,06/29/2024 12:35:27,16.51,0.00,,,,,
1481,06/29/2024 12:40:27,16.60,0.00,,,,,
1482,06/29/2024 12:45:27,16.64,0.00,,,,,
1483,06/29/2024 12:50:27,16.69,0.00,,,,,
1484,06/29/2024 12:55:27,16.69,0.00,,,,,
1485,06/29/2024 13:00:27,16.73,0.00,,,,,
1486,06/29/2024 13:05:27,16.77,0.00,,,,,
1487,06/29/2024 13:10:27,16.81,0.00,,,,,
1488,06/29/2024 13:15:27,16.81,0.00,,,,,
1489,06/29/2024 13:20:27,16.81,0.00,,,,,
1490,06/29/2024 13:25:27,16.90,0.00,,,,,
1491,06/29/2024 13:30:27,16.90,0.00,,,,,
1492,06/29/2024 13:35:27,16.86,0.00,,,,,
1493,06/29/2024 13:40:27,16.99,0.00,,,,,
1494,06/29/2024 13:45:27,17.03,0.00,,,,,
1495,06/29/2024 13:50:27,16.99,0.00,,,,,
1496,06/29/2024 13:55:27,17.03,0.00,,,,,
1497,06/29/2024 14:00:27,17.07,0.00,,,,,
1498,06/29/2024 14:05:27,17.16,0.00,,,,,
1499,06/29/2024 14:10:27,17.11,0.00,,,,,
1500,06/29/2024 14:15:27,17.16,0.00,,,,,
1501,06/29/2024 14:20:27,17.11,0.00,,,,,
1502,06/29/2024 14:25:27,17.11,0.00,,,,,
1503,06/29/2024 14:30:27,17.11,0.00,,,,,
1504,06/29/2024 14:35:27,17.11,0.00,,,,,
1505,06/29/2024 14:40:27,17.07,0.00,,,,,
1506,06/29/2024 14:45:27,17.07,0.00,,,,,
1507,06/29/2024 14:50:27,17.07,0.00,,,,,
1508,06/29/2024 14:55:27,17.07,0.00,,,,,
1509,06/29/2024 15:00:27,17.03,0.00,,,,,
1510,06/29/2024 15:05:27,17.03,0.00,,,,,
1511,06/29/2024 15:10:27,17.03,0.00,,,,,
1512,06/29/2024 15:15:27,16.99,0.00,,,,,
1513,06/29/2024 15:20:27,16.99,0.00,,,,,
1514,06/29/2024 15:25:27,16.99,0.00,,,,,
1515,06/29/2024 15:30:27,16.94,0.00,,,,,
1516,06/29/2024 15:35:27,16.94,0.00,,,,,
1517,06/29/2024 15:40:27,16.94,0.00,,,,,
1518,06/29/2024 15:45:27,16.86,0.00,,,,,
1519,06/29/2024 15:50:27,16.81,0.00,,,,,
1520,06/29/2024 15:55:27,16.86,0.00,,,,,
1521,06/29/2024 16:00:27,16.81,0.00,,,,,
1522,06/29/2024 16:05:27,16.81,0.00,,,,,
1523,06/29/2024 16:10:27,16.77,0.00,,,,,
1524,06/29/2024 16:15:27,16.81,0.00,,,,,
1525,06/29/2024 16:20:27,16.86,0.00,,,,,
1526,06/29/2024 16:25:27,16.81,0.00,,,,,
1527,06/29/2024 16:30:27,16.86,0.00,,,,,
1528,06/29/2024 16:35:27,16.86,0.00,,,,,
1529,06/29/2024 16:40:27,16.90,0.00,,,,,
1530,06/29/2024 16:45:27,16.99,0.00,,,,,
1531,06/29/2024 16:50:27,16.99,0.00,,,,,
1532,06/29/2024 16:55:27,17.03,0.00,,,,,
1533,06/29/2024 17:00:27,17.03,0.00,,,,,
1534,06/29/2024 17:05:27,17.07,0.00,,,,,
1535,06/29/2024 17:10:27,17.11,0.00,,,,,
1536,06/29/2024 17:15:27,17.16,0.00,,,,,
1537,06/29/2024 17:20:27,17.20,0.00,,,,,
1538,06/29/2024 17:25:27,17.29,0.00,,,,,
1539,06/29/2024 17:30:27,17.33,0.00,,,,,
1540,06/29/2024 17:35:27,17.37,0.00,,,,,
1541,06/29/2024 17:40:27,17.37,0.00,,,,,
1542,06/29/2024 17:45:27,17.37,0.00,,,,,
1543,06/29/2024 17:50:27,17.41,0.00,,,,,
1544,06/29/2024 17:55:27,17.46,0.00,,,,,
1545,06/29/2024 18:00:27,17.41,0.00,,,,,
1546,06/29/2024 18:05:27,17.46,0.00,,,,,
1547,06/29/2024 18:10:27,17.46,0.00,,,,,
1548,06/29/2024 18:15:27,17.46,0.00,,,,,
1549,06/29/2024 18:20:27,17.54,0.00,,,,,
1550,06/29/2024 18:25:27,17.54,0.00,,,,,
1551,06/29/2024 18:30:27,17.59,0.00,,,,,
1552,06/29/2024 18:35:27,17.67,0.00,,,,,
1553,06/29/2024 18:40:27,17.72,0.00,,,,,
1554,06/29/2024 18:45:27,17.80,0.00,,,,,
1555,06/29/2024 18:50:27,17.89,0.00,,,,,
1556,06/29/2024 18:55:27,17.97,0.00,,,,,
1557,06/29/2024 19:00:27,18.06,0.00,,,,,
1558,06/29/2024 19:05:27,18.10,0.00,,,,,
1559,06/29/2024 19:10:27,18.14,0.00,,,,,
1560,06/29/2024 19:15:27,18.19,0.00,,,,,
1561,06/29/2024 19:20:27,18.27,0.00,,,,,
1562,06/29/2024 19:25:27,18.27,0.00,,,,,
1563,06/29/2024 19:30:27,18.32,0.00,,,,,
1564,06/29/2024 19:35:27,18.32,0.00,,,,,
1565,06/29/2024 19:40:27,18.40,0.00,,,,,
1566,06/29/2024 19:45:27,18.40,0.00,,,,,
1567,06/29/2024 19:50:27,18.44,0.00,,,,,
1568,06/29/2024 19:55:27,18.40,0.00,,,,,
1569,06/29/2024 20:00:27,18.40,0.00,,,,,
1570,06/29/2024 20:05:27,18.49,0.00,,,,,
1571,06/29/2024 20:10:27,18.49,0.00,,,,,
1572,06/29/2024 20:15:27,18.57,0.00,,,,,
1573,06/29/2024 20:20:27,18.62,0.00,,,,,
1574,06/29/2024 20:25:27,18.74,0.00,,,,,
1575,06/29/2024 20:30:27,18.79,0.00,,,,,
1576,06/29/2024 20:35:27,18.87,0.00,,,,,
1577,06/29/2024 20:40:27,19.00,0.00,,,,,
1578,06/29/2024 20:45:27,19.09,0.00,,,,,
1579,06/29/2024 20:50:27,19.13,0.00,,,,,
1580,06/29/2024 20:55:27,19.30,0.00,,,,,
1581,06/29/2024 21:00:27,19.35,0.00,,,,,
1582,06/29/2024 21:05:27,19.47,0.00,,,,,
1583,06/29/2024 21:10:27,19.65,0.00,,,,,
1584,06/29/2024 21:15:27,19.65,0.00,,,,,
1585,06/29/2024 21:20:27,19.77,0.00,,,,,
1586,06/29/2024 21:25:27,19.82,0.00,,,,,
1587,06/29/2024 21:30:27,19.90,0.00,,,,,
1588,06/29/2024 21:35:27,19.99,0.00,,,,,
1589,06/29/2024 21:40:27,19.99,0.00,,,,,
1590,06/29/2024 21:45:27,20.07,0.00,,,,,
1591,06/29/2024 21:50:27,20.12,0.00,,,,,
1592,06/29/2024 21:55:27,20.16,0.00,,,,,
1593,06/29/2024 22:00:27,20.20,0.00,,,,,
1594,06/29/2024 22:05:27,20.20,0.00,,,,,
1595,06/29/2024 22:10:27,20.29,0.00,,,,,
1596,06/29/2024 22:15:27,20.37,0.00,,,,,
1597,06/29/2024 22:20:27,20.42,0.00,,,,,
1598,06/29/2024 22:25:27,20.42,0.00,,,,,
1599,06/29/2024 22:30:27,20.46,0.00,,,,,
1600,06/29/2024 22:35:27,20.46,0.00,,,,,
1601,06/29/2024 22:40:27,20.50,0.00,,,,,
1602,06/29/2024 22:45:27,20.59,0.00,,,,,
1603,06/29/2024 22:50:27,20.59,0.00,,,,,
1604,06/29/2024 22:55:27,20.63,0.00,,,,,
1605,06/29/2024 23:00:27,20.68,0.00,,,,,
1606,06/29/2024 23:05:27,20.72,0.00,,,,,
1607,06/29/2024 23:10:27,20.68,0.00,,,,,
1608,06/29/2024 23:15:27,20.72,0.00,,,,,
1609,06/29/2024 23:20:27,20.76,0.00,,,,,
1610,06/29/2024 23:25:27,20.72,0.00,,,,,
1611,06/29/2024 23:30:27,20.80,0.00,,,,,
1612,06/29/2024 23:35:27,20.80,0.00,,,,,
1613,06/29/2024 23:40:27,20.80,0.00,,,,,
1614,06/29/2024 23:45:27,20.80,0.00,,,,,
1615,06/29/2024 23:50:27,20.80,0.00,,,,,
1616,06/29/2024 23:55:27,20.80,0.00,,,,,
1617,06/30/2024 00:00:27,20.80,0.00,,,,,
1618,06/30/2024 00:05:27,20.85,0.00,,,,,
1619,06/30/2024 00:10:27,20.89,0.00,,,,,
1620,06/30/2024 00:15:27,20.89,0.00,,,,,
1621,06/30/2024 00:20:27,20.89,0.00,,,,,
1622,06/30/2024 00:25:27,20.85,0.00,,,,,
1623,06/30/2024 00:30:27,20.85,0.00,,,,,
1624,06/30/2024 00:35:27,20.89,0.00,,,,,
1625,06/30/2024 00:40:27,20.93,0.00,,,,,
1626,06/30/2024 00:45:27,20.93,0.00,,,,,
1627,06/30/2024 00:50:27,20.89,0.00,,,,,
1628,06/30/2024 00:55:27,20.98,0.00,,,,,
1629,06/30/2024 01:00:27,20.98,0.00,,,,,
1630,06/30/2024 01:05:27,20.89,0.00,,,,,
1631,06/30/2024 01:10:27,20.93,0.00,,,,,
1632,06/30/2024 01:15:27,20.89,0.00,,,,,
1633,06/30/2024 01:20:27,20.89,0.00,,,,,
1634,06/30/2024 01:25:27,20.93,0.00,,,,,
1635,06/30/2024 01:30:27,20.93,0.00,,,,,
1636,06/30/2024 01:35:27,20.89,0.00,,,,,
1637,06/30/2024 01:40:27,20.89,0.00,,,,,
1638,06/30/2024 01:45:27,20.89,0.00,,,,,
1639,06/30/2024 01:50:27,20.89,0.00,,,,,
1640,06/30/2024 01:55:27,20.85,0.00,,,,,
1641,06/30/2024 02:00:27,20.89,0.00,,,,,
1642,06/30/2024 02:05:27,20.89,0.00,,,,,
1643,06/30/2024 02:10:27,20.89,0.00,,,,,
1644,06/30/2024 02:15:27,20.85,0.00,,,,,
1645,06/30/2024 02:20:27,20.89,0.00,,,,,
1646,06/30/2024 02:25:27,20.89,0.00,,,,,
1647,06/30/2024 02:30:27,20.89,0.00,,,,,
1648,06/30/2024 02:35:27,20.89,0.00,,,,,
1649,06/30/2024 02:40:27,20.93,0.00,,,,,
1650,06/30/2024 02:45:27,20.89,0.00,,,,,
1651,06/30/2024 02:50:27,20.89,0.00,,,,,
1652,06/30/2024 02:55:27,20.89,0.00,,,,,
1653,06/30/2024 03:00:27,20.89,0.00,,,,,
1654,06/30/2024 03:05:27,20.85,0.00,,,,,
1655,06/30/2024 03:10:27,20.89,0.00,,,,,
1656,06/30/2024 03:15:27,20.93,0.00,,,,,
1657,06/30/2024 03:20:27,20.89,0.00,,,,,
1658,06/30/2024 03:25:27,20.85,0.00,,,,,
1659,06/30/2024 03:30:27,20.89,0.00,,,,,
1660,06/30/2024 03:35:27,20.85,0.00,,,,,
1661,06/30/2024 03:40:27,20.85,0.00,,,,,
1662,06/30/2024 03:45:27,20.85,0.00,,,,,
1663,06/30/2024 03:50:27,20.85,0.00,,,,,
1664,06/30/2024 03:55:27,20.80,0.00,,,,,
1665,06/30/2024 04:00:27,20.85,0.00,,,,,
1666,06/30/2024 04:05:27,20.85,0.00,,,,,
1667,06/30/2024 04:10:27,20.80,0.00,,,,,
1668,06/30/2024 04:15:27,20.85,0.00,,,,,
1669,06/30/2024 04:20:27,20.85,0.00,,,,,
1670,06/30/2024 04:25:27,20.85,0.00,,,,,
1671,06/30/2024 04:30:27,20.85,0.00,,,,,
1672,06/30/2024 04:35:27,20.85,0.00,,,,,
1673,06/30/2024 04:40:27,20.80,0.00,,,,,
1674,06/30/2024 04:45:27,20.80,0.00,,,,,
1675,06/30/2024 04:50:27,20.85,0.00,,,,,
1676,06/30/2024 04:55:27,20.85,0.00,,,,,
1677,06/30/2024 05:00:27,20.85,0.00,,,,,
1678,06/30/2024 05:05:27,20.85,0.00,,,,,
1679,06/30/2024 05:10:27,20.89,0.00,,,,,
1680,06/30/2024 05:15:27,20.89,0.00,,,,,
1681,06/30/2024 05:20:27,20.89,0.00,,,,,
1682,06/30/2024 05:25:27,20.89,0.00,,,,,
1683,06/30/2024 05:30:27,20.85,0.00,,,,,
1684,06/30/2024 05:35:27,20.89,0.00,,,,,
1685,06/30/2024 05:40:27,20.89,0.00,,,,,
1686,06/30/2024 05:45:27,20.89,0.00,,,,,
1687,06/30/2024 05:50:27,20.89,0.00,,,,,
1688,06/30/2024 05:55:27,20.89,0.00,,,,,
1689,06/30/2024 06:00:27,20.85,0.00,,,,,
1690,06/30/2024 06:05:27,20.85,0.00,,,,,
1691,06/30/2024 06:10:27,20.89,0.00,,,,,
1692,06/30/2024 06:15:27,20.85,0.00,,,,,
1693,06/30/2024 06:20:27,20.89,0.00,,,,,
1694,06/30/2024 06:25:27,20.85,0.00,,,,,
1695,06/30/2024 06:30:27,20.89,0.00,,,,,
1696,06/30/2024 06:35:27,20.89,0.00,,,,,
1697,06/30/2024 06:40:27,20.89,0.00,,,,,
1698,06/30/2024 06:45:27,20.93,0.00,,,,,
1699,06/30/2024 06:50:27,20.89,0.00,,,,,
1700,06/30/2024 06:55:27,20.89,0.00,,,,,
1701,06/30/2024 07:00:27,20.93,0.00,,,,,
1702,06/30/2024 07:05:27,20.89,0.00,,,,,
1703,06/30/2024 07:10:27,20.93,0.00,,,,,
1704,06/30/2024 07:15:27,20.93,0.00,,,,,
1705,06/30/2024 07:20:27,20.89,0.00,,,,,
1706,06/30/2024 07:25:27,20.89,0.00,,,,,
1707,06/30/2024 07:30:27,20.93,0.00,,,,,
1708,06/30/2024 07:35:27,20.93,0.00,,,,,
1709,06/30/2024 07:40:27,20.93,0.00,,,,,
1710,06/30/2024 07:45:27,20.98,0.00,,,,,
1711,06/30/2024 07:50:27,20.98,0.00,,,,,
1712,06/30/2024 07:55:27,20.98,0.00,,,,,
1713,06/30/2024 08:00:27,20.93,0.00,,,,,
1714,06/30/2024 08:05:27,20.98,0.00,,,,,
1715,06/30/2024 08:10:27,20.93,0.00,,,,,
1716,06/30/2024 08:15:27,20.93,0.00,,,,,
1717,06/30/2024 08:20:27,20.93,0.00,,,,,
1718,06/30/2024 08:25:27,20.93,0.00,,,,,
1719,06/30/2024 08:30:27,20.98,0.00,,,,,
1720,06/30/2024 08:35:27,21.02,0.00,,,,,
1721,06/30/2024 08:40:27,21.02,0.00,,,,,
1722,06/30/2024 08:45:27,20.98,0.00,,,,,
1723,06/30/2024 08:50:27,21.02,0.00,,,,,
1724,06/30/2024 08:55:27,20.98,0.00,,,,,
1725,06/30/2024 09:00:27,20.98,0.00,,,,,
1726,06/30/2024 09:05:27,20.98,0.00,,,,,
1727,06/30/2024 09:10:27,21.02,0.00,,,,,
1728,06/30/2024 09:15:27,21.02,0.00,,,,,
1729,06/30/2024 09:20:27,21.06,0.00,,,,,
1730,06/30/2024 09:25:27,21.06,0.00,,,,,
1731,06/30/2024 09:30:27,21.06,0.00,,,,,
1732,06/30/2024 09:35:27,21.06,0.00,,,,,
1733,06/30/2024 09:40:27,21.10,0.00,,,,,
1734,06/30/2024 09:45:27,21.19,0.00,,,,,
1735,06/30/2024 09:50:27,21.19,0.00,,,,,
1736,06/30/2024 09:55:27,21.28,0.00,,,,,
1737,06/30/2024 10:00:27,21.23,0.00,,,,,
1738,06/30/2024 10:05:27,21.28,0.00,,,,,
1739,06/30/2024 10:10:27,21.36,0.00,,,,,
1740,06/30/2024 10:15:27,21.32,0.00,,,,,
1741,06/30/2024 10:20:27,21.40,0.00,,,,,
1742,06/30/2024 10:25:27,21.40,0.00,,,,,
1743,06/30/2024 10:30:27,21.45,0.00,,,,,
1744,06/30/2024 10:35:27,21.49,0.00,,,,,
1745,06/30/2024 10:40:27,21.49,0.00,,,,,
1746,06/30/2024 10:45:27,21.49,0.00,,,,,
1747,06/30/2024 10:50:27,21.58,0.00,,,,,
1748,06/30/2024 10:55:27,21.62,0.00,,,,,
1749,06/30/2024 11:00:27,21.66,0.00,,,,,
1750,06/30/2024 11:05:27,21.66,0.00,,,,,
1751,06/30/2024 11:10:27,21.70,0.00,,,,,
1752,06/30/2024 11:15:27,21.70,0.00,,,,,
1753,06/30/2024 11:20:27,21.70,0.00,,,,,
1754,06/30/2024 11:25:27,21.75,0.00,,,,,
1755,06/30/2024 11:30:27,21.75,0.00,,,,,
1756,06/30/2024 11:35:27,21.75,0.00,,,,,
1757,06/30/2024 11:40:27,21.79,0.00,,,,,
1758,06/30/2024 11:45:27,21.79,0.00,,,,,
1759,06/30/2024 11:50:27,21.75,0.00,,,,,
1760,06/30/2024 11:55:27,21.79,0.00,,,,,
1761,06/30/2024 12:00:27,21.79,0.00,,,,,
1762,06/30/2024 12:05:27,21.83,0.00,,,,,
1763,06/30/2024 12:10:27,21.83,0.00,,,,,
1764,06/30/2024 12:15:27,21.79,0.00,,,,,
1765,06/30/2024 12:20:27,21.83,0.00,,,,,
1766,06/30/2024 12:25:27,21.79,0.00,,,,,
1767,06/30/2024 12:30:27,21.83,0.00,,,,,
1768,06/30/2024 12:35:27,21.83,0.00,,,,,
1769,06/30/2024 12:40:27,21.83,0.00,,,,,
1770,06/30/2024 12:45:27,21.83,0.00,,,,,
1771,06/30/2024 12:50:27,21.88,0.00,,,,,
1772,06/30/2024 12:55:27,21.83,0.00,,,,,
1773,06/30/2024 13:00:27,21.83,0.00,,,,,
1774,06/30/2024 13:05:27,21.88,0.00,,,,,
1775,06/30/2024 13:10:27,21.83,0.00,,,,,
1776,06/30/2024 13:15:27,21.92,0.00,,,,,
1777,06/30/2024 13:20:27,21.88,0.00,,,,,
1778,06/30/2024 13:25:27,21.88,0.00,,,,,
1779,06/30/2024 13:30:27,21.88,0.00,,,,,
1780,06/30/2024 13:35:27,21.83,0.00,,,,,
1781,06/30/2024 13:40:27,21.92,0.00,,,,,
1782,06/30/2024 13:45:27,21.79,0.00,,,,,
1783,06/30/2024 13:50:27,21.88,0.00,,,,,
1784,06/30/2024 13:55:27,21.92,0.00,,,,,
1785,06/30/2024 14:00:27,21.92,0.00,,,,,
1786,06/30/2024 14:05:27,21.88,0.00,,,,,
1787,06/30/2024 14:10:27,21.88,0.00,,,,,
1788,06/30/2024 14:15:27,21.88,0.00,,,,,
1789,06/30/2024 14:20:27,21.92,0.00,,,,,
1790,06/30/2024 14:25:27,21.92,0.00,,,,,
1791,06/30/2024 14:30:27,21.92,0.00,,,,,
1792,06/30/2024 14:35:27,21.88,0.00,,,,,
1793,06/30/2024 14:40:27,21.96,0.00,,,,,
1794,06/30/2024 14:45:27,21.96,0.00,,,,,
1795,06/30/2024 14:50:27,21.96,0.00,,,,,
1796,06/30/2024 14:55:27,21.96,0.00,,,,,
1797,06/30/2024 15:00:27,21.96,0.00,,,,,
1798,06/30/2024 15:05:27,21.92,0.00,,,,,
1799,06/30/2024 15:10:27,21.96,0.00,,,,,
1800,06/30/2024 15:15:27,21.92,0.00,,,,,
1801,06/30/2024 15:20:27,21.96,0.00,,,,,
1802,06/30/2024 15:25:27,21.92,0.00,,,,,
1803,06/30/2024 15:30:27,21.92,0.00,,,,,
1804,06/30/2024 15:35:27,21.96,0.00,,,,,
1805,06/30/2024 15:40:27,21.96,0.00,,,,,
1806,06/30/2024 15:45:27,21.92,0.00,,,,,
1807,06/30/2024 15:50:27,21.92,0.00,,,,,
1808,06/30/2024 15:55:27,21.88,0.00,,,,,
1809,06/30/2024 16:00:27,21.92,0.00,,,,,
1810,06/30/2024 16:05:27,21.92,0.00,,,,,
1811,06/30/2024 16:10:27,21.88,0.00,,,,,
1812,06/30/2024 16:15:27,21.92,0.00,,,,,
1813,06/30/2024 16:20:27,21.92,0.00,,,,,
1814,06/30/2024 16:25:27,21.92,0.00,,,,,
1815,06/30/2024 16:30:27,21.92,0.00,,,,,
1816,06/30/2024 16:35:27,21.83,0.00,,,,,
1817,06/30/2024 16:40:27,21.92,0.00,,,,,
1818,06/30/2024 16:45:27,21.92,0.00,,,,,
1819,06/30/2024 16:50:27,21.92,0.00,,,,,
1820,06/30/2024 16:55:27,21.88,0.00,,,,,
1821,06/30/2024 17:00:27,21.88,0.00,,,,,
1822,06/30/2024 17:05:27,21.79,0.00,,,,,
1823,06/30/2024 17:10:27,21.83,0.00,,,,,
1824,06/30/2024 17:15:27,21.88,0.00,,,,,
1825,06/30/2024 17:20:27,21.88,0.00,,,,,
1826,06/30/2024 17:25:27,21.88,0.00,,,,,
1827,06/30/2024 17:30:27,21.83,0.00,,,,,
1828,06/30/2024 17:35:27,21.83,0.00,,,,,
1829,06/30/2024 17:40:27,21.83,0.00,,,,,
1830,06/30/2024 17:45:27,21.83,0.00,,,,,
1831,06/30/2024 17:50:27,21.83,0.00,,,,,
1832,06/30/2024 17:55:27,21.83,0.00,,,,,
1833,06/30/2024 18:00:27,21.83,0.00,,,,,
1834,06/30/2024 18:05:27,21.83,0.00,,,,,
1835,06/30/2024 18:10:27,21.83,0.00,,,,,
1836,06/30/2024 18:15:27,21.83,0.00,,,,,
1837,06/30/2024 18:20:27,21.83,0.00,,,,,
1838,06/30/2024 18:25:27,21.83,0.00,,,,,
1839,06/30/2024 18:30:27,21.83,0.00,,,,,
1840,06/30/2024 18:35:27,21.83,0.00,,,,,
1841,06/30/2024 18:40:27,21.79,0.00,,,,,
1842,06/30/2024 18:45:27,21.83,0.00,,,,,
1843,06/30/2024 18:50:27,21.83,0.00,,,,,
1844,06/30/2024 18:55:27,21.79,0.00,,,,,
1845,06/30/2024 19:00:27,21.83,0.00,,,,,
1846,06/30/2024 19:05:27,21.83,0.00,,,,,
1847,06/30/2024 19:10:27,21.79,0.00,,,,,
1848,06/30/2024 19:15:27,21.79,0.00,,,,,
1849,06/30/2024 19:20:27,21.83,0.00,,,,,
1850,06/30/2024 19:25:27,21.75,0.00,,,,,
1851,06/30/2024 19:30:27,21.79,0.00,,,,,
1852,06/30/2024 19:35:27,21.83,0.00,,,,,
1853,06/30/2024 19:40:27,21.75,0.00,,,,,
1854,06/30/2024 19:45:27,21.83,0.00,,,,,
1855,06/30/2024 19:50:27,21.79,0.00,,,,,
1856,06/30/2024 19:55:27,21.79,0.00,,,,,
1857,06/30/2024 20:00:27,21.79,0.00,,,,,
1858,06/30/2024 20:05:27,21.75,0.00,,,,,
1859,06/30/2024 20:10:27,21.79,0.00,,,,,
1860,06/30/2024 20:15:27,21.79,0.00,,,,,
1861,06/30/2024 20:20:27,21.79,0.00,,,,,
1862,06/30/2024 20:25:27,21.75,0.00,,,,,
1863,06/30/2024 20:30:27,21.75,0.00,,,,,
1864,06/30/2024 20:35:27,21.75,0.00,,,,,
1865,06/30/2024 20:40:27,21.75,0.00,,,,,
1866,06/30/2024 20:45:27,21.75,0.00,,,,,
1867,06/30/2024 20:50:27,21.70,0.00,,,,,
1868,06/30/2024 20:55:27,21.75,0.00,,,,,
1869,06/30/2024 21:00:27,21.70,0.00,,,,,
1870,06/30/2024 21:05:27,21.70,0.00,,,,,
1871,06/30/2024 21:10:27,21.66,0.00,,,,,
1872,06/30/2024 21:15:27,21.70,0.00,,,,,
1873,06/30/2024 21:20:27,21.62,0.00,,,,,
1874,06/30/2024 21:25:27,21.66,0.00,,,,,
1875,06/30/2024 21:30:27,21.62,0.00,,,,,
1876,06/30/2024 21:35:27,21.62,0.00,,,,,
1877,06/30/2024 21:40:27,21.62,0.00,,,,,
1878,06/30/2024 21:45:27,21.62,0.00,,,,,
1879,06/30/2024 21:50:27,21.62,0.00,,,,,
1880,06/30/2024 21:55:27,21.58,0.00,,,,,
1881,06/30/2024 22:00:27,21.58,0.00,,,,,
1882,06/30/2024 22:05:27,21.53,0.00,,,,,
1883,06/30/2024 22:10:27,21.53,0.00,,,,,
1884,06/30/2024 22:15:27,21.58,0.00,,,,,
1885,06/30/2024 22:20:27,21.53,0.00,,,,,
1886,06/30/2024 22:25:27,21.58,0.00,,,,,
1887,06/30/2024 22:30:27,21.53,0.00,,,,,
1888,06/30/2024 22:35:27,21.53,0.00,,,,,
1889,06/30/2024 22:40:27,21.53,0.00,,,,,
1890,06/30/2024 22:45:27,21.49,0.00,,,,,
1891,06/30/2024 22:50:27,21.53,0.00,,,,,
1892,06/30/2024 22:55:27,21.45,0.00,,,,,
1893,06/30/2024 23:00:27,21.45,0.00,,,,,
1894,06/30/2024 23:05:27,21.40,0.00,,,,,
1895,06/30/2024 23:10:27,21.49,0.00,,,,,
1896,06/30/2024 23:15:27,21.49,0.00,,,,,
1897,06/30/2024 23:20:27,21.49,0.00,,,,,
1898,06/30/2024 23:25:27,21.49,0.00,,,,,
1899,06/30/2024 23:30:27,21.45,0.00,,,,,
1900,06/30/2024 23:35:27,21.49,0.00,,,,,
1901,06/30/2024 23:40:27,21.45,0.00,,,,,
1902,06/30/2024 23:45:27,21.45,0.00,,,,,
1903,06/30/2024 23:50:27,21.45,0.00,,,,,
1904,06/30/2024 23:55:27,21.45,0.00,,,,,
1905,07/01/2024 00:00:27,21.49,0.00,,,,,
1906,07/01/2024 00:05:27,21.45,0.00,,,,,
1907,07/01/2024 00:10:27,21.40,0.00,,,,,
1908,07/01/2024 00:15:27,21.40,0.00,,,,,
1909,07/01/2024 00:20:27,21.36,0.00,,,,,
1910,07/01/2024 00:25:27,21.36,0.00,,,,,
1911,07/01/2024 00:30:27,21.36,0.00,,,,,
1912,07/01/2024 00:35:27,21.40,0.00,,,,,
1913,07/01/2024 00:40:27,21.36,0.00,,,,,
1914,07/01/2024 00:45:27,21.36,0.00,,,,,
1915,07/01/2024 00:50:27,21.28,0.00,,,,,
1916,07/01/2024 00:55:27,21.32,0.00,,,,,
1917,07/01/2024 01:00:27,21.32,0.00,,,,,
1918,07/01/2024 01:05:27,21.32,0.00,,,,,
1919,07/01/2024 01:10:27,21.32,0.00,,,,,
1920,07/01/2024 01:15:27,21.32,0.00,,,,,
1921,07/01/2024 01:20:27,21.28,0.00,,,,,
1922,07/01/2024 01:25:27,21.23,0.00,,,,,
1923,07/01/2024 01:30:27,21.28,0.00,,,,,
1924,07/01/2024 01:35:27,21.23,0.00,,,,,
1925,07/01/2024 01:40:27,21.23,0.00,,,,,
1926,07/01/2024 01:45:27,21.23,0.00,,,,,
1927,07/01/2024 01:50:27,21.19,0.00,,,,,
1928,07/01/2024 01:55:27,21.19,0.00,,,,,
1929,07/01/2024 02:00:27,21.19,0.00,,,,,
1930,07/01/2024 02:05:27,21.15,0.00,,,,,
1931,07/01/2024 02:10:27,21.19,0.00,,,,,
1932,07/01/2024 02:15:27,21.15,0.00,,,,,
1933,07/01/2024 02:20:27,21.15,0.00,,,,,
1934,07/01/2024 02:25:27,21.15,0.00,,,,,
1935,07/01/2024 02:30:27,21.15,0.00,,,,,
1936,07/01/2024 02:35:27,21.06,0.00,,,,,
1937,07/01/2024 02:40:27,21.10,0.00,,,,,
1938,07/01/2024 02:45:27,21.06,0.00,,,,,
1939,07/01/2024 02:50:27,21.06,0.00,,,,,
1940,07/01/2024 02:55:27,21.02,0.00,,,,,
1941,07/01/2024 03:00:27,21.02,0.00,,,,,
1942,07/01/2024 03:05:27,21.02,0.00,,,,,
1943,07/01/2024 03:10:27,21.02,0.00,,,,,
1944,07/01/2024 03:15:27,20.98,0.00,,,,,
1945,07/01/2024 03:20:27,21.02,0.00,,,,,
1946,07/01/2024 03:25:27,21.02,0.00,,,,,
1947,07/01/2024 03:30:27,20.98,0.00,,,,,
1948,07/01/2024 03:35:27,20.93,0.00,,,,,
1949,07/01/2024 03:40:27,20.93,0.00,,,,,
1950,07/01/2024 03:45:27,20.98,0.00,,,,,
1951,07/01/2024 03:50:27,20.93,0.00,,,,,
1952,07/01/2024 03:55:27,20.93,0.00,,,,,
1953,07/01/2024 04:00:27,20.98,0.00,,,,,
1954,07/01/2024 04:05:27,20.93,0.00,,,,,
1955,07/01/2024 04:10:27,20.93,0.00,,,,,
1956,07/01/2024 04:15:27,20.89,0.00,,,,,
1957,07/01/2024 04:20:27,20.98,0.00,,,,,
1958,07/01/2024 04:25:27,20.93,0.00,,,,,
1959,07/01/2024 04:30:27,20.89,0.00,,,,,
1960,07/01/2024 04:35:27,20.89,0.00,,,,,
1961,07/01/2024 04:40:27,20.93,0.00,,,,,
1962,07/01/2024 04:45:27,20.93,0.00,,,,,
1963,07/01/2024 04:50:27,20.93,0.00,,,,,
1964,07/01/2024 04:55:27,20.93,0.00,,,,,
1965,07/01/2024 05:00:27,20.93,0.00,,,,,
1966,07/01/2024 05:05:27,20.89,0.00,,,,,
1967,07/01/2024 05:10:27,20.89,0.00,,,,,
1968,07/01/2024 05:15:27,20.85,0.00,,,,,
1969,07/01/2024 05:20:27,20.89,0.00,,,,,
1970,07/01/2024 05:25:27,20.93,0.00,,,,,
1971,07/01/2024 05:30:27,20.85,0.00,,,,,
1972,07/01/2024 05:35:27,20.85,0.00,,,,,
1973,07/01/2024 05:40:27,20.85,0.00,,,,,
1974,07/01/2024 05:45:27,20.85,0.00,,,,,
1975,07/01/2024 05:50:27,20.85,0.00,,,,,
1976,07/01/2024 05:55:27,20.80,0.00,,,,,
1977,07/01/2024 06:00:27,20.80,0.00,,,,,
1978,07/01/2024 06:05:27,20.80,0.00,,,,,
1979,07/01/2024 06:10:27,20.80,0.00,,,,,
1980,07/01/2024 06:15:27,20.76,0.00,,,,,
1981,07/01/2024 06:20:27,20.80,0.00,,,,,
1982,07/01/2024 06:25:27,20.76,0.00,,,,,
1983,07/01/2024 06:30:27,20.72,0.00,,,,,
1984,07/01/2024 06:35:27,20.76,0.00,,,,,
1985,07/01/2024 06:40:27,20.76,0.00,,,,,
1986,07/01/2024 06:45:27,20.72,0.00,,,,,
1987,07/01/2024 06:50:27,20.72,0.00,,,,,
1988,07/01/2024 06:55:27,20.68,0.00,,,,,
1989,07/01/2024 07:00:27,20.72,0.00,,,,,
1990,07/01/2024 07:05:27,20.76,0.00,,,,,
1991,07/01/2024 07:10:27,20.72,0.00,,,,,
1992,07/01/2024 07:15:27,20.68,0.00,,,,,
1993,07/01/2024 07:20:27,20.68,0.00,,,,,
1994,07/01/2024 07:25:27,20.68,0.00,,,,,
1995,07/01/2024 07:30:27,20.68,0.00,,,,,
1996,07/01/2024 07:35:27,20.68,0.00,,,,,
1997,07/01/2024 07:40:27,20.63,0.00,,,,,
1998,07/01/2024 07:45:27,20.68,0.00,,,,,
1999,07/01/2024 07:50:27,20.59,0.00,,,,,
2000,07/01/2024 07:55:27,20.63,0.00,,,,,
2001,07/01/2024 08:00:27,20.59,0.00,,,,,
2002,07/01/2024 08:05:27,20.59,0.00,,,,,
2003,07/01/2024 08:10:27,20.55,0.00,,,,,
2004,07/01/2024 08:15:27,20.59,0.00,,,,,
2005,07/01/2024 08:20:27,20.59,0.00,,,,,
2006,07/01/2024 08:25:27,20.59,0.00,,,,,
2007,07/01/2024 08:30:27,20.59,0.00,,,,,
2008,07/01/2024 08:35:27,20.55,0.00,,,,,
2009,07/01/2024 08:40:27,20.55,0.00,,,,,
2010,07/01/2024 08:45:27,20.55,0.00,,,,,
2011,07/01/2024 08:50:27,20.59,0.00,,,,,
2012,07/01/2024 08:55:27,20.55,0.00,,,,,
2013,07/01/2024 09:00:27,20.59,0.00,,,,,
2014,07/01/2024 09:05:27,20.55,0.00,,,,,
2015,07/01/2024 09:10:27,20.55,0.00,,,,,
2016,07/01/2024 09:15:27,20.59,0.00,,,,,
2017,07/01/2024 09:20:27,20.55,0.00,,,,,
2018,07/01/2024 09:25:27,20.59,0.00,,,,,
2019,07/01/2024 09:30:27,20.63,0.00,,,,,
2020,07/01/2024 09:35:27,20.59,0.00,,,,,
2021,07/01/2024 09:40:27,20.59,0.00,,,,,
2022,07/01/2024 09:45:27,20.63,0.00,,,,,
2023,07/01/2024 09:50:27,20.63,0.00,,,,,
2024,07/01/2024 09:55:27,20.68,0.00,,,,,
2025,07/01/2024 10:00:27,20.68,0.00,,,,,
2026,07/01/2024 10:05:27,20.72,0.00,,,,,
2027,07/01/2024 10:10:27,20.80,0.00,,,,,
2028,07/01/2024 10:15:27,20.76,0.00,,,,,
2029,07/01/2024 10:20:27,20.80,0.00,,,,,
2030,07/01/2024 10:25:27,20.80,0.00,,,,,
2031,07/01/2024 10:30:27,20.85,0.00,,,,,
2032,07/01/2024 10:35:27,20.89,0.00,,,,,
2033,07/01/2024 10:40:27,20.93,0.00,,,,,
2034,07/01/2024 10:45:27,20.93,0.00,,,,,
2035,07/01/2024 10:50:27,21.02,0.00,,,,,
2036,07/01/2024 10:55:27,21.06,0.00,,,,,
2037,07/01/2024 11:00:27,21.10,0.00,,,,,
2038,07/01/2024 11:05:27,21.15,0.00,,,,,
2039,07/01/2024 11:10:27,21.19,0.00,,,,,
2040,07/01/2024 11:15:27,21.23,0.00,,,,,
2041,07/01/2024 11:20:27,21.28,0.00,,,,,
2042,07/01/2024 11:25:27,21.32,0.00,,,,,
2043,07/01/2024 11:30:27,21.28,0.00,,,,,
2044,07/01/2024 11:35:27,21.36,0.00,,,,,
2045,07/01/2024 11:40:27,21.36,0.00,,,,,
2046,07/01/2024 11:45:27,21.45,0.00,,,,,
2047,07/01/2024 11:50:27,21.45,0.00,,,,,
2048,07/01/2024 11:55:27,21.45,0.00,,,,,
2049,07/01/2024 12:00:27,21.45,0.00,,,,,
2050,07/01/2024 12:05:27,21.49,0.00,,,,,
2051,07/01/2024 12:10:27,21.49,0.00,,,,,
2052,07/01/2024 12:15:27,21.45,0.00,,,,,
2053,07/01/2024 12:20:27,21.45,0.00,,,,,
2054,07/01/2024 12:25:27,21.45,0.00,,,,,
2055,07/01/2024 12:30:27,21.45,0.00,,,,,
2056,07/01/2024 12:35:27,21.45,0.00,,,,,
2057,07/01/2024 12:40:27,21.40,0.00,,,,,
2058,07/01/2024 12:45:27,21.40,0.00,,,,,
2059,07/01/2024 12:50:27,21.40,0.00,,,,,
2060,07/01/2024 12:55:27,21.40,0.00,,,,,
2061,07/01/2024 13:00:27,21.40,0.00,,,,,
2062,07/01/2024 13:05:27,21.45,0.00,,,,,
2063,07/01/2024 13:10:27,21.40,0.00,,,,,
2064,07/01/2024 13:15:27,21.36,0.00,,,,,
2065,07/01/2024 13:20:27,21.36,0.00,,,,,
2066,07/01/2024 13:25:27,21.32,0.00,,,,,
2067,07/01/2024 13:30:27,21.36,0.00,,,,,
2068,07/01/2024 13:35:27,21.36,0.00,,,,,
2069,07/01/2024 13:40:27,21.40,0.00,,,,,
2070,07/01/2024 13:45:27,21.36,0.00,,,,,
2071,07/01/2024 13:50:27,21.32,0.00,,,,,
2072,07/01/2024 13:55:27,21.36,0.00,,,,,
2073,07/01/2024 14:00:27,21.32,0.00,,,,,
2074,07/01/2024 14:05:27,21.32,0.00,,,,,
2075,07/01/2024 14:10:27,21.32,0.00,,,,,
2076,07/01/2024 14:15:27,21.32,0.00,,,,,
2077,07/01/2024 14:20:27,21.32,0.00,,,,,
2078,07/01/2024 14:25:27,21.32,0.00,,,,,
2079,07/01/2024 14:30:27,21.28,0.00,,,,,
2080,07/01/2024 14:35:27,21.32,0.00,,,,,
2081,07/01/2024 14:40:27,21.28,0.00,,,,,
2082,07/01/2024 14:45:27,21.32,0.00,,,,,
2083,07/01/2024 14:50:27,21.28,0.00,,,,,
2084,07/01/2024 14:55:27,21.28,0.00,,,,,
2085,07/01/2024 15:00:27,21.28,0.00,,,,,
2086,07/01/2024 15:05:27,21.28,0.00,,,,,
2087,07/01/2024 15:10:27,21.23,0.00,,,,,
2088,07/01/2024 15:15:27,21.23,0.00,,,,,
2089,07/01/2024 15:20:27,21.23,0.00,,,,,
2090,07/01/2024 15:25:27,21.28,0.00,,,,,
2091,07/01/2024 15:30:27,21.28,0.00,,,,,
2092,07/01/2024 15:35:27,21.19,0.00,,,,,
2093,07/01/2024 15:40:27,21.23,0.00,,,,,
2094,07/01/2024 15:45:27,21.23,0.00,,,,,
2095,07/01/2024 15:50:27,21.19,0.00,,,,,
2096,07/01/2024 15:55:27,21.19,0.00,,,,,
2097,07/01/2024 16:00:27,21.28,0.00,,,,,
2098,07/01/2024 16:05:27,21.23,0.00,,,,,
2099,07/01/2024 16:10:27,21.23,0.00,,,,,
2100,07/01/2024 16:15:27,21.19,0.00,,,,,
2101,07/01/2024 16:20:27,21.15,0.00,,,,,
2102,07/01/2024 16:25:27,21.19,0.00,,,,,
2103,07/01/2024 16:30:27,21.19,0.00,,,,,
2104,07/01/2024 16:35:27,21.15,0.00,,,,,
2105,07/01/2024 16:40:27,21.15,0.00,,,,,
2106,07/01/2024 16:45:27,21.15,0.00,,,,,
2107,07/01/2024 16:50:27,21.19,0.00,,,,,
2108,07/01/2024 16:55:27,21.15,0.00,,,,,
2109,07/01/2024 17:00:27,21.10,0.00,,,,,
2110,07/01/2024 17:05:27,21.15,0.00,,,,,
2111,07/01/2024 17:10:27,21.10,0.00,,,,,
2112,07/01/2024 17:15:27,21.10,0.00,,,,,
2113,07/01/2024 17:20:27,21.15,0.00,,,,,
2114,07/01/2024 17:25:27,21.10,0.00,,,,,
2115,07/01/2024 17:30:27,21.10,0.00,,,,,
2116,07/01/2024 17:35:27,21.06,0.00,,,,,
2117,07/01/2024 17:40:27,21.06,0.00,,,,,
2118,07/01/2024 17:45:27,21.02,0.00,,,,,
2119,07/01/2024 17:50:27,21.10,0.00,,,,,
2120,07/01/2024 17:55:27,21.06,0.00,,,,,
2121,07/01/2024 18:00:27,21.02,0.00,,,,,
2122,07/01/2024 18:05:27,21.06,0.00,,,,,
2123,07/01/2024 18:10:27,21.06,0.00,,,,,
2124,07/01/2024 18:15:27,20.98,0.00,,,,,
2125,07/01/2024 18:20:27,21.02,0.00,,,,,
2126,07/01/2024 18:25:27,20.98,0.00,,,,,
2127,07/01/2024 18:30:27,20.98,0.00,,,,,
2128,07/01/2024 18:35:27,20.98,0.00,,,,,
2129,07/01/2024 18:40:27,21.02,0.00,,,,,
2130,07/01/2024 18:45:27,20.98,0.00,,,,,
2131,07/01/2024 18:50:27,21.02,0.00,,,,,
2132,07/01/2024 18:55:27,21.02,0.00,,,,,
2133,07/01/2024 19:00:27,20.98,0.00,,,,,
2134,07/01/2024 19:05:27,21.02,0.00,,,,,
2135,07/01/2024 19:10:27,21.02,0.00,,,,,
2136,07/01/2024 19:15:27,20.89,0.00,,,,,
2137,07/01/2024 19:20:27,20.98,0.00,,,,,
2138,07/01/2024 19:25:27,20.98,0.00,,,,,
2139,07/01/2024 19:30:27,20.89,0.00,,,,,
2140,07/01/2024 19:35:27,20.89,0.00,,,,,
2141,07/01/2024 19:40:27,20.89,0.00,,,,,
2142,07/01/2024 19:45:27,20.93,0.00,,,,,
2143,07/01/2024 19:50:27,20.89,0.00,,,,,
2144,07/01/2024 19:55:27,20.89,0.00,,,,,
2145,07/01/2024 20:00:27,20.85,0.00,,,,,
2146,07/01/2024 20:05:27,20.76,0.00,,,,,
2147,07/01/2024 20:10:27,20.80,0.00,,,,,
2148,07/01/2024 20:15:27,20.72,0.00,,,,,
2149,07/01/2024 20:20:27,20.63,0.00,,,,,
2150,07/01/2024 20:25:27,20.55,0.00,,,,,
2151,07/01/2024 20:30:27,20.55,0.00,,,,,
2152,07/01/2024 20:35:27,20.55,0.00,,,,,
2153,07/01/2024 20:40:27,20.50,0.00,,,,,
2154,07/01/2024 20:45:27,20.46,0.00,,,,,
2155,07/01/2024 20:50:27,20.37,0.00,,,,,
2156,07/01/2024 20:55:27,20.37,0.00,,,,,
2157,07/01/2024 21:00:27,20.37,0.00,,,,,
2158,07/01/2024 21:05:27,20.33,0.00,,,,,
2159,07/01/2024 21:10:27,20.33,0.00,,,,,
2160,07/01/2024 21:15:27,20.25,0.00,,,,,
2161,07/01/2024 21:20:27,20.29,0.00,,,,,
2162,07/01/2024 21:25:27,20.29,0.00,,,,,
2163,07/01/2024 21:30:27,20.29,0.00,,,,,
2164,07/01/2024 21:35:27,20.29,0.00,,,,,
2165,07/01/2024 21:40:27,20.29,0.00,,,,,
2166,07/01/2024 21:45:27,20.29,0.00,,,,,
2167,07/01/2024 21:50:27,20.25,0.00,,,,,
2168,07/01/2024 21:55:27,20.25,0.00,,,,,
2169,07/01/2024 22:00:27,20.25,0.00,,,,,
2170,07/01/2024 22:05:27,20.20,0.00,,,,,
2171,07/01/2024 22:10:27,20.37,0.00,,,,,
2172,07/01/2024 22:15:27,20.68,0.00,,,,,
2173,07/01/2024 22:20:27,20.93,0.00,,,,,
2174,07/01/2024 22:25:27,21.19,0.00,,,,,
2175,07/01/2024 22:30:27,21.36,0.00,,,,,
2176,07/01/2024 22:35:27,21.45,0.00,,,,,
2177,07/01/2024 22:40:27,21.53,0.00,,,,,
2178,07/01/2024 22:45:27,21.53,0.00,,,,,
2179,07/01/2024 22:50:27,21.62,0.00,,,,,
2180,07/01/2024 22:55:27,21.62,0.00,,,,,
2181,07/01/2024 23:00:27,21.62,0.00,,,,,
2182,07/01/2024 23:05:27,21.58,0.00,,,,,
2183,07/01/2024 23:10:27,21.53,0.00,,,,,
2184,07/01/2024 23:15:27,21.58,0.00,,,,,
2185,07/01/2024 23:20:27,21.45,0.00,,,,,
2186,07/01/2024 23:25:27,21.40,0.00,,,,,
2187,07/01/2024 23:30:27,21.45,0.00,,,,,
2188,07/01/2024 23:35:27,21.40,0.00,,,,,
2189,07/01/2024 23:40:27,21.32,0.00,,,,,
2190,07/01/2024 23:45:27,21.28,0.00,,,,,
2191,07/01/2024 23:50:27,21.32,0.00,,,,,
2192,07/01/2024 23:55:27,21.23,0.00,,,,,
2193,07/02/2024 00:00:27,21.19,0.00,,,,,
2194,07/02/2024 00:05:27,21.15,0.00,,,,,
2195,07/02/2024 00:10:27,21.10,0.00,,,,,
2196,07/02/2024 00:15:27,21.10,0.00,,,,,
2197,07/02/2024 00:20:27,21.06,0.00,,,,,
2198,07/02/2024 00:25:27,21.02,0.00,,,,,
2199,07/02/2024 00:30:27,20.98,0.00,,,,,
2200,07/02/2024 00:35:27,21.02,0.00,,,,,
2201,07/02/2024 00:40:27,20.93,0.00,,,,,
2202,07/02/2024 00:45:27,20.89,0.00,,,,,
2203,07/02/2024 00:50:27,20.89,0.00,,,,,
2204,07/02/2024 00:55:27,20.89,0.00,,,,,
2205,07/02/2024 01:00:27,20.85,0.00,,,,,
2206,07/02/2024 01:05:27,20.85,0.00,,,,,
2207,07/02/2024 01:10:27,20.80,0.00,,,,,
2208,07/02/2024 01:15:27,20.80,0.00,,,,,
2209,07/02/2024 01:20:27,20.76,0.00,,,,,
2210,07/02/2024 01:25:27,20.76,0.00,,,,,
2211,07/02/2024 01:30:27,20.72,0.00,,,,,
2212,07/02/2024 01:35:27,20.68,0.00,,,,,
2213,07/02/2024 01:40:27,20.68,0.00,,,,,
2214,07/02/2024 01:45:27,20.63,0.00,,,,,
2215,07/02/2024 01:50:27,20.63,0.00,,,,,
2216,07/02/2024 01:55:27,20.63,0.00,,,,,
2217,07/02/2024 02:00:27,20.59,0.00,,,,,
2218,07/02/2024 02:05:27,20.55,0.00,,,,,
2219,07/02/2024 02:10:27,20.59,0.00,,,,,
2220,07/02/2024 02:15:27,20.50,0.00,,,,,
2221,07/02/2024 02:20:27,20.50,0.00,,,,,
2222,07/02/2024 02:25:27,20.50,0.00,,,,,
2223,07/02/2024 02:30:27,20.46,0.00,,,,,
2224,07/02/2024 02:35:27,20.46,0.00,,,,,
2225,07/02/2024 02:40:27,20.50,0.00,,,,,
2226,07/02/2024 02:45:27,20.42,0.00,,,,,
2227,07/02/2024 02:50:27,20.42,0.00,,,,,
2228,07/02/2024 02:55:27,20.42,0.00,,,,,
2229,07/02/2024 03:00:27,20.42,0.00,,,,,
2230,07/02/2024 03:05:27,20.33,0.00,,,,,
2231,07/02/2024 03:10:27,20.33,0.00,,,,,
2232,07/02/2024 03:15:27,20.33,0.00,,,,,
2233,07/02/2024 03:20:27,20.37,0.00,,,,,
2234,07/02/2024 03:25:27,20.33,0.00,,,,,
2235,07/02/2024 03:30:27,20.33,0.00,,,,,
2236,07/02/2024 03:35:27,20.29,0.00,,,,,
2237,07/02/2024 03:40:27,20.33,0.00,,,,,
2238,07/02/2024 03:45:27,20.33,0.00,,,,,
2239,07/02/2024 03:50:27,20.29,0.00,,,,,
2240,07/02/2024 03:55:27,20.29,0.00,,,,,
2241,07/02/2024 04:00:27,20.25,0.00,,,,,
2242,07/02/2024 04:05:27,20.25,0.00,,,,,
2243,07/02/2024 04:10:27,20.20,0.00,,,,,
2244,07/02/2024 04:15:27,20.25,0.00,,,,,
2245,07/02/2024 04:20:27,20.25,0.00,,,,,
2246,07/02/2024 04:25:27,20.20,0.00,,,,,
2247,07/02/2024 04:30:27,20.20,0.00,,,,,
2248,07/02/2024 04:35:27,20.20,0.00,,,,,
2249,07/02/2024 04:40:27,20.16,0.00,,,,,
2250,07/02/2024 04:45:27,20.20,0.00,,,,,
2251,07/02/2024 04:50:27,20.20,0.00,,,,,
2252,07/02/2024 04:55:27,20.20,0.00,,,,,
2253,07/02/2024 05:00:27,20.20,0.00,,,,,
2254,07/02/2024 05:05:27,20.20,0.00,,,,,
2255,07/02/2024 05:10:27,20.12,0.00,,,,,
2256,07/02/2024 05:15:27,20.16,0.00,,,,,
2257,07/02/2024 05:20:27,20.16,0.00,,,,,
2258,07/02/2024 05:25:27,20.16,0.00,,,,,
2259,07/02/2024 05:30:27,20.16,0.00,,,,,
2260,07/02/2024 05:35:27,20.12,0.00,,,,,
2261,07/02/2024 05:40:27,20.16,0.00,,,,,
2262,07/02/2024 05:45:27,20.16,0.00,,,,,
2263,07/02/2024 05:50:27,20.07,0.00,,,,,
2264,07/02/2024 05:55:27,20.12,0.00,,,,,
2265,07/02/2024 06:00:27,20.12,0.00,,,,,
2266,07/02/2024 06:05:27,20.12,0.00,,,,,
2267,07/02/2024 06:10:27,20.12,0.00,,,,,
2268,07/02/2024 06:15:27,20.12,0.00,,,,,
2269,07/02/2024 06:20:27,20.16,0.00,,,,,
2270,07/02/2024 06:25:27,20.12,0.00,,,,,
2271,07/02/2024 06:30:27,20.12,0.00,,,,,
2272,07/02/2024 06:35:27,20.07,0.00,,,,,
2273,07/02/2024 06:40:27,20.12,0.00,,,,,
2274,07/02/2024 06:45:27,20.12,0.00,,,,,
2275,07/02/2024 06:50:27,20.07,0.00,,,,,
2276,07/02/2024 06:55:27,20.12,0.00,,,,,
2277,07/02/2024 07:00:27,20.07,0.00,,,,,
2278,07/02/2024 07:05:27,20.03,0.00,,,,,
2279,07/02/2024 07:10:27,20.07,0.00,,,,,
2280,07/02/2024 07:15:27,20.07,0.00,,,,,
2281,07/02/2024 07:20:27,20.07,0.00,,,,,
2282,07/02/2024 07:25:27,20.07,0.00,,,,,
2283,07/02/2024 07:30:27,20.12,0.00,,,,,
2284,07/02/2024 07:35:27,20.07,0.00,,,,,
2285,07/02/2024 07:40:27,20.07,0.00,,,,,
2286,07/02/2024 07:45:27,20.07,0.00,,,,,
2287,07/02/2024 07:50:27,20.03,0.00,,,,,
2288,07/02/2024 07:55:27,20.07,0.00,,,,,
2289,07/02/2024 08:00:27,20.07,0.00,,,,,
2290,07/02/2024 08:05:27,20.07,0.00,,,,,
2291,07/02/2024 08:10:27,20.03,0.00,,,,,
2292,07/02/2024 08:15:27,20.07,0.00,,,,,
2293,07/02/2024 08:20:27,20.07,0.00,,,,,
2294,07/02/2024 08:25:27,20.12,0.00,,,,,
2295,07/02/2024 08:30:27,20.03,0.00,,,,,
2296,07/02/2024 08:35:27,20.12,0.00,,,,,
2297,07/02/2024 08:40:27,20.07,0.00,,,,,
2298,07/02/2024 08:45:27,20.07,0.00,,,,,
2299,07/02/2024 08:50:27,20.07,0.00,,,,,
2300,07/02/2024 08:55:27,20.07,0.00,,,,,
2301,07/02/2024 09:00:27,20.07,0.00,,,,,
2302,07/02/2024 09:05:27,20.03,0.00,,,,,
2303,07/02/2024 09:10:27,19.99,0.00,,,,,
2304,07/02/2024 09:15:27,19.86,0.00,,,,,
2305,07/02/2024 09:20:27,19.77,0.00,,,,,
2306,07/02/2024 09:25:27,19.73,0.00,,,,,
2307,07/02/2024 09:30:27,19.60,0.00,,,,,
2308,07/02/2024 09:35:27,19.56,0.00,,,,,
2309,07/02/2024 09:40:27,19.52,0.00,,,,,
2310,07/02/2024 09:45:27,19.39,0.00,,,,,
2311,07/02/2024 09:50:27,19.35,0.00,,,,,
2312,07/02/2024 09:55:27,19.26,0.00,,,,,
2313,07/02/2024 10:00:27,19.22,0.00,,,,,
2314,07/02/2024 10:05:27,19.13,0.00,,,,,
2315,07/02/2024 10:10:27,19.09,0.00,,,,,
2316,07/02/2024 10:15:27,19.00,0.00,,,,,
2317,07/02/2024 10:20:27,19.00,0.00,,,,,
2318,07/02/2024 10:25:27,18.96,0.21,,,,,
2319,07/02/2024 10:30:27,18.87,0.21,,,,,
2320,07/02/2024 10:35:27,18.87,0.64,,,,,
2321,07/02/2024 10:40:27,18.83,0.28,,,,,
2322,07/02/2024 10:45:27,18.87,0.28,,,,,
2323,07/02/2024 10:50:27,18.79,0.21,,,,,
2324,07/02/2024 10:55:27,18.83,0.07,,,,,
2325,07/02/2024 11:00:27,18.83,0.35,,,,,
2326,07/02/2024 11:05:27,18.79,0.35,,,,,
2327,07/02/2024 11:10:27,18.79,0.28,,,,,
2328,07/02/2024 11:15:27,18.83,0.14,,,,,
2329,07/02/2024 11:20:27,18.74,0.28,,,,,
2330,07/02/2024 11:25:27,18.83,0.21,,,,,
2331,07/02/2024 11:30:27,18.87,0.21,,,,,
2332,07/02/2024 11:35:27,18.83,0.07,,,,,
2333,07/02/2024 11:40:27,18.83,0.00,,,,,
2334,07/02/2024 11:45:27,18.83,0.00,,,,,
2335,07/02/2024 11:50:27,18.83,0.07,,,,,
2336,07/02/2024 11:55:27,18.83,0.00,,,,,
2337,07/02/2024 12:00:27,18.92,0.14,,,,,
2338,07/02/2024 12:05:27,18.92,0.14,,,,,
2339,07/02/2024 12:10:27,18.87,0.07,,,,,
2340,07/02/2024 12:15:27,18.96,0.07,,,,,
2341,07/02/2024 12:20:27,18.92,0.21,,,,,
2342,07/02/2024 12:25:27,18.96,0.28,,,,,
2343,07/02/2024 12:30:27,18.96,0.14,,,,,
2344,07/02/2024 12:35:27,18.92,0.28,,,,,
2345,07/02/2024 12:40:27,19.00,0.21,,,,,
2346,07/02/2024 12:45:27,19.00,0.21,,,,,
2347,07/02/2024 12:50:27,19.00,0.14,,,,,
2348,07/02/2024 12:55:27,19.05,0.21,,,,,
2349,07/02/2024 13:00:27,19.09,0.21,,,,,
2350,07/02/2024 13:05:27,19.09,0.14,,,,,
2351,07/02/2024 13:10:27,19.05,0.00,,,,,
2352,07/02/2024 13:15:27,19.09,0.07,,,,,
2353,07/02/2024 13:20:27,19.09,0.07,,,,,
2354,07/02/2024 13:25:27,19.09,0.14,,,,,
2355,07/02/2024 13:30:27,19.09,0.28,,,,,
2356,07/02/2024 13:35:27,19.09,0.35,,,,,
2357,07/02/2024 13:40:27,19.13,0.35,,,,,
2358,07/02/2024 13:45:27,19.13,0.28,,,,,
2359,07/02/2024 13:50:27,19.13,0.28,,,,,
2360,07/02/2024 13:55:27,19.13,0.21,,,,,
2361,07/02/2024 14:00:27,19.13,0.35,,,,,
2362,07/02/2024 14:05:27,19.09,0.07,,,,,
2363,07/02/2024 14:10:27,19.13,0.00,,,,,
2364,07/02/2024 14:15:27,19.13,0.00,,,,,
2365,07/02/2024 14:20:27,19.17,0.00,,,,,
2366,07/02/2024 14:25:27,19.22,0.42,,,,,
2367,07/02/2024 14:30:27,19.22,0.28,,,,,
2368,07/02/2024 14:35:27,19.22,0.42,,,,,
2369,07/02/2024 14:40:27,19.17,0.42,,,,,
2370,07/02/2024 14:45:27,19.26,0.42,,,,,
2371,07/02/2024 14:50:27,19.26,0.35,,,,,
2372,07/02/2024 14:55:27,19.22,0.35,,,,,
2373,07/02/2024 15:00:27,19.26,0.42,,,,,
2374,07/02/2024 15:05:27,19.30,0.21,,,,,
2375,07/02/2024 15:10:27,19.30,0.35,,,,,
2376,07/02/2024 15:15:27,19.26,0.28,,,,,
2377,07/02/2024 15:20:27,19.30,0.28,,,,,
2378,07/02/2024 15:25:27,19.35,0.28,,,,,
2379,07/02/2024 15:30:27,19.39,0.42,,,,,
2380,07/02/2024 15:35:27,19.35,0.35,,,,,
2381,07/02/2024 15:40:27,19.39,0.28,,,,,
2382,07/02/2024 15:45:27,19.39,0.35,,,,,
2383,07/02/2024 15:50:27,19.43,0.42,,,,,
2384,07/02/2024 15:55:27,19.43,0.35,,,,,
2385,07/02/2024 16:00:27,19.43,0.42,,,,,
2386,07/02/2024 16:05:27,19.43,0.42,,,,,
2387,07/02/2024 16:10:27,19.47,0.49,,,,,
2388,07/02/2024 16:15:27,19.47,0.21,,,,,
2389,07/02/2024 16:20:27,19.47,0.21,,,,,
2390,07/02/2024 16:25:27,19.52,0.14,,,,,
2391,07/02/2024 16:30:27,19.52,0.14,,,,,
2392,07/02/2024 16:35:27,19.56,0.14,,,,,
2393,07/02/2024 16:40:27,19.52,0.21,,,,,
2394,07/02/2024 16:45:27,19.56,0.14,,,,,
2395,07/02/2024 16:50:27,19.56,0.14,,,,,
2396,07/02/2024 16:55:27,19.56,0.07,,,,,
2397,07/02/2024 17:00:27,19.56,0.07,,,,,
2398,07/02/2024 17:05:27,19.56,0.07,,,,,
2399,07/02/2024 17:10:27,19.56,0.07,,,,,
2400,07/02/2024 17:15:27,19.60,0.07,,,,,
2401,07/02/2024 17:20:27,19.56,0.07,,,,,
2402,07/02/2024 17:25:27,19.65,0.07,,,,,
2403,07/02/2024 17:30:27,19.65,0.00,,,,,
2404,07/02/2024 17:35:27,19.65,0.07,,,,,
2405,07/02/2024 17:40:27,19.73,0.07,,,,,
2406,07/02/2024 17:45:27,19.69,0.07,,,,,
2407,07/02/2024 17:50:27,19.73,0.00,,,,,
2408,07/02/2024 17:55:27,19.65,0.07,,,,,
2409,07/02/2024 18:00:27,19.65,0.07,,,,,
2410,07/02/2024 18:05:27,19.60,0.07,,,,,
2411,07/02/2024 18:10:27,19.56,0.00,,,,,
2412,07/02/2024 18:15:27,19.52,0.07,,,,,
2413,07/02/2024 18:20:27,19.56,0.00,,,,,
2414,07/02/2024 18:25:27,19.52,0.00,,,,,
2415,07/02/2024 18:30:27,19.43,0.00,,,,,
2416,07/02/2024 18:35:27,19.47,0.00,,,,,
2417,07/02/2024 18:40:27,19.43,0.14,,,,,
2418,07/02/2024 18:45:27,19.43,0.00,,,,,
2419,07/02/2024 18:50:27,19.39,0.00,,,,,
2420,07/02/2024 18:55:27,19.30,0.14,,,,,
2421,07/02/2024 19:00:27,19.35,0.00,,,,,
2422,07/02/2024 19:05:27,19.30,0.00,,,,,
2423,07/02/2024 19:10:27,19.30,0.00,,,,,
2424,07/02/2024 19:15:27,19.30,0.00,,,,,
2425,07/02/2024 19:20:27,19.35,0.00,,,,,
2426,07/02/2024 19:25:27,19.35,0.00,,,,,
2427,07/02/2024 19:30:27,19.30,0.00,,,,,
2428,07/02/2024 19:35:27,19.26,0.00,,,,,
2429,07/02/2024 19:40:27,19.22,0.00,,,,,
2430,07/02/2024 19:45:27,19.22,0.00,,,,,
2431,07/02/2024 19:50:27,19.30,0.00,,,,,
2432,07/02/2024 19:55:27,19.22,0.00,,,,,
2433,07/02/2024 20:00:27,19.26,0.00,,,,,
2434,07/02/2024 20:05:27,19.22,0.00,,,,,
2435,07/02/2024 20:10:27,19.17,0.00,,,,,
2436,07/02/2024 20:15:27,19.13,0.00,,,,,
2437,07/02/2024 20:20:27,19.13,0.00,,,,,
2438,07/02/2024 20:25:27,19.13,0.00,,,,,
2439,07/02/2024 20:30:27,19.17,0.00,,,,,
2440,07/02/2024 20:35:27,19.17,0.00,,,,,
2441,07/02/2024 20:40:27,19.17,0.00,,,,,
2442,07/02/2024 20:45:27,19.09,0.00,,,,,
2443,07/02/2024 20:50:27,19.13,0.00,,,,,
2444,07/02/2024 20:55:27,19.09,0.00,,,,,
2445,07/02/2024 21:00:27,19.13,0.00,,,,,
2446,07/02/2024 21:05:27,19.13,0.00,,,,,
2447,07/02/2024 21:10:27,19.09,0.00,,,,,
2448,07/02/2024 21:15:27,19.05,0.00,,,,,
2449,07/02/2024 21:20:27,19.09,0.00,,,,,
2450,07/02/2024 21:25:27,19.00,0.00,,,,,
2451,07/02/2024 21:30:27,19.05,0.00,,,,,
2452,07/02/2024 21:35:27,19.00,0.00,,,,,
2453,07/02/2024 21:40:27,19.00,0.00,,,,,
2454,07/02/2024 21:45:27,19.00,0.00,,,,,
2455,07/02/2024 21:50:27,19.00,0.00,,,,,
2456,07/02/2024 21:55:27,19.00,0.00,,,,,
2457,07/02/2024 22:00:27,18.96,0.00,,,,,
2458,07/02/2024 22:05:27,18.96,0.00,,,,,
2459,07/02/2024 22:10:27,18.96,0.00,,,,,
2460,07/02/2024 22:15:27,18.96,0.00,,,,,
2461,07/02/2024 22:20:27,18.96,0.00,,,,,
2462,07/02/2024 22:25:27,18.96,0.00,,,,,
2463,07/02/2024 22:30:27,19.05,0.00,,,,,
2464,07/02/2024 22:35:27,18.92,0.00,,,,,
2465,07/02/2024 22:40:27,18.92,0.00,,,,,
2466,07/02/2024 22:45:27,18.96,0.00,,,,,
2467,07/02/2024 22:50:27,18.92,0.00,,,,,
2468,07/02/2024 22:55:27,18.87,0.00,,,,,
2469,07/02/2024 23:00:27,18.87,0.00,,,,,
2470,07/02/2024 23:05:27,18.83,0.00,,,,,
2471,07/02/2024 23:10:27,18.83,0.00,,,,,
2472,07/02/2024 23:15:27,18.79,0.00,,,,,
2473,07/02/2024 23:20:27,18.74,0.00,,,,,
2474,07/02/2024 23:25:27,18.70,0.00,,,,,
2475,07/02/2024 23:30:27,18.66,0.00,,,,,
2476,07/02/2024 23:35:27,18.66,0.00,,,,,
2477,07/02/2024 23:40:27,18.62,0.00,,,,,
2478,07/02/2024 23:45:27,18.62,0.00,,,,,
2479,07/02/2024 23:50:27,18.57,0.00,,,,,
2480,07/02/2024 23:55:27,18.49,0.00,,,,,
2481,07/03/2024 00:00:27,18.44,0.00,,,,,
2482,07/03/2024 00:05:27,18.44,0.00,,,,,
2483,07/03/2024 00:10:27,18.44,0.00,,,,,
2484,07/03/2024 00:15:27,18.36,0.00,,,,,
2485,07/03/2024 00:20:27,18.36,0.00,,,,,
2486,07/03/2024 00:25:27,18.36,0.00,,,,,
2487,07/03/2024 00:30:27,18.27,0.00,,,,,
2488,07/03/2024 00:35:27,18.32,0.00,,,,,
2489,07/03/2024 00:40:27,18.27,0.00,,,,,
2490,07/03/2024 00:45:27,18.27,0.00,,,,,
2491,07/03/2024 00:50:27,18.23,0.00,,,,,
2492,07/03/2024 00:55:27,18.23,0.00,,,,,
2493,07/03/2024 01:00:27,18.23,0.00,,,,,
2494,07/03/2024 01:05:27,18.14,0.00,,,,,
2495,07/03/2024 01:10:27,18.14,0.00,,,,,
2496,07/03/2024 01:15:27,18.06,0.00,,,,,
2497,07/03/2024 01:20:27,18.10,0.00,,,,,
2498,07/03/2024 01:25:27,18.06,0.00,,,,,
2499,07/03/2024 01:30:27,18.06,0.00,,,,,
2500,07/03/2024 01:35:27,18.06,0.00,,,,,
2501,07/03/2024 01:40:27,18.06,0.00,,,,,
2502,07/03/2024 01:45:27,17.97,0.00,,,,,
2503,07/03/2024 01:50:27,17.93,0.00,,,,,
2504,07/03/2024 01:55:27,17.89,0.00,,,,,
2505,07/03/2024 02:00:27,17.89,0.00,,,,,
2506,07/03/2024 02:05:27,17.89,0.00,,,,,
2507,07/03/2024 02:10:27,17.80,0.00,,,,,
2508,07/03/2024 02:15:27,17.80,0.00,,,,,
2509,07/03/2024 02:20:27,17.80,0.00,,,,,
2510,07/03/2024 02:25:27,17.76,0.00,,,,,
2511,07/03/2024 02:30:27,17.72,0.00,,,,,
2512,07/03/2024 02:35:27,17.67,0.00,,,,,
2513,07/03/2024 02:40:27,17.67,0.00,,,,,
2514,07/03/2024 02:45:27,17.63,0.00,,,,,
2515,07/03/2024 02:50:27,17.63,0.00,,,,,
2516,07/03/2024 02:55:27,17.59,0.00,,,,,
2517,07/03/2024 03:00:27,17.54,0.00,,,,,
2518,07/03/2024 03:05:27,17.50,0.00,,,,,
2519,07/03/2024 03:10:27,17.46,0.00,,,,,
2520,07/03/2024 03:15:27,17.50,0.00,,,,,
2521,07/03/2024 03:20:27,17.41,0.00,,,,,
2522,07/03/2024 03:25:27,17.37,0.00,,,,,
2523,07/03/2024 03:30:27,17.37,0.00,,,,,
2524,07/03/2024 03:35:27,17.41,0.00,,,,,
2525,07/03/2024 03:40:27,17.37,0.00,,,,,
2526,07/03/2024 03:45:27,17.33,0.00,,,,,
2527,07/03/2024 03:50:27,17.33,0.00,,,,,
2528,07/03/2024 03:55:27,17.29,0.00,,,,,
2529,07/03/2024 04:00:27,17.24,0.00,,,,,
2530,07/03/2024 04:05:27,17.29,0.00,,,,,
2531,07/03/2024 04:10:27,17.29,0.00,,,,,
2532,07/03/2024 04:15:27,17.24,0.00,,,,,
2533,07/03/2024 04:20:27,17.20,0.00,,,,,
2534,07/03/2024 04:25:27,17.24,0.00,,,,,
2535,07/03/2024 04:30:27,17.24,0.00,,,,,
2536,07/03/2024 04:35:27,17.16,0.00,,,,,
2537,07/03/2024 04:40:27,17.20,0.00,,,,,
2538,07/03/2024 04:45:27,17.20,0.00,,,,,
2539,07/03/2024 04:50:27,17.20,0.00,,,,,
2540,07/03/2024 04:55:27,17.16,0.00,,,,,
2541,07/03/2024 05:00:27,17.11,0.00,,,,,
2542,07/03/2024 05:05:27,17.16,0.00,,,,,
2543,07/03/2024 05:10:27,17.16,0.00,,,,,
2544,07/03/2024 05:15:27,17.07,0.00,,,,,
2545,07/03/2024 05:20:27,17.11,0.00,,,,,
2546,07/03/2024 05:25:27,17.11,0.00,,,,,
2547,07/03/2024 05:30:27,17.03,0.00,,,,,
2548,07/03/2024 05:35:27,17.07,0.00,,,,,
2549,07/03/2024 05:40:27,17.03,0.00,,,,,
2550,07/03/2024 05:45:27,17.07,0.00,,,,,
2551,07/03/2024 05:50:27,17.07,0.00,,,,,
2552,07/03/2024 05:55:27,17.07,0.00,,,,,
2553,07/03/2024 06:00:27,17.03,0.00,,,,,
2554,07/03/2024 06:05:27,17.07,0.00,,,,,
2555,07/03/2024 06:10:27,17.07,0.07,,,,,
2556,07/03/2024 06:15:27,17.03,0.00,,,,,
2557,07/03/2024 06:20:27,17.03,0.00,,,,,
2558,07/03/2024 06:25:27,16.94,0.00,,,,,
2559,07/03/2024 06:30:27,17.03,0.00,,,,,
2560,07/03/2024 06:35:27,16.90,0.00,,,,,
2561,07/03/2024 06:40:27,16.90,0.00,,,,,
2562,07/03/2024 06:45:27,16.86,0.00,,,,,
2563,07/03/2024 06:50:27,16.90,0.00,,,,,
2564,07/03/2024 06:55:27,16.81,0.00,,,,,
2565,07/03/2024 07:00:27,16.86,0.07,,,,,
2566,07/03/2024 07:05:27,16.81,0.00,,,,,
2567,07/03/2024 07:10:27,16.86,0.07,,,,,
2568,07/03/2024 07:15:27,16.77,0.14,,,,,
2569,07/03/2024 07:20:27,16.81,0.07,,,,,
2570,07/03/2024 07:25:27,16.81,0.14,,,,,
2571,07/03/2024 07:30:27,16.77,0.14,,,,,
2572,07/03/2024 07:35:27,16.77,0.14,,,,,
2573,07/03/2024 07:40:27,16.77,0.21,,,,,
2574,07/03/2024 07:45:27,16.77,0.21,,,,,
2575,07/03/2024 07:50:27,16.73,0.28,,,,,
2576,07/03/2024 07:55:27,16.69,0.21,,,,,
2577,07/03/2024 08:00:27,16.73,0.21,,,,,
2578,07/03/2024 08:05:27,16.69,0.21,,,,,
2579,07/03/2024 08:10:27,16.64,0.28,,,,,
2580,07/03/2024 08:15:27,16.64,0.35,,,,,
2581,07/03/2024 08:20:27,16.64,0.21,,,,,
2582,07/03/2024 08:25:27,16.69,0.21,,,,,
2583,07/03/2024 08:30:27,16.64,0.14,,,,,
2584,07/03/2024 08:35:27,16.64,0.21,,,,,
2585,07/03/2024 08:40:27,16.64,0.21,,,,,
2586,07/03/2024 08:45:27,16.60,0.28,,,,,
2587,07/03/2024 08:50:27,16.60,0.21,,,,,
2588,07/03/2024 08:55:27,16.64,0.14,,,,,
2589,07/03/2024 09:00:27,16.60,0.28,,,,,
2590,07/03/2024 09:05:27,16.60,0.28,,,,,
2591,07/03/2024 09:10:27,16.64,0.14,,,,,
2592,07/03/2024 09:15:27,16.64,0.14,,,,,
2593,07/03/2024 09:20:27,16.69,0.14,,,,,
2594,07/03/2024 09:25:27,16.69,0.14,,,,,
2595,07/03/2024 09:30:27,16.64,0.14,,,,,
2596,07/03/2024 09:35:27,16.69,0.14,,,,,
2597,07/03/2024 09:40:27,16.73,0.14,,,,,
2598,07/03/2024 09:45:27,16.69,0.14,,,,,
2599,07/03/2024 09:50:27,16.77,0.21,,,,,
2600,07/03/2024 09:55:27,16.73,0.14,,,,,
2601,07/03/2024 10:00:27,16.73,0.14,,,,,
2602,07/03/2024 10:05:27,16.77,0.28,,,,,
2603,07/03/2024 10:10:27,16.77,0.14,,,,,
2604,07/03/2024 10:15:27,16.77,0.14,,,,,
2605,07/03/2024 10:20:27,16.77,0.14,,,,,
2606,07/03/2024 10:25:27,16.77,0.14,,,,,
2607,07/03/2024 10:30:27,16.69,0.14,,,,,
2608,07/03/2024 10:35:27,16.77,0.14,,,,,
2609,07/03/2024 10:40:27,16.81,0.07,,,,,
2610,07/03/2024 10:45:27,16.77,0.07,,,,,
2611,07/03/2024 10:50:27,16.77,0.14,,,,,
2612,07/03/2024 10:55:27,16.86,0.14,,,,,
2613,07/03/2024 11:00:27,16.77,0.21,,,,,
2614,07/03/2024 11:05:27,16.73,0.21,,,,,
2615,07/03/2024 11:10:27,16.77,0.21,,,,,
2616,07/03/2024 11:15:27,16.81,0.21,,,,,
2617,07/03/2024 11:20:27,16.81,0.21,,,,,
2618,07/03/2024 11:25:27,16.77,0.21,,,,,
2619,07/03/2024 11:30:27,16.77,0.21,,,,,
2620,07/03/2024 11:35:27,16.77,0.21,,,,,
2621,07/03/2024 11:40:27,16.73,0.28,,,,,
2622,07/03/2024 11:45:27,16.77,0.28,,,,,
2623,07/03/2024 11:50:27,16.77,0.35,,,,,
2624,07/03/2024 11:55:27,16.73,0.35,,,,,
2625,07/03/2024 12:00:27,16.77,0.35,,,,,
2626,07/03/2024 12:05:27,16.73,0.35,,,,,
2627,07/03/2024 12:10:27,16.77,0.35,,,,,
2628,07/03/2024 12:15:27,16.77,0.28,,,,,
2629,07/03/2024 12:20:27,16.77,0.28,,,,,
2630,07/03/2024 12:25:27,16.73,2.42,,,,,
2631,07/03/2024 12:30:27,16.77,2.50,,,,,
2632,07/03/2024 12:35:27,16.69,2.64,,,,,
2633,07/03/2024 12:40:27,16.69,2.42,,,,,
2634,07/03/2024 12:45:27,16.73,2.21,,,,,
2635,07/03/2024 12:50:27,16.69,2.57,,,,,
2636,07/03/2024 12:55:27,16.69,2.71,,,,,
2637,07/03/2024 13:00:27,16.73,2.93,,,,,
2638,07/03/2024 13:05:27,16.73,3.00,,,,,
2639,07/03/2024 13:10:27,16.81,3.15,,,,,
2640,07/03/2024 13:15:27,16.86,3.49,,,,,
2641,07/03/2024 13:20:27,16.81,3.79,,,,,
2642,07/03/2024 13:25:27,16.77,4.07,,,,,
2643,07/03/2024 13:30:27,16.77,3.72,,,,,
2644,07/03/2024 13:35:27,16.73,3.57,,,,,
2645,07/03/2024 13:40:27,16.73,3.21,,,,,
2646,07/03/2024 13:45:27,16.73,3.49,,,,,
2647,07/03/2024 13:50:27,16.69,3.64,,,,,
2648,07/03/2024 13:55:27,16.64,3.64,,,,,
2649,07/03/2024 14:00:27,16.69,3.71,,,,,
2650,07/03/2024 14:05:27,16.64,3.93,,,,,
2651,07/03/2024 14:10:27,16.77,4.00,,,,,
2652,07/03/2024 14:15:27,16.81,4.43,,,,,
2653,07/03/2024 14:20:27,16.94,4.07,,,,,
2654,07/03/2024 14:25:27,16.99,3.93,,,,,
2655,07/03/2024 14:30:27,17.16,4.43,,,,,
2656,07/03/2024 14:35:27,17.24,5.35,,,,,
2657,07/03/2024 14:40:27,17.37,5.50,,,,,
2658,07/03/2024 14:45:27,17.41,5.28,,,,,
2659,07/03/2024 14:50:27,17.50,5.21,,,,,
2660,07/03/2024 14:55:27,17.63,4.57,,,,,
2661,07/03/2024 15:00:27,17.67,4.43,,,,,
2662,07/03/2024 15:05:27,17.72,4.21,,,,,
2663,07/03/2024 15:10:27,17.80,3.50,,,,,
2664,07/03/2024 15:15:27,17.89,3.36,,,,,
2665,07/03/2024 15:20:27,17.97,2.71,,,,,
2666,07/03/2024 15:25:27,18.02,3.29,,,,,
2667,07/03/2024 15:30:27,18.10,3.36,,,,,
2668,07/03/2024 15:35:27,18.14,3.93,,,,,
2669,07/03/2024 15:40:27,18.14,3.72,,,,,
2670,07/03/2024 15:45:27,18.27,3.43,,,,,
2671,07/03/2024 15:50:27,18.27,3.93,,,,,
2672,07/03/2024 15:55:27,18.36,4.72,,,,,
2673,07/03/2024 16:00:27,18.40,5.36,,,,,
2674,07/03/2024 16:05:27,18.44,4.93,,,,,
2675,07/03/2024 16:10:27,18.49,5.22,,,,,
2676,07/03/2024 16:15:27,18.53,4.00,,,,,
2677,07/03/2024 16:20:27,18.57,3.79,,,,,
2678,07/03/2024 16:25:27,18.62,3.64,,,,,
2679,07/03/2024 16:30:27,18.66,3.86,,,,,
2680,07/03/2024 16:35:27,18.66,4.72,,,,,
2681,07/03/2024 16:40:27,18.74,4.36,,,,,
2682,07/03/2024 16:45:27,18.70,5.58,,,,,
2683,07/03/2024 16:50:27,18.79,5.72,,,,,
2684,07/03/2024 16:55:27,18.87,5.08,,,,,
2685,07/03/2024 17:00:27,18.87,4.79,,,,,
2686,07/03/2024 17:05:27,18.92,4.43,,,,,
2687,07/03/2024 17:10:27,18.96,4.72,,,,,
2688,07/03/2024 17:15:27,18.96,5.01,,,,,
2689,07/03/2024 17:20:27,19.05,4.51,,,,,
2690,07/03/2024 17:25:27,19.05,4.43,,,,,
2691,07/03/2024 17:30:27,19.09,4.00,,,,,
2692,07/03/2024 17:35:27,19.09,3.29,,,,,
2693,07/03/2024 17:40:27,19.13,3.07,,,,,
2694,07/03/2024 17:45:27,19.13,2.64,,,,,
2695,07/03/2024 17:50:27,19.13,2.78,,,,,
2696,07/03/2024 17:55:27,19.13,2.85,,,,,
2697,07/03/2024 18:00:27,19.17,2.71,,,,,
2698,07/03/2024 18:05:27,19.22,2.00,,,,,
2699,07/03/2024 18:10:27,19.22,2.21,,,,,
2700,07/03/2024 18:15:27,19.22,1.93,,,,,
2701,07/03/2024 18:20:27,19.22,1.70,,,,,
2702,07/03/2024 18:25:27,19.26,1.70,,,,,
2703,07/03/2024 18:30:27,19.26,1.78,,,,,
2704,07/03/2024 18:35:27,19.26,1.63,,,,,
2705,07/03/2024 18:40:27,19.30,1.56,,,,,
2706,07/03/2024 18:45:27,19.30,1.63,,,,,
2707,07/03/2024 18:50:27,19.35,1.49,,,,,
2708,07/03/2024 18:55:27,19.35,1.85,,,,,
2709,07/03/2024 19:00:27,19.30,1.85,,,,,
2710,07/03/2024 19:05:27,19.30,1.78,,,,,
2711,07/03/2024 19:10:27,19.35,1.71,,,,,
2712,07/03/2024 19:15:27,19.30,1.86,,,,,
2713,07/03/2024 19:20:27,19.35,1.70,,,,,
2714,07/03/2024 19:25:27,19.39,1.78,,,,,
2715,07/03/2024 19:30:27,19.39,1.56,,,,,
2716,07/03/2024 19:35:27,19.39,1.56,,,,,
2717,07/03/2024 19:40:27,19.35,1.42,,,,,
2718,07/03/2024 19:45:27,19.39,1.28,,,,,
2719,07/03/2024 19:50:27,19.35,0.99,,,,,
2720,07/03/2024 19:55:27,19.39,1.06,,,,,
2721,07/03/2024 20:00:27,19.43,0.99,,,,,
2722,07/03/2024 20:05:27,19.39,0.85,,,,,
2723,07/03/2024 20:10:27,19.43,0.71,,,,,
2724,07/03/2024 20:15:27,19.43,0.56,,,,,
2725,07/03/2024 20:20:27,19.39,0.56,,,,,
2726,07/03/2024 20:25:27,19.39,0.78,,,,,
2727,07/03/2024 20:30:27,19.43,0.56,,,,,
2728,07/03/2024 20:35:27,19.43,0.56,,,,,
2729,07/03/2024 20:40:27,19.43,0.49,,,,,
2730,07/03/2024 20:45:27,19.43,0.35,,,,,
2731,07/03/2024 20:50:27,19.47,0.28,,,,,
2732,07/03/2024 20:55:27,19.43,0.14,,,,,
2733,07/03/2024 21:00:27,19.47,0.14,,,,,
2734,07/03/2024 21:05:27,19.43,0.07,,,,,
2735,07/03/2024 21:10:27,19.43,0.00,,,,,
2736,07/03/2024 21:15:27,19.43,0.00,,,,,
2737,07/03/2024 21:20:27,19.47,0.00,,,,,
2738,07/03/2024 21:25:27,19.47,0.00,,,,,
2739,07/03/2024 21:30:27,19.52,0.00,,,,,
2740,07/03/2024 21:35:27,19.47,0.07,,,,,
2741,07/03/2024 21:40:27,19.47,0.00,,,,,
2742,07/03/2024 21:45:27,19.47,0.00,,,,,
2743,07/03/2024 21:50:27,19.47,0.00,,,,,
2744,07/03/2024 21:55:27,19.52,0.00,,,,,
2745,07/03/2024 22:00:27,19.56,0.00,,,,,
2746,07/03/2024 22:05:27,19.52,0.00,,,,,
2747,07/03/2024 22:10:27,19.52,0.00,,,,,
2748,07/03/2024 22:15:27,19.52,0.00,,,,,
2749,07/03/2024 22:20:27,19.52,0.00,,,,,
2750,07/03/2024 22:25:27,19.56,0.00,,,,,
2751,07/03/2024 22:30:27,19.56,0.00,,,,,
2752,07/03/2024 22:35:27,19.56,0.00,,,,,
2753,07/03/2024 22:40:27,19.56,0.00,,,,,
2754,07/03/2024 22:45:27,19.56,0.00,,,,,
2755,07/03/2024 22:50:27,19.52,0.00,,,,,
2756,07/03/2024 22:55:27,19.43,0.00,,,,,
2757,07/03/2024 23:00:27,19.43,0.00,,,,,
2758,07/03/2024 23:05:27,19.30,0.00,,,,,
2759,07/03/2024 23:10:27,19.26,0.00,,,,,
2760,07/03/2024 23:15:27,19.17,0.00,,,,,
2761,07/03/2024 23:20:27,19.13,0.00,,,,,
2762,07/03/2024 23:25:27,19.09,0.00,,,,,
2763,07/03/2024 23:30:27,19.00,0.00,,,,,
2764,07/03/2024 23:35:27,19.00,0.00,,,,,
2765,07/03/2024 23:40:27,18.92,0.00,,,,,
2766,07/03/2024 23:45:27,18.83,0.00,,,,,
2767,07/03/2024 23:50:27,18.74,0.00,,,,,
2768,07/03/2024 23:55:27,18.70,0.00,,,,,
2769,07/04/2024 00:00:27,18.70,0.00,,,,,
2770,07/04/2024 00:05:27,18.66,0.00,,,,,
2771,07/04/2024 00:10:27,18.62,0.00,,,,,
2772,07/04/2024 00:15:27,18.53,0.00,,,,,
2773,07/04/2024 00:20:27,18.44,0.00,,,,,
2774,07/04/2024 00:25:27,18.40,0.00,,,,,
2775,07/04/2024 00:30:27,18.40,0.00,,,,,
2776,07/04/2024 00:35:27,18.36,0.00,,,,,
2777,07/04/2024 00:40:27,18.32,0.00,,,,,
2778,07/04/2024 00:45:27,18.19,0.00,,,,,
2779,07/04/2024 00:50:27,18.23,0.00,,,,,
2780,07/04/2024 00:55:27,18.19,0.00,,,,,
2781,07/04/2024 01:00:27,18.14,0.00,,,,,
2782,07/04/2024 01:05:27,18.10,0.00,,,,,
2783,07/04/2024 01:10:27,18.10,0.00,,,,,
2784,07/04/2024 01:15:27,18.10,0.00,,,,,
2785,07/04/2024 01:20:27,18.02,0.00,,,,,
2786,07/04/2024 01:25:27,18.02,0.00,,,,,
2787,07/04/2024 01:30:27,18.02,0.00,,,,,
2788,07/04/2024 01:35:27,18.02,0.00,,,,,
2789,07/04/2024 01:40:27,18.06,0.00,,,,,
2790,07/04/2024 01:45:27,18.02,0.00,,,,,
2791,07/04/2024 01:50:27,18.02,0.00,,,,,
2792,07/04/2024 01:55:27,18.02,0.00,,,,,
2793,07/04/2024 02:00:27,18.02,0.00,,,,,
2794,07/04/2024 02:05:27,18.06,0.00,,,,,
2795,07/04/2024 02:10:27,18.10,0.00,,,,,
2796,07/04/2024 02:15:27,18.02,0.00,,,,,
2797,07/04/2024 02:20:27,18.10,0.00,,,,,
2798,07/04/2024 02:25:27,18.10,0.00,,,,,
2799,07/04/2024 02:30:27,18.06,0.00,,,,,
2800,07/04/2024 02:35:27,18.10,0.00,,,,,
2801,07/04/2024 02:40:27,18.10,0.00,,,,,
2802,07/04/2024 02:45:27,18.06,0.00,,,,,
2803,07/04/2024 02:50:27,18.02,0.00,,,,,
2804,07/04/2024 02:55:27,18.06,0.00,,,,,
2805,07/04/2024 03:00:27,17.97,0.00,,,,,
2806,07/04/2024 03:05:27,18.06,0.00,,,,,
2807,07/04/2024 03:10:27,18.02,0.00,,,,,
2808,07/04/2024 03:15:27,17.97,0.00,,,,,
2809,07/04/2024 03:20:27,17.93,0.00,,,,,
2810,07/04/2024 03:25:27,17.93,0.00,,,,,
2811,07/04/2024 03:30:27,17.93,0.00,,,,,
2812,07/04/2024 03:35:27,17.89,0.00,,,,,
2813,07/04/2024 03:40:27,17.80,0.00,,,,,
2814,07/04/2024 03:45:27,17.80,0.00,,,,,
2815,07/04/2024 03:50:27,17.76,0.00,,,,,
2816,07/04/2024 03:55:27,17.80,0.00,,,,,
2817,07/04/2024 04:00:27,17.80,0.00,,,,,
2818,07/04/2024 04:05:27,17.76,0.00,,,,,
2819,07/04/2024 04:10:27,17.80,0.00,,,,,
2820,07/04/2024 04:15:27,17.76,0.00,,,,,
2821,07/04/2024 04:20:27,17.76,0.00,,,,,
2822,07/04/2024 04:25:27,17.72,0.00,,,,,
2823,07/04/2024 04:30:27,17.72,0.00,,,,,
2824,07/04/2024 04:35:27,17.67,0.00,,,,,
2825,07/04/2024 04:40:27,17.72,0.00,,,,,
2826,07/04/2024 04:45:27,17.67,0.00,,,,,
2827,07/04/2024 04:50:27,17.72,0.00,,,,,
2828,07/04/2024 04:55:27,17.67,0.00,,,,,
2829,07/04/2024 05:00:27,17.67,0.00,,,,,
2830,07/04/2024 05:05:27,17.67,0.00,,,,,
2831,07/04/2024 05:10:27,17.63,0.00,,,,,
2832,07/04/2024 05:15:27,17.63,0.00,,,,,
2833,07/04/2024 05:20:27,17.67,0.00,,,,,
2834,07/04/2024 05:25:27,17.59,0.00,,,,,
2835,07/04/2024 05:30:27,17.54,0.00,,,,,
2836,07/04/2024 05:35:27,17.54,0.00,,,,,
2837,07/04/2024 05:40:27,17.54,0.00,,,,,
2838,07/04/2024 05:45:27,17.54,0.00,,,,,
2839,07/04/2024 05:50:27,17.54,0.00,,,,,
2840,07/04/2024 05:55:27,17.54,0.00,,,,,
2841,07/04/2024 06:00:27,17.54,0.00,,,,,
2842,07/04/2024 06:05:27,17.59,0.00,,,,,
2843,07/04/2024 06:10:27,17.59,0.00,,,,,
2844,07/04/2024 06:15:27,17.59,0.00,,,,,
2845,07/04/2024 06:20:27,17.59,0.00,,,,,
2846,07/04/2024 06:25:27,17.63,0.00,,,,,
2847,07/04/2024 06:30:27,17.63,0.00,,,,,
2848,07/04/2024 06:35:27,17.67,0.00,,,,,
2849,07/04/2024 06:40:27,17.67,0.00,,,,,
2850,07/04/2024 06:45:27,17.67,0.00,,,,,
2851,07/04/2024 06:50:27,17.67,0.00,,,,,
2852,07/04/2024 06:55:27,17.72,0.07,,,,,
2853,07/04/2024 07:00:27,17.72,0.14,,,,,
2854,07/04/2024 07:05:27,17.76,0.21,,,,,
2855,07/04/2024 07:10:27,17.76,0.21,,,,,
2856,07/04/2024 07:15:27,17.76,0.21,,,,,
2857,07/04/2024 07:20:27,17.80,0.49,,,,,
2858,07/04/2024 07:25:27,17.80,0.49,,,,,
2859,07/04/2024 07:30:27,17.84,0.64,,,,,
2860,07/04/2024 07:35:27,17.89,0.35,,,,,
2861,07/04/2024 07:40:27,17.93,0.35,,,,,
2862,07/04/2024 07:45:27,18.02,0.49,,,,,
2863,07/04/2024 07:50:27,17.97,0.79,,,,,
2864,07/04/2024 07:55:27,18.02,0.93,,,,,
2865,07/04/2024 08:00:27,18.14,0.72,,,,,
2866,07/04/2024 08:05:27,18.23,0.42,,,,,
2867,07/04/2024 08:10:27,18.23,0.71,,,,,
2868,07/04/2024 08:15:27,18.23,0.71,,,,,
2869,07/04/2024 08:20:27,18.32,0.72,,,,,
2870,07/04/2024 08:25:27,18.49,1.21,,,,,
2871,07/04/2024 08:30:27,18.62,0.56,,,,,
2872,07/04/2024 08:35:27,18.62,0.42,,,,,
2873,07/04/2024 08:40:27,18.49,0.28,,,,,
2874,07/04/2024 08:45:27,18.53,0.28,,,,,
2875,07/04/2024 08:50:27,18.53,0.42,,,,,
2876,07/04/2024 08:55:27,18.49,0.42,,,,,
2877,07/04/2024 09:00:27,18.49,0.14,,,,,
2878,07/04/2024 09:05:27,18.53,0.21,,,,,
2879,07/04/2024 09:10:27,18.44,0.56,,,,,
2880,07/04/2024 09:15:27,18.57,2.58,,,,,
2881,07/04/2024 09:20:27,18.83,0.21,,,,,
2882,07/04/2024 09:25:27,18.70,0.28,,,,,
2883,07/04/2024 09:30:27,18.74,0.64,,,,,
2884,07/04/2024 09:35:27,18.66,0.71,,,,,
2885,07/04/2024 09:40:27,18.66,0.86,,,,,
2886,07/04/2024 09:45:27,18.70,1.14,,,,,
2887,07/04/2024 09:50:27,18.70,1.71,,,,,
2888,07/04/2024 09:55:27,18.79,4.60,,,,,
2889,07/04/2024 10:00:27,19.00,2.51,,,,,
2890,07/04/2024 10:05:27,19.22,0.49,,,,,
2891,07/04/2024 10:10:27,19.30,0.78,,,,,
2892,07/04/2024 10:15:27,19.39,1.65,,,,,
2893,07/04/2024 10:20:27,19.43,1.50,,,,,
2894,07/04/2024 10:25:27,19.52,1.51,,,,,
2895,07/04/2024 10:30:27,19.60,1.29,,,,,
2896,07/04/2024 10:35:27,19.65,1.36,,,,,
2897,07/04/2024 10:40:27,19.73,1.21,,,,,
2898,07/04/2024 10:45:27,19.73,1.21,,,,,
2899,07/04/2024 10:50:27,19.82,0.14,,,,,
2900,07/04/2024 10:55:27,19.82,0.92,,,,,
2901,07/04/2024 11:00:27,19.86,0.92,,,,,
2902,07/04/2024 11:05:27,19.95,0.78,,,,,
2903,07/04/2024 11:10:27,19.99,0.85,,,,,
2904,07/04/2024 11:15:27,19.99,0.35,,,,,
2905,07/04/2024 11:20:27,19.99,0.49,,,,,
2906,07/04/2024 11:25:27,20.03,0.49,,,,,
2907,07/04/2024 11:30:27,20.07,0.14,,,,,
2908,07/04/2024 11:35:27,20.03,0.00,,,,,
2909,07/04/2024 11:40:27,19.95,0.00,,,,,
2910,07/04/2024 11:45:27,19.90,0.00,,,,,
2911,07/04/2024 11:50:27,19.82,0.00,,,,,
2912,07/04/2024 11:55:27,19.82,0.00,,,,,
2913,07/04/2024 12:00:27,19.82,0.07,,,,,
2914,07/04/2024 12:05:27,19.73,0.07,,,,,
2915,07/04/2024 12:10:27,19.73,0.14,,,,,
2916,07/04/2024 12:15:27,19.69,0.21,,,,,
2917,07/04/2024 12:20:27,19.73,0.28,,,,,
2918,07/04/2024 12:25:27,19.77,0.21,,,,,
2919,07/04/2024 12:30:27,19.82,0.21,,,,,
2920,07/04/2024 12:35:27,19.77,0.21,,,,,
2921,07/04/2024 12:40:27,19.82,0.21,,,,,
2922,07/04/2024 12:45:27,19.77,0.35,,,,,
2923,07/04/2024 12:50:27,19.73,0.21,,,,,
2924,07/04/2024 12:55:27,19.73,0.21,,,,,
2925,07/04/2024 13:00:27,19.77,0.21,,,,,
2926,07/04/2024 13:05:27,19.73,0.21,,,,,
2927,07/04/2024 13:10:27,19.73,0.00,,,,,
2928,07/04/2024 13:15:27,19.77,0.00,,,,,
2929,07/04/2024 13:20:27,19.99,0.00,,,,,
2930,07/04/2024 13:25:27,20.59,0.00,,,,,
2931,07/04/2024 13:30:27,21.36,0.00,,,,,
2932,07/04/2024 13:35:27,21.79,0.00,,,,,
2933,07/04/2024 13:40:27,22.05,0.00,,,,,
2934,07/04/2024 13:45:27,22.09,0.00,,,,,
2935,07/04/2024 13:50:27,22.31,0.00,,,,,
2936,07/04/2024 13:55:27,22.39,0.00,,,,,
2937,07/04/2024 14:00:27,22.52,0.00,,,,,
2938,07/04/2024 14:05:27,22.65,0.00,,,,,
2939,07/04/2024 14:10:27,22.13,0.00,,,,,
2940,07/04/2024 14:15:27,21.53,0.00,,,,,
2941,07/04/2024 14:20:27,20.98,0.00,,,,,
2942,07/04/2024 14:25:27,20.63,0.00,,,,,
2943,07/04/2024 14:30:27,20.20,0.00,,,,,
2944,07/04/2024 14:35:27,20.07,0.00,,,,,
2945,07/04/2024 14:40:27,19.95,0.00,,,,,
2946,07/04/2024 14:45:27,19.73,0.00,,,,,
2947,07/04/2024 14:50:27,19.47,0.00,,,,,
2948,07/04/2024 14:55:27,19.26,0.00,,,,,
2949,07/04/2024 15:00:27,19.09,0.00,,,,,
2950,07/04/2024 15:05:27,19.26,0.00,,,,,
2951,07/04/2024 15:10:27,19.43,0.00,,,,,
2952,07/04/2024 15:15:27,19.69,0.00,,,,,
2953,07/04/2024 15:20:27,19.90,0.00,,,,,
2954,07/04/2024 15:25:27,20.25,0.00,,,,,
2955,07/04/2024 15:30:27,20.59,0.00,,,,,
2956,07/04/2024 15:35:27,21.40,0.00,,,,,
2957,07/04/2024 15:40:27,22.26,0.00,,,,,
2958,07/04/2024 15:45:27,22.82,0.00,,,,,
2959,07/04/2024 15:50:27,23.55,0.00,,,,,
2960,07/04/2024 15:55:27,23.98,0.00,,,,,
2961,07/04/2024 16:00:27,23.81,0.00,,,,,
2962,07/04/2024 16:05:27,23.46,0.00,,,,,
2963,07/04/2024 16:10:27,23.12,0.00,,,,,
2964,07/04/2024 16:15:27,22.86,0.00,,,,,
2965,07/04/2024 16:20:27,22.65,0.00,,,,,
2966,07/04/2024 16:25:27,22.52,0.00,,,,,
2967,07/04/2024 16:30:27,22.43,0.00,,,,,
2968,07/04/2024 16:35:27,22.35,0.00,,,,,
2969,07/04/2024 16:40:27,22.31,0.00,,,,,
2970,07/04/2024 16:45:27,22.22,0.00,,,,,
2971,07/04/2024 16:50:27,22.61,0.00,,,,,
2972,07/04/2024 16:55:27,22.99,0.00,,,,,
2973,07/04/2024 17:00:27,23.16,0.00,,,,,
2974,07/04/2024 17:05:27,23.16,0.00,,,,,
2975,07/04/2024 17:10:27,22.95,0.00,,,,,
2976,07/04/2024 17:15:27,22.65,0.00,,,,,
2977,07/04/2024 17:20:27,22.43,0.00,,,,,
2978,07/04/2024 17:25:27,22.26,0.00,,,,,
2979,07/04/2024 17:30:27,22.09,0.00,,,,,
2980,07/04/2024 17:35:27,21.92,0.00,,,,,
2981,07/04/2024 17:40:27,21.79,0.00,,,,,
2982,07/04/2024 17:45:27,21.66,0.00,,,,,
2983,07/04/2024 17:50:27,21.58,0.00,,,,,
2984,07/04/2024 17:55:27,21.49,0.00,,,,,
2985,07/04/2024 18:00:27,21.36,0.00,,,,,
2986,07/04/2024 18:05:27,21.23,0.00,,,,,
2987,07/04/2024 18:10:27,21.23,0.00,,,,,
2988,07/04/2024 18:15:27,21.15,0.00,,,,,
2989,07/04/2024 18:20:27,21.10,0.00,,,,,
2990,07/04/2024 18:25:27,21.06,0.00,,,,,
2991,07/04/2024 18:30:27,20.98,0.00,,,,,
2992,07/04/2024 18:35:27,20.98,0.00,,,,,
2993,07/04/2024 18:40:27,20.93,0.00,,,,,
2994,07/04/2024 18:45:27,20.89,0.00,,,,,
2995,07/04/2024 18:50:27,20.85,0.00,,,,,
2996,07/04/2024 18:55:27,20.80,0.00,,,,,
2997,07/04/2024 19:00:27,20.80,0.00,,,,,
2998,07/04/2024 19:05:27,20.76,0.00,,,,,
2999,07/04/2024 19:10:27,20.72,0.00,,,,,
3000,07/04/2024 19:15:27,20.68,0.00,,,,,
3001,07/04/2024 19:20:27,20.63,0.00,,,,,
3002,07/04/2024 19:25:27,20.59,0.00,,,,,
3003,07/04/2024 19:30:27,20.59,0.00,,,,,
3004,07/04/2024 19:35:27,20.59,0.00,,,,,
3005,07/04/2024 19:40:27,20.59,0.00,,,,,
3006,07/04/2024 19:45:27,20.55,0.00,,,,,
3007,07/04/2024 19:50:27,20.50,0.00,,,,,
3008,07/04/2024 19:55:27,20.55,0.00,,,,,
3009,07/04/2024 20:00:27,20.50,0.00,,,,,
3010,07/04/2024 20:05:27,20.46,0.00,,,,,
3011,07/04/2024 20:10:27,20.46,0.00,,,,,
3012,07/04/2024 20:15:27,20.46,0.00,,,,,
3013,07/04/2024 20:20:27,20.46,0.00,,,,,
3014,07/04/2024 20:25:27,20.42,0.00,,,,,
3015,07/04/2024 20:30:27,20.46,0.00,,,,,
3016,07/04/2024 20:35:27,20.37,0.00,,,,,
3017,07/04/2024 20:40:27,20.42,0.00,,,,,
3018,07/04/2024 20:45:27,20.37,0.00,,,,,
3019,07/04/2024 20:50:27,20.42,0.00,,,,,
3020,07/04/2024 20:55:27,20.42,0.00,,,,,
3021,07/04/2024 21:00:27,20.42,0.00,,,,,
3022,07/04/2024 21:05:27,20.37,0.00,,,,,
3023,07/04/2024 21:10:27,20.37,0.00,,,,,
3024,07/04/2024 21:15:27,20.37,0.00,,,,,
3025,07/04/2024 21:20:27,20.33,0.00,,,,,
3026,07/04/2024 21:25:27,20.33,0.00,,,,,
3027,07/04/2024 21:30:27,20.37,0.00,,,,,
3028,07/04/2024 21:35:27,20.33,0.00,,,,,
3029,07/04/2024 21:40:27,20.33,0.00,,,,,
3030,07/04/2024 21:45:27,20.33,0.00,,,,,
3031,07/04/2024 21:50:27,20.33,0.00,,,,,
3032,07/04/2024 21:55:27,20.33,0.00,,,,,
3033,07/04/2024 22:00:27,20.29,0.00,,,,,
3034,07/04/2024 22:05:27,20.29,0.00,,,,,
3035,07/04/2024 22:10:27,20.33,0.00,,,,,
3036,07/04/2024 22:15:27,20.29,0.00,,,,,
3037,07/04/2024 22:20:27,20.29,0.00,,,,,
3038,07/04/2024 22:25:27,20.25,0.00,,,,,
3039,07/04/2024 22:30:27,20.29,0.00,,,,,
3040,07/04/2024 22:35:27,20.33,0.00,,,,,
3041,07/04/2024 22:40:27,20.33,0.00,,,,,
3042,07/04/2024 22:45:27,20.29,0.00,,,,,
3043,07/04/2024 22:50:27,20.20,0.00,,,,,
3044,07/04/2024 22:55:27,20.20,0.00,,,,,
3045,07/04/2024 23:00:27,20.20,0.00,,,,,
3046,07/04/2024 23:05:27,20.20,0.00,,,,,
3047,07/04/2024 23:10:27,20.20,0.00,,,,,
3048,07/04/2024 23:15:27,20.20,0.00,,,,,
3049,07/04/2024 23:20:27,20.20,0.00,,,,,
3050,07/04/2024 23:25:27,20.16,0.00,,,,,
3051,07/04/2024 23:30:27,20.20,0.00,,,,,
3052,07/04/2024 23:35:27,20.20,0.00,,,,,
3053,07/04/2024 23:40:27,20.20,0.00,,,,,
3054,07/04/2024 23:45:27,20.16,0.00,,,,,
3055,07/04/2024 23:50:27,20.16,0.00,,,,,
3056,07/04/2024 23:55:27,20.20,0.00,,,,,
3057,07/05/2024 00:00:27,20.20,0.00,,,,,
3058,07/05/2024 00:05:27,20.20,0.00,,,,,
3059,07/05/2024 00:10:27,20.16,0.00,,,,,
3060,07/05/2024 00:15:27,20.20,0.00,,,,,
3061,07/05/2024 00:20:27,20.16,0.00,,,,,
3062,07/05/2024 00:25:27,20.16,0.00,,,,,
3063,07/05/2024 00:30:27,20.25,0.00,,,,,
3064,07/05/2024 00:35:27,20.25,0.00,,,,,
3065,07/05/2024 00:40:27,20.25,0.00,,,,,
3066,07/05/2024 00:45:27,20.16,0.00,,,,,
3067,07/05/2024 00:50:27,20.25,0.00,,,,,
3068,07/05/2024 00:55:27,20.20,0.00,,,,,
3069,07/05/2024 01:00:27,20.20,0.00,,,,,
3070,07/05/2024 01:05:27,20.20,0.00,,,,,
3071,07/05/2024 01:10:27,20.20,0.00,,,,,
3072,07/05/2024 01:15:27,20.20,0.00,,,,,
3073,07/05/2024 01:20:27,20.16,0.00,,,,,
3074,07/05/2024 01:25:27,20.16,0.00,,,,,
3075,07/05/2024 01:30:27,20.12,0.00,,,,,
3076,07/05/2024 01:35:27,20.16,0.00,,,,,
3077,07/05/2024 01:40:27,20.16,0.00,,,,,
3078,07/05/2024 01:45:27,20.16,0.00,,,,,
3079,07/05/2024 01:50:27,20.12,0.00,,,,,
3080,07/05/2024 01:55:27,20.12,0.00,,,,,
3081,07/05/2024 02:00:27,20.12,0.00,,,,,
3082,07/05/2024 02:05:27,20.12,0.00,,,,,
3083,07/05/2024 02:10:27,20.12,0.00,,,,,
3084,07/05/2024 02:15:27,20.07,0.00,,,,,
3085,07/05/2024 02:20:27,20.12,0.00,,,,,
3086,07/05/2024 02:25:27,20.07,0.00,,,,,
3087,07/05/2024 02:30:27,20.07,0.00,,,,,
3088,07/05/2024 02:35:27,20.03,0.00,,,,,
3089,07/05/2024 02:40:27,20.03,0.00,,,,,
3090,07/05/2024 02:45:27,20.07,0.00,,,,,
3091,07/05/2024 02:50:27,20.03,0.00,,,,,
3092,07/05/2024 02:55:27,20.07,0.00,,,,,
3093,07/05/2024 03:00:27,20.03,0.00,,,,,
3094,07/05/2024 03:05:27,19.99,0.00,,,,,
3095,07/05/2024 03:10:27,19.99,0.00,,,,,
3096,07/05/2024 03:15:27,20.03,0.00,,,,,
3097,07/05/2024 03:20:27,19.99,0.00,,,,,
3098,07/05/2024 03:25:27,19.99,0.00,,,,,
3099,07/05/2024 03:30:27,20.03,0.00,,,,,
3100,07/05/2024 03:35:27,19.95,0.00,,,,,
3101,07/05/2024 03:40:27,19.95,0.00,,,,,
3102,07/05/2024 03:45:27,19.99,0.00,,,,,
3103,07/05/2024 03:50:27,19.99,0.00,,,,,
3104,07/05/2024 03:55:27,19.95,0.00,,,,,
3105,07/05/2024 04:00:27,19.95,0.00,,,,,
3106,07/05/2024 04:05:27,19.99,0.00,,,,,
3107,07/05/2024 04:10:27,19.95,0.00,,,,,
3108,07/05/2024 04:15:27,19.95,0.00,,,,,
3109,07/05/2024 04:20:27,19.95,0.00,,,,,
3110,07/05/2024 04:25:27,19.95,0.00,,,,,
3111,07/05/2024 04:30:27,19.95,0.00,,,,,
3112,07/05/2024 04:35:27,19.95,0.00,,,,,
3113,07/05/2024 04:40:27,19.90,0.00,,,,,
3114,07/05/2024 04:45:27,19.90,0.00,,,,,
3115,07/05/2024 04:50:27,19.90,0.00,,,,,
3116,07/05/2024 04:55:27,19.95,0.00,,,,,
3117,07/05/2024 05:00:27,19.95,0.00,,,,,
3118,07/05/2024 05:05:27,19.90,0.00,,,,,
3119,07/05/2024 05:10:27,19.90,0.00,,,,,
3120,07/05/2024 05:15:27,19.90,0.00,,,,,
3121,07/05/2024 05:20:27,19.90,0.00,,,,,
3122,07/05/2024 05:25:27,19.90,0.00,,,,,
3123,07/05/2024 05:30:27,19.90,0.00,,,,,
3124,07/05/2024 05:35:27,19.86,0.00,,,,,
3125,07/05/2024 05:40:27,19.90,0.00,,,,,
3126,07/05/2024 05:45:27,19.90,0.00,,,,,
3127,07/05/2024 05:50:27,19.90,0.00,,,,,
3128,07/05/2024 05:55:27,19.95,0.00,,,,,
3129,07/05/2024 06:00:27,19.90,0.00,,,,,
3130,07/05/2024 06:05:27,19.95,0.00,,,,,
3131,07/05/2024 06:10:27,19.90,0.00,,,,,
3132,07/05/2024 06:15:27,19.90,0.00,,,,,
3133,07/05/2024 06:20:27,19.86,0.00,,,,,
3134,07/05/2024 06:25:27,19.90,0.00,,,,,
3135,07/05/2024 06:30:27,19.86,0.00,,,,,
3136,07/05/2024 06:35:27,19.90,0.00,,,,,
3137,07/05/2024 06:40:27,19.86,0.00,,,,,
3138,07/05/2024 06:45:27,19.90,0.00,,,,,
3139,07/05/2024 06:50:27,19.86,0.00,,,,,
3140,07/05/2024 06:55:27,19.90,0.00,,,,,
3141,07/05/2024 07:00:27,19.90,0.00,,,,,
3142,07/05/2024 07:05:27,19.90,0.00,,,,,
3143,07/05/2024 07:10:27,19.86,0.00,,,,,
3144,07/05/2024 07:15:27,19.86,0.00,,,,,
3145,07/05/2024 07:20:27,19.86,0.00,,,,,
3146,07/05/2024 07:25:27,19.86,0.00,,,,,
3147,07/05/2024 07:30:27,19.86,0.00,,,,,
3148,07/05/2024 07:35:27,19.90,0.00,,,,,
3149,07/05/2024 07:40:27,19.90,0.00,,,,,
3150,07/05/2024 07:45:27,19.95,0.00,,,,,
3151,07/05/2024 07:50:27,19.95,0.00,,,,,
3152,07/05/2024 07:55:27,19.99,0.00,,,,,
3153,07/05/2024 08:00:27,19.99,0.00,,,,,
3154,07/05/2024 08:05:27,20.07,0.00,,,,,
3155,07/05/2024 08:10:27,20.12,0.00,,,,,
3156,07/05/2024 08:15:27,20.12,0.00,,,,,
3157,07/05/2024 08:20:27,20.16,0.00,,,,,
3158,07/05/2024 08:25:27,20.20,0.00,,,,,
3159,07/05/2024 08:30:27,20.16,0.00,,,,,
3160,07/05/2024 08:35:27,20.29,0.00,,,,,
3161,07/05/2024 08:40:27,20.29,0.00,,,,,
3162,07/05/2024 08:45:27,20.33,0.00,,,,,
3163,07/05/2024 08:50:27,20.37,0.00,,,,,
3164,07/05/2024 08:55:27,20.42,0.00,,,,,
3165,07/05/2024 09:00:27,20.46,0.00,,,,,
3166,07/05/2024 09:05:27,20.42,0.00,,,,,
3167,07/05/2024 09:10:27,20.50,0.00,,,,,
3168,07/05/2024 09:15:27,20.50,0.00,,,,,
3169,07/05/2024 09:20:27,20.50,0.00,,,,,
3170,07/05/2024 09:25:27,20.50,0.00,,,,,
3171,07/05/2024 09:30:27,20.55,0.00,,,,,
3172,07/05/2024 09:35:27,20.50,0.00,,,,,
3173,07/05/2024 09:40:27,20.55,0.00,,,,,
3174,07/05/2024 09:45:27,20.50,0.00,,,,,
3175,07/05/2024 09:50:27,20.46,0.00,,,,,
3176,07/05/2024 09:55:27,20.50,0.00,,,,,
3177,07/05/2024 10:00:27,20.55,0.00,,,,,
3178,07/05/2024 10:05:27,20.50,0.00,,,,,
3179,07/05/2024 10:10:27,20.50,0.00,,,,,
3180,07/05/2024 10:15:27,20.50,0.00,,,,,
3181,07/05/2024 10:20:27,20.59,0.00,,,,,
3182,07/05/2024 10:25:27,20.55,0.00,,,,,
3183,07/05/2024 10:30:27,20.59,0.00,,,,,
3184,07/05/2024 10:35:27,20.68,0.00,,,,,
3185,07/05/2024 10:40:27,20.59,0.00,,,,,
3186,07/05/2024 10:45:27,20.59,0.00,,,,,
3187,07/05/2024 10:50:27,20.63,0.00,,,,,
3188,07/05/2024 10:55:27,20.63,0.00,,,,,
3189,07/05/2024 11:00:27,20.63,0.00,,,,,
3190,07/05/2024 11:05:27,20.72,0.00,,,,,
3191,07/05/2024 11:10:27,20.76,0.00,,,,,
3192,07/05/2024 11:15:27,20.76,0.00,,,,,
3193,07/05/2024 11:20:27,20.80,0.00,,,,,
3194,07/05/2024 11:25:27,20.80,0.00,,,,,
3195,07/05/2024 11:30:27,20.80,0.00,,,,,
3196,07/05/2024 11:35:27,20.76,0.00,,,,,
3197,07/05/2024 11:40:27,20.80,0.00,,,,,
3198,07/05/2024 11:45:27,20.76,0.00,,,,,
3199,07/05/2024 11:50:27,20.72,0.00,,,,,
3200,07/05/2024 11:55:27,20.76,0.00,,,,,
3201,07/05/2024 12:00:27,20.72,0.00,,,,,
3202,07/05/2024 12:05:27,20.72,0.00,,,,,
3203,07/05/2024 12:10:27,20.76,0.00,,,,,
3204,07/05/2024 12:15:27,20.76,0.00,,,,,
3205,07/05/2024 12:20:27,20.80,0.00,,,,,
3206,07/05/2024 12:25:27,20.80,0.00,,,,,
3207,07/05/2024 12:30:27,20.80,0.00,,,,,
3208,07/05/2024 12:35:27,20.76,0.00,,,,,
3209,07/05/2024 12:40:27,20.76,0.00,,,,,
3210,07/05/2024 12:45:27,20.72,0.00,,,,,
3211,07/05/2024 12:50:27,20.72,0.00,,,,,
3212,07/05/2024 12:55:27,20.76,0.00,,,,,
3213,07/05/2024 13:00:27,20.80,0.00,,,,,
3214,07/05/2024 13:05:27,20.85,0.00,,,,,
3215,07/05/2024 13:10:27,20.93,0.00,,,,,
3216,07/05/2024 13:15:27,20.98,0.00,,,,,
3217,07/05/2024 13:20:27,21.15,0.00,,,,,
3218,07/05/2024 13:25:27,21.28,0.00,,,,,
3219,07/05/2024 13:30:27,21.40,0.00,,,,,
3220,07/05/2024 13:35:27,21.53,0.00,,,,,
3221,07/05/2024 13:40:27,21.58,0.00,,,,,
3222,07/05/2024 13:45:27,21.66,0.00,,,,,
3223,07/05/2024 13:50:27,21.70,0.00,,,,,
3224,07/05/2024 13:55:27,21.75,0.00,,,,,
3225,07/05/2024 14:00:27,21.75,0.00,,,,,
3226,07/05/2024 14:05:27,21.79,0.00,,,,,
3227,07/05/2024 14:10:27,21.83,0.00,,,,,
3228,07/05/2024 14:15:27,22.73,0.00,,,,,
3229,07/05/2024 14:20:27,23.29,0.00,,,,,
3230,07/05/2024 14:25:27,23.42,0.00,,,,,
3231,07/05/2024 14:30:27,23.12,0.00,,,,,
3232,07/05/2024 14:35:27,23.08,1.86,,,,,
3233,07/05/2024 14:40:27,23.03,1.63,,,,,
3234,07/05/2024 14:45:27,22.99,1.63,,,,,
3235,07/05/2024 14:50:27,22.99,1.78,,,,,
3236,07/05/2024 14:55:27,22.86,1.85,,,,,
3237,07/05/2024 15:00:27,22.78,1.28,,,,,
3238,07/05/2024 15:05:27,22.69,1.35,,,,,
3239,07/05/2024 15:10:27,22.65,1.06,,,,,
3240,07/05/2024 15:15:27,22.56,1.06,,,,,
3241,07/05/2024 15:20:27,22.43,1.28,,,,,
3242,07/05/2024 15:25:27,22.35,0.78,,,,,
3243,07/05/2024 15:30:27,22.31,0.92,,,,,
3244,07/05/2024 15:35:27,22.18,1.13,,,,,
3245,07/05/2024 15:40:27,22.13,1.13,,,,,
3246,07/05/2024 15:45:27,22.05,0.92,,,,,
3247,07/05/2024 15:50:27,21.96,1.06,,,,,
3248,07/05/2024 15:55:27,21.88,1.35,,,,,
3249,07/05/2024 16:00:27,21.92,1.28,,,,,
3250,07/05/2024 16:05:27,21.88,1.21,,,,,
3251,07/05/2024 16:10:27,21.92,0.99,,,,,
3252,07/05/2024 16:15:27,21.92,0.78,,,,,
3253,07/05/2024 16:20:27,21.92,0.78,,,,,
3254,07/05/2024 16:25:27,21.92,0.92,,,,,
3255,07/05/2024 16:30:27,21.88,0.85,,,,,
3256,07/05/2024 16:35:27,21.88,0.78,,,,,
3257,07/05/2024 16:40:27,21.88,0.71,,,,,
3258,07/05/2024 16:45:27,21.88,0.64,,,,,
3259,07/05/2024 16:50:27,21.83,0.56,,,,,
3260,07/05/2024 16:55:27,21.79,0.64,,,,,
3261,07/05/2024 17:00:27,21.75,0.71,,,,,
3262,07/05/2024 17:05:27,21.70,0.78,,,,,
3263,07/05/2024 17:10:27,21.66,0.71,,,,,
3264,07/05/2024 17:15:27,21.58,0.71,,,,,
3265,07/05/2024 17:20:27,21.58,0.64,,,,,
3266,07/05/2024 17:25:27,21.96,0.00,,,,,
3267,07/05/2024 17:30:27,21.96,0.00,,,,,
3268,07/05/2024 17:35:27,21.88,0.00,,,,,
3269,07/05/2024 17:40:27,21.83,0.00,,,,,
3270,07/05/2024 17:45:27,21.79,0.00,,,,,
3271,07/05/2024 17:50:27,21.79,0.00,,,,,
3272,07/05/2024 17:55:27,21.79,0.00,,,,,
3273,07/05/2024 18:00:27,21.79,0.00,,,,,
3274,07/05/2024 18:05:27,21.75,0.00,,,,,
3275,07/05/2024 18:10:27,21.66,0.00,,,,,
3276,07/05/2024 18:15:27,21.62,0.00,,,,,
3277,07/05/2024 18:20:27,21.62,0.00,,,,,
3278,07/05/2024 18:25:27,21.66,0.00,,,,,
3279,07/05/2024 18:30:27,21.70,0.00,,,,,
3280,07/05/2024 18:35:27,21.70,0.00,,,,,
3281,07/05/2024 18:40:27,21.83,0.00,,,,,
3282,07/05/2024 18:45:27,21.92,0.00,,,,,
3283,07/05/2024 18:50:27,22.35,0.00,,,,,
3284,07/05/2024 18:55:27,22.56,0.00,,,,,
3285,07/05/2024 19:00:27,22.69,0.00,,,,,
3286,07/05/2024 19:05:27,22.78,0.00,,,,,
3287,07/05/2024 19:10:27,22.82,0.00,,,,,
3288,07/05/2024 19:15:27,22.86,0.00,,,,,
3289,07/05/2024 19:20:27,22.91,0.00,,,,,
3290,07/05/2024 19:25:27,22.91,0.00,,,,,
3291,07/05/2024 19:30:27,22.95,0.00,,,,,
3292,07/05/2024 19:35:27,22.95,0.00,,,,,
3293,07/05/2024 19:40:27,22.91,0.00,,,,,
3294,07/05/2024 19:45:27,22.82,0.00,,,,,
3295,07/05/2024 19:50:27,22.82,0.00,,,,,
3296,07/05/2024 19:55:27,22.65,0.00,,,,,
3297,07/05/2024 20:00:27,22.65,0.00,,,,,
3298,07/05/2024 20:05:27,22.78,0.00,,,,,
3299,07/05/2024 20:10:27,22.86,0.00,,,,,
3300,07/05/2024 20:15:27,23.03,0.00,,,,,
3301,07/05/2024 20:20:27,23.16,0.00,,,,,
3302,07/05/2024 20:25:27,23.29,0.00,,,,,
3303,07/05/2024 20:30:27,23.42,0.00,,,,,
3304,07/05/2024 20:35:27,23.51,0.00,,,,,
3305,07/05/2024 20:40:27,23.51,0.00,,,,,
3306,07/05/2024 20:45:27,23.64,0.00,,,,,
3307,07/05/2024 20:50:27,23.55,0.00,,,,,
3308,07/05/2024 20:55:27,23.51,0.00,,,,,
3309,07/05/2024 21:00:27,23.46,0.00,,,,,
3310,07/05/2024 21:05:27,23.38,0.00,,,,,
3311,07/05/2024 21:10:27,23.25,0.00,,,,,
3312,07/05/2024 21:15:27,23.16,0.00,,,,,
3313,07/05/2024 21:20:27,23.08,0.00,,,,,
3314,07/05/2024 21:25:27,22.95,0.00,,,,,
3315,07/05/2024 21:30:27,22.78,0.00,,,,,
3316,07/05/2024 21:35:27,22.61,0.00,,,,,
3317,07/05/2024 21:40:27,22.39,0.00,,,,,
3318,07/05/2024 21:45:27,22.18,0.00,,,,,
3319,07/05/2024 21:50:27,21.96,0.00,,,,,
3320,07/05/2024 21:55:27,21.75,0.00,,,,,
3321,07/05/2024 22:00:27,21.53,0.00,,,,,
3322,07/05/2024 22:05:27,21.32,0.00,,,,,
3323,07/05/2024 22:10:27,21.10,0.00,,,,,
3324,07/05/2024 22:15:27,20.93,0.00,,,,,
3325,07/05/2024 22:20:27,20.85,0.00,,,,,
3326,07/05/2024 22:25:27,20.89,0.00,,,,,
3327,07/05/2024 22:30:27,20.93,0.00,,,,,
3328,07/05/2024 22:35:27,21.10,0.00,,,,,
3329,07/05/2024 22:40:27,21.19,0.00,,,,,
3330,07/05/2024 22:45:27,21.23,0.00,,,,,
3331,07/05/2024 22:50:27,21.19,0.00,,,,,
3332,07/05/2024 22:55:27,21.28,0.00,,,,,
3333,07/05/2024 23:00:27,21.53,0.00,,,,,
3334,07/05/2024 23:05:27,21.88,0.00,,,,,
3335,07/05/2024 23:10:27,22.18,0.00,,,,,
3336,07/05/2024 23:15:27,22.52,0.00,,,,,
3337,07/05/2024 23:20:27,22.82,0.00,,,,,
3338,07/05/2024 23:25:27,23.16,0.00,,,,,
3339,07/05/2024 23:30:27,23.42,0.00,,,,,
3340,07/05/2024 23:35:27,23.68,0.00,,,,,
3341,07/05/2024 23:40:27,23.81,0.00,,,,,
3342,07/05/2024 23:45:27,23.98,0.00,,,,,
3343,07/05/2024 23:50:27,24.11,0.00,,,,,
3344,07/05/2024 23:55:27,24.24,0.00,,,,,
3345,07/06/2024 00:00:27,24.32,0.00,,,,,
3346,07/06/2024 00:05:27,24.45,0.00,,,,,
3347,07/06/2024 00:10:27,24.54,0.00,,,,,
3348,07/06/2024 00:15:27,24.58,0.00,,,,,
3349,07/06/2024 00:20:27,24.62,0.00,,,,,
3350,07/06/2024 00:25:27,24.62,0.00,,,,,
3351,07/06/2024 00:30:27,24.66,0.00,,,,,
3352,07/06/2024 00:35:27,24.66,0.00,,,,,
3353,07/06/2024 00:40:27,24.66,0.00,,,,,
3354,07/06/2024 00:45:27,24.62,0.00,,,,,
3355,07/06/2024 00:50:27,24.58,0.00,,,,,
3356,07/06/2024 00:55:27,24.49,0.00,,,,,
3357,07/06/2024 01:00:27,24.41,0.00,,,,,
3358,07/06/2024 01:05:27,24.36,0.00,,,,,
3359,07/06/2024 01:10:27,24.24,0.00,,,,,
3360,07/06/2024 01:15:27,24.19,0.00,,,,,
3361,07/06/2024 01:20:27,24.06,0.00,,,,,
3362,07/06/2024 01:25:27,24.06,0.00,,,,,
3363,07/06/2024 01:30:27,23.98,0.00,,,,,
3364,07/06/2024 01:35:27,23.85,0.00,,,,,
3365,07/06/2024 01:40:27,23.85,0.00,,,,,
3366,07/06/2024 01:45:27,23.81,0.00,,,,,
3367,07/06/2024 01:50:27,23.81,0.00,,,,,
3368,07/06/2024 01:55:27,23.68,0.00,,,,,
3369,07/06/2024 02:00:27,23.68,0.00,,,,,
3370,07/06/2024 02:05:27,23.64,0.00,,,,,
3371,07/06/2024 02:10:27,23.55,0.00,,,,,
3372,07/06/2024 02:15:27,23.51,0.00,,,,,
3373,07/06/2024 02:20:27,23.46,0.00,,,,,
3374,07/06/2024 02:25:27,23.46,0.00,,,,,
3375,07/06/2024 02:30:27,23.46,0.00,,,,,
3376,07/06/2024 02:35:27,23.42,0.00,,,,,
3377,07/06/2024 02:40:27,23.42,0.00,,,,,
3378,07/06/2024 02:45:27,23.34,0.00,,,,,
3379,07/06/2024 02:50:27,23.34,0.00,,,,,
3380,07/06/2024 02:55:27,23.29,0.00,,,,,
3381,07/06/2024 03:00:27,23.25,0.00,,,,,
3382,07/06/2024 03:05:27,23.25,0.00,,,,,
3383,07/06/2024 03:10:27,23.21,0.00,,,,,
3384,07/06/2024 03:15:27,23.25,0.00,,,,,
3385,07/06/2024 03:20:27,23.21,0.00,,,,,
3386,07/06/2024 03:25:27,23.21,0.00,,,,,
3387,07/06/2024 03:30:27,23.12,0.00,,,,,
3388,07/06/2024 03:35:27,23.16,0.00,,,,,
3389,07/06/2024 03:40:27,23.21,0.00,,,,,
3390,07/06/2024 03:45:27,23.12,0.00,,,,,
3391,07/06/2024 03:50:27,23.12,0.00,,,,,
3392,07/06/2024 03:55:27,23.08,0.00,,,,,
3393,07/06/2024 04:00:27,23.12,0.00,,,,,
3394,07/06/2024 04:05:27,23.03,0.00,,,,,
3395,07/06/2024 04:10:27,23.08,0.00,,,,,
3396,07/06/2024 04:15:27,22.99,0.00,,,,,
3397,07/06/2024 04:20:27,23.03,0.00,,,,,
3398,07/06/2024 04:25:27,23.03,0.00,,,,,
3399,07/06/2024 04:30:27,23.03,0.00,,,,,
3400,07/06/2024 04:35:27,22.99,0.00,,,,,
3401,07/06/2024 04:40:27,22.95,0.00,,,,,
3402,07/06/2024 04:45:27,22.95,0.00,,,,,
3403,07/06/2024 04:50:27,22.91,0.00,,,,,
3404,07/06/2024 04:55:27,22.91,0.00,,,,,
3405,07/06/2024 05:00:27,22.86,0.00,,,,,
3406,07/06/2024 05:05:27,22.86,0.00,,,,,
3407,07/06/2024 05:10:27,22.82,0.00,,,,,
3408,07/06/2024 05:15:27,22.82,0.00,,,,,
3409,07/06/2024 05:20:27,22.86,0.00,,,,,
3410,07/06/2024 05:25:27,22.86,0.00,,,,,
3411,07/06/2024 05:30:27,22.82,0.00,,,,,
3412,07/06/2024 05:35:27,22.78,0.00,,,,,
3413,07/06/2024 05:40:27,22.78,0.00,,,,,
3414,07/06/2024 05:45:27,22.78,0.00,,,,,
3415,07/06/2024 05:50:27,22.73,0.00,,,,,
3416,07/06/2024 05:55:27,22.78,0.00,,,,,
3417,07/06/2024 06:00:27,22.73,0.00,,,,,
3418,07/06/2024 06:05:27,22.73,0.00,,,,,
3419,07/06/2024 06:10:27,22.73,0.00,,,,,
3420,07/06/2024 06:15:27,22.69,0.00,,,,,
3421,07/06/2024 06:20:27,22.69,0.00,,,,,
3422,07/06/2024 06:25:27,22.65,0.00,,,,,
3423,07/06/2024 06:30:27,22.65,0.00,,,,,
3424,07/06/2024 06:35:27,22.65,0.00,,,,,
3425,07/06/2024 06:40:27,22.65,0.00,,,,,
3426,07/06/2024 06:45:27,22.65,0.00,,,,,
3427,07/06/2024 06:50:27,22.61,0.00,,,,,
3428,07/06/2024 06:55:27,22.65,0.00,,,,,
3429,07/06/2024 07:00:27,22.65,0.00,,,,,
3430,07/06/2024 07:05:27,22.65,0.00,,,,,
3431,07/06/2024 07:10:27,22.56,0.00,,,,,
3432,07/06/2024 07:15:27,22.61,0.00,,,,,
3433,07/06/2024 07:20:27,22.61,0.00,,,,,
3434,07/06/2024 07:25:27,22.65,0.00,,,,,
3435,07/06/2024 07:30:27,22.56,0.00,,,,,
3436,07/06/2024 07:35:27,22.56,0.00,,,,,
3437,07/06/2024 07:40:27,22.61,0.00,,,,,
3438,07/06/2024 07:45:27,22.61,0.00,,,,,
3439,07/06/2024 07:50:27,22.61,0.00,,,,,
3440,07/06/2024 07:55:27,22.56,0.00,,,,,
3441,07/06/2024 08:00:27,22.56,0.00,,,,,
3442,07/06/2024 08:05:27,22.56,0.00,,,,,
3443,07/06/2024 08:10:27,22.56,0.00,,,,,
3444,07/06/2024 08:15:27,22.56,0.00,,,,,
3445,07/06/2024 08:20:27,22.52,0.00,,,,,
3446,07/06/2024 08:25:27,22.52,0.00,,,,,
3447,07/06/2024 08:30:27,22.52,0.00,,,,,
3448,07/06/2024 08:35:27,22.56,0.00,,,,,
3449,07/06/2024 08:40:27,22.52,0.00,,,,,
3450,07/06/2024 08:45:27,22.56,0.00,,,,,
3451,07/06/2024 08:50:27,22.52,0.00,,,,,
3452,07/06/2024 08:55:27,22.48,0.00,,,,,
3453,07/06/2024 09:00:27,22.43,0.00,,,,,
3454,07/06/2024 09:05:27,22.48,0.00,,,,,
3455,07/06/2024 09:10:27,22.43,0.00,,,,,
3456,07/06/2024 09:15:27,22.48,0.00,,,,,
3457,07/06/2024 09:20:27,22.48,0.00,,,,,
3458,07/06/2024 09:25:27,22.48,0.00,,,,,
3459,07/06/2024 09:30:27,22.48,0.00,,,,,
3460,07/06/2024 09:35:27,22.48,0.00,,,,,
3461,07/06/2024 09:40:27,22.52,0.00,,,,,
3462,07/06/2024 09:45:27,22.48,0.00,,,,,
3463,07/06/2024 09:50:27,22.43,0.00,,,,,
3464,07/06/2024 09:55:27,22.48,0.00,,,,,
3465,07/06/2024 10:00:27,22.52,0.00,,,,,
3466,07/06/2024 10:05:27,22.52,0.00,,,,,
3467,07/06/2024 10:10:27,22.56,0.00,,,,,
3468,07/06/2024 10:15:27,22.56,0.00,,,,,
3469,07/06/2024 10:20:27,22.52,0.00,,,,,
3470,07/06/2024 10:25:27,22.61,0.00,,,,,
3471,07/06/2024 10:30:27,22.61,0.00,,,,,
3472,07/06/2024 10:35:27,22.56,0.00,,,,,
3473,07/06/2024 10:40:27,22.61,0.00,,,,,
3474,07/06/2024 10:45:27,22.56,0.00,,,,,
3475,07/06/2024 10:50:27,22.56,0.00,,,,,
3476,07/06/2024 10:55:27,22.56,0.00,,,,,
3477,07/06/2024 11:00:27,22.56,0.00,,,,,
3478,07/06/2024 11:05:27,22.56,0.00,,,,,
3479,07/06/2024 11:10:27,22.61,0.00,,,,,
3480,07/06/2024 11:15:27,22.61,0.00,,,,,
3481,07/06/2024 11:20:27,22.61,0.00,,,,,
3482,07/06/2024 11:25:27,22.65,0.00,,,,,
3483,07/06/2024 11:30:27,22.65,0.00,,,,,
3484,07/06/2024 11:35:27,22.65,0.00,,,,,
3485,07/06/2024 11:40:27,22.65,0.00,,,,,
3486,07/06/2024 11:45:27,22.65,0.00,,,,,
3487,07/06/2024 11:50:27,22.65,0.00,,,,,
3488,07/06/2024 11:55:27,22.65,0.00,,,,,
3489,07/06/2024 12:00:27,22.69,0.00,,,,,
3490,07/06/2024 12:05:27,22.69,0.00,,,,,
3491,07/06/2024 12:10:27,22.73,0.00,,,,,
3492,07/06/2024 12:15:27,22.69,0.00,,,,,
3493,07/06/2024 12:20:27,22.69,0.00,,,,,
3494,07/06/2024 12:25:27,22.69,0.00,,,,,
3495,07/06/2024 12:30:27,22.65,0.00,,,,,
3496,07/06/2024 12:35:27,22.69,0.00,,,,,
3497,07/06/2024 12:40:27,22.69,0.00,,,,,
3498,07/06/2024 12:45:27,22.73,0.00,,,,,
3499,07/06/2024 12:50:27,22.73,0.00,,,,,
3500,07/06/2024 12:55:27,22.73,0.00,,,,,
3501,07/06/2024 13:00:27,22.69,0.00,,,,,
3502,07/06/2024 13:05:27,22.78,0.00,,,,,
3503,07/06/2024 13:10:27,23.03,0.00,,,,,
3504,07/06/2024 13:15:27,23.21,0.00,,,,,
3505,07/06/2024 13:20:27,23.25,0.00,,,,,
3506,07/06/2024 13:25:27,23.42,0.00,,,,,
3507,07/06/2024 13:30:27,23.46,0.00,,,,,
3508,07/06/2024 13:35:27,23.51,0.00,,,,,
3509,07/06/2024 13:40:27,23.64,0.00,,,,,
3510,07/06/2024 13:45:27,23.72,0.00,,,,,
3511,07/06/2024 13:50:27,23.85,1.96,,,,,
3512,07/06/2024 13:55:27,25.61,0.00,,,,,
3513,07/06/2024 14:00:27,26.85,0.00,,,,,
3514,07/06/2024 14:05:27,27.37,0.65,,,,,
3515,07/06/2024 14:10:27,27.84,0.22,,,,,
3516,07/06/2024 14:15:27,28.23,0.00,,,,,
3517,07/06/2024 14:20:27,28.53,0.00,,,,,
3518,07/06/2024 14:25:27,28.14,0.00,,,,,
3519,07/06/2024 14:30:27,27.63,0.00,,,,,
3520,07/06/2024 14:35:27,27.37,0.00,,,,,
3521,07/06/2024 14:40:27,28.23,2.78,,,,,
3522,07/06/2024 14:45:27,29.51,2.42,,,,,
3523,07/06/2024 14:50:27,30.76,2.28,,,,,
3524,07/06/2024 14:55:27,31.92,0.00,,,,,
3525,07/06/2024 15:00:27,32.26,0.00,,,,,
3526,07/06/2024 15:05:27,32.34,0.00,,,,,
3527,07/06/2024 15:10:27,32.34,0.00,,,,,
3528,07/06/2024 15:15:27,32.39,0.00,,,,,
3529,07/06/2024 15:20:27,32.22,0.00,,,,,
3530,07/06/2024 15:25:27,31.96,0.00,,,,,
3531,07/06/2024 15:30:27,31.44,0.00,,,,,
3532,07/06/2024 15:35:27,30.97,0.00,,,,,
3533,07/06/2024 15:40:27,30.63,0.00,,,,,
3534,07/06/2024 15:45:27,30.33,0.00,,,,,
3535,07/06/2024 15:50:27,29.86,0.00,,,,,
3536,07/06/2024 15:55:27,29.30,0.00,,,,,
3537,07/06/2024 16:00:27,28.87,0.00,,,,,
3538,07/06/2024 16:05:27,28.40,0.00,,,,,
3539,07/06/2024 16:10:27,28.01,0.00,,,,,
3540,07/06/2024 16:15:27,27.71,0.00,,,,,
3541,07/06/2024 16:20:27,27.41,0.00,,,,,
3542,07/06/2024 16:25:27,27.11,0.00,,,,,
3543,07/06/2024 16:30:27,26.94,0.00,,,,,
3544,07/06/2024 16:35:27,26.77,0.00,,,,,
3545,07/06/2024 16:40:27,26.60,0.00,,,,,
3546,07/06/2024 16:45:27,26.47,0.00,,,,,
3547,07/06/2024 16:50:27,26.34,0.00,,,,,
3548,07/06/2024 16:55:27,26.25,0.00,,,,,
3549,07/06/2024 17:00:27,26.21,0.00,,,,,
3550,07/06/2024 17:05:27,26.17,0.00,,,,,
3551,07/06/2024 17:10:27,26.04,0.00,,,,,
3552,07/06/2024 17:15:27,25.99,0.00,,,,,
3553,07/06/2024 17:20:27,25.91,0.00,,,,,
3554,07/06/2024 17:25:27,25.91,0.00,,,,,
3555,07/06/2024 17:30:27,25.91,0.00,,,,,
3556,07/06/2024 17:35:27,25.87,0.00,,,,,
3557,07/06/2024 17:40:27,25.82,0.00,,,,,
3558,07/06/2024 17:45:27,25.74,0.00,,,,,
3559,07/06/2024 17:50:27,25.74,0.00,,,,,
3560,07/06/2024 17:55:27,25.74,0.00,,,,,
3561,07/06/2024 18:00:27,25.69,0.00,,,,,
3562,07/06/2024 18:05:27,25.69,0.00,,,,,
3563,07/06/2024 18:10:27,25.69,0.00,,,,,
3564,07/06/2024 18:15:27,25.61,0.00,,,,,
3565,07/06/2024 18:20:27,25.65,0.00,,,,,
3566,07/06/2024 18:25:27,25.65,0.00,,,,,
3567,07/06/2024 18:30:27,25.69,0.00,,,,,
3568,07/06/2024 18:35:27,25.65,0.00,,,,,
3569,07/06/2024 18:40:27,25.65,0.00,,,,,
3570,07/06/2024 18:45:27,25.61,0.00,,,,,
3571,07/06/2024 18:50:27,25.61,0.00,,,,,
3572,07/06/2024 18:55:27,25.61,0.00,,,,,
3573,07/06/2024 19:00:27,25.61,0.00,,,,,
3574,07/06/2024 19:05:27,25.57,0.00,,,,,
3575,07/06/2024 19:10:27,25.57,0.00,,,,,
3576,07/06/2024 19:15:27,25.57,0.00,,,,,
3577,07/06/2024 19:20:27,25.61,0.00,,,,,
3578,07/06/2024 19:25:27,25.57,0.00,,,,,
3579,07/06/2024 19:30:27,25.61,0.00,,,,,
3580,07/06/2024 19:35:27,25.52,0.00,,,,,
3581,07/06/2024 19:40:27,25.57,0.00,,,,,
3582,07/06/2024 19:45:27,25.48,0.00,,,,,
3583,07/06/2024 19:50:27,25.52,0.00,,,,,
3584,07/06/2024 19:55:27,25.52,0.00,,,,,
3585,07/06/2024 20:00:27,25.52,0.00,,,,,
3586,07/06/2024 20:05:27,25.52,0.00,,,,,
3587,07/06/2024 20:10:27,25.48,0.00,,,,,
3588,07/06/2024 20:15:27,25.48,0.00,,,,,
3589,07/06/2024 20:20:27,25.44,0.00,,,,,
3590,07/06/2024 20:25:27,25.48,0.00,,,,,
3591,07/06/2024 20:30:27,25.44,0.00,,,,,
3592,07/06/2024 20:35:27,25.44,0.00,,,,,
3593,07/06/2024 20:40:27,25.48,0.00,,,,,
3594,07/06/2024 20:45:27,25.52,0.00,,,,,
3595,07/06/2024 20:50:27,25.48,0.00,,,,,
3596,07/06/2024 20:55:27,25.44,0.00,,,,,
3597,07/06/2024 21:00:27,25.44,0.00,,,,,
3598,07/06/2024 21:05:27,25.39,0.00,,,,,
3599,07/06/2024 21:10:27,25.31,0.00,,,,,
3600,07/06/2024 21:15:27,25.44,0.00,,,,,
3601,07/06/2024 21:20:27,25.52,0.00,,,,,
3602,07/06/2024 21:25:27,25.57,0.00,,,,,
3603,07/06/2024 21:30:27,25.52,0.00,,,,,
3604,07/06/2024 21:35:27,25.65,0.00,,,,,
3605,07/06/2024 21:40:27,25.65,0.00,,,,,
3606,07/06/2024 21:45:27,25.69,0.00,,,,,
3607,07/06/2024 21:50:27,25.69,0.00,,,,,
3608,07/06/2024 21:55:27,25.69,0.00,,,,,
3609,07/06/2024 22:00:27,25.69,0.00,,,,,
3610,07/06/2024 22:05:27,25.65,0.00,,,,,
3611,07/06/2024 22:10:27,25.57,0.00,,,,,
3612,07/06/2024 22:15:27,25.52,0.00,,,,,
3613,07/06/2024 22:20:27,25.44,0.00,,,,,
3614,07/06/2024 22:25:27,25.35,0.00,,,,,
3615,07/06/2024 22:30:27,25.27,0.00,,,,,
3616,07/06/2024 22:35:27,25.22,0.00,,,,,
3617,07/06/2024 22:40:27,25.09,0.00,,,,,
3618,07/06/2024 22:45:27,25.01,0.00,,,,,
3619,07/06/2024 22:50:27,24.92,0.00,,,,,
3620,07/06/2024 22:55:27,24.84,0.00,,,,,
3621,07/06/2024 23:00:27,24.84,0.00,,,,,
3622,07/06/2024 23:05:27,24.75,0.00,,,,,
3623,07/06/2024 23:10:27,24.62,0.00,,,,,
3624,07/06/2024 23:15:27,24.58,0.00,,,,,
3625,07/06/2024 23:20:27,24.54,0.00,,,,,
3626,07/06/2024 23:25:27,24.54,0.00,,,,,
3627,07/06/2024 23:30:27,24.49,0.00,,,,,
3628,07/06/2024 23:35:27,24.45,0.00,,,,,
3629,07/06/2024 23:40:27,24.45,0.00,,,,,
3630,07/06/2024 23:45:27,24.36,0.00,,,,,
3631,07/06/2024 23:50:27,24.36,0.00,,,,,
3632,07/06/2024 23:55:27,24.32,0.00,,,,,
3633,07/07/2024 00:00:27,24.36,0.00,,,,,
3634,07/07/2024 00:05:27,24.36,0.00,,,,,
3635,07/07/2024 00:10:27,24.28,0.00,,,,,
3636,07/07/2024 00:15:27,24.28,0.00,,,,,
3637,07/07/2024 00:20:27,24.24,0.00,,,,,
3638,07/07/2024 00:25:27,24.19,0.00,,,,,
3639,07/07/2024 00:30:27,24.19,0.00,,,,,
3640,07/07/2024 00:35:27,24.15,0.00,,,,,
3641,07/07/2024 00:40:27,24.19,0.00,,,,,
3642,07/07/2024 00:45:27,24.24,0.00,,,,,
3643,07/07/2024 00:50:27,24.15,0.00,,,,,
3644,07/07/2024 00:55:27,24.11,0.00,,,,,
3645,07/07/2024 01:00:27,24.11,0.00,,,,,
3646,07/07/2024 01:05:27,24.11,0.00,,,,,
3647,07/07/2024 01:10:27,24.06,0.00,,,,,
3648,07/07/2024 01:15:27,24.11,0.00,,,,,
3649,07/07/2024 01:20:27,24.02,0.00,,,,,
3650,07/07/2024 01:25:27,23.98,0.00,,,,,
3651,07/07/2024 01:30:27,23.98,0.00,,,,,
3652,07/07/2024 01:35:27,23.98,0.00,,,,,
3653,07/07/2024 01:40:27,23.94,0.00,,,,,
3654,07/07/2024 01:45:27,23.98,0.00,,,,,
3655,07/07/2024 01:50:27,23.94,0.00,,,,,
3656,07/07/2024 01:55:27,23.94,0.00,,,,,
3657,07/07/2024 02:00:27,23.89,0.00,,,,,
3658,07/07/2024 02:05:27,23.94,0.00,,,,,
3659,07/07/2024 02:10:27,23.85,0.00,,,,,
3660,07/07/2024 02:15:27,23.85,0.00,,,,,
3661,07/07/2024 02:20:27,23.85,0.00,,,,,
3662,07/07/2024 02:25:27,23.81,0.00,,,,,
3663,07/07/2024 02:30:27,23.76,0.00,,,,,
3664,07/07/2024 02:35:27,23.76,0.00,,,,,
3665,07/07/2024 02:40:27,23.68,0.00,,,,,
3666,07/07/2024 02:45:27,23.68,0.00,,,,,
3667,07/07/2024 02:50:27,23.64,0.00,,,,,
3668,07/07/2024 02:55:27,23.64,0.00,,,,,
3669,07/07/2024 03:00:27,23.55,0.00,,,,,
3670,07/07/2024 03:05:27,23.64,0.00,,,,,
3671,07/07/2024 03:10:27,23.55,0.00,,,,,
3672,07/07/2024 03:15:27,23.51,0.00,,,,,
3673,07/07/2024 03:20:27,23.51,0.00,,,,,
3674,07/07/2024 03:25:27,23.46,0.00,,,,,
3675,07/07/2024 03:30:27,23.46,0.00,,,,,
3676,07/07/2024 03:35:27,23.46,0.00,,,,,
3677,07/07/2024 03:40:27,23.42,0.00,,,,,
3678,07/07/2024 03:45:27,23.38,0.00,,,,,
3679,07/07/2024 03:50:27,23.38,0.00,,,,,
3680,07/07/2024 03:55:27,23.34,0.00,,,,,
3681,07/07/2024 04:00:27,23.29,0.00,,,,,
3682,07/07/2024 04:05:27,23.29,0.00,,,,,
3683,07/07/2024 04:10:27,23.29,0.00,,,,,
3684,07/07/2024 04:15:27,23.21,0.00,,,,,
3685,07/07/2024 04:20:27,23.21,0.00,,,,,
3686,07/07/2024 04:25:27,23.16,0.00,,,,,
3687,07/07/2024 04:30:27,23.16,0.00,,,,,
3688,07/07/2024 04:35:27,23.12,0.00,,,,,
3689,07/07/2024 04:40:27,23.12,0.00,,,,,
3690,07/07/2024 04:45:27,23.08,0.00,,,,,
3691,07/07/2024 04:50:27,23.03,0.00,,,,,
3692,07/07/2024 04:55:27,23.03,0.00,,,,,
3693,07/07/2024 05:00:27,22.99,0.00,,,,,
3694,07/07/2024 05:05:27,23.03,0.00,,,,,
3695,07/07/2024 05:10:27,22.91,0.00,,,,,
3696,07/07/2024 05:15:27,22.86,0.00,,,,,
3697,07/07/2024 05:20:27,22.86,0.00,,,,,
3698,07/07/2024 05:25:27,22.86,0.00,,,,,
3699,07/07/2024 05:30:27,22.82,0.00,,,,,
3700,07/07/2024 05:35:27,22.78,0.00,,,,,
3701,07/07/2024 05:40:27,22.78,0.00,,,,,
3702,07/07/2024 05:45:27,22.73,0.00,,,,,
3703,07/07/2024 05:50:27,22.82,0.00,,,,,
3704,07/07/2024 05:55:27,22.73,0.00,,,,,
3705,07/07/2024 06:00:27,22.69,0.00,,,,,
3706,07/07/2024 06:05:27,22.65,0.00,,,,,
3707,07/07/2024 06:10:27,22.65,0.00,,,,,
3708,07/07/2024 06:15:27,22.65,0.00,,,,,
3709,07/07/2024 06:20:27,22.61,0.00,,,,,
3710,07/07/2024 06:25:27,22.56,0.00,,,,,
3711,07/07/2024 06:30:27,22.56,0.00,,,,,
3712,07/07/2024 06:35:27,22.56,0.00,,,,,
3713,07/07/2024 06:40:27,22.52,0.00,,,,,
3714,07/07/2024 06:45:27,22.65,0.00,,,,,
3715,07/07/2024 06:50:27,22.56,0.00,,,,,
3716,07/07/2024 06:55:27,22.61,0.00,,,,,
3717,07/07/2024 07:00:27,22.56,0.00,,,,,
3718,07/07/2024 07:05:27,22.61,0.00,,,,,
3719,07/07/2024 07:10:27,22.61,0.00,,,,,
3720,07/07/2024 07:15:27,22.56,0.00,,,,,
3721,07/07/2024 07:20:27,22.56,0.00,,,,,
3722,07/07/2024 07:25:27,22.61,0.00,,,,,
3723,07/07/2024 07:30:27,22.61,0.00,,,,,
3724,07/07/2024 07:35:27,22.65,0.00,,,,,
3725,07/07/2024 07:40:27,22.61,0.00,,,,,
3726,07/07/2024 07:45:27,22.56,0.00,,,,,
3727,07/07/2024 07:50:27,22.65,0.00,,,,,
3728,07/07/2024 07:55:27,22.65,0.00,,,,,
3729,07/07/2024 08:00:27,22.61,0.00,,,,,
3730,07/07/2024 08:05:27,22.65,0.00,,,,,
3731,07/07/2024 08:10:27,22.65,0.00,,,,,
3732,07/07/2024 08:15:27,22.69,0.00,,,,,
3733,07/07/2024 08:20:27,22.65,0.00,,,,,
3734,07/07/2024 08:25:27,22.69,0.00,,,,,
3735,07/07/2024 08:30:27,22.65,0.00,,,,,
3736,07/07/2024 08:35:27,22.69,0.00,,,,,
3737,07/07/2024 08:40:27,22.69,0.00,,,,,
3738,07/07/2024 08:45:27,22.73,0.00,,,,,
3739,07/07/2024 08:50:27,22.69,0.00,,,,,
3740,07/07/2024 08:55:27,22.78,0.00,,,,,
3741,07/07/2024 09:00:27,22.73,0.00,,,,,
3742,07/07/2024 09:05:27,22.73,0.00,,,,,
3743,07/07/2024 09:10:27,22.82,0.00,,,,,
3744,07/07/2024 09:15:27,22.78,0.00,,,,,
3745,07/07/2024 09:20:27,22.78,0.00,,,,,
3746,07/07/2024 09:25:27,22.78,0.00,,,,,
3747,07/07/2024 09:30:27,22.78,0.00,,,,,
3748,07/07/2024 09:35:27,22.78,0.00,,,,,
3749,07/07/2024 09:40:27,22.78,0.00,,,,,
3750,07/07/2024 09:45:27,22.78,0.00,,,,,
3751,07/07/2024 09:50:27,22.82,0.00,,,,,
3752,07/07/2024 09:55:27,22.82,0.00,,,,,
3753,07/07/2024 10:00:27,22.82,0.00,,,,,
3754,07/07/2024 10:05:27,22.86,0.00,,,,,
3755,07/07/2024 10:10:27,22.86,0.00,,,,,
3756,07/07/2024 10:15:27,22.86,0.00,,,,,
3757,07/07/2024 10:20:27,22.86,0.00,,,,,
3758,07/07/2024 10:25:27,22.86,0.00,,,,,
3759,07/07/2024 10:30:27,22.95,0.00,,,,,
3760,07/07/2024 10:35:27,22.95,0.00,,,,,
3761,07/07/2024 10:40:27,22.95,0.00,,,,,
3762,07/07/2024 10:45:27,22.99,0.00,,,,,
3763,07/07/2024 10:50:27,23.03,0.00,,,,,
3764,07/07/2024 10:55:27,23.08,0.00,,,,,
3765,07/07/2024 11:00:27,23.08,0.00,,,,,
3766,07/07/2024 11:05:27,23.16,0.00,,,,,
3767,07/07/2024 11:10:27,23.21,0.00,,,,,
3768,07/07/2024 11:15:27,23.25,0.00,,,,,
3769,07/07/2024 11:20:27,23.29,0.00,,,,,
3770,07/07/2024 11:25:27,23.29,0.00,,,,,
3771,07/07/2024 11:30:27,23.34,0.00,,,,,
3772,07/07/2024 11:35:27,23.38,0.00,,,,,
3773,07/07/2024 11:40:27,23.38,0.00,,,,,
3774,07/07/2024 11:45:27,23.38,0.00,,,,,
3775,07/07/2024 11:50:27,23.46,0.00,,,,,
3776,07/07/2024 11:55:27,23.42,0.00,,,,,
3777,07/07/2024 12:00:27,23.42,0.00,,,,,
3778,07/07/2024 12:05:27,23.42,0.00,,,,,
3779,07/07/2024 12:10:27,23.51,0.00,,,,,
3780,07/07/2024 12:15:27,23.51,0.00,,,,,
3781,07/07/2024 12:20:27,23.55,0.00,,,,,
3782,07/07/2024 12:25:27,23.55,0.00,,,,,
3783,07/07/2024 12:30:27,23.59,0.00,,,,,
3784,07/07/2024 12:35:27,23.64,0.00,,,,,
3785,07/07/2024 12:40:27,23.68,0.00,,,,,
3786,07/07/2024 12:45:27,23.72,0.00,,,,,
3787,07/07/2024 12:50:27,23.72,0.00,,,,,
3788,07/07/2024 12:55:27,23.81,0.00,,,,,
3789,07/07/2024 13:00:27,23.85,0.00,,,,,
3790,07/07/2024 13:05:27,23.98,0.00,,,,,
3791,07/07/2024 13:10:27,23.98,0.00,,,,,
3792,07/07/2024 13:15:27,24.02,0.00,,,,,
3793,07/07/2024 13:20:27,24.02,0.00,,,,,
3794,07/07/2024 13:25:27,24.15,0.00,,,,,
3795,07/07/2024 13:30:27,24.15,0.00,,,,,
3796,07/07/2024 13:35:27,24.15,0.00,,,,,
3797,07/07/2024 13:40:27,24.28,0.00,,,,,
3798,07/07/2024 13:45:27,24.32,0.00,,,,,
3799,07/07/2024 13:50:27,24.41,0.00,,,,,
3800,07/07/2024 13:55:27,24.41,0.00,,,,,
3801,07/07/2024 14:00:27,24.49,0.00,,,,,
3802,07/07/2024 14:05:27,24.54,0.00,,,,,
3803,07/07/2024 14:10:27,24.58,0.00,,,,,
3804,07/07/2024 14:15:27,24.62,0.00,,,,,
3805,07/07/2024 14:20:27,24.66,0.00,,,,,
3806,07/07/2024 14:25:27,24.66,0.00,,,,,
3807,07/07/2024 14:30:27,24.66,0.00,,,,,
3808,07/07/2024 14:35:27,24.71,0.00,,,,,
3809,07/07/2024 14:40:27,24.71,0.00,,,,,
3810,07/07/2024 14:45:27,24.66,0.00,,,,,
3811,07/07/2024 14:50:27,24.66,0.00,,,,,
3812,07/07/2024 14:55:27,24.71,0.00,,,,,
3813,07/07/2024 15:00:27,24.62,0.00,,,,,
3814,07/07/2024 15:05:27,24.66,0.00,,,,,
3815,07/07/2024 15:10:27,24.62,0.00,,,,,
3816,07/07/2024 15:15:27,24.66,0.00,,,,,
3817,07/07/2024 15:20:27,24.66,0.00,,,,,
3818,07/07/2024 15:25:27,24.62,0.00,,,,,
3819,07/07/2024 15:30:27,24.62,0.00,,,,,
3820,07/07/2024 15:35:27,24.58,0.00,,,,,
3821,07/07/2024 15:40:27,24.54,0.00,,,,,
3822,07/07/2024 15:45:27,24.54,0.00,,,,,
3823,07/07/2024 15:50:27,24.45,0.00,,,,,
3824,07/07/2024 15:55:27,24.41,0.00,,,,,
3825,07/07/2024 16:00:27,24.41,0.00,,,,,
3826,07/07/2024 16:05:27,24.41,0.00,,,,,
3827,07/07/2024 16:10:27,24.36,0.00,,,,,
3828,07/07/2024 16:15:27,24.41,0.00,,,,,
3829,07/07/2024 16:20:27,24.36,0.00,,,,,
3830,07/07/2024 16:25:27,24.36,0.00,,,,,
3831,07/07/2024 16:30:27,24.41,0.00,,,,,
3832,07/07/2024 16:35:27,24.41,0.00,,,,,
3833,07/07/2024 16:40:27,24.41,0.00,,,,,
3834,07/07/2024 16:45:27,24.41,0.00,,,,,
3835,07/07/2024 16:50:27,24.49,0.00,,,,,
3836,07/07/2024 16:55:27,24.49,0.00,,,,,
3837,07/07/2024 17:00:27,24.45,0.00,,,,,
3838,07/07/2024 17:05:27,24.41,0.00,,,,,
3839,07/07/2024 17:10:27,24.49,0.00,,,,,
3840,07/07/2024 17:15:27,24.45,0.00,,,,,
3841,07/07/2024 17:20:27,24.49,0.00,,,,,
3842,07/07/2024 17:25:27,24.49,0.00,,,,,
3843,07/07/2024 17:30:27,24.49,0.00,,,,,
3844,07/07/2024 17:35:27,24.49,0.00,,,,,
3845,07/07/2024 17:40:27,24.49,0.00,,,,,
3846,07/07/2024 17:45:27,24.49,0.00,,,,,
3847,07/07/2024 17:50:27,24.49,0.00,,,,,
3848,07/07/2024 17:55:27,24.54,0.00,,,,,
3849,07/07/2024 18:00:27,24.54,0.00,,,,,
3850,07/07/2024 18:05:27,24.54,0.00,,,,,
3851,07/07/2024 18:10:27,24.49,0.00,,,,,
3852,07/07/2024 18:15:27,24.54,0.00,,,,,
3853,07/07/2024 18:20:27,24.45,0.00,,,,,
3854,07/07/2024 18:25:27,24.49,0.00,,,,,
3855,07/07/2024 18:30:27,24.49,0.00,,,,,
3856,07/07/2024 18:35:27,24.54,0.00,,,,,
3857,07/07/2024 18:40:27,24.54,0.00,,,,,
3858,07/07/2024 18:45:27,24.58,0.00,,,,,
3859,07/07/2024 18:50:27,24.54,0.00,,,,,
3860,07/07/2024 18:55:27,24.54,0.00,,,,,
3861,07/07/2024 19:00:27,24.54,0.00,,,,,
3862,07/07/2024 19:05:27,24.58,0.00,,,,,
3863,07/07/2024 19:10:27,24.58,0.00,,,,,
3864,07/07/2024 19:15:27,24.54,0.00,,,,,
3865,07/07/2024 19:20:27,24.54,0.00,,,,,
3866,07/07/2024 19:25:27,24.54,0.00,,,,,
3867,07/07/2024 19:30:27,24.54,0.00,,,,,
3868,07/07/2024 19:35:27,24.58,0.00,,,,,
3869,07/07/2024 19:40:27,24.54,0.00,,,,,
3870,07/07/2024 19:45:27,24.49,0.00,,,,,
3871,07/07/2024 19:50:27,24.45,0.00,,,,,
3872,07/07/2024 19:55:27,24.49,0.00,,,,,
3873,07/07/2024 20:00:27,24.36,0.00,,,,,
3874,07/07/2024 20:05:27,24.36,0.00,,,,,
3875,07/07/2024 20:10:27,24.32,0.00,,,,,
3876,07/07/2024 20:15:27,24.28,0.00,,,,,
3877,07/07/2024 20:20:27,24.19,0.00,,,,,
3878,07/07/2024 20:25:27,24.19,0.00,,,,,
3879,07/07/2024 20:30:27,24.15,0.00,,,,,
3880,07/07/2024 20:35:27,24.15,0.00,,,,,
3881,07/07/2024 20:40:27,24.11,0.00,,,,,
3882,07/07/2024 20:45:27,24.06,0.00,,,,,
3883,07/07/2024 20:50:27,24.02,0.00,,,,,
3884,07/07/2024 20:55:27,24.02,0.00,,,,,
3885,07/07/2024 21:00:27,23.94,0.00,,,,,
3886,07/07/2024 21:05:27,23.94,0.00,,,,,
3887,07/07/2024 21:10:27,23.94,0.00,,,,,
3888,07/07/2024 21:15:27,23.89,0.00,,,,,
3889,07/07/2024 21:20:27,23.89,0.00,,,,,
3890,07/07/2024 21:25:27,23.89,0.00,,,,,
3891,07/07/2024 21:30:27,23.89,0.00,,,,,
3892,07/07/2024 21:35:27,23.89,0.00,,,,,
3893,07/07/2024 21:40:27,23.89,0.00,,,,,
3894,07/07/2024 21:45:27,23.94,0.00,,,,,
3895,07/07/2024 21:50:27,23.94,0.00,,,,,
3896,07/07/2024 21:55:27,23.98,0.00,,,,,
3897,07/07/2024 22:00:27,23.98,0.00,,,,,
3898,07/07/2024 22:05:27,23.98,0.00,,,,,
3899,07/07/2024 22:10:27,24.02,0.00,,,,,
3900,07/07/2024 22:15:27,24.11,0.00,,,,,
3901,07/07/2024 22:20:27,24.11,0.00,,,,,
3902,07/07/2024 22:25:27,24.15,0.00,,,,,
3903,07/07/2024 22:30:27,24.15,0.00,,,,,
3904,07/07/2024 22:35:27,24.24,0.00,,,,,
3905,07/07/2024 22:40:27,24.24,0.00,,,,,
3906,07/07/2024 22:45:27,24.28,0.00,,,,,
3907,07/07/2024 22:50:27,24.32,0.00,,,,,
3908,07/07/2024 22:55:27,24.32,0.00,,,,,
3909,07/07/2024 23:00:27,24.36,0.00,,,,,
3910,07/07/2024 23:05:27,24.41,0.00,,,,,
3911,07/07/2024 23:10:27,24.36,0.00,,,,,
3912,07/07/2024 23:15:27,24.49,0.00,,,,,
3913,07/07/2024 23:20:27,24.45,0.00,,,,,
3914,07/07/2024 23:25:27,24.49,0.00,,,,,
3915,07/07/2024 23:30:27,24.49,0.00,,,,,
3916,07/07/2024 23:35:27,24.49,0.00,,,,,
3917,07/07/2024 23:40:27,24.54,0.00,,,,,
3918,07/07/2024 23:45:27,24.58,0.00,,,,,
3919,07/07/2024 23:50:27,24.54,0.00,,,,,
3920,07/07/2024 23:55:27,24.62,0.00,,,,,
3921,07/08/2024 00:00:27,24.62,0.00,,,,,
3922,07/08/2024 00:05:27,24.62,0.00,,,,,
3923,07/08/2024 00:10:27,24.62,0.00,,,,,
3924,07/08/2024 00:15:27,24.62,0.00,,,,,
3925,07/08/2024 00:20:27,24.66,0.00,,,,,
3926,07/08/2024 00:25:27,24.71,0.00,,,,,
3927,07/08/2024 00:30:27,24.71,0.00,,,,,
3928,07/08/2024 00:35:27,24.66,0.00,,,,,
3929,07/08/2024 00:40:27,24.71,0.00,,,,,
3930,07/08/2024 00:45:27,24.71,0.00,,,,,
3931,07/08/2024 00:50:27,24.71,0.00,,,,,
3932,07/08/2024 00:55:27,24.75,0.00,,,,,
3933,07/08/2024 01:00:27,24.75,0.00,,,,,
3934,07/08/2024 01:05:27,24.79,0.00,,,,,
3935,07/08/2024 01:10:27,24.84,0.00,,,,,
3936,07/08/2024 01:15:27,24.79,0.00,,,,,
3937,07/08/2024 01:20:27,24.88,0.00,,,,,
3938,07/08/2024 01:25:27,24.79,0.00,,,,,
3939,07/08/2024 01:30:27,24.84,0.00,,,,,
3940,07/08/2024 01:35:27,24.84,0.00,,,,,
3941,07/08/2024 01:40:27,24.84,0.00,,,,,
3942,07/08/2024 01:45:27,24.88,0.00,,,,,
3943,07/08/2024 01:50:27,24.88,0.00,,,,,
3944,07/08/2024 01:55:27,24.92,0.00,,,,,
3945,07/08/2024 02:00:27,24.88,0.00,,,,,
3946,07/08/2024 02:05:27,24.88,0.00,,,,,
3947,07/08/2024 02:10:27,24.88,0.00,,,,,
3948,07/08/2024 02:15:27,24.88,0.00,,,,,
3949,07/08/2024 02:20:27,24.92,0.00,,,,,
3950,07/08/2024 02:25:27,24.92,0.00,,,,,
3951,07/08/2024 02:30:27,24.92,0.00,,,,,
3952,07/08/2024 02:35:27,24.97,0.00,,,,,
3953,07/08/2024 02:40:27,24.88,0.00,,,,,
3954,07/08/2024 02:45:27,24.88,0.00,,,,,
3955,07/08/2024 02:50:27,24.88,0.00,,,,,
3956,07/08/2024 02:55:27,24.88,0.00,,,,,
3957,07/08/2024 03:00:27,24.88,0.00,,,,,
3958,07/08/2024 03:05:27,24.88,0.00,,,,,
3959,07/08/2024 03:10:27,24.92,0.00,,,,,
3960,07/08/2024 03:15:27,24.88,0.00,,,,,
3961,07/08/2024 03:20:27,24.84,0.00,,,,,
3962,07/08/2024 03:25:27,24.88,0.00,,,,,
3963,07/08/2024 03:30:27,24.84,0.00,,,,,
3964,07/08/2024 03:35:27,24.88,0.00,,,,,
3965,07/08/2024 03:40:27,24.84,0.00,,,,,
3966,07/08/2024 03:45:27,24.84,0.00,,,,,
3967,07/08/2024 03:50:27,24.84,0.00,,,,,
3968,07/08/2024 03:55:27,24.79,0.00,,,,,
3969,07/08/2024 04:00:27,24.84,0.00,,,,,
3970,07/08/2024 04:05:27,24.79,0.00,,,,,
3971,07/08/2024 04:10:27,24.79,0.00,,,,,
3972,07/08/2024 04:15:27,24.79,0.00,,,,,
3973,07/08/2024 04:20:27,24.75,0.00,,,,,
3974,07/08/2024 04:25:27,24.75,0.00,,,,,
3975,07/08/2024 04:30:27,24.71,0.00,,,,,
3976,07/08/2024 04:35:27,24.71,0.00,,,,,
3977,07/08/2024 04:40:27,24.71,0.00,,,,,
3978,07/08/2024 04:45:27,24.71,0.00,,,,,
3979,07/08/2024 04:50:27,24.71,0.00,,,,,
3980,07/08/2024 04:55:27,24.66,0.00,,,,,
3981,07/08/2024 05:00:27,24.71,0.00,,,,,
3982,07/08/2024 05:05:27,24.71,0.00,,,,,
3983,07/08/2024 05:10:27,24.62,0.00,,,,,
3984,07/08/2024 05:15:27,24.58,0.00,,,,,
3985,07/08/2024 05:20:27,24.62,0.00,,,,,
3986,07/08/2024 05:25:27,24.62,0.00,,,,,
3987,07/08/2024 05:30:27,24.62,0.00,,,,,
3988,07/08/2024 05:35:27,24.54,0.00,,,,,
3989,07/08/2024 05:40:27,24.49,0.00,,,,,
3990,07/08/2024 05:45:27,24.49,0.00,,,,,
3991,07/08/2024 05:50:27,24.49,0.00,,,,,
3992,07/08/2024 05:55:27,24.49,0.00,,,,,
3993,07/08/2024 06:00:27,24.49,0.00,,,,,
3994,07/08/2024 06:05:27,24.49,0.00,,,,,
3995,07/08/2024 06:10:27,24.49,0.00,,,,,
3996,07/08/2024 06:15:27,24.45,0.00,,,,,
3997,07/08/2024 06:20:27,24.36,0.00,,,,,
3998,07/08/2024 06:25:27,24.36,0.00,,,,,
3999,07/08/2024 06:30:27,24.36,0.00,,,,,
4000,07/08/2024 06:35:27,24.36,0.00,,,,,
4001,07/08/2024 06:40:27,24.36,0.00,,,,,
4002,07/08/2024 06:45:27,24.36,0.00,,,,,
4003,07/08/2024 06:50:27,24.36,0.00,,,,,
4004,07/08/2024 06:55:27,24.32,0.00,,,,,
4005,07/08/2024 07:00:27,24.28,0.00,,,,,
4006,07/08/2024 07:05:27,24.28,0.00,,,,,
4007,07/08/2024 07:10:27,24.28,0.00,,,,,
4008,07/08/2024 07:15:27,24.28,0.00,,,,,
4009,07/08/2024 07:20:27,24.24,0.00,,,,,
4010,07/08/2024 07:25:27,24.28,0.00,,,,,
4011,07/08/2024 07:30:27,24.24,0.00,,,,,
4012,07/08/2024 07:35:27,24.19,0.00,,,,,
4013,07/08/2024 07:40:27,24.19,0.00,,,,,
4014,07/08/2024 07:45:27,24.19,0.00,,,,,
4015,07/08/2024 07:50:27,24.24,0.00,,,,,
4016,07/08/2024 07:55:27,24.19,0.00,,,,,
4017,07/08/2024 08:00:27,24.19,0.00,,,,,
4018,07/08/2024 08:05:27,24.19,0.00,,,,,
4019,07/08/2024 08:10:27,24.15,0.00,,,,,
4020,07/08/2024 08:15:27,24.15,0.00,,,,,
4021,07/08/2024 08:20:27,24.15,0.00,,,,,
4022,07/08/2024 08:25:27,24.15,0.00,,,,,
4023,07/08/2024 08:30:27,24.11,0.00,,,,,
4024,07/08/2024 08:35:27,24.11,0.00,,,,,
4025,07/08/2024 08:40:27,24.11,0.00,,,,,
4026,07/08/2024 08:45:27,24.11,0.00,,,,,
4027,07/08/2024 08:50:27,24.11,0.00,,,,,
4028,07/08/2024 08:55:27,24.11,0.00,,,,,
4029,07/08/2024 09:00:27,24.06,0.00,,,,,
4030,07/08/2024 09:05:27,24.11,0.00,,,,,
4031,07/08/2024 09:10:27,24.06,0.00,,,,,
4032,07/08/2024 09:15:27,24.06,0.00,,,,,
4033,07/08/2024 09:20:27,24.02,0.00,,,,,
4034,07/08/2024 09:25:27,24.02,0.00,,,,,
4035,07/08/2024 09:30:27,24.02,0.00,,,,,
4036,07/08/2024 09:35:27,23.98,0.00,,,,,
4037,07/08/2024 09:40:27,23.98,0.00,,,,,
4038,07/08/2024 09:45:27,24.02,0.00,,,,,
4039,07/08/2024 09:50:27,24.02,0.00,,,,,
4040,07/08/2024 09:55:27,23.98,0.00,,,,,
4041,07/08/2024 10:00:27,23.94,0.00,,,,,
4042,07/08/2024 10:05:27,23.98,0.00,,,,,
4043,07/08/2024 10:10:27,24.02,0.00,,,,,
4044,07/08/2024 10:15:27,24.02,0.00,,,,,
4045,07/08/2024 10:20:27,24.06,0.00,,,,,
4046,07/08/2024 10:25:27,24.06,0.00,,,,,
4047,07/08/2024 10:30:27,24.02,0.00,,,,,
4048,07/08/2024 10:35:27,24.06,0.00,,,,,
4049,07/08/2024 10:40:27,24.02,0.00,,,,,
4050,07/08/2024 10:45:27,23.98,0.00,,,,,
4051,07/08/2024 10:50:27,24.02,0.00,,,,,
4052,07/08/2024 10:55:27,23.98,0.00,,,,,
4053,07/08/2024 11:00:27,23.89,0.00,,,,,
4054,07/08/2024 11:05:27,23.94,0.00,,,,,
4055,07/08/2024 11:10:27,23.89,0.00,,,,,
4056,07/08/2024 11:15:27,23.81,0.00,,,,,
4057,07/08/2024 11:20:27,23.85,0.00,,,,,
4058,07/08/2024 11:25:27,23.81,0.00,,,,,
4059,07/08/2024 11:30:27,23.72,0.00,,,,,
4060,07/08/2024 11:35:27,23.72,0.00,,,,,
4061,07/08/2024 11:40:27,23.68,0.00,,,,,
4062,07/08/2024 11:45:27,23.68,0.00,,,,,
4063,07/08/2024 11:50:27,23.64,0.00,,,,,
4064,07/08/2024 11:55:27,23.59,0.00,,,,,
4065,07/08/2024 12:00:27,23.59,0.00,,,,,
4066,07/08/2024 12:05:27,24.06,0.00,,,,,
4067,07/08/2024 12:10:27,24.58,0.00,,,,,
4068,07/08/2024 12:15:27,25.09,0.00,,,,,
4069,07/08/2024 12:20:27,25.65,0.80,,,,,
4070,07/08/2024 12:25:27,26.30,0.00,,,,,
4071,07/08/2024 12:30:27,26.72,0.00,,,,,
4072,07/08/2024 12:35:27,27.02,0.00,,,,,
4073,07/08/2024 12:40:27,27.41,0.00,,,,,
4074,07/08/2024 12:45:27,27.84,0.00,,,,,
4075,07/08/2024 12:50:27,28.27,0.00,,,,,
4076,07/08/2024 12:55:27,28.74,0.00,,,,,
4077,07/08/2024 13:00:27,29.08,0.29,,,,,
4078,07/08/2024 13:05:27,29.30,0.35,,,,,
4079,07/08/2024 13:10:27,29.56,0.00,,,,,
4080,07/08/2024 13:15:27,29.64,0.00,,,,,
4081,07/08/2024 13:20:27,29.13,0.00,,,,,
4082,07/08/2024 13:25:27,28.61,0.00,,,,,
4083,07/08/2024 13:30:27,28.05,0.00,,,,,
4084,07/08/2024 13:35:27,27.50,0.00,,,,,
4085,07/08/2024 13:40:27,26.98,0.00,,,,,
4086,07/08/2024 13:45:27,26.47,0.00,,,,,
4087,07/08/2024 13:50:27,26.04,0.00,,,,,
4088,07/08/2024 13:55:27,25.65,0.00,,,,,
4089,07/08/2024 14:00:27,25.35,0.00,,,,,
4090,07/08/2024 14:05:27,25.05,0.00,,,,,
4091,07/08/2024 14:10:27,24.88,0.00,,,,,
4092,07/08/2024 14:15:27,24.66,0.00,,,,,
4093,07/08/2024 14:20:27,24.41,0.00,,,,,
4094,07/08/2024 14:25:27,24.28,0.00,,,,,
4095,07/08/2024 14:30:27,24.11,0.00,,,,,
4096,07/08/2024 14:35:27,24.24,0.00,,,,,
4097,07/08/2024 14:40:27,24.49,0.00,,,,,
4098,07/08/2024 14:45:27,24.75,0.00,,,,,
4099,07/08/2024 14:50:27,25.05,0.00,,,,,
4100,07/08/2024 14:55:27,25.31,0.00,,,,,
4101,07/08/2024 15:00:27,25.39,0.00,,,,,
4102,07/08/2024 15:05:27,25.52,0.00,,,,,
4103,07/08/2024 15:10:27,25.57,0.00,,,,,
4104,07/08/2024 15:15:27,25.61,0.00,,,,,
4105,07/08/2024 15:20:27,25.65,0.00,,,,,
4106,07/08/2024 15:25:27,25.65,0.00,,,,,
4107,07/08/2024 15:30:27,25.69,0.00,,,,,
4108,07/08/2024 15:35:27,25.69,0.00,,,,,
4109,07/08/2024 15:40:27,25.69,0.00,,,,,
4110,07/08/2024 15:45:27,25.65,0.00,,,,,
4111,07/08/2024 15:50:27,25.61,0.00,,,,,
4112,07/08/2024 15:55:27,25.61,0.00,,,,,
4113,07/08/2024 16:00:27,25.57,0.00,,,,,
4114,07/08/2024 16:05:27,25.52,0.00,,,,,
4115,07/08/2024 16:10:27,25.48,0.00,,,,,
4116,07/08/2024 16:15:27,25.39,0.00,,,,,
4117,07/08/2024 16:20:27,25.44,0.00,,,,,
4118,07/08/2024 16:25:27,25.35,0.00,,,,,
4119,07/08/2024 16:30:27,25.31,0.00,,,,,
4120,07/08/2024 16:35:27,25.27,0.00,,,,,
4121,07/08/2024 16:40:27,25.27,0.00,,,,,
4122,07/08/2024 16:45:27,25.22,0.00,,,,,
4123,07/08/2024 16:50:27,25.22,0.00,,,,,
4124,07/08/2024 16:55:27,25.18,0.00,,,,,
4125,07/08/2024 17:00:27,25.18,0.00,,,,,
4126,07/08/2024 17:05:27,25.18,0.00,,,,,
4127,07/08/2024 17:10:27,25.22,0.00,,,,,
4128,07/08/2024 17:15:27,25.18,0.00,,,,,
4129,07/08/2024 17:20:27,25.18,0.00,,,,,
4130,07/08/2024 17:25:27,25.18,0.00,,,,,
4131,07/08/2024 17:30:27,25.18,0.00,,,,,
4132,07/08/2024 17:35:27,25.18,0.00,,,,,
4133,07/08/2024 17:40:27,25.14,0.00,,,,,
4134,07/08/2024 17:45:27,25.18,0.00,,,,,
4135,07/08/2024 17:50:27,25.18,0.00,,,,,
4136,07/08/2024 17:55:27,25.14,0.00,,,,,
4137,07/08/2024 18:00:27,25.14,0.00,,,,,
4138,07/08/2024 18:05:27,25.14,0.00,,,,,
4139,07/08/2024 18:10:27,25.14,0.00,,,,,
4140,07/08/2024 18:15:27,25.22,0.00,,,,,
4141,07/08/2024 18:20:27,25.18,0.00,,,,,
4142,07/08/2024 18:25:27,25.14,0.00,,,,,
4143,07/08/2024 18:30:27,25.18,0.00,,,,,
4144,07/08/2024 18:35:27,25.18,0.00,,,,,
4145,07/08/2024 18:40:27,25.14,0.00,,,,,
4146,07/08/2024 18:45:27,25.14,0.00,,,,,
4147,07/08/2024 18:50:27,25.22,0.00,,,,,
4148,07/08/2024 18:55:27,25.18,0.00,,,,,
4149,07/08/2024 19:00:27,25.22,0.00,,,,,
4150,07/08/2024 19:05:27,25.18,0.00,,,,,
4151,07/08/2024 19:10:27,25.22,0.00,,,,,
4152,07/08/2024 19:15:27,25.18,0.00,,,,,
4153,07/08/2024 19:20:27,25.22,0.00,,,,,
4154,07/08/2024 19:25:27,25.18,0.00,,,,,
4155,07/08/2024 19:30:27,25.22,0.00,,,,,
4156,07/08/2024 19:35:27,25.22,0.00,,,,,
4157,07/08/2024 19:40:27,25.22,0.00,,,,,
4158,07/08/2024 19:45:27,25.22,0.00,,,,,
4159,07/08/2024 19:50:27,25.22,0.00,,,,,
4160,07/08/2024 19:55:27,25.18,0.00,,,,,
4161,07/08/2024 20:00:27,25.18,0.00,,,,,
4162,07/08/2024 20:05:27,25.14,0.00,,,,,
4163,07/08/2024 20:10:27,25.09,0.00,,,,,
4164,07/08/2024 20:15:27,25.09,0.00,,,,,
4165,07/08/2024 20:20:27,25.05,0.00,,,,,
4166,07/08/2024 20:25:27,25.01,0.00,,,,,
4167,07/08/2024 20:30:27,24.84,0.00,,,,,
4168,07/08/2024 20:35:27,24.79,0.00,,,,,
4169,07/08/2024 20:40:27,24.75,0.00,,,,,
4170,07/08/2024 20:45:27,24.62,0.00,,,,,
4171,07/08/2024 20:50:27,24.58,0.00,,,,,
4172,07/08/2024 20:55:27,24.54,0.00,,,,,
4173,07/08/2024 21:00:27,24.54,0.00,,,,,
4174,07/08/2024 21:05:27,24.49,0.00,,,,,
4175,07/08/2024 21:10:27,24.49,0.00,,,,,
4176,07/08/2024 21:15:27,24.49,0.00,,,,,
4177,07/08/2024 21:20:27,24.58,0.00,,,,,
4178,07/08/2024 21:25:27,24.62,0.00,,,,,
4179,07/08/2024 21:30:27,24.66,0.00,,,,,
4180,07/08/2024 21:35:27,24.62,0.00,,,,,
4181,07/08/2024 21:40:27,24.66,0.00,,,,,
4182,07/08/2024 21:45:27,24.75,0.00,,,,,
4183,07/08/2024 21:50:27,24.71,0.00,,,,,
4184,07/08/2024 21:55:27,24.75,0.00,,,,,
4185,07/08/2024 22:00:27,24.79,0.00,,,,,
4186,07/08/2024 22:05:27,24.84,0.00,,,,,
4187,07/08/2024 22:10:27,24.84,0.00,,,,,
4188,07/08/2024 22:15:27,24.92,0.00,,,,,
4189,07/08/2024 22:20:27,24.88,0.00,,,,,
4190,07/08/2024 22:25:27,24.88,0.00,,,,,
4191,07/08/2024 22:30:27,24.97,0.00,,,,,
4192,07/08/2024 22:35:27,25.01,0.00,,,,,
4193,07/08/2024 22:40:27,25.05,0.00,,,,,
4194,07/08/2024 22:45:27,25.09,0.00,,,,,
4195,07/08/2024 22:50:27,25.31,0.00,,,,,
4196,07/08/2024 22:55:27,25.39,0.00,,,,,
4197,07/08/2024 23:00:27,25.35,0.00,,,,,
4198,07/08/2024 23:05:27,25.35,0.00,,,,,
4199,07/08/2024 23:10:27,25.31,0.00,,,,,
4200,07/08/2024 23:15:27,25.35,0.00,,,,,
4201,07/08/2024 23:20:27,25.31,0.00,,,,,
4202,07/08/2024 23:25:27,25.31,0.00,,,,,
4203,07/08/2024 23:30:27,25.35,0.00,,,,,
4204,07/08/2024 23:35:27,25.35,0.00,,,,,
4205,07/08/2024 23:40:27,25.35,0.00,,,,,
4206,07/08/2024 23:45:27,25.35,0.00,,,,,
4207,07/08/2024 23:50:27,25.39,0.00,,,,,
4208,07/08/2024 23:55:27,25.44,0.00,,,,,
4209,07/09/2024 00:00:27,25.39,0.00,,,,,
4210,07/09/2024 00:05:27,25.39,0.00,,,,,
4211,07/09/2024 00:10:27,25.48,0.00,,,,,
4212,07/09/2024 00:15:27,25.48,0.00,,,,,
4213,07/09/2024 00:20:27,25.48,0.00,,,,,
4214,07/09/2024 00:25:27,25.48,0.00,,,,,
4215,07/09/2024 00:30:27,25.52,0.00,,,,,
4216,07/09/2024 00:35:27,25.48,0.00,,,,,
4217,07/09/2024 00:40:27,25.48,0.00,,,,,
4218,07/09/2024 00:45:27,25.52,0.00,,,,,
4219,07/09/2024 00:50:27,25.57,0.00,,,,,
4220,07/09/2024 00:55:27,25.57,0.00,,,,,
4221,07/09/2024 01:00:27,25.52,0.00,,,,,
4222,07/09/2024 01:05:27,25.57,0.00,,,,,
4223,07/09/2024 01:10:27,25.61,0.00,,,,,
4224,07/09/2024 01:15:27,25.57,0.00,,,,,
4225,07/09/2024 01:20:27,25.61,0.00,,,,,
4226,07/09/2024 01:25:27,25.57,0.00,,,,,
4227,07/09/2024 01:30:27,25.61,0.00,,,,,
4228,07/09/2024 01:35:27,25.57,0.00,,,,,
4229,07/09/2024 01:40:27,25.61,0.00,,,,,
4230,07/09/2024 01:45:27,25.61,0.00,,,,,
4231,07/09/2024 01:50:27,25.61,0.00,,,,,
4232,07/09/2024 01:55:27,25.65,0.00,,,,,
4233,07/09/2024 02:00:27,25.65,0.00,,,,,
4234,07/09/2024 02:05:27,25.61,0.00,,,,,
4235,07/09/2024 02:10:27,25.65,0.00,,,,,
4236,07/09/2024 02:15:27,25.69,0.00,,,,,
4237,07/09/2024 02:20:27,25.65,0.00,,,,,
4238,07/09/2024 02:25:27,25.65,0.00,,,,,
4239,07/09/2024 02:30:27,25.61,0.00,,,,,
4240,07/09/2024 02:35:27,25.52,0.00,,,,,
4241,07/09/2024 02:40:27,25.65,0.00,,,,,
4242,07/09/2024 02:45:27,25.61,0.00,,,,,
4243,07/09/2024 02:50:27,25.57,0.00,,,,,
4244,07/09/2024 02:55:27,25.61,0.00,,,,,
4245,07/09/2024 03:00:27,25.57,0.00,,,,,
4246,07/09/2024 03:05:27,25.52,0.00,,,,,
4247,07/09/2024 03:10:27,25.61,0.00,,,,,
4248,07/09/2024 03:15:27,25.57,0.00,,,,,
4249,07/09/2024 03:20:27,25.57,0.00,,,,,
4250,07/09/2024 03:25:27,25.52,0.00,,,,,
4251,07/09/2024 03:30:27,25.52,0.00,,,,,
4252,07/09/2024 03:35:27,25.57,0.00,,,,,
4253,07/09/2024 03:40:27,25.48,0.00,,,,,
4254,07/09/2024 03:45:27,25.52,0.00,,,,,
4255,07/09/2024 03:50:27,25.52,0.00,,,,,
4256,07/09/2024 03:55:27,25.48,0.00,,,,,
4257,07/09/2024 04:00:27,25.48,0.00,,,,,
4258,07/09/2024 04:05:27,25.52,0.00,,,,,
4259,07/09/2024 04:10:27,25.48,0.00,,,,,
4260,07/09/2024 04:15:27,25.44,0.00,,,,,
4261,07/09/2024 04:20:27,25.48,0.00,,,,,
4262,07/09/2024 04:25:27,25.52,0.00,,,,,
4263,07/09/2024 04:30:27,25.52,0.00,,,,,
4264,07/09/2024 04:35:27,25.48,0.00,,,,,
4265,07/09/2024 04:40:27,25.52,0.00,,,,,
4266,07/09/2024 04:45:27,25.61,0.00,,,,,
4267,07/09/2024 04:50:27,25.61,0.00,,,,,
4268,07/09/2024 04:55:27,25.61,0.00,,,,,
4269,07/09/2024 05:00:27,25.61,0.00,,,,,
4270,07/09/2024 05:05:27,25.65,0.00,,,,,
4271,07/09/2024 05:10:27,25.65,0.00,,,,,
4272,07/09/2024 05:15:27,25.65,0.00,,,,,
4273,07/09/2024 05:20:27,25.61,0.00,,,,,
4274,07/09/2024 05:25:27,25.52,0.00,,,,,
4275,07/09/2024 05:30:27,25.57,0.00,,,,,
4276,07/09/2024 05:35:27,25.52,0.00,,,,,
4277,07/09/2024 05:40:27,25.52,0.00,,,,,
4278,07/09/2024 05:45:27,25.48,0.00,,,,,
4279,07/09/2024 05:50:27,25.48,0.00,,,,,
4280,07/09/2024 05:55:27,25.39,0.00,,,,,
4281,07/09/2024 06:00:27,25.35,0.00,,,,,
4282,07/09/2024 06:05:27,25.31,0.00,,,,,
4283,07/09/2024 06:10:27,25.27,0.00,,,,,
4284,07/09/2024 06:15:27,25.27,0.00,,,,,
4285,07/09/2024 06:20:27,25.27,0.00,,,,,
4286,07/09/2024 06:25:27,25.27,0.00,,,,,
4287,07/09/2024 06:30:27,25.27,0.00,,,,,
4288,07/09/2024 06:35:27,25.27,0.00,,,,,
4289,07/09/2024 06:40:27,25.22,0.00,,,,,
4290,07/09/2024 06:45:27,25.27,0.00,,,,,
4291,07/09/2024 06:50:27,25.31,0.00,,,,,
4292,07/09/2024 06:55:27,25.31,0.00,,,,,
4293,07/09/2024 07:00:27,25.35,0.00,,,,,
4294,07/09/2024 07:05:27,25.35,0.00,,,,,
4295,07/09/2024 07:10:27,25.44,0.00,,,,,
4296,07/09/2024 07:15:27,25.52,0.00,,,,,
4297,07/09/2024 07:20:27,25.61,0.00,,,,,
4298,07/09/2024 07:25:27,25.65,0.00,,,,,
4299,07/09/2024 07:30:27,25.61,0.00,,,,,
4300,07/09/2024 07:35:27,25.61,0.00,,,,,
4301,07/09/2024 07:40:27,25.44,0.00,,,,,
4302,07/09/2024 07:45:27,25.61,0.00,,,,,
4303,07/09/2024 07:50:27,25.78,0.00,,,,,
4304,07/09/2024 07:55:27,25.99,0.00,,,,,
4305,07/09/2024 08:00:27,26.21,0.00,,,,,
4306,07/09/2024 08:05:27,26.38,0.00,,,,,
4307,07/09/2024 08:10:27,26.47,0.00,,,,,
4308,07/09/2024 08:15:27,26.51,0.00,,,,,
4309,07/09/2024 08:20:27,26.51,0.00,,,,,
4310,07/09/2024 08:25:27,26.55,0.00,,,,,
4311,07/09/2024 08:30:27,26.51,0.00,,,,,
4312,07/09/2024 08:35:27,26.42,0.00,,,,,
4313,07/09/2024 08:40:27,26.34,0.00,,,,,
4314,07/09/2024 08:45:27,26.21,0.00,,,,,
4315,07/09/2024 08:50:27,25.99,0.00,,,,,
4316,07/09/2024 08:55:27,25.78,0.00,,,,,
4317,07/09/2024 09:00:27,25.52,0.00,,,,,
4318,07/09/2024 09:05:27,25.27,0.00,,,,,
4319,07/09/2024 09:10:27,25.05,0.00,,,,,
4320,07/09/2024 09:15:27,24.79,0.00,,,,,
4321,07/09/2024 09:20:27,24.71,0.00,,,,,
4322,07/09/2024 09:25:27,24.49,0.00,,,,,
4323,07/09/2024 09:30:27,24.36,0.00,,,,,
4324,07/09/2024 09:35:27,24.19,0.00,,,,,
4325,07/09/2024 09:40:27,24.02,0.00,,,,,
4326,07/09/2024 09:45:27,23.85,0.00,,,,,
4327,07/09/2024 09:50:27,23.64,0.00,,,,,
4328,07/09/2024 09:55:27,23.55,0.00,,,,,
4329,07/09/2024 10:00:27,23.42,0.00,,,,,
4330,07/09/2024 10:05:27,23.25,0.00,,,,,
4331,07/09/2024 10:10:27,23.25,0.00,,,,,
4332,07/09/2024 10:15:27,23.46,0.00,,,,,
4333,07/09/2024 10:20:27,23.68,0.00,,,,,
4334,07/09/2024 10:25:27,23.81,0.00,,,,,
4335,07/09/2024 10:30:27,23.94,0.00,,,,,
4336,07/09/2024 10:35:27,23.94,0.00,,,,,
4337,07/09/2024 10:40:27,24.02,0.00,,,,,
4338,07/09/2024 10:45:27,24.11,0.00,,,,,
4339,07/09/2024 10:50:27,24.11,0.00,,,,,
4340,07/09/2024 10:55:27,24.15,0.00,,,,,
4341,07/09/2024 11:00:27,24.15,0.00,,,,,
4342,07/09/2024 11:05:27,24.15,0.00,,,,,
4343,07/09/2024 11:10:27,24.15,0.00,,,,,
4344,07/09/2024 11:15:27,24.06,0.00,,,,,
4345,07/09/2024 11:20:27,24.06,0.00,,,,,
4346,07/09/2024 11:25:27,23.98,0.00,,,,,
4347,07/09/2024 11:30:27,23.94,0.00,,,,,
4348,07/09/2024 11:35:27,23.85,0.00,,,,,
4349,07/09/2024 11:40:27,23.81,0.00,,,,,
4350,07/09/2024 11:45:27,23.81,0.00,,,,,
4351,07/09/2024 11:50:27,23.76,0.00,,,,,
4352,07/09/2024 11:55:27,23.68,0.00,,,,,
4353,07/09/2024 12:00:27,23.68,0.00,,,,,
4354,07/09/2024 12:05:27,23.59,0.00,,,,,
4355,07/09/2024 12:10:27,23.51,0.00,,,,,
4356,07/09/2024 12:15:27,23.46,0.00,,,,,
4357,07/09/2024 12:20:27,23.38,0.00,,,,,
4358,07/09/2024 12:25:27,23.25,0.00,,,,,
4359,07/09/2024 12:30:27,23.08,0.00,,,,,
4360,07/09/2024 12:35:27,22.99,0.00,,,,,
4361,07/09/2024 12:40:27,22.91,0.00,,,,,
4362,07/09/2024 12:45:27,22.82,0.00,,,,,
4363,07/09/2024 12:50:27,22.73,0.00,,,,,
4364,07/09/2024 12:55:27,22.65,0.00,,,,,
4365,07/09/2024 13:00:27,22.65,0.14,,,,,
4366,07/09/2024 13:05:27,22.65,0.00,,,,,
4367,07/09/2024 13:10:27,22.65,0.00,,,,,
4368,07/09/2024 13:15:27,22.61,0.00,,,,,
4369,07/09/2024 13:20:27,22.52,0.00,,,,,
4370,07/09/2024 13:25:27,22.52,0.00,,,,,
4371,07/09/2024 13:30:27,22.48,0.00,,,,,
4372,07/09/2024 13:35:27,22.48,0.00,,,,,
4373,07/09/2024 13:40:27,22.39,0.00,,,,,
4374,07/09/2024 13:45:27,22.48,0.00,,,,,
4375,07/09/2024 13:50:27,22.35,0.00,,,,,
4376,07/09/2024 13:55:27,22.31,0.00,,,,,
4377,07/09/2024 14:00:27,22.26,0.00,,,,,
4378,07/09/2024 14:05:27,22.18,0.00,,,,,
4379,07/09/2024 14:10:27,22.09,0.00,,,,,
4380,07/09/2024 14:15:27,22.01,0.00,,,,,
4381,07/09/2024 14:20:27,22.01,0.00,,,,,
4382,07/09/2024 14:25:27,21.92,0.00,,,,,
4383,07/09/2024 14:30:27,21.92,0.00,,,,,
4384,07/09/2024 14:35:27,21.83,0.00,,,,,
4385,07/09/2024 14:40:27,21.83,0.00,,,,,
4386,07/09/2024 14:45:27,21.79,0.00,,,,,
4387,07/09/2024 14:50:27,21.79,0.00,,,,,
4388,07/09/2024 14:55:27,21.79,0.00,,,,,
4389,07/09/2024 15:00:27,21.79,0.00,,,,,
4390,07/09/2024 15:05:27,21.83,0.00,,,,,
4391,07/09/2024 15:10:27,21.79,0.00,,,,,
4392,07/09/2024 15:15:27,21.83,0.07,,,,,
4393,07/09/2024 15:20:27,21.83,0.14,,,,,
4394,07/09/2024 15:25:27,21.75,0.14,,,,,
4395,07/09/2024 15:30:27,21.75,0.07,,,,,
4396,07/09/2024 15:35:27,21.70,0.00,,,,,
4397,07/09/2024 15:40:27,21.62,0.00,,,,,
4398,07/09/2024 15:45:27,21.58,0.07,,,,,
4399,07/09/2024 15:50:27,21.58,0.00,,,,,
4400,07/09/2024 15:55:27,21.58,0.00,,,,,
4401,07/09/2024 16:00:27,21.58,0.07,,,,,
4402,07/09/2024 16:05:27,21.66,0.00,,,,,
4403,07/09/2024 16:10:27,21.88,0.00,,,,,
4404,07/09/2024 16:15:27,22.39,0.00,,,,,
4405,07/09/2024 16:20:27,22.91,0.00,,,,,
4406,07/09/2024 16:25:27,23.12,0.00,,,,,
4407,07/09/2024 16:30:27,23.25,0.00,,,,,
4408,07/09/2024 16:35:27,23.38,0.00,,,,,
4409,07/09/2024 16:40:27,23.51,0.00,,,,,
4410,07/09/2024 16:45:27,23.38,0.00,,,,,
4411,07/09/2024 16:50:27,23.51,0.00,,,,,
4412,07/09/2024 16:55:27,23.55,0.00,,,,,
4413,07/09/2024 17:00:27,23.64,0.00,,,,,
4414,07/09/2024 17:05:27,23.64,0.00,,,,,
4415,07/09/2024 17:10:27,23.64,0.00,,,,,
4416,07/09/2024 17:15:27,23.59,0.00,,,,,
4417,07/09/2024 17:20:27,23.59,0.00,,,,,
4418,07/09/2024 17:25:27,23.55,0.00,,,,,
4419,07/09/2024 17:30:27,23.51,0.00,,,,,
4420,07/09/2024 17:35:27,23.55,0.00,,,,,
4421,07/09/2024 17:40:27,23.51,0.00,,,,,
4422,07/09/2024 17:45:27,23.46,0.00,,,,,
4423,07/09/2024 17:50:27,23.46,0.00,,,,,
4424,07/09/2024 17:55:27,23.46,0.00,,,,,
4425,07/09/2024 18:00:27,23.42,0.00,,,,,
4426,07/09/2024 18:05:27,23.46,0.00,,,,,
4427,07/09/2024 18:10:27,23.42,0.00,,,,,
4428,07/09/2024 18:15:27,23.46,0.00,,,,,
4429,07/09/2024 18:20:27,23.46,0.00,,,,,
4430,07/09/2024 18:25:27,23.42,0.00,,,,,
4431,07/09/2024 18:30:27,23.46,0.00,,,,,
4432,07/09/2024 18:35:27,23.21,0.00,,,,,
4433,07/09/2024 18:40:27,22.99,0.00,,,,,
4434,07/09/2024 18:45:27,22.95,0.00,,,,,
4435,07/09/2024 18:50:27,22.95,0.00,,,,,
4436,07/09/2024 18:55:27,22.91,0.00,,,,,
4437,07/09/2024 19:00:27,22.91,0.00,,,,,
4438,07/09/2024 19:05:27,22.82,0.00,,,,,
4439,07/09/2024 19:10:27,22.73,0.00,,,,,
4440,07/09/2024 19:15:27,22.73,0.00,,,,,
4441,07/09/2024 19:20:27,22.65,0.00,,,,,
4442,07/09/2024 19:25:27,22.65,0.00,,,,,
4443,07/09/2024 19:30:27,22.56,0.00,,,,,
4444,07/09/2024 19:35:27,22.56,0.00,,,,,
4445,07/09/2024 19:40:27,22.48,0.00,,,,,
4446,07/09/2024 19:45:27,22.52,0.00,,,,,
4447,07/09/2024 19:50:27,22.43,0.00,,,,,
4448,07/09/2024 19:55:27,22.35,0.00,,,,,
4449,07/09/2024 20:00:27,22.35,0.00,,,,,
4450,07/09/2024 20:05:27,22.26,0.00,,,,,
4451,07/09/2024 20:10:27,22.26,0.00,,,,,
4452,07/09/2024 20:15:27,22.22,0.00,,,,,
4453,07/09/2024 20:20:27,22.18,0.00,,,,,
4454,07/09/2024 20:25:27,22.09,0.00,,,,,
4455,07/09/2024 20:30:27,22.01,0.00,,,,,
4456,07/09/2024 20:35:27,21.96,0.00,,,,,
4457,07/09/2024 20:40:27,21.88,0.00,,,,,
4458,07/09/2024 20:45:27,21.66,0.00,,,,,
4459,07/09/2024 20:50:27,21.40,0.00,,,,,
4460,07/09/2024 20:55:27,21.28,0.00,,,,,
4461,07/09/2024 21:00:27,21.15,0.00,,,,,
4462,07/09/2024 21:05:27,20.98,0.00,,,,,
4463,07/09/2024 21:10:27,20.89,0.00,,,,,
4464,07/09/2024 21:15:27,20.80,0.00,,,,,
4465,07/09/2024 21:20:27,20.72,0.00,,,,,
4466,07/09/2024 21:25:27,20.63,0.00,,,,,
4467,07/09/2024 21:30:27,20.59,0.00,,,,,
4468,07/09/2024 21:35:27,20.55,0.00,,,,,
4469,07/09/2024 21:40:27,20.50,0.00,,,,,
4470,07/09/2024 21:45:27,20.33,0.00,,,,,
4471,07/09/2024 21:50:27,20.33,0.00,,,,,
4472,07/09/2024 21:55:27,20.25,0.00,,,,,
4473,07/09/2024 22:00:27,20.12,0.00,,,,,
4474,07/09/2024 22:05:27,20.12,0.00,,,,,
4475,07/09/2024 22:10:27,19.99,0.00,,,,,
4476,07/09/2024 22:15:27,19.99,0.00,,,,,
4477,07/09/2024 22:20:27,19.99,0.00,,,,,
4478,07/09/2024 22:25:27,19.95,0.00,,,,,
4479,07/09/2024 22:30:27,19.95,0.00,,,,,
4480,07/09/2024 22:35:27,19.90,0.00,,,,,
4481,07/09/2024 22:40:27,19.90,0.00,,,,,
4482,07/09/2024 22:45:27,19.90,0.00,,,,,
4483,07/09/2024 22:50:27,19.86,0.00,,,,,
4484,07/09/2024 22:55:27,19.90,0.00,,,,,
4485,07/09/2024 23:00:27,19.82,0.00,,,,,
4486,07/09/2024 23:05:27,19.77,0.00,,,,,
4487,07/09/2024 23:10:27,19.77,0.00,,,,,
4488,07/09/2024 23:15:27,19.82,0.00,,,,,
4489,07/09/2024 23:20:27,19.86,0.00,,,,,
4490,07/09/2024 23:25:27,19.82,0.00,,,,,
4491,07/09/2024 23:30:27,19.82,0.00,,,,,
4492,07/09/2024 23:35:27,19.73,0.00,,,,,
4493,07/09/2024 23:40:27,19.73,0.00,,,,,
4494,07/09/2024 23:45:27,19.65,0.00,,,,,
4495,07/09/2024 23:50:27,19.65,0.00,,,,,
4496,07/09/2024 23:55:27,19.60,0.00,,,,,
4497,07/10/2024 00:00:27,19.56,0.00,,,,,
4498,07/10/2024 00:05:27,19.56,0.00,,,,,
4499,07/10/2024 00:10:27,19.47,0.00,,,,,
4500,07/10/2024 00:15:27,19.47,0.00,,,,,
4501,07/10/2024 00:20:27,19.39,0.00,,,,,
4502,07/10/2024 00:25:27,19.35,0.00,,,,,
4503,07/10/2024 00:30:27,19.30,0.00,,,,,
4504,07/10/2024 00:35:27,19.43,0.00,,,,,
4505,07/10/2024 00:40:27,19.35,0.00,,,,,
4506,07/10/2024 00:45:27,19.35,0.00,,,,,
4507,07/10/2024 00:50:27,19.30,0.00,,,,,
4508,07/10/2024 00:55:27,19.30,0.00,,,,,
4509,07/10/2024 01:00:27,19.17,0.00,,,,,
4510,07/10/2024 01:05:27,19.13,0.00,,,,,
4511,07/10/2024 01:10:27,19.13,0.00,,,,,
4512,07/10/2024 01:15:27,19.13,0.00,,,,,
4513,07/10/2024 01:20:27,19.17,0.00,,,,,
4514,07/10/2024 01:25:27,19.13,0.00,,,,,
4515,07/10/2024 01:30:27,19.13,0.00,,,,,
4516,07/10/2024 01:35:27,19.05,0.00,,,,,
4517,07/10/2024 01:40:27,18.92,0.00,,,,,
4518,07/10/2024 01:45:27,18.87,0.00,,,,,
4519,07/10/2024 01:50:27,18.74,0.00,,,,,
4520,07/10/2024 01:55:27,18.66,0.00,,,,,
4521,07/10/2024 02:00:27,18.62,0.00,,,,,
4522,07/10/2024 02:05:27,18.53,0.00,,,,,
4523,07/10/2024 02:10:27,18.49,0.00,,,,,
4524,07/10/2024 02:15:27,18.49,0.00,,,,,
4525,07/10/2024 02:20:27,18.40,0.00,,,,,
4526,07/10/2024 02:25:27,18.36,0.00,,,,,
4527,07/10/2024 02:30:27,18.32,0.00,,,,,
4528,07/10/2024 02:35:27,18.27,0.00,,,,,
4529,07/10/2024 02:40:27,18.27,0.00,,,,,
4530,07/10/2024 02:45:27,18.23,0.00,,,,,
4531,07/10/2024 02:50:27,18.10,0.00,,,,,
4532,07/10/2024 02:55:27,18.10,0.00,,,,,
4533,07/10/2024 03:00:27,18.14,0.00,,,,,
4534,07/10/2024 03:05:27,18.19,0.00,,,,,
4535,07/10/2024 03:10:27,18.19,0.00,,,,,
4536,07/10/2024 03:15:27,18.10,0.00,,,,,
4537,07/10/2024 03:20:27,18.14,0.00,,,,,
4538,07/10/2024 03:25:27,18.14,0.00,,,,,
4539,07/10/2024 03:30:27,18.14,0.00,,,,,
4540,07/10/2024 03:35:27,18.10,0.00,,,,,
4541,07/10/2024 03:40:27,18.06,0.00,,,,,
4542,07/10/2024 03:45:27,18.02,0.00,,,,,
4543,07/10/2024 03:50:27,18.06,0.00,,,,,
4544,07/10/2024 03:55:27,17.97,0.00,,,,,
4545,07/10/2024 04:00:27,18.02,0.00,,,,,
4546,07/10/2024 04:05:27,17.97,0.00,,,,,
4547,07/10/2024 04:10:27,17.93,0.00,,,,,
4548,07/10/2024 04:15:27,17.93,0.00,,,,,
4549,07/10/2024 04:20:27,17.93,0.00,,,,,
4550,07/10/2024 04:25:27,17.89,0.00,,,,,
4551,07/10/2024 04:30:27,17.89,0.00,,,,,
4552,07/10/2024 04:35:27,17.89,0.00,,,,,
4553,07/10/2024 04:40:27,17.93,0.00,,,,,
4554,07/10/2024 04:45:27,17.84,0.00,,,,,
4555,07/10/2024 04:50:27,17.89,0.00,,,,,
4556,07/10/2024 04:55:27,17.80,0.00,,,,,
4557,07/10/2024 05:00:27,17.80,0.00,,,,,
4558,07/10/2024 05:05:27,17.80,0.00,,,,,
4559,07/10/2024 05:10:27,17.80,0.00,,,,,
4560,07/10/2024 05:15:27,17.80,0.00,,,,,
4561,07/10/2024 05:20:27,17.76,0.00,,,,,
4562,07/10/2024 05:25:27,17.76,0.00,,,,,
4563,07/10/2024 05:30:27,17.76,0.00,,,,,
4564,07/10/2024 05:35:27,17.67,0.00,,,,,
4565,07/10/2024 05:40:27,17.63,0.00,,,,,
4566,07/10/2024 05:45:27,17.63,0.00,,,,,
4567,07/10/2024 05:50:27,17.63,0.00,,,,,
4568,07/10/2024 05:55:27,17.63,0.00,,,,,
4569,07/10/2024 06:00:27,17.59,0.00,,,,,
4570,07/10/2024 06:05:27,17.63,0.00,,,,,
4571,07/10/2024 06:10:27,17.67,0.00,,,,,
4572,07/10/2024 06:15:27,17.59,0.00,,,,,
4573,07/10/2024 06:20:27,17.59,0.00,,,,,
4574,07/10/2024 06:25:27,17.54,0.00,,,,,
4575,07/10/2024 06:30:27,17.50,0.00,,,,,
4576,07/10/2024 06:35:27,17.50,0.00,,,,,
4577,07/10/2024 06:40:27,17.50,0.00,,,,,
4578,07/10/2024 06:45:27,17.59,0.00,,,,,
4579,07/10/2024 06:50:27,17.54,0.00,,,,,
4580,07/10/2024 06:55:27,17.59,0.00,,,,,
4581,07/10/2024 07:00:27,17.54,0.00,,,,,
4582,07/10/2024 07:05:27,17.54,0.00,,,,,
4583,07/10/2024 07:10:27,17.46,0.00,,,,,
4584,07/10/2024 07:15:27,17.46,0.00,,,,,
4585,07/10/2024 07:20:27,17.41,0.00,,,,,
4586,07/10/2024 07:25:27,17.46,0.00,,,,,
4587,07/10/2024 07:30:27,17.41,0.00,,,,,
4588,07/10/2024 07:35:27,17.37,0.00,,,,,
4589,07/10/2024 07:40:27,17.33,0.00,,,,,
4590,07/10/2024 07:45:27,17.41,0.00,,,,,
4591,07/10/2024 07:50:27,17.41,0.00,,,,,
4592,07/10/2024 07:55:27,17.46,0.00,,,,,
4593,07/10/2024 08:00:27,17.50,0.00,,,,,
4594,07/10/2024 08:05:27,17.46,0.00,,,,,
4595,07/10/2024 08:10:27,17.50,0.00,,,,,
4596,07/10/2024 08:15:27,17.50,0.00,,,,,
4597,07/10/2024 08:20:27,17.46,0.00,,,,,
4598,07/10/2024 08:25:27,17.46,0.00,,,,,
4599,07/10/2024 08:30:27,17.37,0.00,,,,,
4600,07/10/2024 08:35:27,17.37,0.00,,,,,
4601,07/10/2024 08:40:27,17.37,0.00,,,,,
4602,07/10/2024 08:45:27,17.33,0.00,,,,,
4603,07/10/2024 08:50:27,17.41,0.00,,,,,
4604,07/10/2024 08:55:27,17.63,0.00,,,,,
4605,07/10/2024 09:00:27,17.89,0.00,,,,,
4606,07/10/2024 09:05:27,18.10,0.00,,,,,
4607,07/10/2024 09:10:27,18.32,0.00,,,,,
4608,07/10/2024 09:15:27,18.49,0.00,,,,,
4609,07/10/2024 09:20:27,18.70,0.00,,,,,
4610,07/10/2024 09:25:27,18.83,0.00,,,,,
4611,07/10/2024 09:30:27,19.00,0.00,,,,,
4612,07/10/2024 09:35:27,19.09,0.00,,,,,
4613,07/10/2024 09:40:27,19.26,0.00,,,,,
4614,07/10/2024 09:45:27,19.39,0.00,,,,,
4615,07/10/2024 09:50:27,19.56,0.00,,,,,
4616,07/10/2024 09:55:27,19.65,0.00,,,,,
4617,07/10/2024 10:00:27,19.86,0.00,,,,,
4618,07/10/2024 10:05:27,20.07,0.00,,,,,
4619,07/10/2024 10:10:27,20.25,0.00,,,,,
4620,07/10/2024 10:15:27,20.42,0.00,,,,,
4621,07/10/2024 10:20:27,20.50,0.00,,,,,
4622,07/10/2024 10:25:27,20.59,0.00,,,,,
4623,07/10/2024 10:30:27,20.68,0.00,,,,,
4624,07/10/2024 10:35:27,20.93,0.00,,,,,
4625,07/10/2024 10:40:27,21.15,0.00,,,,,
4626,07/10/2024 10:45:27,21.23,0.00,,,,,
4627,07/10/2024 10:50:27,21.32,0.00,,,,,
4628,07/10/2024 10:55:27,21.40,0.00,,,,,
4629,07/10/2024 11:00:27,21.45,0.00,,,,,
4630,07/10/2024 11:05:27,21.53,0.00,,,,,
4631,07/10/2024 11:10:27,21.58,0.00,,,,,
4632,07/10/2024 11:15:27,21.66,0.00,,,,,
4633,07/10/2024 11:20:27,21.66,0.00,,,,,
4634,07/10/2024 11:25:27,21.75,0.00,,,,,
4635,07/10/2024 11:30:27,21.79,0.00,,,,,
4636,07/10/2024 11:35:27,21.83,0.00,,,,,
4637,07/10/2024 11:40:27,21.83,0.00,,,,,
4638,07/10/2024 11:45:27,21.83,0.00,,,,,
4639,07/10/2024 11:50:27,21.88,0.00,,,,,
4640,07/10/2024 11:55:27,21.92,0.00,,,,,
4641,07/10/2024 12:00:27,21.92,0.00,,,,,
4642,07/10/2024 12:05:27,21.92,0.00,,,,,
4643,07/10/2024 12:10:27,22.01,0.00,,,,,
4644,07/10/2024 12:15:27,21.96,0.00,,,,,
4645,07/10/2024 12:20:27,22.05,0.00,,,,,
4646,07/10/2024 12:25:27,22.05,0.00,,,,,
4647,07/10/2024 12:30:27,22.09,0.00,,,,,
4648,07/10/2024 12:35:27,22.05,0.00,,,,,
4649,07/10/2024 12:40:27,22.18,0.00,,,,,
4650,07/10/2024 12:45:27,22.09,0.00,,,,,
4651,07/10/2024 12:50:27,22.09,0.00,,,,,
4652,07/10/2024 12:55:27,22.13,0.00,,,,,
4653,07/10/2024 13:00:27,22.13,0.00,,,,,
4654,07/10/2024 13:05:27,22.13,0.00,,,,,
4655,07/10/2024 13:10:27,22.13,0.00,,,,,
4656,07/10/2024 13:15:27,22.09,0.00,,,,,
4657,07/10/2024 13:20:27,22.09,0.00,,,,,
4658,07/10/2024 13:25:27,22.13,0.00,,,,,
4659,07/10/2024 13:30:27,22.09,0.00,,,,,
4660,07/10/2024 13:35:27,22.05,0.00,,,,,
4661,07/10/2024 13:40:27,22.09,0.00,,,,,
4662,07/10/2024 13:45:27,22.05,0.00,,,,,
4663,07/10/2024 13:50:27,22.05,0.00,,,,,
4664,07/10/2024 13:55:27,22.01,0.00,,,,,
4665,07/10/2024 14:00:27,21.96,0.00,,,,,
4666,07/10/2024 14:05:27,21.92,0.00,,,,,
4667,07/10/2024 14:10:27,22.05,0.00,,,,,
4668,07/10/2024 14:15:27,21.96,0.00,,,,,
4669,07/10/2024 14:20:27,22.01,0.00,,,,,
4670,07/10/2024 14:25:27,22.01,0.00,,,,,
4671,07/10/2024 14:30:27,21.96,0.00,,,,,
4672,07/10/2024 14:35:27,21.92,0.00,,,,,
4673,07/10/2024 14:40:27,21.92,0.00,,,,,
4674,07/10/2024 14:45:27,21.96,0.00,,,,,
4675,07/10/2024 14:50:27,21.96,0.00,,,,,
4676,07/10/2024 14:55:27,21.96,0.00,,,,,
4677,07/10/2024 15:00:27,21.96,0.00,,,,,
4678,07/10/2024 15:05:27,21.92,0.00,,,,,
4679,07/10/2024 15:10:27,22.01,0.00,,,,,
4680,07/10/2024 15:15:27,21.92,0.00,,,,,
4681,07/10/2024 15:20:27,21.92,0.00,,,,,
4682,07/10/2024 15:25:27,21.96,0.00,,,,,
4683,07/10/2024 15:30:27,21.96,0.00,,,,,
4684,07/10/2024 15:35:27,21.96,0.00,,,,,
4685,07/10/2024 15:40:27,22.01,0.00,,,,,
4686,07/10/2024 15:45:27,22.09,0.00,,,,,
4687,07/10/2024 15:50:27,22.09,0.00,,,,,
4688,07/10/2024 15:55:27,22.09,0.00,,,,,
4689,07/10/2024 16:00:27,22.09,0.00,,,,,
4690,07/10/2024 16:05:27,22.18,0.00,,,,,
4691,07/10/2024 16:10:27,22.18,0.00,,,,,
4692,07/10/2024 16:15:27,22.18,0.00,,,,,
4693,07/10/2024 16:20:27,22.18,0.00,,,,,
4694,07/10/2024 16:25:27,22.18,0.00,,,,,
4695,07/10/2024 16:30:27,22.13,0.00,,,,,
4696,07/10/2024 16:35:27,22.13,0.00,,,,,
4697,07/10/2024 16:40:27,22.22,0.00,,,,,
4698,07/10/2024 16:45:27,22.18,0.00,,,,,
4699,07/10/2024 16:50:27,22.13,0.00,,,,,
4700,07/10/2024 16:55:27,22.26,0.00,,,,,
4701,07/10/2024 17:00:27,22.22,0.00,,,,,
4702,07/10/2024 17:05:27,22.22,0.00,,,,,
4703,07/10/2024 17:10:27,22.26,0.00,,,,,
4704,07/10/2024 17:15:27,22.22,0.00,,,,,
4705,07/10/2024 17:20:27,22.18,0.00,,,,,
4706,07/10/2024 17:25:27,22.18,0.00,,,,,
4707,07/10/2024 17:30:27,22.13,0.00,,,,,
4708,07/10/2024 17:35:27,22.18,0.00,,,,,
4709,07/10/2024 17:40:27,22.22,0.00,,,,,
4710,07/10/2024 17:45:27,22.22,0.00,,,,,
4711,07/10/2024 17:50:27,22.22,0.00,,,,,
4712,07/10/2024 17:55:27,22.22,0.00,,,,,
4713,07/10/2024 18:00:27,22.13,0.00,,,,,
4714,07/10/2024 18:05:27,22.13,0.00,,,,,
4715,07/10/2024 18:10:27,22.09,0.00,,,,,
4716,07/10/2024 18:14:36,,,Logged,,,,
4717,07/10/2024 18:14:37,,,,Logged,,,
4718,07/10/2024 18:15:03,,,,,Logged,,
4719,07/10/2024 18:15:17,,,,,,Logged,Logged
