#,Date-Time (AKDT),Temperature   (°C),Light   (lux),Button Down,Button Up,Host Connected,End of File
1,06/26/2024 13:00:00,16.69,52879.36,,,,
2,06/26/2024 13:15:00,17.33,49807.36,,,,
3,06/26/2024 13:30:00,30.67,92938.24,,,,
4,06/26/2024 13:45:00,35.18,87121.92,,,,
5,06/26/2024 14:00:00,30.89,83804.16,,,,
6,06/26/2024 14:15:00,36.21,89210.88,,,,
7,06/26/2024 14:30:00,33.67,63098.88,,,,
8,06/26/2024 14:45:00,33.89,80035.84,,,,
9,06/26/2024 15:00:00,30.97,78131.20,,,,
10,06/26/2024 15:15:00,30.07,76513.28,,,,
11,06/26/2024 15:30:00,31.74,73646.08,,,,
12,06/26/2024 15:45:00,34.70,71475.20,,,,
13,06/26/2024 16:00:00,33.25,69120.00,,,,
14,06/26/2024 16:15:00,29.43,66826.24,,,,
15,06/26/2024 16:30:00,28.65,63426.56,,,,
16,06/26/2024 16:45:00,28.61,62054.40,,,,
17,06/26/2024 17:00:00,28.83,59023.36,,,,
18,06/26/2024 17:15:00,30.67,56524.80,,,,
19,06/26/2024 17:30:00,29.90,53678.08,,,,
20,06/26/2024 17:45:00,23.38,50667.52,,,,
21,06/26/2024 18:00:00,23.34,41297.92,,,,
22,06/26/2024 18:15:00,22.61,44523.52,,,,
23,06/26/2024 18:30:00,22.65,40529.92,,,,
24,06/26/2024 18:45:00,21.53,36311.04,,,,
25,06/26/2024 19:00:00,20.25,32808.96,,,,
26,06/26/2024 19:15:00,20.16,29818.88,,,,
27,06/26/2024 19:30:00,20.68,26869.76,,,,
28,06/26/2024 19:45:00,19.82,23869.44,,,,
29,06/26/2024 20:00:00,19.90,21176.32,,,,
30,06/26/2024 20:15:00,13.08,6233.60,,,,
31,06/26/2024 20:30:00,7.59,5557.76,,,,
32,06/26/2024 20:45:00,6.82,4858.88,,,,
33,06/26/2024 21:00:00,7.85,4074.24,,,,
34,06/26/2024 21:15:00,6.56,3257.60,,,,
35,06/26/2024 21:30:00,6.39,2375.04,,,,
36,06/26/2024 21:45:00,6.09,1479.04,,,,
37,06/26/2024 22:00:00,5.23,786.24,,,,
38,06/26/2024 22:15:00,5.27,364.00,,,,
39,06/26/2024 22:30:00,5.36,142.52,,,,
40,06/26/2024 22:45:00,5.45,43.84,,,,
41,06/26/2024 23:00:00,6.09,14.45,,,,
42,06/26/2024 23:15:00,5.96,5.25,,,,
43,06/26/2024 23:30:00,6.13,2.72,,,,
44,06/26/2024 23:45:00,6.60,0.97,,,,
45,06/27/2024 00:00:00,6.60,0.19,,,,
46,06/27/2024 00:15:00,6.43,0.00,,,,
47,06/27/2024 00:30:00,6.13,0.00,,,,
48,06/27/2024 00:45:00,7.93,0.00,,,,
49,06/27/2024 01:00:00,8.75,0.00,,,,
50,06/27/2024 01:15:00,9.09,0.00,,,,
51,06/27/2024 01:30:00,7.89,0.38,,,,
52,06/27/2024 01:45:00,8.88,0.38,,,,
53,06/27/2024 02:00:00,7.63,0.38,,,,
54,06/27/2024 02:15:00,7.46,0.77,,,,
55,06/27/2024 02:30:00,7.03,1.94,,,,
56,06/27/2024 02:45:00,6.69,6.06,,,,
57,06/27/2024 03:00:00,6.39,14.50,,,,
58,06/27/2024 03:15:00,6.65,39.18,,,,
59,06/27/2024 03:30:00,6.30,109.72,,,,
60,06/27/2024 03:45:00,6.30,209.28,,,,
61,06/27/2024 04:00:00,6.48,411.20,,,,
62,06/27/2024 04:15:00,6.90,813.76,,,,
63,06/27/2024 04:30:00,6.73,1235.84,,,,
64,06/27/2024 04:45:00,6.69,1650.56,,,,
65,06/27/2024 05:00:00,6.90,2308.48,,,,
66,06/27/2024 05:15:00,7.16,3069.44,,,,
67,06/27/2024 05:30:00,7.98,4569.60,,,,
68,06/27/2024 05:45:00,8.06,5496.32,,,,
69,06/27/2024 06:00:00,8.58,6684.16,,,,
70,06/27/2024 06:15:00,8.71,8048.64,,,,
71,06/27/2024 06:30:00,9.74,10813.44,,,,
72,06/27/2024 06:45:00,10.34,14187.52,,,,
73,06/27/2024 07:00:00,12.27,19773.44,,,,
74,06/27/2024 07:15:00,14.54,27760.64,,,,
75,06/27/2024 07:30:00,15.91,33331.20,,,,
76,06/27/2024 07:45:00,16.17,25507.84,,,,
77,06/27/2024 08:00:00,16.94,33064.96,,,,
78,06/27/2024 08:15:00,19.65,33812.48,,,,
79,06/27/2024 08:30:00,25.95,60538.88,,,,
80,06/27/2024 08:45:00,27.54,57139.20,,,,
81,06/27/2024 09:00:00,25.57,46243.84,,,,
82,06/27/2024 09:15:00,29.81,69447.68,,,,
83,06/27/2024 09:30:00,25.61,54005.76,,,,
84,06/27/2024 09:45:00,29.21,46530.56,,,,
85,06/27/2024 10:00:00,22.65,46612.48,,,,
86,06/27/2024 10:15:00,26.08,62300.16,,,,
87,06/27/2024 10:30:00,30.16,71516.16,,,,
88,06/27/2024 10:45:00,34.45,75980.80,,,,
89,06/27/2024 11:00:00,29.98,68403.20,,,,
90,06/27/2024 11:15:00,30.33,68505.60,,,,
91,06/27/2024 11:30:00,30.46,75284.48,,,,
92,06/27/2024 11:45:00,26.98,68526.08,,,,
93,06/27/2024 12:00:00,29.26,63303.68,,,,
94,06/27/2024 12:15:00,31.44,72110.08,,,,
95,06/27/2024 12:30:00,32.13,68014.08,,,,
96,06/27/2024 12:45:00,32.04,71270.40,,,,
97,06/27/2024 13:00:00,32.77,71802.88,,,,
98,06/27/2024 13:15:00,28.40,66949.12,,,,
99,06/27/2024 13:30:00,27.84,61317.12,,,,
100,06/27/2024 13:45:00,26.72,63590.40,,,,
101,06/27/2024 14:00:00,30.63,74342.40,,,,
102,06/27/2024 14:15:00,34.15,72724.48,,,,
103,06/27/2024 14:30:00,32.47,89088.00,,,,
104,06/27/2024 14:45:00,32.13,80138.24,,,,
105,06/27/2024 15:00:00,33.25,77967.36,,,,
106,06/27/2024 15:15:00,30.93,75100.16,,,,
107,06/27/2024 15:30:00,30.33,71577.60,,,,
108,06/27/2024 15:45:00,29.26,68956.16,,,,
109,06/27/2024 16:00:00,29.51,68464.64,,,,
110,06/27/2024 16:15:00,24.28,69242.88,,,,
111,06/27/2024 16:30:00,19.73,22794.24,,,,
112,06/27/2024 16:45:00,21.53,62279.68,,,,
113,06/27/2024 17:00:00,25.78,61583.36,,,,
114,06/27/2024 17:15:00,19.86,25374.72,,,,
115,06/27/2024 17:30:00,19.35,34017.28,,,,
116,06/27/2024 17:45:00,27.11,60682.24,,,,
117,06/27/2024 18:00:00,29.30,55726.08,,,,
118,06/27/2024 18:15:00,25.87,51937.28,,,,
119,06/27/2024 18:30:00,21.58,24606.72,,,,
120,06/27/2024 18:45:00,20.37,15441.92,,,,
121,06/27/2024 19:00:00,15.27,16906.24,,,,
122,06/27/2024 19:15:00,18.92,24463.36,,,,
123,06/27/2024 19:30:00,15.31,13332.48,,,,
124,06/27/2024 19:45:00,16.13,15037.44,,,,
125,06/27/2024 20:00:00,14.80,12620.80,,,,
126,06/27/2024 20:15:00,11.58,7682.56,,,,
127,06/27/2024 20:30:00,9.26,6548.48,,,,
128,06/27/2024 20:45:00,8.23,5811.20,,,,
129,06/27/2024 21:00:00,7.98,4791.04,,,,
130,06/27/2024 21:15:00,7.85,3747.84,,,,
131,06/27/2024 21:30:00,7.85,2569.60,,,,
132,06/27/2024 21:45:00,8.11,1537.92,,,,
133,06/27/2024 22:00:00,6.56,770.88,,,,
134,06/27/2024 22:15:00,6.65,356.64,,,,
135,06/27/2024 22:30:00,5.92,153.80,,,,
136,06/27/2024 22:45:00,5.96,50.52,,,,
137,06/27/2024 23:00:00,5.92,16.84,,,,
138,06/27/2024 23:15:00,6.65,6.64,,,,
139,06/27/2024 23:30:00,6.00,2.92,,,,
140,06/27/2024 23:45:00,6.17,1.16,,,,
141,06/28/2024 00:00:00,6.05,0.38,,,,
142,06/28/2024 00:15:00,6.00,0.19,,,,
143,06/28/2024 00:30:00,6.30,0.00,,,,
144,06/28/2024 00:45:00,6.90,0.00,,,,
145,06/28/2024 01:00:00,6.78,0.00,,,,
146,06/28/2024 01:15:00,7.16,0.00,,,,
147,06/28/2024 01:30:00,6.86,0.00,,,,
148,06/28/2024 01:45:00,6.82,0.19,,,,
149,06/28/2024 02:00:00,6.60,0.58,,,,
150,06/28/2024 02:15:00,5.92,1.36,,,,
151,06/28/2024 02:30:00,6.30,3.11,,,,
152,06/28/2024 02:45:00,6.48,7.42,,,,
153,06/28/2024 03:00:00,6.65,18.78,,,,
154,06/28/2024 03:15:00,6.39,44.24,,,,
155,06/28/2024 03:30:00,6.00,134.12,,,,
156,06/28/2024 03:45:00,5.70,365.92,,,,
157,06/28/2024 04:00:00,5.15,795.20,,,,
158,06/28/2024 04:15:00,5.70,1662.08,,,,
159,06/28/2024 04:30:00,6.09,2808.32,,,,
160,06/28/2024 04:45:00,7.68,7288.32,,,,
161,06/28/2024 05:00:00,8.28,8808.96,,,,
162,06/28/2024 05:15:00,8.58,5701.12,,,,
163,06/28/2024 05:30:00,6.65,6021.12,,,,
164,06/28/2024 05:45:00,7.20,6466.56,,,,
165,06/28/2024 06:00:00,6.90,7966.72,,,,
166,06/28/2024 06:15:00,7.42,11171.84,,,,
167,06/28/2024 06:30:00,8.92,16317.44,,,,
168,06/28/2024 06:45:00,15.70,41318.40,,,,
169,06/28/2024 07:00:00,19.47,43786.24,,,,
170,06/28/2024 07:15:00,22.82,53698.56,,,,
171,06/28/2024 07:30:00,16.13,21534.72,,,,
172,06/28/2024 07:45:00,13.73,20613.12,,,,
173,06/28/2024 08:00:00,14.54,22415.36,,,,
174,06/28/2024 08:15:00,14.58,25108.48,,,,
175,06/28/2024 08:30:00,14.67,26265.60,,,,
176,06/28/2024 08:45:00,15.61,26951.68,,,,
177,06/28/2024 09:00:00,16.21,31866.88,,,,
178,06/28/2024 09:15:00,18.62,34447.36,,,,
179,06/28/2024 09:30:00,19.17,38625.28,,,,
180,06/28/2024 09:45:00,19.95,40960.00,,,,
181,06/28/2024 10:00:00,22.18,51159.04,,,,
182,06/28/2024 10:15:00,29.68,67502.08,,,,
183,06/28/2024 10:30:00,27.67,51855.36,,,,
184,06/28/2024 10:45:00,25.35,56709.12,,,,
185,06/28/2024 11:00:00,29.26,69632.00,,,,
186,06/28/2024 11:15:00,33.29,69795.84,,,,
187,06/28/2024 11:30:00,38.26,87244.80,,,,
188,06/28/2024 11:45:00,31.66,84254.72,,,,
189,06/28/2024 12:00:00,33.07,85360.64,,,,
190,06/28/2024 12:15:00,36.12,86548.48,,,,
191,06/28/2024 12:30:00,33.46,96092.16,,,,
192,06/28/2024 12:45:00,33.16,61132.80,,,,
193,06/28/2024 13:00:00,37.79,109608.96,,,,
194,06/28/2024 13:15:00,33.67,127221.76,,,,
195,06/28/2024 13:30:00,28.74,83558.40,,,,
196,06/28/2024 13:45:00,40.07,116039.68,,,,
197,06/28/2024 14:00:00,33.42,51200.00,,,,
198,06/28/2024 14:15:00,33.25,41185.28,,,,
199,06/28/2024 14:30:00,29.68,79790.08,,,,
200,06/28/2024 14:45:00,34.79,96092.16,,,,
201,06/28/2024 15:00:00,27.84,53534.72,,,,
202,06/28/2024 15:15:00,33.55,49295.36,,,,
203,06/28/2024 15:30:00,26.21,96092.16,,,,
204,06/28/2024 15:45:00,25.82,55951.36,,,,
205,06/28/2024 16:00:00,30.93,85278.72,,,,
206,06/28/2024 16:15:00,24.49,36792.32,,,,
207,06/28/2024 16:30:00,19.65,26398.72,,,,
208,06/28/2024 16:45:00,16.90,25190.40,,,,
209,06/28/2024 17:00:00,17.80,26224.64,,,,
210,06/28/2024 17:15:00,15.53,26101.76,,,,
211,06/28/2024 17:30:00,16.39,23203.84,,,,
212,06/28/2024 17:45:00,21.36,48066.56,,,,
213,06/28/2024 18:00:00,23.51,59187.20,,,,
214,06/28/2024 18:15:00,16.04,19389.44,,,,
215,06/28/2024 18:30:00,14.45,18247.68,,,,
216,06/28/2024 18:45:00,14.71,16430.08,,,,
217,06/28/2024 19:00:00,14.24,17582.08,,,,
218,06/28/2024 19:15:00,13.43,17295.36,,,,
219,06/28/2024 19:30:00,11.75,13680.64,,,,
220,06/28/2024 19:45:00,11.62,11171.84,,,,
221,06/28/2024 20:00:00,12.18,11171.84,,,,
222,06/28/2024 20:15:00,9.86,7848.96,,,,
223,06/28/2024 20:30:00,9.09,7208.96,,,,
224,06/28/2024 20:45:00,9.09,7649.28,,,,
225,06/28/2024 21:00:00,8.28,7114.24,,,,
226,06/28/2024 21:15:00,7.76,5767.68,,,,
227,06/28/2024 21:30:00,7.16,3089.92,,,,
228,06/28/2024 21:45:00,6.39,1520.64,,,,
229,06/28/2024 22:00:00,6.73,726.40,,,,
230,06/28/2024 22:15:00,6.56,358.24,,,,
231,06/28/2024 22:30:00,5.57,135.68,,,,
232,06/28/2024 22:45:00,5.36,44.24,,,,
233,06/28/2024 23:00:00,5.45,14.89,,,,
234,06/28/2024 23:15:00,5.49,5.25,,,,
235,06/28/2024 23:30:00,5.96,1.75,,,,
236,06/28/2024 23:45:00,5.62,0.58,,,,
237,06/29/2024 00:00:00,6.05,0.38,,,,
238,06/29/2024 00:15:00,5.23,0.00,,,,
239,06/29/2024 00:30:00,6.65,0.00,,,,
240,06/29/2024 00:45:00,5.92,0.00,,,,
241,06/29/2024 01:00:00,6.30,0.00,,,,
242,06/29/2024 01:15:00,6.05,0.00,,,,
243,06/29/2024 01:30:00,6.00,0.00,,,,
244,06/29/2024 01:45:00,6.65,0.00,,,,
245,06/29/2024 02:00:00,7.25,0.19,,,,
246,06/29/2024 02:15:00,9.05,0.38,,,,
247,06/29/2024 02:30:00,8.79,1.16,,,,
248,06/29/2024 02:45:00,6.82,2.53,,,,
249,06/29/2024 03:00:00,7.16,8.39,,,,
250,06/29/2024 03:15:00,6.82,23.51,,,,
251,06/29/2024 03:30:00,7.38,80.70,,,,
252,06/29/2024 03:45:00,7.29,242.00,,,,
253,06/29/2024 04:00:00,8.79,461.44,,,,
254,06/29/2024 04:15:00,8.88,783.68,,,,
255,06/29/2024 04:30:00,8.83,1404.80,,,,
256,06/29/2024 04:45:00,9.01,2230.40,,,,
257,06/29/2024 05:00:00,8.96,2309.76,,,,
258,06/29/2024 05:15:00,8.11,3824.64,,,,
259,06/29/2024 05:30:00,8.23,4588.80,,,,
260,06/29/2024 05:45:00,7.68,4999.68,,,,
261,06/29/2024 06:00:00,8.32,9287.68,,,,
262,06/29/2024 06:15:00,9.35,12666.88,,,,
263,06/29/2024 06:30:00,9.91,11985.92,,,,
264,06/29/2024 06:45:00,9.74,20894.72,,,,
265,06/29/2024 07:00:00,10.59,23377.92,,,,
266,06/29/2024 07:15:00,11.88,23838.72,,,,
267,06/29/2024 07:30:00,13.55,29552.64,,,,
268,06/29/2024 07:45:00,15.74,34027.52,,,,
269,06/29/2024 08:00:00,17.41,39946.24,,,,
270,06/29/2024 08:15:00,16.77,31979.52,,,,
271,06/29/2024 08:30:00,16.81,39127.04,,,,
272,06/29/2024 08:45:00,19.39,43274.24,,,,
273,06/29/2024 09:00:00,19.13,44728.32,,,,
274,06/29/2024 09:15:00,21.49,48148.48,,,,
275,06/29/2024 09:30:00,22.18,50892.80,,,,
276,06/29/2024 09:45:00,26.85,102522.88,,,,
277,06/29/2024 10:00:00,36.68,76861.44,,,,
278,06/29/2024 10:15:00,34.23,94126.08,,,,
279,06/29/2024 10:30:00,36.72,90644.48,,,,
280,06/29/2024 10:45:00,29.04,57344.00,,,,
281,06/29/2024 11:00:00,25.99,94044.16,,,,
282,06/29/2024 11:15:00,26.60,49090.56,,,,
283,06/29/2024 11:30:00,24.06,62914.56,,,,
284,06/29/2024 11:45:00,25.57,59453.44,,,,
285,06/29/2024 12:00:00,27.80,63836.16,,,,
286,06/29/2024 12:15:00,26.81,72601.60,,,,
287,06/29/2024 12:30:00,27.50,70676.48,,,,
288,06/29/2024 12:45:00,22.52,68321.28,,,,
289,06/29/2024 13:00:00,27.80,67235.84,,,,
290,06/29/2024 13:15:00,25.01,51363.84,,,,
291,06/29/2024 13:30:00,21.53,40867.84,,,,
292,06/29/2024 13:45:00,18.27,41943.04,,,,
293,06/29/2024 14:00:00,15.87,35389.44,,,,
294,06/29/2024 14:15:00,17.46,38686.72,,,,
295,06/29/2024 14:30:00,14.75,30003.20,,,,
296,06/29/2024 14:45:00,15.27,36044.80,,,,
297,06/29/2024 15:00:00,13.64,30638.08,,,,
298,06/29/2024 15:15:00,17.54,41779.20,,,,
299,06/29/2024 15:30:00,21.75,46899.20,,,,
300,06/29/2024 15:45:00,13.68,27750.40,,,,
301,06/29/2024 16:00:00,11.67,23531.52,,,,
302,06/29/2024 16:15:00,10.59,18508.80,,,,
303,06/29/2024 16:30:00,10.77,18298.88,,,,
304,06/29/2024 16:45:00,10.12,18739.20,,,,
305,06/29/2024 17:00:00,10.12,18887.68,,,,
306,06/29/2024 17:15:00,10.51,17822.72,,,,
307,06/29/2024 17:30:00,10.68,21411.84,,,,
308,06/29/2024 17:45:00,11.15,23490.56,,,,
309,06/29/2024 18:00:00,12.14,23613.44,,,,
310,06/29/2024 18:15:00,12.05,22476.80,,,,
311,06/29/2024 18:30:00,11.92,23019.52,,,,
312,06/29/2024 18:45:00,11.62,19845.12,,,,
313,06/29/2024 19:00:00,11.71,18744.32,,,,
314,06/29/2024 19:15:00,10.64,13296.64,,,,
315,06/29/2024 19:30:00,9.56,7774.72,,,,
316,06/29/2024 19:45:00,9.69,9868.80,,,,
317,06/29/2024 20:00:00,9.69,8396.80,,,,
318,06/29/2024 20:15:00,8.79,4304.64,,,,
319,06/29/2024 20:30:00,8.15,3025.92,,,,
320,06/29/2024 20:45:00,7.93,1576.32,,,,
321,06/29/2024 21:00:00,8.02,984.96,,,,
322,06/29/2024 21:15:00,8.19,1725.44,,,,
323,06/29/2024 21:30:00,8.32,881.60,,,,
324,06/29/2024 21:45:00,8.02,493.28,,,,
325,06/29/2024 22:00:00,7.76,328.96,,,,
326,06/29/2024 22:15:00,7.63,184.88,,,,
327,06/29/2024 22:30:00,7.12,68.92,,,,
328,06/29/2024 22:45:00,7.50,22.34,,,,
329,06/29/2024 23:00:00,7.25,9.95,,,,
330,06/29/2024 23:15:00,7.25,4.28,,,,
331,06/29/2024 23:30:00,7.38,1.36,,,,
332,06/29/2024 23:45:00,7.33,0.38,,,,
333,06/30/2024 00:00:00,7.12,0.00,,,,
334,06/30/2024 00:15:00,6.73,0.00,,,,
335,06/30/2024 00:30:00,6.43,0.00,,,,
336,06/30/2024 00:45:00,6.90,0.00,,,,
337,06/30/2024 01:00:00,6.60,0.00,,,,
338,06/30/2024 01:15:00,5.75,0.00,,,,
339,06/30/2024 01:30:00,5.23,0.00,,,,
340,06/30/2024 01:45:00,6.26,0.00,,,,
341,06/30/2024 02:00:00,6.43,0.00,,,,
342,06/30/2024 02:15:00,6.69,0.38,,,,
343,06/30/2024 02:30:00,6.82,1.16,,,,
344,06/30/2024 02:45:00,6.78,5.06,,,,
345,06/30/2024 03:00:00,6.73,10.75,,,,
346,06/30/2024 03:15:00,6.48,32.12,,,,
347,06/30/2024 03:30:00,6.05,94.04,,,,
348,06/30/2024 03:45:00,5.75,238.08,,,,
349,06/30/2024 04:00:00,5.40,448.96,,,,
350,06/30/2024 04:15:00,5.53,855.68,,,,
351,06/30/2024 04:30:00,5.62,949.12,,,,
352,06/30/2024 04:45:00,6.56,1705.60,,,,
353,06/30/2024 05:00:00,6.82,2244.48,,,,
354,06/30/2024 05:15:00,7.03,3850.24,,,,
355,06/30/2024 05:30:00,6.22,4684.80,,,,
356,06/30/2024 05:45:00,6.35,5852.16,,,,
357,06/30/2024 06:00:00,6.69,8883.20,,,,
358,06/30/2024 06:15:00,7.38,13102.08,,,,
359,06/30/2024 06:30:00,8.28,16276.48,,,,
360,06/30/2024 06:45:00,8.62,22159.36,,,,
361,06/30/2024 07:00:00,10.59,27443.20,,,,
362,06/30/2024 07:15:00,10.08,21770.24,,,,
363,06/30/2024 07:30:00,9.31,24043.52,,,,
364,06/30/2024 07:45:00,9.95,23255.04,,,,
365,06/30/2024 08:00:00,11.41,36444.16,,,,
366,06/30/2024 08:15:00,11.24,34437.12,,,,
367,06/30/2024 08:30:00,11.49,31559.68,,,,
368,06/30/2024 08:45:00,10.77,31109.12,,,,
369,06/30/2024 09:00:00,11.58,37079.04,,,,
370,06/30/2024 09:15:00,13.47,46489.60,,,,
371,06/30/2024 09:30:00,12.14,46182.40,,,,
372,06/30/2024 09:45:00,13.38,48394.24,,,,
373,06/30/2024 10:00:00,13.17,46080.00,,,,
374,06/30/2024 10:15:00,14.37,68485.12,,,,
375,06/30/2024 10:30:00,13.00,43028.48,,,,
376,06/30/2024 10:45:00,13.17,51015.68,,,,
377,06/30/2024 11:00:00,15.23,61296.64,,,,
378,06/30/2024 11:15:00,13.30,45342.72,,,,
379,06/30/2024 11:30:00,17.41,77742.08,,,,
380,06/30/2024 11:45:00,16.43,51978.24,,,,
381,06/30/2024 12:00:00,14.97,46202.88,,,,
382,06/30/2024 12:15:00,16.13,47984.64,,,,
383,06/30/2024 12:30:00,12.82,40519.68,,,,
384,06/30/2024 12:45:00,16.64,42373.12,,,,
385,06/30/2024 13:00:00,16.00,34723.84,,,,
386,06/30/2024 13:15:00,15.83,39464.96,,,,
387,06/30/2024 13:30:00,17.07,45096.96,,,,
388,06/30/2024 13:45:00,16.00,48742.40,,,,
389,06/30/2024 14:00:00,17.37,60354.56,,,,
390,06/30/2024 14:15:00,17.20,40386.56,,,,
391,06/30/2024 14:30:00,16.99,44584.96,,,,
392,06/30/2024 14:45:00,14.20,32307.20,,,,
393,06/30/2024 15:00:00,16.69,55500.80,,,,
394,06/30/2024 15:15:00,21.66,51179.52,,,,
395,06/30/2024 15:30:00,23.42,86999.04,,,,
396,06/30/2024 15:45:00,23.03,65064.96,,,,
397,06/30/2024 16:00:00,14.28,21903.36,,,,
398,06/30/2024 16:15:00,11.58,16409.60,,,,
399,06/30/2024 16:30:00,12.61,29870.08,,,,
400,06/30/2024 16:45:00,12.31,25886.72,,,,
401,06/30/2024 17:00:00,12.18,27187.20,,,,
402,06/30/2024 17:15:00,10.12,22056.96,,,,
403,06/30/2024 17:30:00,9.48,15969.28,,,,
404,06/30/2024 17:45:00,10.08,26501.12,,,,
405,06/30/2024 18:00:00,9.52,16957.44,,,,
406,06/30/2024 18:15:00,8.53,15037.44,,,,
407,06/30/2024 18:30:00,8.11,8279.04,,,,
408,06/30/2024 18:45:00,7.81,9364.48,,,,
409,06/30/2024 19:00:00,8.11,10311.68,,,,
410,06/30/2024 19:15:00,7.25,11688.96,,,,
411,06/30/2024 19:30:00,6.86,10324.48,,,,
412,06/30/2024 19:45:00,6.95,9121.28,,,,
413,06/30/2024 20:00:00,7.08,8243.20,,,,
414,06/30/2024 20:15:00,6.73,6640.64,,,,
415,06/30/2024 20:30:00,5.75,5529.60,,,,
416,06/30/2024 20:45:00,5.57,4419.84,,,,
417,06/30/2024 21:00:00,4.97,4460.80,,,,
418,06/30/2024 21:15:00,5.70,2563.84,,,,
419,06/30/2024 21:30:00,5.96,1360.64,,,,
420,06/30/2024 21:45:00,5.40,659.20,,,,
421,06/30/2024 22:00:00,5.92,432.16,,,,
422,06/30/2024 22:15:00,5.83,206.96,,,,
423,06/30/2024 22:30:00,5.87,76.70,,,,
424,06/30/2024 22:45:00,5.87,22.29,,,,
425,06/30/2024 23:00:00,5.87,7.61,,,,
426,06/30/2024 23:15:00,5.79,2.33,,,,
427,06/30/2024 23:30:00,5.75,0.77,,,,
428,06/30/2024 23:45:00,5.70,0.19,,,,
429,07/01/2024 00:00:00,5.70,0.19,,,,
430,07/01/2024 00:15:00,5.62,0.00,,,,
431,07/01/2024 00:30:00,5.45,0.00,,,,
432,07/01/2024 00:45:00,5.36,0.00,,,,
433,07/01/2024 01:00:00,5.19,0.00,,,,
434,07/01/2024 01:15:00,5.15,0.00,,,,
435,07/01/2024 01:30:00,5.23,0.00,,,,
436,07/01/2024 01:45:00,5.15,0.00,,,,
437,07/01/2024 02:00:00,5.23,0.00,,,,
438,07/01/2024 02:15:00,5.15,0.00,,,,
439,07/01/2024 02:30:00,5.19,0.58,,,,
440,07/01/2024 02:45:00,5.15,1.94,,,,
441,07/01/2024 03:00:00,5.19,5.45,,,,
442,07/01/2024 03:15:00,5.19,14.11,,,,
443,07/01/2024 03:30:00,5.23,45.40,,,,
444,07/01/2024 03:45:00,5.15,111.96,,,,
445,07/01/2024 04:00:00,5.10,246.64,,,,
446,07/01/2024 04:15:00,5.19,459.52,,,,
447,07/01/2024 04:30:00,5.19,756.16,,,,
448,07/01/2024 04:45:00,5.15,1215.68,,,,
449,07/01/2024 05:00:00,5.23,1832.96,,,,
450,07/01/2024 05:15:00,5.36,2711.04,,,,
451,07/01/2024 05:30:00,5.40,3607.04,,,,
452,07/01/2024 05:45:00,5.66,4847.36,,,,
453,07/01/2024 06:00:00,5.87,6548.48,,,,
454,07/01/2024 06:15:00,6.00,8640.00,,,,
455,07/01/2024 06:30:00,6.13,9387.52,,,,
456,07/01/2024 06:45:00,6.22,10260.48,,,,
457,07/01/2024 07:00:00,6.30,10864.64,,,,
458,07/01/2024 07:15:00,6.35,12482.56,,,,
459,07/01/2024 07:30:00,7.08,16430.08,,,,
460,07/01/2024 07:45:00,7.38,18201.60,,,,
461,07/01/2024 08:00:00,7.20,19230.72,,,,
462,07/01/2024 08:15:00,7.33,20869.12,,,,
463,07/01/2024 08:30:00,7.85,25415.68,,,,
464,07/01/2024 08:45:00,8.23,26552.32,,,,
465,07/01/2024 09:00:00,9.09,31324.16,,,,
466,07/01/2024 09:15:00,9.82,34498.56,,,,
467,07/01/2024 09:30:00,10.16,36628.48,,,,
468,07/01/2024 09:45:00,10.38,36249.60,,,,
469,07/01/2024 10:00:00,11.92,44093.44,,,,
470,07/01/2024 10:15:00,11.28,39884.80,,,,
471,07/01/2024 10:30:00,11.41,43089.92,,,,
472,07/01/2024 10:45:00,11.49,41963.52,,,,
473,07/01/2024 11:00:00,10.55,39249.92,,,,
474,07/01/2024 11:15:00,11.58,46571.52,,,,
475,07/01/2024 11:30:00,12.14,47452.16,,,,
476,07/01/2024 11:45:00,11.45,41205.76,,,,
477,07/01/2024 12:00:00,10.81,41768.96,,,,
478,07/01/2024 12:15:00,11.58,44032.00,,,,
479,07/01/2024 12:30:00,11.24,40734.72,,,,
480,07/01/2024 12:45:00,12.35,50155.52,,,,
481,07/01/2024 13:00:00,11.84,50606.08,,,,
482,07/01/2024 13:15:00,12.44,53186.56,,,,
483,07/01/2024 13:30:00,13.47,50053.12,,,,
484,07/01/2024 13:45:00,14.80,58040.32,,,,
485,07/01/2024 14:00:00,14.67,61665.28,,,,
486,07/01/2024 14:15:00,14.71,59555.84,,,,
487,07/01/2024 14:30:00,14.80,53657.60,,,,
488,07/01/2024 14:45:00,13.77,47083.52,,,,
489,07/01/2024 15:00:00,11.92,38410.24,,,,
490,07/01/2024 15:15:00,14.58,46202.88,,,,
491,07/01/2024 15:30:00,14.11,46940.16,,,,
492,07/01/2024 15:45:00,13.77,37888.00,,,,
493,07/01/2024 16:00:00,12.70,41103.36,,,,
494,07/01/2024 16:15:00,12.14,37089.28,,,,
495,07/01/2024 16:30:00,11.58,33853.44,,,,
496,07/01/2024 16:45:00,11.45,36106.24,,,,
497,07/01/2024 17:00:00,10.21,29194.24,,,,
498,07/01/2024 17:15:00,10.46,26961.92,,,,
499,07/01/2024 17:30:00,9.05,24760.32,,,,
500,07/01/2024 17:45:00,9.01,21360.64,,,,
501,07/01/2024 18:00:00,8.45,16358.40,,,,
502,07/01/2024 18:15:00,7.98,14248.96,,,,
503,07/01/2024 18:30:00,7.63,15262.72,,,,
504,07/01/2024 18:45:00,7.63,14279.68,,,,
505,07/01/2024 19:00:00,7.25,11473.92,,,,
506,07/01/2024 19:15:00,6.99,8161.28,,,,
507,07/01/2024 19:30:00,6.95,10603.52,,,,
508,07/01/2024 19:45:00,6.60,8683.52,,,,
509,07/01/2024 20:00:00,6.30,6054.40,,,,
510,07/01/2024 20:15:00,5.83,5093.12,,,,
511,07/01/2024 20:30:00,5.62,3507.20,,,,
512,07/01/2024 20:45:00,5.75,2638.08,,,,
513,07/01/2024 21:00:00,5.57,2350.08,,,,
514,07/01/2024 21:15:00,5.57,1786.24,,,,
515,07/01/2024 21:30:00,5.53,939.84,,,,
516,07/01/2024 21:45:00,5.62,680.64,,,,
517,07/01/2024 22:00:00,5.57,317.36,,,,
518,07/01/2024 22:15:00,5.57,134.72,,,,
519,07/01/2024 22:30:00,5.62,46.58,,,,
520,07/01/2024 22:45:00,5.70,14.84,,,,
521,07/01/2024 23:00:00,5.66,5.45,,,,
522,07/01/2024 23:15:00,5.57,2.33,,,,
523,07/01/2024 23:30:00,5.53,0.38,,,,
524,07/01/2024 23:45:00,5.57,0.00,,,,
525,07/02/2024 00:00:00,5.57,0.00,,,,
526,07/02/2024 00:15:00,5.62,0.00,,,,
527,07/02/2024 00:30:00,5.62,0.00,,,,
528,07/02/2024 00:45:00,5.40,0.00,,,,
529,07/02/2024 01:00:00,5.19,0.00,,,,
530,07/02/2024 01:15:00,5.06,0.00,,,,
531,07/02/2024 01:30:00,5.06,0.00,,,,
532,07/02/2024 01:45:00,5.06,0.00,,,,
533,07/02/2024 02:00:00,5.02,0.00,,,,
534,07/02/2024 02:15:00,5.02,0.00,,,,
535,07/02/2024 02:30:00,5.10,0.19,,,,
536,07/02/2024 02:45:00,5.10,1.16,,,,
537,07/02/2024 03:00:00,5.06,3.50,,,,
538,07/02/2024 03:15:00,5.06,11.14,,,,
539,07/02/2024 03:30:00,5.02,30.13,,,,
540,07/02/2024 03:45:00,5.10,100.24,,,,
541,07/02/2024 04:00:00,5.02,308.00,,,,
542,07/02/2024 04:15:00,5.23,720.64,,,,
543,07/02/2024 04:30:00,5.15,1328.64,,,,
544,07/02/2024 04:45:00,4.97,1783.04,,,,
545,07/02/2024 05:00:00,5.15,3060.48,,,,
546,07/02/2024 05:15:00,5.27,3912.96,,,,
547,07/02/2024 05:30:00,5.40,5108.48,,,,
548,07/02/2024 05:45:00,5.45,4547.84,,,,
549,07/02/2024 06:00:00,5.75,9108.48,,,,
550,07/02/2024 06:15:00,5.83,8048.64,,,,
551,07/02/2024 06:30:00,5.79,8852.48,,,,
552,07/02/2024 06:45:00,5.79,9100.80,,,,
553,07/02/2024 07:00:00,5.96,11130.88,,,,
554,07/02/2024 07:15:00,5.92,9807.36,,,,
555,07/02/2024 07:30:00,6.00,11750.40,,,,
556,07/02/2024 07:45:00,6.30,13081.60,,,,
557,07/02/2024 08:00:00,6.56,15892.48,,,,
558,07/02/2024 08:15:00,7.03,22323.20,,,,
559,07/02/2024 08:30:00,7.55,23060.48,,,,
560,07/02/2024 08:45:00,7.68,23951.36,,,,
561,07/02/2024 09:00:00,7.93,26480.64,,,,
562,07/02/2024 09:15:00,7.50,23900.16,,,,
563,07/02/2024 09:30:00,7.59,25282.56,,,,
564,07/02/2024 09:45:00,8.92,38205.44,,,,
565,07/02/2024 10:00:00,8.62,33812.48,,,,
566,07/02/2024 10:15:00,9.05,35553.28,,,,
567,07/02/2024 10:30:00,9.39,34529.28,,,,
568,07/02/2024 10:45:00,8.96,37365.76,,,,
569,07/02/2024 11:00:00,9.91,50380.80,,,,
570,07/02/2024 11:15:00,9.82,40734.72,,,,
571,07/02/2024 11:30:00,9.05,39424.00,,,,
572,07/02/2024 11:45:00,10.29,43909.12,,,,
573,07/02/2024 12:00:00,9.09,36014.08,,,,
574,07/02/2024 12:15:00,8.58,34928.64,,,,
575,07/02/2024 12:30:00,9.09,39403.52,,,,
576,07/02/2024 12:45:00,9.86,43888.64,,,,
577,07/02/2024 13:00:00,9.78,38983.68,,,,
578,07/02/2024 13:15:00,9.26,38522.88,,,,
579,07/02/2024 13:30:00,10.21,46919.68,,,,
580,07/02/2024 13:45:00,10.04,44564.48,,,,
581,07/02/2024 14:00:00,9.44,42393.60,,,,
582,07/02/2024 14:15:00,10.29,46039.04,,,,
583,07/02/2024 14:30:00,10.25,41850.88,,,,
584,07/02/2024 14:45:00,10.12,42864.64,,,,
585,07/02/2024 15:00:00,9.35,38174.72,,,,
586,07/02/2024 15:15:00,9.52,38031.36,,,,
587,07/02/2024 15:30:00,9.14,35307.52,,,,
588,07/02/2024 15:45:00,7.89,26910.72,,,,
589,07/02/2024 16:00:00,7.12,22241.28,,,,
590,07/02/2024 16:15:00,7.20,21196.80,,,,
591,07/02/2024 16:30:00,7.20,22200.32,,,,
592,07/02/2024 16:45:00,6.86,17536.00,,,,
593,07/02/2024 17:00:00,6.78,18887.68,,,,
594,07/02/2024 17:15:00,6.56,15549.44,,,,
595,07/02/2024 17:30:00,6.26,13491.20,,,,
596,07/02/2024 17:45:00,6.22,12584.96,,,,
597,07/02/2024 18:00:00,5.96,11074.56,,,,
598,07/02/2024 18:15:00,5.79,10460.16,,,,
599,07/02/2024 18:30:00,5.62,9077.76,,,,
600,07/02/2024 18:45:00,5.62,8604.16,,,,
601,07/02/2024 19:00:00,5.49,7500.80,,,,
602,07/02/2024 19:15:00,5.40,6714.88,,,,
603,07/02/2024 19:30:00,5.40,6410.24,,,,
604,07/02/2024 19:45:00,5.19,4875.52,,,,
605,07/02/2024 20:00:00,5.10,4569.60,,,,
606,07/02/2024 20:15:00,4.97,3379.20,,,,
607,07/02/2024 20:30:00,4.84,3192.32,,,,
608,07/02/2024 20:45:00,4.84,2597.76,,,,
609,07/02/2024 21:00:00,4.63,2046.72,,,,
610,07/02/2024 21:15:00,4.59,1447.68,,,,
611,07/02/2024 21:30:00,4.46,1041.92,,,,
612,07/02/2024 21:45:00,4.33,598.40,,,,
613,07/02/2024 22:00:00,4.24,358.56,,,,
614,07/02/2024 22:15:00,4.24,182.48,,,,
615,07/02/2024 22:30:00,4.29,85.36,,,,
616,07/02/2024 22:45:00,4.24,25.84,,,,
617,07/02/2024 23:00:00,4.16,8.20,,,,
618,07/02/2024 23:15:00,4.07,2.53,,,,
619,07/02/2024 23:30:00,4.16,0.58,,,,
620,07/02/2024 23:45:00,4.12,0.00,,,,
621,07/03/2024 00:00:00,4.16,0.00,,,,
622,07/03/2024 00:15:00,4.12,0.00,,,,
623,07/03/2024 00:30:00,4.03,0.00,,,,
624,07/03/2024 00:45:00,4.07,0.00,,,,
625,07/03/2024 01:00:00,3.99,0.00,,,,
626,07/03/2024 01:15:00,4.07,0.00,,,,
627,07/03/2024 01:30:00,4.03,0.00,,,,
628,07/03/2024 01:45:00,4.03,0.00,,,,
629,07/03/2024 02:00:00,4.07,0.00,,,,
630,07/03/2024 02:15:00,4.12,0.00,,,,
631,07/03/2024 02:30:00,4.16,0.19,,,,
632,07/03/2024 02:45:00,4.07,1.16,,,,
633,07/03/2024 03:00:00,4.16,3.89,,,,
634,07/03/2024 03:15:00,4.12,11.92,,,,
635,07/03/2024 03:30:00,4.07,48.96,,,,
636,07/03/2024 03:45:00,3.90,136.28,,,,
637,07/03/2024 04:00:00,3.94,285.20,,,,
638,07/03/2024 04:15:00,3.86,636.96,,,,
639,07/03/2024 04:30:00,3.99,1309.76,,,,
640,07/03/2024 04:45:00,4.16,2297.60,,,,
641,07/03/2024 05:00:00,4.20,2600.96,,,,
642,07/03/2024 05:15:00,4.29,3174.40,,,,
643,07/03/2024 05:30:00,4.37,4604.16,,,,
644,07/03/2024 05:45:00,4.63,5870.08,,,,
645,07/03/2024 06:00:00,4.80,6865.92,,,,
646,07/03/2024 06:15:00,4.93,8908.80,,,,
647,07/03/2024 06:30:00,5.40,12195.84,,,,
648,07/03/2024 06:45:00,5.62,12528.64,,,,
649,07/03/2024 07:00:00,5.66,13168.64,,,,
650,07/03/2024 07:15:00,5.83,13992.96,,,,
651,07/03/2024 07:30:00,6.35,17269.76,,,,
652,07/03/2024 07:45:00,6.56,18257.92,,,,
653,07/03/2024 08:00:00,7.20,21452.80,,,,
654,07/03/2024 08:15:00,7.98,26101.76,,,,
655,07/03/2024 08:30:00,8.88,33146.88,,,,
656,07/03/2024 08:45:00,9.56,35594.24,,,,
657,07/03/2024 09:00:00,9.78,37150.72,,,,
658,07/03/2024 09:15:00,9.99,41656.32,,,,
659,07/03/2024 09:30:00,11.88,45547.52,,,,
660,07/03/2024 09:45:00,13.00,49070.08,,,,
661,07/03/2024 10:00:00,11.11,47738.88,,,,
662,07/03/2024 10:15:00,10.12,37642.24,,,,
663,07/03/2024 10:30:00,9.74,39239.68,,,,
664,07/03/2024 10:45:00,9.44,40499.20,,,,
665,07/03/2024 11:00:00,10.25,44707.84,,,,
666,07/03/2024 11:15:00,11.67,52387.84,,,,
667,07/03/2024 11:30:00,11.11,48312.32,,,,
668,07/03/2024 11:45:00,11.15,45056.00,,,,
669,07/03/2024 12:00:00,10.29,43991.04,,,,
670,07/03/2024 12:15:00,11.02,52408.32,,,,
671,07/03/2024 12:30:00,10.55,46837.76,,,,
672,07/03/2024 12:45:00,11.15,47534.08,,,,
673,07/03/2024 13:00:00,11.24,46161.92,,,,
674,07/03/2024 13:15:00,10.34,44482.56,,,,
675,07/03/2024 13:30:00,10.34,44257.28,,,,
676,07/03/2024 13:45:00,11.41,51425.28,,,,
677,07/03/2024 14:00:00,11.49,55521.28,,,,
678,07/03/2024 14:15:00,10.64,45547.52,,,,
679,07/03/2024 14:30:00,10.51,42004.48,,,,
680,07/03/2024 14:45:00,11.07,44544.00,,,,
681,07/03/2024 15:00:00,10.51,42762.24,,,,
682,07/03/2024 15:15:00,9.69,37601.28,,,,
683,07/03/2024 15:30:00,10.25,43008.00,,,,
684,07/03/2024 15:45:00,10.85,47575.04,,,,
685,07/03/2024 16:00:00,11.62,50442.24,,,,
686,07/03/2024 16:15:00,10.81,40796.16,,,,
687,07/03/2024 16:30:00,9.95,39045.12,,,,
688,07/03/2024 16:45:00,9.09,34181.12,,,,
689,07/03/2024 17:00:00,9.01,33832.96,,,,
690,07/03/2024 17:15:00,8.49,28610.56,,,,
691,07/03/2024 17:30:00,7.63,20582.40,,,,
692,07/03/2024 17:45:00,7.20,22630.40,,,,
693,07/03/2024 18:00:00,7.72,25876.48,,,,
694,07/03/2024 18:15:00,7.55,22261.76,,,,
695,07/03/2024 18:30:00,7.08,19138.56,,,,
696,07/03/2024 18:45:00,6.65,15672.32,,,,
697,07/03/2024 19:00:00,6.17,12846.08,,,,
698,07/03/2024 19:15:00,6.09,13419.52,,,,
699,07/03/2024 19:30:00,6.17,12508.16,,,,
700,07/03/2024 19:45:00,5.79,9400.32,,,,
701,07/03/2024 20:00:00,5.62,8087.04,,,,
702,07/03/2024 20:15:00,5.53,6932.48,,,,
703,07/03/2024 20:30:00,5.40,5496.32,,,,
704,07/03/2024 20:45:00,5.10,4435.20,,,,
705,07/03/2024 21:00:00,5.02,3073.28,,,,
706,07/03/2024 21:15:00,4.72,1957.76,,,,
707,07/03/2024 21:30:00,4.76,1411.84,,,,
708,07/03/2024 21:45:00,4.63,839.36,,,,
709,07/03/2024 22:00:00,4.46,438.88,,,,
710,07/03/2024 22:15:00,4.46,187.92,,,,
711,07/03/2024 22:30:00,4.42,76.70,,,,
712,07/03/2024 22:45:00,4.20,23.90,,,,
713,07/03/2024 23:00:00,4.42,7.03,,,,
714,07/03/2024 23:15:00,4.37,2.33,,,,
715,07/03/2024 23:30:00,4.12,0.58,,,,
716,07/03/2024 23:45:00,4.24,0.00,,,,
717,07/04/2024 00:00:00,4.12,0.00,,,,
718,07/04/2024 00:15:00,4.24,0.00,,,,
719,07/04/2024 00:30:00,4.24,0.00,,,,
720,07/04/2024 00:45:00,4.24,0.00,,,,
721,07/04/2024 01:00:00,4.29,0.00,,,,
722,07/04/2024 01:15:00,4.20,0.00,,,,
723,07/04/2024 01:30:00,4.16,0.00,,,,
724,07/04/2024 01:45:00,4.07,0.00,,,,
725,07/04/2024 02:00:00,3.94,0.00,,,,
726,07/04/2024 02:15:00,4.03,0.00,,,,
727,07/04/2024 02:30:00,3.99,0.38,,,,
728,07/04/2024 02:45:00,3.94,1.94,,,,
729,07/04/2024 03:00:00,3.94,5.86,,,,
730,07/04/2024 03:15:00,3.94,17.23,,,,
731,07/04/2024 03:30:00,3.90,60.36,,,,
732,07/04/2024 03:45:00,3.77,184.16,,,,
733,07/04/2024 04:00:00,3.43,519.36,,,,
734,07/04/2024 04:15:00,3.69,933.76,,,,
735,07/04/2024 04:30:00,3.90,1538.56,,,,
736,07/04/2024 04:45:00,3.99,2443.52,,,,
737,07/04/2024 05:00:00,4.16,3513.60,,,,
738,07/04/2024 05:15:00,4.33,5230.08,,,,
739,07/04/2024 05:30:00,4.37,6584.32,,,,
740,07/04/2024 05:45:00,4.50,7644.16,,,,
741,07/04/2024 06:00:00,4.76,8739.84,,,,
742,07/04/2024 06:15:00,5.23,11105.28,,,,
743,07/04/2024 06:30:00,5.57,13347.84,,,,
744,07/04/2024 06:45:00,5.66,14807.04,,,,
745,07/04/2024 07:00:00,6.26,17587.20,,,,
746,07/04/2024 07:15:00,7.03,20659.20,,,,
747,07/04/2024 07:30:00,7.63,26255.36,,,,
748,07/04/2024 07:45:00,8.11,27863.04,,,,
749,07/04/2024 08:00:00,7.93,30044.16,,,,
750,07/04/2024 08:15:00,8.06,30883.84,,,,
751,07/04/2024 08:30:00,8.19,31672.32,,,,
752,07/04/2024 08:45:00,9.61,39086.08,,,,
753,07/04/2024 09:00:00,11.71,51527.68,,,,
754,07/04/2024 09:15:00,10.16,43458.56,,,,
755,07/04/2024 09:30:00,10.34,43458.56,,,,
756,07/04/2024 09:45:00,9.82,39710.72,,,,
757,07/04/2024 10:00:00,9.05,39731.20,,,,
758,07/04/2024 10:15:00,11.75,45588.48,,,,
759,07/04/2024 10:30:00,12.87,54231.04,,,,
760,07/04/2024 10:45:00,10.77,50421.76,,,,
761,07/04/2024 11:00:00,14.15,55336.96,,,,
762,07/04/2024 11:15:00,14.45,59740.16,,,,
763,07/04/2024 11:30:00,10.42,42926.08,,,,
764,07/04/2024 11:45:00,10.98,55848.96,,,,
765,07/04/2024 12:00:00,11.92,50176.00,,,,
766,07/04/2024 12:15:00,12.61,53002.24,,,,
767,07/04/2024 12:30:00,12.18,48640.00,,,,
768,07/04/2024 12:45:00,10.98,50278.40,,,,
769,07/04/2024 13:00:00,12.01,55562.24,,,,
770,07/04/2024 13:15:00,12.05,50647.04,,,,
771,07/04/2024 13:30:00,11.37,47165.44,,,,
772,07/04/2024 13:45:00,11.97,45506.56,,,,
773,07/04/2024 14:00:00,14.41,55029.76,,,,
774,07/04/2024 14:15:00,13.43,56565.76,,,,
775,07/04/2024 14:30:00,13.08,62730.24,,,,
776,07/04/2024 14:45:00,16.73,66416.64,,,,
777,07/04/2024 15:00:00,13.55,51425.28,,,,
778,07/04/2024 15:15:00,12.48,45608.96,,,,
779,07/04/2024 15:30:00,11.92,44236.80,,,,
780,07/04/2024 15:45:00,10.94,42045.44,,,,
781,07/04/2024 16:00:00,11.11,45096.96,,,,
782,07/04/2024 16:15:00,10.85,34498.56,,,,
783,07/04/2024 16:30:00,10.68,42536.96,,,,
784,07/04/2024 16:45:00,9.91,34191.36,,,,
785,07/04/2024 17:00:00,9.56,34713.60,,,,
786,07/04/2024 17:15:00,10.68,41072.64,,,,
787,07/04/2024 17:30:00,9.35,28006.40,,,,
788,07/04/2024 17:45:00,9.14,30003.20,,,,
789,07/04/2024 18:00:00,8.92,27842.56,,,,
790,07/04/2024 18:15:00,8.11,18488.32,,,,
791,07/04/2024 18:30:00,7.42,15605.76,,,,
792,07/04/2024 18:45:00,7.12,14136.32,,,,
793,07/04/2024 19:00:00,7.38,15068.16,,,,
794,07/04/2024 19:15:00,6.78,9981.44,,,,
795,07/04/2024 19:30:00,6.48,9617.92,,,,
796,07/04/2024 19:45:00,6.17,7575.04,,,,
797,07/04/2024 20:00:00,6.09,6714.88,,,,
798,07/04/2024 20:15:00,6.00,5155.84,,,,
799,07/04/2024 20:30:00,5.87,4093.44,,,,
800,07/04/2024 20:45:00,5.79,2659.84,,,,
801,07/04/2024 21:00:00,5.15,2121.60,,,,
802,07/04/2024 21:15:00,5.10,1518.72,,,,
803,07/04/2024 21:30:00,5.10,1054.40,,,,
804,07/04/2024 21:45:00,5.06,603.20,,,,
805,07/04/2024 22:00:00,5.19,349.28,,,,
806,07/04/2024 22:15:00,5.23,157.40,,,,
807,07/04/2024 22:30:00,5.10,54.80,,,,
808,07/04/2024 22:45:00,5.02,19.95,,,,
809,07/04/2024 23:00:00,4.89,7.03,,,,
810,07/04/2024 23:15:00,4.89,1.94,,,,
811,07/04/2024 23:30:00,4.89,0.38,,,,
812,07/04/2024 23:45:00,4.76,0.19,,,,
813,07/05/2024 00:00:00,4.76,0.00,,,,
814,07/05/2024 00:15:00,4.67,0.00,,,,
815,07/05/2024 00:30:00,4.63,0.00,,,,
816,07/05/2024 00:45:00,4.63,0.00,,,,
817,07/05/2024 01:00:00,4.54,0.00,,,,
818,07/05/2024 01:15:00,4.54,0.00,,,,
819,07/05/2024 01:30:00,4.42,0.00,,,,
820,07/05/2024 01:45:00,4.20,0.00,,,,
821,07/05/2024 02:00:00,4.12,0.00,,,,
822,07/05/2024 02:15:00,4.24,0.00,,,,
823,07/05/2024 02:30:00,4.29,0.38,,,,
824,07/05/2024 02:45:00,4.20,1.36,,,,
825,07/05/2024 03:00:00,4.07,3.69,,,,
826,07/05/2024 03:15:00,3.94,12.89,,,,
827,07/05/2024 03:30:00,3.94,40.30,,,,
828,07/05/2024 03:45:00,3.82,95.48,,,,
829,07/05/2024 04:00:00,3.90,262.40,,,,
830,07/05/2024 04:15:00,3.94,484.80,,,,
831,07/05/2024 04:30:00,4.03,815.36,,,,
832,07/05/2024 04:45:00,4.16,1627.52,,,,
833,07/05/2024 05:00:00,3.99,2090.24,,,,
834,07/05/2024 05:15:00,4.12,3429.12,,,,
835,07/05/2024 05:30:00,4.42,6405.12,,,,
836,07/05/2024 05:45:00,4.37,6026.24,,,,
837,07/05/2024 06:00:00,4.54,7825.92,,,,
838,07/05/2024 06:15:00,4.37,7631.36,,,,
839,07/05/2024 06:30:00,4.37,9146.88,,,,
840,07/05/2024 06:45:00,4.76,12938.24,,,,
841,07/05/2024 07:00:00,5.15,16025.60,,,,
842,07/05/2024 07:15:00,5.49,17623.04,,,,
843,07/05/2024 07:30:00,5.75,20623.36,,,,
844,07/05/2024 07:45:00,6.22,22169.60,,,,
845,07/05/2024 08:00:00,5.96,20172.80,,,,
846,07/05/2024 08:15:00,6.13,23500.80,,,,
847,07/05/2024 08:30:00,8.71,38891.52,,,,
848,07/05/2024 08:45:00,8.02,35440.64,,,,
849,07/05/2024 09:00:00,7.89,36608.00,,,,
850,07/05/2024 09:15:00,8.11,40069.12,,,,
851,07/05/2024 09:30:00,8.58,39843.84,,,,
852,07/05/2024 09:45:00,8.53,42496.00,,,,
853,07/05/2024 10:00:00,9.78,54927.36,,,,
854,07/05/2024 10:15:00,9.99,52654.08,,,,
855,07/05/2024 10:30:00,9.95,52060.16,,,,
856,07/05/2024 10:45:00,10.08,51159.04,,,,
857,07/05/2024 11:00:00,9.78,48947.20,,,,
858,07/05/2024 11:15:00,11.37,61542.40,,,,
859,07/05/2024 11:30:00,11.62,62914.56,,,,
860,07/05/2024 11:45:00,10.38,54824.96,,,,
861,07/05/2024 12:00:00,10.08,41031.68,,,,
862,07/05/2024 12:15:00,9.14,45445.12,,,,
863,07/05/2024 12:30:00,10.34,48640.00,,,,
864,07/05/2024 12:45:00,9.52,50094.08,,,,
865,07/05/2024 13:00:00,10.89,59678.72,,,,
866,07/05/2024 13:15:00,11.45,71229.44,,,,
867,07/05/2024 13:30:00,10.46,54046.72,,,,
868,07/05/2024 13:45:00,10.34,53780.48,,,,
869,07/05/2024 14:00:00,9.91,44523.52,,,,
870,07/05/2024 14:15:00,9.39,44011.52,,,,
871,07/05/2024 14:30:00,8.79,38041.60,,,,
872,07/05/2024 14:45:00,9.52,45875.20,,,,
873,07/05/2024 15:00:00,9.86,47534.08,,,,
874,07/05/2024 15:15:00,9.01,38430.72,,,,
875,07/05/2024 15:30:00,8.41,38010.88,,,,
876,07/05/2024 15:45:00,8.53,32430.08,,,,
877,07/05/2024 16:00:00,9.01,41963.52,,,,
878,07/05/2024 16:15:00,9.14,38789.12,,,,
879,07/05/2024 16:30:00,8.23,30873.60,,,,
880,07/05/2024 16:45:00,7.93,30730.24,,,,
881,07/05/2024 17:00:00,7.20,24872.96,,,,
882,07/05/2024 17:15:00,6.60,20224.00,,,,
883,07/05/2024 17:30:00,7.03,23080.96,,,,
884,07/05/2024 17:45:00,6.52,18785.28,,,,
885,07/05/2024 18:00:00,6.56,17413.12,,,,
886,07/05/2024 18:15:00,7.29,25436.16,,,,
887,07/05/2024 18:30:00,7.03,18769.92,,,,
888,07/05/2024 18:45:00,6.09,12579.84,,,,
889,07/05/2024 19:00:00,5.70,10531.84,,,,
890,07/05/2024 19:15:00,5.49,9408.00,,,,
891,07/05/2024 19:30:00,5.66,10741.76,,,,
892,07/05/2024 19:45:00,6.00,12728.32,,,,
893,07/05/2024 20:00:00,5.45,7370.24,,,,
894,07/05/2024 20:15:00,5.32,5068.80,,,,
895,07/05/2024 20:30:00,5.06,5301.76,,,,
896,07/05/2024 20:45:00,5.02,3924.48,,,,
897,07/05/2024 21:00:00,4.72,2395.52,,,,
898,07/05/2024 21:15:00,4.67,1512.96,,,,
899,07/05/2024 21:30:00,4.63,984.96,,,,
900,07/05/2024 21:45:00,4.59,536.96,,,,
901,07/05/2024 22:00:00,4.46,287.36,,,,
902,07/05/2024 22:15:00,4.37,129.96,,,,
903,07/05/2024 22:30:00,4.50,44.62,,,,
904,07/05/2024 22:45:00,4.37,14.50,,,,
905,07/05/2024 23:00:00,4.42,6.03,,,,
906,07/05/2024 23:15:00,4.29,1.94,,,,
907,07/05/2024 23:30:00,4.50,0.58,,,,
908,07/05/2024 23:45:00,4.37,0.00,,,,
909,07/06/2024 00:00:00,4.37,0.00,,,,
910,07/06/2024 00:15:00,4.42,0.00,,,,
911,07/06/2024 00:30:00,4.42,0.00,,,,
912,07/06/2024 00:45:00,4.37,0.00,,,,
913,07/06/2024 01:00:00,4.37,0.00,,,,
914,07/06/2024 01:15:00,4.33,0.00,,,,
915,07/06/2024 01:30:00,4.37,0.00,,,,
916,07/06/2024 01:45:00,4.46,0.00,,,,
917,07/06/2024 02:00:00,4.46,0.00,,,,
918,07/06/2024 02:15:00,4.37,0.00,,,,
919,07/06/2024 02:30:00,4.29,0.19,,,,
920,07/06/2024 02:45:00,4.24,0.97,,,,
921,07/06/2024 03:00:00,4.24,4.47,,,,
922,07/06/2024 03:15:00,4.03,13.67,,,,
923,07/06/2024 03:30:00,4.07,45.80,,,,
924,07/06/2024 03:45:00,4.07,137.04,,,,
925,07/06/2024 04:00:00,3.99,318.72,,,,
926,07/06/2024 04:15:00,4.12,612.16,,,,
927,07/06/2024 04:30:00,4.07,1115.84,,,,
928,07/06/2024 04:45:00,4.20,1813.12,,,,
929,07/06/2024 05:00:00,4.29,2597.76,,,,
930,07/06/2024 05:15:00,4.42,3968.00,,,,
931,07/06/2024 05:30:00,4.33,3924.48,,,,
932,07/06/2024 05:45:00,4.97,9495.04,,,,
933,07/06/2024 06:00:00,5.32,9413.12,,,,
934,07/06/2024 06:15:00,5.40,11018.24,,,,
935,07/06/2024 06:30:00,5.87,14192.64,,,,
936,07/06/2024 06:45:00,6.52,18124.80,,,,
937,07/06/2024 07:00:00,6.99,21473.28,,,,
938,07/06/2024 07:15:00,7.08,23889.92,,,,
939,07/06/2024 07:30:00,7.50,26572.80,,,,
940,07/06/2024 07:45:00,7.46,25057.28,,,,
941,07/06/2024 08:00:00,7.33,27002.88,,,,
942,07/06/2024 08:15:00,8.28,33986.56,,,,
943,07/06/2024 08:30:00,8.66,33402.88,,,,
944,07/06/2024 08:45:00,9.61,39198.72,,,,
945,07/06/2024 09:00:00,11.28,47636.48,,,,
946,07/06/2024 09:15:00,10.21,41922.56,,,,
947,07/06/2024 09:30:00,11.11,52695.04,,,,
948,07/06/2024 09:45:00,11.32,55521.28,,,,
949,07/06/2024 10:00:00,11.41,55603.20,,,,
950,07/06/2024 10:15:00,11.58,53329.92,,,,
951,07/06/2024 10:30:00,8.15,28620.80,,,,
952,07/06/2024 10:45:00,12.05,74240.00,,,,
953,07/06/2024 11:00:00,15.27,78766.08,,,,
954,07/06/2024 11:15:00,13.00,68014.08,,,,
955,07/06/2024 11:30:00,13.68,72417.28,,,,
956,07/06/2024 11:45:00,14.11,74956.80,,,,
957,07/06/2024 12:00:00,12.22,62218.24,,,,
958,07/06/2024 12:15:00,13.73,71290.88,,,,
959,07/06/2024 12:30:00,13.51,66068.48,,,,
960,07/06/2024 12:45:00,13.68,69570.56,,,,
961,07/06/2024 13:00:00,15.78,85155.84,,,,
962,07/06/2024 13:15:00,14.93,72867.84,,,,
963,07/06/2024 13:30:00,13.73,64143.36,,,,
964,07/06/2024 13:45:00,13.77,71290.88,,,,
965,07/06/2024 14:00:00,11.75,59514.88,,,,
966,07/06/2024 14:15:00,13.17,64143.36,,,,
967,07/06/2024 14:30:00,11.45,57466.88,,,,
968,07/06/2024 14:45:00,11.45,58634.24,,,,
969,07/06/2024 15:00:00,10.81,47902.72,,,,
970,07/06/2024 15:15:00,11.11,47841.28,,,,
971,07/06/2024 15:30:00,9.99,41297.92,,,,
972,07/06/2024 15:45:00,10.21,39833.60,,,,
973,07/06/2024 16:00:00,10.04,38789.12,,,,
974,07/06/2024 16:15:00,9.61,37928.96,,,,
975,07/06/2024 16:30:00,10.16,42229.76,,,,
976,07/06/2024 16:45:00,9.74,32655.36,,,,
977,07/06/2024 17:00:00,9.39,32225.28,,,,
978,07/06/2024 17:15:00,9.22,32092.16,,,,
979,07/06/2024 17:30:00,9.18,27934.72,,,,
980,07/06/2024 17:45:00,9.05,27555.84,,,,
981,07/06/2024 18:00:00,8.45,18513.92,,,,
982,07/06/2024 18:15:00,7.68,16102.40,,,,
983,07/06/2024 18:30:00,7.63,15805.44,,,,
984,07/06/2024 18:45:00,7.68,15918.08,,,,
985,07/06/2024 19:00:00,7.38,15349.76,,,,
986,07/06/2024 19:15:00,7.25,13096.96,,,,
987,07/06/2024 19:30:00,6.90,10329.60,,,,
988,07/06/2024 19:45:00,6.39,8273.92,,,,
989,07/06/2024 20:00:00,6.35,7449.60,,,,
990,07/06/2024 20:15:00,6.05,5964.80,,,,
991,07/06/2024 20:30:00,5.75,4448.00,,,,
992,07/06/2024 20:45:00,5.53,3544.32,,,,
993,07/06/2024 21:00:00,5.40,2391.04,,,,
994,07/06/2024 21:15:00,5.15,1783.04,,,,
995,07/06/2024 21:30:00,5.02,1217.28,,,,
996,07/06/2024 21:45:00,4.76,753.92,,,,
997,07/06/2024 22:00:00,4.63,379.68,,,,
998,07/06/2024 22:15:00,4.59,161.40,,,,
999,07/06/2024 22:30:00,4.33,56.74,,,,
1000,07/06/2024 22:45:00,4.54,18.01,,,,
1001,07/06/2024 23:00:00,4.46,5.86,,,,
1002,07/06/2024 23:15:00,4.42,1.94,,,,
1003,07/06/2024 23:30:00,4.37,0.58,,,,
1004,07/06/2024 23:45:00,4.29,0.00,,,,
1005,07/07/2024 00:00:00,4.24,0.00,,,,
1006,07/07/2024 00:15:00,4.07,0.00,,,,
1007,07/07/2024 00:30:00,4.16,0.00,,,,
1008,07/07/2024 00:45:00,4.16,0.00,,,,
1009,07/07/2024 01:00:00,4.12,0.00,,,,
1010,07/07/2024 01:15:00,4.16,0.00,,,,
1011,07/07/2024 01:30:00,4.16,0.00,,,,
1012,07/07/2024 01:45:00,3.99,0.00,,,,
1013,07/07/2024 02:00:00,3.94,0.00,,,,
1014,07/07/2024 02:15:00,3.86,0.00,,,,
1015,07/07/2024 02:30:00,3.86,0.19,,,,
1016,07/07/2024 02:45:00,3.73,1.36,,,,
1017,07/07/2024 03:00:00,3.90,4.28,,,,
1018,07/07/2024 03:15:00,4.03,13.28,,,,
1019,07/07/2024 03:30:00,3.99,44.62,,,,
1020,07/07/2024 03:45:00,3.90,141.04,,,,
1021,07/07/2024 04:00:00,3.86,363.20,,,,
1022,07/07/2024 04:15:00,3.86,812.16,,,,
1023,07/07/2024 04:30:00,3.94,1511.68,,,,
1024,07/07/2024 04:45:00,3.99,2135.04,,,,
1025,07/07/2024 05:00:00,4.03,3413.76,,,,
1026,07/07/2024 05:15:00,4.33,5281.28,,,,
1027,07/07/2024 05:30:00,4.76,8360.96,,,,
1028,07/07/2024 05:45:00,4.93,8304.64,,,,
1029,07/07/2024 06:00:00,4.72,6074.88,,,,
1030,07/07/2024 06:15:00,4.63,7357.44,,,,
1031,07/07/2024 06:30:00,4.63,7761.92,,,,
1032,07/07/2024 06:45:00,5.36,9612.80,,,,
1033,07/07/2024 07:00:00,6.05,17070.08,,,,
1034,07/07/2024 07:15:00,6.17,15754.24,,,,
1035,07/07/2024 07:30:00,9.99,40847.36,,,,
1036,07/07/2024 07:45:00,9.31,26675.20,,,,
1037,07/07/2024 08:00:00,8.49,29665.28,,,,
1038,07/07/2024 08:15:00,10.59,32491.52,,,,
1039,07/07/2024 08:30:00,11.24,31959.04,,,,
1040,07/07/2024 08:45:00,10.29,39260.16,,,,
1041,07/07/2024 09:00:00,9.56,53882.88,,,,
1042,07/07/2024 09:15:00,17.03,72232.96,,,,
1043,07/07/2024 09:30:00,17.41,64389.12,,,,
1044,07/07/2024 09:45:00,20.89,92323.84,,,,
1045,07/07/2024 10:00:00,23.98,86917.12,,,,
1046,07/07/2024 10:15:00,25.35,80936.96,,,,
1047,07/07/2024 10:30:00,25.39,78807.04,,,,
1048,07/07/2024 10:45:00,25.44,72028.16,,,,
1049,07/07/2024 11:00:00,26.12,77946.88,,,,
1050,07/07/2024 11:15:00,26.81,72069.12,,,,
1051,07/07/2024 11:30:00,25.35,77557.76,,,,
1052,07/07/2024 11:45:00,24.36,79585.28,,,,
1053,07/07/2024 12:00:00,23.42,72683.52,,,,
1054,07/07/2024 12:15:00,23.68,83476.48,,,,
1055,07/07/2024 12:30:00,23.81,79769.60,,,,
1056,07/07/2024 12:45:00,27.20,79278.08,,,,
1057,07/07/2024 13:00:00,23.94,72847.36,,,,
1058,07/07/2024 13:15:00,21.15,73359.36,,,,
1059,07/07/2024 13:30:00,25.39,74956.80,,,,
1060,07/07/2024 13:45:00,29.30,71884.80,,,,
1061,07/07/2024 14:00:00,26.51,81879.04,,,,
1062,07/07/2024 14:15:00,24.28,68628.48,,,,
1063,07/07/2024 14:30:00,27.50,73359.36,,,,
1064,07/07/2024 14:45:00,25.61,69242.88,,,,
1065,07/07/2024 15:00:00,29.34,73482.24,,,,
1066,07/07/2024 15:15:00,37.15,82780.16,,,,
1067,07/07/2024 15:30:00,30.46,105103.36,,,,
1068,07/07/2024 15:45:00,20.80,36976.64,,,,
1069,07/07/2024 16:00:00,20.07,44789.76,,,,
1070,07/07/2024 16:15:00,17.63,44687.36,,,,
1071,07/07/2024 16:30:00,17.16,54251.52,,,,
1072,07/07/2024 16:45:00,18.32,30371.84,,,,
1073,07/07/2024 17:00:00,20.72,61194.24,,,,
1074,07/07/2024 17:15:00,18.27,36782.08,,,,
1075,07/07/2024 17:30:00,18.79,38379.52,,,,
1076,07/07/2024 17:45:00,17.54,71106.56,,,,
1077,07/07/2024 18:00:00,17.89,64491.52,,,,
1078,07/07/2024 18:15:00,18.70,58490.88,,,,
1079,07/07/2024 18:30:00,15.96,23879.68,,,,
1080,07/07/2024 18:45:00,12.95,14197.76,,,,
1081,07/07/2024 19:00:00,11.41,15703.04,,,,
1082,07/07/2024 19:15:00,11.92,17274.88,,,,
1083,07/07/2024 19:30:00,10.42,11535.36,,,,
1084,07/07/2024 19:45:00,15.78,32133.12,,,,
1085,07/07/2024 20:00:00,15.57,25057.28,,,,
1086,07/07/2024 20:15:00,9.05,8665.60,,,,
1087,07/07/2024 20:30:00,8.15,5867.52,,,,
1088,07/07/2024 20:45:00,7.63,4220.16,,,,
1089,07/07/2024 21:00:00,7.93,3912.96,,,,
1090,07/07/2024 21:15:00,8.41,2291.20,,,,
1091,07/07/2024 21:30:00,8.15,1408.64,,,,
1092,07/07/2024 21:45:00,7.33,792.00,,,,
1093,07/07/2024 22:00:00,6.99,398.72,,,,
1094,07/07/2024 22:15:00,5.92,193.52,,,,
1095,07/07/2024 22:30:00,4.80,82.24,,,,
1096,07/07/2024 22:45:00,5.32,23.12,,,,
1097,07/07/2024 23:00:00,6.90,6.25,,,,
1098,07/07/2024 23:15:00,6.95,2.33,,,,
1099,07/07/2024 23:30:00,7.68,0.58,,,,
1100,07/07/2024 23:45:00,6.82,0.58,,,,
1101,07/08/2024 00:00:00,6.86,0.00,,,,
1102,07/08/2024 00:15:00,7.59,0.00,,,,
1103,07/08/2024 00:30:00,7.25,0.00,,,,
1104,07/08/2024 00:45:00,7.50,0.00,,,,
1105,07/08/2024 01:00:00,7.29,0.00,,,,
1106,07/08/2024 01:15:00,7.29,0.00,,,,
1107,07/08/2024 01:30:00,6.48,0.00,,,,
1108,07/08/2024 01:45:00,6.69,0.00,,,,
1109,07/08/2024 02:00:00,6.95,0.00,,,,
1110,07/08/2024 02:15:00,6.99,0.38,,,,
1111,07/08/2024 02:30:00,6.73,0.97,,,,
1112,07/08/2024 02:45:00,6.95,2.72,,,,
1113,07/08/2024 03:00:00,6.00,7.03,,,,
1114,07/08/2024 03:15:00,6.05,19.95,,,,
1115,07/08/2024 03:30:00,7.12,63.46,,,,
1116,07/08/2024 03:45:00,7.16,190.40,,,,
1117,07/08/2024 04:00:00,7.33,492.16,,,,
1118,07/08/2024 04:15:00,7.72,1100.48,,,,
1119,07/08/2024 04:30:00,6.90,2141.44,,,,
1120,07/08/2024 04:45:00,6.26,4725.76,,,,
1121,07/08/2024 05:00:00,8.41,6945.28,,,,
1122,07/08/2024 05:15:00,8.88,8890.88,,,,
1123,07/08/2024 05:30:00,10.46,12390.40,,,,
1124,07/08/2024 05:45:00,12.65,15554.56,,,,
1125,07/08/2024 06:00:00,13.81,19164.16,,,,
1126,07/08/2024 06:15:00,14.41,22886.40,,,,
1127,07/08/2024 06:30:00,15.10,26388.48,,,,
1128,07/08/2024 06:45:00,15.78,30709.76,,,,
1129,07/08/2024 07:00:00,16.90,30064.64,,,,
1130,07/08/2024 07:15:00,16.94,39178.24,,,,
1131,07/08/2024 07:30:00,19.05,36270.08,,,,
1132,07/08/2024 07:45:00,19.77,36853.76,,,,
1133,07/08/2024 08:00:00,21.96,45342.72,,,,
1134,07/08/2024 08:15:00,24.49,43724.80,,,,
1135,07/08/2024 08:30:00,29.00,51179.52,,,,
1136,07/08/2024 08:45:00,27.32,52572.16,,,,
1137,07/08/2024 09:00:00,29.04,57794.56,,,,
1138,07/08/2024 09:15:00,30.54,58736.64,,,,
1139,07/08/2024 09:30:00,29.26,61255.68,,,,
1140,07/08/2024 09:45:00,31.40,57733.12,,,,
1141,07/08/2024 10:00:00,33.37,48824.32,,,,
1142,07/08/2024 10:15:00,31.49,68587.52,,,,
1143,07/08/2024 10:30:00,34.23,77107.20,,,,
1144,07/08/2024 10:45:00,37.88,91791.36,,,,
1145,07/08/2024 11:00:00,34.19,93306.88,,,,
1146,07/08/2024 11:15:00,34.06,80814.08,,,,
1147,07/08/2024 11:30:00,34.27,79523.84,,,,
1148,07/08/2024 11:45:00,27.71,86876.16,,,,
1149,07/08/2024 12:00:00,26.38,61849.60,,,,
1150,07/08/2024 12:15:00,32.34,80834.56,,,,
1151,07/08/2024 12:30:00,31.57,77803.52,,,,
1152,07/08/2024 12:45:00,34.88,87162.88,,,,
1153,07/08/2024 13:00:00,28.01,61706.24,,,,
1154,07/08/2024 13:15:00,24.66,56360.96,,,,
1155,07/08/2024 13:30:00,26.42,57405.44,,,,
1156,07/08/2024 13:45:00,23.34,51200.00,,,,
1157,07/08/2024 14:00:00,24.19,56320.00,,,,
1158,07/08/2024 14:15:00,26.85,55377.92,,,,
1159,07/08/2024 14:30:00,28.40,66662.40,,,,
1160,07/08/2024 14:45:00,34.53,88842.24,,,,
1161,07/08/2024 15:00:00,38.39,83230.72,,,,
1162,07/08/2024 15:15:00,31.66,87982.08,,,,
1163,07/08/2024 15:30:00,35.65,85237.76,,,,
1164,07/08/2024 15:45:00,31.83,71884.80,,,,
1165,07/08/2024 16:00:00,30.97,70901.76,,,,
1166,07/08/2024 16:15:00,29.90,66908.16,,,,
1167,07/08/2024 16:30:00,28.44,43233.28,,,,
1168,07/08/2024 16:45:00,25.69,53923.84,,,,
1169,07/08/2024 17:00:00,25.27,44462.08,,,,
1170,07/08/2024 17:15:00,29.30,50216.96,,,,
1171,07/08/2024 17:30:00,25.99,51732.48,,,,
1172,07/08/2024 17:45:00,23.12,49295.36,,,,
1173,07/08/2024 18:00:00,23.98,45690.88,,,,
1174,07/08/2024 18:15:00,19.17,23265.28,,,,
1175,07/08/2024 18:30:00,18.32,37806.08,,,,
1176,07/08/2024 18:45:00,19.60,31078.40,,,,
1177,07/08/2024 19:00:00,19.22,31508.48,,,,
1178,07/08/2024 19:15:00,18.40,26173.44,,,,
1179,07/08/2024 19:30:00,16.51,17868.80,,,,
1180,07/08/2024 19:45:00,14.80,13219.84,,,,
1181,07/08/2024 20:00:00,14.03,9774.08,,,,
1182,07/08/2024 20:15:00,14.20,11694.08,,,,
1183,07/08/2024 20:30:00,13.81,9981.44,,,,
1184,07/08/2024 20:45:00,12.65,4784.64,,,,
1185,07/08/2024 21:00:00,11.97,4656.64,,,,
1186,07/08/2024 21:15:00,10.85,2391.04,,,,
1187,07/08/2024 21:30:00,10.46,1669.76,,,,
1188,07/08/2024 21:45:00,10.94,964.80,,,,
1189,07/08/2024 22:00:00,10.72,498.72,,,,
1190,07/08/2024 22:15:00,10.46,209.28,,,,
1191,07/08/2024 22:30:00,10.38,72.14,,,,
1192,07/08/2024 22:45:00,10.21,22.68,,,,
1193,07/08/2024 23:00:00,10.25,7.61,,,,
1194,07/08/2024 23:15:00,10.12,2.53,,,,
1195,07/08/2024 23:30:00,9.39,0.77,,,,
1196,07/08/2024 23:45:00,7.76,0.19,,,,
1197,07/09/2024 00:00:00,8.06,0.00,,,,
1198,07/09/2024 00:15:00,7.68,0.00,,,,
1199,07/09/2024 00:30:00,7.98,0.00,,,,
1200,07/09/2024 00:45:00,7.20,0.00,,,,
1201,07/09/2024 01:00:00,6.43,0.00,,,,
1202,07/09/2024 01:15:00,8.15,0.00,,,,
1203,07/09/2024 01:30:00,9.22,0.00,,,,
1204,07/09/2024 01:45:00,9.69,0.00,,,,
1205,07/09/2024 02:00:00,9.61,0.00,,,,
1206,07/09/2024 02:15:00,9.22,0.00,,,,
1207,07/09/2024 02:30:00,9.09,0.38,,,,
1208,07/09/2024 02:45:00,9.09,1.55,,,,
1209,07/09/2024 03:00:00,9.56,4.50,,,,
1210,07/09/2024 03:15:00,9.39,13.28,,,,
1211,07/09/2024 03:30:00,9.26,41.52,,,,
1212,07/09/2024 03:45:00,8.88,125.28,,,,
1213,07/09/2024 04:00:00,9.05,299.20,,,,
1214,07/09/2024 04:15:00,8.92,657.92,,,,
1215,07/09/2024 04:30:00,9.01,1278.72,,,,
1216,07/09/2024 04:45:00,9.65,2330.24,,,,
1217,07/09/2024 05:00:00,9.82,3843.84,,,,
1218,07/09/2024 05:15:00,10.16,4697.60,,,,
1219,07/09/2024 05:30:00,10.59,6740.48,,,,
1220,07/09/2024 05:45:00,10.59,7687.68,,,,
1221,07/09/2024 06:00:00,11.28,11069.44,,,,
1222,07/09/2024 06:15:00,10.98,7562.24,,,,
1223,07/09/2024 06:30:00,11.15,9413.12,,,,
1224,07/09/2024 06:45:00,12.35,20715.52,,,,
1225,07/09/2024 07:00:00,11.67,19143.68,,,,
1226,07/09/2024 07:15:00,12.78,19230.72,,,,
1227,07/09/2024 07:30:00,12.40,16133.12,,,,
1228,07/09/2024 07:45:00,14.15,24913.92,,,,
1229,07/09/2024 08:00:00,13.98,34375.68,,,,
1230,07/09/2024 08:15:00,16.26,49602.56,,,,
1231,07/09/2024 08:30:00,18.27,33218.56,,,,
1232,07/09/2024 08:45:00,14.75,31098.88,,,,
1233,07/09/2024 09:00:00,13.81,23101.44,,,,
1234,07/09/2024 09:15:00,13.38,27197.44,,,,
1235,07/09/2024 09:30:00,14.24,28446.72,,,,
1236,07/09/2024 09:45:00,13.34,25088.00,,,,
1237,07/09/2024 10:00:00,12.91,24115.20,,,,
1238,07/09/2024 10:15:00,13.34,23060.48,,,,
1239,07/09/2024 10:30:00,12.65,23889.92,,,,
1240,07/09/2024 10:45:00,13.90,22640.64,,,,
1241,07/09/2024 11:00:00,13.85,24637.44,,,,
1242,07/09/2024 11:15:00,15.74,33873.92,,,,
1243,07/09/2024 11:30:00,14.93,39096.32,,,,
1244,07/09/2024 11:45:00,15.31,42844.16,,,,
1245,07/09/2024 12:00:00,12.95,24913.92,,,,
1246,07/09/2024 12:15:00,14.33,42823.68,,,,
1247,07/09/2024 12:30:00,14.67,32921.60,,,,
1248,07/09/2024 12:45:00,14.07,32727.04,,,,
1249,07/09/2024 13:00:00,13.30,30883.84,,,,
1250,07/09/2024 13:15:00,13.47,30976.00,,,,
1251,07/09/2024 13:30:00,13.81,32634.88,,,,
1252,07/09/2024 13:45:00,13.12,43233.28,,,,
1253,07/09/2024 14:00:00,15.96,65556.48,,,,
1254,07/09/2024 14:15:00,12.87,41431.04,,,,
1255,07/09/2024 14:30:00,11.28,31600.64,,,,
1256,07/09/2024 14:45:00,14.11,53227.52,,,,
1257,07/09/2024 15:00:00,13.77,35246.08,,,,
1258,07/09/2024 15:15:00,12.48,27228.16,,,,
1259,07/09/2024 15:30:00,16.43,54374.40,,,,
1260,07/09/2024 15:45:00,13.98,33003.52,,,,
1261,07/09/2024 16:00:00,12.18,26429.44,,,,
1262,07/09/2024 16:15:00,10.68,16430.08,,,,
1263,07/09/2024 16:30:00,11.28,33525.76,,,,
1264,07/09/2024 16:45:00,10.94,25333.76,,,,
1265,07/09/2024 17:00:00,11.19,29245.44,,,,
1266,07/09/2024 17:15:00,10.38,24504.32,,,,
1267,07/09/2024 17:30:00,10.64,22179.84,,,,
1268,07/09/2024 17:45:00,10.64,21514.24,,,,
1269,07/09/2024 18:00:00,10.98,24555.52,,,,
1270,07/09/2024 18:15:00,10.98,19522.56,,,,
1271,07/09/2024 18:30:00,10.34,15022.08,,,,
1272,07/09/2024 18:45:00,9.78,13009.92,,,,
1273,07/09/2024 19:00:00,9.52,9925.12,,,,
1274,07/09/2024 19:15:00,9.31,6164.48,,,,
1275,07/09/2024 19:30:00,8.92,3678.72,,,,
1276,07/09/2024 19:45:00,9.22,5849.60,,,,
1277,07/09/2024 20:00:00,9.18,5580.80,,,,
1278,07/09/2024 20:15:00,8.62,2607.36,,,,
1279,07/09/2024 20:30:00,8.11,2643.20,,,,
1280,07/09/2024 20:45:00,8.11,2305.28,,,,
1281,07/09/2024 21:00:00,8.53,2414.08,,,,
1282,07/09/2024 21:15:00,8.36,1235.20,,,,
1283,07/09/2024 21:30:00,8.28,1105.92,,,,
1284,07/09/2024 21:45:00,9.09,463.68,,,,
1285,07/09/2024 22:00:00,8.32,232.64,,,,
1286,07/09/2024 22:15:00,7.59,95.60,,,,
1287,07/09/2024 22:30:00,7.16,21.95,,,,
1288,07/09/2024 22:45:00,6.73,8.59,,,,
1289,07/09/2024 23:00:00,7.93,2.33,,,,
1290,07/09/2024 23:15:00,7.76,0.97,,,,
1291,07/09/2024 23:30:00,8.41,0.19,,,,
1292,07/09/2024 23:45:00,8.71,0.00,,,,
1293,07/10/2024 00:00:00,9.01,0.00,,,,
1294,07/10/2024 00:15:00,8.06,0.00,,,,
1295,07/10/2024 00:30:00,7.76,0.00,,,,
1296,07/10/2024 00:45:00,7.59,0.00,,,,
1297,07/10/2024 01:00:00,7.85,0.00,,,,
1298,07/10/2024 01:15:00,7.59,0.00,,,,
1299,07/10/2024 01:30:00,7.76,0.00,,,,
1300,07/10/2024 01:45:00,7.98,0.00,,,,
1301,07/10/2024 02:00:00,8.06,0.00,,,,
1302,07/10/2024 02:15:00,8.11,0.00,,,,
1303,07/10/2024 02:30:00,7.98,0.00,,,,
1304,07/10/2024 02:45:00,7.93,0.38,,,,
1305,07/10/2024 03:00:00,7.89,1.55,,,,
1306,07/10/2024 03:15:00,7.25,5.86,,,,
1307,07/10/2024 03:30:00,8.11,16.06,,,,
1308,07/10/2024 03:45:00,7.93,51.24,,,,
1309,07/10/2024 04:00:00,7.93,81.48,,,,
1310,07/10/2024 04:15:00,8.06,253.68,,,,
1311,07/10/2024 04:30:00,7.85,429.12,,,,
1312,07/10/2024 04:45:00,7.93,783.04,,,,
1313,07/10/2024 05:00:00,7.89,1263.04,,,,
1314,07/10/2024 05:15:00,8.06,1233.60,,,,
1315,07/10/2024 05:30:00,8.32,2341.12,,,,
1316,07/10/2024 05:45:00,8.23,3678.72,,,,
1317,07/10/2024 06:00:00,8.23,3407.36,,,,
1318,07/10/2024 06:15:00,8.28,5208.32,,,,
1319,07/10/2024 06:30:00,8.06,4071.68,,,,
1320,07/10/2024 06:45:00,8.28,7357.44,,,,
1321,07/10/2024 07:00:00,8.23,6932.48,,,,
1322,07/10/2024 07:15:00,8.36,8990.72,,,,
1323,07/10/2024 07:30:00,8.49,10772.48,,,,
1324,07/10/2024 07:45:00,8.66,16532.48,,,,
1325,07/10/2024 08:00:00,9.39,17996.80,,,,
1326,07/10/2024 08:15:00,8.45,11704.32,,,,
1327,07/10/2024 08:30:00,9.26,15866.88,,,,
1328,07/10/2024 08:45:00,9.61,12907.52,,,,
1329,07/10/2024 09:00:00,10.12,19230.72,,,,
1330,07/10/2024 09:15:00,11.54,35061.76,,,,
1331,07/10/2024 09:30:00,10.21,23398.40,,,,
1332,07/10/2024 09:45:00,10.68,32696.32,,,,
1333,07/10/2024 10:00:00,10.94,35266.56,,,,
1334,07/10/2024 10:15:00,11.32,31979.52,,,,
1335,07/10/2024 10:30:00,10.64,30351.36,,,,
1336,07/10/2024 10:45:00,14.50,64573.44,,,,
1337,07/10/2024 11:00:00,14.45,40007.68,,,,
1338,07/10/2024 11:15:00,13.25,46202.88,,,,
1339,07/10/2024 11:30:00,14.54,53186.56,,,,
1340,07/10/2024 11:45:00,11.84,30976.00,,,,
1341,07/10/2024 12:00:00,12.01,37263.36,,,,
1342,07/10/2024 12:15:00,11.71,39987.20,,,,
1343,07/10/2024 12:30:00,10.12,25927.68,,,,
1344,07/10/2024 12:45:00,10.42,31395.84,,,,
1345,07/10/2024 13:00:00,9.99,32266.24,,,,
1346,07/10/2024 13:15:00,11.19,41625.60,,,,
1347,07/10/2024 13:30:00,13.30,58757.12,,,,
1348,07/10/2024 13:45:00,10.42,31488.00,,,,
1349,07/10/2024 14:00:00,9.99,39301.12,,,,
1350,07/10/2024 14:15:00,10.77,41492.48,,,,
1351,07/10/2024 14:30:00,10.42,36382.72,,,,
1352,07/10/2024 14:45:00,9.82,28180.48,,,,
1353,07/10/2024 15:00:00,11.41,41472.00,,,,
1354,07/10/2024 15:15:00,9.78,33085.44,,,,
1355,07/10/2024 15:30:00,8.88,30515.20,,,,
1356,07/10/2024 15:45:00,8.49,34232.32,,,,
1357,07/10/2024 16:00:00,7.50,26265.60,,,,
1358,07/10/2024 16:15:00,8.28,31057.92,,,,
1359,07/10/2024 16:30:00,7.76,25835.52,,,,
1360,07/10/2024 16:45:00,7.50,18129.92,,,,
1361,07/10/2024 17:00:00,7.68,20259.84,,,,
1362,07/10/2024 17:15:00,7.03,17326.08,,,,
1363,07/10/2024 17:30:00,7.33,18590.72,,,,
1364,07/10/2024 17:45:00,7.46,17894.40,,,,
1365,07/10/2024 18:00:00,6.99,16122.88,,,,
1366,07/10/2024 18:15:00,6.78,18360.32,,,,
1367,07/10/2024 18:30:00,6.82,15933.44,,,,
1368,07/10/2024 18:45:00,6.05,11591.68,,,,
1369,07/10/2024 19:00:00,6.35,12042.24,,,,
1370,07/10/2024 19:15:00,5.70,6192.64,,,,
1371,07/10/2024 19:30:00,5.40,5463.04,,,,
1372,07/10/2024 19:45:00,5.40,6528.00,,,,
1373,07/10/2024 20:00:00,5.53,6684.16,,,,
1374,07/10/2024 20:15:00,5.40,4815.36,,,,
1375,07/10/2024 20:30:00,4.97,2520.32,,,,
1376,07/10/2024 20:45:00,4.97,2721.28,,,,
1377,07/10/2024 21:00:00,4.80,1186.88,,,,
1378,07/10/2024 21:15:00,4.67,853.44,,,,
1379,07/10/2024 21:30:00,4.67,896.96,,,,
1380,07/10/2024 21:45:00,4.67,371.36,,,,
1381,07/10/2024 22:00:00,4.42,161.40,,,,
1382,07/10/2024 22:15:00,4.46,64.24,,,,
1383,07/10/2024 22:30:00,4.29,20.34,,,,
1384,07/10/2024 22:45:00,4.42,6.83,,,,
1385,07/10/2024 23:00:00,4.29,2.14,,,,
1386,07/10/2024 23:15:00,4.16,0.38,,,,
1387,07/10/2024 23:30:00,4.37,0.00,,,,
1388,07/10/2024 23:45:00,4.42,0.00,,,,
1389,07/11/2024 00:00:00,4.46,0.00,,,,
1390,07/11/2024 00:15:00,4.42,0.00,,,,
1391,07/11/2024 00:30:00,4.46,0.00,,,,
1392,07/11/2024 00:45:00,4.37,0.00,,,,
1393,07/11/2024 01:00:00,4.50,0.00,,,,
1394,07/11/2024 01:15:00,4.37,0.00,,,,
1395,07/11/2024 01:30:00,4.29,0.00,,,,
1396,07/11/2024 01:45:00,4.12,0.00,,,,
1397,07/11/2024 02:00:00,4.33,0.00,,,,
1398,07/11/2024 02:15:00,4.12,0.00,,,,
1399,07/11/2024 02:30:00,4.12,0.00,,,,
1400,07/11/2024 02:45:00,4.12,0.00,,,,
1401,07/11/2024 03:00:00,4.16,0.97,,,,
1402,07/11/2024 03:15:00,3.77,3.89,,,,
1403,07/11/2024 03:30:00,3.69,11.53,,,,
1404,07/11/2024 03:45:00,3.69,41.46,,,,
1405,07/11/2024 04:00:00,3.77,105.72,,,,
1406,07/11/2024 04:15:00,3.52,292.80,,,,
1407,07/11/2024 04:30:00,3.52,657.92,,,,
1408,07/11/2024 04:45:00,3.47,894.08,,,,
1409,07/11/2024 05:00:00,3.52,1156.48,,,,
1410,07/11/2024 05:15:00,3.77,2547.84,,,,
1411,07/11/2024 05:30:00,3.77,3061.76,,,,
1412,07/11/2024 05:45:00,4.12,4382.72,,,,
1413,07/11/2024 06:00:00,4.29,5509.12,,,,
1414,07/11/2024 06:15:00,4.63,6914.56,,,,
1415,07/11/2024 06:30:00,4.72,7505.92,,,,
1416,07/11/2024 06:45:00,5.06,8647.68,,,,
1417,07/11/2024 07:00:00,5.23,11212.80,,,,
1418,07/11/2024 07:15:00,5.36,12917.76,,,,
1419,07/11/2024 07:30:00,5.36,13486.08,,,,
1420,07/11/2024 07:45:00,5.36,13690.88,,,,
1421,07/11/2024 08:00:00,6.00,15953.92,,,,
1422,07/11/2024 08:15:00,6.26,18078.72,,,,
1423,07/11/2024 08:30:00,6.26,19077.12,,,,
1424,07/11/2024 08:45:00,6.56,21831.68,,,,
1425,07/11/2024 09:00:00,6.99,23255.04,,,,
1426,07/11/2024 09:15:00,7.12,25231.36,,,,
1427,07/11/2024 09:30:00,7.98,30156.80,,,,
1428,07/11/2024 09:45:00,10.34,36198.40,,,,
1429,07/11/2024 10:00:00,9.22,36218.88,,,,
1430,07/11/2024 10:15:00,9.26,40325.12,,,,
1431,07/11/2024 10:30:00,9.44,42414.08,,,,
1432,07/11/2024 10:45:00,9.74,37027.84,,,,
1433,07/11/2024 11:00:00,9.18,39413.76,,,,
1434,07/11/2024 11:15:00,13.04,38912.00,,,,
1435,07/11/2024 11:30:00,9.44,37457.92,,,,
1436,07/11/2024 11:45:00,11.41,48619.52,,,,
1437,07/11/2024 12:00:00,14.11,52797.44,,,,
1438,07/11/2024 12:15:00,14.58,54497.28,,,,
1439,07/11/2024 12:30:00,12.31,37191.68,,,,
1440,07/11/2024 12:45:00,9.26,39659.52,,,,
1441,07/11/2024 13:00:00,9.82,37304.32,,,,
1442,07/11/2024 13:15:00,10.85,48558.08,,,,
1443,07/11/2024 13:30:00,11.84,46448.64,,,,
1444,07/11/2024 13:45:00,9.35,37232.64,,,,
1445,07/11/2024 14:00:00,10.04,41216.00,,,,
1446,07/11/2024 14:15:00,12.10,47288.32,,,,
1447,07/11/2024 14:30:00,13.00,43294.72,,,,
1448,07/11/2024 14:45:00,12.44,35880.96,,,,
1449,07/11/2024 15:00:00,9.44,28641.28,,,,
1450,07/11/2024 15:15:00,11.11,40263.68,,,,
1451,07/11/2024 15:30:00,12.74,45506.56,,,,
1452,07/11/2024 15:45:00,11.07,31232.00,,,,
1453,07/11/2024 16:00:00,9.18,26173.44,,,,
1454,07/11/2024 16:15:00,8.96,27258.88,,,,
1455,07/11/2024 16:30:00,9.82,27484.16,,,,
1456,07/11/2024 16:45:00,7.76,14597.12,,,,
1457,07/11/2024 17:00:00,7.25,17766.40,,,,
1458,07/11/2024 17:15:00,8.36,24565.76,,,,
1459,07/11/2024 17:30:00,8.06,19486.72,,,,
1460,07/11/2024 17:45:00,9.14,22681.60,,,,
1461,07/11/2024 18:00:00,7.81,17295.36,,,,
1462,07/11/2024 18:15:00,7.63,20679.68,,,,
1463,07/11/2024 18:30:00,7.46,18109.44,,,,
1464,07/11/2024 18:45:00,6.35,10777.60,,,,
1465,07/11/2024 19:00:00,6.09,10746.88,,,,
1466,07/11/2024 19:15:00,5.96,10447.36,,,,
1467,07/11/2024 19:30:00,5.79,8696.32,,,,
1468,07/11/2024 19:45:00,5.96,9126.40,,,,
1469,07/11/2024 20:00:00,5.53,6840.32,,,,
1470,07/11/2024 20:15:00,5.27,4843.52,,,,
1471,07/11/2024 20:30:00,5.15,2965.76,,,,
1472,07/11/2024 20:45:00,5.02,2116.48,,,,
1473,07/11/2024 21:00:00,4.76,1641.60,,,,
1474,07/11/2024 21:15:00,4.93,1169.60,,,,
1475,07/11/2024 21:30:00,4.89,629.60,,,,
1476,07/11/2024 21:45:00,4.80,332.96,,,,
1477,07/11/2024 22:00:00,4.72,195.28,,,,
1478,07/11/2024 22:15:00,4.72,57.24,,,,
1479,07/11/2024 22:30:00,4.67,20.34,,,,
1480,07/11/2024 22:45:00,4.59,5.64,,,,
1481,07/11/2024 23:00:00,4.72,1.36,,,,
1482,07/11/2024 23:15:00,4.72,0.19,,,,
1483,07/11/2024 23:30:00,4.89,0.00,,,,
1484,07/11/2024 23:45:00,4.76,0.00,,,,
1485,07/12/2024 00:00:00,4.84,0.00,,,,
1486,07/12/2024 00:15:00,4.93,0.00,,,,
1487,07/12/2024 00:30:00,4.89,0.00,,,,
1488,07/12/2024 00:45:00,4.93,0.00,,,,
1489,07/12/2024 01:00:00,4.89,0.00,,,,
1490,07/12/2024 01:15:00,4.93,0.00,,,,
1491,07/12/2024 01:30:00,4.93,0.00,,,,
1492,07/12/2024 01:45:00,4.84,0.00,,,,
1493,07/12/2024 02:00:00,4.80,0.00,,,,
1494,07/12/2024 02:15:00,4.80,0.00,,,,
1495,07/12/2024 02:30:00,4.76,0.00,,,,
1496,07/12/2024 02:45:00,4.76,0.19,,,,
1497,07/12/2024 03:00:00,4.67,0.97,,,,
1498,07/12/2024 03:15:00,4.72,3.89,,,,
1499,07/12/2024 03:30:00,4.72,11.53,,,,
1500,07/12/2024 03:45:00,4.76,42.30,,,,
1501,07/12/2024 04:00:00,4.76,109.60,,,,
1502,07/12/2024 04:15:00,4.76,196.64,,,,
1503,07/12/2024 04:30:00,4.63,302.32,,,,
1504,07/12/2024 04:45:00,4.72,545.12,,,,
1505,07/12/2024 05:00:00,4.63,679.04,,,,
1506,07/12/2024 05:15:00,4.59,1242.88,,,,
1507,07/12/2024 05:30:00,4.72,2080.64,,,,
1508,07/12/2024 05:45:00,4.89,2194.56,,,,
1509,07/12/2024 06:00:00,5.06,3616.00,,,,
1510,07/12/2024 06:15:00,5.40,5952.00,,,,
1511,07/12/2024 06:30:00,5.40,6609.92,,,,
1512,07/12/2024 06:45:00,6.73,13844.48,,,,
1513,07/12/2024 07:00:00,5.96,10629.12,,,,
1514,07/12/2024 07:15:00,6.43,15022.08,,,,
1515,07/12/2024 07:30:00,6.65,14771.20,,,,
1516,07/12/2024 07:45:00,7.12,17326.08,,,,
1517,07/12/2024 08:00:00,7.03,16783.36,,,,
1518,07/12/2024 08:15:00,7.81,22384.64,,,,
1519,07/12/2024 08:30:00,7.98,22425.60,,,,
1520,07/12/2024 08:45:00,8.36,27095.04,,,,
1521,07/12/2024 09:00:00,8.28,25364.48,,,,
1522,07/12/2024 09:15:00,7.98,23623.68,,,,
1523,07/12/2024 09:30:00,8.28,24289.28,,,,
1524,07/12/2024 09:45:00,8.66,29552.64,,,,
1525,07/12/2024 10:00:00,8.92,31406.08,,,,
1526,07/12/2024 10:15:00,9.01,33413.12,,,,
1527,07/12/2024 10:30:00,10.38,38174.72,,,,
1528,07/12/2024 10:45:00,9.99,36372.48,,,,
1529,07/12/2024 11:00:00,9.35,36556.80,,,,
1530,07/12/2024 11:15:00,8.58,26961.92,,,,
1531,07/12/2024 11:30:00,8.32,25548.80,,,,
1532,07/12/2024 11:45:00,7.76,22456.32,,,,
1533,07/12/2024 12:00:00,8.11,24268.80,,,,
1534,07/12/2024 12:15:00,9.22,33873.92,,,,
1535,07/12/2024 12:30:00,9.99,37191.68,,,,
1536,07/12/2024 12:45:00,9.52,34672.64,,,,
1537,07/12/2024 13:00:00,9.99,40796.16,,,,
1538,07/12/2024 13:15:00,9.82,36403.20,,,,
1539,07/12/2024 13:30:00,10.46,42455.04,,,,
1540,07/12/2024 13:45:00,10.04,41267.20,,,,
1541,07/12/2024 14:00:00,9.48,34355.20,,,,
1542,07/12/2024 14:15:00,9.78,38000.64,,,,
1543,07/12/2024 14:30:00,10.16,38543.36,,,,
1544,07/12/2024 14:45:00,10.81,36823.04,,,,
1545,07/12/2024 15:00:00,10.21,38174.72,,,,
1546,07/12/2024 15:15:00,10.98,42188.80,,,,
1547,07/12/2024 15:30:00,10.34,34611.20,,,,
1548,07/12/2024 15:45:00,9.48,30115.84,,,,
1549,07/12/2024 16:00:00,9.56,30699.52,,,,
1550,07/12/2024 16:15:00,9.09,23070.72,,,,
1551,07/12/2024 16:30:00,8.62,20879.36,,,,
1552,07/12/2024 16:45:00,8.58,22528.00,,,,
1553,07/12/2024 17:00:00,8.49,20812.80,,,,
1554,07/12/2024 17:15:00,8.19,16870.40,,,,
1555,07/12/2024 17:30:00,8.32,19532.80,,,,
1556,07/12/2024 17:45:00,8.79,20229.12,,,,
1557,07/12/2024 17:54:55,,,Logged,,,
1558,07/12/2024 17:54:56,,,,Logged,,
1559,07/12/2024 17:55:06,,,,,Logged,
1560,07/12/2024 17:55:28,,,,,Logged,
1561,07/12/2024 18:00:00,6.69,13716.48,,,,
1562,07/12/2024 18:15:00,9.05,19225.60,,,,
1563,07/12/2024 18:30:00,8.06,11074.56,,,,
1564,07/12/2024 18:45:00,7.59,11842.56,,,,
1565,07/12/2024 19:00:00,7.93,13890.56,,,,
1566,07/12/2024 19:15:00,7.42,11530.24,,,,
1567,07/12/2024 19:30:00,7.76,11468.80,,,,
1568,07/12/2024 19:45:00,7.42,11238.40,,,,
1569,07/12/2024 20:00:00,7.25,12323.84,,,,
1570,07/12/2024 20:15:00,6.56,3747.84,,,,
1571,07/12/2024 20:30:00,6.26,3106.56,,,,
1572,07/12/2024 20:45:00,6.26,2364.16,,,,
1573,07/12/2024 21:00:00,6.30,1948.16,,,,
1574,07/12/2024 21:15:00,6.26,1399.04,,,,
1575,07/12/2024 21:30:00,5.92,819.20,,,,
1576,07/12/2024 21:45:00,5.87,413.44,,,,
1577,07/12/2024 22:00:00,5.53,198.96,,,,
1578,07/12/2024 22:15:00,5.45,75.92,,,,
1579,07/12/2024 22:30:00,5.45,20.78,,,,
1580,07/12/2024 22:45:00,5.53,6.44,,,,
1581,07/12/2024 23:00:00,5.40,1.55,,,,
1582,07/12/2024 23:15:00,5.45,0.38,,,,
1583,07/12/2024 23:30:00,5.40,0.00,,,,
1584,07/12/2024 23:45:00,5.36,0.00,,,,
1585,07/13/2024 00:00:00,5.40,0.00,,,,
1586,07/13/2024 00:15:00,5.40,0.00,,,,
1587,07/13/2024 00:30:00,5.19,0.00,,,,
1588,07/13/2024 00:45:00,5.32,0.00,,,,
1589,07/13/2024 01:00:00,5.15,0.00,,,,
1590,07/13/2024 01:15:00,5.15,0.00,,,,
1591,07/13/2024 01:30:00,5.19,0.00,,,,
1592,07/13/2024 01:45:00,5.15,0.00,,,,
1593,07/13/2024 02:00:00,5.19,0.00,,,,
1594,07/13/2024 02:15:00,5.15,0.00,,,,
1595,07/13/2024 02:30:00,5.15,0.00,,,,
1596,07/13/2024 02:45:00,5.19,0.58,,,,
1597,07/13/2024 03:00:00,5.23,1.55,,,,
1598,07/13/2024 03:15:00,5.23,4.28,,,,
1599,07/13/2024 03:30:00,5.15,12.70,,,,
1600,07/13/2024 03:45:00,5.15,46.58,,,,
1601,07/13/2024 04:00:00,5.02,117.48,,,,
1602,07/13/2024 04:15:00,4.93,255.44,,,,
1603,07/13/2024 04:30:00,4.93,555.68,,,,
1604,07/13/2024 04:45:00,5.23,1012.48,,,,
1605,07/13/2024 05:00:00,5.36,1187.52,,,,
1606,07/13/2024 05:15:00,5.49,2571.52,,,,
1607,07/13/2024 05:30:00,5.62,2803.20,,,,
1608,07/13/2024 05:45:00,5.62,3411.20,,,,
1609,07/13/2024 06:00:00,6.09,6566.40,,,,
1610,07/13/2024 06:15:00,6.17,7075.84,,,,
1611,07/13/2024 06:30:00,6.22,7649.28,,,,
1612,07/13/2024 06:45:00,5.96,7687.68,,,,
1613,07/13/2024 07:00:00,6.48,13332.48,,,,
1614,07/13/2024 07:15:00,7.25,18037.76,,,,
1615,07/13/2024 07:30:00,7.29,20239.36,,,,
1616,07/13/2024 07:45:00,7.33,19604.48,,,,
1617,07/13/2024 08:00:00,6.78,13987.84,,,,
1618,07/13/2024 08:15:00,7.20,20602.88,,,,
1619,07/13/2024 08:30:00,7.03,17397.76,,,,
1620,07/13/2024 08:45:00,7.85,24197.12,,,,
1621,07/13/2024 09:00:00,8.45,33720.32,,,,
1622,07/13/2024 09:15:00,8.15,29736.96,,,,
1623,07/13/2024 09:30:00,7.25,19281.92,,,,
1624,07/13/2024 09:45:00,7.12,18903.04,,,,
1625,07/13/2024 10:00:00,7.12,19368.96,,,,
1626,07/13/2024 10:15:00,6.73,15068.16,,,,
1627,07/13/2024 10:30:00,6.95,17541.12,,,,
1628,07/13/2024 10:45:00,7.42,17909.76,,,,
1629,07/13/2024 11:00:00,7.20,18851.84,,,,
1630,07/13/2024 11:15:00,7.72,22528.00,,,,
1631,07/13/2024 11:30:00,8.36,26275.84,,,,
1632,07/13/2024 11:45:00,7.76,25057.28,,,,
1633,07/13/2024 12:00:00,8.45,30402.56,,,,
1634,07/13/2024 12:15:00,8.06,24913.92,,,,
1635,07/13/2024 12:30:00,7.25,18380.80,,,,
1636,07/13/2024 12:45:00,7.20,18048.00,,,,
1637,07/13/2024 13:00:00,7.20,16358.40,,,,
1638,07/13/2024 13:15:00,7.33,19077.12,,,,
1639,07/13/2024 13:30:00,7.46,20019.20,,,,
1640,07/13/2024 13:45:00,7.29,18298.88,,,,
1641,07/13/2024 14:00:00,7.12,14540.80,,,,
1642,07/13/2024 14:15:00,7.20,16563.20,,,,
1643,07/13/2024 14:30:00,7.33,16721.92,,,,
1644,07/13/2024 14:45:00,7.55,19860.48,,,,
1645,07/13/2024 15:00:00,7.98,21729.28,,,,
1646,07/13/2024 15:15:00,7.93,23848.96,,,,
1647,07/13/2024 15:30:00,8.15,24576.00,,,,
1648,07/13/2024 15:45:00,8.49,25548.80,,,,
1649,07/13/2024 16:00:00,7.72,18150.40,,,,
1650,07/13/2024 16:15:00,7.72,18160.64,,,,
1651,07/13/2024 16:30:00,8.02,21606.40,,,,
1652,07/13/2024 16:45:00,8.83,26429.44,,,,
1653,07/13/2024 17:00:00,8.45,24135.68,,,,
1654,07/13/2024 17:15:00,8.19,20515.84,,,,
1655,07/13/2024 17:30:00,7.98,17863.68,,,,
1656,07/13/2024 17:45:00,8.06,18344.96,,,,
1657,07/13/2024 18:00:00,8.32,20008.96,,,,
1658,07/13/2024 18:15:00,8.19,18718.72,,,,
1659,07/13/2024 18:30:00,7.68,12062.72,,,,
1660,07/13/2024 18:45:00,7.46,10403.84,,,,
1661,07/13/2024 19:00:00,7.33,9717.76,,,,
1662,07/13/2024 19:15:00,7.29,7848.96,,,,
1663,07/13/2024 19:30:00,7.16,5516.80,,,,
1664,07/13/2024 19:45:00,7.03,4302.08,,,,
1665,07/13/2024 20:00:00,7.03,3846.40,,,,
1666,07/13/2024 20:15:00,7.03,2712.32,,,,
1667,07/13/2024 20:30:00,7.03,2308.48,,,,
1668,07/13/2024 20:45:00,6.99,1644.80,,,,
1669,07/13/2024 21:00:00,6.90,1016.96,,,,
1670,07/13/2024 21:15:00,6.95,508.48,,,,
1671,07/13/2024 21:30:00,6.99,257.60,,,,
1672,07/13/2024 21:45:00,6.95,121.40,,,,
1673,07/13/2024 22:00:00,7.03,78.36,,,,
1674,07/13/2024 22:15:00,7.08,22.29,,,,
1675,07/13/2024 22:30:00,7.16,5.25,,,,
1676,07/13/2024 22:45:00,7.12,1.94,,,,
1677,07/13/2024 23:00:00,7.16,0.38,,,,
1678,07/13/2024 23:15:00,7.16,0.00,,,,
1679,07/13/2024 23:30:00,7.20,0.00,,,,
1680,07/13/2024 23:45:00,7.25,0.00,,,,
1681,07/14/2024 00:00:00,7.25,0.00,,,,
1682,07/14/2024 00:15:00,7.33,0.00,,,,
1683,07/14/2024 00:30:00,7.38,0.00,,,,
1684,07/14/2024 00:45:00,7.33,0.00,,,,
1685,07/14/2024 01:00:00,7.46,0.00,,,,
1686,07/14/2024 01:15:00,7.33,0.00,,,,
1687,07/14/2024 01:30:00,7.38,0.00,,,,
1688,07/14/2024 01:45:00,7.38,0.00,,,,
1689,07/14/2024 02:00:00,7.46,0.00,,,,
1690,07/14/2024 02:15:00,7.38,0.00,,,,
1691,07/14/2024 02:30:00,7.42,0.00,,,,
1692,07/14/2024 02:45:00,7.33,0.00,,,,
1693,07/14/2024 03:00:00,7.38,0.00,,,,
1694,07/14/2024 03:15:00,7.33,1.16,,,,
1695,07/14/2024 03:30:00,7.33,4.50,,,,
1696,07/14/2024 03:45:00,7.42,18.40,,,,
1697,07/14/2024 04:00:00,7.46,52.80,,,,
1698,07/14/2024 04:15:00,7.42,123.72,,,,
1699,07/14/2024 04:30:00,7.38,252.88,,,,
1700,07/14/2024 04:45:00,7.46,406.56,,,,
1701,07/14/2024 05:00:00,7.46,771.20,,,,
1702,07/14/2024 05:15:00,7.50,1072.32,,,,
1703,07/14/2024 05:30:00,7.38,1273.28,,,,
1704,07/14/2024 05:45:00,7.63,1778.56,,,,
1705,07/14/2024 06:00:00,7.63,2495.36,,,,
1706,07/14/2024 06:15:00,7.85,5012.48,,,,
1707,07/14/2024 06:30:00,7.81,4560.64,,,,
1708,07/14/2024 06:45:00,7.72,3372.80,,,,
1709,07/14/2024 07:00:00,7.81,4111.36,,,,
1710,07/14/2024 07:15:00,7.98,6013.44,,,,
1711,07/14/2024 07:30:00,8.19,7518.72,,,,
1712,07/14/2024 07:45:00,8.11,6074.88,,,,
1713,07/14/2024 08:00:00,8.53,10247.68,,,,
1714,07/14/2024 08:15:00,8.32,8296.96,,,,
1715,07/14/2024 08:30:00,8.28,7943.68,,,,
1716,07/14/2024 08:45:00,8.32,9282.56,,,,
1717,07/14/2024 09:00:00,8.58,10311.68,,,,
1718,07/14/2024 09:15:00,8.49,8934.40,,,,
1719,07/14/2024 09:30:00,8.66,12226.56,,,,
1720,07/14/2024 09:45:00,9.05,16629.76,,,,
1721,07/14/2024 10:00:00,9.22,17638.40,,,,
1722,07/14/2024 10:15:00,9.22,19077.12,,,,
1723,07/14/2024 10:30:00,10.16,27176.96,,,,
1724,07/14/2024 10:45:00,9.78,22405.12,,,,
1725,07/14/2024 11:00:00,10.08,25190.40,,,,
1726,07/14/2024 11:15:00,10.08,24576.00,,,,
1727,07/14/2024 11:30:00,10.08,26163.20,,,,
1728,07/14/2024 11:45:00,10.08,24934.40,,,,
1729,07/14/2024 12:00:00,9.52,22394.88,,,,
1730,07/14/2024 12:15:00,10.77,36341.76,,,,
1731,07/14/2024 12:30:00,10.77,31692.80,,,,
1732,07/14/2024 12:45:00,10.85,35706.88,,,,
1733,07/14/2024 13:00:00,10.89,31969.28,,,,
1734,07/14/2024 13:15:00,10.85,33576.96,,,,
1735,07/14/2024 13:30:00,10.64,32051.20,,,,
1736,07/14/2024 13:45:00,10.89,30525.44,,,,
1737,07/14/2024 14:00:00,11.07,33218.56,,,,
1738,07/14/2024 14:15:00,10.72,29603.84,,,,
1739,07/14/2024 14:30:00,10.12,22446.08,,,,
1740,07/14/2024 14:45:00,10.55,26746.88,,,,
1741,07/14/2024 15:00:00,10.59,24094.72,,,,
1742,07/14/2024 15:15:00,10.21,20116.48,,,,
1743,07/14/2024 15:30:00,10.12,23767.04,,,,
1744,07/14/2024 15:45:00,10.64,30402.56,,,,
1745,07/14/2024 16:00:00,9.95,21063.68,,,,
1746,07/14/2024 16:15:00,9.91,19461.12,,,,
1747,07/14/2024 16:30:00,9.86,18887.68,,,,
1748,07/14/2024 16:45:00,9.35,15001.60,,,,
1749,07/14/2024 17:00:00,9.56,15872.00,,,,
1750,07/14/2024 17:15:00,9.44,14822.40,,,,
1751,07/14/2024 17:30:00,9.31,13337.60,,,,
1752,07/14/2024 17:45:00,9.61,16000.00,,,,
1753,07/14/2024 18:00:00,9.01,9507.84,,,,
1754,07/14/2024 18:15:00,8.79,8634.88,,,,
1755,07/14/2024 18:30:00,8.92,8578.56,,,,
1756,07/14/2024 18:45:00,8.75,7239.68,,,,
1757,07/14/2024 19:00:00,8.45,4800.00,,,,
1758,07/14/2024 19:15:00,8.41,4336.64,,,,
1759,07/14/2024 19:30:00,8.58,5521.92,,,,
1760,07/14/2024 19:45:00,8.58,3769.60,,,,
1761,07/14/2024 20:00:00,8.36,2647.04,,,,
1762,07/14/2024 20:15:00,8.23,2604.16,,,,
1763,07/14/2024 20:30:00,8.15,1968.64,,,,
1764,07/14/2024 20:45:00,8.15,1192.32,,,,
1765,07/14/2024 21:00:00,8.15,848.00,,,,
1766,07/14/2024 21:15:00,8.02,559.20,,,,
1767,07/14/2024 21:30:00,8.02,404.16,,,,
1768,07/14/2024 21:45:00,7.98,188.80,,,,
1769,07/14/2024 22:00:00,7.89,90.04,,,,
1770,07/14/2024 22:15:00,7.89,29.74,,,,
1771,07/14/2024 22:30:00,7.93,8.20,,,,
1772,07/14/2024 22:45:00,7.89,2.53,,,,
1773,07/14/2024 23:00:00,7.98,0.38,,,,
1774,07/14/2024 23:15:00,7.98,0.00,,,,
1775,07/14/2024 23:30:00,8.06,0.00,,,,
1776,07/14/2024 23:45:00,7.89,0.00,,,,
1777,07/15/2024 00:00:00,7.93,0.00,,,,
1778,07/15/2024 00:15:00,8.06,0.00,,,,
1779,07/15/2024 00:30:00,8.02,0.00,,,,
1780,07/15/2024 00:45:00,8.06,0.00,,,,
1781,07/15/2024 01:00:00,8.11,0.00,,,,
1782,07/15/2024 01:15:00,8.06,0.00,,,,
1783,07/15/2024 01:30:00,8.11,0.00,,,,
1784,07/15/2024 01:45:00,8.06,0.00,,,,
1785,07/15/2024 02:00:00,8.02,0.00,,,,
1786,07/15/2024 02:15:00,8.06,0.00,,,,
1787,07/15/2024 02:30:00,7.98,0.00,,,,
1788,07/15/2024 02:45:00,8.11,0.00,,,,
1789,07/15/2024 03:00:00,8.06,0.19,,,,
1790,07/15/2024 03:15:00,8.06,1.55,,,,
1791,07/15/2024 03:30:00,8.11,5.08,,,,
1792,07/15/2024 03:45:00,7.98,21.95,,,,
1793,07/15/2024 04:00:00,8.06,82.36,,,,
1794,07/15/2024 04:15:00,8.15,205.36,,,,
1795,07/15/2024 04:30:00,8.19,478.88,,,,
1796,07/15/2024 04:45:00,8.15,616.32,,,,
1797,07/15/2024 05:00:00,8.19,1000.00,,,,
1798,07/15/2024 05:15:00,8.23,1991.68,,,,
1799,07/15/2024 05:30:00,8.32,2085.76,,,,
1800,07/15/2024 05:45:00,8.28,1994.88,,,,
1801,07/15/2024 06:00:00,8.36,3088.64,,,,
1802,07/15/2024 06:15:00,8.49,3778.56,,,,
1803,07/15/2024 06:30:00,8.62,4968.96,,,,
1804,07/15/2024 06:45:00,8.88,6584.32,,,,
1805,07/15/2024 07:00:00,9.05,8092.16,,,,
1806,07/15/2024 07:15:00,9.22,11335.68,,,,
1807,07/15/2024 07:30:00,9.52,11607.04,,,,
1808,07/15/2024 07:45:00,9.95,16133.12,,,,
1809,07/15/2024 08:00:00,9.78,14535.68,,,,
1810,07/15/2024 08:15:00,10.08,17254.40,,,,
1811,07/15/2024 08:30:00,10.55,21094.40,,,,
1812,07/15/2024 08:45:00,10.68,21483.52,,,,
1813,07/15/2024 09:00:00,10.46,19302.40,,,,
1814,07/15/2024 09:15:00,10.55,22456.32,,,,
1815,07/15/2024 09:30:00,10.64,20075.52,,,,
1816,07/15/2024 09:45:00,10.98,25743.36,,,,
1817,07/15/2024 10:00:00,10.68,20715.52,,,,
1818,07/15/2024 10:15:00,10.77,23511.04,,,,
1819,07/15/2024 10:30:00,10.51,20628.48,,,,
1820,07/15/2024 10:45:00,10.89,23562.24,,,,
1821,07/15/2024 11:00:00,10.98,26572.80,,,,
1822,07/15/2024 11:15:00,11.45,33290.24,,,,
1823,07/15/2024 11:30:00,11.15,29849.60,,,,
1824,07/15/2024 11:45:00,11.62,33792.00,,,,
1825,07/15/2024 12:00:00,11.92,31836.16,,,,
1826,07/15/2024 12:15:00,11.32,28702.72,,,,
1827,07/15/2024 12:30:00,11.11,29952.00,,,,
1828,07/15/2024 12:45:00,11.49,33505.28,,,,
1829,07/15/2024 13:00:00,11.58,32481.28,,,,
1830,07/15/2024 13:15:00,11.41,30597.12,,,,
1831,07/15/2024 13:30:00,11.28,28436.48,,,,
1832,07/15/2024 13:45:00,11.32,29327.36,,,,
1833,07/15/2024 14:00:00,11.37,26449.92,,,,
1834,07/15/2024 14:15:00,10.94,24094.72,,,,
1835,07/15/2024 14:30:00,10.89,24125.44,,,,
1836,07/15/2024 14:45:00,10.85,20449.28,,,,
1837,07/15/2024 15:00:00,10.55,20725.76,,,,
1838,07/15/2024 15:15:00,11.19,28661.76,,,,
1839,07/15/2024 15:30:00,10.46,17034.24,,,,
1840,07/15/2024 15:45:00,10.42,14489.60,,,,
1841,07/15/2024 16:00:00,10.21,14223.36,,,,
1842,07/15/2024 16:15:00,10.21,14684.16,,,,
1843,07/15/2024 16:30:00,10.08,13224.96,,,,
1844,07/15/2024 16:45:00,10.59,19102.72,,,,
1845,07/15/2024 17:00:00,10.59,21483.52,,,,
1846,07/15/2024 17:15:00,9.99,13767.68,,,,
1847,07/15/2024 17:30:00,9.95,14141.44,,,,
1848,07/15/2024 17:45:00,10.98,27688.96,,,,
1849,07/15/2024 18:00:00,10.77,19578.88,,,,
1850,07/15/2024 18:15:00,9.61,12528.64,,,,
1851,07/15/2024 18:30:00,9.78,12421.12,,,,
1852,07/15/2024 18:45:00,9.52,10037.76,,,,
1853,07/15/2024 19:00:00,9.39,11694.08,,,,
1854,07/15/2024 19:15:00,9.44,12139.52,,,,
1855,07/15/2024 19:30:00,9.05,8261.12,,,,
1856,07/15/2024 19:45:00,8.79,5854.72,,,,
1857,07/15/2024 20:00:00,8.71,6484.48,,,,
1858,07/15/2024 20:15:00,8.53,5465.60,,,,
1859,07/15/2024 20:30:00,8.28,3264.00,,,,
1860,07/15/2024 20:45:00,7.98,1788.16,,,,
1861,07/15/2024 21:00:00,8.02,1163.52,,,,
1862,07/15/2024 21:15:00,7.89,740.16,,,,
1863,07/15/2024 21:30:00,7.85,447.36,,,,
1864,07/15/2024 21:45:00,7.81,247.60,,,,
1865,07/15/2024 22:00:00,7.76,114.36,,,,
1866,07/15/2024 22:15:00,7.72,51.30,,,,
1867,07/15/2024 22:30:00,7.68,16.06,,,,
1868,07/15/2024 22:45:00,7.68,3.69,,,,
1869,07/15/2024 23:00:00,7.72,0.77,,,,
1870,07/15/2024 23:15:00,7.72,0.19,,,,
1871,07/15/2024 23:30:00,7.50,0.00,,,,
1872,07/15/2024 23:45:00,7.72,0.00,,,,
1873,07/16/2024 00:00:00,7.50,0.00,,,,
1874,07/16/2024 00:15:00,7.59,0.00,,,,
1875,07/16/2024 00:30:00,7.29,0.00,,,,
1876,07/16/2024 00:45:00,7.50,0.00,,,,
1877,07/16/2024 01:00:00,7.63,0.00,,,,
1878,07/16/2024 01:15:00,7.55,0.00,,,,
1879,07/16/2024 01:30:00,7.50,0.00,,,,
1880,07/16/2024 01:45:00,7.50,0.00,,,,
1881,07/16/2024 02:00:00,7.50,0.00,,,,
1882,07/16/2024 02:15:00,7.55,0.00,,,,
1883,07/16/2024 02:30:00,7.68,0.00,,,,
1884,07/16/2024 02:45:00,7.55,0.00,,,,
1885,07/16/2024 03:00:00,7.72,0.00,,,,
1886,07/16/2024 03:15:00,7.63,0.77,,,,
1887,07/16/2024 03:30:00,7.59,4.69,,,,
1888,07/16/2024 03:45:00,7.50,19.56,,,,
1889,07/16/2024 04:00:00,7.50,103.36,,,,
1890,07/16/2024 04:15:00,7.50,147.96,,,,
1891,07/16/2024 04:30:00,7.33,449.76,,,,
1892,07/16/2024 04:45:00,7.38,1053.76,,,,
1893,07/16/2024 05:00:00,7.38,1349.76,,,,
1894,07/16/2024 05:15:00,7.38,2367.36,,,,
1895,07/16/2024 05:30:00,7.38,3470.08,,,,
1896,07/16/2024 05:45:00,7.50,4002.56,,,,
1897,07/16/2024 06:00:00,7.55,6138.88,,,,
1898,07/16/2024 06:15:00,7.68,7718.40,,,,
1899,07/16/2024 06:30:00,7.81,9052.16,,,,
1900,07/16/2024 06:45:00,8.66,19118.08,,,,
1901,07/16/2024 07:00:00,8.32,9369.60,,,,
1902,07/16/2024 07:15:00,8.71,17254.40,,,,
1903,07/16/2024 07:30:00,9.09,17812.48,,,,
1904,07/16/2024 07:45:00,9.56,19368.96,,,,
1905,07/16/2024 08:00:00,8.41,13455.36,,,,
1906,07/16/2024 08:15:00,8.23,15052.80,,,,
1907,07/16/2024 08:30:00,8.45,17320.96,,,,
1908,07/16/2024 08:45:00,10.04,31918.08,,,,
1909,07/16/2024 09:00:00,10.59,30586.88,,,,
1910,07/16/2024 09:15:00,10.08,28928.00,,,,
1911,07/16/2024 09:30:00,9.61,21739.52,,,,
1912,07/16/2024 09:45:00,9.95,27648.00,,,,
1913,07/16/2024 10:00:00,9.99,28098.56,,,,
1914,07/16/2024 10:15:00,9.99,27545.60,,,,
1915,07/16/2024 10:30:00,11.11,35389.44,,,,
1916,07/16/2024 10:45:00,12.01,49827.84,,,,
1917,07/16/2024 11:00:00,14.20,50073.60,,,,
1918,07/16/2024 11:15:00,14.84,62648.32,,,,
1919,07/16/2024 11:30:00,13.34,45731.84,,,,
1920,07/16/2024 11:45:00,12.40,34826.24,,,,
1921,07/16/2024 12:00:00,15.91,52060.16,,,,
1922,07/16/2024 12:15:00,15.61,61419.52,,,,
1923,07/16/2024 12:30:00,20.16,72663.04,,,,
1924,07/16/2024 12:45:00,14.07,49664.00,,,,
1925,07/16/2024 13:00:00,13.85,55889.92,,,,
1926,07/16/2024 13:15:00,17.37,55214.08,,,,
1927,07/16/2024 13:30:00,16.90,49254.40,,,,
1928,07/16/2024 13:45:00,16.90,53616.64,,,,
1929,07/16/2024 14:00:00,17.16,52981.76,,,,
1930,07/16/2024 14:15:00,23.03,95232.00,,,,
1931,07/16/2024 14:30:00,17.59,48250.88,,,,
1932,07/16/2024 14:45:00,15.44,41840.64,,,,
1933,07/16/2024 15:00:00,15.01,52244.48,,,,
1934,07/16/2024 15:15:00,18.36,56586.24,,,,
1935,07/16/2024 15:30:00,13.47,33464.32,,,,
1936,07/16/2024 15:45:00,14.03,31027.20,,,,
1937,07/16/2024 16:00:00,12.91,29614.08,,,,
1938,07/16/2024 16:15:00,12.70,29655.04,,,,
1939,07/16/2024 16:30:00,12.10,24442.88,,,,
1940,07/16/2024 16:45:00,10.98,18257.92,,,,
1941,07/16/2024 17:00:00,11.54,25702.40,,,,
1942,07/16/2024 17:15:00,13.30,34375.68,,,,
1943,07/16/2024 17:30:00,13.17,27432.96,,,,
1944,07/16/2024 17:45:00,11.07,18104.32,,,,
1945,07/16/2024 18:00:00,10.12,13916.16,,,,
1946,07/16/2024 18:15:00,9.18,11402.24,,,,
1947,07/16/2024 18:30:00,9.35,12508.16,,,,
1948,07/16/2024 18:45:00,9.86,14371.84,,,,
1949,07/16/2024 19:00:00,8.45,9607.68,,,,
1950,07/16/2024 19:15:00,8.06,6714.88,,,,
1951,07/16/2024 19:30:00,7.50,5557.76,,,,
1952,07/16/2024 19:45:00,7.29,3996.16,,,,
1953,07/16/2024 20:00:00,7.08,2406.40,,,,
1954,07/16/2024 20:15:00,7.12,2658.56,,,,
1955,07/16/2024 20:30:00,7.16,3224.32,,,,
1956,07/16/2024 20:45:00,6.73,2423.68,,,,
1957,07/16/2024 21:00:00,6.17,1591.68,,,,
1958,07/16/2024 21:15:00,5.83,965.76,,,,
1959,07/16/2024 21:30:00,5.32,530.40,,,,
1960,07/16/2024 21:45:00,4.80,164.56,,,,
1961,07/16/2024 22:00:00,4.63,86.92,,,,
1962,07/16/2024 22:15:00,5.53,30.95,,,,
1963,07/16/2024 22:30:00,5.53,8.78,,,,
1964,07/16/2024 22:45:00,4.93,2.72,,,,
1965,07/16/2024 23:00:00,4.93,0.58,,,,
1966,07/16/2024 23:15:00,4.63,0.00,,,,
1967,07/16/2024 23:30:00,4.80,0.00,,,,
1968,07/16/2024 23:45:00,4.63,0.00,,,,
1969,07/17/2024 00:00:00,4.59,0.00,,,,
1970,07/17/2024 00:15:00,5.10,0.00,,,,
1971,07/17/2024 00:30:00,4.20,0.00,,,,
1972,07/17/2024 00:45:00,4.29,0.00,,,,
1973,07/17/2024 01:00:00,4.84,0.00,,,,
1974,07/17/2024 01:15:00,4.63,0.00,,,,
1975,07/17/2024 01:30:00,4.50,0.00,,,,
1976,07/17/2024 01:45:00,4.93,0.00,,,,
1977,07/17/2024 02:00:00,5.27,0.00,,,,
1978,07/17/2024 02:15:00,5.40,0.00,,,,
1979,07/17/2024 02:30:00,5.19,0.00,,,,
1980,07/17/2024 02:45:00,4.97,0.00,,,,
1981,07/17/2024 03:00:00,5.53,0.00,,,,
1982,07/17/2024 03:15:00,6.13,0.77,,,,
1983,07/17/2024 03:30:00,6.48,4.08,,,,
1984,07/17/2024 03:45:00,6.00,10.95,,,,
1985,07/17/2024 04:00:00,5.92,36.02,,,,
1986,07/17/2024 04:15:00,5.92,111.96,,,,
1987,07/17/2024 04:30:00,7.03,255.44,,,,
1988,07/17/2024 04:45:00,7.81,485.60,,,,
1989,07/17/2024 05:00:00,7.85,750.40,,,,
1990,07/17/2024 05:15:00,8.02,1516.16,,,,
1991,07/17/2024 05:30:00,8.28,1502.08,,,,
1992,07/17/2024 05:45:00,7.98,3569.92,,,,
1993,07/17/2024 06:00:00,8.41,2690.56,,,,
1994,07/17/2024 06:15:00,8.58,2334.72,,,,
1995,07/17/2024 06:30:00,8.41,3111.68,,,,
1996,07/17/2024 06:45:00,8.66,4432.64,,,,
1997,07/17/2024 07:00:00,8.92,5619.20,,,,
1998,07/17/2024 07:15:00,8.92,4956.16,,,,
1999,07/17/2024 07:30:00,9.22,4732.16,,,,
2000,07/17/2024 07:45:00,9.31,5532.16,,,,
2001,07/17/2024 08:00:00,9.69,6471.68,,,,
2002,07/17/2024 08:15:00,9.78,6858.24,,,,
2003,07/17/2024 08:30:00,9.82,10721.28,,,,
2004,07/17/2024 08:45:00,9.91,12436.48,,,,
2005,07/17/2024 09:00:00,10.38,15257.60,,,,
2006,07/17/2024 09:15:00,10.55,14899.20,,,,
2007,07/17/2024 09:30:00,10.38,13731.84,,,,
2008,07/17/2024 09:45:00,10.59,15718.40,,,,
2009,07/17/2024 10:00:00,11.11,19046.40,,,,
2010,07/17/2024 10:15:00,11.28,21893.12,,,,
2011,07/17/2024 10:30:00,10.89,18385.92,,,,
2012,07/17/2024 10:45:00,11.32,17643.52,,,,
2013,07/17/2024 11:00:00,10.98,15431.68,,,,
2014,07/17/2024 11:15:00,11.11,19481.60,,,,
2015,07/17/2024 11:30:00,11.54,22026.24,,,,
2016,07/17/2024 11:45:00,11.41,24965.12,,,,
2017,07/17/2024 12:00:00,11.92,26920.96,,,,
2018,07/17/2024 12:15:00,11.15,19650.56,,,,
2019,07/17/2024 12:30:00,11.15,20659.20,,,,
2020,07/17/2024 12:45:00,11.28,21329.92,,,,
2021,07/17/2024 13:00:00,10.85,18124.80,,,,
2022,07/17/2024 13:15:00,11.11,19799.04,,,,
2023,07/17/2024 13:30:00,11.19,22497.28,,,,
2024,07/17/2024 13:45:00,11.07,21555.20,,,,
2025,07/17/2024 14:00:00,11.24,25077.76,,,,
2026,07/17/2024 14:15:00,10.77,17377.28,,,,
2027,07/17/2024 14:30:00,10.21,16962.56,,,,
2028,07/17/2024 14:45:00,11.07,25487.36,,,,
2029,07/17/2024 15:00:00,10.98,24463.36,,,,
2030,07/17/2024 15:15:00,11.41,23930.88,,,,
2031,07/17/2024 15:30:00,11.49,24852.48,,,,
2032,07/17/2024 15:45:00,10.85,23521.28,,,,
2033,07/17/2024 16:00:00,11.11,22200.32,,,,
2034,07/17/2024 16:15:00,11.24,21176.32,,,,
2035,07/17/2024 16:30:00,11.15,20695.04,,,,
2036,07/17/2024 16:45:00,11.11,19333.12,,,,
2037,07/17/2024 17:00:00,10.34,18560.00,,,,
2038,07/17/2024 17:15:00,11.41,23582.72,,,,
2039,07/17/2024 17:30:00,11.67,17664.00,,,,
2040,07/17/2024 17:45:00,10.59,15989.76,,,,
2041,07/17/2024 18:00:00,9.99,14976.00,,,,
2042,07/17/2024 18:15:00,10.16,16343.04,,,,
2043,07/17/2024 18:30:00,10.46,19532.80,,,,
2044,07/17/2024 18:45:00,10.42,17669.12,,,,
2045,07/17/2024 19:00:00,10.94,18401.28,,,,
2046,07/17/2024 19:15:00,10.12,12236.80,,,,
2047,07/17/2024 19:30:00,9.05,10086.40,,,,
2048,07/17/2024 19:45:00,9.09,11279.36,,,,
2049,07/17/2024 20:00:00,8.96,12282.88,,,,
2050,07/17/2024 20:15:00,8.58,9761.28,,,,
2051,07/17/2024 20:30:00,8.53,7457.28,,,,
2052,07/17/2024 20:45:00,8.41,6223.36,,,,
2053,07/17/2024 21:00:00,7.98,4684.80,,,,
2054,07/17/2024 21:15:00,7.38,2999.04,,,,
2055,07/17/2024 21:30:00,6.90,1843.84,,,,
2056,07/17/2024 21:45:00,6.65,594.56,,,,
2057,07/17/2024 22:00:00,5.40,175.60,,,,
2058,07/17/2024 22:15:00,5.40,68.92,,,,
2059,07/17/2024 22:30:00,4.97,18.40,,,,
2060,07/17/2024 22:45:00,5.06,5.45,,,,
2061,07/17/2024 23:00:00,5.02,1.36,,,,
2062,07/17/2024 23:15:00,4.67,0.38,,,,
2063,07/17/2024 23:30:00,3.34,0.00,,,,
2064,07/17/2024 23:45:00,3.43,0.00,,,,
2065,07/18/2024 00:00:00,3.17,0.00,,,,
2066,07/18/2024 00:15:00,3.47,0.00,,,,
2067,07/18/2024 00:30:00,2.57,0.00,,,,
2068,07/18/2024 00:45:00,3.21,0.00,,,,
2069,07/18/2024 01:00:00,3.52,0.00,,,,
2070,07/18/2024 01:15:00,2.14,0.00,,,,
2071,07/18/2024 01:30:00,2.27,0.00,,,,
2072,07/18/2024 01:45:00,2.61,0.00,,,,
2073,07/18/2024 02:00:00,2.06,0.00,,,,
2074,07/18/2024 02:15:00,1.50,0.00,,,,
2075,07/18/2024 02:30:00,1.97,0.00,,,,
2076,07/18/2024 02:45:00,1.76,0.00,,,,
2077,07/18/2024 03:00:00,1.58,0.58,,,,
2078,07/18/2024 03:15:00,2.14,2.53,,,,
2079,07/18/2024 03:30:00,1.80,9.17,,,,
2080,07/18/2024 03:45:00,1.67,33.24,,,,
2081,07/18/2024 04:00:00,1.46,117.48,,,,
2082,07/18/2024 04:15:00,2.66,334.40,,,,
2083,07/18/2024 04:30:00,1.93,711.68,,,,
2084,07/18/2024 04:45:00,2.06,1223.36,,,,
2085,07/18/2024 05:00:00,1.84,1975.04,,,,
2086,07/18/2024 05:15:00,2.19,2887.68,,,,
2087,07/18/2024 05:30:00,3.17,4021.76,,,,
2088,07/18/2024 05:45:00,6.13,11632.64,,,,
2089,07/18/2024 06:00:00,8.28,14489.60,,,,
2090,07/18/2024 06:15:00,9.18,17792.00,,,,
2091,07/18/2024 06:30:00,10.94,21340.16,,,,
2092,07/18/2024 06:45:00,13.04,25016.32,,,,
2093,07/18/2024 07:00:00,13.51,28907.52,,,,
2094,07/18/2024 07:15:00,13.17,33720.32,,,,
2095,07/18/2024 07:30:00,16.81,38154.24,,,,
2096,07/18/2024 07:45:00,17.24,43110.40,,,,
2097,07/18/2024 08:00:00,20.63,49520.64,,,,
2098,07/18/2024 08:15:00,18.96,57630.72,,,,
2099,07/18/2024 08:30:00,19.56,63815.68,,,,
2100,07/18/2024 08:45:00,20.98,67051.52,,,,
2101,07/18/2024 09:00:00,21.66,68198.40,,,,
2102,07/18/2024 09:15:00,21.28,68648.96,,,,
2103,07/18/2024 09:30:00,22.18,67973.12,,,,
2104,07/18/2024 09:45:00,23.55,69672.96,,,,
2105,07/18/2024 10:00:00,25.31,71352.32,,,,
2106,07/18/2024 10:15:00,27.32,73236.48,,,,
2107,07/18/2024 10:30:00,25.69,75100.16,,,,
2108,07/18/2024 10:45:00,28.83,76779.52,,,,
2109,07/18/2024 11:00:00,24.41,77824.00,,,,
2110,07/18/2024 11:15:00,25.69,106496.00,,,,
2111,07/18/2024 11:30:00,27.58,117268.48,,,,
2112,07/18/2024 11:45:00,25.87,59801.60,,,,
2113,07/18/2024 12:00:00,32.52,104325.12,,,,
2114,07/18/2024 12:15:00,30.07,114032.64,,,,
2115,07/18/2024 12:30:00,28.14,59904.00,,,,
2116,07/18/2024 12:45:00,23.51,57098.24,,,,
2117,07/18/2024 13:00:00,23.55,62771.20,,,,
2118,07/18/2024 13:15:00,22.95,55459.84,,,,
2119,07/18/2024 13:30:00,23.64,53657.60,,,,
2120,07/18/2024 13:45:00,21.75,57569.28,,,,
2121,07/18/2024 14:00:00,24.71,58552.32,,,,
2122,07/18/2024 14:15:00,21.75,45608.96,,,,
2123,07/18/2024 14:30:00,24.88,55398.40,,,,
2124,07/18/2024 14:45:00,27.02,100065.28,,,,
2125,07/18/2024 15:00:00,23.42,82329.60,,,,
2126,07/18/2024 15:15:00,23.25,58306.56,,,,
2127,07/18/2024 15:30:00,16.43,36966.40,,,,
2128,07/18/2024 15:45:00,16.13,39649.28,,,,
2129,07/18/2024 16:00:00,20.03,58163.20,,,,
2130,07/18/2024 16:15:00,17.89,36014.08,,,,
2131,07/18/2024 16:30:00,19.82,41390.08,,,,
2132,07/18/2024 16:45:00,20.12,49582.08,,,,
2133,07/18/2024 17:00:00,17.80,34416.64,,,,
2134,07/18/2024 17:15:00,17.29,33576.96,,,,
2135,07/18/2024 17:30:00,16.56,29931.52,,,,
2136,07/18/2024 17:45:00,16.00,28129.28,,,,
2137,07/18/2024 18:00:00,17.84,28037.12,,,,
2138,07/18/2024 18:15:00,19.73,35911.68,,,,
2139,07/18/2024 18:30:00,19.26,34426.88,,,,
2140,07/18/2024 18:45:00,12.44,11607.04,,,,
2141,07/18/2024 19:00:00,12.65,18544.64,,,,
2142,07/18/2024 19:15:00,11.92,14438.40,,,,
2143,07/18/2024 19:30:00,9.78,10731.52,,,,
2144,07/18/2024 19:45:00,9.56,9264.64,,,,
2145,07/18/2024 20:00:00,9.18,9100.80,,,,
2146,07/18/2024 20:15:00,8.75,5578.24,,,,
2147,07/18/2024 20:30:00,8.11,2910.72,,,,
2148,07/18/2024 20:45:00,7.42,2062.08,,,,
2149,07/18/2024 21:00:00,6.82,1058.24,,,,
2150,07/18/2024 21:15:00,8.58,704.64,,,,
2151,07/18/2024 21:30:00,8.58,591.04,,,,
2152,07/18/2024 21:45:00,8.06,334.40,,,,
2153,07/18/2024 22:00:00,7.98,130.84,,,,
2154,07/18/2024 22:15:00,7.55,38.79,,,,
2155,07/18/2024 22:30:00,8.53,10.75,,,,
2156,07/18/2024 22:45:00,8.49,1.94,,,,
2157,07/18/2024 23:00:00,8.19,0.19,,,,
2158,07/18/2024 23:15:00,8.41,0.00,,,,
2159,07/18/2024 23:30:00,7.98,0.00,,,,
2160,07/18/2024 23:45:00,6.90,0.00,,,,
2161,07/19/2024 00:00:00,8.96,0.00,,,,
2162,07/19/2024 00:15:00,9.22,0.00,,,,
2163,07/19/2024 00:30:00,9.48,0.00,,,,
2164,07/19/2024 00:45:00,9.86,0.00,,,,
2165,07/19/2024 01:00:00,9.26,0.00,,,,
2166,07/19/2024 01:15:00,8.75,0.00,,,,
2167,07/19/2024 01:30:00,8.71,0.00,,,,
2168,07/19/2024 01:45:00,9.31,0.00,,,,
2169,07/19/2024 02:00:00,8.19,0.00,,,,
2170,07/19/2024 02:15:00,8.83,0.00,,,,
2171,07/19/2024 02:30:00,9.22,0.00,,,,
2172,07/19/2024 02:45:00,8.75,0.00,,,,
2173,07/19/2024 03:00:00,8.53,0.19,,,,
2174,07/19/2024 03:15:00,8.66,1.16,,,,
2175,07/19/2024 03:30:00,8.79,4.30,,,,
2176,07/19/2024 03:45:00,8.45,15.28,,,,
2177,07/19/2024 04:00:00,8.62,51.30,,,,
2178,07/19/2024 04:15:00,7.46,151.28,,,,
2179,07/19/2024 04:30:00,7.98,239.68,,,,
2180,07/19/2024 04:45:00,8.23,294.56,,,,
2181,07/19/2024 05:00:00,7.72,550.56,,,,
2182,07/19/2024 05:15:00,8.41,1351.68,,,,
2183,07/19/2024 05:30:00,8.45,3170.56,,,,
2184,07/19/2024 05:45:00,7.46,2664.96,,,,
2185,07/19/2024 06:00:00,8.49,5108.48,,,,
2186,07/19/2024 06:15:00,8.66,2657.28,,,,
2187,07/19/2024 06:30:00,8.83,3417.60,,,,
2188,07/19/2024 06:45:00,8.83,3498.24,,,,
2189,07/19/2024 07:00:00,8.23,4046.08,,,,
2190,07/19/2024 07:15:00,8.96,6156.80,,,,
2191,07/19/2024 07:30:00,9.48,12595.20,,,,
2192,07/19/2024 07:45:00,10.16,18083.84,,,,
2193,07/19/2024 08:00:00,9.61,12011.52,,,,
2194,07/19/2024 08:15:00,10.21,15426.56,,,,
2195,07/19/2024 08:30:00,10.08,18467.84,,,,
2196,07/19/2024 08:45:00,9.74,12308.48,,,,
2197,07/19/2024 09:00:00,9.74,10849.28,,,,
2198,07/19/2024 09:15:00,11.28,20608.00,,,,
2199,07/19/2024 09:30:00,11.92,20398.08,,,,
2200,07/19/2024 09:45:00,13.25,26204.16,,,,
2201,07/19/2024 10:00:00,12.18,17510.40,,,,
2202,07/19/2024 10:15:00,13.12,22026.24,,,,
2203,07/19/2024 10:30:00,12.65,17960.96,,,,
2204,07/19/2024 10:45:00,12.40,21012.48,,,,
2205,07/19/2024 11:00:00,13.64,27801.60,,,,
2206,07/19/2024 11:15:00,15.18,35461.12,,,,
2207,07/19/2024 11:30:00,15.01,33280.00,,,,
2208,07/19/2024 11:45:00,15.91,38113.28,,,,
2209,07/19/2024 12:00:00,15.96,39157.76,,,,
2210,07/19/2024 12:15:00,14.93,22650.88,,,,
2211,07/19/2024 12:30:00,12.57,20029.44,,,,
2212,07/19/2024 12:45:00,14.75,30914.56,,,,
2213,07/19/2024 13:00:00,14.97,40017.92,,,,
2214,07/19/2024 13:15:00,16.08,39720.96,,,,
2215,07/19/2024 13:30:00,17.29,55275.52,,,,
2216,07/19/2024 13:45:00,15.83,35993.60,,,,
2217,07/19/2024 14:00:00,15.10,23152.64,,,,
2218,07/19/2024 14:15:00,13.25,18017.28,,,,
2219,07/19/2024 14:30:00,12.22,12211.20,,,,
2220,07/19/2024 14:45:00,13.21,28334.08,,,,
2221,07/19/2024 15:00:00,12.35,17868.80,,,,
2222,07/19/2024 15:15:00,13.64,26306.56,,,,
2223,07/19/2024 15:30:00,13.43,19737.60,,,,
2224,07/19/2024 15:45:00,12.10,14161.92,,,,
2225,07/19/2024 16:00:00,11.79,13854.72,,,,
2226,07/19/2024 16:15:00,12.10,12963.84,,,,
2227,07/19/2024 16:30:00,11.84,11950.08,,,,
2228,07/19/2024 16:45:00,12.14,15482.88,,,,
2229,07/19/2024 17:00:00,13.60,23808.00,,,,
2230,07/19/2024 17:15:00,11.75,12528.64,,,,
2231,07/19/2024 17:30:00,13.47,20433.92,,,,
2232,07/19/2024 17:45:00,13.17,15754.24,,,,
2233,07/19/2024 18:00:00,12.40,14371.84,,,,
2234,07/19/2024 18:15:00,12.18,14689.28,,,,
2235,07/19/2024 18:30:00,12.82,15528.96,,,,
2236,07/19/2024 18:45:00,12.27,13660.16,,,,
2237,07/19/2024 19:00:00,11.92,8990.72,,,,
2238,07/19/2024 19:15:00,11.92,8317.44,,,,
2239,07/19/2024 19:30:00,11.37,4576.00,,,,
2240,07/19/2024 19:45:00,10.68,2588.80,,,,
2241,07/19/2024 20:00:00,10.42,1543.68,,,,
2242,07/19/2024 20:15:00,10.08,2320.64,,,,
2243,07/19/2024 20:30:00,9.91,2245.76,,,,
2244,07/19/2024 20:45:00,9.86,2281.60,,,,
2245,07/19/2024 21:00:00,9.86,1630.72,,,,
2246,07/19/2024 21:15:00,9.82,714.56,,,,
2247,07/19/2024 21:30:00,9.82,412.00,,,,
2248,07/19/2024 21:45:00,9.86,150.28,,,,
2249,07/19/2024 22:00:00,9.78,78.36,,,,
2250,07/19/2024 22:15:00,9.82,15.67,,,,
2251,07/19/2024 22:30:00,9.78,4.28,,,,
2252,07/19/2024 22:45:00,9.48,1.55,,,,
2253,07/19/2024 23:00:00,7.81,0.38,,,,
2254,07/19/2024 23:15:00,6.69,0.00,,,,
2255,07/19/2024 23:30:00,7.81,0.00,,,,
2256,07/19/2024 23:45:00,8.11,0.00,,,,
2257,07/20/2024 00:00:00,7.72,0.00,,,,
2258,07/20/2024 00:15:00,8.32,0.00,,,,
2259,07/20/2024 00:30:00,7.38,0.00,,,,
2260,07/20/2024 00:45:00,7.76,0.00,,,,
2261,07/20/2024 01:00:00,8.11,0.00,,,,
2262,07/20/2024 01:15:00,8.06,0.00,,,,
2263,07/20/2024 01:30:00,8.11,0.00,,,,
2264,07/20/2024 01:45:00,7.46,0.00,,,,
2265,07/20/2024 02:00:00,7.89,0.00,,,,
2266,07/20/2024 02:15:00,9.01,0.00,,,,
2267,07/20/2024 02:30:00,9.35,0.00,,,,
2268,07/20/2024 02:45:00,9.26,0.00,,,,
2269,07/20/2024 03:00:00,9.05,0.19,,,,
2270,07/20/2024 03:15:00,9.05,0.97,,,,
2271,07/20/2024 03:30:00,9.01,3.89,,,,
2272,07/20/2024 03:45:00,9.05,12.70,,,,
2273,07/20/2024 04:00:00,8.92,59.58,,,,
2274,07/20/2024 04:15:00,9.05,162.96,,,,
2275,07/20/2024 04:30:00,9.18,415.84,,,,
2276,07/20/2024 04:45:00,8.83,1009.28,,,,
2277,07/20/2024 05:00:00,8.96,1502.72,,,,
2278,07/20/2024 05:15:00,9.14,2581.12,,,,
2279,07/20/2024 05:30:00,9.01,3648.00,,,,
2280,07/20/2024 05:45:00,9.52,5491.20,,,,
2281,07/20/2024 06:00:00,9.35,8122.88,,,,
2282,07/20/2024 06:15:00,10.25,9425.92,,,,
2283,07/20/2024 06:30:00,10.34,9899.52,,,,
2284,07/20/2024 06:45:00,10.89,12098.56,,,,
2285,07/20/2024 07:00:00,10.77,12912.64,,,,
2286,07/20/2024 07:15:00,11.67,15452.16,,,,
2287,07/20/2024 07:30:00,11.49,12933.12,,,,
2288,07/20/2024 07:45:00,11.62,15365.12,,,,
2289,07/20/2024 08:00:00,11.67,15385.60,,,,
2290,07/20/2024 08:15:00,12.10,24750.08,,,,
2291,07/20/2024 08:30:00,12.57,20039.68,,,,
2292,07/20/2024 08:45:00,13.73,39700.48,,,,
2293,07/20/2024 09:00:00,14.97,48783.36,,,,
2294,07/20/2024 09:15:00,15.18,34488.32,,,,
2295,07/20/2024 09:30:00,14.20,36444.16,,,,
2296,07/20/2024 09:45:00,14.63,32286.72,,,,
2297,07/20/2024 10:00:00,14.07,28928.00,,,,
2298,07/20/2024 10:15:00,14.33,31610.88,,,,
2299,07/20/2024 10:30:00,16.30,31733.76,,,,
2300,07/20/2024 10:45:00,14.93,42045.44,,,,
2301,07/20/2024 11:00:00,14.03,30300.16,,,,
2302,07/20/2024 11:15:00,14.07,31426.56,,,,
2303,07/20/2024 11:30:00,15.06,31856.64,,,,
2304,07/20/2024 11:45:00,14.84,35676.16,,,,
2305,07/20/2024 12:00:00,14.41,34508.80,,,,
2306,07/20/2024 12:15:00,16.13,37693.44,,,,
2307,07/20/2024 12:30:00,16.99,45158.40,,,,
2308,07/20/2024 12:45:00,22.22,78970.88,,,,
2309,07/20/2024 13:00:00,23.94,67051.52,,,,
2310,07/20/2024 13:15:00,23.38,49602.56,,,,
2311,07/20/2024 13:30:00,22.13,40652.80,,,,
2312,07/20/2024 13:45:00,25.91,100515.84,,,,
2313,07/20/2024 14:00:00,31.23,81735.68,,,,
2314,07/20/2024 14:15:00,30.37,84951.04,,,,
2315,07/20/2024 14:30:00,27.07,64962.56,,,,
2316,07/20/2024 14:45:00,32.17,41216.00,,,,
2317,07/20/2024 15:00:00,27.63,70451.20,,,,
2318,07/20/2024 15:15:00,21.15,25282.56,,,,
2319,07/20/2024 15:30:00,28.44,75141.12,,,,
2320,07/20/2024 15:45:00,29.43,71147.52,,,,
2321,07/20/2024 16:00:00,27.24,74301.44,,,,
2322,07/20/2024 16:15:00,26.90,44134.40,,,,
2323,07/20/2024 16:30:00,29.86,65044.48,,,,
2324,07/20/2024 16:45:00,27.93,23664.64,,,,
2325,07/20/2024 17:00:00,18.36,20971.52,,,,
2326,07/20/2024 17:15:00,22.95,37580.80,,,,
2327,07/20/2024 17:30:00,26.34,52121.60,,,,
2328,07/20/2024 17:45:00,24.41,16486.40,,,,
2329,07/20/2024 18:00:00,20.76,35942.40,,,,
2330,07/20/2024 18:15:00,13.68,12707.84,,,,
2331,07/20/2024 18:30:00,19.52,35287.04,,,,
2332,07/20/2024 18:45:00,21.96,30689.28,,,,
2333,07/20/2024 19:00:00,21.83,31488.00,,,,
2334,07/20/2024 19:15:00,19.52,24596.48,,,,
2335,07/20/2024 19:30:00,13.60,12907.52,,,,
2336,07/20/2024 19:45:00,11.45,11243.52,,,,
2337,07/20/2024 20:00:00,9.31,6279.68,,,,
2338,07/20/2024 20:15:00,8.45,5931.52,,,,
2339,07/20/2024 20:30:00,8.45,4423.68,,,,
2340,07/20/2024 20:45:00,8.19,3379.20,,,,
2341,07/20/2024 21:00:00,8.62,2506.24,,,,
2342,07/20/2024 21:15:00,8.02,1524.48,,,,
2343,07/20/2024 21:30:00,7.81,758.08,,,,
2344,07/20/2024 21:45:00,8.02,336.00,,,,
2345,07/20/2024 22:00:00,7.81,122.96,,,,
2346,07/20/2024 22:15:00,7.50,32.90,,,,
2347,07/20/2024 22:30:00,8.53,8.20,,,,
2348,07/20/2024 22:45:00,8.62,2.14,,,,
2349,07/20/2024 23:00:00,8.36,0.38,,,,
2350,07/20/2024 23:15:00,7.98,0.19,,,,
2351,07/20/2024 23:30:00,7.76,0.19,,,,
2352,07/20/2024 23:45:00,8.83,0.00,,,,
2353,07/21/2024 00:00:00,8.45,0.00,,,,
2354,07/21/2024 00:15:00,8.75,0.00,,,,
2355,07/21/2024 00:30:00,8.36,0.00,,,,
2356,07/21/2024 00:45:00,7.76,0.00,,,,
2357,07/21/2024 01:00:00,7.98,0.00,,,,
2358,07/21/2024 01:15:00,8.83,0.00,,,,
2359,07/21/2024 01:30:00,9.05,0.00,,,,
2360,07/21/2024 01:45:00,8.88,0.00,,,,
2361,07/21/2024 02:00:00,9.01,0.00,,,,
2362,07/21/2024 02:15:00,9.05,0.00,,,,
2363,07/21/2024 02:30:00,8.28,0.00,,,,
2364,07/21/2024 02:45:00,8.15,0.00,,,,
2365,07/21/2024 03:00:00,7.89,0.19,,,,
2366,07/21/2024 03:15:00,9.52,1.36,,,,
2367,07/21/2024 03:30:00,9.99,5.47,,,,
2368,07/21/2024 03:45:00,9.91,20.73,,,,
2369,07/21/2024 04:00:00,9.52,83.04,,,,
2370,07/21/2024 04:15:00,9.09,274.24,,,,
2371,07/21/2024 04:30:00,9.56,691.84,,,,
2372,07/21/2024 04:45:00,9.56,1564.16,,,,
2373,07/21/2024 05:00:00,9.91,3127.04,,,,
2374,07/21/2024 05:15:00,11.02,5652.48,,,,
2375,07/21/2024 05:30:00,11.11,7352.32,,,,
2376,07/21/2024 05:45:00,12.01,10342.40,,,,
2377,07/21/2024 06:00:00,12.87,13573.12,,,,
2378,07/21/2024 06:15:00,13.30,17295.36,,,,
2379,07/21/2024 06:30:00,14.58,21043.20,,,,
2380,07/21/2024 06:45:00,15.14,24883.20,,,,
2381,07/21/2024 07:00:00,17.41,28948.48,,,,
2382,07/21/2024 07:15:00,17.72,32727.04,,,,
2383,07/21/2024 07:30:00,18.92,36741.12,,,,
2384,07/21/2024 07:45:00,19.86,41328.64,,,,
2385,07/21/2024 08:00:00,20.46,46960.64,,,,
2386,07/21/2024 08:15:00,21.96,54763.52,,,,
2387,07/21/2024 08:30:00,22.65,62812.16,,,,
2388,07/21/2024 08:45:00,23.76,63795.20,,,,
2389,07/21/2024 09:00:00,24.36,66887.68,,,,
2390,07/21/2024 09:15:00,24.28,68648.96,,,,
2391,07/21/2024 09:30:00,25.82,70103.04,,,,
2392,07/21/2024 09:45:00,26.64,70594.56,,,,
2393,07/21/2024 10:00:00,31.06,70696.96,,,,
2394,07/21/2024 10:15:00,31.40,70963.20,,,,
2395,07/21/2024 10:30:00,33.89,72519.68,,,,
2396,07/21/2024 10:45:00,34.45,74526.72,,,,
2397,07/21/2024 11:00:00,33.89,65658.88,,,,
2398,07/21/2024 11:15:00,33.63,62504.96,,,,
2399,07/21/2024 11:30:00,38.86,88227.84,,,,
2400,07/21/2024 11:45:00,33.33,66068.48,,,,
2401,07/21/2024 12:00:00,37.62,84008.96,,,,
2402,07/21/2024 12:15:00,36.38,92569.60,,,,
2403,07/21/2024 12:30:00,33.42,103260.16,,,,
2404,07/21/2024 12:45:00,27.75,57733.12,,,,
2405,07/21/2024 13:00:00,30.80,98140.16,,,,
2406,07/21/2024 13:15:00,30.63,34713.60,,,,
2407,07/21/2024 13:30:00,38.35,91996.16,,,,
2408,07/21/2024 13:45:00,36.81,93102.08,,,,
2409,07/21/2024 14:00:00,35.00,92979.20,,,,
2410,07/21/2024 14:15:00,32.26,72622.08,,,,
2411,07/21/2024 14:30:00,26.94,69652.48,,,,
2412,07/21/2024 14:45:00,25.01,71823.36,,,,
2413,07/21/2024 15:00:00,25.01,57958.40,,,,
2414,07/21/2024 15:15:00,22.61,49008.64,,,,
2415,07/21/2024 15:30:00,19.13,34140.16,,,,
2416,07/21/2024 15:45:00,22.09,42127.36,,,,
2417,07/21/2024 16:00:00,22.18,46817.28,,,,
2418,07/21/2024 16:15:00,19.22,31856.64,,,,
2419,07/21/2024 16:30:00,16.60,23879.68,,,,
2420,07/21/2024 16:45:00,15.70,29696.00,,,,
2421,07/21/2024 17:00:00,15.44,20741.12,,,,
2422,07/21/2024 17:15:00,15.53,30484.48,,,,
2423,07/21/2024 17:30:00,15.57,26910.72,,,,
2424,07/21/2024 17:45:00,14.24,24709.12,,,,
2425,07/21/2024 18:00:00,14.88,26388.48,,,,
2426,07/21/2024 18:15:00,13.12,16056.32,,,,
2427,07/21/2024 18:30:00,11.92,7344.64,,,,
2428,07/21/2024 18:45:00,12.27,15298.56,,,,
2429,07/21/2024 19:00:00,12.70,13189.12,,,,
2430,07/21/2024 19:15:00,12.40,10490.88,,,,
2431,07/21/2024 19:30:00,11.84,7119.36,,,,
2432,07/21/2024 19:45:00,11.45,7818.24,,,,
2433,07/21/2024 20:00:00,11.24,6179.84,,,,
2434,07/21/2024 20:15:00,10.85,3317.76,,,,
2435,07/21/2024 20:30:00,10.42,3018.24,,,,
2436,07/21/2024 20:45:00,10.34,2369.28,,,,
2437,07/21/2024 21:00:00,9.52,1700.48,,,,
2438,07/21/2024 21:15:00,8.71,851.84,,,,
2439,07/21/2024 21:30:00,8.79,345.28,,,,
2440,07/21/2024 21:45:00,7.50,127.60,,,,
2441,07/21/2024 22:00:00,8.19,61.14,,,,
2442,07/21/2024 22:15:00,8.88,19.95,,,,
2443,07/21/2024 22:30:00,9.14,3.91,,,,
2444,07/21/2024 22:45:00,8.62,0.97,,,,
2445,07/21/2024 23:00:00,8.32,0.00,,,,
2446,07/21/2024 23:15:00,9.14,0.00,,,,
2447,07/21/2024 23:30:00,9.09,0.00,,,,
2448,07/21/2024 23:45:00,9.18,0.00,,,,
2449,07/22/2024 00:00:00,8.96,0.00,,,,
2450,07/22/2024 00:15:00,9.05,0.00,,,,
2451,07/22/2024 00:30:00,8.79,0.00,,,,
2452,07/22/2024 00:45:00,8.53,0.00,,,,
2453,07/22/2024 01:00:00,8.28,0.00,,,,
2454,07/22/2024 01:15:00,8.19,0.00,,,,
2455,07/22/2024 01:30:00,7.55,0.00,,,,
2456,07/22/2024 01:45:00,7.68,0.00,,,,
2457,07/22/2024 02:00:00,5.92,0.00,,,,
2458,07/22/2024 02:15:00,5.70,0.00,,,,
2459,07/22/2024 02:30:00,6.30,0.00,,,,
2460,07/22/2024 02:45:00,5.02,0.00,,,,
2461,07/22/2024 03:00:00,4.42,0.00,,,,
2462,07/22/2024 03:15:00,6.00,0.58,,,,
2463,07/22/2024 03:30:00,6.00,4.08,,,,
2464,07/22/2024 03:45:00,6.30,13.67,,,,
2465,07/22/2024 04:00:00,6.52,43.46,,,,
2466,07/22/2024 04:15:00,6.56,141.72,,,,
2467,07/22/2024 04:30:00,5.79,314.24,,,,
2468,07/22/2024 04:45:00,5.70,651.04,,,,
2469,07/22/2024 05:00:00,6.52,1195.52,,,,
2470,07/22/2024 05:15:00,6.43,1490.56,,,,
2471,07/22/2024 05:30:00,6.95,1572.48,,,,
2472,07/22/2024 05:45:00,6.60,2015.36,,,,
2473,07/22/2024 06:00:00,6.65,2616.96,,,,
2474,07/22/2024 06:15:00,6.48,3329.28,,,,
2475,07/22/2024 06:30:00,6.26,4467.20,,,,
2476,07/22/2024 06:45:00,6.65,6261.76,,,,
2477,07/22/2024 07:00:00,6.90,7869.44,,,,
2478,07/22/2024 07:15:00,8.36,11673.60,,,,
2479,07/22/2024 07:30:00,9.39,14924.80,,,,
2480,07/22/2024 07:45:00,11.49,19732.48,,,,
2481,07/22/2024 08:00:00,12.01,20746.24,,,,
2482,07/22/2024 08:15:00,13.90,30085.12,,,,
2483,07/22/2024 08:30:00,16.86,28303.36,,,,
2484,07/22/2024 08:45:00,16.64,33116.16,,,,
2485,07/22/2024 09:00:00,22.43,66191.36,,,,
2486,07/22/2024 09:15:00,23.64,42639.36,,,,
2487,07/22/2024 09:30:00,24.88,51630.08,,,,
2488,07/22/2024 09:45:00,25.05,53268.48,,,,
2489,07/22/2024 10:00:00,20.89,43335.68,,,,
2490,07/22/2024 10:15:00,19.82,44359.68,,,,
2491,07/22/2024 10:30:00,24.54,61358.08,,,,
2492,07/22/2024 10:45:00,24.41,44359.68,,,,
2493,07/22/2024 11:00:00,21.96,56832.00,,,,
2494,07/22/2024 11:15:00,30.28,107929.60,,,,
2495,07/22/2024 11:30:00,34.92,70615.04,,,,
2496,07/22/2024 11:45:00,33.97,81141.76,,,,
2497,07/22/2024 12:00:00,29.94,55869.44,,,,
2498,07/22/2024 12:15:00,33.33,41400.32,,,,
2499,07/22/2024 12:30:00,28.78,80650.24,,,,
2500,07/22/2024 12:45:00,33.03,62976.00,,,,
2501,07/22/2024 13:00:00,36.12,68730.88,,,,
2502,07/22/2024 13:15:00,36.21,70000.64,,,,
2503,07/22/2024 13:30:00,32.86,71311.36,,,,
2504,07/22/2024 13:45:00,31.27,59125.76,,,,
2505,07/22/2024 14:00:00,36.85,98836.48,,,,
2506,07/22/2024 14:15:00,32.90,71823.36,,,,
2507,07/22/2024 14:30:00,30.80,69693.44,,,,
2508,07/22/2024 14:45:00,27.11,72540.16,,,,
2509,07/22/2024 15:00:00,31.06,71352.32,,,,
2510,07/22/2024 15:15:00,21.49,57323.52,,,,
2511,07/22/2024 15:30:00,18.92,34959.36,,,,
2512,07/22/2024 15:45:00,20.63,37928.96,,,,
2513,07/22/2024 16:00:00,17.54,36618.24,,,,
2514,07/22/2024 16:15:00,13.38,24965.12,,,,
2515,07/22/2024 16:30:00,13.08,25026.56,,,,
2516,07/22/2024 16:45:00,13.98,29255.68,,,,
2517,07/22/2024 17:00:00,13.30,32542.72,,,,
2518,07/22/2024 17:15:00,12.05,15237.12,,,,
2519,07/22/2024 17:30:00,12.01,25712.64,,,,
2520,07/22/2024 17:45:00,11.15,20285.44,,,,
2521,07/22/2024 18:00:00,11.79,20556.80,,,,
2522,07/22/2024 18:15:00,12.74,25600.00,,,,
2523,07/22/2024 18:30:00,11.92,25057.28,,,,
2524,07/22/2024 18:45:00,10.94,12912.64,,,,
2525,07/22/2024 19:00:00,10.46,11950.08,,,,
2526,07/22/2024 19:15:00,8.62,8156.16,,,,
2527,07/22/2024 19:30:00,9.56,11504.64,,,,
2528,07/22/2024 19:45:00,8.83,7308.80,,,,
2529,07/22/2024 20:00:00,8.06,5639.68,,,,
2530,07/22/2024 20:15:00,7.59,3809.28,,,,
2531,07/22/2024 20:30:00,7.12,2294.40,,,,
2532,07/22/2024 20:45:00,6.30,1808.00,,,,
2533,07/22/2024 21:00:00,7.25,1456.00,,,,
2534,07/22/2024 21:15:00,6.90,593.76,,,,
2535,07/22/2024 21:30:00,7.38,349.60,,,,
2536,07/22/2024 21:45:00,7.42,154.48,,,,
2537,07/22/2024 22:00:00,6.95,38.79,,,,
2538,07/22/2024 22:15:00,7.20,8.59,,,,
2539,07/22/2024 22:30:00,7.20,2.33,,,,
2540,07/22/2024 22:45:00,7.08,0.19,,,,
2541,07/22/2024 23:00:00,6.99,0.00,,,,
2542,07/22/2024 23:15:00,7.08,0.00,,,,
2543,07/22/2024 23:30:00,6.99,0.00,,,,
2544,07/22/2024 23:45:00,6.86,0.00,,,,
2545,07/23/2024 00:00:00,6.78,0.00,,,,
2546,07/23/2024 00:15:00,7.03,0.00,,,,
2547,07/23/2024 00:30:00,6.95,0.00,,,,
2548,07/23/2024 00:45:00,7.08,0.00,,,,
2549,07/23/2024 01:00:00,6.78,0.00,,,,
2550,07/23/2024 01:15:00,7.20,0.00,,,,
2551,07/23/2024 01:30:00,7.16,0.00,,,,
2552,07/23/2024 01:45:00,7.03,0.00,,,,
2553,07/23/2024 02:00:00,7.12,0.00,,,,
2554,07/23/2024 02:15:00,6.90,0.00,,,,
2555,07/23/2024 02:30:00,7.08,0.00,,,,
2556,07/23/2024 02:45:00,6.99,0.00,,,,
2557,07/23/2024 03:00:00,6.90,0.00,,,,
2558,07/23/2024 03:15:00,6.86,0.00,,,,
2559,07/23/2024 03:30:00,6.78,0.19,,,,
2560,07/23/2024 03:45:00,6.65,1.55,,,,
2561,07/23/2024 04:00:00,6.65,7.22,,,,
2562,07/23/2024 04:15:00,6.60,25.06,,,,
2563,07/23/2024 04:30:00,6.48,65.02,,,,
2564,07/23/2024 04:45:00,6.39,110.40,,,,
2565,07/23/2024 05:00:00,6.35,227.76,,,,
2566,07/23/2024 05:15:00,6.39,473.12,,,,
2567,07/23/2024 05:30:00,6.39,673.60,,,,
2568,07/23/2024 05:45:00,6.43,1077.76,,,,
2569,07/23/2024 06:00:00,6.35,1292.80,,,,
2570,07/23/2024 06:15:00,6.39,2453.12,,,,
2571,07/23/2024 06:30:00,6.39,2874.88,,,,
2572,07/23/2024 06:45:00,6.39,3242.24,,,,
2573,07/23/2024 07:00:00,6.73,5496.32,,,,
2574,07/23/2024 07:15:00,6.73,5271.04,,,,
2575,07/23/2024 07:30:00,6.78,7232.00,,,,
2576,07/23/2024 07:45:00,6.90,8378.88,,,,
2577,07/23/2024 08:00:00,6.90,8261.12,,,,
2578,07/23/2024 08:15:00,6.82,8248.32,,,,
2579,07/23/2024 08:30:00,7.16,12108.80,,,,
2580,07/23/2024 08:45:00,7.50,14080.00,,,,
2581,07/23/2024 09:00:00,7.76,14791.68,,,,
2582,07/23/2024 09:15:00,7.55,14423.04,,,,
2583,07/23/2024 09:30:00,7.42,13598.72,,,,
2584,07/23/2024 09:45:00,7.72,16844.80,,,,
2585,07/23/2024 10:00:00,7.76,15544.32,,,,
2586,07/23/2024 10:15:00,7.38,14755.84,,,,
2587,07/23/2024 10:30:00,7.59,15912.96,,,,
2588,07/23/2024 10:45:00,7.29,12887.04,,,,
2589,07/23/2024 11:00:00,7.55,12774.40,,,,
2590,07/23/2024 11:15:00,7.59,17249.28,,,,
2591,07/23/2024 11:30:00,8.45,26112.00,,,,
2592,07/23/2024 11:45:00,9.05,27432.96,,,,
2593,07/23/2024 12:00:00,9.56,32952.32,,,,
2594,07/23/2024 12:15:00,9.48,30392.32,,,,
2595,07/23/2024 12:30:00,9.39,31498.24,,,,
2596,07/23/2024 12:45:00,9.39,29306.88,,,,
2597,07/23/2024 13:00:00,10.08,35860.48,,,,
2598,07/23/2024 13:15:00,9.82,30330.88,,,,
2599,07/23/2024 13:30:00,10.51,36884.48,,,,
2600,07/23/2024 13:45:00,9.44,28047.36,,,,
2601,07/23/2024 14:00:00,8.88,23879.68,,,,
2602,07/23/2024 14:15:00,9.26,25180.16,,,,
2603,07/23/2024 14:30:00,8.75,25620.48,,,,
2604,07/23/2024 14:45:00,8.23,20285.44,,,,
2605,07/23/2024 15:00:00,8.19,22640.64,,,,
2606,07/23/2024 15:15:00,7.85,19112.96,,,,
2607,07/23/2024 15:30:00,8.36,23132.16,,,,
2608,07/23/2024 15:45:00,8.28,21432.32,,,,
2609,07/23/2024 16:00:00,7.85,22876.16,,,,
2610,07/23/2024 16:15:00,8.32,23726.08,,,,
2611,07/23/2024 16:30:00,8.75,25221.12,,,,
2612,07/23/2024 16:45:00,7.81,17817.60,,,,
2613,07/23/2024 17:00:00,7.46,14202.88,,,,
2614,07/23/2024 17:15:00,6.73,9512.96,,,,
2615,07/23/2024 17:30:00,6.69,9738.24,,,,
2616,07/23/2024 17:45:00,6.52,9157.12,,,,
2617,07/23/2024 18:00:00,6.22,7662.08,,,,
2618,07/23/2024 18:15:00,6.09,6553.60,,,,
2619,07/23/2024 18:30:00,6.26,8517.12,,,,
2620,07/23/2024 18:45:00,6.35,8360.96,,,,
2621,07/23/2024 19:00:00,5.92,4875.52,,,,
2622,07/23/2024 19:15:00,5.92,5870.08,,,,
2623,07/23/2024 19:30:00,5.79,4358.40,,,,
2624,07/23/2024 19:45:00,5.75,4326.40,,,,
2625,07/23/2024 20:00:00,5.62,2854.40,,,,
2626,07/23/2024 20:15:00,5.45,2814.72,,,,
2627,07/23/2024 20:30:00,5.40,2328.32,,,,
2628,07/23/2024 20:45:00,5.32,1402.88,,,,
2629,07/23/2024 21:00:00,5.15,715.52,,,,
2630,07/23/2024 21:15:00,4.97,278.00,,,,
2631,07/23/2024 21:30:00,4.93,135.52,,,,
2632,07/23/2024 21:45:00,4.93,83.80,,,,
2633,07/23/2024 22:00:00,4.93,31.30,,,,
2634,07/23/2024 22:15:00,4.89,6.44,,,,
2635,07/23/2024 22:30:00,4.97,1.36,,,,
2636,07/23/2024 22:45:00,4.72,0.19,,,,
2637,07/23/2024 23:00:00,4.76,0.00,,,,
2638,07/23/2024 23:15:00,4.84,0.00,,,,
2639,07/23/2024 23:30:00,4.84,0.00,,,,
2640,07/23/2024 23:45:00,4.76,0.00,,,,
2641,07/24/2024 00:00:00,4.37,0.00,,,,
2642,07/24/2024 00:15:00,4.54,0.00,,,,
2643,07/24/2024 00:30:00,4.72,0.00,,,,
2644,07/24/2024 00:45:00,4.72,0.00,,,,
2645,07/24/2024 01:00:00,4.80,0.00,,,,
2646,07/24/2024 01:15:00,4.46,0.00,,,,
2647,07/24/2024 01:30:00,4.29,0.00,,,,
2648,07/24/2024 01:45:00,4.50,0.00,,,,
2649,07/24/2024 02:00:00,4.24,0.00,,,,
2650,07/24/2024 02:15:00,4.54,0.00,,,,
2651,07/24/2024 02:30:00,4.67,0.00,,,,
2652,07/24/2024 02:45:00,4.07,0.00,,,,
2653,07/24/2024 03:00:00,4.16,0.00,,,,
2654,07/24/2024 03:15:00,4.67,0.00,,,,
2655,07/24/2024 03:30:00,3.90,0.00,,,,
2656,07/24/2024 03:45:00,4.37,1.75,,,,
2657,07/24/2024 04:00:00,4.33,8.00,,,,
2658,07/24/2024 04:15:00,3.86,31.68,,,,
2659,07/24/2024 04:30:00,4.54,98.28,,,,
2660,07/24/2024 04:45:00,4.63,414.24,,,,
2661,07/24/2024 05:00:00,4.63,840.96,,,,
2662,07/24/2024 05:15:00,3.99,790.40,,,,
2663,07/24/2024 05:30:00,4.33,760.32,,,,
2664,07/24/2024 05:45:00,4.33,1045.76,,,,
2665,07/24/2024 06:00:00,4.16,1256.96,,,,
2666,07/24/2024 06:15:00,4.72,1186.88,,,,
2667,07/24/2024 06:30:00,5.32,3850.24,,,,
2668,07/24/2024 06:45:00,8.92,13854.72,,,,
2669,07/24/2024 07:00:00,8.32,16670.72,,,,
2670,07/24/2024 07:15:00,9.65,18370.56,,,,
2671,07/24/2024 07:30:00,9.05,21381.12,,,,
2672,07/24/2024 07:45:00,11.24,21104.64,,,,
2673,07/24/2024 08:00:00,12.27,30453.76,,,,
2674,07/24/2024 08:15:00,11.02,26501.12,,,,
2675,07/24/2024 08:30:00,9.74,21770.24,,,,
2676,07/24/2024 08:45:00,11.28,28354.56,,,,
2677,07/24/2024 09:00:00,13.73,34211.84,,,,
2678,07/24/2024 09:15:00,15.61,48660.48,,,,
2679,07/24/2024 09:30:00,18.87,43048.96,,,,
2680,07/24/2024 09:45:00,20.42,60702.72,,,,
2681,07/24/2024 10:00:00,23.12,53125.12,,,,
2682,07/24/2024 10:15:00,24.41,64737.28,,,,
2683,07/24/2024 10:30:00,20.93,59105.28,,,,
2684,07/24/2024 10:45:00,21.58,63815.68,,,,
2685,07/24/2024 11:00:00,24.11,71843.84,,,,
2686,07/24/2024 11:15:00,22.43,51855.36,,,,
2687,07/24/2024 11:30:00,18.40,42577.92,,,,
2688,07/24/2024 11:45:00,17.29,56360.96,,,,
2689,07/24/2024 12:00:00,17.67,56074.24,,,,
2690,07/24/2024 12:15:00,20.89,51712.00,,,,
2691,07/24/2024 12:30:00,17.80,41031.68,,,,
2692,07/24/2024 12:45:00,14.88,41011.20,,,,
2693,07/24/2024 13:00:00,13.38,34713.60,,,,
2694,07/24/2024 13:15:00,14.45,33392.64,,,,
2695,07/24/2024 13:30:00,13.68,34928.64,,,,
2696,07/24/2024 13:45:00,11.97,36024.32,,,,
2697,07/24/2024 14:00:00,11.71,32604.16,,,,
2698,07/24/2024 14:15:00,8.96,19906.56,,,,
2699,07/24/2024 14:30:00,7.25,11422.72,,,,
2700,07/24/2024 14:45:00,8.62,17290.24,,,,
2701,07/24/2024 15:00:00,8.96,15959.04,,,,
2702,07/24/2024 15:15:00,6.90,6341.12,,,,
2703,07/24/2024 15:30:00,7.85,9881.60,,,,
2704,07/24/2024 15:45:00,9.35,15324.16,,,,
2705,07/24/2024 16:00:00,9.65,15774.72,,,,
2706,07/24/2024 16:15:00,10.25,12851.20,,,,
2707,07/24/2024 16:30:00,10.94,15872.00,,,,
2708,07/24/2024 16:45:00,12.05,22302.72,,,,
2709,07/24/2024 17:00:00,15.96,35932.16,,,,
2710,07/24/2024 17:15:00,15.31,26685.44,,,,
2711,07/24/2024 17:30:00,12.65,20382.72,,,,
2712,07/24/2024 17:45:00,12.70,28702.72,,,,
2713,07/24/2024 18:00:00,12.14,25282.56,,,,
2714,07/24/2024 18:15:00,11.97,21217.28,,,,
2715,07/24/2024 18:30:00,9.95,14832.64,,,,
2716,07/24/2024 18:45:00,9.01,9239.04,,,,
2717,07/24/2024 19:00:00,8.58,8156.16,,,,
2718,07/24/2024 19:15:00,8.53,7674.88,,,,
2719,07/24/2024 19:30:00,8.23,5696.00,,,,
2720,07/24/2024 19:45:00,8.06,6361.60,,,,
2721,07/24/2024 20:00:00,8.19,5852.16,,,,
2722,07/24/2024 20:15:00,7.68,4176.64,,,,
2723,07/24/2024 20:30:00,6.69,3880.96,,,,
2724,07/24/2024 20:45:00,6.26,2996.48,,,,
2725,07/24/2024 21:00:00,6.09,1900.16,,,,
2726,07/24/2024 21:15:00,5.75,1022.40,,,,
2727,07/24/2024 21:30:00,5.40,447.36,,,,
2728,07/24/2024 21:45:00,5.02,173.84,,,,
2729,07/24/2024 22:00:00,5.53,48.14,,,,
2730,07/24/2024 22:15:00,5.83,9.76,,,,
2731,07/24/2024 22:30:00,5.23,2.14,,,,
2732,07/24/2024 22:45:00,5.23,0.19,,,,
2733,07/24/2024 23:00:00,5.32,0.00,,,,
2734,07/24/2024 23:15:00,4.80,0.00,,,,
2735,07/24/2024 23:30:00,4.72,0.00,,,,
2736,07/24/2024 23:45:00,5.53,0.00,,,,
2737,07/25/2024 00:00:00,6.35,0.00,,,,
2738,07/25/2024 00:15:00,5.92,0.00,,,,
2739,07/25/2024 00:30:00,5.49,0.00,,,,
2740,07/25/2024 00:45:00,5.96,0.00,,,,
2741,07/25/2024 01:00:00,5.19,0.00,,,,
2742,07/25/2024 01:15:00,5.62,0.00,,,,
2743,07/25/2024 01:30:00,5.75,0.00,,,,
2744,07/25/2024 01:45:00,5.57,0.00,,,,
2745,07/25/2024 02:00:00,6.43,0.00,,,,
2746,07/25/2024 02:15:00,6.48,0.00,,,,
2747,07/25/2024 02:30:00,5.96,0.00,,,,
2748,07/25/2024 02:45:00,6.39,0.00,,,,
2749,07/25/2024 03:00:00,5.49,0.00,,,,
2750,07/25/2024 03:15:00,6.05,0.00,,,,
2751,07/25/2024 03:30:00,7.12,0.58,,,,
2752,07/25/2024 03:45:00,7.25,3.50,,,,
2753,07/25/2024 04:00:00,7.20,17.62,,,,
2754,07/25/2024 04:15:00,7.12,55.58,,,,
2755,07/25/2024 04:30:00,7.03,176.96,,,,
2756,07/25/2024 04:45:00,6.82,452.80,,,,
2757,07/25/2024 05:00:00,7.12,742.08,,,,
2758,07/25/2024 05:15:00,7.25,1678.72,,,,
2759,07/25/2024 05:30:00,6.99,2543.36,,,,
2760,07/25/2024 05:45:00,6.95,2758.40,,,,
2761,07/25/2024 06:00:00,7.38,4650.24,,,,
2762,07/25/2024 06:15:00,7.85,5831.68,,,,
2763,07/25/2024 06:30:00,7.68,7075.84,,,,
2764,07/25/2024 06:45:00,7.93,9326.08,,,,
2765,07/25/2024 07:00:00,8.15,10895.36,,,,
2766,07/25/2024 07:15:00,7.85,10442.24,,,,
2767,07/25/2024 07:30:00,8.02,11335.68,,,,
2768,07/25/2024 07:45:00,8.41,14110.72,,,,
2769,07/25/2024 08:00:00,8.36,14223.36,,,,
2770,07/25/2024 08:15:00,8.79,17203.20,,,,
2771,07/25/2024 08:30:00,9.09,19169.28,,,,
2772,07/25/2024 08:45:00,9.86,25886.72,,,,
2773,07/25/2024 09:00:00,10.59,26193.92,,,,
2774,07/25/2024 09:15:00,10.25,24770.56,,,,
2775,07/25/2024 09:30:00,11.32,35174.40,,,,
2776,07/25/2024 09:45:00,12.70,39301.12,,,,
2777,07/25/2024 10:00:00,12.82,36259.84,,,,
2778,07/25/2024 10:15:00,13.25,42045.44,,,,
2779,07/25/2024 10:30:00,14.33,50606.08,,,,
2780,07/25/2024 10:45:00,13.51,47820.80,,,,
2781,07/25/2024 11:00:00,16.94,58368.00,,,,
2782,07/25/2024 11:15:00,14.88,42086.40,,,,
2783,07/25/2024 11:30:00,13.85,36608.00,,,,
2784,07/25/2024 11:45:00,13.85,44912.64,,,,
2785,07/25/2024 12:00:00,13.47,36884.48,,,,
2786,07/25/2024 12:15:00,13.25,37795.84,,,,
2787,07/25/2024 12:30:00,13.85,47104.00,,,,
2788,07/25/2024 12:45:00,16.51,56709.12,,,,
2789,07/25/2024 13:00:00,13.30,34867.20,,,,
2790,07/25/2024 13:15:00,12.65,36218.88,,,,
2791,07/25/2024 13:30:00,12.95,36720.64,,,,
2792,07/25/2024 13:45:00,12.40,33566.72,,,,
2793,07/25/2024 14:00:00,13.17,37263.36,,,,
2794,07/25/2024 14:15:00,13.43,44032.00,,,,
2795,07/25/2024 14:30:00,14.54,42127.36,,,,
2796,07/25/2024 14:45:00,13.55,35041.28,,,,
2797,07/25/2024 15:00:00,13.12,33730.56,,,,
2798,07/25/2024 15:15:00,11.79,35614.72,,,,
2799,07/25/2024 15:30:00,11.75,27248.64,,,,
2800,07/25/2024 15:45:00,10.85,22702.08,,,,
2801,07/25/2024 16:00:00,10.25,20853.76,,,,
2802,07/25/2024 16:15:00,10.04,21258.24,,,,
2803,07/25/2024 16:30:00,10.81,28221.44,,,,
2804,07/25/2024 16:45:00,11.58,31918.08,,,,
2805,07/25/2024 16:56:02,,,Logged,Logged,,
2806,07/25/2024 16:56:10,,,,,Logged,Logged
