#,Date-Time (PDT),Temperature   (°C),Light   (lux),Host Connected,Started,Button Down,Button Up,Stopped,End of File
1,06/19/2025 15:54:37,,,Logged,,,,,
2,06/19/2025 15:55:00,24.19,92282.88,,Logged,,,,
3,06/19/2025 16:00:00,23.72,92323.84,,,,,,
4,06/19/2025 16:05:00,22.91,91955.20,,,,,,
5,06/19/2025 16:10:00,22.65,91176.96,,,,,,
6,06/19/2025 16:15:00,23.12,91873.28,,,,,,
7,06/19/2025 16:20:00,23.42,91299.84,,,,,,
8,06/19/2025 16:25:00,23.59,89538.56,,,,,,
9,06/19/2025 16:30:00,24.41,88637.44,,,,,,
10,06/19/2025 16:35:00,24.71,87531.52,,,,,,
11,06/19/2025 16:40:00,23.51,87040.00,,,,,,
12,06/19/2025 16:45:00,22.99,85975.04,,,,,,
13,06/19/2025 16:50:00,23.46,84910.08,,,,,,
14,06/19/2025 16:55:00,24.36,84090.88,,,,,,
15,06/19/2025 17:00:00,25.14,82903.04,,,,,,
16,06/19/2025 17:05:00,25.74,83148.80,,,,,,
17,06/19/2025 17:10:00,25.87,82534.40,,,,,,
18,06/19/2025 17:15:00,26.04,81960.96,,,,,,
19,06/19/2025 17:20:00,25.69,81960.96,,,,,,
20,06/19/2025 17:25:00,24.92,83066.88,,,,,,
21,06/19/2025 17:30:00,24.45,84254.72,,,,,,
22,06/19/2025 17:35:00,24.84,82452.48,,,,,,
23,06/19/2025 17:40:00,24.79,81428.48,,,,,,
24,06/19/2025 17:45:00,25.99,83886.08,,,,,,
25,06/19/2025 17:50:00,27.54,84049.92,,,,,,
26,06/19/2025 17:55:00,28.10,81551.36,,,,,,
27,06/19/2025 18:00:00,26.85,78970.88,,,,,,
28,06/19/2025 18:05:00,25.05,78151.68,,,,,,
29,06/19/2025 18:10:00,23.08,78520.32,,,,,,
30,06/19/2025 18:15:00,21.83,79994.88,,,,,,
31,06/19/2025 18:20:00,21.88,82063.36,,,,,,
32,06/19/2025 18:25:00,22.52,83312.64,,,,,,
33,06/19/2025 18:30:00,22.22,84008.96,,,,,,
34,06/19/2025 18:35:00,22.13,85360.64,,,,,,
35,06/19/2025 18:40:00,21.45,83374.08,,,,,,
36,06/19/2025 18:45:00,21.45,81756.16,,,,,,
37,06/19/2025 18:50:00,20.85,75694.08,,,,,,
38,06/19/2025 18:55:00,20.85,70328.32,,,,,,
39,06/19/2025 19:00:00,21.02,70430.72,,,,,,
40,06/19/2025 19:05:00,21.58,66334.72,,,,,,
41,06/19/2025 19:10:00,20.85,62504.96,,,,,,
42,06/19/2025 19:15:00,18.83,58900.48,,,,,,
43,06/19/2025 19:20:00,17.84,58634.24,,,,,,
44,06/19/2025 19:25:00,17.20,55111.68,,,,,,
45,06/19/2025 19:30:00,16.64,51589.12,,,,,,
46,06/19/2025 19:35:00,16.51,50135.04,,,,,,
47,06/19/2025 19:40:00,16.04,48578.56,,,,,,
48,06/19/2025 19:45:00,15.74,48906.24,,,,,,
49,06/19/2025 19:50:00,16.26,52776.96,,,,,,
50,06/19/2025 19:55:00,17.07,59248.64,,,,,,
51,06/19/2025 20:00:00,17.76,63262.72,,,,,,
52,06/19/2025 20:05:00,16.17,48107.52,,,,,,
53,06/19/2025 20:10:00,12.44,42024.96,,,,,,
54,06/19/2025 20:15:00,12.22,47841.28,,,,,,
55,06/19/2025 20:20:00,10.04,19292.16,,,,,,
56,06/19/2025 20:25:00,8.75,17648.64,,,,,,
57,06/19/2025 20:30:00,8.06,14576.64,,,,,,
58,06/19/2025 20:35:00,7.42,13762.56,,,,,,
59,06/19/2025 20:40:00,7.08,14837.76,,,,,,
60,06/19/2025 20:45:00,6.86,16460.80,,,,,,
61,06/19/2025 20:50:00,7.55,23787.52,,,,,,
62,06/19/2025 20:55:00,10.42,25702.40,,,,,,
63,06/19/2025 21:00:00,9.99,23951.36,,,,,,
64,06/19/2025 21:05:00,7.63,12605.44,,,,,,
65,06/19/2025 21:10:00,6.39,11417.60,,,,,,
66,06/19/2025 21:15:00,5.92,11187.20,,,,,,
67,06/19/2025 21:20:00,6.78,11653.12,,,,,,
68,06/19/2025 21:25:00,7.50,12764.16,,,,,,
69,06/19/2025 21:30:00,8.75,12503.04,,,,,,
70,06/19/2025 21:35:00,8.32,9192.96,,,,,,
71,06/19/2025 21:40:00,6.86,8455.68,,,,,,
72,06/19/2025 21:45:00,6.35,9146.88,,,,,,
73,06/19/2025 21:50:00,6.78,8442.88,,,,,,
74,06/19/2025 21:55:00,5.06,7633.92,,,,,,
75,06/19/2025 22:00:00,4.93,5864.96,,,,,,
76,06/19/2025 22:05:00,3.21,3869.44,,,,,,
77,06/19/2025 22:10:00,2.19,3203.84,,,,,,
78,06/19/2025 22:15:00,2.06,2800.64,,,,,,
79,06/19/2025 22:20:00,2.23,2561.28,,,,,,
80,06/19/2025 22:25:00,2.27,2492.16,,,,,,
81,06/19/2025 22:30:00,2.14,2362.24,,,,,,
82,06/19/2025 22:35:00,2.57,2288.00,,,,,,
83,06/19/2025 22:40:00,2.27,1808.00,,,,,,
84,06/19/2025 22:45:00,2.06,1378.56,,,,,,
85,06/19/2025 22:50:00,1.71,1117.76,,,,,,
86,06/19/2025 22:55:00,1.67,872.64,,,,,,
87,06/19/2025 23:00:00,1.84,705.60,,,,,,
88,06/19/2025 23:05:00,1.84,571.68,,,,,,
89,06/19/2025 23:10:00,1.76,457.28,,,,,,
90,06/19/2025 23:15:00,1.80,351.52,,,,,,
91,06/19/2025 23:20:00,1.93,272.88,,,,,,
92,06/19/2025 23:25:00,2.06,206.88,,,,,,
93,06/19/2025 23:30:00,2.40,152.88,,,,,,
94,06/19/2025 23:35:00,2.83,114.00,,,,,,
95,06/19/2025 23:40:00,3.00,82.76,,,,,,
96,06/19/2025 23:45:00,2.61,64.82,,,,,,
97,06/19/2025 23:50:00,2.66,48.38,,,,,,
98,06/19/2025 23:55:00,3.04,35.98,,,,,,
99,06/20/2025 00:00:00,3.13,26.83,,,,,,
100,06/20/2025 00:05:00,2.91,19.58,,,,,,
101,06/20/2025 00:10:00,3.09,14.39,,,,,,
102,06/20/2025 00:15:00,3.26,11.51,,,,,,
103,06/20/2025 00:20:00,2.91,7.84,,,,,,
104,06/20/2025 00:25:00,2.96,5.98,,,,,,
105,06/20/2025 00:30:00,3.13,4.73,,,,,,
106,06/20/2025 00:35:00,3.30,3.49,,,,,,
107,06/20/2025 00:40:00,3.47,2.67,,,,,,
108,06/20/2025 00:45:00,3.47,2.05,,,,,,
109,06/20/2025 00:50:00,3.52,1.64,,,,,,
110,06/20/2025 00:55:00,3.52,1.23,,,,,,
111,06/20/2025 01:00:00,3.64,0.82,,,,,,
112,06/20/2025 01:05:00,3.64,0.82,,,,,,
113,06/20/2025 01:10:00,3.64,0.61,,,,,,
114,06/20/2025 01:15:00,3.64,0.41,,,,,,
115,06/20/2025 01:20:00,3.86,0.41,,,,,,
116,06/20/2025 01:25:00,4.20,0.41,,,,,,
117,06/20/2025 01:30:00,3.77,0.41,,,,,,
118,06/20/2025 01:35:00,3.60,0.41,,,,,,
119,06/20/2025 01:40:00,3.82,0.41,,,,,,
120,06/20/2025 01:45:00,3.69,0.41,,,,,,
121,06/20/2025 01:50:00,3.56,0.41,,,,,,
122,06/20/2025 01:55:00,3.56,0.41,,,,,,
123,06/20/2025 02:00:00,3.69,0.00,,,,,,
124,06/20/2025 02:05:00,4.03,0.41,,,,,,
125,06/20/2025 02:10:00,3.69,0.41,,,,,,
126,06/20/2025 02:15:00,3.77,0.41,,,,,,
127,06/20/2025 02:20:00,3.52,0.41,,,,,,
128,06/20/2025 02:25:00,3.69,0.41,,,,,,
129,06/20/2025 02:30:00,3.69,0.41,,,,,,
130,06/20/2025 02:35:00,3.30,0.61,,,,,,
131,06/20/2025 02:40:00,3.26,0.61,,,,,,
132,06/20/2025 02:45:00,3.17,0.82,,,,,,
133,06/20/2025 02:50:00,3.13,0.82,,,,,,
134,06/20/2025 02:55:00,3.17,1.23,,,,,,
135,06/20/2025 03:00:00,3.39,1.43,,,,,,
136,06/20/2025 03:05:00,3.47,1.85,,,,,,
137,06/20/2025 03:10:00,3.43,2.46,,,,,,
138,06/20/2025 03:15:00,3.34,2.87,,,,,,
139,06/20/2025 03:20:00,3.56,3.29,,,,,,
140,06/20/2025 03:25:00,3.56,4.31,,,,,,
141,06/20/2025 03:30:00,3.73,5.37,,,,,,
142,06/20/2025 03:35:00,3.56,7.22,,,,,,
143,06/20/2025 03:40:00,3.52,9.66,,,,,,
144,06/20/2025 03:45:00,3.60,12.33,,,,,,
145,06/20/2025 03:50:00,3.77,15.65,,,,,,
146,06/20/2025 03:55:00,3.52,20.00,,,,,,
147,06/20/2025 04:00:00,3.69,26.83,,,,,,
148,06/20/2025 04:05:00,4.20,35.57,,,,,,
149,06/20/2025 04:10:00,4.33,47.54,,,,,,
150,06/20/2025 04:15:00,3.69,63.70,,,,,,
151,06/20/2025 04:20:00,3.17,86.04,,,,,,
152,06/20/2025 04:25:00,3.04,125.64,,,,,,
153,06/20/2025 04:30:00,3.04,172.88,,,,,,
154,06/20/2025 04:35:00,3.69,246.56,,,,,,
155,06/20/2025 04:40:00,3.60,340.00,,,,,,
156,06/20/2025 04:45:00,3.43,451.52,,,,,,
157,06/20/2025 04:50:00,3.69,598.72,,,,,,
158,06/20/2025 04:55:00,3.73,824.96,,,,,,
159,06/20/2025 05:00:00,3.73,1184.32,,,,,,
160,06/20/2025 05:05:00,3.56,1523.84,,,,,,
161,06/20/2025 05:10:00,3.43,1743.36,,,,,,
162,06/20/2025 05:15:00,3.47,2074.24,,,,,,
163,06/20/2025 05:20:00,3.82,2535.04,,,,,,
164,06/20/2025 05:25:00,3.99,3148.80,,,,,,
165,06/20/2025 05:30:00,3.86,3911.68,,,,,,
166,06/20/2025 05:35:00,4.07,4234.24,,,,,,
167,06/20/2025 05:40:00,4.29,4122.88,,,,,,
168,06/20/2025 05:45:00,4.24,3991.04,,,,,,
169,06/20/2025 05:50:00,3.77,4053.76,,,,,,
170,06/20/2025 05:55:00,4.20,4145.92,,,,,,
171,06/20/2025 06:00:00,4.59,4257.28,,,,,,
172,06/20/2025 06:05:00,4.59,4527.36,,,,,,
173,06/20/2025 06:10:00,4.93,5532.16,,,,,,
174,06/20/2025 06:15:00,4.89,6307.84,,,,,,
175,06/20/2025 06:20:00,4.76,7127.04,,,,,,
176,06/20/2025 06:25:00,4.67,8455.68,,,,,,
177,06/20/2025 06:30:00,4.80,8921.60,,,,,,
178,06/20/2025 06:35:00,4.84,9725.44,,,,,,
179,06/20/2025 06:40:00,5.06,11084.80,,,,,,
180,06/20/2025 06:45:00,6.30,20331.52,,,,,,
181,06/20/2025 06:50:00,7.08,17853.44,,,,,,
182,06/20/2025 06:55:00,7.03,20864.00,,,,,,
183,06/20/2025 07:00:00,6.39,13547.52,,,,,,
184,06/20/2025 07:05:00,6.13,13383.68,,,,,,
185,06/20/2025 07:10:00,5.62,12272.64,,,,,,
186,06/20/2025 07:15:00,5.83,15585.28,,,,,,
187,06/20/2025 07:20:00,6.13,15313.92,,,,,,
188,06/20/2025 07:25:00,6.65,23767.04,,,,,,
189,06/20/2025 07:30:00,7.63,14929.92,,,,,,
190,06/20/2025 07:35:00,8.79,25272.32,,,,,,
191,06/20/2025 07:40:00,10.21,32532.48,,,,,,
192,06/20/2025 07:45:00,11.67,32040.96,,,,,,
193,06/20/2025 07:50:00,10.68,27095.04,,,,,,
194,06/20/2025 07:55:00,8.71,15206.40,,,,,,
195,06/20/2025 08:00:00,9.22,15385.60,,,,,,
196,06/20/2025 08:05:00,7.59,17925.12,,,,,,
197,06/20/2025 08:10:00,7.29,21606.40,,,,,,
198,06/20/2025 08:15:00,7.76,27494.40,,,,,,
199,06/20/2025 08:20:00,8.58,31969.28,,,,,,
200,06/20/2025 08:25:00,9.44,36003.84,,,,,,
201,06/20/2025 08:30:00,13.08,61112.32,,,,,,
202,06/20/2025 08:35:00,15.78,63508.48,,,,,,
203,06/20/2025 08:40:00,16.21,60723.20,,,,,,
204,06/20/2025 08:45:00,16.26,59084.80,,,,,,
205,06/20/2025 08:50:00,15.83,54743.04,,,,,,
206,06/20/2025 08:55:00,15.27,52224.00,,,,,,
207,06/20/2025 09:00:00,15.10,52572.16,,,,,,
208,06/20/2025 09:05:00,15.06,53248.00,,,,,,
209,06/20/2025 09:10:00,15.66,54169.60,,,,,,
210,06/20/2025 09:15:00,15.87,55418.88,,,,,,
211,06/20/2025 09:20:00,15.74,56709.12,,,,,,
212,06/20/2025 09:25:00,15.78,58122.24,,,,,,
213,06/20/2025 09:30:00,16.47,59658.24,,,,,,
214,06/20/2025 09:35:00,16.99,61399.04,,,,,,
215,06/20/2025 09:40:00,17.11,62935.04,,,,,,
216,06/20/2025 09:45:00,16.86,63897.60,,,,,,
217,06/20/2025 09:50:00,16.94,65167.36,,,,,,
218,06/20/2025 09:55:00,17.07,66519.04,,,,,,
219,06/20/2025 10:00:00,17.20,67543.04,,,,,,
220,06/20/2025 10:05:00,17.33,69017.60,,,,,,
221,06/20/2025 10:10:00,17.76,70225.92,,,,,,
222,06/20/2025 10:15:00,17.84,72478.72,,,,,,
223,06/20/2025 10:20:00,18.32,72519.68,,,,,,
224,06/20/2025 10:25:00,18.62,74096.64,,,,,,
225,06/20/2025 10:30:00,18.79,76308.48,,,,,,
226,06/20/2025 10:35:00,18.79,77967.36,,,,,,
227,06/20/2025 10:40:00,18.96,78786.56,,,,,,
228,06/20/2025 10:45:00,19.13,79360.00,,,,,,
229,06/20/2025 10:50:00,18.96,79912.96,,,,,,
230,06/20/2025 10:55:00,19.13,80998.40,,,,,,
231,06/20/2025 11:00:00,19.39,81981.44,,,,,,
232,06/20/2025 11:05:00,19.52,82821.12,,,,,,
233,06/20/2025 11:10:00,19.30,66088.96,,,,,,
234,06/20/2025 11:15:00,20.20,87777.28,,,,,,
235,06/20/2025 11:20:00,20.85,87203.84,,,,,,
236,06/20/2025 11:25:00,21.32,86261.76,,,,,,
237,06/20/2025 11:30:00,22.18,86753.28,,,,,,
238,06/20/2025 11:35:00,23.03,87572.48,,,,,,
239,06/20/2025 11:40:00,23.25,88514.56,,,,,,
240,06/20/2025 11:45:00,23.21,89456.64,,,,,,
241,06/20/2025 11:50:00,23.55,90439.68,,,,,,
242,06/20/2025 11:55:00,23.55,91054.08,,,,,,
243,06/20/2025 12:00:00,23.12,91750.40,,,,,,
244,06/20/2025 12:05:00,22.95,92323.84,,,,,,
245,06/20/2025 12:10:00,24.19,92897.28,,,,,,
246,06/20/2025 12:15:00,23.12,93634.56,,,,,,
247,06/20/2025 12:20:00,22.61,94289.92,,,,,,
248,06/20/2025 12:25:00,22.73,94699.52,,,,,,
249,06/20/2025 12:30:00,22.65,95354.88,,,,,,
250,06/20/2025 12:35:00,22.91,95969.28,,,,,,
251,06/20/2025 12:40:00,23.03,96337.92,,,,,,
252,06/20/2025 12:45:00,22.61,96952.32,,,,,,
253,06/20/2025 12:50:00,22.52,97607.68,,,,,,
254,06/20/2025 12:55:00,24.75,97730.56,,,,,,
255,06/20/2025 13:00:00,27.07,97812.48,,,,,,
256,06/20/2025 13:05:00,28.53,98017.28,,,,,,
257,06/20/2025 13:10:00,28.48,98140.16,,,,,,
258,06/20/2025 13:15:00,28.14,98590.72,,,,,,
259,06/20/2025 13:20:00,26.34,99532.80,,,,,,
260,06/20/2025 13:25:00,25.52,99778.56,,,,,,
261,06/20/2025 13:30:00,24.75,100188.16,,,,,,
262,06/20/2025 13:35:00,24.45,100270.08,,,,,,
263,06/20/2025 13:40:00,24.11,100433.92,,,,,,
264,06/20/2025 13:45:00,23.21,100679.68,,,,,,
265,06/20/2025 13:50:00,23.94,100966.40,,,,,,
266,06/20/2025 13:55:00,23.42,101335.04,,,,,,
267,06/20/2025 14:00:00,22.99,101212.16,,,,,,
268,06/20/2025 14:05:00,22.86,101335.04,,,,,,
269,06/20/2025 14:10:00,22.65,101580.80,,,,,,
270,06/20/2025 14:15:00,22.65,102031.36,,,,,,
271,06/20/2025 14:20:00,23.51,102727.68,,,,,,
272,06/20/2025 14:25:00,25.74,104448.00,,,,,,
273,06/20/2025 14:30:00,26.21,107847.68,,,,,,
274,06/20/2025 14:35:00,26.81,111370.24,,,,,,
275,06/20/2025 14:40:00,25.65,103260.16,,,,,,
276,06/20/2025 14:45:00,24.71,65064.96,,,,,,
277,06/20/2025 14:50:00,20.07,68423.68,,,,,,
278,06/20/2025 14:55:00,18.36,63713.28,,,,,,
279,06/20/2025 15:00:00,23.55,104570.88,,,,,,
280,06/20/2025 15:05:00,24.36,102891.52,,,,,,
281,06/20/2025 15:10:00,23.76,101416.96,,,,,,
282,06/20/2025 15:15:00,23.34,100802.56,,,,,,
283,06/20/2025 15:20:00,24.15,100597.76,,,,,,
284,06/20/2025 15:25:00,25.35,100966.40,,,,,,
285,06/20/2025 15:30:00,25.35,103464.96,,,,,,
286,06/20/2025 15:35:00,26.51,101785.60,,,,,,
287,06/20/2025 15:40:00,21.92,59904.00,,,,,,
288,06/20/2025 15:45:00,21.88,81387.52,,,,,,
289,06/20/2025 15:50:00,25.61,99205.12,,,,,,
290,06/20/2025 15:55:00,26.25,95764.48,,,,,,
291,06/20/2025 16:00:00,25.18,94658.56,,,,,,
292,06/20/2025 16:05:00,24.11,93921.28,,,,,,
293,06/20/2025 16:10:00,22.26,93634.56,,,,,,
294,06/20/2025 16:15:00,21.15,93921.28,,,,,,
295,06/20/2025 16:20:00,21.28,93388.80,,,,,,
296,06/20/2025 16:25:00,21.53,93020.16,,,,,,
297,06/20/2025 16:30:00,21.58,93429.76,,,,,,
298,06/20/2025 16:35:00,21.66,95928.32,,,,,,
299,06/20/2025 16:40:00,22.35,99205.12,,,,,,
300,06/20/2025 16:45:00,21.79,90275.84,,,,,,
301,06/20/2025 16:50:00,21.75,91709.44,,,,,,
302,06/20/2025 16:55:00,20.89,84172.80,,,,,,
303,06/20/2025 17:00:00,20.12,82309.12,,,,,,
304,06/20/2025 17:05:00,19.95,84131.84,,,,,,
305,06/20/2025 17:10:00,21.66,89497.60,,,,,,
306,06/20/2025 17:15:00,21.88,81408.00,,,,,,
307,06/20/2025 17:20:00,20.25,72376.32,,,,,,
308,06/20/2025 17:25:00,17.67,60641.28,,,,,,
309,06/20/2025 17:30:00,16.77,52183.04,,,,,,
310,06/20/2025 17:35:00,15.96,53411.84,,,,,,
311,06/20/2025 17:40:00,17.89,68034.56,,,,,,
312,06/20/2025 17:45:00,16.99,71229.44,,,,,,
313,06/20/2025 17:50:00,18.32,74670.08,,,,,,
314,06/20/2025 17:55:00,19.43,80936.96,,,,,,
315,06/20/2025 18:00:00,19.86,88309.76,,,,,,
316,06/20/2025 18:05:00,18.49,75857.92,,,,,,
317,06/20/2025 18:10:00,19.99,93921.28,,,,,,
318,06/20/2025 18:15:00,21.19,101130.24,,,,,,
319,06/20/2025 18:20:00,19.60,106536.96,,,,,,
320,06/20/2025 18:25:00,21.36,59924.48,,,,,,
321,06/20/2025 18:30:00,16.08,56893.44,,,,,,
322,06/20/2025 18:35:00,16.99,66949.12,,,,,,
323,06/20/2025 18:40:00,15.66,42086.40,,,,,,
324,06/20/2025 18:45:00,12.40,37068.80,,,,,,
325,06/20/2025 18:50:00,16.47,75509.76,,,,,,
326,06/20/2025 18:55:00,16.90,67072.00,,,,,,
327,06/20/2025 19:00:00,17.16,68239.36,,,,,,
328,06/20/2025 19:05:00,17.07,64983.04,,,,,,
329,06/20/2025 19:10:00,15.96,59985.92,,,,,,
330,06/20/2025 19:15:00,14.50,48168.96,,,,,,
331,06/20/2025 19:20:00,11.79,29818.88,,,,,,
332,06/20/2025 19:25:00,9.91,33597.44,,,,,,
333,06/20/2025 19:30:00,10.46,36136.96,,,,,,
334,06/20/2025 19:35:00,10.64,39229.44,,,,,,
335,06/20/2025 19:40:00,10.16,30095.36,,,,,,
336,06/20/2025 19:45:00,10.46,36085.76,,,,,,
337,06/20/2025 19:50:00,10.72,26378.24,,,,,,
338,06/20/2025 19:55:00,7.98,17904.64,,,,,,
339,06/20/2025 20:00:00,6.99,16829.44,,,,,,
340,06/20/2025 20:05:00,6.56,16322.56,,,,,,
341,06/20/2025 20:10:00,6.39,16399.36,,,,,,
342,06/20/2025 20:15:00,6.69,17817.60,,,,,,
343,06/20/2025 20:20:00,8.49,35450.88,,,,,,
344,06/20/2025 20:25:00,11.97,33781.76,,,,,,
345,06/20/2025 20:30:00,11.84,25016.32,,,,,,
346,06/20/2025 20:35:00,10.51,28303.36,,,,,,
347,06/20/2025 20:40:00,12.78,37201.92,,,,,,
348,06/20/2025 20:45:00,13.90,33955.84,,,,,,
349,06/20/2025 20:50:00,16.08,38492.16,,,,,,
350,06/20/2025 20:55:00,16.90,34160.64,,,,,,
351,06/20/2025 21:00:00,16.04,33331.20,,,,,,
352,06/20/2025 21:05:00,14.67,31068.16,,,,,,
353,06/20/2025 21:10:00,14.11,26644.48,,,,,,
354,06/20/2025 21:15:00,9.78,16296.96,,,,,,
355,06/20/2025 21:20:00,10.38,23879.68,,,,,,
356,06/20/2025 21:25:00,11.84,22394.88,,,,,,
357,06/20/2025 21:30:00,11.32,20264.96,,,,,,
358,06/20/2025 21:35:00,10.81,18396.16,,,,,,
359,06/20/2025 21:40:00,9.31,16409.60,,,,,,
360,06/20/2025 21:45:00,8.62,14863.36,,,,,,
361,06/20/2025 21:50:00,8.19,14059.52,,,,,,
362,06/20/2025 21:55:00,7.89,14192.64,,,,,,
363,06/20/2025 22:00:00,7.81,14310.40,,,,,,
364,06/20/2025 22:05:00,7.59,14346.24,,,,,,
365,06/20/2025 22:10:00,7.98,14069.76,,,,,,
366,06/20/2025 22:15:00,7.72,9152.00,,,,,,
367,06/20/2025 22:20:00,5.92,6763.52,,,,,,
368,06/20/2025 22:25:00,4.46,4866.56,,,,,,
369,06/20/2025 22:30:00,4.03,3681.28,,,,,,
370,06/20/2025 22:35:00,4.72,2777.60,,,,,,
371,06/20/2025 22:40:00,4.24,2220.80,,,,,,
372,06/20/2025 22:45:00,3.52,1854.08,,,,,,
373,06/20/2025 22:50:00,2.83,1568.64,,,,,,
374,06/20/2025 22:55:00,3.64,1303.68,,,,,,
375,06/20/2025 23:00:00,3.77,1061.76,,,,,,
376,06/20/2025 23:05:00,5.19,852.16,,,,,,
377,06/20/2025 23:10:00,4.46,670.40,,,,,,
378,06/20/2025 23:15:00,4.54,518.24,,,,,,
379,06/20/2025 23:20:00,6.13,387.36,,,,,,
380,06/20/2025 23:25:00,4.46,287.84,,,,,,
381,06/20/2025 23:30:00,3.34,211.76,,,,,,
382,06/20/2025 23:35:00,3.52,157.12,,,,,,
383,06/20/2025 23:40:00,3.34,115.68,,,,,,
384,06/20/2025 23:45:00,2.87,81.12,,,,,,
385,06/20/2025 23:50:00,3.64,59.52,,,,,,
386,06/20/2025 23:55:00,2.83,42.98,,,,,,
387,06/21/2025 00:00:00,2.49,31.00,,,,,,
388,06/21/2025 00:05:00,2.91,23.13,,,,,,
389,06/21/2025 00:10:00,3.04,17.50,,,,,,
390,06/21/2025 00:15:00,3.13,13.36,,,,,,
391,06/21/2025 00:20:00,2.74,10.28,,,,,,
392,06/21/2025 00:25:00,2.40,7.81,,,,,,
393,06/21/2025 00:30:00,2.70,5.57,,,,,,
394,06/21/2025 00:35:00,2.83,4.52,,,,,,
395,06/21/2025 00:40:00,1.88,3.70,,,,,,
396,06/21/2025 00:45:00,2.40,2.87,,,,,,
397,06/21/2025 00:50:00,4.12,2.26,,,,,,
398,06/21/2025 00:55:00,3.77,1.85,,,,,,
399,06/21/2025 01:00:00,3.04,1.43,,,,,,
400,06/21/2025 01:05:00,1.76,1.23,,,,,,
401,06/21/2025 01:10:00,2.31,1.02,,,,,,
402,06/21/2025 01:15:00,2.96,1.43,,,,,,
403,06/21/2025 01:20:00,3.34,0.61,,,,,,
404,06/21/2025 01:25:00,3.39,0.61,,,,,,
405,06/21/2025 01:30:00,3.69,0.61,,,,,,
406,06/21/2025 01:35:00,3.52,0.41,,,,,,
407,06/21/2025 01:40:00,2.96,0.41,,,,,,
408,06/21/2025 01:45:00,2.83,0.41,,,,,,
409,06/21/2025 01:50:00,2.49,0.41,,,,,,
410,06/21/2025 01:55:00,2.31,0.41,,,,,,
411,06/21/2025 02:00:00,2.36,0.41,,,,,,
412,06/21/2025 02:05:00,2.14,0.41,,,,,,
413,06/21/2025 02:10:00,2.44,0.41,,,,,,
414,06/21/2025 02:15:00,2.49,0.41,,,,,,
415,06/21/2025 02:20:00,3.60,0.41,,,,,,
416,06/21/2025 02:25:00,4.24,0.20,,,,,,
417,06/21/2025 02:30:00,5.32,0.20,,,,,,
418,06/21/2025 02:35:00,4.42,0.41,,,,,,
419,06/21/2025 02:40:00,3.09,0.82,,,,,,
420,06/21/2025 02:45:00,2.40,0.82,,,,,,
421,06/21/2025 02:50:00,2.57,1.02,,,,,,
422,06/21/2025 02:55:00,2.57,1.23,,,,,,
423,06/21/2025 03:00:00,2.14,1.64,,,,,,
424,06/21/2025 03:05:00,2.36,2.05,,,,,,
425,06/21/2025 03:10:00,2.40,2.46,,,,,,
426,06/21/2025 03:15:00,2.31,3.08,,,,,,
427,06/21/2025 03:20:00,2.83,4.11,,,,,,
428,06/21/2025 03:25:00,2.23,5.14,,,,,,
429,06/21/2025 03:30:00,2.74,6.40,,,,,,
430,06/21/2025 03:35:00,2.49,9.04,,,,,,
431,06/21/2025 03:40:00,2.53,11.92,,,,,,
432,06/21/2025 03:45:00,2.74,15.86,,,,,,
433,06/21/2025 03:50:00,2.87,20.66,,,,,,
434,06/21/2025 03:55:00,3.13,28.53,,,,,,
435,06/21/2025 04:00:00,2.74,39.28,,,,,,
436,06/21/2025 04:05:00,2.19,54.60,,,,,,
437,06/21/2025 04:10:00,2.70,76.08,,,,,,
438,06/21/2025 04:15:00,3.69,105.88,,,,,,
439,06/21/2025 04:20:00,4.12,145.60,,,,,,
440,06/21/2025 04:25:00,4.16,196.96,,,,,,
441,06/21/2025 04:30:00,3.90,265.68,,,,,,
442,06/21/2025 04:35:00,2.83,350.08,,,,,,
443,06/21/2025 04:40:00,2.70,454.40,,,,,,
444,06/21/2025 04:45:00,2.23,584.00,,,,,,
445,06/21/2025 04:50:00,2.27,745.60,,,,,,
446,06/21/2025 04:55:00,2.70,944.32,,,,,,
447,06/21/2025 05:00:00,2.96,1181.12,,,,,,
448,06/21/2025 05:05:00,3.09,1462.40,,,,,,
449,06/21/2025 05:10:00,3.60,1825.92,,,,,,
450,06/21/2025 05:15:00,3.94,2275.20,,,,,,
451,06/21/2025 05:20:00,4.59,2717.44,,,,,,
452,06/21/2025 05:25:00,4.33,3226.88,,,,,,
453,06/21/2025 05:30:00,4.29,3783.68,,,,,,
454,06/21/2025 05:35:00,4.50,4389.12,,,,,,
455,06/21/2025 05:40:00,4.93,5063.68,,,,,,
456,06/21/2025 05:45:00,5.15,5829.12,,,,,,
457,06/21/2025 05:50:00,5.75,6599.68,,,,,,
458,06/21/2025 05:55:00,6.39,7283.20,,,,,,
459,06/21/2025 06:00:00,6.35,8007.68,,,,,,
460,06/21/2025 06:05:00,6.56,8645.12,,,,,,
461,06/21/2025 06:10:00,7.08,9100.80,,,,,,
462,06/21/2025 06:15:00,6.95,9884.16,,,,,,
463,06/21/2025 06:20:00,7.12,10880.00,,,,,,
464,06/21/2025 06:25:00,8.28,11678.72,,,,,,
465,06/21/2025 06:30:00,8.06,12687.36,,,,,,
466,06/21/2025 06:35:00,8.66,13562.88,,,,,,
467,06/21/2025 06:40:00,9.05,14187.52,,,,,,
468,06/21/2025 06:45:00,9.26,15180.80,,,,,,
469,06/21/2025 06:50:00,9.48,16128.00,,,,,,
470,06/21/2025 06:55:00,9.74,16225.28,,,,,,
471,06/21/2025 07:00:00,9.56,15943.68,,,,,,
472,06/21/2025 07:05:00,9.61,16768.00,,,,,,
473,06/21/2025 07:10:00,9.95,18109.44,,,,,,
474,06/21/2025 07:15:00,10.21,18636.80,,,,,,
475,06/21/2025 07:20:00,10.72,20679.68,,,,,,
476,06/21/2025 07:25:00,10.51,21340.16,,,,,,
477,06/21/2025 07:30:00,10.89,23511.04,,,,,,
478,06/21/2025 07:35:00,12.10,22415.36,,,,,,
479,06/21/2025 07:40:00,13.00,25159.68,,,,,,
480,06/21/2025 07:45:00,15.36,29982.72,,,,,,
481,06/21/2025 07:50:00,17.11,31836.16,,,,,,
482,06/21/2025 07:55:00,18.06,33034.24,,,,,,
483,06/21/2025 08:00:00,18.74,35389.44,,,,,,
484,06/21/2025 08:05:00,17.76,35481.60,,,,,,
485,06/21/2025 08:10:00,17.89,37898.24,,,,,,
486,06/21/2025 08:15:00,16.17,38502.40,,,,,,
487,06/21/2025 08:20:00,15.74,40652.80,,,,,,
488,06/21/2025 08:25:00,15.78,41574.40,,,,,,
489,06/21/2025 08:30:00,16.13,42721.28,,,,,,
490,06/21/2025 08:35:00,16.30,44687.36,,,,,,
491,06/21/2025 08:40:00,16.43,45363.20,,,,,,
492,06/21/2025 08:45:00,16.56,47329.28,,,,,,
493,06/21/2025 08:50:00,17.03,48762.88,,,,,,
494,06/21/2025 08:55:00,17.29,50012.16,,,,,,
495,06/21/2025 09:00:00,16.69,52162.56,,,,,,
496,06/21/2025 09:05:00,16.73,52776.96,,,,,,
497,06/21/2025 09:10:00,16.47,54538.24,,,,,,
498,06/21/2025 09:15:00,16.47,54312.96,,,,,,
499,06/21/2025 09:20:00,16.47,56872.96,,,,,,
500,06/21/2025 09:25:00,16.81,55480.32,,,,,,
501,06/21/2025 09:30:00,17.24,60641.28,,,,,,
502,06/21/2025 09:35:00,17.93,64061.44,,,,,,
503,06/21/2025 09:40:00,18.92,67399.68,,,,,,
504,06/21/2025 09:45:00,19.09,65597.44,,,,,,
505,06/21/2025 09:50:00,19.30,64184.32,,,,,,
506,06/21/2025 09:55:00,18.27,64819.20,,,,,,
507,06/21/2025 10:00:00,17.11,64552.96,,,,,,
508,06/21/2025 10:05:00,17.41,66211.84,,,,,,
509,06/21/2025 10:10:00,17.89,63242.24,,,,,,
510,06/21/2025 10:15:00,17.76,68669.44,,,,,,
511,06/21/2025 10:20:00,17.03,66580.48,,,,,,
512,06/21/2025 10:25:00,16.99,65454.08,,,,,,
513,06/21/2025 10:30:00,16.86,68792.32,,,,,,
514,06/21/2025 10:35:00,17.16,69591.04,,,,,,
515,06/21/2025 10:40:00,18.23,70594.56,,,,,,
516,06/21/2025 10:45:00,18.06,70983.68,,,,,,
517,06/21/2025 10:50:00,17.63,71823.36,,,,,,
518,06/21/2025 10:55:00,17.20,69488.64,,,,,,
519,06/21/2025 11:00:00,17.29,72458.24,,,,,,
520,06/21/2025 11:05:00,17.41,71639.04,,,,,,
521,06/21/2025 11:10:00,17.63,72704.00,,,,,,
522,06/21/2025 11:15:00,17.59,76021.76,,,,,,
523,06/21/2025 11:20:00,17.63,72171.52,,,,,,
524,06/21/2025 11:25:00,18.06,79360.00,,,,,,
525,06/21/2025 11:30:00,19.17,81797.12,,,,,,
526,06/21/2025 11:35:00,19.17,82329.60,,,,,,
527,06/21/2025 11:40:00,19.56,85237.76,,,,,,
528,06/21/2025 11:45:00,19.99,89006.08,,,,,,
529,06/21/2025 11:50:00,20.76,92119.04,,,,,,
530,06/21/2025 11:55:00,21.75,92938.24,,,,,,
531,06/21/2025 12:00:00,22.39,90685.44,,,,,,
532,06/21/2025 12:05:00,23.34,93552.64,,,,,,
533,06/21/2025 12:10:00,24.92,94576.64,,,,,,
534,06/21/2025 12:15:00,24.02,97894.40,,,,,,
535,06/21/2025 12:20:00,23.46,95600.64,,,,,,
536,06/21/2025 12:25:00,21.75,95232.00,,,,,,
537,06/21/2025 12:30:00,20.68,95109.12,,,,,,
538,06/21/2025 12:35:00,21.06,97566.72,,,,,,
539,06/21/2025 12:40:00,21.06,99287.04,,,,,,
540,06/21/2025 12:45:00,22.05,101662.72,,,,,,
541,06/21/2025 12:50:00,21.96,99737.60,,,,,,
542,06/21/2025 12:55:00,21.83,100638.72,,,,,,
543,06/21/2025 13:00:00,22.86,99737.60,,,,,,
544,06/21/2025 13:05:00,25.09,102604.80,,,,,,
545,06/21/2025 13:10:00,25.44,94699.52,,,,,,
546,06/21/2025 13:15:00,26.90,94453.76,,,,,,
547,06/21/2025 13:20:00,28.01,97443.84,,,,,,
548,06/21/2025 13:25:00,29.13,100597.76,,,,,,
549,06/21/2025 13:30:00,24.79,101130.24,,,,,,
550,06/21/2025 13:35:00,23.08,103628.80,,,,,,
551,06/21/2025 13:40:00,22.61,102727.68,,,,,,
552,06/21/2025 13:45:00,22.13,102195.20,,,,,,
553,06/21/2025 13:50:00,21.79,102604.80,,,,,,
554,06/21/2025 13:55:00,21.49,101703.68,,,,,,
555,06/21/2025 14:00:00,21.28,101785.60,,,,,,
556,06/21/2025 14:05:00,21.36,102809.60,,,,,,
557,06/21/2025 14:10:00,22.31,101416.96,,,,,,
558,06/21/2025 14:15:00,22.52,103792.64,,,,,,
559,06/21/2025 14:20:00,22.73,104448.00,,,,,,
560,06/21/2025 14:25:00,22.22,104898.56,,,,,,
561,06/21/2025 14:30:00,21.45,102277.12,,,,,,
562,06/21/2025 14:35:00,20.98,103915.52,,,,,,
563,06/21/2025 14:40:00,20.93,103464.96,,,,,,
564,06/21/2025 14:45:00,21.02,104284.16,,,,,,
565,06/21/2025 14:50:00,21.49,103178.24,,,,,,
566,06/21/2025 14:55:00,21.70,100474.88,,,,,,
567,06/21/2025 15:00:00,20.93,101130.24,,,,,,
568,06/21/2025 15:05:00,19.56,89702.40,,,,,,
569,06/21/2025 15:10:00,19.82,93224.96,,,,,,
570,06/21/2025 15:15:00,19.95,95559.68,,,,,,
571,06/21/2025 15:20:00,20.72,96215.04,,,,,,
572,06/21/2025 15:25:00,21.23,97525.76,,,,,,
573,06/21/2025 15:30:00,22.35,95682.56,,,,,,
574,06/21/2025 15:35:00,22.18,95969.28,,,,,,
575,06/21/2025 15:40:00,23.81,95518.72,,,,,,
576,06/21/2025 15:45:00,24.15,94289.92,,,,,,
577,06/21/2025 15:50:00,24.41,91832.32,,,,,,
578,06/21/2025 15:55:00,23.94,90685.44,,,,,,
579,06/21/2025 16:00:00,24.41,92569.60,,,,,,
580,06/21/2025 16:05:00,25.44,92651.52,,,,,,
581,06/21/2025 16:10:00,25.22,91709.44,,,,,,
582,06/21/2025 16:15:00,24.19,90931.20,,,,,,
583,06/21/2025 16:20:00,24.11,89989.12,,,,,,
584,06/21/2025 16:25:00,24.11,89866.24,,,,,,
585,06/21/2025 16:30:00,24.32,88023.04,,,,,,
586,06/21/2025 16:35:00,22.82,87040.00,,,,,,
587,06/21/2025 16:40:00,22.05,88391.68,,,,,,
588,06/21/2025 16:45:00,22.31,87572.48,,,,,,
589,06/21/2025 16:50:00,23.12,86671.36,,,,,,
590,06/21/2025 16:55:00,25.14,84705.28,,,,,,
591,06/21/2025 17:00:00,25.69,75776.00,,,,,,
592,06/21/2025 17:05:00,25.48,76697.60,,,,,,
593,06/21/2025 17:10:00,25.31,77639.68,,,,,,
594,06/21/2025 17:15:00,25.61,79667.20,,,,,,
595,06/21/2025 17:20:00,26.38,78356.48,,,,,,
596,06/21/2025 17:25:00,26.21,76677.12,,,,,,
597,06/21/2025 17:30:00,25.61,75386.88,,,,,,
598,06/21/2025 17:35:00,25.44,74301.44,,,,,,
599,06/21/2025 17:40:00,25.87,75837.44,,,,,,
600,06/21/2025 17:45:00,25.95,74854.40,,,,,,
601,06/21/2025 17:50:00,23.76,74280.96,,,,,,
602,06/21/2025 17:55:00,22.99,72990.72,,,,,,
603,06/21/2025 18:00:00,21.92,72806.40,,,,,,
604,06/21/2025 18:05:00,20.89,73625.60,,,,,,
605,06/21/2025 18:10:00,19.26,74567.68,,,,,,
606,06/21/2025 18:15:00,19.35,74833.92,,,,,,
607,06/21/2025 18:20:00,19.09,76431.36,,,,,,
608,06/21/2025 18:25:00,18.79,76779.52,,,,,,
609,06/21/2025 18:30:00,18.23,75059.20,,,,,,
610,06/21/2025 18:35:00,17.76,70266.88,,,,,,
611,06/21/2025 18:40:00,17.46,69120.00,,,,,,
612,06/21/2025 18:45:00,17.07,67010.56,,,,,,
613,06/21/2025 18:50:00,16.81,65699.84,,,,,,
614,06/21/2025 18:55:00,16.51,62709.76,,,,,,
615,06/21/2025 19:00:00,16.00,59269.12,,,,,,
616,06/21/2025 19:05:00,15.66,56647.68,,,,,,
617,06/21/2025 19:10:00,15.57,54353.92,,,,,,
618,06/21/2025 19:15:00,15.06,49623.04,,,,,,
619,06/21/2025 19:20:00,14.75,48209.92,,,,,,
620,06/21/2025 19:25:00,14.37,47697.92,,,,,,
621,06/21/2025 19:30:00,14.11,43929.60,,,,,,
622,06/21/2025 19:35:00,13.64,42311.68,,,,,,
623,06/21/2025 19:40:00,13.38,40867.84,,,,,,
624,06/21/2025 19:45:00,13.55,39393.28,,,,,,
625,06/21/2025 19:50:00,13.30,37652.48,,,,,,
626,06/21/2025 19:55:00,13.21,38123.52,,,,,,
627,06/21/2025 20:00:00,13.17,36567.04,,,,,,
628,06/21/2025 20:05:00,12.22,35706.88,,,,,,
629,06/21/2025 20:10:00,11.97,32757.76,,,,,,
630,06/21/2025 20:15:00,11.49,31303.68,,,,,,
631,06/21/2025 20:20:00,11.24,29665.28,,,,,,
632,06/21/2025 20:25:00,10.98,28108.80,,,,,,
633,06/21/2025 20:30:00,11.24,28016.64,,,,,,
634,06/21/2025 20:35:00,11.02,26685.44,,,,,,
635,06/21/2025 20:40:00,10.68,26019.84,,,,,,
636,06/21/2025 20:45:00,10.42,25651.20,,,,,,
637,06/21/2025 20:50:00,10.34,24371.20,,,,,,
638,06/21/2025 20:55:00,9.56,23418.88,,,,,,
639,06/21/2025 21:00:00,9.14,22220.80,,,,,,
640,06/21/2025 21:05:00,10.98,20843.52,,,,,,
641,06/21/2025 21:10:00,9.65,19374.08,,,,,,
642,06/21/2025 21:15:00,10.21,18549.76,,,,,,
643,06/21/2025 21:20:00,10.64,17597.44,,,,,,
644,06/21/2025 21:25:00,10.98,17377.28,,,,,,
645,06/21/2025 21:30:00,9.52,16296.96,,,,,,
646,06/21/2025 21:35:00,9.26,15436.80,,,,,,
647,06/21/2025 21:40:00,8.41,14177.28,,,,,,
648,06/21/2025 21:45:00,8.32,12989.44,,,,,,
649,06/21/2025 21:50:00,7.59,12247.04,,,,,,
650,06/21/2025 21:55:00,7.59,10782.72,,,,,,
651,06/21/2025 22:00:00,6.56,9587.20,,,,,,
652,06/21/2025 22:05:00,7.08,8627.20,,,,,,
653,06/21/2025 22:10:00,8.88,7618.56,,,,,,
654,06/21/2025 22:15:00,7.93,5265.92,,,,,,
655,06/21/2025 22:20:00,7.08,4609.28,,,,,,
656,06/21/2025 22:25:00,6.48,4049.92,,,,,,
657,06/21/2025 22:30:00,6.43,3484.16,,,,,,
658,06/21/2025 22:35:00,6.43,2958.08,,,,,,
659,06/21/2025 22:40:00,6.17,2477.44,,,,,,
660,06/21/2025 22:45:00,4.33,2005.12,,,,,,
661,06/21/2025 22:50:00,4.03,1627.52,,,,,,
662,06/21/2025 22:55:00,5.49,1312.64,,,,,,
663,06/21/2025 23:00:00,5.06,1076.80,,,,,,
664,06/21/2025 23:05:00,5.70,862.72,,,,,,
665,06/21/2025 23:10:00,5.36,676.48,,,,,,
666,06/21/2025 23:15:00,4.67,524.80,,,,,,
667,06/21/2025 23:20:00,4.63,402.40,,,,,,
668,06/21/2025 23:25:00,5.36,305.36,,,,,,
669,06/21/2025 23:30:00,4.80,227.60,,,,,,
670,06/21/2025 23:35:00,5.57,167.12,,,,,,
671,06/21/2025 23:40:00,5.40,118.32,,,,,,
672,06/21/2025 23:45:00,5.96,83.56,,,,,,
673,06/21/2025 23:50:00,5.66,60.00,,,,,,
674,06/21/2025 23:55:00,5.27,43.02,,,,,,
675,06/22/2025 00:00:00,5.36,31.00,,,,,,
676,06/22/2025 00:05:00,5.70,23.49,,,,,,
677,06/22/2025 00:10:00,5.75,17.09,,,,,,
678,06/22/2025 00:15:00,5.75,12.18,,,,,,
679,06/22/2025 00:20:00,4.80,9.28,,,,,,
680,06/22/2025 00:25:00,4.24,6.81,,,,,,
681,06/22/2025 00:30:00,4.20,5.55,,,,,,
682,06/22/2025 00:35:00,4.84,3.52,,,,,,
683,06/22/2025 00:40:00,4.03,3.29,,,,,,
684,06/22/2025 00:45:00,4.50,2.26,,,,,,
685,06/22/2025 00:50:00,5.06,1.64,,,,,,
686,06/22/2025 00:55:00,5.92,1.64,,,,,,
687,06/22/2025 01:00:00,5.15,1.43,,,,,,
688,06/22/2025 01:05:00,4.72,0.82,,,,,,
689,06/22/2025 01:10:00,4.76,0.61,,,,,,
690,06/22/2025 01:15:00,5.02,0.41,,,,,,
691,06/22/2025 01:20:00,4.37,0.20,,,,,,
692,06/22/2025 01:25:00,4.80,0.20,,,,,,
693,06/22/2025 01:30:00,4.33,0.20,,,,,,
694,06/22/2025 01:35:00,3.94,0.00,,,,,,
695,06/22/2025 01:40:00,3.52,0.20,,,,,,
696,06/22/2025 01:45:00,3.21,0.20,,,,,,
697,06/22/2025 01:50:00,3.47,0.20,,,,,,
698,06/22/2025 01:55:00,3.17,0.20,,,,,,
699,06/22/2025 02:00:00,3.21,0.82,,,,,,
700,06/22/2025 02:05:00,3.34,0.20,,,,,,
701,06/22/2025 02:10:00,3.73,0.00,,,,,,
702,06/22/2025 02:15:00,3.90,0.00,,,,,,
703,06/22/2025 02:20:00,3.86,0.00,,,,,,
704,06/22/2025 02:25:00,3.17,0.41,,,,,,
705,06/22/2025 02:30:00,2.79,0.41,,,,,,
706,06/22/2025 02:35:00,4.42,0.20,,,,,,
707,06/22/2025 02:40:00,5.32,0.20,,,,,,
708,06/22/2025 02:45:00,4.63,0.41,,,,,,
709,06/22/2025 02:50:00,5.06,0.61,,,,,,
710,06/22/2025 02:55:00,5.57,0.61,,,,,,
711,06/22/2025 03:00:00,4.33,1.02,,,,,,
712,06/22/2025 03:05:00,3.13,1.64,,,,,,
713,06/22/2025 03:10:00,3.60,1.85,,,,,,
714,06/22/2025 03:15:00,4.03,2.46,,,,,,
715,06/22/2025 03:20:00,4.16,3.29,,,,,,
716,06/22/2025 03:25:00,3.69,4.31,,,,,,
717,06/22/2025 03:30:00,3.09,5.55,,,,,,
718,06/22/2025 03:35:00,4.67,7.01,,,,,,
719,06/22/2025 03:40:00,3.30,9.48,,,,,,
720,06/22/2025 03:45:00,2.49,13.36,,,,,,
721,06/22/2025 03:50:00,1.67,17.91,,,,,,
722,06/22/2025 03:55:00,2.44,23.95,,,,,,
723,06/22/2025 04:00:00,2.10,33.05,,,,,,
724,06/22/2025 04:05:00,3.52,45.50,,,,,,
725,06/22/2025 04:10:00,3.86,63.28,,,,,,
726,06/22/2025 04:15:00,2.83,87.68,,,,,,
727,06/22/2025 04:20:00,3.00,122.36,,,,,,
728,06/22/2025 04:25:00,3.00,166.16,,,,,,
729,06/22/2025 04:30:00,2.70,220.80,,,,,,
730,06/22/2025 04:35:00,1.54,290.32,,,,,,
731,06/22/2025 04:40:00,1.46,374.88,,,,,,
732,06/22/2025 04:45:00,0.98,482.40,,,,,,
733,06/22/2025 04:50:00,1.76,611.52,,,,,,
734,06/22/2025 04:55:00,2.31,769.92,,,,,,
735,06/22/2025 05:00:00,2.57,962.24,,,,,,
736,06/22/2025 05:05:00,3.64,1186.88,,,,,,
737,06/22/2025 05:10:00,4.29,1442.56,,,,,,
738,06/22/2025 05:15:00,5.27,1736.96,,,,,,
739,06/22/2025 05:20:00,5.27,2079.36,,,,,,
740,06/22/2025 05:25:00,5.15,2510.08,,,,,,
741,06/22/2025 05:30:00,5.45,2969.60,,,,,,
742,06/22/2025 05:35:00,5.70,3651.84,,,,,,
743,06/22/2025 05:40:00,6.17,4261.12,,,,,,
744,06/22/2025 05:45:00,7.08,4760.32,,,,,,
745,06/22/2025 05:50:00,8.23,5542.40,,,,,,
746,06/22/2025 05:55:00,9.14,6307.84,,,,,,
747,06/22/2025 06:00:00,8.75,6968.32,,,,,,
748,06/22/2025 06:05:00,7.85,7723.52,,,,,,
749,06/22/2025 06:10:00,7.50,8640.00,,,,,,
750,06/22/2025 06:15:00,7.46,9461.76,,,,,,
751,06/22/2025 06:20:00,8.02,10014.72,,,,,,
752,06/22/2025 06:25:00,7.76,10014.72,,,,,,
753,06/22/2025 06:30:00,7.50,10664.96,,,,,,
754,06/22/2025 06:35:00,8.41,12277.76,,,,,,
755,06/22/2025 06:40:00,8.83,12605.44,,,,,,
756,06/22/2025 06:45:00,8.71,13409.28,,,,,,
757,06/22/2025 06:50:00,9.39,13639.68,,,,,,
758,06/22/2025 06:55:00,9.31,15022.08,,,,,,
759,06/22/2025 07:00:00,9.86,17438.72,,,,,,
760,06/22/2025 07:05:00,9.78,17192.96,,,,,,
761,06/22/2025 07:10:00,10.16,19696.64,,,,,,
762,06/22/2025 07:15:00,11.32,22620.16,,,,,,
763,06/22/2025 07:20:00,11.49,22149.12,,,,,,
764,06/22/2025 07:25:00,11.84,23818.24,,,,,,
765,06/22/2025 07:30:00,12.70,24944.64,,,,,,
766,06/22/2025 07:35:00,12.48,25651.20,,,,,,
767,06/22/2025 07:40:00,11.49,25098.24,,,,,,
768,06/22/2025 07:45:00,11.15,24862.72,,,,,,
769,06/22/2025 07:50:00,11.11,24780.80,,,,,,
770,06/22/2025 07:55:00,11.07,25425.92,,,,,,
771,06/22/2025 08:00:00,10.34,25149.44,,,,,,
772,06/22/2025 08:05:00,9.69,25364.48,,,,,,
773,06/22/2025 08:10:00,9.44,26306.56,,,,,,
774,06/22/2025 08:15:00,9.95,29020.16,,,,,,
775,06/22/2025 08:20:00,10.12,30013.44,,,,,,
776,06/22/2025 08:25:00,10.89,30423.04,,,,,,
777,06/22/2025 08:30:00,11.32,32020.48,,,,,,
778,06/22/2025 08:35:00,12.18,36515.84,,,,,,
779,06/22/2025 08:40:00,13.77,39700.48,,,,,,
780,06/22/2025 08:45:00,15.31,42332.16,,,,,,
781,06/22/2025 08:50:00,16.39,42352.64,,,,,,
782,06/22/2025 08:55:00,18.06,45219.84,,,,,,
783,06/22/2025 09:00:00,19.69,48680.96,,,,,,
784,06/22/2025 09:05:00,20.85,51527.68,,,,,,
785,06/22/2025 09:10:00,20.93,51159.04,,,,,,
786,06/22/2025 09:15:00,21.10,53145.60,,,,,,
787,06/22/2025 09:20:00,22.35,56012.80,,,,,,
788,06/22/2025 09:25:00,23.72,56422.40,,,,,,
789,06/22/2025 09:30:00,23.72,60293.12,,,,,,
790,06/22/2025 09:35:00,23.85,60887.04,,,,,,
791,06/22/2025 09:40:00,24.32,61132.80,,,,,,
792,06/22/2025 09:45:00,25.05,62197.76,,,,,,
793,06/22/2025 09:50:00,26.30,65146.88,,,,,,
794,06/22/2025 09:55:00,27.28,67031.04,,,,,,
795,06/22/2025 10:00:00,26.17,67829.76,,,,,,
796,06/22/2025 10:05:00,24.45,68567.04,,,,,,
797,06/22/2025 10:10:00,23.38,69775.36,,,,,,
798,06/22/2025 10:15:00,22.52,70144.00,,,,,,
799,06/22/2025 10:20:00,22.48,73297.92,,,,,,
800,06/22/2025 10:25:00,23.16,75059.20,,,,,,
801,06/22/2025 10:30:00,23.64,76431.36,,,,,,
802,06/22/2025 10:35:00,23.89,77557.76,,,,,,
803,06/22/2025 10:40:00,24.41,78786.56,,,,,,
804,06/22/2025 10:45:00,24.97,79933.44,,,,,,
805,06/22/2025 10:50:00,24.58,80998.40,,,,,,
806,06/22/2025 10:55:00,24.49,81735.68,,,,,,
807,06/22/2025 11:00:00,24.58,82391.04,,,,,,
808,06/22/2025 11:05:00,24.32,82821.12,,,,,,
809,06/22/2025 11:10:00,24.06,84623.36,,,,,,
810,06/22/2025 11:15:00,24.36,86056.96,,,,,,
811,06/22/2025 11:20:00,24.36,86671.36,,,,,,
812,06/22/2025 11:25:00,23.72,87531.52,,,,,,
813,06/22/2025 11:30:00,21.83,88555.52,,,,,,
814,06/22/2025 11:35:00,21.45,90152.96,,,,,,
815,06/22/2025 11:40:00,20.76,91054.08,,,,,,
816,06/22/2025 11:45:00,21.19,92405.76,,,,,,
817,06/22/2025 11:50:00,22.31,93839.36,,,,,,
818,06/22/2025 11:55:00,23.08,94412.80,,,,,,
819,06/22/2025 12:00:00,24.11,95027.20,,,,,,
820,06/22/2025 12:05:00,24.19,95723.52,,,,,,
821,06/22/2025 12:10:00,23.94,96256.00,,,,,,
822,06/22/2025 12:15:00,24.41,96747.52,,,,,,
823,06/22/2025 12:20:00,24.66,97320.96,,,,,,
824,06/22/2025 12:25:00,24.45,97935.36,,,,,,
825,06/22/2025 12:30:00,24.58,98344.96,,,,,,
826,06/22/2025 12:35:00,24.66,99409.92,,,,,,
827,06/22/2025 12:40:00,23.94,99860.48,,,,,,
828,06/22/2025 12:45:00,24.28,100392.96,,,,,,
829,06/22/2025 12:50:00,23.68,100884.48,,,,,,
830,06/22/2025 12:55:00,22.39,101253.12,,,,,,
831,06/22/2025 13:00:00,23.51,101580.80,,,,,,
832,06/22/2025 13:05:00,24.19,101949.44,,,,,,
833,06/22/2025 13:10:00,26.60,102236.16,,,,,,
834,06/22/2025 13:15:00,26.21,102359.04,,,,,,
835,06/22/2025 13:20:00,26.21,102686.72,,,,,,
836,06/22/2025 13:25:00,26.94,102686.72,,,,,,
837,06/22/2025 13:30:00,28.05,102686.72,,,,,,
838,06/22/2025 13:35:00,28.40,102891.52,,,,,,
839,06/22/2025 13:40:00,30.89,103014.40,,,,,,
840,06/22/2025 13:45:00,32.30,102973.44,,,,,,
841,06/22/2025 13:50:00,32.39,102932.48,,,,,,
842,06/22/2025 13:55:00,32.34,102932.48,,,,,,
843,06/22/2025 14:00:00,30.37,102973.44,,,,,,
844,06/22/2025 14:05:00,31.27,102809.60,,,,,,
845,06/22/2025 14:10:00,31.06,102645.76,,,,,,
846,06/22/2025 14:15:00,32.47,102318.08,,,,,,
847,06/22/2025 14:20:00,31.31,102236.16,,,,,,
848,06/22/2025 14:25:00,28.78,102195.20,,,,,,
849,06/22/2025 14:30:00,24.88,101990.40,,,,,,
850,06/22/2025 14:35:00,23.03,101908.48,,,,,,
851,06/22/2025 14:40:00,22.05,101744.64,,,,,,
852,06/22/2025 14:45:00,22.09,101662.72,,,,,,
853,06/22/2025 14:50:00,22.48,101130.24,,,,,,
854,06/22/2025 14:55:00,22.73,100433.92,,,,,,
855,06/22/2025 15:00:00,23.16,100024.32,,,,,,
856,06/22/2025 15:05:00,22.82,99491.84,,,,,,
857,06/22/2025 15:10:00,22.65,98385.92,,,,,,
858,06/22/2025 15:15:00,22.56,98099.20,,,,,,
859,06/22/2025 15:20:00,23.34,97566.72,,,,,,
860,06/22/2025 15:25:00,23.76,96993.28,,,,,,
861,06/22/2025 15:30:00,23.51,96542.72,,,,,,
862,06/22/2025 15:35:00,23.46,95969.28,,,,,,
863,06/22/2025 15:40:00,23.55,95313.92,,,,,,
864,06/22/2025 15:45:00,24.15,94658.56,,,,,,
865,06/22/2025 15:50:00,25.09,93880.32,,,,,,
866,06/22/2025 15:55:00,25.95,93102.08,,,,,,
867,06/22/2025 16:00:00,27.20,92364.80,,,,,,
868,06/22/2025 16:05:00,27.75,91627.52,,,,,,
869,06/22/2025 16:10:00,27.88,90808.32,,,,,,
870,06/22/2025 16:15:00,27.93,89948.16,,,,,,
871,06/22/2025 16:20:00,28.27,88514.56,,,,,,
872,06/22/2025 16:25:00,28.31,88596.48,,,,,,
873,06/22/2025 16:30:00,29.51,87040.00,,,,,,
874,06/22/2025 16:35:00,29.21,86835.20,,,,,,
875,06/22/2025 16:40:00,28.87,86056.96,,,,,,
876,06/22/2025 16:45:00,28.87,82329.60,,,,,,
877,06/22/2025 16:50:00,24.54,80015.36,,,,,,
878,06/22/2025 16:55:00,21.79,79278.08,,,,,,
879,06/22/2025 17:00:00,21.58,81612.80,,,,,,
880,06/22/2025 17:05:00,21.88,82227.20,,,,,,
881,06/22/2025 17:10:00,21.28,81182.72,,,,,,
882,06/22/2025 17:15:00,21.06,79400.96,,,,,,
883,06/22/2025 17:20:00,20.25,75489.28,,,,,,
884,06/22/2025 17:25:00,20.85,79011.84,,,,,,
885,06/22/2025 17:30:00,20.89,78848.00,,,,,,
886,06/22/2025 17:35:00,21.23,78090.24,,,,,,
887,06/22/2025 17:40:00,21.36,77680.64,,,,,,
888,06/22/2025 17:45:00,21.19,77619.20,,,,,,
889,06/22/2025 17:50:00,20.76,77885.44,,,,,,
890,06/22/2025 17:55:00,20.25,78438.40,,,,,,
891,06/22/2025 18:00:00,19.82,79400.96,,,,,,
892,06/22/2025 18:05:00,19.52,80281.60,,,,,,
893,06/22/2025 18:10:00,19.22,81612.80,,,,,,
894,06/22/2025 18:15:00,19.00,81285.12,,,,,,
895,06/22/2025 18:20:00,18.92,81408.00,,,,,,
896,06/22/2025 18:25:00,18.62,80302.08,,,,,,
897,06/22/2025 18:30:00,18.53,78540.80,,,,,,
898,06/22/2025 18:35:00,18.14,76124.16,,,,,,
899,06/22/2025 18:40:00,18.23,73359.36,,,,,,
900,06/22/2025 18:45:00,18.27,70205.44,,,,,,
901,06/22/2025 18:50:00,18.19,66457.60,,,,,,
902,06/22/2025 18:55:00,17.59,63385.60,,,,,,
903,06/22/2025 19:00:00,17.24,61460.48,,,,,,
904,06/22/2025 19:05:00,17.11,58552.32,,,,,,
905,06/22/2025 19:10:00,16.69,54251.52,,,,,,
906,06/22/2025 19:15:00,16.90,54087.68,,,,,,
907,06/22/2025 19:20:00,17.80,52756.48,,,,,,
908,06/22/2025 19:25:00,17.33,51916.80,,,,,,
909,06/22/2025 19:30:00,16.90,50769.92,,,,,,
910,06/22/2025 19:35:00,17.20,49111.04,,,,,,
911,06/22/2025 19:40:00,16.99,47247.36,,,,,,
912,06/22/2025 19:45:00,16.94,45629.44,,,,,,
913,06/22/2025 19:50:00,18.66,41103.36,,,,,,
914,06/22/2025 19:55:00,18.92,41984.00,,,,,,
915,06/22/2025 20:00:00,18.32,39731.20,,,,,,
916,06/22/2025 20:05:00,17.03,40591.36,,,,,,
917,06/22/2025 20:10:00,17.03,42926.08,,,,,,
918,06/22/2025 20:15:00,17.50,40785.92,,,,,,
919,06/22/2025 20:20:00,17.63,40232.96,,,,,,
920,06/22/2025 20:25:00,18.49,36608.00,,,,,,
921,06/22/2025 20:30:00,18.66,35962.88,,,,,,
922,06/22/2025 20:35:00,17.24,34897.92,,,,,,
923,06/22/2025 20:40:00,14.71,31559.68,,,,,,
924,06/22/2025 20:45:00,13.04,29163.52,,,,,,
925,06/22/2025 20:50:00,11.92,24125.44,,,,,,
926,06/22/2025 20:55:00,10.42,20372.48,,,,,,
927,06/22/2025 21:00:00,9.26,17607.68,,,,,,
928,06/22/2025 21:05:00,9.69,19317.76,,,,,,
929,06/22/2025 21:10:00,9.09,15482.88,,,,,,
930,06/22/2025 21:15:00,8.36,15759.36,,,,,,
931,06/22/2025 21:20:00,8.02,15948.80,,,,,,
932,06/22/2025 21:25:00,8.45,17121.28,,,,,,
933,06/22/2025 21:30:00,8.79,15856.64,,,,,,
934,06/22/2025 21:35:00,9.05,14336.00,,,,,,
935,06/22/2025 21:40:00,8.75,14208.00,,,,,,
936,06/22/2025 21:45:00,8.49,13009.92,,,,,,
937,06/22/2025 21:50:00,7.76,11110.40,,,,,,
938,06/22/2025 21:55:00,7.72,10199.04,,,,,,
939,06/22/2025 22:00:00,7.33,9699.84,,,,,,
940,06/22/2025 22:05:00,6.99,8153.60,,,,,,
941,06/22/2025 22:10:00,6.86,7953.92,,,,,,
942,06/22/2025 22:15:00,5.79,5253.12,,,,,,
943,06/22/2025 22:20:00,3.34,4494.08,,,,,,
944,06/22/2025 22:25:00,2.79,3993.60,,,,,,
945,06/22/2025 22:30:00,2.96,3496.96,,,,,,
946,06/22/2025 22:35:00,2.74,3023.36,,,,,,
947,06/22/2025 22:40:00,3.47,2563.20,,,,,,
948,06/22/2025 22:45:00,3.34,2146.56,,,,,,
949,06/22/2025 22:50:00,3.30,1750.40,,,,,,
950,06/22/2025 22:55:00,3.69,1395.84,,,,,,
951,06/22/2025 23:00:00,4.42,1101.44,,,,,,
952,06/22/2025 23:05:00,4.50,856.96,,,,,,
953,06/22/2025 23:10:00,4.80,663.68,,,,,,
954,06/22/2025 23:15:00,4.63,514.88,,,,,,
955,06/22/2025 23:20:00,4.54,398.08,,,,,,
956,06/22/2025 23:25:00,4.03,306.16,,,,,,
957,06/22/2025 23:30:00,3.90,234.40,,,,,,
958,06/22/2025 23:35:00,3.82,169.04,,,,,,
959,06/22/2025 23:40:00,3.47,119.04,,,,,,
960,06/22/2025 23:45:00,3.99,82.76,,,,,,
961,06/22/2025 23:50:00,4.12,60.00,,,,,,
962,06/22/2025 23:55:00,3.56,43.44,,,,,,
963,06/23/2025 00:00:00,3.73,31.82,,,,,,
964,06/23/2025 00:05:00,3.64,23.54,,,,,,
965,06/23/2025 00:10:00,3.39,17.91,,,,,,
966,06/23/2025 00:15:00,3.64,13.57,,,,,,
967,06/23/2025 00:20:00,3.99,10.28,,,,,,
968,06/23/2025 00:25:00,4.37,7.42,,,,,,
969,06/23/2025 00:30:00,4.72,5.96,,,,,,
970,06/23/2025 00:35:00,5.02,3.93,,,,,,
971,06/23/2025 00:40:00,4.97,3.29,,,,,,
972,06/23/2025 00:45:00,5.06,2.46,,,,,,
973,06/23/2025 00:50:00,4.84,2.05,,,,,,
974,06/23/2025 00:55:00,4.46,1.43,,,,,,
975,06/23/2025 01:00:00,3.99,1.43,,,,,,
976,06/23/2025 01:05:00,3.99,0.82,,,,,,
977,06/23/2025 01:10:00,3.90,1.02,,,,,,
978,06/23/2025 01:15:00,3.99,0.61,,,,,,
979,06/23/2025 01:20:00,4.37,0.41,,,,,,
980,06/23/2025 01:25:00,4.12,0.41,,,,,,
981,06/23/2025 01:30:00,3.90,0.20,,,,,,
982,06/23/2025 01:35:00,3.99,0.41,,,,,,
983,06/23/2025 01:40:00,4.20,0.20,,,,,,
984,06/23/2025 01:45:00,4.16,0.00,,,,,,
985,06/23/2025 01:50:00,4.03,0.41,,,,,,
986,06/23/2025 01:55:00,3.34,0.41,,,,,,
987,06/23/2025 02:00:00,3.21,0.41,,,,,,
988,06/23/2025 02:05:00,3.47,0.41,,,,,,
989,06/23/2025 02:10:00,3.21,0.41,,,,,,
990,06/23/2025 02:15:00,2.91,1.02,,,,,,
991,06/23/2025 02:20:00,3.13,0.41,,,,,,
992,06/23/2025 02:25:00,2.79,0.61,,,,,,
993,06/23/2025 02:30:00,2.96,1.02,,,,,,
994,06/23/2025 02:35:00,2.57,0.61,,,,,,
995,06/23/2025 02:40:00,2.14,0.82,,,,,,
996,06/23/2025 02:45:00,2.19,1.02,,,,,,
997,06/23/2025 02:50:00,1.80,1.02,,,,,,
998,06/23/2025 02:55:00,1.50,1.23,,,,,,
999,06/23/2025 03:00:00,1.97,1.64,,,,,,
1000,06/23/2025 03:05:00,1.93,1.85,,,,,,
1001,06/23/2025 03:10:00,1.63,2.46,,,,,,
1002,06/23/2025 03:15:00,1.88,3.08,,,,,,
1003,06/23/2025 03:20:00,1.80,3.90,,,,,,
1004,06/23/2025 03:25:00,1.84,4.93,,,,,,
1005,06/23/2025 03:30:00,1.76,6.37,,,,,,
1006,06/23/2025 03:35:00,1.67,8.43,,,,,,
1007,06/23/2025 03:40:00,1.28,11.31,,,,,,
1008,06/23/2025 03:45:00,0.73,14.83,,,,,,
1009,06/23/2025 03:50:00,0.60,19.79,,,,,,
1010,06/23/2025 03:55:00,0.43,26.47,,,,,,
1011,06/23/2025 04:00:00,0.68,36.40,,,,,,
1012,06/23/2025 04:05:00,1.07,50.48,,,,,,
1013,06/23/2025 04:10:00,0.94,69.50,,,,,,
1014,06/23/2025 04:15:00,0.64,97.56,,,,,,
1015,06/23/2025 04:20:00,0.86,134.80,,,,,,
1016,06/23/2025 04:25:00,1.07,182.16,,,,,,
1017,06/23/2025 04:30:00,1.28,244.08,,,,,,
1018,06/23/2025 04:35:00,1.50,325.28,,,,,,
1019,06/23/2025 04:40:00,1.50,426.88,,,,,,
1020,06/23/2025 04:45:00,1.37,553.60,,,,,,
1021,06/23/2025 04:50:00,1.28,713.60,,,,,,
1022,06/23/2025 04:55:00,1.24,902.40,,,,,,
1023,06/23/2025 05:00:00,1.54,1159.68,,,,,,
1024,06/23/2025 05:05:00,1.46,1452.16,,,,,,
1025,06/23/2025 05:10:00,1.41,1845.76,,,,,,
1026,06/23/2025 05:15:00,1.28,2355.84,,,,,,
1027,06/23/2025 05:20:00,2.23,3041.28,,,,,,
1028,06/23/2025 05:25:00,3.21,3687.68,,,,,,
1029,06/23/2025 05:30:00,3.47,4184.32,,,,,,
1030,06/23/2025 05:35:00,3.60,4523.52,,,,,,
1031,06/23/2025 05:40:00,3.77,4981.76,,,,,,
1032,06/23/2025 05:45:00,3.34,5800.96,,,,,,
1033,06/23/2025 05:50:00,2.79,5882.88,,,,,,
1034,06/23/2025 05:55:00,2.91,5852.16,,,,,,
1035,06/23/2025 06:00:00,3.30,7664.64,,,,,,
1036,06/23/2025 06:05:00,3.13,7006.72,,,,,,
1037,06/23/2025 06:10:00,4.03,9395.20,,,,,,
1038,06/23/2025 06:15:00,3.00,7144.96,,,,,,
1039,06/23/2025 06:20:00,2.57,7600.64,,,,,,
1040,06/23/2025 06:25:00,2.27,7639.04,,,,,,
1041,06/23/2025 06:30:00,2.10,7843.84,,,,,,
1042,06/23/2025 06:35:00,2.10,7797.76,,,,,,
1043,06/23/2025 06:40:00,2.06,8844.80,,,,,,
1044,06/23/2025 06:45:00,2.91,11934.72,,,,,,
1045,06/23/2025 06:50:00,4.54,13542.40,,,,,,
1046,06/23/2025 06:55:00,5.10,14305.28,,,,,,
1047,06/23/2025 07:00:00,5.79,17228.80,,,,,,
1048,06/23/2025 07:05:00,7.08,21227.52,,,,,,
1049,06/23/2025 07:10:00,8.23,21944.32,,,,,,
1050,06/23/2025 07:15:00,8.53,17863.68,,,,,,
1051,06/23/2025 07:20:00,7.38,16829.44,,,,,,
1052,06/23/2025 07:25:00,6.65,14699.52,,,,,,
1053,06/23/2025 07:30:00,6.69,16481.28,,,,,,
1054,06/23/2025 07:35:00,7.59,20510.72,,,,,,
1055,06/23/2025 07:40:00,8.62,21166.08,,,,,,
1056,06/23/2025 07:45:00,8.62,20300.80,,,,,,
1057,06/23/2025 07:50:00,8.23,21043.20,,,,,,
1058,06/23/2025 07:55:00,8.02,20275.20,,,,,,
1059,06/23/2025 08:00:00,7.03,19235.84,,,,,,
1060,06/23/2025 08:05:00,6.56,20019.20,,,,,,
1061,06/23/2025 08:10:00,5.87,17899.52,,,,,,
1062,06/23/2025 08:15:00,5.32,17960.96,,,,,,
1063,06/23/2025 08:20:00,5.10,18421.76,,,,,,
1064,06/23/2025 08:25:00,5.10,20157.44,,,,,,
1065,06/23/2025 08:30:00,5.66,22517.76,,,,,,
1066,06/23/2025 08:35:00,6.00,24494.08,,,,,,
1067,06/23/2025 08:40:00,6.73,27238.40,,,,,,
1068,06/23/2025 08:45:00,7.42,30412.80,,,,,,
1069,06/23/2025 08:50:00,7.59,30976.00,,,,,,
1070,06/23/2025 08:55:00,7.50,31262.72,,,,,,
1071,06/23/2025 09:00:00,7.50,34099.20,,,,,,
1072,06/23/2025 09:05:00,7.68,38072.32,,,,,,
1073,06/23/2025 09:10:00,8.15,38860.80,,,,,,
1074,06/23/2025 09:15:00,8.23,38625.28,,,,,,
1075,06/23/2025 09:20:00,8.15,36741.12,,,,,,
1076,06/23/2025 09:25:00,7.63,35194.88,,,,,,
1077,06/23/2025 09:30:00,7.63,34109.44,,,,,,
1078,06/23/2025 09:35:00,8.06,38594.56,,,,,,
1079,06/23/2025 09:40:00,8.23,38666.24,,,,,,
1080,06/23/2025 09:45:00,8.06,38133.76,,,,,,
1081,06/23/2025 09:50:00,8.92,42209.28,,,,,,
1082,06/23/2025 09:55:00,9.74,43622.40,,,,,,
1083,06/23/2025 10:00:00,10.42,46346.24,,,,,,
1084,06/23/2025 10:05:00,11.02,41850.88,,,,,,
1085,06/23/2025 10:10:00,10.94,43130.88,,,,,,
1086,06/23/2025 10:15:00,10.81,43888.64,,,,,,
1087,06/23/2025 10:20:00,10.77,47718.40,,,,,,
1088,06/23/2025 10:25:00,10.98,48353.28,,,,,,
1089,06/23/2025 10:30:00,10.94,48742.40,,,,,,
1090,06/23/2025 10:35:00,11.19,53555.20,,,,,,
1091,06/23/2025 10:40:00,12.44,62238.72,,,,,,
1092,06/23/2025 10:45:00,13.00,66027.52,,,,,,
1093,06/23/2025 10:50:00,13.90,66621.44,,,,,,
1094,06/23/2025 10:55:00,13.30,63037.44,,,,,,
1095,06/23/2025 11:00:00,13.98,72990.72,,,,,,
1096,06/23/2025 11:05:00,14.93,69427.20,,,,,,
1097,06/23/2025 11:10:00,15.48,67543.04,,,,,,
1098,06/23/2025 11:15:00,15.74,68567.04,,,,,,
1099,06/23/2025 11:20:00,15.87,67665.92,,,,,,
1100,06/23/2025 11:25:00,15.44,67727.36,,,,,,
1101,06/23/2025 11:30:00,14.63,64901.12,,,,,,
1102,06/23/2025 11:35:00,14.41,64634.88,,,,,,
1103,06/23/2025 11:40:00,14.24,65515.52,,,,,,
1104,06/23/2025 11:45:00,14.84,70205.44,,,,,,
1105,06/23/2025 11:50:00,15.14,75571.20,,,,,,
1106,06/23/2025 11:55:00,14.88,81428.48,,,,,,
1107,06/23/2025 12:00:00,14.84,84787.20,,,,,,
1108,06/23/2025 12:05:00,16.13,85975.04,,,,,,
1109,06/23/2025 12:10:00,16.30,79851.52,,,,,,
1110,06/23/2025 12:15:00,17.59,87941.12,,,,,,
1111,06/23/2025 12:20:00,20.37,80936.96,,,,,,
1112,06/23/2025 12:25:00,18.44,69324.80,,,,,,
1113,06/23/2025 12:30:00,15.91,67502.08,,,,,,
1114,06/23/2025 12:35:00,15.96,66887.68,,,,,,
1115,06/23/2025 12:40:00,15.87,58306.56,,,,,,
1116,06/23/2025 12:45:00,14.71,59248.64,,,,,,
1117,06/23/2025 12:50:00,13.98,60272.64,,,,,,
1118,06/23/2025 12:55:00,12.70,61644.80,,,,,,
1119,06/23/2025 13:00:00,13.64,71720.96,,,,,,
1120,06/23/2025 13:05:00,14.41,76042.24,,,,,,
1121,06/23/2025 13:10:00,14.03,72642.56,,,,,,
1122,06/23/2025 13:15:00,13.55,74383.36,,,,,,
1123,06/23/2025 13:20:00,13.38,69160.96,,,,,,
1124,06/23/2025 13:25:00,13.08,65843.20,,,,,,
1125,06/23/2025 13:30:00,11.84,61112.32,,,,,,
1126,06/23/2025 13:35:00,11.45,64962.56,,,,,,
1127,06/23/2025 13:40:00,11.15,62013.44,,,,,,
1128,06/23/2025 13:45:00,10.59,62791.68,,,,,,
1129,06/23/2025 13:50:00,11.19,64798.72,,,,,,
1130,06/23/2025 13:55:00,10.81,64245.76,,,,,,
1131,06/23/2025 14:00:00,10.98,68771.84,,,,,,
1132,06/23/2025 14:05:00,12.05,79032.32,,,,,,
1133,06/23/2025 14:10:00,12.57,77824.00,,,,,,
1134,06/23/2025 14:15:00,12.44,78254.08,,,,,,
1135,06/23/2025 14:20:00,12.61,81326.08,,,,,,
1136,06/23/2025 14:25:00,13.34,78929.92,,,,,,
1137,06/23/2025 14:30:00,13.77,84459.52,,,,,,
1138,06/23/2025 14:35:00,14.20,83496.96,,,,,,
1139,06/23/2025 14:40:00,14.58,85893.12,,,,,,
1140,06/23/2025 14:45:00,14.88,85975.04,,,,,,
1141,06/23/2025 14:50:00,14.93,80179.20,,,,,,
1142,06/23/2025 14:55:00,14.75,83189.76,,,,,,
1143,06/23/2025 15:00:00,14.15,80404.48,,,,,,
1144,06/23/2025 15:05:00,13.81,82145.28,,,,,,
1145,06/23/2025 15:10:00,13.77,81981.44,,,,,,
1146,06/23/2025 15:15:00,14.63,87285.76,,,,,,
1147,06/23/2025 15:20:00,15.18,86097.92,,,,,,
1148,06/23/2025 15:25:00,15.23,82350.08,,,,,,
1149,06/23/2025 15:30:00,14.37,79032.32,,,,,,
1150,06/23/2025 15:35:00,13.98,79831.04,,,,,,
1151,06/23/2025 15:40:00,13.55,80097.28,,,,,,
1152,06/23/2025 15:45:00,14.15,87203.84,,,,,,
1153,06/23/2025 15:50:00,13.98,82432.00,,,,,,
1154,06/23/2025 15:55:00,14.45,85811.20,,,,,,
1155,06/23/2025 16:00:00,14.03,75939.84,,,,,,
1156,06/23/2025 16:05:00,13.55,80506.88,,,,,,
1157,06/23/2025 16:10:00,13.43,76226.56,,,,,,
1158,06/23/2025 16:15:00,12.48,70492.16,,,,,,
1159,06/23/2025 16:20:00,11.62,62423.04,,,,,,
1160,06/23/2025 16:25:00,12.05,73113.60,,,,,,
1161,06/23/2025 16:30:00,12.70,71372.80,,,,,,
1162,06/23/2025 16:35:00,12.57,69160.96,,,,,,
1163,06/23/2025 16:40:00,11.92,60948.48,,,,,,
1164,06/23/2025 16:45:00,11.07,56709.12,,,,,,
1165,06/23/2025 16:50:00,10.08,56647.68,,,,,,
1166,06/23/2025 16:55:00,10.38,62504.96,,,,,,
1167,06/23/2025 17:00:00,10.64,68648.96,,,,,,
1168,06/23/2025 17:05:00,10.59,67297.28,,,,,,
1169,06/23/2025 17:10:00,14.15,81469.44,,,,,,
1170,06/23/2025 17:15:00,13.68,65269.76,,,,,,
1171,06/23/2025 17:20:00,11.71,67112.96,,,,,,
1172,06/23/2025 17:25:00,11.15,60989.44,,,,,,
1173,06/23/2025 17:30:00,11.19,61603.84,,,,,,
1174,06/23/2025 17:35:00,10.77,63262.72,,,,,,
1175,06/23/2025 17:40:00,11.71,66519.04,,,,,,
1176,06/23/2025 17:45:00,11.19,63488.00,,,,,,
1177,06/23/2025 17:50:00,11.32,57999.36,,,,,,
1178,06/23/2025 17:55:00,11.02,56606.72,,,,,,
1179,06/23/2025 18:00:00,11.67,56463.36,,,,,,
1180,06/23/2025 18:05:00,11.19,57528.32,,,,,,
1181,06/23/2025 18:10:00,12.35,70676.48,,,,,,
1182,06/23/2025 18:15:00,12.82,66580.48,,,,,,
1183,06/23/2025 18:20:00,12.05,59473.92,,,,,,
1184,06/23/2025 18:25:00,11.92,58347.52,,,,,,
1185,06/23/2025 18:30:00,11.19,59187.20,,,,,,
1186,06/23/2025 18:35:00,11.24,60825.60,,,,,,
1187,06/23/2025 18:40:00,10.51,57774.08,,,,,,
1188,06/23/2025 18:45:00,11.97,64921.60,,,,,,
1189,06/23/2025 18:50:00,12.65,54620.16,,,,,,
1190,06/23/2025 18:55:00,12.01,59822.08,,,,,,
1191,06/23/2025 19:00:00,11.92,62197.76,,,,,,
1192,06/23/2025 19:05:00,13.47,61583.36,,,,,,
1193,06/23/2025 19:10:00,13.08,53637.12,,,,,,
1194,06/23/2025 19:15:00,15.83,74301.44,,,,,,
1195,06/23/2025 19:20:00,11.07,41891.84,,,,,,
1196,06/23/2025 19:25:00,9.39,44810.24,,,,,,
1197,06/23/2025 19:30:00,8.32,40089.60,,,,,,
1198,06/23/2025 19:35:00,7.46,35133.44,,,,,,
1199,06/23/2025 19:40:00,7.12,37201.92,,,,,,
1200,06/23/2025 19:45:00,7.33,37376.00,,,,,,
1201,06/23/2025 19:50:00,7.20,33607.68,,,,,,
1202,06/23/2025 19:55:00,6.78,31467.52,,,,,,
1203,06/23/2025 20:00:00,7.42,36823.04,,,,,,
1204,06/23/2025 20:05:00,7.93,52326.40,,,,,,
1205,06/23/2025 20:10:00,6.78,29491.20,,,,,,
1206,06/23/2025 20:15:00,5.96,21278.72,,,,,,
1207,06/23/2025 20:20:00,5.92,32133.12,,,,,,
1208,06/23/2025 20:25:00,5.62,21555.20,,,,,,
1209,06/23/2025 20:30:00,5.27,17474.56,,,,,,
1210,06/23/2025 20:35:00,5.15,18186.24,,,,,,
1211,06/23/2025 20:40:00,4.50,14305.28,,,,,,
1212,06/23/2025 20:45:00,3.99,12549.12,,,,,,
1213,06/23/2025 20:50:00,3.82,13317.12,,,,,,
1214,06/23/2025 20:55:00,4.03,14392.32,,,,,,
1215,06/23/2025 21:00:00,3.99,14223.36,,,,,,
1216,06/23/2025 21:05:00,3.94,11909.12,,,,,,
1217,06/23/2025 21:10:00,3.73,10245.12,,,,,,
1218,06/23/2025 21:15:00,3.56,10001.92,,,,,,
1219,06/23/2025 21:20:00,3.69,9745.92,,,,,,
1220,06/23/2025 21:25:00,3.21,6727.68,,,,,,
1221,06/23/2025 21:30:00,3.13,6784.00,,,,,,
1222,06/23/2025 21:35:00,3.09,6520.32,,,,,,
1223,06/23/2025 21:40:00,3.09,6712.32,,,,,,
1224,06/23/2025 21:45:00,3.13,6602.24,,,,,,
1225,06/23/2025 21:50:00,3.13,6159.36,,,,,,
1226,06/23/2025 21:55:00,3.17,5824.00,,,,,,
1227,06/23/2025 22:00:00,3.04,5365.76,,,,,,
1228,06/23/2025 22:05:00,3.26,5322.24,,,,,,
1229,06/23/2025 22:10:00,3.00,4988.16,,,,,,
1230,06/23/2025 22:15:00,3.00,4471.04,,,,,,
1231,06/23/2025 22:20:00,2.74,3509.76,,,,,,
1232,06/23/2025 22:25:00,2.70,2926.08,,,,,,
1233,06/23/2025 22:30:00,2.31,2464.00,,,,,,
1234,06/23/2025 22:35:00,2.14,2099.20,,,,,,
1235,06/23/2025 22:40:00,2.06,1720.32,,,,,,
1236,06/23/2025 22:45:00,1.88,1276.48,,,,,,
1237,06/23/2025 22:50:00,1.88,1070.08,,,,,,
1238,06/23/2025 22:55:00,1.93,883.20,,,,,,
1239,06/23/2025 23:00:00,2.06,620.96,,,,,,
1240,06/23/2025 23:05:00,1.93,514.40,,,,,,
1241,06/23/2025 23:10:00,2.14,440.80,,,,,,
1242,06/23/2025 23:15:00,1.97,347.52,,,,,,
1243,06/23/2025 23:20:00,1.80,267.92,,,,,,
1244,06/23/2025 23:25:00,1.84,198.64,,,,,,
1245,06/23/2025 23:30:00,1.71,148.76,,,,,,
1246,06/23/2025 23:35:00,1.97,111.56,,,,,,
1247,06/23/2025 23:40:00,2.19,81.02,,,,,,
1248,06/23/2025 23:45:00,2.14,59.12,,,,,,
1249,06/23/2025 23:50:00,2.06,44.62,,,,,,
1250,06/23/2025 23:55:00,2.01,32.64,,,,,,
1251,06/24/2025 00:00:00,2.01,22.72,,,,,,
1252,06/24/2025 00:05:00,2.19,16.47,,,,,,
1253,06/24/2025 00:10:00,2.14,12.33,,,,,,
1254,06/24/2025 00:15:00,2.06,9.25,,,,,,
1255,06/24/2025 00:20:00,2.14,7.19,,,,,,
1256,06/24/2025 00:25:00,2.10,5.55,,,,,,
1257,06/24/2025 00:30:00,2.14,4.31,,,,,,
1258,06/24/2025 00:35:00,1.93,3.29,,,,,,
1259,06/24/2025 00:40:00,1.97,2.46,,,,,,
1260,06/24/2025 00:45:00,1.97,2.05,,,,,,
1261,06/24/2025 00:50:00,2.06,1.85,,,,,,
1262,06/24/2025 00:55:00,2.10,1.43,,,,,,
1263,06/24/2025 01:00:00,2.06,1.23,,,,,,
1264,06/24/2025 01:05:00,1.88,0.82,,,,,,
1265,06/24/2025 01:10:00,1.84,0.82,,,,,,
1266,06/24/2025 01:15:00,1.93,0.61,,,,,,
1267,06/24/2025 01:20:00,2.01,0.41,,,,,,
1268,06/24/2025 01:25:00,2.01,0.41,,,,,,
1269,06/24/2025 01:30:00,2.06,0.20,,,,,,
1270,06/24/2025 01:35:00,1.88,0.20,,,,,,
1271,06/24/2025 01:40:00,1.97,0.20,,,,,,
1272,06/24/2025 01:45:00,2.19,0.20,,,,,,
1273,06/24/2025 01:50:00,2.06,0.20,,,,,,
1274,06/24/2025 01:55:00,2.10,0.20,,,,,,
1275,06/24/2025 02:00:00,2.14,0.20,,,,,,
1276,06/24/2025 02:05:00,2.23,0.20,,,,,,
1277,06/24/2025 02:10:00,2.19,0.20,,,,,,
1278,06/24/2025 02:15:00,2.23,0.20,,,,,,
1279,06/24/2025 02:20:00,2.06,0.20,,,,,,
1280,06/24/2025 02:25:00,1.71,0.20,,,,,,
1281,06/24/2025 02:30:00,1.67,0.20,,,,,,
1282,06/24/2025 02:35:00,1.58,0.20,,,,,,
1283,06/24/2025 02:40:00,1.84,0.41,,,,,,
1284,06/24/2025 02:45:00,1.76,0.41,,,,,,
1285,06/24/2025 02:50:00,1.84,0.61,,,,,,
1286,06/24/2025 02:55:00,1.93,0.82,,,,,,
1287,06/24/2025 03:00:00,2.10,1.23,,,,,,
1288,06/24/2025 03:05:00,2.10,1.64,,,,,,
1289,06/24/2025 03:10:00,2.14,1.64,,,,,,
1290,06/24/2025 03:15:00,2.14,2.26,,,,,,
1291,06/24/2025 03:20:00,2.10,2.67,,,,,,
1292,06/24/2025 03:25:00,2.06,3.70,,,,,,
1293,06/24/2025 03:30:00,1.97,4.73,,,,,,
1294,06/24/2025 03:35:00,1.84,5.78,,,,,,
1295,06/24/2025 03:40:00,1.63,8.43,,,,,,
1296,06/24/2025 03:45:00,1.41,11.31,,,,,,
1297,06/24/2025 03:50:00,1.37,14.62,,,,,,
1298,06/24/2025 03:55:00,1.37,19.17,,,,,,
1299,06/24/2025 04:00:00,1.16,26.01,,,,,,
1300,06/24/2025 04:05:00,0.94,35.98,,,,,,
1301,06/24/2025 04:10:00,0.94,52.90,,,,,,
1302,06/24/2025 04:15:00,1.11,73.62,,,,,,
1303,06/24/2025 04:20:00,1.20,96.76,,,,,,
1304,06/24/2025 04:25:00,1.20,134.68,,,,,,
1305,06/24/2025 04:30:00,1.16,185.28,,,,,,
1306,06/24/2025 04:35:00,1.16,241.60,,,,,,
1307,06/24/2025 04:40:00,1.24,330.88,,,,,,
1308,06/24/2025 04:45:00,1.24,430.08,,,,,,
1309,06/24/2025 04:50:00,1.24,584.80,,,,,,
1310,06/24/2025 04:55:00,1.20,718.08,,,,,,
1311,06/24/2025 05:00:00,1.20,824.00,,,,,,
1312,06/24/2025 05:05:00,1.24,1000.96,,,,,,
1313,06/24/2025 05:10:00,1.33,1400.32,,,,,,
1314,06/24/2025 05:15:00,1.37,1645.44,,,,,,
1315,06/24/2025 05:20:00,1.41,1880.32,,,,,,
1316,06/24/2025 05:25:00,1.41,2191.36,,,,,,
1317,06/24/2025 05:30:00,1.63,3162.88,,,,,,
1318,06/24/2025 05:35:00,1.71,2745.60,,,,,,
1319,06/24/2025 05:40:00,1.63,3143.68,,,,,,
1320,06/24/2025 05:45:00,1.63,3750.40,,,,,,
1321,06/24/2025 05:50:00,1.84,5059.84,,,,,,
1322,06/24/2025 05:55:00,1.97,5411.84,,,,,,
1323,06/24/2025 06:00:00,2.01,5716.48,,,,,,
1324,06/24/2025 06:05:00,2.10,6172.16,,,,,,
1325,06/24/2025 06:10:00,2.10,6592.00,,,,,,
1326,06/24/2025 06:15:00,2.19,7370.24,,,,,,
1327,06/24/2025 06:20:00,2.53,9272.32,,,,,,
1328,06/24/2025 06:25:00,2.74,9423.36,,,,,,
1329,06/24/2025 06:30:00,2.74,10193.92,,,,,,
1330,06/24/2025 06:35:00,2.91,11755.52,,,,,,
1331,06/24/2025 06:40:00,2.91,12098.56,,,,,,
1332,06/24/2025 06:45:00,2.91,13066.24,,,,,,
1333,06/24/2025 06:50:00,3.09,13706.24,,,,,,
1334,06/24/2025 06:55:00,3.39,16179.20,,,,,,
1335,06/24/2025 07:00:00,3.77,19584.00,,,,,,
1336,06/24/2025 07:05:00,3.90,19957.76,,,,,,
1337,06/24/2025 07:10:00,4.54,24586.24,,,,,,
1338,06/24/2025 07:15:00,4.67,21514.24,,,,,,
1339,06/24/2025 07:20:00,4.63,19916.80,,,,,,
1340,06/24/2025 07:25:00,5.32,21135.36,,,,,,
1341,06/24/2025 07:30:00,6.39,31600.64,,,,,,
1342,06/24/2025 07:35:00,6.26,25640.96,,,,,,
1343,06/24/2025 07:40:00,5.40,25886.72,,,,,,
1344,06/24/2025 07:45:00,4.20,15272.96,,,,,,
1345,06/24/2025 07:50:00,5.96,30658.56,,,,,,
1346,06/24/2025 07:55:00,8.19,33648.64,,,,,,
1347,06/24/2025 08:00:00,8.45,34918.40,,,,,,
1348,06/24/2025 08:05:00,8.49,40069.12,,,,,,
1349,06/24/2025 08:10:00,8.49,36597.76,,,,,,
1350,06/24/2025 08:15:00,8.49,43335.68,,,,,,
1351,06/24/2025 08:20:00,9.22,46837.76,,,,,,
1352,06/24/2025 08:25:00,9.22,46202.88,,,,,,
1353,06/24/2025 08:30:00,8.83,44912.64,,,,,,
1354,06/24/2025 08:35:00,9.48,42700.80,,,,,,
1355,06/24/2025 08:40:00,10.08,57712.64,,,,,,
1356,06/24/2025 08:45:00,11.67,53698.56,,,,,,
1357,06/24/2025 08:50:00,13.43,55296.00,,,,,,
1358,06/24/2025 08:55:00,14.63,56012.80,,,,,,
1359,06/24/2025 09:00:00,15.70,62689.28,,,,,,
1360,06/24/2025 09:05:00,15.91,66109.44,,,,,,
1361,06/24/2025 09:10:00,16.43,71147.52,,,,,,
1362,06/24/2025 09:15:00,17.89,69099.52,,,,,,
1363,06/24/2025 09:20:00,18.79,69877.76,,,,,,
1364,06/24/2025 09:25:00,18.19,61726.72,,,,,,
1365,06/24/2025 09:30:00,16.86,63610.88,,,,,,
1366,06/24/2025 09:35:00,14.71,65085.44,,,,,,
1367,06/24/2025 09:40:00,15.10,66088.96,,,,,,
1368,06/24/2025 09:45:00,15.48,68136.96,,,,,,
1369,06/24/2025 09:50:00,15.91,69713.92,,,,,,
1370,06/24/2025 09:55:00,15.40,71516.16,,,,,,
1371,06/24/2025 10:00:00,15.74,73359.36,,,,,,
1372,06/24/2025 10:05:00,16.43,75653.12,,,,,,
1373,06/24/2025 10:10:00,16.30,78110.72,,,,,,
1374,06/24/2025 10:15:00,17.46,70410.24,,,,,,
1375,06/24/2025 10:20:00,17.54,87941.12,,,,,,
1376,06/24/2025 10:25:00,14.33,49356.80,,,,,,
1377,06/24/2025 10:30:00,14.24,86507.52,,,,,,
1378,06/24/2025 10:35:00,13.21,60477.44,,,,,,
1379,06/24/2025 10:40:00,10.42,53104.64,,,,,,
1380,06/24/2025 10:45:00,8.75,61952.00,,,,,,
1381,06/24/2025 10:50:00,9.61,57425.92,,,,,,
1382,06/24/2025 10:55:00,10.29,73564.16,,,,,,
1383,06/24/2025 11:00:00,12.87,86097.92,,,,,,
1384,06/24/2025 11:05:00,13.38,75161.60,,,,,,
1385,06/24/2025 11:10:00,13.60,82247.68,,,,,,
1386,06/24/2025 11:15:00,14.37,120668.16,,,,,,
1387,06/24/2025 11:20:00,14.54,88924.16,,,,,,
1388,06/24/2025 11:25:00,13.73,78356.48,,,,,,
1389,06/24/2025 11:30:00,16.43,96542.72,,,,,,
1390,06/24/2025 11:35:00,18.14,81592.32,,,,,,
1391,06/24/2025 11:40:00,17.33,78622.72,,,,,,
1392,06/24/2025 11:45:00,18.32,79175.68,,,,,,
1393,06/24/2025 11:50:00,16.99,76206.08,,,,,,
1394,06/24/2025 11:55:00,18.83,82165.76,,,,,,
1395,06/24/2025 12:00:00,21.53,86630.40,,,,,,
1396,06/24/2025 12:05:00,21.02,77803.52,,,,,,
1397,06/24/2025 12:10:00,20.93,80199.68,,,,,,
1398,06/24/2025 12:15:00,20.33,78172.16,,,,,,
1399,06/24/2025 12:20:00,21.06,80916.48,,,,,,
1400,06/24/2025 12:25:00,22.69,85524.48,,,,,,
1401,06/24/2025 12:30:00,24.45,85934.08,,,,,,
1402,06/24/2025 12:35:00,24.54,85893.12,,,,,,
1403,06/24/2025 12:40:00,22.95,82452.48,,,,,,
1404,06/24/2025 12:45:00,22.69,79114.24,,,,,,
1405,06/24/2025 12:50:00,22.69,85360.64,,,,,,
1406,06/24/2025 12:55:00,24.06,84746.24,,,,,,
1407,06/24/2025 13:00:00,27.41,93552.64,,,,,,
1408,06/24/2025 13:05:00,33.20,167731.20,,,,,,
1409,06/24/2025 13:10:00,28.95,85442.56,,,,,,
1410,06/24/2025 13:15:00,26.34,88268.80,,,,,,
1411,06/24/2025 13:20:00,23.16,73297.92,,,,,,
1412,06/24/2025 13:25:00,22.39,92446.72,,,,,,
1413,06/24/2025 13:30:00,22.43,85360.64,,,,,,
1414,06/24/2025 13:35:00,26.47,115343.36,,,,,,
1415,06/24/2025 13:40:00,27.32,92282.88,,,,,,
1416,06/24/2025 13:45:00,31.87,122142.72,,,,,,
1417,06/24/2025 13:50:00,34.62,92405.76,,,,,,
1418,06/24/2025 13:55:00,34.06,96542.72,,,,,,
1419,06/24/2025 14:00:00,36.51,104939.52,,,,,,
1420,06/24/2025 14:05:00,34.45,101785.60,,,,,,
1421,06/24/2025 14:10:00,37.58,94699.52,,,,,,
1422,06/24/2025 14:15:00,34.70,97607.68,,,,,,
1423,06/24/2025 14:20:00,31.49,100229.12,,,,,,
1424,06/24/2025 14:25:00,32.64,89415.68,,,,,,
1425,06/24/2025 14:30:00,30.67,96419.84,,,,,,
1426,06/24/2025 14:35:00,28.95,94371.84,,,,,,
1427,06/24/2025 14:40:00,26.81,88760.32,,,,,,
1428,06/24/2025 14:45:00,25.31,87572.48,,,,,,
1429,06/24/2025 14:50:00,24.71,90316.80,,,,,,
1430,06/24/2025 14:55:00,25.39,90521.60,,,,,,
1431,06/24/2025 15:00:00,25.39,92160.00,,,,,,
1432,06/24/2025 15:05:00,25.65,93552.64,,,,,,
1433,06/24/2025 15:10:00,23.16,84705.28,,,,,,
1434,06/24/2025 15:15:00,21.88,95436.80,,,,,,
1435,06/24/2025 15:20:00,22.69,95436.80,,,,,,
1436,06/24/2025 15:25:00,22.95,87326.72,,,,,,
1437,06/24/2025 15:30:00,22.31,89907.20,,,,,,
1438,06/24/2025 15:35:00,22.26,89866.24,,,,,,
1439,06/24/2025 15:40:00,22.18,89333.76,,,,,,
1440,06/24/2025 15:45:00,23.46,84049.92,,,,,,
1441,06/24/2025 15:50:00,23.85,93265.92,,,,,,
1442,06/24/2025 15:55:00,24.71,84336.64,,,,,,
1443,06/24/2025 16:00:00,23.94,88023.04,,,,,,
1444,06/24/2025 16:05:00,23.68,93839.36,,,,,,
1445,06/24/2025 16:10:00,24.58,86466.56,,,,,,
1446,06/24/2025 16:15:00,25.74,93143.04,,,,,,
1447,06/24/2025 16:20:00,26.55,84090.88,,,,,,
1448,06/24/2025 16:25:00,25.87,130908.16,,,,,,
1449,06/24/2025 16:30:00,26.85,100024.32,,,,,,
1450,06/24/2025 16:35:00,29.13,78049.28,,,,,,
1451,06/24/2025 16:40:00,26.90,84664.32,,,,,,
1452,06/24/2025 16:45:00,26.21,78643.20,,,,,,
1453,06/24/2025 16:50:00,23.85,69775.36,,,,,,
1454,06/24/2025 16:55:00,21.92,72826.88,,,,,,
1455,06/24/2025 17:00:00,20.68,69713.92,,,,,,
1456,06/24/2025 17:05:00,15.74,67112.96,,,,,,
1457,06/24/2025 17:10:00,13.64,68116.48,,,,,,
1458,06/24/2025 17:15:00,13.30,67952.64,,,,,,
1459,06/24/2025 17:20:00,13.64,69529.60,,,,,,
1460,06/24/2025 17:25:00,14.50,74178.56,,,,,,
1461,06/24/2025 17:30:00,14.80,71454.72,,,,,,
1462,06/24/2025 17:35:00,14.54,67215.36,,,,,,
1463,06/24/2025 17:40:00,13.55,61399.04,,,,,,
1464,06/24/2025 17:45:00,12.70,53473.28,,,,,,
1465,06/24/2025 17:50:00,12.87,69795.84,,,,,,
1466,06/24/2025 17:55:00,13.85,71495.68,,,,,,
1467,06/24/2025 18:00:00,17.03,90480.64,,,,,,
1468,06/24/2025 18:05:00,13.55,60170.24,,,,,,
1469,06/24/2025 18:10:00,16.04,83927.04,,,,,,
1470,06/24/2025 18:15:00,14.71,61644.80,,,,,,
1471,06/24/2025 18:20:00,14.63,75714.56,,,,,,
1472,06/24/2025 18:25:00,14.03,103342.08,,,,,,
1473,06/24/2025 18:30:00,11.41,53493.76,,,,,,
1474,06/24/2025 18:35:00,10.85,50974.72,,,,,,
1475,06/24/2025 18:40:00,11.15,49582.08,,,,,,
1476,06/24/2025 18:45:00,11.11,48517.12,,,,,,
1477,06/24/2025 18:50:00,10.51,44072.96,,,,,,
1478,06/24/2025 18:55:00,9.48,35215.36,,,,,,
1479,06/24/2025 19:00:00,8.19,28876.80,,,,,,
1480,06/24/2025 19:05:00,7.16,29849.60,,,,,,
1481,06/24/2025 19:10:00,10.98,46551.04,,,,,,
1482,06/24/2025 19:15:00,10.46,51814.40,,,,,,
1483,06/24/2025 19:20:00,9.86,35215.36,,,,,,
1484,06/24/2025 19:25:00,11.24,58265.60,,,,,,
1485,06/24/2025 19:30:00,13.25,48271.36,,,,,,
1486,06/24/2025 19:35:00,13.94,53022.72,,,,,,
1487,06/24/2025 19:40:00,15.14,50278.40,,,,,,
1488,06/24/2025 19:45:00,16.43,54353.92,,,,,,
1489,06/24/2025 19:50:00,15.66,43929.60,,,,,,
1490,06/24/2025 19:55:00,12.65,44994.56,,,,,,
1491,06/24/2025 20:00:00,11.45,36843.52,,,,,,
1492,06/24/2025 20:05:00,9.74,27156.48,,,,,,
1493,06/24/2025 20:10:00,8.58,26122.24,,,,,,
1494,06/24/2025 20:15:00,6.56,24135.68,,,,,,
1495,06/24/2025 20:20:00,6.00,20515.84,,,,,,
1496,06/24/2025 20:25:00,6.13,23910.40,,,,,,
1497,06/24/2025 20:30:00,5.40,21944.32,,,,,,
1498,06/24/2025 20:35:00,5.02,19880.96,,,,,,
1499,06/24/2025 20:40:00,4.93,20126.72,,,,,,
1500,06/24/2025 20:45:00,4.50,18416.64,,,,,,
1501,06/24/2025 20:50:00,4.33,17336.32,,,,,,
1502,06/24/2025 20:55:00,4.29,17121.28,,,,,,
1503,06/24/2025 21:00:00,4.16,15667.20,,,,,,
1504,06/24/2025 21:05:00,4.07,16040.96,,,,,,
1505,06/24/2025 21:10:00,3.94,16148.48,,,,,,
1506,06/24/2025 21:15:00,3.73,12928.00,,,,,,
1507,06/24/2025 21:20:00,3.21,10618.88,,,,,,
1508,06/24/2025 21:25:00,2.83,9244.16,,,,,,
1509,06/24/2025 21:30:00,2.61,8368.64,,,,,,
1510,06/24/2025 21:35:00,2.36,7283.20,,,,,,
1511,06/24/2025 21:40:00,2.27,6535.68,,,,,,
1512,06/24/2025 21:45:00,2.06,6200.32,,,,,,
1513,06/24/2025 21:50:00,1.93,5560.32,,,,,,
1514,06/24/2025 21:55:00,1.93,5208.32,,,,,,
1515,06/24/2025 22:00:00,1.88,4672.00,,,,,,
1516,06/24/2025 22:05:00,1.84,4056.32,,,,,,
1517,06/24/2025 22:10:00,1.71,3589.12,,,,,,
1518,06/24/2025 22:15:00,1.63,3288.32,,,,,,
1519,06/24/2025 22:20:00,1.54,2896.64,,,,,,
1520,06/24/2025 22:25:00,1.37,2411.52,,,,,,
1521,06/24/2025 22:30:00,1.24,1927.68,,,,,,
1522,06/24/2025 22:35:00,1.03,1544.32,,,,,,
1523,06/24/2025 22:40:00,0.98,1316.48,,,,,,
1524,06/24/2025 22:45:00,0.90,1080.64,,,,,,
1525,06/24/2025 22:50:00,0.94,877.44,,,,,,
1526,06/24/2025 22:55:00,1.07,727.04,,,,,,
1527,06/24/2025 23:00:00,1.16,593.92,,,,,,
1528,06/24/2025 23:05:00,1.16,454.08,,,,,,
1529,06/24/2025 23:10:00,1.16,339.20,,,,,,
1530,06/24/2025 23:15:00,1.11,274.72,,,,,,
1531,06/24/2025 23:20:00,1.16,225.12,,,,,,
1532,06/24/2025 23:25:00,1.20,181.36,,,,,,
1533,06/24/2025 23:30:00,1.16,139.72,,,,,,
1534,06/24/2025 23:35:00,1.11,104.16,,,,,,
1535,06/24/2025 23:40:00,1.28,75.26,,,,,,
1536,06/24/2025 23:45:00,1.20,55.42,,,,,,
1537,06/24/2025 23:50:00,1.20,42.14,,,,,,
1538,06/24/2025 23:55:00,1.20,30.59,,,,,,
1539,06/25/2025 00:00:00,1.20,22.31,,,,,,
1540,06/25/2025 00:05:00,1.46,17.09,,,,,,
1541,06/25/2025 00:10:00,1.28,13.57,,,,,,
1542,06/25/2025 00:15:00,1.20,10.28,,,,,,
1543,06/25/2025 00:20:00,1.16,7.19,,,,,,
1544,06/25/2025 00:25:00,1.11,4.93,,,,,,
1545,06/25/2025 00:30:00,0.98,3.70,,,,,,
1546,06/25/2025 00:35:00,1.20,2.87,,,,,,
1547,06/25/2025 00:40:00,1.41,2.05,,,,,,
1548,06/25/2025 00:45:00,1.33,1.64,,,,,,
1549,06/25/2025 00:50:00,1.16,1.23,,,,,,
1550,06/25/2025 00:55:00,0.98,1.02,,,,,,
1551,06/25/2025 01:00:00,0.94,0.82,,,,,,
1552,06/25/2025 01:05:00,1.03,0.61,,,,,,
1553,06/25/2025 01:10:00,1.11,0.61,,,,,,
1554,06/25/2025 01:15:00,1.16,0.41,,,,,,
1555,06/25/2025 01:20:00,0.98,1.02,,,,,,
1556,06/25/2025 01:25:00,1.03,0.20,,,,,,
1557,06/25/2025 01:30:00,1.03,0.20,,,,,,
1558,06/25/2025 01:35:00,1.03,0.20,,,,,,
1559,06/25/2025 01:40:00,1.03,0.20,,,,,,
1560,06/25/2025 01:45:00,1.07,0.20,,,,,,
1561,06/25/2025 01:50:00,0.90,0.00,,,,,,
1562,06/25/2025 01:55:00,0.98,0.00,,,,,,
1563,06/25/2025 02:00:00,0.98,0.00,,,,,,
1564,06/25/2025 02:05:00,1.07,0.00,,,,,,
1565,06/25/2025 02:10:00,0.98,0.00,,,,,,
1566,06/25/2025 02:15:00,1.03,0.00,,,,,,
1567,06/25/2025 02:20:00,1.03,0.20,,,,,,
1568,06/25/2025 02:25:00,1.20,0.20,,,,,,
1569,06/25/2025 02:30:00,1.07,0.20,,,,,,
1570,06/25/2025 02:35:00,1.11,0.20,,,,,,
1571,06/25/2025 02:40:00,1.16,0.20,,,,,,
1572,06/25/2025 02:45:00,1.16,0.41,,,,,,
1573,06/25/2025 02:50:00,1.16,0.41,,,,,,
1574,06/25/2025 02:55:00,1.07,0.61,,,,,,
1575,06/25/2025 03:00:00,1.16,0.82,,,,,,
1576,06/25/2025 03:05:00,1.20,1.02,,,,,,
1577,06/25/2025 03:10:00,1.16,1.23,,,,,,
1578,06/25/2025 03:15:00,1.16,1.64,,,,,,
1579,06/25/2025 03:20:00,1.11,2.26,,,,,,
1580,06/25/2025 03:25:00,1.07,3.08,,,,,,
1581,06/25/2025 03:30:00,1.03,4.11,,,,,,
1582,06/25/2025 03:35:00,0.98,5.55,,,,,,
1583,06/25/2025 03:40:00,0.94,7.60,,,,,,
1584,06/25/2025 03:45:00,0.94,10.48,,,,,,
1585,06/25/2025 03:50:00,0.94,13.98,,,,,,
1586,06/25/2025 03:55:00,0.90,18.56,,,,,,
1587,06/25/2025 04:00:00,0.90,25.60,,,,,,
1588,06/25/2025 04:05:00,0.81,34.75,,,,,,
1589,06/25/2025 04:10:00,0.81,46.72,,,,,,
1590,06/25/2025 04:15:00,0.94,68.98,,,,,,
1591,06/25/2025 04:20:00,1.03,93.44,,,,,,
1592,06/25/2025 04:25:00,1.03,136.44,,,,,,
1593,06/25/2025 04:30:00,1.11,191.20,,,,,,
1594,06/25/2025 04:35:00,0.98,246.56,,,,,,
1595,06/25/2025 04:40:00,0.94,293.60,,,,,,
1596,06/25/2025 04:45:00,0.90,377.28,,,,,,
1597,06/25/2025 04:50:00,0.94,493.12,,,,,,
1598,06/25/2025 04:55:00,1.07,638.72,,,,,,
1599,06/25/2025 05:00:00,1.20,819.84,,,,,,
1600,06/25/2025 05:05:00,1.24,1042.24,,,,,,
1601,06/25/2025 05:10:00,1.24,1291.20,,,,,,
1602,06/25/2025 05:15:00,1.11,1613.44,,,,,,
1603,06/25/2025 05:20:00,1.11,2018.56,,,,,,
1604,06/25/2025 05:25:00,1.16,2375.68,,,,,,
1605,06/25/2025 05:30:00,1.07,2712.32,,,,,,
1606,06/25/2025 05:35:00,1.11,3016.96,,,,,,
1607,06/25/2025 05:40:00,1.20,3336.96,,,,,,
1608,06/25/2025 05:45:00,1.20,3674.88,,,,,,
1609,06/25/2025 05:50:00,1.28,4106.24,,,,,,
1610,06/25/2025 05:55:00,1.33,4730.88,,,,,,
1611,06/25/2025 06:00:00,1.46,5368.32,,,,,,
1612,06/25/2025 06:05:00,1.54,5829.12,,,,,,
1613,06/25/2025 06:10:00,1.63,6323.20,,,,,,
1614,06/25/2025 06:15:00,1.71,6430.72,,,,,,
1615,06/25/2025 06:20:00,1.67,6842.88,,,,,,
1616,06/25/2025 06:25:00,1.80,7769.60,,,,,,
1617,06/25/2025 06:30:00,1.93,8322.56,,,,,,
1618,06/25/2025 06:35:00,2.01,9277.44,,,,,,
1619,06/25/2025 06:40:00,2.14,10455.04,,,,,,
1620,06/25/2025 06:45:00,2.36,12078.08,,,,,,
1621,06/25/2025 06:50:00,2.66,14581.76,,,,,,
1622,06/25/2025 06:55:00,2.96,15160.32,,,,,,
1623,06/25/2025 07:00:00,3.34,21125.12,,,,,,
1624,06/25/2025 07:05:00,4.03,18462.72,,,,,,
1625,06/25/2025 07:10:00,3.77,18897.92,,,,,,
1626,06/25/2025 07:15:00,3.94,22794.24,,,,,,
1627,06/25/2025 07:20:00,4.37,24586.24,,,,,,
1628,06/25/2025 07:25:00,4.50,21463.04,,,,,,
1629,06/25/2025 07:30:00,4.24,20439.04,,,,,,
1630,06/25/2025 07:35:00,4.24,21688.32,,,,,,
1631,06/25/2025 07:40:00,4.37,22824.96,,,,,,
1632,06/25/2025 07:45:00,4.54,23173.12,,,,,,
1633,06/25/2025 07:50:00,4.59,24360.96,,,,,,
1634,06/25/2025 07:55:00,4.59,26142.72,,,,,,
1635,06/25/2025 08:00:00,5.02,29173.76,,,,,,
1636,06/25/2025 08:05:00,4.76,23019.52,,,,,,
1637,06/25/2025 08:10:00,3.99,20817.92,,,,,,
1638,06/25/2025 08:15:00,4.07,24975.36,,,,,,
1639,06/25/2025 08:20:00,4.97,34754.56,,,,,,
1640,06/25/2025 08:25:00,5.19,32675.84,,,,,,
1641,06/25/2025 08:30:00,5.49,38768.64,,,,,,
1642,06/25/2025 08:35:00,5.66,37140.48,,,,,,
1643,06/25/2025 08:40:00,5.79,37283.84,,,,,,
1644,06/25/2025 08:45:00,5.40,31744.00,,,,,,
1645,06/25/2025 08:50:00,5.40,34938.88,,,,,,
1646,06/25/2025 08:55:00,5.57,38123.52,,,,,,
1647,06/25/2025 09:00:00,5.96,42618.88,,,,,,
1648,06/25/2025 09:05:00,6.52,48803.84,,,,,,
1649,06/25/2025 09:10:00,6.73,40704.00,,,,,,
1650,06/25/2025 09:15:00,6.95,48025.60,,,,,,
1651,06/25/2025 09:20:00,6.65,42270.72,,,,,,
1652,06/25/2025 09:25:00,6.56,42967.04,,,,,,
1653,06/25/2025 09:30:00,7.55,52879.36,,,,,,
1654,06/25/2025 09:35:00,8.36,58634.24,,,,,,
1655,06/25/2025 09:40:00,8.96,61644.80,,,,,,
1656,06/25/2025 09:45:00,9.09,59002.88,,,,,,
1657,06/25/2025 09:50:00,8.62,59637.76,,,,,,
1658,06/25/2025 09:55:00,9.35,66826.24,,,,,,
1659,06/25/2025 10:00:00,9.44,65064.96,,,,,,
1660,06/25/2025 10:05:00,9.31,59043.84,,,,,,
1661,06/25/2025 10:10:00,9.09,63713.28,,,,,,
1662,06/25/2025 10:15:00,9.44,64512.00,,,,,,
1663,06/25/2025 10:20:00,9.18,60190.72,,,,,,
1664,06/25/2025 10:25:00,8.71,60334.08,,,,,,
1665,06/25/2025 10:30:00,8.83,60620.80,,,,,,
1666,06/25/2025 10:35:00,9.14,60948.48,,,,,,
1667,06/25/2025 10:40:00,8.88,56750.08,,,,,,
1668,06/25/2025 10:45:00,8.49,57937.92,,,,,,
1669,06/25/2025 10:50:00,8.96,63672.32,,,,,,
1670,06/25/2025 10:55:00,9.52,63303.68,,,,,,
1671,06/25/2025 11:00:00,9.26,61931.52,,,,,,
1672,06/25/2025 11:05:00,8.92,59883.52,,,,,,
1673,06/25/2025 11:10:00,9.01,64122.88,,,,,,
1674,06/25/2025 11:15:00,9.35,69570.56,,,,,,
1675,06/25/2025 11:20:00,9.56,70594.56,,,,,,
1676,06/25/2025 11:25:00,10.21,76574.72,,,,,,
1677,06/25/2025 11:30:00,10.04,69591.04,,,,,,
1678,06/25/2025 11:35:00,10.08,80199.68,,,,,,
1679,06/25/2025 11:40:00,10.64,84541.44,,,,,,
1680,06/25/2025 11:45:00,11.11,84336.64,,,,,,
1681,06/25/2025 11:50:00,11.49,84541.44,,,,,,
1682,06/25/2025 11:55:00,12.05,91791.36,,,,,,
1683,06/25/2025 12:00:00,11.62,85893.12,,,,,,
1684,06/25/2025 12:05:00,10.81,82862.08,,,,,,
1685,06/25/2025 12:10:00,10.94,85606.40,,,,,,
1686,06/25/2025 12:15:00,11.07,93184.00,,,,,,
1687,06/25/2025 12:20:00,11.58,90071.04,,,,,,
1688,06/25/2025 12:25:00,10.98,85360.64,,,,,,
1689,06/25/2025 12:30:00,10.64,94576.64,,,,,,
1690,06/25/2025 12:35:00,10.51,74117.12,,,,,,
1691,06/25/2025 12:40:00,9.44,70451.20,,,,,,
1692,06/25/2025 12:45:00,9.82,81059.84,,,,,,
1693,06/25/2025 12:50:00,10.08,70021.12,,,,,,
1694,06/25/2025 12:55:00,9.74,74096.64,,,,,,
1695,06/25/2025 13:00:00,9.18,63242.24,,,,,,
1696,06/25/2025 13:05:00,9.14,66007.04,,,,,,
1697,06/25/2025 13:10:00,9.56,72294.40,,,,,,
1698,06/25/2025 13:15:00,10.77,82083.84,,,,,,
1699,06/25/2025 13:20:00,11.28,81100.80,,,,,,
1700,06/25/2025 13:25:00,11.15,73318.40,,,,,,
1701,06/25/2025 13:30:00,11.49,84295.68,,,,,,
1702,06/25/2025 13:35:00,11.62,90030.08,,,,,,
1703,06/25/2025 13:40:00,12.91,103055.36,,,,,,
1704,06/25/2025 13:45:00,14.03,98754.56,,,,,,
1705,06/25/2025 13:50:00,12.65,80834.56,,,,,,
1706,06/25/2025 13:55:00,12.27,88719.36,,,,,,
1707,06/25/2025 14:00:00,13.30,82513.92,,,,,,
1708,06/25/2025 14:05:00,12.61,85524.48,,,,,,
1709,06/25/2025 14:10:00,11.62,84008.96,,,,,,
1710,06/25/2025 14:15:00,10.72,82165.76,,,,,,
1711,06/25/2025 14:20:00,10.51,85811.20,,,,,,
1712,06/25/2025 14:25:00,11.11,82227.20,,,,,,
1713,06/25/2025 14:30:00,10.68,73871.36,,,,,,
1714,06/25/2025 14:35:00,10.59,78643.20,,,,,,
1715,06/25/2025 14:40:00,10.94,82432.00,,,,,,
1716,06/25/2025 14:45:00,12.05,92160.00,,,,,,
1717,06/25/2025 14:50:00,12.87,94126.08,,,,,,
1718,06/25/2025 14:55:00,13.47,101212.16,,,,,,
1719,06/25/2025 15:00:00,13.00,97280.00,,,,,,
1720,06/25/2025 15:05:00,12.74,99983.36,,,,,,
1721,06/25/2025 15:10:00,13.34,96460.80,,,,,,
1722,06/25/2025 15:15:00,12.52,89128.96,,,,,,
1723,06/25/2025 15:20:00,12.44,93675.52,,,,,,
1724,06/25/2025 15:25:00,12.31,94208.00,,,,,,
1725,06/25/2025 15:30:00,13.60,112680.96,,,,,,
1726,06/25/2025 15:35:00,14.24,107765.76,,,,,,
1727,06/25/2025 15:40:00,14.45,94576.64,,,,,,
1728,06/25/2025 15:45:00,14.24,95887.36,,,,,,
1729,06/25/2025 15:50:00,12.74,87367.68,,,,,,
1730,06/25/2025 15:55:00,12.31,87367.68,,,,,,
1731,06/25/2025 16:00:00,12.87,94535.68,,,,,,
1732,06/25/2025 16:05:00,12.91,85934.08,,,,,,
1733,06/25/2025 16:10:00,11.49,78643.20,,,,,,
1734,06/25/2025 16:15:00,11.79,81408.00,,,,,,
1735,06/25/2025 16:20:00,11.45,77434.88,,,,,,
1736,06/25/2025 16:25:00,11.19,81059.84,,,,,,
1737,06/25/2025 16:30:00,11.84,85155.84,,,,,,
1738,06/25/2025 16:35:00,13.73,98140.16,,,,,,
1739,06/25/2025 16:40:00,13.77,91054.08,,,,,,
1740,06/25/2025 16:45:00,12.91,85729.28,,,,,,
1741,06/25/2025 16:50:00,12.44,67768.32,,,,,,
1742,06/25/2025 16:55:00,11.19,65658.88,,,,,,
1743,06/25/2025 17:00:00,12.57,83968.00,,,,,,
1744,06/25/2025 17:05:00,12.27,74874.88,,,,,,
1745,06/25/2025 17:10:00,12.65,77148.16,,,,,,
1746,06/25/2025 17:15:00,10.59,52367.36,,,,,,
1747,06/25/2025 17:20:00,9.18,54292.48,,,,,,
1748,06/25/2025 17:25:00,8.83,54538.24,,,,,,
1749,06/25/2025 17:30:00,8.41,54845.44,,,,,,
1750,06/25/2025 17:35:00,9.05,59330.56,,,,,,
1751,06/25/2025 17:40:00,9.35,56565.76,,,,,,
1752,06/25/2025 17:45:00,9.31,58224.64,,,,,,
1753,06/25/2025 17:50:00,9.65,58265.60,,,,,,
1754,06/25/2025 17:55:00,9.14,51814.40,,,,,,
1755,06/25/2025 18:00:00,9.31,61747.20,,,,,,
1756,06/25/2025 18:05:00,10.08,62525.44,,,,,,
1757,06/25/2025 18:10:00,10.08,63672.32,,,,,,
1758,06/25/2025 18:15:00,9.22,52510.72,,,,,,
1759,06/25/2025 18:20:00,7.89,42803.20,,,,,,
1760,06/25/2025 18:25:00,7.29,42618.88,,,,,,
1761,06/25/2025 18:30:00,6.82,40919.04,,,,,,
1762,06/25/2025 18:35:00,6.22,40181.76,,,,,,
1763,06/25/2025 18:40:00,6.17,39915.52,,,,,,
1764,06/25/2025 18:45:00,6.86,44318.72,,,,,,
1765,06/25/2025 18:50:00,7.33,43929.60,,,,,,
1766,06/25/2025 18:55:00,7.38,43560.96,,,,,,
1767,06/25/2025 19:00:00,7.16,42905.60,,,,,,
1768,06/25/2025 19:05:00,7.16,43008.00,,,,,,
1769,06/25/2025 19:10:00,6.56,34150.40,,,,,,
1770,06/25/2025 19:15:00,5.36,28446.72,,,,,,
1771,06/25/2025 19:20:00,5.32,33792.00,,,,,,
1772,06/25/2025 19:25:00,5.32,30361.60,,,,,,
1773,06/25/2025 19:30:00,4.76,26613.76,,,,,,
1774,06/25/2025 19:35:00,4.42,26419.20,,,,,,
1775,06/25/2025 19:40:00,4.37,26040.32,,,,,,
1776,06/25/2025 19:45:00,3.99,21155.84,,,,,,
1777,06/25/2025 19:50:00,4.24,29173.76,,,,,,
1778,06/25/2025 19:55:00,4.67,28702.72,,,,,,
1779,06/25/2025 20:00:00,4.67,25733.12,,,,,,
1780,06/25/2025 20:05:00,4.33,25466.88,,,,,,
1781,06/25/2025 20:10:00,4.29,25774.08,,,,,,
1782,06/25/2025 20:15:00,3.94,19870.72,,,,,,
1783,06/25/2025 20:20:00,3.21,16020.48,,,,,,
1784,06/25/2025 20:25:00,2.74,14448.64,,,,,,
1785,06/25/2025 20:30:00,2.70,15298.56,,,,,,
1786,06/25/2025 20:35:00,3.00,18186.24,,,,,,
1787,06/25/2025 20:40:00,3.00,19200.00,,,,,,
1788,06/25/2025 20:45:00,3.09,18432.00,,,,,,
1789,06/25/2025 20:50:00,2.79,15083.52,,,,,,
1790,06/25/2025 20:55:00,2.49,14008.32,,,,,,
1791,06/25/2025 21:00:00,2.44,13936.64,,,,,,
1792,06/25/2025 21:05:00,2.36,12108.80,,,,,,
1793,06/25/2025 21:10:00,2.01,9745.92,,,,,,
1794,06/25/2025 21:15:00,1.84,8791.04,,,,,,
1795,06/25/2025 21:20:00,1.63,7144.96,,,,,,
1796,06/25/2025 21:25:00,1.63,7296.00,,,,,,
1797,06/25/2025 21:30:00,1.50,6673.92,,,,,,
1798,06/25/2025 21:35:00,1.50,7086.08,,,,,,
1799,06/25/2025 21:40:00,1.41,6592.00,,,,,,
1800,06/25/2025 21:45:00,1.33,6123.52,,,,,,
1801,06/25/2025 21:50:00,1.24,5639.68,,,,,,
1802,06/25/2025 21:55:00,1.24,5680.64,,,,,,
1803,06/25/2025 22:00:00,1.11,4441.60,,,,,,
1804,06/25/2025 22:05:00,1.07,4559.36,,,,,,
1805,06/25/2025 22:10:00,0.94,3930.88,,,,,,
1806,06/25/2025 22:15:00,0.81,3333.12,,,,,,
1807,06/25/2025 22:20:00,0.90,2840.32,,,,,,
1808,06/25/2025 22:25:00,0.86,2531.84,,,,,,
1809,06/25/2025 22:30:00,0.73,2337.28,,,,,,
1810,06/25/2025 22:35:00,0.68,2080.64,,,,,,
1811,06/25/2025 22:40:00,0.68,1939.20,,,,,,
1812,06/25/2025 22:45:00,0.68,1660.80,,,,,,
1813,06/25/2025 22:50:00,0.73,1427.20,,,,,,
1814,06/25/2025 22:55:00,0.64,1190.08,,,,,,
1815,06/25/2025 23:00:00,0.51,917.12,,,,,,
1816,06/25/2025 23:05:00,0.55,653.44,,,,,,
1817,06/25/2025 23:10:00,0.60,541.28,,,,,,
1818,06/25/2025 23:15:00,0.64,356.48,,,,,,
1819,06/25/2025 23:20:00,0.60,278.80,,,,,,
1820,06/25/2025 23:25:00,0.60,205.20,,,,,,
1821,06/25/2025 23:30:00,0.47,148.76,,,,,,
1822,06/25/2025 23:35:00,0.47,115.68,,,,,,
1823,06/25/2025 23:40:00,0.51,88.52,,,,,,
1824,06/25/2025 23:45:00,0.47,67.34,,,,,,
1825,06/25/2025 23:50:00,0.43,41.32,,,,,,
1826,06/25/2025 23:55:00,0.34,32.64,,,,,,
1827,06/26/2025 00:00:00,0.51,22.31,,,,,,
1828,06/26/2025 00:05:00,0.43,17.30,,,,,,
1829,06/26/2025 00:10:00,0.47,12.75,,,,,,
1830,06/26/2025 00:15:00,0.47,9.66,,,,,,
1831,06/26/2025 00:20:00,0.51,6.78,,,,,,
1832,06/26/2025 00:25:00,0.34,5.55,,,,,,
1833,06/26/2025 00:30:00,0.34,3.90,,,,,,
1834,06/26/2025 00:35:00,0.34,2.87,,,,,,
1835,06/26/2025 00:40:00,0.25,2.46,,,,,,
1836,06/26/2025 00:45:00,0.17,2.05,,,,,,
1837,06/26/2025 00:50:00,0.21,1.23,,,,,,
1838,06/26/2025 00:55:00,0.13,1.02,,,,,,
1839,06/26/2025 01:00:00,0.17,0.82,,,,,,
1840,06/26/2025 01:05:00,0.17,0.61,,,,,,
1841,06/26/2025 01:10:00,0.17,0.61,,,,,,
1842,06/26/2025 01:15:00,0.17,0.41,,,,,,
1843,06/26/2025 01:20:00,0.21,0.41,,,,,,
1844,06/26/2025 01:25:00,0.25,0.20,,,,,,
1845,06/26/2025 01:30:00,0.21,0.20,,,,,,
1846,06/26/2025 01:35:00,0.17,0.20,,,,,,
1847,06/26/2025 01:40:00,0.25,0.00,,,,,,
1848,06/26/2025 01:45:00,0.30,0.00,,,,,,
1849,06/26/2025 01:50:00,0.25,0.00,,,,,,
1850,06/26/2025 01:55:00,0.30,0.00,,,,,,
1851,06/26/2025 02:00:00,0.34,0.20,,,,,,
1852,06/26/2025 02:05:00,0.34,0.00,,,,,,
1853,06/26/2025 02:10:00,0.38,0.00,,,,,,
1854,06/26/2025 02:15:00,0.38,0.00,,,,,,
1855,06/26/2025 02:20:00,0.38,0.20,,,,,,
1856,06/26/2025 02:25:00,0.38,0.20,,,,,,
1857,06/26/2025 02:30:00,0.43,0.20,,,,,,
1858,06/26/2025 02:35:00,0.43,0.41,,,,,,
1859,06/26/2025 02:40:00,0.47,0.41,,,,,,
1860,06/26/2025 02:45:00,0.47,0.41,,,,,,
1861,06/26/2025 02:50:00,0.43,0.61,,,,,,
1862,06/26/2025 02:55:00,0.43,0.61,,,,,,
1863,06/26/2025 03:00:00,0.38,1.02,,,,,,
1864,06/26/2025 03:05:00,0.38,1.02,,,,,,
1865,06/26/2025 03:10:00,0.43,1.64,,,,,,
1866,06/26/2025 03:15:00,0.47,2.05,,,,,,
1867,06/26/2025 03:20:00,0.47,2.67,,,,,,
1868,06/26/2025 03:25:00,0.47,3.29,,,,,,
1869,06/26/2025 03:30:00,0.47,4.31,,,,,,
1870,06/26/2025 03:35:00,0.47,5.75,,,,,,
1871,06/26/2025 03:40:00,0.47,8.02,,,,,,
1872,06/26/2025 03:45:00,0.43,10.69,,,,,,
1873,06/26/2025 03:50:00,0.43,14.21,,,,,,
1874,06/26/2025 03:55:00,0.38,19.79,,,,,,
1875,06/26/2025 04:00:00,0.34,26.42,,,,,,
1876,06/26/2025 04:05:00,0.34,35.16,,,,,,
1877,06/26/2025 04:10:00,0.43,48.38,,,,,,
1878,06/26/2025 04:15:00,0.38,68.16,,,,,,
1879,06/26/2025 04:20:00,0.47,94.28,,,,,,
1880,06/26/2025 04:25:00,0.38,132.32,,,,,,
1881,06/26/2025 04:30:00,0.43,179.52,,,,,,
1882,06/26/2025 04:35:00,0.43,243.28,,,,,,
1883,06/26/2025 04:40:00,0.43,311.12,,,,,,
1884,06/26/2025 04:45:00,0.47,386.56,,,,,,
1885,06/26/2025 04:50:00,0.47,488.16,,,,,,
1886,06/26/2025 04:55:00,0.38,611.52,,,,,,
1887,06/26/2025 05:00:00,0.43,797.12,,,,,,
1888,06/26/2025 05:05:00,0.51,972.16,,,,,,
1889,06/26/2025 05:10:00,0.51,1210.88,,,,,,
1890,06/26/2025 05:15:00,0.60,1460.48,,,,,,
1891,06/26/2025 05:20:00,0.64,1745.28,,,,,,
1892,06/26/2025 05:25:00,0.64,2023.04,,,,,,
1893,06/26/2025 05:30:00,0.68,2345.60,,,,,,
1894,06/26/2025 05:35:00,0.68,2718.72,,,,,,
1895,06/26/2025 05:40:00,0.77,3165.44,,,,,,
1896,06/26/2025 05:45:00,0.81,3671.04,,,,,,
1897,06/26/2025 05:50:00,0.98,4523.52,,,,,,
1898,06/26/2025 05:55:00,1.20,5839.36,,,,,,
1899,06/26/2025 06:00:00,1.41,6901.76,,,,,,
1900,06/26/2025 06:05:00,1.54,7572.48,,,,,,
1901,06/26/2025 06:10:00,1.71,8586.24,,,,,,
1902,06/26/2025 06:15:00,1.84,9699.84,,,,,,
1903,06/26/2025 06:20:00,2.19,11535.36,,,,,,
1904,06/26/2025 06:25:00,2.61,14602.24,,,,,,
1905,06/26/2025 06:30:00,3.00,14059.52,,,,,,
1906,06/26/2025 06:35:00,3.21,17392.64,,,,,,
1907,06/26/2025 06:40:00,3.26,15109.12,,,,,,
1908,06/26/2025 06:45:00,2.87,13209.60,,,,,,
1909,06/26/2025 06:50:00,2.79,12666.88,,,,,,
1910,06/26/2025 06:55:00,2.61,12697.60,,,,,,
1911,06/26/2025 07:00:00,2.70,12989.44,,,,,,
1912,06/26/2025 07:05:00,2.79,12661.76,,,,,,
1913,06/26/2025 07:10:00,2.91,14305.28,,,,,,
1914,06/26/2025 07:15:00,3.17,15293.44,,,,,,
1915,06/26/2025 07:20:00,3.21,17290.24,,,,,,
1916,06/26/2025 07:25:00,3.21,15851.52,,,,,,
1917,06/26/2025 07:30:00,3.47,18652.16,,,,,,
1918,06/26/2025 07:35:00,3.99,20480.00,,,,,,
1919,06/26/2025 07:40:00,3.94,18759.68,,,,,,
1920,06/26/2025 07:45:00,3.86,19870.72,,,,,,
1921,06/26/2025 07:50:00,4.07,26695.68,,,,,,
1922,06/26/2025 07:55:00,5.49,30259.20,,,,,,
1923,06/26/2025 08:00:00,5.10,27883.52,,,,,,
1924,06/26/2025 08:05:00,5.75,28815.36,,,,,,
1925,06/26/2025 08:10:00,6.05,33976.32,,,,,,
1926,06/26/2025 08:15:00,6.86,33054.72,,,,,,
1927,06/26/2025 08:20:00,6.69,32778.24,,,,,,
1928,06/26/2025 08:25:00,6.35,31672.32,,,,,,
1929,06/26/2025 08:30:00,6.13,30976.00,,,,,,
1930,06/26/2025 08:35:00,6.48,29040.64,,,,,,
1931,06/26/2025 08:40:00,7.20,43151.36,,,,,,
1932,06/26/2025 08:45:00,8.28,47656.96,,,,,,
1933,06/26/2025 08:50:00,8.32,36792.32,,,,,,
1934,06/26/2025 08:55:00,7.81,38748.16,,,,,,
1935,06/26/2025 09:00:00,8.06,39485.44,,,,,,
1936,06/26/2025 09:05:00,8.62,43806.72,,,,,,
1937,06/26/2025 09:10:00,8.41,46141.44,,,,,,
1938,06/26/2025 09:15:00,11.41,52101.12,,,,,,
1939,06/26/2025 09:20:00,13.98,61255.68,,,,,,
1940,06/26/2025 09:25:00,13.68,46776.32,,,,,,
1941,06/26/2025 09:30:00,12.10,47841.28,,,,,,
1942,06/26/2025 09:35:00,12.78,60887.04,,,,,,
1943,06/26/2025 09:40:00,16.86,74014.72,,,,,,
1944,06/26/2025 09:45:00,17.33,58224.64,,,,,,
1945,06/26/2025 09:50:00,14.71,54394.88,,,,,,
1946,06/26/2025 09:55:00,15.36,63897.60,,,,,,
1947,06/26/2025 10:00:00,14.58,58716.16,,,,,,
1948,06/26/2025 10:05:00,14.37,60702.72,,,,,,
1949,06/26/2025 10:10:00,14.28,63262.72,,,,,,
1950,06/26/2025 10:15:00,15.01,64552.96,,,,,,
1951,06/26/2025 10:20:00,14.88,67133.44,,,,,,
1952,06/26/2025 10:25:00,14.67,69242.88,,,,,,
1953,06/26/2025 10:30:00,14.33,68362.24,,,,,,
1954,06/26/2025 10:35:00,15.01,70696.96,,,,,,
1955,06/26/2025 10:40:00,14.93,71823.36,,,,,,
1956,06/26/2025 10:45:00,15.53,75038.72,,,,,,
1957,06/26/2025 10:50:00,15.70,72622.08,,,,,,
1958,06/26/2025 10:55:00,16.94,75898.88,,,,,,
1959,06/26/2025 11:00:00,17.80,77619.20,,,,,,
1960,06/26/2025 11:05:00,19.35,81592.32,,,,,,
1961,06/26/2025 11:10:00,21.70,74956.80,,,,,,
1962,06/26/2025 11:15:00,21.23,76451.84,,,,,,
1963,06/26/2025 11:20:00,19.69,82206.72,,,,,,
1964,06/26/2025 11:25:00,19.05,81940.48,,,,,,
1965,06/26/2025 11:30:00,18.32,84254.72,,,,,,
1966,06/26/2025 11:35:00,18.57,90316.80,,,,,,
1967,06/26/2025 11:40:00,19.56,94453.76,,,,,,
1968,06/26/2025 11:45:00,21.58,93224.96,,,,,,
1969,06/26/2025 11:50:00,23.34,97730.56,,,,,,
1970,06/26/2025 11:55:00,23.94,103055.36,,,,,,
1971,06/26/2025 12:00:00,24.36,98385.92,,,,,,
1972,06/26/2025 12:05:00,24.71,97198.08,,,,,,
1973,06/26/2025 12:10:00,26.81,100024.32,,,,,,
1974,06/26/2025 12:15:00,26.90,112680.96,,,,,,
1975,06/26/2025 12:20:00,27.24,95109.12,,,,,,
1976,06/26/2025 12:25:00,26.55,99082.24,,,,,,
1977,06/26/2025 12:30:00,26.72,91750.40,,,,,,
1978,06/26/2025 12:35:00,28.27,117760.00,,,,,,
1979,06/26/2025 12:40:00,28.74,107683.84,,,,,,
1980,06/26/2025 12:45:00,28.23,94658.56,,,,,,
1981,06/26/2025 12:50:00,29.30,110551.04,,,,,,
1982,06/26/2025 12:55:00,32.30,111820.80,,,,,,
1983,06/26/2025 13:00:00,32.34,102809.60,,,,,,
1984,06/26/2025 13:05:00,33.16,111697.92,,,,,,
1985,06/26/2025 13:10:00,33.97,98713.60,,,,,,
1986,06/26/2025 13:15:00,32.17,103178.24,,,,,,
1987,06/26/2025 13:20:00,32.34,100270.08,,,,,,
1988,06/26/2025 13:25:00,31.57,112558.08,,,,,,
1989,06/26/2025 13:30:00,31.10,111288.32,,,,,,
1990,06/26/2025 13:35:00,31.36,115548.16,,,,,,
1991,06/26/2025 13:40:00,31.92,115793.92,,,,,,
1992,06/26/2025 13:45:00,31.79,102236.16,,,,,,
1993,06/26/2025 13:50:00,31.01,115712.00,,,,,,
1994,06/26/2025 13:55:00,28.65,107520.00,,,,,,
1995,06/26/2025 14:00:00,28.01,112680.96,,,,,,
1996,06/26/2025 14:05:00,28.27,120422.40,,,,,,
1997,06/26/2025 14:10:00,28.35,110551.04,,,,,,
1998,06/26/2025 14:15:00,25.31,103424.00,,,,,,
1999,06/26/2025 14:20:00,24.62,114319.36,,,,,,
2000,06/26/2025 14:25:00,24.28,111370.24,,,,,,
2001,06/26/2025 14:30:00,24.32,117391.36,,,,,,
2002,06/26/2025 14:35:00,23.72,103055.36,,,,,,
2003,06/26/2025 14:40:00,26.60,117104.64,,,,,,
2004,06/26/2025 14:45:00,26.85,95436.80,,,,,,
2005,06/26/2025 14:50:00,26.94,111943.68,,,,,,
2006,06/26/2025 14:55:00,26.55,127754.24,,,,,,
2007,06/26/2025 15:00:00,23.94,80322.56,,,,,,
2008,06/26/2025 15:05:00,27.67,126115.84,,,,,,
2009,06/26/2025 15:10:00,28.44,111902.72,,,,,,
2010,06/26/2025 15:15:00,26.42,79933.44,,,,,,
2011,06/26/2025 15:20:00,28.18,118865.92,,,,,,
2012,06/26/2025 15:25:00,29.98,101949.44,,,,,,
2013,06/26/2025 15:30:00,26.72,81203.20,,,,,,
2014,06/26/2025 15:35:00,28.44,121405.44,,,,,,
2015,06/26/2025 15:40:00,26.17,102236.16,,,,,,
2016,06/26/2025 15:45:00,25.69,73318.40,,,,,,
2017,06/26/2025 15:50:00,25.44,90152.96,,,,,,
2018,06/26/2025 15:55:00,27.02,85196.80,,,,,,
2019,06/26/2025 16:00:00,25.65,98508.80,,,,,,
2020,06/26/2025 16:05:00,26.21,94617.60,,,,,,
2021,06/26/2025 16:10:00,27.41,93921.28,,,,,,
2022,06/26/2025 16:15:00,28.01,93143.04,,,,,,
2023,06/26/2025 16:20:00,28.23,93552.64,,,,,,
2024,06/26/2025 16:25:00,27.20,81694.72,,,,,,
2025,06/26/2025 16:30:00,27.67,100843.52,,,,,,
2026,06/26/2025 16:35:00,26.85,105635.84,,,,,,
2027,06/26/2025 16:40:00,25.05,81858.56,,,,,,
2028,06/26/2025 16:45:00,22.82,81756.16,,,,,,
2029,06/26/2025 16:50:00,22.09,87121.92,,,,,,
2030,06/26/2025 16:55:00,24.32,87982.08,,,,,,
2031,06/26/2025 17:00:00,28.14,98099.20,,,,,,
2032,06/26/2025 17:05:00,26.17,89374.72,,,,,,
2033,06/26/2025 17:10:00,23.29,73912.32,,,,,,
2034,06/26/2025 17:15:00,18.19,60252.16,,,,,,
2035,06/26/2025 17:20:00,17.03,49418.24,,,,,,
2036,06/26/2025 17:25:00,21.62,91873.28,,,,,,
2037,06/26/2025 17:30:00,23.38,67133.44,,,,,,
2038,06/26/2025 17:35:00,24.62,85565.44,,,,,,
2039,06/26/2025 17:40:00,23.94,78336.00,,,,,,
2040,06/26/2025 17:45:00,24.62,78540.80,,,,,,
2041,06/26/2025 17:50:00,24.66,79032.32,,,,,,
2042,06/26/2025 17:55:00,23.51,78970.88,,,,,,
2043,06/26/2025 18:00:00,22.69,82165.76,,,,,,
2044,06/26/2025 18:05:00,22.78,82534.40,,,,,,
2045,06/26/2025 18:10:00,23.03,82862.08,,,,,,
2046,06/26/2025 18:15:00,22.91,83701.76,,,,,,
2047,06/26/2025 18:20:00,22.52,84172.80,,,,,,
2048,06/26/2025 18:25:00,21.66,84049.92,,,,,,
2049,06/26/2025 18:30:00,20.80,84090.88,,,,,,
2050,06/26/2025 18:35:00,19.99,82636.80,,,,,,
2051,06/26/2025 18:40:00,19.60,79032.32,,,,,,
2052,06/26/2025 18:45:00,19.22,75694.08,,,,,,
2053,06/26/2025 18:50:00,19.35,75345.92,,,,,,
2054,06/26/2025 18:55:00,21.10,75509.76,,,,,,
2055,06/26/2025 19:00:00,22.52,71557.12,,,,,,
2056,06/26/2025 19:05:00,23.81,65290.24,,,,,,
2057,06/26/2025 19:10:00,24.75,60764.16,,,,,,
2058,06/26/2025 19:15:00,26.47,58613.76,,,,,,
2059,06/26/2025 19:20:00,28.57,60538.88,,,,,,
2060,06/26/2025 19:25:00,25.78,41963.52,,,,,,
2061,06/26/2025 19:30:00,19.77,44257.28,,,,,,
2062,06/26/2025 19:35:00,19.95,49950.72,,,,,,
2063,06/26/2025 19:40:00,19.69,37785.60,,,,,,
2064,06/26/2025 19:45:00,16.21,40243.20,,,,,,
2065,06/26/2025 19:50:00,15.06,50810.88,,,,,,
2066,06/26/2025 19:55:00,12.57,27750.40,,,,,,
2067,06/26/2025 20:00:00,10.16,30658.56,,,,,,
2068,06/26/2025 20:05:00,9.86,35358.72,,,,,,
2069,06/26/2025 20:10:00,8.71,32204.80,,,,,,
2070,06/26/2025 20:15:00,8.92,31436.80,,,,,,
2071,06/26/2025 20:20:00,7.25,23511.04,,,,,,
2072,06/26/2025 20:25:00,6.78,25292.80,,,,,,
2073,06/26/2025 20:30:00,6.30,23459.84,,,,,,
2074,06/26/2025 20:35:00,6.56,24586.24,,,,,,
2075,06/26/2025 20:40:00,6.82,25559.04,,,,,,
2076,06/26/2025 20:45:00,7.63,25600.00,,,,,,
2077,06/26/2025 20:50:00,7.16,22323.20,,,,,,
2078,06/26/2025 20:55:00,6.39,21299.20,,,,,,
2079,06/26/2025 21:00:00,5.15,12871.68,,,,,,
2080,06/26/2025 21:05:00,4.12,15790.08,,,,,,
2081,06/26/2025 21:10:00,3.56,16727.04,,,,,,
2082,06/26/2025 21:15:00,3.73,18969.60,,,,,,
2083,06/26/2025 21:20:00,4.42,21872.64,,,,,,
2084,06/26/2025 21:25:00,3.60,12200.96,,,,,,
2085,06/26/2025 21:30:00,2.70,10752.00,,,,,,
2086,06/26/2025 21:35:00,1.93,6586.88,,,,,,
2087,06/26/2025 21:40:00,1.67,9164.80,,,,,,
2088,06/26/2025 21:45:00,1.63,8803.84,,,,,,
2089,06/26/2025 21:50:00,1.76,7572.48,,,,,,
2090,06/26/2025 21:55:00,1.50,7098.88,,,,,,
2091,06/26/2025 22:00:00,1.50,6725.12,,,,,,
2092,06/26/2025 22:05:00,1.41,5585.92,,,,,,
2093,06/26/2025 22:10:00,1.46,4925.44,,,,,,
2094,06/26/2025 22:15:00,1.33,3888.64,,,,,,
2095,06/26/2025 22:20:00,1.07,3260.16,,,,,,
2096,06/26/2025 22:25:00,0.90,2648.32,,,,,,
2097,06/26/2025 22:30:00,0.81,2273.28,,,,,,
2098,06/26/2025 22:35:00,0.68,1908.48,,,,,,
2099,06/26/2025 22:40:00,0.68,1697.28,,,,,,
2100,06/26/2025 22:45:00,0.55,1474.56,,,,,,
2101,06/26/2025 22:50:00,0.38,1301.12,,,,,,
2102,06/26/2025 22:55:00,0.30,1063.36,,,,,,
2103,06/26/2025 23:00:00,0.34,935.04,,,,,,
2104,06/26/2025 23:05:00,0.38,751.04,,,,,,
2105,06/26/2025 23:10:00,0.38,565.12,,,,,,
2106,06/26/2025 23:15:00,0.30,446.56,,,,,,
2107,06/26/2025 23:20:00,0.30,349.28,,,,,,
2108,06/26/2025 23:25:00,0.25,281.28,,,,,,
2109,06/26/2025 23:30:00,0.21,217.76,,,,,,
2110,06/26/2025 23:35:00,0.08,176.40,,,,,,
2111,06/26/2025 23:40:00,0.08,120.00,,,,,,
2112,06/26/2025 23:45:00,0.04,80.30,,,,,,
2113,06/26/2025 23:50:00,-0.05,54.96,,,,,,
2114,06/26/2025 23:55:00,-0.09,38.86,,,,,,
2115,06/27/2025 00:00:00,-0.13,28.53,,,,,,
2116,06/27/2025 00:05:00,-0.17,21.49,,,,,,
2117,06/27/2025 00:10:00,-0.13,16.68,,,,,,
2118,06/27/2025 00:15:00,-0.05,12.13,,,,,,
2119,06/27/2025 00:20:00,0.08,8.84,,,,,,
2120,06/27/2025 00:25:00,0.17,6.37,,,,,,
2121,06/27/2025 00:30:00,0.17,4.93,,,,,,
2122,06/27/2025 00:35:00,0.08,3.90,,,,,,
2123,06/27/2025 00:40:00,-0.09,3.08,,,,,,
2124,06/27/2025 00:45:00,-0.26,2.46,,,,,,
2125,06/27/2025 00:50:00,-0.22,2.26,,,,,,
2126,06/27/2025 00:55:00,-0.13,1.64,,,,,,
2127,06/27/2025 01:00:00,-0.13,1.23,,,,,,
2128,06/27/2025 01:05:00,-0.00,1.02,,,,,,
2129,06/27/2025 01:10:00,0.04,1.23,,,,,,
2130,06/27/2025 01:15:00,0.08,0.41,,,,,,
2131,06/27/2025 01:20:00,0.13,0.41,,,,,,
2132,06/27/2025 01:25:00,0.04,0.20,,,,,,
2133,06/27/2025 01:30:00,0.08,0.20,,,,,,
2134,06/27/2025 01:35:00,0.04,0.20,,,,,,
2135,06/27/2025 01:40:00,0.04,0.20,,,,,,
2136,06/27/2025 01:45:00,0.13,0.20,,,,,,
2137,06/27/2025 01:50:00,0.17,0.20,,,,,,
2138,06/27/2025 01:55:00,0.13,0.20,,,,,,
2139,06/27/2025 02:00:00,0.17,0.20,,,,,,
2140,06/27/2025 02:05:00,0.17,0.20,,,,,,
2141,06/27/2025 02:10:00,0.17,0.20,,,,,,
2142,06/27/2025 02:15:00,0.17,0.20,,,,,,
2143,06/27/2025 02:20:00,0.17,0.20,,,,,,
2144,06/27/2025 02:25:00,0.17,0.20,,,,,,
2145,06/27/2025 02:30:00,0.21,0.20,,,,,,
2146,06/27/2025 02:35:00,0.21,0.20,,,,,,
2147,06/27/2025 02:40:00,0.25,0.20,,,,,,
2148,06/27/2025 02:45:00,0.25,0.41,,,,,,
2149,06/27/2025 02:50:00,0.25,0.41,,,,,,
2150,06/27/2025 02:55:00,0.25,0.61,,,,,,
2151,06/27/2025 03:00:00,0.30,0.82,,,,,,
2152,06/27/2025 03:05:00,0.25,1.23,,,,,,
2153,06/27/2025 03:10:00,0.17,1.64,,,,,,
2154,06/27/2025 03:15:00,0.21,2.05,,,,,,
2155,06/27/2025 03:20:00,0.25,2.46,,,,,,
2156,06/27/2025 03:25:00,0.25,3.08,,,,,,
2157,06/27/2025 03:30:00,0.30,4.11,,,,,,
2158,06/27/2025 03:35:00,0.30,5.75,,,,,,
2159,06/27/2025 03:40:00,0.30,7.60,,,,,,
2160,06/27/2025 03:45:00,0.25,10.48,,,,,,
2161,06/27/2025 03:50:00,0.21,14.42,,,,,,
2162,06/27/2025 03:55:00,0.17,19.79,,,,,,
2163,06/27/2025 04:00:00,0.17,26.01,,,,,,
2164,06/27/2025 04:05:00,0.13,34.34,,,,,,
2165,06/27/2025 04:10:00,0.17,48.38,,,,,,
2166,06/27/2025 04:15:00,0.13,67.76,,,,,,
2167,06/27/2025 04:20:00,0.13,92.64,,,,,,
2168,06/27/2025 04:25:00,0.08,138.08,,,,,,
2169,06/27/2025 04:30:00,0.13,199.44,,,,,,
2170,06/27/2025 04:35:00,0.13,285.44,,,,,,
2171,06/27/2025 04:40:00,0.08,382.24,,,,,,
2172,06/27/2025 04:45:00,0.08,502.88,,,,,,
2173,06/27/2025 04:50:00,0.13,637.12,,,,,,
2174,06/27/2025 04:55:00,0.17,780.48,,,,,,
2175,06/27/2025 05:00:00,0.17,912.00,,,,,,
2176,06/27/2025 05:05:00,0.25,1061.12,,,,,,
2177,06/27/2025 05:10:00,0.25,1272.32,,,,,,
2178,06/27/2025 05:15:00,0.21,1515.52,,,,,,
2179,06/27/2025 05:20:00,0.25,1766.40,,,,,,
2180,06/27/2025 05:25:00,0.30,2000.00,,,,,,
2181,06/27/2025 05:30:00,0.38,2281.60,,,,,,
2182,06/27/2025 05:35:00,0.38,2541.44,,,,,,
2183,06/27/2025 05:40:00,0.43,2955.52,,,,,,
2184,06/27/2025 05:45:00,0.55,3440.64,,,,,,
2185,06/27/2025 05:50:00,0.55,3770.88,,,,,,
2186,06/27/2025 05:55:00,0.60,4188.16,,,,,,
2187,06/27/2025 06:00:00,0.77,5231.36,,,,,,
2188,06/27/2025 06:05:00,0.94,6056.96,,,,,,
2189,06/27/2025 06:10:00,1.07,6804.48,,,,,,
2190,06/27/2025 06:15:00,1.24,7336.96,,,,,,
2191,06/27/2025 06:20:00,1.33,8061.44,,,,,,
2192,06/27/2025 06:25:00,1.58,9441.28,,,,,,
2193,06/27/2025 06:30:00,1.76,11013.12,,,,,,
2194,06/27/2025 06:35:00,1.97,11704.32,,,,,,
2195,06/27/2025 06:40:00,2.10,11750.40,,,,,,
2196,06/27/2025 06:45:00,2.23,11776.00,,,,,,
2197,06/27/2025 06:50:00,2.10,10265.60,,,,,,
2198,06/27/2025 06:55:00,1.93,10132.48,,,,,,
2199,06/27/2025 07:00:00,1.93,10772.48,,,,,,
2200,06/27/2025 07:05:00,2.14,12016.64,,,,,,
2201,06/27/2025 07:10:00,2.44,14264.32,,,,,,
2202,06/27/2025 07:15:00,2.79,15580.16,,,,,,
2203,06/27/2025 07:20:00,3.43,18421.76,,,,,,
2204,06/27/2025 07:25:00,3.60,19584.00,,,,,,
2205,06/27/2025 07:30:00,4.03,21432.32,,,,,,
2206,06/27/2025 07:35:00,4.03,17920.00,,,,,,
2207,06/27/2025 07:40:00,3.73,19333.12,,,,,,
2208,06/27/2025 07:45:00,4.33,24555.52,,,,,,
2209,06/27/2025 07:50:00,4.93,27975.68,,,,,,
2210,06/27/2025 07:55:00,5.57,29716.48,,,,,,
2211,06/27/2025 08:00:00,5.83,30269.44,,,,,,
2212,06/27/2025 08:05:00,5.92,27084.80,,,,,,
2213,06/27/2025 08:10:00,4.67,19886.08,,,,,,
2214,06/27/2025 08:15:00,4.29,28846.08,,,,,,
2215,06/27/2025 08:20:00,5.02,31324.16,,,,,,
2216,06/27/2025 08:25:00,4.72,29634.56,,,,,,
2217,06/27/2025 08:30:00,5.40,35717.12,,,,,,
2218,06/27/2025 08:35:00,6.00,40529.92,,,,,,
2219,06/27/2025 08:40:00,7.33,50012.16,,,,,,
2220,06/27/2025 08:45:00,7.93,45957.12,,,,,,
2221,06/27/2025 08:50:00,6.95,38021.12,,,,,,
2222,06/27/2025 08:55:00,7.76,52080.64,,,,,,
2223,06/27/2025 09:00:00,7.25,36812.80,,,,,,
2224,06/27/2025 09:05:00,6.39,36280.32,,,,,,
2225,06/27/2025 09:10:00,6.48,38440.96,,,,,,
2226,06/27/2025 09:15:00,6.73,40345.60,,,,,,
2227,06/27/2025 09:20:00,6.82,39976.96,,,,,,
2228,06/27/2025 09:25:00,7.08,44789.76,,,,,,
2229,06/27/2025 09:30:00,8.06,54435.84,,,,,,
2230,06/27/2025 09:35:00,10.04,68055.04,,,,,,
2231,06/27/2025 09:40:00,10.94,57876.48,,,,,,
2232,06/27/2025 09:45:00,10.08,51363.84,,,,,,
2233,06/27/2025 09:50:00,11.28,57569.28,,,,,,
2234,06/27/2025 09:55:00,10.59,48762.88,,,,,,
2235,06/27/2025 10:00:00,11.02,53452.80,,,,,,
2236,06/27/2025 10:05:00,12.22,60477.44,,,,,,
2237,06/27/2025 10:10:00,13.38,60825.60,,,,,,
2238,06/27/2025 10:15:00,13.94,61501.44,,,,,,
2239,06/27/2025 10:20:00,14.11,71618.56,,,,,,
2240,06/27/2025 10:25:00,14.03,67665.92,,,,,,
2241,06/27/2025 10:30:00,14.63,68853.76,,,,,,
2242,06/27/2025 10:35:00,14.54,61788.16,,,,,,
2243,06/27/2025 10:40:00,14.93,63938.56,,,,,,
2244,06/27/2025 10:45:00,16.34,74403.84,,,,,,
2245,06/27/2025 10:50:00,17.11,69611.52,,,,,,
2246,06/27/2025 10:55:00,17.46,63795.20,,,,,,
2247,06/27/2025 11:00:00,18.19,74014.72,,,,,,
2248,06/27/2025 11:05:00,18.36,76697.60,,,,,,
2249,06/27/2025 11:10:00,18.57,83701.76,,,,,,
2250,06/27/2025 11:15:00,16.69,59248.64,,,,,,
2251,06/27/2025 11:20:00,15.70,56463.36,,,,,,
2252,06/27/2025 11:25:00,15.23,69038.08,,,,,,
2253,06/27/2025 11:30:00,16.26,77864.96,,,,,,
2254,06/27/2025 11:35:00,17.80,78520.32,,,,,,
2255,06/27/2025 11:40:00,19.47,84213.76,,,,,,
2256,06/27/2025 11:45:00,22.56,104652.80,,,,,,
2257,06/27/2025 11:50:00,25.18,101130.24,,,,,,
2258,06/27/2025 11:55:00,25.74,93675.52,,,,,,
2259,06/27/2025 12:00:00,24.41,91668.48,,,,,,
2260,06/27/2025 12:05:00,22.73,83496.96,,,,,,
2261,06/27/2025 12:10:00,23.21,86016.00,,,,,,
2262,06/27/2025 12:15:00,22.56,86712.32,,,,,,
2263,06/27/2025 12:20:00,22.91,93388.80,,,,,,
2264,06/27/2025 12:25:00,24.45,107601.92,,,,,,
2265,06/27/2025 12:30:00,25.57,97935.36,,,,,,
2266,06/27/2025 12:35:00,23.76,89128.96,,,,,,
2267,06/27/2025 12:40:00,22.65,87203.84,,,,,,
2268,06/27/2025 12:45:00,20.85,86835.20,,,,,,
2269,06/27/2025 12:50:00,20.07,83537.92,,,,,,
2270,06/27/2025 12:55:00,20.68,90890.24,,,,,,
2271,06/27/2025 13:00:00,22.18,96051.20,,,,,,
2272,06/27/2025 13:05:00,22.99,94003.20,,,,,,
2273,06/27/2025 13:10:00,22.05,94208.00,,,,,,
2274,06/27/2025 13:15:00,20.98,92938.24,,,,,,
2275,06/27/2025 13:20:00,19.82,96215.04,,,,,,
2276,06/27/2025 13:25:00,20.37,101498.88,,,,,,
2277,06/27/2025 13:30:00,21.06,105758.72,,,,,,
2278,06/27/2025 13:35:00,21.19,106618.88,,,,,,
2279,06/27/2025 13:40:00,21.19,108052.48,,,,,,
2280,06/27/2025 13:45:00,21.19,112025.60,,,,,,
2281,06/27/2025 13:50:00,21.53,109690.88,,,,,,
2282,06/27/2025 13:55:00,21.36,108503.04,,,,,,
2283,06/27/2025 14:00:00,20.55,105308.16,,,,,,
2284,06/27/2025 14:05:00,20.46,108257.28,,,,,,
2285,06/27/2025 14:10:00,20.80,107765.76,,,,,,
2286,06/27/2025 14:15:00,20.37,106659.84,,,,,,
2287,06/27/2025 14:20:00,20.46,106823.68,,,,,,
2288,06/27/2025 14:25:00,20.37,110387.20,,,,,,
2289,06/27/2025 14:30:00,20.29,108052.48,,,,,,
2290,06/27/2025 14:35:00,20.03,107970.56,,,,,,
2291,06/27/2025 14:40:00,19.69,103833.60,,,,,,
2292,06/27/2025 14:45:00,17.72,96174.08,,,,,,
2293,06/27/2025 14:50:00,16.64,95518.72,,,,,,
2294,06/27/2025 14:55:00,16.13,95969.28,,,,,,
2295,06/27/2025 15:00:00,15.53,93962.24,,,,,,
2296,06/27/2025 15:05:00,15.36,97198.08,,,,,,
2297,06/27/2025 15:10:00,16.04,101867.52,,,,,,
2298,06/27/2025 15:15:00,16.39,103260.16,,,,,,
2299,06/27/2025 15:20:00,16.34,101867.52,,,,,,
2300,06/27/2025 15:25:00,16.21,102891.52,,,,,,
2301,06/27/2025 15:30:00,16.69,108625.92,,,,,,
2302,06/27/2025 15:35:00,17.11,108175.36,,,,,,
2303,06/27/2025 15:40:00,16.99,104529.92,,,,,,
2304,06/27/2025 15:45:00,16.00,92487.68,,,,,,
2305,06/27/2025 15:50:00,16.39,100556.80,,,,,,
2306,06/27/2025 15:55:00,18.83,116899.84,,,,,,
2307,06/27/2025 16:00:00,18.96,99082.24,,,,,,
2308,06/27/2025 16:05:00,16.21,86753.28,,,,,,
2309,06/27/2025 16:10:00,14.71,81182.72,,,,,,
2310,06/27/2025 16:15:00,14.84,86876.16,,,,,,
2311,06/27/2025 16:20:00,15.70,90685.44,,,,,,
2312,06/27/2025 16:25:00,15.70,77537.28,,,,,,
2313,06/27/2025 16:30:00,14.37,79626.24,,,,,,
2314,06/27/2025 16:35:00,11.32,58163.20,,,,,,
2315,06/27/2025 16:40:00,9.91,57999.36,,,,,,
2316,06/27/2025 16:45:00,10.46,66007.04,,,,,,
2317,06/27/2025 16:50:00,12.91,92078.08,,,,,,
2318,06/27/2025 16:55:00,12.91,71700.48,,,,,,
2319,06/27/2025 17:00:00,12.48,69283.84,,,,,,
2320,06/27/2025 17:05:00,11.71,74567.68,,,,,,
2321,06/27/2025 17:10:00,11.37,56791.04,,,,,,
2322,06/27/2025 17:15:00,10.12,56770.56,,,,,,
2323,06/27/2025 17:20:00,10.55,66293.76,,,,,,
2324,06/27/2025 17:25:00,11.19,75407.36,,,,,,
2325,06/27/2025 17:30:00,12.87,81551.36,,,,,,
2326,06/27/2025 17:35:00,13.94,80957.44,,,,,,
2327,06/27/2025 17:40:00,13.90,77271.04,,,,,,
2328,06/27/2025 17:45:00,11.37,61972.48,,,,,,
2329,06/27/2025 17:50:00,11.07,64409.60,,,,,,
2330,06/27/2025 17:55:00,10.21,55869.44,,,,,,
2331,06/27/2025 18:00:00,8.92,50790.40,,,,,,
2332,06/27/2025 18:05:00,8.23,47329.28,,,,,,
2333,06/27/2025 18:10:00,8.28,49459.20,,,,,,
2334,06/27/2025 18:15:00,7.93,42598.40,,,,,,
2335,06/27/2025 18:20:00,7.89,45404.16,,,,,,
2336,06/27/2025 18:25:00,7.16,39782.40,,,,,,
2337,06/27/2025 18:30:00,6.69,39700.48,,,,,,
2338,06/27/2025 18:35:00,7.46,46694.40,,,,,,
2339,06/27/2025 18:40:00,6.99,42455.04,,,,,,
2340,06/27/2025 18:45:00,6.13,36259.84,,,,,,
2341,06/27/2025 18:50:00,5.49,33740.80,,,,,,
2342,06/27/2025 18:55:00,5.40,35993.60,,,,,,
2343,06/27/2025 19:00:00,5.87,37980.16,,,,,,
2344,06/27/2025 19:05:00,6.17,38932.48,,,,,,
2345,06/27/2025 19:10:00,5.96,37027.84,,,,,,
2346,06/27/2025 19:15:00,5.36,32532.48,,,,,,
2347,06/27/2025 19:20:00,4.80,27883.52,,,,,,
2348,06/27/2025 19:25:00,3.94,19584.00,,,,,,
2349,06/27/2025 19:30:00,3.26,19020.80,,,,,,
2350,06/27/2025 19:35:00,3.52,22620.16,,,,,,
2351,06/27/2025 19:40:00,4.12,28928.00,,,,,,
2352,06/27/2025 19:45:00,4.63,30361.60,,,,,,
2353,06/27/2025 19:50:00,4.89,30545.92,,,,,,
2354,06/27/2025 19:55:00,4.50,26562.56,,,,,,
2355,06/27/2025 20:00:00,3.64,22609.92,,,,,,
2356,06/27/2025 20:05:00,3.13,20608.00,,,,,,
2357,06/27/2025 20:10:00,2.49,19722.24,,,,,,
2358,06/27/2025 20:15:00,2.19,18575.36,,,,,,
2359,06/27/2025 20:20:00,2.14,17960.96,,,,,,
2360,06/27/2025 20:25:00,1.93,16378.88,,,,,,
2361,06/27/2025 20:30:00,1.67,13977.60,,,,,,
2362,06/27/2025 20:35:00,1.41,11842.56,,,,,,
2363,06/27/2025 20:40:00,1.24,10726.40,,,,,,
2364,06/27/2025 20:45:00,1.16,10531.84,,,,,,
2365,06/27/2025 20:50:00,1.20,10961.92,,,,,,
2366,06/27/2025 20:55:00,1.37,12907.52,,,,,,
2367,06/27/2025 21:00:00,1.67,14336.00,,,,,,
2368,06/27/2025 21:05:00,1.80,14008.32,,,,,,
2369,06/27/2025 21:10:00,1.63,11975.68,,,,,,
2370,06/27/2025 21:15:00,1.41,10429.44,,,,,,
2371,06/27/2025 21:20:00,1.37,10265.60,,,,,,
2372,06/27/2025 21:25:00,1.33,10160.64,,,,,,
2373,06/27/2025 21:30:00,1.41,9507.84,,,,,,
2374,06/27/2025 21:35:00,1.33,8158.72,,,,,,
2375,06/27/2025 21:40:00,1.07,6589.44,,,,,,
2376,06/27/2025 21:45:00,0.94,5468.16,,,,,,
2377,06/27/2025 21:50:00,0.81,5011.20,,,,,,
2378,06/27/2025 21:55:00,0.68,4602.88,,,,,,
2379,06/27/2025 22:00:00,0.64,4171.52,,,,,,
2380,06/27/2025 22:05:00,0.60,3639.04,,,,,,
2381,06/27/2025 22:10:00,0.51,2996.48,,,,,,
2382,06/27/2025 22:15:00,0.43,2517.12,,,,,,
2383,06/27/2025 22:20:00,0.38,2336.00,,,,,,
2384,06/27/2025 22:25:00,0.34,2156.80,,,,,,
2385,06/27/2025 22:30:00,0.34,2024.96,,,,,,
2386,06/27/2025 22:35:00,0.30,1840.64,,,,,,
2387,06/27/2025 22:40:00,0.30,1717.12,,,,,,
2388,06/27/2025 22:45:00,0.30,1376.64,,,,,,
2389,06/27/2025 22:50:00,0.21,1066.88,,,,,,
2390,06/27/2025 22:55:00,0.21,849.92,,,,,,
2391,06/27/2025 23:00:00,0.17,716.48,,,,,,
2392,06/27/2025 23:05:00,0.21,608.64,,,,,,
2393,06/27/2025 23:10:00,0.17,517.76,,,,,,
2394,06/27/2025 23:15:00,0.21,418.56,,,,,,
2395,06/27/2025 23:20:00,0.21,302.72,,,,,,
2396,06/27/2025 23:25:00,0.17,224.16,,,,,,
2397,06/27/2025 23:30:00,0.13,167.12,,,,,,
2398,06/27/2025 23:35:00,0.13,120.68,,,,,,
2399,06/27/2025 23:40:00,0.17,81.92,,,,,,
2400,06/27/2025 23:45:00,0.13,59.06,,,,,,
2401,06/27/2025 23:50:00,0.08,39.28,,,,,,
2402,06/27/2025 23:55:00,0.17,29.35,,,,,,
2403,06/28/2025 00:00:00,0.25,22.72,,,,,,
2404,06/28/2025 00:05:00,0.21,18.32,,,,,,
2405,06/28/2025 00:10:00,0.25,12.95,,,,,,
2406,06/28/2025 00:15:00,0.25,9.66,,,,,,
2407,06/28/2025 00:20:00,0.21,7.19,,,,,,
2408,06/28/2025 00:25:00,0.21,5.14,,,,,,
2409,06/28/2025 00:30:00,0.25,3.70,,,,,,
2410,06/28/2025 00:35:00,0.25,2.87,,,,,,
2411,06/28/2025 00:40:00,0.21,2.05,,,,,,
2412,06/28/2025 00:45:00,0.21,1.43,,,,,,
2413,06/28/2025 00:50:00,0.17,1.02,,,,,,
2414,06/28/2025 00:55:00,0.17,0.82,,,,,,
2415,06/28/2025 01:00:00,0.13,0.61,,,,,,
2416,06/28/2025 01:05:00,0.17,0.41,,,,,,
2417,06/28/2025 01:10:00,0.17,0.41,,,,,,
2418,06/28/2025 01:15:00,0.08,0.20,,,,,,
2419,06/28/2025 01:20:00,0.08,0.20,,,,,,
2420,06/28/2025 01:25:00,0.17,0.20,,,,,,
2421,06/28/2025 01:30:00,0.17,0.20,,,,,,
2422,06/28/2025 01:35:00,0.17,0.00,,,,,,
2423,06/28/2025 01:40:00,0.21,0.00,,,,,,
2424,06/28/2025 01:45:00,0.17,0.00,,,,,,
2425,06/28/2025 01:50:00,0.17,0.00,,,,,,
2426,06/28/2025 01:55:00,0.17,0.00,,,,,,
2427,06/28/2025 02:00:00,0.13,0.00,,,,,,
2428,06/28/2025 02:05:00,0.13,0.00,,,,,,
2429,06/28/2025 02:10:00,0.13,0.00,,,,,,
2430,06/28/2025 02:15:00,0.08,0.00,,,,,,
2431,06/28/2025 02:20:00,0.08,0.00,,,,,,
2432,06/28/2025 02:25:00,0.13,0.00,,,,,,
2433,06/28/2025 02:30:00,0.13,0.00,,,,,,
2434,06/28/2025 02:35:00,0.13,0.20,,,,,,
2435,06/28/2025 02:40:00,0.13,0.20,,,,,,
2436,06/28/2025 02:45:00,0.21,0.20,,,,,,
2437,06/28/2025 02:50:00,0.17,0.20,,,,,,
2438,06/28/2025 02:55:00,0.21,0.41,,,,,,
2439,06/28/2025 03:00:00,0.17,0.41,,,,,,
2440,06/28/2025 03:05:00,0.21,0.61,,,,,,
2441,06/28/2025 03:10:00,0.34,1.02,,,,,,
2442,06/28/2025 03:15:00,0.30,1.23,,,,,,
2443,06/28/2025 03:20:00,0.30,1.64,,,,,,
2444,06/28/2025 03:25:00,0.30,2.87,,,,,,
2445,06/28/2025 03:30:00,0.21,3.08,,,,,,
2446,06/28/2025 03:35:00,0.25,4.11,,,,,,
2447,06/28/2025 03:40:00,0.25,6.37,,,,,,
2448,06/28/2025 03:45:00,0.25,7.81,,,,,,
2449,06/28/2025 03:50:00,0.25,11.31,,,,,,
2450,06/28/2025 03:55:00,0.25,15.44,,,,,,
2451,06/28/2025 04:00:00,0.25,20.66,,,,,,
2452,06/28/2025 04:05:00,0.30,28.94,,,,,,
2453,06/28/2025 04:10:00,0.21,40.51,,,,,,
2454,06/28/2025 04:15:00,0.21,59.48,,,,,,
2455,06/28/2025 04:20:00,0.17,83.56,,,,,,
2456,06/28/2025 04:25:00,0.17,118.24,,,,,,
2457,06/28/2025 04:30:00,0.21,161.32,,,,,,
2458,06/28/2025 04:35:00,0.21,220.00,,,,,,
2459,06/28/2025 04:40:00,0.17,292.00,,,,,,
2460,06/28/2025 04:45:00,0.21,368.80,,,,,,
2461,06/28/2025 04:50:00,0.17,480.00,,,,,,
2462,06/28/2025 04:55:00,0.17,601.28,,,,,,
2463,06/28/2025 05:00:00,0.21,715.20,,,,,,
2464,06/28/2025 05:05:00,0.17,822.08,,,,,,
2465,06/28/2025 05:10:00,0.17,949.12,,,,,,
2466,06/28/2025 05:15:00,0.21,1120.96,,,,,,
2467,06/28/2025 05:20:00,0.25,1348.48,,,,,,
2468,06/28/2025 05:25:00,0.30,1630.72,,,,,,
2469,06/28/2025 05:30:00,0.30,1858.56,,,,,,
2470,06/28/2025 05:35:00,0.34,2039.68,,,,,,
2471,06/28/2025 05:40:00,0.38,2204.16,,,,,,
2472,06/28/2025 05:45:00,0.34,2391.68,,,,,,
2473,06/28/2025 05:50:00,0.38,2587.52,,,,,,
2474,06/28/2025 05:55:00,0.43,2773.76,,,,,,
2475,06/28/2025 06:00:00,0.47,3226.88,,,,,,
2476,06/28/2025 06:05:00,0.60,3790.08,,,,,,
2477,06/28/2025 06:10:00,0.73,4313.60,,,,,,
2478,06/28/2025 06:15:00,0.86,5900.80,,,,,,
2479,06/28/2025 06:20:00,1.11,8857.60,,,,,,
2480,06/28/2025 06:25:00,1.58,14213.12,,,,,,
2481,06/28/2025 06:30:00,1.97,18462.72,,,,,,
2482,06/28/2025 06:35:00,2.14,16020.48,,,,,,
2483,06/28/2025 06:40:00,2.27,18201.60,,,,,,
2484,06/28/2025 06:45:00,1.80,12825.60,,,,,,
2485,06/28/2025 06:50:00,1.58,13061.12,,,,,,
2486,06/28/2025 06:55:00,1.50,11868.16,,,,,,
2487,06/28/2025 07:00:00,1.37,11755.52,,,,,,
2488,06/28/2025 07:05:00,1.33,11197.44,,,,,,
2489,06/28/2025 07:10:00,1.33,12170.24,,,,,,
2490,06/28/2025 07:15:00,1.67,15139.84,,,,,,
2491,06/28/2025 07:20:00,2.10,18452.48,,,,,,
2492,06/28/2025 07:25:00,2.44,22394.88,,,,,,
2493,06/28/2025 07:30:00,2.66,22149.12,,,,,,
2494,06/28/2025 07:35:00,2.83,23296.00,,,,,,
2495,06/28/2025 07:40:00,3.04,26101.76,,,,,,
2496,06/28/2025 07:45:00,2.36,21514.24,,,,,,
2497,06/28/2025 07:50:00,2.53,21063.68,,,,,,
2498,06/28/2025 07:55:00,2.53,23121.92,,,,,,
2499,06/28/2025 08:00:00,2.70,23480.32,,,,,,
2500,06/28/2025 08:05:00,2.74,22855.68,,,,,,
2501,06/28/2025 08:10:00,2.70,22927.36,,,,,,
2502,06/28/2025 08:15:00,2.83,25354.24,,,,,,
2503,06/28/2025 08:20:00,2.87,24064.00,,,,,,
2504,06/28/2025 08:25:00,2.91,24432.64,,,,,,
2505,06/28/2025 08:30:00,2.83,23214.08,,,,,,
2506,06/28/2025 08:35:00,2.74,24924.16,,,,,,
2507,06/28/2025 08:40:00,2.83,24739.84,,,,,,
2508,06/28/2025 08:45:00,2.87,26644.48,,,,,,
2509,06/28/2025 08:50:00,3.13,27750.40,,,,,,
2510,06/28/2025 08:55:00,3.34,30074.88,,,,,,
2511,06/28/2025 09:00:00,3.86,35123.20,,,,,,
2512,06/28/2025 09:05:00,4.12,35338.24,,,,,,
2513,06/28/2025 09:10:00,4.59,41717.76,,,,,,
2514,06/28/2025 09:15:00,5.27,45445.12,,,,,,
2515,06/28/2025 09:20:00,5.32,43028.48,,,,,,
2516,06/28/2025 09:25:00,5.02,42045.44,,,,,,
2517,06/28/2025 09:30:00,5.23,46223.36,,,,,,
2518,06/28/2025 09:35:00,5.96,57712.64,,,,,,
2519,06/28/2025 09:40:00,7.42,61726.72,,,,,,
2520,06/28/2025 09:45:00,8.23,64368.64,,,,,,
2521,06/28/2025 09:50:00,7.68,59228.16,,,,,,
2522,06/28/2025 09:55:00,7.76,65044.48,,,,,,
2523,06/28/2025 10:00:00,8.49,70799.36,,,,,,
2524,06/28/2025 10:05:00,9.18,71086.08,,,,,,
2525,06/28/2025 10:10:00,8.49,64163.84,,,,,,
2526,06/28/2025 10:15:00,7.81,61726.72,,,,,,
2527,06/28/2025 10:20:00,7.89,64081.92,,,,,,
2528,06/28/2025 10:25:00,9.56,80035.84,,,,,,
2529,06/28/2025 10:30:00,9.86,70246.40,,,,,,
2530,06/28/2025 10:35:00,9.99,72581.12,,,,,,
2531,06/28/2025 10:40:00,9.69,64593.92,,,,,,
2532,06/28/2025 10:45:00,8.41,62791.68,,,,,,
2533,06/28/2025 10:50:00,8.36,68321.28,,,,,,
2534,06/28/2025 10:55:00,8.66,71372.80,,,,,,
2535,06/28/2025 11:00:00,9.78,87285.76,,,,,,
2536,06/28/2025 11:05:00,10.59,83701.76,,,,,,
2537,06/28/2025 11:10:00,10.59,85688.32,,,,,,
2538,06/28/2025 11:15:00,10.81,82493.44,,,,,,
2539,06/28/2025 11:20:00,9.61,71680.00,,,,,,
2540,06/28/2025 11:25:00,8.53,64880.64,,,,,,
2541,06/28/2025 11:30:00,8.02,61788.16,,,,,,
2542,06/28/2025 11:35:00,7.81,61829.12,,,,,,
2543,06/28/2025 11:40:00,7.98,63815.68,,,,,,
2544,06/28/2025 11:45:00,8.45,69529.60,,,,,,
2545,06/28/2025 11:50:00,9.22,71352.32,,,,,,
2546,06/28/2025 11:55:00,8.28,61665.28,,,,,,
2547,06/28/2025 12:00:00,7.85,62525.44,,,,,,
2548,06/28/2025 12:05:00,9.05,76165.12,,,,,,
2549,06/28/2025 12:10:00,10.34,81612.80,,,,,,
2550,06/28/2025 12:15:00,11.02,88719.36,,,,,,
2551,06/28/2025 12:20:00,10.89,86302.72,,,,,,
2552,06/28/2025 12:25:00,10.85,93839.36,,,,,,
2553,06/28/2025 12:30:00,11.28,82903.04,,,,,,
2554,06/28/2025 12:35:00,10.51,82350.08,,,,,,
2555,06/28/2025 12:40:00,10.89,90644.48,,,,,,
2556,06/28/2025 12:45:00,12.14,102072.32,,,,,,
2557,06/28/2025 12:50:00,13.38,106209.28,,,,,,
2558,06/28/2025 12:55:00,13.64,105635.84,,,,,,
2559,06/28/2025 13:00:00,13.68,114851.84,,,,,,
2560,06/28/2025 13:05:00,15.06,120012.80,,,,,,
2561,06/28/2025 13:10:00,14.88,109117.44,,,,,,
2562,06/28/2025 13:15:00,12.65,90357.76,,,,,,
2563,06/28/2025 13:20:00,11.07,78520.32,,,,,,
2564,06/28/2025 13:25:00,10.12,76267.52,,,,,,
2565,06/28/2025 13:30:00,9.05,76533.76,,,,,,
2566,06/28/2025 13:35:00,10.08,84869.12,,,,,,
2567,06/28/2025 13:40:00,10.94,91627.52,,,,,,
2568,06/28/2025 13:45:00,11.62,93224.96,,,,,,
2569,06/28/2025 13:50:00,11.37,86917.12,,,,,,
2570,06/28/2025 13:55:00,10.77,81920.00,,,,,,
2571,06/28/2025 14:00:00,10.29,78704.64,,,,,,
2572,06/28/2025 14:05:00,10.16,82391.04,,,,,,
2573,06/28/2025 14:10:00,10.81,84705.28,,,,,,
2574,06/28/2025 14:15:00,11.41,86384.64,,,,,,
2575,06/28/2025 14:20:00,12.31,94617.60,,,,,,
2576,06/28/2025 14:25:00,13.51,90808.32,,,,,,
2577,06/28/2025 14:30:00,12.87,82800.64,,,,,,
2578,06/28/2025 14:35:00,12.18,84254.72,,,,,,
2579,06/28/2025 14:40:00,11.97,89128.96,,,,,,
2580,06/28/2025 14:45:00,12.35,90644.48,,,,,,
2581,06/28/2025 14:50:00,11.75,80261.12,,,,,,
2582,06/28/2025 14:55:00,10.64,74731.52,,,,,,
2583,06/28/2025 15:00:00,10.12,78970.88,,,,,,
2584,06/28/2025 15:05:00,10.25,84992.00,,,,,,
2585,06/28/2025 15:10:00,10.29,85524.48,,,,,,
2586,06/28/2025 15:15:00,10.55,87367.68,,,,,,
2587,06/28/2025 15:20:00,10.77,85606.40,,,,,,
2588,06/28/2025 15:25:00,10.16,80588.80,,,,,,
2589,06/28/2025 15:30:00,9.14,75161.60,,,,,,
2590,06/28/2025 15:35:00,8.58,73113.60,,,,,,
2591,06/28/2025 15:40:00,8.41,73543.68,,,,,,
2592,06/28/2025 15:45:00,8.62,76247.04,,,,,,
2593,06/28/2025 15:50:00,8.45,73625.60,,,,,,
2594,06/28/2025 15:55:00,8.83,76513.28,,,,,,
2595,06/28/2025 16:00:00,8.79,72888.32,,,,,,
2596,06/28/2025 16:05:00,8.71,75120.64,,,,,,
2597,06/28/2025 16:10:00,8.15,70594.56,,,,,,
2598,06/28/2025 16:15:00,8.62,76984.32,,,,,,
2599,06/28/2025 16:20:00,8.88,74567.68,,,,,,
2600,06/28/2025 16:25:00,8.71,73093.12,,,,,,
2601,06/28/2025 16:30:00,8.66,72847.36,,,,,,
2602,06/28/2025 16:35:00,8.23,67665.92,,,,,,
2603,06/28/2025 16:40:00,7.68,65474.56,,,,,,
2604,06/28/2025 16:45:00,7.89,68136.96,,,,,,
2605,06/28/2025 16:50:00,7.98,65351.68,,,,,,
2606,06/28/2025 16:55:00,7.68,62300.16,,,,,,
2607,06/28/2025 17:00:00,7.29,58675.20,,,,,,
2608,06/28/2025 17:05:00,6.69,55726.08,,,,,,
2609,06/28/2025 17:10:00,6.69,59289.60,,,,,,
2610,06/28/2025 17:15:00,7.03,60579.84,,,,,,
2611,06/28/2025 17:20:00,6.82,56606.72,,,,,,
2612,06/28/2025 17:25:00,6.52,54251.52,,,,,,
2613,06/28/2025 17:30:00,6.22,52756.48,,,,,,
2614,06/28/2025 17:35:00,6.26,51056.64,,,,,,
2615,06/28/2025 17:40:00,5.92,49008.64,,,,,,
2616,06/28/2025 17:45:00,5.79,49561.60,,,,,,
2617,06/28/2025 17:50:00,6.09,49561.60,,,,,,
2618,06/28/2025 17:55:00,6.73,50094.08,,,,,,
2619,06/28/2025 18:00:00,6.78,45117.44,,,,,,
2620,06/28/2025 18:05:00,6.48,45363.20,,,,,,
2621,06/28/2025 18:10:00,7.68,54927.36,,,,,,
2622,06/28/2025 18:15:00,7.72,54210.56,,,,,,
2623,06/28/2025 18:20:00,8.58,59822.08,,,,,,
2624,06/28/2025 18:25:00,8.36,55726.08,,,,,,
2625,06/28/2025 18:30:00,7.59,46407.68,,,,,,
2626,06/28/2025 18:35:00,6.52,45015.04,,,,,,
2627,06/28/2025 18:40:00,6.56,48906.24,,,,,,
2628,06/28/2025 18:45:00,7.16,52080.64,,,,,,
2629,06/28/2025 18:50:00,6.78,47042.56,,,,,,
2630,06/28/2025 18:55:00,6.22,44216.32,,,,,,
2631,06/28/2025 19:00:00,5.57,42946.56,,,,,,
2632,06/28/2025 19:05:00,5.53,42414.08,,,,,,
2633,06/28/2025 19:10:00,4.72,34304.00,,,,,,
2634,06/28/2025 19:15:00,4.46,35993.60,,,,,,
2635,06/28/2025 19:20:00,4.72,35532.80,,,,,,
2636,06/28/2025 19:25:00,4.42,33884.16,,,,,,
2637,06/28/2025 19:30:00,4.29,30566.40,,,,,,
2638,06/28/2025 19:35:00,4.29,29808.64,,,,,,
2639,06/28/2025 19:40:00,4.29,30535.68,,,,,,
2640,06/28/2025 19:45:00,4.46,31068.16,,,,,,
2641,06/28/2025 19:50:00,4.12,27648.00,,,,,,
2642,06/28/2025 19:55:00,4.54,35031.04,,,,,,
2643,06/28/2025 20:00:00,5.53,38563.84,,,,,,
2644,06/28/2025 20:05:00,5.83,42229.76,,,,,,
2645,06/28/2025 20:10:00,4.80,24893.44,,,,,,
2646,06/28/2025 20:15:00,3.69,21872.64,,,,,,
2647,06/28/2025 20:20:00,3.56,24545.28,,,,,,
2648,06/28/2025 20:25:00,3.21,22702.08,,,,,,
2649,06/28/2025 20:30:00,3.04,22640.64,,,,,,
2650,06/28/2025 20:35:00,2.57,18913.28,,,,,,
2651,06/28/2025 20:40:00,2.23,16849.92,,,,,,
2652,06/28/2025 20:45:00,2.10,16215.04,,,,,,
2653,06/28/2025 20:50:00,1.93,13808.64,,,,,,
2654,06/28/2025 20:55:00,1.71,12948.48,,,,,,
2655,06/28/2025 21:00:00,1.50,11304.96,,,,,,
2656,06/28/2025 21:05:00,1.33,9850.88,,,,,,
2657,06/28/2025 21:10:00,1.28,9100.80,,,,,,
2658,06/28/2025 21:15:00,1.16,8686.08,,,,,,
2659,06/28/2025 21:20:00,1.20,8875.52,,,,,,
2660,06/28/2025 21:25:00,1.16,9487.36,,,,,,
2661,06/28/2025 21:30:00,1.07,7626.24,,,,,,
2662,06/28/2025 21:35:00,0.77,5393.92,,,,,,
2663,06/28/2025 21:40:00,0.68,5570.56,,,,,,
2664,06/28/2025 21:45:00,0.64,5248.00,,,,,,
2665,06/28/2025 21:50:00,0.60,4559.36,,,,,,
2666,06/28/2025 21:55:00,0.55,4106.24,,,,,,
2667,06/28/2025 22:00:00,0.51,4108.80,,,,,,
2668,06/28/2025 22:05:00,0.47,3461.12,,,,,,
2669,06/28/2025 22:10:00,0.43,3075.84,,,,,,
2670,06/28/2025 22:15:00,0.43,2661.12,,,,,,
2671,06/28/2025 22:20:00,0.30,2383.36,,,,,,
2672,06/28/2025 22:25:00,0.34,2261.76,,,,,,
2673,06/28/2025 22:30:00,0.30,1992.32,,,,,,
2674,06/28/2025 22:35:00,0.25,1786.24,,,,,,
2675,06/28/2025 22:40:00,0.25,1465.60,,,,,,
2676,06/28/2025 22:45:00,0.25,1248.64,,,,,,
2677,06/28/2025 22:50:00,0.21,1015.04,,,,,,
2678,06/28/2025 22:55:00,0.21,926.08,,,,,,
2679,06/28/2025 23:00:00,0.21,770.56,,,,,,
2680,06/28/2025 23:05:00,0.17,607.84,,,,,,
2681,06/28/2025 23:10:00,0.17,498.08,,,,,,
2682,06/28/2025 23:15:00,0.17,376.32,,,,,,
2683,06/28/2025 23:20:00,0.17,293.60,,,,,,
2684,06/28/2025 23:25:00,0.17,238.32,,,,,,
2685,06/28/2025 23:30:00,0.13,180.32,,,,,,
2686,06/28/2025 23:35:00,0.13,128.12,,,,,,
2687,06/28/2025 23:40:00,0.13,91.00,,,,,,
2688,06/28/2025 23:45:00,0.13,68.16,,,,,,
2689,06/28/2025 23:50:00,0.17,47.54,,,,,,
2690,06/28/2025 23:55:00,0.13,33.47,,,,,,
2691,06/29/2025 00:00:00,0.13,22.72,,,,,,
2692,06/29/2025 00:05:00,0.17,16.27,,,,,,
2693,06/29/2025 00:10:00,0.13,11.51,,,,,,
2694,06/29/2025 00:15:00,0.13,8.02,,,,,,
2695,06/29/2025 00:20:00,0.13,5.75,,,,,,
2696,06/29/2025 00:25:00,0.08,4.31,,,,,,
2697,06/29/2025 00:30:00,0.04,3.08,,,,,,
2698,06/29/2025 00:35:00,0.08,2.46,,,,,,
2699,06/29/2025 00:40:00,0.13,1.85,,,,,,
2700,06/29/2025 00:45:00,0.13,1.43,,,,,,
2701,06/29/2025 00:50:00,0.08,1.02,,,,,,
2702,06/29/2025 00:55:00,0.13,0.82,,,,,,
2703,06/29/2025 01:00:00,0.13,0.82,,,,,,
2704,06/29/2025 01:05:00,0.13,0.61,,,,,,
2705,06/29/2025 01:10:00,0.13,0.41,,,,,,
2706,06/29/2025 01:15:00,0.13,0.41,,,,,,
2707,06/29/2025 01:20:00,0.13,0.41,,,,,,
2708,06/29/2025 01:25:00,0.08,0.20,,,,,,
2709,06/29/2025 01:30:00,0.13,0.20,,,,,,
2710,06/29/2025 01:35:00,0.13,0.20,,,,,,
2711,06/29/2025 01:40:00,0.13,0.20,,,,,,
2712,06/29/2025 01:45:00,0.08,0.20,,,,,,
2713,06/29/2025 01:50:00,0.08,0.20,,,,,,
2714,06/29/2025 01:55:00,0.08,0.00,,,,,,
2715,06/29/2025 02:00:00,0.13,0.61,,,,,,
2716,06/29/2025 02:05:00,0.08,0.00,,,,,,
2717,06/29/2025 02:10:00,0.13,0.20,,,,,,
2718,06/29/2025 02:15:00,0.04,0.20,,,,,,
2719,06/29/2025 02:20:00,0.04,0.20,,,,,,
2720,06/29/2025 02:25:00,0.08,0.20,,,,,,
2721,06/29/2025 02:30:00,0.08,0.20,,,,,,
2722,06/29/2025 02:35:00,0.04,0.41,,,,,,
2723,06/29/2025 02:40:00,0.04,0.41,,,,,,
2724,06/29/2025 02:45:00,-0.00,0.41,,,,,,
2725,06/29/2025 02:50:00,-0.00,0.61,,,,,,
2726,06/29/2025 02:55:00,-0.00,0.82,,,,,,
2727,06/29/2025 03:00:00,-0.05,1.02,,,,,,
2728,06/29/2025 03:05:00,-0.05,1.23,,,,,,
2729,06/29/2025 03:10:00,-0.09,1.43,,,,,,
2730,06/29/2025 03:15:00,-0.13,1.64,,,,,,
2731,06/29/2025 03:20:00,-0.13,2.26,,,,,,
2732,06/29/2025 03:25:00,-0.17,2.87,,,,,,
2733,06/29/2025 03:30:00,-0.09,4.52,,,,,,
2734,06/29/2025 03:35:00,-0.09,6.78,,,,,,
2735,06/29/2025 03:40:00,-0.09,9.25,,,,,,
2736,06/29/2025 03:45:00,-0.09,12.13,,,,,,
2737,06/29/2025 03:50:00,-0.13,15.03,,,,,,
2738,06/29/2025 03:55:00,-0.09,19.84,,,,,,
2739,06/29/2025 04:00:00,-0.05,31.41,,,,,,
2740,06/29/2025 04:05:00,-0.09,38.45,,,,,,
2741,06/29/2025 04:10:00,-0.17,50.06,,,,,,
2742,06/29/2025 04:15:00,-0.13,70.32,,,,,,
2743,06/29/2025 04:20:00,-0.17,103.32,,,,,,
2744,06/29/2025 04:25:00,-0.17,143.92,,,,,,
2745,06/29/2025 04:30:00,-0.13,187.12,,,,,,
2746,06/29/2025 04:35:00,-0.13,244.88,,,,,,
2747,06/29/2025 04:40:00,-0.17,324.48,,,,,,
2748,06/29/2025 04:45:00,-0.13,420.32,,,,,,
2749,06/29/2025 04:50:00,-0.05,534.56,,,,,,
2750,06/29/2025 04:55:00,-0.13,673.92,,,,,,
2751,06/29/2025 05:00:00,-0.17,829.44,,,,,,
2752,06/29/2025 05:05:00,-0.17,984.64,,,,,,
2753,06/29/2025 05:10:00,-0.26,1146.56,,,,,,
2754,06/29/2025 05:15:00,-0.22,1370.24,,,,,,
2755,06/29/2025 05:20:00,-0.13,1674.24,,,,,,
2756,06/29/2025 05:25:00,-0.05,2268.16,,,,,,
2757,06/29/2025 05:30:00,0.04,2574.72,,,,,,
2758,06/29/2025 05:35:00,0.04,2741.76,,,,,,
2759,06/29/2025 05:40:00,-0.00,2804.48,,,,,,
2760,06/29/2025 05:45:00,0.04,3130.88,,,,,,
2761,06/29/2025 05:50:00,0.13,3312.64,,,,,,
2762,06/29/2025 05:55:00,0.17,3852.80,,,,,,
2763,06/29/2025 06:00:00,0.30,4464.64,,,,,,
2764,06/29/2025 06:05:00,0.34,4898.56,,,,,,
2765,06/29/2025 06:10:00,0.38,4944.64,,,,,,
2766,06/29/2025 06:15:00,0.38,5122.56,,,,,,
2767,06/29/2025 06:20:00,0.38,5570.56,,,,,,
2768,06/29/2025 06:25:00,0.47,5987.84,,,,,,
2769,06/29/2025 06:30:00,0.43,6136.32,,,,,,
2770,06/29/2025 06:35:00,0.51,6901.76,,,,,,
2771,06/29/2025 06:40:00,0.60,7697.92,,,,,,
2772,06/29/2025 06:45:00,0.60,8066.56,,,,,,
2773,06/29/2025 06:50:00,0.64,8870.40,,,,,,
2774,06/29/2025 06:55:00,0.68,8547.84,,,,,,
2775,06/29/2025 07:00:00,0.90,10278.40,,,,,,
2776,06/29/2025 07:05:00,1.11,12088.32,,,,,,
2777,06/29/2025 07:10:00,1.33,13460.48,,,,,,
2778,06/29/2025 07:15:00,1.41,13716.48,,,,,,
2779,06/29/2025 07:20:00,1.41,13921.28,,,,,,
2780,06/29/2025 07:25:00,1.71,18155.52,,,,,,
2781,06/29/2025 07:30:00,2.27,21360.64,,,,,,
2782,06/29/2025 07:35:00,2.40,18191.36,,,,,,
2783,06/29/2025 07:40:00,2.27,17725.44,,,,,,
2784,06/29/2025 07:45:00,2.44,22241.28,,,,,,
2785,06/29/2025 07:50:00,2.83,23296.00,,,,,,
2786,06/29/2025 07:55:00,3.99,30515.20,,,,,,
2787,06/29/2025 08:00:00,4.20,30085.12,,,,,,
2788,06/29/2025 08:05:00,3.94,28518.40,,,,,,
2789,06/29/2025 08:10:00,4.76,35041.28,,,,,,
2790,06/29/2025 08:15:00,5.40,37703.68,,,,,,
2791,06/29/2025 08:20:00,5.62,35594.24,,,,,,
2792,06/29/2025 08:25:00,5.45,33904.64,,,,,,
2793,06/29/2025 08:30:00,5.53,34580.48,,,,,,
2794,06/29/2025 08:35:00,6.17,41574.40,,,,,,
2795,06/29/2025 08:40:00,7.59,54272.00,,,,,,
2796,06/29/2025 08:45:00,7.42,46100.48,,,,,,
2797,06/29/2025 08:50:00,7.93,38717.44,,,,,,
2798,06/29/2025 08:55:00,6.17,35543.04,,,,,,
2799,06/29/2025 09:00:00,6.17,37785.60,,,,,,
2800,06/29/2025 09:05:00,6.95,51118.08,,,,,,
2801,06/29/2025 09:10:00,7.42,46551.04,,,,,,
2802,06/29/2025 09:15:00,9.09,84705.28,,,,,,
2803,06/29/2025 09:20:00,10.94,65413.12,,,,,,
2804,06/29/2025 09:25:00,11.92,67092.48,,,,,,
2805,06/29/2025 09:30:00,10.08,68485.12,,,,,,
2806,06/29/2025 09:35:00,8.83,48803.84,,,,,,
2807,06/29/2025 09:40:00,8.53,66150.40,,,,,,
2808,06/29/2025 09:45:00,11.84,82698.24,,,,,,
2809,06/29/2025 09:50:00,11.54,72355.84,,,,,,
2810,06/29/2025 09:55:00,10.94,75223.04,,,,,,
2811,06/29/2025 10:00:00,12.57,82698.24,,,,,,
2812,06/29/2025 10:05:00,12.22,77905.92,,,,,,
2813,06/29/2025 10:10:00,9.69,63795.20,,,,,,
2814,06/29/2025 10:15:00,11.11,69857.28,,,,,,
2815,06/29/2025 10:20:00,10.21,68935.68,,,,,,
2816,06/29/2025 10:25:00,10.42,73932.80,,,,,,
2817,06/29/2025 10:30:00,12.18,75325.44,,,,,,
2818,06/29/2025 10:35:00,9.22,79360.00,,,,,,
2819,06/29/2025 10:40:00,11.32,71372.80,,,,,,
2820,06/29/2025 10:45:00,11.02,81612.80,,,,,,
2821,06/29/2025 10:50:00,11.11,72744.96,,,,,,
2822,06/29/2025 10:55:00,14.07,84705.28,,,,,,
2823,06/29/2025 11:00:00,16.43,108994.56,,,,,,
2824,06/29/2025 11:05:00,15.10,77742.08,,,,,,
2825,06/29/2025 11:10:00,12.95,81653.76,,,,,,
2826,06/29/2025 11:15:00,12.74,78479.36,,,,,,
2827,06/29/2025 11:20:00,10.89,86179.84,,,,,,
2828,06/29/2025 11:25:00,11.92,81776.64,,,,,,
2829,06/29/2025 11:30:00,13.81,92569.60,,,,,,
2830,06/29/2025 11:35:00,12.61,88064.00,,,,,,
2831,06/29/2025 11:40:00,13.51,91422.72,,,,,,
2832,06/29/2025 11:45:00,14.75,107601.92,,,,,,
2833,06/29/2025 11:50:00,14.37,108052.48,,,,,,
2834,06/29/2025 11:55:00,13.25,87982.08,,,,,,
2835,06/29/2025 12:00:00,12.82,95928.32,,,,,,
2836,06/29/2025 12:05:00,12.70,93470.72,,,,,,
2837,06/29/2025 12:10:00,12.18,95109.12,,,,,,
2838,06/29/2025 12:15:00,12.65,91914.24,,,,,,
2839,06/29/2025 12:20:00,12.87,102604.80,,,,,,
2840,06/29/2025 12:25:00,13.30,94781.44,,,,,,
2841,06/29/2025 12:30:00,13.51,105267.20,,,,,,
2842,06/29/2025 12:35:00,12.91,104284.16,,,,,,
2843,06/29/2025 12:40:00,12.70,95232.00,,,,,,
2844,06/29/2025 12:45:00,14.54,120053.76,,,,,,
2845,06/29/2025 12:50:00,14.11,101867.52,,,,,,
2846,06/29/2025 12:55:00,14.03,106946.56,,,,,,
2847,06/29/2025 13:00:00,13.68,104734.72,,,,,,
2848,06/29/2025 13:05:00,13.98,106004.48,,,,,,
2849,06/29/2025 13:10:00,15.14,115712.00,,,,,,
2850,06/29/2025 13:15:00,14.71,92241.92,,,,,,
2851,06/29/2025 13:20:00,12.91,86261.76,,,,,,
2852,06/29/2025 13:25:00,11.92,85770.24,,,,,,
2853,06/29/2025 13:30:00,11.97,91586.56,,,,,,
2854,06/29/2025 13:35:00,12.44,101908.48,,,,,,
2855,06/29/2025 13:40:00,11.88,88883.20,,,,,,
2856,06/29/2025 13:45:00,13.08,107683.84,,,,,,
2857,06/29/2025 13:50:00,12.95,101335.04,,,,,,
2858,06/29/2025 13:55:00,12.74,103915.52,,,,,,
2859,06/29/2025 14:00:00,12.82,103260.16,,,,,,
2860,06/29/2025 14:05:00,13.43,112435.20,,,,,,
2861,06/29/2025 14:10:00,13.43,101171.20,,,,,,
2862,06/29/2025 14:15:00,11.97,87121.92,,,,,,
2863,06/29/2025 14:20:00,11.54,82780.16,,,,,,
2864,06/29/2025 14:25:00,11.11,94822.40,,,,,,
2865,06/29/2025 14:30:00,13.64,114237.44,,,,,,
2866,06/29/2025 14:35:00,15.66,115343.36,,,,,,
2867,06/29/2025 14:40:00,13.47,91340.80,,,,,,
2868,06/29/2025 14:45:00,13.17,103915.52,,,,,,
2869,06/29/2025 14:50:00,11.75,81797.12,,,,,,
2870,06/29/2025 14:55:00,11.92,100966.40,,,,,,
2871,06/29/2025 15:00:00,11.79,86302.72,,,,,,
2872,06/29/2025 15:05:00,11.97,89702.40,,,,,,
2873,06/29/2025 15:10:00,12.57,97239.04,,,,,,
2874,06/29/2025 15:15:00,12.61,87982.08,,,,,,
2875,06/29/2025 15:20:00,11.07,81428.48,,,,,,
2876,06/29/2025 15:25:00,11.84,88145.92,,,,,,
2877,06/29/2025 15:30:00,12.10,91340.80,,,,,,
2878,06/29/2025 15:35:00,12.82,92200.96,,,,,,
2879,06/29/2025 15:40:00,14.24,111902.72,,,,,,
2880,06/29/2025 15:45:00,12.31,72396.80,,,,,,
2881,06/29/2025 15:50:00,10.89,70512.64,,,,,,
2882,06/29/2025 15:55:00,10.77,73932.80,,,,,,
2883,06/29/2025 16:00:00,11.41,88473.60,,,,,,
2884,06/29/2025 16:05:00,12.05,85852.16,,,,,,
2885,06/29/2025 16:10:00,11.58,77885.44,,,,,,
2886,06/29/2025 16:15:00,12.05,78479.36,,,,,,
2887,06/29/2025 16:20:00,12.44,91955.20,,,,,,
2888,06/29/2025 16:25:00,13.98,85647.36,,,,,,
2889,06/29/2025 16:30:00,12.44,78643.20,,,,,,
2890,06/29/2025 16:35:00,12.65,82718.72,,,,,,
2891,06/29/2025 16:40:00,12.22,80015.36,,,,,,
2892,06/29/2025 16:45:00,11.79,83415.04,,,,,,
2893,06/29/2025 16:50:00,11.15,74199.04,,,,,,
2894,06/29/2025 16:55:00,11.58,81756.16,,,,,,
2895,06/29/2025 17:00:00,12.82,86589.44,,,,,,
2896,06/29/2025 17:05:00,13.08,84336.64,,,,,,
2897,06/29/2025 17:10:00,11.84,77250.56,,,,,,
2898,06/29/2025 17:15:00,10.51,73953.28,,,,,,
2899,06/29/2025 17:20:00,9.95,67379.20,,,,,,
2900,06/29/2025 17:25:00,8.83,63692.80,,,,,,
2901,06/29/2025 17:30:00,8.53,63692.80,,,,,,
2902,06/29/2025 17:35:00,8.23,61603.84,,,,,,
2903,06/29/2025 17:40:00,7.98,61665.28,,,,,,
2904,06/29/2025 17:45:00,8.23,63037.44,,,,,,
2905,06/29/2025 17:50:00,8.11,58490.88,,,,,,
2906,06/29/2025 17:55:00,7.20,55377.92,,,,,,
2907,06/29/2025 18:00:00,6.65,54435.84,,,,,,
2908,06/29/2025 18:05:00,6.43,52572.16,,,,,,
2909,06/29/2025 18:10:00,6.35,52183.04,,,,,,
2910,06/29/2025 18:15:00,6.30,52961.28,,,,,,
2911,06/29/2025 18:20:00,6.43,49274.88,,,,,,
2912,06/29/2025 18:25:00,6.09,47677.44,,,,,,
2913,06/29/2025 18:30:00,5.87,46202.88,,,,,,
2914,06/29/2025 18:35:00,5.75,44093.44,,,,,,
2915,06/29/2025 18:40:00,5.32,42475.52,,,,,,
2916,06/29/2025 18:45:00,5.23,41246.72,,,,,,
2917,06/29/2025 18:50:00,5.15,40519.68,,,,,,
2918,06/29/2025 18:55:00,5.23,41564.16,,,,,,
2919,06/29/2025 19:00:00,5.19,40284.16,,,,,,
2920,06/29/2025 19:05:00,5.02,37283.84,,,,,,
2921,06/29/2025 19:10:00,4.76,36679.68,,,,,,
2922,06/29/2025 19:15:00,4.89,38891.52,,,,,,
2923,06/29/2025 19:20:00,5.15,38748.16,,,,,,
2924,06/29/2025 19:25:00,5.02,35870.72,,,,,,
2925,06/29/2025 19:30:00,4.59,33095.68,,,,,,
2926,06/29/2025 19:35:00,4.29,31662.08,,,,,,
2927,06/29/2025 19:40:00,4.20,30515.20,,,,,,
2928,06/29/2025 19:45:00,4.12,29204.48,,,,,,
2929,06/29/2025 19:50:00,3.82,27709.44,,,,,,
2930,06/29/2025 19:55:00,3.64,26429.44,,,,,,
2931,06/29/2025 20:00:00,3.47,24565.76,,,,,,
2932,06/29/2025 20:05:00,3.34,23459.84,,,,,,
2933,06/29/2025 20:10:00,3.13,22108.16,,,,,,
2934,06/29/2025 20:15:00,3.09,21278.72,,,,,,
2935,06/29/2025 20:20:00,2.87,20352.00,,,,,,
2936,06/29/2025 20:25:00,2.74,19456.00,,,,,,
2937,06/29/2025 20:30:00,2.61,18534.40,,,,,,
2938,06/29/2025 20:35:00,2.53,17699.84,,,,,,
2939,06/29/2025 20:40:00,2.49,16634.88,,,,,,
2940,06/29/2025 20:45:00,2.19,15744.00,,,,,,
2941,06/29/2025 20:50:00,2.01,14776.32,,,,,,
2942,06/29/2025 20:55:00,1.84,13875.20,,,,,,
2943,06/29/2025 21:00:00,1.76,13153.28,,,,,,
2944,06/29/2025 21:05:00,1.67,12190.72,,,,,,
2945,06/29/2025 21:10:00,1.50,11340.80,,,,,,
2946,06/29/2025 21:15:00,1.33,10462.72,,,,,,
2947,06/29/2025 21:20:00,1.20,9620.48,,,,,,
2948,06/29/2025 21:25:00,1.07,9008.64,,,,,,
2949,06/29/2025 21:30:00,0.98,8337.92,,,,,,
2950,06/29/2025 21:35:00,0.86,7626.24,,,,,,
2951,06/29/2025 21:40:00,0.77,7316.48,,,,,,
2952,06/29/2025 21:45:00,0.73,6689.28,,,,,,
2953,06/29/2025 21:50:00,0.60,5934.08,,,,,,
2954,06/29/2025 21:55:00,0.55,5440.00,,,,,,
2955,06/29/2025 22:00:00,0.47,4889.60,,,,,,
2956,06/29/2025 22:05:00,0.34,4362.24,,,,,,
2957,06/29/2025 22:10:00,0.30,3918.08,,,,,,
2958,06/29/2025 22:15:00,0.17,3440.64,,,,,,
2959,06/29/2025 22:20:00,0.04,3096.32,,,,,,
2960,06/29/2025 22:25:00,-0.05,2746.88,,,,,,
2961,06/29/2025 22:30:00,-0.09,2398.72,,,,,,
2962,06/29/2025 22:35:00,-0.17,2094.08,,,,,,
2963,06/29/2025 22:40:00,-0.13,1804.80,,,,,,
2964,06/29/2025 22:45:00,-0.26,1511.04,,,,,,
2965,06/29/2025 22:50:00,-0.30,1283.20,,,,,,
2966,06/29/2025 22:55:00,-0.35,1044.48,,,,,,
2967,06/29/2025 23:00:00,-0.39,841.28,,,,,,
2968,06/29/2025 23:05:00,-0.39,669.44,,,,,,
2969,06/29/2025 23:10:00,-0.47,529.76,,,,,,
2970,06/29/2025 23:15:00,-0.47,406.24,,,,,,
2971,06/29/2025 23:20:00,-0.52,302.88,,,,,,
2972,06/29/2025 23:25:00,-0.52,229.28,,,,,,
2973,06/29/2025 23:30:00,-0.52,173.12,,,,,,
2974,06/29/2025 23:35:00,-0.60,128.20,,,,,,
2975,06/29/2025 23:40:00,-0.65,89.32,,,,,,
2976,06/29/2025 23:45:00,-0.60,62.82,,,,,,
2977,06/29/2025 23:50:00,-0.65,43.84,,,,,,
2978,06/29/2025 23:55:00,-0.69,32.28,,,,,,
2979,06/30/2025 00:00:00,-0.73,24.37,,,,,,
2980,06/30/2025 00:05:00,-0.77,17.53,,,,,,
2981,06/30/2025 00:10:00,-0.77,12.54,,,,,,
2982,06/30/2025 00:15:00,-0.77,9.04,,,,,,
2983,06/30/2025 00:20:00,-0.82,7.60,,,,,,
2984,06/30/2025 00:25:00,-0.90,5.14,,,,,,
2985,06/30/2025 00:30:00,-0.95,4.11,,,,,,
2986,06/30/2025 00:35:00,-1.03,3.29,,,,,,
2987,06/30/2025 00:40:00,-0.99,2.46,,,,,,
2988,06/30/2025 00:45:00,-1.03,2.05,,,,,,
2989,06/30/2025 00:50:00,-0.99,1.64,,,,,,
2990,06/30/2025 00:55:00,-0.86,1.23,,,,,,
2991,06/30/2025 01:00:00,-0.82,1.02,,,,,,
2992,06/30/2025 01:05:00,-0.77,0.82,,,,,,
2993,06/30/2025 01:10:00,-0.82,0.82,,,,,,
2994,06/30/2025 01:15:00,-0.77,0.82,,,,,,
2995,06/30/2025 01:20:00,-0.86,0.61,,,,,,
2996,06/30/2025 01:25:00,-0.86,0.61,,,,,,
2997,06/30/2025 01:30:00,-0.86,0.61,,,,,,
2998,06/30/2025 01:35:00,-0.90,0.61,,,,,,
2999,06/30/2025 01:40:00,-0.90,0.41,,,,,,
3000,06/30/2025 01:45:00,-0.90,0.41,,,,,,
3001,06/30/2025 01:50:00,-0.90,0.20,,,,,,
3002,06/30/2025 01:55:00,-0.90,0.20,,,,,,
3003,06/30/2025 02:00:00,-0.90,0.20,,,,,,
3004,06/30/2025 02:05:00,-0.90,0.20,,,,,,
3005,06/30/2025 02:10:00,-0.90,0.20,,,,,,
3006,06/30/2025 02:15:00,-0.86,0.20,,,,,,
3007,06/30/2025 02:20:00,-0.86,0.20,,,,,,
3008,06/30/2025 02:25:00,-0.82,0.20,,,,,,
3009,06/30/2025 02:30:00,-0.86,0.20,,,,,,
3010,06/30/2025 02:35:00,-0.77,0.20,,,,,,
3011,06/30/2025 02:40:00,-0.77,0.41,,,,,,
3012,06/30/2025 02:45:00,-0.82,0.41,,,,,,
3013,06/30/2025 02:50:00,-0.86,0.61,,,,,,
3014,06/30/2025 02:55:00,-0.77,0.61,,,,,,
3015,06/30/2025 03:00:00,-0.73,0.82,,,,,,
3016,06/30/2025 03:05:00,-0.77,1.23,,,,,,
3017,06/30/2025 03:10:00,-0.73,1.43,,,,,,
3018,06/30/2025 03:15:00,-0.69,1.85,,,,,,
3019,06/30/2025 03:20:00,-0.69,2.26,,,,,,
3020,06/30/2025 03:25:00,-0.65,3.08,,,,,,
3021,06/30/2025 03:30:00,-0.65,3.90,,,,,,
3022,06/30/2025 03:35:00,-0.60,4.93,,,,,,
3023,06/30/2025 03:40:00,-0.56,6.37,,,,,,
3024,06/30/2025 03:45:00,-0.52,9.04,,,,,,
3025,06/30/2025 03:50:00,-0.52,11.92,,,,,,
3026,06/30/2025 03:55:00,-0.56,16.47,,,,,,
3027,06/30/2025 04:00:00,-0.56,21.90,,,,,,
3028,06/30/2025 04:05:00,-0.56,31.41,,,,,,
3029,06/30/2025 04:10:00,-0.60,43.44,,,,,,
3030,06/30/2025 04:15:00,-0.65,63.18,,,,,,
3031,06/30/2025 04:20:00,-0.69,87.68,,,,,,
3032,06/30/2025 04:25:00,-0.69,123.16,,,,,,
3033,06/30/2025 04:30:00,-0.65,168.00,,,,,,
3034,06/30/2025 04:35:00,-0.65,230.08,,,,,,
3035,06/30/2025 04:40:00,-0.69,300.40,,,,,,
3036,06/30/2025 04:45:00,-0.69,405.44,,,,,,
3037,06/30/2025 04:50:00,-0.73,497.12,,,,,,
3038,06/30/2025 04:55:00,-0.86,704.96,,,,,,
3039,06/30/2025 05:00:00,-0.82,833.92,,,,,,
3040,06/30/2025 05:05:00,-0.86,1039.68,,,,,,
3041,06/30/2025 05:10:00,-0.73,1276.48,,,,,,
3042,06/30/2025 05:15:00,-0.65,1528.96,,,,,,
3043,06/30/2025 05:20:00,-0.77,1814.40,,,,,,
3044,06/30/2025 05:25:00,-0.86,2365.44,,,,,,
3045,06/30/2025 05:30:00,-0.77,2464.00,,,,,,
3046,06/30/2025 05:35:00,-0.56,2730.24,,,,,,
3047,06/30/2025 05:40:00,-0.30,3176.96,,,,,,
3048,06/30/2025 05:45:00,-0.17,3330.56,,,,,,
3049,06/30/2025 05:50:00,-0.22,3685.12,,,,,,
3050,06/30/2025 05:55:00,-0.13,4774.40,,,,,,
3051,06/30/2025 06:00:00,0.13,5312.00,,,,,,
3052,06/30/2025 06:05:00,0.17,4642.56,,,,,,
3053,06/30/2025 06:10:00,0.08,5680.64,,,,,,
3054,06/30/2025 06:15:00,0.43,7600.64,,,,,,
3055,06/30/2025 06:20:00,0.81,7731.20,,,,,,
3056,06/30/2025 06:25:00,0.73,7388.16,,,,,,
3057,06/30/2025 06:30:00,1.16,10961.92,,,,,,
3058,06/30/2025 06:35:00,1.50,12856.32,,,,,,
3059,06/30/2025 06:40:00,2.36,19466.24,,,,,,
3060,06/30/2025 06:45:00,3.60,24401.92,,,,,,
3061,06/30/2025 06:50:00,3.00,14622.72,,,,,,
3062,06/30/2025 06:55:00,2.61,14796.80,,,,,,
3063,06/30/2025 07:00:00,1.88,12206.08,,,,,,
3064,06/30/2025 07:05:00,2.74,19307.52,,,,,,
3065,06/30/2025 07:10:00,2.79,17715.20,,,,,,
3066,06/30/2025 07:15:00,2.83,16527.36,,,,,,
3067,06/30/2025 07:20:00,2.40,13527.04,,,,,,
3068,06/30/2025 07:25:00,2.06,16445.44,,,,,,
3069,06/30/2025 07:30:00,2.31,17121.28,,,,,,
3070,06/30/2025 07:35:00,2.44,17633.28,,,,,,
3071,06/30/2025 07:40:00,2.74,19082.24,,,,,,
3072,06/30/2025 07:45:00,3.69,27955.20,,,,,,
3073,06/30/2025 07:50:00,4.97,27596.80,,,,,,
3074,06/30/2025 07:55:00,5.62,32030.72,,,,,,
3075,06/30/2025 08:00:00,6.86,35778.56,,,,,,
3076,06/30/2025 08:05:00,6.26,29962.24,,,,,,
3077,06/30/2025 08:10:00,6.52,32952.32,,,,,,
3078,06/30/2025 08:15:00,6.26,30412.80,,,,,,
3079,06/30/2025 08:20:00,6.82,34242.56,,,,,,
3080,06/30/2025 08:25:00,7.59,40202.24,,,,,,
3081,06/30/2025 08:30:00,7.72,37191.68,,,,,,
3082,06/30/2025 08:35:00,8.66,44154.88,,,,,,
3083,06/30/2025 08:40:00,8.96,39045.12,,,,,,
3084,06/30/2025 08:45:00,8.32,36270.08,,,,,,
3085,06/30/2025 08:50:00,8.02,37765.12,,,,,,
3086,06/30/2025 08:55:00,7.93,37304.32,,,,,,
3087,06/30/2025 09:00:00,7.55,36741.12,,,,,,
3088,06/30/2025 09:05:00,7.76,42127.36,,,,,,
3089,06/30/2025 09:10:00,8.79,42311.68,,,,,,
3090,06/30/2025 09:15:00,8.06,38195.20,,,,,,
3091,06/30/2025 09:20:00,7.38,36259.84,,,,,,
3092,06/30/2025 09:25:00,7.98,43315.20,,,,,,
3093,06/30/2025 09:30:00,9.44,47063.04,,,,,,
3094,06/30/2025 09:35:00,11.49,56340.48,,,,,,
3095,06/30/2025 09:40:00,14.07,65536.00,,,,,,
3096,06/30/2025 09:45:00,12.57,46632.96,,,,,,
3097,06/30/2025 09:50:00,11.15,49848.32,,,,,,
3098,06/30/2025 09:55:00,12.01,51363.84,,,,,,
3099,06/30/2025 10:00:00,11.92,50298.88,,,,,,
3100,06/30/2025 10:05:00,10.98,50135.04,,,,,,
3101,06/30/2025 10:10:00,11.15,50790.40,,,,,,
3102,06/30/2025 10:15:00,11.07,55787.52,,,,,,
3103,06/30/2025 10:20:00,11.54,52633.60,,,,,,
3104,06/30/2025 10:25:00,11.28,55848.96,,,,,,
3105,06/30/2025 10:30:00,10.64,58306.56,,,,,,
3106,06/30/2025 10:35:00,10.68,56954.88,,,,,,
3107,06/30/2025 10:40:00,10.89,53985.28,,,,,,
3108,06/30/2025 10:45:00,11.07,54005.76,,,,,,
3109,06/30/2025 10:50:00,11.15,58122.24,,,,,,
3110,06/30/2025 10:55:00,11.67,56135.68,,,,,,
3111,06/30/2025 11:00:00,11.28,56934.40,,,,,,
3112,06/30/2025 11:05:00,10.85,61931.52,,,,,,
3113,06/30/2025 11:10:00,10.25,56688.64,,,,,,
3114,06/30/2025 11:15:00,9.74,55459.84,,,,,,
3115,06/30/2025 11:20:00,9.82,56770.56,,,,,,
3116,06/30/2025 11:25:00,9.74,57200.64,,,,,,
3117,06/30/2025 11:30:00,10.08,56401.92,,,,,,
3118,06/30/2025 11:35:00,10.08,56688.64,,,,,,
3119,06/30/2025 11:40:00,9.65,58224.64,,,,,,
3120,06/30/2025 11:45:00,10.29,62115.84,,,,,,
3121,06/30/2025 11:50:00,10.89,66621.44,,,,,,
3122,06/30/2025 11:55:00,11.15,70717.44,,,,,,
3123,06/30/2025 12:00:00,11.71,77557.76,,,,,,
3124,06/30/2025 12:05:00,12.70,83374.08,,,,,,
3125,06/30/2025 12:10:00,13.64,84049.92,,,,,,
3126,06/30/2025 12:15:00,14.93,92487.68,,,,,,
3127,06/30/2025 12:20:00,15.57,92037.12,,,,,,
3128,06/30/2025 12:25:00,15.10,86220.80,,,,,,
3129,06/30/2025 12:30:00,14.15,75755.52,,,,,,
3130,06/30/2025 12:35:00,16.21,97198.08,,,,,,
3131,06/30/2025 12:40:00,17.63,84623.36,,,,,,
3132,06/30/2025 12:45:00,18.40,98631.68,,,,,,
3133,06/30/2025 12:50:00,19.22,112025.60,,,,,,
3134,06/30/2025 12:55:00,19.82,96378.88,,,,,,
3135,06/30/2025 13:00:00,17.67,80015.36,,,,,,
3136,06/30/2025 13:05:00,17.46,86917.12,,,,,,
3137,06/30/2025 13:10:00,17.89,86384.64,,,,,,
3138,06/30/2025 13:15:00,20.46,111493.12,,,,,,
3139,06/30/2025 13:20:00,21.36,95682.56,,,,,,
3140,06/30/2025 13:25:00,23.42,128450.56,,,,,,
3141,06/30/2025 13:30:00,21.88,105185.28,,,,,,
3142,06/30/2025 13:35:00,20.03,98631.68,,,,,,
3143,06/30/2025 13:40:00,19.13,95805.44,,,,,,
3144,06/30/2025 13:45:00,16.51,87941.12,,,,,,
3145,06/30/2025 13:50:00,16.43,87490.56,,,,,,
3146,06/30/2025 13:55:00,16.13,78929.92,,,,,,
3147,06/30/2025 14:00:00,14.28,66723.84,,,,,,
3148,06/30/2025 14:05:00,12.18,69140.48,,,,,,
3149,06/30/2025 14:10:00,12.70,76206.08,,,,,,
3150,06/30/2025 14:15:00,14.75,86917.12,,,,,,
3151,06/30/2025 14:20:00,15.57,83886.08,,,,,,
3152,06/30/2025 14:25:00,15.40,88473.60,,,,,,
3153,06/30/2025 14:30:00,13.25,87121.92,,,,,,
3154,06/30/2025 14:35:00,12.65,95477.76,,,,,,
3155,06/30/2025 14:40:00,15.36,114237.44,,,,,,
3156,06/30/2025 14:45:00,15.70,103710.72,,,,,,
3157,06/30/2025 14:50:00,15.44,102727.68,,,,,,
3158,06/30/2025 14:55:00,15.70,105431.04,,,,,,
3159,06/30/2025 15:00:00,17.24,105881.60,,,,,,
3160,06/30/2025 15:05:00,17.63,107683.84,,,,,,
3161,06/30/2025 15:10:00,19.13,115875.84,,,,,,
3162,06/30/2025 15:15:00,19.30,106946.56,,,,,,
3163,06/30/2025 15:20:00,20.03,107315.20,,,,,,
3164,06/30/2025 15:25:00,18.36,99368.96,,,,,,
3165,06/30/2025 15:30:00,18.19,105308.16,,,,,,
3166,06/30/2025 15:35:00,17.93,94289.92,,,,,,
3167,06/30/2025 15:40:00,16.99,108052.48,,,,,,
3168,06/30/2025 15:45:00,17.03,104570.88,,,,,,
3169,06/30/2025 15:50:00,17.46,109690.88,,,,,,
3170,06/30/2025 15:55:00,16.26,91136.00,,,,,,
3171,06/30/2025 16:00:00,13.12,69836.80,,,,,,
3172,06/30/2025 16:05:00,12.78,78848.00,,,,,,
3173,06/30/2025 16:10:00,13.21,77783.04,,,,,,
3174,06/30/2025 16:15:00,12.78,77352.96,,,,,,
3175,06/30/2025 16:20:00,10.98,64737.28,,,,,,
3176,06/30/2025 16:25:00,14.07,107970.56,,,,,,
3177,06/30/2025 16:30:00,16.60,89784.32,,,,,,
3178,06/30/2025 16:35:00,15.01,82022.40,,,,,,
3179,06/30/2025 16:40:00,14.88,75325.44,,,,,,
3180,06/30/2025 16:45:00,13.68,58368.00,,,,,,
3181,06/30/2025 16:50:00,13.85,63754.24,,,,,,
3182,06/30/2025 16:55:00,14.37,66641.92,,,,,,
3183,06/30/2025 17:00:00,11.97,62095.36,,,,,,
3184,06/30/2025 17:05:00,10.85,58818.56,,,,,,
3185,06/30/2025 17:10:00,11.32,63344.64,,,,,,
3186,06/30/2025 17:15:00,12.40,61194.24,,,,,,
3187,06/30/2025 17:20:00,11.11,51793.92,,,,,,
3188,06/30/2025 17:25:00,11.41,66641.92,,,,,,
3189,06/30/2025 17:30:00,13.12,66560.00,,,,,,
3190,06/30/2025 17:35:00,13.60,65740.80,,,,,,
3191,06/30/2025 17:40:00,14.07,66068.48,,,,,,
3192,06/30/2025 17:45:00,14.11,59985.92,,,,,,
3193,06/30/2025 17:50:00,14.03,57446.40,,,,,,
3194,06/30/2025 17:55:00,11.71,48087.04,,,,,,
3195,06/30/2025 18:00:00,10.46,51056.64,,,,,,
3196,06/30/2025 18:05:00,9.82,53207.04,,,,,,
3197,06/30/2025 18:10:00,10.25,53698.56,,,,,,
3198,06/30/2025 18:15:00,9.44,48168.96,,,,,,
3199,06/30/2025 18:20:00,9.39,47964.16,,,,,,
3200,06/30/2025 18:25:00,9.52,49397.76,,,,,,
3201,06/30/2025 18:30:00,9.22,43663.36,,,,,,
3202,06/30/2025 18:35:00,9.65,50073.60,,,,,,
3203,06/30/2025 18:40:00,10.51,57384.96,,,,,,
3204,06/30/2025 18:45:00,12.22,68751.36,,,,,,
3205,06/30/2025 18:50:00,13.08,56094.72,,,,,,
3206,06/30/2025 18:55:00,12.48,53514.24,,,,,,
3207,06/30/2025 19:00:00,11.37,46571.52,,,,,,
3208,06/30/2025 19:05:00,11.02,49397.76,,,,,,
3209,06/30/2025 19:10:00,9.82,43581.44,,,,,,
3210,06/30/2025 19:15:00,8.83,40642.56,,,,,,
3211,06/30/2025 19:20:00,8.66,39884.80,,,,,,
3212,06/30/2025 19:25:00,8.58,47759.36,,,,,,
3213,06/30/2025 19:30:00,8.06,38205.44,,,,,,
3214,06/30/2025 19:35:00,6.95,35450.88,,,,,,
3215,06/30/2025 19:40:00,6.48,30740.48,,,,,,
3216,06/30/2025 19:45:00,6.09,30423.04,,,,,,
3217,06/30/2025 19:50:00,6.17,35010.56,,,,,,
3218,06/30/2025 19:55:00,6.17,28999.68,,,,,,
3219,06/30/2025 20:00:00,5.70,28856.32,,,,,,
3220,06/30/2025 20:05:00,5.32,27729.92,,,,,,
3221,06/30/2025 20:10:00,5.62,27054.08,,,,,,
3222,06/30/2025 20:15:00,5.36,24924.16,,,,,,
3223,06/30/2025 20:20:00,5.27,23244.80,,,,,,
3224,06/30/2025 20:25:00,4.76,21227.52,,,,,,
3225,06/30/2025 20:30:00,4.63,21483.52,,,,,,
3226,06/30/2025 20:35:00,4.89,22814.72,,,,,,
3227,06/30/2025 20:40:00,3.94,13987.84,,,,,,
3228,06/30/2025 20:45:00,4.03,17259.52,,,,,,
3229,06/30/2025 20:50:00,3.86,13608.96,,,,,,
3230,06/30/2025 20:55:00,3.64,15805.44,,,,,,
3231,06/30/2025 21:00:00,3.17,12185.60,,,,,,
3232,06/30/2025 21:05:00,2.83,11074.56,,,,,,
3233,06/30/2025 21:10:00,2.79,11130.88,,,,,,
3234,06/30/2025 21:15:00,2.74,10531.84,,,,,,
3235,06/30/2025 21:20:00,2.61,9008.64,,,,,,
3236,06/30/2025 21:25:00,2.57,8942.08,,,,,,
3237,06/30/2025 21:30:00,2.53,8599.04,,,,,,
3238,06/30/2025 21:35:00,2.61,8099.84,,,,,,
3239,06/30/2025 21:40:00,2.14,6382.08,,,,,,
3240,06/30/2025 21:45:00,1.93,5639.68,,,,,,
3241,06/30/2025 21:50:00,1.93,5818.88,,,,,,
3242,06/30/2025 21:55:00,1.97,5934.08,,,,,,
3243,06/30/2025 22:00:00,1.93,5191.68,,,,,,
3244,06/30/2025 22:05:00,1.97,5116.16,,,,,,
3245,06/30/2025 22:10:00,1.88,4014.08,,,,,,
3246,06/30/2025 22:15:00,1.76,3448.32,,,,,,
3247,06/30/2025 22:20:00,1.71,3425.28,,,,,,
3248,06/30/2025 22:25:00,1.71,3237.12,,,,,,
3249,06/30/2025 22:30:00,1.71,2689.28,,,,,,
3250,06/30/2025 22:35:00,1.58,2348.80,,,,,,
3251,06/30/2025 22:40:00,1.46,2048.00,,,,,,
3252,06/30/2025 22:45:00,1.37,1584.00,,,,,,
3253,06/30/2025 22:50:00,1.20,1362.56,,,,,,
3254,06/30/2025 22:55:00,1.11,1015.04,,,,,,
3255,06/30/2025 23:00:00,1.07,849.60,,,,,,
3256,06/30/2025 23:05:00,1.03,692.48,,,,,,
3257,06/30/2025 23:10:00,0.90,541.28,,,,,,
3258,06/30/2025 23:15:00,0.73,429.28,,,,,,
3259,06/30/2025 23:20:00,0.55,315.20,,,,,,
3260,06/30/2025 23:25:00,0.43,241.60,,,,,,
3261,06/30/2025 23:30:00,0.43,182.80,,,,,,
3262,06/30/2025 23:35:00,0.38,148.88,,,,,,
3263,06/30/2025 23:40:00,0.60,96.84,,,,,,
3264,06/30/2025 23:45:00,0.81,64.46,,,,,,
3265,06/30/2025 23:50:00,0.81,46.32,,,,,,
3266,06/30/2025 23:55:00,0.77,33.93,,,,,,
3267,07/01/2025 00:00:00,0.81,23.95,,,,,,
3268,07/01/2025 00:05:00,0.86,17.91,,,,,,
3269,07/01/2025 00:10:00,0.90,13.16,,,,,,
3270,07/01/2025 00:15:00,0.90,9.46,,,,,,
3271,07/01/2025 00:20:00,0.94,7.40,,,,,,
3272,07/01/2025 00:25:00,0.86,5.96,,,,,,
3273,07/01/2025 00:30:00,0.81,5.34,,,,,,
3274,07/01/2025 00:35:00,0.90,3.90,,,,,,
3275,07/01/2025 00:40:00,0.86,3.08,,,,,,
3276,07/01/2025 00:45:00,0.90,2.67,,,,,,
3277,07/01/2025 00:50:00,0.86,2.26,,,,,,
3278,07/01/2025 00:55:00,0.86,1.64,,,,,,
3279,07/01/2025 01:00:00,0.94,1.23,,,,,,
3280,07/01/2025 01:05:00,0.98,1.02,,,,,,
3281,07/01/2025 01:10:00,0.98,0.82,,,,,,
3282,07/01/2025 01:15:00,0.90,0.61,,,,,,
3283,07/01/2025 01:20:00,0.77,0.41,,,,,,
3284,07/01/2025 01:25:00,0.68,0.20,,,,,,
3285,07/01/2025 01:30:00,0.51,0.20,,,,,,
3286,07/01/2025 01:35:00,0.43,0.20,,,,,,
3287,07/01/2025 01:40:00,0.64,0.20,,,,,,
3288,07/01/2025 01:45:00,0.77,0.20,,,,,,
3289,07/01/2025 01:50:00,0.86,0.20,,,,,,
3290,07/01/2025 01:55:00,0.90,0.00,,,,,,
3291,07/01/2025 02:00:00,0.77,0.00,,,,,,
3292,07/01/2025 02:05:00,0.77,0.00,,,,,,
3293,07/01/2025 02:10:00,0.90,0.00,,,,,,
3294,07/01/2025 02:15:00,0.86,0.20,,,,,,
3295,07/01/2025 02:20:00,0.81,0.20,,,,,,
3296,07/01/2025 02:25:00,0.73,0.20,,,,,,
3297,07/01/2025 02:30:00,0.64,0.20,,,,,,
3298,07/01/2025 02:35:00,0.68,0.20,,,,,,
3299,07/01/2025 02:40:00,0.68,0.20,,,,,,
3300,07/01/2025 02:45:00,0.68,0.20,,,,,,
3301,07/01/2025 02:50:00,0.77,0.41,,,,,,
3302,07/01/2025 02:55:00,0.77,0.61,,,,,,
3303,07/01/2025 03:00:00,0.77,0.61,,,,,,
3304,07/01/2025 03:05:00,0.77,1.64,,,,,,
3305,07/01/2025 03:10:00,0.77,1.64,,,,,,
3306,07/01/2025 03:15:00,0.86,1.85,,,,,,
3307,07/01/2025 03:20:00,0.90,2.46,,,,,,
3308,07/01/2025 03:25:00,0.90,2.87,,,,,,
3309,07/01/2025 03:30:00,0.86,3.70,,,,,,
3310,07/01/2025 03:35:00,0.94,4.73,,,,,,
3311,07/01/2025 03:40:00,0.94,6.16,,,,,,
3312,07/01/2025 03:45:00,0.90,7.81,,,,,,
3313,07/01/2025 03:50:00,0.90,9.46,,,,,,
3314,07/01/2025 03:55:00,0.86,12.95,,,,,,
3315,07/01/2025 04:00:00,0.90,18.53,,,,,,
3316,07/01/2025 04:05:00,0.86,26.88,,,,,,
3317,07/01/2025 04:10:00,0.94,38.45,,,,,,
3318,07/01/2025 04:15:00,0.94,48.78,,,,,,
3319,07/01/2025 04:20:00,0.98,69.40,,,,,,
3320,07/01/2025 04:25:00,0.98,95.08,,,,,,
3321,07/01/2025 04:30:00,0.98,135.60,,,,,,
3322,07/01/2025 04:35:00,0.94,186.32,,,,,,
3323,07/01/2025 04:40:00,0.90,260.56,,,,,,
3324,07/01/2025 04:45:00,0.98,361.44,,,,,,
3325,07/01/2025 04:50:00,0.94,462.24,,,,,,
3326,07/01/2025 04:55:00,0.94,563.36,,,,,,
3327,07/01/2025 05:00:00,1.03,718.72,,,,,,
3328,07/01/2025 05:05:00,1.07,921.92,,,,,,
3329,07/01/2025 05:10:00,1.16,1126.72,,,,,,
3330,07/01/2025 05:15:00,1.20,1399.68,,,,,,
3331,07/01/2025 05:20:00,1.20,1610.24,,,,,,
3332,07/01/2025 05:25:00,1.16,1857.28,,,,,,
3333,07/01/2025 05:30:00,1.20,2160.00,,,,,,
3334,07/01/2025 05:35:00,1.28,2586.24,,,,,,
3335,07/01/2025 05:40:00,1.33,3022.08,,,,,,
3336,07/01/2025 05:45:00,1.46,3352.32,,,,,,
3337,07/01/2025 05:50:00,1.46,3651.84,,,,,,
3338,07/01/2025 05:55:00,1.46,4145.92,,,,,,
3339,07/01/2025 06:00:00,1.41,4661.76,,,,,,
3340,07/01/2025 06:05:00,1.33,5020.16,,,,,,
3341,07/01/2025 06:10:00,1.28,5537.28,,,,,,
3342,07/01/2025 06:15:00,1.41,6487.04,,,,,,
3343,07/01/2025 06:20:00,1.46,7969.28,,,,,,
3344,07/01/2025 06:25:00,1.46,9088.00,,,,,,
3345,07/01/2025 06:30:00,1.37,10219.52,,,,,,
3346,07/01/2025 06:35:00,1.41,10915.84,,,,,,
3347,07/01/2025 06:40:00,1.58,11084.80,,,,,,
3348,07/01/2025 06:45:00,1.58,11719.68,,,,,,
3349,07/01/2025 06:50:00,1.67,11632.64,,,,,,
3350,07/01/2025 06:55:00,1.93,12743.68,,,,,,
3351,07/01/2025 07:00:00,1.97,12830.72,,,,,,
3352,07/01/2025 07:05:00,2.27,15508.48,,,,,,
3353,07/01/2025 07:10:00,2.61,16737.28,,,,,,
3354,07/01/2025 07:15:00,2.79,16675.84,,,,,,
3355,07/01/2025 07:20:00,2.87,16885.76,,,,,,
3356,07/01/2025 07:25:00,3.43,19496.96,,,,,,
3357,07/01/2025 07:30:00,3.77,18017.28,,,,,,
3358,07/01/2025 07:35:00,3.69,16921.60,,,,,,
3359,07/01/2025 07:40:00,3.86,20367.36,,,,,,
3360,07/01/2025 07:45:00,4.16,23255.04,,,,,,
3361,07/01/2025 07:50:00,5.66,28160.00,,,,,,
3362,07/01/2025 07:55:00,5.66,28712.96,,,,,,
3363,07/01/2025 08:00:00,5.62,30924.80,,,,,,
3364,07/01/2025 08:05:00,5.75,31170.56,,,,,,
3365,07/01/2025 08:10:00,5.62,33382.40,,,,,,
3366,07/01/2025 08:15:00,5.79,32593.92,,,,,,
3367,07/01/2025 08:20:00,5.45,30197.76,,,,,,
3368,07/01/2025 08:25:00,5.40,31201.28,,,,,,
3369,07/01/2025 08:30:00,5.87,33320.96,,,,,,
3370,07/01/2025 08:35:00,6.35,36331.52,,,,,,
3371,07/01/2025 08:40:00,7.12,41072.64,,,,,,
3372,07/01/2025 08:45:00,7.76,43294.72,,,,,,
3373,07/01/2025 08:50:00,10.81,77332.48,,,,,,
3374,07/01/2025 08:55:00,10.29,42270.72,,,,,,
3375,07/01/2025 09:00:00,8.28,37212.16,,,,,,
3376,07/01/2025 09:05:00,7.08,33454.08,,,,,,
3377,07/01/2025 09:10:00,9.48,52776.96,,,,,,
3378,07/01/2025 09:15:00,12.40,71413.76,,,,,,
3379,07/01/2025 09:20:00,13.77,64225.28,,,,,,
3380,07/01/2025 09:25:00,11.45,42168.32,,,,,,
3381,07/01/2025 09:30:00,9.44,45731.84,,,,,,
3382,07/01/2025 09:35:00,7.98,38901.76,,,,,,
3383,07/01/2025 09:40:00,7.85,35850.24,,,,,,
3384,07/01/2025 09:45:00,10.21,61317.12,,,,,,
3385,07/01/2025 09:50:00,11.54,56381.44,,,,,,
3386,07/01/2025 09:55:00,12.82,65884.16,,,,,,
3387,07/01/2025 10:00:00,16.73,98344.96,,,,,,
3388,07/01/2025 10:05:00,14.84,46694.40,,,,,,
3389,07/01/2025 10:10:00,15.74,74670.08,,,,,,
3390,07/01/2025 10:15:00,13.64,45056.00,,,,,,
3391,07/01/2025 10:20:00,13.51,58040.32,,,,,,
3392,07/01/2025 10:25:00,12.65,65597.44,,,,,,
3393,07/01/2025 10:30:00,12.52,58880.00,,,,,,
3394,07/01/2025 10:35:00,11.88,57303.04,,,,,,
3395,07/01/2025 10:40:00,10.59,52469.76,,,,,,
3396,07/01/2025 10:45:00,11.49,64409.60,,,,,,
3397,07/01/2025 10:50:00,12.87,55398.40,,,,,,
3398,07/01/2025 10:55:00,15.10,85401.60,,,,,,
3399,07/01/2025 11:00:00,21.23,93552.64,,,,,,
3400,07/01/2025 11:05:00,21.75,88023.04,,,,,,
3401,07/01/2025 11:10:00,22.73,83927.04,,,,,,
3402,07/01/2025 11:15:00,27.11,100761.60,,,,,,
3403,07/01/2025 11:20:00,24.66,98713.60,,,,,,
3404,07/01/2025 11:25:00,20.93,84746.24,,,,,,
3405,07/01/2025 11:30:00,19.77,88104.96,,,,,,
3406,07/01/2025 11:35:00,18.87,87695.36,,,,,,
3407,07/01/2025 11:40:00,20.89,82534.40,,,,,,
3408,07/01/2025 11:45:00,21.06,91136.00,,,,,,
3409,07/01/2025 11:50:00,20.59,81571.84,,,,,,
3410,07/01/2025 11:55:00,22.56,113336.32,,,,,,
3411,07/01/2025 12:00:00,19.99,86016.00,,,,,,
3412,07/01/2025 12:05:00,22.95,124108.80,,,,,,
3413,07/01/2025 12:10:00,21.83,88842.24,,,,,,
3414,07/01/2025 12:15:00,18.02,84992.00,,,,,,
3415,07/01/2025 12:20:00,16.99,92487.68,,,,,,
3416,07/01/2025 12:25:00,14.93,74833.92,,,,,,
3417,07/01/2025 12:30:00,13.85,71536.64,,,,,,
3418,07/01/2025 12:35:00,13.04,68014.08,,,,,,
3419,07/01/2025 12:40:00,12.74,70819.84,,,,,,
3420,07/01/2025 12:45:00,12.91,71618.56,,,,,,
3421,07/01/2025 12:50:00,13.60,77742.08,,,,,,
3422,07/01/2025 12:55:00,13.55,74977.28,,,,,,
3423,07/01/2025 13:00:00,14.54,86671.36,,,,,,
3424,07/01/2025 13:05:00,16.00,90562.56,,,,,,
3425,07/01/2025 13:10:00,16.64,95027.20,,,,,,
3426,07/01/2025 13:15:00,15.36,86384.64,,,,,,
3427,07/01/2025 13:20:00,15.01,86671.36,,,,,,
3428,07/01/2025 13:25:00,15.06,92815.36,,,,,,
3429,07/01/2025 13:30:00,16.99,97976.32,,,,,,
3430,07/01/2025 13:35:00,17.89,97976.32,,,,,,
3431,07/01/2025 13:40:00,18.10,96542.72,,,,,,
3432,07/01/2025 13:45:00,16.43,88023.04,,,,,,
3433,07/01/2025 13:50:00,16.39,94863.36,,,,,,
3434,07/01/2025 13:55:00,18.49,113008.64,,,,,,
3435,07/01/2025 14:00:00,21.88,129433.60,,,,,,
3436,07/01/2025 14:05:00,23.64,117227.52,,,,,,
3437,07/01/2025 14:10:00,22.48,106496.00,,,,,,
3438,07/01/2025 14:15:00,21.36,109322.24,,,,,,
3439,07/01/2025 14:20:00,21.23,110100.48,,,,,,
3440,07/01/2025 14:25:00,20.76,116981.76,,,,,,
3441,07/01/2025 14:30:00,20.20,108994.56,,,,,,
3442,07/01/2025 14:35:00,18.53,89251.84,,,,,,
3443,07/01/2025 14:40:00,16.94,89538.56,,,,,,
3444,07/01/2025 14:45:00,17.29,109731.84,,,,,,
3445,07/01/2025 14:50:00,18.27,104652.80,,,,,,
3446,07/01/2025 14:55:00,17.72,106864.64,,,,,,
3447,07/01/2025 15:00:00,17.33,95395.84,,,,,,
3448,07/01/2025 15:05:00,15.83,83066.88,,,,,,
3449,07/01/2025 15:10:00,14.88,83845.12,,,,,,
3450,07/01/2025 15:15:00,15.78,86261.76,,,,,,
3451,07/01/2025 15:20:00,15.18,78970.88,,,,,,
3452,07/01/2025 15:25:00,15.14,80015.36,,,,,,
3453,07/01/2025 15:30:00,16.08,79462.40,,,,,,
3454,07/01/2025 15:35:00,15.57,74772.48,,,,,,
3455,07/01/2025 15:40:00,15.53,77434.88,,,,,,
3456,07/01/2025 15:45:00,15.14,74178.56,,,,,,
3457,07/01/2025 15:50:00,13.73,74096.64,,,,,,
3458,07/01/2025 15:55:00,14.58,76861.44,,,,,,
3459,07/01/2025 16:00:00,14.75,76431.36,,,,,,
3460,07/01/2025 16:05:00,15.40,87121.92,,,,,,
3461,07/01/2025 16:10:00,16.08,84090.88,,,,,,
3462,07/01/2025 16:15:00,15.31,73748.48,,,,,,
3463,07/01/2025 16:20:00,14.67,72826.88,,,,,,
3464,07/01/2025 16:25:00,15.23,80855.04,,,,,,
3465,07/01/2025 16:30:00,15.40,82268.16,,,,,,
3466,07/01/2025 16:35:00,15.01,68915.20,,,,,,
3467,07/01/2025 16:40:00,12.91,63119.36,,,,,,
3468,07/01/2025 16:45:00,13.00,74608.64,,,,,,
3469,07/01/2025 16:50:00,14.88,81571.84,,,,,,
3470,07/01/2025 16:55:00,17.07,86343.68,,,,,,
3471,07/01/2025 17:00:00,19.47,82513.92,,,,,,
3472,07/01/2025 17:05:00,19.22,77230.08,,,,,,
3473,07/01/2025 17:10:00,19.05,67174.40,,,,,,
3474,07/01/2025 17:15:00,20.68,85360.64,,,,,,
3475,07/01/2025 17:20:00,19.95,79667.20,,,,,,
3476,07/01/2025 17:25:00,16.69,80465.92,,,,,,
3477,07/01/2025 17:30:00,15.27,70717.44,,,,,,
3478,07/01/2025 17:35:00,13.30,73994.24,,,,,,
3479,07/01/2025 17:40:00,11.49,57303.04,,,,,,
3480,07/01/2025 17:45:00,12.10,61378.56,,,,,,
3481,07/01/2025 17:50:00,11.71,59187.20,,,,,,
3482,07/01/2025 17:55:00,11.07,51548.16,,,,,,
3483,07/01/2025 18:00:00,11.07,57200.64,,,,,,
3484,07/01/2025 18:05:00,12.27,60764.16,,,,,,
3485,07/01/2025 18:10:00,11.11,52613.12,,,,,,
3486,07/01/2025 18:15:00,10.89,53739.52,,,,,,
3487,07/01/2025 18:20:00,10.29,51507.20,,,,,,
3488,07/01/2025 18:25:00,10.04,46592.00,,,,,,
3489,07/01/2025 18:30:00,8.88,46223.36,,,,,,
3490,07/01/2025 18:35:00,9.09,45588.48,,,,,,
3491,07/01/2025 18:40:00,8.49,37232.64,,,,,,
3492,07/01/2025 18:45:00,8.11,43991.04,,,,,,
3493,07/01/2025 18:50:00,8.62,47534.08,,,,,,
3494,07/01/2025 18:55:00,6.95,33935.36,,,,,,
3495,07/01/2025 19:00:00,6.78,42967.04,,,,,,
3496,07/01/2025 19:05:00,6.17,36587.52,,,,,,
3497,07/01/2025 19:10:00,5.96,35133.44,,,,,,
3498,07/01/2025 19:15:00,6.13,34396.16,,,,,,
3499,07/01/2025 19:20:00,5.53,34580.48,,,,,,
3500,07/01/2025 19:25:00,5.45,32368.64,,,,,,
3501,07/01/2025 19:30:00,5.27,28887.04,,,,,,
3502,07/01/2025 19:35:00,4.89,27637.76,,,,,,
3503,07/01/2025 19:40:00,4.54,26593.28,,,,,,
3504,07/01/2025 19:45:00,4.46,27013.12,,,,,,
3505,07/01/2025 19:50:00,4.37,27330.56,,,,,,
3506,07/01/2025 19:55:00,4.20,26234.88,,,,,,
3507,07/01/2025 20:00:00,4.12,26695.68,,,,,,
3508,07/01/2025 20:05:00,3.82,21544.96,,,,,,
3509,07/01/2025 20:10:00,3.60,20981.76,,,,,,
3510,07/01/2025 20:15:00,3.52,19891.20,,,,,,
3511,07/01/2025 20:20:00,3.34,20167.68,,,,,,
3512,07/01/2025 20:25:00,3.26,18995.20,,,,,,
3513,07/01/2025 20:30:00,3.21,18949.12,,,,,,
3514,07/01/2025 20:35:00,2.91,17382.40,,,,,,
3515,07/01/2025 20:40:00,2.87,17495.04,,,,,,
3516,07/01/2025 20:45:00,2.44,13946.88,,,,,,
3517,07/01/2025 20:50:00,2.23,14259.20,,,,,,
3518,07/01/2025 20:55:00,2.06,12139.52,,,,,,
3519,07/01/2025 21:00:00,1.88,12523.52,,,,,,
3520,07/01/2025 21:05:00,1.88,12707.84,,,,,,
3521,07/01/2025 21:10:00,1.80,10757.12,,,,,,
3522,07/01/2025 21:15:00,1.80,11212.80,,,,,,
3523,07/01/2025 21:20:00,2.23,12554.24,,,,,,
3524,07/01/2025 21:25:00,1.93,9981.44,,,,,,
3525,07/01/2025 21:30:00,1.71,9679.36,,,,,,
3526,07/01/2025 21:35:00,1.50,9285.12,,,,,,
3527,07/01/2025 21:40:00,1.20,7144.96,,,,,,
3528,07/01/2025 21:45:00,1.16,7449.60,,,,,,
3529,07/01/2025 21:50:00,0.98,6400.00,,,,,,
3530,07/01/2025 21:55:00,0.90,5324.80,,,,,,
3531,07/01/2025 22:00:00,0.60,4056.32,,,,,,
3532,07/01/2025 22:05:00,0.47,4280.32,,,,,,
3533,07/01/2025 22:10:00,0.51,3494.40,,,,,,
3534,07/01/2025 22:15:00,0.43,3107.84,,,,,,
3535,07/01/2025 22:20:00,0.47,2867.20,,,,,,
3536,07/01/2025 22:25:00,0.43,2621.44,,,,,,
3537,07/01/2025 22:30:00,0.43,2197.76,,,,,,
3538,07/01/2025 22:35:00,0.30,2053.12,,,,,,
3539,07/01/2025 22:40:00,0.30,1699.84,,,,,,
3540,07/01/2025 22:45:00,0.25,1368.32,,,,,,
3541,07/01/2025 22:50:00,0.17,1160.64,,,,,,
3542,07/01/2025 22:55:00,0.17,1005.12,,,,,,
3543,07/01/2025 23:00:00,0.08,791.68,,,,,,
3544,07/01/2025 23:05:00,0.13,606.24,,,,,,
3545,07/01/2025 23:10:00,0.08,465.92,,,,,,
3546,07/01/2025 23:15:00,0.08,360.64,,,,,,
3547,07/01/2025 23:20:00,0.13,293.60,,,,,,
3548,07/01/2025 23:25:00,0.13,206.00,,,,,,
3549,07/01/2025 23:30:00,0.13,154.72,,,,,,
3550,07/01/2025 23:35:00,0.08,107.44,,,,,,
3551,07/01/2025 23:40:00,0.08,73.62,,,,,,
3552,07/01/2025 23:45:00,0.08,53.76,,,,,,
3553,07/01/2025 23:50:00,0.08,35.16,,,,,,
3554,07/01/2025 23:55:00,0.08,26.01,,,,,,
3555,07/02/2025 00:00:00,0.08,19.38,,,,,,
3556,07/02/2025 00:05:00,0.08,14.39,,,,,,
3557,07/02/2025 00:10:00,0.08,10.07,,,,,,
3558,07/02/2025 00:15:00,0.08,7.60,,,,,,
3559,07/02/2025 00:20:00,0.04,5.75,,,,,,
3560,07/02/2025 00:25:00,0.08,4.11,,,,,,
3561,07/02/2025 00:30:00,0.04,3.08,,,,,,
3562,07/02/2025 00:35:00,0.08,2.26,,,,,,
3563,07/02/2025 00:40:00,0.08,2.46,,,,,,
3564,07/02/2025 00:45:00,0.08,1.23,,,,,,
3565,07/02/2025 00:50:00,0.13,1.02,,,,,,
3566,07/02/2025 00:55:00,0.13,1.43,,,,,,
3567,07/02/2025 01:00:00,0.04,0.61,,,,,,
3568,07/02/2025 01:05:00,0.04,0.41,,,,,,
3569,07/02/2025 01:10:00,-0.00,0.41,,,,,,
3570,07/02/2025 01:15:00,-0.00,0.41,,,,,,
3571,07/02/2025 01:20:00,0.04,0.20,,,,,,
3572,07/02/2025 01:25:00,0.08,0.20,,,,,,
3573,07/02/2025 01:30:00,-0.05,0.20,,,,,,
3574,07/02/2025 01:35:00,-0.00,0.00,,,,,,
3575,07/02/2025 01:40:00,-0.09,0.00,,,,,,
3576,07/02/2025 01:45:00,-0.05,0.00,,,,,,
3577,07/02/2025 01:50:00,-0.00,0.00,,,,,,
3578,07/02/2025 01:55:00,-0.09,0.00,,,,,,
3579,07/02/2025 02:00:00,-0.00,0.00,,,,,,
3580,07/02/2025 02:05:00,0.04,0.00,,,,,,
3581,07/02/2025 02:10:00,0.04,0.00,,,,,,
3582,07/02/2025 02:15:00,-0.00,0.00,,,,,,
3583,07/02/2025 02:20:00,-0.09,0.00,,,,,,
3584,07/02/2025 02:25:00,-0.09,0.20,,,,,,
3585,07/02/2025 02:30:00,-0.05,0.20,,,,,,
3586,07/02/2025 02:35:00,-0.05,0.20,,,,,,
3587,07/02/2025 02:40:00,-0.09,0.41,,,,,,
3588,07/02/2025 02:45:00,-0.05,0.41,,,,,,
3589,07/02/2025 02:50:00,-0.00,0.41,,,,,,
3590,07/02/2025 02:55:00,-0.05,0.61,,,,,,
3591,07/02/2025 03:00:00,-0.00,0.61,,,,,,
3592,07/02/2025 03:05:00,-0.00,0.82,,,,,,
3593,07/02/2025 03:10:00,-0.09,1.02,,,,,,
3594,07/02/2025 03:15:00,-0.05,1.23,,,,,,
3595,07/02/2025 03:20:00,-0.09,1.64,,,,,,
3596,07/02/2025 03:25:00,-0.13,2.05,,,,,,
3597,07/02/2025 03:30:00,-0.05,2.67,,,,,,
3598,07/02/2025 03:35:00,-0.00,3.70,,,,,,
3599,07/02/2025 03:40:00,-0.00,5.55,,,,,,
3600,07/02/2025 03:45:00,-0.00,7.40,,,,,,
3601,07/02/2025 03:50:00,-0.05,9.66,,,,,,
3602,07/02/2025 03:55:00,-0.09,14.19,,,,,,
3603,07/02/2025 04:00:00,-0.05,19.43,,,,,,
3604,07/02/2025 04:05:00,0.04,27.71,,,,,,
3605,07/02/2025 04:10:00,-0.05,39.69,,,,,,
3606,07/02/2025 04:15:00,0.08,57.42,,,,,,
3607,07/02/2025 04:20:00,0.13,78.66,,,,,,
3608,07/02/2025 04:25:00,0.13,112.36,,,,,,
3609,07/02/2025 04:30:00,0.13,149.68,,,,,,
3610,07/02/2025 04:35:00,0.13,204.40,,,,,,
3611,07/02/2025 04:40:00,0.17,274.48,,,,,,
3612,07/02/2025 04:45:00,0.21,351.52,,,,,,
3613,07/02/2025 04:50:00,0.17,454.08,,,,,,
3614,07/02/2025 04:55:00,0.21,590.56,,,,,,
3615,07/02/2025 05:00:00,0.21,753.28,,,,,,
3616,07/02/2025 05:05:00,0.21,915.52,,,,,,
3617,07/02/2025 05:10:00,0.17,1108.80,,,,,,
3618,07/02/2025 05:15:00,0.17,1301.12,,,,,,
3619,07/02/2025 05:20:00,0.17,1498.24,,,,,,
3620,07/02/2025 05:25:00,0.13,1728.64,,,,,,
3621,07/02/2025 05:30:00,0.17,1998.72,,,,,,
3622,07/02/2025 05:35:00,0.17,2224.00,,,,,,
3623,07/02/2025 05:40:00,0.21,2492.16,,,,,,
3624,07/02/2025 05:45:00,0.21,2762.24,,,,,,
3625,07/02/2025 05:50:00,0.21,3121.92,,,,,,
3626,07/02/2025 05:55:00,0.25,3589.12,,,,,,
3627,07/02/2025 06:00:00,0.34,4039.68,,,,,,
3628,07/02/2025 06:05:00,0.38,4513.28,,,,,,
3629,07/02/2025 06:10:00,0.47,4977.92,,,,,,
3630,07/02/2025 06:15:00,0.51,5642.24,,,,,,
3631,07/02/2025 06:20:00,0.60,6620.16,,,,,,
3632,07/02/2025 06:25:00,0.73,7449.60,,,,,,
3633,07/02/2025 06:30:00,0.81,8744.96,,,,,,
3634,07/02/2025 06:35:00,0.94,9172.48,,,,,,
3635,07/02/2025 06:40:00,0.94,9994.24,,,,,,
3636,07/02/2025 06:45:00,1.07,10437.12,,,,,,
3637,07/02/2025 06:50:00,1.28,12963.84,,,,,,
3638,07/02/2025 06:55:00,1.63,15457.28,,,,,,
3639,07/02/2025 07:00:00,2.01,18462.72,,,,,,
3640,07/02/2025 07:05:00,2.40,19087.36,,,,,,
3641,07/02/2025 07:10:00,2.83,22661.12,,,,,,
3642,07/02/2025 07:15:00,3.39,26019.84,,,,,,
3643,07/02/2025 07:20:00,3.82,28426.24,,,,,,
3644,07/02/2025 07:25:00,3.99,28057.60,,,,,,
3645,07/02/2025 07:30:00,3.73,22988.80,,,,,,
3646,07/02/2025 07:35:00,3.34,21964.80,,,,,,
3647,07/02/2025 07:40:00,3.30,22118.40,,,,,,
3648,07/02/2025 07:45:00,3.39,24412.16,,,,,,
3649,07/02/2025 07:50:00,3.56,26890.24,,,,,,
3650,07/02/2025 07:55:00,3.90,27709.44,,,,,,
3651,07/02/2025 08:00:00,3.82,29184.00,,,,,,
3652,07/02/2025 08:05:00,4.12,30494.72,,,,,,
3653,07/02/2025 08:10:00,4.24,31518.72,,,,,,
3654,07/02/2025 08:15:00,4.29,30556.16,,,,,,
3655,07/02/2025 08:20:00,4.24,32266.24,,,,,,
3656,07/02/2025 08:25:00,4.72,35133.44,,,,,,
3657,07/02/2025 08:30:00,4.63,33105.92,,,,,,
3658,07/02/2025 08:35:00,4.37,32829.44,,,,,,
3659,07/02/2025 08:40:00,4.16,34150.40,,,,,,
3660,07/02/2025 08:45:00,4.24,33976.32,,,,,,
3661,07/02/2025 08:50:00,4.54,35256.32,,,,,,
3662,07/02/2025 08:55:00,4.63,37437.44,,,,,,
3663,07/02/2025 09:00:00,4.80,39352.32,,,,,,
3664,07/02/2025 09:05:00,4.63,39055.36,,,,,,
3665,07/02/2025 09:10:00,4.67,39116.80,,,,,,
3666,07/02/2025 09:15:00,4.67,40110.08,,,,,,
3667,07/02/2025 09:20:00,5.06,42639.36,,,,,,
3668,07/02/2025 09:25:00,5.40,42618.88,,,,,,
3669,07/02/2025 09:30:00,5.62,44298.24,,,,,,
3670,07/02/2025 09:35:00,5.66,43520.00,,,,,,
3671,07/02/2025 09:40:00,5.70,43601.92,,,,,,
3672,07/02/2025 09:45:00,6.05,47370.24,,,,,,
3673,07/02/2025 09:50:00,6.48,51384.32,,,,,,
3674,07/02/2025 09:55:00,7.16,56422.40,,,,,,
3675,07/02/2025 10:00:00,7.33,54845.44,,,,,,
3676,07/02/2025 10:05:00,7.42,55009.28,,,,,,
3677,07/02/2025 10:10:00,8.23,68382.72,,,,,,
3678,07/02/2025 10:15:00,8.92,67543.04,,,,,,
3679,07/02/2025 10:20:00,9.14,66273.28,,,,,,
3680,07/02/2025 10:25:00,8.92,60272.64,,,,,,
3681,07/02/2025 10:30:00,7.63,53329.92,,,,,,
3682,07/02/2025 10:35:00,6.99,52142.08,,,,,,
3683,07/02/2025 10:40:00,6.65,52039.68,,,,,,
3684,07/02/2025 10:45:00,7.50,60825.60,,,,,,
3685,07/02/2025 10:50:00,8.41,64061.44,,,,,,
3686,07/02/2025 10:55:00,8.45,65597.44,,,,,,
3687,07/02/2025 11:00:00,8.75,69898.24,,,,,,
3688,07/02/2025 11:05:00,10.21,79749.12,,,,,,
3689,07/02/2025 11:10:00,10.04,77168.64,,,,,,
3690,07/02/2025 11:15:00,10.08,78540.80,,,,,,
3691,07/02/2025 11:20:00,10.29,78827.52,,,,,,
3692,07/02/2025 11:25:00,9.65,76759.04,,,,,,
3693,07/02/2025 11:30:00,9.48,77414.40,,,,,,
3694,07/02/2025 11:35:00,9.99,78356.48,,,,,,
3695,07/02/2025 11:40:00,10.08,78049.28,,,,,,
3696,07/02/2025 11:45:00,9.82,76943.36,,,,,,
3697,07/02/2025 11:50:00,10.16,84746.24,,,,,,
3698,07/02/2025 11:55:00,10.64,86097.92,,,,,,
3699,07/02/2025 12:00:00,11.58,95436.80,,,,,,
3700,07/02/2025 12:05:00,12.44,97935.36,,,,,,
3701,07/02/2025 12:10:00,11.97,91299.84,,,,,,
3702,07/02/2025 12:15:00,11.62,88555.52,,,,,,
3703,07/02/2025 12:20:00,12.05,97976.32,,,,,,
3704,07/02/2025 12:25:00,12.31,91996.16,,,,,,
3705,07/02/2025 12:30:00,12.74,99655.68,,,,,,
3706,07/02/2025 12:35:00,11.45,83435.52,,,,,,
3707,07/02/2025 12:40:00,11.11,87367.68,,,,,,
3708,07/02/2025 12:45:00,10.29,78274.56,,,,,,
3709,07/02/2025 12:50:00,10.81,84910.08,,,,,,
3710,07/02/2025 12:55:00,10.64,80179.20,,,,,,
3711,07/02/2025 13:00:00,10.21,79585.28,,,,,,
3712,07/02/2025 13:05:00,10.25,81510.40,,,,,,
3713,07/02/2025 13:10:00,9.74,73871.36,,,,,,
3714,07/02/2025 13:15:00,10.98,89989.12,,,,,,
3715,07/02/2025 13:20:00,12.14,92487.68,,,,,,
3716,07/02/2025 13:25:00,12.57,95600.64,,,,,,
3717,07/02/2025 13:30:00,13.73,102932.48,,,,,,
3718,07/02/2025 13:35:00,13.85,101294.08,,,,,,
3719,07/02/2025 13:40:00,12.57,91422.72,,,,,,
3720,07/02/2025 13:45:00,13.64,100966.40,,,,,,
3721,07/02/2025 13:50:00,13.55,99123.20,,,,,,
3722,07/02/2025 13:55:00,12.91,93880.32,,,,,,
3723,07/02/2025 14:00:00,12.52,94658.56,,,,,,
3724,07/02/2025 14:05:00,12.91,98099.20,,,,,,
3725,07/02/2025 14:10:00,12.78,96460.80,,,,,,
3726,07/02/2025 14:15:00,12.87,96624.64,,,,,,
3727,07/02/2025 14:20:00,12.82,96337.92,,,,,,
3728,07/02/2025 14:25:00,12.78,94658.56,,,,,,
3729,07/02/2025 14:30:00,12.57,91422.72,,,,,,
3730,07/02/2025 14:35:00,12.22,90316.80,,,,,,
3731,07/02/2025 14:40:00,12.48,90603.52,,,,,,
3732,07/02/2025 14:45:00,12.65,91955.20,,,,,,
3733,07/02/2025 14:50:00,12.70,93224.96,,,,,,
3734,07/02/2025 14:55:00,12.74,91750.40,,,,,,
3735,07/02/2025 15:00:00,12.70,92364.80,,,,,,
3736,07/02/2025 15:05:00,12.65,89210.88,,,,,,
3737,07/02/2025 15:10:00,12.44,89333.76,,,,,,
3738,07/02/2025 15:15:00,12.78,92569.60,,,,,,
3739,07/02/2025 15:20:00,12.74,93306.88,,,,,,
3740,07/02/2025 15:25:00,12.74,94453.76,,,,,,
3741,07/02/2025 15:30:00,12.48,90685.44,,,,,,
3742,07/02/2025 15:35:00,12.18,86589.44,,,,,,
3743,07/02/2025 15:40:00,11.97,88473.60,,,,,,
3744,07/02/2025 15:45:00,11.24,83128.32,,,,,,
3745,07/02/2025 15:50:00,10.12,71843.84,,,,,,
3746,07/02/2025 15:55:00,10.21,75960.32,,,,,,
3747,07/02/2025 16:00:00,9.48,65085.44,,,,,,
3748,07/02/2025 16:05:00,11.45,84746.24,,,,,,
3749,07/02/2025 16:10:00,10.98,63406.08,,,,,,
3750,07/02/2025 16:15:00,8.28,56135.68,,,,,,
3751,07/02/2025 16:20:00,11.32,91054.08,,,,,,
3752,07/02/2025 16:25:00,12.57,81510.40,,,,,,
3753,07/02/2025 16:30:00,13.17,80076.80,,,,,,
3754,07/02/2025 16:35:00,12.61,74567.68,,,,,,
3755,07/02/2025 16:40:00,11.97,74567.68,,,,,,
3756,07/02/2025 16:45:00,11.84,74219.52,,,,,,
3757,07/02/2025 16:50:00,12.95,71741.44,,,,,,
3758,07/02/2025 16:55:00,10.85,65904.64,,,,,,
3759,07/02/2025 17:00:00,11.07,74936.32,,,,,,
3760,07/02/2025 17:05:00,7.89,42168.32,,,,,,
3761,07/02/2025 17:10:00,8.02,67952.64,,,,,,
3762,07/02/2025 17:15:00,9.35,63262.72,,,,,,
3763,07/02/2025 17:20:00,9.39,60375.04,,,,,,
3764,07/02/2025 17:25:00,8.41,58777.60,,,,,,
3765,07/02/2025 17:30:00,9.18,58920.96,,,,,,
3766,07/02/2025 17:35:00,9.22,57692.16,,,,,,
3767,07/02/2025 17:40:00,9.26,59146.24,,,,,,
3768,07/02/2025 17:45:00,9.74,65146.88,,,,,,
3769,07/02/2025 17:50:00,10.25,62197.76,,,,,,
3770,07/02/2025 17:55:00,8.11,43274.24,,,,,,
3771,07/02/2025 18:00:00,8.11,53882.88,,,,,,
3772,07/02/2025 18:05:00,8.06,53186.56,,,,,,
3773,07/02/2025 18:10:00,7.08,40591.36,,,,,,
3774,07/02/2025 18:15:00,6.69,47063.04,,,,,,
3775,07/02/2025 18:20:00,6.65,42311.68,,,,,,
3776,07/02/2025 18:25:00,6.52,47206.40,,,,,,
3777,07/02/2025 18:30:00,7.03,47759.36,,,,,,
3778,07/02/2025 18:35:00,7.16,46161.92,,,,,,
3779,07/02/2025 18:40:00,7.08,44052.48,,,,,,
3780,07/02/2025 18:45:00,6.60,40652.80,,,,,,
3781,07/02/2025 18:50:00,6.09,38359.04,,,,,,
3782,07/02/2025 18:55:00,6.60,42700.80,,,,,,
3783,07/02/2025 19:00:00,6.48,40990.72,,,,,,
3784,07/02/2025 19:05:00,7.03,44666.88,,,,,,
3785,07/02/2025 19:10:00,8.19,50073.60,,,,,,
3786,07/02/2025 19:15:00,8.58,58347.52,,,,,,
3787,07/02/2025 19:20:00,10.21,43868.16,,,,,,
3788,07/02/2025 19:25:00,8.23,42659.84,,,,,,
3789,07/02/2025 19:30:00,8.75,41205.76,,,,,,
3790,07/02/2025 19:35:00,9.48,52449.28,,,,,,
3791,07/02/2025 19:40:00,9.74,36730.88,,,,,,
3792,07/02/2025 19:45:00,10.34,63897.60,,,,,,
3793,07/02/2025 19:50:00,9.48,37386.24,,,,,,
3794,07/02/2025 19:55:00,6.78,31764.48,,,,,,
3795,07/02/2025 20:00:00,6.73,33198.08,,,,,,
3796,07/02/2025 20:05:00,6.13,28149.76,,,,,,
3797,07/02/2025 20:10:00,5.96,26152.96,,,,,,
3798,07/02/2025 20:15:00,5.49,23674.88,,,,,,
3799,07/02/2025 20:20:00,5.02,21534.72,,,,,,
3800,07/02/2025 20:25:00,4.89,22302.72,,,,,,
3801,07/02/2025 20:30:00,5.06,22589.44,,,,,,
3802,07/02/2025 20:35:00,5.36,24360.96,,,,,,
3803,07/02/2025 20:40:00,5.49,26183.68,,,,,,
3804,07/02/2025 20:45:00,5.96,30545.92,,,,,,
3805,07/02/2025 20:50:00,4.84,21944.32,,,,,,
3806,07/02/2025 20:55:00,3.64,16844.80,,,,,,
3807,07/02/2025 21:00:00,3.13,14085.12,,,,,,
3808,07/02/2025 21:05:00,2.40,12456.96,,,,,,
3809,07/02/2025 21:10:00,2.61,16158.72,,,,,,
3810,07/02/2025 21:15:00,2.74,13562.88,,,,,,
3811,07/02/2025 21:20:00,3.00,13608.96,,,,,,
3812,07/02/2025 21:25:00,2.66,11315.20,,,,,,
3813,07/02/2025 21:30:00,2.83,13475.84,,,,,,
3814,07/02/2025 21:35:00,2.74,9981.44,,,,,,
3815,07/02/2025 21:40:00,2.14,7408.64,,,,,,
3816,07/02/2025 21:45:00,1.41,5066.24,,,,,,
3817,07/02/2025 21:50:00,0.90,4200.96,,,,,,
3818,07/02/2025 21:55:00,0.73,4049.92,,,,,,
3819,07/02/2025 22:00:00,0.64,3526.40,,,,,,
3820,07/02/2025 22:05:00,0.68,3051.52,,,,,,
3821,07/02/2025 22:10:00,0.60,2776.32,,,,,,
3822,07/02/2025 22:15:00,0.68,2757.12,,,,,,
3823,07/02/2025 22:20:00,0.68,2535.04,,,,,,
3824,07/02/2025 22:25:00,0.73,2567.68,,,,,,
3825,07/02/2025 22:30:00,0.77,2352.64,,,,,,
3826,07/02/2025 22:35:00,0.64,1916.16,,,,,,
3827,07/02/2025 22:40:00,0.47,1496.96,,,,,,
3828,07/02/2025 22:45:00,0.34,1304.64,,,,,,
3829,07/02/2025 22:50:00,0.25,1082.56,,,,,,
3830,07/02/2025 22:55:00,0.17,953.28,,,,,,
3831,07/02/2025 23:00:00,0.04,744.32,,,,,,
3832,07/02/2025 23:05:00,-0.00,623.84,,,,,,
3833,07/02/2025 23:10:00,-0.00,464.32,,,,,,
3834,07/02/2025 23:15:00,-0.00,370.56,,,,,,
3835,07/02/2025 23:20:00,0.04,272.08,,,,,,
3836,07/02/2025 23:25:00,-0.00,203.52,,,,,,
3837,07/02/2025 23:30:00,-0.00,147.96,,,,,,
3838,07/02/2025 23:35:00,-0.00,104.16,,,,,,
3839,07/02/2025 23:40:00,-0.00,72.80,,,,,,
3840,07/02/2025 23:45:00,-0.09,56.14,,,,,,
3841,07/02/2025 23:50:00,-0.13,39.69,,,,,,
3842,07/02/2025 23:55:00,-0.13,28.12,,,,,,
3843,07/03/2025 00:00:00,-0.13,19.58,,,,,,
3844,07/03/2025 00:05:00,-0.05,14.42,,,,,,
3845,07/03/2025 00:10:00,-0.09,11.10,,,,,,
3846,07/03/2025 00:15:00,-0.05,8.02,,,,,,
3847,07/03/2025 00:20:00,-0.05,5.96,,,,,,
3848,07/03/2025 00:25:00,0.04,4.73,,,,,,
3849,07/03/2025 00:30:00,-0.00,3.49,,,,,,
3850,07/03/2025 00:35:00,-0.00,2.46,,,,,,
3851,07/03/2025 00:40:00,0.04,1.85,,,,,,
3852,07/03/2025 00:45:00,-0.09,1.23,,,,,,
3853,07/03/2025 00:50:00,-0.05,1.02,,,,,,
3854,07/03/2025 00:55:00,-0.09,1.02,,,,,,
3855,07/03/2025 01:00:00,-0.05,0.82,,,,,,
3856,07/03/2025 01:05:00,-0.05,0.61,,,,,,
3857,07/03/2025 01:10:00,-0.05,0.41,,,,,,
3858,07/03/2025 01:15:00,-0.09,0.20,,,,,,
3859,07/03/2025 01:20:00,-0.13,0.20,,,,,,
3860,07/03/2025 01:25:00,-0.09,0.20,,,,,,
3861,07/03/2025 01:30:00,-0.09,0.20,,,,,,
3862,07/03/2025 01:35:00,-0.13,0.20,,,,,,
3863,07/03/2025 01:40:00,-0.17,0.20,,,,,,
3864,07/03/2025 01:45:00,-0.17,0.00,,,,,,
3865,07/03/2025 01:50:00,-0.17,0.00,,,,,,
3866,07/03/2025 01:55:00,-0.17,0.00,,,,,,
3867,07/03/2025 02:00:00,-0.26,0.00,,,,,,
3868,07/03/2025 02:05:00,-0.39,0.00,,,,,,
3869,07/03/2025 02:10:00,-0.60,0.20,,,,,,
3870,07/03/2025 02:15:00,-0.43,0.20,,,,,,
3871,07/03/2025 02:20:00,-0.43,0.20,,,,,,
3872,07/03/2025 02:25:00,-0.56,0.20,,,,,,
3873,07/03/2025 02:30:00,-0.47,0.20,,,,,,
3874,07/03/2025 02:35:00,-0.39,0.20,,,,,,
3875,07/03/2025 02:40:00,-0.39,0.20,,,,,,
3876,07/03/2025 02:45:00,-0.39,0.41,,,,,,
3877,07/03/2025 02:50:00,-0.35,0.41,,,,,,
3878,07/03/2025 02:55:00,-0.26,0.61,,,,,,
3879,07/03/2025 03:00:00,-0.26,0.61,,,,,,
3880,07/03/2025 03:05:00,-0.47,0.82,,,,,,
3881,07/03/2025 03:10:00,-0.39,1.23,,,,,,
3882,07/03/2025 03:15:00,-0.35,1.23,,,,,,
3883,07/03/2025 03:20:00,-0.47,1.64,,,,,,
3884,07/03/2025 03:25:00,-0.26,2.46,,,,,,
3885,07/03/2025 03:30:00,-0.17,3.29,,,,,,
3886,07/03/2025 03:35:00,-0.17,3.70,,,,,,
3887,07/03/2025 03:40:00,-0.17,5.34,,,,,,
3888,07/03/2025 03:45:00,-0.22,7.60,,,,,,
3889,07/03/2025 03:50:00,-0.22,10.48,,,,,,
3890,07/03/2025 03:55:00,-0.26,14.62,,,,,,
3891,07/03/2025 04:00:00,-0.26,18.56,,,,,,
3892,07/03/2025 04:05:00,-0.30,25.65,,,,,,
3893,07/03/2025 04:10:00,-0.35,39.28,,,,,,
3894,07/03/2025 04:15:00,-0.26,53.36,,,,,,
3895,07/03/2025 04:20:00,-0.39,76.90,,,,,,
3896,07/03/2025 04:25:00,-0.39,111.56,,,,,,
3897,07/03/2025 04:30:00,-0.56,149.68,,,,,,
3898,07/03/2025 04:35:00,-0.52,198.64,,,,,,
3899,07/03/2025 04:40:00,-0.47,271.44,,,,,,
3900,07/03/2025 04:45:00,-0.60,386.40,,,,,,
3901,07/03/2025 04:50:00,-0.69,500.48,,,,,,
3902,07/03/2025 04:55:00,-0.60,647.68,,,,,,
3903,07/03/2025 05:00:00,-0.52,800.32,,,,,,
3904,07/03/2025 05:05:00,-0.52,1008.32,,,,,,
3905,07/03/2025 05:10:00,-0.35,1271.68,,,,,,
3906,07/03/2025 05:15:00,-0.30,1557.76,,,,,,
3907,07/03/2025 05:20:00,-0.17,1934.72,,,,,,
3908,07/03/2025 05:25:00,0.17,2494.08,,,,,,
3909,07/03/2025 05:30:00,0.34,2888.96,,,,,,
3910,07/03/2025 05:35:00,0.43,3517.44,,,,,,
3911,07/03/2025 05:40:00,0.38,3802.88,,,,,,
3912,07/03/2025 05:45:00,0.34,4471.04,,,,,,
3913,07/03/2025 05:50:00,0.47,4780.80,,,,,,
3914,07/03/2025 05:55:00,0.60,5516.80,,,,,,
3915,07/03/2025 06:00:00,0.73,6323.20,,,,,,
3916,07/03/2025 06:05:00,0.86,6435.84,,,,,,
3917,07/03/2025 06:10:00,0.94,7731.20,,,,,,
3918,07/03/2025 06:15:00,1.03,8389.12,,,,,,
3919,07/03/2025 06:20:00,1.07,9000.96,,,,,,
3920,07/03/2025 06:25:00,1.33,9528.32,,,,,,
3921,07/03/2025 06:30:00,1.88,12088.32,,,,,,
3922,07/03/2025 06:35:00,2.36,13532.16,,,,,,
3923,07/03/2025 06:40:00,2.01,13542.40,,,,,,
3924,07/03/2025 06:45:00,2.83,14243.84,,,,,,
3925,07/03/2025 06:50:00,2.53,17305.60,,,,,,
3926,07/03/2025 06:55:00,5.06,22876.16,,,,,,
3927,07/03/2025 07:00:00,4.16,20254.72,,,,,,
3928,07/03/2025 07:05:00,4.12,18851.84,,,,,,
3929,07/03/2025 07:10:00,3.99,17873.92,,,,,,
3930,07/03/2025 07:15:00,4.07,23367.68,,,,,,
3931,07/03/2025 07:20:00,4.93,26214.40,,,,,,
3932,07/03/2025 07:25:00,4.76,28303.36,,,,,,
3933,07/03/2025 07:30:00,5.75,26972.16,,,,,,
3934,07/03/2025 07:35:00,6.73,33781.76,,,,,,
3935,07/03/2025 07:40:00,7.89,34938.88,,,,,,
3936,07/03/2025 07:45:00,6.39,27801.60,,,,,,
3937,07/03/2025 07:50:00,6.26,31569.92,,,,,,
3938,07/03/2025 07:55:00,6.35,29296.64,,,,,,
3939,07/03/2025 08:00:00,6.78,23091.20,,,,,,
3940,07/03/2025 08:05:00,8.19,42168.32,,,,,,
3941,07/03/2025 08:10:00,9.35,43786.24,,,,,,
3942,07/03/2025 08:15:00,10.51,46940.16,,,,,,
3943,07/03/2025 08:20:00,11.07,36915.20,,,,,,
3944,07/03/2025 08:25:00,9.91,50196.48,,,,,,
3945,07/03/2025 08:30:00,10.85,48988.16,,,,,,
3946,07/03/2025 08:35:00,10.98,48926.72,,,,,,
3947,07/03/2025 08:40:00,11.37,52592.64,,,,,,
3948,07/03/2025 08:45:00,9.22,33628.16,,,,,,
3949,07/03/2025 08:50:00,7.29,34519.04,,,,,,
3950,07/03/2025 08:55:00,8.11,36782.08,,,,,,
3951,07/03/2025 09:00:00,10.81,61112.32,,,,,,
3952,07/03/2025 09:05:00,12.18,57978.88,,,,,,
3953,07/03/2025 09:10:00,12.48,59166.72,,,,,,
3954,07/03/2025 09:15:00,13.25,63057.92,,,,,,
3955,07/03/2025 09:20:00,14.20,63160.32,,,,,,
3956,07/03/2025 09:25:00,14.50,63406.08,,,,,,
3957,07/03/2025 09:30:00,16.13,63877.12,,,,,,
3958,07/03/2025 09:35:00,19.90,64450.56,,,,,,
3959,07/03/2025 09:40:00,22.73,65556.48,,,,,,
3960,07/03/2025 09:45:00,24.75,66744.32,,,,,,
3961,07/03/2025 09:50:00,24.49,67727.36,,,,,,
3962,07/03/2025 09:55:00,20.68,68751.36,,,,,,
3963,07/03/2025 10:00:00,16.60,70430.72,,,,,,
3964,07/03/2025 10:05:00,14.97,71925.76,,,,,,
3965,07/03/2025 10:10:00,14.50,73318.40,,,,,,
3966,07/03/2025 10:15:00,14.37,74424.32,,,,,,
3967,07/03/2025 10:20:00,14.75,75571.20,,,,,,
3968,07/03/2025 10:25:00,15.27,76513.28,,,,,,
3969,07/03/2025 10:30:00,15.70,77639.68,,,,,,
3970,07/03/2025 10:35:00,15.66,78786.56,,,,,,
3971,07/03/2025 10:40:00,15.23,80015.36,,,,,,
3972,07/03/2025 10:45:00,15.31,81367.04,,,,,,
3973,07/03/2025 10:50:00,15.78,83189.76,,,,,,
3974,07/03/2025 10:55:00,15.36,81960.96,,,,,,
3975,07/03/2025 11:00:00,14.11,75571.20,,,,,,
3976,07/03/2025 11:05:00,15.57,79953.92,,,,,,
3977,07/03/2025 11:10:00,17.16,91299.84,,,,,,
3978,07/03/2025 11:15:00,18.57,95887.36,,,,,,
3979,07/03/2025 11:20:00,19.35,88842.24,,,,,,
3980,07/03/2025 11:25:00,19.35,95313.92,,,,,,
3981,07/03/2025 11:30:00,19.86,101498.88,,,,,,
3982,07/03/2025 11:35:00,19.95,100597.76,,,,,,
3983,07/03/2025 11:40:00,21.79,100884.48,,,,,,
3984,07/03/2025 11:45:00,23.68,104652.80,,,,,,
3985,07/03/2025 11:50:00,23.16,102318.08,,,,,,
3986,07/03/2025 11:55:00,23.25,107438.08,,,,,,
3987,07/03/2025 12:00:00,23.98,110592.00,,,,,,
3988,07/03/2025 12:05:00,22.95,106004.48,,,,,,
3989,07/03/2025 12:10:00,21.70,101130.24,,,,,,
3990,07/03/2025 12:15:00,22.73,102195.20,,,,,,
3991,07/03/2025 12:20:00,20.72,75960.32,,,,,,
3992,07/03/2025 12:25:00,19.99,91709.44,,,,,,
3993,07/03/2025 12:30:00,23.29,116817.92,,,,,,
3994,07/03/2025 12:35:00,23.94,116858.88,,,,,,
3995,07/03/2025 12:40:00,18.87,68403.20,,,,,,
3996,07/03/2025 12:45:00,15.36,73666.56,,,,,,
3997,07/03/2025 12:50:00,14.50,61583.36,,,,,,
3998,07/03/2025 12:55:00,13.08,64081.92,,,,,,
3999,07/03/2025 13:00:00,14.71,84787.20,,,,,,
4000,07/03/2025 13:05:00,16.34,71352.32,,,,,,
4001,07/03/2025 13:10:00,15.06,71802.88,,,,,,
4002,07/03/2025 13:15:00,16.34,95600.64,,,,,,
4003,07/03/2025 13:20:00,19.56,104734.72,,,,,,
4004,07/03/2025 13:25:00,18.14,81489.92,,,,,,
4005,07/03/2025 13:30:00,17.41,98467.84,,,,,,
4006,07/03/2025 13:35:00,19.82,103628.80,,,,,,
4007,07/03/2025 13:40:00,19.95,100188.16,,,,,,
4008,07/03/2025 13:45:00,19.73,102400.00,,,,,,
4009,07/03/2025 13:50:00,19.17,104693.76,,,,,,
4010,07/03/2025 13:55:00,19.43,99696.64,,,,,,
4011,07/03/2025 14:00:00,18.66,97812.48,,,,,,
4012,07/03/2025 14:05:00,18.40,99205.12,,,,,,
4013,07/03/2025 14:10:00,18.27,99368.96,,,,,,
4014,07/03/2025 14:15:00,18.79,99246.08,,,,,,
4015,07/03/2025 14:20:00,18.83,98181.12,,,,,,
4016,07/03/2025 14:25:00,19.13,98017.28,,,,,,
4017,07/03/2025 14:30:00,19.22,97566.72,,,,,,
4018,07/03/2025 14:35:00,18.32,97648.64,,,,,,
4019,07/03/2025 14:40:00,17.03,101785.60,,,,,,
4020,07/03/2025 14:45:00,16.21,97239.04,,,,,,
4021,07/03/2025 14:50:00,17.24,96051.20,,,,,,
4022,07/03/2025 14:55:00,18.36,115793.92,,,,,,
4023,07/03/2025 15:00:00,19.43,109813.76,,,,,,
4024,07/03/2025 15:05:00,18.44,100843.52,,,,,,
4025,07/03/2025 15:10:00,19.09,109076.48,,,,,,
4026,07/03/2025 15:15:00,18.27,109117.44,,,,,,
4027,07/03/2025 15:20:00,18.32,91054.08,,,,,,
4028,07/03/2025 15:25:00,16.99,89784.32,,,,,,
4029,07/03/2025 15:30:00,17.97,114688.00,,,,,,
4030,07/03/2025 15:35:00,18.70,103301.12,,,,,,
4031,07/03/2025 15:40:00,19.47,108052.48,,,,,,
4032,07/03/2025 15:45:00,17.76,107397.12,,,,,,
4033,07/03/2025 15:50:00,18.40,97075.20,,,,,,
4034,07/03/2025 15:55:00,18.70,100843.52,,,,,,
4035,07/03/2025 16:00:00,19.56,106496.00,,,,,,
4036,07/03/2025 16:05:00,20.59,88473.60,,,,,,
4037,07/03/2025 16:10:00,20.37,95354.88,,,,,,
4038,07/03/2025 16:15:00,18.74,95027.20,,,,,,
4039,07/03/2025 16:20:00,18.70,95313.92,,,,,,
4040,07/03/2025 16:25:00,18.02,91054.08,,,,,,
4041,07/03/2025 16:30:00,18.06,86753.28,,,,,,
4042,07/03/2025 16:35:00,17.76,82042.88,,,,,,
4043,07/03/2025 16:40:00,16.17,75837.44,,,,,,
4044,07/03/2025 16:45:00,16.26,78192.64,,,,,,
4045,07/03/2025 16:50:00,17.89,90071.04,,,,,,
4046,07/03/2025 16:55:00,19.05,77557.76,,,,,,
4047,07/03/2025 17:00:00,17.33,82862.08,,,,,,
4048,07/03/2025 17:05:00,16.64,78520.32,,,,,,
4049,07/03/2025 17:10:00,15.66,86712.32,,,,,,
4050,07/03/2025 17:15:00,15.96,66519.04,,,,,,
4051,07/03/2025 17:20:00,16.77,69836.80,,,,,,
4052,07/03/2025 17:25:00,16.17,74506.24,,,,,,
4053,07/03/2025 17:30:00,15.96,74936.32,,,,,,
4054,07/03/2025 17:35:00,15.01,65720.32,,,,,,
4055,07/03/2025 17:40:00,12.44,55296.00,,,,,,
4056,07/03/2025 17:45:00,15.36,76062.72,,,,,,
4057,07/03/2025 17:50:00,16.56,77004.80,,,,,,
4058,07/03/2025 17:55:00,13.38,63303.68,,,,,,
4059,07/03/2025 18:00:00,14.07,69898.24,,,,,,
4060,07/03/2025 18:05:00,16.43,78192.64,,,,,,
4061,07/03/2025 18:10:00,17.59,75325.44,,,,,,
4062,07/03/2025 18:15:00,16.99,68116.48,,,,,,
4063,07/03/2025 18:20:00,17.41,84746.24,,,,,,
4064,07/03/2025 18:25:00,16.39,78417.92,,,,,,
4065,07/03/2025 18:30:00,14.24,66641.92,,,,,,
4066,07/03/2025 18:35:00,14.45,63119.36,,,,,,
4067,07/03/2025 18:40:00,12.40,56279.04,,,,,,
4068,07/03/2025 18:45:00,15.40,79626.24,,,,,,
4069,07/03/2025 18:50:00,14.33,62156.80,,,,,,
4070,07/03/2025 18:55:00,12.10,51056.64,,,,,,
4071,07/03/2025 19:00:00,12.27,62873.60,,,,,,
4072,07/03/2025 19:05:00,12.44,59699.20,,,,,,
4073,07/03/2025 19:10:00,12.52,59658.24,,,,,,
4074,07/03/2025 19:15:00,12.35,54620.16,,,,,,
4075,07/03/2025 19:20:00,12.18,56279.04,,,,,,
4076,07/03/2025 19:25:00,11.49,48517.12,,,,,,
4077,07/03/2025 19:30:00,11.49,46940.16,,,,,,
4078,07/03/2025 19:35:00,10.85,51179.52,,,,,,
4079,07/03/2025 19:40:00,11.15,50913.28,,,,,,
4080,07/03/2025 19:45:00,10.42,44380.16,,,,,,
4081,07/03/2025 19:50:00,9.61,44707.84,,,,,,
4082,07/03/2025 19:55:00,7.85,29368.32,,,,,,
4083,07/03/2025 20:00:00,9.52,41431.04,,,,,,
4084,07/03/2025 20:05:00,12.01,45035.52,,,,,,
4085,07/03/2025 20:10:00,9.91,28016.64,,,,,,
4086,07/03/2025 20:15:00,8.15,29685.76,,,,,,
4087,07/03/2025 20:20:00,7.55,21616.64,,,,,,
4088,07/03/2025 20:25:00,5.96,22691.84,,,,,,
4089,07/03/2025 20:30:00,5.70,28467.20,,,,,,
4090,07/03/2025 20:35:00,5.45,31262.72,,,,,,
4091,07/03/2025 20:40:00,5.62,27105.28,,,,,,
4092,07/03/2025 20:45:00,4.93,20259.84,,,,,,
4093,07/03/2025 20:50:00,4.20,16245.76,,,,,,
4094,07/03/2025 20:55:00,4.12,17653.76,,,,,,
4095,07/03/2025 21:00:00,4.16,18897.92,,,,,,
4096,07/03/2025 21:05:00,3.60,16588.80,,,,,,
4097,07/03/2025 21:10:00,3.94,17192.96,,,,,,
4098,07/03/2025 21:15:00,3.86,17070.08,,,,,,
4099,07/03/2025 21:20:00,4.03,16906.24,,,,,,
4100,07/03/2025 21:25:00,3.99,15400.96,,,,,,
4101,07/03/2025 21:30:00,3.94,13475.84,,,,,,
4102,07/03/2025 21:35:00,2.74,9863.68,,,,,,
4103,07/03/2025 21:40:00,2.83,12282.88,,,,,,
4104,07/03/2025 21:45:00,3.17,10895.36,,,,,,
4105,07/03/2025 21:50:00,2.91,8614.40,,,,,,
4106,07/03/2025 21:55:00,2.61,6507.52,,,,,,
4107,07/03/2025 22:00:00,2.19,6205.44,,,,,,
4108,07/03/2025 22:05:00,2.06,4728.32,,,,,,
4109,07/03/2025 22:10:00,1.71,4316.16,,,,,,
4110,07/03/2025 22:15:00,1.46,3471.36,,,,,,
4111,07/03/2025 22:20:00,1.20,2860.80,,,,,,
4112,07/03/2025 22:25:00,1.16,2424.96,,,,,,
4113,07/03/2025 22:30:00,1.07,2184.32,,,,,,
4114,07/03/2025 22:35:00,0.90,2016.64,,,,,,
4115,07/03/2025 22:40:00,0.94,1742.08,,,,,,
4116,07/03/2025 22:45:00,0.86,1477.12,,,,,,
4117,07/03/2025 22:50:00,0.73,1116.16,,,,,,
4118,07/03/2025 22:55:00,0.60,843.84,,,,,,
4119,07/03/2025 23:00:00,0.68,700.80,,,,,,
4120,07/03/2025 23:05:00,0.73,582.40,,,,,,
4121,07/03/2025 23:10:00,0.81,450.72,,,,,,
4122,07/03/2025 23:15:00,0.73,325.92,,,,,,
4123,07/03/2025 23:20:00,0.55,254.16,,,,,,
4124,07/03/2025 23:25:00,0.55,181.12,,,,,,
4125,07/03/2025 23:30:00,0.73,135.60,,,,,,
4126,07/03/2025 23:35:00,0.73,94.28,,,,,,
4127,07/03/2025 23:40:00,0.77,70.22,,,,,,
4128,07/03/2025 23:45:00,0.68,48.78,,,,,,
4129,07/03/2025 23:50:00,0.60,34.34,,,,,,
4130,07/03/2025 23:55:00,0.60,24.37,,,,,,
4131,07/04/2025 00:00:00,0.55,18.12,,,,,,
4132,07/04/2025 00:05:00,0.38,13.36,,,,,,
4133,07/04/2025 00:10:00,0.34,9.66,,,,,,
4134,07/04/2025 00:15:00,0.38,7.81,,,,,,
4135,07/04/2025 00:20:00,0.21,5.34,,,,,,
4136,07/04/2025 00:25:00,0.30,4.11,,,,,,
4137,07/04/2025 00:30:00,0.25,3.29,,,,,,
4138,07/04/2025 00:35:00,0.34,2.26,,,,,,
4139,07/04/2025 00:40:00,0.38,1.64,,,,,,
4140,07/04/2025 00:45:00,0.25,1.43,,,,,,
4141,07/04/2025 00:50:00,0.30,0.82,,,,,,
4142,07/04/2025 00:55:00,0.21,0.82,,,,,,
4143,07/04/2025 01:00:00,0.38,1.23,,,,,,
4144,07/04/2025 01:05:00,0.38,0.41,,,,,,
4145,07/04/2025 01:10:00,0.38,0.41,,,,,,
4146,07/04/2025 01:15:00,0.43,0.20,,,,,,
4147,07/04/2025 01:20:00,0.38,0.20,,,,,,
4148,07/04/2025 01:25:00,0.43,0.20,,,,,,
4149,07/04/2025 01:30:00,0.43,0.20,,,,,,
4150,07/04/2025 01:35:00,0.34,0.00,,,,,,
4151,07/04/2025 01:40:00,0.38,0.00,,,,,,
4152,07/04/2025 01:45:00,0.38,0.00,,,,,,
4153,07/04/2025 01:50:00,0.38,0.00,,,,,,
4154,07/04/2025 01:55:00,0.38,0.00,,,,,,
4155,07/04/2025 02:00:00,0.43,0.00,,,,,,
4156,07/04/2025 02:05:00,0.38,0.00,,,,,,
4157,07/04/2025 02:10:00,0.30,0.00,,,,,,
4158,07/04/2025 02:15:00,0.38,0.00,,,,,,
4159,07/04/2025 02:20:00,0.38,0.00,,,,,,
4160,07/04/2025 02:25:00,0.38,0.00,,,,,,
4161,07/04/2025 02:30:00,0.34,0.00,,,,,,
4162,07/04/2025 02:35:00,0.38,0.20,,,,,,
4163,07/04/2025 02:40:00,0.38,0.20,,,,,,
4164,07/04/2025 02:45:00,0.38,0.20,,,,,,
4165,07/04/2025 02:50:00,0.38,0.41,,,,,,
4166,07/04/2025 02:55:00,0.47,0.41,,,,,,
4167,07/04/2025 03:00:00,0.43,0.61,,,,,,
4168,07/04/2025 03:05:00,0.43,0.61,,,,,,
4169,07/04/2025 03:10:00,0.30,0.82,,,,,,
4170,07/04/2025 03:15:00,0.30,1.02,,,,,,
4171,07/04/2025 03:20:00,0.30,1.43,,,,,,
4172,07/04/2025 03:25:00,0.25,1.85,,,,,,
4173,07/04/2025 03:30:00,0.17,2.46,,,,,,
4174,07/04/2025 03:35:00,0.04,3.29,,,,,,
4175,07/04/2025 03:40:00,0.17,4.31,,,,,,
4176,07/04/2025 03:45:00,0.30,5.75,,,,,,
4177,07/04/2025 03:50:00,0.43,7.81,,,,,,
4178,07/04/2025 03:55:00,0.43,11.10,,,,,,
4179,07/04/2025 04:00:00,0.43,15.24,,,,,,
4180,07/04/2025 04:05:00,0.43,21.07,,,,,,
4181,07/04/2025 04:10:00,0.43,29.76,,,,,,
4182,07/04/2025 04:15:00,0.38,43.38,,,,,,
4183,07/04/2025 04:20:00,0.38,64.00,,,,,,
4184,07/04/2025 04:25:00,0.25,91.80,,,,,,
4185,07/04/2025 04:30:00,0.30,131.48,,,,,,
4186,07/04/2025 04:35:00,0.34,178.64,,,,,,
4187,07/04/2025 04:40:00,0.25,248.16,,,,,,
4188,07/04/2025 04:45:00,0.21,346.72,,,,,,
4189,07/04/2025 04:50:00,0.13,453.12,,,,,,
4190,07/04/2025 04:55:00,0.08,561.76,,,,,,
4191,07/04/2025 05:00:00,-0.05,712.32,,,,,,
4192,07/04/2025 05:05:00,0.04,885.76,,,,,,
4193,07/04/2025 05:10:00,0.08,1058.56,,,,,,
4194,07/04/2025 05:15:00,0.21,1324.16,,,,,,
4195,07/04/2025 05:20:00,0.38,1522.56,,,,,,
4196,07/04/2025 05:25:00,0.30,1766.40,,,,,,
4197,07/04/2025 05:30:00,0.21,2076.16,,,,,,
4198,07/04/2025 05:35:00,0.34,2442.88,,,,,,
4199,07/04/2025 05:40:00,0.64,3109.12,,,,,,
4200,07/04/2025 05:45:00,0.73,3720.96,,,,,,
4201,07/04/2025 05:50:00,0.60,4267.52,,,,,,
4202,07/04/2025 05:55:00,0.64,4823.04,,,,,,
4203,07/04/2025 06:00:00,0.73,5608.96,,,,,,
4204,07/04/2025 06:05:00,1.20,6776.32,,,,,,
4205,07/04/2025 06:10:00,1.11,6740.48,,,,,,
4206,07/04/2025 06:15:00,1.16,7831.04,,,,,,
4207,07/04/2025 06:20:00,1.33,8824.32,,,,,,
4208,07/04/2025 06:25:00,1.46,9679.36,,,,,,
4209,07/04/2025 06:30:00,1.54,9896.96,,,,,,
4210,07/04/2025 06:35:00,1.54,9948.16,,,,,,
4211,07/04/2025 06:40:00,1.76,11284.48,,,,,,
4212,07/04/2025 06:45:00,1.93,12354.56,,,,,,
4213,07/04/2025 06:50:00,2.19,13614.08,,,,,,
4214,07/04/2025 06:55:00,2.61,16174.08,,,,,,
4215,07/04/2025 07:00:00,3.73,17336.32,,,,,,
4216,07/04/2025 07:05:00,3.94,16691.20,,,,,,
4217,07/04/2025 07:10:00,4.24,16593.92,,,,,,
4218,07/04/2025 07:15:00,3.99,17090.56,,,,,,
4219,07/04/2025 07:20:00,4.37,17950.72,,,,,,
4220,07/04/2025 07:25:00,4.37,19379.20,,,,,,
4221,07/04/2025 07:30:00,4.54,21084.16,,,,,,
4222,07/04/2025 07:35:00,4.84,23162.88,,,,,,
4223,07/04/2025 07:40:00,5.49,25231.36,,,,,,
4224,07/04/2025 07:45:00,5.75,26132.48,,,,,,
4225,07/04/2025 07:50:00,5.19,25169.92,,,,,,
4226,07/04/2025 07:55:00,4.84,23572.48,,,,,,
4227,07/04/2025 08:00:00,4.46,22630.40,,,,,,
4228,07/04/2025 08:05:00,4.16,23562.24,,,,,,
4229,07/04/2025 08:10:00,4.37,25866.24,,,,,,
4230,07/04/2025 08:15:00,4.93,28293.12,,,,,,
4231,07/04/2025 08:20:00,5.40,28723.20,,,,,,
4232,07/04/2025 08:25:00,5.87,28416.00,,,,,,
4233,07/04/2025 08:30:00,5.96,28067.84,,,,,,
4234,07/04/2025 08:35:00,5.70,28047.36,,,,,,
4235,07/04/2025 08:40:00,5.40,27648.00,,,,,,
4236,07/04/2025 08:45:00,5.19,27555.84,,,,,,
4237,07/04/2025 08:50:00,5.06,27648.00,,,,,,
4238,07/04/2025 08:55:00,4.97,27330.56,,,,,,
4239,07/04/2025 09:00:00,5.10,27975.68,,,,,,
4240,07/04/2025 09:05:00,5.70,31006.72,,,,,,
4241,07/04/2025 09:10:00,6.39,35358.72,,,,,,
4242,07/04/2025 09:15:00,7.59,39208.96,,,,,,
4243,07/04/2025 09:20:00,8.66,42434.56,,,,,,
4244,07/04/2025 09:25:00,9.82,45465.60,,,,,,
4245,07/04/2025 09:30:00,10.94,48250.88,,,,,,
4246,07/04/2025 09:35:00,10.38,52551.68,,,,,,
4247,07/04/2025 09:40:00,11.41,55664.64,,,,,,
4248,07/04/2025 09:45:00,13.47,60743.68,,,,,,
4249,07/04/2025 09:50:00,16.17,63406.08,,,,,,
4250,07/04/2025 09:55:00,15.57,58490.88,,,,,,
4251,07/04/2025 10:00:00,15.31,65638.40,,,,,,
4252,07/04/2025 10:05:00,13.81,61931.52,,,,,,
4253,07/04/2025 10:10:00,13.98,63569.92,,,,,,
4254,07/04/2025 10:15:00,15.36,64737.28,,,,,,
4255,07/04/2025 10:20:00,15.18,58859.52,,,,,,
4256,07/04/2025 10:25:00,16.69,64962.56,,,,,,
4257,07/04/2025 10:30:00,16.73,62423.04,,,,,,
4258,07/04/2025 10:35:00,16.21,63242.24,,,,,,
4259,07/04/2025 10:40:00,15.61,59924.48,,,,,,
4260,07/04/2025 10:45:00,15.48,58081.28,,,,,,
4261,07/04/2025 10:50:00,17.20,79032.32,,,,,,
4262,07/04/2025 10:55:00,20.20,85811.20,,,,,,
4263,07/04/2025 11:00:00,22.01,86425.60,,,,,,
4264,07/04/2025 11:05:00,23.46,87900.16,,,,,,
4265,07/04/2025 11:10:00,23.94,88473.60,,,,,,
4266,07/04/2025 11:15:00,25.31,89825.28,,,,,,
4267,07/04/2025 11:20:00,25.78,89538.56,,,,,,
4268,07/04/2025 11:25:00,24.88,87490.56,,,,,,
4269,07/04/2025 11:30:00,24.28,88145.92,,,,,,
4270,07/04/2025 11:35:00,24.92,94085.12,,,,,,
4271,07/04/2025 11:40:00,25.05,95518.72,,,,,,
4272,07/04/2025 11:45:00,26.60,88842.24,,,,,,
4273,07/04/2025 11:50:00,23.89,63672.32,,,,,,
4274,07/04/2025 11:55:00,26.47,95641.60,,,,,,
4275,07/04/2025 12:00:00,27.11,105308.16,,,,,,
4276,07/04/2025 12:05:00,24.62,103710.72,,,,,,
4277,07/04/2025 12:10:00,27.07,86999.04,,,,,,
4278,07/04/2025 12:15:00,28.87,107520.00,,,,,,
4279,07/04/2025 12:20:00,29.04,89292.80,,,,,,
4280,07/04/2025 12:25:00,30.03,98590.72,,,,,,
4281,07/04/2025 12:30:00,32.17,123944.96,,,,,,
4282,07/04/2025 12:35:00,34.06,111165.44,,,,,,
4283,07/04/2025 12:40:00,28.61,106004.48,,,,,,
4284,07/04/2025 12:45:00,24.06,89047.04,,,,,,
4285,07/04/2025 12:50:00,25.99,102031.36,,,,,,
4286,07/04/2025 12:55:00,25.01,93224.96,,,,,,
4287,07/04/2025 13:00:00,26.38,95969.28,,,,,,
4288,07/04/2025 13:05:00,27.37,101130.24,,,,,,
4289,07/04/2025 13:10:00,27.15,111165.44,,,,,,
4290,07/04/2025 13:15:00,24.19,94986.24,,,,,,
4291,07/04/2025 13:20:00,24.75,99737.60,,,,,,
4292,07/04/2025 13:25:00,23.89,84992.00,,,,,,
4293,07/04/2025 13:30:00,24.02,92815.36,,,,,,
4294,07/04/2025 13:35:00,23.64,91627.52,,,,,,
4295,07/04/2025 13:40:00,23.12,83886.08,,,,,,
4296,07/04/2025 13:45:00,20.93,83435.52,,,,,,
4297,07/04/2025 13:50:00,20.25,95313.92,,,,,,
4298,07/04/2025 13:55:00,21.88,102031.36,,,,,,
4299,07/04/2025 14:00:00,21.62,108953.60,,,,,,
4300,07/04/2025 14:05:00,22.82,108052.48,,,,,,
4301,07/04/2025 14:10:00,23.03,102809.60,,,,,,
4302,07/04/2025 14:15:00,23.34,94412.80,,,,,,
4303,07/04/2025 14:20:00,23.64,102440.96,,,,,,
4304,07/04/2025 14:25:00,22.69,109486.08,,,,,,
4305,07/04/2025 14:30:00,24.15,116981.76,,,,,,
4306,07/04/2025 14:35:00,25.31,131604.48,,,,,,
4307,07/04/2025 14:40:00,28.40,141189.12,,,,,,
4308,07/04/2025 14:45:00,27.88,91545.60,,,,,,
4309,07/04/2025 14:50:00,28.78,119848.96,,,,,,
4310,07/04/2025 14:55:00,28.65,104857.60,,,,,,
4311,07/04/2025 15:00:00,26.85,94699.52,,,,,,
4312,07/04/2025 15:05:00,25.09,93839.36,,,,,,
4313,07/04/2025 15:10:00,23.85,88514.56,,,,,,
4314,07/04/2025 15:15:00,23.59,91340.80,,,,,,
4315,07/04/2025 15:20:00,25.09,93757.44,,,,,,
4316,07/04/2025 15:25:00,25.27,100925.44,,,,,,
4317,07/04/2025 15:30:00,24.41,94412.80,,,,,,
4318,07/04/2025 15:35:00,23.81,91914.24,,,,,,
4319,07/04/2025 15:40:00,23.64,90726.40,,,,,,
4320,07/04/2025 15:45:00,23.59,90521.60,,,,,,
4321,07/04/2025 15:50:00,23.12,89743.36,,,,,,
4322,07/04/2025 15:55:00,22.78,88883.20,,,,,,
4323,07/04/2025 16:00:00,22.95,87490.56,,,,,,
4324,07/04/2025 16:05:00,22.99,86548.48,,,,,,
4325,07/04/2025 16:10:00,22.48,85729.28,,,,,,
4326,07/04/2025 16:15:00,21.62,84910.08,,,,,,
4327,07/04/2025 16:20:00,22.91,84008.96,,,,,,
4328,07/04/2025 16:25:00,23.55,83128.32,,,,,,
4329,07/04/2025 16:30:00,23.29,82698.24,,,,,,
4330,07/04/2025 16:35:00,22.48,81858.56,,,,,,
4331,07/04/2025 16:40:00,21.45,81428.48,,,,,,
4332,07/04/2025 16:45:00,20.85,81797.12,,,,,,
4333,07/04/2025 16:50:00,20.37,81387.52,,,,,,
4334,07/04/2025 16:55:00,20.29,80035.84,,,,,,
4335,07/04/2025 17:00:00,20.72,80097.28,,,,,,
4336,07/04/2025 17:05:00,21.32,80486.40,,,,,,
4337,07/04/2025 17:10:00,20.80,80588.80,,,,,,
4338,07/04/2025 17:15:00,19.69,81653.76,,,,,,
4339,07/04/2025 17:20:00,19.90,82780.16,,,,,,
4340,07/04/2025 17:25:00,20.33,79933.44,,,,,,
4341,07/04/2025 17:30:00,20.16,81879.04,,,,,,
4342,07/04/2025 17:35:00,19.65,83619.84,,,,,,
4343,07/04/2025 17:40:00,19.22,83558.40,,,,,,
4344,07/04/2025 17:45:00,18.62,85975.04,,,,,,
4345,07/04/2025 17:50:00,18.32,84336.64,,,,,,
4346,07/04/2025 17:55:00,16.73,83333.12,,,,,,
4347,07/04/2025 18:00:00,16.60,77271.04,,,,,,
4348,07/04/2025 18:05:00,16.13,73666.56,,,,,,
4349,07/04/2025 18:10:00,15.57,72355.84,,,,,,
4350,07/04/2025 18:15:00,15.40,77537.28,,,,,,
4351,07/04/2025 18:20:00,14.50,67911.68,,,,,,
4352,07/04/2025 18:25:00,14.80,70389.76,,,,,,
4353,07/04/2025 18:30:00,14.97,68669.44,,,,,,
4354,07/04/2025 18:35:00,14.97,65617.92,,,,,,
4355,07/04/2025 18:40:00,13.98,56668.16,,,,,,
4356,07/04/2025 18:45:00,13.68,61132.80,,,,,,
4357,07/04/2025 18:50:00,12.18,42414.08,,,,,,
4358,07/04/2025 18:55:00,12.78,66273.28,,,,,,
4359,07/04/2025 19:00:00,12.48,57159.68,,,,,,
4360,07/04/2025 19:05:00,11.45,52326.40,,,,,,
4361,07/04/2025 19:10:00,8.83,33556.48,,,,,,
4362,07/04/2025 19:15:00,11.58,55009.28,,,,,,
4363,07/04/2025 19:20:00,12.05,55644.16,,,,,,
4364,07/04/2025 19:25:00,11.54,48537.60,,,,,,
4365,07/04/2025 19:30:00,11.32,46120.96,,,,,,
4366,07/04/2025 19:35:00,9.52,36362.24,,,,,,
4367,07/04/2025 19:40:00,8.32,36311.04,,,,,,
4368,07/04/2025 19:45:00,8.62,44789.76,,,,,,
4369,07/04/2025 19:50:00,10.68,48558.08,,,,,,
4370,07/04/2025 19:55:00,9.65,38707.20,,,,,,
4371,07/04/2025 20:00:00,10.21,43765.76,,,,,,
4372,07/04/2025 20:05:00,9.69,39884.80,,,,,,
4373,07/04/2025 20:10:00,8.53,35102.72,,,,,,
4374,07/04/2025 20:15:00,7.08,28518.40,,,,,,
4375,07/04/2025 20:20:00,5.87,25118.72,,,,,,
4376,07/04/2025 20:25:00,5.02,20515.84,,,,,,
4377,07/04/2025 20:30:00,4.50,19788.80,,,,,,
4378,07/04/2025 20:35:00,4.97,23603.20,,,,,,
4379,07/04/2025 20:40:00,4.59,21125.12,,,,,,
4380,07/04/2025 20:45:00,4.29,18304.00,,,,,,
4381,07/04/2025 20:50:00,4.20,19077.12,,,,,,
4382,07/04/2025 20:55:00,4.50,15605.76,,,,,,
4383,07/04/2025 21:00:00,3.34,13440.00,,,,,,
4384,07/04/2025 21:05:00,3.17,13015.04,,,,,,
4385,07/04/2025 21:10:00,3.13,14576.64,,,,,,
4386,07/04/2025 21:15:00,3.34,17264.64,,,,,,
4387,07/04/2025 21:20:00,2.91,9948.16,,,,,,
4388,07/04/2025 21:25:00,2.74,10449.92,,,,,,
4389,07/04/2025 21:30:00,2.31,7907.84,,,,,,
4390,07/04/2025 21:35:00,1.97,6182.40,,,,,,
4391,07/04/2025 21:40:00,1.80,5916.16,,,,,,
4392,07/04/2025 21:45:00,1.93,5670.40,,,,,,
4393,07/04/2025 21:50:00,2.01,5496.32,,,,,,
4394,07/04/2025 21:55:00,1.46,4376.32,,,,,,
4395,07/04/2025 22:00:00,1.46,3704.32,,,,,,
4396,07/04/2025 22:05:00,1.58,3137.28,,,,,,
4397,07/04/2025 22:10:00,1.46,2584.32,,,,,,
4398,07/04/2025 22:15:00,1.28,2330.88,,,,,,
4399,07/04/2025 22:20:00,1.20,2263.68,,,,,,
4400,07/04/2025 22:25:00,0.98,2051.20,,,,,,
4401,07/04/2025 22:30:00,1.20,1932.80,,,,,,
4402,07/04/2025 22:35:00,1.07,1671.04,,,,,,
4403,07/04/2025 22:40:00,0.73,1456.00,,,,,,
4404,07/04/2025 22:45:00,0.13,1236.16,,,,,,
4405,07/04/2025 22:50:00,-0.05,1003.52,,,,,,
4406,07/04/2025 22:55:00,0.30,805.44,,,,,,
4407,07/04/2025 23:00:00,0.86,634.56,,,,,,
4408,07/04/2025 23:05:00,0.94,507.84,,,,,,
4409,07/04/2025 23:10:00,0.86,392.16,,,,,,
4410,07/04/2025 23:15:00,0.77,308.48,,,,,,
4411,07/04/2025 23:20:00,0.77,235.84,,,,,,
4412,07/04/2025 23:25:00,1.37,160.48,,,,,,
4413,07/04/2025 23:30:00,1.37,125.64,,,,,,
4414,07/04/2025 23:35:00,1.28,81.12,,,,,,
4415,07/04/2025 23:40:00,1.41,66.94,,,,,,
4416,07/04/2025 23:45:00,1.20,45.50,,,,,,
4417,07/04/2025 23:50:00,0.73,31.00,,,,,,
4418,07/04/2025 23:55:00,0.51,20.66,,,,,,
4419,07/05/2025 00:00:00,0.81,14.42,,,,,,
4420,07/05/2025 00:05:00,0.90,11.10,,,,,,
4421,07/05/2025 00:10:00,1.03,8.43,,,,,,
4422,07/05/2025 00:15:00,1.16,6.99,,,,,,
4423,07/05/2025 00:20:00,0.81,4.93,,,,,,
4424,07/05/2025 00:25:00,0.86,3.90,,,,,,
4425,07/05/2025 00:30:00,0.64,2.87,,,,,,
4426,07/05/2025 00:35:00,0.86,2.26,,,,,,
4427,07/05/2025 00:40:00,1.03,1.85,,,,,,
4428,07/05/2025 00:45:00,1.11,1.64,,,,,,
4429,07/05/2025 00:50:00,1.16,1.43,,,,,,
4430,07/05/2025 00:55:00,1.28,1.23,,,,,,
4431,07/05/2025 01:00:00,1.46,1.02,,,,,,
4432,07/05/2025 01:05:00,1.46,1.02,,,,,,
4433,07/05/2025 01:10:00,1.37,1.02,,,,,,
4434,07/05/2025 01:15:00,1.37,0.82,,,,,,
4435,07/05/2025 01:20:00,1.46,0.82,,,,,,
4436,07/05/2025 01:25:00,1.46,0.82,,,,,,
4437,07/05/2025 01:30:00,1.50,0.61,,,,,,
4438,07/05/2025 01:35:00,1.46,0.61,,,,,,
4439,07/05/2025 01:40:00,1.50,0.41,,,,,,
4440,07/05/2025 01:45:00,1.54,0.41,,,,,,
4441,07/05/2025 01:50:00,1.50,0.20,,,,,,
4442,07/05/2025 01:55:00,1.33,0.20,,,,,,
4443,07/05/2025 02:00:00,1.33,0.20,,,,,,
4444,07/05/2025 02:05:00,1.41,0.20,,,,,,
4445,07/05/2025 02:10:00,1.37,0.20,,,,,,
4446,07/05/2025 02:15:00,1.28,0.20,,,,,,
4447,07/05/2025 02:20:00,1.28,0.20,,,,,,
4448,07/05/2025 02:25:00,1.37,0.20,,,,,,
4449,07/05/2025 02:30:00,1.28,0.20,,,,,,
4450,07/05/2025 02:35:00,1.16,0.41,,,,,,
4451,07/05/2025 02:40:00,1.24,0.41,,,,,,
4452,07/05/2025 02:45:00,1.11,1.23,,,,,,
4453,07/05/2025 02:50:00,1.11,0.61,,,,,,
4454,07/05/2025 02:55:00,1.11,0.82,,,,,,
4455,07/05/2025 03:00:00,1.03,1.64,,,,,,
4456,07/05/2025 03:05:00,1.16,1.02,,,,,,
4457,07/05/2025 03:10:00,1.20,1.43,,,,,,
4458,07/05/2025 03:15:00,1.20,1.43,,,,,,
4459,07/05/2025 03:20:00,1.20,1.85,,,,,,
4460,07/05/2025 03:25:00,1.07,2.26,,,,,,
4461,07/05/2025 03:30:00,0.98,2.87,,,,,,
4462,07/05/2025 03:35:00,1.07,3.70,,,,,,
4463,07/05/2025 03:40:00,0.98,4.73,,,,,,
4464,07/05/2025 03:45:00,1.16,5.96,,,,,,
4465,07/05/2025 03:50:00,1.11,7.81,,,,,,
4466,07/05/2025 03:55:00,0.98,10.48,,,,,,
4467,07/05/2025 04:00:00,1.03,14.60,,,,,,
4468,07/05/2025 04:05:00,0.94,19.38,,,,,,
4469,07/05/2025 04:10:00,1.03,26.83,,,,,,
4470,07/05/2025 04:15:00,1.11,36.81,,,,,,
4471,07/05/2025 04:20:00,1.03,51.66,,,,,,
4472,07/05/2025 04:25:00,1.03,71.96,,,,,,
4473,07/05/2025 04:30:00,1.03,103.32,,,,,,
4474,07/05/2025 04:35:00,1.20,140.56,,,,,,
4475,07/05/2025 04:40:00,1.16,190.40,,,,,,
4476,07/05/2025 04:45:00,1.07,254.80,,,,,,
4477,07/05/2025 04:50:00,1.07,334.08,,,,,,
4478,07/05/2025 04:55:00,1.07,426.88,,,,,,
4479,07/05/2025 05:00:00,1.20,546.08,,,,,,
4480,07/05/2025 05:05:00,1.24,691.52,,,,,,
4481,07/05/2025 05:10:00,1.20,877.44,,,,,,
4482,07/05/2025 05:15:00,1.24,1107.20,,,,,,
4483,07/05/2025 05:20:00,1.20,1395.84,,,,,,
4484,07/05/2025 05:25:00,1.07,1711.36,,,,,,
4485,07/05/2025 05:30:00,1.07,2019.84,,,,,,
4486,07/05/2025 05:35:00,1.20,2454.40,,,,,,
4487,07/05/2025 05:40:00,1.28,2602.24,,,,,,
4488,07/05/2025 05:45:00,1.33,2796.80,,,,,,
4489,07/05/2025 05:50:00,1.24,2973.44,,,,,,
4490,07/05/2025 05:55:00,1.33,3357.44,,,,,,
4491,07/05/2025 06:00:00,1.46,3855.36,,,,,,
4492,07/05/2025 06:05:00,1.54,4033.28,,,,,,
4493,07/05/2025 06:10:00,1.46,4033.28,,,,,,
4494,07/05/2025 06:15:00,1.50,4661.76,,,,,,
4495,07/05/2025 06:20:00,1.46,4724.48,,,,,,
4496,07/05/2025 06:25:00,1.46,5493.76,,,,,,
4497,07/05/2025 06:30:00,1.54,7119.36,,,,,,
4498,07/05/2025 06:35:00,1.80,8514.56,,,,,,
4499,07/05/2025 06:40:00,2.36,12252.16,,,,,,
4500,07/05/2025 06:45:00,2.27,9594.88,,,,,,
4501,07/05/2025 06:50:00,1.97,7941.12,,,,,,
4502,07/05/2025 06:55:00,1.76,8903.68,,,,,,
4503,07/05/2025 07:00:00,2.01,10547.20,,,,,,
4504,07/05/2025 07:05:00,2.87,18037.76,,,,,,
4505,07/05/2025 07:10:00,4.29,23203.84,,,,,,
4506,07/05/2025 07:15:00,4.29,23326.72,,,,,,
4507,07/05/2025 07:20:00,4.24,19061.76,,,,,,
4508,07/05/2025 07:25:00,4.37,20372.48,,,,,,
4509,07/05/2025 07:30:00,5.23,30187.52,,,,,,
4510,07/05/2025 07:35:00,6.00,28743.68,,,,,,
4511,07/05/2025 07:40:00,6.78,29306.88,,,,,,
4512,07/05/2025 07:45:00,7.72,42270.72,,,,,,
4513,07/05/2025 07:50:00,6.56,21094.40,,,,,,
4514,07/05/2025 07:55:00,5.23,19814.40,,,,,,
4515,07/05/2025 08:00:00,4.24,17884.16,,,,,,
4516,07/05/2025 08:05:00,4.46,20515.84,,,,,,
4517,07/05/2025 08:10:00,4.93,24176.64,,,,,,
4518,07/05/2025 08:15:00,5.19,24207.36,,,,,,
4519,07/05/2025 08:20:00,5.92,27965.44,,,,,,
4520,07/05/2025 08:25:00,6.86,32256.00,,,,,,
4521,07/05/2025 08:30:00,7.46,33382.40,,,,,,
4522,07/05/2025 08:35:00,7.33,34703.36,,,,,,
4523,07/05/2025 08:40:00,7.38,35676.16,,,,,,
4524,07/05/2025 08:45:00,7.55,38707.20,,,,,,
4525,07/05/2025 08:50:00,8.11,43847.68,,,,,,
4526,07/05/2025 08:55:00,8.02,39884.80,,,,,,
4527,07/05/2025 09:00:00,8.28,42004.48,,,,,,
4528,07/05/2025 09:05:00,8.53,42598.40,,,,,,
4529,07/05/2025 09:10:00,8.83,47308.80,,,,,,
4530,07/05/2025 09:15:00,9.56,50278.40,,,,,,
4531,07/05/2025 09:20:00,10.68,53125.12,,,,,,
4532,07/05/2025 09:25:00,11.54,57815.04,,,,,,
4533,07/05/2025 09:30:00,11.88,54640.64,,,,,,
4534,07/05/2025 09:35:00,11.88,49909.76,,,,,,
4535,07/05/2025 09:40:00,11.75,57262.08,,,,,,
4536,07/05/2025 09:45:00,13.81,68853.76,,,,,,
4537,07/05/2025 09:50:00,13.47,57896.96,,,,,,
4538,07/05/2025 09:55:00,13.34,58531.84,,,,,,
4539,07/05/2025 10:00:00,12.87,59965.44,,,,,,
4540,07/05/2025 10:05:00,13.55,63774.72,,,,,,
4541,07/05/2025 10:10:00,14.58,64143.36,,,,,,
4542,07/05/2025 10:15:00,14.80,64552.96,,,,,,
4543,07/05/2025 10:20:00,14.75,66826.24,,,,,,
4544,07/05/2025 10:25:00,17.16,69427.20,,,,,,
4545,07/05/2025 10:30:00,18.44,73584.64,,,,,,
4546,07/05/2025 10:35:00,20.72,75141.12,,,,,,
4547,07/05/2025 10:40:00,18.57,73646.08,,,,,,
4548,07/05/2025 10:45:00,18.02,79073.28,,,,,,
4549,07/05/2025 10:50:00,18.87,76677.12,,,,,,
4550,07/05/2025 10:55:00,19.39,75059.20,,,,,,
4551,07/05/2025 11:00:00,19.69,76615.68,,,,,,
4552,07/05/2025 11:05:00,20.37,80322.56,,,,,,
4553,07/05/2025 11:10:00,22.78,81653.76,,,,,,
4554,07/05/2025 11:15:00,24.36,82780.16,,,,,,
4555,07/05/2025 11:20:00,23.34,84623.36,,,,,,
4556,07/05/2025 11:25:00,24.02,88555.52,,,,,,
4557,07/05/2025 11:30:00,24.45,88309.76,,,,,,
4558,07/05/2025 11:35:00,25.18,101949.44,,,,,,
4559,07/05/2025 11:40:00,25.44,91791.36,,,,,,
4560,07/05/2025 11:45:00,26.60,91340.80,,,,,,
4561,07/05/2025 11:50:00,23.94,92856.32,,,,,,
4562,07/05/2025 11:55:00,19.77,92364.80,,,,,,
4563,07/05/2025 12:00:00,18.27,94904.32,,,,,,
4564,07/05/2025 12:05:00,19.17,108421.12,,,,,,
4565,07/05/2025 12:10:00,21.83,132341.76,,,,,,
4566,07/05/2025 12:15:00,20.50,88473.60,,,,,,
4567,07/05/2025 12:20:00,19.77,89128.96,,,,,,
4568,07/05/2025 12:25:00,20.12,98672.64,,,,,,
4569,07/05/2025 12:30:00,20.76,104284.16,,,,,,
4570,07/05/2025 12:35:00,20.20,96870.40,,,,,,
4571,07/05/2025 12:40:00,19.47,96706.56,,,,,,
4572,07/05/2025 12:45:00,22.48,98631.68,,,,,,
4573,07/05/2025 12:50:00,21.32,72437.76,,,,,,
4574,07/05/2025 12:55:00,19.95,90234.88,,,,,,
4575,07/05/2025 13:00:00,18.83,96460.80,,,,,,
4576,07/05/2025 13:05:00,20.37,91996.16,,,,,,
4577,07/05/2025 13:10:00,19.56,87982.08,,,,,,
4578,07/05/2025 13:15:00,18.92,86548.48,,,,,,
4579,07/05/2025 13:20:00,18.14,89866.24,,,,,,
4580,07/05/2025 13:25:00,19.09,92200.96,,,,,,
4581,07/05/2025 13:30:00,21.19,88719.36,,,,,,
4582,07/05/2025 13:35:00,20.68,88514.56,,,,,,
4583,07/05/2025 13:40:00,21.36,103383.04,,,,,,
4584,07/05/2025 13:45:00,21.19,96747.52,,,,,,
4585,07/05/2025 13:50:00,21.45,100843.52,,,,,,
4586,07/05/2025 13:55:00,20.20,98017.28,,,,,,
4587,07/05/2025 14:00:00,20.16,104448.00,,,,,,
4588,07/05/2025 14:05:00,19.95,91504.64,,,,,,
4589,07/05/2025 14:10:00,18.40,95969.28,,,,,,
4590,07/05/2025 14:15:00,17.76,94044.16,,,,,,
4591,07/05/2025 14:20:00,21.79,94658.56,,,,,,
4592,07/05/2025 14:25:00,21.70,125542.40,,,,,,
4593,07/05/2025 14:30:00,21.40,104202.24,,,,,,
4594,07/05/2025 14:35:00,19.99,91668.48,,,,,,
4595,07/05/2025 14:40:00,20.16,88637.44,,,,,,
4596,07/05/2025 14:45:00,18.23,88104.96,,,,,,
4597,07/05/2025 14:50:00,18.66,86548.48,,,,,,
4598,07/05/2025 14:55:00,19.77,118374.40,,,,,,
4599,07/05/2025 15:00:00,23.59,143605.76,,,,,,
4600,07/05/2025 15:05:00,26.51,128163.84,,,,,,
4601,07/05/2025 15:10:00,19.13,83824.64,,,,,,
4602,07/05/2025 15:15:00,19.00,78151.68,,,,,,
4603,07/05/2025 15:20:00,22.73,124641.28,,,,,,
4604,07/05/2025 15:25:00,23.21,103178.24,,,,,,
4605,07/05/2025 15:30:00,16.47,71004.16,,,,,,
4606,07/05/2025 15:35:00,15.91,75243.52,,,,,,
4607,07/05/2025 15:40:00,14.67,65884.16,,,,,,
4608,07/05/2025 15:45:00,14.37,71823.36,,,,,,
4609,07/05/2025 15:50:00,18.32,63037.44,,,,,,
4610,07/05/2025 15:55:00,20.16,81510.40,,,,,,
4611,07/05/2025 16:00:00,18.19,108625.92,,,,,,
4612,07/05/2025 16:05:00,17.93,135495.68,,,,,,
4613,07/05/2025 16:10:00,15.36,64716.80,,,,,,
4614,07/05/2025 16:15:00,13.55,68546.56,,,,,,
4615,07/05/2025 16:20:00,13.64,72949.76,,,,,,
4616,07/05/2025 16:25:00,13.30,81244.16,,,,,,
4617,07/05/2025 16:30:00,15.91,86384.64,,,,,,
4618,07/05/2025 16:35:00,16.99,112640.00,,,,,,
4619,07/05/2025 16:40:00,15.10,45547.52,,,,,,
4620,07/05/2025 16:45:00,15.27,53514.24,,,,,,
4621,07/05/2025 16:50:00,17.54,102195.20,,,,,,
4622,07/05/2025 16:55:00,19.56,103383.04,,,,,,
4623,07/05/2025 17:00:00,20.12,92856.32,,,,,,
4624,07/05/2025 17:05:00,18.66,55234.56,,,,,,
4625,07/05/2025 17:10:00,16.90,90357.76,,,,,,
4626,07/05/2025 17:15:00,17.11,94044.16,,,,,,
4627,07/05/2025 17:20:00,17.72,62341.12,,,,,,
4628,07/05/2025 17:25:00,17.67,64634.88,,,,,,
4629,07/05/2025 17:30:00,17.24,82227.20,,,,,,
4630,07/05/2025 17:35:00,16.73,67665.92,,,,,,
4631,07/05/2025 17:40:00,16.39,85647.36,,,,,,
4632,07/05/2025 17:45:00,16.08,84254.72,,,,,,
4633,07/05/2025 17:50:00,16.13,84541.44,,,,,,
4634,07/05/2025 17:55:00,15.96,83722.24,,,,,,
4635,07/05/2025 18:00:00,15.87,83374.08,,,,,,
4636,07/05/2025 18:05:00,15.70,80916.48,,,,,,
4637,07/05/2025 18:10:00,15.74,79667.20,,,,,,
4638,07/05/2025 18:15:00,15.40,75796.48,,,,,,
4639,07/05/2025 18:20:00,15.40,73175.04,,,,,,
4640,07/05/2025 18:25:00,12.35,71802.88,,,,,,
4641,07/05/2025 18:30:00,12.27,26163.20,,,,,,
4642,07/05/2025 18:35:00,12.95,77701.12,,,,,,
4643,07/05/2025 18:40:00,12.74,38522.88,,,,,,
4644,07/05/2025 18:45:00,12.95,73482.24,,,,,,
4645,07/05/2025 18:50:00,15.06,63569.92,,,,,,
4646,07/05/2025 18:55:00,14.03,59617.28,,,,,,
4647,07/05/2025 19:00:00,13.08,45670.40,,,,,,
4648,07/05/2025 19:05:00,10.94,49377.28,,,,,,
4649,07/05/2025 19:10:00,10.59,33648.64,,,,,,
4650,07/05/2025 19:15:00,7.33,28631.04,,,,,,
4651,07/05/2025 19:20:00,5.02,16640.00,,,,,,
4652,07/05/2025 19:25:00,4.24,17090.56,,,,,,
4653,07/05/2025 19:30:00,3.82,15421.44,,,,,,
4654,07/05/2025 19:35:00,3.56,14269.44,,,,,,
4655,07/05/2025 19:40:00,3.82,16020.48,,,,,,
4656,07/05/2025 19:45:00,3.73,14443.52,,,,,,
4657,07/05/2025 19:50:00,3.52,15733.76,,,,,,
4658,07/05/2025 19:55:00,3.47,13875.20,,,,,,
4659,07/05/2025 20:00:00,3.52,15744.00,,,,,,
4660,07/05/2025 20:05:00,3.60,15211.52,,,,,,
4661,07/05/2025 20:10:00,3.52,15042.56,,,,,,
4662,07/05/2025 20:15:00,3.26,14151.68,,,,,,
4663,07/05/2025 20:20:00,3.04,13936.64,,,,,,
4664,07/05/2025 20:25:00,2.96,14126.08,,,,,,
4665,07/05/2025 20:30:00,2.83,13844.48,,,,,,
4666,07/05/2025 20:35:00,3.00,14407.68,,,,,,
4667,07/05/2025 20:40:00,3.17,14095.36,,,,,,
4668,07/05/2025 20:45:00,3.00,13132.80,,,,,,
4669,07/05/2025 20:50:00,2.91,12723.20,,,,,,
4670,07/05/2025 20:55:00,2.74,10731.52,,,,,,
4671,07/05/2025 21:00:00,2.66,11571.20,,,,,,
4672,07/05/2025 21:05:00,2.91,11054.08,,,,,,
4673,07/05/2025 21:10:00,2.49,10014.72,,,,,,
4674,07/05/2025 21:15:00,2.49,10967.04,,,,,,
4675,07/05/2025 21:20:00,2.74,10880.00,,,,,,
4676,07/05/2025 21:25:00,2.87,10567.68,,,,,,
4677,07/05/2025 21:30:00,2.53,8522.24,,,,,,
4678,07/05/2025 21:35:00,2.14,8522.24,,,,,,
4679,07/05/2025 21:40:00,1.58,6115.84,,,,,,
4680,07/05/2025 21:45:00,0.81,5463.04,,,,,,
4681,07/05/2025 21:50:00,0.30,4981.76,,,,,,
4682,07/05/2025 21:55:00,0.30,5040.64,,,,,,
4683,07/05/2025 22:00:00,0.51,6223.36,,,,,,
4684,07/05/2025 22:05:00,0.47,5242.88,,,,,,
4685,07/05/2025 22:10:00,0.25,4399.36,,,,,,
4686,07/05/2025 22:15:00,-0.05,3816.96,,,,,,
4687,07/05/2025 22:20:00,-0.26,3411.20,,,,,,
4688,07/05/2025 22:25:00,-0.39,2982.40,,,,,,
4689,07/05/2025 22:30:00,-0.52,2546.56,,,,,,
4690,07/05/2025 22:35:00,-0.77,2160.00,,,,,,
4691,07/05/2025 22:40:00,-0.73,1765.12,,,,,,
4692,07/05/2025 22:45:00,-0.82,1488.00,,,,,,
4693,07/05/2025 22:50:00,-0.86,1292.16,,,,,,
4694,07/05/2025 22:55:00,-0.82,993.60,,,,,,
4695,07/05/2025 23:00:00,-0.90,795.20,,,,,,
4696,07/05/2025 23:05:00,-0.95,619.84,,,,,,
4697,07/05/2025 23:10:00,-0.77,470.08,,,,,,
4698,07/05/2025 23:15:00,-0.47,428.16,,,,,,
4699,07/05/2025 23:20:00,0.04,297.12,,,,,,
4700,07/05/2025 23:25:00,0.34,221.84,,,,,,
4701,07/05/2025 23:30:00,0.47,149.92,,,,,,
4702,07/05/2025 23:35:00,0.51,107.52,,,,,,
4703,07/05/2025 23:40:00,0.64,69.60,,,,,,
4704,07/05/2025 23:45:00,0.60,46.36,,,,,,
4705,07/05/2025 23:50:00,0.43,30.17,,,,,,
4706,07/05/2025 23:55:00,0.30,21.07,,,,,,
4707,07/06/2025 00:00:00,0.30,14.83,,,,,,
4708,07/06/2025 00:05:00,0.34,13.16,,,,,,
4709,07/06/2025 00:10:00,0.30,8.02,,,,,,
4710,07/06/2025 00:15:00,0.43,6.37,,,,,,
4711,07/06/2025 00:20:00,0.30,4.52,,,,,,
4712,07/06/2025 00:25:00,0.30,3.70,,,,,,
4713,07/06/2025 00:30:00,0.17,2.87,,,,,,
4714,07/06/2025 00:35:00,-0.17,1.85,,,,,,
4715,07/06/2025 00:40:00,-0.47,1.85,,,,,,
4716,07/06/2025 00:45:00,-0.17,1.43,,,,,,
4717,07/06/2025 00:50:00,-0.09,1.23,,,,,,
4718,07/06/2025 00:55:00,-0.09,1.02,,,,,,
4719,07/06/2025 01:00:00,-0.00,0.82,,,,,,
4720,07/06/2025 01:05:00,-0.13,0.61,,,,,,
4721,07/06/2025 01:10:00,-0.05,0.61,,,,,,
4722,07/06/2025 01:15:00,0.08,0.41,,,,,,
4723,07/06/2025 01:20:00,-0.35,0.20,,,,,,
4724,07/06/2025 01:25:00,-0.77,0.20,,,,,,
4725,07/06/2025 01:30:00,-0.52,0.20,,,,,,
4726,07/06/2025 01:35:00,-0.13,0.20,,,,,,
4727,07/06/2025 01:40:00,0.08,0.20,,,,,,
4728,07/06/2025 01:45:00,0.17,0.20,,,,,,
4729,07/06/2025 01:50:00,0.17,0.20,,,,,,
4730,07/06/2025 01:55:00,0.17,0.20,,,,,,
4731,07/06/2025 02:00:00,0.17,0.00,,,,,,
4732,07/06/2025 02:05:00,0.17,0.00,,,,,,
4733,07/06/2025 02:10:00,0.21,0.00,,,,,,
4734,07/06/2025 02:15:00,0.21,0.00,,,,,,
4735,07/06/2025 02:20:00,0.25,0.00,,,,,,
4736,07/06/2025 02:25:00,0.30,0.00,,,,,,
4737,07/06/2025 02:30:00,0.34,0.20,,,,,,
4738,07/06/2025 02:35:00,0.38,0.00,,,,,,
4739,07/06/2025 02:40:00,0.34,0.20,,,,,,
4740,07/06/2025 02:45:00,0.30,0.20,,,,,,
4741,07/06/2025 02:50:00,0.38,0.20,,,,,,
4742,07/06/2025 02:55:00,0.34,0.20,,,,,,
4743,07/06/2025 03:00:00,0.38,0.41,,,,,,
4744,07/06/2025 03:05:00,0.38,0.61,,,,,,
4745,07/06/2025 03:10:00,0.60,0.61,,,,,,
4746,07/06/2025 03:15:00,0.64,0.61,,,,,,
4747,07/06/2025 03:20:00,0.60,1.02,,,,,,
4748,07/06/2025 03:25:00,0.43,1.43,,,,,,
4749,07/06/2025 03:30:00,0.60,1.85,,,,,,
4750,07/06/2025 03:35:00,0.55,2.46,,,,,,
4751,07/06/2025 03:40:00,0.47,3.49,,,,,,
4752,07/06/2025 03:45:00,0.43,4.73,,,,,,
4753,07/06/2025 03:50:00,0.51,5.96,,,,,,
4754,07/06/2025 03:55:00,0.55,8.84,,,,,,
4755,07/06/2025 04:00:00,0.73,12.54,,,,,,
4756,07/06/2025 04:05:00,0.77,17.73,,,,,,
4757,07/06/2025 04:10:00,0.77,24.78,,,,,,
4758,07/06/2025 04:15:00,0.68,36.40,,,,,,
4759,07/06/2025 04:20:00,0.73,50.06,,,,,,
4760,07/06/2025 04:25:00,0.73,73.62,,,,,,
4761,07/06/2025 04:30:00,0.68,103.32,,,,,,
4762,07/06/2025 04:35:00,0.60,145.60,,,,,,
4763,07/06/2025 04:40:00,0.68,200.48,,,,,,
4764,07/06/2025 04:45:00,0.64,268.32,,,,,,
4765,07/06/2025 04:50:00,0.73,342.72,,,,,,
4766,07/06/2025 04:55:00,0.68,424.00,,,,,,
4767,07/06/2025 05:00:00,0.73,547.04,,,,,,
4768,07/06/2025 05:05:00,0.73,738.24,,,,,,
4769,07/06/2025 05:10:00,0.86,921.92,,,,,,
4770,07/06/2025 05:15:00,0.86,1178.56,,,,,,
4771,07/06/2025 05:20:00,0.98,1428.48,,,,,,
4772,07/06/2025 05:25:00,0.98,1511.68,,,,,,
4773,07/06/2025 05:30:00,1.03,1791.36,,,,,,
4774,07/06/2025 05:35:00,1.03,2046.08,,,,,,
4775,07/06/2025 05:40:00,1.07,2413.44,,,,,,
4776,07/06/2025 05:45:00,1.24,3425.28,,,,,,
4777,07/06/2025 05:50:00,1.50,4441.60,,,,,,
4778,07/06/2025 05:55:00,1.41,4349.44,,,,,,
4779,07/06/2025 06:00:00,1.37,5000.96,,,,,,
4780,07/06/2025 06:05:00,1.33,5224.96,,,,,,
4781,07/06/2025 06:10:00,1.54,5918.72,,,,,,
4782,07/06/2025 06:15:00,1.67,6725.12,,,,,,
4783,07/06/2025 06:20:00,1.67,6776.32,,,,,,
4784,07/06/2025 06:25:00,1.97,9034.24,,,,,,
4785,07/06/2025 06:30:00,2.19,8778.24,,,,,,
4786,07/06/2025 06:35:00,2.27,10967.04,,,,,,
4787,07/06/2025 06:40:00,2.61,12677.12,,,,,,
4788,07/06/2025 06:45:00,3.00,14033.92,,,,,,
4789,07/06/2025 06:50:00,3.00,11448.32,,,,,,
4790,07/06/2025 06:55:00,2.53,11202.56,,,,,,
4791,07/06/2025 07:00:00,2.53,13363.20,,,,,,
4792,07/06/2025 07:05:00,2.61,13091.84,,,,,,
4793,07/06/2025 07:10:00,2.40,11130.88,,,,,,
4794,07/06/2025 07:15:00,2.19,10961.92,,,,,,
4795,07/06/2025 07:20:00,2.40,14161.92,,,,,,
4796,07/06/2025 07:25:00,3.26,21227.52,,,,,,
4797,07/06/2025 07:30:00,4.03,22794.24,,,,,,
4798,07/06/2025 07:35:00,4.24,22640.64,,,,,,
4799,07/06/2025 07:40:00,4.24,21135.36,,,,,,
4800,07/06/2025 07:45:00,4.20,19609.60,,,,,,
4801,07/06/2025 07:50:00,4.16,18826.24,,,,,,
4802,07/06/2025 07:55:00,4.37,21626.88,,,,,,
4803,07/06/2025 08:00:00,4.50,22149.12,,,,,,
4804,07/06/2025 08:05:00,4.50,23726.08,,,,,,
4805,07/06/2025 08:10:00,4.50,22497.28,,,,,,
4806,07/06/2025 08:15:00,4.50,22497.28,,,,,,
4807,07/06/2025 08:20:00,4.29,23183.36,,,,,,
4808,07/06/2025 08:25:00,4.54,25794.56,,,,,,
4809,07/06/2025 08:30:00,4.80,28252.16,,,,,,
4810,07/06/2025 08:35:00,5.06,31395.84,,,,,,
4811,07/06/2025 08:40:00,5.79,33955.84,,,,,,
4812,07/06/2025 08:45:00,5.87,34672.64,,,,,,
4813,07/06/2025 08:50:00,6.52,36638.72,,,,,,
4814,07/06/2025 08:55:00,6.73,35287.04,,,,,,
4815,07/06/2025 09:00:00,6.82,36515.84,,,,,,
4816,07/06/2025 09:05:00,7.20,37007.36,,,,,,
4817,07/06/2025 09:10:00,7.76,39925.76,,,,,,
4818,07/06/2025 09:15:00,7.63,40601.60,,,,,,
4819,07/06/2025 09:20:00,7.55,41441.28,,,,,,
4820,07/06/2025 09:25:00,7.38,40990.72,,,,,,
4821,07/06/2025 09:30:00,7.16,40560.64,,,,,,
4822,07/06/2025 09:35:00,7.25,41574.40,,,,,,
4823,07/06/2025 09:40:00,7.29,43048.96,,,,,,
4824,07/06/2025 09:45:00,7.16,43683.84,,,,,,
4825,07/06/2025 09:50:00,7.55,46551.04,,,,,,
4826,07/06/2025 09:55:00,8.02,48209.92,,,,,,
4827,07/06/2025 10:00:00,8.36,49274.88,,,,,,
4828,07/06/2025 10:05:00,9.01,51302.40,,,,,,
4829,07/06/2025 10:10:00,9.26,52469.76,,,,,,
4830,07/06/2025 10:15:00,9.48,52428.80,,,,,,
4831,07/06/2025 10:20:00,9.35,52920.32,,,,,,
4832,07/06/2025 10:25:00,9.05,54353.92,,,,,,
4833,07/06/2025 10:30:00,9.18,57262.08,,,,,,
4834,07/06/2025 10:35:00,9.35,61214.72,,,,,,
4835,07/06/2025 10:40:00,9.82,62484.48,,,,,,
4836,07/06/2025 10:45:00,10.59,65474.56,,,,,,
4837,07/06/2025 10:50:00,10.85,61788.16,,,,,,
4838,07/06/2025 10:55:00,9.61,59473.92,,,,,,
4839,07/06/2025 11:00:00,9.61,60190.72,,,,,,
4840,07/06/2025 11:05:00,9.48,63057.92,,,,,,
4841,07/06/2025 11:10:00,9.56,63672.32,,,,,,
4842,07/06/2025 11:15:00,9.31,64901.12,,,,,,
4843,07/06/2025 11:20:00,9.31,64901.12,,,,,,
4844,07/06/2025 11:25:00,9.01,63590.40,,,,,,
4845,07/06/2025 11:30:00,8.75,63426.56,,,,,,
4846,07/06/2025 11:35:00,8.62,62300.16,,,,,,
4847,07/06/2025 11:40:00,8.49,59432.96,,,,,,
4848,07/06/2025 11:45:00,8.23,60538.88,,,,,,
4849,07/06/2025 11:50:00,8.15,63979.52,,,,,,
4850,07/06/2025 11:55:00,8.28,66068.48,,,,,,
4851,07/06/2025 12:00:00,8.36,66519.04,,,,,,
4852,07/06/2025 12:05:00,8.45,67481.60,,,,,,
4853,07/06/2025 12:10:00,8.45,69898.24,,,,,,
4854,07/06/2025 12:15:00,8.79,74321.92,,,,,,
4855,07/06/2025 12:20:00,9.31,78336.00,,,,,,
4856,07/06/2025 12:25:00,9.86,79994.88,,,,,,
4857,07/06/2025 12:30:00,9.99,81121.28,,,,,,
4858,07/06/2025 12:35:00,10.38,85155.84,,,,,,
4859,07/06/2025 12:40:00,10.77,87244.80,,,,,,
4860,07/06/2025 12:45:00,11.15,88473.60,,,,,,
4861,07/06/2025 12:50:00,11.19,87162.88,,,,,,
4862,07/06/2025 12:55:00,11.84,94330.88,,,,,,
4863,07/06/2025 13:00:00,11.54,83189.76,,,,,,
4864,07/06/2025 13:05:00,10.55,80384.00,,,,,,
4865,07/06/2025 13:10:00,10.77,87040.00,,,,,,
4866,07/06/2025 13:15:00,11.67,94208.00,,,,,,
4867,07/06/2025 13:20:00,12.40,99491.84,,,,,,
4868,07/06/2025 13:25:00,12.52,98304.00,,,,,,
4869,07/06/2025 13:30:00,13.00,103178.24,,,,,,
4870,07/06/2025 13:35:00,12.82,98672.64,,,,,,
4871,07/06/2025 13:40:00,12.01,91340.80,,,,,,
4872,07/06/2025 13:45:00,11.62,92282.88,,,,,,
4873,07/06/2025 13:50:00,12.22,96706.56,,,,,,
4874,07/06/2025 13:55:00,12.14,94085.12,,,,,,
4875,07/06/2025 14:00:00,11.97,92979.20,,,,,,
4876,07/06/2025 14:05:00,12.22,95354.88,,,,,,
4877,07/06/2025 14:10:00,12.61,95887.36,,,,,,
4878,07/06/2025 14:15:00,13.04,98344.96,,,,,,
4879,07/06/2025 14:20:00,12.65,94371.84,,,,,,
4880,07/06/2025 14:25:00,12.31,95436.80,,,,,,
4881,07/06/2025 14:30:00,11.97,89907.20,,,,,,
4882,07/06/2025 14:35:00,11.37,90152.96,,,,,,
4883,07/06/2025 14:40:00,12.05,100884.48,,,,,,
4884,07/06/2025 14:45:00,12.31,96747.52,,,,,,
4885,07/06/2025 14:50:00,12.18,87408.64,,,,,,
4886,07/06/2025 14:55:00,11.32,86630.40,,,,,,
4887,07/06/2025 15:00:00,11.41,91422.72,,,,,,
4888,07/06/2025 15:05:00,11.32,85524.48,,,,,,
4889,07/06/2025 15:10:00,11.24,87941.12,,,,,,
4890,07/06/2025 15:15:00,11.92,93388.80,,,,,,
4891,07/06/2025 15:20:00,11.92,89620.48,,,,,,
4892,07/06/2025 15:25:00,12.05,92569.60,,,,,,
4893,07/06/2025 15:30:00,13.12,104325.12,,,,,,
4894,07/06/2025 15:35:00,14.50,106864.64,,,,,,
4895,07/06/2025 15:40:00,12.87,89333.76,,,,,,
4896,07/06/2025 15:45:00,11.67,94658.56,,,,,,
4897,07/06/2025 15:50:00,9.69,66211.84,,,,,,
4898,07/06/2025 15:55:00,8.66,67276.80,,,,,,
4899,07/06/2025 16:00:00,8.41,70144.00,,,,,,
4900,07/06/2025 16:05:00,8.32,70451.20,,,,,,
4901,07/06/2025 16:10:00,8.36,73297.92,,,,,,
4902,07/06/2025 16:15:00,8.41,75489.28,,,,,,
4903,07/06/2025 16:20:00,9.31,83804.16,,,,,,
4904,07/06/2025 16:25:00,9.95,87203.84,,,,,,
4905,07/06/2025 16:30:00,9.56,78807.04,,,,,,
4906,07/06/2025 16:35:00,9.05,74547.20,,,,,,
4907,07/06/2025 16:40:00,8.66,78602.24,,,,,,
4908,07/06/2025 16:45:00,9.09,75386.88,,,,,,
4909,07/06/2025 16:50:00,8.88,71802.88,,,,,,
4910,07/06/2025 16:55:00,9.09,77455.36,,,,,,
4911,07/06/2025 17:00:00,9.26,81551.36,,,,,,
4912,07/06/2025 17:05:00,8.53,66293.76,,,,,,
4913,07/06/2025 17:10:00,8.79,72642.56,,,,,,
4914,07/06/2025 17:15:00,9.52,74035.20,,,,,,
4915,07/06/2025 17:20:00,8.66,67276.80,,,,,,
4916,07/06/2025 17:25:00,8.92,71495.68,,,,,,
4917,07/06/2025 17:30:00,8.28,61255.68,,,,,,
4918,07/06/2025 17:35:00,7.76,61788.16,,,,,,
4919,07/06/2025 17:40:00,7.50,60375.04,,,,,,
4920,07/06/2025 17:45:00,7.38,60887.04,,,,,,
4921,07/06/2025 17:50:00,7.16,54988.80,,,,,,
4922,07/06/2025 17:55:00,6.73,53903.36,,,,,,
4923,07/06/2025 18:00:00,7.16,54620.16,,,,,,
4924,07/06/2025 18:05:00,6.56,49377.28,,,,,,
4925,07/06/2025 18:10:00,6.43,52510.72,,,,,,
4926,07/06/2025 18:15:00,6.78,52408.32,,,,,,
4927,07/06/2025 18:20:00,6.43,47022.08,,,,,,
4928,07/06/2025 18:25:00,6.00,46100.48,,,,,,
4929,07/06/2025 18:30:00,6.13,47902.72,,,,,,
4930,07/06/2025 18:35:00,6.17,46776.32,,,,,,
4931,07/06/2025 18:40:00,6.09,45178.88,,,,,,
4932,07/06/2025 18:45:00,5.75,43560.96,,,,,,
4933,07/06/2025 18:50:00,5.62,38563.84,,,,,,
4934,07/06/2025 18:55:00,5.27,39188.48,,,,,,
4935,07/06/2025 19:00:00,5.10,37201.92,,,,,,
4936,07/06/2025 19:05:00,5.27,38952.96,,,,,,
4937,07/06/2025 19:10:00,5.36,36085.76,,,,,,
4938,07/06/2025 19:15:00,4.80,29501.44,,,,,,
4939,07/06/2025 19:20:00,4.63,31692.80,,,,,,
4940,07/06/2025 19:25:00,3.99,25579.52,,,,,,
4941,07/06/2025 19:30:00,4.80,38901.76,,,,,,
4942,07/06/2025 19:35:00,4.29,25968.64,,,,,,
4943,07/06/2025 19:40:00,5.06,34836.48,,,,,,
4944,07/06/2025 19:45:00,4.29,22947.84,,,,,,
4945,07/06/2025 19:50:00,3.86,24330.24,,,,,,
4946,07/06/2025 19:55:00,3.47,20218.88,,,,,,
4947,07/06/2025 20:00:00,3.47,23019.52,,,,,,
4948,07/06/2025 20:05:00,3.60,22855.68,,,,,,
4949,07/06/2025 20:10:00,3.34,19619.84,,,,,,
4950,07/06/2025 20:15:00,2.61,12584.96,,,,,,
4951,07/06/2025 20:20:00,2.27,12513.28,,,,,,
4952,07/06/2025 20:25:00,2.27,12533.76,,,,,,
4953,07/06/2025 20:30:00,2.06,10818.56,,,,,,
4954,07/06/2025 20:35:00,1.97,12231.68,,,,,,
4955,07/06/2025 20:40:00,2.06,13378.56,,,,,,
4956,07/06/2025 20:45:00,2.36,14812.16,,,,,,
4957,07/06/2025 20:50:00,2.36,14269.44,,,,,,
4958,07/06/2025 20:55:00,2.27,13839.36,,,,,,
4959,07/06/2025 21:00:00,2.10,12743.68,,,,,,
4960,07/06/2025 21:05:00,1.93,11187.20,,,,,,
4961,07/06/2025 21:10:00,1.84,10127.36,,,,,,
4962,07/06/2025 21:15:00,1.71,8875.52,,,,,,
4963,07/06/2025 21:20:00,1.67,8079.36,,,,,,
4964,07/06/2025 21:25:00,1.84,9013.76,,,,,,
4965,07/06/2025 21:30:00,1.76,8015.36,,,,,,
4966,07/06/2025 21:35:00,1.67,6822.40,,,,,,
4967,07/06/2025 21:40:00,1.37,5347.84,,,,,,
4968,07/06/2025 21:45:00,1.46,5463.04,,,,,,
4969,07/06/2025 21:50:00,1.41,4550.40,,,,,,
4970,07/06/2025 21:55:00,1.24,3605.76,,,,,,
4971,07/06/2025 22:00:00,0.94,3454.72,,,,,,
4972,07/06/2025 22:05:00,0.90,2883.84,,,,,,
4973,07/06/2025 22:10:00,0.90,2777.60,,,,,,
4974,07/06/2025 22:15:00,0.77,2535.04,,,,,,
4975,07/06/2025 22:20:00,0.64,2148.48,,,,,,
4976,07/06/2025 22:25:00,0.43,1793.28,,,,,,
4977,07/06/2025 22:30:00,0.43,1552.64,,,,,,
4978,07/06/2025 22:35:00,0.38,1476.48,,,,,,
4979,07/06/2025 22:40:00,0.34,1259.20,,,,,,
4980,07/06/2025 22:45:00,0.34,984.64,,,,,,
4981,07/06/2025 22:50:00,0.34,720.96,,,,,,
4982,07/06/2025 22:55:00,0.21,646.88,,,,,,
4983,07/06/2025 23:00:00,0.17,581.44,,,,,,
4984,07/06/2025 23:05:00,0.21,480.80,,,,,,
4985,07/06/2025 23:10:00,0.13,380.64,,,,,,
4986,07/06/2025 23:15:00,0.13,280.48,,,,,,
4987,07/06/2025 23:20:00,0.08,195.12,,,,,,
4988,07/06/2025 23:25:00,0.08,144.64,,,,,,
4989,07/06/2025 23:30:00,0.04,93.44,,,,,,
4990,07/06/2025 23:35:00,0.08,60.70,,,,,,
4991,07/06/2025 23:40:00,0.13,43.38,,,,,,
4992,07/06/2025 23:45:00,0.17,27.24,,,,,,
4993,07/06/2025 23:50:00,0.08,21.49,,,,,,
4994,07/06/2025 23:55:00,0.04,17.91,,,,,,
4995,07/07/2025 00:00:00,-0.00,12.54,,,,,,
4996,07/07/2025 00:05:00,0.08,8.43,,,,,,
4997,07/07/2025 00:10:00,-0.00,6.37,,,,,,
4998,07/07/2025 00:15:00,-0.00,5.14,,,,,,
4999,07/07/2025 00:20:00,0.04,3.49,,,,,,
5000,07/07/2025 00:25:00,-0.00,2.26,,,,,,
5001,07/07/2025 00:30:00,-0.05,1.64,,,,,,
5002,07/07/2025 00:35:00,-0.00,1.02,,,,,,
5003,07/07/2025 00:40:00,0.08,0.82,,,,,,
5004,07/07/2025 00:45:00,-0.05,0.61,,,,,,
5005,07/07/2025 00:50:00,-0.05,0.41,,,,,,
5006,07/07/2025 00:55:00,-0.09,0.20,,,,,,
5007,07/07/2025 01:00:00,-0.13,0.20,,,,,,
5008,07/07/2025 01:05:00,-0.13,0.00,,,,,,
5009,07/07/2025 01:10:00,-0.13,0.00,,,,,,
5010,07/07/2025 01:15:00,-0.17,0.00,,,,,,
5011,07/07/2025 01:20:00,-0.22,0.00,,,,,,
5012,07/07/2025 01:25:00,-0.17,0.00,,,,,,
5013,07/07/2025 01:30:00,-0.13,0.00,,,,,,
5014,07/07/2025 01:35:00,-0.17,0.00,,,,,,
5015,07/07/2025 01:40:00,-0.17,0.00,,,,,,
5016,07/07/2025 01:45:00,-0.09,0.00,,,,,,
5017,07/07/2025 01:50:00,-0.13,0.00,,,,,,
5018,07/07/2025 01:55:00,-0.17,0.00,,,,,,
5019,07/07/2025 02:00:00,-0.26,0.00,,,,,,
5020,07/07/2025 02:05:00,-0.26,0.00,,,,,,
5021,07/07/2025 02:10:00,-0.26,0.00,,,,,,
5022,07/07/2025 02:15:00,-0.22,0.00,,,,,,
5023,07/07/2025 02:20:00,-0.26,0.00,,,,,,
5024,07/07/2025 02:25:00,-0.30,0.00,,,,,,
5025,07/07/2025 02:30:00,-0.26,0.00,,,,,,
5026,07/07/2025 02:35:00,-0.26,0.00,,,,,,
5027,07/07/2025 02:40:00,-0.22,0.00,,,,,,
5028,07/07/2025 02:45:00,-0.22,0.00,,,,,,
5029,07/07/2025 02:50:00,-0.30,0.00,,,,,,
5030,07/07/2025 02:55:00,-0.26,0.00,,,,,,
5031,07/07/2025 03:00:00,-0.26,0.20,,,,,,
5032,07/07/2025 03:05:00,-0.22,0.20,,,,,,
5033,07/07/2025 03:10:00,-0.22,0.20,,,,,,
5034,07/07/2025 03:15:00,-0.22,0.41,,,,,,
5035,07/07/2025 03:20:00,-0.35,1.23,,,,,,
5036,07/07/2025 03:25:00,-0.30,0.82,,,,,,
5037,07/07/2025 03:30:00,-0.30,1.23,,,,,,
5038,07/07/2025 03:35:00,-0.26,1.85,,,,,,
5039,07/07/2025 03:40:00,-0.26,2.26,,,,,,
5040,07/07/2025 03:45:00,-0.30,3.08,,,,,,
5041,07/07/2025 03:50:00,-0.30,4.11,,,,,,
5042,07/07/2025 03:55:00,-0.35,5.75,,,,,,
5043,07/07/2025 04:00:00,-0.30,7.81,,,,,,
5044,07/07/2025 04:05:00,-0.30,11.10,,,,,,
5045,07/07/2025 04:10:00,-0.30,17.71,,,,,,
5046,07/07/2025 04:15:00,-0.30,28.12,,,,,,
5047,07/07/2025 04:20:00,-0.30,40.92,,,,,,
5048,07/07/2025 04:25:00,-0.30,55.42,,,,,,
5049,07/07/2025 04:30:00,-0.35,76.08,,,,,,
5050,07/07/2025 04:35:00,-0.35,110.72,,,,,,
5051,07/07/2025 04:40:00,-0.39,147.96,,,,,,
5052,07/07/2025 04:45:00,-0.39,210.16,,,,,,
5053,07/07/2025 04:50:00,-0.39,286.24,,,,,,
5054,07/07/2025 04:55:00,-0.39,408.00,,,,,,
5055,07/07/2025 05:00:00,-0.47,473.28,,,,,,
5056,07/07/2025 05:05:00,-0.56,623.04,,,,,,
5057,07/07/2025 05:10:00,-0.60,765.76,,,,,,
5058,07/07/2025 05:15:00,-0.47,975.36,,,,,,
5059,07/07/2025 05:20:00,-0.35,1260.80,,,,,,
5060,07/07/2025 05:25:00,-0.39,1384.32,,,,,,
5061,07/07/2025 05:30:00,-0.35,1650.56,,,,,,
5062,07/07/2025 05:35:00,-0.30,1944.32,,,,,,
5063,07/07/2025 05:40:00,-0.35,2279.68,,,,,,
5064,07/07/2025 05:45:00,-0.30,3000.32,,,,,,
5065,07/07/2025 05:50:00,-0.17,3767.04,,,,,,
5066,07/07/2025 05:55:00,-0.09,4362.24,,,,,,
5067,07/07/2025 06:00:00,-0.00,4915.20,,,,,,
5068,07/07/2025 06:05:00,0.08,5478.40,,,,,,
5069,07/07/2025 06:10:00,0.13,5762.56,,,,,,
5070,07/07/2025 06:15:00,0.08,5813.76,,,,,,
5071,07/07/2025 06:20:00,-0.00,5483.52,,,,,,
5072,07/07/2025 06:25:00,-0.05,5514.24,,,,,,
5073,07/07/2025 06:30:00,-0.00,6177.28,,,,,,
5074,07/07/2025 06:35:00,-0.00,6622.72,,,,,,
5075,07/07/2025 06:40:00,-0.00,6330.88,,,,,,
5076,07/07/2025 06:45:00,-0.00,6499.84,,,,,,
5077,07/07/2025 06:50:00,-0.05,6901.76,,,,,,
5078,07/07/2025 06:55:00,0.04,7953.92,,,,,,
5079,07/07/2025 07:00:00,0.17,8263.68,,,,,,
5080,07/07/2025 07:05:00,0.21,9994.24,,,,,,
5081,07/07/2025 07:10:00,0.68,13219.84,,,,,,
5082,07/07/2025 07:15:00,1.16,14556.16,,,,,,
5083,07/07/2025 07:20:00,1.07,12764.16,,,,,,
5084,07/07/2025 07:25:00,0.98,13102.08,,,,,,
5085,07/07/2025 07:30:00,1.46,19056.64,,,,,,
5086,07/07/2025 07:35:00,2.40,28446.72,,,,,,
5087,07/07/2025 07:40:00,3.17,32020.48,,,,,,
5088,07/07/2025 07:45:00,3.26,29204.48,,,,,,
5089,07/07/2025 07:50:00,3.13,28252.16,,,,,,
5090,07/07/2025 07:55:00,3.00,27770.88,,,,,,
5091,07/07/2025 08:00:00,2.83,26531.84,,,,,,
5092,07/07/2025 08:05:00,2.79,26777.60,,,,,,
5093,07/07/2025 08:10:00,2.87,27596.80,,,,,,
5094,07/07/2025 08:15:00,3.00,26480.64,,,,,,
5095,07/07/2025 08:20:00,2.83,24053.76,,,,,,
5096,07/07/2025 08:25:00,2.49,20961.28,,,,,,
5097,07/07/2025 08:30:00,2.31,21688.32,,,,,,
5098,07/07/2025 08:35:00,2.66,26695.68,,,,,,
5099,07/07/2025 08:40:00,3.04,27340.80,,,,,,
5100,07/07/2025 08:45:00,3.39,31662.08,,,,,,
5101,07/07/2025 08:50:00,4.63,39741.44,,,,,,
5102,07/07/2025 08:55:00,5.15,39096.32,,,,,,
5103,07/07/2025 09:00:00,6.26,43151.36,,,,,,
5104,07/07/2025 09:05:00,6.95,41195.52,,,,,,
5105,07/07/2025 09:10:00,7.25,44851.20,,,,,,
5106,07/07/2025 09:15:00,8.06,39792.64,,,,,,
5107,07/07/2025 09:20:00,8.02,46080.00,,,,,,
5108,07/07/2025 09:25:00,7.29,46960.64,,,,,,
5109,07/07/2025 09:30:00,9.26,53841.92,,,,,,
5110,07/07/2025 09:35:00,9.39,44032.00,,,,,,
5111,07/07/2025 09:40:00,7.85,32040.96,,,,,,
5112,07/07/2025 09:45:00,7.89,48066.56,,,,,,
5113,07/07/2025 09:50:00,7.68,39813.12,,,,,,
5114,07/07/2025 09:55:00,8.62,51630.08,,,,,,
5115,07/07/2025 10:00:00,8.75,43335.68,,,,,,
5116,07/07/2025 10:05:00,9.05,59617.28,,,,,,
5117,07/07/2025 10:10:00,13.55,78970.88,,,,,,
5118,07/07/2025 10:15:00,13.25,56688.64,,,,,,
5119,07/07/2025 10:20:00,11.58,51957.76,,,,,,
5120,07/07/2025 10:25:00,13.55,66088.96,,,,,,
5121,07/07/2025 10:30:00,14.84,74301.44,,,,,,
5122,07/07/2025 10:35:00,14.54,76124.16,,,,,,
5123,07/07/2025 10:40:00,13.51,70512.64,,,,,,
5124,07/07/2025 10:45:00,12.22,64409.60,,,,,,
5125,07/07/2025 10:50:00,12.01,70778.88,,,,,,
5126,07/07/2025 10:55:00,13.98,68853.76,,,,,,
5127,07/07/2025 11:00:00,14.54,76124.16,,,,,,
5128,07/07/2025 11:05:00,14.93,70225.92,,,,,,
5129,07/07/2025 11:10:00,15.31,76902.40,,,,,,
5130,07/07/2025 11:15:00,15.48,73666.56,,,,,,
5131,07/07/2025 11:20:00,15.66,78970.88,,,,,,
5132,07/07/2025 11:25:00,18.32,98549.76,,,,,,
5133,07/07/2025 11:30:00,17.11,68587.52,,,,,,
5134,07/07/2025 11:35:00,16.99,83189.76,,,,,,
5135,07/07/2025 11:40:00,16.51,82759.68,,,,,,
5136,07/07/2025 11:45:00,15.66,78540.80,,,,,,
5137,07/07/2025 11:50:00,15.48,84910.08,,,,,,
5138,07/07/2025 11:55:00,15.91,86630.40,,,,,,
5139,07/07/2025 12:00:00,16.04,86261.76,,,,,,
5140,07/07/2025 12:05:00,15.74,83619.84,,,,,,
5141,07/07/2025 12:10:00,16.51,82227.20,,,,,,
5142,07/07/2025 12:15:00,17.03,95764.48,,,,,,
5143,07/07/2025 12:20:00,18.62,91054.08,,,,,,
5144,07/07/2025 12:25:00,18.23,87613.44,,,,,,
5145,07/07/2025 12:30:00,17.07,82268.16,,,,,,
5146,07/07/2025 12:35:00,13.64,75898.88,,,,,,
5147,07/07/2025 12:40:00,13.51,71086.08,,,,,,
5148,07/07/2025 12:45:00,14.24,93511.68,,,,,,
5149,07/07/2025 12:50:00,14.33,75796.48,,,,,,
5150,07/07/2025 12:55:00,14.15,89579.52,,,,,,
5151,07/07/2025 13:00:00,16.47,97075.20,,,,,,
5152,07/07/2025 13:05:00,16.94,101416.96,,,,,,
5153,07/07/2025 13:10:00,15.31,87162.88,,,,,,
5154,07/07/2025 13:15:00,14.11,97894.40,,,,,,
5155,07/07/2025 13:20:00,16.30,109322.24,,,,,,
5156,07/07/2025 13:25:00,16.39,104366.08,,,,,,
5157,07/07/2025 13:30:00,16.56,94248.96,,,,,,
5158,07/07/2025 13:35:00,15.14,91914.24,,,,,,
5159,07/07/2025 13:40:00,15.57,94453.76,,,,,,
5160,07/07/2025 13:45:00,15.48,98549.76,,,,,,
5161,07/07/2025 13:50:00,17.07,104816.64,,,,,,
5162,07/07/2025 13:55:00,17.41,96378.88,,,,,,
5163,07/07/2025 14:00:00,17.46,100597.76,,,,,,
5164,07/07/2025 14:05:00,17.76,105758.72,,,,,,
5165,07/07/2025 14:10:00,16.94,89169.92,,,,,,
5166,07/07/2025 14:15:00,16.08,92897.28,,,,,,
5167,07/07/2025 14:20:00,15.96,88965.12,,,,,,
5168,07/07/2025 14:25:00,15.70,86671.36,,,,,,
5169,07/07/2025 14:30:00,15.70,97648.64,,,,,,
5170,07/07/2025 14:35:00,17.37,100474.88,,,,,,
5171,07/07/2025 14:40:00,17.80,102236.16,,,,,,
5172,07/07/2025 14:45:00,18.53,97361.92,,,,,,
5173,07/07/2025 14:50:00,18.40,94289.92,,,,,,
5174,07/07/2025 14:55:00,18.02,95518.72,,,,,,
5175,07/07/2025 15:00:00,18.36,97894.40,,,,,,
5176,07/07/2025 15:05:00,18.96,93757.44,,,,,,
5177,07/07/2025 15:10:00,18.62,94208.00,,,,,,
5178,07/07/2025 15:15:00,19.95,88965.12,,,,,,
5179,07/07/2025 15:20:00,20.85,104325.12,,,,,,
5180,07/07/2025 15:25:00,24.11,108912.64,,,,,,
5181,07/07/2025 15:30:00,25.09,92569.60,,,,,,
5182,07/07/2025 15:35:00,24.84,100188.16,,,,,,
5183,07/07/2025 15:40:00,22.86,88842.24,,,,,,
5184,07/07/2025 15:45:00,20.89,82329.60,,,,,,
5185,07/07/2025 15:50:00,20.16,86466.56,,,,,,
5186,07/07/2025 15:55:00,22.31,109813.76,,,,,,
5187,07/07/2025 16:00:00,22.56,102440.96,,,,,,
5188,07/07/2025 16:05:00,23.12,73912.32,,,,,,
5189,07/07/2025 16:10:00,20.20,86097.92,,,,,,
5190,07/07/2025 16:15:00,19.09,76697.60,,,,,,
5191,07/07/2025 16:20:00,19.95,96993.28,,,,,,
5192,07/07/2025 16:25:00,16.51,64409.60,,,,,,
5193,07/07/2025 16:30:00,17.72,81305.60,,,,,,
5194,07/07/2025 16:35:00,19.47,89825.28,,,,,,
5195,07/07/2025 16:40:00,19.09,93184.00,,,,,,
5196,07/07/2025 16:45:00,17.46,69201.92,,,,,,
5197,07/07/2025 16:50:00,11.19,47329.28,,,,,,
5198,07/07/2025 16:55:00,11.49,70676.48,,,,,,
5199,07/07/2025 17:00:00,15.14,78417.92,,,,,,
5200,07/07/2025 17:05:00,15.53,78561.28,,,,,,
5201,07/07/2025 17:10:00,16.51,65085.44,,,,,,
5202,07/07/2025 17:15:00,14.03,67297.28,,,,,,
5203,07/07/2025 17:20:00,16.30,86179.84,,,,,,
5204,07/07/2025 17:25:00,16.30,80506.88,,,,,,
5205,07/07/2025 17:30:00,16.64,76492.80,,,,,,
5206,07/07/2025 17:35:00,16.81,88924.16,,,,,,
5207,07/07/2025 17:40:00,17.46,92160.00,,,,,,
5208,07/07/2025 17:45:00,16.34,76963.84,,,,,,
5209,07/07/2025 17:50:00,15.61,69386.24,,,,,,
5210,07/07/2025 17:55:00,13.94,61542.40,,,,,,
5211,07/07/2025 18:00:00,15.44,71741.44,,,,,,
5212,07/07/2025 18:05:00,14.93,71557.12,,,,,,
5213,07/07/2025 18:10:00,14.84,71536.64,,,,,,
5214,07/07/2025 18:15:00,15.01,66703.36,,,,,,
5215,07/07/2025 18:20:00,14.03,64040.96,,,,,,
5216,07/07/2025 18:25:00,13.64,64081.92,,,,,,
5217,07/07/2025 18:30:00,12.44,57200.64,,,,,,
5218,07/07/2025 18:35:00,14.15,73175.04,,,,,,
5219,07/07/2025 18:40:00,13.64,59248.64,,,,,,
5220,07/07/2025 18:45:00,11.62,46592.00,,,,,,
5221,07/07/2025 18:50:00,9.61,40417.28,,,,,,
5222,07/07/2025 18:55:00,8.58,43806.72,,,,,,
5223,07/07/2025 19:00:00,7.76,42209.28,,,,,,
5224,07/07/2025 19:05:00,8.28,41379.84,,,,,,
5225,07/07/2025 19:10:00,7.08,33638.40,,,,,,
5226,07/07/2025 19:15:00,6.86,34938.88,,,,,,
5227,07/07/2025 19:20:00,7.03,35522.56,,,,,,
5228,07/07/2025 19:25:00,7.63,37652.48,,,,,,
5229,07/07/2025 19:30:00,8.02,33454.08,,,,,,
5230,07/07/2025 19:35:00,8.71,37273.60,,,,,,
5231,07/07/2025 19:40:00,8.36,32399.36,,,,,,
5232,07/07/2025 19:45:00,7.25,31518.72,,,,,,
5233,07/07/2025 19:50:00,6.48,28241.92,,,,,,
5234,07/07/2025 19:55:00,5.92,29460.48,,,,,,
5235,07/07/2025 20:00:00,6.52,29675.52,,,,,,
5236,07/07/2025 20:05:00,5.23,21923.84,,,,,,
5237,07/07/2025 20:10:00,4.29,21493.76,,,,,,
5238,07/07/2025 20:15:00,4.16,21422.08,,,,,,
5239,07/07/2025 20:20:00,3.60,18365.44,,,,,,
5240,07/07/2025 20:25:00,3.21,15339.52,,,,,,
5241,07/07/2025 20:30:00,2.83,14417.92,,,,,,
5242,07/07/2025 20:35:00,2.66,12554.24,,,,,,
5243,07/07/2025 20:40:00,2.74,12231.68,,,,,,
5244,07/07/2025 20:45:00,2.74,11878.40,,,,,,
5245,07/07/2025 20:50:00,2.74,13137.92,,,,,,
5246,07/07/2025 20:55:00,3.21,16522.24,,,,,,
5247,07/07/2025 21:00:00,4.20,17679.36,,,,,,
5248,07/07/2025 21:05:00,4.63,14576.64,,,,,,
5249,07/07/2025 21:10:00,3.73,10421.76,,,,,,
5250,07/07/2025 21:15:00,2.70,9067.52,,,,,,
5251,07/07/2025 21:20:00,2.14,8691.20,,,,,,
5252,07/07/2025 21:25:00,1.93,8330.24,,,,,,
5253,07/07/2025 21:30:00,1.88,7936.00,,,,,,
5254,07/07/2025 21:35:00,1.84,7001.60,,,,,,
5255,07/07/2025 21:40:00,1.93,6901.76,,,,,,
5256,07/07/2025 21:45:00,1.93,5898.24,,,,,,
5257,07/07/2025 21:50:00,1.80,5309.44,,,,,,
5258,07/07/2025 21:55:00,1.84,5501.44,,,,,,
5259,07/07/2025 22:00:00,1.88,4753.92,,,,,,
5260,07/07/2025 22:05:00,1.67,3921.92,,,,,,
5261,07/07/2025 22:10:00,1.63,3685.12,,,,,,
5262,07/07/2025 22:15:00,1.50,2865.92,,,,,,
5263,07/07/2025 22:20:00,1.24,2428.16,,,,,,
5264,07/07/2025 22:25:00,1.28,2322.56,,,,,,
5265,07/07/2025 22:30:00,1.20,1929.60,,,,,,
5266,07/07/2025 22:35:00,1.07,1548.16,,,,,,
5267,07/07/2025 22:40:00,0.90,1228.80,,,,,,
5268,07/07/2025 22:45:00,0.64,1076.80,,,,,,
5269,07/07/2025 22:50:00,0.51,983.68,,,,,,
5270,07/07/2025 22:55:00,0.47,807.68,,,,,,
5271,07/07/2025 23:00:00,0.60,602.08,,,,,,
5272,07/07/2025 23:05:00,0.43,453.12,,,,,,
5273,07/07/2025 23:10:00,0.34,350.72,,,,,,
5274,07/07/2025 23:15:00,0.30,227.44,,,,,,
5275,07/07/2025 23:20:00,0.21,159.56,,,,,,
5276,07/07/2025 23:25:00,0.17,111.56,,,,,,
5277,07/07/2025 23:30:00,0.13,81.12,,,,,,
5278,07/07/2025 23:35:00,0.17,58.24,,,,,,
5279,07/07/2025 23:40:00,0.13,39.28,,,,,,
5280,07/07/2025 23:45:00,0.08,26.01,,,,,,
5281,07/07/2025 23:50:00,0.13,17.50,,,,,,
5282,07/07/2025 23:55:00,0.08,12.95,,,,,,
5283,07/08/2025 00:00:00,0.13,9.25,,,,,,
5284,07/08/2025 00:05:00,0.04,6.78,,,,,,
5285,07/08/2025 00:10:00,0.04,5.14,,,,,,
5286,07/08/2025 00:15:00,0.13,3.90,,,,,,
5287,07/08/2025 00:20:00,0.04,3.08,,,,,,
5288,07/08/2025 00:25:00,0.04,2.46,,,,,,
5289,07/08/2025 00:30:00,0.04,1.64,,,,,,
5290,07/08/2025 00:35:00,0.13,1.23,,,,,,
5291,07/08/2025 00:40:00,0.17,0.82,,,,,,
5292,07/08/2025 00:45:00,0.13,0.61,,,,,,
5293,07/08/2025 00:50:00,0.13,0.41,,,,,,
5294,07/08/2025 00:55:00,0.13,0.82,,,,,,
5295,07/08/2025 01:00:00,0.13,0.20,,,,,,
5296,07/08/2025 01:05:00,0.13,0.00,,,,,,
5297,07/08/2025 01:10:00,0.17,0.61,,,,,,
5298,07/08/2025 01:15:00,0.13,0.00,,,,,,
5299,07/08/2025 01:20:00,0.17,0.00,,,,,,
5300,07/08/2025 01:25:00,0.17,0.00,,,,,,
5301,07/08/2025 01:30:00,0.13,0.00,,,,,,
5302,07/08/2025 01:35:00,0.17,0.00,,,,,,
5303,07/08/2025 01:40:00,0.13,0.00,,,,,,
5304,07/08/2025 01:45:00,0.17,0.00,,,,,,
5305,07/08/2025 01:50:00,0.17,0.00,,,,,,
5306,07/08/2025 01:55:00,0.17,0.00,,,,,,
5307,07/08/2025 02:00:00,0.17,0.00,,,,,,
5308,07/08/2025 02:05:00,0.21,0.00,,,,,,
5309,07/08/2025 02:10:00,0.17,0.00,,,,,,
5310,07/08/2025 02:15:00,0.17,0.00,,,,,,
5311,07/08/2025 02:20:00,0.21,0.00,,,,,,
5312,07/08/2025 02:25:00,0.21,0.00,,,,,,
5313,07/08/2025 02:30:00,0.17,0.00,,,,,,
5314,07/08/2025 02:35:00,0.13,0.00,,,,,,
5315,07/08/2025 02:40:00,0.13,0.00,,,,,,
5316,07/08/2025 02:45:00,0.21,0.00,,,,,,
5317,07/08/2025 02:50:00,0.17,0.00,,,,,,
5318,07/08/2025 02:55:00,0.17,0.00,,,,,,
5319,07/08/2025 03:00:00,0.17,0.00,,,,,,
5320,07/08/2025 03:05:00,0.13,0.00,,,,,,
5321,07/08/2025 03:10:00,0.08,0.00,,,,,,
5322,07/08/2025 03:15:00,0.13,0.00,,,,,,
5323,07/08/2025 03:20:00,0.13,0.20,,,,,,
5324,07/08/2025 03:25:00,0.13,0.20,,,,,,
5325,07/08/2025 03:30:00,0.08,0.41,,,,,,
5326,07/08/2025 03:35:00,0.13,0.82,,,,,,
5327,07/08/2025 03:40:00,0.13,1.43,,,,,,
5328,07/08/2025 03:45:00,0.13,1.85,,,,,,
5329,07/08/2025 03:50:00,0.08,2.67,,,,,,
5330,07/08/2025 03:55:00,0.08,3.70,,,,,,
5331,07/08/2025 04:00:00,0.08,5.34,,,,,,
5332,07/08/2025 04:05:00,0.08,8.02,,,,,,
5333,07/08/2025 04:10:00,0.04,11.51,,,,,,
5334,07/08/2025 04:15:00,0.13,16.06,,,,,,
5335,07/08/2025 04:20:00,0.08,21.07,,,,,,
5336,07/08/2025 04:25:00,0.13,28.12,,,,,,
5337,07/08/2025 04:30:00,0.08,39.69,,,,,,
5338,07/08/2025 04:35:00,0.13,59.84,,,,,,
5339,07/08/2025 04:40:00,0.08,82.64,,,,,,
5340,07/08/2025 04:45:00,0.17,115.68,,,,,,
5341,07/08/2025 04:50:00,0.04,157.92,,,,,,
5342,07/08/2025 04:55:00,0.13,210.96,,,,,,
5343,07/08/2025 05:00:00,0.13,267.92,,,,,,
5344,07/08/2025 05:05:00,0.17,327.52,,,,,,
5345,07/08/2025 05:10:00,0.17,402.72,,,,,,
5346,07/08/2025 05:15:00,0.13,496.32,,,,,,
5347,07/08/2025 05:20:00,0.08,563.84,,,,,,
5348,07/08/2025 05:25:00,0.04,586.08,,,,,,
5349,07/08/2025 05:30:00,0.04,608.64,,,,,,
5350,07/08/2025 05:35:00,0.08,625.12,,,,,,
5351,07/08/2025 05:40:00,-0.00,682.88,,,,,,
5352,07/08/2025 05:45:00,-0.00,708.48,,,,,,
5353,07/08/2025 05:50:00,-0.05,813.44,,,,,,
5354,07/08/2025 05:55:00,-0.13,946.56,,,,,,
5355,07/08/2025 06:00:00,-0.22,1108.80,,,,,,
5356,07/08/2025 06:05:00,-0.26,1325.44,,,,,,
5357,07/08/2025 06:10:00,-0.35,1482.88,,,,,,
5358,07/08/2025 06:15:00,-0.39,1728.64,,,,,,
5359,07/08/2025 06:20:00,-0.39,1891.84,,,,,,
5360,07/08/2025 06:25:00,-0.43,2263.68,,,,,,
5361,07/08/2025 06:30:00,-0.52,2602.24,,,,,,
5362,07/08/2025 06:35:00,-0.52,3153.92,,,,,,
5363,07/08/2025 06:40:00,-0.52,3526.40,,,,,,
5364,07/08/2025 06:45:00,-0.47,3930.88,,,,,,
5365,07/08/2025 06:50:00,-0.39,4152.32,,,,,,
5366,07/08/2025 06:55:00,-0.39,4408.32,,,,,,
5367,07/08/2025 07:00:00,-0.35,4766.72,,,,,,
5368,07/08/2025 07:05:00,-0.30,5273.60,,,,,,
5369,07/08/2025 07:10:00,-0.26,5783.04,,,,,,
5370,07/08/2025 07:15:00,-0.17,6103.04,,,,,,
5371,07/08/2025 07:20:00,-0.22,6499.84,,,,,,
5372,07/08/2025 07:25:00,-0.17,6819.84,,,,,,
5373,07/08/2025 07:30:00,-0.13,6927.36,,,,,,
5374,07/08/2025 07:35:00,-0.17,7336.96,,,,,,
5375,07/08/2025 07:40:00,-0.13,7961.60,,,,,,
5376,07/08/2025 07:45:00,-0.05,8652.80,,,,,,
5377,07/08/2025 07:50:00,0.04,9180.16,,,,,,
5378,07/08/2025 07:55:00,0.17,9825.28,,,,,,
5379,07/08/2025 08:00:00,0.25,9871.36,,,,,,
5380,07/08/2025 08:05:00,0.25,10416.64,,,,,,
5381,07/08/2025 08:10:00,0.43,11217.92,,,,,,
5382,07/08/2025 08:15:00,0.60,12185.60,,,,,,
5383,07/08/2025 08:20:00,0.73,13061.12,,,,,,
5384,07/08/2025 08:25:00,0.81,12907.52,,,,,,
5385,07/08/2025 08:30:00,0.73,13148.16,,,,,,
5386,07/08/2025 08:35:00,0.81,13762.56,,,,,,
5387,07/08/2025 08:40:00,0.94,14796.80,,,,,,
5388,07/08/2025 08:45:00,1.03,15232.00,,,,,,
5389,07/08/2025 08:50:00,1.11,15365.12,,,,,,
5390,07/08/2025 08:55:00,1.20,15616.00,,,,,,
5391,07/08/2025 09:00:00,1.20,16030.72,,,,,,
5392,07/08/2025 09:05:00,1.24,16317.44,,,,,,
5393,07/08/2025 09:10:00,1.28,16230.40,,,,,,
5394,07/08/2025 09:15:00,1.28,17233.92,,,,,,
5395,07/08/2025 09:20:00,1.50,18329.60,,,,,,
5396,07/08/2025 09:25:00,1.67,18457.60,,,,,,
5397,07/08/2025 09:30:00,1.67,18785.28,,,,,,
5398,07/08/2025 09:35:00,1.84,19456.00,,,,,,
5399,07/08/2025 09:40:00,2.01,20669.44,,,,,,
5400,07/08/2025 09:45:00,2.14,21360.64,,,,,,
5401,07/08/2025 09:50:00,2.31,21504.00,,,,,,
5402,07/08/2025 09:55:00,2.40,22702.08,,,,,,
5403,07/08/2025 10:00:00,2.66,24576.00,,,,,,
5404,07/08/2025 10:05:00,2.91,25927.68,,,,,,
5405,07/08/2025 10:10:00,3.09,26204.16,,,,,,
5406,07/08/2025 10:15:00,3.13,25948.16,,,,,,
5407,07/08/2025 10:20:00,3.21,26327.04,,,,,,
5408,07/08/2025 10:25:00,3.30,27750.40,,,,,,
5409,07/08/2025 10:30:00,3.47,28784.64,,,,,,
5410,07/08/2025 10:35:00,3.60,29368.32,,,,,,
5411,07/08/2025 10:40:00,3.73,30085.12,,,,,,
5412,07/08/2025 10:45:00,3.82,31569.92,,,,,,
5413,07/08/2025 10:50:00,4.12,33054.72,,,,,,
5414,07/08/2025 10:55:00,4.37,34334.72,,,,,,
5415,07/08/2025 11:00:00,4.67,35614.72,,,,,,
5416,07/08/2025 11:05:00,4.89,36177.92,,,,,,
5417,07/08/2025 11:10:00,5.10,37468.16,,,,,,
5418,07/08/2025 11:15:00,5.23,38584.32,,,,,,
5419,07/08/2025 11:20:00,5.36,38031.36,,,,,,
5420,07/08/2025 11:25:00,5.36,38543.36,,,,,,
5421,07/08/2025 11:30:00,5.49,39178.24,,,,,,
5422,07/08/2025 11:35:00,5.27,38164.48,,,,,,
5423,07/08/2025 11:40:00,5.23,37990.40,,,,,,
5424,07/08/2025 11:45:00,5.23,38799.36,,,,,,
5425,07/08/2025 11:50:00,5.27,39004.16,,,,,,
5426,07/08/2025 11:55:00,5.27,39147.52,,,,,,
5427,07/08/2025 12:00:00,5.27,40069.12,,,,,,
5428,07/08/2025 12:05:00,5.49,41011.20,,,,,,
5429,07/08/2025 12:10:00,5.66,41676.80,,,,,,
5430,07/08/2025 12:15:00,5.75,42659.84,,,,,,
5431,07/08/2025 12:20:00,5.87,42967.04,,,,,,
5432,07/08/2025 12:25:00,5.96,43888.64,,,,,,
5433,07/08/2025 12:30:00,6.26,46407.68,,,,,,
5434,07/08/2025 12:35:00,6.48,46243.84,,,,,,
5435,07/08/2025 12:40:00,6.73,47902.72,,,,,,
5436,07/08/2025 12:45:00,6.95,48742.40,,,,,,
5437,07/08/2025 12:50:00,6.78,46817.28,,,,,,
5438,07/08/2025 12:55:00,6.43,45936.64,,,,,,
5439,07/08/2025 13:00:00,6.39,46714.88,,,,,,
5440,07/08/2025 13:05:00,6.30,46080.00,,,,,,
5441,07/08/2025 13:10:00,6.26,44072.96,,,,,,
5442,07/08/2025 13:15:00,6.00,43151.36,,,,,,
5443,07/08/2025 13:20:00,5.96,44318.72,,,,,,
5444,07/08/2025 13:25:00,6.13,46530.56,,,,,,
5445,07/08/2025 13:30:00,6.65,49520.64,,,,,,
5446,07/08/2025 13:35:00,7.25,52797.44,,,,,,
5447,07/08/2025 13:40:00,7.72,53063.68,,,,,,
5448,07/08/2025 13:45:00,7.33,48640.00,,,,,,
5449,07/08/2025 13:50:00,6.69,45731.84,,,,,,
5450,07/08/2025 13:55:00,6.35,45117.44,,,,,,
5451,07/08/2025 14:00:00,6.39,47247.36,,,,,,
5452,07/08/2025 14:05:00,6.52,45445.12,,,,,,
5453,07/08/2025 14:10:00,6.30,44810.24,,,,,,
5454,07/08/2025 14:15:00,6.22,45260.80,,,,,,
5455,07/08/2025 14:20:00,6.17,44236.80,,,,,,
5456,07/08/2025 14:25:00,6.39,47595.52,,,,,,
5457,07/08/2025 14:30:00,6.90,50073.60,,,,,,
5458,07/08/2025 14:35:00,7.20,52654.08,,,,,,
5459,07/08/2025 14:40:00,7.46,52961.28,,,,,,
5460,07/08/2025 14:45:00,7.59,52899.84,,,,,,
5461,07/08/2025 14:50:00,7.50,51548.16,,,,,,
5462,07/08/2025 14:55:00,7.42,50790.40,,,,,,
5463,07/08/2025 15:00:00,7.33,49315.84,,,,,,
5464,07/08/2025 15:05:00,6.52,46981.12,,,,,,
5465,07/08/2025 15:10:00,6.13,45117.44,,,,,,
5466,07/08/2025 15:15:00,5.83,44789.76,,,,,,
5467,07/08/2025 15:20:00,6.05,46039.04,,,,,,
5468,07/08/2025 15:25:00,6.13,46039.04,,,,,,
5469,07/08/2025 15:30:00,6.26,45772.80,,,,,,
5470,07/08/2025 15:35:00,6.13,46448.64,,,,,,
5471,07/08/2025 15:40:00,6.22,47226.88,,,,,,
5472,07/08/2025 15:45:00,6.05,45219.84,,,,,,
5473,07/08/2025 15:50:00,5.62,42393.60,,,,,,
5474,07/08/2025 15:55:00,5.15,40437.76,,,,,,
5475,07/08/2025 16:00:00,5.15,42618.88,,,,,,
5476,07/08/2025 16:05:00,5.53,46469.12,,,,,,
5477,07/08/2025 16:10:00,5.79,47349.76,,,,,,
5478,07/08/2025 16:15:00,5.96,45076.48,,,,,,
5479,07/08/2025 16:20:00,5.23,40366.08,,,,,,
5480,07/08/2025 16:25:00,4.89,38635.52,,,,,,
5481,07/08/2025 16:30:00,4.93,40785.92,,,,,,
5482,07/08/2025 16:35:00,5.06,40478.72,,,,,,
5483,07/08/2025 16:40:00,4.84,39331.84,,,,,,
5484,07/08/2025 16:45:00,4.63,39239.68,,,,,,
5485,07/08/2025 16:50:00,4.37,38031.36,,,,,,
5486,07/08/2025 16:55:00,4.33,37744.64,,,,,,
5487,07/08/2025 17:00:00,4.42,38901.76,,,,,,
5488,07/08/2025 17:05:00,4.46,39362.56,,,,,,
5489,07/08/2025 17:10:00,4.42,38256.64,,,,,,
5490,07/08/2025 17:15:00,4.20,36495.36,,,,,,
5491,07/08/2025 17:20:00,4.16,34621.44,,,,,,
5492,07/08/2025 17:25:00,3.86,32245.76,,,,,,
5493,07/08/2025 17:30:00,3.64,32122.88,,,,,,
5494,07/08/2025 17:35:00,3.82,32593.92,,,,,,
5495,07/08/2025 17:40:00,3.77,33536.00,,,,,,
5496,07/08/2025 17:45:00,3.86,33996.80,,,,,,
5497,07/08/2025 17:50:00,4.07,34007.04,,,,,,
5498,07/08/2025 17:55:00,4.20,35502.08,,,,,,
5499,07/08/2025 18:00:00,4.37,35491.84,,,,,,
5500,07/08/2025 18:05:00,4.20,32256.00,,,,,,
5501,07/08/2025 18:10:00,3.73,30750.72,,,,,,
5502,07/08/2025 18:15:00,3.86,31559.68,,,,,,
5503,07/08/2025 18:20:00,3.99,31621.12,,,,,,
5504,07/08/2025 18:25:00,4.12,31559.68,,,,,,
5505,07/08/2025 18:30:00,4.03,30371.84,,,,,,
5506,07/08/2025 18:35:00,4.03,31856.64,,,,,,
5507,07/08/2025 18:40:00,4.07,30720.00,,,,,,
5508,07/08/2025 18:45:00,3.77,28395.52,,,,,,
5509,07/08/2025 18:50:00,3.73,28753.92,,,,,,
5510,07/08/2025 18:55:00,3.90,30074.88,,,,,,
5511,07/08/2025 19:00:00,4.07,28897.28,,,,,,
5512,07/08/2025 19:05:00,4.12,28631.04,,,,,,
5513,07/08/2025 19:10:00,4.33,29911.04,,,,,,
5514,07/08/2025 19:15:00,4.42,30545.92,,,,,,
5515,07/08/2025 19:20:00,4.72,31139.84,,,,,,
5516,07/08/2025 19:25:00,4.54,29614.08,,,,,,
5517,07/08/2025 19:30:00,4.07,26644.48,,,,,,
5518,07/08/2025 19:35:00,3.60,24156.16,,,,,,
5519,07/08/2025 19:40:00,3.39,24084.48,,,,,,
5520,07/08/2025 19:45:00,3.43,26347.52,,,,,,
5521,07/08/2025 19:50:00,3.39,24750.08,,,,,,
5522,07/08/2025 19:55:00,3.26,24084.48,,,,,,
5523,07/08/2025 20:00:00,3.17,24238.08,,,,,,
5524,07/08/2025 20:05:00,3.09,22425.60,,,,,,
5525,07/08/2025 20:10:00,2.61,19660.80,,,,,,
5526,07/08/2025 20:15:00,2.36,19476.48,,,,,,
5527,07/08/2025 20:20:00,2.14,16112.64,,,,,,
5528,07/08/2025 20:25:00,1.84,14602.24,,,,,,
5529,07/08/2025 20:30:00,1.50,12231.68,,,,,,
5530,07/08/2025 20:35:00,1.16,11100.16,,,,,,
5531,07/08/2025 20:40:00,1.20,11627.52,,,,,,
5532,07/08/2025 20:45:00,1.20,11709.44,,,,,,
5533,07/08/2025 20:50:00,1.37,12692.48,,,,,,
5534,07/08/2025 20:55:00,1.88,17863.68,,,,,,
5535,07/08/2025 21:00:00,1.93,13573.12,,,,,,
5536,07/08/2025 21:05:00,1.41,11310.08,,,,,,
5537,07/08/2025 21:10:00,1.28,10956.80,,,,,,
5538,07/08/2025 21:15:00,1.11,9382.40,,,,,,
5539,07/08/2025 21:20:00,1.03,8849.92,,,,,,
5540,07/08/2025 21:25:00,0.81,7357.44,,,,,,
5541,07/08/2025 21:30:00,0.64,6789.12,,,,,,
5542,07/08/2025 21:35:00,0.64,6428.16,,,,,,
5543,07/08/2025 21:40:00,0.60,6174.72,,,,,,
5544,07/08/2025 21:45:00,0.47,4625.92,,,,,,
5545,07/08/2025 21:50:00,0.25,3737.60,,,,,,
5546,07/08/2025 21:55:00,0.04,2900.48,,,,,,
5547,07/08/2025 22:00:00,-0.05,2330.88,,,,,,
5548,07/08/2025 22:05:00,-0.13,2088.96,,,,,,
5549,07/08/2025 22:10:00,-0.22,2015.36,,,,,,
5550,07/08/2025 22:15:00,-0.26,1875.20,,,,,,
5551,07/08/2025 22:20:00,-0.22,1929.60,,,,,,
5552,07/08/2025 22:25:00,-0.26,1641.60,,,,,,
5553,07/08/2025 22:30:00,-0.26,1399.68,,,,,,
5554,07/08/2025 22:35:00,-0.30,1094.08,,,,,,
5555,07/08/2025 22:40:00,-0.43,900.48,,,,,,
5556,07/08/2025 22:45:00,-0.52,680.96,,,,,,
5557,07/08/2025 22:50:00,-0.52,561.76,,,,,,
5558,07/08/2025 22:55:00,-0.56,490.56,,,,,,
5559,07/08/2025 23:00:00,-0.56,392.16,,,,,,
5560,07/08/2025 23:05:00,-0.56,318.56,,,,,,
5561,07/08/2025 23:10:00,-0.56,227.60,,,,,,
5562,07/08/2025 23:15:00,-0.69,166.32,,,,,,
5563,07/08/2025 23:20:00,-0.60,128.12,,,,,,
5564,07/08/2025 23:25:00,-0.60,91.00,,,,,,
5565,07/08/2025 23:30:00,-0.65,66.10,,,,,,
5566,07/08/2025 23:35:00,-0.69,42.62,,,,,,
5567,07/08/2025 23:40:00,-0.69,26.88,,,,,,
5568,07/08/2025 23:45:00,-0.65,21.90,,,,,,
5569,07/08/2025 23:50:00,-0.69,16.06,,,,,,
5570,07/08/2025 23:55:00,-0.73,11.51,,,,,,
5571,07/09/2025 00:00:00,-0.73,8.43,,,,,,
5572,07/09/2025 00:05:00,-0.73,5.34,,,,,,
5573,07/09/2025 00:10:00,-0.60,3.49,,,,,,
5574,07/09/2025 00:15:00,-0.69,3.29,,,,,,
5575,07/09/2025 00:20:00,-0.73,1.64,,,,,,
5576,07/09/2025 00:25:00,-0.69,1.23,,,,,,
5577,07/09/2025 00:30:00,-0.69,1.64,,,,,,
5578,07/09/2025 00:35:00,-0.77,0.61,,,,,,
5579,07/09/2025 00:40:00,-0.82,0.41,,,,,,
5580,07/09/2025 00:45:00,-0.82,0.41,,,,,,
5581,07/09/2025 00:50:00,-0.82,0.20,,,,,,
5582,07/09/2025 00:55:00,-0.86,0.20,,,,,,
5583,07/09/2025 01:00:00,-0.86,0.20,,,,,,
5584,07/09/2025 01:05:00,-0.90,0.20,,,,,,
5585,07/09/2025 01:10:00,-0.86,0.20,,,,,,
5586,07/09/2025 01:15:00,-0.86,0.20,,,,,,
5587,07/09/2025 01:20:00,-0.90,0.20,,,,,,
5588,07/09/2025 01:25:00,-0.99,0.20,,,,,,
5589,07/09/2025 01:30:00,-1.08,0.20,,,,,,
5590,07/09/2025 01:35:00,-1.16,0.20,,,,,,
5591,07/09/2025 01:40:00,-1.03,0.00,,,,,,
5592,07/09/2025 01:45:00,-1.08,0.00,,,,,,
5593,07/09/2025 01:50:00,-1.12,0.00,,,,,,
5594,07/09/2025 01:55:00,-1.08,0.00,,,,,,
5595,07/09/2025 02:00:00,-1.03,0.00,,,,,,
5596,07/09/2025 02:05:00,-0.99,0.00,,,,,,
5597,07/09/2025 02:10:00,-0.99,0.00,,,,,,
5598,07/09/2025 02:15:00,-1.03,0.00,,,,,,
5599,07/09/2025 02:20:00,-0.99,0.00,,,,,,
5600,07/09/2025 02:25:00,-0.95,0.00,,,,,,
5601,07/09/2025 02:30:00,-0.95,0.00,,,,,,
5602,07/09/2025 02:35:00,-0.95,0.00,,,,,,
5603,07/09/2025 02:40:00,-0.99,0.20,,,,,,
5604,07/09/2025 02:45:00,-0.90,0.20,,,,,,
5605,07/09/2025 02:50:00,-0.95,0.20,,,,,,
5606,07/09/2025 02:55:00,-0.95,0.20,,,,,,
5607,07/09/2025 03:00:00,-0.95,0.20,,,,,,
5608,07/09/2025 03:05:00,-1.03,0.41,,,,,,
5609,07/09/2025 03:10:00,-1.08,0.41,,,,,,
5610,07/09/2025 03:15:00,-1.03,0.61,,,,,,
5611,07/09/2025 03:20:00,-0.99,0.82,,,,,,
5612,07/09/2025 03:25:00,-0.99,0.82,,,,,,
5613,07/09/2025 03:30:00,-0.90,1.23,,,,,,
5614,07/09/2025 03:35:00,-0.90,1.64,,,,,,
5615,07/09/2025 03:40:00,-0.82,2.26,,,,,,
5616,07/09/2025 03:45:00,-0.82,2.67,,,,,,
5617,07/09/2025 03:50:00,-0.82,3.90,,,,,,
5618,07/09/2025 03:55:00,-0.86,5.14,,,,,,
5619,07/09/2025 04:00:00,-0.86,6.78,,,,,,
5620,07/09/2025 04:05:00,-0.90,9.87,,,,,,
5621,07/09/2025 04:10:00,-0.86,13.16,,,,,,
5622,07/09/2025 04:15:00,-0.86,18.14,,,,,,
5623,07/09/2025 04:20:00,-0.90,26.01,,,,,,
5624,07/09/2025 04:25:00,-0.90,36.40,,,,,,
5625,07/09/2025 04:30:00,-0.82,50.02,,,,,,
5626,07/09/2025 04:35:00,-0.77,70.32,,,,,,
5627,07/09/2025 04:40:00,-0.86,100.04,,,,,,
5628,07/09/2025 04:45:00,-0.86,137.24,,,,,,
5629,07/09/2025 04:50:00,-0.86,184.40,,,,,,
5630,07/09/2025 04:55:00,-0.86,259.68,,,,,,
5631,07/09/2025 05:00:00,-0.90,334.24,,,,,,
5632,07/09/2025 05:05:00,-0.90,464.32,,,,,,
5633,07/09/2025 05:10:00,-0.90,624.64,,,,,,
5634,07/09/2025 05:15:00,-0.86,697.28,,,,,,
5635,07/09/2025 05:20:00,-0.90,830.72,,,,,,
5636,07/09/2025 05:25:00,-0.86,1008.32,,,,,,
5637,07/09/2025 05:30:00,-0.73,1279.04,,,,,,
5638,07/09/2025 05:35:00,-0.69,1514.88,,,,,,
5639,07/09/2025 05:40:00,-0.60,1975.68,,,,,,
5640,07/09/2025 05:45:00,-0.56,2520.32,,,,,,
5641,07/09/2025 05:50:00,-0.56,2831.36,,,,,,
5642,07/09/2025 05:55:00,-0.43,3092.48,,,,,,
5643,07/09/2025 06:00:00,-0.39,3151.36,,,,,,
5644,07/09/2025 06:05:00,-0.47,3221.76,,,,,,
5645,07/09/2025 06:10:00,-0.43,3496.96,,,,,,
5646,07/09/2025 06:15:00,-0.35,3031.04,,,,,,
5647,07/09/2025 06:20:00,-0.39,3120.64,,,,,,
5648,07/09/2025 06:25:00,-0.22,3907.84,,,,,,
5649,07/09/2025 06:30:00,-0.22,4431.36,,,,,,
5650,07/09/2025 06:35:00,-0.17,4270.08,,,,,,
5651,07/09/2025 06:40:00,-0.13,4734.72,,,,,,
5652,07/09/2025 06:45:00,-0.17,5073.92,,,,,,
5653,07/09/2025 06:50:00,-0.09,5716.48,,,,,,
5654,07/09/2025 06:55:00,0.04,6707.20,,,,,,
5655,07/09/2025 07:00:00,0.25,7495.68,,,,,,
5656,07/09/2025 07:05:00,0.34,8033.28,,,,,,
5657,07/09/2025 07:10:00,0.43,8488.96,,,,,,
5658,07/09/2025 07:15:00,0.38,8791.04,,,,,,
5659,07/09/2025 07:20:00,0.43,9034.24,,,,,,
5660,07/09/2025 07:25:00,0.47,9771.52,,,,,,
5661,07/09/2025 07:30:00,0.55,10511.36,,,,,,
5662,07/09/2025 07:35:00,0.73,11535.36,,,,,,
5663,07/09/2025 07:40:00,0.86,12410.88,,,,,,
5664,07/09/2025 07:45:00,1.07,13706.24,,,,,,
5665,07/09/2025 07:50:00,1.33,14970.88,,,,,,
5666,07/09/2025 07:55:00,1.46,15201.28,,,,,,
5667,07/09/2025 08:00:00,1.41,15503.36,,,,,,
5668,07/09/2025 08:05:00,1.50,16435.20,,,,,,
5669,07/09/2025 08:10:00,1.88,19123.20,,,,,,
5670,07/09/2025 08:15:00,2.40,20766.72,,,,,,
5671,07/09/2025 08:20:00,2.53,18616.32,,,,,,
5672,07/09/2025 08:25:00,1.93,15815.68,,,,,,
5673,07/09/2025 08:30:00,1.46,14515.20,,,,,,
5674,07/09/2025 08:35:00,1.28,13982.72,,,,,,
5675,07/09/2025 08:40:00,1.37,14453.76,,,,,,
5676,07/09/2025 08:45:00,1.93,22702.08,,,,,,
5677,07/09/2025 08:50:00,3.09,21964.80,,,,,,
5678,07/09/2025 08:55:00,2.57,28231.68,,,,,,
5679,07/09/2025 09:00:00,3.30,24227.84,,,,,,
5680,07/09/2025 09:05:00,3.39,23388.16,,,,,,
5681,07/09/2025 09:10:00,2.70,20782.08,,,,,,
5682,07/09/2025 09:15:00,2.44,19548.16,,,,,,
5683,07/09/2025 09:20:00,2.53,20300.80,,,,,,
5684,07/09/2025 09:25:00,2.44,22067.20,,,,,,
5685,07/09/2025 09:30:00,3.17,29890.56,,,,,,
5686,07/09/2025 09:35:00,3.56,30443.52,,,,,,
5687,07/09/2025 09:40:00,3.69,27320.32,,,,,,
5688,07/09/2025 09:45:00,3.86,28651.52,,,,,,
5689,07/09/2025 09:50:00,4.72,31662.08,,,,,,
5690,07/09/2025 09:55:00,6.99,44011.52,,,,,,
5691,07/09/2025 10:00:00,8.83,57425.92,,,,,,
5692,07/09/2025 10:05:00,7.89,43868.16,,,,,,
5693,07/09/2025 10:10:00,9.48,54108.16,,,,,,
5694,07/09/2025 10:15:00,8.66,42516.48,,,,,,
5695,07/09/2025 10:20:00,7.16,40017.92,,,,,,
5696,07/09/2025 10:25:00,6.43,40232.96,,,,,,
5697,07/09/2025 10:30:00,7.33,43950.08,,,,,,
5698,07/09/2025 10:35:00,8.58,60846.08,,,,,,
5699,07/09/2025 10:40:00,12.05,67133.44,,,,,,
5700,07/09/2025 10:45:00,10.64,63692.80,,,,,,
5701,07/09/2025 10:50:00,9.78,55091.20,,,,,,
5702,07/09/2025 10:55:00,10.34,43356.16,,,,,,
5703,07/09/2025 11:00:00,12.18,65515.52,,,,,,
5704,07/09/2025 11:05:00,11.37,47984.64,,,,,,
5705,07/09/2025 11:10:00,9.05,34048.00,,,,,,
5706,07/09/2025 11:15:00,9.56,57712.64,,,,,,
5707,07/09/2025 11:20:00,10.16,60088.32,,,,,,
5708,07/09/2025 11:25:00,8.02,47718.40,,,,,,
5709,07/09/2025 11:30:00,10.89,47329.28,,,,,,
5710,07/09/2025 11:35:00,11.84,58798.08,,,,,,
5711,07/09/2025 11:40:00,9.78,60518.40,,,,,,
5712,07/09/2025 11:45:00,10.21,59801.60,,,,,,
5713,07/09/2025 11:50:00,10.68,60764.16,,,,,,
5714,07/09/2025 11:55:00,8.92,46387.20,,,,,,
5715,07/09/2025 12:00:00,11.49,47022.08,,,,,,
5716,07/09/2025 12:05:00,11.97,65515.52,,,,,,
5717,07/09/2025 12:10:00,14.37,67133.44,,,,,,
5718,07/09/2025 12:15:00,15.70,72396.80,,,,,,
5719,07/09/2025 12:20:00,14.41,64962.56,,,,,,
5720,07/09/2025 12:25:00,13.81,83927.04,,,,,,
5721,07/09/2025 12:30:00,12.05,50831.36,,,,,,
5722,07/09/2025 12:35:00,9.61,47329.28,,,,,,
5723,07/09/2025 12:40:00,8.88,80814.08,,,,,,
5724,07/09/2025 12:45:00,13.73,67297.28,,,,,,
5725,07/09/2025 12:50:00,12.65,66887.68,,,,,,
5726,07/09/2025 12:55:00,14.41,77168.64,,,,,,
5727,07/09/2025 13:00:00,15.23,87695.36,,,,,,
5728,07/09/2025 13:05:00,13.98,68218.88,,,,,,
5729,07/09/2025 13:10:00,12.91,59719.68,,,,,,
5730,07/09/2025 13:15:00,12.01,60825.60,,,,,,
5731,07/09/2025 13:20:00,10.81,75161.60,,,,,,
5732,07/09/2025 13:25:00,11.58,72560.64,,,,,,
5733,07/09/2025 13:30:00,12.61,75345.92,,,,,,
5734,07/09/2025 13:35:00,13.98,91750.40,,,,,,
5735,07/09/2025 13:40:00,14.15,66150.40,,,,,,
5736,07/09/2025 13:45:00,11.07,70819.84,,,,,,
5737,07/09/2025 13:50:00,10.68,86958.08,,,,,,
5738,07/09/2025 13:55:00,9.18,55377.92,,,,,,
5739,07/09/2025 14:00:00,14.15,107438.08,,,,,,
5740,07/09/2025 14:05:00,13.64,96993.28,,,,,,
5741,07/09/2025 14:10:00,15.18,79810.56,,,,,,
5742,07/09/2025 14:15:00,13.81,80998.40,,,,,,
5743,07/09/2025 14:20:00,13.47,120381.44,,,,,,
5744,07/09/2025 14:25:00,18.49,129474.56,,,,,,
5745,07/09/2025 14:30:00,19.26,134225.92,,,,,,
5746,07/09/2025 14:35:00,19.09,124764.16,,,,,,
5747,07/09/2025 14:40:00,19.99,122716.16,,,,,,
5748,07/09/2025 14:45:00,21.06,127877.12,,,,,,
5749,07/09/2025 14:50:00,18.53,88227.84,,,,,,
5750,07/09/2025 14:55:00,14.84,83046.40,,,,,,
5751,07/09/2025 15:00:00,16.60,107520.00,,,,,,
5752,07/09/2025 15:05:00,15.36,81408.00,,,,,,
5753,07/09/2025 15:10:00,13.55,83046.40,,,,,,
5754,07/09/2025 15:15:00,12.70,78274.56,,,,,,
5755,07/09/2025 15:20:00,13.85,84869.12,,,,,,
5756,07/09/2025 15:25:00,13.30,100679.68,,,,,,
5757,07/09/2025 15:30:00,12.87,85401.60,,,,,,
5758,07/09/2025 15:35:00,16.64,115138.56,,,,,,
5759,07/09/2025 15:40:00,18.27,108339.20,,,,,,
5760,07/09/2025 15:45:00,20.07,108216.32,,,,,,
5761,07/09/2025 15:50:00,18.74,101990.40,,,,,,
5762,07/09/2025 15:55:00,18.70,85647.36,,,,,,
5763,07/09/2025 16:00:00,19.82,104161.28,,,,,,
5764,07/09/2025 16:05:00,18.44,118456.32,,,,,,
5765,07/09/2025 16:10:00,18.79,90685.44,,,,,,
5766,07/09/2025 16:15:00,15.40,84787.20,,,,,,
5767,07/09/2025 16:20:00,14.11,82595.84,,,,,,
5768,07/09/2025 16:25:00,13.81,84131.84,,,,,,
5769,07/09/2025 16:30:00,18.23,106905.60,,,,,,
5770,07/09/2025 16:35:00,16.51,116654.08,,,,,,
5771,07/09/2025 16:40:00,14.54,75612.16,,,,,,
5772,07/09/2025 16:45:00,12.82,74199.04,,,,,,
5773,07/09/2025 16:50:00,13.25,80363.52,,,,,,
5774,07/09/2025 16:55:00,13.00,65269.76,,,,,,
5775,07/09/2025 17:00:00,12.48,75120.64,,,,,,
5776,07/09/2025 17:05:00,13.04,79564.80,,,,,,
5777,07/09/2025 17:10:00,13.04,72396.80,,,,,,
5778,07/09/2025 17:15:00,12.91,74014.72,,,,,,
5779,07/09/2025 17:20:00,12.61,68587.52,,,,,,
5780,07/09/2025 17:25:00,12.74,74670.08,,,,,,
5781,07/09/2025 17:30:00,11.97,67584.00,,,,,,
5782,07/09/2025 17:35:00,10.94,66560.00,,,,,,
5783,07/09/2025 17:40:00,10.12,65433.60,,,,,,
5784,07/09/2025 17:45:00,9.74,62423.04,,,,,,
5785,07/09/2025 17:50:00,9.18,63016.96,,,,,,
5786,07/09/2025 17:55:00,9.18,61276.16,,,,,,
5787,07/09/2025 18:00:00,9.95,66908.16,,,,,,
5788,07/09/2025 18:05:00,10.68,68546.56,,,,,,
5789,07/09/2025 18:10:00,10.98,68403.20,,,,,,
5790,07/09/2025 18:15:00,9.82,63488.00,,,,,,
5791,07/09/2025 18:20:00,10.42,66007.04,,,,,,
5792,07/09/2025 18:25:00,10.04,59084.80,,,,,,
5793,07/09/2025 18:30:00,11.67,68218.88,,,,,,
5794,07/09/2025 18:35:00,10.04,43970.56,,,,,,
5795,07/09/2025 18:40:00,8.28,44523.52,,,,,,
5796,07/09/2025 18:45:00,7.72,47288.32,,,,,,
5797,07/09/2025 18:50:00,7.59,46120.96,,,,,,
5798,07/09/2025 18:55:00,7.63,45772.80,,,,,,
5799,07/09/2025 19:00:00,7.25,43499.52,,,,,,
5800,07/09/2025 19:05:00,6.56,38072.32,,,,,,
5801,07/09/2025 19:10:00,6.30,38594.56,,,,,,
5802,07/09/2025 19:15:00,6.26,39075.84,,,,,,
5803,07/09/2025 19:20:00,6.09,37027.84,,,,,,
5804,07/09/2025 19:25:00,6.35,36382.72,,,,,,
5805,07/09/2025 19:30:00,5.83,38318.08,,,,,,
5806,07/09/2025 19:35:00,6.26,37304.32,,,,,,
5807,07/09/2025 19:40:00,6.26,33720.32,,,,,,
5808,07/09/2025 19:45:00,5.75,33054.72,,,,,,
5809,07/09/2025 19:50:00,6.26,33587.20,,,,,,
5810,07/09/2025 19:55:00,5.75,29521.92,,,,,,
5811,07/09/2025 20:00:00,5.45,28968.96,,,,,,
5812,07/09/2025 20:05:00,5.53,26593.28,,,,,,
5813,07/09/2025 20:10:00,5.10,26071.04,,,,,,
5814,07/09/2025 20:15:00,4.72,25497.60,,,,,,
5815,07/09/2025 20:20:00,4.24,21176.32,,,,,,
5816,07/09/2025 20:25:00,3.82,20961.28,,,,,,
5817,07/09/2025 20:30:00,3.94,18856.96,,,,,,
5818,07/09/2025 20:35:00,3.60,21032.96,,,,,,
5819,07/09/2025 20:40:00,3.13,18344.96,,,,,,
5820,07/09/2025 20:45:00,3.39,20331.52,,,,,,
5821,07/09/2025 20:50:00,2.91,15692.80,,,,,,
5822,07/09/2025 20:55:00,2.74,13911.04,,,,,,
5823,07/09/2025 21:00:00,2.36,14351.36,,,,,,
5824,07/09/2025 21:05:00,2.23,12554.24,,,,,,
5825,07/09/2025 21:10:00,2.06,12789.76,,,,,,
5826,07/09/2025 21:15:00,2.06,11356.16,,,,,,
5827,07/09/2025 21:20:00,1.88,9239.04,,,,,,
5828,07/09/2025 21:25:00,2.01,10265.60,,,,,,
5829,07/09/2025 21:30:00,1.76,8153.60,,,,,,
5830,07/09/2025 21:35:00,1.63,7889.92,,,,,,
5831,07/09/2025 21:40:00,1.54,7416.32,,,,,,
5832,07/09/2025 21:45:00,1.41,7434.24,,,,,,
5833,07/09/2025 21:50:00,1.41,6233.60,,,,,,
5834,07/09/2025 21:55:00,1.16,5460.48,,,,,,
5835,07/09/2025 22:00:00,1.16,5080.32,,,,,,
5836,07/09/2025 22:05:00,1.03,4349.44,,,,,,
5837,07/09/2025 22:10:00,0.94,4586.24,,,,,,
5838,07/09/2025 22:15:00,0.73,3918.08,,,,,,
5839,07/09/2025 22:20:00,0.64,2952.96,,,,,,
5840,07/09/2025 22:25:00,0.81,2638.08,,,,,,
5841,07/09/2025 22:30:00,0.21,2158.08,,,,,,
5842,07/09/2025 22:35:00,0.13,1895.04,,,,,,
5843,07/09/2025 22:40:00,-0.13,1523.84,,,,,,
5844,07/09/2025 22:45:00,-0.09,1309.44,,,,,,
5845,07/09/2025 22:50:00,-0.39,1066.88,,,,,,
5846,07/09/2025 22:55:00,-0.43,921.92,,,,,,
5847,07/09/2025 23:00:00,-0.30,662.72,,,,,,
5848,07/09/2025 23:05:00,-0.73,484.80,,,,,,
5849,07/09/2025 23:10:00,-0.77,369.12,,,,,,
5850,07/09/2025 23:15:00,-0.95,265.68,,,,,,
5851,07/09/2025 23:20:00,-1.16,196.96,,,,,,
5852,07/09/2025 23:25:00,-0.99,133.96,,,,,,
5853,07/09/2025 23:30:00,-1.29,95.08,,,,,,
5854,07/09/2025 23:35:00,-1.08,64.46,,,,,,
5855,07/09/2025 23:40:00,-0.90,48.38,,,,,,
5856,07/09/2025 23:45:00,-0.73,32.64,,,,,,
5857,07/09/2025 23:50:00,-0.99,20.66,,,,,,
5858,07/09/2025 23:55:00,-1.20,15.24,,,,,,
5859,07/10/2025 00:00:00,-1.16,12.13,,,,,,
5860,07/10/2025 00:05:00,-1.08,8.22,,,,,,
5861,07/10/2025 00:10:00,-1.16,5.96,,,,,,
5862,07/10/2025 00:15:00,-1.46,4.31,,,,,,
5863,07/10/2025 00:20:00,-1.25,2.87,,,,,,
5864,07/10/2025 00:25:00,-1.55,2.26,,,,,,
5865,07/10/2025 00:30:00,-1.85,1.64,,,,,,
5866,07/10/2025 00:35:00,-1.59,1.02,,,,,,
5867,07/10/2025 00:40:00,-1.50,0.61,,,,,,
5868,07/10/2025 00:45:00,-1.59,0.61,,,,,,
5869,07/10/2025 00:50:00,-1.42,0.61,,,,,,
5870,07/10/2025 00:55:00,-1.38,0.20,,,,,,
5871,07/10/2025 01:00:00,-1.25,0.20,,,,,,
5872,07/10/2025 01:05:00,-1.33,0.20,,,,,,
5873,07/10/2025 01:10:00,-1.33,0.00,,,,,,
5874,07/10/2025 01:15:00,-1.03,0.00,,,,,,
5875,07/10/2025 01:20:00,-1.20,0.00,,,,,,
5876,07/10/2025 01:25:00,-1.20,0.00,,,,,,
5877,07/10/2025 01:30:00,-1.46,0.00,,,,,,
5878,07/10/2025 01:35:00,-1.25,0.00,,,,,,
5879,07/10/2025 01:40:00,-1.46,0.00,,,,,,
5880,07/10/2025 01:45:00,-1.42,0.00,,,,,,
5881,07/10/2025 01:50:00,-1.46,0.00,,,,,,
5882,07/10/2025 01:55:00,-1.72,0.00,,,,,,
5883,07/10/2025 02:00:00,-1.46,0.00,,,,,,
5884,07/10/2025 02:05:00,-1.50,0.00,,,,,,
5885,07/10/2025 02:10:00,-1.59,0.00,,,,,,
5886,07/10/2025 02:15:00,-1.68,0.00,,,,,,
5887,07/10/2025 02:20:00,-1.85,0.00,,,,,,
5888,07/10/2025 02:25:00,-1.85,0.00,,,,,,
5889,07/10/2025 02:30:00,-1.89,0.00,,,,,,
5890,07/10/2025 02:35:00,-1.63,0.00,,,,,,
5891,07/10/2025 02:40:00,-1.85,0.00,,,,,,
5892,07/10/2025 02:45:00,-1.59,0.00,,,,,,
5893,07/10/2025 02:50:00,-1.85,0.00,,,,,,
5894,07/10/2025 02:55:00,-2.06,0.20,,,,,,
5895,07/10/2025 03:00:00,-1.50,0.20,,,,,,
5896,07/10/2025 03:05:00,-1.55,0.20,,,,,,
5897,07/10/2025 03:10:00,-1.55,0.41,,,,,,
5898,07/10/2025 03:15:00,-1.25,0.61,,,,,,
5899,07/10/2025 03:20:00,-1.33,1.02,,,,,,
5900,07/10/2025 03:25:00,-1.25,1.02,,,,,,
5901,07/10/2025 03:30:00,-1.50,2.26,,,,,,
5902,07/10/2025 03:35:00,-1.20,1.85,,,,,,
5903,07/10/2025 03:40:00,-1.12,2.46,,,,,,
5904,07/10/2025 03:45:00,-1.08,3.90,,,,,,
5905,07/10/2025 03:50:00,-1.20,4.93,,,,,,
5906,07/10/2025 03:55:00,-1.20,8.02,,,,,,
5907,07/10/2025 04:00:00,-1.08,9.87,,,,,,
5908,07/10/2025 04:05:00,-1.08,13.39,,,,,,
5909,07/10/2025 04:10:00,-0.99,20.25,,,,,,
5910,07/10/2025 04:15:00,-0.90,28.12,,,,,,
5911,07/10/2025 04:20:00,-0.95,40.15,,,,,,
5912,07/10/2025 04:25:00,-0.95,54.54,,,,,,
5913,07/10/2025 04:30:00,-1.08,80.30,,,,,,
5914,07/10/2025 04:35:00,-1.12,123.28,,,,,,
5915,07/10/2025 04:40:00,-1.33,160.68,,,,,,
5916,07/10/2025 04:45:00,-1.38,239.36,,,,,,
5917,07/10/2025 04:50:00,-1.38,339.68,,,,,,
5918,07/10/2025 04:55:00,-1.42,463.84,,,,,,
5919,07/10/2025 05:00:00,-1.38,649.44,,,,,,
5920,07/10/2025 05:05:00,-1.29,852.16,,,,,,
5921,07/10/2025 05:10:00,-0.90,1094.08,,,,,,
5922,07/10/2025 05:15:00,-0.82,1408.00,,,,,,
5923,07/10/2025 05:20:00,-0.69,1824.00,,,,,,
5924,07/10/2025 05:25:00,-0.56,2345.60,,,,,,
5925,07/10/2025 05:30:00,-0.39,3096.32,,,,,,
5926,07/10/2025 05:35:00,0.30,4372.48,,,,,,
5927,07/10/2025 05:40:00,0.21,5164.80,,,,,,
5928,07/10/2025 05:45:00,0.47,6504.96,,,,,,
5929,07/10/2025 05:50:00,0.68,7554.56,,,,,,
5930,07/10/2025 05:55:00,1.03,8803.84,,,,,,
5931,07/10/2025 06:00:00,1.24,10337.28,,,,,,
5932,07/10/2025 06:05:00,1.50,11192.32,,,,,,
5933,07/10/2025 06:10:00,1.76,12595.20,,,,,,
5934,07/10/2025 06:15:00,2.19,13818.88,,,,,,
5935,07/10/2025 06:20:00,2.19,14499.84,,,,,,
5936,07/10/2025 06:25:00,2.10,12907.52,,,,,,
5937,07/10/2025 06:30:00,1.16,11535.36,,,,,,
5938,07/10/2025 06:35:00,0.73,12282.88,,,,,,
5939,07/10/2025 06:40:00,1.16,14305.28,,,,,,
5940,07/10/2025 06:45:00,1.41,15964.16,,,,,,
5941,07/10/2025 06:50:00,1.67,16368.64,,,,,,
5942,07/10/2025 06:55:00,0.60,12907.52,,,,,,
5943,07/10/2025 07:00:00,0.38,13655.04,,,,,,
5944,07/10/2025 07:05:00,0.34,13393.92,,,,,,
5945,07/10/2025 07:10:00,0.38,15508.48,,,,,,
5946,07/10/2025 07:15:00,0.94,17192.96,,,,,,
5947,07/10/2025 07:20:00,1.28,17920.00,,,,,,
5948,07/10/2025 07:25:00,1.16,13946.88,,,,,,
5949,07/10/2025 07:30:00,0.90,13061.12,,,,,,
5950,07/10/2025 07:35:00,0.98,14484.48,,,,,,
5951,07/10/2025 07:40:00,0.90,14120.96,,,,,,
5952,07/10/2025 07:45:00,1.20,17459.20,,,,,,
5953,07/10/2025 07:50:00,1.58,20935.68,,,,,,
5954,07/10/2025 07:55:00,2.31,23992.32,,,,,,
5955,07/10/2025 08:00:00,2.49,24043.52,,,,,,
5956,07/10/2025 08:05:00,2.83,24340.48,,,,,,
5957,07/10/2025 08:10:00,2.40,24340.48,,,,,,
5958,07/10/2025 08:15:00,2.87,31569.92,,,,,,
5959,07/10/2025 08:20:00,3.86,36648.96,,,,,,
5960,07/10/2025 08:25:00,4.07,32399.36,,,,,,
5961,07/10/2025 08:30:00,3.34,26634.24,,,,,,
5962,07/10/2025 08:35:00,3.21,25610.24,,,,,,
5963,07/10/2025 08:40:00,2.91,26552.32,,,,,,
5964,07/10/2025 08:45:00,3.73,32849.92,,,,,,
5965,07/10/2025 08:50:00,4.37,40693.76,,,,,,
5966,07/10/2025 08:55:00,5.40,40386.56,,,,,,
5967,07/10/2025 09:00:00,5.53,48967.68,,,,,,
5968,07/10/2025 09:05:00,6.30,48291.84,,,,,,
5969,07/10/2025 09:10:00,5.62,46694.40,,,,,,
5970,07/10/2025 09:15:00,6.09,52490.24,,,,,,
5971,07/10/2025 09:20:00,5.83,45404.16,,,,,,
5972,07/10/2025 09:25:00,5.02,39546.88,,,,,,
5973,07/10/2025 09:30:00,4.89,44421.12,,,,,,
5974,07/10/2025 09:35:00,5.53,54661.12,,,,,,
5975,07/10/2025 09:40:00,6.26,52183.04,,,,,,
5976,07/10/2025 09:45:00,5.70,49377.28,,,,,,
5977,07/10/2025 09:50:00,6.69,60825.60,,,,,,
5978,07/10/2025 09:55:00,6.86,58183.68,,,,,,
5979,07/10/2025 10:00:00,6.13,55398.40,,,,,,
5980,07/10/2025 10:05:00,6.56,58327.04,,,,,,
5981,07/10/2025 10:10:00,6.39,55173.12,,,,,,
5982,07/10/2025 10:15:00,6.35,57200.64,,,,,,
5983,07/10/2025 10:20:00,6.39,58163.20,,,,,,
5984,07/10/2025 10:25:00,6.39,58880.00,,,,,,
5985,07/10/2025 10:30:00,6.00,55541.76,,,,,,
5986,07/10/2025 10:35:00,6.17,57323.52,,,,,,
5987,07/10/2025 10:40:00,6.48,59432.96,,,,,,
5988,07/10/2025 10:45:00,6.30,56852.48,,,,,,
5989,07/10/2025 10:50:00,6.09,58245.12,,,,,,
5990,07/10/2025 10:55:00,6.00,54272.00,,,,,,
5991,07/10/2025 11:00:00,6.13,55296.00,,,,,,
5992,07/10/2025 11:05:00,6.00,59719.68,,,,,,
5993,07/10/2025 11:10:00,7.68,70164.48,,,,,,
5994,07/10/2025 11:15:00,7.33,62095.36,,,,,,
5995,07/10/2025 11:20:00,9.18,72192.00,,,,,,
5996,07/10/2025 11:25:00,7.08,55480.32,,,,,,
5997,07/10/2025 11:30:00,8.06,68198.40,,,,,,
5998,07/10/2025 11:35:00,9.26,103587.84,,,,,,
5999,07/10/2025 11:40:00,9.86,79175.68,,,,,,
6000,07/10/2025 11:45:00,9.48,88145.92,,,,,,
6001,07/10/2025 11:50:00,9.69,77967.36,,,,,,
6002,07/10/2025 11:55:00,10.25,90726.40,,,,,,
6003,07/10/2025 12:00:00,9.95,79544.32,,,,,,
6004,07/10/2025 12:05:00,8.58,69427.20,,,,,,
6005,07/10/2025 12:10:00,8.41,72171.52,,,,,,
6006,07/10/2025 12:15:00,7.98,66519.04,,,,,,
6007,07/10/2025 12:20:00,8.02,69304.32,,,,,,
6008,07/10/2025 12:25:00,8.11,74035.20,,,,,,
6009,07/10/2025 12:30:00,8.66,76308.48,,,,,,
6010,07/10/2025 12:35:00,7.89,76881.92,,,,,,
6011,07/10/2025 12:40:00,9.44,85196.80,,,,,,
6012,07/10/2025 12:45:00,9.74,82944.00,,,,,,
6013,07/10/2025 12:50:00,9.65,80834.56,,,,,,
6014,07/10/2025 12:55:00,9.31,80875.52,,,,,,
6015,07/10/2025 13:00:00,9.91,85647.36,,,,,,
6016,07/10/2025 13:05:00,10.85,87285.76,,,,,,
6017,07/10/2025 13:10:00,9.78,82718.72,,,,,,
6018,07/10/2025 13:15:00,9.22,82042.88,,,,,,
6019,07/10/2025 13:20:00,8.71,80015.36,,,,,,
6020,07/10/2025 13:25:00,8.58,77332.48,,,,,,
6021,07/10/2025 13:30:00,8.11,73830.40,,,,,,
6022,07/10/2025 13:35:00,7.98,78438.40,,,,,,
6023,07/10/2025 13:40:00,7.98,72990.72,,,,,,
6024,07/10/2025 13:45:00,8.11,76636.16,,,,,,
6025,07/10/2025 13:50:00,8.53,85442.56,,,,,,
6026,07/10/2025 13:55:00,10.25,94289.92,,,,,,
6027,07/10/2025 14:00:00,10.38,91832.32,,,,,,
6028,07/10/2025 14:05:00,10.94,98508.80,,,,,,
6029,07/10/2025 14:10:00,12.05,101416.96,,,,,,
6030,07/10/2025 14:15:00,11.02,91545.60,,,,,,
6031,07/10/2025 14:20:00,10.16,82493.44,,,,,,
6032,07/10/2025 14:25:00,9.39,84090.88,,,,,,
6033,07/10/2025 14:30:00,9.18,79892.48,,,,,,
6034,07/10/2025 14:35:00,9.48,85975.04,,,,,,
6035,07/10/2025 14:40:00,9.44,81694.72,,,,,,
6036,07/10/2025 14:45:00,9.05,76349.44,,,,,,
6037,07/10/2025 14:50:00,8.32,71536.64,,,,,,
6038,07/10/2025 14:55:00,7.68,68177.92,,,,,,
6039,07/10/2025 15:00:00,7.46,71823.36,,,,,,
6040,07/10/2025 15:05:00,7.98,77701.12,,,,,,
6041,07/10/2025 15:10:00,8.11,77352.96,,,,,,
6042,07/10/2025 15:15:00,8.49,79114.24,,,,,,
6043,07/10/2025 15:20:00,8.71,78376.96,,,,,,
6044,07/10/2025 15:25:00,8.88,79953.92,,,,,,
6045,07/10/2025 15:30:00,9.14,80015.36,,,,,,
6046,07/10/2025 15:35:00,8.75,77680.64,,,,,,
6047,07/10/2025 15:40:00,8.71,79544.32,,,,,,
6048,07/10/2025 15:45:00,8.83,78110.72,,,,,,
6049,07/10/2025 15:50:00,8.58,77373.44,,,,,,
6050,07/10/2025 15:55:00,8.58,74301.44,,,,,,
6051,07/10/2025 16:00:00,7.46,64081.92,,,,,,
6052,07/10/2025 16:05:00,7.16,65167.36,,,,,,
6053,07/10/2025 16:10:00,7.59,69427.20,,,,,,
6054,07/10/2025 16:15:00,7.93,70266.88,,,,,,
6055,07/10/2025 16:20:00,8.02,72826.88,,,,,,
6056,07/10/2025 16:25:00,8.79,81981.44,,,,,,
6057,07/10/2025 16:30:00,9.74,84131.84,,,,,,
6058,07/10/2025 16:35:00,9.52,80629.76,,,,,,
6059,07/10/2025 16:40:00,9.78,80384.00,,,,,,
6060,07/10/2025 16:45:00,9.22,74649.60,,,,,,
6061,07/10/2025 16:50:00,9.05,76328.96,,,,,,
6062,07/10/2025 16:55:00,8.79,72642.56,,,,,,
6063,07/10/2025 17:00:00,7.89,66723.84,,,,,,
6064,07/10/2025 17:05:00,7.33,62894.08,,,,,,
6065,07/10/2025 17:10:00,7.08,63528.96,,,,,,
6066,07/10/2025 17:15:00,6.99,63221.76,,,,,,
6067,07/10/2025 17:20:00,6.78,59432.96,,,,,,
6068,07/10/2025 17:25:00,6.26,57262.08,,,,,,
6069,07/10/2025 17:30:00,5.96,56483.84,,,,,,
6070,07/10/2025 17:35:00,5.79,54845.44,,,,,,
6071,07/10/2025 17:40:00,5.49,53432.32,,,,,,
6072,07/10/2025 17:45:00,5.45,52592.64,,,,,,
6073,07/10/2025 17:50:00,5.49,52039.68,,,,,,
6074,07/10/2025 17:55:00,5.62,49848.32,,,,,,
6075,07/10/2025 18:00:00,5.75,51732.48,,,,,,
6076,07/10/2025 18:05:00,6.05,54005.76,,,,,,
6077,07/10/2025 18:10:00,6.05,53637.12,,,,,,
6078,07/10/2025 18:15:00,5.83,48967.68,,,,,,
6079,07/10/2025 18:20:00,5.45,45404.16,,,,,,
6080,07/10/2025 18:25:00,5.27,43642.88,,,,,,
6081,07/10/2025 18:30:00,5.36,44257.28,,,,,,
6082,07/10/2025 18:35:00,5.32,43130.88,,,,,,
6083,07/10/2025 18:40:00,4.89,40069.12,,,,,,
6084,07/10/2025 18:45:00,4.50,36628.48,,,,,,
6085,07/10/2025 18:50:00,4.16,35450.88,,,,,,
6086,07/10/2025 18:55:00,3.86,33863.68,,,,,,
6087,07/10/2025 19:00:00,3.34,30873.60,,,,,,
6088,07/10/2025 19:05:00,3.43,34375.68,,,,,,
6089,07/10/2025 19:10:00,4.12,40898.56,,,,,,
6090,07/10/2025 19:15:00,4.24,34785.28,,,,,,
6091,07/10/2025 19:20:00,3.30,26798.08,,,,,,
6092,07/10/2025 19:25:00,2.87,25456.64,,,,,,
6093,07/10/2025 19:30:00,2.79,26859.52,,,,,,
6094,07/10/2025 19:35:00,2.83,28303.36,,,,,,
6095,07/10/2025 19:40:00,2.87,29675.52,,,,,,
6096,07/10/2025 19:45:00,3.39,37150.72,,,,,,
6097,07/10/2025 19:50:00,4.03,40898.56,,,,,,
6098,07/10/2025 19:55:00,3.64,31938.56,,,,,,
6099,07/10/2025 20:00:00,3.04,26501.12,,,,,,
6100,07/10/2025 20:05:00,2.36,20853.76,,,,,,
6101,07/10/2025 20:10:00,1.93,19010.56,,,,,,
6102,07/10/2025 20:15:00,1.54,19814.40,,,,,,
6103,07/10/2025 20:20:00,2.14,27095.04,,,,,,
6104,07/10/2025 20:25:00,2.66,27197.44,,,,,,
6105,07/10/2025 20:30:00,2.14,21821.44,,,,,,
6106,07/10/2025 20:35:00,2.79,31150.08,,,,,,
6107,07/10/2025 20:40:00,3.21,30197.76,,,,,,
6108,07/10/2025 20:45:00,3.26,30187.52,,,,,,
6109,07/10/2025 20:50:00,2.91,25088.00,,,,,,
6110,07/10/2025 20:55:00,1.97,16384.00,,,,,,
6111,07/10/2025 21:00:00,1.24,13916.16,,,,,,
6112,07/10/2025 21:05:00,0.98,13148.16,,,,,,
6113,07/10/2025 21:10:00,0.81,12001.28,,,,,,
6114,07/10/2025 21:15:00,0.47,8686.08,,,,,,
6115,07/10/2025 21:20:00,0.13,6876.16,,,,,,
6116,07/10/2025 21:25:00,0.04,7329.28,,,,,,
6117,07/10/2025 21:30:00,0.13,7521.28,,,,,,
6118,07/10/2025 21:35:00,0.25,7751.68,,,,,,
6119,07/10/2025 21:40:00,0.30,7815.68,,,,,,
6120,07/10/2025 21:45:00,0.25,6453.76,,,,,,
6121,07/10/2025 21:50:00,0.30,6021.12,,,,,,
6122,07/10/2025 21:55:00,0.34,5434.88,,,,,,
6123,07/10/2025 22:00:00,0.34,4751.36,,,,,,
6124,07/10/2025 22:05:00,0.38,4122.88,,,,,,
6125,07/10/2025 22:10:00,0.43,3612.16,,,,,,
6126,07/10/2025 22:15:00,0.34,2909.44,,,,,,
6127,07/10/2025 22:20:00,0.30,2570.88,,,,,,
6128,07/10/2025 22:25:00,0.30,2160.00,,,,,,
6129,07/10/2025 22:30:00,0.25,1839.36,,,,,,
6130,07/10/2025 22:35:00,0.25,1618.56,,,,,,
6131,07/10/2025 22:40:00,0.25,1248.64,,,,,,
6132,07/10/2025 22:45:00,0.25,1065.28,,,,,,
6133,07/10/2025 22:50:00,0.25,900.48,,,,,,
6134,07/10/2025 22:55:00,0.21,713.92,,,,,,
6135,07/10/2025 23:00:00,0.25,546.08,,,,,,
6136,07/10/2025 23:05:00,0.17,414.56,,,,,,
6137,07/10/2025 23:10:00,0.21,301.84,,,,,,
6138,07/10/2025 23:15:00,0.21,217.52,,,,,,
6139,07/10/2025 23:20:00,0.21,151.36,,,,,,
6140,07/10/2025 23:25:00,0.17,102.48,,,,,,
6141,07/10/2025 23:30:00,0.17,69.82,,,,,,
6142,07/10/2025 23:35:00,0.17,47.14,,,,,,
6143,07/10/2025 23:40:00,0.13,33.05,,,,,,
6144,07/10/2025 23:45:00,0.25,22.72,,,,,,
6145,07/10/2025 23:50:00,0.21,16.68,,,,,,
6146,07/10/2025 23:55:00,0.21,11.92,,,,,,
6147,07/11/2025 00:00:00,0.17,8.43,,,,,,
6148,07/11/2025 00:05:00,0.21,5.75,,,,,,
6149,07/11/2025 00:10:00,0.21,4.11,,,,,,
6150,07/11/2025 00:15:00,0.21,2.87,,,,,,
6151,07/11/2025 00:20:00,0.25,2.26,,,,,,
6152,07/11/2025 00:25:00,0.21,1.43,,,,,,
6153,07/11/2025 00:30:00,0.17,0.82,,,,,,
6154,07/11/2025 00:35:00,0.21,0.61,,,,,,
6155,07/11/2025 00:40:00,0.17,0.41,,,,,,
6156,07/11/2025 00:45:00,0.21,0.20,,,,,,
6157,07/11/2025 00:50:00,0.25,0.20,,,,,,
6158,07/11/2025 00:55:00,0.25,0.00,,,,,,
6159,07/11/2025 01:00:00,0.25,0.00,,,,,,
6160,07/11/2025 01:05:00,0.25,0.00,,,,,,
6161,07/11/2025 01:10:00,0.25,0.00,,,,,,
6162,07/11/2025 01:15:00,0.30,0.00,,,,,,
6163,07/11/2025 01:20:00,0.34,0.00,,,,,,
6164,07/11/2025 01:25:00,0.34,0.00,,,,,,
6165,07/11/2025 01:30:00,0.38,0.00,,,,,,
6166,07/11/2025 01:35:00,0.34,0.00,,,,,,
6167,07/11/2025 01:40:00,0.38,0.00,,,,,,
6168,07/11/2025 01:45:00,0.47,0.00,,,,,,
6169,07/11/2025 01:50:00,0.43,0.00,,,,,,
6170,07/11/2025 01:55:00,0.38,0.00,,,,,,
6171,07/11/2025 02:00:00,0.34,0.00,,,,,,
6172,07/11/2025 02:05:00,0.30,0.00,,,,,,
6173,07/11/2025 02:10:00,0.51,0.00,,,,,,
6174,07/11/2025 02:15:00,0.51,0.00,,,,,,
6175,07/11/2025 02:20:00,0.55,0.41,,,,,,
6176,07/11/2025 02:25:00,0.60,0.00,,,,,,
6177,07/11/2025 02:30:00,0.73,0.00,,,,,,
6178,07/11/2025 02:35:00,0.68,0.61,,,,,,
6179,07/11/2025 02:40:00,0.77,0.00,,,,,,
6180,07/11/2025 02:45:00,0.73,0.00,,,,,,
6181,07/11/2025 02:50:00,0.68,0.00,,,,,,
6182,07/11/2025 02:55:00,0.73,0.00,,,,,,
6183,07/11/2025 03:00:00,0.68,0.00,,,,,,
6184,07/11/2025 03:05:00,0.68,0.00,,,,,,
6185,07/11/2025 03:10:00,0.64,0.20,,,,,,
6186,07/11/2025 03:15:00,0.60,0.20,,,,,,
6187,07/11/2025 03:20:00,0.60,0.41,,,,,,
6188,07/11/2025 03:25:00,0.68,0.61,,,,,,
6189,07/11/2025 03:30:00,0.64,0.82,,,,,,
6190,07/11/2025 03:35:00,0.55,1.02,,,,,,
6191,07/11/2025 03:40:00,0.55,1.64,,,,,,
6192,07/11/2025 03:45:00,0.55,2.26,,,,,,
6193,07/11/2025 03:50:00,0.55,3.08,,,,,,
6194,07/11/2025 03:55:00,0.51,4.52,,,,,,
6195,07/11/2025 04:00:00,0.47,6.58,,,,,,
6196,07/11/2025 04:05:00,0.43,9.66,,,,,,
6197,07/11/2025 04:10:00,0.47,13.57,,,,,,
6198,07/11/2025 04:15:00,0.43,18.76,,,,,,
6199,07/11/2025 04:20:00,0.47,26.42,,,,,,
6200,07/11/2025 04:25:00,0.51,37.63,,,,,,
6201,07/11/2025 04:30:00,0.60,52.08,,,,,,
6202,07/11/2025 04:35:00,0.60,72.80,,,,,,
6203,07/11/2025 04:40:00,0.60,109.08,,,,,,
6204,07/11/2025 04:45:00,0.68,174.80,,,,,,
6205,07/11/2025 04:50:00,0.81,252.72,,,,,,
6206,07/11/2025 04:55:00,0.81,332.80,,,,,,
6207,07/11/2025 05:00:00,0.86,445.44,,,,,,
6208,07/11/2025 05:05:00,0.81,590.08,,,,,,
6209,07/11/2025 05:10:00,0.77,773.12,,,,,,
6210,07/11/2025 05:15:00,0.86,938.56,,,,,,
6211,07/11/2025 05:20:00,0.81,1233.92,,,,,,
6212,07/11/2025 05:25:00,0.90,1344.00,,,,,,
6213,07/11/2025 05:30:00,0.94,1538.56,,,,,,
6214,07/11/2025 05:35:00,1.07,1672.96,,,,,,
6215,07/11/2025 05:40:00,1.24,2189.44,,,,,,
6216,07/11/2025 05:45:00,1.46,2851.84,,,,,,
6217,07/11/2025 05:50:00,1.54,2863.36,,,,,,
6218,07/11/2025 05:55:00,1.54,2799.36,,,,,,
6219,07/11/2025 06:00:00,1.76,3513.60,,,,,,
6220,07/11/2025 06:05:00,1.84,4072.96,,,,,,
6221,07/11/2025 06:10:00,1.88,4875.52,,,,,,
6222,07/11/2025 06:15:00,1.93,4942.08,,,,,,
6223,07/11/2025 06:20:00,1.93,5749.76,,,,,,
6224,07/11/2025 06:25:00,2.10,7416.32,,,,,,
6225,07/11/2025 06:30:00,2.31,8330.24,,,,,,
6226,07/11/2025 06:35:00,2.40,8138.24,,,,,,
6227,07/11/2025 06:40:00,2.40,8133.12,,,,,,
6228,07/11/2025 06:45:00,2.44,6835.20,,,,,,
6229,07/11/2025 06:50:00,2.49,8376.32,,,,,,
6230,07/11/2025 06:55:00,2.61,11151.36,,,,,,
6231,07/11/2025 07:00:00,2.74,10895.36,,,,,,
6232,07/11/2025 07:05:00,2.91,13040.64,,,,,,
6233,07/11/2025 07:10:00,3.17,15283.20,,,,,,
6234,07/11/2025 07:15:00,3.21,14812.16,,,,,,
6235,07/11/2025 07:20:00,3.52,17305.60,,,,,,
6236,07/11/2025 07:25:00,3.56,16455.68,,,,,,
6237,07/11/2025 07:30:00,3.52,16583.68,,,,,,
6238,07/11/2025 07:35:00,3.69,19123.20,,,,,,
6239,07/11/2025 07:40:00,3.99,22128.64,,,,,,
6240,07/11/2025 07:45:00,4.12,23019.52,,,,,,
6241,07/11/2025 07:50:00,4.12,20648.96,,,,,,
6242,07/11/2025 07:55:00,3.86,18278.40,,,,,,
6243,07/11/2025 08:00:00,3.52,15554.56,,,,,,
6244,07/11/2025 08:05:00,3.94,22937.60,,,,,,
6245,07/11/2025 08:10:00,4.29,24207.36,,,,,,
6246,07/11/2025 08:15:00,4.29,23357.44,,,,,,
6247,07/11/2025 08:20:00,4.33,25579.52,,,,,,
6248,07/11/2025 08:25:00,4.72,31027.20,,,,,,
6249,07/11/2025 08:30:00,5.15,32911.36,,,,,,
6250,07/11/2025 08:35:00,5.49,37242.88,,,,,,
6251,07/11/2025 08:40:00,5.75,36904.96,,,,,,
6252,07/11/2025 08:45:00,4.76,27770.88,,,,,,
6253,07/11/2025 08:50:00,4.97,34099.20,,,,,,
6254,07/11/2025 08:55:00,4.72,29409.28,,,,,,
6255,07/11/2025 09:00:00,4.37,29020.16,,,,,,
6256,07/11/2025 09:05:00,5.06,34652.16,,,,,,
6257,07/11/2025 09:10:00,5.36,34119.68,,,,,,
6258,07/11/2025 09:15:00,6.17,42967.04,,,,,,
6259,07/11/2025 09:20:00,7.03,51548.16,,,,,,
6260,07/11/2025 09:25:00,7.25,47595.52,,,,,,
6261,07/11/2025 09:30:00,6.99,46796.80,,,,,,
6262,07/11/2025 09:35:00,7.50,54845.44,,,,,,
6263,07/11/2025 09:40:00,8.06,62341.12,,,,,,
6264,07/11/2025 09:45:00,7.98,57692.16,,,,,,
6265,07/11/2025 09:50:00,7.93,59637.76,,,,,,
6266,07/11/2025 09:55:00,8.83,65536.00,,,,,,
6267,07/11/2025 10:00:00,9.48,68034.56,,,,,,
6268,07/11/2025 10:05:00,9.61,66621.44,,,,,,
6269,07/11/2025 10:10:00,10.08,69283.84,,,,,,
6270,07/11/2025 10:15:00,10.16,69775.36,,,,,,
6271,07/11/2025 10:20:00,10.89,73830.40,,,,,,
6272,07/11/2025 10:25:00,10.98,66949.12,,,,,,
6273,07/11/2025 10:30:00,9.52,58368.00,,,,,,
6274,07/11/2025 10:35:00,8.62,52039.68,,,,,,
6275,07/11/2025 10:40:00,7.93,53288.96,,,,,,
6276,07/11/2025 10:45:00,8.45,60538.88,,,,,,
6277,07/11/2025 10:50:00,8.92,64122.88,,,,,,
6278,07/11/2025 10:55:00,9.65,69611.52,,,,,,
6279,07/11/2025 11:00:00,10.94,83886.08,,,,,,
6280,07/11/2025 11:05:00,11.15,87121.92,,,,,,
6281,07/11/2025 11:10:00,12.48,93634.56,,,,,,
6282,07/11/2025 11:15:00,12.57,87736.32,,,,,,
6283,07/11/2025 11:20:00,12.14,82903.04,,,,,,
6284,07/11/2025 11:25:00,12.35,93388.80,,,,,,
6285,07/11/2025 11:30:00,12.22,84910.08,,,,,,
6286,07/11/2025 11:35:00,11.79,78888.96,,,,,,
6287,07/11/2025 11:40:00,11.88,82452.48,,,,,,
6288,07/11/2025 11:45:00,12.31,86835.20,,,,,,
6289,07/11/2025 11:50:00,12.78,89374.72,,,,,,
6290,07/11/2025 11:55:00,12.82,87080.96,,,,,,
6291,07/11/2025 12:00:00,13.08,87285.76,,,,,,
6292,07/11/2025 12:05:00,12.22,82882.56,,,,,,
6293,07/11/2025 12:10:00,12.87,96747.52,,,,,,
6294,07/11/2025 12:15:00,12.10,80015.36,,,,,,
6295,07/11/2025 12:20:00,11.58,86261.76,,,,,,
6296,07/11/2025 12:25:00,12.82,93102.08,,,,,,
6297,07/11/2025 12:30:00,12.70,90030.08,,,,,,
6298,07/11/2025 12:35:00,11.49,84541.44,,,,,,
6299,07/11/2025 12:40:00,11.97,95846.40,,,,,,
6300,07/11/2025 12:45:00,13.90,113868.80,,,,,,
6301,07/11/2025 12:50:00,13.47,88227.84,,,,,,
6302,07/11/2025 12:55:00,11.49,87162.88,,,,,,
6303,07/11/2025 13:00:00,11.88,101376.00,,,,,,
6304,07/11/2025 13:05:00,12.18,88023.04,,,,,,
6305,07/11/2025 13:10:00,11.37,89579.52,,,,,,
6306,07/11/2025 13:15:00,11.54,89047.04,,,,,,
6307,07/11/2025 13:20:00,11.84,97034.24,,,,,,
6308,07/11/2025 13:25:00,11.88,86999.04,,,,,,
6309,07/11/2025 13:30:00,11.07,91996.16,,,,,,
6310,07/11/2025 13:35:00,12.31,99041.28,,,,,,
6311,07/11/2025 13:40:00,12.18,83271.68,,,,,,
6312,07/11/2025 13:45:00,12.10,93184.00,,,,,,
6313,07/11/2025 13:50:00,14.45,110264.32,,,,,,
6314,07/11/2025 13:55:00,15.31,112107.52,,,,,,
6315,07/11/2025 14:00:00,13.77,105103.36,,,,,,
6316,07/11/2025 14:05:00,13.68,98426.88,,,,,,
6317,07/11/2025 14:10:00,12.48,90439.68,,,,,,
6318,07/11/2025 14:15:00,12.31,96419.84,,,,,,
6319,07/11/2025 14:20:00,13.21,103014.40,,,,,,
6320,07/11/2025 14:25:00,10.64,81756.16,,,,,,
6321,07/11/2025 14:30:00,9.86,82534.40,,,,,,
6322,07/11/2025 14:35:00,9.99,85319.68,,,,,,
6323,07/11/2025 14:40:00,10.68,97361.92,,,,,,
6324,07/11/2025 14:45:00,10.98,86261.76,,,,,,
6325,07/11/2025 14:50:00,9.99,80936.96,,,,,,
6326,07/11/2025 14:55:00,10.04,93224.96,,,,,,
6327,07/11/2025 15:00:00,13.17,81244.16,,,,,,
6328,07/11/2025 15:05:00,11.28,78172.16,,,,,,
6329,07/11/2025 15:10:00,10.55,85237.76,,,,,,
6330,07/11/2025 15:15:00,11.02,93429.76,,,,,,
6331,07/11/2025 15:20:00,10.85,84336.64,,,,,,
6332,07/11/2025 15:25:00,8.75,65146.88,,,,,,
6333,07/11/2025 15:30:00,8.45,69324.80,,,,,,
6334,07/11/2025 15:35:00,8.58,74199.04,,,,,,
6335,07/11/2025 15:40:00,8.92,75776.00,,,,,,
6336,07/11/2025 15:45:00,8.96,74014.72,,,,,,
6337,07/11/2025 15:50:00,8.79,73646.08,,,,,,
6338,07/11/2025 15:55:00,9.09,80855.04,,,,,,
6339,07/11/2025 16:00:00,9.78,85524.48,,,,,,
6340,07/11/2025 16:05:00,10.04,71987.20,,,,,,
6341,07/11/2025 16:10:00,8.58,69201.92,,,,,,
6342,07/11/2025 16:15:00,10.16,86999.04,,,,,,
6343,07/11/2025 16:20:00,8.96,63139.84,,,,,,
6344,07/11/2025 16:25:00,7.63,53841.92,,,,,,
6345,07/11/2025 16:30:00,8.23,74199.04,,,,,,
6346,07/11/2025 16:35:00,7.55,59002.88,,,,,,
6347,07/11/2025 16:40:00,7.12,57262.08,,,,,,
6348,07/11/2025 16:45:00,7.68,73441.28,,,,,,
6349,07/11/2025 16:50:00,6.60,44892.16,,,,,,
6350,07/11/2025 16:55:00,6.09,53288.96,,,,,,
6351,07/11/2025 17:00:00,6.60,63959.04,,,,,,
6352,07/11/2025 17:05:00,7.03,51752.96,,,,,,
6353,07/11/2025 17:10:00,5.45,52224.00,,,,,,
6354,07/11/2025 17:15:00,6.60,51466.24,,,,,,
6355,07/11/2025 17:20:00,5.70,45178.88,,,,,,
6356,07/11/2025 17:25:00,6.00,54988.80,,,,,,
6357,07/11/2025 17:30:00,5.79,51466.24,,,,,,
6358,07/11/2025 17:35:00,5.92,51445.76,,,,,,
6359,07/11/2025 17:40:00,5.49,46407.68,,,,,,
6360,07/11/2025 17:45:00,5.15,41103.36,,,,,,
6361,07/11/2025 17:50:00,4.89,38860.80,,,,,,
6362,07/11/2025 17:55:00,5.23,41840.64,,,,,,
6363,07/11/2025 18:00:00,5.27,45404.16,,,,,,
6364,07/11/2025 18:05:00,5.19,46182.40,,,,,,
6365,07/11/2025 18:10:00,5.15,39864.32,,,,,,
6366,07/11/2025 18:15:00,4.72,41564.16,,,,,,
6367,07/11/2025 18:20:00,5.19,44789.76,,,,,,
6368,07/11/2025 18:25:00,4.84,36864.00,,,,,,
6369,07/11/2025 18:30:00,4.29,34242.56,,,,,,
6370,07/11/2025 18:35:00,3.56,31508.48,,,,,,
6371,07/11/2025 18:40:00,4.24,31887.36,,,,,,
6372,07/11/2025 18:45:00,3.77,29726.72,,,,,,
6373,07/11/2025 18:50:00,3.99,31262.72,,,,,,
6374,07/11/2025 18:55:00,4.03,33044.48,,,,,,
6375,07/11/2025 19:00:00,4.16,33382.40,,,,,,
6376,07/11/2025 19:05:00,3.86,28712.96,,,,,,
6377,07/11/2025 19:10:00,3.69,29347.84,,,,,,
6378,07/11/2025 19:15:00,3.60,28170.24,,,,,,
6379,07/11/2025 19:20:00,3.26,26265.60,,,,,,
6380,07/11/2025 19:25:00,3.13,24381.44,,,,,,
6381,07/11/2025 19:30:00,2.87,24780.80,,,,,,
6382,07/11/2025 19:35:00,2.83,25743.36,,,,,,
6383,07/11/2025 19:40:00,3.00,24432.64,,,,,,
6384,07/11/2025 19:45:00,2.91,25487.36,,,,,,
6385,07/11/2025 19:50:00,2.57,23941.12,,,,,,
6386,07/11/2025 19:55:00,2.53,23695.36,,,,,,
6387,07/11/2025 20:00:00,2.44,21841.92,,,,,,
6388,07/11/2025 20:05:00,1.93,16583.68,,,,,,
6389,07/11/2025 20:10:00,1.76,14832.64,,,,,,
6390,07/11/2025 20:15:00,1.76,15093.76,,,,,,
6391,07/11/2025 20:20:00,1.67,14151.68,,,,,,
6392,07/11/2025 20:25:00,1.50,11765.76,,,,,,
6393,07/11/2025 20:30:00,1.28,11064.32,,,,,,
6394,07/11/2025 20:35:00,1.24,10119.68,,,,,,
6395,07/11/2025 20:40:00,1.24,11975.68,,,,,,
6396,07/11/2025 20:45:00,1.37,10362.88,,,,,,
6397,07/11/2025 20:50:00,1.24,9981.44,,,,,,
6398,07/11/2025 20:55:00,1.20,9487.36,,,,,,
6399,07/11/2025 21:00:00,1.16,8460.80,,,,,,
6400,07/11/2025 21:05:00,1.16,10391.04,,,,,,
6401,07/11/2025 21:10:00,1.20,9118.72,,,,,,
6402,07/11/2025 21:15:00,1.16,8890.88,,,,,,
6403,07/11/2025 21:20:00,0.86,5634.56,,,,,,
6404,07/11/2025 21:25:00,0.73,5422.08,,,,,,
6405,07/11/2025 21:30:00,0.81,6325.76,,,,,,
6406,07/11/2025 21:35:00,1.03,7659.52,,,,,,
6407,07/11/2025 21:40:00,1.33,9331.20,,,,,,
6408,07/11/2025 21:45:00,1.16,7480.32,,,,,,
6409,07/11/2025 21:50:00,0.81,4760.32,,,,,,
6410,07/11/2025 21:55:00,0.64,3825.92,,,,,,
6411,07/11/2025 22:00:00,0.60,3691.52,,,,,,
6412,07/11/2025 22:05:00,0.51,3448.32,,,,,,
6413,07/11/2025 22:10:00,0.43,2607.36,,,,,,
6414,07/11/2025 22:15:00,0.38,2671.36,,,,,,
6415,07/11/2025 22:20:00,0.30,2291.20,,,,,,
6416,07/11/2025 22:25:00,0.30,1854.08,,,,,,
6417,07/11/2025 22:30:00,0.25,1912.96,,,,,,
6418,07/11/2025 22:35:00,0.34,1585.92,,,,,,
6419,07/11/2025 22:40:00,0.25,1383.04,,,,,,
6420,07/11/2025 22:45:00,0.17,1015.04,,,,,,
6421,07/11/2025 22:50:00,0.17,826.24,,,,,,
6422,07/11/2025 22:55:00,0.21,630.40,,,,,,
6423,07/11/2025 23:00:00,0.17,489.76,,,,,,
6424,07/11/2025 23:05:00,0.17,366.56,,,,,,
6425,07/11/2025 23:10:00,0.13,271.44,,,,,,
6426,07/11/2025 23:15:00,0.17,192.08,,,,,,
6427,07/11/2025 23:20:00,0.13,138.92,,,,,,
6428,07/11/2025 23:25:00,0.13,105.80,,,,,,
6429,07/11/2025 23:30:00,0.17,73.62,,,,,,
6430,07/11/2025 23:35:00,0.13,47.54,,,,,,
6431,07/11/2025 23:40:00,0.04,33.47,,,,,,
6432,07/11/2025 23:45:00,-0.00,24.37,,,,,,
6433,07/11/2025 23:50:00,0.04,13.98,,,,,,
6434,07/11/2025 23:55:00,0.04,9.25,,,,,,
6435,07/12/2025 00:00:00,0.04,6.78,,,,,,
6436,07/12/2025 00:05:00,-0.00,4.73,,,,,,
6437,07/12/2025 00:10:00,0.04,3.70,,,,,,
6438,07/12/2025 00:15:00,-0.09,2.87,,,,,,
6439,07/12/2025 00:20:00,-0.13,1.64,,,,,,
6440,07/12/2025 00:25:00,-0.09,1.23,,,,,,
6441,07/12/2025 00:30:00,-0.13,0.82,,,,,,
6442,07/12/2025 00:35:00,-0.13,0.41,,,,,,
6443,07/12/2025 00:40:00,-0.13,0.20,,,,,,
6444,07/12/2025 00:45:00,-0.17,0.20,,,,,,
6445,07/12/2025 00:50:00,-0.13,0.00,,,,,,
6446,07/12/2025 00:55:00,-0.22,0.61,,,,,,
6447,07/12/2025 01:00:00,-0.17,0.00,,,,,,
6448,07/12/2025 01:05:00,-0.22,0.00,,,,,,
6449,07/12/2025 01:10:00,-0.26,0.00,,,,,,
6450,07/12/2025 01:15:00,-0.30,0.00,,,,,,
6451,07/12/2025 01:20:00,-0.35,0.00,,,,,,
6452,07/12/2025 01:25:00,-0.43,0.00,,,,,,
6453,07/12/2025 01:30:00,-0.47,0.00,,,,,,
6454,07/12/2025 01:35:00,-0.56,0.00,,,,,,
6455,07/12/2025 01:40:00,-0.60,0.00,,,,,,
6456,07/12/2025 01:45:00,-0.69,0.00,,,,,,
6457,07/12/2025 01:50:00,-0.69,0.00,,,,,,
6458,07/12/2025 01:55:00,-0.73,0.00,,,,,,
6459,07/12/2025 02:00:00,-0.73,0.00,,,,,,
6460,07/12/2025 02:05:00,-0.69,0.00,,,,,,
6461,07/12/2025 02:10:00,-0.65,0.00,,,,,,
6462,07/12/2025 02:15:00,-0.69,0.00,,,,,,
6463,07/12/2025 02:20:00,-0.73,0.00,,,,,,
6464,07/12/2025 02:25:00,-0.77,0.00,,,,,,
6465,07/12/2025 02:30:00,-0.77,0.00,,,,,,
6466,07/12/2025 02:35:00,-0.77,0.00,,,,,,
6467,07/12/2025 02:40:00,-0.86,0.00,,,,,,
6468,07/12/2025 02:45:00,-0.82,0.00,,,,,,
6469,07/12/2025 02:50:00,-0.77,0.00,,,,,,
6470,07/12/2025 02:55:00,-0.77,0.00,,,,,,
6471,07/12/2025 03:00:00,-0.82,0.00,,,,,,
6472,07/12/2025 03:05:00,-0.86,0.00,,,,,,
6473,07/12/2025 03:10:00,-0.82,0.20,,,,,,
6474,07/12/2025 03:15:00,-0.95,0.20,,,,,,
6475,07/12/2025 03:20:00,-0.95,0.41,,,,,,
6476,07/12/2025 03:25:00,-0.99,0.41,,,,,,
6477,07/12/2025 03:30:00,-0.99,0.82,,,,,,
6478,07/12/2025 03:35:00,-1.03,1.02,,,,,,
6479,07/12/2025 03:40:00,-1.03,1.43,,,,,,
6480,07/12/2025 03:45:00,-1.03,1.85,,,,,,
6481,07/12/2025 03:50:00,-1.08,2.67,,,,,,
6482,07/12/2025 03:55:00,-1.08,4.11,,,,,,
6483,07/12/2025 04:00:00,-1.08,5.75,,,,,,
6484,07/12/2025 04:05:00,-1.08,7.60,,,,,,
6485,07/12/2025 04:10:00,-1.08,11.92,,,,,,
6486,07/12/2025 04:15:00,-1.08,17.09,,,,,,
6487,07/12/2025 04:20:00,-1.12,23.95,,,,,,
6488,07/12/2025 04:25:00,-1.08,33.05,,,,,,
6489,07/12/2025 04:30:00,-1.03,47.54,,,,,,
6490,07/12/2025 04:35:00,-1.16,67.34,,,,,,
6491,07/12/2025 04:40:00,-1.29,97.56,,,,,,
6492,07/12/2025 04:45:00,-1.29,139.72,,,,,,
6493,07/12/2025 04:50:00,-1.20,198.64,,,,,,
6494,07/12/2025 04:55:00,-1.08,285.60,,,,,,
6495,07/12/2025 05:00:00,-1.03,378.40,,,,,,
6496,07/12/2025 05:05:00,-1.08,489.76,,,,,,
6497,07/12/2025 05:10:00,-1.03,612.32,,,,,,
6498,07/12/2025 05:15:00,-1.03,764.80,,,,,,
6499,07/12/2025 05:20:00,-0.99,951.68,,,,,,
6500,07/12/2025 05:25:00,-1.16,1267.52,,,,,,
6501,07/12/2025 05:30:00,-1.16,1648.00,,,,,,
6502,07/12/2025 05:35:00,-0.95,2250.24,,,,,,
6503,07/12/2025 05:40:00,-0.82,2984.96,,,,,,
6504,07/12/2025 05:45:00,-0.60,3605.76,,,,,,
6505,07/12/2025 05:50:00,-0.52,4513.28,,,,,,
6506,07/12/2025 05:55:00,-0.09,6604.80,,,,,,
6507,07/12/2025 06:00:00,0.38,6771.20,,,,,,
6508,07/12/2025 06:05:00,0.60,9474.56,,,,,,
6509,07/12/2025 06:10:00,2.10,11950.08,,,,,,
6510,07/12/2025 06:15:00,1.11,7994.88,,,,,,
6511,07/12/2025 06:20:00,0.25,6379.52,,,,,,
6512,07/12/2025 06:25:00,-0.05,6394.88,,,,,,
6513,07/12/2025 06:30:00,0.25,11950.08,,,,,,
6514,07/12/2025 06:35:00,1.07,16619.52,,,,,,
6515,07/12/2025 06:40:00,1.93,19778.56,,,,,,
6516,07/12/2025 06:45:00,1.93,18022.40,,,,,,
6517,07/12/2025 06:50:00,1.93,19512.32,,,,,,
6518,07/12/2025 06:55:00,2.40,22528.00,,,,,,
6519,07/12/2025 07:00:00,1.67,16153.60,,,,,,
6520,07/12/2025 07:05:00,1.71,18365.44,,,,,,
6521,07/12/2025 07:10:00,2.36,23480.32,,,,,,
6522,07/12/2025 07:15:00,2.31,21411.84,,,,,,
6523,07/12/2025 07:20:00,2.36,22128.64,,,,,,
6524,07/12/2025 07:25:00,2.79,29337.60,,,,,,
6525,07/12/2025 07:30:00,4.07,36270.08,,,,,,
6526,07/12/2025 07:35:00,4.24,32757.76,,,,,,
6527,07/12/2025 07:40:00,4.07,30556.16,,,,,,
6528,07/12/2025 07:45:00,4.42,33187.84,,,,,,
6529,07/12/2025 07:50:00,5.23,33873.92,,,,,,
6530,07/12/2025 07:55:00,4.37,29399.04,,,,,,
6531,07/12/2025 08:00:00,3.86,30443.52,,,,,,
6532,07/12/2025 08:05:00,3.60,29061.12,,,,,,
6533,07/12/2025 08:10:00,3.60,30832.64,,,,,,
6534,07/12/2025 08:15:00,3.30,29388.80,,,,,,
6535,07/12/2025 08:20:00,3.30,28856.32,,,,,,
6536,07/12/2025 08:25:00,3.39,30597.12,,,,,,
6537,07/12/2025 08:30:00,3.73,31907.84,,,,,,
6538,07/12/2025 08:35:00,3.77,32768.00,,,,,,
6539,07/12/2025 08:40:00,3.73,32993.28,,,,,,
6540,07/12/2025 08:45:00,3.52,32921.60,,,,,,
6541,07/12/2025 08:50:00,3.69,34549.76,,,,,,
6542,07/12/2025 08:55:00,3.86,35215.36,,,,,,
6543,07/12/2025 09:00:00,3.99,36188.16,,,,,,
6544,07/12/2025 09:05:00,4.16,36925.44,,,,,,
6545,07/12/2025 09:10:00,4.33,37427.20,,,,,,
6546,07/12/2025 09:15:00,4.20,35225.60,,,,,,
6547,07/12/2025 09:20:00,3.99,34201.60,,,,,,
6548,07/12/2025 09:25:00,4.20,37642.24,,,,,,
6549,07/12/2025 09:30:00,4.76,42250.24,,,,,,
6550,07/12/2025 09:35:00,5.36,45465.60,,,,,,
6551,07/12/2025 09:40:00,6.26,48517.12,,,,,,
6552,07/12/2025 09:45:00,6.90,54067.20,,,,,,
6553,07/12/2025 09:50:00,7.50,56791.04,,,,,,
6554,07/12/2025 09:55:00,9.14,61788.16,,,,,,
6555,07/12/2025 10:00:00,9.95,65617.92,,,,,,
6556,07/12/2025 10:05:00,9.82,66990.08,,,,,,
6557,07/12/2025 10:10:00,9.99,70676.48,,,,,,
6558,07/12/2025 10:15:00,10.89,79380.48,,,,,,
6559,07/12/2025 10:20:00,12.65,80486.40,,,,,,
6560,07/12/2025 10:25:00,13.47,85647.36,,,,,,
6561,07/12/2025 10:30:00,12.74,70328.32,,,,,,
6562,07/12/2025 10:35:00,11.88,68321.28,,,,,,
6563,07/12/2025 10:40:00,11.41,62791.68,,,,,,
6564,07/12/2025 10:45:00,10.04,63447.04,,,,,,
6565,07/12/2025 10:50:00,9.69,60928.00,,,,,,
6566,07/12/2025 10:55:00,9.61,63508.48,,,,,,
6567,07/12/2025 11:00:00,10.34,66887.68,,,,,,
6568,07/12/2025 11:05:00,11.92,77885.44,,,,,,
6569,07/12/2025 11:10:00,13.64,92528.64,,,,,,
6570,07/12/2025 11:15:00,15.61,91054.08,,,,,,
6571,07/12/2025 11:20:00,14.93,81223.68,,,,,,
6572,07/12/2025 11:25:00,14.37,81920.00,,,,,,
6573,07/12/2025 11:30:00,14.33,87203.84,,,,,,
6574,07/12/2025 11:35:00,15.96,92160.00,,,,,,
6575,07/12/2025 11:40:00,17.16,96337.92,,,,,,
6576,07/12/2025 11:45:00,18.44,95846.40,,,,,,
6577,07/12/2025 11:50:00,18.23,89866.24,,,,,,
6578,07/12/2025 11:55:00,17.89,84049.92,,,,,,
6579,07/12/2025 12:00:00,17.72,87613.44,,,,,,
6580,07/12/2025 12:05:00,19.30,92979.20,,,,,,
6581,07/12/2025 12:10:00,19.60,89702.40,,,,,,
6582,07/12/2025 12:15:00,18.70,91873.28,,,,,,
6583,07/12/2025 12:20:00,21.23,114114.56,,,,,,
6584,07/12/2025 12:25:00,19.65,87040.00,,,,,,
6585,07/12/2025 12:30:00,20.29,104488.96,,,,,,
6586,07/12/2025 12:35:00,19.26,98590.72,,,,,,
6587,07/12/2025 12:40:00,19.05,110960.64,,,,,,
6588,07/12/2025 12:45:00,19.09,103096.32,,,,,,
6589,07/12/2025 12:50:00,19.77,118456.32,,,,,,
6590,07/12/2025 12:55:00,21.92,113377.28,,,,,,
6591,07/12/2025 13:00:00,21.53,104079.36,,,,,,
6592,07/12/2025 13:05:00,22.31,111902.72,,,,,,
6593,07/12/2025 13:10:00,21.92,106782.72,,,,,,
6594,07/12/2025 13:15:00,19.26,91381.76,,,,,,
6595,07/12/2025 13:20:00,18.40,93347.84,,,,,,
6596,07/12/2025 13:25:00,21.06,116162.56,,,,,,
6597,07/12/2025 13:30:00,21.19,96501.76,,,,,,
6598,07/12/2025 13:35:00,18.92,91340.80,,,,,,
6599,07/12/2025 13:40:00,17.59,89047.04,,,,,,
6600,07/12/2025 13:45:00,17.59,109322.24,,,,,,
6601,07/12/2025 13:50:00,16.00,87572.48,,,,,,
6602,07/12/2025 13:55:00,17.54,113377.28,,,,,,
6603,07/12/2025 14:00:00,17.46,89948.16,,,,,,
6604,07/12/2025 14:05:00,17.63,93839.36,,,,,,
6605,07/12/2025 14:10:00,19.99,101662.72,,,,,,
6606,07/12/2025 14:15:00,19.43,93675.52,,,,,,
6607,07/12/2025 14:20:00,20.68,95764.48,,,,,,
6608,07/12/2025 14:25:00,21.62,107806.72,,,,,,
6609,07/12/2025 14:30:00,19.26,96419.84,,,,,,
6610,07/12/2025 14:35:00,21.66,92200.96,,,,,,
6611,07/12/2025 14:40:00,19.13,88842.24,,,,,,
6612,07/12/2025 14:45:00,19.30,102604.80,,,,,,
6613,07/12/2025 14:50:00,21.45,94126.08,,,,,,
6614,07/12/2025 14:55:00,23.68,102522.88,,,,,,
6615,07/12/2025 15:00:00,22.78,106577.92,,,,,,
6616,07/12/2025 15:05:00,25.82,97075.20,,,,,,
6617,07/12/2025 15:10:00,25.57,98099.20,,,,,,
6618,07/12/2025 15:15:00,25.78,92979.20,,,,,,
6619,07/12/2025 15:20:00,26.85,106905.60,,,,,,
6620,07/12/2025 15:25:00,26.81,105021.44,,,,,,
6621,07/12/2025 15:30:00,25.61,94044.16,,,,,,
6622,07/12/2025 15:35:00,23.85,91095.04,,,,,,
6623,07/12/2025 15:40:00,22.56,91709.44,,,,,,
6624,07/12/2025 15:45:00,22.43,91381.76,,,,,,
6625,07/12/2025 15:50:00,21.79,88309.76,,,,,,
6626,07/12/2025 15:55:00,21.83,86753.28,,,,,,
6627,07/12/2025 16:00:00,23.21,86220.80,,,,,,
6628,07/12/2025 16:05:00,26.77,85483.52,,,,,,
6629,07/12/2025 16:10:00,29.47,84377.60,,,,,,
6630,07/12/2025 16:15:00,28.53,83886.08,,,,,,
6631,07/12/2025 16:20:00,27.93,83517.44,,,,,,
6632,07/12/2025 16:25:00,27.71,82636.80,,,,,,
6633,07/12/2025 16:30:00,27.11,82083.84,,,,,,
6634,07/12/2025 16:35:00,27.07,80773.12,,,,,,
6635,07/12/2025 16:40:00,26.72,79933.44,,,,,,
6636,07/12/2025 16:45:00,23.89,79462.40,,,,,,
6637,07/12/2025 16:50:00,22.01,78561.28,,,,,,
6638,07/12/2025 16:55:00,20.63,78909.44,,,,,,
6639,07/12/2025 17:00:00,19.39,78848.00,,,,,,
6640,07/12/2025 17:05:00,20.37,79360.00,,,,,,
6641,07/12/2025 17:10:00,20.25,78069.76,,,,,,
6642,07/12/2025 17:15:00,20.20,78049.28,,,,,,
6643,07/12/2025 17:20:00,20.85,78172.16,,,,,,
6644,07/12/2025 17:25:00,21.36,76451.84,,,,,,
6645,07/12/2025 17:30:00,20.55,78417.92,,,,,,
6646,07/12/2025 17:35:00,19.30,77905.92,,,,,,
6647,07/12/2025 17:40:00,18.40,80261.12,,,,,,
6648,07/12/2025 17:45:00,18.27,81408.00,,,,,,
6649,07/12/2025 17:50:00,18.57,81797.12,,,,,,
6650,07/12/2025 17:55:00,19.39,81735.68,,,,,,
6651,07/12/2025 18:00:00,20.03,80691.20,,,,,,
6652,07/12/2025 18:05:00,20.20,78725.12,,,,,,
6653,07/12/2025 18:10:00,20.80,76492.80,,,,,,
6654,07/12/2025 18:15:00,21.40,74240.00,,,,,,
6655,07/12/2025 18:20:00,23.12,73359.36,,,,,,
6656,07/12/2025 18:25:00,22.91,68935.68,,,,,,
6657,07/12/2025 18:30:00,24.97,63385.60,,,,,,
6658,07/12/2025 18:35:00,26.42,64614.40,,,,,,
6659,07/12/2025 18:40:00,24.79,63406.08,,,,,,
6660,07/12/2025 18:45:00,22.09,62013.44,,,,,,
6661,07/12/2025 18:50:00,20.85,61501.44,,,,,,
6662,07/12/2025 18:55:00,19.47,61173.76,,,,,,
6663,07/12/2025 19:00:00,18.49,62484.48,,,,,,
6664,07/12/2025 19:05:00,17.89,50237.44,,,,,,
6665,07/12/2025 19:10:00,13.08,30801.92,,,,,,
6666,07/12/2025 19:15:00,9.69,28508.16,,,,,,
6667,07/12/2025 19:20:00,8.53,28354.56,,,,,,
6668,07/12/2025 19:25:00,9.26,31191.04,,,,,,
6669,07/12/2025 19:30:00,9.95,27473.92,,,,,,
6670,07/12/2025 19:35:00,9.91,23224.32,,,,,,
6671,07/12/2025 19:40:00,8.66,23203.84,,,,,,
6672,07/12/2025 19:45:00,7.25,23050.24,,,,,,
6673,07/12/2025 19:50:00,6.30,20633.60,,,,,,
6674,07/12/2025 19:55:00,5.96,22159.36,,,,,,
6675,07/12/2025 20:00:00,6.39,22497.28,,,,,,
6676,07/12/2025 20:05:00,8.58,28282.88,,,,,,
6677,07/12/2025 20:10:00,7.76,27832.32,,,,,,
6678,07/12/2025 20:15:00,7.85,24821.76,,,,,,
6679,07/12/2025 20:20:00,7.25,25108.48,,,,,,
6680,07/12/2025 20:25:00,6.30,24330.24,,,,,,
6681,07/12/2025 20:30:00,6.17,21063.68,,,,,,
6682,07/12/2025 20:35:00,8.92,38584.32,,,,,,
6683,07/12/2025 20:40:00,12.01,35266.56,,,,,,
6684,07/12/2025 20:45:00,13.12,32675.84,,,,,,
6685,07/12/2025 20:50:00,12.91,29685.76,,,,,,
6686,07/12/2025 20:55:00,12.10,24780.80,,,,,,
6687,07/12/2025 21:00:00,11.58,18851.84,,,,,,
6688,07/12/2025 21:05:00,7.59,12098.56,,,,,,
6689,07/12/2025 21:10:00,5.49,11453.44,,,,,,
6690,07/12/2025 21:15:00,4.59,10375.68,,,,,,
6691,07/12/2025 21:20:00,3.64,10119.68,,,,,,
6692,07/12/2025 21:25:00,3.13,10270.72,,,,,,
6693,07/12/2025 21:30:00,2.83,8862.72,,,,,,
6694,07/12/2025 21:35:00,2.49,6730.24,,,,,,
6695,07/12/2025 21:40:00,2.10,5149.44,,,,,,
6696,07/12/2025 21:45:00,1.63,4286.72,,,,,,
6697,07/12/2025 21:50:00,1.33,3605.76,,,,,,
6698,07/12/2025 21:55:00,1.20,3104.00,,,,,,
6699,07/12/2025 22:00:00,1.07,2746.88,,,,,,
6700,07/12/2025 22:05:00,0.90,2517.12,,,,,,
6701,07/12/2025 22:10:00,0.81,2293.12,,,,,,
6702,07/12/2025 22:15:00,0.73,2059.52,,,,,,
6703,07/12/2025 22:20:00,0.64,1847.04,,,,,,
6704,07/12/2025 22:25:00,0.51,1615.36,,,,,,
6705,07/12/2025 22:30:00,0.38,1379.20,,,,,,
6706,07/12/2025 22:35:00,0.30,1166.40,,,,,,
6707,07/12/2025 22:40:00,0.30,957.44,,,,,,
6708,07/12/2025 22:45:00,0.17,771.52,,,,,,
6709,07/12/2025 22:50:00,0.04,606.24,,,,,,
6710,07/12/2025 22:55:00,-0.00,467.52,,,,,,
6711,07/12/2025 23:00:00,0.04,364.16,,,,,,
6712,07/12/2025 23:05:00,-0.05,284.56,,,,,,
6713,07/12/2025 23:10:00,-0.05,215.92,,,,,,
6714,07/12/2025 23:15:00,-0.13,158.04,,,,,,
6715,07/12/2025 23:20:00,-0.17,112.48,,,,,,
6716,07/12/2025 23:25:00,-0.17,77.84,,,,,,
6717,07/12/2025 23:30:00,-0.22,56.18,,,,,,
6718,07/12/2025 23:35:00,-0.30,38.86,,,,,,
6719,07/12/2025 23:40:00,-0.39,26.06,,,,,,
6720,07/12/2025 23:45:00,-0.43,18.56,,,,,,
6721,07/12/2025 23:50:00,-0.43,13.16,,,,,,
6722,07/12/2025 23:55:00,-0.43,8.63,,,,,,
6723,07/13/2025 00:00:00,-0.43,5.55,,,,,,
6724,07/13/2025 00:05:00,-0.47,3.70,,,,,,
6725,07/13/2025 00:10:00,-0.35,2.67,,,,,,
6726,07/13/2025 00:15:00,-0.22,1.85,,,,,,
6727,07/13/2025 00:20:00,-0.09,1.23,,,,,,
6728,07/13/2025 00:25:00,-0.09,0.82,,,,,,
6729,07/13/2025 00:30:00,-0.05,0.61,,,,,,
6730,07/13/2025 00:35:00,-0.17,0.41,,,,,,
6731,07/13/2025 00:40:00,-0.17,0.20,,,,,,
6732,07/13/2025 00:45:00,-0.17,0.20,,,,,,
6733,07/13/2025 00:50:00,-0.13,0.00,,,,,,
6734,07/13/2025 00:55:00,-0.09,0.00,,,,,,
6735,07/13/2025 01:00:00,-0.17,0.00,,,,,,
6736,07/13/2025 01:05:00,-0.17,0.00,,,,,,
6737,07/13/2025 01:10:00,-0.05,0.00,,,,,,
6738,07/13/2025 01:15:00,-0.05,0.00,,,,,,
6739,07/13/2025 01:20:00,-0.00,0.00,,,,,,
6740,07/13/2025 01:25:00,0.04,0.00,,,,,,
6741,07/13/2025 01:30:00,0.13,0.00,,,,,,
6742,07/13/2025 01:35:00,0.04,0.00,,,,,,
6743,07/13/2025 01:40:00,-0.05,0.00,,,,,,
6744,07/13/2025 01:45:00,-0.00,0.00,,,,,,
6745,07/13/2025 01:50:00,0.04,0.00,,,,,,
6746,07/13/2025 01:55:00,0.04,0.00,,,,,,
6747,07/13/2025 02:00:00,0.04,0.00,,,,,,
6748,07/13/2025 02:05:00,0.04,0.00,,,,,,
6749,07/13/2025 02:10:00,0.04,0.00,,,,,,
6750,07/13/2025 02:15:00,0.08,0.00,,,,,,
6751,07/13/2025 02:20:00,0.08,0.00,,,,,,
6752,07/13/2025 02:25:00,0.13,0.00,,,,,,
6753,07/13/2025 02:30:00,0.13,0.00,,,,,,
6754,07/13/2025 02:35:00,0.13,0.00,,,,,,
6755,07/13/2025 02:40:00,0.08,0.00,,,,,,
6756,07/13/2025 02:45:00,0.04,0.00,,,,,,
6757,07/13/2025 02:50:00,0.04,0.00,,,,,,
6758,07/13/2025 02:55:00,0.04,0.00,,,,,,
6759,07/13/2025 03:00:00,0.08,0.00,,,,,,
6760,07/13/2025 03:05:00,0.13,0.00,,,,,,
6761,07/13/2025 03:10:00,0.17,0.82,,,,,,
6762,07/13/2025 03:15:00,0.21,0.20,,,,,,
6763,07/13/2025 03:20:00,0.17,0.20,,,,,,
6764,07/13/2025 03:25:00,0.17,1.02,,,,,,
6765,07/13/2025 03:30:00,0.17,0.61,,,,,,
6766,07/13/2025 03:35:00,0.21,0.82,,,,,,
6767,07/13/2025 03:40:00,0.21,1.02,,,,,,
6768,07/13/2025 03:45:00,0.30,1.64,,,,,,
6769,07/13/2025 03:50:00,0.21,2.26,,,,,,
6770,07/13/2025 03:55:00,0.04,3.08,,,,,,
6771,07/13/2025 04:00:00,0.13,4.52,,,,,,
6772,07/13/2025 04:05:00,-0.00,6.78,,,,,,
6773,07/13/2025 04:10:00,0.17,10.48,,,,,,
6774,07/13/2025 04:15:00,0.25,14.42,,,,,,
6775,07/13/2025 04:20:00,0.17,19.38,,,,,,
6776,07/13/2025 04:25:00,0.30,26.88,,,,,,
6777,07/13/2025 04:30:00,0.43,38.86,,,,,,
6778,07/13/2025 04:35:00,0.38,60.30,,,,,,
6779,07/13/2025 04:40:00,0.34,84.40,,,,,,
6780,07/13/2025 04:45:00,0.34,127.28,,,,,,
6781,07/13/2025 04:50:00,0.38,182.00,,,,,,
6782,07/13/2025 04:55:00,0.38,255.60,,,,,,
6783,07/13/2025 05:00:00,0.38,343.36,,,,,,
6784,07/13/2025 05:05:00,0.47,461.76,,,,,,
6785,07/13/2025 05:10:00,0.47,622.24,,,,,,
6786,07/13/2025 05:15:00,0.47,818.24,,,,,,
6787,07/13/2025 05:20:00,0.47,963.20,,,,,,
6788,07/13/2025 05:25:00,0.55,1152.32,,,,,,
6789,07/13/2025 05:30:00,0.55,1350.40,,,,,,
6790,07/13/2025 05:35:00,0.55,1603.84,,,,,,
6791,07/13/2025 05:40:00,0.64,2044.80,,,,,,
6792,07/13/2025 05:45:00,0.68,2312.96,,,,,,
6793,07/13/2025 05:50:00,0.73,2592.64,,,,,,
6794,07/13/2025 05:55:00,0.81,3243.52,,,,,,
6795,07/13/2025 06:00:00,0.90,3770.88,,,,,,
6796,07/13/2025 06:05:00,0.98,4458.24,,,,,,
6797,07/13/2025 06:10:00,1.11,5253.12,,,,,,
6798,07/13/2025 06:15:00,1.24,6481.92,,,,,,
6799,07/13/2025 06:20:00,1.58,8724.48,,,,,,
6800,07/13/2025 06:25:00,2.23,11038.72,,,,,,
6801,07/13/2025 06:30:00,2.23,11269.12,,,,,,
6802,07/13/2025 06:35:00,2.23,9382.40,,,,,,
6803,07/13/2025 06:40:00,2.10,10967.04,,,,,,
6804,07/13/2025 06:45:00,2.19,10496.00,,,,,,
6805,07/13/2025 06:50:00,2.14,10603.52,,,,,,
6806,07/13/2025 06:55:00,2.36,12810.24,,,,,,
6807,07/13/2025 07:00:00,2.49,12605.44,,,,,,
6808,07/13/2025 07:05:00,2.79,15836.16,,,,,,
6809,07/13/2025 07:10:00,3.00,15221.76,,,,,,
6810,07/13/2025 07:15:00,3.17,15488.00,,,,,,
6811,07/13/2025 07:20:00,3.34,16384.00,,,,,,
6812,07/13/2025 07:25:00,3.56,18698.24,,,,,,
6813,07/13/2025 07:30:00,3.64,19143.68,,,,,,
6814,07/13/2025 07:35:00,3.77,19937.28,,,,,,
6815,07/13/2025 07:40:00,4.33,22507.52,,,,,,
6816,07/13/2025 07:45:00,4.63,23275.52,,,,,,
6817,07/13/2025 07:50:00,5.15,25477.12,,,,,,
6818,07/13/2025 07:55:00,5.02,23418.88,,,,,,
6819,07/13/2025 08:00:00,5.02,24176.64,,,,,,
6820,07/13/2025 08:05:00,5.10,25815.04,,,,,,
6821,07/13/2025 08:10:00,5.32,26910.72,,,,,,
6822,07/13/2025 08:15:00,5.36,27105.28,,,,,,
6823,07/13/2025 08:20:00,5.40,27514.88,,,,,,
6824,07/13/2025 08:25:00,5.57,29552.64,,,,,,
6825,07/13/2025 08:30:00,5.96,31969.28,,,,,,
6826,07/13/2025 08:35:00,6.00,31938.56,,,,,,
6827,07/13/2025 08:40:00,6.56,35041.28,,,,,,
6828,07/13/2025 08:45:00,6.90,38758.40,,,,,,
6829,07/13/2025 08:50:00,7.98,39905.28,,,,,,
6830,07/13/2025 08:55:00,8.15,39546.88,,,,,,
6831,07/13/2025 09:00:00,8.02,41123.84,,,,,,
6832,07/13/2025 09:05:00,8.71,44441.60,,,,,,
6833,07/13/2025 09:10:00,8.75,47656.96,,,,,,
6834,07/13/2025 09:15:00,9.48,54456.32,,,,,,
6835,07/13/2025 09:20:00,10.51,55644.16,,,,,,
6836,07/13/2025 09:25:00,11.19,56524.80,,,,,,
6837,07/13/2025 09:30:00,12.01,65290.24,,,,,,
6838,07/13/2025 09:35:00,12.70,61378.56,,,,,,
6839,07/13/2025 09:40:00,12.70,60456.96,,,,,,
6840,07/13/2025 09:45:00,13.17,66805.76,,,,,,
6841,07/13/2025 09:50:00,13.21,68280.32,,,,,,
6842,07/13/2025 09:55:00,13.17,70860.80,,,,,,
6843,07/13/2025 10:00:00,12.87,71127.04,,,,,,
6844,07/13/2025 10:05:00,13.43,74833.92,,,,,,
6845,07/13/2025 10:10:00,14.50,81182.72,,,,,,
6846,07/13/2025 10:15:00,13.30,53555.20,,,,,,
6847,07/13/2025 10:20:00,11.07,66007.04,,,,,,
6848,07/13/2025 10:25:00,11.37,51712.00,,,,,,
6849,07/13/2025 10:30:00,13.38,39178.24,,,,,,
6850,07/13/2025 10:35:00,9.22,39731.20,,,,,,
6851,07/13/2025 10:40:00,10.34,61440.00,,,,,,
6852,07/13/2025 10:45:00,11.11,58040.32,,,,,,
6853,07/13/2025 10:50:00,14.24,79810.56,,,,,,
6854,07/13/2025 10:55:00,14.88,73441.28,,,,,,
6855,07/13/2025 11:00:00,15.83,88596.48,,,,,,
6856,07/13/2025 11:05:00,15.91,96133.12,,,,,,
6857,07/13/2025 11:10:00,16.17,77639.68,,,,,,
6858,07/13/2025 11:15:00,14.71,70246.40,,,,,,
6859,07/13/2025 11:20:00,16.94,94167.04,,,,,,
6860,07/13/2025 11:25:00,17.84,97280.00,,,,,,
6861,07/13/2025 11:30:00,16.39,82165.76,,,,,,
6862,07/13/2025 11:35:00,17.33,92692.48,,,,,,
6863,07/13/2025 11:40:00,17.46,84541.44,,,,,,
6864,07/13/2025 11:45:00,15.96,84090.88,,,,,,
6865,07/13/2025 11:50:00,17.24,103751.68,,,,,,
6866,07/13/2025 11:55:00,16.73,96542.72,,,,,,
6867,07/13/2025 12:00:00,17.07,98140.16,,,,,,
6868,07/13/2025 12:05:00,17.67,95232.00,,,,,,
6869,07/13/2025 12:10:00,17.63,104284.16,,,,,,
6870,07/13/2025 12:15:00,18.14,90234.88,,,,,,
6871,07/13/2025 12:20:00,19.22,100352.00,,,,,,
6872,07/13/2025 12:25:00,20.07,98058.24,,,,,,
6873,07/13/2025 12:30:00,20.16,93921.28,,,,,,
6874,07/13/2025 12:35:00,19.05,96419.84,,,,,,
6875,07/13/2025 12:40:00,18.53,96993.28,,,,,,
6876,07/13/2025 12:45:00,18.57,97402.88,,,,,,
6877,07/13/2025 12:50:00,18.27,96419.84,,,,,,
6878,07/13/2025 12:55:00,17.59,96665.60,,,,,,
6879,07/13/2025 13:00:00,17.46,94945.28,,,,,,
6880,07/13/2025 13:05:00,17.41,94986.24,,,,,,
6881,07/13/2025 13:10:00,17.41,95068.16,,,,,,
6882,07/13/2025 13:15:00,17.41,95068.16,,,,,,
6883,07/13/2025 13:20:00,17.11,95109.12,,,,,,
6884,07/13/2025 13:25:00,17.37,95232.00,,,,,,
6885,07/13/2025 13:30:00,17.89,95150.08,,,,,,
6886,07/13/2025 13:35:00,18.79,96051.20,,,,,,
6887,07/13/2025 13:40:00,20.72,94822.40,,,,,,
6888,07/13/2025 13:45:00,22.26,90972.16,,,,,,
6889,07/13/2025 13:50:00,22.73,94208.00,,,,,,
6890,07/13/2025 13:55:00,24.06,94044.16,,,,,,
6891,07/13/2025 14:00:00,24.54,93880.32,,,,,,
6892,07/13/2025 14:05:00,25.39,93634.56,,,,,,
6893,07/13/2025 14:10:00,25.48,93470.72,,,,,,
6894,07/13/2025 14:15:00,24.75,93552.64,,,,,,
6895,07/13/2025 14:20:00,25.39,93224.96,,,,,,
6896,07/13/2025 14:25:00,26.08,92938.24,,,,,,
6897,07/13/2025 14:30:00,27.71,92610.56,,,,,,
6898,07/13/2025 14:35:00,29.98,92037.12,,,,,,
6899,07/13/2025 14:40:00,33.89,91627.52,,,,,,
6900,07/13/2025 14:45:00,34.66,91217.92,,,,,,
6901,07/13/2025 14:50:00,30.28,90890.24,,,,,,
6902,07/13/2025 14:55:00,28.18,90603.52,,,,,,
6903,07/13/2025 15:00:00,25.95,90275.84,,,,,,
6904,07/13/2025 15:05:00,26.08,89866.24,,,,,,
6905,07/13/2025 15:10:00,27.07,89333.76,,,,,,
6906,07/13/2025 15:15:00,26.94,89047.04,,,,,,
6907,07/13/2025 15:20:00,25.99,88883.20,,,,,,
6908,07/13/2025 15:25:00,24.92,88514.56,,,,,,
6909,07/13/2025 15:30:00,23.29,87859.20,,,,,,
6910,07/13/2025 15:35:00,22.61,87244.80,,,,,,
6911,07/13/2025 15:40:00,22.22,86343.68,,,,,,
6912,07/13/2025 15:45:00,21.92,85565.44,,,,,,
6913,07/13/2025 15:50:00,21.53,84951.04,,,,,,
6914,07/13/2025 15:55:00,22.43,84172.80,,,,,,
6915,07/13/2025 16:00:00,22.61,83435.52,,,,,,
6916,07/13/2025 16:05:00,22.26,82759.68,,,,,,
6917,07/13/2025 16:10:00,22.01,82022.40,,,,,,
6918,07/13/2025 16:15:00,22.18,81387.52,,,,,,
6919,07/13/2025 16:20:00,22.99,80629.76,,,,,,
6920,07/13/2025 16:25:00,24.06,80015.36,,,,,,
6921,07/13/2025 16:30:00,24.15,79564.80,,,,,,
6922,07/13/2025 16:35:00,22.78,79585.28,,,,,,
6923,07/13/2025 16:40:00,22.31,85647.36,,,,,,
6924,07/13/2025 16:45:00,22.78,77352.96,,,,,,
6925,07/13/2025 16:50:00,21.62,77639.68,,,,,,
6926,07/13/2025 16:55:00,21.06,77004.80,,,,,,
6927,07/13/2025 17:00:00,20.37,76533.76,,,,,,
6928,07/13/2025 17:05:00,19.39,76451.84,,,,,,
6929,07/13/2025 17:10:00,19.43,76226.56,,,,,,
6930,07/13/2025 17:15:00,19.77,76431.36,,,,,,
6931,07/13/2025 17:20:00,21.06,76779.52,,,,,,
6932,07/13/2025 17:25:00,22.78,77352.96,,,,,,
6933,07/13/2025 17:30:00,22.95,78008.32,,,,,,
6934,07/13/2025 17:35:00,21.88,79114.24,,,,,,
6935,07/13/2025 17:40:00,20.72,79831.04,,,,,,
6936,07/13/2025 17:45:00,19.05,80588.80,,,,,,
6937,07/13/2025 17:50:00,18.44,80670.72,,,,,,
6938,07/13/2025 17:55:00,18.74,79728.64,,,,,,
6939,07/13/2025 18:00:00,20.03,77721.60,,,,,,
6940,07/13/2025 18:05:00,20.33,75243.52,,,,,,
6941,07/13/2025 18:10:00,19.77,73072.64,,,,,,
6942,07/13/2025 18:15:00,19.09,70144.00,,,,,,
6943,07/13/2025 18:20:00,18.83,67747.84,,,,,,
6944,07/13/2025 18:25:00,18.23,65228.80,,,,,,
6945,07/13/2025 18:30:00,17.89,63201.28,,,,,,
6946,07/13/2025 18:35:00,17.54,61276.16,,,,,,
6947,07/13/2025 18:40:00,17.41,59535.36,,,,,,
6948,07/13/2025 18:45:00,17.37,57999.36,,,,,,
6949,07/13/2025 18:50:00,16.51,56647.68,,,,,,
6950,07/13/2025 18:55:00,16.17,55173.12,,,,,,
6951,07/13/2025 19:00:00,16.39,54067.20,,,,,,
6952,07/13/2025 19:05:00,16.39,52981.76,,,,,,
6953,07/13/2025 19:10:00,16.34,51712.00,,,,,,
6954,07/13/2025 19:15:00,16.34,50483.20,,,,,,
6955,07/13/2025 19:20:00,16.26,49131.52,,,,,,
6956,07/13/2025 19:25:00,16.64,48148.48,,,,,,
6957,07/13/2025 19:30:00,16.26,47226.88,,,,,,
6958,07/13/2025 19:35:00,16.47,46428.16,,,,,,
6959,07/13/2025 19:40:00,16.43,45588.48,,,,,,
6960,07/13/2025 19:45:00,16.04,44892.16,,,,,,
6961,07/13/2025 19:50:00,16.17,43868.16,,,,,,
6962,07/13/2025 19:55:00,14.45,42987.52,,,,,,
6963,07/13/2025 20:00:00,12.87,42147.84,,,,,,
6964,07/13/2025 20:05:00,12.35,41103.36,,,,,,
6965,07/13/2025 20:10:00,11.84,40099.84,,,,,,
6966,07/13/2025 20:15:00,11.49,38471.68,,,,,,
6967,07/13/2025 20:20:00,10.98,37089.28,,,,,,
6968,07/13/2025 20:25:00,10.51,35471.36,,,,,,
6969,07/13/2025 20:30:00,10.25,33914.88,,,,,,
6970,07/13/2025 20:35:00,10.51,32112.64,,,,,,
6971,07/13/2025 20:40:00,9.91,30464.00,,,,,,
6972,07/13/2025 20:45:00,9.18,28805.12,,,,,,
6973,07/13/2025 20:50:00,9.56,26961.92,,,,,,
6974,07/13/2025 20:55:00,9.18,25415.68,,,,,,
6975,07/13/2025 21:00:00,9.09,23941.12,,,,,,
6976,07/13/2025 21:05:00,9.52,22650.88,,,,,,
6977,07/13/2025 21:10:00,9.31,21340.16,,,,,,
6978,07/13/2025 21:15:00,10.21,20116.48,,,,,,
6979,07/13/2025 21:20:00,9.95,18974.72,,,,,,
6980,07/13/2025 21:25:00,8.19,17740.80,,,,,,
6981,07/13/2025 21:30:00,7.46,16450.56,,,,,,
6982,07/13/2025 21:35:00,6.90,15144.96,,,,,,
6983,07/13/2025 21:40:00,6.30,13798.40,,,,,,
6984,07/13/2025 21:45:00,5.83,12631.04,,,,,,
6985,07/13/2025 21:50:00,5.62,10511.36,,,,,,
6986,07/13/2025 21:55:00,4.50,8376.32,,,,,,
6987,07/13/2025 22:00:00,4.29,7744.00,,,,,,
6988,07/13/2025 22:05:00,3.99,6325.76,,,,,,
6989,07/13/2025 22:10:00,2.79,3559.68,,,,,,
6990,07/13/2025 22:15:00,1.93,3125.76,,,,,,
6991,07/13/2025 22:20:00,1.16,2785.28,,,,,,
6992,07/13/2025 22:25:00,0.94,2449.28,,,,,,
6993,07/13/2025 22:30:00,1.33,2126.72,,,,,,
6994,07/13/2025 22:35:00,1.76,1816.32,,,,,,
6995,07/13/2025 22:40:00,1.71,1484.80,,,,,,
6996,07/13/2025 22:45:00,0.73,1192.64,,,,,,
6997,07/13/2025 22:50:00,0.81,932.80,,,,,,
6998,07/13/2025 22:55:00,0.81,712.32,,,,,,
6999,07/13/2025 23:00:00,1.07,534.56,,,,,,
7000,07/13/2025 23:05:00,1.03,399.68,,,,,,
7001,07/13/2025 23:10:00,1.07,300.40,,,,,,
7002,07/13/2025 23:15:00,1.07,216.08,,,,,,
7003,07/13/2025 23:20:00,1.28,153.20,,,,,,
7004,07/13/2025 23:25:00,1.24,105.88,,,,,,
7005,07/13/2025 23:30:00,1.84,69.50,,,,,,
7006,07/13/2025 23:35:00,1.67,45.90,,,,,,
7007,07/13/2025 23:40:00,1.80,30.59,,,,,,
7008,07/13/2025 23:45:00,1.88,20.66,,,,,,
7009,07/13/2025 23:50:00,1.88,14.42,,,,,,
7010,07/13/2025 23:55:00,1.84,10.28,,,,,,
7011,07/14/2025 00:00:00,1.46,8.02,,,,,,
7012,07/14/2025 00:05:00,0.77,5.14,,,,,,
7013,07/14/2025 00:10:00,0.73,3.70,,,,,,
7014,07/14/2025 00:15:00,1.03,3.29,,,,,,
7015,07/14/2025 00:20:00,1.16,1.85,,,,,,
7016,07/14/2025 00:25:00,0.98,1.43,,,,,,
7017,07/14/2025 00:30:00,0.94,1.02,,,,,,
7018,07/14/2025 00:35:00,0.77,0.61,,,,,,
7019,07/14/2025 00:40:00,0.60,0.41,,,,,,
7020,07/14/2025 00:45:00,0.60,0.41,,,,,,
7021,07/14/2025 00:50:00,0.55,0.20,,,,,,
7022,07/14/2025 00:55:00,0.25,0.20,,,,,,
7023,07/14/2025 01:00:00,0.04,0.00,,,,,,
7024,07/14/2025 01:05:00,0.43,0.00,,,,,,
7025,07/14/2025 01:10:00,0.73,0.00,,,,,,
7026,07/14/2025 01:15:00,1.03,0.00,,,,,,
7027,07/14/2025 01:20:00,0.90,0.00,,,,,,
7028,07/14/2025 01:25:00,0.60,0.00,,,,,,
7029,07/14/2025 01:30:00,0.64,0.00,,,,,,
7030,07/14/2025 01:35:00,0.68,0.00,,,,,,
7031,07/14/2025 01:40:00,0.55,0.00,,,,,,
7032,07/14/2025 01:45:00,0.34,0.00,,,,,,
7033,07/14/2025 01:50:00,0.38,0.00,,,,,,
7034,07/14/2025 01:55:00,0.38,0.00,,,,,,
7035,07/14/2025 02:00:00,0.30,0.00,,,,,,
7036,07/14/2025 02:05:00,1.03,0.00,,,,,,
7037,07/14/2025 02:10:00,1.50,0.00,,,,,,
7038,07/14/2025 02:15:00,0.34,0.00,,,,,,
7039,07/14/2025 02:20:00,-0.56,0.00,,,,,,
7040,07/14/2025 02:25:00,-0.95,0.00,,,,,,
7041,07/14/2025 02:30:00,-0.86,0.00,,,,,,
7042,07/14/2025 02:35:00,-0.17,0.00,,,,,,
7043,07/14/2025 02:40:00,-0.35,0.00,,,,,,
7044,07/14/2025 02:45:00,-0.73,0.00,,,,,,
7045,07/14/2025 02:50:00,-0.90,0.00,,,,,,
7046,07/14/2025 02:55:00,-0.90,0.00,,,,,,
7047,07/14/2025 03:00:00,-0.13,0.00,,,,,,
7048,07/14/2025 03:05:00,0.64,0.00,,,,,,
7049,07/14/2025 03:10:00,0.77,0.20,,,,,,
7050,07/14/2025 03:15:00,0.68,0.20,,,,,,
7051,07/14/2025 03:20:00,0.47,0.41,,,,,,
7052,07/14/2025 03:25:00,0.55,0.41,,,,,,
7053,07/14/2025 03:30:00,0.60,0.61,,,,,,
7054,07/14/2025 03:35:00,0.51,1.02,,,,,,
7055,07/14/2025 03:40:00,0.43,1.43,,,,,,
7056,07/14/2025 03:45:00,0.34,1.85,,,,,,
7057,07/14/2025 03:50:00,0.08,2.67,,,,,,
7058,07/14/2025 03:55:00,0.13,3.70,,,,,,
7059,07/14/2025 04:00:00,0.51,5.14,,,,,,
7060,07/14/2025 04:05:00,0.64,7.19,,,,,,
7061,07/14/2025 04:10:00,0.73,10.07,,,,,,
7062,07/14/2025 04:15:00,0.90,14.21,,,,,,
7063,07/14/2025 04:20:00,0.94,19.84,,,,,,
7064,07/14/2025 04:25:00,0.68,28.94,,,,,,
7065,07/14/2025 04:30:00,0.30,43.02,,,,,,
7066,07/14/2025 04:35:00,0.25,64.92,,,,,,
7067,07/14/2025 04:40:00,0.30,97.68,,,,,,
7068,07/14/2025 04:45:00,0.25,141.56,,,,,,
7069,07/14/2025 04:50:00,0.34,214.64,,,,,,
7070,07/14/2025 04:55:00,0.08,285.60,,,,,,
7071,07/14/2025 05:00:00,0.08,367.36,,,,,,
7072,07/14/2025 05:05:00,0.04,478.24,,,,,,
7073,07/14/2025 05:10:00,0.04,614.08,,,,,,
7074,07/14/2025 05:15:00,0.21,788.80,,,,,,
7075,07/14/2025 05:20:00,-0.22,1033.92,,,,,,
7076,07/14/2025 05:25:00,-0.26,1379.84,,,,,,
7077,07/14/2025 05:30:00,0.17,1842.56,,,,,,
7078,07/14/2025 05:35:00,0.68,2416.64,,,,,,
7079,07/14/2025 05:40:00,1.03,2883.84,,,,,,
7080,07/14/2025 05:45:00,1.16,3622.40,,,,,,
7081,07/14/2025 05:50:00,1.50,4145.92,,,,,,
7082,07/14/2025 05:55:00,2.36,5501.44,,,,,,
7083,07/14/2025 06:00:00,3.21,5724.16,,,,,,
7084,07/14/2025 06:05:00,3.39,8606.72,,,,,,
7085,07/14/2025 06:10:00,4.07,8673.28,,,,,,
7086,07/14/2025 06:15:00,4.16,10941.44,,,,,,
7087,07/14/2025 06:20:00,4.67,11084.80,,,,,,
7088,07/14/2025 06:25:00,5.87,10972.16,,,,,,
7089,07/14/2025 06:30:00,6.90,14638.08,,,,,,
7090,07/14/2025 06:35:00,6.73,14853.12,,,,,,
7091,07/14/2025 06:40:00,6.43,15042.56,,,,,,
7092,07/14/2025 06:45:00,7.81,16952.32,,,,,,
7093,07/14/2025 06:50:00,8.19,17541.12,,,,,,
7094,07/14/2025 06:55:00,8.15,18728.96,,,,,,
7095,07/14/2025 07:00:00,7.59,17960.96,,,,,,
7096,07/14/2025 07:05:00,7.76,20377.60,,,,,,
7097,07/14/2025 07:10:00,9.14,24268.80,,,,,,
7098,07/14/2025 07:15:00,10.46,23664.64,,,,,,
7099,07/14/2025 07:20:00,11.49,25057.28,,,,,,
7100,07/14/2025 07:25:00,12.27,30177.28,,,,,,
7101,07/14/2025 07:30:00,12.91,32481.28,,,,,,
7102,07/14/2025 07:35:00,14.07,35338.24,,,,,,
7103,07/14/2025 07:40:00,14.24,33126.40,,,,,,
7104,07/14/2025 07:45:00,15.40,32061.44,,,,,,
7105,07/14/2025 07:50:00,16.51,39331.84,,,,,,
7106,07/14/2025 07:55:00,16.13,34918.40,,,,,,
7107,07/14/2025 08:00:00,15.10,37785.60,,,,,,
7108,07/14/2025 08:05:00,14.33,37672.96,,,,,,
7109,07/14/2025 08:10:00,16.60,47779.84,,,,,,
7110,07/14/2025 08:15:00,16.51,42291.20,,,,,,
7111,07/14/2025 08:20:00,16.13,42004.48,,,,,,
7112,07/14/2025 08:25:00,16.64,44462.08,,,,,,
7113,07/14/2025 08:30:00,17.59,46059.52,,,,,,
7114,07/14/2025 08:35:00,16.34,37980.16,,,,,,
7115,07/14/2025 08:40:00,14.63,34795.52,,,,,,
7116,07/14/2025 08:45:00,13.77,37734.40,,,,,,
7117,07/14/2025 08:50:00,14.71,39956.48,,,,,,
7118,07/14/2025 08:55:00,15.01,41359.36,,,,,,
7119,07/14/2025 09:00:00,16.51,47472.64,,,,,,
7120,07/14/2025 09:05:00,17.72,53002.24,,,,,,
7121,07/14/2025 09:10:00,18.53,54272.00,,,,,,
7122,07/14/2025 09:15:00,19.69,58920.96,,,,,,
7123,07/14/2025 09:20:00,20.98,60764.16,,,,,,
7124,07/14/2025 09:25:00,21.49,62033.92,,,,,,
7125,07/14/2025 09:30:00,22.18,63672.32,,,,,,
7126,07/14/2025 09:35:00,22.01,61931.52,,,,,,
7127,07/14/2025 09:40:00,21.45,60436.48,,,,,,
7128,07/14/2025 09:45:00,21.23,62423.04,,,,,,
7129,07/14/2025 09:50:00,22.01,66334.72,,,,,,
7130,07/14/2025 09:55:00,23.46,68587.52,,,,,,
7131,07/14/2025 10:00:00,23.55,69959.68,,,,,,
7132,07/14/2025 10:05:00,23.98,70983.68,,,,,,
7133,07/14/2025 10:10:00,24.11,71249.92,,,,,,
7134,07/14/2025 10:15:00,23.89,68792.32,,,,,,
7135,07/14/2025 10:20:00,22.69,68567.04,,,,,,
7136,07/14/2025 10:25:00,23.94,75284.48,,,,,,
7137,07/14/2025 10:30:00,24.58,76902.40,,,,,,
7138,07/14/2025 10:35:00,26.25,78725.12,,,,,,
7139,07/14/2025 10:40:00,27.11,81756.16,,,,,,
7140,07/14/2025 10:45:00,25.95,71045.12,,,,,,
7141,07/14/2025 10:50:00,24.88,80875.52,,,,,,
7142,07/14/2025 10:55:00,24.62,77250.56,,,,,,
7143,07/14/2025 11:00:00,23.94,77496.32,,,,,,
7144,07/14/2025 11:05:00,24.66,83804.16,,,,,,
7145,07/14/2025 11:10:00,24.88,84705.28,,,,,,
7146,07/14/2025 11:15:00,22.73,67358.72,,,,,,
7147,07/14/2025 11:20:00,21.92,85278.72,,,,,,
7148,07/14/2025 11:25:00,23.42,90890.24,,,,,,
7149,07/14/2025 11:30:00,24.19,91955.20,,,,,,
7150,07/14/2025 11:35:00,20.89,74588.16,,,,,,
7151,07/14/2025 11:40:00,23.64,94494.72,,,,,,
7152,07/14/2025 11:45:00,23.16,62935.04,,,,,,
7153,07/14/2025 11:50:00,22.43,89415.68,,,,,,
7154,07/14/2025 11:55:00,25.05,90521.60,,,,,,
7155,07/14/2025 12:00:00,27.20,101130.24,,,,,,
7156,07/14/2025 12:05:00,27.15,65925.12,,,,,,
7157,07/14/2025 12:10:00,26.34,100802.56,,,,,,
7158,07/14/2025 12:15:00,24.62,89128.96,,,,,,
7159,07/14/2025 12:20:00,25.18,95232.00,,,,,,
7160,07/14/2025 12:25:00,25.31,94822.40,,,,,,
7161,07/14/2025 12:30:00,25.74,91054.08,,,,,,
7162,07/14/2025 12:35:00,26.12,88514.56,,,,,,
7163,07/14/2025 12:40:00,27.67,92938.24,,,,,,
7164,07/14/2025 12:45:00,27.67,92487.68,,,,,,
7165,07/14/2025 12:50:00,27.07,92856.32,,,,,,
7166,07/14/2025 12:55:00,25.87,93020.16,,,,,,
7167,07/14/2025 13:00:00,23.03,92200.96,,,,,,
7168,07/14/2025 13:05:00,22.82,93388.80,,,,,,
7169,07/14/2025 13:10:00,23.25,92692.48,,,,,,
7170,07/14/2025 13:15:00,23.51,90972.16,,,,,,
7171,07/14/2025 13:20:00,25.05,92651.52,,,,,,
7172,07/14/2025 13:25:00,27.20,93306.88,,,,,,
7173,07/14/2025 13:30:00,29.77,94371.84,,,,,,
7174,07/14/2025 13:35:00,31.06,88186.88,,,,,,
7175,07/14/2025 13:40:00,28.78,90931.20,,,,,,
7176,07/14/2025 13:45:00,29.60,94126.08,,,,,,
7177,07/14/2025 13:50:00,27.41,93102.08,,,,,,
7178,07/14/2025 13:55:00,23.72,91791.36,,,,,,
7179,07/14/2025 14:00:00,22.61,94289.92,,,,,,
7180,07/14/2025 14:05:00,21.79,96051.20,,,,,,
7181,07/14/2025 14:10:00,23.29,94453.76,,,,,,
7182,07/14/2025 14:15:00,24.97,93757.44,,,,,,
7183,07/14/2025 14:20:00,22.99,87449.60,,,,,,
7184,07/14/2025 14:25:00,23.42,98099.20,,,,,,
7185,07/14/2025 14:30:00,22.35,93102.08,,,,,,
7186,07/14/2025 14:35:00,21.49,97976.32,,,,,,
7187,07/14/2025 14:40:00,20.50,93306.88,,,,,,
7188,07/14/2025 14:45:00,20.68,102318.08,,,,,,
7189,07/14/2025 14:50:00,20.20,105553.92,,,,,,
7190,07/14/2025 14:55:00,20.33,102809.60,,,,,,
7191,07/14/2025 15:00:00,19.65,91095.04,,,,,,
7192,07/14/2025 15:05:00,20.12,94904.32,,,,,,
7193,07/14/2025 15:10:00,19.47,83845.12,,,,,,
7194,07/14/2025 15:15:00,19.52,86999.04,,,,,,
7195,07/14/2025 15:20:00,19.09,88432.64,,,,,,
7196,07/14/2025 15:25:00,19.09,89088.00,,,,,,
7197,07/14/2025 15:30:00,18.79,88432.64,,,,,,
7198,07/14/2025 15:35:00,18.62,87613.44,,,,,,
7199,07/14/2025 15:40:00,18.49,85155.84,,,,,,
7200,07/14/2025 15:45:00,18.96,85278.72,,,,,,
7201,07/14/2025 15:50:00,19.43,80875.52,,,,,,
7202,07/14/2025 15:55:00,19.47,82718.72,,,,,,
7203,07/14/2025 16:00:00,20.25,83619.84,,,,,,
7204,07/14/2025 16:05:00,20.68,79155.20,,,,,,
7205,07/14/2025 16:10:00,20.46,81039.36,,,,,,
7206,07/14/2025 16:15:00,20.93,84869.12,,,,,,
7207,07/14/2025 16:20:00,18.66,70144.00,,,,,,
7208,07/14/2025 16:25:00,18.62,72519.68,,,,,,
7209,07/14/2025 16:30:00,17.76,67727.36,,,,,,
7210,07/14/2025 16:35:00,17.72,68833.28,,,,,,
7211,07/14/2025 16:40:00,19.43,80097.28,,,,,,
7212,07/14/2025 16:45:00,19.00,76042.24,,,,,,
7213,07/14/2025 16:50:00,18.96,74219.52,,,,,,
7214,07/14/2025 16:55:00,18.32,72192.00,,,,,,
7215,07/14/2025 17:00:00,19.00,80179.20,,,,,,
7216,07/14/2025 17:05:00,18.87,75939.84,,,,,,
7217,07/14/2025 17:10:00,16.17,61788.16,,,,,,
7218,07/14/2025 17:15:00,16.77,67768.32,,,,,,
7219,07/14/2025 17:20:00,18.14,74199.04,,,,,,
7220,07/14/2025 17:25:00,19.77,77701.12,,,,,,
7221,07/14/2025 17:30:00,19.05,63344.64,,,,,,
7222,07/14/2025 17:35:00,17.29,68116.48,,,,,,
7223,07/14/2025 17:40:00,16.69,74792.96,,,,,,
7224,07/14/2025 17:45:00,17.80,80445.44,,,,,,
7225,07/14/2025 17:50:00,16.30,67624.96,,,,,,
7226,07/14/2025 17:55:00,14.58,61255.68,,,,,,
7227,07/14/2025 18:00:00,16.73,71536.64,,,,,,
7228,07/14/2025 18:05:00,18.62,66355.20,,,,,,
7229,07/14/2025 18:10:00,18.40,67993.60,,,,,,
7230,07/14/2025 18:15:00,17.76,62197.76,,,,,,
7231,07/14/2025 18:20:00,16.34,58798.08,,,,,,
7232,07/14/2025 18:25:00,16.39,58900.48,,,,,,
7233,07/14/2025 18:30:00,16.99,57139.20,,,,,,
7234,07/14/2025 18:35:00,13.98,50155.52,,,,,,
7235,07/14/2025 18:40:00,13.34,52838.40,,,,,,
7236,07/14/2025 18:45:00,12.91,51363.84,,,,,,
7237,07/14/2025 18:50:00,13.43,51343.36,,,,,,
7238,07/14/2025 18:55:00,12.87,43929.60,,,,,,
7239,07/14/2025 19:00:00,11.19,38952.96,,,,,,
7240,07/14/2025 19:05:00,11.79,45527.04,,,,,,
7241,07/14/2025 19:10:00,12.18,47063.04,,,,,,
7242,07/14/2025 19:15:00,12.65,45834.24,,,,,,
7243,07/14/2025 19:20:00,12.05,45035.52,,,,,,
7244,07/14/2025 19:25:00,11.97,45813.76,,,,,,
7245,07/14/2025 19:30:00,11.07,38471.68,,,,,,
7246,07/14/2025 19:35:00,10.38,39833.60,,,,,,
7247,07/14/2025 19:40:00,10.08,36034.56,,,,,,
7248,07/14/2025 19:45:00,9.56,33351.68,,,,,,
7249,07/14/2025 19:50:00,9.09,31242.24,,,,,,
7250,07/14/2025 19:55:00,8.79,29736.96,,,,,,
7251,07/14/2025 20:00:00,8.02,25282.56,,,,,,
7252,07/14/2025 20:05:00,8.45,28436.48,,,,,,
7253,07/14/2025 20:10:00,8.88,32952.32,,,,,,
7254,07/14/2025 20:15:00,8.53,23869.44,,,,,,
7255,07/14/2025 20:20:00,6.95,22128.64,,,,,,
7256,07/14/2025 20:25:00,8.19,26961.92,,,,,,
7257,07/14/2025 20:30:00,7.29,23623.68,,,,,,
7258,07/14/2025 20:35:00,6.22,14812.16,,,,,,
7259,07/14/2025 20:40:00,5.40,14161.92,,,,,,
7260,07/14/2025 20:45:00,5.23,13772.80,,,,,,
7261,07/14/2025 20:50:00,5.06,13368.32,,,,,,
7262,07/14/2025 20:55:00,4.67,11904.00,,,,,,
7263,07/14/2025 21:00:00,4.59,11110.40,,,,,,
7264,07/14/2025 21:05:00,4.50,11243.52,,,,,,
7265,07/14/2025 21:10:00,5.70,17244.16,,,,,,
7266,07/14/2025 21:15:00,5.57,13655.04,,,,,,
7267,07/14/2025 21:20:00,4.84,11934.72,,,,,,
7268,07/14/2025 21:25:00,4.63,10982.40,,,,,,
7269,07/14/2025 21:30:00,4.07,7895.04,,,,,,
7270,07/14/2025 21:35:00,3.69,7198.72,,,,,,
7271,07/14/2025 21:40:00,4.29,10178.56,,,,,,
7272,07/14/2025 21:45:00,4.24,6013.44,,,,,,
7273,07/14/2025 21:50:00,5.53,10613.76,,,,,,
7274,07/14/2025 21:55:00,4.07,5135.36,,,,,,
7275,07/14/2025 22:00:00,3.26,5000.96,,,,,,
7276,07/14/2025 22:05:00,2.79,3964.16,,,,,,
7277,07/14/2025 22:10:00,2.19,2878.72,,,,,,
7278,07/14/2025 22:15:00,1.80,2535.04,,,,,,
7279,07/14/2025 22:20:00,1.93,2442.88,,,,,,
7280,07/14/2025 22:25:00,2.27,1877.12,,,,,,
7281,07/14/2025 22:30:00,2.06,1528.32,,,,,,
7282,07/14/2025 22:35:00,1.88,1307.84,,,,,,
7283,07/14/2025 22:40:00,1.84,1088.96,,,,,,
7284,07/14/2025 22:45:00,1.88,864.32,,,,,,
7285,07/14/2025 22:50:00,1.67,675.52,,,,,,
7286,07/14/2025 22:55:00,1.67,511.20,,,,,,
7287,07/14/2025 23:00:00,1.84,377.28,,,,,,
7288,07/14/2025 23:05:00,2.06,269.60,,,,,,
7289,07/14/2025 23:10:00,2.31,190.40,,,,,,
7290,07/14/2025 23:15:00,2.27,130.68,,,,,,
7291,07/14/2025 23:20:00,2.10,87.68,,,,,,
7292,07/14/2025 23:25:00,2.10,57.48,,,,,,
7293,07/14/2025 23:30:00,2.14,37.63,,,,,,
7294,07/14/2025 23:35:00,2.19,25.19,,,,,,
7295,07/14/2025 23:40:00,2.36,17.09,,,,,,
7296,07/14/2025 23:45:00,2.36,11.92,,,,,,
7297,07/14/2025 23:50:00,2.61,7.63,,,,,,
7298,07/14/2025 23:55:00,2.61,5.55,,,,,,
7299,07/15/2025 00:00:00,2.61,3.70,,,,,,
7300,07/15/2025 00:05:00,2.57,2.67,,,,,,
7301,07/15/2025 00:10:00,2.66,1.85,,,,,,
7302,07/15/2025 00:15:00,2.66,1.23,,,,,,
7303,07/15/2025 00:20:00,2.61,0.82,,,,,,
7304,07/15/2025 00:25:00,2.66,0.61,,,,,,
7305,07/15/2025 00:30:00,2.49,0.41,,,,,,
7306,07/15/2025 00:35:00,2.40,0.20,,,,,,
7307,07/15/2025 00:40:00,2.19,0.00,,,,,,
7308,07/15/2025 00:45:00,2.23,0.00,,,,,,
7309,07/15/2025 00:50:00,2.23,0.00,,,,,,
7310,07/15/2025 00:55:00,2.44,0.00,,,,,,
7311,07/15/2025 01:00:00,2.27,0.00,,,,,,
7312,07/15/2025 01:05:00,2.27,0.00,,,,,,
7313,07/15/2025 01:10:00,2.31,0.00,,,,,,
7314,07/15/2025 01:15:00,2.14,0.00,,,,,,
7315,07/15/2025 01:20:00,2.10,0.00,,,,,,
7316,07/15/2025 01:25:00,2.10,0.00,,,,,,
7317,07/15/2025 01:30:00,1.93,0.41,,,,,,
7318,07/15/2025 01:35:00,1.97,0.00,,,,,,
7319,07/15/2025 01:40:00,1.88,0.00,,,,,,
7320,07/15/2025 01:45:00,2.06,0.00,,,,,,
7321,07/15/2025 01:50:00,2.06,0.00,,,,,,
7322,07/15/2025 01:55:00,2.01,0.00,,,,,,
7323,07/15/2025 02:00:00,2.06,0.00,,,,,,
7324,07/15/2025 02:05:00,1.97,0.00,,,,,,
7325,07/15/2025 02:10:00,2.10,0.00,,,,,,
7326,07/15/2025 02:15:00,2.27,0.00,,,,,,
7327,07/15/2025 02:20:00,2.36,0.00,,,,,,
7328,07/15/2025 02:25:00,2.23,0.00,,,,,,
7329,07/15/2025 02:30:00,1.93,0.00,,,,,,
7330,07/15/2025 02:35:00,1.67,0.00,,,,,,
7331,07/15/2025 02:40:00,1.41,0.00,,,,,,
7332,07/15/2025 02:45:00,1.50,0.00,,,,,,
7333,07/15/2025 02:50:00,1.24,0.00,,,,,,
7334,07/15/2025 02:55:00,1.54,0.00,,,,,,
7335,07/15/2025 03:00:00,1.84,0.00,,,,,,
7336,07/15/2025 03:05:00,1.84,0.00,,,,,,
7337,07/15/2025 03:10:00,1.76,0.00,,,,,,
7338,07/15/2025 03:15:00,1.67,0.00,,,,,,
7339,07/15/2025 03:20:00,1.54,0.00,,,,,,
7340,07/15/2025 03:25:00,1.63,0.20,,,,,,
7341,07/15/2025 03:30:00,1.50,0.41,,,,,,
7342,07/15/2025 03:35:00,1.54,0.41,,,,,,
7343,07/15/2025 03:40:00,1.58,0.61,,,,,,
7344,07/15/2025 03:45:00,1.76,1.02,,,,,,
7345,07/15/2025 03:50:00,1.67,1.43,,,,,,
7346,07/15/2025 03:55:00,1.76,2.05,,,,,,
7347,07/15/2025 04:00:00,1.63,2.87,,,,,,
7348,07/15/2025 04:05:00,1.33,4.11,,,,,,
7349,07/15/2025 04:10:00,1.24,5.96,,,,,,
7350,07/15/2025 04:15:00,1.41,8.84,,,,,,
7351,07/15/2025 04:20:00,1.46,13.36,,,,,,
7352,07/15/2025 04:25:00,1.41,20.00,,,,,,
7353,07/15/2025 04:30:00,1.37,30.59,,,,,,
7354,07/15/2025 04:35:00,1.50,47.96,,,,,,
7355,07/15/2025 04:40:00,1.37,71.96,,,,,,
7356,07/15/2025 04:45:00,1.20,109.92,,,,,,
7357,07/15/2025 04:50:00,0.98,165.52,,,,,,
7358,07/15/2025 04:55:00,1.11,236.64,,,,,,
7359,07/15/2025 05:00:00,1.03,338.40,,,,,,
7360,07/15/2025 05:05:00,0.86,465.92,,,,,,
7361,07/15/2025 05:10:00,0.94,628.80,,,,,,
7362,07/15/2025 05:15:00,0.98,818.24,,,,,,
7363,07/15/2025 05:20:00,1.28,1078.40,,,,,,
7364,07/15/2025 05:25:00,1.07,1339.52,,,,,,
7365,07/15/2025 05:30:00,1.37,1651.20,,,,,,
7366,07/15/2025 05:35:00,1.63,2023.04,,,,,,
7367,07/15/2025 05:40:00,1.76,2434.56,,,,,,
7368,07/15/2025 05:45:00,2.06,2982.40,,,,,,
7369,07/15/2025 05:50:00,2.10,3770.88,,,,,,
7370,07/15/2025 05:55:00,2.14,4293.12,,,,,,
7371,07/15/2025 06:00:00,2.49,7152.64,,,,,,
7372,07/15/2025 06:05:00,2.96,7969.28,,,,,,
7373,07/15/2025 06:10:00,3.26,6689.28,,,,,,
7374,07/15/2025 06:15:00,2.87,7580.16,,,,,,
7375,07/15/2025 06:20:00,3.17,11212.80,,,,,,
7376,07/15/2025 06:25:00,3.43,11059.20,,,,,,
7377,07/15/2025 06:30:00,4.97,17377.28,,,,,,
7378,07/15/2025 06:35:00,5.02,10634.24,,,,,,
7379,07/15/2025 06:40:00,3.82,9943.04,,,,,,
7380,07/15/2025 06:45:00,3.30,10298.88,,,,,,
7381,07/15/2025 06:50:00,3.34,11678.72,,,,,,
7382,07/15/2025 06:55:00,3.77,12226.56,,,,,,
7383,07/15/2025 07:00:00,3.94,12948.48,,,,,,
7384,07/15/2025 07:05:00,4.12,15436.80,,,,,,
7385,07/15/2025 07:10:00,4.67,18129.92,,,,,,
7386,07/15/2025 07:15:00,4.93,17428.48,,,,,,
7387,07/15/2025 07:20:00,5.15,17331.20,,,,,,
7388,07/15/2025 07:25:00,4.93,16158.72,,,,,,
7389,07/15/2025 07:30:00,5.06,16276.48,,,,,,
7390,07/15/2025 07:35:00,5.23,18764.80,,,,,,
7391,07/15/2025 07:40:00,5.92,18636.80,,,,,,
7392,07/15/2025 07:45:00,5.87,19194.88,,,,,,
7393,07/15/2025 07:50:00,6.05,19430.40,,,,,,
7394,07/15/2025 07:55:00,6.17,20116.48,,,,,,
7395,07/15/2025 08:00:00,6.82,21575.68,,,,,,
7396,07/15/2025 08:05:00,7.12,23029.76,,,,,,
7397,07/15/2025 08:10:00,7.38,24227.84,,,,,,
7398,07/15/2025 08:15:00,7.76,25712.64,,,,,,
7399,07/15/2025 08:20:00,8.02,26787.84,,,,,,
7400,07/15/2025 08:25:00,7.63,28672.00,,,,,,
7401,07/15/2025 08:30:00,8.23,30822.40,,,,,,
7402,07/15/2025 08:35:00,8.36,29091.84,,,,,,
7403,07/15/2025 08:40:00,7.72,29173.76,,,,,,
7404,07/15/2025 08:45:00,7.46,31907.84,,,,,,
7405,07/15/2025 08:50:00,8.66,41154.56,,,,,,
7406,07/15/2025 08:55:00,9.95,41267.20,,,,,,
7407,07/15/2025 09:00:00,10.04,39413.76,,,,,,
7408,07/15/2025 09:05:00,9.69,38082.56,,,,,,
7409,07/15/2025 09:10:00,9.86,41943.04,,,,,,
7410,07/15/2025 09:15:00,11.02,50114.56,,,,,,
7411,07/15/2025 09:20:00,11.49,50524.16,,,,,,
7412,07/15/2025 09:25:00,12.14,50483.20,,,,,,
7413,07/15/2025 09:30:00,12.10,55275.52,,,,,,
7414,07/15/2025 09:35:00,13.43,54681.60,,,,,,
7415,07/15/2025 09:40:00,12.31,47738.88,,,,,,
7416,07/15/2025 09:45:00,11.92,44933.12,,,,,,
7417,07/15/2025 09:50:00,11.71,45711.36,,,,,,
7418,07/15/2025 09:55:00,12.78,53370.88,,,,,,
7419,07/15/2025 10:00:00,14.33,58408.96,,,,,,
7420,07/15/2025 10:05:00,15.91,59146.24,,,,,,
7421,07/15/2025 10:10:00,15.27,56033.28,,,,,,
7422,07/15/2025 10:15:00,15.31,62771.20,,,,,,
7423,07/15/2025 10:20:00,19.99,113786.88,,,,,,
7424,07/15/2025 10:25:00,18.19,64532.48,,,,,,
7425,07/15/2025 10:30:00,14.54,59801.60,,,,,,
7426,07/15/2025 10:35:00,15.14,66723.84,,,,,,
7427,07/15/2025 10:40:00,16.39,82862.08,,,,,,
7428,07/15/2025 10:45:00,19.56,87162.88,,,,,,
7429,07/15/2025 10:50:00,18.23,72110.08,,,,,,
7430,07/15/2025 10:55:00,17.33,65044.48,,,,,,
7431,07/15/2025 11:00:00,18.70,90439.68,,,,,,
7432,07/15/2025 11:05:00,22.09,84623.36,,,,,,
7433,07/15/2025 11:10:00,23.08,95313.92,,,,,,
7434,07/15/2025 11:15:00,26.85,76759.04,,,,,,
7435,07/15/2025 11:20:00,29.43,101416.96,,,,,,
7436,07/15/2025 11:25:00,29.68,87490.56,,,,,,
7437,07/15/2025 11:30:00,25.09,82165.76,,,,,,
7438,07/15/2025 11:35:00,21.96,74874.88,,,,,,
7439,07/15/2025 11:40:00,22.13,112558.08,,,,,,
7440,07/15/2025 11:45:00,21.45,80629.76,,,,,,
7441,07/15/2025 11:50:00,19.09,86548.48,,,,,,
7442,07/15/2025 11:55:00,19.56,77639.68,,,,,,
7443,07/15/2025 12:00:00,17.20,70860.80,,,,,,
7444,07/15/2025 12:05:00,20.80,92651.52,,,,,,
7445,07/15/2025 12:10:00,21.79,68546.56,,,,,,
7446,07/15/2025 12:15:00,22.39,106209.28,,,,,,
7447,07/15/2025 12:20:00,23.29,112803.84,,,,,,
7448,07/15/2025 12:25:00,20.98,106373.12,,,,,,
7449,07/15/2025 12:30:00,26.04,117596.16,,,,,,
7450,07/15/2025 12:35:00,24.45,89128.96,,,,,,
7451,07/15/2025 12:40:00,22.48,90152.96,,,,,,
7452,07/15/2025 12:45:00,22.95,85729.28,,,,,,
7453,07/15/2025 12:50:00,24.19,107520.00,,,,,,
7454,07/15/2025 12:55:00,23.42,95395.84,,,,,,
7455,07/15/2025 13:00:00,22.35,94658.56,,,,,,
7456,07/15/2025 13:05:00,22.48,106536.96,,,,,,
7457,07/15/2025 13:10:00,20.16,92282.88,,,,,,
7458,07/15/2025 13:15:00,20.25,79585.28,,,,,,
7459,07/15/2025 13:20:00,18.53,74240.00,,,,,,
7460,07/15/2025 13:25:00,18.87,81571.84,,,,,,
7461,07/15/2025 13:30:00,22.99,94208.00,,,,,,
7462,07/15/2025 13:35:00,22.65,101212.16,,,,,,
7463,07/15/2025 13:40:00,21.45,89989.12,,,,,,
7464,07/15/2025 13:45:00,21.49,97607.68,,,,,,
7465,07/15/2025 13:50:00,20.72,97034.24,,,,,,
7466,07/15/2025 13:55:00,20.55,92856.32,,,,,,
7467,07/15/2025 14:00:00,19.35,88637.44,,,,,,
7468,07/15/2025 14:05:00,20.63,112107.52,,,,,,
7469,07/15/2025 14:10:00,21.49,90726.40,,,,,,
7470,07/15/2025 14:15:00,19.35,86835.20,,,,,,
7471,07/15/2025 14:20:00,19.52,85073.92,,,,,,
7472,07/15/2025 14:25:00,18.53,83968.00,,,,,,
7473,07/15/2025 14:30:00,18.44,77168.64,,,,,,
7474,07/15/2025 14:35:00,18.32,89497.60,,,,,,
7475,07/15/2025 14:40:00,18.62,93675.52,,,,,,
7476,07/15/2025 14:45:00,18.19,92323.84,,,,,,
7477,07/15/2025 14:50:00,17.54,92160.00,,,,,,
7478,07/15/2025 14:55:00,18.14,94658.56,,,,,,
7479,07/15/2025 15:00:00,16.77,70328.32,,,,,,
7480,07/15/2025 15:05:00,14.80,69570.56,,,,,,
7481,07/15/2025 15:10:00,12.35,59248.64,,,,,,
7482,07/15/2025 15:15:00,17.33,89251.84,,,,,,
7483,07/15/2025 15:20:00,19.13,88924.16,,,,,,
7484,07/15/2025 15:25:00,20.37,88391.68,,,,,,
7485,07/15/2025 15:30:00,21.49,87818.24,,,,,,
7486,07/15/2025 15:35:00,22.26,87285.76,,,,,,
7487,07/15/2025 15:40:00,23.64,86753.28,,,,,,
7488,07/15/2025 15:45:00,22.65,87490.56,,,,,,
7489,07/15/2025 15:50:00,20.29,86138.88,,,,,,
7490,07/15/2025 15:55:00,20.33,85483.52,,,,,,
7491,07/15/2025 16:00:00,20.89,85278.72,,,,,,
7492,07/15/2025 16:05:00,22.05,86384.64,,,,,,
7493,07/15/2025 16:10:00,21.75,90972.16,,,,,,
7494,07/15/2025 16:15:00,21.88,113008.64,,,,,,
7495,07/15/2025 16:20:00,24.32,89866.24,,,,,,
7496,07/15/2025 16:25:00,22.48,73666.56,,,,,,
7497,07/15/2025 16:30:00,23.76,80875.52,,,,,,
7498,07/15/2025 16:35:00,21.06,68587.52,,,,,,
7499,07/15/2025 16:40:00,19.65,84418.56,,,,,,
7500,07/15/2025 16:45:00,17.29,57446.40,,,,,,
7501,07/15/2025 16:50:00,13.00,44974.08,,,,,,
7502,07/15/2025 16:55:00,15.44,77905.92,,,,,,
7503,07/15/2025 17:00:00,21.40,84828.16,,,,,,
7504,07/15/2025 17:05:00,23.51,72355.84,,,,,,
7505,07/15/2025 17:10:00,23.76,75571.20,,,,,,
7506,07/15/2025 17:15:00,18.19,52838.40,,,,,,
7507,07/15/2025 17:20:00,16.90,61214.72,,,,,,
7508,07/15/2025 17:25:00,17.24,63631.36,,,,,,
7509,07/15/2025 17:30:00,15.57,55009.28,,,,,,
7510,07/15/2025 17:35:00,15.14,50933.76,,,,,,
7511,07/15/2025 17:40:00,13.25,34928.64,,,,,,
7512,07/15/2025 17:45:00,14.84,73113.60,,,,,,
7513,07/15/2025 17:50:00,12.91,39536.64,,,,,,
7514,07/15/2025 17:55:00,13.94,54824.96,,,,,,
7515,07/15/2025 18:00:00,16.94,77967.36,,,,,,
7516,07/15/2025 18:05:00,17.80,75345.92,,,,,,
7517,07/15/2025 18:10:00,18.87,72847.36,,,,,,
7518,07/15/2025 18:15:00,20.33,69877.76,,,,,,
7519,07/15/2025 18:20:00,21.96,67399.68,,,,,,
7520,07/15/2025 18:25:00,22.73,65290.24,,,,,,
7521,07/15/2025 18:30:00,22.91,62976.00,,,,,,
7522,07/15/2025 18:35:00,22.18,61112.32,,,,,,
7523,07/15/2025 18:40:00,21.79,59412.48,,,,,,
7524,07/15/2025 18:45:00,23.25,57794.56,,,,,,
7525,07/15/2025 18:50:00,24.24,56565.76,,,,,,
7526,07/15/2025 18:55:00,24.06,55173.12,,,,,,
7527,07/15/2025 19:00:00,22.78,54005.76,,,,,,
7528,07/15/2025 19:05:00,19.35,52469.76,,,,,,
7529,07/15/2025 19:10:00,17.03,50483.20,,,,,,
7530,07/15/2025 19:15:00,15.31,43397.12,,,,,,
7531,07/15/2025 19:20:00,13.68,39127.04,,,,,,
7532,07/15/2025 19:25:00,12.82,35891.20,,,,,,
7533,07/15/2025 19:30:00,12.22,49152.00,,,,,,
7534,07/15/2025 19:35:00,13.12,49049.60,,,,,,
7535,07/15/2025 19:40:00,13.21,47779.84,,,,,,
7536,07/15/2025 19:45:00,13.17,46919.68,,,,,,
7537,07/15/2025 19:50:00,13.30,45916.16,,,,,,
7538,07/15/2025 19:55:00,13.08,43233.28,,,,,,
7539,07/15/2025 20:00:00,12.74,42024.96,,,,,,
7540,07/15/2025 20:05:00,12.27,41594.88,,,,,,
7541,07/15/2025 20:10:00,12.01,40591.36,,,,,,
7542,07/15/2025 20:15:00,11.71,39424.00,,,,,,
7543,07/15/2025 20:20:00,11.45,37734.40,,,,,,
7544,07/15/2025 20:25:00,11.24,36495.36,,,,,,
7545,07/15/2025 20:30:00,11.19,34672.64,,,,,,
7546,07/15/2025 20:35:00,10.94,33003.52,,,,,,
7547,07/15/2025 20:40:00,10.85,31283.20,,,,,,
7548,07/15/2025 20:45:00,8.79,13393.92,,,,,,
7549,07/15/2025 20:50:00,8.53,20346.88,,,,,,
7550,07/15/2025 20:55:00,7.72,19445.76,,,,,,
7551,07/15/2025 21:00:00,7.16,17070.08,,,,,,
7552,07/15/2025 21:05:00,6.60,13916.16,,,,,,
7553,07/15/2025 21:10:00,5.36,12631.04,,,,,,
7554,07/15/2025 21:15:00,5.92,14970.88,,,,,,
7555,07/15/2025 21:20:00,5.19,9779.20,,,,,,
7556,07/15/2025 21:25:00,6.43,16296.96,,,,,,
7557,07/15/2025 21:30:00,7.12,14008.32,,,,,,
7558,07/15/2025 21:35:00,6.99,12021.76,,,,,,
7559,07/15/2025 21:40:00,6.78,12513.28,,,,,,
7560,07/15/2025 21:45:00,7.33,12093.44,,,,,,
7561,07/15/2025 21:50:00,6.48,9198.08,,,,,,
7562,07/15/2025 21:55:00,6.52,8409.60,,,,,,
7563,07/15/2025 22:00:00,6.05,7882.24,,,,,,
7564,07/15/2025 22:05:00,5.87,5818.88,,,,,,
7565,07/15/2025 22:10:00,4.89,3878.40,,,,,,
7566,07/15/2025 22:15:00,4.50,3490.56,,,,,,
7567,07/15/2025 22:20:00,4.20,3054.08,,,,,,
7568,07/15/2025 22:25:00,3.69,2544.64,,,,,,
7569,07/15/2025 22:30:00,3.30,2062.72,,,,,,
7570,07/15/2025 22:35:00,3.30,1635.84,,,,,,
7571,07/15/2025 22:40:00,3.52,1296.32,,,,,,
7572,07/15/2025 22:45:00,3.26,992.64,,,,,,
7573,07/15/2025 22:50:00,3.04,745.92,,,,,,
7574,07/15/2025 22:55:00,3.09,561.76,,,,,,
7575,07/15/2025 23:00:00,2.91,420.96,,,,,,
7576,07/15/2025 23:05:00,2.87,309.28,,,,,,
7577,07/15/2025 23:10:00,2.79,221.68,,,,,,
7578,07/15/2025 23:15:00,2.74,154.64,,,,,,
7579,07/15/2025 23:20:00,2.79,104.24,,,,,,
7580,07/15/2025 23:25:00,2.57,68.68,,,,,,
7581,07/15/2025 23:30:00,2.70,46.32,,,,,,
7582,07/15/2025 23:35:00,2.74,31.00,,,,,,
7583,07/15/2025 23:40:00,2.66,20.66,,,,,,
7584,07/15/2025 23:45:00,2.49,15.01,,,,,,
7585,07/15/2025 23:50:00,2.44,10.28,,,,,,
7586,07/15/2025 23:55:00,2.40,7.19,,,,,,
7587,07/16/2025 00:00:00,2.57,4.93,,,,,,
7588,07/16/2025 00:05:00,2.49,3.49,,,,,,
7589,07/16/2025 00:10:00,2.23,2.46,,,,,,
7590,07/16/2025 00:15:00,2.01,1.64,,,,,,
7591,07/16/2025 00:20:00,1.97,1.23,,,,,,
7592,07/16/2025 00:25:00,1.84,0.82,,,,,,
7593,07/16/2025 00:30:00,1.93,0.61,,,,,,
7594,07/16/2025 00:35:00,1.67,0.41,,,,,,
7595,07/16/2025 00:40:00,1.37,0.20,,,,,,
7596,07/16/2025 00:45:00,1.84,0.20,,,,,,
7597,07/16/2025 00:50:00,2.40,0.00,,,,,,
7598,07/16/2025 00:55:00,2.74,0.00,,,,,,
7599,07/16/2025 01:00:00,2.70,0.00,,,,,,
7600,07/16/2025 01:05:00,2.53,0.00,,,,,,
7601,07/16/2025 01:10:00,2.91,0.00,,,,,,
7602,07/16/2025 01:15:00,2.96,0.00,,,,,,
7603,07/16/2025 01:20:00,2.96,0.00,,,,,,
7604,07/16/2025 01:25:00,3.13,0.00,,,,,,
7605,07/16/2025 01:30:00,3.26,0.00,,,,,,
7606,07/16/2025 01:35:00,2.61,0.00,,,,,,
7607,07/16/2025 01:40:00,2.49,0.00,,,,,,
7608,07/16/2025 01:45:00,2.91,0.00,,,,,,
7609,07/16/2025 01:50:00,2.44,0.00,,,,,,
7610,07/16/2025 01:55:00,2.44,0.00,,,,,,
7611,07/16/2025 02:00:00,2.74,0.00,,,,,,
7612,07/16/2025 02:05:00,2.79,0.00,,,,,,
7613,07/16/2025 02:10:00,2.83,0.00,,,,,,
7614,07/16/2025 02:15:00,2.79,0.00,,,,,,
7615,07/16/2025 02:20:00,2.91,0.00,,,,,,
7616,07/16/2025 02:25:00,3.21,0.00,,,,,,
7617,07/16/2025 02:30:00,3.21,0.00,,,,,,
7618,07/16/2025 02:35:00,2.83,0.00,,,,,,
7619,07/16/2025 02:40:00,2.83,0.00,,,,,,
7620,07/16/2025 02:45:00,2.44,0.41,,,,,,
7621,07/16/2025 02:50:00,2.40,0.00,,,,,,
7622,07/16/2025 02:55:00,2.23,0.00,,,,,,
7623,07/16/2025 03:00:00,2.01,0.61,,,,,,
7624,07/16/2025 03:05:00,2.14,0.00,,,,,,
7625,07/16/2025 03:10:00,2.23,0.00,,,,,,
7626,07/16/2025 03:15:00,2.14,0.00,,,,,,
7627,07/16/2025 03:20:00,2.61,0.20,,,,,,
7628,07/16/2025 03:25:00,2.74,0.20,,,,,,
7629,07/16/2025 03:30:00,3.21,0.00,,,,,,
7630,07/16/2025 03:35:00,3.13,0.41,,,,,,
7631,07/16/2025 03:40:00,3.52,0.41,,,,,,
7632,07/16/2025 03:45:00,3.64,1.02,,,,,,
7633,07/16/2025 03:50:00,3.21,1.23,,,,,,
7634,07/16/2025 03:55:00,3.34,2.05,,,,,,
7635,07/16/2025 04:00:00,3.17,3.08,,,,,,
7636,07/16/2025 04:05:00,2.91,4.31,,,,,,
7637,07/16/2025 04:10:00,2.91,6.19,,,,,,
7638,07/16/2025 04:15:00,2.87,9.66,,,,,,
7639,07/16/2025 04:20:00,2.79,14.01,,,,,,
7640,07/16/2025 04:25:00,2.49,20.25,,,,,,
7641,07/16/2025 04:30:00,2.70,31.00,,,,,,
7642,07/16/2025 04:35:00,2.74,45.90,,,,,,
7643,07/16/2025 04:40:00,2.83,69.04,,,,,,
7644,07/16/2025 04:45:00,2.70,100.24,,,,,,
7645,07/16/2025 04:50:00,2.49,158.24,,,,,,
7646,07/16/2025 04:55:00,2.44,243.84,,,,,,
7647,07/16/2025 05:00:00,2.49,354.24,,,,,,
7648,07/16/2025 05:05:00,2.61,480.00,,,,,,
7649,07/16/2025 05:10:00,2.70,579.52,,,,,,
7650,07/16/2025 05:15:00,2.53,705.28,,,,,,
7651,07/16/2025 05:20:00,2.19,876.80,,,,,,
7652,07/16/2025 05:25:00,1.84,1133.44,,,,,,
7653,07/16/2025 05:30:00,2.10,1453.44,,,,,,
7654,07/16/2025 05:35:00,2.96,1873.92,,,,,,
7655,07/16/2025 05:40:00,3.60,2396.80,,,,,,
7656,07/16/2025 05:45:00,3.73,2661.12,,,,,,
7657,07/16/2025 05:50:00,3.73,2993.92,,,,,,
7658,07/16/2025 05:55:00,3.56,3368.96,,,,,,
7659,07/16/2025 06:00:00,3.69,4066.56,,,,,,
7660,07/16/2025 06:05:00,4.07,4866.56,,,,,,
7661,07/16/2025 06:10:00,4.46,5242.88,,,,,,
7662,07/16/2025 06:15:00,4.80,6556.16,,,,,,
7663,07/16/2025 06:20:00,5.27,7336.96,,,,,,
7664,07/16/2025 06:25:00,5.45,8448.00,,,,,,
7665,07/16/2025 06:30:00,5.62,9579.52,,,,,,
7666,07/16/2025 06:35:00,5.92,10670.08,,,,,,
7667,07/16/2025 06:40:00,6.09,10270.72,,,,,,
7668,07/16/2025 06:45:00,6.26,10048.00,,,,,,
7669,07/16/2025 06:50:00,6.73,11816.96,,,,,,
7670,07/16/2025 06:55:00,6.90,11950.08,,,,,,
7671,07/16/2025 07:00:00,6.73,12584.96,,,,,,
7672,07/16/2025 07:05:00,6.60,13798.40,,,,,,
7673,07/16/2025 07:10:00,6.52,15805.44,,,,,,
7674,07/16/2025 07:15:00,6.82,19271.68,,,,,,
7675,07/16/2025 07:20:00,7.63,21575.68,,,,,,
7676,07/16/2025 07:25:00,8.02,19814.40,,,,,,
7677,07/16/2025 07:30:00,7.42,17187.84,,,,,,
7678,07/16/2025 07:35:00,7.20,17597.44,,,,,,
7679,07/16/2025 07:40:00,7.55,19742.72,,,,,,
7680,07/16/2025 07:45:00,8.45,21934.08,,,,,,
7681,07/16/2025 07:50:00,9.18,24750.08,,,,,,
7682,07/16/2025 07:55:00,9.69,25251.84,,,,,,
7683,07/16/2025 08:00:00,10.12,27381.76,,,,,,
7684,07/16/2025 08:05:00,10.85,31098.88,,,,,,
7685,07/16/2025 08:10:00,11.67,30310.40,,,,,,
7686,07/16/2025 08:15:00,11.79,30054.40,,,,,,
7687,07/16/2025 08:20:00,11.71,31856.64,,,,,,
7688,07/16/2025 08:25:00,11.32,31744.00,,,,,,
7689,07/16/2025 08:30:00,11.67,33013.76,,,,,,
7690,07/16/2025 08:35:00,11.84,35266.56,,,,,,
7691,07/16/2025 08:40:00,11.88,34160.64,,,,,,
7692,07/16/2025 08:45:00,11.67,35614.72,,,,,,
7693,07/16/2025 08:50:00,11.49,35860.48,,,,,,
7694,07/16/2025 08:55:00,11.24,36454.40,,,,,,
7695,07/16/2025 09:00:00,10.98,38154.24,,,,,,
7696,07/16/2025 09:05:00,10.72,35665.92,,,,,,
7697,07/16/2025 09:10:00,10.25,35727.36,,,,,,
7698,07/16/2025 09:15:00,10.59,36700.16,,,,,,
7699,07/16/2025 09:20:00,10.72,39168.00,,,,,,
7700,07/16/2025 09:25:00,11.45,42475.52,,,,,,
7701,07/16/2025 09:30:00,11.71,42106.88,,,,,,
7702,07/16/2025 09:35:00,12.44,49008.64,,,,,,
7703,07/16/2025 09:40:00,13.43,52756.48,,,,,,
7704,07/16/2025 09:45:00,14.24,55132.16,,,,,,
7705,07/16/2025 09:50:00,14.75,55767.04,,,,,,
7706,07/16/2025 09:55:00,15.31,56320.00,,,,,,
7707,07/16/2025 10:00:00,15.91,54824.96,,,,,,
7708,07/16/2025 10:05:00,15.91,53288.96,,,,,,
7709,07/16/2025 10:10:00,16.21,55787.52,,,,,,
7710,07/16/2025 10:15:00,17.29,62771.20,,,,,,
7711,07/16/2025 10:20:00,17.33,57384.96,,,,,,
7712,07/16/2025 10:25:00,16.13,52142.08,,,,,,
7713,07/16/2025 10:30:00,16.13,57937.92,,,,,,
7714,07/16/2025 10:35:00,17.76,69959.68,,,,,,
7715,07/16/2025 10:40:00,18.92,73461.76,,,,,,
7716,07/16/2025 10:45:00,18.66,73256.96,,,,,,
7717,07/16/2025 10:50:00,19.56,83456.00,,,,,,
7718,07/16/2025 10:55:00,19.95,85893.12,,,,,,
7719,07/16/2025 11:00:00,21.49,100270.08,,,,,,
7720,07/16/2025 11:05:00,20.33,77537.28,,,,,,
7721,07/16/2025 11:10:00,18.70,71720.96,,,,,,
7722,07/16/2025 11:15:00,16.21,59248.64,,,,,,
7723,07/16/2025 11:20:00,15.23,69304.32,,,,,,
7724,07/16/2025 11:25:00,16.04,72990.72,,,,,,
7725,07/16/2025 11:30:00,16.99,74096.64,,,,,,
7726,07/16/2025 11:35:00,17.24,74199.04,,,,,,
7727,07/16/2025 11:40:00,17.37,82903.04,,,,,,
7728,07/16/2025 11:45:00,16.56,73953.28,,,,,,
7729,07/16/2025 11:50:00,16.00,68874.24,,,,,,
7730,07/16/2025 11:55:00,15.18,70164.48,,,,,,
7731,07/16/2025 12:00:00,16.47,73318.40,,,,,,
7732,07/16/2025 12:05:00,15.48,69611.52,,,,,,
7733,07/16/2025 12:10:00,14.67,60252.16,,,,,,
7734,07/16/2025 12:15:00,13.94,60436.48,,,,,,
7735,07/16/2025 12:20:00,14.93,72028.16,,,,,,
7736,07/16/2025 12:25:00,17.50,88309.76,,,,,,
7737,07/16/2025 12:30:00,18.57,69427.20,,,,,,
7738,07/16/2025 12:35:00,17.33,68096.00,,,,,,
7739,07/16/2025 12:40:00,17.93,83640.32,,,,,,
7740,07/16/2025 12:45:00,22.26,88965.12,,,,,,
7741,07/16/2025 12:50:00,20.55,79482.88,,,,,,
7742,07/16/2025 12:55:00,19.30,85073.92,,,,,,
7743,07/16/2025 13:00:00,20.55,96092.16,,,,,,
7744,07/16/2025 13:05:00,22.26,103342.08,,,,,,
7745,07/16/2025 13:10:00,20.98,81776.64,,,,,,
7746,07/16/2025 13:15:00,18.83,76042.24,,,,,,
7747,07/16/2025 13:20:00,16.64,67850.24,,,,,,
7748,07/16/2025 13:25:00,15.74,70082.56,,,,,,
7749,07/16/2025 13:30:00,16.94,77639.68,,,,,,
7750,07/16/2025 13:35:00,18.40,88473.60,,,,,,
7751,07/16/2025 13:40:00,18.96,81408.00,,,,,,
7752,07/16/2025 13:45:00,18.70,82042.88,,,,,,
7753,07/16/2025 13:50:00,17.72,79831.04,,,,,,
7754,07/16/2025 13:55:00,18.19,83701.76,,,,,,
7755,07/16/2025 14:00:00,19.52,89333.76,,,,,,
7756,07/16/2025 14:05:00,20.29,96501.76,,,,,,
7757,07/16/2025 14:10:00,20.33,96665.60,,,,,,
7758,07/16/2025 14:15:00,20.12,92733.44,,,,,,
7759,07/16/2025 14:20:00,19.47,89456.64,,,,,,
7760,07/16/2025 14:25:00,19.56,89128.96,,,,,,
7761,07/16/2025 14:30:00,19.86,96870.40,,,,,,
7762,07/16/2025 14:35:00,19.26,85483.52,,,,,,
7763,07/16/2025 14:40:00,18.83,79339.52,,,,,,
7764,07/16/2025 14:45:00,17.54,74956.80,,,,,,
7765,07/16/2025 14:50:00,17.16,73768.96,,,,,,
7766,07/16/2025 14:55:00,15.74,63979.52,,,,,,
7767,07/16/2025 15:00:00,14.54,62668.80,,,,,,
7768,07/16/2025 15:05:00,14.97,66457.60,,,,,,
7769,07/16/2025 15:10:00,15.53,70574.08,,,,,,
7770,07/16/2025 15:15:00,15.78,72335.36,,,,,,
7771,07/16/2025 15:20:00,16.13,76718.08,,,,,,
7772,07/16/2025 15:25:00,17.20,81059.84,,,,,,
7773,07/16/2025 15:30:00,19.39,89169.92,,,,,,
7774,07/16/2025 15:35:00,22.05,87162.88,,,,,,
7775,07/16/2025 15:40:00,20.59,76328.96,,,,,,
7776,07/16/2025 15:45:00,18.10,68034.56,,,,,,
7777,07/16/2025 15:50:00,16.73,64450.56,,,,,,
7778,07/16/2025 15:55:00,17.20,67461.12,,,,,,
7779,07/16/2025 16:00:00,19.09,74240.00,,,,,,
7780,07/16/2025 16:05:00,20.59,79196.16,,,,,,
7781,07/16/2025 16:10:00,20.46,70328.32,,,,,,
7782,07/16/2025 16:15:00,19.09,65556.48,,,,,,
7783,07/16/2025 16:20:00,18.96,61542.40,,,,,,
7784,07/16/2025 16:25:00,19.13,58245.12,,,,,,
7785,07/16/2025 16:30:00,19.69,57999.36,,,,,,
7786,07/16/2025 16:35:00,20.42,66908.16,,,,,,
7787,07/16/2025 16:40:00,21.62,68771.84,,,,,,
7788,07/16/2025 16:45:00,21.75,65843.20,,,,,,
7789,07/16/2025 16:50:00,20.89,61091.84,,,,,,
7790,07/16/2025 16:55:00,18.70,54640.64,,,,,,
7791,07/16/2025 17:00:00,17.41,56238.08,,,,,,
7792,07/16/2025 17:05:00,18.23,63795.20,,,,,,
7793,07/16/2025 17:10:00,19.86,68587.52,,,,,,
7794,07/16/2025 17:15:00,22.31,76124.16,,,,,,
7795,07/16/2025 17:20:00,24.24,79482.88,,,,,,
7796,07/16/2025 17:25:00,27.50,79667.20,,,,,,
7797,07/16/2025 17:30:00,22.48,61665.28,,,,,,
7798,07/16/2025 17:35:00,19.26,55111.68,,,,,,
7799,07/16/2025 17:40:00,18.66,53698.56,,,,,,
7800,07/16/2025 17:45:00,17.37,53555.20,,,,,,
7801,07/16/2025 17:50:00,18.32,51363.84,,,,,,
7802,07/16/2025 17:55:00,18.36,50339.84,,,,,,
7803,07/16/2025 18:00:00,17.11,50974.72,,,,,,
7804,07/16/2025 18:05:00,17.16,53821.44,,,,,,
7805,07/16/2025 18:10:00,15.36,54579.20,,,,,,
7806,07/16/2025 18:15:00,14.45,56156.16,,,,,,
7807,07/16/2025 18:20:00,13.94,52633.60,,,,,,
7808,07/16/2025 18:25:00,13.38,48783.36,,,,,,
7809,07/16/2025 18:30:00,11.75,43417.60,,,,,,
7810,07/16/2025 18:35:00,10.89,41072.64,,,,,,
7811,07/16/2025 18:40:00,10.51,37580.80,,,,,,
7812,07/16/2025 18:45:00,10.98,39915.52,,,,,,
7813,07/16/2025 18:50:00,12.52,50155.52,,,,,,
7814,07/16/2025 18:55:00,12.78,45035.52,,,,,,
7815,07/16/2025 19:00:00,11.54,40806.40,,,,,,
7816,07/16/2025 19:05:00,10.85,37877.76,,,,,,
7817,07/16/2025 19:10:00,11.07,39823.36,,,,,,
7818,07/16/2025 19:15:00,11.11,35962.88,,,,,,
7819,07/16/2025 19:20:00,9.74,32952.32,,,,,,
7820,07/16/2025 19:25:00,9.26,31170.56,,,,,,
7821,07/16/2025 19:30:00,9.56,30689.28,,,,,,
7822,07/16/2025 19:35:00,8.92,29071.36,,,,,,
7823,07/16/2025 19:40:00,8.49,27607.04,,,,,,
7824,07/16/2025 19:45:00,8.06,25190.40,,,,,,
7825,07/16/2025 19:50:00,7.50,22517.76,,,,,,
7826,07/16/2025 19:55:00,7.16,20925.44,,,,,,
7827,07/16/2025 20:00:00,7.20,19558.40,,,,,,
7828,07/16/2025 20:05:00,7.38,18641.92,,,,,,
7829,07/16/2025 20:10:00,7.33,18247.68,,,,,,
7830,07/16/2025 20:15:00,6.82,16921.60,,,,,,
7831,07/16/2025 20:20:00,6.30,16430.08,,,,,,
7832,07/16/2025 20:25:00,6.17,15907.84,,,,,,
7833,07/16/2025 20:30:00,6.30,14484.48,,,,,,
7834,07/16/2025 20:35:00,6.05,13506.56,,,,,,
7835,07/16/2025 20:40:00,5.66,12840.96,,,,,,
7836,07/16/2025 20:45:00,5.45,12625.92,,,,,,
7837,07/16/2025 20:50:00,6.00,12784.64,,,,,,
7838,07/16/2025 20:55:00,5.66,12298.24,,,,,,
7839,07/16/2025 21:00:00,5.32,11581.44,,,,,,
7840,07/16/2025 21:05:00,5.49,11156.48,,,,,,
7841,07/16/2025 21:10:00,6.05,10967.04,,,,,,
7842,07/16/2025 21:15:00,6.22,10823.68,,,,,,
7843,07/16/2025 21:20:00,6.43,9349.12,,,,,,
7844,07/16/2025 21:25:00,6.09,7265.28,,,,,,
7845,07/16/2025 21:30:00,5.92,6417.92,,,,,,
7846,07/16/2025 21:35:00,5.83,6228.48,,,,,,
7847,07/16/2025 21:40:00,5.83,6016.00,,,,,,
7848,07/16/2025 21:45:00,5.40,5698.56,,,,,,
7849,07/16/2025 21:50:00,5.27,4931.84,,,,,,
7850,07/16/2025 21:55:00,5.19,4092.16,,,,,,
7851,07/16/2025 22:00:00,4.97,3628.80,,,,,,
7852,07/16/2025 22:05:00,4.63,3075.84,,,,,,
7853,07/16/2025 22:10:00,4.29,2564.48,,,,,,
7854,07/16/2025 22:15:00,3.64,2355.84,,,,,,
7855,07/16/2025 22:20:00,3.73,2229.12,,,,,,
7856,07/16/2025 22:25:00,3.90,1942.40,,,,,,
7857,07/16/2025 22:30:00,4.80,1639.68,,,,,,
7858,07/16/2025 22:35:00,4.42,1276.48,,,,,,
7859,07/16/2025 22:40:00,4.37,973.76,,,,,,
7860,07/16/2025 22:45:00,4.16,734.40,,,,,,
7861,07/16/2025 22:50:00,4.07,560.16,,,,,,
7862,07/16/2025 22:55:00,3.90,444.32,,,,,,
7863,07/16/2025 23:00:00,3.43,340.32,,,,,,
7864,07/16/2025 23:05:00,3.47,230.08,,,,,,
7865,07/16/2025 23:10:00,3.60,158.04,,,,,,
7866,07/16/2025 23:15:00,3.77,105.08,,,,,,
7867,07/16/2025 23:20:00,3.82,67.44,,,,,,
7868,07/16/2025 23:25:00,3.52,44.26,,,,,,
7869,07/16/2025 23:30:00,3.17,29.76,,,,,,
7870,07/16/2025 23:35:00,3.86,20.25,,,,,,
7871,07/16/2025 23:40:00,4.12,13.62,,,,,,
7872,07/16/2025 23:45:00,4.42,9.28,,,,,,
7873,07/16/2025 23:50:00,4.67,5.37,,,,,,
7874,07/16/2025 23:55:00,4.03,4.11,,,,,,
7875,07/17/2025 00:00:00,3.64,2.67,,,,,,
7876,07/17/2025 00:05:00,3.47,1.43,,,,,,
7877,07/17/2025 00:10:00,3.60,0.82,,,,,,
7878,07/17/2025 00:15:00,4.24,0.41,,,,,,
7879,07/17/2025 00:20:00,4.63,0.20,,,,,,
7880,07/17/2025 00:25:00,3.86,0.00,,,,,,
7881,07/17/2025 00:30:00,4.29,0.00,,,,,,
7882,07/17/2025 00:35:00,4.37,0.00,,,,,,
7883,07/17/2025 00:40:00,4.42,0.00,,,,,,
7884,07/17/2025 00:45:00,3.82,0.00,,,,,,
7885,07/17/2025 00:50:00,3.34,0.00,,,,,,
7886,07/17/2025 00:55:00,4.20,0.00,,,,,,
7887,07/17/2025 01:00:00,4.24,0.00,,,,,,
7888,07/17/2025 01:05:00,4.12,0.00,,,,,,
7889,07/17/2025 01:10:00,4.07,0.00,,,,,,
7890,07/17/2025 01:15:00,4.20,0.00,,,,,,
7891,07/17/2025 01:20:00,4.07,0.00,,,,,,
7892,07/17/2025 01:25:00,4.03,0.00,,,,,,
7893,07/17/2025 01:30:00,4.12,0.00,,,,,,
7894,07/17/2025 01:35:00,4.20,0.00,,,,,,
7895,07/17/2025 01:40:00,3.90,0.00,,,,,,
7896,07/17/2025 01:45:00,4.50,0.00,,,,,,
7897,07/17/2025 01:50:00,4.24,0.00,,,,,,
7898,07/17/2025 01:55:00,3.90,0.00,,,,,,
7899,07/17/2025 02:00:00,3.64,0.00,,,,,,
7900,07/17/2025 02:05:00,3.86,0.00,,,,,,
7901,07/17/2025 02:10:00,3.94,0.00,,,,,,
7902,07/17/2025 02:15:00,3.47,0.00,,,,,,
7903,07/17/2025 02:20:00,3.64,0.00,,,,,,
7904,07/17/2025 02:25:00,3.56,0.00,,,,,,
7905,07/17/2025 02:30:00,3.73,0.00,,,,,,
7906,07/17/2025 02:35:00,3.90,0.00,,,,,,
7907,07/17/2025 02:40:00,4.97,0.00,,,,,,
7908,07/17/2025 02:45:00,6.09,0.00,,,,,,
7909,07/17/2025 02:50:00,5.62,0.00,,,,,,
7910,07/17/2025 02:55:00,5.53,0.00,,,,,,
7911,07/17/2025 03:00:00,4.72,0.00,,,,,,
7912,07/17/2025 03:05:00,4.89,0.00,,,,,,
7913,07/17/2025 03:10:00,4.24,0.00,,,,,,
7914,07/17/2025 03:15:00,4.16,0.00,,,,,,
7915,07/17/2025 03:20:00,3.73,0.00,,,,,,
7916,07/17/2025 03:25:00,3.77,0.00,,,,,,
7917,07/17/2025 03:30:00,3.94,0.20,,,,,,
7918,07/17/2025 03:35:00,4.12,0.41,,,,,,
7919,07/17/2025 03:40:00,3.94,0.41,,,,,,
7920,07/17/2025 03:45:00,4.12,0.61,,,,,,
7921,07/17/2025 03:50:00,3.69,1.23,,,,,,
7922,07/17/2025 03:55:00,3.64,2.05,,,,,,
7923,07/17/2025 04:00:00,2.70,3.49,,,,,,
7924,07/17/2025 04:05:00,2.31,3.90,,,,,,
7925,07/17/2025 04:10:00,2.01,5.37,,,,,,
7926,07/17/2025 04:15:00,2.06,9.04,,,,,,
7927,07/17/2025 04:20:00,1.24,12.95,,,,,,
7928,07/17/2025 04:25:00,0.98,18.35,,,,,,
7929,07/17/2025 04:30:00,1.07,26.88,,,,,,
7930,07/17/2025 04:35:00,1.28,40.15,,,,,,
7931,07/17/2025 04:40:00,1.24,62.82,,,,,,
7932,07/17/2025 04:45:00,0.81,94.36,,,,,,
7933,07/17/2025 04:50:00,1.03,149.08,,,,,,
7934,07/17/2025 04:55:00,1.50,258.08,,,,,,
7935,07/17/2025 05:00:00,1.76,397.44,,,,,,
7936,07/17/2025 05:05:00,2.61,595.84,,,,,,
7937,07/17/2025 05:10:00,2.87,834.88,,,,,,
7938,07/17/2025 05:15:00,3.64,1066.88,,,,,,
7939,07/17/2025 05:20:00,3.69,1401.60,,,,,,
7940,07/17/2025 05:25:00,3.56,1788.16,,,,,,
7941,07/17/2025 05:30:00,4.33,2217.60,,,,,,
7942,07/17/2025 05:35:00,4.89,2696.96,,,,,,
7943,07/17/2025 05:40:00,5.27,3875.84,,,,,,
7944,07/17/2025 05:45:00,5.23,3595.52,,,,,,
7945,07/17/2025 05:50:00,4.20,4129.28,,,,,,
7946,07/17/2025 05:55:00,3.99,4724.48,,,,,,
7947,07/17/2025 06:00:00,4.07,5404.16,,,,,,
7948,07/17/2025 06:05:00,3.56,6016.00,,,,,,
7949,07/17/2025 06:10:00,3.47,6556.16,,,,,,
7950,07/17/2025 06:15:00,3.99,7244.80,,,,,,
7951,07/17/2025 06:20:00,4.97,8053.76,,,,,,
7952,07/17/2025 06:25:00,5.32,8916.48,,,,,,
7953,07/17/2025 06:30:00,5.45,9809.92,,,,,,
7954,07/17/2025 06:35:00,6.39,13388.80,,,,,,
7955,07/17/2025 06:40:00,7.46,15191.04,,,,,,
7956,07/17/2025 06:45:00,8.28,18698.24,,,,,,
7957,07/17/2025 06:50:00,9.14,19584.00,,,,,,
7958,07/17/2025 06:55:00,8.15,19174.40,,,,,,
7959,07/17/2025 07:00:00,9.05,22650.88,,,,,,
7960,07/17/2025 07:05:00,9.78,22630.40,,,,,,
7961,07/17/2025 07:10:00,9.74,26173.44,,,,,,
7962,07/17/2025 07:15:00,10.55,27545.60,,,,,,
7963,07/17/2025 07:20:00,11.45,30740.48,,,,,,
7964,07/17/2025 07:25:00,12.14,32798.72,,,,,,
7965,07/17/2025 07:30:00,13.00,36679.68,,,,,,
7966,07/17/2025 07:35:00,14.28,41779.20,,,,,,
7967,07/17/2025 07:40:00,15.10,42618.88,,,,,,
7968,07/17/2025 07:45:00,15.23,43827.20,,,,,,
7969,07/17/2025 07:50:00,15.87,44462.08,,,,,,
7970,07/17/2025 07:55:00,16.69,46858.24,,,,,,
7971,07/17/2025 08:00:00,15.66,33228.80,,,,,,
7972,07/17/2025 08:05:00,13.47,35061.76,,,,,,
7973,07/17/2025 08:10:00,13.00,31805.44,,,,,,
7974,07/17/2025 08:15:00,11.84,29685.76,,,,,,
7975,07/17/2025 08:20:00,10.94,31938.56,,,,,,
7976,07/17/2025 08:25:00,11.11,33935.36,,,,,,
7977,07/17/2025 08:30:00,12.14,34293.76,,,,,,
7978,07/17/2025 08:35:00,13.47,35491.84,,,,,,
7979,07/17/2025 08:40:00,14.33,37376.00,,,,,,
7980,07/17/2025 08:45:00,15.36,39045.12,,,,,,
7981,07/17/2025 08:50:00,16.30,41799.68,,,,,,
7982,07/17/2025 08:55:00,17.07,45629.44,,,,,,
7983,07/17/2025 09:00:00,17.93,49930.24,,,,,,
7984,07/17/2025 09:05:00,18.02,45670.40,,,,,,
7985,07/17/2025 09:10:00,17.24,48209.92,,,,,,
7986,07/17/2025 09:15:00,16.90,52203.52,,,,,,
7987,07/17/2025 09:20:00,17.63,60436.48,,,,,,
7988,07/17/2025 09:25:00,16.86,53637.12,,,,,,
7989,07/17/2025 09:30:00,15.70,56115.20,,,,,,
7990,07/17/2025 09:35:00,15.18,56852.48,,,,,,
7991,07/17/2025 09:40:00,15.44,57036.80,,,,,,
7992,07/17/2025 09:45:00,15.78,60293.12,,,,,,
7993,07/17/2025 09:50:00,14.97,54067.20,,,,,,
7994,07/17/2025 09:55:00,13.60,53493.76,,,,,,
7995,07/17/2025 10:00:00,13.21,55562.24,,,,,,
7996,07/17/2025 10:05:00,13.85,60702.72,,,,,,
7997,07/17/2025 10:10:00,14.24,56094.72,,,,,,
7998,07/17/2025 10:15:00,15.01,58224.64,,,,,,
7999,07/17/2025 10:20:00,15.06,60354.56,,,,,,
8000,07/17/2025 10:25:00,15.48,61399.04,,,,,,
8001,07/17/2025 10:30:00,15.66,58961.92,,,,,,
8002,07/17/2025 10:35:00,15.87,60743.68,,,,,,
8003,07/17/2025 10:40:00,16.81,65064.96,,,,,,
8004,07/17/2025 10:45:00,16.77,64901.12,,,,,,
8005,07/17/2025 10:50:00,16.90,73748.48,,,,,,
8006,07/17/2025 10:55:00,17.07,75223.04,,,,,,
8007,07/17/2025 11:00:00,17.67,78069.76,,,,,,
8008,07/17/2025 11:05:00,17.80,80076.80,,,,,,
8009,07/17/2025 11:10:00,18.14,78008.32,,,,,,
8010,07/17/2025 11:15:00,17.67,78233.60,,,,,,
8011,07/17/2025 11:20:00,18.10,83742.72,,,,,,
8012,07/17/2025 11:25:00,19.05,93020.16,,,,,,
8013,07/17/2025 11:30:00,19.00,81838.08,,,,,,
8014,07/17/2025 11:35:00,18.44,73441.28,,,,,,
8015,07/17/2025 11:40:00,17.20,63815.68,,,,,,
8016,07/17/2025 11:45:00,18.62,97361.92,,,,,,
8017,07/17/2025 11:50:00,21.36,77168.64,,,,,,
8018,07/17/2025 11:55:00,20.85,100556.80,,,,,,
8019,07/17/2025 12:00:00,22.18,104161.28,,,,,,
8020,07/17/2025 12:05:00,20.25,77516.80,,,,,,
8021,07/17/2025 12:10:00,19.00,86835.20,,,,,,
8022,07/17/2025 12:15:00,19.30,90890.24,,,,,,
8023,07/17/2025 12:20:00,21.96,91013.12,,,,,,
8024,07/17/2025 12:25:00,24.49,87777.28,,,,,,
8025,07/17/2025 12:30:00,25.78,86548.48,,,,,,
8026,07/17/2025 12:35:00,26.34,86384.64,,,,,,
8027,07/17/2025 12:40:00,23.64,87367.68,,,,,,
8028,07/17/2025 12:45:00,23.81,89415.68,,,,,,
8029,07/17/2025 12:50:00,24.06,91873.28,,,,,,
8030,07/17/2025 12:55:00,25.27,92446.72,,,,,,
8031,07/17/2025 13:00:00,29.13,98263.04,,,,,,
8032,07/17/2025 13:05:00,31.01,100843.52,,,,,,
8033,07/17/2025 13:10:00,30.54,97812.48,,,,,,
8034,07/17/2025 13:15:00,30.37,103833.60,,,,,,
8035,07/17/2025 13:20:00,31.44,103587.84,,,,,,
8036,07/17/2025 13:25:00,33.03,105472.00,,,,,,
8037,07/17/2025 13:30:00,31.79,105472.00,,,,,,
8038,07/17/2025 13:35:00,29.26,105799.68,,,,,,
8039,07/17/2025 13:40:00,27.93,96624.64,,,,,,
8040,07/17/2025 13:45:00,26.30,92692.48,,,,,,
8041,07/17/2025 13:50:00,27.63,111738.88,,,,,,
8042,07/17/2025 13:55:00,28.01,100679.68,,,,,,
8043,07/17/2025 14:00:00,28.48,105840.64,,,,,,
8044,07/17/2025 14:05:00,29.56,95027.20,,,,,,
8045,07/17/2025 14:10:00,28.27,89579.52,,,,,,
8046,07/17/2025 14:15:00,30.28,92774.40,,,,,,
8047,07/17/2025 14:20:00,28.74,88064.00,,,,,,
8048,07/17/2025 14:25:00,27.50,97198.08,,,,,,
8049,07/17/2025 14:30:00,26.17,84623.36,,,,,,
8050,07/17/2025 14:35:00,23.76,76984.32,,,,,,
8051,07/17/2025 14:40:00,23.46,76902.40,,,,,,
8052,07/17/2025 14:45:00,23.38,76615.68,,,,,,
8053,07/17/2025 14:50:00,23.46,86917.12,,,,,,
8054,07/17/2025 14:55:00,23.98,80015.36,,,,,,
8055,07/17/2025 15:00:00,25.78,82165.76,,,,,,
8056,07/17/2025 15:05:00,27.02,83230.72,,,,,,
8057,07/17/2025 15:10:00,25.27,94617.60,,,,,,
8058,07/17/2025 15:15:00,23.34,86630.40,,,,,,
8059,07/17/2025 15:20:00,25.09,92119.04,,,,,,
8060,07/17/2025 15:25:00,27.75,90726.40,,,,,,
8061,07/17/2025 15:30:00,27.41,83537.92,,,,,,
8062,07/17/2025 15:35:00,27.67,85811.20,,,,,,
8063,07/17/2025 15:40:00,28.95,106373.12,,,,,,
8064,07/17/2025 15:45:00,23.59,81039.36,,,,,,
8065,07/17/2025 15:50:00,20.80,73359.36,,,,,,
8066,07/17/2025 15:55:00,18.49,73543.68,,,,,,
8067,07/17/2025 16:00:00,19.22,79892.48,,,,,,
8068,07/17/2025 16:05:00,19.82,88473.60,,,,,,
8069,07/17/2025 16:10:00,19.47,82903.04,,,,,,
8070,07/17/2025 16:15:00,17.97,79482.88,,,,,,
8071,07/17/2025 16:20:00,18.79,86384.64,,,,,,
8072,07/17/2025 16:25:00,16.21,74731.52,,,,,,
8073,07/17/2025 16:30:00,17.20,67276.80,,,,,,
8074,07/17/2025 16:35:00,16.56,64532.48,,,,,,
8075,07/17/2025 16:40:00,16.43,69529.60,,,,,,
8076,07/17/2025 16:45:00,17.24,65044.48,,,,,,
8077,07/17/2025 16:50:00,16.94,76492.80,,,,,,
8078,07/17/2025 16:55:00,16.43,70205.44,,,,,,
8079,07/17/2025 17:00:00,19.05,95723.52,,,,,,
8080,07/17/2025 17:05:00,21.15,88473.60,,,,,,
8081,07/17/2025 17:10:00,20.12,93798.40,,,,,,
8082,07/17/2025 17:15:00,16.73,88596.48,,,,,,
8083,07/17/2025 17:20:00,16.81,49500.16,,,,,,
8084,07/17/2025 17:25:00,16.77,73195.52,,,,,,
8085,07/17/2025 17:30:00,17.54,81039.36,,,,,,
8086,07/17/2025 17:35:00,17.54,81059.84,,,,,,
8087,07/17/2025 17:40:00,18.27,84459.52,,,,,,
8088,07/17/2025 17:45:00,18.19,84254.72,,,,,,
8089,07/17/2025 17:50:00,17.89,79728.64,,,,,,
8090,07/17/2025 17:55:00,16.94,71925.76,,,,,,
8091,07/17/2025 18:00:00,14.93,61440.00,,,,,,
8092,07/17/2025 18:05:00,18.27,78643.20,,,,,,
8093,07/17/2025 18:10:00,16.81,74752.00,,,,,,
8094,07/17/2025 18:15:00,17.37,74936.32,,,,,,
8095,07/17/2025 18:20:00,16.69,71086.08,,,,,,
8096,07/17/2025 18:25:00,15.57,68055.04,,,,,,
8097,07/17/2025 18:30:00,15.83,66068.48,,,,,,
8098,07/17/2025 18:35:00,15.40,67010.56,,,,,,
8099,07/17/2025 18:40:00,15.01,61829.12,,,,,,
8100,07/17/2025 18:45:00,15.06,60006.40,,,,,,
8101,07/17/2025 18:50:00,14.67,58449.92,,,,,,
8102,07/17/2025 18:55:00,14.33,56832.00,,,,,,
8103,07/17/2025 19:00:00,13.73,55541.76,,,,,,
8104,07/17/2025 19:05:00,13.34,54251.52,,,,,,
8105,07/17/2025 19:10:00,12.87,54435.84,,,,,,
8106,07/17/2025 19:15:00,13.08,52142.08,,,,,,
8107,07/17/2025 19:20:00,12.52,50851.84,,,,,,
8108,07/17/2025 19:25:00,12.44,49356.80,,,,,,
8109,07/17/2025 19:30:00,12.31,48517.12,,,,,,
8110,07/17/2025 19:35:00,12.14,47656.96,,,,,,
8111,07/17/2025 19:40:00,12.05,46919.68,,,,,,
8112,07/17/2025 19:45:00,12.18,46018.56,,,,,,
8113,07/17/2025 19:50:00,12.18,45445.12,,,,,,
8114,07/17/2025 19:55:00,12.35,44564.48,,,,,,
8115,07/17/2025 20:00:00,11.88,43642.88,,,,,,
8116,07/17/2025 20:05:00,11.71,43417.60,,,,,,
8117,07/17/2025 20:10:00,11.79,43069.44,,,,,,
8118,07/17/2025 20:15:00,11.11,41676.80,,,,,,
8119,07/17/2025 20:20:00,9.05,20889.60,,,,,,
8120,07/17/2025 20:25:00,9.56,33126.40,,,,,,
8121,07/17/2025 20:30:00,9.65,34979.84,,,,,,
8122,07/17/2025 20:35:00,9.74,34426.88,,,,,,
8123,07/17/2025 20:40:00,9.01,32716.80,,,,,,
8124,07/17/2025 20:45:00,8.79,30873.60,,,,,,
8125,07/17/2025 20:50:00,8.75,28702.72,,,,,,
8126,07/17/2025 20:55:00,8.58,26408.96,,,,,,
8127,07/17/2025 21:00:00,8.15,24483.84,,,,,,
8128,07/17/2025 21:05:00,7.98,22814.72,,,,,,
8129,07/17/2025 21:10:00,7.33,21207.04,,,,,,
8130,07/17/2025 21:15:00,6.86,19706.88,,,,,,
8131,07/17/2025 21:20:00,6.78,18580.48,,,,,,
8132,07/17/2025 21:25:00,7.08,17136.64,,,,,,
8133,07/17/2025 21:30:00,6.86,15846.40,,,,,,
8134,07/17/2025 21:35:00,6.43,14612.48,,,,,,
8135,07/17/2025 21:40:00,6.13,13424.64,,,,,,
8136,07/17/2025 21:45:00,5.79,12385.28,,,,,,
8137,07/17/2025 21:50:00,5.57,11197.44,,,,,,
8138,07/17/2025 21:55:00,5.75,9902.08,,,,,,
8139,07/17/2025 22:00:00,5.70,8724.48,,,,,,
8140,07/17/2025 22:05:00,4.59,4184.32,,,,,,
8141,07/17/2025 22:10:00,3.21,3494.40,,,,,,
8142,07/17/2025 22:15:00,3.04,3087.36,,,,,,
8143,07/17/2025 22:20:00,2.74,2700.80,,,,,,
8144,07/17/2025 22:25:00,2.57,2318.08,,,,,,
8145,07/17/2025 22:30:00,2.70,1936.00,,,,,,
8146,07/17/2025 22:35:00,3.09,1582.72,,,,,,
8147,07/17/2025 22:40:00,3.30,1275.84,,,,,,
8148,07/17/2025 22:45:00,3.00,1012.48,,,,,,
8149,07/17/2025 22:50:00,2.61,782.08,,,,,,
8150,07/17/2025 22:55:00,2.83,591.04,,,,,,
8151,07/17/2025 23:00:00,2.91,437.60,,,,,,
8152,07/17/2025 23:05:00,3.30,314.64,,,,,,
8153,07/17/2025 23:10:00,3.43,220.24,,,,,,
8154,07/17/2025 23:15:00,3.43,152.28,,,,,,
8155,07/17/2025 23:20:00,3.00,101.88,,,,,,
8156,07/17/2025 23:25:00,1.88,69.46,,,,,,
8157,07/17/2025 23:30:00,1.50,44.72,,,,,,
8158,07/17/2025 23:35:00,1.37,29.76,,,,,,
8159,07/17/2025 23:40:00,1.63,20.20,,,,,,
8160,07/17/2025 23:45:00,2.49,13.59,,,,,,
8161,07/17/2025 23:50:00,2.83,9.46,,,,,,
8162,07/17/2025 23:55:00,3.26,5.98,,,,,,
8163,07/18/2025 00:00:00,3.43,4.31,,,,,,
8164,07/18/2025 00:05:00,3.73,3.08,,,,,,
8165,07/18/2025 00:10:00,3.94,2.05,,,,,,
8166,07/18/2025 00:15:00,3.94,1.23,,,,,,
8167,07/18/2025 00:20:00,3.94,1.43,,,,,,
8168,07/18/2025 00:25:00,3.77,0.41,,,,,,
8169,07/18/2025 00:30:00,3.73,0.20,,,,,,
8170,07/18/2025 00:35:00,3.82,0.61,,,,,,
8171,07/18/2025 00:40:00,3.94,0.00,,,,,,
8172,07/18/2025 00:45:00,3.86,0.00,,,,,,
8173,07/18/2025 00:50:00,3.30,0.00,,,,,,
8174,07/18/2025 00:55:00,2.61,0.00,,,,,,
8175,07/18/2025 01:00:00,2.44,0.00,,,,,,
8176,07/18/2025 01:05:00,2.49,0.00,,,,,,
8177,07/18/2025 01:10:00,2.57,0.00,,,,,,
8178,07/18/2025 01:15:00,2.66,0.00,,,,,,
8179,07/18/2025 01:20:00,2.91,0.00,,,,,,
8180,07/18/2025 01:25:00,3.09,0.00,,,,,,
8181,07/18/2025 01:30:00,2.96,0.00,,,,,,
8182,07/18/2025 01:35:00,2.96,0.00,,,,,,
8183,07/18/2025 01:40:00,2.96,0.00,,,,,,
8184,07/18/2025 01:45:00,3.26,0.00,,,,,,
8185,07/18/2025 01:50:00,3.09,0.00,,,,,,
8186,07/18/2025 01:55:00,2.66,0.00,,,,,,
8187,07/18/2025 02:00:00,2.40,0.00,,,,,,
8188,07/18/2025 02:05:00,2.70,0.00,,,,,,
8189,07/18/2025 02:10:00,2.31,0.00,,,,,,
8190,07/18/2025 02:15:00,2.06,0.00,,,,,,
8191,07/18/2025 02:20:00,2.27,0.00,,,,,,
8192,07/18/2025 02:25:00,2.14,0.00,,,,,,
8193,07/18/2025 02:30:00,2.23,0.00,,,,,,
8194,07/18/2025 02:35:00,2.57,0.00,,,,,,
8195,07/18/2025 02:40:00,2.91,0.00,,,,,,
8196,07/18/2025 02:45:00,2.57,0.00,,,,,,
8197,07/18/2025 02:50:00,2.31,0.00,,,,,,
8198,07/18/2025 02:55:00,2.14,0.00,,,,,,
8199,07/18/2025 03:00:00,2.10,0.00,,,,,,
8200,07/18/2025 03:05:00,1.84,0.00,,,,,,
8201,07/18/2025 03:10:00,2.14,0.00,,,,,,
8202,07/18/2025 03:15:00,2.19,0.00,,,,,,
8203,07/18/2025 03:20:00,2.40,0.00,,,,,,
8204,07/18/2025 03:25:00,2.70,0.20,,,,,,
8205,07/18/2025 03:30:00,3.30,0.20,,,,,,
8206,07/18/2025 03:35:00,3.94,0.00,,,,,,
8207,07/18/2025 03:40:00,3.82,0.20,,,,,,
8208,07/18/2025 03:45:00,3.94,0.61,,,,,,
8209,07/18/2025 03:50:00,3.86,0.82,,,,,,
8210,07/18/2025 03:55:00,3.69,1.43,,,,,,
8211,07/18/2025 04:00:00,3.73,2.46,,,,,,
8212,07/18/2025 04:05:00,3.60,3.49,,,,,,
8213,07/18/2025 04:10:00,3.56,5.34,,,,,,
8214,07/18/2025 04:15:00,2.87,7.42,,,,,,
8215,07/18/2025 04:20:00,2.66,11.72,,,,,,
8216,07/18/2025 04:25:00,3.26,16.91,,,,,,
8217,07/18/2025 04:30:00,3.04,25.24,,,,,,
8218,07/18/2025 04:35:00,3.13,38.09,,,,,,
8219,07/18/2025 04:40:00,3.17,57.94,,,,,,
8220,07/18/2025 04:45:00,3.21,86.16,,,,,,
8221,07/18/2025 04:50:00,3.00,129.12,,,,,,
8222,07/18/2025 04:55:00,3.00,189.60,,,,,,
8223,07/18/2025 05:00:00,3.13,276.40,,,,,,
8224,07/18/2025 05:05:00,3.26,386.56,,,,,,
8225,07/18/2025 05:10:00,3.34,529.76,,,,,,
8226,07/18/2025 05:15:00,3.43,711.36,,,,,,
8227,07/18/2025 05:20:00,3.30,922.88,,,,,,
8228,07/18/2025 05:25:00,3.82,1168.64,,,,,,
8229,07/18/2025 05:30:00,4.07,1451.52,,,,,,
8230,07/18/2025 05:35:00,3.99,1773.44,,,,,,
8231,07/18/2025 05:40:00,3.43,2202.88,,,,,,
8232,07/18/2025 05:45:00,3.94,3180.80,,,,,,
8233,07/18/2025 05:50:00,5.15,4194.56,,,,,,
8234,07/18/2025 05:55:00,5.92,5027.84,,,,,,
8235,07/18/2025 06:00:00,5.62,5872.64,,,,,,
8236,07/18/2025 06:05:00,6.26,6740.48,,,,,,
8237,07/18/2025 06:10:00,6.17,7685.12,,,,,,
8238,07/18/2025 06:15:00,7.12,8673.28,,,,,,
8239,07/18/2025 06:20:00,7.38,9738.24,,,,,,
8240,07/18/2025 06:25:00,7.85,10828.80,,,,,,
8241,07/18/2025 06:30:00,8.23,11914.24,,,,,,
8242,07/18/2025 06:35:00,8.53,13091.84,,,,,,
8243,07/18/2025 06:40:00,9.01,14264.32,,,,,,
8244,07/18/2025 06:45:00,9.56,15488.00,,,,,,
8245,07/18/2025 06:50:00,9.86,16675.84,,,,,,
8246,07/18/2025 06:55:00,9.69,17863.68,,,,,,
8247,07/18/2025 07:00:00,10.29,19220.48,,,,,,
8248,07/18/2025 07:05:00,10.16,20403.20,,,,,,
8249,07/18/2025 07:10:00,10.46,21913.60,,,,,,
8250,07/18/2025 07:15:00,10.89,23418.88,,,,,,
8251,07/18/2025 07:20:00,11.62,24893.44,,,,,,
8252,07/18/2025 07:25:00,12.18,26480.64,,,,,,
8253,07/18/2025 07:30:00,13.04,28200.96,,,,,,
8254,07/18/2025 07:35:00,13.68,30044.16,,,,,,
8255,07/18/2025 07:40:00,14.37,31795.20,,,,,,
8256,07/18/2025 07:45:00,14.28,33566.72,,,,,,
8257,07/18/2025 07:50:00,14.84,34897.92,,,,,,
8258,07/18/2025 07:55:00,15.53,36136.96,,,,,,
8259,07/18/2025 08:00:00,16.08,37335.04,,,,,,
8260,07/18/2025 08:05:00,16.90,38481.92,,,,,,
8261,07/18/2025 08:10:00,17.72,39587.84,,,,,,
8262,07/18/2025 08:15:00,17.50,40693.76,,,,,,
8263,07/18/2025 08:20:00,17.16,41656.32,,,,,,
8264,07/18/2025 08:25:00,16.94,42782.72,,,,,,
8265,07/18/2025 08:30:00,17.41,43786.24,,,,,,
8266,07/18/2025 08:35:00,17.97,44974.08,,,,,,
8267,07/18/2025 08:40:00,18.23,46039.04,,,,,,
8268,07/18/2025 08:45:00,17.89,47206.40,,,,,,
8269,07/18/2025 08:50:00,18.14,48455.68,,,,,,
8270,07/18/2025 08:55:00,18.49,49971.20,,,,,,
8271,07/18/2025 09:00:00,18.83,51159.04,,,,,,
8272,07/18/2025 09:05:00,19.09,52326.40,,,,,,
8273,07/18/2025 09:10:00,19.00,53657.60,,,,,,
8274,07/18/2025 09:15:00,18.87,54865.92,,,,,,
8275,07/18/2025 09:20:00,19.22,56053.76,,,,,,
8276,07/18/2025 09:25:00,19.73,57303.04,,,,,,
8277,07/18/2025 09:30:00,19.99,58429.44,,,,,,
8278,07/18/2025 09:35:00,20.12,59514.88,,,,,,
8279,07/18/2025 09:40:00,20.42,60723.20,,,,,,
8280,07/18/2025 09:45:00,20.33,62013.44,,,,,,
8281,07/18/2025 09:50:00,20.37,63221.76,,,,,,
8282,07/18/2025 09:55:00,20.59,64245.76,,,,,,
8283,07/18/2025 10:00:00,20.33,65433.60,,,,,,
8284,07/18/2025 10:05:00,19.69,66580.48,,,,,,
8285,07/18/2025 10:10:00,20.55,67584.00,,,,,,
8286,07/18/2025 10:15:00,21.10,68648.96,,,,,,
8287,07/18/2025 10:20:00,21.92,69672.96,,,,,,
8288,07/18/2025 10:25:00,21.79,70758.40,,,,,,
8289,07/18/2025 10:30:00,21.19,71741.44,,,,,,
8290,07/18/2025 10:35:00,21.19,72724.48,,,,,,
8291,07/18/2025 10:40:00,21.28,73666.56,,,,,,
8292,07/18/2025 10:45:00,21.62,74670.08,,,,,,
8293,07/18/2025 10:50:00,22.05,75489.28,,,,,,
8294,07/18/2025 10:55:00,22.18,76390.40,,,,,,
8295,07/18/2025 11:00:00,21.92,77332.48,,,,,,
8296,07/18/2025 11:05:00,20.37,78336.00,,,,,,
8297,07/18/2025 11:10:00,20.37,79114.24,,,,,,
8298,07/18/2025 11:15:00,20.93,79728.64,,,,,,
8299,07/18/2025 11:20:00,21.36,80486.40,,,,,,
8300,07/18/2025 11:25:00,22.31,81244.16,,,,,,
8301,07/18/2025 11:30:00,23.16,81920.00,,,,,,
8302,07/18/2025 11:35:00,22.99,82636.80,,,,,,
8303,07/18/2025 11:40:00,23.21,83435.52,,,,,,
8304,07/18/2025 11:45:00,22.91,84049.92,,,,,,
8305,07/18/2025 11:50:00,22.31,84623.36,,,,,,
8306,07/18/2025 11:55:00,21.58,85155.84,,,,,,
8307,07/18/2025 12:00:00,20.80,85893.12,,,,,,
8308,07/18/2025 12:05:00,21.10,86384.64,,,,,,
8309,07/18/2025 12:10:00,20.76,86876.16,,,,,,
8310,07/18/2025 12:15:00,19.47,87695.36,,,,,,
8311,07/18/2025 12:20:00,19.56,88023.04,,,,,,
8312,07/18/2025 12:25:00,18.70,88555.52,,,,,,
8313,07/18/2025 12:30:00,18.66,89088.00,,,,,,
8314,07/18/2025 12:35:00,19.17,89538.56,,,,,,
8315,07/18/2025 12:40:00,19.56,89866.24,,,,,,
8316,07/18/2025 12:45:00,19.35,90152.96,,,,,,
8317,07/18/2025 12:50:00,19.47,90439.68,,,,,,
8318,07/18/2025 12:55:00,19.43,90726.40,,,,,,
8319,07/18/2025 13:00:00,19.82,90890.24,,,,,,
8320,07/18/2025 13:05:00,19.90,91013.12,,,,,,
8321,07/18/2025 13:10:00,19.60,91136.00,,,,,,
8322,07/18/2025 13:15:00,19.52,91258.88,,,,,,
8323,07/18/2025 13:20:00,19.56,91463.68,,,,,,
8324,07/18/2025 13:25:00,19.35,91545.60,,,,,,
8325,07/18/2025 13:30:00,19.43,91586.56,,,,,,
8326,07/18/2025 13:35:00,19.65,91586.56,,,,,,
8327,07/18/2025 13:40:00,19.69,91545.60,,,,,,
8328,07/18/2025 13:45:00,20.16,91463.68,,,,,,
8329,07/18/2025 13:50:00,20.42,91504.64,,,,,,
8330,07/18/2025 13:55:00,20.20,91504.64,,,,,,
8331,07/18/2025 14:00:00,19.90,91463.68,,,,,,
8332,07/18/2025 14:05:00,19.39,91463.68,,,,,,
8333,07/18/2025 14:10:00,18.62,91504.64,,,,,,
8334,07/18/2025 14:15:00,18.32,91504.64,,,,,,
8335,07/18/2025 14:20:00,18.19,91258.88,,,,,,
8336,07/18/2025 14:25:00,18.62,91013.12,,,,,,
8337,07/18/2025 14:30:00,18.92,90726.40,,,,,,
8338,07/18/2025 14:35:00,19.65,90480.64,,,,,,
8339,07/18/2025 14:40:00,20.33,90112.00,,,,,,
8340,07/18/2025 14:45:00,21.58,89825.28,,,,,,
8341,07/18/2025 14:50:00,21.96,89497.60,,,,,,
8342,07/18/2025 14:55:00,22.26,89128.96,,,,,,
8343,07/18/2025 15:00:00,22.31,88842.24,,,,,,
8344,07/18/2025 15:05:00,22.48,88473.60,,,,,,
8345,07/18/2025 15:10:00,22.56,88104.96,,,,,,
8346,07/18/2025 15:15:00,22.35,87695.36,,,,,,
8347,07/18/2025 15:20:00,21.79,87408.64,,,,,,
8348,07/18/2025 15:25:00,21.40,87040.00,,,,,,
8349,07/18/2025 15:30:00,21.19,86548.48,,,,,,
8350,07/18/2025 15:35:00,20.50,86056.96,,,,,,
8351,07/18/2025 15:40:00,20.33,85442.56,,,,,,
8352,07/18/2025 15:45:00,20.25,84664.32,,,,,,
8353,07/18/2025 15:50:00,20.29,83804.16,,,,,,
8354,07/18/2025 15:55:00,20.16,83148.80,,,,,,
8355,07/18/2025 16:00:00,20.25,82534.40,,,,,,
8356,07/18/2025 16:05:00,19.82,81920.00,,,,,,
8357,07/18/2025 16:10:00,20.33,81203.20,,,,,,
8358,07/18/2025 16:15:00,20.55,80650.24,,,,,,
8359,07/18/2025 16:20:00,20.46,79994.88,,,,,,
8360,07/18/2025 16:25:00,20.12,79380.48,,,,,,
8361,07/18/2025 16:30:00,19.65,78827.52,,,,,,
8362,07/18/2025 16:35:00,19.65,78254.08,,,,,,
8363,07/18/2025 16:40:00,19.99,77721.60,,,,,,
8364,07/18/2025 16:45:00,20.33,77066.24,,,,,,
8365,07/18/2025 16:50:00,20.29,76595.20,,,,,,
8366,07/18/2025 16:55:00,19.77,76083.20,,,,,,
8367,07/18/2025 17:00:00,19.39,75714.56,,,,,,
8368,07/18/2025 17:05:00,19.39,75509.76,,,,,,
8369,07/18/2025 17:10:00,19.60,75407.36,,,,,,
8370,07/18/2025 17:15:00,19.82,75304.96,,,,,,
8371,07/18/2025 17:20:00,19.43,75591.68,,,,,,
8372,07/18/2025 17:25:00,19.09,76062.72,,,,,,
8373,07/18/2025 17:30:00,19.13,76779.52,,,,,,
8374,07/18/2025 17:35:00,19.82,77496.32,,,,,,
8375,07/18/2025 17:40:00,18.62,78540.80,,,,,,
8376,07/18/2025 17:45:00,19.56,78848.00,,,,,,
8377,07/18/2025 17:50:00,20.50,79114.24,,,,,,
8378,07/18/2025 17:55:00,21.83,78786.56,,,,,,
8379,07/18/2025 18:00:00,22.43,77864.96,,,,,,
8380,07/18/2025 18:05:00,22.26,76144.64,,,,,,
8381,07/18/2025 18:10:00,21.45,73871.36,,,,,,
8382,07/18/2025 18:15:00,22.09,71598.08,,,,,,
8383,07/18/2025 18:20:00,21.40,69160.96,,,,,,
8384,07/18/2025 18:25:00,21.58,66887.68,,,,,,
8385,07/18/2025 18:30:00,20.85,64348.16,,,,,,
8386,07/18/2025 18:35:00,19.86,62279.68,,,,,,
8387,07/18/2025 18:40:00,18.79,60334.08,,,,,,
8388,07/18/2025 18:45:00,18.70,58613.76,,,,,,
8389,07/18/2025 18:50:00,18.19,57159.68,,,,,,
8390,07/18/2025 18:55:00,16.51,55664.64,,,,,,
8391,07/18/2025 19:00:00,15.44,54312.96,,,,,,
8392,07/18/2025 19:05:00,15.31,53022.72,,,,,,
8393,07/18/2025 19:10:00,15.14,51814.40,,,,,,
8394,07/18/2025 19:15:00,15.23,50708.48,,,,,,
8395,07/18/2025 19:20:00,15.61,49274.88,,,,,,
8396,07/18/2025 19:25:00,16.73,48209.92,,,,,,
8397,07/18/2025 19:30:00,16.21,47165.44,,,,,,
8398,07/18/2025 19:35:00,16.60,46243.84,,,,,,
8399,07/18/2025 19:40:00,16.21,45301.76,,,,,,
8400,07/18/2025 19:45:00,15.70,44441.60,,,,,,
8401,07/18/2025 19:50:00,14.33,43745.28,,,,,,
8402,07/18/2025 19:55:00,14.71,42967.04,,,,,,
8403,07/18/2025 20:00:00,14.03,42311.68,,,,,,
8404,07/18/2025 20:05:00,14.93,41297.92,,,,,,
8405,07/18/2025 20:10:00,13.51,40294.40,,,,,,
8406,07/18/2025 20:15:00,12.27,38932.48,,,,,,
8407,07/18/2025 20:20:00,11.41,37529.60,,,,,,
8408,07/18/2025 20:25:00,11.15,36280.32,,,,,,
8409,07/18/2025 20:30:00,10.81,35112.96,,,,,,
8410,07/18/2025 20:35:00,10.55,33382.40,,,,,,
8411,07/18/2025 20:40:00,10.34,31979.52,,,,,,
8412,07/18/2025 20:45:00,11.41,30197.76,,,,,,
8413,07/18/2025 20:50:00,12.18,27985.92,,,,,,
8414,07/18/2025 20:55:00,12.22,25743.36,,,,,,
8415,07/18/2025 21:00:00,11.19,24064.00,,,,,,
8416,07/18/2025 21:05:00,10.42,22579.20,,,,,,
8417,07/18/2025 21:10:00,9.14,21166.08,,,,,,
8418,07/18/2025 21:15:00,8.41,19758.08,,,,,,
8419,07/18/2025 21:20:00,7.81,18324.48,,,,,,
8420,07/18/2025 21:25:00,7.46,16977.92,,,,,,
8421,07/18/2025 21:30:00,7.50,15708.16,,,,,,
8422,07/18/2025 21:35:00,8.23,14448.64,,,,,,
8423,07/18/2025 21:40:00,8.62,13276.16,,,,,,
8424,07/18/2025 21:45:00,8.06,12144.64,,,,,,
8425,07/18/2025 21:50:00,7.55,10946.56,,,,,,
8426,07/18/2025 21:55:00,6.82,9751.04,,,,,,
8427,07/18/2025 22:00:00,6.43,8547.84,,,,,,
8428,07/18/2025 22:05:00,5.27,3662.08,,,,,,
8429,07/18/2025 22:10:00,3.73,3265.28,,,,,,
8430,07/18/2025 22:15:00,2.91,2881.28,,,,,,
8431,07/18/2025 22:20:00,2.83,2510.08,,,,,,
8432,07/18/2025 22:25:00,3.04,2149.76,,,,,,
8433,07/18/2025 22:30:00,2.74,1809.28,,,,,,
8434,07/18/2025 22:35:00,2.57,1479.04,,,,,,
8435,07/18/2025 22:40:00,2.91,1172.80,,,,,,
8436,07/18/2025 22:45:00,2.96,912.96,,,,,,
8437,07/18/2025 22:50:00,3.64,698.24,,,,,,
8438,07/18/2025 22:55:00,4.24,523.04,,,,,,
8439,07/18/2025 23:00:00,4.37,378.40,,,,,,
8440,07/18/2025 23:05:00,3.13,267.28,,,,,,
8441,07/18/2025 23:10:00,2.91,182.16,,,,,,
8442,07/18/2025 23:15:00,2.61,124.08,,,,,,
8443,07/18/2025 23:20:00,3.04,81.12,,,,,,
8444,07/18/2025 23:25:00,3.52,53.36,,,,,,
8445,07/18/2025 23:30:00,3.47,33.52,,,,,,
8446,07/18/2025 23:35:00,3.47,21.90,,,,,,
8447,07/18/2025 23:40:00,2.61,14.83,,,,,,
8448,07/18/2025 23:45:00,2.83,10.07,,,,,,
8449,07/18/2025 23:50:00,2.06,6.78,,,,,,
8450,07/18/2025 23:55:00,1.97,4.73,,,,,,
8451,07/19/2025 00:00:00,2.40,3.29,,,,,,
8452,07/19/2025 00:05:00,2.70,2.26,,,,,,
8453,07/19/2025 00:10:00,3.09,1.43,,,,,,
8454,07/19/2025 00:15:00,2.87,1.02,,,,,,
8455,07/19/2025 00:20:00,2.40,0.61,,,,,,
8456,07/19/2025 00:25:00,1.54,0.41,,,,,,
8457,07/19/2025 00:30:00,1.20,0.20,,,,,,
8458,07/19/2025 00:35:00,1.20,0.20,,,,,,
8459,07/19/2025 00:40:00,1.50,0.00,,,,,,
8460,07/19/2025 00:45:00,1.50,0.00,,,,,,
8461,07/19/2025 00:50:00,1.20,0.00,,,,,,
8462,07/19/2025 00:55:00,1.20,0.00,,,,,,
8463,07/19/2025 01:00:00,1.54,0.00,,,,,,
8464,07/19/2025 01:05:00,1.67,0.00,,,,,,
8465,07/19/2025 01:10:00,1.63,0.00,,,,,,
8466,07/19/2025 01:15:00,2.01,0.00,,,,,,
8467,07/19/2025 01:20:00,2.06,0.41,,,,,,
8468,07/19/2025 01:25:00,2.31,0.00,,,,,,
8469,07/19/2025 01:30:00,2.61,0.00,,,,,,
8470,07/19/2025 01:35:00,2.31,0.00,,,,,,
8471,07/19/2025 01:40:00,2.06,0.00,,,,,,
8472,07/19/2025 01:45:00,2.23,0.00,,,,,,
8473,07/19/2025 01:50:00,2.53,0.00,,,,,,
8474,07/19/2025 01:55:00,2.44,0.00,,,,,,
8475,07/19/2025 02:00:00,2.27,0.00,,,,,,
8476,07/19/2025 02:05:00,2.36,0.00,,,,,,
8477,07/19/2025 02:10:00,2.49,0.00,,,,,,
8478,07/19/2025 02:15:00,2.36,0.00,,,,,,
8479,07/19/2025 02:20:00,2.10,0.00,,,,,,
8480,07/19/2025 02:25:00,2.01,0.00,,,,,,
8481,07/19/2025 02:30:00,2.14,0.00,,,,,,
8482,07/19/2025 02:35:00,2.40,0.00,,,,,,
8483,07/19/2025 02:40:00,1.76,0.00,,,,,,
8484,07/19/2025 02:45:00,1.71,0.00,,,,,,
8485,07/19/2025 02:50:00,1.84,0.00,,,,,,
8486,07/19/2025 02:55:00,1.80,0.00,,,,,,
8487,07/19/2025 03:00:00,2.70,0.00,,,,,,
8488,07/19/2025 03:05:00,2.40,0.00,,,,,,
8489,07/19/2025 03:10:00,2.53,0.00,,,,,,
8490,07/19/2025 03:15:00,2.31,0.00,,,,,,
8491,07/19/2025 03:20:00,2.36,0.00,,,,,,
8492,07/19/2025 03:25:00,2.57,0.00,,,,,,
8493,07/19/2025 03:30:00,1.97,0.00,,,,,,
8494,07/19/2025 03:35:00,2.06,0.20,,,,,,
8495,07/19/2025 03:40:00,2.53,0.41,,,,,,
8496,07/19/2025 03:45:00,1.76,0.61,,,,,,
8497,07/19/2025 03:50:00,1.63,0.82,,,,,,
8498,07/19/2025 03:55:00,1.20,1.23,,,,,,
8499,07/19/2025 04:00:00,1.24,2.05,,,,,,
8500,07/19/2025 04:05:00,1.76,2.87,,,,,,
8501,07/19/2025 04:10:00,1.37,4.31,,,,,,
8502,07/19/2025 04:15:00,1.28,6.37,,,,,,
8503,07/19/2025 04:20:00,1.03,9.46,,,,,,
8504,07/19/2025 04:25:00,1.03,13.80,,,,,,
8505,07/19/2025 04:30:00,1.46,20.66,,,,,,
8506,07/19/2025 04:35:00,1.54,31.87,,,,,,
8507,07/19/2025 04:40:00,1.76,51.30,,,,,,
8508,07/19/2025 04:45:00,1.24,79.48,,,,,,
8509,07/19/2025 04:50:00,1.54,120.00,,,,,,
8510,07/19/2025 04:55:00,1.97,177.20,,,,,,
8511,07/19/2025 05:00:00,1.50,260.72,,,,,,
8512,07/19/2025 05:05:00,1.07,362.56,,,,,,
8513,07/19/2025 05:10:00,0.77,488.16,,,,,,
8514,07/19/2025 05:15:00,1.07,636.16,,,,,,
8515,07/19/2025 05:20:00,1.80,806.72,,,,,,
8516,07/19/2025 05:25:00,1.76,1005.76,,,,,,
8517,07/19/2025 05:30:00,1.63,1213.12,,,,,,
8518,07/19/2025 05:35:00,1.93,1445.76,,,,,,
8519,07/19/2025 05:40:00,1.41,1722.24,,,,,,
8520,07/19/2025 05:45:00,1.46,2010.24,,,,,,
8521,07/19/2025 05:50:00,1.84,2306.56,,,,,,
8522,07/19/2025 05:55:00,2.14,2607.36,,,,,,
8523,07/19/2025 06:00:00,2.66,2897.92,,,,,,
8524,07/19/2025 06:05:00,2.01,3185.92,,,,,,
8525,07/19/2025 06:10:00,2.10,3494.40,,,,,,
8526,07/19/2025 06:15:00,2.49,3800.32,,,,,,
8527,07/19/2025 06:20:00,3.09,4115.20,,,,,,
8528,07/19/2025 06:25:00,2.57,4468.48,,,,,,
8529,07/19/2025 06:30:00,2.31,4803.84,,,,,,
8530,07/19/2025 06:35:00,1.93,5178.88,,,,,,
8531,07/19/2025 06:40:00,1.67,5608.96,,,,,,
8532,07/19/2025 06:45:00,1.97,6082.56,,,,,,
8533,07/19/2025 06:50:00,2.61,6535.68,,,,,,
8534,07/19/2025 06:55:00,2.91,7034.88,,,,,,
8535,07/19/2025 07:00:00,5.92,18247.68,,,,,,
8536,07/19/2025 07:05:00,8.19,20075.52,,,,,,
8537,07/19/2025 07:10:00,8.88,21504.00,,,,,,
8538,07/19/2025 07:15:00,9.18,23050.24,,,,,,
8539,07/19/2025 07:20:00,9.44,24780.80,,,,,,
8540,07/19/2025 07:25:00,9.78,26746.88,,,,,,
8541,07/19/2025 07:30:00,10.59,28846.08,,,,,,
8542,07/19/2025 07:35:00,8.88,15687.68,,,,,,
8543,07/19/2025 07:40:00,7.03,16962.56,,,,,,
8544,07/19/2025 07:45:00,9.56,34826.24,,,,,,
8545,07/19/2025 07:50:00,11.02,34662.40,,,,,,
8546,07/19/2025 07:55:00,11.67,37969.92,,,,,,
8547,07/19/2025 08:00:00,12.48,38901.76,,,,,,
8548,07/19/2025 08:05:00,12.01,39188.48,,,,,,
8549,07/19/2025 08:10:00,10.81,38103.04,,,,,,
8550,07/19/2025 08:15:00,12.40,42680.32,,,,,,
8551,07/19/2025 08:20:00,14.33,41984.00,,,,,,
8552,07/19/2025 08:25:00,14.80,42782.72,,,,,,
8553,07/19/2025 08:30:00,15.36,43765.76,,,,,,
8554,07/19/2025 08:35:00,15.70,44994.56,,,,,,
8555,07/19/2025 08:40:00,15.57,46182.40,,,,,,
8556,07/19/2025 08:45:00,15.44,47390.72,,,,,,
8557,07/19/2025 08:50:00,15.31,48558.08,,,,,,
8558,07/19/2025 08:55:00,15.31,50155.52,,,,,,
8559,07/19/2025 09:00:00,15.74,51343.36,,,,,,
8560,07/19/2025 09:05:00,16.86,52367.36,,,,,,
8561,07/19/2025 09:10:00,17.03,53698.56,,,,,,
8562,07/19/2025 09:15:00,17.03,54988.80,,,,,,
8563,07/19/2025 09:20:00,16.69,56217.60,,,,,,
8564,07/19/2025 09:25:00,16.73,57487.36,,,,,,
8565,07/19/2025 09:30:00,16.94,58716.16,,,,,,
8566,07/19/2025 09:35:00,17.07,59904.00,,,,,,
8567,07/19/2025 09:40:00,16.94,61194.24,,,,,,
8568,07/19/2025 09:45:00,17.54,62320.64,,,,,,
8569,07/19/2025 09:50:00,18.23,63344.64,,,,,,
8570,07/19/2025 09:55:00,17.89,64532.48,,,,,,
8571,07/19/2025 10:00:00,17.33,65658.88,,,,,,
8572,07/19/2025 10:05:00,16.99,66908.16,,,,,,
8573,07/19/2025 10:10:00,16.94,67993.60,,,,,,
8574,07/19/2025 10:15:00,17.24,69140.48,,,,,,
8575,07/19/2025 10:20:00,17.54,70266.88,,,,,,
8576,07/19/2025 10:25:00,19.43,71454.72,,,,,,
8577,07/19/2025 10:30:00,19.56,72478.72,,,,,,
8578,07/19/2025 10:35:00,19.05,73666.56,,,,,,
8579,07/19/2025 10:40:00,19.26,74874.88,,,,,,
8580,07/19/2025 10:45:00,19.09,75776.00,,,,,,
8581,07/19/2025 10:50:00,19.30,76779.52,,,,,,
8582,07/19/2025 10:55:00,19.26,77721.60,,,,,,
8583,07/19/2025 11:00:00,19.26,78786.56,,,,,,
8584,07/19/2025 11:05:00,19.56,79667.20,,,,,,
8585,07/19/2025 11:10:00,19.35,80486.40,,,,,,
8586,07/19/2025 11:15:00,19.30,81141.76,,,,,,
8587,07/19/2025 11:20:00,19.47,82124.80,,,,,,
8588,07/19/2025 11:25:00,19.35,83619.84,,,,,,
8589,07/19/2025 11:30:00,19.35,86466.56,,,,,,
8590,07/19/2025 11:35:00,19.65,89825.28,,,,,,
8591,07/19/2025 11:40:00,19.56,88678.40,,,,,,
8592,07/19/2025 11:45:00,19.09,87736.32,,,,,,
8593,07/19/2025 11:50:00,16.77,72949.76,,,,,,
8594,07/19/2025 11:55:00,16.43,82780.16,,,,,,
8595,07/19/2025 12:00:00,18.10,79032.32,,,,,,
8596,07/19/2025 12:05:00,18.44,81879.04,,,,,,
8597,07/19/2025 12:10:00,19.39,93143.04,,,,,,
8598,07/19/2025 12:15:00,20.20,90152.96,,,,,,
8599,07/19/2025 12:20:00,19.60,90439.68,,,,,,
8600,07/19/2025 12:25:00,19.43,89456.64,,,,,,
8601,07/19/2025 12:30:00,19.60,89374.72,,,,,,
8602,07/19/2025 12:35:00,19.82,89907.20,,,,,,
8603,07/19/2025 12:40:00,20.07,90071.04,,,,,,
8604,07/19/2025 12:45:00,20.16,90316.80,,,,,,
8605,07/19/2025 12:50:00,20.46,90439.68,,,,,,
8606,07/19/2025 12:55:00,20.33,90439.68,,,,,,
8607,07/19/2025 13:00:00,20.25,90603.52,,,,,,
8608,07/19/2025 13:05:00,20.12,90644.48,,,,,,
8609,07/19/2025 13:10:00,20.03,90890.24,,,,,,
8610,07/19/2025 13:15:00,20.12,90808.32,,,,,,
8611,07/19/2025 13:20:00,19.86,90972.16,,,,,,
8612,07/19/2025 13:25:00,20.07,91054.08,,,,,,
8613,07/19/2025 13:30:00,20.20,91054.08,,,,,,
8614,07/19/2025 13:35:00,20.16,91095.04,,,,,,
8615,07/19/2025 13:40:00,19.77,91095.04,,,,,,
8616,07/19/2025 13:45:00,19.47,91054.08,,,,,,
8617,07/19/2025 13:50:00,19.30,91013.12,,,,,,
8618,07/19/2025 13:55:00,19.26,91013.12,,,,,,
8619,07/19/2025 14:00:00,19.69,90890.24,,,,,,
8620,07/19/2025 14:05:00,20.25,90890.24,,,,,,
8621,07/19/2025 14:10:00,20.50,90890.24,,,,,,
8622,07/19/2025 14:15:00,20.50,90808.32,,,,,,
8623,07/19/2025 14:20:00,20.37,90603.52,,,,,,
8624,07/19/2025 14:25:00,19.99,90357.76,,,,,,
8625,07/19/2025 14:30:00,19.65,90152.96,,,,,,
8626,07/19/2025 14:35:00,19.69,89866.24,,,,,,
8627,07/19/2025 14:40:00,19.90,89620.48,,,,,,
8628,07/19/2025 14:45:00,20.42,89333.76,,,,,,
8629,07/19/2025 14:50:00,21.23,88924.16,,,,,,
8630,07/19/2025 14:55:00,21.45,88596.48,,,,,,
8631,07/19/2025 15:00:00,22.13,88309.76,,,,,,
8632,07/19/2025 15:05:00,23.59,87941.12,,,,,,
8633,07/19/2025 15:10:00,23.89,87572.48,,,,,,
8634,07/19/2025 15:15:00,24.71,87162.88,,,,,,
8635,07/19/2025 15:20:00,24.36,86917.12,,,,,,
8636,07/19/2025 15:25:00,23.72,86507.52,,,,,,
8637,07/19/2025 15:30:00,22.99,86097.92,,,,,,
8638,07/19/2025 15:35:00,21.96,85565.44,,,,,,
8639,07/19/2025 15:40:00,21.66,84869.12,,,,,,
8640,07/19/2025 15:45:00,22.52,84172.80,,,,,,
8641,07/19/2025 15:50:00,22.78,83353.60,,,,,,
8642,07/19/2025 15:55:00,22.86,82677.76,,,,,,
8643,07/19/2025 16:00:00,22.43,82042.88,,,,,,
8644,07/19/2025 16:05:00,22.05,81428.48,,,,,,
8645,07/19/2025 16:10:00,21.66,80814.08,,,,,,
8646,07/19/2025 16:15:00,21.36,80445.44,,,,,,
8647,07/19/2025 16:20:00,21.49,79912.96,,,,,,
8648,07/19/2025 16:25:00,21.75,79278.08,,,,,,
8649,07/19/2025 16:30:00,22.13,78970.88,,,,,,
8650,07/19/2025 16:35:00,22.26,78663.68,,,,,,
8651,07/19/2025 16:40:00,21.83,77905.92,,,,,,
8652,07/19/2025 16:45:00,21.40,77086.72,,,,,,
8653,07/19/2025 16:50:00,20.55,76718.08,,,,,,
8654,07/19/2025 16:55:00,19.47,76533.76,,,,,,
8655,07/19/2025 17:00:00,19.30,76328.96,,,,,,
8656,07/19/2025 17:05:00,18.87,76328.96,,,,,,
8657,07/19/2025 17:10:00,18.70,76226.56,,,,,,
8658,07/19/2025 17:15:00,18.66,76165.12,,,,,,
8659,07/19/2025 17:20:00,19.05,76513.28,,,,,,
8660,07/19/2025 17:25:00,19.35,77045.76,,,,,,
8661,07/19/2025 17:30:00,19.17,77905.92,,,,,,
8662,07/19/2025 17:35:00,19.26,78622.72,,,,,,
8663,07/19/2025 17:40:00,19.65,79093.76,,,,,,
8664,07/19/2025 17:45:00,20.55,78848.00,,,,,,
8665,07/19/2025 17:50:00,20.03,78725.12,,,,,,
8666,07/19/2025 17:55:00,18.70,77824.00,,,,,,
8667,07/19/2025 18:00:00,18.19,76492.80,,,,,,
8668,07/19/2025 18:05:00,17.50,74301.44,,,,,,
8669,07/19/2025 18:10:00,17.24,72007.68,,,,,,
8670,07/19/2025 18:15:00,17.29,69693.44,,,,,,
8671,07/19/2025 18:20:00,16.94,67133.44,,,,,,
8672,07/19/2025 18:25:00,16.77,64716.80,,,,,,
8673,07/19/2025 18:30:00,16.43,62504.96,,,,,,
8674,07/19/2025 18:35:00,16.17,60477.44,,,,,,
8675,07/19/2025 18:40:00,15.91,58716.16,,,,,,
8676,07/19/2025 18:45:00,15.83,57036.80,,,,,,
8677,07/19/2025 18:50:00,15.36,55603.20,,,,,,
8678,07/19/2025 18:55:00,15.40,54169.60,,,,,,
8679,07/19/2025 19:00:00,15.96,52838.40,,,,,,
8680,07/19/2025 19:05:00,16.73,51589.12,,,,,,
8681,07/19/2025 19:10:00,16.34,50544.64,,,,,,
8682,07/19/2025 19:15:00,15.74,49070.08,,,,,,
8683,07/19/2025 19:20:00,15.14,48025.60,,,,,,
8684,07/19/2025 19:25:00,15.18,47042.56,,,,,,
8685,07/19/2025 19:30:00,14.63,46120.96,,,,,,
8686,07/19/2025 19:35:00,14.67,45178.88,,,,,,
8687,07/19/2025 19:40:00,15.31,44236.80,,,,,,
8688,07/19/2025 19:45:00,16.17,43192.32,,,,,,
8689,07/19/2025 19:50:00,16.13,42434.56,,,,,,
8690,07/19/2025 19:55:00,15.10,41564.16,,,,,,
8691,07/19/2025 20:00:00,13.60,40826.88,,,,,,
8692,07/19/2025 20:05:00,13.98,39680.00,,,,,,
8693,07/19/2025 20:10:00,13.00,38656.00,,,,,,
8694,07/19/2025 20:15:00,12.18,37324.80,,,,,,
8695,07/19/2025 20:20:00,11.97,35911.68,,,,,,
8696,07/19/2025 20:25:00,12.70,34703.36,,,,,,
8697,07/19/2025 20:30:00,11.88,32870.40,,,,,,
8698,07/19/2025 20:35:00,10.81,31621.12,,,,,,
8699,07/19/2025 20:40:00,10.12,30259.20,,,,,,
8700,07/19/2025 20:45:00,9.82,28375.04,,,,,,
8701,07/19/2025 20:50:00,9.95,26296.32,,,,,,
8702,07/19/2025 20:55:00,10.25,24412.16,,,,,,
8703,07/19/2025 21:00:00,10.04,22650.88,,,,,,
8704,07/19/2025 21:05:00,10.25,21227.52,,,,,,
8705,07/19/2025 21:10:00,10.21,19932.16,,,,,,
8706,07/19/2025 21:15:00,10.04,18467.84,,,,,,
8707,07/19/2025 21:20:00,9.14,17167.36,,,,,,
8708,07/19/2025 21:25:00,8.53,15969.28,,,,,,
8709,07/19/2025 21:30:00,8.45,14807.04,,,,,,
8710,07/19/2025 21:35:00,7.81,13644.80,,,,,,
8711,07/19/2025 21:40:00,7.25,12569.60,,,,,,
8712,07/19/2025 21:45:00,6.82,11402.24,,,,,,
8713,07/19/2025 21:50:00,6.95,10178.56,,,,,,
8714,07/19/2025 21:55:00,6.82,8903.68,,,,,,
8715,07/19/2025 22:00:00,6.30,7680.00,,,,,,
8716,07/19/2025 22:05:00,4.76,3662.08,,,,,,
8717,07/19/2025 22:10:00,3.82,3226.88,,,,,,
8718,07/19/2025 22:15:00,3.90,2800.64,,,,,,
8719,07/19/2025 22:20:00,3.73,2394.88,,,,,,
8720,07/19/2025 22:25:00,3.73,2034.56,,,,,,
8721,07/19/2025 22:30:00,3.90,1688.32,,,,,,
8722,07/19/2025 22:35:00,3.90,1367.04,,,,,,
8723,07/19/2025 22:40:00,3.99,1079.04,,,,,,
8724,07/19/2025 22:45:00,4.16,822.40,,,,,,
8725,07/19/2025 22:50:00,4.20,608.32,,,,,,
8726,07/19/2025 22:55:00,3.30,439.36,,,,,,
8727,07/19/2025 23:00:00,2.74,307.84,,,,,,
8728,07/19/2025 23:05:00,2.66,209.28,,,,,,
8729,07/19/2025 23:10:00,2.01,141.36,,,,,,
8730,07/19/2025 23:15:00,1.93,91.00,,,,,,
8731,07/19/2025 23:20:00,2.23,59.12,,,,,,
8732,07/19/2025 23:25:00,3.17,38.04,,,,,,
8733,07/19/2025 23:30:00,3.09,25.19,,,,,,
8734,07/19/2025 23:35:00,2.96,17.09,,,,,,
8735,07/19/2025 23:40:00,3.09,11.72,,,,,,
8736,07/19/2025 23:45:00,3.09,7.42,,,,,,
8737,07/19/2025 23:50:00,2.91,5.34,,,,,,
8738,07/19/2025 23:55:00,2.79,3.70,,,,,,
8739,07/20/2025 00:00:00,3.09,2.46,,,,,,
8740,07/20/2025 00:05:00,3.17,1.64,,,,,,
8741,07/20/2025 00:10:00,3.26,1.02,,,,,,
8742,07/20/2025 00:15:00,3.47,0.82,,,,,,
8743,07/20/2025 00:20:00,3.56,0.61,,,,,,
8744,07/20/2025 00:25:00,3.86,0.00,,,,,,
8745,07/20/2025 00:30:00,5.36,0.20,,,,,,
8746,07/20/2025 00:35:00,6.22,0.20,,,,,,
8747,07/20/2025 00:40:00,4.63,0.20,,,,,,
8748,07/20/2025 00:45:00,3.82,0.00,,,,,,
8749,07/20/2025 00:50:00,3.09,0.00,,,,,,
8750,07/20/2025 00:55:00,3.00,0.00,,,,,,
8751,07/20/2025 01:00:00,2.87,0.00,,,,,,
8752,07/20/2025 01:05:00,3.69,0.00,,,,,,
8753,07/20/2025 01:10:00,4.33,0.00,,,,,,
8754,07/20/2025 01:15:00,4.63,0.00,,,,,,
8755,07/20/2025 01:20:00,5.02,0.00,,,,,,
8756,07/20/2025 01:25:00,5.19,0.00,,,,,,
8757,07/20/2025 01:30:00,5.62,0.00,,,,,,
8758,07/20/2025 01:35:00,5.53,0.00,,,,,,
8759,07/20/2025 01:40:00,5.27,0.00,,,,,,
8760,07/20/2025 01:45:00,5.02,0.00,,,,,,
8761,07/20/2025 01:50:00,5.15,0.00,,,,,,
8762,07/20/2025 01:55:00,4.07,0.00,,,,,,
8763,07/20/2025 02:00:00,2.27,0.00,,,,,,
8764,07/20/2025 02:05:00,2.31,0.00,,,,,,
8765,07/20/2025 02:10:00,2.66,0.00,,,,,,
8766,07/20/2025 02:15:00,2.87,0.00,,,,,,
8767,07/20/2025 02:20:00,3.04,0.41,,,,,,
8768,07/20/2025 02:25:00,3.04,0.00,,,,,,
8769,07/20/2025 02:30:00,3.34,0.00,,,,,,
8770,07/20/2025 02:35:00,2.36,0.41,,,,,,
8771,07/20/2025 02:40:00,2.19,0.00,,,,,,
8772,07/20/2025 02:45:00,2.61,0.00,,,,,,
8773,07/20/2025 02:50:00,2.57,0.00,,,,,,
8774,07/20/2025 02:55:00,2.36,0.00,,,,,,
8775,07/20/2025 03:00:00,2.40,0.00,,,,,,
8776,07/20/2025 03:05:00,2.57,0.00,,,,,,
8777,07/20/2025 03:10:00,2.91,0.00,,,,,,
8778,07/20/2025 03:15:00,3.09,0.00,,,,,,
8779,07/20/2025 03:20:00,3.04,0.00,,,,,,
8780,07/20/2025 03:25:00,3.17,0.00,,,,,,
8781,07/20/2025 03:30:00,3.43,0.00,,,,,,
8782,07/20/2025 03:35:00,3.13,0.00,,,,,,
8783,07/20/2025 03:40:00,3.04,0.20,,,,,,
8784,07/20/2025 03:45:00,2.70,0.41,,,,,,
8785,07/20/2025 03:50:00,2.70,0.61,,,,,,
8786,07/20/2025 03:55:00,2.57,1.02,,,,,,
8787,07/20/2025 04:00:00,2.36,1.43,,,,,,
8788,07/20/2025 04:05:00,2.36,2.05,,,,,,
8789,07/20/2025 04:10:00,2.49,3.08,,,,,,
8790,07/20/2025 04:15:00,2.57,4.52,,,,,,
8791,07/20/2025 04:20:00,2.57,6.40,,,,,,
8792,07/20/2025 04:25:00,2.57,10.07,,,,,,
8793,07/20/2025 04:30:00,2.57,14.83,,,,,,
8794,07/20/2025 04:35:00,2.23,22.31,,,,,,
8795,07/20/2025 04:40:00,2.23,34.34,,,,,,
8796,07/20/2025 04:45:00,2.19,52.94,,,,,,
8797,07/20/2025 04:50:00,2.23,77.84,,,,,,
8798,07/20/2025 04:55:00,2.01,119.04,,,,,,
8799,07/20/2025 05:00:00,2.27,173.76,,,,,,
8800,07/20/2025 05:05:00,2.83,242.40,,,,,,
8801,07/20/2025 05:10:00,3.09,351.04,,,,,,
8802,07/20/2025 05:15:00,3.17,491.04,,,,,,
8803,07/20/2025 05:20:00,2.83,603.36,,,,,,
8804,07/20/2025 05:25:00,2.87,741.76,,,,,,
8805,07/20/2025 05:30:00,2.87,893.12,,,,,,
8806,07/20/2025 05:35:00,2.91,1052.80,,,,,,
8807,07/20/2025 05:40:00,3.00,1276.48,,,,,,
8808,07/20/2025 05:45:00,2.96,1525.12,,,,,,
8809,07/20/2025 05:50:00,3.09,1834.24,,,,,,
8810,07/20/2025 05:55:00,3.30,2283.52,,,,,,
8811,07/20/2025 06:00:00,3.56,2961.92,,,,,,
8812,07/20/2025 06:05:00,3.69,3513.60,,,,,,
8813,07/20/2025 06:10:00,3.82,4250.88,,,,,,
8814,07/20/2025 06:15:00,4.42,5201.92,,,,,,
8815,07/20/2025 06:20:00,5.96,9456.64,,,,,,
8816,07/20/2025 06:25:00,6.35,7541.76,,,,,,
8817,07/20/2025 06:30:00,6.09,7324.16,,,,,,
8818,07/20/2025 06:35:00,5.70,8087.04,,,,,,
8819,07/20/2025 06:40:00,6.00,6896.64,,,,,,
8820,07/20/2025 06:45:00,5.45,6968.32,,,,,,
8821,07/20/2025 06:50:00,5.32,7480.32,,,,,,
8822,07/20/2025 06:55:00,5.23,7777.28,,,,,,
8823,07/20/2025 07:00:00,5.27,8494.08,,,,,,
8824,07/20/2025 07:05:00,5.27,10081.28,,,,,,
8825,07/20/2025 07:10:00,5.75,11709.44,,,,,,
8826,07/20/2025 07:15:00,6.48,12477.44,,,,,,
8827,07/20/2025 07:20:00,7.12,16798.72,,,,,,
8828,07/20/2025 07:25:00,7.68,17244.16,,,,,,
8829,07/20/2025 07:30:00,8.66,25702.40,,,,,,
8830,07/20/2025 07:35:00,9.91,29153.28,,,,,,
8831,07/20/2025 07:40:00,10.46,28467.20,,,,,,
8832,07/20/2025 07:45:00,9.39,23203.84,,,,,,
8833,07/20/2025 07:50:00,9.78,23552.00,,,,,,
8834,07/20/2025 07:55:00,9.86,23224.32,,,,,,
8835,07/20/2025 08:00:00,9.86,25733.12,,,,,,
8836,07/20/2025 08:05:00,10.64,30740.48,,,,,,
8837,07/20/2025 08:10:00,10.51,26839.04,,,,,,
8838,07/20/2025 08:15:00,10.08,26173.44,,,,,,
8839,07/20/2025 08:20:00,10.04,23111.68,,,,,,
8840,07/20/2025 08:25:00,10.12,21882.88,,,,,,
8841,07/20/2025 08:30:00,10.98,31897.60,,,,,,
8842,07/20/2025 08:35:00,14.24,47943.68,,,,,,
8843,07/20/2025 08:40:00,17.67,54312.96,,,,,,
8844,07/20/2025 08:45:00,17.11,42741.76,,,,,,
8845,07/20/2025 08:50:00,15.66,38748.16,,,,,,
8846,07/20/2025 08:55:00,16.56,50688.00,,,,,,
8847,07/20/2025 09:00:00,15.96,51671.04,,,,,,
8848,07/20/2025 09:05:00,16.81,52510.72,,,,,,
8849,07/20/2025 09:10:00,17.63,52961.28,,,,,,
8850,07/20/2025 09:15:00,18.53,54374.40,,,,,,
8851,07/20/2025 09:20:00,18.06,55848.96,,,,,,
8852,07/20/2025 09:25:00,18.06,57139.20,,,,,,
8853,07/20/2025 09:30:00,18.02,58449.92,,,,,,
8854,07/20/2025 09:35:00,18.36,59883.52,,,,,,
8855,07/20/2025 09:40:00,18.53,60948.48,,,,,,
8856,07/20/2025 09:45:00,17.72,62156.80,,,,,,
8857,07/20/2025 09:50:00,17.89,63385.60,,,,,,
8858,07/20/2025 09:55:00,17.97,60846.08,,,,,,
8859,07/20/2025 10:00:00,18.53,62402.56,,,,,,
8860,07/20/2025 10:05:00,18.19,64921.60,,,,,,
8861,07/20/2025 10:10:00,18.62,75694.08,,,,,,
8862,07/20/2025 10:15:00,16.94,59822.08,,,,,,
8863,07/20/2025 10:20:00,17.03,69898.24,,,,,,
8864,07/20/2025 10:25:00,15.70,61194.24,,,,,,
8865,07/20/2025 10:30:00,15.23,63385.60,,,,,,
8866,07/20/2025 10:35:00,14.84,57999.36,,,,,,
8867,07/20/2025 10:40:00,14.88,61255.68,,,,,,
8868,07/20/2025 10:45:00,14.45,57937.92,,,,,,
8869,07/20/2025 10:50:00,14.15,56217.60,,,,,,
8870,07/20/2025 10:55:00,14.75,66252.80,,,,,,
8871,07/20/2025 11:00:00,18.57,97894.40,,,,,,
8872,07/20/2025 11:05:00,21.96,99123.20,,,,,,
8873,07/20/2025 11:10:00,23.68,108052.48,,,,,,
8874,07/20/2025 11:15:00,20.89,65433.60,,,,,,
8875,07/20/2025 11:20:00,18.40,65536.00,,,,,,
8876,07/20/2025 11:25:00,20.29,91054.08,,,,,,
8877,07/20/2025 11:30:00,21.28,91054.08,,,,,,
8878,07/20/2025 11:35:00,21.83,92078.08,,,,,,
8879,07/20/2025 11:40:00,21.32,88965.12,,,,,,
8880,07/20/2025 11:45:00,21.66,62095.36,,,,,,
8881,07/20/2025 11:50:00,19.56,89333.76,,,,,,
8882,07/20/2025 11:55:00,21.06,94658.56,,,,,,
8883,07/20/2025 12:00:00,21.45,96706.56,,,,,,
8884,07/20/2025 12:05:00,22.31,102932.48,,,,,,
8885,07/20/2025 12:10:00,22.65,93184.00,,,,,,
8886,07/20/2025 12:15:00,21.45,88842.24,,,,,,
8887,07/20/2025 12:20:00,20.25,97484.80,,,,,,
8888,07/20/2025 12:25:00,19.05,62935.04,,,,,,
8889,07/20/2025 12:30:00,19.13,87531.52,,,,,,
8890,07/20/2025 12:35:00,20.25,93921.28,,,,,,
8891,07/20/2025 12:40:00,19.52,93470.72,,,,,,
8892,07/20/2025 12:45:00,19.43,90808.32,,,,,,
8893,07/20/2025 12:50:00,19.30,90275.84,,,,,,
8894,07/20/2025 12:55:00,19.47,90071.04,,,,,,
8895,07/20/2025 13:00:00,19.43,90152.96,,,,,,
8896,07/20/2025 13:05:00,19.90,90234.88,,,,,,
8897,07/20/2025 13:10:00,20.16,90439.68,,,,,,
8898,07/20/2025 13:15:00,20.80,90480.64,,,,,,
8899,07/20/2025 13:20:00,20.68,90603.52,,,,,,
8900,07/20/2025 13:25:00,20.93,90521.60,,,,,,
8901,07/20/2025 13:30:00,21.66,90603.52,,,,,,
8902,07/20/2025 13:35:00,23.03,90521.60,,,,,,
8903,07/20/2025 13:40:00,23.38,90562.56,,,,,,
8904,07/20/2025 13:45:00,23.38,90685.44,,,,,,
8905,07/20/2025 13:50:00,22.05,90685.44,,,,,,
8906,07/20/2025 13:55:00,21.36,90808.32,,,,,,
8907,07/20/2025 14:00:00,21.15,90808.32,,,,,,
8908,07/20/2025 14:05:00,21.75,90685.44,,,,,,
8909,07/20/2025 14:10:00,21.36,90726.40,,,,,,
8910,07/20/2025 14:15:00,21.92,90193.92,,,,,,
8911,07/20/2025 14:20:00,21.53,90726.40,,,,,,
8912,07/20/2025 14:25:00,21.23,90275.84,,,,,,
8913,07/20/2025 14:30:00,20.85,89907.20,,,,,,
8914,07/20/2025 14:35:00,19.86,89825.28,,,,,,
8915,07/20/2025 14:40:00,19.82,89497.60,,,,,,
8916,07/20/2025 14:45:00,20.25,89251.84,,,,,,
8917,07/20/2025 14:50:00,20.89,88760.32,,,,,,
8918,07/20/2025 14:55:00,20.76,88596.48,,,,,,
8919,07/20/2025 15:00:00,21.15,88432.64,,,,,,
8920,07/20/2025 15:05:00,21.23,88064.00,,,,,,
8921,07/20/2025 15:10:00,20.72,87736.32,,,,,,
8922,07/20/2025 15:15:00,20.46,87285.76,,,,,,
8923,07/20/2025 15:20:00,20.63,87080.96,,,,,,
8924,07/20/2025 15:25:00,20.42,86466.56,,,,,,
8925,07/20/2025 15:30:00,19.90,85893.12,,,,,,
8926,07/20/2025 15:35:00,19.90,85442.56,,,,,,
8927,07/20/2025 15:40:00,19.77,84746.24,,,,,,
8928,07/20/2025 15:45:00,20.16,83886.08,,,,,,
8929,07/20/2025 15:50:00,20.42,83169.28,,,,,,
8930,07/20/2025 15:55:00,20.63,82411.52,,,,,,
8931,07/20/2025 16:00:00,20.20,81838.08,,,,,,
8932,07/20/2025 16:05:00,20.46,81244.16,,,,,,
8933,07/20/2025 16:10:00,20.50,80650.24,,,,,,
8934,07/20/2025 16:15:00,20.37,80035.84,,,,,,
8935,07/20/2025 16:20:00,19.99,79462.40,,,,,,
8936,07/20/2025 16:25:00,19.82,78848.00,,,,,,
8937,07/20/2025 16:30:00,19.73,78151.68,,,,,,
8938,07/20/2025 16:35:00,20.16,77557.76,,,,,,
8939,07/20/2025 16:40:00,20.80,77148.16,,,,,,
8940,07/20/2025 16:45:00,20.20,76533.76,,,,,,
8941,07/20/2025 16:50:00,20.37,76124.16,,,,,,
8942,07/20/2025 16:55:00,22.22,75386.88,,,,,,
8943,07/20/2025 17:00:00,23.29,74854.40,,,,,,
8944,07/20/2025 17:05:00,23.76,74506.24,,,,,,
8945,07/20/2025 17:10:00,23.51,74567.68,,,,,,
8946,07/20/2025 17:15:00,23.34,74014.72,,,,,,
8947,07/20/2025 17:20:00,22.52,73359.36,,,,,,
8948,07/20/2025 17:25:00,22.43,75345.92,,,,,,
8949,07/20/2025 17:30:00,21.10,76124.16,,,,,,
8950,07/20/2025 17:35:00,19.73,76759.04,,,,,,
8951,07/20/2025 17:40:00,18.49,77414.40,,,,,,
8952,07/20/2025 17:45:00,17.84,77905.92,,,,,,
8953,07/20/2025 17:50:00,17.54,77742.08,,,,,,
8954,07/20/2025 17:55:00,17.37,76963.84,,,,,,
8955,07/20/2025 18:00:00,17.20,75653.12,,,,,,
8956,07/20/2025 18:05:00,17.33,73666.56,,,,,,
8957,07/20/2025 18:10:00,17.20,71454.72,,,,,,
8958,07/20/2025 18:15:00,17.54,69160.96,,,,,,
8959,07/20/2025 18:20:00,17.59,66723.84,,,,,,
8960,07/20/2025 18:25:00,17.67,64430.08,,,,,,
8961,07/20/2025 18:30:00,17.67,62156.80,,,,,,
8962,07/20/2025 18:35:00,17.46,60375.04,,,,,,
8963,07/20/2025 18:40:00,17.63,58593.28,,,,,,
8964,07/20/2025 18:45:00,17.89,56934.40,,,,,,
8965,07/20/2025 18:50:00,17.50,55644.16,,,,,,
8966,07/20/2025 18:55:00,17.33,54169.60,,,,,,
8967,07/20/2025 19:00:00,17.11,52858.88,,,,,,
8968,07/20/2025 19:05:00,16.94,48803.84,,,,,,
8969,07/20/2025 19:10:00,16.04,50339.84,,,,,,
8970,07/20/2025 19:15:00,15.70,49008.64,,,,,,
8971,07/20/2025 19:20:00,15.06,45588.48,,,,,,
8972,07/20/2025 19:25:00,14.88,46305.28,,,,,,
8973,07/20/2025 19:30:00,15.06,45895.68,,,,,,
8974,07/20/2025 19:35:00,14.84,45404.16,,,,,,
8975,07/20/2025 19:40:00,14.63,43929.60,,,,,,
8976,07/20/2025 19:45:00,14.15,43499.52,,,,,,
8977,07/20/2025 19:50:00,14.07,42762.24,,,,,,
8978,07/20/2025 19:55:00,13.55,41676.80,,,,,,
8979,07/20/2025 20:00:00,13.51,40919.04,,,,,,
8980,07/20/2025 20:05:00,13.38,39966.72,,,,,,
8981,07/20/2025 20:10:00,13.73,39413.76,,,,,,
8982,07/20/2025 20:15:00,11.11,15375.36,,,,,,
8983,07/20/2025 20:20:00,11.28,32921.60,,,,,,
8984,07/20/2025 20:25:00,11.97,26460.16,,,,,,
8985,07/20/2025 20:30:00,11.88,30146.56,,,,,,
8986,07/20/2025 20:35:00,10.12,14704.64,,,,,,
8987,07/20/2025 20:40:00,9.35,15237.12,,,,,,
8988,07/20/2025 20:45:00,8.62,14996.48,,,,,,
8989,07/20/2025 20:50:00,8.41,14602.24,,,,,,
8990,07/20/2025 20:55:00,8.71,13839.36,,,,,,
8991,07/20/2025 21:00:00,8.15,12743.68,,,,,,
8992,07/20/2025 21:05:00,7.72,11535.36,,,,,,
8993,07/20/2025 21:10:00,7.76,10455.04,,,,,,
8994,07/20/2025 21:15:00,8.88,9410.56,,,,,,
8995,07/20/2025 21:20:00,9.22,8870.40,,,,,,
8996,07/20/2025 21:25:00,8.96,8192.00,,,,,,
8997,07/20/2025 21:30:00,8.75,8020.48,,,,,,
8998,07/20/2025 21:35:00,8.66,8145.92,,,,,,
8999,07/20/2025 21:40:00,6.56,8811.52,,,,,,
9000,07/20/2025 21:45:00,6.73,6973.44,,,,,,
9001,07/20/2025 21:50:00,5.75,4971.52,,,,,,
9002,07/20/2025 21:55:00,5.15,4753.92,,,,,,
9003,07/20/2025 22:00:00,5.19,5036.80,,,,,,
9004,07/20/2025 22:05:00,4.76,2846.72,,,,,,
9005,07/20/2025 22:10:00,4.76,2518.40,,,,,,
9006,07/20/2025 22:15:00,4.89,2312.96,,,,,,
9007,07/20/2025 22:20:00,4.93,1911.68,,,,,,
9008,07/20/2025 22:25:00,5.36,1630.72,,,,,,
9009,07/20/2025 22:30:00,6.26,1399.68,,,,,,
9010,07/20/2025 22:35:00,6.26,1132.48,,,,,,
9011,07/20/2025 22:40:00,6.48,799.36,,,,,,
9012,07/20/2025 22:45:00,5.96,588.96,,,,,,
9013,07/20/2025 22:50:00,4.76,416.16,,,,,,
9014,07/20/2025 22:55:00,4.80,298.56,,,,,,
9015,07/20/2025 23:00:00,5.83,215.04,,,,,,
9016,07/20/2025 23:05:00,6.22,153.80,,,,,,
9017,07/20/2025 23:10:00,5.36,105.08,,,,,,
9018,07/20/2025 23:15:00,5.83,65.34,,,,,,
9019,07/20/2025 23:20:00,6.52,39.74,,,,,,
9020,07/20/2025 23:25:00,5.79,26.83,,,,,,
9021,07/20/2025 23:30:00,5.15,17.30,,,,,,
9022,07/20/2025 23:35:00,5.23,9.89,,,,,,
9023,07/20/2025 23:40:00,4.67,6.40,,,,,,
9024,07/20/2025 23:45:00,3.99,4.31,,,,,,
9025,07/20/2025 23:50:00,3.34,2.67,,,,,,
9026,07/20/2025 23:55:00,4.20,1.43,,,,,,
9027,07/21/2025 00:00:00,4.72,1.02,,,,,,
9028,07/21/2025 00:05:00,4.12,0.41,,,,,,
9029,07/21/2025 00:10:00,4.24,0.00,,,,,,
9030,07/21/2025 00:15:00,5.10,0.20,,,,,,
9031,07/21/2025 00:20:00,4.84,0.20,,,,,,
9032,07/21/2025 00:25:00,4.03,0.00,,,,,,
9033,07/21/2025 00:30:00,3.52,0.00,,,,,,
9034,07/21/2025 00:35:00,3.56,0.00,,,,,,
9035,07/21/2025 00:40:00,3.86,0.00,,,,,,
9036,07/21/2025 00:45:00,4.67,0.00,,,,,,
9037,07/21/2025 00:50:00,4.46,0.00,,,,,,
9038,07/21/2025 00:55:00,4.72,0.00,,,,,,
9039,07/21/2025 01:00:00,4.03,0.00,,,,,,
9040,07/21/2025 01:05:00,3.39,0.00,,,,,,
9041,07/21/2025 01:10:00,3.56,0.00,,,,,,
9042,07/21/2025 01:15:00,3.99,0.00,,,,,,
9043,07/21/2025 01:20:00,4.72,0.00,,,,,,
9044,07/21/2025 01:25:00,4.76,0.00,,,,,,
9045,07/21/2025 01:30:00,4.46,0.00,,,,,,
9046,07/21/2025 01:35:00,4.29,0.00,,,,,,
9047,07/21/2025 01:40:00,3.94,0.00,,,,,,
9048,07/21/2025 01:45:00,3.64,0.00,,,,,,
9049,07/21/2025 01:50:00,4.07,0.00,,,,,,
9050,07/21/2025 01:55:00,4.59,0.00,,,,,,
9051,07/21/2025 02:00:00,4.72,0.00,,,,,,
9052,07/21/2025 02:05:00,4.59,0.00,,,,,,
9053,07/21/2025 02:10:00,4.42,0.00,,,,,,
9054,07/21/2025 02:15:00,4.59,0.00,,,,,,
9055,07/21/2025 02:20:00,4.59,0.00,,,,,,
9056,07/21/2025 02:25:00,4.12,0.00,,,,,,
9057,07/21/2025 02:30:00,4.20,0.00,,,,,,
9058,07/21/2025 02:35:00,4.37,0.00,,,,,,
9059,07/21/2025 02:40:00,4.33,0.00,,,,,,
9060,07/21/2025 02:45:00,4.16,0.00,,,,,,
9061,07/21/2025 02:50:00,4.33,0.00,,,,,,
9062,07/21/2025 02:55:00,4.46,0.00,,,,,,
9063,07/21/2025 03:00:00,4.54,0.00,,,,,,
9064,07/21/2025 03:05:00,4.42,0.41,,,,,,
9065,07/21/2025 03:10:00,4.37,0.00,,,,,,
9066,07/21/2025 03:15:00,4.59,0.00,,,,,,
9067,07/21/2025 03:20:00,4.80,0.20,,,,,,
9068,07/21/2025 03:25:00,4.76,0.00,,,,,,
9069,07/21/2025 03:30:00,4.54,0.00,,,,,,
9070,07/21/2025 03:35:00,4.50,0.00,,,,,,
9071,07/21/2025 03:40:00,4.67,0.00,,,,,,
9072,07/21/2025 03:45:00,4.84,0.00,,,,,,
9073,07/21/2025 03:50:00,4.76,0.41,,,,,,
9074,07/21/2025 03:55:00,4.63,0.20,,,,,,
9075,07/21/2025 04:00:00,4.89,0.82,,,,,,
9076,07/21/2025 04:05:00,4.63,1.02,,,,,,
9077,07/21/2025 04:10:00,4.33,1.85,,,,,,
9078,07/21/2025 04:15:00,4.20,3.08,,,,,,
9079,07/21/2025 04:20:00,4.20,4.52,,,,,,
9080,07/21/2025 04:25:00,5.10,6.40,,,,,,
9081,07/21/2025 04:30:00,4.89,10.53,,,,,,
9082,07/21/2025 04:35:00,4.54,17.09,,,,,,
9083,07/21/2025 04:40:00,4.33,24.83,,,,,,
9084,07/21/2025 04:45:00,4.29,39.33,,,,,,
9085,07/21/2025 04:50:00,4.67,62.50,,,,,,
9086,07/21/2025 04:55:00,5.36,100.12,,,,,,
9087,07/21/2025 05:00:00,4.29,153.92,,,,,,
9088,07/21/2025 05:05:00,4.89,234.40,,,,,,
9089,07/21/2025 05:10:00,5.36,365.12,,,,,,
9090,07/21/2025 05:15:00,5.70,538.40,,,,,,
9091,07/21/2025 05:20:00,4.93,731.84,,,,,,
9092,07/21/2025 05:25:00,4.16,986.24,,,,,,
9093,07/21/2025 05:30:00,4.12,1350.40,,,,,,
9094,07/21/2025 05:35:00,4.29,1747.20,,,,,,
9095,07/21/2025 05:40:00,4.84,2365.44,,,,,,
9096,07/21/2025 05:45:00,5.23,2812.16,,,,,,
9097,07/21/2025 05:50:00,5.70,3404.80,,,,,,
9098,07/21/2025 05:55:00,5.87,4046.08,,,,,,
9099,07/21/2025 06:00:00,6.22,4793.60,,,,,,
9100,07/21/2025 06:05:00,6.99,5583.36,,,,,,
9101,07/21/2025 06:10:00,7.20,6471.68,,,,,,
9102,07/21/2025 06:15:00,6.86,7467.52,,,,,,
9103,07/21/2025 06:20:00,6.95,8448.00,,,,,,
9104,07/21/2025 06:25:00,7.63,9541.12,,,,,,
9105,07/21/2025 06:30:00,8.49,10716.16,,,,,,
9106,07/21/2025 06:35:00,8.96,11909.12,,,,,,
9107,07/21/2025 06:40:00,8.66,12753.92,,,,,,
9108,07/21/2025 06:45:00,9.22,14264.32,,,,,,
9109,07/21/2025 06:50:00,9.56,15252.48,,,,,,
9110,07/21/2025 06:55:00,9.18,10501.12,,,,,,
9111,07/21/2025 07:00:00,8.45,11617.28,,,,,,
9112,07/21/2025 07:05:00,8.19,18155.52,,,,,,
9113,07/21/2025 07:10:00,9.56,21411.84,,,,,,
9114,07/21/2025 07:15:00,10.85,22978.56,,,,,,
9115,07/21/2025 07:20:00,10.98,24780.80,,,,,,
9116,07/21/2025 07:25:00,11.28,26255.36,,,,,,
9117,07/21/2025 07:30:00,11.54,28006.40,,,,,,
9118,07/21/2025 07:35:00,12.01,29409.28,,,,,,
9119,07/21/2025 07:40:00,12.40,30320.64,,,,,,
9120,07/21/2025 07:45:00,12.52,33239.04,,,,,,
9121,07/21/2025 07:50:00,13.00,34887.68,,,,,,
9122,07/21/2025 07:55:00,13.04,33628.16,,,,,,
9123,07/21/2025 08:00:00,12.44,35491.84,,,,,,
9124,07/21/2025 08:05:00,12.91,37386.24,,,,,,
9125,07/21/2025 08:10:00,13.34,38256.64,,,,,,
9126,07/21/2025 08:15:00,13.77,39311.36,,,,,,
9127,07/21/2025 08:20:00,14.71,41379.84,,,,,,
9128,07/21/2025 08:25:00,15.01,42700.80,,,,,,
9129,07/21/2025 08:30:00,15.66,43642.88,,,,,,
9130,07/21/2025 08:35:00,16.04,44195.84,,,,,,
9131,07/21/2025 08:40:00,17.59,46080.00,,,,,,
9132,07/21/2025 08:45:00,17.24,47452.16,,,,,,
9133,07/21/2025 08:50:00,17.33,48517.12,,,,,,
9134,07/21/2025 08:55:00,17.67,50094.08,,,,,,
9135,07/21/2025 09:00:00,17.41,51036.16,,,,,,
9136,07/21/2025 09:05:00,16.90,51855.36,,,,,,
9137,07/21/2025 09:10:00,16.39,52736.00,,,,,,
9138,07/21/2025 09:15:00,16.47,53309.44,,,,,,
9139,07/21/2025 09:20:00,16.77,55685.12,,,,,,
9140,07/21/2025 09:25:00,17.33,57241.60,,,,,,
9141,07/21/2025 09:30:00,17.50,58880.00,,,,,,
9142,07/21/2025 09:35:00,17.29,55214.08,,,,,,
9143,07/21/2025 09:40:00,17.50,61767.68,,,,,,
9144,07/21/2025 09:45:00,17.46,57487.36,,,,,,
9145,07/21/2025 09:50:00,17.20,64552.96,,,,,,
9146,07/21/2025 09:55:00,18.06,64962.56,,,,,,
9147,07/21/2025 10:00:00,18.49,68730.88,,,,,,
9148,07/21/2025 10:05:00,18.87,68792.32,,,,,,
9149,07/21/2025 10:10:00,19.47,68874.24,,,,,,
9150,07/21/2025 10:15:00,19.82,69488.64,,,,,,
9151,07/21/2025 10:20:00,19.47,70512.64,,,,,,
9152,07/21/2025 10:25:00,18.83,71168.00,,,,,,
9153,07/21/2025 10:30:00,18.83,71925.76,,,,,,
9154,07/21/2025 10:35:00,18.83,72724.48,,,,,,
9155,07/21/2025 10:40:00,18.92,73728.00,,,,,,
9156,07/21/2025 10:45:00,18.96,74608.64,,,,,,
9157,07/21/2025 10:50:00,18.74,75100.16,,,,,,
9158,07/21/2025 10:55:00,19.05,76165.12,,,,,,
9159,07/21/2025 11:00:00,19.09,77537.28,,,,,,
9160,07/21/2025 11:05:00,19.35,78479.36,,,,,,
9161,07/21/2025 11:10:00,19.56,79564.80,,,,,,
9162,07/21/2025 11:15:00,19.73,80322.56,,,,,,
9163,07/21/2025 11:20:00,19.65,79257.60,,,,,,
9164,07/21/2025 11:25:00,20.16,82984.96,,,,,,
9165,07/21/2025 11:30:00,21.10,83681.28,,,,,,
9166,07/21/2025 11:35:00,21.28,84500.48,,,,,,
9167,07/21/2025 11:40:00,20.85,84623.36,,,,,,
9168,07/21/2025 11:45:00,19.77,71639.04,,,,,,
9169,07/21/2025 11:50:00,20.37,87040.00,,,,,,
9170,07/21/2025 11:55:00,20.80,87900.16,,,,,,
9171,07/21/2025 12:00:00,21.06,89661.44,,,,,,
9172,07/21/2025 12:05:00,21.53,94781.44,,,,,,
9173,07/21/2025 12:10:00,21.53,79114.24,,,,,,
9174,07/21/2025 12:15:00,22.31,96215.04,,,,,,
9175,07/21/2025 12:20:00,20.63,82513.92,,,,,,
9176,07/21/2025 12:25:00,18.14,59473.92,,,,,,
9177,07/21/2025 12:30:00,20.03,94822.40,,,,,,
9178,07/21/2025 12:35:00,22.18,96706.56,,,,,,
9179,07/21/2025 12:40:00,24.19,95887.36,,,,,,
9180,07/21/2025 12:45:00,25.91,84746.24,,,,,,
9181,07/21/2025 12:50:00,26.42,105144.32,,,,,,
9182,07/21/2025 12:55:00,25.48,81305.60,,,,,,
9183,07/21/2025 13:00:00,25.48,90603.52,,,,,,
9184,07/21/2025 13:05:00,26.12,93265.92,,,,,,
9185,07/21/2025 13:10:00,24.11,78438.40,,,,,,
9186,07/21/2025 13:15:00,22.86,81039.36,,,,,,
9187,07/21/2025 13:20:00,23.81,92856.32,,,,,,
9188,07/21/2025 13:25:00,25.52,81305.60,,,,,,
9189,07/21/2025 13:30:00,24.06,84787.20,,,,,,
9190,07/21/2025 13:35:00,24.54,86384.64,,,,,,
9191,07/21/2025 13:40:00,26.94,103383.04,,,,,,
9192,07/21/2025 13:45:00,27.07,87040.00,,,,,,
9193,07/21/2025 13:50:00,26.47,95027.20,,,,,,
9194,07/21/2025 13:55:00,26.94,91136.00,,,,,,
9195,07/21/2025 14:00:00,28.10,84336.64,,,,,,
9196,07/21/2025 14:05:00,25.65,75059.20,,,,,,
9197,07/21/2025 14:10:00,25.31,93388.80,,,,,,
9198,07/21/2025 14:15:00,26.94,102727.68,,,,,,
9199,07/21/2025 14:20:00,28.14,90071.04,,,,,,
9200,07/21/2025 14:25:00,29.60,90644.48,,,,,,
9201,07/21/2025 14:30:00,31.31,97361.92,,,,,,
9202,07/21/2025 14:35:00,29.43,79175.68,,,,,,
9203,07/21/2025 14:40:00,28.57,79585.28,,,,,,
9204,07/21/2025 14:45:00,27.41,81305.60,,,,,,
9205,07/21/2025 14:50:00,26.34,89251.84,,,,,,
9206,07/21/2025 14:55:00,27.07,91013.12,,,,,,
9207,07/21/2025 15:00:00,27.32,92528.64,,,,,,
9208,07/21/2025 15:05:00,27.54,91832.32,,,,,,
9209,07/21/2025 15:10:00,27.02,92487.68,,,,,,
9210,07/21/2025 15:15:00,27.32,92282.88,,,,,,
9211,07/21/2025 15:20:00,26.47,90972.16,,,,,,
9212,07/21/2025 15:25:00,25.39,80855.04,,,,,,
9213,07/21/2025 15:30:00,27.20,79339.52,,,,,,
9214,07/21/2025 15:35:00,29.98,75304.96,,,,,,
9215,07/21/2025 15:40:00,32.09,88883.20,,,,,,
9216,07/21/2025 15:45:00,34.53,91258.88,,,,,,
9217,07/21/2025 15:50:00,35.95,92815.36,,,,,,
9218,07/21/2025 15:55:00,34.83,75960.32,,,,,,
9219,07/21/2025 16:00:00,34.23,82432.00,,,,,,
9220,07/21/2025 16:05:00,33.12,81653.76,,,,,,
9221,07/21/2025 16:10:00,31.31,81367.04,,,,,,
9222,07/21/2025 16:15:00,31.27,81039.36,,,,,,
9223,07/21/2025 16:20:00,30.50,79831.04,,,,,,
9224,07/21/2025 16:25:00,29.68,78827.52,,,,,,
9225,07/21/2025 16:30:00,31.40,78438.40,,,,,,
9226,07/21/2025 16:35:00,32.26,77250.56,,,,,,
9227,07/21/2025 16:40:00,33.25,76267.52,,,,,,
9228,07/21/2025 16:45:00,34.06,75694.08,,,,,,
9229,07/21/2025 16:50:00,33.55,75059.20,,,,,,
9230,07/21/2025 16:55:00,33.80,74690.56,,,,,,
9231,07/21/2025 17:00:00,33.33,74280.96,,,,,,
9232,07/21/2025 17:05:00,32.94,73932.80,,,,,,
9233,07/21/2025 17:10:00,32.13,73768.96,,,,,,
9234,07/21/2025 17:15:00,30.28,73830.40,,,,,,
9235,07/21/2025 17:20:00,28.44,74219.52,,,,,,
9236,07/21/2025 17:25:00,28.57,74752.00,,,,,,
9237,07/21/2025 17:30:00,29.56,75468.80,,,,,,
9238,07/21/2025 17:35:00,27.88,76267.52,,,,,,
9239,07/21/2025 17:40:00,26.98,77004.80,,,,,,
9240,07/21/2025 17:45:00,25.65,77619.20,,,,,,
9241,07/21/2025 17:50:00,23.81,77803.52,,,,,,
9242,07/21/2025 17:55:00,23.68,77086.72,,,,,,
9243,07/21/2025 18:00:00,23.89,76124.16,,,,,,
9244,07/21/2025 18:05:00,23.51,74014.72,,,,,,
9245,07/21/2025 18:10:00,23.34,71823.36,,,,,,
9246,07/21/2025 18:15:00,23.72,69386.24,,,,,,
9247,07/21/2025 18:20:00,24.45,66764.80,,,,,,
9248,07/21/2025 18:25:00,27.11,63959.04,,,,,,
9249,07/21/2025 18:30:00,28.95,61952.00,,,,,,
9250,07/21/2025 18:35:00,30.07,59904.00,,,,,,
9251,07/21/2025 18:40:00,28.35,58183.68,,,,,,
9252,07/21/2025 18:45:00,27.88,56483.84,,,,,,
9253,07/21/2025 18:50:00,26.42,55132.16,,,,,,
9254,07/21/2025 18:55:00,25.39,53821.44,,,,,,
9255,07/21/2025 19:00:00,24.41,52592.64,,,,,,
9256,07/21/2025 19:05:00,23.38,51425.28,,,,,,
9257,07/21/2025 19:10:00,21.88,50503.68,,,,,,
9258,07/21/2025 19:15:00,20.80,49192.96,,,,,,
9259,07/21/2025 19:20:00,19.35,48517.12,,,,,,
9260,07/21/2025 19:25:00,19.09,47943.68,,,,,,
9261,07/21/2025 19:30:00,18.40,47267.84,,,,,,
9262,07/21/2025 19:35:00,17.07,46141.44,,,,,,
9263,07/21/2025 19:40:00,17.41,45465.60,,,,,,
9264,07/21/2025 19:45:00,17.07,44421.12,,,,,,
9265,07/21/2025 19:50:00,16.56,43438.08,,,,,,
9266,07/21/2025 19:55:00,16.30,42434.56,,,,,,
9267,07/21/2025 20:00:00,16.39,41287.68,,,,,,
9268,07/21/2025 20:05:00,15.91,40273.92,,,,,,
9269,07/21/2025 20:10:00,15.57,38993.92,,,,,,
9270,07/21/2025 20:15:00,14.84,37642.24,,,,,,
9271,07/21/2025 20:20:00,14.41,36229.12,,,,,,
9272,07/21/2025 20:25:00,14.41,35102.72,,,,,,
9273,07/21/2025 20:30:00,14.54,33454.08,,,,,,
9274,07/21/2025 20:35:00,14.15,31948.80,,,,,,
9275,07/21/2025 20:40:00,13.77,30494.72,,,,,,
9276,07/21/2025 20:45:00,14.03,28508.16,,,,,,
9277,07/21/2025 20:50:00,13.73,26460.16,,,,,,
9278,07/21/2025 20:55:00,13.25,24637.44,,,,,,
9279,07/21/2025 21:00:00,12.57,22999.04,,,,,,
9280,07/21/2025 21:05:00,11.97,21575.68,,,,,,
9281,07/21/2025 21:10:00,11.49,20218.88,,,,,,
9282,07/21/2025 21:15:00,11.15,19061.76,,,,,,
9283,07/21/2025 21:20:00,10.59,17971.20,,,,,,
9284,07/21/2025 21:25:00,10.12,17300.48,,,,,,
9285,07/21/2025 21:30:00,10.25,16332.80,,,,,,
9286,07/21/2025 21:35:00,9.56,14714.88,,,,,,
9287,07/21/2025 21:40:00,9.22,12974.08,,,,,,
9288,07/21/2025 21:45:00,9.22,11842.56,,,,,,
9289,07/21/2025 21:50:00,9.14,10588.16,,,,,,
9290,07/21/2025 21:55:00,9.01,9297.92,,,,,,
9291,07/21/2025 22:00:00,8.58,7994.88,,,,,,
9292,07/21/2025 22:05:00,6.48,3119.36,,,,,,
9293,07/21/2025 22:10:00,5.62,2769.92,,,,,,
9294,07/21/2025 22:15:00,5.66,2405.12,,,,,,
9295,07/21/2025 22:20:00,5.87,2008.32,,,,,,
9296,07/21/2025 22:25:00,5.96,1704.32,,,,,,
9297,07/21/2025 22:30:00,5.19,1420.16,,,,,,
9298,07/21/2025 22:35:00,4.07,1143.36,,,,,,
9299,07/21/2025 22:40:00,3.21,898.24,,,,,,
9300,07/21/2025 22:45:00,2.70,685.76,,,,,,
9301,07/21/2025 22:50:00,2.70,513.60,,,,,,
9302,07/21/2025 22:55:00,3.43,370.72,,,,,,
9303,07/21/2025 23:00:00,4.59,259.12,,,,,,
9304,07/21/2025 23:05:00,4.76,177.84,,,,,,
9305,07/21/2025 23:10:00,5.66,117.52,,,,,,
9306,07/21/2025 23:15:00,5.87,72.90,,,,,,
9307,07/21/2025 23:20:00,5.32,47.14,,,,,,
9308,07/21/2025 23:25:00,5.40,30.53,,,,,,
9309,07/21/2025 23:30:00,5.36,18.76,,,,,,
9310,07/21/2025 23:35:00,4.59,11.97,,,,,,
9311,07/21/2025 23:40:00,5.02,8.04,,,,,,
9312,07/21/2025 23:45:00,5.32,5.55,,,,,,
9313,07/21/2025 23:50:00,5.62,3.11,,,,,,
9314,07/21/2025 23:55:00,5.96,2.26,,,,,,
9315,07/22/2025 00:00:00,6.00,1.85,,,,,,
9316,07/22/2025 00:05:00,5.96,0.82,,,,,,
9317,07/22/2025 00:10:00,4.37,0.41,,,,,,
9318,07/22/2025 00:15:00,3.43,0.41,,,,,,
9319,07/22/2025 00:20:00,3.52,0.20,,,,,,
9320,07/22/2025 00:25:00,3.64,0.20,,,,,,
9321,07/22/2025 00:30:00,4.29,0.00,,,,,,
9322,07/22/2025 00:35:00,4.84,0.00,,,,,,
9323,07/22/2025 00:40:00,5.02,0.00,,,,,,
9324,07/22/2025 00:45:00,5.10,0.00,,,,,,
9325,07/22/2025 00:50:00,5.10,0.00,,,,,,
9326,07/22/2025 00:55:00,5.27,0.00,,,,,,
9327,07/22/2025 01:00:00,5.53,0.00,,,,,,
9328,07/22/2025 01:05:00,4.93,0.00,,,,,,
9329,07/22/2025 01:10:00,5.06,0.00,,,,,,
9330,07/22/2025 01:15:00,5.06,0.00,,,,,,
9331,07/22/2025 01:20:00,5.40,0.00,,,,,,
9332,07/22/2025 01:25:00,4.97,0.00,,,,,,
9333,07/22/2025 01:30:00,5.15,0.00,,,,,,
9334,07/22/2025 01:35:00,5.10,0.00,,,,,,
9335,07/22/2025 01:40:00,4.54,0.00,,,,,,
9336,07/22/2025 01:45:00,4.33,0.00,,,,,,
9337,07/22/2025 01:50:00,4.89,0.00,,,,,,
9338,07/22/2025 01:55:00,4.84,0.00,,,,,,
9339,07/22/2025 02:00:00,4.07,0.00,,,,,,
9340,07/22/2025 02:05:00,3.86,0.00,,,,,,
9341,07/22/2025 02:10:00,4.03,0.00,,,,,,
9342,07/22/2025 02:15:00,3.13,0.00,,,,,,
9343,07/22/2025 02:20:00,2.23,0.00,,,,,,
9344,07/22/2025 02:25:00,3.26,0.00,,,,,,
9345,07/22/2025 02:30:00,3.77,0.00,,,,,,
9346,07/22/2025 02:35:00,3.64,0.00,,,,,,
9347,07/22/2025 02:40:00,3.56,0.00,,,,,,
9348,07/22/2025 02:45:00,3.34,0.00,,,,,,
9349,07/22/2025 02:50:00,2.87,0.00,,,,,,
9350,07/22/2025 02:55:00,3.17,0.00,,,,,,
9351,07/22/2025 03:00:00,3.64,0.00,,,,,,
9352,07/22/2025 03:05:00,3.13,0.00,,,,,,
9353,07/22/2025 03:10:00,3.99,0.00,,,,,,
9354,07/22/2025 03:15:00,4.54,0.00,,,,,,
9355,07/22/2025 03:20:00,5.57,0.00,,,,,,
9356,07/22/2025 03:25:00,5.92,0.00,,,,,,
9357,07/22/2025 03:30:00,4.59,0.00,,,,,,
9358,07/22/2025 03:35:00,5.27,0.82,,,,,,
9359,07/22/2025 03:40:00,4.03,0.00,,,,,,
9360,07/22/2025 03:45:00,4.42,0.00,,,,,,
9361,07/22/2025 03:50:00,4.59,0.00,,,,,,
9362,07/22/2025 03:55:00,5.15,0.20,,,,,,
9363,07/22/2025 04:00:00,5.32,1.02,,,,,,
9364,07/22/2025 04:05:00,6.00,1.43,,,,,,
9365,07/22/2025 04:10:00,5.96,1.64,,,,,,
9366,07/22/2025 04:15:00,5.23,2.67,,,,,,
9367,07/22/2025 04:20:00,4.97,3.72,,,,,,
9368,07/22/2025 04:25:00,4.84,6.19,,,,,,
9369,07/22/2025 04:30:00,4.67,9.28,,,,,,
9370,07/22/2025 04:35:00,4.46,13.83,,,,,,
9371,07/22/2025 04:40:00,4.72,22.26,,,,,,
9372,07/22/2025 04:45:00,4.80,33.05,,,,,,
9373,07/22/2025 04:50:00,4.80,51.24,,,,,,
9374,07/22/2025 04:55:00,4.80,78.56,,,,,,
9375,07/22/2025 05:00:00,4.80,117.52,,,,,,
9376,07/22/2025 05:05:00,4.89,177.04,,,,,,
9377,07/22/2025 05:10:00,5.15,257.44,,,,,,
9378,07/22/2025 05:15:00,4.89,353.28,,,,,,
9379,07/22/2025 05:20:00,4.50,481.60,,,,,,
9380,07/22/2025 05:25:00,4.37,664.00,,,,,,
9381,07/22/2025 05:30:00,4.20,910.40,,,,,,
9382,07/22/2025 05:35:00,4.29,1285.44,,,,,,
9383,07/22/2025 05:40:00,4.59,1758.72,,,,,,
9384,07/22/2025 05:45:00,4.63,2094.08,,,,,,
9385,07/22/2025 05:50:00,4.50,2549.76,,,,,,
9386,07/22/2025 05:55:00,4.50,3105.28,,,,,,
9387,07/22/2025 06:00:00,4.67,3612.16,,,,,,
9388,07/22/2025 06:05:00,5.10,5713.92,,,,,,
9389,07/22/2025 06:10:00,5.57,5011.20,,,,,,
9390,07/22/2025 06:15:00,5.57,5570.56,,,,,,
9391,07/22/2025 06:20:00,5.79,6417.92,,,,,,
9392,07/22/2025 06:25:00,6.43,8627.20,,,,,,
9393,07/22/2025 06:30:00,6.22,8145.92,,,,,,
9394,07/22/2025 06:35:00,7.46,12257.28,,,,,,
9395,07/22/2025 06:40:00,9.01,15790.08,,,,,,
9396,07/22/2025 06:45:00,9.74,15708.16,,,,,,
9397,07/22/2025 06:50:00,9.31,11335.68,,,,,,
9398,07/22/2025 06:55:00,8.92,15692.80,,,,,,
9399,07/22/2025 07:00:00,8.62,18836.48,,,,,,
9400,07/22/2025 07:05:00,9.69,19712.00,,,,,,
9401,07/22/2025 07:10:00,10.51,18109.44,,,,,,
9402,07/22/2025 07:15:00,10.72,24217.60,,,,,,
9403,07/22/2025 07:20:00,10.94,28149.76,,,,,,
9404,07/22/2025 07:25:00,11.07,25139.20,,,,,,
9405,07/22/2025 07:30:00,10.08,19537.92,,,,,,
9406,07/22/2025 07:35:00,9.69,23756.80,,,,,,
9407,07/22/2025 07:40:00,9.09,16476.16,,,,,,
9408,07/22/2025 07:45:00,8.62,17044.48,,,,,,
9409,07/22/2025 07:50:00,8.79,17413.12,,,,,,
9410,07/22/2025 07:55:00,8.83,23531.52,,,,,,
9411,07/22/2025 08:00:00,9.69,24719.36,,,,,,
9412,07/22/2025 08:05:00,9.56,21063.68,,,,,,
9413,07/22/2025 08:10:00,10.89,39700.48,,,,,,
9414,07/22/2025 08:15:00,11.37,30935.04,,,,,,
9415,07/22/2025 08:20:00,11.58,31580.16,,,,,,
9416,07/22/2025 08:25:00,11.88,29532.16,,,,,,
9417,07/22/2025 08:30:00,12.95,35133.44,,,,,,
9418,07/22/2025 08:35:00,12.31,31293.44,,,,,,
9419,07/22/2025 08:40:00,11.67,36270.08,,,,,,
9420,07/22/2025 08:45:00,14.58,48476.16,,,,,,
9421,07/22/2025 08:50:00,15.83,50196.48,,,,,,
9422,07/22/2025 08:55:00,16.69,51200.00,,,,,,
9423,07/22/2025 09:00:00,17.37,53657.60,,,,,,
9424,07/22/2025 09:05:00,17.46,52776.96,,,,,,
9425,07/22/2025 09:10:00,17.24,53125.12,,,,,,
9426,07/22/2025 09:15:00,17.37,55029.76,,,,,,
9427,07/22/2025 09:20:00,17.54,56832.00,,,,,,
9428,07/22/2025 09:25:00,17.89,58880.00,,,,,,
9429,07/22/2025 09:30:00,18.53,54927.36,,,,,,
9430,07/22/2025 09:35:00,19.43,63488.00,,,,,,
9431,07/22/2025 09:40:00,19.65,56668.16,,,,,,
9432,07/22/2025 09:45:00,19.43,70635.52,,,,,,
9433,07/22/2025 09:50:00,23.03,60170.24,,,,,,
9434,07/22/2025 09:55:00,19.56,40243.20,,,,,,
9435,07/22/2025 10:00:00,16.17,37468.16,,,,,,
9436,07/22/2025 10:05:00,14.84,48414.72,,,,,,
9437,07/22/2025 10:10:00,14.28,53268.48,,,,,,
9438,07/22/2025 10:15:00,16.47,53862.40,,,,,,
9439,07/22/2025 10:20:00,19.86,76144.64,,,,,,
9440,07/22/2025 10:25:00,20.16,74117.12,,,,,,
9441,07/22/2025 10:30:00,20.55,47411.20,,,,,,
9442,07/22/2025 10:35:00,20.85,65167.36,,,,,,
9443,07/22/2025 10:40:00,20.76,72704.00,,,,,,
9444,07/22/2025 10:45:00,19.95,73809.92,,,,,,
9445,07/22/2025 10:50:00,19.69,75653.12,,,,,,
9446,07/22/2025 10:55:00,19.22,76513.28,,,,,,
9447,07/22/2025 11:00:00,18.83,77803.52,,,,,,
9448,07/22/2025 11:05:00,18.66,78929.92,,,,,,
9449,07/22/2025 11:10:00,19.30,79749.12,,,,,,
9450,07/22/2025 11:15:00,20.16,80179.20,,,,,,
9451,07/22/2025 11:20:00,21.36,80670.72,,,,,,
9452,07/22/2025 11:25:00,22.65,81244.16,,,,,,
9453,07/22/2025 11:30:00,23.64,81694.72,,,,,,
9454,07/22/2025 11:35:00,22.18,82616.32,,,,,,
9455,07/22/2025 11:40:00,22.31,83312.64,,,,,,
9456,07/22/2025 11:45:00,22.56,83886.08,,,,,,
9457,07/22/2025 11:50:00,22.01,84500.48,,,,,,
9458,07/22/2025 11:55:00,21.02,84992.00,,,,,,
9459,07/22/2025 12:00:00,20.42,85442.56,,,,,,
9460,07/22/2025 12:05:00,20.59,86016.00,,,,,,
9461,07/22/2025 12:10:00,20.46,86548.48,,,,,,
9462,07/22/2025 12:15:00,21.40,86999.04,,,,,,
9463,07/22/2025 12:20:00,20.46,87695.36,,,,,,
9464,07/22/2025 12:25:00,19.26,88104.96,,,,,,
9465,07/22/2025 12:30:00,19.43,88473.60,,,,,,
9466,07/22/2025 12:35:00,20.42,88883.20,,,,,,
9467,07/22/2025 12:40:00,21.66,89210.88,,,,,,
9468,07/22/2025 12:45:00,21.02,89579.52,,,,,,
9469,07/22/2025 12:50:00,20.89,89866.24,,,,,,
9470,07/22/2025 12:55:00,20.89,90152.96,,,,,,
9471,07/22/2025 13:00:00,19.73,90439.68,,,,,,
9472,07/22/2025 13:05:00,19.26,90644.48,,,,,,
9473,07/22/2025 13:10:00,19.65,90726.40,,,,,,
9474,07/22/2025 13:15:00,19.69,90890.24,,,,,,
9475,07/22/2025 13:20:00,19.17,91176.96,,,,,,
9476,07/22/2025 13:25:00,19.30,91176.96,,,,,,
9477,07/22/2025 13:30:00,19.77,91299.84,,,,,,
9478,07/22/2025 13:35:00,20.37,91258.88,,,,,,
9479,07/22/2025 13:40:00,21.15,91176.96,,,,,,
9480,07/22/2025 13:45:00,20.80,91176.96,,,,,,
9481,07/22/2025 13:50:00,21.06,91217.92,,,,,,
9482,07/22/2025 13:55:00,22.18,91176.96,,,,,,
9483,07/22/2025 14:00:00,22.78,91176.96,,,,,,
9484,07/22/2025 14:05:00,22.26,91258.88,,,,,,
9485,07/22/2025 14:10:00,21.36,91176.96,,,,,,
9486,07/22/2025 14:15:00,21.58,91176.96,,,,,,
9487,07/22/2025 14:20:00,23.25,90890.24,,,,,,
9488,07/22/2025 14:25:00,23.21,90603.52,,,,,,
9489,07/22/2025 14:30:00,21.96,90480.64,,,,,,
9490,07/22/2025 14:35:00,21.32,90193.92,,,,,,
9491,07/22/2025 14:40:00,20.98,89866.24,,,,,,
9492,07/22/2025 14:45:00,21.62,89702.40,,,,,,
9493,07/22/2025 14:50:00,22.09,89251.84,,,,,,
9494,07/22/2025 14:55:00,22.86,88883.20,,,,,,
9495,07/22/2025 15:00:00,22.69,88514.56,,,,,,
9496,07/22/2025 15:05:00,22.99,88309.76,,,,,,
9497,07/22/2025 15:10:00,22.61,87859.20,,,,,,
9498,07/22/2025 15:15:00,23.68,87449.60,,,,,,
9499,07/22/2025 15:20:00,24.24,87040.00,,,,,,
9500,07/22/2025 15:25:00,23.98,86630.40,,,,,,
9501,07/22/2025 15:30:00,22.26,85934.08,,,,,,
9502,07/22/2025 15:35:00,20.85,85565.44,,,,,,
9503,07/22/2025 15:40:00,20.98,84705.28,,,,,,
9504,07/22/2025 15:45:00,21.40,83968.00,,,,,,
9505,07/22/2025 15:50:00,22.26,83251.20,,,,,,
9506,07/22/2025 15:55:00,23.64,82575.36,,,,,,
9507,07/22/2025 16:00:00,25.27,81428.48,,,,,,
9508,07/22/2025 16:05:00,26.81,81182.72,,,,,,
9509,07/22/2025 16:10:00,25.95,80568.32,,,,,,
9510,07/22/2025 16:15:00,24.84,79953.92,,,,,,
9511,07/22/2025 16:20:00,23.34,79339.52,,,,,,
9512,07/22/2025 16:25:00,23.16,78745.60,,,,,,
9513,07/22/2025 16:30:00,23.34,77967.36,,,,,,
9514,07/22/2025 16:35:00,23.08,77701.12,,,,,,
9515,07/22/2025 16:40:00,22.31,77045.76,,,,,,
9516,07/22/2025 16:45:00,22.56,76328.96,,,,,,
9517,07/22/2025 16:50:00,21.96,75898.88,,,,,,
9518,07/22/2025 16:55:00,20.98,75427.84,,,,,,
9519,07/22/2025 17:00:00,20.55,75059.20,,,,,,
9520,07/22/2025 17:05:00,20.12,75284.48,,,,,,
9521,07/22/2025 17:10:00,20.03,75223.04,,,,,,
9522,07/22/2025 17:15:00,19.77,75571.20,,,,,,
9523,07/22/2025 17:20:00,20.25,75714.56,,,,,,
9524,07/22/2025 17:25:00,21.15,76144.64,,,,,,
9525,07/22/2025 17:30:00,21.49,77189.12,,,,,,
9526,07/22/2025 17:35:00,22.43,77537.28,,,,,,
9527,07/22/2025 17:40:00,22.18,78069.76,,,,,,
9528,07/22/2025 17:45:00,20.85,78151.68,,,,,,
9529,07/22/2025 17:50:00,20.55,78008.32,,,,,,
9530,07/22/2025 17:55:00,20.72,76677.12,,,,,,
9531,07/22/2025 18:00:00,20.50,75141.12,,,,,,
9532,07/22/2025 18:05:00,18.53,73277.44,,,,,,
9533,07/22/2025 18:10:00,17.89,70963.20,,,,,,
9534,07/22/2025 18:15:00,17.50,68587.52,,,,,,
9535,07/22/2025 18:20:00,17.11,66273.28,,,,,,
9536,07/22/2025 18:25:00,17.54,63856.64,,,,,,
9537,07/22/2025 18:30:00,17.41,61972.48,,,,,,
9538,07/22/2025 18:35:00,17.33,59904.00,,,,,,
9539,07/22/2025 18:40:00,17.07,58163.20,,,,,,
9540,07/22/2025 18:45:00,16.86,56770.56,,,,,,
9541,07/22/2025 18:50:00,15.78,58081.28,,,,,,
9542,07/22/2025 18:55:00,14.28,51015.68,,,,,,
9543,07/22/2025 19:00:00,15.70,38993.92,,,,,,
9544,07/22/2025 19:05:00,15.06,37048.32,,,,,,
9545,07/22/2025 19:10:00,15.57,41164.80,,,,,,
9546,07/22/2025 19:15:00,14.84,37068.80,,,,,,
9547,07/22/2025 19:20:00,14.15,39116.80,,,,,,
9548,07/22/2025 19:25:00,15.66,51793.92,,,,,,
9549,07/22/2025 19:30:00,15.61,43110.40,,,,,,
9550,07/22/2025 19:35:00,14.88,45957.12,,,,,,
9551,07/22/2025 19:40:00,14.84,44421.12,,,,,,
9552,07/22/2025 19:45:00,15.31,42639.36,,,,,,
9553,07/22/2025 19:50:00,15.44,29296.64,,,,,,
9554,07/22/2025 19:55:00,16.34,36372.48,,,,,,
9555,07/22/2025 20:00:00,14.63,37570.56,,,,,,
9556,07/22/2025 20:05:00,13.21,40243.20,,,,,,
9557,07/22/2025 20:10:00,13.90,32808.96,,,,,,
9558,07/22/2025 20:15:00,13.90,32092.16,,,,,,
9559,07/22/2025 20:20:00,13.21,24064.00,,,,,,
9560,07/22/2025 20:25:00,10.98,24023.04,,,,,,
9561,07/22/2025 20:30:00,12.35,21309.44,,,,,,
9562,07/22/2025 20:35:00,11.54,24309.76,,,,,,
9563,07/22/2025 20:40:00,12.35,30351.36,,,,,,
9564,07/22/2025 20:45:00,11.49,24268.80,,,,,,
9565,07/22/2025 20:50:00,9.31,14909.44,,,,,,
9566,07/22/2025 20:55:00,7.72,12282.88,,,,,,
9567,07/22/2025 21:00:00,7.55,13450.24,,,,,,
9568,07/22/2025 21:05:00,6.99,13475.84,,,,,,
9569,07/22/2025 21:10:00,6.52,10910.72,,,,,,
9570,07/22/2025 21:15:00,6.69,17909.76,,,,,,
9571,07/22/2025 21:20:00,6.78,16368.64,,,,,,
9572,07/22/2025 21:25:00,6.39,8844.80,,,,,,
9573,07/22/2025 21:30:00,5.96,8033.28,,,,,,
9574,07/22/2025 21:35:00,5.87,5332.48,,,,,,
9575,07/22/2025 21:40:00,5.57,5096.96,,,,,,
9576,07/22/2025 21:45:00,5.53,6218.24,,,,,,
9577,07/22/2025 21:50:00,5.19,4125.44,,,,,,
9578,07/22/2025 21:55:00,5.62,3674.88,,,,,,
9579,07/22/2025 22:00:00,5.83,3001.60,,,,,,
9580,07/22/2025 22:05:00,5.79,2976.00,,,,,,
9581,07/22/2025 22:10:00,6.09,2472.32,,,,,,
9582,07/22/2025 22:15:00,6.26,1949.44,,,,,,
9583,07/22/2025 22:20:00,6.22,1537.28,,,,,,
9584,07/22/2025 22:25:00,5.62,1363.84,,,,,,
9585,07/22/2025 22:30:00,5.15,1080.64,,,,,,
9586,07/22/2025 22:35:00,5.49,792.96,,,,,,
9587,07/22/2025 22:40:00,5.02,625.60,,,,,,
9588,07/22/2025 22:45:00,5.02,450.08,,,,,,
9589,07/22/2025 22:50:00,5.23,312.96,,,,,,
9590,07/22/2025 22:55:00,5.23,209.52,,,,,,
9591,07/22/2025 23:00:00,4.93,153.00,,,,,,
9592,07/22/2025 23:05:00,4.97,91.00,,,,,,
9593,07/22/2025 23:10:00,4.93,57.48,,,,,,
9594,07/22/2025 23:15:00,4.80,39.28,,,,,,
9595,07/22/2025 23:20:00,4.84,24.83,,,,,,
9596,07/22/2025 23:25:00,4.89,16.88,,,,,,
9597,07/22/2025 23:30:00,4.80,10.10,,,,,,
9598,07/22/2025 23:35:00,4.93,6.37,,,,,,
9599,07/22/2025 23:40:00,4.50,3.93,,,,,,
9600,07/22/2025 23:45:00,4.50,2.26,,,,,,
9601,07/22/2025 23:50:00,4.84,1.23,,,,,,
9602,07/22/2025 23:55:00,5.02,0.82,,,,,,
9603,07/23/2025 00:00:00,4.37,0.41,,,,,,
9604,07/23/2025 00:05:00,3.77,0.41,,,,,,
9605,07/23/2025 00:10:00,3.90,0.00,,,,,,
9606,07/23/2025 00:15:00,4.16,0.00,,,,,,
9607,07/23/2025 00:20:00,4.24,0.00,,,,,,
9608,07/23/2025 00:25:00,4.33,0.00,,,,,,
9609,07/23/2025 00:30:00,4.42,0.00,,,,,,
9610,07/23/2025 00:35:00,4.37,0.00,,,,,,
9611,07/23/2025 00:40:00,4.12,0.00,,,,,,
9612,07/23/2025 00:45:00,3.82,0.00,,,,,,
9613,07/23/2025 00:50:00,3.60,0.00,,,,,,
9614,07/23/2025 00:55:00,3.52,0.00,,,,,,
9615,07/23/2025 01:00:00,3.39,0.00,,,,,,
9616,07/23/2025 01:05:00,3.13,0.00,,,,,,
9617,07/23/2025 01:10:00,3.26,0.00,,,,,,
9618,07/23/2025 01:15:00,2.96,0.00,,,,,,
9619,07/23/2025 01:20:00,3.21,0.00,,,,,,
9620,07/23/2025 01:25:00,3.13,0.00,,,,,,
9621,07/23/2025 01:30:00,3.26,0.00,,,,,,
9622,07/23/2025 01:35:00,3.04,0.00,,,,,,
9623,07/23/2025 01:40:00,2.83,0.00,,,,,,
9624,07/23/2025 01:45:00,2.96,0.00,,,,,,
9625,07/23/2025 01:50:00,3.30,0.00,,,,,,
9626,07/23/2025 01:55:00,3.43,0.00,,,,,,
9627,07/23/2025 02:00:00,3.21,0.00,,,,,,
9628,07/23/2025 02:05:00,2.87,0.00,,,,,,
9629,07/23/2025 02:10:00,2.61,0.00,,,,,,
9630,07/23/2025 02:15:00,2.74,0.00,,,,,,
9631,07/23/2025 02:20:00,2.70,0.00,,,,,,
9632,07/23/2025 02:25:00,2.49,0.00,,,,,,
9633,07/23/2025 02:30:00,2.40,0.00,,,,,,
9634,07/23/2025 02:35:00,2.36,0.00,,,,,,
9635,07/23/2025 02:40:00,2.31,0.00,,,,,,
9636,07/23/2025 02:45:00,2.14,0.00,,,,,,
9637,07/23/2025 02:50:00,2.01,0.00,,,,,,
9638,07/23/2025 02:55:00,2.06,0.00,,,,,,
9639,07/23/2025 03:00:00,1.93,0.00,,,,,,
9640,07/23/2025 03:05:00,2.06,0.00,,,,,,
9641,07/23/2025 03:10:00,1.93,0.00,,,,,,
9642,07/23/2025 03:15:00,1.93,0.00,,,,,,
9643,07/23/2025 03:20:00,2.06,0.00,,,,,,
9644,07/23/2025 03:25:00,2.23,0.00,,,,,,
9645,07/23/2025 03:30:00,2.14,0.00,,,,,,
9646,07/23/2025 03:35:00,1.93,0.00,,,,,,
9647,07/23/2025 03:40:00,1.80,0.00,,,,,,
9648,07/23/2025 03:45:00,1.88,0.00,,,,,,
9649,07/23/2025 03:50:00,1.80,0.00,,,,,,
9650,07/23/2025 03:55:00,1.80,0.00,,,,,,
9651,07/23/2025 04:00:00,1.76,0.20,,,,,,
9652,07/23/2025 04:05:00,1.80,0.41,,,,,,
9653,07/23/2025 04:10:00,1.93,0.82,,,,,,
9654,07/23/2025 04:15:00,2.01,1.23,,,,,,
9655,07/23/2025 04:20:00,2.01,2.67,,,,,,
9656,07/23/2025 04:25:00,2.06,3.29,,,,,,
9657,07/23/2025 04:30:00,2.06,5.14,,,,,,
9658,07/23/2025 04:35:00,2.06,7.19,,,,,,
9659,07/23/2025 04:40:00,1.88,10.69,,,,,,
9660,07/23/2025 04:45:00,1.80,16.06,,,,,,
9661,07/23/2025 04:50:00,1.71,26.42,,,,,,
9662,07/23/2025 04:55:00,1.71,42.56,,,,,,
9663,07/23/2025 05:00:00,1.54,68.98,,,,,,
9664,07/23/2025 05:05:00,1.58,107.44,,,,,,
9665,07/23/2025 05:10:00,1.88,152.88,,,,,,
9666,07/23/2025 05:15:00,2.14,211.76,,,,,,
9667,07/23/2025 05:20:00,2.14,319.12,,,,,,
9668,07/23/2025 05:25:00,2.01,445.76,,,,,,
9669,07/23/2025 05:30:00,2.27,582.40,,,,,,
9670,07/23/2025 05:35:00,2.44,787.20,,,,,,
9671,07/23/2025 05:40:00,2.31,1044.48,,,,,,
9672,07/23/2025 05:45:00,2.36,1327.36,,,,,,
9673,07/23/2025 05:50:00,2.36,1520.00,,,,,,
9674,07/23/2025 05:55:00,2.40,1712.64,,,,,,
9675,07/23/2025 06:00:00,2.14,1893.12,,,,,,
9676,07/23/2025 06:05:00,2.27,2218.88,,,,,,
9677,07/23/2025 06:10:00,2.49,3385.60,,,,,,
9678,07/23/2025 06:15:00,2.61,3448.32,,,,,,
9679,07/23/2025 06:20:00,2.74,4793.60,,,,,,
9680,07/23/2025 06:25:00,2.66,4520.96,,,,,,
9681,07/23/2025 06:30:00,2.57,5583.36,,,,,,
9682,07/23/2025 06:35:00,2.70,5386.24,,,,,,
9683,07/23/2025 06:40:00,2.79,5900.80,,,,,,
9684,07/23/2025 06:45:00,2.79,7408.64,,,,,,
9685,07/23/2025 06:50:00,2.91,7139.84,,,,,,
9686,07/23/2025 06:55:00,3.26,9487.36,,,,,,
9687,07/23/2025 07:00:00,3.39,10659.84,,,,,,
9688,07/23/2025 07:05:00,3.43,10173.44,,,,,,
9689,07/23/2025 07:10:00,3.47,10572.80,,,,,,
9690,07/23/2025 07:15:00,3.52,11699.20,,,,,,
9691,07/23/2025 07:20:00,3.30,10874.88,,,,,,
9692,07/23/2025 07:25:00,3.17,12185.60,,,,,,
9693,07/23/2025 07:30:00,3.47,15180.80,,,,,,
9694,07/23/2025 07:35:00,3.69,15559.68,,,,,,
9695,07/23/2025 07:40:00,3.73,17674.24,,,,,,
9696,07/23/2025 07:45:00,3.86,17121.28,,,,,,
9697,07/23/2025 07:50:00,4.59,19281.92,,,,,,
9698,07/23/2025 07:55:00,4.93,22220.80,,,,,,
9699,07/23/2025 08:00:00,4.93,21626.88,,,,,,
9700,07/23/2025 08:05:00,4.93,22353.92,,,,,,
9701,07/23/2025 08:10:00,5.45,26654.72,,,,,,
9702,07/23/2025 08:15:00,5.87,23961.60,,,,,,
9703,07/23/2025 08:20:00,6.05,25589.76,,,,,,
9704,07/23/2025 08:25:00,6.60,28016.64,,,,,,
9705,07/23/2025 08:30:00,6.73,27750.40,,,,,,
9706,07/23/2025 08:35:00,7.12,30914.56,,,,,,
9707,07/23/2025 08:40:00,7.50,22251.52,,,,,,
9708,07/23/2025 08:45:00,8.11,35727.36,,,,,,
9709,07/23/2025 08:50:00,7.63,34744.32,,,,,,
9710,07/23/2025 08:55:00,7.42,35522.56,,,,,,
9711,07/23/2025 09:00:00,7.42,36352.00,,,,,,
9712,07/23/2025 09:05:00,8.06,41113.60,,,,,,
9713,07/23/2025 09:10:00,7.59,37888.00,,,,,,
9714,07/23/2025 09:15:00,7.72,42393.60,,,,,,
9715,07/23/2025 09:20:00,7.68,38574.08,,,,,,
9716,07/23/2025 09:25:00,6.78,36966.40,,,,,,
9717,07/23/2025 09:30:00,7.08,41584.64,,,,,,
9718,07/23/2025 09:35:00,7.63,42905.60,,,,,,
9719,07/23/2025 09:40:00,8.49,48209.92,,,,,,
9720,07/23/2025 09:45:00,9.44,52387.84,,,,,,
9721,07/23/2025 09:50:00,8.88,46223.36,,,,,,
9722,07/23/2025 09:55:00,9.31,45035.52,,,,,,
9723,07/23/2025 10:00:00,8.83,47206.40,,,,,,
9724,07/23/2025 10:05:00,10.64,60743.68,,,,,,
9725,07/23/2025 10:10:00,11.19,63139.84,,,,,,
9726,07/23/2025 10:15:00,11.11,50728.96,,,,,,
9727,07/23/2025 10:20:00,9.52,56156.16,,,,,,
9728,07/23/2025 10:25:00,9.35,59064.32,,,,,,
9729,07/23/2025 10:30:00,10.38,65884.16,,,,,,
9730,07/23/2025 10:35:00,10.12,62320.64,,,,,,
9731,07/23/2025 10:40:00,9.95,56279.04,,,,,,
9732,07/23/2025 10:45:00,8.45,50196.48,,,,,,
9733,07/23/2025 10:50:00,9.48,63631.36,,,,,,
9734,07/23/2025 10:55:00,10.34,64061.44,,,,,,
9735,07/23/2025 11:00:00,9.86,57896.96,,,,,,
9736,07/23/2025 11:05:00,10.08,60375.04,,,,,,
9737,07/23/2025 11:10:00,9.91,63631.36,,,,,,
9738,07/23/2025 11:15:00,10.98,75304.96,,,,,,
9739,07/23/2025 11:20:00,11.49,78786.56,,,,,,
9740,07/23/2025 11:25:00,10.94,74424.32,,,,,,
9741,07/23/2025 11:30:00,10.85,72437.76,,,,,,
9742,07/23/2025 11:35:00,9.99,72478.72,,,,,,
9743,07/23/2025 11:40:00,11.24,79749.12,,,,,,
9744,07/23/2025 11:45:00,11.32,84992.00,,,,,,
9745,07/23/2025 11:50:00,11.92,87900.16,,,,,,
9746,07/23/2025 11:55:00,11.02,77230.08,,,,,,
9747,07/23/2025 12:00:00,11.02,79769.60,,,,,,
9748,07/23/2025 12:05:00,11.28,75120.64,,,,,,
9749,07/23/2025 12:10:00,10.98,65454.08,,,,,,
9750,07/23/2025 12:15:00,10.94,71229.44,,,,,,
9751,07/23/2025 12:20:00,12.82,89948.16,,,,,,
9752,07/23/2025 12:25:00,9.86,66764.80,,,,,,
9753,07/23/2025 12:30:00,10.51,79953.92,,,,,,
9754,07/23/2025 12:35:00,9.56,69795.84,,,,,,
9755,07/23/2025 12:40:00,9.82,79441.92,,,,,,
9756,07/23/2025 12:45:00,11.54,87490.56,,,,,,
9757,07/23/2025 12:50:00,10.38,79892.48,,,,,,
9758,07/23/2025 12:55:00,10.68,82882.56,,,,,,
9759,07/23/2025 13:00:00,11.24,79728.64,,,,,,
9760,07/23/2025 13:05:00,11.45,84500.48,,,,,,
9761,07/23/2025 13:10:00,13.21,89620.48,,,,,,
9762,07/23/2025 13:15:00,11.79,82145.28,,,,,,
9763,07/23/2025 13:20:00,10.21,72908.80,,,,,,
9764,07/23/2025 13:25:00,10.08,75161.60,,,,,,
9765,07/23/2025 13:30:00,11.88,88064.00,,,,,,
9766,07/23/2025 13:35:00,12.74,87900.16,,,,,,
9767,07/23/2025 13:40:00,14.33,105472.00,,,,,,
9768,07/23/2025 13:45:00,14.20,103424.00,,,,,,
9769,07/23/2025 13:50:00,15.87,121692.16,,,,,,
9770,07/23/2025 13:55:00,16.60,98181.12,,,,,,
9771,07/23/2025 14:00:00,16.99,105676.80,,,,,,
9772,07/23/2025 14:05:00,13.77,89210.88,,,,,,
9773,07/23/2025 14:10:00,11.67,75939.84,,,,,,
9774,07/23/2025 14:15:00,11.58,82206.72,,,,,,
9775,07/23/2025 14:20:00,12.70,84992.00,,,,,,
9776,07/23/2025 14:25:00,11.79,74240.00,,,,,,
9777,07/23/2025 14:30:00,10.46,63692.80,,,,,,
9778,07/23/2025 14:35:00,11.75,73871.36,,,,,,
9779,07/23/2025 14:40:00,12.74,87244.80,,,,,,
9780,07/23/2025 14:45:00,12.01,80220.16,,,,,,
9781,07/23/2025 14:50:00,11.97,81920.00,,,,,,
9782,07/23/2025 14:55:00,10.34,67584.00,,,,,,
9783,07/23/2025 15:00:00,9.95,76574.72,,,,,,
9784,07/23/2025 15:05:00,11.88,97361.92,,,,,,
9785,07/23/2025 15:10:00,10.16,61767.68,,,,,,
9786,07/23/2025 15:15:00,10.25,83517.44,,,,,,
9787,07/23/2025 15:20:00,11.24,89128.96,,,,,,
9788,07/23/2025 15:25:00,9.99,63324.16,,,,,,
9789,07/23/2025 15:30:00,9.69,70144.00,,,,,,
9790,07/23/2025 15:35:00,10.77,80814.08,,,,,,
9791,07/23/2025 15:40:00,11.62,77783.04,,,,,,
9792,07/23/2025 15:45:00,11.79,82903.04,,,,,,
9793,07/23/2025 15:50:00,12.57,83374.08,,,,,,
9794,07/23/2025 15:55:00,12.22,88596.48,,,,,,
9795,07/23/2025 16:00:00,11.84,79851.52,,,,,,
9796,07/23/2025 16:05:00,10.12,63692.80,,,,,,
9797,07/23/2025 16:10:00,8.41,54927.36,,,,,,
9798,07/23/2025 16:15:00,8.45,72581.12,,,,,,
9799,07/23/2025 16:20:00,10.16,84787.20,,,,,,
9800,07/23/2025 16:25:00,10.34,66723.84,,,,,,
9801,07/23/2025 16:30:00,7.98,43151.36,,,,,,
9802,07/23/2025 16:35:00,9.86,73584.64,,,,,,
9803,07/23/2025 16:40:00,10.16,51732.48,,,,,,
9804,07/23/2025 16:45:00,7.08,39413.76,,,,,,
9805,07/23/2025 16:50:00,6.43,50380.80,,,,,,
9806,07/23/2025 16:55:00,7.12,54292.48,,,,,,
9807,07/23/2025 17:00:00,8.49,75898.88,,,,,,
9808,07/23/2025 17:05:00,11.02,69283.84,,,,,,
9809,07/23/2025 17:10:00,10.29,60477.44,,,,,,
9810,07/23/2025 17:15:00,9.26,64798.72,,,,,,
9811,07/23/2025 17:20:00,8.19,55132.16,,,,,,
9812,07/23/2025 17:25:00,7.85,53923.84,,,,,,
9813,07/23/2025 17:30:00,8.41,58552.32,,,,,,
9814,07/23/2025 17:35:00,8.75,62771.20,,,,,,
9815,07/23/2025 17:40:00,8.66,60559.36,,,,,,
9816,07/23/2025 17:45:00,9.14,63262.72,,,,,,
9817,07/23/2025 17:50:00,7.93,55029.76,,,,,,
9818,07/23/2025 17:55:00,8.19,56381.44,,,,,,
9819,07/23/2025 18:00:00,8.28,54435.84,,,,,,
9820,07/23/2025 18:05:00,7.68,48640.00,,,,,,
9821,07/23/2025 18:10:00,8.06,55480.32,,,,,,
9822,07/23/2025 18:15:00,7.42,51834.88,,,,,,
9823,07/23/2025 18:20:00,7.33,51732.48,,,,,,
9824,07/23/2025 18:25:00,7.38,49172.48,,,,,,
9825,07/23/2025 18:30:00,8.02,65290.24,,,,,,
9826,07/23/2025 18:35:00,8.23,52592.64,,,,,,
9827,07/23/2025 18:40:00,7.33,47063.04,,,,,,
9828,07/23/2025 18:45:00,7.59,52633.60,,,,,,
9829,07/23/2025 18:50:00,6.95,42782.72,,,,,,
9830,07/23/2025 18:55:00,6.60,43560.96,,,,,,
9831,07/23/2025 19:00:00,6.56,39127.04,,,,,,
9832,07/23/2025 19:05:00,6.00,32532.48,,,,,,
9833,07/23/2025 19:10:00,6.00,38758.40,,,,,,
9834,07/23/2025 19:15:00,6.09,37580.80,,,,,,
9835,07/23/2025 19:20:00,4.76,31068.16,,,,,,
9836,07/23/2025 19:25:00,4.72,30566.40,,,,,,
9837,07/23/2025 19:30:00,4.59,26255.36,,,,,,
9838,07/23/2025 19:35:00,4.24,21217.28,,,,,,
9839,07/23/2025 19:40:00,4.50,26255.36,,,,,,
9840,07/23/2025 19:45:00,4.63,25815.04,,,,,,
9841,07/23/2025 19:50:00,4.16,19537.92,,,,,,
9842,07/23/2025 19:55:00,3.73,18836.48,,,,,,
9843,07/23/2025 20:00:00,3.43,17382.40,,,,,,
9844,07/23/2025 20:05:00,3.47,17827.84,,,,,,
9845,07/23/2025 20:10:00,3.56,16952.32,,,,,,
9846,07/23/2025 20:15:00,3.60,15810.56,,,,,,
9847,07/23/2025 20:20:00,3.47,15298.56,,,,,,
9848,07/23/2025 20:25:00,3.73,14924.80,,,,,,
9849,07/23/2025 20:30:00,3.56,14115.84,,,,,,
9850,07/23/2025 20:35:00,3.56,15001.60,,,,,,
9851,07/23/2025 20:40:00,3.26,11432.96,,,,,,
9852,07/23/2025 20:45:00,3.21,12410.88,,,,,,
9853,07/23/2025 20:50:00,3.00,11770.88,,,,,,
9854,07/23/2025 20:55:00,2.79,8908.80,,,,,,
9855,07/23/2025 21:00:00,2.79,9541.12,,,,,,
9856,07/23/2025 21:05:00,2.66,6366.72,,,,,,
9857,07/23/2025 21:10:00,2.23,5053.44,,,,,,
9858,07/23/2025 21:15:00,2.06,4954.88,,,,,,
9859,07/23/2025 21:20:00,2.06,6095.36,,,,,,
9860,07/23/2025 21:25:00,2.31,5644.80,,,,,,
9861,07/23/2025 21:30:00,2.31,4559.36,,,,,,
9862,07/23/2025 21:35:00,2.14,3687.68,,,,,,
9863,07/23/2025 21:40:00,2.19,3137.28,,,,,,
9864,07/23/2025 21:45:00,2.31,3074.56,,,,,,
9865,07/23/2025 21:50:00,2.49,3763.20,,,,,,
9866,07/23/2025 21:55:00,2.44,2858.24,,,,,,
9867,07/23/2025 22:00:00,2.44,2442.88,,,,,,
9868,07/23/2025 22:05:00,2.36,2365.44,,,,,,
9869,07/23/2025 22:10:00,2.53,1786.24,,,,,,
9870,07/23/2025 22:15:00,2.31,1473.92,,,,,,
9871,07/23/2025 22:20:00,2.36,1138.24,,,,,,
9872,07/23/2025 22:25:00,2.31,964.80,,,,,,
9873,07/23/2025 22:30:00,2.40,847.68,,,,,,
9874,07/23/2025 22:35:00,2.14,678.40,,,,,,
9875,07/23/2025 22:40:00,2.06,494.72,,,,,,
9876,07/23/2025 22:45:00,1.97,318.56,,,,,,
9877,07/23/2025 22:50:00,2.06,244.88,,,,,,
9878,07/23/2025 22:55:00,2.01,172.08,,,,,,
9879,07/23/2025 23:00:00,1.84,115.76,,,,,,
9880,07/23/2025 23:05:00,1.88,82.76,,,,,,
9881,07/23/2025 23:10:00,1.84,48.78,,,,,,
9882,07/23/2025 23:15:00,1.97,28.53,,,,,,
9883,07/23/2025 23:20:00,1.97,18.94,,,,,,
9884,07/23/2025 23:25:00,2.01,12.13,,,,,,
9885,07/23/2025 23:30:00,2.01,6.99,,,,,,
9886,07/23/2025 23:35:00,2.01,4.73,,,,,,
9887,07/23/2025 23:40:00,2.06,2.46,,,,,,
9888,07/23/2025 23:45:00,2.01,1.64,,,,,,
9889,07/23/2025 23:50:00,1.93,0.82,,,,,,
9890,07/23/2025 23:55:00,1.88,0.41,,,,,,
9891,07/24/2025 00:00:00,2.01,0.20,,,,,,
9892,07/24/2025 00:05:00,2.06,0.00,,,,,,
9893,07/24/2025 00:10:00,2.01,0.00,,,,,,
9894,07/24/2025 00:15:00,1.71,0.00,,,,,,
9895,07/24/2025 00:20:00,1.41,0.00,,,,,,
9896,07/24/2025 00:25:00,1.33,0.00,,,,,,
9897,07/24/2025 00:30:00,1.33,0.00,,,,,,
9898,07/24/2025 00:35:00,1.20,0.00,,,,,,
9899,07/24/2025 00:40:00,1.24,0.00,,,,,,
9900,07/24/2025 00:45:00,1.20,0.00,,,,,,
9901,07/24/2025 00:50:00,1.28,0.00,,,,,,
9902,07/24/2025 00:55:00,1.41,0.00,,,,,,
9903,07/24/2025 01:00:00,1.71,0.00,,,,,,
9904,07/24/2025 01:05:00,1.88,0.00,,,,,,
9905,07/24/2025 01:10:00,1.80,0.00,,,,,,
9906,07/24/2025 01:15:00,1.67,0.00,,,,,,
9907,07/24/2025 01:20:00,1.80,0.00,,,,,,
9908,07/24/2025 01:25:00,1.71,0.00,,,,,,
9909,07/24/2025 01:30:00,1.71,0.00,,,,,,
9910,07/24/2025 01:35:00,1.67,0.00,,,,,,
9911,07/24/2025 01:40:00,1.63,0.00,,,,,,
9912,07/24/2025 01:45:00,1.58,0.00,,,,,,
9913,07/24/2025 01:50:00,1.58,0.00,,,,,,
9914,07/24/2025 01:55:00,1.46,0.00,,,,,,
9915,07/24/2025 02:00:00,1.46,0.00,,,,,,
9916,07/24/2025 02:05:00,1.41,0.00,,,,,,
9917,07/24/2025 02:10:00,1.41,0.41,,,,,,
9918,07/24/2025 02:15:00,1.54,0.00,,,,,,
9919,07/24/2025 02:20:00,1.50,0.00,,,,,,
9920,07/24/2025 02:25:00,1.54,0.41,,,,,,
9921,07/24/2025 02:30:00,1.58,0.00,,,,,,
9922,07/24/2025 02:35:00,1.71,0.00,,,,,,
9923,07/24/2025 02:40:00,1.71,0.00,,,,,,
9924,07/24/2025 02:45:00,1.54,0.00,,,,,,
9925,07/24/2025 02:50:00,1.54,0.00,,,,,,
9926,07/24/2025 02:55:00,1.50,0.00,,,,,,
9927,07/24/2025 03:00:00,1.50,0.00,,,,,,
9928,07/24/2025 03:05:00,1.46,0.00,,,,,,
9929,07/24/2025 03:10:00,1.46,0.00,,,,,,
9930,07/24/2025 03:15:00,1.46,0.00,,,,,,
9931,07/24/2025 03:20:00,1.50,0.00,,,,,,
9932,07/24/2025 03:25:00,1.33,0.00,,,,,,
9933,07/24/2025 03:30:00,1.46,0.00,,,,,,
9934,07/24/2025 03:35:00,1.41,0.00,,,,,,
9935,07/24/2025 03:40:00,1.33,0.00,,,,,,
9936,07/24/2025 03:45:00,1.41,0.00,,,,,,
9937,07/24/2025 03:50:00,1.33,0.00,,,,,,
9938,07/24/2025 03:55:00,1.20,0.20,,,,,,
9939,07/24/2025 04:00:00,1.24,0.20,,,,,,
9940,07/24/2025 04:05:00,1.24,0.41,,,,,,
9941,07/24/2025 04:10:00,1.24,0.61,,,,,,
9942,07/24/2025 04:15:00,1.37,1.23,,,,,,
9943,07/24/2025 04:20:00,1.33,1.64,,,,,,
9944,07/24/2025 04:25:00,1.24,2.87,,,,,,
9945,07/24/2025 04:30:00,1.24,4.52,,,,,,
9946,07/24/2025 04:35:00,1.11,7.19,,,,,,
9947,07/24/2025 04:40:00,1.20,11.51,,,,,,
9948,07/24/2025 04:45:00,1.20,18.53,,,,,,
9949,07/24/2025 04:50:00,1.16,28.94,,,,,,
9950,07/24/2025 04:55:00,1.20,44.66,,,,,,
9951,07/24/2025 05:00:00,1.20,69.40,,,,,,
9952,07/24/2025 05:05:00,1.24,107.44,,,,,,
9953,07/24/2025 05:10:00,1.20,156.28,,,,,,
9954,07/24/2025 05:15:00,1.24,243.28,,,,,,
9955,07/24/2025 05:20:00,1.20,351.52,,,,,,
9956,07/24/2025 05:25:00,1.28,458.08,,,,,,
9957,07/24/2025 05:30:00,1.24,605.44,,,,,,
9958,07/24/2025 05:35:00,1.24,782.08,,,,,,
9959,07/24/2025 05:40:00,1.24,934.40,,,,,,
9960,07/24/2025 05:45:00,1.24,1117.12,,,,,,
9961,07/24/2025 05:50:00,1.33,1284.80,,,,,,
9962,07/24/2025 05:55:00,1.37,1502.72,,,,,,
9963,07/24/2025 06:00:00,1.33,1724.16,,,,,,
9964,07/24/2025 06:05:00,1.41,2166.40,,,,,,
9965,07/24/2025 06:10:00,1.46,2626.56,,,,,,
9966,07/24/2025 06:15:00,1.63,3194.88,,,,,,
9967,07/24/2025 06:20:00,1.71,4043.52,,,,,,
9968,07/24/2025 06:25:00,1.84,4638.72,,,,,,
9969,07/24/2025 06:30:00,1.93,5255.68,,,,,,
9970,07/24/2025 06:35:00,1.97,5708.80,,,,,,
9971,07/24/2025 06:40:00,2.06,5931.52,,,,,,
9972,07/24/2025 06:45:00,2.06,6039.04,,,,,,
9973,07/24/2025 06:50:00,2.23,6563.84,,,,,,
9974,07/24/2025 06:55:00,2.10,5496.32,,,,,,
9975,07/24/2025 07:00:00,2.06,5329.92,,,,,,
9976,07/24/2025 07:05:00,1.97,5726.72,,,,,,
9977,07/24/2025 07:10:00,2.19,7475.20,,,,,,
9978,07/24/2025 07:15:00,2.40,9369.60,,,,,,
9979,07/24/2025 07:20:00,2.87,11863.04,,,,,,
9980,07/24/2025 07:25:00,2.96,11801.60,,,,,,
9981,07/24/2025 07:30:00,3.17,12743.68,,,,,,
9982,07/24/2025 07:35:00,2.79,9034.24,,,,,,
9983,07/24/2025 07:40:00,2.49,8225.28,,,,,,
9984,07/24/2025 07:45:00,2.53,9231.36,,,,,,
9985,07/24/2025 07:50:00,2.87,11064.32,,,,,,
9986,07/24/2025 07:55:00,3.30,15677.44,,,,,,
9987,07/24/2025 08:00:00,3.82,19768.32,,,,,,
9988,07/24/2025 08:05:00,4.63,24729.60,,,,,,
9989,07/24/2025 08:10:00,5.92,30822.40,,,,,,
9990,07/24/2025 08:15:00,6.17,26931.20,,,,,,
9991,07/24/2025 08:20:00,6.60,26019.84,,,,,,
9992,07/24/2025 08:25:00,6.05,23900.16,,,,,,
9993,07/24/2025 08:30:00,5.92,27279.36,,,,,,
9994,07/24/2025 08:35:00,6.05,29173.76,,,,,,
9995,07/24/2025 08:40:00,6.39,31631.36,,,,,,
9996,07/24/2025 08:45:00,6.69,34519.04,,,,,,
9997,07/24/2025 08:50:00,6.56,30464.00,,,,,,
9998,07/24/2025 08:55:00,5.87,28375.04,,,,,,
9999,07/24/2025 09:00:00,5.57,26961.92,,,,,,
10000,07/24/2025 09:05:00,5.92,35993.60,,,,,,
10001,07/24/2025 09:10:00,7.12,37181.44,,,,,,
10002,07/24/2025 09:15:00,7.03,37150.72,,,,,,
10003,07/24/2025 09:20:00,8.36,40601.60,,,,,,
10004,07/24/2025 09:25:00,9.09,44482.56,,,,,,
10005,07/24/2025 09:30:00,9.91,47902.72,,,,,,
10006,07/24/2025 09:35:00,10.42,53944.32,,,,,,
10007,07/24/2025 09:40:00,12.10,60354.56,,,,,,
10008,07/24/2025 09:45:00,10.98,45772.80,,,,,,
10009,07/24/2025 09:50:00,9.56,46243.84,,,,,,
10010,07/24/2025 09:55:00,9.78,47779.84,,,,,,
10011,07/24/2025 10:00:00,9.56,49418.24,,,,,,
10012,07/24/2025 10:05:00,10.16,63160.32,,,,,,
10013,07/24/2025 10:10:00,10.72,59432.96,,,,,,
10014,07/24/2025 10:15:00,10.81,61440.00,,,,,,
10015,07/24/2025 10:20:00,10.94,63815.68,,,,,,
10016,07/24/2025 10:25:00,11.02,62423.04,,,,,,
10017,07/24/2025 10:30:00,10.64,59965.44,,,,,,
10018,07/24/2025 10:35:00,10.46,59596.80,,,,,,
10019,07/24/2025 10:40:00,10.29,58327.04,,,,,,
10020,07/24/2025 10:45:00,10.38,58040.32,,,,,,
10021,07/24/2025 10:50:00,12.70,75714.56,,,,,,
10022,07/24/2025 10:55:00,13.17,67543.04,,,,,,
10023,07/24/2025 11:00:00,12.27,56852.48,,,,,,
10024,07/24/2025 11:05:00,10.38,51486.72,,,,,,
10025,07/24/2025 11:10:00,9.56,47738.88,,,,,,
10026,07/24/2025 11:15:00,9.39,51015.68,,,,,,
10027,07/24/2025 11:20:00,10.77,67563.52,,,,,,
10028,07/24/2025 11:25:00,18.06,135700.48,,,,,,
10029,07/24/2025 11:30:00,19.60,106209.28,,,,,,
10030,07/24/2025 11:35:00,15.74,74055.68,,,,,,
10031,07/24/2025 11:40:00,13.25,66273.28,,,,,,
10032,07/24/2025 11:45:00,12.18,71249.92,,,,,,
10033,07/24/2025 11:50:00,12.40,73093.12,,,,,,
10034,07/24/2025 11:55:00,12.74,75530.24,,,,,,
10035,07/24/2025 12:00:00,13.30,79667.20,,,,,,
10036,07/24/2025 12:05:00,13.90,85852.16,,,,,,
10037,07/24/2025 12:10:00,15.10,88432.64,,,,,,
10038,07/24/2025 12:15:00,14.71,83333.12,,,,,,
10039,07/24/2025 12:20:00,14.41,85729.28,,,,,,
10040,07/24/2025 12:25:00,15.01,87244.80,,,,,,
10041,07/24/2025 12:30:00,15.06,86138.88,,,,,,
10042,07/24/2025 12:35:00,14.28,80384.00,,,,,,
10043,07/24/2025 12:40:00,13.43,77271.04,,,,,,
10044,07/24/2025 12:45:00,13.08,76595.20,,,,,,
10045,07/24/2025 12:50:00,13.04,75304.96,,,,,,
10046,07/24/2025 12:55:00,12.78,73359.36,,,,,,
10047,07/24/2025 13:00:00,12.40,71229.44,,,,,,
10048,07/24/2025 13:05:00,12.40,72294.40,,,,,,
10049,07/24/2025 13:10:00,12.91,76247.04,,,,,,
10050,07/24/2025 13:15:00,13.21,74588.16,,,,,,
10051,07/24/2025 13:20:00,14.37,81653.76,,,,,,
10052,07/24/2025 13:25:00,15.96,90726.40,,,,,,
10053,07/24/2025 13:30:00,16.73,92610.56,,,,,,
10054,07/24/2025 13:35:00,18.10,101826.56,,,,,,
10055,07/24/2025 13:40:00,18.27,98263.04,,,,,,
10056,07/24/2025 13:45:00,18.44,103792.64,,,,,,
10057,07/24/2025 13:50:00,17.97,100638.72,,,,,,
10058,07/24/2025 13:55:00,17.03,87859.20,,,,,,
10059,07/24/2025 14:00:00,15.10,80322.56,,,,,,
10060,07/24/2025 14:05:00,13.90,74506.24,,,,,,
10061,07/24/2025 14:10:00,13.51,72376.32,,,,,,
10062,07/24/2025 14:15:00,13.47,70860.80,,,,,,
10063,07/24/2025 14:20:00,13.04,70266.88,,,,,,
10064,07/24/2025 14:25:00,12.95,70389.76,,,,,,
10065,07/24/2025 14:30:00,13.12,73195.52,,,,,,
10066,07/24/2025 14:35:00,13.55,78151.68,,,,,,
10067,07/24/2025 14:40:00,14.93,82903.04,,,,,,
10068,07/24/2025 14:45:00,15.06,83968.00,,,,,,
10069,07/24/2025 14:50:00,15.01,84295.68,,,,,,
10070,07/24/2025 14:55:00,15.83,87203.84,,,,,,
10071,07/24/2025 15:00:00,15.87,87818.24,,,,,,
10072,07/24/2025 15:05:00,15.83,85319.68,,,,,,
10073,07/24/2025 15:10:00,16.69,94289.92,,,,,,
10074,07/24/2025 15:15:00,17.33,100270.08,,,,,,
10075,07/24/2025 15:20:00,17.07,92610.56,,,,,,
10076,07/24/2025 15:25:00,16.77,91545.60,,,,,,
10077,07/24/2025 15:30:00,17.84,106700.80,,,,,,
10078,07/24/2025 15:35:00,18.57,91832.32,,,,,,
10079,07/24/2025 15:40:00,16.60,83640.32,,,,,,
10080,07/24/2025 15:45:00,16.30,84869.12,,,,,,
10081,07/24/2025 15:50:00,17.03,90357.76,,,,,,
10082,07/24/2025 15:55:00,16.64,83927.04,,,,,,
10083,07/24/2025 16:00:00,15.83,84418.56,,,,,,
10084,07/24/2025 16:05:00,14.28,75960.32,,,,,,
10085,07/24/2025 16:10:00,14.33,78479.36,,,,,,
10086,07/24/2025 16:15:00,14.63,77967.36,,,,,,
10087,07/24/2025 16:20:00,14.71,80691.20,,,,,,
10088,07/24/2025 16:25:00,15.10,78909.44,,,,,,
10089,07/24/2025 16:30:00,14.67,73175.04,,,,,,
10090,07/24/2025 16:35:00,14.03,72519.68,,,,,,
10091,07/24/2025 16:40:00,13.90,70246.40,,,,,,
10092,07/24/2025 16:45:00,13.25,67276.80,,,,,,
10093,07/24/2025 16:50:00,13.47,67092.48,,,,,,
10094,07/24/2025 16:55:00,13.94,66375.68,,,,,,
10095,07/24/2025 17:00:00,13.77,65884.16,,,,,,
10096,07/24/2025 17:05:00,13.64,62791.68,,,,,,
10097,07/24/2025 17:10:00,13.04,62033.92,,,,,,
10098,07/24/2025 17:15:00,12.61,62648.32,,,,,,
10099,07/24/2025 17:20:00,12.27,61009.92,,,,,,
10100,07/24/2025 17:25:00,12.10,60907.52,,,,,,
10101,07/24/2025 17:30:00,11.75,60538.88,,,,,,
10102,07/24/2025 17:35:00,11.37,57077.76,,,,,,
10103,07/24/2025 17:40:00,11.11,54620.16,,,,,,
10104,07/24/2025 17:45:00,10.85,55050.24,,,,,,
10105,07/24/2025 17:50:00,10.51,52879.36,,,,,,
10106,07/24/2025 17:55:00,9.99,48885.76,,,,,,
10107,07/24/2025 18:00:00,9.61,46612.48,,,,,,
10108,07/24/2025 18:05:00,9.18,44564.48,,,,,,
10109,07/24/2025 18:10:00,8.96,41943.04,,,,,,
10110,07/24/2025 18:15:00,8.45,37744.64,,,,,,
10111,07/24/2025 18:20:00,7.76,35082.24,,,,,,
10112,07/24/2025 18:25:00,7.33,34160.64,,,,,,
10113,07/24/2025 18:30:00,7.42,33310.72,,,,,,
10114,07/24/2025 18:35:00,7.50,32399.36,,,,,,
10115,07/24/2025 18:40:00,7.38,30443.52,,,,,,
10116,07/24/2025 18:45:00,7.03,31508.48,,,,,,
10117,07/24/2025 18:50:00,7.38,32757.76,,,,,,
10118,07/24/2025 18:55:00,7.72,33003.52,,,,,,
10119,07/24/2025 19:00:00,7.59,32000.00,,,,,,
10120,07/24/2025 19:05:00,7.38,33628.16,,,,,,
10121,07/24/2025 19:10:00,7.55,33843.20,,,,,,
10122,07/24/2025 19:15:00,7.33,31846.40,,,,,,
10123,07/24/2025 19:20:00,7.42,34007.04,,,,,,
10124,07/24/2025 19:25:00,8.06,34099.20,,,,,,
10125,07/24/2025 19:30:00,8.23,31989.76,,,,,,
10126,07/24/2025 19:35:00,7.85,36014.08,,,,,,
10127,07/24/2025 19:40:00,8.53,38072.32,,,,,,
10128,07/24/2025 19:45:00,8.83,35409.92,,,,,,
10129,07/24/2025 19:50:00,10.04,35153.92,,,,,,
10130,07/24/2025 19:55:00,9.05,30597.12,,,,,,
10131,07/24/2025 20:00:00,6.99,24934.40,,,,,,
10132,07/24/2025 20:05:00,6.22,23162.88,,,,,,
10133,07/24/2025 20:10:00,6.05,23552.00,,,,,,
10134,07/24/2025 20:15:00,6.13,24125.44,,,,,,
10135,07/24/2025 20:20:00,6.26,23480.32,,,,,,
10136,07/24/2025 20:25:00,6.09,21381.12,,,,,,
10137,07/24/2025 20:30:00,5.83,19614.72,,,,,,
10138,07/24/2025 20:35:00,5.49,17495.04,,,,,,
10139,07/24/2025 20:40:00,4.84,15006.72,,,,,,
10140,07/24/2025 20:45:00,4.46,13701.12,,,,,,
10141,07/24/2025 20:50:00,4.12,11960.32,,,,,,
10142,07/24/2025 20:55:00,3.82,10828.80,,,,,,
10143,07/24/2025 21:00:00,3.64,9771.52,,,,,,
10144,07/24/2025 21:05:00,3.47,8765.44,,,,,,
10145,07/24/2025 21:10:00,3.26,8271.36,,,,,,
10146,07/24/2025 21:15:00,3.21,7961.60,,,,,,
10147,07/24/2025 21:20:00,3.30,7449.60,,,,,,
10148,07/24/2025 21:25:00,3.21,7073.28,,,,,,
10149,07/24/2025 21:30:00,3.00,6382.08,,,,,,
10150,07/24/2025 21:35:00,2.83,5570.56,,,,,,
10151,07/24/2025 21:40:00,2.83,5401.60,,,,,,
10152,07/24/2025 21:45:00,2.74,4967.68,,,,,,
10153,07/24/2025 21:50:00,2.66,4198.40,,,,,,
10154,07/24/2025 21:55:00,2.61,3344.64,,,,,,
10155,07/24/2025 22:00:00,2.44,2635.52,,,,,,
10156,07/24/2025 22:05:00,2.36,1960.96,,,,,,
10157,07/24/2025 22:10:00,2.27,1571.84,,,,,,
10158,07/24/2025 22:15:00,2.19,1342.72,,,,,,
10159,07/24/2025 22:20:00,2.19,1092.16,,,,,,
10160,07/24/2025 22:25:00,2.06,901.44,,,,,,
10161,07/24/2025 22:30:00,1.97,742.72,,,,,,
10162,07/24/2025 22:35:00,1.93,569.12,,,,,,
10163,07/24/2025 22:40:00,1.88,410.40,,,,,,
10164,07/24/2025 22:45:00,1.97,287.04,,,,,,
10165,07/24/2025 22:50:00,2.19,196.96,,,,,,
10166,07/24/2025 22:55:00,2.14,130.68,,,,,,
10167,07/24/2025 23:00:00,2.01,83.56,,,,,,
10168,07/24/2025 23:05:00,2.10,53.36,,,,,,
10169,07/24/2025 23:10:00,2.14,34.70,,,,,,
10170,07/24/2025 23:15:00,2.19,21.07,,,,,,
10171,07/24/2025 23:20:00,2.14,13.98,,,,,,
10172,07/24/2025 23:25:00,2.06,8.84,,,,,,
10173,07/24/2025 23:30:00,2.19,5.55,,,,,,
10174,07/24/2025 23:35:00,2.10,3.49,,,,,,
10175,07/24/2025 23:40:00,2.14,2.05,,,,,,
10176,07/24/2025 23:45:00,2.19,1.64,,,,,,
10177,07/24/2025 23:50:00,2.19,0.82,,,,,,
10178,07/24/2025 23:55:00,2.23,0.41,,,,,,
10179,07/25/2025 00:00:00,2.14,0.82,,,,,,
10180,07/25/2025 00:05:00,2.19,0.00,,,,,,
10181,07/25/2025 00:10:00,2.10,0.00,,,,,,
10182,07/25/2025 00:15:00,2.06,0.00,,,,,,
10183,07/25/2025 00:20:00,2.19,0.00,,,,,,
10184,07/25/2025 00:25:00,2.06,0.00,,,,,,
10185,07/25/2025 00:30:00,2.10,0.00,,,,,,
10186,07/25/2025 00:35:00,1.93,0.00,,,,,,
10187,07/25/2025 00:40:00,2.01,0.00,,,,,,
10188,07/25/2025 00:45:00,1.97,0.00,,,,,,
10189,07/25/2025 00:50:00,2.01,0.00,,,,,,
10190,07/25/2025 00:55:00,2.01,0.00,,,,,,
10191,07/25/2025 01:00:00,2.01,0.00,,,,,,
10192,07/25/2025 01:05:00,2.14,0.00,,,,,,
10193,07/25/2025 01:10:00,2.14,0.00,,,,,,
10194,07/25/2025 01:15:00,2.14,0.00,,,,,,
10195,07/25/2025 01:20:00,2.14,0.00,,,,,,
10196,07/25/2025 01:25:00,2.06,0.00,,,,,,
10197,07/25/2025 01:30:00,2.10,0.00,,,,,,
10198,07/25/2025 01:35:00,2.06,0.00,,,,,,
10199,07/25/2025 01:40:00,2.06,0.00,,,,,,
10200,07/25/2025 01:45:00,2.01,0.00,,,,,,
10201,07/25/2025 01:50:00,2.01,0.00,,,,,,
10202,07/25/2025 01:55:00,2.23,0.00,,,,,,
10203,07/25/2025 02:00:00,2.36,0.00,,,,,,
10204,07/25/2025 02:05:00,2.31,0.00,,,,,,
10205,07/25/2025 02:10:00,2.40,0.00,,,,,,
10206,07/25/2025 02:15:00,2.36,0.00,,,,,,
10207,07/25/2025 02:20:00,2.44,0.00,,,,,,
10208,07/25/2025 02:25:00,2.23,0.00,,,,,,
10209,07/25/2025 02:30:00,2.36,0.00,,,,,,
10210,07/25/2025 02:35:00,2.31,0.00,,,,,,
10211,07/25/2025 02:40:00,2.57,0.00,,,,,,
10212,07/25/2025 02:45:00,2.23,0.00,,,,,,
10213,07/25/2025 02:50:00,2.49,0.00,,,,,,
10214,07/25/2025 02:55:00,2.23,0.00,,,,,,
10215,07/25/2025 03:00:00,2.23,0.00,,,,,,
10216,07/25/2025 03:05:00,2.27,0.00,,,,,,
10217,07/25/2025 03:10:00,2.31,0.00,,,,,,
10218,07/25/2025 03:15:00,2.40,0.00,,,,,,
10219,07/25/2025 03:20:00,2.31,0.00,,,,,,
10220,07/25/2025 03:25:00,2.14,0.00,,,,,,
10221,07/25/2025 03:30:00,2.23,0.00,,,,,,
10222,07/25/2025 03:35:00,2.23,0.00,,,,,,
10223,07/25/2025 03:40:00,2.14,0.00,,,,,,
10224,07/25/2025 03:45:00,2.10,0.00,,,,,,
10225,07/25/2025 03:50:00,2.10,0.00,,,,,,
10226,07/25/2025 03:55:00,2.14,0.00,,,,,,
10227,07/25/2025 04:00:00,2.14,0.00,,,,,,
10228,07/25/2025 04:05:00,2.01,0.00,,,,,,
10229,07/25/2025 04:10:00,2.23,0.20,,,,,,
10230,07/25/2025 04:15:00,2.36,0.61,,,,,,
10231,07/25/2025 04:20:00,2.31,1.02,,,,,,
10232,07/25/2025 04:25:00,2.40,1.64,,,,,,
10233,07/25/2025 04:30:00,2.40,2.67,,,,,,
10234,07/25/2025 04:35:00,2.36,4.31,,,,,,
10235,07/25/2025 04:40:00,2.31,7.22,,,,,,
10236,07/25/2025 04:45:00,2.23,11.31,,,,,,
10237,07/25/2025 04:50:00,2.14,18.12,,,,,,
10238,07/25/2025 04:55:00,2.14,28.12,,,,,,
10239,07/25/2025 05:00:00,2.10,44.66,,,,,,
10240,07/25/2025 05:05:00,2.27,68.68,,,,,,
10241,07/25/2025 05:10:00,2.19,108.36,,,,,,
10242,07/25/2025 05:15:00,2.14,165.44,,,,,,
10243,07/25/2025 05:20:00,1.97,235.84,,,,,,
10244,07/25/2025 05:25:00,1.97,317.52,,,,,,
10245,07/25/2025 05:30:00,2.06,421.92,,,,,,
10246,07/25/2025 05:35:00,2.19,552.32,,,,,,
10247,07/25/2025 05:40:00,2.10,714.24,,,,,,
10248,07/25/2025 05:45:00,2.14,888.32,,,,,,
10249,07/25/2025 05:50:00,2.19,1071.68,,,,,,
10250,07/25/2025 05:55:00,2.23,1276.48,,,,,,
10251,07/25/2025 06:00:00,2.10,1493.76,,,,,,
10252,07/25/2025 06:05:00,2.10,1705.60,,,,,,
10253,07/25/2025 06:10:00,2.31,1912.96,,,,,,
10254,07/25/2025 06:15:00,2.27,2158.08,,,,,,
10255,07/25/2025 06:20:00,2.19,2448.00,,,,,,
10256,07/25/2025 06:25:00,2.31,2782.72,,,,,,
10257,07/25/2025 06:30:00,2.49,3134.72,,,,,,
10258,07/25/2025 06:35:00,2.53,3517.44,,,,,,
10259,07/25/2025 06:40:00,2.61,4049.92,,,,,,
10260,07/25/2025 06:45:00,2.61,4760.32,,,,,,
10261,07/25/2025 06:50:00,2.79,5537.28,,,,,,
10262,07/25/2025 06:55:00,3.00,6348.80,,,,,,
10263,07/25/2025 07:00:00,3.00,7065.60,,,,,,
10264,07/25/2025 07:05:00,3.13,7877.12,,,,,,
10265,07/25/2025 07:10:00,3.30,8711.68,,,,,,
10266,07/25/2025 07:15:00,3.39,9331.20,,,,,,
10267,07/25/2025 07:20:00,3.52,10304.00,,,,,,
10268,07/25/2025 07:25:00,3.69,11632.64,,,,,,
10269,07/25/2025 07:30:00,3.77,12963.84,,,,,,
10270,07/25/2025 07:35:00,3.99,14023.68,,,,,,
10271,07/25/2025 07:40:00,4.12,14576.64,,,,,,
10272,07/25/2025 07:45:00,4.29,15006.72,,,,,,
10273,07/25/2025 07:50:00,4.33,15631.36,,,,,,
10274,07/25/2025 07:55:00,4.42,16988.16,,,,,,
10275,07/25/2025 08:00:00,4.54,18201.60,,,,,,
10276,07/25/2025 08:05:00,4.76,19082.24,,,,,,
10277,07/25/2025 08:10:00,4.89,19880.96,,,,,,
10278,07/25/2025 08:15:00,5.23,21821.44,,,,,,
10279,07/25/2025 08:20:00,5.49,23234.56,,,,,,
10280,07/25/2025 08:25:00,5.79,25057.28,,,,,,
10281,07/25/2025 08:30:00,6.22,26941.44,,,,,,
10282,07/25/2025 08:35:00,6.60,29736.96,,,,,,
10283,07/25/2025 08:40:00,6.86,30453.76,,,,,,
10284,07/25/2025 08:45:00,6.90,31068.16,,,,,,
10285,07/25/2025 08:50:00,7.08,32071.68,,,,,,
10286,07/25/2025 08:55:00,7.25,33546.24,,,,,,
10287,07/25/2025 09:00:00,7.46,36167.68,,,,,,
10288,07/25/2025 09:05:00,7.76,37703.68,,,,,,
10289,07/25/2025 09:10:00,8.19,38717.44,,,,,,
10290,07/25/2025 09:15:00,8.06,38502.40,,,,,,
10291,07/25/2025 09:20:00,7.93,38348.80,,,,,,
10292,07/25/2025 09:25:00,8.11,39219.20,,,,,,
10293,07/25/2025 09:30:00,8.28,40427.52,,,,,,
10294,07/25/2025 09:35:00,8.41,41379.84,,,,,,
10295,07/25/2025 09:40:00,8.49,41256.96,,,,,,
10296,07/25/2025 09:45:00,8.66,40919.04,,,,,,
10297,07/25/2025 09:50:00,8.96,42209.28,,,,,,
10298,07/25/2025 09:55:00,9.35,44236.80,,,,,,
10299,07/25/2025 10:00:00,9.91,44892.16,,,,,,
10300,07/25/2025 10:05:00,10.12,46305.28,,,,,,
10301,07/25/2025 10:10:00,10.29,46694.40,,,,,,
10302,07/25/2025 10:15:00,10.59,46940.16,,,,,,
10303,07/25/2025 10:20:00,10.89,48414.72,,,,,,
10304,07/25/2025 10:25:00,11.49,52101.12,,,,,,
10305,07/25/2025 10:30:00,12.31,55541.76,,,,,,
10306,07/25/2025 10:35:00,13.21,56012.80,,,,,,
10307,07/25/2025 10:40:00,13.68,57487.36,,,,,,
10308,07/25/2025 10:45:00,14.84,61644.80,,,,,,
10309,07/25/2025 10:50:00,15.78,64983.04,,,,,,
10310,07/25/2025 10:55:00,15.91,65515.52,,,,,,
10311,07/25/2025 11:00:00,16.13,63569.92,,,,,,
10312,07/25/2025 11:05:00,16.21,63877.12,,,,,,
10313,07/25/2025 11:10:00,15.48,66273.28,,,,,,
10314,07/25/2025 11:15:00,15.66,72826.88,,,,,,
10315,07/25/2025 11:20:00,16.26,76718.08,,,,,,
10316,07/25/2025 11:25:00,17.59,79360.00,,,,,,
10317,07/25/2025 11:30:00,17.54,72806.40,,,,,,
10318,07/25/2025 11:35:00,17.46,77455.36,,,,,,
10319,07/25/2025 11:40:00,18.06,76759.04,,,,,,
10320,07/25/2025 11:45:00,17.54,70819.84,,,,,,
10321,07/25/2025 11:50:00,17.50,74096.64,,,,,,
10322,07/25/2025 11:55:00,17.50,75714.56,,,,,,
10323,07/25/2025 12:00:00,17.80,77824.00,,,,,,
10324,07/25/2025 12:05:00,18.79,78049.28,,,,,,
10325,07/25/2025 12:10:00,19.39,77537.28,,,,,,
10326,07/25/2025 12:15:00,19.99,76984.32,,,,,,
10327,07/25/2025 12:20:00,19.39,76677.12,,,,,,
10328,07/25/2025 12:25:00,18.02,78725.12,,,,,,
10329,07/25/2025 12:30:00,17.46,82964.48,,,,,,
10330,07/25/2025 12:35:00,18.27,86384.64,,,,,,
10331,07/25/2025 12:40:00,18.49,83271.68,,,,,,
10332,07/25/2025 12:45:00,18.36,85073.92,,,,,,
10333,07/25/2025 12:50:00,19.13,89579.52,,,,,,
10334,07/25/2025 12:55:00,21.02,97157.12,,,,,,
10335,07/25/2025 13:00:00,22.69,95068.16,,,,,,
10336,07/25/2025 13:05:00,20.68,82575.36,,,,,,
10337,07/25/2025 13:10:00,18.79,77250.56,,,,,,
10338,07/25/2025 13:15:00,17.63,79441.92,,,,,,
10339,07/25/2025 13:20:00,17.29,83599.36,,,,,,
10340,07/25/2025 13:25:00,17.29,88473.60,,,,,,
10341,07/25/2025 13:30:00,17.76,85196.80,,,,,,
10342,07/25/2025 13:35:00,15.74,82411.52,,,,,,
10343,07/25/2025 13:40:00,15.18,82145.28,,,,,,
10344,07/25/2025 13:45:00,16.30,89661.44,,,,,,
10345,07/25/2025 13:50:00,17.97,89866.24,,,,,,
10346,07/25/2025 13:55:00,19.99,88473.60,,,,,,
10347,07/25/2025 14:00:00,20.12,82575.36,,,,,,
10348,07/25/2025 14:05:00,20.46,81858.56,,,,,,
10349,07/25/2025 14:10:00,21.23,84582.40,,,,,,
10350,07/25/2025 14:15:00,22.13,84664.32,,,,,,
10351,07/25/2025 14:20:00,23.42,87408.64,,,,,,
10352,07/25/2025 14:25:00,24.58,92446.72,,,,,,
10353,07/25/2025 14:30:00,25.31,91914.24,,,,,,
10354,07/25/2025 14:35:00,23.38,80588.80,,,,,,
10355,07/25/2025 14:40:00,21.36,77312.00,,,,,,
10356,07/25/2025 14:45:00,20.37,74792.96,,,,,,
10357,07/25/2025 14:50:00,19.09,67829.76,,,,,,
10358,07/25/2025 14:55:00,17.72,60743.68,,,,,,
10359,07/25/2025 15:00:00,16.69,64307.20,,,,,,
10360,07/25/2025 15:05:00,17.46,78786.56,,,,,,
10361,07/25/2025 15:10:00,18.87,86097.92,,,,,,
10362,07/25/2025 15:15:00,19.86,92160.00,,,,,,
10363,07/25/2025 15:20:00,22.43,111534.08,,,,,,
10364,07/25/2025 15:25:00,26.47,113664.00,,,,,,
10365,07/25/2025 15:30:00,26.47,104980.48,,,,,,
10366,07/25/2025 15:35:00,24.92,91258.88,,,,,,
10367,07/25/2025 15:40:00,24.45,93388.80,,,,,,
10368,07/25/2025 15:45:00,22.39,88514.56,,,,,,
10369,07/25/2025 15:50:00,21.19,86835.20,,,,,,
10370,07/25/2025 15:55:00,19.82,83087.36,,,,,,
10371,07/25/2025 16:00:00,18.96,80302.08,,,,,,
10372,07/25/2025 16:05:00,17.97,76677.12,,,,,,
10373,07/25/2025 16:10:00,16.81,76615.68,,,,,,
10374,07/25/2025 16:15:00,16.04,69017.60,,,,,,
10375,07/25/2025 16:20:00,15.31,64512.00,,,,,,
10376,07/25/2025 16:25:00,15.48,69877.76,,,,,,
10377,07/25/2025 16:30:00,15.87,71639.04,,,,,,
10378,07/25/2025 16:35:00,16.73,66908.16,,,,,,
10379,07/25/2025 16:40:00,16.34,61726.72,,,,,,
10380,07/25/2025 16:45:00,17.67,75038.72,,,,,,
10381,07/25/2025 16:50:00,17.50,71884.80,,,,,,
10382,07/25/2025 16:55:00,17.24,75530.24,,,,,,
10383,07/25/2025 17:00:00,16.81,67174.40,,,,,,
10384,07/25/2025 17:05:00,16.08,68177.92,,,,,,
10385,07/25/2025 17:10:00,15.96,72704.00,,,,,,
10386,07/25/2025 17:15:00,16.00,64798.72,,,,,,
10387,07/25/2025 17:20:00,15.78,74117.12,,,,,,
10388,07/25/2025 17:25:00,14.41,54558.72,,,,,,
10389,07/25/2025 17:30:00,15.57,62689.28,,,,,,
10390,07/25/2025 17:35:00,14.75,62873.60,,,,,,
10391,07/25/2025 17:40:00,13.68,61091.84,,,,,,
10392,07/25/2025 17:45:00,12.44,47144.96,,,,,,
10393,07/25/2025 17:50:00,11.79,49909.76,,,,,,
10394,07/25/2025 17:55:00,13.47,59596.80,,,,,,
10395,07/25/2025 18:00:00,12.57,44503.04,,,,,,
10396,07/25/2025 18:05:00,11.37,42086.40,,,,,,
10397,07/25/2025 18:10:00,11.19,43233.28,,,,,,
10398,07/25/2025 18:15:00,12.82,56504.32,,,,,,
10399,07/25/2025 18:20:00,13.90,41472.00,,,,,,
10400,07/25/2025 18:25:00,11.71,33781.76,,,,,,
10401,07/25/2025 18:30:00,11.37,41472.00,,,,,,
10402,07/25/2025 18:35:00,9.86,33402.88,,,,,,
10403,07/25/2025 18:40:00,9.01,31354.88,,,,,,
10404,07/25/2025 18:45:00,8.49,30402.56,,,,,,
10405,07/25/2025 18:50:00,9.14,37304.32,,,,,,
10406,07/25/2025 18:55:00,9.86,36771.84,,,,,,
10407,07/25/2025 19:00:00,9.69,31426.56,,,,,,
10408,07/25/2025 19:05:00,8.75,28067.84,,,,,,
10409,07/25/2025 19:10:00,7.93,30269.44,,,,,,
10410,07/25/2025 19:15:00,7.63,26347.52,,,,,,
10411,07/25/2025 19:20:00,6.73,23592.96,,,,,,
10412,07/25/2025 19:25:00,6.73,26849.28,,,,,,
10413,07/25/2025 19:30:00,7.12,26275.84,,,,,,
10414,07/25/2025 19:35:00,6.90,22947.84,,,,,,
10415,07/25/2025 19:40:00,6.39,22005.76,,,,,,
10416,07/25/2025 19:45:00,6.90,25006.08,,,,,,
10417,07/25/2025 19:50:00,6.90,23695.36,,,,,,
10418,07/25/2025 19:55:00,7.68,26552.32,,,,,,
10419,07/25/2025 20:00:00,7.63,24442.88,,,,,,
10420,07/25/2025 20:05:00,7.46,22794.24,,,,,,
10421,07/25/2025 20:10:00,7.76,22425.60,,,,,,
10422,07/25/2025 20:15:00,7.72,19906.56,,,,,,
10423,07/25/2025 20:20:00,7.20,18759.68,,,,,,
10424,07/25/2025 20:25:00,6.73,15738.88,,,,,,
10425,07/25/2025 20:30:00,6.69,17541.12,,,,,,
10426,07/25/2025 20:35:00,6.82,16378.88,,,,,,
10427,07/25/2025 20:40:00,6.43,13286.40,,,,,,
10428,07/25/2025 20:45:00,6.05,12339.20,,,,,,
10429,07/25/2025 20:50:00,5.49,11315.20,,,,,,
10430,07/25/2025 20:55:00,5.02,10224.64,,,,,,
10431,07/25/2025 21:00:00,4.76,9456.64,,,,,,
10432,07/25/2025 21:05:00,4.72,8376.32,,,,,,
10433,07/25/2025 21:10:00,4.54,8291.84,,,,,,
10434,07/25/2025 21:15:00,4.29,7710.72,,,,,,
10435,07/25/2025 21:20:00,4.20,6251.52,,,,,,
10436,07/25/2025 21:25:00,3.69,5836.80,,,,,,
10437,07/25/2025 21:30:00,3.47,5414.40,,,,,,
10438,07/25/2025 21:35:00,3.21,4780.80,,,,,,
10439,07/25/2025 21:40:00,2.96,3970.56,,,,,,
10440,07/25/2025 21:45:00,2.83,3934.72,,,,,,
10441,07/25/2025 21:50:00,2.91,3334.40,,,,,,
10442,07/25/2025 21:55:00,2.87,2831.36,,,,,,
10443,07/25/2025 22:00:00,2.74,2521.60,,,,,,
10444,07/25/2025 22:05:00,2.57,2169.60,,,,,,
10445,07/25/2025 22:10:00,2.44,1733.76,,,,,,
10446,07/25/2025 22:15:00,2.44,1434.88,,,,,,
10447,07/25/2025 22:20:00,2.57,1122.56,,,,,,
10448,07/25/2025 22:25:00,2.36,883.20,,,,,,
10449,07/25/2025 22:30:00,2.31,686.72,,,,,,
10450,07/25/2025 22:35:00,2.27,505.44,,,,,,
10451,07/25/2025 22:40:00,2.36,352.48,,,,,,
10452,07/25/2025 22:45:00,2.19,250.64,,,,,,
10453,07/25/2025 22:50:00,2.19,168.00,,,,,,
10454,07/25/2025 22:55:00,2.19,112.48,,,,,,
10455,07/25/2025 23:00:00,2.19,73.62,,,,,,
10456,07/25/2025 23:05:00,2.36,45.08,,,,,,
10457,07/25/2025 23:10:00,2.23,28.53,,,,,,
10458,07/25/2025 23:15:00,2.14,18.35,,,,,,
10459,07/25/2025 23:20:00,2.10,12.33,,,,,,
10460,07/25/2025 23:25:00,2.06,7.42,,,,,,
10461,07/25/2025 23:30:00,1.93,5.14,,,,,,
10462,07/25/2025 23:35:00,1.88,3.08,,,,,,
10463,07/25/2025 23:40:00,2.31,2.26,,,,,,
10464,07/25/2025 23:45:00,2.19,1.43,,,,,,
10465,07/25/2025 23:50:00,2.01,0.82,,,,,,
10466,07/25/2025 23:55:00,1.93,0.41,,,,,,
10467,07/26/2025 00:00:00,1.97,0.20,,,,,,
10468,07/26/2025 00:05:00,1.93,0.00,,,,,,
10469,07/26/2025 00:10:00,2.01,0.00,,,,,,
10470,07/26/2025 00:15:00,1.88,0.00,,,,,,
10471,07/26/2025 00:20:00,1.97,0.00,,,,,,
10472,07/26/2025 00:25:00,1.76,0.00,,,,,,
10473,07/26/2025 00:30:00,1.80,0.00,,,,,,
10474,07/26/2025 00:35:00,1.71,0.00,,,,,,
10475,07/26/2025 00:40:00,1.54,0.00,,,,,,
10476,07/26/2025 00:45:00,1.67,0.00,,,,,,
10477,07/26/2025 00:50:00,1.41,0.00,,,,,,
10478,07/26/2025 00:55:00,1.20,0.00,,,,,,
10479,07/26/2025 01:00:00,1.24,0.00,,,,,,
10480,07/26/2025 01:05:00,1.16,0.00,,,,,,
10481,07/26/2025 01:10:00,0.90,0.00,,,,,,
10482,07/26/2025 01:15:00,1.07,0.00,,,,,,
10483,07/26/2025 01:20:00,1.03,0.00,,,,,,
10484,07/26/2025 01:25:00,0.81,0.00,,,,,,
10485,07/26/2025 01:30:00,0.55,0.00,,,,,,
10486,07/26/2025 01:35:00,0.64,0.00,,,,,,
10487,07/26/2025 01:40:00,0.60,0.00,,,,,,
10488,07/26/2025 01:45:00,0.60,0.41,,,,,,
10489,07/26/2025 01:50:00,0.68,0.00,,,,,,
10490,07/26/2025 01:55:00,0.81,0.00,,,,,,
10491,07/26/2025 02:00:00,1.24,0.41,,,,,,
10492,07/26/2025 02:05:00,1.33,0.00,,,,,,
10493,07/26/2025 02:10:00,1.28,0.00,,,,,,
10494,07/26/2025 02:15:00,1.03,0.00,,,,,,
10495,07/26/2025 02:20:00,1.07,0.00,,,,,,
10496,07/26/2025 02:25:00,1.07,0.00,,,,,,
10497,07/26/2025 02:30:00,1.11,0.00,,,,,,
10498,07/26/2025 02:35:00,1.11,0.00,,,,,,
10499,07/26/2025 02:40:00,1.20,0.00,,,,,,
10500,07/26/2025 02:45:00,1.20,0.00,,,,,,
10501,07/26/2025 02:50:00,1.24,0.00,,,,,,
10502,07/26/2025 02:55:00,1.37,0.00,,,,,,
10503,07/26/2025 03:00:00,1.46,0.00,,,,,,
10504,07/26/2025 03:05:00,1.50,0.00,,,,,,
10505,07/26/2025 03:10:00,1.54,0.00,,,,,,
10506,07/26/2025 03:15:00,1.54,0.00,,,,,,
10507,07/26/2025 03:20:00,1.58,0.00,,,,,,
10508,07/26/2025 03:25:00,1.41,0.00,,,,,,
10509,07/26/2025 03:30:00,1.41,0.00,,,,,,
10510,07/26/2025 03:35:00,1.11,0.00,,,,,,
10511,07/26/2025 03:40:00,0.94,0.00,,,,,,
10512,07/26/2025 03:45:00,1.07,0.00,,,,,,
10513,07/26/2025 03:50:00,0.98,0.00,,,,,,
10514,07/26/2025 03:55:00,0.73,0.00,,,,,,
10515,07/26/2025 04:00:00,0.34,0.20,,,,,,
10516,07/26/2025 04:05:00,-0.09,0.41,,,,,,
10517,07/26/2025 04:10:00,-0.47,0.82,,,,,,
10518,07/26/2025 04:15:00,-0.56,1.43,,,,,,
10519,07/26/2025 04:20:00,-0.43,2.05,,,,,,
10520,07/26/2025 04:25:00,-0.39,3.08,,,,,,
10521,07/26/2025 04:30:00,0.08,4.73,,,,,,
10522,07/26/2025 04:35:00,0.04,7.19,,,,,,
10523,07/26/2025 04:40:00,0.17,11.10,,,,,,
10524,07/26/2025 04:45:00,0.68,16.47,,,,,,
10525,07/26/2025 04:50:00,0.77,24.42,,,,,,
10526,07/26/2025 04:55:00,0.55,39.28,,,,,,
10527,07/26/2025 05:00:00,0.77,62.82,,,,,,
10528,07/26/2025 05:05:00,0.38,98.48,,,,,,
10529,07/26/2025 05:10:00,0.17,159.16,,,,,,
10530,07/26/2025 05:15:00,0.13,246.96,,,,,,
10531,07/26/2025 05:20:00,0.38,347.84,,,,,,
10532,07/26/2025 05:25:00,0.55,500.00,,,,,,
10533,07/26/2025 05:30:00,0.81,721.28,,,,,,
10534,07/26/2025 05:35:00,0.94,976.32,,,,,,
10535,07/26/2025 05:40:00,1.11,1280.00,,,,,,
10536,07/26/2025 05:45:00,1.11,1628.16,,,,,,
10537,07/26/2025 05:50:00,1.33,2376.96,,,,,,
10538,07/26/2025 05:55:00,1.93,3284.48,,,,,,
10539,07/26/2025 06:00:00,2.36,4184.32,,,,,,
10540,07/26/2025 06:05:00,2.83,5355.52,,,,,,
10541,07/26/2025 06:10:00,3.56,6471.68,,,,,,
10542,07/26/2025 06:15:00,3.60,5762.56,,,,,,
10543,07/26/2025 06:20:00,2.79,5317.12,,,,,,
10544,07/26/2025 06:25:00,2.96,7882.24,,,,,,
10545,07/26/2025 06:30:00,4.42,11658.24,,,,,,
10546,07/26/2025 06:35:00,5.40,12979.20,,,,,,
10547,07/26/2025 06:40:00,6.13,13977.60,,,,,,
10548,07/26/2025 06:45:00,6.05,15482.88,,,,,,
10549,07/26/2025 06:50:00,6.78,16660.48,,,,,,
10550,07/26/2025 06:55:00,7.46,18421.76,,,,,,
10551,07/26/2025 07:00:00,7.98,19650.56,,,,,,
10552,07/26/2025 07:05:00,8.53,21176.32,,,,,,
10553,07/26/2025 07:10:00,9.05,22958.08,,,,,,
10554,07/26/2025 07:15:00,8.92,24227.84,,,,,,
10555,07/26/2025 07:20:00,8.88,24862.72,,,,,,
10556,07/26/2025 07:25:00,9.35,27955.20,,,,,,
10557,07/26/2025 07:30:00,7.81,17233.92,,,,,,
10558,07/26/2025 07:35:00,6.43,17930.24,,,,,,
10559,07/26/2025 07:40:00,6.09,17208.32,,,,,,
10560,07/26/2025 07:45:00,5.15,14120.96,,,,,,
10561,07/26/2025 07:50:00,6.17,33607.68,,,,,,
10562,07/26/2025 07:55:00,10.42,35870.72,,,,,,
10563,07/26/2025 08:00:00,12.95,38932.48,,,,,,
10564,07/26/2025 08:05:00,14.45,38860.80,,,,,,
10565,07/26/2025 08:10:00,15.01,39925.76,,,,,,
10566,07/26/2025 08:15:00,15.87,41246.72,,,,,,
10567,07/26/2025 08:20:00,16.13,42557.44,,,,,,
10568,07/26/2025 08:25:00,16.94,43970.56,,,,,,
10569,07/26/2025 08:30:00,18.49,45056.00,,,,,,
10570,07/26/2025 08:35:00,17.16,46161.92,,,,,,
10571,07/26/2025 08:40:00,15.96,47329.28,,,,,,
10572,07/26/2025 08:45:00,15.48,48578.56,,,,,,
10573,07/26/2025 08:50:00,16.17,49868.80,,,,,,
10574,07/26/2025 08:55:00,16.86,51179.52,,,,,,
10575,07/26/2025 09:00:00,17.46,52326.40,,,,,,
10576,07/26/2025 09:05:00,19.26,53329.92,,,,,,
10577,07/26/2025 09:10:00,21.02,54394.88,,,,,,
10578,07/26/2025 09:15:00,23.42,55418.88,,,,,,
10579,07/26/2025 09:20:00,26.30,56197.12,,,,,,
10580,07/26/2025 09:25:00,25.27,56852.48,,,,,,
10581,07/26/2025 09:30:00,22.52,58634.24,,,,,,
10582,07/26/2025 09:35:00,20.76,59596.80,,,,,,
10583,07/26/2025 09:40:00,19.73,60989.44,,,,,,
10584,07/26/2025 09:45:00,19.90,62300.16,,,,,,
10585,07/26/2025 09:50:00,19.73,62853.12,,,,,,
10586,07/26/2025 09:55:00,20.63,64225.28,,,,,,
10587,07/26/2025 10:00:00,20.89,65556.48,,,,,,
10588,07/26/2025 10:05:00,22.18,66805.76,,,,,,
10589,07/26/2025 10:10:00,22.56,67686.40,,,,,,
10590,07/26/2025 10:15:00,22.56,68648.96,,,,,,
10591,07/26/2025 10:20:00,21.49,70021.12,,,,,,
10592,07/26/2025 10:25:00,20.89,71004.16,,,,,,
10593,07/26/2025 10:30:00,19.86,72151.04,,,,,,
10594,07/26/2025 10:35:00,19.73,73277.44,,,,,,
10595,07/26/2025 10:40:00,19.65,74280.96,,,,,,
10596,07/26/2025 10:45:00,19.95,75141.12,,,,,,
10597,07/26/2025 10:50:00,20.50,75898.88,,,,,,
10598,07/26/2025 10:55:00,20.89,76800.00,,,,,,
10599,07/26/2025 11:00:00,21.15,77455.36,,,,,,
10600,07/26/2025 11:05:00,21.23,78274.56,,,,,,
10601,07/26/2025 11:10:00,21.36,79196.16,,,,,,
10602,07/26/2025 11:15:00,21.79,79626.24,,,,,,
10603,07/26/2025 11:20:00,21.58,80302.08,,,,,,
10604,07/26/2025 11:25:00,20.98,80814.08,,,,,,
10605,07/26/2025 11:30:00,21.28,81305.60,,,,,,
10606,07/26/2025 11:35:00,21.36,81674.24,,,,,,
10607,07/26/2025 11:40:00,21.40,82595.84,,,,,,
10608,07/26/2025 11:45:00,21.75,83271.68,,,,,,
10609,07/26/2025 11:50:00,21.79,83783.68,,,,,,
10610,07/26/2025 11:55:00,21.40,84418.56,,,,,,
10611,07/26/2025 12:00:00,22.01,85073.92,,,,,,
10612,07/26/2025 12:05:00,22.48,85360.64,,,,,,
10613,07/26/2025 12:10:00,23.25,85688.32,,,,,,
10614,07/26/2025 12:15:00,23.46,85934.08,,,,,,
10615,07/26/2025 12:20:00,23.25,86384.64,,,,,,
10616,07/26/2025 12:25:00,22.99,86630.40,,,,,,
10617,07/26/2025 12:30:00,23.03,87040.00,,,,,,
10618,07/26/2025 12:35:00,23.85,87285.76,,,,,,
10619,07/26/2025 12:40:00,24.06,87695.36,,,,,,
10620,07/26/2025 12:45:00,25.27,87736.32,,,,,,
10621,07/26/2025 12:50:00,24.88,88186.88,,,,,,
10622,07/26/2025 12:55:00,24.66,88432.64,,,,,,
10623,07/26/2025 13:00:00,24.97,88760.32,,,,,,
10624,07/26/2025 13:05:00,26.60,89006.08,,,,,,
10625,07/26/2025 13:10:00,28.18,90603.52,,,,,,
10626,07/26/2025 13:15:00,28.18,90398.72,,,,,,
10627,07/26/2025 13:20:00,28.95,90439.68,,,,,,
10628,07/26/2025 13:25:00,28.35,90234.88,,,,,,
10629,07/26/2025 13:30:00,28.44,89948.16,,,,,,
10630,07/26/2025 13:35:00,28.87,89620.48,,,,,,
10631,07/26/2025 13:40:00,29.51,89047.04,,,,,,
10632,07/26/2025 13:45:00,30.76,88842.24,,,,,,
10633,07/26/2025 13:50:00,31.61,88678.40,,,,,,
10634,07/26/2025 13:55:00,31.44,88678.40,,,,,,
10635,07/26/2025 14:00:00,31.61,88678.40,,,,,,
10636,07/26/2025 14:05:00,31.70,88350.72,,,,,,
10637,07/26/2025 14:10:00,31.44,88023.04,,,,,,
10638,07/26/2025 14:15:00,29.86,87695.36,,,,,,
10639,07/26/2025 14:20:00,27.28,88924.16,,,,,,
10640,07/26/2025 14:25:00,25.78,86589.44,,,,,,
10641,07/26/2025 14:30:00,26.90,86261.76,,,,,,
10642,07/26/2025 14:35:00,29.21,85688.32,,,,,,
10643,07/26/2025 14:40:00,29.81,85360.64,,,,,,
10644,07/26/2025 14:45:00,30.97,84992.00,,,,,,
10645,07/26/2025 14:50:00,30.11,84787.20,,,,,,
10646,07/26/2025 14:55:00,28.61,84418.56,,,,,,
10647,07/26/2025 15:00:00,28.31,83845.12,,,,,,
10648,07/26/2025 15:05:00,28.18,83517.44,,,,,,
10649,07/26/2025 15:10:00,27.67,82903.04,,,,,,
10650,07/26/2025 15:15:00,25.99,82145.28,,,,,,
10651,07/26/2025 15:20:00,25.57,81489.92,,,,,,
10652,07/26/2025 15:25:00,25.52,80732.16,,,,,,
10653,07/26/2025 15:30:00,24.49,80035.84,,,,,,
10654,07/26/2025 15:35:00,24.66,79380.48,,,,,,
10655,07/26/2025 15:40:00,23.76,78848.00,,,,,,
10656,07/26/2025 15:45:00,23.12,78254.08,,,,,,
10657,07/26/2025 15:50:00,22.82,77619.20,,,,,,
10658,07/26/2025 15:55:00,22.95,77066.24,,,,,,
10659,07/26/2025 16:00:00,23.16,76533.76,,,,,,
10660,07/26/2025 16:05:00,23.64,76062.72,,,,,,
10661,07/26/2025 16:10:00,22.56,75591.68,,,,,,
10662,07/26/2025 16:15:00,22.26,75325.44,,,,,,
10663,07/26/2025 16:20:00,22.31,75120.64,,,,,,
10664,07/26/2025 16:25:00,22.09,75018.24,,,,,,
10665,07/26/2025 16:30:00,22.43,74854.40,,,,,,
10666,07/26/2025 16:35:00,21.88,74956.80,,,,,,
10667,07/26/2025 16:40:00,21.23,75202.56,,,,,,
10668,07/26/2025 16:45:00,20.80,75673.60,,,,,,
10669,07/26/2025 16:50:00,20.63,76144.64,,,,,,
10670,07/26/2025 16:55:00,19.90,76943.36,,,,,,
10671,07/26/2025 17:00:00,19.82,78069.76,,,,,,
10672,07/26/2025 17:05:00,20.07,78663.68,,,,,,
10673,07/26/2025 17:10:00,20.20,78848.00,,,,,,
10674,07/26/2025 17:15:00,20.68,78110.72,,,,,,
10675,07/26/2025 17:20:00,21.02,76636.16,,,,,,
10676,07/26/2025 17:25:00,21.19,74670.08,,,,,,
10677,07/26/2025 17:30:00,21.02,72560.64,,,,,,
10678,07/26/2025 17:35:00,20.46,70164.48,,,,,,
10679,07/26/2025 17:40:00,19.99,68034.56,,,,,,
10680,07/26/2025 17:45:00,19.05,65740.80,,,,,,
10681,07/26/2025 17:50:00,18.40,63774.72,,,,,,
10682,07/26/2025 17:55:00,18.19,61829.12,,,,,,
10683,07/26/2025 18:00:00,18.14,60088.32,,,,,,
10684,07/26/2025 18:05:00,18.02,58531.84,,,,,,
10685,07/26/2025 18:10:00,16.90,57077.76,,,,,,
10686,07/26/2025 18:15:00,16.39,55910.40,,,,,,
10687,07/26/2025 18:20:00,16.43,54681.60,,,,,,
10688,07/26/2025 18:25:00,16.00,53616.64,,,,,,
10689,07/26/2025 18:30:00,15.87,52551.68,,,,,,
10690,07/26/2025 18:35:00,16.26,51548.16,,,,,,
10691,07/26/2025 18:40:00,16.69,50749.44,,,,,,
10692,07/26/2025 18:45:00,16.69,49438.72,,,,,,
10693,07/26/2025 18:50:00,16.69,48496.64,,,,,,
10694,07/26/2025 18:55:00,16.99,47493.12,,,,,,
10695,07/26/2025 19:00:00,17.07,46612.48,,,,,,
10696,07/26/2025 19:05:00,16.77,45752.32,,,,,,
10697,07/26/2025 19:10:00,16.17,45096.96,,,,,,
10698,07/26/2025 19:15:00,15.44,44277.76,,,,,,
10699,07/26/2025 19:20:00,14.45,43704.32,,,,,,
10700,07/26/2025 19:25:00,13.68,42905.60,,,,,,
10701,07/26/2025 19:30:00,13.08,41840.64,,,,,,
10702,07/26/2025 19:35:00,12.95,40550.40,,,,,,
10703,07/26/2025 19:40:00,12.65,39280.64,,,,,,
10704,07/26/2025 19:45:00,12.40,37652.48,,,,,,
10705,07/26/2025 19:50:00,12.01,35850.24,,,,,,
10706,07/26/2025 19:55:00,11.71,34273.28,,,,,,
10707,07/26/2025 20:00:00,11.54,32675.84,,,,,,
10708,07/26/2025 20:05:00,11.28,31098.88,,,,,,
10709,07/26/2025 20:10:00,11.24,29890.56,,,,,,
10710,07/26/2025 20:15:00,10.98,28692.48,,,,,,
10711,07/26/2025 20:20:00,10.94,27658.24,,,,,,
10712,07/26/2025 20:25:00,10.68,26603.52,,,,,,
10713,07/26/2025 20:30:00,10.55,25466.88,,,,,,
10714,07/26/2025 20:35:00,10.46,24309.76,,,,,,
10715,07/26/2025 20:40:00,10.89,23183.36,,,,,,
10716,07/26/2025 20:45:00,10.81,21975.04,,,,,,
10717,07/26/2025 20:50:00,10.38,20761.60,,,,,,
10718,07/26/2025 20:55:00,10.08,19732.48,,,,,,
10719,07/26/2025 21:00:00,9.82,18805.76,,,,,,
10720,07/26/2025 21:05:00,9.48,17838.08,,,,,,
10721,07/26/2025 21:10:00,9.26,16819.20,,,,,,
10722,07/26/2025 21:15:00,8.88,15733.76,,,,,,
10723,07/26/2025 21:20:00,8.88,14576.64,,,,,,
10724,07/26/2025 21:25:00,8.58,13404.16,,,,,,
10725,07/26/2025 21:30:00,8.23,12185.60,,,,,,
10726,07/26/2025 21:35:00,7.85,10926.08,,,,,,
10727,07/26/2025 21:40:00,7.55,9712.64,,,,,,
10728,07/26/2025 21:45:00,7.16,8593.92,,,,,,
10729,07/26/2025 21:50:00,6.73,7441.92,,,,,,
10730,07/26/2025 21:55:00,6.39,6384.64,,,,,,
10731,07/26/2025 22:00:00,4.89,2878.72,,,,,,
10732,07/26/2025 22:05:00,3.82,2483.84,,,,,,
10733,07/26/2025 22:10:00,3.43,2102.40,,,,,,
10734,07/26/2025 22:15:00,3.30,1747.20,,,,,,
10735,07/26/2025 22:20:00,3.26,1407.36,,,,,,
10736,07/26/2025 22:25:00,2.10,1105.60,,,,,,
10737,07/26/2025 22:30:00,2.74,839.04,,,,,,
10738,07/26/2025 22:35:00,3.34,617.28,,,,,,
10739,07/26/2025 22:40:00,3.30,433.92,,,,,,
10740,07/26/2025 22:45:00,3.21,296.32,,,,,,
10741,07/26/2025 22:50:00,3.17,196.16,,,,,,
10742,07/26/2025 22:55:00,3.13,128.20,,,,,,
10743,07/26/2025 23:00:00,3.09,82.76,,,,,,
10744,07/26/2025 23:05:00,2.31,50.48,,,,,,
10745,07/26/2025 23:10:00,2.40,30.64,,,,,,
10746,07/26/2025 23:15:00,2.10,19.79,,,,,,
10747,07/26/2025 23:20:00,0.98,12.75,,,,,,
10748,07/26/2025 23:25:00,0.81,8.02,,,,,,
10749,07/26/2025 23:30:00,0.60,5.34,,,,,,
10750,07/26/2025 23:35:00,0.60,3.29,,,,,,
10751,07/26/2025 23:40:00,1.03,2.05,,,,,,
10752,07/26/2025 23:45:00,1.11,1.23,,,,,,
10753,07/26/2025 23:50:00,1.46,0.61,,,,,,
10754,07/26/2025 23:55:00,1.46,0.41,,,,,,
10755,07/27/2025 00:00:00,1.71,0.20,,,,,,
10756,07/27/2025 00:05:00,1.88,0.00,,,,,,
10757,07/27/2025 00:10:00,1.97,0.00,,,,,,
10758,07/27/2025 00:15:00,2.23,0.00,,,,,,
10759,07/27/2025 00:20:00,2.14,0.00,,,,,,
10760,07/27/2025 00:25:00,2.01,0.00,,,,,,
10761,07/27/2025 00:30:00,1.93,0.00,,,,,,
10762,07/27/2025 00:35:00,2.10,0.00,,,,,,
10763,07/27/2025 00:40:00,2.44,0.00,,,,,,
10764,07/27/2025 00:45:00,2.40,0.00,,,,,,
10765,07/27/2025 00:50:00,2.36,0.00,,,,,,
10766,07/27/2025 00:55:00,2.40,0.00,,,,,,
10767,07/27/2025 01:00:00,3.17,0.00,,,,,,
10768,07/27/2025 01:05:00,3.52,0.00,,,,,,
10769,07/27/2025 01:10:00,2.79,0.00,,,,,,
10770,07/27/2025 01:15:00,2.40,0.00,,,,,,
10771,07/27/2025 01:20:00,2.19,0.00,,,,,,
10772,07/27/2025 01:25:00,2.06,0.00,,,,,,
10773,07/27/2025 01:30:00,2.10,0.00,,,,,,
10774,07/27/2025 01:35:00,2.36,0.00,,,,,,
10775,07/27/2025 01:40:00,2.31,0.00,,,,,,
10776,07/27/2025 01:45:00,2.31,0.00,,,,,,
10777,07/27/2025 01:50:00,2.19,0.00,,,,,,
10778,07/27/2025 01:55:00,2.01,0.00,,,,,,
10779,07/27/2025 02:00:00,1.93,0.00,,,,,,
10780,07/27/2025 02:05:00,1.76,0.00,,,,,,
10781,07/27/2025 02:10:00,1.67,0.00,,,,,,
10782,07/27/2025 02:15:00,1.67,0.00,,,,,,
10783,07/27/2025 02:20:00,2.14,0.00,,,,,,
10784,07/27/2025 02:25:00,2.36,0.00,,,,,,
10785,07/27/2025 02:30:00,2.53,0.00,,,,,,
10786,07/27/2025 02:35:00,2.70,0.00,,,,,,
10787,07/27/2025 02:40:00,2.79,0.00,,,,,,
10788,07/27/2025 02:45:00,2.87,0.00,,,,,,
10789,07/27/2025 02:50:00,2.87,0.00,,,,,,
10790,07/27/2025 02:55:00,3.00,0.00,,,,,,
10791,07/27/2025 03:00:00,3.30,0.20,,,,,,
10792,07/27/2025 03:05:00,3.39,0.00,,,,,,
10793,07/27/2025 03:10:00,3.52,0.00,,,,,,
10794,07/27/2025 03:15:00,3.17,0.00,,,,,,
10795,07/27/2025 03:20:00,3.26,0.00,,,,,,
10796,07/27/2025 03:25:00,3.21,0.00,,,,,,
10797,07/27/2025 03:30:00,3.34,0.00,,,,,,
10798,07/27/2025 03:35:00,3.26,0.00,,,,,,
10799,07/27/2025 03:40:00,3.26,0.00,,,,,,
10800,07/27/2025 03:45:00,3.00,0.00,,,,,,
10801,07/27/2025 03:50:00,2.74,0.00,,,,,,
10802,07/27/2025 03:55:00,2.61,0.00,,,,,,
10803,07/27/2025 04:00:00,2.57,0.00,,,,,,
10804,07/27/2025 04:05:00,2.70,0.00,,,,,,
10805,07/27/2025 04:10:00,2.66,0.20,,,,,,
10806,07/27/2025 04:15:00,3.00,0.20,,,,,,
10807,07/27/2025 04:20:00,3.00,0.82,,,,,,
10808,07/27/2025 04:25:00,2.91,1.23,,,,,,
10809,07/27/2025 04:30:00,2.79,2.05,,,,,,
10810,07/27/2025 04:35:00,3.17,3.70,,,,,,
10811,07/27/2025 04:40:00,2.96,5.78,,,,,,
10812,07/27/2025 04:45:00,2.91,9.28,,,,,,
10813,07/27/2025 04:50:00,3.04,14.42,,,,,,
10814,07/27/2025 04:55:00,3.39,23.49,,,,,,
10815,07/27/2025 05:00:00,3.30,36.40,,,,,,
10816,07/27/2025 05:05:00,3.21,58.76,,,,,,
10817,07/27/2025 05:10:00,3.00,89.32,,,,,,
10818,07/27/2025 05:15:00,3.17,137.36,,,,,,
10819,07/27/2025 05:20:00,3.09,205.44,,,,,,
10820,07/27/2025 05:25:00,3.04,295.52,,,,,,
10821,07/27/2025 05:30:00,3.04,403.04,,,,,,
10822,07/27/2025 05:35:00,3.52,542.08,,,,,,
10823,07/27/2025 05:40:00,3.99,720.32,,,,,,
10824,07/27/2025 05:45:00,4.24,944.32,,,,,,
10825,07/27/2025 05:50:00,4.50,1190.08,,,,,,
10826,07/27/2025 05:55:00,4.46,1353.60,,,,,,
10827,07/27/2025 06:00:00,4.20,1655.04,,,,,,
10828,07/27/2025 06:05:00,4.20,2189.44,,,,,,
10829,07/27/2025 06:10:00,4.07,2440.96,,,,,,
10830,07/27/2025 06:15:00,3.82,2961.92,,,,,,
10831,07/27/2025 06:20:00,3.94,3316.48,,,,,,
10832,07/27/2025 06:25:00,3.34,3578.88,,,,,,
10833,07/27/2025 06:30:00,3.00,4753.92,,,,,,
10834,07/27/2025 06:35:00,3.04,5231.36,,,,,,
10835,07/27/2025 06:40:00,3.13,6003.20,,,,,,
10836,07/27/2025 06:45:00,3.04,5790.72,,,,,,
10837,07/27/2025 06:50:00,2.96,5849.60,,,,,,
10838,07/27/2025 06:55:00,3.09,6750.72,,,,,,
10839,07/27/2025 07:00:00,3.60,7416.32,,,,,,
10840,07/27/2025 07:05:00,3.82,8074.24,,,,,,
10841,07/27/2025 07:10:00,3.99,8468.48,,,,,,
10842,07/27/2025 07:15:00,3.90,8074.24,,,,,,
10843,07/27/2025 07:20:00,3.99,9218.56,,,,,,
10844,07/27/2025 07:25:00,4.33,11223.04,,,,,,
10845,07/27/2025 07:30:00,4.67,12600.32,,,,,,
10846,07/27/2025 07:35:00,5.06,13219.84,,,,,,
10847,07/27/2025 07:40:00,5.27,13911.04,,,,,,
10848,07/27/2025 07:45:00,5.36,14960.64,,,,,,
10849,07/27/2025 07:50:00,5.70,16455.68,,,,,,
10850,07/27/2025 07:55:00,6.00,17945.60,,,,,,
10851,07/27/2025 08:00:00,6.35,19143.68,,,,,,
10852,07/27/2025 08:05:00,6.56,20843.52,,,,,,
10853,07/27/2025 08:10:00,7.03,22179.84,,,,,,
10854,07/27/2025 08:15:00,7.42,23111.68,,,,,,
10855,07/27/2025 08:20:00,8.02,26306.56,,,,,,
10856,07/27/2025 08:25:00,8.36,28989.44,,,,,,
10857,07/27/2025 08:30:00,9.95,34437.12,,,,,,
10858,07/27/2025 08:35:00,13.12,36444.16,,,,,,
10859,07/27/2025 08:40:00,13.43,38123.52,,,,,,
10860,07/27/2025 08:45:00,11.28,35891.20,,,,,,
10861,07/27/2025 08:50:00,14.07,54558.72,,,,,,
10862,07/27/2025 08:55:00,14.15,60723.20,,,,,,
10863,07/27/2025 09:00:00,15.18,56340.48,,,,,,
10864,07/27/2025 09:05:00,15.48,53780.48,,,,,,
10865,07/27/2025 09:10:00,15.53,55009.28,,,,,,
10866,07/27/2025 09:15:00,15.48,56197.12,,,,,,
10867,07/27/2025 09:20:00,15.53,57569.28,,,,,,
10868,07/27/2025 09:25:00,14.50,57569.28,,,,,,
10869,07/27/2025 09:30:00,15.18,60026.88,,,,,,
10870,07/27/2025 09:35:00,15.40,61603.84,,,,,,
10871,07/27/2025 09:40:00,15.74,63139.84,,,,,,
10872,07/27/2025 09:45:00,16.04,64880.64,,,,,,
10873,07/27/2025 09:50:00,15.91,64675.84,,,,,,
10874,07/27/2025 09:55:00,16.17,65781.76,,,,,,
10875,07/27/2025 10:00:00,16.30,66887.68,,,,,,
10876,07/27/2025 10:05:00,16.64,73113.60,,,,,,
10877,07/27/2025 10:10:00,17.59,64983.04,,,,,,
10878,07/27/2025 10:15:00,17.67,66846.72,,,,,,
10879,07/27/2025 10:20:00,17.50,67952.64,,,,,,
10880,07/27/2025 10:25:00,17.54,67379.20,,,,,,
10881,07/27/2025 10:30:00,16.81,67747.84,,,,,,
10882,07/27/2025 10:35:00,17.16,65064.96,,,,,,
10883,07/27/2025 10:40:00,17.20,71884.80,,,,,,
10884,07/27/2025 10:45:00,17.59,73482.24,,,,,,
10885,07/27/2025 10:50:00,17.97,75120.64,,,,,,
10886,07/27/2025 10:55:00,18.32,77230.08,,,,,,
10887,07/27/2025 11:00:00,19.17,78643.20,,,,,,
10888,07/27/2025 11:05:00,19.60,80773.12,,,,,,
10889,07/27/2025 11:10:00,20.55,78438.40,,,,,,
10890,07/27/2025 11:15:00,21.32,80670.72,,,,,,
10891,07/27/2025 11:20:00,21.88,81735.68,,,,,,
10892,07/27/2025 11:25:00,21.70,85975.04,,,,,,
10893,07/27/2025 11:30:00,21.02,80752.64,,,,,,
10894,07/27/2025 11:35:00,21.49,84582.40,,,,,,
10895,07/27/2025 11:40:00,21.88,91463.68,,,,,,
10896,07/27/2025 11:45:00,19.86,86097.92,,,,,,
10897,07/27/2025 11:50:00,21.32,95109.12,,,,,,
10898,07/27/2025 11:55:00,17.63,52408.32,,,,,,
10899,07/27/2025 12:00:00,21.19,93757.44,,,,,,
10900,07/27/2025 12:05:00,22.31,93102.08,,,,,,
10901,07/27/2025 12:10:00,21.70,89702.40,,,,,,
10902,07/27/2025 12:15:00,20.63,89251.84,,,,,,
10903,07/27/2025 12:20:00,19.69,86753.28,,,,,,
10904,07/27/2025 12:25:00,19.09,86671.36,,,,,,
10905,07/27/2025 12:30:00,19.00,87449.60,,,,,,
10906,07/27/2025 12:35:00,19.09,87367.68,,,,,,
10907,07/27/2025 12:40:00,19.73,87613.44,,,,,,
10908,07/27/2025 12:45:00,20.37,87572.48,,,,,,
10909,07/27/2025 12:50:00,20.55,87982.08,,,,,,
10910,07/27/2025 12:55:00,20.98,88145.92,,,,,,
10911,07/27/2025 13:00:00,21.10,88023.04,,,,,,
10912,07/27/2025 13:05:00,21.32,87736.32,,,,,,
10913,07/27/2025 13:10:00,21.75,87900.16,,,,,,
10914,07/27/2025 13:15:00,21.58,87777.28,,,,,,
10915,07/27/2025 13:20:00,21.53,87736.32,,,,,,
10916,07/27/2025 13:25:00,22.26,87572.48,,,,,,
10917,07/27/2025 13:30:00,22.91,87449.60,,,,,,
10918,07/27/2025 13:35:00,22.31,87326.72,,,,,,
10919,07/27/2025 13:40:00,22.65,87408.64,,,,,,
10920,07/27/2025 13:45:00,22.31,87408.64,,,,,,
10921,07/27/2025 13:50:00,22.05,87040.00,,,,,,
10922,07/27/2025 13:55:00,22.18,87121.92,,,,,,
10923,07/27/2025 14:00:00,22.31,86958.08,,,,,,
10924,07/27/2025 14:05:00,22.91,86425.60,,,,,,
10925,07/27/2025 14:10:00,23.38,86261.76,,,,,,
10926,07/27/2025 14:15:00,24.19,86016.00,,,,,,
10927,07/27/2025 14:20:00,24.11,85565.44,,,,,,
10928,07/27/2025 14:25:00,25.35,85114.88,,,,,,
10929,07/27/2025 14:30:00,26.34,85073.92,,,,,,
10930,07/27/2025 14:35:00,26.51,84582.40,,,,,,
10931,07/27/2025 14:40:00,26.55,84213.76,,,,,,
10932,07/27/2025 14:45:00,27.07,83968.00,,,,,,
10933,07/27/2025 14:50:00,25.14,83517.44,,,,,,
10934,07/27/2025 14:55:00,23.89,83148.80,,,,,,
10935,07/27/2025 15:00:00,22.91,82759.68,,,,,,
10936,07/27/2025 15:05:00,23.29,82165.76,,,,,,
10937,07/27/2025 15:10:00,21.79,81367.04,,,,,,
10938,07/27/2025 15:15:00,20.20,80588.80,,,,,,
10939,07/27/2025 15:20:00,19.90,79912.96,,,,,,
10940,07/27/2025 15:25:00,20.03,79216.64,,,,,,
10941,07/27/2025 15:30:00,20.59,78643.20,,,,,,
10942,07/27/2025 15:35:00,21.28,77885.44,,,,,,
10943,07/27/2025 15:40:00,21.70,77414.40,,,,,,
10944,07/27/2025 15:45:00,22.01,76861.44,,,,,,
10945,07/27/2025 15:50:00,21.83,76328.96,,,,,,
10946,07/27/2025 15:55:00,21.15,75898.88,,,,,,
10947,07/27/2025 16:00:00,20.46,75509.76,,,,,,
10948,07/27/2025 16:05:00,20.42,75304.96,,,,,,
10949,07/27/2025 16:10:00,20.72,74956.80,,,,,,
10950,07/27/2025 16:15:00,20.85,74772.48,,,,,,
10951,07/27/2025 16:20:00,20.68,74854.40,,,,,,
10952,07/27/2025 16:25:00,20.29,75141.12,,,,,,
10953,07/27/2025 16:30:00,20.29,75530.24,,,,,,
10954,07/27/2025 16:35:00,19.65,75939.84,,,,,,
10955,07/27/2025 16:40:00,19.86,76636.16,,,,,,
10956,07/27/2025 16:45:00,19.60,77312.00,,,,,,
10957,07/27/2025 16:50:00,20.25,78069.76,,,,,,
10958,07/27/2025 16:55:00,20.03,78622.72,,,,,,
10959,07/27/2025 17:00:00,19.47,79032.32,,,,,,
10960,07/27/2025 17:05:00,19.95,78336.00,,,,,,
10961,07/27/2025 17:10:00,19.82,77148.16,,,,,,
10962,07/27/2025 17:15:00,20.07,74977.28,,,,,,
10963,07/27/2025 17:20:00,20.68,72560.64,,,,,,
10964,07/27/2025 17:25:00,19.43,70266.88,,,,,,
10965,07/27/2025 17:30:00,18.23,67932.16,,,,,,
10966,07/27/2025 17:35:00,17.54,65884.16,,,,,,
10967,07/27/2025 17:40:00,17.16,63774.72,,,,,,
10968,07/27/2025 17:45:00,16.81,62095.36,,,,,,
10969,07/27/2025 17:50:00,17.24,60375.04,,,,,,
10970,07/27/2025 17:55:00,16.90,58880.00,,,,,,
10971,07/27/2025 18:00:00,16.39,57630.72,,,,,,
10972,07/27/2025 18:05:00,16.00,56320.00,,,,,,
10973,07/27/2025 18:10:00,16.17,55173.12,,,,,,
10974,07/27/2025 18:15:00,16.43,54169.60,,,,,,
10975,07/27/2025 18:20:00,16.47,53514.24,,,,,,
10976,07/27/2025 18:25:00,16.60,53493.76,,,,,,
10977,07/27/2025 18:30:00,17.16,53309.44,,,,,,
10978,07/27/2025 18:35:00,17.67,53227.52,,,,,,
10979,07/27/2025 18:40:00,17.46,51036.16,,,,,,
10980,07/27/2025 18:45:00,16.30,49418.24,,,,,,
10981,07/27/2025 18:50:00,15.48,48332.80,,,,,,
10982,07/27/2025 18:55:00,14.88,47595.52,,,,,,
10983,07/27/2025 19:00:00,14.67,46592.00,,,,,,
10984,07/27/2025 19:05:00,14.28,45711.36,,,,,,
10985,07/27/2025 19:10:00,13.85,44707.84,,,,,,
10986,07/27/2025 19:15:00,13.77,43622.40,,,,,,
10987,07/27/2025 19:20:00,13.85,42414.08,,,,,,
10988,07/27/2025 19:25:00,13.60,41031.68,,,,,,
10989,07/27/2025 19:30:00,12.70,39731.20,,,,,,
10990,07/27/2025 19:35:00,12.10,38379.52,,,,,,
10991,07/27/2025 19:40:00,11.84,37017.60,,,,,,
10992,07/27/2025 19:45:00,11.75,35194.88,,,,,,
10993,07/27/2025 19:50:00,11.45,33423.36,,,,,,
10994,07/27/2025 19:55:00,11.41,31815.68,,,,,,
10995,07/27/2025 20:00:00,10.89,30402.56,,,,,,
10996,07/27/2025 20:05:00,11.19,29040.64,,,,,,
10997,07/27/2025 20:10:00,11.71,27863.04,,,,,,
10998,07/27/2025 20:15:00,12.48,26900.48,,,,,,
10999,07/27/2025 20:20:00,13.12,25917.44,,,,,,
11000,07/27/2025 20:25:00,13.04,24965.12,,,,,,
11001,07/27/2025 20:30:00,10.51,23982.08,,,,,,
11002,07/27/2025 20:35:00,9.56,22855.68,,,,,,
11003,07/27/2025 20:40:00,9.22,21698.56,,,,,,
11004,07/27/2025 20:45:00,8.88,20648.96,,,,,,
11005,07/27/2025 20:50:00,8.66,19594.24,,,,,,
11006,07/27/2025 20:55:00,8.02,18560.00,,,,,,
11007,07/27/2025 21:00:00,9.14,17495.04,,,,,,
11008,07/27/2025 21:05:00,7.81,16450.56,,,,,,
11009,07/27/2025 21:10:00,7.81,15421.44,,,,,,
11010,07/27/2025 21:15:00,7.68,14284.80,,,,,,
11011,07/27/2025 21:20:00,6.82,13240.32,,,,,,
11012,07/27/2025 21:25:00,6.48,10291.20,,,,,,
11013,07/27/2025 21:30:00,5.62,10956.80,,,,,,
11014,07/27/2025 21:35:00,4.63,7086.08,,,,,,
11015,07/27/2025 21:40:00,4.80,8179.20,,,,,,
11016,07/27/2025 21:45:00,4.97,7449.60,,,,,,
11017,07/27/2025 21:50:00,4.84,6369.28,,,,,,
11018,07/27/2025 21:55:00,4.46,5296.64,,,,,,
11019,07/27/2025 22:00:00,3.26,2671.36,,,,,,
11020,07/27/2025 22:05:00,2.40,2281.60,,,,,,
11021,07/27/2025 22:10:00,1.88,1901.44,,,,,,
11022,07/27/2025 22:15:00,1.80,1546.88,,,,,,
11023,07/27/2025 22:20:00,1.88,1228.16,,,,,,
11024,07/27/2025 22:25:00,1.97,940.80,,,,,,
11025,07/27/2025 22:30:00,1.67,702.40,,,,,,
11026,07/27/2025 22:35:00,1.58,505.76,,,,,,
11027,07/27/2025 22:40:00,1.58,351.04,,,,,,
11028,07/27/2025 22:45:00,1.50,238.32,,,,,,
11029,07/27/2025 22:50:00,1.58,157.32,,,,,,
11030,07/27/2025 22:55:00,1.84,101.76,,,,,,
11031,07/27/2025 23:00:00,1.71,64.88,,,,,,
11032,07/27/2025 23:05:00,1.50,39.69,,,,,,
11033,07/27/2025 23:10:00,1.03,24.78,,,,,,
11034,07/27/2025 23:15:00,0.98,15.86,,,,,,
11035,07/27/2025 23:20:00,1.37,10.89,,,,,,
11036,07/27/2025 23:25:00,1.37,6.58,,,,,,
11037,07/27/2025 23:30:00,1.50,4.11,,,,,,
11038,07/27/2025 23:35:00,1.67,3.29,,,,,,
11039,07/27/2025 23:40:00,1.84,1.64,,,,,,
11040,07/27/2025 23:45:00,1.67,1.02,,,,,,
11041,07/27/2025 23:50:00,1.80,0.61,,,,,,
11042,07/27/2025 23:55:00,2.31,0.20,,,,,,
11043,07/28/2025 00:00:00,2.70,0.00,,,,,,
11044,07/28/2025 00:05:00,2.83,0.00,,,,,,
11045,07/28/2025 00:10:00,2.83,0.00,,,,,,
11046,07/28/2025 00:15:00,3.04,0.00,,,,,,
11047,07/28/2025 00:20:00,3.34,0.00,,,,,,
11048,07/28/2025 00:25:00,3.82,0.00,,,,,,
11049,07/28/2025 00:30:00,3.69,0.00,,,,,,
11050,07/28/2025 00:35:00,3.39,0.00,,,,,,
11051,07/28/2025 00:40:00,2.96,0.00,,,,,,
11052,07/28/2025 00:45:00,2.74,0.00,,,,,,
11053,07/28/2025 00:50:00,2.70,0.00,,,,,,
11054,07/28/2025 00:55:00,2.74,0.00,,,,,,
11055,07/28/2025 01:00:00,2.57,0.00,,,,,,
11056,07/28/2025 01:05:00,2.49,0.00,,,,,,
11057,07/28/2025 01:10:00,2.91,0.00,,,,,,
11058,07/28/2025 01:15:00,3.34,0.00,,,,,,
11059,07/28/2025 01:20:00,3.39,0.00,,,,,,
11060,07/28/2025 01:25:00,3.52,0.00,,,,,,
11061,07/28/2025 01:30:00,4.59,0.00,,,,,,
11062,07/28/2025 01:35:00,5.15,0.00,,,,,,
11063,07/28/2025 01:40:00,5.49,0.00,,,,,,
11064,07/28/2025 01:45:00,5.83,0.00,,,,,,
11065,07/28/2025 01:50:00,6.17,0.00,,,,,,
11066,07/28/2025 01:55:00,6.09,0.00,,,,,,
11067,07/28/2025 02:00:00,6.13,0.00,,,,,,
11068,07/28/2025 02:05:00,6.13,0.00,,,,,,
11069,07/28/2025 02:10:00,5.92,0.00,,,,,,
11070,07/28/2025 02:15:00,6.26,0.00,,,,,,
11071,07/28/2025 02:20:00,6.30,0.00,,,,,,
11072,07/28/2025 02:25:00,6.22,0.00,,,,,,
11073,07/28/2025 02:30:00,6.39,0.00,,,,,,
11074,07/28/2025 02:35:00,6.17,0.00,,,,,,
11075,07/28/2025 02:40:00,6.13,0.00,,,,,,
11076,07/28/2025 02:45:00,6.13,0.00,,,,,,
11077,07/28/2025 02:50:00,5.83,0.00,,,,,,
11078,07/28/2025 02:55:00,6.05,0.00,,,,,,
11079,07/28/2025 03:00:00,6.09,0.00,,,,,,
11080,07/28/2025 03:05:00,6.05,0.00,,,,,,
11081,07/28/2025 03:10:00,5.27,0.00,,,,,,
11082,07/28/2025 03:15:00,5.27,0.00,,,,,,
11083,07/28/2025 03:20:00,4.93,0.00,,,,,,
11084,07/28/2025 03:25:00,5.32,0.00,,,,,,
11085,07/28/2025 03:30:00,5.45,0.00,,,,,,
11086,07/28/2025 03:35:00,5.70,0.00,,,,,,
11087,07/28/2025 03:40:00,6.13,0.00,,,,,,
11088,07/28/2025 03:45:00,5.70,0.00,,,,,,
11089,07/28/2025 03:50:00,5.79,0.00,,,,,,
11090,07/28/2025 03:55:00,6.17,0.00,,,,,,
11091,07/28/2025 04:00:00,6.22,0.61,,,,,,
11092,07/28/2025 04:05:00,5.83,0.00,,,,,,
11093,07/28/2025 04:10:00,5.79,0.00,,,,,,
11094,07/28/2025 04:15:00,6.09,0.41,,,,,,
11095,07/28/2025 04:20:00,6.17,0.61,,,,,,
11096,07/28/2025 04:25:00,6.09,1.23,,,,,,
11097,07/28/2025 04:30:00,6.05,2.05,,,,,,
11098,07/28/2025 04:35:00,5.87,2.90,,,,,,
11099,07/28/2025 04:40:00,4.84,5.96,,,,,,
11100,07/28/2025 04:45:00,4.80,9.10,,,,,,
11101,07/28/2025 04:50:00,5.02,14.26,,,,,,
11102,07/28/2025 04:55:00,5.53,23.95,,,,,,
11103,07/28/2025 05:00:00,5.49,36.86,,,,,,
11104,07/28/2025 05:05:00,5.40,59.22,,,,,,
11105,07/28/2025 05:10:00,5.40,94.48,,,,,,
11106,07/28/2025 05:15:00,5.40,151.44,,,,,,
11107,07/28/2025 05:20:00,5.70,231.92,,,,,,
11108,07/28/2025 05:25:00,5.66,345.28,,,,,,
11109,07/28/2025 05:30:00,5.75,496.80,,,,,,
11110,07/28/2025 05:35:00,5.87,691.20,,,,,,
11111,07/28/2025 05:40:00,6.13,932.80,,,,,,
11112,07/28/2025 05:45:00,6.13,1222.40,,,,,,
11113,07/28/2025 05:50:00,6.26,1549.44,,,,,,
11114,07/28/2025 05:55:00,6.39,2298.24,,,,,,
11115,07/28/2025 06:00:00,6.86,3011.84,,,,,,
11116,07/28/2025 06:05:00,7.50,3747.84,,,,,,
11117,07/28/2025 06:10:00,7.81,4645.12,,,,,,
11118,07/28/2025 06:15:00,8.36,5665.28,,,,,,
11119,07/28/2025 06:20:00,8.88,6760.96,,,,,,
11120,07/28/2025 06:25:00,9.14,7936.00,,,,,,
11121,07/28/2025 06:30:00,8.88,9192.96,,,,,,
11122,07/28/2025 06:35:00,9.31,10186.24,,,,,,
11123,07/28/2025 06:40:00,9.78,11699.20,,,,,,
11124,07/28/2025 06:45:00,10.38,13460.48,,,,,,
11125,07/28/2025 06:50:00,11.49,15180.80,,,,,,
11126,07/28/2025 06:55:00,11.92,16906.24,,,,,,
11127,07/28/2025 07:00:00,12.48,18570.24,,,,,,
11128,07/28/2025 07:05:00,12.82,20357.12,,,,,,
11129,07/28/2025 07:10:00,12.91,22118.40,,,,,,
11130,07/28/2025 07:15:00,12.52,24012.80,,,,,,
11131,07/28/2025 07:20:00,13.04,25702.40,,,,,,
11132,07/28/2025 07:25:00,13.21,27310.08,,,,,,
11133,07/28/2025 07:30:00,13.81,28876.80,,,,,,
11134,07/28/2025 07:35:00,14.07,30177.28,,,,,,
11135,07/28/2025 07:40:00,14.80,31559.68,,,,,,
11136,07/28/2025 07:45:00,14.75,32849.92,,,,,,
11137,07/28/2025 07:50:00,14.93,34181.12,,,,,,
11138,07/28/2025 07:55:00,14.63,35450.88,,,,,,
11139,07/28/2025 08:00:00,14.58,36720.64,,,,,,
11140,07/28/2025 08:05:00,14.84,38031.36,,,,,,
11141,07/28/2025 08:10:00,14.80,39393.28,,,,,,
11142,07/28/2025 08:15:00,15.57,40714.24,,,,,,
11143,07/28/2025 08:20:00,15.87,42127.36,,,,,,
11144,07/28/2025 08:25:00,16.39,43417.60,,,,,,
11145,07/28/2025 08:30:00,16.77,44687.36,,,,,,
11146,07/28/2025 08:35:00,17.07,46080.00,,,,,,
11147,07/28/2025 08:40:00,16.81,47534.08,,,,,,
11148,07/28/2025 08:45:00,16.39,48988.16,,,,,,
11149,07/28/2025 08:50:00,16.47,50647.04,,,,,,
11150,07/28/2025 08:55:00,16.60,51957.76,,,,,,
11151,07/28/2025 09:00:00,16.51,53248.00,,,,,,
11152,07/28/2025 09:05:00,16.47,54456.32,,,,,,
11153,07/28/2025 09:10:00,16.64,55848.96,,,,,,
11154,07/28/2025 09:15:00,17.16,57077.76,,,,,,
11155,07/28/2025 09:20:00,17.33,58347.52,,,,,,
11156,07/28/2025 09:25:00,17.93,59473.92,,,,,,
11157,07/28/2025 09:30:00,18.32,60641.28,,,,,,
11158,07/28/2025 09:35:00,18.40,61952.00,,,,,,
11159,07/28/2025 09:40:00,18.23,62976.00,,,,,,
11160,07/28/2025 09:45:00,18.53,64000.00,,,,,,
11161,07/28/2025 09:50:00,18.70,65228.80,,,,,,
11162,07/28/2025 09:55:00,19.13,66457.60,,,,,,
11163,07/28/2025 10:00:00,19.17,67461.12,,,,,,
11164,07/28/2025 10:05:00,19.90,68464.64,,,,,,
11165,07/28/2025 10:10:00,20.55,69488.64,,,,,,
11166,07/28/2025 10:15:00,20.07,70778.88,,,,,,
11167,07/28/2025 10:20:00,19.95,71516.16,,,,,,
11168,07/28/2025 10:25:00,20.37,72540.16,,,,,,
11169,07/28/2025 10:30:00,20.80,73564.16,,,,,,
11170,07/28/2025 10:35:00,20.50,74301.44,,,,,,
11171,07/28/2025 10:40:00,20.03,75141.12,,,,,,
11172,07/28/2025 10:45:00,20.12,76062.72,,,,,,
11173,07/28/2025 10:50:00,20.25,76861.44,,,,,,
11174,07/28/2025 10:55:00,21.19,77639.68,,,,,,
11175,07/28/2025 11:00:00,21.45,78479.36,,,,,,
11176,07/28/2025 11:05:00,21.58,79298.56,,,,,,
11177,07/28/2025 11:10:00,21.88,79994.88,,,,,,
11178,07/28/2025 11:15:00,21.49,81489.92,,,,,,
11179,07/28/2025 11:20:00,21.15,81879.04,,,,,,
11180,07/28/2025 11:25:00,20.76,81838.08,,,,,,
11181,07/28/2025 11:30:00,20.89,82595.84,,,,,,
11182,07/28/2025 11:35:00,21.40,82595.84,,,,,,
11183,07/28/2025 11:40:00,21.92,83374.08,,,,,,
11184,07/28/2025 11:45:00,22.31,84705.28,,,,,,
11185,07/28/2025 11:50:00,22.99,84049.92,,,,,,
11186,07/28/2025 11:55:00,22.99,84213.76,,,,,,
11187,07/28/2025 12:00:00,23.89,84541.44,,,,,,
11188,07/28/2025 12:05:00,25.09,84787.20,,,,,,
11189,07/28/2025 12:10:00,25.35,85155.84,,,,,,
11190,07/28/2025 12:15:00,25.61,85524.48,,,,,,
11191,07/28/2025 12:20:00,25.18,85647.36,,,,,,
11192,07/28/2025 12:25:00,25.99,85893.12,,,,,,
11193,07/28/2025 12:30:00,26.12,86056.96,,,,,,
11194,07/28/2025 12:35:00,26.60,86261.76,,,,,,
11195,07/28/2025 12:40:00,27.41,86261.76,,,,,,
11196,07/28/2025 12:45:00,26.90,86343.68,,,,,,
11197,07/28/2025 12:50:00,25.99,86425.60,,,,,,
11198,07/28/2025 12:55:00,26.34,86466.56,,,,,,
11199,07/28/2025 13:00:00,27.02,86507.52,,,,,,
11200,07/28/2025 13:05:00,26.30,86548.48,,,,,,
11201,07/28/2025 13:10:00,27.15,86302.72,,,,,,
11202,07/28/2025 13:15:00,26.72,86384.64,,,,,,
11203,07/28/2025 13:20:00,27.07,86302.72,,,,,,
11204,07/28/2025 13:25:00,27.41,86261.76,,,,,,
11205,07/28/2025 13:30:00,26.72,86016.00,,,,,,
11206,07/28/2025 13:35:00,25.95,85893.12,,,,,,
11207,07/28/2025 13:40:00,25.99,85688.32,,,,,,
11208,07/28/2025 13:45:00,26.51,85524.48,,,,,,
11209,07/28/2025 13:50:00,27.67,85319.68,,,,,,
11210,07/28/2025 13:55:00,26.47,85237.76,,,,,,
11211,07/28/2025 14:00:00,24.15,85073.92,,,,,,
11212,07/28/2025 14:05:00,22.65,84910.08,,,,,,
11213,07/28/2025 14:10:00,21.96,84664.32,,,,,,
11214,07/28/2025 14:15:00,21.19,84418.56,,,,,,
11215,07/28/2025 14:20:00,20.76,84090.88,,,,,,
11216,07/28/2025 14:25:00,20.55,83845.12,,,,,,
11217,07/28/2025 14:30:00,21.45,83435.52,,,,,,
11218,07/28/2025 14:35:00,21.92,83128.32,,,,,,
11219,07/28/2025 14:40:00,20.68,82800.64,,,,,,
11220,07/28/2025 14:45:00,20.37,82329.60,,,,,,
11221,07/28/2025 14:50:00,19.65,82022.40,,,,,,
11222,07/28/2025 14:55:00,19.82,81592.32,,,,,,
11223,07/28/2025 15:00:00,19.65,80998.40,,,,,,
11224,07/28/2025 15:05:00,19.65,80384.00,,,,,,
11225,07/28/2025 15:10:00,20.12,79564.80,,,,,,
11226,07/28/2025 15:15:00,20.50,78909.44,,,,,,
11227,07/28/2025 15:20:00,20.20,78233.60,,,,,,
11228,07/28/2025 15:25:00,19.73,77680.64,,,,,,
11229,07/28/2025 15:30:00,19.52,77230.08,,,,,,
11230,07/28/2025 15:35:00,19.13,76718.08,,,,,,
11231,07/28/2025 15:40:00,19.47,76165.12,,,,,,
11232,07/28/2025 15:45:00,19.90,75694.08,,,,,,
11233,07/28/2025 15:50:00,19.77,75304.96,,,,,,
11234,07/28/2025 15:55:00,19.73,75038.72,,,,,,
11235,07/28/2025 16:00:00,19.90,74854.40,,,,,,
11236,07/28/2025 16:05:00,19.82,74752.00,,,,,,
11237,07/28/2025 16:10:00,19.47,74956.80,,,,,,
11238,07/28/2025 16:15:00,19.35,75304.96,,,,,,
11239,07/28/2025 16:20:00,19.30,75960.32,,,,,,
11240,07/28/2025 16:25:00,19.43,76861.44,,,,,,
11241,07/28/2025 16:30:00,19.30,77905.92,,,,,,
11242,07/28/2025 16:35:00,19.26,78602.24,,,,,,
11243,07/28/2025 16:40:00,19.09,79462.40,,,,,,
11244,07/28/2025 16:45:00,18.96,79400.96,,,,,,
11245,07/28/2025 16:50:00,19.00,78602.24,,,,,,
11246,07/28/2025 16:55:00,19.26,77987.84,,,,,,
11247,07/28/2025 17:00:00,19.35,75673.60,,,,,,
11248,07/28/2025 17:05:00,18.66,73482.24,,,,,,
11249,07/28/2025 17:10:00,18.40,72540.16,,,,,,
11250,07/28/2025 17:15:00,18.70,68935.68,,,,,,
11251,07/28/2025 17:20:00,18.87,68096.00,,,,,,
11252,07/28/2025 17:25:00,18.92,65986.56,,,,,,
11253,07/28/2025 17:30:00,18.96,63877.12,,,,,,
11254,07/28/2025 17:35:00,18.92,62238.72,,,,,,
11255,07/28/2025 17:40:00,18.02,59617.28,,,,,,
11256,07/28/2025 17:45:00,16.86,58695.68,,,,,,
11257,07/28/2025 17:50:00,16.90,57896.96,,,,,,
11258,07/28/2025 17:55:00,16.90,56872.96,,,,,,
11259,07/28/2025 18:00:00,16.51,55541.76,,,,,,
11260,07/28/2025 18:05:00,16.21,54312.96,,,,,,
11261,07/28/2025 18:10:00,15.61,53329.92,,,,,,
11262,07/28/2025 18:15:00,15.36,52285.44,,,,,,
11263,07/28/2025 18:20:00,15.31,51425.28,,,,,,
11264,07/28/2025 18:25:00,15.18,50442.24,,,,,,
11265,07/28/2025 18:30:00,14.97,49274.88,,,,,,
11266,07/28/2025 18:35:00,14.71,48373.76,,,,,,
11267,07/28/2025 18:40:00,14.63,47554.56,,,,,,
11268,07/28/2025 18:45:00,14.58,46653.44,,,,,,
11269,07/28/2025 18:50:00,14.97,45854.72,,,,,,
11270,07/28/2025 18:55:00,15.27,45035.52,,,,,,
11271,07/28/2025 19:00:00,15.10,44011.52,,,,,,
11272,07/28/2025 19:05:00,15.87,42946.56,,,,,,
11273,07/28/2025 19:10:00,17.33,41768.96,,,,,,
11274,07/28/2025 19:15:00,16.73,40478.72,,,,,,
11275,07/28/2025 19:20:00,16.08,39270.40,,,,,,
11276,07/28/2025 19:25:00,15.78,38205.44,,,,,,
11277,07/28/2025 19:30:00,15.74,36833.28,,,,,,
11278,07/28/2025 19:35:00,14.33,35491.84,,,,,,
11279,07/28/2025 19:40:00,13.81,34007.04,,,,,,
11280,07/28/2025 19:45:00,14.11,32542.72,,,,,,
11281,07/28/2025 19:50:00,14.15,31119.36,,,,,,
11282,07/28/2025 19:55:00,13.55,30044.16,,,,,,
11283,07/28/2025 20:00:00,13.25,28231.68,,,,,,
11284,07/28/2025 20:05:00,13.17,27893.76,,,,,,
11285,07/28/2025 20:10:00,12.82,27033.60,,,,,,
11286,07/28/2025 20:15:00,12.40,26275.84,,,,,,
11287,07/28/2025 20:20:00,11.45,23889.92,,,,,,
11288,07/28/2025 20:25:00,11.32,23429.12,,,,,,
11289,07/28/2025 20:30:00,12.01,23398.40,,,,,,
11290,07/28/2025 20:35:00,11.32,22374.40,,,,,,
11291,07/28/2025 20:40:00,10.77,21575.68,,,,,,
11292,07/28/2025 20:45:00,9.82,20490.24,,,,,,
11293,07/28/2025 20:50:00,9.09,19630.08,,,,,,
11294,07/28/2025 20:55:00,8.32,18682.88,,,,,,
11295,07/28/2025 21:00:00,7.98,17208.32,,,,,,
11296,07/28/2025 21:05:00,7.81,16593.92,,,,,,
11297,07/28/2025 21:10:00,7.29,15324.16,,,,,,
11298,07/28/2025 21:15:00,7.12,14167.04,,,,,,
11299,07/28/2025 21:20:00,6.82,12835.84,,,,,,
11300,07/28/2025 21:25:00,6.13,11525.12,,,,,,
11301,07/28/2025 21:30:00,5.92,10337.28,,,,,,
11302,07/28/2025 21:35:00,5.75,8824.32,,,,,,
11303,07/28/2025 21:40:00,5.27,7403.52,,,,,,
11304,07/28/2025 21:45:00,4.76,6758.40,,,,,,
11305,07/28/2025 21:50:00,4.50,5946.88,,,,,,
11306,07/28/2025 21:55:00,4.72,4613.12,,,,,,
11307,07/28/2025 22:00:00,3.52,2644.48,,,,,,
11308,07/28/2025 22:05:00,3.99,2230.40,,,,,,
11309,07/28/2025 22:10:00,4.63,1822.72,,,,,,
11310,07/28/2025 22:15:00,5.40,1456.00,,,,,,
11311,07/28/2025 22:20:00,4.72,1139.84,,,,,,
11312,07/28/2025 22:25:00,4.59,862.72,,,,,,
11313,07/28/2025 22:30:00,3.82,632.48,,,,,,
11314,07/28/2025 22:35:00,3.43,445.92,,,,,,
11315,07/28/2025 22:40:00,3.99,292.00,,,,,,
11316,07/28/2025 22:45:00,3.56,182.96,,,,,,
11317,07/28/2025 22:50:00,3.26,116.60,,,,,,
11318,07/28/2025 22:55:00,3.34,71.96,,,,,,
11319,07/28/2025 23:00:00,3.43,45.50,,,,,,
11320,07/28/2025 23:05:00,2.74,28.53,,,,,,
11321,07/28/2025 23:10:00,2.57,18.53,,,,,,
11322,07/28/2025 23:15:00,2.87,11.92,,,,,,
11323,07/28/2025 23:20:00,2.96,7.22,,,,,,
11324,07/28/2025 23:25:00,2.91,4.73,,,,,,
11325,07/28/2025 23:30:00,3.30,3.08,,,,,,
11326,07/28/2025 23:35:00,3.39,1.85,,,,,,
11327,07/28/2025 23:40:00,3.43,1.23,,,,,,
11328,07/28/2025 23:45:00,4.63,0.41,,,,,,
11329,07/28/2025 23:50:00,4.89,0.20,,,,,,
11330,07/28/2025 23:55:00,5.40,0.20,,,,,,
11331,07/29/2025 00:00:00,4.72,0.00,,,,,,
11332,07/29/2025 00:05:00,3.94,0.41,,,,,,
11333,07/29/2025 00:10:00,3.69,0.00,,,,,,
11334,07/29/2025 00:15:00,3.77,0.00,,,,,,
11335,07/29/2025 00:20:00,3.52,0.00,,,,,,
11336,07/29/2025 00:25:00,3.82,0.00,,,,,,
11337,07/29/2025 00:30:00,4.67,0.00,,,,,,
11338,07/29/2025 00:35:00,2.83,0.00,,,,,,
11339,07/29/2025 00:40:00,2.23,0.00,,,,,,
11340,07/29/2025 00:45:00,2.14,0.00,,,,,,
11341,07/29/2025 00:50:00,2.40,0.00,,,,,,
11342,07/29/2025 00:55:00,3.00,0.00,,,,,,
11343,07/29/2025 01:00:00,3.82,0.00,,,,,,
11344,07/29/2025 01:05:00,4.29,0.00,,,,,,
11345,07/29/2025 01:10:00,4.59,0.00,,,,,,
11346,07/29/2025 01:15:00,4.59,0.00,,,,,,
11347,07/29/2025 01:20:00,4.33,0.00,,,,,,
11348,07/29/2025 01:25:00,3.99,0.00,,,,,,
11349,07/29/2025 01:30:00,2.61,0.00,,,,,,
11350,07/29/2025 01:35:00,4.07,0.00,,,,,,
11351,07/29/2025 01:40:00,4.50,0.00,,,,,,
11352,07/29/2025 01:45:00,5.02,0.00,,,,,,
11353,07/29/2025 01:50:00,4.20,0.00,,,,,,
11354,07/29/2025 01:55:00,3.94,0.00,,,,,,
11355,07/29/2025 02:00:00,4.24,0.00,,,,,,
11356,07/29/2025 02:05:00,3.90,0.00,,,,,,
11357,07/29/2025 02:10:00,3.77,0.00,,,,,,
11358,07/29/2025 02:15:00,4.07,0.00,,,,,,
11359,07/29/2025 02:20:00,4.16,0.00,,,,,,
11360,07/29/2025 02:25:00,3.60,0.00,,,,,,
11361,07/29/2025 02:30:00,3.30,0.00,,,,,,
11362,07/29/2025 02:35:00,3.82,0.00,,,,,,
11363,07/29/2025 02:40:00,4.16,0.00,,,,,,
11364,07/29/2025 02:45:00,4.12,0.00,,,,,,
11365,07/29/2025 02:50:00,3.94,0.00,,,,,,
11366,07/29/2025 02:55:00,3.99,0.00,,,,,,
11367,07/29/2025 03:00:00,3.47,0.00,,,,,,
11368,07/29/2025 03:05:00,3.43,0.00,,,,,,
11369,07/29/2025 03:10:00,4.24,0.00,,,,,,
11370,07/29/2025 03:15:00,4.84,0.00,,,,,,
11371,07/29/2025 03:20:00,4.42,0.00,,,,,,
11372,07/29/2025 03:25:00,5.10,0.00,,,,,,
11373,07/29/2025 03:30:00,5.62,0.00,,,,,,
11374,07/29/2025 03:35:00,5.83,0.00,,,,,,
11375,07/29/2025 03:40:00,4.50,0.00,,,,,,
11376,07/29/2025 03:45:00,3.60,0.00,,,,,,
11377,07/29/2025 03:50:00,3.47,0.00,,,,,,
11378,07/29/2025 03:55:00,3.39,0.00,,,,,,
11379,07/29/2025 04:00:00,3.64,0.00,,,,,,
11380,07/29/2025 04:05:00,3.47,0.00,,,,,,
11381,07/29/2025 04:10:00,3.26,0.00,,,,,,
11382,07/29/2025 04:15:00,3.17,0.00,,,,,,
11383,07/29/2025 04:20:00,3.43,0.00,,,,,,
11384,07/29/2025 04:25:00,3.00,0.41,,,,,,
11385,07/29/2025 04:30:00,3.17,1.64,,,,,,
11386,07/29/2025 04:35:00,2.87,1.43,,,,,,
11387,07/29/2025 04:40:00,3.26,2.46,,,,,,
11388,07/29/2025 04:45:00,3.30,4.93,,,,,,
11389,07/29/2025 04:50:00,3.26,6.60,,,,,,
11390,07/29/2025 04:55:00,3.21,11.15,,,,,,
11391,07/29/2025 05:00:00,3.77,20.00,,,,,,
11392,07/29/2025 05:05:00,4.50,32.69,,,,,,
11393,07/29/2025 05:10:00,5.36,55.42,,,,,,
11394,07/29/2025 05:15:00,5.02,89.44,,,,,,
11395,07/29/2025 05:20:00,4.42,143.92,,,,,,
11396,07/29/2025 05:25:00,4.46,218.56,,,,,,
11397,07/29/2025 05:30:00,4.12,318.56,,,,,,
11398,07/29/2025 05:35:00,5.45,438.40,,,,,,
11399,07/29/2025 05:40:00,5.62,591.04,,,,,,
11400,07/29/2025 05:45:00,4.89,779.84,,,,,,
11401,07/29/2025 05:50:00,4.59,1016.64,,,,,,
11402,07/29/2025 05:55:00,5.87,1367.68,,,,,,
11403,07/29/2025 06:00:00,5.87,1702.40,,,,,,
11404,07/29/2025 06:05:00,5.75,2234.24,,,,,,
11405,07/29/2025 06:10:00,5.79,2704.64,,,,,,
11406,07/29/2025 06:15:00,5.70,3339.52,,,,,,
11407,07/29/2025 06:20:00,5.49,3770.88,,,,,,
11408,07/29/2025 06:25:00,5.27,3816.96,,,,,,
11409,07/29/2025 06:30:00,5.19,3859.20,,,,,,
11410,07/29/2025 06:35:00,5.15,4215.04,,,,,,
11411,07/29/2025 06:40:00,4.67,4774.40,,,,,,
11412,07/29/2025 06:45:00,5.06,6458.88,,,,,,
11413,07/29/2025 06:50:00,6.09,9146.88,,,,,,
11414,07/29/2025 06:55:00,6.90,10485.76,,,,,,
11415,07/29/2025 07:00:00,7.59,12282.88,,,,,,
11416,07/29/2025 07:05:00,8.11,15764.48,,,,,,
11417,07/29/2025 07:10:00,8.66,16399.36,,,,,,
11418,07/29/2025 07:15:00,9.14,15109.12,,,,,,
11419,07/29/2025 07:20:00,10.08,27013.12,,,,,,
11420,07/29/2025 07:25:00,9.35,17320.96,,,,,,
11421,07/29/2025 07:30:00,9.39,25241.60,,,,,,
11422,07/29/2025 07:35:00,7.03,16793.60,,,,,,
11423,07/29/2025 07:40:00,6.56,17740.80,,,,,,
11424,07/29/2025 07:45:00,6.60,17648.64,,,,,,
11425,07/29/2025 07:50:00,6.82,16291.84,,,,,,
11426,07/29/2025 07:55:00,7.25,18001.92,,,,,,
11427,07/29/2025 08:00:00,7.59,18252.80,,,,,,
11428,07/29/2025 08:05:00,8.19,24586.24,,,,,,
11429,07/29/2025 08:10:00,9.82,32808.96,,,,,,
11430,07/29/2025 08:15:00,9.99,31098.88,,,,,,
11431,07/29/2025 08:20:00,11.92,32276.48,,,,,,
11432,07/29/2025 08:25:00,11.49,26378.24,,,,,,
11433,07/29/2025 08:30:00,10.77,26880.00,,,,,,
11434,07/29/2025 08:35:00,10.51,26214.40,,,,,,
11435,07/29/2025 08:40:00,10.68,26306.56,,,,,,
11436,07/29/2025 08:45:00,11.11,29665.28,,,,,,
11437,07/29/2025 08:50:00,11.75,32317.44,,,,,,
11438,07/29/2025 08:55:00,12.10,35809.28,,,,,,
11439,07/29/2025 09:00:00,11.11,26347.52,,,,,,
11440,07/29/2025 09:05:00,10.42,24678.40,,,,,,
11441,07/29/2025 09:10:00,10.68,28487.68,,,,,,
11442,07/29/2025 09:15:00,11.41,29829.12,,,,,,
11443,07/29/2025 09:20:00,11.62,32768.00,,,,,,
11444,07/29/2025 09:25:00,13.73,45629.44,,,,,,
11445,07/29/2025 09:30:00,13.08,34273.28,,,,,,
11446,07/29/2025 09:35:00,13.38,35983.36,,,,,,
11447,07/29/2025 09:40:00,13.04,33054.72,,,,,,
11448,07/29/2025 09:45:00,12.87,34580.48,,,,,,
11449,07/29/2025 09:50:00,13.08,39536.64,,,,,,
11450,07/29/2025 09:55:00,13.12,40704.00,,,,,,
11451,07/29/2025 10:00:00,13.60,45260.80,,,,,,
11452,07/29/2025 10:05:00,18.62,75591.68,,,,,,
11453,07/29/2025 10:10:00,26.85,76410.88,,,,,,
11454,07/29/2025 10:15:00,24.71,50606.08,,,,,,
11455,07/29/2025 10:20:00,21.70,42393.60,,,,,,
11456,07/29/2025 10:25:00,19.39,44195.84,,,,,,
11457,07/29/2025 10:30:00,16.43,47779.84,,,,,,
11458,07/29/2025 10:35:00,14.11,51630.08,,,,,,
11459,07/29/2025 10:40:00,13.73,55930.88,,,,,,
11460,07/29/2025 10:45:00,14.28,60518.40,,,,,,
11461,07/29/2025 10:50:00,15.61,60190.72,,,,,,
11462,07/29/2025 10:55:00,17.72,74854.40,,,,,,
11463,07/29/2025 11:00:00,19.56,64040.96,,,,,,
11464,07/29/2025 11:05:00,15.96,57937.92,,,,,,
11465,07/29/2025 11:10:00,13.60,52879.36,,,,,,
11466,07/29/2025 11:15:00,13.60,57159.68,,,,,,
11467,07/29/2025 11:20:00,12.91,59699.20,,,,,,
11468,07/29/2025 11:25:00,12.35,68218.88,,,,,,
11469,07/29/2025 11:30:00,13.47,70758.40,,,,,,
11470,07/29/2025 11:35:00,14.33,73666.56,,,,,,
11471,07/29/2025 11:40:00,16.08,87777.28,,,,,,
11472,07/29/2025 11:45:00,18.36,77250.56,,,,,,
11473,07/29/2025 11:50:00,17.84,81203.20,,,,,,
11474,07/29/2025 11:55:00,18.87,84254.72,,,,,,
11475,07/29/2025 12:00:00,19.00,81920.00,,,,,,
11476,07/29/2025 12:05:00,18.79,72519.68,,,,,,
11477,07/29/2025 12:10:00,21.66,99164.16,,,,,,
11478,07/29/2025 12:15:00,23.55,80588.80,,,,,,
11479,07/29/2025 12:20:00,19.99,76410.88,,,,,,
11480,07/29/2025 12:25:00,17.84,81858.56,,,,,,
11481,07/29/2025 12:30:00,17.29,70942.72,,,,,,
11482,07/29/2025 12:35:00,17.37,83251.20,,,,,,
11483,07/29/2025 12:40:00,18.83,87203.84,,,,,,
11484,07/29/2025 12:45:00,20.50,94126.08,,,,,,
11485,07/29/2025 12:50:00,19.77,82350.08,,,,,,
11486,07/29/2025 12:55:00,20.12,95887.36,,,,,,
11487,07/29/2025 13:00:00,19.60,86261.76,,,,,,
11488,07/29/2025 13:05:00,22.26,80179.20,,,,,,
11489,07/29/2025 13:10:00,22.52,77803.52,,,,,,
11490,07/29/2025 13:15:00,24.36,104325.12,,,,,,
11491,07/29/2025 13:20:00,24.28,74731.52,,,,,,
11492,07/29/2025 13:25:00,21.32,82145.28,,,,,,
11493,07/29/2025 13:30:00,21.79,97976.32,,,,,,
11494,07/29/2025 13:35:00,22.43,93675.52,,,,,,
11495,07/29/2025 13:40:00,22.69,92487.68,,,,,,
11496,07/29/2025 13:45:00,18.06,66478.08,,,,,,
11497,07/29/2025 13:50:00,17.33,85278.72,,,,,,
11498,07/29/2025 13:55:00,16.60,76206.08,,,,,,
11499,07/29/2025 14:00:00,16.81,72826.88,,,,,,
11500,07/29/2025 14:05:00,16.69,69222.40,,,,,,
11501,07/29/2025 14:10:00,21.49,120217.60,,,,,,
11502,07/29/2025 14:15:00,19.56,53145.60,,,,,,
11503,07/29/2025 14:20:00,17.84,73912.32,,,,,,
11504,07/29/2025 14:25:00,19.60,115343.36,,,,,,
11505,07/29/2025 14:30:00,21.83,74035.20,,,,,,
11506,07/29/2025 14:35:00,18.40,75776.00,,,,,,
11507,07/29/2025 14:40:00,16.64,79196.16,,,,,,
11508,07/29/2025 14:45:00,13.08,61071.36,,,,,,
11509,07/29/2025 14:50:00,11.32,58818.56,,,,,,
11510,07/29/2025 14:55:00,11.02,64860.16,,,,,,
11511,07/29/2025 15:00:00,11.37,71639.04,,,,,,
11512,07/29/2025 15:05:00,11.67,75018.24,,,,,,
11513,07/29/2025 15:10:00,12.40,80855.04,,,,,,
11514,07/29/2025 15:15:00,12.65,77455.36,,,,,,
11515,07/29/2025 15:20:00,12.48,74874.88,,,,,,
11516,07/29/2025 15:25:00,12.18,71557.12,,,,,,
11517,07/29/2025 15:30:00,12.22,74854.40,,,,,,
11518,07/29/2025 15:35:00,12.91,77864.96,,,,,,
11519,07/29/2025 15:40:00,13.30,75161.60,,,,,,
11520,07/29/2025 15:45:00,12.95,76718.08,,,,,,
11521,07/29/2025 15:50:00,13.34,74096.64,,,,,,
11522,07/29/2025 15:55:00,12.14,56565.76,,,,,,
11523,07/29/2025 16:00:00,11.11,56483.84,,,,,,
11524,07/29/2025 16:05:00,11.54,62464.00,,,,,,
11525,07/29/2025 16:10:00,11.84,61952.00,,,,,,
11526,07/29/2025 16:15:00,11.97,63160.32,,,,,,
11527,07/29/2025 16:20:00,12.01,63774.72,,,,,,
11528,07/29/2025 16:25:00,12.22,64552.96,,,,,,
11529,07/29/2025 16:30:00,12.82,67665.92,,,,,,
11530,07/29/2025 16:35:00,12.87,64634.88,,,,,,
11531,07/29/2025 16:40:00,12.82,63959.04,,,,,,
11532,07/29/2025 16:45:00,13.34,63447.04,,,,,,
11533,07/29/2025 16:50:00,12.44,55787.52,,,,,,
11534,07/29/2025 16:55:00,11.37,53391.36,,,,,,
11535,07/29/2025 17:00:00,10.89,52715.52,,,,,,
11536,07/29/2025 17:05:00,10.72,48865.28,,,,,,
11537,07/29/2025 17:10:00,10.12,46366.72,,,,,,
11538,07/29/2025 17:15:00,10.16,48619.52,,,,,,
11539,07/29/2025 17:20:00,10.68,51589.12,,,,,,
11540,07/29/2025 17:25:00,10.89,51978.24,,,,,,
11541,07/29/2025 17:30:00,11.02,54374.40,,,,,,
11542,07/29/2025 17:35:00,10.68,50995.20,,,,,,
11543,07/29/2025 17:40:00,10.89,57856.00,,,,,,
11544,07/29/2025 17:45:00,10.89,56115.20,,,,,,
11545,07/29/2025 17:50:00,11.15,60006.40,,,,,,
11546,07/29/2025 17:55:00,10.59,47738.88,,,,,,
11547,07/29/2025 18:00:00,9.61,43724.80,,,,,,
11548,07/29/2025 18:05:00,8.75,34754.56,,,,,,
11549,07/29/2025 18:10:00,8.62,38440.96,,,,,,
11550,07/29/2025 18:15:00,8.15,32819.20,,,,,,
11551,07/29/2025 18:20:00,7.63,31856.64,,,,,,
11552,07/29/2025 18:25:00,7.85,33628.16,,,,,,
11553,07/29/2025 18:30:00,7.68,31723.52,,,,,,
11554,07/29/2025 18:35:00,6.95,25600.00,,,,,,
11555,07/29/2025 18:40:00,7.03,29521.92,,,,,,
11556,07/29/2025 18:45:00,6.90,27863.04,,,,,,
11557,07/29/2025 18:50:00,6.69,25978.88,,,,,,
11558,07/29/2025 18:55:00,6.43,20556.80,,,,,,
11559,07/29/2025 19:00:00,6.17,20541.44,,,,,,
11560,07/29/2025 19:05:00,6.00,19374.08,,,,,,
11561,07/29/2025 19:10:00,5.70,14725.12,,,,,,
11562,07/29/2025 19:15:00,5.45,15042.56,,,,,,
11563,07/29/2025 19:20:00,5.23,15575.04,,,,,,
11564,07/29/2025 19:25:00,5.02,14443.52,,,,,,
11565,07/29/2025 19:30:00,4.76,12605.44,,,,,,
11566,07/29/2025 19:35:00,5.10,14085.12,,,,,,
11567,07/29/2025 19:40:00,5.23,13301.76,,,,,,
11568,07/29/2025 19:45:00,5.36,13035.52,,,,,,
11569,07/29/2025 19:50:00,5.23,13102.08,,,,,,
11570,07/29/2025 19:55:00,5.06,13117.44,,,,,,
11571,07/29/2025 20:00:00,4.97,14100.48,,,,,,
11572,07/29/2025 20:05:00,5.15,14812.16,,,,,,
11573,07/29/2025 20:10:00,5.15,15206.40,,,,,,
11574,07/29/2025 20:15:00,5.53,15534.08,,,,,,
11575,07/29/2025 20:20:00,5.27,16030.72,,,,,,
11576,07/29/2025 20:25:00,5.15,14289.92,,,,,,
11577,07/29/2025 20:30:00,4.72,13455.36,,,,,,
11578,07/29/2025 20:35:00,4.50,13209.60,,,,,,
11579,07/29/2025 20:40:00,4.89,14510.08,,,,,,
11580,07/29/2025 20:45:00,4.93,12508.16,,,,,,
11581,07/29/2025 20:50:00,4.42,10035.20,,,,,,
11582,07/29/2025 20:55:00,4.37,9612.80,,,,,,
11583,07/29/2025 21:00:00,4.46,8921.60,,,,,,
11584,07/29/2025 21:05:00,4.46,8765.44,,,,,,
11585,07/29/2025 21:10:00,4.37,8343.04,,,,,,
11586,07/29/2025 21:15:00,3.99,6269.44,,,,,,
11587,07/29/2025 21:20:00,3.86,4517.12,,,,,,
11588,07/29/2025 21:25:00,3.60,4889.60,,,,,,
11589,07/29/2025 21:30:00,3.60,4520.96,,,,,,
11590,07/29/2025 21:35:00,3.73,3793.92,,,,,,
11591,07/29/2025 21:40:00,3.77,3662.08,,,,,,
11592,07/29/2025 21:45:00,3.39,3080.96,,,,,,
11593,07/29/2025 21:50:00,2.87,2268.16,,,,,,
11594,07/29/2025 21:55:00,2.61,1722.88,,,,,,
11595,07/29/2025 22:00:00,2.70,1441.92,,,,,,
11596,07/29/2025 22:05:00,3.00,1294.72,,,,,,
11597,07/29/2025 22:10:00,3.09,993.60,,,,,,
11598,07/29/2025 22:15:00,2.96,834.88,,,,,,
11599,07/29/2025 22:20:00,2.96,675.52,,,,,,
11600,07/29/2025 22:25:00,2.66,540.32,,,,,,
11601,07/29/2025 22:30:00,2.53,415.36,,,,,,
11602,07/29/2025 22:35:00,2.70,273.92,,,,,,
11603,07/29/2025 22:40:00,2.87,168.00,,,,,,
11604,07/29/2025 22:45:00,3.39,101.76,,,,,,
11605,07/29/2025 22:50:00,3.34,61.64,,,,,,
11606,07/29/2025 22:55:00,3.39,37.22,,,,,,
11607,07/29/2025 23:00:00,3.30,22.72,,,,,,
11608,07/29/2025 23:05:00,3.04,15.01,,,,,,
11609,07/29/2025 23:10:00,3.00,8.86,,,,,,
11610,07/29/2025 23:15:00,3.13,5.75,,,,,,
11611,07/29/2025 23:20:00,3.17,3.70,,,,,,
11612,07/29/2025 23:25:00,3.26,2.05,,,,,,
11613,07/29/2025 23:30:00,3.52,1.02,,,,,,
11614,07/29/2025 23:35:00,3.56,0.20,,,,,,
11615,07/29/2025 23:40:00,3.34,0.41,,,,,,
11616,07/29/2025 23:45:00,3.13,0.20,,,,,,
11617,07/29/2025 23:50:00,3.00,0.00,,,,,,
11618,07/29/2025 23:55:00,3.09,0.00,,,,,,
11619,07/30/2025 00:00:00,3.13,0.00,,,,,,
11620,07/30/2025 00:05:00,3.17,0.00,,,,,,
11621,07/30/2025 00:10:00,3.09,0.00,,,,,,
11622,07/30/2025 00:15:00,3.04,0.00,,,,,,
11623,07/30/2025 00:20:00,2.96,0.00,,,,,,
11624,07/30/2025 00:25:00,2.91,0.00,,,,,,
11625,07/30/2025 00:30:00,2.87,0.00,,,,,,
11626,07/30/2025 00:35:00,2.91,0.00,,,,,,
11627,07/30/2025 00:40:00,2.87,0.00,,,,,,
11628,07/30/2025 00:45:00,2.87,0.00,,,,,,
11629,07/30/2025 00:50:00,2.91,0.00,,,,,,
11630,07/30/2025 00:55:00,2.96,0.00,,,,,,
11631,07/30/2025 01:00:00,2.74,0.00,,,,,,
11632,07/30/2025 01:05:00,2.61,0.00,,,,,,
11633,07/30/2025 01:10:00,3.00,0.00,,,,,,
11634,07/30/2025 01:15:00,3.34,0.00,,,,,,
11635,07/30/2025 01:20:00,3.21,0.00,,,,,,
11636,07/30/2025 01:25:00,2.91,0.00,,,,,,
11637,07/30/2025 01:30:00,2.96,0.00,,,,,,
11638,07/30/2025 01:35:00,3.17,0.00,,,,,,
11639,07/30/2025 01:40:00,3.09,0.00,,,,,,
11640,07/30/2025 01:45:00,2.91,0.00,,,,,,
11641,07/30/2025 01:50:00,3.17,0.00,,,,,,
11642,07/30/2025 01:55:00,3.04,0.00,,,,,,
11643,07/30/2025 02:00:00,3.26,0.00,,,,,,
11644,07/30/2025 02:05:00,3.39,0.00,,,,,,
11645,07/30/2025 02:10:00,3.21,0.00,,,,,,
11646,07/30/2025 02:15:00,3.13,0.00,,,,,,
11647,07/30/2025 02:20:00,3.09,0.00,,,,,,
11648,07/30/2025 02:25:00,3.43,0.00,,,,,,
11649,07/30/2025 02:30:00,3.43,0.00,,,,,,
11650,07/30/2025 02:35:00,3.39,0.00,,,,,,
11651,07/30/2025 02:40:00,3.04,0.00,,,,,,
11652,07/30/2025 02:45:00,3.21,0.00,,,,,,
11653,07/30/2025 02:50:00,3.34,0.00,,,,,,
11654,07/30/2025 02:55:00,3.30,0.00,,,,,,
11655,07/30/2025 03:00:00,3.39,0.00,,,,,,
11656,07/30/2025 03:05:00,3.69,0.00,,,,,,
11657,07/30/2025 03:10:00,3.47,0.00,,,,,,
11658,07/30/2025 03:15:00,3.17,0.00,,,,,,
11659,07/30/2025 03:20:00,3.04,0.00,,,,,,
11660,07/30/2025 03:25:00,3.00,0.00,,,,,,
11661,07/30/2025 03:30:00,3.26,0.00,,,,,,
11662,07/30/2025 03:35:00,3.43,0.00,,,,,,
11663,07/30/2025 03:40:00,3.43,0.00,,,,,,
11664,07/30/2025 03:45:00,3.04,0.00,,,,,,
11665,07/30/2025 03:50:00,3.43,0.00,,,,,,
11666,07/30/2025 03:55:00,3.77,0.00,,,,,,
11667,07/30/2025 04:00:00,3.86,0.00,,,,,,
11668,07/30/2025 04:05:00,4.24,0.00,,,,,,
11669,07/30/2025 04:10:00,3.64,0.00,,,,,,
11670,07/30/2025 04:15:00,3.21,0.00,,,,,,
11671,07/30/2025 04:20:00,3.60,0.00,,,,,,
11672,07/30/2025 04:25:00,3.52,0.00,,,,,,
11673,07/30/2025 04:30:00,3.43,0.20,,,,,,
11674,07/30/2025 04:35:00,3.39,0.61,,,,,,
11675,07/30/2025 04:40:00,3.60,1.23,,,,,,
11676,07/30/2025 04:45:00,3.60,2.26,,,,,,
11677,07/30/2025 04:50:00,3.30,3.90,,,,,,
11678,07/30/2025 04:55:00,3.52,6.19,,,,,,
11679,07/30/2025 05:00:00,3.30,11.10,,,,,,
11680,07/30/2025 05:05:00,3.09,19.35,,,,,,
11681,07/30/2025 05:10:00,3.04,28.12,,,,,,
11682,07/30/2025 05:15:00,3.09,50.84,,,,,,
11683,07/30/2025 05:20:00,3.39,83.48,,,,,,
11684,07/30/2025 05:25:00,3.39,121.52,,,,,,
11685,07/30/2025 05:30:00,2.91,182.00,,,,,,
11686,07/30/2025 05:35:00,3.13,272.08,,,,,,
11687,07/30/2025 05:40:00,3.21,393.76,,,,,,
11688,07/30/2025 05:45:00,3.04,493.92,,,,,,
11689,07/30/2025 05:50:00,3.13,643.20,,,,,,
11690,07/30/2025 05:55:00,3.64,825.60,,,,,,
11691,07/30/2025 06:00:00,4.03,952.32,,,,,,
11692,07/30/2025 06:05:00,4.03,1234.56,,,,,,
11693,07/30/2025 06:10:00,3.94,1467.52,,,,,,
11694,07/30/2025 06:15:00,3.43,1728.64,,,,,,
11695,07/30/2025 06:20:00,3.39,2102.40,,,,,,
11696,07/30/2025 06:25:00,3.26,2403.20,,,,,,
11697,07/30/2025 06:30:00,3.34,2988.80,,,,,,
11698,07/30/2025 06:35:00,3.34,3813.12,,,,,,
11699,07/30/2025 06:40:00,3.99,3861.76,,,,,,
11700,07/30/2025 06:45:00,3.47,4112.64,,,,,,
11701,07/30/2025 06:50:00,4.03,3915.52,,,,,,
11702,07/30/2025 06:55:00,3.90,3559.68,,,,,,
11703,07/30/2025 07:00:00,3.82,3947.52,,,,,,
11704,07/30/2025 07:05:00,3.90,5105.92,,,,,,
11705,07/30/2025 07:10:00,3.82,6405.12,,,,,,
11706,07/30/2025 07:15:00,4.24,6776.32,,,,,,
11707,07/30/2025 07:20:00,4.72,7139.84,,,,,,
11708,07/30/2025 07:25:00,4.20,8225.28,,,,,,
11709,07/30/2025 07:30:00,4.80,7705.60,,,,,,
11710,07/30/2025 07:35:00,4.80,10613.76,,,,,,
11711,07/30/2025 07:40:00,5.75,22640.64,,,,,,
11712,07/30/2025 07:45:00,6.05,18094.08,,,,,,
11713,07/30/2025 07:50:00,6.17,19246.08,,,,,,
11714,07/30/2025 07:55:00,6.56,21841.92,,,,,,
11715,07/30/2025 08:00:00,6.48,21811.20,,,,,,
11716,07/30/2025 08:05:00,6.56,23726.08,,,,,,
11717,07/30/2025 08:10:00,6.52,23296.00,,,,,,
11718,07/30/2025 08:15:00,6.86,25118.72,,,,,,
11719,07/30/2025 08:20:00,6.99,24248.32,,,,,,
11720,07/30/2025 08:25:00,7.20,25241.60,,,,,,
11721,07/30/2025 08:30:00,6.78,23388.16,,,,,,
11722,07/30/2025 08:35:00,6.73,24453.12,,,,,,
11723,07/30/2025 08:40:00,7.38,29532.16,,,,,,
11724,07/30/2025 08:45:00,7.85,31211.52,,,,,,
11725,07/30/2025 08:50:00,8.49,34211.84,,,,,,
11726,07/30/2025 08:55:00,8.75,38615.04,,,,,,
11727,07/30/2025 09:00:00,8.75,36218.88,,,,,,
11728,07/30/2025 09:05:00,8.83,35983.36,,,,,,
11729,07/30/2025 09:10:00,8.88,36096.00,,,,,,
11730,07/30/2025 09:15:00,8.83,35901.44,,,,,,
11731,07/30/2025 09:20:00,9.09,38072.32,,,,,,
11732,07/30/2025 09:25:00,9.69,42250.24,,,,,,
11733,07/30/2025 09:30:00,9.95,41113.60,,,,,,
11734,07/30/2025 09:35:00,10.42,43048.96,,,,,,
11735,07/30/2025 09:40:00,10.89,45813.76,,,,,,
11736,07/30/2025 09:45:00,10.85,45670.40,,,,,,
11737,07/30/2025 09:50:00,11.19,49233.92,,,,,,
11738,07/30/2025 09:55:00,12.01,53022.72,,,,,,
11739,07/30/2025 10:00:00,13.08,63938.56,,,,,,
11740,07/30/2025 10:05:00,13.73,58490.88,,,,,,
11741,07/30/2025 10:10:00,13.47,51302.40,,,,,,
11742,07/30/2025 10:15:00,12.87,51486.72,,,,,,
11743,07/30/2025 10:20:00,12.48,52551.68,,,,,,
11744,07/30/2025 10:25:00,12.35,53063.68,,,,,,
11745,07/30/2025 10:30:00,13.25,63242.24,,,,,,
11746,07/30/2025 10:35:00,14.03,53760.00,,,,,,
11747,07/30/2025 10:40:00,12.40,42700.80,,,,,,
11748,07/30/2025 10:45:00,12.05,45711.36,,,,,,
11749,07/30/2025 10:50:00,12.40,51978.24,,,,,,
11750,07/30/2025 10:55:00,14.67,70676.48,,,,,,
11751,07/30/2025 11:00:00,16.13,73195.52,,,,,,
11752,07/30/2025 11:05:00,16.77,69099.52,,,,,,
11753,07/30/2025 11:10:00,18.53,84951.04,,,,,,
11754,07/30/2025 11:15:00,17.97,78049.28,,,,,,
11755,07/30/2025 11:20:00,18.70,64409.60,,,,,,
11756,07/30/2025 11:25:00,19.39,97853.44,,,,,,
11757,07/30/2025 11:30:00,21.66,75018.24,,,,,,
11758,07/30/2025 11:35:00,22.73,79278.08,,,,,,
11759,07/30/2025 11:40:00,22.31,72765.44,,,,,,
11760,07/30/2025 11:45:00,22.09,71598.08,,,,,,
11761,07/30/2025 11:50:00,21.28,57159.68,,,,,,
11762,07/30/2025 11:55:00,18.92,63569.92,,,,,,
11763,07/30/2025 12:00:00,19.00,77066.24,,,,,,
11764,07/30/2025 12:05:00,19.95,73093.12,,,,,,
11765,07/30/2025 12:10:00,20.55,75304.96,,,,,,
11766,07/30/2025 12:15:00,22.01,66088.96,,,,,,
11767,07/30/2025 12:20:00,22.43,63877.12,,,,,,
11768,07/30/2025 12:25:00,25.48,65884.16,,,,,,
11769,07/30/2025 12:30:00,26.34,78786.56,,,,,,
11770,07/30/2025 12:35:00,28.83,66928.64,,,,,,
11771,07/30/2025 12:40:00,23.94,65781.76,,,,,,
11772,07/30/2025 12:45:00,21.75,71495.68,,,,,,
11773,07/30/2025 12:50:00,22.73,95641.60,,,,,,
11774,07/30/2025 12:55:00,21.75,65781.76,,,,,,
11775,07/30/2025 13:00:00,21.58,69509.12,,,,,,
11776,07/30/2025 13:05:00,21.02,73297.92,,,,,,
11777,07/30/2025 13:10:00,22.35,77721.60,,,,,,
11778,07/30/2025 13:15:00,21.49,59453.44,,,,,,
11779,07/30/2025 13:20:00,18.10,64184.32,,,,,,
11780,07/30/2025 13:25:00,19.47,72028.16,,,,,,
11781,07/30/2025 13:30:00,19.69,77434.88,,,,,,
11782,07/30/2025 13:35:00,20.72,81223.68,,,,,,
11783,07/30/2025 13:40:00,20.63,86630.40,,,,,,
11784,07/30/2025 13:45:00,18.44,78909.44,,,,,,
11785,07/30/2025 13:50:00,18.53,83066.88,,,,,,
11786,07/30/2025 13:55:00,18.53,80097.28,,,,,,
11787,07/30/2025 14:00:00,17.76,64409.60,,,,,,
11788,07/30/2025 14:05:00,16.08,67727.36,,,,,,
11789,07/30/2025 14:10:00,15.40,72622.08,,,,,,
11790,07/30/2025 14:15:00,14.07,66211.84,,,,,,
11791,07/30/2025 14:20:00,14.07,64675.84,,,,,,
11792,07/30/2025 14:25:00,15.23,71065.60,,,,,,
11793,07/30/2025 14:30:00,15.61,78417.92,,,,,,
11794,07/30/2025 14:35:00,16.73,81838.08,,,,,,
11795,07/30/2025 14:40:00,18.23,80404.48,,,,,,
11796,07/30/2025 14:45:00,19.22,72396.80,,,,,,
11797,07/30/2025 14:50:00,19.39,73011.20,,,,,,
11798,07/30/2025 14:55:00,20.07,72806.40,,,,,,
11799,07/30/2025 15:00:00,20.42,72724.48,,,,,,
11800,07/30/2025 15:05:00,18.40,56238.08,,,,,,
11801,07/30/2025 15:10:00,16.34,58265.60,,,,,,
11802,07/30/2025 15:15:00,16.77,71495.68,,,,,,
11803,07/30/2025 15:20:00,17.59,74731.52,,,,,,
11804,07/30/2025 15:25:00,18.32,77537.28,,,,,,
11805,07/30/2025 15:30:00,19.69,70881.28,,,,,,
11806,07/30/2025 15:35:00,17.24,65064.96,,,,,,
11807,07/30/2025 15:40:00,15.91,61542.40,,,,,,
11808,07/30/2025 15:45:00,17.63,73441.28,,,,,,
11809,07/30/2025 15:50:00,18.14,72376.32,,,,,,
11810,07/30/2025 15:55:00,19.82,77352.96,,,,,,
11811,07/30/2025 16:00:00,20.20,81223.68,,,,,,
11812,07/30/2025 16:05:00,20.68,75161.60,,,,,,
11813,07/30/2025 16:10:00,20.03,76718.08,,,,,,
11814,07/30/2025 16:15:00,19.22,61870.08,,,,,,
11815,07/30/2025 16:20:00,18.19,74424.32,,,,,,
11816,07/30/2025 16:25:00,18.66,86630.40,,,,,,
11817,07/30/2025 16:30:00,18.14,58859.52,,,,,,
11818,07/30/2025 16:35:00,19.65,83640.32,,,,,,
11819,07/30/2025 16:40:00,17.89,60108.80,,,,,,
11820,07/30/2025 16:45:00,16.26,51896.32,,,,,,
11821,07/30/2025 16:50:00,15.61,61583.36,,,,,,
11822,07/30/2025 16:55:00,16.30,56606.72,,,,,,
11823,07/30/2025 17:00:00,17.97,54824.96,,,,,,
11824,07/30/2025 17:05:00,16.00,51220.48,,,,,,
11825,07/30/2025 17:10:00,18.87,82227.20,,,,,,
11826,07/30/2025 17:15:00,16.13,56094.72,,,,,,
11827,07/30/2025 17:20:00,17.93,76984.32,,,,,,
11828,07/30/2025 17:25:00,16.17,67072.00,,,,,,
11829,07/30/2025 17:30:00,16.30,63795.20,,,,,,
11830,07/30/2025 17:35:00,15.87,67358.72,,,,,,
11831,07/30/2025 17:40:00,13.34,33259.52,,,,,,
11832,07/30/2025 17:45:00,12.01,43745.28,,,,,,
11833,07/30/2025 17:50:00,10.21,35676.16,,,,,,
11834,07/30/2025 17:55:00,13.00,41943.04,,,,,,
11835,07/30/2025 18:00:00,13.81,37785.60,,,,,,
11836,07/30/2025 18:05:00,14.33,38625.28,,,,,,
11837,07/30/2025 18:10:00,13.43,42004.48,,,,,,
11838,07/30/2025 18:15:00,9.31,45629.44,,,,,,
11839,07/30/2025 18:20:00,10.08,39034.88,,,,,,
11840,07/30/2025 18:25:00,8.71,26757.12,,,,,,
11841,07/30/2025 18:30:00,7.55,31815.68,,,,,,
11842,07/30/2025 18:35:00,8.23,37795.84,,,,,,
11843,07/30/2025 18:40:00,8.28,34068.48,,,,,,
11844,07/30/2025 18:45:00,7.46,25907.20,,,,,,
11845,07/30/2025 18:50:00,6.65,20838.40,,,,,,
11846,07/30/2025 18:55:00,5.96,9541.12,,,,,,
11847,07/30/2025 19:00:00,6.09,20561.92,,,,,,
11848,07/30/2025 19:05:00,5.92,19328.00,,,,,,
11849,07/30/2025 19:10:00,6.99,16332.80,,,,,,
11850,07/30/2025 19:15:00,6.69,14259.20,,,,,,
11851,07/30/2025 19:20:00,8.15,5057.28,,,,,,
11852,07/30/2025 19:25:00,9.05,5504.00,,,,,,
11853,07/30/2025 19:30:00,9.22,5841.92,,,,,,
11854,07/30/2025 19:35:00,9.78,66.62,,,,,,
11855,07/30/2025 19:40:00,10.16,86.88,,,,,,
11856,07/30/2025 19:45:00,10.46,77.84,,,,,,
11857,07/30/2025 19:50:00,10.59,69.10,,,,,,
11858,07/30/2025 19:55:00,10.72,58.76,,,,,,
11859,07/30/2025 20:00:00,10.72,48.02,,,,,,
11860,07/30/2025 20:05:00,10.72,50.02,,,,,,
11861,07/30/2025 20:10:00,10.72,41.68,,,,,,
11862,07/30/2025 20:15:00,10.89,47.08,,,,,,
11863,07/30/2025 20:20:00,10.77,47.08,,,,,,
11864,07/30/2025 20:25:00,10.77,48.32,,,,,,
11865,07/30/2025 20:30:00,10.77,41.68,,,,,,
11866,07/30/2025 20:35:00,10.77,33.83,,,,,,
11867,07/30/2025 20:40:00,10.68,27.19,,,,,,
11868,07/30/2025 20:45:00,10.59,20.05,,,,,,
11869,07/30/2025 20:50:00,10.59,19.38,,,,,,
11870,07/30/2025 20:55:00,10.55,19.22,,,,,,
11871,07/30/2025 21:00:00,10.51,18.20,,,,,,
11872,07/30/2025 21:05:00,10.38,16.88,,,,,,
11873,07/30/2025 21:10:00,10.38,13.39,,,,,,
11874,07/30/2025 21:15:00,10.25,11.72,,,,,,
11875,07/30/2025 21:20:00,10.16,11.72,,,,,,
11876,07/30/2025 21:25:00,10.08,11.51,,,,,,
11877,07/30/2025 21:30:00,10.08,13.57,,,,,,
11878,07/30/2025 21:35:00,10.08,12.75,,,,,,
11879,07/30/2025 21:40:00,10.04,11.92,,,,,,
11880,07/30/2025 21:45:00,10.08,10.89,,,,,,
11881,07/30/2025 21:50:00,9.95,9.04,,,,,,
11882,07/30/2025 21:55:00,9.99,8.43,,,,,,
11883,07/30/2025 22:00:00,9.99,7.81,,,,,,
11884,07/30/2025 22:05:00,10.04,6.78,,,,,,
11885,07/30/2025 22:10:00,9.95,4.11,,,,,,
11886,07/30/2025 22:15:00,10.04,3.90,,,,,,
11887,07/30/2025 22:20:00,10.08,3.90,,,,,,
11888,07/30/2025 22:25:00,10.16,4.31,,,,,,
11889,07/30/2025 22:30:00,10.12,3.70,,,,,,
11890,07/30/2025 22:35:00,9.99,2.26,,,,,,
11891,07/30/2025 22:40:00,9.99,4.11,,,,,,
11892,07/30/2025 22:45:00,9.99,4.11,,,,,,
11893,07/30/2025 22:50:00,9.95,4.11,,,,,,
11894,07/30/2025 22:55:00,9.91,4.11,,,,,,
11895,07/30/2025 23:00:00,9.95,4.11,,,,,,
11896,07/30/2025 23:05:00,9.86,4.11,,,,,,
11897,07/30/2025 23:10:00,9.86,4.11,,,,,,
11898,07/30/2025 23:15:00,9.78,4.11,,,,,,
11899,07/30/2025 23:20:00,9.69,4.11,,,,,,
11900,07/30/2025 23:25:00,9.69,4.11,,,,,,
11901,07/30/2025 23:30:00,9.65,4.11,,,,,,
11902,07/30/2025 23:35:00,9.61,4.11,,,,,,
11903,07/30/2025 23:40:00,9.65,4.11,,,,,,
11904,07/30/2025 23:45:00,9.69,4.11,,,,,,
11905,07/30/2025 23:50:00,9.74,4.11,,,,,,
11906,07/30/2025 23:55:00,9.86,4.11,,,,,,
11907,07/31/2025 00:00:00,9.86,0.00,,,,,,
11908,07/31/2025 00:05:00,9.95,0.00,,,,,,
11909,07/31/2025 00:10:00,9.99,0.00,,,,,,
11910,07/31/2025 00:15:00,10.04,0.00,,,,,,
11911,07/31/2025 00:20:00,10.08,0.00,,,,,,
11912,07/31/2025 00:25:00,10.08,0.00,,,,,,
11913,07/31/2025 00:30:00,10.08,0.00,,,,,,
11914,07/31/2025 00:35:00,10.12,0.00,,,,,,
11915,07/31/2025 00:40:00,10.12,0.00,,,,,,
11916,07/31/2025 00:45:00,10.12,0.00,,,,,,
11917,07/31/2025 00:50:00,10.16,0.00,,,,,,
11918,07/31/2025 00:55:00,10.12,0.00,,,,,,
11919,07/31/2025 01:00:00,10.12,0.00,,,,,,
11920,07/31/2025 01:05:00,10.04,0.00,,,,,,
11921,07/31/2025 01:10:00,9.95,0.00,,,,,,
11922,07/31/2025 01:15:00,9.99,0.00,,,,,,
11923,07/31/2025 01:20:00,9.95,0.00,,,,,,
11924,07/31/2025 01:25:00,9.91,0.00,,,,,,
11925,07/31/2025 01:30:00,9.86,0.00,,,,,,
11926,07/31/2025 01:35:00,9.86,0.00,,,,,,
11927,07/31/2025 01:40:00,9.86,0.00,,,,,,
11928,07/31/2025 01:45:00,9.82,0.00,,,,,,
11929,07/31/2025 01:50:00,9.82,0.00,,,,,,
11930,07/31/2025 01:55:00,9.82,0.00,,,,,,
11931,07/31/2025 02:00:00,9.78,0.00,,,,,,
11932,07/31/2025 02:05:00,9.78,0.00,,,,,,
11933,07/31/2025 02:10:00,9.69,0.00,,,,,,
11934,07/31/2025 02:15:00,9.69,0.00,,,,,,
11935,07/31/2025 02:20:00,9.69,0.00,,,,,,
11936,07/31/2025 02:25:00,9.69,0.00,,,,,,
11937,07/31/2025 02:30:00,9.69,0.00,,,,,,
11938,07/31/2025 02:35:00,9.69,0.41,,,,,,
11939,07/31/2025 02:40:00,9.65,0.00,,,,,,
11940,07/31/2025 02:45:00,9.61,0.00,,,,,,
11941,07/31/2025 02:50:00,9.61,0.00,,,,,,
11942,07/31/2025 02:55:00,9.56,0.00,,,,,,
11943,07/31/2025 03:00:00,9.56,0.00,,,,,,
11944,07/31/2025 03:05:00,9.56,0.00,,,,,,
11945,07/31/2025 03:10:00,9.56,0.00,,,,,,
11946,07/31/2025 03:15:00,9.52,0.00,,,,,,
11947,07/31/2025 03:20:00,9.48,0.00,,,,,,
11948,07/31/2025 03:25:00,9.44,0.00,,,,,,
11949,07/31/2025 03:30:00,9.39,0.00,,,,,,
11950,07/31/2025 03:35:00,9.44,0.00,,,,,,
11951,07/31/2025 03:40:00,9.39,0.00,,,,,,
11952,07/31/2025 03:45:00,9.44,0.00,,,,,,
11953,07/31/2025 03:50:00,9.39,0.00,,,,,,
11954,07/31/2025 03:55:00,9.39,0.00,,,,,,
11955,07/31/2025 04:00:00,9.35,0.00,,,,,,
11956,07/31/2025 04:05:00,9.31,0.00,,,,,,
11957,07/31/2025 04:10:00,9.31,0.00,,,,,,
11958,07/31/2025 04:15:00,9.26,0.00,,,,,,
11959,07/31/2025 04:20:00,9.26,0.00,,,,,,
11960,07/31/2025 04:25:00,9.22,0.00,,,,,,
11961,07/31/2025 04:30:00,9.18,0.00,,,,,,
11962,07/31/2025 04:35:00,9.14,0.00,,,,,,
11963,07/31/2025 04:40:00,9.09,0.00,,,,,,
11964,07/31/2025 04:45:00,9.09,0.00,,,,,,
11965,07/31/2025 04:50:00,9.05,0.00,,,,,,
11966,07/31/2025 04:55:00,9.01,0.00,,,,,,
11967,07/31/2025 05:00:00,9.01,0.00,,,,,,
11968,07/31/2025 05:05:00,8.92,0.00,,,,,,
11969,07/31/2025 05:10:00,8.92,0.00,,,,,,
11970,07/31/2025 05:15:00,8.92,0.00,,,,,,
11971,07/31/2025 05:20:00,8.83,0.00,,,,,,
11972,07/31/2025 05:25:00,8.79,0.00,,,,,,
11973,07/31/2025 05:30:00,8.79,0.00,,,,,,
11974,07/31/2025 05:35:00,8.79,0.00,,,,,,
11975,07/31/2025 05:40:00,8.71,0.00,,,,,,
11976,07/31/2025 05:45:00,8.75,0.00,,,,,,
11977,07/31/2025 05:50:00,8.75,0.00,,,,,,
11978,07/31/2025 05:55:00,8.71,0.00,,,,,,
11979,07/31/2025 06:00:00,8.66,0.00,,,,,,
11980,07/31/2025 06:05:00,8.62,0.00,,,,,,
11981,07/31/2025 06:10:00,8.66,0.00,,,,,,
11982,07/31/2025 06:15:00,8.62,0.00,,,,,,
11983,07/31/2025 06:20:00,8.62,0.00,,,,,,
11984,07/31/2025 06:25:00,8.62,0.00,,,,,,
11985,07/31/2025 06:30:00,8.62,0.61,,,,,,
11986,07/31/2025 06:35:00,8.62,0.20,,,,,,
11987,07/31/2025 06:40:00,8.58,0.20,,,,,,
11988,07/31/2025 06:45:00,8.58,0.61,,,,,,
11989,07/31/2025 06:50:00,8.53,0.20,,,,,,
11990,07/31/2025 06:55:00,8.58,0.20,,,,,,
11991,07/31/2025 07:00:00,8.58,0.20,,,,,,
11992,07/31/2025 07:05:00,8.49,0.20,,,,,,
11993,07/31/2025 07:10:00,8.49,0.00,,,,,,
11994,07/31/2025 07:15:00,8.49,0.20,,,,,,
11995,07/31/2025 07:20:00,8.49,0.20,,,,,,
11996,07/31/2025 07:25:00,8.49,0.41,,,,,,
11997,07/31/2025 07:30:00,8.45,0.61,,,,,,
11998,07/31/2025 07:35:00,8.49,0.61,,,,,,
11999,07/31/2025 07:40:00,8.49,1.02,,,,,,
12000,07/31/2025 07:45:00,8.45,0.82,,,,,,
12001,07/31/2025 07:50:00,8.49,1.02,,,,,,
12002,07/31/2025 07:55:00,8.41,1.02,,,,,,
12003,07/31/2025 08:00:00,8.36,1.23,,,,,,
12004,07/31/2025 08:05:00,8.41,1.02,,,,,,
12005,07/31/2025 08:10:00,8.41,1.43,,,,,,
12006,07/31/2025 08:15:00,8.41,1.43,,,,,,
12007,07/31/2025 08:20:00,8.36,1.64,,,,,,
12008,07/31/2025 08:25:00,8.36,1.64,,,,,,
12009,07/31/2025 08:30:00,8.41,1.64,,,,,,
12010,07/31/2025 08:35:00,8.41,1.64,,,,,,
12011,07/31/2025 08:40:00,8.41,1.43,,,,,,
12012,07/31/2025 08:45:00,8.36,1.23,,,,,,
12013,07/31/2025 08:50:00,8.45,1.43,,,,,,
12014,07/31/2025 08:55:00,8.36,1.85,,,,,,
12015,07/31/2025 09:00:00,8.41,2.46,,,,,,
12016,07/31/2025 09:05:00,8.36,2.67,,,,,,
12017,07/31/2025 09:10:00,8.45,27.66,,,,,,
12018,07/31/2025 09:15:00,8.36,28.07,,,,,,
12019,07/31/2025 09:20:00,8.45,31.00,,,,,,
12020,07/31/2025 09:25:00,8.28,24.37,,,,,,
12021,07/31/2025 09:30:00,8.28,31.00,,,,,,
12022,07/31/2025 09:35:00,8.19,28.89,,,,,,
12023,07/31/2025 09:40:00,8.15,29.30,,,,,,
12024,07/31/2025 09:45:00,8.11,39.79,,,,,,
12025,07/31/2025 09:50:00,8.11,29.30,,,,,,
12026,07/31/2025 09:55:00,8.19,33.88,,,,,,
12027,07/31/2025 10:00:00,8.19,58.80,,,,,,
12028,07/31/2025 10:05:00,8.19,71.24,,,,,,
12029,07/31/2025 10:10:00,8.32,41.02,,,,,,
12030,07/31/2025 10:15:00,8.45,49.66,,,,,,
12031,07/31/2025 10:20:00,8.49,254.32,,,,,,
12032,07/31/2025 10:25:00,8.53,173.12,,,,,,
12033,07/31/2025 10:30:00,8.53,209.52,,,,,,
12034,07/31/2025 10:35:00,8.66,39.28,,,,,,
12035,07/31/2025 10:40:00,8.71,45.96,,,,,,
12036,07/31/2025 10:45:00,8.66,41.74,,,,,,
12037,07/31/2025 10:50:00,8.71,40.61,,,,,,
12038,07/31/2025 10:55:00,8.75,45.02,,,,,,
12039,07/31/2025 11:00:00,8.75,35.93,,,,,,
12040,07/31/2025 11:05:00,8.66,53.82,,,,,,
12041,07/31/2025 11:10:00,8.66,38.81,,,,,,
12042,07/31/2025 11:15:00,8.71,42.14,,,,,,
12043,07/31/2025 11:20:00,8.62,34.70,,,,,,
12044,07/31/2025 11:25:00,8.62,43.90,,,,,,
12045,07/31/2025 11:30:00,8.62,62.98,,,,,,
12046,07/31/2025 11:35:00,8.71,46.36,,,,,,
12047,07/31/2025 11:40:00,8.71,49.30,,,,,,
12048,07/31/2025 11:45:00,8.71,62.10,,,,,,
12049,07/31/2025 11:50:00,8.71,66.26,,,,,,
12050,07/31/2025 11:55:00,8.75,50.88,,,,,,
12051,07/31/2025 12:00:00,8.75,62.50,,,,,,
12052,07/31/2025 12:05:00,8.75,55.46,,,,,,
12053,07/31/2025 12:10:00,8.71,66.26,,,,,,
12054,07/31/2025 12:15:00,8.75,57.12,,,,,,
12055,07/31/2025 12:20:00,8.83,55.88,,,,,,
12056,07/31/2025 12:25:00,8.79,56.70,,,,,,
12057,07/31/2025 12:30:00,8.92,62.50,,,,,,
12058,07/31/2025 12:35:00,8.88,62.92,,,,,,
12059,07/31/2025 12:40:00,8.83,61.28,,,,,,
12060,07/31/2025 12:45:00,8.88,61.68,,,,,,
12061,07/31/2025 12:50:00,8.96,59.64,,,,,,
12062,07/31/2025 12:55:00,9.05,54.24,,,,,,
12063,07/31/2025 13:00:00,9.26,63.74,,,,,,
12064,07/31/2025 13:05:00,9.26,67.08,,,,,,
12065,07/31/2025 13:10:00,9.31,67.04,,,,,,
12066,07/31/2025 13:15:00,9.31,66.68,,,,,,
12067,07/31/2025 13:20:00,9.31,67.08,,,,,,
12068,07/31/2025 13:25:00,9.31,64.98,,,,,,
12069,07/31/2025 13:30:00,9.22,58.76,,,,,,
12070,07/31/2025 13:35:00,9.31,100.96,,,,,,
12071,07/31/2025 13:40:00,9.39,83.68,,,,,,
12072,07/31/2025 13:45:00,9.39,82.76,,,,,,
12073,07/31/2025 13:50:00,9.44,81.92,,,,,,
12074,07/31/2025 13:55:00,9.48,51.66,,,,,,
12075,07/31/2025 14:00:00,9.44,106.00,,,,,,
12076,07/31/2025 14:05:00,9.52,71.24,,,,,,
12077,07/31/2025 14:10:00,9.56,69.60,,,,,,
12078,07/31/2025 14:15:00,9.56,68.74,,,,,,
12079,07/31/2025 14:20:00,9.56,60.40,,,,,,
12080,07/31/2025 14:25:00,9.65,66.22,,,,,,
12081,07/31/2025 14:30:00,9.65,53.00,,,,,,
12082,07/31/2025 14:35:00,9.78,49.66,,,,,,
12083,07/31/2025 14:40:00,9.95,44.20,,,,,,
12084,07/31/2025 14:45:00,10.08,40.92,,,,,,
12085,07/31/2025 14:50:00,10.12,40.92,,,,,,
12086,07/31/2025 14:55:00,10.12,42.98,,,,,,
12087,07/31/2025 15:00:00,10.08,46.72,,,,,,
12088,07/31/2025 15:05:00,9.95,41.74,,,,,,
12089,07/31/2025 15:10:00,9.95,40.05,,,,,,
12090,07/31/2025 15:15:00,9.74,39.22,,,,,,
12091,07/31/2025 15:20:00,9.78,40.51,,,,,,
12092,07/31/2025 15:25:00,9.78,38.40,,,,,,
12093,07/31/2025 15:30:00,9.86,37.58,,,,,,
12094,07/31/2025 15:35:00,9.95,39.22,,,,,,
12095,07/31/2025 15:40:00,10.04,31.77,,,,,,
12096,07/31/2025 15:45:00,10.12,33.83,,,,,,
12097,07/31/2025 15:50:00,10.16,30.12,,,,,,
12098,07/31/2025 15:55:00,10.21,27.24,,,,,,
12099,07/31/2025 16:00:00,10.21,26.83,,,,,,
12100,07/31/2025 16:05:00,10.34,25.14,,,,,,
12101,07/31/2025 16:10:00,10.38,27.24,,,,,,
12102,07/31/2025 16:15:00,10.38,37.99,,,,,,
12103,07/31/2025 16:20:00,10.38,28.07,,,,,,
12104,07/31/2025 16:25:00,10.46,27.24,,,,,,
12105,07/31/2025 16:30:00,10.46,31.77,,,,,,
12106,07/31/2025 16:35:00,10.51,31.77,,,,,,
12107,07/31/2025 16:40:00,10.55,22.67,,,,,,
12108,07/31/2025 16:45:00,10.46,24.31,,,,,,
12109,07/31/2025 16:50:00,10.42,27.24,,,,,,
12110,07/31/2025 16:55:00,10.29,33.00,,,,,,
12111,07/31/2025 17:00:00,10.16,33.47,,,,,,
12112,07/31/2025 17:05:00,10.08,33.47,,,,,,
12113,07/31/2025 17:10:00,9.95,33.05,,,,,,
12114,07/31/2025 17:15:00,9.78,47.96,,,,,,
12115,07/31/2025 17:20:00,9.69,35.52,,,,,,
12116,07/31/2025 17:25:00,9.69,46.78,,,,,,
12117,07/31/2025 17:30:00,9.56,39.69,,,,,,
12118,07/31/2025 17:35:00,9.44,44.62,,,,,,
12119,07/31/2025 17:40:00,9.35,66.68,,,,,,
12120,07/31/2025 17:45:00,9.31,47.18,,,,,,
12121,07/31/2025 17:50:00,9.35,43.48,,,,,,
12122,07/31/2025 17:55:00,9.35,47.08,,,,,,
12123,07/31/2025 18:00:00,9.31,40.05,,,,,,
12124,07/31/2025 18:05:00,9.31,35.11,,,,,,
12125,07/31/2025 18:10:00,9.22,29.30,,,,,,
12126,07/31/2025 18:15:00,9.22,26.37,,,,,,
12127,07/31/2025 18:20:00,9.22,33.47,,,,,,
12128,07/31/2025 18:25:00,9.22,25.55,,,,,,
12129,07/31/2025 18:30:00,9.31,19.04,,,,,,
12130,07/31/2025 18:35:00,9.44,22.26,,,,,,
12131,07/31/2025 18:40:00,9.48,26.37,,,,,,
12132,07/31/2025 18:45:00,9.48,29.71,,,,,,
12133,07/31/2025 18:50:00,9.48,26.42,,,,,,
12134,07/31/2025 18:55:00,9.52,25.55,,,,,,
12135,07/31/2025 19:00:00,9.56,18.84,,,,,,
12136,07/31/2025 19:05:00,9.44,17.17,,,,,,
12137,07/31/2025 19:10:00,9.26,23.08,,,,,,
12138,07/31/2025 19:15:00,9.05,18.84,,,,,,
12139,07/31/2025 19:20:00,8.96,20.25,,,,,,
12140,07/31/2025 19:25:00,8.88,21.85,,,,,,
12141,07/31/2025 19:30:00,8.79,16.34,,,,,,
12142,07/31/2025 19:35:00,8.79,13.85,,,,,,
12143,07/31/2025 19:40:00,8.75,13.85,,,,,,
12144,07/31/2025 19:45:00,8.66,13.44,,,,,,
12145,07/31/2025 19:50:00,8.66,16.96,,,,,,
12146,07/31/2025 19:55:00,8.66,17.35,,,,,,
12147,07/31/2025 20:00:00,8.62,16.34,,,,,,
12148,07/31/2025 20:05:00,8.58,14.06,,,,,,
12149,07/31/2025 20:10:00,8.58,15.32,,,,,,
12150,07/31/2025 20:15:00,8.58,15.32,,,,,,
12151,07/31/2025 20:20:00,8.53,14.49,,,,,,
12152,07/31/2025 20:25:00,8.49,15.29,,,,,,
12153,07/31/2025 20:30:00,8.49,13.85,,,,,,
12154,07/31/2025 20:35:00,8.36,12.82,,,,,,
12155,07/31/2025 20:40:00,8.36,14.06,,,,,,
12156,07/31/2025 20:45:00,8.28,13.44,,,,,,
12157,07/31/2025 20:50:00,8.23,13.85,,,,,,
12158,07/31/2025 20:55:00,8.23,12.62,,,,,,
12159,07/31/2025 21:00:00,8.19,13.80,,,,,,
12160,07/31/2025 21:05:00,8.23,12.77,,,,,,
12161,07/31/2025 21:10:00,8.19,10.28,,,,,,
12162,07/31/2025 21:15:00,8.19,10.69,,,,,,
12163,07/31/2025 21:20:00,8.15,10.69,,,,,,
12164,07/31/2025 21:25:00,8.06,9.66,,,,,,
12165,07/31/2025 21:30:00,7.98,8.63,,,,,,
12166,07/31/2025 21:35:00,7.89,8.02,,,,,,
12167,07/31/2025 21:40:00,7.85,7.19,,,,,,
12168,07/31/2025 21:45:00,7.85,6.78,,,,,,
12169,07/31/2025 21:50:00,7.81,6.37,,,,,,
12170,07/31/2025 21:55:00,7.81,5.96,,,,,,
12171,07/31/2025 22:00:00,7.81,5.55,,,,,,
12172,07/31/2025 22:05:00,7.85,5.34,,,,,,
12173,07/31/2025 22:10:00,7.89,5.14,,,,,,
12174,07/31/2025 22:15:00,7.89,4.93,,,,,,
12175,07/31/2025 22:20:00,7.93,4.93,,,,,,
12176,07/31/2025 22:25:00,7.89,4.73,,,,,,
12177,07/31/2025 22:30:00,7.89,4.52,,,,,,
12178,07/31/2025 22:35:00,7.89,4.31,,,,,,
12179,07/31/2025 22:40:00,7.89,4.52,,,,,,
12180,07/31/2025 22:45:00,7.85,4.52,,,,,,
12181,07/31/2025 22:50:00,7.93,4.52,,,,,,
12182,07/31/2025 22:55:00,7.98,4.31,,,,,,
12183,07/31/2025 23:00:00,7.93,4.31,,,,,,
12184,07/31/2025 23:05:00,7.93,4.31,,,,,,
12185,07/31/2025 23:10:00,7.98,4.31,,,,,,
12186,07/31/2025 23:15:00,7.93,4.31,,,,,,
12187,07/31/2025 23:20:00,7.98,4.31,,,,,,
12188,07/31/2025 23:25:00,7.98,4.31,,,,,,
12189,07/31/2025 23:30:00,7.93,4.31,,,,,,
12190,07/31/2025 23:35:00,7.89,4.31,,,,,,
12191,07/31/2025 23:40:00,7.85,4.93,,,,,,
12192,07/31/2025 23:45:00,7.89,4.31,,,,,,
12193,07/31/2025 23:50:00,7.85,4.31,,,,,,
12194,07/31/2025 23:55:00,7.89,4.31,,,,,,
12195,08/01/2025 00:00:00,7.85,4.31,,,,,,
12196,08/01/2025 00:05:00,7.85,4.31,,,,,,
12197,08/01/2025 00:10:00,7.85,4.31,,,,,,
12198,08/01/2025 00:15:00,7.85,4.31,,,,,,
12199,08/01/2025 00:20:00,7.89,4.31,,,,,,
12200,08/01/2025 00:25:00,7.81,4.31,,,,,,
12201,08/01/2025 00:30:00,7.81,4.31,,,,,,
12202,08/01/2025 00:35:00,7.81,4.31,,,,,,
12203,08/01/2025 00:40:00,7.81,4.31,,,,,,
12204,08/01/2025 00:45:00,7.76,4.31,,,,,,
12205,08/01/2025 00:50:00,7.76,4.31,,,,,,
12206,08/01/2025 00:55:00,7.76,0.00,,,,,,
12207,08/01/2025 01:00:00,7.72,0.00,,,,,,
12208,08/01/2025 01:05:00,7.76,0.00,,,,,,
12209,08/01/2025 01:10:00,7.72,0.00,,,,,,
12210,08/01/2025 01:15:00,7.72,0.00,,,,,,
12211,08/01/2025 01:20:00,7.76,0.00,,,,,,
12212,08/01/2025 01:25:00,7.68,0.00,,,,,,
12213,08/01/2025 01:30:00,7.76,0.00,,,,,,
12214,08/01/2025 01:35:00,7.76,0.00,,,,,,
12215,08/01/2025 01:40:00,7.68,0.00,,,,,,
12216,08/01/2025 01:45:00,7.76,0.00,,,,,,
12217,08/01/2025 01:50:00,7.68,0.00,,,,,,
12218,08/01/2025 01:55:00,7.68,0.00,,,,,,
12219,08/01/2025 02:00:00,7.63,0.00,,,,,,
12220,08/01/2025 02:05:00,7.68,0.00,,,,,,
12221,08/01/2025 02:10:00,7.68,0.00,,,,,,
12222,08/01/2025 02:15:00,7.68,0.00,,,,,,
12223,08/01/2025 02:20:00,7.68,0.00,,,,,,
12224,08/01/2025 02:25:00,7.59,0.00,,,,,,
12225,08/01/2025 02:30:00,7.63,0.00,,,,,,
12226,08/01/2025 02:35:00,7.59,0.00,,,,,,
12227,08/01/2025 02:40:00,7.63,0.00,,,,,,
12228,08/01/2025 02:45:00,7.63,0.00,,,,,,
12229,08/01/2025 02:50:00,7.59,0.00,,,,,,
12230,08/01/2025 02:55:00,7.59,0.00,,,,,,
12231,08/01/2025 03:00:00,7.59,0.00,,,,,,
12232,08/01/2025 03:05:00,7.59,0.00,,,,,,
12233,08/01/2025 03:10:00,7.55,0.00,,,,,,
12234,08/01/2025 03:15:00,7.63,0.00,,,,,,
12235,08/01/2025 03:20:00,7.59,0.00,,,,,,
12236,08/01/2025 03:25:00,7.59,0.00,,,,,,
12237,08/01/2025 03:30:00,7.59,0.00,,,,,,
12238,08/01/2025 03:35:00,7.59,0.00,,,,,,
12239,08/01/2025 03:40:00,7.55,0.00,,,,,,
12240,08/01/2025 03:45:00,7.63,0.00,,,,,,
12241,08/01/2025 03:50:00,7.55,0.41,,,,,,
12242,08/01/2025 03:55:00,7.59,0.00,,,,,,
12243,08/01/2025 04:00:00,7.59,0.00,,,,,,
12244,08/01/2025 04:05:00,7.59,0.00,,,,,,
12245,08/01/2025 04:10:00,7.59,0.00,,,,,,
12246,08/01/2025 04:15:00,7.55,0.00,,,,,,
12247,08/01/2025 04:20:00,7.59,0.00,,,,,,
12248,08/01/2025 04:25:00,7.55,0.00,,,,,,
12249,08/01/2025 04:30:00,7.55,0.00,,,,,,
12250,08/01/2025 04:35:00,7.59,0.00,,,,,,
12251,08/01/2025 04:40:00,7.59,0.00,,,,,,
12252,08/01/2025 04:45:00,7.63,0.00,,,,,,
12253,08/01/2025 04:50:00,7.55,0.00,,,,,,
12254,08/01/2025 04:55:00,7.55,0.00,,,,,,
12255,08/01/2025 05:00:00,7.55,0.00,,,,,,
12256,08/01/2025 05:05:00,7.55,0.00,,,,,,
12257,08/01/2025 05:10:00,7.50,0.00,,,,,,
12258,08/01/2025 05:15:00,7.50,0.00,,,,,,
12259,08/01/2025 05:20:00,7.50,0.00,,,,,,
12260,08/01/2025 05:25:00,7.50,0.00,,,,,,
12261,08/01/2025 05:30:00,7.50,0.00,,,,,,
12262,08/01/2025 05:35:00,7.46,0.00,,,,,,
12263,08/01/2025 05:40:00,7.50,0.00,,,,,,
12264,08/01/2025 05:45:00,7.50,0.00,,,,,,
12265,08/01/2025 05:50:00,7.50,0.00,,,,,,
12266,08/01/2025 05:55:00,7.55,0.00,,,,,,
12267,08/01/2025 06:00:00,7.50,0.00,,,,,,
12268,08/01/2025 06:05:00,7.46,0.00,,,,,,
12269,08/01/2025 06:10:00,7.50,0.00,,,,,,
12270,08/01/2025 06:15:00,7.46,0.00,,,,,,
12271,08/01/2025 06:20:00,7.46,0.00,,,,,,
12272,08/01/2025 06:25:00,7.46,0.00,,,,,,
12273,08/01/2025 06:30:00,7.46,0.00,,,,,,
12274,08/01/2025 06:35:00,7.46,0.00,,,,,,
12275,08/01/2025 06:40:00,7.38,0.00,,,,,,
12276,08/01/2025 06:45:00,7.42,0.00,,,,,,
12277,08/01/2025 06:50:00,7.29,0.00,,,,,,
12278,08/01/2025 06:55:00,7.33,0.00,,,,,,
12279,08/01/2025 07:00:00,7.29,0.00,,,,,,
12280,08/01/2025 07:05:00,7.29,0.00,,,,,,
12281,08/01/2025 07:10:00,7.29,0.00,,,,,,
12282,08/01/2025 07:15:00,7.29,0.20,,,,,,
12283,08/01/2025 07:20:00,7.25,0.20,,,,,,
12284,08/01/2025 07:25:00,7.25,0.20,,,,,,
12285,08/01/2025 07:30:00,7.16,0.20,,,,,,
12286,08/01/2025 07:35:00,7.08,0.20,,,,,,
12287,08/01/2025 07:40:00,7.08,0.20,,,,,,
12288,08/01/2025 07:45:00,6.99,0.20,,,,,,
12289,08/01/2025 07:50:00,6.90,0.20,,,,,,
12290,08/01/2025 07:55:00,6.86,0.41,,,,,,
12291,08/01/2025 08:00:00,6.90,1.43,,,,,,
12292,08/01/2025 08:05:00,6.82,0.82,,,,,,
12293,08/01/2025 08:10:00,6.78,1.02,,,,,,
12294,08/01/2025 08:15:00,6.73,1.64,,,,,,
12295,08/01/2025 08:20:00,6.65,1.64,,,,,,
12296,08/01/2025 08:25:00,6.69,1.43,,,,,,
12297,08/01/2025 08:30:00,6.65,1.43,,,,,,
12298,08/01/2025 08:35:00,6.65,1.23,,,,,,
12299,08/01/2025 08:40:00,6.65,1.64,,,,,,
12300,08/01/2025 08:45:00,6.69,2.05,,,,,,
12301,08/01/2025 08:50:00,6.73,2.87,,,,,,
12302,08/01/2025 08:55:00,6.65,2.87,,,,,,
12303,08/01/2025 09:00:00,6.73,3.08,,,,,,
12304,08/01/2025 09:05:00,6.78,2.67,,,,,,
12305,08/01/2025 09:10:00,6.82,2.67,,,,,,
12306,08/01/2025 09:15:00,6.99,3.29,,,,,,
12307,08/01/2025 09:20:00,7.08,3.49,,,,,,
12308,08/01/2025 09:25:00,7.16,3.29,,,,,,
12309,08/01/2025 09:30:00,7.33,3.90,,,,,,
12310,08/01/2025 09:35:00,7.42,3.90,,,,,,
12311,08/01/2025 09:40:00,7.50,4.11,,,,,,
12312,08/01/2025 09:45:00,7.63,3.49,,,,,,
12313,08/01/2025 09:50:00,7.76,3.08,,,,,,
12314,08/01/2025 09:55:00,7.76,3.08,,,,,,
12315,08/01/2025 10:00:00,7.72,3.49,,,,,,
12316,08/01/2025 10:05:00,7.76,4.11,,,,,,
12317,08/01/2025 10:10:00,7.76,3.90,,,,,,
12318,08/01/2025 10:15:00,7.81,3.90,,,,,,
12319,08/01/2025 10:20:00,7.89,3.70,,,,,,
12320,08/01/2025 10:25:00,7.85,3.90,,,,,,
12321,08/01/2025 10:30:00,7.85,3.90,,,,,,
12322,08/01/2025 10:35:00,7.98,4.11,,,,,,
12323,08/01/2025 10:40:00,7.93,3.90,,,,,,
12324,08/01/2025 10:45:00,7.98,4.73,,,,,,
12325,08/01/2025 10:50:00,8.02,4.73,,,,,,
12326,08/01/2025 10:55:00,8.02,4.93,,,,,,
12327,08/01/2025 11:00:00,7.98,3.70,,,,,,
12328,08/01/2025 11:05:00,8.02,3.90,,,,,,
12329,08/01/2025 11:10:00,8.02,4.73,,,,,,
12330,08/01/2025 11:15:00,8.06,5.55,,,,,,
12331,08/01/2025 11:20:00,8.06,5.34,,,,,,
12332,08/01/2025 11:25:00,8.06,5.14,,,,,,
12333,08/01/2025 11:30:00,8.06,5.75,,,,,,
12334,08/01/2025 11:35:00,8.11,10.89,,,,,,
12335,08/01/2025 11:40:00,8.11,11.54,,,,,,
12336,08/01/2025 11:45:00,8.15,10.48,,,,,,
12337,08/01/2025 11:50:00,8.23,9.87,,,,,,
12338,08/01/2025 11:55:00,8.32,10.28,,,,,,
12339,08/01/2025 12:00:00,8.41,10.69,,,,,,
12340,08/01/2025 12:05:00,8.45,10.07,,,,,,
12341,08/01/2025 12:10:00,8.53,9.25,,,,,,
12342,08/01/2025 12:15:00,8.58,10.48,,,,,,
12343,08/01/2025 12:20:00,8.66,9.87,,,,,,
12344,08/01/2025 12:25:00,8.79,11.33,,,,,,
12345,08/01/2025 12:30:00,8.83,9.87,,,,,,
12346,08/01/2025 12:35:00,8.83,10.69,,,,,,
12347,08/01/2025 12:40:00,8.88,11.13,,,,,,
12348,08/01/2025 12:45:00,9.01,7.60,,,,,,
12349,08/01/2025 12:50:00,9.05,8.02,,,,,,
12350,08/01/2025 12:55:00,9.14,5.55,,,,,,
12351,08/01/2025 13:00:00,9.18,8.22,,,,,,
12352,08/01/2025 13:05:00,9.26,4.73,,,,,,
12353,08/01/2025 13:10:00,9.35,8.22,,,,,,
12354,08/01/2025 13:15:00,9.31,7.19,,,,,,
12355,08/01/2025 13:20:00,9.26,9.89,,,,,,
12356,08/01/2025 13:25:00,9.35,7.60,,,,,,
12357,08/01/2025 13:30:00,9.22,58.80,,,,,,
12358,08/01/2025 13:35:00,8.88,45.50,,,,,,
12359,08/01/2025 13:40:00,8.66,47.66,,,,,,
12360,08/01/2025 13:45:00,8.41,61.28,,,,,,
12361,08/01/2025 13:50:00,8.32,8.63,,,,,,
12362,08/01/2025 13:55:00,8.45,8.02,,,,,,
12363,08/01/2025 14:00:00,8.53,10.92,,,,,,
12364,08/01/2025 14:05:00,8.53,7.40,,,,,,
12365,08/01/2025 14:10:00,8.53,10.51,,,,,,
12366,08/01/2025 14:15:00,8.58,9.53,,,,,,
12367,08/01/2025 14:20:00,8.49,42.56,,,,,,
12368,08/01/2025 14:25:00,8.41,48.48,,,,,,
12369,08/01/2025 14:30:00,8.23,42.14,,,,,,
12370,08/01/2025 14:35:00,8.23,45.54,,,,,,
12371,08/01/2025 14:40:00,8.23,49.66,,,,,,
12372,08/01/2025 14:45:00,8.19,35.52,,,,,,
12373,08/01/2025 14:50:00,8.23,32.64,,,,,,
12374,08/01/2025 14:55:00,8.32,37.63,,,,,,
12375,08/01/2025 15:00:00,8.28,35.52,,,,,,
12376,08/01/2025 15:05:00,8.36,37.17,,,,,,
12377,08/01/2025 15:10:00,8.41,32.59,,,,,,
12378,08/01/2025 15:15:00,8.36,7.40,,,,,,
12379,08/01/2025 15:20:00,8.45,19.84,,,,,,
12380,08/01/2025 15:25:00,8.45,35.06,,,,,,
12381,08/01/2025 15:30:00,8.45,115.76,,,,,,
12382,08/01/2025 15:35:00,8.36,108.36,,,,,,
12383,08/01/2025 15:40:00,8.45,52.90,,,,,,
12384,08/01/2025 15:45:00,8.58,30.12,,,,,,
12385,08/01/2025 15:50:00,10.77,47.04,,,,,,
12386,08/01/2025 15:55:00,10.42,19.22,,,,,,
12387,08/01/2025 16:00:00,10.59,14.21,,,,,,
12388,08/01/2025 16:05:00,10.42,9.87,,,,,,
12389,08/01/2025 16:10:00,10.04,3.29,,,,,,
12390,08/01/2025 16:15:00,9.69,4.31,,,,,,
12391,08/01/2025 16:20:00,10.16,11.31,,,,,,
12392,08/01/2025 16:25:00,9.99,12.54,,,,,,
12393,08/01/2025 16:30:00,9.65,6.37,,,,,,
12394,08/01/2025 16:35:00,9.35,8.43,,,,,,
12395,08/01/2025 16:40:00,9.09,7.19,,,,,,
12396,08/01/2025 16:45:00,9.26,0.00,,,,,,
12397,08/01/2025 16:50:00,9.26,18.97,,,,,,
12398,08/01/2025 16:55:00,9.52,0.20,,,,,,
12399,08/01/2025 17:00:00,9.82,0.20,,,,,,
12400,08/01/2025 17:05:00,10.12,0.00,,,,,,
12401,08/01/2025 17:10:00,10.29,0.00,,,,,,
12402,08/01/2025 17:15:00,10.51,0.20,,,,,,
12403,08/01/2025 17:20:00,10.68,0.00,,,,,,
12404,08/01/2025 17:25:00,10.85,0.20,,,,,,
12405,08/01/2025 17:30:00,10.85,0.20,,,,,,
12406,08/01/2025 17:35:00,11.07,0.00,,,,,,
12407,08/01/2025 17:40:00,11.15,0.00,,,,,,
12408,08/01/2025 17:45:00,11.15,0.00,,,,,,
12409,08/01/2025 17:50:00,11.19,0.00,,,,,,
12410,08/01/2025 17:55:00,11.24,0.00,,,,,,
12411,08/01/2025 18:00:00,11.28,0.00,,,,,,
12412,08/01/2025 18:05:00,11.32,0.00,,,,,,
12413,08/01/2025 18:10:00,11.41,0.00,,,,,,
12414,08/01/2025 18:15:00,11.45,0.00,,,,,,
12415,08/01/2025 18:20:00,11.49,0.00,,,,,,
12416,08/01/2025 18:25:00,11.58,0.00,,,,,,
12417,08/01/2025 18:30:00,11.54,0.00,,,,,,
12418,08/01/2025 18:35:00,11.62,0.00,,,,,,
12419,08/01/2025 18:40:00,11.67,0.00,,,,,,
12420,08/01/2025 18:45:00,11.75,0.00,,,,,,
12421,08/01/2025 18:50:00,11.79,0.00,,,,,,
12422,08/01/2025 18:55:00,11.79,0.00,,,,,,
12423,08/01/2025 19:00:00,11.92,0.00,,,,,,
12424,08/01/2025 19:05:00,11.84,0.00,,,,,,
12425,08/01/2025 19:10:00,11.97,0.00,,,,,,
12426,08/01/2025 19:15:00,11.92,0.00,,,,,,
12427,08/01/2025 19:20:00,12.05,0.00,,,,,,
12428,08/01/2025 19:25:00,12.01,0.00,,,,,,
12429,08/01/2025 19:30:00,12.05,0.00,,,,,,
12430,08/01/2025 19:35:00,12.05,0.00,,,,,,
12431,08/01/2025 19:40:00,12.05,0.00,,,,,,
12432,08/01/2025 19:45:00,12.10,0.00,,,,,,
12433,08/01/2025 19:50:00,12.14,0.00,,,,,,
12434,08/01/2025 19:55:00,12.10,0.00,,,,,,
12435,08/01/2025 20:00:00,12.14,0.00,,,,,,
12436,08/01/2025 20:05:00,12.14,0.00,,,,,,
12437,08/01/2025 20:10:00,12.18,0.00,,,,,,
12438,08/01/2025 20:15:00,12.14,0.00,,,,,,
12439,08/01/2025 20:20:00,12.14,0.00,,,,,,
12440,08/01/2025 20:25:00,12.14,0.00,,,,,,
12441,08/01/2025 20:30:00,12.10,0.00,,,,,,
12442,08/01/2025 20:35:00,12.14,0.00,,,,,,
12443,08/01/2025 20:40:00,12.10,0.00,,,,,,
12444,08/01/2025 20:45:00,12.14,0.41,,,,,,
12445,08/01/2025 20:50:00,12.18,0.00,,,,,,
12446,08/01/2025 20:55:00,12.18,0.00,,,,,,
12447,08/01/2025 21:00:00,12.14,0.00,,,,,,
12448,08/01/2025 21:05:00,12.14,0.00,,,,,,
12449,08/01/2025 21:10:00,12.14,0.00,,,,,,
12450,08/01/2025 21:15:00,12.18,0.00,,,,,,
12451,08/01/2025 21:20:00,12.18,0.00,,,,,,
12452,08/01/2025 21:25:00,12.14,0.00,,,,,,
12453,08/01/2025 21:30:00,12.14,0.00,,,,,,
12454,08/01/2025 21:35:00,12.14,0.00,,,,,,
12455,08/01/2025 21:40:00,12.14,0.00,,,,,,
12456,08/01/2025 21:45:00,12.14,0.00,,,,,,
12457,08/01/2025 21:50:00,12.14,0.00,,,,,,
12458,08/01/2025 21:55:00,12.10,0.00,,,,,,
12459,08/01/2025 22:00:00,12.14,0.00,,,,,,
12460,08/01/2025 22:05:00,12.05,0.00,,,,,,
12461,08/01/2025 22:10:00,12.05,0.00,,,,,,
12462,08/01/2025 22:15:00,12.01,0.00,,,,,,
12463,08/01/2025 22:20:00,12.01,0.00,,,,,,
12464,08/01/2025 22:25:00,11.97,0.00,,,,,,
12465,08/01/2025 22:30:00,11.92,0.00,,,,,,
12466,08/01/2025 22:35:00,11.84,0.00,,,,,,
12467,08/01/2025 22:40:00,11.84,0.00,,,,,,
12468,08/01/2025 22:45:00,11.79,0.00,,,,,,
12469,08/01/2025 22:50:00,11.71,0.00,,,,,,
12470,08/01/2025 22:55:00,11.67,0.00,,,,,,
12471,08/01/2025 23:00:00,11.37,0.00,,,,,,
12472,08/01/2025 23:05:00,10.94,0.00,,,,,,
12473,08/01/2025 23:10:00,10.68,0.00,,,,,,
12474,08/01/2025 23:15:00,10.29,0.00,,,,,,
12475,08/01/2025 23:20:00,9.95,0.00,,,,,,
12476,08/01/2025 23:25:00,9.69,0.00,,,,,,
12477,08/01/2025 23:30:00,9.44,0.00,,,,,,
12478,08/01/2025 23:35:00,9.22,0.00,,,,,,
12479,08/01/2025 23:40:00,9.05,0.00,,,,,,
12480,08/01/2025 23:45:00,9.01,0.00,,,,,,
12481,08/01/2025 23:50:00,8.92,0.00,,,,,,
12482,08/01/2025 23:55:00,8.83,0.00,,,,,,
12483,08/02/2025 00:00:00,8.75,0.00,,,,,,
12484,08/02/2025 00:05:00,8.66,0.00,,,,,,
12485,08/02/2025 00:10:00,8.58,0.00,,,,,,
12486,08/02/2025 00:15:00,8.49,0.00,,,,,,
12487,08/02/2025 00:20:00,8.41,0.00,,,,,,
12488,08/02/2025 00:25:00,8.28,0.00,,,,,,
12489,08/02/2025 00:30:00,8.23,0.00,,,,,,
12490,08/02/2025 00:35:00,8.15,0.00,,,,,,
12491,08/02/2025 00:40:00,8.06,0.41,,,,,,
12492,08/02/2025 00:45:00,7.93,0.00,,,,,,
12493,08/02/2025 00:50:00,7.89,0.00,,,,,,
12494,08/02/2025 00:55:00,7.81,0.41,,,,,,
12495,08/02/2025 01:00:00,7.68,0.00,,,,,,
12496,08/02/2025 01:05:00,7.55,0.00,,,,,,
12497,08/02/2025 01:10:00,7.59,0.00,,,,,,
12498,08/02/2025 01:15:00,7.46,0.00,,,,,,
12499,08/02/2025 01:20:00,7.38,0.00,,,,,,
12500,08/02/2025 01:25:00,7.33,0.00,,,,,,
12501,08/02/2025 01:30:00,7.29,0.00,,,,,,
12502,08/02/2025 01:35:00,7.20,0.00,,,,,,
12503,08/02/2025 01:40:00,7.12,0.00,,,,,,
12504,08/02/2025 01:45:00,7.03,0.00,,,,,,
12505,08/02/2025 01:50:00,7.03,0.00,,,,,,
12506,08/02/2025 01:55:00,6.99,0.00,,,,,,
12507,08/02/2025 02:00:00,6.90,0.00,,,,,,
12508,08/02/2025 02:05:00,6.78,0.00,,,,,,
12509,08/02/2025 02:10:00,6.73,0.00,,,,,,
12510,08/02/2025 02:15:00,6.69,0.00,,,,,,
12511,08/02/2025 02:20:00,6.60,0.00,,,,,,
12512,08/02/2025 02:25:00,6.52,0.00,,,,,,
12513,08/02/2025 02:30:00,6.43,0.00,,,,,,
12514,08/02/2025 02:35:00,6.39,0.00,,,,,,
12515,08/02/2025 02:40:00,6.35,0.00,,,,,,
12516,08/02/2025 02:45:00,6.30,0.00,,,,,,
12517,08/02/2025 02:50:00,6.26,0.00,,,,,,
12518,08/02/2025 02:55:00,6.17,0.00,,,,,,
12519,08/02/2025 03:00:00,6.17,0.00,,,,,,
12520,08/02/2025 03:05:00,6.17,0.00,,,,,,
12521,08/02/2025 03:10:00,6.09,0.00,,,,,,
12522,08/02/2025 03:15:00,6.00,0.00,,,,,,
12523,08/02/2025 03:20:00,6.00,0.00,,,,,,
12524,08/02/2025 03:25:00,5.92,0.00,,,,,,
12525,08/02/2025 03:30:00,5.87,0.00,,,,,,
12526,08/02/2025 03:35:00,5.87,0.00,,,,,,
12527,08/02/2025 03:40:00,5.83,0.00,,,,,,
12528,08/02/2025 03:45:00,5.79,0.00,,,,,,
12529,08/02/2025 03:50:00,5.75,0.00,,,,,,
12530,08/02/2025 03:55:00,5.70,0.00,,,,,,
12531,08/02/2025 04:00:00,5.66,0.00,,,,,,
12532,08/02/2025 04:05:00,5.62,0.00,,,,,,
12533,08/02/2025 04:10:00,5.62,0.00,,,,,,
12534,08/02/2025 04:15:00,5.57,0.00,,,,,,
12535,08/02/2025 04:20:00,5.53,0.00,,,,,,
12536,08/02/2025 04:25:00,5.49,0.00,,,,,,
12537,08/02/2025 04:30:00,5.49,0.00,,,,,,
12538,08/02/2025 04:35:00,5.49,0.00,,,,,,
12539,08/02/2025 04:40:00,5.45,0.00,,,,,,
12540,08/02/2025 04:45:00,5.36,0.00,,,,,,
12541,08/02/2025 04:50:00,5.32,0.00,,,,,,
12542,08/02/2025 04:55:00,5.32,0.00,,,,,,
12543,08/02/2025 05:00:00,5.27,0.00,,,,,,
12544,08/02/2025 05:05:00,5.23,0.41,,,,,,
12545,08/02/2025 05:10:00,5.23,0.00,,,,,,
12546,08/02/2025 05:15:00,5.15,0.00,,,,,,
12547,08/02/2025 05:20:00,5.19,0.00,,,,,,
12548,08/02/2025 05:25:00,5.10,0.00,,,,,,
12549,08/02/2025 05:30:00,5.06,0.00,,,,,,
12550,08/02/2025 05:35:00,4.97,0.00,,,,,,
12551,08/02/2025 05:40:00,5.02,0.00,,,,,,
12552,08/02/2025 05:45:00,4.93,0.00,,,,,,
12553,08/02/2025 05:50:00,4.93,0.00,,,,,,
12554,08/02/2025 05:55:00,4.89,0.00,,,,,,
12555,08/02/2025 06:00:00,4.84,0.00,,,,,,
12556,08/02/2025 06:05:00,4.84,0.00,,,,,,
12557,08/02/2025 06:10:00,4.80,0.00,,,,,,
12558,08/02/2025 06:15:00,4.76,0.00,,,,,,
12559,08/02/2025 06:20:00,4.72,0.00,,,,,,
12560,08/02/2025 06:25:00,4.67,0.00,,,,,,
12561,08/02/2025 06:30:00,4.72,0.00,,,,,,
12562,08/02/2025 06:35:00,4.63,0.00,,,,,,
12563,08/02/2025 06:40:00,4.67,0.00,,,,,,
12564,08/02/2025 06:45:00,4.63,0.00,,,,,,
12565,08/02/2025 06:50:00,4.59,0.00,,,,,,
12566,08/02/2025 06:55:00,4.59,0.00,,,,,,
12567,08/02/2025 07:00:00,4.54,0.00,,,,,,
12568,08/02/2025 07:05:00,4.54,0.00,,,,,,
12569,08/02/2025 07:10:00,4.54,0.00,,,,,,
12570,08/02/2025 07:15:00,4.54,0.00,,,,,,
12571,08/02/2025 07:20:00,4.50,0.00,,,,,,
12572,08/02/2025 07:25:00,4.54,0.00,,,,,,
12573,08/02/2025 07:30:00,4.54,0.00,,,,,,
12574,08/02/2025 07:35:00,4.50,0.00,,,,,,
12575,08/02/2025 07:40:00,4.54,0.00,,,,,,
12576,08/02/2025 07:45:00,4.50,0.00,,,,,,
12577,08/02/2025 07:50:00,4.50,0.00,,,,,,
12578,08/02/2025 07:55:00,4.50,0.00,,,,,,
12579,08/02/2025 08:00:00,4.50,0.00,,,,,,
12580,08/02/2025 08:05:00,4.46,0.00,,,,,,
12581,08/02/2025 08:10:00,4.46,0.00,,,,,,
12582,08/02/2025 08:15:00,4.46,0.00,,,,,,
12583,08/02/2025 08:20:00,4.42,0.00,,,,,,
12584,08/02/2025 08:25:00,4.46,0.00,,,,,,
12585,08/02/2025 08:30:00,4.50,0.00,,,,,,
12586,08/02/2025 08:35:00,4.42,0.00,,,,,,
12587,08/02/2025 08:40:00,4.46,0.00,,,,,,
12588,08/02/2025 08:45:00,4.46,0.00,,,,,,
12589,08/02/2025 08:50:00,4.46,0.00,,,,,,
12590,08/02/2025 08:55:00,4.46,0.00,,,,,,
12591,08/02/2025 09:00:00,4.50,0.00,,,,,,
12592,08/02/2025 09:05:00,4.50,0.00,,,,,,
12593,08/02/2025 09:10:00,4.50,0.00,,,,,,
12594,08/02/2025 09:15:00,4.50,0.00,,,,,,
12595,08/02/2025 09:20:00,4.50,0.00,,,,,,
12596,08/02/2025 09:25:00,4.50,0.00,,,,,,
12597,08/02/2025 09:30:00,4.54,0.41,,,,,,
12598,08/02/2025 09:35:00,4.54,0.00,,,,,,
12599,08/02/2025 09:40:00,4.59,0.00,,,,,,
12600,08/02/2025 09:45:00,4.59,0.41,,,,,,
12601,08/02/2025 09:50:00,4.67,0.00,,,,,,
12602,08/02/2025 09:55:00,4.72,0.00,,,,,,
12603,08/02/2025 10:00:00,4.76,0.00,,,,,,
12604,08/02/2025 10:05:00,4.84,0.00,,,,,,
12605,08/02/2025 10:10:00,4.84,0.00,,,,,,
12606,08/02/2025 10:15:00,4.89,0.00,,,,,,
12607,08/02/2025 10:20:00,4.93,0.00,,,,,,
12608,08/02/2025 10:25:00,4.97,0.00,,,,,,
12609,08/02/2025 10:30:00,5.02,0.00,,,,,,
12610,08/02/2025 10:35:00,5.15,0.00,,,,,,
12611,08/02/2025 10:40:00,5.15,0.00,,,,,,
12612,08/02/2025 10:45:00,5.19,0.00,,,,,,
12613,08/02/2025 10:50:00,5.32,0.00,,,,,,
12614,08/02/2025 10:55:00,5.32,0.00,,,,,,
12615,08/02/2025 11:00:00,5.40,0.00,,,,,,
12616,08/02/2025 11:05:00,5.49,0.00,,,,,,
12617,08/02/2025 11:10:00,5.62,0.00,,,,,,
12618,08/02/2025 11:15:00,5.62,0.00,,,,,,
12619,08/02/2025 11:20:00,5.79,0.00,,,,,,
12620,08/02/2025 11:25:00,5.92,2.46,,,,,,
12621,08/02/2025 11:30:00,6.09,2.26,,,,,,
12622,08/02/2025 11:35:00,6.22,3.70,,,,,,
12623,08/02/2025 11:40:00,6.35,2.67,,,,,,
12624,08/02/2025 11:45:00,6.52,3.08,,,,,,
12625,08/02/2025 11:50:00,6.65,4.31,,,,,,
12626,08/02/2025 11:55:00,6.90,3.90,,,,,,
12627,08/02/2025 12:00:00,7.08,4.31,,,,,,
12628,08/02/2025 12:05:00,7.38,3.90,,,,,,
12629,08/02/2025 12:10:00,7.63,4.31,,,,,,
12630,08/02/2025 12:15:00,7.89,4.11,,,,,,
12631,08/02/2025 12:20:00,8.15,4.11,,,,,,
12632,08/02/2025 12:25:00,8.45,4.31,,,,,,
12633,08/02/2025 12:30:00,8.66,4.31,,,,,,
12634,08/02/2025 12:35:00,8.88,4.93,,,,,,
12635,08/02/2025 12:40:00,9.14,5.55,,,,,,
12636,08/02/2025 12:45:00,9.48,3.49,,,,,,
12637,08/02/2025 12:50:00,9.86,0.00,,,,,,
12638,08/02/2025 12:55:00,10.12,0.00,,,,,,
12639,08/02/2025 13:00:00,10.25,0.00,,,,,,
12640,08/02/2025 13:05:00,10.46,0.00,,,,,,
12641,08/02/2025 13:10:00,10.55,0.00,,,,,,
12642,08/02/2025 13:15:00,10.68,0.00,,,,,,
12643,08/02/2025 13:20:00,10.81,0.00,,,,,,
12644,08/02/2025 13:25:00,10.85,0.00,,,,,,
12645,08/02/2025 13:30:00,10.98,0.00,,,,,,
12646,08/02/2025 13:35:00,11.15,0.00,,,,,,
12647,08/02/2025 13:40:00,11.37,0.00,,,,,,
12648,08/02/2025 13:45:00,11.88,0.00,,,,,,
12649,08/02/2025 13:50:00,12.40,0.00,,,,,,
12650,08/02/2025 13:55:00,13.00,0.41,,,,,,
12651,08/02/2025 14:00:00,13.43,0.00,,,,,,
12652,08/02/2025 14:05:00,13.81,0.00,,,,,,
12653,08/02/2025 14:10:00,14.20,0.00,,,,,,
12654,08/02/2025 14:15:00,14.54,0.00,,,,,,
12655,08/02/2025 14:20:00,14.80,0.00,,,,,,
12656,08/02/2025 14:25:00,15.10,0.00,,,,,,
12657,08/02/2025 14:30:00,15.31,0.00,,,,,,
12658,08/02/2025 14:35:00,15.57,0.41,,,,,,
12659,08/02/2025 14:40:00,16.08,20.82,,,,,,
12660,08/02/2025 14:45:00,16.60,0.00,,,,,,
12661,08/02/2025 14:50:00,16.86,0.00,,,,,,
12662,08/02/2025 14:55:00,17.07,0.00,,,,,,
12663,08/02/2025 15:00:00,17.29,0.00,,,,,,
12664,08/02/2025 15:05:00,17.46,0.00,,,,,,
12665,08/02/2025 15:10:00,17.63,0.00,,,,,,
12666,08/02/2025 15:15:00,17.72,0.00,,,,,,
12667,08/02/2025 15:20:00,17.84,0.00,,,,,,
12668,08/02/2025 15:25:00,17.97,0.00,,,,,,
12669,08/02/2025 15:30:00,18.06,0.00,,,,,,
12670,08/02/2025 15:35:00,18.19,0.00,,,,,,
12671,08/02/2025 15:40:00,18.27,0.00,,,,,,
12672,08/02/2025 15:45:00,18.36,0.00,,,,,,
12673,08/02/2025 15:50:00,18.44,0.00,,,,,,
12674,08/02/2025 15:55:00,18.57,0.00,,,,,,
12675,08/02/2025 16:00:00,18.62,0.00,,,,,,
12676,08/02/2025 16:05:00,18.74,0.00,,,,,,
12677,08/02/2025 16:10:00,18.87,0.00,,,,,,
12678,08/02/2025 16:15:00,18.92,0.00,,,,,,
12679,08/02/2025 16:20:00,19.00,0.00,,,,,,
12680,08/02/2025 16:25:00,19.05,0.00,,,,,,
12681,08/02/2025 16:30:00,19.13,0.00,,,,,,
12682,08/02/2025 16:35:00,19.17,0.00,,,,,,
12683,08/02/2025 16:40:00,19.22,0.00,,,,,,
12684,08/02/2025 16:45:00,19.30,0.00,,,,,,
12685,08/02/2025 16:50:00,19.39,0.00,,,,,,
12686,08/02/2025 16:55:00,19.39,0.00,,,,,,
12687,08/02/2025 17:00:00,19.43,0.00,,,,,,
12688,08/02/2025 17:05:00,19.52,0.00,,,,,,
12689,08/02/2025 17:10:00,19.52,0.00,,,,,,
12690,08/02/2025 17:15:00,19.60,0.00,,,,,,
12691,08/02/2025 17:20:00,19.60,0.00,,,,,,
12692,08/02/2025 17:25:00,19.65,0.00,,,,,,
12693,08/02/2025 17:30:00,19.69,0.00,,,,,,
12694,08/02/2025 17:35:00,19.73,0.00,,,,,,
12695,08/02/2025 17:40:00,19.73,0.00,,,,,,
12696,08/02/2025 17:45:00,19.82,0.00,,,,,,
12697,08/02/2025 17:50:00,19.82,0.41,,,,,,
12698,08/02/2025 17:55:00,19.86,0.00,,,,,,
12699,08/02/2025 18:00:00,19.90,0.00,,,,,,
12700,08/02/2025 18:05:00,19.90,0.00,,,,,,
12701,08/02/2025 18:10:00,19.99,0.00,,,,,,
12702,08/02/2025 18:15:00,19.95,0.00,,,,,,
12703,08/02/2025 18:20:00,19.99,0.00,,,,,,
12704,08/02/2025 18:25:00,19.99,0.00,,,,,,
12705,08/02/2025 18:30:00,20.03,0.00,,,,,,
12706,08/02/2025 18:35:00,20.07,0.00,,,,,,
12707,08/02/2025 18:40:00,20.07,0.00,,,,,,
12708,08/02/2025 18:45:00,20.07,0.00,,,,,,
12709,08/02/2025 18:50:00,20.12,0.00,,,,,,
12710,08/02/2025 18:55:00,20.16,0.00,,,,,,
12711,08/02/2025 19:00:00,20.16,0.00,,,,,,
12712,08/02/2025 19:05:00,20.20,0.00,,,,,,
12713,08/02/2025 19:10:00,20.25,0.20,,,,,,
12714,08/02/2025 19:15:00,20.29,1.23,,,,,,
12715,08/02/2025 19:20:00,20.29,1.02,,,,,,
12716,08/02/2025 19:25:00,20.29,1.23,,,,,,
12717,08/02/2025 19:30:00,20.33,1.23,,,,,,
12718,08/02/2025 19:35:00,20.33,0.82,,,,,,
12719,08/02/2025 19:40:00,20.37,1.02,,,,,,
12720,08/02/2025 19:45:00,20.33,1.23,,,,,,
12721,08/02/2025 19:50:00,20.37,1.23,,,,,,
12722,08/02/2025 19:55:00,20.37,1.43,,,,,,
12723,08/02/2025 20:00:00,20.42,1.23,,,,,,
12724,08/02/2025 20:05:00,20.42,0.61,,,,,,
12725,08/02/2025 20:10:00,20.42,0.41,,,,,,
12726,08/02/2025 20:15:00,20.37,0.61,,,,,,
12727,08/02/2025 20:20:00,20.37,0.61,,,,,,
12728,08/02/2025 20:25:00,20.37,0.61,,,,,,
12729,08/02/2025 20:30:00,20.42,0.41,,,,,,
12730,08/02/2025 20:35:00,20.37,0.61,,,,,,
12731,08/02/2025 20:40:00,20.33,0.61,,,,,,
12732,08/02/2025 20:45:00,20.37,0.61,,,,,,
12733,08/02/2025 20:50:00,20.33,0.41,,,,,,
12734,08/02/2025 20:55:00,20.33,0.41,,,,,,
12735,08/02/2025 21:00:00,20.29,0.41,,,,,,
12736,08/02/2025 21:05:00,20.29,0.41,,,,,,
12737,08/02/2025 21:10:00,20.33,0.20,,,,,,
12738,08/02/2025 21:15:00,20.29,0.20,,,,,,
12739,08/02/2025 21:20:00,20.25,0.20,,,,,,
12740,08/02/2025 21:25:00,20.25,0.00,,,,,,
12741,08/02/2025 21:30:00,20.20,0.61,,,,,,
12742,08/02/2025 21:35:00,20.16,0.00,,,,,,
12743,08/02/2025 21:40:00,20.16,0.00,,,,,,
12744,08/02/2025 21:45:00,20.16,0.00,,,,,,
12745,08/02/2025 21:50:00,20.12,0.00,,,,,,
12746,08/02/2025 21:55:00,20.12,0.00,,,,,,
12747,08/02/2025 22:00:00,20.07,0.00,,,,,,
12748,08/02/2025 22:05:00,19.99,0.00,,,,,,
12749,08/02/2025 22:10:00,19.99,0.00,,,,,,
12750,08/02/2025 22:15:00,19.90,0.00,,,,,,
12751,08/02/2025 22:20:00,19.90,0.00,,,,,,
12752,08/02/2025 22:25:00,19.90,0.00,,,,,,
12753,08/02/2025 22:30:00,19.86,0.00,,,,,,
12754,08/02/2025 22:35:00,19.86,0.00,,,,,,
12755,08/02/2025 22:40:00,19.77,0.00,,,,,,
12756,08/02/2025 22:45:00,19.82,0.00,,,,,,
12757,08/02/2025 22:50:00,19.77,0.00,,,,,,
12758,08/02/2025 22:55:00,19.73,0.00,,,,,,
12759,08/02/2025 23:00:00,19.69,0.00,,,,,,
12760,08/02/2025 23:05:00,19.69,0.00,,,,,,
12761,08/02/2025 23:10:00,19.69,0.00,,,,,,
12762,08/02/2025 23:15:00,19.65,0.00,,,,,,
12763,08/02/2025 23:20:00,19.65,0.00,,,,,,
12764,08/02/2025 23:25:00,19.65,0.00,,,,,,
12765,08/02/2025 23:30:00,19.60,0.00,,,,,,
12766,08/02/2025 23:35:00,19.65,0.00,,,,,,
12767,08/02/2025 23:40:00,19.56,0.00,,,,,,
12768,08/02/2025 23:45:00,19.52,0.00,,,,,,
12769,08/02/2025 23:50:00,19.52,0.00,,,,,,
12770,08/02/2025 23:55:00,19.47,0.00,,,,,,
12771,08/03/2025 00:00:00,19.47,0.00,,,,,,
12772,08/03/2025 00:05:00,19.47,0.00,,,,,,
12773,08/03/2025 00:10:00,19.43,0.00,,,,,,
12774,08/03/2025 00:15:00,19.43,0.00,,,,,,
12775,08/03/2025 00:20:00,19.39,0.00,,,,,,
12776,08/03/2025 00:25:00,19.35,0.00,,,,,,
12777,08/03/2025 00:30:00,19.39,0.00,,,,,,
12778,08/03/2025 00:35:00,19.39,0.00,,,,,,
12779,08/03/2025 00:40:00,19.35,0.00,,,,,,
12780,08/03/2025 00:45:00,19.30,0.00,,,,,,
12781,08/03/2025 00:50:00,19.30,0.00,,,,,,
12782,08/03/2025 00:55:00,19.26,0.00,,,,,,
12783,08/03/2025 01:00:00,19.30,0.00,,,,,,
12784,08/03/2025 01:05:00,19.26,0.00,,,,,,
12785,08/03/2025 01:10:00,19.26,0.00,,,,,,
12786,08/03/2025 01:15:00,19.22,0.00,,,,,,
12787,08/03/2025 01:20:00,19.22,0.00,,,,,,
12788,08/03/2025 01:25:00,19.22,0.41,,,,,,
12789,08/03/2025 01:30:00,19.22,0.00,,,,,,
12790,08/03/2025 01:35:00,19.17,0.00,,,,,,
12791,08/03/2025 01:40:00,19.13,0.00,,,,,,
12792,08/03/2025 01:45:00,19.17,0.00,,,,,,
12793,08/03/2025 01:50:00,19.13,0.00,,,,,,
12794,08/03/2025 01:55:00,19.13,0.00,,,,,,
12795,08/03/2025 02:00:00,19.17,0.00,,,,,,
12796,08/03/2025 02:05:00,19.09,0.00,,,,,,
12797,08/03/2025 02:10:00,19.09,0.00,,,,,,
12798,08/03/2025 02:15:00,19.13,0.00,,,,,,
12799,08/03/2025 02:20:00,19.09,0.00,,,,,,
12800,08/03/2025 02:25:00,19.13,0.00,,,,,,
12801,08/03/2025 02:30:00,19.05,0.00,,,,,,
12802,08/03/2025 02:35:00,19.13,0.00,,,,,,
12803,08/03/2025 02:40:00,19.05,0.00,,,,,,
12804,08/03/2025 02:45:00,19.05,0.00,,,,,,
12805,08/03/2025 02:50:00,19.05,0.00,,,,,,
12806,08/03/2025 02:55:00,19.05,0.00,,,,,,
12807,08/03/2025 03:00:00,19.05,0.00,,,,,,
12808,08/03/2025 03:05:00,19.05,0.00,,,,,,
12809,08/03/2025 03:10:00,19.00,0.00,,,,,,
12810,08/03/2025 03:15:00,19.00,0.00,,,,,,
12811,08/03/2025 03:20:00,19.00,0.00,,,,,,
12812,08/03/2025 03:25:00,19.00,0.00,,,,,,
12813,08/03/2025 03:30:00,19.00,0.00,,,,,,
12814,08/03/2025 03:35:00,19.00,0.00,,,,,,
12815,08/03/2025 03:40:00,18.96,0.00,,,,,,
12816,08/03/2025 03:45:00,18.96,0.00,,,,,,
12817,08/03/2025 03:50:00,19.00,0.00,,,,,,
12818,08/03/2025 03:55:00,18.92,0.00,,,,,,
12819,08/03/2025 04:00:00,19.00,0.00,,,,,,
12820,08/03/2025 04:05:00,18.96,0.00,,,,,,
12821,08/03/2025 04:10:00,18.96,0.00,,,,,,
12822,08/03/2025 04:15:00,18.96,0.00,,,,,,
12823,08/03/2025 04:20:00,18.92,0.00,,,,,,
12824,08/03/2025 04:25:00,18.92,0.00,,,,,,
12825,08/03/2025 04:30:00,18.92,0.00,,,,,,
12826,08/03/2025 04:35:00,18.96,0.00,,,,,,
12827,08/03/2025 04:40:00,18.92,0.00,,,,,,
12828,08/03/2025 04:45:00,18.92,0.00,,,,,,
12829,08/03/2025 04:50:00,18.87,0.00,,,,,,
12830,08/03/2025 04:55:00,18.87,0.00,,,,,,
12831,08/03/2025 05:00:00,18.87,0.00,,,,,,
12832,08/03/2025 05:05:00,18.87,0.00,,,,,,
12833,08/03/2025 05:10:00,18.79,0.00,,,,,,
12834,08/03/2025 05:15:00,18.79,0.00,,,,,,
12835,08/03/2025 05:20:00,18.83,0.41,,,,,,
12836,08/03/2025 05:25:00,18.79,0.00,,,,,,
12837,08/03/2025 05:30:00,18.74,0.00,,,,,,
12838,08/03/2025 05:35:00,18.70,0.00,,,,,,
12839,08/03/2025 05:40:00,18.66,0.00,,,,,,
12840,08/03/2025 05:45:00,18.66,0.00,,,,,,
12841,08/03/2025 05:50:00,18.70,0.00,,,,,,
12842,08/03/2025 05:55:00,18.66,0.00,,,,,,
12843,08/03/2025 06:00:00,18.70,0.00,,,,,,
12844,08/03/2025 06:05:00,18.66,0.00,,,,,,
12845,08/03/2025 06:10:00,18.57,0.00,,,,,,
12846,08/03/2025 06:15:00,18.57,0.00,,,,,,
12847,08/03/2025 06:20:00,18.53,0.00,,,,,,
12848,08/03/2025 06:25:00,18.53,0.00,,,,,,
12849,08/03/2025 06:30:00,18.53,0.00,,,,,,
12850,08/03/2025 06:35:00,18.53,0.00,,,,,,
12851,08/03/2025 06:40:00,18.49,0.00,,,,,,
12852,08/03/2025 06:45:00,18.49,0.00,,,,,,
12853,08/03/2025 06:50:00,18.44,0.00,,,,,,
12854,08/03/2025 06:55:00,18.49,0.00,,,,,,
12855,08/03/2025 07:00:00,18.44,0.00,,,,,,
12856,08/03/2025 07:05:00,18.44,0.00,,,,,,
12857,08/03/2025 07:10:00,18.40,0.00,,,,,,
12858,08/03/2025 07:15:00,18.40,0.00,,,,,,
12859,08/03/2025 07:20:00,18.44,0.00,,,,,,
12860,08/03/2025 07:25:00,18.40,0.00,,,,,,
12861,08/03/2025 07:30:00,18.40,0.00,,,,,,
12862,08/03/2025 07:35:00,18.40,0.00,,,,,,
12863,08/03/2025 07:40:00,18.40,0.00,,,,,,
12864,08/03/2025 07:45:00,18.40,0.00,,,,,,
12865,08/03/2025 07:50:00,18.36,0.00,,,,,,
12866,08/03/2025 07:55:00,18.40,0.00,,,,,,
12867,08/03/2025 08:00:00,18.36,0.00,,,,,,
12868,08/03/2025 08:05:00,18.32,0.00,,,,,,
12869,08/03/2025 08:10:00,18.32,0.00,,,,,,
12870,08/03/2025 08:15:00,18.36,0.00,,,,,,
12871,08/03/2025 08:20:00,18.32,0.00,,,,,,
12872,08/03/2025 08:25:00,18.32,0.00,,,,,,
12873,08/03/2025 08:30:00,18.32,0.00,,,,,,
12874,08/03/2025 08:35:00,18.36,0.20,,,,,,
12875,08/03/2025 08:40:00,18.32,0.41,,,,,,
12876,08/03/2025 08:45:00,18.32,0.61,,,,,,
12877,08/03/2025 08:50:00,18.36,0.61,,,,,,
12878,08/03/2025 08:55:00,18.32,0.61,,,,,,
12879,08/03/2025 09:00:00,18.32,1.02,,,,,,
12880,08/03/2025 09:05:00,18.32,0.00,,,,,,
12881,08/03/2025 09:10:00,18.32,0.00,,,,,,
12882,08/03/2025 09:15:00,18.32,0.61,,,,,,
12883,08/03/2025 09:20:00,18.32,0.00,,,,,,
12884,08/03/2025 09:25:00,18.32,0.00,,,,,,
12885,08/03/2025 09:30:00,18.36,0.20,,,,,,
12886,08/03/2025 09:35:00,18.36,0.20,,,,,,
12887,08/03/2025 09:40:00,18.32,0.00,,,,,,
12888,08/03/2025 09:45:00,18.32,0.20,,,,,,
12889,08/03/2025 09:50:00,18.32,0.20,,,,,,
12890,08/03/2025 09:55:00,18.32,0.20,,,,,,
12891,08/03/2025 10:00:00,18.36,0.20,,,,,,
12892,08/03/2025 10:05:00,18.32,0.00,,,,,,
12893,08/03/2025 10:10:00,18.32,0.20,,,,,,
12894,08/03/2025 10:15:00,18.32,0.20,,,,,,
12895,08/03/2025 10:20:00,18.36,0.20,,,,,,
12896,08/03/2025 10:25:00,18.36,0.20,,,,,,
12897,08/03/2025 10:30:00,18.36,0.20,,,,,,
12898,08/03/2025 10:35:00,18.40,0.20,,,,,,
12899,08/03/2025 10:40:00,18.40,0.20,,,,,,
12900,08/03/2025 10:45:00,18.40,0.20,,,,,,
12901,08/03/2025 10:50:00,18.44,0.20,,,,,,
12902,08/03/2025 10:55:00,18.40,0.20,,,,,,
12903,08/03/2025 11:00:00,18.44,0.20,,,,,,
12904,08/03/2025 11:05:00,18.49,0.20,,,,,,
12905,08/03/2025 11:10:00,18.49,0.20,,,,,,
12906,08/03/2025 11:15:00,18.49,0.20,,,,,,
12907,08/03/2025 11:20:00,18.53,0.20,,,,,,
12908,08/03/2025 11:25:00,18.57,0.20,,,,,,
12909,08/03/2025 11:30:00,18.57,0.20,,,,,,
12910,08/03/2025 11:35:00,18.53,0.20,,,,,,
12911,08/03/2025 11:40:00,18.53,0.20,,,,,,
12912,08/03/2025 11:45:00,18.53,0.41,,,,,,
12913,08/03/2025 11:50:00,18.53,0.41,,,,,,
12914,08/03/2025 11:55:00,18.57,0.61,,,,,,
12915,08/03/2025 12:00:00,18.57,0.61,,,,,,
12916,08/03/2025 12:05:00,18.62,0.61,,,,,,
12917,08/03/2025 12:10:00,18.62,1.43,,,,,,
12918,08/03/2025 12:15:00,18.62,1.43,,,,,,
12919,08/03/2025 12:20:00,18.66,0.41,,,,,,
12920,08/03/2025 12:25:00,18.74,0.41,,,,,,
12921,08/03/2025 12:30:00,18.70,0.20,,,,,,
12922,08/03/2025 12:31:25,,,,,Logged,,,
12923,08/03/2025 12:31:26,,,,,,Logged,,
12924,08/03/2025 12:31:41,,,Logged,,,,,
12925,08/03/2025 12:32:01,,,,,,,Logged,Logged
