Date Time,Temp (°F) LGR S/N: 22038777 c:1,Intensity (lum/ft²) LGR S/N: 22038777 c:2,Button Down LGR S/N: 22038777,Button Up LGR S/N: 22038777,Host Connected LGR S/N: 22038777,End Of File LGR S/N: 22038777
06/19/26 14:05:00,70.68,8961.46,,,,
06/19/26 14:10:00,71.45,8923.41,,,,
06/19/26 14:15:00,73.08,8900.58,,,,
06/19/26 14:20:00,74.08,8896.77,,,,
06/19/26 14:25:00,74.31,8915.80,,,,
06/19/26 14:30:00,73.93,8946.24,,,,
06/19/26 14:35:00,73.23,8801.64,,,,
06/19/26 14:40:00,74.70,8972.88,,,,
06/19/26 14:45:00,76.55,9007.12,,,,
06/19/26 14:50:00,80.72,8832.08,,,,
06/19/26 14:55:00,79.56,8915.80,,,,
06/19/26 15:00:00,79.87,9201.19,,,,
06/19/26 15:05:00,80.41,9425.71,,,,
06/19/26 15:10:00,80.72,9197.39,,,,
06/19/26 15:15:00,82.81,10198.18,,,,
06/19/26 15:20:00,85.20,10826.05,,,,
06/19/26 15:25:00,85.90,11278.88,,,,
06/19/26 15:30:00,87.36,12180.74,,,,
06/19/26 15:35:00,79.33,7907.39,,,,
06/19/26 15:40:00,66.90,5831.61,,,,
06/19/26 15:45:00,61.42,5247.50,,,,
06/19/26 15:50:00,57.32,4436.97,,,,
06/19/26 15:55:00,53.54,3413.35,,,,
06/19/26 16:00:00,58.17,7197.71,,,,
06/19/26 16:05:00,58.79,3459.01,,,,
06/19/26 16:10:00,62.42,8295.53,,,,
06/19/26 16:15:00,71.30,7876.95,,,,
06/19/26 16:20:00,74.00,7635.32,,,,
06/19/26 16:25:00,73.54,7547.79,,,,
06/19/26 16:30:00,71.15,7429.83,,,,
06/19/26 16:35:00,70.45,7308.06,,,,
06/19/26 16:40:00,69.45,7220.54,,,,
06/19/26 16:45:00,68.52,7192.00,,,,
06/19/26 16:50:00,67.13,7190.10,,,,
06/19/26 16:55:00,66.82,7222.44,,,,
06/19/26 17:00:00,66.36,7268.11,,,,
06/19/26 17:05:00,66.36,7338.50,,,,
06/19/26 17:10:00,67.28,7443.15,,,,
06/19/26 17:15:00,68.37,7618.19,,,,
06/19/26 17:20:00,67.59,7835.09,,,,
06/19/26 17:25:00,69.14,8188.99,,,,
06/19/26 17:30:00,72.46,8870.13,,,,
06/19/26 17:35:00,75.70,9505.62,,,,
06/19/26 17:40:00,70.76,4046.93,,,,
06/19/26 17:45:00,64.12,4239.09,,,,
06/19/26 17:50:00,73.85,9357.21,,,,
06/19/26 17:55:00,70.45,5835.41,,,,
06/19/26 18:00:00,61.11,4581.57,,,,
06/19/26 18:05:00,53.77,3953.70,,,,
06/19/26 18:10:00,51.15,3420.01,,,,
06/19/26 18:15:00,50.68,3787.22,,,,
06/19/26 18:20:00,51.76,4039.32,,,,
06/19/26 18:25:00,54.70,5595.68,,,,
06/19/26 18:30:00,59.79,6488.02,,,,
06/19/26 18:35:00,62.11,6436.65,,,,
06/19/26 18:40:00,54.85,3855.71,,,,
06/19/26 18:45:00,52.30,3464.72,,,,
06/19/26 18:50:00,49.60,3034.72,,,,
06/19/26 18:55:00,47.44,2724.59,,,,
06/19/26 19:00:00,46.20,2579.04,,,,
06/19/26 19:05:00,45.28,2491.51,,,,
06/19/26 19:10:00,44.89,2485.81,,,,
06/19/26 19:15:00,44.81,2497.22,,,,
06/19/26 19:20:00,45.12,2634.21,,,,
06/19/26 19:25:00,45.82,2615.19,,,,
06/19/26 19:30:00,46.44,2703.66,,,,
06/19/26 19:35:00,45.82,3295.38,,,,
06/19/26 19:40:00,46.98,3205.01,,,,
06/19/26 19:45:00,48.98,3934.67,,,,
06/19/26 19:50:00,49.99,3657.84,,,,
06/19/26 19:55:00,46.98,1781.83,,,,
06/19/26 20:00:00,42.11,1219.12,,,,
06/19/26 20:05:00,40.57,1065.01,,,,
06/19/26 20:10:00,40.03,894.72,,,,
06/19/26 20:15:00,39.41,781.75,,,,
06/19/26 20:20:00,39.41,721.10,,,,
06/19/26 20:25:00,39.18,693.04,,,,
06/19/26 20:30:00,39.49,680.43,,,,
06/19/26 20:35:00,39.49,675.91,,,,
06/19/26 20:40:00,39.64,654.51,,,,
06/19/26 20:45:00,39.41,609.80,,,,
06/19/26 20:50:00,40.03,543.68,,,,
06/19/26 20:55:00,39.56,481.84,,,,
06/19/26 21:00:00,38.33,443.55,,,,
06/19/26 21:05:00,37.48,443.55,,,,
06/19/26 21:10:00,37.09,427.62,,,,
06/19/26 21:15:00,36.63,397.53,,,,
06/19/26 21:20:00,37.09,349.37,,,,
06/19/26 21:25:00,36.78,307.63,,,,
06/19/26 21:30:00,36.47,277.19,,,,
06/19/26 21:35:00,36.78,253.41,,,,
06/19/26 21:40:00,36.47,233.79,,,,
06/19/26 21:45:00,36.24,210.00,,,,
06/19/26 21:50:00,36.71,179.62,,,,
06/19/26 21:55:00,36.40,141.69,,,,
06/19/26 22:00:00,36.01,109.61,,,,
06/19/26 22:05:00,35.93,86.72,,,,
06/19/26 22:10:00,36.40,67.72,,,,
06/19/26 22:15:00,36.32,52.66,,,,
06/19/26 22:20:00,36.40,40.86,,,,
06/19/26 22:25:00,36.55,31.63,,,,
06/19/26 22:30:00,36.55,24.53,,,,
06/19/26 22:35:00,36.63,18.97,,,,
06/19/26 22:40:00,36.86,14.11,,,,
06/19/26 22:45:00,37.48,10.20,,,,
06/19/26 22:50:00,37.71,7.33,,,,
06/19/26 22:55:00,38.40,5.22,,,,
06/19/26 23:00:00,38.87,3.75,,,,
06/19/26 23:05:00,38.87,2.83,,,,
06/19/26 23:10:00,38.33,2.26,,,,
06/19/26 23:15:00,37.63,1.74,,,,
06/19/26 23:20:00,38.10,1.19,,,,
06/19/26 23:25:00,38.25,0.84,,,,
06/19/26 23:30:00,37.86,0.67,,,,
06/19/26 23:35:00,37.32,0.48,,,,
06/19/26 23:40:00,36.40,0.36,,,,
06/19/26 23:45:00,36.47,0.32,,,,
06/19/26 23:50:00,37.25,0.26,,,,
06/19/26 23:55:00,37.71,0.20,,,,
06/20/26 00:00:00,37.86,0.16,,,,
06/20/26 00:05:00,37.55,0.12,,,,
06/20/26 00:10:00,37.55,0.10,,,,
06/20/26 00:15:00,37.63,0.10,,,,
06/20/26 00:20:00,37.63,0.08,,,,
06/20/26 00:25:00,37.86,0.08,,,,
06/20/26 00:30:00,38.17,0.06,,,,
06/20/26 00:35:00,38.25,0.06,,,,
06/20/26 00:40:00,38.33,0.06,,,,
06/20/26 00:45:00,38.56,0.06,,,,
06/20/26 00:50:00,38.48,0.06,,,,
06/20/26 00:55:00,37.40,0.06,,,,
06/20/26 01:00:00,37.32,0.04,,,,
06/20/26 01:05:00,37.32,0.06,,,,
06/20/26 01:10:00,37.09,0.06,,,,
06/20/26 01:15:00,37.32,0.06,,,,
06/20/26 01:20:00,37.17,0.08,,,,
06/20/26 01:25:00,37.48,0.08,,,,
06/20/26 01:30:00,37.86,0.10,,,,
06/20/26 01:35:00,37.94,0.10,,,,
06/20/26 01:40:00,37.40,0.12,,,,
06/20/26 01:45:00,36.86,0.14,,,,
06/20/26 01:50:00,36.24,0.18,,,,
06/20/26 01:55:00,35.93,0.20,,,,
06/20/26 02:00:00,36.63,0.24,,,,
06/20/26 02:05:00,37.17,0.28,,,,
06/20/26 02:10:00,37.48,0.30,,,,
06/20/26 02:15:00,38.02,0.36,,,,
06/20/26 02:20:00,37.17,0.46,,,,
06/20/26 02:25:00,35.70,0.65,,,,
06/20/26 02:30:00,35.86,0.81,,,,
06/20/26 02:35:00,36.86,1.05,,,,
06/20/26 02:40:00,37.17,1.54,,,,
06/20/26 02:45:00,37.63,1.98,,,,
06/20/26 02:50:00,38.25,2.39,,,,
06/20/26 02:55:00,38.64,3.39,,,,
06/20/26 03:00:00,38.56,4.78,,,,
06/20/26 03:05:00,37.94,6.77,,,,
06/20/26 03:10:00,37.48,9.63,,,,
06/20/26 03:15:00,37.40,13.16,,,,
06/20/26 03:20:00,37.09,18.75,,,,
06/20/26 03:25:00,37.71,25.86,,,,
06/20/26 03:30:00,37.48,33.10,,,,
06/20/26 03:35:00,37.63,40.34,,,,
06/20/26 03:40:00,38.48,53.50,,,,
06/20/26 03:45:00,38.79,68.76,,,,
06/20/26 03:50:00,38.40,88.77,,,,
06/20/26 03:55:00,38.17,112.70,,,,
06/20/26 04:00:00,38.02,132.65,,,,
06/20/26 04:05:00,38.25,153.70,,,,
06/20/26 04:10:00,38.17,182.59,,,,
06/20/26 04:15:00,38.33,272.44,,,,
06/20/26 04:20:00,38.10,254.00,,,,
06/20/26 04:25:00,37.17,277.19,,,,
06/20/26 04:30:00,37.63,311.20,,,,
06/20/26 04:35:00,38.02,335.82,,,,
06/20/26 04:40:00,37.94,364.00,,,,
06/20/26 04:45:00,37.86,386.47,,,,
06/20/26 04:50:00,37.86,414.66,,,,
06/20/26 04:55:00,37.55,446.05,,,,
06/20/26 05:00:00,37.40,474.59,,,,
06/20/26 05:05:00,38.10,512.53,,,,
06/20/26 05:10:00,39.02,724.19,,,,
06/20/26 05:15:00,40.72,1151.10,,,,
06/20/26 05:20:00,44.12,1340.41,,,,
06/20/26 05:25:00,45.97,1456.00,,,,
06/20/26 05:30:00,47.36,1563.02,,,,
06/20/26 05:35:00,48.37,1629.14,,,,
06/20/26 05:40:00,45.43,1772.31,,,,
06/20/26 05:45:00,47.90,1891.23,,,,
06/20/26 05:50:00,49.76,2019.66,,,,
06/20/26 05:55:00,50.68,2127.16,,,,
06/20/26 06:00:00,51.61,2242.27,,,,
06/20/26 06:05:00,52.38,2356.43,,,,
06/20/26 06:10:00,53.15,2484.86,,,,
06/20/26 06:15:00,53.08,2618.99,,,,
06/20/26 06:20:00,52.69,2766.45,,,,
06/20/26 06:25:00,53.54,2892.97,,,,
06/20/26 06:30:00,54.62,3014.74,,,,
06/20/26 06:35:00,55.47,3133.66,,,,
06/20/26 06:40:00,56.01,3255.43,,,,
06/20/26 06:45:00,56.55,3363.88,,,,
06/20/26 06:50:00,56.94,3464.72,,,,
06/20/26 06:55:00,57.56,3564.61,,,,
06/20/26 07:00:00,58.10,3669.25,,,,
06/20/26 07:05:00,58.64,3777.70,,,,
06/20/26 07:10:00,60.03,3889.01,,,,
06/20/26 07:15:00,61.34,3999.36,,,,
06/20/26 07:20:00,61.72,4117.32,,,,
06/20/26 07:25:00,61.80,4239.09,,,,
06/20/26 07:30:00,61.80,4358.96,,,,
06/20/26 07:35:00,62.34,4480.73,,,,
06/20/26 07:40:00,62.88,4598.69,,,,
06/20/26 07:45:00,62.96,4735.68,,,,
06/20/26 07:50:00,63.19,4861.26,,,,
06/20/26 07:55:00,63.89,4975.42,,,,
06/20/26 08:00:00,64.20,5097.19,,,,
06/20/26 08:05:00,65.05,5222.76,,,,
06/20/26 08:10:00,65.20,5342.63,,,,
06/20/26 08:15:00,65.82,5466.30,,,,
06/20/26 08:20:00,66.74,5588.07,,,,
06/20/26 08:25:00,66.67,5711.74,,,,
06/20/26 08:30:00,67.52,5827.80,,,,
06/20/26 08:35:00,67.59,5953.38,,,,
06/20/26 08:40:00,68.60,6071.34,,,,
06/20/26 08:45:00,70.14,6191.21,,,,
06/20/26 08:50:00,72.54,6307.27,,,,
06/20/26 08:55:00,72.46,6425.23,,,,
06/20/26 09:00:00,69.68,6543.20,,,,
06/20/26 09:05:00,68.83,6647.84,,,,
06/20/26 09:10:00,70.06,6750.59,,,,
06/20/26 09:15:00,71.45,6891.38,,,,
06/20/26 09:20:00,71.22,7047.40,,,,
06/20/26 09:25:00,71.92,7066.43,,,,
06/20/26 09:30:00,70.68,6855.23,,,,
06/20/26 09:35:00,69.52,7334.70,,,,
06/20/26 09:40:00,70.53,7367.04,,,,
06/20/26 09:45:00,70.37,7505.94,,,,
06/20/26 09:50:00,69.29,7616.29,,,,
06/20/26 09:55:00,68.67,7715.23,,,,
06/20/26 10:00:00,68.83,7800.85,,,,
06/20/26 10:05:00,70.61,7892.17,,,,
06/20/26 10:10:00,72.30,7941.64,,,,
06/20/26 10:15:00,71.07,7922.62,,,,
06/20/26 10:20:00,67.90,7998.72,,,,
06/20/26 10:25:00,67.36,8128.10,,,,
06/20/26 10:30:00,67.90,8253.68,,,,
06/20/26 10:35:00,67.36,8287.92,,,,
06/20/26 10:40:00,66.05,8303.14,,,,
06/20/26 10:45:00,65.97,8166.15,,,,
06/20/26 10:50:00,65.89,8348.81,,,,
06/20/26 10:55:00,66.51,8493.41,,,,
06/20/26 11:00:00,67.21,8554.29,,,,
06/20/26 11:05:00,66.67,8622.79,,,,
06/20/26 11:10:00,66.59,8698.90,,,,
06/20/26 11:15:00,66.98,8763.59,,,,
06/20/26 11:20:00,68.06,8835.89,,,,
06/20/26 11:25:00,69.29,8858.72,,,,
06/20/26 11:30:00,67.59,8911.99,,,,
06/20/26 11:35:00,67.36,8950.04,,,,
06/20/26 11:40:00,67.98,8976.68,,,,
06/20/26 11:45:00,68.44,9010.93,,,,
06/20/26 11:50:00,68.06,9048.98,,,,
06/20/26 11:55:00,67.83,9094.65,,,,
06/20/26 12:00:00,67.13,9102.26,,,,
06/20/26 12:05:00,67.67,9128.89,,,,
06/20/26 12:10:00,68.98,9144.11,,,,
06/20/26 12:15:00,67.98,9159.34,,,,
06/20/26 12:20:00,67.44,9170.75,,,,
06/20/26 12:25:00,67.98,9185.97,,,,
06/20/26 12:30:00,66.98,9193.58,,,,
06/20/26 12:35:00,66.98,9185.97,,,,
06/20/26 12:40:00,66.98,9182.17,,,,
06/20/26 12:45:00,65.82,9182.17,,,,
06/20/26 12:50:00,64.89,9174.56,,,,
06/20/26 12:55:00,65.43,9170.75,,,,
06/20/26 13:00:00,65.35,9174.56,,,,
06/20/26 13:05:00,64.66,9163.14,,,,
06/20/26 13:10:00,65.05,9151.72,,,,
06/20/26 13:15:00,65.51,9121.28,,,,
06/20/26 13:20:00,64.66,9106.06,,,,
06/20/26 13:25:00,64.74,9083.23,,,,
06/20/26 13:30:00,65.74,9056.59,,,,
06/20/26 13:35:00,65.97,9029.96,,,,
06/20/26 13:40:00,66.28,8999.51,,,,
06/20/26 13:45:00,68.21,8969.07,,,,
06/20/26 13:50:00,68.91,8931.02,,,,
06/20/26 13:55:00,68.06,8896.77,,,,
06/20/26 14:00:00,67.83,8858.72,,,,
06/20/26 14:05:00,67.83,8824.47,,,,
06/20/26 14:10:00,66.74,8794.03,,,,
06/20/26 14:15:00,66.13,8748.36,,,,
06/20/26 14:20:00,69.37,8695.09,,,,
06/20/26 14:25:00,71.30,8641.82,,,,
06/20/26 14:30:00,71.45,8592.35,,,,
06/20/26 14:35:00,73.69,8535.27,,,,
06/20/26 14:40:00,73.23,8489.60,,,,
06/20/26 14:45:00,72.15,8440.14,,,,
06/20/26 14:50:00,70.68,8386.86,,,,
06/20/26 14:55:00,73.54,8325.98,,,,
06/20/26 15:00:00,73.46,8265.09,,,,
06/20/26 15:05:00,72.92,8196.60,,,,
06/20/26 15:10:00,71.07,8135.71,,,,
06/20/26 15:15:00,69.22,8074.83,,,,
06/20/26 15:20:00,69.37,8002.53,,,,
06/20/26 15:25:00,71.76,7915.01,,,,
06/20/26 15:30:00,73.69,7846.51,,,,
06/20/26 15:35:00,74.54,7768.50,,,,
06/20/26 15:40:00,72.77,7701.91,,,,
06/20/26 15:45:00,71.84,7639.12,,,,
06/20/26 15:50:00,67.44,7528.77,,,,
06/20/26 15:55:00,64.81,7458.37,,,,
06/20/26 16:00:00,64.50,7403.19,,,,
06/20/26 16:05:00,64.58,7342.31,,,,
06/20/26 16:10:00,64.81,7275.72,,,,
06/20/26 16:15:00,65.12,7226.25,,,,
06/20/26 16:20:00,65.35,7180.58,,,,
06/20/26 16:25:00,65.20,7134.92,,,,
06/20/26 16:30:00,63.73,7121.60,,,,
06/20/26 16:35:00,64.66,7134.92,,,,
06/20/26 16:40:00,64.97,7159.65,,,,
06/20/26 16:45:00,63.96,7222.44,,,,
06/20/26 16:50:00,63.50,7321.38,,,,
06/20/26 16:55:00,63.04,7488.81,,,,
06/20/26 17:00:00,62.81,7589.65,,,,
06/20/26 17:05:00,62.34,7686.69,,,,
06/20/26 17:10:00,61.96,7730.45,,,,
06/20/26 17:15:00,61.49,7692.40,,,,
06/20/26 17:20:00,61.11,7612.48,,,,
06/20/26 17:25:00,60.80,7467.88,,,,
06/20/26 17:30:00,61.18,7222.44,,,,
06/20/26 17:35:00,62.19,6961.78,,,,
06/20/26 17:40:00,61.80,6642.14,,,,
06/20/26 17:45:00,59.72,6349.13,,,,
06/20/26 17:50:00,60.41,6101.78,,,,
06/20/26 17:55:00,60.80,5863.95,,,,
06/20/26 18:00:00,60.41,5631.83,,,,
06/20/26 18:05:00,59.87,5525.28,,,,
06/20/26 18:10:00,58.56,5382.58,,,,
06/20/26 18:15:00,58.48,5230.37,,,,
06/20/26 18:20:00,57.79,5089.58,,,,
06/20/26 18:25:00,58.79,4954.49,,,,
06/20/26 18:30:00,58.17,4817.50,,,,
06/20/26 18:35:00,56.94,4672.90,,,,
06/20/26 18:40:00,56.78,4566.35,,,,
06/20/26 18:45:00,55.86,4450.29,,,,
06/20/26 18:50:00,55.47,4338.03,,,,
06/20/26 18:55:00,55.24,4246.70,,,,
06/20/26 19:00:00,55.62,4162.99,,,,
06/20/26 19:05:00,55.32,4079.27,,,,
06/20/26 19:10:00,54.54,3982.24,,,,
06/20/26 19:15:00,53.93,3881.40,,,,
06/20/26 19:20:00,53.93,3749.16,,,,
06/20/26 19:25:00,53.54,3657.84,,,,
06/20/26 19:30:00,53.15,3522.75,,,,
06/20/26 19:35:00,53.08,3390.51,,,,
06/20/26 19:40:00,52.38,3212.62,,,,
06/20/26 19:45:00,52.30,3076.58,,,,
06/20/26 19:50:00,51.92,2935.78,,,,
06/20/26 19:55:00,53.15,2790.23,,,,
06/20/26 20:00:00,54.85,2652.29,,,,
06/20/26 20:05:00,55.47,2521.96,,,,
06/20/26 20:10:00,53.39,2403.04,,,,
06/20/26 20:15:00,52.54,2276.52,,,,
06/20/26 20:20:00,52.77,2144.28,,,,
06/20/26 20:25:00,52.69,2021.56,,,,
06/20/26 20:30:00,50.22,1905.98,,,,
06/20/26 20:35:00,49.14,1788.49,,,,
06/20/26 20:40:00,49.29,1675.28,,,,
06/20/26 20:45:00,48.06,1561.12,,,,
06/20/26 20:50:00,47.21,1449.82,,,,
06/20/26 20:55:00,46.90,1336.13,,,,
06/20/26 21:00:00,45.97,1234.82,,,,
06/20/26 21:05:00,45.59,1134.45,,,,
06/20/26 21:10:00,45.28,1009.35,,,,
06/20/26 21:15:00,40.10,393.49,,,,
06/20/26 21:20:00,37.86,362.10,,,,
06/20/26 21:25:00,37.09,329.75,,,,
06/20/26 21:30:00,37.94,299.07,,,,
06/20/26 21:35:00,37.86,268.04,,,,
06/20/26 21:40:00,38.25,237.59,,,,
06/20/26 21:45:00,38.87,207.98,,,,
06/20/26 21:50:00,38.02,180.28,,,,
06/20/26 21:55:00,38.25,153.34,,,,
06/20/26 22:00:00,38.71,128.19,,,,
06/20/26 22:05:00,38.56,105.48,,,,
06/20/26 22:10:00,38.40,85.29,,,,
06/20/26 22:15:00,37.86,67.72,,,,
06/20/26 22:20:00,38.25,52.50,,,,
06/20/26 22:25:00,38.25,39.75,,,,
06/20/26 22:30:00,38.33,29.80,,,,
06/20/26 22:35:00,38.02,22.13,,,,
06/20/26 22:40:00,37.79,15.93,,,,
06/20/26 22:45:00,36.63,11.55,,,,
06/20/26 22:50:00,35.93,8.59,,,,
06/20/26 22:55:00,35.93,6.05,,,,
06/20/26 23:00:00,36.32,4.34,,,,
06/20/26 23:05:00,36.40,3.20,,,,
06/20/26 23:10:00,36.86,2.42,,,,
06/20/26 23:15:00,35.70,1.78,,,,
06/20/26 23:20:00,35.47,1.25,,,,
06/20/26 23:25:00,36.16,0.95,,,,
06/20/26 23:30:00,36.32,0.71,,,,
06/20/26 23:35:00,36.55,0.57,,,,
06/20/26 23:40:00,37.09,0.42,,,,
06/20/26 23:45:00,37.63,0.32,,,,
06/20/26 23:50:00,37.40,0.28,,,,
06/20/26 23:55:00,37.17,0.22,,,,
06/21/26 00:00:00,36.32,0.18,,,,
06/21/26 00:05:00,36.78,0.14,,,,
06/21/26 00:10:00,37.48,0.12,,,,
06/21/26 00:15:00,37.01,0.10,,,,
06/21/26 00:20:00,38.71,0.08,,,,
06/21/26 00:25:00,38.48,0.06,,,,
06/21/26 00:30:00,36.86,0.06,,,,
06/21/26 00:35:00,35.70,0.04,,,,
06/21/26 00:40:00,34.77,0.04,,,,
06/21/26 00:45:00,34.70,0.04,,,,
06/21/26 00:50:00,34.31,0.04,,,,
06/21/26 00:55:00,33.85,0.04,,,,
06/21/26 01:00:00,34.31,0.04,,,,
06/21/26 01:05:00,34.23,0.04,,,,
06/21/26 01:10:00,34.70,0.04,,,,
06/21/26 01:15:00,34.31,0.04,,,,
06/21/26 01:20:00,33.85,0.04,,,,
06/21/26 01:25:00,35.62,0.06,,,,
06/21/26 01:30:00,35.24,0.06,,,,
06/21/26 01:35:00,33.93,0.08,,,,
06/21/26 01:40:00,34.23,0.08,,,,
06/21/26 01:45:00,35.01,0.10,,,,
06/21/26 01:50:00,34.70,0.14,,,,
06/21/26 01:55:00,35.70,0.16,,,,
06/21/26 02:00:00,35.62,0.20,,,,
06/21/26 02:05:00,35.55,0.24,,,,
06/21/26 02:10:00,36.32,0.28,,,,
06/21/26 02:15:00,35.93,0.40,,,,
06/21/26 02:20:00,34.08,0.49,,,,
06/21/26 02:25:00,32.38,0.65,,,,
06/21/26 02:30:00,34.54,0.81,,,,
06/21/26 02:35:00,36.24,1.07,,,,
06/21/26 02:40:00,36.16,1.36,,,,
06/21/26 02:45:00,35.70,1.87,,,,
06/21/26 02:50:00,34.39,2.64,,,,
06/21/26 02:55:00,32.00,3.54,,,,
06/21/26 03:00:00,30.99,4.82,,,,
06/21/26 03:05:00,32.46,6.76,,,,
06/21/26 03:10:00,32.00,8.93,,,,
06/21/26 03:15:00,34.00,12.20,,,,
06/21/26 03:20:00,35.70,16.73,,,,
06/21/26 03:25:00,35.70,22.69,,,,
06/21/26 03:30:00,32.92,30.12,,,,
06/21/26 03:35:00,32.30,39.52,,,,
06/21/26 03:40:00,32.54,52.11,,,,
06/21/26 03:45:00,31.69,68.02,,,,
06/21/26 03:50:00,30.68,87.67,,,,
06/21/26 03:55:00,32.69,119.27,,,,
06/21/26 04:00:00,33.08,146.27,,,,
06/21/26 04:05:00,34.39,168.98,,,,
06/21/26 04:10:00,35.70,271.60,,,,
06/21/26 04:15:00,35.86,314.41,,,,
06/21/26 04:20:00,38.79,400.74,,,,
06/21/26 04:25:00,37.79,475.54,,,,
06/21/26 04:30:00,36.86,562.95,,,,
06/21/26 04:35:00,40.41,647.38,,,,
06/21/26 04:40:00,42.42,733.71,,,,
06/21/26 04:45:00,41.80,812.91,,,,
06/21/26 04:50:00,41.34,900.43,,,,
06/21/26 04:55:00,42.65,988.90,,,,
06/21/26 05:00:00,43.50,1080.70,,,,
06/21/26 05:05:00,44.27,1172.51,,,,
06/21/26 05:10:00,45.12,1267.64,,,,
06/21/26 05:15:00,45.97,1368.48,,,,
06/21/26 05:20:00,46.90,1470.27,,,,
06/21/26 05:25:00,44.89,1582.53,,,,
06/21/26 05:30:00,45.89,1699.06,,,,
06/21/26 05:35:00,45.89,1816.55,,,,
06/21/26 05:40:00,46.59,1933.09,,,,
06/21/26 05:45:00,47.59,2049.15,,,,
06/21/26 05:50:00,48.67,2179.48,,,,
06/21/26 05:55:00,50.84,2303.15,,,,
06/21/26 06:00:00,50.68,2430.63,,,,
06/21/26 06:05:00,52.30,2555.25,,,,
06/21/26 06:10:00,52.30,2687.49,,,,
06/21/26 06:15:00,52.77,2843.50,,,,
06/21/26 06:20:00,53.85,2977.64,,,,
06/21/26 06:25:00,54.54,3115.58,,,,
06/21/26 06:30:00,54.23,3256.38,,,,
06/21/26 06:35:00,54.54,3363.88,,,,
06/21/26 06:40:00,55.55,3469.47,,,,
06/21/26 06:45:00,56.17,3553.19,,,,
06/21/26 06:50:00,59.10,3624.54,,,,
06/21/26 06:55:00,63.27,3713.01,,,,
06/21/26 07:00:00,63.73,3821.46,,,,
06/21/26 07:05:00,63.42,3925.16,,,,
06/21/26 07:10:00,63.96,4031.71,,,,
06/21/26 07:15:00,63.73,4151.57,,,,
06/21/26 07:20:00,60.95,4280.95,,,,
06/21/26 07:25:00,59.87,4404.62,,,,
06/21/26 07:30:00,59.64,4526.39,,,,
06/21/26 07:35:00,61.03,4644.36,,,,
06/21/26 07:40:00,63.50,4777.54,,,,
06/21/26 07:45:00,68.21,4887.90,,,,
06/21/26 07:50:00,69.45,5024.89,,,,
06/21/26 07:55:00,70.22,5142.85,,,,
06/21/26 08:00:00,74.93,5228.47,,,,
06/21/26 08:05:00,75.70,5354.04,,,,
06/21/26 08:10:00,74.23,5475.81,,,,
06/21/26 08:15:00,72.00,5620.41,,,,
06/21/26 08:20:00,68.13,5768.82,,,,
06/21/26 08:25:00,65.66,5892.49,,,,
06/21/26 08:30:00,66.28,6010.46,,,,
06/21/26 08:35:00,66.44,6128.42,,,,
06/21/26 08:40:00,67.13,6246.39,,,,
06/21/26 08:45:00,68.83,6352.93,,,,
06/21/26 08:50:00,70.91,6463.29,,,,
06/21/26 08:55:00,71.38,6575.54,,,,
06/21/26 09:00:00,72.61,6678.29,,,,
06/21/26 09:05:00,73.08,6786.74,,,,
06/21/26 09:10:00,72.38,6891.38,,,,
06/21/26 09:15:00,73.00,6994.12,,,,
06/21/26 09:20:00,74.78,7098.77,,,,
06/21/26 09:25:00,76.55,7192.00,,,,
06/21/26 09:30:00,77.01,7296.65,,,,
06/21/26 09:35:00,77.09,7391.78,,,,
06/21/26 09:40:00,75.32,7502.13,,,,
06/21/26 09:45:00,74.23,7601.07,,,,
06/21/26 09:50:00,72.23,7701.91,,,,
06/21/26 09:55:00,72.61,7789.43,,,,
06/21/26 10:00:00,74.47,7869.34,,,,
06/21/26 10:05:00,74.16,7960.67,,,,
06/21/26 10:10:00,74.70,8036.77,,,,
06/21/26 10:15:00,74.78,8112.88,,,,
06/21/26 10:20:00,73.39,8200.40,,,,
06/21/26 10:25:00,71.45,8280.31,,,,
06/21/26 10:30:00,69.76,8352.61,,,,
06/21/26 10:35:00,69.29,8421.11,,,,
06/21/26 10:40:00,68.91,8501.02,,,,
06/21/26 10:45:00,68.52,8577.13,,,,
06/21/26 10:50:00,67.75,8634.21,,,,
06/21/26 10:55:00,68.13,8672.26,,,,
06/21/26 11:00:00,67.75,8740.75,,,,
06/21/26 11:05:00,68.13,8775.00,,,,
06/21/26 11:10:00,68.60,8832.08,,,,
06/21/26 11:15:00,69.29,8931.02,,,,
06/21/26 11:20:00,68.60,8999.51,,,,
06/21/26 11:25:00,67.21,8797.83,,,,
06/21/26 11:30:00,65.35,8611.37,,,,
06/21/26 11:35:00,65.74,8999.51,,,,
06/21/26 11:40:00,65.20,8748.36,,,,
06/21/26 11:45:00,65.05,9007.12,,,,
06/21/26 11:50:00,64.81,8942.43,,,,
06/21/26 11:55:00,66.90,9577.92,,,,
06/21/26 12:00:00,67.36,9551.28,,,,
06/21/26 12:05:00,66.59,8881.55,,,,
06/21/26 12:10:00,67.59,9071.81,,,,
06/21/26 12:15:00,68.52,9402.87,,,,
06/21/26 12:20:00,68.29,9303.94,,,,
06/21/26 12:25:00,67.36,8946.24,,,,
06/21/26 12:30:00,67.59,9231.64,,,,
06/21/26 12:35:00,68.83,9174.56,,,,
06/21/26 12:40:00,70.45,9212.61,,,,
06/21/26 12:45:00,72.69,9349.60,,,,
06/21/26 12:50:00,76.32,9147.92,,,,
06/21/26 12:55:00,72.77,9281.10,,,,
06/21/26 13:00:00,70.45,9003.32,,,,
06/21/26 13:05:00,67.52,9239.25,,,,
06/21/26 13:10:00,65.20,8995.71,,,,
06/21/26 13:15:00,65.51,9227.83,,,,
06/21/26 13:20:00,66.67,9197.39,,,,
06/21/26 13:25:00,67.36,9037.57,,,,
06/21/26 13:30:00,68.52,9140.31,,,,
06/21/26 13:35:00,70.37,9330.57,,,,
06/21/26 13:40:00,71.92,8691.28,,,,
06/21/26 13:45:00,72.84,8885.35,,,,
06/21/26 13:50:00,72.77,8953.85,,,,
06/21/26 13:55:00,72.23,8755.97,,,,
06/21/26 14:00:00,72.46,8809.25,,,,
06/21/26 14:05:00,73.08,8786.42,,,,
06/21/26 14:10:00,70.76,8166.15,,,,
06/21/26 14:15:00,67.83,8352.61,,,,
06/21/26 14:20:00,66.74,8546.68,,,,
06/21/26 14:25:00,66.51,8196.60,,,,
06/21/26 14:30:00,66.05,8436.33,,,,
06/21/26 14:35:00,65.66,8025.36,,,,
06/21/26 14:40:00,64.27,8261.29,,,,
06/21/26 14:45:00,64.50,8432.52,,,,
06/21/26 14:50:00,64.58,8379.25,,,,
06/21/26 14:55:00,64.97,8299.34,,,,
06/21/26 15:00:00,65.05,8116.69,,,,
06/21/26 15:05:00,64.89,8181.38,,,,
06/21/26 15:10:00,65.12,8173.77,,,,
06/21/26 15:15:00,63.96,8128.10,,,,
06/21/26 15:20:00,64.20,8074.83,,,,
06/21/26 15:25:00,63.81,7739.96,,,,
06/21/26 15:30:00,59.10,5753.60,,,,
06/21/26 15:35:00,60.03,6847.62,,,,
06/21/26 15:40:00,63.42,7922.62,,,,
06/21/26 15:45:00,64.27,7797.04,,,,
06/21/26 15:50:00,65.05,7496.42,,,,
06/21/26 15:55:00,65.20,7443.15,,,,
06/21/26 16:00:00,65.51,7570.63,,,,
06/21/26 16:05:00,66.28,7513.55,,,,
06/21/26 16:10:00,66.44,7228.15,,,,
06/21/26 16:15:00,66.98,7328.99,,,,
06/21/26 16:20:00,67.13,7245.27,,,,
06/21/26 16:25:00,67.44,7134.92,,,,
06/21/26 16:30:00,67.67,7182.49,,,,
06/21/26 16:35:00,67.98,7190.10,,,,
06/21/26 16:40:00,67.59,7222.44,,,,
06/21/26 16:45:00,66.82,7281.42,,,,
06/21/26 16:50:00,65.66,7306.16,,,,
06/21/26 16:55:00,64.97,7504.03,,,,
06/21/26 17:00:00,64.50,7665.76,,,,
06/21/26 17:05:00,62.65,7540.18,,,,
06/21/26 17:10:00,62.34,7835.09,,,,
06/21/26 17:15:00,61.65,7738.06,,,,
06/21/26 17:20:00,61.34,7601.07,,,,
06/21/26 17:25:00,61.18,7399.39,,,,
06/21/26 17:30:00,61.34,7121.60,,,,
06/21/26 17:35:00,61.11,6838.11,,,,
06/21/26 17:40:00,60.64,6518.46,,,,
06/21/26 17:45:00,60.88,6254.00,,,,
06/21/26 17:50:00,60.57,6008.55,,,,
06/21/26 17:55:00,59.72,5795.46,,,,
06/21/26 18:00:00,58.71,5618.51,,,,
06/21/26 18:05:00,57.79,5437.76,,,,
06/21/26 18:10:00,57.09,5283.65,,,,
06/21/26 18:15:00,57.17,5146.66,,,,
06/21/26 18:20:00,56.86,5036.30,,,,
06/21/26 18:25:00,57.32,4916.44,,,,
06/21/26 18:30:00,57.01,4804.18,,,,
06/21/26 18:35:00,56.78,4678.61,,,,
06/21/26 18:40:00,57.01,4583.47,,,,
06/21/26 18:45:00,57.09,4488.34,,,,
06/21/26 18:50:00,56.63,4387.50,,,,
06/21/26 18:55:00,56.71,4296.17,,,,
06/21/26 19:00:00,56.71,4132.55,,,,
06/21/26 19:05:00,56.40,4033.61,,,,
06/21/26 19:10:00,57.40,4031.71,,,,
06/21/26 19:15:00,56.32,3911.84,,,,
06/21/26 19:20:00,55.01,3791.02,,,,
06/21/26 19:25:00,55.08,3682.57,,,,
06/21/26 19:30:00,55.24,3569.36,,,,
06/21/26 19:35:00,55.62,3428.57,,,,
06/21/26 19:40:00,55.01,3260.18,,,,
06/21/26 19:45:00,53.46,3081.33,,,,
06/21/26 19:50:00,52.92,2921.51,,,,
06/21/26 19:55:00,52.61,2753.13,,,,
06/21/26 20:00:00,52.69,2619.94,,,,
06/21/26 20:05:00,52.38,2500.08,,,,
06/21/26 20:10:00,51.69,2383.06,,,,
06/21/26 20:15:00,49.99,2268.90,,,,
06/21/26 20:20:00,49.37,2150.94,,,,
06/21/26 20:25:00,48.91,2032.98,,,,
06/21/26 20:30:00,48.52,1925.95,,,,
06/21/26 20:35:00,47.90,1810.37,,,,
06/21/26 20:40:00,47.13,1698.11,,,,
06/21/26 20:45:00,46.51,1591.09,,,,
06/21/26 20:50:00,45.43,1481.69,,,,
06/21/26 20:55:00,44.74,1370.38,,,,
06/21/26 21:00:00,44.12,1265.73,,,,
06/21/26 21:05:00,44.27,1168.70,,,,
06/21/26 21:10:00,43.89,1063.10,,,,
06/21/26 21:15:00,39.64,386.47,,,,
06/21/26 21:20:00,38.02,356.03,,,,
06/21/26 21:25:00,37.09,325.95,,,,
06/21/26 21:30:00,36.47,296.22,,,,
06/21/26 21:35:00,35.47,266.73,,,,
06/21/26 21:40:00,34.77,237.77,,,,
06/21/26 21:45:00,35.24,208.58,,,,
06/21/26 21:50:00,36.01,180.75,,,,
06/21/26 21:55:00,35.93,153.58,,,,
06/21/26 22:00:00,35.08,128.84,,,,
06/21/26 22:05:00,35.70,106.13,,,,
06/21/26 22:10:00,35.70,86.48,,,,
06/21/26 22:15:00,35.62,68.64,,,,
06/21/26 22:20:00,35.39,53.45,,,,
06/21/26 22:25:00,35.16,40.62,,,,
06/21/26 22:30:00,35.01,30.53,,,,
06/21/26 22:35:00,35.24,22.55,,,,
06/21/26 22:40:00,34.85,16.34,,,,
06/21/26 22:45:00,34.93,11.80,,,,
06/21/26 22:50:00,33.93,8.76,,,,
06/21/26 22:55:00,33.85,6.44,,,,
06/21/26 23:00:00,34.23,4.62,,,,
06/21/26 23:05:00,34.85,3.23,,,,
06/21/26 23:10:00,35.32,2.35,,,,
06/21/26 23:15:00,36.32,1.71,,,,
06/21/26 23:20:00,37.09,1.47,,,,
06/21/26 23:25:00,37.40,1.01,,,,
06/21/26 23:30:00,37.32,0.75,,,,
06/21/26 23:35:00,36.94,0.58,,,,
06/21/26 23:40:00,36.55,0.47,,,,
06/21/26 23:45:00,35.39,0.38,,,,
06/21/26 23:50:00,35.39,0.26,,,,
06/21/26 23:55:00,35.93,0.24,,,,
06/22/26 00:00:00,35.70,0.18,,,,
06/22/26 00:05:00,35.16,0.16,,,,
06/22/26 00:10:00,35.39,0.12,,,,
06/22/26 00:15:00,35.47,0.10,,,,
06/22/26 00:20:00,35.55,0.08,,,,
06/22/26 00:25:00,35.24,0.08,,,,
06/22/26 00:30:00,36.47,0.06,,,,
06/22/26 00:35:00,36.94,0.06,,,,
06/22/26 00:40:00,36.71,0.04,,,,
06/22/26 00:45:00,36.94,0.04,,,,
06/22/26 00:50:00,36.71,0.04,,,,
06/22/26 00:55:00,36.55,0.04,,,,
06/22/26 01:00:00,36.32,0.04,,,,
06/22/26 01:05:00,36.78,0.04,,,,
06/22/26 01:10:00,36.32,0.04,,,,
06/22/26 01:15:00,35.47,0.04,,,,
06/22/26 01:20:00,35.01,0.06,,,,
06/22/26 01:25:00,35.39,0.06,,,,
06/22/26 01:30:00,35.78,0.08,,,,
06/22/26 01:35:00,35.24,0.10,,,,
06/22/26 01:40:00,34.93,0.12,,,,
06/22/26 01:45:00,36.24,0.14,,,,
06/22/26 01:50:00,36.01,0.16,,,,
06/22/26 01:55:00,36.71,0.20,,,,
06/22/26 02:00:00,37.40,0.22,,,,
06/22/26 02:05:00,37.79,0.28,,,,
06/22/26 02:10:00,37.55,0.30,,,,
06/22/26 02:15:00,37.32,0.36,,,,
06/22/26 02:20:00,37.63,0.46,,,,
06/22/26 02:25:00,38.10,0.60,,,,
06/22/26 02:30:00,38.64,0.76,,,,
06/22/26 02:35:00,38.94,1.01,,,,
06/22/26 02:40:00,38.87,1.50,,,,
06/22/26 02:45:00,37.32,1.95,,,,
06/22/26 02:50:00,36.24,2.58,,,,
06/22/26 02:55:00,35.93,3.43,,,,
06/22/26 03:00:00,36.16,4.86,,,,
06/22/26 03:05:00,36.94,6.92,,,,
06/22/26 03:10:00,37.55,9.64,,,,
06/22/26 03:15:00,38.33,13.33,,,,
06/22/26 03:20:00,38.48,18.91,,,,
06/22/26 03:25:00,38.10,25.54,,,,
06/22/26 03:30:00,37.17,35.84,,,,
06/22/26 03:35:00,37.79,47.64,,,,
06/22/26 03:40:00,38.40,60.71,,,,
06/22/26 03:45:00,37.71,75.27,,,,
06/22/26 03:50:00,37.63,94.33,,,,
06/22/26 03:55:00,37.17,134.31,,,,
06/22/26 04:00:00,36.40,162.97,,,,
06/22/26 04:05:00,36.16,182.00,,,,
06/22/26 04:10:00,37.71,305.37,,,,
06/22/26 04:15:00,38.17,334.51,,,,
06/22/26 04:20:00,39.95,452.71,,,,
06/22/26 04:25:00,39.33,364.59,,,,
06/22/26 04:30:00,39.87,422.27,,,,
06/22/26 04:35:00,41.18,649.75,,,,
06/22/26 04:40:00,42.73,552.96,,,,
06/22/26 04:45:00,41.88,476.73,,,,
06/22/26 04:50:00,42.27,532.27,,,,
06/22/26 04:55:00,43.35,725.38,,,,
06/22/26 05:00:00,45.51,866.18,,,,
06/22/26 05:05:00,46.05,1015.54,,,,
06/22/26 05:10:00,46.36,984.62,,,,
06/22/26 05:15:00,44.50,1073.09,,,,
06/22/26 05:20:00,45.28,793.17,,,,
06/22/26 05:25:00,44.66,926.83,,,,
06/22/26 05:30:00,45.89,1279.05,,,,
06/22/26 05:35:00,44.20,1184.87,,,,
06/22/26 05:40:00,45.20,1670.52,,,,
06/22/26 05:45:00,47.44,1769.46,,,,
06/22/26 05:50:00,46.82,1830.82,,,,
06/22/26 05:55:00,48.83,2349.77,,,,
06/22/26 06:00:00,51.61,2728.39,,,,
06/22/26 06:05:00,53.77,2967.18,,,,
06/22/26 06:10:00,54.47,2973.83,,,,
06/22/26 06:15:00,54.31,2976.69,,,,
06/22/26 06:20:00,54.70,3297.28,,,,
06/22/26 06:25:00,53.23,2951.00,,,,
06/22/26 06:30:00,51.45,2612.33,,,,
06/22/26 06:35:00,50.45,2331.69,,,,
06/22/26 06:40:00,52.38,2828.28,,,,
06/22/26 06:45:00,52.77,2622.80,,,,
06/22/26 06:50:00,53.23,3038.52,,,,
06/22/26 06:55:00,57.01,3925.16,,,,
06/22/26 07:00:00,59.25,4299.98,,,,
06/22/26 07:05:00,61.11,4216.26,,,,
06/22/26 07:10:00,61.88,4143.96,,,,
06/22/26 07:15:00,61.18,4381.79,,,,
06/22/26 07:20:00,63.42,5064.84,,,,
06/22/26 07:25:00,66.67,5451.08,,,,
06/22/26 07:30:00,68.21,5232.28,,,,
06/22/26 07:35:00,70.37,5093.38,,,,
06/22/26 07:40:00,71.30,4925.95,,,,
06/22/26 07:45:00,68.83,4216.26,,,,
06/22/26 07:50:00,64.89,4037.41,,,,
06/22/26 07:55:00,64.58,4505.46,,,,
06/22/26 08:00:00,61.80,4096.40,,,,
06/22/26 08:05:00,59.87,4102.10,,,,
06/22/26 08:10:00,60.03,4136.35,,,,
06/22/26 08:15:00,67.44,6571.74,,,,
06/22/26 08:20:00,74.31,7085.45,,,,
06/22/26 08:25:00,76.63,6819.08,,,,
06/22/26 08:30:00,78.48,6628.82,,,,
06/22/26 08:35:00,74.85,5772.63,,,,
06/22/26 08:40:00,70.91,5780.24,,,,
06/22/26 08:45:00,70.45,4556.84,,,,
06/22/26 08:50:00,68.13,5268.43,,,,
06/22/26 08:55:00,65.82,4998.25,,,,
06/22/26 09:00:00,62.81,5572.85,,,,
06/22/26 09:05:00,62.65,5106.70,,,,
06/22/26 09:10:00,63.04,5765.02,,,,
06/22/26 09:15:00,66.82,6845.72,,,,
06/22/26 09:20:00,71.69,6387.18,,,,
06/22/26 09:25:00,72.69,6269.22,,,,
06/22/26 09:30:00,77.25,6526.07,,,,
06/22/26 09:35:00,76.47,6815.28,,,,
06/22/26 09:40:00,77.40,7498.33,,,,
06/22/26 09:45:00,78.64,7903.59,,,,
06/22/26 09:50:00,78.40,8683.67,,,,
06/22/26 09:55:00,74.23,6474.70,,,,
06/22/26 10:00:00,71.61,6579.35,,,,
06/22/26 10:05:00,69.37,6723.95,,,,
06/22/26 10:10:00,69.60,7024.57,,,,
06/22/26 10:15:00,69.52,7306.16,,,,
06/22/26 10:20:00,67.90,7252.88,,,,
06/22/26 10:25:00,70.91,7991.11,,,,
06/22/26 10:30:00,72.15,8078.63,,,,
06/22/26 10:35:00,74.47,8215.62,,,,
06/22/26 10:40:00,77.17,8143.32,,,,
06/22/26 10:45:00,75.70,8424.91,,,,
06/22/26 10:50:00,75.93,9010.93,,,,
06/22/26 10:55:00,77.25,8546.68,,,,
06/22/26 11:00:00,75.39,8013.94,,,,
06/22/26 11:05:00,75.32,8044.39,,,,
06/22/26 11:10:00,72.00,8276.51,,,,
06/22/26 11:15:00,71.45,8546.68,,,,
06/22/26 11:20:00,74.23,9718.71,,,,
06/22/26 11:25:00,74.23,8413.50,,,,
06/22/26 11:30:00,71.45,8295.53,,,,
06/22/26 11:35:00,70.14,8455.36,,,,
06/22/26 11:40:00,71.76,9288.72,,,,
06/22/26 11:45:00,68.44,7574.43,,,,
06/22/26 11:50:00,64.74,7494.52,,,,
06/22/26 11:55:00,63.81,7888.37,,,,
06/22/26 12:00:00,65.28,8455.36,,,,
06/22/26 12:05:00,65.97,8367.83,,,,
06/22/26 12:10:00,64.81,7930.23,,,,
06/22/26 12:15:00,63.35,8055.80,,,,
06/22/26 12:20:00,64.97,8478.19,,,,
06/22/26 12:25:00,67.21,8873.94,,,,
06/22/26 12:30:00,69.52,9029.96,,,,
06/22/26 12:35:00,72.38,9577.92,,,,
06/22/26 12:40:00,72.92,9395.26,,,,
06/22/26 12:45:00,73.54,10213.40,,,,
06/22/26 12:50:00,77.09,10049.77,,,,
06/22/26 12:55:00,74.78,8782.61,,,,
06/22/26 13:00:00,72.84,8740.75,,,,
06/22/26 13:05:00,73.69,9326.77,,,,
06/22/26 13:10:00,74.08,10011.72,,,,
06/22/26 13:15:00,70.91,8291.73,,,,
06/22/26 13:20:00,70.68,9905.17,,,,
06/22/26 13:25:00,72.69,8725.53,,,,
06/22/26 13:30:00,69.91,8181.38,,,,
06/22/26 13:35:00,68.83,8421.11,,,,
06/22/26 13:40:00,67.13,7869.34,,,,
06/22/26 13:45:00,67.67,8417.30,,,,
06/22/26 13:50:00,66.36,7861.73,,,,
06/22/26 13:55:00,64.97,8310.76,,,,
06/22/26 14:00:00,66.67,8828.28,,,,
06/22/26 14:05:00,67.28,8413.50,,,,
06/22/26 14:10:00,67.13,8634.21,,,,
06/22/26 14:15:00,65.97,7907.39,,,,
06/22/26 14:20:00,62.57,7338.50,,,,
06/22/26 14:25:00,61.26,7823.68,,,,
06/22/26 14:30:00,61.96,8394.47,,,,
06/22/26 14:35:00,63.27,9106.06,,,,
06/22/26 14:40:00,64.35,8561.90,,,,
06/22/26 14:45:00,63.81,8345.00,,,,
06/22/26 14:50:00,64.58,8668.45,,,,
06/22/26 14:55:00,64.97,8645.62,,,,
06/22/26 15:00:00,64.43,8523.85,,,,
06/22/26 15:05:00,65.05,8794.03,,,,
06/22/26 15:10:00,63.81,8211.82,,,,
06/22/26 15:15:00,62.96,8257.48,,,,
06/22/26 15:20:00,63.42,8432.52,,,,
06/22/26 15:25:00,61.96,7642.93,,,,
06/22/26 15:30:00,60.64,7496.42,,,,
06/22/26 15:35:00,60.03,7460.27,,,,
06/22/26 15:40:00,60.34,7226.25,,,,
06/22/26 15:45:00,60.03,7298.55,,,,
06/22/26 15:50:00,61.03,7536.38,,,,
06/22/26 15:55:00,61.65,7983.50,,,,
06/22/26 16:00:00,61.72,7464.08,,,,
06/22/26 16:05:00,60.34,6830.50,,,,
06/22/26 16:10:00,57.63,6052.32,,,,
06/22/26 16:15:00,54.85,5947.67,,,,
06/22/26 16:20:00,54.00,6006.65,,,,
06/22/26 16:25:00,56.47,6918.02,,,,
06/22/26 16:30:00,57.94,7153.95,,,,
06/22/26 16:35:00,56.40,5742.18,,,,
06/22/26 16:40:00,52.92,5357.85,,,,
06/22/26 16:45:00,51.38,5114.31,,,,
06/22/26 16:50:00,51.84,5761.21,,,,
06/22/26 16:55:00,52.38,5536.70,,,,
06/22/26 17:00:00,52.54,5527.19,,,,
06/22/26 17:05:00,51.15,5024.89,,,,
06/22/26 17:10:00,49.91,4842.23,,,,
06/22/26 17:15:00,50.53,4895.51,,,,
06/22/26 17:20:00,51.92,5481.52,,,,
06/22/26 17:25:00,51.53,5198.03,,,,
06/22/26 17:30:00,51.38,5397.81,,,,
06/22/26 17:35:00,52.54,5544.31,,,,
06/22/26 17:40:00,51.61,4986.83,,,,
06/22/26 17:45:00,50.91,4476.92,,,,
06/22/26 17:50:00,51.07,4682.41,,,,
06/22/26 17:55:00,50.99,4714.76,,,,
06/22/26 18:00:00,49.52,4288.56,,,,
06/22/26 18:05:00,49.22,4288.56,,,,
06/22/26 18:10:00,48.75,4201.04,,,,
06/22/26 18:15:00,48.37,3889.96,,,,
06/22/26 18:20:00,47.05,3417.15,,,,
06/22/26 18:25:00,45.51,3164.10,,,,
06/22/26 18:30:00,44.97,3014.74,,,,
06/22/26 18:35:00,44.50,2839.70,,,,
06/22/26 18:40:00,43.50,2615.19,,,,
06/22/26 18:45:00,42.42,2404.94,,,,
06/22/26 18:50:00,41.72,2246.07,,,,
06/22/26 18:55:00,41.11,2099.57,,,,
06/22/26 19:00:00,40.80,2039.64,,,,
06/22/26 19:05:00,40.57,2038.68,,,,
06/22/26 19:10:00,40.49,2027.27,,,,
06/22/26 19:15:00,40.10,1970.19,,,,
06/22/26 19:20:00,39.95,1965.43,,,,
06/22/26 19:25:00,39.72,1872.68,,,,
06/22/26 19:30:00,39.41,1843.19,,,,
06/22/26 19:35:00,39.41,1839.86,,,,
06/22/26 19:40:00,39.41,1839.38,,,,
06/22/26 19:45:00,39.49,1860.79,,,,
06/22/26 19:50:00,39.79,2098.62,,,,
06/22/26 19:55:00,40.33,2123.35,,,,
06/22/26 20:00:00,39.87,1827.97,,,,
06/22/26 20:05:00,39.10,1519.74,,,,
06/22/26 20:10:00,38.17,1177.26,,,,
06/22/26 20:15:00,37.71,1011.26,,,,
06/22/26 20:20:00,37.48,920.64,,,,
06/22/26 20:25:00,37.55,812.19,,,,
06/22/26 20:30:00,37.09,765.34,,,,
06/22/26 20:35:00,36.86,715.87,,,,
06/22/26 20:40:00,36.55,634.29,,,,
06/22/26 20:45:00,36.01,436.89,,,,
06/22/26 20:50:00,35.47,306.68,,,,
06/22/26 20:55:00,35.08,287.66,,,,
06/22/26 21:00:00,34.85,300.14,,,,
06/22/26 21:05:00,35.16,287.42,,,,
06/22/26 21:10:00,35.16,267.56,,,,
06/22/26 21:15:00,35.08,267.08,,,,
06/22/26 21:20:00,35.16,239.32,,,,
06/22/26 21:25:00,34.93,204.65,,,,
06/22/26 21:30:00,34.93,185.33,,,,
06/22/26 21:35:00,34.85,166.96,,,,
06/22/26 21:40:00,35.16,143.95,,,,
06/22/26 21:45:00,34.93,121.41,,,,
06/22/26 21:50:00,35.47,102.39,,,,
06/22/26 21:55:00,35.47,85.77,,,,
06/22/26 22:00:00,35.62,66.95,,,,
06/22/26 22:05:00,35.39,54.69,,,,
06/22/26 22:10:00,35.32,44.74,,,,
06/22/26 22:15:00,35.08,38.60,,,,
06/22/26 22:20:00,35.01,31.07,,,,
06/22/26 22:25:00,35.01,24.51,,,,
06/22/26 22:30:00,34.70,18.16,,,,
06/22/26 22:35:00,34.54,12.74,,,,
06/22/26 22:40:00,34.62,9.47,,,,
06/22/26 22:45:00,34.47,7.36,,,,
06/22/26 22:50:00,34.39,5.41,,,,
06/22/26 22:55:00,34.47,3.82,,,,
06/22/26 23:00:00,34.16,2.66,,,,
06/22/26 23:05:00,34.16,2.02,,,,
06/22/26 23:10:00,34.08,1.44,,,,
06/22/26 23:15:00,34.08,0.99,,,,
06/22/26 23:20:00,33.85,0.75,,,,
06/22/26 23:25:00,33.85,0.55,,,,
06/22/26 23:30:00,34.23,0.43,,,,
06/22/26 23:35:00,34.54,0.34,,,,
06/22/26 23:40:00,34.39,0.26,,,,
06/22/26 23:45:00,34.31,0.22,,,,
06/22/26 23:50:00,34.23,0.18,,,,
06/22/26 23:55:00,33.93,0.14,,,,
06/23/26 00:00:00,33.85,0.10,,,,
06/23/26 00:05:00,33.85,0.08,,,,
06/23/26 00:10:00,33.77,0.06,,,,
06/23/26 00:15:00,33.62,0.04,,,,
06/23/26 00:20:00,33.77,0.04,,,,
06/23/26 00:25:00,33.93,0.02,,,,
06/23/26 00:30:00,34.31,0.02,,,,
06/23/26 00:35:00,34.08,0.00,,,,
06/23/26 00:40:00,33.93,0.00,,,,
06/23/26 00:45:00,33.69,0.00,,,,
06/23/26 00:50:00,33.93,0.00,,,,
06/23/26 00:55:00,34.31,0.00,,,,
06/23/26 01:00:00,34.47,0.00,,,,
06/23/26 01:05:00,34.62,0.00,,,,
06/23/26 01:10:00,34.77,0.00,,,,
06/23/26 01:15:00,34.62,0.00,,,,
06/23/26 01:20:00,34.54,0.00,,,,
06/23/26 01:25:00,34.47,0.00,,,,
06/23/26 01:30:00,34.47,0.00,,,,
06/23/26 01:35:00,34.62,0.02,,,,
06/23/26 01:40:00,34.54,0.02,,,,
06/23/26 01:45:00,34.47,0.04,,,,
06/23/26 01:50:00,34.39,0.04,,,,
06/23/26 01:55:00,34.08,0.06,,,,
06/23/26 02:00:00,34.16,0.08,,,,
06/23/26 02:05:00,34.16,0.10,,,,
06/23/26 02:10:00,34.08,0.16,,,,
06/23/26 02:15:00,34.08,0.22,,,,
06/23/26 02:20:00,34.23,0.28,,,,
06/23/26 02:25:00,34.08,0.34,,,,
06/23/26 02:30:00,33.93,0.43,,,,
06/23/26 02:35:00,33.77,0.61,,,,
06/23/26 02:40:00,33.85,0.75,,,,
06/23/26 02:45:00,33.77,1.21,,,,
06/23/26 02:50:00,33.77,1.57,,,,
06/23/26 02:55:00,33.77,2.02,,,,
06/23/26 03:00:00,33.77,2.95,,,,
06/23/26 03:05:00,33.77,3.98,,,,
06/23/26 03:10:00,33.93,5.38,,,,
06/23/26 03:15:00,33.77,7.47,,,,
06/23/26 03:20:00,33.77,10.91,,,,
06/23/26 03:25:00,34.00,15.44,,,,
06/23/26 03:30:00,34.00,19.76,,,,
06/23/26 03:35:00,33.93,26.37,,,,
06/23/26 03:40:00,33.77,34.86,,,,
06/23/26 03:45:00,33.62,45.19,,,,
06/23/26 03:50:00,33.69,55.99,,,,
06/23/26 03:55:00,33.69,60.11,,,,
06/23/26 04:00:00,33.69,67.28,,,,
06/23/26 04:05:00,33.69,89.72,,,,
06/23/26 04:10:00,33.93,94.09,,,,
06/23/26 04:15:00,34.23,115.70,,,,
06/23/26 04:20:00,34.31,129.08,,,,
06/23/26 04:25:00,34.39,140.86,,,,
06/23/26 04:30:00,34.16,170.11,,,,
06/23/26 04:35:00,34.00,191.04,,,,
06/23/26 04:40:00,34.08,232.18,,,,
06/23/26 04:45:00,34.16,256.26,,,,
06/23/26 04:50:00,34.23,284.56,,,,
06/23/26 04:55:00,34.31,296.22,,,,
06/23/26 05:00:00,34.16,310.96,,,,
06/23/26 05:05:00,34.39,425.12,,,,
06/23/26 05:10:00,34.93,425.12,,,,
06/23/26 05:15:00,34.85,465.32,,,,
06/23/26 05:20:00,35.08,638.58,,,,
06/23/26 05:25:00,35.70,850.96,,,,
06/23/26 05:30:00,35.93,1028.38,,,,
06/23/26 05:35:00,35.55,834.31,,,,
06/23/26 05:40:00,35.32,652.61,,,,
06/23/26 05:45:00,35.39,701.36,,,,
06/23/26 05:50:00,35.32,700.17,,,,
06/23/26 05:55:00,35.16,558.19,,,,
06/23/26 06:00:00,34.77,526.08,,,,
06/23/26 06:05:00,34.85,503.25,,,,
06/23/26 06:10:00,35.08,551.53,,,,
06/23/26 06:15:00,35.24,755.83,,,,
06/23/26 06:20:00,36.16,1345.65,,,,
06/23/26 06:25:00,36.78,1326.14,,,,
06/23/26 06:30:00,36.24,1088.31,,,,
06/23/26 06:35:00,36.09,1025.05,,,,
06/23/26 06:40:00,36.16,1285.24,,,,
06/23/26 06:45:00,37.55,1675.28,,,,
06/23/26 06:50:00,37.25,1492.15,,,,
06/23/26 06:55:00,37.48,1612.49,,,,
06/23/26 07:00:00,37.09,1557.32,,,,
06/23/26 07:05:00,38.56,2087.20,,,,
06/23/26 07:10:00,39.41,3498.97,,,,
06/23/26 07:15:00,38.71,2340.25,,,,
06/23/26 07:20:00,38.79,2083.40,,,,
06/23/26 07:25:00,38.33,2514.35,,,,
06/23/26 07:30:00,39.87,3389.56,,,,
06/23/26 07:35:00,41.65,4005.07,,,,
06/23/26 07:40:00,43.19,4014.58,,,,
06/23/26 07:45:00,43.27,4444.58,,,,
06/23/26 07:50:00,43.58,4393.21,,,,
06/23/26 07:55:00,44.04,4469.31,,,,
06/23/26 08:00:00,45.12,4804.18,,,,
06/23/26 08:05:00,46.05,5146.66,,,,
06/23/26 08:10:00,46.82,5496.74,,,,
06/23/26 08:15:00,47.05,5603.29,,,,
06/23/26 08:20:00,47.21,5430.15,,,,
06/23/26 08:25:00,45.43,4623.43,,,,
06/23/26 08:30:00,45.82,5441.57,,,,
06/23/26 08:35:00,45.74,5656.57,,,,
06/23/26 08:40:00,46.05,4560.64,,,,
06/23/26 08:45:00,45.97,4855.55,,,,
06/23/26 08:50:00,47.44,5839.22,,,,
06/23/26 08:55:00,48.52,6092.27,,,,
06/23/26 09:00:00,50.84,6455.68,,,,
06/23/26 09:05:00,51.38,6345.32,,,,
06/23/26 09:10:00,50.99,6204.53,,,,
06/23/26 09:15:00,53.15,6727.75,,,,
06/23/26 09:20:00,54.70,7058.81,,,,
06/23/26 09:25:00,55.70,7009.35,,,,
06/23/26 09:30:00,55.24,6750.59,,,,
06/23/26 09:35:00,54.00,5968.60,,,,
06/23/26 09:40:00,51.84,6396.69,,,,
06/23/26 09:45:00,52.30,7013.15,,,,
06/23/26 09:50:00,52.54,7250.98,,,,
06/23/26 09:55:00,53.62,7979.70,,,,
06/23/26 10:00:00,56.78,8276.51,,,,
06/23/26 10:05:00,57.94,8356.42,,,,
06/23/26 10:10:00,62.42,8546.68,,,,
06/23/26 10:15:00,65.05,9197.39,,,,
06/23/26 10:20:00,65.82,8539.07,,,,
06/23/26 10:25:00,64.27,8006.33,,,,
06/23/26 10:30:00,61.26,7838.90,,,,
06/23/26 10:35:00,65.05,9307.74,,,,
06/23/26 10:40:00,65.35,8508.63,,,,
06/23/26 10:45:00,66.98,9128.89,,,,
06/23/26 10:50:00,71.22,9760.57,,,,
06/23/26 10:55:00,75.47,9315.35,,,,
06/23/26 11:00:00,77.25,9121.28,,,,
06/23/26 11:05:00,78.17,10110.66,,,,
06/23/26 11:10:00,79.33,8866.33,,,,
06/23/26 11:15:00,80.10,8828.28,,,,
06/23/26 11:20:00,82.50,9692.08,,,,
06/23/26 11:25:00,81.80,8116.69,,,,
06/23/26 11:30:00,73.85,8885.35,,,,
06/23/26 11:35:00,67.05,9326.77,,,,
06/23/26 11:40:00,62.88,8531.46,,,,
06/23/26 11:45:00,58.95,8208.01,,,,
06/23/26 11:50:00,58.33,9227.83,,,,
06/23/26 11:55:00,60.41,8443.94,,,,
06/23/26 12:00:00,62.73,9791.01,,,,
06/23/26 12:05:00,62.27,8828.28,,,,
06/23/26 12:10:00,64.43,9661.63,,,,
06/23/26 12:15:00,63.11,8794.03,,,,
06/23/26 12:20:00,61.26,8794.03,,,,
06/23/26 12:25:00,61.03,8436.33,,,,
06/23/26 12:30:00,60.34,8150.93,,,,
06/23/26 12:35:00,62.42,7960.67,,,,
06/23/26 12:40:00,59.87,8158.54,,,,
06/23/26 12:45:00,61.57,9083.23,,,,
06/23/26 12:50:00,62.34,8516.24,,,,
06/23/26 12:55:00,61.18,7517.35,,,,
06/23/26 13:00:00,59.95,8786.42,,,,
06/23/26 13:05:00,59.64,9467.56,,,,
06/23/26 13:10:00,60.18,8805.44,,,,
06/23/26 13:15:00,60.95,8508.63,,,,
06/23/26 13:20:00,60.72,9159.34,,,,
06/23/26 13:25:00,59.72,8135.71,,,,
06/23/26 13:30:00,60.49,8390.67,,,,
06/23/26 13:35:00,59.72,8599.96,,,,
06/23/26 13:40:00,59.79,8638.01,,,,
06/23/26 13:45:00,61.26,8303.14,,,,
06/23/26 13:50:00,62.27,8325.98,,,,
06/23/26 13:55:00,64.81,8501.02,,,,
06/23/26 14:00:00,65.51,8276.51,,,,
06/23/26 14:05:00,66.44,8653.23,,,,
06/23/26 14:10:00,66.74,8223.23,,,,
06/23/26 14:15:00,64.97,7235.76,,,,
06/23/26 14:20:00,62.42,7757.09,,,,
06/23/26 14:25:00,60.26,7616.29,,,,
06/23/26 14:30:00,60.03,8405.89,,,,
06/23/26 14:35:00,62.19,8535.27,,,,
06/23/26 14:40:00,60.88,8147.13,,,,
06/23/26 14:45:00,59.10,7850.32,,,,
06/23/26 14:50:00,58.56,8029.16,,,,
06/23/26 14:55:00,56.47,8128.10,,,,
06/23/26 15:00:00,57.79,8527.66,,,,
06/23/26 15:05:00,59.95,7389.88,,,,
06/23/26 15:10:00,57.94,6659.26,,,,
06/23/26 15:15:00,60.64,8584.74,,,,
06/23/26 15:20:00,63.11,8710.31,,,,
06/23/26 15:25:00,61.18,7055.01,,,,
06/23/26 15:30:00,63.35,9928.00,,,,
06/23/26 15:35:00,59.72,4876.48,,,,
06/23/26 15:40:00,60.18,6398.60,,,,
06/23/26 15:45:00,58.64,4716.66,,,,
06/23/26 15:50:00,54.47,5496.74,,,,
06/23/26 15:55:00,54.00,6115.10,,,,
06/23/26 16:00:00,55.86,8748.36,,,,
06/23/26 16:05:00,57.17,4539.71,,,,
06/23/26 16:10:00,60.18,8067.22,,,,
06/23/26 16:15:00,61.42,10026.94,,,,
06/23/26 16:20:00,60.49,5702.23,,,,
06/23/26 16:25:00,54.62,6084.66,,,,
06/23/26 16:30:00,57.48,5707.94,,,,
06/23/26 16:35:00,52.92,4482.63,,,,
06/23/26 16:40:00,53.93,5036.30,,,,
06/23/26 16:45:00,53.85,5125.73,,,,
06/23/26 16:50:00,53.31,4990.64,,,,
06/23/26 16:55:00,51.92,5040.11,,,,
06/23/26 17:00:00,52.15,5230.37,,,,
06/23/26 17:05:00,52.54,4349.45,,,,
06/23/26 17:10:00,53.62,4773.74,,,,
06/23/26 17:15:00,56.40,7804.65,,,,
06/23/26 17:20:00,55.55,4067.86,,,,
06/23/26 17:25:00,53.15,4922.14,,,,
06/23/26 17:30:00,56.17,5114.31,,,,
06/23/26 17:35:00,54.47,5300.77,,,,
06/23/26 17:40:00,51.30,4008.87,,,,
06/23/26 17:45:00,49.06,4067.86,,,,
06/23/26 17:50:00,51.22,4416.04,,,,
06/23/26 17:55:00,47.83,3980.33,,,,
06/23/26 18:00:00,47.13,3424.76,,,,
06/23/26 18:05:00,44.43,2542.89,,,,
06/23/26 18:10:00,45.20,3404.78,,,,
06/23/26 18:15:00,44.89,3397.17,,,,
06/23/26 18:20:00,46.67,3789.12,,,,
06/23/26 18:25:00,47.44,3953.70,,,,
06/23/26 18:30:00,46.90,3657.84,,,,
06/23/26 18:35:00,45.28,2626.60,,,,
06/23/26 18:40:00,43.73,2151.89,,,,
06/23/26 18:45:00,43.42,2476.29,,,,
06/23/26 18:50:00,42.50,2234.66,,,,
06/23/26 18:55:00,44.35,3393.37,,,,
06/23/26 19:00:00,44.58,2497.22,,,,
06/23/26 19:05:00,44.04,2668.46,,,,
06/23/26 19:10:00,43.81,2476.29,,,,
06/23/26 19:15:00,42.27,2070.08,,,,
06/23/26 19:20:00,42.65,2428.73,,,,
06/23/26 19:25:00,42.42,2098.62,,,,
06/23/26 19:30:00,42.34,2146.18,,,,
06/23/26 19:35:00,41.88,1978.75,,,,
06/23/26 19:40:00,41.96,1999.68,,,,
06/23/26 19:45:00,41.80,1655.30,,,,
06/23/26 19:50:00,41.11,1791.82,,,,
06/23/26 19:55:00,41.72,1935.47,,,,
06/23/26 20:00:00,40.49,1355.63,,,,
06/23/26 20:05:00,39.95,1182.97,,,,
06/23/26 20:10:00,39.49,1289.99,,,,
06/23/26 20:15:00,38.87,1025.53,,,,
06/23/26 20:20:00,37.94,873.79,,,,
06/23/26 20:25:00,38.17,1130.65,,,,
06/23/26 20:30:00,38.40,1050.26,,,,
06/23/26 20:35:00,38.40,770.33,,,,
06/23/26 20:40:00,37.63,634.77,,,,
06/23/26 20:45:00,36.94,568.18,,,,
06/23/26 20:50:00,36.78,537.97,,,,
06/23/26 20:55:00,36.63,454.85,,,,
06/23/26 21:00:00,36.78,482.20,,,,
06/23/26 21:05:00,36.71,460.92,,,,
06/23/26 21:10:00,36.24,410.26,,,,
06/23/26 21:15:00,36.16,470.79,,,,
06/23/26 21:20:00,36.55,364.95,,,,
06/23/26 21:25:00,36.55,301.09,,,,
06/23/26 21:30:00,36.32,286.70,,,,
06/23/26 21:35:00,36.47,283.61,,,,
06/23/26 21:40:00,36.09,212.09,,,,
06/23/26 21:45:00,35.93,185.81,,,,
06/23/26 21:50:00,35.86,141.51,,,,
06/23/26 21:55:00,35.93,123.32,,,,
06/23/26 22:00:00,35.93,97.81,,,,
06/23/26 22:05:00,35.86,78.01,,,,
06/23/26 22:10:00,35.70,57.38,,,,
06/23/26 22:15:00,35.47,42.29,,,,
06/23/26 22:20:00,35.32,34.49,,,,
06/23/26 22:25:00,35.32,27.42,,,,
06/23/26 22:30:00,35.62,19.92,,,,
06/23/26 22:35:00,35.39,13.54,,,,
06/23/26 22:40:00,35.32,10.68,,,,
06/23/26 22:45:00,35.39,7.88,,,,
06/23/26 22:50:00,35.55,5.11,,,,
06/23/26 22:55:00,35.08,4.06,,,,
06/23/26 23:00:00,35.32,2.96,,,,
06/23/26 23:05:00,35.39,2.07,,,,
06/23/26 23:10:00,35.39,1.32,,,,
06/23/26 23:15:00,35.32,1.05,,,,
06/23/26 23:20:00,35.01,0.85,,,,
06/23/26 23:25:00,35.08,0.63,,,,
06/23/26 23:30:00,34.70,0.40,,,,
06/23/26 23:35:00,35.08,0.38,,,,
06/23/26 23:40:00,35.16,0.26,,,,
06/23/26 23:45:00,34.77,0.18,,,,
06/23/26 23:50:00,35.01,0.16,,,,
06/23/26 23:55:00,35.16,0.12,,,,
06/24/26 00:00:00,35.70,0.10,,,,
06/24/26 00:05:00,35.86,0.06,,,,
06/24/26 00:10:00,35.70,0.04,,,,
06/24/26 00:15:00,35.39,0.02,,,,
06/24/26 00:20:00,35.24,0.02,,,,
06/24/26 00:25:00,35.16,0.02,,,,
06/24/26 00:30:00,35.01,0.02,,,,
06/24/26 00:35:00,34.54,0.00,,,,
06/24/26 00:40:00,34.54,0.00,,,,
06/24/26 00:45:00,33.93,0.00,,,,
06/24/26 00:50:00,33.54,0.00,,,,
06/24/26 00:55:00,33.23,0.00,,,,
06/24/26 01:00:00,33.77,0.00,,,,
06/24/26 01:05:00,33.77,0.00,,,,
06/24/26 01:10:00,34.00,0.00,,,,
06/24/26 01:15:00,34.08,0.00,,,,
06/24/26 01:20:00,33.31,0.00,,,,
06/24/26 01:25:00,34.08,0.00,,,,
06/24/26 01:30:00,34.39,0.00,,,,
06/24/26 01:35:00,33.54,0.02,,,,
06/24/26 01:40:00,33.93,0.02,,,,
06/24/26 01:45:00,34.54,0.02,,,,
06/24/26 01:50:00,34.62,0.04,,,,
06/24/26 01:55:00,34.93,0.06,,,,
06/24/26 02:00:00,35.01,0.08,,,,
06/24/26 02:05:00,34.70,0.10,,,,
06/24/26 02:10:00,34.70,0.12,,,,
06/24/26 02:15:00,34.54,0.18,,,,
06/24/26 02:20:00,34.62,0.22,,,,
06/24/26 02:25:00,34.77,0.34,,,,
06/24/26 02:30:00,34.47,0.43,,,,
06/24/26 02:35:00,34.16,0.59,,,,
06/24/26 02:40:00,32.92,0.77,,,,
06/24/26 02:45:00,32.92,1.07,,,,
06/24/26 02:50:00,33.15,1.53,,,,
06/24/26 02:55:00,33.54,2.08,,,,
06/24/26 03:00:00,33.46,2.57,,,,
06/24/26 03:05:00,33.38,3.70,,,,
06/24/26 03:10:00,33.23,5.38,,,,
06/24/26 03:15:00,32.92,7.80,,,,
06/24/26 03:20:00,32.69,10.35,,,,
06/24/26 03:25:00,32.84,14.82,,,,
06/24/26 03:30:00,33.93,19.92,,,,
06/24/26 03:35:00,34.31,26.37,,,,
06/24/26 03:40:00,34.00,35.84,,,,
06/24/26 03:45:00,33.46,44.19,,,,
06/24/26 03:50:00,34.00,52.00,,,,
06/24/26 03:55:00,34.39,62.55,,,,
06/24/26 04:00:00,34.00,78.22,,,,
06/24/26 04:05:00,34.39,89.66,,,,
06/24/26 04:10:00,34.85,105.89,,,,
06/24/26 04:15:00,35.01,128.31,,,,
06/24/26 04:20:00,35.16,136.75,,,,
06/24/26 04:25:00,35.01,155.78,,,,
06/24/26 04:30:00,35.01,176.29,,,,
06/24/26 04:35:00,35.08,199.42,,,,
06/24/26 04:40:00,35.08,214.94,,,,
06/24/26 04:45:00,34.85,232.84,,,,
06/24/26 04:50:00,35.08,253.53,,,,
06/24/26 04:55:00,35.24,277.79,,,,
06/24/26 05:00:00,35.08,298.83,,,,
06/24/26 05:05:00,35.24,332.25,,,,
06/24/26 05:10:00,35.47,401.34,,,,
06/24/26 05:15:00,35.70,469.83,,,,
06/24/26 05:20:00,35.93,523.94,,,,
06/24/26 05:25:00,36.16,630.49,,,,
06/24/26 05:30:00,36.63,680.43,,,,
06/24/26 05:35:00,37.01,788.17,,,,
06/24/26 05:40:00,37.17,832.41,,,,
06/24/26 05:45:00,37.17,910.42,,,,
06/24/26 05:50:00,37.55,1021.72,,,,
06/24/26 05:55:00,37.40,926.35,,,,
06/24/26 06:00:00,37.17,1025.53,,,,
06/24/26 06:05:00,37.86,1233.39,,,,
06/24/26 06:10:00,38.33,1392.74,,,,
06/24/26 06:15:00,39.02,1616.77,,,,
06/24/26 06:20:00,40.10,1908.35,,,,
06/24/26 06:25:00,41.03,2124.30,,,,
06/24/26 06:30:00,41.34,2223.24,,,,
06/24/26 06:35:00,41.80,2276.52,,,,
06/24/26 06:40:00,41.88,2320.28,,,,
06/24/26 06:45:00,42.19,2413.51,,,,
06/24/26 06:50:00,42.65,2673.22,,,,
06/24/26 06:55:00,43.66,2752.18,,,,
06/24/26 07:00:00,44.04,2895.83,,,,
06/24/26 07:05:00,44.43,2862.53,,,,
06/24/26 07:10:00,44.81,2779.77,,,,
06/24/26 07:15:00,44.04,2815.92,,,,
06/24/26 07:20:00,45.51,3161.25,,,,
06/24/26 07:25:00,48.67,4766.13,,,,
06/24/26 07:30:00,50.76,5152.36,,,,
06/24/26 07:35:00,53.00,5595.68,,,,
06/24/26 07:40:00,54.47,4769.93,,,,
06/24/26 07:45:00,50.14,3957.50,,,,
06/24/26 07:50:00,47.98,3648.32,,,,
06/24/26 07:55:00,47.75,3683.52,,,,
06/24/26 08:00:00,47.83,4155.38,,,,
06/24/26 08:05:00,51.30,5188.51,,,,
06/24/26 08:10:00,53.54,5452.98,,,,
06/24/26 08:15:00,50.30,4984.93,,,,
06/24/26 08:20:00,52.92,6381.47,,,,
06/24/26 08:25:00,54.00,6482.31,,,,
06/24/26 08:30:00,51.15,4960.20,,,,
06/24/26 08:35:00,56.55,7091.16,,,,
06/24/26 08:40:00,58.95,7222.44,,,,
06/24/26 08:45:00,63.19,8265.09,,,,
06/24/26 08:50:00,55.32,5186.61,,,,
06/24/26 08:55:00,52.23,4964.00,,,,
06/24/26 09:00:00,55.39,6139.84,,,,
06/24/26 09:05:00,56.71,6411.92,,,,
06/24/26 09:10:00,57.25,8010.14,,,,
06/24/26 09:15:00,59.02,6480.41,,,,
06/24/26 09:20:00,59.64,6910.41,,,,
06/24/26 09:25:00,61.57,7338.50,,,,
06/24/26 09:30:00,63.50,7207.22,,,,
06/24/26 09:35:00,65.51,7513.55,,,,
06/24/26 09:40:00,63.35,5582.36,,,,
06/24/26 09:45:00,62.34,7800.85,,,,
06/24/26 09:50:00,64.20,6657.36,,,,
06/24/26 09:55:00,67.05,7228.15,,,,
06/24/26 10:00:00,69.22,7123.50,,,,
06/24/26 10:05:00,66.05,7184.39,,,,
06/24/26 10:10:00,63.50,7846.51,,,,
06/24/26 10:15:00,64.81,7134.92,,,,
06/24/26 10:20:00,67.90,7854.12,,,,
06/24/26 10:25:00,69.68,7730.45,,,,
06/24/26 10:30:00,68.21,8204.21,,,,
06/24/26 10:35:00,66.90,8120.49,,,,
06/24/26 10:40:00,65.97,7945.45,,,,
06/24/26 10:45:00,67.13,8192.79,,,,
06/24/26 10:50:00,66.05,7722.84,,,,
06/24/26 10:55:00,65.89,8219.43,,,,
06/24/26 11:00:00,69.52,8714.12,,,,
06/24/26 11:05:00,72.38,10221.01,,,,
06/24/26 11:10:00,73.15,8854.91,,,,
06/24/26 11:15:00,73.39,8360.22,,,,
06/24/26 11:20:00,70.68,7789.43,,,,
06/24/26 11:25:00,67.98,7650.54,,,,
06/24/26 11:30:00,66.59,8105.27,,,,
06/24/26 11:35:00,72.38,9791.01,,,,
06/24/26 11:40:00,72.77,7869.34,,,,
06/24/26 11:45:00,71.07,7770.40,,,,
06/24/26 11:50:00,67.52,7764.70,,,,
06/24/26 11:55:00,67.21,8208.01,,,,
06/24/26 12:00:00,66.51,7734.25,,,,
06/24/26 12:05:00,64.04,7593.46,,,,
06/24/26 12:10:00,64.04,7760.89,,,,
06/24/26 12:15:00,66.44,8584.74,,,,
06/24/26 12:20:00,70.06,9669.24,,,,
06/24/26 12:25:00,72.07,9440.93,,,,
06/24/26 12:30:00,74.39,10540.66,,,,
06/24/26 12:35:00,75.47,8611.37,,,,
06/24/26 12:40:00,81.96,11708.88,,,,
06/24/26 12:45:00,80.49,9227.83,,,,
06/24/26 12:50:00,73.00,6326.30,,,,
06/24/26 12:55:00,69.52,8143.32,,,,
06/24/26 13:00:00,72.23,8310.76,,,,
06/24/26 13:05:00,77.86,9380.04,,,,
06/24/26 13:10:00,82.34,9528.45,,,,
06/24/26 13:15:00,81.96,6946.56,,,,
06/24/26 13:20:00,78.10,8870.13,,,,
06/24/26 13:25:00,80.18,8946.24,,,,
06/24/26 13:30:00,73.62,7435.54,,,,
06/24/26 13:35:00,72.84,8375.45,,,,
06/24/26 13:40:00,72.69,10312.34,,,,
06/24/26 13:45:00,69.68,9817.65,,,,
06/24/26 13:50:00,71.07,10221.01,,,,
06/24/26 13:55:00,72.38,10019.33,,,,
06/24/26 14:00:00,69.29,6948.46,,,,
06/24/26 14:05:00,68.37,7880.76,,,,
06/24/26 14:10:00,66.82,7153.95,,,,
06/24/26 14:15:00,71.92,7968.28,,,,
06/24/26 14:20:00,83.19,9364.82,,,,
06/24/26 14:25:00,77.25,5089.58,,,,
06/24/26 14:30:00,73.15,9878.54,,,,
06/24/26 14:35:00,74.85,7941.64,,,,
06/24/26 14:40:00,81.88,8953.85,,,,
06/24/26 14:45:00,84.12,5995.24,,,,
06/24/26 14:50:00,85.05,9182.17,,,,
06/24/26 14:55:00,87.52,8592.35,,,,
06/24/26 15:00:00,80.34,7597.26,,,,
06/24/26 15:05:00,73.69,6375.77,,,,
06/24/26 15:10:00,69.60,5597.58,,,,
06/24/26 15:15:00,74.70,8181.38,,,,
06/24/26 15:20:00,74.70,8242.26,,,,
06/24/26 15:25:00,82.03,9220.22,,,,
06/24/26 15:30:00,79.02,5237.98,,,,
06/24/26 15:35:00,73.77,7374.65,,,,
06/24/26 15:40:00,72.46,7319.48,,,,
06/24/26 15:45:00,69.37,5881.08,,,,
06/24/26 15:50:00,66.20,5785.94,,,,
06/24/26 15:55:00,67.75,7465.98,,,,
06/24/26 16:00:00,73.69,8120.49,,,,
06/24/26 16:05:00,83.04,8832.08,,,,
06/24/26 16:10:00,82.27,8006.33,,,,
06/24/26 16:15:00,76.09,6893.28,,,,
06/24/26 16:20:00,68.37,8059.61,,,,
06/24/26 16:25:00,58.02,5175.20,,,,
06/24/26 16:30:00,61.03,7937.84,,,,
06/24/26 16:35:00,61.57,7005.54,,,,
06/24/26 16:40:00,56.01,5102.90,,,,
06/24/26 16:45:00,57.17,6356.74,,,,
06/24/26 16:50:00,58.56,6649.75,,,,
06/24/26 16:55:00,60.80,8801.64,,,,
06/24/26 17:00:00,63.50,7328.99,,,,
06/24/26 17:05:00,58.10,5102.90,,,,
06/24/26 17:10:00,63.04,9037.57,,,,
06/24/26 17:15:00,66.13,6978.90,,,,
06/24/26 17:20:00,62.50,5896.30,,,,
06/24/26 17:25:00,59.33,5451.08,,,,
06/24/26 17:30:00,57.40,5142.85,,,,
06/24/26 17:35:00,56.32,4389.40,,,,
06/24/26 17:40:00,54.54,3771.99,,,,
06/24/26 17:45:00,54.31,4975.42,,,,
06/24/26 17:50:00,57.01,5365.46,,,,
06/24/26 17:55:00,55.78,4400.82,,,,
06/24/26 18:00:00,53.93,4067.86,,,,
06/24/26 18:05:00,52.38,3428.57,,,,
06/24/26 18:10:00,50.53,3184.08,,,,
06/24/26 18:15:00,50.91,4035.51,,,,
06/24/26 18:20:00,54.78,4045.02,,,,
06/24/26 18:25:00,52.30,3989.85,,,,
06/24/26 18:30:00,52.61,4436.97,,,,
06/24/26 18:35:00,54.31,4739.49,,,,
06/24/26 18:40:00,57.17,5028.69,,,,
06/24/26 18:45:00,58.10,4815.60,,,,
06/24/26 18:50:00,56.86,4750.91,,,,
06/24/26 18:55:00,56.47,4558.74,,,,
06/24/26 19:00:00,53.93,3714.92,,,,
06/24/26 19:05:00,47.28,2551.45,,,,
06/24/26 19:10:00,44.81,2447.75,,,,
06/24/26 19:15:00,42.73,2077.69,,,,
06/24/26 19:20:00,41.18,1925.48,,,,
06/24/26 19:25:00,41.11,1987.31,,,,
06/24/26 19:30:00,41.42,1732.83,,,,
06/24/26 19:35:00,41.11,1695.26,,,,
06/24/26 19:40:00,40.95,1739.97,,,,
06/24/26 19:45:00,41.57,1873.63,,,,
06/24/26 19:50:00,41.57,1518.79,,,,
06/24/26 19:55:00,40.26,1461.71,,,,
06/24/26 20:00:00,41.57,1305.21,,,,
06/24/26 20:05:00,38.48,883.30,,,,
06/24/26 20:10:00,41.80,1431.74,,,,
06/24/26 20:15:00,42.11,857.86,,,,
06/24/26 20:20:00,45.12,2030.12,,,,
06/24/26 20:25:00,49.45,1999.68,,,,
06/24/26 20:30:00,50.61,1888.85,,,,
06/24/26 20:35:00,50.45,1785.63,,,,
06/24/26 20:40:00,51.84,1683.84,,,,
06/24/26 20:45:00,52.07,1612.02,,,,
06/24/26 20:50:00,48.44,1495.00,,,,
06/24/26 20:55:00,45.89,1530.20,,,,
06/24/26 21:00:00,45.12,1452.19,,,,
06/24/26 21:05:00,41.80,879.50,,,,
06/24/26 21:10:00,41.03,1075.95,,,,
06/24/26 21:15:00,38.79,481.49,,,,
06/24/26 21:20:00,37.01,397.89,,,,
06/24/26 21:25:00,35.86,306.21,,,,
06/24/26 21:30:00,35.08,265.30,,,,
06/24/26 21:35:00,34.31,232.54,,,,
06/24/26 21:40:00,34.08,203.52,,,,
06/24/26 21:45:00,33.93,171.83,,,,
06/24/26 21:50:00,33.00,143.89,,,,
06/24/26 21:55:00,33.08,122.72,,,,
06/24/26 22:00:00,32.61,102.48,,,,
06/24/26 22:05:00,32.84,83.95,,,,
06/24/26 22:10:00,32.77,68.58,,,,
06/24/26 22:15:00,32.92,53.30,,,,
06/24/26 22:20:00,32.54,41.34,,,,
06/24/26 22:25:00,31.69,31.85,,,,
06/24/26 22:30:00,31.61,24.45,,,,
06/24/26 22:35:00,31.84,19.05,,,,
06/24/26 22:40:00,32.92,13.86,,,,
06/24/26 22:45:00,32.61,9.64,,,,
06/24/26 22:50:00,32.15,7.20,,,,
06/24/26 22:55:00,32.30,5.22,,,,
06/24/26 23:00:00,32.00,3.74,,,,
06/24/26 23:05:00,32.07,2.73,,,,
06/24/26 23:10:00,33.23,2.14,,,,
06/24/26 23:15:00,33.08,1.57,,,,
06/24/26 23:20:00,33.00,1.15,,,,
06/24/26 23:25:00,33.23,0.73,,,,
06/24/26 23:30:00,32.38,0.57,,,,
06/24/26 23:35:00,31.92,0.46,,,,
06/24/26 23:40:00,32.30,0.32,,,,
06/24/26 23:45:00,32.61,0.24,,,,
06/24/26 23:50:00,32.23,0.18,,,,
06/24/26 23:55:00,31.92,0.14,,,,
06/25/26 00:00:00,31.76,0.12,,,,
06/25/26 00:05:00,32.07,0.10,,,,
06/25/26 00:10:00,31.38,0.08,,,,
06/25/26 00:15:00,31.92,0.06,,,,
06/25/26 00:20:00,32.84,0.04,,,,
06/25/26 00:25:00,33.62,0.02,,,,
06/25/26 00:30:00,33.62,0.02,,,,
06/25/26 00:35:00,33.31,0.00,,,,
06/25/26 00:40:00,33.00,0.00,,,,
06/25/26 00:45:00,33.08,0.00,,,,
06/25/26 00:50:00,32.92,0.00,,,,
06/25/26 00:55:00,32.46,0.00,,,,
06/25/26 01:00:00,33.00,0.00,,,,
06/25/26 01:05:00,33.38,0.00,,,,
06/25/26 01:10:00,33.15,0.02,,,,
06/25/26 01:15:00,33.93,0.02,,,,
06/25/26 01:20:00,34.31,0.02,,,,
06/25/26 01:25:00,33.31,0.02,,,,
06/25/26 01:30:00,33.23,0.04,,,,
06/25/26 01:35:00,33.00,0.04,,,,
06/25/26 01:40:00,33.08,0.06,,,,
06/25/26 01:45:00,33.54,0.10,,,,
06/25/26 01:50:00,33.93,0.12,,,,
06/25/26 01:55:00,33.15,0.14,,,,
06/25/26 02:00:00,33.85,0.14,,,,
06/25/26 02:05:00,33.62,0.14,,,,
06/25/26 02:10:00,33.15,0.20,,,,
06/25/26 02:15:00,32.38,0.24,,,,
06/25/26 02:20:00,33.00,0.28,,,,
06/25/26 02:25:00,33.38,0.38,,,,
06/25/26 02:30:00,33.46,0.49,,,,
06/25/26 02:35:00,34.08,0.63,,,,
06/25/26 02:40:00,34.70,0.83,,,,
06/25/26 02:45:00,35.16,1.17,,,,
06/25/26 02:50:00,35.55,1.47,,,,
06/25/26 02:55:00,35.70,2.06,,,,
06/25/26 03:00:00,35.62,2.79,,,,
06/25/26 03:05:00,35.47,3.86,,,,
06/25/26 03:10:00,35.55,5.65,,,,
06/25/26 03:15:00,35.70,7.36,,,,
06/25/26 03:20:00,35.62,9.15,,,,
06/25/26 03:25:00,35.47,12.99,,,,
06/25/26 03:30:00,35.24,16.48,,,,
06/25/26 03:35:00,35.16,25.40,,,,
06/25/26 03:40:00,35.16,37.03,,,,
06/25/26 03:45:00,35.16,41.10,,,,
06/25/26 03:50:00,35.24,45.62,,,,
06/25/26 03:55:00,35.08,53.50,,,,
06/25/26 04:00:00,35.24,62.55,,,,
06/25/26 04:05:00,35.32,78.22,,,,
06/25/26 04:10:00,35.16,101.61,,,,
06/25/26 04:15:00,34.93,116.57,,,,
06/25/26 04:20:00,34.77,112.37,,,,
06/25/26 04:25:00,34.70,113.65,,,,
06/25/26 04:30:00,34.93,156.08,,,,
06/25/26 04:35:00,34.47,196.57,,,,
06/25/26 04:40:00,34.54,285.99,,,,
06/25/26 04:45:00,34.47,306.68,,,,
06/25/26 04:50:00,34.77,421.91,,,,
06/25/26 04:55:00,35.47,521.09,,,,
06/25/26 05:00:00,35.78,434.99,,,,
06/25/26 05:05:00,35.62,539.16,,,,
06/25/26 05:10:00,35.78,689.23,,,,
06/25/26 05:15:00,36.01,726.57,,,,
06/25/26 05:20:00,35.70,795.07,,,,
06/25/26 05:25:00,35.70,739.42,,,,
06/25/26 05:30:00,34.39,881.88,,,,
06/25/26 05:35:00,34.23,1142.06,,,,
06/25/26 05:40:00,34.23,1129.70,,,,
06/25/26 05:45:00,34.08,1097.83,,,,
06/25/26 05:50:00,33.93,1016.96,,,,
06/25/26 05:55:00,33.62,940.14,,,,
06/25/26 06:00:00,33.69,1078.32,,,,
06/25/26 06:05:00,34.16,1477.40,,,,
06/25/26 06:10:00,34.70,1668.14,,,,
06/25/26 06:15:00,34.70,1590.14,,,,
06/25/26 06:20:00,34.54,1319.01,,,,
06/25/26 06:25:00,34.47,1446.49,,,,
06/25/26 06:30:00,35.47,2094.81,,,,
06/25/26 06:35:00,36.71,2512.44,,,,
06/25/26 06:40:00,37.25,2433.48,,,,
06/25/26 06:45:00,37.32,2269.86,,,,
06/25/26 06:50:00,37.09,2238.46,,,,
06/25/26 06:55:00,37.71,2483.90,,,,
06/25/26 07:00:00,39.56,2906.29,,,,
06/25/26 07:05:00,39.64,2510.54,,,,
06/25/26 07:10:00,38.71,2396.38,,,,
06/25/26 07:15:00,38.87,2596.16,,,,
06/25/26 07:20:00,39.41,2851.11,,,,
06/25/26 07:25:00,40.03,2938.64,,,,
06/25/26 07:30:00,39.95,2777.86,,,,
06/25/26 07:35:00,39.95,2711.27,,,,
06/25/26 07:40:00,40.26,2721.73,,,,
06/25/26 07:45:00,40.18,2714.12,,,,
06/25/26 07:50:00,40.57,3033.77,,,,
06/25/26 07:55:00,41.72,3548.43,,,,
06/25/26 08:00:00,43.50,3774.85,,,,
06/25/26 08:05:00,43.27,3460.91,,,,
06/25/26 08:10:00,43.35,3756.77,,,,
06/25/26 08:15:00,44.58,3980.33,,,,
06/25/26 08:20:00,44.43,3706.35,,,,
06/25/26 08:25:00,44.43,3789.12,,,,
06/25/26 08:30:00,45.59,4159.18,,,,
06/25/26 08:35:00,47.83,4714.76,,,,
06/25/26 08:40:00,48.60,4261.93,,,,
06/25/26 08:45:00,49.37,5028.69,,,,
06/25/26 08:50:00,51.76,5236.08,,,,
06/25/26 08:55:00,53.00,5074.36,,,,
06/25/26 09:00:00,53.77,4998.25,,,,
06/25/26 09:05:00,53.85,5093.38,,,,
06/25/26 09:10:00,53.54,5186.61,,,,
06/25/26 09:15:00,55.24,5479.62,,,,
06/25/26 09:20:00,55.86,5199.93,,,,
06/25/26 09:25:00,55.08,5163.78,,,,
06/25/26 09:30:00,53.85,5978.11,,,,
06/25/26 09:35:00,52.77,6284.44,,,,
06/25/26 09:40:00,53.23,6389.08,,,,
06/25/26 09:45:00,54.85,6451.87,,,,
06/25/26 09:50:00,55.86,6351.03,,,,
06/25/26 09:55:00,57.63,6741.07,,,,
06/25/26 10:00:00,57.32,5865.86,,,,
06/25/26 10:05:00,57.25,6299.66,,,,
06/25/26 10:10:00,59.56,7793.24,,,,
06/25/26 10:15:00,61.49,7517.35,,,,
06/25/26 10:20:00,62.57,8090.05,,,,
06/25/26 10:25:00,63.04,7876.95,,,,
06/25/26 10:30:00,62.50,7159.65,,,,
06/25/26 10:35:00,62.42,7338.50,,,,
06/25/26 10:40:00,61.80,7458.37,,,,
06/25/26 10:45:00,62.27,7684.79,,,,
06/25/26 10:50:00,64.43,7937.84,,,,
06/25/26 10:55:00,65.20,8219.43,,,,
06/25/26 11:00:00,65.12,7964.47,,,,
06/25/26 11:05:00,64.50,7663.86,,,,
06/25/26 11:10:00,64.89,7983.50,,,,
06/25/26 11:15:00,64.12,8006.33,,,,
06/25/26 11:20:00,62.65,7861.73,,,,
06/25/26 11:25:00,61.42,8440.14,,,,
06/25/26 11:30:00,63.35,9433.32,,,,
06/25/26 11:35:00,68.44,9973.67,,,,
06/25/26 11:40:00,69.68,9026.15,,,,
06/25/26 11:45:00,69.76,9330.57,,,,
06/25/26 11:50:00,70.22,9083.23,,,,
06/25/26 11:55:00,70.84,8364.03,,,,
06/25/26 12:00:00,73.23,8698.90,,,,
06/25/26 12:05:00,77.01,9022.34,,,,
06/25/26 12:10:00,77.94,8778.81,,,,
06/25/26 12:15:00,75.47,8881.55,,,,
06/25/26 12:20:00,74.00,8961.46,,,,
06/25/26 12:25:00,73.77,8900.58,,,,
06/25/26 12:30:00,77.17,9227.83,,,,
06/25/26 12:35:00,79.95,9718.71,,,,
06/25/26 12:40:00,83.04,9265.88,,,,
06/25/26 12:45:00,83.89,9159.34,,,,
06/25/26 12:50:00,80.41,9151.72,,,,
06/25/26 12:55:00,77.32,8706.51,,,,
06/25/26 13:00:00,74.31,8938.63,,,,
06/25/26 13:05:00,75.55,9433.32,,,,
06/25/26 13:10:00,79.18,9338.18,,,,
06/25/26 13:15:00,77.63,9250.66,,,,
06/25/26 13:20:00,77.32,9562.70,,,,
06/25/26 13:25:00,76.63,9098.45,,,,
06/25/26 13:30:00,76.94,9665.44,,,,
06/25/26 13:35:00,79.18,9806.23,,,,
06/25/26 13:40:00,79.87,9981.28,,,,
06/25/26 13:45:00,80.88,10205.79,,,,
06/25/26 13:50:00,82.88,10510.21,,,,
06/25/26 13:55:00,83.27,9920.39,,,,
06/25/26 14:00:00,81.57,10586.32,,,,
06/25/26 14:05:00,81.03,10434.11,,,,
06/25/26 14:10:00,80.95,10700.48,,,,
06/25/26 14:15:00,80.49,9547.48,,,,
06/25/26 14:20:00,80.41,9395.26,,,,
06/25/26 14:25:00,78.95,8953.85,,,,
06/25/26 14:30:00,78.95,8991.90,,,,
06/25/26 14:35:00,80.26,9052.79,,,,
06/25/26 14:40:00,81.57,8816.86,,,,
06/25/26 14:45:00,84.51,9623.58,,,,
06/25/26 14:50:00,79.87,8755.97,,,,
06/25/26 14:55:00,77.63,9018.54,,,,
06/25/26 15:00:00,76.94,9182.17,,,,
06/25/26 15:05:00,76.17,8706.51,,,,
06/25/26 15:10:00,74.23,8649.43,,,,
06/25/26 15:15:00,72.61,8440.14,,,,
06/25/26 15:20:00,71.15,8542.88,,,,
06/25/26 15:25:00,68.13,7930.23,,,,
06/25/26 15:30:00,67.52,7663.86,,,,
06/25/26 15:35:00,67.13,8135.71,,,,
06/25/26 15:40:00,70.37,9288.72,,,,
06/25/26 15:45:00,73.62,8847.30,,,,
06/25/26 15:50:00,71.07,8162.35,,,,
06/25/26 15:55:00,67.90,7380.36,,,,
06/25/26 16:00:00,66.82,8105.27,,,,
06/25/26 16:05:00,68.83,6741.07,,,,
06/25/26 16:10:00,61.26,5085.77,,,,
06/25/26 16:15:00,60.88,5825.90,,,,
06/25/26 16:20:00,61.65,6501.34,,,,
06/25/26 16:25:00,66.67,8021.55,,,,
06/25/26 16:30:00,65.59,6406.21,,,,
06/25/26 16:35:00,63.81,7005.54,,,,
06/25/26 16:40:00,64.66,8029.16,,,,
06/25/26 16:45:00,63.42,7359.43,,,,
06/25/26 16:50:00,62.81,6800.05,,,,
06/25/26 16:55:00,61.49,6212.14,,,,
06/25/26 17:00:00,60.95,6655.45,,,,
06/25/26 17:05:00,58.02,5633.73,,,,
06/25/26 17:10:00,58.33,6124.62,,,,
06/25/26 17:15:00,57.94,6014.26,,,,
06/25/26 17:20:00,59.95,6486.12,,,,
06/25/26 17:25:00,57.56,5403.51,,,,
06/25/26 17:30:00,54.54,4756.61,,,,
06/25/26 17:35:00,52.84,4516.88,,,,
06/25/26 17:40:00,52.23,4299.98,,,,
06/25/26 17:45:00,52.46,4239.09,,,,
06/25/26 17:50:00,52.30,4465.51,,,,
06/25/26 17:55:00,54.31,4676.70,,,,
06/25/26 18:00:00,57.25,4488.34,,,,
06/25/26 18:05:00,56.09,3869.98,,,,
06/25/26 18:10:00,55.32,4018.39,,,,
06/25/26 18:15:00,54.47,3701.60,,,,
06/25/26 18:20:00,56.55,4159.18,,,,
06/25/26 18:25:00,56.71,3987.94,,,,
06/25/26 18:30:00,54.70,3018.55,,,,
06/25/26 18:35:00,49.60,2944.34,,,,
06/25/26 18:40:00,49.14,3336.29,,,,
06/25/26 18:45:00,48.67,2805.45,,,,
06/25/26 18:50:00,47.36,3297.28,,,,
06/25/26 18:55:00,51.15,3923.26,,,,
06/25/26 19:00:00,58.33,4269.54,,,,
06/25/26 19:05:00,57.86,3686.38,,,,
06/25/26 19:10:00,53.31,2852.07,,,,
06/25/26 19:15:00,50.76,2825.43,,,,
06/25/26 19:20:00,45.43,2013.95,,,,
06/25/26 19:25:00,42.81,1929.28,,,,
06/25/26 19:30:00,41.57,1891.23,,,,
06/25/26 19:35:00,42.27,2212.78,,,,
06/25/26 19:40:00,45.05,3525.60,,,,
06/25/26 19:45:00,47.13,2351.67,,,,
06/25/26 19:50:00,42.65,1801.81,,,,
06/25/26 19:55:00,40.72,1492.15,,,,
06/25/26 20:00:00,39.87,1585.38,,,,
06/25/26 20:05:00,38.87,1594.89,,,,
06/25/26 20:10:00,38.87,1485.49,,,,
06/25/26 20:15:00,38.10,1212.46,,,,
06/25/26 20:20:00,35.93,959.88,,,,
06/25/26 20:25:00,35.01,1052.16,,,,
06/25/26 20:30:00,38.64,2117.64,,,,
06/25/26 20:35:00,41.42,1994.92,,,,
06/25/26 20:40:00,42.11,1894.56,,,,
06/25/26 20:45:00,42.65,1846.04,,,,
06/25/26 20:50:00,39.56,714.68,,,,
06/25/26 20:55:00,34.93,645.47,,,,
06/25/26 21:00:00,33.85,791.98,,,,
06/25/26 21:05:00,35.47,1017.44,,,,
06/25/26 21:10:00,34.47,725.38,,,,
06/25/26 21:15:00,33.08,522.04,,,,
06/25/26 21:20:00,32.38,540.11,,,,
06/25/26 21:25:00,32.00,508.72,,,,
06/25/26 21:30:00,31.53,434.99,,,,
06/25/26 21:35:00,31.53,372.80,,,,
06/25/26 21:40:00,31.76,306.68,,,,
06/25/26 21:45:00,31.45,240.63,,,,
06/25/26 21:50:00,31.07,186.10,,,,
06/25/26 21:55:00,30.99,140.56,,,,
06/25/26 22:00:00,30.68,101.46,,,,
06/25/26 22:05:00,30.61,73.40,,,,
06/25/26 22:10:00,30.45,59.09,,,,
06/25/26 22:15:00,30.22,48.67,,,,
06/25/26 22:20:00,30.45,41.81,,,,
06/25/26 22:25:00,30.30,32.49,,,,
06/25/26 22:30:00,30.37,23.89,,,,
06/25/26 22:35:00,30.30,17.52,,,,
06/25/26 22:40:00,30.30,12.58,,,,
06/25/26 22:45:00,30.30,9.08,,,,
06/25/26 22:50:00,30.14,6.88,,,,
06/25/26 22:55:00,30.06,5.01,,,,
06/25/26 23:00:00,30.22,3.50,,,,
06/25/26 23:05:00,30.45,2.37,,,,
06/25/26 23:10:00,30.37,1.61,,,,
06/25/26 23:15:00,29.99,1.25,,,,
06/25/26 23:20:00,30.22,0.89,,,,
06/25/26 23:25:00,30.22,0.65,,,,
06/25/26 23:30:00,30.37,0.47,,,,
06/25/26 23:35:00,30.76,0.32,,,,
06/25/26 23:40:00,30.84,0.24,,,,
06/25/26 23:45:00,30.76,0.18,,,,
06/25/26 23:50:00,30.84,0.14,,,,
06/25/26 23:55:00,30.84,0.10,,,,
06/26/26 00:00:00,30.91,0.08,,,,
06/26/26 00:05:00,30.68,0.06,,,,
06/26/26 00:10:00,30.91,0.04,,,,
06/26/26 00:15:00,31.30,0.04,,,,
06/26/26 00:20:00,31.22,0.02,,,,
06/26/26 00:25:00,30.45,0.02,,,,
06/26/26 00:30:00,30.37,0.02,,,,
06/26/26 00:35:00,30.53,0.00,,,,
06/26/26 00:40:00,30.14,0.00,,,,
06/26/26 00:45:00,30.06,0.00,,,,
06/26/26 00:50:00,29.83,0.00,,,,
06/26/26 00:55:00,30.30,0.00,,,,
06/26/26 01:00:00,30.53,0.00,,,,
06/26/26 01:05:00,29.91,0.00,,,,
06/26/26 01:10:00,29.76,0.00,,,,
06/26/26 01:15:00,29.29,0.00,,,,
06/26/26 01:20:00,29.45,0.00,,,,
06/26/26 01:25:00,29.83,0.02,,,,
06/26/26 01:30:00,29.91,0.06,,,,
06/26/26 01:35:00,29.99,0.04,,,,
06/26/26 01:40:00,29.52,0.08,,,,
06/26/26 01:45:00,30.14,0.08,,,,
06/26/26 01:50:00,30.30,0.08,,,,
06/26/26 01:55:00,30.14,0.10,,,,
06/26/26 02:00:00,30.76,0.14,,,,
06/26/26 02:05:00,31.07,0.16,,,,
06/26/26 02:10:00,31.22,0.20,,,,
06/26/26 02:15:00,31.45,0.26,,,,
06/26/26 02:20:00,31.38,0.34,,,,
06/26/26 02:25:00,31.22,0.43,,,,
06/26/26 02:30:00,31.07,0.59,,,,
06/26/26 02:35:00,30.91,0.77,,,,
06/26/26 02:40:00,30.76,0.97,,,,
06/26/26 02:45:00,30.91,1.25,,,,
06/26/26 02:50:00,31.15,1.67,,,,
06/26/26 02:55:00,31.22,2.22,,,,
06/26/26 03:00:00,31.07,2.95,,,,
06/26/26 03:05:00,30.84,4.06,,,,
06/26/26 03:10:00,30.06,5.93,,,,
06/26/26 03:15:00,30.37,8.13,,,,
06/26/26 03:20:00,30.30,11.16,,,,
06/26/26 03:25:00,29.91,15.21,,,,
06/26/26 03:30:00,29.68,20.63,,,,
06/26/26 03:35:00,29.83,26.45,,,,
06/26/26 03:40:00,30.22,33.99,,,,
06/26/26 03:45:00,30.45,43.24,,,,
06/26/26 03:50:00,30.84,57.73,,,,
06/26/26 03:55:00,31.15,83.15,,,,
06/26/26 04:00:00,31.22,122.01,,,,
06/26/26 04:05:00,31.45,166.78,,,,
06/26/26 04:10:00,31.84,190.21,,,,
06/26/26 04:15:00,32.23,200.55,,,,
06/26/26 04:20:00,32.30,186.28,,,,
06/26/26 04:25:00,32.07,157.03,,,,
06/26/26 04:30:00,32.15,155.30,,,,
06/26/26 04:35:00,32.15,166.30,,,,
06/26/26 04:40:00,31.76,196.39,,,,
06/26/26 04:45:00,31.61,227.78,,,,
06/26/26 04:50:00,31.61,272.32,,,,
06/26/26 04:55:00,32.00,349.37,,,,
06/26/26 05:00:00,32.23,412.16,,,,
06/26/26 05:05:00,32.54,443.20,,,,
06/26/26 05:10:00,32.61,512.76,,,,
06/26/26 05:15:00,33.23,622.17,,,,
06/26/26 05:20:00,33.93,803.39,,,,
06/26/26 05:25:00,34.47,852.15,,,,
06/26/26 05:30:00,35.86,1114.47,,,,
06/26/26 05:35:00,35.93,1059.77,,,,
06/26/26 05:40:00,36.55,1309.97,,,,
06/26/26 05:45:00,36.55,1210.08,,,,
06/26/26 05:50:00,36.94,1348.02,,,,
06/26/26 05:55:00,37.48,1479.78,,,,
06/26/26 06:00:00,38.02,1598.70,,,,
06/26/26 06:05:00,38.79,1754.24,,,,
06/26/26 06:10:00,39.79,1911.68,,,,
06/26/26 06:15:00,39.79,1723.80,,,,
06/26/26 06:20:00,39.41,1583.95,,,,
06/26/26 06:25:00,38.56,1303.31,,,,
06/26/26 06:30:00,37.09,1205.80,,,,
06/26/26 06:35:00,36.01,1074.52,,,,
06/26/26 06:40:00,35.47,1032.66,,,,
06/26/26 06:45:00,35.78,1116.85,,,,
06/26/26 06:50:00,36.01,1122.09,,,,
06/26/26 06:55:00,36.63,1536.39,,,,
06/26/26 07:00:00,37.48,2157.60,,,,
06/26/26 07:05:00,39.72,2181.38,,,,
06/26/26 07:10:00,43.58,2877.75,,,,
06/26/26 07:15:00,42.88,2375.45,,,,
06/26/26 07:20:00,43.27,3556.04,,,,
06/26/26 07:25:00,41.96,3396.22,,,,
06/26/26 07:30:00,42.57,2764.54,,,,
06/26/26 07:35:00,44.04,2308.86,,,,
06/26/26 07:40:00,46.74,4984.93,,,,
06/26/26 07:45:00,49.60,3438.08,,,,
06/26/26 07:50:00,49.45,3855.71,,,,
06/26/26 07:55:00,50.45,3927.06,,,,
06/26/26 08:00:00,53.00,4140.16,,,,
06/26/26 08:05:00,52.46,4416.04,,,,
06/26/26 08:10:00,51.07,3972.72,,,,
06/26/26 08:15:00,49.83,4014.58,,,,
06/26/26 08:20:00,51.76,4680.51,,,,
06/26/26 08:25:00,54.62,5199.93,,,,
06/26/26 08:30:00,54.23,4714.76,,,,
06/26/26 08:35:00,52.23,4094.49,,,,
06/26/26 08:40:00,49.99,3540.82,,,,
06/26/26 08:45:00,49.83,4020.29,,,,
06/26/26 08:50:00,52.00,4473.12,,,,
06/26/26 08:55:00,53.39,4524.49,,,,
06/26/26 09:00:00,53.77,4250.51,,,,
06/26/26 09:05:00,54.39,4636.75,,,,
06/26/26 09:10:00,53.31,4688.12,,,,
06/26/26 09:15:00,52.61,4686.22,,,,
06/26/26 09:20:00,52.77,4672.90,,,,
06/26/26 09:25:00,53.39,4720.46,,,,
06/26/26 09:30:00,52.46,4884.09,,,,
06/26/26 09:35:00,52.77,5289.35,,,,
06/26/26 09:40:00,53.31,5441.57,,,,
06/26/26 09:45:00,53.77,5803.07,,,,
06/26/26 09:50:00,54.70,6130.32,,,,
06/26/26 09:55:00,55.62,6510.85,,,,
06/26/26 10:00:00,57.63,7481.20,,,,
06/26/26 10:05:00,60.88,6860.94,,,,
06/26/26 10:10:00,59.95,6579.35,,,,
06/26/26 10:15:00,59.95,7083.55,,,,
06/26/26 10:20:00,60.64,6887.58,,,,
06/26/26 10:25:00,60.88,7075.94,,,,
06/26/26 10:30:00,62.03,7504.03,,,,
06/26/26 10:35:00,61.80,7068.33,,,,
06/26/26 10:40:00,59.72,7119.70,,,,
06/26/26 10:45:00,57.94,7119.70,,,,
06/26/26 10:50:00,56.86,7711.42,,,,
06/26/26 10:55:00,57.48,7635.32,,,,
06/26/26 11:00:00,58.71,8379.25,,,,
06/26/26 11:05:00,59.56,7772.31,,,,
06/26/26 11:10:00,58.95,7631.51,,,,
06/26/26 11:15:00,57.17,6902.80,,,,
06/26/26 11:20:00,56.40,7047.40,,,,
06/26/26 11:25:00,57.32,7557.31,,,,
06/26/26 11:30:00,60.03,7998.72,,,,
06/26/26 11:35:00,62.11,8135.71,,,,
06/26/26 11:40:00,64.12,8333.59,,,,
06/26/26 11:45:00,64.89,8459.16,,,,
06/26/26 11:50:00,64.89,9258.27,,,,
06/26/26 11:55:00,65.51,10034.55,,,,
06/26/26 12:00:00,66.59,9756.77,,,,
06/26/26 12:05:00,61.72,8881.55,,,,
06/26/26 12:10:00,63.66,11465.34,,,,
06/26/26 12:15:00,64.66,10064.99,,,,
06/26/26 12:20:00,64.66,9433.32,,,,
06/26/26 12:25:00,64.89,10182.96,,,,
06/26/26 12:30:00,61.26,9208.80,,,,
06/26/26 12:35:00,62.88,8961.46,,,,
06/26/26 12:40:00,64.66,10167.74,,,,
06/26/26 12:45:00,62.03,9060.40,,,,
06/26/26 12:50:00,63.04,9022.34,,,,
06/26/26 12:55:00,60.95,8539.07,,,,
06/26/26 13:00:00,60.41,8090.05,,,,
06/26/26 13:05:00,56.71,7709.52,,,,
06/26/26 13:10:00,55.32,8124.30,,,,
06/26/26 13:15:00,56.71,9243.05,,,,
06/26/26 13:20:00,60.80,9745.35,,,,
06/26/26 13:25:00,59.25,7779.92,,,,
06/26/26 13:30:00,58.71,8059.61,,,,
06/26/26 13:35:00,58.17,8021.55,,,,
06/26/26 13:40:00,57.79,8409.69,,,,
06/26/26 13:45:00,58.95,8740.75,,,,
06/26/26 13:50:00,58.02,8105.27,,,,
06/26/26 13:55:00,57.56,7911.20,,,,
06/26/26 14:00:00,57.09,7934.03,,,,
06/26/26 14:05:00,57.25,8002.53,,,,
06/26/26 14:10:00,56.32,8215.62,,,,
06/26/26 14:15:00,59.64,8592.35,,,,
06/26/26 14:20:00,60.80,8310.76,,,,
06/26/26 14:25:00,59.49,7290.94,,,,
06/26/26 14:30:00,56.71,6678.29,,,,
06/26/26 14:35:00,54.54,7081.65,,,,
06/26/26 14:40:00,55.24,7677.17,,,,
06/26/26 14:45:00,57.79,8268.90,,,,
06/26/26 14:50:00,58.79,8029.16,,,,
06/26/26 14:55:00,58.17,7192.00,,,,
06/26/26 15:00:00,57.32,7616.29,,,,
06/26/26 15:05:00,59.18,8284.12,,,,
06/26/26 15:10:00,60.57,8284.12,,,,
06/26/26 15:15:00,59.64,7941.64,,,,
06/26/26 15:20:00,58.71,7688.59,,,,
06/26/26 15:25:00,56.71,7131.12,,,,
06/26/26 15:30:00,55.32,7226.25,,,,
06/26/26 15:35:00,55.39,7357.53,,,,
06/26/26 15:40:00,56.40,7013.15,,,,
06/26/26 15:45:00,58.95,7264.30,,,,
06/26/26 15:50:00,57.01,5985.72,,,,
06/26/26 15:55:00,56.24,5818.29,,,,
06/26/26 16:00:00,55.47,5346.43,,,,
06/26/26 16:05:00,55.16,5730.77,,,,
06/26/26 16:10:00,57.32,6436.65,,,,
06/26/26 16:15:00,60.03,7903.59,,,,
06/26/26 16:20:00,60.18,7275.72,,,,
06/26/26 16:25:00,56.94,5926.74,,,,
06/26/26 16:30:00,56.01,6029.48,,,,
06/26/26 16:35:00,57.56,6634.52,,,,
06/26/26 16:40:00,59.33,6501.34,,,,
06/26/26 16:45:00,60.95,6763.90,,,,
06/26/26 16:50:00,60.57,6349.13,,,,
06/26/26 16:55:00,61.72,6674.48,,,,
06/26/26 17:00:00,60.34,5732.67,,,,
06/26/26 17:05:00,53.69,4933.56,,,,
06/26/26 17:10:00,50.37,4600.60,,,,
06/26/26 17:15:00,49.83,4514.98,,,,
06/26/26 17:20:00,50.30,4663.38,,,,
06/26/26 17:25:00,49.29,4695.73,,,,
06/26/26 17:30:00,48.29,4332.32,,,,
06/26/26 17:35:00,49.37,4847.94,,,,
06/26/26 17:40:00,50.22,4617.72,,,,
06/26/26 17:45:00,48.98,4237.19,,,,
06/26/26 17:50:00,47.67,4008.87,,,,
06/26/26 17:55:00,47.36,3805.29,,,,
06/26/26 18:00:00,46.36,3595.05,,,,
06/26/26 18:05:00,45.97,3309.65,,,,
06/26/26 18:10:00,45.82,3212.62,,,,
06/26/26 18:15:00,45.97,3209.76,,,,
06/26/26 18:20:00,46.36,3241.16,,,,
06/26/26 18:25:00,45.89,2973.83,,,,
06/26/26 18:30:00,45.05,2785.47,,,,
06/26/26 18:35:00,45.20,3069.92,,,,
06/26/26 18:40:00,45.12,2980.49,,,,
06/26/26 18:45:00,44.27,2470.59,,,,
06/26/26 18:50:00,43.27,2108.13,,,,
06/26/26 18:55:00,43.19,2348.82,,,,
06/26/26 19:00:00,43.04,2003.49,,,,
06/26/26 19:05:00,42.34,1717.61,,,,
06/26/26 19:10:00,42.50,1964.48,,,,
06/26/26 19:15:00,42.57,1756.14,,,,
06/26/26 19:20:00,41.80,1557.32,,,,
06/26/26 19:25:00,41.49,1566.83,,,,
06/26/26 19:30:00,41.34,1627.24,,,,
06/26/26 19:35:00,40.64,1458.85,,,,
06/26/26 19:40:00,40.03,1358.96,,,,
06/26/26 19:45:00,39.56,1427.94,,,,
06/26/26 19:50:00,40.03,1581.57,,,,
06/26/26 19:55:00,40.49,1434.59,,,,
06/26/26 20:00:00,40.49,1354.68,,,,
06/26/26 20:05:00,41.34,1585.86,,,,
06/26/26 20:10:00,41.72,1363.25,,,,
06/26/26 20:15:00,41.42,1122.56,,,,
06/26/26 20:20:00,41.03,978.91,,,,
06/26/26 20:25:00,40.33,921.83,,,,
06/26/26 20:30:00,39.87,995.08,,,,
06/26/26 20:35:00,39.41,829.32,,,,
06/26/26 20:40:00,39.56,705.17,,,,
06/26/26 20:45:00,39.18,556.76,,,,
06/26/26 20:50:00,38.94,436.54,,,,
06/26/26 20:55:00,38.71,390.64,,,,
06/26/26 21:00:00,38.17,374.70,,,,
06/26/26 21:05:00,38.02,335.10,,,,
06/26/26 21:10:00,37.94,273.62,,,,
06/26/26 21:15:00,37.86,223.03,,,,
06/26/26 21:20:00,37.79,210.00,,,,
06/26/26 21:25:00,38.10,205.60,,,,
06/26/26 21:30:00,38.17,223.50,,,,
06/26/26 21:35:00,38.64,243.42,,,,
06/26/26 21:40:00,39.10,278.62,,,,
06/26/26 21:45:00,39.25,243.12,,,,
06/26/26 21:50:00,39.25,172.78,,,,
06/26/26 21:55:00,38.48,125.34,,,,
06/26/26 22:00:00,38.17,94.00,,,,
06/26/26 22:05:00,38.02,67.63,,,,
06/26/26 22:10:00,38.10,51.91,,,,
06/26/26 22:15:00,38.17,38.05,,,,
06/26/26 22:20:00,38.10,27.88,,,,
06/26/26 22:25:00,38.17,21.90,,,,
06/26/26 22:30:00,38.17,15.69,,,,
06/26/26 22:35:00,37.94,11.55,,,,
06/26/26 22:40:00,38.25,8.55,,,,
06/26/26 22:45:00,37.79,5.97,,,,
06/26/26 22:50:00,38.33,4.26,,,,
06/26/26 22:55:00,38.25,3.10,,,,
06/26/26 23:00:00,38.33,2.39,,,,
06/26/26 23:05:00,38.64,1.98,,,,
06/26/26 23:10:00,38.33,1.23,,,,
06/26/26 23:15:00,38.48,0.79,,,,
06/26/26 23:20:00,38.71,0.56,,,,
06/26/26 23:25:00,39.02,0.40,,,,
06/26/26 23:30:00,38.64,0.32,,,,
06/26/26 23:35:00,39.33,0.22,,,,
06/26/26 23:40:00,38.87,0.18,,,,
06/26/26 23:45:00,39.64,0.12,,,,
06/26/26 23:50:00,40.03,0.10,,,,
06/26/26 23:55:00,40.41,0.08,,,,
06/27/26 00:00:00,40.10,0.06,,,,
06/27/26 00:05:00,38.87,0.02,,,,
06/27/26 00:10:00,38.10,0.02,,,,
06/27/26 00:15:00,37.94,0.00,,,,
06/27/26 00:20:00,37.40,0.00,,,,
06/27/26 00:25:00,37.40,0.00,,,,
06/27/26 00:30:00,37.55,0.00,,,,
06/27/26 00:35:00,37.86,0.00,,,,
06/27/26 00:40:00,38.33,0.00,,,,
06/27/26 00:45:00,38.02,0.00,,,,
06/27/26 00:50:00,38.25,0.00,,,,
06/27/26 00:55:00,38.56,0.00,,,,
06/27/26 01:00:00,38.79,0.02,,,,
06/27/26 01:05:00,38.64,0.00,,,,
06/27/26 01:10:00,38.56,0.02,,,,
06/27/26 01:15:00,39.02,0.02,,,,
06/27/26 01:20:00,39.02,0.00,,,,
06/27/26 01:25:00,38.94,0.02,,,,
06/27/26 01:30:00,38.79,0.00,,,,
06/27/26 01:35:00,38.71,0.00,,,,
06/27/26 01:40:00,38.48,0.00,,,,
06/27/26 01:45:00,38.64,0.00,,,,
06/27/26 01:50:00,38.79,0.02,,,,
06/27/26 01:55:00,38.64,0.04,,,,
06/27/26 02:00:00,38.56,0.06,,,,
06/27/26 02:05:00,38.25,0.10,,,,
06/27/26 02:10:00,38.10,0.14,,,,
06/27/26 02:15:00,38.48,0.20,,,,
06/27/26 02:20:00,38.71,0.26,,,,
06/27/26 02:25:00,38.56,0.32,,,,
06/27/26 02:30:00,38.40,0.42,,,,
06/27/26 02:35:00,38.40,0.56,,,,
06/27/26 02:40:00,38.64,0.78,,,,
06/27/26 02:45:00,38.25,1.13,,,,
06/27/26 02:50:00,38.56,1.50,,,,
06/27/26 02:55:00,39.25,1.91,,,,
06/27/26 03:00:00,39.41,2.58,,,,
06/27/26 03:05:00,39.18,3.27,,,,
06/27/26 03:10:00,38.87,4.66,,,,
06/27/26 03:15:00,38.25,6.85,,,,
06/27/26 03:20:00,37.94,10.35,,,,
06/27/26 03:25:00,38.10,13.30,,,,
06/27/26 03:30:00,38.25,18.47,,,,
06/27/26 03:35:00,38.33,23.64,,,,
06/27/26 03:40:00,38.33,32.33,,,,
06/27/26 03:45:00,38.25,42.60,,,,
06/27/26 03:50:00,38.02,58.02,,,,
06/27/26 03:55:00,38.56,69.30,,,,
06/27/26 04:00:00,38.48,86.72,,,,
06/27/26 04:05:00,38.79,108.57,,,,
06/27/26 04:10:00,39.10,126.29,,,,
06/27/26 04:15:00,39.41,137.41,,,,
06/27/26 04:20:00,38.79,160.60,,,,
06/27/26 04:25:00,38.33,208.58,,,,
06/27/26 04:30:00,38.17,246.87,,,,
06/27/26 04:35:00,38.25,298.60,,,,
06/27/26 04:40:00,38.79,382.07,,,,
06/27/26 04:45:00,39.33,453.07,,,,
06/27/26 04:50:00,39.41,452.35,,,,
06/27/26 04:55:00,39.72,439.39,,,,
06/27/26 05:00:00,39.87,489.69,,,,
06/27/26 05:05:00,40.41,435.23,,,,
06/27/26 05:10:00,39.72,451.16,,,,
06/27/26 05:15:00,38.94,407.05,,,,
06/27/26 05:20:00,38.79,420.72,,,,
06/27/26 05:25:00,38.71,499.21,,,,
06/27/26 05:30:00,38.94,530.60,,,,
06/27/26 05:35:00,38.79,527.51,,,,
06/27/26 05:40:00,39.10,586.25,,,,
06/27/26 05:45:00,39.41,670.92,,,,
06/27/26 05:50:00,39.95,795.78,,,,
06/27/26 05:55:00,40.26,1014.11,,,,
06/27/26 06:00:00,40.41,1099.25,,,,
06/27/26 06:05:00,40.26,1050.26,,,,
06/27/26 06:10:00,40.57,1151.10,,,,
06/27/26 06:15:00,40.72,1182.97,,,,
06/27/26 06:20:00,41.03,1458.85,,,,
06/27/26 06:25:00,42.73,2263.20,,,,
06/27/26 06:30:00,45.12,2428.73,,,,
06/27/26 06:35:00,43.50,1621.53,,,,
06/27/26 06:40:00,41.96,1352.78,,,,
06/27/26 06:45:00,42.34,1815.12,,,,
06/27/26 06:50:00,43.27,1986.36,,,,
06/27/26 06:55:00,43.11,1976.85,,,,
06/27/26 07:00:00,43.27,2133.82,,,,
06/27/26 07:05:00,43.42,2054.86,,,,
06/27/26 07:10:00,42.88,1839.86,,,,
06/27/26 07:15:00,42.96,1982.56,,,,
06/27/26 07:20:00,43.81,2114.79,,,,
06/27/26 07:25:00,44.04,2198.51,,,,
06/27/26 07:30:00,44.20,2324.08,,,,
06/27/26 07:35:00,44.35,2572.38,,,,
06/27/26 07:40:00,44.27,2825.43,,,,
06/27/26 07:45:00,44.66,3011.89,,,,
06/27/26 07:50:00,45.12,3367.68,,,,
06/27/26 07:55:00,45.82,3404.78,,,,
06/27/26 08:00:00,46.13,3248.77,,,,
06/27/26 08:05:00,45.35,3159.34,,,,
06/27/26 08:10:00,45.59,3489.45,,,,
06/27/26 08:15:00,45.66,3283.97,,,,
06/27/26 08:20:00,44.81,2440.14,,,,
06/27/26 08:25:00,43.96,2774.06,,,,
06/27/26 08:30:00,45.51,3735.84,,,,
06/27/26 08:35:00,45.59,3272.55,,,,
06/27/26 08:40:00,45.74,3148.88,,,,
06/27/26 08:45:00,45.89,3324.87,,,,
06/27/26 08:50:00,45.82,3287.77,,,,
06/27/26 08:55:00,47.83,4615.82,,,,
06/27/26 09:00:00,48.91,4644.36,,,,
06/27/26 09:05:00,48.52,4423.65,,,,
06/27/26 09:10:00,48.37,4598.69,,,,
06/27/26 09:15:00,48.29,4514.98,,,,
06/27/26 09:20:00,47.98,4473.12,,,,
06/27/26 09:25:00,47.83,4410.33,,,,
06/27/26 09:30:00,47.67,4269.54,,,,
06/27/26 09:35:00,47.75,4315.20,,,,
06/27/26 09:40:00,48.06,4560.64,,,,
06/27/26 09:45:00,48.75,4640.55,,,,
06/27/26 09:50:00,48.67,4193.43,,,,
06/27/26 09:55:00,47.83,4014.58,,,,
06/27/26 10:00:00,48.06,4109.71,,,,
06/27/26 10:05:00,48.91,4773.74,,,,
06/27/26 10:10:00,49.91,5201.83,,,,
06/27/26 10:15:00,49.99,4688.12,,,,
06/27/26 10:20:00,49.14,4010.78,,,,
06/27/26 10:25:00,48.67,4497.85,,,,
06/27/26 10:30:00,50.76,5757.41,,,,
06/27/26 10:35:00,53.23,6642.14,,,,
06/27/26 10:40:00,54.47,6628.82,,,,
06/27/26 10:45:00,54.08,6029.48,,,,
06/27/26 10:50:00,53.62,4389.40,,,,
06/27/26 10:55:00,52.00,4583.47,,,,
06/27/26 11:00:00,55.47,6723.95,,,,
06/27/26 11:05:00,57.09,6459.48,,,,
06/27/26 11:10:00,56.71,6977.00,,,,
06/27/26 11:15:00,58.25,7403.19,,,,
06/27/26 11:20:00,55.55,5078.16,,,,
06/27/26 11:25:00,52.69,5749.79,,,,
06/27/26 11:30:00,53.62,6170.28,,,,
06/27/26 11:35:00,53.08,5740.28,,,,
06/27/26 11:40:00,53.15,6212.14,,,,
06/27/26 11:45:00,54.31,6548.91,,,,
06/27/26 11:50:00,53.54,6516.56,,,,
06/27/26 11:55:00,53.93,6651.65,,,,
06/27/26 12:00:00,55.47,6748.68,,,,
06/27/26 12:05:00,57.01,7250.98,,,,
06/27/26 12:10:00,57.79,7252.88,,,,
06/27/26 12:15:00,57.01,7047.40,,,,
06/27/26 12:20:00,58.17,7595.36,,,,
06/27/26 12:25:00,60.26,8253.68,,,,
06/27/26 12:30:00,62.27,8580.93,,,,
06/27/26 12:35:00,61.96,8109.08,,,,
06/27/26 12:40:00,62.34,8192.79,,,,
06/27/26 12:45:00,61.42,8128.10,,,,
06/27/26 12:50:00,62.50,8763.59,,,,
06/27/26 12:55:00,61.96,7994.92,,,,
06/27/26 13:00:00,58.56,8188.99,,,,
06/27/26 13:05:00,57.40,8683.67,,,,
06/27/26 13:10:00,54.85,8314.56,,,,
06/27/26 13:15:00,52.30,8143.32,,,,
06/27/26 13:20:00,49.68,7214.83,,,,
06/27/26 13:25:00,48.06,6664.97,,,,
06/27/26 13:30:00,47.67,6864.74,,,,
06/27/26 13:35:00,48.67,7521.16,,,,
06/27/26 13:40:00,48.52,7311.87,,,,
06/27/26 13:45:00,48.44,7241.47,,,,
06/27/26 13:50:00,47.98,6727.75,,,,
06/27/26 13:55:00,46.67,6219.75,,,,
06/27/26 14:00:00,46.59,6381.47,,,,
06/27/26 14:05:00,47.59,7032.18,,,,
06/27/26 14:10:00,50.06,8059.61,,,,
06/27/26 14:15:00,53.85,9003.32,,,,
06/27/26 14:20:00,57.09,9528.45,,,,
06/27/26 14:25:00,55.78,8440.14,,,,
06/27/26 14:30:00,53.39,7709.52,,,,
06/27/26 14:35:00,52.38,7237.66,,,,
06/27/26 14:40:00,51.53,7144.43,,,,
06/27/26 14:45:00,51.45,7711.42,,,,
06/27/26 14:50:00,52.77,8322.17,,,,
06/27/26 14:55:00,53.08,7604.87,,,,
06/27/26 15:00:00,51.38,7496.42,,,,
06/27/26 15:05:00,52.30,7502.13,,,,
06/27/26 15:10:00,52.23,7058.81,,,,
06/27/26 15:15:00,54.47,8763.59,,,,
06/27/26 15:20:00,56.40,8683.67,,,,
06/27/26 15:25:00,55.55,8196.60,,,,
06/27/26 15:30:00,53.69,7846.51,,,,
06/27/26 15:35:00,53.08,8010.14,,,,
06/27/26 15:40:00,54.39,8877.74,,,,
06/27/26 15:45:00,54.47,8265.09,,,,
06/27/26 15:50:00,53.93,8158.54,,,,
06/27/26 15:55:00,53.00,7783.72,,,,
06/27/26 16:00:00,52.30,7479.30,,,,
06/27/26 16:05:00,51.69,7108.28,,,,
06/27/26 16:10:00,50.61,6811.47,,,,
06/27/26 16:15:00,49.83,6373.86,,,,
06/27/26 16:20:00,48.29,6130.32,,,,
06/27/26 16:25:00,47.36,5896.30,,,,
06/27/26 16:30:00,46.44,5540.50,,,,
06/27/26 16:35:00,46.36,5589.97,,,,
06/27/26 16:40:00,46.90,5588.07,,,,
06/27/26 16:45:00,46.67,5468.20,,,,
06/27/26 16:50:00,46.98,5350.24,,,,
06/27/26 16:55:00,45.89,5152.36,,,,
06/27/26 17:00:00,45.05,5091.48,,,,
06/27/26 17:05:00,44.35,4901.21,,,,
06/27/26 17:10:00,44.89,5253.20,,,,
06/27/26 17:15:00,47.28,5957.18,,,,
06/27/26 17:20:00,46.28,4906.92,,,,
06/27/26 17:25:00,44.50,4853.65,,,,
06/27/26 17:30:00,43.50,4022.19,,,,
06/27/26 17:35:00,42.50,3834.78,,,,
06/27/26 17:40:00,44.12,4718.56,,,,
06/27/26 17:45:00,44.66,4307.59,,,,
06/27/26 17:50:00,42.57,3526.55,,,,
06/27/26 17:55:00,42.11,3439.98,,,,
06/27/26 18:00:00,41.72,3290.63,,,,
06/27/26 18:05:00,40.88,3115.58,,,,
06/27/26 18:10:00,40.26,2888.22,,,,
06/27/26 18:15:00,39.56,2963.37,,,,
06/27/26 18:20:00,39.56,2970.03,,,,
06/27/26 18:25:00,39.49,3109.87,,,,
06/27/26 18:30:00,38.17,2094.81,,,,
06/27/26 18:35:00,37.63,2251.78,,,,
06/27/26 18:40:00,37.09,1883.14,,,,
06/27/26 18:45:00,36.47,1585.86,,,,
06/27/26 18:50:00,36.32,2014.90,,,,
06/27/26 18:55:00,38.02,2711.27,,,,
06/27/26 19:00:00,38.48,2540.98,,,,
06/27/26 19:05:00,37.94,2256.54,,,,
06/27/26 19:10:00,37.63,2190.90,,,,
06/27/26 19:15:00,38.10,2437.29,,,,
06/27/26 19:20:00,37.86,2263.20,,,,
06/27/26 19:25:00,37.79,2096.72,,,,
06/27/26 19:30:00,36.94,1732.83,,,,
06/27/26 19:35:00,36.55,1711.43,,,,
06/27/26 19:40:00,36.40,1513.08,,,,
06/27/26 19:45:00,36.24,1553.51,,,,
06/27/26 19:50:00,35.62,1319.48,,,,
06/27/26 19:55:00,35.62,1452.67,,,,
06/27/26 20:00:00,36.01,1627.71,,,,
06/27/26 20:05:00,35.78,1383.70,,,,
06/27/26 20:10:00,35.70,1382.27,,,,
06/27/26 20:15:00,35.55,1286.66,,,,
06/27/26 20:20:00,35.47,1168.22,,,,
06/27/26 20:25:00,35.39,1114.47,,,,
06/27/26 20:30:00,34.47,780.56,,,,
06/27/26 20:35:00,34.31,830.50,,,,
06/27/26 20:40:00,34.08,741.32,,,,
06/27/26 20:45:00,34.08,774.85,,,,
06/27/26 20:50:00,34.08,633.34,,,,
06/27/26 20:55:00,33.62,491.36,,,,
06/27/26 21:00:00,33.31,375.65,,,,
06/27/26 21:05:00,33.00,327.26,,,,
06/27/26 21:10:00,33.00,334.87,,,,
06/27/26 21:15:00,32.92,301.09,,,,
06/27/26 21:20:00,32.84,280.16,,,,
06/27/26 21:25:00,33.00,270.41,,,,
06/27/26 21:30:00,32.84,207.98,,,,
06/27/26 21:35:00,32.69,196.27,,,,
06/27/26 21:40:00,32.61,187.53,,,,
06/27/26 21:45:00,32.61,163.15,,,,
06/27/26 21:50:00,32.61,138.60,,,,
06/27/26 21:55:00,32.69,119.12,,,,
06/27/26 22:00:00,32.54,94.95,,,,
06/27/26 22:05:00,32.38,72.92,,,,
06/27/26 22:10:00,32.30,56.47,,,,
06/27/26 22:15:00,32.23,43.24,,,,
06/27/26 22:20:00,32.23,33.92,,,,
06/27/26 22:25:00,32.23,25.82,,,,
06/27/26 22:30:00,32.30,18.31,,,,
06/27/26 22:35:00,32.23,13.39,,,,
06/27/26 22:40:00,32.23,10.28,,,,
06/27/26 22:45:00,32.30,7.16,,,,
06/27/26 22:50:00,32.15,4.82,,,,
06/27/26 22:55:00,32.07,3.43,,,,
06/27/26 23:00:00,32.07,2.43,,,,
06/27/26 23:05:00,32.00,1.83,,,,
06/27/26 23:10:00,31.92,1.39,,,,
06/27/26 23:15:00,32.00,1.01,,,,
06/27/26 23:20:00,32.00,0.71,,,,
06/27/26 23:25:00,32.00,0.57,,,,
06/27/26 23:30:00,32.00,0.40,,,,
06/27/26 23:35:00,31.84,0.30,,,,
06/27/26 23:40:00,32.00,0.22,,,,
06/27/26 23:45:00,32.07,0.16,,,,
06/27/26 23:50:00,32.00,0.12,,,,
06/27/26 23:55:00,32.00,0.10,,,,
06/28/26 00:00:00,32.07,0.06,,,,
06/28/26 00:05:00,32.07,0.06,,,,
06/28/26 00:10:00,32.00,0.04,,,,
06/28/26 00:15:00,32.00,0.02,,,,
06/28/26 00:20:00,32.07,0.02,,,,
06/28/26 00:25:00,32.00,0.02,,,,
06/28/26 00:30:00,32.00,0.00,,,,
06/28/26 00:35:00,32.00,0.00,,,,
06/28/26 00:40:00,32.00,0.00,,,,
06/28/26 00:45:00,32.00,0.00,,,,
06/28/26 00:50:00,32.15,0.00,,,,
06/28/26 00:55:00,32.15,0.00,,,,
06/28/26 01:00:00,32.07,0.00,,,,
06/28/26 01:05:00,32.07,0.00,,,,
06/28/26 01:10:00,32.00,0.00,,,,
06/28/26 01:15:00,32.07,0.00,,,,
06/28/26 01:20:00,32.00,0.00,,,,
06/28/26 01:25:00,31.92,0.00,,,,
06/28/26 01:30:00,31.92,0.00,,,,
06/28/26 01:35:00,32.00,0.02,,,,
06/28/26 01:40:00,32.15,0.02,,,,
06/28/26 01:45:00,32.00,0.02,,,,
06/28/26 01:50:00,31.92,0.04,,,,
06/28/26 01:55:00,32.00,0.04,,,,
06/28/26 02:00:00,32.00,0.06,,,,
06/28/26 02:05:00,32.07,0.10,,,,
06/28/26 02:10:00,31.92,0.12,,,,
06/28/26 02:15:00,32.00,0.16,,,,
06/28/26 02:20:00,32.07,0.22,,,,
06/28/26 02:25:00,32.07,0.30,,,,
06/28/26 02:30:00,32.07,0.38,,,,
06/28/26 02:35:00,32.07,0.51,,,,
06/28/26 02:40:00,32.00,0.71,,,,
06/28/26 02:45:00,32.00,0.93,,,,
06/28/26 02:50:00,32.00,1.31,,,,
06/28/26 02:55:00,32.00,1.80,,,,
06/28/26 03:00:00,32.07,2.45,,,,
06/28/26 03:05:00,32.15,3.30,,,,
06/28/26 03:10:00,32.15,4.66,,,,
06/28/26 03:15:00,32.07,6.60,,,,
06/28/26 03:20:00,32.15,8.68,,,,
06/28/26 03:25:00,32.07,12.03,,,,
06/28/26 03:30:00,32.07,17.28,,,,
06/28/26 03:35:00,32.00,23.89,,,,
06/28/26 03:40:00,32.00,32.73,,,,
06/28/26 03:45:00,32.00,41.41,,,,
06/28/26 03:50:00,32.07,53.42,,,,
06/28/26 03:55:00,32.15,64.33,,,,
06/28/26 04:00:00,32.23,71.74,,,,
06/28/26 04:05:00,32.30,83.15,,,,
06/28/26 04:10:00,32.38,103.19,,,,
06/28/26 04:15:00,32.38,118.23,,,,
06/28/26 04:20:00,32.30,142.94,,,,
06/28/26 04:25:00,32.38,167.43,,,,
06/28/26 04:30:00,32.46,184.97,,,,
06/28/26 04:35:00,32.46,222.07,,,,
06/28/26 04:40:00,32.61,313.58,,,,
06/28/26 04:45:00,32.92,460.56,,,,
06/28/26 04:50:00,33.23,574.60,,,,
06/28/26 04:55:00,33.15,514.67,,,,
06/28/26 05:00:00,33.31,629.78,,,,
06/28/26 05:05:00,33.77,852.15,,,,
06/28/26 05:10:00,34.16,942.76,,,,
06/28/26 05:15:00,34.47,1092.12,,,,
06/28/26 05:20:00,34.70,1200.57,,,,
06/28/26 05:25:00,34.77,1249.56,,,,
06/28/26 05:30:00,35.78,1832.72,,,,
06/28/26 05:35:00,35.70,2068.18,,,,
06/28/26 05:40:00,36.01,1884.09,,,,
06/28/26 05:45:00,35.01,1367.05,,,,
06/28/26 05:50:00,35.70,1778.50,,,,
06/28/26 05:55:00,36.24,1841.76,,,,
06/28/26 06:00:00,36.63,2383.06,,,,
06/28/26 06:05:00,37.32,1690.50,,,,
06/28/26 06:10:00,36.78,2032.03,,,,
06/28/26 06:15:00,38.79,2441.09,,,,
06/28/26 06:20:00,43.27,3961.31,,,,
06/28/26 06:25:00,45.51,3597.90,,,,
06/28/26 06:30:00,40.72,2744.57,,,,
06/28/26 06:35:00,43.66,2354.52,,,,
06/28/26 06:40:00,40.95,1965.43,,,,
06/28/26 06:45:00,44.58,2783.57,,,,
06/28/26 06:50:00,43.11,1721.89,,,,
06/28/26 06:55:00,45.43,4159.18,,,,
06/28/26 07:00:00,46.90,4010.78,,,,
06/28/26 07:05:00,47.05,4010.78,,,,
06/28/26 07:10:00,46.36,4113.52,,,,
06/28/26 07:15:00,44.97,4330.42,,,,
06/28/26 07:20:00,47.52,4305.69,,,,
06/28/26 07:25:00,51.53,3428.57,,,,
06/28/26 07:30:00,52.84,4682.41,,,,
06/28/26 07:35:00,56.17,2052.95,,,,
06/28/26 07:40:00,45.89,3961.31,,,,
06/28/26 07:45:00,49.14,3816.71,,,,
06/28/26 07:50:00,50.76,5639.44,,,,
06/28/26 07:55:00,46.28,2870.14,,,,
06/28/26 08:00:00,51.38,5205.64,,,,
06/28/26 08:05:00,51.15,5635.64,,,,
06/28/26 08:10:00,56.94,5506.26,,,,
06/28/26 08:15:00,57.63,5846.83,,,,
06/28/26 08:20:00,49.76,3591.24,,,,
06/28/26 08:25:00,46.98,5062.94,,,,
06/28/26 08:30:00,44.43,5338.82,,,,
06/28/26 08:35:00,46.05,4705.24,,,,
06/28/26 08:40:00,50.37,7494.52,,,,
06/28/26 08:45:00,58.02,7551.60,,,,
06/28/26 08:50:00,53.85,8501.02,,,,
06/28/26 08:55:00,52.00,5778.33,,,,
06/28/26 09:00:00,57.17,8584.74,,,,
06/28/26 09:05:00,56.86,6636.43,,,,
06/28/26 09:10:00,58.64,9319.16,,,,
06/28/26 09:15:00,57.25,7070.23,,,,
06/28/26 09:20:00,58.79,6193.11,,,,
06/28/26 09:25:00,52.84,5506.26,,,,
06/28/26 09:30:00,55.47,6037.09,,,,
06/28/26 09:35:00,58.17,8352.61,,,,
06/28/26 09:40:00,58.64,9083.23,,,,
06/28/26 09:45:00,59.10,8672.26,,,,
06/28/26 09:50:00,61.42,10449.33,,,,
06/28/26 09:55:00,64.97,9836.68,,,,
06/28/26 10:00:00,60.49,7823.68,,,,
06/28/26 10:05:00,57.40,7035.98,,,,
06/28/26 10:10:00,57.17,7211.03,,,,
06/28/26 10:15:00,55.62,6891.38,,,,
06/28/26 10:20:00,53.93,8348.81,,,,
06/28/26 10:25:00,59.10,10163.93,,,,
06/28/26 10:30:00,58.02,7941.64,,,,
06/28/26 10:35:00,63.96,9707.30,,,,
06/28/26 10:40:00,65.35,9387.65,,,,
06/28/26 10:45:00,66.51,8074.83,,,,
06/28/26 10:50:00,65.51,7941.64,,,,
06/28/26 10:55:00,70.68,10997.29,,,,
06/28/26 11:00:00,67.90,9688.27,,,,
06/28/26 11:05:00,67.21,7884.56,,,,
06/28/26 11:10:00,64.66,10350.39,,,,
06/28/26 11:15:00,66.59,8432.52,,,,
06/28/26 11:20:00,62.65,7884.56,,,,
06/28/26 11:25:00,62.34,8044.39,,,,
06/28/26 11:30:00,58.25,7330.89,,,,
06/28/26 11:35:00,60.18,8265.09,,,,
06/28/26 11:40:00,58.71,7108.28,,,,
06/28/26 11:45:00,60.41,8455.36,,,,
06/28/26 11:50:00,67.67,9950.84,,,,
06/28/26 11:55:00,68.44,9870.92,,,,
06/28/26 12:00:00,72.15,12488.97,,,,
06/28/26 12:05:00,72.46,13242.41,,,,
06/28/26 12:10:00,67.75,10411.28,,,,
06/28/26 12:15:00,66.28,10810.83,,,,
06/28/26 12:20:00,72.00,12325.34,,,,
06/28/26 12:25:00,77.09,12477.55,,,,
06/28/26 12:30:00,72.15,11507.20,,,,
06/28/26 12:35:00,75.86,12275.87,,,,
06/28/26 12:40:00,80.10,11838.26,,,,
06/28/26 12:45:00,79.18,10765.17,,,,
06/28/26 12:50:00,80.49,9243.05,,,,
06/28/26 12:55:00,77.63,12173.13,,,,
06/28/26 13:00:00,73.15,11929.59,,,,
06/28/26 13:05:00,69.68,10087.83,,,,
06/28/26 13:10:00,66.98,9144.11,,,,
06/28/26 13:15:00,61.03,8394.47,,,,
06/28/26 13:20:00,57.09,7842.70,,,,
06/28/26 13:25:00,58.17,8268.90,,,,
06/28/26 13:30:00,59.33,9711.10,,,,
06/28/26 13:35:00,58.40,8531.46,,,,
06/28/26 13:40:00,56.94,8299.34,,,,
06/28/26 13:45:00,55.16,8577.13,,,,
06/28/26 13:50:00,61.18,12675.42,,,,
06/28/26 13:55:00,58.79,10319.95,,,,
06/28/26 14:00:00,59.72,11925.78,,,,
06/28/26 14:05:00,59.87,10118.27,,,,
06/28/26 14:10:00,60.41,8462.97,,,,
06/28/26 14:15:00,61.80,11853.48,,,,
06/28/26 14:20:00,62.65,11880.12,,,,
06/28/26 14:25:00,62.27,13527.81,,,,
06/28/26 14:30:00,60.49,10536.85,,,,
06/28/26 14:35:00,62.57,7949.25,,,,
06/28/26 14:40:00,59.64,9026.15,,,,
06/28/26 14:45:00,59.33,8740.75,,,,
06/28/26 14:50:00,58.71,8653.23,,,,
06/28/26 14:55:00,56.86,7437.44,,,,
06/28/26 15:00:00,57.25,9185.97,,,,
06/28/26 15:05:00,58.95,7184.39,,,,
06/28/26 15:10:00,57.40,10670.04,,,,
06/28/26 15:15:00,57.32,3944.18,,,,
06/28/26 15:20:00,50.91,4663.38,,,,
06/28/26 15:25:00,55.24,10479.77,,,,
06/28/26 15:30:00,57.32,8618.98,,,,
06/28/26 15:35:00,61.11,9098.45,,,,
06/28/26 15:40:00,51.38,6543.20,,,,
06/28/26 15:45:00,50.22,6153.16,,,,
06/28/26 15:50:00,49.22,6396.69,,,,
06/28/26 15:55:00,48.37,6497.53,,,,
06/28/26 16:00:00,48.44,6231.16,,,,
06/28/26 16:05:00,49.29,6482.31,,,,
06/28/26 16:10:00,48.83,6451.87,,,,
06/28/26 16:15:00,49.22,6505.14,,,,
06/28/26 16:20:00,51.15,6029.48,,,,
06/28/26 16:25:00,53.15,10087.83,,,,
06/28/26 16:30:00,54.93,8832.08,,,,
06/28/26 16:35:00,55.47,7770.40,,,,
06/28/26 16:40:00,50.68,4667.19,,,,
06/28/26 16:45:00,48.29,5639.44,,,,
06/28/26 16:50:00,49.60,5865.86,,,,
06/28/26 16:55:00,52.15,7212.93,,,,
06/28/26 17:00:00,47.67,4143.96,,,,
06/28/26 17:05:00,47.21,3641.66,,,,
06/28/26 17:10:00,46.74,4277.15,,,,
06/28/26 17:15:00,49.37,8531.46,,,,
06/28/26 17:20:00,51.69,4903.12,,,,
06/28/26 17:25:00,45.51,4273.34,,,,
06/28/26 17:30:00,47.59,4182.01,,,,
06/28/26 17:35:00,46.36,4556.84,,,,
06/28/26 17:40:00,50.99,6862.84,,,,
06/28/26 17:45:00,50.06,5654.66,,,,
06/28/26 17:50:00,50.84,5677.49,,,,
06/28/26 17:55:00,53.85,5941.96,,,,
06/28/26 18:00:00,58.40,7174.88,,,,
06/28/26 18:05:00,57.63,5491.03,,,,
06/28/26 18:10:00,56.17,6200.72,,,,
06/28/26 18:15:00,54.16,5803.07,,,,
06/28/26 18:20:00,50.76,4575.86,,,,
06/28/26 18:25:00,48.37,5095.28,,,,
06/28/26 18:30:00,49.76,5336.92,,,,
06/28/26 18:35:00,48.83,5466.30,,,,
06/28/26 18:40:00,46.82,4231.48,,,,
06/28/26 18:45:00,48.21,6206.43,,,,
06/28/26 18:50:00,47.67,5580.46,,,,
06/28/26 18:55:00,47.28,5099.09,,,,
06/28/26 19:00:00,46.59,4535.91,,,,
06/28/26 19:05:00,44.58,3552.24,,,,
06/28/26 19:10:00,43.66,3869.03,,,,
06/28/26 19:15:00,43.73,3256.38,,,,
06/28/26 19:20:00,42.57,3804.34,,,,
06/28/26 19:25:00,46.44,3894.72,,,,
06/28/26 19:30:00,42.73,2426.82,,,,
06/28/26 19:35:00,46.28,3785.31,,,,
06/28/26 19:40:00,43.35,3592.19,,,,
06/28/26 19:45:00,42.03,4838.43,,,,
06/28/26 19:50:00,43.19,2924.37,,,,
06/28/26 19:55:00,40.10,2515.30,,,,
06/28/26 20:00:00,41.80,2694.15,,,,
06/28/26 20:05:00,41.26,2543.84,,,,
06/28/26 20:10:00,39.33,1476.93,,,,
06/28/26 20:15:00,39.79,2023.46,,,,
06/28/26 20:20:00,40.80,1881.24,,,,
06/28/26 20:25:00,42.50,2374.50,,,,
06/28/26 20:30:00,42.50,2388.77,,,,
06/28/26 20:35:00,42.65,1866.02,,,,
06/28/26 20:40:00,36.40,670.92,,,,
06/28/26 20:45:00,33.31,557.48,,,,
06/28/26 20:50:00,32.54,504.20,,,,
06/28/26 20:55:00,32.77,713.49,,,,
06/28/26 21:00:00,34.54,1161.09,,,,
06/28/26 21:05:00,35.16,977.96,,,,
06/28/26 21:10:00,34.54,826.70,,,,
06/28/26 21:15:00,33.85,549.63,,,,
06/28/26 21:20:00,33.38,503.73,,,,
06/28/26 21:25:00,33.54,477.09,,,,
06/28/26 21:30:00,33.23,352.23,,,,
06/28/26 21:35:00,33.08,339.62,,,,
06/28/26 21:40:00,33.00,323.93,,,,
06/28/26 21:45:00,33.00,231.88,,,,
06/28/26 21:50:00,32.77,175.52,,,,
06/28/26 21:55:00,32.69,143.47,,,,
06/28/26 22:00:00,32.54,111.28,,,,
06/28/26 22:05:00,32.46,87.11,,,,
06/28/26 22:10:00,32.30,70.78,,,,
06/28/26 22:15:00,32.38,53.54,,,,
06/28/26 22:20:00,32.30,42.13,,,,
06/28/26 22:25:00,32.23,32.27,,,,
06/28/26 22:30:00,32.38,24.71,,,,
06/28/26 22:35:00,32.30,17.62,,,,
06/28/26 22:40:00,32.23,13.63,,,,
06/28/26 22:45:00,32.23,9.17,,,,
06/28/26 22:50:00,32.15,7.33,,,,
06/28/26 22:55:00,32.15,5.61,,,,
06/28/26 23:00:00,32.00,3.94,,,,
06/28/26 23:05:00,32.15,2.91,,,,
06/28/26 23:10:00,32.07,2.01,,,,
06/28/26 23:15:00,32.15,1.39,,,,
06/28/26 23:20:00,32.00,0.95,,,,
06/28/26 23:25:00,32.00,0.69,,,,
06/28/26 23:30:00,32.07,0.49,,,,
06/28/26 23:35:00,32.00,0.47,,,,
06/28/26 23:40:00,32.00,0.34,,,,
06/28/26 23:45:00,31.61,0.30,,,,
06/28/26 23:50:00,31.61,0.22,,,,
06/28/26 23:55:00,31.76,0.22,,,,
06/29/26 00:00:00,31.76,0.18,,,,
06/29/26 00:05:00,31.84,0.16,,,,
06/29/26 00:10:00,31.69,0.10,,,,
06/29/26 00:15:00,31.61,0.08,,,,
06/29/26 00:20:00,31.45,0.08,,,,
06/29/26 00:25:00,31.53,0.04,,,,
06/29/26 00:30:00,31.30,0.04,,,,
06/29/26 00:35:00,31.07,0.04,,,,
06/29/26 00:40:00,31.07,0.04,,,,
06/29/26 00:45:00,31.15,0.04,,,,
06/29/26 00:50:00,31.38,0.04,,,,
06/29/26 00:55:00,31.69,0.02,,,,
06/29/26 01:00:00,31.53,0.00,,,,
06/29/26 01:05:00,31.53,0.00,,,,
06/29/26 01:10:00,31.53,0.00,,,,
06/29/26 01:15:00,31.61,0.00,,,,
06/29/26 01:20:00,31.61,0.00,,,,
06/29/26 01:25:00,31.69,0.00,,,,
06/29/26 01:30:00,31.53,0.02,,,,
06/29/26 01:35:00,31.45,0.02,,,,
06/29/26 01:40:00,31.53,0.04,,,,
06/29/26 01:45:00,31.61,0.04,,,,
06/29/26 01:50:00,31.61,0.06,,,,
06/29/26 01:55:00,31.53,0.06,,,,
06/29/26 02:00:00,31.45,0.10,,,,
06/29/26 02:05:00,31.22,0.12,,,,
06/29/26 02:10:00,31.15,0.14,,,,
06/29/26 02:15:00,30.84,0.18,,,,
06/29/26 02:20:00,30.91,0.22,,,,
06/29/26 02:25:00,30.68,0.32,,,,
06/29/26 02:30:00,30.53,0.51,,,,
06/29/26 02:35:00,30.91,0.57,,,,
06/29/26 02:40:00,30.61,0.83,,,,
06/29/26 02:45:00,30.30,1.09,,,,
06/29/26 02:50:00,30.06,1.37,,,,
06/29/26 02:55:00,30.14,1.83,,,,
06/29/26 03:00:00,30.53,2.76,,,,
06/29/26 03:05:00,29.99,4.30,,,,
06/29/26 03:10:00,30.45,5.49,,,,
06/29/26 03:15:00,30.30,8.44,,,,
06/29/26 03:20:00,30.14,9.88,,,,
06/29/26 03:25:00,29.68,14.74,,,,
06/29/26 03:30:00,29.83,21.76,,,,
06/29/26 03:35:00,29.83,27.16,,,,
06/29/26 03:40:00,30.30,38.72,,,,
06/29/26 03:45:00,30.22,51.71,,,,
06/29/26 03:50:00,30.22,65.34,,,,
06/29/26 03:55:00,30.61,87.11,,,,
06/29/26 04:00:00,30.76,103.58,,,,
06/29/26 04:05:00,30.99,124.09,,,,
06/29/26 04:10:00,30.99,154.59,,,,
06/29/26 04:15:00,30.76,181.52,,,,
06/29/26 04:20:00,31.15,195.79,,,,
06/29/26 04:25:00,31.30,245.80,,,,
06/29/26 04:30:00,31.38,266.13,,,,
06/29/26 04:35:00,31.45,303.83,,,,
06/29/26 04:40:00,31.61,376.37,,,,
06/29/26 04:45:00,31.76,399.20,,,,
06/29/26 04:50:00,32.00,474.59,,,,
06/29/26 04:55:00,32.30,569.13,,,,
06/29/26 05:00:00,32.77,649.99,,,,
06/29/26 05:05:00,33.00,660.22,,,,
06/29/26 05:10:00,33.38,876.88,,,,
06/29/26 05:15:00,33.38,889.49,,,,
06/29/26 05:20:00,33.38,850.96,,,,
06/29/26 05:25:00,33.77,907.32,,,,
06/29/26 05:30:00,34.47,1250.04,,,,
06/29/26 05:35:00,35.08,1331.85,,,,
06/29/26 05:40:00,35.78,1450.29,,,,
06/29/26 05:45:00,35.24,1414.14,,,,
06/29/26 05:50:00,35.39,1472.17,,,,
06/29/26 05:55:00,35.78,1667.67,,,,
06/29/26 06:00:00,35.55,1710.48,,,,
06/29/26 06:05:00,35.86,1875.53,,,,
06/29/26 06:10:00,36.32,2177.58,,,,
06/29/26 06:15:00,36.55,2204.21,,,,
06/29/26 06:20:00,36.55,1845.57,,,,
06/29/26 06:25:00,36.94,2295.54,,,,
06/29/26 06:30:00,37.25,2324.08,,,,
06/29/26 06:35:00,37.55,2382.11,,,,
06/29/26 06:40:00,38.10,2392.58,,,,
06/29/26 06:45:00,38.94,3445.69,,,,
06/29/26 06:50:00,38.56,2720.78,,,,
06/29/26 06:55:00,38.64,2872.99,,,,
06/29/26 07:00:00,41.72,3660.69,,,,
06/29/26 07:05:00,40.72,3081.33,,,,
06/29/26 07:10:00,42.03,4355.16,,,,
06/29/26 07:15:00,43.04,3688.28,,,,
06/29/26 07:20:00,46.59,5662.27,,,,
06/29/26 07:25:00,52.38,5873.47,,,,
06/29/26 07:30:00,56.47,6704.92,,,,
06/29/26 07:35:00,57.79,7359.43,,,,
06/29/26 07:40:00,52.84,4983.03,,,,
06/29/26 07:45:00,51.84,5839.22,,,,
06/29/26 07:50:00,52.46,5685.10,,,,
06/29/26 07:55:00,50.37,6712.53,,,,
06/29/26 08:00:00,54.54,6419.53,,,,
06/29/26 08:05:00,53.93,6052.32,,,,
06/29/26 08:10:00,53.93,6029.48,,,,
06/29/26 08:15:00,54.85,6099.88,,,,
06/29/26 08:20:00,54.85,6252.09,,,,
06/29/26 08:25:00,56.01,6411.92,,,,
06/29/26 08:30:00,55.08,6512.76,,,,
06/29/26 08:35:00,57.17,7899.78,,,,
06/29/26 08:40:00,56.17,6069.44,,,,
06/29/26 08:45:00,55.78,6482.31,,,,
06/29/26 08:50:00,56.32,7235.76,,,,
06/29/26 08:55:00,56.78,7150.14,,,,
06/29/26 09:00:00,57.63,7304.26,,,,
06/29/26 09:05:00,58.56,8071.02,,,,
06/29/26 09:10:00,61.03,8188.99,,,,
06/29/26 09:15:00,66.28,9692.08,,,,
06/29/26 09:20:00,69.60,9227.83,,,,
06/29/26 09:25:00,65.12,8261.29,,,,
06/29/26 09:30:00,60.57,6898.99,,,,
06/29/26 09:35:00,67.59,9646.41,,,,
06/29/26 09:40:00,70.30,10156.32,,,,
06/29/26 09:45:00,69.29,8676.06,,,,
06/29/26 09:50:00,69.60,8953.85,,,,
06/29/26 09:55:00,69.14,10993.49,,,,
06/29/26 10:00:00,69.45,8501.02,,,,
06/29/26 10:05:00,67.75,8489.60,,,,
06/29/26 10:10:00,65.12,7831.29,,,,
06/29/26 10:15:00,63.35,8044.39,,,,
06/29/26 10:20:00,66.05,9364.82,,,,
06/29/26 10:25:00,69.45,10262.87,,,,
06/29/26 10:30:00,68.91,10441.72,,,,
06/29/26 10:35:00,70.37,10289.51,,,,
06/29/26 10:40:00,67.36,8748.36,,,,
06/29/26 10:45:00,67.21,10601.54,,,,
06/29/26 10:50:00,69.76,13128.25,,,,
06/29/26 10:55:00,68.29,11328.35,,,,
06/29/26 11:00:00,73.69,12013.30,,,,
06/29/26 11:05:00,73.77,9882.34,,,,
06/29/26 11:10:00,74.31,10829.86,,,,
06/29/26 11:15:00,74.93,10015.53,,,,
06/29/26 11:20:00,77.17,10928.80,,,,
06/29/26 11:25:00,75.08,11160.92,,,,
06/29/26 11:30:00,71.92,11377.82,,,,
06/29/26 11:35:00,71.69,10319.95,,,,
06/29/26 11:40:00,70.37,10038.36,,,,
06/29/26 11:45:00,62.65,7846.51,,,,
06/29/26 11:50:00,67.21,10567.29,,,,
06/29/26 11:55:00,69.52,10205.79,,,,
06/29/26 12:00:00,71.45,9737.74,,,,
06/29/26 12:05:00,70.84,9300.13,,,,
06/29/26 12:10:00,72.30,9387.65,,,,
06/29/26 12:15:00,71.22,9391.46,,,,
06/29/26 12:20:00,69.14,9045.18,,,,
06/29/26 12:25:00,65.43,8794.03,,,,
06/29/26 12:30:00,66.74,8634.21,,,,
06/29/26 12:35:00,67.90,8698.90,,,,
06/29/26 12:40:00,62.34,8021.55,,,,
06/29/26 12:45:00,64.12,9558.89,,,,
06/29/26 12:50:00,67.83,9425.71,,,,
06/29/26 12:55:00,68.60,9368.63,,,,
06/29/26 13:00:00,67.59,10148.71,,,,
06/29/26 13:05:00,66.36,9646.41,,,,
06/29/26 13:10:00,68.75,9068.01,,,,
06/29/26 13:15:00,66.28,8740.75,,,,
06/29/26 13:20:00,66.51,8249.87,,,,
06/29/26 13:25:00,64.89,7715.23,,,,
06/29/26 13:30:00,63.96,7838.90,,,,
06/29/26 13:35:00,63.42,8375.45,,,,
06/29/26 13:40:00,64.66,8664.65,,,,
06/29/26 13:45:00,64.66,8554.29,,,,
06/29/26 13:50:00,61.26,7403.19,,,,
06/29/26 13:55:00,69.37,10430.30,,,,
06/29/26 14:00:00,64.43,10456.94,,,,
06/29/26 14:05:00,61.57,8870.13,,,,
06/29/26 14:10:00,65.43,6838.11,,,,
06/29/26 14:15:00,62.27,7504.03,,,,
06/29/26 14:20:00,60.88,7658.15,,,,
06/29/26 14:25:00,61.80,8386.86,,,,
06/29/26 14:30:00,62.57,8261.29,,,,
06/29/26 14:35:00,64.97,9083.23,,,,
06/29/26 14:40:00,62.73,8409.69,,,,
06/29/26 14:45:00,59.64,9136.50,,,,
06/29/26 14:50:00,57.71,8501.02,,,,
06/29/26 14:55:00,56.24,8013.94,,,,
06/29/26 15:00:00,57.25,8873.94,,,,
06/29/26 15:05:00,63.27,13912.14,,,,
06/29/26 15:10:00,58.17,9593.14,,,,
06/29/26 15:15:00,57.79,7106.38,,,,
06/29/26 15:20:00,57.86,8188.99,,,,
06/29/26 15:25:00,57.17,7616.29,,,,
06/29/26 15:30:00,60.34,7610.58,,,,
06/29/26 15:35:00,58.56,7926.42,,,,
06/29/26 15:40:00,60.57,9113.67,,,,
06/29/26 15:45:00,60.18,7511.64,,,,
06/29/26 15:50:00,62.96,7764.70,,,,
06/29/26 15:55:00,62.57,9615.97,,,,
06/29/26 16:00:00,58.79,9068.01,,,,
06/29/26 16:05:00,66.51,8638.01,,,,
06/29/26 16:10:00,61.26,6238.77,,,,
06/29/26 16:15:00,59.10,7540.18,,,,
06/29/26 16:20:00,55.93,6786.74,,,,
06/29/26 16:25:00,53.31,6918.02,,,,
06/29/26 16:30:00,58.56,6617.40,,,,
06/29/26 16:35:00,57.17,6497.53,,,,
06/29/26 16:40:00,52.61,6223.55,,,,
06/29/26 16:45:00,52.92,5601.39,,,,
06/29/26 16:50:00,54.39,5656.57,,,,
06/29/26 16:55:00,56.17,5924.84,,,,
06/29/26 17:00:00,53.77,6200.72,,,,
06/29/26 17:05:00,55.78,6512.76,,,,
06/29/26 17:10:00,56.55,6318.69,,,,
06/29/26 17:15:00,55.55,6613.60,,,,
06/29/26 17:20:00,58.33,8592.35,,,,
06/29/26 17:25:00,56.17,5403.51,,,,
06/29/26 17:30:00,53.08,5118.12,,,,
06/29/26 17:35:00,52.92,5251.30,,,,
06/29/26 17:40:00,49.91,4821.30,,,,
06/29/26 17:45:00,48.67,4613.92,,,,
06/29/26 17:50:00,46.36,4242.90,,,,
06/29/26 17:55:00,46.13,3995.56,,,,
06/29/26 18:00:00,45.82,3831.93,,,,
06/29/26 18:05:00,44.66,3913.74,,,,
06/29/26 18:10:00,45.12,3744.41,,,,
06/29/26 18:15:00,44.35,3534.16,,,,
06/29/26 18:20:00,45.20,3625.49,,,,
06/29/26 18:25:00,42.19,2661.80,,,,
06/29/26 18:30:00,40.41,2402.09,,,,
06/29/26 18:35:00,39.33,2699.85,,,,
06/29/26 18:40:00,39.64,2863.48,,,,
06/29/26 18:45:00,39.87,2892.02,,,,
06/29/26 18:50:00,38.87,2312.67,,,,
06/29/26 18:55:00,38.33,2242.27,,,,
06/29/26 19:00:00,38.33,1893.13,,,,
06/29/26 19:05:00,37.01,1672.43,,,,
06/29/26 19:10:00,37.63,2106.23,,,,
06/29/26 19:15:00,37.32,1931.66,,,,
06/29/26 19:20:00,36.86,1724.75,,,,
06/29/26 19:25:00,36.47,1593.94,,,,
06/29/26 19:30:00,36.71,1499.76,,,,
06/29/26 19:35:00,36.09,1364.20,,,,
06/29/26 19:40:00,35.86,1415.57,,,,
06/29/26 19:45:00,35.86,1370.86,,,,
06/29/26 19:50:00,34.93,1214.36,,,,
06/29/26 19:55:00,34.62,1101.16,,,,
06/29/26 20:00:00,34.39,1071.19,,,,
06/29/26 20:05:00,34.00,990.80,,,,
06/29/26 20:10:00,33.85,907.32,,,,
06/29/26 20:15:00,33.69,852.15,,,,
06/29/26 20:20:00,33.54,784.37,,,,
06/29/26 20:25:00,33.46,758.92,,,,
06/29/26 20:30:00,33.31,688.76,,,,
06/29/26 20:35:00,33.38,674.01,,,,
06/29/26 20:40:00,33.23,681.15,,,,
06/29/26 20:45:00,33.08,590.06,,,,
06/29/26 20:50:00,33.08,546.77,,,,
06/29/26 20:55:00,32.92,490.41,,,,
06/29/26 21:00:00,32.69,440.70,,,,
06/29/26 21:05:00,32.92,445.69,,,,
06/29/26 21:10:00,32.92,393.49,,,,
06/29/26 21:15:00,32.84,364.24,,,,
06/29/26 21:20:00,32.92,298.72,,,,
06/29/26 21:25:00,32.54,279.21,,,,
06/29/26 21:30:00,32.38,269.22,,,,
06/29/26 21:35:00,32.46,259.95,,,,
06/29/26 21:40:00,32.54,217.97,,,,
06/29/26 21:45:00,32.38,194.19,,,,
06/29/26 21:50:00,32.23,159.88,,,,
06/29/26 21:55:00,32.15,136.16,,,,
06/29/26 22:00:00,32.15,109.61,,,,
06/29/26 22:05:00,32.00,85.86,,,,
06/29/26 22:10:00,32.07,71.08,,,,
06/29/26 22:15:00,32.00,55.40,,,,
06/29/26 22:20:00,31.76,43.70,,,,
06/29/26 22:25:00,32.07,33.98,,,,
06/29/26 22:30:00,32.07,23.78,,,,
06/29/26 22:35:00,32.00,17.24,,,,
06/29/26 22:40:00,31.84,11.48,,,,
06/29/26 22:45:00,31.76,8.21,,,,
06/29/26 22:50:00,31.53,5.81,,,,
06/29/26 22:55:00,31.61,4.26,,,,
06/29/26 23:00:00,31.45,3.06,,,,
06/29/26 23:05:00,31.45,2.11,,,,
06/29/26 23:10:00,31.61,1.63,,,,
06/29/26 23:15:00,31.53,1.17,,,,
06/29/26 23:20:00,31.61,0.83,,,,
06/29/26 23:25:00,31.61,0.61,,,,
06/29/26 23:30:00,31.53,0.43,,,,
06/29/26 23:35:00,31.45,0.34,,,,
06/29/26 23:40:00,31.38,0.28,,,,
06/29/26 23:45:00,31.53,0.20,,,,
06/29/26 23:50:00,31.45,0.16,,,,
06/29/26 23:55:00,31.38,0.12,,,,
06/30/26 00:00:00,31.45,0.12,,,,
06/30/26 00:05:00,31.38,0.10,,,,
06/30/26 00:10:00,31.30,0.08,,,,
06/30/26 00:15:00,31.22,0.08,,,,
06/30/26 00:20:00,31.22,0.08,,,,
06/30/26 00:25:00,31.22,0.08,,,,
06/30/26 00:30:00,31.22,0.06,,,,
06/30/26 00:35:00,30.99,0.06,,,,
06/30/26 00:40:00,30.99,0.04,,,,
06/30/26 00:45:00,30.99,0.04,,,,
06/30/26 00:50:00,31.15,0.04,,,,
06/30/26 00:55:00,31.07,0.04,,,,
06/30/26 01:00:00,30.99,0.04,,,,
06/30/26 01:05:00,31.07,0.04,,,,
06/30/26 01:10:00,30.91,0.04,,,,
06/30/26 01:15:00,30.91,0.04,,,,
06/30/26 01:20:00,30.84,0.04,,,,
06/30/26 01:25:00,30.84,0.04,,,,
06/30/26 01:30:00,30.76,0.04,,,,
06/30/26 01:35:00,30.84,0.04,,,,
06/30/26 01:40:00,30.68,0.06,,,,
06/30/26 01:45:00,30.61,0.06,,,,
06/30/26 01:50:00,30.61,0.08,,,,
06/30/26 01:55:00,30.45,0.10,,,,
06/30/26 02:00:00,30.61,0.10,,,,
06/30/26 02:05:00,30.45,0.14,,,,
06/30/26 02:10:00,30.61,0.16,,,,
06/30/26 02:15:00,30.61,0.22,,,,
06/30/26 02:20:00,30.45,0.30,,,,
06/30/26 02:25:00,30.61,0.42,,,,
06/30/26 02:30:00,30.61,0.57,,,,
06/30/26 02:35:00,30.37,0.75,,,,
06/30/26 02:40:00,30.30,1.01,,,,
06/30/26 02:45:00,30.45,1.17,,,,
06/30/26 02:50:00,30.37,1.49,,,,
06/30/26 02:55:00,30.37,1.85,,,,
06/30/26 03:00:00,30.30,2.53,,,,
06/30/26 03:05:00,30.06,3.58,,,,
06/30/26 03:10:00,29.91,4.78,,,,
06/30/26 03:15:00,29.83,6.69,,,,
06/30/26 03:20:00,29.68,9.01,,,,
06/30/26 03:25:00,29.76,12.51,,,,
06/30/26 03:30:00,29.60,17.38,,,,
06/30/26 03:35:00,29.76,23.44,,,,
06/30/26 03:40:00,29.76,32.98,,,,
06/30/26 03:45:00,29.83,42.41,,,,
06/30/26 03:50:00,30.06,53.62,,,,
06/30/26 03:55:00,29.99,68.26,,,,
06/30/26 04:00:00,30.06,88.06,,,,
06/30/26 04:05:00,30.06,122.48,,,,
06/30/26 04:10:00,30.14,155.96,,,,
06/30/26 04:15:00,30.22,178.49,,,,
06/30/26 04:20:00,30.53,247.34,,,,
06/30/26 04:25:00,30.76,336.05,,,,
06/30/26 04:30:00,30.84,350.32,,,,
06/30/26 04:35:00,30.53,290.51,,,,
06/30/26 04:40:00,30.30,283.97,,,,
06/30/26 04:45:00,30.37,334.51,,,,
06/30/26 04:50:00,30.37,375.65,,,,
06/30/26 04:55:00,30.84,472.33,,,,
06/30/26 05:00:00,30.68,468.53,,,,
06/30/26 05:05:00,30.68,462.46,,,,
06/30/26 05:10:00,30.84,544.87,,,,
06/30/26 05:15:00,30.99,615.51,,,,
06/30/26 05:20:00,30.76,559.14,,,,
06/30/26 05:25:00,30.61,625.26,,,,
06/30/26 05:30:00,30.91,889.49,,,,
06/30/26 05:35:00,31.45,857.86,,,,
06/30/26 05:40:00,32.54,1564.93,,,,
06/30/26 05:45:00,33.62,1747.58,,,,
06/30/26 05:50:00,35.47,2290.79,,,,
06/30/26 05:55:00,35.16,1855.56,,,,
06/30/26 06:00:00,34.77,2005.39,,,,
06/30/26 06:05:00,34.77,2301.25,,,,
06/30/26 06:10:00,35.93,2083.40,,,,
06/30/26 06:15:00,35.93,2387.82,,,,
06/30/26 06:20:00,36.78,2982.40,,,,
06/30/26 06:25:00,38.10,2762.64,,,,
06/30/26 06:30:00,38.71,2659.90,,,,
06/30/26 06:35:00,39.41,2904.39,,,,
06/30/26 06:40:00,39.02,2499.12,,,,
06/30/26 06:45:00,35.55,2222.29,,,,
06/30/26 06:50:00,36.16,2340.25,,,,
06/30/26 06:55:00,39.18,2936.73,,,,
06/30/26 07:00:00,40.49,2838.75,,,,
06/30/26 07:05:00,41.80,3511.33,,,,
06/30/26 07:10:00,41.57,3810.05,,,,
06/30/26 07:15:00,42.42,3896.62,,,,
06/30/26 07:20:00,41.96,4084.98,,,,
06/30/26 07:25:00,41.42,3322.02,,,,
06/30/26 07:30:00,43.81,4583.47,,,,
06/30/26 07:35:00,42.11,4267.63,,,,
06/30/26 07:40:00,41.34,3465.67,,,,
06/30/26 07:45:00,45.59,5156.17,,,,
06/30/26 07:50:00,42.88,3518.94,,,,
06/30/26 07:55:00,41.34,4077.37,,,,
06/30/26 08:00:00,47.21,5544.31,,,,
06/30/26 08:05:00,47.13,3949.89,,,,
06/30/26 08:10:00,50.06,5222.76,,,,
06/30/26 08:15:00,50.45,8272.70,,,,
06/30/26 08:20:00,49.60,7043.59,,,,
06/30/26 08:25:00,51.07,5635.64,,,,
06/30/26 08:30:00,50.99,4796.57,,,,
06/30/26 08:35:00,50.68,5858.25,,,,
06/30/26 08:40:00,50.37,5894.40,,,,
06/30/26 08:45:00,45.12,5009.67,,,,
06/30/26 08:50:00,48.06,4964.00,,,,
06/30/26 08:55:00,46.74,8257.48,,,,
06/30/26 09:00:00,41.96,3806.24,,,,
06/30/26 09:05:00,48.21,5595.68,,,,
06/30/26 09:10:00,45.43,5810.68,,,,
06/30/26 09:15:00,50.76,7351.82,,,,
06/30/26 09:20:00,53.54,7022.66,,,,
06/30/26 09:25:00,55.62,8234.65,,,,
06/30/26 09:30:00,55.93,7129.21,,,,
06/30/26 09:35:00,55.86,8280.31,,,,
06/30/26 09:40:00,56.40,8059.61,,,,
06/30/26 09:45:00,55.86,7930.23,,,,
06/30/26 09:50:00,55.08,8755.97,,,,
06/30/26 09:55:00,54.08,8219.43,,,,
06/30/26 10:00:00,56.17,7123.50,,,,
06/30/26 10:05:00,55.70,7789.43,,,,
06/30/26 10:10:00,58.95,9090.84,,,,
06/30/26 10:15:00,57.63,9311.55,,,,
06/30/26 10:20:00,58.56,9638.80,,,,
06/30/26 10:25:00,61.57,9924.20,,,,
06/30/26 10:30:00,60.95,9239.25,,,,
06/30/26 10:35:00,58.17,9874.73,,,,
06/30/26 10:40:00,56.63,9851.90,,,,
06/30/26 10:45:00,57.25,9113.67,,,,
06/30/26 10:50:00,56.71,7850.32,,,,
06/30/26 10:55:00,55.47,9939.42,,,,
06/30/26 11:00:00,54.62,9958.45,,,,
06/30/26 11:05:00,53.15,7521.16,,,,
06/30/26 11:10:00,56.40,8341.20,,,,
06/30/26 11:15:00,58.40,10936.41,,,,
06/30/26 11:20:00,58.10,10730.92,,,,
06/30/26 11:25:00,56.55,8896.77,,,,
06/30/26 11:30:00,56.55,10133.49,,,,
06/30/26 11:35:00,57.79,10182.96,,,,
06/30/26 11:40:00,58.25,9832.87,,,,
06/30/26 11:45:00,57.94,10586.32,,,,
06/30/26 11:50:00,57.79,10944.02,,,,
06/30/26 11:55:00,53.62,10156.32,,,,
06/30/26 12:00:00,55.16,8706.51,,,,
06/30/26 12:05:00,58.71,12610.73,,,,
06/30/26 12:10:00,57.17,10118.27,,,,
06/30/26 12:15:00,55.08,9794.82,,,,
06/30/26 12:20:00,58.48,11648.00,,,,
06/30/26 12:25:00,60.18,12336.75,,,,
06/30/26 12:30:00,56.63,10221.01,,,,
06/30/26 12:35:00,56.09,12165.52,,,,
06/30/26 12:40:00,57.17,9585.53,,,,
06/30/26 12:45:00,60.41,9052.79,,,,
06/30/26 12:50:00,61.88,10456.94,,,,
06/30/26 12:55:00,59.87,9117.48,,,,
06/30/26 13:00:00,58.10,10612.96,,,,
06/30/26 13:05:00,58.87,10875.52,,,,
06/30/26 13:10:00,57.63,10708.09,,,,
06/30/26 13:15:00,56.71,11952.42,,,,
06/30/26 13:20:00,56.78,10030.75,,,,
06/30/26 13:25:00,59.64,13147.28,,,,
06/30/26 13:30:00,60.64,10932.60,,,,
06/30/26 13:35:00,54.62,6200.72,,,,
06/30/26 13:40:00,49.60,6878.06,,,,
06/30/26 13:45:00,48.06,6777.22,,,,
06/30/26 13:50:00,48.06,7346.11,,,,
06/30/26 13:55:00,47.98,6990.32,,,,
06/30/26 14:00:00,48.83,6830.50,,,,
06/30/26 14:05:00,48.91,6961.78,,,,
06/30/26 14:10:00,49.99,6419.53,,,,
06/30/26 14:15:00,46.51,5028.69,,,,
06/30/26 14:20:00,46.28,5217.05,,,,
06/30/26 14:25:00,46.20,5688.91,,,,
06/30/26 14:30:00,43.58,4847.94,,,,
06/30/26 14:35:00,43.96,4876.48,,,,
06/30/26 14:40:00,45.66,6387.18,,,,
06/30/26 14:45:00,46.13,6322.49,,,,
06/30/26 14:50:00,47.59,6636.43,,,,
06/30/26 14:55:00,49.29,7211.03,,,,
06/30/26 15:00:00,50.06,7528.77,,,,
06/30/26 15:05:00,49.60,7150.14,,,,
06/30/26 15:10:00,49.76,6811.47,,,,
06/30/26 15:15:00,48.75,6560.32,,,,
06/30/26 15:20:00,48.75,6739.17,,,,
06/30/26 15:25:00,48.83,6703.02,,,,
06/30/26 15:30:00,48.52,6482.31,,,,
06/30/26 15:35:00,48.52,6311.08,,,,
06/30/26 15:40:00,47.13,6056.12,,,,
06/30/26 15:45:00,47.13,5987.63,,,,
06/30/26 15:50:00,45.43,5778.33,,,,
06/30/26 15:55:00,44.81,5489.13,,,,
06/30/26 16:00:00,44.74,5268.43,,,,
06/30/26 16:05:00,44.04,5180.90,,,,
06/30/26 16:10:00,42.50,4646.26,,,,
06/30/26 16:15:00,42.34,4326.62,,,,
06/30/26 16:20:00,42.50,4842.23,,,,
06/30/26 16:25:00,42.19,4556.84,,,,
06/30/26 16:30:00,43.11,4553.03,,,,
06/30/26 16:35:00,42.65,4267.63,,,,
06/30/26 16:40:00,42.50,4370.38,,,,
06/30/26 16:45:00,41.88,3894.72,,,,
06/30/26 16:50:00,42.03,4140.16,,,,
06/30/26 16:55:00,41.49,4048.83,,,,
06/30/26 17:00:00,40.26,3825.27,,,,
06/30/26 17:05:00,39.72,3514.19,,,,
06/30/26 17:10:00,38.94,3507.53,,,,
06/30/26 17:15:00,39.25,3379.10,,,,
06/30/26 17:20:00,38.33,3100.36,,,,
06/30/26 17:25:00,38.25,3260.18,,,,
06/30/26 17:30:00,37.94,2850.16,,,,
06/30/26 17:35:00,37.71,2969.08,,,,
06/30/26 17:40:00,37.79,3252.57,,,,
06/30/26 17:45:00,37.25,2913.90,,,,
06/30/26 17:50:00,36.86,2748.37,,,,
06/30/26 17:55:00,36.94,2955.76,,,,
06/30/26 18:00:00,37.09,2847.31,,,,
06/30/26 18:05:00,36.94,2621.85,,,,
06/30/26 18:10:00,36.55,2381.16,,,,
06/30/26 18:15:00,36.09,2500.08,,,,
06/30/26 18:20:00,36.71,2656.09,,,,
06/30/26 18:25:00,36.94,2874.90,,,,
06/30/26 18:30:00,36.47,2521.01,,,,
06/30/26 18:35:00,36.32,2506.74,,,,
06/30/26 18:40:00,36.09,2553.35,,,,
06/30/26 18:45:00,36.32,2337.40,,,,
06/30/26 18:50:00,35.32,2121.45,,,,
06/30/26 18:55:00,35.08,2256.54,,,,
06/30/26 19:00:00,36.09,2490.56,,,,
06/30/26 19:05:00,37.17,2585.70,,,,
06/30/26 19:10:00,35.78,1926.90,,,,
06/30/26 19:15:00,34.47,1694.31,,,,
06/30/26 19:20:00,34.31,1641.03,,,,
06/30/26 19:25:00,34.23,1768.51,,,,
06/30/26 19:30:00,34.77,1677.66,,,,
06/30/26 19:35:00,34.23,1717.61,,,,
06/30/26 19:40:00,34.62,1936.89,,,,
06/30/26 19:45:00,33.46,1366.10,,,,
06/30/26 19:50:00,33.38,1472.17,,,,
06/30/26 19:55:00,33.69,1330.42,,,,
06/30/26 20:00:00,32.84,949.66,,,,
06/30/26 20:05:00,31.69,757.02,,,,
06/30/26 20:10:00,30.68,874.98,,,,
06/30/26 20:15:00,31.30,830.50,,,,
06/30/26 20:20:00,31.45,918.03,,,,
06/30/26 20:25:00,32.15,968.68,,,,
06/30/26 20:30:00,32.38,931.34,,,,
06/30/26 20:35:00,32.23,858.57,,,,
06/30/26 20:40:00,31.84,707.07,,,,
06/30/26 20:45:00,31.30,586.73,,,,
06/30/26 20:50:00,30.99,677.34,,,,
06/30/26 20:55:00,31.30,648.09,,,,
06/30/26 21:00:00,30.61,409.54,,,,
06/30/26 21:05:00,30.45,410.85,,,,
06/30/26 21:10:00,30.30,426.43,,,,
06/30/26 21:15:00,30.14,351.63,,,,
06/30/26 21:20:00,30.06,336.77,,,,
06/30/26 21:25:00,30.30,290.63,,,,
06/30/26 21:30:00,30.06,228.08,,,,
06/30/26 21:35:00,29.83,199.24,,,,
06/30/26 21:40:00,29.68,173.62,,,,
06/30/26 21:45:00,29.76,149.65,,,,
06/30/26 21:50:00,29.68,125.46,,,,
06/30/26 21:55:00,29.60,113.95,,,,
06/30/26 22:00:00,29.52,93.14,,,,
06/30/26 22:05:00,29.45,71.26,,,,
06/30/26 22:10:00,29.60,54.97,,,,
06/30/26 22:15:00,29.52,44.86,,,,
06/30/26 22:20:00,29.52,31.48,,,,
06/30/26 22:25:00,29.60,25.58,,,,
06/30/26 22:30:00,29.60,21.66,,,,
06/30/26 22:35:00,29.37,15.38,,,,
06/30/26 22:40:00,29.14,10.04,,,,
06/30/26 22:45:00,29.22,7.05,,,,
06/30/26 22:50:00,29.14,5.45,,,,
06/30/26 22:55:00,28.98,3.70,,,,
06/30/26 23:00:00,28.98,2.52,,,,
06/30/26 23:05:00,28.83,1.59,,,,
06/30/26 23:10:00,28.83,1.33,,,,
06/30/26 23:15:00,28.83,0.95,,,,
06/30/26 23:20:00,29.06,0.69,,,,
06/30/26 23:25:00,28.83,0.53,,,,
06/30/26 23:30:00,28.75,0.40,,,,
06/30/26 23:35:00,28.60,0.32,,,,
06/30/26 23:40:00,28.44,0.26,,,,
06/30/26 23:45:00,28.44,0.20,,,,
06/30/26 23:50:00,28.67,0.16,,,,
06/30/26 23:55:00,28.91,0.12,,,,
07/01/26 00:00:00,28.91,0.06,,,,
07/01/26 00:05:00,28.83,0.04,,,,
07/01/26 00:10:00,28.98,0.06,,,,
07/01/26 00:15:00,28.98,0.02,,,,
07/01/26 00:20:00,28.91,0.02,,,,
07/01/26 00:25:00,28.75,0.02,,,,
07/01/26 00:30:00,28.67,0.02,,,,
07/01/26 00:35:00,28.91,0.02,,,,
07/01/26 00:40:00,28.98,0.02,,,,
07/01/26 00:45:00,28.98,0.02,,,,
07/01/26 00:50:00,28.91,0.00,,,,
07/01/26 00:55:00,28.91,0.00,,,,
07/01/26 01:00:00,28.91,0.00,,,,
07/01/26 01:05:00,28.91,0.02,,,,
07/01/26 01:10:00,28.91,0.00,,,,
07/01/26 01:15:00,28.91,0.02,,,,
07/01/26 01:20:00,29.06,0.02,,,,
07/01/26 01:25:00,28.91,0.00,,,,
07/01/26 01:30:00,28.98,0.02,,,,
07/01/26 01:35:00,28.83,0.04,,,,
07/01/26 01:40:00,28.75,0.02,,,,
07/01/26 01:45:00,28.67,0.04,,,,
07/01/26 01:50:00,28.67,0.06,,,,
07/01/26 01:55:00,28.60,0.08,,,,
07/01/26 02:00:00,28.44,0.08,,,,
07/01/26 02:05:00,28.44,0.10,,,,
07/01/26 02:10:00,28.44,0.12,,,,
07/01/26 02:15:00,28.37,0.16,,,,
07/01/26 02:20:00,28.29,0.22,,,,
07/01/26 02:25:00,28.06,0.34,,,,
07/01/26 02:30:00,27.98,0.38,,,,
07/01/26 02:35:00,27.98,0.55,,,,
07/01/26 02:40:00,27.98,0.65,,,,
07/01/26 02:45:00,27.83,1.01,,,,
07/01/26 02:50:00,27.90,1.23,,,,
07/01/26 02:55:00,27.98,1.43,,,,
07/01/26 03:00:00,27.98,2.08,,,,
07/01/26 03:05:00,27.98,2.84,,,,
07/01/26 03:10:00,27.90,4.45,,,,
07/01/26 03:15:00,27.75,6.56,,,,
07/01/26 03:20:00,27.75,8.77,,,,
07/01/26 03:25:00,27.67,12.27,,,,
07/01/26 03:30:00,27.67,15.69,,,,
07/01/26 03:35:00,27.67,20.79,,,,
07/01/26 03:40:00,27.67,27.08,,,,
07/01/26 03:45:00,27.75,35.84,,,,
07/01/26 03:50:00,27.83,47.16,,,,
07/01/26 03:55:00,27.90,59.71,,,,
07/01/26 04:00:00,27.83,78.99,,,,
07/01/26 04:05:00,27.83,96.14,,,,
07/01/26 04:10:00,27.83,130.51,,,,
07/01/26 04:15:00,27.98,148.23,,,,
07/01/26 04:20:00,27.98,177.06,,,,
07/01/26 04:25:00,28.06,210.66,,,,
07/01/26 04:30:00,28.06,220.83,,,,
07/01/26 04:35:00,28.13,261.14,,,,
07/01/26 04:40:00,28.29,305.26,,,,
07/01/26 04:45:00,28.29,345.33,,,,
07/01/26 04:50:00,28.67,488.03,,,,
07/01/26 04:55:00,28.67,426.07,,,,
07/01/26 05:00:00,28.91,527.98,,,,
07/01/26 05:05:00,29.06,624.31,,,,
07/01/26 05:10:00,28.98,624.31,,,,
07/01/26 05:15:00,29.45,759.63,,,,
07/01/26 05:20:00,29.29,767.24,,,,
07/01/26 05:25:00,29.60,1096.40,,,,
07/01/26 05:30:00,29.76,1012.21,,,,
07/01/26 05:35:00,29.60,941.57,,,,
07/01/26 05:40:00,29.45,942.05,,,,
07/01/26 05:45:00,29.45,996.51,,,,
07/01/26 05:50:00,29.60,1111.62,,,,
07/01/26 05:55:00,29.45,934.44,,,,
07/01/26 06:00:00,29.68,1094.50,,,,
07/01/26 06:05:00,29.99,1233.39,,,,
07/01/26 06:10:00,30.68,1395.11,,,,
07/01/26 06:15:00,30.76,1532.58,,,,
07/01/26 06:20:00,31.45,1814.65,,,,
07/01/26 06:25:00,31.84,1939.27,,,,
07/01/26 06:30:00,32.30,2123.35,,,,
07/01/26 06:35:00,32.92,2383.06,,,,
07/01/26 06:40:00,32.38,2056.76,,,,
07/01/26 06:45:00,32.61,2307.91,,,,
07/01/26 06:50:00,33.23,2274.61,,,,
07/01/26 06:55:00,34.62,2599.01,,,,
07/01/26 07:00:00,34.70,2473.44,,,,
07/01/26 07:05:00,33.00,2358.33,,,,
07/01/26 07:10:00,34.08,2428.73,,,,
07/01/26 07:15:00,35.16,2881.56,,,,
07/01/26 07:20:00,35.32,2954.81,,,,
07/01/26 07:25:00,37.25,3098.46,,,,
07/01/26 07:30:00,41.11,5957.18,,,,
07/01/26 07:35:00,44.97,4834.62,,,,
07/01/26 07:40:00,46.74,5285.55,,,,
07/01/26 07:45:00,49.45,5784.04,,,,
07/01/26 07:50:00,50.22,5648.95,,,,
07/01/26 07:55:00,50.53,5068.65,,,,
07/01/26 08:00:00,50.61,5418.73,,,,
07/01/26 08:05:00,51.92,5135.24,,,,
07/01/26 08:10:00,47.98,3919.45,,,,
07/01/26 08:15:00,52.61,6531.78,,,,
07/01/26 08:20:00,50.22,5793.56,,,,
07/01/26 08:25:00,50.61,5631.83,,,,
07/01/26 08:30:00,52.07,6322.49,,,,
07/01/26 08:35:00,51.45,8965.27,,,,
07/01/26 08:40:00,50.37,6250.19,,,,
07/01/26 08:45:00,48.44,6558.42,,,,
07/01/26 08:50:00,46.67,6008.55,,,,
07/01/26 08:55:00,45.35,6063.73,,,,
07/01/26 09:00:00,45.74,6023.78,,,,
07/01/26 09:05:00,44.89,6010.46,,,,
07/01/26 09:10:00,46.44,6006.65,,,,
07/01/26 09:15:00,45.89,7604.87,,,,
07/01/26 09:20:00,48.75,5679.40,,,,
07/01/26 09:25:00,48.67,6560.32,,,,
07/01/26 09:30:00,54.00,10730.92,,,,
07/01/26 09:35:00,55.16,11332.16,,,,
07/01/26 09:40:00,57.32,8040.58,,,,
07/01/26 09:45:00,59.25,8721.73,,,,
07/01/26 09:50:00,51.69,6495.63,,,,
07/01/26 09:55:00,55.08,9524.64,,,,
07/01/26 10:00:00,51.53,7816.07,,,,
07/01/26 10:05:00,48.21,6655.45,,,,
07/01/26 10:10:00,48.06,5761.21,,,,
07/01/26 10:15:00,50.06,6845.72,,,,
07/01/26 10:20:00,50.22,7058.81,,,,
07/01/26 10:25:00,57.17,12264.45,,,,
07/01/26 10:30:00,59.10,8280.31,,,,
07/01/26 10:35:00,53.85,7020.76,,,,
07/01/26 10:40:00,52.15,6925.63,,,,
07/01/26 10:45:00,51.92,6765.81,,,,
07/01/26 10:50:00,53.23,7937.84,,,,
07/01/26 10:55:00,54.08,8588.54,,,,
07/01/26 11:00:00,52.92,8010.14,,,,
07/01/26 11:05:00,55.16,8721.73,,,,
07/01/26 11:10:00,53.39,8154.74,,,,
07/01/26 11:15:00,52.61,8329.78,,,,
07/01/26 11:20:00,54.23,8816.86,,,,
07/01/26 11:25:00,56.17,9775.79,,,,
07/01/26 11:30:00,60.18,10163.93,,,,
07/01/26 11:35:00,58.56,9425.71,,,,
07/01/26 11:40:00,59.02,10430.30,,,,
07/01/26 11:45:00,61.80,10548.27,,,,
07/01/26 11:50:00,61.26,9958.45,,,,
07/01/26 11:55:00,64.27,9269.69,,,,
07/01/26 12:00:00,61.72,9988.89,,,,
07/01/26 12:05:00,61.49,9577.92,,,,
07/01/26 12:10:00,58.56,9216.41,,,,
07/01/26 12:15:00,59.64,9829.07,,,,
07/01/26 12:20:00,59.56,9943.23,,,,
07/01/26 12:25:00,59.33,8698.90,,,,
07/01/26 12:30:00,58.64,9227.83,,,,
07/01/26 12:35:00,60.41,10015.53,,,,
07/01/26 12:40:00,58.95,10350.39,,,,
07/01/26 12:45:00,55.70,9646.41,,,,
07/01/26 12:50:00,56.17,9045.18,,,,
07/01/26 12:55:00,60.95,10932.60,,,,
07/01/26 13:00:00,64.20,11187.56,,,,
07/01/26 13:05:00,64.12,9558.89,,,,
07/01/26 13:10:00,66.74,10217.21,,,,
07/01/26 13:15:00,62.34,10886.94,,,,
07/01/26 13:20:00,64.58,11164.72,,,,
07/01/26 13:25:00,66.82,10506.41,,,,
07/01/26 13:30:00,63.11,9319.16,,,,
07/01/26 13:35:00,63.11,10658.62,,,,
07/01/26 13:40:00,62.11,9341.99,,,,
07/01/26 13:45:00,56.09,7222.44,,,,
07/01/26 13:50:00,54.85,8173.77,,,,
07/01/26 13:55:00,53.31,7604.87,,,,
07/01/26 14:00:00,55.93,10358.00,,,,
07/01/26 14:05:00,64.35,11636.58,,,,
07/01/26 14:10:00,66.90,13851.26,,,,
07/01/26 14:15:00,56.63,8249.87,,,,
07/01/26 14:20:00,57.32,9345.79,,,,
07/01/26 14:25:00,62.50,13086.40,,,,
07/01/26 14:30:00,58.71,9920.39,,,,
07/01/26 14:35:00,59.72,11636.58,,,,
07/01/26 14:40:00,57.09,8325.98,,,,
07/01/26 14:45:00,55.62,9243.05,,,,
07/01/26 14:50:00,62.19,13052.15,,,,
07/01/26 14:55:00,67.98,11514.81,,,,
07/01/26 15:00:00,64.74,9018.54,,,,
07/01/26 15:05:00,62.73,8676.06,,,,
07/01/26 15:10:00,60.95,8653.23,,,,
07/01/26 15:15:00,62.03,8892.97,,,,
07/01/26 15:20:00,62.96,9600.75,,,,
07/01/26 15:25:00,64.97,10110.66,,,,
07/01/26 15:30:00,61.18,6809.57,,,,
07/01/26 15:35:00,56.09,7290.94,,,,
07/01/26 15:40:00,56.94,8470.58,,,,
07/01/26 15:45:00,55.78,5900.10,,,,
07/01/26 15:50:00,53.46,7524.96,,,,
07/01/26 15:55:00,53.54,6189.31,,,,
07/01/26 16:00:00,51.30,6292.05,,,,
07/01/26 16:05:00,53.23,5877.27,,,,
07/01/26 16:10:00,50.76,5886.79,,,,
07/01/26 16:15:00,50.14,6206.43,,,,
07/01/26 16:20:00,51.92,6832.40,,,,
07/01/26 16:25:00,51.61,6160.77,,,,
07/01/26 16:30:00,54.78,6701.12,,,,
07/01/26 16:35:00,57.01,8208.01,,,,
07/01/26 16:40:00,53.77,6312.98,,,,
07/01/26 16:45:00,51.45,5397.81,,,,
07/01/26 16:50:00,46.67,4476.92,,,,
07/01/26 16:55:00,45.35,5152.36,,,,
07/01/26 17:00:00,45.74,5005.86,,,,
07/01/26 17:05:00,43.35,4115.42,,,,
07/01/26 17:10:00,45.35,4492.15,,,,
07/01/26 17:15:00,42.11,3987.94,,,,
07/01/26 17:20:00,42.42,4117.32,,,,
07/01/26 17:25:00,44.58,4998.25,,,,
07/01/26 17:30:00,43.66,3695.89,,,,
07/01/26 17:35:00,40.72,3724.43,,,,
07/01/26 17:40:00,43.58,5338.82,,,,
07/01/26 17:45:00,46.90,5437.76,,,,
07/01/26 17:50:00,48.83,5831.61,,,,
07/01/26 17:55:00,49.60,5612.80,,,,
07/01/26 18:00:00,50.91,5734.57,,,,
07/01/26 18:05:00,51.15,5517.67,,,,
07/01/26 18:10:00,50.30,5283.65,,,,
07/01/26 18:15:00,49.68,5076.26,,,,
07/01/26 18:20:00,49.52,5108.60,,,,
07/01/26 18:25:00,46.98,3940.38,,,,
07/01/26 18:30:00,45.89,4941.17,,,,
07/01/26 18:35:00,47.75,4811.79,,,,
07/01/26 18:40:00,41.57,2653.24,,,,
07/01/26 18:45:00,39.18,2665.61,,,,
07/01/26 18:50:00,41.34,4298.08,,,,
07/01/26 18:55:00,40.33,2209.92,,,,
07/01/26 19:00:00,37.94,2713.17,,,,
07/01/26 19:05:00,35.16,1722.85,,,,
07/01/26 19:10:00,32.69,1481.21,,,,
07/01/26 19:15:00,32.54,1618.20,,,,
07/01/26 19:20:00,32.84,1458.85,,,,
07/01/26 19:25:00,32.15,1310.92,,,,
07/01/26 19:30:00,33.69,1680.04,,,,
07/01/26 19:35:00,32.77,1417.47,,,,
07/01/26 19:40:00,33.69,2042.49,,,,
07/01/26 19:45:00,34.16,1810.84,,,,
07/01/26 19:50:00,34.39,2005.39,,,,
07/01/26 19:55:00,33.31,1722.85,,,,
07/01/26 20:00:00,33.08,1691.45,,,,
07/01/26 20:05:00,34.39,1630.09,,,,
07/01/26 20:10:00,33.00,1164.42,,,,
07/01/26 20:15:00,33.23,1649.59,,,,
07/01/26 20:20:00,35.01,1955.92,,,,
07/01/26 20:25:00,35.24,1893.13,,,,
07/01/26 20:30:00,34.70,1704.29,,,,
07/01/26 20:35:00,31.61,1019.34,,,,
07/01/26 20:40:00,30.06,790.79,,,,
07/01/26 20:45:00,30.22,855.95,,,,
07/01/26 20:50:00,30.45,850.96,,,,
07/01/26 20:55:00,29.68,772.24,,,,
07/01/26 21:00:00,28.75,555.81,,,,
07/01/26 21:05:00,27.90,501.11,,,,
07/01/26 21:10:00,27.44,438.80,,,,
07/01/26 21:15:00,27.28,356.98,,,,
07/01/26 21:20:00,27.05,344.02,,,,
07/01/26 21:25:00,26.90,291.58,,,,
07/01/26 21:30:00,26.20,261.97,,,,
07/01/26 21:35:00,26.67,227.31,,,,
07/01/26 21:40:00,26.67,200.08,,,,
07/01/26 21:45:00,26.05,175.52,,,,
07/01/26 21:50:00,25.82,142.94,,,,
07/01/26 21:55:00,25.59,119.84,,,,
07/01/26 22:00:00,25.12,98.37,,,,
07/01/26 22:05:00,25.05,80.62,,,,
07/01/26 22:10:00,25.12,61.00,,,,
07/01/26 22:15:00,25.28,48.67,,,,
07/01/26 22:20:00,24.27,37.46,,,,
07/01/26 22:25:00,24.74,27.64,,,,
07/01/26 22:30:00,25.12,20.47,,,,
07/01/26 22:35:00,25.20,15.21,,,,
07/01/26 22:40:00,24.89,10.84,,,,
07/01/26 22:45:00,24.12,7.65,,,,
07/01/26 22:50:00,23.19,5.38,,,,
07/01/26 22:55:00,24.58,3.74,,,,
07/01/26 23:00:00,25.35,2.54,,,,
07/01/26 23:05:00,25.05,1.77,,,,
07/01/26 23:10:00,24.27,1.25,,,,
07/01/26 23:15:00,23.66,0.94,,,,
07/01/26 23:20:00,24.12,0.68,,,,
07/01/26 23:25:00,24.35,0.50,,,,
07/01/26 23:30:00,23.96,0.42,,,,
07/01/26 23:35:00,23.66,0.28,,,,
07/01/26 23:40:00,24.20,0.26,,,,
07/01/26 23:45:00,24.27,0.20,,,,
07/01/26 23:50:00,24.12,0.16,,,,
07/01/26 23:55:00,24.58,0.12,,,,
07/02/26 00:00:00,24.66,0.10,,,,
07/02/26 00:05:00,24.20,0.08,,,,
07/02/26 00:10:00,24.27,0.06,,,,
07/02/26 00:15:00,24.89,0.06,,,,
07/02/26 00:20:00,25.59,0.04,,,,
07/02/26 00:25:00,25.59,0.04,,,,
07/02/26 00:30:00,25.51,0.02,,,,
07/02/26 00:35:00,25.35,0.02,,,,
07/02/26 00:40:00,25.66,0.02,,,,
07/02/26 00:45:00,25.28,0.02,,,,
07/02/26 00:50:00,24.50,0.02,,,,
07/02/26 00:55:00,24.50,0.02,,,,
07/02/26 01:00:00,24.50,0.00,,,,
07/02/26 01:05:00,24.89,0.02,,,,
07/02/26 01:10:00,25.05,0.00,,,,
07/02/26 01:15:00,24.89,0.00,,,,
07/02/26 01:20:00,24.58,0.02,,,,
07/02/26 01:25:00,24.58,0.02,,,,
07/02/26 01:30:00,24.81,0.02,,,,
07/02/26 01:35:00,24.58,0.02,,,,
07/02/26 01:40:00,24.50,0.02,,,,
07/02/26 01:45:00,24.58,0.04,,,,
07/02/26 01:50:00,24.58,0.04,,,,
07/02/26 01:55:00,24.27,0.06,,,,
07/02/26 02:00:00,23.73,0.08,,,,
07/02/26 02:05:00,24.97,0.08,,,,
07/02/26 02:10:00,24.81,0.10,,,,
07/02/26 02:15:00,24.74,0.14,,,,
07/02/26 02:20:00,24.50,0.18,,,,
07/02/26 02:25:00,23.96,0.22,,,,
07/02/26 02:30:00,24.27,0.30,,,,
07/02/26 02:35:00,24.27,0.38,,,,
07/02/26 02:40:00,24.20,0.44,,,,
07/02/26 02:45:00,24.27,0.62,,,,
07/02/26 02:50:00,23.96,0.84,,,,
07/02/26 02:55:00,24.04,1.19,,,,
07/02/26 03:00:00,24.35,1.69,,,,
07/02/26 03:05:00,24.66,2.38,,,,
07/02/26 03:10:00,24.66,3.57,,,,
07/02/26 03:15:00,24.50,5.01,,,,
07/02/26 03:20:00,25.05,6.93,,,,
07/02/26 03:25:00,24.97,9.96,,,,
07/02/26 03:30:00,25.12,13.39,,,,
07/02/26 03:35:00,24.89,18.16,,,,
07/02/26 03:40:00,25.43,23.98,,,,
07/02/26 03:45:00,25.59,33.21,,,,
07/02/26 03:50:00,25.59,43.79,,,,
07/02/26 03:55:00,25.59,55.99,,,,
07/02/26 04:00:00,25.82,68.97,,,,
07/02/26 04:05:00,25.82,83.54,,,,
07/02/26 04:10:00,25.66,99.00,,,,
07/02/26 04:15:00,25.66,114.43,,,,
07/02/26 04:20:00,25.82,132.59,,,,
07/02/26 04:25:00,25.82,157.15,,,,
07/02/26 04:30:00,25.66,181.52,,,,
07/02/26 04:35:00,25.66,204.00,,,,
07/02/26 04:40:00,25.66,238.84,,,,
07/02/26 04:45:00,25.82,276.00,,,,
07/02/26 04:50:00,26.05,309.30,,,,
07/02/26 04:55:00,25.51,346.52,,,,
07/02/26 05:00:00,25.28,408.36,,,,
07/02/26 05:05:00,25.66,436.89,,,,
07/02/26 05:10:00,26.05,488.74,,,,
07/02/26 05:15:00,27.28,611.94,,,,
07/02/26 05:20:00,27.83,607.66,,,,
07/02/26 05:25:00,28.75,1023.62,,,,
07/02/26 05:30:00,29.45,859.76,,,,
07/02/26 05:35:00,29.76,1013.63,,,,
07/02/26 05:40:00,30.99,1290.94,,,,
07/02/26 05:45:00,29.83,897.10,,,,
07/02/26 05:50:00,28.91,723.48,,,,
07/02/26 05:55:00,28.29,760.34,,,,
07/02/26 06:00:00,28.37,849.53,,,,
07/02/26 06:05:00,28.52,1080.23,,,,
07/02/26 06:10:00,29.37,1221.50,,,,
07/02/26 06:15:00,30.14,1475.98,,,,
07/02/26 06:20:00,32.69,2229.90,,,,
07/02/26 06:25:00,33.85,2198.51,,,,
07/02/26 06:30:00,33.08,2020.61,,,,
07/02/26 06:35:00,33.15,2039.64,,,,
07/02/26 06:40:00,33.08,1917.39,,,,
07/02/26 06:45:00,32.61,1795.15,,,,
07/02/26 06:50:00,32.61,1820.36,,,,
07/02/26 06:55:00,33.31,2255.59,,,,
07/02/26 07:00:00,34.23,2398.28,,,,
07/02/26 07:05:00,34.23,2364.99,,,,
07/02/26 07:10:00,34.23,2346.91,,,,
07/02/26 07:15:00,34.00,2297.44,,,,
07/02/26 07:20:00,33.85,2238.46,,,,
07/02/26 07:25:00,33.54,2079.59,,,,
07/02/26 07:30:00,33.31,2142.38,,,,
07/02/26 07:35:00,33.77,2384.01,,,,
07/02/26 07:40:00,36.32,3438.08,,,,
07/02/26 07:45:00,39.33,3615.03,,,,
07/02/26 07:50:00,38.17,3777.70,,,,
07/02/26 07:55:00,39.10,3497.06,,,,
07/02/26 08:00:00,38.56,3287.77,,,,
07/02/26 08:05:00,37.48,3459.01,,,,
07/02/26 08:10:00,39.33,4503.56,,,,
07/02/26 08:15:00,43.58,5473.91,,,,
07/02/26 08:20:00,42.03,4319.01,,,,
07/02/26 08:25:00,43.96,5000.15,,,,
07/02/26 08:30:00,42.73,4731.88,,,,
07/02/26 08:35:00,44.35,4558.74,,,,
07/02/26 08:40:00,41.72,5042.01,,,,
07/02/26 08:45:00,47.59,6314.88,,,,
07/02/26 08:50:00,52.00,7361.34,,,,
07/02/26 08:55:00,55.55,6520.37,,,,
07/02/26 09:00:00,52.54,7593.46,,,,
07/02/26 09:05:00,58.25,8478.19,,,,
07/02/26 09:10:00,59.95,9855.70,,,,
07/02/26 09:15:00,53.31,6282.54,,,,
07/02/26 09:20:00,48.83,5481.52,,,,
07/02/26 09:25:00,48.75,6564.13,,,,
07/02/26 09:30:00,47.67,6666.87,,,,
07/02/26 09:35:00,47.90,6280.63,,,,
07/02/26 09:40:00,53.23,8851.11,,,,
07/02/26 09:45:00,53.31,7055.01,,,,
07/02/26 09:50:00,55.78,8931.02,,,,
07/02/26 09:55:00,55.78,9106.06,,,,
07/02/26 10:00:00,53.77,8318.37,,,,
07/02/26 10:05:00,51.53,7319.48,,,,
07/02/26 10:10:00,52.30,8021.55,,,,
07/02/26 10:15:00,48.98,6849.52,,,,
07/02/26 10:20:00,49.76,7268.11,,,,
07/02/26 10:25:00,50.53,8154.74,,,,
07/02/26 10:30:00,54.08,9692.08,,,,
07/02/26 10:35:00,61.34,11415.87,,,,
07/02/26 10:40:00,58.17,8386.86,,,,
07/02/26 10:45:00,55.32,8291.73,,,,
07/02/26 10:50:00,55.01,9912.78,,,,
07/02/26 10:55:00,55.24,8786.42,,,,
07/02/26 11:00:00,52.38,7861.73,,,,
07/02/26 11:05:00,52.23,8527.66,,,,
07/02/26 11:10:00,49.76,7342.31,,,,
07/02/26 11:15:00,49.22,7465.98,,,,
07/02/26 11:20:00,49.76,8493.41,,,,
07/02/26 11:25:00,54.00,11187.56,,,,
07/02/26 11:30:00,52.46,8440.14,,,,
07/02/26 11:35:00,51.38,8615.18,,,,
07/02/26 11:40:00,51.92,9197.39,,,,
07/02/26 11:45:00,52.30,8976.68,,,,
07/02/26 11:50:00,50.99,8364.03,,,,
07/02/26 11:55:00,52.00,8234.65,,,,
07/02/26 12:00:00,51.92,8006.33,,,,
07/02/26 12:05:00,52.61,8082.44,,,,
07/02/26 12:10:00,51.22,7975.89,,,,
07/02/26 12:15:00,49.83,8044.39,,,,
07/02/26 12:20:00,50.53,8424.91,,,,
07/02/26 12:25:00,52.30,9532.25,,,,
07/02/26 12:30:00,53.23,9726.32,,,,
07/02/26 12:35:00,52.07,8493.41,,,,
07/02/26 12:40:00,54.00,9840.48,,,,
07/02/26 12:45:00,54.00,9562.70,,,,
07/02/26 12:50:00,53.54,9303.94,,,,
07/02/26 12:55:00,53.23,9577.92,,,,
07/02/26 13:00:00,53.00,8828.28,,,,
07/02/26 13:05:00,52.92,8976.68,,,,
07/02/26 13:10:00,53.08,9117.48,,,,
07/02/26 13:15:00,53.85,9083.23,,,,
07/02/26 13:20:00,54.93,9387.65,,,,
07/02/26 13:25:00,54.47,9288.72,,,,
07/02/26 13:30:00,55.32,9566.50,,,,
07/02/26 13:35:00,56.55,9714.91,,,,
07/02/26 13:40:00,54.39,8759.78,,,,
07/02/26 13:45:00,54.47,9296.33,,,,
07/02/26 13:50:00,56.78,11115.25,,,,
07/02/26 13:55:00,58.10,10708.09,,,,
07/02/26 14:00:00,59.10,9730.13,,,,
07/02/26 14:05:00,56.86,10411.28,,,,
07/02/26 14:10:00,55.39,8778.81,,,,
07/02/26 14:15:00,53.85,9022.34,,,,
07/02/26 14:20:00,53.85,9372.43,,,,
07/02/26 14:25:00,53.54,9536.06,,,,
07/02/26 14:30:00,52.84,9041.37,,,,
07/02/26 14:35:00,53.08,9357.21,,,,
07/02/26 14:40:00,54.78,10095.44,,,,
07/02/26 14:45:00,54.39,9524.64,,,,
07/02/26 14:50:00,54.23,8961.46,,,,
07/02/26 14:55:00,53.00,8478.19,,,,
07/02/26 15:00:00,51.61,8539.07,,,,
07/02/26 15:05:00,52.15,8953.85,,,,
07/02/26 15:10:00,54.78,10224.82,,,,
07/02/26 15:15:00,55.47,9585.53,,,,
07/02/26 15:20:00,55.47,9265.88,,,,
07/02/26 15:25:00,53.00,8501.02,,,,
07/02/26 15:30:00,50.45,7665.76,,,,
07/02/26 15:35:00,49.91,7745.67,,,,
07/02/26 15:40:00,49.37,7528.77,,,,
07/02/26 15:45:00,50.37,8093.85,,,,
07/02/26 15:50:00,51.61,8379.25,,,,
07/02/26 15:55:00,50.91,8341.20,,,,
07/02/26 16:00:00,51.15,8371.64,,,,
07/02/26 16:05:00,51.53,8040.58,,,,
07/02/26 16:10:00,51.53,8592.35,,,,
07/02/26 16:15:00,51.30,8379.25,,,,
07/02/26 16:20:00,51.22,8322.17,,,,
07/02/26 16:25:00,51.38,8093.85,,,,
07/02/26 16:30:00,51.30,8208.01,,,,
07/02/26 16:35:00,52.23,8634.21,,,,
07/02/26 16:40:00,53.31,8542.88,,,,
07/02/26 16:45:00,53.46,8409.69,,,,
07/02/26 16:50:00,52.46,8272.70,,,,
07/02/26 16:55:00,52.00,8596.15,,,,
07/02/26 17:00:00,50.91,7827.48,,,,
07/02/26 17:05:00,47.90,6689.70,,,,
07/02/26 17:10:00,46.36,6307.27,,,,
07/02/26 17:15:00,45.05,5711.74,,,,
07/02/26 17:20:00,43.96,5582.36,,,,
07/02/26 17:25:00,43.19,5458.69,,,,
07/02/26 17:30:00,43.50,5709.84,,,,
07/02/26 17:35:00,43.50,5726.96,,,,
07/02/26 17:40:00,43.66,5896.30,,,,
07/02/26 17:45:00,43.58,5198.03,,,,
07/02/26 17:50:00,42.42,5433.96,,,,
07/02/26 17:55:00,42.65,5148.56,,,,
07/02/26 18:00:00,43.58,5831.61,,,,
07/02/26 18:05:00,42.88,4773.74,,,,
07/02/26 18:10:00,42.42,4769.93,,,,
07/02/26 18:15:00,41.96,4642.46,,,,
07/02/26 18:20:00,41.49,4109.71,,,,
07/02/26 18:25:00,40.72,3720.62,,,,
07/02/26 18:30:00,40.10,3953.70,,,,
07/02/26 18:35:00,39.25,3519.89,,,,
07/02/26 18:40:00,38.64,3310.60,,,,
07/02/26 18:45:00,36.78,2777.86,,,,
07/02/26 18:50:00,35.62,2287.93,,,,
07/02/26 18:55:00,35.16,2447.75,,,,
07/02/26 19:00:00,36.16,3060.41,,,,
07/02/26 19:05:00,37.79,3848.10,,,,
07/02/26 19:10:00,41.49,5199.93,,,,
07/02/26 19:15:00,41.72,4465.51,,,,
07/02/26 19:20:00,39.72,3370.54,,,,
07/02/26 19:25:00,37.40,2722.69,,,,
07/02/26 19:30:00,35.24,2043.44,,,,
07/02/26 19:35:00,33.85,1430.79,,,,
07/02/26 19:40:00,33.77,1677.66,,,,
07/02/26 19:45:00,33.69,1819.40,,,,
07/02/26 19:50:00,33.62,1714.28,,,,
07/02/26 19:55:00,33.93,1593.47,,,,
07/02/26 20:00:00,33.77,1508.32,,,,
07/02/26 20:05:00,33.77,1436.97,,,,
07/02/26 20:10:00,33.46,1329.00,,,,
07/02/26 20:15:00,33.00,1420.32,,,,
07/02/26 20:20:00,33.23,1410.81,,,,
07/02/26 20:25:00,32.46,1057.40,,,,
07/02/26 20:30:00,31.92,906.61,,,,
07/02/26 20:35:00,31.53,864.28,,,,
07/02/26 20:40:00,31.15,750.12,,,,
07/02/26 20:45:00,30.84,673.54,,,,
07/02/26 20:50:00,31.07,818.61,,,,
07/02/26 20:55:00,30.99,683.05,,,,
07/02/26 21:00:00,30.99,651.89,,,,
07/02/26 21:05:00,31.15,670.92,,,,
07/02/26 21:10:00,31.30,572.70,,,,
07/02/26 21:15:00,30.91,531.31,,,,
07/02/26 21:20:00,30.45,421.91,,,,
07/02/26 21:25:00,30.06,383.26,,,,
07/02/26 21:30:00,29.60,313.94,,,,
07/02/26 21:35:00,29.76,297.65,,,,
07/02/26 21:40:00,29.68,247.58,,,,
07/02/26 21:45:00,29.52,184.02,,,,
07/02/26 21:50:00,29.29,131.46,,,,
07/02/26 21:55:00,28.91,112.79,,,,
07/02/26 22:00:00,28.83,91.62,,,,
07/02/26 22:05:00,29.06,76.46,,,,
07/02/26 22:10:00,29.06,60.11,,,,
07/02/26 22:15:00,28.83,45.77,,,,
07/02/26 22:20:00,28.83,37.46,,,,
07/02/26 22:25:00,28.75,28.77,,,,
07/02/26 22:30:00,28.67,21.03,,,,
07/02/26 22:35:00,28.75,14.50,,,,
07/02/26 22:40:00,28.83,10.29,,,,
07/02/26 22:45:00,28.75,7.01,,,,
07/02/26 22:50:00,28.44,4.77,,,,
07/02/26 22:55:00,28.44,3.35,,,,
07/02/26 23:00:00,28.37,2.45,,,,
07/02/26 23:05:00,28.37,1.53,,,,
07/02/26 23:10:00,28.37,1.27,,,,
07/02/26 23:15:00,28.29,0.91,,,,
07/02/26 23:20:00,28.29,0.67,,,,
07/02/26 23:25:00,28.13,0.49,,,,
07/02/26 23:30:00,28.21,0.38,,,,
07/02/26 23:35:00,28.21,0.30,,,,
07/02/26 23:40:00,28.37,0.22,,,,
07/02/26 23:45:00,28.44,0.18,,,,
07/02/26 23:50:00,28.29,0.14,,,,
07/02/26 23:55:00,28.37,0.08,,,,
07/03/26 00:00:00,28.21,0.08,,,,
07/03/26 00:05:00,28.21,0.06,,,,
07/03/26 00:10:00,28.21,0.06,,,,
07/03/26 00:15:00,28.37,0.04,,,,
07/03/26 00:20:00,28.06,0.04,,,,
07/03/26 00:25:00,27.90,0.00,,,,
07/03/26 00:30:00,27.83,0.02,,,,
07/03/26 00:35:00,27.59,0.02,,,,
07/03/26 00:40:00,27.36,0.02,,,,
07/03/26 00:45:00,27.36,0.02,,,,
07/03/26 00:50:00,27.28,0.02,,,,
07/03/26 00:55:00,27.28,0.02,,,,
07/03/26 01:00:00,27.21,0.02,,,,
07/03/26 01:05:00,27.05,0.02,,,,
07/03/26 01:10:00,26.82,0.02,,,,
07/03/26 01:15:00,26.98,0.02,,,,
07/03/26 01:20:00,26.98,0.02,,,,
07/03/26 01:25:00,27.13,0.02,,,,
07/03/26 01:30:00,26.90,0.02,,,,
07/03/26 01:35:00,26.74,0.02,,,,
07/03/26 01:40:00,26.44,0.04,,,,
07/03/26 01:45:00,26.44,0.04,,,,
07/03/26 01:50:00,26.20,0.06,,,,
07/03/26 01:55:00,25.97,0.08,,,,
07/03/26 02:00:00,25.82,0.10,,,,
07/03/26 02:05:00,25.82,0.12,,,,
07/03/26 02:10:00,25.43,0.14,,,,
07/03/26 02:15:00,25.35,0.16,,,,
07/03/26 02:20:00,25.20,0.22,,,,
07/03/26 02:25:00,24.27,0.28,,,,
07/03/26 02:30:00,24.20,0.36,,,,
07/03/26 02:35:00,23.81,0.48,,,,
07/03/26 02:40:00,23.66,0.60,,,,
07/03/26 02:45:00,23.58,0.96,,,,
07/03/26 02:50:00,23.66,1.25,,,,
07/03/26 02:55:00,23.96,1.77,,,,
07/03/26 03:00:00,24.04,2.54,,,,
07/03/26 03:05:00,23.96,3.38,,,,
07/03/26 03:10:00,24.04,4.89,,,,
07/03/26 03:15:00,24.43,5.97,,,,
07/03/26 03:20:00,24.89,9.56,,,,
07/03/26 03:25:00,25.05,12.91,,,,
07/03/26 03:30:00,25.28,17.12,,,,
07/03/26 03:35:00,25.12,22.00,,,,
07/03/26 03:40:00,25.59,31.93,,,,
07/03/26 03:45:00,25.89,34.65,,,,
07/03/26 03:50:00,25.97,50.02,,,,
07/03/26 03:55:00,26.28,65.85,,,,
07/03/26 04:00:00,26.51,78.04,,,,
07/03/26 04:05:00,26.59,106.13,,,,
07/03/26 04:10:00,26.59,114.19,,,,
07/03/26 04:15:00,26.67,129.86,,,,
07/03/26 04:20:00,26.74,154.17,,,,
07/03/26 04:25:00,26.90,171.24,,,,
07/03/26 04:30:00,26.90,197.70,,,,
07/03/26 04:35:00,26.90,229.51,,,,
07/03/26 04:40:00,27.21,343.67,,,,
07/03/26 04:45:00,27.75,455.21,,,,
07/03/26 04:50:00,27.98,591.01,,,,
07/03/26 04:55:00,28.44,641.19,,,,
07/03/26 05:00:00,28.44,692.56,,,,
07/03/26 05:05:00,28.67,757.73,,,,
07/03/26 05:10:00,28.67,691.14,,,,
07/03/26 05:15:00,29.06,1035.99,,,,
07/03/26 05:20:00,29.29,1004.60,,,,
07/03/26 05:25:00,29.83,1116.85,,,,
07/03/26 05:30:00,30.45,1462.18,,,,
07/03/26 05:35:00,30.22,1554.94,,,,
07/03/26 05:40:00,30.68,1543.52,,,,
07/03/26 05:45:00,30.76,1426.98,,,,
07/03/26 05:50:00,30.30,1382.27,,,,
07/03/26 05:55:00,30.06,1445.06,,,,
07/03/26 06:00:00,30.37,1548.28,,,,
07/03/26 06:05:00,31.53,2291.74,,,,
07/03/26 06:10:00,31.69,1870.30,,,,
07/03/26 06:15:00,32.00,1961.63,,,,
07/03/26 06:20:00,31.53,1721.89,,,,
07/03/26 06:25:00,31.45,1641.51,,,,
07/03/26 06:30:00,32.07,1919.29,,,,
07/03/26 06:35:00,32.84,2196.60,,,,
07/03/26 06:40:00,32.92,2210.87,,,,
07/03/26 06:45:00,33.93,2688.44,,,,
07/03/26 06:50:00,33.62,2302.20,,,,
07/03/26 06:55:00,34.77,2940.54,,,,
07/03/26 07:00:00,33.77,1955.92,,,,
07/03/26 07:05:00,33.77,2843.50,,,,
07/03/26 07:10:00,35.24,2889.17,,,,
07/03/26 07:15:00,35.86,3244.01,,,,
07/03/26 07:20:00,36.86,3269.70,,,,
07/03/26 07:25:00,36.09,2753.13,,,,
07/03/26 07:30:00,41.42,4469.31,,,,
07/03/26 07:35:00,43.11,7270.01,,,,
07/03/26 07:40:00,46.59,5473.91,,,,
07/03/26 07:45:00,42.03,4102.10,,,,
07/03/26 07:50:00,42.27,4924.05,,,,
07/03/26 07:55:00,43.66,6155.06,,,,
07/03/26 08:00:00,42.81,4984.93,,,,
07/03/26 08:05:00,43.27,5534.80,,,,
07/03/26 08:10:00,44.66,5030.59,,,,
07/03/26 08:15:00,41.34,4640.55,,,,
07/03/26 08:20:00,41.49,5114.31,,,,
07/03/26 08:25:00,40.41,4680.51,,,,
07/03/26 08:30:00,39.95,3947.99,,,,
07/03/26 08:35:00,39.87,3976.53,,,,
07/03/26 08:40:00,41.18,5430.15,,,,
07/03/26 08:45:00,44.66,5397.81,,,,
07/03/26 08:50:00,49.14,8687.48,,,,
07/03/26 08:55:00,48.44,6977.00,,,,
07/03/26 09:00:00,51.61,7509.74,,,,
07/03/26 09:05:00,51.92,8668.45,,,,
07/03/26 09:10:00,50.84,7108.28,,,,
07/03/26 09:15:00,49.29,5919.13,,,,
07/03/26 09:20:00,48.67,6040.90,,,,
07/03/26 09:25:00,49.68,7066.43,,,,
07/03/26 09:30:00,49.83,7785.63,,,,
07/03/26 09:35:00,50.53,7528.77,,,,
07/03/26 09:40:00,52.15,8531.46,,,,
07/03/26 09:45:00,53.39,8577.13,,,,
07/03/26 09:50:00,50.84,7089.26,,,,
07/03/26 09:55:00,48.60,7292.84,,,,
07/03/26 10:00:00,52.84,8554.29,,,,
07/03/26 10:05:00,50.99,7724.74,,,,
07/03/26 10:10:00,50.45,8950.04,,,,
07/03/26 10:15:00,51.38,8516.24,,,,
07/03/26 10:20:00,51.38,9121.28,,,,
07/03/26 10:25:00,56.01,11431.09,,,,
07/03/26 10:30:00,54.23,9985.08,,,,
07/03/26 10:35:00,53.77,9075.62,,,,
07/03/26 10:40:00,51.69,8653.23,,,,
07/03/26 10:45:00,53.31,9117.48,,,,
07/03/26 10:50:00,54.31,8683.67,,,,
07/03/26 10:55:00,52.92,8501.02,,,,
07/03/26 11:00:00,57.40,13280.47,,,,
07/03/26 11:05:00,53.23,9836.68,,,,
07/03/26 11:10:00,55.78,8093.85,,,,
07/03/26 11:15:00,53.00,7389.88,,,,
07/03/26 11:20:00,55.55,7665.76,,,,
07/03/26 11:25:00,54.16,8577.13,,,,
07/03/26 11:30:00,55.39,8698.90,,,,
07/03/26 11:35:00,53.85,8984.29,,,,
07/03/26 11:40:00,54.78,9722.52,,,,
07/03/26 11:45:00,52.77,7998.72,,,,
07/03/26 11:50:00,51.45,8428.72,,,,
07/03/26 11:55:00,56.09,10700.48,,,,
07/03/26 12:00:00,53.77,8691.28,,,,
07/03/26 12:05:00,54.78,10350.39,,,,
07/03/26 12:10:00,55.08,10837.47,,,,
07/03/26 12:15:00,56.63,10768.97,,,,
07/03/26 12:20:00,60.41,11773.57,,,,
07/03/26 12:25:00,55.47,8946.24,,,,
07/03/26 12:30:00,56.32,8919.60,,,,
07/03/26 12:35:00,53.08,7701.91,,,,
07/03/26 12:40:00,51.15,7899.78,,,,
07/03/26 12:45:00,50.06,7656.25,,,,
07/03/26 12:50:00,49.91,8036.77,,,,
07/03/26 12:55:00,49.91,8112.88,,,,
07/03/26 13:00:00,49.68,8257.48,,,,
07/03/26 13:05:00,52.92,10456.94,,,,
07/03/26 13:10:00,56.32,10890.74,,,,
07/03/26 13:15:00,57.71,11210.39,,,,
07/03/26 13:20:00,56.09,9406.68,,,,
07/03/26 13:25:00,54.39,8775.00,,,,
07/03/26 13:30:00,52.77,7722.84,,,,
07/03/26 13:35:00,52.54,8733.14,,,,
07/03/26 13:40:00,60.18,11598.53,,,,
07/03/26 13:45:00,64.89,14410.64,,,,
07/03/26 13:50:00,65.66,13680.02,,,,
07/03/26 13:55:00,64.35,11743.13,,,,
07/03/26 14:00:00,62.03,11176.14,,,,
07/03/26 14:05:00,63.19,12393.83,,,,
07/03/26 14:10:00,62.50,11423.48,,,,
07/03/26 14:15:00,55.86,8999.51,,,,
07/03/26 14:20:00,50.76,7979.70,,,,
07/03/26 14:25:00,51.69,8923.41,,,,
07/03/26 14:30:00,54.31,10456.94,,,,
07/03/26 14:35:00,58.10,12173.13,,,,
07/03/26 14:40:00,57.79,10765.17,,,,
07/03/26 14:45:00,54.31,9532.25,,,,
07/03/26 14:50:00,53.54,9212.61,,,,
07/03/26 14:55:00,53.23,9128.89,,,,
07/03/26 15:00:00,52.61,8638.01,,,,
07/03/26 15:05:00,54.54,8961.46,,,,
07/03/26 15:10:00,53.46,9988.89,,,,
07/03/26 15:15:00,53.85,8520.05,,,,
07/03/26 15:20:00,49.60,7669.56,,,,
07/03/26 15:25:00,48.60,7665.76,,,,
07/03/26 15:30:00,49.06,8310.76,,,,
07/03/26 15:35:00,49.06,7129.21,,,,
07/03/26 15:40:00,48.37,7344.21,,,,
07/03/26 15:45:00,48.52,7258.59,,,,
07/03/26 15:50:00,46.98,6351.03,,,,
07/03/26 15:55:00,47.21,7180.58,,,,
07/03/26 16:00:00,47.52,6558.42,,,,
07/03/26 16:05:00,46.90,6267.31,,,,
07/03/26 16:10:00,45.74,6166.47,,,,
07/03/26 16:15:00,44.89,5451.08,,,,
07/03/26 16:20:00,44.35,5824.00,,,,
07/03/26 16:25:00,45.74,6741.07,,,,
07/03/26 16:30:00,47.05,6792.44,,,,
07/03/26 16:35:00,47.44,7289.03,,,,
07/03/26 16:40:00,47.13,6571.74,,,,
07/03/26 16:45:00,47.59,6826.69,,,,
07/03/26 16:50:00,45.74,5626.12,,,,
07/03/26 16:55:00,44.66,5527.19,,,,
07/03/26 17:00:00,43.58,5251.30,,,,
07/03/26 17:05:00,42.73,5795.46,,,,
07/03/26 17:10:00,42.65,5768.82,,,,
07/03/26 17:15:00,42.65,5572.85,,,,
07/03/26 17:20:00,42.96,5456.79,,,,
07/03/26 17:25:00,42.19,4901.21,,,,
07/03/26 17:30:00,43.11,5709.84,,,,
07/03/26 17:35:00,42.73,5352.14,,,,
07/03/26 17:40:00,42.42,5260.81,,,,
07/03/26 17:45:00,41.96,4659.58,,,,
07/03/26 17:50:00,41.11,4560.64,,,,
07/03/26 17:55:00,41.34,4781.35,,,,
07/03/26 18:00:00,41.18,4537.81,,,,
07/03/26 18:05:00,41.65,4745.20,,,,
07/03/26 18:10:00,42.11,4787.06,,,,
07/03/26 18:15:00,42.27,5047.72,,,,
07/03/26 18:20:00,42.19,5217.05,,,,
07/03/26 18:25:00,41.72,4454.09,,,,
07/03/26 18:30:00,42.19,4922.14,,,,
07/03/26 18:35:00,42.65,4613.92,,,,
07/03/26 18:40:00,42.11,4766.13,,,,
07/03/26 18:45:00,42.96,4690.02,,,,
07/03/26 18:50:00,41.49,4075.47,,,,
07/03/26 18:55:00,40.88,4258.12,,,,
07/03/26 19:00:00,39.79,3488.50,,,,
07/03/26 19:05:00,39.25,3616.93,,,,
07/03/26 19:10:00,39.64,3423.81,,,,
07/03/26 19:15:00,39.18,3258.28,,,,
07/03/26 19:20:00,38.25,2892.97,,,,
07/03/26 19:25:00,37.25,2762.64,,,,
07/03/26 19:30:00,36.78,2460.12,,,,
07/03/26 19:35:00,36.40,2364.04,,,,
07/03/26 19:40:00,36.01,2265.10,,,,
07/03/26 19:45:00,35.93,2265.10,,,,
07/03/26 19:50:00,35.93,2105.28,,,,
07/03/26 19:55:00,35.62,2000.63,,,,
07/03/26 20:00:00,35.24,1934.51,,,,
07/03/26 20:05:00,35.16,1851.75,,,,
07/03/26 20:10:00,34.93,1734.26,,,,
07/03/26 20:15:00,34.62,1629.62,,,,
07/03/26 20:20:00,34.54,1533.06,,,,
07/03/26 20:25:00,34.39,1487.39,,,,
07/03/26 20:30:00,34.16,1307.59,,,,
07/03/26 20:35:00,33.69,1141.11,,,,
07/03/26 20:40:00,33.31,1076.90,,,,
07/03/26 20:45:00,33.38,1047.88,,,,
07/03/26 20:50:00,32.92,912.32,,,,
07/03/26 20:55:00,32.84,802.20,,,,
07/03/26 21:00:00,32.54,714.68,,,,
07/03/26 21:05:00,32.46,667.12,,,,
07/03/26 21:10:00,32.30,566.99,,,,
07/03/26 21:15:00,32.23,518.00,,,,
07/03/26 21:20:00,31.92,423.58,,,,
07/03/26 21:25:00,31.76,376.60,,,,
07/03/26 21:30:00,31.61,315.72,,,,
07/03/26 21:35:00,31.45,276.24,,,,
07/03/26 21:40:00,31.22,252.58,,,,
07/03/26 21:45:00,31.22,202.27,,,,
07/03/26 21:50:00,31.07,168.86,,,,
07/03/26 21:55:00,30.91,131.22,,,,
07/03/26 22:00:00,30.76,94.00,,,,
07/03/26 22:05:00,30.68,66.44,,,,
07/03/26 22:10:00,30.76,52.50,,,,
07/03/26 22:15:00,30.68,38.48,,,,
07/03/26 22:20:00,30.61,29.08,,,,
07/03/26 22:25:00,30.53,22.71,,,,
07/03/26 22:30:00,30.53,15.85,,,,
07/03/26 22:35:00,30.53,11.87,,,,
07/03/26 22:40:00,30.53,8.60,,,,
07/03/26 22:45:00,30.53,6.17,,,,
07/03/26 22:50:00,30.61,4.62,,,,
07/03/26 22:55:00,30.61,3.14,,,,
07/03/26 23:00:00,30.61,2.19,,,,
07/03/26 23:05:00,30.61,1.61,,,,
07/03/26 23:10:00,30.68,1.23,,,,
07/03/26 23:15:00,30.61,0.91,,,,
07/03/26 23:20:00,30.61,0.69,,,,
07/03/26 23:25:00,30.76,0.57,,,,
07/03/26 23:30:00,30.76,0.38,,,,
07/03/26 23:35:00,30.68,0.30,,,,
07/03/26 23:40:00,30.68,0.22,,,,
07/03/26 23:45:00,30.68,0.16,,,,
07/03/26 23:50:00,30.68,0.14,,,,
07/03/26 23:55:00,30.68,0.10,,,,
07/04/26 00:00:00,30.45,0.06,,,,
07/04/26 00:05:00,30.30,0.06,,,,
07/04/26 00:10:00,30.37,0.04,,,,
07/04/26 00:15:00,30.45,0.04,,,,
07/04/26 00:20:00,30.53,0.04,,,,
07/04/26 00:25:00,30.68,0.04,,,,
07/04/26 00:30:00,30.76,0.02,,,,
07/04/26 00:35:00,30.61,0.02,,,,
07/04/26 00:40:00,30.61,0.02,,,,
07/04/26 00:45:00,30.53,0.02,,,,
07/04/26 00:50:00,30.45,0.02,,,,
07/04/26 00:55:00,30.45,0.02,,,,
07/04/26 01:00:00,30.37,0.02,,,,
07/04/26 01:05:00,30.37,0.02,,,,
07/04/26 01:10:00,30.37,0.02,,,,
07/04/26 01:15:00,30.30,0.02,,,,
07/04/26 01:20:00,30.22,0.02,,,,
07/04/26 01:25:00,30.30,0.02,,,,
07/04/26 01:30:00,30.30,0.02,,,,
07/04/26 01:35:00,30.22,0.02,,,,
07/04/26 01:40:00,30.37,0.02,,,,
07/04/26 01:45:00,30.22,0.04,,,,
07/04/26 01:50:00,30.22,0.04,,,,
07/04/26 01:55:00,30.06,0.04,,,,
07/04/26 02:00:00,30.14,0.06,,,,
07/04/26 02:05:00,30.14,0.08,,,,
07/04/26 02:10:00,30.22,0.10,,,,
07/04/26 02:15:00,30.30,0.14,,,,
07/04/26 02:20:00,30.14,0.18,,,,
07/04/26 02:25:00,30.14,0.22,,,,
07/04/26 02:30:00,30.14,0.34,,,,
07/04/26 02:35:00,30.14,0.43,,,,
07/04/26 02:40:00,30.06,0.61,,,,
07/04/26 02:45:00,29.99,0.81,,,,
07/04/26 02:50:00,29.76,1.07,,,,
07/04/26 02:55:00,29.60,1.39,,,,
07/04/26 03:00:00,29.60,1.87,,,,
07/04/26 03:05:00,29.52,2.78,,,,
07/04/26 03:10:00,29.60,4.02,,,,
07/04/26 03:15:00,29.68,6.01,,,,
07/04/26 03:20:00,29.60,7.81,,,,
07/04/26 03:25:00,29.60,11.55,,,,
07/04/26 03:30:00,29.60,16.17,,,,
07/04/26 03:35:00,29.76,21.29,,,,
07/04/26 03:40:00,29.76,31.87,,,,
07/04/26 03:45:00,30.06,41.26,,,,
07/04/26 03:50:00,29.91,53.45,,,,
07/04/26 03:55:00,29.99,72.39,,,,
07/04/26 04:00:00,29.83,92.19,,,,
07/04/26 04:05:00,29.83,117.93,,,,
07/04/26 04:10:00,30.06,141.21,,,,
07/04/26 04:15:00,30.22,158.10,,,,
07/04/26 04:20:00,30.06,223.32,,,,
07/04/26 04:25:00,30.45,299.07,,,,
07/04/26 04:30:00,30.68,343.07,,,,
07/04/26 04:35:00,30.91,466.27,,,,
07/04/26 04:40:00,32.07,721.58,,,,
07/04/26 04:45:00,33.85,806.48,,,,
07/04/26 04:50:00,34.47,1035.99,,,,
07/04/26 04:55:00,35.39,1128.27,,,,
07/04/26 05:00:00,36.09,1211.51,,,,
07/04/26 05:05:00,36.40,1362.29,,,,
07/04/26 05:10:00,37.25,1558.74,,,,
07/04/26 05:15:00,37.71,1627.71,,,,
07/04/26 05:20:00,38.40,1808.46,,,,
07/04/26 05:25:00,38.94,1969.24,,,,
07/04/26 05:30:00,39.49,2064.37,,,,
07/04/26 05:35:00,39.64,2294.59,,,,
07/04/26 05:40:00,39.79,2425.87,,,,
07/04/26 05:45:00,41.72,3007.13,,,,
07/04/26 05:50:00,42.50,2656.09,,,,
07/04/26 05:55:00,41.26,2832.09,,,,
07/04/26 06:00:00,40.80,2893.92,,,,
07/04/26 06:05:00,41.03,3018.55,,,,
07/04/26 06:10:00,41.26,3142.22,,,,
07/04/26 06:15:00,41.88,3294.43,,,,
07/04/26 06:20:00,42.42,3462.81,,,,
07/04/26 06:25:00,43.04,3618.83,,,,
07/04/26 06:30:00,43.58,3667.35,,,,
07/04/26 06:35:00,43.50,3794.83,,,,
07/04/26 06:40:00,43.81,3919.45,,,,
07/04/26 06:45:00,43.81,4029.80,,,,
07/04/26 06:50:00,44.35,4151.57,,,,
07/04/26 06:55:00,44.50,4322.81,,,,
07/04/26 07:00:00,46.20,4389.40,,,,
07/04/26 07:05:00,46.59,4560.64,,,,
07/04/26 07:10:00,46.74,4733.78,,,,
07/04/26 07:15:00,46.82,5078.16,,,,
07/04/26 07:20:00,46.98,5247.50,,,,
07/04/26 07:25:00,48.37,5810.68,,,,
07/04/26 07:30:00,44.04,2779.77,,,,
07/04/26 07:35:00,46.13,5106.70,,,,
07/04/26 07:40:00,48.83,6219.75,,,,
07/04/26 07:45:00,49.37,6351.03,,,,
07/04/26 07:50:00,50.37,6666.87,,,,
07/04/26 07:55:00,52.46,7486.91,,,,
07/04/26 08:00:00,55.47,8660.84,,,,
07/04/26 08:05:00,59.02,9737.74,,,,
07/04/26 08:10:00,52.30,5331.21,,,,
07/04/26 08:15:00,47.44,4884.09,,,,
07/04/26 08:20:00,45.97,5102.90,,,,
07/04/26 08:25:00,46.59,5220.86,,,,
07/04/26 08:30:00,44.89,4697.63,,,,
07/04/26 08:35:00,42.57,4001.26,,,,
07/04/26 08:40:00,41.03,3559.85,,,,
07/04/26 08:45:00,41.11,3632.15,,,,
07/04/26 08:50:00,44.43,8067.22,,,,
07/04/26 08:55:00,58.87,8698.90,,,,
07/04/26 09:00:00,64.89,7066.43,,,,
07/04/26 09:05:00,61.34,7264.30,,,,
07/04/26 09:10:00,56.01,5993.33,,,,
07/04/26 09:15:00,48.91,4338.03,,,,
07/04/26 09:20:00,55.70,10175.35,,,,
07/04/26 09:25:00,59.64,10095.44,,,,
07/04/26 09:30:00,53.23,5648.95,,,,
07/04/26 09:35:00,51.45,5179.00,,,,
07/04/26 09:40:00,54.62,6680.19,,,,
07/04/26 09:45:00,49.91,5239.89,,,,
07/04/26 09:50:00,54.23,6626.91,,,,
07/04/26 09:55:00,56.47,10719.50,,,,
07/04/26 10:00:00,62.19,10068.80,,,,
07/04/26 10:05:00,60.49,8539.07,,,,
07/04/26 10:10:00,61.96,9768.18,,,,
07/04/26 10:15:00,63.27,9604.55,,,,
07/04/26 10:20:00,63.04,7505.94,,,,
07/04/26 10:25:00,62.88,10445.52,,,,
07/04/26 10:30:00,57.48,6120.81,,,,
07/04/26 10:35:00,53.69,8036.77,,,,
07/04/26 10:40:00,55.47,9574.11,,,,
07/04/26 10:45:00,59.79,9311.55,,,,
07/04/26 10:50:00,59.41,9334.38,,,,
07/04/26 10:55:00,59.10,9315.35,,,,
07/04/26 11:00:00,60.41,9501.81,,,,
07/04/26 11:05:00,59.10,9402.87,,,,
07/04/26 11:10:00,58.71,9463.76,,,,
07/04/26 11:15:00,58.40,9730.13,,,,
07/04/26 11:20:00,58.87,10449.33,,,,
07/04/26 11:25:00,60.10,10860.30,,,,
07/04/26 11:30:00,60.41,10304.73,,,,
07/04/26 11:35:00,61.42,11050.57,,,,
07/04/26 11:40:00,61.49,10346.59,,,,
07/04/26 11:45:00,61.18,11141.89,,,,
07/04/26 11:50:00,59.95,10354.20,,,,
07/04/26 11:55:00,59.72,8870.13,,,,
07/04/26 12:00:00,62.42,9836.68,,,,
07/04/26 12:05:00,60.41,9874.73,,,,
07/04/26 12:10:00,60.72,8573.32,,,,
07/04/26 12:15:00,57.71,7915.01,,,,
07/04/26 12:20:00,56.94,7686.69,,,,
07/04/26 12:25:00,58.79,7494.52,,,,
07/04/26 12:30:00,62.81,11145.70,,,,
07/04/26 12:35:00,68.98,13676.22,,,,
07/04/26 12:40:00,67.44,11621.36,,,,
07/04/26 12:45:00,61.88,9437.12,,,,
07/04/26 12:50:00,61.03,9208.80,,,,
07/04/26 12:55:00,58.10,9094.65,,,,
07/04/26 13:00:00,61.72,9501.81,,,,
07/04/26 13:05:00,58.10,9532.25,,,,
07/04/26 13:10:00,55.78,10240.04,,,,
07/04/26 13:15:00,55.93,9543.67,,,,
07/04/26 13:20:00,62.42,9646.41,,,,
07/04/26 13:25:00,62.65,10224.82,,,,
07/04/26 13:30:00,62.50,9787.21,,,,
07/04/26 13:35:00,57.17,5730.77,,,,
07/04/26 13:40:00,55.55,7359.43,,,,
07/04/26 13:45:00,57.63,9239.25,,,,
07/04/26 13:50:00,57.94,8900.58,,,,
07/04/26 13:55:00,58.87,9170.75,,,,
07/04/26 14:00:00,57.71,9117.48,,,,
07/04/26 14:05:00,58.79,7983.50,,,,
07/04/26 14:10:00,58.71,8969.07,,,,
07/04/26 14:15:00,59.02,10125.88,,,,
07/04/26 14:20:00,58.02,11484.37,,,,
07/04/26 14:25:00,63.04,10297.12,,,,
07/04/26 14:30:00,61.88,9482.79,,,,
07/04/26 14:35:00,59.02,11081.01,,,,
07/04/26 14:40:00,58.87,8082.44,,,,
07/04/26 14:45:00,54.16,6282.54,,,,
07/04/26 14:50:00,56.32,10464.55,,,,
07/04/26 14:55:00,60.57,7776.11,,,,
07/04/26 15:00:00,62.50,10826.05,,,,
07/04/26 15:05:00,60.26,9380.04,,,,
07/04/26 15:10:00,61.26,10982.07,,,,
07/04/26 15:15:00,62.88,11807.82,,,,
07/04/26 15:20:00,59.33,9486.59,,,,
07/04/26 15:25:00,56.09,5924.84,,,,
07/04/26 15:30:00,59.56,8683.67,,,,
07/04/26 15:35:00,59.41,7134.92,,,,
07/04/26 15:40:00,47.67,3781.51,,,,
07/04/26 15:45:00,46.90,5253.20,,,,
07/04/26 15:50:00,50.68,5511.96,,,,
07/04/26 15:55:00,49.45,4416.04,,,,
07/04/26 16:00:00,51.07,5694.62,,,,
07/04/26 16:05:00,48.91,5628.03,,,,
07/04/26 16:10:00,47.36,4695.73,,,,
07/04/26 16:15:00,46.82,5475.81,,,,
07/04/26 16:20:00,49.99,5555.72,,,,
07/04/26 16:25:00,48.83,3942.28,,,,
07/04/26 16:30:00,46.59,5180.90,,,,
07/04/26 16:35:00,46.51,4709.05,,,,
07/04/26 16:40:00,45.97,4986.83,,,,
07/04/26 16:45:00,47.52,5089.58,,,,
07/04/26 16:50:00,46.82,5468.20,,,,
07/04/26 16:55:00,47.13,4703.34,,,,
07/04/26 17:00:00,44.89,4868.87,,,,
07/04/26 17:05:00,45.82,4482.63,,,,
07/04/26 17:10:00,43.58,4052.63,,,,
07/04/26 17:15:00,43.81,4632.94,,,,
07/04/26 17:20:00,44.81,4162.99,,,,
07/04/26 17:25:00,43.58,4551.13,,,,
07/04/26 17:30:00,44.27,4994.44,,,,
07/04/26 17:35:00,43.50,4195.33,,,,
07/04/26 17:40:00,43.66,4176.31,,,,
07/04/26 17:45:00,44.12,4241.00,,,,
07/04/26 17:50:00,45.43,4874.58,,,,
07/04/26 17:55:00,49.76,5359.75,,,,
07/04/26 18:00:00,45.74,5253.20,,,,
07/04/26 18:05:00,49.91,6297.76,,,,
07/04/26 18:10:00,48.67,4494.05,,,,
07/04/26 18:15:00,47.21,7368.95,,,,
07/04/26 18:20:00,49.83,6938.95,,,,
07/04/26 18:25:00,42.57,2716.98,,,,
07/04/26 18:30:00,39.72,2393.53,,,,
07/04/26 18:35:00,39.18,2585.70,,,,
07/04/26 18:40:00,38.71,2108.13,,,,
07/04/26 18:45:00,38.64,2522.91,,,,
07/04/26 18:50:00,39.02,2680.83,,,,
07/04/26 18:55:00,40.57,2888.22,,,,
07/04/26 19:00:00,39.79,2319.32,,,,
07/04/26 19:05:00,40.88,2959.57,,,,
07/04/26 19:10:00,40.26,3231.64,,,,
07/04/26 19:15:00,43.35,3972.72,,,,
07/04/26 19:20:00,38.02,1955.92,,,,
07/04/26 19:25:00,36.01,1376.09,,,,
07/04/26 19:30:00,36.01,1518.79,,,,
07/04/26 19:35:00,36.32,1675.76,,,,
07/04/26 19:40:00,36.94,1665.77,,,,
07/04/26 19:45:00,36.71,1677.66,,,,
07/04/26 19:50:00,37.48,1685.74,,,,
07/04/26 19:55:00,37.86,1816.55,,,,
07/04/26 20:00:00,37.17,1323.29,,,,
07/04/26 20:05:00,37.86,2185.19,,,,
07/04/26 20:10:00,35.93,1168.70,,,,
07/04/26 20:15:00,35.62,1178.21,,,,
07/04/26 20:20:00,35.86,1098.30,,,,
07/04/26 20:25:00,35.93,1429.36,,,,
07/04/26 20:30:00,34.23,819.80,,,,
07/04/26 20:35:00,33.54,716.58,,,,
07/04/26 20:40:00,33.54,624.07,,,,
07/04/26 20:45:00,33.23,567.70,,,,
07/04/26 20:50:00,33.15,535.36,,,,
07/04/26 20:55:00,33.38,509.43,,,,
07/04/26 21:00:00,32.92,476.73,,,,
07/04/26 21:05:00,32.69,421.91,,,,
07/04/26 21:10:00,32.54,400.39,,,,
07/04/26 21:15:00,32.61,403.00,,,,
07/04/26 21:20:00,33.00,411.21,,,,
07/04/26 21:25:00,32.77,312.39,,,,
07/04/26 21:30:00,32.84,245.68,,,,
07/04/26 21:35:00,32.61,219.52,,,,
07/04/26 21:40:00,32.46,204.00,,,,
07/04/26 21:45:00,32.46,177.42,,,,
07/04/26 21:50:00,32.77,164.58,,,,
07/04/26 21:55:00,32.61,114.28,,,,
07/04/26 22:00:00,32.38,86.57,,,,
07/04/26 22:05:00,32.23,67.96,,,,
07/04/26 22:10:00,32.54,50.93,,,,
07/04/26 22:15:00,32.46,41.58,,,,
07/04/26 22:20:00,32.54,31.63,,,,
07/04/26 22:25:00,32.46,23.34,,,,
07/04/26 22:30:00,32.54,17.46,,,,
07/04/26 22:35:00,32.38,12.83,,,,
07/04/26 22:40:00,31.84,8.75,,,,
07/04/26 22:45:00,31.61,6.60,,,,
07/04/26 22:50:00,31.38,4.34,,,,
07/04/26 22:55:00,31.53,3.14,,,,
07/04/26 23:00:00,31.38,2.15,,,,
07/04/26 23:05:00,31.53,1.67,,,,
07/04/26 23:10:00,31.84,1.47,,,,
07/04/26 23:15:00,32.15,0.91,,,,
07/04/26 23:20:00,32.15,0.63,,,,
07/04/26 23:25:00,32.46,0.51,,,,
07/04/26 23:30:00,32.30,0.32,,,,
07/04/26 23:35:00,32.00,0.24,,,,
07/04/26 23:40:00,31.84,0.22,,,,
07/04/26 23:45:00,32.07,0.16,,,,
07/04/26 23:50:00,32.07,0.12,,,,
07/04/26 23:55:00,32.15,0.10,,,,
07/05/26 00:00:00,32.15,0.08,,,,
07/05/26 00:05:00,32.23,0.06,,,,
07/05/26 00:10:00,32.23,0.06,,,,
07/05/26 00:15:00,32.15,0.04,,,,
07/05/26 00:20:00,32.30,0.02,,,,
07/05/26 00:25:00,32.15,0.00,,,,
07/05/26 00:30:00,32.23,0.00,,,,
07/05/26 00:35:00,32.23,0.00,,,,
07/05/26 00:40:00,32.23,0.00,,,,
07/05/26 00:45:00,32.23,0.00,,,,
07/05/26 00:50:00,32.15,0.00,,,,
07/05/26 00:55:00,32.23,0.00,,,,
07/05/26 01:00:00,32.38,0.00,,,,
07/05/26 01:05:00,32.30,0.00,,,,
07/05/26 01:10:00,32.15,0.00,,,,
07/05/26 01:15:00,32.30,0.00,,,,
07/05/26 01:20:00,32.23,0.00,,,,
07/05/26 01:25:00,32.38,0.00,,,,
07/05/26 01:30:00,32.38,0.00,,,,
07/05/26 01:35:00,32.46,0.02,,,,
07/05/26 01:40:00,32.46,0.02,,,,
07/05/26 01:45:00,32.46,0.02,,,,
07/05/26 01:50:00,32.15,0.02,,,,
07/05/26 01:55:00,31.92,0.04,,,,
07/05/26 02:00:00,32.00,0.04,,,,
07/05/26 02:05:00,32.07,0.06,,,,
07/05/26 02:10:00,32.23,0.08,,,,
07/05/26 02:15:00,32.23,0.10,,,,
07/05/26 02:20:00,32.23,0.14,,,,
07/05/26 02:25:00,32.23,0.18,,,,
07/05/26 02:30:00,32.23,0.24,,,,
07/05/26 02:35:00,32.15,0.34,,,,
07/05/26 02:40:00,32.30,0.47,,,,
07/05/26 02:45:00,32.15,0.61,,,,
07/05/26 02:50:00,32.15,0.83,,,,
07/05/26 02:55:00,32.23,1.23,,,,
07/05/26 03:00:00,32.23,1.73,,,,
07/05/26 03:05:00,32.23,2.25,,,,
07/05/26 03:10:00,32.15,3.40,,,,
07/05/26 03:15:00,32.07,5.42,,,,
07/05/26 03:20:00,32.15,7.80,,,,
07/05/26 03:25:00,32.07,10.44,,,,
07/05/26 03:30:00,32.15,14.42,,,,
07/05/26 03:35:00,32.15,20.17,,,,
07/05/26 03:40:00,32.23,27.52,,,,
07/05/26 03:45:00,32.23,35.24,,,,
07/05/26 03:50:00,32.23,44.15,,,,
07/05/26 03:55:00,32.30,59.56,,,,
07/05/26 04:00:00,32.30,75.90,,,,
07/05/26 04:05:00,32.30,95.58,,,,
07/05/26 04:10:00,32.38,122.24,,,,
07/05/26 04:15:00,32.46,157.38,,,,
07/05/26 04:20:00,32.61,214.76,,,,
07/05/26 04:25:00,32.77,271.01,,,,
07/05/26 04:30:00,33.00,347.83,,,,
07/05/26 04:35:00,33.23,394.09,,,,
07/05/26 04:40:00,33.38,479.59,,,,
07/05/26 04:45:00,33.31,543.92,,,,
07/05/26 04:50:00,33.62,636.43,,,,
07/05/26 04:55:00,33.62,639.53,,,,
07/05/26 05:00:00,33.77,748.93,,,,
07/05/26 05:05:00,34.00,838.83,,,,
07/05/26 05:10:00,34.62,1076.90,,,,
07/05/26 05:15:00,34.77,1074.04,,,,
07/05/26 05:20:00,34.70,1082.61,,,,
07/05/26 05:25:00,34.85,1012.21,,,,
07/05/26 05:30:00,34.39,922.55,,,,
07/05/26 05:35:00,34.39,933.25,,,,
07/05/26 05:40:00,34.54,969.40,,,,
07/05/26 05:45:00,34.47,962.98,,,,
07/05/26 05:50:00,34.47,990.33,,,,
07/05/26 05:55:00,34.85,1099.73,,,,
07/05/26 06:00:00,34.93,1166.32,,,,
07/05/26 06:05:00,35.01,1231.49,,,,
07/05/26 06:10:00,35.16,1351.83,,,,
07/05/26 06:15:00,35.39,1429.84,,,,
07/05/26 06:20:00,35.78,1568.26,,,,
07/05/26 06:25:00,36.78,2232.75,,,,
07/05/26 06:30:00,37.86,2062.47,,,,
07/05/26 06:35:00,38.40,2244.17,,,,
07/05/26 06:40:00,39.10,2667.51,,,,
07/05/26 06:45:00,39.95,2612.33,,,,
07/05/26 06:50:00,39.49,2388.77,,,,
07/05/26 06:55:00,38.94,2621.85,,,,
07/05/26 07:00:00,41.34,3100.36,,,,
07/05/26 07:05:00,43.11,4052.63,,,,
07/05/26 07:10:00,45.28,3891.86,,,,
07/05/26 07:15:00,46.59,4425.55,,,,
07/05/26 07:20:00,48.29,5373.07,,,,
07/05/26 07:25:00,50.61,5578.56,,,,
07/05/26 07:30:00,52.69,4979.22,,,,
07/05/26 07:35:00,49.37,6290.15,,,,
07/05/26 07:40:00,50.37,5688.91,,,,
07/05/26 07:45:00,49.45,4475.02,,,,
07/05/26 07:50:00,48.98,3673.06,,,,
07/05/26 07:55:00,47.98,5146.66,,,,
07/05/26 08:00:00,46.44,4627.23,,,,
07/05/26 08:05:00,43.73,3590.29,,,,
07/05/26 08:10:00,42.73,4132.55,,,,
07/05/26 08:15:00,42.88,4006.97,,,,
07/05/26 08:20:00,45.89,5456.79,,,,
07/05/26 08:25:00,48.60,5985.72,,,,
07/05/26 08:30:00,48.06,5452.98,,,,
07/05/26 08:35:00,47.44,5017.28,,,,
07/05/26 08:40:00,47.67,5605.19,,,,
07/05/26 08:45:00,47.05,5276.04,,,,
07/05/26 08:50:00,46.90,6274.92,,,,
07/05/26 08:55:00,49.37,7138.73,,,,
07/05/26 09:00:00,52.07,7496.42,,,,
07/05/26 09:05:00,53.69,7458.37,,,,
07/05/26 09:10:00,52.84,6436.65,,,,
07/05/26 09:15:00,52.84,5995.24,,,,
07/05/26 09:20:00,56.24,7053.11,,,,
07/05/26 09:25:00,55.08,6742.98,,,,
07/05/26 09:30:00,59.10,9041.37,,,,
07/05/26 09:35:00,59.49,7724.74,,,,
07/05/26 09:40:00,57.79,7450.76,,,,
07/05/26 09:45:00,55.16,5833.51,,,,
07/05/26 09:50:00,53.85,7165.36,,,,
07/05/26 09:55:00,53.62,7136.82,,,,
07/05/26 10:00:00,52.92,7167.27,,,,
07/05/26 10:05:00,52.61,7711.42,,,,
07/05/26 10:10:00,57.94,9661.63,,,,
07/05/26 10:15:00,56.24,8017.75,,,,
07/05/26 10:20:00,55.86,8074.83,,,,
07/05/26 10:25:00,52.61,6938.95,,,,
07/05/26 10:30:00,49.45,6158.86,,,,
07/05/26 10:35:00,49.45,6518.46,,,,
07/05/26 10:40:00,56.24,10426.50,,,,
07/05/26 10:45:00,56.32,8755.97,,,,
07/05/26 10:50:00,58.79,9425.71,,,,
07/05/26 10:55:00,58.71,8790.22,,,,
07/05/26 11:00:00,60.49,10316.14,,,,
07/05/26 11:05:00,61.88,8238.45,,,,
07/05/26 11:10:00,57.25,8717.92,,,,
07/05/26 11:15:00,59.72,9033.76,,,,
07/05/26 11:20:00,58.17,8687.48,,,,
07/05/26 11:25:00,62.34,11899.14,,,,
07/05/26 11:30:00,61.11,9380.04,,,,
07/05/26 11:35:00,60.88,8717.92,,,,
07/05/26 11:40:00,63.11,6931.34,,,,
07/05/26 11:45:00,63.73,12150.29,,,,
07/05/26 11:50:00,63.96,9106.06,,,,
07/05/26 11:55:00,64.58,10228.62,,,,
07/05/26 12:00:00,59.95,9642.61,,,,
07/05/26 12:05:00,56.24,8234.65,,,,
07/05/26 12:10:00,55.24,8295.53,,,,
07/05/26 12:15:00,55.32,7918.81,,,,
07/05/26 12:20:00,55.16,7679.08,,,,
07/05/26 12:25:00,54.54,8375.45,,,,
07/05/26 12:30:00,54.23,8470.58,,,,
07/05/26 12:35:00,54.85,8892.97,,,,
07/05/26 12:40:00,54.47,9029.96,,,,
07/05/26 12:45:00,55.08,9189.78,,,,
07/05/26 12:50:00,55.32,9638.80,,,,
07/05/26 12:55:00,53.69,7496.42,,,,
07/05/26 13:00:00,49.99,7062.62,,,,
07/05/26 13:05:00,53.15,8843.50,,,,
07/05/26 13:10:00,57.56,10612.96,,,,
07/05/26 13:15:00,57.94,9886.15,,,,
07/05/26 13:20:00,55.78,8333.59,,,,
07/05/26 13:25:00,52.69,7783.72,,,,
07/05/26 13:30:00,53.62,8287.92,,,,
07/05/26 13:35:00,55.24,8866.33,,,,
07/05/26 13:40:00,56.17,8950.04,,,,
07/05/26 13:45:00,54.47,7300.45,,,,
07/05/26 13:50:00,52.69,7051.20,,,,
07/05/26 13:55:00,53.46,7899.78,,,,
07/05/26 14:00:00,56.32,9444.73,,,,
07/05/26 14:05:00,57.71,8755.97,,,,
07/05/26 14:10:00,57.71,9174.56,,,,
07/05/26 14:15:00,60.10,9680.66,,,,
07/05/26 14:20:00,61.42,9113.67,,,,
07/05/26 14:25:00,60.41,7395.58,,,,
07/05/26 14:30:00,52.92,5709.84,,,,
07/05/26 14:35:00,51.92,7172.97,,,,
07/05/26 14:40:00,52.07,6900.90,,,,
07/05/26 14:45:00,50.68,5894.40,,,,
07/05/26 14:50:00,50.53,6855.23,,,,
07/05/26 14:55:00,54.08,7922.62,,,,
07/05/26 15:00:00,52.54,6910.41,,,,
07/05/26 15:05:00,52.07,6356.74,,,,
07/05/26 15:10:00,49.99,5968.60,,,,
07/05/26 15:15:00,48.52,6082.76,,,,
07/05/26 15:20:00,48.83,6307.27,,,,
07/05/26 15:25:00,49.14,5850.63,,,,
07/05/26 15:30:00,48.37,5903.91,,,,
07/05/26 15:35:00,47.90,6021.87,,,,
07/05/26 15:40:00,49.06,6659.26,,,,
07/05/26 15:45:00,51.69,6971.29,,,,
07/05/26 15:50:00,52.23,7051.20,,,,
07/05/26 15:55:00,54.16,7528.77,,,,
07/05/26 16:00:00,54.31,6609.79,,,,
07/05/26 16:05:00,52.54,6398.60,,,,
07/05/26 16:10:00,51.38,5631.83,,,,
07/05/26 16:15:00,50.61,5765.02,,,,
07/05/26 16:20:00,47.44,4159.18,,,,
07/05/26 16:25:00,45.89,4161.09,,,,
07/05/26 16:30:00,47.44,5481.52,,,,
07/05/26 16:35:00,46.98,4615.82,,,,
07/05/26 16:40:00,46.59,5139.05,,,,
07/05/26 16:45:00,46.74,5017.28,,,,
07/05/26 16:50:00,44.74,4288.56,,,,
07/05/26 16:55:00,44.20,4992.54,,,,
07/05/26 17:00:00,43.50,4591.08,,,,
07/05/26 17:05:00,42.96,4514.98,,,,
07/05/26 17:10:00,42.88,4345.64,,,,
07/05/26 17:15:00,43.35,4145.86,,,,
07/05/26 17:20:00,42.57,3932.77,,,,
07/05/26 17:25:00,43.81,4465.51,,,,
07/05/26 17:30:00,43.89,4535.91,,,,
07/05/26 17:35:00,43.42,4610.11,,,,
07/05/26 17:40:00,42.88,4149.67,,,,
07/05/26 17:45:00,41.80,3896.62,,,,
07/05/26 17:50:00,40.26,3565.56,,,,
07/05/26 17:55:00,40.64,3611.22,,,,
07/05/26 18:00:00,40.57,3808.14,,,,
07/05/26 18:05:00,40.80,3576.97,,,,
07/05/26 18:10:00,41.80,3946.09,,,,
07/05/26 18:15:00,42.03,3614.08,,,,
07/05/26 18:20:00,41.57,3583.63,,,,
07/05/26 18:25:00,42.03,3655.93,,,,
07/05/26 18:30:00,42.11,3422.86,,,,
07/05/26 18:35:00,42.11,3291.58,,,,
07/05/26 18:40:00,40.88,2756.93,,,,
07/05/26 18:45:00,39.10,2425.87,,,,
07/05/26 18:50:00,38.94,2512.44,,,,
07/05/26 18:55:00,39.25,2551.45,,,,
07/05/26 19:00:00,39.49,2493.42,,,,
07/05/26 19:05:00,39.18,2353.57,,,,
07/05/26 19:10:00,39.02,2320.28,,,,
07/05/26 19:15:00,39.10,2356.43,,,,
07/05/26 19:20:00,39.72,2217.53,,,,
07/05/26 19:25:00,39.25,1956.87,,,,
07/05/26 19:30:00,38.48,1683.84,,,,
07/05/26 19:35:00,38.10,1606.78,,,,
07/05/26 19:40:00,37.63,1425.08,,,,
07/05/26 19:45:00,36.86,1290.47,,,,
07/05/26 19:50:00,36.47,1277.15,,,,
07/05/26 19:55:00,36.32,1192.96,,,,
07/05/26 20:00:00,35.86,998.89,,,,
07/05/26 20:05:00,35.55,1007.45,,,,
07/05/26 20:10:00,35.62,1021.72,,,,
07/05/26 20:15:00,35.47,938.24,,,,
07/05/26 20:20:00,35.47,837.64,,,,
07/05/26 20:25:00,35.47,778.66,,,,
07/05/26 20:30:00,35.39,730.38,,,,
07/05/26 20:35:00,35.24,745.60,,,,
07/05/26 20:40:00,35.24,641.43,,,,
07/05/26 20:45:00,34.85,586.97,,,,
07/05/26 20:50:00,34.62,525.84,,,,
07/05/26 20:55:00,34.31,461.51,,,,
07/05/26 21:00:00,34.16,395.04,,,,
07/05/26 21:05:00,33.85,327.85,,,,
07/05/26 21:10:00,33.62,285.40,,,,
07/05/26 21:15:00,33.46,253.88,,,,
07/05/26 21:20:00,33.23,223.20,,,,
07/05/26 21:25:00,33.08,184.38,,,,
07/05/26 21:30:00,32.92,157.44,,,,
07/05/26 21:35:00,33.00,130.27,,,,
07/05/26 21:40:00,32.84,106.13,,,,
07/05/26 21:45:00,32.84,87.34,,,,
07/05/26 21:50:00,32.84,70.72,,,,
07/05/26 21:55:00,32.69,58.68,,,,
07/05/26 22:00:00,32.61,47.36,,,,
07/05/26 22:05:00,32.61,38.22,,,,
07/05/26 22:10:00,32.61,32.58,,,,
07/05/26 22:15:00,32.54,25.34,,,,
07/05/26 22:20:00,32.54,19.36,,,,
07/05/26 22:25:00,32.61,14.57,,,,
07/05/26 22:30:00,32.54,10.51,,,,
07/05/26 22:35:00,32.54,7.68,,,,
07/05/26 22:40:00,32.54,5.22,,,,
07/05/26 22:45:00,32.46,3.58,,,,
07/05/26 22:50:00,32.30,2.51,,,,
07/05/26 22:55:00,32.30,1.87,,,,
07/05/26 23:00:00,32.30,1.39,,,,
07/05/26 23:05:00,32.30,1.01,,,,
07/05/26 23:10:00,32.46,0.71,,,,
07/05/26 23:15:00,32.61,0.51,,,,
07/05/26 23:20:00,32.61,0.38,,,,
07/05/26 23:25:00,32.69,0.26,,,,
07/05/26 23:30:00,32.61,0.18,,,,
07/05/26 23:35:00,32.77,0.12,,,,
07/05/26 23:40:00,32.69,0.08,,,,
07/05/26 23:45:00,32.84,0.06,,,,
07/05/26 23:50:00,32.92,0.04,,,,
07/05/26 23:55:00,32.84,0.02,,,,
07/06/26 00:00:00,32.77,0.02,,,,
07/06/26 00:05:00,32.84,0.00,,,,
07/06/26 00:10:00,32.77,0.00,,,,
07/06/26 00:15:00,32.84,0.00,,,,
07/06/26 00:20:00,32.84,0.00,,,,
07/06/26 00:25:00,33.00,0.00,,,,
07/06/26 00:30:00,32.77,0.00,,,,
07/06/26 00:35:00,32.69,0.00,,,,
07/06/26 00:40:00,32.69,0.00,,,,
07/06/26 00:45:00,32.77,0.00,,,,
07/06/26 00:50:00,32.84,0.00,,,,
07/06/26 00:55:00,32.69,0.00,,,,
07/06/26 01:00:00,32.77,0.00,,,,
07/06/26 01:05:00,32.69,0.00,,,,
07/06/26 01:10:00,32.54,0.00,,,,
07/06/26 01:15:00,32.61,0.00,,,,
07/06/26 01:20:00,32.61,0.00,,,,
07/06/26 01:25:00,32.54,0.00,,,,
07/06/26 01:30:00,32.54,0.00,,,,
07/06/26 01:35:00,32.38,0.00,,,,
07/06/26 01:40:00,32.54,0.00,,,,
07/06/26 01:45:00,32.84,0.00,,,,
07/06/26 01:50:00,33.00,0.00,,,,
07/06/26 01:55:00,33.08,0.00,,,,
07/06/26 02:00:00,32.92,0.02,,,,
07/06/26 02:05:00,32.69,0.02,,,,
07/06/26 02:10:00,32.46,0.04,,,,
07/06/26 02:15:00,32.30,0.06,,,,
07/06/26 02:20:00,32.38,0.08,,,,
07/06/26 02:25:00,32.30,0.10,,,,
07/06/26 02:30:00,32.30,0.16,,,,
07/06/26 02:35:00,32.38,0.22,,,,
07/06/26 02:40:00,32.23,0.32,,,,
07/06/26 02:45:00,32.23,0.43,,,,
07/06/26 02:50:00,32.15,0.65,,,,
07/06/26 02:55:00,32.23,0.97,,,,
07/06/26 03:00:00,32.23,1.41,,,,
07/06/26 03:05:00,32.15,1.95,,,,
07/06/26 03:10:00,32.23,2.47,,,,
07/06/26 03:15:00,32.23,3.39,,,,
07/06/26 03:20:00,32.15,4.78,,,,
07/06/26 03:25:00,32.15,6.96,,,,
07/06/26 03:30:00,32.23,9.32,,,,
07/06/26 03:35:00,32.30,12.66,,,,
07/06/26 03:40:00,32.38,17.21,,,,
07/06/26 03:45:00,32.46,23.17,,,,
07/06/26 03:50:00,32.54,29.46,,,,
07/06/26 03:55:00,32.61,37.98,,,,
07/06/26 04:00:00,32.69,48.03,,,,
07/06/26 04:05:00,33.00,54.40,,,,
07/06/26 04:10:00,33.08,60.83,,,,
07/06/26 04:15:00,33.08,79.79,,,,
07/06/26 04:20:00,33.00,115.23,,,,
07/06/26 04:25:00,33.08,133.84,,,,
07/06/26 04:30:00,33.46,127.00,,,,
07/06/26 04:35:00,33.38,142.52,,,,
07/06/26 04:40:00,33.69,150.13,,,,
07/06/26 04:45:00,33.77,155.36,,,,
07/06/26 04:50:00,33.85,168.86,,,,
07/06/26 04:55:00,33.85,194.49,,,,
07/06/26 05:00:00,34.00,260.54,,,,
07/06/26 05:05:00,34.31,377.32,,,,
07/06/26 05:10:00,34.54,488.74,,,,
07/06/26 05:15:00,34.85,593.86,,,,
07/06/26 05:20:00,34.93,627.87,,,,
07/06/26 05:25:00,34.93,653.80,,,,
07/06/26 05:30:00,34.93,664.50,,,,
07/06/26 05:35:00,35.08,766.05,,,,
07/06/26 05:40:00,35.55,1042.65,,,,
07/06/26 05:45:00,36.09,1261.45,,,,
07/06/26 05:50:00,36.78,1606.78,,,,
07/06/26 05:55:00,37.17,1745.68,,,,
07/06/26 06:00:00,37.48,1682.89,,,,
07/06/26 06:05:00,37.48,1671.95,,,,
07/06/26 06:10:00,37.55,1759.00,,,,
07/06/26 06:15:00,37.71,1808.94,,,,
07/06/26 06:20:00,37.48,1855.08,,,,
07/06/26 06:25:00,37.71,1864.12,,,,
07/06/26 06:30:00,38.02,2003.49,,,,
07/06/26 06:35:00,38.40,2269.86,,,,
07/06/26 06:40:00,38.87,2506.74,,,,
07/06/26 06:45:00,39.41,2634.21,,,,
07/06/26 06:50:00,39.56,2732.20,,,,
07/06/26 06:55:00,39.72,2706.51,,,,
07/06/26 07:00:00,39.49,2832.09,,,,
07/06/26 07:05:00,39.87,3041.38,,,,
07/06/26 07:10:00,40.41,3496.11,,,,
07/06/26 07:15:00,40.80,3697.79,,,,
07/06/26 07:20:00,41.11,3797.68,,,,
07/06/26 07:25:00,40.57,3645.47,,,,
07/06/26 07:30:00,40.41,3516.09,,,,
07/06/26 07:35:00,39.64,3381.00,,,,
07/06/26 07:40:00,39.64,3519.89,,,,
07/06/26 07:45:00,39.56,3637.86,,,,
07/06/26 07:50:00,39.64,3758.68,,,,
07/06/26 07:55:00,40.10,4124.94,,,,
07/06/26 08:00:00,40.64,4176.31,,,,
07/06/26 08:05:00,41.34,4456.00,,,,
07/06/26 08:10:00,41.42,4414.14,,,,
07/06/26 08:15:00,40.95,4134.45,,,,
07/06/26 08:20:00,41.03,4026.00,,,,
07/06/26 08:25:00,40.88,3921.35,,,,
07/06/26 08:30:00,40.80,4431.26,,,,
07/06/26 08:35:00,41.49,5036.30,,,,
07/06/26 08:40:00,42.50,5150.46,,,,
07/06/26 08:45:00,43.42,5342.63,,,,
07/06/26 08:50:00,43.58,5342.63,,,,
07/06/26 08:55:00,43.96,5494.84,,,,
07/06/26 09:00:00,44.74,6014.26,,,,
07/06/26 09:05:00,46.28,6621.21,,,,
07/06/26 09:10:00,48.44,7387.97,,,,
07/06/26 09:15:00,48.91,7152.04,,,,
07/06/26 09:20:00,46.90,6252.09,,,,
07/06/26 09:25:00,45.35,5841.12,,,,
07/06/26 09:30:00,44.81,5624.22,,,,
07/06/26 09:35:00,44.74,5854.44,,,,
07/06/26 09:40:00,44.12,5354.04,,,,
07/06/26 09:45:00,43.96,5879.17,,,,
07/06/26 09:50:00,44.66,6018.07,,,,
07/06/26 09:55:00,44.35,5673.69,,,,
07/06/26 10:00:00,43.50,5481.52,,,,
07/06/26 10:05:00,43.58,5780.24,,,,
07/06/26 10:10:00,43.42,5534.80,,,,
07/06/26 10:15:00,43.42,5498.65,,,,
07/06/26 10:20:00,43.27,5475.81,,,,
07/06/26 10:25:00,43.73,6137.93,,,,
07/06/26 10:30:00,44.58,6488.02,,,,
07/06/26 10:35:00,44.89,6769.61,,,,
07/06/26 10:40:00,45.82,7127.31,,,,
07/06/26 10:45:00,46.90,7405.10,,,,
07/06/26 10:50:00,48.52,7800.85,,,,
07/06/26 10:55:00,48.29,7020.76,,,,
07/06/26 11:00:00,47.98,6830.50,,,,
07/06/26 11:05:00,47.05,6718.24,,,,
07/06/26 11:10:00,48.29,7422.22,,,,
07/06/26 11:15:00,48.91,7192.00,,,,
07/06/26 11:20:00,47.98,6824.79,,,,
07/06/26 11:25:00,48.06,7159.65,,,,
07/06/26 11:30:00,49.76,7441.25,,,,
07/06/26 11:35:00,49.60,7176.78,,,,
07/06/26 11:40:00,48.75,7220.54,,,,
07/06/26 11:45:00,48.21,7157.75,,,,
07/06/26 11:50:00,47.52,6994.12,,,,
07/06/26 11:55:00,47.36,7100.67,,,,
07/06/26 12:00:00,47.28,7526.87,,,,
07/06/26 12:05:00,47.67,7646.73,,,,
07/06/26 12:10:00,47.90,7922.62,,,,
07/06/26 12:15:00,47.44,7831.29,,,,
07/06/26 12:20:00,47.67,8249.87,,,,
07/06/26 12:25:00,48.83,8626.59,,,,
07/06/26 12:30:00,49.83,8892.97,,,,
07/06/26 12:35:00,48.60,7724.74,,,,
07/06/26 12:40:00,48.83,8797.83,,,,
07/06/26 12:45:00,51.84,10053.58,,,,
07/06/26 12:50:00,52.00,9155.53,,,,
07/06/26 12:55:00,53.93,10080.22,,,,
07/06/26 13:00:00,55.08,10004.11,,,,
07/06/26 13:05:00,54.85,9037.57,,,,
07/06/26 13:10:00,54.31,8622.79,,,,
07/06/26 13:15:00,51.84,7604.87,,,,
07/06/26 13:20:00,51.38,7797.04,,,,
07/06/26 13:25:00,51.15,7486.91,,,,
07/06/26 13:30:00,50.06,7233.86,,,,
07/06/26 13:35:00,50.99,7656.25,,,,
07/06/26 13:40:00,51.38,7519.25,,,,
07/06/26 13:45:00,51.92,8021.55,,,,
07/06/26 13:50:00,51.92,8383.06,,,,
07/06/26 13:55:00,50.68,7783.72,,,,
07/06/26 14:00:00,50.06,7768.50,,,,
07/06/26 14:05:00,49.91,7403.19,,,,
07/06/26 14:10:00,49.14,7490.72,,,,
07/06/26 14:15:00,49.37,7658.15,,,,
07/06/26 14:20:00,48.98,7595.36,,,,
07/06/26 14:25:00,48.06,7313.77,,,,
07/06/26 14:30:00,47.59,7028.37,,,,
07/06/26 14:35:00,46.90,6824.79,,,,
07/06/26 14:40:00,47.05,6978.90,,,,
07/06/26 14:45:00,47.83,7275.72,,,,
07/06/26 14:50:00,47.83,7081.65,,,,
07/06/26 14:55:00,47.28,7098.77,,,,
07/06/26 15:00:00,47.21,7214.83,,,,
07/06/26 15:05:00,46.98,7479.30,,,,
07/06/26 15:10:00,46.98,7755.18,,,,
07/06/26 15:15:00,49.37,8249.87,,,,
07/06/26 15:20:00,50.61,8523.85,,,,
07/06/26 15:25:00,51.53,8287.92,,,,
07/06/26 15:30:00,50.45,7679.08,,,,
07/06/26 15:35:00,49.68,7228.15,,,,
07/06/26 15:40:00,49.68,7494.52,,,,
07/06/26 15:45:00,51.30,8249.87,,,,
07/06/26 15:50:00,50.68,6878.06,,,,
07/06/26 15:55:00,49.52,6609.79,,,,
07/06/26 16:00:00,49.99,6860.94,,,,
07/06/26 16:05:00,49.60,6117.01,,,,
07/06/26 16:10:00,49.99,6312.98,,,,
07/06/26 16:15:00,48.83,5953.38,,,,
07/06/26 16:20:00,46.59,5418.73,,,,
07/06/26 16:25:00,46.13,5237.98,,,,
07/06/26 16:30:00,44.12,4522.59,,,,
07/06/26 16:35:00,44.35,5066.74,,,,
07/06/26 16:40:00,46.74,5671.79,,,,
07/06/26 16:45:00,48.13,5456.79,,,,
07/06/26 16:50:00,47.13,4549.23,,,,
07/06/26 16:55:00,47.13,4771.83,,,,
07/06/26 17:00:00,47.13,4528.30,,,,
07/06/26 17:05:00,48.06,5768.82,,,,
07/06/26 17:10:00,47.13,5298.87,,,,
07/06/26 17:15:00,45.59,4735.68,,,,
07/06/26 17:20:00,46.44,4885.99,,,,
07/06/26 17:25:00,46.44,3965.11,,,,
07/06/26 17:30:00,44.20,3961.31,,,,
07/06/26 17:35:00,44.66,4170.60,,,,
07/06/26 17:40:00,44.50,4033.61,,,,
07/06/26 17:45:00,44.97,4566.35,,,,
07/06/26 17:50:00,47.21,4857.45,,,,
07/06/26 17:55:00,47.21,4206.75,,,,
07/06/26 18:00:00,46.20,3671.15,,,,
07/06/26 18:05:00,43.58,2985.25,,,,
07/06/26 18:10:00,41.65,2848.26,,,,
07/06/26 18:15:00,41.49,2885.36,,,,
07/06/26 18:20:00,41.72,2940.54,,,,
07/06/26 18:25:00,41.11,2608.53,,,,
07/06/26 18:30:00,41.57,2951.00,,,,
07/06/26 18:35:00,43.27,3915.64,,,,
07/06/26 18:40:00,46.20,4788.96,,,,
07/06/26 18:45:00,44.50,3309.65,,,,
07/06/26 18:50:00,42.34,2802.60,,,,
07/06/26 18:55:00,41.26,2445.85,,,,
07/06/26 19:00:00,40.72,2377.36,,,,
07/06/26 19:05:00,39.95,1963.53,,,,
07/06/26 19:10:00,38.94,1748.53,,,,
07/06/26 19:15:00,39.10,2084.35,,,,
07/06/26 19:20:00,39.64,2164.26,,,,
07/06/26 19:25:00,39.10,1758.04,,,,
07/06/26 19:30:00,38.56,1557.32,,,,
07/06/26 19:35:00,38.02,1448.86,,,,
07/06/26 19:40:00,37.79,1338.51,,,,
07/06/26 19:45:00,37.32,1105.44,,,,
07/06/26 19:50:00,37.25,1147.30,,,,
07/06/26 19:55:00,37.09,1060.72,,,,
07/06/26 20:00:00,37.01,906.61,,,,
07/06/26 20:05:00,36.71,889.01,,,,
07/06/26 20:10:00,36.55,819.80,,,,
07/06/26 20:15:00,36.55,747.50,,,,
07/06/26 20:20:00,36.40,642.38,,,,
07/06/26 20:25:00,36.09,560.33,,,,
07/06/26 20:30:00,35.86,509.67,,,,
07/06/26 20:35:00,36.01,635.96,,,,
07/06/26 20:40:00,36.16,615.74,,,,
07/06/26 20:45:00,36.01,451.40,,,,
07/06/26 20:50:00,35.70,381.36,,,,
07/06/26 20:55:00,35.62,388.97,,,,
07/06/26 21:00:00,35.70,378.86,,,,
07/06/26 21:05:00,35.62,385.52,,,,
07/06/26 21:10:00,35.62,355.44,,,,
07/06/26 21:15:00,35.47,295.39,,,,
07/06/26 21:20:00,35.24,268.15,,,,
07/06/26 21:25:00,35.24,227.13,,,,
07/06/26 21:30:00,35.01,186.28,,,,
07/06/26 21:35:00,34.85,158.34,,,,
07/06/26 21:40:00,34.85,116.89,,,,
07/06/26 21:45:00,35.08,105.09,,,,
07/06/26 21:50:00,35.16,92.96,,,,
07/06/26 21:55:00,34.93,66.65,,,,
07/06/26 22:00:00,34.85,50.88,,,,
07/06/26 22:05:00,35.01,40.62,,,,
07/06/26 22:10:00,34.93,30.72,,,,
07/06/26 22:15:00,34.77,24.69,,,,
07/06/26 22:20:00,34.62,19.20,,,,
07/06/26 22:25:00,34.85,14.25,,,,
07/06/26 22:30:00,34.77,10.28,,,,
07/06/26 22:35:00,35.01,7.24,,,,
07/06/26 22:40:00,34.85,4.91,,,,
07/06/26 22:45:00,34.85,3.28,,,,
07/06/26 22:50:00,34.62,2.46,,,,
07/06/26 22:55:00,34.47,1.73,,,,
07/06/26 23:00:00,34.54,1.15,,,,
07/06/26 23:05:00,34.54,0.75,,,,
07/06/26 23:10:00,34.54,0.55,,,,
07/06/26 23:15:00,34.54,0.40,,,,
07/06/26 23:20:00,34.70,0.30,,,,
07/06/26 23:25:00,35.16,0.18,,,,
07/06/26 23:30:00,34.93,0.12,,,,
07/06/26 23:35:00,34.00,0.06,,,,
07/06/26 23:40:00,32.77,0.06,,,,
07/06/26 23:45:00,32.54,0.04,,,,
07/06/26 23:50:00,32.38,0.02,,,,
07/06/26 23:55:00,32.38,0.00,,,,
07/07/26 00:00:00,32.38,0.00,,,,
07/07/26 00:05:00,32.38,0.00,,,,
07/07/26 00:10:00,32.46,0.00,,,,
07/07/26 00:15:00,32.46,0.00,,,,
07/07/26 00:20:00,32.46,0.00,,,,
07/07/26 00:25:00,32.61,0.00,,,,
07/07/26 00:30:00,32.84,0.00,,,,
07/07/26 00:35:00,33.08,0.00,,,,
07/07/26 00:40:00,33.15,0.00,,,,
07/07/26 00:45:00,33.15,0.00,,,,
07/07/26 00:50:00,33.23,0.00,,,,
07/07/26 00:55:00,33.15,0.00,,,,
07/07/26 01:00:00,33.08,0.00,,,,
07/07/26 01:05:00,33.00,0.00,,,,
07/07/26 01:10:00,33.15,0.00,,,,
07/07/26 01:15:00,33.00,0.00,,,,
07/07/26 01:20:00,33.08,0.00,,,,
07/07/26 01:25:00,33.00,0.00,,,,
07/07/26 01:30:00,32.84,0.00,,,,
07/07/26 01:35:00,32.61,0.00,,,,
07/07/26 01:40:00,32.61,0.00,,,,
07/07/26 01:45:00,32.61,0.00,,,,
07/07/26 01:50:00,33.54,0.00,,,,
07/07/26 01:55:00,33.54,0.00,,,,
07/07/26 02:00:00,33.31,0.00,,,,
07/07/26 02:05:00,33.31,0.02,,,,
07/07/26 02:10:00,33.46,0.04,,,,
07/07/26 02:15:00,33.54,0.04,,,,
07/07/26 02:20:00,33.54,0.10,,,,
07/07/26 02:25:00,34.00,0.10,,,,
07/07/26 02:30:00,33.77,0.16,,,,
07/07/26 02:35:00,33.54,0.24,,,,
07/07/26 02:40:00,33.54,0.32,,,,
07/07/26 02:45:00,33.62,0.36,,,,
07/07/26 02:50:00,33.69,0.47,,,,
07/07/26 02:55:00,33.77,0.65,,,,
07/07/26 03:00:00,33.15,0.99,,,,
07/07/26 03:05:00,32.77,1.39,,,,
07/07/26 03:10:00,32.77,1.81,,,,
07/07/26 03:15:00,33.08,2.61,,,,
07/07/26 03:20:00,32.61,4.18,,,,
07/07/26 03:25:00,32.23,6.12,,,,
07/07/26 03:30:00,32.30,8.29,,,,
07/07/26 03:35:00,32.54,11.55,,,,
07/07/26 03:40:00,32.84,16.97,,,,
07/07/26 03:45:00,32.84,24.13,,,,
07/07/26 03:50:00,32.92,30.20,,,,
07/07/26 03:55:00,33.08,36.79,,,,
07/07/26 04:00:00,33.38,41.41,,,,
07/07/26 04:05:00,33.31,50.49,,,,
07/07/26 04:10:00,32.61,59.64,,,,
07/07/26 04:15:00,32.23,78.51,,,,
07/07/26 04:20:00,32.07,98.28,,,,
07/07/26 04:25:00,32.15,105.42,,,,
07/07/26 04:30:00,32.15,118.56,,,,
07/07/26 04:35:00,32.00,147.40,,,,
07/07/26 04:40:00,31.76,144.42,,,,
07/07/26 04:45:00,31.45,154.29,,,,
07/07/26 04:50:00,31.38,175.64,,,,
07/07/26 04:55:00,31.38,214.76,,,,
07/07/26 05:00:00,31.45,262.57,,,,
07/07/26 05:05:00,31.30,250.91,,,,
07/07/26 05:10:00,31.07,250.20,,,,
07/07/26 05:15:00,30.84,267.68,,,,
07/07/26 05:20:00,30.76,317.27,,,,
07/07/26 05:25:00,31.07,508.96,,,,
07/07/26 05:30:00,32.61,1181.54,,,,
07/07/26 05:35:00,33.23,992.23,,,,
07/07/26 05:40:00,32.92,902.33,,,,
07/07/26 05:45:00,33.69,970.11,,,,
07/07/26 05:50:00,32.30,681.62,,,,
07/07/26 05:55:00,32.54,1375.61,,,,
07/07/26 06:00:00,34.85,1551.13,,,,
07/07/26 06:05:00,33.54,1154.91,,,,
07/07/26 06:10:00,33.00,900.90,,,,
07/07/26 06:15:00,33.08,835.02,,,,
07/07/26 06:20:00,33.15,744.41,,,,
07/07/26 06:25:00,32.77,657.60,,,,
07/07/26 06:30:00,34.54,2134.77,,,,
07/07/26 06:35:00,36.94,2263.20,,,,
07/07/26 06:40:00,39.64,2835.89,,,,
07/07/26 06:45:00,42.19,3095.60,,,,
07/07/26 06:50:00,44.66,3247.82,,,,
07/07/26 06:55:00,47.83,3714.92,,,,
07/07/26 07:00:00,50.06,3878.54,,,,
07/07/26 07:05:00,52.38,3980.33,,,,
07/07/26 07:10:00,53.00,4092.59,,,,
07/07/26 07:15:00,52.54,4199.14,,,,
07/07/26 07:20:00,53.62,4338.03,,,,
07/07/26 07:25:00,54.00,4438.87,,,,
07/07/26 07:30:00,54.54,4572.06,,,,
07/07/26 07:35:00,54.78,4796.57,,,,
07/07/26 07:40:00,55.39,5422.54,,,,
07/07/26 07:45:00,53.31,5352.14,,,,
07/07/26 07:50:00,60.95,3865.22,,,,
07/07/26 07:55:00,54.85,5144.75,,,,
07/07/26 08:00:00,65.35,7070.23,,,,
07/07/26 08:05:00,63.89,4246.70,,,,
07/07/26 08:10:00,61.42,5993.33,,,,
07/07/26 08:15:00,61.34,5102.90,,,,
07/07/26 08:20:00,59.02,6307.27,,,,
07/07/26 08:25:00,59.33,6550.81,,,,
07/07/26 08:30:00,59.33,6489.92,,,,
07/07/26 08:35:00,62.81,6455.68,,,,
07/07/26 08:40:00,64.58,7578.24,,,,
07/07/26 08:45:00,59.41,5085.77,,,,
07/07/26 08:50:00,60.41,7129.21,,,,
07/07/26 08:55:00,62.81,8036.77,,,,
07/07/26 09:00:00,55.70,3408.59,,,,
07/07/26 09:05:00,49.45,3806.24,,,,
07/07/26 09:10:00,50.76,4319.01,,,,
07/07/26 09:15:00,50.84,4003.17,,,,
07/07/26 09:20:00,53.62,8379.25,,,,
07/07/26 09:25:00,66.28,11039.15,,,,
07/07/26 09:30:00,64.50,7273.81,,,,
07/07/26 09:35:00,66.67,9151.72,,,,
07/07/26 09:40:00,60.95,3955.60,,,,
07/07/26 09:45:00,62.96,8112.88,,,,
07/07/26 09:50:00,64.04,8036.77,,,,
07/07/26 09:55:00,62.57,9128.89,,,,
07/07/26 10:00:00,64.58,8386.86,,,,
07/07/26 10:05:00,64.35,4549.23,,,,
07/07/26 10:10:00,64.04,7077.84,,,,
07/07/26 10:15:00,68.13,5707.94,,,,
07/07/26 10:20:00,74.00,11792.60,,,,
07/07/26 10:25:00,70.22,11221.80,,,,
07/07/26 10:30:00,59.64,7532.57,,,,
07/07/26 10:35:00,58.64,7724.74,,,,
07/07/26 10:40:00,61.88,8676.06,,,,
07/07/26 10:45:00,63.19,8550.49,,,,
07/07/26 10:50:00,64.12,8706.51,,,,
07/07/26 10:55:00,64.27,8976.68,,,,
07/07/26 11:00:00,62.96,8740.75,,,,
07/07/26 11:05:00,63.81,8824.47,,,,
07/07/26 11:10:00,64.74,9125.09,,,,
07/07/26 11:15:00,65.74,9311.55,,,,
07/07/26 11:20:00,66.59,9273.49,,,,
07/07/26 11:25:00,68.37,9730.13,,,,
07/07/26 11:30:00,63.11,6337.71,,,,
07/07/26 11:35:00,61.03,7768.50,,,,
07/07/26 11:40:00,70.37,9958.45,,,,
07/07/26 11:45:00,72.07,9087.03,,,,
07/07/26 11:50:00,74.16,9007.12,,,,
07/07/26 11:55:00,75.62,9029.96,,,,
07/07/26 12:00:00,83.66,9083.23,,,,
07/07/26 12:05:00,86.20,9349.60,,,,
07/07/26 12:10:00,83.12,9840.48,,,,
07/07/26 12:15:00,81.73,9775.79,,,,
07/07/26 12:20:00,79.95,6227.36,,,,
07/07/26 12:25:00,96.78,13927.37,,,,
07/07/26 12:30:00,101.26,12104.63,,,,
07/07/26 12:35:00,95.55,8002.53,,,,
07/07/26 12:40:00,83.73,6444.26,,,,
07/07/26 12:45:00,80.41,6670.68,,,,
07/07/26 12:50:00,81.42,7876.95,,,,
07/07/26 12:55:00,77.40,8265.09,,,,
07/07/26 13:00:00,68.75,8337.39,,,,
07/07/26 13:05:00,62.19,8976.68,,,,
07/07/26 13:10:00,60.57,9212.61,,,,
07/07/26 13:15:00,60.34,8055.80,,,,
07/07/26 13:20:00,54.31,7138.73,,,,
07/07/26 13:25:00,54.93,8736.95,,,,
07/07/26 13:30:00,55.86,7642.93,,,,
07/07/26 13:35:00,53.31,6807.67,,,,
07/07/26 13:40:00,51.53,6596.47,,,,
07/07/26 13:45:00,50.68,6847.62,,,,
07/07/26 13:50:00,51.22,7150.14,,,,
07/07/26 13:55:00,51.45,7250.98,,,,
07/07/26 14:00:00,48.98,7190.10,,,,
07/07/26 14:05:00,49.60,7058.81,,,,
07/07/26 14:10:00,51.76,7389.88,,,,
07/07/26 14:15:00,54.93,8386.86,,,,
07/07/26 14:20:00,56.86,8306.95,,,,
07/07/26 14:25:00,57.32,7753.28,,,,
07/07/26 14:30:00,55.78,6394.79,,,,
07/07/26 14:35:00,56.55,9676.85,,,,
07/07/26 14:40:00,58.17,7456.47,,,,
07/07/26 14:45:00,55.70,5862.05,,,,
07/07/26 14:50:00,55.24,6701.12,,,,
07/07/26 14:55:00,56.94,8440.14,,,,
07/07/26 15:00:00,55.86,6375.77,,,,
07/07/26 15:05:00,60.80,8900.58,,,,
07/07/26 15:10:00,61.96,8227.04,,,,
07/07/26 15:15:00,61.49,5953.38,,,,
07/07/26 15:20:00,59.25,6061.83,,,,
07/07/26 15:25:00,57.17,6040.90,,,,
07/07/26 15:30:00,53.31,5662.27,,,,
07/07/26 15:35:00,56.24,6769.61,,,,
07/07/26 15:40:00,58.33,6448.07,,,,
07/07/26 15:45:00,58.17,5810.68,,,,
07/07/26 15:50:00,54.16,5399.71,,,,
07/07/26 15:55:00,62.11,8923.41,,,,
07/07/26 16:00:00,62.96,7922.62,,,,
07/07/26 16:05:00,60.34,8379.25,,,,
07/07/26 16:10:00,55.39,5919.13,,,,
07/07/26 16:15:00,61.96,6978.90,,,,
07/07/26 16:20:00,60.95,6925.63,,,,
07/07/26 16:25:00,58.25,5374.97,,,,
07/07/26 16:30:00,58.25,7426.03,,,,
07/07/26 16:35:00,58.95,6457.58,,,,
07/07/26 16:40:00,52.00,4343.74,,,,
07/07/26 16:45:00,50.84,4952.59,,,,
07/07/26 16:50:00,47.28,4115.42,,,,
07/07/26 16:55:00,48.83,5909.62,,,,
07/07/26 17:00:00,52.23,5835.41,,,,
07/07/26 17:05:00,51.07,5818.29,,,,
07/07/26 17:10:00,50.30,5747.89,,,,
07/07/26 17:15:00,48.98,4450.29,,,,
07/07/26 17:20:00,49.14,5586.17,,,,
07/07/26 17:25:00,47.67,4901.21,,,,
07/07/26 17:30:00,51.15,7456.47,,,,
07/07/26 17:35:00,51.38,4975.42,,,,
07/07/26 17:40:00,53.93,7488.81,,,,
07/07/26 17:45:00,55.01,4526.39,,,,
07/07/26 17:50:00,52.00,5026.79,,,,
07/07/26 17:55:00,50.45,4263.83,,,,
07/07/26 18:00:00,49.60,3874.74,,,,
07/07/26 18:05:00,47.36,3611.22,,,,
07/07/26 18:10:00,47.13,3430.47,,,,
07/07/26 18:15:00,47.13,3797.68,,,,
07/07/26 18:20:00,46.74,3313.46,,,,
07/07/26 18:25:00,45.97,3342.95,,,,
07/07/26 18:30:00,45.35,2800.69,,,,
07/07/26 18:35:00,46.82,3915.64,,,,
07/07/26 18:40:00,49.68,3767.24,,,,
07/07/26 18:45:00,47.44,2687.49,,,,
07/07/26 18:50:00,44.35,2459.17,,,,
07/07/26 18:55:00,42.19,2108.13,,,,
07/07/26 19:00:00,40.95,1940.22,,,,
07/07/26 19:05:00,39.49,1753.76,,,,
07/07/26 19:10:00,39.72,1916.44,,,,
07/07/26 19:15:00,39.95,1765.66,,,,
07/07/26 19:20:00,41.96,2510.54,,,,
07/07/26 19:25:00,47.36,3726.33,,,,
07/07/26 19:30:00,50.22,3760.58,,,,
07/07/26 19:35:00,51.61,3774.85,,,,
07/07/26 19:40:00,51.15,3324.87,,,,
07/07/26 19:45:00,49.60,3140.32,,,,
07/07/26 19:50:00,45.05,2087.20,,,,
07/07/26 19:55:00,41.80,2631.36,,,,
07/07/26 20:00:00,38.56,1549.70,,,,
07/07/26 20:05:00,35.86,1341.84,,,,
07/07/26 20:10:00,36.86,1427.94,,,,
07/07/26 20:15:00,35.78,1534.48,,,,
07/07/26 20:20:00,37.09,1941.17,,,,
07/07/26 20:25:00,40.57,2263.20,,,,
07/07/26 20:30:00,39.56,1398.92,,,,
07/07/26 20:35:00,37.25,1064.53,,,,
07/07/26 20:40:00,35.86,978.91,,,,
07/07/26 20:45:00,34.54,702.08,,,,
07/07/26 20:50:00,33.62,548.91,,,,
07/07/26 20:55:00,32.92,455.80,,,,
07/07/26 21:00:00,32.15,380.17,,,,
07/07/26 21:05:00,31.22,336.05,,,,
07/07/26 21:10:00,30.53,328.21,,,,
07/07/26 21:15:00,30.14,287.18,,,,
07/07/26 21:20:00,30.22,354.13,,,,
07/07/26 21:25:00,30.37,303.47,,,,
07/07/26 21:30:00,30.30,254.95,,,,
07/07/26 21:35:00,30.30,218.57,,,,
07/07/26 21:40:00,30.14,162.32,,,,
07/07/26 21:45:00,29.99,123.55,,,,
07/07/26 21:50:00,30.06,103.58,,,,
07/07/26 21:55:00,29.99,80.62,,,,
07/07/26 22:00:00,29.83,64.30,,,,
07/07/26 22:05:00,29.68,48.19,,,,
07/07/26 22:10:00,29.60,36.58,,,,
07/07/26 22:15:00,29.60,26.61,,,,
07/07/26 22:20:00,29.60,20.23,,,,
07/07/26 22:25:00,29.68,14.27,,,,
07/07/26 22:30:00,29.68,10.04,,,,
07/07/26 22:35:00,29.60,7.09,,,,
07/07/26 22:40:00,29.76,5.21,,,,
07/07/26 22:45:00,29.76,3.66,,,,
07/07/26 22:50:00,29.68,2.60,,,,
07/07/26 22:55:00,29.68,1.83,,,,
07/07/26 23:00:00,29.68,1.47,,,,
07/07/26 23:05:00,29.60,1.11,,,,
07/07/26 23:10:00,29.52,0.73,,,,
07/07/26 23:15:00,29.37,0.53,,,,
07/07/26 23:20:00,29.45,0.38,,,,
07/07/26 23:25:00,29.68,0.26,,,,
07/07/26 23:30:00,29.76,0.16,,,,
07/07/26 23:35:00,29.91,0.10,,,,
07/07/26 23:40:00,29.99,0.08,,,,
07/07/26 23:45:00,30.06,0.06,,,,
07/07/26 23:50:00,30.06,0.04,,,,
07/07/26 23:55:00,30.06,0.04,,,,
07/08/26 00:00:00,30.14,0.02,,,,
07/08/26 00:05:00,30.14,0.02,,,,
07/08/26 00:10:00,30.30,0.00,,,,
07/08/26 00:15:00,30.22,0.00,,,,
07/08/26 00:20:00,30.22,0.00,,,,
07/08/26 00:25:00,30.22,0.00,,,,
07/08/26 00:30:00,30.30,0.00,,,,
07/08/26 00:35:00,30.22,0.00,,,,
07/08/26 00:40:00,30.06,0.00,,,,
07/08/26 00:45:00,30.14,0.00,,,,
07/08/26 00:50:00,30.14,0.00,,,,
07/08/26 00:55:00,30.14,0.00,,,,
07/08/26 01:00:00,30.06,0.00,,,,
07/08/26 01:05:00,29.99,0.00,,,,
07/08/26 01:10:00,30.06,0.00,,,,
07/08/26 01:15:00,29.99,0.00,,,,
07/08/26 01:20:00,29.68,0.00,,,,
07/08/26 01:25:00,29.68,0.00,,,,
07/08/26 01:30:00,29.45,0.00,,,,
07/08/26 01:35:00,29.52,0.00,,,,
07/08/26 01:40:00,29.76,0.00,,,,
07/08/26 01:45:00,29.99,0.00,,,,
07/08/26 01:50:00,30.14,0.00,,,,
07/08/26 01:55:00,30.14,0.00,,,,
07/08/26 02:00:00,30.06,0.00,,,,
07/08/26 02:05:00,30.06,0.00,,,,
07/08/26 02:10:00,30.06,0.02,,,,
07/08/26 02:15:00,29.83,0.04,,,,
07/08/26 02:20:00,29.83,0.10,,,,
07/08/26 02:25:00,29.68,0.08,,,,
07/08/26 02:30:00,29.60,0.12,,,,
07/08/26 02:35:00,29.29,0.16,,,,
07/08/26 02:40:00,28.67,0.26,,,,
07/08/26 02:45:00,29.29,0.36,,,,
07/08/26 02:50:00,29.52,0.43,,,,
07/08/26 02:55:00,29.68,0.61,,,,
07/08/26 03:00:00,29.83,0.87,,,,
07/08/26 03:05:00,29.76,1.23,,,,
07/08/26 03:10:00,29.68,1.63,,,,
07/08/26 03:15:00,29.60,2.23,,,,
07/08/26 03:20:00,29.52,3.39,,,,
07/08/26 03:25:00,29.45,5.13,,,,
07/08/26 03:30:00,29.52,7.41,,,,
07/08/26 03:35:00,29.14,11.07,,,,
07/08/26 03:40:00,29.14,14.74,,,,
07/08/26 03:45:00,29.14,19.66,,,,
07/08/26 03:50:00,29.29,26.45,,,,
07/08/26 03:55:00,29.29,36.22,,,,
07/08/26 04:00:00,29.14,45.77,,,,
07/08/26 04:05:00,29.22,58.61,,,,
07/08/26 04:10:00,28.98,76.14,,,,
07/08/26 04:15:00,29.14,91.86,,,,
07/08/26 04:20:00,29.22,107.62,,,,
07/08/26 04:25:00,29.29,118.17,,,,
07/08/26 04:30:00,29.37,142.70,,,,
07/08/26 04:35:00,29.52,184.38,,,,
07/08/26 04:40:00,29.68,208.46,,,,
07/08/26 04:45:00,29.68,217.97,,,,
07/08/26 04:50:00,29.68,266.73,,,,
07/08/26 04:55:00,29.76,326.30,,,,
07/08/26 05:00:00,29.91,342.48,,,,
07/08/26 05:05:00,29.99,380.17,,,,
07/08/26 05:10:00,29.99,402.05,,,,
07/08/26 05:15:00,29.91,442.25,,,,
07/08/26 05:20:00,29.91,421.67,,,,
07/08/26 05:25:00,29.91,428.33,,,,
07/08/26 05:30:00,29.83,530.36,,,,
07/08/26 05:35:00,30.22,613.60,,,,
07/08/26 05:40:00,30.45,695.65,,,,
07/08/26 05:45:00,30.61,793.17,,,,
07/08/26 05:50:00,30.76,831.93,,,,
07/08/26 05:55:00,30.91,956.08,,,,
07/08/26 06:00:00,31.53,1232.91,,,,
07/08/26 06:05:00,31.76,1166.80,,,,
07/08/26 06:10:00,32.00,1292.37,,,,
07/08/26 06:15:00,31.92,1364.20,,,,
07/08/26 06:20:00,33.23,2256.54,,,,
07/08/26 06:25:00,34.77,2573.33,,,,
07/08/26 06:30:00,34.77,2379.26,,,,
07/08/26 06:35:00,35.24,2531.47,,,,
07/08/26 06:40:00,35.70,2160.45,,,,
07/08/26 06:45:00,36.32,2733.15,,,,
07/08/26 06:50:00,34.47,1707.62,,,,
07/08/26 06:55:00,34.31,2440.14,,,,
07/08/26 07:00:00,34.31,2117.64,,,,
07/08/26 07:05:00,34.93,2497.22,,,,
07/08/26 07:10:00,35.32,2428.73,,,,
07/08/26 07:15:00,33.85,1923.10,,,,
07/08/26 07:20:00,33.85,2207.07,,,,
07/08/26 07:25:00,33.54,2188.99,,,,
07/08/26 07:30:00,33.54,2309.81,,,,
07/08/26 07:35:00,33.69,2426.82,,,,
07/08/26 07:40:00,34.00,2697.95,,,,
07/08/26 07:45:00,35.01,3003.33,,,,
07/08/26 07:50:00,34.85,2920.56,,,,
07/08/26 07:55:00,35.70,3684.47,,,,
07/08/26 08:00:00,36.24,3587.44,,,,
07/08/26 08:05:00,36.24,3492.31,,,,
07/08/26 08:10:00,35.86,3377.20,,,,
07/08/26 08:15:00,35.55,3663.54,,,,
07/08/26 08:20:00,37.17,4212.46,,,,
07/08/26 08:25:00,38.40,4661.48,,,,
07/08/26 08:30:00,38.71,4459.80,,,,
07/08/26 08:35:00,38.87,4682.41,,,,
07/08/26 08:40:00,40.64,5820.19,,,,
07/08/26 08:45:00,42.34,6006.65,,,,
07/08/26 08:50:00,39.56,4174.40,,,,
07/08/26 08:55:00,41.42,6305.37,,,,
07/08/26 09:00:00,42.34,5719.35,,,,
07/08/26 09:05:00,42.11,5934.35,,,,
07/08/26 09:10:00,41.18,5582.36,,,,
07/08/26 09:15:00,43.11,7113.99,,,,
07/08/26 09:20:00,44.50,6860.94,,,,
07/08/26 09:25:00,43.50,6191.21,,,,
07/08/26 09:30:00,40.10,4929.75,,,,
07/08/26 09:35:00,41.57,6351.03,,,,
07/08/26 09:40:00,43.96,7473.59,,,,
07/08/26 09:45:00,47.67,9258.27,,,,
07/08/26 09:50:00,50.14,9471.37,,,,
07/08/26 09:55:00,45.89,6830.50,,,,
07/08/26 10:00:00,42.03,6014.26,,,,
07/08/26 10:05:00,43.89,7547.79,,,,
07/08/26 10:10:00,47.21,8653.23,,,,
07/08/26 10:15:00,46.36,7427.93,,,,
07/08/26 10:20:00,46.05,7437.44,,,,
07/08/26 10:25:00,45.05,7051.20,,,,
07/08/26 10:30:00,44.66,7032.18,,,,
07/08/26 10:35:00,44.81,6817.18,,,,
07/08/26 10:40:00,44.12,6832.40,,,,
07/08/26 10:45:00,43.81,7074.04,,,,
07/08/26 10:50:00,45.05,7494.52,,,,
07/08/26 10:55:00,45.51,7283.33,,,,
07/08/26 11:00:00,45.20,7142.53,,,,
07/08/26 11:05:00,46.44,7964.47,,,,
07/08/26 11:10:00,51.76,11160.92,,,,
07/08/26 11:15:00,58.10,12987.46,,,,
07/08/26 11:20:00,55.16,9109.87,,,,
07/08/26 11:25:00,56.40,10917.38,,,,
07/08/26 11:30:00,57.25,9935.61,,,,
07/08/26 11:35:00,52.84,8124.30,,,,
07/08/26 11:40:00,50.61,7888.37,,,,
07/08/26 11:45:00,48.91,7816.07,,,,
07/08/26 11:50:00,49.37,7884.56,,,,
07/08/26 11:55:00,48.91,7779.92,,,,
07/08/26 12:00:00,48.67,7808.46,,,,
07/08/26 12:05:00,47.75,7719.03,,,,
07/08/26 12:10:00,47.05,7543.99,,,,
07/08/26 12:15:00,46.59,7602.97,,,,
07/08/26 12:20:00,47.28,7880.76,,,,
07/08/26 12:25:00,49.29,8748.36,,,,
07/08/26 12:30:00,50.91,9174.56,,,,
07/08/26 12:35:00,50.91,8877.74,,,,
07/08/26 12:40:00,50.53,8676.06,,,,
07/08/26 12:45:00,50.53,8691.28,,,,
07/08/26 12:50:00,49.83,8345.00,,,,
07/08/26 12:55:00,49.29,8154.74,,,,
07/08/26 13:00:00,49.14,8044.39,,,,
07/08/26 13:05:00,48.67,7998.72,,,,
07/08/26 13:10:00,49.14,7953.06,,,,
07/08/26 13:15:00,49.37,7797.04,,,,
07/08/26 13:20:00,50.30,7895.98,,,,
07/08/26 13:25:00,51.22,8588.54,,,,
07/08/26 13:30:00,54.08,10346.59,,,,
07/08/26 13:35:00,53.54,8991.90,,,,
07/08/26 13:40:00,49.76,7296.65,,,,
07/08/26 13:45:00,51.45,8854.91,,,,
07/08/26 13:50:00,53.62,9395.26,,,,
07/08/26 13:55:00,60.41,12652.59,,,,
07/08/26 14:00:00,62.19,12842.86,,,,
07/08/26 14:05:00,59.18,8969.07,,,,
07/08/26 14:10:00,54.85,8763.59,,,,
07/08/26 14:15:00,52.23,6779.13,,,,
07/08/26 14:20:00,53.08,9113.67,,,,
07/08/26 14:25:00,53.85,8436.33,,,,
07/08/26 14:30:00,50.53,7793.24,,,,
07/08/26 14:35:00,51.76,8584.74,,,,
07/08/26 14:40:00,51.22,8337.39,,,,
07/08/26 14:45:00,51.15,8599.96,,,,
07/08/26 14:50:00,50.76,8154.74,,,,
07/08/26 14:55:00,49.91,7779.92,,,,
07/08/26 15:00:00,50.14,8223.23,,,,
07/08/26 15:05:00,50.68,8413.50,,,,
07/08/26 15:10:00,50.91,8470.58,,,,
07/08/26 15:15:00,50.14,8128.10,,,,
07/08/26 15:20:00,47.67,6488.02,,,,
07/08/26 15:25:00,44.35,5574.75,,,,
07/08/26 15:30:00,43.04,5304.58,,,,
07/08/26 15:35:00,42.81,5228.47,,,,
07/08/26 15:40:00,42.88,5281.74,,,,
07/08/26 15:45:00,42.88,5304.58,,,,
07/08/26 15:50:00,44.20,5825.90,,,,
07/08/26 15:55:00,44.43,5953.38,,,,
07/08/26 16:00:00,44.81,6094.17,,,,
07/08/26 16:05:00,45.82,6830.50,,,,
07/08/26 16:10:00,47.98,8915.80,,,,
07/08/26 16:15:00,48.13,6604.08,,,,
07/08/26 16:20:00,48.60,5753.60,,,,
07/08/26 16:25:00,46.44,5028.69,,,,
07/08/26 16:30:00,44.58,4891.70,,,,
07/08/26 16:35:00,44.81,4651.97,,,,
07/08/26 16:40:00,49.37,8364.03,,,,
07/08/26 16:45:00,47.28,8025.36,,,,
07/08/26 16:50:00,45.05,5009.67,,,,
07/08/26 16:55:00,44.97,5247.50,,,,
07/08/26 17:00:00,45.74,5548.11,,,,
07/08/26 17:05:00,47.44,9619.78,,,,
07/08/26 17:10:00,48.29,6741.07,,,,
07/08/26 17:15:00,45.74,5588.07,,,,
07/08/26 17:20:00,45.05,4615.82,,,,
07/08/26 17:25:00,44.66,4556.84,,,,
07/08/26 17:30:00,43.50,4476.92,,,,
07/08/26 17:35:00,41.80,4161.09,,,,
07/08/26 17:40:00,41.88,4446.48,,,,
07/08/26 17:45:00,42.27,5154.27,,,,
07/08/26 17:50:00,41.72,3923.26,,,,
07/08/26 17:55:00,41.42,3812.90,,,,
07/08/26 18:00:00,41.42,3857.61,,,,
07/08/26 18:05:00,41.49,3850.95,,,,
07/08/26 18:10:00,41.72,3464.72,,,,
07/08/26 18:15:00,40.57,3445.69,,,,
07/08/26 18:20:00,42.96,5565.24,,,,
07/08/26 18:25:00,42.42,4964.00,,,,
07/08/26 18:30:00,41.42,3832.88,,,,
07/08/26 18:35:00,41.34,3088.94,,,,
07/08/26 18:40:00,39.18,3408.59,,,,
07/08/26 18:45:00,39.10,3186.93,,,,
07/08/26 18:50:00,40.26,3389.56,,,,
07/08/26 18:55:00,37.55,2110.99,,,,
07/08/26 19:00:00,37.17,2817.82,,,,
07/08/26 19:05:00,37.55,2453.46,,,,
07/08/26 19:10:00,37.48,2743.61,,,,
07/08/26 19:15:00,37.63,2705.56,,,,
07/08/26 19:20:00,37.17,2249.88,,,,
07/08/26 19:25:00,36.55,2373.55,,,,
07/08/26 19:30:00,36.55,2390.67,,,,
07/08/26 19:35:00,36.40,2056.76,,,,
07/08/26 19:40:00,34.08,1366.58,,,,
07/08/26 19:45:00,34.31,1679.08,,,,
07/08/26 19:50:00,34.39,1510.22,,,,
07/08/26 19:55:00,34.54,1508.32,,,,
07/08/26 20:00:00,34.23,1404.15,,,,
07/08/26 20:05:00,33.54,1129.70,,,,
07/08/26 20:10:00,33.54,1515.46,,,,
07/08/26 20:15:00,33.46,1013.63,,,,
07/08/26 20:20:00,32.30,1017.92,,,,
07/08/26 20:25:00,32.46,831.22,,,,
07/08/26 20:30:00,31.15,468.88,,,,
07/08/26 20:35:00,30.53,508.01,,,,
07/08/26 20:40:00,30.76,521.32,,,,
07/08/26 20:45:00,31.30,698.75,,,,
07/08/26 20:50:00,31.53,667.12,,,,
07/08/26 20:55:00,31.07,396.58,,,,
07/08/26 21:00:00,30.61,393.13,,,,
07/08/26 21:05:00,30.53,341.17,,,,
07/08/26 21:10:00,30.61,326.54,,,,
07/08/26 21:15:00,30.45,274.81,,,,
07/08/26 21:20:00,30.22,230.64,,,,
07/08/26 21:25:00,30.06,199.12,,,,
07/08/26 21:30:00,29.91,173.62,,,,
07/08/26 21:35:00,29.83,159.41,,,,
07/08/26 21:40:00,29.76,133.13,,,,
07/08/26 21:45:00,29.60,119.90,,,,
07/08/26 21:50:00,29.60,94.15,,,,
07/08/26 21:55:00,29.52,76.55,,,,
07/08/26 22:00:00,29.52,60.04,,,,
07/08/26 22:05:00,29.60,49.22,,,,
07/08/26 22:10:00,29.52,38.25,,,,
07/08/26 22:15:00,29.60,27.72,,,,
07/08/26 22:20:00,29.52,19.68,,,,
07/08/26 22:25:00,29.37,15.30,,,,
07/08/26 22:30:00,29.22,11.16,,,,
07/08/26 22:35:00,28.98,7.65,,,,
07/08/26 22:40:00,29.06,5.25,,,,
07/08/26 22:45:00,29.22,3.70,,,,
07/08/26 22:50:00,29.06,2.70,,,,
07/08/26 22:55:00,28.83,1.83,,,,
07/08/26 23:00:00,28.52,1.53,,,,
07/08/26 23:05:00,28.83,1.01,,,,
07/08/26 23:10:00,28.91,0.81,,,,
07/08/26 23:15:00,28.98,0.69,,,,
07/08/26 23:20:00,28.83,0.53,,,,
07/08/26 23:25:00,28.44,0.42,,,,
07/08/26 23:30:00,28.60,0.38,,,,
07/08/26 23:35:00,28.98,0.32,,,,
07/08/26 23:40:00,28.91,0.28,,,,
07/08/26 23:45:00,28.83,0.24,,,,
07/08/26 23:50:00,28.60,0.20,,,,
07/08/26 23:55:00,28.60,0.16,,,,
07/09/26 00:00:00,28.44,0.18,,,,
07/09/26 00:05:00,28.21,0.14,,,,
07/09/26 00:10:00,28.21,0.14,,,,
07/09/26 00:15:00,28.21,0.14,,,,
07/09/26 00:20:00,28.37,0.12,,,,
07/09/26 00:25:00,28.29,0.08,,,,
07/09/26 00:30:00,28.29,0.06,,,,
07/09/26 00:35:00,28.21,0.06,,,,
07/09/26 00:40:00,28.13,0.04,,,,
07/09/26 00:45:00,27.28,0.04,,,,
07/09/26 00:50:00,27.13,0.04,,,,
07/09/26 00:55:00,27.44,0.04,,,,
07/09/26 01:00:00,27.75,0.02,,,,
07/09/26 01:05:00,27.67,0.04,,,,
07/09/26 01:10:00,27.36,0.04,,,,
07/09/26 01:15:00,27.59,0.04,,,,
07/09/26 01:20:00,27.44,0.04,,,,
07/09/26 01:25:00,27.44,0.02,,,,
07/09/26 01:30:00,27.05,0.04,,,,
07/09/26 01:35:00,26.74,0.04,,,,
07/09/26 01:40:00,26.98,0.04,,,,
07/09/26 01:45:00,26.98,0.04,,,,
07/09/26 01:50:00,26.67,0.04,,,,
07/09/26 01:55:00,26.13,0.04,,,,
07/09/26 02:00:00,26.05,0.04,,,,
07/09/26 02:05:00,25.66,0.04,,,,
07/09/26 02:10:00,25.43,0.06,,,,
07/09/26 02:15:00,24.89,0.08,,,,
07/09/26 02:20:00,23.96,0.10,,,,
07/09/26 02:25:00,22.73,0.10,,,,
07/09/26 02:30:00,21.03,0.14,,,,
07/09/26 02:35:00,19.87,0.22,,,,
07/09/26 02:40:00,20.88,0.28,,,,
07/09/26 02:45:00,21.57,0.36,,,,
07/09/26 02:50:00,20.33,0.53,,,,
07/09/26 02:55:00,19.49,0.77,,,,
07/09/26 03:00:00,18.33,1.07,,,,
07/09/26 03:05:00,18.17,1.49,,,,
07/09/26 03:10:00,17.55,2.12,,,,
07/09/26 03:15:00,17.63,2.95,,,,
07/09/26 03:20:00,18.10,4.22,,,,
07/09/26 03:25:00,18.87,6.14,,,,
07/09/26 03:30:00,18.94,9.08,,,,
07/09/26 03:35:00,17.32,12.98,,,,
07/09/26 03:40:00,18.79,17.86,,,,
07/09/26 03:45:00,20.88,24.69,,,,
07/09/26 03:50:00,20.33,32.82,,,,
07/09/26 03:55:00,18.48,43.48,,,,
07/09/26 04:00:00,17.32,56.40,,,,
07/09/26 04:05:00,16.78,71.35,,,,
07/09/26 04:10:00,15.78,89.10,,,,
07/09/26 04:15:00,15.47,109.22,,,,
07/09/26 04:20:00,15.70,131.88,,,,
07/09/26 04:25:00,16.94,159.82,,,,
07/09/26 04:30:00,17.71,192.46,,,,
07/09/26 04:35:00,18.25,334.51,,,,
07/09/26 04:40:00,19.33,465.67,,,,
07/09/26 04:45:00,21.03,610.51,,,,
07/09/26 04:50:00,22.96,705.88,,,,
07/09/26 04:55:00,23.19,808.39,,,,
07/09/26 05:00:00,23.42,916.12,,,,
07/09/26 05:05:00,23.66,1031.23,,,,
07/09/26 05:10:00,24.12,1147.30,,,,
07/09/26 05:15:00,24.43,1268.59,,,,
07/09/26 05:20:00,25.59,1397.02,,,,
07/09/26 05:25:00,27.28,1528.30,,,,
07/09/26 05:30:00,27.98,1658.63,,,,
07/09/26 05:35:00,30.91,1791.34,,,,
07/09/26 05:40:00,33.08,1933.56,,,,
07/09/26 05:45:00,35.16,2073.88,,,,
07/09/26 05:50:00,35.55,2219.44,,,,
07/09/26 05:55:00,35.78,2369.74,,,,
07/09/26 06:00:00,36.63,2529.57,,,,
07/09/26 06:05:00,37.40,2690.34,,,,
07/09/26 06:10:00,38.56,2846.36,,,,
07/09/26 06:15:00,39.41,2997.62,,,,
07/09/26 06:20:00,41.03,3153.63,,,,
07/09/26 06:25:00,41.49,3312.51,,,,
07/09/26 06:30:00,42.11,3439.03,,,,
07/09/26 06:35:00,43.89,3550.34,,,,
07/09/26 06:40:00,45.35,3648.32,,,,
07/09/26 06:45:00,45.66,3744.41,,,,
07/09/26 06:50:00,45.89,3838.59,,,,
07/09/26 06:55:00,46.98,3938.48,,,,
07/09/26 07:00:00,48.44,4045.02,,,,
07/09/26 07:05:00,50.22,4155.38,,,,
07/09/26 07:10:00,51.30,4277.15,,,,
07/09/26 07:15:00,52.54,4397.01,,,,
07/09/26 07:20:00,53.77,4524.49,,,,
07/09/26 07:25:00,53.15,4653.87,,,,
07/09/26 07:30:00,52.54,4802.28,,,,
07/09/26 07:35:00,52.54,4929.75,,,,
07/09/26 07:40:00,54.47,5051.52,,,,
07/09/26 07:45:00,55.01,5182.81,,,,
07/09/26 07:50:00,55.62,5308.38,,,,
07/09/26 07:55:00,56.71,5435.86,,,,
07/09/26 08:00:00,53.93,5574.75,,,,
07/09/26 08:05:00,52.77,5702.23,,,,
07/09/26 08:10:00,56.17,5808.78,,,,
07/09/26 08:15:00,59.33,5926.74,,,,
07/09/26 08:20:00,59.49,6056.12,,,,
07/09/26 08:25:00,57.17,6181.70,,,,
07/09/26 08:30:00,58.10,6295.85,,,,
07/09/26 08:35:00,59.87,6417.62,,,,
07/09/26 08:40:00,60.64,6531.78,,,,
07/09/26 08:45:00,58.95,6649.75,,,,
07/09/26 08:50:00,59.79,6742.98,,,,
07/09/26 08:55:00,60.95,6849.52,,,,
07/09/26 09:00:00,62.65,6954.17,,,,
07/09/26 09:05:00,62.73,7062.62,,,,
07/09/26 09:10:00,62.11,7169.17,,,,
07/09/26 09:15:00,61.11,7275.72,,,,
07/09/26 09:20:00,60.18,7382.26,,,,
07/09/26 09:25:00,60.03,7471.69,,,,
07/09/26 09:30:00,60.88,7564.92,,,,
07/09/26 09:35:00,62.34,7658.15,,,,
07/09/26 09:40:00,62.42,7747.57,,,,
07/09/26 09:45:00,63.04,7741.86,,,,
07/09/26 09:50:00,63.81,7827.48,,,,
07/09/26 09:55:00,64.04,7911.20,,,,
07/09/26 10:00:00,65.97,7975.89,,,,
07/09/26 10:05:00,67.13,8055.80,,,,
07/09/26 10:10:00,67.21,8120.49,,,,
07/09/26 10:15:00,67.90,8188.99,,,,
07/09/26 10:20:00,72.54,8249.87,,,,
07/09/26 10:25:00,75.47,8325.98,,,,
07/09/26 10:30:00,76.01,8383.06,,,,
07/09/26 10:35:00,77.71,8440.14,,,,
07/09/26 10:40:00,76.55,8504.83,,,,
07/09/26 10:45:00,73.77,8561.90,,,,
07/09/26 10:50:00,72.69,8622.79,,,,
07/09/26 10:55:00,70.76,8672.26,,,,
07/09/26 11:00:00,71.69,8725.53,,,,
07/09/26 11:05:00,72.92,8755.97,,,,
07/09/26 11:10:00,76.78,8778.81,,,,
07/09/26 11:15:00,77.79,8832.08,,,,
07/09/26 11:20:00,76.09,8873.94,,,,
07/09/26 11:25:00,79.64,8885.35,,,,
07/09/26 11:30:00,83.96,8904.38,,,,
07/09/26 11:35:00,80.57,8946.24,,,,
07/09/26 11:40:00,75.70,8984.29,,,,
07/09/26 11:45:00,74.39,9010.93,,,,
07/09/26 11:50:00,75.70,9022.34,,,,
07/09/26 11:55:00,77.63,9041.37,,,,
07/09/26 12:00:00,79.87,9045.18,,,,
07/09/26 12:05:00,80.34,9052.79,,,,
07/09/26 12:10:00,77.79,9068.01,,,,
07/09/26 12:15:00,74.93,9083.23,,,,
07/09/26 12:20:00,74.08,9090.84,,,,
07/09/26 12:25:00,75.01,9083.23,,,,
07/09/26 12:30:00,78.87,9071.81,,,,
07/09/26 12:35:00,81.26,9068.01,,,,
07/09/26 12:40:00,78.56,9052.79,,,,
07/09/26 12:45:00,74.16,9060.40,,,,
07/09/26 12:50:00,70.91,9048.98,,,,
07/09/26 12:55:00,70.76,9029.96,,,,
07/09/26 13:00:00,72.23,9003.32,,,,
07/09/26 13:05:00,73.15,8976.68,,,,
07/09/26 13:10:00,72.38,8957.65,,,,
07/09/26 13:15:00,72.77,8938.63,,,,
07/09/26 13:20:00,71.53,8908.19,,,,
07/09/26 13:25:00,68.91,8892.97,,,,
07/09/26 13:30:00,69.06,8870.13,,,,
07/09/26 13:35:00,70.37,8824.47,,,,
07/09/26 13:40:00,69.60,8786.42,,,,
07/09/26 13:45:00,70.30,8748.36,,,,
07/09/26 13:50:00,72.84,8710.31,,,,
07/09/26 13:55:00,76.09,8676.06,,,,
07/09/26 14:00:00,77.71,8649.43,,,,
07/09/26 14:05:00,76.47,8668.45,,,,
07/09/26 14:10:00,74.78,8740.75,,,,
07/09/26 14:15:00,73.93,8729.34,,,,
07/09/26 14:20:00,73.31,8676.06,,,,
07/09/26 14:25:00,74.93,7915.01,,,,
07/09/26 14:30:00,73.08,8181.38,,,,
07/09/26 14:35:00,72.15,8116.69,,,,
07/09/26 14:40:00,72.38,8238.45,,,,
07/09/26 14:45:00,74.93,8242.26,,,,
07/09/26 14:50:00,76.24,8166.15,,,,
07/09/26 14:55:00,77.56,8120.49,,,,
07/09/26 15:00:00,76.86,7922.62,,,,
07/09/26 15:05:00,76.86,7979.70,,,,
07/09/26 15:10:00,77.25,7903.59,,,,
07/09/26 15:15:00,77.25,7601.07,,,,
07/09/26 15:20:00,75.70,7724.74,,,,
07/09/26 15:25:00,74.78,7650.54,,,,
07/09/26 15:30:00,72.77,7610.58,,,,
07/09/26 15:35:00,72.46,7580.14,,,,
07/09/26 15:40:00,75.08,7578.24,,,,
07/09/26 15:45:00,75.62,7496.42,,,,
07/09/26 15:50:00,70.84,6581.25,,,,
07/09/26 15:55:00,71.07,7445.05,,,,
07/09/26 16:00:00,70.76,7504.03,,,,
07/09/26 16:05:00,69.52,6923.73,,,,
07/09/26 16:10:00,73.31,7578.24,,,,
07/09/26 16:15:00,72.92,7677.17,,,,
07/09/26 16:20:00,67.28,6733.46,,,,
07/09/26 16:25:00,67.52,7093.06,,,,
07/09/26 16:30:00,67.75,6862.84,,,,
07/09/26 16:35:00,66.44,6992.22,,,,
07/09/26 16:40:00,65.97,7136.82,,,,
07/09/26 16:45:00,65.05,7694.30,,,,
07/09/26 16:50:00,62.81,7123.50,,,,
07/09/26 16:55:00,60.88,6938.95,,,,
07/09/26 17:00:00,58.02,7035.98,,,,
07/09/26 17:05:00,55.70,5692.72,,,,
07/09/26 17:10:00,54.23,6158.86,,,,
07/09/26 17:15:00,55.55,6033.29,,,,
07/09/26 17:20:00,54.23,5437.76,,,,
07/09/26 17:25:00,53.23,5437.76,,,,
07/09/26 17:30:00,51.38,4663.38,,,,
07/09/26 17:35:00,50.91,4600.60,,,,
07/09/26 17:40:00,53.23,5156.17,,,,
07/09/26 17:45:00,55.32,5635.64,,,,
07/09/26 17:50:00,56.09,5315.99,,,,
07/09/26 17:55:00,56.47,5207.54,,,,
07/09/26 18:00:00,56.01,5085.77,,,,
07/09/26 18:05:00,55.55,5038.21,,,,
07/09/26 18:10:00,54.85,4918.34,,,,
07/09/26 18:15:00,54.00,4802.28,,,,
07/09/26 18:20:00,53.39,4600.60,,,,
07/09/26 18:25:00,53.39,4518.78,,,,
07/09/26 18:30:00,53.31,4490.24,,,,
07/09/26 18:35:00,51.22,3556.04,,,,
07/09/26 18:40:00,52.15,4341.84,,,,
07/09/26 18:45:00,51.76,4162.99,,,,
07/09/26 18:50:00,51.53,4048.83,,,,
07/09/26 18:55:00,51.84,4086.88,,,,
07/09/26 19:00:00,51.84,3976.53,,,,
07/09/26 19:05:00,50.53,3934.67,,,,
07/09/26 19:10:00,46.74,3205.01,,,,
07/09/26 19:15:00,43.96,2386.87,,,,
07/09/26 19:20:00,41.34,2115.74,,,,
07/09/26 19:25:00,41.80,2208.02,,,,
07/09/26 19:30:00,42.19,2211.83,,,,
07/09/26 19:35:00,42.65,1926.90,,,,
07/09/26 19:40:00,43.81,2215.63,,,,
07/09/26 19:45:00,40.88,1689.55,,,,
07/09/26 19:50:00,41.42,2042.49,,,,
07/09/26 19:55:00,40.57,1708.58,,,,
07/09/26 20:00:00,39.72,1504.52,,,,
07/09/26 20:05:00,37.79,1263.83,,,,
07/09/26 20:10:00,37.01,1183.45,,,,
07/09/26 20:15:00,36.63,1090.22,,,,
07/09/26 20:20:00,36.24,1016.96,,,,
07/09/26 20:25:00,36.09,917.31,,,,
07/09/26 20:30:00,36.24,842.63,,,,
07/09/26 20:35:00,35.78,708.97,,,,
07/09/26 20:40:00,35.39,606.94,,,,
07/09/26 20:45:00,35.39,539.88,,,,
07/09/26 20:50:00,35.93,446.41,,,,
07/09/26 20:55:00,35.93,359.84,,,,
07/09/26 21:00:00,35.78,329.16,,,,
07/09/26 21:05:00,35.39,315.48,,,,
07/09/26 21:10:00,35.16,290.63,,,,
07/09/26 21:15:00,35.39,256.26,,,,
07/09/26 21:20:00,35.32,217.02,,,,
07/09/26 21:25:00,35.08,179.80,,,,
07/09/26 21:30:00,35.01,147.63,,,,
07/09/26 21:35:00,35.01,121.89,,,,
07/09/26 21:40:00,35.47,93.14,,,,
07/09/26 21:45:00,35.78,73.25,,,,
07/09/26 21:50:00,35.39,57.90,,,,
07/09/26 21:55:00,35.47,45.62,,,,
07/09/26 22:00:00,35.24,38.57,,,,
07/09/26 22:05:00,35.16,33.06,,,,
07/09/26 22:10:00,35.08,25.02,,,,
07/09/26 22:15:00,35.16,18.49,,,,
07/09/26 22:20:00,34.77,13.39,,,,
07/09/26 22:25:00,34.93,9.79,,,,
07/09/26 22:30:00,35.24,7.00,,,,
07/09/26 22:35:00,35.08,4.99,,,,
07/09/26 22:40:00,35.24,3.43,,,,
07/09/26 22:45:00,35.01,2.31,,,,
07/09/26 22:50:00,35.01,1.55,,,,
07/09/26 22:55:00,34.70,1.09,,,,
07/09/26 23:00:00,34.70,0.75,,,,
07/09/26 23:05:00,34.31,0.55,,,,
07/09/26 23:10:00,34.39,0.40,,,,
07/09/26 23:15:00,34.47,0.30,,,,
07/09/26 23:20:00,33.85,0.22,,,,
07/09/26 23:25:00,33.69,0.16,,,,
07/09/26 23:30:00,34.16,0.14,,,,
07/09/26 23:35:00,33.77,0.10,,,,
07/09/26 23:40:00,34.00,0.08,,,,
07/09/26 23:45:00,34.23,0.06,,,,
07/09/26 23:50:00,34.62,0.04,,,,
07/09/26 23:55:00,35.32,0.02,,,,
07/10/26 00:00:00,35.32,0.02,,,,
07/10/26 00:05:00,35.01,0.00,,,,
07/10/26 00:10:00,34.54,0.00,,,,
07/10/26 00:15:00,34.54,0.00,,,,
07/10/26 00:20:00,34.08,0.00,,,,
07/10/26 00:25:00,34.00,0.00,,,,
07/10/26 00:30:00,33.54,0.00,,,,
07/10/26 00:35:00,33.00,0.00,,,,
07/10/26 00:40:00,32.77,0.00,,,,
07/10/26 00:45:00,32.23,0.00,,,,
07/10/26 00:50:00,33.23,0.00,,,,
07/10/26 00:55:00,32.61,0.00,,,,
07/10/26 01:00:00,32.15,0.00,,,,
07/10/26 01:05:00,31.22,0.00,,,,
07/10/26 01:10:00,30.45,0.00,,,,
07/10/26 01:15:00,31.07,0.00,,,,
07/10/26 01:20:00,30.06,0.00,,,,
07/10/26 01:25:00,30.37,0.00,,,,
07/10/26 01:30:00,30.37,0.00,,,,
07/10/26 01:35:00,30.84,0.00,,,,
07/10/26 01:40:00,31.69,0.00,,,,
07/10/26 01:45:00,31.92,0.00,,,,
07/10/26 01:50:00,32.07,0.00,,,,
07/10/26 01:55:00,32.15,0.00,,,,
07/10/26 02:00:00,32.46,0.00,,,,
07/10/26 02:05:00,32.54,0.00,,,,
07/10/26 02:10:00,32.92,0.00,,,,
07/10/26 02:15:00,33.38,0.02,,,,
07/10/26 02:20:00,34.00,0.02,,,,
07/10/26 02:25:00,34.23,0.06,,,,
07/10/26 02:30:00,34.47,0.08,,,,
07/10/26 02:35:00,34.77,0.12,,,,
07/10/26 02:40:00,34.77,0.16,,,,
07/10/26 02:45:00,35.16,0.22,,,,
07/10/26 02:50:00,35.32,0.28,,,,
07/10/26 02:55:00,35.16,0.43,,,,
07/10/26 03:00:00,35.16,0.63,,,,
07/10/26 03:05:00,35.32,0.85,,,,
07/10/26 03:10:00,35.24,1.23,,,,
07/10/26 03:15:00,34.93,1.79,,,,
07/10/26 03:20:00,34.85,2.64,,,,
07/10/26 03:25:00,34.85,3.68,,,,
07/10/26 03:30:00,34.77,5.51,,,,
07/10/26 03:35:00,34.93,8.20,,,,
07/10/26 03:40:00,35.01,11.55,,,,
07/10/26 03:45:00,35.01,16.32,,,,
07/10/26 03:50:00,34.85,21.90,,,,
07/10/26 03:55:00,34.62,27.25,,,,
07/10/26 04:00:00,34.39,33.68,,,,
07/10/26 04:05:00,34.47,41.41,,,,
07/10/26 04:10:00,34.70,52.62,,,,
07/10/26 04:15:00,34.77,69.12,,,,
07/10/26 04:20:00,34.93,87.76,,,,
07/10/26 04:25:00,35.16,104.85,,,,
07/10/26 04:30:00,34.93,126.05,,,,
07/10/26 04:35:00,35.08,161.55,,,,
07/10/26 04:40:00,35.39,211.79,,,,
07/10/26 04:45:00,35.47,248.18,,,,
07/10/26 04:50:00,35.78,283.85,,,,
07/10/26 04:55:00,35.86,310.13,,,,
07/10/26 05:00:00,35.78,350.32,,,,
07/10/26 05:05:00,35.93,377.56,,,,
07/10/26 05:10:00,36.01,388.73,,,,
07/10/26 05:15:00,36.40,380.77,,,,
07/10/26 05:20:00,36.40,403.60,,,,
07/10/26 05:25:00,36.63,391.83,,,,
07/10/26 05:30:00,36.47,382.31,,,,
07/10/26 05:35:00,36.55,398.84,,,,
07/10/26 05:40:00,36.55,424.53,,,,
07/10/26 05:45:00,36.16,484.70,,,,
07/10/26 05:50:00,36.71,570.79,,,,
07/10/26 05:55:00,37.01,693.75,,,,
07/10/26 06:00:00,36.94,897.10,,,,
07/10/26 06:05:00,36.86,994.13,,,,
07/10/26 06:10:00,36.86,1055.97,,,,
07/10/26 06:15:00,36.94,1071.19,,,,
07/10/26 06:20:00,37.32,1132.55,,,,
07/10/26 06:25:00,37.48,1093.55,,,,
07/10/26 06:30:00,37.63,1187.73,,,,
07/10/26 06:35:00,38.10,1485.01,,,,
07/10/26 06:40:00,38.87,1640.08,,,,
07/10/26 06:45:00,39.02,1736.64,,,,
07/10/26 06:50:00,39.49,1917.39,,,,
07/10/26 06:55:00,40.03,1990.17,,,,
07/10/26 07:00:00,40.26,2051.05,,,,
07/10/26 07:05:00,40.26,1960.68,,,,
07/10/26 07:10:00,40.64,2106.23,,,,
07/10/26 07:15:00,40.80,2161.41,,,,
07/10/26 07:20:00,41.03,2270.81,,,,
07/10/26 07:25:00,41.18,2356.43,,,,
07/10/26 07:30:00,41.26,2456.32,,,,
07/10/26 07:35:00,41.72,2640.87,,,,
07/10/26 07:40:00,41.72,2763.59,,,,
07/10/26 07:45:00,41.49,2855.87,,,,
07/10/26 07:50:00,41.88,2923.41,,,,
07/10/26 07:55:00,42.03,2893.92,,,,
07/10/26 08:00:00,42.34,2827.33,,,,
07/10/26 08:05:00,42.81,2969.08,,,,
07/10/26 08:10:00,43.27,3064.21,,,,
07/10/26 08:15:00,43.50,3371.49,,,,
07/10/26 08:20:00,43.58,3423.81,,,,
07/10/26 08:25:00,43.89,3321.07,,,,
07/10/26 08:30:00,43.96,3470.43,,,,
07/10/26 08:35:00,44.35,3507.53,,,,
07/10/26 08:40:00,44.04,3087.04,,,,
07/10/26 08:45:00,43.50,2821.62,,,,
07/10/26 08:50:00,43.11,2835.89,,,,
07/10/26 08:55:00,43.42,2932.93,,,,
07/10/26 09:00:00,43.66,2929.12,,,,
07/10/26 09:05:00,43.66,2978.59,,,,
07/10/26 09:10:00,43.89,3163.15,,,,
07/10/26 09:15:00,45.05,3295.38,,,,
07/10/26 09:20:00,45.66,3363.88,,,,
07/10/26 09:25:00,45.74,3404.78,,,,
07/10/26 09:30:00,47.21,3881.40,,,,
07/10/26 09:35:00,48.29,3881.40,,,,
07/10/26 09:40:00,48.21,4193.43,,,,
07/10/26 09:45:00,49.37,4589.18,,,,
07/10/26 09:50:00,47.52,3847.15,,,,
07/10/26 09:55:00,46.51,3403.83,,,,
07/10/26 10:00:00,45.74,3027.11,,,,
07/10/26 10:05:00,44.58,2912.95,,,,
07/10/26 10:10:00,42.96,3080.38,,,,
07/10/26 10:15:00,44.35,3756.77,,,,
07/10/26 10:20:00,44.89,3515.14,,,,
07/10/26 10:25:00,45.43,3798.63,,,,
07/10/26 10:30:00,46.67,4166.79,,,,
07/10/26 10:35:00,46.98,4328.52,,,,
07/10/26 10:40:00,48.83,4821.30,,,,
07/10/26 10:45:00,48.75,4507.37,,,,
07/10/26 10:50:00,47.36,4269.54,,,,
07/10/26 10:55:00,47.59,4606.30,,,,
07/10/26 11:00:00,49.52,5051.52,,,,
07/10/26 11:05:00,49.37,4640.55,,,,
07/10/26 11:10:00,49.29,4336.13,,,,
07/10/26 11:15:00,49.68,4368.47,,,,
07/10/26 11:20:00,50.45,4735.68,,,,
07/10/26 11:25:00,50.30,5247.50,,,,
07/10/26 11:30:00,50.22,5551.92,,,,
07/10/26 11:35:00,49.99,5692.72,,,,
07/10/26 11:40:00,50.37,5671.79,,,,
07/10/26 11:45:00,52.30,6345.32,,,,
07/10/26 11:50:00,52.30,6084.66,,,,
07/10/26 11:55:00,52.61,6826.69,,,,
07/10/26 12:00:00,54.16,6914.21,,,,
07/10/26 12:05:00,54.16,6819.08,,,,
07/10/26 12:10:00,53.39,6282.54,,,,
07/10/26 12:15:00,53.23,6411.92,,,,
07/10/26 12:20:00,54.47,6602.18,,,,
07/10/26 12:25:00,57.79,6975.10,,,,
07/10/26 12:30:00,58.40,7022.66,,,,
07/10/26 12:35:00,64.43,8417.30,,,,
07/10/26 12:40:00,68.29,7827.48,,,,
07/10/26 12:45:00,62.88,6893.28,,,,
07/10/26 12:50:00,59.41,7397.49,,,,
07/10/26 12:55:00,56.47,6815.28,,,,
07/10/26 13:00:00,54.39,6914.21,,,,
07/10/26 13:05:00,54.93,6617.40,,,,
07/10/26 13:10:00,56.94,7559.21,,,,
07/10/26 13:15:00,57.79,6625.01,,,,
07/10/26 13:20:00,55.70,7058.81,,,,
07/10/26 13:25:00,57.40,7270.01,,,,
07/10/26 13:30:00,61.11,8740.75,,,,
07/10/26 13:35:00,66.59,9026.15,,,,
07/10/26 13:40:00,63.89,8032.97,,,,
07/10/26 13:45:00,57.17,6312.98,,,,
07/10/26 13:50:00,54.54,6261.61,,,,
07/10/26 13:55:00,55.70,6840.01,,,,
07/10/26 14:00:00,56.71,7563.02,,,,
07/10/26 14:05:00,55.55,6847.62,,,,
07/10/26 14:10:00,54.93,6033.29,,,,
07/10/26 14:15:00,53.39,5460.59,,,,
07/10/26 14:20:00,54.85,6282.54,,,,
07/10/26 14:25:00,55.39,6326.30,,,,
07/10/26 14:30:00,55.78,6663.06,,,,
07/10/26 14:35:00,55.16,6023.78,,,,
07/10/26 14:40:00,54.00,5862.05,,,,
07/10/26 14:45:00,52.61,5445.37,,,,
07/10/26 14:50:00,51.84,4887.90,,,,
07/10/26 14:55:00,51.76,5049.62,,,,
07/10/26 15:00:00,51.30,5198.03,,,,
07/10/26 15:05:00,50.68,4827.01,,,,
07/10/26 15:10:00,51.22,5388.29,,,,
07/10/26 15:15:00,53.00,5112.41,,,,
07/10/26 15:20:00,52.92,4583.47,,,,
07/10/26 15:25:00,51.38,4189.63,,,,
07/10/26 15:30:00,49.52,3794.83,,,,
07/10/26 15:35:00,48.37,3534.16,,,,
07/10/26 15:40:00,48.98,3896.62,,,,
07/10/26 15:45:00,50.61,4499.76,,,,
07/10/26 15:50:00,52.38,4815.60,,,,
07/10/26 15:55:00,53.15,4280.95,,,,
07/10/26 16:00:00,51.61,3384.81,,,,
07/10/26 16:05:00,49.76,3046.14,,,,
07/10/26 16:10:00,47.67,2480.10,,,,
07/10/26 16:15:00,44.89,1959.72,,,,
07/10/26 16:20:00,43.27,1756.14,,,,
07/10/26 16:25:00,41.80,1689.55,,,,
07/10/26 16:30:00,41.42,1749.96,,,,
07/10/26 16:35:00,41.80,1858.88,,,,
07/10/26 16:40:00,42.03,2079.59,,,,
07/10/26 16:45:00,43.11,2462.97,,,,
07/10/26 16:50:00,44.35,2182.33,,,,
07/10/26 16:55:00,43.96,1976.85,,,,
07/10/26 17:00:00,43.42,1821.31,,,,
07/10/26 17:05:00,42.73,1462.18,,,,
07/10/26 17:10:00,41.80,1247.66,,,,
07/10/26 17:15:00,41.11,1238.62,,,,
07/10/26 17:20:00,40.64,1332.33,,,,
07/10/26 17:25:00,40.57,1288.09,,,,
07/10/26 17:30:00,41.03,1539.72,,,,
07/10/26 17:35:00,41.72,1702.87,,,,
07/10/26 17:40:00,42.42,1863.17,,,,
07/10/26 17:45:00,43.27,2026.32,,,,
07/10/26 17:50:00,43.58,2026.32,,,,
07/10/26 17:55:00,43.96,1627.71,,,,
07/10/26 18:00:00,43.73,1561.60,,,,
07/10/26 18:05:00,42.96,1773.27,,,,
07/10/26 18:10:00,43.11,1863.17,,,,
07/10/26 18:15:00,42.96,1615.82,,,,
07/10/26 18:20:00,41.34,1225.30,,,,
07/10/26 18:25:00,40.72,1464.56,,,,
07/10/26 18:30:00,39.87,1851.75,,,,
07/10/26 18:35:00,40.10,1786.11,,,,
07/10/26 18:40:00,40.49,1866.02,,,,
07/10/26 18:45:00,41.03,2091.96,,,,
07/10/26 18:50:00,41.42,2140.48,,,,
07/10/26 18:55:00,40.72,1759.00,,,,
07/10/26 19:00:00,39.87,1496.91,,,,
07/10/26 19:05:00,39.25,1317.58,,,,
07/10/26 19:10:00,38.40,1072.14,,,,
07/10/26 19:15:00,38.10,975.58,,,,
07/10/26 19:20:00,37.79,1111.14,,,,
07/10/26 19:25:00,38.25,1327.10,,,,
07/10/26 19:30:00,38.94,1406.06,,,,
07/10/26 19:35:00,39.18,1206.28,,,,
07/10/26 19:40:00,38.94,1164.42,,,,
07/10/26 19:45:00,38.64,1072.62,,,,
07/10/26 19:50:00,38.17,844.54,,,,
07/10/26 19:55:00,37.86,783.65,,,,
07/10/26 20:00:00,37.40,761.53,,,,
07/10/26 20:05:00,37.32,769.14,,,,
07/10/26 20:10:00,37.01,715.87,,,,
07/10/26 20:15:00,36.63,552.96,,,,
07/10/26 20:20:00,36.71,508.48,,,,
07/10/26 20:25:00,36.71,459.01,,,,
07/10/26 20:30:00,36.24,414.30,,,,
07/10/26 20:35:00,36.01,366.50,,,,
07/10/26 20:40:00,35.70,335.82,,,,
07/10/26 20:45:00,34.93,319.41,,,,
07/10/26 20:50:00,34.70,275.41,,,,
07/10/26 20:55:00,35.01,240.63,,,,
07/10/26 21:00:00,35.01,207.80,,,,
07/10/26 21:05:00,35.47,194.49,,,,
07/10/26 21:10:00,35.86,181.05,,,,
07/10/26 21:15:00,36.16,174.87,,,,
07/10/26 21:20:00,36.16,165.17,,,,
07/10/26 21:25:00,35.86,142.40,,,,
07/10/26 21:30:00,35.70,124.03,,,,
07/10/26 21:35:00,35.16,101.14,,,,
07/10/26 21:40:00,34.85,83.95,,,,
07/10/26 21:45:00,35.08,74.05,,,,
07/10/26 21:50:00,35.39,60.23,,,,
07/10/26 21:55:00,35.70,52.19,,,,
07/10/26 22:00:00,35.93,43.17,,,,
07/10/26 22:05:00,35.39,34.01,,,,
07/10/26 22:10:00,35.01,26.06,,,,
07/10/26 22:15:00,35.01,19.44,,,,
07/10/26 22:20:00,34.54,14.10,,,,
07/10/26 22:25:00,34.16,9.80,,,,
07/10/26 22:30:00,34.08,7.20,,,,
07/10/26 22:35:00,34.31,5.26,,,,
07/10/26 22:40:00,34.54,3.54,,,,
07/10/26 22:45:00,34.93,2.40,,,,
07/10/26 22:50:00,35.70,1.55,,,,
07/10/26 22:55:00,35.70,1.13,,,,
07/10/26 23:00:00,36.01,0.77,,,,
07/10/26 23:05:00,36.24,0.55,,,,
07/10/26 23:10:00,36.55,0.36,,,,
07/10/26 23:15:00,36.78,0.28,,,,
07/10/26 23:20:00,36.16,0.20,,,,
07/10/26 23:25:00,35.93,0.14,,,,
07/10/26 23:30:00,35.93,0.08,,,,
07/10/26 23:35:00,36.09,0.04,,,,
07/10/26 23:40:00,36.16,0.02,,,,
07/10/26 23:45:00,35.70,0.02,,,,
07/10/26 23:50:00,35.39,0.00,,,,
07/10/26 23:55:00,35.93,0.00,,,,
07/11/26 00:00:00,35.86,0.00,,,,
07/11/26 00:05:00,36.32,0.00,,,,
07/11/26 00:10:00,36.40,0.00,,,,
07/11/26 00:15:00,36.09,0.00,,,,
07/11/26 00:20:00,35.86,0.00,,,,
07/11/26 00:25:00,35.39,0.00,,,,
07/11/26 00:30:00,35.47,0.00,,,,
07/11/26 00:35:00,35.70,0.00,,,,
07/11/26 00:40:00,35.93,0.00,,,,
07/11/26 00:45:00,35.55,0.00,,,,
07/11/26 00:50:00,35.62,0.00,,,,
07/11/26 00:55:00,35.32,0.00,,,,
07/11/26 01:00:00,35.16,0.00,,,,
07/11/26 01:05:00,35.70,0.00,,,,
07/11/26 01:10:00,35.78,0.00,,,,
07/11/26 01:15:00,36.01,0.00,,,,
07/11/26 01:20:00,35.55,0.00,,,,
07/11/26 01:25:00,35.55,0.00,,,,
07/11/26 01:30:00,35.62,0.00,,,,
07/11/26 01:35:00,35.55,0.00,,,,
07/11/26 01:40:00,35.93,0.00,,,,
07/11/26 01:45:00,35.55,0.00,,,,
07/11/26 01:50:00,35.16,0.00,,,,
07/11/26 01:55:00,34.54,0.00,,,,
07/11/26 02:00:00,34.00,0.00,,,,
07/11/26 02:05:00,33.93,0.00,,,,
07/11/26 02:10:00,33.69,0.00,,,,
07/11/26 02:15:00,34.16,0.00,,,,
07/11/26 02:20:00,34.62,0.00,,,,
07/11/26 02:25:00,34.85,0.02,,,,
07/11/26 02:30:00,35.08,0.02,,,,
07/11/26 02:35:00,35.39,0.06,,,,
07/11/26 02:40:00,35.39,0.08,,,,
07/11/26 02:45:00,35.16,0.10,,,,
07/11/26 02:50:00,35.55,0.16,,,,
07/11/26 02:55:00,35.39,0.24,,,,
07/11/26 03:00:00,35.86,0.32,,,,
07/11/26 03:05:00,36.01,0.57,,,,
07/11/26 03:10:00,36.16,0.75,,,,
07/11/26 03:15:00,36.24,1.19,,,,
07/11/26 03:20:00,36.09,1.67,,,,
07/11/26 03:25:00,35.86,2.23,,,,
07/11/26 03:30:00,35.93,3.08,,,,
07/11/26 03:35:00,35.93,4.28,,,,
07/11/26 03:40:00,36.63,6.45,,,,
07/11/26 03:45:00,36.63,9.54,,,,
07/11/26 03:50:00,36.40,13.54,,,,
07/11/26 03:55:00,36.55,19.99,,,,
07/11/26 04:00:00,36.78,28.61,,,,
07/11/26 04:05:00,37.71,44.83,,,,
07/11/26 04:10:00,36.63,70.25,,,,
07/11/26 04:15:00,36.86,115.23,,,,
07/11/26 04:20:00,37.17,172.19,,,,
07/11/26 04:25:00,37.09,193.06,,,,
07/11/26 04:30:00,37.25,230.76,,,,
07/11/26 04:35:00,37.40,295.98,,,,
07/11/26 04:40:00,37.79,432.38,,,,
07/11/26 04:45:00,38.48,647.85,,,,
07/11/26 04:50:00,39.10,842.63,,,,
07/11/26 04:55:00,39.64,918.74,,,,
07/11/26 05:00:00,39.87,863.56,,,,
07/11/26 05:05:00,39.56,707.78,,,,
07/11/26 05:10:00,38.71,606.94,,,,
07/11/26 05:15:00,38.40,732.28,,,,
07/11/26 05:20:00,39.41,721.10,,,,
07/11/26 05:25:00,39.41,764.15,,,,
07/11/26 05:30:00,39.87,863.56,,,,
07/11/26 05:35:00,40.49,897.81,,,,
07/11/26 05:40:00,41.11,1000.79,,,,
07/11/26 05:45:00,41.42,1147.30,,,,
07/11/26 05:50:00,42.11,1271.92,,,,
07/11/26 05:55:00,42.81,1405.10,,,,
07/11/26 06:00:00,43.58,1492.63,,,,
07/11/26 06:05:00,43.73,1553.51,,,,
07/11/26 06:10:00,43.81,1606.78,,,,
07/11/26 06:15:00,44.58,1874.11,,,,
07/11/26 06:20:00,45.43,2032.03,,,,
07/11/26 06:25:00,46.13,2175.68,,,,
07/11/26 06:30:00,46.20,2242.27,,,,
07/11/26 06:35:00,46.05,2381.16,,,,
07/11/26 06:40:00,46.51,2392.58,,,,
07/11/26 06:45:00,46.74,2466.78,,,,
07/11/26 06:50:00,47.75,2710.32,,,,
07/11/26 06:55:00,49.29,2929.12,,,,
07/11/26 07:00:00,49.14,2706.51,,,,
07/11/26 07:05:00,48.60,2980.49,,,,
07/11/26 07:10:00,50.61,3276.36,,,,
07/11/26 07:15:00,49.83,3232.59,,,,
07/11/26 07:20:00,52.07,3573.17,,,,
07/11/26 07:25:00,48.13,3001.42,,,,
07/11/26 07:30:00,49.37,2824.48,,,,
07/11/26 07:35:00,46.51,2127.16,,,,
07/11/26 07:40:00,48.21,3412.39,,,,
07/11/26 07:45:00,55.86,3645.47,,,,
07/11/26 07:50:00,53.93,3636.91,,,,
07/11/26 07:55:00,51.76,2991.91,,,,
07/11/26 08:00:00,50.14,3908.03,,,,
07/11/26 08:05:00,48.21,2836.84,,,,
07/11/26 08:10:00,46.74,2892.97,,,,
07/11/26 08:15:00,47.05,3420.01,,,,
07/11/26 08:20:00,46.44,3228.79,,,,
07/11/26 08:25:00,46.59,2892.02,,,,
07/11/26 08:30:00,50.30,5441.57,,,,
07/11/26 08:35:00,52.84,5291.26,,,,
07/11/26 08:40:00,53.85,5433.96,,,,
07/11/26 08:45:00,55.08,5344.53,,,,
07/11/26 08:50:00,55.55,4374.18,,,,
07/11/26 08:55:00,55.16,4397.01,,,,
07/11/26 09:00:00,54.31,3745.36,,,,
07/11/26 09:05:00,53.31,3782.46,,,,
07/11/26 09:10:00,54.00,4688.12,,,,
07/11/26 09:15:00,57.48,6773.42,,,,
07/11/26 09:20:00,58.64,5024.89,,,,
07/11/26 09:25:00,55.47,4450.29,,,,
07/11/26 09:30:00,55.01,5835.41,,,,
07/11/26 09:35:00,58.33,6124.62,,,,
07/11/26 09:40:00,58.17,5047.72,,,,
07/11/26 09:45:00,57.01,6273.02,,,,
07/11/26 09:50:00,56.94,6029.48,,,,
07/11/26 09:55:00,58.95,6290.15,,,,
07/11/26 10:00:00,61.11,7595.36,,,,
07/11/26 10:05:00,63.81,6434.75,,,,
07/11/26 10:10:00,68.67,7595.36,,,,
07/11/26 10:15:00,61.03,6196.92,,,,
07/11/26 10:20:00,59.41,6666.87,,,,
07/11/26 10:25:00,67.05,7524.96,,,,
07/11/26 10:30:00,67.98,7479.30,,,,
07/11/26 10:35:00,73.00,8238.45,,,,
07/11/26 10:40:00,80.41,12017.11,,,,
07/11/26 10:45:00,81.57,8565.71,,,,
07/11/26 10:50:00,78.79,9220.22,,,,
07/11/26 10:55:00,74.39,7349.92,,,,
07/11/26 11:00:00,72.46,7258.59,,,,
07/11/26 11:05:00,74.00,7547.79,,,,
07/11/26 11:10:00,75.08,7800.85,,,,
07/11/26 11:15:00,77.25,8265.09,,,,
07/11/26 11:20:00,81.03,8676.06,,,,
07/11/26 11:25:00,77.71,8345.00,,,,
07/11/26 11:30:00,74.23,9014.73,,,,
07/11/26 11:35:00,69.06,11960.03,,,,
07/11/26 11:40:00,78.02,12260.65,,,,
07/11/26 11:45:00,76.71,11434.90,,,,
07/11/26 11:50:00,78.56,10932.60,,,,
07/11/26 11:55:00,75.16,6269.22,,,,
07/11/26 12:00:00,75.70,10472.16,,,,
07/11/26 12:05:00,78.56,9886.15,,,,
07/11/26 12:10:00,83.96,9821.46,,,,
07/11/26 12:15:00,91.07,10266.68,,,,
07/11/26 12:20:00,83.89,9897.56,,,,
07/11/26 12:25:00,84.51,9596.94,,,,
07/11/26 12:30:00,85.28,9254.47,,,,
07/11/26 12:35:00,82.57,9037.57,,,,
07/11/26 12:40:00,78.71,9288.72,,,,
07/11/26 12:45:00,75.39,9459.95,,,,
07/11/26 12:50:00,74.31,9726.32,,,,
07/11/26 12:55:00,72.07,9886.15,,,,
07/11/26 13:00:00,71.76,9615.97,,,,
07/11/26 13:05:00,73.62,9387.65,,,,
07/11/26 13:10:00,77.40,9680.66,,,,
07/11/26 13:15:00,78.64,9075.62,,,,
07/11/26 13:20:00,74.00,7991.11,,,,
07/11/26 13:25:00,73.54,9467.56,,,,
07/11/26 13:30:00,73.54,9136.50,,,,
07/11/26 13:35:00,68.37,8006.33,,,,
07/11/26 13:40:00,66.67,8154.74,,,,
07/11/26 13:45:00,71.92,9478.98,,,,
07/11/26 13:50:00,69.06,8249.87,,,,
07/11/26 13:55:00,69.76,8143.32,,,,
07/11/26 14:00:00,71.07,8892.97,,,,
07/11/26 14:05:00,78.17,14638.95,,,,
07/11/26 14:10:00,81.96,8938.63,,,,
07/11/26 14:15:00,80.88,9307.74,,,,
07/11/26 14:20:00,72.84,8615.18,,,,
07/11/26 14:25:00,67.75,7391.78,,,,
07/11/26 14:30:00,67.98,10917.38,,,,
07/11/26 14:35:00,92.38,11998.08,,,,
07/11/26 14:40:00,93.15,8364.03,,,,
07/11/26 14:45:00,86.51,7397.49,,,,
07/11/26 14:50:00,83.42,7351.82,,,,
07/11/26 14:55:00,86.59,8950.04,,,,
07/11/26 15:00:00,79.87,7719.03,,,,
07/11/26 15:05:00,75.32,7290.94,,,,
07/11/26 15:10:00,77.17,8135.71,,,,
07/11/26 15:15:00,70.84,7167.27,,,,
07/11/26 15:20:00,68.21,6918.02,,,,
07/11/26 15:25:00,68.29,7618.19,,,,
07/11/26 15:30:00,66.90,7113.99,,,,
07/11/26 15:35:00,66.98,7361.34,,,,
07/11/26 15:40:00,64.81,8318.37,,,,
07/11/26 15:45:00,64.27,7270.01,,,,
07/11/26 15:50:00,62.34,6674.48,,,,
07/11/26 15:55:00,61.96,6531.78,,,,
07/11/26 16:00:00,61.03,6497.53,,,,
07/11/26 16:05:00,61.72,6731.56,,,,
07/11/26 16:10:00,63.04,6876.16,,,,
07/11/26 16:15:00,61.26,6527.98,,,,
07/11/26 16:20:00,58.02,5780.24,,,,
07/11/26 16:25:00,57.63,5654.66,,,,
07/11/26 16:30:00,57.01,5159.97,,,,
07/11/26 16:35:00,54.16,5298.87,,,,
07/11/26 16:40:00,53.08,5274.13,,,,
07/11/26 16:45:00,52.92,5003.96,,,,
07/11/26 16:50:00,53.85,5205.64,,,,
07/11/26 16:55:00,53.93,4674.80,,,,
07/11/26 17:00:00,50.99,3669.25,,,,
07/11/26 17:05:00,46.59,3096.56,,,,
07/11/26 17:10:00,52.00,5504.35,,,,
07/11/26 17:15:00,52.92,5730.77,,,,
07/11/26 17:20:00,52.38,4857.45,,,,
07/11/26 17:25:00,52.84,5496.74,,,,
07/11/26 17:30:00,53.08,4766.13,,,,
07/11/26 17:35:00,51.92,4973.52,,,,
07/11/26 17:40:00,51.61,4260.02,,,,
07/11/26 17:45:00,50.99,4345.64,,,,
07/11/26 17:50:00,50.61,4003.17,,,,
07/11/26 17:55:00,49.22,4096.40,,,,
07/11/26 18:00:00,49.68,4305.69,,,,
07/11/26 18:05:00,48.52,3744.41,,,,
07/11/26 18:10:00,48.06,3739.65,,,,
07/11/26 18:15:00,48.29,3605.51,,,,
07/11/26 18:20:00,46.90,2756.93,,,,
07/11/26 18:25:00,46.28,3356.27,,,,
07/11/26 18:30:00,44.89,2820.67,,,,
07/11/26 18:35:00,44.27,2888.22,,,,
07/11/26 18:40:00,44.12,2694.15,,,,
07/11/26 18:45:00,43.58,2407.80,,,,
07/11/26 18:50:00,43.50,2686.54,,,,
07/11/26 18:55:00,42.27,2116.69,,,,
07/11/26 19:00:00,42.03,1952.11,,,,
07/11/26 19:05:00,41.26,1768.98,,,,
07/11/26 19:10:00,41.11,1862.69,,,,
07/11/26 19:15:00,40.88,1855.56,,,,
07/11/26 19:20:00,40.64,1743.77,,,,
07/11/26 19:25:00,40.26,1793.24,,,,
07/11/26 19:30:00,39.87,1701.92,,,,
07/11/26 19:35:00,39.95,1387.98,,,,
07/11/26 19:40:00,39.49,1416.52,,,,
07/11/26 19:45:00,38.94,1338.04,,,,
07/11/26 19:50:00,39.02,1342.32,,,,
07/11/26 19:55:00,38.10,1113.05,,,,
07/11/26 20:00:00,37.40,1104.96,,,,
07/11/26 20:05:00,37.32,1022.67,,,,
07/11/26 20:10:00,37.32,1000.79,,,,
07/11/26 20:15:00,37.17,860.47,,,,
07/11/26 20:20:00,36.94,809.10,,,,
07/11/26 20:25:00,36.86,813.62,,,,
07/11/26 20:30:00,36.63,771.05,,,,
07/11/26 20:35:00,36.32,664.02,,,,
07/11/26 20:40:00,36.16,620.98,,,,
07/11/26 20:45:00,36.01,579.36,,,,
07/11/26 20:50:00,35.93,512.76,,,,
07/11/26 20:55:00,35.70,426.43,,,,
07/11/26 21:00:00,35.55,368.04,,,,
07/11/26 21:05:00,35.39,331.65,,,,
07/11/26 21:10:00,35.32,284.92,,,,
07/11/26 21:15:00,35.16,242.05,,,,
07/11/26 21:20:00,35.08,223.68,,,,
07/11/26 21:25:00,34.77,180.87,,,,
07/11/26 21:30:00,34.70,156.91,,,,
07/11/26 21:35:00,34.62,128.43,,,,
07/11/26 21:40:00,34.31,106.52,,,,
07/11/26 21:45:00,34.39,86.63,,,,
07/11/26 21:50:00,34.31,67.96,,,,
07/11/26 21:55:00,34.31,52.43,,,,
07/11/26 22:00:00,34.08,41.98,,,,
07/11/26 22:05:00,33.93,32.91,,,,
07/11/26 22:10:00,33.54,25.74,,,,
07/11/26 22:15:00,33.46,19.12,,,,
07/11/26 22:20:00,33.31,13.23,,,,
07/11/26 22:25:00,33.38,9.23,,,,
07/11/26 22:30:00,33.54,6.40,,,,
07/11/26 22:35:00,33.54,4.18,,,,
07/11/26 22:40:00,33.62,2.91,,,,
07/11/26 22:45:00,33.54,2.04,,,,
07/11/26 22:50:00,33.69,1.39,,,,
07/11/26 22:55:00,33.93,0.91,,,,
07/11/26 23:00:00,33.93,0.67,,,,
07/11/26 23:05:00,34.00,0.47,,,,
07/11/26 23:10:00,33.93,0.34,,,,
07/11/26 23:15:00,33.54,0.24,,,,
07/11/26 23:20:00,33.38,0.14,,,,
07/11/26 23:25:00,33.38,0.10,,,,
07/11/26 23:30:00,33.54,0.06,,,,
07/11/26 23:35:00,33.62,0.04,,,,
07/11/26 23:40:00,33.69,0.02,,,,
07/11/26 23:45:00,33.54,0.00,,,,
07/11/26 23:50:00,33.54,0.00,,,,
07/11/26 23:55:00,33.23,0.00,,,,
07/12/26 00:00:00,33.54,0.00,,,,
07/12/26 00:05:00,33.77,0.00,,,,
07/12/26 00:10:00,33.93,0.00,,,,
07/12/26 00:15:00,33.69,0.00,,,,
07/12/26 00:20:00,33.62,0.00,,,,
07/12/26 00:25:00,33.62,0.00,,,,
07/12/26 00:30:00,33.69,0.00,,,,
07/12/26 00:35:00,33.62,0.00,,,,
07/12/26 00:40:00,33.77,0.00,,,,
07/12/26 00:45:00,33.77,0.00,,,,
07/12/26 00:50:00,34.08,0.00,,,,
07/12/26 00:55:00,34.16,0.00,,,,
07/12/26 01:00:00,33.93,0.00,,,,
07/12/26 01:05:00,33.93,0.00,,,,
07/12/26 01:10:00,33.85,0.00,,,,
07/12/26 01:15:00,33.38,0.00,,,,
07/12/26 01:20:00,32.00,0.00,,,,
07/12/26 01:25:00,31.45,0.00,,,,
07/12/26 01:30:00,32.30,0.00,,,,
07/12/26 01:35:00,32.54,0.00,,,,
07/12/26 01:40:00,32.61,0.00,,,,
07/12/26 01:45:00,32.38,0.00,,,,
07/12/26 01:50:00,32.30,0.00,,,,
07/12/26 01:55:00,32.07,0.00,,,,
07/12/26 02:00:00,32.38,0.00,,,,
07/12/26 02:05:00,33.08,0.00,,,,
07/12/26 02:10:00,33.31,0.00,,,,
07/12/26 02:15:00,33.08,0.00,,,,
07/12/26 02:20:00,32.84,0.02,,,,
07/12/26 02:25:00,32.38,0.04,,,,
07/12/26 02:30:00,33.46,0.04,,,,
07/12/26 02:35:00,33.62,0.06,,,,
07/12/26 02:40:00,32.84,0.12,,,,
07/12/26 02:45:00,32.61,0.20,,,,
07/12/26 02:50:00,32.92,0.32,,,,
07/12/26 02:55:00,33.31,0.43,,,,
07/12/26 03:00:00,33.31,0.57,,,,
07/12/26 03:05:00,32.92,0.79,,,,
07/12/26 03:10:00,32.61,1.17,,,,
07/12/26 03:15:00,33.00,1.73,,,,
07/12/26 03:20:00,32.92,2.35,,,,
07/12/26 03:25:00,32.92,3.23,,,,
07/12/26 03:30:00,32.77,4.94,,,,
07/12/26 03:35:00,32.84,7.72,,,,
07/12/26 03:40:00,32.23,10.92,,,,
07/12/26 03:45:00,33.00,14.66,,,,
07/12/26 03:50:00,32.46,21.68,,,,
07/12/26 03:55:00,32.15,31.16,,,,
07/12/26 04:00:00,32.38,41.34,,,,
07/12/26 04:05:00,32.84,46.29,,,,
07/12/26 04:10:00,33.69,63.38,,,,
07/12/26 04:15:00,33.46,83.72,,,,
07/12/26 04:20:00,33.23,113.33,,,,
07/12/26 04:25:00,33.15,147.87,,,,
07/12/26 04:30:00,33.31,178.19,,,,
07/12/26 04:35:00,34.08,194.37,,,,
07/12/26 04:40:00,33.62,225.11,,,,
07/12/26 04:45:00,33.00,283.49,,,,
07/12/26 04:50:00,32.77,344.97,,,,
07/12/26 04:55:00,33.77,346.52,,,,
07/12/26 05:00:00,34.23,357.34,,,,
07/12/26 05:05:00,33.54,469.83,,,,
07/12/26 05:10:00,33.31,518.47,,,,
07/12/26 05:15:00,33.62,617.17,,,,
07/12/26 05:20:00,34.54,571.74,,,,
07/12/26 05:25:00,35.08,646.90,,,,
07/12/26 05:30:00,35.47,664.50,,,,
07/12/26 05:35:00,36.01,1028.86,,,,
07/12/26 05:40:00,36.24,893.29,,,,
07/12/26 05:45:00,36.09,923.73,,,,
07/12/26 05:50:00,36.40,1137.31,,,,
07/12/26 05:55:00,36.24,979.39,,,,
07/12/26 06:00:00,36.55,1151.58,,,,
07/12/26 06:05:00,37.40,1347.55,,,,
07/12/26 06:10:00,37.48,1263.83,,,,
07/12/26 06:15:00,37.01,1303.79,,,,
07/12/26 06:20:00,38.02,1591.09,,,,
07/12/26 06:25:00,40.10,2596.16,,,,
07/12/26 06:30:00,37.86,1252.42,,,,
07/12/26 06:35:00,37.55,1471.22,,,,
07/12/26 06:40:00,39.33,1826.06,,,,
07/12/26 06:45:00,37.94,1698.59,,,,
07/12/26 06:50:00,38.17,1719.04,,,,
07/12/26 06:55:00,37.86,1923.57,,,,
07/12/26 07:00:00,38.33,2052.95,,,,
07/12/26 07:05:00,39.41,2489.61,,,,
07/12/26 07:10:00,40.57,2734.10,,,,
07/12/26 07:15:00,39.56,2237.51,,,,
07/12/26 07:20:00,40.41,3048.99,,,,
07/12/26 07:25:00,41.72,2865.38,,,,
07/12/26 07:30:00,41.42,2829.23,,,,
07/12/26 07:35:00,42.03,3492.31,,,,
07/12/26 07:40:00,42.11,3436.18,,,,
07/12/26 07:45:00,41.42,2810.21,,,,
07/12/26 07:50:00,41.96,3066.11,,,,
07/12/26 07:55:00,41.26,3439.03,,,,
07/12/26 08:00:00,42.81,4806.08,,,,
07/12/26 08:05:00,43.81,4121.13,,,,
07/12/26 08:10:00,44.97,4273.34,,,,
07/12/26 08:15:00,44.66,4202.94,,,,
07/12/26 08:20:00,45.35,4587.28,,,,
07/12/26 08:25:00,45.35,4347.54,,,,
07/12/26 08:30:00,45.51,4446.48,,,,
07/12/26 08:35:00,46.28,4653.87,,,,
07/12/26 08:40:00,47.21,5344.53,,,,
07/12/26 08:45:00,47.67,4880.29,,,,
07/12/26 08:50:00,47.98,5586.17,,,,
07/12/26 08:55:00,49.14,5772.63,,,,
07/12/26 09:00:00,49.06,5915.32,,,,
07/12/26 09:05:00,49.29,5835.41,,,,
07/12/26 09:10:00,49.83,6695.41,,,,
07/12/26 09:15:00,49.45,5839.22,,,,
07/12/26 09:20:00,48.83,6002.85,,,,
07/12/26 09:25:00,48.52,5850.63,,,,
07/12/26 09:30:00,49.22,6605.99,,,,
07/12/26 09:35:00,49.76,6425.23,,,,
07/12/26 09:40:00,49.60,6181.70,,,,
07/12/26 09:45:00,49.76,6634.52,,,,
07/12/26 09:50:00,51.07,6651.65,,,,
07/12/26 09:55:00,52.00,7448.86,,,,
07/12/26 10:00:00,52.07,7696.20,,,,
07/12/26 10:05:00,52.30,7296.65,,,,
07/12/26 10:10:00,53.00,8246.07,,,,
07/12/26 10:15:00,53.31,7159.65,,,,
07/12/26 10:20:00,53.39,7975.89,,,,
07/12/26 10:25:00,54.54,8900.58,,,,
07/12/26 10:30:00,54.70,7797.04,,,,
07/12/26 10:35:00,57.56,8112.88,,,,
07/12/26 10:40:00,59.64,10643.40,,,,
07/12/26 10:45:00,59.33,10148.71,,,,
07/12/26 10:50:00,59.95,8466.77,,,,
07/12/26 10:55:00,59.49,10616.76,,,,
07/12/26 11:00:00,55.70,5688.91,,,,
07/12/26 11:05:00,59.87,9642.61,,,,
07/12/26 11:10:00,58.17,8211.82,,,,
07/12/26 11:15:00,59.64,9627.39,,,,
07/12/26 11:20:00,58.48,9185.97,,,,
07/12/26 11:25:00,58.87,11023.93,,,,
07/12/26 11:30:00,58.33,6448.07,,,,
07/12/26 11:35:00,56.86,7176.78,,,,
07/12/26 11:40:00,57.56,9399.07,,,,
07/12/26 11:45:00,59.10,9676.85,,,,
07/12/26 11:50:00,58.40,8478.19,,,,
07/12/26 11:55:00,61.42,11233.22,,,,
07/12/26 12:00:00,59.56,9692.08,,,,
07/12/26 12:05:00,60.18,10654.81,,,,
07/12/26 12:10:00,56.94,10692.87,,,,
07/12/26 12:15:00,58.64,11206.58,,,,
07/12/26 12:20:00,56.71,7679.08,,,,
07/12/26 12:25:00,56.55,9752.96,,,,
07/12/26 12:30:00,56.78,9459.95,,,,
07/12/26 12:35:00,53.62,8299.34,,,,
07/12/26 12:40:00,54.47,10335.17,,,,
07/12/26 12:45:00,53.85,7945.45,,,,
07/12/26 12:50:00,55.01,9924.20,,,,
07/12/26 12:55:00,53.00,8554.29,,,,
07/12/26 13:00:00,50.61,7505.94,,,,
07/12/26 13:05:00,50.84,8531.46,,,,
07/12/26 13:10:00,50.45,7648.63,,,,
07/12/26 13:15:00,51.53,8360.22,,,,
07/12/26 13:20:00,49.76,7450.76,,,,
07/12/26 13:25:00,48.98,6636.43,,,,
07/12/26 13:30:00,49.60,7846.51,,,,
07/12/26 13:35:00,49.99,8348.81,,,,
07/12/26 13:40:00,50.68,7734.25,,,,
07/12/26 13:45:00,50.76,8029.16,,,,
07/12/26 13:50:00,49.91,7597.26,,,,
07/12/26 13:55:00,50.37,8638.01,,,,
07/12/26 14:00:00,50.76,7793.24,,,,
07/12/26 14:05:00,50.30,7481.20,,,,
07/12/26 14:10:00,50.45,8006.33,,,,
07/12/26 14:15:00,51.61,8090.05,,,,
07/12/26 14:20:00,51.69,8029.16,,,,
07/12/26 14:25:00,51.61,7975.89,,,,
07/12/26 14:30:00,52.92,8451.55,,,,
07/12/26 14:35:00,54.39,9075.62,,,,
07/12/26 14:40:00,54.39,9273.49,,,,
07/12/26 14:45:00,53.00,8360.22,,,,
07/12/26 14:50:00,52.77,8055.80,,,,
07/12/26 14:55:00,52.23,8032.97,,,,
07/12/26 15:00:00,52.54,8242.26,,,,
07/12/26 15:05:00,51.69,7787.53,,,,
07/12/26 15:10:00,50.68,7361.34,,,,
07/12/26 15:15:00,51.38,7654.34,,,,
07/12/26 15:20:00,50.68,7075.94,,,,
07/12/26 15:25:00,49.60,7349.92,,,,
07/12/26 15:30:00,48.98,6583.15,,,,
07/12/26 15:35:00,49.83,7275.72,,,,
07/12/26 15:40:00,50.14,5995.24,,,,
07/12/26 15:45:00,49.76,6598.37,,,,
07/12/26 15:50:00,49.76,5799.26,,,,
07/12/26 15:55:00,49.37,6185.50,,,,
07/12/26 16:00:00,48.83,6417.62,,,,
07/12/26 16:05:00,48.06,5976.21,,,,
07/12/26 16:10:00,47.13,5618.51,,,,
07/12/26 16:15:00,46.28,5719.35,,,,
07/12/26 16:20:00,45.97,5184.71,,,,
07/12/26 16:25:00,45.20,5258.91,,,,
07/12/26 16:30:00,45.51,5413.03,,,,
07/12/26 16:35:00,45.28,5559.53,,,,
07/12/26 16:40:00,44.12,4537.81,,,,
07/12/26 16:45:00,43.27,4326.62,,,,
07/12/26 16:50:00,41.88,3940.38,,,,
07/12/26 16:55:00,41.88,4218.17,,,,
07/12/26 17:00:00,41.72,3984.14,,,,
07/12/26 17:05:00,41.18,3457.11,,,,
07/12/26 17:10:00,41.03,3499.92,,,,
07/12/26 17:15:00,39.79,3024.26,,,,
07/12/26 17:20:00,39.64,3057.55,,,,
07/12/26 17:25:00,39.41,2958.61,,,,
07/12/26 17:30:00,39.10,2890.12,,,,
07/12/26 17:35:00,38.94,2546.69,,,,
07/12/26 17:40:00,38.40,2459.17,,,,
07/12/26 17:45:00,38.48,2475.34,,,,
07/12/26 17:50:00,38.10,2349.77,,,,
07/12/26 17:55:00,38.02,2190.90,,,,
07/12/26 18:00:00,37.55,1876.48,,,,
07/12/26 18:05:00,37.79,2198.51,,,,
07/12/26 18:10:00,37.86,2228.95,,,,
07/12/26 18:15:00,38.10,2232.75,,,,
07/12/26 18:20:00,37.71,1966.38,,,,
07/12/26 18:25:00,37.25,1904.07,,,,
07/12/26 18:30:00,37.25,1866.50,,,,
07/12/26 18:35:00,36.47,1474.07,,,,
07/12/26 18:40:00,36.16,1474.07,,,,
07/12/26 18:45:00,36.32,1666.72,,,,
07/12/26 18:50:00,37.01,1933.09,,,,
07/12/26 18:55:00,37.01,1946.88,,,,
07/12/26 19:00:00,37.48,2065.32,,,,
07/12/26 19:05:00,37.63,1940.22,,,,
07/12/26 19:10:00,37.79,2016.80,,,,
07/12/26 19:15:00,37.63,2169.02,,,,
07/12/26 19:20:00,37.17,1717.14,,,,
07/12/26 19:25:00,36.63,1639.13,,,,
07/12/26 19:30:00,37.09,1791.82,,,,
07/12/26 19:35:00,37.25,1610.59,,,,
07/12/26 19:40:00,36.71,1551.13,,,,
07/12/26 19:45:00,36.47,1436.50,,,,
07/12/26 19:50:00,36.71,1443.16,,,,
07/12/26 19:55:00,36.16,1380.37,,,,
07/12/26 20:00:00,36.09,1301.89,,,,
07/12/26 20:05:00,35.55,1108.77,,,,
07/12/26 20:10:00,35.32,1001.74,,,,
07/12/26 20:15:00,35.08,923.73,,,,
07/12/26 20:20:00,34.85,856.67,,,,
07/12/26 20:25:00,34.77,789.36,,,,
07/12/26 20:30:00,34.54,733.71,,,,
07/12/26 20:35:00,34.70,757.73,,,,
07/12/26 20:40:00,34.62,699.46,,,,
07/12/26 20:45:00,34.39,610.75,,,,
07/12/26 20:50:00,34.23,566.75,,,,
07/12/26 20:55:00,34.08,478.04,,,,
07/12/26 21:00:00,33.93,426.43,,,,
07/12/26 21:05:00,33.62,369.35,,,,
07/12/26 21:10:00,33.62,339.86,,,,
07/12/26 21:15:00,33.54,293.36,,,,
07/12/26 21:20:00,33.46,258.17,,,,
07/12/26 21:25:00,33.31,199.60,,,,
07/12/26 21:30:00,33.23,160.06,,,,
07/12/26 21:35:00,33.23,136.34,,,,
07/12/26 21:40:00,33.15,112.94,,,,
07/12/26 21:45:00,33.08,98.05,,,,
07/12/26 21:50:00,33.08,77.03,,,,
07/12/26 21:55:00,33.08,63.00,,,,
07/12/26 22:00:00,33.08,49.02,,,,
07/12/26 22:05:00,33.00,36.98,,,,
07/12/26 22:10:00,33.00,28.38,,,,
07/12/26 22:15:00,32.92,20.16,,,,
07/12/26 22:20:00,33.00,13.15,,,,
07/12/26 22:25:00,32.92,9.01,,,,
07/12/26 22:30:00,32.77,6.16,,,,
07/12/26 22:35:00,32.77,4.38,,,,
07/12/26 22:40:00,32.84,2.87,,,,
07/12/26 22:45:00,32.84,2.10,,,,
07/12/26 22:50:00,32.84,1.39,,,,
07/12/26 22:55:00,32.84,0.95,,,,
07/12/26 23:00:00,32.69,0.69,,,,
07/12/26 23:05:00,32.77,0.49,,,,
07/12/26 23:10:00,32.69,0.30,,,,
07/12/26 23:15:00,32.84,0.22,,,,
07/12/26 23:20:00,32.69,0.14,,,,
07/12/26 23:25:00,32.69,0.10,,,,
07/12/26 23:30:00,32.61,0.08,,,,
07/12/26 23:35:00,32.69,0.04,,,,
07/12/26 23:40:00,32.54,0.04,,,,
07/12/26 23:45:00,32.46,0.00,,,,
07/12/26 23:50:00,32.46,0.00,,,,
07/12/26 23:55:00,32.46,0.00,,,,
07/13/26 00:00:00,32.46,0.00,,,,
07/13/26 00:05:00,32.46,0.00,,,,
07/13/26 00:10:00,32.38,0.00,,,,
07/13/26 00:15:00,32.61,0.00,,,,
07/13/26 00:20:00,32.61,0.00,,,,
07/13/26 00:25:00,32.54,0.00,,,,
07/13/26 00:30:00,32.54,0.00,,,,
07/13/26 00:35:00,32.69,0.00,,,,
07/13/26 00:40:00,32.54,0.00,,,,
07/13/26 00:45:00,32.54,0.00,,,,
07/13/26 00:50:00,32.61,0.00,,,,
07/13/26 00:55:00,32.54,0.00,,,,
07/13/26 01:00:00,32.46,0.00,,,,
07/13/26 01:05:00,32.61,0.00,,,,
07/13/26 01:10:00,32.61,0.00,,,,
07/13/26 01:15:00,32.54,0.00,,,,
07/13/26 01:20:00,32.54,0.00,,,,
07/13/26 01:25:00,32.46,0.00,,,,
07/13/26 01:30:00,32.54,0.00,,,,
07/13/26 01:35:00,32.54,0.00,,,,
07/13/26 01:40:00,32.54,0.00,,,,
07/13/26 01:45:00,32.54,0.00,,,,
07/13/26 01:50:00,32.69,0.00,,,,
07/13/26 01:55:00,32.61,0.00,,,,
07/13/26 02:00:00,32.69,0.00,,,,
07/13/26 02:05:00,32.61,0.00,,,,
07/13/26 02:10:00,32.77,0.00,,,,
07/13/26 02:15:00,32.69,0.00,,,,
07/13/26 02:20:00,32.77,0.00,,,,
07/13/26 02:25:00,32.77,0.00,,,,
07/13/26 02:30:00,32.69,0.02,,,,
07/13/26 02:35:00,32.69,0.04,,,,
07/13/26 02:40:00,32.69,0.08,,,,
07/13/26 02:45:00,32.84,0.12,,,,
07/13/26 02:50:00,32.69,0.18,,,,
07/13/26 02:55:00,32.69,0.28,,,,
07/13/26 03:00:00,32.69,0.42,,,,
07/13/26 03:05:00,32.84,0.63,,,,
07/13/26 03:10:00,32.69,0.93,,,,
07/13/26 03:15:00,32.77,1.33,,,,
07/13/26 03:20:00,32.77,1.83,,,,
07/13/26 03:25:00,32.69,2.60,,,,
07/13/26 03:30:00,32.61,3.66,,,,
07/13/26 03:35:00,32.54,5.34,,,,
07/13/26 03:40:00,32.54,7.72,,,,
07/13/26 03:45:00,32.54,11.16,,,,
07/13/26 03:50:00,32.46,15.30,,,,
07/13/26 03:55:00,32.46,20.69,,,,
07/13/26 04:00:00,32.54,27.56,,,,
07/13/26 04:05:00,32.54,36.15,,,,
07/13/26 04:10:00,32.46,46.24,,,,
07/13/26 04:15:00,32.54,57.97,,,,
07/13/26 04:20:00,32.54,73.01,,,,
07/13/26 04:25:00,32.61,90.38,,,,
07/13/26 04:30:00,32.46,109.13,,,,
07/13/26 04:35:00,32.61,128.79,,,,
07/13/26 04:40:00,32.61,151.08,,,,
07/13/26 04:45:00,32.54,180.28,,,,
07/13/26 04:50:00,32.69,215.89,,,,
07/13/26 04:55:00,32.69,257.21,,,,
07/13/26 05:00:00,32.92,299.19,,,,
07/13/26 05:05:00,33.08,341.17,,,,
07/13/26 05:10:00,33.08,382.67,,,,
07/13/26 05:15:00,33.15,434.99,,,,
07/13/26 05:20:00,33.23,467.22,,,,
07/13/26 05:25:00,33.15,532.27,,,,
07/13/26 05:30:00,33.38,577.22,,,,
07/13/26 05:35:00,33.31,607.18,,,,
07/13/26 05:40:00,33.38,673.54,,,,
07/13/26 05:45:00,33.46,711.59,,,,
07/13/26 05:50:00,33.46,754.64,,,,
07/13/26 05:55:00,33.62,811.00,,,,
07/13/26 06:00:00,33.69,851.43,,,,
07/13/26 06:05:00,33.77,911.61,,,,
07/13/26 06:10:00,34.16,956.08,,,,
07/13/26 06:15:00,34.08,981.29,,,,
07/13/26 06:20:00,34.08,1014.11,,,,
07/13/26 06:25:00,34.39,1082.61,,,,
07/13/26 06:30:00,34.31,1158.71,,,,
07/13/26 06:35:00,34.54,1185.35,,,,
07/13/26 06:40:00,34.47,1240.52,,,,
07/13/26 06:45:00,34.31,1256.22,,,,
07/13/26 06:50:00,34.39,1339.46,,,,
07/13/26 06:55:00,34.85,1531.15,,,,
07/13/26 07:00:00,35.47,1670.52,,,,
07/13/26 07:05:00,35.62,1822.26,,,,
07/13/26 07:10:00,35.86,1879.81,,,,
07/13/26 07:15:00,36.32,2238.46,,,,
07/13/26 07:20:00,36.86,2362.13,,,,
07/13/26 07:25:00,37.86,2870.14,,,,
07/13/26 07:30:00,38.87,2794.03,,,,
07/13/26 07:35:00,38.64,2899.63,,,,
07/13/26 07:40:00,38.33,2770.25,,,,
07/13/26 07:45:00,37.32,2338.35,,,,
07/13/26 07:50:00,37.25,2366.89,,,,
07/13/26 07:55:00,37.48,2796.89,,,,
07/13/26 08:00:00,37.94,2715.08,,,,
07/13/26 08:05:00,38.40,3301.09,,,,
07/13/26 08:10:00,38.48,3217.37,,,,
07/13/26 08:15:00,39.49,3583.63,,,,
07/13/26 08:20:00,39.87,3552.24,,,,
07/13/26 08:25:00,40.03,3959.41,,,,
07/13/26 08:30:00,41.11,4145.86,,,,
07/13/26 08:35:00,41.80,4442.68,,,,
07/13/26 08:40:00,42.42,4048.83,,,,
07/13/26 08:45:00,42.73,4397.01,,,,
07/13/26 08:50:00,42.88,3854.76,,,,
07/13/26 08:55:00,42.42,4486.44,,,,
07/13/26 09:00:00,42.96,4366.57,,,,
07/13/26 09:05:00,42.50,4475.02,,,,
07/13/26 09:10:00,41.57,3716.82,,,,
07/13/26 09:15:00,41.80,4381.79,,,,
07/13/26 09:20:00,41.72,4827.01,,,,
07/13/26 09:25:00,42.57,4191.53,,,,
07/13/26 09:30:00,42.88,4258.12,,,,
07/13/26 09:35:00,45.97,4522.59,,,,
07/13/26 09:40:00,48.29,5475.81,,,,
07/13/26 09:45:00,50.91,6830.50,,,,
07/13/26 09:50:00,52.00,5978.11,,,,
07/13/26 09:55:00,51.84,5230.37,,,,
07/13/26 10:00:00,53.85,6320.59,,,,
07/13/26 10:05:00,53.31,6406.21,,,,
07/13/26 10:10:00,53.93,5321.70,,,,
07/13/26 10:15:00,52.30,5217.05,,,,
07/13/26 10:20:00,53.46,5633.73,,,,
07/13/26 10:25:00,54.31,6449.97,,,,
07/13/26 10:30:00,53.15,5563.34,,,,
07/13/26 10:35:00,52.61,6214.04,,,,
07/13/26 10:40:00,57.09,6541.30,,,,
07/13/26 10:45:00,52.77,5563.34,,,,
07/13/26 10:50:00,52.38,5881.08,,,,
07/13/26 10:55:00,47.67,4469.31,,,,
07/13/26 11:00:00,46.98,5808.78,,,,
07/13/26 11:05:00,51.92,6177.89,,,,
07/13/26 11:10:00,50.14,5962.89,,,,
07/13/26 11:15:00,52.38,7380.36,,,,
07/13/26 11:20:00,55.24,8386.86,,,,
07/13/26 11:25:00,54.39,7842.70,,,,
07/13/26 11:30:00,57.25,9048.98,,,,
07/13/26 11:35:00,57.86,7121.60,,,,
07/13/26 11:40:00,56.86,7445.05,,,,
07/13/26 11:45:00,54.85,5620.41,,,,
07/13/26 11:50:00,54.54,5040.11,,,,
07/13/26 11:55:00,54.85,9243.05,,,,
07/13/26 12:00:00,59.49,7842.70,,,,
07/13/26 12:05:00,56.40,10369.42,,,,
07/13/26 12:10:00,57.86,8577.13,,,,
07/13/26 12:15:00,58.79,7311.87,,,,
07/13/26 12:20:00,61.96,9726.32,,,,
07/13/26 12:25:00,67.05,9950.84,,,,
07/13/26 12:30:00,60.80,7313.77,,,,
07/13/26 12:35:00,59.02,6330.10,,,,
07/13/26 12:40:00,59.72,10510.21,,,,
07/13/26 12:45:00,60.64,8432.52,,,,
07/13/26 12:50:00,58.40,7150.14,,,,
07/13/26 12:55:00,58.56,6360.54,,,,
07/13/26 13:00:00,55.86,7367.04,,,,
07/13/26 13:05:00,55.86,6273.02,,,,
07/13/26 13:10:00,63.50,5506.26,,,,
07/13/26 13:15:00,63.19,10057.38,,,,
07/13/26 13:20:00,70.06,10103.05,,,,
07/13/26 13:25:00,69.76,9669.24,,,,
07/13/26 13:30:00,66.98,10384.64,,,,
07/13/26 13:35:00,68.13,9669.24,,,,
07/13/26 13:40:00,67.90,9555.09,,,,
07/13/26 13:45:00,64.43,7030.28,,,,
07/13/26 13:50:00,61.96,8219.43,,,,
07/13/26 13:55:00,65.05,6381.47,,,,
07/13/26 14:00:00,63.04,6604.08,,,,
07/13/26 14:05:00,59.56,10270.48,,,,
07/13/26 14:10:00,63.04,8093.85,,,,
07/13/26 14:15:00,59.18,9996.50,,,,
07/13/26 14:20:00,62.81,9075.62,,,,
07/13/26 14:25:00,61.03,7846.51,,,,
07/13/26 14:30:00,67.28,6474.70,,,,
07/13/26 14:35:00,63.81,8272.70,,,,
07/13/26 14:40:00,63.04,7397.49,,,,
07/13/26 14:45:00,60.34,7768.50,,,,
07/13/26 14:50:00,60.49,7542.09,,,,
07/13/26 14:55:00,56.78,7357.53,,,,
07/13/26 15:00:00,55.86,7108.28,,,,
07/13/26 15:05:00,56.01,7665.76,,,,
07/13/26 15:10:00,56.55,7873.15,,,,
07/13/26 15:15:00,57.86,9513.23,,,,
07/13/26 15:20:00,57.71,7903.59,,,,
07/13/26 15:25:00,58.33,7760.89,,,,
07/13/26 15:30:00,56.55,8071.02,,,,
07/13/26 15:35:00,57.01,8242.26,,,,
07/13/26 15:40:00,58.17,9650.22,,,,
07/13/26 15:45:00,59.79,9547.48,,,,
07/13/26 15:50:00,60.34,8120.49,,,,
07/13/26 15:55:00,57.71,8067.22,,,,
07/13/26 16:00:00,56.55,8147.13,,,,
07/13/26 16:05:00,56.94,7658.15,,,,
07/13/26 16:10:00,56.71,7534.48,,,,
07/13/26 16:15:00,55.93,7800.85,,,,
07/13/26 16:20:00,58.25,8641.82,,,,
07/13/26 16:25:00,58.87,7504.03,,,,
07/13/26 16:30:00,59.87,7062.62,,,,
07/13/26 16:35:00,56.47,7068.33,,,,
07/13/26 16:40:00,54.54,6429.04,,,,
07/13/26 16:45:00,54.31,6427.14,,,,
07/13/26 16:50:00,53.31,6025.68,,,,
07/13/26 16:55:00,53.77,5960.99,,,,
07/13/26 17:00:00,53.54,6092.27,,,,
07/13/26 17:05:00,53.62,6472.80,,,,
07/13/26 17:10:00,54.23,5580.46,,,,
07/13/26 17:15:00,54.08,6212.14,,,,
07/13/26 17:20:00,54.08,6021.87,,,,
07/13/26 17:25:00,54.78,5917.23,,,,
07/13/26 17:30:00,55.24,6269.22,,,,
07/13/26 17:35:00,54.85,5468.20,,,,
07/13/26 17:40:00,53.08,5224.66,,,,
07/13/26 17:45:00,53.39,5586.17,,,,
07/13/26 17:50:00,52.23,5578.56,,,,
07/13/26 17:55:00,52.15,4939.27,,,,
07/13/26 18:00:00,52.84,5192.32,,,,
07/13/26 18:05:00,54.23,5237.98,,,,
07/13/26 18:10:00,51.92,5091.48,,,,
07/13/26 18:15:00,51.61,5243.69,,,,
07/13/26 18:20:00,50.53,4834.62,,,,
07/13/26 18:25:00,49.45,4891.70,,,,
07/13/26 18:30:00,50.37,5024.89,,,,
07/13/26 18:35:00,52.15,4893.60,,,,
07/13/26 18:40:00,52.00,5260.81,,,,
07/13/26 18:45:00,49.76,4787.06,,,,
07/13/26 18:50:00,48.91,4048.83,,,,
07/13/26 18:55:00,48.13,3961.31,,,,
07/13/26 19:00:00,49.60,4416.04,,,,
07/13/26 19:05:00,48.29,3709.21,,,,
07/13/26 19:10:00,48.13,3836.68,,,,
07/13/26 19:15:00,47.90,3596.00,,,,
07/13/26 19:20:00,47.98,3684.47,,,,
07/13/26 19:25:00,46.82,2625.65,,,,
07/13/26 19:30:00,44.20,2468.68,,,,
07/13/26 19:35:00,44.20,2579.99,,,,
07/13/26 19:40:00,43.58,2430.63,,,,
07/13/26 19:45:00,42.50,2286.03,,,,
07/13/26 19:50:00,42.03,2078.64,,,,
07/13/26 19:55:00,40.88,1946.88,,,,
07/13/26 20:00:00,40.57,1811.32,,,,
07/13/26 20:05:00,40.18,1690.98,,,,
07/13/26 20:10:00,39.49,1561.60,,,,
07/13/26 20:15:00,39.02,1463.61,,,,
07/13/26 20:20:00,38.56,1260.03,,,,
07/13/26 20:25:00,37.94,1192.48,,,,
07/13/26 20:30:00,37.71,1151.10,,,,
07/13/26 20:35:00,37.32,1054.07,,,,
07/13/26 20:40:00,37.17,970.11,,,,
07/13/26 20:45:00,35.62,828.13,,,,
07/13/26 20:50:00,35.39,791.26,,,,
07/13/26 20:55:00,35.32,640.72,,,,
07/13/26 21:00:00,33.85,522.99,,,,
07/13/26 21:05:00,33.54,462.46,,,,
07/13/26 21:10:00,33.54,411.21,,,,
07/13/26 21:15:00,33.31,358.89,,,,
07/13/26 21:20:00,33.15,307.63,,,,
07/13/26 21:25:00,33.15,258.76,,,,
07/13/26 21:30:00,32.69,211.79,,,,
07/13/26 21:35:00,33.00,172.96,,,,
07/13/26 21:40:00,32.92,132.95,,,,
07/13/26 21:45:00,32.77,103.99,,,,
07/13/26 21:50:00,32.15,79.85,,,,
07/13/26 21:55:00,32.54,61.66,,,,
07/13/26 22:00:00,32.07,46.60,,,,
07/13/26 22:05:00,32.30,35.36,,,,
07/13/26 22:10:00,32.00,25.89,,,,
07/13/26 22:15:00,32.00,18.89,,,,
07/13/26 22:20:00,31.84,13.39,,,,
07/13/26 22:25:00,31.92,9.88,,,,
07/13/26 22:30:00,32.23,6.64,,,,
07/13/26 22:35:00,32.23,4.62,,,,
07/13/26 22:40:00,31.84,2.81,,,,
07/13/26 22:45:00,32.00,2.01,,,,
07/13/26 22:50:00,31.76,1.57,,,,
07/13/26 22:55:00,31.76,1.17,,,,
07/13/26 23:00:00,31.69,0.69,,,,
07/13/26 23:05:00,31.45,0.51,,,,
07/13/26 23:10:00,32.30,0.38,,,,
07/13/26 23:15:00,32.30,0.28,,,,
07/13/26 23:20:00,32.30,0.20,,,,
07/13/26 23:25:00,31.92,0.14,,,,
07/13/26 23:30:00,31.84,0.12,,,,
07/13/26 23:35:00,31.69,0.08,,,,
07/13/26 23:40:00,31.92,0.06,,,,
07/13/26 23:45:00,32.15,0.04,,,,
07/13/26 23:50:00,31.92,0.02,,,,
07/13/26 23:55:00,31.84,0.00,,,,
07/14/26 00:00:00,31.76,0.00,,,,
07/14/26 00:05:00,31.76,0.00,,,,
07/14/26 00:10:00,32.23,0.00,,,,
07/14/26 00:15:00,32.23,0.00,,,,
07/14/26 00:20:00,31.76,0.00,,,,
07/14/26 00:25:00,31.53,0.00,,,,
07/14/26 00:30:00,31.30,0.00,,,,
07/14/26 00:35:00,31.61,0.00,,,,
07/14/26 00:40:00,31.92,0.00,,,,
07/14/26 00:45:00,31.92,0.00,,,,
07/14/26 00:50:00,32.00,0.00,,,,
07/14/26 00:55:00,31.45,0.00,,,,
07/14/26 01:00:00,30.91,0.00,,,,
07/14/26 01:05:00,31.07,0.00,,,,
07/14/26 01:10:00,31.22,0.00,,,,
07/14/26 01:15:00,31.61,0.00,,,,
07/14/26 01:20:00,30.91,0.00,,,,
07/14/26 01:25:00,30.14,0.00,,,,
07/14/26 01:30:00,31.61,0.00,,,,
07/14/26 01:35:00,31.53,0.00,,,,
07/14/26 01:40:00,30.99,0.00,,,,
07/14/26 01:45:00,31.22,0.00,,,,
07/14/26 01:50:00,31.45,0.00,,,,
07/14/26 01:55:00,31.53,0.00,,,,
07/14/26 02:00:00,31.69,0.00,,,,
07/14/26 02:05:00,31.61,0.00,,,,
07/14/26 02:10:00,31.61,0.02,,,,
07/14/26 02:15:00,31.30,0.02,,,,
07/14/26 02:20:00,31.69,0.04,,,,
07/14/26 02:25:00,31.76,0.06,,,,
07/14/26 02:30:00,31.76,0.08,,,,
07/14/26 02:35:00,31.61,0.10,,,,
07/14/26 02:40:00,31.38,0.14,,,,
07/14/26 02:45:00,31.30,0.18,,,,
07/14/26 02:50:00,31.22,0.24,,,,
07/14/26 02:55:00,31.38,0.34,,,,
07/14/26 03:00:00,31.45,0.49,,,,
07/14/26 03:05:00,31.69,0.75,,,,
07/14/26 03:10:00,31.69,1.09,,,,
07/14/26 03:15:00,31.53,1.37,,,,
07/14/26 03:20:00,31.45,2.03,,,,
07/14/26 03:25:00,31.61,2.99,,,,
07/14/26 03:30:00,31.84,4.58,,,,
07/14/26 03:35:00,31.92,6.89,,,,
07/14/26 03:40:00,31.76,9.96,,,,
07/14/26 03:45:00,31.92,14.66,,,,
07/14/26 03:50:00,31.38,20.73,,,,
07/14/26 03:55:00,31.92,28.95,,,,
07/14/26 04:00:00,31.53,40.03,,,,
07/14/26 04:05:00,32.07,53.73,,,,
07/14/26 04:10:00,31.61,71.47,,,,
07/14/26 04:15:00,31.15,94.95,,,,
07/14/26 04:20:00,31.45,128.31,,,,
07/14/26 04:25:00,31.30,176.47,,,,
07/14/26 04:30:00,31.69,234.44,,,,
07/14/26 04:35:00,32.61,372.56,,,,
07/14/26 04:40:00,34.08,492.79,,,,
07/14/26 04:45:00,33.62,478.04,,,,
07/14/26 04:50:00,34.16,707.07,,,,
07/14/26 04:55:00,34.77,777.94,,,,
07/14/26 05:00:00,34.93,786.27,,,,
07/14/26 05:05:00,36.40,943.47,,,,
07/14/26 05:10:00,37.32,1124.46,,,,
07/14/26 05:15:00,37.32,995.08,,,,
07/14/26 05:20:00,38.02,1264.78,,,,
07/14/26 05:25:00,39.41,1509.27,,,,
07/14/26 05:30:00,39.79,1515.46,,,,
07/14/26 05:35:00,40.72,1555.89,,,,
07/14/26 05:40:00,42.11,1700.97,,,,
07/14/26 05:45:00,41.42,1729.50,,,,
07/14/26 05:50:00,40.64,2092.91,,,,
07/14/26 05:55:00,42.03,2081.49,,,,
07/14/26 06:00:00,43.19,2485.81,,,,
07/14/26 06:05:00,45.66,2589.50,,,,
07/14/26 06:10:00,47.75,2749.32,,,,
07/14/26 06:15:00,48.29,2996.67,,,,
07/14/26 06:20:00,47.90,2897.73,,,,
07/14/26 06:25:00,46.51,2748.37,,,,
07/14/26 06:30:00,47.59,2940.54,,,,
07/14/26 06:35:00,48.83,3339.14,,,,
07/14/26 06:40:00,50.37,3571.27,,,,
07/14/26 06:45:00,52.69,3752.02,,,,
07/14/26 06:50:00,53.39,4170.60,,,,
07/14/26 06:55:00,53.62,4117.32,,,,
07/14/26 07:00:00,53.31,3497.06,,,,
07/14/26 07:05:00,49.68,3431.42,,,,
07/14/26 07:10:00,50.61,4109.71,,,,
07/14/26 07:15:00,51.69,4052.63,,,,
07/14/26 07:20:00,52.30,4480.73,,,,
07/14/26 07:25:00,51.84,4579.67,,,,
07/14/26 07:30:00,51.07,4853.65,,,,
07/14/26 07:35:00,50.61,4996.35,,,,
07/14/26 07:40:00,53.93,5047.72,,,,
07/14/26 07:45:00,55.32,4309.49,,,,
07/14/26 07:50:00,52.92,4419.85,,,,
07/14/26 07:55:00,54.00,4918.34,,,,
07/14/26 08:00:00,56.40,5414.93,,,,
07/14/26 08:05:00,55.24,5563.34,,,,
07/14/26 08:10:00,57.17,5711.74,,,,
07/14/26 08:15:00,59.33,5806.87,,,,
07/14/26 08:20:00,60.26,5934.35,,,,
07/14/26 08:25:00,59.41,6016.17,,,,
07/14/26 08:30:00,63.66,6105.59,,,,
07/14/26 08:35:00,62.96,6206.43,,,,
07/14/26 08:40:00,61.88,5947.67,,,,
07/14/26 08:45:00,62.96,6343.42,,,,
07/14/26 08:50:00,59.64,6539.39,,,,
07/14/26 08:55:00,58.40,6678.29,,,,
07/14/26 09:00:00,60.26,6781.03,,,,
07/14/26 09:05:00,66.51,6895.19,,,,
07/14/26 09:10:00,61.65,7051.20,,,,
07/14/26 09:15:00,59.64,7152.04,,,,
07/14/26 09:20:00,61.72,7203.42,,,,
07/14/26 09:25:00,61.57,7256.69,,,,
07/14/26 09:30:00,62.34,7376.56,,,,
07/14/26 09:35:00,63.42,7426.03,,,,
07/14/26 09:40:00,65.35,7547.79,,,,
07/14/26 09:45:00,64.89,7658.15,,,,
07/14/26 09:50:00,66.98,7726.64,,,,
07/14/26 09:55:00,67.90,7800.85,,,,
07/14/26 10:00:00,66.90,7937.84,,,,
07/14/26 10:05:00,64.50,7979.70,,,,
07/14/26 10:10:00,63.58,7987.31,,,,
07/14/26 10:15:00,62.03,8109.08,,,,
07/14/26 10:20:00,61.03,8196.60,,,,
07/14/26 10:25:00,62.19,8276.51,,,,
07/14/26 10:30:00,63.66,8345.00,,,,
07/14/26 10:35:00,63.11,8341.20,,,,
07/14/26 10:40:00,63.50,8443.94,,,,
07/14/26 10:45:00,65.20,8493.41,,,,
07/14/26 10:50:00,66.98,8561.90,,,,
07/14/26 10:55:00,68.83,8481.99,,,,
07/14/26 11:00:00,65.20,8622.79,,,,
07/14/26 11:05:00,64.35,8695.09,,,,
07/14/26 11:10:00,61.88,8717.92,,,,
07/14/26 11:15:00,60.88,8744.56,,,,
07/14/26 11:20:00,62.11,8809.25,,,,
07/14/26 11:25:00,63.11,8813.05,,,,
07/14/26 11:30:00,63.81,8843.50,,,,
07/14/26 11:35:00,64.35,8862.52,,,,
07/14/26 11:40:00,63.04,9189.78,,,,
07/14/26 11:45:00,64.58,8969.07,,,,
07/14/26 11:50:00,62.81,8950.04,,,,
07/14/26 11:55:00,60.41,9372.43,,,,
07/14/26 12:00:00,60.26,9787.21,,,,
07/14/26 12:05:00,61.34,9406.68,,,,
07/14/26 12:10:00,63.81,9555.09,,,,
07/14/26 12:15:00,63.73,9467.56,,,,
07/14/26 12:20:00,64.04,9345.79,,,,
07/14/26 12:25:00,62.88,8999.51,,,,
07/14/26 12:30:00,62.27,9372.43,,,,
07/14/26 12:35:00,60.88,9007.12,,,,
07/14/26 12:40:00,59.10,8938.63,,,,
07/14/26 12:45:00,58.56,8976.68,,,,
07/14/26 12:50:00,58.71,8999.51,,,,
07/14/26 12:55:00,59.18,8683.67,,,,
07/14/26 13:00:00,59.18,8877.74,,,,
07/14/26 13:05:00,60.57,8794.03,,,,
07/14/26 13:10:00,60.49,8733.14,,,,
07/14/26 13:15:00,62.81,9033.76,,,,
07/14/26 13:20:00,63.19,9714.91,,,,
07/14/26 13:25:00,63.73,8778.81,,,,
07/14/26 13:30:00,62.50,9577.92,,,,
07/14/26 13:35:00,60.80,8706.51,,,,
07/14/26 13:40:00,60.26,8641.82,,,,
07/14/26 13:45:00,60.10,8596.15,,,,
07/14/26 13:50:00,62.03,8554.29,,,,
07/14/26 13:55:00,63.73,8493.41,,,,
07/14/26 14:00:00,63.35,8481.99,,,,
07/14/26 14:05:00,61.65,8432.52,,,,
07/14/26 14:10:00,61.11,8455.36,,,,
07/14/26 14:15:00,62.11,8504.83,,,,
07/14/26 14:20:00,61.72,8116.69,,,,
07/14/26 14:25:00,59.87,9045.18,,,,
07/14/26 14:30:00,61.72,9269.69,,,,
07/14/26 14:35:00,65.05,8725.53,,,,
07/14/26 14:40:00,64.12,8371.64,,,,
07/14/26 14:45:00,62.03,8584.74,,,,
07/14/26 14:50:00,61.80,8584.74,,,,
07/14/26 14:55:00,61.80,8638.01,,,,
07/14/26 15:00:00,62.57,7884.56,,,,
07/14/26 15:05:00,64.20,7566.82,,,,
07/14/26 15:10:00,65.59,7656.25,,,,
07/14/26 15:15:00,66.36,7528.77,,,,
07/14/26 15:20:00,68.75,7661.95,,,,
07/14/26 15:25:00,72.38,7641.02,,,,
07/14/26 15:30:00,67.44,6748.68,,,,
07/14/26 15:35:00,67.90,7707.62,,,,
07/14/26 15:40:00,60.95,7570.63,,,,
07/14/26 15:45:00,60.95,6444.26,,,,
07/14/26 15:50:00,62.03,7460.27,,,,
07/14/26 15:55:00,65.89,7308.06,,,,
07/14/26 16:00:00,62.88,7323.28,,,,
07/14/26 16:05:00,70.22,7228.15,,,,
07/14/26 16:10:00,74.85,7285.23,,,,
07/14/26 16:15:00,71.45,7174.88,,,,
07/14/26 16:20:00,67.52,7804.65,,,,
07/14/26 16:25:00,64.89,7028.37,,,,
07/14/26 16:30:00,66.67,7779.92,,,,
07/14/26 16:35:00,68.21,6621.21,,,,
07/14/26 16:40:00,65.28,6921.82,,,,
07/14/26 16:45:00,68.13,7283.33,,,,
07/14/26 16:50:00,60.34,7490.72,,,,
07/14/26 16:55:00,59.79,8135.71,,,,
07/14/26 17:00:00,65.43,8150.93,,,,
07/14/26 17:05:00,66.59,7688.59,,,,
07/14/26 17:10:00,59.25,6822.89,,,,
07/14/26 17:15:00,56.32,7448.86,,,,
07/14/26 17:20:00,56.71,7197.71,,,,
07/14/26 17:25:00,56.71,7150.14,,,,
07/14/26 17:30:00,58.33,6670.68,,,,
07/14/26 17:35:00,56.86,6267.31,,,,
07/14/26 17:40:00,53.08,5565.24,,,,
07/14/26 17:45:00,50.53,5182.81,,,,
07/14/26 17:50:00,49.68,5100.99,,,,
07/14/26 17:55:00,48.29,4566.35,,,,
07/14/26 18:00:00,51.15,4893.60,,,,
07/14/26 18:05:00,51.30,4480.73,,,,
07/14/26 18:10:00,47.75,3389.56,,,,
07/14/26 18:15:00,44.74,3755.82,,,,
07/14/26 18:20:00,47.67,5213.25,,,,
07/14/26 18:25:00,52.46,5150.46,,,,
07/14/26 18:30:00,53.54,4075.47,,,,
07/14/26 18:35:00,55.01,4937.37,,,,
07/14/26 18:40:00,55.16,4688.12,,,,
07/14/26 18:45:00,54.16,4370.38,,,,
07/14/26 18:50:00,51.76,4324.71,,,,
07/14/26 18:55:00,51.15,4073.56,,,,
07/14/26 19:00:00,51.69,3884.25,,,,
07/14/26 19:05:00,52.61,3724.43,,,,
07/14/26 19:10:00,50.99,3434.28,,,,
07/14/26 19:15:00,47.90,3198.35,,,,
07/14/26 19:20:00,48.75,3134.61,,,,
07/14/26 19:25:00,47.44,3073.72,,,,
07/14/26 19:30:00,46.90,2970.03,,,,
07/14/26 19:35:00,47.44,2895.83,,,,
07/14/26 19:40:00,46.51,2520.05,,,,
07/14/26 19:45:00,47.13,2121.45,,,,
07/14/26 19:50:00,44.66,2299.35,,,,
07/14/26 19:55:00,45.59,2249.88,,,,
07/14/26 20:00:00,44.04,1617.72,,,,
07/14/26 20:05:00,40.18,970.59,,,,
07/14/26 20:10:00,37.40,708.26,,,,
07/14/26 20:15:00,35.86,571.03,,,,
07/14/26 20:20:00,35.24,470.07,,,,
07/14/26 20:25:00,35.39,569.60,,,,
07/14/26 20:30:00,35.62,498.97,,,,
07/14/26 20:35:00,35.93,672.11,,,,
07/14/26 20:40:00,35.47,488.98,,,,
07/14/26 20:45:00,35.62,527.98,,,,
07/14/26 20:50:00,35.55,547.96,,,,
07/14/26 20:55:00,35.24,504.68,,,,
07/14/26 21:00:00,35.62,500.40,,,,
07/14/26 21:05:00,36.09,497.07,,,,
07/14/26 21:10:00,35.70,448.31,,,,
07/14/26 21:15:00,35.55,362.45,,,,
07/14/26 21:20:00,35.01,279.21,,,,
07/14/26 21:25:00,34.31,230.46,,,,
07/14/26 21:30:00,34.00,181.52,,,,
07/14/26 21:35:00,33.54,136.22,,,,
07/14/26 21:40:00,34.85,101.70,,,,
07/14/26 21:45:00,34.70,84.43,,,,
07/14/26 21:50:00,34.16,67.04,,,,
07/14/26 21:55:00,34.31,52.62,,,,
07/14/26 22:00:00,33.85,42.84,,,,
07/14/26 22:05:00,33.85,30.67,,,,
07/14/26 22:10:00,33.77,22.93,,,,
07/14/26 22:15:00,33.62,16.57,,,,
07/14/26 22:20:00,33.69,11.55,,,,
07/14/26 22:25:00,33.69,7.88,,,,
07/14/26 22:30:00,33.69,5.78,,,,
07/14/26 22:35:00,34.00,3.84,,,,
07/14/26 22:40:00,33.93,2.36,,,,
07/14/26 22:45:00,34.00,1.63,,,,
07/14/26 22:50:00,34.08,1.09,,,,
07/14/26 22:55:00,33.85,0.75,,,,
07/14/26 23:00:00,34.39,0.55,,,,
07/14/26 23:05:00,34.47,0.40,,,,
07/14/26 23:10:00,34.47,0.30,,,,
07/14/26 23:15:00,34.70,0.22,,,,
07/14/26 23:20:00,34.77,0.16,,,,
07/14/26 23:25:00,35.93,0.10,,,,
07/14/26 23:30:00,34.70,0.08,,,,
07/14/26 23:35:00,34.39,0.06,,,,
07/14/26 23:40:00,34.23,0.04,,,,
07/14/26 23:45:00,34.31,0.02,,,,
07/14/26 23:50:00,33.62,0.00,,,,
07/14/26 23:55:00,33.46,0.00,,,,
07/15/26 00:00:00,33.31,0.00,,,,
07/15/26 00:05:00,33.38,0.00,,,,
07/15/26 00:10:00,33.31,0.00,,,,
07/15/26 00:15:00,33.46,0.00,,,,
07/15/26 00:20:00,33.54,0.00,,,,
07/15/26 00:25:00,33.54,0.00,,,,
07/15/26 00:30:00,33.62,0.00,,,,
07/15/26 00:35:00,33.62,0.00,,,,
07/15/26 00:40:00,33.46,0.00,,,,
07/15/26 00:45:00,33.31,0.00,,,,
07/15/26 00:50:00,33.23,0.00,,,,
07/15/26 00:55:00,33.15,0.00,,,,
07/15/26 01:00:00,33.31,0.00,,,,
07/15/26 01:05:00,33.38,0.00,,,,
07/15/26 01:10:00,33.54,0.00,,,,
07/15/26 01:15:00,33.23,0.00,,,,
07/15/26 01:20:00,33.46,0.00,,,,
07/15/26 01:25:00,33.62,0.00,,,,
07/15/26 01:30:00,33.54,0.00,,,,
07/15/26 01:35:00,33.62,0.00,,,,
07/15/26 01:40:00,33.46,0.00,,,,
07/15/26 01:45:00,33.38,0.00,,,,
07/15/26 01:50:00,33.31,0.00,,,,
07/15/26 01:55:00,33.23,0.00,,,,
07/15/26 02:00:00,33.46,0.00,,,,
07/15/26 02:05:00,33.77,0.00,,,,
07/15/26 02:10:00,33.85,0.00,,,,
07/15/26 02:15:00,33.85,0.00,,,,
07/15/26 02:20:00,33.85,0.00,,,,
07/15/26 02:25:00,34.08,0.02,,,,
07/15/26 02:30:00,34.00,0.02,,,,
07/15/26 02:35:00,33.85,0.04,,,,
07/15/26 02:40:00,33.77,0.06,,,,
07/15/26 02:45:00,33.77,0.10,,,,
07/15/26 02:50:00,33.62,0.14,,,,
07/15/26 02:55:00,33.46,0.20,,,,
07/15/26 03:00:00,33.15,0.38,,,,
07/15/26 03:05:00,33.31,0.42,,,,
07/15/26 03:10:00,33.38,0.61,,,,
07/15/26 03:15:00,33.38,0.81,,,,
07/15/26 03:20:00,33.31,1.29,,,,
07/15/26 03:25:00,33.23,1.98,,,,
07/15/26 03:30:00,33.15,2.73,,,,
07/15/26 03:35:00,33.23,4.20,,,,
07/15/26 03:40:00,33.46,5.82,,,,
07/15/26 03:45:00,33.23,8.28,,,,
07/15/26 03:50:00,33.31,11.87,,,,
07/15/26 03:55:00,33.15,16.48,,,,
07/15/26 04:00:00,33.23,22.85,,,,
07/15/26 04:05:00,33.15,31.30,,,,
07/15/26 04:10:00,33.08,40.55,,,,
07/15/26 04:15:00,33.23,52.86,,,,
07/15/26 04:20:00,33.00,64.33,,,,
07/15/26 04:25:00,33.15,75.72,,,,
07/15/26 04:30:00,33.23,94.95,,,,
07/15/26 04:35:00,32.92,110.65,,,,
07/15/26 04:40:00,32.92,140.80,,,,
07/15/26 04:45:00,32.92,187.23,,,,
07/15/26 04:50:00,33.15,194.19,,,,
07/15/26 04:55:00,33.31,244.97,,,,
07/15/26 05:00:00,33.31,271.84,,,,
07/15/26 05:05:00,33.54,273.51,,,,
07/15/26 05:10:00,33.93,472.93,,,,
07/15/26 05:15:00,35.01,818.61,,,,
07/15/26 05:20:00,36.55,908.51,,,,
07/15/26 05:25:00,36.01,721.58,,,,
07/15/26 05:30:00,35.86,699.46,,,,
07/15/26 05:35:00,35.08,668.30,,,,
07/15/26 05:40:00,35.01,707.78,,,,
07/15/26 05:45:00,35.16,764.63,,,,
07/15/26 05:50:00,35.39,829.32,,,,
07/15/26 05:55:00,35.55,908.04,,,,
07/15/26 06:00:00,35.62,841.44,,,,
07/15/26 06:05:00,35.70,885.68,,,,
07/15/26 06:10:00,35.78,924.45,,,,
07/15/26 06:15:00,35.78,954.18,,,,
07/15/26 06:20:00,35.70,1051.21,,,,
07/15/26 06:25:00,36.01,1173.93,,,,
07/15/26 06:30:00,36.32,1236.24,,,,
07/15/26 06:35:00,36.47,1274.77,,,,
07/15/26 06:40:00,36.47,1288.57,,,,
07/15/26 06:45:00,36.63,1457.90,,,,
07/15/26 06:50:00,37.01,1547.80,,,,
07/15/26 06:55:00,37.25,1758.04,,,,
07/15/26 07:00:00,37.55,1759.47,,,,
07/15/26 07:05:00,37.55,1860.31,,,,
07/15/26 07:10:00,37.48,1869.82,,,,
07/15/26 07:15:00,37.63,1731.41,,,,
07/15/26 07:20:00,37.86,1938.80,,,,
07/15/26 07:25:00,37.79,2247.02,,,,
07/15/26 07:30:00,37.71,1939.27,,,,
07/15/26 07:35:00,38.25,2293.64,,,,
07/15/26 07:40:00,38.48,2313.62,,,,
07/15/26 07:45:00,37.94,2200.41,,,,
07/15/26 07:50:00,38.25,2325.98,,,,
07/15/26 07:55:00,39.41,2992.86,,,,
07/15/26 08:00:00,39.87,3087.04,,,,
07/15/26 08:05:00,40.10,3243.06,,,,
07/15/26 08:10:00,40.57,3344.85,,,,
07/15/26 08:15:00,41.26,3538.92,,,,
07/15/26 08:20:00,42.03,3792.92,,,,
07/15/26 08:25:00,42.34,4174.40,,,,
07/15/26 08:30:00,42.19,4083.08,,,,
07/15/26 08:35:00,42.57,3881.40,,,,
07/15/26 08:40:00,42.57,4153.48,,,,
07/15/26 08:45:00,43.27,4459.80,,,,
07/15/26 08:50:00,43.42,5266.52,,,,
07/15/26 08:55:00,44.04,5042.01,,,,
07/15/26 09:00:00,44.74,4884.09,,,,
07/15/26 09:05:00,43.96,5002.06,,,,
07/15/26 09:10:00,43.96,4475.02,,,,
07/15/26 09:15:00,44.20,5207.54,,,,
07/15/26 09:20:00,44.43,4929.75,,,,
07/15/26 09:25:00,44.89,5407.32,,,,
07/15/26 09:30:00,43.81,4811.79,,,,
07/15/26 09:35:00,45.66,5839.22,,,,
07/15/26 09:40:00,44.66,5070.55,,,,
07/15/26 09:45:00,44.66,5051.52,,,,
07/15/26 09:50:00,45.12,5763.11,,,,
07/15/26 09:55:00,45.35,5725.06,,,,
07/15/26 10:00:00,46.44,5799.26,,,,
07/15/26 10:05:00,45.59,5673.69,,,,
07/15/26 10:10:00,46.59,6246.39,,,,
07/15/26 10:15:00,47.36,6824.79,,,,
07/15/26 10:20:00,47.67,6449.97,,,,
07/15/26 10:25:00,47.75,6524.17,,,,
07/15/26 10:30:00,49.37,7979.70,,,,
07/15/26 10:35:00,49.37,7549.70,,,,
07/15/26 10:40:00,48.52,7296.65,,,,
07/15/26 10:45:00,49.14,7570.63,,,,
07/15/26 10:50:00,48.91,7686.69,,,,
07/15/26 10:55:00,50.22,7865.54,,,,
07/15/26 11:00:00,50.37,8786.42,,,,
07/15/26 11:05:00,50.53,7483.10,,,,
07/15/26 11:10:00,51.22,9045.18,,,,
07/15/26 11:15:00,51.69,7661.95,,,,
07/15/26 11:20:00,50.76,7983.50,,,,
07/15/26 11:25:00,52.46,8660.84,,,,
07/15/26 11:30:00,52.23,8428.72,,,,
07/15/26 11:35:00,52.15,8862.52,,,,
07/15/26 11:40:00,51.76,7937.84,,,,
07/15/26 11:45:00,50.30,7585.85,,,,
07/15/26 11:50:00,49.45,7857.93,,,,
07/15/26 11:55:00,50.30,7422.22,,,,
07/15/26 12:00:00,50.76,8889.16,,,,
07/15/26 12:05:00,52.15,9205.00,,,,
07/15/26 12:10:00,53.31,9357.21,,,,
07/15/26 12:15:00,52.54,8147.13,,,,
07/15/26 12:20:00,53.08,8485.80,,,,
07/15/26 12:25:00,52.15,8424.91,,,,
07/15/26 12:30:00,54.85,9414.29,,,,
07/15/26 12:35:00,53.15,8489.60,,,,
07/15/26 12:40:00,53.77,8584.74,,,,
07/15/26 12:45:00,53.69,8371.64,,,,
07/15/26 12:50:00,51.38,7722.84,,,,
07/15/26 12:55:00,52.69,8238.45,,,,
07/15/26 13:00:00,52.61,9490.40,,,,
07/15/26 13:05:00,52.07,9022.34,,,,
07/15/26 13:10:00,50.53,8196.60,,,,
07/15/26 13:15:00,55.70,10593.93,,,,
07/15/26 13:20:00,53.23,8276.51,,,,
07/15/26 13:25:00,53.15,7292.84,,,,
07/15/26 13:30:00,54.39,10692.87,,,,
07/15/26 13:35:00,55.86,8173.77,,,,
07/15/26 13:40:00,53.93,7937.84,,,,
07/15/26 13:45:00,53.77,7865.54,,,,
07/15/26 13:50:00,52.69,8394.47,,,,
07/15/26 13:55:00,52.23,8485.80,,,,
07/15/26 14:00:00,50.84,7245.27,,,,
07/15/26 14:05:00,49.06,6756.29,,,,
07/15/26 14:10:00,48.91,6910.41,,,,
07/15/26 14:15:00,51.22,8455.36,,,,
07/15/26 14:20:00,52.30,9227.83,,,,
07/15/26 14:25:00,54.00,8748.36,,,,
07/15/26 14:30:00,51.76,7304.26,,,,
07/15/26 14:35:00,49.37,6982.71,,,,
07/15/26 14:40:00,49.76,7007.44,,,,
07/15/26 14:45:00,48.75,6872.36,,,,
07/15/26 14:50:00,47.44,6105.59,,,,
07/15/26 14:55:00,48.21,6625.01,,,,
07/15/26 15:00:00,47.90,6440.45,,,,
07/15/26 15:05:00,48.60,6486.12,,,,
07/15/26 15:10:00,48.37,6174.08,,,,
07/15/26 15:15:00,47.98,6467.09,,,,
07/15/26 15:20:00,48.37,7724.74,,,,
07/15/26 15:25:00,48.29,6358.64,,,,
07/15/26 15:30:00,48.67,6389.08,,,,
07/15/26 15:35:00,48.37,7053.11,,,,
07/15/26 15:40:00,48.13,6796.25,,,,
07/15/26 15:45:00,49.52,6078.95,,,,
07/15/26 15:50:00,48.13,5251.30,,,,
07/15/26 15:55:00,47.59,6632.62,,,,
07/15/26 16:00:00,47.52,6033.29,,,,
07/15/26 16:05:00,47.67,6168.38,,,,
07/15/26 16:10:00,46.98,5932.45,,,,
07/15/26 16:15:00,46.28,5449.18,,,,
07/15/26 16:20:00,45.43,5095.28,,,,
07/15/26 16:25:00,46.36,5671.79,,,,
07/15/26 16:30:00,45.74,5903.91,,,,
07/15/26 16:35:00,46.20,6212.14,,,,
07/15/26 16:40:00,44.81,5152.36,,,,
07/15/26 16:45:00,44.97,5715.55,,,,
07/15/26 16:50:00,45.43,5388.29,,,,
07/15/26 16:55:00,46.13,5513.87,,,,
07/15/26 17:00:00,45.35,5483.42,,,,
07/15/26 17:05:00,45.89,5669.88,,,,
07/15/26 17:10:00,47.28,6257.80,,,,
07/15/26 17:15:00,46.59,5479.62,,,,
07/15/26 17:20:00,45.43,5700.33,,,,
07/15/26 17:25:00,44.89,4964.00,,,,
07/15/26 17:30:00,44.81,4884.09,,,,
07/15/26 17:35:00,43.81,5110.51,,,,
07/15/26 17:40:00,44.27,4722.37,,,,
07/15/26 17:45:00,45.05,4718.56,,,,
07/15/26 17:50:00,45.28,5000.15,,,,
07/15/26 17:55:00,44.20,4412.23,,,,
07/15/26 18:00:00,44.20,5049.62,,,,
07/15/26 18:05:00,43.73,4022.19,,,,
07/15/26 18:10:00,43.11,3597.90,,,,
07/15/26 18:15:00,41.80,3274.45,,,,
07/15/26 18:20:00,41.03,3360.07,,,,
07/15/26 18:25:00,40.72,3012.84,,,,
07/15/26 18:30:00,40.95,3472.33,,,,
07/15/26 18:35:00,40.64,2785.47,,,,
07/15/26 18:40:00,40.26,2958.61,,,,
07/15/26 18:45:00,40.80,3816.71,,,,
07/15/26 18:50:00,42.34,3073.72,,,,
07/15/26 18:55:00,42.88,4052.63,,,,
07/15/26 19:00:00,43.73,2740.76,,,,
07/15/26 19:05:00,41.34,1933.56,,,,
07/15/26 19:10:00,40.57,1851.27,,,,
07/15/26 19:15:00,40.57,1939.27,,,,
07/15/26 19:20:00,39.87,2286.03,,,,
07/15/26 19:25:00,38.64,1536.39,,,,
07/15/26 19:30:00,39.33,2350.72,,,,
07/15/26 19:35:00,39.33,1377.99,,,,
07/15/26 19:40:00,40.64,2160.45,,,,
07/15/26 19:45:00,38.02,1305.69,,,,
07/15/26 19:50:00,37.86,1195.34,,,,
07/15/26 19:55:00,37.25,1019.34,,,,
07/15/26 20:00:00,36.55,1096.40,,,,
07/15/26 20:05:00,36.55,917.31,,,,
07/15/26 20:10:00,36.40,914.93,,,,
07/15/26 20:15:00,36.24,850.24,,,,
07/15/26 20:20:00,36.16,823.61,,,,
07/15/26 20:25:00,36.47,1243.85,,,,
07/15/26 20:30:00,35.78,696.37,,,,
07/15/26 20:35:00,35.39,607.90,,,,
07/15/26 20:40:00,35.32,571.74,,,,
07/15/26 20:45:00,35.39,719.68,,,,
07/15/26 20:50:00,34.54,412.76,,,,
07/15/26 20:55:00,34.23,410.26,,,,
07/15/26 21:00:00,34.47,390.64,,,,
07/15/26 21:05:00,34.39,316.79,,,,
07/15/26 21:10:00,34.31,296.46,,,,
07/15/26 21:15:00,34.39,257.57,,,,
07/15/26 21:20:00,34.31,217.97,,,,
07/15/26 21:25:00,34.39,203.23,,,,
07/15/26 21:30:00,34.08,157.38,,,,
07/15/26 21:35:00,34.08,132.59,,,,
07/15/26 21:40:00,33.77,105.42,,,,
07/15/26 21:45:00,34.23,84.43,,,,
07/15/26 21:50:00,34.23,64.18,,,,
07/15/26 21:55:00,34.08,50.49,,,,
07/15/26 22:00:00,34.00,40.39,,,,
07/15/26 22:05:00,33.93,28.06,,,,
07/15/26 22:10:00,33.69,19.68,,,,
07/15/26 22:15:00,33.69,14.50,,,,
07/15/26 22:20:00,33.93,10.29,,,,
07/15/26 22:25:00,34.16,6.64,,,,
07/15/26 22:30:00,34.16,4.90,,,,
07/15/26 22:35:00,34.31,2.95,,,,
07/15/26 22:40:00,34.62,2.03,,,,
07/15/26 22:45:00,34.62,1.32,,,,
07/15/26 22:50:00,34.31,1.05,,,,
07/15/26 22:55:00,34.23,0.69,,,,
07/15/26 23:00:00,34.31,0.49,,,,
07/15/26 23:05:00,33.85,0.34,,,,
07/15/26 23:10:00,33.69,0.28,,,,
07/15/26 23:15:00,33.93,0.22,,,,
07/15/26 23:20:00,34.16,0.16,,,,
07/15/26 23:25:00,34.31,0.16,,,,
07/15/26 23:30:00,34.00,0.14,,,,
07/15/26 23:35:00,34.00,0.10,,,,
07/15/26 23:40:00,34.23,0.06,,,,
07/15/26 23:45:00,34.16,0.04,,,,
07/15/26 23:50:00,34.16,0.04,,,,
07/15/26 23:55:00,34.08,0.02,,,,
07/16/26 00:00:00,34.00,0.00,,,,
07/16/26 00:05:00,34.31,0.00,,,,
07/16/26 00:10:00,34.16,0.00,,,,
07/16/26 00:15:00,34.00,0.00,,,,
07/16/26 00:20:00,33.85,0.00,,,,
07/16/26 00:25:00,33.85,0.00,,,,
07/16/26 00:30:00,33.77,0.00,,,,
07/16/26 00:35:00,33.54,0.00,,,,
07/16/26 00:40:00,33.85,0.00,,,,
07/16/26 00:45:00,33.93,0.00,,,,
07/16/26 00:50:00,33.85,0.00,,,,
07/16/26 00:55:00,33.77,0.00,,,,
07/16/26 01:00:00,33.62,0.00,,,,
07/16/26 01:05:00,33.62,0.00,,,,
07/16/26 01:10:00,33.46,0.00,,,,
07/16/26 01:15:00,33.38,0.00,,,,
07/16/26 01:20:00,33.38,0.00,,,,
07/16/26 01:25:00,33.46,0.00,,,,
07/16/26 01:30:00,33.23,0.00,,,,
07/16/26 01:35:00,33.31,0.00,,,,
07/16/26 01:40:00,33.46,0.00,,,,
07/16/26 01:45:00,33.54,0.00,,,,
07/16/26 01:50:00,33.54,0.00,,,,
07/16/26 01:55:00,33.62,0.00,,,,
07/16/26 02:00:00,33.54,0.00,,,,
07/16/26 02:05:00,33.46,0.00,,,,
07/16/26 02:10:00,33.46,0.00,,,,
07/16/26 02:15:00,33.46,0.00,,,,
07/16/26 02:20:00,33.38,0.02,,,,
07/16/26 02:25:00,33.31,0.02,,,,
07/16/26 02:30:00,33.31,0.04,,,,
07/16/26 02:35:00,33.15,0.06,,,,
07/16/26 02:40:00,32.92,0.04,,,,
07/16/26 02:45:00,32.84,0.08,,,,
07/16/26 02:50:00,32.92,0.16,,,,
07/16/26 02:55:00,33.08,0.22,,,,
07/16/26 03:00:00,33.00,0.34,,,,
07/16/26 03:05:00,33.08,0.53,,,,
07/16/26 03:10:00,33.00,0.68,,,,
07/16/26 03:15:00,32.69,1.11,,,,
07/16/26 03:20:00,32.84,1.61,,,,
07/16/26 03:25:00,33.00,2.44,,,,
07/16/26 03:30:00,32.77,3.44,,,,
07/16/26 03:35:00,32.92,5.30,,,,
07/16/26 03:40:00,32.84,7.45,,,,
07/16/26 03:45:00,32.46,11.17,,,,
07/16/26 03:50:00,32.15,15.78,,,,
07/16/26 03:55:00,32.30,24.33,,,,
07/16/26 04:00:00,32.30,32.87,,,,
07/16/26 04:05:00,32.54,46.17,,,,
07/16/26 04:10:00,32.54,59.87,,,,
07/16/26 04:15:00,32.38,81.81,,,,
07/16/26 04:20:00,32.54,105.80,,,,
07/16/26 04:25:00,32.15,133.54,,,,
07/16/26 04:30:00,32.46,170.88,,,,
07/16/26 04:35:00,33.00,275.41,,,,
07/16/26 04:40:00,34.08,403.96,,,,
07/16/26 04:45:00,33.85,351.99,,,,
07/16/26 04:50:00,33.23,336.05,,,,
07/16/26 04:55:00,33.15,365.55,,,,
07/16/26 05:00:00,33.23,413.11,,,,
07/16/26 05:05:00,33.54,444.15,,,,
07/16/26 05:10:00,33.46,459.37,,,,
07/16/26 05:15:00,33.46,528.70,,,,
07/16/26 05:20:00,33.31,510.86,,,,
07/16/26 05:25:00,33.62,582.21,,,,
07/16/26 05:30:00,34.23,753.21,,,,
07/16/26 05:35:00,34.85,764.15,,,,
07/16/26 05:40:00,34.54,908.51,,,,
07/16/26 05:45:00,34.85,1059.30,,,,
07/16/26 05:50:00,34.00,774.14,,,,
07/16/26 05:55:00,34.16,890.20,,,,
07/16/26 06:00:00,35.24,1580.15,,,,
07/16/26 06:05:00,37.55,1590.14,,,,
07/16/26 06:10:00,39.10,1715.71,,,,
07/16/26 06:15:00,39.18,2085.30,,,,
07/16/26 06:20:00,41.03,2334.55,,,,
07/16/26 06:25:00,42.81,2523.86,,,,
07/16/26 06:30:00,44.66,2654.19,,,,
07/16/26 06:35:00,44.66,2630.41,,,,
07/16/26 06:40:00,43.04,2485.81,,,,
07/16/26 06:45:00,46.59,3166.95,,,,
07/16/26 06:50:00,45.35,2525.76,,,,
07/16/26 06:55:00,42.57,1886.95,,,,
07/16/26 07:00:00,47.21,3865.22,,,,
07/16/26 07:05:00,49.68,4037.41,,,,
07/16/26 07:10:00,49.76,4182.01,,,,
07/16/26 07:15:00,51.15,4395.11,,,,
07/16/26 07:20:00,52.54,4613.92,,,,
07/16/26 07:25:00,53.31,4048.83,,,,
07/16/26 07:30:00,53.23,4043.12,,,,
07/16/26 07:35:00,46.74,2044.39,,,,
07/16/26 07:40:00,48.21,4507.37,,,,
07/16/26 07:45:00,52.15,4427.46,,,,
07/16/26 07:50:00,54.93,5260.81,,,,
07/16/26 07:55:00,54.39,5028.69,,,,
07/16/26 08:00:00,56.78,5468.20,,,,
07/16/26 08:05:00,56.32,5578.56,,,,
07/16/26 08:10:00,56.47,5926.74,,,,
07/16/26 08:15:00,53.62,5140.95,,,,
07/16/26 08:20:00,53.15,5331.21,,,,
07/16/26 08:25:00,59.33,6259.70,,,,
07/16/26 08:30:00,58.64,5700.33,,,,
07/16/26 08:35:00,61.03,7074.04,,,,
07/16/26 08:40:00,63.89,5793.56,,,,
07/16/26 08:45:00,59.72,5179.00,,,,
07/16/26 08:50:00,58.64,5574.75,,,,
07/16/26 08:55:00,64.43,6518.46,,,,
07/16/26 09:00:00,65.82,6634.52,,,,
07/16/26 09:05:00,70.61,6434.75,,,,
07/16/26 09:10:00,70.84,6655.45,,,,
07/16/26 09:15:00,71.38,6720.14,,,,
07/16/26 09:20:00,73.85,7235.76,,,,
07/16/26 09:25:00,76.86,7435.54,,,,
07/16/26 09:30:00,73.23,7414.61,,,,
07/16/26 09:35:00,74.70,7192.00,,,,
07/16/26 09:40:00,73.85,7991.11,,,,
07/16/26 09:45:00,68.98,7949.25,,,,
07/16/26 09:50:00,70.76,7983.50,,,,
07/16/26 09:55:00,70.30,7104.48,,,,
07/16/26 10:00:00,66.98,7850.32,,,,
07/16/26 10:05:00,68.13,8158.54,,,,
07/16/26 10:10:00,69.99,7869.34,,,,
07/16/26 10:15:00,69.29,8154.74,,,,
07/16/26 10:20:00,68.29,7722.84,,,,
07/16/26 10:25:00,67.52,8150.93,,,,
07/16/26 10:30:00,67.21,8002.53,,,,
07/16/26 10:35:00,65.66,8345.00,,,,
07/16/26 10:40:00,66.90,8348.81,,,,
07/16/26 10:45:00,67.21,8272.70,,,,
07/16/26 10:50:00,69.83,8402.08,,,,
07/16/26 10:55:00,70.22,8246.07,,,,
07/16/26 11:00:00,70.84,8428.72,,,,
07/16/26 11:05:00,72.38,8638.01,,,,
07/16/26 11:10:00,73.46,8265.09,,,,
07/16/26 11:15:00,75.86,8002.53,,,,
07/16/26 11:20:00,77.25,7831.29,,,,
07/16/26 11:25:00,80.80,8542.88,,,,
07/16/26 11:30:00,81.80,8706.51,,,,
07/16/26 11:35:00,86.20,8523.85,,,,
07/16/26 11:40:00,88.98,8725.53,,,,
07/16/26 11:45:00,82.27,8778.81,,,,
07/16/26 11:50:00,77.48,8717.92,,,,
07/16/26 11:55:00,76.09,8858.72,,,,
07/16/26 12:00:00,73.31,8854.91,,,,
07/16/26 12:05:00,71.38,8794.03,,,,
07/16/26 12:10:00,70.22,8950.04,,,,
07/16/26 12:15:00,70.37,8938.63,,,,
07/16/26 12:20:00,68.98,8885.35,,,,
07/16/26 12:25:00,69.37,8877.74,,,,
07/16/26 12:30:00,71.69,8931.02,,,,
07/16/26 12:35:00,74.31,8999.51,,,,
07/16/26 12:40:00,76.40,8911.99,,,,
07/16/26 12:45:00,74.78,8915.80,,,,
07/16/26 12:50:00,73.85,8870.13,,,,
07/16/26 12:55:00,72.23,8740.75,,,,
07/16/26 13:00:00,71.30,8976.68,,,,
07/16/26 13:05:00,71.38,8976.68,,,,
07/16/26 13:10:00,74.85,8622.79,,,,
07/16/26 13:15:00,73.23,8440.14,,,,
07/16/26 13:20:00,72.54,8501.02,,,,
07/16/26 13:25:00,72.00,8607.57,,,,
07/16/26 13:30:00,69.68,8386.86,,,,
07/16/26 13:35:00,66.82,7960.67,,,,
07/16/26 13:40:00,62.50,7730.45,,,,
07/16/26 13:45:00,61.96,7899.78,,,,
07/16/26 13:50:00,64.12,8280.31,,,,
07/16/26 13:55:00,65.66,8158.54,,,,
07/16/26 14:00:00,65.59,7979.70,,,,
07/16/26 14:05:00,66.74,7819.87,,,,
07/16/26 14:10:00,68.06,8086.24,,,,
07/16/26 14:15:00,68.67,8379.25,,,,
07/16/26 14:20:00,68.29,8295.53,,,,
07/16/26 14:25:00,66.90,8265.09,,,,
07/16/26 14:30:00,67.05,8169.96,,,,
07/16/26 14:35:00,66.82,7945.45,,,,
07/16/26 14:40:00,65.43,7857.93,,,,
07/16/26 14:45:00,63.96,8052.00,,,,
07/16/26 14:50:00,63.11,7880.76,,,,
07/16/26 14:55:00,62.88,7749.48,,,,
07/16/26 15:00:00,64.43,7641.02,,,,
07/16/26 15:05:00,66.82,7505.94,,,,
07/16/26 15:10:00,70.61,7564.92,,,,
07/16/26 15:15:00,72.00,7726.64,,,,
07/16/26 15:20:00,74.16,7612.48,,,,
07/16/26 15:25:00,73.69,7504.03,,,,
07/16/26 15:30:00,73.46,7249.08,,,,
07/16/26 15:35:00,71.69,7372.75,,,,
07/16/26 15:40:00,71.69,7260.50,,,,
07/16/26 15:45:00,71.07,7205.32,,,,
07/16/26 15:50:00,69.37,7070.23,,,,
07/16/26 15:55:00,71.76,7075.94,,,,
07/16/26 16:00:00,71.15,7028.37,,,,
07/16/26 16:05:00,67.90,7001.74,,,,
07/16/26 16:10:00,64.66,6969.39,,,,
07/16/26 16:15:00,64.27,6984.61,,,,
07/16/26 16:20:00,64.97,6997.93,,,,
07/16/26 16:25:00,64.97,7062.62,,,,
07/16/26 16:30:00,63.81,6288.24,,,,
07/16/26 16:35:00,63.11,6482.31,,,,
07/16/26 16:40:00,69.99,7349.92,,,,
07/16/26 16:45:00,69.37,7328.99,,,,
07/16/26 16:50:00,67.75,7483.10,,,,
07/16/26 16:55:00,66.36,7528.77,,,,
07/16/26 17:00:00,65.51,7669.56,,,,
07/16/26 17:05:00,64.20,7374.65,,,,
07/16/26 17:10:00,64.27,7418.41,,,,
07/16/26 17:15:00,64.97,7100.67,,,,
07/16/26 17:20:00,66.36,6788.64,,,,
07/16/26 17:25:00,66.98,6493.73,,,,
07/16/26 17:30:00,66.05,6185.50,,,,
07/16/26 17:35:00,64.43,5930.55,,,,
07/16/26 17:40:00,63.73,5702.23,,,,
07/16/26 17:45:00,61.80,5504.35,,,,
07/16/26 17:50:00,60.57,5329.31,,,,
07/16/26 17:55:00,59.56,5177.10,,,,
07/16/26 18:00:00,58.33,5047.72,,,,
07/16/26 18:05:00,58.17,4937.37,,,,
07/16/26 18:10:00,58.10,4830.82,,,,
07/16/26 18:15:00,57.25,4731.88,,,,
07/16/26 18:20:00,57.09,4625.33,,,,
07/16/26 18:25:00,57.48,4530.20,,,,
07/16/26 18:30:00,57.01,4433.16,,,,
07/16/26 18:35:00,57.17,4334.23,,,,
07/16/26 18:40:00,58.40,4242.90,,,,
07/16/26 18:45:00,58.79,4136.35,,,,
07/16/26 18:50:00,57.79,4041.22,,,,
07/16/26 18:55:00,57.94,3930.87,,,,
07/16/26 19:00:00,57.79,3812.90,,,,
07/16/26 19:05:00,57.32,3687.33,,,,
07/16/26 19:10:00,57.86,3537.02,,,,
07/16/26 19:15:00,56.78,3382.90,,,,
07/16/26 19:20:00,56.47,3199.30,,,,
07/16/26 19:25:00,55.16,3019.50,,,,
07/16/26 19:30:00,54.16,2851.11,,,,
07/16/26 19:35:00,53.39,2702.71,,,,
07/16/26 19:40:00,52.84,2579.04,,,,
07/16/26 19:45:00,52.30,2462.02,,,,
07/16/26 19:50:00,50.76,2358.33,,,,
07/16/26 19:55:00,49.83,2258.44,,,,
07/16/26 20:00:00,48.98,2163.31,,,,
07/16/26 20:05:00,47.36,2061.52,,,,
07/16/26 20:10:00,47.67,1973.04,,,,
07/16/26 20:15:00,47.75,1874.58,,,,
07/16/26 20:20:00,47.05,1780.88,,,,
07/16/26 20:25:00,45.59,1686.70,,,,
07/16/26 20:30:00,45.82,1587.76,,,,
07/16/26 20:35:00,45.20,1483.59,,,,
07/16/26 20:40:00,42.34,1374.19,,,,
07/16/26 20:45:00,41.49,1257.17,,,,
07/16/26 20:50:00,42.65,1144.92,,,,
07/16/26 20:55:00,40.18,1032.19,,,,
07/16/26 21:00:00,39.95,922.55,,,,
07/16/26 21:05:00,36.78,349.14,,,,
07/16/26 21:10:00,34.47,314.29,,,,
07/16/26 21:15:00,34.00,279.69,,,,
07/16/26 21:20:00,35.01,243.78,,,,
07/16/26 21:25:00,36.78,208.76,,,,
07/16/26 21:30:00,37.71,176.77,,,,
07/16/26 21:35:00,37.86,150.13,,,,
07/16/26 21:40:00,36.55,125.28,,,,
07/16/26 21:45:00,37.09,100.33,,,,
07/16/26 21:50:00,37.71,78.28,,,,
07/16/26 21:55:00,37.40,59.28,,,,
07/16/26 22:00:00,37.32,43.91,,,,
07/16/26 22:05:00,37.01,32.03,,,,
07/16/26 22:10:00,36.09,23.66,,,,
07/16/26 22:15:00,34.70,16.49,,,,
07/16/26 22:20:00,34.31,11.00,,,,
07/16/26 22:25:00,34.54,7.56,,,,
07/16/26 22:30:00,34.54,4.94,,,,
07/16/26 22:35:00,34.31,3.21,,,,
07/16/26 22:40:00,33.46,2.24,,,,
07/16/26 22:45:00,32.92,1.57,,,,
07/16/26 22:50:00,32.61,1.09,,,,
07/16/26 22:55:00,32.00,0.69,,,,
07/16/26 23:00:00,32.15,0.51,,,,
07/16/26 23:05:00,31.38,0.36,,,,
07/16/26 23:10:00,31.22,0.24,,,,
07/16/26 23:15:00,31.76,0.16,,,,
07/16/26 23:20:00,33.00,0.10,,,,
07/16/26 23:25:00,34.54,0.06,,,,
07/16/26 23:30:00,34.31,0.04,,,,
07/16/26 23:35:00,33.23,0.02,,,,
07/16/26 23:40:00,32.92,0.00,,,,
07/16/26 23:45:00,31.61,0.00,,,,
07/16/26 23:50:00,31.76,0.00,,,,
07/16/26 23:55:00,33.77,0.00,,,,
07/17/26 00:00:00,35.24,0.00,,,,
07/17/26 00:05:00,35.78,0.00,,,,
07/17/26 00:10:00,35.24,0.00,,,,
07/17/26 00:15:00,34.47,0.00,,,,
07/17/26 00:20:00,33.31,0.00,,,,
07/17/26 00:25:00,32.77,0.00,,,,
07/17/26 00:30:00,31.22,0.00,,,,
07/17/26 00:35:00,29.29,0.00,,,,
07/17/26 00:40:00,30.37,0.00,,,,
07/17/26 00:45:00,32.23,0.00,,,,
07/17/26 00:50:00,32.54,0.00,,,,
07/17/26 00:55:00,32.77,0.00,,,,
07/17/26 01:00:00,32.23,0.00,,,,
07/17/26 01:05:00,31.45,0.00,,,,
07/17/26 01:10:00,30.91,0.00,,,,
07/17/26 01:15:00,31.53,0.00,,,,
07/17/26 01:20:00,31.30,0.00,,,,
07/17/26 01:25:00,32.15,0.00,,,,
07/17/26 01:30:00,32.61,0.00,,,,
07/17/26 01:35:00,31.76,0.00,,,,
07/17/26 01:40:00,31.07,0.00,,,,
07/17/26 01:45:00,30.14,0.00,,,,
07/17/26 01:50:00,29.29,0.00,,,,
07/17/26 01:55:00,27.75,0.00,,,,
07/17/26 02:00:00,26.98,0.00,,,,
07/17/26 02:05:00,28.91,0.00,,,,
07/17/26 02:10:00,30.14,0.00,,,,
07/17/26 02:15:00,31.53,0.00,,,,
07/17/26 02:20:00,31.07,0.00,,,,
07/17/26 02:25:00,29.99,0.02,,,,
07/17/26 02:30:00,28.06,0.06,,,,
07/17/26 02:35:00,27.59,0.06,,,,
07/17/26 02:40:00,29.06,0.10,,,,
07/17/26 02:45:00,29.06,0.14,,,,
07/17/26 02:50:00,30.84,0.16,,,,
07/17/26 02:55:00,29.76,0.26,,,,
07/17/26 03:00:00,32.69,0.34,,,,
07/17/26 03:05:00,35.16,0.49,,,,
07/17/26 03:10:00,36.24,0.69,,,,
07/17/26 03:15:00,36.63,1.01,,,,
07/17/26 03:20:00,36.24,1.63,,,,
07/17/26 03:25:00,36.16,2.23,,,,
07/17/26 03:30:00,35.47,3.31,,,,
07/17/26 03:35:00,35.32,4.98,,,,
07/17/26 03:40:00,34.70,7.53,,,,
07/17/26 03:45:00,33.00,10.69,,,,
07/17/26 03:50:00,31.38,15.79,,,,
07/17/26 03:55:00,30.06,22.42,,,,
07/17/26 04:00:00,29.76,31.96,,,,
07/17/26 04:05:00,30.22,43.60,,,,
07/17/26 04:10:00,31.53,58.40,,,,
07/17/26 04:15:00,31.53,76.34,,,,
07/17/26 04:20:00,30.68,98.28,,,,
07/17/26 04:25:00,30.30,122.90,,,,
07/17/26 04:30:00,31.07,150.78,,,,
07/17/26 04:35:00,31.30,187.35,,,,
07/17/26 04:40:00,34.62,351.28,,,,
07/17/26 04:45:00,37.48,427.38,,,,
07/17/26 04:50:00,39.10,510.86,,,,
07/17/26 04:55:00,40.95,598.14,,,,
07/17/26 05:00:00,41.96,687.33,,,,
07/17/26 05:05:00,43.35,785.08,,,,
07/17/26 05:10:00,44.58,889.01,,,,
07/17/26 05:15:00,45.43,1000.32,,,,
07/17/26 05:20:00,45.82,1116.85,,,,
07/17/26 05:25:00,46.13,1233.39,,,,
07/17/26 05:30:00,46.90,1352.78,,,,
07/17/26 05:35:00,47.90,1478.83,,,,
07/17/26 05:40:00,48.29,1602.98,,,,
07/17/26 05:45:00,48.37,1732.83,,,,
07/17/26 05:50:00,49.14,1858.41,,,,
07/17/26 05:55:00,50.06,1994.92,,,,
07/17/26 06:00:00,50.45,2137.62,,,,
07/17/26 06:05:00,50.99,2278.42,,,,
07/17/26 06:10:00,51.61,2422.07,,,,
07/17/26 06:15:00,52.84,2575.23,,,,
07/17/26 06:20:00,52.77,2730.30,,,,
07/17/26 06:25:00,53.69,2885.36,,,,
07/17/26 06:30:00,54.47,3027.11,,,,
07/17/26 06:35:00,54.62,3149.83,,,,
07/17/26 06:40:00,55.08,3258.28,,,,
07/17/26 06:45:00,55.93,3352.46,,,,
07/17/26 06:50:00,56.09,3451.40,,,,
07/17/26 06:55:00,55.47,3545.58,,,,
07/17/26 07:00:00,55.62,3640.71,,,,
07/17/26 07:05:00,56.63,3752.02,,,,
07/17/26 07:10:00,57.40,3862.37,,,,
07/17/26 07:15:00,57.17,3972.72,,,,
07/17/26 07:20:00,58.64,4092.59,,,,
07/17/26 07:25:00,59.41,4216.26,,,,
07/17/26 07:30:00,60.41,4334.23,,,,
07/17/26 07:35:00,61.11,4452.19,,,,
07/17/26 07:40:00,63.81,4572.06,,,,
07/17/26 07:45:00,66.51,4695.73,,,,
07/17/26 07:50:00,67.59,4838.43,,,,
07/17/26 07:55:00,68.75,4969.71,,,,
07/17/26 08:00:00,70.30,5078.16,,,,
07/17/26 08:05:00,71.45,5209.44,,,,
07/17/26 08:10:00,72.30,5331.21,,,,
07/17/26 08:15:00,70.22,5456.79,,,,
07/17/26 08:20:00,69.37,5580.46,,,,
07/17/26 08:25:00,66.51,5709.84,,,,
07/17/26 08:30:00,66.13,5841.12,,,,
07/17/26 08:35:00,65.89,5962.89,,,,
07/17/26 08:40:00,65.89,6077.05,,,,
07/17/26 08:45:00,67.28,6183.60,,,,
07/17/26 08:50:00,68.06,6303.46,,,,
07/17/26 08:55:00,68.06,6411.92,,,,
07/17/26 09:00:00,67.21,6527.98,,,,
07/17/26 09:05:00,67.59,6621.21,,,,
07/17/26 09:10:00,69.06,6723.95,,,,
07/17/26 09:15:00,68.67,6832.40,,,,
07/17/26 09:20:00,66.67,6944.66,,,,
07/17/26 09:25:00,64.89,7037.89,,,,
07/17/26 09:30:00,63.66,7144.43,,,,
07/17/26 09:35:00,63.19,7235.76,,,,
07/17/26 09:40:00,64.12,7321.38,,,,
07/17/26 09:45:00,64.89,7405.10,,,,
07/17/26 09:50:00,66.20,7488.81,,,,
07/17/26 09:55:00,68.13,7570.63,,,,
07/17/26 10:00:00,67.67,7661.95,,,,
07/17/26 10:05:00,65.89,7734.25,,,,
07/17/26 10:10:00,65.35,7816.07,,,,
07/17/26 10:15:00,65.28,7892.17,,,,
07/17/26 10:20:00,65.12,7953.06,,,,
07/17/26 10:25:00,63.58,8032.97,,,,
07/17/26 10:30:00,62.42,8097.66,,,,
07/17/26 10:35:00,62.19,8181.38,,,,
07/17/26 10:40:00,61.88,8219.43,,,,
07/17/26 10:45:00,61.65,8287.92,,,,
07/17/26 10:50:00,61.88,8341.20,,,,
07/17/26 10:55:00,62.34,8402.08,,,,
07/17/26 11:00:00,63.19,8440.14,,,,
07/17/26 11:05:00,63.42,8485.80,,,,
07/17/26 11:10:00,64.04,8523.85,,,,
07/17/26 11:15:00,64.50,8588.54,,,,
07/17/26 11:20:00,65.74,8607.57,,,,
07/17/26 11:25:00,65.74,8645.62,,,,
07/17/26 11:30:00,65.89,8691.28,,,,
07/17/26 11:35:00,66.05,8706.51,,,,
07/17/26 11:40:00,66.44,8744.56,,,,
07/17/26 11:45:00,66.67,8759.78,,,,
07/17/26 11:50:00,67.13,8778.81,,,,
07/17/26 11:55:00,67.05,8786.42,,,,
07/17/26 12:00:00,65.51,8790.22,,,,
07/17/26 12:05:00,66.44,8809.25,,,,
07/17/26 12:10:00,65.35,8809.25,,,,
07/17/26 12:15:00,64.04,8816.86,,,,
07/17/26 12:20:00,62.96,8816.86,,,,
07/17/26 12:25:00,62.88,8809.25,,,,
07/17/26 12:30:00,63.42,8801.64,,,,
07/17/26 12:35:00,63.89,8794.03,,,,
07/17/26 12:40:00,63.96,8778.81,,,,
07/17/26 12:45:00,64.81,8767.39,,,,
07/17/26 12:50:00,65.51,8744.56,,,,
07/17/26 12:55:00,66.44,8725.53,,,,
07/17/26 13:00:00,66.28,8698.90,,,,
07/17/26 13:05:00,66.59,8676.06,,,,
07/17/26 13:10:00,67.83,8653.23,,,,
07/17/26 13:15:00,68.37,8630.40,,,,
07/17/26 13:20:00,69.14,8603.76,,,,
07/17/26 13:25:00,67.05,8569.52,,,,
07/17/26 13:30:00,66.82,8539.07,,,,
07/17/26 13:35:00,64.81,8501.02,,,,
07/17/26 13:40:00,65.66,8466.77,,,,
07/17/26 13:45:00,65.82,8428.72,,,,
07/17/26 13:50:00,65.20,8386.86,,,,
07/17/26 13:55:00,64.74,8352.61,,,,
07/17/26 14:00:00,64.74,8310.76,,,,
07/17/26 14:05:00,64.35,8272.70,,,,
07/17/26 14:10:00,69.14,8219.43,,,,
07/17/26 14:15:00,72.15,8162.35,,,,
07/17/26 14:20:00,73.77,8112.88,,,,
07/17/26 14:25:00,75.55,8059.61,,,,
07/17/26 14:30:00,76.32,8021.55,,,,
07/17/26 14:35:00,76.71,7972.08,,,,
07/17/26 14:40:00,69.91,7934.03,,,,
07/17/26 14:45:00,69.45,7880.76,,,,
07/17/26 14:50:00,66.36,7831.29,,,,
07/17/26 14:55:00,66.13,7789.43,,,,
07/17/26 15:00:00,65.20,7732.35,,,,
07/17/26 15:05:00,64.27,7673.37,,,,
07/17/26 15:10:00,64.43,7610.58,,,,
07/17/26 15:15:00,64.58,7547.79,,,,
07/17/26 15:20:00,63.89,7504.03,,,,
07/17/26 15:25:00,64.04,7433.64,,,,
07/17/26 15:30:00,62.42,7359.43,,,,
07/17/26 15:35:00,62.19,7285.23,,,,
07/17/26 15:40:00,62.42,7211.03,,,,
07/17/26 15:45:00,62.42,7153.95,,,,
07/17/26 15:50:00,62.65,7115.89,,,,
07/17/26 15:55:00,62.27,7053.11,,,,
07/17/26 16:00:00,61.80,7007.44,,,,
07/17/26 16:05:00,60.95,6971.29,,,,
07/17/26 16:10:00,60.64,6961.78,,,,
07/17/26 16:15:00,60.34,6956.07,,,,
07/17/26 16:20:00,59.87,6982.71,,,,
07/17/26 16:25:00,59.87,7035.98,,,,
07/17/26 16:30:00,59.64,7138.73,,,,
07/17/26 16:35:00,59.64,7241.47,,,,
07/17/26 16:40:00,59.41,7399.39,,,,
07/17/26 16:45:00,58.79,7549.70,,,,
07/17/26 16:50:00,59.02,7625.80,,,,
07/17/26 16:55:00,58.79,7642.93,,,,
07/17/26 17:00:00,58.40,7618.19,,,,
07/17/26 17:05:00,58.87,7483.10,,,,
07/17/26 17:10:00,58.40,7157.75,,,,
07/17/26 17:15:00,58.02,6902.80,,,,
07/17/26 17:20:00,58.10,6556.52,,,,
07/17/26 17:25:00,58.56,5816.39,,,,
07/17/26 17:30:00,58.95,5941.96,,,,
07/17/26 17:35:00,58.71,5666.08,,,,
07/17/26 17:40:00,58.17,5437.76,,,,
07/17/26 17:45:00,57.40,5291.26,,,,
07/17/26 17:50:00,56.78,5154.27,,,,
07/17/26 17:55:00,56.24,5051.52,,,,
07/17/26 18:00:00,56.09,4914.53,,,,
07/17/26 18:05:00,56.24,4806.08,,,,
07/17/26 18:10:00,55.55,4701.44,,,,
07/17/26 18:15:00,54.08,4615.82,,,,
07/17/26 18:20:00,54.23,4514.98,,,,
07/17/26 18:25:00,53.77,4421.75,,,,
07/17/26 18:30:00,53.15,4282.86,,,,
07/17/26 18:35:00,52.61,4246.70,,,,
07/17/26 18:40:00,52.23,4143.96,,,,
07/17/26 18:45:00,52.00,4041.22,,,,
07/17/26 18:50:00,51.61,3917.55,,,,
07/17/26 18:55:00,51.69,3812.90,,,,
07/17/26 19:00:00,51.45,3665.45,,,,
07/17/26 19:05:00,51.22,3592.19,,,,
07/17/26 19:10:00,50.30,3244.01,,,,
07/17/26 19:15:00,49.99,3258.28,,,,
07/17/26 19:20:00,49.76,3024.26,,,,
07/17/26 19:25:00,43.81,1062.63,,,,
07/17/26 19:30:00,42.27,1238.15,,,,
07/17/26 19:35:00,44.50,2671.31,,,,
07/17/26 19:40:00,46.28,2488.66,,,,
07/17/26 19:45:00,42.19,931.34,,,,
07/17/26 19:50:00,39.18,1145.87,,,,
07/17/26 19:55:00,44.89,2434.43,,,,
07/17/26 20:00:00,45.97,2131.91,,,,
07/17/26 20:05:00,40.64,836.21,,,,
07/17/26 20:10:00,38.71,1028.86,,,,
07/17/26 20:15:00,38.33,1032.66,,,,
07/17/26 20:20:00,40.72,1786.58,,,,
07/17/26 20:25:00,40.64,1130.17,,,,
07/17/26 20:30:00,38.10,632.87,,,,
07/17/26 20:35:00,36.71,513.48,,,,
07/17/26 20:40:00,36.09,547.96,,,,
07/17/26 20:45:00,36.32,464.36,,,,
07/17/26 20:50:00,36.78,461.87,,,,
07/17/26 20:55:00,36.78,337.01,,,,
07/17/26 21:00:00,35.86,276.00,,,,
07/17/26 21:05:00,35.78,219.99,,,,
07/17/26 21:10:00,36.09,197.70,,,,
07/17/26 21:15:00,36.24,181.35,,,,
07/17/26 21:20:00,36.32,158.16,,,,
07/17/26 21:25:00,36.01,127.24,,,,
07/17/26 21:30:00,36.24,110.56,,,,
07/17/26 21:35:00,36.24,94.33,,,,
07/17/26 21:40:00,36.16,82.77,,,,
07/17/26 21:45:00,36.24,63.62,,,,
07/17/26 21:50:00,36.24,48.26,,,,
07/17/26 21:55:00,36.24,31.69,,,,
07/17/26 22:00:00,36.32,23.40,,,,
07/17/26 22:05:00,36.09,15.61,,,,
07/17/26 22:10:00,35.62,11.55,,,,
07/17/26 22:15:00,35.70,8.12,,,,
07/17/26 22:20:00,35.70,5.53,,,,
07/17/26 22:25:00,35.62,3.48,,,,
07/17/26 22:30:00,35.70,2.35,,,,
07/17/26 22:35:00,35.93,1.59,,,,
07/17/26 22:40:00,36.09,1.15,,,,
07/17/26 22:45:00,35.93,0.75,,,,
07/17/26 22:50:00,36.01,0.49,,,,
07/17/26 22:55:00,36.01,0.28,,,,
07/17/26 23:00:00,35.93,0.20,,,,
07/17/26 23:05:00,35.70,0.12,,,,
07/17/26 23:10:00,35.39,0.08,,,,
07/17/26 23:15:00,35.93,0.06,,,,
07/17/26 23:20:00,35.62,0.04,,,,
07/17/26 23:25:00,35.47,0.02,,,,
07/17/26 23:30:00,35.47,0.00,,,,
07/17/26 23:35:00,35.47,0.00,,,,
07/17/26 23:40:00,35.08,0.00,,,,
07/17/26 23:45:00,35.08,0.00,,,,
07/17/26 23:50:00,35.16,0.00,,,,
07/17/26 23:55:00,35.01,0.00,,,,
07/18/26 00:00:00,35.01,0.00,,,,
07/18/26 00:05:00,34.85,0.00,,,,
07/18/26 00:10:00,34.85,0.00,,,,
07/18/26 00:15:00,34.62,0.00,,,,
07/18/26 00:20:00,34.54,0.00,,,,
07/18/26 00:25:00,34.54,0.00,,,,
07/18/26 00:30:00,34.54,0.00,,,,
07/18/26 00:35:00,34.62,0.00,,,,
07/18/26 00:40:00,34.85,0.00,,,,
07/18/26 00:45:00,34.93,0.00,,,,
07/18/26 00:50:00,34.62,0.00,,,,
07/18/26 00:55:00,34.31,0.00,,,,
07/18/26 01:00:00,34.39,0.00,,,,
07/18/26 01:05:00,34.47,0.00,,,,
07/18/26 01:10:00,34.62,0.00,,,,
07/18/26 01:15:00,34.77,0.00,,,,
07/18/26 01:20:00,34.54,0.00,,,,
07/18/26 01:25:00,34.54,0.00,,,,
07/18/26 01:30:00,34.31,0.00,,,,
07/18/26 01:35:00,34.54,0.00,,,,
07/18/26 01:40:00,34.00,0.00,,,,
07/18/26 01:45:00,33.54,0.00,,,,
07/18/26 01:50:00,33.77,0.00,,,,
07/18/26 01:55:00,33.62,0.00,,,,
07/18/26 02:00:00,33.62,0.00,,,,
07/18/26 02:05:00,33.62,0.00,,,,
07/18/26 02:10:00,33.54,0.00,,,,
07/18/26 02:15:00,33.46,0.00,,,,
07/18/26 02:20:00,33.93,0.00,,,,
07/18/26 02:25:00,34.00,0.00,,,,
07/18/26 02:30:00,34.08,0.00,,,,
07/18/26 02:35:00,33.69,0.00,,,,
07/18/26 02:40:00,33.93,0.02,,,,
07/18/26 02:45:00,33.69,0.04,,,,
07/18/26 02:50:00,33.69,0.04,,,,
07/18/26 02:55:00,33.62,0.08,,,,
07/18/26 03:00:00,33.69,0.12,,,,
07/18/26 03:05:00,33.69,0.18,,,,
07/18/26 03:10:00,33.69,0.28,,,,
07/18/26 03:15:00,33.69,0.46,,,,
07/18/26 03:20:00,33.77,0.63,,,,
07/18/26 03:25:00,33.62,0.89,,,,
07/18/26 03:30:00,33.46,1.45,,,,
07/18/26 03:35:00,33.31,2.14,,,,
07/18/26 03:40:00,33.38,3.15,,,,
07/18/26 03:45:00,33.15,4.66,,,,
07/18/26 03:50:00,33.23,7.16,,,,
07/18/26 03:55:00,33.08,9.64,,,,
07/18/26 04:00:00,33.08,15.14,,,,
07/18/26 04:05:00,33.15,21.18,,,,
07/18/26 04:10:00,33.15,30.43,,,,
07/18/26 04:15:00,33.54,39.48,,,,
07/18/26 04:20:00,34.39,57.26,,,,
07/18/26 04:25:00,34.62,67.75,,,,
07/18/26 04:30:00,34.62,86.81,,,,
07/18/26 04:35:00,34.54,111.13,,,,
07/18/26 04:40:00,34.62,139.84,,,,
07/18/26 04:45:00,34.54,179.15,,,,
07/18/26 04:50:00,34.62,232.54,,,,
07/18/26 04:55:00,34.85,321.55,,,,
07/18/26 05:00:00,34.93,424.17,,,,
07/18/26 05:05:00,35.39,736.09,,,,
07/18/26 05:10:00,35.08,526.79,,,,
07/18/26 05:15:00,35.01,434.64,,,,
07/18/26 05:20:00,34.47,390.64,,,,
07/18/26 05:25:00,34.23,419.06,,,,
07/18/26 05:30:00,34.16,552.48,,,,
07/18/26 05:35:00,34.23,589.58,,,,
07/18/26 05:40:00,34.23,664.02,,,,
07/18/26 05:45:00,34.08,700.17,,,,
07/18/26 05:50:00,34.16,683.53,,,,
07/18/26 05:55:00,34.08,661.41,,,,
07/18/26 06:00:00,33.85,675.91,,,,
07/18/26 06:05:00,33.77,683.05,,,,
07/18/26 06:10:00,34.16,809.10,,,,
07/18/26 06:15:00,35.16,1080.23,,,,
07/18/26 06:20:00,39.10,1803.71,,,,
07/18/26 06:25:00,39.18,1870.78,,,,
07/18/26 06:30:00,39.64,1165.85,,,,
07/18/26 06:35:00,40.88,2334.55,,,,
07/18/26 06:40:00,44.81,3454.25,,,,
07/18/26 06:45:00,47.67,3525.60,,,,
07/18/26 06:50:00,47.98,4012.68,,,,
07/18/26 06:55:00,46.51,3847.15,,,,
07/18/26 07:00:00,50.53,4107.81,,,,
07/18/26 07:05:00,52.30,4507.37,,,,
07/18/26 07:10:00,49.14,5810.68,,,,
07/18/26 07:15:00,43.27,2128.11,,,,
07/18/26 07:20:00,40.41,1874.58,,,,
07/18/26 07:25:00,40.95,2692.24,,,,
07/18/26 07:30:00,41.96,3256.38,,,,
07/18/26 07:35:00,43.89,3934.67,,,,
07/18/26 07:40:00,44.66,3740.60,,,,
07/18/26 07:45:00,42.11,2796.89,,,,
07/18/26 07:50:00,40.18,2144.28,,,,
07/18/26 07:55:00,45.35,3213.57,,,,
07/18/26 08:00:00,42.81,3468.52,,,,
07/18/26 08:05:00,41.57,3156.49,,,,
07/18/26 08:10:00,42.73,3422.86,,,,
07/18/26 08:15:00,42.19,3209.76,,,,
07/18/26 08:20:00,42.65,3487.55,,,,
07/18/26 08:25:00,44.20,4048.83,,,,
07/18/26 08:30:00,45.51,3872.83,,,,
07/18/26 08:35:00,48.83,4948.78,,,,
07/18/26 08:40:00,51.84,5411.12,,,,
07/18/26 08:45:00,61.03,6586.96,,,,
07/18/26 08:50:00,68.06,8169.96,,,,
07/18/26 08:55:00,68.60,9939.42,,,,
07/18/26 09:00:00,66.90,8618.98,,,,
07/18/26 09:05:00,64.50,7785.63,,,,
07/18/26 09:10:00,64.20,8010.14,,,,
07/18/26 09:15:00,63.27,8147.13,,,,
07/18/26 09:20:00,62.27,6619.30,,,,
07/18/26 09:25:00,60.88,8257.48,,,,
07/18/26 09:30:00,63.50,7631.51,,,,
07/18/26 09:35:00,62.96,8227.04,,,,
07/18/26 09:40:00,62.73,6590.76,,,,
07/18/26 09:45:00,62.03,8059.61,,,,
07/18/26 09:50:00,59.49,8052.00,,,,
07/18/26 09:55:00,59.02,7873.15,,,,
07/18/26 10:00:00,60.49,7937.84,,,,
07/18/26 10:05:00,61.42,8371.64,,,,
07/18/26 10:10:00,60.95,8961.46,,,,
07/18/26 10:15:00,60.72,8166.15,,,,
07/18/26 10:20:00,61.03,8447.75,,,,
07/18/26 10:25:00,63.81,7315.67,,,,
07/18/26 10:30:00,63.89,8451.55,,,,
07/18/26 10:35:00,60.49,8481.99,,,,
07/18/26 10:40:00,57.79,8508.63,,,,
07/18/26 10:45:00,59.41,9007.12,,,,
07/18/26 10:50:00,63.04,8386.86,,,,
07/18/26 10:55:00,67.59,8622.79,,,,
07/18/26 11:00:00,66.36,9794.82,,,,
07/18/26 11:05:00,69.99,11419.68,,,,
07/18/26 11:10:00,64.20,6002.85,,,,
07/18/26 11:15:00,65.51,9775.79,,,,
07/18/26 11:20:00,62.11,9288.72,,,,
07/18/26 11:25:00,60.03,9033.76,,,,
07/18/26 11:30:00,59.72,9163.14,,,,
07/18/26 11:35:00,59.33,9068.01,,,,
07/18/26 11:40:00,60.57,8961.46,,,,
07/18/26 11:45:00,60.64,8972.88,,,,
07/18/26 11:50:00,59.10,9048.98,,,,
07/18/26 11:55:00,58.64,9033.76,,,,
07/18/26 12:00:00,58.64,9383.85,,,,
07/18/26 12:05:00,58.95,9121.28,,,,
07/18/26 12:10:00,59.72,9364.82,,,,
07/18/26 12:15:00,58.95,9802.43,,,,
07/18/26 12:20:00,58.87,9227.83,,,,
07/18/26 12:25:00,58.95,9273.49,,,,
07/18/26 12:30:00,58.95,9128.89,,,,
07/18/26 12:35:00,58.95,9277.30,,,,
07/18/26 12:40:00,58.79,9106.06,,,,
07/18/26 12:45:00,58.71,8615.18,,,,
07/18/26 12:50:00,59.64,9106.06,,,,
07/18/26 12:55:00,61.18,9147.92,,,,
07/18/26 13:00:00,61.72,9144.11,,,,
07/18/26 13:05:00,61.42,9265.88,,,,
07/18/26 13:10:00,62.34,9703.49,,,,
07/18/26 13:15:00,62.42,9254.47,,,,
07/18/26 13:20:00,59.49,9090.84,,,,
07/18/26 13:25:00,60.10,9159.34,,,,
07/18/26 13:30:00,58.79,9273.49,,,,
07/18/26 13:35:00,58.33,8927.21,,,,
07/18/26 13:40:00,58.33,8931.02,,,,
07/18/26 13:45:00,60.64,9022.34,,,,
07/18/26 13:50:00,63.50,9661.63,,,,
07/18/26 13:55:00,63.73,6396.69,,,,
07/18/26 14:00:00,60.95,8991.90,,,,
07/18/26 14:05:00,60.49,9026.15,,,,
07/18/26 14:10:00,63.42,8714.12,,,,
07/18/26 14:15:00,63.66,8980.49,,,,
07/18/26 14:20:00,66.51,8481.99,,,,
07/18/26 14:25:00,67.90,8641.82,,,,
07/18/26 14:30:00,70.68,9216.41,,,,
07/18/26 14:35:00,70.53,8801.64,,,,
07/18/26 14:40:00,65.51,8242.26,,,,
07/18/26 14:45:00,65.28,8341.20,,,,
07/18/26 14:50:00,64.43,8067.22,,,,
07/18/26 14:55:00,65.89,8592.35,,,,
07/18/26 15:00:00,67.44,9193.58,,,,
07/18/26 15:05:00,67.52,8268.90,,,,
07/18/26 15:10:00,66.82,8295.53,,,,
07/18/26 15:15:00,60.57,6781.03,,,,
07/18/26 15:20:00,56.01,7787.53,,,,
07/18/26 15:25:00,64.12,9098.45,,,,
07/18/26 15:30:00,56.32,4773.74,,,,
07/18/26 15:35:00,56.94,7918.81,,,,
07/18/26 15:40:00,61.57,9882.34,,,,
07/18/26 15:45:00,62.73,6552.71,,,,
07/18/26 15:50:00,61.80,4705.24,,,,
07/18/26 15:55:00,62.57,8478.19,,,,
07/18/26 16:00:00,64.12,7534.48,,,,
07/18/26 16:05:00,62.57,3675.91,,,,
07/18/26 16:10:00,58.87,7486.91,,,,
07/18/26 16:15:00,59.49,7315.67,,,,
07/18/26 16:20:00,60.80,7426.03,,,,
07/18/26 16:25:00,62.81,7572.53,,,,
07/18/26 16:30:00,62.65,8082.44,,,,
07/18/26 16:35:00,58.87,6902.80,,,,
07/18/26 16:40:00,59.95,7420.32,,,,
07/18/26 16:45:00,59.87,7930.23,,,,
07/18/26 16:50:00,61.18,7726.64,,,,
07/18/26 16:55:00,60.64,7597.26,,,,
07/18/26 17:00:00,58.64,7509.74,,,,
07/18/26 17:05:00,56.94,7081.65,,,,
07/18/26 17:10:00,56.55,7030.28,,,,
07/18/26 17:15:00,56.55,6944.66,,,,
07/18/26 17:20:00,54.23,6444.26,,,,
07/18/26 17:25:00,54.70,6191.21,,,,
07/18/26 17:30:00,54.39,5964.79,,,,
07/18/26 17:35:00,54.93,5753.60,,,,
07/18/26 17:40:00,55.39,5593.78,,,,
07/18/26 17:45:00,55.32,5411.12,,,,
07/18/26 17:50:00,55.32,5253.20,,,,
07/18/26 17:55:00,55.93,5245.59,,,,
07/18/26 18:00:00,57.48,5013.47,,,,
07/18/26 18:05:00,56.17,5003.96,,,,
07/18/26 18:10:00,54.70,3218.32,,,,
07/18/26 18:15:00,55.16,5114.31,,,,
07/18/26 18:20:00,52.38,2067.22,,,,
07/18/26 18:25:00,49.68,4941.17,,,,
07/18/26 18:30:00,54.78,4676.70,,,,
07/18/26 18:35:00,54.31,4383.70,,,,
07/18/26 18:40:00,54.85,4258.12,,,,
07/18/26 18:45:00,52.84,4140.16,,,,
07/18/26 18:50:00,51.15,3917.55,,,,
07/18/26 18:55:00,50.68,3855.71,,,,
07/18/26 19:00:00,50.30,3703.50,,,,
07/18/26 19:05:00,49.14,3483.74,,,,
07/18/26 19:10:00,49.37,3389.56,,,,
07/18/26 19:15:00,48.91,3241.16,,,,
07/18/26 19:20:00,48.75,3064.21,,,,
07/18/26 19:25:00,48.52,2897.73,,,,
07/18/26 19:30:00,47.75,2726.49,,,,
07/18/26 19:35:00,46.59,2296.49,,,,
07/18/26 19:40:00,46.98,2537.18,,,,
07/18/26 19:45:00,47.52,2518.15,,,,
07/18/26 19:50:00,45.74,2330.74,,,,
07/18/26 19:55:00,45.20,2240.37,,,,
07/18/26 20:00:00,45.12,1958.77,,,,
07/18/26 20:05:00,45.43,2057.71,,,,
07/18/26 20:10:00,42.88,1741.87,,,,
07/18/26 20:15:00,44.43,1743.77,,,,
07/18/26 20:20:00,42.81,1811.32,,,,
07/18/26 20:25:00,43.73,1652.45,,,,
07/18/26 20:30:00,43.42,1232.91,,,,
07/18/26 20:35:00,42.57,1333.75,,,,
07/18/26 20:40:00,42.65,1300.46,,,,
07/18/26 20:45:00,42.57,1211.99,,,,
07/18/26 20:50:00,42.96,1114.95,,,,
07/18/26 20:55:00,42.57,1005.55,,,,
07/18/26 21:00:00,40.95,840.02,,,,
07/18/26 21:05:00,36.32,330.35,,,,
07/18/26 21:10:00,33.38,300.62,,,,
07/18/26 21:15:00,32.23,266.61,,,,
07/18/26 21:20:00,32.69,235.04,,,,
07/18/26 21:25:00,32.69,202.57,,,,
07/18/26 21:30:00,33.62,170.88,,,,
07/18/26 21:35:00,34.23,141.81,,,,
07/18/26 21:40:00,35.08,115.62,,,,
07/18/26 21:45:00,34.31,90.91,,,,
07/18/26 21:50:00,34.39,69.45,,,,
07/18/26 21:55:00,33.77,51.04,,,,
07/18/26 22:00:00,34.54,36.63,,,,
07/18/26 22:05:00,34.93,25.82,,,,
07/18/26 22:10:00,34.77,17.78,,,,
07/18/26 22:15:00,34.85,11.95,,,,
07/18/26 22:20:00,36.24,8.12,,,,
07/18/26 22:25:00,36.09,5.33,,,,
07/18/26 22:30:00,36.16,3.41,,,,
07/18/26 22:35:00,35.86,2.36,,,,
07/18/26 22:40:00,36.94,1.70,,,,
07/18/26 22:45:00,36.94,1.05,,,,
07/18/26 22:50:00,36.71,0.73,,,,
07/18/26 22:55:00,36.94,0.46,,,,
07/18/26 23:00:00,36.94,0.30,,,,
07/18/26 23:05:00,37.48,0.24,,,,
07/18/26 23:10:00,36.63,0.16,,,,
07/18/26 23:15:00,35.93,0.10,,,,
07/18/26 23:20:00,36.71,0.06,,,,
07/18/26 23:25:00,34.62,0.04,,,,
07/18/26 23:30:00,33.46,0.02,,,,
07/18/26 23:35:00,32.92,0.00,,,,
07/18/26 23:40:00,32.69,0.00,,,,
07/18/26 23:45:00,33.00,0.00,,,,
07/18/26 23:50:00,33.31,0.00,,,,
07/18/26 23:55:00,32.92,0.00,,,,
07/19/26 00:00:00,32.30,0.00,,,,
07/19/26 00:05:00,34.16,0.00,,,,
07/19/26 00:10:00,34.93,0.00,,,,
07/19/26 00:15:00,33.54,0.00,,,,
07/19/26 00:20:00,33.08,0.00,,,,
07/19/26 00:25:00,32.84,0.00,,,,
07/19/26 00:30:00,33.69,0.00,,,,
07/19/26 00:35:00,33.93,0.00,,,,
07/19/26 00:40:00,34.47,0.00,,,,
07/19/26 00:45:00,35.47,0.00,,,,
07/19/26 00:50:00,35.47,0.00,,,,
07/19/26 00:55:00,35.01,0.00,,,,
07/19/26 01:00:00,35.32,0.00,,,,
07/19/26 01:05:00,34.23,0.00,,,,
07/19/26 01:10:00,34.54,0.00,,,,
07/19/26 01:15:00,35.39,0.00,,,,
07/19/26 01:20:00,35.01,0.00,,,,
07/19/26 01:25:00,36.16,0.00,,,,
07/19/26 01:30:00,36.01,0.00,,,,
07/19/26 01:35:00,34.93,0.00,,,,
07/19/26 01:40:00,34.85,0.00,,,,
07/19/26 01:45:00,34.39,0.00,,,,
07/19/26 01:50:00,35.16,0.00,,,,
07/19/26 01:55:00,36.24,0.00,,,,
07/19/26 02:00:00,35.55,0.00,,,,
07/19/26 02:05:00,36.16,0.00,,,,
07/19/26 02:10:00,38.10,0.00,,,,
07/19/26 02:15:00,38.94,0.00,,,,
07/19/26 02:20:00,39.41,0.02,,,,
07/19/26 02:25:00,39.33,0.02,,,,
07/19/26 02:30:00,39.18,0.04,,,,
07/19/26 02:35:00,38.79,0.06,,,,
07/19/26 02:40:00,37.48,0.06,,,,
07/19/26 02:45:00,38.56,0.08,,,,
07/19/26 02:50:00,39.02,0.12,,,,
07/19/26 02:55:00,39.64,0.20,,,,
07/19/26 03:00:00,39.02,0.24,,,,
07/19/26 03:05:00,39.02,0.30,,,,
07/19/26 03:10:00,39.02,0.44,,,,
07/19/26 03:15:00,37.55,0.66,,,,
07/19/26 03:20:00,37.63,0.99,,,,
07/19/26 03:25:00,39.18,1.58,,,,
07/19/26 03:30:00,39.64,2.34,,,,
07/19/26 03:35:00,39.49,3.31,,,,
07/19/26 03:40:00,39.33,5.10,,,,
07/19/26 03:45:00,39.25,7.73,,,,
07/19/26 03:50:00,39.02,11.40,,,,
07/19/26 03:55:00,38.94,16.83,,,,
07/19/26 04:00:00,39.49,24.15,,,,
07/19/26 04:05:00,39.87,34.04,,,,
07/19/26 04:10:00,39.95,46.60,,,,
07/19/26 04:15:00,40.10,62.55,,,,
07/19/26 04:20:00,40.57,81.72,,,,
07/19/26 04:25:00,39.79,104.94,,,,
07/19/26 04:30:00,40.41,131.88,,,,
07/19/26 04:35:00,40.88,160.65,,,,
07/19/26 04:40:00,41.80,296.34,,,,
07/19/26 04:45:00,43.11,366.14,,,,
07/19/26 04:50:00,42.73,439.75,,,,
07/19/26 04:55:00,42.88,528.46,,,,
07/19/26 05:00:00,43.58,625.26,,,,
07/19/26 05:05:00,43.73,723.48,,,,
07/19/26 05:10:00,44.35,820.99,,,,
07/19/26 05:15:00,45.59,932.06,,,,
07/19/26 05:20:00,46.59,1045.98,,,,
07/19/26 05:25:00,47.52,1168.70,,,,
07/19/26 05:30:00,47.90,1286.19,,,,
07/19/26 05:35:00,47.90,1412.71,,,,
07/19/26 05:40:00,47.21,1526.87,,,,
07/19/26 05:45:00,47.75,1651.50,,,,
07/19/26 05:50:00,48.21,1782.30,,,,
07/19/26 05:55:00,50.53,1940.22,,,,
07/19/26 06:00:00,50.06,2087.20,,,,
07/19/26 06:05:00,51.38,2226.10,,,,
07/19/26 06:10:00,52.84,2359.28,,,,
07/19/26 06:15:00,53.08,2518.15,,,,
07/19/26 06:20:00,52.61,2663.70,,,,
07/19/26 06:25:00,54.23,2823.53,,,,
07/19/26 06:30:00,56.78,2970.03,,,,
07/19/26 06:35:00,57.79,3111.78,,,,
07/19/26 06:40:00,59.02,3104.17,,,,
07/19/26 06:45:00,61.65,3302.04,,,,
07/19/26 06:50:00,61.34,3430.47,,,,
07/19/26 06:55:00,59.87,3538.92,,,,
07/19/26 07:00:00,58.64,3640.71,,,,
07/19/26 07:05:00,59.72,3733.94,,,,
07/19/26 07:10:00,60.64,3850.95,,,,
07/19/26 07:15:00,61.34,3963.21,,,,
07/19/26 07:20:00,61.26,4077.37,,,,
07/19/26 07:25:00,61.11,4193.43,,,,
07/19/26 07:30:00,61.88,4303.78,,,,
07/19/26 07:35:00,63.89,4412.23,,,,
07/19/26 07:40:00,62.19,4554.93,,,,
07/19/26 07:45:00,60.88,4665.29,,,,
07/19/26 07:50:00,61.49,4815.60,,,,
07/19/26 07:55:00,64.35,4948.78,,,,
07/19/26 08:00:00,63.50,5089.58,,,,
07/19/26 08:05:00,64.27,5201.83,,,,
07/19/26 08:10:00,64.12,5346.43,,,,
07/19/26 08:15:00,64.58,5445.37,,,,
07/19/26 08:20:00,65.66,5555.72,,,,
07/19/26 08:25:00,69.60,5669.88,,,,
07/19/26 08:30:00,73.85,5765.02,,,,
07/19/26 08:35:00,70.22,5915.32,,,,
07/19/26 08:40:00,70.22,6016.17,,,,
07/19/26 08:45:00,72.15,6122.71,,,,
07/19/26 08:50:00,70.37,6265.41,,,,
07/19/26 08:55:00,68.52,6383.38,,,,
07/19/26 09:00:00,68.91,6488.02,,,,
07/19/26 09:05:00,69.76,6590.76,,,,
07/19/26 09:10:00,69.45,6704.92,,,,
07/19/26 09:15:00,70.68,6811.47,,,,
07/19/26 09:20:00,72.84,6906.60,,,,
07/19/26 09:25:00,71.38,7005.54,,,,
07/19/26 09:30:00,70.53,7100.67,,,,
07/19/26 09:35:00,71.92,7190.10,,,,
07/19/26 09:40:00,72.00,7296.65,,,,
07/19/26 09:45:00,70.68,7399.39,,,,
07/19/26 09:50:00,70.61,7479.30,,,,
07/19/26 09:55:00,69.99,7582.04,,,,
07/19/26 10:00:00,69.60,7669.56,,,,
07/19/26 10:05:00,69.37,7747.57,,,,
07/19/26 10:10:00,69.68,7812.26,,,,
07/19/26 10:15:00,68.91,7876.95,,,,
07/19/26 10:20:00,71.45,7945.45,,,,
07/19/26 10:25:00,71.61,8017.75,,,,
07/19/26 10:30:00,73.46,8067.22,,,,
07/19/26 10:35:00,79.41,8131.91,,,,
07/19/26 10:40:00,77.86,8208.01,,,,
07/19/26 10:45:00,78.71,8249.87,,,,
07/19/26 10:50:00,83.96,8299.34,,,,
07/19/26 10:55:00,87.21,8352.61,,,,
07/19/26 11:00:00,89.91,8386.86,,,,
07/19/26 11:05:00,89.52,8440.14,,,,
07/19/26 11:10:00,90.53,8470.58,,,,
07/19/26 11:15:00,89.37,8516.24,,,,
07/19/26 11:20:00,84.20,8546.68,,,,
07/19/26 11:25:00,77.71,8599.96,,,,
07/19/26 11:30:00,73.93,8645.62,,,,
07/19/26 11:35:00,71.84,8676.06,,,,
07/19/26 11:40:00,70.30,8714.12,,,,
07/19/26 11:45:00,72.84,8717.92,,,,
07/19/26 11:50:00,73.77,8744.56,,,,
07/19/26 11:55:00,68.52,8775.00,,,,
07/19/26 12:00:00,68.37,8790.22,,,,
07/19/26 12:05:00,73.08,8782.61,,,,
07/19/26 12:10:00,74.39,8794.03,,,,
07/19/26 12:15:00,74.93,8786.42,,,,
07/19/26 12:20:00,75.16,8778.81,,,,
07/19/26 12:25:00,74.31,8782.61,,,,
07/19/26 12:30:00,76.40,8767.39,,,,
07/19/26 12:35:00,78.79,8755.97,,,,
07/19/26 12:40:00,85.28,8729.34,,,,
07/19/26 12:45:00,88.83,8710.31,,,,
07/19/26 12:50:00,87.21,8691.28,,,,
07/19/26 12:55:00,78.10,8695.09,,,,
07/19/26 13:00:00,71.30,8683.67,,,,
07/19/26 13:05:00,65.43,8668.45,,,,
07/19/26 13:10:00,64.66,8653.23,,,,
07/19/26 13:15:00,64.43,8622.79,,,,
07/19/26 13:20:00,65.97,8592.35,,,,
07/19/26 13:25:00,68.91,8554.29,,,,
07/19/26 13:30:00,70.68,8508.63,,,,
07/19/26 13:35:00,72.92,8481.99,,,,
07/19/26 13:40:00,75.47,8436.33,,,,
07/19/26 13:45:00,75.62,8394.47,,,,
07/19/26 13:50:00,74.85,8348.81,,,,
07/19/26 13:55:00,75.16,8310.76,,,,
07/19/26 14:00:00,74.08,8272.70,,,,
07/19/26 14:05:00,73.31,8227.04,,,,
07/19/26 14:10:00,71.30,8181.38,,,,
07/19/26 14:15:00,70.61,8128.10,,,,
07/19/26 14:20:00,67.83,8090.05,,,,
07/19/26 14:25:00,67.36,8040.58,,,,
07/19/26 14:30:00,69.06,7983.50,,,,
07/19/26 14:35:00,71.07,7922.62,,,,
07/19/26 14:40:00,71.69,7861.73,,,,
07/19/26 14:45:00,72.07,7800.85,,,,
07/19/26 14:50:00,72.30,7739.96,,,,
07/19/26 14:55:00,71.30,7680.98,,,,
07/19/26 15:00:00,71.53,7608.68,,,,
07/19/26 15:05:00,71.61,7547.79,,,,
07/19/26 15:10:00,70.37,7479.30,,,,
07/19/26 15:15:00,71.92,7412.71,,,,
07/19/26 15:20:00,73.08,7346.11,,,,
07/19/26 15:25:00,74.47,7273.81,,,,
07/19/26 15:30:00,68.60,7197.71,,,,
07/19/26 15:35:00,69.29,7136.82,,,,
07/19/26 15:40:00,70.30,7047.40,,,,
07/19/26 15:45:00,67.75,7005.54,,,,
07/19/26 15:50:00,67.36,6946.56,,,,
07/19/26 15:55:00,68.67,6906.60,,,,
07/19/26 16:00:00,68.60,6857.13,,,,
07/19/26 16:05:00,67.36,6834.30,,,,
07/19/26 16:10:00,68.83,6801.96,,,,
07/19/26 16:15:00,70.06,6803.86,,,,
07/19/26 16:20:00,72.07,6811.47,,,,
07/19/26 16:25:00,72.15,6855.23,,,,
07/19/26 16:30:00,74.70,6937.05,,,,
07/19/26 16:35:00,78.71,7028.37,,,,
07/19/26 16:40:00,82.19,7159.65,,,,
07/19/26 16:45:00,82.42,7252.88,,,,
07/19/26 16:50:00,78.25,7359.43,,,,
07/19/26 16:55:00,77.48,7357.53,,,,
07/19/26 17:00:00,69.91,7306.16,,,,
07/19/26 17:05:00,67.67,7152.04,,,,
07/19/26 17:10:00,64.97,6921.82,,,,
07/19/26 17:15:00,66.13,6628.82,,,,
07/19/26 17:20:00,68.21,6356.74,,,,
07/19/26 17:25:00,70.45,6094.17,,,,
07/19/26 17:30:00,70.76,5843.02,,,,
07/19/26 17:35:00,71.07,5626.12,,,,
07/19/26 17:40:00,70.68,5428.25,,,,
07/19/26 17:45:00,70.91,5232.28,,,,
07/19/26 17:50:00,68.44,5078.16,,,,
07/19/26 17:55:00,68.44,4941.17,,,,
07/19/26 18:00:00,67.36,4823.21,,,,
07/19/26 18:05:00,69.68,4686.22,,,,
07/19/26 18:10:00,70.14,4591.08,,,,
07/19/26 18:15:00,66.90,4507.37,,,,
07/19/26 18:20:00,65.05,4425.55,,,,
07/19/26 18:25:00,64.66,4345.64,,,,
07/19/26 18:30:00,67.59,4254.32,,,,
07/19/26 18:35:00,68.67,4161.09,,,,
07/19/26 18:40:00,68.83,4052.63,,,,
07/19/26 18:45:00,67.28,3968.92,,,,
07/19/26 18:50:00,67.75,3859.52,,,,
07/19/26 18:55:00,66.20,3741.55,,,,
07/19/26 19:00:00,62.19,3628.34,,,,
07/19/26 19:05:00,58.48,3481.84,,,,
07/19/26 19:10:00,57.40,3327.73,,,,
07/19/26 19:15:00,56.40,3156.49,,,,
07/19/26 19:20:00,55.86,2999.52,,,,
07/19/26 19:25:00,57.17,2827.33,,,,
07/19/26 19:30:00,57.32,2686.54,,,,
07/19/26 19:35:00,56.63,2568.57,,,,
07/19/26 19:40:00,55.39,2465.83,,,,
07/19/26 19:45:00,57.17,2377.36,,,,
07/19/26 19:50:00,54.31,2293.64,,,,
07/19/26 19:55:00,54.39,2204.21,,,,
07/19/26 20:00:00,52.07,2110.99,,,,
07/19/26 20:05:00,52.23,2026.32,,,,
07/19/26 20:10:00,51.15,1937.37,,,,
07/19/26 20:15:00,51.30,1847.47,,,,
07/19/26 20:20:00,53.69,1748.06,,,,
07/19/26 20:25:00,54.62,1655.30,,,,
07/19/26 20:30:00,54.31,1553.03,,,,
07/19/26 20:35:00,52.69,1452.19,,,,
07/19/26 20:40:00,49.45,1345.65,,,,
07/19/26 20:45:00,46.82,1241.95,,,,
07/19/26 20:50:00,44.04,1136.36,,,,
07/19/26 20:55:00,42.73,1025.05,,,,
07/19/26 21:00:00,41.03,666.40,,,,
07/19/26 21:05:00,36.78,316.91,,,,
07/19/26 21:10:00,35.55,285.52,,,,
07/19/26 21:15:00,35.24,254.24,,,,
07/19/26 21:20:00,36.40,222.85,,,,
07/19/26 21:25:00,37.40,192.29,,,,
07/19/26 21:30:00,37.94,162.74,,,,
07/19/26 21:35:00,37.55,134.61,,,,
07/19/26 21:40:00,35.78,109.46,,,,
07/19/26 21:45:00,35.78,86.72,,,,
07/19/26 21:50:00,35.62,66.44,,,,
07/19/26 21:55:00,35.24,49.69,,,,
07/19/26 22:00:00,35.08,36.22,,,,
07/19/26 22:05:00,35.01,25.50,,,,
07/19/26 22:10:00,35.39,17.70,,,,
07/19/26 22:15:00,34.77,11.72,,,,
07/19/26 22:20:00,34.93,7.96,,,,
07/19/26 22:25:00,36.09,5.08,,,,
07/19/26 22:30:00,36.40,3.19,,,,
07/19/26 22:35:00,37.71,2.07,,,,
07/19/26 22:40:00,40.57,1.35,,,,
07/19/26 22:45:00,41.18,0.86,,,,
07/19/26 22:50:00,40.64,0.58,,,,
07/19/26 22:55:00,41.34,0.43,,,,
07/19/26 23:00:00,42.11,0.32,,,,
07/19/26 23:05:00,42.42,0.22,,,,
07/19/26 23:10:00,42.11,0.16,,,,
07/19/26 23:15:00,41.65,0.10,,,,
07/19/26 23:20:00,40.49,0.08,,,,
07/19/26 23:25:00,36.71,0.02,,,,
07/19/26 23:30:00,34.77,0.00,,,,
07/19/26 23:35:00,35.01,0.00,,,,
07/19/26 23:40:00,34.70,0.00,,,,
07/19/26 23:45:00,34.08,0.00,,,,
07/19/26 23:50:00,34.47,0.00,,,,
07/19/26 23:55:00,35.24,0.00,,,,
07/20/26 00:00:00,37.09,0.00,,,,
07/20/26 00:05:00,38.02,0.00,,,,
07/20/26 00:10:00,38.17,0.00,,,,
07/20/26 00:15:00,37.40,0.00,,,,
07/20/26 00:20:00,37.79,0.00,,,,
07/20/26 00:25:00,37.79,0.00,,,,
07/20/26 00:30:00,38.10,0.00,,,,
07/20/26 00:35:00,37.71,0.00,,,,
07/20/26 00:40:00,36.86,0.00,,,,
07/20/26 00:45:00,36.24,0.00,,,,
07/20/26 00:50:00,34.54,0.00,,,,
07/20/26 00:55:00,34.39,0.00,,,,
07/20/26 01:00:00,36.24,0.00,,,,
07/20/26 01:05:00,36.55,0.00,,,,
07/20/26 01:10:00,36.78,0.00,,,,
07/20/26 01:15:00,35.78,0.00,,,,
07/20/26 01:20:00,35.16,0.00,,,,
07/20/26 01:25:00,35.08,0.00,,,,
07/20/26 01:30:00,36.01,0.00,,,,
07/20/26 01:35:00,35.93,0.00,,,,
07/20/26 01:40:00,36.09,0.00,,,,
07/20/26 01:45:00,35.47,0.00,,,,
07/20/26 01:50:00,35.39,0.00,,,,
07/20/26 01:55:00,35.62,0.00,,,,
07/20/26 02:00:00,35.16,0.00,,,,
07/20/26 02:05:00,34.70,0.00,,,,
07/20/26 02:10:00,37.79,0.00,,,,
07/20/26 02:15:00,39.56,0.02,,,,
07/20/26 02:20:00,40.18,0.02,,,,
07/20/26 02:25:00,39.79,0.02,,,,
07/20/26 02:30:00,38.71,0.00,,,,
07/20/26 02:35:00,36.47,0.00,,,,
07/20/26 02:40:00,35.47,0.02,,,,
07/20/26 02:45:00,35.01,0.04,,,,
07/20/26 02:50:00,36.47,0.08,,,,
07/20/26 02:55:00,37.71,0.12,,,,
07/20/26 03:00:00,37.40,0.18,,,,
07/20/26 03:05:00,38.10,0.26,,,,
07/20/26 03:10:00,36.47,0.36,,,,
07/20/26 03:15:00,37.32,0.59,,,,
07/20/26 03:20:00,40.88,0.82,,,,
07/20/26 03:25:00,42.19,1.23,,,,
07/20/26 03:30:00,42.19,2.02,,,,
07/20/26 03:35:00,40.18,2.83,,,,
07/20/26 03:40:00,38.64,4.31,,,,
07/20/26 03:45:00,38.64,6.58,,,,
07/20/26 03:50:00,40.10,9.96,,,,
07/20/26 03:55:00,41.18,14.43,,,,
07/20/26 04:00:00,41.72,21.12,,,,
07/20/26 04:05:00,42.81,29.97,,,,
07/20/26 04:10:00,43.81,42.13,,,,
07/20/26 04:15:00,43.19,57.14,,,,
07/20/26 04:20:00,43.58,75.60,,,,
07/20/26 04:25:00,44.81,97.18,,,,
07/20/26 04:30:00,44.97,121.65,,,,
07/20/26 04:35:00,43.81,148.94,,,,
07/20/26 04:40:00,45.35,300.97,,,,
07/20/26 04:45:00,44.97,371.85,,,,
07/20/26 04:50:00,40.88,454.26,,,,
07/20/26 04:55:00,40.03,540.35,,,,
07/20/26 05:00:00,38.79,632.87,,,,
07/20/26 05:05:00,39.25,732.99,,,,
07/20/26 05:10:00,40.72,839.54,,,,
07/20/26 05:15:00,41.42,947.28,,,,
07/20/26 05:20:00,44.12,1062.63,,,,
07/20/26 05:25:00,45.35,1184.87,,,,
07/20/26 05:30:00,45.74,1309.50,,,,
07/20/26 05:35:00,47.75,1427.94,,,,
07/20/26 05:40:00,47.67,1555.89,,,,
07/20/26 05:45:00,49.76,1688.60,,,,
07/20/26 05:50:00,53.08,1816.08,,,,
07/20/26 05:55:00,55.47,1952.11,,,,
07/20/26 06:00:00,55.86,2096.72,,,,
07/20/26 06:05:00,54.23,2233.71,,,,
07/20/26 06:10:00,52.77,2389.72,,,,
07/20/26 06:15:00,53.85,2538.13,,,,
07/20/26 06:20:00,54.93,2695.10,,,,
07/20/26 06:25:00,56.32,2858.72,,,,
07/20/26 06:30:00,58.17,3004.28,,,,
07/20/26 06:35:00,55.86,3128.90,,,,
07/20/26 06:40:00,54.93,3237.35,,,,
07/20/26 06:45:00,56.55,3344.85,,,,
07/20/26 06:50:00,59.56,3430.47,,,,
07/20/26 06:55:00,62.50,3515.14,,,,
07/20/26 07:00:00,62.57,3618.83,,,,
07/20/26 07:05:00,59.10,3733.94,,,,
07/20/26 07:10:00,57.09,3843.34,,,,
07/20/26 07:15:00,57.56,3963.21,,,,
07/20/26 07:20:00,57.86,4084.98,,,,
07/20/26 07:25:00,59.02,4197.24,,,,
07/20/26 07:30:00,60.49,4315.20,,,,
07/20/26 07:35:00,62.73,4433.16,,,,
07/20/26 07:40:00,65.05,4558.74,,,,
07/20/26 07:45:00,66.74,4674.80,,,,
07/20/26 07:50:00,67.59,4819.40,,,,
07/20/26 07:55:00,67.59,4937.37,,,,
07/20/26 08:00:00,66.44,5080.06,,,,
07/20/26 08:05:00,65.12,5199.93,,,,
07/20/26 08:10:00,64.04,5331.21,,,,
07/20/26 08:15:00,68.83,5426.34,,,,
07/20/26 08:20:00,70.91,5536.70,,,,
07/20/26 08:25:00,73.15,5654.66,,,,
07/20/26 08:30:00,71.07,5780.24,,,,
07/20/26 08:35:00,70.76,5902.01,,,,
07/20/26 08:40:00,70.06,6025.68,,,,
07/20/26 08:45:00,70.22,6143.64,,,,
07/20/26 08:50:00,69.37,6254.00,,,,
07/20/26 08:55:00,67.98,6368.15,,,,
07/20/26 09:00:00,68.83,6478.51,,,,
07/20/26 09:05:00,74.08,6566.03,,,,
07/20/26 09:10:00,76.32,6659.26,,,,
07/20/26 09:15:00,78.02,6765.81,,,,
07/20/26 09:20:00,79.79,6855.23,,,,
07/20/26 09:25:00,79.72,6952.27,,,,
07/20/26 09:30:00,81.57,7051.20,,,,
07/20/26 09:35:00,81.57,7138.73,,,,
07/20/26 09:40:00,81.80,7235.76,,,,
07/20/26 09:45:00,81.11,7327.09,,,,
07/20/26 09:50:00,81.26,7418.41,,,,
07/20/26 09:55:00,81.26,7505.94,,,,
07/20/26 10:00:00,81.03,7580.14,,,,
07/20/26 10:05:00,81.57,7661.95,,,,
07/20/26 10:10:00,80.41,7738.06,,,,
07/20/26 10:15:00,80.41,7808.46,,,,
07/20/26 10:20:00,81.49,7869.34,,,,
07/20/26 10:25:00,83.27,7941.64,,,,
07/20/26 10:30:00,83.04,8006.33,,,,
07/20/26 10:35:00,83.89,8071.02,,,,
07/20/26 10:40:00,84.97,8120.49,,,,
07/20/26 10:45:00,83.96,8188.99,,,,
07/20/26 10:50:00,85.90,8234.65,,,,
07/20/26 10:55:00,85.82,8287.92,,,,
07/20/26 11:00:00,84.12,8341.20,,,,
07/20/26 11:05:00,83.66,8394.47,,,,
07/20/26 11:10:00,82.88,8428.72,,,,
07/20/26 11:15:00,83.12,8470.58,,,,
07/20/26 11:20:00,82.73,8504.83,,,,
07/20/26 11:25:00,81.65,8539.07,,,,
07/20/26 11:30:00,80.34,8577.13,,,,
07/20/26 11:35:00,79.49,8607.57,,,,
07/20/26 11:40:00,77.86,8630.40,,,,
07/20/26 11:45:00,76.17,8657.04,,,,
07/20/26 11:50:00,75.55,8679.87,,,,
07/20/26 11:55:00,75.16,8695.09,,,,
07/20/26 12:00:00,74.70,8710.31,,,,
07/20/26 12:05:00,75.24,8714.12,,,,
07/20/26 12:10:00,75.16,8717.92,,,,
07/20/26 12:15:00,75.39,8725.53,,,,
07/20/26 12:20:00,76.09,8725.53,,,,
07/20/26 12:25:00,76.55,8721.73,,,,
07/20/26 12:30:00,77.09,8714.12,,,,
07/20/26 12:35:00,77.71,8691.28,,,,
07/20/26 12:40:00,78.95,8683.67,,,,
07/20/26 12:45:00,79.95,8660.84,,,,
07/20/26 12:50:00,79.18,8638.01,,,,
07/20/26 12:55:00,79.18,8626.59,,,,
07/20/26 13:00:00,76.55,8607.57,,,,
07/20/26 13:05:00,73.77,8592.35,,,,
07/20/26 13:10:00,74.70,8561.90,,,,
07/20/26 13:15:00,75.32,8523.85,,,,
07/20/26 13:20:00,76.40,8493.41,,,,
07/20/26 13:25:00,73.77,8470.58,,,,
07/20/26 13:30:00,73.31,8436.33,,,,
07/20/26 13:35:00,72.61,8394.47,,,,
07/20/26 13:40:00,72.54,8360.22,,,,
07/20/26 13:45:00,73.46,8325.98,,,,
07/20/26 13:50:00,72.69,8287.92,,,,
07/20/26 13:55:00,71.45,8246.07,,,,
07/20/26 14:00:00,70.76,8196.60,,,,
07/20/26 14:05:00,71.53,8147.13,,,,
07/20/26 14:10:00,71.92,8105.27,,,,
07/20/26 14:15:00,73.00,8055.80,,,,
07/20/26 14:20:00,74.08,7994.92,,,,
07/20/26 14:25:00,74.70,7945.45,,,,
07/20/26 14:30:00,75.47,7892.17,,,,
07/20/26 14:35:00,75.62,7835.09,,,,
07/20/26 14:40:00,75.39,7783.72,,,,
07/20/26 14:45:00,75.08,7722.84,,,,
07/20/26 14:50:00,74.62,7661.95,,,,
07/20/26 14:55:00,73.54,7597.26,,,,
07/20/26 15:00:00,74.00,7536.38,,,,
07/20/26 15:05:00,73.00,7460.27,,,,
07/20/26 15:10:00,75.78,7397.49,,,,
07/20/26 15:15:00,74.54,7328.99,,,,
07/20/26 15:20:00,75.78,7264.30,,,,
07/20/26 15:25:00,78.25,7190.10,,,,
07/20/26 15:30:00,77.79,7121.60,,,,
07/20/26 15:35:00,77.48,7053.11,,,,
07/20/26 15:40:00,78.64,6994.12,,,,
07/20/26 15:45:00,77.25,6944.66,,,,
07/20/26 15:50:00,77.63,6887.58,,,,
07/20/26 15:55:00,77.94,6841.91,,,,
07/20/26 16:00:00,78.25,6807.67,,,,
07/20/26 16:05:00,78.40,6777.22,,,,
07/20/26 16:10:00,76.55,6771.52,,,,
07/20/26 16:15:00,76.40,6779.13,,,,
07/20/26 16:20:00,75.62,6801.96,,,,
07/20/26 16:25:00,73.62,6870.45,,,,
07/20/26 16:30:00,72.61,6946.56,,,,
07/20/26 16:35:00,73.39,7058.81,,,,
07/20/26 16:40:00,71.45,7195.81,,,,
07/20/26 16:45:00,69.52,7306.16,,,,
07/20/26 16:50:00,68.37,7336.60,,,,
07/20/26 16:55:00,67.52,7328.99,,,,
07/20/26 17:00:00,67.44,7205.32,,,,
07/20/26 17:05:00,67.05,7043.59,,,,
07/20/26 17:10:00,67.59,6822.89,,,,
07/20/26 17:15:00,67.98,6545.10,,,,
07/20/26 17:20:00,68.67,6288.24,,,,
07/20/26 17:25:00,68.75,6046.61,,,,
07/20/26 17:30:00,68.52,5810.68,,,,
07/20/26 17:35:00,68.29,5601.39,,,,
07/20/26 17:40:00,66.74,5399.71,,,,
07/20/26 17:45:00,66.67,5217.05,,,,
07/20/26 17:50:00,65.89,5055.33,,,,
07/20/26 17:55:00,65.12,4937.37,,,,
07/20/26 18:00:00,64.12,4815.60,,,,
07/20/26 18:05:00,64.35,4686.22,,,,
07/20/26 18:10:00,64.58,4587.28,,,,
07/20/26 18:15:00,64.81,4495.95,,,,
07/20/26 18:20:00,63.50,4421.75,,,,
07/20/26 18:25:00,62.73,4309.49,,,,
07/20/26 18:30:00,61.03,4003.17,,,,
07/20/26 18:35:00,61.03,4172.50,,,,
07/20/26 18:40:00,60.57,4064.05,,,,
07/20/26 18:45:00,59.72,3965.11,,,,
07/20/26 18:50:00,59.10,3859.52,,,,
07/20/26 18:55:00,58.17,3748.21,,,,
07/20/26 19:00:00,57.86,3620.73,,,,
07/20/26 19:05:00,57.25,3478.04,,,,
07/20/26 19:10:00,56.47,3320.12,,,,
07/20/26 19:15:00,56.17,3161.25,,,,
07/20/26 19:20:00,55.70,2969.08,,,,
07/20/26 19:25:00,55.16,2794.99,,,,
07/20/26 19:30:00,55.24,2664.66,,,,
07/20/26 19:35:00,54.85,2538.13,,,,
07/20/26 19:40:00,54.23,2440.14,,,,
07/20/26 19:45:00,53.54,2335.50,,,,
07/20/26 19:50:00,52.92,2249.88,,,,
07/20/26 19:55:00,52.38,2163.31,,,,
07/20/26 20:00:00,51.84,2071.98,,,,
07/20/26 20:05:00,51.76,1980.65,,,,
07/20/26 20:10:00,51.38,1891.23,,,,
07/20/26 20:15:00,51.53,1790.39,,,,
07/20/26 20:20:00,50.99,1696.68,,,,
07/20/26 20:25:00,50.76,1605.36,,,,
07/20/26 20:30:00,49.91,1505.47,,,,
07/20/26 20:35:00,49.06,1395.11,,,,
07/20/26 20:40:00,48.60,1289.99,,,,
07/20/26 20:45:00,47.36,1182.02,,,,
07/20/26 20:50:00,46.90,1079.75,,,,
07/20/26 20:55:00,46.20,967.50,,,,
07/20/26 21:00:00,44.43,443.55,,,,
07/20/26 21:05:00,40.33,303.00,,,,
07/20/26 21:10:00,39.72,271.84,,,,
07/20/26 21:15:00,38.64,240.74,,,,
07/20/26 21:20:00,38.25,210.00,,,,
07/20/26 21:25:00,38.33,179.62,,,,
07/20/26 21:30:00,37.94,150.55,,,,
07/20/26 21:35:00,37.86,123.55,,,,
07/20/26 21:40:00,37.86,98.85,,,,
07/20/26 21:45:00,37.17,76.22,,,,
07/20/26 21:50:00,37.25,57.14,,,,
07/20/26 21:55:00,36.86,41.86,,,,
07/20/26 22:00:00,36.78,30.44,,,,
07/20/26 22:05:00,37.86,21.52,,,,
07/20/26 22:10:00,37.55,14.67,,,,
07/20/26 22:15:00,37.09,10.04,,,,
07/20/26 22:20:00,36.47,6.62,,,,
07/20/26 22:25:00,36.16,4.34,,,,
07/20/26 22:30:00,36.09,2.88,,,,
07/20/26 22:35:00,36.32,1.79,,,,
07/20/26 22:40:00,35.93,1.17,,,,
07/20/26 22:45:00,35.16,0.77,,,,
07/20/26 22:50:00,34.47,0.53,,,,
07/20/26 22:55:00,34.08,0.34,,,,
07/20/26 23:00:00,33.62,0.22,,,,
07/20/26 23:05:00,33.69,0.14,,,,
07/20/26 23:10:00,33.93,0.10,,,,
07/20/26 23:15:00,33.93,0.06,,,,
07/20/26 23:20:00,33.85,0.02,,,,
07/20/26 23:25:00,33.62,0.02,,,,
07/20/26 23:30:00,33.77,0.00,,,,
07/20/26 23:35:00,33.62,0.00,,,,
07/20/26 23:40:00,35.32,0.00,,,,
07/20/26 23:45:00,37.40,0.00,,,,
07/20/26 23:50:00,38.10,0.00,,,,
07/20/26 23:55:00,38.48,0.00,,,,
07/21/26 00:00:00,38.40,0.00,,,,
07/21/26 00:05:00,39.18,0.00,,,,
07/21/26 00:10:00,39.79,0.00,,,,
07/21/26 00:15:00,39.95,0.00,,,,
07/21/26 00:20:00,41.11,0.00,,,,
07/21/26 00:25:00,41.49,0.00,,,,
07/21/26 00:30:00,41.65,0.00,,,,
07/21/26 00:35:00,41.42,0.00,,,,
07/21/26 00:40:00,41.96,0.00,,,,
07/21/26 00:45:00,42.11,0.00,,,,
07/21/26 00:50:00,42.03,0.00,,,,
07/21/26 00:55:00,42.42,0.00,,,,
07/21/26 01:00:00,42.57,0.00,,,,
07/21/26 01:05:00,42.42,0.00,,,,
07/21/26 01:10:00,42.34,0.00,,,,
07/21/26 01:15:00,41.96,0.00,,,,
07/21/26 01:20:00,41.49,0.00,,,,
07/21/26 01:25:00,41.42,0.00,,,,
07/21/26 01:30:00,41.57,0.00,,,,
07/21/26 01:35:00,41.03,0.00,,,,
07/21/26 01:40:00,42.11,0.00,,,,
07/21/26 01:45:00,42.65,0.00,,,,
07/21/26 01:50:00,42.50,0.00,,,,
07/21/26 01:55:00,42.57,0.00,,,,
07/21/26 02:00:00,42.65,0.00,,,,
07/21/26 02:05:00,43.11,0.00,,,,
07/21/26 02:10:00,42.88,0.00,,,,
07/21/26 02:15:00,42.42,0.00,,,,
07/21/26 02:20:00,42.11,0.00,,,,
07/21/26 02:25:00,42.42,0.02,,,,
07/21/26 02:30:00,43.04,0.02,,,,
07/21/26 02:35:00,43.04,0.02,,,,
07/21/26 02:40:00,43.27,0.04,,,,
07/21/26 02:45:00,42.81,0.06,,,,
07/21/26 02:50:00,42.96,0.08,,,,
07/21/26 02:55:00,43.35,0.12,,,,
07/21/26 03:00:00,42.50,0.18,,,,
07/21/26 03:05:00,42.34,0.24,,,,
07/21/26 03:10:00,41.72,0.36,,,,
07/21/26 03:15:00,41.88,0.51,,,,
07/21/26 03:20:00,42.27,0.75,,,,
07/21/26 03:25:00,42.03,0.99,,,,
07/21/26 03:30:00,42.27,1.70,,,,
07/21/26 03:35:00,42.34,2.50,,,,
07/21/26 03:40:00,42.27,3.74,,,,
07/21/26 03:45:00,42.19,5.50,,,,
07/21/26 03:50:00,41.65,8.29,,,,
07/21/26 03:55:00,41.57,12.51,,,,
07/21/26 04:00:00,41.11,18.57,,,,
07/21/26 04:05:00,40.41,26.71,,,,
07/21/26 04:10:00,40.57,38.01,,,,
07/21/26 04:15:00,40.41,52.11,,,,
07/21/26 04:20:00,39.95,69.36,,,,
07/21/26 04:25:00,40.26,90.05,,,,
07/21/26 04:30:00,40.57,113.42,,,,
07/21/26 04:35:00,40.88,139.55,,,,
07/21/26 04:40:00,41.72,280.52,,,,
07/21/26 04:45:00,43.89,351.63,,,,
07/21/26 04:50:00,44.74,427.98,,,,
07/21/26 04:55:00,45.20,513.24,,,,
07/21/26 05:00:00,46.20,602.90,,,,
07/21/26 05:05:00,47.21,699.46,,,,
07/21/26 05:10:00,47.36,802.20,,,,
07/21/26 05:15:00,47.98,911.13,,,,
07/21/26 05:20:00,48.67,1025.05,,,,
07/21/26 05:25:00,49.68,1139.21,,,,
07/21/26 05:30:00,49.76,1261.93,,,,
07/21/26 05:35:00,50.53,1390.83,,,,
07/21/26 05:40:00,50.99,1519.74,,,,
07/21/26 05:45:00,51.76,1650.54,,,,
07/21/26 05:50:00,52.54,1782.30,,,,
07/21/26 05:55:00,52.77,1917.39,,,,
07/21/26 06:00:00,53.46,2062.47,,,,
07/21/26 06:05:00,54.23,2208.02,,,,
07/21/26 06:10:00,55.78,2348.82,,,,
07/21/26 06:15:00,56.63,2503.88,,,,
07/21/26 06:20:00,57.17,2659.90,,,,
07/21/26 06:25:00,57.40,2821.62,,,,
07/21/26 06:30:00,57.17,2976.69,,,,
07/21/26 06:35:00,58.25,3109.87,,,,
07/21/26 06:40:00,58.64,3221.18,,,,
07/21/26 06:45:00,58.95,3327.73,,,,
07/21/26 06:50:00,60.41,3427.62,,,,
07/21/26 06:55:00,61.57,3530.36,,,,
07/21/26 07:00:00,61.96,3644.52,,,,
07/21/26 07:05:00,61.88,3777.70,,,,
07/21/26 07:10:00,61.72,3915.64,,,,
07/21/26 07:15:00,62.19,4065.95,,,,
07/21/26 07:20:00,62.50,4220.07,,,,
07/21/26 07:25:00,63.27,4425.55,,,,
07/21/26 07:30:00,63.19,4632.94,,,,
07/21/26 07:35:00,64.20,4937.37,,,,
07/21/26 07:40:00,66.59,5245.59,,,,
07/21/26 07:45:00,65.59,4301.88,,,,
07/21/26 07:50:00,65.89,5519.57,,,,
07/21/26 07:55:00,62.81,4943.07,,,,
07/21/26 08:00:00,65.43,4933.56,,,,
07/21/26 08:05:00,63.89,4452.19,,,,
07/21/26 08:10:00,61.49,3342.95,,,,
07/21/26 08:15:00,59.56,3902.33,,,,
07/21/26 08:20:00,60.88,4189.63,,,,
07/21/26 08:25:00,63.19,3703.50,,,,
07/21/26 08:30:00,63.19,3842.39,,,,
07/21/26 08:35:00,64.43,5173.29,,,,
07/21/26 08:40:00,69.52,5481.52,,,,
07/21/26 08:45:00,68.91,4233.39,,,,
07/21/26 08:50:00,69.45,4840.33,,,,
07/21/26 08:55:00,68.29,5127.63,,,,
07/21/26 09:00:00,66.13,4828.91,,,,
07/21/26 09:05:00,69.37,5827.80,,,,
07/21/26 09:10:00,77.63,7157.75,,,,
07/21/26 09:15:00,82.42,6337.71,,,,
07/21/26 09:20:00,83.42,6564.13,,,,
07/21/26 09:25:00,79.41,5365.46,,,,
07/21/26 09:30:00,73.69,5941.96,,,,
07/21/26 09:35:00,76.86,8459.16,,,,
07/21/26 09:40:00,87.36,7869.34,,,,
07/21/26 09:45:00,85.97,7566.82,,,,
07/21/26 09:50:00,82.73,6929.43,,,,
07/21/26 09:55:00,80.34,7372.75,,,,
07/21/26 10:00:00,82.50,9292.52,,,,
07/21/26 10:05:00,76.40,7475.49,,,,
07/21/26 10:10:00,76.17,7595.36,,,,
07/21/26 10:15:00,76.78,8934.82,,,,
07/21/26 10:20:00,75.01,7669.56,,,,
07/21/26 10:25:00,71.53,7319.48,,,,
07/21/26 10:30:00,72.15,7793.24,,,,
07/21/26 10:35:00,68.13,7015.05,,,,
07/21/26 10:40:00,63.04,7313.77,,,,
07/21/26 10:45:00,62.81,7471.69,,,,
07/21/26 10:50:00,61.11,7296.65,,,,
07/21/26 10:55:00,61.80,6727.75,,,,
07/21/26 11:00:00,60.10,6269.22,,,,
07/21/26 11:05:00,58.56,6586.96,,,,
07/21/26 11:10:00,59.87,7144.43,,,,
07/21/26 11:15:00,61.03,6718.24,,,,
07/21/26 11:20:00,63.19,7587.75,,,,
07/21/26 11:25:00,63.96,6971.29,,,,
07/21/26 11:30:00,61.96,8877.74,,,,
07/21/26 11:35:00,63.89,6779.13,,,,
07/21/26 11:40:00,64.27,7448.86,,,,
07/21/26 11:45:00,66.51,8847.30,,,,
07/21/26 11:50:00,66.82,8223.23,,,,
07/21/26 11:55:00,64.66,8143.32,,,,
07/21/26 12:00:00,63.89,8219.43,,,,
07/21/26 12:05:00,67.21,10578.71,,,,
07/21/26 12:10:00,65.35,7098.77,,,,
07/21/26 12:15:00,60.49,6625.01,,,,
07/21/26 12:20:00,66.13,11408.26,,,,
07/21/26 12:25:00,66.28,7113.99,,,,
07/21/26 12:30:00,59.72,6687.80,,,,
07/21/26 12:35:00,59.72,8044.39,,,,
07/21/26 12:40:00,57.86,6948.46,,,,
07/21/26 12:45:00,56.17,7475.49,,,,
07/21/26 12:50:00,55.01,6552.71,,,,
07/21/26 12:55:00,54.00,6800.05,,,,
07/21/26 13:00:00,52.84,6410.01,,,,
07/21/26 13:05:00,50.53,5671.79,,,,
07/21/26 13:10:00,48.83,5388.29,,,,
07/21/26 13:15:00,47.13,4651.97,,,,
07/21/26 13:20:00,45.74,4423.65,,,,
07/21/26 13:25:00,45.66,4553.03,,,,
07/21/26 13:30:00,45.82,4606.30,,,,
07/21/26 13:35:00,46.20,4847.94,,,,
07/21/26 13:40:00,46.74,4990.64,,,,
07/21/26 13:45:00,46.51,4636.75,,,,
07/21/26 13:50:00,45.43,4343.74,,,,
07/21/26 13:55:00,45.74,4716.66,,,,
07/21/26 14:00:00,46.44,5045.82,,,,
07/21/26 14:05:00,47.67,5230.37,,,,
07/21/26 14:10:00,48.91,5190.42,,,,
07/21/26 14:15:00,49.52,5062.94,,,,
07/21/26 14:20:00,49.52,4788.96,,,,
07/21/26 14:25:00,48.60,4423.65,,,,
07/21/26 14:30:00,47.13,4191.53,,,,
07/21/26 14:35:00,46.44,4174.40,,,,
07/21/26 14:40:00,46.44,4037.41,,,,
07/21/26 14:45:00,46.13,3940.38,,,,
07/21/26 14:50:00,46.13,3834.78,,,,
07/21/26 14:55:00,45.35,3687.33,,,,
07/21/26 15:00:00,44.20,3510.38,,,,
07/21/26 15:05:00,43.96,3667.35,,,,
07/21/26 15:10:00,44.50,3978.43,,,,
07/21/26 15:15:00,45.05,4128.74,,,,
07/21/26 15:20:00,46.59,4454.09,,,,
07/21/26 15:25:00,46.98,4958.29,,,,
07/21/26 15:30:00,48.60,5298.87,,,,
07/21/26 15:35:00,51.38,5319.80,,,,
07/21/26 15:40:00,50.76,5285.55,,,,
07/21/26 15:45:00,49.60,5260.81,,,,
07/21/26 15:50:00,49.14,5243.69,,,,
07/21/26 15:55:00,49.37,5281.74,,,,
07/21/26 16:00:00,49.52,5021.08,,,,
07/21/26 16:05:00,49.52,5017.28,,,,
07/21/26 16:10:00,50.91,4906.92,,,,
07/21/26 16:15:00,52.23,4895.51,,,,
07/21/26 16:20:00,50.91,4518.78,,,,
07/21/26 16:25:00,49.37,4121.13,,,,
07/21/26 16:30:00,49.29,4201.04,,,,
07/21/26 16:35:00,47.90,4159.18,,,,
07/21/26 16:40:00,47.83,4041.22,,,,
07/21/26 16:45:00,47.75,4079.27,,,,
07/21/26 16:50:00,47.28,3995.56,,,,
07/21/26 16:55:00,45.89,3641.66,,,,
07/21/26 17:00:00,44.74,3258.28,,,,
07/21/26 17:05:00,44.35,3459.01,,,,
07/21/26 17:10:00,45.28,4001.26,,,,
07/21/26 17:15:00,45.82,3889.01,,,,
07/21/26 17:20:00,45.59,3805.29,,,,
07/21/26 17:25:00,46.36,4090.69,,,,
07/21/26 17:30:00,46.36,4212.46,,,,
07/21/26 17:35:00,45.28,4166.79,,,,
07/21/26 17:40:00,46.74,4646.26,,,,
07/21/26 17:45:00,47.98,5323.60,,,,
07/21/26 17:50:00,50.53,5940.06,,,,
07/21/26 17:55:00,54.39,6039.00,,,,
07/21/26 18:00:00,57.86,6841.91,,,,
07/21/26 18:05:00,54.93,4785.15,,,,
07/21/26 18:10:00,53.54,5835.41,,,,
07/21/26 18:15:00,55.86,6657.36,,,,
07/21/26 18:20:00,52.84,5445.37,,,,
07/21/26 18:25:00,55.16,5186.61,,,,
07/21/26 18:30:00,53.93,5314.09,,,,
07/21/26 18:35:00,53.15,4768.03,,,,
07/21/26 18:40:00,46.82,3373.39,,,,
07/21/26 18:45:00,45.20,3128.90,,,,
07/21/26 18:50:00,45.20,2958.61,,,,
07/21/26 18:55:00,45.35,2802.60,,,,
07/21/26 19:00:00,45.82,2946.25,,,,
07/21/26 19:05:00,46.90,3802.44,,,,
07/21/26 19:10:00,50.68,4545.42,,,,
07/21/26 19:15:00,50.06,4296.17,,,,
07/21/26 19:20:00,49.22,4258.12,,,,
07/21/26 19:25:00,47.59,4075.47,,,,
07/21/26 19:30:00,46.59,3686.38,,,,
07/21/26 19:35:00,46.90,3911.84,,,,
07/21/26 19:40:00,46.59,3252.57,,,,
07/21/26 19:45:00,45.97,2910.10,,,,
07/21/26 19:50:00,45.05,2736.00,,,,
07/21/26 19:55:00,44.74,2259.39,,,,
07/21/26 20:00:00,43.27,2040.59,,,,
07/21/26 20:05:00,41.80,1834.63,,,,
07/21/26 20:10:00,40.80,1267.16,,,,
07/21/26 20:15:00,39.95,1157.28,,,,
07/21/26 20:20:00,39.72,988.90,,,,
07/21/26 20:25:00,39.49,1052.16,,,,
07/21/26 20:30:00,39.41,986.52,,,,
07/21/26 20:35:00,39.18,769.86,,,,
07/21/26 20:40:00,38.56,718.49,,,,
07/21/26 20:45:00,38.64,645.47,,,,
07/21/26 20:50:00,38.10,604.33,,,,
07/21/26 20:55:00,38.17,527.03,,,,
07/21/26 21:00:00,38.10,461.87,,,,
07/21/26 21:05:00,37.86,339.27,,,,
07/21/26 21:10:00,37.40,312.51,,,,
07/21/26 21:15:00,37.09,254.24,,,,
07/21/26 21:20:00,36.63,166.96,,,,
07/21/26 21:25:00,35.47,129.56,,,,
07/21/26 21:30:00,35.47,95.34,,,,
07/21/26 21:35:00,35.55,81.04,,,,
07/21/26 21:40:00,35.47,62.67,,,,
07/21/26 21:45:00,35.62,48.90,,,,
07/21/26 21:50:00,35.39,37.98,,,,
07/21/26 21:55:00,35.08,27.19,,,,
07/21/26 22:00:00,35.01,18.81,,,,
07/21/26 22:05:00,35.16,12.83,,,,
07/21/26 22:10:00,35.01,8.76,,,,
07/21/26 22:15:00,34.77,5.90,,,,
07/21/26 22:20:00,34.85,4.22,,,,
07/21/26 22:25:00,36.47,2.71,,,,
07/21/26 22:30:00,36.71,1.95,,,,
07/21/26 22:35:00,36.32,1.03,,,,
07/21/26 22:40:00,35.93,0.66,,,,
07/21/26 22:45:00,35.70,0.47,,,,
07/21/26 22:50:00,35.78,0.30,,,,
07/21/26 22:55:00,35.70,0.22,,,,
07/21/26 23:00:00,35.62,0.14,,,,
07/21/26 23:05:00,35.08,0.10,,,,
07/21/26 23:10:00,35.32,0.06,,,,
07/21/26 23:15:00,35.55,0.02,,,,
07/21/26 23:20:00,35.62,0.00,,,,
07/21/26 23:25:00,35.47,0.00,,,,
07/21/26 23:30:00,35.32,0.00,,,,
07/21/26 23:35:00,35.39,0.00,,,,
07/21/26 23:40:00,35.24,0.00,,,,
07/21/26 23:45:00,35.08,0.00,,,,
07/21/26 23:50:00,35.32,0.00,,,,
07/21/26 23:55:00,35.24,0.00,,,,
07/22/26 00:00:00,35.01,0.00,,,,
07/22/26 00:05:00,34.77,0.00,,,,
07/22/26 00:10:00,35.47,0.00,,,,
07/22/26 00:15:00,35.01,0.00,,,,
07/22/26 00:20:00,35.01,0.00,,,,
07/22/26 00:25:00,35.24,0.00,,,,
07/22/26 00:30:00,35.16,0.00,,,,
07/22/26 00:35:00,35.16,0.00,,,,
07/22/26 00:40:00,35.32,0.00,,,,
07/22/26 00:45:00,35.24,0.00,,,,
07/22/26 00:50:00,34.62,0.00,,,,
07/22/26 00:55:00,34.47,0.00,,,,
07/22/26 01:00:00,34.93,0.00,,,,
07/22/26 01:05:00,35.08,0.00,,,,
07/22/26 01:10:00,35.08,0.00,,,,
07/22/26 01:15:00,35.47,0.00,,,,
07/22/26 01:20:00,35.39,0.00,,,,
07/22/26 01:25:00,35.01,0.00,,,,
07/22/26 01:30:00,35.01,0.00,,,,
07/22/26 01:35:00,35.16,0.00,,,,
07/22/26 01:40:00,34.77,0.00,,,,
07/22/26 01:45:00,34.85,0.00,,,,
07/22/26 01:50:00,35.01,0.00,,,,
07/22/26 01:55:00,35.08,0.00,,,,
07/22/26 02:00:00,35.08,0.00,,,,
07/22/26 02:05:00,34.85,0.00,,,,
07/22/26 02:10:00,35.01,0.00,,,,
07/22/26 02:15:00,34.70,0.00,,,,
07/22/26 02:20:00,34.39,0.00,,,,
07/22/26 02:25:00,34.00,0.00,,,,
07/22/26 02:30:00,33.77,0.00,,,,
07/22/26 02:35:00,34.23,0.00,,,,
07/22/26 02:40:00,33.23,0.02,,,,
07/22/26 02:45:00,32.84,0.02,,,,
07/22/26 02:50:00,32.61,0.04,,,,
07/22/26 02:55:00,31.76,0.06,,,,
07/22/26 03:00:00,32.46,0.08,,,,
07/22/26 03:05:00,32.61,0.14,,,,
07/22/26 03:10:00,32.84,0.20,,,,
07/22/26 03:15:00,32.92,0.34,,,,
07/22/26 03:20:00,32.69,0.46,,,,
07/22/26 03:25:00,32.46,0.66,,,,
07/22/26 03:30:00,32.61,1.07,,,,
07/22/26 03:35:00,32.30,1.53,,,,
07/22/26 03:40:00,32.15,2.03,,,,
07/22/26 03:45:00,32.15,3.58,,,,
07/22/26 03:50:00,32.23,5.74,,,,
07/22/26 03:55:00,32.54,7.88,,,,
07/22/26 04:00:00,32.38,13.30,,,,
07/22/26 04:05:00,32.00,19.99,,,,
07/22/26 04:10:00,31.84,27.01,,,,
07/22/26 04:15:00,31.92,37.18,,,,
07/22/26 04:20:00,32.23,49.93,,,,
07/22/26 04:25:00,31.76,65.28,,,,
07/22/26 04:30:00,31.45,82.91,,,,
07/22/26 04:35:00,31.69,103.28,,,,
07/22/26 04:40:00,31.69,125.81,,,,
07/22/26 04:45:00,32.23,150.78,,,,
07/22/26 04:50:00,32.46,179.32,,,,
07/22/26 04:55:00,32.07,212.56,,,,
07/22/26 05:00:00,31.92,249.72,,,,
07/22/26 05:05:00,32.23,472.69,,,,
07/22/26 05:10:00,35.24,751.31,,,,
07/22/26 05:15:00,36.09,868.56,,,,
07/22/26 05:20:00,37.40,755.83,,,,
07/22/26 05:25:00,37.55,878.07,,,,
07/22/26 05:30:00,36.40,617.65,,,,
07/22/26 05:35:00,37.25,1352.78,,,,
07/22/26 05:40:00,36.55,1054.07,,,,
07/22/26 05:45:00,37.25,684.24,,,,
07/22/26 05:50:00,38.17,902.33,,,,
07/22/26 05:55:00,39.18,1871.73,,,,
07/22/26 06:00:00,39.25,1902.65,,,,
07/22/26 06:05:00,37.79,1935.47,,,,
07/22/26 06:10:00,38.25,2183.29,,,,
07/22/26 06:15:00,39.02,2419.21,,,,
07/22/26 06:20:00,44.89,2638.97,,,,
07/22/26 06:25:00,45.12,2834.94,,,,
07/22/26 06:30:00,45.74,2935.78,,,,
07/22/26 06:35:00,47.13,3134.61,,,,
07/22/26 06:40:00,47.05,3009.03,,,,
07/22/26 06:45:00,48.06,3469.47,,,,
07/22/26 06:50:00,44.97,3320.12,,,,
07/22/26 06:55:00,47.36,3847.15,,,,
07/22/26 07:00:00,48.91,3691.13,,,,
07/22/26 07:05:00,49.14,3697.79,,,,
07/22/26 07:10:00,50.53,3831.93,,,,
07/22/26 07:15:00,50.84,4006.97,,,,
07/22/26 07:20:00,49.99,4937.37,,,,
07/22/26 07:25:00,50.14,4408.43,,,,
07/22/26 07:30:00,53.62,4663.38,,,,
07/22/26 07:35:00,53.69,5120.02,,,,
07/22/26 07:40:00,53.15,5239.89,,,,
07/22/26 07:45:00,50.22,4499.76,,,,
07/22/26 07:50:00,48.21,4067.86,,,,
07/22/26 07:55:00,49.29,5730.77,,,,
07/22/26 08:00:00,51.15,3594.10,,,,
07/22/26 08:05:00,49.83,2943.39,,,,
07/22/26 08:10:00,44.35,2793.08,,,,
07/22/26 08:15:00,41.80,1595.37,,,,
07/22/26 08:20:00,41.65,4802.28,,,,
07/22/26 08:25:00,47.98,5991.43,,,,
07/22/26 08:30:00,49.76,6063.73,,,,
07/22/26 08:35:00,49.52,3874.74,,,,
07/22/26 08:40:00,52.92,6242.58,,,,
07/22/26 08:45:00,54.47,4819.40,,,,
07/22/26 08:50:00,56.24,9022.34,,,,
07/22/26 08:55:00,47.36,3197.40,,,,
07/22/26 09:00:00,42.50,3461.86,,,,
07/22/26 09:05:00,41.57,4176.31,,,,
07/22/26 09:10:00,53.31,7212.93,,,,
07/22/26 09:15:00,55.70,7776.11,,,,
07/22/26 09:20:00,56.09,7536.38,,,,
07/22/26 09:25:00,55.55,7338.50,,,,
07/22/26 09:30:00,53.93,6860.94,,,,
07/22/26 09:35:00,56.71,7517.35,,,,
07/22/26 09:40:00,56.09,6341.52,,,,
07/22/26 09:45:00,58.25,7001.74,,,,
07/22/26 09:50:00,63.11,7734.25,,,,
07/22/26 09:55:00,63.27,8082.44,,,,
07/22/26 10:00:00,58.10,8386.86,,,,
07/22/26 10:05:00,56.24,8227.04,,,,
07/22/26 10:10:00,58.10,8577.13,,,,
07/22/26 10:15:00,60.18,8748.36,,,,
07/22/26 10:20:00,59.41,8953.85,,,,
07/22/26 10:25:00,57.01,8295.53,,,,
07/22/26 10:30:00,58.40,8303.14,,,,
07/22/26 10:35:00,60.88,8866.33,,,,
07/22/26 10:40:00,62.11,8299.34,,,,
07/22/26 10:45:00,62.50,7975.89,,,,
07/22/26 10:50:00,61.80,8371.64,,,,
07/22/26 10:55:00,61.96,8885.35,,,,
07/22/26 11:00:00,62.27,8858.72,,,,
07/22/26 11:05:00,61.65,8736.95,,,,
07/22/26 11:10:00,61.65,8691.28,,,,
07/22/26 11:15:00,61.65,9182.17,,,,
07/22/26 11:20:00,64.04,9265.88,,,,
07/22/26 11:25:00,66.36,9714.91,,,,
07/22/26 11:30:00,69.52,9768.18,,,,
07/22/26 11:35:00,68.06,8790.22,,,,
07/22/26 11:40:00,64.27,8318.37,,,,
07/22/26 11:45:00,57.94,5911.52,,,,
07/22/26 11:50:00,54.54,6963.68,,,,
07/22/26 11:55:00,55.78,6389.08,,,,
07/22/26 12:00:00,53.00,4459.80,,,,
07/22/26 12:05:00,50.37,4497.85,,,,
07/22/26 12:10:00,51.38,5125.73,,,,
07/22/26 12:15:00,52.77,8523.85,,,,
07/22/26 12:20:00,60.03,10167.74,,,,
07/22/26 12:25:00,62.88,9752.96,,,,
07/22/26 12:30:00,62.96,9555.09,,,,
07/22/26 12:35:00,59.79,6733.46,,,,
07/22/26 12:40:00,57.56,5987.63,,,,
07/22/26 12:45:00,57.17,6573.64,,,,
07/22/26 12:50:00,51.30,4625.33,,,,
07/22/26 12:55:00,50.76,4438.87,,,,
07/22/26 13:00:00,53.39,9730.13,,,,
07/22/26 13:05:00,58.56,9147.92,,,,
07/22/26 13:10:00,62.34,6153.16,,,,
07/22/26 13:15:00,56.01,6238.77,,,,
07/22/26 13:20:00,53.15,6617.40,,,,
07/22/26 13:25:00,55.32,7106.38,,,,
07/22/26 13:30:00,55.08,6971.29,,,,
07/22/26 13:35:00,56.09,6990.32,,,,
07/22/26 13:40:00,59.72,11522.42,,,,
07/22/26 13:45:00,61.88,10795.61,,,,
07/22/26 13:50:00,60.26,8017.75,,,,
07/22/26 13:55:00,59.87,8101.46,,,,
07/22/26 14:00:00,65.82,8128.10,,,,
07/22/26 14:05:00,65.89,7289.03,,,,
07/22/26 14:10:00,67.05,10000.30,,,,
07/22/26 14:15:00,64.74,9692.08,,,,
07/22/26 14:20:00,61.18,10148.71,,,,
07/22/26 14:25:00,61.96,10042.16,,,,
07/22/26 14:30:00,57.17,8383.06,,,,
07/22/26 14:35:00,57.17,10110.66,,,,
07/22/26 14:40:00,66.90,11602.33,,,,
07/22/26 14:45:00,66.59,8390.67,,,,
07/22/26 14:50:00,64.12,11050.57,,,,
07/22/26 14:55:00,64.04,10042.16,,,,
07/22/26 15:00:00,63.73,10491.19,,,,
07/22/26 15:05:00,62.81,10829.86,,,,
07/22/26 15:10:00,62.50,8668.45,,,,
07/22/26 15:15:00,65.20,9395.26,,,,
07/22/26 15:20:00,64.27,8558.10,,,,
07/22/26 15:25:00,60.80,9840.48,,,,
07/22/26 15:30:00,62.81,10491.19,,,,
07/22/26 15:35:00,59.10,9844.29,,,,
07/22/26 15:40:00,54.78,7650.54,,,,
07/22/26 15:45:00,62.03,9760.57,,,,
07/22/26 15:50:00,58.95,7739.96,,,,
07/22/26 15:55:00,55.93,6617.40,,,,
07/22/26 16:00:00,57.40,7437.44,,,,
07/22/26 16:05:00,60.57,7880.76,,,,
07/22/26 16:10:00,61.72,9844.29,,,,
07/22/26 16:15:00,61.18,8447.75,,,,
07/22/26 16:20:00,58.71,8763.59,,,,
07/22/26 16:25:00,59.18,6655.45,,,,
07/22/26 16:30:00,60.72,6478.51,,,,
07/22/26 16:35:00,57.40,6170.28,,,,
07/22/26 16:40:00,58.40,6503.24,,,,
07/22/26 16:45:00,58.25,6113.20,,,,
07/22/26 16:50:00,60.34,6895.19,,,,
07/22/26 16:55:00,60.72,6784.83,,,,
07/22/26 17:00:00,67.36,8991.90,,,,
07/22/26 17:05:00,64.58,8112.88,,,,
07/22/26 17:10:00,60.26,7494.52,,,,
07/22/26 17:15:00,63.19,7218.64,,,,
07/22/26 17:20:00,62.96,7625.80,,,,
07/22/26 17:25:00,61.11,7030.28,,,,
07/22/26 17:30:00,59.87,6474.70,,,,
07/22/26 17:35:00,56.71,5171.39,,,,
07/22/26 17:40:00,53.93,4659.58,,,,
07/22/26 17:45:00,48.91,2851.11,,,,
07/22/26 17:50:00,46.20,3107.97,,,,
07/22/26 17:55:00,47.98,5043.91,,,,
07/22/26 18:00:00,49.06,5494.84,,,,
07/22/26 18:05:00,47.83,3817.66,,,,
07/22/26 18:10:00,46.51,3531.31,,,,
07/22/26 18:15:00,44.97,3289.67,,,,
07/22/26 18:20:00,44.58,3409.54,,,,
07/22/26 18:25:00,46.98,4123.03,,,,
07/22/26 18:30:00,49.22,4532.10,,,,
07/22/26 18:35:00,48.37,3781.51,,,,
07/22/26 18:40:00,47.75,3848.10,,,,
07/22/26 18:45:00,45.35,2596.16,,,,
07/22/26 18:50:00,43.81,2495.32,,,,
07/22/26 18:55:00,44.50,2664.66,,,,
07/22/26 19:00:00,44.74,2167.11,,,,
07/22/26 19:05:00,42.19,1902.17,,,,
07/22/26 19:10:00,40.80,1614.87,,,,
07/22/26 19:15:00,39.64,1254.32,,,,
07/22/26 19:20:00,39.25,1508.32,,,,
07/22/26 19:25:00,40.33,1595.84,,,,
07/22/26 19:30:00,40.88,1711.91,,,,
07/22/26 19:35:00,42.11,1966.38,,,,
07/22/26 19:40:00,42.81,2345.01,,,,
07/22/26 19:45:00,42.57,2376.40,,,,
07/22/26 19:50:00,45.97,2861.58,,,,
07/22/26 19:55:00,46.90,2073.88,,,,
07/22/26 20:00:00,48.29,2633.26,,,,
07/22/26 20:05:00,45.89,2304.10,,,,
07/22/26 20:10:00,44.50,2291.74,,,,
07/22/26 20:15:00,41.57,1610.11,,,,
07/22/26 20:20:00,39.18,986.52,,,,
07/22/26 20:25:00,37.86,635.48,,,,
07/22/26 20:30:00,37.32,543.92,,,,
07/22/26 20:35:00,36.78,431.19,,,,
07/22/26 20:40:00,36.40,322.14,,,,
07/22/26 20:45:00,36.47,355.08,,,,
07/22/26 20:50:00,36.24,324.04,,,,
07/22/26 20:55:00,36.71,259.12,,,,
07/22/26 21:00:00,36.32,241.87,,,,
07/22/26 21:05:00,36.16,261.97,,,,
07/22/26 21:10:00,36.47,266.85,,,,
07/22/26 21:15:00,36.09,249.48,,,,
07/22/26 21:20:00,36.16,194.19,,,,
07/22/26 21:25:00,35.70,133.07,,,,
07/22/26 21:30:00,35.55,93.91,,,,
07/22/26 21:35:00,35.70,63.86,,,,
07/22/26 21:40:00,35.47,46.84,,,,
07/22/26 21:45:00,35.47,45.22,,,,
07/22/26 21:50:00,35.47,30.78,,,,
07/22/26 21:55:00,35.39,19.44,,,,
07/22/26 22:00:00,35.32,12.83,,,,
07/22/26 22:05:00,35.24,8.83,,,,
07/22/26 22:10:00,35.08,5.69,,,,
07/22/26 22:15:00,35.39,3.66,,,,
07/22/26 22:20:00,35.55,2.46,,,,
07/22/26 22:25:00,35.47,1.47,,,,
07/22/26 22:30:00,35.70,0.99,,,,
07/22/26 22:35:00,35.24,0.69,,,,
07/22/26 22:40:00,35.16,0.46,,,,
07/22/26 22:45:00,35.08,0.28,,,,
07/22/26 22:50:00,35.08,0.16,,,,
07/22/26 22:55:00,35.08,0.10,,,,
07/22/26 23:00:00,35.01,0.04,,,,
07/22/26 23:05:00,34.93,0.02,,,,
07/22/26 23:10:00,34.85,0.00,,,,
07/22/26 23:15:00,34.85,0.00,,,,
07/22/26 23:20:00,34.62,0.00,,,,
07/22/26 23:25:00,34.54,0.00,,,,
07/22/26 23:30:00,34.54,0.00,,,,
07/22/26 23:35:00,34.39,0.00,,,,
07/22/26 23:40:00,34.39,0.00,,,,
07/22/26 23:45:00,34.39,0.00,,,,
07/22/26 23:50:00,34.70,0.00,,,,
07/22/26 23:55:00,34.70,0.00,,,,
07/23/26 00:00:00,34.85,0.00,,,,
07/23/26 00:05:00,34.93,0.00,,,,
07/23/26 00:10:00,35.08,0.00,,,,
07/23/26 00:15:00,34.70,0.00,,,,
07/23/26 00:20:00,34.54,0.00,,,,
07/23/26 00:25:00,34.47,0.00,,,,
07/23/26 00:30:00,34.47,0.00,,,,
07/23/26 00:35:00,34.39,0.00,,,,
07/23/26 00:40:00,34.39,0.00,,,,
07/23/26 00:45:00,34.70,0.00,,,,
07/23/26 00:50:00,34.62,0.00,,,,
07/23/26 00:55:00,34.54,0.00,,,,
07/23/26 01:00:00,34.62,0.00,,,,
07/23/26 01:05:00,34.54,0.00,,,,
07/23/26 01:10:00,34.54,0.00,,,,
07/23/26 01:15:00,34.39,0.00,,,,
07/23/26 01:20:00,34.31,0.00,,,,
07/23/26 01:25:00,34.00,0.00,,,,
07/23/26 01:30:00,33.85,0.00,,,,
07/23/26 01:35:00,33.69,0.00,,,,
07/23/26 01:40:00,33.85,0.00,,,,
07/23/26 01:45:00,33.62,0.00,,,,
07/23/26 01:50:00,33.54,0.00,,,,
07/23/26 01:55:00,33.46,0.00,,,,
07/23/26 02:00:00,33.62,0.00,,,,
07/23/26 02:05:00,33.69,0.00,,,,
07/23/26 02:10:00,33.77,0.00,,,,
07/23/26 02:15:00,33.85,0.00,,,,
07/23/26 02:20:00,34.00,0.00,,,,
07/23/26 02:25:00,34.08,0.00,,,,
07/23/26 02:30:00,33.69,0.00,,,,
07/23/26 02:35:00,33.85,0.00,,,,
07/23/26 02:40:00,33.85,0.00,,,,
07/23/26 02:45:00,34.00,0.00,,,,
07/23/26 02:50:00,33.85,0.00,,,,
07/23/26 02:55:00,33.85,0.02,,,,
07/23/26 03:00:00,33.93,0.04,,,,
07/23/26 03:05:00,33.62,0.06,,,,
07/23/26 03:10:00,33.38,0.12,,,,
07/23/26 03:15:00,33.31,0.18,,,,
07/23/26 03:20:00,33.15,0.28,,,,
07/23/26 03:25:00,33.08,0.40,,,,
07/23/26 03:30:00,33.00,0.65,,,,
07/23/26 03:35:00,32.92,0.87,,,,
07/23/26 03:40:00,33.15,1.43,,,,
07/23/26 03:45:00,33.23,2.16,,,,
07/23/26 03:50:00,33.23,3.33,,,,
07/23/26 03:55:00,33.23,5.10,,,,
07/23/26 04:00:00,33.46,8.44,,,,
07/23/26 04:05:00,33.38,13.63,,,,
07/23/26 04:10:00,33.85,19.20,,,,
07/23/26 04:15:00,33.77,26.24,,,,
07/23/26 04:20:00,33.69,37.53,,,,
07/23/26 04:25:00,33.46,47.64,,,,
07/23/26 04:30:00,33.54,66.59,,,,
07/23/26 04:35:00,33.38,86.72,,,,
07/23/26 04:40:00,33.31,112.08,,,,
07/23/26 04:45:00,34.00,134.26,,,,
07/23/26 04:50:00,33.54,152.39,,,,
07/23/26 04:55:00,33.69,173.74,,,,
07/23/26 05:00:00,34.08,192.58,,,,
07/23/26 05:05:00,34.08,204.95,,,,
07/23/26 05:10:00,34.23,230.76,,,,
07/23/26 05:15:00,33.93,250.67,,,,
07/23/26 05:20:00,33.93,287.66,,,,
07/23/26 05:25:00,34.08,342.71,,,,
07/23/26 05:30:00,34.16,394.68,,,,
07/23/26 05:35:00,34.23,494.69,,,,
07/23/26 05:40:00,34.62,553.43,,,,
07/23/26 05:45:00,35.01,603.85,,,,
07/23/26 05:50:00,35.01,649.28,,,,
07/23/26 05:55:00,34.85,689.95,,,,
07/23/26 06:00:00,36.40,843.82,,,,
07/23/26 06:05:00,37.09,927.54,,,,
07/23/26 06:10:00,35.86,826.22,,,,
07/23/26 06:15:00,36.01,1213.89,,,,
07/23/26 06:20:00,35.32,881.40,,,,
07/23/26 06:25:00,35.24,955.37,,,,
07/23/26 06:30:00,35.39,968.21,,,,
07/23/26 06:35:00,36.24,1527.35,,,,
07/23/26 06:40:00,37.86,1902.17,,,,
07/23/26 06:45:00,40.33,2774.06,,,,
07/23/26 06:50:00,40.95,3138.41,,,,
07/23/26 06:55:00,43.58,4596.79,,,,
07/23/26 07:00:00,43.27,3496.11,,,,
07/23/26 07:05:00,43.27,3873.79,,,,
07/23/26 07:10:00,40.80,2574.28,,,,
07/23/26 07:15:00,39.33,2763.59,,,,
07/23/26 07:20:00,38.56,2115.74,,,,
07/23/26 07:25:00,39.02,2523.86,,,,
07/23/26 07:30:00,39.49,2758.84,,,,
07/23/26 07:35:00,39.02,2255.59,,,,
07/23/26 07:40:00,38.17,1984.46,,,,
07/23/26 07:45:00,37.79,1824.64,,,,
07/23/26 07:50:00,37.48,1914.54,,,,
07/23/26 07:55:00,37.32,1841.29,,,,
07/23/26 08:00:00,37.55,2119.55,,,,
07/23/26 08:05:00,38.64,2756.93,,,,
07/23/26 08:10:00,42.42,4026.00,,,,
07/23/26 08:15:00,42.73,3923.26,,,,
07/23/26 08:20:00,43.81,4473.12,,,,
07/23/26 08:25:00,45.97,4549.23,,,,
07/23/26 08:30:00,44.81,3396.22,,,,
07/23/26 08:35:00,42.03,2943.39,,,,
07/23/26 08:40:00,44.58,3336.29,,,,
07/23/26 08:45:00,46.36,6061.83,,,,
07/23/26 08:50:00,45.05,3894.72,,,,
07/23/26 08:55:00,45.43,5194.22,,,,
07/23/26 09:00:00,46.28,5026.79,,,,
07/23/26 09:05:00,42.88,3877.59,,,,
07/23/26 09:10:00,39.95,2286.03,,,,
07/23/26 09:15:00,41.96,4596.79,,,,
07/23/26 09:20:00,47.05,5481.52,,,,
07/23/26 09:25:00,50.30,8325.98,,,,
07/23/26 09:30:00,50.06,7998.72,,,,
07/23/26 09:35:00,49.45,7233.86,,,,
07/23/26 09:40:00,47.36,5106.70,,,,
07/23/26 09:45:00,49.68,8303.14,,,,
07/23/26 09:50:00,52.92,6822.89,,,,
07/23/26 09:55:00,46.67,4992.54,,,,
07/23/26 10:00:00,44.58,4518.78,,,,
07/23/26 10:05:00,46.28,6208.33,,,,
07/23/26 10:10:00,47.98,6069.44,,,,
07/23/26 10:15:00,54.85,8885.35,,,,
07/23/26 10:20:00,60.57,12519.41,,,,
07/23/26 10:25:00,60.03,9098.45,,,,
07/23/26 10:30:00,59.49,8877.74,,,,
07/23/26 10:35:00,52.07,7230.05,,,,
07/23/26 10:40:00,54.85,10670.04,,,,
07/23/26 10:45:00,57.63,10654.81,,,,
07/23/26 10:50:00,57.25,10377.03,,,,
07/23/26 10:55:00,54.54,6769.61,,,,
07/23/26 11:00:00,48.29,5276.04,,,,
07/23/26 11:05:00,48.29,5871.56,,,,
07/23/26 11:10:00,48.98,6021.87,,,,
07/23/26 11:15:00,49.91,7694.30,,,,
07/23/26 11:20:00,54.85,10076.41,,,,
07/23/26 11:25:00,58.02,9905.17,,,,
07/23/26 11:30:00,57.63,10765.17,,,,
07/23/26 11:35:00,55.24,7873.15,,,,
07/23/26 11:40:00,51.07,7715.23,,,,
07/23/26 11:45:00,47.83,6158.86,,,,
07/23/26 11:50:00,46.59,6765.81,,,,
07/23/26 11:55:00,52.00,7256.69,,,,
07/23/26 12:00:00,50.45,8219.43,,,,
07/23/26 12:05:00,46.36,5812.58,,,,
07/23/26 12:10:00,49.22,8759.78,,,,
07/23/26 12:15:00,52.30,9631.19,,,,
07/23/26 12:20:00,52.23,8862.52,,,,
07/23/26 12:25:00,50.53,8523.85,,,,
07/23/26 12:30:00,50.14,7460.27,,,,
07/23/26 12:35:00,47.13,5654.66,,,,
07/23/26 12:40:00,44.89,5245.59,,,,
07/23/26 12:45:00,45.43,5498.65,,,,
07/23/26 12:50:00,45.35,5827.80,,,,
07/23/26 12:55:00,45.74,6105.59,,,,
07/23/26 13:00:00,45.66,5696.52,,,,
07/23/26 13:05:00,45.82,5527.19,,,,
07/23/26 13:10:00,45.89,5816.39,,,,
07/23/26 13:15:00,46.44,6257.80,,,,
07/23/26 13:20:00,49.76,8059.61,,,,
07/23/26 13:25:00,52.15,8603.76,,,,
07/23/26 13:30:00,49.45,7692.40,,,,
07/23/26 13:35:00,49.68,8204.21,,,,
07/23/26 13:40:00,49.06,7243.37,,,,
07/23/26 13:45:00,48.06,6695.41,,,,
07/23/26 13:50:00,47.75,6792.44,,,,
07/23/26 13:55:00,47.13,6581.25,,,,
07/23/26 14:00:00,46.44,6421.43,,,,
07/23/26 14:05:00,47.44,8763.59,,,,
07/23/26 14:10:00,50.53,9128.89,,,,
07/23/26 14:15:00,50.14,8988.10,,,,
07/23/26 14:20:00,51.92,9440.93,,,,
07/23/26 14:25:00,49.76,7709.52,,,,
07/23/26 14:30:00,49.22,9539.86,,,,
07/23/26 14:35:00,49.76,8112.88,,,,
07/23/26 14:40:00,49.29,7804.65,,,,
07/23/26 14:45:00,48.52,7528.77,,,,
07/23/26 14:50:00,49.06,7880.76,,,,
07/23/26 14:55:00,48.91,7547.79,,,,
07/23/26 15:00:00,48.91,7604.87,,,,
07/23/26 15:05:00,49.99,8329.78,,,,
07/23/26 15:10:00,49.45,7536.38,,,,
07/23/26 15:15:00,51.30,9098.45,,,,
07/23/26 15:20:00,53.93,8991.90,,,,
07/23/26 15:25:00,52.84,7953.06,,,,
07/23/26 15:30:00,49.99,6956.07,,,,
07/23/26 15:35:00,43.35,4155.38,,,,
07/23/26 15:40:00,45.66,6786.74,,,,
07/23/26 15:45:00,48.67,7572.53,,,,
07/23/26 15:50:00,49.91,8169.96,,,,
07/23/26 15:55:00,49.22,7654.34,,,,
07/23/26 16:00:00,48.29,7192.00,,,,
07/23/26 16:05:00,47.13,6221.65,,,,
07/23/26 16:10:00,45.89,5420.64,,,,
07/23/26 16:15:00,44.66,5188.51,,,,
07/23/26 16:20:00,44.20,4672.90,,,,
07/23/26 16:25:00,43.89,5142.85,,,,
07/23/26 16:30:00,43.50,4903.12,,,,
07/23/26 16:35:00,43.50,4800.37,,,,
07/23/26 16:40:00,43.58,4872.68,,,,
07/23/26 16:45:00,42.65,3923.26,,,,
07/23/26 16:50:00,40.41,2970.98,,,,
07/23/26 16:55:00,39.79,3203.10,,,,
07/23/26 17:00:00,39.95,3167.90,,,,
07/23/26 17:05:00,39.64,3003.33,,,,
07/23/26 17:10:00,38.48,2602.82,,,,
07/23/26 17:15:00,38.56,3029.96,,,,
07/23/26 17:20:00,38.56,3090.85,,,,
07/23/26 17:25:00,38.02,2741.71,,,,
07/23/26 17:30:00,38.25,2993.81,,,,
07/23/26 17:35:00,38.33,2962.42,,,,
07/23/26 17:40:00,38.33,3016.64,,,,
07/23/26 17:45:00,38.25,2908.19,,,,
07/23/26 17:50:00,37.63,2467.73,,,,
07/23/26 17:55:00,37.79,2715.08,,,,
07/23/26 18:00:00,38.17,2950.05,,,,
07/23/26 18:05:00,37.94,2407.80,,,,
07/23/26 18:10:00,37.71,2302.20,,,,
07/23/26 18:15:00,37.71,2111.94,,,,
07/23/26 18:20:00,38.02,2343.11,,,,
07/23/26 18:25:00,37.86,2278.42,,,,
07/23/26 18:30:00,37.55,1970.19,,,,
07/23/26 18:35:00,37.32,1788.49,,,,
07/23/26 18:40:00,37.55,2009.19,,,,
07/23/26 18:45:00,37.09,1403.20,,,,
07/23/26 18:50:00,36.71,1612.97,,,,
07/23/26 18:55:00,37.32,2184.24,,,,
07/23/26 19:00:00,37.17,1910.26,,,,
07/23/26 19:05:00,37.01,1767.56,,,,
07/23/26 19:10:00,37.01,1812.27,,,,
07/23/26 19:15:00,36.86,1512.13,,,,
07/23/26 19:20:00,36.09,1174.41,,,,
07/23/26 19:25:00,36.16,1198.67,,,,
07/23/26 19:30:00,36.47,1451.72,,,,
07/23/26 19:35:00,36.09,823.61,,,,
07/23/26 19:40:00,35.47,841.44,,,,
07/23/26 19:45:00,35.78,852.15,,,,
07/23/26 19:50:00,35.32,593.39,,,,
07/23/26 19:55:00,35.16,629.78,,,,
07/23/26 20:00:00,35.16,630.01,,,,
07/23/26 20:05:00,35.01,608.85,,,,
07/23/26 20:10:00,34.77,562.23,,,,
07/23/26 20:15:00,34.62,441.65,,,,
07/23/26 20:20:00,34.54,493.26,,,,
07/23/26 20:25:00,34.70,512.53,,,,
07/23/26 20:30:00,34.62,464.13,,,,
07/23/26 20:35:00,34.77,578.17,,,,
07/23/26 20:40:00,34.93,496.11,,,,
07/23/26 20:45:00,34.77,458.66,,,,
07/23/26 20:50:00,34.54,410.26,,,,
07/23/26 20:55:00,34.47,383.26,,,,
07/23/26 21:00:00,34.31,404.19,,,,
07/23/26 21:05:00,34.08,378.27,,,,
07/23/26 21:10:00,34.31,341.76,,,,
07/23/26 21:15:00,34.23,245.80,,,,
07/23/26 21:20:00,34.16,180.87,,,,
07/23/26 21:25:00,34.16,131.28,,,,
07/23/26 21:30:00,34.00,102.80,,,,
07/23/26 21:35:00,34.23,84.19,,,,
07/23/26 21:40:00,34.23,62.49,,,,
07/23/26 21:45:00,34.31,38.65,,,,
07/23/26 21:50:00,34.23,29.60,,,,
07/23/26 21:55:00,34.16,18.34,,,,
07/23/26 22:00:00,34.00,12.42,,,,
07/23/26 22:05:00,34.00,9.41,,,,
07/23/26 22:10:00,34.23,6.48,,,,
07/23/26 22:15:00,34.16,3.72,,,,
07/23/26 22:20:00,34.39,2.46,,,,
07/23/26 22:25:00,34.16,1.65,,,,
07/23/26 22:30:00,33.93,1.13,,,,
07/23/26 22:35:00,34.23,0.71,,,,
07/23/26 22:40:00,34.23,0.46,,,,
07/23/26 22:45:00,34.31,0.30,,,,
07/23/26 22:50:00,34.31,0.20,,,,
07/23/26 22:55:00,34.39,0.10,,,,
07/23/26 23:00:00,34.16,0.04,,,,
07/23/26 23:05:00,34.31,0.02,,,,
07/23/26 23:10:00,34.16,0.00,,,,
07/23/26 23:15:00,34.08,0.00,,,,
07/23/26 23:20:00,34.23,0.00,,,,
07/23/26 23:25:00,34.08,0.00,,,,
07/23/26 23:30:00,34.16,0.00,,,,
07/23/26 23:35:00,34.23,0.00,,,,
07/23/26 23:40:00,33.93,0.00,,,,
07/23/26 23:45:00,33.77,0.00,,,,
07/23/26 23:50:00,33.46,0.00,,,,
07/23/26 23:55:00,33.31,0.00,,,,
07/24/26 00:00:00,33.23,0.00,,,,
07/24/26 00:05:00,33.31,0.00,,,,
07/24/26 00:10:00,33.15,0.00,,,,
07/24/26 00:15:00,33.23,0.00,,,,
07/24/26 00:20:00,33.38,0.00,,,,
07/24/26 00:25:00,33.54,0.00,,,,
07/24/26 00:30:00,33.46,0.00,,,,
07/24/26 00:35:00,33.46,0.00,,,,
07/24/26 00:40:00,33.38,0.00,,,,
07/24/26 00:45:00,33.38,0.00,,,,
07/24/26 00:50:00,33.85,0.00,,,,
07/24/26 00:55:00,33.69,0.00,,,,
07/24/26 01:00:00,33.62,0.00,,,,
07/24/26 01:05:00,33.93,0.00,,,,
07/24/26 01:10:00,34.00,0.00,,,,
07/24/26 01:15:00,34.00,0.00,,,,
07/24/26 01:20:00,33.93,0.00,,,,
07/24/26 01:25:00,33.77,0.00,,,,
07/24/26 01:30:00,33.62,0.00,,,,
07/24/26 01:35:00,33.54,0.00,,,,
07/24/26 01:40:00,33.46,0.00,,,,
07/24/26 01:45:00,33.38,0.00,,,,
07/24/26 01:50:00,33.31,0.00,,,,
07/24/26 01:55:00,33.38,0.00,,,,
07/24/26 02:00:00,33.31,0.00,,,,
07/24/26 02:05:00,33.08,0.00,,,,
07/24/26 02:10:00,33.31,0.00,,,,
07/24/26 02:15:00,33.23,0.00,,,,
07/24/26 02:20:00,33.08,0.00,,,,
07/24/26 02:25:00,33.08,0.00,,,,
07/24/26 02:30:00,33.08,0.00,,,,
07/24/26 02:35:00,33.23,0.00,,,,
07/24/26 02:40:00,33.23,0.00,,,,
07/24/26 02:45:00,33.46,0.00,,,,
07/24/26 02:50:00,33.38,0.00,,,,
07/24/26 02:55:00,33.38,0.00,,,,
07/24/26 03:00:00,33.46,0.02,,,,
07/24/26 03:05:00,33.46,0.06,,,,
07/24/26 03:10:00,33.46,0.10,,,,
07/24/26 03:15:00,33.38,0.16,,,,
07/24/26 03:20:00,33.31,0.28,,,,
07/24/26 03:25:00,33.38,0.43,,,,
07/24/26 03:30:00,33.23,0.53,,,,
07/24/26 03:35:00,33.23,0.75,,,,
07/24/26 03:40:00,33.15,1.35,,,,
07/24/26 03:45:00,33.00,2.06,,,,
07/24/26 03:50:00,33.00,2.62,,,,
07/24/26 03:55:00,33.00,5.14,,,,
07/24/26 04:00:00,32.92,7.12,,,,
07/24/26 04:05:00,33.08,10.51,,,,
07/24/26 04:10:00,33.00,16.25,,,,
07/24/26 04:15:00,32.77,23.34,,,,
07/24/26 04:20:00,32.69,32.49,,,,
07/24/26 04:25:00,32.61,42.93,,,,
07/24/26 04:30:00,32.69,58.76,,,,
07/24/26 04:35:00,33.00,74.20,,,,
07/24/26 04:40:00,33.08,87.76,,,,
07/24/26 04:45:00,33.15,111.99,,,,
07/24/26 04:50:00,33.15,146.09,,,,
07/24/26 04:55:00,32.92,168.68,,,,
07/24/26 05:00:00,33.00,186.10,,,,
07/24/26 05:05:00,33.08,195.32,,,,
07/24/26 05:10:00,33.00,225.70,,,,
07/24/26 05:15:00,33.08,280.76,,,,
07/24/26 05:20:00,33.08,313.94,,,,
07/24/26 05:25:00,33.08,340.57,,,,
07/24/26 05:30:00,33.08,427.98,,,,
07/24/26 05:35:00,33.38,493.50,,,,
07/24/26 05:40:00,33.69,709.69,,,,
07/24/26 05:45:00,33.77,625.73,,,,
07/24/26 05:50:00,33.93,728.48,,,,
07/24/26 05:55:00,34.31,833.12,,,,
07/24/26 06:00:00,34.85,1074.04,,,,
07/24/26 06:05:00,35.70,1400.35,,,,
07/24/26 06:10:00,36.86,1717.61,,,,
07/24/26 06:15:00,38.79,2311.71,,,,
07/24/26 06:20:00,37.94,1787.54,,,,
07/24/26 06:25:00,37.25,1713.33,,,,
07/24/26 06:30:00,39.10,5532.89,,,,
07/24/26 06:35:00,38.40,2557.16,,,,
07/24/26 06:40:00,38.10,1990.17,,,,
07/24/26 06:45:00,37.01,1694.78,,,,
07/24/26 06:50:00,36.09,1675.28,,,,
07/24/26 06:55:00,36.16,1606.31,,,,
07/24/26 07:00:00,36.32,1810.37,,,,
07/24/26 07:05:00,37.32,2375.45,,,,
07/24/26 07:10:00,39.10,2775.01,,,,
07/24/26 07:15:00,40.57,2711.27,,,,
07/24/26 07:20:00,41.49,3337.24,,,,
07/24/26 07:25:00,42.50,3320.12,,,,
07/24/26 07:30:00,42.50,4541.61,,,,
07/24/26 07:35:00,41.80,2574.28,,,,
07/24/26 07:40:00,51.69,10114.46,,,,
07/24/26 07:45:00,48.21,3039.48,,,,
07/24/26 07:50:00,51.84,9456.15,,,,
07/24/26 07:55:00,50.45,6033.29,,,,
07/24/26 08:00:00,49.14,4045.02,,,,
07/24/26 08:05:00,47.36,8740.75,,,,
07/24/26 08:10:00,49.37,6505.14,,,,
07/24/26 08:15:00,46.67,4151.57,,,,
07/24/26 08:20:00,41.65,3824.32,,,,
07/24/26 08:25:00,40.88,3522.75,,,,
07/24/26 08:30:00,42.03,3940.38,,,,
07/24/26 08:35:00,43.73,4511.17,,,,
07/24/26 08:40:00,44.74,4688.12,,,,
07/24/26 08:45:00,44.35,4067.86,,,,
07/24/26 08:50:00,47.67,5283.65,,,,
07/24/26 08:55:00,47.36,4716.66,,,,
07/24/26 09:00:00,46.20,5209.44,,,,
07/24/26 09:05:00,44.97,4984.93,,,,
07/24/26 09:10:00,46.90,5563.34,,,,
07/24/26 09:15:00,48.13,6457.58,,,,
07/24/26 09:20:00,48.60,5635.64,,,,
07/24/26 09:25:00,48.52,6356.74,,,,
07/24/26 09:30:00,48.29,6307.27,,,,
07/24/26 09:35:00,47.98,5610.90,,,,
07/24/26 09:40:00,48.98,5947.67,,,,
07/24/26 09:45:00,49.06,6632.62,,,,
07/24/26 09:50:00,49.37,5582.36,,,,
07/24/26 09:55:00,49.91,6680.19,,,,
07/24/26 10:00:00,53.23,7755.18,,,,
07/24/26 10:05:00,52.77,6628.82,,,,
07/24/26 10:10:00,50.84,6238.77,,,,
07/24/26 10:15:00,52.54,7679.08,,,,
07/24/26 10:20:00,53.85,7783.72,,,,
07/24/26 10:25:00,57.56,9052.79,,,,
07/24/26 10:30:00,59.87,9284.91,,,,
07/24/26 10:35:00,56.47,7180.58,,,,
07/24/26 10:40:00,68.37,14517.19,,,,
07/24/26 10:45:00,66.74,9258.27,,,,
07/24/26 10:50:00,59.18,7387.97,,,,
07/24/26 10:55:00,59.02,8413.50,,,,
07/24/26 11:00:00,59.18,8900.58,,,,
07/24/26 11:05:00,62.57,8911.99,,,,
07/24/26 11:10:00,61.49,7741.86,,,,
07/24/26 11:15:00,59.33,7433.64,,,,
07/24/26 11:20:00,59.95,8234.65,,,,
07/24/26 11:25:00,68.75,11469.15,,,,
07/24/26 11:30:00,71.15,12074.19,,,,
07/24/26 11:35:00,73.08,10753.75,,,,
07/24/26 11:40:00,69.22,8341.20,,,,
07/24/26 11:45:00,64.04,8287.92,,,,
07/24/26 11:50:00,60.88,8208.01,,,,
07/24/26 11:55:00,59.49,8090.05,,,,
07/24/26 12:00:00,60.18,7930.23,,,,
07/24/26 12:05:00,59.41,7252.88,,,,
07/24/26 12:10:00,57.01,6735.37,,,,
07/24/26 12:15:00,56.63,6432.84,,,,
07/24/26 12:20:00,55.93,6695.41,,,,
07/24/26 12:25:00,59.56,8333.59,,,,
07/24/26 12:30:00,64.97,9307.74,,,,
07/24/26 12:35:00,66.67,8394.47,,,,
07/24/26 12:40:00,72.30,11838.26,,,,
07/24/26 12:45:00,74.16,9768.18,,,,
07/24/26 12:50:00,73.46,8622.79,,,,
07/24/26 12:55:00,74.23,9273.49,,,,
07/24/26 13:00:00,73.54,8638.01,,,,
07/24/26 13:05:00,66.67,6449.97,,,,
07/24/26 13:10:00,61.49,7020.76,,,,
07/24/26 13:15:00,66.90,8938.63,,,,
07/24/26 13:20:00,68.29,8219.43,,,,
07/24/26 13:25:00,72.54,9768.18,,,,
07/24/26 13:30:00,71.53,7964.47,,,,
07/24/26 13:35:00,68.44,8120.49,,,,
07/24/26 13:40:00,69.37,8778.81,,,,
07/24/26 13:45:00,68.91,7521.16,,,,
07/24/26 13:50:00,64.58,7214.83,,,,
07/24/26 13:55:00,61.88,7264.30,,,,
07/24/26 14:00:00,62.88,7937.84,,,,
07/24/26 14:05:00,66.20,8759.78,,,,
07/24/26 14:10:00,66.67,7884.56,,,,
07/24/26 14:15:00,63.35,7397.49,,,,
07/24/26 14:20:00,63.89,7922.62,,,,
07/24/26 14:25:00,64.04,7422.22,,,,
07/24/26 14:30:00,63.19,7192.00,,,,
07/24/26 14:35:00,61.34,7593.46,,,,
07/24/26 14:40:00,60.10,6214.04,,,,
07/24/26 14:45:00,60.57,7593.46,,,,
07/24/26 14:50:00,61.42,6948.46,,,,
07/24/26 14:55:00,61.96,7353.72,,,,
07/24/26 15:00:00,63.42,7631.51,,,,
07/24/26 15:05:00,64.50,9075.62,,,,
07/24/26 15:10:00,63.42,8257.48,,,,
07/24/26 15:15:00,63.19,7857.93,,,,
07/24/26 15:20:00,65.28,8101.46,,,,
07/24/26 15:25:00,62.81,6963.68,,,,
07/24/26 15:30:00,60.80,6628.82,,,,
07/24/26 15:35:00,59.10,6090.37,,,,
07/24/26 15:40:00,59.56,6328.20,,,,
07/24/26 15:45:00,54.54,5496.74,,,,
07/24/26 15:50:00,53.31,5236.08,,,,
07/24/26 15:55:00,54.31,5080.06,,,,
07/24/26 16:00:00,57.71,5268.43,,,,
07/24/26 16:05:00,56.09,4328.52,,,,
07/24/26 16:10:00,53.77,4969.71,,,,
07/24/26 16:15:00,53.39,3965.11,,,,
07/24/26 16:20:00,54.93,5395.90,,,,
07/24/26 16:25:00,52.46,3810.05,,,,
07/24/26 16:30:00,54.78,5129.53,,,,
07/24/26 16:35:00,58.64,5441.57,,,,
07/24/26 16:40:00,56.63,4807.99,,,,
07/24/26 16:45:00,56.86,5266.52,,,,
07/24/26 16:50:00,52.92,4368.47,,,,
07/24/26 16:55:00,56.32,6208.33,,,,
07/24/26 17:00:00,56.47,4952.59,,,,
07/24/26 17:05:00,54.70,4277.15,,,,
07/24/26 17:10:00,49.29,2608.53,,,,
07/24/26 17:15:00,51.38,4393.21,,,,
07/24/26 17:20:00,50.22,3999.36,,,,
07/24/26 17:25:00,48.44,3121.29,,,,
07/24/26 17:30:00,46.90,3953.70,,,,
07/24/26 17:35:00,47.98,4218.17,,,,
07/24/26 17:40:00,47.28,3244.01,,,,
07/24/26 17:45:00,50.30,4265.73,,,,
07/24/26 17:50:00,53.39,5487.23,,,,
07/24/26 17:55:00,53.00,5005.86,,,,
07/24/26 18:00:00,52.30,4077.37,,,,
07/24/26 18:05:00,50.61,4307.59,,,,
07/24/26 18:10:00,51.22,3978.43,,,,
07/24/26 18:15:00,49.91,3438.08,,,,
07/24/26 18:20:00,48.29,2453.46,,,,
07/24/26 18:25:00,44.43,2059.61,,,,
07/24/26 18:30:00,43.50,1891.71,,,,
07/24/26 18:35:00,42.27,1934.99,,,,
07/24/26 18:40:00,43.96,2524.81,,,,
07/24/26 18:45:00,44.20,2408.75,,,,
07/24/26 18:50:00,43.04,1891.71,,,,
07/24/26 18:55:00,41.96,2273.66,,,,
07/24/26 19:00:00,43.11,2185.19,,,,
07/24/26 19:05:00,42.57,2052.95,,,,
07/24/26 19:10:00,41.34,1735.21,,,,
07/24/26 19:15:00,40.72,1529.25,,,,
07/24/26 19:20:00,40.03,1398.44,,,,
07/24/26 19:25:00,39.33,1319.01,,,,
07/24/26 19:30:00,38.02,1317.11,,,,
07/24/26 19:35:00,36.94,1247.66,,,,
07/24/26 19:40:00,36.63,1255.27,,,,
07/24/26 19:45:00,36.32,1093.55,,,,
07/24/26 19:50:00,36.16,1000.79,,,,
07/24/26 19:55:00,35.62,1033.14,,,,
07/24/26 20:00:00,35.39,942.05,,,,
07/24/26 20:05:00,35.01,889.01,,,,
07/24/26 20:10:00,34.93,836.93,,,,
07/24/26 20:15:00,34.23,776.04,,,,
07/24/26 20:20:00,33.54,690.66,,,,
07/24/26 20:25:00,33.46,705.88,,,,
07/24/26 20:30:00,32.84,599.33,,,,
07/24/26 20:35:00,32.46,573.65,,,,
07/24/26 20:40:00,32.46,511.57,,,,
07/24/26 20:45:00,31.76,465.67,,,,
07/24/26 20:50:00,30.53,354.84,,,,
07/24/26 20:55:00,29.76,318.69,,,,
07/24/26 21:00:00,29.14,274.10,,,,
07/24/26 21:05:00,28.91,245.32,,,,
07/24/26 21:10:00,28.91,208.93,,,,
07/24/26 21:15:00,28.91,171.83,,,,
07/24/26 21:20:00,29.14,147.63,,,,
07/24/26 21:25:00,28.67,113.56,,,,
07/24/26 21:30:00,28.83,85.68,,,,
07/24/26 21:35:00,28.83,61.90,,,,
07/24/26 21:40:00,29.22,48.43,,,,
07/24/26 21:45:00,30.06,36.98,,,,
07/24/26 21:50:00,29.37,25.11,,,,
07/24/26 21:55:00,28.44,16.65,,,,
07/24/26 22:00:00,27.98,10.75,,,,
07/24/26 22:05:00,28.75,6.92,,,,
07/24/26 22:10:00,29.76,4.30,,,,
07/24/26 22:15:00,30.30,2.72,,,,
07/24/26 22:20:00,31.15,1.77,,,,
07/24/26 22:25:00,32.84,1.07,,,,
07/24/26 22:30:00,34.39,0.77,,,,
07/24/26 22:35:00,34.16,0.51,,,,
07/24/26 22:40:00,33.23,0.28,,,,
07/24/26 22:45:00,32.54,0.14,,,,
07/24/26 22:50:00,31.76,0.10,,,,
07/24/26 22:55:00,32.07,0.06,,,,
07/24/26 23:00:00,32.30,0.02,,,,
07/24/26 23:05:00,32.77,0.00,,,,
07/24/26 23:10:00,32.84,0.00,,,,
07/24/26 23:15:00,32.84,0.00,,,,
07/24/26 23:20:00,32.84,0.00,,,,
07/24/26 23:25:00,33.08,0.00,,,,
07/24/26 23:30:00,33.23,0.00,,,,
07/24/26 23:35:00,33.23,0.00,,,,
07/24/26 23:40:00,33.23,0.00,,,,
07/24/26 23:45:00,33.08,0.00,,,,
07/24/26 23:50:00,33.15,0.00,,,,
07/24/26 23:55:00,33.38,0.00,,,,
07/25/26 00:00:00,33.31,0.00,,,,
07/25/26 00:05:00,33.15,0.00,,,,
07/25/26 00:10:00,33.23,0.00,,,,
07/25/26 00:15:00,33.08,0.00,,,,
07/25/26 00:20:00,33.23,0.00,,,,
07/25/26 00:25:00,33.77,0.00,,,,
07/25/26 00:30:00,34.00,0.00,,,,
07/25/26 00:35:00,33.93,0.00,,,,
07/25/26 00:40:00,34.31,0.00,,,,
07/25/26 00:45:00,34.08,0.00,,,,
07/25/26 00:50:00,34.08,0.00,,,,
07/25/26 00:55:00,34.08,0.00,,,,
07/25/26 01:00:00,33.93,0.00,,,,
07/25/26 01:05:00,33.85,0.00,,,,
07/25/26 01:10:00,33.77,0.00,,,,
07/25/26 01:15:00,33.93,0.00,,,,
07/25/26 01:20:00,33.77,0.00,,,,
07/25/26 01:25:00,33.77,0.00,,,,
07/25/26 01:30:00,33.62,0.00,,,,
07/25/26 01:35:00,33.23,0.00,,,,
07/25/26 01:40:00,33.15,0.00,,,,
07/25/26 01:45:00,33.00,0.00,,,,
07/25/26 01:50:00,32.69,0.00,,,,
07/25/26 01:55:00,32.38,0.00,,,,
07/25/26 02:00:00,32.54,0.00,,,,
07/25/26 02:05:00,33.31,0.00,,,,
07/25/26 02:10:00,33.54,0.00,,,,
07/25/26 02:15:00,33.85,0.00,,,,
07/25/26 02:20:00,33.62,0.00,,,,
07/25/26 02:25:00,33.93,0.00,,,,
07/25/26 02:30:00,34.08,0.00,,,,
07/25/26 02:35:00,34.00,0.00,,,,
07/25/26 02:40:00,33.93,0.00,,,,
07/25/26 02:45:00,34.00,0.00,,,,
07/25/26 02:50:00,34.00,0.00,,,,
07/25/26 02:55:00,34.08,0.00,,,,
07/25/26 03:00:00,34.31,0.02,,,,
07/25/26 03:05:00,34.23,0.04,,,,
07/25/26 03:10:00,34.39,0.06,,,,
07/25/26 03:15:00,34.16,0.12,,,,
07/25/26 03:20:00,34.00,0.18,,,,
07/25/26 03:25:00,33.85,0.28,,,,
07/25/26 03:30:00,33.85,0.38,,,,
07/25/26 03:35:00,33.93,0.53,,,,
07/25/26 03:40:00,34.00,0.83,,,,
07/25/26 03:45:00,34.00,1.35,,,,
07/25/26 03:50:00,33.93,1.95,,,,
07/25/26 03:55:00,33.93,3.43,,,,
07/25/26 04:00:00,34.00,5.22,,,,
07/25/26 04:05:00,33.93,8.91,,,,
07/25/26 04:10:00,34.00,13.30,,,,
07/25/26 04:15:00,33.77,19.05,,,,
07/25/26 04:20:00,33.77,26.45,,,,
07/25/26 04:25:00,33.69,36.39,,,,
07/25/26 04:30:00,33.93,47.48,,,,
07/25/26 04:35:00,33.93,70.16,,,,
07/25/26 04:40:00,33.93,81.04,,,,
07/25/26 04:45:00,34.00,102.18,,,,
07/25/26 04:50:00,34.00,128.19,,,,
07/25/26 04:55:00,34.08,163.21,,,,
07/25/26 05:00:00,34.00,195.79,,,,
07/25/26 05:05:00,34.16,243.30,,,,
07/25/26 05:10:00,34.08,234.92,,,,
07/25/26 05:15:00,34.23,256.38,,,,
07/25/26 05:20:00,34.16,284.80,,,,
07/25/26 05:25:00,34.31,314.77,,,,
07/25/26 05:30:00,34.31,342.48,,,,
07/25/26 05:35:00,34.31,444.74,,,,
07/25/26 05:40:00,34.16,399.20,,,,
07/25/26 05:45:00,34.47,426.67,,,,
07/25/26 05:50:00,34.47,496.35,,,,
07/25/26 05:55:00,34.77,613.37,,,,
07/25/26 06:00:00,34.93,621.21,,,,
07/25/26 06:05:00,35.16,835.02,,,,
07/25/26 06:10:00,35.47,787.46,,,,
07/25/26 06:15:00,35.16,831.22,,,,
07/25/26 06:20:00,35.32,1065.01,,,,
07/25/26 06:25:00,35.39,998.89,,,,
07/25/26 06:30:00,35.55,1042.17,,,,
07/25/26 06:35:00,35.86,1172.03,,,,
07/25/26 06:40:00,35.86,1251.94,,,,
07/25/26 06:45:00,36.16,1370.38,,,,
07/25/26 06:50:00,36.01,1229.11,,,,
07/25/26 06:55:00,35.86,1414.14,,,,
07/25/26 07:00:00,36.78,1980.65,,,,
07/25/26 07:05:00,37.40,2167.11,,,,
07/25/26 07:10:00,37.48,2103.37,,,,
07/25/26 07:15:00,37.17,2087.20,,,,
07/25/26 07:20:00,37.32,2182.33,,,,
07/25/26 07:25:00,37.63,2228.95,,,,
07/25/26 07:30:00,38.64,2743.61,,,,
07/25/26 07:35:00,38.40,2554.30,,,,
07/25/26 07:40:00,40.33,3630.25,,,,
07/25/26 07:45:00,39.64,3197.40,,,,
07/25/26 07:50:00,39.25,3172.66,,,,
07/25/26 07:55:00,39.10,3275.40,,,,
07/25/26 08:00:00,40.88,4105.91,,,,
07/25/26 08:05:00,41.42,4029.80,,,,
07/25/26 08:10:00,41.57,3485.65,,,,
07/25/26 08:15:00,42.96,5047.72,,,,
07/25/26 08:20:00,41.34,3630.25,,,,
07/25/26 08:25:00,40.95,3741.55,,,,
07/25/26 08:30:00,39.95,2568.57,,,,
07/25/26 08:35:00,40.41,3075.63,,,,
07/25/26 08:40:00,40.64,4079.27,,,,
07/25/26 08:45:00,41.80,4762.32,,,,
07/25/26 08:50:00,43.27,4210.55,,,,
07/25/26 08:55:00,42.42,4471.22,,,,
07/25/26 09:00:00,42.81,4743.30,,,,
07/25/26 09:05:00,43.19,5239.89,,,,
07/25/26 09:10:00,43.35,4973.52,,,,
07/25/26 09:15:00,43.35,4726.17,,,,
07/25/26 09:20:00,45.66,5726.96,,,,
07/25/26 09:25:00,45.66,5365.46,,,,
07/25/26 09:30:00,43.66,5519.57,,,,
07/25/26 09:35:00,44.50,4964.00,,,,
07/25/26 09:40:00,46.67,6444.26,,,,
07/25/26 09:45:00,47.21,6448.07,,,,
07/25/26 09:50:00,46.67,5960.99,,,,
07/25/26 09:55:00,46.05,5609.00,,,,
07/25/26 10:00:00,45.59,5688.91,,,,
07/25/26 10:05:00,46.20,6193.11,,,,
07/25/26 10:10:00,47.44,5938.16,,,,
07/25/26 10:15:00,45.43,5361.66,,,,
07/25/26 10:20:00,43.58,4887.90,,,,
07/25/26 10:25:00,46.98,7013.15,,,,
07/25/26 10:30:00,47.83,6575.54,,,,
07/25/26 10:35:00,49.76,8249.87,,,,
07/25/26 10:40:00,48.75,6840.01,,,,
07/25/26 10:45:00,50.53,8208.01,,,,
07/25/26 10:50:00,51.22,7823.68,,,,
07/25/26 10:55:00,52.77,8154.74,,,,
07/25/26 11:00:00,50.68,7642.93,,,,
07/25/26 11:05:00,51.92,9463.76,,,,
07/25/26 11:10:00,53.31,8953.85,,,,
07/25/26 11:15:00,54.54,10217.21,,,,
07/25/26 11:20:00,54.31,12142.68,,,,
07/25/26 11:25:00,59.56,9661.63,,,,
07/25/26 11:30:00,61.26,10358.00,,,,
07/25/26 11:35:00,59.64,10993.49,,,,
07/25/26 11:40:00,58.56,11899.14,,,,
07/25/26 11:45:00,55.08,7804.65,,,,
07/25/26 11:50:00,50.22,5757.41,,,,
07/25/26 11:55:00,54.78,7521.16,,,,
07/25/26 12:00:00,53.77,5582.36,,,,
07/25/26 12:05:00,53.69,7450.76,,,,
07/25/26 12:10:00,52.00,7351.82,,,,
07/25/26 12:15:00,51.22,7458.37,,,,
07/25/26 12:20:00,51.22,6649.75,,,,
07/25/26 12:25:00,50.99,7711.42,,,,
07/25/26 12:30:00,52.15,7749.48,,,,
07/25/26 12:35:00,54.08,8558.10,,,,
07/25/26 12:40:00,55.24,8150.93,,,,
07/25/26 12:45:00,53.00,7680.98,,,,
07/25/26 12:50:00,54.08,9273.49,,,,
07/25/26 12:55:00,55.78,8638.01,,,,
07/25/26 13:00:00,54.16,7334.70,,,,
07/25/26 13:05:00,53.46,7846.51,,,,
07/25/26 13:10:00,57.94,8565.71,,,,
07/25/26 13:15:00,60.80,10563.49,,,,
07/25/26 13:20:00,60.34,9349.60,,,,
07/25/26 13:25:00,60.41,9155.53,,,,
07/25/26 13:30:00,58.79,10525.43,,,,
07/25/26 13:35:00,57.71,7542.09,,,,
07/25/26 13:40:00,59.33,9113.67,,,,
07/25/26 13:45:00,61.88,10494.99,,,,
07/25/26 13:50:00,60.03,8615.18,,,,
07/25/26 13:55:00,58.10,7800.85,,,,
07/25/26 14:00:00,56.40,7328.99,,,,
07/25/26 14:05:00,54.16,7203.42,,,,
07/25/26 14:10:00,58.10,7760.89,,,,
07/25/26 14:15:00,59.02,8599.96,,,,
07/25/26 14:20:00,56.09,6501.34,,,,
07/25/26 14:25:00,56.63,8265.09,,,,
07/25/26 14:30:00,60.57,10084.02,,,,
07/25/26 14:35:00,61.03,7602.97,,,,
07/25/26 14:40:00,60.80,9988.89,,,,
07/25/26 14:45:00,63.73,9928.00,,,,
07/25/26 14:50:00,62.11,7123.50,,,,
07/25/26 14:55:00,61.11,8630.40,,,,
07/25/26 15:00:00,60.18,7330.89,,,,
07/25/26 15:05:00,57.17,7028.37,,,,
07/25/26 15:10:00,56.01,6857.13,,,,
07/25/26 15:15:00,52.61,5726.96,,,,
07/25/26 15:20:00,52.54,5165.68,,,,
07/25/26 15:25:00,52.38,5460.59,,,,
07/25/26 15:30:00,51.69,5228.47,,,,
07/25/26 15:35:00,55.08,6762.00,,,,
07/25/26 15:40:00,57.40,6666.87,,,,
07/25/26 15:45:00,54.93,5285.55,,,,
07/25/26 15:50:00,51.69,4773.74,,,,
07/25/26 15:55:00,52.23,5199.93,,,,
07/25/26 16:00:00,52.00,4627.23,,,,
07/25/26 16:05:00,53.39,5641.34,,,,
07/25/26 16:10:00,55.86,6345.32,,,,
07/25/26 16:15:00,56.86,6259.70,,,,
07/25/26 16:20:00,58.17,6434.75,,,,
07/25/26 16:25:00,59.02,7642.93,,,,
07/25/26 16:30:00,58.48,5761.21,,,,
07/25/26 16:35:00,60.18,8158.54,,,,
07/25/26 16:40:00,56.17,5268.43,,,,
07/25/26 16:45:00,55.08,5835.41,,,,
07/25/26 16:50:00,55.47,5848.73,,,,
07/25/26 16:55:00,54.54,5763.11,,,,
07/25/26 17:00:00,53.00,5293.16,,,,
07/25/26 17:05:00,54.47,5433.96,,,,
07/25/26 17:10:00,54.47,5352.14,,,,
07/25/26 17:15:00,52.69,4511.17,,,,
07/25/26 17:20:00,51.69,4199.14,,,,
07/25/26 17:25:00,49.37,3269.70,,,,
07/25/26 17:30:00,48.13,3787.22,,,,
07/25/26 17:35:00,49.14,4534.00,,,,
07/25/26 17:40:00,47.52,3488.50,,,,
07/25/26 17:45:00,46.28,3239.25,,,,
07/25/26 17:50:00,45.28,3251.62,,,,
07/25/26 17:55:00,45.20,3262.09,,,,
07/25/26 18:00:00,45.51,3332.48,,,,
07/25/26 18:05:00,45.82,3445.69,,,,
07/25/26 18:10:00,46.44,3537.02,,,,
07/25/26 18:15:00,46.82,3522.75,,,,
07/25/26 18:20:00,45.43,2997.62,,,,
07/25/26 18:25:00,44.04,3046.14,,,,
07/25/26 18:30:00,44.74,3397.17,,,,
07/25/26 18:35:00,45.05,3096.56,,,,
07/25/26 18:40:00,44.35,2697.95,,,,
07/25/26 18:45:00,43.58,2680.83,,,,
07/25/26 18:50:00,42.57,2355.48,,,,
07/25/26 18:55:00,41.65,2234.66,,,,
07/25/26 19:00:00,41.42,2249.88,,,,
07/25/26 19:05:00,41.80,2386.87,,,,
07/25/26 19:10:00,41.72,2194.70,,,,
07/25/26 19:15:00,40.72,1889.33,,,,
07/25/26 19:20:00,40.80,1858.41,,,,
07/25/26 19:25:00,39.95,1671.47,,,,
07/25/26 19:30:00,38.94,1443.16,,,,
07/25/26 19:35:00,38.33,1255.75,,,,
07/25/26 19:40:00,37.71,1090.69,,,,
07/25/26 19:45:00,37.09,953.46,,,,
07/25/26 19:50:00,36.71,907.32,,,,
07/25/26 19:55:00,36.71,919.22,,,,
07/25/26 20:00:00,36.78,910.42,,,,
07/25/26 20:05:00,36.94,903.52,,,,
07/25/26 20:10:00,37.01,888.30,,,,
07/25/26 20:15:00,36.94,930.63,,,,
07/25/26 20:20:00,37.09,876.17,,,,
07/25/26 20:25:00,37.01,766.53,,,,
07/25/26 20:30:00,36.55,668.30,,,,
07/25/26 20:35:00,36.16,594.81,,,,
07/25/26 20:40:00,35.78,491.60,,,,
07/25/26 20:45:00,35.32,404.91,,,,
07/25/26 20:50:00,34.93,338.91,,,,
07/25/26 20:55:00,34.70,295.86,,,,
07/25/26 21:00:00,34.54,250.55,,,,
07/25/26 21:05:00,34.16,201.62,,,,
07/25/26 21:10:00,33.93,166.96,,,,
07/25/26 21:15:00,33.77,135.74,,,,
07/25/26 21:20:00,33.69,111.42,,,,
07/25/26 21:25:00,33.38,88.00,,,,
07/25/26 21:30:00,33.46,71.85,,,,
07/25/26 21:35:00,33.46,54.40,,,,
07/25/26 21:40:00,33.69,39.52,,,,
07/25/26 21:45:00,33.69,26.21,,,,
07/25/26 21:50:00,33.62,17.70,,,,
07/25/26 21:55:00,33.46,11.79,,,,
07/25/26 22:00:00,33.38,7.88,,,,
07/25/26 22:05:00,33.46,4.94,,,,
07/25/26 22:10:00,33.46,3.09,,,,
07/25/26 22:15:00,33.46,2.04,,,,
07/25/26 22:20:00,33.15,1.31,,,,
07/25/26 22:25:00,33.15,0.77,,,,
07/25/26 22:30:00,33.23,0.51,,,,
07/25/26 22:35:00,33.38,0.32,,,,
07/25/26 22:40:00,33.38,0.18,,,,
07/25/26 22:45:00,33.46,0.12,,,,
07/25/26 22:50:00,33.54,0.08,,,,
07/25/26 22:55:00,33.54,0.04,,,,
07/25/26 23:00:00,33.54,0.02,,,,
07/25/26 23:05:00,33.77,0.00,,,,
07/25/26 23:10:00,33.85,0.00,,,,
07/25/26 23:15:00,33.77,0.00,,,,
07/25/26 23:20:00,33.77,0.00,,,,
07/25/26 23:25:00,33.85,0.00,,,,
07/25/26 23:30:00,33.69,0.00,,,,
07/25/26 23:35:00,33.77,0.00,,,,
07/25/26 23:40:00,33.77,0.00,,,,
07/25/26 23:45:00,33.69,0.00,,,,
07/25/26 23:50:00,33.62,0.00,,,,
07/25/26 23:55:00,33.38,0.00,,,,
07/26/26 00:00:00,33.31,0.00,,,,
07/26/26 00:05:00,33.15,0.00,,,,
07/26/26 00:10:00,33.00,0.00,,,,
07/26/26 00:15:00,32.77,0.00,,,,
07/26/26 00:20:00,32.92,0.00,,,,
07/26/26 00:25:00,32.84,0.00,,,,
07/26/26 00:30:00,32.46,0.00,,,,
07/26/26 00:35:00,32.61,0.00,,,,
07/26/26 00:40:00,32.46,0.00,,,,
07/26/26 00:45:00,32.38,0.00,,,,
07/26/26 00:50:00,32.15,0.00,,,,
07/26/26 00:55:00,32.00,0.00,,,,
07/26/26 01:00:00,31.92,0.00,,,,
07/26/26 01:05:00,31.84,0.00,,,,
07/26/26 01:10:00,32.00,0.00,,,,
07/26/26 01:15:00,31.84,0.00,,,,
07/26/26 01:20:00,31.76,0.00,,,,
07/26/26 01:25:00,31.53,0.00,,,,
07/26/26 01:30:00,31.30,0.00,,,,
07/26/26 01:35:00,31.53,0.00,,,,
07/26/26 01:40:00,31.61,0.00,,,,
07/26/26 01:45:00,31.61,0.00,,,,
07/26/26 01:50:00,31.61,0.00,,,,
07/26/26 01:55:00,31.69,0.00,,,,
07/26/26 02:00:00,31.92,0.00,,,,
07/26/26 02:05:00,32.07,0.00,,,,
07/26/26 02:10:00,32.07,0.00,,,,
07/26/26 02:15:00,32.15,0.00,,,,
07/26/26 02:20:00,32.07,0.00,,,,
07/26/26 02:25:00,32.15,0.00,,,,
07/26/26 02:30:00,32.15,0.00,,,,
07/26/26 02:35:00,32.30,0.00,,,,
07/26/26 02:40:00,32.46,0.00,,,,
07/26/26 02:45:00,32.38,0.00,,,,
07/26/26 02:50:00,32.38,0.00,,,,
07/26/26 02:55:00,32.30,0.00,,,,
07/26/26 03:00:00,32.30,0.00,,,,
07/26/26 03:05:00,32.23,0.00,,,,
07/26/26 03:10:00,32.15,0.02,,,,
07/26/26 03:15:00,32.15,0.04,,,,
07/26/26 03:20:00,32.15,0.10,,,,
07/26/26 03:25:00,31.92,0.18,,,,
07/26/26 03:30:00,31.84,0.32,,,,
07/26/26 03:35:00,31.69,0.51,,,,
07/26/26 03:40:00,31.45,0.85,,,,
07/26/26 03:45:00,31.45,1.31,,,,
07/26/26 03:50:00,31.53,1.97,,,,
07/26/26 03:55:00,31.69,2.98,,,,
07/26/26 04:00:00,31.61,4.54,,,,
07/26/26 04:05:00,31.84,7.00,,,,
07/26/26 04:10:00,31.84,10.20,,,,
07/26/26 04:15:00,32.00,14.81,,,,
07/26/26 04:20:00,32.23,20.87,,,,
07/26/26 04:25:00,32.07,28.12,,,,
07/26/26 04:30:00,31.84,36.94,,,,
07/26/26 04:35:00,32.00,48.26,,,,
07/26/26 04:40:00,32.07,62.52,,,,
07/26/26 04:45:00,32.23,80.92,,,,
07/26/26 04:50:00,32.23,104.05,,,,
07/26/26 04:55:00,32.15,130.45,,,,
07/26/26 05:00:00,32.23,160.65,,,,
07/26/26 05:05:00,32.46,196.27,,,,
07/26/26 05:10:00,32.69,237.77,,,,
07/26/26 05:15:00,32.84,281.23,,,,
07/26/26 05:20:00,32.77,323.69,,,,
07/26/26 05:25:00,32.92,369.35,,,,
07/26/26 05:30:00,32.92,420.37,,,,
07/26/26 05:35:00,33.08,475.19,,,,
07/26/26 05:40:00,33.08,536.55,,,,
07/26/26 05:45:00,33.08,609.80,,,,
07/26/26 05:50:00,33.15,696.37,,,,
07/26/26 05:55:00,33.54,842.63,,,,
07/26/26 06:00:00,33.93,973.68,,,,
07/26/26 06:05:00,34.47,1075.95,,,,
07/26/26 06:10:00,34.62,1166.80,,,,
07/26/26 06:15:00,35.08,1263.83,,,,
07/26/26 06:20:00,35.39,1368.95,,,,
07/26/26 06:25:00,35.78,1504.52,,,,
07/26/26 06:30:00,36.09,1625.33,,,,
07/26/26 06:35:00,36.63,1758.04,,,,
07/26/26 06:40:00,36.86,1742.35,,,,
07/26/26 06:45:00,36.78,1713.81,,,,
07/26/26 06:50:00,36.32,1595.37,,,,
07/26/26 06:55:00,36.09,1661.01,,,,
07/26/26 07:00:00,36.24,1815.12,,,,
07/26/26 07:05:00,37.40,2679.88,,,,
07/26/26 07:10:00,39.18,2946.25,,,,
07/26/26 07:15:00,38.79,2745.52,,,,
07/26/26 07:20:00,40.18,3435.23,,,,
07/26/26 07:25:00,41.72,3472.33,,,,
07/26/26 07:30:00,41.49,3517.99,,,,
07/26/26 07:35:00,40.80,2951.00,,,,
07/26/26 07:40:00,40.57,2796.89,,,,
07/26/26 07:45:00,40.26,2703.66,,,,
07/26/26 07:50:00,40.10,2820.67,,,,
07/26/26 07:55:00,39.95,2854.92,,,,
07/26/26 08:00:00,40.26,3010.94,,,,
07/26/26 08:05:00,40.64,3275.40,,,,
07/26/26 08:10:00,41.34,3439.98,,,,
07/26/26 08:15:00,41.72,3548.43,,,,
07/26/26 08:20:00,42.34,3965.11,,,,
07/26/26 08:25:00,44.35,4570.15,,,,
07/26/26 08:30:00,45.20,4785.15,,,,
07/26/26 08:35:00,46.74,4709.05,,,,
07/26/26 08:40:00,45.66,4718.56,,,,
07/26/26 08:45:00,48.60,5464.40,,,,
07/26/26 08:50:00,49.14,6143.64,,,,
07/26/26 08:55:00,51.61,5586.17,,,,
07/26/26 09:00:00,49.14,5367.36,,,,
07/26/26 09:05:00,47.98,5491.03,,,,
07/26/26 09:10:00,48.91,6101.78,,,,
07/26/26 09:15:00,49.83,6227.36,,,,
07/26/26 09:20:00,50.84,6674.48,,,,
07/26/26 09:25:00,53.00,8698.90,,,,
07/26/26 09:30:00,52.07,5787.85,,,,
07/26/26 09:35:00,48.37,5182.81,,,,
07/26/26 09:40:00,47.98,5483.42,,,,
07/26/26 09:45:00,49.52,6682.09,,,,
07/26/26 09:50:00,53.69,9303.94,,,,
07/26/26 09:55:00,52.07,6531.78,,,,
07/26/26 10:00:00,54.47,8383.06,,,,
07/26/26 10:05:00,53.62,6862.84,,,,
07/26/26 10:10:00,53.62,6954.17,,,,
07/26/26 10:15:00,51.30,6084.66,,,,
07/26/26 10:20:00,49.83,5848.73,,,,
07/26/26 10:25:00,50.45,6427.14,,,,
07/26/26 10:30:00,51.45,6735.37,,,,
07/26/26 10:35:00,52.69,7285.23,,,,
07/26/26 10:40:00,52.38,7359.43,,,,
07/26/26 10:45:00,57.40,8763.59,,,,
07/26/26 10:50:00,57.86,9357.21,,,,
07/26/26 10:55:00,54.85,7243.37,,,,
07/26/26 11:00:00,53.54,7418.41,,,,
07/26/26 11:05:00,53.77,7481.20,,,,
07/26/26 11:10:00,53.31,7098.77,,,,
07/26/26 11:15:00,52.92,7481.20,,,,
07/26/26 11:20:00,53.15,7604.87,,,,
07/26/26 11:25:00,53.69,7884.56,,,,
07/26/26 11:30:00,54.31,7838.90,,,,
07/26/26 11:35:00,54.00,7633.41,,,,
07/26/26 11:40:00,53.93,7776.11,,,,
07/26/26 11:45:00,53.93,7804.65,,,,
07/26/26 11:50:00,53.39,7625.80,,,,
07/26/26 11:55:00,53.15,7669.56,,,,
07/26/26 12:00:00,53.08,7711.42,,,,
07/26/26 12:05:00,53.15,7768.50,,,,
07/26/26 12:10:00,53.85,7983.50,,,,
07/26/26 12:15:00,54.08,7808.46,,,,
07/26/26 12:20:00,53.77,7684.79,,,,
07/26/26 12:25:00,52.84,7521.16,,,,
07/26/26 12:30:00,52.92,7595.36,,,,
07/26/26 12:35:00,53.08,7719.03,,,,
07/26/26 12:40:00,53.00,7543.99,,,,
07/26/26 12:45:00,52.77,7372.75,,,,
07/26/26 12:50:00,52.30,7437.44,,,,
07/26/26 12:55:00,52.92,7555.41,,,,
07/26/26 13:00:00,53.23,7719.03,,,,
07/26/26 13:05:00,53.93,7892.17,,,,
07/26/26 13:10:00,54.31,7960.67,,,,
07/26/26 13:15:00,54.70,7884.56,,,,
07/26/26 13:20:00,55.08,7648.63,,,,
07/26/26 13:25:00,54.85,7445.05,,,,
07/26/26 13:30:00,54.70,7283.33,,,,
07/26/26 13:35:00,53.85,7032.18,,,,
07/26/26 13:40:00,53.54,6963.68,,,,
07/26/26 13:45:00,53.15,6800.05,,,,
07/26/26 13:50:00,52.54,6756.29,,,,
07/26/26 13:55:00,53.46,6990.32,,,,
07/26/26 14:00:00,53.08,6739.17,,,,
07/26/26 14:05:00,52.69,6779.13,,,,
07/26/26 14:10:00,52.69,7020.76,,,,
07/26/26 14:15:00,53.54,7250.98,,,,
07/26/26 14:20:00,53.77,7106.38,,,,
07/26/26 14:25:00,53.46,6906.60,,,,
07/26/26 14:30:00,53.08,6900.90,,,,
07/26/26 14:35:00,52.92,6906.60,,,,
07/26/26 14:40:00,52.61,6727.75,,,,
07/26/26 14:45:00,52.00,6501.34,,,,
07/26/26 14:50:00,51.45,6198.82,,,,
07/26/26 14:55:00,50.30,6082.76,,,,
07/26/26 15:00:00,49.83,6396.69,,,,
07/26/26 15:05:00,51.45,7075.94,,,,
07/26/26 15:10:00,53.00,7167.27,,,,
07/26/26 15:15:00,52.84,6427.14,,,,
07/26/26 15:20:00,49.99,5314.09,,,,
07/26/26 15:25:00,47.59,5300.77,,,,
07/26/26 15:30:00,48.52,6014.26,,,,
07/26/26 15:35:00,50.53,6379.57,,,,
07/26/26 15:40:00,52.07,6533.68,,,,
07/26/26 15:45:00,52.46,6337.71,,,,
07/26/26 15:50:00,52.69,6229.26,,,,
07/26/26 15:55:00,52.54,6175.99,,,,
07/26/26 16:00:00,52.30,5991.43,,,,
07/26/26 16:05:00,51.45,5738.38,,,,
07/26/26 16:10:00,51.15,5565.24,,,,
07/26/26 16:15:00,50.99,5550.02,,,,
07/26/26 16:20:00,51.07,5481.52,,,,
07/26/26 16:25:00,50.22,5070.55,,,,
07/26/26 16:30:00,49.22,4716.66,,,,
07/26/26 16:35:00,47.98,4644.36,,,,
07/26/26 16:40:00,47.98,4541.61,,,,
07/26/26 16:45:00,47.59,4231.48,,,,
07/26/26 16:50:00,46.90,3836.68,,,,
07/26/26 16:55:00,46.59,3767.24,,,,
07/26/26 17:00:00,46.82,3886.15,,,,
07/26/26 17:05:00,47.59,4090.69,,,,
07/26/26 17:10:00,48.37,4250.51,,,,
07/26/26 17:15:00,49.22,4497.85,,,,
07/26/26 17:20:00,49.37,4431.26,,,,
07/26/26 17:25:00,49.37,4140.16,,,,
07/26/26 17:30:00,48.98,3714.92,,,,
07/26/26 17:35:00,46.98,3172.66,,,,
07/26/26 17:40:00,45.05,2882.51,,,,
07/26/26 17:45:00,44.04,2718.88,,,,
07/26/26 17:50:00,43.27,2536.23,,,,
07/26/26 17:55:00,43.11,2660.85,,,,
07/26/26 18:00:00,43.19,2664.66,,,,
07/26/26 18:05:00,42.81,2483.90,,,,
07/26/26 18:10:00,42.57,2534.32,,,,
07/26/26 18:15:00,43.27,2484.86,,,,
07/26/26 18:20:00,43.66,2485.81,,,,
07/26/26 18:25:00,44.20,2549.54,,,,
07/26/26 18:30:00,44.27,2506.74,,,,
07/26/26 18:35:00,44.12,2405.90,,,,
07/26/26 18:40:00,44.50,2251.78,,,,
07/26/26 18:45:00,44.27,2058.66,,,,
07/26/26 18:50:00,43.66,1952.11,,,,
07/26/26 18:55:00,44.12,1748.06,,,,
07/26/26 19:00:00,44.43,1563.50,,,,
07/26/26 19:05:00,43.42,1418.42,,,,
07/26/26 19:10:00,41.57,1347.07,,,,
07/26/26 19:15:00,41.57,1348.98,,,,
07/26/26 19:20:00,41.18,1334.23,,,,
07/26/26 19:25:00,40.64,1376.56,,,,
07/26/26 19:30:00,40.49,1434.59,,,,
07/26/26 19:35:00,41.18,1475.03,,,,
07/26/26 19:40:00,42.34,1463.61,,,,
07/26/26 19:45:00,42.81,1360.39,,,,
07/26/26 19:50:00,41.80,1183.45,,,,
07/26/26 19:55:00,40.95,1067.38,,,,
07/26/26 20:00:00,39.41,990.33,,,,
07/26/26 20:05:00,38.71,863.56,,,,
07/26/26 20:10:00,37.71,672.82,,,,
07/26/26 20:15:00,36.24,530.36,,,,
07/26/26 20:20:00,34.70,442.60,,,,
07/26/26 20:25:00,33.62,380.41,,,,
07/26/26 20:30:00,32.61,352.58,,,,
07/26/26 20:35:00,32.00,340.57,,,,
07/26/26 20:40:00,31.45,323.45,,,,
07/26/26 20:45:00,31.22,300.62,,,,
07/26/26 20:50:00,31.53,273.03,,,,
07/26/26 20:55:00,31.53,244.85,,,,
07/26/26 21:00:00,31.15,214.76,,,,
07/26/26 21:05:00,30.99,184.02,,,,
07/26/26 21:10:00,30.14,144.18,,,,
07/26/26 21:15:00,30.22,115.38,,,,
07/26/26 21:20:00,31.15,89.25,,,,
07/26/26 21:25:00,31.61,69.68,,,,
07/26/26 21:30:00,31.84,51.36,,,,
07/26/26 21:35:00,32.00,37.10,,,,
07/26/26 21:40:00,32.07,26.06,,,,
07/26/26 21:45:00,32.00,18.31,,,,
07/26/26 21:50:00,31.92,12.82,,,,
07/26/26 21:55:00,31.76,8.76,,,,
07/26/26 22:00:00,31.76,6.17,,,,
07/26/26 22:05:00,31.69,4.02,,,,
07/26/26 22:10:00,31.53,2.51,,,,
07/26/26 22:15:00,31.69,1.69,,,,
07/26/26 22:20:00,31.76,1.03,,,,
07/26/26 22:25:00,31.92,0.59,,,,
07/26/26 22:30:00,31.92,0.34,,,,
07/26/26 22:35:00,32.07,0.20,,,,
07/26/26 22:40:00,32.00,0.10,,,,
07/26/26 22:45:00,32.00,0.06,,,,
07/26/26 22:50:00,31.76,0.02,,,,
07/26/26 22:55:00,31.61,0.00,,,,
07/26/26 23:00:00,31.61,0.00,,,,
07/26/26 23:05:00,31.84,0.00,,,,
07/26/26 23:10:00,31.69,0.00,,,,
07/26/26 23:15:00,31.76,0.00,,,,
07/26/26 23:20:00,31.61,0.00,,,,
07/26/26 23:25:00,31.61,0.00,,,,
07/26/26 23:30:00,31.61,0.00,,,,
07/26/26 23:35:00,31.69,0.00,,,,
07/26/26 23:40:00,31.69,0.00,,,,
07/26/26 23:45:00,31.76,0.00,,,,
07/26/26 23:50:00,32.07,0.00,,,,
07/26/26 23:55:00,32.23,0.00,,,,
07/27/26 00:00:00,32.23,0.00,,,,
07/27/26 00:05:00,32.15,0.00,,,,
07/27/26 00:10:00,32.23,0.00,,,,
07/27/26 00:15:00,32.15,0.00,,,,
07/27/26 00:20:00,32.07,0.00,,,,
07/27/26 00:25:00,32.15,0.00,,,,
07/27/26 00:30:00,32.15,0.00,,,,
07/27/26 00:35:00,32.23,0.00,,,,
07/27/26 00:40:00,32.23,0.00,,,,
07/27/26 00:45:00,32.23,0.00,,,,
07/27/26 00:50:00,32.30,0.00,,,,
07/27/26 00:55:00,32.38,0.00,,,,
07/27/26 01:00:00,32.30,0.00,,,,
07/27/26 01:05:00,32.30,0.00,,,,
07/27/26 01:10:00,32.30,0.00,,,,
07/27/26 01:15:00,32.38,0.00,,,,
07/27/26 01:20:00,32.38,0.00,,,,
07/27/26 01:25:00,32.38,0.00,,,,
07/27/26 01:30:00,32.38,0.00,,,,
07/27/26 01:35:00,32.38,0.00,,,,
07/27/26 01:40:00,32.46,0.00,,,,
07/27/26 01:45:00,32.38,0.00,,,,
07/27/26 01:50:00,32.38,0.00,,,,
07/27/26 01:55:00,32.38,0.00,,,,
07/27/26 02:00:00,32.38,0.00,,,,
07/27/26 02:05:00,32.46,0.00,,,,
07/27/26 02:10:00,32.38,0.00,,,,
07/27/26 02:15:00,32.38,0.00,,,,
07/27/26 02:20:00,32.30,0.00,,,,
07/27/26 02:25:00,32.38,0.00,,,,
07/27/26 02:30:00,32.30,0.00,,,,
07/27/26 02:35:00,32.38,0.00,,,,
07/27/26 02:40:00,32.38,0.00,,,,
07/27/26 02:45:00,32.38,0.00,,,,
07/27/26 02:50:00,32.38,0.00,,,,
07/27/26 02:55:00,32.30,0.00,,,,
07/27/26 03:00:00,32.23,0.00,,,,
07/27/26 03:05:00,32.15,0.00,,,,
07/27/26 03:10:00,32.23,0.02,,,,
07/27/26 03:15:00,32.23,0.04,,,,
07/27/26 03:20:00,32.23,0.08,,,,
07/27/26 03:25:00,32.23,0.14,,,,
07/27/26 03:30:00,32.15,0.24,,,,
07/27/26 03:35:00,32.15,0.38,,,,
07/27/26 03:40:00,32.15,0.59,,,,
07/27/26 03:45:00,32.07,0.93,,,,
07/27/26 03:50:00,32.15,1.45,,,,
07/27/26 03:55:00,32.07,2.17,,,,
07/27/26 04:00:00,32.15,3.66,,,,
07/27/26 04:05:00,32.07,6.04,,,,
07/27/26 04:10:00,32.15,9.09,,,,
07/27/26 04:15:00,32.15,13.94,,,,
07/27/26 04:20:00,32.15,20.55,,,,
07/27/26 04:25:00,32.23,27.96,,,,
07/27/26 04:30:00,32.23,36.79,,,,
07/27/26 04:35:00,32.30,48.43,,,,
07/27/26 04:40:00,32.30,62.31,,,,
07/27/26 04:45:00,32.38,77.80,,,,
07/27/26 04:50:00,32.54,95.58,,,,
07/27/26 04:55:00,32.46,117.04,,,,
07/27/26 05:00:00,32.61,144.36,,,,
07/27/26 05:05:00,32.77,183.90,,,,
07/27/26 05:10:00,32.69,204.36,,,,
07/27/26 05:15:00,32.69,220.65,,,,
07/27/26 05:20:00,32.84,253.05,,,,
07/27/26 05:25:00,32.84,290.03,,,,
07/27/26 05:30:00,33.08,356.39,,,,
07/27/26 05:35:00,33.23,425.72,,,,
07/27/26 05:40:00,33.38,486.84,,,,
07/27/26 05:45:00,33.69,566.75,,,,
07/27/26 05:50:00,33.85,620.02,,,,
07/27/26 05:55:00,34.00,708.26,,,,
07/27/26 06:00:00,34.31,769.14,,,,
07/27/26 06:05:00,34.31,765.34,,,,
07/27/26 06:10:00,34.31,800.30,,,,
07/27/26 06:15:00,34.54,889.49,,,,
07/27/26 06:20:00,34.77,1039.80,,,,
07/27/26 06:25:00,35.08,1192.96,,,,
07/27/26 06:30:00,35.47,1295.70,,,,
07/27/26 06:35:00,35.86,1589.66,,,,
07/27/26 06:40:00,36.55,1777.07,,,,
07/27/26 06:45:00,37.48,2194.70,,,,
07/27/26 06:50:00,38.40,2486.76,,,,
07/27/26 06:55:00,38.56,2604.72,,,,
07/27/26 07:00:00,39.25,2526.71,,,,
07/27/26 07:05:00,37.25,1748.06,,,,
07/27/26 07:10:00,37.09,1893.13,,,,
07/27/26 07:15:00,36.78,1659.11,,,,
07/27/26 07:20:00,36.78,1925.00,,,,
07/27/26 07:25:00,37.09,1949.26,,,,
07/27/26 07:30:00,37.32,2157.60,,,,
07/27/26 07:35:00,37.94,2278.42,,,,
07/27/26 07:40:00,37.63,2099.57,,,,
07/27/26 07:45:00,38.56,2664.66,,,,
07/27/26 07:50:00,38.71,2862.53,,,,
07/27/26 07:55:00,39.79,2997.62,,,,
07/27/26 08:00:00,39.72,3332.48,,,,
07/27/26 08:05:00,41.65,3894.72,,,,
07/27/26 08:10:00,44.81,5255.11,,,,
07/27/26 08:15:00,47.05,5511.96,,,,
07/27/26 08:20:00,46.44,5055.33,,,,
07/27/26 08:25:00,46.20,4674.80,,,,
07/27/26 08:30:00,44.35,4220.07,,,,
07/27/26 08:35:00,45.35,5978.11,,,,
07/27/26 08:40:00,43.89,3656.88,,,,
07/27/26 08:45:00,44.58,6086.56,,,,
07/27/26 08:50:00,51.38,9121.28,,,,
07/27/26 08:55:00,49.99,6389.08,,,,
07/27/26 09:00:00,52.69,6158.86,,,,
07/27/26 09:05:00,49.76,5061.04,,,,
07/27/26 09:10:00,47.21,5692.72,,,,
07/27/26 09:15:00,44.43,4400.82,,,,
07/27/26 09:20:00,44.89,5154.27,,,,
07/27/26 09:25:00,45.35,5198.03,,,,
07/27/26 09:30:00,45.82,5420.64,,,,
07/27/26 09:35:00,45.51,5201.83,,,,
07/27/26 09:40:00,48.13,6189.31,,,,
07/27/26 09:45:00,48.98,6031.39,,,,
07/27/26 09:50:00,48.91,6084.66,,,,
07/27/26 09:55:00,50.14,6870.45,,,,
07/27/26 10:00:00,52.30,8211.82,,,,
07/27/26 10:05:00,51.92,6735.37,,,,
07/27/26 10:10:00,52.69,7534.48,,,,
07/27/26 10:15:00,58.33,10932.60,,,,
07/27/26 10:20:00,58.87,8953.85,,,,
07/27/26 10:25:00,56.71,8322.17,,,,
07/27/26 10:30:00,53.85,7342.31,,,,
07/27/26 10:35:00,54.39,8546.68,,,,
07/27/26 10:40:00,52.92,7730.45,,,,
07/27/26 10:45:00,53.77,8976.68,,,,
07/27/26 10:50:00,56.86,9855.70,,,,
07/27/26 10:55:00,57.09,9463.76,,,,
07/27/26 11:00:00,54.78,8112.88,,,,
07/27/26 11:05:00,55.47,9859.51,,,,
07/27/26 11:10:00,61.11,10951.63,,,,
07/27/26 11:15:00,57.40,9098.45,,,,
07/27/26 11:20:00,56.17,9026.15,,,,
07/27/26 11:25:00,57.25,9555.09,,,,
07/27/26 11:30:00,55.47,8386.86,,,,
07/27/26 11:35:00,53.77,7654.34,,,,
07/27/26 11:40:00,53.00,7692.40,,,,
07/27/26 11:45:00,52.38,7582.04,,,,
07/27/26 11:50:00,50.68,7007.44,,,,
07/27/26 11:55:00,49.60,6938.95,,,,
07/27/26 12:00:00,50.22,7456.47,,,,
07/27/26 12:05:00,51.84,7972.08,,,,
07/27/26 12:10:00,52.38,8192.79,,,,
07/27/26 12:15:00,51.84,8352.61,,,,
07/27/26 12:20:00,53.15,8234.65,,,,
07/27/26 12:25:00,52.69,8169.96,,,,
07/27/26 12:30:00,53.23,9052.79,,,,
07/27/26 12:35:00,57.17,11126.67,,,,
07/27/26 12:40:00,60.34,12211.18,,,,
07/27/26 12:45:00,56.32,9106.06,,,,
07/27/26 12:50:00,54.70,8991.90,,,,
07/27/26 12:55:00,53.39,7903.59,,,,
07/27/26 13:00:00,52.38,7953.06,,,,
07/27/26 13:05:00,51.38,7536.38,,,,
07/27/26 13:10:00,50.84,7543.99,,,,
07/27/26 13:15:00,50.76,7458.37,,,,
07/27/26 13:20:00,49.83,7047.40,,,,
07/27/26 13:25:00,48.60,7047.40,,,,
07/27/26 13:30:00,49.06,7504.03,,,,
07/27/26 13:35:00,49.45,7403.19,,,,
07/27/26 13:40:00,49.60,7062.62,,,,
07/27/26 13:45:00,49.83,7188.19,,,,
07/27/26 13:50:00,51.07,8097.66,,,,
07/27/26 13:55:00,52.30,8093.85,,,,
07/27/26 14:00:00,51.53,7907.39,,,,
07/27/26 14:05:00,53.77,8638.01,,,,
07/27/26 14:10:00,53.15,7684.79,,,,
07/27/26 14:15:00,52.00,7418.41,,,,
07/27/26 14:20:00,51.92,7513.55,,,,
07/27/26 14:25:00,50.84,6826.69,,,,
07/27/26 14:30:00,49.91,6682.09,,,,
07/27/26 14:35:00,49.52,6680.19,,,,
07/27/26 14:40:00,48.91,6720.14,,,,
07/27/26 14:45:00,48.98,6794.35,,,,
07/27/26 14:50:00,48.98,6781.03,,,,
07/27/26 14:55:00,48.60,6822.89,,,,
07/27/26 15:00:00,48.37,6602.18,,,,
07/27/26 15:05:00,47.90,6429.04,,,,
07/27/26 15:10:00,47.44,6330.10,,,,
07/27/26 15:15:00,47.05,6312.98,,,,
07/27/26 15:20:00,47.21,6208.33,,,,
07/27/26 15:25:00,47.28,5972.40,,,,
07/27/26 15:30:00,47.52,5915.32,,,,
07/27/26 15:35:00,47.36,5903.91,,,,
07/27/26 15:40:00,47.05,5725.06,,,,
07/27/26 15:45:00,46.44,5603.29,,,,
07/27/26 15:50:00,46.44,5536.70,,,,
07/27/26 15:55:00,47.05,5983.82,,,,
07/27/26 16:00:00,48.52,6137.93,,,,
07/27/26 16:05:00,48.67,5922.94,,,,
07/27/26 16:10:00,49.06,6200.72,,,,
07/27/26 16:15:00,48.91,5793.56,,,,
07/27/26 16:20:00,49.06,5677.49,,,,
07/27/26 16:25:00,48.21,5253.20,,,,
07/27/26 16:30:00,47.67,5188.51,,,,
07/27/26 16:35:00,45.66,4436.97,,,,
07/27/26 16:40:00,44.97,4823.21,,,,
07/27/26 16:45:00,45.59,4655.77,,,,
07/27/26 16:50:00,45.28,4672.90,,,,
07/27/26 16:55:00,44.74,4484.54,,,,
07/27/26 17:00:00,44.66,4298.08,,,,
07/27/26 17:05:00,44.12,4284.76,,,,
07/27/26 17:10:00,44.66,4636.75,,,,
07/27/26 17:15:00,45.05,4180.11,,,,
07/27/26 17:20:00,45.51,3921.35,,,,
07/27/26 17:25:00,44.27,3533.21,,,,
07/27/26 17:30:00,42.96,3237.35,,,,
07/27/26 17:35:00,42.57,3170.76,,,,
07/27/26 17:40:00,41.80,2940.54,,,,
07/27/26 17:45:00,41.26,2691.29,,,,
07/27/26 17:50:00,40.57,2519.10,,,,
07/27/26 17:55:00,41.26,2705.56,,,,
07/27/26 18:00:00,40.88,2931.98,,,,
07/27/26 18:05:00,41.80,2940.54,,,,
07/27/26 18:10:00,42.19,2969.08,,,,
07/27/26 18:15:00,43.04,3493.26,,,,
07/27/26 18:20:00,42.65,2453.46,,,,
07/27/26 18:25:00,41.88,2052.95,,,,
07/27/26 18:30:00,40.26,2013.95,,,,
07/27/26 18:35:00,38.64,1637.23,,,,
07/27/26 18:40:00,38.33,1781.83,,,,
07/27/26 18:45:00,37.94,1747.58,,,,
07/27/26 18:50:00,38.94,1862.69,,,,
07/27/26 18:55:00,38.71,1700.01,,,,
07/27/26 19:00:00,38.56,1688.60,,,,
07/27/26 19:05:00,38.33,1700.49,,,,
07/27/26 19:10:00,38.02,1600.60,,,,
07/27/26 19:15:00,37.71,1502.61,,,,
07/27/26 19:20:00,37.48,1395.59,,,,
07/27/26 19:25:00,37.32,1458.38,,,,
07/27/26 19:30:00,37.17,1393.21,,,,
07/27/26 19:35:00,37.09,1334.23,,,,
07/27/26 19:40:00,37.09,1321.39,,,,
07/27/26 19:45:00,36.94,1144.92,,,,
07/27/26 19:50:00,36.63,1094.50,,,,
07/27/26 19:55:00,36.32,1049.31,,,,
07/27/26 20:00:00,36.40,1034.09,,,,
07/27/26 20:05:00,36.32,951.08,,,,
07/27/26 20:10:00,36.24,854.05,,,,
07/27/26 20:15:00,36.16,750.12,,,,
07/27/26 20:20:00,35.78,713.49,,,,
07/27/26 20:25:00,35.86,688.04,,,,
07/27/26 20:30:00,35.62,646.90,,,,
07/27/26 20:35:00,35.39,591.48,,,,
07/27/26 20:40:00,35.62,548.91,,,,
07/27/26 20:45:00,35.55,488.03,,,,
07/27/26 20:50:00,35.08,414.66,,,,
07/27/26 20:55:00,34.54,325.95,,,,
07/27/26 21:00:00,34.08,267.20,,,,
07/27/26 21:05:00,33.69,211.91,,,,
07/27/26 21:10:00,33.38,177.72,,,,
07/27/26 21:15:00,33.23,143.89,,,,
07/27/26 21:20:00,33.23,111.90,,,,
07/27/26 21:25:00,33.00,84.25,,,,
07/27/26 21:30:00,32.77,63.03,,,,
07/27/26 21:35:00,32.61,42.81,,,,
07/27/26 21:40:00,32.30,30.38,,,,
07/27/26 21:45:00,32.23,20.97,,,,
07/27/26 21:50:00,31.84,12.36,,,,
07/27/26 21:55:00,31.84,8.44,,,,
07/27/26 22:00:00,32.07,5.61,,,,
07/27/26 22:05:00,32.23,3.43,,,,
07/27/26 22:10:00,32.38,2.28,,,,
07/27/26 22:15:00,32.00,1.45,,,,
07/27/26 22:20:00,31.53,0.85,,,,
07/27/26 22:25:00,31.07,0.55,,,,
07/27/26 22:30:00,30.68,0.36,,,,
07/27/26 22:35:00,29.91,0.22,,,,
07/27/26 22:40:00,29.91,0.14,,,,
07/27/26 22:45:00,29.99,0.08,,,,
07/27/26 22:50:00,29.52,0.04,,,,
07/27/26 22:55:00,29.45,0.02,,,,
07/27/26 23:00:00,29.22,0.00,,,,
07/27/26 23:05:00,28.91,0.02,,,,
07/27/26 23:10:00,28.75,0.00,,,,
07/27/26 23:15:00,29.29,0.00,,,,
07/27/26 23:20:00,29.68,0.00,,,,
07/27/26 23:25:00,29.76,0.00,,,,
07/27/26 23:30:00,29.37,0.00,,,,
07/27/26 23:35:00,28.52,0.00,,,,
07/27/26 23:40:00,28.21,0.00,,,,
07/27/26 23:45:00,28.75,0.00,,,,
07/27/26 23:50:00,28.67,0.00,,,,
07/27/26 23:55:00,28.44,0.00,,,,
07/28/26 00:00:00,27.83,0.00,,,,
07/28/26 00:05:00,27.83,0.00,,,,
07/28/26 00:10:00,27.90,0.00,,,,
07/28/26 00:15:00,27.90,0.00,,,,
07/28/26 00:20:00,27.44,0.00,,,,
07/28/26 00:25:00,27.21,0.00,,,,
07/28/26 00:30:00,27.59,0.00,,,,
07/28/26 00:35:00,27.44,0.00,,,,
07/28/26 00:40:00,27.36,0.00,,,,
07/28/26 00:45:00,27.13,0.00,,,,
07/28/26 00:50:00,27.13,0.00,,,,
07/28/26 00:55:00,26.36,0.00,,,,
07/28/26 01:00:00,25.59,0.00,,,,
07/28/26 01:05:00,25.43,0.00,,,,
07/28/26 01:10:00,25.66,0.00,,,,
07/28/26 01:15:00,25.51,0.00,,,,
07/28/26 01:20:00,25.35,0.00,,,,
07/28/26 01:25:00,25.12,0.00,,,,
07/28/26 01:30:00,24.97,0.00,,,,
07/28/26 01:35:00,25.35,0.00,,,,
07/28/26 01:40:00,25.43,0.00,,,,
07/28/26 01:45:00,25.35,0.00,,,,
07/28/26 01:50:00,25.35,0.00,,,,
07/28/26 01:55:00,25.43,0.00,,,,
07/28/26 02:00:00,25.59,0.00,,,,
07/28/26 02:05:00,25.59,0.00,,,,
07/28/26 02:10:00,25.66,0.00,,,,
07/28/26 02:15:00,25.66,0.00,,,,
07/28/26 02:20:00,25.28,0.00,,,,
07/28/26 02:25:00,24.74,0.00,,,,
07/28/26 02:30:00,24.74,0.00,,,,
07/28/26 02:35:00,24.81,0.00,,,,
07/28/26 02:40:00,24.43,0.00,,,,
07/28/26 02:45:00,24.12,0.00,,,,
07/28/26 02:50:00,24.35,0.00,,,,
07/28/26 02:55:00,24.74,0.00,,,,
07/28/26 03:00:00,25.05,0.02,,,,
07/28/26 03:05:00,24.97,0.02,,,,
07/28/26 03:10:00,24.58,0.04,,,,
07/28/26 03:15:00,24.43,0.06,,,,
07/28/26 03:20:00,24.27,0.10,,,,
07/28/26 03:25:00,24.27,0.18,,,,
07/28/26 03:30:00,23.81,0.24,,,,
07/28/26 03:35:00,23.66,0.34,,,,
07/28/26 03:40:00,23.35,0.58,,,,
07/28/26 03:45:00,23.50,0.94,,,,
07/28/26 03:50:00,23.89,1.55,,,,
07/28/26 03:55:00,24.35,2.52,,,,
07/28/26 04:00:00,24.74,4.18,,,,
07/28/26 04:05:00,24.43,6.50,,,,
07/28/26 04:10:00,24.50,10.36,,,,
07/28/26 04:15:00,24.35,16.25,,,,
07/28/26 04:20:00,24.12,23.84,,,,
07/28/26 04:25:00,23.89,34.84,,,,
07/28/26 04:30:00,24.27,49.26,,,,
07/28/26 04:35:00,24.58,65.82,,,,
07/28/26 04:40:00,24.89,84.73,,,,
07/28/26 04:45:00,25.05,111.42,,,,
07/28/26 04:50:00,25.20,149.77,,,,
07/28/26 04:55:00,25.59,189.43,,,,
07/28/26 05:00:00,26.28,241.58,,,,
07/28/26 05:05:00,26.36,305.02,,,,
07/28/26 05:10:00,26.51,426.07,,,,
07/28/26 05:15:00,26.98,508.72,,,,
07/28/26 05:20:00,27.59,708.26,,,,
07/28/26 05:25:00,27.98,645.95,,,,
07/28/26 05:30:00,28.37,994.61,,,,
07/28/26 05:35:00,31.76,1946.41,,,,
07/28/26 05:40:00,33.93,1761.37,,,,
07/28/26 05:45:00,32.84,1539.72,,,,
07/28/26 05:50:00,31.22,1223.88,,,,
07/28/26 05:55:00,30.61,1045.98,,,,
07/28/26 06:00:00,30.45,1137.78,,,,
07/28/26 06:05:00,31.22,1494.53,,,,
07/28/26 06:10:00,31.76,1514.03,,,,
07/28/26 06:15:00,31.84,1259.55,,,,
07/28/26 06:20:00,31.61,1336.13,,,,
07/28/26 06:25:00,31.92,1537.81,,,,
07/28/26 06:30:00,32.69,1792.29,,,,
07/28/26 06:35:00,33.46,2040.59,,,,
07/28/26 06:40:00,34.16,2261.29,,,,
07/28/26 06:45:00,35.01,2464.88,,,,
07/28/26 06:50:00,36.16,2779.77,,,,
07/28/26 06:55:00,36.71,2873.95,,,,
07/28/26 07:00:00,39.18,3679.72,,,,
07/28/26 07:05:00,41.11,4026.00,,,,
07/28/26 07:10:00,42.03,4334.23,,,,
07/28/26 07:15:00,44.04,5354.04,,,,
07/28/26 07:20:00,47.13,5631.83,,,,
07/28/26 07:25:00,49.29,6063.73,,,,
07/28/26 07:30:00,51.84,6472.80,,,,
07/28/26 07:35:00,54.54,7136.82,,,,
07/28/26 07:40:00,55.55,7850.32,,,,
07/28/26 07:45:00,57.09,8580.93,,,,
07/28/26 07:50:00,59.25,9243.05,,,,
07/28/26 07:55:00,60.49,9334.38,,,,
07/28/26 08:00:00,62.19,9730.13,,,,
07/28/26 08:05:00,62.03,9532.25,,,,
07/28/26 08:10:00,61.57,9619.78,,,,
07/28/26 08:15:00,61.26,9562.70,,,,
07/28/26 08:20:00,62.34,9874.73,,,,
07/28/26 08:25:00,62.81,9585.53,,,,
07/28/26 08:30:00,62.65,9501.81,,,,
07/28/26 08:35:00,61.72,9090.84,,,,
07/28/26 08:40:00,62.19,9581.72,,,,
07/28/26 08:45:00,63.19,9646.41,,,,
07/28/26 08:50:00,63.50,9037.57,,,,
07/28/26 08:55:00,64.81,9543.67,,,,
07/28/26 09:00:00,66.36,9737.74,,,,
07/28/26 09:05:00,68.13,10171.54,,,,
07/28/26 09:10:00,66.98,10213.40,,,,
07/28/26 09:15:00,66.44,9338.18,,,,
07/28/26 09:20:00,65.05,9288.72,,,,
07/28/26 09:25:00,65.05,9029.96,,,,
07/28/26 09:30:00,65.89,9098.45,,,,
07/28/26 09:35:00,66.51,9794.82,,,,
07/28/26 09:40:00,68.13,9889.95,,,,
07/28/26 09:45:00,66.59,8462.97,,,,
07/28/26 09:50:00,64.20,8462.97,,,,
07/28/26 09:55:00,63.58,9593.14,,,,
07/28/26 10:00:00,64.58,9631.19,,,,
07/28/26 10:05:00,66.44,9570.31,,,,
07/28/26 10:10:00,67.21,9383.85,,,,
07/28/26 10:15:00,67.13,9235.44,,,,
07/28/26 10:20:00,69.29,10517.82,,,,
07/28/26 10:25:00,72.38,11172.33,,,,
07/28/26 10:30:00,73.85,10768.97,,,,
07/28/26 10:35:00,72.69,9684.47,,,,
07/28/26 10:40:00,70.06,9596.94,,,,
07/28/26 10:45:00,72.38,8946.24,,,,
07/28/26 10:50:00,70.30,9498.01,,,,
07/28/26 10:55:00,72.38,9859.51,,,,
07/28/26 11:00:00,69.91,9106.06,,,,
07/28/26 11:05:00,72.07,9547.48,,,,
07/28/26 11:10:00,67.44,8135.71,,,,
07/28/26 11:15:00,64.81,7831.29,,,,
07/28/26 11:20:00,64.12,8881.55,,,,
07/28/26 11:25:00,66.98,9684.47,,,,
07/28/26 11:30:00,69.76,9889.95,,,,
07/28/26 11:35:00,70.61,10319.95,,,,
07/28/26 11:40:00,68.37,9459.95,,,,
07/28/26 11:45:00,61.88,6961.78,,,,
07/28/26 11:50:00,63.04,8908.19,,,,
07/28/26 11:55:00,70.84,10768.97,,,,
07/28/26 12:00:00,69.99,7755.18,,,,
07/28/26 12:05:00,67.28,9737.74,,,,
07/28/26 12:10:00,71.15,9593.14,,,,
07/28/26 12:15:00,71.76,9418.10,,,,
07/28/26 12:20:00,72.46,8923.41,,,,
07/28/26 12:25:00,71.92,8938.63,,,,
07/28/26 12:30:00,72.77,8592.35,,,,
07/28/26 12:35:00,74.78,8991.90,,,,
07/28/26 12:40:00,76.78,7808.46,,,,
07/28/26 12:45:00,74.00,8166.15,,,,
07/28/26 12:50:00,74.00,8246.07,,,,
07/28/26 12:55:00,73.62,8341.20,,,,
07/28/26 13:00:00,70.30,7975.89,,,,
07/28/26 13:05:00,74.31,8371.64,,,,
07/28/26 13:10:00,76.40,9600.75,,,,
07/28/26 13:15:00,77.09,8409.69,,,,
07/28/26 13:20:00,71.76,8032.97,,,,
07/28/26 13:25:00,72.54,5941.96,,,,
07/28/26 13:30:00,75.01,7589.65,,,,
07/28/26 13:35:00,79.10,7719.03,,,,
07/28/26 13:40:00,77.94,6470.90,,,,
07/28/26 13:45:00,69.37,4644.36,,,,
07/28/26 13:50:00,65.82,4667.19,,,,
07/28/26 13:55:00,68.52,5405.42,,,,
07/28/26 14:00:00,69.29,5296.97,,,,
07/28/26 14:05:00,63.04,4296.17,,,,
07/28/26 14:10:00,59.64,4629.14,,,,
07/28/26 14:15:00,60.34,5245.59,,,,
07/28/26 14:20:00,62.27,5919.13,,,,
07/28/26 14:25:00,64.97,6910.41,,,,
07/28/26 14:30:00,67.98,8074.83,,,,
07/28/26 14:35:00,70.76,8242.26,,,,
07/28/26 14:40:00,72.23,7456.47,,,,
07/28/26 14:45:00,70.53,7433.64,,,,
07/28/26 14:50:00,69.14,7258.59,,,,
07/28/26 14:55:00,67.59,7264.30,,,,
07/28/26 15:00:00,66.28,6883.77,,,,
07/28/26 15:05:00,64.89,6459.48,,,,
07/28/26 15:10:00,64.04,6238.77,,,,
07/28/26 15:15:00,61.49,5761.21,,,,
07/28/26 15:20:00,59.64,5795.46,,,,
07/28/26 15:25:00,59.25,5894.40,,,,
07/28/26 15:30:00,61.18,5991.43,,,,
07/28/26 15:35:00,63.27,6221.65,,,,
07/28/26 15:40:00,63.58,6181.70,,,,
07/28/26 15:45:00,61.26,4922.14,,,,
07/28/26 15:50:00,60.49,3923.26,,,,
07/28/26 15:55:00,59.10,4263.83,,,,
07/28/26 16:00:00,59.10,5331.21,,,,
07/28/26 16:05:00,62.27,5711.74,,,,
07/28/26 16:10:00,62.73,5525.28,,,,
07/28/26 16:15:00,62.65,5643.25,,,,
07/28/26 16:20:00,63.11,6113.20,,,,
07/28/26 16:25:00,64.20,6579.35,,,,
07/28/26 16:30:00,63.81,6311.08,,,,
07/28/26 16:35:00,63.35,6016.17,,,,
07/28/26 16:40:00,62.11,5563.34,,,,
07/28/26 16:45:00,60.10,5504.35,,,,
07/28/26 16:50:00,58.95,5199.93,,,,
07/28/26 16:55:00,59.25,5464.40,,,,
07/28/26 17:00:00,61.49,5980.01,,,,
07/28/26 17:05:00,64.58,5597.58,,,,
07/28/26 17:10:00,64.20,4560.64,,,,
07/28/26 17:15:00,59.64,3468.52,,,,
07/28/26 17:20:00,53.31,2886.31,,,,
07/28/26 17:25:00,49.45,2622.80,,,,
07/28/26 17:30:00,47.36,2487.71,,,,
07/28/26 17:35:00,46.67,2646.58,,,,
07/28/26 17:40:00,47.67,3033.77,,,,
07/28/26 17:45:00,49.52,3251.62,,,,
07/28/26 17:50:00,52.46,3324.87,,,,
07/28/26 17:55:00,54.08,3076.58,,,,
07/28/26 18:00:00,54.93,2842.55,,,,
07/28/26 18:05:00,55.62,2575.23,,,,
07/28/26 18:10:00,55.47,2312.67,,,,
07/28/26 18:15:00,52.77,2179.48,,,,
07/28/26 18:20:00,50.53,2083.40,,,,
07/28/26 18:25:00,49.91,2180.43,,,,
07/28/26 18:30:00,50.14,2274.61,,,,
07/28/26 18:35:00,49.60,2286.98,,,,
07/28/26 18:40:00,48.21,2384.01,,,,
07/28/26 18:45:00,47.52,2383.06,,,,
07/28/26 18:50:00,47.13,2283.17,,,,
07/28/26 18:55:00,47.36,2140.48,,,,
07/28/26 19:00:00,46.51,1417.95,,,,
07/28/26 19:05:00,42.34,1317.58,,,,
07/28/26 19:10:00,39.41,1291.90,,,,
07/28/26 19:15:00,37.94,1280.48,,,,
07/28/26 19:20:00,36.94,1274.77,,,,
07/28/26 19:25:00,36.86,1233.39,,,,
07/28/26 19:30:00,36.47,1136.36,,,,
07/28/26 19:35:00,36.16,1019.34,,,,
07/28/26 19:40:00,35.86,908.51,,,,
07/28/26 19:45:00,35.70,956.08,,,,
07/28/26 19:50:00,36.01,713.49,,,,
07/28/26 19:55:00,34.70,628.11,,,,
07/28/26 20:00:00,33.93,570.56,,,,
07/28/26 20:05:00,33.15,476.73,,,,
07/28/26 20:10:00,32.38,442.25,,,,
07/28/26 20:15:00,31.92,437.49,,,,
07/28/26 20:20:00,31.38,419.06,,,,
07/28/26 20:25:00,31.15,395.04,,,,
07/28/26 20:30:00,30.99,365.19,,,,
07/28/26 20:35:00,31.30,325.95,,,,
07/28/26 20:40:00,31.30,281.23,,,,
07/28/26 20:45:00,31.07,244.01,,,,
07/28/26 20:50:00,30.61,211.61,,,,
07/28/26 20:55:00,30.61,181.64,,,,
07/28/26 21:00:00,30.91,156.25,,,,
07/28/26 21:05:00,30.84,136.46,,,,
07/28/26 21:10:00,30.91,113.42,,,,
07/28/26 21:15:00,31.61,93.20,,,,
07/28/26 21:20:00,32.30,72.30,,,,
07/28/26 21:25:00,32.23,55.28,,,,
07/28/26 21:30:00,32.00,42.76,,,,
07/28/26 21:35:00,32.23,30.90,,,,
07/28/26 21:40:00,32.23,22.21,,,,
07/28/26 21:45:00,32.69,15.37,,,,
07/28/26 21:50:00,32.30,9.80,,,,
07/28/26 21:55:00,31.92,6.52,,,,
07/28/26 22:00:00,31.69,4.26,,,,
07/28/26 22:05:00,31.84,2.65,,,,
07/28/26 22:10:00,32.23,1.79,,,,
07/28/26 22:15:00,32.07,1.15,,,,
07/28/26 22:20:00,32.30,0.69,,,,
07/28/26 22:25:00,32.69,0.42,,,,
07/28/26 22:30:00,33.00,0.24,,,,
07/28/26 22:35:00,33.23,0.14,,,,
07/28/26 22:40:00,33.23,0.08,,,,
07/28/26 22:45:00,33.15,0.04,,,,
07/28/26 22:50:00,33.23,0.02,,,,
07/28/26 22:55:00,33.54,0.00,,,,
07/28/26 23:00:00,33.62,0.00,,,,
07/28/26 23:05:00,33.69,0.00,,,,
07/28/26 23:10:00,33.62,0.00,,,,
07/28/26 23:15:00,33.62,0.00,,,,
07/28/26 23:20:00,33.38,0.00,,,,
07/28/26 23:25:00,33.23,0.00,,,,
07/28/26 23:30:00,33.23,0.00,,,,
07/28/26 23:35:00,33.31,0.00,,,,
07/28/26 23:40:00,33.15,0.00,,,,
07/28/26 23:45:00,33.08,0.00,,,,
07/28/26 23:50:00,33.08,0.00,,,,
07/28/26 23:55:00,33.00,0.00,,,,
07/29/26 00:00:00,33.08,0.00,,,,
07/29/26 00:05:00,32.84,0.00,,,,
07/29/26 00:10:00,33.00,0.00,,,,
07/29/26 00:15:00,32.77,0.00,,,,
07/29/26 00:20:00,32.61,0.00,,,,
07/29/26 00:25:00,32.61,0.00,,,,
07/29/26 00:30:00,32.38,0.00,,,,
07/29/26 00:35:00,32.38,0.00,,,,
07/29/26 00:40:00,32.46,0.00,,,,
07/29/26 00:45:00,32.61,0.00,,,,
07/29/26 00:50:00,32.69,0.00,,,,
07/29/26 00:55:00,32.69,0.00,,,,
07/29/26 01:00:00,32.69,0.00,,,,
07/29/26 01:05:00,32.61,0.00,,,,
07/29/26 01:10:00,32.61,0.00,,,,
07/29/26 01:15:00,32.77,0.00,,,,
07/29/26 01:20:00,32.69,0.00,,,,
07/29/26 01:25:00,32.61,0.00,,,,
07/29/26 01:30:00,32.54,0.00,,,,
07/29/26 01:35:00,32.54,0.00,,,,
07/29/26 01:40:00,32.69,0.00,,,,
07/29/26 01:45:00,32.61,0.00,,,,
07/29/26 01:50:00,32.61,0.00,,,,
07/29/26 01:55:00,32.69,0.00,,,,
07/29/26 02:00:00,32.61,0.00,,,,
07/29/26 02:05:00,32.84,0.00,,,,
07/29/26 02:10:00,32.69,0.00,,,,
07/29/26 02:15:00,32.69,0.00,,,,
07/29/26 02:20:00,32.69,0.00,,,,
07/29/26 02:25:00,32.69,0.00,,,,
07/29/26 02:30:00,32.69,0.00,,,,
07/29/26 02:35:00,32.69,0.00,,,,
07/29/26 02:40:00,32.69,0.00,,,,
07/29/26 02:45:00,32.54,0.00,,,,
07/29/26 02:50:00,32.46,0.00,,,,
07/29/26 02:55:00,32.38,0.00,,,,
07/29/26 03:00:00,32.46,0.00,,,,
07/29/26 03:05:00,32.46,0.00,,,,
07/29/26 03:10:00,32.46,0.00,,,,
07/29/26 03:15:00,32.54,0.00,,,,
07/29/26 03:20:00,32.38,0.00,,,,
07/29/26 03:25:00,32.38,0.00,,,,
07/29/26 03:30:00,32.38,0.04,,,,
07/29/26 03:35:00,32.30,0.10,,,,
07/29/26 03:40:00,32.30,0.18,,,,
07/29/26 03:45:00,32.30,0.34,,,,
07/29/26 03:50:00,32.23,0.57,,,,
07/29/26 03:55:00,32.30,1.03,,,,
07/29/26 04:00:00,32.23,1.70,,,,
07/29/26 04:05:00,32.23,2.69,,,,
07/29/26 04:10:00,32.23,4.62,,,,
07/29/26 04:15:00,32.23,7.60,,,,
07/29/26 04:20:00,32.23,11.24,,,,
07/29/26 04:25:00,32.23,16.88,,,,
07/29/26 04:30:00,32.23,23.82,,,,
07/29/26 04:35:00,32.30,32.17,,,,
07/29/26 04:40:00,32.30,43.00,,,,
07/29/26 04:45:00,32.38,55.16,,,,
07/29/26 04:50:00,32.54,71.74,,,,
07/29/26 04:55:00,32.77,89.42,,,,
07/29/26 05:00:00,32.77,107.14,,,,
07/29/26 05:05:00,32.77,133.13,,,,
07/29/26 05:10:00,32.92,163.75,,,,
07/29/26 05:15:00,33.00,213.69,,,,
07/29/26 05:20:00,33.15,256.86,,,,
07/29/26 05:25:00,33.31,296.46,,,,
07/29/26 05:30:00,33.54,337.01,,,,
07/29/26 05:35:00,33.54,362.69,,,,
07/29/26 05:40:00,33.69,395.63,,,,
07/29/26 05:45:00,33.77,440.70,,,,
07/29/26 05:50:00,33.85,484.34,,,,
07/29/26 05:55:00,34.00,528.46,,,,
07/29/26 06:00:00,34.23,594.81,,,,
07/29/26 06:05:00,34.47,658.32,,,,
07/29/26 06:10:00,34.54,688.76,,,,
07/29/26 06:15:00,34.62,755.11,,,,
07/29/26 06:20:00,35.01,979.39,,,,
07/29/26 06:25:00,36.01,1286.66,,,,
07/29/26 06:30:00,36.32,1219.60,,,,
07/29/26 06:35:00,36.24,1194.86,,,,
07/29/26 06:40:00,35.93,1080.23,,,,
07/29/26 06:45:00,36.01,1174.41,,,,
07/29/26 06:50:00,36.09,1217.22,,,,
07/29/26 06:55:00,36.86,1501.66,,,,
07/29/26 07:00:00,37.01,1451.72,,,,
07/29/26 07:05:00,37.17,1553.03,,,,
07/29/26 07:10:00,37.71,1830.34,,,,
07/29/26 07:15:00,38.10,1927.86,,,,
07/29/26 07:20:00,38.10,1967.34,,,,
07/29/26 07:25:00,38.40,2106.23,,,,
07/29/26 07:30:00,38.64,2212.78,,,,
07/29/26 07:35:00,38.87,2300.30,,,,
07/29/26 07:40:00,39.49,2478.20,,,,
07/29/26 07:45:00,39.87,2574.28,,,,
07/29/26 07:50:00,40.33,2794.99,,,,
07/29/26 07:55:00,41.03,2873.95,,,,
07/29/26 08:00:00,41.42,2917.71,,,,
07/29/26 08:05:00,41.49,3022.35,,,,
07/29/26 08:10:00,42.19,3180.27,,,,
07/29/26 08:15:00,42.27,3208.81,,,,
07/29/26 08:20:00,42.42,3365.78,,,,
07/29/26 08:25:00,43.11,3484.70,,,,
07/29/26 08:30:00,45.51,8824.47,,,,
07/29/26 08:35:00,49.45,4733.78,,,,
07/29/26 08:40:00,49.52,4408.43,,,,
07/29/26 08:45:00,53.93,7441.25,,,,
07/29/26 08:50:00,59.18,6762.00,,,,
07/29/26 08:55:00,55.32,5919.13,,,,
07/29/26 09:00:00,54.93,5140.95,,,,
07/29/26 09:05:00,52.54,5152.36,,,,
07/29/26 09:10:00,54.08,7062.62,,,,
07/29/26 09:15:00,57.09,5648.95,,,,
07/29/26 09:20:00,59.02,5896.30,,,,
07/29/26 09:25:00,59.02,5237.98,,,,
07/29/26 09:30:00,57.48,6040.90,,,,
07/29/26 09:35:00,54.47,5780.24,,,,
07/29/26 09:40:00,56.17,6619.30,,,,
07/29/26 09:45:00,57.56,7192.00,,,,
07/29/26 09:50:00,55.70,5542.41,,,,
07/29/26 09:55:00,54.08,4726.17,,,,
07/29/26 10:00:00,51.45,4975.42,,,,
07/29/26 10:05:00,54.70,6613.60,,,,
07/29/26 10:10:00,56.71,6358.64,,,,
07/29/26 10:15:00,63.73,12698.26,,,,
07/29/26 10:20:00,68.13,9958.45,,,,
07/29/26 10:25:00,63.04,7410.80,,,,
07/29/26 10:30:00,61.18,8740.75,,,,
07/29/26 10:35:00,71.61,11115.25,,,,
07/29/26 10:40:00,67.52,8885.35,,,,
07/29/26 10:45:00,68.44,10099.24,,,,
07/29/26 10:50:00,72.15,10308.53,,,,
07/29/26 10:55:00,62.57,4505.46,,,,
07/29/26 11:00:00,55.16,5854.44,,,,
07/29/26 11:05:00,54.23,5964.79,,,,
07/29/26 11:10:00,59.10,9380.04,,,,
07/29/26 11:15:00,60.18,8729.34,,,,
07/29/26 11:20:00,60.34,7922.62,,,,
07/29/26 11:25:00,68.67,13877.90,,,,
07/29/26 11:30:00,62.88,9235.44,,,,
07/29/26 11:35:00,64.97,10510.21,,,,
07/29/26 11:40:00,65.05,9555.09,,,,
07/29/26 11:45:00,68.37,12462.33,,,,
07/29/26 11:50:00,68.52,8767.39,,,,
07/29/26 11:55:00,68.91,10057.38,,,,
07/29/26 12:00:00,67.59,7150.14,,,,
07/29/26 12:05:00,59.79,8238.45,,,,
07/29/26 12:10:00,56.32,6351.03,,,,
07/29/26 12:15:00,54.93,5723.16,,,,
07/29/26 12:20:00,53.85,6524.17,,,,
07/29/26 12:25:00,53.85,6358.64,,,,
07/29/26 12:30:00,55.47,7429.83,,,,
07/29/26 12:35:00,59.72,8580.93,,,,
07/29/26 12:40:00,60.64,7188.19,,,,
07/29/26 12:45:00,60.72,7633.41,,,,
07/29/26 12:50:00,60.18,8219.43,,,,
07/29/26 12:55:00,61.34,7578.24,,,,
07/29/26 13:00:00,62.81,7376.56,,,,
07/29/26 13:05:00,62.81,8554.29,,,,
07/29/26 13:10:00,65.59,7642.93,,,,
07/29/26 13:15:00,63.04,7445.05,,,,
07/29/26 13:20:00,62.19,8314.56,,,,
07/29/26 13:25:00,61.03,8021.55,,,,
07/29/26 13:30:00,58.56,7119.70,,,,
07/29/26 13:35:00,58.02,7601.07,,,,
07/29/26 13:40:00,58.10,7679.08,,,,
07/29/26 13:45:00,60.49,7850.32,,,,
07/29/26 13:50:00,58.64,8017.75,,,,
07/29/26 13:55:00,61.34,9425.71,,,,
07/29/26 14:00:00,63.35,9159.34,,,,
07/29/26 14:05:00,62.19,8276.51,,,,
07/29/26 14:10:00,63.58,8325.98,,,,
07/29/26 14:15:00,66.20,6512.76,,,,
07/29/26 14:20:00,60.41,7241.47,,,,
07/29/26 14:25:00,65.12,8371.64,,,,
07/29/26 14:30:00,62.65,6952.27,,,,
07/29/26 14:35:00,60.18,6925.63,,,,
07/29/26 14:40:00,59.41,7532.57,,,,
07/29/26 14:45:00,59.25,6878.06,,,,
07/29/26 14:50:00,59.79,8508.63,,,,
07/29/26 14:55:00,60.34,6508.95,,,,
07/29/26 15:00:00,58.95,7119.70,,,,
07/29/26 15:05:00,59.56,7321.38,,,,
07/29/26 15:10:00,61.11,8150.93,,,,
07/29/26 15:15:00,56.94,7045.50,,,,
07/29/26 15:20:00,59.25,7074.04,,,,
07/29/26 15:25:00,60.64,6771.52,,,,
07/29/26 15:30:00,57.48,6750.59,,,,
07/29/26 15:35:00,59.10,6937.05,,,,
07/29/26 15:40:00,59.41,6465.19,,,,
07/29/26 15:45:00,59.56,6720.14,,,,
07/29/26 15:50:00,57.40,6274.92,,,,
07/29/26 15:55:00,57.94,6132.23,,,,
07/29/26 16:00:00,58.10,5987.63,,,,
07/29/26 16:05:00,57.25,5930.55,,,,
07/29/26 16:10:00,54.85,5483.42,,,,
07/29/26 16:15:00,53.00,5945.77,,,,
07/29/26 16:20:00,53.31,5685.10,,,,
07/29/26 16:25:00,54.00,4339.93,,,,
07/29/26 16:30:00,51.84,5373.07,,,,
07/29/26 16:35:00,50.84,5110.51,,,,
07/29/26 16:40:00,51.15,5140.95,,,,
07/29/26 16:45:00,51.15,4895.51,,,,
07/29/26 16:50:00,51.69,4712.85,,,,
07/29/26 16:55:00,52.23,4280.95,,,,
07/29/26 17:00:00,52.92,4777.54,,,,
07/29/26 17:05:00,53.15,4048.83,,,,
07/29/26 17:10:00,49.83,3820.51,,,,
07/29/26 17:15:00,50.68,4827.01,,,,
07/29/26 17:20:00,52.38,4227.68,,,,
07/29/26 17:25:00,47.59,2974.79,,,,
07/29/26 17:30:00,51.53,4956.39,,,,
07/29/26 17:35:00,51.76,3499.92,,,,
07/29/26 17:40:00,45.59,2469.63,,,,
07/29/26 17:45:00,44.89,3244.96,,,,
07/29/26 17:50:00,45.35,3073.72,,,,
07/29/26 17:55:00,43.89,2491.51,,,,
07/29/26 18:00:00,42.65,2516.25,,,,
07/29/26 18:05:00,41.03,2085.30,,,,
07/29/26 18:10:00,40.03,2012.05,,,,
07/29/26 18:15:00,39.87,1988.26,,,,
07/29/26 18:20:00,40.03,2021.56,,,,
07/29/26 18:25:00,40.57,2043.44,,,,
07/29/26 18:30:00,41.18,2249.88,,,,
07/29/26 18:35:00,42.34,2354.52,,,,
07/29/26 18:40:00,41.34,2093.86,,,,
07/29/26 18:45:00,40.41,1880.29,,,,
07/29/26 18:50:00,40.03,1839.86,,,,
07/29/26 18:55:00,38.71,1361.34,,,,
07/29/26 19:00:00,37.63,1302.36,,,,
07/29/26 19:05:00,37.32,1318.53,,,,
07/29/26 19:10:00,37.48,1301.89,,,,
07/29/26 19:15:00,36.71,848.34,,,,
07/29/26 19:20:00,35.78,959.17,,,,
07/29/26 19:25:00,35.16,850.24,,,,
07/29/26 19:30:00,34.47,785.55,,,,
07/29/26 19:35:00,35.78,951.08,,,,
07/29/26 19:40:00,36.24,1126.84,,,,
07/29/26 19:45:00,37.48,1138.26,,,,
07/29/26 19:50:00,36.47,920.64,,,,
07/29/26 19:55:00,35.47,889.49,,,,
07/29/26 20:00:00,34.85,790.07,,,,
07/29/26 20:05:00,34.31,693.04,,,,
07/29/26 20:10:00,33.93,707.07,,,,
07/29/26 20:15:00,33.15,644.28,,,,
07/29/26 20:20:00,33.00,691.85,,,,
07/29/26 20:25:00,32.92,544.87,,,,
07/29/26 20:30:00,32.23,453.66,,,,
07/29/26 20:35:00,32.15,424.77,,,,
07/29/26 20:40:00,32.30,413.71,,,,
07/29/26 20:45:00,32.15,345.57,,,,
07/29/26 20:50:00,31.92,303.35,,,,
07/29/26 20:55:00,31.53,254.24,,,,
07/29/26 21:00:00,30.99,216.66,,,,
07/29/26 21:05:00,30.61,181.23,,,,
07/29/26 21:10:00,30.37,147.51,,,,
07/29/26 21:15:00,30.45,116.57,,,,
07/29/26 21:20:00,30.22,89.10,,,,
07/29/26 21:25:00,30.06,65.11,,,,
07/29/26 21:30:00,30.06,46.53,,,,
07/29/26 21:35:00,29.83,32.40,,,,
07/29/26 21:40:00,29.83,21.66,,,,
07/29/26 21:45:00,29.60,13.94,,,,
07/29/26 21:50:00,29.06,8.68,,,,
07/29/26 21:55:00,28.37,5.53,,,,
07/29/26 22:00:00,27.67,3.27,,,,
07/29/26 22:05:00,27.52,1.95,,,,
07/29/26 22:10:00,26.59,1.27,,,,
07/29/26 22:15:00,26.20,0.71,,,,
07/29/26 22:20:00,26.59,0.49,,,,
07/29/26 22:25:00,26.67,0.30,,,,
07/29/26 22:30:00,26.82,0.20,,,,
07/29/26 22:35:00,27.36,0.12,,,,
07/29/26 22:40:00,27.83,0.08,,,,
07/29/26 22:45:00,28.21,0.04,,,,
07/29/26 22:50:00,28.29,0.02,,,,
07/29/26 22:55:00,28.13,0.02,,,,
07/29/26 23:00:00,27.90,0.02,,,,
07/29/26 23:05:00,27.75,0.00,,,,
07/29/26 23:10:00,27.44,0.00,,,,
07/29/26 23:15:00,27.05,0.00,,,,
07/29/26 23:20:00,26.82,0.00,,,,
07/29/26 23:25:00,26.59,0.00,,,,
07/29/26 23:30:00,26.28,0.00,,,,
07/29/26 23:35:00,25.97,0.00,,,,
07/29/26 23:40:00,25.66,0.00,,,,
07/29/26 23:45:00,25.51,0.00,,,,
07/29/26 23:50:00,25.43,0.00,,,,
07/29/26 23:55:00,25.74,0.00,,,,
07/30/26 00:00:00,25.82,0.00,,,,
07/30/26 00:05:00,25.66,0.00,,,,
07/30/26 00:10:00,25.74,0.00,,,,
07/30/26 00:15:00,25.89,0.00,,,,
07/30/26 00:20:00,25.97,0.00,,,,
07/30/26 00:25:00,26.13,0.00,,,,
07/30/26 00:30:00,26.36,0.00,,,,
07/30/26 00:35:00,26.74,0.00,,,,
07/30/26 00:40:00,26.44,0.00,,,,
07/30/26 00:45:00,26.13,0.00,,,,
07/30/26 00:50:00,25.89,0.00,,,,
07/30/26 00:55:00,25.66,0.00,,,,
07/30/26 01:00:00,25.74,0.00,,,,
07/30/26 01:05:00,25.89,0.00,,,,
07/30/26 01:10:00,25.97,0.00,,,,
07/30/26 01:15:00,25.82,0.00,,,,
07/30/26 01:20:00,25.74,0.00,,,,
07/30/26 01:25:00,25.51,0.00,,,,
07/30/26 01:30:00,25.20,0.00,,,,
07/30/26 01:35:00,25.20,0.00,,,,
07/30/26 01:40:00,25.59,0.00,,,,
07/30/26 01:45:00,25.20,0.00,,,,
07/30/26 01:50:00,25.20,0.00,,,,
07/30/26 01:55:00,25.66,0.00,,,,
07/30/26 02:00:00,26.05,0.00,,,,
07/30/26 02:05:00,26.44,0.00,,,,
07/30/26 02:10:00,26.28,0.00,,,,
07/30/26 02:15:00,25.97,0.00,,,,
07/30/26 02:20:00,25.89,0.00,,,,
07/30/26 02:25:00,26.05,0.00,,,,
07/30/26 02:30:00,25.89,0.00,,,,
07/30/26 02:35:00,25.66,0.00,,,,
07/30/26 02:40:00,25.51,0.00,,,,
07/30/26 02:45:00,25.43,0.02,,,,
07/30/26 02:50:00,25.59,0.02,,,,
07/30/26 02:55:00,25.74,0.02,,,,
07/30/26 03:00:00,25.51,0.04,,,,
07/30/26 03:05:00,25.51,0.04,,,,
07/30/26 03:10:00,25.66,0.06,,,,
07/30/26 03:15:00,25.82,0.08,,,,
07/30/26 03:20:00,25.89,0.12,,,,
07/30/26 03:25:00,25.59,0.18,,,,
07/30/26 03:30:00,25.74,0.26,,,,
07/30/26 03:35:00,25.97,0.38,,,,
07/30/26 03:40:00,25.82,0.59,,,,
07/30/26 03:45:00,25.74,0.91,,,,
07/30/26 03:50:00,25.82,1.25,,,,
07/30/26 03:55:00,25.35,2.05,,,,
07/30/26 04:00:00,25.59,3.42,,,,
07/30/26 04:05:00,25.66,5.41,,,,
07/30/26 04:10:00,25.66,8.29,,,,
07/30/26 04:15:00,25.97,13.01,,,,
07/30/26 04:20:00,25.89,19.87,,,,
07/30/26 04:25:00,25.59,30.23,,,,
07/30/26 04:30:00,25.97,43.85,,,,
07/30/26 04:35:00,25.82,61.18,,,,
07/30/26 04:40:00,25.89,83.63,,,,
07/30/26 04:45:00,25.97,111.28,,,,
07/30/26 04:50:00,26.05,143.83,,,,
07/30/26 04:55:00,26.13,188.18,,,,
07/30/26 05:00:00,28.91,535.36,,,,
07/30/26 05:05:00,30.53,700.65,,,,
07/30/26 05:10:00,31.69,785.55,,,,
07/30/26 05:15:00,32.54,1161.09,,,,
07/30/26 05:20:00,33.69,1446.96,,,,
07/30/26 05:25:00,35.24,1661.96,,,,
07/30/26 05:30:00,36.71,2067.22,,,,
07/30/26 05:35:00,37.86,2396.38,,,,
07/30/26 05:40:00,39.02,2794.99,,,,
07/30/26 05:45:00,40.41,3083.24,,,,
07/30/26 05:50:00,41.49,3394.32,,,,
07/30/26 05:55:00,42.65,3686.38,,,,
07/30/26 06:00:00,43.50,3957.50,,,,
07/30/26 06:05:00,44.74,4256.22,,,,
07/30/26 06:10:00,46.36,4570.15,,,,
07/30/26 06:15:00,47.52,4914.53,,,,
07/30/26 06:20:00,48.67,5237.98,,,,
07/30/26 06:25:00,49.68,5578.56,,,,
07/30/26 06:30:00,50.91,5922.94,,,,
07/30/26 06:35:00,52.46,6236.87,,,,
07/30/26 06:40:00,53.85,6588.86,,,,
07/30/26 06:45:00,54.93,6946.56,,,,
07/30/26 06:50:00,55.24,7290.94,,,,
07/30/26 06:55:00,56.40,7521.16,,,,
07/30/26 07:00:00,57.63,7816.07,,,,
07/30/26 07:05:00,58.87,8128.10,,,,
07/30/26 07:10:00,60.57,8569.52,,,,
07/30/26 07:15:00,62.57,9463.76,,,,
07/30/26 07:20:00,52.38,2981.45,,,,
07/30/26 07:25:00,51.92,9231.64,,,,
07/30/26 07:30:00,59.79,9973.67,,,,
07/30/26 07:35:00,64.04,9870.92,,,,
07/30/26 07:40:00,66.20,9996.50,,,,
07/30/26 07:45:00,66.74,10396.05,,,,
07/30/26 07:50:00,69.37,10331.37,,,,
07/30/26 07:55:00,68.52,10091.63,,,,
07/30/26 08:00:00,69.76,10350.39,,,,
07/30/26 08:05:00,71.92,10434.11,,,,
07/30/26 08:10:00,73.23,10776.58,,,,
07/30/26 08:15:00,73.00,10765.17,,,,
07/30/26 08:20:00,73.00,10856.50,,,,
07/30/26 08:25:00,72.77,10936.41,,,,
07/30/26 08:30:00,72.61,11206.58,,,,
07/30/26 08:35:00,73.62,11301.71,,,,
07/30/26 08:40:00,73.31,11324.55,,,,
07/30/26 08:45:00,72.92,11377.82,,,,
07/30/26 08:50:00,69.14,11126.67,,,,
07/30/26 08:55:00,69.99,11727.91,,,,
07/30/26 09:00:00,71.92,11374.01,,,,
07/30/26 09:05:00,72.23,11286.49,,,,
07/30/26 09:10:00,65.20,11179.94,,,,
07/30/26 09:15:00,69.68,10932.60,,,,
07/30/26 09:20:00,71.84,10730.92,,,,
07/30/26 09:25:00,74.00,10685.26,,,,
07/30/26 09:30:00,74.62,10658.62,,,,
07/30/26 09:35:00,76.24,10673.84,,,,
07/30/26 09:40:00,74.93,10689.06,,,,
07/30/26 09:45:00,72.15,10624.37,,,,
07/30/26 09:50:00,70.68,10601.54,,,,
07/30/26 09:55:00,70.91,10597.74,,,,
07/30/26 10:00:00,71.69,10601.54,,,,
07/30/26 10:05:00,71.84,10536.85,,,,
07/30/26 10:10:00,73.00,10536.85,,,,
07/30/26 10:15:00,74.93,10494.99,,,,
07/30/26 10:20:00,75.39,10475.97,,,,
07/30/26 10:25:00,76.24,10434.11,,,,
07/30/26 10:30:00,76.71,10399.86,,,,
07/30/26 10:35:00,76.63,10350.39,,,,
07/30/26 10:40:00,75.47,10300.92,,,,
07/30/26 10:45:00,75.08,10262.87,,,,
07/30/26 10:50:00,76.40,10236.23,,,,
07/30/26 10:55:00,76.94,10228.62,,,,
07/30/26 11:00:00,77.25,10293.31,,,,
07/30/26 11:05:00,77.32,10194.37,,,,
07/30/26 11:10:00,77.63,10232.43,,,,
07/30/26 11:15:00,79.02,10335.17,,,,
07/30/26 11:20:00,80.41,10536.85,,,,
07/30/26 11:25:00,78.56,10822.25,,,,
07/30/26 11:30:00,79.25,11195.17,,,,
07/30/26 11:35:00,77.79,11526.23,,,,
07/30/26 11:40:00,76.47,11731.71,,,,
07/30/26 11:45:00,76.32,11648.00,,,,
07/30/26 11:50:00,77.32,11282.69,,,,
07/30/26 11:55:00,77.17,10738.53,,,,
07/30/26 12:00:00,77.25,10209.60,,,,
07/30/26 12:05:00,76.71,9775.79,,,,
07/30/26 12:10:00,75.86,9383.85,,,,
07/30/26 12:15:00,75.62,9113.67,,,,
07/30/26 12:20:00,79.49,8900.58,,,,
07/30/26 12:25:00,77.32,8733.14,,,,
07/30/26 12:30:00,77.09,8592.35,,,,
07/30/26 12:35:00,76.24,8459.16,,,,
07/30/26 12:40:00,78.10,8360.22,,,,
07/30/26 12:45:00,77.79,8234.65,,,,
07/30/26 12:50:00,75.47,8128.10,,,,
07/30/26 12:55:00,75.78,8059.61,,,,
07/30/26 13:00:00,75.93,7953.06,,,,
07/30/26 13:05:00,74.85,7808.46,,,,
07/30/26 13:10:00,74.16,7580.14,,,,
07/30/26 13:15:00,74.39,7346.11,,,,
07/30/26 13:20:00,74.23,7089.26,,,,
07/30/26 13:25:00,73.62,6847.62,,,,
07/30/26 13:30:00,76.17,6678.29,,,,
07/30/26 13:35:00,74.08,6573.64,,,,
07/30/26 13:40:00,75.62,6512.76,,,,
07/30/26 13:45:00,75.93,6455.68,,,,
07/30/26 13:50:00,75.24,6419.53,,,,
07/30/26 13:55:00,75.70,6366.25,,,,
07/30/26 14:00:00,75.01,6333.91,,,,
07/30/26 14:05:00,74.16,6312.98,,,,
07/30/26 14:10:00,73.93,6312.98,,,,
07/30/26 14:15:00,74.00,6311.08,,,,
07/30/26 14:20:00,73.77,6314.88,,,,
07/30/26 14:25:00,73.54,6305.37,,,,
07/30/26 14:30:00,73.85,6299.66,,,,
07/30/26 14:35:00,75.55,6307.27,,,,
07/30/26 14:40:00,74.70,6303.46,,,,
07/30/26 14:45:00,74.39,6299.66,,,,
07/30/26 14:50:00,73.39,6280.63,,,,
07/30/26 14:55:00,71.84,6261.61,,,,
07/30/26 15:00:00,71.61,6215.94,,,,
07/30/26 15:05:00,71.76,6153.16,,,,
07/30/26 15:10:00,73.15,6084.66,,,,
07/30/26 15:15:00,72.07,5993.33,,,,
07/30/26 15:20:00,72.15,5903.91,,,,
07/30/26 15:25:00,71.07,5816.39,,,,
07/30/26 15:30:00,69.91,5719.35,,,,
07/30/26 15:35:00,69.22,5616.61,,,,
07/30/26 15:40:00,68.60,5510.06,,,,
07/30/26 15:45:00,68.52,5399.71,,,,
07/30/26 15:50:00,69.45,5291.26,,,,
07/30/26 15:55:00,68.91,5186.61,,,,
07/30/26 16:00:00,67.05,5076.26,,,,
07/30/26 16:05:00,64.74,4971.61,,,,
07/30/26 16:10:00,63.73,4865.06,,,,
07/30/26 16:15:00,62.50,4754.71,,,,
07/30/26 16:20:00,63.50,4625.33,,,,
07/30/26 16:25:00,62.81,4522.59,,,,
07/30/26 16:30:00,62.11,4414.14,,,,
07/30/26 16:35:00,62.65,4307.59,,,,
07/30/26 16:40:00,62.57,4208.65,,,,
07/30/26 16:45:00,62.34,4113.52,,,,
07/30/26 16:50:00,61.42,4016.48,,,,
07/30/26 16:55:00,59.64,3919.45,,,,
07/30/26 17:00:00,58.33,3835.73,,,,
07/30/26 17:05:00,57.71,3745.36,,,,
07/30/26 17:10:00,57.56,3654.03,,,,
07/30/26 17:15:00,57.48,3290.63,,,,
07/30/26 17:20:00,58.40,3400.03,,,,
07/30/26 17:25:00,58.17,3244.96,,,,
07/30/26 17:30:00,56.17,2929.12,,,,
07/30/26 17:35:00,54.93,2999.52,,,,
07/30/26 17:40:00,54.62,2886.31,,,,
07/30/26 17:45:00,54.23,2787.38,,,,
07/30/26 17:50:00,54.70,2697.95,,,,
07/30/26 17:55:00,54.16,2615.19,,,,
07/30/26 18:00:00,53.39,2478.20,,,,
07/30/26 18:05:00,52.38,2395.43,,,,
07/30/26 18:10:00,51.69,2332.64,,,,
07/30/26 18:15:00,51.76,2200.41,,,,
07/30/26 18:20:00,50.53,2043.44,,,,
07/30/26 18:25:00,49.91,1912.63,,,,
07/30/26 18:30:00,49.22,1832.25,,,,
07/30/26 18:35:00,48.60,1767.08,,,,
07/30/26 18:40:00,47.75,1717.61,,,,
07/30/26 18:45:00,47.21,1669.57,,,,
07/30/26 18:50:00,46.59,1637.23,,,,
07/30/26 18:55:00,46.20,1580.15,,,,
07/30/26 19:00:00,46.20,1521.17,,,,
07/30/26 19:05:00,45.82,1460.76,,,,
07/30/26 19:10:00,45.97,1407.96,,,,
07/30/26 19:15:00,45.97,1362.77,,,,
07/30/26 19:20:00,45.51,1330.42,,,,
07/30/26 19:25:00,45.12,1309.50,,,,
07/30/26 19:30:00,44.97,1299.51,,,,
07/30/26 19:35:00,45.97,1256.22,,,,
07/30/26 19:40:00,45.66,980.81,,,,
07/30/26 19:45:00,43.50,1315.20,,,,
07/30/26 19:50:00,41.65,1040.27,,,,
07/30/26 19:55:00,39.87,809.81,,,,
07/30/26 20:00:00,39.41,841.92,,,,
07/30/26 20:05:00,39.10,741.32,,,,
07/30/26 20:10:00,38.48,646.90,,,,
07/30/26 20:15:00,38.10,592.67,,,,
07/30/26 20:20:00,37.63,489.69,,,,
07/30/26 20:25:00,37.25,415.01,,,,
07/30/26 20:30:00,36.94,420.37,,,,
07/30/26 20:35:00,36.86,388.73,,,,
07/30/26 20:40:00,36.78,324.64,,,,
07/30/26 20:45:00,36.47,260.42,,,,
07/30/26 20:50:00,36.55,226.36,,,,
07/30/26 20:55:00,36.32,203.40,,,,
07/30/26 21:00:00,35.78,170.11,,,,
07/30/26 21:05:00,34.85,132.17,,,,
07/30/26 21:10:00,34.54,113.50,,,,
07/30/26 21:15:00,34.23,96.05,,,,
07/30/26 21:20:00,33.62,71.47,,,,
07/30/26 21:25:00,32.92,52.59,,,,
07/30/26 21:30:00,32.54,37.46,,,,
07/30/26 21:35:00,32.23,24.87,,,,
07/30/26 21:40:00,32.00,16.57,,,,
07/30/26 21:45:00,32.00,10.52,,,,
07/30/26 21:50:00,31.69,6.80,,,,
07/30/26 21:55:00,31.53,4.02,,,,
07/30/26 22:00:00,31.38,2.39,,,,
07/30/26 22:05:00,31.45,1.59,,,,
07/30/26 22:10:00,31.45,0.89,,,,
07/30/26 22:15:00,31.45,0.49,,,,
07/30/26 22:20:00,31.30,0.28,,,,
07/30/26 22:25:00,31.22,0.16,,,,
07/30/26 22:30:00,31.15,0.08,,,,
07/30/26 22:35:00,31.22,0.04,,,,
07/30/26 22:40:00,30.84,0.02,,,,
07/30/26 22:45:00,30.91,0.00,,,,
07/30/26 22:50:00,30.76,0.00,,,,
07/30/26 22:55:00,30.68,0.00,,,,
07/30/26 23:00:00,30.45,0.00,,,,
07/30/26 23:05:00,30.30,0.00,,,,
07/30/26 23:10:00,30.45,0.00,,,,
07/30/26 23:15:00,30.53,0.00,,,,
07/30/26 23:20:00,30.61,0.00,,,,
07/30/26 23:25:00,31.15,0.00,,,,
07/30/26 23:30:00,30.91,0.00,,,,
07/30/26 23:35:00,30.76,0.00,,,,
07/30/26 23:40:00,31.30,0.00,,,,
07/30/26 23:45:00,30.91,0.00,,,,
07/30/26 23:50:00,30.61,0.00,,,,
07/30/26 23:55:00,31.22,0.00,,,,
07/31/26 00:00:00,31.38,0.00,,,,
07/31/26 00:05:00,31.38,0.00,,,,
07/31/26 00:10:00,31.15,0.00,,,,
07/31/26 00:15:00,30.61,0.00,,,,
07/31/26 00:20:00,30.22,0.00,,,,
07/31/26 00:25:00,29.99,0.00,,,,
07/31/26 00:30:00,30.30,0.00,,,,
07/31/26 00:35:00,30.61,0.00,,,,
07/31/26 00:40:00,30.91,0.00,,,,
07/31/26 00:45:00,31.69,0.00,,,,
07/31/26 00:50:00,32.38,0.00,,,,
07/31/26 00:55:00,32.77,0.00,,,,
07/31/26 01:00:00,33.00,0.00,,,,
07/31/26 01:05:00,33.15,0.00,,,,
07/31/26 01:10:00,33.38,0.00,,,,
07/31/26 01:15:00,33.15,0.00,,,,
07/31/26 01:20:00,33.38,0.00,,,,
07/31/26 01:25:00,33.62,0.00,,,,
07/31/26 01:30:00,34.00,0.00,,,,
07/31/26 01:35:00,34.16,0.00,,,,
07/31/26 01:40:00,34.23,0.00,,,,
07/31/26 01:45:00,34.39,0.00,,,,
07/31/26 01:50:00,34.54,0.00,,,,
07/31/26 01:55:00,34.31,0.00,,,,
07/31/26 02:00:00,33.93,0.00,,,,
07/31/26 02:05:00,33.69,0.00,,,,
07/31/26 02:10:00,33.23,0.00,,,,
07/31/26 02:15:00,32.15,0.00,,,,
07/31/26 02:20:00,31.15,0.00,,,,
07/31/26 02:25:00,30.45,0.00,,,,
07/31/26 02:30:00,30.22,0.00,,,,
07/31/26 02:35:00,29.68,0.00,,,,
07/31/26 02:40:00,29.91,0.00,,,,
07/31/26 02:45:00,30.76,0.00,,,,
07/31/26 02:50:00,30.61,0.00,,,,
07/31/26 02:55:00,29.83,0.00,,,,
07/31/26 03:00:00,29.06,0.00,,,,
07/31/26 03:05:00,28.29,0.00,,,,
07/31/26 03:10:00,27.90,0.02,,,,
07/31/26 03:15:00,27.90,0.04,,,,
07/31/26 03:20:00,28.21,0.06,,,,
07/31/26 03:25:00,28.44,0.08,,,,
07/31/26 03:30:00,28.91,0.14,,,,
07/31/26 03:35:00,29.60,0.20,,,,
07/31/26 03:40:00,29.83,0.34,,,,
07/31/26 03:45:00,29.91,0.57,,,,
07/31/26 03:50:00,30.37,0.91,,,,
07/31/26 03:55:00,30.37,1.41,,,,
07/31/26 04:00:00,30.68,2.11,,,,
07/31/26 04:05:00,30.61,3.59,,,,
07/31/26 04:10:00,30.45,6.13,,,,
07/31/26 04:15:00,30.14,9.49,,,,
07/31/26 04:20:00,30.45,15.07,,,,
07/31/26 04:25:00,30.91,22.65,,,,
07/31/26 04:30:00,31.07,34.59,,,,
07/31/26 04:35:00,30.45,49.42,,,,
07/31/26 04:40:00,30.76,69.09,,,,
07/31/26 04:45:00,31.15,93.05,,,,
07/31/26 04:50:00,31.53,121.50,,,,
07/31/26 04:55:00,31.07,154.77,,,,
07/31/26 05:00:00,30.68,195.32,,,,
07/31/26 05:05:00,31.07,246.15,,,,
07/31/26 05:10:00,31.76,427.38,,,,
07/31/26 05:15:00,33.08,700.65,,,,
07/31/26 05:20:00,38.48,1479.31,,,,
07/31/26 05:25:00,40.64,1591.56,,,,
07/31/26 05:30:00,43.42,2119.55,,,,
07/31/26 05:35:00,45.35,2413.51,,,,
07/31/26 05:40:00,47.21,2751.23,,,,
07/31/26 05:45:00,48.83,3054.70,,,,
07/31/26 05:50:00,49.91,3379.10,,,,
07/31/26 05:55:00,50.76,3703.50,,,,
07/31/26 06:00:00,51.38,4008.87,,,,
07/31/26 06:05:00,52.00,4298.08,,,,
07/31/26 06:10:00,52.54,4600.60,,,,
07/31/26 06:15:00,53.39,4925.95,,,,
07/31/26 06:20:00,54.16,5213.25,,,,
07/31/26 06:25:00,55.55,5517.67,,,,
07/31/26 06:30:00,56.71,5791.65,,,,
07/31/26 06:35:00,57.09,6099.88,,,,
07/31/26 06:40:00,57.17,6337.71,,,,
07/31/26 06:45:00,57.40,6586.96,,,,
07/31/26 06:50:00,58.17,6855.23,,,,
07/31/26 06:55:00,59.33,7091.16,,,,
07/31/26 07:00:00,60.57,7321.38,,,,
07/31/26 07:05:00,60.88,7580.14,,,,
07/31/26 07:10:00,61.18,7793.24,,,,
07/31/26 07:15:00,61.49,8029.16,,,,
07/31/26 07:20:00,62.42,8295.53,,,,
07/31/26 07:25:00,63.42,8569.52,,,,
07/31/26 07:30:00,64.27,8904.38,,,,
07/31/26 07:35:00,65.97,9684.47,,,,
07/31/26 07:40:00,67.36,9870.92,,,,
07/31/26 07:45:00,67.83,7368.95,,,,
07/31/26 07:50:00,56.47,4235.29,,,,
07/31/26 07:55:00,50.61,3736.80,,,,
07/31/26 08:00:00,49.06,3968.92,,,,
07/31/26 08:05:00,49.52,4379.89,,,,
07/31/26 08:10:00,50.14,4587.28,,,,
07/31/26 08:15:00,51.61,4846.04,,,,
07/31/26 08:20:00,52.07,4638.65,,,,
07/31/26 08:25:00,52.00,4838.43,,,,
07/31/26 08:30:00,55.47,7256.69,,,,
07/31/26 08:35:00,65.35,10053.58,,,,
07/31/26 08:40:00,62.50,5924.84,,,,
07/31/26 08:45:00,56.40,4769.93,,,,
07/31/26 08:50:00,53.93,4876.48,,,,
07/31/26 08:55:00,53.15,4821.30,,,,
07/31/26 09:00:00,53.39,5072.45,,,,
07/31/26 09:05:00,53.46,4941.17,,,,
07/31/26 09:10:00,53.46,4838.43,,,,
07/31/26 09:15:00,54.39,5323.60,,,,
07/31/26 09:20:00,55.55,5616.61,,,,
07/31/26 09:25:00,56.63,5803.07,,,,
07/31/26 09:30:00,57.40,5941.96,,,,
07/31/26 09:35:00,58.40,6039.00,,,,
07/31/26 09:40:00,59.02,6086.56,,,,
07/31/26 09:45:00,60.41,6560.32,,,,
07/31/26 09:50:00,62.50,6997.93,,,,
07/31/26 09:55:00,63.42,7235.76,,,,
07/31/26 10:00:00,64.50,6990.32,,,,
07/31/26 10:05:00,66.67,7182.49,,,,
07/31/26 10:10:00,67.13,7517.35,,,,
07/31/26 10:15:00,67.98,8048.19,,,,
07/31/26 10:20:00,73.46,10259.06,,,,
07/31/26 10:25:00,72.07,8931.02,,,,
07/31/26 10:30:00,73.54,8866.33,,,,
07/31/26 10:35:00,75.08,8695.09,,,,
07/31/26 10:40:00,69.37,6918.02,,,,
07/31/26 10:45:00,64.97,6421.43,,,,
07/31/26 10:50:00,63.58,6488.02,,,,
07/31/26 10:55:00,63.11,5896.30,,,,
07/31/26 11:00:00,60.41,5422.54,,,,
07/31/26 11:05:00,59.72,5502.45,,,,
07/31/26 11:10:00,59.87,5641.34,,,,
07/31/26 11:15:00,60.41,5723.16,,,,
07/31/26 11:20:00,60.95,5827.80,,,,
07/31/26 11:25:00,61.65,5877.27,,,,
07/31/26 11:30:00,62.03,5825.90,,,,
07/31/26 11:35:00,62.19,5854.44,,,,
07/31/26 11:40:00,62.50,5932.45,,,,
07/31/26 11:45:00,63.96,6151.25,,,,
07/31/26 11:50:00,64.74,6451.87,,,,
07/31/26 11:55:00,66.36,6701.12,,,,
07/31/26 12:00:00,67.83,6788.64,,,,
07/31/26 12:05:00,69.52,6834.30,,,,
07/31/26 12:10:00,70.22,6893.28,,,,
07/31/26 12:15:00,69.99,6908.51,,,,
07/31/26 12:20:00,70.76,6990.32,,,,
07/31/26 12:25:00,71.69,7197.71,,,,
07/31/26 12:30:00,73.08,7481.20,,,,
07/31/26 12:35:00,75.24,7730.45,,,,
07/31/26 12:40:00,76.94,7846.51,,,,
07/31/26 12:45:00,78.48,7945.45,,,,
07/31/26 12:50:00,78.87,7915.01,,,,
07/31/26 12:55:00,77.94,7991.11,,,,
07/31/26 13:00:00,76.86,7669.56,,,,
07/31/26 13:05:00,76.09,7505.94,,,,
07/31/26 13:10:00,76.78,7631.51,,,,
07/31/26 13:15:00,78.33,7760.89,,,,
07/31/26 13:20:00,76.94,7403.19,,,,
07/31/26 13:25:00,74.93,7055.01,,,,
07/31/26 13:30:00,73.08,6872.36,,,,
07/31/26 13:35:00,70.99,6801.96,,,,
07/31/26 13:40:00,68.75,6809.57,,,,
07/31/26 13:45:00,66.13,6895.19,,,,
07/31/26 13:50:00,65.97,6992.22,,,,
07/31/26 13:55:00,64.97,6967.49,,,,
07/31/26 14:00:00,64.04,7129.21,,,,
07/31/26 14:05:00,65.20,7180.58,,,,
07/31/26 14:10:00,62.27,7456.47,,,,
07/31/26 14:15:00,62.96,7403.19,,,,
07/31/26 14:20:00,63.04,7327.09,,,,
07/31/26 14:25:00,62.19,6940.85,,,,
07/31/26 14:30:00,61.65,6708.73,,,,
07/31/26 14:35:00,61.88,6651.65,,,,
07/31/26 14:40:00,61.34,7096.87,,,,
07/31/26 14:45:00,60.57,6689.70,,,,
07/31/26 14:50:00,62.81,6862.84,,,,
07/31/26 14:55:00,64.81,8139.52,,,,
07/31/26 15:00:00,60.95,7779.92,,,,
07/31/26 15:05:00,58.25,7631.51,,,,
07/31/26 15:10:00,58.56,7184.39,,,,
07/31/26 15:15:00,56.94,6314.88,,,,
07/31/26 15:20:00,55.24,5947.67,,,,
07/31/26 15:25:00,53.85,5877.27,,,,
07/31/26 15:30:00,53.00,5772.63,,,,
07/31/26 15:35:00,49.37,5555.72,,,,
07/31/26 15:40:00,52.00,5247.50,,,,
07/31/26 15:45:00,52.46,4690.02,,,,
07/31/26 15:50:00,52.07,4456.00,,,,
07/31/26 15:55:00,51.07,4319.01,,,,
07/31/26 16:00:00,50.76,4231.48,,,,
07/31/26 16:05:00,50.37,4008.87,,,,
07/31/26 16:10:00,50.30,4185.82,,,,
07/31/26 16:15:00,47.67,4275.24,,,,
07/31/26 16:20:00,45.05,4750.91,,,,
07/31/26 16:25:00,45.66,4429.36,,,,
07/31/26 16:30:00,42.88,3626.44,,,,
07/31/26 16:35:00,42.50,2080.54,,,,
07/31/26 16:40:00,40.88,28.38,,,,
07/31/26 16:45:00,39.56,26.04,,,,
07/31/26 16:50:00,39.49,24.93,,,,
07/31/26 16:55:00,39.56,24.30,,,,
07/31/26 17:00:00,39.79,24.77,,,,
07/31/26 17:05:00,40.18,26.69,,,,
07/31/26 17:10:00,40.41,29.40,,,,
07/31/26 17:15:00,40.72,32.51,,,,
07/31/26 17:20:00,40.95,33.30,,,,
07/31/26 17:25:00,40.95,26.69,,,,
07/31/26 17:30:00,41.11,27.82,,,,
07/31/26 17:35:00,41.03,25.32,,,,
07/31/26 17:40:00,41.11,22.71,,,,
07/31/26 17:45:00,41.65,12.33,,,,
07/31/26 17:50:00,41.34,78.22,,,,
07/31/26 17:55:00,41.26,78.84,,,,
07/31/26 18:00:00,41.42,0.08,,,,
07/31/26 18:05:00,41.72,0.10,,,,
07/31/26 18:10:00,41.80,0.10,,,,
07/31/26 18:15:00,42.03,0.10,,,,
07/31/26 18:20:00,42.27,0.10,,,,
07/31/26 18:25:00,42.27,0.10,,,,
07/31/26 18:30:00,42.42,0.10,,,,
07/31/26 18:35:00,42.42,0.10,,,,
07/31/26 18:40:00,42.50,0.12,,,,
07/31/26 18:45:00,42.57,0.12,,,,
07/31/26 18:50:00,42.65,0.10,,,,
07/31/26 18:55:00,42.50,0.08,,,,
07/31/26 19:00:00,42.57,0.08,,,,
07/31/26 19:05:00,42.57,0.08,,,,
07/31/26 19:10:00,42.73,0.06,,,,
07/31/26 19:15:00,42.73,0.06,,,,
07/31/26 19:20:00,42.88,0.06,,,,
07/31/26 19:25:00,42.88,0.04,,,,
07/31/26 19:30:00,42.81,0.04,,,,
07/31/26 19:35:00,42.88,0.04,,,,
07/31/26 19:40:00,42.73,0.02,,,,
07/31/26 19:45:00,42.96,0.00,,,,
07/31/26 19:50:00,42.88,0.00,,,,
07/31/26 19:55:00,42.96,0.00,,,,
07/31/26 20:00:00,42.96,0.00,,,,
07/31/26 20:05:00,42.96,0.00,,,,
07/31/26 20:10:00,42.96,0.00,,,,
07/31/26 20:15:00,42.88,0.00,,,,
07/31/26 20:20:00,42.81,0.00,,,,
07/31/26 20:25:00,42.96,0.00,,,,
07/31/26 20:30:00,42.96,0.00,,,,
07/31/26 20:35:00,42.96,0.00,,,,
07/31/26 20:40:00,42.81,0.00,,,,
07/31/26 20:45:00,42.81,0.00,,,,
07/31/26 20:50:00,43.19,0.00,,,,
07/31/26 20:55:00,43.81,0.00,,,,
07/31/26 21:00:00,44.35,0.00,,,,
07/31/26 21:05:00,44.81,0.00,,,,
07/31/26 21:10:00,45.35,0.00,,,,
07/31/26 21:15:00,45.66,0.00,,,,
07/31/26 21:20:00,45.97,0.00,,,,
07/31/26 21:25:00,46.13,0.00,,,,
07/31/26 21:30:00,46.36,0.00,,,,
07/31/26 21:35:00,46.51,0.00,,,,
07/31/26 21:40:00,46.20,0.00,,,,
07/31/26 21:45:00,45.97,0.00,,,,
07/31/26 21:50:00,45.66,0.00,,,,
07/31/26 21:55:00,45.35,0.00,,,,
07/31/26 22:00:00,45.12,0.00,,,,
07/31/26 22:05:00,44.97,0.00,,,,
07/31/26 22:10:00,44.81,0.00,,,,
07/31/26 22:15:00,44.58,0.00,,,,
07/31/26 22:20:00,44.43,0.00,,,,
07/31/26 22:25:00,44.27,0.00,,,,
07/31/26 22:30:00,44.12,0.00,,,,
07/31/26 22:35:00,43.96,0.00,,,,
07/31/26 22:40:00,43.89,0.00,,,,
07/31/26 22:45:00,43.81,0.00,,,,
07/31/26 22:50:00,43.73,0.00,,,,
07/31/26 22:55:00,43.58,0.00,,,,
07/31/26 23:00:00,43.50,0.00,,,,
07/31/26 23:05:00,43.42,0.00,,,,
07/31/26 23:10:00,43.35,0.00,,,,
07/31/26 23:15:00,43.27,0.00,,,,
07/31/26 23:20:00,43.19,0.00,,,,
07/31/26 23:25:00,43.19,0.00,,,,
07/31/26 23:30:00,43.11,0.00,,,,
07/31/26 23:35:00,43.04,0.00,,,,
07/31/26 23:40:00,42.96,0.00,,,,
07/31/26 23:45:00,42.96,0.00,,,,
07/31/26 23:50:00,42.81,0.00,,,,
07/31/26 23:55:00,42.81,0.00,,,,
08/01/26 00:00:00,42.73,0.00,,,,
08/01/26 00:05:00,42.57,0.00,,,,
08/01/26 00:10:00,42.57,0.00,,,,
08/01/26 00:15:00,42.57,0.00,,,,
08/01/26 00:20:00,42.50,0.00,,,,
08/01/26 00:25:00,42.42,0.00,,,,
08/01/26 00:30:00,42.50,0.00,,,,
08/01/26 00:35:00,42.42,0.00,,,,
08/01/26 00:40:00,42.50,0.00,,,,
08/01/26 00:45:00,42.42,0.00,,,,
08/01/26 00:50:00,42.42,0.00,,,,
08/01/26 00:55:00,42.50,0.00,,,,
08/01/26 01:00:00,42.42,0.00,,,,
08/01/26 01:05:00,42.34,0.00,,,,
08/01/26 01:10:00,42.27,0.00,,,,
08/01/26 01:15:00,42.42,0.00,,,,
08/01/26 01:20:00,42.50,0.00,,,,
08/01/26 01:25:00,42.50,0.00,,,,
08/01/26 01:30:00,42.50,0.00,,,,
08/01/26 01:35:00,42.42,0.00,,,,
08/01/26 01:40:00,42.42,0.00,,,,
08/01/26 01:45:00,42.42,0.00,,,,
08/01/26 01:50:00,42.42,0.00,,,,
08/01/26 01:55:00,42.50,0.00,,,,
08/01/26 02:00:00,42.50,0.00,,,,
08/01/26 02:05:00,42.42,0.00,,,,
08/01/26 02:10:00,42.50,0.00,,,,
08/01/26 02:15:00,42.42,0.00,,,,
08/01/26 02:20:00,42.50,0.00,,,,
08/01/26 02:25:00,42.50,0.00,,,,
08/01/26 02:30:00,42.57,0.00,,,,
08/01/26 02:35:00,42.81,0.00,,,,
08/01/26 02:40:00,42.73,0.00,,,,
08/01/26 02:45:00,42.73,0.00,,,,
08/01/26 02:50:00,42.57,0.00,,,,
08/01/26 02:55:00,42.50,0.00,,,,
08/01/26 03:00:00,42.50,0.00,,,,
08/01/26 03:05:00,42.50,0.00,,,,
08/01/26 03:10:00,42.50,0.00,,,,
08/01/26 03:15:00,42.42,0.00,,,,
08/01/26 03:20:00,42.50,0.00,,,,
08/01/26 03:25:00,42.57,0.00,,,,
08/01/26 03:30:00,42.65,0.00,,,,
08/01/26 03:35:00,42.81,0.00,,,,
08/01/26 03:40:00,42.88,0.00,,,,
08/01/26 03:45:00,42.81,0.00,,,,
08/01/26 03:50:00,42.81,0.00,,,,
08/01/26 03:55:00,42.65,0.00,,,,
08/01/26 04:00:00,42.65,0.00,,,,
08/01/26 04:05:00,42.65,0.00,,,,
08/01/26 04:10:00,42.65,0.00,,,,
08/01/26 04:15:00,42.65,0.00,,,,
08/01/26 04:20:00,42.50,0.00,,,,
08/01/26 04:25:00,42.42,0.00,,,,
08/01/26 04:30:00,42.50,0.00,,,,
08/01/26 04:35:00,42.42,0.00,,,,
08/01/26 04:40:00,42.42,0.00,,,,
08/01/26 04:45:00,42.34,0.00,,,,
08/01/26 04:50:00,42.34,0.00,,,,
08/01/26 04:55:00,42.34,0.00,,,,
08/01/26 05:00:00,42.42,0.00,,,,
08/01/26 05:05:00,42.27,0.00,,,,
08/01/26 05:10:00,42.34,0.00,,,,
08/01/26 05:15:00,42.27,0.00,,,,
08/01/26 05:20:00,42.27,0.00,,,,
08/01/26 05:25:00,42.27,0.00,,,,
08/01/26 05:30:00,42.19,0.00,,,,
08/01/26 05:35:00,42.27,0.00,,,,
08/01/26 05:40:00,42.27,0.02,,,,
08/01/26 05:45:00,42.34,0.63,,,,
08/01/26 05:50:00,42.27,0.61,,,,
08/01/26 05:55:00,42.19,0.77,,,,
08/01/26 06:00:00,42.19,0.81,,,,
08/01/26 06:05:00,42.11,0.85,,,,
08/01/26 06:10:00,42.11,1.13,,,,
08/01/26 06:15:00,42.11,1.17,,,,
08/01/26 06:20:00,42.34,1.21,,,,
08/01/26 06:25:00,42.57,0.95,,,,
08/01/26 06:30:00,42.73,1.25,,,,
08/01/26 06:35:00,42.81,1.69,,,,
08/01/26 06:40:00,43.11,1.86,,,,
08/01/26 06:45:00,43.58,2.43,,,,
08/01/26 06:50:00,43.96,2.83,,,,
08/01/26 06:55:00,44.50,2.35,,,,
08/01/26 07:00:00,45.05,1.90,,,,
08/01/26 07:05:00,45.12,1.81,,,,
08/01/26 07:10:00,45.12,1.65,,,,
08/01/26 07:15:00,45.20,1.42,,,,
08/01/26 07:20:00,45.05,1.41,,,,
08/01/26 07:25:00,44.89,1.34,,,,
08/01/26 07:30:00,44.97,1.53,,,,
08/01/26 07:35:00,44.89,1.34,,,,
08/01/26 07:40:00,44.97,1.26,,,,
08/01/26 07:45:00,45.05,1.38,,,,
08/01/26 07:50:00,45.20,1.38,,,,
08/01/26 07:55:00,45.35,1.81,,,,
08/01/26 08:00:00,45.59,1.73,,,,
08/01/26 08:05:00,45.74,2.13,,,,
08/01/26 08:10:00,46.05,1.98,,,,
08/01/26 08:15:00,46.28,2.26,,,,
08/01/26 08:20:00,46.74,2.50,,,,
08/01/26 08:25:00,47.13,2.67,,,,
08/01/26 08:30:00,47.59,3.47,,,,
08/01/26 08:35:00,48.29,4.69,,,,
08/01/26 08:40:00,49.29,5.18,,,,
08/01/26 08:45:00,50.22,5.18,,,,
08/01/26 08:50:00,51.07,5.17,,,,
08/01/26 08:55:00,51.76,4.94,,,,
08/01/26 09:00:00,52.54,4.56,,,,
08/01/26 09:05:00,52.92,5.34,,,,
08/01/26 09:10:00,53.46,5.65,,,,
08/01/26 09:15:00,54.16,5.18,,,,
08/01/26 09:20:00,54.78,6.30,,,,
08/01/26 09:25:00,55.55,5.74,,,,
08/01/26 09:30:00,56.24,5.10,,,,
08/01/26 09:35:00,56.47,4.85,,,,
08/01/26 09:40:00,56.63,5.10,,,,
08/01/26 09:45:00,56.32,4.41,,,,
08/01/26 09:50:00,56.24,4.94,,,,
08/01/26 09:55:00,56.55,5.83,,,,
08/01/26 10:00:00,57.25,5.67,,,,
08/01/26 10:05:00,57.94,8.50,,,,
08/01/26 10:10:00,59.64,6.10,,,,
08/01/26 10:15:00,62.81,8.65,,,,
08/01/26 10:20:00,64.89,8.01,,,,
08/01/26 10:25:00,65.59,6.54,,,,
08/01/26 10:30:00,65.66,7.20,,,,
08/01/26 10:35:00,65.20,6.84,,,,
08/01/26 10:40:00,64.58,7.19,,,,
08/01/26 10:45:00,64.58,6.87,,,,
08/01/26 10:50:00,64.74,7.19,,,,
08/01/26 10:55:00,64.74,7.19,,,,
08/01/26 11:00:00,64.89,7.67,,,,
08/01/26 11:05:00,65.51,10.69,,,,
08/01/26 11:10:00,66.82,8.47,,,,
08/01/26 11:15:00,67.98,7.73,,,,
08/01/26 11:20:00,68.44,9.91,,,,
08/01/26 11:25:00,68.67,6.84,,,,
08/01/26 11:30:00,68.60,7.32,,,,
08/01/26 11:35:00,68.21,5.87,,,,
08/01/26 11:40:00,67.75,8.35,,,,
08/01/26 11:45:00,68.21,5.54,,,,
08/01/26 11:50:00,68.52,16.45,,,,
08/01/26 11:55:00,69.37,9.80,,,,
08/01/26 12:00:00,70.37,13.33,,,,
08/01/26 12:05:00,71.45,12.84,,,,
08/01/26 12:10:00,72.54,12.85,,,,
08/01/26 12:15:00,73.15,13.57,,,,
08/01/26 12:20:00,73.54,13.42,,,,
08/01/26 12:25:00,73.54,13.58,,,,
08/01/26 12:30:00,74.08,15.51,,,,
08/01/26 12:35:00,74.85,5.48,,,,
08/01/26 12:40:00,73.93,4.30,,,,
08/01/26 12:45:00,72.69,5.19,,,,
08/01/26 12:50:00,71.38,7.25,,,,
08/01/26 12:55:00,70.76,7.09,,,,
08/01/26 13:00:00,70.45,6.78,,,,
08/01/26 13:05:00,70.37,6.46,,,,
08/01/26 13:10:00,70.45,6.78,,,,
08/01/26 13:15:00,70.68,9.51,,,,
08/01/26 13:20:00,71.69,8.38,,,,
08/01/26 13:25:00,72.61,8.53,,,,
08/01/26 13:30:00,73.08,10.23,,,,
08/01/26 13:35:00,74.08,13.04,,,,
08/01/26 13:40:00,75.47,14.16,,,,
08/01/26 13:45:00,76.94,8.31,,,,
08/01/26 13:50:00,77.40,8.23,,,,
08/01/26 13:55:00,76.94,8.22,,,,
08/01/26 14:00:00,76.55,8.31,,,,
08/01/26 14:05:00,76.09,8.47,,,,
08/01/26 14:10:00,75.93,8.22,,,,
08/01/26 14:15:00,75.55,7.34,,,,
08/01/26 14:20:00,75.24,8.14,,,,
08/01/26 14:25:00,75.16,7.90,,,,
08/01/26 14:30:00,75.32,10.29,,,,
08/01/26 14:35:00,75.86,9.18,,,,
08/01/26 14:40:00,76.55,6.37,,,,
08/01/26 14:45:00,76.63,3.20,,,,
08/01/26 14:50:00,75.93,3.55,,,,
08/01/26 14:55:00,75.55,6.47,,,,
08/01/26 15:00:00,75.62,2.92,,,,
08/01/26 15:05:00,75.78,2.27,,,,
08/01/26 15:10:00,76.17,5.10,,,,
08/01/26 15:15:00,76.94,4.96,,,,
08/01/26 15:20:00,77.56,5.09,,,,
08/01/26 15:25:00,78.10,4.32,,,,
08/01/26 15:30:00,77.86,1.78,,,,
08/01/26 15:35:00,77.01,4.08,,,,
08/01/26 15:40:00,76.71,3.96,,,,
08/01/26 15:45:00,76.55,3.80,,,,
08/01/26 15:50:00,76.55,3.72,,,,
08/01/26 15:55:00,76.55,2.65,,,,
08/01/26 16:00:00,75.78,2.12,,,,
08/01/26 16:05:00,75.16,3.72,,,,
08/01/26 16:10:00,74.70,3.28,,,,
08/01/26 16:15:00,74.39,3.60,,,,
08/01/26 16:20:00,74.16,2.25,,,,
08/01/26 16:25:00,74.00,2.17,,,,
08/01/26 16:30:00,73.93,2.13,,,,
08/01/26 16:35:00,73.93,2.08,,,,
08/01/26 16:40:00,74.08,6.52,,,,
08/01/26 16:45:00,74.08,1.21,,,,
08/01/26 16:50:00,73.46,0.92,,,,
08/01/26 16:55:00,72.54,0.87,,,,
08/01/26 17:00:00,71.45,0.69,,,,
08/01/26 17:05:00,70.45,0.54,,,,
08/01/26 17:10:00,69.52,0.50,,,,
08/01/26 17:15:00,68.75,0.43,,,,
08/01/26 17:20:00,67.90,0.41,,,,
08/01/26 17:25:00,66.82,0.48,,,,
08/01/26 17:30:00,66.28,0.00,,,,
08/01/26 17:35:00,65.66,0.00,,,,
08/01/26 17:40:00,64.97,0.00,,,,
08/01/26 17:45:00,64.20,0.00,,,,
08/01/26 17:50:00,63.27,0.00,,,,
08/01/26 17:55:00,62.73,0.00,,,,
08/01/26 18:00:00,62.57,0.00,,,,
08/01/26 18:05:00,62.88,0.00,,,,
08/01/26 18:10:00,63.50,1.01,,,,
08/01/26 18:15:00,65.12,1.11,,,,
08/01/26 18:20:00,66.98,0.02,,,,
08/01/26 18:25:00,67.67,0.00,,,,
08/01/26 18:30:00,67.83,0.00,,,,
08/01/26 18:35:00,67.67,0.00,,,,
08/01/26 18:40:00,67.59,0.00,,,,
08/01/26 18:45:00,67.52,0.00,,,,
08/01/26 18:50:00,67.59,0.00,,,,
08/01/26 18:55:00,67.59,0.00,,,,
08/01/26 19:00:00,67.59,0.00,,,,
08/01/26 19:05:00,67.59,0.02,,,,
08/01/26 19:10:00,67.52,0.02,,,,
08/01/26 19:15:00,67.52,0.02,,,,
08/01/26 19:20:00,67.36,0.02,,,,
08/01/26 19:25:00,67.28,0.02,,,,
08/01/26 19:30:00,67.28,0.02,,,,
08/01/26 19:35:00,67.13,0.02,,,,
08/01/26 19:40:00,66.82,0.00,,,,
08/01/26 19:45:00,66.67,0.00,,,,
08/01/26 19:50:00,66.59,0.00,,,,
08/01/26 19:55:00,66.44,0.00,,,,
08/01/26 20:00:00,66.28,0.00,,,,
08/01/26 20:05:00,66.13,0.00,,,,
08/01/26 20:10:00,66.05,0.00,,,,
08/01/26 20:15:00,65.89,0.00,,,,
08/01/26 20:20:00,65.82,0.00,,,,
08/01/26 20:25:00,65.74,0.00,,,,
08/01/26 20:30:00,65.59,0.00,,,,
08/01/26 20:35:00,65.51,0.00,,,,
08/01/26 20:40:00,65.51,0.00,,,,
08/01/26 20:45:00,65.43,0.00,,,,
08/01/26 20:50:00,65.28,0.00,,,,
08/01/26 20:55:00,65.20,0.00,,,,
08/01/26 21:00:00,65.12,0.00,,,,
08/01/26 21:05:00,65.12,0.00,,,,
08/01/26 21:10:00,65.05,0.00,,,,
08/01/26 21:15:00,65.12,0.00,,,,
08/01/26 21:20:00,64.97,0.00,,,,
08/01/26 21:25:00,64.89,0.00,,,,
08/01/26 21:30:00,64.81,0.00,,,,
08/01/26 21:35:00,64.74,0.00,,,,
08/01/26 21:40:00,64.66,0.00,,,,
08/01/26 21:45:00,64.58,0.00,,,,
08/01/26 21:50:00,64.50,0.00,,,,
08/01/26 21:55:00,64.43,0.00,,,,
08/01/26 22:00:00,64.35,0.00,,,,
08/01/26 22:05:00,64.35,0.00,,,,
08/01/26 22:10:00,64.35,0.00,,,,
08/01/26 22:15:00,64.27,0.00,,,,
08/01/26 22:20:00,64.20,0.00,,,,
08/01/26 22:25:00,64.12,0.00,,,,
08/01/26 22:30:00,64.04,0.00,,,,
08/01/26 22:35:00,64.04,0.00,,,,
08/01/26 22:40:00,63.96,0.00,,,,
08/01/26 22:45:00,63.96,0.00,,,,
08/01/26 22:50:00,63.89,0.00,,,,
08/01/26 22:55:00,63.89,0.00,,,,
08/01/26 23:00:00,63.73,0.00,,,,
08/01/26 23:05:00,63.73,0.00,,,,
08/01/26 23:10:00,63.58,0.00,,,,
08/01/26 23:15:00,63.66,0.00,,,,
08/01/26 23:20:00,63.58,0.00,,,,
08/01/26 23:25:00,63.50,0.00,,,,
08/01/26 23:30:00,63.50,0.00,,,,
08/01/26 23:35:00,63.50,0.00,,,,
08/01/26 23:40:00,63.42,0.00,,,,
08/01/26 23:45:00,63.42,0.00,,,,
08/01/26 23:50:00,63.42,0.00,,,,
08/01/26 23:55:00,63.42,0.00,,,,
08/02/26 00:00:00,63.50,0.00,,,,
08/02/26 00:05:00,63.42,0.00,,,,
08/02/26 00:10:00,63.42,0.00,,,,
08/02/26 00:15:00,63.42,0.00,,,,
08/02/26 00:20:00,63.42,0.00,,,,
08/02/26 00:25:00,63.35,0.00,,,,
08/02/26 00:30:00,63.42,0.00,,,,
08/02/26 00:35:00,63.42,0.00,,,,
08/02/26 00:40:00,63.42,0.00,,,,
08/02/26 00:45:00,63.35,0.00,,,,
08/02/26 00:50:00,63.42,0.00,,,,
08/02/26 00:55:00,63.42,0.00,,,,
08/02/26 01:00:00,63.35,0.00,,,,
08/02/26 01:05:00,63.35,0.00,,,,
08/02/26 01:10:00,63.35,0.00,,,,
08/02/26 01:15:00,63.27,0.00,,,,
08/02/26 01:20:00,63.27,0.00,,,,
08/02/26 01:25:00,63.35,0.00,,,,
08/02/26 01:30:00,63.35,0.00,,,,
08/02/26 01:35:00,63.27,0.00,,,,
08/02/26 01:40:00,63.35,0.00,,,,
08/02/26 01:45:00,63.27,0.00,,,,
08/02/26 01:50:00,63.27,0.00,,,,
08/02/26 01:55:00,63.19,0.00,,,,
08/02/26 02:00:00,63.19,0.00,,,,
08/02/26 02:05:00,63.27,0.00,,,,
08/02/26 02:10:00,63.19,0.00,,,,
08/02/26 02:15:00,63.11,0.00,,,,
08/02/26 02:20:00,63.11,0.00,,,,
08/02/26 02:25:00,63.11,0.00,,,,
08/02/26 02:30:00,63.11,0.00,,,,
08/02/26 02:35:00,63.04,0.00,,,,
08/02/26 02:40:00,63.04,0.00,,,,
08/02/26 02:45:00,62.96,0.00,,,,
08/02/26 02:50:00,62.88,0.00,,,,
08/02/26 02:55:00,62.96,0.00,,,,
08/02/26 03:00:00,62.96,0.00,,,,
08/02/26 03:05:00,62.88,0.00,,,,
08/02/26 03:10:00,62.88,0.00,,,,
08/02/26 03:15:00,62.81,0.00,,,,
08/02/26 03:20:00,62.81,0.00,,,,
08/02/26 03:25:00,62.81,0.00,,,,
08/02/26 03:30:00,62.65,0.00,,,,
08/02/26 03:35:00,62.73,0.00,,,,
08/02/26 03:40:00,62.73,0.00,,,,
08/02/26 03:45:00,62.73,0.00,,,,
08/02/26 03:50:00,62.65,0.00,,,,
08/02/26 03:55:00,62.57,0.00,,,,
08/02/26 04:00:00,62.57,0.00,,,,
08/02/26 04:05:00,62.57,0.00,,,,
08/02/26 04:10:00,62.57,0.00,,,,
08/02/26 04:15:00,62.57,0.00,,,,
08/02/26 04:20:00,62.50,0.00,,,,
08/02/26 04:25:00,62.50,0.00,,,,
08/02/26 04:30:00,62.50,0.00,,,,
08/02/26 04:35:00,62.50,0.00,,,,
08/02/26 04:40:00,62.42,0.00,,,,
08/02/26 04:45:00,62.42,0.00,,,,
08/02/26 04:50:00,62.42,0.00,,,,
08/02/26 04:55:00,62.27,0.00,,,,
08/02/26 05:00:00,62.34,0.00,,,,
08/02/26 05:05:00,62.19,0.00,,,,
08/02/26 05:10:00,62.27,0.00,,,,
08/02/26 05:15:00,62.34,0.00,,,,
08/02/26 05:20:00,62.19,0.00,,,,
08/02/26 05:25:00,62.19,0.00,,,,
08/02/26 05:30:00,62.19,0.00,,,,
08/02/26 05:35:00,62.19,0.00,,,,
08/02/26 05:40:00,62.11,0.00,,,,
08/02/26 05:45:00,62.19,0.00,,,,
08/02/26 05:50:00,62.19,0.00,,,,
08/02/26 05:55:00,62.03,0.00,,,,
08/02/26 06:00:00,62.11,0.00,,,,
08/02/26 06:05:00,62.03,0.00,,,,
08/02/26 06:10:00,62.03,0.00,,,,
08/02/26 06:15:00,62.03,0.00,,,,
08/02/26 06:20:00,61.96,0.00,,,,
08/02/26 06:25:00,61.80,0.00,,,,
08/02/26 06:30:00,61.80,0.00,,,,
08/02/26 06:35:00,61.72,0.00,,,,
08/02/26 06:40:00,61.65,0.00,,,,
08/02/26 06:45:00,61.65,0.00,,,,
08/02/26 06:50:00,61.49,0.00,,,,
08/02/26 06:55:00,61.49,0.00,,,,
08/02/26 07:00:00,61.49,0.00,,,,
08/02/26 07:05:00,61.42,0.00,,,,
08/02/26 07:10:00,61.34,0.00,,,,
08/02/26 07:15:00,61.42,0.00,,,,
08/02/26 07:20:00,61.34,0.00,,,,
08/02/26 07:25:00,61.34,0.00,,,,
08/02/26 07:30:00,61.34,0.00,,,,
08/02/26 07:35:00,61.26,0.00,,,,
08/02/26 07:40:00,61.26,0.00,,,,
08/02/26 07:45:00,61.26,0.00,,,,
08/02/26 07:50:00,61.26,0.00,,,,
08/02/26 07:55:00,61.26,0.00,,,,
08/02/26 08:00:00,61.34,0.00,,,,
08/02/26 08:05:00,61.26,0.00,,,,
08/02/26 08:10:00,61.26,0.00,,,,
08/02/26 08:15:00,61.26,0.00,,,,
08/02/26 08:20:00,61.18,0.00,,,,
08/02/26 08:25:00,61.26,0.00,,,,
08/02/26 08:30:00,61.26,0.00,,,,
08/02/26 08:35:00,61.26,0.00,,,,
08/02/26 08:40:00,61.34,0.00,,,,
08/02/26 08:45:00,61.26,0.00,,,,
08/02/26 08:50:00,61.42,0.00,,,,
08/02/26 08:55:00,61.42,0.00,,,,
08/02/26 09:00:00,61.42,0.00,,,,
08/02/26 09:05:00,61.42,0.00,,,,
08/02/26 09:10:00,61.49,0.00,,,,
08/02/26 09:15:00,61.42,0.00,,,,
08/02/26 09:20:00,61.42,0.00,,,,
08/02/26 09:25:00,61.49,0.00,,,,
08/02/26 09:30:00,61.57,0.00,,,,
08/02/26 09:35:00,61.49,0.00,,,,
08/02/26 09:40:00,61.57,0.00,,,,
08/02/26 09:45:00,61.57,0.00,,,,
08/02/26 09:50:00,61.65,0.00,,,,
08/02/26 09:55:00,61.72,0.00,,,,
08/02/26 10:00:00,61.80,0.02,,,,
08/02/26 10:05:00,61.80,0.02,,,,
08/02/26 10:10:00,61.88,0.02,,,,
08/02/26 10:15:00,61.80,0.02,,,,
08/02/26 10:20:00,61.88,0.00,,,,
08/02/26 10:25:00,62.03,0.04,,,,
08/02/26 10:30:00,61.96,0.02,,,,
08/02/26 10:35:00,61.96,0.02,,,,
08/02/26 10:40:00,62.11,0.04,,,,
08/02/26 10:45:00,62.11,0.04,,,,
08/02/26 10:50:00,62.03,0.00,,,,
08/02/26 10:55:00,62.19,0.04,,,,
08/02/26 11:00:00,62.19,0.04,,,,
08/02/26 11:05:00,62.19,0.02,,,,
08/02/26 11:10:00,62.27,0.04,,,,
08/02/26 11:15:00,62.57,0.99,,,,
08/02/26 11:20:00,63.27,0.79,,,,
08/02/26 11:25:00,64.27,0.73,,,,
08/02/26 11:30:00,65.05,0.26,,,,
08/02/26 11:35:00,65.66,0.22,,,,
08/02/26 11:40:00,66.13,0.26,,,,
08/02/26 11:45:00,66.67,0.24,,,,
08/02/26 11:50:00,67.05,0.28,,,,
08/02/26 11:55:00,67.52,0.00,,,,
08/02/26 12:00:00,67.90,0.30,,,,
08/02/26 12:05:00,68.44,0.40,,,,
08/02/26 12:10:00,68.91,0.38,,,,
08/02/26 12:15:00,69.14,0.27,,,,
08/02/26 12:20:00,69.29,0.26,,,,
08/02/26 12:25:00,69.29,0.28,,,,
08/02/26 12:30:00,69.22,0.28,,,,
08/02/26 12:35:00,69.06,0.26,,,,
08/02/26 12:40:00,69.06,0.24,,,,
08/02/26 12:45:00,69.14,0.00,,,,
08/02/26 12:50:00,68.91,0.00,,,,
08/02/26 12:55:00,68.83,0.00,,,,
08/02/26 13:00:00,68.75,0.00,,,,
08/02/26 13:05:00,68.67,0.00,,,,
08/02/26 13:10:00,68.75,0.00,,,,
08/02/26 13:15:00,68.67,0.00,,,,
08/02/26 13:20:00,68.52,0.00,,,,
08/02/26 13:25:00,68.44,0.00,,,,
08/02/26 13:30:00,68.29,0.00,,,,
08/02/26 13:35:00,68.21,0.00,,,,
08/02/26 13:40:00,68.06,0.00,,,,
08/02/26 13:45:00,68.13,0.00,,,,
08/02/26 13:50:00,68.21,0.00,,,,
08/02/26 13:55:00,68.29,0.00,,,,
08/02/26 14:00:00,68.21,0.00,,,,
08/02/26 14:05:00,68.37,0.00,,,,
08/02/26 14:10:00,68.44,0.00,,,,
08/02/26 14:15:00,68.60,0.00,,,,
08/02/26 14:20:00,68.75,0.00,,,,
08/02/26 14:25:00,68.98,0.00,,,,
08/02/26 14:30:00,69.06,0.00,,,,
08/02/26 14:35:00,69.06,0.00,,,,
08/02/26 14:40:00,69.06,0.00,,,,
08/02/26 14:45:00,69.06,0.00,,,,
08/02/26 14:50:00,69.14,0.00,,,,
08/02/26 14:55:00,69.14,0.00,,,,
08/02/26 15:00:00,69.22,0.00,,,,
08/02/26 15:05:00,69.29,0.00,,,,
08/02/26 15:10:00,69.29,0.00,,,,
08/02/26 15:15:00,69.37,0.00,,,,
08/02/26 15:20:00,69.37,0.00,,,,
08/02/26 15:25:00,69.29,0.00,,,,
08/02/26 15:30:00,69.29,0.00,,,,
08/02/26 15:35:00,69.06,0.00,,,,
08/02/26 15:40:00,69.06,0.00,,,,
08/02/26 15:45:00,69.14,0.00,,,,
08/02/26 15:50:00,68.98,0.00,,,,
08/02/26 15:55:00,68.98,0.00,,,,
08/02/26 16:00:00,68.91,0.00,,,,
08/02/26 16:05:00,68.83,0.00,,,,
08/02/26 16:10:00,68.91,0.00,,,,
08/02/26 16:15:00,68.75,0.00,,,,
08/02/26 16:20:00,68.75,0.00,,,,
08/02/26 16:25:00,68.67,0.00,,,,
08/02/26 16:30:00,68.67,0.00,,,,
08/02/26 16:35:00,68.67,0.00,,,,
08/02/26 16:40:00,68.60,0.00,,,,
08/02/26 16:45:00,68.60,0.00,,,,
08/02/26 16:50:00,68.52,0.00,,,,
08/02/26 16:55:00,68.52,0.00,,,,
08/02/26 17:00:00,68.44,0.00,,,,
08/02/26 17:05:00,68.44,0.00,,,,
08/02/26 17:10:00,68.44,0.00,,,,
08/02/26 17:15:00,68.44,0.00,,,,
08/02/26 17:20:00,68.21,0.00,,,,
08/02/26 17:25:00,68.21,0.00,,,,
08/02/26 17:30:00,68.21,0.00,,,,
08/02/26 17:35:00,68.13,0.00,,,,
08/02/26 17:40:00,68.06,0.00,,,,
08/02/26 17:45:00,68.13,0.00,,,,
08/02/26 17:50:00,68.13,0.00,,,,
08/02/26 17:55:00,67.98,0.00,,,,
08/02/26 18:00:00,67.98,0.00,,,,
08/02/26 18:05:00,67.90,0.00,,,,
08/02/26 18:10:00,67.83,0.00,,,,
08/02/26 18:15:00,67.83,0.00,,,,
08/02/26 18:20:00,67.83,0.00,,,,
08/02/26 18:25:00,67.75,0.00,,,,
08/02/26 18:30:00,67.67,0.00,,,,
08/02/26 18:35:00,67.67,0.00,,,,
08/02/26 18:40:00,67.59,0.00,,,,
08/02/26 18:45:00,67.59,0.00,,,,
08/02/26 18:50:00,67.67,0.00,,,,
08/02/26 18:55:00,67.52,0.00,,,,
08/02/26 19:00:00,67.52,0.00,,,,
08/02/26 19:05:00,67.44,0.00,,,,
08/02/26 19:10:00,67.44,0.00,,,,
08/02/26 19:15:00,67.36,0.00,,,,
08/02/26 19:20:00,67.21,0.00,,,,
08/02/26 19:25:00,67.28,0.00,,,,
08/02/26 19:30:00,67.21,0.00,,,,
08/02/26 19:35:00,67.21,0.00,,,,
08/02/26 19:40:00,67.21,0.00,,,,
08/02/26 19:45:00,67.13,0.00,,,,
08/02/26 19:50:00,67.21,0.00,,,,
08/02/26 19:55:00,67.13,0.00,,,,
08/02/26 20:00:00,67.13,0.00,,,,
08/02/26 20:05:00,67.05,0.00,,,,
08/02/26 20:10:00,67.05,0.00,,,,
08/02/26 20:15:00,66.98,0.00,,,,
08/02/26 20:20:00,66.98,0.00,,,,
08/02/26 20:25:00,66.90,0.00,,,,
08/02/26 20:30:00,66.59,0.00,,,,
08/02/26 20:35:00,66.51,0.00,,,,
08/02/26 20:40:00,66.44,0.00,,,,
08/02/26 20:45:00,66.28,0.00,,,,
08/02/26 20:50:00,66.20,0.00,,,,
08/02/26 20:55:00,65.97,0.00,,,,
08/02/26 21:00:00,65.74,0.00,,,,
08/02/26 21:05:00,65.66,0.00,,,,
08/02/26 21:10:00,65.35,0.00,,,,
08/02/26 21:15:00,65.20,0.00,,,,
08/02/26 21:20:00,65.05,0.00,,,,
08/02/26 21:25:00,64.97,0.00,,,,
08/02/26 21:30:00,64.97,0.00,,,,
08/02/26 21:35:00,64.81,0.00,,,,
08/02/26 21:40:00,64.81,0.00,,,,
08/02/26 21:45:00,64.97,0.00,,,,
08/02/26 21:50:00,65.05,0.00,,,,
08/02/26 21:55:00,65.20,0.00,,,,
08/02/26 22:00:00,65.20,0.00,,,,
08/02/26 22:05:00,65.20,0.00,,,,
08/02/26 22:10:00,65.12,0.00,,,,
08/02/26 22:15:00,65.05,0.00,,,,
08/02/26 22:20:00,65.05,0.00,,,,
08/02/26 22:25:00,65.05,0.00,,,,
08/02/26 22:30:00,65.12,0.00,,,,
08/02/26 22:35:00,65.28,0.00,,,,
08/02/26 22:40:00,65.35,0.00,,,,
08/02/26 22:45:00,65.43,0.00,,,,
08/02/26 22:50:00,65.66,0.00,,,,
08/02/26 22:55:00,65.66,0.00,,,,
08/02/26 23:00:00,65.82,0.00,,,,
08/02/26 23:05:00,65.82,0.00,,,,
08/02/26 23:10:00,65.97,0.00,,,,
08/02/26 23:15:00,66.05,0.00,,,,
08/02/26 23:20:00,66.05,0.00,,,,
08/02/26 23:25:00,66.13,0.00,,,,
08/02/26 23:30:00,66.28,0.00,,,,
08/02/26 23:35:00,66.28,0.00,,,,
08/02/26 23:40:00,66.28,0.00,,,,
08/02/26 23:45:00,66.36,0.00,,,,
08/02/26 23:50:00,66.44,0.00,,,,
08/02/26 23:55:00,66.36,0.00,,,,
08/03/26 00:00:00,66.36,0.00,,,,
08/03/26 00:05:00,66.44,0.00,,,,
08/03/26 00:10:00,66.44,0.00,,,,
08/03/26 00:15:00,66.59,0.00,,,,
08/03/26 00:20:00,66.51,0.00,,,,
08/03/26 00:25:00,66.51,0.00,,,,
08/03/26 00:30:00,66.51,0.00,,,,
08/03/26 00:35:00,66.51,0.00,,,,
08/03/26 00:40:00,66.59,0.00,,,,
08/03/26 00:45:00,66.51,0.00,,,,
08/03/26 00:50:00,66.44,0.00,,,,
08/03/26 00:55:00,66.44,0.00,,,,
08/03/26 01:00:00,66.28,0.00,,,,
08/03/26 01:05:00,66.05,0.00,,,,
08/03/26 01:10:00,65.89,0.00,,,,
08/03/26 01:15:00,65.59,0.00,,,,
08/03/26 01:20:00,65.35,0.00,,,,
08/03/26 01:25:00,65.05,0.00,,,,
08/03/26 01:30:00,64.89,0.00,,,,
08/03/26 01:35:00,64.66,0.00,,,,
08/03/26 01:40:00,64.50,0.00,,,,
08/03/26 01:45:00,64.43,0.00,,,,
08/03/26 01:50:00,64.43,0.00,,,,
08/03/26 01:55:00,64.50,0.00,,,,
08/03/26 02:00:00,64.66,0.00,,,,
08/03/26 02:05:00,64.81,0.00,,,,
08/03/26 02:10:00,64.81,0.00,,,,
08/03/26 02:15:00,64.89,0.00,,,,
08/03/26 02:20:00,65.05,0.00,,,,
08/03/26 02:25:00,65.12,0.00,,,,
08/03/26 02:30:00,65.28,0.00,,,,
08/03/26 02:35:00,65.20,0.00,,,,
08/03/26 02:40:00,65.35,0.00,,,,
08/03/26 02:45:00,65.35,0.00,,,,
08/03/26 02:50:00,65.43,0.00,,,,
08/03/26 02:55:00,65.51,0.00,,,,
08/03/26 03:00:00,65.51,0.00,,,,
08/03/26 03:05:00,65.59,0.00,,,,
08/03/26 03:10:00,65.74,0.00,,,,
08/03/26 03:15:00,65.74,0.00,,,,
08/03/26 03:20:00,65.74,0.00,,,,
08/03/26 03:25:00,65.82,0.00,,,,
08/03/26 03:30:00,65.74,0.00,,,,
08/03/26 03:35:00,65.74,0.00,,,,
08/03/26 03:40:00,65.66,0.00,,,,
08/03/26 03:45:00,65.66,0.00,,,,
08/03/26 03:50:00,65.59,0.00,,,,
08/03/26 03:55:00,65.51,0.00,,,,
08/03/26 04:00:00,65.35,0.00,,,,
08/03/26 04:05:00,65.35,0.00,,,,
08/03/26 04:10:00,65.35,0.00,,,,
08/03/26 04:15:00,65.05,0.00,,,,
08/03/26 04:20:00,64.89,0.00,,,,
08/03/26 04:25:00,64.58,0.00,,,,
08/03/26 04:30:00,64.43,0.00,,,,
08/03/26 04:35:00,64.27,0.00,,,,
08/03/26 04:40:00,63.96,0.00,,,,
08/03/26 04:45:00,63.81,0.00,,,,
08/03/26 04:50:00,63.58,0.00,,,,
08/03/26 04:55:00,63.50,0.00,,,,
08/03/26 05:00:00,63.19,0.00,,,,
08/03/26 05:05:00,63.11,0.00,,,,
08/03/26 05:10:00,63.04,0.00,,,,
08/03/26 05:15:00,62.88,0.00,,,,
08/03/26 05:20:00,62.88,0.00,,,,
08/03/26 05:25:00,62.88,0.00,,,,
08/03/26 05:30:00,62.73,0.00,,,,
08/03/26 05:35:00,62.57,0.00,,,,
08/03/26 05:40:00,62.65,0.00,,,,
08/03/26 05:45:00,62.73,0.00,,,,
08/03/26 05:50:00,62.88,0.00,,,,
08/03/26 05:55:00,63.04,0.00,,,,
08/03/26 06:00:00,63.19,0.00,,,,
08/03/26 06:05:00,63.35,0.00,,,,
08/03/26 06:10:00,63.50,0.00,,,,
08/03/26 06:15:00,63.73,0.00,,,,
08/03/26 06:20:00,63.81,0.00,,,,
08/03/26 06:25:00,63.89,0.00,,,,
08/03/26 06:30:00,63.96,0.00,,,,
08/03/26 06:35:00,64.04,0.00,,,,
08/03/26 06:40:00,64.20,0.00,,,,
08/03/26 06:45:00,64.27,0.00,,,,
08/03/26 06:50:00,64.43,0.00,,,,
08/03/26 06:55:00,64.50,0.00,,,,
08/03/26 07:00:00,64.43,0.00,,,,
08/03/26 07:05:00,64.50,0.00,,,,
08/03/26 07:10:00,64.58,0.00,,,,
08/03/26 07:15:00,64.58,0.00,,,,
08/03/26 07:20:00,64.43,0.00,,,,
08/03/26 07:25:00,64.50,0.00,,,,
08/03/26 07:30:00,64.58,0.00,,,,
08/03/26 07:35:00,64.66,0.00,,,,
08/03/26 07:40:00,64.58,0.00,,,,
08/03/26 07:45:00,64.74,0.00,,,,
08/03/26 07:50:00,64.89,0.00,,,,
08/03/26 07:55:00,64.89,0.00,,,,
08/03/26 08:00:00,64.89,0.00,,,,
08/03/26 08:05:00,65.05,0.00,,,,
08/03/26 08:10:00,65.05,0.00,,,,
08/03/26 08:15:00,65.12,0.00,,,,
08/03/26 08:20:00,65.20,0.00,,,,
08/03/26 08:25:00,65.28,0.00,,,,
08/03/26 08:30:00,65.28,0.00,,,,
08/03/26 08:35:00,65.35,0.00,,,,
08/03/26 08:40:00,65.43,0.00,,,,
08/03/26 08:45:00,65.51,0.00,,,,
08/03/26 08:50:00,65.43,0.00,,,,
08/03/26 08:55:00,65.43,0.00,,,,
08/03/26 09:00:00,65.35,0.00,,,,
08/03/26 09:05:00,65.28,0.00,,,,
08/03/26 09:10:00,65.28,0.00,,,,
08/03/26 09:15:00,65.28,0.00,,,,
08/03/26 09:20:00,65.43,0.00,,,,
08/03/26 09:25:00,65.51,0.00,,,,
08/03/26 09:30:00,65.59,0.00,,,,
08/03/26 09:35:00,65.97,0.00,,,,
08/03/26 09:40:00,65.97,0.00,,,,
08/03/26 09:45:00,65.97,0.00,,,,
08/03/26 09:50:00,65.89,0.00,,,,
08/03/26 09:55:00,66.05,0.00,,,,
08/03/26 10:00:00,66.13,0.00,,,,
08/03/26 10:05:00,66.13,0.00,,,,
08/03/26 10:10:00,66.13,0.00,,,,
08/03/26 10:15:00,66.20,0.00,,,,
08/03/26 10:20:00,66.44,0.00,,,,
08/03/26 10:25:00,66.51,0.00,,,,
08/03/26 10:30:00,66.51,0.00,,,,
08/03/26 10:35:00,66.59,0.00,,,,
08/03/26 10:40:00,66.74,0.00,,,,
08/03/26 10:45:00,66.67,0.00,,,,
08/03/26 10:50:00,66.67,0.00,,,,
08/03/26 10:55:00,66.59,0.00,,,,
08/03/26 11:00:00,66.51,0.00,,,,
08/03/26 11:05:00,66.44,0.00,,,,
08/03/26 11:10:00,66.36,0.00,,,,
08/03/26 11:15:00,66.28,0.00,,,,
08/03/26 11:20:00,66.36,0.00,,,,
08/03/26 11:25:00,66.28,0.00,,,,
08/03/26 11:30:00,66.20,0.00,,,,
08/03/26 11:35:00,66.28,0.00,,,,
08/03/26 11:40:00,66.28,0.00,,,,
08/03/26 11:45:00,66.28,0.00,,,,
08/03/26 11:50:00,66.44,0.00,,,,
08/03/26 11:55:00,66.51,0.00,,,,
08/03/26 12:00:00,66.59,0.00,,,,
08/03/26 12:05:00,66.59,0.00,,,,
08/03/26 12:10:00,66.67,0.00,,,,
08/03/26 12:15:00,66.67,0.00,,,,
08/03/26 12:20:00,66.74,0.00,,,,
08/03/26 12:25:00,66.74,0.00,,,,
08/03/26 12:30:00,66.82,0.00,,,,
08/03/26 12:35:00,66.82,0.00,,,,
08/03/26 12:40:00,66.74,0.00,,,,
08/03/26 12:45:00,66.82,0.00,,,,
08/03/26 12:50:00,66.82,0.00,,,,
08/03/26 12:55:00,66.74,0.00,,,,
08/03/26 13:00:00,66.82,0.00,,,,
08/03/26 13:05:00,66.90,0.00,,,,
08/03/26 13:10:00,66.90,0.00,,,,
08/03/26 13:15:00,66.98,0.00,,,,
08/03/26 13:20:00,67.05,0.00,,,,
08/03/26 13:25:00,67.13,0.00,,,,
08/03/26 13:30:00,67.28,0.00,,,,
08/03/26 13:35:00,67.36,0.00,,,,
08/03/26 13:40:00,67.44,0.00,,,,
08/03/26 13:45:00,67.44,0.00,,,,
08/03/26 13:50:00,67.44,0.00,,,,
08/03/26 13:55:00,67.52,0.00,,,,
08/03/26 14:00:00,67.52,0.00,,,,
08/03/26 14:05:00,67.59,0.00,,,,
08/03/26 14:10:00,67.67,0.00,,,,
08/03/26 14:15:00,67.67,0.00,,,,
08/03/26 14:20:00,67.59,0.00,,,,
08/03/26 14:25:00,67.75,0.00,,,,
08/03/26 14:30:00,67.67,0.00,,,,
08/03/26 14:35:00,67.75,0.00,,,,
08/03/26 14:40:00,67.75,0.00,,,,
08/03/26 14:45:00,67.67,0.00,,,,
08/03/26 14:50:00,67.59,0.00,,,,
08/03/26 14:55:00,67.67,0.00,,,,
08/03/26 15:00:00,67.90,0.00,,,,
08/03/26 15:05:00,67.90,0.00,,,,
08/03/26 15:10:00,68.13,0.00,,,,
08/03/26 15:15:00,68.13,0.00,,,,
08/03/26 15:20:00,68.29,0.00,,,,
08/03/26 15:25:00,68.29,0.00,,,,
08/03/26 15:30:00,68.44,0.00,,,,
08/03/26 15:35:00,68.44,0.00,,,,
08/03/26 15:40:00,68.44,0.00,,,,
08/03/26 15:45:00,68.52,0.00,,,,
08/03/26 15:50:00,68.52,0.00,,,,
08/03/26 15:55:00,68.52,0.00,,,,
08/03/26 16:00:00,68.44,0.00,,,,
08/03/26 16:05:00,68.29,0.00,,,,
08/03/26 16:10:00,68.29,0.00,,,,
08/03/26 16:15:00,68.13,0.00,,,,
08/03/26 16:20:00,68.13,0.00,,,,
08/03/26 16:25:00,68.13,0.00,,,,
08/03/26 16:30:00,68.06,0.00,,,,
08/03/26 16:35:00,68.13,0.00,,,,
08/03/26 16:40:00,68.29,0.00,,,,
08/03/26 16:45:00,68.29,0.00,,,,
08/03/26 16:50:00,68.21,0.00,,,,
08/03/26 16:55:00,68.06,0.00,,,,
08/03/26 17:00:00,68.06,0.00,,,,
08/03/26 17:05:00,67.98,0.00,,,,
08/03/26 17:10:00,67.83,0.00,,,,
08/03/26 17:15:00,67.75,0.00,,,,
08/03/26 17:20:00,67.67,0.00,,,,
08/03/26 17:25:00,67.75,0.00,,,,
08/03/26 17:30:00,67.67,0.00,,,,
08/03/26 17:35:00,67.59,0.00,,,,
08/03/26 17:40:00,67.59,0.00,,,,
08/03/26 17:45:00,67.52,0.00,,,,
08/03/26 17:50:00,67.52,0.00,,,,
08/03/26 17:55:00,67.52,0.00,,,,
08/03/26 18:00:00,67.52,0.00,,,,
08/03/26 18:05:00,67.52,0.00,,,,
08/03/26 18:10:00,67.52,0.00,,,,
08/03/26 18:15:00,67.36,0.00,,,,
08/03/26 18:20:00,67.44,0.00,,,,
08/03/26 18:25:00,67.36,0.00,,,,
08/03/26 18:30:00,67.21,0.00,,,,
08/03/26 18:35:00,67.05,0.00,,,,
08/03/26 18:40:00,67.05,0.00,,,,
08/03/26 18:45:00,66.90,0.00,,,,
08/03/26 18:50:00,66.90,0.00,,,,
08/03/26 18:55:00,66.82,0.00,,,,
08/03/26 19:00:00,66.74,0.00,,,,
08/03/26 19:05:00,66.82,0.00,,,,
08/03/26 19:10:00,66.67,0.00,,,,
08/03/26 19:15:00,66.67,0.00,,,,
08/03/26 19:20:00,66.67,0.00,,,,
08/03/26 19:25:00,66.59,0.00,,,,
08/03/26 19:30:00,66.36,0.00,,,,
08/03/26 19:35:00,65.89,0.00,,,,
08/03/26 19:40:00,65.28,0.00,,,,
08/03/26 19:45:00,64.81,0.00,,,,
08/03/26 19:50:00,64.27,0.00,,,,
08/03/26 19:55:00,63.81,0.00,,,,
08/03/26 20:00:00,63.35,0.00,,,,
08/03/26 20:05:00,62.88,0.00,,,,
08/03/26 20:10:00,62.57,0.00,,,,
08/03/26 20:15:00,62.11,0.00,,,,
08/03/26 20:20:00,61.65,0.00,,,,
08/03/26 20:25:00,61.26,0.00,,,,
08/03/26 20:30:00,60.95,0.00,,,,
08/03/26 20:35:00,60.57,0.00,,,,
08/03/26 20:40:00,60.26,0.00,,,,
08/03/26 20:45:00,59.95,0.00,,,,
08/03/26 20:50:00,59.64,0.00,,,,
08/03/26 20:55:00,59.33,0.00,,,,
08/03/26 21:00:00,59.18,0.00,,,,
08/03/26 21:05:00,58.79,0.00,,,,
08/03/26 21:10:00,58.56,0.00,,,,
08/03/26 21:15:00,58.33,0.00,,,,
08/03/26 21:20:00,58.02,0.00,,,,
08/03/26 21:25:00,57.94,0.00,,,,
08/03/26 21:30:00,57.79,0.00,,,,
08/03/26 21:35:00,57.56,0.00,,,,
08/03/26 21:40:00,57.32,0.00,,,,
08/03/26 21:45:00,57.17,0.00,,,,
08/03/26 21:50:00,57.01,0.00,,,,
08/03/26 21:55:00,56.78,0.00,,,,
08/03/26 22:00:00,56.63,0.00,,,,
08/03/26 22:05:00,56.47,0.00,,,,
08/03/26 22:10:00,56.40,0.00,,,,
08/03/26 22:15:00,56.24,0.00,,,,
08/03/26 22:20:00,56.09,0.00,,,,
08/03/26 22:25:00,55.86,0.00,,,,
08/03/26 22:30:00,55.86,0.00,,,,
08/03/26 22:35:00,55.78,0.00,,,,
08/03/26 22:40:00,55.47,0.00,,,,
08/03/26 22:45:00,55.47,0.00,,,,
08/03/26 22:50:00,55.24,0.00,,,,
08/03/26 22:55:00,55.16,0.00,,,,
08/03/26 23:00:00,55.08,0.00,,,,
08/03/26 23:05:00,54.85,0.00,,,,
08/03/26 23:10:00,54.70,0.00,,,,
08/03/26 23:15:00,54.70,0.00,,,,
08/03/26 23:20:00,54.54,0.00,,,,
08/03/26 23:25:00,54.47,0.00,,,,
08/03/26 23:30:00,54.23,0.00,,,,
08/03/26 23:35:00,54.23,0.00,,,,
08/03/26 23:40:00,54.08,0.00,,,,
08/03/26 23:45:00,54.00,0.00,,,,
08/03/26 23:50:00,53.85,0.00,,,,
08/03/26 23:55:00,53.85,0.00,,,,
08/04/26 00:00:00,54.00,0.00,,,,
08/04/26 00:05:00,54.00,0.00,,,,
08/04/26 00:10:00,54.08,0.00,,,,
08/04/26 00:15:00,54.23,0.00,,,,
08/04/26 00:20:00,54.39,0.00,,,,
08/04/26 00:25:00,54.47,0.00,,,,
08/04/26 00:30:00,54.62,0.00,,,,
08/04/26 00:35:00,54.85,0.00,,,,
08/04/26 00:40:00,55.01,0.00,,,,
08/04/26 00:45:00,55.32,0.00,,,,
08/04/26 00:50:00,55.55,0.00,,,,
08/04/26 00:55:00,55.62,0.00,,,,
08/04/26 01:00:00,55.86,0.00,,,,
08/04/26 01:05:00,56.09,0.00,,,,
08/04/26 01:10:00,56.32,0.00,,,,
08/04/26 01:15:00,56.55,0.00,,,,
08/04/26 01:20:00,57.01,0.00,,,,
08/04/26 01:25:00,57.71,0.00,,,,
08/04/26 01:30:00,58.25,0.00,,,,
08/04/26 01:35:00,58.95,0.00,,,,
08/04/26 01:40:00,59.25,0.00,,,,
08/04/26 01:45:00,59.56,0.00,,,,
08/04/26 01:50:00,59.49,0.00,,,,
08/04/26 01:55:00,59.33,0.00,,,,
08/04/26 02:00:00,59.02,0.00,,,,
08/04/26 02:05:00,58.95,0.00,,,,
08/04/26 02:10:00,58.87,0.00,,,,
08/04/26 02:15:00,58.95,0.00,,,,
08/04/26 02:20:00,58.87,0.00,,,,
08/04/26 02:25:00,58.95,0.00,,,,
08/04/26 02:30:00,59.02,0.00,,,,
08/04/26 02:35:00,59.02,0.00,,,,
08/04/26 02:40:00,59.02,0.00,,,,
08/04/26 02:45:00,59.25,0.00,,,,
08/04/26 02:50:00,59.64,0.00,,,,
08/04/26 02:55:00,59.95,0.00,,,,
08/04/26 03:00:00,60.34,0.00,,,,
08/04/26 03:05:00,60.64,0.00,,,,
08/04/26 03:10:00,60.88,0.00,,,,
08/04/26 03:15:00,61.11,0.00,,,,
08/04/26 03:20:00,61.34,0.00,,,,
08/04/26 03:25:00,61.57,0.00,,,,
08/04/26 03:30:00,61.65,0.00,,,,
08/04/26 03:35:00,61.80,0.00,,,,
08/04/26 03:40:00,61.96,0.00,,,,
08/04/26 03:45:00,62.11,0.00,,,,
08/04/26 03:50:00,62.27,0.00,,,,
08/04/26 03:55:00,62.42,0.00,,,,
08/04/26 04:00:00,62.50,0.00,,,,
08/04/26 04:05:00,62.50,0.00,,,,
08/04/26 04:10:00,62.65,0.00,,,,
08/04/26 04:15:00,62.65,0.00,,,,
08/04/26 04:20:00,62.81,0.00,,,,
08/04/26 04:25:00,62.88,0.00,,,,
08/04/26 04:30:00,62.96,0.00,,,,
08/04/26 04:35:00,62.88,0.00,,,,
08/04/26 04:40:00,62.96,0.00,,,,
08/04/26 04:45:00,62.96,0.00,,,,
08/04/26 04:50:00,62.96,0.00,,,,
08/04/26 04:55:00,63.04,0.00,,,,
08/04/26 05:00:00,62.88,0.00,,,,
08/04/26 05:05:00,63.04,0.00,,,,
08/04/26 05:10:00,62.88,0.00,,,,
08/04/26 05:15:00,62.88,0.00,,,,
08/04/26 05:20:00,62.88,0.00,,,,
08/04/26 05:25:00,62.88,0.00,,,,
08/04/26 05:30:00,63.04,0.00,,,,
08/04/26 05:35:00,63.04,0.00,,,,
08/04/26 05:40:00,63.11,0.00,,,,
08/04/26 05:45:00,63.04,0.00,,,,
08/04/26 05:50:00,63.04,0.00,,,,
08/04/26 05:55:00,62.96,0.00,,,,
08/04/26 06:00:00,62.96,0.00,,,,
08/04/26 06:05:00,62.88,0.00,,,,
08/04/26 06:10:00,62.88,0.00,,,,
08/04/26 06:15:00,62.88,0.00,,,,
08/04/26 06:20:00,62.88,0.00,,,,
08/04/26 06:25:00,63.04,0.00,,,,
08/04/26 06:30:00,63.19,0.00,,,,
08/04/26 06:35:00,63.27,0.00,,,,
08/04/26 06:40:00,63.42,0.00,,,,
08/04/26 06:45:00,63.42,0.00,,,,
08/04/26 06:50:00,63.50,0.00,,,,
08/04/26 06:55:00,63.50,0.00,,,,
08/04/26 07:00:00,63.66,0.00,,,,
08/04/26 07:05:00,63.58,0.00,,,,
08/04/26 07:10:00,63.81,0.00,,,,
08/04/26 07:15:00,63.73,0.00,,,,
08/04/26 07:20:00,63.73,0.00,,,,
08/04/26 07:25:00,63.81,0.00,,,,
08/04/26 07:30:00,63.89,0.00,,,,
08/04/26 07:35:00,63.89,0.00,,,,
08/04/26 07:40:00,63.96,0.00,,,,
08/04/26 07:45:00,63.89,0.00,,,,
08/04/26 07:50:00,63.96,0.00,,,,
08/04/26 07:55:00,64.12,0.00,,,,
08/04/26 08:00:00,64.04,0.00,,,,
08/04/26 08:05:00,64.12,0.00,,,,
08/04/26 08:10:00,64.20,0.00,,,,
08/04/26 08:15:00,64.27,0.00,,,,
08/04/26 08:20:00,64.43,0.00,,,,
08/04/26 08:25:00,64.50,0.00,,,,
08/04/26 08:30:00,64.43,0.00,,,,
08/04/26 08:35:00,64.50,0.00,,,,
08/04/26 08:40:00,64.58,0.00,,,,
08/04/26 08:45:00,64.66,0.00,,,,
08/04/26 08:50:00,64.74,0.00,,,,
08/04/26 08:55:00,64.81,0.00,,,,
08/04/26 09:00:00,64.89,0.00,,,,
08/04/26 09:05:00,64.97,0.00,,,,
08/04/26 09:10:00,64.97,0.00,,,,
08/04/26 09:15:00,65.12,0.00,,,,
08/04/26 09:20:00,65.20,0.00,,,,
08/04/26 09:25:00,65.28,0.00,,,,
08/04/26 09:30:00,65.28,0.00,,,,
08/04/26 09:35:00,65.28,0.00,,,,
08/04/26 09:40:00,65.35,0.00,,,,
08/04/26 09:45:00,65.35,0.00,,,,
08/04/26 09:50:00,65.35,0.00,,,,
08/04/26 09:55:00,65.43,0.00,,,,
08/04/26 10:00:00,65.51,0.00,,,,
08/04/26 10:05:00,65.59,0.00,,,,
08/04/26 10:10:00,65.74,0.00,,,,
08/04/26 10:15:00,65.89,0.00,,,,
08/04/26 10:20:00,65.97,0.00,,,,
08/04/26 10:25:00,66.05,0.00,,,,
08/04/26 10:30:00,65.97,0.00,,,,
08/04/26 10:35:00,66.05,0.00,,,,
08/04/26 10:40:00,66.13,0.00,,,,
08/04/26 10:45:00,66.20,0.00,,,,
08/04/26 10:50:00,66.20,0.00,,,,
08/04/26 10:55:00,66.36,0.00,,,,
08/04/26 11:00:00,66.44,0.00,,,,
08/04/26 11:05:00,66.51,3.58,,,,
08/04/26 11:10:00,67.28,0.48,,,,
08/04/26 11:15:00,68.21,0.79,,,,
08/04/26 11:20:00,69.45,2.31,,,,
08/04/26 11:25:00,70.76,0.56,,,,
08/04/26 11:30:00,72.00,0.20,,,,
08/04/26 11:35:00,73.23,0.46,,,,
08/04/26 11:40:00,74.31,0.62,,,,
08/04/26 11:45:00,75.24,0.42,,,,
08/04/26 11:50:00,76.01,0.47,,,,
08/04/26 11:55:00,76.71,0.51,,,,
08/04/26 12:00:00,77.40,0.32,,,,
08/04/26 12:05:00,78.10,1.31,,,,
08/04/26 12:10:00,78.48,0.16,,,,
08/04/26 12:15:00,78.71,0.00,,,,
08/04/26 12:20:00,78.40,0.00,,,,
08/04/26 12:25:00,77.86,0.00,,,,
08/04/26 12:30:00,77.17,0.00,,,,
08/04/26 12:35:00,76.32,0.00,,,,
08/04/26 12:40:00,75.78,0.00,,,,
08/04/26 12:45:00,75.16,0.00,,,,
08/04/26 12:50:00,74.70,0.00,,,,
08/04/26 12:55:00,74.31,0.00,,,,
08/04/26 13:00:00,73.85,0.00,,,,
08/04/26 13:05:00,73.62,0.00,,,,
08/04/26 13:10:00,73.23,0.00,,,,
08/04/26 13:15:00,73.00,0.00,,,,
08/04/26 13:20:00,72.84,0.00,,,,
08/04/26 13:25:00,72.61,0.00,,,,
08/04/26 13:30:00,72.38,0.00,,,,
08/04/26 13:35:00,72.30,0.00,,,,
08/04/26 13:40:00,72.23,0.00,,,,
08/04/26 13:45:00,72.07,0.00,,,,
08/04/26 13:50:00,72.00,0.00,,,,
08/04/26 13:55:00,71.92,0.00,,,,
08/04/26 14:00:00,71.76,0.00,,,,
08/04/26 14:05:00,71.69,0.00,,,,
08/04/26 14:10:00,71.69,0.00,,,,
08/04/26 14:15:00,71.61,0.00,,,,
08/04/26 14:20:00,71.45,0.00,,,,
08/04/26 14:25:00,71.38,0.00,,,,
08/04/26 14:30:00,71.38,0.00,,,,
08/04/26 14:35:00,71.30,0.00,,,,
08/04/26 14:40:00,71.22,0.00,,,,
08/04/26 14:45:00,71.15,0.00,,,,
08/04/26 14:50:00,71.07,0.00,,,,
08/04/26 14:55:00,71.07,0.00,,,,
08/04/26 15:00:00,71.07,0.00,,,,
08/04/26 15:05:00,70.99,0.00,,,,
08/04/26 15:10:00,70.99,0.00,,,,
08/04/26 15:15:00,70.99,0.00,,,,
08/04/26 15:20:00,70.91,0.00,,,,
08/04/26 15:25:00,70.84,0.00,,,,
08/04/26 15:30:00,70.76,0.00,,,,
08/04/26 15:35:00,70.76,0.00,,,,
08/04/26 15:40:00,70.76,0.00,,,,
08/04/26 15:45:00,70.68,0.00,,,,
08/04/26 15:50:00,70.76,0.00,,,,
08/04/26 15:55:00,70.68,0.00,,,,
08/04/26 16:00:00,70.68,0.00,,,,
08/04/26 16:05:00,70.61,0.00,,,,
08/04/26 16:10:00,70.53,0.00,,,,
08/04/26 16:15:00,70.53,0.00,,,,
08/04/26 16:20:00,70.53,0.00,,,,
08/04/26 16:25:00,70.53,0.00,,,,
08/04/26 16:30:00,70.45,0.00,,,,
08/04/26 16:35:00,70.53,0.00,,,,
08/04/26 16:40:00,70.45,0.00,,,,
08/04/26 16:45:00,70.45,0.00,,,,
08/04/26 16:50:00,70.45,0.00,,,,
08/04/26 16:55:00,70.45,0.00,,,,
08/04/26 17:00:00,70.37,0.00,,,,
08/04/26 17:05:00,70.45,0.00,,,,
08/04/26 17:10:00,70.30,0.00,,,,
08/04/26 17:15:00,70.45,0.00,,,,
08/04/26 17:20:00,70.37,0.00,,,,
08/04/26 17:25:00,70.37,0.00,,,,
08/04/26 17:30:00,70.37,0.00,,,,
08/04/26 17:35:00,70.45,0.00,,,,
08/04/26 17:40:00,70.37,0.00,,,,
08/04/26 17:45:00,70.45,0.00,,,,
08/04/26 17:50:00,70.37,0.00,,,,
08/04/26 17:55:00,70.45,0.00,,,,
08/04/26 18:00:00,70.30,0.00,,,,
08/04/26 18:05:00,70.37,0.00,,,,
08/04/26 18:10:00,70.37,0.00,,,,
08/04/26 18:15:00,70.37,0.00,,,,
08/04/26 18:20:00,70.22,0.00,,,,
08/04/26 18:25:00,70.37,0.00,,,,
08/04/26 18:30:00,70.37,0.00,,,,
08/04/26 18:35:00,70.37,0.00,,,,
08/04/26 18:40:00,70.37,0.00,,,,
08/04/26 18:45:00,70.45,0.00,,,,
08/04/26 18:50:00,70.30,0.00,,,,
08/04/26 18:55:00,70.30,0.00,,,,
08/04/26 19:00:00,70.37,0.00,,,,
08/04/26 19:05:00,70.30,0.00,,,,
08/04/26 19:10:00,70.30,0.00,,,,
08/04/26 19:15:00,70.30,0.00,,,,
08/04/26 19:20:00,70.30,0.00,,,,
08/04/26 19:25:00,70.37,0.00,,,,
08/04/26 19:30:00,70.22,0.00,,,,
08/04/26 19:35:00,70.30,0.00,,,,
08/04/26 19:40:00,70.30,0.00,,,,
08/04/26 19:45:00,70.37,0.00,,,,
08/04/26 19:50:00,70.37,0.00,,,,
08/04/26 19:55:00,70.30,0.00,,,,
08/04/26 20:00:00,70.30,0.00,,,,
08/04/26 20:05:00,70.22,0.00,,,,
08/04/26 20:10:00,70.30,0.00,,,,
08/04/26 20:15:00,70.37,0.00,,,,
08/04/26 20:20:00,70.37,0.00,,,,
08/04/26 20:25:00,70.37,0.00,,,,
08/04/26 20:30:00,70.22,0.00,,,,
08/04/26 20:35:00,70.37,0.00,,,,
08/04/26 20:40:00,70.22,0.00,,,,
08/04/26 20:45:00,70.30,0.00,,,,
08/04/26 20:50:00,70.30,0.00,,,,
08/04/26 20:55:00,70.22,0.00,,,,
08/04/26 21:00:00,70.30,0.00,,,,
08/04/26 21:05:00,70.37,0.00,,,,
08/04/26 21:10:00,70.30,0.00,,,,
08/04/26 21:15:00,70.30,0.00,,,,
08/04/26 21:20:00,70.30,0.00,,,,
08/04/26 21:25:00,70.30,0.00,,,,
08/04/26 21:30:00,70.30,0.00,,,,
08/04/26 21:35:00,70.30,0.00,,,,
08/04/26 21:40:00,70.30,0.00,,,,
08/04/26 21:45:00,70.37,0.00,,,,
08/04/26 21:50:00,70.30,0.00,,,,
08/04/26 21:55:00,70.37,0.00,,,,
08/04/26 22:00:00,70.30,0.00,,,,
08/04/26 22:05:00,70.30,0.00,,,,
08/04/26 22:10:00,70.37,0.00,,,,
08/04/26 22:15:00,70.37,0.00,,,,
08/04/26 22:20:00,70.30,0.00,,,,
08/04/26 22:25:00,70.37,0.00,,,,
08/04/26 22:30:00,70.37,0.00,,,,
08/04/26 22:35:00,70.30,0.00,,,,
08/04/26 22:40:00,70.30,0.00,,,,
08/04/26 22:45:00,70.30,0.00,,,,
08/04/26 22:50:00,70.22,0.00,,,,
08/04/26 22:55:00,70.37,0.00,,,,
08/04/26 23:00:00,70.37,0.00,,,,
08/04/26 23:05:00,70.37,0.00,,,,
08/04/26 23:10:00,70.30,0.00,,,,
08/04/26 23:15:00,70.30,0.00,,,,
08/04/26 23:20:00,70.37,0.00,,,,
08/04/26 23:25:00,70.30,0.00,,,,
08/04/26 23:30:00,70.37,0.00,,,,
08/04/26 23:35:00,70.30,0.00,,,,
08/04/26 23:40:00,70.30,0.00,,,,
08/04/26 23:45:00,70.30,0.00,,,,
08/04/26 23:50:00,70.22,0.00,,,,
08/04/26 23:55:00,70.30,0.00,,,,
08/05/26 00:00:00,70.37,0.00,,,,
08/05/26 00:05:00,70.30,0.00,,,,
08/05/26 00:10:00,70.30,0.00,,,,
08/05/26 00:15:00,70.30,0.00,,,,
08/05/26 00:20:00,70.22,0.00,,,,
08/05/26 00:25:00,70.30,0.00,,,,
08/05/26 00:30:00,70.30,0.00,,,,
08/05/26 00:35:00,70.30,0.00,,,,
08/05/26 00:40:00,70.37,0.00,,,,
08/05/26 00:45:00,70.30,0.00,,,,
08/05/26 00:50:00,70.22,0.00,,,,
08/05/26 00:55:00,70.30,0.00,,,,
08/05/26 01:00:00,70.22,0.00,,,,
08/05/26 01:05:00,70.30,0.00,,,,
08/05/26 01:10:00,70.22,0.00,,,,
08/05/26 01:15:00,70.30,0.00,,,,
08/05/26 01:20:00,70.14,0.00,,,,
08/05/26 01:25:00,70.30,0.00,,,,
08/05/26 01:30:00,70.14,0.00,,,,
08/05/26 01:35:00,70.30,0.00,,,,
08/05/26 01:40:00,70.22,0.00,,,,
08/05/26 01:45:00,70.22,0.00,,,,
08/05/26 01:50:00,70.22,0.00,,,,
08/05/26 01:55:00,70.30,0.00,,,,
08/05/26 02:00:00,70.14,0.00,,,,
08/05/26 02:05:00,70.22,0.00,,,,
08/05/26 02:10:00,70.22,0.00,,,,
08/05/26 02:15:00,70.22,0.00,,,,
08/05/26 02:20:00,70.22,0.00,,,,
08/05/26 02:25:00,70.22,0.00,,,,
08/05/26 02:30:00,70.14,0.00,,,,
08/05/26 02:35:00,70.22,0.00,,,,
08/05/26 02:40:00,70.22,0.00,,,,
08/05/26 02:45:00,70.22,0.00,,,,
08/05/26 02:50:00,70.14,0.00,,,,
08/05/26 02:55:00,70.14,0.00,,,,
08/05/26 03:00:00,70.14,0.00,,,,
08/05/26 03:05:00,70.14,0.00,,,,
08/05/26 03:10:00,70.14,0.00,,,,
08/05/26 03:15:00,70.14,0.00,,,,
08/05/26 03:20:00,70.14,0.00,,,,
08/05/26 03:25:00,70.22,0.00,,,,
08/05/26 03:30:00,70.06,0.00,,,,
08/05/26 03:35:00,70.14,0.00,,,,
08/05/26 03:40:00,70.06,0.00,,,,
08/05/26 03:45:00,70.06,0.00,,,,
08/05/26 03:50:00,70.22,0.00,,,,
08/05/26 03:55:00,70.14,0.00,,,,
08/05/26 04:00:00,70.06,0.00,,,,
08/05/26 04:05:00,70.14,0.00,,,,
08/05/26 04:10:00,70.14,0.00,,,,
08/05/26 04:15:00,70.06,0.00,,,,
08/05/26 04:20:00,70.06,0.00,,,,
08/05/26 04:25:00,70.06,0.00,,,,
08/05/26 04:30:00,70.14,0.00,,,,
08/05/26 04:35:00,69.99,0.00,,,,
08/05/26 04:40:00,70.06,0.00,,,,
08/05/26 04:45:00,69.99,0.00,,,,
08/05/26 04:50:00,70.06,0.00,,,,
08/05/26 04:55:00,69.99,0.00,,,,
08/05/26 05:00:00,69.99,0.00,,,,
08/05/26 05:05:00,70.06,0.00,,,,
08/05/26 05:10:00,69.99,0.00,,,,
08/05/26 05:15:00,69.99,0.00,,,,
08/05/26 05:20:00,69.99,0.00,,,,
08/05/26 05:25:00,70.06,0.00,,,,
08/05/26 05:30:00,69.99,0.00,,,,
08/05/26 05:35:00,69.99,0.00,,,,
08/05/26 05:40:00,69.99,0.00,,,,
08/05/26 05:45:00,69.91,0.00,,,,
08/05/26 05:50:00,69.91,0.00,,,,
08/05/26 05:55:00,69.91,0.00,,,,
08/05/26 06:00:00,69.91,0.00,,,,
08/05/26 06:05:00,69.99,0.00,,,,
08/05/26 06:10:00,69.91,0.00,,,,
08/05/26 06:15:00,69.91,0.00,,,,
08/05/26 06:20:00,69.99,0.00,,,,
08/05/26 06:25:00,69.91,0.00,,,,
08/05/26 06:30:00,69.83,0.00,,,,
08/05/26 06:35:00,69.91,0.00,,,,
08/05/26 06:40:00,69.91,0.00,,,,
08/05/26 06:45:00,69.83,0.00,,,,
08/05/26 06:50:00,69.83,0.00,,,,
08/05/26 06:55:00,69.83,0.00,,,,
08/05/26 07:00:00,69.83,0.00,,,,
08/05/26 07:05:00,69.83,0.00,,,,
08/05/26 07:10:00,69.83,0.00,,,,
08/05/26 07:15:00,69.83,0.00,,,,
08/05/26 07:20:00,69.83,0.00,,,,
08/05/26 07:25:00,69.83,0.00,,,,
08/05/26 07:30:00,69.83,0.00,,,,
08/05/26 07:35:00,69.83,0.00,,,,
08/05/26 07:40:00,69.83,0.00,,,,
08/05/26 07:45:00,69.76,0.00,,,,
08/05/26 07:50:00,69.76,0.00,,,,
08/05/26 07:55:00,69.76,0.00,,,,
08/05/26 08:00:00,69.76,0.00,,,,
08/05/26 08:05:00,69.76,0.00,,,,
08/05/26 08:10:00,69.76,0.00,,,,
08/05/26 08:15:00,69.68,0.00,,,,
08/05/26 08:20:00,69.68,0.00,,,,
08/05/26 08:25:00,69.68,0.00,,,,
08/05/26 08:30:00,69.68,0.00,,,,
08/05/26 08:35:00,69.76,0.00,,,,
08/05/26 08:40:00,69.76,0.00,,,,
08/05/26 08:45:00,69.76,0.00,,,,
08/05/26 08:50:00,69.68,0.00,,,,
08/05/26 08:55:00,69.60,0.00,,,,
08/05/26 09:00:00,69.76,0.00,,,,
08/05/26 09:05:00,69.76,0.00,,,,
08/05/26 09:10:00,69.76,0.00,,,,
08/05/26 09:15:00,69.68,0.00,,,,
08/05/26 09:20:00,69.83,0.00,,,,
08/05/26 09:25:00,69.76,0.00,,,,
08/05/26 09:30:00,69.76,0.00,,,,
08/05/26 09:35:00,69.68,0.00,,,,
08/05/26 09:40:00,69.60,0.00,,,,
08/05/26 09:45:00,69.68,0.00,,,,
08/05/26 09:50:00,69.76,0.00,,,,
08/05/26 09:55:00,69.68,0.00,,,,
08/05/26 10:00:00,69.68,0.00,,,,
08/05/26 10:05:00,69.68,0.00,,,,
08/05/26 10:10:00,69.76,0.00,,,,
08/05/26 10:15:00,69.60,0.00,,,,
08/05/26 10:20:00,69.76,0.00,,,,
08/05/26 10:25:00,69.76,0.00,,,,
08/05/26 10:30:00,69.68,0.00,,,,
08/05/26 10:35:00,69.76,0.00,,,,
08/05/26 10:40:00,69.76,0.00,,,,
08/05/26 10:45:00,69.76,0.00,,,,
08/05/26 10:50:00,69.83,0.00,,,,
08/05/26 10:55:00,69.76,0.00,,,,
08/05/26 11:00:00,69.76,0.00,,,,
08/05/26 11:05:00,69.68,0.00,,,,
08/05/26 11:10:00,69.83,0.00,,,,
08/05/26 11:15:00,69.83,0.00,,,,
08/05/26 11:20:00,69.76,0.00,,,,
08/05/26 11:25:00,69.83,0.00,,,,
08/05/26 11:30:00,69.76,0.00,,,,
08/05/26 11:35:00,69.83,0.00,,,,
08/05/26 11:40:00,69.83,0.00,,,,
08/05/26 11:45:00,69.83,0.00,,,,
08/05/26 11:50:00,69.91,0.00,,,,
08/05/26 11:55:00,69.91,0.00,,,,
08/05/26 12:00:00,69.91,0.00,,,,
08/05/26 12:05:00,69.91,0.00,,,,
08/05/26 12:10:00,69.91,0.00,,,,
08/05/26 12:15:00,69.91,0.00,,,,
08/05/26 12:20:00,70.06,0.00,,,,
08/05/26 12:25:00,69.91,0.00,,,,
08/05/26 12:30:00,70.06,0.00,,,,
08/05/26 12:35:00,69.99,0.00,,,,
08/05/26 12:40:00,69.99,0.00,,,,
08/05/26 12:45:00,70.06,0.00,,,,
08/05/26 12:50:00,70.06,0.00,,,,
08/05/26 12:55:00,70.06,0.00,,,,
08/05/26 13:00:00,70.14,0.00,,,,
08/05/26 13:05:00,70.06,0.00,,,,
08/05/26 13:10:00,70.14,0.00,,,,
08/05/26 13:15:00,70.14,0.00,,,,
08/05/26 13:20:00,70.22,0.00,,,,
08/05/26 13:25:00,70.14,0.00,,,,
08/05/26 13:30:00,70.22,0.00,,,,
08/05/26 13:35:00,70.30,0.00,,,,
08/05/26 13:40:00,70.14,0.00,,,,
08/05/26 13:45:00,70.22,0.00,,,,
08/05/26 13:50:00,70.22,0.00,,,,
08/05/26 13:55:00,70.30,0.00,,,,
08/05/26 14:00:00,70.37,0.00,,,,
08/05/26 14:05:00,70.30,0.00,,,,
08/05/26 14:10:00,70.30,0.00,,,,
08/05/26 14:15:00,70.30,0.00,,,,
08/05/26 14:20:00,70.45,0.00,,,,
08/05/26 14:25:00,70.37,0.00,,,,
08/05/26 14:30:00,70.37,0.00,,,,
08/05/26 14:35:00,70.45,0.00,,,,
08/05/26 14:40:00,70.45,0.00,,,,
08/05/26 14:45:00,70.37,0.00,,,,
08/05/26 14:50:00,70.53,0.00,,,,
08/05/26 14:55:00,70.45,0.00,,,,
08/05/26 15:00:00,70.53,0.00,,,,
08/05/26 15:05:00,70.45,0.00,,,,
08/05/26 15:10:00,70.53,0.00,,,,
08/05/26 15:15:00,70.45,0.00,,,,
08/05/26 15:20:00,70.53,0.00,,,,
08/05/26 15:25:00,70.61,0.00,,,,
08/05/26 15:30:00,70.61,0.00,,,,
08/05/26 15:35:00,70.61,0.00,,,,
08/05/26 15:40:00,70.61,0.00,,,,
08/05/26 15:45:00,70.61,0.00,,,,
08/05/26 15:50:00,70.61,0.00,,,,
08/05/26 15:55:00,70.61,0.00,,,,
08/05/26 16:00:00,70.68,0.00,,,,
08/05/26 16:05:00,70.68,0.00,,,,
08/05/26 16:10:00,70.68,0.00,,,,
08/05/26 16:15:00,70.68,0.00,,,,
08/05/26 16:20:00,70.61,0.00,,,,
08/05/26 16:25:00,70.68,0.00,,,,
08/05/26 16:30:00,70.76,0.00,,,,
08/05/26 16:35:00,70.76,0.00,,,,
08/05/26 16:40:00,70.68,0.00,,,,
08/05/26 16:45:00,70.76,0.00,,,,
08/05/26 16:50:00,70.76,0.00,,,,
08/05/26 16:55:00,70.84,0.00,,,,
08/05/26 17:00:00,70.84,0.00,,,,
08/05/26 17:05:00,70.84,0.00,,,,
08/05/26 17:10:00,70.76,0.00,,,,
08/05/26 17:15:00,70.84,0.00,,,,
08/05/26 17:20:00,70.84,0.00,,,,
08/05/26 17:25:00,70.84,0.00,,,,
08/05/26 17:30:00,70.84,0.00,,,,
08/05/26 17:35:00,70.84,0.00,,,,
08/05/26 17:40:00,71.07,0.00,,,,
08/05/26 17:45:00,70.91,0.00,,,,
08/05/26 17:50:00,70.91,0.00,,,,
08/05/26 17:55:00,70.91,0.00,,,,
08/05/26 18:00:00,70.99,0.00,,,,
08/05/26 18:05:00,70.91,0.00,,,,
08/05/26 18:10:00,70.91,0.00,,,,
08/05/26 18:15:00,70.91,0.00,,,,
08/05/26 18:20:00,70.99,0.00,,,,
08/05/26 18:25:00,71.07,0.00,,,,
08/05/26 18:30:00,71.07,0.00,,,,
08/05/26 18:35:00,71.07,0.00,,,,
08/05/26 18:40:00,71.07,0.00,,,,
08/05/26 18:45:00,71.07,0.00,,,,
08/05/26 18:50:00,71.07,0.00,,,,
08/05/26 18:55:00,71.07,0.00,,,,
08/05/26 19:00:00,70.99,0.00,,,,
08/05/26 19:05:00,71.15,0.00,,,,
08/05/26 19:10:00,71.07,0.00,,,,
08/05/26 19:15:00,71.07,0.00,,,,
08/05/26 19:20:00,71.07,0.00,,,,
08/05/26 19:25:00,71.07,0.00,,,,
08/05/26 19:30:00,71.15,0.00,,,,
08/05/26 19:35:00,71.15,0.00,,,,
08/05/26 19:40:00,71.07,0.00,,,,
08/05/26 19:45:00,71.07,0.00,,,,
08/05/26 19:50:00,71.07,0.00,,,,
08/05/26 19:55:00,71.15,0.00,,,,
08/05/26 20:00:00,71.15,0.00,,,,
08/05/26 20:05:00,71.07,0.00,,,,
08/05/26 20:10:00,71.15,0.00,,,,
08/05/26 20:15:00,71.15,0.00,,,,
08/05/26 20:20:00,71.22,0.00,,,,
08/05/26 20:25:00,71.15,0.00,,,,
08/05/26 20:30:00,71.15,0.00,,,,
08/05/26 20:35:00,71.22,0.00,,,,
08/05/26 20:40:00,71.15,0.00,,,,
08/05/26 20:45:00,71.22,0.00,,,,
08/05/26 20:50:00,71.15,0.00,,,,
08/05/26 20:55:00,71.22,0.00,,,,
08/05/26 21:00:00,71.22,0.00,,,,
08/05/26 21:05:00,71.22,0.00,,,,
08/05/26 21:10:00,71.30,0.00,,,,
08/05/26 21:15:00,71.22,0.00,,,,
08/05/26 21:20:00,71.22,0.00,,,,
08/05/26 21:25:00,71.30,0.00,,,,
08/05/26 21:30:00,71.22,0.00,,,,
08/05/26 21:35:00,71.30,0.00,,,,
08/05/26 21:40:00,71.38,0.00,,,,
08/05/26 21:45:00,71.30,0.00,,,,
08/05/26 21:50:00,71.30,0.00,,,,
08/05/26 21:55:00,71.22,0.00,,,,
08/05/26 22:00:00,71.30,0.00,,,,
08/05/26 22:05:00,71.30,0.00,,,,
08/05/26 22:10:00,71.22,0.00,,,,
08/05/26 22:15:00,71.22,0.00,,,,
08/05/26 22:20:00,71.30,0.00,,,,
08/05/26 22:25:00,71.30,0.00,,,,
08/05/26 22:30:00,71.30,0.00,,,,
08/05/26 22:35:00,71.38,0.00,,,,
08/05/26 22:40:00,71.30,0.00,,,,
08/05/26 22:45:00,71.38,0.00,,,,
08/05/26 22:50:00,71.38,0.00,,,,
08/05/26 22:55:00,71.38,0.00,,,,
08/05/26 23:00:00,71.38,0.00,,,,
08/05/26 23:05:00,71.30,0.00,,,,
08/05/26 23:10:00,71.30,0.00,,,,
08/05/26 23:15:00,71.38,0.00,,,,
08/05/26 23:20:00,71.30,0.00,,,,
08/05/26 23:25:00,71.22,0.00,,,,
08/05/26 23:30:00,71.30,0.00,,,,
08/05/26 23:35:00,71.38,0.00,,,,
08/05/26 23:40:00,71.30,0.00,,,,
08/05/26 23:45:00,71.30,0.00,,,,
08/05/26 23:50:00,71.30,0.00,,,,
08/05/26 23:55:00,71.38,0.00,,,,
08/06/26 00:00:00,71.38,0.00,,,,
08/06/26 00:05:00,71.38,0.00,,,,
08/06/26 00:10:00,71.30,0.00,,,,
08/06/26 00:15:00,71.22,0.00,,,,
08/06/26 00:20:00,71.38,0.00,,,,
08/06/26 00:25:00,71.38,0.00,,,,
08/06/26 00:30:00,71.30,0.00,,,,
08/06/26 00:35:00,71.45,0.00,,,,
08/06/26 00:40:00,71.38,0.00,,,,
08/06/26 00:45:00,71.38,0.00,,,,
08/06/26 00:50:00,71.38,0.00,,,,
08/06/26 00:55:00,71.30,0.00,,,,
08/06/26 01:00:00,71.30,0.00,,,,
08/06/26 01:05:00,71.38,0.00,,,,
08/06/26 01:10:00,71.38,0.00,,,,
08/06/26 01:15:00,71.38,0.00,,,,
08/06/26 01:20:00,71.38,0.00,,,,
08/06/26 01:25:00,71.38,0.00,,,,
08/06/26 01:30:00,71.38,0.00,,,,
08/06/26 01:35:00,71.38,0.00,,,,
08/06/26 01:40:00,71.30,0.00,,,,
08/06/26 01:45:00,71.38,0.00,,,,
08/06/26 01:50:00,71.38,0.00,,,,
08/06/26 01:55:00,71.30,0.00,,,,
08/06/26 02:00:00,71.38,0.00,,,,
08/06/26 02:05:00,71.38,0.00,,,,
08/06/26 02:10:00,71.22,0.00,,,,
08/06/26 02:15:00,71.38,0.00,,,,
08/06/26 02:20:00,71.30,0.00,,,,
08/06/26 02:25:00,71.30,0.00,,,,
08/06/26 02:30:00,71.30,0.00,,,,
08/06/26 02:35:00,71.38,0.00,,,,
08/06/26 02:40:00,71.30,0.00,,,,
08/06/26 02:45:00,71.38,0.00,,,,
08/06/26 02:50:00,71.30,0.00,,,,
08/06/26 02:55:00,71.38,0.00,,,,
08/06/26 03:00:00,71.30,0.00,,,,
08/06/26 03:05:00,71.30,0.00,,,,
08/06/26 03:10:00,71.38,0.00,,,,
08/06/26 03:15:00,71.30,0.00,,,,
08/06/26 03:20:00,71.30,0.00,,,,
08/06/26 03:25:00,71.30,0.00,,,,
08/06/26 03:30:00,71.30,0.00,,,,
08/06/26 03:35:00,71.30,0.00,,,,
08/06/26 03:40:00,71.22,0.00,,,,
08/06/26 03:45:00,71.38,0.00,,,,
08/06/26 03:50:00,71.22,0.00,,,,
08/06/26 03:55:00,71.30,0.00,,,,
08/06/26 04:00:00,71.38,0.00,,,,
08/06/26 04:05:00,71.38,0.00,,,,
08/06/26 04:10:00,71.30,0.00,,,,
08/06/26 04:15:00,71.22,0.00,,,,
08/06/26 04:20:00,71.22,0.00,,,,
08/06/26 04:25:00,71.22,0.00,,,,
08/06/26 04:30:00,71.22,0.00,,,,
08/06/26 04:35:00,71.22,0.00,,,,
08/06/26 04:40:00,71.15,0.00,,,,
08/06/26 04:45:00,71.22,0.00,,,,
08/06/26 04:50:00,71.15,0.00,,,,
08/06/26 04:55:00,71.15,0.00,,,,
08/06/26 05:00:00,71.15,0.00,,,,
08/06/26 05:05:00,71.22,0.00,,,,
08/06/26 05:10:00,71.15,0.00,,,,
08/06/26 05:15:00,71.15,0.00,,,,
08/06/26 05:20:00,71.15,0.00,,,,
08/06/26 05:25:00,71.15,0.00,,,,
08/06/26 05:30:00,71.22,0.00,,,,
08/06/26 05:35:00,71.15,0.00,,,,
08/06/26 05:40:00,71.15,0.00,,,,
08/06/26 05:45:00,71.15,0.00,,,,
08/06/26 05:50:00,71.15,0.00,,,,
08/06/26 05:55:00,71.07,0.00,,,,
08/06/26 06:00:00,71.07,0.00,,,,
08/06/26 06:05:00,71.07,0.00,,,,
08/06/26 06:10:00,71.07,0.00,,,,
08/06/26 06:15:00,71.07,0.00,,,,
08/06/26 06:20:00,70.99,0.00,,,,
08/06/26 06:25:00,71.07,0.00,,,,
08/06/26 06:30:00,70.99,0.00,,,,
08/06/26 06:35:00,71.07,0.00,,,,
08/06/26 06:40:00,71.07,0.00,,,,
08/06/26 06:45:00,70.99,0.00,,,,
08/06/26 06:50:00,71.07,0.00,,,,
08/06/26 06:55:00,71.07,0.00,,,,
08/06/26 07:00:00,70.99,0.00,,,,
08/06/26 07:05:00,70.91,0.00,,,,
08/06/26 07:10:00,70.99,0.00,,,,
08/06/26 07:15:00,71.07,0.00,,,,
08/06/26 07:20:00,70.99,0.00,,,,
08/06/26 07:25:00,70.99,0.00,,,,
08/06/26 07:30:00,70.91,0.00,,,,
08/06/26 07:35:00,70.91,0.00,,,,
08/06/26 07:40:00,70.99,0.00,,,,
08/06/26 07:45:00,70.99,0.00,,,,
08/06/26 07:50:00,70.91,0.00,,,,
08/06/26 07:55:00,70.99,0.00,,,,
08/06/26 08:00:00,70.91,0.00,,,,
08/06/26 08:05:00,70.84,0.00,,,,
08/06/26 08:10:00,70.91,0.00,,,,
08/06/26 08:15:00,70.91,0.00,,,,
08/06/26 08:20:00,70.91,0.00,,,,
08/06/26 08:25:00,70.91,0.00,,,,
08/06/26 08:30:00,70.99,0.00,,,,
08/06/26 08:35:00,70.91,0.00,,,,
08/06/26 08:40:00,70.91,0.00,,,,
08/06/26 08:45:00,70.99,0.00,,,,
08/06/26 08:50:00,70.99,0.00,,,,
08/06/26 08:55:00,70.91,0.00,,,,
08/06/26 09:00:00,70.91,0.00,,,,
08/06/26 09:05:00,70.91,0.00,,,,
08/06/26 09:10:00,70.91,0.00,,,,
08/06/26 09:15:00,70.84,0.00,,,,
08/06/26 09:20:00,70.99,0.00,,,,
08/06/26 09:25:00,70.84,0.00,,,,
08/06/26 09:30:00,70.84,0.00,,,,
08/06/26 09:35:00,70.84,0.00,,,,
08/06/26 09:40:00,70.84,0.00,,,,
08/06/26 09:45:00,70.84,0.00,,,,
08/06/26 09:50:00,70.91,0.00,,,,
08/06/26 09:55:00,70.99,0.00,,,,
08/06/26 10:00:00,70.91,0.00,,,,
08/06/26 10:05:00,70.91,0.00,,,,
08/06/26 10:10:00,70.99,0.00,,,,
08/06/26 10:15:00,70.91,0.00,,,,
08/06/26 10:20:00,70.91,0.00,,,,
08/06/26 10:25:00,70.91,0.00,,,,
08/06/26 10:30:00,70.91,0.00,,,,
08/06/26 10:35:00,70.91,0.00,,,,
08/06/26 10:40:00,70.91,0.00,,,,
08/06/26 10:45:00,71.07,0.00,,,,
08/06/26 10:50:00,70.99,0.00,,,,
08/06/26 10:55:00,71.07,0.00,,,,
08/06/26 11:00:00,71.07,0.00,,,,
08/06/26 11:05:00,71.07,0.00,,,,
08/06/26 11:10:00,71.07,0.00,,,,
08/06/26 11:15:00,71.07,0.00,,,,
08/06/26 11:20:00,71.07,0.00,,,,
08/06/26 11:25:00,71.07,0.00,,,,
08/06/26 11:30:00,71.15,0.00,,,,
08/06/26 11:35:00,71.22,0.00,,,,
08/06/26 11:40:00,71.15,0.00,,,,
08/06/26 11:45:00,71.22,0.00,,,,
08/06/26 11:50:00,71.22,0.00,,,,
08/06/26 11:55:00,71.22,0.00,,,,
08/06/26 12:00:00,71.15,0.00,,,,
08/06/26 12:05:00,71.22,0.00,,,,
08/06/26 12:10:00,71.15,0.00,,,,
08/06/26 12:15:00,71.22,0.00,,,,
08/06/26 12:20:00,71.22,0.00,,,,
08/06/26 12:25:00,71.22,0.00,,,,
08/06/26 12:30:00,71.30,0.00,,,,
08/06/26 12:35:00,71.22,0.00,,,,
08/06/26 12:40:00,71.30,0.00,,,,
08/06/26 12:45:00,71.38,0.00,,,,
08/06/26 12:50:00,71.38,0.00,,,,
08/06/26 12:55:00,71.38,0.00,,,,
08/06/26 13:00:00,71.45,0.00,,,,
08/06/26 13:05:00,71.45,0.00,,,,
08/06/26 13:10:00,71.45,0.00,,,,
08/06/26 13:15:00,71.45,0.00,,,,
08/06/26 13:20:00,71.45,0.00,,,,
08/06/26 13:25:00,71.45,0.00,,,,
08/06/26 13:30:00,71.53,0.00,,,,
08/06/26 13:35:00,71.53,0.00,,,,
08/06/26 13:40:00,71.53,0.00,,,,
08/06/26 13:45:00,71.53,0.00,,,,
08/06/26 13:50:00,71.53,0.00,,,,
08/06/26 13:55:00,71.53,0.00,,,,
08/06/26 14:00:00,71.53,0.00,,,,
08/06/26 14:05:00,71.61,0.00,,,,
08/06/26 14:10:00,71.61,0.00,,,,
08/06/26 14:15:00,71.61,0.00,,,,
08/06/26 14:20:00,71.69,0.00,,,,
08/06/26 14:25:00,71.69,0.00,,,,
08/06/26 14:30:00,71.69,0.00,,,,
08/06/26 14:35:00,71.69,0.00,,,,
08/06/26 14:40:00,71.69,0.00,,,,
08/06/26 14:45:00,71.76,0.00,,,,
08/06/26 14:50:00,71.69,0.00,,,,
08/06/26 14:55:00,71.76,0.00,,,,
08/06/26 15:00:00,71.76,0.00,,,,
08/06/26 15:05:00,71.84,0.00,,,,
08/06/26 15:10:00,71.84,0.00,,,,
08/06/26 15:15:00,71.84,0.00,,,,
08/06/26 15:20:00,71.76,0.00,,,,
08/06/26 15:25:00,71.92,0.00,,,,
08/06/26 15:30:00,71.76,0.00,,,,
08/06/26 15:35:00,71.84,0.00,,,,
08/06/26 15:40:00,71.76,0.00,,,,
08/06/26 15:45:00,71.92,0.00,,,,
08/06/26 15:50:00,71.92,0.00,,,,
08/06/26 15:55:00,72.00,0.00,,,,
08/06/26 16:00:00,71.92,0.00,,,,
08/06/26 16:05:00,71.92,0.00,,,,
08/06/26 16:10:00,72.00,0.00,,,,
08/06/26 16:15:00,72.00,0.00,,,,
08/06/26 16:20:00,71.92,0.00,,,,
08/06/26 16:25:00,72.00,0.00,,,,
08/06/26 16:30:00,72.07,0.00,,,,
08/06/26 16:35:00,72.07,0.00,,,,
08/06/26 16:40:00,72.00,0.00,,,,
08/06/26 16:45:00,72.07,0.00,,,,
08/06/26 16:50:00,72.00,0.00,,,,
08/06/26 16:55:00,72.00,0.00,,,,
08/06/26 17:00:00,72.00,0.00,,,,
08/06/26 17:05:00,72.15,0.00,,,,
08/06/26 17:10:00,72.07,0.00,,,,
08/06/26 17:15:00,72.00,0.00,,,,
08/06/26 17:20:00,72.15,0.00,,,,
08/06/26 17:25:00,72.07,0.00,,,,
08/06/26 17:30:00,72.15,0.00,,,,
08/06/26 17:35:00,72.07,0.00,,,,
08/06/26 17:40:00,72.23,0.00,,,,
08/06/26 17:45:00,72.15,0.00,,,,
08/06/26 17:50:00,72.15,0.00,,,,
08/06/26 17:55:00,72.23,0.00,,,,
08/06/26 18:00:00,72.23,0.00,,,,
08/06/26 18:05:00,72.23,0.00,,,,
08/06/26 18:10:00,72.23,0.00,,,,
08/06/26 18:15:00,72.23,0.00,,,,
08/06/26 18:20:00,72.30,0.00,,,,
08/06/26 18:25:00,72.23,0.00,,,,
08/06/26 18:30:00,72.23,0.00,,,,
08/06/26 18:35:00,72.23,0.00,,,,
08/06/26 18:40:00,72.30,0.00,,,,
08/06/26 18:45:00,72.23,0.00,,,,
08/06/26 18:50:00,72.30,0.00,,,,
08/06/26 18:55:00,72.30,0.00,,,,
08/06/26 19:00:00,72.30,0.00,,,,
08/06/26 19:05:00,72.23,0.00,,,,
08/06/26 19:10:00,72.30,0.00,,,,
08/06/26 19:15:00,72.23,0.00,,,,
08/06/26 19:20:00,72.30,0.00,,,,
08/06/26 19:25:00,72.30,0.00,,,,
08/06/26 19:30:00,72.30,0.00,,,,
08/06/26 19:35:00,72.30,0.00,,,,
08/06/26 19:40:00,72.30,0.00,,,,
08/06/26 19:45:00,72.30,0.00,,,,
08/06/26 19:50:00,72.38,0.00,,,,
08/06/26 19:55:00,72.30,0.00,,,,
08/06/26 20:00:00,72.46,0.00,,,,
08/06/26 20:05:00,72.30,0.00,,,,
08/06/26 20:10:00,72.38,0.00,,,,
08/06/26 20:15:00,72.46,0.00,,,,
08/06/26 20:20:00,72.38,0.00,,,,
08/06/26 20:25:00,72.38,0.00,,,,
08/06/26 20:30:00,72.38,0.00,,,,
08/06/26 20:35:00,72.38,0.00,,,,
08/06/26 20:40:00,72.38,0.00,,,,
08/06/26 20:45:00,72.46,0.00,,,,
08/06/26 20:50:00,72.38,0.00,,,,
08/06/26 20:55:00,72.46,0.00,,,,
08/06/26 21:00:00,72.30,0.00,,,,
08/06/26 21:05:00,72.38,0.00,,,,
08/06/26 21:10:00,72.46,0.00,,,,
08/06/26 21:15:00,72.46,0.00,,,,
08/06/26 21:20:00,72.38,0.00,,,,
08/06/26 21:25:00,72.38,0.00,,,,
08/06/26 21:30:00,72.38,0.00,,,,
08/06/26 21:35:00,72.46,0.00,,,,
08/06/26 21:40:00,72.46,0.00,,,,
08/06/26 21:45:00,72.46,0.00,,,,
08/06/26 21:50:00,72.38,0.00,,,,
08/06/26 21:55:00,72.38,0.00,,,,
08/06/26 22:00:00,72.54,0.00,,,,
08/06/26 22:05:00,72.46,0.00,,,,
08/06/26 22:10:00,72.46,0.00,,,,
08/06/26 22:15:00,72.46,0.00,,,,
08/06/26 22:20:00,72.46,0.00,,,,
08/06/26 22:25:00,72.38,0.00,,,,
08/06/26 22:30:00,72.46,0.00,,,,
08/06/26 22:35:00,72.38,0.00,,,,
08/06/26 22:40:00,72.38,0.00,,,,
08/06/26 22:45:00,72.46,0.00,,,,
08/06/26 22:50:00,72.54,0.00,,,,
08/06/26 22:55:00,72.46,0.00,,,,
08/06/26 23:00:00,72.46,0.00,,,,
08/06/26 23:05:00,72.46,0.00,,,,
08/06/26 23:10:00,72.38,0.00,,,,
08/06/26 23:15:00,72.46,0.00,,,,
08/06/26 23:20:00,72.38,0.00,,,,
08/06/26 23:25:00,72.46,0.00,,,,
08/06/26 23:30:00,72.46,0.00,,,,
08/06/26 23:35:00,72.46,0.00,,,,
08/06/26 23:40:00,72.46,0.00,,,,
08/06/26 23:45:00,72.46,0.00,,,,
08/06/26 23:50:00,72.46,0.00,,,,
08/06/26 23:55:00,72.38,0.00,,,,
08/07/26 00:00:00,72.38,0.00,,,,
08/07/26 00:05:00,72.38,0.00,,,,
08/07/26 00:10:00,72.46,0.00,,,,
08/07/26 00:15:00,72.38,0.00,,,,
08/07/26 00:20:00,72.38,0.00,,,,
08/07/26 00:25:00,72.38,0.00,,,,
08/07/26 00:30:00,72.38,0.00,,,,
08/07/26 00:35:00,72.38,0.00,,,,
08/07/26 00:40:00,72.38,0.00,,,,
08/07/26 00:45:00,72.30,0.00,,,,
08/07/26 00:50:00,72.38,0.00,,,,
08/07/26 00:55:00,72.46,0.00,,,,
08/07/26 01:00:00,72.46,0.00,,,,
08/07/26 01:05:00,72.30,0.00,,,,
08/07/26 01:10:00,72.38,0.00,,,,
08/07/26 01:15:00,72.38,0.00,,,,
08/07/26 01:20:00,72.30,0.00,,,,
08/07/26 01:25:00,72.38,0.00,,,,
08/07/26 01:30:00,72.46,0.00,,,,
08/07/26 01:35:00,72.38,0.00,,,,
08/07/26 01:40:00,72.30,0.00,,,,
08/07/26 01:45:00,72.30,0.00,,,,
08/07/26 01:50:00,72.38,0.00,,,,
08/07/26 01:55:00,72.30,0.00,,,,
08/07/26 02:00:00,72.38,0.00,,,,
08/07/26 02:05:00,72.30,0.00,,,,
08/07/26 02:10:00,72.38,0.00,,,,
08/07/26 02:15:00,72.30,0.00,,,,
08/07/26 02:20:00,72.30,0.00,,,,
08/07/26 02:25:00,72.30,0.00,,,,
08/07/26 02:30:00,72.23,0.00,,,,
08/07/26 02:35:00,72.23,0.00,,,,
08/07/26 02:40:00,72.23,0.00,,,,
08/07/26 02:45:00,72.23,0.00,,,,
08/07/26 02:50:00,72.23,0.00,,,,
08/07/26 02:55:00,72.23,0.00,,,,
08/07/26 03:00:00,72.23,0.00,,,,
08/07/26 03:05:00,72.23,0.00,,,,
08/07/26 03:10:00,72.23,0.00,,,,
08/07/26 03:15:00,72.15,0.00,,,,
08/07/26 03:20:00,72.30,0.00,,,,
08/07/26 03:25:00,72.23,0.00,,,,
08/07/26 03:30:00,72.23,0.00,,,,
08/07/26 03:35:00,72.23,0.00,,,,
08/07/26 03:40:00,72.07,0.00,,,,
08/07/26 03:45:00,72.23,0.00,,,,
08/07/26 03:50:00,72.23,0.00,,,,
08/07/26 03:55:00,72.15,0.00,,,,
08/07/26 04:00:00,72.15,0.00,,,,
08/07/26 04:05:00,72.07,0.00,,,,
08/07/26 04:10:00,72.07,0.00,,,,
08/07/26 04:15:00,72.15,0.00,,,,
08/07/26 04:20:00,72.07,0.00,,,,
08/07/26 04:25:00,72.15,0.00,,,,
08/07/26 04:30:00,72.00,0.00,,,,
08/07/26 04:35:00,72.07,0.00,,,,
08/07/26 04:40:00,72.07,0.00,,,,
08/07/26 04:45:00,72.00,0.00,,,,
08/07/26 04:50:00,72.00,0.00,,,,
08/07/26 04:55:00,72.00,0.00,,,,
08/07/26 05:00:00,72.00,0.00,,,,
08/07/26 05:05:00,72.07,0.00,,,,
08/07/26 05:10:00,72.00,0.00,,,,
08/07/26 05:15:00,72.07,0.00,,,,
08/07/26 05:20:00,72.00,0.00,,,,
08/07/26 05:25:00,71.92,0.00,,,,
08/07/26 05:30:00,72.00,0.00,,,,
08/07/26 05:35:00,71.92,0.00,,,,
08/07/26 05:40:00,72.00,0.00,,,,
08/07/26 05:45:00,71.92,0.00,,,,
08/07/26 05:50:00,71.92,0.00,,,,
08/07/26 05:55:00,71.92,0.00,,,,
08/07/26 06:00:00,71.84,0.00,,,,
08/07/26 06:05:00,71.92,0.00,,,,
08/07/26 06:10:00,71.84,0.00,,,,
08/07/26 06:15:00,71.84,0.00,,,,
08/07/26 06:20:00,71.84,0.00,,,,
08/07/26 06:25:00,71.84,0.00,,,,
08/07/26 06:30:00,71.84,0.00,,,,
08/07/26 06:35:00,71.76,0.00,,,,
08/07/26 06:40:00,71.76,0.00,,,,
08/07/26 06:45:00,71.76,0.00,,,,
08/07/26 06:50:00,71.76,0.00,,,,
08/07/26 06:55:00,71.84,0.00,,,,
08/07/26 07:00:00,71.76,0.00,,,,
08/07/26 07:05:00,71.84,0.00,,,,
08/07/26 07:10:00,71.61,0.00,,,,
08/07/26 07:15:00,71.76,0.00,,,,
08/07/26 07:20:00,71.76,0.00,,,,
08/07/26 07:25:00,71.69,0.00,,,,
08/07/26 07:30:00,71.69,0.00,,,,
08/07/26 07:35:00,71.76,0.00,,,,
08/07/26 07:40:00,71.69,0.00,,,,
08/07/26 07:45:00,71.69,0.00,,,,
08/07/26 07:50:00,71.69,0.00,,,,
08/07/26 07:55:00,71.61,0.00,,,,
08/07/26 08:00:00,71.61,0.00,,,,
08/07/26 08:05:00,71.61,0.00,,,,
08/07/26 08:10:00,71.61,0.00,,,,
08/07/26 08:15:00,71.61,0.00,,,,
08/07/26 08:20:00,71.69,0.00,,,,
08/07/26 08:25:00,71.69,0.00,,,,
08/07/26 08:30:00,71.69,0.00,,,,
08/07/26 08:35:00,71.76,0.00,,,,
08/07/26 08:40:00,71.69,0.00,,,,
08/07/26 08:45:00,71.76,0.00,,,,
08/07/26 08:50:00,71.69,0.00,,,,
08/07/26 08:55:00,71.61,0.00,,,,
08/07/26 09:00:00,71.76,0.00,,,,
08/07/26 09:05:00,71.69,0.00,,,,
08/07/26 09:10:00,71.76,0.00,,,,
08/07/26 09:15:00,71.76,0.00,,,,
08/07/26 09:20:00,71.84,0.00,,,,
08/07/26 09:25:00,71.76,0.00,,,,
08/07/26 09:30:00,71.84,0.00,,,,
08/07/26 09:35:00,71.84,0.00,,,,
08/07/26 09:40:00,71.84,0.00,,,,
08/07/26 09:45:00,71.84,0.00,,,,
08/07/26 09:50:00,71.92,0.00,,,,
08/07/26 09:55:00,71.92,0.00,,,,
08/07/26 10:00:00,71.84,0.00,,,,
08/07/26 10:05:00,71.92,0.00,,,,
08/07/26 10:10:00,72.00,0.00,,,,
08/07/26 10:15:00,71.92,0.00,,,,
08/07/26 10:20:00,71.92,0.00,,,,
08/07/26 10:25:00,71.92,0.00,,,,
08/07/26 10:30:00,72.00,0.00,,,,
08/07/26 10:35:00,72.00,0.00,,,,
08/07/26 10:40:00,72.00,0.00,,,,
08/07/26 10:45:00,72.00,0.00,,,,
08/07/26 10:50:00,72.00,0.00,,,,
08/07/26 10:55:00,72.07,0.00,,,,
08/07/26 11:00:00,72.00,0.00,,,,
08/07/26 11:05:00,72.07,0.00,,,,
08/07/26 11:10:00,72.07,0.00,,,,
08/07/26 11:15:00,72.00,0.00,,,,
08/07/26 11:20:00,72.07,0.00,,,,
08/07/26 11:25:00,72.07,0.00,,,,
08/07/26 11:30:00,72.00,0.00,,,,
08/07/26 11:35:00,72.07,0.00,,,,
08/07/26 11:40:00,72.07,0.00,,,,
08/07/26 11:45:00,72.15,0.00,,,,
08/07/26 11:50:00,72.15,0.00,,,,
08/07/26 11:55:00,72.15,0.00,,,,
08/07/26 12:00:00,72.15,0.00,,,,
08/07/26 12:05:00,72.23,0.00,,,,
08/07/26 12:10:00,72.07,0.00,,,,
08/07/26 12:15:00,72.23,0.00,,,,
08/07/26 12:20:00,72.15,0.00,,,,
08/07/26 12:25:00,72.23,0.00,,,,
08/07/26 12:30:00,72.15,0.00,,,,
08/07/26 12:35:00,72.23,0.00,,,,
08/07/26 12:40:00,72.23,0.00,,,,
08/07/26 12:45:00,72.23,0.00,,,,
08/07/26 12:50:00,72.30,0.00,,,,
08/07/26 12:55:00,72.23,0.00,,,,
08/07/26 13:00:00,72.23,0.00,,,,
08/07/26 13:05:00,72.23,0.00,,,,
08/07/26 13:10:00,72.38,0.00,,,,
08/07/26 13:15:00,72.23,0.00,,,,
08/07/26 13:20:00,72.30,0.00,,,,
08/07/26 13:25:00,72.38,0.00,,,,
08/07/26 13:30:00,72.23,0.00,,,,
08/07/26 13:35:00,72.30,0.00,,,,
08/07/26 13:40:00,72.38,0.00,,,,
08/07/26 13:45:00,72.38,0.00,,,,
08/07/26 13:50:00,72.38,0.00,,,,
08/07/26 13:55:00,72.38,0.00,,,,
08/07/26 14:00:00,72.54,0.00,,,,
08/07/26 14:05:00,72.46,0.00,,,,
08/07/26 14:10:00,72.46,0.00,,,,
08/07/26 14:15:00,72.46,0.00,,,,
08/07/26 14:20:00,72.46,0.00,,,,
08/07/26 14:25:00,72.38,0.00,,,,
08/07/26 14:30:00,72.54,0.00,,,,
08/07/26 14:35:00,72.54,0.00,,,,
08/07/26 14:40:00,72.54,0.00,,,,
08/07/26 14:45:00,72.54,0.00,,,,
08/07/26 14:50:00,72.61,0.00,,,,
08/07/26 14:55:00,72.61,0.00,,,,
08/07/26 15:00:00,72.61,0.00,,,,
08/07/26 15:05:00,72.54,0.00,,,,
08/07/26 15:10:00,72.61,0.00,,,,
08/07/26 15:15:00,72.54,0.00,,,,
08/07/26 15:20:00,72.61,0.00,,,,
08/07/26 15:25:00,72.69,0.00,,,,
08/07/26 15:30:00,72.61,0.00,,,,
08/07/26 15:35:00,72.61,0.00,,,,
08/07/26 15:40:00,72.69,0.00,,,,
08/07/26 15:45:00,72.69,0.00,,,,
08/07/26 15:50:00,72.69,0.00,,,,
08/07/26 15:55:00,72.69,0.00,,,,
08/07/26 16:00:00,72.61,0.00,,,,
08/07/26 16:05:00,72.69,0.00,,,,
08/07/26 16:10:00,72.69,0.00,,,,
08/07/26 16:15:00,72.69,0.00,,,,
08/07/26 16:20:00,72.69,0.00,,,,
08/07/26 16:25:00,72.69,0.00,,,,
08/07/26 16:30:00,72.77,0.00,,,,
08/07/26 16:35:00,72.69,0.00,,,,
08/07/26 16:40:00,72.77,0.00,,,,
08/07/26 16:45:00,72.77,0.00,,,,
08/07/26 16:50:00,72.69,0.00,,,,
08/07/26 16:55:00,72.77,0.00,,,,
08/07/26 17:00:00,72.77,0.00,,,,
08/07/26 17:05:00,72.69,0.00,,,,
08/07/26 17:10:00,72.84,0.00,,,,
08/07/26 17:15:00,72.77,0.00,,,,
08/07/26 17:20:00,72.84,0.00,,,,
08/07/26 17:25:00,72.84,0.00,,,,
08/07/26 17:30:00,72.77,0.00,,,,
08/07/26 17:35:00,72.77,0.00,,,,
08/07/26 17:40:00,72.84,0.00,,,,
08/07/26 17:45:00,72.84,0.00,,,,
08/07/26 17:50:00,72.92,0.00,,,,
08/07/26 17:55:00,72.84,0.00,,,,
08/07/26 18:00:00,72.92,0.00,,,,
08/07/26 18:05:00,72.84,0.00,,,,
08/07/26 18:10:00,72.84,0.00,,,,
08/07/26 18:15:00,72.92,0.00,,,,
08/07/26 18:20:00,72.77,0.00,,,,
08/07/26 18:25:00,72.92,0.00,,,,
08/07/26 18:30:00,72.84,0.00,,,,
08/07/26 18:35:00,72.84,0.00,,,,
08/07/26 18:40:00,72.84,0.00,,,,
08/07/26 18:45:00,72.92,0.00,,,,
08/07/26 18:50:00,72.84,0.00,,,,
08/07/26 18:55:00,72.92,0.00,,,,
08/07/26 19:00:00,72.84,0.00,,,,
08/07/26 19:05:00,72.92,0.00,,,,
08/07/26 19:10:00,72.92,0.00,,,,
08/07/26 19:15:00,72.92,0.00,,,,
08/07/26 19:20:00,73.00,0.00,,,,
08/07/26 19:25:00,72.92,0.00,,,,
08/07/26 19:30:00,72.92,0.00,,,,
08/07/26 19:35:00,73.00,0.00,,,,
08/07/26 19:40:00,73.00,0.00,,,,
08/07/26 19:45:00,72.92,0.00,,,,
08/07/26 19:50:00,73.00,0.00,,,,
08/07/26 19:55:00,73.00,0.00,,,,
08/07/26 20:00:00,72.92,0.00,,,,
08/07/26 20:05:00,73.00,0.00,,,,
08/07/26 20:10:00,73.00,0.00,,,,
08/07/26 20:15:00,72.92,0.00,,,,
08/07/26 20:20:00,73.00,0.00,,,,
08/07/26 20:25:00,73.00,0.00,,,,
08/07/26 20:30:00,72.92,0.00,,,,
08/07/26 20:35:00,72.92,0.00,,,,
08/07/26 20:40:00,72.92,0.00,,,,
08/07/26 20:45:00,73.00,0.00,,,,
08/07/26 20:50:00,72.92,0.00,,,,
08/07/26 20:55:00,73.00,0.00,,,,
08/07/26 21:00:00,73.00,0.00,,,,
08/07/26 21:05:00,73.00,0.00,,,,
08/07/26 21:10:00,73.00,0.00,,,,
08/07/26 21:15:00,72.92,0.00,,,,
08/07/26 21:20:00,72.92,0.00,,,,
08/07/26 21:25:00,73.00,0.00,,,,
08/07/26 21:30:00,73.00,0.00,,,,
08/07/26 21:35:00,72.92,0.00,,,,
08/07/26 21:40:00,73.08,0.00,,,,
08/07/26 21:45:00,73.00,0.00,,,,
08/07/26 21:50:00,73.00,0.00,,,,
08/07/26 21:55:00,73.00,0.00,,,,
08/07/26 22:00:00,73.00,0.00,,,,
08/07/26 22:05:00,73.08,0.00,,,,
08/07/26 22:10:00,73.08,0.00,,,,
08/07/26 22:15:00,73.00,0.00,,,,
08/07/26 22:20:00,73.00,0.00,,,,
08/07/26 22:25:00,73.00,0.00,,,,
08/07/26 22:30:00,73.00,0.00,,,,
08/07/26 22:35:00,72.92,0.00,,,,
08/07/26 22:40:00,72.92,0.00,,,,
08/07/26 22:45:00,73.00,0.00,,,,
08/07/26 22:50:00,73.00,0.00,,,,
08/07/26 22:55:00,73.00,0.00,,,,
08/07/26 23:00:00,73.00,0.00,,,,
08/07/26 23:05:00,72.92,0.00,,,,
08/07/26 23:10:00,72.92,0.00,,,,
08/07/26 23:15:00,72.92,0.00,,,,
08/07/26 23:20:00,73.00,0.00,,,,
08/07/26 23:25:00,73.00,0.00,,,,
08/07/26 23:30:00,73.00,0.00,,,,
08/07/26 23:35:00,72.92,0.00,,,,
08/07/26 23:40:00,72.92,0.00,,,,
08/07/26 23:45:00,73.00,0.00,,,,
08/07/26 23:50:00,72.92,0.00,,,,
08/07/26 23:55:00,73.00,0.00,,,,
08/08/26 00:00:00,72.92,0.00,,,,
08/08/26 00:05:00,72.92,0.00,,,,
08/08/26 00:10:00,72.92,0.00,,,,
08/08/26 00:15:00,72.92,0.00,,,,
08/08/26 00:20:00,72.92,0.00,,,,
08/08/26 00:25:00,73.00,0.00,,,,
08/08/26 00:30:00,72.92,0.00,,,,
08/08/26 00:35:00,73.00,0.00,,,,
08/08/26 00:40:00,72.84,0.00,,,,
08/08/26 00:45:00,72.92,0.00,,,,
08/08/26 00:50:00,72.84,0.00,,,,
08/08/26 00:55:00,72.92,0.00,,,,
08/08/26 01:00:00,72.92,0.00,,,,
08/08/26 01:05:00,72.92,0.00,,,,
08/08/26 01:10:00,72.92,0.00,,,,
08/08/26 01:15:00,72.92,0.00,,,,
08/08/26 01:20:00,72.84,0.00,,,,
08/08/26 01:25:00,72.92,0.00,,,,
08/08/26 01:30:00,72.84,0.00,,,,
08/08/26 01:35:00,72.92,0.00,,,,
08/08/26 01:40:00,72.92,0.00,,,,
08/08/26 01:45:00,72.84,0.00,,,,
08/08/26 01:50:00,72.92,0.00,,,,
08/08/26 01:55:00,72.92,0.00,,,,
08/08/26 02:00:00,72.84,0.00,,,,
08/08/26 02:05:00,72.84,0.00,,,,
08/08/26 02:10:00,72.77,0.00,,,,
08/08/26 02:15:00,72.77,0.00,,,,
08/08/26 02:20:00,72.77,0.00,,,,
08/08/26 02:25:00,72.77,0.00,,,,
08/08/26 02:30:00,72.77,0.00,,,,
08/08/26 02:35:00,72.77,0.00,,,,
08/08/26 02:40:00,72.77,0.00,,,,
08/08/26 02:45:00,72.69,0.00,,,,
08/08/26 02:50:00,72.77,0.00,,,,
08/08/26 02:55:00,72.69,0.00,,,,
08/08/26 03:00:00,72.77,0.00,,,,
08/08/26 03:05:00,72.77,0.00,,,,
08/08/26 03:10:00,72.69,0.00,,,,
08/08/26 03:15:00,72.69,0.00,,,,
08/08/26 03:20:00,72.61,0.00,,,,
08/08/26 03:25:00,72.69,0.00,,,,
08/08/26 03:30:00,72.61,0.00,,,,
08/08/26 03:35:00,72.61,0.00,,,,
08/08/26 03:40:00,72.61,0.00,,,,
08/08/26 03:45:00,72.69,0.00,,,,
08/08/26 03:50:00,72.61,0.00,,,,
08/08/26 03:55:00,72.69,0.00,,,,
08/08/26 04:00:00,72.69,0.00,,,,
08/08/26 04:05:00,72.61,0.00,,,,
08/08/26 04:10:00,72.61,0.00,,,,
08/08/26 04:15:00,72.61,0.00,,,,
08/08/26 04:20:00,72.54,0.00,,,,
08/08/26 04:25:00,72.61,0.00,,,,
08/08/26 04:30:00,72.54,0.00,,,,
08/08/26 04:35:00,72.54,0.00,,,,
08/08/26 04:40:00,72.54,0.00,,,,
08/08/26 04:45:00,72.54,0.00,,,,
08/08/26 04:50:00,72.46,0.00,,,,
08/08/26 04:55:00,72.46,0.00,,,,
08/08/26 05:00:00,72.46,0.00,,,,
08/08/26 05:05:00,72.46,0.00,,,,
08/08/26 05:10:00,72.46,0.00,,,,
08/08/26 05:15:00,72.30,0.00,,,,
08/08/26 05:20:00,72.46,0.00,,,,
08/08/26 05:25:00,72.38,0.00,,,,
08/08/26 05:30:00,72.38,0.00,,,,
08/08/26 05:35:00,72.38,0.00,,,,
08/08/26 05:40:00,72.38,0.00,,,,
08/08/26 05:45:00,72.30,0.00,,,,
08/08/26 05:50:00,72.30,0.00,,,,
08/08/26 05:55:00,72.38,0.00,,,,
08/08/26 06:00:00,72.30,0.00,,,,
08/08/26 06:05:00,72.30,0.00,,,,
08/08/26 06:10:00,72.38,0.00,,,,
08/08/26 06:15:00,72.23,0.00,,,,
08/08/26 06:20:00,72.30,0.00,,,,
08/08/26 06:25:00,72.23,0.00,,,,
08/08/26 06:30:00,72.30,0.00,,,,
08/08/26 06:35:00,72.23,0.00,,,,
08/08/26 06:40:00,72.23,0.00,,,,
08/08/26 06:45:00,72.23,0.00,,,,
08/08/26 06:50:00,72.23,0.00,,,,
08/08/26 06:55:00,72.15,0.00,,,,
08/08/26 07:00:00,72.15,0.00,,,,
08/08/26 07:05:00,72.15,0.00,,,,
08/08/26 07:10:00,72.15,0.00,,,,
08/08/26 07:15:00,72.07,0.00,,,,
08/08/26 07:20:00,72.15,0.00,,,,
08/08/26 07:25:00,72.07,0.00,,,,
08/08/26 07:30:00,72.15,0.00,,,,
08/08/26 07:35:00,72.07,0.00,,,,
08/08/26 07:40:00,72.07,0.00,,,,
08/08/26 07:45:00,72.00,0.00,,,,
08/08/26 07:50:00,72.07,0.00,,,,
08/08/26 07:55:00,72.00,0.00,,,,
08/08/26 08:00:00,72.00,0.00,,,,
08/08/26 08:05:00,72.00,0.00,,,,
08/08/26 08:10:00,72.00,0.00,,,,
08/08/26 08:15:00,72.00,0.00,,,,
08/08/26 08:20:00,72.00,0.00,,,,
08/08/26 08:25:00,72.00,0.00,,,,
08/08/26 08:30:00,72.00,0.00,,,,
08/08/26 08:35:00,71.92,0.00,,,,
08/08/26 08:40:00,71.92,0.00,,,,
08/08/26 08:45:00,71.84,0.00,,,,
08/08/26 08:50:00,71.84,0.00,,,,
08/08/26 08:55:00,71.92,0.00,,,,
08/08/26 09:00:00,71.92,0.00,,,,
08/08/26 09:05:00,71.92,0.00,,,,
08/08/26 09:10:00,71.84,0.00,,,,
08/08/26 09:15:00,71.92,0.00,,,,
08/08/26 09:20:00,71.92,0.00,,,,
08/08/26 09:25:00,71.92,0.00,,,,
08/08/26 09:30:00,71.92,0.00,,,,
08/08/26 09:35:00,71.84,0.00,,,,
08/08/26 09:40:00,71.92,0.00,,,,
08/08/26 09:45:00,71.76,0.00,,,,
08/08/26 09:50:00,71.84,0.00,,,,
08/08/26 09:55:00,71.84,0.00,,,,
08/08/26 10:00:00,71.76,0.00,,,,
08/08/26 10:05:00,71.76,0.00,,,,
08/08/26 10:10:00,71.76,0.00,,,,
08/08/26 10:15:00,71.76,0.00,,,,
08/08/26 10:20:00,71.76,0.00,,,,
08/08/26 10:25:00,71.84,0.00,,,,
08/08/26 10:30:00,71.76,0.00,,,,
08/08/26 10:35:00,71.76,0.00,,,,
08/08/26 10:40:00,71.76,0.00,,,,
08/08/26 10:45:00,71.69,0.00,,,,
08/08/26 10:50:00,71.84,0.00,,,,
08/08/26 10:55:00,71.76,0.00,,,,
08/08/26 11:00:00,71.69,0.00,,,,
08/08/26 11:05:00,71.69,0.00,,,,
08/08/26 11:10:00,71.69,0.00,,,,
08/08/26 11:15:00,71.76,0.00,,,,
08/08/26 11:20:00,71.69,0.00,,,,
08/08/26 11:25:00,71.69,0.00,,,,
08/08/26 11:30:00,71.76,0.00,,,,
08/08/26 11:35:00,71.69,0.00,,,,
08/08/26 11:40:00,71.69,0.00,,,,
08/08/26 11:45:00,71.76,0.00,,,,
08/08/26 11:50:00,71.76,0.00,,,,
08/08/26 11:55:00,71.76,0.00,,,,
08/08/26 12:00:00,71.76,0.00,,,,
08/08/26 12:05:00,71.84,0.00,,,,
08/08/26 12:10:00,71.76,0.00,,,,
08/08/26 12:15:00,71.84,0.00,,,,
08/08/26 12:20:00,71.92,0.00,,,,
08/08/26 12:25:00,71.84,0.00,,,,
08/08/26 12:30:00,71.76,0.00,,,,
08/08/26 12:35:00,71.84,0.00,,,,
08/08/26 12:40:00,71.92,0.00,,,,
08/08/26 12:45:00,71.84,0.00,,,,
08/08/26 12:50:00,71.84,0.00,,,,
08/08/26 12:55:00,71.84,0.00,,,,
08/08/26 13:00:00,71.84,0.00,,,,
08/08/26 13:05:00,71.84,0.00,,,,
08/08/26 13:10:00,71.84,0.00,,,,
08/08/26 13:15:00,71.92,0.00,,,,
08/08/26 13:20:00,72.00,0.00,,,,
08/08/26 13:25:00,72.00,0.00,,,,
08/08/26 13:30:00,72.00,0.00,,,,
08/08/26 13:35:00,71.92,0.00,,,,
08/08/26 13:40:00,72.00,0.00,,,,
08/08/26 13:45:00,72.00,0.00,,,,
08/08/26 13:50:00,72.00,0.00,,,,
08/08/26 13:55:00,72.07,0.00,,,,
08/08/26 14:00:00,72.07,0.00,,,,
08/08/26 14:05:00,72.00,0.00,,,,
08/08/26 14:10:00,72.07,0.00,,,,
08/08/26 14:15:00,72.07,0.00,,,,
08/08/26 14:20:00,72.15,0.00,,,,
08/08/26 14:25:00,72.07,0.00,,,,
08/08/26 14:30:00,72.15,0.00,,,,
08/08/26 14:35:00,72.07,0.00,,,,
08/08/26 14:40:00,72.15,0.00,,,,
08/08/26 14:45:00,72.15,0.00,,,,
08/08/26 14:50:00,72.30,0.00,,,,
08/08/26 14:55:00,72.30,0.00,,,,
08/08/26 15:00:00,72.23,0.00,,,,
08/08/26 15:05:00,72.23,0.00,,,,
08/08/26 15:10:00,72.23,0.00,,,,
08/08/26 15:15:00,72.30,0.00,,,,
08/08/26 15:20:00,72.23,0.00,,,,
08/08/26 15:25:00,72.23,0.00,,,,
08/08/26 15:30:00,72.23,0.00,,,,
08/08/26 15:35:00,72.38,0.00,,,,
08/08/26 15:40:00,72.30,0.00,,,,
08/08/26 15:45:00,72.23,0.00,,,,
08/08/26 15:50:00,72.30,0.00,,,,
08/08/26 15:55:00,72.30,0.00,,,,
08/08/26 16:00:00,72.38,0.00,,,,
08/08/26 16:05:00,72.30,0.00,,,,
08/08/26 16:10:00,72.30,0.00,,,,
08/08/26 16:15:00,72.30,0.00,,,,
08/08/26 16:20:00,72.38,0.00,,,,
08/08/26 16:25:00,72.30,0.00,,,,
08/08/26 16:30:00,72.30,0.00,,,,
08/08/26 16:35:00,72.30,0.00,,,,
08/08/26 16:40:00,72.38,0.00,,,,
08/08/26 16:45:00,72.30,0.00,,,,
08/08/26 16:50:00,72.38,0.00,,,,
08/08/26 16:55:00,72.38,0.00,,,,
08/08/26 17:00:00,72.38,0.00,,,,
08/08/26 17:05:00,72.38,0.00,,,,
08/08/26 17:10:00,72.38,0.00,,,,
08/08/26 17:15:00,72.38,0.00,,,,
08/08/26 17:20:00,72.38,0.00,,,,
08/08/26 17:25:00,72.46,0.00,,,,
08/08/26 17:30:00,72.38,0.00,,,,
08/08/26 17:35:00,72.38,0.00,,,,
08/08/26 17:40:00,72.38,0.00,,,,
08/08/26 17:45:00,72.38,0.00,,,,
08/08/26 17:50:00,72.46,0.00,,,,
08/08/26 17:55:00,72.54,0.00,,,,
08/08/26 18:00:00,72.46,0.00,,,,
08/08/26 18:05:00,72.46,0.00,,,,
08/08/26 18:10:00,72.54,0.00,,,,
08/08/26 18:15:00,72.46,0.00,,,,
08/08/26 18:20:00,72.46,0.00,,,,
08/08/26 18:25:00,72.46,0.00,,,,
08/08/26 18:30:00,72.54,0.00,,,,
08/08/26 18:35:00,72.54,0.00,,,,
08/08/26 18:40:00,72.46,0.00,,,,
08/08/26 18:45:00,72.46,0.00,,,,
08/08/26 18:50:00,72.46,0.00,,,,
08/08/26 18:55:00,72.46,0.00,,,,
08/08/26 19:00:00,72.54,0.00,,,,
08/08/26 19:05:00,72.38,0.00,,,,
08/08/26 19:10:00,72.54,0.00,,,,
08/08/26 19:15:00,72.54,0.00,,,,
08/08/26 19:20:00,72.54,0.00,,,,
08/08/26 19:25:00,72.54,0.00,,,,
08/08/26 19:30:00,72.54,0.00,,,,
08/08/26 19:35:00,72.54,0.00,,,,
08/08/26 19:40:00,72.46,0.00,,,,
08/08/26 19:45:00,72.54,0.00,,,,
08/08/26 19:50:00,72.46,0.00,,,,
08/08/26 19:55:00,72.54,0.00,,,,
08/08/26 20:00:00,72.61,0.00,,,,
08/08/26 20:05:00,72.61,0.00,,,,
08/08/26 20:10:00,72.54,0.00,,,,
08/08/26 20:15:00,72.61,0.00,,,,
08/08/26 20:20:00,72.54,0.00,,,,
08/08/26 20:25:00,72.54,0.00,,,,
08/08/26 20:30:00,72.54,0.00,,,,
08/08/26 20:35:00,72.54,0.00,,,,
08/08/26 20:40:00,72.54,0.00,,,,
08/08/26 20:45:00,72.61,0.00,,,,
08/08/26 20:50:00,72.61,0.00,,,,
08/08/26 20:55:00,72.61,0.00,,,,
08/08/26 21:00:00,72.61,0.00,,,,
08/08/26 21:05:00,72.54,0.00,,,,
08/08/26 21:10:00,72.54,0.00,,,,
08/08/26 21:15:00,72.46,0.00,,,,
08/08/26 21:20:00,72.46,0.00,,,,
08/08/26 21:25:00,72.54,0.00,,,,
08/08/26 21:30:00,72.54,0.00,,,,
08/08/26 21:35:00,72.61,0.00,,,,
08/08/26 21:40:00,72.54,0.00,,,,
08/08/26 21:45:00,72.54,0.00,,,,
08/08/26 21:50:00,72.54,0.00,,,,
08/08/26 21:55:00,72.54,0.00,,,,
08/08/26 22:00:00,72.54,0.00,,,,
08/08/26 22:05:00,72.61,0.00,,,,
08/08/26 22:10:00,72.54,0.00,,,,
08/08/26 22:15:00,72.46,0.00,,,,
08/08/26 22:20:00,72.61,0.00,,,,
08/08/26 22:25:00,72.46,0.00,,,,
08/08/26 22:30:00,72.54,0.00,,,,
08/08/26 22:35:00,72.54,0.00,,,,
08/08/26 22:40:00,72.46,0.00,,,,
08/08/26 22:45:00,72.61,0.00,,,,
08/08/26 22:50:00,72.46,0.00,,,,
08/08/26 22:55:00,72.69,0.00,,,,
08/08/26 23:00:00,72.46,0.00,,,,
08/08/26 23:05:00,72.54,0.00,,,,
08/08/26 23:10:00,72.54,0.00,,,,
08/08/26 23:15:00,72.54,0.00,,,,
08/08/26 23:20:00,72.54,0.00,,,,
08/08/26 23:25:00,72.54,0.00,,,,
08/08/26 23:30:00,72.54,0.00,,,,
08/08/26 23:35:00,72.46,0.00,,,,
08/08/26 23:40:00,72.46,0.00,,,,
08/08/26 23:45:00,72.46,0.00,,,,
08/08/26 23:50:00,72.54,0.00,,,,
08/08/26 23:55:00,72.46,0.00,,,,
08/09/26 00:00:00,72.46,0.00,,,,
08/09/26 00:05:00,72.46,0.00,,,,
08/09/26 00:10:00,72.54,0.00,,,,
08/09/26 00:15:00,72.46,0.00,,,,
08/09/26 00:20:00,72.46,0.00,,,,
08/09/26 00:25:00,72.46,0.00,,,,
08/09/26 00:30:00,72.46,0.00,,,,
08/09/26 00:35:00,72.46,0.00,,,,
08/09/26 00:40:00,72.38,0.00,,,,
08/09/26 00:45:00,72.38,0.00,,,,
08/09/26 00:50:00,72.46,0.00,,,,
08/09/26 00:55:00,72.46,0.00,,,,
08/09/26 01:00:00,72.38,0.00,,,,
08/09/26 01:05:00,72.38,0.00,,,,
08/09/26 01:10:00,72.46,0.00,,,,
08/09/26 01:15:00,72.38,0.00,,,,
08/09/26 01:20:00,72.38,0.00,,,,
08/09/26 01:25:00,72.38,0.00,,,,
08/09/26 01:30:00,72.38,0.00,,,,
08/09/26 01:35:00,72.38,0.00,,,,
08/09/26 01:40:00,72.30,0.00,,,,
08/09/26 01:45:00,72.30,0.00,,,,
08/09/26 01:50:00,72.30,0.00,,,,
08/09/26 01:55:00,72.38,0.00,,,,
08/09/26 02:00:00,72.38,0.00,,,,
08/09/26 02:05:00,72.30,0.00,,,,
08/09/26 02:10:00,72.23,0.00,,,,
08/09/26 02:15:00,72.30,0.00,,,,
08/09/26 02:20:00,72.30,0.00,,,,
08/09/26 02:25:00,72.23,0.00,,,,
08/09/26 02:30:00,72.23,0.00,,,,
08/09/26 02:35:00,72.30,0.00,,,,
08/09/26 02:40:00,72.23,0.00,,,,
08/09/26 02:45:00,72.23,0.00,,,,
08/09/26 02:50:00,72.15,0.00,,,,
08/09/26 02:55:00,72.15,0.00,,,,
08/09/26 03:00:00,72.15,0.00,,,,
08/09/26 03:05:00,72.23,0.00,,,,
08/09/26 03:10:00,72.07,0.00,,,,
08/09/26 03:15:00,72.15,0.00,,,,
08/09/26 03:20:00,72.15,0.00,,,,
08/09/26 03:25:00,72.15,0.00,,,,
08/09/26 03:30:00,72.23,0.00,,,,
08/09/26 03:35:00,72.07,0.00,,,,
08/09/26 03:40:00,72.15,0.00,,,,
08/09/26 03:45:00,72.00,0.00,,,,
08/09/26 03:50:00,72.00,0.00,,,,
08/09/26 03:55:00,72.07,0.00,,,,
08/09/26 04:00:00,72.00,0.00,,,,
08/09/26 04:05:00,72.07,0.00,,,,
08/09/26 04:10:00,72.07,0.00,,,,
08/09/26 04:15:00,72.00,0.00,,,,
08/09/26 04:20:00,72.00,0.00,,,,
08/09/26 04:25:00,71.92,0.00,,,,
08/09/26 04:30:00,71.92,0.00,,,,
08/09/26 04:35:00,72.00,0.00,,,,
08/09/26 04:40:00,72.00,0.00,,,,
08/09/26 04:45:00,71.84,0.00,,,,
08/09/26 04:50:00,71.92,0.00,,,,
08/09/26 04:55:00,71.84,0.00,,,,
08/09/26 05:00:00,71.84,0.00,,,,
08/09/26 05:05:00,71.84,0.00,,,,
08/09/26 05:10:00,71.84,0.00,,,,
08/09/26 05:15:00,71.84,0.00,,,,
08/09/26 05:20:00,71.84,0.00,,,,
08/09/26 05:25:00,71.76,0.00,,,,
08/09/26 05:30:00,71.84,0.00,,,,
08/09/26 05:35:00,71.76,0.00,,,,
08/09/26 05:40:00,71.76,0.00,,,,
08/09/26 05:45:00,71.76,0.00,,,,
08/09/26 05:50:00,71.76,0.00,,,,
08/09/26 05:55:00,71.76,0.00,,,,
08/09/26 06:00:00,71.69,0.00,,,,
08/09/26 06:05:00,71.61,0.00,,,,
08/09/26 06:10:00,71.61,0.00,,,,
08/09/26 06:15:00,71.61,0.00,,,,
08/09/26 06:20:00,71.69,0.00,,,,
08/09/26 06:25:00,71.53,0.00,,,,
08/09/26 06:30:00,71.61,0.00,,,,
08/09/26 06:35:00,71.61,0.00,,,,
08/09/26 06:40:00,71.53,0.00,,,,
08/09/26 06:45:00,71.61,0.00,,,,
08/09/26 06:50:00,71.61,0.00,,,,
08/09/26 06:55:00,71.53,0.00,,,,
08/09/26 07:00:00,71.53,0.00,,,,
08/09/26 07:05:00,71.53,0.00,,,,
08/09/26 07:10:00,71.53,0.00,,,,
08/09/26 07:15:00,71.53,0.00,,,,
08/09/26 07:20:00,71.45,0.00,,,,
08/09/26 07:25:00,71.45,0.00,,,,
08/09/26 07:30:00,71.45,0.00,,,,
08/09/26 07:35:00,71.38,0.00,,,,
08/09/26 07:40:00,71.45,0.00,,,,
08/09/26 07:45:00,71.30,0.00,,,,
08/09/26 07:50:00,71.38,0.00,,,,
08/09/26 07:55:00,71.38,0.00,,,,
08/09/26 08:00:00,71.30,0.00,,,,
08/09/26 08:05:00,71.38,0.00,,,,
08/09/26 08:10:00,71.38,0.00,,,,
08/09/26 08:15:00,71.30,0.00,,,,
08/09/26 08:20:00,71.30,0.00,,,,
08/09/26 08:25:00,71.30,0.00,,,,
08/09/26 08:30:00,71.30,0.00,,,,
08/09/26 08:35:00,71.22,0.00,,,,
08/09/26 08:40:00,71.30,0.00,,,,
08/09/26 08:45:00,71.22,0.00,,,,
08/09/26 08:50:00,71.22,0.00,,,,
08/09/26 08:55:00,71.22,0.00,,,,
08/09/26 09:00:00,71.30,0.00,,,,
08/09/26 09:05:00,71.22,0.00,,,,
08/09/26 09:10:00,71.30,0.00,,,,
08/09/26 09:15:00,71.15,0.00,,,,
08/09/26 09:20:00,71.15,0.00,,,,
08/09/26 09:25:00,71.15,0.00,,,,
08/09/26 09:30:00,71.15,0.00,,,,
08/09/26 09:35:00,71.15,0.00,,,,
08/09/26 09:40:00,71.15,0.00,,,,
08/09/26 09:45:00,71.15,0.00,,,,
08/09/26 09:50:00,71.22,0.00,,,,
08/09/26 09:55:00,71.15,0.00,,,,
08/09/26 10:00:00,71.07,0.00,,,,
08/09/26 10:05:00,71.15,0.00,,,,
08/09/26 10:10:00,71.07,0.00,,,,
08/09/26 10:15:00,71.07,0.00,,,,
08/09/26 10:20:00,71.07,0.00,,,,
08/09/26 10:25:00,71.07,0.00,,,,
08/09/26 10:30:00,71.15,0.00,,,,
08/09/26 10:35:00,71.07,0.00,,,,
08/09/26 10:40:00,71.15,0.00,,,,
08/09/26 10:45:00,71.15,0.00,,,,
08/09/26 10:50:00,71.15,0.00,,,,
08/09/26 10:55:00,71.15,0.00,,,,
08/09/26 11:00:00,71.22,0.00,,,,
08/09/26 11:05:00,71.15,0.00,,,,
08/09/26 11:10:00,71.07,0.00,,,,
08/09/26 11:15:00,71.07,0.00,,,,
08/09/26 11:20:00,71.15,0.00,,,,
08/09/26 11:25:00,71.15,0.00,,,,
08/09/26 11:30:00,71.15,0.00,,,,
08/09/26 11:35:00,71.15,0.00,,,,
08/09/26 11:40:00,71.15,0.00,,,,
08/09/26 11:45:00,71.07,0.00,,,,
08/09/26 11:50:00,71.15,0.00,,,,
08/09/26 11:55:00,71.22,0.00,,,,
08/09/26 12:00:00,71.15,0.00,,,,
08/09/26 12:05:00,71.22,0.00,,,,
08/09/26 12:10:00,71.15,0.00,,,,
08/09/26 12:15:00,71.22,0.00,,,,
08/09/26 12:20:00,71.30,0.00,,,,
08/09/26 12:25:00,71.22,0.00,,,,
08/09/26 12:30:00,71.22,0.00,,,,
08/09/26 12:35:00,71.22,0.00,,,,
08/09/26 12:40:00,71.22,0.00,,,,
08/09/26 12:45:00,71.22,0.00,,,,
08/09/26 12:50:00,71.22,0.00,,,,
08/09/26 12:55:00,71.30,0.00,,,,
08/09/26 13:00:00,71.38,0.00,,,,
08/09/26 13:05:00,71.22,0.00,,,,
08/09/26 13:10:00,71.38,0.00,,,,
08/09/26 13:15:00,71.30,0.00,,,,
08/09/26 13:20:00,71.30,0.00,,,,
08/09/26 13:25:00,71.30,0.00,,,,
08/09/26 13:30:00,71.30,0.00,,,,
08/09/26 13:35:00,71.30,0.00,,,,
08/09/26 13:40:00,71.38,0.00,,,,
08/09/26 13:45:00,71.38,0.00,,,,
08/09/26 13:50:00,71.38,0.00,,,,
08/09/26 13:55:00,71.45,0.00,,,,
08/09/26 14:00:00,71.45,0.00,,,,
08/09/26 14:05:00,71.38,0.00,,,,
08/09/26 14:10:00,71.38,0.00,,,,
08/09/26 14:15:00,71.38,0.00,,,,
08/09/26 14:20:00,71.38,0.00,,,,
08/09/26 14:25:00,71.45,0.00,,,,
08/09/26 14:30:00,71.45,0.00,,,,
08/09/26 14:35:00,71.45,0.00,,,,
08/09/26 14:40:00,71.38,0.00,,,,
08/09/26 14:45:00,71.45,0.00,,,,
08/09/26 14:50:00,71.45,0.00,,,,
08/09/26 14:55:00,71.45,0.00,,,,
08/09/26 15:00:00,71.45,0.00,,,,
08/09/26 15:05:00,71.53,0.00,,,,
08/09/26 15:10:00,71.53,0.00,,,,
08/09/26 15:15:00,71.53,0.00,,,,
08/09/26 15:20:00,71.53,0.00,,,,
08/09/26 15:25:00,71.45,0.00,,,,
08/09/26 15:30:00,71.53,0.00,,,,
08/09/26 15:35:00,71.53,0.00,,,,
08/09/26 15:40:00,71.45,0.00,,,,
08/09/26 15:45:00,71.53,0.00,,,,
08/09/26 15:50:00,71.53,0.00,,,,
08/09/26 15:55:00,71.53,0.00,,,,
08/09/26 16:00:00,71.53,0.00,,,,
08/09/26 16:05:00,71.45,0.00,,,,
08/09/26 16:10:00,71.45,0.00,,,,
08/09/26 16:15:00,71.53,0.00,,,,
08/09/26 16:20:00,71.53,0.00,,,,
08/09/26 16:25:00,71.53,0.00,,,,
08/09/26 16:30:00,71.45,0.00,,,,
08/09/26 16:35:00,71.45,0.00,,,,
08/09/26 16:40:00,71.53,0.00,,,,
08/09/26 16:45:00,71.53,0.00,,,,
08/09/26 16:50:00,71.53,0.00,,,,
08/09/26 16:55:00,71.45,0.00,,,,
08/09/26 17:00:00,71.61,0.00,,,,
08/09/26 17:05:00,71.61,0.00,,,,
08/09/26 17:10:00,71.53,0.00,,,,
08/09/26 17:15:00,71.53,0.00,,,,
08/09/26 17:20:00,71.53,0.00,,,,
08/09/26 17:25:00,71.61,0.00,,,,
08/09/26 17:30:00,71.45,0.00,,,,
08/09/26 17:35:00,71.61,0.00,,,,
08/09/26 17:40:00,71.53,0.00,,,,
08/09/26 17:45:00,71.53,0.00,,,,
08/09/26 17:50:00,71.53,0.00,,,,
08/09/26 17:55:00,71.61,0.00,,,,
08/09/26 18:00:00,71.53,0.00,,,,
08/09/26 18:05:00,71.61,0.00,,,,
08/09/26 18:10:00,71.53,0.00,,,,
08/09/26 18:15:00,71.53,0.00,,,,
08/09/26 18:20:00,71.53,0.00,,,,
08/09/26 18:25:00,71.53,0.00,,,,
08/09/26 18:30:00,71.45,0.00,,,,
08/09/26 18:35:00,71.45,0.00,,,,
08/09/26 18:40:00,71.53,0.00,,,,
08/09/26 18:45:00,71.53,0.00,,,,
08/09/26 18:50:00,71.53,0.00,,,,
08/09/26 18:55:00,71.45,0.00,,,,
08/09/26 19:00:00,71.53,0.00,,,,
08/09/26 19:05:00,71.53,0.00,,,,
08/09/26 19:10:00,71.53,0.00,,,,
08/09/26 19:15:00,71.53,0.00,,,,
08/09/26 19:20:00,71.53,0.00,,,,
08/09/26 19:25:00,71.53,0.00,,,,
08/09/26 19:30:00,71.53,0.00,,,,
08/09/26 19:35:00,71.53,0.00,,,,
08/09/26 19:40:00,71.45,0.00,,,,
08/09/26 19:45:00,71.53,0.00,,,,
08/09/26 19:50:00,71.53,0.00,,,,
08/09/26 19:55:00,71.53,0.00,,,,
08/09/26 20:00:00,71.38,0.00,,,,
08/09/26 20:05:00,71.53,0.00,,,,
08/09/26 20:10:00,71.53,0.00,,,,
08/09/26 20:15:00,71.53,0.00,,,,
08/09/26 20:20:00,71.61,0.00,,,,
08/09/26 20:25:00,71.45,0.00,,,,
08/09/26 20:30:00,71.53,0.00,,,,
08/09/26 20:35:00,71.45,0.00,,,,
08/09/26 20:40:00,71.53,0.00,,,,
08/09/26 20:45:00,71.53,0.00,,,,
08/09/26 20:50:00,71.45,0.00,,,,
08/09/26 20:55:00,71.53,0.00,,,,
08/09/26 21:00:00,71.53,0.00,,,,
08/09/26 21:05:00,71.45,0.00,,,,
08/09/26 21:10:00,71.45,0.00,,,,
08/09/26 21:15:00,71.53,0.00,,,,
08/09/26 21:20:00,71.53,0.00,,,,
08/09/26 21:25:00,71.53,0.00,,,,
08/09/26 21:30:00,71.45,0.00,,,,
08/09/26 21:35:00,71.45,0.00,,,,
08/09/26 21:40:00,71.53,0.00,,,,
08/09/26 21:45:00,71.45,0.00,,,,
08/09/26 21:50:00,71.53,0.00,,,,
08/09/26 21:55:00,71.45,0.00,,,,
08/09/26 22:00:00,71.53,0.00,,,,
08/09/26 22:05:00,71.53,0.00,,,,
08/09/26 22:10:00,71.45,0.00,,,,
08/09/26 22:15:00,71.45,0.00,,,,
08/09/26 22:20:00,71.45,0.00,,,,
08/09/26 22:25:00,71.53,0.00,,,,
08/09/26 22:30:00,71.53,0.00,,,,
08/09/26 22:35:00,71.38,0.00,,,,
08/09/26 22:40:00,71.45,0.00,,,,
08/09/26 22:45:00,71.53,0.00,,,,
08/09/26 22:50:00,71.45,0.00,,,,
08/09/26 22:55:00,71.45,0.00,,,,
08/09/26 23:00:00,71.45,0.00,,,,
08/09/26 23:05:00,71.38,0.00,,,,
08/09/26 23:10:00,71.45,0.00,,,,
08/09/26 23:15:00,71.38,0.00,,,,
08/09/26 23:20:00,71.53,0.00,,,,
08/09/26 23:25:00,71.45,0.00,,,,
08/09/26 23:30:00,71.38,0.00,,,,
08/09/26 23:35:00,71.38,0.00,,,,
08/09/26 23:40:00,71.38,0.00,,,,
08/09/26 23:45:00,71.38,0.00,,,,
08/09/26 23:50:00,71.38,0.00,,,,
08/09/26 23:55:00,71.38,0.00,,,,
08/10/26 00:00:00,71.38,0.00,,,,
08/10/26 00:05:00,71.30,0.00,,,,
08/10/26 00:10:00,71.38,0.00,,,,
08/10/26 00:15:00,71.38,0.00,,,,
08/10/26 00:20:00,71.30,0.00,,,,
08/10/26 00:25:00,71.38,0.00,,,,
08/10/26 00:30:00,71.38,0.00,,,,
08/10/26 00:35:00,71.22,0.00,,,,
08/10/26 00:40:00,71.38,0.00,,,,
08/10/26 00:45:00,71.30,0.00,,,,
08/10/26 00:50:00,71.22,0.00,,,,
08/10/26 00:55:00,71.38,0.00,,,,
08/10/26 01:00:00,71.30,0.00,,,,
08/10/26 01:05:00,71.38,0.00,,,,
08/10/26 01:10:00,71.30,0.00,,,,
08/10/26 01:15:00,71.38,0.00,,,,
08/10/26 01:20:00,71.30,0.00,,,,
08/10/26 01:25:00,71.30,0.00,,,,
08/10/26 01:30:00,71.30,0.00,,,,
08/10/26 01:35:00,71.30,0.00,,,,
08/10/26 01:40:00,71.30,0.00,,,,
08/10/26 01:45:00,71.30,0.00,,,,
08/10/26 01:50:00,71.22,0.00,,,,
08/10/26 01:55:00,71.22,0.00,,,,
08/10/26 02:00:00,71.30,0.00,,,,
08/10/26 02:05:00,71.22,0.00,,,,
08/10/26 02:10:00,71.22,0.00,,,,
08/10/26 02:15:00,71.22,0.00,,,,
08/10/26 02:20:00,71.22,0.00,,,,
08/10/26 02:25:00,71.22,0.00,,,,
08/10/26 02:30:00,71.22,0.00,,,,
08/10/26 02:35:00,71.22,0.00,,,,
08/10/26 02:40:00,71.15,0.00,,,,
08/10/26 02:45:00,71.07,0.00,,,,
08/10/26 02:50:00,71.15,0.00,,,,
08/10/26 02:55:00,71.15,0.00,,,,
08/10/26 03:00:00,71.07,0.00,,,,
08/10/26 03:05:00,71.07,0.00,,,,
08/10/26 03:10:00,71.07,0.00,,,,
08/10/26 03:15:00,71.15,0.00,,,,
08/10/26 03:20:00,71.07,0.00,,,,
08/10/26 03:25:00,71.07,0.00,,,,
08/10/26 03:30:00,71.07,0.00,,,,
08/10/26 03:35:00,71.07,0.00,,,,
08/10/26 03:40:00,70.99,0.00,,,,
08/10/26 03:45:00,70.99,0.00,,,,
08/10/26 03:50:00,70.99,0.00,,,,
08/10/26 03:55:00,71.07,0.00,,,,
08/10/26 04:00:00,70.91,0.00,,,,
08/10/26 04:05:00,70.91,0.00,,,,
08/10/26 04:10:00,70.91,0.00,,,,
08/10/26 04:15:00,71.07,0.00,,,,
08/10/26 04:20:00,70.99,0.00,,,,
08/10/26 04:25:00,70.99,0.00,,,,
08/10/26 04:30:00,70.91,0.00,,,,
08/10/26 04:35:00,70.91,0.00,,,,
08/10/26 04:40:00,70.91,0.00,,,,
08/10/26 04:45:00,70.91,0.00,,,,
08/10/26 04:50:00,70.84,0.00,,,,
08/10/26 04:55:00,70.84,0.00,,,,
08/10/26 05:00:00,70.84,0.00,,,,
08/10/26 05:05:00,70.91,0.00,,,,
08/10/26 05:10:00,70.84,0.00,,,,
08/10/26 05:15:00,70.76,0.00,,,,
08/10/26 05:20:00,70.76,0.00,,,,
08/10/26 05:25:00,70.76,0.00,,,,
08/10/26 05:30:00,70.84,0.00,,,,
08/10/26 05:35:00,70.84,0.00,,,,
08/10/26 05:40:00,70.76,0.00,,,,
08/10/26 05:45:00,70.76,0.00,,,,
08/10/26 05:50:00,70.76,0.00,,,,
08/10/26 05:55:00,70.76,0.00,,,,
08/10/26 06:00:00,70.61,0.00,,,,
08/10/26 06:05:00,70.68,0.00,,,,
08/10/26 06:10:00,70.76,0.00,,,,
08/10/26 06:15:00,70.61,0.00,,,,
08/10/26 06:20:00,70.68,0.00,,,,
08/10/26 06:25:00,70.61,0.00,,,,
08/10/26 06:30:00,70.61,0.00,,,,
08/10/26 06:35:00,70.61,0.00,,,,
08/10/26 06:40:00,70.53,0.00,,,,
08/10/26 06:45:00,70.61,0.00,,,,
08/10/26 06:50:00,70.61,0.00,,,,
08/10/26 06:55:00,70.53,0.00,,,,
08/10/26 07:00:00,70.53,0.00,,,,
08/10/26 07:05:00,70.61,0.00,,,,
08/10/26 07:10:00,70.53,0.00,,,,
08/10/26 07:15:00,70.45,0.00,,,,
08/10/26 07:20:00,70.53,0.00,,,,
08/10/26 07:25:00,70.53,0.00,,,,
08/10/26 07:30:00,70.53,0.00,,,,
08/10/26 07:35:00,70.45,0.00,,,,
08/10/26 07:40:00,70.45,0.00,,,,
08/10/26 07:45:00,70.45,0.00,,,,
08/10/26 07:50:00,70.37,0.00,,,,
08/10/26 07:55:00,70.45,0.00,,,,
08/10/26 08:00:00,70.37,0.00,,,,
08/10/26 08:05:00,70.45,0.00,,,,
08/10/26 08:10:00,70.45,0.00,,,,
08/10/26 08:15:00,70.22,0.00,,,,
08/10/26 08:20:00,70.37,0.00,,,,
08/10/26 08:25:00,70.37,0.00,,,,
08/10/26 08:30:00,70.37,0.00,,,,
08/10/26 08:35:00,70.30,0.00,,,,
08/10/26 08:40:00,70.30,0.00,,,,
08/10/26 08:45:00,70.22,0.00,,,,
08/10/26 08:50:00,70.30,0.00,,,,
08/10/26 08:55:00,70.30,0.00,,,,
08/10/26 09:00:00,70.22,0.00,,,,
08/10/26 09:05:00,70.30,0.00,,,,
08/10/26 09:10:00,70.14,0.00,,,,
08/10/26 09:15:00,70.14,0.00,,,,
08/10/26 09:20:00,70.22,0.00,,,,
08/10/26 09:25:00,70.14,0.00,,,,
08/10/26 09:30:00,70.14,0.00,,,,
08/10/26 09:35:00,70.22,0.00,,,,
08/10/26 09:40:00,70.14,0.00,,,,
08/10/26 09:45:00,70.06,0.00,,,,
08/10/26 09:50:00,70.14,0.00,,,,
08/10/26 09:55:00,70.14,0.00,,,,
08/10/26 10:00:00,70.06,0.00,,,,
08/10/26 10:05:00,70.14,0.00,,,,
08/10/26 10:10:00,70.14,0.00,,,,
08/10/26 10:15:00,69.99,0.00,,,,
08/10/26 10:20:00,70.06,0.00,,,,
08/10/26 10:25:00,70.06,0.00,,,,
08/10/26 10:30:00,70.06,0.00,,,,
08/10/26 10:35:00,70.06,0.00,,,,
08/10/26 10:40:00,70.14,0.00,,,,
08/10/26 10:45:00,70.06,0.00,,,,
08/10/26 10:50:00,69.99,0.00,,,,
08/10/26 10:55:00,69.99,0.00,,,,
08/10/26 11:00:00,70.14,0.00,,,,
08/10/26 11:05:00,70.06,0.00,,,,
08/10/26 11:10:00,70.06,0.00,,,,
08/10/26 11:15:00,69.99,0.00,,,,
08/10/26 11:20:00,70.06,0.00,,,,
08/10/26 11:25:00,69.99,0.00,,,,
08/10/26 11:30:00,69.99,0.00,,,,
08/10/26 11:35:00,69.99,0.00,,,,
08/10/26 11:40:00,69.99,0.00,,,,
08/10/26 11:45:00,70.06,0.00,,,,
08/10/26 11:50:00,69.99,0.00,,,,
08/10/26 11:55:00,70.06,0.00,,,,
08/10/26 12:00:00,69.99,0.00,,,,
08/10/26 12:05:00,70.06,0.00,,,,
08/10/26 12:10:00,70.14,0.00,,,,
08/10/26 12:15:00,70.06,0.00,,,,
08/10/26 12:20:00,70.14,0.00,,,,
08/10/26 12:25:00,70.14,0.00,,,,
08/10/26 12:30:00,70.14,0.00,,,,
08/10/26 12:35:00,70.06,0.00,,,,
08/10/26 12:40:00,70.14,0.00,,,,
08/10/26 12:45:00,70.14,0.00,,,,
08/10/26 12:50:00,70.22,0.00,,,,
08/10/26 12:55:00,70.30,0.00,,,,
08/10/26 13:00:00,70.22,0.00,,,,
08/10/26 13:05:00,70.22,0.00,,,,
08/10/26 13:10:00,70.30,0.00,,,,
08/10/26 13:15:00,70.22,0.00,,,,
08/10/26 13:20:00,70.22,0.00,,,,
08/10/26 13:25:00,70.37,0.00,,,,
08/10/26 13:30:00,70.30,0.00,,,,
08/10/26 13:35:00,70.22,0.00,,,,
08/10/26 13:40:00,70.30,0.00,,,,
08/10/26 13:45:00,70.37,0.00,,,,
08/10/26 13:50:00,70.37,0.00,,,,
08/10/26 13:55:00,70.30,0.00,,,,
08/10/26 14:00:00,70.30,0.00,,,,
08/10/26 14:05:00,70.37,0.00,,,,
08/10/26 14:10:00,70.37,0.00,,,,
08/10/26 14:15:00,70.37,0.00,,,,
08/10/26 14:20:00,70.37,0.00,,,,
08/10/26 14:25:00,70.45,0.00,,,,
08/10/26 14:30:00,70.45,0.00,,,,
08/10/26 14:35:00,70.45,0.00,,,,
08/10/26 14:40:00,70.37,0.00,,,,
08/10/26 14:45:00,70.53,0.00,,,,
08/10/26 14:50:00,70.53,0.00,,,,
08/10/26 14:55:00,70.45,0.00,,,,
08/10/26 15:00:00,70.45,0.00,,,,
08/10/26 15:05:00,70.45,0.00,,,,
08/10/26 15:10:00,70.53,0.00,,,,
08/10/26 15:15:00,70.45,0.00,,,,
08/10/26 15:20:00,70.53,0.00,,,,
08/10/26 15:25:00,70.53,0.00,,,,
08/10/26 15:30:00,70.45,0.00,,,,
08/10/26 15:35:00,70.53,0.00,,,,
08/10/26 15:40:00,70.61,0.00,,,,
08/10/26 15:45:00,70.53,0.00,,,,
08/10/26 15:50:00,70.37,0.00,,,,
08/10/26 15:55:00,70.53,0.00,,,,
08/10/26 16:00:00,70.53,0.00,,,,
08/10/26 16:05:00,70.53,0.00,,,,
08/10/26 16:10:00,70.45,0.00,,,,
08/10/26 16:15:00,70.61,0.00,,,,
08/10/26 16:20:00,70.53,0.00,,,,
08/10/26 16:25:00,70.53,0.00,,,,
08/10/26 16:30:00,70.53,0.00,,,,
08/10/26 16:35:00,70.53,0.00,,,,
08/10/26 16:40:00,70.61,0.00,,,,
08/10/26 16:45:00,70.53,0.00,,,,
08/10/26 16:50:00,70.53,0.00,,,,
08/10/26 16:55:00,70.53,0.00,,,,
08/10/26 17:00:00,70.61,0.00,,,,
08/10/26 17:05:00,70.61,0.00,,,,
08/10/26 17:10:00,70.53,0.00,,,,
08/10/26 17:15:00,70.61,0.00,,,,
08/10/26 17:20:00,70.53,0.00,,,,
08/10/26 17:25:00,70.68,0.00,,,,
08/10/26 17:30:00,70.61,0.00,,,,
08/10/26 17:35:00,70.61,0.00,,,,
08/10/26 17:40:00,70.61,0.00,,,,
08/10/26 17:45:00,70.68,0.00,,,,
08/10/26 17:50:00,70.61,0.00,,,,
08/10/26 17:55:00,70.61,0.00,,,,
08/10/26 18:00:00,70.45,0.00,,,,
08/10/26 18:05:00,70.61,0.00,,,,
08/10/26 18:10:00,70.61,0.00,,,,
08/10/26 18:15:00,70.61,0.00,,,,
08/10/26 18:20:00,70.68,0.00,,,,
08/10/26 18:25:00,70.61,0.00,,,,
08/10/26 18:30:00,70.68,0.00,,,,
08/10/26 18:35:00,70.61,0.00,,,,
08/10/26 18:40:00,70.68,0.00,,,,
08/10/26 18:45:00,70.68,0.00,,,,
08/10/26 18:50:00,70.68,0.00,,,,
08/10/26 18:55:00,70.68,0.00,,,,
08/10/26 19:00:00,70.68,0.00,,,,
08/10/26 19:05:00,70.68,0.00,,,,
08/10/26 19:10:00,70.61,0.00,,,,
08/10/26 19:15:00,70.68,0.00,,,,
08/10/26 19:20:00,70.61,0.00,,,,
08/10/26 19:25:00,70.61,0.00,,,,
08/10/26 19:30:00,70.68,0.00,,,,
08/10/26 19:35:00,70.61,0.00,,,,
08/10/26 19:40:00,70.68,0.00,,,,
08/10/26 19:45:00,70.68,0.00,,,,
08/10/26 19:50:00,70.68,0.00,,,,
08/10/26 19:55:00,70.68,0.00,,,,
08/10/26 20:00:00,70.61,0.00,,,,
08/10/26 20:05:00,70.68,0.00,,,,
08/10/26 20:10:00,70.61,0.00,,,,
08/10/26 20:15:00,70.68,0.00,,,,
08/10/26 20:20:00,70.68,0.00,,,,
08/10/26 20:25:00,70.68,0.00,,,,
08/10/26 20:30:00,70.68,0.00,,,,
08/10/26 20:35:00,70.68,0.00,,,,
08/10/26 20:40:00,70.68,0.00,,,,
08/10/26 20:45:00,70.61,0.00,,,,
08/10/26 20:50:00,70.68,0.00,,,,
08/10/26 20:55:00,70.68,0.00,,,,
08/10/26 21:00:00,70.76,0.00,,,,
08/10/26 21:05:00,70.68,0.00,,,,
08/10/26 21:10:00,70.76,0.00,,,,
08/10/26 21:15:00,70.61,0.00,,,,
08/10/26 21:20:00,70.68,0.00,,,,
08/10/26 21:25:00,70.76,0.00,,,,
08/10/26 21:30:00,70.68,0.00,,,,
08/10/26 21:35:00,70.61,0.00,,,,
08/10/26 21:40:00,70.68,0.00,,,,
08/10/26 21:45:00,70.68,0.00,,,,
08/10/26 21:50:00,70.76,0.00,,,,
08/10/26 21:55:00,70.68,0.00,,,,
08/10/26 22:00:00,70.68,0.00,,,,
08/10/26 22:05:00,70.61,0.00,,,,
08/10/26 22:10:00,70.61,0.00,,,,
08/10/26 22:15:00,70.68,0.00,,,,
08/10/26 22:20:00,70.76,0.00,,,,
08/10/26 22:25:00,70.68,0.00,,,,
08/10/26 22:30:00,70.76,0.00,,,,
08/10/26 22:35:00,70.68,0.00,,,,
08/10/26 22:40:00,70.68,0.00,,,,
08/10/26 22:45:00,70.61,0.00,,,,
08/10/26 22:50:00,70.76,0.00,,,,
08/10/26 22:55:00,70.61,0.00,,,,
08/10/26 23:00:00,70.68,0.00,,,,
08/10/26 23:05:00,70.68,0.00,,,,
08/10/26 23:10:00,70.68,0.00,,,,
08/10/26 23:15:00,70.68,0.00,,,,
08/10/26 23:20:00,70.68,0.00,,,,
08/10/26 23:25:00,70.68,0.00,,,,
08/10/26 23:30:00,70.61,0.00,,,,
08/10/26 23:35:00,70.68,0.00,,,,
08/10/26 23:40:00,70.61,0.00,,,,
08/10/26 23:45:00,70.61,0.00,,,,
08/10/26 23:50:00,70.68,0.00,,,,
08/10/26 23:55:00,70.68,0.00,,,,
08/11/26 00:00:00,70.61,0.00,,,,
08/11/26 00:05:00,70.68,0.00,,,,
08/11/26 00:10:00,70.61,0.00,,,,
08/11/26 00:15:00,70.61,0.00,,,,
08/11/26 00:20:00,70.53,0.00,,,,
08/11/26 00:25:00,70.68,0.00,,,,
08/11/26 00:30:00,70.61,0.00,,,,
08/11/26 00:35:00,70.61,0.00,,,,
08/11/26 00:40:00,70.68,0.00,,,,
08/11/26 00:45:00,70.61,0.00,,,,
08/11/26 00:50:00,70.61,0.00,,,,
08/11/26 00:55:00,70.61,0.00,,,,
08/11/26 01:00:00,70.53,0.00,,,,
08/11/26 01:05:00,70.68,0.00,,,,
08/11/26 01:10:00,70.61,0.00,,,,
08/11/26 01:15:00,70.68,0.00,,,,
08/11/26 01:20:00,70.61,0.00,,,,
08/11/26 01:25:00,70.61,0.00,,,,
08/11/26 01:30:00,70.53,0.00,,,,
08/11/26 01:35:00,70.61,0.00,,,,
08/11/26 01:40:00,70.61,0.00,,,,
08/11/26 01:45:00,70.53,0.00,,,,
08/11/26 01:50:00,70.53,0.00,,,,
08/11/26 01:55:00,70.53,0.00,,,,
08/11/26 02:00:00,70.61,0.00,,,,
08/11/26 02:05:00,70.61,0.00,,,,
08/11/26 02:10:00,70.61,0.00,,,,
08/11/26 02:15:00,70.53,0.00,,,,
08/11/26 02:20:00,70.53,0.00,,,,
08/11/26 02:25:00,70.61,0.00,,,,
08/11/26 02:30:00,70.53,0.00,,,,
08/11/26 02:35:00,70.53,0.00,,,,
08/11/26 02:40:00,70.53,0.00,,,,
08/11/26 02:45:00,70.45,0.00,,,,
08/11/26 02:50:00,70.53,0.00,,,,
08/11/26 02:55:00,70.53,0.00,,,,
08/11/26 03:00:00,70.61,0.00,,,,
08/11/26 03:05:00,70.45,0.00,,,,
08/11/26 03:10:00,70.45,0.00,,,,
08/11/26 03:15:00,70.45,0.00,,,,
08/11/26 03:20:00,70.45,0.00,,,,
08/11/26 03:25:00,70.45,0.00,,,,
08/11/26 03:30:00,70.45,0.00,,,,
08/11/26 03:35:00,70.45,0.00,,,,
08/11/26 03:40:00,70.45,0.00,,,,
08/11/26 03:45:00,70.45,0.00,,,,
08/11/26 03:50:00,70.45,0.00,,,,
08/11/26 03:55:00,70.45,0.00,,,,
08/11/26 04:00:00,70.37,0.00,,,,
08/11/26 04:05:00,70.45,0.00,,,,
08/11/26 04:10:00,70.37,0.00,,,,
08/11/26 04:15:00,70.45,0.00,,,,
08/11/26 04:20:00,70.45,0.00,,,,
08/11/26 04:25:00,70.37,0.00,,,,
08/11/26 04:30:00,70.37,0.00,,,,
08/11/26 04:35:00,70.37,0.00,,,,
08/11/26 04:40:00,70.30,0.00,,,,
08/11/26 04:45:00,70.37,0.00,,,,
08/11/26 04:50:00,70.30,0.00,,,,
08/11/26 04:55:00,70.37,0.00,,,,
08/11/26 05:00:00,70.37,0.00,,,,
08/11/26 05:05:00,70.37,0.00,,,,
08/11/26 05:10:00,70.30,0.00,,,,
08/11/26 05:15:00,70.22,0.00,,,,
08/11/26 05:20:00,70.22,0.00,,,,
08/11/26 05:25:00,70.30,0.00,,,,
08/11/26 05:30:00,70.30,0.00,,,,
08/11/26 05:35:00,70.22,0.00,,,,
08/11/26 05:40:00,70.30,0.00,,,,
08/11/26 05:45:00,70.30,0.00,,,,
08/11/26 05:50:00,70.22,0.00,,,,
08/11/26 05:55:00,70.22,0.00,,,,
08/11/26 06:00:00,70.22,0.00,,,,
08/11/26 06:05:00,70.30,0.00,,,,
08/11/26 06:10:00,70.30,0.00,,,,
08/11/26 06:15:00,70.14,0.00,,,,
08/11/26 06:20:00,70.30,0.00,,,,
08/11/26 06:25:00,70.14,0.00,,,,
08/11/26 06:30:00,70.06,0.00,,,,
08/11/26 06:35:00,70.06,0.00,,,,
08/11/26 06:40:00,70.14,0.00,,,,
08/11/26 06:45:00,70.14,0.00,,,,
08/11/26 06:50:00,70.14,0.00,,,,
08/11/26 06:55:00,70.14,0.00,,,,
08/11/26 07:00:00,70.06,0.00,,,,
08/11/26 07:05:00,70.14,0.00,,,,
08/11/26 07:10:00,70.06,0.00,,,,
08/11/26 07:15:00,70.14,0.00,,,,
08/11/26 07:20:00,70.06,0.00,,,,
08/11/26 07:25:00,70.06,0.00,,,,
08/11/26 07:30:00,70.06,0.00,,,,
08/11/26 07:35:00,70.06,0.00,,,,
08/11/26 07:40:00,70.06,0.00,,,,
08/11/26 07:45:00,70.14,0.00,,,,
08/11/26 07:50:00,70.06,0.00,,,,
08/11/26 07:55:00,69.99,0.00,,,,
08/11/26 08:00:00,70.06,0.00,,,,
08/11/26 08:05:00,70.06,0.00,,,,
08/11/26 08:10:00,69.99,0.00,,,,
08/11/26 08:15:00,70.06,0.00,,,,
08/11/26 08:20:00,70.06,0.00,,,,
08/11/26 08:25:00,70.06,0.00,,,,
08/11/26 08:30:00,70.06,0.00,,,,
08/11/26 08:35:00,69.99,0.00,,,,
08/11/26 08:40:00,70.06,0.00,,,,
08/11/26 08:45:00,69.99,0.00,,,,
08/11/26 08:50:00,69.99,0.00,,,,
08/11/26 08:55:00,69.99,0.00,,,,
08/11/26 09:00:00,69.99,0.00,,,,
08/11/26 09:05:00,69.99,0.00,,,,
08/11/26 09:10:00,69.99,0.00,,,,
08/11/26 09:15:00,69.99,0.00,,,,
08/11/26 09:20:00,69.99,0.00,,,,
08/11/26 09:25:00,69.99,0.00,,,,
08/11/26 09:30:00,69.99,0.00,,,,
08/11/26 09:35:00,70.06,0.00,,,,
08/11/26 09:40:00,70.06,0.00,,,,
08/11/26 09:45:00,69.99,0.00,,,,
08/11/26 09:50:00,69.91,0.00,,,,
08/11/26 09:55:00,69.99,0.00,,,,
08/11/26 10:00:00,69.99,0.00,,,,
08/11/26 10:05:00,70.06,0.00,,,,
08/11/26 10:10:00,69.91,0.00,,,,
08/11/26 10:15:00,69.91,0.00,,,,
08/11/26 10:20:00,69.91,0.00,,,,
08/11/26 10:25:00,69.99,0.00,,,,
08/11/26 10:30:00,69.99,0.00,,,,
08/11/26 10:35:00,69.99,0.00,,,,
08/11/26 10:40:00,69.99,0.00,,,,
08/11/26 10:45:00,70.06,0.00,,,,
08/11/26 10:50:00,70.06,0.00,,,,
08/11/26 10:55:00,70.14,0.00,,,,
08/11/26 11:00:00,70.06,0.00,,,,
08/11/26 11:05:00,70.06,0.00,,,,
08/11/26 11:10:00,70.22,0.00,,,,
08/11/26 11:15:00,70.14,0.00,,,,
08/11/26 11:20:00,70.22,0.00,,,,
08/11/26 11:25:00,70.22,0.00,,,,
08/11/26 11:30:00,70.37,0.00,,,,
08/11/26 11:35:00,70.30,0.00,,,,
08/11/26 11:40:00,70.37,0.00,,,,
08/11/26 11:45:00,70.37,0.00,,,,
08/11/26 11:50:00,70.37,0.00,,,,
08/11/26 11:55:00,70.45,0.00,,,,
08/11/26 12:00:00,70.53,0.00,,,,
08/11/26 12:05:00,70.53,0.00,,,,
08/11/26 12:10:00,70.53,0.00,,,,
08/11/26 12:15:00,70.61,0.00,,,,
08/11/26 12:20:00,70.61,0.00,,,,
08/11/26 12:25:00,70.68,0.00,,,,
08/11/26 12:30:00,70.61,0.00,,,,
08/11/26 12:35:00,70.68,0.00,,,,
08/11/26 12:40:00,70.84,0.00,,,,
08/11/26 12:45:00,70.76,0.00,,,,
08/11/26 12:50:00,70.84,0.00,,,,
08/11/26 12:55:00,70.91,0.00,,,,
08/11/26 13:00:00,70.91,0.00,,,,
08/11/26 13:05:00,70.91,0.00,,,,
08/11/26 13:10:00,70.91,0.00,,,,
08/11/26 13:15:00,71.07,0.00,,,,
08/11/26 13:20:00,71.07,0.00,,,,
08/11/26 13:25:00,71.07,0.00,,,,
08/11/26 13:30:00,71.22,0.00,,,,
08/11/26 13:35:00,71.22,0.00,,,,
08/11/26 13:40:00,71.30,0.00,,,,
08/11/26 13:45:00,71.22,0.00,,,,
08/11/26 13:50:00,71.30,0.00,,,,
08/11/26 13:55:00,71.22,0.00,,,,
08/11/26 14:00:00,71.22,0.00,,,,
08/11/26 14:05:00,71.22,0.00,,,,
08/11/26 14:10:00,71.38,0.00,,,,
08/11/26 14:15:00,71.30,0.00,,,,
08/11/26 14:20:00,71.30,0.00,,,,
08/11/26 14:25:00,71.30,0.00,,,,
08/11/26 14:30:00,71.30,0.00,,,,
08/11/26 14:35:00,71.22,0.00,,,,
08/11/26 14:40:00,71.30,0.00,,,,
08/11/26 14:45:00,71.38,0.00,,,,
08/11/26 14:50:00,71.38,0.00,,,,
08/11/26 14:55:00,71.38,0.00,,,,
08/11/26 15:00:00,71.38,0.00,,,,
08/11/26 15:05:00,71.30,0.00,,,,
08/11/26 15:10:00,71.45,0.00,,,,
08/11/26 15:15:00,71.38,0.00,,,,
08/11/26 15:20:00,71.38,0.00,,,,
08/11/26 15:25:00,71.45,0.00,,,,
08/11/26 15:30:00,71.45,0.00,,,,
08/11/26 15:35:00,71.38,0.00,,,,
08/11/26 15:40:00,71.38,0.00,,,,
08/11/26 15:45:00,71.53,0.00,,,,
08/11/26 15:50:00,71.45,0.00,,,,
08/11/26 15:55:00,71.53,0.00,,,,
08/11/26 16:00:00,71.53,0.00,,,,
08/11/26 16:05:00,71.53,0.00,,,,
08/11/26 16:10:00,71.45,0.00,,,,
08/11/26 16:15:00,71.45,0.00,,,,
08/11/26 16:20:00,71.45,0.00,,,,
08/11/26 16:25:00,71.45,0.00,,,,
08/11/26 16:30:00,71.53,0.00,,,,
08/11/26 16:35:00,71.45,0.00,,,,
08/11/26 16:40:00,71.45,0.00,,,,
08/11/26 16:45:00,71.45,0.00,,,,
08/11/26 16:50:00,71.45,0.00,,,,
08/11/26 16:55:00,71.53,0.00,,,,
08/11/26 17:00:00,71.53,0.00,,,,
08/11/26 17:05:00,71.61,0.00,,,,
08/11/26 17:10:00,71.53,0.00,,,,
08/11/26 17:15:00,71.61,0.00,,,,
08/11/26 17:20:00,71.61,0.00,,,,
08/11/26 17:25:00,71.53,0.00,,,,
08/11/26 17:30:00,71.61,0.00,,,,
08/11/26 17:35:00,71.61,0.00,,,,
08/11/26 17:40:00,71.69,0.00,,,,
08/11/26 17:45:00,71.61,0.00,,,,
08/11/26 17:50:00,71.53,0.00,,,,
08/11/26 17:55:00,71.61,0.00,,,,
08/11/26 18:00:00,71.53,0.00,,,,
08/11/26 18:05:00,71.61,0.00,,,,
08/11/26 18:10:00,71.69,0.00,,,,
08/11/26 18:15:00,71.61,0.00,,,,
08/11/26 18:20:00,71.53,0.00,,,,
08/11/26 18:25:00,71.69,0.00,,,,
08/11/26 18:30:00,71.69,0.00,,,,
08/11/26 18:35:00,71.69,0.00,,,,
08/11/26 18:40:00,71.61,0.00,,,,
08/11/26 18:45:00,71.69,0.00,,,,
08/11/26 18:50:00,71.69,0.00,,,,
08/11/26 18:55:00,71.61,0.00,,,,
08/11/26 19:00:00,71.61,0.00,,,,
08/11/26 19:05:00,71.69,0.00,,,,
08/11/26 19:10:00,71.69,0.00,,,,
08/11/26 19:15:00,71.69,0.00,,,,
08/11/26 19:20:00,71.61,0.00,,,,
08/11/26 19:25:00,71.69,0.00,,,,
08/11/26 19:30:00,71.69,0.00,,,,
08/11/26 19:35:00,71.61,0.00,,,,
08/11/26 19:40:00,71.69,0.00,,,,
08/11/26 19:45:00,71.69,0.00,,,,
08/11/26 19:50:00,71.61,0.00,,,,
08/11/26 19:55:00,71.61,0.00,,,,
08/11/26 20:00:00,71.69,0.00,,,,
08/11/26 20:05:00,71.69,0.00,,,,
08/11/26 20:10:00,71.69,0.00,,,,
08/11/26 20:15:00,71.61,0.00,,,,
08/11/26 20:20:00,71.69,0.00,,,,
08/11/26 20:25:00,71.69,0.00,,,,
08/11/26 20:30:00,71.69,0.00,,,,
08/11/26 20:35:00,71.69,0.00,,,,
08/11/26 20:40:00,71.61,0.00,,,,
08/11/26 20:45:00,71.69,0.00,,,,
08/11/26 20:50:00,71.69,0.00,,,,
08/11/26 20:55:00,71.69,0.00,,,,
08/11/26 21:00:00,71.69,0.00,,,,
08/11/26 21:05:00,71.61,0.00,,,,
08/11/26 21:10:00,71.61,0.00,,,,
08/11/26 21:15:00,71.76,0.00,,,,
08/11/26 21:20:00,71.69,0.00,,,,
08/11/26 21:25:00,71.69,0.00,,,,
08/11/26 21:30:00,71.69,0.00,,,,
08/11/26 21:35:00,71.69,0.00,,,,
08/11/26 21:40:00,71.69,0.00,,,,
08/11/26 21:45:00,71.69,0.00,,,,
08/11/26 21:50:00,71.69,0.00,,,,
08/11/26 21:55:00,71.69,0.00,,,,
08/11/26 22:00:00,71.69,0.00,,,,
08/11/26 22:05:00,71.61,0.00,,,,
08/11/26 22:10:00,71.61,0.00,,,,
08/11/26 22:15:00,71.61,0.00,,,,
08/11/26 22:20:00,71.61,0.00,,,,
08/11/26 22:25:00,71.61,0.00,,,,
08/11/26 22:30:00,71.53,0.00,,,,
08/11/26 22:35:00,71.61,0.00,,,,
08/11/26 22:40:00,71.69,0.00,,,,
08/11/26 22:45:00,71.61,0.00,,,,
08/11/26 22:50:00,71.69,0.00,,,,
08/11/26 22:55:00,71.61,0.00,,,,
08/11/26 23:00:00,71.61,0.00,,,,
08/11/26 23:05:00,71.69,0.00,,,,
08/11/26 23:10:00,71.61,0.00,,,,
08/11/26 23:15:00,71.61,0.00,,,,
08/11/26 23:20:00,71.61,0.00,,,,
08/11/26 23:25:00,71.61,0.00,,,,
08/11/26 23:30:00,71.69,0.00,,,,
08/11/26 23:35:00,71.61,0.00,,,,
08/11/26 23:40:00,71.61,0.00,,,,
08/11/26 23:45:00,71.61,0.00,,,,
08/11/26 23:50:00,71.61,0.00,,,,
08/11/26 23:55:00,71.61,0.00,,,,
08/12/26 00:00:00,71.61,0.00,,,,
08/12/26 00:05:00,71.69,0.00,,,,
08/12/26 00:10:00,71.69,0.00,,,,
08/12/26 00:15:00,71.53,0.00,,,,
08/12/26 00:20:00,71.53,0.00,,,,
08/12/26 00:25:00,71.61,0.00,,,,
08/12/26 00:30:00,71.61,0.00,,,,
08/12/26 00:35:00,71.53,0.00,,,,
08/12/26 00:40:00,71.61,0.00,,,,
08/12/26 00:45:00,71.53,0.00,,,,
08/12/26 00:50:00,71.53,0.00,,,,
08/12/26 00:55:00,71.61,0.00,,,,
08/12/26 01:00:00,71.53,0.00,,,,
08/12/26 01:05:00,71.53,0.00,,,,
08/12/26 01:10:00,71.53,0.00,,,,
08/12/26 01:15:00,71.53,0.00,,,,
08/12/26 01:20:00,71.53,0.00,,,,
08/12/26 01:25:00,71.45,0.00,,,,
08/12/26 01:30:00,71.61,0.00,,,,
08/12/26 01:35:00,71.53,0.00,,,,
08/12/26 01:40:00,71.53,0.00,,,,
08/12/26 01:45:00,71.53,0.00,,,,
08/12/26 01:50:00,71.53,0.00,,,,
08/12/26 01:55:00,71.61,0.00,,,,
08/12/26 02:00:00,71.45,0.00,,,,
08/12/26 02:05:00,71.45,0.00,,,,
08/12/26 02:10:00,71.53,0.00,,,,
08/12/26 02:15:00,71.53,0.00,,,,
08/12/26 02:20:00,71.53,0.00,,,,
08/12/26 02:25:00,71.53,0.00,,,,
08/12/26 02:30:00,71.45,0.00,,,,
08/12/26 02:35:00,71.38,0.00,,,,
08/12/26 02:40:00,71.53,0.00,,,,
08/12/26 02:45:00,71.45,0.00,,,,
08/12/26 02:50:00,71.45,0.00,,,,
08/12/26 02:55:00,71.53,0.00,,,,
08/12/26 03:00:00,71.38,0.00,,,,
08/12/26 03:05:00,71.53,0.00,,,,
08/12/26 03:10:00,71.45,0.00,,,,
08/12/26 03:15:00,71.38,0.00,,,,
08/12/26 03:20:00,71.38,0.00,,,,
08/12/26 03:25:00,71.45,0.00,,,,
08/12/26 03:30:00,71.45,0.00,,,,
08/12/26 03:35:00,71.38,0.00,,,,
08/12/26 03:40:00,71.38,0.00,,,,
08/12/26 03:45:00,71.38,0.00,,,,
08/12/26 03:50:00,71.30,0.00,,,,
08/12/26 03:55:00,71.38,0.00,,,,
08/12/26 04:00:00,71.45,0.00,,,,
08/12/26 04:05:00,71.38,0.00,,,,
08/12/26 04:10:00,71.38,0.00,,,,
08/12/26 04:15:00,71.30,0.00,,,,
08/12/26 04:20:00,71.30,0.00,,,,
08/12/26 04:25:00,71.38,0.00,,,,
08/12/26 04:30:00,71.30,0.00,,,,
08/12/26 04:35:00,71.30,0.00,,,,
08/12/26 04:40:00,71.22,0.00,,,,
08/12/26 04:45:00,71.30,0.00,,,,
08/12/26 04:50:00,71.30,0.00,,,,
08/12/26 04:55:00,71.30,0.00,,,,
08/12/26 05:00:00,71.22,0.00,,,,
08/12/26 05:05:00,71.38,0.00,,,,
08/12/26 05:10:00,71.30,0.00,,,,
08/12/26 05:15:00,71.22,0.00,,,,
08/12/26 05:20:00,71.30,0.00,,,,
08/12/26 05:25:00,71.30,0.00,,,,
08/12/26 05:30:00,71.22,0.00,,,,
08/12/26 05:35:00,71.22,0.00,,,,
08/12/26 05:40:00,71.22,0.00,,,,
08/12/26 05:45:00,71.15,0.00,,,,
08/12/26 05:50:00,71.15,0.00,,,,
08/12/26 05:55:00,71.22,0.00,,,,
08/12/26 06:00:00,71.22,0.00,,,,
08/12/26 06:05:00,71.15,0.00,,,,
08/12/26 06:10:00,71.22,0.00,,,,
08/12/26 06:15:00,71.15,0.00,,,,
08/12/26 06:20:00,71.15,0.00,,,,
08/12/26 06:25:00,71.15,0.00,,,,
08/12/26 06:30:00,71.15,0.00,,,,
08/12/26 06:35:00,71.15,0.00,,,,
08/12/26 06:40:00,71.15,0.00,,,,
08/12/26 06:45:00,71.07,0.00,,,,
08/12/26 06:50:00,71.07,0.00,,,,
08/12/26 06:55:00,71.07,0.00,,,,
08/12/26 07:00:00,71.15,0.00,,,,
08/12/26 07:05:00,71.07,0.00,,,,
08/12/26 07:10:00,70.99,0.00,,,,
08/12/26 07:15:00,71.07,0.00,,,,
08/12/26 07:20:00,71.07,0.00,,,,
08/12/26 07:25:00,71.07,0.00,,,,
08/12/26 07:30:00,71.07,0.00,,,,
08/12/26 07:35:00,71.07,0.00,,,,
08/12/26 07:40:00,71.07,0.00,,,,
08/12/26 07:45:00,71.07,0.00,,,,
08/12/26 07:50:00,71.07,0.00,,,,
08/12/26 07:55:00,71.07,0.00,,,,
08/12/26 08:00:00,70.99,0.00,,,,
08/12/26 08:05:00,70.99,0.00,,,,
08/12/26 08:10:00,71.07,0.00,,,,
08/12/26 08:15:00,70.99,0.00,,,,
08/12/26 08:20:00,70.99,0.00,,,,
08/12/26 08:25:00,70.84,0.00,,,,
08/12/26 08:30:00,70.76,0.00,,,,
08/12/26 08:35:00,70.76,0.00,,,,
08/12/26 08:40:00,70.76,0.00,,,,
08/12/26 08:45:00,70.76,0.00,,,,
08/12/26 08:50:00,70.68,0.00,,,,
08/12/26 08:55:00,70.68,0.00,,,,
08/12/26 09:00:00,70.68,0.00,,,,
08/12/26 09:05:00,70.68,0.00,,,,
08/12/26 09:10:00,70.61,0.00,,,,
08/12/26 09:15:00,70.61,0.00,,,,
08/12/26 09:20:00,70.68,0.00,,,,
08/12/26 09:25:00,70.76,0.00,,,,
08/12/26 09:30:00,70.68,0.00,,,,
08/12/26 09:35:00,70.68,0.00,,,,
08/12/26 09:40:00,70.61,0.00,,,,
08/12/26 09:45:00,70.68,0.00,,,,
08/12/26 09:50:00,70.61,0.00,,,,
08/12/26 09:55:00,70.68,0.00,,,,
08/12/26 10:00:00,70.68,0.00,,,,
08/12/26 10:05:00,70.68,0.00,,,,
08/12/26 10:10:00,70.68,0.00,,,,
08/12/26 10:15:00,70.68,0.00,,,,
08/12/26 10:20:00,70.76,0.00,,,,
08/12/26 10:25:00,70.76,0.00,,,,
08/12/26 10:30:00,70.76,0.00,,,,
08/12/26 10:35:00,70.76,0.00,,,,
08/12/26 10:40:00,70.76,0.00,,,,
08/12/26 10:45:00,70.76,0.00,,,,
08/12/26 10:50:00,70.84,0.00,,,,
08/12/26 10:55:00,70.84,0.00,,,,
08/12/26 11:00:00,70.76,0.00,,,,
08/12/26 11:05:00,70.84,0.00,,,,
08/12/26 11:10:00,70.84,0.00,,,,
08/12/26 11:15:00,70.99,0.00,,,,
08/12/26 11:20:00,70.91,0.00,,,,
08/12/26 11:25:00,71.07,0.00,,,,
08/12/26 11:30:00,71.07,0.00,,,,
08/12/26 11:35:00,71.07,0.00,,,,
08/12/26 11:40:00,71.07,0.00,,,,
08/12/26 11:45:00,71.07,0.00,,,,
08/12/26 11:50:00,71.07,0.00,,,,
08/12/26 11:55:00,71.07,0.00,,,,
08/12/26 12:00:00,71.07,0.00,,,,
08/12/26 12:05:00,71.07,0.00,,,,
08/12/26 12:10:00,71.07,0.00,,,,
08/12/26 12:15:00,71.15,0.00,,,,
08/12/26 12:20:00,71.22,0.00,,,,
08/12/26 12:25:00,71.22,0.00,,,,
08/12/26 12:30:00,71.30,0.00,,,,
08/12/26 12:35:00,71.22,0.00,,,,
08/12/26 12:40:00,71.22,0.00,,,,
08/12/26 12:45:00,71.22,0.00,,,,
08/12/26 12:50:00,71.30,0.00,,,,
08/12/26 12:55:00,71.38,0.00,,,,
08/12/26 13:00:00,71.38,0.00,,,,
08/12/26 13:05:00,71.30,0.00,,,,
08/12/26 13:10:00,71.45,0.00,,,,
08/12/26 13:15:00,71.38,0.00,,,,
08/12/26 13:20:00,71.45,0.00,,,,
08/12/26 13:25:00,71.38,0.00,,,,
08/12/26 13:30:00,71.45,0.00,,,,
08/12/26 13:35:00,71.45,0.00,,,,
08/12/26 13:40:00,71.45,0.00,,,,
08/12/26 13:45:00,71.53,0.00,,,,
08/12/26 13:50:00,71.61,0.00,,,,
08/12/26 13:55:00,71.76,0.00,,,,
08/12/26 14:00:00,71.76,0.00,,,,
08/12/26 14:05:00,71.84,0.00,,,,
08/12/26 14:10:00,71.92,0.00,,,,
08/12/26 14:15:00,71.84,0.00,,,,
08/12/26 14:20:00,72.00,0.00,,,,
08/12/26 14:25:00,72.00,0.00,,,,
08/12/26 14:30:00,71.92,0.00,,,,
08/12/26 14:35:00,72.00,0.00,,,,
08/12/26 14:40:00,71.92,0.00,,,,
08/12/26 14:45:00,72.00,0.00,,,,
08/12/26 14:50:00,72.07,0.00,,,,
08/12/26 14:55:00,72.07,0.00,,,,
08/12/26 15:00:00,72.00,0.00,,,,
08/12/26 15:05:00,72.07,0.00,,,,
08/12/26 15:10:00,72.00,0.00,,,,
08/12/26 15:15:00,72.07,0.00,,,,
08/12/26 15:20:00,72.07,0.00,,,,
08/12/26 15:25:00,72.07,0.00,,,,
08/12/26 15:30:00,72.00,0.00,,,,
08/12/26 15:35:00,72.07,0.00,,,,
08/12/26 15:40:00,72.07,0.00,,,,
08/12/26 15:45:00,72.07,0.00,,,,
08/12/26 15:50:00,72.07,0.00,,,,
08/12/26 15:55:00,72.07,0.00,,,,
08/12/26 16:00:00,72.07,0.00,,,,
08/12/26 16:05:00,72.07,0.00,,,,
08/12/26 16:10:00,72.07,0.00,,,,
08/12/26 16:15:00,72.07,0.00,,,,
08/12/26 16:20:00,72.07,0.00,,,,
08/12/26 16:25:00,72.23,0.00,,,,
08/12/26 16:30:00,72.15,0.00,,,,
08/12/26 16:35:00,72.15,0.00,,,,
08/12/26 16:40:00,72.23,0.00,,,,
08/12/26 16:45:00,72.15,0.00,,,,
08/12/26 16:50:00,72.15,0.00,,,,
08/12/26 16:55:00,72.23,0.00,,,,
08/12/26 17:00:00,72.23,0.00,,,,
08/12/26 17:05:00,72.15,0.00,,,,
08/12/26 17:10:00,72.15,0.00,,,,
08/12/26 17:15:00,72.15,0.00,,,,
08/12/26 17:20:00,72.23,0.00,,,,
08/12/26 17:25:00,72.15,0.00,,,,
08/12/26 17:30:00,72.15,0.00,,,,
08/12/26 17:35:00,72.23,0.00,,,,
08/12/26 17:40:00,72.15,0.00,,,,
08/12/26 17:45:00,72.15,0.00,,,,
08/12/26 17:50:00,72.15,0.00,,,,
08/12/26 17:55:00,72.15,0.00,,,,
08/12/26 18:00:00,72.15,0.00,,,,
08/12/26 18:05:00,72.15,0.00,,,,
08/12/26 18:10:00,72.23,0.00,,,,
08/12/26 18:15:00,72.30,0.00,,,,
08/12/26 18:20:00,72.23,0.00,,,,
08/12/26 18:25:00,72.23,0.00,,,,
08/12/26 18:30:00,72.30,0.00,,,,
08/12/26 18:35:00,72.30,0.00,,,,
08/12/26 18:40:00,72.30,0.00,,,,
08/12/26 18:45:00,72.30,0.00,,,,
08/12/26 18:50:00,72.30,0.00,,,,
08/12/26 18:55:00,72.30,0.00,,,,
08/12/26 19:00:00,72.23,0.00,,,,
08/12/26 19:05:00,72.23,0.00,,,,
08/12/26 19:10:00,72.23,0.00,,,,
08/12/26 19:15:00,72.23,0.00,,,,
08/12/26 19:20:00,72.23,0.00,,,,
08/12/26 19:25:00,72.30,0.00,,,,
08/12/26 19:30:00,72.23,0.00,,,,
08/12/26 19:35:00,72.30,0.00,,,,
08/12/26 19:40:00,72.30,0.00,,,,
08/12/26 19:45:00,72.30,0.00,,,,
08/12/26 19:50:00,72.38,0.00,,,,
08/12/26 19:55:00,72.38,0.00,,,,
08/12/26 20:00:00,72.30,0.00,,,,
08/12/26 20:05:00,72.23,0.00,,,,
08/12/26 20:10:00,72.30,0.00,,,,
08/12/26 20:15:00,72.38,0.00,,,,
08/12/26 20:20:00,72.30,0.00,,,,
08/12/26 20:25:00,72.23,0.00,,,,
08/12/26 20:30:00,72.23,0.00,,,,
08/12/26 20:35:00,72.30,0.00,,,,
08/12/26 20:40:00,72.30,0.00,,,,
08/12/26 20:45:00,72.30,0.00,,,,
08/12/26 20:50:00,72.30,0.00,,,,
08/12/26 20:55:00,72.23,0.00,,,,
08/12/26 21:00:00,72.30,0.00,,,,
08/12/26 21:05:00,72.30,0.00,,,,
08/12/26 21:10:00,72.23,0.00,,,,
08/12/26 21:15:00,72.30,0.00,,,,
08/12/26 21:20:00,72.23,0.00,,,,
08/12/26 21:25:00,72.38,0.00,,,,
08/12/26 21:30:00,72.30,0.00,,,,
08/12/26 21:35:00,72.23,0.00,,,,
08/12/26 21:40:00,72.15,0.00,,,,
08/12/26 21:45:00,72.30,0.00,,,,
08/12/26 21:50:00,72.23,0.00,,,,
08/12/26 21:55:00,72.23,0.00,,,,
08/12/26 22:00:00,72.23,0.00,,,,
08/12/26 22:05:00,72.23,0.00,,,,
08/12/26 22:10:00,72.30,0.00,,,,
08/12/26 22:15:00,72.23,0.00,,,,
08/12/26 22:20:00,72.23,0.00,,,,
08/12/26 22:25:00,72.23,0.00,,,,
08/12/26 22:30:00,72.23,0.00,,,,
08/12/26 22:35:00,72.30,0.00,,,,
08/12/26 22:40:00,72.23,0.00,,,,
08/12/26 22:45:00,72.23,0.00,,,,
08/12/26 22:50:00,72.30,0.00,,,,
08/12/26 22:55:00,72.15,0.00,,,,
08/12/26 23:00:00,72.15,0.00,,,,
08/12/26 23:05:00,72.23,0.00,,,,
08/12/26 23:10:00,72.23,0.00,,,,
08/12/26 23:15:00,72.15,0.00,,,,
08/12/26 23:20:00,72.15,0.00,,,,
08/12/26 23:25:00,72.15,0.00,,,,
08/12/26 23:30:00,72.15,0.00,,,,
08/12/26 23:35:00,72.23,0.00,,,,
08/12/26 23:40:00,72.15,0.00,,,,
08/12/26 23:45:00,72.15,0.00,,,,
08/12/26 23:50:00,72.23,0.00,,,,
08/12/26 23:55:00,72.07,0.00,,,,
08/13/26 00:00:00,72.15,0.00,,,,
08/13/26 00:05:00,72.23,0.00,,,,
08/13/26 00:10:00,72.15,0.00,,,,
08/13/26 00:15:00,72.15,0.00,,,,
08/13/26 00:20:00,72.07,0.00,,,,
08/13/26 00:25:00,72.07,0.00,,,,
08/13/26 00:30:00,72.07,0.00,,,,
08/13/26 00:35:00,72.15,0.00,,,,
08/13/26 00:40:00,72.15,0.00,,,,
08/13/26 00:45:00,72.15,0.00,,,,
08/13/26 00:50:00,72.15,0.00,,,,
08/13/26 00:55:00,72.07,0.00,,,,
08/13/26 01:00:00,72.15,0.00,,,,
08/13/26 01:05:00,72.07,0.00,,,,
08/13/26 01:10:00,72.07,0.00,,,,
08/13/26 01:15:00,72.07,0.00,,,,
08/13/26 01:20:00,72.15,0.00,,,,
08/13/26 01:25:00,72.07,0.00,,,,
08/13/26 01:30:00,72.00,0.00,,,,
08/13/26 01:35:00,72.07,0.00,,,,
08/13/26 01:40:00,72.07,0.00,,,,
08/13/26 01:45:00,72.07,0.00,,,,
08/13/26 01:50:00,72.00,0.00,,,,
08/13/26 01:55:00,72.00,0.00,,,,
08/13/26 02:00:00,72.00,0.00,,,,
08/13/26 02:05:00,72.07,0.00,,,,
08/13/26 02:10:00,72.07,0.00,,,,
08/13/26 02:15:00,71.92,0.00,,,,
08/13/26 02:20:00,72.00,0.00,,,,
08/13/26 02:25:00,72.00,0.00,,,,
08/13/26 02:30:00,72.00,0.00,,,,
08/13/26 02:35:00,72.00,0.00,,,,
08/13/26 02:40:00,71.92,0.00,,,,
08/13/26 02:45:00,71.92,0.00,,,,
08/13/26 02:50:00,71.92,0.00,,,,
08/13/26 02:55:00,71.92,0.00,,,,
08/13/26 03:00:00,71.92,0.00,,,,
08/13/26 03:05:00,71.92,0.00,,,,
08/13/26 03:10:00,71.92,0.00,,,,
08/13/26 03:15:00,71.84,0.00,,,,
08/13/26 03:20:00,71.92,0.00,,,,
08/13/26 03:25:00,71.84,0.00,,,,
08/13/26 03:30:00,71.84,0.00,,,,
08/13/26 03:35:00,71.84,0.00,,,,
08/13/26 03:40:00,71.92,0.00,,,,
08/13/26 03:45:00,71.84,0.00,,,,
08/13/26 03:50:00,71.84,0.00,,,,
08/13/26 03:55:00,71.84,0.00,,,,
08/13/26 04:00:00,71.76,0.00,,,,
08/13/26 04:05:00,71.84,0.00,,,,
08/13/26 04:10:00,71.76,0.00,,,,
08/13/26 04:15:00,71.76,0.00,,,,
08/13/26 04:20:00,71.84,0.00,,,,
08/13/26 04:25:00,71.84,0.00,,,,
08/13/26 04:30:00,71.84,0.00,,,,
08/13/26 04:35:00,71.76,0.00,,,,
08/13/26 04:40:00,71.76,0.00,,,,
08/13/26 04:45:00,71.69,0.00,,,,
08/13/26 04:50:00,71.53,0.00,,,,
08/13/26 04:55:00,71.69,0.00,,,,
08/13/26 05:00:00,71.69,0.00,,,,
08/13/26 05:05:00,71.76,0.00,,,,
08/13/26 05:10:00,71.69,0.00,,,,
08/13/26 05:15:00,71.61,0.00,,,,
08/13/26 05:20:00,71.69,0.00,,,,
08/13/26 05:25:00,71.69,0.00,,,,
08/13/26 05:30:00,71.61,0.00,,,,
08/13/26 05:35:00,71.76,0.00,,,,
08/13/26 05:40:00,71.61,0.00,,,,
08/13/26 05:45:00,71.61,0.00,,,,
08/13/26 05:50:00,71.61,0.00,,,,
08/13/26 05:55:00,71.53,0.00,,,,
08/13/26 06:00:00,71.53,0.00,,,,
08/13/26 06:05:00,71.53,0.00,,,,
08/13/26 06:10:00,71.53,0.00,,,,
08/13/26 06:15:00,71.61,0.00,,,,
08/13/26 06:20:00,71.53,0.00,,,,
08/13/26 06:25:00,71.53,0.00,,,,
08/13/26 06:30:00,71.45,0.00,,,,
08/13/26 06:35:00,71.45,0.00,,,,
08/13/26 06:40:00,71.45,0.00,,,,
08/13/26 06:45:00,71.38,0.00,,,,
08/13/26 06:50:00,71.45,0.00,,,,
08/13/26 06:55:00,71.45,0.00,,,,
08/13/26 07:00:00,71.45,0.00,,,,
08/13/26 07:05:00,71.45,0.00,,,,
08/13/26 07:10:00,71.45,0.00,,,,
08/13/26 07:15:00,71.45,0.00,,,,
08/13/26 07:20:00,71.38,0.00,,,,
08/13/26 07:25:00,71.38,0.00,,,,
08/13/26 07:30:00,71.45,0.00,,,,
08/13/26 07:35:00,71.45,0.00,,,,
08/13/26 07:40:00,71.30,0.00,,,,
08/13/26 07:45:00,71.38,0.00,,,,
08/13/26 07:50:00,71.38,0.00,,,,
08/13/26 07:55:00,71.30,0.00,,,,
08/13/26 08:00:00,71.38,0.00,,,,
08/13/26 08:05:00,71.30,0.00,,,,
08/13/26 08:10:00,71.15,0.00,,,,
08/13/26 08:15:00,71.22,0.00,,,,
08/13/26 08:20:00,71.07,0.00,,,,
08/13/26 08:25:00,71.07,0.00,,,,
08/13/26 08:30:00,70.84,0.00,,,,
08/13/26 08:35:00,70.84,0.00,,,,
08/13/26 08:40:00,70.84,0.00,,,,
08/13/26 08:45:00,70.91,0.00,,,,
08/13/26 08:50:00,70.76,0.00,,,,
08/13/26 08:55:00,70.84,0.00,,,,
08/13/26 09:00:00,70.76,0.00,,,,
08/13/26 09:05:00,70.76,0.00,,,,
08/13/26 09:10:00,70.84,0.00,,,,
08/13/26 09:15:00,70.76,0.00,,,,
08/13/26 09:20:00,70.76,0.00,,,,
08/13/26 09:25:00,70.76,0.00,,,,
08/13/26 09:30:00,70.76,0.00,,,,
08/13/26 09:35:00,70.76,0.00,,,,
08/13/26 09:40:00,70.76,0.00,,,,
08/13/26 09:45:00,70.76,0.00,,,,
08/13/26 09:50:00,70.84,0.00,,,,
08/13/26 09:55:00,70.84,0.00,,,,
08/13/26 10:00:00,70.91,0.00,,,,
08/13/26 10:05:00,70.91,0.00,,,,
08/13/26 10:10:00,70.84,0.00,,,,
08/13/26 10:15:00,70.91,0.00,,,,
08/13/26 10:20:00,70.91,0.00,,,,
08/13/26 10:25:00,70.91,0.00,,,,
08/13/26 10:30:00,70.99,0.00,,,,
08/13/26 10:35:00,70.84,0.00,,,,
08/13/26 10:40:00,70.84,0.00,,,,
08/13/26 10:45:00,70.99,0.00,,,,
08/13/26 10:50:00,70.91,0.00,,,,
08/13/26 10:55:00,71.07,0.00,,,,
08/13/26 11:00:00,71.07,0.00,,,,
08/13/26 11:05:00,71.07,0.00,,,,
08/13/26 11:10:00,71.07,0.00,,,,
08/13/26 11:15:00,71.15,0.00,,,,
08/13/26 11:20:00,71.07,0.00,,,,
08/13/26 11:25:00,71.07,0.00,,,,
08/13/26 11:30:00,71.15,0.00,,,,
08/13/26 11:35:00,71.15,0.00,,,,
08/13/26 11:40:00,71.07,0.00,,,,
08/13/26 11:45:00,71.22,0.00,,,,
08/13/26 11:50:00,71.22,0.00,,,,
08/13/26 11:55:00,71.30,0.00,,,,
08/13/26 12:00:00,71.30,0.00,,,,
08/13/26 12:05:00,71.38,0.00,,,,
08/13/26 12:10:00,71.38,0.00,,,,
08/13/26 12:15:00,71.53,0.00,,,,
08/13/26 12:20:00,71.53,0.00,,,,
08/13/26 12:25:00,71.53,0.00,,,,
08/13/26 12:30:00,71.61,0.00,,,,
08/13/26 12:35:00,71.69,0.00,,,,
08/13/26 12:40:00,71.69,0.00,,,,
08/13/26 12:45:00,71.69,0.00,,,,
08/13/26 12:50:00,71.92,0.00,,,,
08/13/26 12:55:00,71.84,0.00,,,,
08/13/26 13:00:00,71.84,0.00,,,,
08/13/26 13:05:00,71.92,0.00,,,,
08/13/26 13:10:00,71.84,0.00,,,,
08/13/26 13:15:00,71.84,0.00,,,,
08/13/26 13:20:00,71.84,0.00,,,,
08/13/26 13:25:00,71.92,0.00,,,,
08/13/26 13:30:00,72.00,0.00,,,,
08/13/26 13:35:00,71.84,0.00,,,,
08/13/26 13:40:00,71.92,0.00,,,,
08/13/26 13:45:00,71.92,0.00,,,,
08/13/26 13:50:00,71.92,0.00,,,,
08/13/26 13:55:00,71.92,0.00,,,,
08/13/26 14:00:00,71.92,0.00,,,,
08/13/26 14:05:00,71.92,0.00,,,,
08/13/26 14:10:00,72.07,0.00,,,,
08/13/26 14:15:00,72.07,0.00,,,,
08/13/26 14:20:00,72.00,0.00,,,,
08/13/26 14:25:00,72.00,0.00,,,,
08/13/26 14:30:00,72.07,0.00,,,,
08/13/26 14:35:00,72.07,0.00,,,,
08/13/26 14:40:00,72.07,0.00,,,,
08/13/26 14:45:00,71.92,0.00,,,,
08/13/26 14:50:00,72.07,0.00,,,,
08/13/26 14:55:00,72.07,0.00,,,,
08/13/26 15:00:00,72.07,0.00,,,,
08/13/26 15:05:00,72.15,0.00,,,,
08/13/26 15:10:00,72.07,0.00,,,,
08/13/26 15:15:00,72.15,0.00,,,,
08/13/26 15:20:00,72.23,0.00,,,,
08/13/26 15:25:00,72.07,0.00,,,,
08/13/26 15:30:00,72.23,0.00,,,,
08/13/26 15:35:00,72.23,0.00,,,,
08/13/26 15:40:00,72.15,0.00,,,,
08/13/26 15:45:00,72.15,0.00,,,,
08/13/26 15:50:00,72.15,0.00,,,,
08/13/26 15:55:00,72.23,0.00,,,,
08/13/26 16:00:00,72.30,0.00,,,,
08/13/26 16:05:00,72.23,0.00,,,,
08/13/26 16:10:00,72.23,0.00,,,,
08/13/26 16:15:00,72.38,0.00,,,,
08/13/26 16:20:00,72.46,0.00,,,,
08/13/26 16:25:00,72.54,0.00,,,,
08/13/26 16:30:00,72.54,0.00,,,,
08/13/26 16:35:00,72.54,0.00,,,,
08/13/26 16:40:00,72.54,0.00,,,,
08/13/26 16:45:00,72.61,0.00,,,,
08/13/26 16:50:00,72.69,0.00,,,,
08/13/26 16:55:00,72.69,0.00,,,,
08/13/26 17:00:00,72.61,0.00,,,,
08/13/26 17:05:00,72.61,0.00,,,,
08/13/26 17:10:00,72.61,0.00,,,,
08/13/26 17:15:00,72.54,0.00,,,,
08/13/26 17:20:00,72.61,0.00,,,,
08/13/26 17:25:00,72.61,0.00,,,,
08/13/26 17:30:00,72.69,0.00,,,,
08/13/26 17:35:00,72.61,0.00,,,,
08/13/26 17:40:00,72.61,0.00,,,,
08/13/26 17:45:00,72.61,0.00,,,,
08/13/26 17:50:00,72.69,0.00,,,,
08/13/26 17:55:00,72.61,0.00,,,,
08/13/26 18:00:00,72.61,0.00,,,,
08/13/26 18:05:00,72.69,0.00,,,,
08/13/26 18:10:00,72.61,0.00,,,,
08/13/26 18:15:00,72.61,0.00,,,,
08/13/26 18:20:00,72.61,0.00,,,,
08/13/26 18:25:00,72.61,0.00,,,,
08/13/26 18:30:00,72.61,0.00,,,,
08/13/26 18:35:00,72.61,0.00,,,,
08/13/26 18:40:00,72.61,0.00,,,,
08/13/26 18:45:00,72.69,0.00,,,,
08/13/26 18:50:00,72.69,0.00,,,,
08/13/26 18:55:00,72.61,0.00,,,,
08/13/26 19:00:00,72.69,0.00,,,,
08/13/26 19:05:00,72.61,0.00,,,,
08/13/26 19:10:00,72.54,0.00,,,,
08/13/26 19:15:00,72.61,0.00,,,,
08/13/26 19:20:00,72.61,0.00,,,,
08/13/26 19:25:00,72.69,0.00,,,,
08/13/26 19:30:00,72.61,0.00,,,,
08/13/26 19:35:00,72.61,0.00,,,,
08/13/26 19:40:00,72.61,0.00,,,,
08/13/26 19:45:00,72.54,0.00,,,,
08/13/26 19:50:00,72.61,0.00,,,,
08/13/26 19:55:00,72.61,0.00,,,,
08/13/26 20:00:00,72.61,0.00,,,,
08/13/26 20:05:00,72.61,0.00,,,,
08/13/26 20:10:00,72.69,0.00,,,,
08/13/26 20:15:00,72.61,0.00,,,,
08/13/26 20:20:00,72.61,0.00,,,,
08/13/26 20:25:00,72.61,0.00,,,,
08/13/26 20:30:00,72.61,0.00,,,,
08/13/26 20:35:00,72.61,0.00,,,,
08/13/26 20:40:00,72.61,0.00,,,,
08/13/26 20:45:00,72.61,0.00,,,,
08/13/26 20:50:00,72.54,0.00,,,,
08/13/26 20:55:00,72.54,0.00,,,,
08/13/26 21:00:00,72.61,0.00,,,,
08/13/26 21:05:00,72.61,0.00,,,,
08/13/26 21:10:00,72.54,0.00,,,,
08/13/26 21:15:00,72.61,0.00,,,,
08/13/26 21:20:00,72.61,0.00,,,,
08/13/26 21:25:00,72.61,0.00,,,,
08/13/26 21:30:00,72.54,0.00,,,,
08/13/26 21:35:00,72.61,0.00,,,,
08/13/26 21:40:00,72.61,0.00,,,,
08/13/26 21:45:00,72.54,0.00,,,,
08/13/26 21:50:00,72.46,0.00,,,,
08/13/26 21:55:00,72.46,0.00,,,,
08/13/26 22:00:00,72.54,0.00,,,,
08/13/26 22:05:00,72.54,0.00,,,,
08/13/26 22:10:00,72.54,0.00,,,,
08/13/26 22:15:00,72.54,0.00,,,,
08/13/26 22:20:00,72.54,0.00,,,,
08/13/26 22:25:00,72.46,0.00,,,,
08/13/26 22:30:00,72.54,0.00,,,,
08/13/26 22:35:00,72.54,0.00,,,,
08/13/26 22:40:00,72.46,0.00,,,,
08/13/26 22:45:00,72.46,0.00,,,,
08/13/26 22:50:00,72.46,0.00,,,,
08/13/26 22:55:00,72.54,0.00,,,,
08/13/26 23:00:00,72.54,0.00,,,,
08/13/26 23:05:00,72.46,0.00,,,,
08/13/26 23:10:00,72.46,0.00,,,,
08/13/26 23:15:00,72.38,0.00,,,,
08/13/26 23:20:00,72.46,0.00,,,,
08/13/26 23:25:00,72.54,0.00,,,,
08/13/26 23:30:00,72.38,0.00,,,,
08/13/26 23:35:00,72.46,0.00,,,,
08/13/26 23:40:00,72.46,0.00,,,,
08/13/26 23:45:00,72.46,0.00,,,,
08/13/26 23:50:00,72.38,0.00,,,,
08/13/26 23:55:00,72.46,0.00,,,,
08/14/26 00:00:00,72.46,0.00,,,,
08/14/26 00:05:00,72.38,0.00,,,,
08/14/26 00:10:00,72.46,0.00,,,,
08/14/26 00:15:00,72.38,0.00,,,,
08/14/26 00:20:00,72.46,0.00,,,,
08/14/26 00:25:00,72.38,0.00,,,,
08/14/26 00:30:00,72.38,0.00,,,,
08/14/26 00:35:00,72.38,0.00,,,,
08/14/26 00:40:00,72.46,0.00,,,,
08/14/26 00:45:00,72.30,0.00,,,,
08/14/26 00:50:00,72.38,0.00,,,,
08/14/26 00:55:00,72.23,0.00,,,,
08/14/26 01:00:00,72.30,0.00,,,,
08/14/26 01:05:00,72.30,0.00,,,,
08/14/26 01:10:00,72.30,0.00,,,,
08/14/26 01:15:00,72.23,0.00,,,,
08/14/26 01:20:00,72.30,0.00,,,,
08/14/26 01:25:00,72.30,0.00,,,,
08/14/26 01:30:00,72.30,0.00,,,,
08/14/26 01:35:00,72.23,0.00,,,,
08/14/26 01:40:00,72.30,0.00,,,,
08/14/26 01:45:00,72.23,0.00,,,,
08/14/26 01:50:00,72.38,0.00,,,,
08/14/26 01:55:00,72.23,0.00,,,,
08/14/26 02:00:00,72.23,0.00,,,,
08/14/26 02:05:00,72.23,0.00,,,,
08/14/26 02:10:00,72.30,0.00,,,,
08/14/26 02:15:00,72.30,0.00,,,,
08/14/26 02:20:00,72.15,0.00,,,,
08/14/26 02:25:00,72.30,0.00,,,,
08/14/26 02:30:00,72.15,0.00,,,,
08/14/26 02:35:00,72.23,0.00,,,,
08/14/26 02:40:00,72.15,0.00,,,,
08/14/26 02:45:00,72.15,0.00,,,,
08/14/26 02:50:00,72.15,0.00,,,,
08/14/26 02:55:00,72.07,0.00,,,,
08/14/26 03:00:00,72.15,0.00,,,,
08/14/26 03:05:00,72.07,0.00,,,,
08/14/26 03:10:00,72.15,0.00,,,,
08/14/26 03:15:00,72.07,0.00,,,,
08/14/26 03:20:00,72.15,0.00,,,,
08/14/26 03:25:00,72.07,0.00,,,,
08/14/26 03:30:00,72.15,0.00,,,,
08/14/26 03:35:00,72.15,0.00,,,,
08/14/26 03:40:00,72.07,0.00,,,,
08/14/26 03:45:00,72.00,0.00,,,,
08/14/26 03:50:00,72.00,0.00,,,,
08/14/26 03:55:00,72.07,0.00,,,,
08/14/26 04:00:00,72.00,0.00,,,,
08/14/26 04:05:00,72.00,0.00,,,,
08/14/26 04:10:00,71.92,0.00,,,,
08/14/26 04:15:00,72.00,0.00,,,,
08/14/26 04:20:00,72.00,0.00,,,,
08/14/26 04:25:00,72.00,0.00,,,,
08/14/26 04:30:00,72.00,0.00,,,,
08/14/26 04:35:00,72.00,0.00,,,,
08/14/26 04:40:00,72.00,0.00,,,,
08/14/26 04:45:00,71.92,0.00,,,,
08/14/26 04:50:00,71.84,0.00,,,,
08/14/26 04:55:00,71.92,0.00,,,,
08/14/26 05:00:00,71.92,0.00,,,,
08/14/26 05:05:00,71.84,0.00,,,,
08/14/26 05:10:00,71.84,0.00,,,,
08/14/26 05:15:00,71.84,0.00,,,,
08/14/26 05:20:00,71.84,0.00,,,,
08/14/26 05:25:00,71.84,0.00,,,,
08/14/26 05:30:00,71.84,0.00,,,,
08/14/26 05:35:00,71.92,0.00,,,,
08/14/26 05:40:00,71.76,0.00,,,,
08/14/26 05:45:00,71.76,0.00,,,,
08/14/26 05:50:00,71.84,0.00,,,,
08/14/26 05:55:00,71.76,0.00,,,,
08/14/26 06:00:00,71.76,0.00,,,,
08/14/26 06:05:00,71.76,0.00,,,,
08/14/26 06:10:00,71.76,0.00,,,,
08/14/26 06:15:00,71.69,0.00,,,,
08/14/26 06:20:00,71.69,0.00,,,,
08/14/26 06:25:00,71.69,0.00,,,,
08/14/26 06:30:00,71.53,0.00,,,,
08/14/26 06:35:00,71.76,0.00,,,,
08/14/26 06:40:00,71.61,0.00,,,,
08/14/26 06:45:00,71.61,0.00,,,,
08/14/26 06:50:00,71.61,0.00,,,,
08/14/26 06:55:00,71.61,0.00,,,,
08/14/26 07:00:00,71.53,0.00,,,,
08/14/26 07:05:00,71.61,0.00,,,,
08/14/26 07:10:00,71.61,0.00,,,,
08/14/26 07:15:00,71.61,0.00,,,,
08/14/26 07:20:00,71.61,0.00,,,,
08/14/26 07:25:00,71.61,0.00,,,,
08/14/26 07:30:00,71.61,0.00,,,,
08/14/26 07:35:00,71.53,0.00,,,,
08/14/26 07:40:00,71.53,0.00,,,,
08/14/26 07:45:00,71.53,0.00,,,,
08/14/26 07:50:00,71.53,0.00,,,,
08/14/26 07:55:00,71.53,0.00,,,,
08/14/26 08:00:00,71.45,0.00,,,,
08/14/26 08:05:00,71.45,0.00,,,,
08/14/26 08:10:00,71.53,0.00,,,,
08/14/26 08:15:00,71.38,0.00,,,,
08/14/26 08:20:00,71.45,0.00,,,,
08/14/26 08:25:00,71.45,0.00,,,,
08/14/26 08:30:00,71.38,0.00,,,,
08/14/26 08:35:00,71.45,0.00,,,,
08/14/26 08:40:00,71.45,0.00,,,,
08/14/26 08:45:00,71.38,0.00,,,,
08/14/26 08:50:00,71.30,0.00,,,,
08/14/26 08:55:00,71.38,0.00,,,,
08/14/26 09:00:00,71.38,0.00,,,,
08/14/26 09:05:00,71.38,0.00,,,,
08/14/26 09:10:00,71.38,0.00,,,,
08/14/26 09:15:00,71.22,0.00,,,,
08/14/26 09:20:00,71.38,0.00,,,,
08/14/26 09:25:00,71.38,0.00,,,,
08/14/26 09:30:00,71.30,0.00,,,,
08/14/26 09:35:00,71.22,0.00,,,,
08/14/26 09:40:00,71.22,0.00,,,,
08/14/26 09:45:00,71.30,0.00,,,,
08/14/26 09:50:00,71.22,0.00,,,,
08/14/26 09:55:00,71.22,0.00,,,,
08/14/26 10:00:00,71.15,0.00,,,,
08/14/26 10:05:00,71.22,0.00,,,,
08/14/26 10:10:00,71.15,0.00,,,,
08/14/26 10:15:00,71.22,0.00,,,,
08/14/26 10:20:00,71.15,0.00,,,,
08/14/26 10:25:00,71.22,0.00,,,,
08/14/26 10:30:00,71.22,0.00,,,,
08/14/26 10:35:00,71.15,0.00,,,,
08/14/26 10:40:00,71.15,0.00,,,,
08/14/26 10:45:00,71.15,0.00,,,,
08/14/26 10:50:00,71.22,0.00,,,,
08/14/26 10:55:00,71.22,0.00,,,,
08/14/26 11:00:00,71.22,0.00,,,,
08/14/26 11:05:00,71.15,0.00,,,,
08/14/26 11:10:00,71.22,0.00,,,,
08/14/26 11:15:00,71.15,0.00,,,,
08/14/26 11:20:00,71.15,0.00,,,,
08/14/26 11:25:00,71.15,0.00,,,,
08/14/26 11:30:00,71.15,0.00,,,,
08/14/26 11:35:00,71.22,0.00,,,,
08/14/26 11:40:00,71.15,0.00,,,,
08/14/26 11:45:00,71.15,0.00,,,,
08/14/26 11:50:00,71.15,0.00,,,,
08/14/26 11:55:00,71.15,0.00,,,,
08/14/26 12:00:00,71.22,0.00,,,,
08/14/26 12:05:00,71.22,0.00,,,,
08/14/26 12:10:00,71.22,0.00,,,,
08/14/26 12:15:00,71.22,0.00,,,,
08/14/26 12:20:00,71.22,0.00,,,,
08/14/26 12:25:00,71.22,0.00,,,,
08/14/26 12:30:00,71.22,0.00,,,,
08/14/26 12:35:00,71.22,0.00,,,,
08/14/26 12:40:00,71.22,0.00,,,,
08/14/26 12:45:00,71.22,0.00,,,,
08/14/26 12:50:00,71.30,0.00,,,,
08/14/26 12:55:00,71.30,0.00,,,,
08/14/26 13:00:00,71.30,0.00,,,,
08/14/26 13:05:00,71.38,0.00,,,,
08/14/26 13:10:00,71.30,0.00,,,,
08/14/26 13:15:00,71.38,0.00,,,,
08/14/26 13:20:00,71.30,0.00,,,,
08/14/26 13:25:00,71.30,0.00,,,,
08/14/26 13:30:00,71.30,0.00,,,,
08/14/26 13:35:00,71.38,0.00,,,,
08/14/26 13:40:00,71.38,0.00,,,,
08/14/26 13:45:00,71.38,0.00,,,,
08/14/26 13:50:00,71.38,0.00,,,,
08/14/26 13:55:00,71.30,0.00,,,,
08/14/26 14:00:00,71.45,0.00,,,,
08/14/26 14:05:00,71.45,0.00,,,,
08/14/26 14:10:00,71.38,0.00,,,,
08/14/26 14:15:00,71.45,0.00,,,,
08/14/26 14:20:00,71.53,0.00,,,,
08/14/26 14:25:00,71.53,0.00,,,,
08/14/26 14:30:00,71.53,0.00,,,,
08/14/26 14:35:00,71.53,0.00,,,,
08/14/26 14:40:00,71.45,0.00,,,,
08/14/26 14:45:00,71.45,0.00,,,,
08/14/26 14:50:00,71.61,0.00,,,,
08/14/26 14:55:00,71.53,0.00,,,,
08/14/26 15:00:00,71.53,0.00,,,,
08/14/26 15:05:00,71.61,0.00,,,,
08/14/26 15:10:00,71.61,0.00,,,,
08/14/26 15:15:00,71.53,0.00,,,,
08/14/26 15:20:00,71.53,0.00,,,,
08/14/26 15:25:00,71.53,0.00,,,,
08/14/26 15:30:00,71.61,0.00,,,,
08/14/26 15:35:00,71.69,0.00,,,,
08/14/26 15:40:00,71.69,0.00,,,,
08/14/26 15:45:00,71.61,0.00,,,,
08/14/26 15:50:00,71.69,0.00,,,,
08/14/26 15:55:00,71.61,0.00,,,,
08/14/26 16:00:00,71.61,0.00,,,,
08/14/26 16:05:00,71.69,0.00,,,,
08/14/26 16:10:00,71.61,0.00,,,,
08/14/26 16:15:00,71.61,0.00,,,,
08/14/26 16:20:00,71.61,0.00,,,,
08/14/26 16:25:00,71.69,0.00,,,,
08/14/26 16:30:00,71.61,0.00,,,,
08/14/26 16:35:00,71.69,0.00,,,,
08/14/26 16:40:00,71.69,0.00,,,,
08/14/26 16:45:00,71.69,0.00,,,,
08/14/26 16:50:00,71.69,0.00,,,,
08/14/26 16:55:00,71.69,0.00,,,,
08/14/26 17:00:00,71.76,0.00,,,,
08/14/26 17:05:00,71.69,0.00,,,,
08/14/26 17:10:00,71.69,0.00,,,,
08/14/26 17:15:00,71.69,0.00,,,,
08/14/26 17:20:00,71.61,0.00,,,,
08/14/26 17:25:00,71.76,0.00,,,,
08/14/26 17:30:00,71.76,0.00,,,,
08/14/26 17:35:00,71.76,0.00,,,,
08/14/26 17:40:00,71.76,0.00,,,,
08/14/26 17:45:00,71.69,0.00,,,,
08/14/26 17:50:00,71.69,0.00,,,,
08/14/26 17:55:00,71.76,0.00,,,,
08/14/26 18:00:00,71.84,0.00,,,,
08/14/26 18:05:00,71.76,0.00,,,,
08/14/26 18:10:00,71.69,0.00,,,,
08/14/26 18:15:00,71.84,0.00,,,,
08/14/26 18:20:00,71.76,0.00,,,,
08/14/26 18:25:00,71.76,0.00,,,,
08/14/26 18:30:00,71.76,0.00,,,,
08/14/26 18:35:00,71.76,0.00,,,,
08/14/26 18:40:00,71.84,0.00,,,,
08/14/26 18:45:00,71.84,0.00,,,,
08/14/26 18:50:00,71.76,0.00,,,,
08/14/26 18:55:00,71.76,0.00,,,,
08/14/26 19:00:00,71.84,0.00,,,,
08/14/26 19:05:00,71.76,0.00,,,,
08/14/26 19:10:00,71.76,0.00,,,,
08/14/26 19:15:00,71.76,0.00,,,,
08/14/26 19:20:00,71.92,0.00,,,,
08/14/26 19:25:00,71.84,0.00,,,,
08/14/26 19:30:00,71.76,0.00,,,,
08/14/26 19:35:00,71.76,0.00,,,,
08/14/26 19:40:00,71.84,0.00,,,,
08/14/26 19:45:00,71.84,0.00,,,,
08/14/26 19:50:00,71.84,0.00,,,,
08/14/26 19:55:00,71.84,0.00,,,,
08/14/26 20:00:00,71.84,0.00,,,,
08/14/26 20:05:00,71.84,0.00,,,,
08/14/26 20:10:00,71.84,0.00,,,,
08/14/26 20:15:00,71.76,0.00,,,,
08/14/26 20:20:00,71.92,0.00,,,,
08/14/26 20:25:00,71.84,0.00,,,,
08/14/26 20:30:00,71.92,0.00,,,,
08/14/26 20:35:00,71.84,0.00,,,,
08/14/26 20:40:00,71.92,0.00,,,,
08/14/26 20:45:00,71.92,0.00,,,,
08/14/26 20:50:00,71.76,0.00,,,,
08/14/26 20:55:00,71.92,0.00,,,,
08/14/26 21:00:00,71.92,0.00,,,,
08/14/26 21:05:00,71.92,0.00,,,,
08/14/26 21:10:00,71.84,0.00,,,,
08/14/26 21:15:00,71.84,0.00,,,,
08/14/26 21:20:00,71.92,0.00,,,,
08/14/26 21:25:00,71.92,0.00,,,,
08/14/26 21:30:00,71.92,0.00,,,,
08/14/26 21:35:00,71.84,0.00,,,,
08/14/26 21:40:00,71.92,0.00,,,,
08/14/26 21:45:00,71.84,0.00,,,,
08/14/26 21:50:00,71.84,0.00,,,,
08/14/26 21:55:00,71.92,0.00,,,,
08/14/26 22:00:00,71.92,0.00,,,,
08/14/26 22:05:00,71.84,0.00,,,,
08/14/26 22:10:00,71.84,0.00,,,,
08/14/26 22:15:00,71.92,0.00,,,,
08/14/26 22:20:00,71.84,0.00,,,,
08/14/26 22:25:00,71.84,0.00,,,,
08/14/26 22:30:00,71.84,0.00,,,,
08/14/26 22:35:00,71.92,0.00,,,,
08/14/26 22:40:00,71.92,0.00,,,,
08/14/26 22:45:00,71.84,0.00,,,,
08/14/26 22:50:00,71.92,0.00,,,,
08/14/26 22:55:00,71.84,0.00,,,,
08/14/26 23:00:00,71.84,0.00,,,,
08/14/26 23:05:00,71.84,0.00,,,,
08/14/26 23:10:00,71.84,0.00,,,,
08/14/26 23:15:00,71.92,0.00,,,,
08/14/26 23:20:00,71.84,0.00,,,,
08/14/26 23:25:00,71.76,0.00,,,,
08/14/26 23:30:00,71.84,0.00,,,,
08/14/26 23:35:00,71.76,0.00,,,,
08/14/26 23:40:00,71.92,0.00,,,,
08/14/26 23:45:00,71.84,0.00,,,,
08/14/26 23:50:00,71.69,0.00,,,,
08/14/26 23:55:00,71.84,0.00,,,,
08/15/26 00:00:00,71.84,0.00,,,,
08/15/26 00:05:00,71.76,0.00,,,,
08/15/26 00:10:00,71.84,0.00,,,,
08/15/26 00:15:00,71.76,0.00,,,,
08/15/26 00:20:00,71.84,0.00,,,,
08/15/26 00:25:00,71.76,0.00,,,,
08/15/26 00:30:00,71.84,0.00,,,,
08/15/26 00:35:00,71.76,0.00,,,,
08/15/26 00:40:00,71.84,0.00,,,,
08/15/26 00:45:00,71.76,0.00,,,,
08/15/26 00:50:00,71.76,0.00,,,,
08/15/26 00:55:00,71.76,0.00,,,,
08/15/26 01:00:00,71.76,0.00,,,,
08/15/26 01:05:00,71.69,0.00,,,,
08/15/26 01:10:00,71.76,0.00,,,,
08/15/26 01:15:00,71.69,0.00,,,,
08/15/26 01:20:00,71.76,0.00,,,,
08/15/26 01:25:00,71.84,0.00,,,,
08/15/26 01:30:00,71.76,0.00,,,,
08/15/26 01:35:00,71.69,0.00,,,,
08/15/26 01:40:00,71.69,0.00,,,,
08/15/26 01:45:00,71.69,0.00,,,,
08/15/26 01:50:00,71.76,0.00,,,,
08/15/26 01:55:00,71.69,0.00,,,,
08/15/26 02:00:00,71.76,0.00,,,,
08/15/26 02:05:00,71.76,0.00,,,,
08/15/26 02:10:00,71.76,0.00,,,,
08/15/26 02:15:00,71.76,0.00,,,,
08/15/26 02:20:00,71.69,0.00,,,,
08/15/26 02:25:00,71.69,0.00,,,,
08/15/26 02:30:00,71.69,0.00,,,,
08/15/26 02:35:00,71.61,0.00,,,,
08/15/26 02:40:00,71.61,0.00,,,,
08/15/26 02:45:00,71.69,0.00,,,,
08/15/26 02:50:00,71.61,0.00,,,,
08/15/26 02:55:00,71.61,0.00,,,,
08/15/26 03:00:00,71.69,0.00,,,,
08/15/26 03:05:00,71.69,0.00,,,,
08/15/26 03:10:00,71.53,0.00,,,,
08/15/26 03:15:00,71.61,0.00,,,,
08/15/26 03:20:00,71.53,0.00,,,,
08/15/26 03:25:00,71.61,0.00,,,,
08/15/26 03:30:00,71.53,0.00,,,,
08/15/26 03:35:00,71.61,0.00,,,,
08/15/26 03:40:00,71.61,0.00,,,,
08/15/26 03:45:00,71.53,0.00,,,,
08/15/26 03:50:00,71.53,0.00,,,,
08/15/26 03:55:00,71.45,0.00,,,,
08/15/26 04:00:00,71.53,0.00,,,,
08/15/26 04:05:00,71.61,0.00,,,,
08/15/26 04:10:00,71.45,0.00,,,,
08/15/26 04:15:00,71.45,0.00,,,,
08/15/26 04:20:00,71.53,0.00,,,,
08/15/26 04:25:00,71.45,0.00,,,,
08/15/26 04:30:00,71.53,0.00,,,,
08/15/26 04:35:00,71.53,0.00,,,,
08/15/26 04:40:00,71.45,0.00,,,,
08/15/26 04:45:00,71.53,0.00,,,,
08/15/26 04:50:00,71.45,0.00,,,,
08/15/26 04:55:00,71.45,0.00,,,,
08/15/26 05:00:00,71.45,0.00,,,,
08/15/26 05:05:00,71.45,0.00,,,,
08/15/26 05:10:00,71.45,0.00,,,,
08/15/26 05:15:00,71.38,0.00,,,,
08/15/26 05:20:00,71.45,0.00,,,,
08/15/26 05:25:00,71.53,0.00,,,,
08/15/26 05:30:00,71.53,0.00,,,,
08/15/26 05:35:00,71.38,0.00,,,,
08/15/26 05:40:00,71.30,0.00,,,,
08/15/26 05:45:00,71.30,0.00,,,,
08/15/26 05:50:00,71.38,0.00,,,,
08/15/26 05:55:00,71.38,0.00,,,,
08/15/26 06:00:00,71.38,0.00,,,,
08/15/26 06:05:00,71.30,0.00,,,,
08/15/26 06:10:00,71.30,0.00,,,,
08/15/26 06:15:00,71.30,0.00,,,,
08/15/26 06:20:00,71.38,0.00,,,,
08/15/26 06:25:00,71.30,0.00,,,,
08/15/26 06:30:00,71.30,0.00,,,,
08/15/26 06:35:00,71.22,0.00,,,,
08/15/26 06:40:00,71.22,0.00,,,,
08/15/26 06:45:00,71.30,0.00,,,,
08/15/26 06:50:00,71.15,0.00,,,,
08/15/26 06:55:00,71.15,0.00,,,,
08/15/26 07:00:00,71.30,0.00,,,,
08/15/26 07:05:00,71.22,0.00,,,,
08/15/26 07:10:00,71.30,0.00,,,,
08/15/26 07:15:00,71.22,0.00,,,,
08/15/26 07:20:00,71.22,0.00,,,,
08/15/26 07:25:00,71.22,0.00,,,,
08/15/26 07:30:00,71.15,0.00,,,,
08/15/26 07:35:00,71.15,0.00,,,,
08/15/26 07:40:00,71.07,0.00,,,,
08/15/26 07:45:00,71.15,0.00,,,,
08/15/26 07:50:00,71.22,0.00,,,,
08/15/26 07:55:00,71.22,0.00,,,,
08/15/26 08:00:00,71.15,0.00,,,,
08/15/26 08:05:00,71.15,0.00,,,,
08/15/26 08:10:00,71.15,0.00,,,,
08/15/26 08:15:00,71.15,0.00,,,,
08/15/26 08:20:00,71.07,0.00,,,,
08/15/26 08:25:00,71.07,0.00,,,,
08/15/26 08:30:00,71.07,0.00,,,,
08/15/26 08:35:00,71.07,0.00,,,,
08/15/26 08:40:00,71.07,0.00,,,,
08/15/26 08:45:00,71.07,0.00,,,,
08/15/26 08:50:00,71.07,0.00,,,,
08/15/26 08:55:00,71.07,0.00,,,,
08/15/26 09:00:00,71.07,0.00,,,,
08/15/26 09:05:00,70.99,0.00,,,,
08/15/26 09:10:00,70.99,0.00,,,,
08/15/26 09:15:00,70.99,0.00,,,,
08/15/26 09:20:00,71.07,0.00,,,,
08/15/26 09:25:00,71.07,0.00,,,,
08/15/26 09:30:00,70.99,0.00,,,,
08/15/26 09:35:00,70.91,0.00,,,,
08/15/26 09:40:00,70.91,0.00,,,,
08/15/26 09:45:00,70.91,0.00,,,,
08/15/26 09:50:00,70.99,0.00,,,,
08/15/26 09:55:00,70.91,0.00,,,,
08/15/26 10:00:00,70.91,0.00,,,,
08/15/26 10:05:00,70.91,0.00,,,,
08/15/26 10:10:00,70.99,0.00,,,,
08/15/26 10:15:00,70.91,0.00,,,,
08/15/26 10:20:00,70.91,0.00,,,,
08/15/26 10:25:00,70.91,0.00,,,,
08/15/26 10:30:00,70.84,0.00,,,,
08/15/26 10:35:00,70.84,0.00,,,,
08/15/26 10:40:00,70.84,0.00,,,,
08/15/26 10:45:00,70.91,0.00,,,,
08/15/26 10:50:00,70.99,0.00,,,,
08/15/26 10:55:00,70.91,0.00,,,,
08/15/26 11:00:00,70.84,0.00,,,,
08/15/26 11:05:00,70.99,0.00,,,,
08/15/26 11:10:00,70.91,0.00,,,,
08/15/26 11:15:00,70.84,0.00,,,,
08/15/26 11:20:00,70.91,0.00,,,,
08/15/26 11:25:00,70.91,0.00,,,,
08/15/26 11:30:00,70.91,0.00,,,,
08/15/26 11:35:00,70.91,0.00,,,,
08/15/26 11:40:00,70.84,0.00,,,,
08/15/26 11:45:00,70.99,0.00,,,,
08/15/26 11:50:00,70.91,0.00,,,,
08/15/26 11:55:00,70.84,0.00,,,,
08/15/26 12:00:00,70.91,0.00,,,,
08/15/26 12:05:00,70.84,0.00,,,,
08/15/26 12:10:00,70.99,0.00,,,,
08/15/26 12:15:00,70.84,0.00,,,,
08/15/26 12:20:00,70.91,0.00,,,,
08/15/26 12:25:00,70.84,0.00,,,,
08/15/26 12:30:00,70.99,0.00,,,,
08/15/26 12:35:00,70.91,0.00,,,,
08/15/26 12:40:00,70.99,0.00,,,,
08/15/26 12:45:00,70.91,0.00,,,,
08/15/26 12:50:00,70.99,0.00,,,,
08/15/26 12:55:00,70.99,0.00,,,,
08/15/26 13:00:00,71.07,0.00,,,,
08/15/26 13:05:00,70.99,0.00,,,,
08/15/26 13:10:00,71.07,0.00,,,,
08/15/26 13:15:00,70.99,0.00,,,,
08/15/26 13:20:00,70.99,0.00,,,,
08/15/26 13:25:00,71.07,0.00,,,,
08/15/26 13:30:00,70.99,0.00,,,,
08/15/26 13:35:00,71.07,0.00,,,,
08/15/26 13:40:00,71.07,0.00,,,,
08/15/26 13:45:00,71.07,0.00,,,,
08/15/26 13:50:00,71.07,0.00,,,,
08/15/26 13:55:00,71.07,0.00,,,,
08/15/26 14:00:00,71.07,0.00,,,,
08/15/26 14:05:00,71.15,0.00,,,,
08/15/26 14:10:00,71.15,0.00,,,,
08/15/26 14:15:00,71.15,0.00,,,,
08/15/26 14:20:00,71.15,0.00,,,,
08/15/26 14:25:00,71.07,0.00,,,,
08/15/26 14:30:00,71.22,0.00,,,,
08/15/26 14:35:00,71.15,0.00,,,,
08/15/26 14:40:00,71.30,0.00,,,,
08/15/26 14:45:00,71.22,0.00,,,,
08/15/26 14:50:00,71.15,0.00,,,,
08/15/26 14:55:00,71.22,0.00,,,,
08/15/26 15:00:00,71.22,0.00,,,,
08/15/26 15:05:00,71.22,0.00,,,,
08/15/26 15:10:00,71.30,0.00,,,,
08/15/26 15:15:00,71.22,0.00,,,,
08/15/26 15:20:00,71.30,0.00,,,,
08/15/26 15:25:00,71.22,0.00,,,,
08/15/26 15:30:00,71.30,0.00,,,,
08/15/26 15:35:00,71.30,0.00,,,,
08/15/26 15:40:00,71.30,0.00,,,,
08/15/26 15:45:00,71.30,0.00,,,,
08/15/26 15:50:00,71.30,0.00,,,,
08/15/26 15:55:00,71.30,0.00,,,,
08/15/26 16:00:00,71.30,0.00,,,,
08/15/26 16:05:00,71.45,0.00,,,,
08/15/26 16:10:00,71.38,0.00,,,,
08/15/26 16:15:00,71.38,0.00,,,,
08/15/26 16:20:00,71.38,0.00,,,,
08/15/26 16:25:00,71.38,0.00,,,,
08/15/26 16:30:00,71.45,0.00,,,,
08/15/26 16:35:00,71.30,0.00,,,,
08/15/26 16:40:00,71.45,0.00,,,,
08/15/26 16:45:00,71.45,0.00,,,,
08/15/26 16:50:00,71.38,0.00,,,,
08/15/26 16:55:00,71.38,0.00,,,,
08/15/26 17:00:00,71.45,0.00,,,,
08/15/26 17:05:00,71.38,0.00,,,,
08/15/26 17:10:00,71.45,0.00,,,,
08/15/26 17:15:00,71.45,0.00,,,,
08/15/26 17:20:00,71.45,0.00,,,,
08/15/26 17:25:00,71.38,0.00,,,,
08/15/26 17:30:00,71.38,0.00,,,,
08/15/26 17:35:00,71.45,0.00,,,,
08/15/26 17:40:00,71.45,0.00,,,,
08/15/26 17:45:00,71.53,0.00,,,,
08/15/26 17:50:00,71.45,0.00,,,,
08/15/26 17:55:00,71.53,0.00,,,,
08/15/26 18:00:00,71.45,0.00,,,,
08/15/26 18:05:00,71.45,0.00,,,,
08/15/26 18:10:00,71.45,0.00,,,,
08/15/26 18:15:00,71.45,0.00,,,,
08/15/26 18:20:00,71.45,0.00,,,,
08/15/26 18:25:00,71.45,0.00,,,,
08/15/26 18:30:00,71.53,0.00,,,,
08/15/26 18:35:00,71.53,0.00,,,,
08/15/26 18:40:00,71.53,0.00,,,,
08/15/26 18:45:00,71.53,0.00,,,,
08/15/26 18:50:00,71.53,0.00,,,,
08/15/26 18:55:00,71.53,0.00,,,,
08/15/26 19:00:00,71.53,0.00,,,,
08/15/26 19:05:00,71.45,0.00,,,,
08/15/26 19:10:00,71.53,0.00,,,,
08/15/26 19:15:00,71.45,0.00,,,,
08/15/26 19:20:00,71.61,0.00,,,,
08/15/26 19:25:00,71.53,0.00,,,,
08/15/26 19:30:00,71.61,0.00,,,,
08/15/26 19:35:00,71.53,0.00,,,,
08/15/26 19:40:00,71.53,0.00,,,,
08/15/26 19:45:00,71.61,0.00,,,,
08/15/26 19:50:00,71.61,0.00,,,,
08/15/26 19:55:00,71.53,0.00,,,,
08/15/26 20:00:00,71.53,0.00,,,,
08/15/26 20:05:00,71.53,0.00,,,,
08/15/26 20:10:00,71.53,0.00,,,,
08/15/26 20:15:00,71.61,0.00,,,,
08/15/26 20:20:00,71.53,0.00,,,,
08/15/26 20:25:00,71.53,0.00,,,,
08/15/26 20:30:00,71.61,0.00,,,,
08/15/26 20:35:00,71.53,0.00,,,,
08/15/26 20:40:00,71.61,0.00,,,,
08/15/26 20:45:00,71.53,0.00,,,,
08/15/26 20:50:00,71.53,0.00,,,,
08/15/26 20:55:00,71.53,0.00,,,,
08/15/26 21:00:00,71.69,0.00,,,,
08/15/26 21:05:00,71.61,0.00,,,,
08/15/26 21:10:00,71.69,0.00,,,,
08/15/26 21:15:00,71.61,0.00,,,,
08/15/26 21:20:00,71.61,0.00,,,,
08/15/26 21:25:00,71.53,0.00,,,,
08/15/26 21:30:00,71.53,0.00,,,,
08/15/26 21:35:00,71.61,0.00,,,,
08/15/26 21:40:00,71.61,0.00,,,,
08/15/26 21:45:00,71.61,0.00,,,,
08/15/26 21:50:00,71.53,0.00,,,,
08/15/26 21:55:00,71.69,0.00,,,,
08/15/26 22:00:00,71.61,0.00,,,,
08/15/26 22:05:00,71.53,0.00,,,,
08/15/26 22:10:00,71.53,0.00,,,,
08/15/26 22:15:00,71.61,0.00,,,,
08/15/26 22:20:00,71.61,0.00,,,,
08/15/26 22:25:00,71.69,0.00,,,,
08/15/26 22:30:00,71.61,0.00,,,,
08/15/26 22:35:00,71.61,0.00,,,,
08/15/26 22:40:00,71.61,0.00,,,,
08/15/26 22:45:00,71.61,0.00,,,,
08/15/26 22:50:00,71.61,0.00,,,,
08/15/26 22:55:00,71.61,0.00,,,,
08/15/26 23:00:00,71.61,0.00,,,,
08/15/26 23:05:00,71.53,0.00,,,,
08/15/26 23:10:00,71.61,0.00,,,,
08/15/26 23:15:00,71.61,0.00,,,,
08/15/26 23:20:00,71.61,0.00,,,,
08/15/26 23:25:00,71.69,0.00,,,,
08/15/26 23:30:00,71.61,0.00,,,,
08/15/26 23:35:00,71.61,0.00,,,,
08/15/26 23:40:00,71.61,0.00,,,,
08/15/26 23:45:00,71.61,0.00,,,,
08/15/26 23:50:00,71.61,0.00,,,,
08/15/26 23:55:00,71.61,0.00,,,,
08/16/26 00:00:00,71.61,0.00,,,,
08/16/26 00:05:00,71.61,0.00,,,,
08/16/26 00:10:00,71.61,0.00,,,,
08/16/26 00:15:00,71.53,0.00,,,,
08/16/26 00:20:00,71.53,0.00,,,,
08/16/26 00:25:00,71.69,0.00,,,,
08/16/26 00:30:00,71.61,0.00,,,,
08/16/26 00:35:00,71.61,0.00,,,,
08/16/26 00:40:00,71.61,0.00,,,,
08/16/26 00:45:00,71.53,0.00,,,,
08/16/26 00:50:00,71.53,0.00,,,,
08/16/26 00:55:00,71.53,0.00,,,,
08/16/26 01:00:00,71.61,0.00,,,,
08/16/26 01:05:00,71.53,0.00,,,,
08/16/26 01:10:00,71.53,0.00,,,,
08/16/26 01:15:00,71.61,0.00,,,,
08/16/26 01:20:00,71.53,0.00,,,,
08/16/26 01:25:00,71.53,0.00,,,,
08/16/26 01:30:00,71.61,0.00,,,,
08/16/26 01:35:00,71.61,0.00,,,,
08/16/26 01:40:00,71.53,0.00,,,,
08/16/26 01:45:00,71.53,0.00,,,,
08/16/26 01:50:00,71.53,0.00,,,,
08/16/26 01:55:00,71.53,0.00,,,,
08/16/26 02:00:00,71.53,0.00,,,,
08/16/26 02:05:00,71.53,0.00,,,,
08/16/26 02:10:00,71.61,0.00,,,,
08/16/26 02:15:00,71.61,0.00,,,,
08/16/26 02:20:00,71.53,0.00,,,,
08/16/26 02:25:00,71.53,0.00,,,,
08/16/26 02:30:00,71.53,0.00,,,,
08/16/26 02:35:00,71.53,0.00,,,,
08/16/26 02:40:00,71.61,0.00,,,,
08/16/26 02:45:00,71.45,0.00,,,,
08/16/26 02:50:00,71.53,0.00,,,,
08/16/26 02:55:00,71.53,0.00,,,,
08/16/26 03:00:00,71.45,0.00,,,,
08/16/26 03:05:00,71.45,0.00,,,,
08/16/26 03:10:00,71.38,0.00,,,,
08/16/26 03:15:00,71.53,0.00,,,,
08/16/26 03:20:00,71.45,0.00,,,,
08/16/26 03:25:00,71.45,0.00,,,,
08/16/26 03:30:00,71.45,0.00,,,,
08/16/26 03:35:00,71.38,0.00,,,,
08/16/26 03:40:00,71.45,0.00,,,,
08/16/26 03:45:00,71.45,0.00,,,,
08/16/26 03:50:00,71.30,0.00,,,,
08/16/26 03:55:00,71.45,0.00,,,,
08/16/26 04:00:00,71.38,0.00,,,,
08/16/26 04:05:00,71.30,0.00,,,,
08/16/26 04:10:00,71.38,0.00,,,,
08/16/26 04:15:00,71.22,0.00,,,,
08/16/26 04:20:00,71.38,0.00,,,,
08/16/26 04:25:00,71.30,0.00,,,,
08/16/26 04:30:00,71.30,0.00,,,,
08/16/26 04:35:00,71.30,0.00,,,,
08/16/26 04:40:00,71.30,0.00,,,,
08/16/26 04:45:00,71.30,0.00,,,,
08/16/26 04:50:00,71.38,0.00,,,,
08/16/26 04:55:00,71.38,0.00,,,,
08/16/26 05:00:00,71.38,0.00,,,,
08/16/26 05:05:00,71.30,0.00,,,,
08/16/26 05:10:00,71.38,0.00,,,,
08/16/26 05:15:00,71.30,0.00,,,,
08/16/26 05:20:00,71.38,0.00,,,,
08/16/26 05:25:00,71.22,0.00,,,,
08/16/26 05:30:00,71.22,0.00,,,,
08/16/26 05:35:00,71.15,0.00,,,,
08/16/26 05:40:00,71.22,0.00,,,,
08/16/26 05:45:00,71.22,0.00,,,,
08/16/26 05:50:00,71.22,0.00,,,,
08/16/26 05:55:00,71.22,0.00,,,,
08/16/26 06:00:00,71.22,0.00,,,,
08/16/26 06:05:00,71.22,0.00,,,,
08/16/26 06:10:00,71.15,0.00,,,,
08/16/26 06:15:00,71.22,0.00,,,,
08/16/26 06:20:00,71.15,0.00,,,,
08/16/26 06:25:00,71.15,0.00,,,,
08/16/26 06:30:00,71.15,0.00,,,,
08/16/26 06:35:00,71.15,0.00,,,,
08/16/26 06:40:00,71.07,0.00,,,,
08/16/26 06:45:00,71.15,0.00,,,,
08/16/26 06:50:00,71.15,0.00,,,,
08/16/26 06:55:00,71.15,0.00,,,,
08/16/26 07:00:00,71.07,0.00,,,,
08/16/26 07:05:00,71.15,0.00,,,,
08/16/26 07:10:00,71.15,0.00,,,,
08/16/26 07:15:00,71.15,0.00,,,,
08/16/26 07:20:00,71.07,0.00,,,,
08/16/26 07:25:00,71.15,0.00,,,,
08/16/26 07:30:00,71.07,0.00,,,,
08/16/26 07:35:00,71.15,0.00,,,,
08/16/26 07:40:00,71.07,0.00,,,,
08/16/26 07:45:00,70.99,0.00,,,,
08/16/26 07:50:00,71.07,0.00,,,,
08/16/26 07:55:00,71.07,0.00,,,,
08/16/26 08:00:00,71.07,0.00,,,,
08/16/26 08:05:00,71.07,0.00,,,,
08/16/26 08:10:00,71.07,0.00,,,,
08/16/26 08:15:00,71.07,0.00,,,,
08/16/26 08:20:00,70.99,0.00,,,,
08/16/26 08:25:00,70.99,0.00,,,,
08/16/26 08:30:00,71.07,0.00,,,,
08/16/26 08:35:00,70.99,0.00,,,,
08/16/26 08:40:00,70.99,0.00,,,,
08/16/26 08:45:00,70.99,0.00,,,,
08/16/26 08:50:00,70.99,0.00,,,,
08/16/26 08:55:00,71.07,0.00,,,,
08/16/26 09:00:00,70.99,0.00,,,,
08/16/26 09:05:00,71.07,0.00,,,,
08/16/26 09:10:00,71.07,0.00,,,,
08/16/26 09:15:00,70.99,0.00,,,,
08/16/26 09:20:00,71.07,0.00,,,,
08/16/26 09:25:00,71.07,0.00,,,,
08/16/26 09:30:00,70.99,0.00,,,,
08/16/26 09:35:00,71.07,0.00,,,,
08/16/26 09:40:00,71.07,0.00,,,,
08/16/26 09:45:00,71.07,0.00,,,,
08/16/26 09:50:00,70.99,0.00,,,,
08/16/26 09:55:00,71.07,0.00,,,,
08/16/26 10:00:00,71.07,0.00,,,,
08/16/26 10:05:00,71.15,0.00,,,,
08/16/26 10:10:00,71.07,0.00,,,,
08/16/26 10:15:00,71.07,0.00,,,,
08/16/26 10:20:00,71.07,0.00,,,,
08/16/26 10:25:00,71.07,0.00,,,,
08/16/26 10:30:00,70.99,0.00,,,,
08/16/26 10:35:00,71.07,0.00,,,,
08/16/26 10:40:00,71.07,0.00,,,,
08/16/26 10:45:00,71.07,0.00,,,,
08/16/26 10:50:00,70.99,0.00,,,,
08/16/26 10:55:00,71.07,0.00,,,,
08/16/26 11:00:00,71.07,0.00,,,,
08/16/26 11:05:00,71.07,0.00,,,,
08/16/26 11:10:00,70.99,0.00,,,,
08/16/26 11:15:00,70.99,0.00,,,,
08/16/26 11:20:00,70.91,0.00,,,,
08/16/26 11:25:00,70.99,0.00,,,,
08/16/26 11:30:00,70.99,0.00,,,,
08/16/26 11:35:00,70.91,0.00,,,,
08/16/26 11:40:00,71.07,0.00,,,,
08/16/26 11:45:00,70.99,0.00,,,,
08/16/26 11:50:00,70.91,0.00,,,,
08/16/26 11:55:00,70.99,0.00,,,,
08/16/26 12:00:00,70.99,0.00,,,,
08/16/26 12:05:00,71.07,0.00,,,,
08/16/26 12:10:00,70.99,0.00,,,,
08/16/26 12:15:00,70.91,0.00,,,,
08/16/26 12:20:00,70.91,0.00,,,,
08/16/26 12:25:00,71.07,0.00,,,,
08/16/26 12:30:00,70.99,0.00,,,,
08/16/26 12:35:00,71.07,0.00,,,,
08/16/26 12:40:00,70.99,0.00,,,,
08/16/26 12:45:00,71.07,0.00,,,,
08/16/26 12:50:00,70.99,0.00,,,,
08/16/26 12:55:00,70.99,0.00,,,,
08/16/26 13:00:00,71.07,0.00,,,,
08/16/26 13:05:00,71.07,0.00,,,,
08/16/26 13:10:00,71.15,0.00,,,,
08/16/26 13:15:00,71.07,0.00,,,,
08/16/26 13:20:00,71.07,0.00,,,,
08/16/26 13:25:00,71.07,0.00,,,,
08/16/26 13:30:00,71.07,0.00,,,,
08/16/26 13:35:00,71.07,0.00,,,,
08/16/26 13:40:00,71.07,0.00,,,,
08/16/26 13:45:00,71.15,0.00,,,,
08/16/26 13:50:00,71.22,0.00,,,,
08/16/26 13:55:00,71.15,0.00,,,,
08/16/26 14:00:00,71.22,0.00,,,,
08/16/26 14:05:00,71.07,0.00,,,,
08/16/26 14:10:00,71.22,0.00,,,,
08/16/26 14:15:00,71.15,0.00,,,,
08/16/26 14:20:00,71.15,0.00,,,,
08/16/26 14:25:00,71.30,0.00,,,,
08/16/26 14:30:00,71.22,0.00,,,,
08/16/26 14:35:00,71.22,0.00,,,,
08/16/26 14:40:00,71.22,0.00,,,,
08/16/26 14:45:00,71.15,0.00,,,,
08/16/26 14:50:00,71.30,0.00,,,,
08/16/26 14:55:00,71.22,0.00,,,,
08/16/26 15:00:00,71.30,0.00,,,,
08/16/26 15:05:00,71.30,0.00,,,,
08/16/26 15:10:00,71.30,0.00,,,,
08/16/26 15:15:00,71.22,0.00,,,,
08/16/26 15:20:00,71.30,0.00,,,,
08/16/26 15:25:00,71.38,0.00,,,,
08/16/26 15:30:00,71.38,0.00,,,,
08/16/26 15:35:00,71.30,0.00,,,,
08/16/26 15:40:00,71.38,0.00,,,,
08/16/26 15:45:00,71.30,0.00,,,,
08/16/26 15:50:00,71.38,0.00,,,,
08/16/26 15:55:00,71.38,0.00,,,,
08/16/26 16:00:00,71.45,0.00,,,,
08/16/26 16:05:00,71.38,0.00,,,,
08/16/26 16:10:00,71.38,0.00,,,,
08/16/26 16:15:00,71.45,0.00,,,,
08/16/26 16:20:00,71.45,0.00,,,,
08/16/26 16:25:00,71.38,0.00,,,,
08/16/26 16:30:00,71.38,0.00,,,,
08/16/26 16:35:00,71.45,0.00,,,,
08/16/26 16:40:00,71.38,0.00,,,,
08/16/26 16:45:00,71.45,0.00,,,,
08/16/26 16:50:00,71.38,0.00,,,,
08/16/26 16:55:00,71.45,0.00,,,,
08/16/26 17:00:00,71.38,0.00,,,,
08/16/26 17:05:00,71.38,0.00,,,,
08/16/26 17:10:00,71.53,0.00,,,,
08/16/26 17:15:00,71.45,0.00,,,,
08/16/26 17:20:00,71.45,0.00,,,,
08/16/26 17:25:00,71.45,0.00,,,,
08/16/26 17:30:00,71.45,0.00,,,,
08/16/26 17:35:00,71.45,0.00,,,,
08/16/26 17:40:00,71.38,0.00,,,,
08/16/26 17:45:00,71.45,0.00,,,,
08/16/26 17:50:00,71.38,0.00,,,,
08/16/26 17:55:00,71.38,0.00,,,,
08/16/26 18:00:00,71.38,0.00,,,,
08/16/26 18:05:00,71.45,0.00,,,,
08/16/26 18:10:00,71.38,0.00,,,,
08/16/26 18:15:00,71.45,0.00,,,,
08/16/26 18:20:00,71.38,0.00,,,,
08/16/26 18:25:00,71.45,0.00,,,,
08/16/26 18:30:00,71.38,0.00,,,,
08/16/26 18:35:00,71.45,0.00,,,,
08/16/26 18:40:00,71.45,0.00,,,,
08/16/26 18:45:00,71.38,0.00,,,,
08/16/26 18:50:00,71.45,0.00,,,,
08/16/26 18:55:00,71.38,0.00,,,,
08/16/26 19:00:00,71.45,0.00,,,,
08/16/26 19:05:00,71.45,0.00,,,,
08/16/26 19:10:00,71.45,0.00,,,,
08/16/26 19:15:00,71.53,0.00,,,,
08/16/26 19:20:00,71.45,0.00,,,,
08/16/26 19:25:00,71.45,0.00,,,,
08/16/26 19:30:00,71.45,0.00,,,,
08/16/26 19:35:00,71.45,0.00,,,,
08/16/26 19:40:00,71.45,0.00,,,,
08/16/26 19:45:00,71.45,0.00,,,,
08/16/26 19:50:00,71.45,0.00,,,,
08/16/26 19:55:00,71.53,0.00,,,,
08/16/26 20:00:00,71.53,0.00,,,,
08/16/26 20:05:00,71.45,0.00,,,,
08/16/26 20:10:00,71.45,0.00,,,,
08/16/26 20:15:00,71.38,0.00,,,,
08/16/26 20:20:00,71.53,0.00,,,,
08/16/26 20:25:00,71.53,0.00,,,,
08/16/26 20:30:00,71.45,0.00,,,,
08/16/26 20:35:00,71.53,0.00,,,,
08/16/26 20:40:00,71.45,0.00,,,,
08/16/26 20:45:00,71.45,0.00,,,,
08/16/26 20:50:00,71.45,0.00,,,,
08/16/26 20:55:00,71.45,0.00,,,,
08/16/26 21:00:00,71.45,0.00,,,,
08/16/26 21:05:00,71.53,0.00,,,,
08/16/26 21:10:00,71.45,0.00,,,,
08/16/26 21:15:00,71.38,0.00,,,,
08/16/26 21:20:00,71.45,0.00,,,,
08/16/26 21:25:00,71.45,0.00,,,,
08/16/26 21:30:00,71.45,0.00,,,,
08/16/26 21:35:00,71.38,0.00,,,,
08/16/26 21:40:00,71.45,0.00,,,,
08/16/26 21:45:00,71.45,0.00,,,,
08/16/26 21:50:00,71.45,0.00,,,,
08/16/26 21:55:00,71.45,0.00,,,,
08/16/26 22:00:00,71.45,0.00,,,,
08/16/26 22:05:00,71.45,0.00,,,,
08/16/26 22:10:00,71.45,0.00,,,,
08/16/26 22:15:00,71.38,0.00,,,,
08/16/26 22:20:00,71.45,0.00,,,,
08/16/26 22:25:00,71.38,0.00,,,,
08/16/26 22:30:00,71.45,0.00,,,,
08/16/26 22:35:00,71.45,0.00,,,,
08/16/26 22:40:00,71.45,0.00,,,,
08/16/26 22:45:00,71.38,0.00,,,,
08/16/26 22:50:00,71.30,0.00,,,,
08/16/26 22:55:00,71.45,0.00,,,,
08/16/26 23:00:00,71.45,0.00,,,,
08/16/26 23:05:00,71.45,0.00,,,,
08/16/26 23:10:00,71.45,0.00,,,,
08/16/26 23:15:00,71.38,0.00,,,,
08/16/26 23:20:00,71.38,0.00,,,,
08/16/26 23:25:00,71.38,0.00,,,,
08/16/26 23:30:00,71.45,0.00,,,,
08/16/26 23:35:00,71.38,0.00,,,,
08/16/26 23:40:00,71.38,0.00,,,,
08/16/26 23:45:00,71.45,0.00,,,,
08/16/26 23:50:00,71.38,0.00,,,,
08/16/26 23:55:00,71.30,0.00,,,,
08/17/26 00:00:00,71.45,0.00,,,,
08/17/26 00:05:00,71.38,0.00,,,,
08/17/26 00:10:00,71.45,0.00,,,,
08/17/26 00:15:00,71.30,0.00,,,,
08/17/26 00:20:00,71.30,0.00,,,,
08/17/26 00:25:00,71.38,0.00,,,,
08/17/26 00:30:00,71.38,0.00,,,,
08/17/26 00:35:00,71.38,0.00,,,,
08/17/26 00:40:00,71.30,0.00,,,,
08/17/26 00:45:00,71.30,0.00,,,,
08/17/26 00:50:00,71.38,0.00,,,,
08/17/26 00:55:00,71.30,0.00,,,,
08/17/26 01:00:00,71.30,0.00,,,,
08/17/26 01:05:00,71.38,0.00,,,,
08/17/26 01:10:00,71.30,0.00,,,,
08/17/26 01:15:00,71.22,0.00,,,,
08/17/26 01:20:00,71.30,0.00,,,,
08/17/26 01:25:00,71.22,0.00,,,,
08/17/26 01:30:00,71.30,0.00,,,,
08/17/26 01:35:00,71.30,0.00,,,,
08/17/26 01:40:00,71.22,0.00,,,,
08/17/26 01:45:00,71.22,0.00,,,,
08/17/26 01:50:00,71.22,0.00,,,,
08/17/26 01:55:00,71.15,0.00,,,,
08/17/26 02:00:00,71.22,0.00,,,,
08/17/26 02:05:00,71.22,0.00,,,,
08/17/26 02:10:00,71.15,0.00,,,,
08/17/26 02:15:00,71.30,0.00,,,,
08/17/26 02:20:00,71.22,0.00,,,,
08/17/26 02:25:00,71.07,0.00,,,,
08/17/26 02:30:00,71.22,0.00,,,,
08/17/26 02:35:00,71.22,0.00,,,,
08/17/26 02:40:00,71.15,0.00,,,,
08/17/26 02:45:00,71.22,0.00,,,,
08/17/26 02:50:00,71.07,0.00,,,,
08/17/26 02:55:00,71.15,0.00,,,,
08/17/26 03:00:00,71.07,0.00,,,,
08/17/26 03:05:00,71.15,0.00,,,,
08/17/26 03:10:00,71.15,0.00,,,,
08/17/26 03:15:00,71.07,0.00,,,,
08/17/26 03:20:00,71.07,0.00,,,,
08/17/26 03:25:00,71.07,0.00,,,,
08/17/26 03:30:00,71.07,0.00,,,,
08/17/26 03:35:00,70.99,0.00,,,,
08/17/26 03:40:00,71.07,0.00,,,,
08/17/26 03:45:00,71.07,0.00,,,,
08/17/26 03:50:00,71.07,0.00,,,,
08/17/26 03:55:00,71.07,0.00,,,,
08/17/26 04:00:00,71.07,0.00,,,,
08/17/26 04:05:00,71.07,0.00,,,,
08/17/26 04:10:00,70.99,0.00,,,,
08/17/26 04:15:00,71.07,0.00,,,,
08/17/26 04:20:00,70.91,0.00,,,,
08/17/26 04:25:00,71.07,0.00,,,,
08/17/26 04:30:00,70.91,0.00,,,,
08/17/26 04:35:00,70.91,0.00,,,,
08/17/26 04:40:00,70.91,0.00,,,,
08/17/26 04:45:00,70.91,0.00,,,,
08/17/26 04:50:00,70.84,0.00,,,,
08/17/26 04:55:00,70.84,0.00,,,,
08/17/26 05:00:00,70.91,0.00,,,,
08/17/26 05:05:00,70.91,0.00,,,,
08/17/26 05:10:00,70.84,0.00,,,,
08/17/26 05:15:00,70.84,0.00,,,,
08/17/26 05:20:00,70.84,0.00,,,,
08/17/26 05:25:00,70.84,0.00,,,,
08/17/26 05:30:00,70.84,0.00,,,,
08/17/26 05:35:00,70.84,0.00,,,,
08/17/26 05:40:00,70.84,0.00,,,,
08/17/26 05:45:00,70.84,0.00,,,,
08/17/26 05:50:00,70.76,0.00,,,,
08/17/26 05:55:00,70.76,0.00,,,,
08/17/26 06:00:00,70.76,0.00,,,,
08/17/26 06:05:00,70.76,0.00,,,,
08/17/26 06:10:00,70.84,0.00,,,,
08/17/26 06:15:00,70.76,0.00,,,,
08/17/26 06:20:00,70.68,0.00,,,,
08/17/26 06:25:00,70.61,0.00,,,,
08/17/26 06:30:00,70.68,0.00,,,,
08/17/26 06:35:00,70.76,0.00,,,,
08/17/26 06:40:00,70.76,0.00,,,,
08/17/26 06:45:00,70.76,0.00,,,,
08/17/26 06:50:00,70.68,0.00,,,,
08/17/26 06:55:00,70.68,0.00,,,,
08/17/26 07:00:00,70.61,0.00,,,,
08/17/26 07:05:00,70.61,0.00,,,,
08/17/26 07:10:00,70.68,0.00,,,,
08/17/26 07:15:00,70.61,0.00,,,,
08/17/26 07:20:00,70.61,0.00,,,,
08/17/26 07:25:00,70.61,0.00,,,,
08/17/26 07:30:00,70.61,0.00,,,,
08/17/26 07:35:00,70.61,0.00,,,,
08/17/26 07:40:00,70.61,0.00,,,,
08/17/26 07:45:00,70.45,0.00,,,,
08/17/26 07:50:00,70.53,0.00,,,,
08/17/26 07:55:00,70.53,0.00,,,,
08/17/26 08:00:00,70.53,0.00,,,,
08/17/26 08:05:00,70.45,0.00,,,,
08/17/26 08:10:00,70.45,0.00,,,,
08/17/26 08:15:00,70.53,0.00,,,,
08/17/26 08:20:00,70.53,0.00,,,,
08/17/26 08:25:00,70.61,0.00,,,,
08/17/26 08:30:00,70.61,0.00,,,,
08/17/26 08:35:00,70.61,0.00,,,,
08/17/26 08:40:00,70.61,0.00,,,,
08/17/26 08:45:00,70.61,0.00,,,,
08/17/26 08:50:00,70.61,0.00,,,,
08/17/26 08:55:00,70.68,0.00,,,,
08/17/26 09:00:00,70.68,0.00,,,,
08/17/26 09:05:00,70.68,0.00,,,,
08/17/26 09:10:00,70.76,0.00,,,,
08/17/26 09:15:00,70.76,0.00,,,,
08/17/26 09:20:00,70.76,0.00,,,,
08/17/26 09:25:00,70.84,0.00,,,,
08/17/26 09:30:00,70.84,0.00,,,,
08/17/26 09:35:00,70.84,0.00,,,,
08/17/26 09:40:00,70.84,0.00,,,,
08/17/26 09:45:00,70.84,0.52,,,,
08/17/26 09:50:00,70.91,0.22,,,,
08/17/26 09:55:00,71.38,0.22,,,,
08/17/26 10:00:00,71.61,0.18,,,,
08/17/26 10:05:00,72.07,0.04,,,,
08/17/26 10:10:00,72.61,0.16,,,,
08/17/26 10:15:00,73.00,0.26,,,,
08/17/26 10:20:00,73.62,0.26,,,,
08/17/26 10:25:00,74.16,0.49,,,,
08/17/26 10:30:00,74.93,0.24,,,,
08/17/26 10:35:00,75.47,0.16,,,,
08/17/26 10:40:00,75.78,0.36,,,,
08/17/26 10:45:00,76.24,0.10,,,,
08/17/26 10:50:00,76.63,0.62,,,,
08/17/26 10:55:00,77.48,0.62,,,,
08/17/26 11:00:00,78.48,0.65,,,,
08/17/26 11:05:00,79.49,0.60,,,,
08/17/26 11:10:00,80.80,0.60,,,,
08/17/26 11:15:00,81.88,0.26,,,,
08/17/26 11:20:00,82.57,0.46,,,,
08/17/26 11:25:00,83.12,0.64,,,,
08/17/26 11:30:00,83.27,0.62,,,,
08/17/26 11:35:00,83.42,0.50,,,,
08/17/26 11:40:00,83.58,0.32,,,,
08/17/26 11:45:00,83.66,0.70,,,,
08/17/26 11:50:00,83.81,0.48,,,,
08/17/26 11:55:00,84.27,0.22,,,,
08/17/26 12:00:00,84.35,0.00,,,,
08/17/26 12:05:00,83.66,0.00,,,,
08/17/26 12:10:00,82.73,0.00,,,,
08/17/26 12:15:00,81.73,0.00,,,,
08/17/26 12:20:00,80.80,0.00,,,,
08/17/26 12:25:00,80.10,0.00,,,,
08/17/26 12:30:00,79.33,0.00,,,,
08/17/26 12:35:00,78.79,0.02,,,,
08/17/26 12:40:00,78.33,0.02,,,,
08/17/26 12:45:00,77.79,0.02,,,,
08/17/26 12:50:00,77.56,0.02,,,,
08/17/26 12:55:00,77.17,0.02,,,,
08/17/26 13:00:00,76.86,0.02,,,,
08/17/26 13:05:00,76.47,0.02,,,,
08/17/26 13:10:00,76.32,0.02,,,,
08/17/26 13:15:00,76.17,0.00,,,,
08/17/26 13:20:00,75.93,0.00,,,,
08/17/26 13:25:00,75.70,0.00,,,,
08/17/26 13:30:00,75.62,0.00,,,,
08/17/26 13:35:00,75.39,0.00,,,,
08/17/26 13:40:00,75.24,0.00,,,,
08/17/26 13:45:00,75.08,0.00,,,,
08/17/26 13:50:00,74.93,0.00,,,,
08/17/26 13:55:00,74.85,0.00,,,,
08/17/26 14:00:00,74.70,0.00,,,,
08/17/26 14:05:00,74.62,0.00,,,,
08/17/26 14:10:00,74.62,0.00,,,,
08/17/26 14:15:00,74.47,0.00,,,,
08/17/26 14:20:00,74.31,0.00,,,,
08/17/26 14:25:00,74.31,0.00,,,,
08/17/26 14:30:00,74.08,0.00,,,,
08/17/26 14:35:00,74.00,0.00,,,,
08/17/26 14:40:00,74.00,0.00,,,,
08/17/26 14:45:00,74.00,0.00,,,,
08/17/26 14:50:00,73.85,0.00,,,,
08/17/26 14:55:00,73.69,0.00,,,,
08/17/26 15:00:00,73.69,0.00,,,,
08/17/26 15:05:00,73.54,0.00,,,,
08/17/26 15:10:00,73.39,0.00,,,,
08/17/26 15:15:00,73.23,0.00,,,,
08/17/26 15:20:00,73.23,0.00,,,,
08/17/26 15:25:00,73.00,0.00,,,,
08/17/26 15:30:00,73.00,0.00,,,,
08/17/26 15:35:00,72.92,0.00,,,,
08/17/26 15:40:00,72.77,0.00,,,,
08/17/26 15:45:00,72.69,0.00,,,,
08/17/26 15:50:00,72.69,0.00,,,,
08/17/26 15:55:00,72.61,0.00,,,,
08/17/26 16:00:00,72.61,0.00,,,,
08/17/26 16:05:00,72.61,0.00,,,,
08/17/26 16:10:00,72.54,0.00,,,,
08/17/26 16:15:00,72.54,0.00,,,,
08/17/26 16:20:00,72.46,0.00,,,,
08/17/26 16:25:00,72.30,0.00,,,,
08/17/26 16:30:00,72.38,0.00,,,,
08/17/26 16:35:00,72.23,0.00,,,,
08/17/26 16:40:00,72.23,0.00,,,,
08/17/26 16:45:00,72.15,0.00,,,,
08/17/26 16:50:00,72.15,0.00,,,,
08/17/26 16:55:00,72.07,0.00,,,,
08/17/26 17:00:00,72.00,0.00,,,,
08/17/26 17:05:00,72.07,0.00,,,,
08/17/26 17:10:00,72.00,0.00,,,,
08/17/26 17:15:00,71.92,0.00,,,,
08/17/26 17:20:00,71.92,0.00,,,,
08/17/26 17:25:00,71.84,0.00,,,,
08/17/26 17:30:00,71.76,0.00,,,,
08/17/26 17:35:00,71.76,0.00,,,,
08/17/26 17:40:00,71.76,0.00,,,,
08/17/26 17:45:00,71.76,0.00,,,,
08/17/26 17:50:00,71.69,0.00,,,,
08/17/26 17:55:00,71.76,0.00,,,,
08/17/26 18:00:00,71.69,0.00,,,,
08/17/26 18:05:00,71.61,0.00,,,,
08/17/26 18:10:00,71.61,0.00,,,,
08/17/26 18:15:00,71.61,0.00,,,,
08/17/26 18:20:00,71.61,0.00,,,,
08/17/26 18:25:00,71.53,0.00,,,,
08/17/26 18:30:00,71.61,0.00,,,,
08/17/26 18:35:00,71.61,0.00,,,,
08/17/26 18:40:00,71.53,0.00,,,,
08/17/26 18:45:00,71.38,0.00,,,,
08/17/26 18:50:00,71.45,0.00,,,,
08/17/26 18:55:00,71.45,0.00,,,,
08/17/26 19:00:00,71.38,0.00,,,,
08/17/26 19:05:00,71.38,0.00,,,,
08/17/26 19:10:00,71.38,0.00,,,,
08/17/26 19:15:00,71.38,0.00,,,,
08/17/26 19:20:00,71.30,0.00,,,,
08/17/26 19:25:00,71.22,0.00,,,,
08/17/26 19:30:00,71.38,0.00,,,,
08/17/26 19:35:00,71.22,0.00,,,,
08/17/26 19:40:00,71.30,0.00,,,,
08/17/26 19:45:00,71.22,0.00,,,,
08/17/26 19:50:00,71.22,0.00,,,,
08/17/26 19:55:00,71.30,0.00,,,,
08/17/26 20:00:00,71.22,0.00,,,,
08/17/26 20:05:00,71.15,0.00,,,,
08/17/26 20:10:00,71.07,0.00,,,,
08/17/26 20:15:00,71.15,0.00,,,,
08/17/26 20:20:00,71.22,0.00,,,,
08/17/26 20:25:00,71.15,0.00,,,,
08/17/26 20:30:00,71.22,0.00,,,,
08/17/26 20:35:00,71.15,0.00,,,,
08/17/26 20:40:00,71.15,0.00,,,,
08/17/26 20:45:00,71.07,0.00,,,,
08/17/26 20:50:00,71.07,0.00,,,,
08/17/26 20:55:00,71.07,0.00,,,,
08/17/26 21:00:00,71.15,0.00,,,,
08/17/26 21:05:00,71.15,0.00,,,,
08/17/26 21:10:00,71.07,0.00,,,,
08/17/26 21:15:00,71.07,0.00,,,,
08/17/26 21:20:00,71.07,0.00,,,,
08/17/26 21:25:00,70.99,0.00,,,,
08/17/26 21:30:00,71.07,0.00,,,,
08/17/26 21:35:00,70.99,0.00,,,,
08/17/26 21:40:00,70.99,0.00,,,,
08/17/26 21:45:00,70.99,0.00,,,,
08/17/26 21:50:00,71.07,0.00,,,,
08/17/26 21:55:00,70.99,0.00,,,,
08/17/26 22:00:00,70.84,0.00,,,,
08/17/26 22:05:00,70.91,0.00,,,,
08/17/26 22:10:00,70.99,0.00,,,,
08/17/26 22:15:00,70.99,0.00,,,,
08/17/26 22:20:00,70.91,0.00,,,,
08/17/26 22:25:00,70.91,0.00,,,,
08/17/26 22:30:00,70.84,0.00,,,,
08/17/26 22:35:00,70.91,0.00,,,,
08/17/26 22:40:00,70.91,0.00,,,,
08/17/26 22:45:00,70.91,0.00,,,,
08/17/26 22:50:00,70.91,0.00,,,,
08/17/26 22:55:00,70.91,0.00,,,,
08/17/26 23:00:00,70.76,0.00,,,,
08/17/26 23:05:00,70.76,0.00,,,,
08/17/26 23:10:00,70.91,0.00,,,,
08/17/26 23:15:00,70.91,0.00,,,,
08/17/26 23:20:00,70.84,0.00,,,,
08/17/26 23:25:00,70.84,0.00,,,,
08/17/26 23:30:00,70.84,0.00,,,,
08/17/26 23:35:00,70.76,0.00,,,,
08/17/26 23:40:00,70.76,0.00,,,,
08/17/26 23:45:00,70.76,0.00,,,,
08/17/26 23:50:00,70.84,0.00,,,,
08/17/26 23:55:00,70.84,0.00,,,,
08/18/26 00:00:00,70.84,0.00,,,,
08/18/26 00:05:00,70.76,0.00,,,,
08/18/26 00:10:00,70.76,0.00,,,,
08/18/26 00:15:00,70.84,0.00,,,,
08/18/26 00:20:00,70.76,0.00,,,,
08/18/26 00:25:00,70.84,0.00,,,,
08/18/26 00:30:00,70.76,0.00,,,,
08/18/26 00:35:00,70.76,0.00,,,,
08/18/26 00:40:00,70.76,0.00,,,,
08/18/26 00:45:00,70.68,0.00,,,,
08/18/26 00:50:00,70.76,0.00,,,,
08/18/26 00:55:00,70.68,0.00,,,,
08/18/26 01:00:00,70.68,0.00,,,,
08/18/26 01:05:00,70.68,0.00,,,,
08/18/26 01:10:00,70.68,0.00,,,,
08/18/26 01:15:00,70.61,0.00,,,,
08/18/26 01:20:00,70.68,0.00,,,,
08/18/26 01:25:00,70.61,0.00,,,,
08/18/26 01:30:00,70.68,0.00,,,,
08/18/26 01:35:00,70.61,0.00,,,,
08/18/26 01:40:00,70.68,0.00,,,,
08/18/26 01:45:00,70.68,0.00,,,,
08/18/26 01:50:00,70.53,0.00,,,,
08/18/26 01:55:00,70.61,0.00,,,,
08/18/26 02:00:00,70.61,0.00,,,,
08/18/26 02:05:00,70.61,0.00,,,,
08/18/26 02:10:00,70.61,0.00,,,,
08/18/26 02:15:00,70.53,0.00,,,,
08/18/26 02:20:00,70.61,0.00,,,,
08/18/26 02:25:00,70.61,0.00,,,,
08/18/26 02:30:00,70.61,0.00,,,,
08/18/26 02:35:00,70.61,0.00,,,,
08/18/26 02:40:00,70.53,0.00,,,,
08/18/26 02:45:00,70.53,0.00,,,,
08/18/26 02:50:00,70.53,0.00,,,,
08/18/26 02:55:00,70.45,0.00,,,,
08/18/26 03:00:00,70.53,0.00,,,,
08/18/26 03:05:00,70.53,0.00,,,,
08/18/26 03:10:00,70.45,0.00,,,,
08/18/26 03:15:00,70.45,0.00,,,,
08/18/26 03:20:00,70.45,0.00,,,,
08/18/26 03:25:00,70.45,0.00,,,,
08/18/26 03:30:00,70.45,0.00,,,,
08/18/26 03:35:00,70.45,0.00,,,,
08/18/26 03:40:00,70.45,0.00,,,,
08/18/26 03:45:00,70.37,0.00,,,,
08/18/26 03:50:00,70.45,0.00,,,,
08/18/26 03:55:00,70.45,0.00,,,,
08/18/26 04:00:00,70.45,0.00,,,,
08/18/26 04:05:00,70.45,0.00,,,,
08/18/26 04:10:00,70.53,0.00,,,,
08/18/26 04:15:00,70.30,0.00,,,,
08/18/26 04:20:00,70.45,0.00,,,,
08/18/26 04:25:00,70.30,0.00,,,,
08/18/26 04:30:00,70.37,0.00,,,,
08/18/26 04:35:00,70.30,0.00,,,,
08/18/26 04:40:00,70.37,0.00,,,,
08/18/26 04:45:00,70.45,0.00,,,,
08/18/26 04:50:00,70.37,0.00,,,,
08/18/26 04:55:00,70.30,0.00,,,,
08/18/26 05:00:00,70.37,0.00,,,,
08/18/26 05:05:00,70.30,0.00,,,,
08/18/26 05:10:00,70.30,0.00,,,,
08/18/26 05:15:00,70.30,0.00,,,,
08/18/26 05:20:00,70.30,0.00,,,,
08/18/26 05:25:00,70.30,0.00,,,,
08/18/26 05:30:00,70.22,0.00,,,,
08/18/26 05:35:00,70.30,0.00,,,,
08/18/26 05:40:00,70.22,0.00,,,,
08/18/26 05:45:00,70.22,0.00,,,,
08/18/26 05:50:00,70.30,0.00,,,,
08/18/26 05:55:00,70.22,0.00,,,,
08/18/26 06:00:00,70.30,0.00,,,,
08/18/26 06:05:00,70.30,0.00,,,,
08/18/26 06:10:00,70.30,0.00,,,,
08/18/26 06:15:00,70.22,0.00,,,,
08/18/26 06:20:00,70.22,0.00,,,,
08/18/26 06:25:00,70.22,0.00,,,,
08/18/26 06:30:00,70.22,0.00,,,,
08/18/26 06:35:00,70.22,0.00,,,,
08/18/26 06:40:00,70.22,0.00,,,,
08/18/26 06:45:00,70.14,0.00,,,,
08/18/26 06:50:00,70.14,0.00,,,,
08/18/26 06:55:00,70.14,0.00,,,,
08/18/26 07:00:00,70.14,0.00,,,,
08/18/26 07:05:00,70.14,0.00,,,,
08/18/26 07:10:00,70.14,0.00,,,,
08/18/26 07:15:00,70.22,0.00,,,,
08/18/26 07:20:00,70.22,0.00,,,,
08/18/26 07:25:00,70.22,0.00,,,,
08/18/26 07:30:00,70.30,0.00,,,,
08/18/26 07:35:00,70.14,0.00,,,,
08/18/26 07:40:00,70.22,0.00,,,,
08/18/26 07:45:00,70.22,0.00,,,,
08/18/26 07:50:00,70.22,0.00,,,,
08/18/26 07:55:00,70.22,0.00,,,,
08/18/26 08:00:00,70.30,0.00,,,,
08/18/26 08:05:00,70.30,0.00,,,,
08/18/26 08:10:00,70.37,0.00,,,,
08/18/26 08:15:00,70.37,0.00,,,,
08/18/26 08:20:00,70.37,0.00,,,,
08/18/26 08:25:00,70.37,0.00,,,,
08/18/26 08:30:00,70.45,0.00,,,,
08/18/26 08:35:00,70.45,0.00,,,,
08/18/26 08:40:00,70.45,0.00,,,,
08/18/26 08:45:00,70.61,0.00,,,,
08/18/26 08:50:00,70.61,0.00,,,,
08/18/26 08:55:00,70.76,0.00,,,,
08/18/26 09:00:00,70.76,0.00,,,,
08/18/26 09:05:00,70.84,0.00,,,,
08/18/26 09:10:00,70.84,0.00,,,,
08/18/26 09:15:00,71.07,0.00,,,,
08/18/26 09:20:00,71.07,0.00,,,,
08/18/26 09:25:00,71.15,0.00,,,,
08/18/26 09:30:00,71.15,0.00,,,,
08/18/26 09:35:00,71.22,0.00,,,,
08/18/26 09:40:00,71.30,0.00,,,,
08/18/26 09:45:00,71.38,0.00,,,,
08/18/26 09:50:00,71.38,0.00,,,,
08/18/26 09:55:00,71.38,0.00,,,,
08/18/26 10:00:00,71.45,0.00,,,,
08/18/26 10:05:00,71.45,0.02,,,,
08/18/26 10:10:00,71.61,0.00,,,,
08/18/26 10:15:00,71.53,0.00,,,,
08/18/26 10:20:00,71.61,0.02,,,,
08/18/26 10:25:00,71.69,0.02,,,,
08/18/26 10:30:00,71.76,0.00,,,,
08/18/26 10:35:00,71.76,0.00,,,,
08/18/26 10:40:00,71.84,0.02,,,,
08/18/26 10:45:00,71.84,0.02,,,,
08/18/26 10:50:00,71.76,0.02,,,,
08/18/26 10:55:00,71.84,0.02,,,,
08/18/26 11:00:00,71.84,0.02,,,,
08/18/26 11:05:00,71.92,0.02,,,,
08/18/26 11:10:00,71.92,0.00,,,,
08/18/26 11:15:00,71.92,0.02,,,,
08/18/26 11:20:00,72.00,0.02,,,,
08/18/26 11:25:00,72.07,0.00,,,,
08/18/26 11:30:00,72.00,0.02,,,,
08/18/26 11:35:00,72.07,0.02,,,,
08/18/26 11:40:00,72.00,0.02,,,,
08/18/26 11:45:00,72.00,0.02,,,,
08/18/26 11:50:00,72.00,0.00,,,,
08/18/26 11:55:00,71.84,0.02,,,,
08/18/26 12:00:00,72.00,0.00,,,,
08/18/26 12:05:00,72.07,0.00,,,,
08/18/26 12:10:00,72.00,0.00,,,,
08/18/26 12:15:00,71.92,0.00,,,,
08/18/26 12:20:00,71.92,0.00,,,,
08/18/26 12:25:00,72.00,0.00,,,,
08/18/26 12:30:00,72.00,0.00,,,,
08/18/26 12:35:00,71.84,0.00,,,,
08/18/26 12:40:00,71.92,0.00,,,,
08/18/26 12:45:00,71.92,0.00,,,,
08/18/26 12:50:00,72.00,0.00,,,,
08/18/26 12:55:00,71.92,0.00,,,,
08/18/26 13:00:00,72.00,0.00,,,,
08/18/26 13:05:00,72.00,0.00,,,,
08/18/26 13:10:00,72.07,0.00,,,,
08/18/26 13:15:00,72.07,0.00,,,,
08/18/26 13:20:00,72.07,0.00,,,,
08/18/26 13:25:00,72.15,0.00,,,,
08/18/26 13:30:00,72.15,0.00,,,,
08/18/26 13:35:00,72.15,0.00,,,,
08/18/26 13:40:00,72.07,0.00,,,,
08/18/26 13:45:00,72.07,0.00,,,,
08/18/26 13:50:00,72.15,0.00,,,,
08/18/26 13:55:00,72.15,0.00,,,,
08/18/26 14:00:00,72.15,0.00,,,,
08/18/26 14:05:00,72.07,0.00,,,,
08/18/26 14:10:00,72.07,0.00,,,,
08/18/26 14:15:00,72.07,0.00,,,,
08/18/26 14:20:00,72.07,0.00,,,,
08/18/26 14:25:00,72.07,0.00,,,,
08/18/26 14:30:00,72.07,0.00,,,,
08/18/26 14:35:00,72.15,0.00,,,,
08/18/26 14:40:00,72.15,0.00,,,,
08/18/26 14:45:00,72.07,0.00,,,,
08/18/26 14:50:00,72.07,0.00,,,,
08/18/26 14:55:00,72.23,0.00,,,,
08/18/26 15:00:00,72.23,0.00,,,,
08/18/26 15:05:00,72.23,0.00,,,,
08/18/26 15:10:00,72.23,0.00,,,,
08/18/26 15:15:00,72.23,0.00,,,,
08/18/26 15:20:00,72.30,0.00,,,,
08/18/26 15:25:00,72.15,0.00,,,,
08/18/26 15:30:00,72.07,0.00,,,,
08/18/26 15:35:00,72.07,0.00,,,,
08/18/26 15:40:00,72.15,0.00,,,,
08/18/26 15:45:00,72.07,0.00,,,,
08/18/26 15:50:00,72.15,0.00,,,,
08/18/26 15:55:00,72.07,0.00,,,,
08/18/26 16:00:00,72.15,0.00,,,,
08/18/26 16:05:00,72.00,0.00,,,,
08/18/26 16:10:00,71.92,0.00,,,,
08/18/26 16:15:00,72.00,0.00,,,,
08/18/26 16:20:00,71.92,0.00,,,,
08/18/26 16:25:00,71.84,0.00,,,,
08/18/26 16:30:00,71.84,0.00,,,,
08/18/26 16:35:00,71.84,0.00,,,,
08/18/26 16:40:00,71.76,0.00,,,,
08/18/26 16:45:00,71.76,0.00,,,,
08/18/26 16:50:00,71.69,0.00,,,,
08/18/26 16:55:00,71.76,0.00,,,,
08/18/26 17:00:00,71.76,0.00,,,,
08/18/26 17:05:00,71.69,0.00,,,,
08/18/26 17:10:00,71.76,0.00,,,,
08/18/26 17:15:00,71.69,0.00,,,,
08/18/26 17:20:00,71.69,0.00,,,,
08/18/26 17:25:00,71.69,0.00,,,,
08/18/26 17:30:00,71.61,0.00,,,,
08/18/26 17:35:00,71.61,0.00,,,,
08/18/26 17:40:00,71.69,0.00,,,,
08/18/26 17:45:00,71.61,0.00,,,,
08/18/26 17:50:00,71.61,0.00,,,,
08/18/26 17:55:00,71.61,0.00,,,,
08/18/26 18:00:00,71.53,0.00,,,,
08/18/26 18:05:00,71.53,0.00,,,,
08/18/26 18:10:00,71.61,0.00,,,,
08/18/26 18:15:00,71.61,0.00,,,,
08/18/26 18:20:00,71.53,0.00,,,,
08/18/26 18:25:00,71.45,0.00,,,,
08/18/26 18:30:00,71.45,0.00,,,,
08/18/26 18:35:00,71.45,0.00,,,,
08/18/26 18:40:00,71.38,0.00,,,,
08/18/26 18:45:00,71.45,0.00,,,,
08/18/26 18:50:00,71.38,0.00,,,,
08/18/26 18:55:00,71.38,0.00,,,,
08/18/26 19:00:00,71.30,0.00,,,,
08/18/26 19:05:00,71.45,0.00,,,,
08/18/26 19:10:00,71.38,0.00,,,,
08/18/26 19:15:00,71.30,0.00,,,,
08/18/26 19:20:00,71.30,0.00,,,,
08/18/26 19:25:00,71.30,0.00,,,,
08/18/26 19:30:00,71.38,0.00,,,,
08/18/26 19:35:00,71.22,0.00,,,,
08/18/26 19:40:00,71.22,0.00,,,,
08/18/26 19:45:00,71.15,0.00,,,,
08/18/26 19:50:00,71.22,0.00,,,,
08/18/26 19:55:00,71.15,0.00,,,,
08/18/26 20:00:00,71.07,0.00,,,,
08/18/26 20:05:00,71.15,0.00,,,,
08/18/26 20:10:00,71.07,0.00,,,,
08/18/26 20:15:00,71.07,0.00,,,,
08/18/26 20:20:00,71.07,0.00,,,,
08/18/26 20:25:00,71.07,0.00,,,,
08/18/26 20:30:00,71.07,0.00,,,,
08/18/26 20:35:00,71.07,0.00,,,,
08/18/26 20:40:00,71.15,0.00,,,,
08/18/26 20:45:00,71.07,0.00,,,,
08/18/26 20:50:00,71.07,0.00,,,,
08/18/26 20:55:00,70.91,0.00,,,,
08/18/26 21:00:00,71.07,0.00,,,,
08/18/26 21:05:00,70.91,0.00,,,,
08/18/26 21:10:00,70.99,0.00,,,,
08/18/26 21:15:00,70.91,0.00,,,,
08/18/26 21:20:00,70.84,0.00,,,,
08/18/26 21:25:00,70.91,0.00,,,,
08/18/26 21:30:00,70.91,0.00,,,,
08/18/26 21:35:00,70.99,0.00,,,,
08/18/26 21:40:00,70.84,0.00,,,,
08/18/26 21:45:00,70.91,0.00,,,,
08/18/26 21:50:00,70.99,0.00,,,,
08/18/26 21:55:00,70.99,0.00,,,,
08/18/26 22:00:00,70.84,0.00,,,,
08/18/26 22:05:00,70.91,0.00,,,,
08/18/26 22:10:00,70.91,0.00,,,,
08/18/26 22:15:00,70.91,0.00,,,,
08/18/26 22:20:00,70.91,0.00,,,,
08/18/26 22:25:00,70.99,0.00,,,,
08/18/26 22:30:00,70.91,0.00,,,,
08/18/26 22:35:00,70.99,0.00,,,,
08/18/26 22:40:00,70.91,0.00,,,,
08/18/26 22:45:00,70.91,0.00,,,,
08/18/26 22:50:00,70.91,0.00,,,,
08/18/26 22:55:00,70.91,0.00,,,,
08/18/26 23:00:00,70.91,0.00,,,,
08/18/26 23:05:00,70.91,0.00,,,,
08/18/26 23:10:00,70.91,0.00,,,,
08/18/26 23:15:00,70.99,0.00,,,,
08/18/26 23:20:00,70.84,0.00,,,,
08/18/26 23:25:00,71.07,0.00,,,,
08/18/26 23:30:00,70.84,0.00,,,,
08/18/26 23:35:00,70.84,0.00,,,,
08/18/26 23:40:00,70.84,0.00,,,,
08/18/26 23:45:00,70.84,0.00,,,,
08/18/26 23:50:00,70.84,0.00,,,,
08/18/26 23:55:00,70.91,0.00,,,,
08/19/26 00:00:00,70.91,0.00,,,,
08/19/26 00:05:00,70.84,0.00,,,,
08/19/26 00:10:00,70.91,0.00,,,,
08/19/26 00:15:00,70.84,0.00,,,,
08/19/26 00:20:00,70.84,0.00,,,,
08/19/26 00:25:00,70.76,0.00,,,,
08/19/26 00:30:00,70.84,0.00,,,,
08/19/26 00:35:00,70.84,0.00,,,,
08/19/26 00:40:00,70.84,0.00,,,,
08/19/26 00:45:00,70.84,0.00,,,,
08/19/26 00:50:00,70.84,0.00,,,,
08/19/26 00:55:00,70.84,0.00,,,,
08/19/26 01:00:00,70.76,0.00,,,,
08/19/26 01:05:00,70.84,0.00,,,,
08/19/26 01:10:00,70.84,0.00,,,,
08/19/26 01:15:00,70.76,0.00,,,,
08/19/26 01:20:00,70.84,0.00,,,,
08/19/26 01:25:00,70.76,0.00,,,,
08/19/26 01:30:00,70.68,0.00,,,,
08/19/26 01:35:00,70.76,0.00,,,,
08/19/26 01:40:00,70.76,0.00,,,,
08/19/26 01:45:00,70.76,0.00,,,,
08/19/26 01:50:00,70.76,0.00,,,,
08/19/26 01:55:00,70.76,0.00,,,,
08/19/26 02:00:00,70.76,0.00,,,,
08/19/26 02:05:00,70.76,0.00,,,,
08/19/26 02:10:00,70.76,0.00,,,,
08/19/26 02:15:00,70.76,0.00,,,,
08/19/26 02:20:00,70.68,0.00,,,,
08/19/26 02:25:00,70.68,0.00,,,,
08/19/26 02:30:00,70.68,0.00,,,,
08/19/26 02:35:00,70.68,0.00,,,,
08/19/26 02:40:00,70.61,0.00,,,,
08/19/26 02:45:00,70.68,0.00,,,,
08/19/26 02:50:00,70.68,0.00,,,,
08/19/26 02:55:00,70.76,0.00,,,,
08/19/26 03:00:00,70.68,0.00,,,,
08/19/26 03:05:00,70.61,0.00,,,,
08/19/26 03:10:00,70.53,0.00,,,,
08/19/26 03:15:00,70.61,0.00,,,,
08/19/26 03:20:00,70.61,0.00,,,,
08/19/26 03:25:00,70.61,0.00,,,,
08/19/26 03:30:00,70.61,0.00,,,,
08/19/26 03:35:00,70.61,0.00,,,,
08/19/26 03:40:00,70.61,0.00,,,,
08/19/26 03:45:00,70.61,0.00,,,,
08/19/26 03:50:00,70.61,0.00,,,,
08/19/26 03:55:00,70.53,0.00,,,,
08/19/26 04:00:00,70.61,0.00,,,,
08/19/26 04:05:00,70.53,0.00,,,,
08/19/26 04:10:00,70.53,0.00,,,,
08/19/26 04:15:00,70.45,0.00,,,,
08/19/26 04:20:00,70.53,0.00,,,,
08/19/26 04:25:00,70.53,0.00,,,,
08/19/26 04:30:00,70.45,0.00,,,,
08/19/26 04:35:00,70.45,0.00,,,,
08/19/26 04:40:00,70.45,0.00,,,,
08/19/26 04:45:00,70.45,0.00,,,,
08/19/26 04:50:00,70.45,0.00,,,,
08/19/26 04:55:00,70.53,0.00,,,,
08/19/26 05:00:00,70.45,0.00,,,,
08/19/26 05:05:00,70.45,0.00,,,,
08/19/26 05:10:00,70.45,0.00,,,,
08/19/26 05:15:00,70.37,0.00,,,,
08/19/26 05:20:00,70.37,0.00,,,,
08/19/26 05:25:00,70.45,0.00,,,,
08/19/26 05:30:00,70.37,0.00,,,,
08/19/26 05:35:00,70.37,0.00,,,,
08/19/26 05:40:00,70.30,0.00,,,,
08/19/26 05:45:00,70.37,0.00,,,,
08/19/26 05:50:00,70.37,0.00,,,,
08/19/26 05:55:00,70.37,0.00,,,,
08/19/26 06:00:00,70.37,0.00,,,,
08/19/26 06:05:00,70.37,0.00,,,,
08/19/26 06:10:00,70.37,0.00,,,,
08/19/26 06:15:00,70.22,0.00,,,,
08/19/26 06:20:00,70.37,0.00,,,,
08/19/26 06:25:00,70.30,0.00,,,,
08/19/26 06:30:00,70.30,0.00,,,,
08/19/26 06:35:00,70.30,0.00,,,,
08/19/26 06:40:00,70.22,0.00,,,,
08/19/26 06:45:00,70.22,0.00,,,,
08/19/26 06:50:00,70.30,0.00,,,,
08/19/26 06:55:00,70.37,0.00,,,,
08/19/26 07:00:00,70.37,0.00,,,,
08/19/26 07:05:00,70.37,0.00,,,,
08/19/26 07:10:00,70.30,0.00,,,,
08/19/26 07:15:00,70.45,0.00,,,,
08/19/26 07:20:00,70.37,0.00,,,,
08/19/26 07:25:00,70.30,0.00,,,,
08/19/26 07:30:00,70.30,0.00,,,,
08/19/26 07:35:00,70.37,0.00,,,,
08/19/26 07:40:00,70.37,0.00,,,,
08/19/26 07:45:00,70.30,0.00,,,,
08/19/26 07:50:00,70.37,0.00,,,,
08/19/26 07:55:00,70.37,0.00,,,,
08/19/26 08:00:00,70.45,0.00,,,,
08/19/26 08:05:00,70.45,0.00,,,,
08/19/26 08:10:00,70.53,0.00,,,,
08/19/26 08:15:00,70.61,0.00,,,,
08/19/26 08:20:00,70.61,0.00,,,,
08/19/26 08:25:00,70.68,0.00,,,,
08/19/26 08:30:00,70.68,0.00,,,,
08/19/26 08:35:00,70.76,0.00,,,,
08/19/26 08:40:00,70.76,0.00,,,,
08/19/26 08:45:00,70.84,0.02,,,,
08/19/26 08:50:00,70.84,0.00,,,,
08/19/26 08:55:00,70.91,0.00,,,,
08/19/26 09:00:00,70.91,0.00,,,,
08/19/26 09:05:00,70.84,0.00,,,,
08/19/26 09:10:00,70.99,0.00,,,,
08/19/26 09:15:00,71.07,0.00,,,,
08/19/26 09:20:00,70.91,0.00,,,,
08/19/26 09:25:00,71.07,0.00,,,,
08/19/26 09:30:00,71.07,0.00,,,,
08/19/26 09:35:00,71.15,0.00,,,,
08/19/26 09:40:00,71.15,0.00,,,,
08/19/26 09:45:00,71.22,0.00,,,,
08/19/26 09:50:00,71.22,0.00,,,,
08/19/26 09:55:00,71.30,0.00,,,,
08/19/26 10:00:00,71.22,0.00,,,,
08/19/26 10:05:00,71.38,0.04,,,,
08/19/26 10:10:00,71.38,0.00,,,,
08/19/26 10:15:00,71.45,0.00,,,,
08/19/26 10:20:00,71.53,0.00,,,,
08/19/26 10:25:00,71.45,0.04,,,,
08/19/26 10:30:00,71.61,0.00,,,,
08/19/26 10:35:00,71.61,0.04,,,,
08/19/26 10:40:00,71.76,0.00,,,,
08/19/26 10:45:00,71.76,0.00,,,,
08/19/26 10:50:00,71.69,0.02,,,,
08/19/26 10:55:00,71.69,0.02,,,,
08/19/26 11:00:00,71.76,0.00,,,,
08/19/26 11:05:00,71.76,0.02,,,,
08/19/26 11:10:00,71.92,0.00,,,,
08/19/26 11:15:00,71.92,0.02,,,,
08/19/26 11:20:00,72.00,0.00,,,,
08/19/26 11:25:00,71.84,0.02,,,,
08/19/26 11:30:00,72.00,0.00,,,,
08/19/26 11:35:00,71.92,0.00,,,,
08/19/26 11:40:00,72.00,0.02,,,,
08/19/26 11:45:00,72.00,0.00,,,,
08/19/26 11:50:00,72.15,0.02,,,,
08/19/26 11:55:00,72.07,0.02,,,,
08/19/26 12:00:00,72.07,0.00,,,,
08/19/26 12:05:00,72.15,0.00,,,,
08/19/26 12:10:00,72.15,0.00,,,,
08/19/26 12:15:00,72.15,0.00,,,,
08/19/26 12:20:00,72.30,0.00,,,,
08/19/26 12:25:00,72.23,0.00,,,,
08/19/26 12:30:00,72.30,0.00,,,,
08/19/26 12:35:00,72.30,0.02,,,,
08/19/26 12:40:00,72.38,0.02,,,,
08/19/26 12:45:00,72.30,0.02,,,,
08/19/26 12:50:00,72.30,0.02,,,,
08/19/26 12:55:00,72.38,0.02,,,,
08/19/26 13:00:00,72.46,0.02,,,,
08/19/26 13:05:00,72.46,0.00,,,,
08/19/26 13:10:00,72.54,0.02,,,,
08/19/26 13:15:00,72.46,0.02,,,,
08/19/26 13:20:00,72.54,0.02,,,,
08/19/26 13:25:00,72.54,0.00,,,,
08/19/26 13:30:00,72.61,0.00,,,,
08/19/26 13:35:00,72.61,0.00,,,,
08/19/26 13:40:00,72.54,0.00,,,,
08/19/26 13:45:00,72.61,0.00,,,,
08/19/26 13:50:00,72.61,0.00,,,,
08/19/26 13:55:00,72.69,0.00,,,,
08/19/26 14:00:00,72.61,0.00,,,,
08/19/26 14:05:00,72.69,0.00,,,,
08/19/26 14:10:00,72.69,0.00,,,,
08/19/26 14:15:00,72.69,0.00,,,,
08/19/26 14:20:00,72.69,0.00,,,,
08/19/26 14:25:00,72.69,0.00,,,,
08/19/26 14:30:00,72.69,0.00,,,,
08/19/26 14:35:00,72.69,0.00,,,,
08/19/26 14:40:00,72.69,0.00,,,,
08/19/26 14:45:00,72.69,0.00,,,,
08/19/26 14:50:00,72.77,0.00,,,,
08/19/26 14:55:00,72.77,0.00,,,,
08/19/26 15:00:00,72.77,0.00,,,,
08/19/26 15:05:00,72.77,0.00,,,,
08/19/26 15:10:00,72.84,0.00,,,,
08/19/26 15:15:00,72.84,0.00,,,,
08/19/26 15:20:00,72.69,0.00,,,,
08/19/26 15:25:00,72.84,0.00,,,,
08/19/26 15:30:00,72.77,0.00,,,,
08/19/26 15:35:00,72.77,0.00,,,,
08/19/26 15:40:00,72.84,0.00,,,,
08/19/26 15:45:00,72.92,0.00,,,,
08/19/26 15:50:00,72.77,0.00,,,,
08/19/26 15:55:00,72.69,0.00,,,,
08/19/26 16:00:00,72.77,0.00,,,,
08/19/26 16:05:00,72.69,0.00,,,,
08/19/26 16:10:00,72.61,0.00,,,,
08/19/26 16:15:00,72.54,0.00,,,,
08/19/26 16:20:00,72.46,0.00,,,,
08/19/26 16:25:00,72.38,0.00,,,,
08/19/26 16:30:00,72.38,0.00,,,,
08/19/26 16:35:00,72.23,0.00,,,,
08/19/26 16:40:00,72.30,0.00,,,,
08/19/26 16:45:00,72.15,0.00,,,,
08/19/26 16:50:00,72.15,0.00,,,,
08/19/26 16:55:00,72.15,0.00,,,,
08/19/26 17:00:00,72.00,0.00,,,,
08/19/26 17:05:00,71.92,0.00,,,,
08/19/26 17:10:00,72.00,0.00,,,,
08/19/26 17:15:00,71.92,0.00,,,,
08/19/26 17:20:00,71.84,0.00,,,,
08/19/26 17:25:00,71.92,0.00,,,,
08/19/26 17:30:00,71.76,0.00,,,,
08/19/26 17:35:00,71.76,0.00,,,,
08/19/26 17:40:00,71.76,0.00,,,,
08/19/26 17:45:00,71.76,0.00,,,,
08/19/26 17:50:00,71.76,0.00,,,,
08/19/26 17:55:00,71.76,0.00,,,,
08/19/26 18:00:00,71.61,0.00,,,,
08/19/26 18:05:00,71.61,0.00,,,,
08/19/26 18:10:00,71.61,0.00,,,,
08/19/26 18:15:00,71.45,0.00,,,,
08/19/26 18:20:00,71.61,0.00,,,,
08/19/26 18:25:00,71.53,0.00,,,,
08/19/26 18:30:00,71.53,0.00,,,,
08/19/26 18:35:00,71.53,0.00,,,,
08/19/26 18:40:00,71.53,0.00,,,,
08/19/26 18:45:00,71.53,0.00,,,,
08/19/26 18:50:00,71.38,0.00,,,,
08/19/26 18:55:00,71.38,0.00,,,,
08/19/26 19:00:00,71.45,0.00,,,,
08/19/26 19:05:00,71.30,0.00,,,,
08/19/26 19:10:00,71.30,0.00,,,,
08/19/26 19:15:00,71.38,0.00,,,,
08/19/26 19:20:00,71.30,0.00,,,,
08/19/26 19:25:00,71.30,0.00,,,,
08/19/26 19:30:00,71.30,0.00,,,,
08/19/26 19:35:00,71.22,0.00,,,,
08/19/26 19:40:00,71.30,0.00,,,,
08/19/26 19:45:00,71.22,0.00,,,,
08/19/26 19:50:00,71.15,0.00,,,,
08/19/26 19:55:00,71.22,0.00,,,,
08/19/26 20:00:00,71.22,0.00,,,,
08/19/26 20:05:00,71.22,0.00,,,,
08/19/26 20:10:00,71.22,0.00,,,,
08/19/26 20:15:00,71.07,0.00,,,,
08/19/26 20:20:00,71.15,0.00,,,,
08/19/26 20:25:00,71.15,0.00,,,,
08/19/26 20:30:00,70.99,0.00,,,,
08/19/26 20:35:00,71.07,0.00,,,,
08/19/26 20:40:00,71.07,0.00,,,,
08/19/26 20:45:00,71.07,0.00,,,,
08/19/26 20:50:00,71.07,0.00,,,,
08/19/26 20:55:00,71.07,0.00,,,,
08/19/26 21:00:00,71.07,0.00,,,,
08/19/26 21:05:00,71.07,0.00,,,,
08/19/26 21:10:00,71.07,0.00,,,,
08/19/26 21:15:00,70.91,0.00,,,,
08/19/26 21:20:00,70.91,0.00,,,,
08/19/26 21:25:00,70.99,0.00,,,,
08/19/26 21:30:00,70.91,0.00,,,,
08/19/26 21:35:00,70.99,0.00,,,,
08/19/26 21:40:00,70.99,0.00,,,,
08/19/26 21:45:00,70.91,0.00,,,,
08/19/26 21:50:00,70.99,0.00,,,,
08/19/26 21:55:00,70.91,0.00,,,,
08/19/26 22:00:00,70.91,0.00,,,,
08/19/26 22:05:00,70.91,0.00,,,,
08/19/26 22:10:00,70.91,0.00,,,,
08/19/26 22:15:00,70.99,0.00,,,,
08/19/26 22:20:00,70.91,0.00,,,,
08/19/26 22:25:00,70.91,0.00,,,,
08/19/26 22:30:00,70.84,0.00,,,,
08/19/26 22:35:00,70.91,0.00,,,,
08/19/26 22:40:00,70.91,0.00,,,,
08/19/26 22:45:00,70.99,0.00,,,,
08/19/26 22:50:00,70.91,0.00,,,,
08/19/26 22:55:00,70.91,0.00,,,,
08/19/26 23:00:00,70.99,0.00,,,,
08/19/26 23:05:00,70.99,0.00,,,,
08/19/26 23:10:00,70.91,0.00,,,,
08/19/26 23:15:00,70.99,0.00,,,,
08/19/26 23:20:00,70.99,0.00,,,,
08/19/26 23:25:00,70.91,0.00,,,,
08/19/26 23:30:00,70.91,0.00,,,,
08/19/26 23:35:00,70.91,0.00,,,,
08/19/26 23:40:00,70.91,0.00,,,,
08/19/26 23:45:00,70.99,0.00,,,,
08/19/26 23:50:00,70.84,0.00,,,,
08/19/26 23:55:00,70.84,0.00,,,,
08/20/26 00:00:00,70.91,0.00,,,,
08/20/26 00:05:00,70.84,0.00,,,,
08/20/26 00:10:00,70.91,0.00,,,,
08/20/26 00:15:00,70.91,0.00,,,,
08/20/26 00:20:00,70.91,0.00,,,,
08/20/26 00:25:00,70.91,0.00,,,,
08/20/26 00:30:00,70.91,0.00,,,,
08/20/26 00:35:00,70.91,0.00,,,,
08/20/26 00:40:00,70.91,0.00,,,,
08/20/26 00:45:00,70.76,0.00,,,,
08/20/26 00:50:00,70.84,0.00,,,,
08/20/26 00:55:00,70.76,0.00,,,,
08/20/26 01:00:00,70.91,0.00,,,,
08/20/26 01:05:00,70.84,0.00,,,,
08/20/26 01:10:00,70.84,0.00,,,,
08/20/26 01:15:00,70.76,0.00,,,,
08/20/26 01:20:00,70.76,0.00,,,,
08/20/26 01:25:00,70.91,0.00,,,,
08/20/26 01:30:00,70.76,0.00,,,,
08/20/26 01:35:00,70.84,0.00,,,,
08/20/26 01:40:00,70.84,0.00,,,,
08/20/26 01:45:00,70.84,0.00,,,,
08/20/26 01:50:00,70.76,0.00,,,,
08/20/26 01:55:00,70.76,0.00,,,,
08/20/26 02:00:00,70.76,0.00,,,,
08/20/26 02:05:00,70.76,0.00,,,,
08/20/26 02:10:00,70.84,0.00,,,,
08/20/26 02:15:00,70.76,0.00,,,,
08/20/26 02:20:00,70.76,0.00,,,,
08/20/26 02:25:00,70.84,0.00,,,,
08/20/26 02:30:00,70.68,0.00,,,,
08/20/26 02:35:00,70.76,0.00,,,,
08/20/26 02:40:00,70.68,0.00,,,,
08/20/26 02:45:00,70.76,0.00,,,,
08/20/26 02:50:00,70.76,0.00,,,,
08/20/26 02:55:00,70.68,0.00,,,,
08/20/26 03:00:00,70.76,0.00,,,,
08/20/26 03:05:00,70.68,0.00,,,,
08/20/26 03:10:00,70.68,0.00,,,,
08/20/26 03:15:00,70.76,0.00,,,,
08/20/26 03:20:00,70.76,0.00,,,,
08/20/26 03:25:00,70.76,0.00,,,,
08/20/26 03:30:00,70.68,0.00,,,,
08/20/26 03:35:00,70.68,0.00,,,,
08/20/26 03:40:00,70.76,0.00,,,,
08/20/26 03:45:00,70.61,0.00,,,,
08/20/26 03:50:00,70.61,0.00,,,,
08/20/26 03:55:00,70.61,0.00,,,,
08/20/26 04:00:00,70.68,0.00,,,,
08/20/26 04:05:00,70.68,0.00,,,,
08/20/26 04:10:00,70.61,0.00,,,,
08/20/26 04:15:00,70.68,0.00,,,,
08/20/26 04:20:00,70.68,0.00,,,,
08/20/26 04:25:00,70.53,0.00,,,,
08/20/26 04:30:00,70.61,0.00,,,,
08/20/26 04:35:00,70.61,0.00,,,,
08/20/26 04:40:00,70.61,0.00,,,,
08/20/26 04:45:00,70.61,0.00,,,,
08/20/26 04:50:00,70.68,0.00,,,,
08/20/26 04:55:00,70.61,0.00,,,,
08/20/26 05:00:00,70.61,0.00,,,,
08/20/26 05:05:00,70.53,0.00,,,,
08/20/26 05:10:00,70.61,0.00,,,,
08/20/26 05:15:00,70.53,0.00,,,,
08/20/26 05:20:00,70.45,0.00,,,,
08/20/26 05:25:00,70.45,0.00,,,,
08/20/26 05:30:00,70.61,0.00,,,,
08/20/26 05:35:00,70.61,0.00,,,,
08/20/26 05:40:00,70.53,0.00,,,,
08/20/26 05:45:00,70.53,0.00,,,,
08/20/26 05:50:00,70.61,0.00,,,,
08/20/26 05:55:00,70.53,0.00,,,,
08/20/26 06:00:00,70.53,0.00,,,,
08/20/26 06:05:00,70.53,0.00,,,,
08/20/26 06:10:00,70.45,0.00,,,,
08/20/26 06:15:00,70.53,0.00,,,,
08/20/26 06:20:00,70.61,0.00,,,,
08/20/26 06:25:00,70.45,0.00,,,,
08/20/26 06:30:00,70.61,0.00,,,,
08/20/26 06:35:00,70.61,0.00,,,,
08/20/26 06:40:00,70.53,0.00,,,,
08/20/26 06:45:00,70.53,0.00,,,,
08/20/26 06:50:00,70.45,0.00,,,,
08/20/26 06:55:00,70.45,0.00,,,,
08/20/26 07:00:00,70.45,0.00,,,,
08/20/26 07:05:00,70.53,0.00,,,,
08/20/26 07:10:00,70.45,0.00,,,,
08/20/26 07:15:00,70.45,0.00,,,,
08/20/26 07:20:00,70.53,0.00,,,,
08/20/26 07:25:00,70.53,0.00,,,,
08/20/26 07:30:00,70.45,0.00,,,,
08/20/26 07:35:00,70.53,0.00,,,,
08/20/26 07:40:00,70.53,0.00,,,,
08/20/26 07:45:00,70.53,0.00,,,,
08/20/26 07:50:00,70.53,0.00,,,,
08/20/26 07:55:00,70.53,0.02,,,,
08/20/26 08:00:00,70.68,0.02,,,,
08/20/26 08:05:00,70.61,0.02,,,,
08/20/26 08:10:00,70.76,0.02,,,,
08/20/26 08:15:00,70.68,0.02,,,,
08/20/26 08:20:00,70.84,0.02,,,,
08/20/26 08:25:00,70.84,0.02,,,,
08/20/26 08:30:00,70.99,0.02,,,,
08/20/26 08:35:00,70.91,0.02,,,,
08/20/26 08:40:00,70.99,0.02,,,,
08/20/26 08:45:00,71.07,0.02,,,,
08/20/26 08:50:00,71.15,0.02,,,,
08/20/26 08:55:00,71.15,0.02,,,,
08/20/26 09:00:00,71.30,0.02,,,,
08/20/26 09:05:00,71.30,0.02,,,,
08/20/26 09:10:00,71.38,0.02,,,,
08/20/26 09:15:00,71.38,0.02,,,,
08/20/26 09:20:00,71.45,0.02,,,,
08/20/26 09:25:00,71.45,0.06,,,,
08/20/26 09:30:00,71.53,0.02,,,,
08/20/26 09:35:00,71.69,0.02,,,,
08/20/26 09:40:00,71.61,0.02,,,,
08/20/26 09:45:00,71.61,0.02,,,,
08/20/26 09:50:00,71.69,0.02,,,,
08/20/26 09:55:00,71.61,0.06,,,,
08/20/26 10:00:00,71.69,0.06,,,,
08/20/26 10:05:00,71.76,0.02,,,,
08/20/26 10:10:00,71.69,0.02,,,,
08/20/26 10:15:00,71.76,0.06,,,,
08/20/26 10:20:00,71.69,0.04,,,,
08/20/26 10:25:00,71.84,0.04,,,,
08/20/26 10:30:00,71.76,0.04,,,,
08/20/26 10:35:00,71.76,0.04,,,,
08/20/26 10:40:00,71.84,0.00,,,,
08/20/26 10:45:00,71.92,0.04,,,,
08/20/26 10:50:00,71.84,0.00,,,,
08/20/26 10:55:00,71.84,0.00,,,,
08/20/26 11:00:00,71.84,0.00,,,,
08/20/26 11:05:00,71.84,0.00,,,,
08/20/26 11:10:00,71.84,0.00,,,,
08/20/26 11:15:00,71.92,0.00,,,,
08/20/26 11:20:00,71.92,0.00,,,,
08/20/26 11:25:00,71.84,0.00,,,,
08/20/26 11:30:00,71.92,0.00,,,,
08/20/26 11:35:00,71.84,0.00,,,,
08/20/26 11:40:00,71.92,0.00,,,,
08/20/26 11:45:00,71.84,0.00,,,,
08/20/26 11:50:00,71.84,0.00,,,,
08/20/26 11:55:00,71.92,0.00,,,,
08/20/26 12:00:00,72.00,0.00,,,,
08/20/26 12:05:00,71.92,0.00,,,,
08/20/26 12:10:00,72.00,0.00,,,,
08/20/26 12:15:00,72.00,0.00,,,,
08/20/26 12:20:00,72.00,0.00,,,,
08/20/26 12:25:00,71.92,0.00,,,,
08/20/26 12:30:00,71.92,0.00,,,,
08/20/26 12:35:00,71.84,0.00,,,,
08/20/26 12:40:00,71.84,0.00,,,,
08/20/26 12:45:00,71.92,0.00,,,,
08/20/26 12:50:00,71.92,0.00,,,,
08/20/26 12:55:00,71.76,0.00,,,,
08/20/26 13:00:00,71.92,0.00,,,,
08/20/26 13:05:00,71.92,0.00,,,,
08/20/26 13:10:00,71.92,0.00,,,,
08/20/26 13:15:00,72.00,0.00,,,,
08/20/26 13:20:00,72.00,0.00,,,,
08/20/26 13:25:00,72.00,0.00,,,,
08/20/26 13:30:00,72.07,0.00,,,,
08/20/26 13:35:00,72.07,0.00,,,,
08/20/26 13:40:00,72.15,0.00,,,,
08/20/26 13:45:00,72.23,0.00,,,,
08/20/26 13:50:00,72.23,0.00,,,,
08/20/26 13:55:00,72.30,0.00,,,,
08/20/26 14:00:00,72.23,0.00,,,,
08/20/26 14:05:00,72.23,0.00,,,,
08/20/26 14:10:00,72.23,0.00,,,,
08/20/26 14:15:00,72.30,0.00,,,,
08/20/26 14:20:00,72.15,0.00,,,,
08/20/26 14:25:00,72.30,0.00,,,,
08/20/26 14:30:00,72.23,0.00,,,,
08/20/26 14:35:00,72.38,0.00,,,,
08/20/26 14:40:00,72.38,0.00,,,,
08/20/26 14:45:00,72.30,0.00,,,,
08/20/26 14:50:00,72.30,0.00,,,,
08/20/26 14:55:00,72.38,0.00,,,,
08/20/26 15:00:00,72.30,0.00,,,,
08/20/26 15:05:00,72.23,0.00,,,,
08/20/26 15:10:00,72.38,0.00,,,,
08/20/26 15:15:00,72.46,0.00,,,,
08/20/26 15:20:00,72.30,0.00,,,,
08/20/26 15:25:00,72.38,0.00,,,,
08/20/26 15:30:00,72.38,0.00,,,,
08/20/26 15:35:00,72.38,0.00,,,,
08/20/26 15:40:00,72.46,0.00,,,,
08/20/26 15:45:00,72.46,0.00,,,,
08/20/26 15:50:00,72.38,0.00,,,,
08/20/26 15:55:00,72.46,0.00,,,,
08/20/26 16:00:00,72.46,0.00,,,,
08/20/26 16:05:00,72.54,0.00,,,,
08/20/26 16:10:00,72.46,0.00,,,,
08/20/26 16:15:00,72.46,0.00,,,,
08/20/26 16:20:00,72.46,0.00,,,,
08/20/26 16:25:00,72.54,0.00,,,,
08/20/26 16:30:00,72.46,0.00,,,,
08/20/26 16:35:00,72.46,0.00,,,,
08/20/26 16:40:00,72.54,0.00,,,,
08/20/26 16:45:00,72.46,0.00,,,,
08/20/26 16:50:00,72.54,0.00,,,,
08/20/26 16:55:00,72.46,0.00,,,,
08/20/26 17:00:00,72.46,0.00,,,,
08/20/26 17:05:00,72.38,0.00,,,,
08/20/26 17:10:00,72.30,0.00,,,,
08/20/26 17:15:00,72.23,0.00,,,,
08/20/26 17:20:00,72.30,0.00,,,,
08/20/26 17:25:00,72.23,0.00,,,,
08/20/26 17:30:00,72.15,0.00,,,,
08/20/26 17:35:00,72.23,0.00,,,,
08/20/26 17:40:00,72.07,0.00,,,,
08/20/26 17:45:00,72.15,0.00,,,,
08/20/26 17:50:00,72.00,0.00,,,,
08/20/26 17:55:00,71.92,0.00,,,,
08/20/26 18:00:00,71.92,0.00,,,,
08/20/26 18:05:00,71.84,0.00,,,,
08/20/26 18:10:00,71.92,0.00,,,,
08/20/26 18:15:00,71.84,0.00,,,,
08/20/26 18:20:00,71.76,0.00,,,,
08/20/26 18:25:00,71.84,0.00,,,,
08/20/26 18:30:00,71.84,0.00,,,,
08/20/26 18:35:00,71.84,0.00,,,,
08/20/26 18:40:00,71.76,0.00,,,,
08/20/26 18:45:00,71.76,0.00,,,,
08/20/26 18:50:00,71.76,0.00,,,,
08/20/26 18:55:00,71.61,0.00,,,,
08/20/26 19:00:00,71.69,0.00,,,,
08/20/26 19:05:00,71.69,0.00,,,,
08/20/26 19:10:00,71.61,0.00,,,,
08/20/26 19:15:00,71.69,0.00,,,,
08/20/26 19:20:00,71.69,0.00,,,,
08/20/26 19:25:00,71.53,0.00,,,,
08/20/26 19:30:00,71.53,0.00,,,,
08/20/26 19:35:00,71.53,0.00,,,,
08/20/26 19:40:00,71.53,0.00,,,,
08/20/26 19:45:00,71.61,0.00,,,,
08/20/26 19:50:00,71.61,0.00,,,,
08/20/26 19:55:00,71.61,0.00,,,,
08/20/26 20:00:00,71.53,0.00,,,,
08/20/26 20:05:00,71.53,0.00,,,,
08/20/26 20:10:00,71.45,0.00,,,,
08/20/26 20:15:00,71.53,0.00,,,,
08/20/26 20:20:00,71.45,0.00,,,,
08/20/26 20:25:00,71.38,0.00,,,,
08/20/26 20:30:00,71.45,0.00,,,,
08/20/26 20:35:00,71.53,0.00,,,,
08/20/26 20:40:00,71.38,0.00,,,,
08/20/26 20:45:00,71.38,0.00,,,,
08/20/26 20:50:00,71.45,0.00,,,,
08/20/26 20:55:00,71.45,0.00,,,,
08/20/26 21:00:00,71.38,0.00,,,,
08/20/26 21:05:00,71.38,0.00,,,,
08/20/26 21:10:00,71.38,0.00,,,,
08/20/26 21:15:00,71.45,0.00,,,,
08/20/26 21:20:00,71.30,0.00,,,,
08/20/26 21:25:00,71.38,0.00,,,,
08/20/26 21:30:00,71.30,0.00,,,,
08/20/26 21:35:00,71.22,0.00,,,,
08/20/26 21:40:00,71.22,0.00,,,,
08/20/26 21:45:00,71.22,0.00,,,,
08/20/26 21:50:00,71.22,0.00,,,,
08/20/26 21:55:00,71.15,0.00,,,,
08/20/26 22:00:00,71.22,0.00,,,,
08/20/26 22:05:00,71.22,0.00,,,,
08/20/26 22:10:00,71.30,0.00,,,,
08/20/26 22:15:00,71.22,0.00,,,,
08/20/26 22:20:00,71.22,0.00,,,,
08/20/26 22:25:00,71.22,0.00,,,,
08/20/26 22:30:00,71.15,0.00,,,,
08/20/26 22:35:00,71.22,0.00,,,,
08/20/26 22:40:00,71.15,0.00,,,,
08/20/26 22:45:00,71.15,0.00,,,,
08/20/26 22:50:00,71.15,0.00,,,,
08/20/26 22:55:00,71.15,0.00,,,,
08/20/26 23:00:00,71.15,0.00,,,,
08/20/26 23:05:00,71.07,0.00,,,,
08/20/26 23:10:00,71.07,0.00,,,,
08/20/26 23:15:00,71.15,0.00,,,,
08/20/26 23:20:00,71.15,0.00,,,,
08/20/26 23:25:00,71.07,0.00,,,,
08/20/26 23:30:00,71.07,0.00,,,,
08/20/26 23:35:00,71.07,0.00,,,,
08/20/26 23:40:00,71.07,0.00,,,,
08/20/26 23:45:00,71.07,0.00,,,,
08/20/26 23:50:00,71.07,0.00,,,,
08/20/26 23:55:00,71.15,0.00,,,,
08/21/26 00:00:00,71.07,0.00,,,,
08/21/26 00:05:00,71.07,0.00,,,,
08/21/26 00:10:00,70.99,0.00,,,,
08/21/26 00:15:00,71.15,0.00,,,,
08/21/26 00:20:00,70.99,0.00,,,,
08/21/26 00:25:00,70.99,0.00,,,,
08/21/26 00:30:00,71.07,0.00,,,,
08/21/26 00:35:00,70.99,0.00,,,,
08/21/26 00:40:00,70.91,0.00,,,,
08/21/26 00:45:00,70.99,0.00,,,,
08/21/26 00:50:00,71.07,0.00,,,,
08/21/26 00:55:00,70.91,0.00,,,,
08/21/26 01:00:00,70.99,0.00,,,,
08/21/26 01:05:00,70.84,0.00,,,,
08/21/26 01:10:00,70.91,0.00,,,,
08/21/26 01:15:00,70.99,0.00,,,,
08/21/26 01:20:00,70.91,0.00,,,,
08/21/26 01:25:00,70.91,0.00,,,,
08/21/26 01:30:00,70.91,0.00,,,,
08/21/26 01:35:00,70.91,0.00,,,,
08/21/26 01:40:00,70.84,0.00,,,,
08/21/26 01:45:00,70.91,0.00,,,,
08/21/26 01:50:00,70.91,0.00,,,,
08/21/26 01:55:00,70.84,0.00,,,,
08/21/26 02:00:00,70.84,0.00,,,,
08/21/26 02:05:00,70.76,0.00,,,,
08/21/26 02:10:00,70.84,0.00,,,,
08/21/26 02:15:00,70.84,0.00,,,,
08/21/26 02:20:00,70.76,0.00,,,,
08/21/26 02:25:00,70.76,0.00,,,,
08/21/26 02:30:00,70.76,0.00,,,,
08/21/26 02:35:00,70.76,0.00,,,,
08/21/26 02:40:00,70.76,0.00,,,,
08/21/26 02:45:00,70.76,0.00,,,,
08/21/26 02:50:00,70.68,0.00,,,,
08/21/26 02:55:00,70.76,0.00,,,,
08/21/26 03:00:00,70.76,0.00,,,,
08/21/26 03:05:00,70.76,0.00,,,,
08/21/26 03:10:00,70.76,0.00,,,,
08/21/26 03:15:00,70.76,0.00,,,,
08/21/26 03:20:00,70.76,0.00,,,,
08/21/26 03:25:00,70.76,0.00,,,,
08/21/26 03:30:00,70.76,0.00,,,,
08/21/26 03:35:00,70.68,0.00,,,,
08/21/26 03:40:00,70.76,0.00,,,,
08/21/26 03:45:00,70.76,0.00,,,,
08/21/26 03:50:00,70.68,0.00,,,,
08/21/26 03:55:00,70.68,0.00,,,,
08/21/26 04:00:00,70.76,0.00,,,,
08/21/26 04:05:00,70.68,0.00,,,,
08/21/26 04:10:00,70.61,0.00,,,,
08/21/26 04:15:00,70.61,0.00,,,,
08/21/26 04:20:00,70.61,0.00,,,,
08/21/26 04:25:00,70.61,0.00,,,,
08/21/26 04:30:00,70.68,0.00,,,,
08/21/26 04:35:00,70.68,0.00,,,,
08/21/26 04:40:00,70.68,0.00,,,,
08/21/26 04:45:00,70.61,0.00,,,,
08/21/26 04:50:00,70.61,0.00,,,,
08/21/26 04:55:00,70.53,0.00,,,,
08/21/26 05:00:00,70.68,0.00,,,,
08/21/26 05:05:00,70.61,0.00,,,,
08/21/26 05:10:00,70.53,0.00,,,,
08/21/26 05:15:00,70.61,0.00,,,,
08/21/26 05:20:00,70.53,0.00,,,,
08/21/26 05:25:00,70.53,0.00,,,,
08/21/26 05:30:00,70.61,0.00,,,,
08/21/26 05:35:00,70.53,0.00,,,,
08/21/26 05:40:00,70.61,0.00,,,,
08/21/26 05:45:00,70.53,0.00,,,,
08/21/26 05:50:00,70.61,0.00,,,,
08/21/26 05:55:00,70.61,0.00,,,,
08/21/26 06:00:00,70.53,0.00,,,,
08/21/26 06:05:00,70.53,0.00,,,,
08/21/26 06:10:00,70.53,0.00,,,,
08/21/26 06:15:00,70.45,0.00,,,,
08/21/26 06:20:00,70.53,0.00,,,,
08/21/26 06:25:00,70.61,0.00,,,,
08/21/26 06:30:00,70.61,0.00,,,,
08/21/26 06:35:00,70.45,0.00,,,,
08/21/26 06:40:00,70.53,0.00,,,,
08/21/26 06:45:00,70.53,0.00,,,,
08/21/26 06:50:00,70.53,0.00,,,,
08/21/26 06:55:00,70.53,0.00,,,,
08/21/26 07:00:00,70.61,0.00,,,,
08/21/26 07:05:00,70.61,0.00,,,,
08/21/26 07:10:00,70.45,0.00,,,,
08/21/26 07:15:00,70.61,0.00,,,,
08/21/26 07:20:00,70.53,0.00,,,,
08/21/26 07:25:00,70.61,0.00,,,,
08/21/26 07:30:00,70.45,0.00,,,,
08/21/26 07:35:00,70.61,0.00,,,,
08/21/26 07:40:00,70.53,0.00,,,,
08/21/26 07:45:00,70.53,0.00,,,,
08/21/26 07:50:00,70.53,0.00,,,,
08/21/26 07:55:00,70.53,0.00,,,,
08/21/26 08:00:00,70.61,0.00,,,,
08/21/26 08:05:00,70.61,0.00,,,,
08/21/26 08:10:00,70.61,0.00,,,,
08/21/26 08:15:00,70.53,0.00,,,,
08/21/26 08:20:00,70.53,0.00,,,,
08/21/26 08:25:00,70.61,0.00,,,,
08/21/26 08:30:00,70.61,0.00,,,,
08/21/26 08:35:00,70.61,0.00,,,,
08/21/26 08:40:00,70.61,0.00,,,,
08/21/26 08:45:00,70.68,0.00,,,,
08/21/26 08:50:00,70.68,0.00,,,,
08/21/26 08:55:00,70.68,0.00,,,,
08/21/26 09:00:00,70.68,0.00,,,,
08/21/26 09:05:00,70.61,0.00,,,,
08/21/26 09:10:00,70.76,0.00,,,,
08/21/26 09:15:00,70.76,0.00,,,,
08/21/26 09:20:00,70.76,0.00,,,,
08/21/26 09:25:00,70.84,0.00,,,,
08/21/26 09:30:00,70.84,0.00,,,,
08/21/26 09:35:00,70.91,0.00,,,,
08/21/26 09:40:00,70.91,0.00,,,,
08/21/26 09:45:00,70.91,0.00,,,,
08/21/26 09:50:00,70.91,0.00,,,,
08/21/26 09:55:00,70.91,0.00,,,,
08/21/26 10:00:00,70.99,0.00,,,,
08/21/26 10:05:00,70.91,0.00,,,,
08/21/26 10:10:00,70.99,0.00,,,,
08/21/26 10:15:00,70.91,0.02,,,,
08/21/26 10:20:00,71.07,0.02,,,,
08/21/26 10:25:00,71.07,0.00,,,,
08/21/26 10:30:00,71.07,0.00,,,,
08/21/26 10:35:00,71.07,0.00,,,,
08/21/26 10:40:00,71.07,0.00,,,,
08/21/26 10:45:00,71.07,0.00,,,,
08/21/26 10:50:00,71.15,0.00,,,,
08/21/26 10:55:00,71.15,0.00,,,,
08/21/26 11:00:00,71.07,0.00,,,,
08/21/26 11:05:00,71.07,0.00,,,,
08/21/26 11:10:00,71.07,0.00,,,,
08/21/26 11:15:00,71.07,0.00,,,,
08/21/26 11:20:00,71.15,0.00,,,,
08/21/26 11:25:00,71.07,0.00,,,,
08/21/26 11:30:00,71.07,0.00,,,,
08/21/26 11:35:00,70.99,0.00,,,,
08/21/26 11:40:00,71.15,0.00,,,,
08/21/26 11:45:00,70.99,0.00,,,,
08/21/26 11:50:00,71.07,0.00,,,,
08/21/26 11:55:00,71.07,0.00,,,,
08/21/26 12:00:00,71.15,0.00,,,,
08/21/26 12:05:00,71.15,0.00,,,,
08/21/26 12:10:00,71.07,0.00,,,,
08/21/26 12:15:00,71.15,0.00,,,,
08/21/26 12:20:00,71.07,0.02,,,,
08/21/26 12:25:00,71.07,0.00,,,,
08/21/26 12:30:00,71.15,0.00,,,,
08/21/26 12:35:00,71.07,0.00,,,,
08/21/26 12:40:00,71.15,0.00,,,,
08/21/26 12:45:00,71.22,0.00,,,,
08/21/26 12:50:00,71.15,0.00,,,,
08/21/26 12:55:00,71.15,0.00,,,,
08/21/26 13:00:00,71.22,0.00,,,,
08/21/26 13:05:00,71.22,0.00,,,,
08/21/26 13:10:00,71.22,0.00,,,,
08/21/26 13:15:00,71.22,0.00,,,,
08/21/26 13:20:00,71.22,0.00,,,,
08/21/26 13:25:00,71.15,0.00,,,,
08/21/26 13:30:00,71.15,0.00,,,,
08/21/26 13:35:00,71.15,0.00,,,,
08/21/26 13:40:00,71.15,0.00,,,,
08/21/26 13:45:00,71.22,0.00,,,,
08/21/26 13:50:00,71.15,0.00,,,,
08/21/26 13:55:00,71.22,0.00,,,,
08/21/26 14:00:00,71.22,0.00,,,,
08/21/26 14:05:00,71.22,0.00,,,,
08/21/26 14:10:00,71.15,0.00,,,,
08/21/26 14:15:00,71.22,0.00,,,,
08/21/26 14:20:00,71.15,0.00,,,,
08/21/26 14:25:00,71.22,0.00,,,,
08/21/26 14:30:00,71.15,0.00,,,,
08/21/26 14:35:00,71.15,0.00,,,,
08/21/26 14:40:00,71.30,0.00,,,,
08/21/26 14:45:00,71.22,0.00,,,,
08/21/26 14:50:00,71.15,0.00,,,,
08/21/26 14:55:00,71.07,0.00,,,,
08/21/26 15:00:00,71.07,0.00,,,,
08/21/26 15:05:00,71.15,0.00,,,,
08/21/26 15:10:00,71.15,0.00,,,,
08/21/26 15:15:00,71.15,0.00,,,,
08/21/26 15:20:00,71.22,0.00,,,,
08/21/26 15:25:00,71.22,0.00,,,,
08/21/26 15:30:00,71.22,0.00,,,,
08/21/26 15:35:00,71.15,0.00,,,,
08/21/26 15:40:00,71.07,0.00,,,,
08/21/26 15:45:00,71.15,0.00,,,,
08/21/26 15:50:00,71.22,0.00,,,,
08/21/26 15:55:00,71.15,0.00,,,,
08/21/26 16:00:00,71.15,0.00,,,,
08/21/26 16:05:00,71.15,0.00,,,,
08/21/26 16:10:00,71.15,0.00,,,,
08/21/26 16:15:00,71.22,0.00,,,,
08/21/26 16:20:00,71.15,0.00,,,,
08/21/26 16:25:00,71.15,0.00,,,,
08/21/26 16:30:00,71.07,0.00,,,,
08/21/26 16:35:00,71.07,0.00,,,,
08/21/26 16:40:00,71.15,0.00,,,,
08/21/26 16:45:00,71.07,0.00,,,,
08/21/26 16:50:00,71.07,0.00,,,,
08/21/26 16:55:00,71.07,0.00,,,,
08/21/26 17:00:00,71.15,0.00,,,,
08/21/26 17:05:00,71.15,0.00,,,,
08/21/26 17:10:00,71.07,0.00,,,,
08/21/26 17:15:00,71.15,0.00,,,,
08/21/26 17:20:00,71.07,0.00,,,,
08/21/26 17:25:00,71.07,0.00,,,,
08/21/26 17:30:00,71.22,0.00,,,,
08/21/26 17:35:00,71.15,0.00,,,,
08/21/26 17:40:00,71.07,0.00,,,,
08/21/26 17:45:00,71.15,0.00,,,,
08/21/26 17:50:00,71.15,0.00,,,,
08/21/26 17:55:00,71.07,0.00,,,,
08/21/26 18:00:00,71.15,0.00,,,,
08/21/26 18:05:00,71.15,0.00,,,,
08/21/26 18:10:00,71.15,0.00,,,,
08/21/26 18:15:00,71.15,0.00,,,,
08/21/26 18:20:00,71.15,0.00,,,,
08/21/26 18:25:00,71.07,0.00,,,,
08/21/26 18:30:00,71.22,0.00,,,,
08/21/26 18:35:00,71.15,0.00,,,,
08/21/26 18:40:00,71.15,0.00,,,,
08/21/26 18:45:00,71.15,0.00,,,,
08/21/26 18:50:00,71.15,0.00,,,,
08/21/26 18:55:00,71.07,0.00,,,,
08/21/26 19:00:00,71.15,0.00,,,,
08/21/26 19:05:00,71.07,0.00,,,,
08/21/26 19:10:00,71.15,0.00,,,,
08/21/26 19:15:00,71.15,0.00,,,,
08/21/26 19:20:00,71.07,0.00,,,,
08/21/26 19:25:00,71.15,0.00,,,,
08/21/26 19:30:00,71.07,0.00,,,,
08/21/26 19:35:00,71.07,0.00,,,,
08/21/26 19:40:00,71.07,0.00,,,,
08/21/26 19:45:00,71.07,0.00,,,,
08/21/26 19:50:00,71.07,0.00,,,,
08/21/26 19:55:00,71.07,0.00,,,,
08/21/26 20:00:00,71.15,0.00,,,,
08/21/26 20:05:00,71.07,0.00,,,,
08/21/26 20:10:00,71.07,0.00,,,,
08/21/26 20:15:00,71.07,0.00,,,,
08/21/26 20:20:00,71.07,0.00,,,,
08/21/26 20:25:00,70.99,0.00,,,,
08/21/26 20:30:00,70.99,0.00,,,,
08/21/26 20:35:00,70.99,0.00,,,,
08/21/26 20:40:00,70.99,0.00,,,,
08/21/26 20:45:00,70.99,0.00,,,,
08/21/26 20:50:00,71.07,0.00,,,,
08/21/26 20:55:00,70.99,0.00,,,,
08/21/26 21:00:00,71.07,0.00,,,,
08/21/26 21:05:00,70.99,0.00,,,,
08/21/26 21:10:00,70.99,0.00,,,,
08/21/26 21:15:00,70.91,0.00,,,,
08/21/26 21:20:00,70.99,0.00,,,,
08/21/26 21:25:00,71.07,0.00,,,,
08/21/26 21:30:00,70.99,0.00,,,,
08/21/26 21:35:00,71.07,0.00,,,,
08/21/26 21:40:00,70.91,0.00,,,,
08/21/26 21:45:00,70.99,0.00,,,,
08/21/26 21:50:00,70.91,0.00,,,,
08/21/26 21:55:00,70.91,0.00,,,,
08/21/26 22:00:00,70.99,0.00,,,,
08/21/26 22:05:00,70.91,0.00,,,,
08/21/26 22:10:00,70.91,0.00,,,,
08/21/26 22:15:00,70.91,0.00,,,,
08/21/26 22:20:00,70.91,0.00,,,,
08/21/26 22:25:00,70.91,0.00,,,,
08/21/26 22:30:00,70.91,0.00,,,,
08/21/26 22:35:00,70.91,0.00,,,,
08/21/26 22:40:00,70.91,0.00,,,,
08/21/26 22:45:00,70.84,0.00,,,,
08/21/26 22:50:00,70.84,0.00,,,,
08/21/26 22:55:00,70.84,0.00,,,,
08/21/26 23:00:00,70.84,0.00,,,,
08/21/26 23:05:00,70.84,0.00,,,,
08/21/26 23:10:00,70.84,0.00,,,,
08/21/26 23:15:00,70.84,0.00,,,,
08/21/26 23:20:00,70.84,0.00,,,,
08/21/26 23:25:00,70.84,0.00,,,,
08/21/26 23:30:00,70.84,0.00,,,,
08/21/26 23:35:00,70.76,0.00,,,,
08/21/26 23:40:00,70.84,0.00,,,,
08/21/26 23:45:00,70.84,0.00,,,,
08/21/26 23:50:00,70.76,0.00,,,,
08/21/26 23:55:00,70.76,0.00,,,,
08/22/26 00:00:00,70.76,0.00,,,,
08/22/26 00:05:00,70.76,0.00,,,,
08/22/26 00:10:00,70.76,0.00,,,,
08/22/26 00:15:00,70.76,0.00,,,,
08/22/26 00:20:00,70.76,0.00,,,,
08/22/26 00:25:00,70.76,0.00,,,,
08/22/26 00:30:00,70.68,0.00,,,,
08/22/26 00:35:00,70.76,0.00,,,,
08/22/26 00:40:00,70.76,0.00,,,,
08/22/26 00:45:00,70.76,0.00,,,,
08/22/26 00:50:00,70.76,0.00,,,,
08/22/26 00:55:00,70.68,0.00,,,,
08/22/26 01:00:00,70.61,0.00,,,,
08/22/26 01:05:00,70.76,0.00,,,,
08/22/26 01:10:00,70.68,0.00,,,,
08/22/26 01:15:00,70.68,0.00,,,,
08/22/26 01:20:00,70.61,0.00,,,,
08/22/26 01:25:00,70.61,0.00,,,,
08/22/26 01:30:00,70.68,0.00,,,,
08/22/26 01:35:00,70.61,0.00,,,,
08/22/26 01:40:00,70.68,0.00,,,,
08/22/26 01:45:00,70.61,0.00,,,,
08/22/26 01:50:00,70.61,0.00,,,,
08/22/26 01:55:00,70.61,0.00,,,,
08/22/26 02:00:00,70.61,0.00,,,,
08/22/26 02:05:00,70.61,0.00,,,,
08/22/26 02:10:00,70.61,0.00,,,,
08/22/26 02:15:00,70.45,0.00,,,,
08/22/26 02:20:00,70.61,0.00,,,,
08/22/26 02:25:00,70.61,0.00,,,,
08/22/26 02:30:00,70.53,0.00,,,,
08/22/26 02:35:00,70.53,0.00,,,,
08/22/26 02:40:00,70.61,0.00,,,,
08/22/26 02:45:00,70.45,0.00,,,,
08/22/26 02:50:00,70.61,0.00,,,,
08/22/26 02:55:00,70.53,0.00,,,,
08/22/26 03:00:00,70.53,0.00,,,,
08/22/26 03:05:00,70.53,0.00,,,,
08/22/26 03:10:00,70.53,0.00,,,,
08/22/26 03:15:00,70.61,0.00,,,,
08/22/26 03:20:00,70.45,0.00,,,,
08/22/26 03:25:00,70.53,0.00,,,,
08/22/26 03:30:00,70.45,0.00,,,,
08/22/26 03:35:00,70.61,0.00,,,,
08/22/26 03:40:00,70.53,0.00,,,,
08/22/26 03:45:00,70.45,0.00,,,,
08/22/26 03:50:00,70.45,0.00,,,,
08/22/26 03:55:00,70.45,0.00,,,,
08/22/26 04:00:00,70.45,0.00,,,,
08/22/26 04:05:00,70.45,0.00,,,,
08/22/26 04:10:00,70.45,0.00,,,,
08/22/26 04:15:00,70.37,0.00,,,,
08/22/26 04:20:00,70.45,0.00,,,,
08/22/26 04:25:00,70.45,0.00,,,,
08/22/26 04:30:00,70.45,0.00,,,,
08/22/26 04:35:00,70.45,0.00,,,,
08/22/26 04:40:00,70.45,0.00,,,,
08/22/26 04:45:00,70.37,0.00,,,,
08/22/26 04:50:00,70.45,0.00,,,,
08/22/26 04:55:00,70.45,0.00,,,,
08/22/26 05:00:00,70.45,0.00,,,,
08/22/26 05:05:00,70.37,0.00,,,,
08/22/26 05:10:00,70.37,0.00,,,,
08/22/26 05:15:00,70.37,0.00,,,,
08/22/26 05:20:00,70.45,0.00,,,,
08/22/26 05:25:00,70.45,0.00,,,,
08/22/26 05:30:00,70.37,0.00,,,,
08/22/26 05:35:00,70.45,0.00,,,,
08/22/26 05:40:00,70.45,0.00,,,,
08/22/26 05:45:00,70.37,0.00,,,,
08/22/26 05:50:00,70.37,0.00,,,,
08/22/26 05:55:00,70.37,0.00,,,,
08/22/26 06:00:00,70.37,0.00,,,,
08/22/26 06:05:00,70.37,0.00,,,,
08/22/26 06:10:00,70.37,0.00,,,,
08/22/26 06:15:00,70.37,0.00,,,,
08/22/26 06:20:00,70.30,0.00,,,,
08/22/26 06:25:00,70.30,0.00,,,,
08/22/26 06:30:00,70.37,0.00,,,,
08/22/26 06:35:00,70.37,0.00,,,,
08/22/26 06:40:00,70.30,0.00,,,,
08/22/26 06:45:00,70.30,0.00,,,,
08/22/26 06:50:00,70.30,0.00,,,,
08/22/26 06:55:00,70.30,0.00,,,,
08/22/26 07:00:00,70.30,0.00,,,,
08/22/26 07:05:00,70.30,0.00,,,,
08/22/26 07:10:00,70.22,0.00,,,,
08/22/26 07:15:00,70.30,0.00,,,,
08/22/26 07:20:00,70.30,0.00,,,,
08/22/26 07:25:00,70.45,0.00,,,,
08/22/26 07:30:00,70.22,0.00,,,,
08/22/26 07:35:00,70.30,0.00,,,,
08/22/26 07:40:00,70.30,0.00,,,,
08/22/26 07:45:00,70.37,0.00,,,,
08/22/26 07:50:00,70.30,0.00,,,,
08/22/26 07:55:00,70.22,0.00,,,,
08/22/26 08:00:00,70.22,0.00,,,,
08/22/26 08:05:00,70.30,0.00,,,,
08/22/26 08:10:00,70.22,0.00,,,,
08/22/26 08:15:00,70.30,0.00,,,,
08/22/26 08:20:00,70.22,0.00,,,,
08/22/26 08:25:00,70.30,0.00,,,,
08/22/26 08:30:00,70.37,0.00,,,,
08/22/26 08:35:00,70.30,0.00,,,,
08/22/26 08:40:00,70.30,0.00,,,,
08/22/26 08:45:00,70.30,0.00,,,,
08/22/26 08:50:00,70.22,0.00,,,,
08/22/26 08:55:00,70.30,0.00,,,,
08/22/26 09:00:00,70.30,0.00,,,,
08/22/26 09:05:00,70.30,0.00,,,,
08/22/26 09:10:00,70.30,0.00,,,,
08/22/26 09:15:00,70.30,0.00,,,,
08/22/26 09:20:00,70.22,0.00,,,,
08/22/26 09:25:00,70.22,0.00,,,,
08/22/26 09:30:00,70.30,0.00,,,,
08/22/26 09:35:00,70.37,0.00,,,,
08/22/26 09:40:00,70.30,0.00,,,,
08/22/26 09:45:00,70.30,0.00,,,,
08/22/26 09:50:00,70.37,0.00,,,,
08/22/26 09:55:00,70.37,0.00,,,,
08/22/26 10:00:00,70.37,0.00,,,,
08/22/26 10:05:00,70.30,0.00,,,,
08/22/26 10:10:00,70.30,0.00,,,,
08/22/26 10:15:00,70.30,0.00,,,,
08/22/26 10:20:00,70.30,0.00,,,,
08/22/26 10:25:00,70.30,0.00,,,,
08/22/26 10:30:00,70.30,0.00,,,,
08/22/26 10:35:00,70.30,0.00,,,,
08/22/26 10:40:00,70.37,0.00,,,,
08/22/26 10:45:00,70.30,0.00,,,,
08/22/26 10:50:00,70.37,0.00,,,,
08/22/26 10:55:00,70.37,0.00,,,,
08/22/26 11:00:00,70.37,0.00,,,,
08/22/26 11:05:00,70.37,0.00,,,,
08/22/26 11:10:00,70.37,0.00,,,,
08/22/26 11:15:00,70.37,0.00,,,,
08/22/26 11:20:00,70.45,0.00,,,,
08/22/26 11:25:00,70.37,0.00,,,,
08/22/26 11:30:00,70.53,0.00,,,,
08/22/26 11:35:00,70.45,0.00,,,,
08/22/26 11:40:00,70.53,0.00,,,,
08/22/26 11:45:00,70.45,0.00,,,,
08/22/26 11:50:00,70.45,0.00,,,,
08/22/26 11:55:00,70.53,0.00,,,,
08/22/26 12:00:00,70.53,0.00,,,,
08/22/26 12:05:00,70.61,0.00,,,,
08/22/26 12:10:00,70.61,0.00,,,,
08/22/26 12:15:00,70.68,0.00,,,,
08/22/26 12:20:00,70.61,0.00,,,,
08/22/26 12:25:00,70.68,0.00,,,,
08/22/26 12:30:00,70.76,0.00,,,,
08/22/26 12:35:00,70.76,0.00,,,,
08/22/26 12:40:00,70.76,0.00,,,,
08/22/26 12:45:00,70.84,0.00,,,,
08/22/26 12:50:00,70.84,0.00,,,,
08/22/26 12:55:00,70.76,0.00,,,,
08/22/26 13:00:00,70.91,0.00,,,,
08/22/26 13:05:00,70.91,0.00,,,,
08/22/26 13:10:00,70.99,0.00,,,,
08/22/26 13:15:00,70.91,0.00,,,,
08/22/26 13:20:00,70.91,0.00,,,,
08/22/26 13:25:00,71.07,0.00,,,,
08/22/26 13:30:00,70.99,0.00,,,,
08/22/26 13:35:00,71.07,0.00,,,,
08/22/26 13:40:00,71.07,0.00,,,,
08/22/26 13:45:00,71.07,0.00,,,,
08/22/26 13:50:00,71.15,0.00,,,,
08/22/26 13:55:00,71.07,0.00,,,,
08/22/26 14:00:00,71.15,0.00,,,,
08/22/26 14:05:00,71.07,0.00,,,,
08/22/26 14:10:00,71.15,0.00,,,,
08/22/26 14:15:00,71.15,0.00,,,,
08/22/26 14:20:00,71.15,0.00,,,,
08/22/26 14:25:00,71.15,0.00,,,,
08/22/26 14:30:00,71.07,0.00,,,,
08/22/26 14:35:00,71.22,0.00,,,,
08/22/26 14:40:00,71.15,0.00,,,,
08/22/26 14:45:00,71.22,0.00,,,,
08/22/26 14:50:00,71.22,0.00,,,,
08/22/26 14:55:00,71.15,0.00,,,,
08/22/26 15:00:00,71.30,0.00,,,,
08/22/26 15:05:00,71.22,0.00,,,,
08/22/26 15:10:00,71.22,0.00,,,,
08/22/26 15:15:00,71.22,0.00,,,,
08/22/26 15:20:00,71.22,0.00,,,,
08/22/26 15:25:00,71.30,0.00,,,,
08/22/26 15:30:00,71.30,0.00,,,,
08/22/26 15:35:00,71.22,0.00,,,,
08/22/26 15:40:00,71.30,0.00,,,,
08/22/26 15:45:00,71.22,0.00,,,,
08/22/26 15:50:00,71.30,0.00,,,,
08/22/26 15:55:00,71.30,0.00,,,,
08/22/26 16:00:00,71.30,0.00,,,,
08/22/26 16:05:00,71.30,0.00,,,,
08/22/26 16:10:00,71.30,0.00,,,,
08/22/26 16:15:00,71.30,0.00,,,,
08/22/26 16:20:00,71.30,0.00,,,,
08/22/26 16:25:00,71.30,0.00,,,,
08/22/26 16:30:00,71.38,0.00,,,,
08/22/26 16:35:00,71.30,0.00,,,,
08/22/26 16:40:00,71.38,0.00,,,,
08/22/26 16:45:00,71.30,0.00,,,,
08/22/26 16:50:00,71.30,0.00,,,,
08/22/26 16:55:00,71.38,0.00,,,,
08/22/26 17:00:00,71.38,0.00,,,,
08/22/26 17:05:00,71.22,0.00,,,,
08/22/26 17:10:00,71.30,0.00,,,,
08/22/26 17:15:00,71.30,0.00,,,,
08/22/26 17:20:00,71.30,0.00,,,,
08/22/26 17:25:00,71.38,0.00,,,,
08/22/26 17:30:00,71.30,0.00,,,,
08/22/26 17:35:00,71.22,0.00,,,,
08/22/26 17:40:00,71.15,0.00,,,,
08/22/26 17:45:00,71.15,0.00,,,,
08/22/26 17:50:00,71.15,0.00,,,,
08/22/26 17:55:00,71.22,0.00,,,,
08/22/26 18:00:00,71.15,0.00,,,,
08/22/26 18:05:00,71.15,0.00,,,,
08/22/26 18:10:00,71.07,0.00,,,,
08/22/26 18:15:00,71.07,0.00,,,,
08/22/26 18:20:00,71.07,0.00,,,,
08/22/26 18:25:00,71.15,0.00,,,,
08/22/26 18:30:00,71.07,0.00,,,,
08/22/26 18:35:00,71.07,0.00,,,,
08/22/26 18:40:00,71.07,0.00,,,,
08/22/26 18:45:00,71.07,0.00,,,,
08/22/26 18:50:00,71.07,0.00,,,,
08/22/26 18:55:00,71.07,0.00,,,,
08/22/26 19:00:00,70.91,0.00,,,,
08/22/26 19:05:00,70.91,0.00,,,,
08/22/26 19:10:00,70.99,0.00,,,,
08/22/26 19:15:00,70.91,0.00,,,,
08/22/26 19:20:00,70.91,0.00,,,,
08/22/26 19:25:00,70.91,0.00,,,,
08/22/26 19:30:00,70.84,0.00,,,,
08/22/26 19:35:00,70.84,0.00,,,,
08/22/26 19:40:00,70.91,0.00,,,,
08/22/26 19:45:00,70.91,0.00,,,,
08/22/26 19:50:00,70.84,0.00,,,,
08/22/26 19:55:00,70.76,0.00,,,,
08/22/26 20:00:00,70.76,0.00,,,,
08/22/26 20:05:00,70.84,0.00,,,,
08/22/26 20:10:00,70.68,0.00,,,,
08/22/26 20:15:00,70.84,0.00,,,,
08/22/26 20:20:00,70.76,0.00,,,,
08/22/26 20:25:00,70.76,0.00,,,,
08/22/26 20:30:00,70.84,0.00,,,,
08/22/26 20:35:00,70.68,0.00,,,,
08/22/26 20:40:00,70.76,0.00,,,,
08/22/26 20:45:00,70.76,0.00,,,,
08/22/26 20:50:00,70.76,0.00,,,,
08/22/26 20:55:00,70.61,0.00,,,,
08/22/26 21:00:00,70.68,0.00,,,,
08/22/26 21:05:00,70.68,0.00,,,,
08/22/26 21:10:00,70.68,0.00,,,,
08/22/26 21:15:00,70.61,0.00,,,,
08/22/26 21:20:00,70.76,0.00,,,,
08/22/26 21:25:00,70.61,0.00,,,,
08/22/26 21:30:00,70.68,0.00,,,,
08/22/26 21:35:00,70.53,0.00,,,,
08/22/26 21:40:00,70.61,0.00,,,,
08/22/26 21:45:00,70.61,0.00,,,,
08/22/26 21:50:00,70.61,0.00,,,,
08/22/26 21:55:00,70.53,0.00,,,,
08/22/26 22:00:00,70.61,0.00,,,,
08/22/26 22:05:00,70.61,0.00,,,,
08/22/26 22:10:00,70.53,0.00,,,,
08/22/26 22:15:00,70.53,0.00,,,,
08/22/26 22:20:00,70.53,0.00,,,,
08/22/26 22:25:00,70.53,0.00,,,,
08/22/26 22:30:00,70.53,0.00,,,,
08/22/26 22:35:00,70.61,0.00,,,,
08/22/26 22:40:00,70.45,0.00,,,,
08/22/26 22:45:00,70.53,0.00,,,,
08/22/26 22:50:00,70.45,0.00,,,,
08/22/26 22:55:00,70.53,0.00,,,,
08/22/26 23:00:00,70.53,0.00,,,,
08/22/26 23:05:00,70.53,0.00,,,,
08/22/26 23:10:00,70.53,0.00,,,,
08/22/26 23:15:00,70.61,0.00,,,,
08/22/26 23:20:00,70.45,0.00,,,,
08/22/26 23:25:00,70.37,0.00,,,,
08/22/26 23:30:00,70.53,0.00,,,,
08/22/26 23:35:00,70.45,0.00,,,,
08/22/26 23:40:00,70.45,0.00,,,,
08/22/26 23:45:00,70.45,0.00,,,,
08/22/26 23:50:00,70.45,0.00,,,,
08/22/26 23:55:00,70.45,0.00,,,,
08/23/26 00:00:00,70.45,0.00,,,,
08/23/26 00:05:00,70.45,0.00,,,,
08/23/26 00:10:00,70.45,0.00,,,,
08/23/26 00:15:00,70.45,0.00,,,,
08/23/26 00:20:00,70.45,0.00,,,,
08/23/26 00:25:00,70.53,0.00,,,,
08/23/26 00:30:00,70.37,0.00,,,,
08/23/26 00:35:00,70.37,0.00,,,,
08/23/26 00:40:00,70.37,0.00,,,,
08/23/26 00:45:00,70.37,0.00,,,,
08/23/26 00:50:00,70.45,0.00,,,,
08/23/26 00:55:00,70.37,0.00,,,,
08/23/26 01:00:00,70.37,0.00,,,,
08/23/26 01:05:00,70.37,0.00,,,,
08/23/26 01:10:00,70.30,0.00,,,,
08/23/26 01:15:00,70.30,0.00,,,,
08/23/26 01:20:00,70.30,0.00,,,,
08/23/26 01:25:00,70.30,0.00,,,,
08/23/26 01:30:00,70.37,0.00,,,,
08/23/26 01:35:00,70.30,0.00,,,,
08/23/26 01:40:00,70.30,0.00,,,,
08/23/26 01:45:00,70.37,0.00,,,,
08/23/26 01:50:00,70.30,0.00,,,,
08/23/26 01:55:00,70.37,0.00,,,,
08/23/26 02:00:00,70.30,0.00,,,,
08/23/26 02:05:00,70.30,0.00,,,,
08/23/26 02:10:00,70.30,0.00,,,,
08/23/26 02:15:00,70.30,0.00,,,,
08/23/26 02:20:00,70.30,0.00,,,,
08/23/26 02:25:00,70.30,0.00,,,,
08/23/26 02:30:00,70.37,0.00,,,,
08/23/26 02:35:00,70.30,0.00,,,,
08/23/26 02:40:00,70.30,0.00,,,,
08/23/26 02:45:00,70.30,0.00,,,,
08/23/26 02:50:00,70.30,0.00,,,,
08/23/26 02:55:00,70.22,0.00,,,,
08/23/26 03:00:00,70.14,0.00,,,,
08/23/26 03:05:00,70.30,0.00,,,,
08/23/26 03:10:00,70.22,0.00,,,,
08/23/26 03:15:00,70.22,0.00,,,,
08/23/26 03:20:00,70.14,0.00,,,,
08/23/26 03:25:00,70.22,0.00,,,,
08/23/26 03:30:00,70.22,0.00,,,,
08/23/26 03:35:00,70.22,0.00,,,,
08/23/26 03:40:00,70.22,0.00,,,,
08/23/26 03:45:00,70.22,0.00,,,,
08/23/26 03:50:00,70.06,0.00,,,,
08/23/26 03:55:00,70.22,0.00,,,,
08/23/26 04:00:00,70.22,0.00,,,,
08/23/26 04:05:00,70.06,0.00,,,,
08/23/26 04:10:00,70.22,0.00,,,,
08/23/26 04:15:00,70.14,0.00,,,,
08/23/26 04:20:00,70.14,0.00,,,,
08/23/26 04:25:00,70.14,0.00,,,,
08/23/26 04:30:00,70.14,0.00,,,,
08/23/26 04:35:00,70.14,0.00,,,,
08/23/26 04:40:00,70.14,0.00,,,,
08/23/26 04:45:00,70.14,0.00,,,,
08/23/26 04:50:00,70.06,0.00,,,,
08/23/26 04:55:00,70.14,0.00,,,,
08/23/26 05:00:00,70.14,0.00,,,,
08/23/26 05:05:00,70.06,0.00,,,,
08/23/26 05:10:00,70.06,0.00,,,,
08/23/26 05:15:00,69.99,0.00,,,,
08/23/26 05:20:00,70.06,0.00,,,,
08/23/26 05:25:00,70.06,0.00,,,,
08/23/26 05:30:00,70.06,0.00,,,,
08/23/26 05:35:00,70.06,0.00,,,,
08/23/26 05:40:00,70.14,0.00,,,,
08/23/26 05:45:00,69.99,0.00,,,,
08/23/26 05:50:00,69.99,0.00,,,,
08/23/26 05:55:00,70.06,0.00,,,,
08/23/26 06:00:00,70.06,0.00,,,,
08/23/26 06:05:00,69.99,0.00,,,,
08/23/26 06:10:00,69.99,0.00,,,,
08/23/26 06:15:00,70.06,0.00,,,,
08/23/26 06:20:00,70.06,0.00,,,,
08/23/26 06:25:00,69.99,0.00,,,,
08/23/26 06:30:00,70.06,0.00,,,,
08/23/26 06:35:00,69.99,0.00,,,,
08/23/26 06:40:00,70.06,0.00,,,,
08/23/26 06:45:00,69.99,0.00,,,,
08/23/26 06:50:00,69.99,0.00,,,,
08/23/26 06:55:00,69.99,0.00,,,,
08/23/26 07:00:00,69.91,0.00,,,,
08/23/26 07:05:00,69.99,0.00,,,,
08/23/26 07:10:00,70.06,0.00,,,,
08/23/26 07:15:00,69.99,0.00,,,,
08/23/26 07:20:00,70.06,0.00,,,,
08/23/26 07:25:00,69.99,0.00,,,,
08/23/26 07:30:00,69.99,0.00,,,,
08/23/26 07:35:00,69.99,0.00,,,,
08/23/26 07:40:00,69.99,0.00,,,,
08/23/26 07:45:00,69.99,0.00,,,,
08/23/26 07:50:00,70.14,0.00,,,,
08/23/26 07:55:00,70.06,0.00,,,,
08/23/26 08:00:00,70.06,0.00,,,,
08/23/26 08:05:00,70.06,0.00,,,,
08/23/26 08:10:00,70.06,0.00,,,,
08/23/26 08:15:00,70.06,0.00,,,,
08/23/26 08:20:00,70.14,0.00,,,,
08/23/26 08:25:00,70.14,0.00,,,,
08/23/26 08:30:00,70.14,0.00,,,,
08/23/26 08:35:00,70.06,0.00,,,,
08/23/26 08:40:00,70.06,0.00,,,,
08/23/26 08:45:00,70.14,0.00,,,,
08/23/26 08:50:00,70.06,0.00,,,,
08/23/26 08:55:00,70.06,0.00,,,,
08/23/26 09:00:00,70.06,0.00,,,,
08/23/26 09:05:00,70.06,0.00,,,,
08/23/26 09:10:00,70.14,0.00,,,,
08/23/26 09:15:00,70.22,0.00,,,,
08/23/26 09:20:00,70.06,0.00,,,,
08/23/26 09:25:00,70.06,0.00,,,,
08/23/26 09:30:00,70.22,0.00,,,,
08/23/26 09:35:00,70.14,0.00,,,,
08/23/26 09:40:00,70.22,0.00,,,,
08/23/26 09:45:00,70.22,0.00,,,,
08/23/26 09:50:00,70.14,0.00,,,,
08/23/26 09:55:00,70.14,0.00,,,,
08/23/26 10:00:00,70.22,0.00,,,,
08/23/26 10:05:00,70.14,0.00,,,,
08/23/26 10:10:00,70.14,0.00,,,,
08/23/26 10:15:00,70.30,0.00,,,,
08/23/26 10:20:00,70.30,0.00,,,,
08/23/26 10:25:00,70.37,0.00,,,,
08/23/26 10:30:00,70.30,0.00,,,,
08/23/26 10:35:00,70.37,0.00,,,,
08/23/26 10:40:00,70.37,0.00,,,,
08/23/26 10:45:00,70.30,0.00,,,,
08/23/26 10:50:00,70.53,0.00,,,,
08/23/26 10:55:00,70.37,0.00,,,,
08/23/26 11:00:00,70.45,0.00,,,,
08/23/26 11:05:00,70.53,0.00,,,,
08/23/26 11:10:00,70.61,0.00,,,,
08/23/26 11:15:00,70.53,0.00,,,,
08/23/26 11:20:00,70.61,0.00,,,,
08/23/26 11:25:00,70.61,0.00,,,,
08/23/26 11:30:00,70.61,0.00,,,,
08/23/26 11:35:00,70.61,0.00,,,,
08/23/26 11:40:00,70.53,0.00,,,,
08/23/26 11:45:00,70.76,0.00,,,,
08/23/26 11:50:00,70.76,0.00,,,,
08/23/26 11:55:00,70.61,0.00,,,,
08/23/26 12:00:00,70.76,0.00,,,,
08/23/26 12:05:00,70.76,0.00,,,,
08/23/26 12:10:00,70.68,0.00,,,,
08/23/26 12:15:00,70.76,0.00,,,,
08/23/26 12:20:00,70.84,0.00,,,,
08/23/26 12:25:00,70.84,0.00,,,,
08/23/26 12:30:00,70.76,0.00,,,,
08/23/26 12:35:00,70.76,0.00,,,,
08/23/26 12:40:00,70.76,0.00,,,,
08/23/26 12:45:00,70.76,0.00,,,,
08/23/26 12:50:00,70.84,0.00,,,,
08/23/26 12:55:00,70.84,0.00,,,,
08/23/26 13:00:00,70.84,0.00,,,,
08/23/26 13:05:00,70.84,0.00,,,,
08/23/26 13:10:00,70.84,0.00,,,,
08/23/26 13:15:00,70.91,0.00,,,,
08/23/26 13:20:00,70.91,0.00,,,,
08/23/26 13:25:00,70.91,0.00,,,,
08/23/26 13:30:00,70.91,0.00,,,,
08/23/26 13:35:00,70.91,0.00,,,,
08/23/26 13:40:00,70.91,0.00,,,,
08/23/26 13:45:00,70.91,0.00,,,,
08/23/26 13:50:00,70.99,0.00,,,,
08/23/26 13:55:00,70.99,0.00,,,,
08/23/26 14:00:00,70.91,0.00,,,,
08/23/26 14:05:00,70.99,0.00,,,,
08/23/26 14:10:00,70.91,0.00,,,,
08/23/26 14:15:00,70.99,0.00,,,,
08/23/26 14:20:00,70.99,0.00,,,,
08/23/26 14:25:00,70.99,0.00,,,,
08/23/26 14:30:00,71.07,0.00,,,,
08/23/26 14:35:00,70.99,0.00,,,,
08/23/26 14:40:00,70.99,0.00,,,,
08/23/26 14:45:00,71.07,0.00,,,,
08/23/26 14:50:00,71.07,0.00,,,,
08/23/26 14:55:00,71.07,0.00,,,,
08/23/26 15:00:00,71.07,0.00,,,,
08/23/26 15:05:00,71.07,0.00,,,,
08/23/26 15:10:00,71.07,0.00,,,,
08/23/26 15:15:00,71.07,0.00,,,,
08/23/26 15:20:00,71.07,0.00,,,,
08/23/26 15:25:00,71.07,0.00,,,,
08/23/26 15:30:00,71.07,0.00,,,,
08/23/26 15:35:00,71.07,0.00,,,,
08/23/26 15:40:00,71.15,0.00,,,,
08/23/26 15:45:00,71.07,0.00,,,,
08/23/26 15:50:00,71.07,0.00,,,,
08/23/26 15:55:00,71.15,0.00,,,,
08/23/26 16:00:00,71.15,0.00,,,,
08/23/26 16:05:00,71.07,0.00,,,,
08/23/26 16:10:00,71.15,0.00,,,,
08/23/26 16:15:00,71.15,0.00,,,,
08/23/26 16:20:00,71.22,0.00,,,,
08/23/26 16:25:00,71.07,0.00,,,,
08/23/26 16:30:00,71.15,0.00,,,,
08/23/26 16:35:00,71.22,0.00,,,,
08/23/26 16:40:00,71.15,0.00,,,,
08/23/26 16:45:00,71.22,0.00,,,,
08/23/26 16:50:00,71.15,0.00,,,,
08/23/26 16:55:00,71.15,0.00,,,,
08/23/26 17:00:00,71.15,0.00,,,,
08/23/26 17:05:00,71.15,0.00,,,,
08/23/26 17:10:00,71.22,0.00,,,,
08/23/26 17:15:00,71.15,0.00,,,,
08/23/26 17:20:00,71.07,0.00,,,,
08/23/26 17:25:00,71.30,0.00,,,,
08/23/26 17:30:00,71.22,0.00,,,,
08/23/26 17:35:00,71.15,0.00,,,,
08/23/26 17:40:00,71.15,0.00,,,,
08/23/26 17:45:00,71.22,0.00,,,,
08/23/26 17:50:00,71.15,0.00,,,,
08/23/26 17:55:00,71.22,0.00,,,,
08/23/26 18:00:00,71.22,0.00,,,,
08/23/26 18:05:00,71.30,0.00,,,,
08/23/26 18:10:00,71.22,0.00,,,,
08/23/26 18:15:00,71.15,0.00,,,,
08/23/26 18:20:00,71.22,0.00,,,,
08/23/26 18:25:00,71.22,0.00,,,,
08/23/26 18:30:00,71.15,0.00,,,,
08/23/26 18:35:00,71.22,0.00,,,,
08/23/26 18:40:00,71.15,0.00,,,,
08/23/26 18:45:00,71.15,0.00,,,,
08/23/26 18:50:00,71.22,0.00,,,,
08/23/26 18:55:00,71.15,0.00,,,,
08/23/26 19:00:00,71.15,0.00,,,,
08/23/26 19:05:00,71.15,0.00,,,,
08/23/26 19:10:00,71.15,0.00,,,,
08/23/26 19:15:00,71.07,0.00,,,,
08/23/26 19:20:00,71.07,0.00,,,,
08/23/26 19:25:00,71.07,0.00,,,,
08/23/26 19:30:00,71.07,0.00,,,,
08/23/26 19:35:00,71.07,0.00,,,,
08/23/26 19:40:00,70.91,0.00,,,,
08/23/26 19:45:00,70.99,0.00,,,,
08/23/26 19:50:00,70.91,0.00,,,,
08/23/26 19:55:00,70.84,0.00,,,,
08/23/26 20:00:00,70.84,0.00,,,,
08/23/26 20:05:00,70.91,0.00,,,,
08/23/26 20:10:00,70.91,0.00,,,,
08/23/26 20:15:00,70.76,0.00,,,,
08/23/26 20:20:00,70.84,0.00,,,,
08/23/26 20:25:00,70.76,0.00,,,,
08/23/26 20:30:00,70.76,0.00,,,,
08/23/26 20:35:00,70.76,0.00,,,,
08/23/26 20:40:00,70.68,0.00,,,,
08/23/26 20:45:00,70.76,0.00,,,,
08/23/26 20:50:00,70.76,0.00,,,,
08/23/26 20:55:00,70.68,0.00,,,,
08/23/26 21:00:00,70.76,0.00,,,,
08/23/26 21:05:00,70.68,0.00,,,,
08/23/26 21:10:00,70.61,0.00,,,,
08/23/26 21:15:00,70.61,0.00,,,,
08/23/26 21:20:00,70.68,0.00,,,,
08/23/26 21:25:00,70.61,0.00,,,,
08/23/26 21:30:00,70.53,0.00,,,,
08/23/26 21:35:00,70.61,0.00,,,,
08/23/26 21:40:00,70.61,0.00,,,,
08/23/26 21:45:00,70.61,0.00,,,,
08/23/26 21:50:00,70.53,0.00,,,,
08/23/26 21:55:00,70.53,0.00,,,,
08/23/26 22:00:00,70.53,0.00,,,,
08/23/26 22:05:00,70.45,0.00,,,,
08/23/26 22:10:00,70.45,0.00,,,,
08/23/26 22:15:00,70.53,0.00,,,,
08/23/26 22:20:00,70.53,0.00,,,,
08/23/26 22:25:00,70.45,0.00,,,,
08/23/26 22:30:00,70.45,0.00,,,,
08/23/26 22:35:00,70.45,0.00,,,,
08/23/26 22:40:00,70.37,0.00,,,,
08/23/26 22:45:00,70.45,0.00,,,,
08/23/26 22:50:00,70.45,0.00,,,,
08/23/26 22:55:00,70.45,0.00,,,,
08/23/26 23:00:00,70.37,0.00,,,,
08/23/26 23:05:00,70.30,0.00,,,,
08/23/26 23:10:00,70.37,0.00,,,,
08/23/26 23:15:00,70.37,0.00,,,,
08/23/26 23:20:00,70.37,0.00,,,,
08/23/26 23:25:00,70.37,0.00,,,,
08/23/26 23:30:00,70.30,0.00,,,,
08/23/26 23:35:00,70.22,0.00,,,,
08/23/26 23:40:00,70.37,0.00,,,,
08/23/26 23:45:00,70.37,0.00,,,,
08/23/26 23:50:00,70.30,0.00,,,,
08/23/26 23:55:00,70.22,0.00,,,,
08/24/26 00:00:00,70.22,0.00,,,,
08/24/26 00:05:00,70.30,0.00,,,,
08/24/26 00:10:00,70.22,0.00,,,,
08/24/26 00:15:00,70.22,0.00,,,,
08/24/26 00:20:00,70.22,0.00,,,,
08/24/26 00:25:00,70.14,0.00,,,,
08/24/26 00:30:00,70.22,0.00,,,,
08/24/26 00:35:00,70.22,0.00,,,,
08/24/26 00:40:00,70.22,0.00,,,,
08/24/26 00:45:00,70.22,0.00,,,,
08/24/26 00:50:00,70.14,0.00,,,,
08/24/26 00:55:00,70.22,0.00,,,,
08/24/26 01:00:00,70.06,0.00,,,,
08/24/26 01:05:00,70.06,0.00,,,,
08/24/26 01:10:00,70.06,0.00,,,,
08/24/26 01:15:00,70.14,0.00,,,,
08/24/26 01:20:00,70.06,0.00,,,,
08/24/26 01:25:00,70.14,0.00,,,,
08/24/26 01:30:00,70.06,0.00,,,,
08/24/26 01:35:00,70.14,0.00,,,,
08/24/26 01:40:00,70.06,0.00,,,,
08/24/26 01:45:00,70.06,0.00,,,,
08/24/26 01:50:00,69.99,0.00,,,,
08/24/26 01:55:00,69.99,0.00,,,,
08/24/26 02:00:00,69.99,0.00,,,,
08/24/26 02:05:00,70.06,0.00,,,,
08/24/26 02:10:00,69.99,0.00,,,,
08/24/26 02:15:00,69.99,0.00,,,,
08/24/26 02:20:00,69.99,0.00,,,,
08/24/26 02:25:00,69.99,0.00,,,,
08/24/26 02:30:00,70.06,0.00,,,,
08/24/26 02:35:00,69.99,0.00,,,,
08/24/26 02:40:00,69.91,0.00,,,,
08/24/26 02:45:00,69.91,0.00,,,,
08/24/26 02:50:00,69.91,0.00,,,,
08/24/26 02:55:00,69.91,0.00,,,,
08/24/26 03:00:00,69.83,0.00,,,,
08/24/26 03:05:00,69.83,0.00,,,,
08/24/26 03:10:00,69.83,0.00,,,,
08/24/26 03:15:00,69.91,0.00,,,,
08/24/26 03:20:00,69.83,0.00,,,,
08/24/26 03:25:00,69.83,0.00,,,,
08/24/26 03:30:00,69.83,0.00,,,,
08/24/26 03:35:00,69.76,0.00,,,,
08/24/26 03:40:00,69.83,0.00,,,,
08/24/26 03:45:00,69.83,0.00,,,,
08/24/26 03:50:00,69.76,0.00,,,,
08/24/26 03:55:00,69.76,0.00,,,,
08/24/26 04:00:00,69.76,0.00,,,,
08/24/26 04:05:00,69.76,0.00,,,,
08/24/26 04:10:00,69.76,0.00,,,,
08/24/26 04:15:00,69.76,0.00,,,,
08/24/26 04:20:00,69.76,0.00,,,,
08/24/26 04:25:00,69.76,0.00,,,,
08/24/26 04:30:00,69.76,0.00,,,,
08/24/26 04:35:00,69.68,0.00,,,,
08/24/26 04:40:00,69.76,0.00,,,,
08/24/26 04:45:00,69.76,0.00,,,,
08/24/26 04:50:00,69.68,0.00,,,,
08/24/26 04:55:00,69.76,0.00,,,,
08/24/26 05:00:00,69.68,0.00,,,,
08/24/26 05:05:00,69.76,0.00,,,,
08/24/26 05:10:00,69.68,0.00,,,,
08/24/26 05:15:00,69.68,0.00,,,,
08/24/26 05:20:00,69.60,0.00,,,,
08/24/26 05:25:00,69.68,0.00,,,,
08/24/26 05:30:00,69.68,0.00,,,,
08/24/26 05:35:00,69.60,0.00,,,,
08/24/26 05:40:00,69.68,0.00,,,,
08/24/26 05:45:00,69.68,0.00,,,,
08/24/26 05:50:00,69.60,0.00,,,,
08/24/26 05:55:00,69.60,0.00,,,,
08/24/26 06:00:00,69.68,0.00,,,,
08/24/26 06:05:00,69.60,0.00,,,,
08/24/26 06:10:00,69.68,0.00,,,,
08/24/26 06:15:00,69.60,0.00,,,,
08/24/26 06:20:00,69.60,0.00,,,,
08/24/26 06:25:00,69.60,0.00,,,,
08/24/26 06:30:00,69.60,0.00,,,,
08/24/26 06:35:00,69.52,0.00,,,,
08/24/26 06:40:00,69.52,0.00,,,,
08/24/26 06:45:00,69.60,0.00,,,,
08/24/26 06:50:00,69.60,0.00,,,,
08/24/26 06:55:00,69.60,0.00,,,,
08/24/26 07:00:00,69.60,0.00,,,,
08/24/26 07:05:00,69.52,0.00,,,,
08/24/26 07:10:00,69.60,0.00,,,,
08/24/26 07:15:00,69.60,0.00,,,,
08/24/26 07:20:00,69.60,0.00,,,,
08/24/26 07:25:00,69.45,0.00,,,,
08/24/26 07:30:00,69.52,0.00,,,,
08/24/26 07:35:00,69.60,0.00,,,,
08/24/26 07:40:00,69.52,0.00,,,,
08/24/26 07:45:00,69.52,0.00,,,,
08/24/26 07:50:00,69.52,0.00,,,,
08/24/26 07:55:00,69.60,0.00,,,,
08/24/26 08:00:00,69.60,0.00,,,,
08/24/26 08:05:00,69.60,0.00,,,,
08/24/26 08:10:00,69.60,0.00,,,,
08/24/26 08:15:00,69.68,0.00,,,,
08/24/26 08:20:00,69.76,0.00,,,,
08/24/26 08:25:00,69.76,0.00,,,,
08/24/26 08:30:00,69.83,0.00,,,,
08/24/26 08:35:00,69.91,0.00,,,,
08/24/26 08:40:00,69.99,0.00,,,,
08/24/26 08:45:00,69.99,0.00,,,,
08/24/26 08:50:00,70.14,0.00,,,,
08/24/26 08:55:00,70.06,0.00,,,,
08/24/26 09:00:00,70.22,0.00,,,,
08/24/26 09:05:00,70.22,0.00,,,,
08/24/26 09:10:00,70.14,0.00,,,,
08/24/26 09:15:00,70.22,0.00,,,,
08/24/26 09:20:00,70.30,0.00,,,,
08/24/26 09:25:00,70.37,0.00,,,,
08/24/26 09:30:00,70.30,0.00,,,,
08/24/26 09:35:00,70.45,0.00,,,,
08/24/26 09:40:00,70.37,0.00,,,,
08/24/26 09:45:00,70.45,0.00,,,,
08/24/26 09:50:00,70.53,0.00,,,,
08/24/26 09:55:00,70.61,0.00,,,,
08/24/26 10:00:00,70.61,0.00,,,,
08/24/26 10:05:00,70.53,0.00,,,,
08/24/26 10:10:00,70.53,0.00,,,,
08/24/26 10:15:00,70.68,0.00,,,,
08/24/26 10:20:00,70.53,0.00,,,,
08/24/26 10:25:00,70.68,0.00,,,,
08/24/26 10:30:00,70.68,0.00,,,,
08/24/26 10:35:00,70.61,0.00,,,,
08/24/26 10:40:00,70.68,0.00,,,,
08/24/26 10:45:00,70.68,0.00,,,,
08/24/26 10:50:00,70.68,0.00,,,,
08/24/26 10:55:00,70.68,0.00,,,,
08/24/26 11:00:00,70.76,0.00,,,,
08/24/26 11:05:00,70.76,0.00,,,,
08/24/26 11:10:00,70.76,0.00,,,,
08/24/26 11:15:00,70.68,0.00,,,,
08/24/26 11:20:00,70.68,0.00,,,,
08/24/26 11:25:00,70.68,0.00,,,,
08/24/26 11:30:00,70.68,0.00,,,,
08/24/26 11:35:00,70.61,0.00,,,,
08/24/26 11:40:00,70.68,0.00,,,,
08/24/26 11:45:00,70.68,0.00,,,,
08/24/26 11:50:00,70.68,0.00,,,,
08/24/26 11:55:00,70.76,0.00,,,,
08/24/26 12:00:00,70.76,0.00,,,,
08/24/26 12:05:00,70.91,0.00,,,,
08/24/26 12:10:00,70.91,0.00,,,,
08/24/26 12:15:00,70.91,0.00,,,,
08/24/26 12:20:00,70.91,0.00,,,,
08/24/26 12:25:00,71.15,0.00,,,,
08/24/26 12:30:00,71.07,0.00,,,,
08/24/26 12:35:00,71.15,0.00,,,,
08/24/26 12:40:00,71.15,0.00,,,,
08/24/26 12:45:00,71.15,0.00,,,,
08/24/26 12:50:00,71.15,0.00,,,,
08/24/26 12:55:00,71.15,0.00,,,,
08/24/26 13:00:00,71.22,0.00,,,,
08/24/26 13:05:00,71.22,0.00,,,,
08/24/26 13:10:00,71.15,0.00,,,,
08/24/26 13:15:00,71.15,0.00,,,,
08/24/26 13:20:00,71.30,0.00,,,,
08/24/26 13:25:00,71.15,0.00,,,,
08/24/26 13:30:00,71.15,0.00,,,,
08/24/26 13:35:00,71.22,0.00,,,,
08/24/26 13:40:00,71.15,0.00,,,,
08/24/26 13:45:00,71.22,0.00,,,,
08/24/26 13:50:00,71.15,0.00,,,,
08/24/26 13:55:00,71.15,0.00,,,,
08/24/26 14:00:00,71.15,0.00,,,,
08/24/26 14:05:00,71.22,0.00,,,,
08/24/26 14:10:00,71.22,0.00,,,,
08/24/26 14:15:00,71.15,0.00,,,,
08/24/26 14:20:00,71.15,0.00,,,,
08/24/26 14:25:00,71.15,0.00,,,,
08/24/26 14:30:00,71.22,0.00,,,,
08/24/26 14:35:00,71.15,0.00,,,,
08/24/26 14:40:00,71.22,0.00,,,,
08/24/26 14:45:00,71.15,0.00,,,,
08/24/26 14:50:00,71.15,0.00,,,,
08/24/26 14:55:00,71.30,0.00,,,,
08/24/26 15:00:00,71.22,0.00,,,,
08/24/26 15:05:00,71.22,0.00,,,,
08/24/26 15:10:00,71.22,0.00,,,,
08/24/26 15:15:00,71.22,0.00,,,,
08/24/26 15:20:00,71.22,0.00,,,,
08/24/26 15:25:00,71.22,0.00,,,,
08/24/26 15:30:00,71.22,0.00,,,,
08/24/26 15:35:00,71.22,0.00,,,,
08/24/26 15:40:00,71.22,0.00,,,,
08/24/26 15:45:00,71.30,0.00,,,,
08/24/26 15:50:00,71.22,0.00,,,,
08/24/26 15:55:00,71.22,0.00,,,,
08/24/26 16:00:00,71.15,0.00,,,,
08/24/26 16:05:00,71.07,0.00,,,,
08/24/26 16:10:00,71.07,0.00,,,,
08/24/26 16:15:00,71.07,0.00,,,,
08/24/26 16:20:00,71.07,0.00,,,,
08/24/26 16:25:00,71.07,0.00,,,,
08/24/26 16:30:00,70.99,0.00,,,,
08/24/26 16:35:00,70.99,0.00,,,,
08/24/26 16:40:00,70.99,0.00,,,,
08/24/26 16:45:00,70.84,0.00,,,,
08/24/26 16:50:00,70.84,0.00,,,,
08/24/26 16:55:00,70.84,0.00,,,,
08/24/26 17:00:00,70.84,0.00,,,,
08/24/26 17:05:00,70.84,0.00,,,,
08/24/26 17:10:00,70.91,0.00,,,,
08/24/26 17:15:00,70.84,0.00,,,,
08/24/26 17:20:00,70.76,0.00,,,,
08/24/26 17:25:00,70.84,0.00,,,,
08/24/26 17:30:00,70.76,0.00,,,,
08/24/26 17:35:00,70.76,0.00,,,,
08/24/26 17:40:00,70.84,0.00,,,,
08/24/26 17:45:00,70.76,0.00,,,,
08/24/26 17:50:00,70.76,0.00,,,,
08/24/26 17:55:00,70.76,0.00,,,,
08/24/26 18:00:00,70.84,0.00,,,,
08/24/26 18:05:00,70.76,0.00,,,,
08/24/26 18:10:00,70.76,0.00,,,,
08/24/26 18:15:00,70.68,0.00,,,,
08/24/26 18:20:00,70.76,0.00,,,,
08/24/26 18:25:00,70.68,0.00,,,,
08/24/26 18:30:00,70.76,0.00,,,,
08/24/26 18:35:00,70.68,0.00,,,,
08/24/26 18:40:00,70.68,0.00,,,,
08/24/26 18:45:00,70.68,0.00,,,,
08/24/26 18:50:00,70.76,0.00,,,,
08/24/26 18:55:00,70.76,0.00,,,,
08/24/26 19:00:00,70.76,0.00,,,,
08/24/26 19:05:00,70.68,0.00,,,,
08/24/26 19:10:00,70.68,0.00,,,,
08/24/26 19:15:00,70.61,0.00,,,,
08/24/26 19:20:00,70.68,0.00,,,,
08/24/26 19:25:00,70.68,0.00,,,,
08/24/26 19:30:00,70.76,0.00,,,,
08/24/26 19:35:00,70.76,0.00,,,,
08/24/26 19:40:00,70.76,0.00,,,,
08/24/26 19:45:00,70.76,0.00,,,,
08/24/26 19:50:00,70.76,0.00,,,,
08/24/26 19:55:00,70.76,0.00,,,,
08/24/26 20:00:00,70.68,0.00,,,,
08/24/26 20:05:00,70.68,0.00,,,,
08/24/26 20:10:00,70.68,0.00,,,,
08/24/26 20:15:00,70.68,0.00,,,,
08/24/26 20:20:00,70.68,0.00,,,,
08/24/26 20:25:00,70.68,0.00,,,,
08/24/26 20:30:00,70.76,0.00,,,,
08/24/26 20:35:00,70.68,0.00,,,,
08/24/26 20:40:00,70.68,0.00,,,,
08/24/26 20:45:00,70.68,0.00,,,,
08/24/26 20:50:00,70.68,0.00,,,,
08/24/26 20:55:00,70.68,0.00,,,,
08/24/26 21:00:00,70.68,0.00,,,,
08/24/26 21:05:00,70.68,0.00,,,,
08/24/26 21:10:00,70.68,0.00,,,,
08/24/26 21:15:00,70.68,0.00,,,,
08/24/26 21:20:00,70.76,0.00,,,,
08/24/26 21:25:00,70.68,0.00,,,,
08/24/26 21:30:00,70.68,0.00,,,,
08/24/26 21:35:00,70.76,0.00,,,,
08/24/26 21:40:00,70.76,0.00,,,,
08/24/26 21:45:00,70.76,0.00,,,,
08/24/26 21:50:00,70.76,0.00,,,,
08/24/26 21:55:00,70.68,0.00,,,,
08/24/26 22:00:00,70.68,0.00,,,,
08/24/26 22:05:00,70.68,0.00,,,,
08/24/26 22:10:00,70.68,0.00,,,,
08/24/26 22:15:00,70.76,0.00,,,,
08/24/26 22:20:00,70.76,0.00,,,,
08/24/26 22:25:00,70.68,0.00,,,,
08/24/26 22:30:00,70.68,0.00,,,,
08/24/26 22:35:00,70.68,0.00,,,,
08/24/26 22:40:00,70.68,0.00,,,,
08/24/26 22:45:00,70.76,0.00,,,,
08/24/26 22:50:00,70.68,0.00,,,,
08/24/26 22:55:00,70.68,0.00,,,,
08/24/26 23:00:00,70.68,0.00,,,,
08/24/26 23:05:00,70.76,0.00,,,,
08/24/26 23:10:00,70.68,0.00,,,,
08/24/26 23:15:00,70.68,0.00,,,,
08/24/26 23:20:00,70.68,0.00,,,,
08/24/26 23:25:00,70.68,0.00,,,,
08/24/26 23:30:00,70.68,0.00,,,,
08/24/26 23:35:00,70.61,0.00,,,,
08/24/26 23:40:00,70.68,0.00,,,,
08/24/26 23:45:00,70.68,0.00,,,,
08/24/26 23:50:00,70.68,0.00,,,,
08/24/26 23:55:00,70.68,0.00,,,,
08/25/26 00:00:00,70.68,0.00,,,,
08/25/26 00:05:00,70.68,0.00,,,,
08/25/26 00:10:00,70.76,0.00,,,,
08/25/26 00:15:00,70.76,0.00,,,,
08/25/26 00:20:00,70.68,0.00,,,,
08/25/26 00:25:00,70.76,0.00,,,,
08/25/26 00:30:00,70.68,0.00,,,,
08/25/26 00:35:00,70.76,0.00,,,,
08/25/26 00:40:00,70.61,0.00,,,,
08/25/26 00:45:00,70.68,0.00,,,,
08/25/26 00:50:00,70.76,0.00,,,,
08/25/26 00:55:00,70.68,0.00,,,,
08/25/26 01:00:00,70.76,0.00,,,,
08/25/26 01:05:00,70.68,0.00,,,,
08/25/26 01:10:00,70.68,0.00,,,,
08/25/26 01:15:00,70.68,0.00,,,,
08/25/26 01:20:00,70.61,0.00,,,,
08/25/26 01:25:00,70.68,0.00,,,,
08/25/26 01:30:00,70.68,0.00,,,,
08/25/26 01:35:00,70.68,0.00,,,,
08/25/26 01:40:00,70.68,0.00,,,,
08/25/26 01:45:00,70.68,0.00,,,,
08/25/26 01:50:00,70.76,0.00,,,,
08/25/26 01:55:00,70.68,0.00,,,,
08/25/26 02:00:00,70.68,0.00,,,,
08/25/26 02:05:00,70.68,0.00,,,,
08/25/26 02:10:00,70.68,0.00,,,,
08/25/26 02:15:00,70.61,0.00,,,,
08/25/26 02:20:00,70.68,0.00,,,,
08/25/26 02:25:00,70.68,0.00,,,,
08/25/26 02:30:00,70.61,0.00,,,,
08/25/26 02:35:00,70.68,0.00,,,,
08/25/26 02:40:00,70.68,0.00,,,,
08/25/26 02:45:00,70.68,0.00,,,,
08/25/26 02:50:00,70.68,0.00,,,,
08/25/26 02:55:00,70.68,0.00,,,,
08/25/26 03:00:00,70.68,0.00,,,,
08/25/26 03:05:00,70.68,0.00,,,,
08/25/26 03:10:00,70.68,0.00,,,,
08/25/26 03:15:00,70.68,0.00,,,,
08/25/26 03:20:00,70.76,0.00,,,,
08/25/26 03:25:00,70.76,0.00,,,,
08/25/26 03:30:00,70.76,0.00,,,,
08/25/26 03:35:00,70.76,0.00,,,,
08/25/26 03:40:00,70.68,0.00,,,,
08/25/26 03:45:00,70.68,0.00,,,,
08/25/26 03:50:00,70.68,0.00,,,,
08/25/26 03:55:00,70.68,0.00,,,,
08/25/26 04:00:00,70.61,0.00,,,,
08/25/26 04:05:00,70.61,0.00,,,,
08/25/26 04:10:00,70.68,0.00,,,,
08/25/26 04:15:00,70.61,0.00,,,,
08/25/26 04:20:00,70.68,0.00,,,,
08/25/26 04:25:00,70.68,0.00,,,,
08/25/26 04:30:00,70.61,0.00,,,,
08/25/26 04:35:00,70.68,0.00,,,,
08/25/26 04:40:00,70.68,0.00,,,,
08/25/26 04:45:00,70.68,0.00,,,,
08/25/26 04:50:00,70.68,0.00,,,,
08/25/26 04:55:00,70.61,0.00,,,,
08/25/26 05:00:00,70.61,0.00,,,,
08/25/26 05:05:00,70.61,0.00,,,,
08/25/26 05:10:00,70.61,0.00,,,,
08/25/26 05:15:00,70.68,0.00,,,,
08/25/26 05:20:00,70.68,0.00,,,,
08/25/26 05:25:00,70.61,0.00,,,,
08/25/26 05:30:00,70.61,0.00,,,,
08/25/26 05:35:00,70.61,0.00,,,,
08/25/26 05:40:00,70.61,0.00,,,,
08/25/26 05:45:00,70.68,0.00,,,,
08/25/26 05:50:00,70.61,0.00,,,,
08/25/26 05:55:00,70.61,0.00,,,,
08/25/26 06:00:00,70.61,0.00,,,,
08/25/26 06:05:00,70.61,0.00,,,,
08/25/26 06:10:00,70.61,0.00,,,,
08/25/26 06:15:00,70.53,0.00,,,,
08/25/26 06:20:00,70.61,0.00,,,,
08/25/26 06:25:00,70.61,0.00,,,,
08/25/26 06:30:00,70.61,0.00,,,,
08/25/26 06:35:00,70.53,0.00,,,,
08/25/26 06:40:00,70.61,0.00,,,,
08/25/26 06:45:00,70.53,0.00,,,,
08/25/26 06:50:00,70.53,0.00,,,,
08/25/26 06:55:00,70.53,0.00,,,,
08/25/26 07:00:00,70.61,0.00,,,,
08/25/26 07:05:00,70.61,0.00,,,,
08/25/26 07:10:00,70.53,0.00,,,,
08/25/26 07:15:00,70.68,0.00,,,,
08/25/26 07:20:00,70.61,0.00,,,,
08/25/26 07:25:00,70.68,0.00,,,,
08/25/26 07:30:00,70.68,0.00,,,,
08/25/26 07:35:00,70.61,0.00,,,,
08/25/26 07:40:00,70.61,0.00,,,,
08/25/26 07:45:00,70.68,0.00,,,,
08/25/26 07:50:00,70.61,0.00,,,,
08/25/26 07:55:00,70.76,0.00,,,,
08/25/26 08:00:00,70.68,0.00,,,,
08/25/26 08:05:00,70.68,0.00,,,,
08/25/26 08:10:00,70.68,0.00,,,,
08/25/26 08:15:00,70.61,0.00,,,,
08/25/26 08:20:00,70.68,0.00,,,,
08/25/26 08:25:00,70.68,0.00,,,,
08/25/26 08:30:00,70.76,0.00,,,,
08/25/26 08:35:00,70.76,0.00,,,,
08/25/26 08:40:00,70.76,0.00,,,,
08/25/26 08:45:00,70.84,0.00,,,,
08/25/26 08:50:00,70.91,0.00,,,,
08/25/26 08:55:00,70.91,0.00,,,,
08/25/26 09:00:00,71.07,0.00,,,,
08/25/26 09:05:00,70.99,0.00,,,,
08/25/26 09:10:00,71.15,0.00,,,,
08/25/26 09:15:00,71.07,0.00,,,,
08/25/26 09:20:00,71.07,0.00,,,,
08/25/26 09:25:00,71.07,0.00,,,,
08/25/26 09:30:00,71.07,0.00,,,,
08/25/26 09:35:00,71.22,0.00,,,,
08/25/26 09:40:00,71.22,0.00,,,,
08/25/26 09:45:00,71.15,0.00,,,,
08/25/26 09:50:00,71.22,0.00,,,,
08/25/26 09:55:00,71.22,0.00,,,,
08/25/26 10:00:00,71.30,0.00,,,,
08/25/26 10:05:00,71.38,0.00,,,,
08/25/26 10:10:00,71.38,0.00,,,,
08/25/26 10:15:00,71.38,0.00,,,,
08/25/26 10:20:00,71.45,0.00,,,,
08/25/26 10:25:00,71.38,0.00,,,,
08/25/26 10:30:00,71.45,0.00,,,,
08/25/26 10:35:00,71.45,0.00,,,,
08/25/26 10:40:00,71.45,0.00,,,,
08/25/26 10:45:00,71.38,0.00,,,,
08/25/26 10:50:00,71.61,0.00,,,,
08/25/26 10:55:00,71.53,0.00,,,,
08/25/26 11:00:00,71.53,0.00,,,,
08/25/26 11:05:00,71.53,0.00,,,,
08/25/26 11:10:00,71.53,0.00,,,,
08/25/26 11:15:00,71.61,0.00,,,,
08/25/26 11:20:00,71.53,0.00,,,,
08/25/26 11:25:00,71.61,0.00,,,,
08/25/26 11:30:00,71.61,0.00,,,,
08/25/26 11:35:00,71.61,0.00,,,,
08/25/26 11:40:00,71.69,0.00,,,,
08/25/26 11:45:00,71.76,0.00,,,,
08/25/26 11:50:00,71.76,0.00,,,,
08/25/26 11:55:00,71.69,0.00,,,,
08/25/26 12:00:00,71.84,0.00,,,,
08/25/26 12:05:00,71.92,0.00,,,,
08/25/26 12:10:00,71.84,0.00,,,,
08/25/26 12:15:00,71.92,0.00,,,,
08/25/26 12:20:00,72.00,0.00,,,,
08/25/26 12:25:00,71.92,0.00,,,,
08/25/26 12:30:00,72.00,0.00,,,,
08/25/26 12:35:00,72.00,0.00,,,,
08/25/26 12:40:00,72.15,0.00,,,,
08/25/26 12:45:00,72.07,0.00,,,,
08/25/26 12:50:00,72.15,0.02,,,,
08/25/26 12:55:00,72.23,0.02,,,,
08/25/26 13:00:00,72.23,0.00,,,,
08/25/26 13:05:00,72.30,0.02,,,,
08/25/26 13:10:00,72.30,0.00,,,,
08/25/26 13:15:00,72.38,0.00,,,,
08/25/26 13:20:00,72.38,0.00,,,,
08/25/26 13:25:00,72.30,0.00,,,,
08/25/26 13:30:00,72.38,0.00,,,,
08/25/26 13:35:00,72.38,0.00,,,,
08/25/26 13:40:00,72.38,0.00,,,,
08/25/26 13:45:00,72.46,0.00,,,,
08/25/26 13:50:00,72.46,0.00,,,,
08/25/26 13:55:00,72.38,0.00,,,,
08/25/26 14:00:00,72.46,0.00,,,,
08/25/26 14:05:00,72.46,0.00,,,,
08/25/26 14:10:00,72.46,0.00,,,,
08/25/26 14:15:00,72.46,0.00,,,,
08/25/26 14:20:00,72.46,0.00,,,,
08/25/26 14:25:00,72.54,0.00,,,,
08/25/26 14:30:00,72.54,0.00,,,,
08/25/26 14:35:00,72.46,0.00,,,,
08/25/26 14:40:00,72.54,0.00,,,,
08/25/26 14:45:00,72.46,0.00,,,,
08/25/26 14:50:00,72.54,0.00,,,,
08/25/26 14:55:00,72.54,0.00,,,,
08/25/26 15:00:00,72.46,0.00,,,,
08/25/26 15:05:00,72.54,0.00,,,,
08/25/26 15:10:00,72.54,0.00,,,,
08/25/26 15:15:00,72.54,0.00,,,,
08/25/26 15:20:00,72.54,0.00,,,,
08/25/26 15:25:00,72.46,0.00,,,,
08/25/26 15:30:00,72.46,0.00,,,,
08/25/26 15:35:00,72.46,0.00,,,,
08/25/26 15:40:00,72.46,0.00,,,,
08/25/26 15:45:00,72.38,0.00,,,,
08/25/26 15:50:00,72.30,0.00,,,,
08/25/26 15:55:00,72.23,0.00,,,,
08/25/26 16:00:00,72.30,0.00,,,,
08/25/26 16:05:00,72.30,0.00,,,,
08/25/26 16:10:00,72.15,0.00,,,,
08/25/26 16:15:00,72.23,0.00,,,,
08/25/26 16:20:00,72.23,0.00,,,,
08/25/26 16:25:00,72.15,0.00,,,,
08/25/26 16:30:00,72.15,0.00,,,,
08/25/26 16:35:00,72.15,0.00,,,,
08/25/26 16:40:00,72.15,0.00,,,,
08/25/26 16:45:00,72.07,0.00,,,,
08/25/26 16:50:00,72.07,0.00,,,,
08/25/26 16:55:00,72.07,0.00,,,,
08/25/26 17:00:00,72.07,0.00,,,,
08/25/26 17:05:00,72.07,0.00,,,,
08/25/26 17:10:00,71.92,0.00,,,,
08/25/26 17:15:00,72.00,0.00,,,,
08/25/26 17:20:00,72.00,0.00,,,,
08/25/26 17:25:00,71.92,0.00,,,,
08/25/26 17:30:00,72.07,0.00,,,,
08/25/26 17:35:00,71.92,0.00,,,,
08/25/26 17:40:00,71.84,0.00,,,,
08/25/26 17:45:00,71.84,0.00,,,,
08/25/26 17:50:00,71.92,0.00,,,,
08/25/26 17:55:00,71.84,0.00,,,,
08/25/26 18:00:00,71.92,0.00,,,,
08/25/26 18:05:00,71.92,0.00,,,,
08/25/26 18:10:00,71.92,0.00,,,,
08/25/26 18:15:00,71.84,0.00,,,,
08/25/26 18:20:00,71.76,0.00,,,,
08/25/26 18:25:00,71.84,0.00,,,,
08/25/26 18:30:00,71.84,0.00,,,,
08/25/26 18:35:00,71.76,0.00,,,,
08/25/26 18:40:00,71.76,0.00,,,,
08/25/26 18:45:00,71.76,0.00,,,,
08/25/26 18:50:00,71.69,0.00,,,,
08/25/26 18:55:00,71.76,0.00,,,,
08/25/26 19:00:00,71.76,0.00,,,,
08/25/26 19:05:00,71.69,0.00,,,,
08/25/26 19:10:00,71.69,0.00,,,,
08/25/26 19:15:00,71.69,0.00,,,,
08/25/26 19:20:00,71.69,0.00,,,,
08/25/26 19:25:00,71.69,0.00,,,,
08/25/26 19:30:00,71.69,0.00,,,,
08/25/26 19:35:00,71.61,0.00,,,,
08/25/26 19:40:00,71.61,0.00,,,,
08/25/26 19:45:00,71.69,0.00,,,,
08/25/26 19:50:00,71.53,0.00,,,,
08/25/26 19:55:00,71.61,0.00,,,,
08/25/26 20:00:00,71.53,0.00,,,,
08/25/26 20:05:00,71.53,0.00,,,,
08/25/26 20:10:00,71.53,0.00,,,,
08/25/26 20:15:00,71.53,0.00,,,,
08/25/26 20:20:00,71.61,0.00,,,,
08/25/26 20:25:00,71.53,0.00,,,,
08/25/26 20:30:00,71.53,0.00,,,,
08/25/26 20:35:00,71.53,0.00,,,,
08/25/26 20:40:00,71.53,0.00,,,,
08/25/26 20:45:00,71.45,0.00,,,,
08/25/26 20:50:00,71.45,0.00,,,,
08/25/26 20:55:00,71.53,0.00,,,,
08/25/26 21:00:00,71.45,0.00,,,,
08/25/26 21:05:00,71.38,0.00,,,,
08/25/26 21:10:00,71.38,0.00,,,,
08/25/26 21:15:00,71.45,0.00,,,,
08/25/26 21:20:00,71.45,0.00,,,,
08/25/26 21:25:00,71.38,0.00,,,,
08/25/26 21:30:00,71.30,0.00,,,,
08/25/26 21:35:00,71.30,0.00,,,,
08/25/26 21:40:00,71.30,0.00,,,,
08/25/26 21:45:00,71.38,0.00,,,,
08/25/26 21:50:00,71.22,0.00,,,,
08/25/26 21:55:00,71.38,0.00,,,,
08/25/26 22:00:00,71.22,0.00,,,,
08/25/26 22:05:00,71.22,0.00,,,,
08/25/26 22:10:00,71.30,0.00,,,,
08/25/26 22:15:00,71.30,0.00,,,,
08/25/26 22:20:00,71.30,0.00,,,,
08/25/26 22:25:00,71.22,0.00,,,,
08/25/26 22:30:00,71.30,0.00,,,,
08/25/26 22:35:00,71.22,0.00,,,,
08/25/26 22:40:00,71.22,0.00,,,,
08/25/26 22:45:00,71.22,0.00,,,,
08/25/26 22:50:00,71.22,0.00,,,,
08/25/26 22:55:00,71.15,0.00,,,,
08/25/26 23:00:00,71.15,0.00,,,,
08/25/26 23:05:00,71.15,0.00,,,,
08/25/26 23:10:00,71.07,0.00,,,,
08/25/26 23:15:00,71.15,0.00,,,,
08/25/26 23:20:00,71.15,0.00,,,,
08/25/26 23:25:00,71.07,0.00,,,,
08/25/26 23:30:00,71.07,0.00,,,,
08/25/26 23:35:00,71.07,0.00,,,,
08/25/26 23:40:00,71.15,0.00,,,,
08/25/26 23:45:00,71.07,0.00,,,,
08/25/26 23:50:00,71.07,0.00,,,,
08/25/26 23:55:00,71.07,0.00,,,,
08/26/26 00:00:00,71.07,0.00,,,,
08/26/26 00:05:00,71.07,0.00,,,,
08/26/26 00:10:00,71.07,0.00,,,,
08/26/26 00:15:00,71.07,0.00,,,,
08/26/26 00:20:00,71.07,0.00,,,,
08/26/26 00:25:00,71.07,0.00,,,,
08/26/26 00:30:00,70.99,0.00,,,,
08/26/26 00:35:00,71.07,0.00,,,,
08/26/26 00:40:00,71.07,0.00,,,,
08/26/26 00:45:00,70.99,0.00,,,,
08/26/26 00:50:00,71.07,0.00,,,,
08/26/26 00:55:00,70.99,0.00,,,,
08/26/26 01:00:00,71.07,0.00,,,,
08/26/26 01:05:00,70.99,0.00,,,,
08/26/26 01:10:00,70.99,0.00,,,,
08/26/26 01:15:00,70.99,0.00,,,,
08/26/26 01:20:00,70.99,0.00,,,,
08/26/26 01:25:00,70.84,0.00,,,,
08/26/26 01:30:00,70.91,0.00,,,,
08/26/26 01:35:00,70.91,0.00,,,,
08/26/26 01:40:00,70.99,0.00,,,,
08/26/26 01:45:00,70.91,0.00,,,,
08/26/26 01:50:00,70.84,0.00,,,,
08/26/26 01:55:00,70.84,0.00,,,,
08/26/26 02:00:00,70.99,0.00,,,,
08/26/26 02:05:00,70.91,0.00,,,,
08/26/26 02:10:00,70.99,0.00,,,,
08/26/26 02:15:00,70.84,0.00,,,,
08/26/26 02:20:00,70.84,0.00,,,,
08/26/26 02:25:00,70.84,0.00,,,,
08/26/26 02:30:00,70.84,0.00,,,,
08/26/26 02:35:00,70.84,0.00,,,,
08/26/26 02:40:00,70.84,0.00,,,,
08/26/26 02:45:00,70.76,0.00,,,,
08/26/26 02:50:00,70.84,0.00,,,,
08/26/26 02:55:00,70.84,0.00,,,,
08/26/26 03:00:00,70.84,0.00,,,,
08/26/26 03:05:00,70.76,0.00,,,,
08/26/26 03:10:00,70.84,0.00,,,,
08/26/26 03:15:00,70.76,0.00,,,,
08/26/26 03:20:00,70.76,0.00,,,,
08/26/26 03:25:00,70.76,0.00,,,,
08/26/26 03:30:00,70.76,0.00,,,,
08/26/26 03:35:00,70.84,0.00,,,,
08/26/26 03:40:00,70.76,0.00,,,,
08/26/26 03:45:00,70.84,0.00,,,,
08/26/26 03:50:00,70.76,0.00,,,,
08/26/26 03:55:00,70.76,0.00,,,,
08/26/26 04:00:00,70.76,0.00,,,,
08/26/26 04:05:00,70.68,0.00,,,,
08/26/26 04:10:00,70.68,0.00,,,,
08/26/26 04:15:00,70.68,0.00,,,,
08/26/26 04:20:00,70.76,0.00,,,,
08/26/26 04:25:00,70.68,0.00,,,,
08/26/26 04:30:00,70.76,0.00,,,,
08/26/26 04:35:00,70.61,0.00,,,,
08/26/26 04:40:00,70.76,0.00,,,,
08/26/26 04:45:00,70.68,0.00,,,,
08/26/26 04:50:00,70.68,0.00,,,,
08/26/26 04:55:00,70.61,0.00,,,,
08/26/26 05:00:00,70.76,0.00,,,,
08/26/26 05:05:00,70.61,0.00,,,,
08/26/26 05:10:00,70.61,0.00,,,,
08/26/26 05:15:00,70.68,0.00,,,,
08/26/26 05:20:00,70.68,0.00,,,,
08/26/26 05:25:00,70.61,0.00,,,,
08/26/26 05:30:00,70.45,0.00,,,,
08/26/26 05:35:00,70.68,0.00,,,,
08/26/26 05:40:00,70.68,0.00,,,,
08/26/26 05:45:00,70.61,0.00,,,,
08/26/26 05:50:00,70.61,0.00,,,,
08/26/26 05:55:00,70.61,0.00,,,,
08/26/26 06:00:00,70.61,0.00,,,,
08/26/26 06:05:00,70.61,0.00,,,,
08/26/26 06:10:00,70.53,0.00,,,,
08/26/26 06:15:00,70.61,0.00,,,,
08/26/26 06:20:00,70.68,0.00,,,,
08/26/26 06:25:00,70.61,0.00,,,,
08/26/26 06:30:00,70.61,0.00,,,,
08/26/26 06:35:00,70.61,0.00,,,,
08/26/26 06:40:00,70.61,0.00,,,,
08/26/26 06:45:00,70.53,0.00,,,,
08/26/26 06:50:00,70.61,0.00,,,,
08/26/26 06:55:00,70.53,0.00,,,,
08/26/26 07:00:00,70.61,0.00,,,,
08/26/26 07:05:00,70.61,0.00,,,,
08/26/26 07:10:00,70.53,0.00,,,,
08/26/26 07:15:00,70.53,0.00,,,,
08/26/26 07:20:00,70.53,0.00,,,,
08/26/26 07:25:00,70.53,0.00,,,,
08/26/26 07:30:00,70.53,0.00,,,,
08/26/26 07:35:00,70.45,0.00,,,,
08/26/26 07:40:00,70.53,0.00,,,,
08/26/26 07:45:00,70.53,0.00,,,,
08/26/26 07:50:00,70.61,0.00,,,,
08/26/26 07:55:00,70.53,0.00,,,,
08/26/26 08:00:00,70.61,0.00,,,,
08/26/26 08:05:00,70.53,0.00,,,,
08/26/26 08:10:00,70.53,0.00,,,,
08/26/26 08:15:00,70.61,0.00,,,,
08/26/26 08:20:00,70.53,0.00,,,,
08/26/26 08:25:00,70.53,0.00,,,,
08/26/26 08:30:00,70.53,0.00,,,,
08/26/26 08:35:00,70.61,0.00,,,,
08/26/26 08:40:00,70.61,0.00,,,,
08/26/26 08:45:00,70.61,0.00,,,,
08/26/26 08:50:00,70.68,0.00,,,,
08/26/26 08:55:00,70.61,0.00,,,,
08/26/26 09:00:00,70.68,0.00,,,,
08/26/26 09:05:00,70.76,0.00,,,,
08/26/26 09:10:00,70.76,0.00,,,,
08/26/26 09:15:00,70.76,0.00,,,,
08/26/26 09:20:00,70.84,0.00,,,,
08/26/26 09:25:00,70.76,0.00,,,,
08/26/26 09:30:00,70.84,0.00,,,,
08/26/26 09:35:00,70.76,0.00,,,,
08/26/26 09:40:00,70.91,0.00,,,,
08/26/26 09:45:00,70.99,0.00,,,,
08/26/26 09:50:00,70.91,0.00,,,,
08/26/26 09:55:00,70.91,0.00,,,,
08/26/26 10:00:00,70.91,0.00,,,,
08/26/26 10:05:00,71.07,0.00,,,,
08/26/26 10:10:00,70.99,0.00,,,,
08/26/26 10:15:00,70.99,0.00,,,,
08/26/26 10:20:00,70.91,0.00,,,,
08/26/26 10:25:00,70.99,0.00,,,,
08/26/26 10:30:00,71.07,0.00,,,,
08/26/26 10:35:00,70.99,0.00,,,,
08/26/26 10:40:00,71.07,0.00,,,,
08/26/26 10:45:00,71.07,0.00,,,,
08/26/26 10:50:00,71.07,0.00,,,,
08/26/26 10:55:00,71.07,0.00,,,,
08/26/26 11:00:00,71.15,0.00,,,,
08/26/26 11:05:00,71.07,0.00,,,,
08/26/26 11:10:00,71.22,0.00,,,,
08/26/26 11:15:00,71.30,0.00,,,,
08/26/26 11:20:00,71.22,0.00,,,,
08/26/26 11:25:00,71.30,0.00,,,,
08/26/26 11:30:00,71.53,0.00,,,,
08/26/26 11:35:00,71.53,0.00,,,,
08/26/26 11:40:00,71.53,0.00,,,,
08/26/26 11:45:00,71.61,0.08,,,,
08/26/26 11:50:00,71.84,5.54,,,,
08/26/26 11:55:00,71.92,3.39,,,,
08/26/26 12:00:00,72.00,3.71,,,,
08/26/26 12:05:00,72.07,6.05,,,,
08/26/26 12:10:00,72.23,1.80,,,,
08/26/26 12:15:00,72.30,1.50,,,,
08/26/26 12:20:00,72.30,2.76,,,,
08/26/26 12:25:00,72.30,2.76,,,,
08/26/26 12:30:00,72.30,2.80,,,,
08/26/26 12:35:00,72.38,2.76,,,,
08/26/26 12:40:00,72.54,3.03,,,,
08/26/26 12:45:00,72.54,2.64,,,,
08/26/26 12:50:00,72.54,3.07,,,,
08/26/26 12:55:00,72.54,3.03,,,,
08/26/26 13:00:00,72.61,2.99,,,,
08/26/26 13:05:00,72.61,2.88,,,,
08/26/26 13:10:00,72.69,2.88,,,,
08/26/26 13:15:00,72.61,3.11,,,,
08/26/26 13:20:00,72.61,5.43,,,,
08/26/26 13:25:00,73.00,63.71,,,,
08/26/26 13:30:00,75.39,146.92,,,,
08/26/26 13:35:00,80.10,115.47,,,,
08/26/26 13:40:00,82.73,52.47,,,,
08/26/26 13:45:00,83.04,47.60,,,,
08/26/26 13:50:00,82.34,9.85,,,,
08/26/26 13:55:00,80.34,4.44,,,,
08/26/26 14:00:00,78.64,5.11,,,,
08/26/26 14:05:00,77.32,4.67,,,,
08/26/26 14:10:00,76.17,2.24,,,,
08/26/26 14:15:00,75.32,3.00,,,,
08/26/26 14:20:00,74.54,1.58,,,,
08/26/26 14:25:00,74.08,1.46,,,,
08/26/26 14:30:00,73.62,0.64,,,,
08/26/26 14:35:00,73.31,0.70,,,,
08/26/26 14:40:00,73.08,0.82,,,,
08/26/26 14:45:00,72.92,0.98,,,,
08/26/26 14:50:00,72.77,0.84,,,,
08/26/26 14:55:00,72.84,1.06,,,,
08/26/26 15:00:00,72.69,1.85,,,,
08/26/26 15:05:00,72.77,2.57,,,,
08/26/26 15:10:00,72.84,7.06,,,,
08/26/26 15:15:00,72.84,1.56,,,,
08/26/26 15:20:00,73.62,17.86,,,,
08/26/26 15:21:12,,,Logged,Logged,,
08/26/26 15:21:17,,,,,Logged,Logged
