Date Time,Temp (°F) LGR S/N: 10568620 c:1,Intensity (lum/ft²) LGR S/N: 10568620 c:2,End Of File LGR S/N: 10568620
06/24/26 18:00:00,50.819,4608.0,
06/24/26 18:05:00,48.339,4096.0,
06/24/26 18:10:00,46.728,3968.0,
06/24/26 18:15:00,47.446,6144.0,
06/24/26 18:20:00,52.050,7680.0,
06/24/26 18:25:00,50.819,5632.0,
06/24/26 18:30:00,51.699,6656.0,
06/24/26 18:35:00,48.160,4352.0,
06/24/26 18:40:00,47.446,4608.0,
06/24/26 18:45:00,46.008,3072.0,
06/24/26 18:50:00,44.195,2304.0,
06/24/26 18:55:00,42.915,2688.0,
06/24/26 19:00:00,48.695,3456.0,
06/24/26 19:05:00,45.648,3456.0,
06/24/26 19:10:00,46.908,4096.0,
06/24/26 19:15:00,44.379,2688.0,
06/24/26 19:20:00,42.548,2176.0,
06/24/26 19:25:00,41.810,2304.0,
06/24/26 19:30:00,42.363,2816.0,
06/24/26 19:35:00,43.831,2560.0,
06/24/26 19:40:00,43.099,2304.0,
06/24/26 19:45:00,41.625,1792.0,
06/24/26 19:50:00,40.881,1600.0,
06/24/26 19:55:00,41.067,1856.0,
06/24/26 20:00:00,40.881,1472.0,
06/24/26 20:05:00,39.573,1088.0,
06/24/26 20:10:00,39.007,992.0,
06/24/26 20:15:00,38.250,800.0,
06/24/26 20:20:00,39.007,800.0,
06/24/26 20:25:00,40.134,1408.0,
06/24/26 20:30:00,39.760,576.0,
06/24/26 20:35:00,37.488,384.0,
06/24/26 20:40:00,36.338,448.0,
06/24/26 20:45:00,35.951,576.0,
06/24/26 20:50:00,35.758,576.0,
06/24/26 20:55:00,36.338,496.0,
06/24/26 21:00:00,36.723,432.0,
06/24/26 21:05:00,37.107,336.0,
06/24/26 21:10:00,36.723,368.0,
06/24/26 21:15:00,36.145,384.0,
06/24/26 21:20:00,36.338,368.0,
06/24/26 21:25:00,36.723,304.0,
06/24/26 21:30:00,36.914,216.0,
06/24/26 21:35:00,36.531,232.0,
06/24/26 21:40:00,36.145,208.0,
06/24/26 21:45:00,36.914,208.0,
06/24/26 21:50:00,36.723,176.0,
06/24/26 21:55:00,35.564,104.0,
06/24/26 22:00:00,33.805,75.0,
06/24/26 22:05:00,33.013,64.0,
06/24/26 22:10:00,32.218,59.0,
06/24/26 22:15:00,32.018,48.0,
06/24/26 22:20:00,33.213,39.0,
06/24/26 22:25:00,34.394,30.0,
06/24/26 22:30:00,34.981,23.0,
06/24/26 22:35:00,35.370,17.0,
06/24/26 22:40:00,34.981,12.0,
06/24/26 22:45:00,35.175,9.0,
06/24/26 22:50:00,35.175,6.0,
06/24/26 22:55:00,35.758,4.0,
06/24/26 23:00:00,35.758,3.0,
06/24/26 23:05:00,35.175,2.0,
06/24/26 23:10:00,35.175,1.0,
06/24/26 23:15:00,35.370,0.0,
06/24/26 23:20:00,35.175,0.0,
06/24/26 23:25:00,35.175,0.0,
06/24/26 23:30:00,35.758,0.0,
06/24/26 23:35:00,36.145,0.0,
06/24/26 23:40:00,36.338,0.0,
06/24/26 23:45:00,36.145,0.0,
06/24/26 23:50:00,36.145,0.0,
06/24/26 23:55:00,35.370,0.0,
06/25/26 00:00:00,34.394,0.0,
06/25/26 00:05:00,33.607,0.0,
06/25/26 00:10:00,33.013,0.0,
06/25/26 00:15:00,34.002,0.0,
06/25/26 00:20:00,35.564,0.0,
06/25/26 00:25:00,35.370,0.0,
06/25/26 00:30:00,36.338,0.0,
06/25/26 00:35:00,37.107,0.0,
06/25/26 00:40:00,36.723,0.0,
06/25/26 00:45:00,36.145,0.0,
06/25/26 00:50:00,35.370,0.0,
06/25/26 00:55:00,34.590,0.0,
06/25/26 01:00:00,33.411,0.0,
06/25/26 01:05:00,32.617,0.0,
06/25/26 01:10:00,33.213,0.0,
06/25/26 01:15:00,34.198,0.0,
06/25/26 01:20:00,35.758,0.0,
06/25/26 01:25:00,36.338,0.0,
06/25/26 01:30:00,36.145,0.0,
06/25/26 01:35:00,35.370,0.0,
06/25/26 01:40:00,34.981,0.0,
06/25/26 01:45:00,34.198,0.0,
06/25/26 01:50:00,34.786,0.0,
06/25/26 01:55:00,34.590,0.0,
06/25/26 02:00:00,34.198,0.0,
06/25/26 02:05:00,33.805,0.0,
06/25/26 02:10:00,34.002,0.0,
06/25/26 02:15:00,34.002,0.0,
06/25/26 02:20:00,34.198,0.0,
06/25/26 02:25:00,34.590,0.0,
06/25/26 02:30:00,34.786,0.0,
06/25/26 02:35:00,34.786,0.0,
06/25/26 02:40:00,34.786,0.0,
06/25/26 02:45:00,34.590,0.0,
06/25/26 02:50:00,35.370,0.0,
06/25/26 02:55:00,35.370,1.0,
06/25/26 03:00:00,35.175,2.0,
06/25/26 03:05:00,35.758,4.0,
06/25/26 03:10:00,36.338,6.0,
06/25/26 03:15:00,36.338,9.0,
06/25/26 03:20:00,35.951,9.0,
06/25/26 03:25:00,35.951,12.0,
06/25/26 03:30:00,35.758,14.0,
06/25/26 03:35:00,35.370,18.0,
06/25/26 03:40:00,35.758,24.0,
06/25/26 03:45:00,35.758,35.0,
06/25/26 03:50:00,36.145,43.0,
06/25/26 03:55:00,36.145,43.0,
06/25/26 04:00:00,35.758,42.0,
06/25/26 04:05:00,35.758,46.0,
06/25/26 04:10:00,36.338,61.0,
06/25/26 04:15:00,36.338,124.0,
06/25/26 04:20:00,36.531,184.0,
06/25/26 04:25:00,36.723,136.0,
06/25/26 04:30:00,36.723,101.0,
06/25/26 04:35:00,36.723,96.0,
06/25/26 04:40:00,36.338,160.0,
06/25/26 04:45:00,36.145,288.0,
06/25/26 04:50:00,36.145,352.0,
06/25/26 04:55:00,35.758,400.0,
06/25/26 05:00:00,35.758,464.0,
06/25/26 05:05:00,35.758,480.0,
06/25/26 05:10:00,35.951,608.0,
06/25/26 05:15:00,36.531,768.0,
06/25/26 05:20:00,36.723,768.0,
06/25/26 05:25:00,36.531,768.0,
06/25/26 05:30:00,36.145,768.0,
06/25/26 05:35:00,36.914,1088.0,
06/25/26 05:40:00,38.250,1600.0,
06/25/26 05:45:00,39.573,2176.0,
06/25/26 05:50:00,40.696,2304.0,
06/25/26 05:55:00,38.629,1536.0,
06/25/26 06:00:00,36.914,1152.0,
06/25/26 06:05:00,36.338,992.0,
06/25/26 06:10:00,35.758,1024.0,
06/25/26 06:15:00,35.951,1536.0,
06/25/26 06:20:00,36.338,1664.0,
06/25/26 06:25:00,36.723,1792.0,
06/25/26 06:30:00,37.488,2432.0,
06/25/26 06:35:00,38.250,2432.0,
06/25/26 06:40:00,38.061,2432.0,
06/25/26 06:45:00,39.007,3072.0,
06/25/26 06:50:00,39.573,3072.0,
06/25/26 06:55:00,39.384,3072.0,
06/25/26 07:00:00,39.196,3200.0,
06/25/26 07:05:00,39.760,3200.0,
06/25/26 07:10:00,40.134,3200.0,
06/25/26 07:15:00,39.947,3072.0,
06/25/26 07:20:00,39.947,2944.0,
06/25/26 07:25:00,39.573,2944.0,
06/25/26 07:30:00,39.384,2944.0,
06/25/26 07:35:00,39.760,3200.0,
06/25/26 07:40:00,39.573,3328.0,
06/25/26 07:45:00,39.384,3200.0,
06/25/26 07:50:00,39.573,3456.0,
06/25/26 07:55:00,40.509,4096.0,
06/25/26 08:00:00,41.439,4352.0,
06/25/26 08:05:00,41.994,4352.0,
06/25/26 08:10:00,42.915,4864.0,
06/25/26 08:15:00,43.648,5120.0,
06/25/26 08:20:00,44.922,5632.0,
06/25/26 08:25:00,44.379,4352.0,
06/25/26 08:30:00,43.831,4352.0,
06/25/26 08:35:00,43.648,4352.0,
06/25/26 08:40:00,43.466,4096.0,
06/25/26 08:45:00,45.466,5376.0,
06/25/26 08:50:00,47.624,5632.0,
06/25/26 08:55:00,48.160,5376.0,
06/25/26 09:00:00,48.339,6400.0,
06/25/26 09:05:00,47.446,5632.0,
06/25/26 09:10:00,48.339,6400.0,
06/25/26 09:15:00,49.937,6144.0,
06/25/26 09:20:00,50.290,6400.0,
06/25/26 09:25:00,49.404,5376.0,
06/25/26 09:30:00,48.871,5632.0,
06/25/26 09:35:00,48.871,5632.0,
06/25/26 09:40:00,47.982,5120.0,
06/25/26 09:45:00,47.446,5376.0,
06/25/26 09:50:00,47.982,5632.0,
06/25/26 09:55:00,49.404,7424.0,
06/25/26 10:00:00,50.643,6656.0,
06/25/26 10:05:00,50.466,6400.0,
06/25/26 10:10:00,50.995,6656.0,
06/25/26 10:15:00,51.699,7424.0,
06/25/26 10:20:00,51.699,6912.0,
06/25/26 10:25:00,53.100,8192.0,
06/25/26 10:30:00,54.495,8192.0,
06/25/26 10:35:00,54.322,7680.0,
06/25/26 10:40:00,53.623,7424.0,
06/25/26 10:45:00,53.623,7424.0,
06/25/26 10:50:00,54.147,7424.0,
06/25/26 10:55:00,53.973,6912.0,
06/25/26 11:00:00,52.750,6912.0,
06/25/26 11:05:00,52.576,6656.0,
06/25/26 11:10:00,52.225,6656.0,
06/25/26 11:15:00,52.925,7168.0,
06/25/26 11:20:00,53.100,7168.0,
06/25/26 11:25:00,53.274,7424.0,
06/25/26 11:30:00,54.669,7936.0,
06/25/26 11:35:00,55.884,8192.0,
06/25/26 11:40:00,57.268,9216.0,
06/25/26 11:45:00,58.647,9216.0,
06/25/26 11:50:00,59.508,9216.0,
06/25/26 11:55:00,59.164,8704.0,
06/25/26 12:00:00,56.577,7936.0,
06/25/26 12:05:00,56.057,7424.0,
06/25/26 12:10:00,56.404,7168.0,
06/25/26 12:15:00,56.057,6656.0,
06/25/26 12:20:00,55.711,6912.0,
06/25/26 12:25:00,55.537,7168.0,
06/25/26 12:30:00,55.364,6656.0,
06/25/26 12:35:00,56.057,8704.0,
06/25/26 12:40:00,57.785,9216.0,
06/25/26 12:45:00,58.820,9216.0,
06/25/26 12:50:00,59.337,9216.0,
06/25/26 12:55:00,57.614,8704.0,
06/25/26 13:00:00,57.958,9216.0,
06/25/26 13:05:00,60.712,10240.0,
06/25/26 13:10:00,61.741,10240.0,
06/25/26 13:15:00,61.054,10752.0,
06/25/26 13:20:00,60.195,10752.0,
06/25/26 13:25:00,60.883,10752.0,
06/25/26 13:30:00,62.254,11264.0,
06/25/26 13:35:00,62.598,11264.0,
06/25/26 13:40:00,62.940,11264.0,
06/25/26 13:45:00,62.769,11264.0,
06/25/26 13:50:00,63.282,11264.0,
06/25/26 13:55:00,63.455,11776.0,
06/25/26 14:00:00,63.282,11264.0,
06/25/26 14:05:00,60.883,9728.0,
06/25/26 14:10:00,60.024,10240.0,
06/25/26 14:15:00,60.883,10240.0,
06/25/26 14:20:00,61.569,10240.0,
06/25/26 14:25:00,63.968,11776.0,
06/25/26 14:30:00,62.598,11776.0,
06/25/26 14:35:00,61.912,11776.0,
06/25/26 14:40:00,61.054,11776.0,
06/25/26 14:45:00,62.769,11776.0,
06/25/26 14:50:00,61.569,10752.0,
06/25/26 14:55:00,59.851,10240.0,
06/25/26 15:00:00,57.268,8704.0,
06/25/26 15:05:00,55.884,8704.0,
06/25/26 15:10:00,55.711,8704.0,
06/25/26 15:15:00,55.884,9216.0,
06/25/26 15:20:00,56.057,9216.0,
06/25/26 15:25:00,57.441,11776.0,
06/25/26 15:30:00,59.164,13824.0,
06/25/26 15:35:00,60.024,13312.0,
06/25/26 15:40:00,57.441,9728.0,
06/25/26 15:45:00,56.577,10752.0,
06/25/26 15:50:00,57.441,10752.0,
06/25/26 15:55:00,57.785,11776.0,
06/25/26 16:00:00,59.508,13312.0,
06/25/26 16:05:00,59.851,10752.0,
06/25/26 16:10:00,57.958,10752.0,
06/25/26 16:15:00,60.539,16384.0,
06/25/26 16:20:00,60.368,11264.0,
06/25/26 16:25:00,59.851,12288.0,
06/25/26 16:30:00,57.614,9216.0,
06/25/26 16:35:00,53.973,7424.0,
06/25/26 16:40:00,54.147,10240.0,
06/25/26 16:45:00,53.798,8192.0,
06/25/26 16:50:00,53.274,9728.0,
06/25/26 16:55:00,54.842,10752.0,
06/25/26 17:00:00,59.164,14848.0,
06/25/26 17:05:00,60.539,13824.0,
06/25/26 17:10:00,60.024,13824.0,
06/25/26 17:15:00,64.139,15872.0,
06/25/26 17:20:00,63.455,14336.0,
06/25/26 17:25:00,60.368,7680.0,
06/25/26 17:30:00,55.537,6656.0,
06/25/26 17:35:00,52.401,6144.0,
06/25/26 17:40:00,51.523,5888.0,
06/25/26 17:45:00,50.290,5632.0,
06/25/26 17:50:00,49.937,5376.0,
06/25/26 17:55:00,49.228,4864.0,
06/25/26 18:00:00,47.982,4608.0,
06/25/26 18:05:00,48.339,5376.0,
06/25/26 18:10:00,49.228,5376.0,
06/25/26 18:15:00,50.643,6656.0,
06/25/26 18:20:00,49.582,5376.0,
06/25/26 18:25:00,47.982,4352.0,
06/25/26 18:30:00,47.088,4608.0,
06/25/26 18:35:00,47.088,4608.0,
06/25/26 18:40:00,47.446,5376.0,
06/25/26 18:45:00,47.266,4608.0,
06/25/26 18:50:00,46.548,3840.0,
06/25/26 18:55:00,46.548,4096.0,
06/25/26 19:00:00,46.369,4352.0,
06/25/26 19:05:00,46.548,4096.0,
06/25/26 19:10:00,46.369,4608.0,
06/25/26 19:15:00,46.548,4352.0,
06/25/26 19:20:00,46.188,3968.0,
06/25/26 19:25:00,45.104,3328.0,
06/25/26 19:30:00,43.648,2560.0,
06/25/26 19:35:00,42.363,2432.0,
06/25/26 19:40:00,45.286,3584.0,
06/25/26 19:45:00,43.648,3072.0,
06/25/26 19:50:00,42.915,2176.0,
06/25/26 19:55:00,44.013,3328.0,
06/25/26 20:00:00,43.099,1472.0,
06/25/26 20:05:00,44.560,3456.0,
06/25/26 20:10:00,42.548,1728.0,
06/25/26 20:15:00,39.760,1216.0,
06/25/26 20:20:00,38.250,864.0,
06/25/26 20:25:00,37.870,1152.0,
06/25/26 20:30:00,38.629,1536.0,
06/25/26 20:35:00,40.321,1600.0,
06/25/26 20:40:00,40.509,1792.0,
06/25/26 20:45:00,38.818,704.0,
06/25/26 20:50:00,36.914,512.0,
06/25/26 20:55:00,35.951,464.0,
06/25/26 21:00:00,35.564,432.0,
06/25/26 21:05:00,35.175,400.0,
06/25/26 21:10:00,35.175,416.0,
06/25/26 21:15:00,34.786,480.0,
06/25/26 21:20:00,34.786,576.0,
06/25/26 21:25:00,34.981,704.0,
06/25/26 21:30:00,35.370,768.0,
06/25/26 21:35:00,35.564,896.0,
06/25/26 21:40:00,35.951,768.0,
06/25/26 21:45:00,35.564,512.0,
06/25/26 21:50:00,35.564,400.0,
06/25/26 21:55:00,34.981,240.0,
06/25/26 22:00:00,34.590,115.0,
06/25/26 22:05:00,34.198,63.0,
06/25/26 22:10:00,34.394,47.0,
06/25/26 22:15:00,34.198,36.0,
06/25/26 22:20:00,34.198,30.0,
06/25/26 22:25:00,33.805,26.0,
06/25/26 22:30:00,33.805,19.0,
06/25/26 22:35:00,34.198,14.0,
06/25/26 22:40:00,34.002,10.0,
06/25/26 22:45:00,33.213,7.0,
06/25/26 22:50:00,32.815,4.0,
06/25/26 22:55:00,32.617,3.0,
06/25/26 23:00:00,32.418,2.0,
06/25/26 23:05:00,32.617,1.0,
06/25/26 23:10:00,32.218,0.0,
06/25/26 23:15:00,31.816,0.0,
06/25/26 23:20:00,32.018,0.0,
06/25/26 23:25:00,32.018,0.0,
06/25/26 23:30:00,32.418,0.0,
06/25/26 23:35:00,32.418,0.0,
06/25/26 23:40:00,32.418,0.0,
06/25/26 23:45:00,32.418,0.0,
06/25/26 23:50:00,32.418,0.0,
06/25/26 23:55:00,32.418,0.0,
06/26/26 00:00:00,32.617,0.0,
06/26/26 00:05:00,33.013,0.0,
06/26/26 00:10:00,33.213,0.0,
06/26/26 00:15:00,33.013,0.0,
06/26/26 00:20:00,32.815,0.0,
06/26/26 00:25:00,32.815,0.0,
06/26/26 00:30:00,32.815,0.0,
06/26/26 00:35:00,32.815,0.0,
06/26/26 00:40:00,32.815,0.0,
06/26/26 00:45:00,33.013,0.0,
06/26/26 00:50:00,33.213,0.0,
06/26/26 00:55:00,33.213,0.0,
06/26/26 01:00:00,33.411,0.0,
06/26/26 01:05:00,33.213,0.0,
06/26/26 01:10:00,33.013,0.0,
06/26/26 01:15:00,33.013,0.0,
06/26/26 01:20:00,33.013,0.0,
06/26/26 01:25:00,32.815,0.0,
06/26/26 01:30:00,32.815,0.0,
06/26/26 01:35:00,32.815,0.0,
06/26/26 01:40:00,32.815,0.0,
06/26/26 01:45:00,32.617,0.0,
06/26/26 01:50:00,32.617,0.0,
06/26/26 01:55:00,32.815,0.0,
06/26/26 02:00:00,32.815,0.0,
06/26/26 02:05:00,33.013,0.0,
06/26/26 02:10:00,33.213,0.0,
06/26/26 02:15:00,33.213,0.0,
06/26/26 02:20:00,33.013,0.0,
06/26/26 02:25:00,32.815,0.0,
06/26/26 02:30:00,32.815,0.0,
06/26/26 02:35:00,32.418,0.0,
06/26/26 02:40:00,32.418,0.0,
06/26/26 02:45:00,32.617,0.0,
06/26/26 02:50:00,33.013,0.0,
06/26/26 02:55:00,33.411,1.0,
06/26/26 03:00:00,33.411,1.0,
06/26/26 03:05:00,33.013,3.0,
06/26/26 03:10:00,32.815,4.0,
06/26/26 03:15:00,32.815,7.0,
06/26/26 03:20:00,32.617,10.0,
06/26/26 03:25:00,32.617,14.0,
06/26/26 03:30:00,32.815,18.0,
06/26/26 03:35:00,32.815,23.0,
06/26/26 03:40:00,33.213,32.0,
06/26/26 03:45:00,33.411,47.0,
06/26/26 03:50:00,33.805,70.0,
06/26/26 03:55:00,34.198,113.0,
06/26/26 04:00:00,34.198,152.0,
06/26/26 04:05:00,34.198,200.0,
06/26/26 04:10:00,34.394,224.0,
06/26/26 04:15:00,34.394,232.0,
06/26/26 04:20:00,34.394,256.0,
06/26/26 04:25:00,33.805,216.0,
06/26/26 04:30:00,33.607,176.0,
06/26/26 04:35:00,33.411,160.0,
06/26/26 04:40:00,33.411,176.0,
06/26/26 04:45:00,33.607,256.0,
06/26/26 04:50:00,34.002,400.0,
06/26/26 04:55:00,34.394,576.0,
06/26/26 05:00:00,35.175,800.0,
06/26/26 05:05:00,36.145,864.0,
06/26/26 05:10:00,36.531,800.0,
06/26/26 05:15:00,36.723,800.0,
06/26/26 05:20:00,36.723,992.0,
06/26/26 05:25:00,37.107,1152.0,
06/26/26 05:30:00,38.061,1600.0,
06/26/26 05:35:00,39.760,2048.0,
06/26/26 05:40:00,41.254,2176.0,
06/26/26 05:45:00,41.810,2048.0,
06/26/26 05:50:00,42.548,2432.0,
06/26/26 05:55:00,46.008,3072.0,
06/26/26 06:00:00,46.369,2560.0,
06/26/26 06:05:00,45.104,2560.0,
06/26/26 06:10:00,43.282,1856.0,
06/26/26 06:15:00,41.254,1152.0,
06/26/26 06:20:00,39.760,896.0,
06/26/26 06:25:00,39.384,1152.0,
06/26/26 06:30:00,39.384,1280.0,
06/26/26 06:35:00,39.384,1024.0,
06/26/26 06:40:00,38.629,1024.0,
06/26/26 06:45:00,39.196,1280.0,
06/26/26 06:50:00,40.134,1408.0,
06/26/26 06:55:00,40.321,1536.0,
06/26/26 07:00:00,40.134,1600.0,
06/26/26 07:05:00,40.321,1792.0,
06/26/26 07:10:00,41.439,2048.0,
06/26/26 07:15:00,42.548,2432.0,
06/26/26 07:20:00,43.282,2688.0,
06/26/26 07:25:00,44.922,3328.0,
06/26/26 07:30:00,50.290,5376.0,
06/26/26 07:35:00,57.268,6400.0,
06/26/26 07:40:00,60.883,6656.0,
06/26/26 07:45:00,64.652,5632.0,
06/26/26 07:50:00,56.230,2688.0,
06/26/26 07:55:00,51.699,3072.0,
06/26/26 08:00:00,52.050,4096.0,
06/26/26 08:05:00,56.057,5120.0,
06/26/26 08:10:00,58.647,4864.0,
06/26/26 08:15:00,60.539,5632.0,
06/26/26 08:20:00,61.741,5632.0,
06/26/26 08:25:00,64.310,5632.0,
06/26/26 08:30:00,57.268,4608.0,
06/26/26 08:35:00,52.050,3712.0,
06/26/26 08:40:00,49.582,3584.0,
06/26/26 08:45:00,49.050,3840.0,
06/26/26 08:50:00,49.228,4096.0,
06/26/26 08:55:00,49.937,4352.0,
06/26/26 09:00:00,51.346,4864.0,
06/26/26 09:05:00,52.750,5120.0,
06/26/26 09:10:00,53.973,5632.0,
06/26/26 09:15:00,54.322,5120.0,
06/26/26 09:20:00,54.322,5376.0,
06/26/26 09:25:00,55.017,5888.0,
06/26/26 09:30:00,56.230,5888.0,
06/26/26 09:35:00,55.884,5376.0,
06/26/26 09:40:00,55.364,5376.0,
06/26/26 09:45:00,55.884,5888.0,
06/26/26 09:50:00,56.750,6144.0,
06/26/26 09:55:00,59.337,6656.0,
06/26/26 10:00:00,62.254,6912.0,
06/26/26 10:05:00,64.310,7168.0,
06/26/26 10:10:00,65.851,7424.0,
06/26/26 10:15:00,67.564,7680.0,
06/26/26 10:20:00,67.221,6912.0,
06/26/26 10:25:00,65.509,6656.0,
06/26/26 10:30:00,65.167,7168.0,
06/26/26 10:35:00,64.310,7168.0,
06/26/26 10:40:00,64.139,7680.0,
06/26/26 10:45:00,64.652,8704.0,
06/26/26 10:50:00,67.392,9728.0,
06/26/26 10:55:00,66.366,7424.0,
06/26/26 11:00:00,64.996,6656.0,
06/26/26 11:05:00,65.680,6912.0,
06/26/26 11:10:00,67.735,6656.0,
06/26/26 11:15:00,71.512,7424.0,
06/26/26 11:20:00,73.926,7168.0,
06/26/26 11:25:00,73.234,6912.0,
06/26/26 11:30:00,71.339,6656.0,
06/26/26 11:35:00,67.392,6656.0,
06/26/26 11:40:00,63.111,6912.0,
06/26/26 11:45:00,62.769,6400.0,
06/26/26 11:50:00,61.398,7424.0,
06/26/26 11:55:00,64.139,8192.0,
06/26/26 12:00:00,65.167,8192.0,
06/26/26 12:05:00,65.851,8704.0,
06/26/26 12:10:00,67.392,8704.0,
06/26/26 12:15:00,67.221,9728.0,
06/26/26 12:20:00,66.022,9216.0,
06/26/26 12:25:00,67.050,10240.0,
06/26/26 12:30:00,69.278,10752.0,
06/26/26 12:35:00,69.278,9728.0,
06/26/26 12:40:00,66.366,9216.0,
06/26/26 12:45:00,64.139,9216.0,
06/26/26 12:50:00,64.139,10240.0,
06/26/26 12:55:00,63.626,8704.0,
06/26/26 13:00:00,61.569,8704.0,
06/26/26 13:05:00,59.508,8192.0,
06/26/26 13:10:00,61.054,8704.0,
06/26/26 13:15:00,60.368,8192.0,
06/26/26 13:20:00,59.508,7680.0,
06/26/26 13:25:00,58.993,7680.0,
06/26/26 13:30:00,58.993,7936.0,
06/26/26 13:35:00,58.131,6656.0,
06/26/26 13:40:00,57.268,6912.0,
06/26/26 13:45:00,56.404,6912.0,
06/26/26 13:50:00,57.614,7424.0,
06/26/26 13:55:00,57.785,6912.0,
06/26/26 14:00:00,56.923,6144.0,
06/26/26 14:05:00,56.577,6656.0,
06/26/26 14:10:00,57.958,7168.0,
06/26/26 14:15:00,58.647,6912.0,
06/26/26 14:20:00,58.820,7168.0,
06/26/26 14:25:00,60.024,8192.0,
06/26/26 14:30:00,60.883,8704.0,
06/26/26 14:35:00,60.883,9216.0,
06/26/26 14:40:00,62.598,9216.0,
06/26/26 14:45:00,64.481,9728.0,
06/26/26 14:50:00,66.879,10240.0,
06/26/26 14:55:00,69.964,10752.0,
06/26/26 15:00:00,69.622,10240.0,
06/26/26 15:05:00,68.592,8192.0,
06/26/26 15:10:00,68.248,7680.0,
06/26/26 15:15:00,67.906,6400.0,
06/26/26 15:20:00,64.996,6656.0,
06/26/26 15:25:00,63.282,6912.0,
06/26/26 15:30:00,62.254,6656.0,
06/26/26 15:35:00,61.912,6912.0,
06/26/26 15:40:00,61.227,6144.0,
06/26/26 15:45:00,57.614,5120.0,
06/26/26 15:50:00,53.623,4864.0,
06/26/26 15:55:00,55.189,6912.0,
06/26/26 16:00:00,57.441,6400.0,
06/26/26 16:05:00,56.404,5632.0,
06/26/26 16:10:00,54.322,5376.0,
06/26/26 16:15:00,53.973,5632.0,
06/26/26 16:20:00,53.449,5632.0,
06/26/26 16:25:00,52.925,5376.0,
06/26/26 16:30:00,53.274,6400.0,
06/26/26 16:35:00,53.100,5376.0,
06/26/26 16:40:00,52.401,5120.0,
06/26/26 16:45:00,52.050,4864.0,
06/26/26 16:50:00,52.225,4352.0,
06/26/26 16:55:00,51.699,3968.0,
06/26/26 17:00:00,49.937,3712.0,
06/26/26 17:05:00,47.446,3456.0,
06/26/26 17:10:00,46.908,3328.0,
06/26/26 17:15:00,46.188,3584.0,
06/26/26 17:20:00,46.908,3968.0,
06/26/26 17:25:00,48.160,3968.0,
06/26/26 17:30:00,47.982,3840.0,
06/26/26 17:35:00,48.160,4352.0,
06/26/26 17:40:00,46.908,3712.0,
06/26/26 17:45:00,46.908,3712.0,
06/26/26 17:50:00,47.802,3840.0,
06/26/26 17:55:00,47.982,3456.0,
06/26/26 18:00:00,48.339,3072.0,
06/26/26 18:05:00,49.050,3072.0,
06/26/26 18:10:00,47.802,2816.0,
06/26/26 18:15:00,47.446,3072.0,
06/26/26 18:20:00,47.624,2816.0,
06/26/26 18:25:00,47.982,2944.0,
06/26/26 18:30:00,49.050,2688.0,
06/26/26 18:35:00,47.446,2304.0,
06/26/26 18:40:00,46.008,2560.0,
06/26/26 18:45:00,45.648,1728.0,
06/26/26 18:50:00,43.282,1536.0,
06/26/26 18:55:00,42.363,1664.0,
06/26/26 19:00:00,41.810,1408.0,
06/26/26 19:05:00,42.548,1856.0,
06/26/26 19:10:00,42.363,1600.0,
06/26/26 19:15:00,42.179,1152.0,
06/26/26 19:20:00,41.810,1344.0,
06/26/26 19:25:00,40.134,1216.0,
06/26/26 19:30:00,40.881,1344.0,
06/26/26 19:35:00,41.439,1280.0,
06/26/26 19:40:00,41.810,1216.0,
06/26/26 19:45:00,42.363,1344.0,
06/26/26 19:50:00,40.881,1152.0,
06/26/26 19:55:00,40.881,704.0,
06/26/26 20:00:00,40.696,576.0,
06/26/26 20:05:00,40.881,608.0,
06/26/26 20:10:00,41.067,704.0,
06/26/26 20:15:00,41.625,992.0,
06/26/26 20:20:00,40.134,1216.0,
06/26/26 20:25:00,40.696,1024.0,
06/26/26 20:30:00,41.810,1024.0,
06/26/26 20:35:00,41.254,800.0,
06/26/26 20:40:00,39.947,512.0,
06/26/26 20:45:00,38.818,496.0,
06/26/26 20:50:00,39.384,480.0,
06/26/26 20:55:00,40.321,576.0,
06/26/26 21:00:00,40.509,496.0,
06/26/26 21:05:00,40.696,384.0,
06/26/26 21:10:00,40.696,336.0,
06/26/26 21:15:00,40.509,288.0,
06/26/26 21:20:00,40.321,288.0,
06/26/26 21:25:00,39.947,248.0,
06/26/26 21:30:00,39.760,240.0,
06/26/26 21:35:00,40.134,272.0,
06/26/26 21:40:00,39.947,256.0,
06/26/26 21:45:00,39.760,240.0,
06/26/26 21:50:00,39.947,160.0,
06/26/26 21:55:00,39.573,90.0,
06/26/26 22:00:00,39.007,64.0,
06/26/26 22:05:00,38.629,44.0,
06/26/26 22:10:00,39.007,31.0,
06/26/26 22:15:00,39.573,25.0,
06/26/26 22:20:00,39.760,19.0,
06/26/26 22:25:00,39.947,16.0,
06/26/26 22:30:00,39.760,14.0,
06/26/26 22:35:00,39.947,9.0,
06/26/26 22:40:00,40.321,6.0,
06/26/26 22:45:00,39.947,4.0,
06/26/26 22:50:00,39.196,3.0,
06/26/26 22:55:00,37.870,1.0,
06/26/26 23:00:00,37.679,0.0,
06/26/26 23:05:00,36.914,0.0,
06/26/26 23:10:00,37.297,0.0,
06/26/26 23:15:00,37.870,0.0,
06/26/26 23:20:00,38.629,0.0,
06/26/26 23:25:00,38.629,0.0,
06/26/26 23:30:00,38.629,0.0,
06/26/26 23:35:00,38.818,0.0,
06/26/26 23:40:00,37.297,0.0,
06/26/26 23:45:00,38.250,0.0,
06/26/26 23:50:00,38.250,0.0,
06/26/26 23:55:00,39.007,0.0,
06/27/26 00:00:00,39.196,0.0,
06/27/26 00:05:00,39.760,0.0,
06/27/26 00:10:00,40.321,0.0,
06/27/26 00:15:00,40.696,0.0,
06/27/26 00:20:00,40.881,0.0,
06/27/26 00:25:00,40.881,0.0,
06/27/26 00:30:00,39.947,0.0,
06/27/26 00:35:00,41.067,0.0,
06/27/26 00:40:00,41.439,0.0,
06/27/26 00:45:00,41.810,0.0,
06/27/26 00:50:00,41.994,0.0,
06/27/26 00:55:00,42.179,0.0,
06/27/26 01:00:00,42.179,0.0,
06/27/26 01:05:00,41.625,0.0,
06/27/26 01:10:00,41.254,0.0,
06/27/26 01:15:00,41.254,0.0,
06/27/26 01:20:00,41.439,0.0,
06/27/26 01:25:00,41.067,0.0,
06/27/26 01:30:00,40.696,0.0,
06/27/26 01:35:00,40.881,0.0,
06/27/26 01:40:00,41.439,0.0,
06/27/26 01:45:00,41.439,0.0,
06/27/26 01:50:00,40.696,0.0,
06/27/26 01:55:00,40.321,0.0,
06/27/26 02:00:00,40.881,0.0,
06/27/26 02:05:00,41.625,0.0,
06/27/26 02:10:00,42.179,0.0,
06/27/26 02:15:00,42.548,0.0,
06/27/26 02:20:00,42.363,0.0,
06/27/26 02:25:00,41.810,0.0,
06/27/26 02:30:00,41.625,0.0,
06/27/26 02:35:00,41.067,0.0,
06/27/26 02:40:00,41.254,0.0,
06/27/26 02:45:00,41.067,0.0,
06/27/26 02:50:00,41.254,0.0,
06/27/26 02:55:00,41.067,0.0,
06/27/26 03:00:00,40.881,1.0,
06/27/26 03:05:00,40.134,2.0,
06/27/26 03:10:00,40.321,4.0,
06/27/26 03:15:00,40.509,5.0,
06/27/26 03:20:00,40.881,6.0,
06/27/26 03:25:00,40.881,9.0,
06/27/26 03:30:00,40.321,12.0,
06/27/26 03:35:00,40.321,17.0,
06/27/26 03:40:00,40.321,17.0,
06/27/26 03:45:00,41.067,21.0,
06/27/26 03:50:00,40.321,45.0,
06/27/26 03:55:00,40.134,83.0,
06/27/26 04:00:00,40.509,90.0,
06/27/26 04:05:00,40.321,124.0,
06/27/26 04:10:00,40.881,128.0,
06/27/26 04:15:00,41.439,200.0,
06/27/26 04:20:00,41.439,232.0,
06/27/26 04:25:00,41.439,208.0,
06/27/26 04:30:00,41.810,240.0,
06/27/26 04:35:00,41.439,208.0,
06/27/26 04:40:00,41.067,184.0,
06/27/26 04:45:00,41.625,160.0,
06/27/26 04:50:00,41.810,200.0,
06/27/26 04:55:00,41.439,224.0,
06/27/26 05:00:00,41.625,288.0,
06/27/26 05:05:00,41.439,320.0,
06/27/26 05:10:00,40.881,304.0,
06/27/26 05:15:00,40.881,336.0,
06/27/26 05:20:00,41.810,368.0,
06/27/26 05:25:00,42.179,336.0,
06/27/26 05:30:00,42.915,336.0,
06/27/26 05:35:00,43.282,432.0,
06/27/26 05:40:00,43.648,480.0,
06/27/26 05:45:00,44.195,576.0,
06/27/26 05:50:00,44.560,672.0,
06/27/26 05:55:00,44.742,704.0,
06/27/26 06:00:00,44.560,864.0,
06/27/26 06:05:00,43.831,992.0,
06/27/26 06:10:00,44.013,1152.0,
06/27/26 06:15:00,44.379,1408.0,
06/27/26 06:20:00,45.286,2048.0,
06/27/26 06:25:00,46.188,2432.0,
06/27/26 06:30:00,47.982,3072.0,
06/27/26 06:35:00,48.517,2816.0,
06/27/26 06:40:00,48.339,2432.0,
06/27/26 06:45:00,48.339,1600.0,
06/27/26 06:50:00,47.266,1728.0,
06/27/26 06:55:00,46.728,1728.0,
06/27/26 07:00:00,46.188,1536.0,
06/27/26 07:05:00,46.548,1600.0,
06/27/26 07:10:00,47.088,1536.0,
06/27/26 07:15:00,46.188,1408.0,
06/27/26 07:20:00,46.008,1472.0,
06/27/26 07:25:00,46.908,1664.0,
06/27/26 07:30:00,47.982,1536.0,
06/27/26 07:35:00,47.624,1344.0,
06/27/26 07:40:00,45.648,1344.0,
06/27/26 07:45:00,46.188,1664.0,
06/27/26 07:50:00,46.728,1792.0,
06/27/26 07:55:00,48.160,1728.0,
06/27/26 08:00:00,47.088,1728.0,
06/27/26 08:05:00,45.466,1728.0,
06/27/26 08:10:00,46.008,1984.0,
06/27/26 08:15:00,47.266,1920.0,
06/27/26 08:20:00,48.160,2176.0,
06/27/26 08:25:00,48.160,2176.0,
06/27/26 08:30:00,47.802,2048.0,
06/27/26 08:35:00,48.695,2176.0,
06/27/26 08:40:00,51.346,2432.0,
06/27/26 08:45:00,51.874,2304.0,
06/27/26 08:50:00,51.874,2432.0,
06/27/26 08:55:00,52.050,2432.0,
06/27/26 09:00:00,50.290,2432.0,
06/27/26 09:05:00,48.871,2304.0,
06/27/26 09:10:00,47.982,2432.0,
06/27/26 09:15:00,49.759,2560.0,
06/27/26 09:20:00,51.874,2432.0,
06/27/26 09:25:00,53.798,2560.0,
06/27/26 09:30:00,56.230,2944.0,
06/27/26 09:35:00,55.364,3200.0,
06/27/26 09:40:00,55.364,3328.0,
06/27/26 09:45:00,55.711,3328.0,
06/27/26 09:50:00,55.711,3072.0,
06/27/26 09:55:00,56.404,2944.0,
06/27/26 10:00:00,54.669,2560.0,
06/27/26 10:05:00,53.973,2688.0,
06/27/26 10:10:00,52.750,3328.0,
06/27/26 10:15:00,56.230,3712.0,
06/27/26 10:20:00,55.537,3200.0,
06/27/26 10:25:00,51.346,2432.0,
06/27/26 10:30:00,49.228,2304.0,
06/27/26 10:35:00,49.937,3200.0,
06/27/26 10:40:00,54.842,5120.0,
06/27/26 10:45:00,61.227,6656.0,
06/27/26 10:50:00,65.509,6144.0,
06/27/26 10:55:00,64.481,6144.0,
06/27/26 11:00:00,59.680,3840.0,
06/27/26 11:05:00,55.364,3200.0,
06/27/26 11:10:00,53.100,3712.0,
06/27/26 11:15:00,53.274,4096.0,
06/27/26 11:20:00,51.172,2688.0,
06/27/26 11:25:00,49.228,3456.0,
06/27/26 11:30:00,50.643,4864.0,
06/27/26 11:35:00,52.401,4864.0,
06/27/26 11:40:00,52.750,5120.0,
06/27/26 11:45:00,54.495,5120.0,
06/27/26 11:50:00,57.096,5632.0,
06/27/26 11:55:00,57.441,6144.0,
06/27/26 12:00:00,57.785,5888.0,
06/27/26 12:05:00,57.441,5376.0,
06/27/26 12:10:00,57.441,6400.0,
06/27/26 12:15:00,59.337,7168.0,
06/27/26 12:20:00,59.508,5888.0,
06/27/26 12:25:00,57.785,5376.0,
06/27/26 12:30:00,58.303,6144.0,
06/27/26 12:35:00,58.476,6656.0,
06/27/26 12:40:00,57.268,6144.0,
06/27/26 12:45:00,56.923,6656.0,
06/27/26 12:50:00,59.337,7168.0,
06/27/26 12:55:00,59.851,6656.0,
06/27/26 13:00:00,60.024,6912.0,
06/27/26 13:05:00,58.820,6400.0,
06/27/26 13:10:00,53.798,5376.0,
06/27/26 13:15:00,51.523,5376.0,
06/27/26 13:20:00,50.643,5376.0,
06/27/26 13:25:00,49.759,4864.0,
06/27/26 13:30:00,48.695,5120.0,
06/27/26 13:35:00,48.517,5376.0,
06/27/26 13:40:00,47.624,4864.0,
06/27/26 13:45:00,46.548,4096.0,
06/27/26 13:50:00,46.548,4864.0,
06/27/26 13:55:00,46.908,4864.0,
06/27/26 14:00:00,46.728,4864.0,
06/27/26 14:05:00,46.008,4608.0,
06/27/26 14:10:00,45.466,4096.0,
06/27/26 14:15:00,45.104,4352.0,
06/27/26 14:20:00,46.369,5376.0,
06/27/26 14:25:00,48.871,7168.0,
06/27/26 14:30:00,50.466,8192.0,
06/27/26 14:35:00,50.113,7168.0,
06/27/26 14:40:00,48.339,5632.0,
06/27/26 14:45:00,47.088,5376.0,
06/27/26 14:50:00,46.369,5120.0,
06/27/26 14:55:00,46.908,5888.0,
06/27/26 15:00:00,48.160,6912.0,
06/27/26 15:05:00,49.050,7680.0,
06/27/26 15:10:00,48.695,6912.0,
06/27/26 15:15:00,48.871,7424.0,
06/27/26 15:20:00,50.113,7936.0,
06/27/26 15:25:00,51.346,8704.0,
06/27/26 15:30:00,51.523,9216.0,
06/27/26 15:35:00,51.523,8704.0,
06/27/26 15:40:00,50.819,8192.0,
06/27/26 15:45:00,50.995,8704.0,
06/27/26 15:50:00,51.346,8192.0,
06/27/26 15:55:00,50.113,7680.0,
06/27/26 16:00:00,49.404,7424.0,
06/27/26 16:05:00,49.050,7424.0,
06/27/26 16:10:00,48.339,6656.0,
06/27/26 16:15:00,47.624,6656.0,
06/27/26 16:20:00,47.088,6144.0,
06/27/26 16:25:00,46.548,6144.0,
06/27/26 16:30:00,46.728,5632.0,
06/27/26 16:35:00,46.908,5632.0,
06/27/26 16:40:00,46.188,5120.0,
06/27/26 16:45:00,45.466,4864.0,
06/27/26 16:50:00,44.195,4096.0,
06/27/26 16:55:00,43.466,3968.0,
06/27/26 17:00:00,43.282,4096.0,
06/27/26 17:05:00,43.282,4096.0,
06/27/26 17:10:00,43.282,3840.0,
06/27/26 17:15:00,43.282,3968.0,
06/27/26 17:20:00,44.195,4864.0,
06/27/26 17:25:00,45.286,4864.0,
06/27/26 17:30:00,44.922,4352.0,
06/27/26 17:35:00,43.648,3712.0,
06/27/26 17:40:00,42.915,3712.0,
06/27/26 17:45:00,42.363,3968.0,
06/27/26 17:50:00,42.548,4352.0,
06/27/26 17:55:00,42.732,4608.0,
06/27/26 18:00:00,43.831,4608.0,
06/27/26 18:05:00,43.099,4096.0,
06/27/26 18:10:00,42.548,4096.0,
06/27/26 18:15:00,41.439,3456.0,
06/27/26 18:20:00,43.831,5632.0,
06/27/26 18:25:00,44.560,5376.0,
06/27/26 18:30:00,42.915,4352.0,
06/27/26 18:35:00,41.625,3456.0,
06/27/26 18:40:00,40.509,2816.0,
06/27/26 18:45:00,40.509,3712.0,
06/27/26 18:50:00,40.696,4352.0,
06/27/26 18:55:00,42.179,4096.0,
06/27/26 19:00:00,40.509,3072.0,
06/27/26 19:05:00,40.134,2560.0,
06/27/26 19:10:00,41.810,5376.0,
06/27/26 19:15:00,42.548,6144.0,
06/27/26 19:20:00,45.286,7168.0,
06/27/26 19:25:00,46.908,9216.0,
06/27/26 19:30:00,46.548,5888.0,
06/27/26 19:35:00,46.188,9728.0,
06/27/26 19:40:00,44.742,3328.0,
06/27/26 19:45:00,44.195,5888.0,
06/27/26 19:50:00,41.994,5120.0,
06/27/26 19:55:00,45.286,7936.0,
06/27/26 20:00:00,45.466,6144.0,
06/27/26 20:05:00,45.648,5120.0,
06/27/26 20:10:00,40.696,2304.0,
06/27/26 20:15:00,38.818,1664.0,
06/27/26 20:20:00,37.107,1344.0,
06/27/26 20:25:00,36.531,1216.0,
06/27/26 20:30:00,37.679,1920.0,
06/27/26 20:35:00,39.007,3200.0,
06/27/26 20:40:00,38.061,1536.0,
06/27/26 20:45:00,38.061,1984.0,
06/27/26 20:50:00,37.870,2048.0,
06/27/26 20:55:00,37.679,2048.0,
06/27/26 21:00:00,36.914,1536.0,
06/27/26 21:05:00,36.531,1600.0,
06/27/26 21:10:00,35.951,768.0,
06/27/26 21:15:00,35.370,672.0,
06/27/26 21:20:00,34.981,480.0,
06/27/26 21:25:00,34.590,336.0,
06/27/26 21:30:00,34.198,176.0,
06/27/26 21:35:00,34.198,184.0,
06/27/26 21:40:00,34.198,184.0,
06/27/26 21:45:00,34.394,160.0,
06/27/26 21:50:00,34.394,152.0,
06/27/26 21:55:00,34.198,128.0,
06/27/26 22:00:00,33.805,109.0,
06/27/26 22:05:00,33.607,77.0,
06/27/26 22:10:00,33.607,64.0,
06/27/26 22:15:00,33.607,53.0,
06/27/26 22:20:00,33.607,41.0,
06/27/26 22:25:00,34.002,31.0,
06/27/26 22:30:00,33.805,21.0,
06/27/26 22:35:00,33.607,13.0,
06/27/26 22:40:00,33.805,11.0,
06/27/26 22:45:00,34.002,7.0,
06/27/26 22:50:00,33.805,4.0,
06/27/26 22:55:00,33.805,3.0,
06/27/26 23:00:00,34.002,1.0,
06/27/26 23:05:00,34.002,0.0,
06/27/26 23:10:00,34.002,0.0,
06/27/26 23:15:00,34.002,0.0,
06/27/26 23:20:00,34.198,0.0,
06/27/26 23:25:00,34.002,0.0,
06/27/26 23:30:00,34.002,0.0,
06/27/26 23:35:00,33.805,0.0,
06/27/26 23:40:00,33.805,0.0,
06/27/26 23:45:00,34.002,0.0,
06/27/26 23:50:00,33.805,0.0,
06/27/26 23:55:00,34.002,0.0,
06/28/26 00:00:00,34.002,0.0,
06/28/26 00:05:00,33.805,0.0,
06/28/26 00:10:00,34.002,0.0,
06/28/26 00:15:00,33.805,0.0,
06/28/26 00:20:00,33.607,0.0,
06/28/26 00:25:00,33.805,0.0,
06/28/26 00:30:00,33.805,0.0,
06/28/26 00:35:00,33.805,0.0,
06/28/26 00:40:00,33.805,0.0,
06/28/26 00:45:00,33.805,0.0,
06/28/26 00:50:00,33.805,0.0,
06/28/26 00:55:00,34.002,0.0,
06/28/26 01:00:00,33.805,0.0,
06/28/26 01:05:00,33.805,0.0,
06/28/26 01:10:00,33.805,0.0,
06/28/26 01:15:00,33.805,0.0,
06/28/26 01:20:00,33.607,0.0,
06/28/26 01:25:00,33.607,0.0,
06/28/26 01:30:00,33.607,0.0,
06/28/26 01:35:00,33.607,0.0,
06/28/26 01:40:00,33.607,0.0,
06/28/26 01:45:00,33.411,0.0,
06/28/26 01:50:00,33.805,0.0,
06/28/26 01:55:00,33.607,0.0,
06/28/26 02:00:00,33.607,0.0,
06/28/26 02:05:00,33.607,0.0,
06/28/26 02:10:00,33.805,0.0,
06/28/26 02:15:00,33.607,0.0,
06/28/26 02:20:00,33.607,0.0,
06/28/26 02:25:00,33.607,0.0,
06/28/26 02:30:00,33.607,0.0,
06/28/26 02:35:00,33.411,0.0,
06/28/26 02:40:00,33.607,0.0,
06/28/26 02:45:00,33.607,0.0,
06/28/26 02:50:00,33.607,0.0,
06/28/26 02:55:00,33.805,1.0,
06/28/26 03:00:00,33.805,2.0,
06/28/26 03:05:00,33.805,4.0,
06/28/26 03:10:00,33.805,5.0,
06/28/26 03:15:00,33.805,8.0,
06/28/26 03:20:00,33.805,12.0,
06/28/26 03:25:00,33.805,16.0,
06/28/26 03:30:00,33.607,20.0,
06/28/26 03:35:00,33.805,26.0,
06/28/26 03:40:00,33.805,29.0,
06/28/26 03:45:00,33.607,35.0,
06/28/26 03:50:00,33.411,44.0,
06/28/26 03:55:00,33.411,54.0,
06/28/26 04:00:00,33.411,60.0,
06/28/26 04:05:00,33.411,68.0,
06/28/26 04:10:00,33.607,84.0,
06/28/26 04:15:00,33.607,92.0,
06/28/26 04:20:00,34.002,128.0,
06/28/26 04:25:00,34.002,128.0,
06/28/26 04:30:00,34.002,152.0,
06/28/26 04:35:00,34.394,176.0,
06/28/26 04:40:00,34.786,272.0,
06/28/26 04:45:00,35.175,864.0,
06/28/26 04:50:00,35.758,864.0,
06/28/26 04:55:00,35.951,1536.0,
06/28/26 05:00:00,36.338,1408.0,
06/28/26 05:05:00,38.061,2560.0,
06/28/26 05:10:00,39.573,3072.0,
06/28/26 05:15:00,46.548,3840.0,
06/28/26 05:20:00,43.099,3456.0,
06/28/26 05:25:00,43.648,4096.0,
06/28/26 05:30:00,39.196,1920.0,
06/28/26 05:35:00,37.679,1728.0,
06/28/26 05:40:00,37.679,1728.0,
06/28/26 05:45:00,38.250,2688.0,
06/28/26 05:50:00,38.629,2048.0,
06/28/26 05:55:00,45.286,2944.0,
06/28/26 06:00:00,40.509,1344.0,
06/28/26 06:05:00,49.582,2688.0,
06/28/26 06:10:00,47.802,2432.0,
06/28/26 06:15:00,51.346,3200.0,
06/28/26 06:20:00,52.225,2944.0,
06/28/26 06:25:00,51.699,3200.0,
06/28/26 06:30:00,52.225,3200.0,
06/28/26 06:35:00,52.225,2304.0,
06/28/26 06:40:00,51.172,4608.0,
06/28/26 06:45:00,52.750,4096.0,
06/28/26 06:50:00,53.100,4096.0,
06/28/26 06:55:00,52.225,5120.0,
06/28/26 07:00:00,53.973,4608.0,
06/28/26 07:05:00,54.147,4096.0,
06/28/26 07:10:00,55.537,4352.0,
06/28/26 07:15:00,54.669,4608.0,
06/28/26 07:20:00,53.973,5376.0,
06/28/26 07:25:00,54.322,5376.0,
06/28/26 07:30:00,55.017,5376.0,
06/28/26 07:35:00,55.017,5376.0,
06/28/26 07:40:00,54.322,5888.0,
06/28/26 07:45:00,54.842,6400.0,
06/28/26 07:50:00,54.842,6400.0,
06/28/26 07:55:00,55.884,6912.0,
06/28/26 08:00:00,55.537,6400.0,
06/28/26 08:05:00,55.364,7168.0,
06/28/26 08:10:00,55.364,7680.0,
06/28/26 08:15:00,55.364,7936.0,
06/28/26 08:20:00,55.364,8192.0,
06/28/26 08:25:00,55.364,8192.0,
06/28/26 08:30:00,56.923,12800.0,
06/28/26 08:35:00,53.973,7680.0,
06/28/26 08:40:00,55.711,9728.0,
06/28/26 08:45:00,55.537,9728.0,
06/28/26 08:50:00,54.495,6400.0,
06/28/26 08:55:00,56.230,10752.0,
06/28/26 09:00:00,55.884,11264.0,
06/28/26 09:05:00,56.577,11776.0,
06/28/26 09:10:00,56.230,11776.0,
06/28/26 09:15:00,56.057,12800.0,
06/28/26 09:20:00,56.750,12800.0,
06/28/26 09:25:00,56.923,12800.0,
06/28/26 09:30:00,57.268,12800.0,
06/28/26 09:35:00,57.096,12800.0,
06/28/26 09:40:00,56.750,13312.0,
06/28/26 09:45:00,56.057,14336.0,
06/28/26 09:50:00,56.230,13824.0,
06/28/26 09:55:00,56.230,14336.0,
06/28/26 10:00:00,56.750,14336.0,
06/28/26 10:05:00,56.577,14336.0,
06/28/26 10:10:00,56.230,14848.0,
06/28/26 10:15:00,56.577,14336.0,
06/28/26 10:20:00,56.577,14848.0,
06/28/26 10:25:00,56.230,15360.0,
06/28/26 10:30:00,56.230,15360.0,
06/28/26 10:35:00,56.750,15360.0,
06/28/26 10:40:00,56.230,15360.0,
06/28/26 10:45:00,56.577,15360.0,
06/28/26 10:50:00,56.923,15872.0,
06/28/26 10:55:00,56.923,15872.0,
06/28/26 11:00:00,57.614,15872.0,
06/28/26 11:05:00,58.303,15872.0,
06/28/26 11:10:00,57.268,15872.0,
06/28/26 11:15:00,56.750,16384.0,
06/28/26 11:20:00,56.057,16384.0,
06/28/26 11:25:00,56.057,16384.0,
06/28/26 11:30:00,55.711,16384.0,
06/28/26 11:35:00,55.364,16384.0,
06/28/26 11:40:00,55.364,16384.0,
06/28/26 11:45:00,55.364,16384.0,
06/28/26 11:50:00,55.537,16384.0,
06/28/26 11:55:00,55.711,16384.0,
06/28/26 12:00:00,55.884,16384.0,
06/28/26 12:05:00,55.711,16384.0,
06/28/26 12:10:00,56.057,16384.0,
06/28/26 12:15:00,55.537,16384.0,
06/28/26 12:20:00,55.711,16384.0,
06/28/26 12:25:00,55.537,16384.0,
06/28/26 12:30:00,55.711,16384.0,
06/28/26 12:35:00,55.537,16384.0,
06/28/26 12:40:00,55.537,16384.0,
06/28/26 12:45:00,55.884,16384.0,
06/28/26 12:50:00,56.057,15872.0,
06/28/26 12:55:00,56.230,14336.0,
06/28/26 13:00:00,55.884,13312.0,
06/28/26 13:05:00,56.057,12800.0,
06/28/26 13:10:00,55.884,11264.0,
06/28/26 13:15:00,55.364,11264.0,
06/28/26 13:20:00,54.842,8704.0,
06/28/26 13:25:00,54.495,8192.0,
06/28/26 13:30:00,54.322,7936.0,
06/28/26 13:35:00,54.147,8704.0,
06/28/26 13:40:00,54.322,8704.0,
06/28/26 13:45:00,54.842,7424.0,
06/28/26 13:50:00,54.495,6656.0,
06/28/26 13:55:00,53.798,6400.0,
06/28/26 14:00:00,53.449,5376.0,
06/28/26 14:05:00,53.274,6400.0,
06/28/26 14:10:00,53.274,7424.0,
06/28/26 14:15:00,53.623,10240.0,
06/28/26 14:20:00,53.100,10240.0,
06/28/26 14:25:00,52.925,12800.0,
06/28/26 14:30:00,52.925,13824.0,
06/28/26 14:35:00,52.925,14336.0,
06/28/26 14:40:00,52.925,14848.0,
06/28/26 14:45:00,53.100,14848.0,
06/28/26 14:50:00,53.274,15360.0,
06/28/26 14:55:00,53.274,15360.0,
06/28/26 15:00:00,53.100,15872.0,
06/28/26 15:05:00,52.925,15872.0,
06/28/26 15:10:00,53.274,15872.0,
06/28/26 15:15:00,53.623,15872.0,
06/28/26 15:20:00,53.449,15360.0,
06/28/26 15:25:00,53.449,15360.0,
06/28/26 15:30:00,53.100,14848.0,
06/28/26 15:35:00,52.576,13824.0,
06/28/26 15:40:00,52.401,13824.0,
06/28/26 15:45:00,55.189,13824.0,
06/28/26 15:50:00,55.364,13824.0,
06/28/26 15:55:00,53.798,12800.0,
06/28/26 16:00:00,53.100,13312.0,
06/28/26 16:05:00,53.274,12800.0,
06/28/26 16:10:00,56.404,11776.0,
06/28/26 16:15:00,52.750,12288.0,
06/28/26 16:20:00,51.874,11776.0,
06/28/26 16:25:00,51.699,11776.0,
06/28/26 16:30:00,51.699,11264.0,
06/28/26 16:35:00,51.699,10752.0,
06/28/26 16:40:00,51.523,10240.0,
06/28/26 16:45:00,51.346,9728.0,
06/28/26 16:50:00,50.819,6656.0,
06/28/26 16:55:00,50.819,9728.0,
06/28/26 17:00:00,50.995,9216.0,
06/28/26 17:05:00,50.819,8704.0,
06/28/26 17:10:00,50.643,8704.0,
06/28/26 17:15:00,50.466,8192.0,
06/28/26 17:20:00,49.937,7936.0,
06/28/26 17:25:00,49.759,7168.0,
06/28/26 17:30:00,50.466,8192.0,
06/28/26 17:35:00,49.937,7424.0,
06/28/26 17:40:00,49.582,7168.0,
06/28/26 17:45:00,49.582,6912.0,
06/28/26 17:50:00,49.582,6144.0,
06/28/26 17:55:00,49.404,6400.0,
06/28/26 18:00:00,49.050,6144.0,
06/28/26 18:05:00,48.871,6144.0,
06/28/26 18:10:00,48.695,6144.0,
06/28/26 18:15:00,48.517,5888.0,
06/28/26 18:20:00,48.339,5888.0,
06/28/26 18:25:00,48.160,5632.0,
06/28/26 18:30:00,47.982,5376.0,
06/28/26 18:35:00,47.624,5376.0,
06/28/26 18:40:00,47.446,5376.0,
06/28/26 18:45:00,47.088,5376.0,
06/28/26 18:50:00,46.908,3968.0,
06/28/26 18:55:00,45.466,5376.0,
06/28/26 19:00:00,46.908,4864.0,
06/28/26 19:05:00,46.728,4608.0,
06/28/26 19:10:00,46.188,4608.0,
06/28/26 19:15:00,45.648,5632.0,
06/28/26 19:20:00,45.828,4096.0,
06/28/26 19:25:00,46.008,4608.0,
06/28/26 19:30:00,45.286,3968.0,
06/28/26 19:35:00,44.742,3456.0,
06/28/26 19:40:00,44.922,4608.0,
06/28/26 19:45:00,46.008,5120.0,
06/28/26 19:50:00,46.188,3584.0,
06/28/26 19:55:00,45.466,4096.0,
06/28/26 20:00:00,44.379,3712.0,
06/28/26 20:05:00,43.466,2688.0,
06/28/26 20:10:00,42.548,2688.0,
06/28/26 20:15:00,42.179,2560.0,
06/28/26 20:20:00,41.994,3072.0,
06/28/26 20:25:00,41.994,2176.0,
06/28/26 20:30:00,41.067,1984.0,
06/28/26 20:35:00,40.696,2048.0,
06/28/26 20:40:00,39.947,1728.0,
06/28/26 20:45:00,37.107,800.0,
06/28/26 20:50:00,35.951,480.0,
06/28/26 20:55:00,34.981,320.0,
06/28/26 21:00:00,34.590,464.0,
06/28/26 21:05:00,34.981,608.0,
06/28/26 21:10:00,35.758,608.0,
06/28/26 21:15:00,36.145,768.0,
06/28/26 21:20:00,35.758,576.0,
06/28/26 21:25:00,35.370,512.0,
06/28/26 21:30:00,35.758,768.0,
06/28/26 21:35:00,34.981,256.0,
06/28/26 21:40:00,34.786,400.0,
06/28/26 21:45:00,34.394,144.0,
06/28/26 21:50:00,34.198,256.0,
06/28/26 21:55:00,34.590,288.0,
06/28/26 22:00:00,34.394,118.0,
06/28/26 22:05:00,33.805,78.0,
06/28/26 22:10:00,34.002,79.0,
06/28/26 22:15:00,34.002,61.0,
06/28/26 22:20:00,34.002,51.0,
06/28/26 22:25:00,34.002,42.0,
06/28/26 22:30:00,33.805,38.0,
06/28/26 22:35:00,33.607,24.0,
06/28/26 22:40:00,33.805,20.0,
06/28/26 22:45:00,33.805,17.0,
06/28/26 22:50:00,33.607,13.0,
06/28/26 22:55:00,33.607,9.0,
06/28/26 23:00:00,33.607,5.0,
06/28/26 23:05:00,33.607,4.0,
06/28/26 23:10:00,33.607,2.0,
06/28/26 23:15:00,33.607,1.0,
06/28/26 23:20:00,33.805,0.0,
06/28/26 23:25:00,33.805,0.0,
06/28/26 23:30:00,33.805,0.0,
06/28/26 23:35:00,33.607,0.0,
06/28/26 23:40:00,33.411,0.0,
06/28/26 23:45:00,33.411,0.0,
06/28/26 23:50:00,33.607,0.0,
06/28/26 23:55:00,33.411,0.0,
06/29/26 00:00:00,33.411,0.0,
06/29/26 00:05:00,33.213,0.0,
06/29/26 00:10:00,33.411,0.0,
06/29/26 00:15:00,33.411,0.0,
06/29/26 00:20:00,33.607,0.0,
06/29/26 00:25:00,33.411,0.0,
06/29/26 00:30:00,33.213,0.0,
06/29/26 00:35:00,33.013,0.0,
06/29/26 00:40:00,33.213,0.0,
06/29/26 00:45:00,33.013,0.0,
06/29/26 00:50:00,33.013,0.0,
06/29/26 00:55:00,33.411,0.0,
06/29/26 01:00:00,33.213,0.0,
06/29/26 01:05:00,33.213,0.0,
06/29/26 01:10:00,33.013,0.0,
06/29/26 01:15:00,33.013,0.0,
06/29/26 01:20:00,33.013,0.0,
06/29/26 01:25:00,33.213,0.0,
06/29/26 01:30:00,33.411,0.0,
06/29/26 01:35:00,33.607,0.0,
06/29/26 01:40:00,33.411,0.0,
06/29/26 01:45:00,33.411,0.0,
06/29/26 01:50:00,33.411,0.0,
06/29/26 01:55:00,33.013,0.0,
06/29/26 02:00:00,33.013,0.0,
06/29/26 02:05:00,33.013,0.0,
06/29/26 02:10:00,33.213,0.0,
06/29/26 02:15:00,33.013,0.0,
06/29/26 02:20:00,32.815,0.0,
06/29/26 02:25:00,33.213,0.0,
06/29/26 02:30:00,33.213,0.0,
06/29/26 02:35:00,32.815,0.0,
06/29/26 02:40:00,32.418,0.0,
06/29/26 02:45:00,32.418,0.0,
06/29/26 02:50:00,32.418,1.0,
06/29/26 02:55:00,32.418,1.0,
06/29/26 03:00:00,32.418,2.0,
06/29/26 03:05:00,32.418,4.0,
06/29/26 03:10:00,32.418,6.0,
06/29/26 03:15:00,32.218,8.0,
06/29/26 03:20:00,32.218,12.0,
06/29/26 03:25:00,32.018,16.0,
06/29/26 03:30:00,32.018,21.0,
06/29/26 03:35:00,32.218,30.0,
06/29/26 03:40:00,32.218,40.0,
06/29/26 03:45:00,32.418,49.0,
06/29/26 03:50:00,32.418,64.0,
06/29/26 03:55:00,32.218,78.0,
06/29/26 04:00:00,32.018,102.0,
06/29/26 04:05:00,32.018,107.0,
06/29/26 04:10:00,32.218,123.0,
06/29/26 04:15:00,32.218,136.0,
06/29/26 04:20:00,32.218,160.0,
06/29/26 04:25:00,32.218,176.0,
06/29/26 04:30:00,32.418,200.0,
06/29/26 04:35:00,32.218,224.0,
06/29/26 04:40:00,32.418,256.0,
06/29/26 04:45:00,32.617,256.0,
06/29/26 04:50:00,32.815,272.0,
06/29/26 04:55:00,33.013,304.0,
06/29/26 05:00:00,33.411,320.0,
06/29/26 05:05:00,34.198,416.0,
06/29/26 05:10:00,33.805,400.0,
06/29/26 05:15:00,34.002,368.0,
06/29/26 05:20:00,33.607,384.0,
06/29/26 05:25:00,33.805,400.0,
06/29/26 05:30:00,34.002,480.0,
06/29/26 05:35:00,38.440,576.0,
06/29/26 05:40:00,35.951,576.0,
06/29/26 05:45:00,35.758,768.0,
06/29/26 05:50:00,35.951,768.0,
06/29/26 05:55:00,36.338,992.0,
06/29/26 06:00:00,38.250,1024.0,
06/29/26 06:05:00,40.509,1152.0,
06/29/26 06:10:00,37.679,896.0,
06/29/26 06:15:00,36.914,768.0,
06/29/26 06:20:00,36.338,672.0,
06/29/26 06:25:00,37.107,992.0,
06/29/26 06:30:00,48.517,3072.0,
06/29/26 06:35:00,47.802,1472.0,
06/29/26 06:40:00,43.282,1856.0,
06/29/26 06:45:00,40.881,1536.0,
06/29/26 06:50:00,40.509,1920.0,
06/29/26 06:55:00,43.282,2432.0,
06/29/26 07:00:00,42.179,2688.0,
06/29/26 07:05:00,42.179,3200.0,
06/29/26 07:10:00,41.994,3456.0,
06/29/26 07:15:00,42.548,3584.0,
06/29/26 07:20:00,44.922,3712.0,
06/29/26 07:25:00,46.908,4352.0,
06/29/26 07:30:00,50.113,4096.0,
06/29/26 07:35:00,51.523,5376.0,
06/29/26 07:40:00,54.495,4864.0,
06/29/26 07:45:00,57.096,4352.0,
06/29/26 07:50:00,53.449,3200.0,
06/29/26 07:55:00,50.290,3072.0,
06/29/26 08:00:00,50.290,3200.0,
06/29/26 08:05:00,50.113,3200.0,
06/29/26 08:10:00,56.577,3840.0,
06/29/26 08:15:00,55.364,4608.0,
06/29/26 08:20:00,58.993,5632.0,
06/29/26 08:25:00,68.763,8192.0,
06/29/26 08:30:00,71.339,8704.0,
06/29/26 08:35:00,71.683,8192.0,
06/29/26 08:40:00,71.168,5376.0,
06/29/26 08:45:00,67.050,6144.0,
06/29/26 08:50:00,60.712,4608.0,
06/29/26 08:55:00,56.230,6144.0,
06/29/26 09:00:00,58.993,6144.0,
06/29/26 09:05:00,61.398,7424.0,
06/29/26 09:10:00,66.366,6656.0,
06/29/26 09:15:00,64.481,7680.0,
06/29/26 09:20:00,58.303,6912.0,
06/29/26 09:25:00,55.711,6656.0,
06/29/26 09:30:00,58.993,9216.0,
06/29/26 09:35:00,57.268,8192.0,
06/29/26 09:40:00,66.708,14848.0,
06/29/26 09:45:00,73.926,11264.0,
06/29/26 09:50:00,69.278,9728.0,
06/29/26 09:55:00,66.366,10240.0,
06/29/26 10:00:00,68.934,8192.0,
06/29/26 10:05:00,64.652,12288.0,
06/29/26 10:10:00,77.400,18432.0,
06/29/26 10:15:00,75.484,15360.0,
06/29/26 10:20:00,74.446,11264.0,
06/29/26 10:25:00,72.199,13824.0,
06/29/26 10:30:00,66.366,6144.0,
06/29/26 10:35:00,76.354,16384.0,
06/29/26 10:40:00,74.446,16384.0,
06/29/26 10:45:00,75.832,16384.0,
06/29/26 10:50:00,71.683,15360.0,
06/29/26 10:55:00,71.512,12800.0,
06/29/26 11:00:00,72.891,16384.0,
06/29/26 11:05:00,78.624,16384.0,
06/29/26 11:10:00,85.915,16384.0,
06/29/26 11:15:00,89.200,16384.0,
06/29/26 11:20:00,90.495,16384.0,
06/29/26 11:25:00,93.493,16384.0,
06/29/26 11:30:00,91.612,16384.0,
06/29/26 11:35:00,87.004,16384.0,
06/29/26 11:40:00,81.266,16384.0,
06/29/26 11:45:00,72.372,16384.0,
06/29/26 11:50:00,67.050,16384.0,
06/29/26 11:55:00,63.282,16384.0,
06/29/26 12:00:00,61.741,17408.0,
06/29/26 12:05:00,63.111,17408.0,
06/29/26 12:10:00,65.851,17408.0,
06/29/26 12:15:00,61.227,17408.0,
06/29/26 12:20:00,59.508,17408.0,
06/29/26 12:25:00,59.680,17408.0,
06/29/26 12:30:00,59.851,17408.0,
06/29/26 12:35:00,61.227,17408.0,
06/29/26 12:40:00,60.024,16384.0,
06/29/26 12:45:00,60.883,16384.0,
06/29/26 12:50:00,61.569,16384.0,
06/29/26 12:55:00,60.712,15872.0,
06/29/26 13:00:00,60.195,15360.0,
06/29/26 13:05:00,59.851,14336.0,
06/29/26 13:10:00,59.680,12800.0,
06/29/26 13:15:00,58.131,11776.0,
06/29/26 13:20:00,57.958,11776.0,
06/29/26 13:25:00,58.303,10240.0,
06/29/26 13:30:00,57.958,10240.0,
06/29/26 13:35:00,57.785,10240.0,
06/29/26 13:40:00,58.131,10240.0,
06/29/26 13:45:00,56.404,9728.0,
06/29/26 13:50:00,56.230,8192.0,
06/29/26 13:55:00,56.057,5888.0,
06/29/26 14:00:00,56.230,6400.0,
06/29/26 14:05:00,56.057,5376.0,
06/29/26 14:10:00,55.884,6400.0,
06/29/26 14:15:00,55.884,8704.0,
06/29/26 14:20:00,57.096,10752.0,
06/29/26 14:25:00,56.577,12800.0,
06/29/26 14:30:00,55.884,14848.0,
06/29/26 14:35:00,55.711,14848.0,
06/29/26 14:40:00,55.017,15360.0,
06/29/26 14:45:00,56.057,15360.0,
06/29/26 14:50:00,56.230,15360.0,
06/29/26 14:55:00,55.711,15872.0,
06/29/26 15:00:00,55.017,15872.0,
06/29/26 15:05:00,54.669,15872.0,
06/29/26 15:10:00,54.322,15872.0,
06/29/26 15:15:00,55.189,15360.0,
06/29/26 15:20:00,55.189,15360.0,
06/29/26 15:25:00,54.842,15360.0,
06/29/26 15:30:00,55.017,14336.0,
06/29/26 15:35:00,54.147,14336.0,
06/29/26 15:40:00,53.973,14336.0,
06/29/26 15:45:00,53.973,13824.0,
06/29/26 15:50:00,54.147,13824.0,
06/29/26 15:55:00,54.147,13312.0,
06/29/26 16:00:00,53.973,13312.0,
06/29/26 16:05:00,53.449,12800.0,
06/29/26 16:10:00,53.623,12800.0,
06/29/26 16:15:00,53.449,12800.0,
06/29/26 16:20:00,53.449,12288.0,
06/29/26 16:25:00,53.274,11776.0,
06/29/26 16:30:00,52.750,11776.0,
06/29/26 16:35:00,52.925,11264.0,
06/29/26 16:40:00,52.925,5120.0,
06/29/26 16:45:00,53.449,10752.0,
06/29/26 16:50:00,53.274,10752.0,
06/29/26 16:55:00,53.100,10240.0,
06/29/26 17:00:00,52.925,10240.0,
06/29/26 17:05:00,53.274,9728.0,
06/29/26 17:10:00,49.937,4608.0,
06/29/26 17:15:00,49.937,4608.0,
06/29/26 17:20:00,50.995,9728.0,
06/29/26 17:25:00,47.266,4864.0,
06/29/26 17:30:00,48.695,3456.0,
06/29/26 17:35:00,49.759,7680.0,
06/29/26 17:40:00,51.346,4864.0,
06/29/26 17:45:00,52.576,8704.0,
06/29/26 17:50:00,52.050,7680.0,
06/29/26 17:55:00,52.050,7168.0,
06/29/26 18:00:00,52.050,7424.0,
06/29/26 18:05:00,49.582,7424.0,
06/29/26 18:10:00,49.228,3840.0,
06/29/26 18:15:00,46.548,4096.0,
06/29/26 18:20:00,48.695,6400.0,
06/29/26 18:25:00,50.290,6912.0,
06/29/26 18:30:00,50.290,6912.0,
06/29/26 18:35:00,50.819,6912.0,
06/29/26 18:40:00,51.699,8192.0,
06/29/26 18:45:00,52.750,8192.0,
06/29/26 18:50:00,51.346,6400.0,
06/29/26 18:55:00,50.113,6400.0,
06/29/26 19:00:00,47.982,5120.0,
06/29/26 19:05:00,47.088,4864.0,
06/29/26 19:10:00,46.548,4608.0,
06/29/26 19:15:00,45.828,4352.0,
06/29/26 19:20:00,45.648,4352.0,
06/29/26 19:25:00,45.286,4096.0,
06/29/26 19:30:00,44.195,1792.0,
06/29/26 19:35:00,42.179,1792.0,
06/29/26 19:40:00,43.282,3456.0,
06/29/26 19:45:00,39.760,1024.0,
06/29/26 19:50:00,40.321,3584.0,
06/29/26 19:55:00,42.179,1664.0,
06/29/26 20:00:00,43.282,3456.0,
06/29/26 20:05:00,43.099,3072.0,
06/29/26 20:10:00,43.099,2944.0,
06/29/26 20:15:00,41.994,992.0,
06/29/26 20:20:00,38.629,1344.0,
06/29/26 20:25:00,38.061,2432.0,
06/29/26 20:30:00,37.488,2176.0,
06/29/26 20:35:00,37.107,1216.0,
06/29/26 20:40:00,36.145,672.0,
06/29/26 20:45:00,35.175,704.0,
06/29/26 20:50:00,35.175,576.0,
06/29/26 20:55:00,35.175,800.0,
06/29/26 21:00:00,35.564,800.0,
06/29/26 21:05:00,35.370,576.0,
06/29/26 21:10:00,34.981,448.0,
06/29/26 21:15:00,34.198,304.0,
06/29/26 21:20:00,33.805,304.0,
06/29/26 21:25:00,34.002,256.0,
06/29/26 21:30:00,34.002,256.0,
06/29/26 21:35:00,33.411,184.0,
06/29/26 21:40:00,32.815,168.0,
06/29/26 21:45:00,32.617,144.0,
06/29/26 21:50:00,32.218,136.0,
06/29/26 21:55:00,32.218,128.0,
06/29/26 22:00:00,32.418,128.0,
06/29/26 22:05:00,32.418,119.0,
06/29/26 22:10:00,32.418,112.0,
06/29/26 22:15:00,32.418,106.0,
06/29/26 22:20:00,32.418,96.0,
06/29/26 22:25:00,32.617,85.0,
06/29/26 22:30:00,32.418,71.0,
06/29/26 22:35:00,32.815,47.0,
06/29/26 22:40:00,32.617,17.0,
06/29/26 22:45:00,32.617,10.0,
06/29/26 22:50:00,32.617,7.0,
06/29/26 22:55:00,32.617,5.0,
06/29/26 23:00:00,32.815,3.0,
06/29/26 23:05:00,32.815,2.0,
06/29/26 23:10:00,32.815,1.0,
06/29/26 23:15:00,33.013,1.0,
06/29/26 23:20:00,33.013,0.0,
06/29/26 23:25:00,33.213,0.0,
06/29/26 23:30:00,33.213,0.0,
06/29/26 23:35:00,33.213,0.0,
06/29/26 23:40:00,33.411,0.0,
06/29/26 23:45:00,33.411,0.0,
06/29/26 23:50:00,33.411,0.0,
06/29/26 23:55:00,33.411,0.0,
06/30/26 00:00:00,33.411,0.0,
06/30/26 00:05:00,33.607,0.0,
06/30/26 00:10:00,33.607,0.0,
06/30/26 00:15:00,33.607,0.0,
06/30/26 00:20:00,33.411,0.0,
06/30/26 00:25:00,33.411,0.0,
06/30/26 00:30:00,33.411,0.0,
06/30/26 00:35:00,33.411,0.0,
06/30/26 00:40:00,33.013,0.0,
06/30/26 00:45:00,33.213,0.0,
06/30/26 00:50:00,33.213,0.0,
06/30/26 00:55:00,33.213,0.0,
06/30/26 01:00:00,33.213,0.0,
06/30/26 01:05:00,33.213,0.0,
06/30/26 01:10:00,33.013,0.0,
06/30/26 01:15:00,32.815,0.0,
06/30/26 01:20:00,32.617,0.0,
06/30/26 01:25:00,32.815,0.0,
06/30/26 01:30:00,32.815,0.0,
06/30/26 01:35:00,32.617,0.0,
06/30/26 01:40:00,32.815,0.0,
06/30/26 01:45:00,32.815,0.0,
06/30/26 01:50:00,33.013,0.0,
06/30/26 01:55:00,33.013,0.0,
06/30/26 02:00:00,33.013,0.0,
06/30/26 02:05:00,32.815,0.0,
06/30/26 02:10:00,32.617,0.0,
06/30/26 02:15:00,32.018,0.0,
06/30/26 02:20:00,31.415,0.0,
06/30/26 02:25:00,31.617,0.0,
06/30/26 02:30:00,31.415,0.0,
06/30/26 02:35:00,30.808,0.0,
06/30/26 02:40:00,30.808,1.0,
06/30/26 02:45:00,31.213,2.0,
06/30/26 02:50:00,31.415,3.0,
06/30/26 02:55:00,31.415,4.0,
06/30/26 03:00:00,31.816,5.0,
06/30/26 03:05:00,31.816,7.0,
06/30/26 03:10:00,31.415,9.0,
06/30/26 03:15:00,31.213,13.0,
06/30/26 03:20:00,31.415,18.0,
06/30/26 03:25:00,31.213,24.0,
06/30/26 03:30:00,31.012,31.0,
06/30/26 03:35:00,30.808,52.0,
06/30/26 03:40:00,30.808,72.0,
06/30/26 03:45:00,31.012,75.0,
06/30/26 03:50:00,30.808,83.0,
06/30/26 03:55:00,30.607,96.0,
06/30/26 04:00:00,30.808,115.0,
06/30/26 04:05:00,30.607,144.0,
06/30/26 04:10:00,30.808,176.0,
06/30/26 04:15:00,30.808,216.0,
06/30/26 04:20:00,30.607,272.0,
06/30/26 04:25:00,30.607,352.0,
06/30/26 04:30:00,30.808,416.0,
06/30/26 04:35:00,31.012,496.0,
06/30/26 04:40:00,30.808,496.0,
06/30/26 04:45:00,31.012,464.0,
06/30/26 04:50:00,30.607,432.0,
06/30/26 04:55:00,30.808,464.0,
06/30/26 05:00:00,31.213,496.0,
06/30/26 05:05:00,32.018,512.0,
06/30/26 05:10:00,35.370,864.0,
06/30/26 05:15:00,36.914,896.0,
06/30/26 05:20:00,39.196,1536.0,
06/30/26 05:25:00,41.625,1344.0,
06/30/26 05:30:00,43.099,1536.0,
06/30/26 05:35:00,43.282,1984.0,
06/30/26 05:40:00,46.008,1792.0,
06/30/26 05:45:00,47.446,1920.0,
06/30/26 05:50:00,48.160,2304.0,
06/30/26 05:55:00,46.188,1472.0,
06/30/26 06:00:00,48.339,2304.0,
06/30/26 06:05:00,49.582,2560.0,
06/30/26 06:10:00,41.810,768.0,
06/30/26 06:15:00,49.228,2688.0,
06/30/26 06:20:00,50.819,3072.0,
06/30/26 06:25:00,50.466,2944.0,
06/30/26 06:30:00,50.643,3072.0,
06/30/26 06:35:00,51.874,3328.0,
06/30/26 06:40:00,52.401,3584.0,
06/30/26 06:45:00,52.576,3584.0,
06/30/26 06:50:00,53.623,3840.0,
06/30/26 06:55:00,53.623,3968.0,
06/30/26 07:00:00,53.798,4096.0,
06/30/26 07:05:00,54.147,4352.0,
06/30/26 07:10:00,49.228,2688.0,
06/30/26 07:15:00,55.189,4608.0,
06/30/26 07:20:00,55.711,5120.0,
06/30/26 07:25:00,55.711,5120.0,
06/30/26 07:30:00,55.189,5376.0,
06/30/26 07:35:00,55.189,5888.0,
06/30/26 07:40:00,51.699,5376.0,
06/30/26 07:45:00,55.884,6912.0,
06/30/26 07:50:00,56.577,7424.0,
06/30/26 07:55:00,54.495,3968.0,
06/30/26 08:00:00,49.404,3456.0,
06/30/26 08:05:00,51.172,6144.0,
06/30/26 08:10:00,51.346,3584.0,
06/30/26 08:15:00,54.842,8192.0,
06/30/26 08:20:00,54.842,6912.0,
06/30/26 08:25:00,56.577,8192.0,
06/30/26 08:30:00,56.404,9216.0,
06/30/26 08:35:00,55.017,4352.0,
06/30/26 08:40:00,54.322,8704.0,
06/30/26 08:45:00,57.958,9728.0,
06/30/26 08:50:00,56.750,10752.0,
06/30/26 08:55:00,57.958,11264.0,
06/30/26 09:00:00,58.476,10752.0,
06/30/26 09:05:00,58.820,11264.0,
06/30/26 09:10:00,57.958,12800.0,
06/30/26 09:15:00,56.404,14848.0,
06/30/26 09:20:00,55.189,9728.0,
06/30/26 09:25:00,58.647,13824.0,
06/30/26 09:30:00,59.851,13312.0,
06/30/26 09:35:00,60.024,10752.0,
06/30/26 09:40:00,57.785,5376.0,
06/30/26 09:45:00,56.404,12288.0,
06/30/26 09:50:00,53.623,14848.0,
06/30/26 09:55:00,57.958,14336.0,
06/30/26 10:00:00,53.798,15872.0,
06/30/26 10:05:00,54.147,14848.0,
06/30/26 10:10:00,57.441,15360.0,
06/30/26 10:15:00,56.923,15872.0,
06/30/26 10:20:00,59.337,15360.0,
06/30/26 10:25:00,59.164,15360.0,
06/30/26 10:30:00,58.303,15360.0,
06/30/26 10:35:00,56.057,7680.0,
06/30/26 10:40:00,56.577,12800.0,
06/30/26 10:45:00,54.669,16384.0,
06/30/26 10:50:00,57.268,17408.0,
06/30/26 10:55:00,51.874,8192.0,
06/30/26 11:00:00,55.884,17408.0,
06/30/26 11:05:00,59.508,17408.0,
06/30/26 11:10:00,53.449,4608.0,
06/30/26 11:15:00,56.923,17408.0,
06/30/26 11:20:00,58.131,16384.0,
06/30/26 11:25:00,58.993,17408.0,
06/30/26 11:30:00,58.647,16384.0,
06/30/26 11:35:00,57.268,16384.0,
06/30/26 11:40:00,56.923,16384.0,
06/30/26 11:45:00,55.884,16384.0,
06/30/26 11:50:00,55.364,17408.0,
06/30/26 11:55:00,56.404,17408.0,
06/30/26 12:00:00,56.577,17408.0,
06/30/26 12:05:00,56.404,17408.0,
06/30/26 12:10:00,56.923,17408.0,
06/30/26 12:15:00,57.268,17408.0,
06/30/26 12:20:00,58.303,17408.0,
06/30/26 12:25:00,57.785,17408.0,
06/30/26 12:30:00,58.647,19456.0,
06/30/26 12:35:00,61.227,15872.0,
06/30/26 12:40:00,58.131,13824.0,
06/30/26 12:45:00,56.230,17408.0,
06/30/26 12:50:00,57.785,17408.0,
06/30/26 12:55:00,53.100,12800.0,
06/30/26 13:00:00,57.785,15872.0,
06/30/26 13:05:00,54.669,10240.0,
06/30/26 13:10:00,51.699,14336.0,
06/30/26 13:15:00,60.368,16384.0,
06/30/26 13:20:00,60.712,11264.0,
06/30/26 13:25:00,58.993,11264.0,
06/30/26 13:30:00,57.958,12288.0,
06/30/26 13:35:00,57.096,10752.0,
06/30/26 13:40:00,61.227,11264.0,
06/30/26 13:45:00,56.577,6400.0,
06/30/26 13:50:00,54.669,10240.0,
06/30/26 13:55:00,57.958,13824.0,
06/30/26 14:00:00,58.476,10752.0,
06/30/26 14:05:00,56.750,9216.0,
06/30/26 14:10:00,55.537,10752.0,
06/30/26 14:15:00,54.322,12288.0,
06/30/26 14:20:00,51.699,7936.0,
06/30/26 14:25:00,51.874,9216.0,
06/30/26 14:30:00,52.050,11776.0,
06/30/26 14:35:00,52.925,13312.0,
06/30/26 14:40:00,55.884,18432.0,
06/30/26 14:45:00,58.993,18432.0,
06/30/26 14:50:00,59.164,15872.0,
06/30/26 14:55:00,60.368,17408.0,
06/30/26 15:00:00,59.851,17408.0,
06/30/26 15:05:00,59.164,11776.0,
06/30/26 15:10:00,58.820,15872.0,
06/30/26 15:15:00,57.096,12800.0,
06/30/26 15:20:00,56.750,17408.0,
06/30/26 15:25:00,56.404,16384.0,
06/30/26 15:30:00,53.623,14336.0,
06/30/26 15:35:00,55.364,11776.0,
06/30/26 15:40:00,49.050,7168.0,
06/30/26 15:45:00,49.050,7680.0,
06/30/26 15:50:00,49.937,7936.0,
06/30/26 15:55:00,49.759,7168.0,
06/30/26 16:00:00,49.050,7424.0,
06/30/26 16:05:00,49.404,7424.0,
06/30/26 16:10:00,50.113,7424.0,
06/30/26 16:15:00,50.643,7424.0,
06/30/26 16:20:00,49.937,7424.0,
06/30/26 16:25:00,49.404,7168.0,
06/30/26 16:30:00,49.404,7168.0,
06/30/26 16:35:00,49.228,7424.0,
06/30/26 16:40:00,48.517,6656.0,
06/30/26 16:45:00,47.802,6400.0,
06/30/26 16:50:00,47.624,6400.0,
06/30/26 16:55:00,47.088,6400.0,
06/30/26 17:00:00,47.266,6144.0,
06/30/26 17:05:00,46.908,6144.0,
06/30/26 17:10:00,47.802,6912.0,
06/30/26 17:15:00,47.088,6656.0,
06/30/26 17:20:00,45.828,4096.0,
06/30/26 17:25:00,44.922,4608.0,
06/30/26 17:30:00,44.742,4096.0,
06/30/26 17:35:00,43.831,3840.0,
06/30/26 17:40:00,43.099,4608.0,
06/30/26 17:45:00,42.179,3840.0,
06/30/26 17:50:00,41.994,3968.0,
06/30/26 17:55:00,41.625,4096.0,
06/30/26 18:00:00,42.179,4352.0,
06/30/26 18:05:00,41.254,3200.0,
06/30/26 18:10:00,41.810,3712.0,
06/30/26 18:15:00,42.915,3840.0,
06/30/26 18:20:00,42.732,3584.0,
06/30/26 18:25:00,42.363,3840.0,
06/30/26 18:30:00,41.994,3200.0,
06/30/26 18:35:00,42.363,3840.0,
06/30/26 18:40:00,41.994,4096.0,
06/30/26 18:45:00,41.810,3456.0,
06/30/26 18:50:00,40.509,2560.0,
06/30/26 18:55:00,41.067,4096.0,
06/30/26 19:00:00,41.067,3072.0,
06/30/26 19:05:00,40.134,3072.0,
06/30/26 19:10:00,39.760,2816.0,
06/30/26 19:15:00,39.573,2816.0,
06/30/26 19:20:00,37.870,1920.0,
06/30/26 19:25:00,36.531,1664.0,
06/30/26 19:30:00,38.440,2944.0,
06/30/26 19:35:00,39.007,3584.0,
06/30/26 19:40:00,41.994,6912.0,
06/30/26 19:45:00,46.369,7168.0,
06/30/26 19:50:00,45.648,6144.0,
06/30/26 19:55:00,46.548,5120.0,
06/30/26 20:00:00,44.922,4864.0,
06/30/26 20:05:00,42.179,2304.0,
06/30/26 20:10:00,40.321,2048.0,
06/30/26 20:15:00,36.145,864.0,
06/30/26 20:20:00,33.411,704.0,
06/30/26 20:25:00,32.815,768.0,
06/30/26 20:30:00,32.617,960.0,
06/30/26 20:35:00,32.418,960.0,
06/30/26 20:40:00,33.013,960.0,
06/30/26 20:45:00,32.815,768.0,
06/30/26 20:50:00,32.418,896.0,
06/30/26 20:55:00,32.418,576.0,
06/30/26 21:00:00,32.218,448.0,
06/30/26 21:05:00,32.018,384.0,
06/30/26 21:10:00,31.012,240.0,
06/30/26 21:15:00,30.403,248.0,
06/30/26 21:20:00,30.198,272.0,
06/30/26 21:25:00,30.403,336.0,
06/30/26 21:30:00,30.607,320.0,
06/30/26 21:35:00,30.808,304.0,
06/30/26 21:40:00,31.012,288.0,
06/30/26 21:45:00,31.213,216.0,
06/30/26 21:50:00,31.213,192.0,
06/30/26 21:55:00,31.415,184.0,
06/30/26 22:00:00,31.012,112.0,
06/30/26 22:05:00,30.607,93.0,
06/30/26 22:10:00,30.403,74.0,
06/30/26 22:15:00,29.790,52.0,
06/30/26 22:20:00,29.174,41.0,
06/30/26 22:25:00,29.174,33.0,
06/30/26 22:30:00,28.969,25.0,
06/30/26 22:35:00,29.586,22.0,
06/30/26 22:40:00,30.198,15.0,
06/30/26 22:45:00,30.403,8.0,
06/30/26 22:50:00,30.198,7.0,
06/30/26 22:55:00,30.403,4.0,
06/30/26 23:00:00,30.198,2.0,
06/30/26 23:05:00,29.995,1.0,
06/30/26 23:10:00,29.586,0.0,
06/30/26 23:15:00,29.174,0.0,
06/30/26 23:20:00,29.586,0.0,
06/30/26 23:25:00,29.790,0.0,
06/30/26 23:30:00,30.198,0.0,
06/30/26 23:35:00,30.403,0.0,
06/30/26 23:40:00,30.808,0.0,
06/30/26 23:45:00,30.607,0.0,
06/30/26 23:50:00,30.607,0.0,
06/30/26 23:55:00,30.607,0.0,
07/01/26 00:00:00,30.607,0.0,
07/01/26 00:05:00,30.808,0.0,
07/01/26 00:10:00,31.012,0.0,
07/01/26 00:15:00,31.012,0.0,
07/01/26 00:20:00,31.012,0.0,
07/01/26 00:25:00,31.012,0.0,
07/01/26 00:30:00,31.012,0.0,
07/01/26 00:35:00,31.012,0.0,
07/01/26 00:40:00,31.012,0.0,
07/01/26 00:45:00,30.607,0.0,
07/01/26 00:50:00,30.808,0.0,
07/01/26 00:55:00,30.808,0.0,
07/01/26 01:00:00,30.808,0.0,
07/01/26 01:05:00,30.607,0.0,
07/01/26 01:10:00,30.607,0.0,
07/01/26 01:15:00,30.607,0.0,
07/01/26 01:20:00,30.607,0.0,
07/01/26 01:25:00,30.607,0.0,
07/01/26 01:30:00,30.403,0.0,
07/01/26 01:35:00,30.198,0.0,
07/01/26 01:40:00,30.198,0.0,
07/01/26 01:45:00,30.198,0.0,
07/01/26 01:50:00,29.995,0.0,
07/01/26 01:55:00,30.403,0.0,
07/01/26 02:00:00,30.403,0.0,
07/01/26 02:05:00,30.403,0.0,
07/01/26 02:10:00,29.790,0.0,
07/01/26 02:15:00,29.995,0.0,
07/01/26 02:20:00,29.995,0.0,
07/01/26 02:25:00,29.790,0.0,
07/01/26 02:30:00,29.790,0.0,
07/01/26 02:35:00,29.995,0.0,
07/01/26 02:40:00,29.790,0.0,
07/01/26 02:45:00,29.379,0.0,
07/01/26 02:50:00,28.762,0.0,
07/01/26 02:55:00,27.930,0.0,
07/01/26 03:00:00,27.091,1.0,
07/01/26 03:05:00,26.881,2.0,
07/01/26 03:10:00,27.511,4.0,
07/01/26 03:15:00,28.555,8.0,
07/01/26 03:20:00,29.174,10.0,
07/01/26 03:25:00,29.379,13.0,
07/01/26 03:30:00,29.174,18.0,
07/01/26 03:35:00,28.762,26.0,
07/01/26 03:40:00,28.555,33.0,
07/01/26 03:45:00,28.555,43.0,
07/01/26 03:50:00,28.762,55.0,
07/01/26 03:55:00,29.379,75.0,
07/01/26 04:00:00,29.586,83.0,
07/01/26 04:05:00,29.790,136.0,
07/01/26 04:10:00,30.198,200.0,
07/01/26 04:15:00,30.403,256.0,
07/01/26 04:20:00,30.403,216.0,
07/01/26 04:25:00,30.607,256.0,
07/01/26 04:30:00,30.403,336.0,
07/01/26 04:35:00,30.403,480.0,
07/01/26 04:40:00,30.403,512.0,
07/01/26 04:45:00,30.808,576.0,
07/01/26 04:50:00,31.213,672.0,
07/01/26 04:55:00,31.213,512.0,
07/01/26 05:00:00,31.213,576.0,
07/01/26 05:05:00,31.213,512.0,
07/01/26 05:10:00,31.012,576.0,
07/01/26 05:15:00,31.213,576.0,
07/01/26 05:20:00,31.415,512.0,
07/01/26 05:25:00,31.617,1152.0,
07/01/26 05:30:00,32.018,1280.0,
07/01/26 05:35:00,32.815,1536.0,
07/01/26 05:40:00,32.418,1216.0,
07/01/26 05:45:00,32.815,1920.0,
07/01/26 05:50:00,33.213,1536.0,
07/01/26 05:55:00,33.411,1728.0,
07/01/26 06:00:00,33.607,2048.0,
07/01/26 06:05:00,34.198,2048.0,
07/01/26 06:10:00,34.198,1792.0,
07/01/26 06:15:00,33.607,1344.0,
07/01/26 06:20:00,35.564,2176.0,
07/01/26 06:25:00,34.786,2560.0,
07/01/26 06:30:00,35.564,3072.0,
07/01/26 06:35:00,35.564,2816.0,
07/01/26 06:40:00,35.370,2304.0,
07/01/26 06:45:00,35.758,2176.0,
07/01/26 06:50:00,36.338,2560.0,
07/01/26 06:55:00,36.338,2816.0,
07/01/26 07:00:00,36.145,2560.0,
07/01/26 07:05:00,36.145,2304.0,
07/01/26 07:10:00,35.564,1344.0,
07/01/26 07:15:00,34.981,2304.0,
07/01/26 07:20:00,34.981,1920.0,
07/01/26 07:25:00,34.198,1600.0,
07/01/26 07:30:00,34.002,1600.0,
07/01/26 07:35:00,33.213,1152.0,
07/01/26 07:40:00,33.213,1088.0,
07/01/26 07:45:00,32.418,1088.0,
07/01/26 07:50:00,34.394,1856.0,
07/01/26 07:55:00,48.695,6144.0,
07/01/26 08:00:00,53.100,6400.0,
07/01/26 08:05:00,53.449,6400.0,
07/01/26 08:10:00,54.842,6912.0,
07/01/26 08:15:00,55.364,7168.0,
07/01/26 08:20:00,55.711,7424.0,
07/01/26 08:25:00,55.189,8192.0,
07/01/26 08:30:00,54.495,8704.0,
07/01/26 08:35:00,56.404,9216.0,
07/01/26 08:40:00,56.057,10240.0,
07/01/26 08:45:00,54.495,7168.0,
07/01/26 08:50:00,54.147,10752.0,
07/01/26 08:55:00,55.364,12800.0,
07/01/26 09:00:00,59.164,13824.0,
07/01/26 09:05:00,59.851,11264.0,
07/01/26 09:10:00,60.712,14336.0,
07/01/26 09:15:00,52.925,5888.0,
07/01/26 09:20:00,49.937,5376.0,
07/01/26 09:25:00,47.088,5632.0,
07/01/26 09:30:00,51.346,13312.0,
07/01/26 09:35:00,55.884,13312.0,
07/01/26 09:40:00,57.096,13312.0,
07/01/26 09:45:00,56.750,13824.0,
07/01/26 09:50:00,57.268,14336.0,
07/01/26 09:55:00,56.923,14848.0,
07/01/26 10:00:00,56.923,14848.0,
07/01/26 10:05:00,57.785,16384.0,
07/01/26 10:10:00,54.669,18432.0,
07/01/26 10:15:00,56.923,17408.0,
07/01/26 10:20:00,58.131,15360.0,
07/01/26 10:25:00,57.785,15360.0,
07/01/26 10:30:00,57.958,15360.0,
07/01/26 10:35:00,57.958,16384.0,
07/01/26 10:40:00,60.195,16384.0,
07/01/26 10:45:00,61.054,16384.0,
07/01/26 10:50:00,58.647,15872.0,
07/01/26 10:55:00,55.711,11264.0,
07/01/26 11:00:00,59.508,15360.0,
07/01/26 11:05:00,59.851,15872.0,
07/01/26 11:10:00,58.993,10752.0,
07/01/26 11:15:00,60.195,14336.0,
07/01/26 11:20:00,58.476,10752.0,
07/01/26 11:25:00,54.147,10240.0,
07/01/26 11:30:00,53.973,10240.0,
07/01/26 11:35:00,52.576,10240.0,
07/01/26 11:40:00,52.225,10240.0,
07/01/26 11:45:00,52.925,10752.0,
07/01/26 11:50:00,54.147,10240.0,
07/01/26 11:55:00,55.017,10240.0,
07/01/26 12:00:00,53.798,10240.0,
07/01/26 12:05:00,55.364,10752.0,
07/01/26 12:10:00,58.647,14848.0,
07/01/26 12:15:00,61.398,18432.0,
07/01/26 12:20:00,64.481,19456.0,
07/01/26 12:25:00,62.083,17408.0,
07/01/26 12:30:00,59.337,12800.0,
07/01/26 12:35:00,55.017,11264.0,
07/01/26 12:40:00,53.100,10240.0,
07/01/26 12:45:00,54.495,11776.0,
07/01/26 12:50:00,56.577,15360.0,
07/01/26 12:55:00,56.230,12288.0,
07/01/26 13:00:00,56.230,14336.0,
07/01/26 13:05:00,56.923,11776.0,
07/01/26 13:10:00,55.189,12800.0,
07/01/26 13:15:00,49.759,8192.0,
07/01/26 13:20:00,56.923,14336.0,
07/01/26 13:25:00,54.495,8704.0,
07/01/26 13:30:00,55.189,13312.0,
07/01/26 13:35:00,54.322,10752.0,
07/01/26 13:40:00,59.508,16384.0,
07/01/26 13:45:00,62.425,16384.0,
07/01/26 13:50:00,58.131,12800.0,
07/01/26 13:55:00,62.425,12800.0,
07/01/26 14:00:00,60.539,12288.0,
07/01/26 14:05:00,62.425,9728.0,
07/01/26 14:10:00,59.851,12288.0,
07/01/26 14:15:00,57.268,9728.0,
07/01/26 14:20:00,58.993,13824.0,
07/01/26 14:25:00,60.712,7936.0,
07/01/26 14:30:00,59.680,15872.0,
07/01/26 14:35:00,51.523,5888.0,
07/01/26 14:40:00,49.937,7936.0,
07/01/26 14:45:00,50.466,10240.0,
07/01/26 14:50:00,57.441,16384.0,
07/01/26 14:55:00,57.441,12800.0,
07/01/26 15:00:00,57.785,17408.0,
07/01/26 15:05:00,56.230,16384.0,
07/01/26 15:10:00,56.057,16384.0,
07/01/26 15:15:00,55.711,16384.0,
07/01/26 15:20:00,55.017,15872.0,
07/01/26 15:25:00,55.537,15872.0,
07/01/26 15:30:00,55.537,15872.0,
07/01/26 15:35:00,55.884,15360.0,
07/01/26 15:40:00,56.057,15360.0,
07/01/26 15:45:00,54.147,14848.0,
07/01/26 15:50:00,52.925,14336.0,
07/01/26 15:55:00,52.401,14336.0,
07/01/26 16:00:00,52.050,13824.0,
07/01/26 16:05:00,51.172,13312.0,
07/01/26 16:10:00,50.643,13312.0,
07/01/26 16:15:00,50.643,12800.0,
07/01/26 16:20:00,50.290,12800.0,
07/01/26 16:25:00,50.466,12800.0,
07/01/26 16:30:00,50.819,12800.0,
07/01/26 16:35:00,50.819,11776.0,
07/01/26 16:40:00,50.290,12288.0,
07/01/26 16:45:00,50.466,11776.0,
07/01/26 16:50:00,50.819,11776.0,
07/01/26 16:55:00,51.523,11264.0,
07/01/26 17:00:00,51.346,10752.0,
07/01/26 17:05:00,50.819,10240.0,
07/01/26 17:10:00,49.759,10240.0,
07/01/26 17:15:00,50.113,9728.0,
07/01/26 17:20:00,50.290,9216.0,
07/01/26 17:25:00,50.995,9216.0,
07/01/26 17:30:00,50.466,8704.0,
07/01/26 17:35:00,49.937,8192.0,
07/01/26 17:40:00,50.113,8192.0,
07/01/26 17:45:00,49.759,7936.0,
07/01/26 17:50:00,49.050,7680.0,
07/01/26 17:55:00,48.517,7424.0,
07/01/26 18:00:00,48.339,7168.0,
07/01/26 18:05:00,48.517,6912.0,
07/01/26 18:10:00,48.517,6656.0,
07/01/26 18:15:00,48.339,6656.0,
07/01/26 18:20:00,48.695,6400.0,
07/01/26 18:25:00,48.339,6144.0,
07/01/26 18:30:00,47.266,5888.0,
07/01/26 18:35:00,46.008,5632.0,
07/01/26 18:40:00,45.648,5632.0,
07/01/26 18:45:00,45.286,5376.0,
07/01/26 18:50:00,44.742,5120.0,
07/01/26 18:55:00,44.195,5120.0,
07/01/26 19:00:00,43.831,4864.0,
07/01/26 19:05:00,43.466,4864.0,
07/01/26 19:10:00,43.099,4608.0,
07/01/26 19:15:00,42.363,4608.0,
07/01/26 19:20:00,42.179,4608.0,
07/01/26 19:25:00,42.363,4608.0,
07/01/26 19:30:00,42.363,4608.0,
07/01/26 19:35:00,41.810,4352.0,
07/01/26 19:40:00,41.067,4096.0,
07/01/26 19:45:00,40.881,3968.0,
07/01/26 19:50:00,40.321,3840.0,
07/01/26 19:55:00,39.573,3456.0,
07/01/26 20:00:00,39.196,3456.0,
07/01/26 20:05:00,39.007,3200.0,
07/01/26 20:10:00,38.250,2560.0,
07/01/26 20:15:00,38.250,2816.0,
07/01/26 20:20:00,38.250,2816.0,
07/01/26 20:25:00,38.250,2688.0,
07/01/26 20:30:00,37.870,2560.0,
07/01/26 20:35:00,37.679,2432.0,
07/01/26 20:40:00,35.758,1536.0,
07/01/26 20:45:00,31.415,672.0,
07/01/26 20:50:00,30.198,608.0,
07/01/26 20:55:00,29.174,512.0,
07/01/26 21:00:00,29.379,448.0,
07/01/26 21:05:00,29.586,416.0,
07/01/26 21:10:00,28.969,400.0,
07/01/26 21:15:00,28.969,352.0,
07/01/26 21:20:00,28.969,320.0,
07/01/26 21:25:00,28.969,320.0,
07/01/26 21:30:00,28.969,336.0,
07/01/26 21:35:00,28.346,256.0,
07/01/26 21:40:00,28.139,200.0,
07/01/26 21:45:00,27.721,160.0,
07/01/26 21:50:00,28.346,126.0,
07/01/26 21:55:00,28.969,101.0,
07/01/26 22:00:00,28.762,82.0,
07/01/26 22:05:00,27.930,67.0,
07/01/26 22:10:00,27.511,54.0,
07/01/26 22:15:00,27.721,47.0,
07/01/26 22:20:00,27.091,37.0,
07/01/26 22:25:00,27.511,28.0,
07/01/26 22:30:00,27.721,21.0,
07/01/26 22:35:00,27.091,15.0,
07/01/26 22:40:00,26.458,11.0,
07/01/26 22:45:00,27.091,7.0,
07/01/26 22:50:00,26.031,5.0,
07/01/26 22:55:00,26.245,3.0,
07/01/26 23:00:00,27.091,1.0,
07/01/26 23:05:00,27.302,1.0,
07/01/26 23:10:00,26.881,0.0,
07/01/26 23:15:00,26.458,0.0,
07/01/26 23:20:00,25.390,0.0,
07/01/26 23:25:00,26.245,0.0,
07/01/26 23:30:00,26.245,0.0,
07/01/26 23:35:00,26.031,0.0,
07/01/26 23:40:00,26.881,0.0,
07/01/26 23:45:00,26.668,0.0,
07/01/26 23:50:00,26.881,0.0,
07/01/26 23:55:00,26.458,0.0,
07/02/26 00:00:00,26.245,0.0,
07/02/26 00:05:00,26.245,0.0,
07/02/26 00:10:00,26.668,0.0,
07/02/26 00:15:00,26.245,0.0,
07/02/26 00:20:00,27.091,0.0,
07/02/26 00:25:00,26.668,0.0,
07/02/26 00:30:00,26.881,0.0,
07/02/26 00:35:00,26.881,0.0,
07/02/26 00:40:00,26.881,0.0,
07/02/26 00:45:00,26.458,0.0,
07/02/26 00:50:00,26.668,0.0,
07/02/26 00:55:00,26.881,0.0,
07/02/26 01:00:00,26.881,0.0,
07/02/26 01:05:00,26.458,0.0,
07/02/26 01:10:00,26.668,0.0,
07/02/26 01:15:00,26.668,0.0,
07/02/26 01:20:00,27.091,0.0,
07/02/26 01:25:00,27.302,0.0,
07/02/26 01:30:00,27.302,0.0,
07/02/26 01:35:00,27.511,0.0,
07/02/26 01:40:00,27.302,0.0,
07/02/26 01:45:00,26.668,0.0,
07/02/26 01:50:00,26.668,0.0,
07/02/26 01:55:00,26.668,0.0,
07/02/26 02:00:00,26.881,0.0,
07/02/26 02:05:00,26.668,0.0,
07/02/26 02:10:00,25.819,0.0,
07/02/26 02:15:00,25.819,0.0,
07/02/26 02:20:00,25.605,0.0,
07/02/26 02:25:00,24.960,0.0,
07/02/26 02:30:00,24.526,0.0,
07/02/26 02:35:00,24.310,0.0,
07/02/26 02:40:00,24.526,0.0,
07/02/26 02:45:00,24.744,0.0,
07/02/26 02:50:00,26.458,0.0,
07/02/26 02:55:00,27.091,0.0,
07/02/26 03:00:00,27.511,1.0,
07/02/26 03:05:00,27.721,2.0,
07/02/26 03:10:00,27.930,4.0,
07/02/26 03:15:00,27.930,7.0,
07/02/26 03:20:00,28.139,10.0,
07/02/26 03:25:00,28.346,15.0,
07/02/26 03:30:00,28.139,20.0,
07/02/26 03:35:00,28.346,26.0,
07/02/26 03:40:00,28.762,33.0,
07/02/26 03:45:00,28.762,42.0,
07/02/26 03:50:00,28.762,52.0,
07/02/26 03:55:00,28.555,61.0,
07/02/26 04:00:00,28.555,77.0,
07/02/26 04:05:00,28.969,101.0,
07/02/26 04:10:00,29.379,119.0,
07/02/26 04:15:00,29.379,136.0,
07/02/26 04:20:00,28.555,160.0,
07/02/26 04:25:00,28.555,200.0,
07/02/26 04:30:00,28.969,248.0,
07/02/26 04:35:00,28.969,320.0,
07/02/26 04:40:00,28.969,416.0,
07/02/26 04:45:00,29.174,480.0,
07/02/26 04:50:00,29.790,672.0,
07/02/26 04:55:00,30.808,704.0,
07/02/26 05:00:00,31.415,704.0,
07/02/26 05:05:00,31.816,800.0,
07/02/26 05:10:00,32.418,960.0,
07/02/26 05:15:00,33.607,1216.0,
07/02/26 05:20:00,32.418,1216.0,
07/02/26 05:25:00,31.816,1152.0,
07/02/26 05:30:00,31.213,992.0,
07/02/26 05:35:00,30.607,800.0,
07/02/26 05:40:00,30.607,896.0,
07/02/26 05:45:00,31.012,1088.0,
07/02/26 05:50:00,31.012,1344.0,
07/02/26 05:55:00,31.816,1536.0,
07/02/26 06:00:00,32.418,1792.0,
07/02/26 06:05:00,33.607,2176.0,
07/02/26 06:10:00,34.786,2816.0,
07/02/26 06:15:00,36.145,3072.0,
07/02/26 06:20:00,35.758,2688.0,
07/02/26 06:25:00,35.175,2560.0,
07/02/26 06:30:00,34.786,2304.0,
07/02/26 06:35:00,34.590,2304.0,
07/02/26 06:40:00,34.590,2432.0,
07/02/26 06:45:00,35.175,3072.0,
07/02/26 06:50:00,35.564,3200.0,
07/02/26 06:55:00,35.758,3200.0,
07/02/26 07:00:00,35.951,3200.0,
07/02/26 07:05:00,36.338,3328.0,
07/02/26 07:10:00,36.145,3072.0,
07/02/26 07:15:00,35.951,3072.0,
07/02/26 07:20:00,36.723,3456.0,
07/02/26 07:25:00,37.870,3584.0,
07/02/26 07:30:00,39.384,3200.0,
07/02/26 07:35:00,38.440,4352.0,
07/02/26 07:40:00,41.439,5632.0,
07/02/26 07:45:00,40.881,4864.0,
07/02/26 07:50:00,41.439,4864.0,
07/02/26 07:55:00,42.548,4096.0,
07/02/26 08:00:00,43.466,4608.0,
07/02/26 08:05:00,48.339,7936.0,
07/02/26 08:10:00,46.908,6144.0,
07/02/26 08:15:00,45.104,5376.0,
07/02/26 08:20:00,42.363,4096.0,
07/02/26 08:25:00,47.088,7680.0,
07/02/26 08:30:00,43.466,2944.0,
07/02/26 08:35:00,45.828,7424.0,
07/02/26 08:40:00,41.067,2688.0,
07/02/26 08:45:00,48.871,11264.0,
07/02/26 08:50:00,51.172,11264.0,
07/02/26 08:55:00,56.057,11776.0,
07/02/26 09:00:00,56.750,11776.0,
07/02/26 09:05:00,52.750,6144.0,
07/02/26 09:10:00,57.268,14848.0,
07/02/26 09:15:00,61.569,16384.0,
07/02/26 09:20:00,56.404,10752.0,
07/02/26 09:25:00,53.100,12800.0,
07/02/26 09:30:00,56.750,9728.0,
07/02/26 09:35:00,55.711,12800.0,
07/02/26 09:40:00,63.282,22528.0,
07/02/26 09:45:00,58.647,11264.0,
07/02/26 09:50:00,50.995,9728.0,
07/02/26 09:55:00,55.364,12800.0,
07/02/26 10:00:00,56.750,16384.0,
07/02/26 10:05:00,56.577,15360.0,
07/02/26 10:10:00,56.057,14336.0,
07/02/26 10:15:00,58.303,17408.0,
07/02/26 10:20:00,55.537,9728.0,
07/02/26 10:25:00,51.699,9216.0,
07/02/26 10:30:00,50.290,11776.0,
07/02/26 10:35:00,56.057,16384.0,
07/02/26 10:40:00,61.741,21504.0,
07/02/26 10:45:00,62.425,14336.0,
07/02/26 10:50:00,61.569,19456.0,
07/02/26 10:55:00,61.569,17408.0,
07/02/26 11:00:00,64.139,20480.0,
07/02/26 11:05:00,62.769,17408.0,
07/02/26 11:10:00,58.476,13824.0,
07/02/26 11:15:00,58.476,16384.0,
07/02/26 11:20:00,58.647,15872.0,
07/02/26 11:25:00,65.680,24576.0,
07/02/26 11:30:00,61.741,15360.0,
07/02/26 11:35:00,60.712,16384.0,
07/02/26 11:40:00,58.303,14336.0,
07/02/26 11:45:00,56.750,12800.0,
07/02/26 11:50:00,55.537,12288.0,
07/02/26 11:55:00,53.274,11264.0,
07/02/26 12:00:00,52.576,10240.0,
07/02/26 12:05:00,51.523,10240.0,
07/02/26 12:10:00,51.346,10240.0,
07/02/26 12:15:00,50.995,10240.0,
07/02/26 12:20:00,53.100,12288.0,
07/02/26 12:25:00,52.750,10752.0,
07/02/26 12:30:00,52.225,10240.0,
07/02/26 12:35:00,54.322,12288.0,
07/02/26 12:40:00,55.364,11776.0,
07/02/26 12:45:00,55.711,12288.0,
07/02/26 12:50:00,55.884,13312.0,
07/02/26 12:55:00,54.322,10752.0,
07/02/26 13:00:00,53.274,10752.0,
07/02/26 13:05:00,54.495,12288.0,
07/02/26 13:10:00,55.884,12288.0,
07/02/26 13:15:00,55.711,12288.0,
07/02/26 13:20:00,54.842,11776.0,
07/02/26 13:25:00,54.322,11776.0,
07/02/26 13:30:00,53.973,11264.0,
07/02/26 13:35:00,54.147,11264.0,
07/02/26 13:40:00,54.669,11776.0,
07/02/26 13:45:00,55.017,11264.0,
07/02/26 13:50:00,54.495,11264.0,
07/02/26 13:55:00,54.495,11776.0,
07/02/26 14:00:00,54.669,11776.0,
07/02/26 14:05:00,56.057,12800.0,
07/02/26 14:10:00,57.268,12800.0,
07/02/26 14:15:00,57.268,12288.0,
07/02/26 14:20:00,54.322,10752.0,
07/02/26 14:25:00,52.576,10240.0,
07/02/26 14:30:00,52.576,10240.0,
07/02/26 14:35:00,52.750,10240.0,
07/02/26 14:40:00,52.225,9728.0,
07/02/26 14:45:00,52.401,11264.0,
07/02/26 14:50:00,52.401,10752.0,
07/02/26 14:55:00,52.050,10240.0,
07/02/26 15:00:00,51.874,9728.0,
07/02/26 15:05:00,50.643,9216.0,
07/02/26 15:10:00,49.759,8704.0,
07/02/26 15:15:00,49.228,8192.0,
07/02/26 15:20:00,48.517,8192.0,
07/02/26 15:25:00,48.160,7936.0,
07/02/26 15:30:00,48.160,7936.0,
07/02/26 15:35:00,47.982,7936.0,
07/02/26 15:40:00,47.982,7936.0,
07/02/26 15:45:00,47.982,7936.0,
07/02/26 15:50:00,48.339,7680.0,
07/02/26 15:55:00,48.339,7680.0,
07/02/26 16:00:00,48.339,7936.0,
07/02/26 16:05:00,48.339,8192.0,
07/02/26 16:10:00,47.446,6912.0,
07/02/26 16:15:00,46.908,7680.0,
07/02/26 16:20:00,46.908,7168.0,
07/02/26 16:25:00,45.648,6656.0,
07/02/26 16:30:00,44.922,6144.0,
07/02/26 16:35:00,44.195,5632.0,
07/02/26 16:40:00,43.648,5376.0,
07/02/26 16:45:00,43.282,5376.0,
07/02/26 16:50:00,43.099,5376.0,
07/02/26 16:55:00,43.648,5632.0,
07/02/26 17:00:00,43.466,5120.0,
07/02/26 17:05:00,42.363,4608.0,
07/02/26 17:10:00,41.994,4864.0,
07/02/26 17:15:00,42.548,5632.0,
07/02/26 17:20:00,43.466,6144.0,
07/02/26 17:25:00,43.831,6400.0,
07/02/26 17:30:00,44.379,6912.0,
07/02/26 17:35:00,45.286,7424.0,
07/02/26 17:40:00,44.742,6656.0,
07/02/26 17:45:00,46.008,8192.0,
07/02/26 17:50:00,47.624,8704.0,
07/02/26 17:55:00,46.908,7168.0,
07/02/26 18:00:00,45.286,6144.0,
07/02/26 18:05:00,46.008,9216.0,
07/02/26 18:10:00,47.624,9216.0,
07/02/26 18:15:00,46.008,6144.0,
07/02/26 18:20:00,42.548,4608.0,
07/02/26 18:25:00,40.509,4096.0,
07/02/26 18:30:00,39.947,3072.0,
07/02/26 18:35:00,39.573,3584.0,
07/02/26 18:40:00,40.134,5120.0,
07/02/26 18:45:00,41.067,4864.0,
07/02/26 18:50:00,41.067,4352.0,
07/02/26 18:55:00,39.947,4096.0,
07/02/26 19:00:00,40.134,4352.0,
07/02/26 19:05:00,40.134,4352.0,
07/02/26 19:10:00,40.509,4608.0,
07/02/26 19:15:00,41.994,5632.0,
07/02/26 19:20:00,42.179,4608.0,
07/02/26 19:25:00,40.321,4096.0,
07/02/26 19:30:00,39.573,3968.0,
07/02/26 19:35:00,39.384,3584.0,
07/02/26 19:40:00,38.440,3200.0,
07/02/26 19:45:00,37.679,3072.0,
07/02/26 19:50:00,37.488,2816.0,
07/02/26 19:55:00,36.723,2560.0,
07/02/26 20:00:00,35.564,1664.0,
07/02/26 20:05:00,34.981,1408.0,
07/02/26 20:10:00,34.590,1536.0,
07/02/26 20:15:00,34.981,1728.0,
07/02/26 20:20:00,34.590,1600.0,
07/02/26 20:25:00,34.590,1600.0,
07/02/26 20:30:00,34.590,1536.0,
07/02/26 20:35:00,34.394,1536.0,
07/02/26 20:40:00,33.805,992.0,
07/02/26 20:45:00,33.411,864.0,
07/02/26 20:50:00,33.213,704.0,
07/02/26 20:55:00,32.815,608.0,
07/02/26 21:00:00,32.617,672.0,
07/02/26 21:05:00,32.815,672.0,
07/02/26 21:10:00,33.213,800.0,
07/02/26 21:15:00,33.013,608.0,
07/02/26 21:20:00,32.418,464.0,
07/02/26 21:25:00,32.018,384.0,
07/02/26 21:30:00,31.816,352.0,
07/02/26 21:35:00,31.617,256.0,
07/02/26 21:40:00,31.012,240.0,
07/02/26 21:45:00,30.808,216.0,
07/02/26 21:50:00,30.808,184.0,
07/02/26 21:55:00,30.808,160.0,
07/02/26 22:00:00,31.012,88.0,
07/02/26 22:05:00,30.808,58.0,
07/02/26 22:10:00,30.403,46.0,
07/02/26 22:15:00,30.403,38.0,
07/02/26 22:20:00,29.995,30.0,
07/02/26 22:25:00,30.198,22.0,
07/02/26 22:30:00,30.198,16.0,
07/02/26 22:35:00,30.198,13.0,
07/02/26 22:40:00,29.995,9.0,
07/02/26 22:45:00,29.995,6.0,
07/02/26 22:50:00,30.198,4.0,
07/02/26 22:55:00,29.995,2.0,
07/02/26 23:00:00,29.586,1.0,
07/02/26 23:05:00,29.586,0.0,
07/02/26 23:10:00,29.790,0.0,
07/02/26 23:15:00,29.995,0.0,
07/02/26 23:20:00,29.790,0.0,
07/02/26 23:25:00,29.995,0.0,
07/02/26 23:30:00,30.198,0.0,
07/02/26 23:35:00,29.995,0.0,
07/02/26 23:40:00,29.790,0.0,
07/02/26 23:45:00,29.586,0.0,
07/02/26 23:50:00,29.995,0.0,
07/02/26 23:55:00,29.790,0.0,
07/03/26 00:00:00,29.995,0.0,
07/03/26 00:05:00,29.790,0.0,
07/03/26 00:10:00,29.790,0.0,
07/03/26 00:15:00,29.586,0.0,
07/03/26 00:20:00,29.586,0.0,
07/03/26 00:25:00,29.790,0.0,
07/03/26 00:30:00,29.379,0.0,
07/03/26 00:35:00,29.586,0.0,
07/03/26 00:40:00,29.174,0.0,
07/03/26 00:45:00,29.174,0.0,
07/03/26 00:50:00,28.969,0.0,
07/03/26 00:55:00,28.555,0.0,
07/03/26 01:00:00,28.555,0.0,
07/03/26 01:05:00,28.346,0.0,
07/03/26 01:10:00,28.555,0.0,
07/03/26 01:15:00,28.555,0.0,
07/03/26 01:20:00,28.139,0.0,
07/03/26 01:25:00,27.930,0.0,
07/03/26 01:30:00,27.930,0.0,
07/03/26 01:35:00,27.721,0.0,
07/03/26 01:40:00,27.511,0.0,
07/03/26 01:45:00,27.721,0.0,
07/03/26 01:50:00,27.511,0.0,
07/03/26 01:55:00,27.511,0.0,
07/03/26 02:00:00,27.930,0.0,
07/03/26 02:05:00,27.930,0.0,
07/03/26 02:10:00,27.721,0.0,
07/03/26 02:15:00,27.511,0.0,
07/03/26 02:20:00,27.091,0.0,
07/03/26 02:25:00,27.091,0.0,
07/03/26 02:30:00,26.881,0.0,
07/03/26 02:35:00,26.881,0.0,
07/03/26 02:40:00,26.881,0.0,
07/03/26 02:45:00,26.881,0.0,
07/03/26 02:50:00,27.091,0.0,
07/03/26 02:55:00,26.881,0.0,
07/03/26 03:00:00,26.668,1.0,
07/03/26 03:05:00,26.881,3.0,
07/03/26 03:10:00,26.668,5.0,
07/03/26 03:15:00,26.458,7.0,
07/03/26 03:20:00,26.668,10.0,
07/03/26 03:25:00,26.458,14.0,
07/03/26 03:30:00,26.881,18.0,
07/03/26 03:35:00,27.091,24.0,
07/03/26 03:40:00,27.302,30.0,
07/03/26 03:45:00,26.881,38.0,
07/03/26 03:50:00,26.458,47.0,
07/03/26 03:55:00,26.031,57.0,
07/03/26 04:00:00,26.031,68.0,
07/03/26 04:05:00,26.458,79.0,
07/03/26 04:10:00,26.458,91.0,
07/03/26 04:15:00,27.091,104.0,
07/03/26 04:20:00,27.091,116.0,
07/03/26 04:25:00,27.302,128.0,
07/03/26 04:30:00,26.881,144.0,
07/03/26 04:35:00,27.091,160.0,
07/03/26 04:40:00,27.302,200.0,
07/03/26 04:45:00,27.302,216.0,
07/03/26 04:50:00,27.302,248.0,
07/03/26 04:55:00,28.346,400.0,
07/03/26 05:00:00,29.790,320.0,
07/03/26 05:05:00,33.805,1280.0,
07/03/26 05:10:00,35.175,1280.0,
07/03/26 05:15:00,30.607,368.0,
07/03/26 05:20:00,29.790,384.0,
07/03/26 05:25:00,36.338,1728.0,
07/03/26 05:30:00,38.250,1536.0,
07/03/26 05:35:00,39.947,1792.0,
07/03/26 05:40:00,41.439,2048.0,
07/03/26 05:45:00,41.254,2048.0,
07/03/26 05:50:00,43.282,2560.0,
07/03/26 05:55:00,43.099,2560.0,
07/03/26 06:00:00,44.195,2944.0,
07/03/26 06:05:00,44.742,2816.0,
07/03/26 06:10:00,44.742,3072.0,
07/03/26 06:15:00,45.104,3200.0,
07/03/26 06:20:00,45.648,3456.0,
07/03/26 06:25:00,46.188,3456.0,
07/03/26 06:30:00,47.088,3968.0,
07/03/26 06:35:00,47.088,4096.0,
07/03/26 06:40:00,47.446,4096.0,
07/03/26 06:45:00,48.160,4352.0,
07/03/26 06:50:00,48.517,4352.0,
07/03/26 06:55:00,48.871,4608.0,
07/03/26 07:00:00,44.560,2432.0,
07/03/26 07:05:00,45.466,5120.0,
07/03/26 07:10:00,49.050,5376.0,
07/03/26 07:15:00,50.113,5888.0,
07/03/26 07:20:00,50.466,5632.0,
07/03/26 07:25:00,50.466,5888.0,
07/03/26 07:30:00,50.643,6400.0,
07/03/26 07:35:00,50.819,6400.0,
07/03/26 07:40:00,51.346,7168.0,
07/03/26 07:45:00,51.523,7168.0,
07/03/26 07:50:00,51.699,7424.0,
07/03/26 07:55:00,51.699,7424.0,
07/03/26 08:00:00,50.995,7680.0,
07/03/26 08:05:00,50.995,7936.0,
07/03/26 08:10:00,50.819,7936.0,
07/03/26 08:15:00,50.995,8192.0,
07/03/26 08:20:00,51.346,8704.0,
07/03/26 08:25:00,52.576,9216.0,
07/03/26 08:30:00,48.517,3968.0,
07/03/26 08:35:00,46.548,9728.0,
07/03/26 08:40:00,47.624,5120.0,
07/03/26 08:45:00,52.750,11776.0,
07/03/26 08:50:00,51.874,11776.0,
07/03/26 08:55:00,52.925,11776.0,
07/03/26 09:00:00,53.449,11776.0,
07/03/26 09:05:00,53.623,11776.0,
07/03/26 09:10:00,53.623,12288.0,
07/03/26 09:15:00,54.147,12800.0,
07/03/26 09:20:00,54.842,12800.0,
07/03/26 09:25:00,55.189,13312.0,
07/03/26 09:30:00,51.874,9728.0,
07/03/26 09:35:00,52.050,14848.0,
07/03/26 09:40:00,50.995,14848.0,
07/03/26 09:45:00,53.798,14336.0,
07/03/26 09:50:00,55.537,14336.0,
07/03/26 09:55:00,56.230,14336.0,
07/03/26 10:00:00,56.750,14848.0,
07/03/26 10:05:00,53.623,10752.0,
07/03/26 10:10:00,49.404,8704.0,
07/03/26 10:15:00,51.699,13824.0,
07/03/26 10:20:00,48.695,8192.0,
07/03/26 10:25:00,52.576,11776.0,
07/03/26 10:30:00,54.147,11264.0,
07/03/26 10:35:00,52.050,10240.0,
07/03/26 10:40:00,49.404,9728.0,
07/03/26 10:45:00,52.401,11776.0,
07/03/26 10:50:00,55.189,9216.0,
07/03/26 10:55:00,50.995,8704.0,
07/03/26 11:00:00,53.623,17408.0,
07/03/26 11:05:00,52.925,16384.0,
07/03/26 11:10:00,53.100,16384.0,
07/03/26 11:15:00,53.973,16384.0,
07/03/26 11:20:00,53.623,17408.0,
07/03/26 11:25:00,52.576,15360.0,
07/03/26 11:30:00,54.495,15360.0,
07/03/26 11:35:00,55.364,19456.0,
07/03/26 11:40:00,55.537,21504.0,
07/03/26 11:45:00,52.925,18432.0,
07/03/26 11:50:00,52.576,7680.0,
07/03/26 11:55:00,53.798,18432.0,
07/03/26 12:00:00,53.798,18432.0,
07/03/26 12:05:00,56.577,14336.0,
07/03/26 12:10:00,53.973,7168.0,
07/03/26 12:15:00,50.819,12288.0,
07/03/26 12:20:00,51.874,16384.0,
07/03/26 12:25:00,47.446,8192.0,
07/03/26 12:30:00,50.290,11264.0,
07/03/26 12:35:00,50.113,9216.0,
07/03/26 12:40:00,49.050,10240.0,
07/03/26 12:45:00,47.624,8192.0,
07/03/26 12:50:00,46.908,7680.0,
07/03/26 12:55:00,52.225,12288.0,
07/03/26 13:00:00,52.925,13824.0,
07/03/26 13:05:00,52.050,11776.0,
07/03/26 13:10:00,53.274,10752.0,
07/03/26 13:15:00,53.798,12288.0,
07/03/26 13:20:00,55.537,10752.0,
07/03/26 13:25:00,54.495,10752.0,
07/03/26 13:30:00,57.441,10752.0,
07/03/26 13:35:00,55.884,10240.0,
07/03/26 13:40:00,55.017,8704.0,
07/03/26 13:45:00,54.495,9728.0,
07/03/26 13:50:00,54.669,8704.0,
07/03/26 13:55:00,53.274,6656.0,
07/03/26 14:00:00,50.819,7424.0,
07/03/26 14:05:00,52.401,8192.0,
07/03/26 14:10:00,51.346,8192.0,
07/03/26 14:15:00,50.290,9216.0,
07/03/26 14:20:00,51.346,10752.0,
07/03/26 14:25:00,52.225,12800.0,
07/03/26 14:30:00,53.623,13312.0,
07/03/26 14:35:00,54.669,14848.0,
07/03/26 14:40:00,50.290,9728.0,
07/03/26 14:45:00,56.404,20480.0,
07/03/26 14:50:00,58.993,18432.0,
07/03/26 14:55:00,58.131,19456.0,
07/03/26 15:00:00,57.614,19456.0,
07/03/26 15:05:00,54.147,15360.0,
07/03/26 15:10:00,56.057,17408.0,
07/03/26 15:15:00,49.228,7168.0,
07/03/26 15:20:00,45.104,6144.0,
07/03/26 15:25:00,44.013,6144.0,
07/03/26 15:30:00,44.195,6656.0,
07/03/26 15:35:00,44.195,7168.0,
07/03/26 15:40:00,45.104,7936.0,
07/03/26 15:45:00,46.188,8704.0,
07/03/26 15:50:00,47.982,12800.0,
07/03/26 15:55:00,47.982,12288.0,
07/03/26 16:00:00,49.582,7936.0,
07/03/26 16:05:00,44.922,6400.0,
07/03/26 16:10:00,43.648,6400.0,
07/03/26 16:15:00,43.648,6656.0,
07/03/26 16:20:00,43.648,5888.0,
07/03/26 16:25:00,43.831,6656.0,
07/03/26 16:30:00,48.517,12800.0,
07/03/26 16:35:00,50.113,10752.0,
07/03/26 16:40:00,48.695,11264.0,
07/03/26 16:45:00,51.699,12800.0,
07/03/26 16:50:00,51.874,11776.0,
07/03/26 16:55:00,50.819,10752.0,
07/03/26 17:00:00,50.995,11264.0,
07/03/26 17:05:00,49.759,9728.0,
07/03/26 17:10:00,47.624,7936.0,
07/03/26 17:15:00,44.922,6400.0,
07/03/26 17:20:00,44.195,6400.0,
07/03/26 17:25:00,42.915,5888.0,
07/03/26 17:30:00,42.915,7168.0,
07/03/26 17:35:00,46.908,9216.0,
07/03/26 17:40:00,48.871,8704.0,
07/03/26 17:45:00,47.266,5376.0,
07/03/26 17:50:00,46.908,6912.0,
07/03/26 17:55:00,46.188,6144.0,
07/03/26 18:00:00,47.266,7680.0,
07/03/26 18:05:00,48.517,5888.0,
07/03/26 18:10:00,48.871,8192.0,
07/03/26 18:15:00,49.050,7168.0,
07/03/26 18:20:00,48.517,4864.0,
07/03/26 18:25:00,47.088,7936.0,
07/03/26 18:30:00,46.369,5120.0,
07/03/26 18:35:00,47.266,6912.0,
07/03/26 18:40:00,46.908,5632.0,
07/03/26 18:45:00,47.088,4864.0,
07/03/26 18:50:00,46.908,7424.0,
07/03/26 18:55:00,46.908,6912.0,
07/03/26 19:00:00,45.648,5120.0,
07/03/26 19:05:00,45.648,6144.0,
07/03/26 19:10:00,45.466,5888.0,
07/03/26 19:15:00,44.742,4352.0,
07/03/26 19:20:00,44.379,5888.0,
07/03/26 19:25:00,42.915,4096.0,
07/03/26 19:30:00,41.067,4608.0,
07/03/26 19:35:00,42.363,4096.0,
07/03/26 19:40:00,41.254,3456.0,
07/03/26 19:45:00,39.947,2688.0,
07/03/26 19:50:00,38.629,2304.0,
07/03/26 19:55:00,38.061,2432.0,
07/03/26 20:00:00,37.107,1984.0,
07/03/26 20:05:00,36.723,1856.0,
07/03/26 20:10:00,36.145,1856.0,
07/03/26 20:15:00,35.758,1600.0,
07/03/26 20:20:00,35.370,1408.0,
07/03/26 20:25:00,35.175,1344.0,
07/03/26 20:30:00,34.981,1152.0,
07/03/26 20:35:00,34.981,1216.0,
07/03/26 20:40:00,35.175,1152.0,
07/03/26 20:45:00,34.786,992.0,
07/03/26 20:50:00,34.394,864.0,
07/03/26 20:55:00,34.002,768.0,
07/03/26 21:00:00,33.805,704.0,
07/03/26 21:05:00,33.607,608.0,
07/03/26 21:10:00,33.411,512.0,
07/03/26 21:15:00,33.013,496.0,
07/03/26 21:20:00,33.013,448.0,
07/03/26 21:25:00,32.815,384.0,
07/03/26 21:30:00,32.617,352.0,
07/03/26 21:35:00,32.617,320.0,
07/03/26 21:40:00,32.418,288.0,
07/03/26 21:45:00,32.418,240.0,
07/03/26 21:50:00,32.218,200.0,
07/03/26 21:55:00,32.218,168.0,
07/03/26 22:00:00,32.018,128.0,
07/03/26 22:05:00,31.617,94.0,
07/03/26 22:10:00,31.816,62.0,
07/03/26 22:15:00,31.617,42.0,
07/03/26 22:20:00,31.213,29.0,
07/03/26 22:25:00,31.415,22.0,
07/03/26 22:30:00,31.415,17.0,
07/03/26 22:35:00,31.617,13.0,
07/03/26 22:40:00,31.816,9.0,
07/03/26 22:45:00,32.018,6.0,
07/03/26 22:50:00,31.816,4.0,
07/03/26 22:55:00,31.617,2.0,
07/03/26 23:00:00,31.617,1.0,
07/03/26 23:05:00,31.816,0.0,
07/03/26 23:10:00,31.617,0.0,
07/03/26 23:15:00,31.617,0.0,
07/03/26 23:20:00,31.415,0.0,
07/03/26 23:25:00,31.415,0.0,
07/03/26 23:30:00,31.415,0.0,
07/03/26 23:35:00,31.617,0.0,
07/03/26 23:40:00,31.415,0.0,
07/03/26 23:45:00,31.415,0.0,
07/03/26 23:50:00,31.415,0.0,
07/03/26 23:55:00,31.617,0.0,
07/04/26 00:00:00,31.213,0.0,
07/04/26 00:05:00,31.213,0.0,
07/04/26 00:10:00,31.213,0.0,
07/04/26 00:15:00,31.213,0.0,
07/04/26 00:20:00,31.213,0.0,
07/04/26 00:25:00,31.012,0.0,
07/04/26 00:30:00,31.012,0.0,
07/04/26 00:35:00,31.012,0.0,
07/04/26 00:40:00,31.012,0.0,
07/04/26 00:45:00,31.213,0.0,
07/04/26 00:50:00,31.213,0.0,
07/04/26 00:55:00,31.213,0.0,
07/04/26 01:00:00,31.213,0.0,
07/04/26 01:05:00,31.213,0.0,
07/04/26 01:10:00,31.415,0.0,
07/04/26 01:15:00,31.213,0.0,
07/04/26 01:20:00,31.415,0.0,
07/04/26 01:25:00,31.213,0.0,
07/04/26 01:30:00,31.213,0.0,
07/04/26 01:35:00,31.213,0.0,
07/04/26 01:40:00,30.808,0.0,
07/04/26 01:45:00,31.012,0.0,
07/04/26 01:50:00,31.213,0.0,
07/04/26 01:55:00,31.213,0.0,
07/04/26 02:00:00,31.213,0.0,
07/04/26 02:05:00,31.012,0.0,
07/04/26 02:10:00,31.213,0.0,
07/04/26 02:15:00,31.213,0.0,
07/04/26 02:20:00,31.213,0.0,
07/04/26 02:25:00,31.415,0.0,
07/04/26 02:30:00,31.213,0.0,
07/04/26 02:35:00,31.012,0.0,
07/04/26 02:40:00,30.808,0.0,
07/04/26 02:45:00,30.808,0.0,
07/04/26 02:50:00,30.808,0.0,
07/04/26 02:55:00,30.808,1.0,
07/04/26 03:00:00,30.808,1.0,
07/04/26 03:05:00,30.607,2.0,
07/04/26 03:10:00,30.607,4.0,
07/04/26 03:15:00,30.607,7.0,
07/04/26 03:20:00,30.607,10.0,
07/04/26 03:25:00,30.607,15.0,
07/04/26 03:30:00,30.808,20.0,
07/04/26 03:35:00,30.808,26.0,
07/04/26 03:40:00,30.607,33.0,
07/04/26 03:45:00,30.808,41.0,
07/04/26 03:50:00,30.808,50.0,
07/04/26 03:55:00,31.012,60.0,
07/04/26 04:00:00,31.012,72.0,
07/04/26 04:05:00,30.808,81.0,
07/04/26 04:10:00,30.808,98.0,
07/04/26 04:15:00,30.808,114.0,
07/04/26 04:20:00,31.213,128.0,
07/04/26 04:25:00,31.213,152.0,
07/04/26 04:30:00,31.816,184.0,
07/04/26 04:35:00,31.816,208.0,
07/04/26 04:40:00,32.218,232.0,
07/04/26 04:45:00,31.617,240.0,
07/04/26 04:50:00,31.617,304.0,
07/04/26 04:55:00,35.951,672.0,
07/04/26 05:00:00,41.810,1152.0,
07/04/26 05:05:00,44.379,1216.0,
07/04/26 05:10:00,46.008,1344.0,
07/04/26 05:15:00,45.648,1344.0,
07/04/26 05:20:00,47.088,1472.0,
07/04/26 05:25:00,49.404,1600.0,
07/04/26 05:30:00,49.050,1728.0,
07/04/26 05:35:00,49.404,1792.0,
07/04/26 05:40:00,48.339,1984.0,
07/04/26 05:45:00,47.802,2048.0,
07/04/26 05:50:00,49.404,2176.0,
07/04/26 05:55:00,49.050,2304.0,
07/04/26 06:00:00,50.290,2560.0,
07/04/26 06:05:00,50.113,2560.0,
07/04/26 06:10:00,51.699,2688.0,
07/04/26 06:15:00,55.364,2816.0,
07/04/26 06:20:00,60.195,2944.0,
07/04/26 06:25:00,61.569,3072.0,
07/04/26 06:30:00,59.508,3328.0,
07/04/26 06:35:00,58.820,3584.0,
07/04/26 06:40:00,57.096,3712.0,
07/04/26 06:45:00,56.750,3968.0,
07/04/26 06:50:00,57.268,4096.0,
07/04/26 06:55:00,58.476,4864.0,
07/04/26 07:00:00,55.537,5120.0,
07/04/26 07:05:00,53.623,4352.0,
07/04/26 07:10:00,51.699,4096.0,
07/04/26 07:15:00,61.398,6912.0,
07/04/26 07:20:00,63.455,7168.0,
07/04/26 07:25:00,63.968,8192.0,
07/04/26 07:30:00,60.712,8704.0,
07/04/26 07:35:00,54.495,6656.0,
07/04/26 07:40:00,60.024,6912.0,
07/04/26 07:45:00,56.057,5376.0,
07/04/26 07:50:00,51.346,5632.0,
07/04/26 07:55:00,52.925,5632.0,
07/04/26 08:00:00,51.346,5632.0,
07/04/26 08:05:00,49.759,6144.0,
07/04/26 08:10:00,47.624,6656.0,
07/04/26 08:15:00,48.695,7424.0,
07/04/26 08:20:00,52.576,9216.0,
07/04/26 08:25:00,54.147,7168.0,
07/04/26 08:30:00,56.923,8704.0,
07/04/26 08:35:00,62.769,8192.0,
07/04/26 08:40:00,63.797,12800.0,
07/04/26 08:45:00,63.626,14336.0,
07/04/26 08:50:00,64.825,15872.0,
07/04/26 08:55:00,56.750,6912.0,
07/04/26 09:00:00,51.699,7936.0,
07/04/26 09:05:00,54.322,12288.0,
07/04/26 09:10:00,63.111,15360.0,
07/04/26 09:15:00,63.282,15360.0,
07/04/26 09:20:00,63.111,15872.0,
07/04/26 09:25:00,61.741,13312.0,
07/04/26 09:30:00,58.993,10752.0,
07/04/26 09:35:00,56.230,6400.0,
07/04/26 09:40:00,51.699,5632.0,
07/04/26 09:45:00,53.100,10240.0,
07/04/26 09:50:00,57.958,15872.0,
07/04/26 09:55:00,57.614,16384.0,
07/04/26 10:00:00,60.195,18432.0,
07/04/26 10:05:00,48.517,6144.0,
07/04/26 10:10:00,54.842,14848.0,
07/04/26 10:15:00,58.476,16384.0,
07/04/26 10:20:00,58.820,17408.0,
07/04/26 10:25:00,58.476,16384.0,
07/04/26 10:30:00,57.958,16384.0,
07/04/26 10:35:00,56.577,15872.0,
07/04/26 10:40:00,56.577,15872.0,
07/04/26 10:45:00,56.404,16384.0,
07/04/26 10:50:00,56.404,16384.0,
07/04/26 10:55:00,57.958,16384.0,
07/04/26 11:00:00,58.993,16384.0,
07/04/26 11:05:00,58.993,16384.0,
07/04/26 11:10:00,59.337,17408.0,
07/04/26 11:15:00,59.508,17408.0,
07/04/26 11:20:00,59.680,16384.0,
07/04/26 11:25:00,59.337,16384.0,
07/04/26 11:30:00,56.404,16384.0,
07/04/26 11:35:00,55.711,16384.0,
07/04/26 11:40:00,55.884,16384.0,
07/04/26 11:45:00,56.057,16384.0,
07/04/26 11:50:00,54.669,16384.0,
07/04/26 11:55:00,54.842,16384.0,
07/04/26 12:00:00,55.364,16384.0,
07/04/26 12:05:00,54.669,16384.0,
07/04/26 12:10:00,54.669,16384.0,
07/04/26 12:15:00,54.669,16384.0,
07/04/26 12:20:00,54.495,16384.0,
07/04/26 12:25:00,54.669,16384.0,
07/04/26 12:30:00,54.322,15872.0,
07/04/26 12:35:00,54.147,15872.0,
07/04/26 12:40:00,53.973,13824.0,
07/04/26 12:45:00,53.973,13312.0,
07/04/26 12:50:00,53.973,11776.0,
07/04/26 12:55:00,53.798,10240.0,
07/04/26 13:00:00,53.798,10240.0,
07/04/26 13:05:00,54.147,9216.0,
07/04/26 13:10:00,54.147,7936.0,
07/04/26 13:15:00,54.147,7168.0,
07/04/26 13:20:00,54.669,7168.0,
07/04/26 13:25:00,53.798,5888.0,
07/04/26 13:30:00,54.322,6912.0,
07/04/26 13:35:00,54.495,5888.0,
07/04/26 13:40:00,54.147,6144.0,
07/04/26 13:45:00,51.874,4864.0,
07/04/26 13:50:00,51.874,5888.0,
07/04/26 13:55:00,52.401,6912.0,
07/04/26 14:00:00,54.669,8704.0,
07/04/26 14:05:00,54.495,9216.0,
07/04/26 14:10:00,54.322,9728.0,
07/04/26 14:15:00,54.495,10752.0,
07/04/26 14:20:00,54.147,11776.0,
07/04/26 14:25:00,54.147,12288.0,
07/04/26 14:30:00,53.973,12288.0,
07/04/26 14:35:00,53.798,13312.0,
07/04/26 14:40:00,53.623,13312.0,
07/04/26 14:45:00,53.623,13824.0,
07/04/26 14:50:00,53.449,14336.0,
07/04/26 14:55:00,53.449,14336.0,
07/04/26 15:00:00,53.449,14336.0,
07/04/26 15:05:00,53.274,14336.0,
07/04/26 15:10:00,53.274,14336.0,
07/04/26 15:15:00,53.100,13824.0,
07/04/26 15:20:00,53.274,14336.0,
07/04/26 15:25:00,53.623,13824.0,
07/04/26 15:30:00,53.449,13824.0,
07/04/26 15:35:00,53.623,13312.0,
07/04/26 15:40:00,52.925,12800.0,
07/04/26 15:45:00,52.925,12800.0,
07/04/26 15:50:00,52.750,12288.0,
07/04/26 15:55:00,52.576,12800.0,
07/04/26 16:00:00,52.925,12288.0,
07/04/26 16:05:00,52.925,12800.0,
07/04/26 16:10:00,52.576,11776.0,
07/04/26 16:15:00,52.576,11264.0,
07/04/26 16:20:00,52.576,11264.0,
07/04/26 16:25:00,53.449,11264.0,
07/04/26 16:30:00,52.401,4608.0,
07/04/26 16:35:00,50.995,10240.0,
07/04/26 16:40:00,51.346,6144.0,
07/04/26 16:45:00,46.548,4096.0,
07/04/26 16:50:00,42.548,3328.0,
07/04/26 16:55:00,49.050,9216.0,
07/04/26 17:00:00,51.172,7680.0,
07/04/26 17:05:00,51.172,7936.0,
07/04/26 17:10:00,48.695,5376.0,
07/04/26 17:15:00,52.050,7680.0,
07/04/26 17:20:00,55.189,12288.0,
07/04/26 17:25:00,53.973,8704.0,
07/04/26 17:30:00,53.798,8704.0,
07/04/26 17:35:00,52.401,10240.0,
07/04/26 17:40:00,53.100,10240.0,
07/04/26 17:45:00,51.346,6912.0,
07/04/26 17:50:00,53.623,12800.0,
07/04/26 17:55:00,54.147,9216.0,
07/04/26 18:00:00,51.346,5376.0,
07/04/26 18:05:00,50.113,6912.0,
07/04/26 18:10:00,49.582,7936.0,
07/04/26 18:15:00,49.404,5376.0,
07/04/26 18:20:00,46.188,6144.0,
07/04/26 18:25:00,45.286,1984.0,
07/04/26 18:30:00,42.548,3072.0,
07/04/26 18:35:00,41.254,2432.0,
07/04/26 18:40:00,40.881,2688.0,
07/04/26 18:45:00,42.548,5888.0,
07/04/26 18:50:00,45.828,4608.0,
07/04/26 18:55:00,44.560,4096.0,
07/04/26 19:00:00,42.915,3456.0,
07/04/26 19:05:00,42.915,4096.0,
07/04/26 19:10:00,44.195,5120.0,
07/04/26 19:15:00,46.728,8192.0,
07/04/26 19:20:00,48.517,7168.0,
07/04/26 19:25:00,46.548,3840.0,
07/04/26 19:30:00,44.560,3584.0,
07/04/26 19:35:00,42.915,2304.0,
07/04/26 19:40:00,41.254,2688.0,
07/04/26 19:45:00,43.282,3328.0,
07/04/26 19:50:00,44.379,3968.0,
07/04/26 19:55:00,45.466,3968.0,
07/04/26 20:00:00,45.466,3584.0,
07/04/26 20:05:00,44.922,3200.0,
07/04/26 20:10:00,45.104,4096.0,
07/04/26 20:15:00,44.013,1344.0,
07/04/26 20:20:00,42.732,3072.0,
07/04/26 20:25:00,43.099,2944.0,
07/04/26 20:30:00,41.994,2176.0,
07/04/26 20:35:00,40.696,1536.0,
07/04/26 20:40:00,38.250,576.0,
07/04/26 20:45:00,35.564,400.0,
07/04/26 20:50:00,34.981,288.0,
07/04/26 20:55:00,34.786,272.0,
07/04/26 21:00:00,34.590,248.0,
07/04/26 21:05:00,34.394,240.0,
07/04/26 21:10:00,34.394,240.0,
07/04/26 21:15:00,34.198,232.0,
07/04/26 21:20:00,34.198,208.0,
07/04/26 21:25:00,34.394,208.0,
07/04/26 21:30:00,34.002,176.0,
07/04/26 21:35:00,34.198,184.0,
07/04/26 21:40:00,34.002,136.0,
07/04/26 21:45:00,34.002,125.0,
07/04/26 21:50:00,33.805,144.0,
07/04/26 21:55:00,33.411,102.0,
07/04/26 22:00:00,33.607,82.0,
07/04/26 22:05:00,33.607,70.0,
07/04/26 22:10:00,33.607,61.0,
07/04/26 22:15:00,33.805,50.0,
07/04/26 22:20:00,33.607,38.0,
07/04/26 22:25:00,33.411,30.0,
07/04/26 22:30:00,33.607,22.0,
07/04/26 22:35:00,33.607,16.0,
07/04/26 22:40:00,33.411,11.0,
07/04/26 22:45:00,33.607,8.0,
07/04/26 22:50:00,33.411,5.0,
07/04/26 22:55:00,33.607,3.0,
07/04/26 23:00:00,33.607,1.0,
07/04/26 23:05:00,33.411,1.0,
07/04/26 23:10:00,33.607,0.0,
07/04/26 23:15:00,33.607,0.0,
07/04/26 23:20:00,33.607,0.0,
07/04/26 23:25:00,33.805,0.0,
07/04/26 23:30:00,33.805,0.0,
07/04/26 23:35:00,34.198,0.0,
07/04/26 23:40:00,34.394,0.0,
07/04/26 23:45:00,34.394,0.0,
07/04/26 23:50:00,34.394,0.0,
07/04/26 23:55:00,34.394,0.0,
07/05/26 00:00:00,34.394,0.0,
07/05/26 00:05:00,34.198,0.0,
07/05/26 00:10:00,34.198,0.0,
07/05/26 00:15:00,34.394,0.0,
07/05/26 00:20:00,34.198,0.0,
07/05/26 00:25:00,34.590,0.0,
07/05/26 00:30:00,34.394,0.0,
07/05/26 00:35:00,34.198,0.0,
07/05/26 00:40:00,34.198,0.0,
07/05/26 00:45:00,34.198,0.0,
07/05/26 00:50:00,34.394,0.0,
07/05/26 00:55:00,34.394,0.0,
07/05/26 01:00:00,34.394,0.0,
07/05/26 01:05:00,34.786,0.0,
07/05/26 01:10:00,34.590,0.0,
07/05/26 01:15:00,34.590,0.0,
07/05/26 01:20:00,34.590,0.0,
07/05/26 01:25:00,34.590,0.0,
07/05/26 01:30:00,34.590,0.0,
07/05/26 01:35:00,34.786,0.0,
07/05/26 01:40:00,34.394,0.0,
07/05/26 01:45:00,34.198,0.0,
07/05/26 01:50:00,34.198,0.0,
07/05/26 01:55:00,34.198,0.0,
07/05/26 02:00:00,34.002,0.0,
07/05/26 02:05:00,33.805,0.0,
07/05/26 02:10:00,33.607,0.0,
07/05/26 02:15:00,33.411,0.0,
07/05/26 02:20:00,33.805,0.0,
07/05/26 02:25:00,34.002,0.0,
07/05/26 02:30:00,34.002,0.0,
07/05/26 02:35:00,34.198,0.0,
07/05/26 02:40:00,34.198,0.0,
07/05/26 02:45:00,34.394,0.0,
07/05/26 02:50:00,34.394,1.0,
07/05/26 02:55:00,34.394,1.0,
07/05/26 03:00:00,34.590,3.0,
07/05/26 03:05:00,34.394,4.0,
07/05/26 03:10:00,34.394,6.0,
07/05/26 03:15:00,34.394,9.0,
07/05/26 03:20:00,34.198,14.0,
07/05/26 03:25:00,34.198,21.0,
07/05/26 03:30:00,34.590,40.0,
07/05/26 03:35:00,34.590,78.0,
07/05/26 03:40:00,34.590,114.0,
07/05/26 03:45:00,34.590,128.0,
07/05/26 03:50:00,34.590,160.0,
07/05/26 03:55:00,34.590,160.0,
07/05/26 04:00:00,34.394,192.0,
07/05/26 04:05:00,34.786,240.0,
07/05/26 04:10:00,34.981,368.0,
07/05/26 04:15:00,35.370,496.0,
07/05/26 04:20:00,35.370,608.0,
07/05/26 04:25:00,35.758,672.0,
07/05/26 04:30:00,36.338,1088.0,
07/05/26 04:35:00,36.723,1152.0,
07/05/26 04:40:00,37.107,1088.0,
07/05/26 04:45:00,36.914,1152.0,
07/05/26 04:50:00,37.297,1344.0,
07/05/26 04:55:00,37.679,1728.0,
07/05/26 05:00:00,38.061,1920.0,
07/05/26 05:05:00,38.250,1920.0,
07/05/26 05:10:00,38.629,2432.0,
07/05/26 05:15:00,38.818,2176.0,
07/05/26 05:20:00,38.250,2048.0,
07/05/26 05:25:00,38.818,2432.0,
07/05/26 05:30:00,38.440,1664.0,
07/05/26 05:35:00,38.061,1728.0,
07/05/26 05:40:00,38.061,1536.0,
07/05/26 05:45:00,38.061,1920.0,
07/05/26 05:50:00,37.870,1536.0,
07/05/26 05:55:00,37.870,1472.0,
07/05/26 06:00:00,37.297,1536.0,
07/05/26 06:05:00,37.679,1600.0,
07/05/26 06:10:00,37.870,1728.0,
07/05/26 06:15:00,38.250,1728.0,
07/05/26 06:20:00,38.250,2048.0,
07/05/26 06:25:00,39.947,2432.0,
07/05/26 06:30:00,40.509,2432.0,
07/05/26 06:35:00,44.013,3328.0,
07/05/26 06:40:00,44.922,3072.0,
07/05/26 06:45:00,44.195,3072.0,
07/05/26 06:50:00,44.742,3328.0,
07/05/26 06:55:00,45.286,3200.0,
07/05/26 07:00:00,47.982,3840.0,
07/05/26 07:05:00,48.339,4096.0,
07/05/26 07:10:00,48.871,3968.0,
07/05/26 07:15:00,51.172,4864.0,
07/05/26 07:20:00,53.100,5376.0,
07/05/26 07:25:00,50.290,4608.0,
07/05/26 07:30:00,52.050,5120.0,
07/05/26 07:35:00,53.973,5888.0,
07/05/26 07:40:00,51.346,6144.0,
07/05/26 07:45:00,57.268,7168.0,
07/05/26 07:50:00,60.024,8192.0,
07/05/26 07:55:00,57.614,4864.0,
07/05/26 08:00:00,60.024,9216.0,
07/05/26 08:05:00,62.940,9216.0,
07/05/26 08:10:00,58.820,7424.0,
07/05/26 08:15:00,60.539,11264.0,
07/05/26 08:20:00,60.368,9728.0,
07/05/26 08:25:00,61.912,9728.0,
07/05/26 08:30:00,54.495,7424.0,
07/05/26 08:35:00,58.303,12288.0,
07/05/26 08:40:00,62.425,12800.0,
07/05/26 08:45:00,63.455,10752.0,
07/05/26 08:50:00,60.195,8192.0,
07/05/26 08:55:00,55.884,8704.0,
07/05/26 09:00:00,57.614,9216.0,
07/05/26 09:05:00,61.227,13824.0,
07/05/26 09:10:00,64.139,13824.0,
07/05/26 09:15:00,61.227,13312.0,
07/05/26 09:20:00,60.024,13312.0,
07/05/26 09:25:00,58.647,12288.0,
07/05/26 09:30:00,57.614,8704.0,
07/05/26 09:35:00,56.230,10752.0,
07/05/26 09:40:00,58.303,12288.0,
07/05/26 09:45:00,57.614,8704.0,
07/05/26 09:50:00,57.268,8704.0,
07/05/26 09:55:00,55.884,10752.0,
07/05/26 10:00:00,51.346,9216.0,
07/05/26 10:05:00,60.368,10752.0,
07/05/26 10:10:00,62.425,12288.0,
07/05/26 10:15:00,57.096,11264.0,
07/05/26 10:20:00,61.398,11264.0,
07/05/26 10:25:00,62.425,14336.0,
07/05/26 10:30:00,63.282,11264.0,
07/05/26 10:35:00,62.769,10240.0,
07/05/26 10:40:00,63.282,11264.0,
07/05/26 10:45:00,63.282,11776.0,
07/05/26 10:50:00,58.131,9216.0,
07/05/26 10:55:00,57.096,10752.0,
07/05/26 11:00:00,56.230,6912.0,
07/05/26 11:05:00,55.537,8704.0,
07/05/26 11:10:00,55.711,10240.0,
07/05/26 11:15:00,60.195,13824.0,
07/05/26 11:20:00,58.476,12288.0,
07/05/26 11:25:00,61.741,16384.0,
07/05/26 11:30:00,61.569,12288.0,
07/05/26 11:35:00,59.680,15872.0,
07/05/26 11:40:00,58.647,15360.0,
07/05/26 11:45:00,60.883,15360.0,
07/05/26 11:50:00,58.993,10240.0,
07/05/26 11:55:00,57.096,9216.0,
07/05/26 12:00:00,61.398,15872.0,
07/05/26 12:05:00,60.883,10240.0,
07/05/26 12:10:00,57.614,14848.0,
07/05/26 12:15:00,60.195,15872.0,
07/05/26 12:20:00,62.254,12800.0,
07/05/26 12:25:00,63.455,16384.0,
07/05/26 12:30:00,62.940,10240.0,
07/05/26 12:35:00,69.449,16384.0,
07/05/26 12:40:00,68.421,19456.0,
07/05/26 12:45:00,63.626,15360.0,
07/05/26 12:50:00,62.598,16384.0,
07/05/26 12:55:00,61.741,15872.0,
07/05/26 13:00:00,61.227,14848.0,
07/05/26 13:05:00,63.111,14848.0,
07/05/26 13:10:00,64.310,15872.0,
07/05/26 13:15:00,66.366,18432.0,
07/05/26 13:20:00,58.820,10752.0,
07/05/26 13:25:00,57.096,11776.0,
07/05/26 13:30:00,58.993,12288.0,
07/05/26 13:35:00,62.769,15872.0,
07/05/26 13:40:00,71.856,19456.0,
07/05/26 13:45:00,70.651,14848.0,
07/05/26 13:50:00,62.940,9728.0,
07/05/26 13:55:00,59.851,9728.0,
07/05/26 14:00:00,58.476,9728.0,
07/05/26 14:05:00,62.769,15360.0,
07/05/26 14:10:00,66.366,16384.0,
07/05/26 14:15:00,68.077,16384.0,
07/05/26 14:20:00,65.509,14336.0,
07/05/26 14:25:00,63.797,13824.0,
07/05/26 14:30:00,61.054,11776.0,
07/05/26 14:35:00,57.958,11264.0,
07/05/26 14:40:00,55.884,10240.0,
07/05/26 14:45:00,53.623,9216.0,
07/05/26 14:50:00,50.466,7936.0,
07/05/26 14:55:00,48.695,7168.0,
07/05/26 15:00:00,49.228,7936.0,
07/05/26 15:05:00,49.937,7680.0,
07/05/26 15:10:00,49.582,7680.0,
07/05/26 15:15:00,50.819,8704.0,
07/05/26 15:20:00,49.404,6656.0,
07/05/26 15:25:00,48.871,6400.0,
07/05/26 15:30:00,48.339,6400.0,
07/05/26 15:35:00,49.404,7168.0,
07/05/26 15:40:00,48.517,5632.0,
07/05/26 15:45:00,48.160,6144.0,
07/05/26 15:50:00,49.937,7936.0,
07/05/26 15:55:00,53.274,9728.0,
07/05/26 16:00:00,55.017,9728.0,
07/05/26 16:05:00,53.623,8704.0,
07/05/26 16:10:00,52.750,8704.0,
07/05/26 16:15:00,50.995,7936.0,
07/05/26 16:20:00,50.466,7936.0,
07/05/26 16:25:00,50.819,8704.0,
07/05/26 16:30:00,50.466,8192.0,
07/05/26 16:35:00,49.937,7424.0,
07/05/26 16:40:00,48.695,5888.0,
07/05/26 16:45:00,48.339,6144.0,
07/05/26 16:50:00,48.339,5376.0,
07/05/26 16:55:00,47.266,5376.0,
07/05/26 17:00:00,47.624,6400.0,
07/05/26 17:05:00,49.228,7168.0,
07/05/26 17:10:00,48.695,5888.0,
07/05/26 17:15:00,47.088,5376.0,
07/05/26 17:20:00,45.828,4864.0,
07/05/26 17:25:00,45.648,5120.0,
07/05/26 17:30:00,44.742,4864.0,
07/05/26 17:35:00,44.922,5376.0,
07/05/26 17:40:00,45.286,4608.0,
07/05/26 17:45:00,44.560,3584.0,
07/05/26 17:50:00,44.379,4096.0,
07/05/26 17:55:00,44.922,4352.0,
07/05/26 18:00:00,45.286,4352.0,
07/05/26 18:05:00,44.560,3968.0,
07/05/26 18:10:00,44.560,4096.0,
07/05/26 18:15:00,43.831,3456.0,
07/05/26 18:20:00,43.648,3584.0,
07/05/26 18:25:00,43.282,3712.0,
07/05/26 18:30:00,43.099,3840.0,
07/05/26 18:35:00,42.548,3456.0,
07/05/26 18:40:00,42.548,3584.0,
07/05/26 18:45:00,41.994,3328.0,
07/05/26 18:50:00,41.254,2432.0,
07/05/26 18:55:00,40.321,2432.0,
07/05/26 19:00:00,40.321,2560.0,
07/05/26 19:05:00,40.134,2432.0,
07/05/26 19:10:00,39.760,2432.0,
07/05/26 19:15:00,39.573,2432.0,
07/05/26 19:20:00,39.573,2560.0,
07/05/26 19:25:00,39.760,2816.0,
07/05/26 19:30:00,40.134,2688.0,
07/05/26 19:35:00,39.384,2176.0,
07/05/26 19:40:00,38.629,1984.0,
07/05/26 19:45:00,38.440,1920.0,
07/05/26 19:50:00,38.061,1664.0,
07/05/26 19:55:00,37.488,1536.0,
07/05/26 20:00:00,37.107,1536.0,
07/05/26 20:05:00,37.488,1728.0,
07/05/26 20:10:00,37.679,1728.0,
07/05/26 20:15:00,37.488,1536.0,
07/05/26 20:20:00,37.297,1408.0,
07/05/26 20:25:00,36.914,1216.0,
07/05/26 20:30:00,36.914,1216.0,
07/05/26 20:35:00,36.723,1024.0,
07/05/26 20:40:00,36.531,992.0,
07/05/26 20:45:00,36.338,960.0,
07/05/26 20:50:00,36.145,768.0,
07/05/26 20:55:00,35.951,576.0,
07/05/26 21:00:00,35.564,480.0,
07/05/26 21:05:00,35.175,400.0,
07/05/26 21:10:00,34.786,352.0,
07/05/26 21:15:00,34.786,304.0,
07/05/26 21:20:00,34.590,248.0,
07/05/26 21:25:00,34.394,224.0,
07/05/26 21:30:00,34.198,200.0,
07/05/26 21:35:00,34.198,152.0,
07/05/26 21:40:00,34.002,119.0,
07/05/26 21:45:00,34.198,83.0,
07/05/26 21:50:00,34.394,61.0,
07/05/26 21:55:00,34.394,46.0,
07/05/26 22:00:00,34.198,36.0,
07/05/26 22:05:00,34.002,38.0,
07/05/26 22:10:00,33.805,50.0,
07/05/26 22:15:00,33.805,40.0,
07/05/26 22:20:00,33.805,32.0,
07/05/26 22:25:00,33.607,20.0,
07/05/26 22:30:00,33.607,12.0,
07/05/26 22:35:00,33.411,6.0,
07/05/26 22:40:00,33.607,4.0,
07/05/26 22:45:00,33.607,3.0,
07/05/26 22:50:00,33.607,2.0,
07/05/26 22:55:00,33.607,1.0,
07/05/26 23:00:00,33.607,0.0,
07/05/26 23:05:00,33.607,0.0,
07/05/26 23:10:00,33.411,0.0,
07/05/26 23:15:00,33.411,0.0,
07/05/26 23:20:00,33.607,0.0,
07/05/26 23:25:00,33.607,0.0,
07/05/26 23:30:00,33.411,0.0,
07/05/26 23:35:00,33.411,0.0,
07/05/26 23:40:00,33.411,0.0,
07/05/26 23:45:00,33.411,0.0,
07/05/26 23:50:00,33.213,0.0,
07/05/26 23:55:00,33.213,0.0,
07/06/26 00:00:00,33.213,0.0,
07/06/26 00:05:00,33.213,0.0,
07/06/26 00:10:00,33.411,0.0,
07/06/26 00:15:00,33.213,0.0,
07/06/26 00:20:00,33.411,0.0,
07/06/26 00:25:00,33.411,0.0,
07/06/26 00:30:00,33.411,0.0,
07/06/26 00:35:00,33.411,0.0,
07/06/26 00:40:00,33.411,0.0,
07/06/26 00:45:00,33.411,0.0,
07/06/26 00:50:00,33.607,0.0,
07/06/26 00:55:00,34.002,0.0,
07/06/26 01:00:00,34.002,0.0,
07/06/26 01:05:00,33.805,0.0,
07/06/26 01:10:00,33.607,0.0,
07/06/26 01:15:00,33.805,0.0,
07/06/26 01:20:00,33.805,0.0,
07/06/26 01:25:00,34.002,0.0,
07/06/26 01:30:00,34.002,0.0,
07/06/26 01:35:00,33.805,0.0,
07/06/26 01:40:00,33.607,0.0,
07/06/26 01:45:00,33.411,0.0,
07/06/26 01:50:00,33.213,0.0,
07/06/26 01:55:00,33.213,0.0,
07/06/26 02:00:00,33.411,0.0,
07/06/26 02:05:00,33.411,0.0,
07/06/26 02:10:00,33.805,0.0,
07/06/26 02:15:00,33.805,0.0,
07/06/26 02:20:00,33.805,0.0,
07/06/26 02:25:00,33.607,0.0,
07/06/26 02:30:00,33.805,0.0,
07/06/26 02:35:00,34.002,0.0,
07/06/26 02:40:00,34.002,0.0,
07/06/26 02:45:00,33.805,0.0,
07/06/26 02:50:00,33.805,0.0,
07/06/26 02:55:00,33.607,0.0,
07/06/26 03:00:00,33.607,0.0,
07/06/26 03:05:00,33.607,1.0,
07/06/26 03:10:00,33.607,2.0,
07/06/26 03:15:00,34.002,3.0,
07/06/26 03:20:00,34.198,4.0,
07/06/26 03:25:00,34.198,5.0,
07/06/26 03:30:00,34.198,7.0,
07/06/26 03:35:00,34.198,9.0,
07/06/26 03:40:00,34.002,12.0,
07/06/26 03:45:00,34.198,16.0,
07/06/26 03:50:00,34.002,21.0,
07/06/26 03:55:00,33.607,37.0,
07/06/26 04:00:00,33.213,66.0,
07/06/26 04:05:00,33.411,64.0,
07/06/26 04:10:00,33.411,44.0,
07/06/26 04:15:00,33.607,40.0,
07/06/26 04:20:00,33.607,70.0,
07/06/26 04:25:00,33.607,95.0,
07/06/26 04:30:00,33.607,96.0,
07/06/26 04:35:00,33.607,120.0,
07/06/26 04:40:00,33.607,128.0,
07/06/26 04:45:00,33.607,128.0,
07/06/26 04:50:00,33.805,112.0,
07/06/26 04:55:00,33.805,103.0,
07/06/26 05:00:00,34.002,122.0,
07/06/26 05:05:00,34.198,192.0,
07/06/26 05:10:00,34.394,304.0,
07/06/26 05:15:00,34.590,416.0,
07/06/26 05:20:00,34.981,480.0,
07/06/26 05:25:00,35.175,480.0,
07/06/26 05:30:00,35.370,512.0,
07/06/26 05:35:00,35.370,480.0,
07/06/26 05:40:00,35.370,480.0,
07/06/26 05:45:00,35.370,512.0,
07/06/26 05:50:00,35.564,704.0,
07/06/26 05:55:00,36.338,992.0,
07/06/26 06:00:00,36.914,1216.0,
07/06/26 06:05:00,37.297,1344.0,
07/06/26 06:10:00,38.061,1536.0,
07/06/26 06:15:00,38.250,1536.0,
07/06/26 06:20:00,38.629,1600.0,
07/06/26 06:25:00,39.007,1920.0,
07/06/26 06:30:00,39.384,1984.0,
07/06/26 06:35:00,39.760,2048.0,
07/06/26 06:40:00,39.947,2304.0,
07/06/26 06:45:00,40.321,2944.0,
07/06/26 06:50:00,41.067,3072.0,
07/06/26 06:55:00,41.254,2944.0,
07/06/26 07:00:00,41.439,2944.0,
07/06/26 07:05:00,40.881,2688.0,
07/06/26 07:10:00,41.254,3072.0,
07/06/26 07:15:00,41.625,3328.0,
07/06/26 07:20:00,42.179,3584.0,
07/06/26 07:25:00,43.099,3968.0,
07/06/26 07:30:00,42.548,3200.0,
07/06/26 07:35:00,41.810,2816.0,
07/06/26 07:40:00,42.179,3072.0,
07/06/26 07:45:00,42.548,3200.0,
07/06/26 07:50:00,42.732,2816.0,
07/06/26 07:55:00,42.548,2944.0,
07/06/26 08:00:00,43.831,3456.0,
07/06/26 08:05:00,44.195,3840.0,
07/06/26 08:10:00,45.466,3968.0,
07/06/26 08:15:00,45.466,3840.0,
07/06/26 08:20:00,45.104,3840.0,
07/06/26 08:25:00,46.008,3968.0,
07/06/26 08:30:00,46.008,4096.0,
07/06/26 08:35:00,45.828,3968.0,
07/06/26 08:40:00,46.728,4352.0,
07/06/26 08:45:00,47.088,4864.0,
07/06/26 08:50:00,47.982,5120.0,
07/06/26 08:55:00,47.802,4864.0,
07/06/26 09:00:00,47.802,5376.0,
07/06/26 09:05:00,49.404,6400.0,
07/06/26 09:10:00,51.523,7168.0,
07/06/26 09:15:00,52.750,6912.0,
07/06/26 09:20:00,51.874,5888.0,
07/06/26 09:25:00,50.995,5632.0,
07/06/26 09:30:00,50.290,5376.0,
07/06/26 09:35:00,49.582,4864.0,
07/06/26 09:40:00,48.517,4608.0,
07/06/26 09:45:00,47.982,4608.0,
07/06/26 09:50:00,48.160,5632.0,
07/06/26 09:55:00,49.937,5888.0,
07/06/26 10:00:00,48.871,4864.0,
07/06/26 10:05:00,47.624,4608.0,
07/06/26 10:10:00,48.871,4608.0,
07/06/26 10:15:00,48.517,4352.0,
07/06/26 10:20:00,48.339,4352.0,
07/06/26 10:25:00,48.695,4352.0,
07/06/26 10:30:00,49.228,4608.0,
07/06/26 10:35:00,51.172,4608.0,
07/06/26 10:40:00,51.172,4864.0,
07/06/26 10:45:00,54.147,5120.0,
07/06/26 10:50:00,54.842,5632.0,
07/06/26 10:55:00,56.057,6144.0,
07/06/26 11:00:00,55.884,6400.0,
07/06/26 11:05:00,56.230,6144.0,
07/06/26 11:10:00,56.404,6400.0,
07/06/26 11:15:00,56.404,6912.0,
07/06/26 11:20:00,57.614,6400.0,
07/06/26 11:25:00,58.647,5888.0,
07/06/26 11:30:00,59.164,6144.0,
07/06/26 11:35:00,58.820,6400.0,
07/06/26 11:40:00,58.131,6144.0,
07/06/26 11:45:00,58.476,6144.0,
07/06/26 11:50:00,57.441,5888.0,
07/06/26 11:55:00,55.537,6144.0,
07/06/26 12:00:00,55.364,6144.0,
07/06/26 12:05:00,56.057,6144.0,
07/06/26 12:10:00,57.096,6656.0,
07/06/26 12:15:00,57.268,7168.0,
07/06/26 12:20:00,56.057,7424.0,
07/06/26 12:25:00,55.189,7936.0,
07/06/26 12:30:00,57.441,9216.0,
07/06/26 12:35:00,59.508,8192.0,
07/06/26 12:40:00,58.993,6912.0,
07/06/26 12:45:00,58.476,7424.0,
07/06/26 12:50:00,61.398,9216.0,
07/06/26 12:55:00,58.993,7936.0,
07/06/26 13:00:00,61.741,9216.0,
07/06/26 13:05:00,61.741,10752.0,
07/06/26 13:10:00,61.741,9728.0,
07/06/26 13:15:00,63.111,10240.0,
07/06/26 13:20:00,61.398,7424.0,
07/06/26 13:25:00,59.680,7424.0,
07/06/26 13:30:00,60.883,7424.0,
07/06/26 13:35:00,62.940,6912.0,
07/06/26 13:40:00,59.337,6656.0,
07/06/26 13:45:00,57.096,6912.0,
07/06/26 13:50:00,58.131,7168.0,
07/06/26 13:55:00,59.508,7680.0,
07/06/26 14:00:00,60.883,7424.0,
07/06/26 14:05:00,60.024,7168.0,
07/06/26 14:10:00,59.680,7680.0,
07/06/26 14:15:00,60.195,7680.0,
07/06/26 14:20:00,55.884,7680.0,
07/06/26 14:25:00,53.274,7424.0,
07/06/26 14:30:00,52.750,6912.0,
07/06/26 14:35:00,56.057,6400.0,
07/06/26 14:40:00,55.537,6400.0,
07/06/26 14:45:00,53.623,5888.0,
07/06/26 14:50:00,53.449,5632.0,
07/06/26 14:55:00,53.623,5632.0,
07/06/26 15:00:00,53.973,5888.0,
07/06/26 15:05:00,54.842,6400.0,
07/06/26 15:10:00,53.274,5632.0,
07/06/26 15:15:00,52.225,5632.0,
07/06/26 15:20:00,56.230,7936.0,
07/06/26 15:25:00,60.195,7424.0,
07/06/26 15:30:00,59.164,7680.0,
07/06/26 15:35:00,57.096,7936.0,
07/06/26 15:40:00,55.364,8192.0,
07/06/26 15:45:00,55.711,7936.0,
07/06/26 15:50:00,60.883,8704.0,
07/06/26 15:55:00,62.425,7936.0,
07/06/26 16:00:00,62.254,7680.0,
07/06/26 16:05:00,61.054,8192.0,
07/06/26 16:10:00,62.598,8192.0,
07/06/26 16:15:00,62.083,8192.0,
07/06/26 16:20:00,61.569,7168.0,
07/06/26 16:25:00,58.820,6912.0,
07/06/26 16:30:00,52.925,5120.0,
07/06/26 16:35:00,50.995,6656.0,
07/06/26 16:40:00,50.113,5888.0,
07/06/26 16:45:00,50.643,7168.0,
07/06/26 16:50:00,50.466,6144.0,
07/06/26 16:55:00,49.404,4608.0,
07/06/26 17:00:00,47.802,4608.0,
07/06/26 17:05:00,50.113,8704.0,
07/06/26 17:10:00,52.925,5120.0,
07/06/26 17:15:00,50.113,5376.0,
07/06/26 17:20:00,50.113,6912.0,
07/06/26 17:25:00,51.699,6912.0,
07/06/26 17:30:00,50.466,4864.0,
07/06/26 17:35:00,50.819,5632.0,
07/06/26 17:40:00,51.172,4352.0,
07/06/26 17:45:00,49.228,4096.0,
07/06/26 17:50:00,50.466,5376.0,
07/06/26 17:55:00,49.050,3712.0,
07/06/26 18:00:00,48.160,3840.0,
07/06/26 18:05:00,47.802,3200.0,
07/06/26 18:10:00,46.908,3200.0,
07/06/26 18:15:00,46.369,2816.0,
07/06/26 18:20:00,45.466,2944.0,
07/06/26 18:25:00,46.728,4608.0,
07/06/26 18:30:00,46.548,3456.0,
07/06/26 18:35:00,47.088,3840.0,
07/06/26 18:40:00,47.982,4096.0,
07/06/26 18:45:00,46.008,2816.0,
07/06/26 18:50:00,45.104,2432.0,
07/06/26 18:55:00,43.831,2176.0,
07/06/26 19:00:00,42.915,1920.0,
07/06/26 19:05:00,42.548,1792.0,
07/06/26 19:10:00,41.439,1280.0,
07/06/26 19:15:00,42.179,1920.0,
07/06/26 19:20:00,43.648,2304.0,
07/06/26 19:25:00,43.099,1472.0,
07/06/26 19:30:00,41.254,1408.0,
07/06/26 19:35:00,40.696,1728.0,
07/06/26 19:40:00,40.881,1472.0,
07/06/26 19:45:00,39.947,1280.0,
07/06/26 19:50:00,39.384,992.0,
07/06/26 19:55:00,39.007,1024.0,
07/06/26 20:00:00,38.440,704.0,
07/06/26 20:05:00,38.440,768.0,
07/06/26 20:10:00,38.440,864.0,
07/06/26 20:15:00,38.061,512.0,
07/06/26 20:20:00,37.679,496.0,
07/06/26 20:25:00,37.107,448.0,
07/06/26 20:30:00,36.723,384.0,
07/06/26 20:35:00,36.531,416.0,
07/06/26 20:40:00,36.145,480.0,
07/06/26 20:45:00,35.758,336.0,
07/06/26 20:50:00,35.370,288.0,
07/06/26 20:55:00,35.564,216.0,
07/06/26 21:00:00,35.370,184.0,
07/06/26 21:05:00,35.564,184.0,
07/06/26 21:10:00,35.564,216.0,
07/06/26 21:15:00,36.531,248.0,
07/06/26 21:20:00,36.723,192.0,
07/06/26 21:25:00,35.951,184.0,
07/06/26 21:30:00,36.145,160.0,
07/06/26 21:35:00,36.145,128.0,
07/06/26 21:40:00,35.951,109.0,
07/06/26 21:45:00,35.951,69.0,
07/06/26 21:50:00,35.564,69.0,
07/06/26 21:55:00,35.564,43.0,
07/06/26 22:00:00,35.370,30.0,
07/06/26 22:05:00,35.564,23.0,
07/06/26 22:10:00,35.951,16.0,
07/06/26 22:15:00,35.951,12.0,
07/06/26 22:20:00,35.951,11.0,
07/06/26 22:25:00,36.145,9.0,
07/06/26 22:30:00,36.145,5.0,
07/06/26 22:35:00,35.951,4.0,
07/06/26 22:40:00,35.758,2.0,
07/06/26 22:45:00,35.564,1.0,
07/06/26 22:50:00,35.951,0.0,
07/06/26 22:55:00,36.338,0.0,
07/06/26 23:00:00,36.338,0.0,
07/06/26 23:05:00,36.338,0.0,
07/06/26 23:10:00,36.338,0.0,
07/06/26 23:15:00,36.145,0.0,
07/06/26 23:20:00,36.145,0.0,
07/06/26 23:25:00,35.758,0.0,
07/06/26 23:30:00,35.758,0.0,
07/06/26 23:35:00,35.758,0.0,
07/06/26 23:40:00,35.758,0.0,
07/06/26 23:45:00,35.951,0.0,
07/06/26 23:50:00,36.145,0.0,
07/06/26 23:55:00,35.758,0.0,
07/07/26 00:00:00,34.981,0.0,
07/07/26 00:05:00,34.590,0.0,
07/07/26 00:10:00,34.590,0.0,
07/07/26 00:15:00,34.590,0.0,
07/07/26 00:20:00,34.394,0.0,
07/07/26 00:25:00,34.590,0.0,
07/07/26 00:30:00,34.590,0.0,
07/07/26 00:35:00,34.394,0.0,
07/07/26 00:40:00,34.198,0.0,
07/07/26 00:45:00,34.198,0.0,
07/07/26 00:50:00,34.198,0.0,
07/07/26 00:55:00,34.394,0.0,
07/07/26 01:00:00,34.590,0.0,
07/07/26 01:05:00,34.394,0.0,
07/07/26 01:10:00,34.394,0.0,
07/07/26 01:15:00,34.394,0.0,
07/07/26 01:20:00,34.394,0.0,
07/07/26 01:25:00,34.394,0.0,
07/07/26 01:30:00,34.198,0.0,
07/07/26 01:35:00,34.198,0.0,
07/07/26 01:40:00,34.394,0.0,
07/07/26 01:45:00,34.394,0.0,
07/07/26 01:50:00,34.590,0.0,
07/07/26 01:55:00,34.394,0.0,
07/07/26 02:00:00,34.394,0.0,
07/07/26 02:05:00,34.590,0.0,
07/07/26 02:10:00,34.590,0.0,
07/07/26 02:15:00,34.786,0.0,
07/07/26 02:20:00,34.786,0.0,
07/07/26 02:25:00,34.590,0.0,
07/07/26 02:30:00,34.981,0.0,
07/07/26 02:35:00,34.981,0.0,
07/07/26 02:40:00,34.981,0.0,
07/07/26 02:45:00,34.981,0.0,
07/07/26 02:50:00,34.981,0.0,
07/07/26 02:55:00,35.175,0.0,
07/07/26 03:00:00,35.175,0.0,
07/07/26 03:05:00,35.175,0.0,
07/07/26 03:10:00,35.175,1.0,
07/07/26 03:15:00,34.981,2.0,
07/07/26 03:20:00,35.175,3.0,
07/07/26 03:25:00,35.175,6.0,
07/07/26 03:30:00,34.786,9.0,
07/07/26 03:35:00,34.394,12.0,
07/07/26 03:40:00,33.805,17.0,
07/07/26 03:45:00,33.607,21.0,
07/07/26 03:50:00,33.411,27.0,
07/07/26 03:55:00,33.213,32.0,
07/07/26 04:00:00,33.213,37.0,
07/07/26 04:05:00,33.213,41.0,
07/07/26 04:10:00,33.805,50.0,
07/07/26 04:15:00,34.198,49.0,
07/07/26 04:20:00,34.198,54.0,
07/07/26 04:25:00,34.394,57.0,
07/07/26 04:30:00,34.002,65.0,
07/07/26 04:35:00,33.607,83.0,
07/07/26 04:40:00,33.213,63.0,
07/07/26 04:45:00,33.213,66.0,
07/07/26 04:50:00,33.013,76.0,
07/07/26 04:55:00,32.815,99.0,
07/07/26 05:00:00,33.013,160.0,
07/07/26 05:05:00,33.013,136.0,
07/07/26 05:10:00,33.013,136.0,
07/07/26 05:15:00,33.213,160.0,
07/07/26 05:20:00,33.213,240.0,
07/07/26 05:25:00,33.607,400.0,
07/07/26 05:30:00,34.198,512.0,
07/07/26 05:35:00,34.590,336.0,
07/07/26 05:40:00,34.002,304.0,
07/07/26 05:45:00,34.394,896.0,
07/07/26 05:50:00,34.590,800.0,
07/07/26 05:55:00,34.394,608.0,
07/07/26 06:00:00,34.981,960.0,
07/07/26 06:05:00,35.564,1472.0,
07/07/26 06:10:00,37.107,2560.0,
07/07/26 06:15:00,40.881,3328.0,
07/07/26 06:20:00,40.881,2944.0,
07/07/26 06:25:00,39.007,2048.0,
07/07/26 06:30:00,37.107,1280.0,
07/07/26 06:35:00,35.758,864.0,
07/07/26 06:40:00,34.786,672.0,
07/07/26 06:45:00,34.394,480.0,
07/07/26 06:50:00,42.179,2688.0,
07/07/26 06:55:00,51.874,3456.0,
07/07/26 07:00:00,53.623,3456.0,
07/07/26 07:05:00,54.322,3584.0,
07/07/26 07:10:00,55.189,3712.0,
07/07/26 07:15:00,55.364,3968.0,
07/07/26 07:20:00,55.884,4096.0,
07/07/26 07:25:00,56.404,4352.0,
07/07/26 07:30:00,56.057,4608.0,
07/07/26 07:35:00,56.057,4864.0,
07/07/26 07:40:00,56.057,5120.0,
07/07/26 07:45:00,56.404,5376.0,
07/07/26 07:50:00,57.268,5632.0,
07/07/26 07:55:00,59.337,6144.0,
07/07/26 08:00:00,61.054,6656.0,
07/07/26 08:05:00,63.111,7168.0,
07/07/26 08:10:00,53.623,4608.0,
07/07/26 08:15:00,56.750,6912.0,
07/07/26 08:20:00,53.798,4864.0,
07/07/26 08:25:00,51.699,4864.0,
07/07/26 08:30:00,57.614,6656.0,
07/07/26 08:35:00,56.404,9728.0,
07/07/26 08:40:00,62.254,9216.0,
07/07/26 08:45:00,65.851,9728.0,
07/07/26 08:50:00,65.509,10240.0,
07/07/26 08:55:00,65.851,10240.0,
07/07/26 09:00:00,66.708,11264.0,
07/07/26 09:05:00,60.024,4608.0,
07/07/26 09:10:00,54.495,5888.0,
07/07/26 09:15:00,56.230,6400.0,
07/07/26 09:20:00,69.107,15360.0,
07/07/26 09:25:00,74.619,15360.0,
07/07/26 09:30:00,69.278,13312.0,
07/07/26 09:35:00,64.996,13312.0,
07/07/26 09:40:00,57.958,3328.0,
07/07/26 09:45:00,50.113,5632.0,
07/07/26 09:50:00,55.884,12800.0,
07/07/26 09:55:00,58.131,5632.0,
07/07/26 10:00:00,66.193,17408.0,
07/07/26 10:05:00,66.366,15360.0,
07/07/26 10:10:00,66.366,14848.0,
07/07/26 10:15:00,67.392,14848.0,
07/07/26 10:20:00,67.564,15360.0,
07/07/26 10:25:00,67.221,15360.0,
07/07/26 10:30:00,66.537,15872.0,
07/07/26 10:35:00,60.712,9216.0,
07/07/26 10:40:00,65.167,18432.0,
07/07/26 10:45:00,60.368,5376.0,
07/07/26 10:50:00,60.712,16384.0,
07/07/26 10:55:00,61.912,15872.0,
07/07/26 11:00:00,61.741,16384.0,
07/07/26 11:05:00,63.282,16384.0,
07/07/26 11:10:00,64.996,16384.0,
07/07/26 11:15:00,63.797,9216.0,
07/07/26 11:20:00,61.569,10240.0,
07/07/26 11:25:00,63.111,7168.0,
07/07/26 11:30:00,61.398,8192.0,
07/07/26 11:35:00,65.509,16384.0,
07/07/26 11:40:00,64.825,13312.0,
07/07/26 11:45:00,64.652,12800.0,
07/07/26 11:50:00,65.167,17408.0,
07/07/26 11:55:00,65.167,17408.0,
07/07/26 12:00:00,65.509,17408.0,
07/07/26 12:05:00,65.851,17408.0,
07/07/26 12:10:00,65.680,17408.0,
07/07/26 12:15:00,66.193,17408.0,
07/07/26 12:20:00,59.164,6912.0,
07/07/26 12:25:00,56.750,8704.0,
07/07/26 12:30:00,62.083,12800.0,
07/07/26 12:35:00,63.282,10240.0,
07/07/26 12:40:00,65.851,9728.0,
07/07/26 12:45:00,61.912,10240.0,
07/07/26 12:50:00,63.626,12800.0,
07/07/26 12:55:00,66.193,14336.0,
07/07/26 13:00:00,62.425,9728.0,
07/07/26 13:05:00,63.626,11776.0,
07/07/26 13:10:00,63.968,10752.0,
07/07/26 13:15:00,62.598,9728.0,
07/07/26 13:20:00,58.647,8704.0,
07/07/26 13:25:00,56.230,7936.0,
07/07/26 13:30:00,53.449,7424.0,
07/07/26 13:35:00,51.699,7424.0,
07/07/26 13:40:00,50.466,7424.0,
07/07/26 13:45:00,50.113,7424.0,
07/07/26 13:50:00,49.582,6912.0,
07/07/26 13:55:00,48.871,6912.0,
07/07/26 14:00:00,48.160,6912.0,
07/07/26 14:05:00,46.369,4864.0,
07/07/26 14:10:00,43.648,4096.0,
07/07/26 14:15:00,43.099,4864.0,
07/07/26 14:20:00,44.922,6656.0,
07/07/26 14:25:00,49.050,8704.0,
07/07/26 14:30:00,51.699,12288.0,
07/07/26 14:35:00,52.401,10240.0,
07/07/26 14:40:00,54.669,11776.0,
07/07/26 14:45:00,54.495,10240.0,
07/07/26 14:50:00,59.164,17408.0,
07/07/26 14:55:00,58.303,14848.0,
07/07/26 15:00:00,56.577,14336.0,
07/07/26 15:05:00,58.993,15360.0,
07/07/26 15:10:00,57.785,8704.0,
07/07/26 15:15:00,55.537,11264.0,
07/07/26 15:20:00,56.230,13312.0,
07/07/26 15:25:00,56.404,12800.0,
07/07/26 15:30:00,57.096,12800.0,
07/07/26 15:35:00,59.337,15872.0,
07/07/26 15:40:00,58.303,14848.0,
07/07/26 15:45:00,57.785,14848.0,
07/07/26 15:50:00,57.785,14336.0,
07/07/26 15:55:00,59.337,15360.0,
07/07/26 16:00:00,60.539,14336.0,
07/07/26 16:05:00,59.337,14848.0,
07/07/26 16:10:00,53.100,9216.0,
07/07/26 16:15:00,51.523,8192.0,
07/07/26 16:20:00,51.699,10240.0,
07/07/26 16:25:00,50.113,5632.0,
07/07/26 16:30:00,50.466,9728.0,
07/07/26 16:35:00,52.050,7680.0,
07/07/26 16:40:00,53.274,10752.0,
07/07/26 16:45:00,52.225,7936.0,
07/07/26 16:50:00,49.050,5888.0,
07/07/26 16:55:00,50.995,7936.0,
07/07/26 17:00:00,50.995,6656.0,
07/07/26 17:05:00,48.695,6400.0,
07/07/26 17:10:00,47.266,5888.0,
07/07/26 17:15:00,46.908,6144.0,
07/07/26 17:20:00,50.113,10752.0,
07/07/26 17:25:00,55.189,11264.0,
07/07/26 17:30:00,52.225,7680.0,
07/07/26 17:35:00,50.290,7424.0,
07/07/26 17:40:00,48.160,6400.0,
07/07/26 17:45:00,47.088,6144.0,
07/07/26 17:50:00,46.728,5376.0,
07/07/26 17:55:00,45.286,4864.0,
07/07/26 18:00:00,44.922,5120.0,
07/07/26 18:05:00,44.560,4352.0,
07/07/26 18:10:00,43.648,4096.0,
07/07/26 18:15:00,45.466,6400.0,
07/07/26 18:20:00,46.728,6400.0,
07/07/26 18:25:00,46.548,5632.0,
07/07/26 18:30:00,45.648,4608.0,
07/07/26 18:35:00,42.915,3456.0,
07/07/26 18:40:00,41.439,3328.0,
07/07/26 18:45:00,41.067,3072.0,
07/07/26 18:50:00,40.321,2816.0,
07/07/26 18:55:00,40.509,3456.0,
07/07/26 19:00:00,40.881,3712.0,
07/07/26 19:05:00,40.321,2944.0,
07/07/26 19:10:00,39.007,2048.0,
07/07/26 19:15:00,37.870,1856.0,
07/07/26 19:20:00,39.007,3072.0,
07/07/26 19:25:00,42.732,3328.0,
07/07/26 19:30:00,42.915,5120.0,
07/07/26 19:35:00,42.363,2944.0,
07/07/26 19:40:00,41.810,3840.0,
07/07/26 19:45:00,40.509,1920.0,
07/07/26 19:50:00,42.179,4608.0,
07/07/26 19:55:00,41.994,4608.0,
07/07/26 20:00:00,44.742,4608.0,
07/07/26 20:05:00,43.648,2304.0,
07/07/26 20:10:00,39.573,1792.0,
07/07/26 20:15:00,38.629,1920.0,
07/07/26 20:20:00,37.870,1792.0,
07/07/26 20:25:00,37.297,2048.0,
07/07/26 20:30:00,38.061,1472.0,
07/07/26 20:35:00,36.338,1216.0,
07/07/26 20:40:00,35.758,1408.0,
07/07/26 20:45:00,35.951,1088.0,
07/07/26 20:50:00,35.564,864.0,
07/07/26 20:55:00,34.981,896.0,
07/07/26 21:00:00,34.786,672.0,
07/07/26 21:05:00,34.198,352.0,
07/07/26 21:10:00,33.805,224.0,
07/07/26 21:15:00,33.607,256.0,
07/07/26 21:20:00,33.607,272.0,
07/07/26 21:25:00,33.607,288.0,
07/07/26 21:30:00,33.607,304.0,
07/07/26 21:35:00,33.607,416.0,
07/07/26 21:40:00,33.411,368.0,
07/07/26 21:45:00,33.213,192.0,
07/07/26 21:50:00,33.013,108.0,
07/07/26 21:55:00,32.815,71.0,
07/07/26 22:00:00,32.418,59.0,
07/07/26 22:05:00,32.018,46.0,
07/07/26 22:10:00,32.018,38.0,
07/07/26 22:15:00,31.816,27.0,
07/07/26 22:20:00,31.415,19.0,
07/07/26 22:25:00,30.808,14.0,
07/07/26 22:30:00,30.198,9.0,
07/07/26 22:35:00,29.995,5.0,
07/07/26 22:40:00,29.379,3.0,
07/07/26 22:45:00,29.174,2.0,
07/07/26 22:50:00,29.379,1.0,
07/07/26 22:55:00,29.586,0.0,
07/07/26 23:00:00,29.995,0.0,
07/07/26 23:05:00,29.995,0.0,
07/07/26 23:10:00,29.995,0.0,
07/07/26 23:15:00,29.995,0.0,
07/07/26 23:20:00,30.198,0.0,
07/07/26 23:25:00,30.198,0.0,
07/07/26 23:30:00,29.995,0.0,
07/07/26 23:35:00,29.995,0.0,
07/07/26 23:40:00,30.198,0.0,
07/07/26 23:45:00,30.198,0.0,
07/07/26 23:50:00,30.403,0.0,
07/07/26 23:55:00,30.198,0.0,
07/08/26 00:00:00,30.403,0.0,
07/08/26 00:05:00,30.198,0.0,
07/08/26 00:10:00,29.790,0.0,
07/08/26 00:15:00,29.790,0.0,
07/08/26 00:20:00,29.790,0.0,
07/08/26 00:25:00,30.198,0.0,
07/08/26 00:30:00,30.607,0.0,
07/08/26 00:35:00,30.808,0.0,
07/08/26 00:40:00,30.808,0.0,
07/08/26 00:45:00,30.403,0.0,
07/08/26 00:50:00,29.995,0.0,
07/08/26 00:55:00,29.995,0.0,
07/08/26 01:00:00,30.198,0.0,
07/08/26 01:05:00,30.403,0.0,
07/08/26 01:10:00,30.403,0.0,
07/08/26 01:15:00,29.995,0.0,
07/08/26 01:20:00,29.379,0.0,
07/08/26 01:25:00,28.762,0.0,
07/08/26 01:30:00,28.762,0.0,
07/08/26 01:35:00,28.969,0.0,
07/08/26 01:40:00,28.969,0.0,
07/08/26 01:45:00,28.969,0.0,
07/08/26 01:50:00,28.969,0.0,
07/08/26 01:55:00,29.586,0.0,
07/08/26 02:00:00,29.790,0.0,
07/08/26 02:05:00,29.995,0.0,
07/08/26 02:10:00,29.995,0.0,
07/08/26 02:15:00,29.995,0.0,
07/08/26 02:20:00,29.995,0.0,
07/08/26 02:25:00,30.198,0.0,
07/08/26 02:30:00,29.790,0.0,
07/08/26 02:35:00,29.586,0.0,
07/08/26 02:40:00,29.379,0.0,
07/08/26 02:45:00,29.174,0.0,
07/08/26 02:50:00,29.174,0.0,
07/08/26 02:55:00,29.174,0.0,
07/08/26 03:00:00,28.969,0.0,
07/08/26 03:05:00,29.379,0.0,
07/08/26 03:10:00,29.790,1.0,
07/08/26 03:15:00,29.790,2.0,
07/08/26 03:20:00,29.995,3.0,
07/08/26 03:25:00,30.403,5.0,
07/08/26 03:30:00,30.403,8.0,
07/08/26 03:35:00,30.403,12.0,
07/08/26 03:40:00,30.607,17.0,
07/08/26 03:45:00,30.808,23.0,
07/08/26 03:50:00,30.808,30.0,
07/08/26 03:55:00,30.808,37.0,
07/08/26 04:00:00,30.808,42.0,
07/08/26 04:05:00,30.607,49.0,
07/08/26 04:10:00,30.403,56.0,
07/08/26 04:15:00,30.198,64.0,
07/08/26 04:20:00,30.198,82.0,
07/08/26 04:25:00,29.995,96.0,
07/08/26 04:30:00,29.790,123.0,
07/08/26 04:35:00,29.790,152.0,
07/08/26 04:40:00,30.198,184.0,
07/08/26 04:45:00,30.403,216.0,
07/08/26 04:50:00,30.198,272.0,
07/08/26 04:55:00,30.403,336.0,
07/08/26 05:00:00,30.403,336.0,
07/08/26 05:05:00,30.607,384.0,
07/08/26 05:10:00,31.012,512.0,
07/08/26 05:15:00,31.213,576.0,
07/08/26 05:20:00,31.213,480.0,
07/08/26 05:25:00,31.415,608.0,
07/08/26 05:30:00,31.617,768.0,
07/08/26 05:35:00,32.018,992.0,
07/08/26 05:40:00,32.218,960.0,
07/08/26 05:45:00,32.218,896.0,
07/08/26 05:50:00,32.218,896.0,
07/08/26 05:55:00,32.617,992.0,
07/08/26 06:00:00,33.213,1280.0,
07/08/26 06:05:00,34.002,1536.0,
07/08/26 06:10:00,34.198,1344.0,
07/08/26 06:15:00,34.198,1536.0,
07/08/26 06:20:00,35.175,1792.0,
07/08/26 06:25:00,35.564,2048.0,
07/08/26 06:30:00,35.951,1856.0,
07/08/26 06:35:00,40.321,3584.0,
07/08/26 06:40:00,40.321,2432.0,
07/08/26 06:45:00,36.723,1408.0,
07/08/26 06:50:00,35.370,1152.0,
07/08/26 06:55:00,34.786,1408.0,
07/08/26 07:00:00,43.831,5120.0,
07/08/26 07:05:00,41.254,3328.0,
07/08/26 07:10:00,37.870,2304.0,
07/08/26 07:15:00,36.531,2304.0,
07/08/26 07:20:00,36.723,3200.0,
07/08/26 07:25:00,36.723,2944.0,
07/08/26 07:30:00,36.723,3328.0,
07/08/26 07:35:00,36.914,3456.0,
07/08/26 07:40:00,37.297,3968.0,
07/08/26 07:45:00,37.870,4096.0,
07/08/26 07:50:00,38.629,4864.0,
07/08/26 07:55:00,39.384,5376.0,
07/08/26 08:00:00,39.196,4608.0,
07/08/26 08:05:00,38.061,4096.0,
07/08/26 08:10:00,37.870,4608.0,
07/08/26 08:15:00,39.007,5376.0,
07/08/26 08:20:00,41.625,6656.0,
07/08/26 08:25:00,42.179,6912.0,
07/08/26 08:30:00,41.439,5632.0,
07/08/26 08:35:00,42.363,7168.0,
07/08/26 08:40:00,46.548,9216.0,
07/08/26 08:45:00,48.339,9728.0,
07/08/26 08:50:00,42.179,5632.0,
07/08/26 08:55:00,39.384,5120.0,
07/08/26 09:00:00,42.732,8192.0,
07/08/26 09:05:00,42.548,7680.0,
07/08/26 09:10:00,41.810,7424.0,
07/08/26 09:15:00,44.013,9728.0,
07/08/26 09:20:00,45.286,9728.0,
07/08/26 09:25:00,45.104,9728.0,
07/08/26 09:30:00,47.266,11776.0,
07/08/26 09:35:00,45.104,8704.0,
07/08/26 09:40:00,43.282,8192.0,
07/08/26 09:45:00,44.742,9728.0,
07/08/26 09:50:00,47.802,12288.0,
07/08/26 09:55:00,48.695,11264.0,
07/08/26 10:00:00,44.742,8192.0,
07/08/26 10:05:00,43.099,7680.0,
07/08/26 10:10:00,43.099,7936.0,
07/08/26 10:15:00,43.099,7936.0,
07/08/26 10:20:00,43.648,7936.0,
07/08/26 10:25:00,44.379,7936.0,
07/08/26 10:30:00,44.922,7680.0,
07/08/26 10:35:00,44.922,7168.0,
07/08/26 10:40:00,45.648,7424.0,
07/08/26 10:45:00,46.548,8192.0,
07/08/26 10:50:00,48.695,10240.0,
07/08/26 10:55:00,49.582,8704.0,
07/08/26 11:00:00,48.695,8704.0,
07/08/26 11:05:00,49.050,9216.0,
07/08/26 11:10:00,49.050,9728.0,
07/08/26 11:15:00,49.582,10240.0,
07/08/26 11:20:00,49.937,10752.0,
07/08/26 11:25:00,50.643,13824.0,
07/08/26 11:30:00,49.937,10240.0,
07/08/26 11:35:00,49.228,9728.0,
07/08/26 11:40:00,48.871,9728.0,
07/08/26 11:45:00,47.624,9216.0,
07/08/26 11:50:00,46.728,8704.0,
07/08/26 11:55:00,46.188,8192.0,
07/08/26 12:00:00,46.369,8704.0,
07/08/26 12:05:00,47.446,9216.0,
07/08/26 12:10:00,48.871,9728.0,
07/08/26 12:15:00,52.050,11264.0,
07/08/26 12:20:00,50.995,9216.0,
07/08/26 12:25:00,49.050,8704.0,
07/08/26 12:30:00,48.517,8704.0,
07/08/26 12:35:00,48.160,8192.0,
07/08/26 12:40:00,47.266,8192.0,
07/08/26 12:45:00,46.908,8192.0,
07/08/26 12:50:00,46.728,7936.0,
07/08/26 12:55:00,47.088,8192.0,
07/08/26 13:00:00,47.802,8192.0,
07/08/26 13:05:00,49.228,9216.0,
07/08/26 13:10:00,50.995,10240.0,
07/08/26 13:15:00,51.523,10240.0,
07/08/26 13:20:00,51.523,10752.0,
07/08/26 13:25:00,54.322,12288.0,
07/08/26 13:30:00,56.057,13312.0,
07/08/26 13:35:00,56.404,12288.0,
07/08/26 13:40:00,54.842,12288.0,
07/08/26 13:45:00,54.147,11776.0,
07/08/26 13:50:00,52.925,11776.0,
07/08/26 13:55:00,54.495,11264.0,
07/08/26 14:00:00,54.147,12800.0,
07/08/26 14:05:00,58.476,9728.0,
07/08/26 14:10:00,61.227,11264.0,
07/08/26 14:15:00,57.441,9728.0,
07/08/26 14:20:00,57.614,12800.0,
07/08/26 14:25:00,57.958,12800.0,
07/08/26 14:30:00,55.884,11776.0,
07/08/26 14:35:00,55.364,12288.0,
07/08/26 14:40:00,56.404,14848.0,
07/08/26 14:45:00,57.785,15872.0,
07/08/26 14:50:00,55.711,13824.0,
07/08/26 14:55:00,53.798,10752.0,
07/08/26 15:00:00,50.643,10240.0,
07/08/26 15:05:00,49.404,8704.0,
07/08/26 15:10:00,48.695,8704.0,
07/08/26 15:15:00,48.339,9728.0,
07/08/26 15:20:00,48.160,8704.0,
07/08/26 15:25:00,47.982,9216.0,
07/08/26 15:30:00,51.346,14336.0,
07/08/26 15:35:00,55.884,18432.0,
07/08/26 15:40:00,57.441,16384.0,
07/08/26 15:45:00,54.322,12288.0,
07/08/26 15:50:00,54.147,15360.0,
07/08/26 15:55:00,53.798,14848.0,
07/08/26 16:00:00,52.925,13824.0,
07/08/26 16:05:00,51.172,10752.0,
07/08/26 16:10:00,49.050,10240.0,
07/08/26 16:15:00,47.266,8704.0,
07/08/26 16:20:00,45.286,6400.0,
07/08/26 16:25:00,44.560,7680.0,
07/08/26 16:30:00,47.088,10752.0,
07/08/26 16:35:00,49.582,11776.0,
07/08/26 16:40:00,50.819,9728.0,
07/08/26 16:45:00,51.346,12288.0,
07/08/26 16:50:00,52.225,12288.0,
07/08/26 16:55:00,52.401,12288.0,
07/08/26 17:00:00,52.576,12288.0,
07/08/26 17:05:00,52.050,11776.0,
07/08/26 17:10:00,50.466,10240.0,
07/08/26 17:15:00,47.266,7424.0,
07/08/26 17:20:00,46.728,8704.0,
07/08/26 17:25:00,47.624,8192.0,
07/08/26 17:30:00,48.871,9216.0,
07/08/26 17:35:00,49.937,9216.0,
07/08/26 17:40:00,50.113,8704.0,
07/08/26 17:45:00,46.728,8192.0,
07/08/26 17:50:00,47.088,7424.0,
07/08/26 17:55:00,47.088,6912.0,
07/08/26 18:00:00,45.286,5888.0,
07/08/26 18:05:00,42.732,4608.0,
07/08/26 18:10:00,42.363,5120.0,
07/08/26 18:15:00,44.560,6144.0,
07/08/26 18:20:00,45.828,6144.0,
07/08/26 18:25:00,46.369,6144.0,
07/08/26 18:30:00,46.008,3968.0,
07/08/26 18:35:00,46.548,7168.0,
07/08/26 18:40:00,48.517,7168.0,
07/08/26 18:45:00,49.404,7168.0,
07/08/26 18:50:00,48.695,6912.0,
07/08/26 18:55:00,48.695,6400.0,
07/08/26 19:00:00,47.266,5632.0,
07/08/26 19:05:00,40.134,2176.0,
07/08/26 19:10:00,38.061,3072.0,
07/08/26 19:15:00,38.440,3200.0,
07/08/26 19:20:00,37.297,1280.0,
07/08/26 19:25:00,36.531,2688.0,
07/08/26 19:30:00,37.488,3072.0,
07/08/26 19:35:00,38.440,3072.0,
07/08/26 19:40:00,39.007,3968.0,
07/08/26 19:45:00,37.488,2944.0,
07/08/26 19:50:00,39.947,4608.0,
07/08/26 19:55:00,41.254,3584.0,
07/08/26 20:00:00,39.947,2816.0,
07/08/26 20:05:00,37.107,2176.0,
07/08/26 20:10:00,37.297,2560.0,
07/08/26 20:15:00,34.590,800.0,
07/08/26 20:20:00,33.013,896.0,
07/08/26 20:25:00,32.418,768.0,
07/08/26 20:30:00,32.018,608.0,
07/08/26 20:35:00,31.415,576.0,
07/08/26 20:40:00,31.213,496.0,
07/08/26 20:45:00,30.808,432.0,
07/08/26 20:50:00,30.198,272.0,
07/08/26 20:55:00,29.586,224.0,
07/08/26 21:00:00,29.174,216.0,
07/08/26 21:05:00,28.969,200.0,
07/08/26 21:10:00,28.555,208.0,
07/08/26 21:15:00,28.346,176.0,
07/08/26 21:20:00,27.930,160.0,
07/08/26 21:25:00,28.969,136.0,
07/08/26 21:30:00,29.379,122.0,
07/08/26 21:35:00,29.790,100.0,
07/08/26 21:40:00,29.995,86.0,
07/08/26 21:45:00,29.790,77.0,
07/08/26 21:50:00,29.995,68.0,
07/08/26 21:55:00,29.174,59.0,
07/08/26 22:00:00,29.174,50.0,
07/08/26 22:05:00,28.762,41.0,
07/08/26 22:10:00,28.346,34.0,
07/08/26 22:15:00,27.930,27.0,
07/08/26 22:20:00,27.930,21.0,
07/08/26 22:25:00,28.139,16.0,
07/08/26 22:30:00,27.721,12.0,
07/08/26 22:35:00,27.721,9.0,
07/08/26 22:40:00,28.139,6.0,
07/08/26 22:45:00,28.762,3.0,
07/08/26 22:50:00,29.586,2.0,
07/08/26 22:55:00,29.379,1.0,
07/08/26 23:00:00,28.555,0.0,
07/08/26 23:05:00,27.930,0.0,
07/08/26 23:10:00,27.930,0.0,
07/08/26 23:15:00,27.721,0.0,
07/08/26 23:20:00,28.139,0.0,
07/08/26 23:25:00,27.721,0.0,
07/08/26 23:30:00,26.881,0.0,
07/08/26 23:35:00,27.091,0.0,
07/08/26 23:40:00,26.458,0.0,
07/08/26 23:45:00,26.881,0.0,
07/08/26 23:50:00,27.302,0.0,
07/08/26 23:55:00,27.721,0.0,
07/09/26 00:00:00,28.139,0.0,
07/09/26 00:05:00,29.174,0.0,
07/09/26 00:10:00,28.969,0.0,
07/09/26 00:15:00,28.555,0.0,
07/09/26 00:20:00,28.555,0.0,
07/09/26 00:25:00,29.174,0.0,
07/09/26 00:30:00,28.762,0.0,
07/09/26 00:35:00,28.969,0.0,
07/09/26 00:40:00,28.762,0.0,
07/09/26 00:45:00,28.139,0.0,
07/09/26 00:50:00,27.091,0.0,
07/09/26 00:55:00,26.881,0.0,
07/09/26 01:00:00,27.091,0.0,
07/09/26 01:05:00,27.511,0.0,
07/09/26 01:10:00,26.881,0.0,
07/09/26 01:15:00,26.668,0.0,
07/09/26 01:20:00,27.511,0.0,
07/09/26 01:25:00,28.346,0.0,
07/09/26 01:30:00,28.346,0.0,
07/09/26 01:35:00,27.930,0.0,
07/09/26 01:40:00,27.302,0.0,
07/09/26 01:45:00,27.091,0.0,
07/09/26 01:50:00,26.881,0.0,
07/09/26 01:55:00,26.458,0.0,
07/09/26 02:00:00,26.031,0.0,
07/09/26 02:05:00,25.390,0.0,
07/09/26 02:10:00,24.744,0.0,
07/09/26 02:15:00,24.310,0.0,
07/09/26 02:20:00,24.526,0.0,
07/09/26 02:25:00,24.744,0.0,
07/09/26 02:30:00,24.526,0.0,
07/09/26 02:35:00,24.093,0.0,
07/09/26 02:40:00,23.875,0.0,
07/09/26 02:45:00,23.655,0.0,
07/09/26 02:50:00,23.216,0.0,
07/09/26 02:55:00,23.216,0.0,
07/09/26 03:00:00,23.655,0.0,
07/09/26 03:05:00,23.216,0.0,
07/09/26 03:10:00,24.310,0.0,
07/09/26 03:15:00,24.093,1.0,
07/09/26 03:20:00,22.995,2.0,
07/09/26 03:25:00,22.775,4.0,
07/09/26 03:30:00,23.436,7.0,
07/09/26 03:35:00,22.552,10.0,
07/09/26 03:40:00,21.659,14.0,
07/09/26 03:45:00,22.995,19.0,
07/09/26 03:50:00,23.655,26.0,
07/09/26 03:55:00,21.659,34.0,
07/09/26 04:00:00,20.757,42.0,
07/09/26 04:05:00,21.434,51.0,
07/09/26 04:10:00,21.884,60.0,
07/09/26 04:15:00,21.434,71.0,
07/09/26 04:20:00,22.107,81.0,
07/09/26 04:25:00,22.552,94.0,
07/09/26 04:30:00,23.216,108.0,
07/09/26 04:35:00,23.655,126.0,
07/09/26 04:40:00,24.093,144.0,
07/09/26 04:45:00,24.744,168.0,
07/09/26 04:50:00,25.390,184.0,
07/09/26 04:55:00,25.819,192.0,
07/09/26 05:00:00,32.418,1088.0,
07/09/26 05:05:00,34.394,1152.0,
07/09/26 05:10:00,36.145,1344.0,
07/09/26 05:15:00,38.440,1472.0,
07/09/26 05:20:00,40.321,1536.0,
07/09/26 05:25:00,40.509,1728.0,
07/09/26 05:30:00,42.732,1856.0,
07/09/26 05:35:00,42.915,1984.0,
07/09/26 05:40:00,42.179,2048.0,
07/09/26 05:45:00,42.548,2304.0,
07/09/26 05:50:00,42.732,2432.0,
07/09/26 05:55:00,44.742,2688.0,
07/09/26 06:00:00,45.104,2816.0,
07/09/26 06:05:00,44.922,3072.0,
07/09/26 06:10:00,45.104,3200.0,
07/09/26 06:15:00,47.088,3328.0,
07/09/26 06:20:00,47.624,3584.0,
07/09/26 06:25:00,47.266,3712.0,
07/09/26 06:30:00,49.759,3840.0,
07/09/26 06:35:00,52.576,3840.0,
07/09/26 06:40:00,53.449,3200.0,
07/09/26 06:45:00,54.842,3328.0,
07/09/26 06:50:00,57.096,3456.0,
07/09/26 06:55:00,58.303,3712.0,
07/09/26 07:00:00,59.851,3840.0,
07/09/26 07:05:00,60.195,4096.0,
07/09/26 07:10:00,59.164,4352.0,
07/09/26 07:15:00,58.131,4352.0,
07/09/26 07:20:00,56.923,4608.0,
07/09/26 07:25:00,56.057,4864.0,
07/09/26 07:30:00,56.923,5120.0,
07/09/26 07:35:00,59.508,5120.0,
07/09/26 07:40:00,62.598,5376.0,
07/09/26 07:45:00,64.310,5632.0,
07/09/26 07:50:00,67.906,5888.0,
07/09/26 07:55:00,70.995,6144.0,
07/09/26 08:00:00,74.098,6400.0,
07/09/26 08:05:00,78.624,6912.0,
07/09/26 08:10:00,77.225,7168.0,
07/09/26 08:15:00,75.139,7424.0,
07/09/26 08:20:00,78.098,7680.0,
07/09/26 08:25:00,74.446,8192.0,
07/09/26 08:30:00,72.718,8704.0,
07/09/26 08:35:00,75.312,8704.0,
07/09/26 08:40:00,76.181,9216.0,
07/09/26 08:45:00,78.975,9728.0,
07/09/26 08:50:00,81.090,10240.0,
07/09/26 08:55:00,85.194,10752.0,
07/09/26 09:00:00,85.194,11264.0,
07/09/26 09:05:00,86.459,11776.0,
07/09/26 09:10:00,88.282,11776.0,
07/09/26 09:15:00,87.186,12288.0,
07/09/26 09:20:00,85.735,12800.0,
07/09/26 09:25:00,85.194,12800.0,
07/09/26 09:30:00,83.579,13312.0,
07/09/26 09:35:00,82.508,13312.0,
07/09/26 09:40:00,82.330,13824.0,
07/09/26 09:45:00,84.474,13824.0,
07/09/26 09:50:00,87.915,14336.0,
07/09/26 09:55:00,89.200,14336.0,
07/09/26 10:00:00,92.174,14848.0,
07/09/26 10:05:00,91.240,15360.0,
07/09/26 10:10:00,92.174,15360.0,
07/09/26 10:15:00,89.569,15360.0,
07/09/26 10:20:00,86.641,15872.0,
07/09/26 10:25:00,83.399,15872.0,
07/09/26 10:30:00,84.654,15872.0,
07/09/26 10:35:00,88.282,16384.0,
07/09/26 10:40:00,86.641,16384.0,
07/09/26 10:45:00,81.266,16384.0,
07/09/26 10:50:00,78.098,16384.0,
07/09/26 10:55:00,76.703,16384.0,
07/09/26 11:00:00,75.312,16384.0,
07/09/26 11:05:00,74.098,16384.0,
07/09/26 11:10:00,71.856,16384.0,
07/09/26 11:15:00,68.421,16384.0,
07/09/26 11:20:00,67.735,16384.0,
07/09/26 11:25:00,66.537,17408.0,
07/09/26 11:30:00,65.851,17408.0,
07/09/26 11:35:00,66.366,17408.0,
07/09/26 11:40:00,66.879,17408.0,
07/09/26 11:45:00,66.708,17408.0,
07/09/26 11:50:00,67.221,17408.0,
07/09/26 11:55:00,67.221,17408.0,
07/09/26 12:00:00,64.996,17408.0,
07/09/26 12:05:00,63.797,17408.0,
07/09/26 12:10:00,64.996,17408.0,
07/09/26 12:15:00,65.338,17408.0,
07/09/26 12:20:00,64.652,17408.0,
07/09/26 12:25:00,65.338,17408.0,
07/09/26 12:30:00,66.879,17408.0,
07/09/26 12:35:00,67.221,17408.0,
07/09/26 12:40:00,65.851,16384.0,
07/09/26 12:45:00,65.167,16384.0,
07/09/26 12:50:00,66.366,15872.0,
07/09/26 12:55:00,67.906,14848.0,
07/09/26 13:00:00,66.537,13824.0,
07/09/26 13:05:00,64.310,12800.0,
07/09/26 13:10:00,64.652,11776.0,
07/09/26 13:15:00,64.652,10240.0,
07/09/26 13:20:00,64.139,9216.0,
07/09/26 13:25:00,65.680,8704.0,
07/09/26 13:30:00,66.366,8192.0,
07/09/26 13:35:00,65.680,7680.0,
07/09/26 13:40:00,63.968,7680.0,
07/09/26 13:45:00,63.455,7936.0,
07/09/26 13:50:00,64.652,7680.0,
07/09/26 13:55:00,65.338,7168.0,
07/09/26 14:00:00,65.509,6656.0,
07/09/26 14:05:00,65.509,6144.0,
07/09/26 14:10:00,65.167,7168.0,
07/09/26 14:15:00,63.455,8192.0,
07/09/26 14:20:00,60.024,7424.0,
07/09/26 14:25:00,60.712,10240.0,
07/09/26 14:30:00,60.195,10752.0,
07/09/26 14:35:00,61.227,13824.0,
07/09/26 14:40:00,61.741,15360.0,
07/09/26 14:45:00,62.083,15360.0,
07/09/26 14:50:00,61.054,15360.0,
07/09/26 14:55:00,60.368,13824.0,
07/09/26 15:00:00,60.195,16384.0,
07/09/26 15:05:00,60.368,16384.0,
07/09/26 15:10:00,60.195,16384.0,
07/09/26 15:15:00,60.712,16384.0,
07/09/26 15:20:00,61.398,16384.0,
07/09/26 15:25:00,60.539,16384.0,
07/09/26 15:30:00,60.368,16384.0,
07/09/26 15:35:00,59.851,14848.0,
07/09/26 15:40:00,60.368,14336.0,
07/09/26 15:45:00,60.195,15360.0,
07/09/26 15:50:00,61.054,15872.0,
07/09/26 15:55:00,60.539,15360.0,
07/09/26 16:00:00,61.227,12800.0,
07/09/26 16:05:00,59.851,12800.0,
07/09/26 16:10:00,57.958,13312.0,
07/09/26 16:15:00,57.614,12800.0,
07/09/26 16:20:00,58.303,12288.0,
07/09/26 16:25:00,57.268,9728.0,
07/09/26 16:30:00,58.993,11264.0,
07/09/26 16:35:00,61.398,12800.0,
07/09/26 16:40:00,62.083,11264.0,
07/09/26 16:45:00,60.712,10240.0,
07/09/26 16:50:00,60.024,10752.0,
07/09/26 16:55:00,60.368,9216.0,
07/09/26 17:00:00,56.923,7168.0,
07/09/26 17:05:00,54.495,8192.0,
07/09/26 17:10:00,53.274,7680.0,
07/09/26 17:15:00,54.669,10240.0,
07/09/26 17:20:00,57.958,9728.0,
07/09/26 17:25:00,58.303,9216.0,
07/09/26 17:30:00,56.750,8704.0,
07/09/26 17:35:00,55.711,7680.0,
07/09/26 17:40:00,54.322,6144.0,
07/09/26 17:45:00,53.449,6656.0,
07/09/26 17:50:00,54.147,6656.0,
07/09/26 17:55:00,55.189,7168.0,
07/09/26 18:00:00,57.268,7168.0,
07/09/26 18:05:00,57.268,4608.0,
07/09/26 18:10:00,57.441,7168.0,
07/09/26 18:15:00,57.614,6144.0,
07/09/26 18:20:00,57.441,6144.0,
07/09/26 18:25:00,55.017,5376.0,
07/09/26 18:30:00,54.147,6144.0,
07/09/26 18:35:00,53.623,5888.0,
07/09/26 18:40:00,53.973,6144.0,
07/09/26 18:45:00,55.537,5376.0,
07/09/26 18:50:00,55.189,4864.0,
07/09/26 18:55:00,55.364,5120.0,
07/09/26 19:00:00,54.495,3584.0,
07/09/26 19:05:00,51.172,2944.0,
07/09/26 19:10:00,48.517,3456.0,
07/09/26 19:15:00,46.369,2432.0,
07/09/26 19:20:00,45.466,2432.0,
07/09/26 19:25:00,45.466,2560.0,
07/09/26 19:30:00,45.104,2304.0,
07/09/26 19:35:00,43.831,2048.0,
07/09/26 19:40:00,42.915,2176.0,
07/09/26 19:45:00,42.363,2176.0,
07/09/26 19:50:00,40.696,2176.0,
07/09/26 19:55:00,39.760,1920.0,
07/09/26 20:00:00,39.007,1536.0,
07/09/26 20:05:00,38.629,1408.0,
07/09/26 20:10:00,38.250,1280.0,
07/09/26 20:15:00,38.061,1280.0,
07/09/26 20:20:00,37.870,1152.0,
07/09/26 20:25:00,38.061,992.0,
07/09/26 20:30:00,38.250,864.0,
07/09/26 20:35:00,38.629,768.0,
07/09/26 20:40:00,38.440,512.0,
07/09/26 20:45:00,38.250,464.0,
07/09/26 20:50:00,38.061,432.0,
07/09/26 20:55:00,37.297,352.0,
07/09/26 21:00:00,37.107,320.0,
07/09/26 21:05:00,36.723,272.0,
07/09/26 21:10:00,37.107,248.0,
07/09/26 21:15:00,36.914,224.0,
07/09/26 21:20:00,37.107,176.0,
07/09/26 21:25:00,37.297,144.0,
07/09/26 21:30:00,37.107,113.0,
07/09/26 21:35:00,37.297,87.0,
07/09/26 21:40:00,37.107,74.0,
07/09/26 21:45:00,37.488,67.0,
07/09/26 21:50:00,37.870,52.0,
07/09/26 21:55:00,37.870,43.0,
07/09/26 22:00:00,37.488,38.0,
07/09/26 22:05:00,37.297,30.0,
07/09/26 22:10:00,37.488,21.0,
07/09/26 22:15:00,37.679,19.0,
07/09/26 22:20:00,37.107,13.0,
07/09/26 22:25:00,36.531,9.0,
07/09/26 22:30:00,36.338,7.0,
07/09/26 22:35:00,36.145,5.0,
07/09/26 22:40:00,36.723,3.0,
07/09/26 22:45:00,36.723,1.0,
07/09/26 22:50:00,37.488,0.0,
07/09/26 22:55:00,37.679,0.0,
07/09/26 23:00:00,37.679,0.0,
07/09/26 23:05:00,37.107,0.0,
07/09/26 23:10:00,36.723,0.0,
07/09/26 23:15:00,36.723,0.0,
07/09/26 23:20:00,36.914,0.0,
07/09/26 23:25:00,37.107,0.0,
07/09/26 23:30:00,36.914,0.0,
07/09/26 23:35:00,36.531,0.0,
07/09/26 23:40:00,36.145,0.0,
07/09/26 23:45:00,36.145,0.0,
07/09/26 23:50:00,36.145,0.0,
07/09/26 23:55:00,36.338,0.0,
07/10/26 00:00:00,35.951,0.0,
07/10/26 00:05:00,35.758,0.0,
07/10/26 00:10:00,35.951,0.0,
07/10/26 00:15:00,35.370,0.0,
07/10/26 00:20:00,34.590,0.0,
07/10/26 00:25:00,35.175,0.0,
07/10/26 00:30:00,35.951,0.0,
07/10/26 00:35:00,35.370,0.0,
07/10/26 00:40:00,34.981,0.0,
07/10/26 00:45:00,34.786,0.0,
07/10/26 00:50:00,34.786,0.0,
07/10/26 00:55:00,34.590,0.0,
07/10/26 01:00:00,34.198,0.0,
07/10/26 01:05:00,33.805,0.0,
07/10/26 01:10:00,33.213,0.0,
07/10/26 01:15:00,33.013,0.0,
07/10/26 01:20:00,33.013,0.0,
07/10/26 01:25:00,33.213,0.0,
07/10/26 01:30:00,33.213,0.0,
07/10/26 01:35:00,34.002,0.0,
07/10/26 01:40:00,34.198,0.0,
07/10/26 01:45:00,34.394,0.0,
07/10/26 01:50:00,34.590,0.0,
07/10/26 01:55:00,34.981,0.0,
07/10/26 02:00:00,34.394,0.0,
07/10/26 02:05:00,34.394,0.0,
07/10/26 02:10:00,34.198,0.0,
07/10/26 02:15:00,35.175,0.0,
07/10/26 02:20:00,35.370,0.0,
07/10/26 02:25:00,35.175,0.0,
07/10/26 02:30:00,35.370,0.0,
07/10/26 02:35:00,35.564,0.0,
07/10/26 02:40:00,35.370,0.0,
07/10/26 02:45:00,35.175,0.0,
07/10/26 02:50:00,35.370,0.0,
07/10/26 02:55:00,35.175,0.0,
07/10/26 03:00:00,35.175,0.0,
07/10/26 03:05:00,35.370,0.0,
07/10/26 03:10:00,35.758,0.0,
07/10/26 03:15:00,35.758,1.0,
07/10/26 03:20:00,35.951,2.0,
07/10/26 03:25:00,36.145,3.0,
07/10/26 03:30:00,36.145,5.0,
07/10/26 03:35:00,36.145,7.0,
07/10/26 03:40:00,36.531,9.0,
07/10/26 03:45:00,36.531,11.0,
07/10/26 03:50:00,35.951,14.0,
07/10/26 03:55:00,36.338,20.0,
07/10/26 04:00:00,36.338,30.0,
07/10/26 04:05:00,36.338,44.0,
07/10/26 04:10:00,35.951,60.0,
07/10/26 04:15:00,36.338,76.0,
07/10/26 04:20:00,36.145,91.0,
07/10/26 04:25:00,36.723,128.0,
07/10/26 04:30:00,37.297,224.0,
07/10/26 04:35:00,37.488,272.0,
07/10/26 04:40:00,37.870,288.0,
07/10/26 04:45:00,38.061,304.0,
07/10/26 04:50:00,37.870,336.0,
07/10/26 04:55:00,37.488,352.0,
07/10/26 05:00:00,37.488,384.0,
07/10/26 05:05:00,37.679,336.0,
07/10/26 05:10:00,38.061,304.0,
07/10/26 05:15:00,38.061,272.0,
07/10/26 05:20:00,37.679,248.0,
07/10/26 05:25:00,37.107,216.0,
07/10/26 05:30:00,36.914,232.0,
07/10/26 05:35:00,36.914,272.0,
07/10/26 05:40:00,36.914,336.0,
07/10/26 05:45:00,37.297,416.0,
07/10/26 05:50:00,37.297,464.0,
07/10/26 05:55:00,37.679,512.0,
07/10/26 06:00:00,38.250,672.0,
07/10/26 06:05:00,38.818,704.0,
07/10/26 06:10:00,39.007,768.0,
07/10/26 06:15:00,39.007,768.0,
07/10/26 06:20:00,38.818,864.0,
07/10/26 06:25:00,38.818,960.0,
07/10/26 06:30:00,39.196,1216.0,
07/10/26 06:35:00,40.321,1472.0,
07/10/26 06:40:00,41.254,1344.0,
07/10/26 06:45:00,41.994,1728.0,
07/10/26 06:50:00,42.363,1984.0,
07/10/26 06:55:00,42.363,1792.0,
07/10/26 07:00:00,41.625,1728.0,
07/10/26 07:05:00,42.548,1920.0,
07/10/26 07:10:00,43.466,1920.0,
07/10/26 07:15:00,43.831,1600.0,
07/10/26 07:20:00,42.179,2304.0,
07/10/26 07:25:00,42.915,2048.0,
07/10/26 07:30:00,44.379,2304.0,
07/10/26 07:35:00,44.195,2176.0,
07/10/26 07:40:00,44.195,2304.0,
07/10/26 07:45:00,44.560,2176.0,
07/10/26 07:50:00,43.831,2048.0,
07/10/26 07:55:00,43.282,2432.0,
07/10/26 08:00:00,43.831,2304.0,
07/10/26 08:05:00,43.466,2176.0,
07/10/26 08:10:00,42.548,2048.0,
07/10/26 08:15:00,41.994,2304.0,
07/10/26 08:20:00,43.099,2560.0,
07/10/26 08:25:00,43.282,2304.0,
07/10/26 08:30:00,42.732,1984.0,
07/10/26 08:35:00,42.363,1984.0,
07/10/26 08:40:00,42.548,2304.0,
07/10/26 08:45:00,42.179,2304.0,
07/10/26 08:50:00,41.994,2048.0,
07/10/26 08:55:00,41.994,1984.0,
07/10/26 09:00:00,42.548,2048.0,
07/10/26 09:05:00,42.179,2048.0,
07/10/26 09:10:00,41.994,1920.0,
07/10/26 09:15:00,42.548,2048.0,
07/10/26 09:20:00,42.915,2176.0,
07/10/26 09:25:00,44.013,2432.0,
07/10/26 09:30:00,44.742,2304.0,
07/10/26 09:35:00,44.742,2304.0,
07/10/26 09:40:00,44.195,1984.0,
07/10/26 09:45:00,43.831,1600.0,
07/10/26 09:50:00,44.013,1472.0,
07/10/26 09:55:00,45.104,1472.0,
07/10/26 10:00:00,45.466,1344.0,
07/10/26 10:05:00,45.466,1728.0,
07/10/26 10:10:00,45.466,1856.0,
07/10/26 10:15:00,46.188,2048.0,
07/10/26 10:20:00,47.266,2432.0,
07/10/26 10:25:00,47.982,2560.0,
07/10/26 10:30:00,48.339,2688.0,
07/10/26 10:35:00,48.160,2816.0,
07/10/26 10:40:00,47.088,2688.0,
07/10/26 10:45:00,47.802,2816.0,
07/10/26 10:50:00,47.982,2816.0,
07/10/26 10:55:00,47.088,2176.0,
07/10/26 11:00:00,45.286,1728.0,
07/10/26 11:05:00,44.922,1792.0,
07/10/26 11:10:00,46.548,2688.0,
07/10/26 11:15:00,49.050,2944.0,
07/10/26 11:20:00,50.290,3200.0,
07/10/26 11:25:00,52.401,3840.0,
07/10/26 11:30:00,55.017,3840.0,
07/10/26 11:35:00,55.711,3456.0,
07/10/26 11:40:00,53.449,2816.0,
07/10/26 11:45:00,52.401,3200.0,
07/10/26 11:50:00,53.449,3328.0,
07/10/26 11:55:00,56.923,3456.0,
07/10/26 12:00:00,56.230,3712.0,
07/10/26 12:05:00,56.923,4608.0,
07/10/26 12:10:00,57.614,4096.0,
07/10/26 12:15:00,55.711,4096.0,
07/10/26 12:20:00,53.449,4608.0,
07/10/26 12:25:00,53.100,3968.0,
07/10/26 12:30:00,52.925,3456.0,
07/10/26 12:35:00,52.576,3456.0,
07/10/26 12:40:00,52.050,3200.0,
07/10/26 12:45:00,50.995,3072.0,
07/10/26 12:50:00,50.643,2816.0,
07/10/26 12:55:00,51.699,3584.0,
07/10/26 13:00:00,53.798,3584.0,
07/10/26 13:05:00,53.623,3840.0,
07/10/26 13:10:00,54.147,4096.0,
07/10/26 13:15:00,55.884,5120.0,
07/10/26 13:20:00,59.851,5632.0,
07/10/26 13:25:00,60.368,4352.0,
07/10/26 13:30:00,58.476,3200.0,
07/10/26 13:35:00,55.537,2944.0,
07/10/26 13:40:00,52.925,3456.0,
07/10/26 13:45:00,52.225,3456.0,
07/10/26 13:50:00,52.225,3328.0,
07/10/26 13:55:00,52.925,3328.0,
07/10/26 14:00:00,52.401,3200.0,
07/10/26 14:05:00,53.623,3456.0,
07/10/26 14:10:00,55.364,4096.0,
07/10/26 14:15:00,58.131,4352.0,
07/10/26 14:20:00,59.508,4096.0,
07/10/26 14:25:00,58.647,3456.0,
07/10/26 14:30:00,57.268,4096.0,
07/10/26 14:35:00,57.268,2944.0,
07/10/26 14:40:00,58.820,4608.0,
07/10/26 14:45:00,57.441,3968.0,
07/10/26 14:50:00,54.322,3584.0,
07/10/26 14:55:00,53.449,4096.0,
07/10/26 15:00:00,52.750,3456.0,
07/10/26 15:05:00,52.750,3584.0,
07/10/26 15:10:00,53.449,4096.0,
07/10/26 15:15:00,54.495,4096.0,
07/10/26 15:20:00,53.798,2816.0,
07/10/26 15:25:00,51.172,3072.0,
07/10/26 15:30:00,50.466,3840.0,
07/10/26 15:35:00,51.874,3968.0,
07/10/26 15:40:00,51.699,3456.0,
07/10/26 15:45:00,51.699,2816.0,
07/10/26 15:50:00,52.401,2432.0,
07/10/26 15:55:00,51.523,2048.0,
07/10/26 16:00:00,49.228,1856.0,
07/10/26 16:05:00,45.828,1664.0,
07/10/26 16:10:00,43.831,1216.0,
07/10/26 16:15:00,43.466,1344.0,
07/10/26 16:20:00,43.099,960.0,
07/10/26 16:25:00,42.732,1024.0,
07/10/26 16:30:00,43.831,2048.0,
07/10/26 16:35:00,45.648,2304.0,
07/10/26 16:40:00,46.188,1920.0,
07/10/26 16:45:00,46.908,1920.0,
07/10/26 16:50:00,46.369,1600.0,
07/10/26 16:55:00,45.286,768.0,
07/10/26 17:00:00,43.831,576.0,
07/10/26 17:05:00,43.282,896.0,
07/10/26 17:10:00,43.466,992.0,
07/10/26 17:15:00,43.099,1152.0,
07/10/26 17:20:00,42.548,1024.0,
07/10/26 17:25:00,44.379,1664.0,
07/10/26 17:30:00,45.828,1664.0,
07/10/26 17:35:00,46.908,2048.0,
07/10/26 17:40:00,47.446,2304.0,
07/10/26 17:45:00,47.266,1984.0,
07/10/26 17:50:00,46.188,1152.0,
07/10/26 17:55:00,44.922,1408.0,
07/10/26 18:00:00,44.379,992.0,
07/10/26 18:05:00,43.648,768.0,
07/10/26 18:10:00,40.881,608.0,
07/10/26 18:15:00,39.196,1088.0,
07/10/26 18:20:00,39.947,1472.0,
07/10/26 18:25:00,41.810,1728.0,
07/10/26 18:30:00,43.282,2176.0,
07/10/26 18:35:00,43.831,2048.0,
07/10/26 18:40:00,43.466,1920.0,
07/10/26 18:45:00,41.810,1344.0,
07/10/26 18:50:00,40.696,1536.0,
07/10/26 18:55:00,39.760,896.0,
07/10/26 19:00:00,39.573,800.0,
07/10/26 19:05:00,40.509,864.0,
07/10/26 19:10:00,41.067,1024.0,
07/10/26 19:15:00,41.810,1280.0,
07/10/26 19:20:00,42.363,1600.0,
07/10/26 19:25:00,41.994,1088.0,
07/10/26 19:30:00,41.254,1088.0,
07/10/26 19:35:00,41.254,1152.0,
07/10/26 19:40:00,41.439,1024.0,
07/10/26 19:45:00,40.134,992.0,
07/10/26 19:50:00,39.573,960.0,
07/10/26 19:55:00,40.134,896.0,
07/10/26 20:00:00,40.134,704.0,
07/10/26 20:05:00,40.134,608.0,
07/10/26 20:10:00,39.573,480.0,
07/10/26 20:15:00,39.760,480.0,
07/10/26 20:20:00,39.760,576.0,
07/10/26 20:25:00,39.760,480.0,
07/10/26 20:30:00,39.384,464.0,
07/10/26 20:35:00,39.384,432.0,
07/10/26 20:40:00,39.384,368.0,
07/10/26 20:45:00,39.196,304.0,
07/10/26 20:50:00,39.384,272.0,
07/10/26 20:55:00,38.629,256.0,
07/10/26 21:00:00,37.870,240.0,
07/10/26 21:05:00,37.679,240.0,
07/10/26 21:10:00,38.250,240.0,
07/10/26 21:15:00,38.629,224.0,
07/10/26 21:20:00,38.629,192.0,
07/10/26 21:25:00,39.196,160.0,
07/10/26 21:30:00,39.384,122.0,
07/10/26 21:35:00,39.573,95.0,
07/10/26 21:40:00,39.760,94.0,
07/10/26 21:45:00,39.573,81.0,
07/10/26 21:50:00,39.384,65.0,
07/10/26 21:55:00,39.196,60.0,
07/10/26 22:00:00,38.629,54.0,
07/10/26 22:05:00,38.250,42.0,
07/10/26 22:10:00,37.870,26.0,
07/10/26 22:15:00,37.679,19.0,
07/10/26 22:20:00,37.488,14.0,
07/10/26 22:25:00,37.679,11.0,
07/10/26 22:30:00,37.870,7.0,
07/10/26 22:35:00,37.870,4.0,
07/10/26 22:40:00,37.107,2.0,
07/10/26 22:45:00,36.723,1.0,
07/10/26 22:50:00,36.531,0.0,
07/10/26 22:55:00,37.107,0.0,
07/10/26 23:00:00,36.145,0.0,
07/10/26 23:05:00,35.564,0.0,
07/10/26 23:10:00,34.981,0.0,
07/10/26 23:15:00,35.758,0.0,
07/10/26 23:20:00,36.531,0.0,
07/10/26 23:25:00,37.488,0.0,
07/10/26 23:30:00,38.061,0.0,
07/10/26 23:35:00,38.061,0.0,
07/10/26 23:40:00,37.870,0.0,
07/10/26 23:45:00,38.440,0.0,
07/10/26 23:50:00,38.250,0.0,
07/10/26 23:55:00,37.870,0.0,
07/11/26 00:00:00,38.440,0.0,
07/11/26 00:05:00,39.007,0.0,
07/11/26 00:10:00,38.818,0.0,
07/11/26 00:15:00,38.250,0.0,
07/11/26 00:20:00,37.488,0.0,
07/11/26 00:25:00,37.870,0.0,
07/11/26 00:30:00,38.061,0.0,
07/11/26 00:35:00,37.679,0.0,
07/11/26 00:40:00,36.914,0.0,
07/11/26 00:45:00,36.531,0.0,
07/11/26 00:50:00,36.531,0.0,
07/11/26 00:55:00,37.297,0.0,
07/11/26 01:00:00,37.679,0.0,
07/11/26 01:05:00,38.061,0.0,
07/11/26 01:10:00,38.061,0.0,
07/11/26 01:15:00,38.440,0.0,
07/11/26 01:20:00,39.007,0.0,
07/11/26 01:25:00,39.196,0.0,
07/11/26 01:30:00,38.250,0.0,
07/11/26 01:35:00,38.250,0.0,
07/11/26 01:40:00,38.440,0.0,
07/11/26 01:45:00,38.061,0.0,
07/11/26 01:50:00,37.870,0.0,
07/11/26 01:55:00,37.488,0.0,
07/11/26 02:00:00,37.297,0.0,
07/11/26 02:05:00,37.870,0.0,
07/11/26 02:10:00,38.440,0.0,
07/11/26 02:15:00,38.440,0.0,
07/11/26 02:20:00,38.629,0.0,
07/11/26 02:25:00,38.818,0.0,
07/11/26 02:30:00,38.440,0.0,
07/11/26 02:35:00,38.250,0.0,
07/11/26 02:40:00,38.061,0.0,
07/11/26 02:45:00,37.870,0.0,
07/11/26 02:50:00,38.629,0.0,
07/11/26 02:55:00,38.440,0.0,
07/11/26 03:00:00,38.629,0.0,
07/11/26 03:05:00,38.629,0.0,
07/11/26 03:10:00,38.629,0.0,
07/11/26 03:15:00,38.629,0.0,
07/11/26 03:20:00,38.629,0.0,
07/11/26 03:25:00,38.818,1.0,
07/11/26 03:30:00,38.818,2.0,
07/11/26 03:35:00,39.007,4.0,
07/11/26 03:40:00,39.007,7.0,
07/11/26 03:45:00,38.440,13.0,
07/11/26 03:50:00,38.440,29.0,
07/11/26 03:55:00,37.870,60.0,
07/11/26 04:00:00,38.250,136.0,
07/11/26 04:05:00,38.629,288.0,
07/11/26 04:10:00,38.818,448.0,
07/11/26 04:15:00,39.196,448.0,
07/11/26 04:20:00,39.384,432.0,
07/11/26 04:25:00,39.573,480.0,
07/11/26 04:30:00,39.947,672.0,
07/11/26 04:35:00,40.509,992.0,
07/11/26 04:40:00,40.696,1152.0,
07/11/26 04:45:00,41.067,1088.0,
07/11/26 04:50:00,40.696,1024.0,
07/11/26 04:55:00,40.134,768.0,
07/11/26 05:00:00,39.947,672.0,
07/11/26 05:05:00,41.439,704.0,
07/11/26 05:10:00,41.810,768.0,
07/11/26 05:15:00,41.625,768.0,
07/11/26 05:20:00,42.179,800.0,
07/11/26 05:25:00,41.810,896.0,
07/11/26 05:30:00,42.548,992.0,
07/11/26 05:35:00,44.922,1152.0,
07/11/26 05:40:00,46.008,1280.0,
07/11/26 05:45:00,46.908,1344.0,
07/11/26 05:50:00,48.160,1472.0,
07/11/26 05:55:00,49.404,1600.0,
07/11/26 06:00:00,50.113,1728.0,
07/11/26 06:05:00,50.290,1792.0,
07/11/26 06:10:00,50.643,1920.0,
07/11/26 06:15:00,51.172,1984.0,
07/11/26 06:20:00,51.874,1920.0,
07/11/26 06:25:00,49.759,2048.0,
07/11/26 06:30:00,46.008,1152.0,
07/11/26 06:35:00,43.831,1152.0,
07/11/26 06:40:00,43.466,1792.0,
07/11/26 06:45:00,52.401,3072.0,
07/11/26 06:50:00,56.230,3072.0,
07/11/26 06:55:00,50.643,1920.0,
07/11/26 07:00:00,45.648,1728.0,
07/11/26 07:05:00,44.379,1728.0,
07/11/26 07:10:00,43.282,2304.0,
07/11/26 07:15:00,44.013,2048.0,
07/11/26 07:20:00,42.548,2304.0,
07/11/26 07:25:00,42.732,2048.0,
07/11/26 07:30:00,44.379,2304.0,
07/11/26 07:35:00,46.188,3072.0,
07/11/26 07:40:00,49.228,3968.0,
07/11/26 07:45:00,53.973,4864.0,
07/11/26 07:50:00,52.225,4096.0,
07/11/26 07:55:00,49.050,4352.0,
07/11/26 08:00:00,49.228,4864.0,
07/11/26 08:05:00,48.160,3840.0,
07/11/26 08:10:00,45.648,2560.0,
07/11/26 08:15:00,44.013,3200.0,
07/11/26 08:20:00,47.446,5376.0,
07/11/26 08:25:00,55.711,8704.0,
07/11/26 08:30:00,50.995,5632.0,
07/11/26 08:35:00,51.874,5376.0,
07/11/26 08:40:00,59.680,11776.0,
07/11/26 08:45:00,64.652,10752.0,
07/11/26 08:50:00,71.168,8192.0,
07/11/26 08:55:00,65.509,5888.0,
07/11/26 09:00:00,58.303,4096.0,
07/11/26 09:05:00,53.274,4096.0,
07/11/26 09:10:00,51.346,4864.0,
07/11/26 09:15:00,55.884,7168.0,
07/11/26 09:20:00,61.912,12288.0,
07/11/26 09:25:00,72.372,7168.0,
07/11/26 09:30:00,65.680,4608.0,
07/11/26 09:35:00,62.083,5632.0,
07/11/26 09:40:00,62.425,6144.0,
07/11/26 09:45:00,63.111,8192.0,
07/11/26 09:50:00,76.703,8192.0,
07/11/26 09:55:00,81.797,20480.0,
07/11/26 10:00:00,77.225,9728.0,
07/11/26 10:05:00,72.028,8192.0,
07/11/26 10:10:00,74.791,12288.0,
07/11/26 10:15:00,74.964,7168.0,
07/11/26 10:20:00,74.964,8704.0,
07/11/26 10:25:00,74.098,11264.0,
07/11/26 10:30:00,68.421,7424.0,
07/11/26 10:35:00,68.077,7936.0,
07/11/26 10:40:00,70.480,14336.0,
07/11/26 10:45:00,71.168,6656.0,
07/11/26 10:50:00,67.735,6400.0,
07/11/26 10:55:00,68.763,7168.0,
07/11/26 11:00:00,69.793,7680.0,
07/11/26 11:05:00,71.512,7936.0,
07/11/26 11:10:00,67.392,7680.0,
07/11/26 11:15:00,67.564,10240.0,
07/11/26 11:20:00,66.022,9216.0,
07/11/26 11:25:00,62.083,8704.0,
07/11/26 11:30:00,62.083,8704.0,
07/11/26 11:35:00,65.509,14848.0,
07/11/26 11:40:00,68.763,18432.0,
07/11/26 11:45:00,72.199,16384.0,
07/11/26 11:50:00,73.580,16384.0,
07/11/26 11:55:00,74.791,16384.0,
07/11/26 12:00:00,74.271,17408.0,
07/11/26 12:05:00,73.407,16384.0,
07/11/26 12:10:00,70.995,16384.0,
07/11/26 12:15:00,70.480,16384.0,
07/11/26 12:20:00,68.934,14848.0,
07/11/26 12:25:00,68.248,17408.0,
07/11/26 12:30:00,65.167,12288.0,
07/11/26 12:35:00,68.934,19456.0,
07/11/26 12:40:00,66.366,11776.0,
07/11/26 12:45:00,65.851,16384.0,
07/11/26 12:50:00,66.366,15872.0,
07/11/26 12:55:00,65.167,14336.0,
07/11/26 13:00:00,62.254,14848.0,
07/11/26 13:05:00,64.310,10752.0,
07/11/26 13:10:00,63.626,12288.0,
07/11/26 13:15:00,66.366,9728.0,
07/11/26 13:20:00,73.753,16384.0,
07/11/26 13:25:00,74.446,11776.0,
07/11/26 13:30:00,67.564,10240.0,
07/11/26 13:35:00,66.193,11264.0,
07/11/26 13:40:00,66.366,10752.0,
07/11/26 13:45:00,66.193,9728.0,
07/11/26 13:50:00,63.626,9728.0,
07/11/26 13:55:00,64.481,9728.0,
07/11/26 14:00:00,63.282,8192.0,
07/11/26 14:05:00,63.111,9728.0,
07/11/26 14:10:00,66.022,11264.0,
07/11/26 14:15:00,65.851,11264.0,
07/11/26 14:20:00,65.338,10240.0,
07/11/26 14:25:00,63.282,9728.0,
07/11/26 14:30:00,61.569,10752.0,
07/11/26 14:35:00,61.054,9216.0,
07/11/26 14:40:00,60.195,9728.0,
07/11/26 14:45:00,58.820,9216.0,
07/11/26 14:50:00,58.476,8704.0,
07/11/26 14:55:00,57.268,8704.0,
07/11/26 15:00:00,57.441,9216.0,
07/11/26 15:05:00,57.958,9216.0,
07/11/26 15:10:00,60.195,12800.0,
07/11/26 15:15:00,60.024,9216.0,
07/11/26 15:20:00,60.712,10752.0,
07/11/26 15:25:00,62.769,10752.0,
07/11/26 15:30:00,64.139,10240.0,
07/11/26 15:35:00,61.569,9216.0,
07/11/26 15:40:00,58.820,8704.0,
07/11/26 15:45:00,56.750,7680.0,
07/11/26 15:50:00,55.884,8192.0,
07/11/26 15:55:00,53.623,6656.0,
07/11/26 16:00:00,52.225,7680.0,
07/11/26 16:05:00,53.449,7680.0,
07/11/26 16:10:00,52.576,7424.0,
07/11/26 16:15:00,50.995,6912.0,
07/11/26 16:20:00,50.643,6912.0,
07/11/26 16:25:00,50.643,6912.0,
07/11/26 16:30:00,50.466,6912.0,
07/11/26 16:35:00,49.582,6656.0,
07/11/26 16:40:00,51.874,8192.0,
07/11/26 16:45:00,54.147,11264.0,
07/11/26 16:50:00,51.346,12800.0,
07/11/26 16:55:00,52.925,9728.0,
07/11/26 17:00:00,54.669,10752.0,
07/11/26 17:05:00,54.495,9728.0,
07/11/26 17:10:00,54.842,9216.0,
07/11/26 17:15:00,53.623,8704.0,
07/11/26 17:20:00,53.100,8192.0,
07/11/26 17:25:00,52.576,8192.0,
07/11/26 17:30:00,53.100,7936.0,
07/11/26 17:35:00,53.100,7680.0,
07/11/26 17:40:00,52.050,7680.0,
07/11/26 17:45:00,50.995,7168.0,
07/11/26 17:50:00,50.113,6912.0,
07/11/26 17:55:00,49.582,6912.0,
07/11/26 18:00:00,49.582,6656.0,
07/11/26 18:05:00,49.228,6400.0,
07/11/26 18:10:00,49.228,5888.0,
07/11/26 18:15:00,49.228,6144.0,
07/11/26 18:20:00,49.050,6400.0,
07/11/26 18:25:00,49.050,6656.0,
07/11/26 18:30:00,49.050,5632.0,
07/11/26 18:35:00,48.517,5888.0,
07/11/26 18:40:00,49.050,5120.0,
07/11/26 18:45:00,47.802,5376.0,
07/11/26 18:50:00,46.908,5120.0,
07/11/26 18:55:00,46.728,5632.0,
07/11/26 19:00:00,46.548,4608.0,
07/11/26 19:05:00,46.548,4352.0,
07/11/26 19:10:00,46.369,4096.0,
07/11/26 19:15:00,46.369,3968.0,
07/11/26 19:20:00,46.008,3840.0,
07/11/26 19:25:00,45.828,3968.0,
07/11/26 19:30:00,45.466,3712.0,
07/11/26 19:35:00,44.922,3200.0,
07/11/26 19:40:00,43.099,2816.0,
07/11/26 19:45:00,42.548,2816.0,
07/11/26 19:50:00,41.810,2304.0,
07/11/26 19:55:00,41.439,2304.0,
07/11/26 20:00:00,40.696,2560.0,
07/11/26 20:05:00,41.067,2048.0,
07/11/26 20:10:00,40.881,2176.0,
07/11/26 20:15:00,39.760,1920.0,
07/11/26 20:20:00,39.196,1600.0,
07/11/26 20:25:00,38.818,1536.0,
07/11/26 20:30:00,38.061,1344.0,
07/11/26 20:35:00,37.679,992.0,
07/11/26 20:40:00,36.914,1024.0,
07/11/26 20:45:00,36.338,608.0,
07/11/26 20:50:00,35.758,608.0,
07/11/26 20:55:00,35.951,576.0,
07/11/26 21:00:00,35.758,512.0,
07/11/26 21:05:00,35.758,480.0,
07/11/26 21:10:00,35.370,384.0,
07/11/26 21:15:00,34.786,272.0,
07/11/26 21:20:00,34.590,248.0,
07/11/26 21:25:00,34.394,224.0,
07/11/26 21:30:00,34.394,184.0,
07/11/26 21:35:00,34.394,152.0,
07/11/26 21:40:00,34.394,121.0,
07/11/26 21:45:00,34.198,103.0,
07/11/26 21:50:00,34.198,82.0,
07/11/26 21:55:00,34.198,58.0,
07/11/26 22:00:00,34.198,43.0,
07/11/26 22:05:00,34.394,34.0,
07/11/26 22:10:00,34.002,29.0,
07/11/26 22:15:00,33.411,23.0,
07/11/26 22:20:00,33.411,20.0,
07/11/26 22:25:00,33.411,11.0,
07/11/26 22:30:00,33.607,6.0,
07/11/26 22:35:00,33.805,4.0,
07/11/26 22:40:00,34.002,2.0,
07/11/26 22:45:00,34.590,1.0,
07/11/26 22:50:00,34.786,0.0,
07/11/26 22:55:00,34.002,0.0,
07/11/26 23:00:00,33.411,0.0,
07/11/26 23:05:00,33.607,0.0,
07/11/26 23:10:00,33.607,0.0,
07/11/26 23:15:00,33.411,0.0,
07/11/26 23:20:00,33.411,0.0,
07/11/26 23:25:00,33.411,0.0,
07/11/26 23:30:00,33.411,0.0,
07/11/26 23:35:00,33.607,0.0,
07/11/26 23:40:00,34.198,0.0,
07/11/26 23:45:00,34.394,0.0,
07/11/26 23:50:00,35.175,0.0,
07/11/26 23:55:00,34.981,0.0,
07/12/26 00:00:00,34.198,0.0,
07/12/26 00:05:00,34.002,0.0,
07/12/26 00:10:00,34.394,0.0,
07/12/26 00:15:00,34.786,0.0,
07/12/26 00:20:00,34.981,0.0,
07/12/26 00:25:00,35.175,0.0,
07/12/26 00:30:00,35.370,0.0,
07/12/26 00:35:00,34.394,0.0,
07/12/26 00:40:00,33.805,0.0,
07/12/26 00:45:00,33.607,0.0,
07/12/26 00:50:00,34.002,0.0,
07/12/26 00:55:00,34.002,0.0,
07/12/26 01:00:00,34.198,0.0,
07/12/26 01:05:00,34.198,0.0,
07/12/26 01:10:00,34.394,0.0,
07/12/26 01:15:00,34.786,0.0,
07/12/26 01:20:00,34.394,0.0,
07/12/26 01:25:00,34.590,0.0,
07/12/26 01:30:00,35.175,0.0,
07/12/26 01:35:00,35.175,0.0,
07/12/26 01:40:00,35.175,0.0,
07/12/26 01:45:00,34.786,0.0,
07/12/26 01:50:00,35.370,0.0,
07/12/26 01:55:00,35.175,0.0,
07/12/26 02:00:00,34.394,0.0,
07/12/26 02:05:00,34.786,0.0,
07/12/26 02:10:00,35.175,0.0,
07/12/26 02:15:00,34.786,0.0,
07/12/26 02:20:00,34.394,0.0,
07/12/26 02:25:00,34.394,0.0,
07/12/26 02:30:00,34.786,0.0,
07/12/26 02:35:00,34.590,0.0,
07/12/26 02:40:00,34.590,0.0,
07/12/26 02:45:00,34.394,0.0,
07/12/26 02:50:00,34.590,0.0,
07/12/26 02:55:00,34.590,0.0,
07/12/26 03:00:00,34.786,0.0,
07/12/26 03:05:00,35.175,0.0,
07/12/26 03:10:00,35.175,0.0,
07/12/26 03:15:00,34.786,1.0,
07/12/26 03:20:00,35.175,1.0,
07/12/26 03:25:00,34.981,3.0,
07/12/26 03:30:00,34.786,5.0,
07/12/26 03:35:00,34.394,8.0,
07/12/26 03:40:00,34.590,12.0,
07/12/26 03:45:00,34.786,21.0,
07/12/26 03:50:00,34.786,39.0,
07/12/26 03:55:00,35.175,48.0,
07/12/26 04:00:00,35.175,53.0,
07/12/26 04:05:00,34.981,62.0,
07/12/26 04:10:00,34.981,79.0,
07/12/26 04:15:00,34.394,109.0,
07/12/26 04:20:00,34.981,136.0,
07/12/26 04:25:00,34.981,168.0,
07/12/26 04:30:00,35.175,200.0,
07/12/26 04:35:00,35.175,224.0,
07/12/26 04:40:00,34.981,256.0,
07/12/26 04:45:00,35.758,304.0,
07/12/26 04:50:00,35.564,288.0,
07/12/26 04:55:00,35.370,336.0,
07/12/26 05:00:00,37.488,672.0,
07/12/26 05:05:00,36.723,400.0,
07/12/26 05:10:00,36.338,672.0,
07/12/26 05:15:00,39.007,1024.0,
07/12/26 05:20:00,38.061,480.0,
07/12/26 05:25:00,36.914,768.0,
07/12/26 05:30:00,36.145,464.0,
07/12/26 05:35:00,36.145,512.0,
07/12/26 05:40:00,35.951,480.0,
07/12/26 05:45:00,36.338,896.0,
07/12/26 05:50:00,36.914,800.0,
07/12/26 05:55:00,36.531,512.0,
07/12/26 06:00:00,37.297,1152.0,
07/12/26 06:05:00,38.440,1344.0,
07/12/26 06:10:00,38.629,992.0,
07/12/26 06:15:00,37.488,960.0,
07/12/26 06:20:00,41.254,2176.0,
07/12/26 06:25:00,44.922,2048.0,
07/12/26 06:30:00,43.099,1920.0,
07/12/26 06:35:00,39.760,1152.0,
07/12/26 06:40:00,39.384,992.0,
07/12/26 06:45:00,41.439,2432.0,
07/12/26 06:50:00,42.548,2688.0,
07/12/26 06:55:00,38.629,1216.0,
07/12/26 07:00:00,39.196,1152.0,
07/12/26 07:05:00,45.828,4096.0,
07/12/26 07:10:00,42.548,2432.0,
07/12/26 07:15:00,40.509,1856.0,
07/12/26 07:20:00,40.321,2944.0,
07/12/26 07:25:00,39.947,2048.0,
07/12/26 07:30:00,40.134,2688.0,
07/12/26 07:35:00,39.760,2176.0,
07/12/26 07:40:00,40.321,3072.0,
07/12/26 07:45:00,40.321,2688.0,
07/12/26 07:50:00,40.509,3072.0,
07/12/26 07:55:00,41.254,3200.0,
07/12/26 08:00:00,41.254,2816.0,
07/12/26 08:05:00,45.828,4608.0,
07/12/26 08:10:00,42.363,3456.0,
07/12/26 08:15:00,43.648,3072.0,
07/12/26 08:20:00,45.648,4608.0,
07/12/26 08:25:00,50.995,7936.0,
07/12/26 08:30:00,52.401,7936.0,
07/12/26 08:35:00,53.449,8192.0,
07/12/26 08:40:00,53.100,8704.0,
07/12/26 08:45:00,53.100,7424.0,
07/12/26 08:50:00,46.728,7168.0,
07/12/26 08:55:00,44.742,3200.0,
07/12/26 09:00:00,45.648,5376.0,
07/12/26 09:05:00,47.088,6656.0,
07/12/26 09:10:00,46.008,4608.0,
07/12/26 09:15:00,44.922,5888.0,
07/12/26 09:20:00,43.466,2688.0,
07/12/26 09:25:00,43.648,3456.0,
07/12/26 09:30:00,46.908,5376.0,
07/12/26 09:35:00,47.446,7168.0,
07/12/26 09:40:00,48.160,6144.0,
07/12/26 09:45:00,48.160,6400.0,
07/12/26 09:50:00,47.802,4608.0,
07/12/26 09:55:00,46.908,5632.0,
07/12/26 10:00:00,52.401,10240.0,
07/12/26 10:05:00,54.495,12288.0,
07/12/26 10:10:00,53.798,7680.0,
07/12/26 10:15:00,55.189,14336.0,
07/12/26 10:20:00,54.495,13824.0,
07/12/26 10:25:00,56.057,11776.0,
07/12/26 10:30:00,55.364,11264.0,
07/12/26 10:35:00,55.711,12288.0,
07/12/26 10:40:00,56.577,15360.0,
07/12/26 10:45:00,57.268,15872.0,
07/12/26 10:50:00,56.577,13824.0,
07/12/26 10:55:00,53.623,12288.0,
07/12/26 11:00:00,52.401,7936.0,
07/12/26 11:05:00,55.189,15872.0,
07/12/26 11:10:00,55.711,11776.0,
07/12/26 11:15:00,54.669,7936.0,
07/12/26 11:20:00,56.230,15360.0,
07/12/26 11:25:00,53.449,8704.0,
07/12/26 11:30:00,54.147,11776.0,
07/12/26 11:35:00,52.576,7168.0,
07/12/26 11:40:00,53.449,11776.0,
07/12/26 11:45:00,51.523,7168.0,
07/12/26 11:50:00,50.995,8192.0,
07/12/26 11:55:00,49.759,5632.0,
07/12/26 12:00:00,49.759,7680.0,
07/12/26 12:05:00,51.874,19456.0,
07/12/26 12:10:00,50.113,6400.0,
07/12/26 12:15:00,51.172,8192.0,
07/12/26 12:20:00,50.643,7168.0,
07/12/26 12:25:00,49.937,6912.0,
07/12/26 12:30:00,49.582,6144.0,
07/12/26 12:35:00,49.404,5888.0,
07/12/26 12:40:00,53.798,10752.0,
07/12/26 12:45:00,53.973,9728.0,
07/12/26 12:50:00,56.057,11776.0,
07/12/26 12:55:00,54.495,9216.0,
07/12/26 13:00:00,54.322,8704.0,
07/12/26 13:05:00,54.669,11776.0,
07/12/26 13:10:00,53.274,10240.0,
07/12/26 13:15:00,54.322,11776.0,
07/12/26 13:20:00,54.322,9728.0,
07/12/26 13:25:00,50.643,7424.0,
07/12/26 13:30:00,50.290,7680.0,
07/12/26 13:35:00,49.228,7168.0,
07/12/26 13:40:00,49.759,7424.0,
07/12/26 13:45:00,49.582,7680.0,
07/12/26 13:50:00,50.113,6912.0,
07/12/26 13:55:00,50.113,7936.0,
07/12/26 14:00:00,51.346,8192.0,
07/12/26 14:05:00,51.172,8192.0,
07/12/26 14:10:00,50.466,7680.0,
07/12/26 14:15:00,50.466,7168.0,
07/12/26 14:20:00,50.995,7936.0,
07/12/26 14:25:00,50.643,8192.0,
07/12/26 14:30:00,51.523,8192.0,
07/12/26 14:35:00,51.172,7680.0,
07/12/26 14:40:00,51.172,7936.0,
07/12/26 14:45:00,51.172,7936.0,
07/12/26 14:50:00,51.346,8704.0,
07/12/26 14:55:00,50.819,8192.0,
07/12/26 15:00:00,52.225,10240.0,
07/12/26 15:05:00,51.346,9216.0,
07/12/26 15:10:00,52.401,8192.0,
07/12/26 15:15:00,50.995,8704.0,
07/12/26 15:20:00,50.995,8192.0,
07/12/26 15:25:00,50.643,8704.0,
07/12/26 15:30:00,49.937,7936.0,
07/12/26 15:35:00,49.582,7424.0,
07/12/26 15:40:00,50.113,9216.0,
07/12/26 15:45:00,51.699,10752.0,
07/12/26 15:50:00,53.449,14848.0,
07/12/26 15:55:00,53.623,10752.0,
07/12/26 16:00:00,52.576,15872.0,
07/12/26 16:05:00,51.699,7936.0,
07/12/26 16:10:00,49.404,7168.0,
07/12/26 16:15:00,51.172,11264.0,
07/12/26 16:20:00,52.050,9728.0,
07/12/26 16:25:00,50.819,7936.0,
07/12/26 16:30:00,52.225,11776.0,
07/12/26 16:35:00,50.643,7936.0,
07/12/26 16:40:00,47.982,7168.0,
07/12/26 16:45:00,47.266,5632.0,
07/12/26 16:50:00,47.088,6912.0,
07/12/26 16:55:00,46.369,5120.0,
07/12/26 17:00:00,44.922,5120.0,
07/12/26 17:05:00,44.195,4352.0,
07/12/26 17:10:00,44.195,5376.0,
07/12/26 17:15:00,44.922,5888.0,
07/12/26 17:20:00,46.008,5888.0,
07/12/26 17:25:00,46.369,5632.0,
07/12/26 17:30:00,45.648,5376.0,
07/12/26 17:35:00,44.922,4352.0,
07/12/26 17:40:00,44.560,5376.0,
07/12/26 17:45:00,43.831,3712.0,
07/12/26 17:50:00,43.466,4608.0,
07/12/26 17:55:00,43.099,4096.0,
07/12/26 18:00:00,42.363,3968.0,
07/12/26 18:05:00,41.254,3456.0,
07/12/26 18:10:00,40.696,2432.0,
07/12/26 18:15:00,40.509,2560.0,
07/12/26 18:20:00,39.760,1984.0,
07/12/26 18:25:00,39.947,2432.0,
07/12/26 18:30:00,40.509,3840.0,
07/12/26 18:35:00,40.881,2688.0,
07/12/26 18:40:00,41.067,3200.0,
07/12/26 18:45:00,41.254,3456.0,
07/12/26 18:50:00,41.439,2816.0,
07/12/26 18:55:00,41.254,3584.0,
07/12/26 19:00:00,40.881,2560.0,
07/12/26 19:05:00,40.696,3072.0,
07/12/26 19:10:00,40.321,2816.0,
07/12/26 19:15:00,40.696,2816.0,
07/12/26 19:20:00,40.509,2432.0,
07/12/26 19:25:00,40.134,2048.0,
07/12/26 19:30:00,39.573,1600.0,
07/12/26 19:35:00,39.760,2560.0,
07/12/26 19:40:00,39.573,2048.0,
07/12/26 19:45:00,39.384,2176.0,
07/12/26 19:50:00,39.760,2304.0,
07/12/26 19:55:00,39.007,1536.0,
07/12/26 20:00:00,38.818,1856.0,
07/12/26 20:05:00,39.007,1920.0,
07/12/26 20:10:00,38.440,1536.0,
07/12/26 20:15:00,38.061,1472.0,
07/12/26 20:20:00,37.870,1344.0,
07/12/26 20:25:00,37.679,1344.0,
07/12/26 20:30:00,37.679,1216.0,
07/12/26 20:35:00,37.488,1152.0,
07/12/26 20:40:00,37.107,896.0,
07/12/26 20:45:00,36.723,672.0,
07/12/26 20:50:00,36.531,608.0,
07/12/26 20:55:00,36.338,608.0,
07/12/26 21:00:00,36.145,512.0,
07/12/26 21:05:00,36.145,432.0,
07/12/26 21:10:00,35.951,400.0,
07/12/26 21:15:00,35.758,336.0,
07/12/26 21:20:00,35.564,272.0,
07/12/26 21:25:00,35.564,208.0,
07/12/26 21:30:00,35.370,200.0,
07/12/26 21:35:00,35.175,152.0,
07/12/26 21:40:00,34.981,123.0,
07/12/26 21:45:00,34.786,109.0,
07/12/26 21:50:00,34.786,88.0,
07/12/26 21:55:00,34.981,78.0,
07/12/26 22:00:00,34.590,52.0,
07/12/26 22:05:00,34.590,35.0,
07/12/26 22:10:00,34.394,29.0,
07/12/26 22:15:00,34.394,16.0,
07/12/26 22:20:00,34.394,10.0,
07/12/26 22:25:00,34.394,6.0,
07/12/26 22:30:00,34.394,4.0,
07/12/26 22:35:00,34.394,2.0,
07/12/26 22:40:00,34.394,1.0,
07/12/26 22:45:00,34.394,0.0,
07/12/26 22:50:00,34.394,0.0,
07/12/26 22:55:00,34.394,0.0,
07/12/26 23:00:00,34.394,0.0,
07/12/26 23:05:00,34.394,0.0,
07/12/26 23:10:00,34.394,0.0,
07/12/26 23:15:00,34.198,0.0,
07/12/26 23:20:00,34.198,0.0,
07/12/26 23:25:00,34.198,0.0,
07/12/26 23:30:00,34.198,0.0,
07/12/26 23:35:00,34.394,0.0,
07/12/26 23:40:00,34.198,0.0,
07/12/26 23:45:00,34.394,0.0,
07/12/26 23:50:00,34.198,0.0,
07/12/26 23:55:00,34.198,0.0,
07/13/26 00:00:00,34.394,0.0,
07/13/26 00:05:00,34.394,0.0,
07/13/26 00:10:00,34.590,0.0,
07/13/26 00:15:00,34.394,0.0,
07/13/26 00:20:00,34.590,0.0,
07/13/26 00:25:00,34.394,0.0,
07/13/26 00:30:00,34.590,0.0,
07/13/26 00:35:00,34.394,0.0,
07/13/26 00:40:00,34.198,0.0,
07/13/26 00:45:00,34.394,0.0,
07/13/26 00:50:00,34.198,0.0,
07/13/26 00:55:00,34.394,0.0,
07/13/26 01:00:00,34.394,0.0,
07/13/26 01:05:00,34.394,0.0,
07/13/26 01:10:00,34.198,0.0,
07/13/26 01:15:00,34.198,0.0,
07/13/26 01:20:00,34.394,0.0,
07/13/26 01:25:00,34.198,0.0,
07/13/26 01:30:00,34.394,0.0,
07/13/26 01:35:00,34.394,0.0,
07/13/26 01:40:00,34.394,0.0,
07/13/26 01:45:00,34.394,0.0,
07/13/26 01:50:00,34.198,0.0,
07/13/26 01:55:00,34.198,0.0,
07/13/26 02:00:00,34.198,0.0,
07/13/26 02:05:00,34.198,0.0,
07/13/26 02:10:00,34.198,0.0,
07/13/26 02:15:00,34.198,0.0,
07/13/26 02:20:00,34.198,0.0,
07/13/26 02:25:00,34.198,0.0,
07/13/26 02:30:00,34.198,0.0,
07/13/26 02:35:00,34.198,0.0,
07/13/26 02:40:00,34.002,0.0,
07/13/26 02:45:00,34.198,0.0,
07/13/26 02:50:00,34.198,0.0,
07/13/26 02:55:00,34.198,0.0,
07/13/26 03:00:00,34.198,0.0,
07/13/26 03:05:00,34.198,0.0,
07/13/26 03:10:00,34.198,0.0,
07/13/26 03:15:00,34.198,1.0,
07/13/26 03:20:00,34.198,2.0,
07/13/26 03:25:00,34.198,3.0,
07/13/26 03:30:00,34.198,5.0,
07/13/26 03:35:00,34.002,9.0,
07/13/26 03:40:00,34.198,12.0,
07/13/26 03:45:00,34.198,17.0,
07/13/26 03:50:00,34.198,22.0,
07/13/26 03:55:00,34.002,25.0,
07/13/26 04:00:00,34.002,32.0,
07/13/26 04:05:00,34.198,41.0,
07/13/26 04:10:00,34.198,53.0,
07/13/26 04:15:00,34.198,68.0,
07/13/26 04:20:00,34.198,84.0,
07/13/26 04:25:00,34.198,98.0,
07/13/26 04:30:00,34.198,109.0,
07/13/26 04:35:00,34.198,127.0,
07/13/26 04:40:00,34.198,168.0,
07/13/26 04:45:00,34.198,192.0,
07/13/26 04:50:00,34.198,224.0,
07/13/26 04:55:00,34.198,304.0,
07/13/26 05:00:00,34.394,384.0,
07/13/26 05:05:00,34.394,416.0,
07/13/26 05:10:00,34.786,608.0,
07/13/26 05:15:00,35.175,800.0,
07/13/26 05:20:00,35.175,768.0,
07/13/26 05:25:00,35.370,960.0,
07/13/26 05:30:00,35.175,960.0,
07/13/26 05:35:00,35.370,864.0,
07/13/26 05:40:00,35.370,896.0,
07/13/26 05:45:00,35.564,1216.0,
07/13/26 05:50:00,35.758,1024.0,
07/13/26 05:55:00,35.951,1344.0,
07/13/26 06:00:00,36.145,1728.0,
07/13/26 06:05:00,36.723,2048.0,
07/13/26 06:10:00,36.914,1920.0,
07/13/26 06:15:00,37.107,2048.0,
07/13/26 06:20:00,36.914,1920.0,
07/13/26 06:25:00,37.488,2176.0,
07/13/26 06:30:00,37.297,2304.0,
07/13/26 06:35:00,37.870,2816.0,
07/13/26 06:40:00,38.440,2816.0,
07/13/26 06:45:00,37.679,2176.0,
07/13/26 06:50:00,37.870,1984.0,
07/13/26 06:55:00,38.818,2816.0,
07/13/26 07:00:00,39.196,2176.0,
07/13/26 07:05:00,41.439,2944.0,
07/13/26 07:10:00,44.195,4608.0,
07/13/26 07:15:00,44.195,3712.0,
07/13/26 07:20:00,47.446,6144.0,
07/13/26 07:25:00,47.088,5632.0,
07/13/26 07:30:00,47.446,3840.0,
07/13/26 07:35:00,46.008,3328.0,
07/13/26 07:40:00,45.828,5376.0,
07/13/26 07:45:00,47.446,5632.0,
07/13/26 07:50:00,48.517,5632.0,
07/13/26 07:55:00,48.517,6400.0,
07/13/26 08:00:00,49.582,6656.0,
07/13/26 08:05:00,50.290,7936.0,
07/13/26 08:10:00,49.582,6912.0,
07/13/26 08:15:00,49.228,8704.0,
07/13/26 08:20:00,48.517,6144.0,
07/13/26 08:25:00,51.346,8192.0,
07/13/26 08:30:00,52.050,8192.0,
07/13/26 08:35:00,51.874,8704.0,
07/13/26 08:40:00,52.401,9216.0,
07/13/26 08:45:00,52.401,9728.0,
07/13/26 08:50:00,53.100,10240.0,
07/13/26 08:55:00,53.274,10752.0,
07/13/26 09:00:00,53.623,10752.0,
07/13/26 09:05:00,53.973,10752.0,
07/13/26 09:10:00,54.147,10752.0,
07/13/26 09:15:00,54.147,11264.0,
07/13/26 09:20:00,54.322,11776.0,
07/13/26 09:25:00,54.842,11776.0,
07/13/26 09:30:00,55.017,12288.0,
07/13/26 09:35:00,55.017,12288.0,
07/13/26 09:40:00,55.364,12800.0,
07/13/26 09:45:00,55.189,13312.0,
07/13/26 09:50:00,55.017,12800.0,
07/13/26 09:55:00,55.364,13824.0,
07/13/26 10:00:00,55.537,13824.0,
07/13/26 10:05:00,55.711,13824.0,
07/13/26 10:10:00,57.096,13824.0,
07/13/26 10:15:00,56.923,14336.0,
07/13/26 10:20:00,56.750,14336.0,
07/13/26 10:25:00,56.923,14848.0,
07/13/26 10:30:00,56.057,14336.0,
07/13/26 10:35:00,56.230,14336.0,
07/13/26 10:40:00,55.537,14336.0,
07/13/26 10:45:00,56.577,14848.0,
07/13/26 10:50:00,55.711,14848.0,
07/13/26 10:55:00,56.750,14848.0,
07/13/26 11:00:00,58.820,15360.0,
07/13/26 11:05:00,58.476,15360.0,
07/13/26 11:10:00,62.083,15360.0,
07/13/26 11:15:00,60.195,15872.0,
07/13/26 11:20:00,59.680,15872.0,
07/13/26 11:25:00,59.508,15872.0,
07/13/26 11:30:00,58.476,15872.0,
07/13/26 11:35:00,61.398,15872.0,
07/13/26 11:40:00,60.712,15872.0,
07/13/26 11:45:00,57.268,15872.0,
07/13/26 11:50:00,57.614,16384.0,
07/13/26 11:55:00,59.851,16384.0,
07/13/26 12:00:00,56.750,15872.0,
07/13/26 12:05:00,56.750,15872.0,
07/13/26 12:10:00,57.268,15872.0,
07/13/26 12:15:00,58.993,16384.0,
07/13/26 12:20:00,63.282,15872.0,
07/13/26 12:25:00,63.282,15872.0,
07/13/26 12:30:00,63.797,15872.0,
07/13/26 12:35:00,61.398,15872.0,
07/13/26 12:40:00,59.337,15360.0,
07/13/26 12:45:00,58.476,14848.0,
07/13/26 12:50:00,60.368,14336.0,
07/13/26 12:55:00,63.282,13312.0,
07/13/26 13:00:00,60.539,11776.0,
07/13/26 13:05:00,61.569,11264.0,
07/13/26 13:10:00,62.769,10240.0,
07/13/26 13:15:00,61.227,9216.0,
07/13/26 13:20:00,57.614,7424.0,
07/13/26 13:25:00,58.820,7424.0,
07/13/26 13:30:00,60.712,6656.0,
07/13/26 13:35:00,60.883,6144.0,
07/13/26 13:40:00,58.476,5888.0,
07/13/26 13:45:00,58.131,6144.0,
07/13/26 13:50:00,60.195,6144.0,
07/13/26 13:55:00,58.820,5632.0,
07/13/26 14:00:00,60.712,5632.0,
07/13/26 14:05:00,60.195,5632.0,
07/13/26 14:10:00,58.993,5888.0,
07/13/26 14:15:00,60.024,7424.0,
07/13/26 14:20:00,55.884,8704.0,
07/13/26 14:25:00,55.711,9728.0,
07/13/26 14:30:00,55.711,10240.0,
07/13/26 14:35:00,54.669,10752.0,
07/13/26 14:40:00,53.798,11776.0,
07/13/26 14:45:00,53.623,12800.0,
07/13/26 14:50:00,53.449,12800.0,
07/13/26 14:55:00,53.449,13312.0,
07/13/26 15:00:00,53.623,12800.0,
07/13/26 15:05:00,53.100,13312.0,
07/13/26 15:10:00,52.925,13312.0,
07/13/26 15:15:00,52.750,13824.0,
07/13/26 15:20:00,52.925,13312.0,
07/13/26 15:25:00,52.576,12800.0,
07/13/26 15:30:00,52.225,12800.0,
07/13/26 15:35:00,52.050,11264.0,
07/13/26 15:40:00,51.699,12288.0,
07/13/26 15:45:00,51.523,12800.0,
07/13/26 15:50:00,51.523,12288.0,
07/13/26 15:55:00,51.523,10752.0,
07/13/26 16:00:00,51.172,11776.0,
07/13/26 16:05:00,51.172,10752.0,
07/13/26 16:10:00,51.172,11264.0,
07/13/26 16:15:00,51.172,11264.0,
07/13/26 16:20:00,51.172,10752.0,
07/13/26 16:25:00,51.172,10240.0,
07/13/26 16:30:00,51.172,9728.0,
07/13/26 16:35:00,50.819,9728.0,
07/13/26 16:40:00,50.643,9728.0,
07/13/26 16:45:00,50.643,9728.0,
07/13/26 16:50:00,50.466,9728.0,
07/13/26 16:55:00,50.290,9216.0,
07/13/26 17:00:00,49.937,8192.0,
07/13/26 17:05:00,49.937,8192.0,
07/13/26 17:10:00,49.759,7936.0,
07/13/26 17:15:00,49.582,7936.0,
07/13/26 17:20:00,49.228,7936.0,
07/13/26 17:25:00,49.050,6912.0,
07/13/26 17:30:00,48.695,7168.0,
07/13/26 17:35:00,48.517,7168.0,
07/13/26 17:40:00,47.982,4352.0,
07/13/26 17:45:00,47.802,6656.0,
07/13/26 17:50:00,47.266,6400.0,
07/13/26 17:55:00,47.446,6144.0,
07/13/26 18:00:00,47.624,6144.0,
07/13/26 18:05:00,47.266,5888.0,
07/13/26 18:10:00,46.728,5632.0,
07/13/26 18:15:00,46.188,5376.0,
07/13/26 18:20:00,46.008,5632.0,
07/13/26 18:25:00,44.560,3968.0,
07/13/26 18:30:00,45.104,4864.0,
07/13/26 18:35:00,44.742,3712.0,
07/13/26 18:40:00,44.922,4608.0,
07/13/26 18:45:00,44.195,4096.0,
07/13/26 18:50:00,44.195,4352.0,
07/13/26 18:55:00,43.831,3968.0,
07/13/26 19:00:00,43.648,3968.0,
07/13/26 19:05:00,43.466,3840.0,
07/13/26 19:10:00,43.282,3456.0,
07/13/26 19:15:00,43.282,3328.0,
07/13/26 19:20:00,42.915,3072.0,
07/13/26 19:25:00,42.548,3200.0,
07/13/26 19:30:00,42.363,2816.0,
07/13/26 19:35:00,42.179,2816.0,
07/13/26 19:40:00,41.810,2688.0,
07/13/26 19:45:00,41.439,2560.0,
07/13/26 19:50:00,41.067,2304.0,
07/13/26 19:55:00,40.881,2304.0,
07/13/26 20:00:00,40.321,2048.0,
07/13/26 20:05:00,39.947,1984.0,
07/13/26 20:10:00,39.760,1856.0,
07/13/26 20:15:00,39.573,1792.0,
07/13/26 20:20:00,39.196,1728.0,
07/13/26 20:25:00,38.818,1600.0,
07/13/26 20:30:00,37.488,768.0,
07/13/26 20:35:00,36.338,672.0,
07/13/26 20:40:00,35.951,608.0,
07/13/26 20:45:00,35.951,576.0,
07/13/26 20:50:00,36.531,512.0,
07/13/26 20:55:00,36.914,480.0,
07/13/26 21:00:00,36.723,480.0,
07/13/26 21:05:00,35.951,432.0,
07/13/26 21:10:00,36.338,400.0,
07/13/26 21:15:00,36.531,352.0,
07/13/26 21:20:00,35.370,320.0,
07/13/26 21:25:00,35.951,288.0,
07/13/26 21:30:00,34.786,248.0,
07/13/26 21:35:00,34.394,200.0,
07/13/26 21:40:00,34.198,136.0,
07/13/26 21:45:00,34.198,108.0,
07/13/26 21:50:00,33.805,80.0,
07/13/26 21:55:00,34.590,58.0,
07/13/26 22:00:00,34.394,41.0,
07/13/26 22:05:00,34.590,31.0,
07/13/26 22:10:00,35.370,23.0,
07/13/26 22:15:00,35.370,18.0,
07/13/26 22:20:00,35.370,13.0,
07/13/26 22:25:00,36.145,9.0,
07/13/26 22:30:00,35.758,6.0,
07/13/26 22:35:00,34.394,4.0,
07/13/26 22:40:00,34.002,2.0,
07/13/26 22:45:00,34.002,1.0,
07/13/26 22:50:00,33.607,0.0,
07/13/26 22:55:00,34.002,0.0,
07/13/26 23:00:00,33.805,0.0,
07/13/26 23:05:00,34.981,0.0,
07/13/26 23:10:00,35.758,0.0,
07/13/26 23:15:00,34.981,0.0,
07/13/26 23:20:00,36.145,0.0,
07/13/26 23:25:00,36.531,0.0,
07/13/26 23:30:00,37.107,0.0,
07/13/26 23:35:00,34.198,0.0,
07/13/26 23:40:00,35.370,0.0,
07/13/26 23:45:00,34.786,0.0,
07/13/26 23:50:00,35.951,0.0,
07/13/26 23:55:00,35.758,0.0,
07/14/26 00:00:00,35.175,0.0,
07/14/26 00:05:00,34.981,0.0,
07/14/26 00:10:00,35.175,0.0,
07/14/26 00:15:00,34.590,0.0,
07/14/26 00:20:00,33.805,0.0,
07/14/26 00:25:00,34.002,0.0,
07/14/26 00:30:00,33.411,0.0,
07/14/26 00:35:00,33.805,0.0,
07/14/26 00:40:00,34.198,0.0,
07/14/26 00:45:00,34.198,0.0,
07/14/26 00:50:00,34.002,0.0,
07/14/26 00:55:00,33.213,0.0,
07/14/26 01:00:00,34.002,0.0,
07/14/26 01:05:00,34.198,0.0,
07/14/26 01:10:00,35.175,0.0,
07/14/26 01:15:00,35.951,0.0,
07/14/26 01:20:00,34.981,0.0,
07/14/26 01:25:00,34.981,0.0,
07/14/26 01:30:00,35.175,0.0,
07/14/26 01:35:00,35.564,0.0,
07/14/26 01:40:00,35.175,0.0,
07/14/26 01:45:00,34.394,0.0,
07/14/26 01:50:00,34.394,0.0,
07/14/26 01:55:00,33.805,0.0,
07/14/26 02:00:00,34.981,0.0,
07/14/26 02:05:00,34.981,0.0,
07/14/26 02:10:00,35.370,0.0,
07/14/26 02:15:00,35.564,0.0,
07/14/26 02:20:00,36.338,0.0,
07/14/26 02:25:00,36.723,0.0,
07/14/26 02:30:00,35.758,0.0,
07/14/26 02:35:00,35.564,0.0,
07/14/26 02:40:00,35.175,0.0,
07/14/26 02:45:00,34.981,0.0,
07/14/26 02:50:00,35.175,0.0,
07/14/26 02:55:00,35.370,0.0,
07/14/26 03:00:00,34.786,0.0,
07/14/26 03:05:00,35.564,0.0,
07/14/26 03:10:00,35.564,0.0,
07/14/26 03:15:00,35.564,1.0,
07/14/26 03:20:00,36.145,2.0,
07/14/26 03:25:00,36.338,3.0,
07/14/26 03:30:00,36.338,6.0,
07/14/26 03:35:00,35.951,9.0,
07/14/26 03:40:00,35.758,14.0,
07/14/26 03:45:00,36.145,22.0,
07/14/26 03:50:00,36.145,34.0,
07/14/26 03:55:00,36.338,48.0,
07/14/26 04:00:00,35.758,64.0,
07/14/26 04:05:00,35.758,79.0,
07/14/26 04:10:00,35.564,101.0,
07/14/26 04:15:00,35.564,136.0,
07/14/26 04:20:00,35.175,192.0,
07/14/26 04:25:00,36.145,288.0,
07/14/26 04:30:00,36.531,384.0,
07/14/26 04:35:00,35.951,480.0,
07/14/26 04:40:00,35.758,480.0,
07/14/26 04:45:00,36.914,416.0,
07/14/26 04:50:00,37.297,416.0,
07/14/26 04:55:00,37.488,448.0,
07/14/26 05:00:00,38.629,576.0,
07/14/26 05:05:00,42.732,896.0,
07/14/26 05:10:00,44.195,992.0,
07/14/26 05:15:00,45.828,960.0,
07/14/26 05:20:00,46.728,1280.0,
07/14/26 05:25:00,49.228,1536.0,
07/14/26 05:30:00,52.225,1728.0,
07/14/26 05:35:00,53.274,1920.0,
07/14/26 05:40:00,50.643,1856.0,
07/14/26 05:45:00,50.113,2176.0,
07/14/26 05:50:00,48.871,1920.0,
07/14/26 05:55:00,47.266,1728.0,
07/14/26 06:00:00,50.819,2304.0,
07/14/26 06:05:00,53.973,2688.0,
07/14/26 06:10:00,58.303,2816.0,
07/14/26 06:15:00,56.057,2816.0,
07/14/26 06:20:00,53.623,2432.0,
07/14/26 06:25:00,53.100,3072.0,
07/14/26 06:30:00,51.172,2688.0,
07/14/26 06:35:00,52.050,3328.0,
07/14/26 06:40:00,52.925,3456.0,
07/14/26 06:45:00,56.923,3712.0,
07/14/26 06:50:00,54.842,3968.0,
07/14/26 06:55:00,57.441,4608.0,
07/14/26 07:00:00,57.785,4096.0,
07/14/26 07:05:00,55.884,3712.0,
07/14/26 07:10:00,58.476,4096.0,
07/14/26 07:15:00,64.481,4352.0,
07/14/26 07:20:00,69.278,4608.0,
07/14/26 07:25:00,69.449,4608.0,
07/14/26 07:30:00,69.793,5120.0,
07/14/26 07:35:00,73.580,5376.0,
07/14/26 07:40:00,68.592,5888.0,
07/14/26 07:45:00,64.996,5376.0,
07/14/26 07:50:00,61.227,4864.0,
07/14/26 07:55:00,62.425,5632.0,
07/14/26 08:00:00,61.741,5888.0,
07/14/26 08:05:00,58.820,5888.0,
07/14/26 08:10:00,60.539,6656.0,
07/14/26 08:15:00,64.139,6912.0,
07/14/26 08:20:00,66.537,7168.0,
07/14/26 08:25:00,63.968,7936.0,
07/14/26 08:30:00,62.769,8192.0,
07/14/26 08:35:00,64.825,8192.0,
07/14/26 08:40:00,65.338,8704.0,
07/14/26 08:45:00,66.193,9216.0,
07/14/26 08:50:00,71.683,9728.0,
07/14/26 08:55:00,73.753,10240.0,
07/14/26 09:00:00,69.793,10752.0,
07/14/26 09:05:00,74.098,10752.0,
07/14/26 09:10:00,76.528,11264.0,
07/14/26 09:15:00,73.753,11776.0,
07/14/26 09:20:00,73.234,12288.0,
07/14/26 09:25:00,69.622,12288.0,
07/14/26 09:30:00,68.763,12800.0,
07/14/26 09:35:00,67.050,12800.0,
07/14/26 09:40:00,65.680,13312.0,
07/14/26 09:45:00,67.564,13824.0,
07/14/26 09:50:00,63.626,13824.0,
07/14/26 09:55:00,62.083,13824.0,
07/14/26 10:00:00,65.509,14336.0,
07/14/26 10:05:00,66.537,14336.0,
07/14/26 10:10:00,67.735,14848.0,
07/14/26 10:15:00,62.425,14848.0,
07/14/26 10:20:00,62.940,15360.0,
07/14/26 10:25:00,61.569,15360.0,
07/14/26 10:30:00,61.569,15360.0,
07/14/26 10:35:00,61.569,15872.0,
07/14/26 10:40:00,65.338,15872.0,
07/14/26 10:45:00,66.537,15872.0,
07/14/26 10:50:00,69.793,15872.0,
07/14/26 10:55:00,68.421,15872.0,
07/14/26 11:00:00,66.537,15872.0,
07/14/26 11:05:00,66.537,16384.0,
07/14/26 11:10:00,69.107,16384.0,
07/14/26 11:15:00,69.449,16384.0,
07/14/26 11:20:00,61.569,16384.0,
07/14/26 11:25:00,59.508,16384.0,
07/14/26 11:30:00,60.539,16384.0,
07/14/26 11:35:00,61.912,16384.0,
07/14/26 11:40:00,61.054,16384.0,
07/14/26 11:45:00,64.310,16384.0,
07/14/26 11:50:00,60.539,16384.0,
07/14/26 11:55:00,59.508,16384.0,
07/14/26 12:00:00,58.647,16384.0,
07/14/26 12:05:00,57.614,16384.0,
07/14/26 12:10:00,58.131,16384.0,
07/14/26 12:15:00,58.303,16384.0,
07/14/26 12:20:00,60.195,16384.0,
07/14/26 12:25:00,58.476,16384.0,
07/14/26 12:30:00,61.054,16384.0,
07/14/26 12:35:00,67.735,16384.0,
07/14/26 12:40:00,63.968,15360.0,
07/14/26 12:45:00,62.254,14848.0,
07/14/26 12:50:00,60.883,13824.0,
07/14/26 12:55:00,62.598,12288.0,
07/14/26 13:00:00,62.083,11264.0,
07/14/26 13:05:00,63.111,10240.0,
07/14/26 13:10:00,63.626,9216.0,
07/14/26 13:15:00,69.278,8192.0,
07/14/26 13:20:00,72.372,7168.0,
07/14/26 13:25:00,65.851,6144.0,
07/14/26 13:30:00,65.167,5376.0,
07/14/26 13:35:00,65.338,4864.0,
07/14/26 13:40:00,63.111,4864.0,
07/14/26 13:45:00,64.481,4608.0,
07/14/26 13:50:00,62.254,4864.0,
07/14/26 13:55:00,63.626,4608.0,
07/14/26 14:00:00,61.741,4608.0,
07/14/26 14:05:00,59.851,4352.0,
07/14/26 14:10:00,58.131,4864.0,
07/14/26 14:15:00,60.368,5632.0,
07/14/26 14:20:00,60.539,7168.0,
07/14/26 14:25:00,60.883,9216.0,
07/14/26 14:30:00,58.303,10752.0,
07/14/26 14:35:00,56.750,11264.0,
07/14/26 14:40:00,57.785,12288.0,
07/14/26 14:45:00,57.096,12800.0,
07/14/26 14:50:00,57.441,13312.0,
07/14/26 14:55:00,57.268,13824.0,
07/14/26 15:00:00,56.750,14336.0,
07/14/26 15:05:00,55.189,13824.0,
07/14/26 15:10:00,53.973,13824.0,
07/14/26 15:15:00,53.449,13824.0,
07/14/26 15:20:00,53.623,13312.0,
07/14/26 15:25:00,53.449,13312.0,
07/14/26 15:30:00,52.925,13824.0,
07/14/26 15:35:00,53.623,13312.0,
07/14/26 15:40:00,53.100,12800.0,
07/14/26 15:45:00,53.100,13312.0,
07/14/26 15:50:00,54.322,12288.0,
07/14/26 15:55:00,54.322,12288.0,
07/14/26 16:00:00,54.322,12288.0,
07/14/26 16:05:00,54.669,12288.0,
07/14/26 16:10:00,53.274,11776.0,
07/14/26 16:15:00,52.750,11264.0,
07/14/26 16:20:00,53.100,11264.0,
07/14/26 16:25:00,52.225,11264.0,
07/14/26 16:30:00,51.699,9216.0,
07/14/26 16:35:00,50.819,9216.0,
07/14/26 16:40:00,51.346,10240.0,
07/14/26 16:45:00,51.346,9728.0,
07/14/26 16:50:00,50.995,8704.0,
07/14/26 16:55:00,51.523,8704.0,
07/14/26 17:00:00,50.113,8192.0,
07/14/26 17:05:00,49.759,8192.0,
07/14/26 17:10:00,49.937,7936.0,
07/14/26 17:15:00,50.466,8192.0,
07/14/26 17:20:00,50.113,8192.0,
07/14/26 17:25:00,50.113,7936.0,
07/14/26 17:30:00,51.346,8192.0,
07/14/26 17:35:00,50.995,7168.0,
07/14/26 17:40:00,50.466,7680.0,
07/14/26 17:45:00,50.466,7424.0,
07/14/26 17:50:00,49.582,6656.0,
07/14/26 17:55:00,49.228,6400.0,
07/14/26 18:00:00,47.982,5376.0,
07/14/26 18:05:00,46.369,4864.0,
07/14/26 18:10:00,45.286,3968.0,
07/14/26 18:15:00,43.466,3328.0,
07/14/26 18:20:00,43.648,3968.0,
07/14/26 18:25:00,45.104,4608.0,
07/14/26 18:30:00,46.369,5376.0,
07/14/26 18:35:00,47.446,5632.0,
07/14/26 18:40:00,47.446,5376.0,
07/14/26 18:45:00,47.088,5120.0,
07/14/26 18:50:00,46.548,4608.0,
07/14/26 18:55:00,46.188,4608.0,
07/14/26 19:00:00,46.008,4096.0,
07/14/26 19:05:00,45.104,3584.0,
07/14/26 19:10:00,44.195,3072.0,
07/14/26 19:15:00,44.013,3200.0,
07/14/26 19:20:00,44.195,2816.0,
07/14/26 19:25:00,43.831,2688.0,
07/14/26 19:30:00,43.831,2432.0,
07/14/26 19:35:00,43.282,2432.0,
07/14/26 19:40:00,43.282,2560.0,
07/14/26 19:45:00,43.099,2304.0,
07/14/26 19:50:00,42.548,2304.0,
07/14/26 19:55:00,42.179,1920.0,
07/14/26 20:00:00,41.254,1408.0,
07/14/26 20:05:00,39.384,608.0,
07/14/26 20:10:00,38.440,768.0,
07/14/26 20:15:00,37.488,384.0,
07/14/26 20:20:00,37.107,384.0,
07/14/26 20:25:00,37.297,384.0,
07/14/26 20:30:00,37.297,448.0,
07/14/26 20:35:00,36.723,400.0,
07/14/26 20:40:00,36.723,368.0,
07/14/26 20:45:00,36.914,368.0,
07/14/26 20:50:00,36.531,480.0,
07/14/26 20:55:00,36.338,432.0,
07/14/26 21:00:00,37.297,432.0,
07/14/26 21:05:00,36.723,512.0,
07/14/26 21:10:00,37.107,400.0,
07/14/26 21:15:00,36.531,336.0,
07/14/26 21:20:00,36.338,288.0,
07/14/26 21:25:00,36.723,256.0,
07/14/26 21:30:00,36.723,208.0,
07/14/26 21:35:00,36.145,128.0,
07/14/26 21:40:00,36.338,81.0,
07/14/26 21:45:00,36.145,64.0,
07/14/26 21:50:00,35.758,48.0,
07/14/26 21:55:00,35.370,36.0,
07/14/26 22:00:00,35.370,28.0,
07/14/26 22:05:00,35.175,23.0,
07/14/26 22:10:00,35.758,20.0,
07/14/26 22:15:00,35.758,21.0,
07/14/26 22:20:00,35.758,9.0,
07/14/26 22:25:00,35.758,5.0,
07/14/26 22:30:00,35.564,3.0,
07/14/26 22:35:00,35.564,2.0,
07/14/26 22:40:00,35.758,1.0,
07/14/26 22:45:00,35.758,0.0,
07/14/26 22:50:00,35.951,0.0,
07/14/26 22:55:00,36.531,0.0,
07/14/26 23:00:00,36.338,0.0,
07/14/26 23:05:00,35.758,0.0,
07/14/26 23:10:00,36.338,0.0,
07/14/26 23:15:00,36.338,0.0,
07/14/26 23:20:00,36.338,0.0,
07/14/26 23:25:00,35.951,0.0,
07/14/26 23:30:00,36.145,0.0,
07/14/26 23:35:00,35.758,0.0,
07/14/26 23:40:00,35.370,0.0,
07/14/26 23:45:00,35.370,0.0,
07/14/26 23:50:00,35.370,0.0,
07/14/26 23:55:00,35.564,0.0,
07/15/26 00:00:00,35.564,0.0,
07/15/26 00:05:00,36.145,0.0,
07/15/26 00:10:00,36.338,0.0,
07/15/26 00:15:00,36.338,0.0,
07/15/26 00:20:00,36.723,0.0,
07/15/26 00:25:00,36.145,0.0,
07/15/26 00:30:00,35.951,0.0,
07/15/26 00:35:00,35.564,0.0,
07/15/26 00:40:00,35.758,0.0,
07/15/26 00:45:00,35.175,0.0,
07/15/26 00:50:00,35.564,0.0,
07/15/26 00:55:00,35.564,0.0,
07/15/26 01:00:00,35.564,0.0,
07/15/26 01:05:00,35.564,0.0,
07/15/26 01:10:00,35.758,0.0,
07/15/26 01:15:00,35.564,0.0,
07/15/26 01:20:00,35.370,0.0,
07/15/26 01:25:00,35.175,0.0,
07/15/26 01:30:00,35.758,0.0,
07/15/26 01:35:00,35.758,0.0,
07/15/26 01:40:00,35.370,0.0,
07/15/26 01:45:00,35.564,0.0,
07/15/26 01:50:00,35.951,0.0,
07/15/26 01:55:00,35.951,0.0,
07/15/26 02:00:00,35.758,0.0,
07/15/26 02:05:00,35.758,0.0,
07/15/26 02:10:00,35.758,0.0,
07/15/26 02:15:00,35.951,0.0,
07/15/26 02:20:00,35.758,0.0,
07/15/26 02:25:00,35.758,0.0,
07/15/26 02:30:00,35.758,0.0,
07/15/26 02:35:00,35.564,0.0,
07/15/26 02:40:00,35.370,0.0,
07/15/26 02:45:00,35.564,0.0,
07/15/26 02:50:00,35.564,0.0,
07/15/26 02:55:00,35.370,0.0,
07/15/26 03:00:00,34.981,0.0,
07/15/26 03:05:00,34.786,0.0,
07/15/26 03:10:00,34.786,0.0,
07/15/26 03:15:00,34.394,0.0,
07/15/26 03:20:00,35.175,0.0,
07/15/26 03:25:00,35.175,1.0,
07/15/26 03:30:00,34.981,2.0,
07/15/26 03:35:00,35.564,4.0,
07/15/26 03:40:00,35.758,7.0,
07/15/26 03:45:00,35.370,12.0,
07/15/26 03:50:00,35.564,16.0,
07/15/26 03:55:00,35.564,23.0,
07/15/26 04:00:00,36.145,29.0,
07/15/26 04:05:00,35.758,37.0,
07/15/26 04:10:00,35.564,41.0,
07/15/26 04:15:00,35.370,59.0,
07/15/26 04:20:00,35.564,71.0,
07/15/26 04:25:00,35.564,71.0,
07/15/26 04:30:00,36.145,82.0,
07/15/26 04:35:00,36.338,98.0,
07/15/26 04:40:00,35.951,115.0,
07/15/26 04:45:00,35.951,152.0,
07/15/26 04:50:00,36.531,208.0,
07/15/26 04:55:00,36.531,168.0,
07/15/26 05:00:00,36.338,256.0,
07/15/26 05:05:00,37.107,272.0,
07/15/26 05:10:00,37.679,480.0,
07/15/26 05:15:00,41.810,960.0,
07/15/26 05:20:00,44.195,1280.0,
07/15/26 05:25:00,45.466,1152.0,
07/15/26 05:30:00,46.188,1344.0,
07/15/26 05:35:00,47.624,672.0,
07/15/26 05:40:00,48.517,1472.0,
07/15/26 05:45:00,46.188,1664.0,
07/15/26 05:50:00,44.195,1984.0,
07/15/26 05:55:00,41.439,1408.0,
07/15/26 06:00:00,40.509,1536.0,
07/15/26 06:05:00,41.254,2816.0,
07/15/26 06:10:00,40.134,2048.0,
07/15/26 06:15:00,39.573,2176.0,
07/15/26 06:20:00,40.134,2560.0,
07/15/26 06:25:00,40.321,2944.0,
07/15/26 06:30:00,40.509,2816.0,
07/15/26 06:35:00,39.573,2304.0,
07/15/26 06:40:00,39.573,2304.0,
07/15/26 06:45:00,39.573,1920.0,
07/15/26 06:50:00,39.760,2048.0,
07/15/26 06:55:00,40.509,2048.0,
07/15/26 07:00:00,40.696,2432.0,
07/15/26 07:05:00,40.881,2816.0,
07/15/26 07:10:00,40.696,2432.0,
07/15/26 07:15:00,40.321,2816.0,
07/15/26 07:20:00,41.067,3200.0,
07/15/26 07:25:00,41.254,3200.0,
07/15/26 07:30:00,41.810,3456.0,
07/15/26 07:35:00,41.810,2688.0,
07/15/26 07:40:00,41.810,2816.0,
07/15/26 07:45:00,41.254,2688.0,
07/15/26 07:50:00,41.439,3328.0,
07/15/26 07:55:00,42.363,3712.0,
07/15/26 08:00:00,44.013,3968.0,
07/15/26 08:05:00,44.379,4096.0,
07/15/26 08:10:00,44.560,4096.0,
07/15/26 08:15:00,45.286,4352.0,
07/15/26 08:20:00,46.188,5120.0,
07/15/26 08:25:00,46.908,5120.0,
07/15/26 08:30:00,46.728,5120.0,
07/15/26 08:35:00,47.266,5632.0,
07/15/26 08:40:00,47.982,5632.0,
07/15/26 08:45:00,49.404,7424.0,
07/15/26 08:50:00,49.404,6656.0,
07/15/26 08:55:00,54.669,10240.0,
07/15/26 09:00:00,59.337,12800.0,
07/15/26 09:05:00,57.096,11264.0,
07/15/26 09:10:00,56.230,10240.0,
07/15/26 09:15:00,53.798,9728.0,
07/15/26 09:20:00,53.274,10752.0,
07/15/26 09:25:00,55.364,14848.0,
07/15/26 09:30:00,57.268,14336.0,
07/15/26 09:35:00,57.096,10240.0,
07/15/26 09:40:00,53.449,8704.0,
07/15/26 09:45:00,51.699,8704.0,
07/15/26 09:50:00,50.113,8192.0,
07/15/26 09:55:00,53.973,9728.0,
07/15/26 10:00:00,55.017,11776.0,
07/15/26 10:05:00,52.225,8704.0,
07/15/26 10:10:00,51.874,8704.0,
07/15/26 10:15:00,53.973,10752.0,
07/15/26 10:20:00,54.322,11264.0,
07/15/26 10:25:00,53.973,9728.0,
07/15/26 10:30:00,54.147,9216.0,
07/15/26 10:35:00,56.404,12288.0,
07/15/26 10:40:00,57.096,12800.0,
07/15/26 10:45:00,56.404,10240.0,
07/15/26 10:50:00,55.537,11776.0,
07/15/26 10:55:00,58.476,13312.0,
07/15/26 11:00:00,56.750,11264.0,
07/15/26 11:05:00,54.669,9728.0,
07/15/26 11:10:00,55.017,10752.0,
07/15/26 11:15:00,56.577,11776.0,
07/15/26 11:20:00,56.230,10752.0,
07/15/26 11:25:00,53.973,9216.0,
07/15/26 11:30:00,54.495,11264.0,
07/15/26 11:35:00,55.884,12288.0,
07/15/26 11:40:00,55.711,11776.0,
07/15/26 11:45:00,57.614,10240.0,
07/15/26 11:50:00,52.925,8704.0,
07/15/26 11:55:00,51.699,7680.0,
07/15/26 12:00:00,50.643,8704.0,
07/15/26 12:05:00,53.973,8704.0,
07/15/26 12:10:00,54.842,16384.0,
07/15/26 12:15:00,56.404,11264.0,
07/15/26 12:20:00,54.147,15872.0,
07/15/26 12:25:00,54.842,14336.0,
07/15/26 12:30:00,54.842,9728.0,
07/15/26 12:35:00,54.669,15872.0,
07/15/26 12:40:00,54.495,13312.0,
07/15/26 12:45:00,53.623,8192.0,
07/15/26 12:50:00,55.189,12800.0,
07/15/26 12:55:00,55.884,13824.0,
07/15/26 13:00:00,54.495,11776.0,
07/15/26 13:05:00,53.623,9728.0,
07/15/26 13:10:00,55.364,11776.0,
07/15/26 13:15:00,55.884,11776.0,
07/15/26 13:20:00,54.669,9216.0,
07/15/26 13:25:00,56.577,7680.0,
07/15/26 13:30:00,51.699,6144.0,
07/15/26 13:35:00,52.925,5632.0,
07/15/26 13:40:00,52.925,5120.0,
07/15/26 13:45:00,52.225,6912.0,
07/15/26 13:50:00,56.230,11264.0,
07/15/26 13:55:00,53.623,10240.0,
07/15/26 14:00:00,55.364,5120.0,
07/15/26 14:05:00,53.274,6144.0,
07/15/26 14:10:00,52.750,8192.0,
07/15/26 14:15:00,53.623,7680.0,
07/15/26 14:20:00,53.973,7680.0,
07/15/26 14:25:00,53.449,7424.0,
07/15/26 14:30:00,52.050,9728.0,
07/15/26 14:35:00,50.819,8704.0,
07/15/26 14:40:00,50.819,12288.0,
07/15/26 14:45:00,49.050,6400.0,
07/15/26 14:50:00,48.871,11264.0,
07/15/26 14:55:00,49.050,7424.0,
07/15/26 15:00:00,49.759,15872.0,
07/15/26 15:05:00,48.871,8704.0,
07/15/26 15:10:00,51.346,15872.0,
07/15/26 15:15:00,49.050,7936.0,
07/15/26 15:20:00,48.517,9216.0,
07/15/26 15:25:00,50.643,8192.0,
07/15/26 15:30:00,50.290,11264.0,
07/15/26 15:35:00,51.346,11776.0,
07/15/26 15:40:00,52.225,11776.0,
07/15/26 15:45:00,50.466,7424.0,
07/15/26 15:50:00,50.466,10752.0,
07/15/26 15:55:00,50.113,11776.0,
07/15/26 16:00:00,50.643,7424.0,
07/15/26 16:05:00,50.113,14336.0,
07/15/26 16:10:00,50.290,7680.0,
07/15/26 16:15:00,52.225,5376.0,
07/15/26 16:20:00,54.495,15360.0,
07/15/26 16:25:00,52.225,10240.0,
07/15/26 16:30:00,53.798,10752.0,
07/15/26 16:35:00,51.699,11264.0,
07/15/26 16:40:00,53.449,13824.0,
07/15/26 16:45:00,52.925,8704.0,
07/15/26 16:50:00,51.699,9728.0,
07/15/26 16:55:00,51.699,8704.0,
07/15/26 17:00:00,52.750,10240.0,
07/15/26 17:05:00,52.225,8704.0,
07/15/26 17:10:00,53.798,12288.0,
07/15/26 17:15:00,53.100,11264.0,
07/15/26 17:20:00,52.576,8704.0,
07/15/26 17:25:00,53.973,9216.0,
07/15/26 17:30:00,54.842,7936.0,
07/15/26 17:35:00,58.131,11264.0,
07/15/26 17:40:00,57.958,8704.0,
07/15/26 17:45:00,57.441,6912.0,
07/15/26 17:50:00,54.842,7680.0,
07/15/26 17:55:00,52.050,6912.0,
07/15/26 18:00:00,52.576,8192.0,
07/15/26 18:05:00,52.050,7424.0,
07/15/26 18:10:00,52.750,7424.0,
07/15/26 18:15:00,53.798,7680.0,
07/15/26 18:20:00,51.699,6144.0,
07/15/26 18:25:00,49.759,6656.0,
07/15/26 18:30:00,49.582,5888.0,
07/15/26 18:35:00,48.695,5632.0,
07/15/26 18:40:00,48.871,5888.0,
07/15/26 18:45:00,49.228,6144.0,
07/15/26 18:50:00,48.871,4864.0,
07/15/26 18:55:00,48.160,4352.0,
07/15/26 19:00:00,46.548,3840.0,
07/15/26 19:05:00,45.104,3456.0,
07/15/26 19:10:00,44.742,3200.0,
07/15/26 19:15:00,43.831,2816.0,
07/15/26 19:20:00,43.466,2560.0,
07/15/26 19:25:00,43.648,3200.0,
07/15/26 19:30:00,43.282,2304.0,
07/15/26 19:35:00,42.363,2688.0,
07/15/26 19:40:00,44.560,2304.0,
07/15/26 19:45:00,44.922,2560.0,
07/15/26 19:50:00,44.013,2560.0,
07/15/26 19:55:00,43.099,2432.0,
07/15/26 20:00:00,41.810,2304.0,
07/15/26 20:05:00,41.254,2304.0,
07/15/26 20:10:00,41.067,2304.0,
07/15/26 20:15:00,41.067,1984.0,
07/15/26 20:20:00,40.881,1920.0,
07/15/26 20:25:00,40.509,1536.0,
07/15/26 20:30:00,39.947,1344.0,
07/15/26 20:35:00,39.384,1024.0,
07/15/26 20:40:00,38.629,864.0,
07/15/26 20:45:00,38.061,704.0,
07/15/26 20:50:00,37.679,512.0,
07/15/26 20:55:00,36.914,400.0,
07/15/26 21:00:00,36.914,352.0,
07/15/26 21:05:00,36.531,304.0,
07/15/26 21:10:00,36.531,272.0,
07/15/26 21:15:00,36.338,248.0,
07/15/26 21:20:00,36.145,224.0,
07/15/26 21:25:00,35.951,192.0,
07/15/26 21:30:00,36.531,160.0,
07/15/26 21:35:00,36.531,128.0,
07/15/26 21:40:00,36.914,107.0,
07/15/26 21:45:00,36.531,88.0,
07/15/26 21:50:00,36.531,73.0,
07/15/26 21:55:00,36.531,57.0,
07/15/26 22:00:00,36.723,45.0,
07/15/26 22:05:00,36.145,34.0,
07/15/26 22:10:00,35.758,24.0,
07/15/26 22:15:00,35.564,16.0,
07/15/26 22:20:00,35.564,11.0,
07/15/26 22:25:00,35.758,7.0,
07/15/26 22:30:00,35.951,4.0,
07/15/26 22:35:00,35.951,2.0,
07/15/26 22:40:00,35.758,1.0,
07/15/26 22:45:00,35.951,0.0,
07/15/26 22:50:00,36.338,0.0,
07/15/26 22:55:00,36.531,0.0,
07/15/26 23:00:00,36.531,0.0,
07/15/26 23:05:00,36.531,0.0,
07/15/26 23:10:00,36.723,0.0,
07/15/26 23:15:00,36.145,0.0,
07/15/26 23:20:00,35.564,0.0,
07/15/26 23:25:00,35.370,0.0,
07/15/26 23:30:00,35.564,0.0,
07/15/26 23:35:00,35.370,0.0,
07/15/26 23:40:00,35.564,0.0,
07/15/26 23:45:00,35.564,0.0,
07/15/26 23:50:00,35.370,0.0,
07/15/26 23:55:00,35.951,0.0,
07/16/26 00:00:00,36.145,0.0,
07/16/26 00:05:00,36.531,0.0,
07/16/26 00:10:00,35.758,0.0,
07/16/26 00:15:00,35.951,0.0,
07/16/26 00:20:00,36.145,0.0,
07/16/26 00:25:00,35.564,0.0,
07/16/26 00:30:00,35.564,0.0,
07/16/26 00:35:00,35.564,0.0,
07/16/26 00:40:00,35.758,0.0,
07/16/26 00:45:00,36.145,0.0,
07/16/26 00:50:00,36.338,0.0,
07/16/26 00:55:00,36.338,0.0,
07/16/26 01:00:00,36.723,0.0,
07/16/26 01:05:00,36.723,0.0,
07/16/26 01:10:00,36.338,0.0,
07/16/26 01:15:00,36.145,0.0,
07/16/26 01:20:00,35.370,0.0,
07/16/26 01:25:00,35.564,0.0,
07/16/26 01:30:00,35.370,0.0,
07/16/26 01:35:00,34.981,0.0,
07/16/26 01:40:00,35.564,0.0,
07/16/26 01:45:00,35.758,0.0,
07/16/26 01:50:00,35.564,0.0,
07/16/26 01:55:00,35.564,0.0,
07/16/26 02:00:00,35.951,0.0,
07/16/26 02:05:00,35.564,0.0,
07/16/26 02:10:00,35.564,0.0,
07/16/26 02:15:00,35.564,0.0,
07/16/26 02:20:00,35.564,0.0,
07/16/26 02:25:00,35.564,0.0,
07/16/26 02:30:00,35.564,0.0,
07/16/26 02:35:00,35.564,0.0,
07/16/26 02:40:00,35.175,0.0,
07/16/26 02:45:00,35.370,0.0,
07/16/26 02:50:00,34.786,0.0,
07/16/26 02:55:00,34.590,0.0,
07/16/26 03:00:00,34.590,0.0,
07/16/26 03:05:00,34.590,0.0,
07/16/26 03:10:00,34.786,0.0,
07/16/26 03:15:00,34.590,0.0,
07/16/26 03:20:00,34.198,1.0,
07/16/26 03:25:00,34.590,2.0,
07/16/26 03:30:00,34.786,4.0,
07/16/26 03:35:00,35.175,7.0,
07/16/26 03:40:00,34.590,12.0,
07/16/26 03:45:00,34.786,19.0,
07/16/26 03:50:00,34.590,30.0,
07/16/26 03:55:00,35.175,71.0,
07/16/26 04:00:00,34.786,73.0,
07/16/26 04:05:00,34.590,80.0,
07/16/26 04:10:00,34.394,104.0,
07/16/26 04:15:00,34.394,136.0,
07/16/26 04:20:00,34.394,184.0,
07/16/26 04:25:00,34.394,240.0,
07/16/26 04:30:00,34.394,272.0,
07/16/26 04:35:00,34.786,352.0,
07/16/26 04:40:00,34.981,384.0,
07/16/26 04:45:00,34.981,416.0,
07/16/26 04:50:00,34.981,448.0,
07/16/26 04:55:00,35.175,480.0,
07/16/26 05:00:00,35.370,512.0,
07/16/26 05:05:00,35.370,576.0,
07/16/26 05:10:00,35.758,608.0,
07/16/26 05:15:00,35.758,672.0,
07/16/26 05:20:00,36.145,768.0,
07/16/26 05:25:00,36.338,864.0,
07/16/26 05:30:00,37.679,1024.0,
07/16/26 05:35:00,40.696,1536.0,
07/16/26 05:40:00,41.994,1408.0,
07/16/26 05:45:00,43.099,1536.0,
07/16/26 05:50:00,42.179,1344.0,
07/16/26 05:55:00,40.881,1344.0,
07/16/26 06:00:00,44.742,1600.0,
07/16/26 06:05:00,46.548,1856.0,
07/16/26 06:10:00,49.228,2304.0,
07/16/26 06:15:00,53.274,2944.0,
07/16/26 06:20:00,50.643,2304.0,
07/16/26 06:25:00,51.346,2688.0,
07/16/26 06:30:00,51.523,2560.0,
07/16/26 06:35:00,52.401,2688.0,
07/16/26 06:40:00,50.995,2688.0,
07/16/26 06:45:00,52.925,3328.0,
07/16/26 06:50:00,55.884,3456.0,
07/16/26 06:55:00,55.537,3200.0,
07/16/26 07:00:00,58.647,3840.0,
07/16/26 07:05:00,58.993,4096.0,
07/16/26 07:10:00,57.785,4608.0,
07/16/26 07:15:00,57.785,4608.0,
07/16/26 07:20:00,56.750,4608.0,
07/16/26 07:25:00,52.050,3968.0,
07/16/26 07:30:00,54.669,4864.0,
07/16/26 07:35:00,51.523,3584.0,
07/16/26 07:40:00,55.017,4864.0,
07/16/26 07:45:00,56.577,5376.0,
07/16/26 07:50:00,59.164,6144.0,
07/16/26 07:55:00,59.508,5888.0,
07/16/26 08:00:00,60.368,6144.0,
07/16/26 08:05:00,60.883,5120.0,
07/16/26 08:10:00,61.569,6656.0,
07/16/26 08:15:00,60.195,6656.0,
07/16/26 08:20:00,57.958,7168.0,
07/16/26 08:25:00,58.647,7936.0,
07/16/26 08:30:00,59.508,8192.0,
07/16/26 08:35:00,59.680,8192.0,
07/16/26 08:40:00,60.539,9728.0,
07/16/26 08:45:00,60.712,8192.0,
07/16/26 08:50:00,57.441,7424.0,
07/16/26 08:55:00,59.337,9216.0,
07/16/26 09:00:00,61.227,8704.0,
07/16/26 09:05:00,61.398,9728.0,
07/16/26 09:10:00,62.425,10240.0,
07/16/26 09:15:00,61.054,10240.0,
07/16/26 09:20:00,60.883,10240.0,
07/16/26 09:25:00,59.508,10752.0,
07/16/26 09:30:00,63.282,12800.0,
07/16/26 09:35:00,64.996,13312.0,
07/16/26 09:40:00,65.167,13824.0,
07/16/26 09:45:00,65.167,12800.0,
07/16/26 09:50:00,65.509,13824.0,
07/16/26 09:55:00,64.825,13312.0,
07/16/26 10:00:00,64.310,11776.0,
07/16/26 10:05:00,62.769,12800.0,
07/16/26 10:10:00,64.996,14336.0,
07/16/26 10:15:00,66.366,14848.0,
07/16/26 10:20:00,67.050,14336.0,
07/16/26 10:25:00,65.680,12800.0,
07/16/26 10:30:00,65.851,14848.0,
07/16/26 10:35:00,65.680,15360.0,
07/16/26 10:40:00,65.680,14848.0,
07/16/26 10:45:00,66.708,15872.0,
07/16/26 10:50:00,67.564,14848.0,
07/16/26 10:55:00,68.077,15360.0,
07/16/26 11:00:00,68.421,16384.0,
07/16/26 11:05:00,68.077,15872.0,
07/16/26 11:10:00,68.592,15872.0,
07/16/26 11:15:00,68.763,15872.0,
07/16/26 11:20:00,67.564,15872.0,
07/16/26 11:25:00,69.793,16384.0,
07/16/26 11:30:00,69.622,16384.0,
07/16/26 11:35:00,68.592,16384.0,
07/16/26 11:40:00,67.564,16384.0,
07/16/26 11:45:00,66.879,16384.0,
07/16/26 11:50:00,67.392,17408.0,
07/16/26 11:55:00,66.366,17408.0,
07/16/26 12:00:00,64.139,17408.0,
07/16/26 12:05:00,63.626,17408.0,
07/16/26 12:10:00,63.455,16384.0,
07/16/26 12:15:00,63.455,16384.0,
07/16/26 12:20:00,63.626,16384.0,
07/16/26 12:25:00,62.083,15872.0,
07/16/26 12:30:00,60.712,16384.0,
07/16/26 12:35:00,59.851,15872.0,
07/16/26 12:40:00,59.508,15360.0,
07/16/26 12:45:00,61.398,14848.0,
07/16/26 12:50:00,63.282,13824.0,
07/16/26 12:55:00,62.940,12288.0,
07/16/26 13:00:00,61.741,10752.0,
07/16/26 13:05:00,60.712,10240.0,
07/16/26 13:10:00,60.712,8704.0,
07/16/26 13:15:00,60.368,7680.0,
07/16/26 13:20:00,59.164,6400.0,
07/16/26 13:25:00,58.131,5632.0,
07/16/26 13:30:00,58.993,5376.0,
07/16/26 13:35:00,58.993,4864.0,
07/16/26 13:40:00,58.820,4608.0,
07/16/26 13:45:00,59.680,4608.0,
07/16/26 13:50:00,59.851,4864.0,
07/16/26 13:55:00,59.680,4352.0,
07/16/26 14:00:00,60.024,4608.0,
07/16/26 14:05:00,60.368,4352.0,
07/16/26 14:10:00,59.508,4608.0,
07/16/26 14:15:00,60.195,5376.0,
07/16/26 14:20:00,59.680,6656.0,
07/16/26 14:25:00,59.851,7680.0,
07/16/26 14:30:00,60.024,8704.0,
07/16/26 14:35:00,58.993,10240.0,
07/16/26 14:40:00,57.958,11264.0,
07/16/26 14:45:00,58.303,11776.0,
07/16/26 14:50:00,58.647,12800.0,
07/16/26 14:55:00,59.337,13824.0,
07/16/26 15:00:00,58.820,13824.0,
07/16/26 15:05:00,58.647,14848.0,
07/16/26 15:10:00,59.164,14848.0,
07/16/26 15:15:00,59.164,14848.0,
07/16/26 15:20:00,58.993,14848.0,
07/16/26 15:25:00,58.820,14848.0,
07/16/26 15:30:00,57.614,14336.0,
07/16/26 15:35:00,57.268,14336.0,
07/16/26 15:40:00,57.785,13824.0,
07/16/26 15:45:00,58.820,13824.0,
07/16/26 15:50:00,59.851,13312.0,
07/16/26 15:55:00,60.195,13312.0,
07/16/26 16:00:00,60.368,13312.0,
07/16/26 16:05:00,58.131,12800.0,
07/16/26 16:10:00,57.268,12800.0,
07/16/26 16:15:00,56.404,12288.0,
07/16/26 16:20:00,56.923,12288.0,
07/16/26 16:25:00,57.441,11776.0,
07/16/26 16:30:00,58.476,11776.0,
07/16/26 16:35:00,57.614,11264.0,
07/16/26 16:40:00,56.577,11264.0,
07/16/26 16:45:00,55.884,10752.0,
07/16/26 16:50:00,55.884,10240.0,
07/16/26 16:55:00,55.711,10240.0,
07/16/26 17:00:00,55.884,9728.0,
07/16/26 17:05:00,56.057,9728.0,
07/16/26 17:10:00,56.750,9216.0,
07/16/26 17:15:00,56.577,9216.0,
07/16/26 17:20:00,56.750,8704.0,
07/16/26 17:25:00,55.537,8704.0,
07/16/26 17:30:00,55.537,8192.0,
07/16/26 17:35:00,54.322,7936.0,
07/16/26 17:40:00,53.449,7680.0,
07/16/26 17:45:00,53.274,7680.0,
07/16/26 17:50:00,54.322,7424.0,
07/16/26 17:55:00,54.669,7168.0,
07/16/26 18:00:00,53.623,6912.0,
07/16/26 18:05:00,53.100,6656.0,
07/16/26 18:10:00,53.274,6400.0,
07/16/26 18:15:00,53.623,6400.0,
07/16/26 18:20:00,52.750,6144.0,
07/16/26 18:25:00,52.750,5888.0,
07/16/26 18:30:00,52.576,5632.0,
07/16/26 18:35:00,52.576,5632.0,
07/16/26 18:40:00,51.523,5376.0,
07/16/26 18:45:00,51.699,5120.0,
07/16/26 18:50:00,51.346,5120.0,
07/16/26 18:55:00,50.466,4864.0,
07/16/26 19:00:00,50.113,4864.0,
07/16/26 19:05:00,50.113,4608.0,
07/16/26 19:10:00,49.050,4352.0,
07/16/26 19:15:00,47.982,4352.0,
07/16/26 19:20:00,48.871,4096.0,
07/16/26 19:25:00,46.548,3968.0,
07/16/26 19:30:00,46.548,3840.0,
07/16/26 19:35:00,46.008,3584.0,
07/16/26 19:40:00,45.648,3456.0,
07/16/26 19:45:00,45.466,3200.0,
07/16/26 19:50:00,44.742,3072.0,
07/16/26 19:55:00,44.379,2816.0,
07/16/26 20:00:00,44.560,2688.0,
07/16/26 20:05:00,44.013,2560.0,
07/16/26 20:10:00,42.732,2432.0,
07/16/26 20:15:00,42.915,2304.0,
07/16/26 20:20:00,41.994,2176.0,
07/16/26 20:25:00,40.696,1536.0,
07/16/26 20:30:00,35.951,272.0,
07/16/26 20:35:00,33.411,256.0,
07/16/26 20:40:00,33.411,256.0,
07/16/26 20:45:00,33.411,240.0,
07/16/26 20:50:00,33.411,232.0,
07/16/26 20:55:00,32.218,224.0,
07/16/26 21:00:00,31.816,208.0,
07/16/26 21:05:00,32.218,192.0,
07/16/26 21:10:00,31.816,184.0,
07/16/26 21:15:00,31.617,168.0,
07/16/26 21:20:00,31.213,160.0,
07/16/26 21:25:00,31.816,144.0,
07/16/26 21:30:00,32.418,124.0,
07/16/26 21:35:00,32.218,111.0,
07/16/26 21:40:00,31.415,97.0,
07/16/26 21:45:00,31.012,85.0,
07/16/26 21:50:00,30.808,67.0,
07/16/26 21:55:00,29.995,52.0,
07/16/26 22:00:00,29.586,38.0,
07/16/26 22:05:00,29.174,29.0,
07/16/26 22:10:00,28.762,24.0,
07/16/26 22:15:00,29.790,18.0,
07/16/26 22:20:00,29.379,10.0,
07/16/26 22:25:00,28.969,6.0,
07/16/26 22:30:00,28.762,3.0,
07/16/26 22:35:00,29.379,2.0,
07/16/26 22:40:00,29.174,1.0,
07/16/26 22:45:00,28.762,0.0,
07/16/26 22:50:00,30.198,0.0,
07/16/26 22:55:00,30.808,0.0,
07/16/26 23:00:00,31.012,0.0,
07/16/26 23:05:00,30.808,0.0,
07/16/26 23:10:00,31.012,0.0,
07/16/26 23:15:00,31.012,0.0,
07/16/26 23:20:00,30.808,0.0,
07/16/26 23:25:00,30.198,0.0,
07/16/26 23:30:00,30.403,0.0,
07/16/26 23:35:00,30.808,0.0,
07/16/26 23:40:00,29.995,0.0,
07/16/26 23:45:00,29.790,0.0,
07/16/26 23:50:00,29.586,0.0,
07/16/26 23:55:00,29.174,0.0,
07/17/26 00:00:00,29.174,0.0,
07/17/26 00:05:00,28.969,0.0,
07/17/26 00:10:00,28.762,0.0,
07/17/26 00:15:00,28.346,0.0,
07/17/26 00:20:00,28.139,0.0,
07/17/26 00:25:00,28.346,0.0,
07/17/26 00:30:00,28.762,0.0,
07/17/26 00:35:00,28.969,0.0,
07/17/26 00:40:00,29.174,0.0,
07/17/26 00:45:00,29.379,0.0,
07/17/26 00:50:00,30.198,0.0,
07/17/26 00:55:00,30.198,0.0,
07/17/26 01:00:00,29.790,0.0,
07/17/26 01:05:00,28.762,0.0,
07/17/26 01:10:00,30.198,0.0,
07/17/26 01:15:00,31.816,0.0,
07/17/26 01:20:00,31.415,0.0,
07/17/26 01:25:00,32.418,0.0,
07/17/26 01:30:00,32.815,0.0,
07/17/26 01:35:00,31.617,0.0,
07/17/26 01:40:00,30.808,0.0,
07/17/26 01:45:00,30.808,0.0,
07/17/26 01:50:00,30.607,0.0,
07/17/26 01:55:00,29.995,0.0,
07/17/26 02:00:00,29.995,0.0,
07/17/26 02:05:00,28.969,0.0,
07/17/26 02:10:00,31.415,0.0,
07/17/26 02:15:00,32.815,0.0,
07/17/26 02:20:00,31.213,0.0,
07/17/26 02:25:00,31.012,0.0,
07/17/26 02:30:00,31.213,0.0,
07/17/26 02:35:00,30.808,0.0,
07/17/26 02:40:00,31.816,0.0,
07/17/26 02:45:00,31.415,0.0,
07/17/26 02:50:00,30.607,0.0,
07/17/26 02:55:00,29.379,0.0,
07/17/26 03:00:00,29.586,0.0,
07/17/26 03:05:00,29.586,0.0,
07/17/26 03:10:00,29.379,0.0,
07/17/26 03:15:00,30.198,1.0,
07/17/26 03:20:00,30.607,2.0,
07/17/26 03:25:00,31.617,3.0,
07/17/26 03:30:00,31.012,5.0,
07/17/26 03:35:00,32.617,8.0,
07/17/26 03:40:00,32.218,12.0,
07/17/26 03:45:00,32.018,17.0,
07/17/26 03:50:00,32.018,24.0,
07/17/26 03:55:00,33.013,32.0,
07/17/26 04:00:00,33.013,43.0,
07/17/26 04:05:00,32.018,53.0,
07/17/26 04:10:00,31.012,66.0,
07/17/26 04:15:00,31.415,79.0,
07/17/26 04:20:00,33.013,93.0,
07/17/26 04:25:00,32.018,108.0,
07/17/26 04:30:00,32.815,123.0,
07/17/26 04:35:00,33.213,136.0,
07/17/26 04:40:00,32.617,152.0,
07/17/26 04:45:00,32.018,168.0,
07/17/26 04:50:00,32.815,184.0,
07/17/26 04:55:00,30.808,200.0,
07/17/26 05:00:00,31.012,216.0,
07/17/26 05:05:00,37.488,896.0,
07/17/26 05:10:00,41.439,992.0,
07/17/26 05:15:00,43.282,1024.0,
07/17/26 05:20:00,44.195,1152.0,
07/17/26 05:25:00,47.624,1280.0,
07/17/26 05:30:00,48.695,1344.0,
07/17/26 05:35:00,49.582,1408.0,
07/17/26 05:40:00,49.582,1536.0,
07/17/26 05:45:00,49.937,1600.0,
07/17/26 05:50:00,50.995,1728.0,
07/17/26 05:55:00,51.699,1792.0,
07/17/26 06:00:00,50.819,1920.0,
07/17/26 06:05:00,50.995,1984.0,
07/17/26 06:10:00,50.643,2048.0,
07/17/26 06:15:00,51.172,2176.0,
07/17/26 06:20:00,52.225,2304.0,
07/17/26 06:25:00,52.750,2432.0,
07/17/26 06:30:00,52.225,2560.0,
07/17/26 06:35:00,53.973,2688.0,
07/17/26 06:40:00,55.017,2816.0,
07/17/26 06:45:00,56.577,3072.0,
07/17/26 06:50:00,57.441,3072.0,
07/17/26 06:55:00,56.404,3200.0,
07/17/26 07:00:00,56.750,3456.0,
07/17/26 07:05:00,57.614,3584.0,
07/17/26 07:10:00,58.131,3712.0,
07/17/26 07:15:00,58.820,3968.0,
07/17/26 07:20:00,58.647,4096.0,
07/17/26 07:25:00,58.820,4096.0,
07/17/26 07:30:00,60.024,4352.0,
07/17/26 07:35:00,60.368,4608.0,
07/17/26 07:40:00,61.398,4864.0,
07/17/26 07:45:00,61.912,5120.0,
07/17/26 07:50:00,60.883,5376.0,
07/17/26 07:55:00,60.883,5376.0,
07/17/26 08:00:00,60.539,5632.0,
07/17/26 08:05:00,59.337,5888.0,
07/17/26 08:10:00,59.851,6400.0,
07/17/26 08:15:00,60.712,6656.0,
07/17/26 08:20:00,61.569,6912.0,
07/17/26 08:25:00,61.912,7424.0,
07/17/26 08:30:00,61.569,7680.0,
07/17/26 08:35:00,60.883,8192.0,
07/17/26 08:40:00,61.054,8704.0,
07/17/26 08:45:00,61.741,9216.0,
07/17/26 08:50:00,61.912,9216.0,
07/17/26 08:55:00,61.398,9728.0,
07/17/26 09:00:00,62.769,10240.0,
07/17/26 09:05:00,63.626,10752.0,
07/17/26 09:10:00,62.425,10752.0,
07/17/26 09:15:00,62.940,11264.0,
07/17/26 09:20:00,63.282,11776.0,
07/17/26 09:25:00,62.425,11776.0,
07/17/26 09:30:00,63.111,12288.0,
07/17/26 09:35:00,62.940,12800.0,
07/17/26 09:40:00,63.111,12800.0,
07/17/26 09:45:00,63.282,13312.0,
07/17/26 09:50:00,62.769,13312.0,
07/17/26 09:55:00,62.769,13312.0,
07/17/26 10:00:00,62.598,13824.0,
07/17/26 10:05:00,61.398,13824.0,
07/17/26 10:10:00,62.598,14336.0,
07/17/26 10:15:00,62.598,14336.0,
07/17/26 10:20:00,61.912,14336.0,
07/17/26 10:25:00,62.940,14848.0,
07/17/26 10:30:00,63.282,14848.0,
07/17/26 10:35:00,63.111,14848.0,
07/17/26 10:40:00,61.912,15360.0,
07/17/26 10:45:00,61.912,15360.0,
07/17/26 10:50:00,61.741,15360.0,
07/17/26 10:55:00,62.598,15360.0,
07/17/26 11:00:00,63.797,15872.0,
07/17/26 11:05:00,65.509,15872.0,
07/17/26 11:10:00,65.680,15872.0,
07/17/26 11:15:00,63.282,15872.0,
07/17/26 11:20:00,61.912,15872.0,
07/17/26 11:25:00,62.940,16384.0,
07/17/26 11:30:00,62.598,16384.0,
07/17/26 11:35:00,61.912,16384.0,
07/17/26 11:40:00,60.368,16384.0,
07/17/26 11:45:00,61.227,16384.0,
07/17/26 11:50:00,62.083,16384.0,
07/17/26 11:55:00,64.310,16384.0,
07/17/26 12:00:00,64.139,16384.0,
07/17/26 12:05:00,62.598,16384.0,
07/17/26 12:10:00,62.425,16384.0,
07/17/26 12:15:00,62.769,15872.0,
07/17/26 12:20:00,62.425,15872.0,
07/17/26 12:25:00,62.425,15872.0,
07/17/26 12:30:00,61.227,15360.0,
07/17/26 12:35:00,61.054,14848.0,
07/17/26 12:40:00,60.195,13824.0,
07/17/26 12:45:00,60.539,12800.0,
07/17/26 12:50:00,60.883,12288.0,
07/17/26 12:55:00,61.054,10752.0,
07/17/26 13:00:00,61.398,9216.0,
07/17/26 13:05:00,60.883,8192.0,
07/17/26 13:10:00,58.993,6400.0,
07/17/26 13:15:00,58.993,5632.0,
07/17/26 13:20:00,59.508,4352.0,
07/17/26 13:25:00,58.993,3968.0,
07/17/26 13:30:00,58.303,4352.0,
07/17/26 13:35:00,58.820,4096.0,
07/17/26 13:40:00,58.647,3968.0,
07/17/26 13:45:00,58.131,3968.0,
07/17/26 13:50:00,58.476,3968.0,
07/17/26 13:55:00,59.337,3840.0,
07/17/26 14:00:00,60.024,3968.0,
07/17/26 14:05:00,59.508,3968.0,
07/17/26 14:10:00,58.993,4352.0,
07/17/26 14:15:00,58.131,5120.0,
07/17/26 14:20:00,58.303,6144.0,
07/17/26 14:25:00,59.164,7424.0,
07/17/26 14:30:00,59.337,8704.0,
07/17/26 14:35:00,58.993,9728.0,
07/17/26 14:40:00,58.993,10240.0,
07/17/26 14:45:00,60.024,11264.0,
07/17/26 14:50:00,60.712,12288.0,
07/17/26 14:55:00,60.539,12800.0,
07/17/26 15:00:00,60.712,11776.0,
07/17/26 15:05:00,60.024,14336.0,
07/17/26 15:10:00,59.680,14336.0,
07/17/26 15:15:00,60.024,14848.0,
07/17/26 15:20:00,58.820,15360.0,
07/17/26 15:25:00,59.680,15360.0,
07/17/26 15:30:00,59.164,14336.0,
07/17/26 15:35:00,58.647,13824.0,
07/17/26 15:40:00,57.614,13312.0,
07/17/26 15:45:00,57.441,13312.0,
07/17/26 15:50:00,57.096,12800.0,
07/17/26 15:55:00,56.750,12288.0,
07/17/26 16:00:00,56.230,12288.0,
07/17/26 16:05:00,56.404,12288.0,
07/17/26 16:10:00,56.923,12288.0,
07/17/26 16:15:00,56.404,11776.0,
07/17/26 16:20:00,56.577,11264.0,
07/17/26 16:25:00,56.750,11264.0,
07/17/26 16:30:00,56.404,11264.0,
07/17/26 16:35:00,56.750,10752.0,
07/17/26 16:40:00,57.096,10752.0,
07/17/26 16:45:00,57.096,10240.0,
07/17/26 16:50:00,57.268,10240.0,
07/17/26 16:55:00,57.096,9728.0,
07/17/26 17:00:00,56.923,9728.0,
07/17/26 17:05:00,56.577,9216.0,
07/17/26 17:10:00,56.750,8704.0,
07/17/26 17:15:00,56.923,8704.0,
07/17/26 17:20:00,56.404,8192.0,
07/17/26 17:25:00,56.750,8192.0,
07/17/26 17:30:00,55.884,7936.0,
07/17/26 17:35:00,55.364,7680.0,
07/17/26 17:40:00,55.884,7424.0,
07/17/26 17:45:00,55.189,7168.0,
07/17/26 17:50:00,55.017,7168.0,
07/17/26 17:55:00,54.669,6912.0,
07/17/26 18:00:00,54.147,6656.0,
07/17/26 18:05:00,54.669,6400.0,
07/17/26 18:10:00,54.147,6144.0,
07/17/26 18:15:00,53.100,6144.0,
07/17/26 18:20:00,52.750,5632.0,
07/17/26 18:25:00,52.925,5376.0,
07/17/26 18:30:00,51.523,5376.0,
07/17/26 18:35:00,50.995,5120.0,
07/17/26 18:40:00,50.819,4864.0,
07/17/26 18:45:00,50.466,4608.0,
07/17/26 18:50:00,50.290,4608.0,
07/17/26 18:55:00,50.290,4608.0,
07/17/26 19:00:00,49.759,4352.0,
07/17/26 19:05:00,49.759,4096.0,
07/17/26 19:10:00,49.050,3712.0,
07/17/26 19:15:00,47.802,3456.0,
07/17/26 19:20:00,44.742,672.0,
07/17/26 19:25:00,40.696,768.0,
07/17/26 19:30:00,40.509,672.0,
07/17/26 19:35:00,40.134,1152.0,
07/17/26 19:40:00,43.099,704.0,
07/17/26 19:45:00,40.509,576.0,
07/17/26 19:50:00,39.947,576.0,
07/17/26 19:55:00,42.548,1600.0,
07/17/26 20:00:00,45.466,2304.0,
07/17/26 20:05:00,46.548,2176.0,
07/17/26 20:10:00,45.104,2048.0,
07/17/26 20:15:00,42.179,480.0,
07/17/26 20:20:00,39.573,1280.0,
07/17/26 20:25:00,40.134,1600.0,
07/17/26 20:30:00,38.818,512.0,
07/17/26 20:35:00,37.870,464.0,
07/17/26 20:40:00,37.679,432.0,
07/17/26 20:45:00,37.488,368.0,
07/17/26 20:50:00,36.531,368.0,
07/17/26 20:55:00,36.531,368.0,
07/17/26 21:00:00,36.338,288.0,
07/17/26 21:05:00,36.338,216.0,
07/17/26 21:10:00,36.145,152.0,
07/17/26 21:15:00,35.951,119.0,
07/17/26 21:20:00,35.564,116.0,
07/17/26 21:25:00,35.951,112.0,
07/17/26 21:30:00,36.145,108.0,
07/17/26 21:35:00,35.758,116.0,
07/17/26 21:40:00,35.564,68.0,
07/17/26 21:45:00,35.758,56.0,
07/17/26 21:50:00,36.338,55.0,
07/17/26 21:55:00,36.145,45.0,
07/17/26 22:00:00,36.145,28.0,
07/17/26 22:05:00,36.723,15.0,
07/17/26 22:10:00,36.914,9.0,
07/17/26 22:15:00,36.914,6.0,
07/17/26 22:20:00,36.914,3.0,
07/17/26 22:25:00,36.338,2.0,
07/17/26 22:30:00,36.338,1.0,
07/17/26 22:35:00,36.531,0.0,
07/17/26 22:40:00,36.145,0.0,
07/17/26 22:45:00,36.338,0.0,
07/17/26 22:50:00,36.723,0.0,
07/17/26 22:55:00,36.723,0.0,
07/17/26 23:00:00,36.338,0.0,
07/17/26 23:05:00,36.145,0.0,
07/17/26 23:10:00,36.145,0.0,
07/17/26 23:15:00,36.531,0.0,
07/17/26 23:20:00,36.531,0.0,
07/17/26 23:25:00,36.338,0.0,
07/17/26 23:30:00,35.951,0.0,
07/17/26 23:35:00,35.951,0.0,
07/17/26 23:40:00,36.145,0.0,
07/17/26 23:45:00,36.531,0.0,
07/17/26 23:50:00,36.531,0.0,
07/17/26 23:55:00,36.338,0.0,
07/18/26 00:00:00,36.145,0.0,
07/18/26 00:05:00,36.145,0.0,
07/18/26 00:10:00,36.145,0.0,
07/18/26 00:15:00,35.951,0.0,
07/18/26 00:20:00,35.951,0.0,
07/18/26 00:25:00,35.951,0.0,
07/18/26 00:30:00,35.758,0.0,
07/18/26 00:35:00,36.145,0.0,
07/18/26 00:40:00,36.145,0.0,
07/18/26 00:45:00,36.145,0.0,
07/18/26 00:50:00,35.951,0.0,
07/18/26 00:55:00,36.145,0.0,
07/18/26 01:00:00,35.951,0.0,
07/18/26 01:05:00,35.951,0.0,
07/18/26 01:10:00,35.564,0.0,
07/18/26 01:15:00,35.370,0.0,
07/18/26 01:20:00,35.175,0.0,
07/18/26 01:25:00,35.370,0.0,
07/18/26 01:30:00,35.564,0.0,
07/18/26 01:35:00,35.564,0.0,
07/18/26 01:40:00,35.564,0.0,
07/18/26 01:45:00,35.564,0.0,
07/18/26 01:50:00,35.370,0.0,
07/18/26 01:55:00,35.370,0.0,
07/18/26 02:00:00,35.370,0.0,
07/18/26 02:05:00,35.370,0.0,
07/18/26 02:10:00,35.564,0.0,
07/18/26 02:15:00,35.370,0.0,
07/18/26 02:20:00,35.564,0.0,
07/18/26 02:25:00,35.370,0.0,
07/18/26 02:30:00,35.564,0.0,
07/18/26 02:35:00,35.758,0.0,
07/18/26 02:40:00,35.564,0.0,
07/18/26 02:45:00,35.564,0.0,
07/18/26 02:50:00,35.370,0.0,
07/18/26 02:55:00,35.175,0.0,
07/18/26 03:00:00,34.981,0.0,
07/18/26 03:05:00,34.981,0.0,
07/18/26 03:10:00,34.786,0.0,
07/18/26 03:15:00,34.786,0.0,
07/18/26 03:20:00,34.590,0.0,
07/18/26 03:25:00,34.590,0.0,
07/18/26 03:30:00,34.590,1.0,
07/18/26 03:35:00,34.786,3.0,
07/18/26 03:40:00,34.981,4.0,
07/18/26 03:45:00,34.786,6.0,
07/18/26 03:50:00,34.786,8.0,
07/18/26 03:55:00,34.786,13.0,
07/18/26 04:00:00,34.786,22.0,
07/18/26 04:05:00,34.786,28.0,
07/18/26 04:10:00,34.786,39.0,
07/18/26 04:15:00,34.786,42.0,
07/18/26 04:20:00,34.981,57.0,
07/18/26 04:25:00,34.786,74.0,
07/18/26 04:30:00,34.590,96.0,
07/18/26 04:35:00,34.981,126.0,
07/18/26 04:40:00,35.758,216.0,
07/18/26 04:45:00,35.951,272.0,
07/18/26 04:50:00,35.951,288.0,
07/18/26 04:55:00,35.758,304.0,
07/18/26 05:00:00,35.951,320.0,
07/18/26 05:05:00,36.145,400.0,
07/18/26 05:10:00,40.509,992.0,
07/18/26 05:15:00,37.870,464.0,
07/18/26 05:20:00,37.107,432.0,
07/18/26 05:25:00,36.531,432.0,
07/18/26 05:30:00,36.338,496.0,
07/18/26 05:35:00,36.723,576.0,
07/18/26 05:40:00,36.723,672.0,
07/18/26 05:45:00,36.914,768.0,
07/18/26 05:50:00,37.107,800.0,
07/18/26 05:55:00,37.107,864.0,
07/18/26 06:00:00,37.297,800.0,
07/18/26 06:05:00,37.488,864.0,
07/18/26 06:10:00,37.488,704.0,
07/18/26 06:15:00,37.870,800.0,
07/18/26 06:20:00,40.134,1536.0,
07/18/26 06:25:00,43.099,2048.0,
07/18/26 06:30:00,38.629,896.0,
07/18/26 06:35:00,38.250,896.0,
07/18/26 06:40:00,44.013,1600.0,
07/18/26 06:45:00,39.384,896.0,
07/18/26 06:50:00,39.384,1664.0,
07/18/26 06:55:00,40.696,1728.0,
07/18/26 07:00:00,39.947,1216.0,
07/18/26 07:05:00,41.994,2688.0,
07/18/26 07:10:00,42.363,3456.0,
07/18/26 07:15:00,49.759,4608.0,
07/18/26 07:20:00,56.230,4864.0,
07/18/26 07:25:00,57.096,4864.0,
07/18/26 07:30:00,56.750,5376.0,
07/18/26 07:35:00,55.884,5376.0,
07/18/26 07:40:00,56.404,6656.0,
07/18/26 07:45:00,53.449,6144.0,
07/18/26 07:50:00,48.871,5632.0,
07/18/26 07:55:00,48.339,4864.0,
07/18/26 08:00:00,57.096,6400.0,
07/18/26 08:05:00,57.614,7168.0,
07/18/26 08:10:00,59.164,7424.0,
07/18/26 08:15:00,59.164,7424.0,
07/18/26 08:20:00,59.508,7680.0,
07/18/26 08:25:00,58.993,8192.0,
07/18/26 08:30:00,58.476,7936.0,
07/18/26 08:35:00,58.476,8704.0,
07/18/26 08:40:00,58.647,8704.0,
07/18/26 08:45:00,57.958,9728.0,
07/18/26 08:50:00,59.851,9728.0,
07/18/26 08:55:00,59.680,10240.0,
07/18/26 09:00:00,59.680,11264.0,
07/18/26 09:05:00,60.539,10752.0,
07/18/26 09:10:00,60.712,11264.0,
07/18/26 09:15:00,62.598,11776.0,
07/18/26 09:20:00,62.254,11776.0,
07/18/26 09:25:00,66.193,12288.0,
07/18/26 09:30:00,67.906,12288.0,
07/18/26 09:35:00,65.167,13312.0,
07/18/26 09:40:00,61.741,13312.0,
07/18/26 09:45:00,59.508,13312.0,
07/18/26 09:50:00,58.476,14336.0,
07/18/26 09:55:00,58.303,14336.0,
07/18/26 10:00:00,58.647,14336.0,
07/18/26 10:05:00,58.820,14336.0,
07/18/26 10:10:00,59.164,14848.0,
07/18/26 10:15:00,58.820,14848.0,
07/18/26 10:20:00,58.647,15360.0,
07/18/26 10:25:00,58.993,15360.0,
07/18/26 10:30:00,58.476,15872.0,
07/18/26 10:35:00,58.476,15872.0,
07/18/26 10:40:00,59.164,15872.0,
07/18/26 10:45:00,59.164,15872.0,
07/18/26 10:50:00,58.476,15872.0,
07/18/26 10:55:00,57.958,15872.0,
07/18/26 11:00:00,57.785,16384.0,
07/18/26 11:05:00,57.441,16384.0,
07/18/26 11:10:00,57.785,16384.0,
07/18/26 11:15:00,57.096,16384.0,
07/18/26 11:20:00,57.441,16384.0,
07/18/26 11:25:00,57.958,16384.0,
07/18/26 11:30:00,57.785,16384.0,
07/18/26 11:35:00,58.476,16384.0,
07/18/26 11:40:00,57.614,16384.0,
07/18/26 11:45:00,57.958,16384.0,
07/18/26 11:50:00,57.441,16384.0,
07/18/26 11:55:00,57.441,16384.0,
07/18/26 12:00:00,57.614,16384.0,
07/18/26 12:05:00,56.404,16384.0,
07/18/26 12:10:00,55.884,16384.0,
07/18/26 12:15:00,55.884,16384.0,
07/18/26 12:20:00,56.057,15872.0,
07/18/26 12:25:00,56.577,15360.0,
07/18/26 12:30:00,56.750,14848.0,
07/18/26 12:35:00,56.404,13312.0,
07/18/26 12:40:00,56.404,13312.0,
07/18/26 12:45:00,57.958,13312.0,
07/18/26 12:50:00,57.096,10240.0,
07/18/26 12:55:00,56.230,9216.0,
07/18/26 13:00:00,56.404,7936.0,
07/18/26 13:05:00,56.404,7936.0,
07/18/26 13:10:00,56.577,5632.0,
07/18/26 13:15:00,56.057,4608.0,
07/18/26 13:20:00,56.404,4608.0,
07/18/26 13:25:00,55.884,4096.0,
07/18/26 13:30:00,55.364,4096.0,
07/18/26 13:35:00,55.189,3968.0,
07/18/26 13:40:00,55.537,4096.0,
07/18/26 13:45:00,56.230,3840.0,
07/18/26 13:50:00,56.404,3840.0,
07/18/26 13:55:00,56.577,3840.0,
07/18/26 14:00:00,56.577,3968.0,
07/18/26 14:05:00,56.230,4608.0,
07/18/26 14:10:00,56.230,4608.0,
07/18/26 14:15:00,56.057,5888.0,
07/18/26 14:20:00,56.750,6656.0,
07/18/26 14:25:00,56.750,7936.0,
07/18/26 14:30:00,56.404,8704.0,
07/18/26 14:35:00,56.230,9728.0,
07/18/26 14:40:00,56.057,10240.0,
07/18/26 14:45:00,56.057,11264.0,
07/18/26 14:50:00,56.404,12288.0,
07/18/26 14:55:00,55.884,12800.0,
07/18/26 15:00:00,55.711,13312.0,
07/18/26 15:05:00,55.711,13824.0,
07/18/26 15:10:00,55.884,13824.0,
07/18/26 15:15:00,55.017,13824.0,
07/18/26 15:20:00,54.842,13824.0,
07/18/26 15:25:00,54.495,13824.0,
07/18/26 15:30:00,54.495,13312.0,
07/18/26 15:35:00,54.669,13312.0,
07/18/26 15:40:00,54.147,13312.0,
07/18/26 15:45:00,54.147,12800.0,
07/18/26 15:50:00,54.147,13312.0,
07/18/26 15:55:00,53.973,12288.0,
07/18/26 16:00:00,53.798,12288.0,
07/18/26 16:05:00,53.623,12288.0,
07/18/26 16:10:00,53.973,11776.0,
07/18/26 16:15:00,53.973,11776.0,
07/18/26 16:20:00,53.973,10752.0,
07/18/26 16:25:00,54.669,11264.0,
07/18/26 16:30:00,54.322,11264.0,
07/18/26 16:35:00,53.798,10752.0,
07/18/26 16:40:00,53.973,10240.0,
07/18/26 16:45:00,53.449,9728.0,
07/18/26 16:50:00,53.274,10240.0,
07/18/26 16:55:00,53.449,9728.0,
07/18/26 17:00:00,53.100,9216.0,
07/18/26 17:05:00,52.401,9216.0,
07/18/26 17:10:00,53.100,8704.0,
07/18/26 17:15:00,52.401,8192.0,
07/18/26 17:20:00,52.225,8192.0,
07/18/26 17:25:00,52.750,8192.0,
07/18/26 17:30:00,53.623,7936.0,
07/18/26 17:35:00,52.576,7168.0,
07/18/26 17:40:00,54.322,7424.0,
07/18/26 17:45:00,54.322,7424.0,
07/18/26 17:50:00,55.189,6912.0,
07/18/26 17:55:00,59.680,6912.0,
07/18/26 18:00:00,62.083,6912.0,
07/18/26 18:05:00,60.368,6400.0,
07/18/26 18:10:00,56.230,6400.0,
07/18/26 18:15:00,55.884,6144.0,
07/18/26 18:20:00,56.057,5888.0,
07/18/26 18:25:00,54.842,5632.0,
07/18/26 18:30:00,53.973,5632.0,
07/18/26 18:35:00,52.050,5376.0,
07/18/26 18:40:00,50.643,5120.0,
07/18/26 18:45:00,49.759,5120.0,
07/18/26 18:50:00,49.228,4608.0,
07/18/26 18:55:00,48.517,4608.0,
07/18/26 19:00:00,48.517,4352.0,
07/18/26 19:05:00,47.802,4352.0,
07/18/26 19:10:00,47.624,4352.0,
07/18/26 19:15:00,47.266,4096.0,
07/18/26 19:20:00,46.908,3968.0,
07/18/26 19:25:00,46.728,3840.0,
07/18/26 19:30:00,47.802,3584.0,
07/18/26 19:35:00,47.624,3328.0,
07/18/26 19:40:00,49.050,3200.0,
07/18/26 19:45:00,49.582,2944.0,
07/18/26 19:50:00,49.228,2816.0,
07/18/26 19:55:00,48.339,2688.0,
07/18/26 20:00:00,48.339,2560.0,
07/18/26 20:05:00,46.188,2304.0,
07/18/26 20:10:00,45.466,2304.0,
07/18/26 20:15:00,45.466,2048.0,
07/18/26 20:20:00,44.560,1984.0,
07/18/26 20:25:00,41.625,288.0,
07/18/26 20:30:00,38.440,256.0,
07/18/26 20:35:00,38.250,256.0,
07/18/26 20:40:00,38.250,240.0,
07/18/26 20:45:00,38.440,232.0,
07/18/26 20:50:00,38.629,224.0,
07/18/26 20:55:00,38.061,216.0,
07/18/26 21:00:00,38.061,200.0,
07/18/26 21:05:00,38.250,192.0,
07/18/26 21:10:00,36.914,176.0,
07/18/26 21:15:00,36.914,160.0,
07/18/26 21:20:00,37.679,144.0,
07/18/26 21:25:00,37.870,136.0,
07/18/26 21:30:00,37.679,121.0,
07/18/26 21:35:00,38.250,106.0,
07/18/26 21:40:00,37.679,92.0,
07/18/26 21:45:00,37.679,77.0,
07/18/26 21:50:00,37.488,59.0,
07/18/26 21:55:00,37.488,43.0,
07/18/26 22:00:00,37.297,32.0,
07/18/26 22:05:00,36.531,22.0,
07/18/26 22:10:00,35.758,15.0,
07/18/26 22:15:00,36.914,10.0,
07/18/26 22:20:00,36.914,6.0,
07/18/26 22:25:00,36.914,3.0,
07/18/26 22:30:00,36.914,2.0,
07/18/26 22:35:00,36.723,1.0,
07/18/26 22:40:00,36.914,0.0,
07/18/26 22:45:00,36.531,0.0,
07/18/26 22:50:00,36.914,0.0,
07/18/26 22:55:00,36.338,0.0,
07/18/26 23:00:00,36.531,0.0,
07/18/26 23:05:00,36.914,0.0,
07/18/26 23:10:00,36.723,0.0,
07/18/26 23:15:00,35.758,0.0,
07/18/26 23:20:00,35.370,0.0,
07/18/26 23:25:00,36.338,0.0,
07/18/26 23:30:00,36.914,0.0,
07/18/26 23:35:00,36.338,0.0,
07/18/26 23:40:00,36.145,0.0,
07/18/26 23:45:00,36.338,0.0,
07/18/26 23:50:00,35.564,0.0,
07/18/26 23:55:00,36.145,0.0,
07/19/26 00:00:00,37.870,0.0,
07/19/26 00:05:00,37.870,0.0,
07/19/26 00:10:00,37.870,0.0,
07/19/26 00:15:00,37.488,0.0,
07/19/26 00:20:00,37.488,0.0,
07/19/26 00:25:00,37.870,0.0,
07/19/26 00:30:00,37.488,0.0,
07/19/26 00:35:00,37.107,0.0,
07/19/26 00:40:00,35.951,0.0,
07/19/26 00:45:00,36.338,0.0,
07/19/26 00:50:00,36.531,0.0,
07/19/26 00:55:00,36.531,0.0,
07/19/26 01:00:00,37.679,0.0,
07/19/26 01:05:00,37.107,0.0,
07/19/26 01:10:00,36.338,0.0,
07/19/26 01:15:00,38.250,0.0,
07/19/26 01:20:00,36.723,0.0,
07/19/26 01:25:00,34.786,0.0,
07/19/26 01:30:00,37.107,0.0,
07/19/26 01:35:00,37.107,0.0,
07/19/26 01:40:00,36.531,0.0,
07/19/26 01:45:00,37.488,0.0,
07/19/26 01:50:00,38.250,0.0,
07/19/26 01:55:00,37.679,0.0,
07/19/26 02:00:00,37.870,0.0,
07/19/26 02:05:00,36.723,0.0,
07/19/26 02:10:00,37.297,0.0,
07/19/26 02:15:00,37.870,0.0,
07/19/26 02:20:00,38.440,0.0,
07/19/26 02:25:00,38.250,0.0,
07/19/26 02:30:00,37.488,0.0,
07/19/26 02:35:00,39.196,0.0,
07/19/26 02:40:00,39.573,0.0,
07/19/26 02:45:00,37.870,0.0,
07/19/26 02:50:00,37.488,0.0,
07/19/26 02:55:00,38.440,0.0,
07/19/26 03:00:00,38.250,0.0,
07/19/26 03:05:00,40.134,0.0,
07/19/26 03:10:00,37.297,0.0,
07/19/26 03:15:00,37.107,0.0,
07/19/26 03:20:00,37.679,0.0,
07/19/26 03:25:00,38.440,1.0,
07/19/26 03:30:00,39.384,2.0,
07/19/26 03:35:00,41.067,5.0,
07/19/26 03:40:00,40.881,8.0,
07/19/26 03:45:00,39.573,12.0,
07/19/26 03:50:00,39.384,18.0,
07/19/26 03:55:00,39.760,24.0,
07/19/26 04:00:00,39.196,33.0,
07/19/26 04:05:00,39.196,44.0,
07/19/26 04:10:00,39.760,55.0,
07/19/26 04:15:00,40.134,67.0,
07/19/26 04:20:00,38.250,80.0,
07/19/26 04:25:00,38.440,95.0,
07/19/26 04:30:00,38.061,112.0,
07/19/26 04:35:00,38.629,128.0,
07/19/26 04:40:00,38.061,144.0,
07/19/26 04:45:00,39.007,160.0,
07/19/26 04:50:00,39.007,176.0,
07/19/26 04:55:00,36.145,184.0,
07/19/26 05:00:00,37.107,200.0,
07/19/26 05:05:00,40.321,464.0,
07/19/26 05:10:00,49.759,864.0,
07/19/26 05:15:00,52.050,960.0,
07/19/26 05:20:00,53.798,1088.0,
07/19/26 05:25:00,54.322,1152.0,
07/19/26 05:30:00,54.842,1280.0,
07/19/26 05:35:00,56.750,1344.0,
07/19/26 05:40:00,58.303,1472.0,
07/19/26 05:45:00,58.131,1536.0,
07/19/26 05:50:00,58.131,1600.0,
07/19/26 05:55:00,60.368,1728.0,
07/19/26 06:00:00,59.508,1856.0,
07/19/26 06:05:00,61.054,1920.0,
07/19/26 06:10:00,61.398,2048.0,
07/19/26 06:15:00,59.851,2176.0,
07/19/26 06:20:00,63.282,2304.0,
07/19/26 06:25:00,61.227,2432.0,
07/19/26 06:30:00,62.083,2560.0,
07/19/26 06:35:00,61.054,2688.0,
07/19/26 06:40:00,62.254,2816.0,
07/19/26 06:45:00,62.769,2944.0,
07/19/26 06:50:00,62.598,3072.0,
07/19/26 06:55:00,62.425,3200.0,
07/19/26 07:00:00,64.996,3456.0,
07/19/26 07:05:00,65.167,3584.0,
07/19/26 07:10:00,64.652,3712.0,
07/19/26 07:15:00,65.167,3968.0,
07/19/26 07:20:00,65.851,4096.0,
07/19/26 07:25:00,67.564,4096.0,
07/19/26 07:30:00,68.763,4352.0,
07/19/26 07:35:00,70.480,4608.0,
07/19/26 07:40:00,70.480,4608.0,
07/19/26 07:45:00,70.308,4864.0,
07/19/26 07:50:00,69.793,5120.0,
07/19/26 07:55:00,70.480,5376.0,
07/19/26 08:00:00,69.793,5632.0,
07/19/26 08:05:00,72.372,5888.0,
07/19/26 08:10:00,75.139,6144.0,
07/19/26 08:15:00,77.400,6656.0,
07/19/26 08:20:00,79.502,6912.0,
07/19/26 08:25:00,81.621,7168.0,
07/19/26 08:30:00,82.330,7680.0,
07/19/26 08:35:00,84.474,8192.0,
07/19/26 08:40:00,85.374,8192.0,
07/19/26 08:45:00,81.797,8704.0,
07/19/26 08:50:00,80.911,9216.0,
07/19/26 08:55:00,86.277,9728.0,
07/19/26 09:00:00,87.915,10240.0,
07/19/26 09:05:00,91.425,10752.0,
07/19/26 09:10:00,94.444,10752.0,
07/19/26 09:15:00,95.016,11264.0,
07/19/26 09:20:00,92.926,11776.0,
07/19/26 09:25:00,89.938,12288.0,
07/19/26 09:30:00,86.277,12288.0,
07/19/26 09:35:00,84.115,12288.0,
07/19/26 09:40:00,81.442,12800.0,
07/19/26 09:45:00,82.686,13312.0,
07/19/26 09:50:00,84.654,13312.0,
07/19/26 09:55:00,84.295,13824.0,
07/19/26 10:00:00,82.508,13824.0,
07/19/26 10:05:00,79.853,14336.0,
07/19/26 10:10:00,78.975,14336.0,
07/19/26 10:15:00,78.274,14336.0,
07/19/26 10:20:00,77.050,14848.0,
07/19/26 10:25:00,77.574,14848.0,
07/19/26 10:30:00,75.484,14848.0,
07/19/26 10:35:00,75.139,15360.0,
07/19/26 10:40:00,70.995,15360.0,
07/19/26 10:45:00,69.449,15360.0,
07/19/26 10:50:00,69.793,15360.0,
07/19/26 10:55:00,69.278,15872.0,
07/19/26 11:00:00,68.077,15872.0,
07/19/26 11:05:00,67.221,15872.0,
07/19/26 11:10:00,66.537,15872.0,
07/19/26 11:15:00,65.509,15872.0,
07/19/26 11:20:00,66.022,16384.0,
07/19/26 11:25:00,67.221,16384.0,
07/19/26 11:30:00,67.906,16384.0,
07/19/26 11:35:00,68.763,16384.0,
07/19/26 11:40:00,68.421,16384.0,
07/19/26 11:45:00,67.906,16384.0,
07/19/26 11:50:00,69.622,16384.0,
07/19/26 11:55:00,71.168,16384.0,
07/19/26 12:00:00,73.062,16384.0,
07/19/26 12:05:00,70.137,16384.0,
07/19/26 12:10:00,72.199,16384.0,
07/19/26 12:15:00,74.619,16384.0,
07/19/26 12:20:00,75.659,15872.0,
07/19/26 12:25:00,73.753,15360.0,
07/19/26 12:30:00,70.480,14848.0,
07/19/26 12:35:00,69.964,14336.0,
07/19/26 12:40:00,66.537,13312.0,
07/19/26 12:45:00,66.193,12288.0,
07/19/26 12:50:00,65.680,11264.0,
07/19/26 12:55:00,65.509,9728.0,
07/19/26 13:00:00,64.481,8704.0,
07/19/26 13:05:00,63.626,7680.0,
07/19/26 13:10:00,63.968,6400.0,
07/19/26 13:15:00,64.481,5632.0,
07/19/26 13:20:00,65.167,4864.0,
07/19/26 13:25:00,65.167,4352.0,
07/19/26 13:30:00,65.167,4096.0,
07/19/26 13:35:00,64.310,4096.0,
07/19/26 13:40:00,63.797,3968.0,
07/19/26 13:45:00,63.111,3840.0,
07/19/26 13:50:00,62.769,3840.0,
07/19/26 13:55:00,62.598,3840.0,
07/19/26 14:00:00,61.227,3840.0,
07/19/26 14:05:00,60.368,3968.0,
07/19/26 14:10:00,60.883,4352.0,
07/19/26 14:15:00,61.054,4864.0,
07/19/26 14:20:00,60.712,5888.0,
07/19/26 14:25:00,60.712,7168.0,
07/19/26 14:30:00,60.539,8192.0,
07/19/26 14:35:00,60.368,9216.0,
07/19/26 14:40:00,60.539,10240.0,
07/19/26 14:45:00,58.820,10752.0,
07/19/26 14:50:00,58.647,11776.0,
07/19/26 14:55:00,60.368,12800.0,
07/19/26 15:00:00,61.398,13312.0,
07/19/26 15:05:00,60.195,13824.0,
07/19/26 15:10:00,59.164,13824.0,
07/19/26 15:15:00,59.508,14336.0,
07/19/26 15:20:00,59.851,14336.0,
07/19/26 15:25:00,60.368,14336.0,
07/19/26 15:30:00,61.569,13824.0,
07/19/26 15:35:00,64.481,13824.0,
07/19/26 15:40:00,70.824,13824.0,
07/19/26 15:45:00,79.853,13824.0,
07/19/26 15:50:00,78.624,13312.0,
07/19/26 15:55:00,76.181,13312.0,
07/19/26 16:00:00,72.199,12800.0,
07/19/26 16:05:00,69.793,12800.0,
07/19/26 16:10:00,68.421,12288.0,
07/19/26 16:15:00,64.481,12288.0,
07/19/26 16:20:00,64.139,11776.0,
07/19/26 16:25:00,64.481,11776.0,
07/19/26 16:30:00,67.050,11264.0,
07/19/26 16:35:00,67.050,11264.0,
07/19/26 16:40:00,68.248,10752.0,
07/19/26 16:45:00,64.481,10752.0,
07/19/26 16:50:00,61.741,10240.0,
07/19/26 16:55:00,61.227,9728.0,
07/19/26 17:00:00,61.054,9728.0,
07/19/26 17:05:00,64.310,9216.0,
07/19/26 17:10:00,64.310,9216.0,
07/19/26 17:15:00,62.598,8704.0,
07/19/26 17:20:00,61.741,8704.0,
07/19/26 17:25:00,62.425,8192.0,
07/19/26 17:30:00,61.741,7936.0,
07/19/26 17:35:00,61.741,7936.0,
07/19/26 17:40:00,60.539,7680.0,
07/19/26 17:45:00,59.164,7424.0,
07/19/26 17:50:00,59.164,7168.0,
07/19/26 17:55:00,58.820,6912.0,
07/19/26 18:00:00,58.131,6656.0,
07/19/26 18:05:00,56.923,6400.0,
07/19/26 18:10:00,56.404,6400.0,
07/19/26 18:15:00,57.785,6144.0,
07/19/26 18:20:00,58.820,5888.0,
07/19/26 18:25:00,57.785,5632.0,
07/19/26 18:30:00,56.923,5632.0,
07/19/26 18:35:00,56.577,5376.0,
07/19/26 18:40:00,57.096,5376.0,
07/19/26 18:45:00,58.131,5120.0,
07/19/26 18:50:00,58.820,4864.0,
07/19/26 18:55:00,58.647,4864.0,
07/19/26 19:00:00,58.303,4608.0,
07/19/26 19:05:00,57.441,4608.0,
07/19/26 19:10:00,58.476,4352.0,
07/19/26 19:15:00,56.057,4096.0,
07/19/26 19:20:00,54.147,3968.0,
07/19/26 19:25:00,53.973,3840.0,
07/19/26 19:30:00,55.364,3584.0,
07/19/26 19:35:00,54.669,3456.0,
07/19/26 19:40:00,53.100,3200.0,
07/19/26 19:45:00,52.225,3072.0,
07/19/26 19:50:00,54.495,2816.0,
07/19/26 19:55:00,54.669,2688.0,
07/19/26 20:00:00,53.100,2560.0,
07/19/26 20:05:00,52.576,2432.0,
07/19/26 20:10:00,50.995,2304.0,
07/19/26 20:15:00,50.113,2176.0,
07/19/26 20:20:00,50.995,2048.0,
07/19/26 20:25:00,47.446,256.0,
07/19/26 20:30:00,43.466,240.0,
07/19/26 20:35:00,42.363,232.0,
07/19/26 20:40:00,42.548,224.0,
07/19/26 20:45:00,43.099,216.0,
07/19/26 20:50:00,42.732,200.0,
07/19/26 20:55:00,43.466,192.0,
07/19/26 21:00:00,42.179,184.0,
07/19/26 21:05:00,42.179,168.0,
07/19/26 21:10:00,41.625,160.0,
07/19/26 21:15:00,40.321,144.0,
07/19/26 21:20:00,40.321,136.0,
07/19/26 21:25:00,41.625,124.0,
07/19/26 21:30:00,40.509,111.0,
07/19/26 21:35:00,38.818,98.0,
07/19/26 21:40:00,38.440,86.0,
07/19/26 21:45:00,38.440,73.0,
07/19/26 21:50:00,38.061,61.0,
07/19/26 21:55:00,37.488,49.0,
07/19/26 22:00:00,36.914,38.0,
07/19/26 22:05:00,37.870,29.0,
07/19/26 22:10:00,39.196,20.0,
07/19/26 22:15:00,38.629,13.0,
07/19/26 22:20:00,39.384,9.0,
07/19/26 22:25:00,39.947,5.0,
07/19/26 22:30:00,38.629,2.0,
07/19/26 22:35:00,37.870,1.0,
07/19/26 22:40:00,38.061,0.0,
07/19/26 22:45:00,37.297,0.0,
07/19/26 22:50:00,37.297,0.0,
07/19/26 22:55:00,36.914,0.0,
07/19/26 23:00:00,36.914,0.0,
07/19/26 23:05:00,36.338,0.0,
07/19/26 23:10:00,35.564,0.0,
07/19/26 23:15:00,35.951,0.0,
07/19/26 23:20:00,35.951,0.0,
07/19/26 23:25:00,35.758,0.0,
07/19/26 23:30:00,35.758,0.0,
07/19/26 23:35:00,35.758,0.0,
07/19/26 23:40:00,35.758,0.0,
07/19/26 23:45:00,35.175,0.0,
07/19/26 23:50:00,35.564,0.0,
07/19/26 23:55:00,36.338,0.0,
07/20/26 00:00:00,37.870,0.0,
07/20/26 00:05:00,38.250,0.0,
07/20/26 00:10:00,37.870,0.0,
07/20/26 00:15:00,39.196,0.0,
07/20/26 00:20:00,39.760,0.0,
07/20/26 00:25:00,39.384,0.0,
07/20/26 00:30:00,39.760,0.0,
07/20/26 00:35:00,40.696,0.0,
07/20/26 00:40:00,40.321,0.0,
07/20/26 00:45:00,41.067,0.0,
07/20/26 00:50:00,39.007,0.0,
07/20/26 00:55:00,38.250,0.0,
07/20/26 01:00:00,37.488,0.0,
07/20/26 01:05:00,35.951,0.0,
07/20/26 01:10:00,34.981,0.0,
07/20/26 01:15:00,35.758,0.0,
07/20/26 01:20:00,34.981,0.0,
07/20/26 01:25:00,35.951,0.0,
07/20/26 01:30:00,35.370,0.0,
07/20/26 01:35:00,34.786,0.0,
07/20/26 01:40:00,34.981,0.0,
07/20/26 01:45:00,35.175,0.0,
07/20/26 01:50:00,35.951,0.0,
07/20/26 01:55:00,38.061,0.0,
07/20/26 02:00:00,39.196,0.0,
07/20/26 02:05:00,40.696,0.0,
07/20/26 02:10:00,40.696,0.0,
07/20/26 02:15:00,38.250,0.0,
07/20/26 02:20:00,37.297,0.0,
07/20/26 02:25:00,38.818,0.0,
07/20/26 02:30:00,38.061,0.0,
07/20/26 02:35:00,36.531,0.0,
07/20/26 02:40:00,34.590,0.0,
07/20/26 02:45:00,33.607,0.0,
07/20/26 02:50:00,34.002,0.0,
07/20/26 02:55:00,35.564,0.0,
07/20/26 03:00:00,35.175,0.0,
07/20/26 03:05:00,36.723,0.0,
07/20/26 03:10:00,36.531,0.0,
07/20/26 03:15:00,38.440,0.0,
07/20/26 03:20:00,37.679,0.0,
07/20/26 03:25:00,39.007,1.0,
07/20/26 03:30:00,40.881,2.0,
07/20/26 03:35:00,41.254,4.0,
07/20/26 03:40:00,39.384,7.0,
07/20/26 03:45:00,38.629,10.0,
07/20/26 03:50:00,37.297,15.0,
07/20/26 03:55:00,37.679,21.0,
07/20/26 04:00:00,35.758,28.0,
07/20/26 04:05:00,34.590,37.0,
07/20/26 04:10:00,34.198,47.0,
07/20/26 04:15:00,34.394,59.0,
07/20/26 04:20:00,34.981,72.0,
07/20/26 04:25:00,37.107,84.0,
07/20/26 04:30:00,36.338,97.0,
07/20/26 04:35:00,37.107,111.0,
07/20/26 04:40:00,39.196,126.0,
07/20/26 04:45:00,37.679,136.0,
07/20/26 04:50:00,37.870,152.0,
07/20/26 04:55:00,36.914,168.0,
07/20/26 05:00:00,38.250,176.0,
07/20/26 05:05:00,38.818,240.0,
07/20/26 05:10:00,44.742,896.0,
07/20/26 05:15:00,47.266,960.0,
07/20/26 05:20:00,49.582,1024.0,
07/20/26 05:25:00,52.925,1152.0,
07/20/26 05:30:00,54.147,1280.0,
07/20/26 05:35:00,57.441,1344.0,
07/20/26 05:40:00,58.476,1536.0,
07/20/26 05:45:00,59.337,1600.0,
07/20/26 05:50:00,60.195,1664.0,
07/20/26 05:55:00,58.993,1728.0,
07/20/26 06:00:00,57.268,1920.0,
07/20/26 06:05:00,57.785,1920.0,
07/20/26 06:10:00,57.958,2048.0,
07/20/26 06:15:00,58.820,2048.0,
07/20/26 06:20:00,59.680,2176.0,
07/20/26 06:25:00,59.337,2304.0,
07/20/26 06:30:00,59.851,2432.0,
07/20/26 06:35:00,61.227,2560.0,
07/20/26 06:40:00,60.883,2688.0,
07/20/26 06:45:00,59.851,2816.0,
07/20/26 06:50:00,61.227,3072.0,
07/20/26 06:55:00,61.569,3072.0,
07/20/26 07:00:00,62.254,3328.0,
07/20/26 07:05:00,62.940,3456.0,
07/20/26 07:10:00,63.626,3584.0,
07/20/26 07:15:00,63.455,3840.0,
07/20/26 07:20:00,63.455,3968.0,
07/20/26 07:25:00,63.282,4096.0,
07/20/26 07:30:00,62.598,4096.0,
07/20/26 07:35:00,62.940,4608.0,
07/20/26 07:40:00,64.481,4608.0,
07/20/26 07:45:00,64.825,4864.0,
07/20/26 07:50:00,63.626,5120.0,
07/20/26 07:55:00,64.139,5120.0,
07/20/26 08:00:00,64.481,5376.0,
07/20/26 08:05:00,64.825,5632.0,
07/20/26 08:10:00,64.996,6144.0,
07/20/26 08:15:00,64.139,6400.0,
07/20/26 08:20:00,64.996,6912.0,
07/20/26 08:25:00,63.968,7424.0,
07/20/26 08:30:00,64.652,7680.0,
07/20/26 08:35:00,65.680,8192.0,
07/20/26 08:40:00,66.366,8192.0,
07/20/26 08:45:00,66.879,9216.0,
07/20/26 08:50:00,65.851,9216.0,
07/20/26 08:55:00,64.996,9728.0,
07/20/26 09:00:00,64.996,9728.0,
07/20/26 09:05:00,66.537,10240.0,
07/20/26 09:10:00,65.680,10752.0,
07/20/26 09:15:00,66.193,11264.0,
07/20/26 09:20:00,67.906,11264.0,
07/20/26 09:25:00,68.077,11776.0,
07/20/26 09:30:00,66.193,12288.0,
07/20/26 09:35:00,65.509,12288.0,
07/20/26 09:40:00,65.509,12800.0,
07/20/26 09:45:00,65.338,12800.0,
07/20/26 09:50:00,66.708,13312.0,
07/20/26 09:55:00,67.906,13312.0,
07/20/26 10:00:00,67.906,13824.0,
07/20/26 10:05:00,69.107,13824.0,
07/20/26 10:10:00,67.392,14336.0,
07/20/26 10:15:00,67.392,14336.0,
07/20/26 10:20:00,66.022,14336.0,
07/20/26 10:25:00,64.825,14848.0,
07/20/26 10:30:00,64.825,14848.0,
07/20/26 10:35:00,64.481,14848.0,
07/20/26 10:40:00,64.310,15360.0,
07/20/26 10:45:00,64.481,15360.0,
07/20/26 10:50:00,65.167,15360.0,
07/20/26 10:55:00,64.481,15360.0,
07/20/26 11:00:00,63.626,15872.0,
07/20/26 11:05:00,63.626,15872.0,
07/20/26 11:10:00,66.366,15872.0,
07/20/26 11:15:00,67.564,15872.0,
07/20/26 11:20:00,67.392,15872.0,
07/20/26 11:25:00,69.278,16384.0,
07/20/26 11:30:00,68.077,16384.0,
07/20/26 11:35:00,67.392,16384.0,
07/20/26 11:40:00,66.366,16384.0,
07/20/26 11:45:00,66.366,16384.0,
07/20/26 11:50:00,65.851,16384.0,
07/20/26 11:55:00,65.851,16384.0,
07/20/26 12:00:00,65.338,16384.0,
07/20/26 12:05:00,64.652,16384.0,
07/20/26 12:10:00,64.996,16384.0,
07/20/26 12:15:00,66.022,15872.0,
07/20/26 12:20:00,66.193,15872.0,
07/20/26 12:25:00,66.193,15360.0,
07/20/26 12:30:00,65.680,14336.0,
07/20/26 12:35:00,65.509,13824.0,
07/20/26 12:40:00,64.652,12800.0,
07/20/26 12:45:00,65.338,11776.0,
07/20/26 12:50:00,64.996,10752.0,
07/20/26 12:55:00,64.310,9216.0,
07/20/26 13:00:00,64.996,8192.0,
07/20/26 13:05:00,63.455,6912.0,
07/20/26 13:10:00,63.968,5632.0,
07/20/26 13:15:00,63.626,4864.0,
07/20/26 13:20:00,63.282,4352.0,
07/20/26 13:25:00,62.425,3968.0,
07/20/26 13:30:00,63.111,3968.0,
07/20/26 13:35:00,62.425,3840.0,
07/20/26 13:40:00,63.455,3840.0,
07/20/26 13:45:00,62.083,3712.0,
07/20/26 13:50:00,62.769,3712.0,
07/20/26 13:55:00,63.626,3712.0,
07/20/26 14:00:00,63.455,3712.0,
07/20/26 14:05:00,61.741,3840.0,
07/20/26 14:10:00,61.741,4096.0,
07/20/26 14:15:00,62.425,4864.0,
07/20/26 14:20:00,62.598,6144.0,
07/20/26 14:25:00,62.769,6912.0,
07/20/26 14:30:00,63.282,8192.0,
07/20/26 14:35:00,61.912,9216.0,
07/20/26 14:40:00,61.398,9728.0,
07/20/26 14:45:00,61.054,10752.0,
07/20/26 14:50:00,61.398,11264.0,
07/20/26 14:55:00,62.425,12288.0,
07/20/26 15:00:00,61.398,13312.0,
07/20/26 15:05:00,63.455,13824.0,
07/20/26 15:10:00,62.940,13824.0,
07/20/26 15:15:00,61.398,14336.0,
07/20/26 15:20:00,61.227,14336.0,
07/20/26 15:25:00,63.797,14336.0,
07/20/26 15:30:00,63.282,13824.0,
07/20/26 15:35:00,62.254,13824.0,
07/20/26 15:40:00,62.254,13312.0,
07/20/26 15:45:00,61.054,13312.0,
07/20/26 15:50:00,60.712,12800.0,
07/20/26 15:55:00,60.883,12800.0,
07/20/26 16:00:00,61.227,12800.0,
07/20/26 16:05:00,61.741,12288.0,
07/20/26 16:10:00,60.539,12288.0,
07/20/26 16:15:00,60.712,12288.0,
07/20/26 16:20:00,58.993,11776.0,
07/20/26 16:25:00,58.303,11264.0,
07/20/26 16:30:00,58.131,11264.0,
07/20/26 16:35:00,58.647,10752.0,
07/20/26 16:40:00,57.441,10752.0,
07/20/26 16:45:00,58.131,10240.0,
07/20/26 16:50:00,58.303,10240.0,
07/20/26 16:55:00,60.368,9728.0,
07/20/26 17:00:00,59.851,9216.0,
07/20/26 17:05:00,60.195,9216.0,
07/20/26 17:10:00,59.851,8704.0,
07/20/26 17:15:00,58.993,8704.0,
07/20/26 17:20:00,58.993,8192.0,
07/20/26 17:25:00,59.851,8192.0,
07/20/26 17:30:00,57.785,7936.0,
07/20/26 17:35:00,58.131,7680.0,
07/20/26 17:40:00,58.476,7424.0,
07/20/26 17:45:00,57.958,7168.0,
07/20/26 17:50:00,56.923,6912.0,
07/20/26 17:55:00,55.537,6912.0,
07/20/26 18:00:00,55.017,6400.0,
07/20/26 18:05:00,56.057,6144.0,
07/20/26 18:10:00,58.820,6144.0,
07/20/26 18:15:00,57.785,6144.0,
07/20/26 18:20:00,56.750,5888.0,
07/20/26 18:25:00,56.577,5632.0,
07/20/26 18:30:00,56.230,5376.0,
07/20/26 18:35:00,55.189,4352.0,
07/20/26 18:40:00,54.495,5120.0,
07/20/26 18:45:00,53.449,5120.0,
07/20/26 18:50:00,52.925,4864.0,
07/20/26 18:55:00,53.623,4608.0,
07/20/26 19:00:00,54.495,4608.0,
07/20/26 19:05:00,53.798,4352.0,
07/20/26 19:10:00,52.225,4096.0,
07/20/26 19:15:00,50.290,3968.0,
07/20/26 19:20:00,49.228,3840.0,
07/20/26 19:25:00,48.871,3456.0,
07/20/26 19:30:00,48.517,3456.0,
07/20/26 19:35:00,48.339,3328.0,
07/20/26 19:40:00,47.802,3072.0,
07/20/26 19:45:00,48.871,2944.0,
07/20/26 19:50:00,48.871,2688.0,
07/20/26 19:55:00,48.517,2688.0,
07/20/26 20:00:00,47.802,2432.0,
07/20/26 20:05:00,47.446,2304.0,
07/20/26 20:10:00,50.113,2176.0,
07/20/26 20:15:00,50.819,2048.0,
07/20/26 20:20:00,50.290,1984.0,
07/20/26 20:25:00,45.648,240.0,
07/20/26 20:30:00,44.013,232.0,
07/20/26 20:35:00,43.466,224.0,
07/20/26 20:40:00,42.732,216.0,
07/20/26 20:45:00,41.254,200.0,
07/20/26 20:50:00,41.067,192.0,
07/20/26 20:55:00,41.067,184.0,
07/20/26 21:00:00,41.439,168.0,
07/20/26 21:05:00,40.696,160.0,
07/20/26 21:10:00,40.881,152.0,
07/20/26 21:15:00,41.067,136.0,
07/20/26 21:20:00,39.947,128.0,
07/20/26 21:25:00,40.696,116.0,
07/20/26 21:30:00,41.254,103.0,
07/20/26 21:35:00,40.509,90.0,
07/20/26 21:40:00,39.573,74.0,
07/20/26 21:45:00,39.384,63.0,
07/20/26 21:50:00,39.947,52.0,
07/20/26 21:55:00,39.573,42.0,
07/20/26 22:00:00,39.947,33.0,
07/20/26 22:05:00,39.007,25.0,
07/20/26 22:10:00,38.440,18.0,
07/20/26 22:15:00,38.629,13.0,
07/20/26 22:20:00,38.629,8.0,
07/20/26 22:25:00,40.321,5.0,
07/20/26 22:30:00,39.947,3.0,
07/20/26 22:35:00,41.439,1.0,
07/20/26 22:40:00,43.282,0.0,
07/20/26 22:45:00,43.466,0.0,
07/20/26 22:50:00,43.648,0.0,
07/20/26 22:55:00,42.548,0.0,
07/20/26 23:00:00,42.915,0.0,
07/20/26 23:05:00,42.548,0.0,
07/20/26 23:10:00,43.282,0.0,
07/20/26 23:15:00,43.466,0.0,
07/20/26 23:20:00,43.282,0.0,
07/20/26 23:25:00,42.915,0.0,
07/20/26 23:30:00,44.379,0.0,
07/20/26 23:35:00,44.742,0.0,
07/20/26 23:40:00,44.013,0.0,
07/20/26 23:45:00,44.013,0.0,
07/20/26 23:50:00,43.466,0.0,
07/20/26 23:55:00,44.013,0.0,
07/21/26 00:00:00,43.831,0.0,
07/21/26 00:05:00,44.195,0.0,
07/21/26 00:10:00,42.915,0.0,
07/21/26 00:15:00,43.282,0.0,
07/21/26 00:20:00,43.831,0.0,
07/21/26 00:25:00,41.994,0.0,
07/21/26 00:30:00,40.509,0.0,
07/21/26 00:35:00,40.696,0.0,
07/21/26 00:40:00,40.321,0.0,
07/21/26 00:45:00,40.696,0.0,
07/21/26 00:50:00,41.625,0.0,
07/21/26 00:55:00,43.648,0.0,
07/21/26 01:00:00,43.831,0.0,
07/21/26 01:05:00,42.548,0.0,
07/21/26 01:10:00,42.732,0.0,
07/21/26 01:15:00,41.067,0.0,
07/21/26 01:20:00,41.067,0.0,
07/21/26 01:25:00,41.625,0.0,
07/21/26 01:30:00,42.363,0.0,
07/21/26 01:35:00,44.379,0.0,
07/21/26 01:40:00,42.732,0.0,
07/21/26 01:45:00,42.915,0.0,
07/21/26 01:50:00,41.067,0.0,
07/21/26 01:55:00,40.881,0.0,
07/21/26 02:00:00,39.573,0.0,
07/21/26 02:05:00,39.196,0.0,
07/21/26 02:10:00,39.573,0.0,
07/21/26 02:15:00,39.384,0.0,
07/21/26 02:20:00,40.321,0.0,
07/21/26 02:25:00,39.573,0.0,
07/21/26 02:30:00,40.321,0.0,
07/21/26 02:35:00,40.134,0.0,
07/21/26 02:40:00,39.760,0.0,
07/21/26 02:45:00,40.696,0.0,
07/21/26 02:50:00,40.321,0.0,
07/21/26 02:55:00,42.732,0.0,
07/21/26 03:00:00,41.625,0.0,
07/21/26 03:05:00,40.321,0.0,
07/21/26 03:10:00,41.254,0.0,
07/21/26 03:15:00,41.254,0.0,
07/21/26 03:20:00,41.067,0.0,
07/21/26 03:25:00,39.573,0.0,
07/21/26 03:30:00,39.573,1.0,
07/21/26 03:35:00,41.254,2.0,
07/21/26 03:40:00,40.321,4.0,
07/21/26 03:45:00,38.818,8.0,
07/21/26 03:50:00,39.384,12.0,
07/21/26 03:55:00,39.760,17.0,
07/21/26 04:00:00,40.881,25.0,
07/21/26 04:05:00,42.363,34.0,
07/21/26 04:10:00,41.810,46.0,
07/21/26 04:15:00,41.625,57.0,
07/21/26 04:20:00,41.067,69.0,
07/21/26 04:25:00,40.321,81.0,
07/21/26 04:30:00,38.629,93.0,
07/21/26 04:35:00,36.914,106.0,
07/21/26 04:40:00,37.488,120.0,
07/21/26 04:45:00,39.384,136.0,
07/21/26 04:50:00,38.440,144.0,
07/21/26 04:55:00,37.870,160.0,
07/21/26 05:00:00,38.818,176.0,
07/21/26 05:05:00,40.509,184.0,
07/21/26 05:10:00,45.286,800.0,
07/21/26 05:15:00,49.759,960.0,
07/21/26 05:20:00,49.937,1024.0,
07/21/26 05:25:00,50.643,1088.0,
07/21/26 05:30:00,51.523,1152.0,
07/21/26 05:35:00,53.274,1344.0,
07/21/26 05:40:00,53.798,1408.0,
07/21/26 05:45:00,53.274,1536.0,
07/21/26 05:50:00,54.147,1600.0,
07/21/26 05:55:00,55.189,1728.0,
07/21/26 06:00:00,55.884,1792.0,
07/21/26 06:05:00,56.404,1920.0,
07/21/26 06:10:00,56.923,1984.0,
07/21/26 06:15:00,56.404,2048.0,
07/21/26 06:20:00,56.750,2176.0,
07/21/26 06:25:00,57.096,2304.0,
07/21/26 06:30:00,58.820,2432.0,
07/21/26 06:35:00,60.024,2560.0,
07/21/26 06:40:00,61.054,2688.0,
07/21/26 06:45:00,61.741,2816.0,
07/21/26 06:50:00,62.254,3072.0,
07/21/26 06:55:00,62.598,3200.0,
07/21/26 07:00:00,62.083,3328.0,
07/21/26 07:05:00,62.083,3456.0,
07/21/26 07:10:00,61.569,3584.0,
07/21/26 07:15:00,62.425,3840.0,
07/21/26 07:20:00,62.940,4096.0,
07/21/26 07:25:00,63.455,4096.0,
07/21/26 07:30:00,64.825,4352.0,
07/21/26 07:35:00,64.481,4608.0,
07/21/26 07:40:00,64.481,4864.0,
07/21/26 07:45:00,66.193,5120.0,
07/21/26 07:50:00,64.310,4608.0,
07/21/26 07:55:00,63.455,5632.0,
07/21/26 08:00:00,62.769,5632.0,
07/21/26 08:05:00,64.310,6144.0,
07/21/26 08:10:00,64.652,6400.0,
07/21/26 08:15:00,64.310,6912.0,
07/21/26 08:20:00,65.509,7424.0,
07/21/26 08:25:00,64.652,7680.0,
07/21/26 08:30:00,64.996,8704.0,
07/21/26 08:35:00,63.797,8704.0,
07/21/26 08:40:00,64.996,6912.0,
07/21/26 08:45:00,68.421,10752.0,
07/21/26 08:50:00,69.622,11776.0,
07/21/26 08:55:00,68.763,11264.0,
07/21/26 09:00:00,69.107,10752.0,
07/21/26 09:05:00,67.564,12800.0,
07/21/26 09:10:00,66.366,12800.0,
07/21/26 09:15:00,67.906,12288.0,
07/21/26 09:20:00,68.763,14336.0,
07/21/26 09:25:00,69.622,13824.0,
07/21/26 09:30:00,72.028,13824.0,
07/21/26 09:35:00,64.310,9728.0,
07/21/26 09:40:00,63.282,10240.0,
07/21/26 09:45:00,66.366,11264.0,
07/21/26 09:50:00,67.564,12800.0,
07/21/26 09:55:00,66.879,10752.0,
07/21/26 10:00:00,66.193,13824.0,
07/21/26 10:05:00,62.940,8192.0,
07/21/26 10:10:00,61.227,9216.0,
07/21/26 10:15:00,64.652,12288.0,
07/21/26 10:20:00,61.569,9216.0,
07/21/26 10:25:00,59.508,9728.0,
07/21/26 10:30:00,65.509,16384.0,
07/21/26 10:35:00,61.398,8704.0,
07/21/26 10:40:00,61.054,10752.0,
07/21/26 10:45:00,62.769,12800.0,
07/21/26 10:50:00,61.398,8704.0,
07/21/26 10:55:00,59.164,8704.0,
07/21/26 11:00:00,60.539,9216.0,
07/21/26 11:05:00,59.851,9216.0,
07/21/26 11:10:00,62.769,13824.0,
07/21/26 11:15:00,64.825,13824.0,
07/21/26 11:20:00,63.455,8192.0,
07/21/26 11:25:00,67.392,12800.0,
07/21/26 11:30:00,63.797,12288.0,
07/21/26 11:35:00,62.425,8704.0,
07/21/26 11:40:00,58.131,8192.0,
07/21/26 11:45:00,60.195,9728.0,
07/21/26 11:50:00,59.164,8192.0,
07/21/26 11:55:00,61.398,9216.0,
07/21/26 12:00:00,61.227,9728.0,
07/21/26 12:05:00,58.647,8704.0,
07/21/26 12:10:00,57.096,8704.0,
07/21/26 12:15:00,57.096,8704.0,
07/21/26 12:20:00,56.577,8192.0,
07/21/26 12:25:00,56.923,8192.0,
07/21/26 12:30:00,58.131,8704.0,
07/21/26 12:35:00,57.096,8704.0,
07/21/26 12:40:00,56.577,8192.0,
07/21/26 12:45:00,59.680,10240.0,
07/21/26 12:50:00,58.131,7936.0,
07/21/26 12:55:00,58.131,8192.0,
07/21/26 13:00:00,57.785,10240.0,
07/21/26 13:05:00,56.577,8192.0,
07/21/26 13:10:00,54.669,6656.0,
07/21/26 13:15:00,53.798,7424.0,
07/21/26 13:20:00,51.523,5632.0,
07/21/26 13:25:00,49.404,4608.0,
07/21/26 13:30:00,48.517,4352.0,
07/21/26 13:35:00,47.624,4096.0,
07/21/26 13:40:00,46.188,3712.0,
07/21/26 13:45:00,44.560,3584.0,
07/21/26 13:50:00,44.379,3584.0,
07/21/26 13:55:00,43.282,2944.0,
07/21/26 14:00:00,42.363,2816.0,
07/21/26 14:05:00,42.915,3200.0,
07/21/26 14:10:00,43.282,3328.0,
07/21/26 14:15:00,43.831,3200.0,
07/21/26 14:20:00,44.013,3456.0,
07/21/26 14:25:00,43.648,3328.0,
07/21/26 14:30:00,43.648,3456.0,
07/21/26 14:35:00,44.013,3456.0,
07/21/26 14:40:00,44.195,3456.0,
07/21/26 14:45:00,43.466,3200.0,
07/21/26 14:50:00,43.099,3200.0,
07/21/26 14:55:00,42.915,3200.0,
07/21/26 15:00:00,43.282,3072.0,
07/21/26 15:05:00,43.466,2816.0,
07/21/26 15:10:00,42.915,2688.0,
07/21/26 15:15:00,42.363,2816.0,
07/21/26 15:20:00,42.732,2816.0,
07/21/26 15:25:00,43.648,3072.0,
07/21/26 15:30:00,45.104,3456.0,
07/21/26 15:35:00,46.008,4096.0,
07/21/26 15:40:00,46.548,4608.0,
07/21/26 15:45:00,46.908,4864.0,
07/21/26 15:50:00,47.446,4864.0,
07/21/26 15:55:00,47.624,4864.0,
07/21/26 16:00:00,47.446,4864.0,
07/21/26 16:05:00,47.624,5120.0,
07/21/26 16:10:00,47.982,4864.0,
07/21/26 16:15:00,47.446,4352.0,
07/21/26 16:20:00,47.446,4096.0,
07/21/26 16:25:00,46.548,3840.0,
07/21/26 16:30:00,44.742,3968.0,
07/21/26 16:35:00,45.648,4096.0,
07/21/26 16:40:00,47.088,3968.0,
07/21/26 16:45:00,47.446,3840.0,
07/21/26 16:50:00,46.548,3456.0,
07/21/26 16:55:00,46.008,3200.0,
07/21/26 17:00:00,46.369,3200.0,
07/21/26 17:05:00,46.188,3456.0,
07/21/26 17:10:00,45.286,3584.0,
07/21/26 17:15:00,45.828,3584.0,
07/21/26 17:20:00,45.104,3584.0,
07/21/26 17:25:00,46.548,3584.0,
07/21/26 17:30:00,46.188,3840.0,
07/21/26 17:35:00,46.728,3968.0,
07/21/26 17:40:00,47.266,4352.0,
07/21/26 17:45:00,46.908,4352.0,
07/21/26 17:50:00,46.188,3840.0,
07/21/26 17:55:00,45.286,3456.0,
07/21/26 18:00:00,44.922,3456.0,
07/21/26 18:05:00,44.560,3584.0,
07/21/26 18:10:00,44.922,3840.0,
07/21/26 18:15:00,45.828,3584.0,
07/21/26 18:20:00,46.008,3584.0,
07/21/26 18:25:00,46.369,3840.0,
07/21/26 18:30:00,46.188,3584.0,
07/21/26 18:35:00,46.188,3840.0,
07/21/26 18:40:00,46.008,3584.0,
07/21/26 18:45:00,45.286,3456.0,
07/21/26 18:50:00,44.013,3072.0,
07/21/26 18:55:00,43.282,3328.0,
07/21/26 19:00:00,43.648,3328.0,
07/21/26 19:05:00,44.013,3584.0,
07/21/26 19:10:00,46.008,4864.0,
07/21/26 19:15:00,48.339,6400.0,
07/21/26 19:20:00,49.404,5632.0,
07/21/26 19:25:00,47.266,4096.0,
07/21/26 19:30:00,46.369,4096.0,
07/21/26 19:35:00,46.369,4608.0,
07/21/26 19:40:00,46.188,3840.0,
07/21/26 19:45:00,44.013,3072.0,
07/21/26 19:50:00,42.179,1792.0,
07/21/26 19:55:00,41.254,2048.0,
07/21/26 20:00:00,41.810,2048.0,
07/21/26 20:05:00,41.439,1664.0,
07/21/26 20:10:00,41.254,1856.0,
07/21/26 20:15:00,41.067,2048.0,
07/21/26 20:20:00,40.321,1536.0,
07/21/26 20:25:00,39.947,1280.0,
07/21/26 20:30:00,39.384,1216.0,
07/21/26 20:35:00,38.629,992.0,
07/21/26 20:40:00,38.440,1024.0,
07/21/26 20:45:00,38.440,960.0,
07/21/26 20:50:00,38.440,672.0,
07/21/26 20:55:00,38.629,608.0,
07/21/26 21:00:00,38.250,400.0,
07/21/26 21:05:00,37.679,336.0,
07/21/26 21:10:00,38.250,200.0,
07/21/26 21:15:00,37.870,216.0,
07/21/26 21:20:00,37.488,152.0,
07/21/26 21:25:00,37.297,126.0,
07/21/26 21:30:00,36.914,103.0,
07/21/26 21:35:00,37.107,88.0,
07/21/26 21:40:00,37.107,75.0,
07/21/26 21:45:00,36.914,64.0,
07/21/26 21:50:00,36.338,54.0,
07/21/26 21:55:00,36.145,41.0,
07/21/26 22:00:00,36.723,30.0,
07/21/26 22:05:00,36.338,22.0,
07/21/26 22:10:00,36.338,15.0,
07/21/26 22:15:00,36.338,9.0,
07/21/26 22:20:00,36.145,5.0,
07/21/26 22:25:00,35.951,3.0,
07/21/26 22:30:00,35.951,1.0,
07/21/26 22:35:00,36.145,0.0,
07/21/26 22:40:00,36.531,0.0,
07/21/26 22:45:00,36.531,0.0,
07/21/26 22:50:00,36.723,0.0,
07/21/26 22:55:00,36.723,0.0,
07/21/26 23:00:00,37.107,0.0,
07/21/26 23:05:00,36.914,0.0,
07/21/26 23:10:00,37.107,0.0,
07/21/26 23:15:00,36.914,0.0,
07/21/26 23:20:00,36.914,0.0,
07/21/26 23:25:00,36.914,0.0,
07/21/26 23:30:00,36.531,0.0,
07/21/26 23:35:00,35.951,0.0,
07/21/26 23:40:00,36.914,0.0,
07/21/26 23:45:00,37.107,0.0,
07/21/26 23:50:00,36.914,0.0,
07/21/26 23:55:00,36.338,0.0,
07/22/26 00:00:00,36.723,0.0,
07/22/26 00:05:00,36.338,0.0,
07/22/26 00:10:00,36.531,0.0,
07/22/26 00:15:00,36.338,0.0,
07/22/26 00:20:00,36.914,0.0,
07/22/26 00:25:00,36.531,0.0,
07/22/26 00:30:00,36.723,0.0,
07/22/26 00:35:00,35.951,0.0,
07/22/26 00:40:00,36.338,0.0,
07/22/26 00:45:00,38.061,0.0,
07/22/26 00:50:00,37.488,0.0,
07/22/26 00:55:00,36.723,0.0,
07/22/26 01:00:00,36.145,0.0,
07/22/26 01:05:00,35.951,0.0,
07/22/26 01:10:00,36.531,0.0,
07/22/26 01:15:00,35.951,0.0,
07/22/26 01:20:00,35.951,0.0,
07/22/26 01:25:00,36.531,0.0,
07/22/26 01:30:00,36.145,0.0,
07/22/26 01:35:00,36.723,0.0,
07/22/26 01:40:00,36.145,0.0,
07/22/26 01:45:00,36.145,0.0,
07/22/26 01:50:00,37.679,0.0,
07/22/26 01:55:00,38.061,0.0,
07/22/26 02:00:00,38.818,0.0,
07/22/26 02:05:00,37.297,0.0,
07/22/26 02:10:00,36.723,0.0,
07/22/26 02:15:00,36.145,0.0,
07/22/26 02:20:00,36.145,0.0,
07/22/26 02:25:00,35.758,0.0,
07/22/26 02:30:00,35.564,0.0,
07/22/26 02:35:00,35.564,0.0,
07/22/26 02:40:00,35.175,0.0,
07/22/26 02:45:00,35.370,0.0,
07/22/26 02:50:00,35.370,0.0,
07/22/26 02:55:00,36.145,0.0,
07/22/26 03:00:00,36.338,0.0,
07/22/26 03:05:00,35.758,0.0,
07/22/26 03:10:00,36.914,0.0,
07/22/26 03:15:00,36.338,0.0,
07/22/26 03:20:00,35.564,0.0,
07/22/26 03:25:00,35.370,0.0,
07/22/26 03:30:00,35.758,0.0,
07/22/26 03:35:00,36.914,0.0,
07/22/26 03:40:00,37.679,1.0,
07/22/26 03:45:00,37.870,2.0,
07/22/26 03:50:00,35.951,5.0,
07/22/26 03:55:00,34.981,9.0,
07/22/26 04:00:00,35.175,14.0,
07/22/26 04:05:00,35.951,20.0,
07/22/26 04:10:00,36.145,27.0,
07/22/26 04:15:00,37.107,34.0,
07/22/26 04:20:00,35.758,43.0,
07/22/26 04:25:00,36.338,53.0,
07/22/26 04:30:00,36.531,63.0,
07/22/26 04:35:00,37.297,74.0,
07/22/26 04:40:00,38.440,85.0,
07/22/26 04:45:00,38.061,99.0,
07/22/26 04:50:00,38.250,113.0,
07/22/26 04:55:00,37.488,128.0,
07/22/26 05:00:00,37.679,144.0,
07/22/26 05:05:00,37.107,168.0,
07/22/26 05:10:00,38.440,496.0,
07/22/26 05:15:00,46.908,960.0,
07/22/26 05:20:00,49.582,1088.0,
07/22/26 05:25:00,50.290,1152.0,
07/22/26 05:30:00,53.274,1216.0,
07/22/26 05:35:00,55.017,1408.0,
07/22/26 05:40:00,55.364,1536.0,
07/22/26 05:45:00,53.798,1600.0,
07/22/26 05:50:00,55.537,1664.0,
07/22/26 05:55:00,59.337,1728.0,
07/22/26 06:00:00,60.539,1920.0,
07/22/26 06:05:00,60.539,1920.0,
07/22/26 06:10:00,63.111,2048.0,
07/22/26 06:15:00,64.139,2176.0,
07/22/26 06:20:00,63.455,2304.0,
07/22/26 06:25:00,64.310,2304.0,
07/22/26 06:30:00,68.077,2432.0,
07/22/26 06:35:00,66.537,2688.0,
07/22/26 06:40:00,66.366,2816.0,
07/22/26 06:45:00,65.851,2816.0,
07/22/26 06:50:00,69.622,3072.0,
07/22/26 06:55:00,69.449,3200.0,
07/22/26 07:00:00,73.234,3328.0,
07/22/26 07:05:00,72.028,3456.0,
07/22/26 07:10:00,69.449,3840.0,
07/22/26 07:15:00,70.480,3840.0,
07/22/26 07:20:00,73.407,3968.0,
07/22/26 07:25:00,73.234,4352.0,
07/22/26 07:30:00,71.683,4608.0,
07/22/26 07:35:00,72.028,4864.0,
07/22/26 07:40:00,70.995,5120.0,
07/22/26 07:45:00,73.407,5376.0,
07/22/26 07:50:00,77.923,5888.0,
07/22/26 07:55:00,77.923,6656.0,
07/22/26 08:00:00,76.528,7168.0,
07/22/26 08:05:00,76.181,6400.0,
07/22/26 08:10:00,68.421,6400.0,
07/22/26 08:15:00,61.741,4864.0,
07/22/26 08:20:00,60.368,3840.0,
07/22/26 08:25:00,61.741,5376.0,
07/22/26 08:30:00,66.708,7424.0,
07/22/26 08:35:00,68.934,8192.0,
07/22/26 08:40:00,68.592,9728.0,
07/22/26 08:45:00,69.449,10752.0,
07/22/26 08:50:00,74.271,12288.0,
07/22/26 08:55:00,73.926,10240.0,
07/22/26 09:00:00,77.050,10240.0,
07/22/26 09:05:00,77.749,10752.0,
07/22/26 09:10:00,74.619,11264.0,
07/22/26 09:15:00,72.199,11776.0,
07/22/26 09:20:00,69.793,12288.0,
07/22/26 09:25:00,70.480,12288.0,
07/22/26 09:30:00,68.077,11776.0,
07/22/26 09:35:00,66.537,12288.0,
07/22/26 09:40:00,66.708,14336.0,
07/22/26 09:45:00,69.107,14848.0,
07/22/26 09:50:00,70.995,15360.0,
07/22/26 09:55:00,73.580,15872.0,
07/22/26 10:00:00,68.421,3200.0,
07/22/26 10:05:00,64.481,15872.0,
07/22/26 10:10:00,64.825,15360.0,
07/22/26 10:15:00,65.851,15872.0,
07/22/26 10:20:00,59.508,14336.0,
07/22/26 10:25:00,61.054,2432.0,
07/22/26 10:30:00,63.626,15360.0,
07/22/26 10:35:00,67.735,13824.0,
07/22/26 10:40:00,68.934,15360.0,
07/22/26 10:45:00,70.308,15360.0,
07/22/26 10:50:00,68.592,14336.0,
07/22/26 10:55:00,70.651,14848.0,
07/22/26 11:00:00,75.139,15872.0,
07/22/26 11:05:00,80.029,16384.0,
07/22/26 11:10:00,72.718,8704.0,
07/22/26 11:15:00,74.271,12288.0,
07/22/26 11:20:00,72.028,16384.0,
07/22/26 11:25:00,81.090,16384.0,
07/22/26 11:30:00,73.753,16384.0,
07/22/26 11:35:00,67.564,6400.0,
07/22/26 11:40:00,62.083,5376.0,
07/22/26 11:45:00,61.227,9728.0,
07/22/26 11:50:00,64.825,16384.0,
07/22/26 11:55:00,67.735,16384.0,
07/22/26 12:00:00,68.421,16384.0,
07/22/26 12:05:00,67.906,16384.0,
07/22/26 12:10:00,69.107,16384.0,
07/22/26 12:15:00,67.906,14336.0,
07/22/26 12:20:00,67.392,15360.0,
07/22/26 12:25:00,69.622,15872.0,
07/22/26 12:30:00,69.964,12288.0,
07/22/26 12:35:00,70.824,9216.0,
07/22/26 12:40:00,68.763,8704.0,
07/22/26 12:45:00,60.024,4352.0,
07/22/26 12:50:00,68.763,7936.0,
07/22/26 12:55:00,70.824,10752.0,
07/22/26 13:00:00,71.168,10752.0,
07/22/26 13:05:00,73.234,8192.0,
07/22/26 13:10:00,72.372,7424.0,
07/22/26 13:15:00,74.098,8704.0,
07/22/26 13:20:00,71.339,7168.0,
07/22/26 13:25:00,71.339,10240.0,
07/22/26 13:30:00,68.077,8192.0,
07/22/26 13:35:00,64.481,7424.0,
07/22/26 13:40:00,67.906,10752.0,
07/22/26 13:45:00,76.354,11264.0,
07/22/26 13:50:00,75.312,10752.0,
07/22/26 13:55:00,74.098,10240.0,
07/22/26 14:00:00,67.221,8192.0,
07/22/26 14:05:00,64.481,8704.0,
07/22/26 14:10:00,63.968,9216.0,
07/22/26 14:15:00,62.254,7424.0,
07/22/26 14:20:00,60.195,7168.0,
07/22/26 14:25:00,61.398,7680.0,
07/22/26 14:30:00,58.820,7936.0,
07/22/26 14:35:00,57.614,10240.0,
07/22/26 14:40:00,62.425,14848.0,
07/22/26 14:45:00,62.425,16384.0,
07/22/26 14:50:00,63.626,15872.0,
07/22/26 14:55:00,61.912,15872.0,
07/22/26 15:00:00,56.750,5120.0,
07/22/26 15:05:00,64.139,15872.0,
07/22/26 15:10:00,67.735,16384.0,
07/22/26 15:15:00,64.652,11776.0,
07/22/26 15:20:00,64.139,11776.0,
07/22/26 15:25:00,64.996,15872.0,
07/22/26 15:30:00,63.282,13824.0,
07/22/26 15:35:00,54.842,6912.0,
07/22/26 15:40:00,60.024,10240.0,
07/22/26 15:45:00,67.564,15360.0,
07/22/26 15:50:00,70.995,15872.0,
07/22/26 15:55:00,71.339,15360.0,
07/22/26 16:00:00,70.480,15872.0,
07/22/26 16:05:00,64.825,14336.0,
07/22/26 16:10:00,61.569,11776.0,
07/22/26 16:15:00,60.368,12288.0,
07/22/26 16:20:00,63.282,11776.0,
07/22/26 16:25:00,66.022,11776.0,
07/22/26 16:30:00,62.769,10752.0,
07/22/26 16:35:00,64.481,11264.0,
07/22/26 16:40:00,59.851,5120.0,
07/22/26 16:45:00,61.054,10752.0,
07/22/26 16:50:00,66.022,10752.0,
07/22/26 16:55:00,64.996,9216.0,
07/22/26 17:00:00,65.167,8704.0,
07/22/26 17:05:00,60.195,5376.0,
07/22/26 17:10:00,63.282,10240.0,
07/22/26 17:15:00,64.139,6144.0,
07/22/26 17:20:00,66.366,9728.0,
07/22/26 17:25:00,68.077,9728.0,
07/22/26 17:30:00,67.564,9216.0,
07/22/26 17:35:00,66.022,7936.0,
07/22/26 17:40:00,62.769,6912.0,
07/22/26 17:45:00,62.425,6400.0,
07/22/26 17:50:00,62.598,6912.0,
07/22/26 17:55:00,60.539,5120.0,
07/22/26 18:00:00,58.820,4608.0,
07/22/26 18:05:00,56.923,4608.0,
07/22/26 18:10:00,58.131,5376.0,
07/22/26 18:15:00,57.785,4864.0,
07/22/26 18:20:00,55.537,4352.0,
07/22/26 18:25:00,57.096,4864.0,
07/22/26 18:30:00,57.268,7936.0,
07/22/26 18:35:00,61.054,7424.0,
07/22/26 18:40:00,60.883,5888.0,
07/22/26 18:45:00,60.539,5632.0,
07/22/26 18:50:00,59.164,5120.0,
07/22/26 18:55:00,56.923,5888.0,
07/22/26 19:00:00,54.322,5376.0,
07/22/26 19:05:00,52.750,5376.0,
07/22/26 19:10:00,50.290,4352.0,
07/22/26 19:15:00,48.517,3712.0,
07/22/26 19:20:00,46.188,2688.0,
07/22/26 19:25:00,48.339,3968.0,
07/22/26 19:30:00,48.517,3840.0,
07/22/26 19:35:00,46.908,2816.0,
07/22/26 19:40:00,48.339,3712.0,
07/22/26 19:45:00,46.908,3328.0,
07/22/26 19:50:00,45.466,1472.0,
07/22/26 19:55:00,45.104,2688.0,
07/22/26 20:00:00,44.195,2176.0,
07/22/26 20:05:00,44.742,2688.0,
07/22/26 20:10:00,46.728,2432.0,
07/22/26 20:15:00,46.728,2304.0,
07/22/26 20:20:00,43.831,1216.0,
07/22/26 20:25:00,39.384,576.0,
07/22/26 20:30:00,37.679,496.0,
07/22/26 20:35:00,37.107,400.0,
07/22/26 20:40:00,36.723,368.0,
07/22/26 20:45:00,37.107,400.0,
07/22/26 20:50:00,37.297,432.0,
07/22/26 20:55:00,37.107,256.0,
07/22/26 21:00:00,37.297,288.0,
07/22/26 21:05:00,37.679,304.0,
07/22/26 21:10:00,38.061,304.0,
07/22/26 21:15:00,37.870,272.0,
07/22/26 21:20:00,37.679,272.0,
07/22/26 21:25:00,37.679,144.0,
07/22/26 21:30:00,37.870,69.0,
07/22/26 21:35:00,37.488,45.0,
07/22/26 21:40:00,37.488,60.0,
07/22/26 21:45:00,36.723,120.0,
07/22/26 21:50:00,37.679,50.0,
07/22/26 21:55:00,37.679,26.0,
07/22/26 22:00:00,36.531,10.0,
07/22/26 22:05:00,36.914,6.0,
07/22/26 22:10:00,37.297,4.0,
07/22/26 22:15:00,35.564,2.0,
07/22/26 22:20:00,35.175,1.0,
07/22/26 22:25:00,36.338,0.0,
07/22/26 22:30:00,35.951,0.0,
07/22/26 22:35:00,36.531,0.0,
07/22/26 22:40:00,37.107,0.0,
07/22/26 22:45:00,36.723,0.0,
07/22/26 22:50:00,36.145,0.0,
07/22/26 22:55:00,35.951,0.0,
07/22/26 23:00:00,35.564,0.0,
07/22/26 23:05:00,36.338,0.0,
07/22/26 23:10:00,35.951,0.0,
07/22/26 23:15:00,35.758,0.0,
07/22/26 23:20:00,35.758,0.0,
07/22/26 23:25:00,36.338,0.0,
07/22/26 23:30:00,36.145,0.0,
07/22/26 23:35:00,36.145,0.0,
07/22/26 23:40:00,35.951,0.0,
07/22/26 23:45:00,35.951,0.0,
07/22/26 23:50:00,36.145,0.0,
07/22/26 23:55:00,36.338,0.0,
07/23/26 00:00:00,36.145,0.0,
07/23/26 00:05:00,35.951,0.0,
07/23/26 00:10:00,35.758,0.0,
07/23/26 00:15:00,35.564,0.0,
07/23/26 00:20:00,35.370,0.0,
07/23/26 00:25:00,35.370,0.0,
07/23/26 00:30:00,34.981,0.0,
07/23/26 00:35:00,34.786,0.0,
07/23/26 00:40:00,34.981,0.0,
07/23/26 00:45:00,35.370,0.0,
07/23/26 00:50:00,34.981,0.0,
07/23/26 00:55:00,34.786,0.0,
07/23/26 01:00:00,34.981,0.0,
07/23/26 01:05:00,34.981,0.0,
07/23/26 01:10:00,34.786,0.0,
07/23/26 01:15:00,34.981,0.0,
07/23/26 01:20:00,35.175,0.0,
07/23/26 01:25:00,34.981,0.0,
07/23/26 01:30:00,34.981,0.0,
07/23/26 01:35:00,35.564,0.0,
07/23/26 01:40:00,35.564,0.0,
07/23/26 01:45:00,34.981,0.0,
07/23/26 01:50:00,34.981,0.0,
07/23/26 01:55:00,35.175,0.0,
07/23/26 02:00:00,34.786,0.0,
07/23/26 02:05:00,34.981,0.0,
07/23/26 02:10:00,35.758,0.0,
07/23/26 02:15:00,36.145,0.0,
07/23/26 02:20:00,35.758,0.0,
07/23/26 02:25:00,35.370,0.0,
07/23/26 02:30:00,35.758,0.0,
07/23/26 02:35:00,35.564,0.0,
07/23/26 02:40:00,35.564,0.0,
07/23/26 02:45:00,35.370,0.0,
07/23/26 02:50:00,35.370,0.0,
07/23/26 02:55:00,35.564,0.0,
07/23/26 03:00:00,35.564,0.0,
07/23/26 03:05:00,35.564,0.0,
07/23/26 03:10:00,35.564,0.0,
07/23/26 03:15:00,35.370,0.0,
07/23/26 03:20:00,35.758,0.0,
07/23/26 03:25:00,35.564,0.0,
07/23/26 03:30:00,35.564,0.0,
07/23/26 03:35:00,35.951,0.0,
07/23/26 03:40:00,35.564,1.0,
07/23/26 03:45:00,34.981,3.0,
07/23/26 03:50:00,35.175,4.0,
07/23/26 03:55:00,35.175,10.0,
07/23/26 04:00:00,35.370,24.0,
07/23/26 04:05:00,35.175,31.0,
07/23/26 04:10:00,34.981,30.0,
07/23/26 04:15:00,35.370,37.0,
07/23/26 04:20:00,35.370,45.0,
07/23/26 04:25:00,35.951,64.0,
07/23/26 04:30:00,35.758,92.0,
07/23/26 04:35:00,35.951,136.0,
07/23/26 04:40:00,35.758,176.0,
07/23/26 04:45:00,35.951,224.0,
07/23/26 04:50:00,35.758,216.0,
07/23/26 04:55:00,35.564,192.0,
07/23/26 05:00:00,36.145,208.0,
07/23/26 05:05:00,36.914,256.0,
07/23/26 05:10:00,37.297,304.0,
07/23/26 05:15:00,38.440,400.0,
07/23/26 05:20:00,38.250,416.0,
07/23/26 05:25:00,38.061,416.0,
07/23/26 05:30:00,36.914,384.0,
07/23/26 05:35:00,36.723,496.0,
07/23/26 05:40:00,36.531,672.0,
07/23/26 05:45:00,36.531,704.0,
07/23/26 05:50:00,36.723,672.0,
07/23/26 05:55:00,37.297,672.0,
07/23/26 06:00:00,37.488,672.0,
07/23/26 06:05:00,38.440,896.0,
07/23/26 06:10:00,38.061,768.0,
07/23/26 06:15:00,38.440,768.0,
07/23/26 06:20:00,37.870,704.0,
07/23/26 06:25:00,38.440,768.0,
07/23/26 06:30:00,38.440,896.0,
07/23/26 06:35:00,39.007,1216.0,
07/23/26 06:40:00,39.384,1600.0,
07/23/26 06:45:00,39.947,1920.0,
07/23/26 06:50:00,40.696,2304.0,
07/23/26 06:55:00,41.254,2304.0,
07/23/26 07:00:00,40.696,2560.0,
07/23/26 07:05:00,42.363,2432.0,
07/23/26 07:10:00,42.548,2176.0,
07/23/26 07:15:00,42.732,2816.0,
07/23/26 07:20:00,42.548,2688.0,
07/23/26 07:25:00,44.742,2432.0,
07/23/26 07:30:00,42.548,2304.0,
07/23/26 07:35:00,42.548,2432.0,
07/23/26 07:40:00,42.179,2560.0,
07/23/26 07:45:00,41.810,2560.0,
07/23/26 07:50:00,41.625,2048.0,
07/23/26 07:55:00,41.625,2048.0,
07/23/26 08:00:00,43.099,2688.0,
07/23/26 08:05:00,43.831,2432.0,
07/23/26 08:10:00,46.008,10240.0,
07/23/26 08:15:00,47.446,3200.0,
07/23/26 08:20:00,43.099,1920.0,
07/23/26 08:25:00,41.810,2432.0,
07/23/26 08:30:00,42.915,4096.0,
07/23/26 08:35:00,46.908,5888.0,
07/23/26 08:40:00,48.517,5632.0,
07/23/26 08:45:00,48.160,4864.0,
07/23/26 08:50:00,50.290,6912.0,
07/23/26 08:55:00,50.113,8192.0,
07/23/26 09:00:00,50.995,9216.0,
07/23/26 09:05:00,48.517,5632.0,
07/23/26 09:10:00,47.266,3072.0,
07/23/26 09:15:00,44.013,3328.0,
07/23/26 09:20:00,42.732,3072.0,
07/23/26 09:25:00,42.548,3072.0,
07/23/26 09:30:00,48.160,11776.0,
07/23/26 09:35:00,52.050,7936.0,
07/23/26 09:40:00,52.576,6912.0,
07/23/26 09:45:00,51.346,5376.0,
07/23/26 09:50:00,46.728,4096.0,
07/23/26 09:55:00,45.648,5376.0,
07/23/26 10:00:00,49.228,7936.0,
07/23/26 10:05:00,55.364,9728.0,
07/23/26 10:10:00,54.842,8192.0,
07/23/26 10:15:00,53.449,8704.0,
07/23/26 10:20:00,55.711,7680.0,
07/23/26 10:25:00,51.699,8192.0,
07/23/26 10:30:00,47.624,6912.0,
07/23/26 10:35:00,53.100,9216.0,
07/23/26 10:40:00,55.711,11264.0,
07/23/26 10:45:00,56.230,10752.0,
07/23/26 10:50:00,54.842,8192.0,
07/23/26 10:55:00,49.937,5888.0,
07/23/26 11:00:00,47.802,6144.0,
07/23/26 11:05:00,48.517,7424.0,
07/23/26 11:10:00,50.819,8192.0,
07/23/26 11:15:00,53.100,10752.0,
07/23/26 11:20:00,58.303,13824.0,
07/23/26 11:25:00,63.455,13312.0,
07/23/26 11:30:00,56.230,9216.0,
07/23/26 11:35:00,56.750,12800.0,
07/23/26 11:40:00,54.669,7680.0,
07/23/26 11:45:00,54.147,12800.0,
07/23/26 11:50:00,60.712,17408.0,
07/23/26 11:55:00,56.923,9216.0,
07/23/26 12:00:00,49.759,7168.0,
07/23/26 12:05:00,49.050,7680.0,
07/23/26 12:10:00,54.147,14336.0,
07/23/26 12:15:00,57.441,12288.0,
07/23/26 12:20:00,56.230,14336.0,
07/23/26 12:25:00,53.798,9728.0,
07/23/26 12:30:00,54.669,11264.0,
07/23/26 12:35:00,51.172,7424.0,
07/23/26 12:40:00,49.228,7424.0,
07/23/26 12:45:00,48.871,7680.0,
07/23/26 12:50:00,49.937,7424.0,
07/23/26 12:55:00,48.339,5632.0,
07/23/26 13:00:00,46.728,4352.0,
07/23/26 13:05:00,45.286,4352.0,
07/23/26 13:10:00,44.922,4352.0,
07/23/26 13:15:00,46.008,5120.0,
07/23/26 13:20:00,47.802,5376.0,
07/23/26 13:25:00,47.982,5120.0,
07/23/26 13:30:00,47.624,4608.0,
07/23/26 13:35:00,46.548,4864.0,
07/23/26 13:40:00,46.728,4608.0,
07/23/26 13:45:00,45.828,4864.0,
07/23/26 13:50:00,46.008,5376.0,
07/23/26 13:55:00,49.759,6400.0,
07/23/26 14:00:00,47.624,4352.0,
07/23/26 14:05:00,45.466,3584.0,
07/23/26 14:10:00,44.379,4096.0,
07/23/26 14:15:00,46.908,5120.0,
07/23/26 14:20:00,46.548,5376.0,
07/23/26 14:25:00,48.695,6144.0,
07/23/26 14:30:00,48.871,6144.0,
07/23/26 14:35:00,49.404,6400.0,
07/23/26 14:40:00,48.339,5632.0,
07/23/26 14:45:00,47.982,6144.0,
07/23/26 14:50:00,47.088,5888.0,
07/23/26 14:55:00,47.266,5376.0,
07/23/26 15:00:00,45.286,3968.0,
07/23/26 15:05:00,45.648,4608.0,
07/23/26 15:10:00,46.728,6144.0,
07/23/26 15:15:00,46.908,5888.0,
07/23/26 15:20:00,46.188,4352.0,
07/23/26 15:25:00,44.013,3200.0,
07/23/26 15:30:00,45.104,5632.0,
07/23/26 15:35:00,47.982,6144.0,
07/23/26 15:40:00,48.695,7680.0,
07/23/26 15:45:00,48.517,6144.0,
07/23/26 15:50:00,48.160,6912.0,
07/23/26 15:55:00,49.582,7168.0,
07/23/26 16:00:00,55.189,12800.0,
07/23/26 16:05:00,56.057,12288.0,
07/23/26 16:10:00,55.711,11264.0,
07/23/26 16:15:00,57.785,9728.0,
07/23/26 16:20:00,55.711,8704.0,
07/23/26 16:25:00,55.017,7424.0,
07/23/26 16:30:00,52.225,6656.0,
07/23/26 16:35:00,50.819,7424.0,
07/23/26 16:40:00,50.290,6912.0,
07/23/26 16:45:00,50.995,6912.0,
07/23/26 16:50:00,52.050,6400.0,
07/23/26 16:55:00,51.346,9216.0,
07/23/26 17:00:00,50.290,6400.0,
07/23/26 17:05:00,46.908,4352.0,
07/23/26 17:10:00,46.908,5632.0,
07/23/26 17:15:00,47.802,6144.0,
07/23/26 17:20:00,46.188,6144.0,
07/23/26 17:25:00,43.466,4352.0,
07/23/26 17:30:00,42.363,3968.0,
07/23/26 17:35:00,42.179,3584.0,
07/23/26 17:40:00,41.625,3456.0,
07/23/26 17:45:00,41.439,3200.0,
07/23/26 17:50:00,41.254,2560.0,
07/23/26 17:55:00,40.696,2048.0,
07/23/26 18:00:00,40.321,2048.0,
07/23/26 18:05:00,40.321,2560.0,
07/23/26 18:10:00,39.947,1664.0,
07/23/26 18:15:00,39.947,2304.0,
07/23/26 18:20:00,39.573,1920.0,
07/23/26 18:25:00,39.573,1792.0,
07/23/26 18:30:00,39.760,1664.0,
07/23/26 18:35:00,39.007,1408.0,
07/23/26 18:40:00,39.573,1792.0,
07/23/26 18:45:00,38.818,1152.0,
07/23/26 18:50:00,39.760,3072.0,
07/23/26 18:55:00,41.067,3200.0,
07/23/26 19:00:00,39.947,1920.0,
07/23/26 19:05:00,40.321,2176.0,
07/23/26 19:10:00,39.947,2304.0,
07/23/26 19:15:00,40.321,2816.0,
07/23/26 19:20:00,40.881,2688.0,
07/23/26 19:25:00,39.196,1536.0,
07/23/26 19:30:00,40.134,3200.0,
07/23/26 19:35:00,39.384,1984.0,
07/23/26 19:40:00,38.440,1344.0,
07/23/26 19:45:00,38.061,1152.0,
07/23/26 19:50:00,37.107,608.0,
07/23/26 19:55:00,36.914,992.0,
07/23/26 20:00:00,36.914,1024.0,
07/23/26 20:05:00,37.297,1024.0,
07/23/26 20:10:00,37.297,960.0,
07/23/26 20:15:00,37.297,992.0,
07/23/26 20:20:00,36.914,1024.0,
07/23/26 20:25:00,36.531,992.0,
07/23/26 20:30:00,36.338,704.0,
07/23/26 20:35:00,36.338,576.0,
07/23/26 20:40:00,36.145,480.0,
07/23/26 20:45:00,35.951,368.0,
07/23/26 20:50:00,35.951,448.0,
07/23/26 20:55:00,35.758,384.0,
07/23/26 21:00:00,35.758,480.0,
07/23/26 21:05:00,35.951,576.0,
07/23/26 21:10:00,36.338,496.0,
07/23/26 21:15:00,36.145,496.0,
07/23/26 21:20:00,35.758,288.0,
07/23/26 21:25:00,35.951,256.0,
07/23/26 21:30:00,35.758,240.0,
07/23/26 21:35:00,35.758,216.0,
07/23/26 21:40:00,35.564,176.0,
07/23/26 21:45:00,35.564,110.0,
07/23/26 21:50:00,35.370,93.0,
07/23/26 21:55:00,35.564,26.0,
07/23/26 22:00:00,35.564,15.0,
07/23/26 22:05:00,35.564,9.0,
07/23/26 22:10:00,35.758,6.0,
07/23/26 22:15:00,35.564,3.0,
07/23/26 22:20:00,35.758,2.0,
07/23/26 22:25:00,35.758,1.0,
07/23/26 22:30:00,35.564,0.0,
07/23/26 22:35:00,35.564,0.0,
07/23/26 22:40:00,35.370,0.0,
07/23/26 22:45:00,35.370,0.0,
07/23/26 22:50:00,35.370,0.0,
07/23/26 22:55:00,35.564,0.0,
07/23/26 23:00:00,35.564,0.0,
07/23/26 23:05:00,35.564,0.0,
07/23/26 23:10:00,35.564,0.0,
07/23/26 23:15:00,35.564,0.0,
07/23/26 23:20:00,35.370,0.0,
07/23/26 23:25:00,35.758,0.0,
07/23/26 23:30:00,35.564,0.0,
07/23/26 23:35:00,35.564,0.0,
07/23/26 23:40:00,35.564,0.0,
07/23/26 23:45:00,35.564,0.0,
07/23/26 23:50:00,35.564,0.0,
07/23/26 23:55:00,35.564,0.0,
07/24/26 00:00:00,35.370,0.0,
07/24/26 00:05:00,35.564,0.0,
07/24/26 00:10:00,35.564,0.0,
07/24/26 00:15:00,35.175,0.0,
07/24/26 00:20:00,35.175,0.0,
07/24/26 00:25:00,35.175,0.0,
07/24/26 00:30:00,35.175,0.0,
07/24/26 00:35:00,34.981,0.0,
07/24/26 00:40:00,34.981,0.0,
07/24/26 00:45:00,34.786,0.0,
07/24/26 00:50:00,34.786,0.0,
07/24/26 00:55:00,34.981,0.0,
07/24/26 01:00:00,34.786,0.0,
07/24/26 01:05:00,34.786,0.0,
07/24/26 01:10:00,34.590,0.0,
07/24/26 01:15:00,34.786,0.0,
07/24/26 01:20:00,35.370,0.0,
07/24/26 01:25:00,35.951,0.0,
07/24/26 01:30:00,35.758,0.0,
07/24/26 01:35:00,35.951,0.0,
07/24/26 01:40:00,35.758,0.0,
07/24/26 01:45:00,35.758,0.0,
07/24/26 01:50:00,35.370,0.0,
07/24/26 01:55:00,35.564,0.0,
07/24/26 02:00:00,35.758,0.0,
07/24/26 02:05:00,35.758,0.0,
07/24/26 02:10:00,35.370,0.0,
07/24/26 02:15:00,35.564,0.0,
07/24/26 02:20:00,35.370,0.0,
07/24/26 02:25:00,34.981,0.0,
07/24/26 02:30:00,34.786,0.0,
07/24/26 02:35:00,34.590,0.0,
07/24/26 02:40:00,34.590,0.0,
07/24/26 02:45:00,34.786,0.0,
07/24/26 02:50:00,35.370,0.0,
07/24/26 02:55:00,35.370,0.0,
07/24/26 03:00:00,35.370,0.0,
07/24/26 03:05:00,35.370,0.0,
07/24/26 03:10:00,35.370,0.0,
07/24/26 03:15:00,35.564,0.0,
07/24/26 03:20:00,35.564,0.0,
07/24/26 03:25:00,35.564,0.0,
07/24/26 03:30:00,35.564,0.0,
07/24/26 03:35:00,35.370,0.0,
07/24/26 03:40:00,35.175,1.0,
07/24/26 03:45:00,35.370,2.0,
07/24/26 03:50:00,35.175,5.0,
07/24/26 03:55:00,34.981,9.0,
07/24/26 04:00:00,35.175,13.0,
07/24/26 04:05:00,34.981,20.0,
07/24/26 04:10:00,34.981,27.0,
07/24/26 04:15:00,34.981,37.0,
07/24/26 04:20:00,34.981,45.0,
07/24/26 04:25:00,35.175,54.0,
07/24/26 04:30:00,34.981,70.0,
07/24/26 04:35:00,34.786,81.0,
07/24/26 04:40:00,34.590,97.0,
07/24/26 04:45:00,34.786,110.0,
07/24/26 04:50:00,34.981,128.0,
07/24/26 04:55:00,35.175,152.0,
07/24/26 05:00:00,35.175,160.0,
07/24/26 05:05:00,35.370,176.0,
07/24/26 05:10:00,35.175,184.0,
07/24/26 05:15:00,34.981,184.0,
07/24/26 05:20:00,35.175,192.0,
07/24/26 05:25:00,34.981,200.0,
07/24/26 05:30:00,34.981,240.0,
07/24/26 05:35:00,35.175,232.0,
07/24/26 05:40:00,35.370,320.0,
07/24/26 05:45:00,35.370,464.0,
07/24/26 05:50:00,35.564,608.0,
07/24/26 05:55:00,36.145,704.0,
07/24/26 06:00:00,36.531,960.0,
07/24/26 06:05:00,37.297,1728.0,
07/24/26 06:10:00,38.440,1920.0,
07/24/26 06:15:00,38.629,1536.0,
07/24/26 06:20:00,37.488,1024.0,
07/24/26 06:25:00,37.679,1600.0,
07/24/26 06:30:00,41.810,2688.0,
07/24/26 06:35:00,42.179,4352.0,
07/24/26 06:40:00,42.363,3584.0,
07/24/26 06:45:00,40.881,2816.0,
07/24/26 06:50:00,39.384,2048.0,
07/24/26 06:55:00,38.629,1664.0,
07/24/26 07:00:00,37.679,1152.0,
07/24/26 07:05:00,38.440,1920.0,
07/24/26 07:10:00,39.760,2176.0,
07/24/26 07:15:00,39.573,2816.0,
07/24/26 07:20:00,41.254,4096.0,
07/24/26 07:25:00,42.179,4608.0,
07/24/26 07:30:00,46.008,4352.0,
07/24/26 07:35:00,49.582,9216.0,
07/24/26 07:40:00,48.160,6656.0,
07/24/26 07:45:00,52.750,10752.0,
07/24/26 07:50:00,52.576,9728.0,
07/24/26 07:55:00,50.995,9216.0,
07/24/26 08:00:00,50.466,9216.0,
07/24/26 08:05:00,50.819,9216.0,
07/24/26 08:10:00,51.523,9728.0,
07/24/26 08:15:00,51.172,8704.0,
07/24/26 08:20:00,44.922,4608.0,
07/24/26 08:25:00,46.548,5888.0,
07/24/26 08:30:00,44.195,3200.0,
07/24/26 08:35:00,44.742,10240.0,
07/24/26 08:40:00,42.915,3456.0,
07/24/26 08:45:00,45.828,12288.0,
07/24/26 08:50:00,50.466,11776.0,
07/24/26 08:55:00,51.699,11776.0,
07/24/26 09:00:00,52.050,11776.0,
07/24/26 09:05:00,51.699,9728.0,
07/24/26 09:10:00,52.050,12288.0,
07/24/26 09:15:00,52.576,12288.0,
07/24/26 09:20:00,52.576,10752.0,
07/24/26 09:25:00,54.147,13824.0,
07/24/26 09:30:00,53.973,13824.0,
07/24/26 09:35:00,54.322,14336.0,
07/24/26 09:40:00,48.517,3968.0,
07/24/26 09:45:00,47.802,6400.0,
07/24/26 09:50:00,49.404,5888.0,
07/24/26 09:55:00,47.624,5632.0,
07/24/26 10:00:00,49.759,6912.0,
07/24/26 10:05:00,49.404,5888.0,
07/24/26 10:10:00,52.750,7168.0,
07/24/26 10:15:00,54.147,11264.0,
07/24/26 10:20:00,56.750,9728.0,
07/24/26 10:25:00,57.268,12800.0,
07/24/26 10:30:00,59.508,9728.0,
07/24/26 10:35:00,53.623,7680.0,
07/24/26 10:40:00,51.346,7424.0,
07/24/26 10:45:00,52.225,8704.0,
07/24/26 10:50:00,53.973,8704.0,
07/24/26 10:55:00,53.623,8704.0,
07/24/26 11:00:00,53.973,8704.0,
07/24/26 11:05:00,53.274,8704.0,
07/24/26 11:10:00,54.147,9728.0,
07/24/26 11:15:00,56.404,11264.0,
07/24/26 11:20:00,57.441,10240.0,
07/24/26 11:25:00,55.364,9216.0,
07/24/26 11:30:00,55.537,9728.0,
07/24/26 11:35:00,56.923,10752.0,
07/24/26 11:40:00,56.577,10752.0,
07/24/26 11:45:00,56.057,10240.0,
07/24/26 11:50:00,55.711,9216.0,
07/24/26 11:55:00,55.017,7936.0,
07/24/26 12:00:00,52.925,7168.0,
07/24/26 12:05:00,50.643,6656.0,
07/24/26 12:10:00,50.113,7424.0,
07/24/26 12:15:00,53.274,8704.0,
07/24/26 12:20:00,58.476,9216.0,
07/24/26 12:25:00,61.398,12800.0,
07/24/26 12:30:00,63.455,11264.0,
07/24/26 12:35:00,61.741,9728.0,
07/24/26 12:40:00,60.539,11776.0,
07/24/26 12:45:00,61.741,13824.0,
07/24/26 12:50:00,62.940,12800.0,
07/24/26 12:55:00,60.195,12288.0,
07/24/26 13:00:00,60.368,11264.0,
07/24/26 13:05:00,60.024,11776.0,
07/24/26 13:10:00,63.455,13824.0,
07/24/26 13:15:00,65.338,14848.0,
07/24/26 13:20:00,63.626,10240.0,
07/24/26 13:25:00,60.539,10240.0,
07/24/26 13:30:00,60.368,10240.0,
07/24/26 13:35:00,59.851,9728.0,
07/24/26 13:40:00,60.883,9728.0,
07/24/26 13:45:00,61.912,10240.0,
07/24/26 13:50:00,59.851,9728.0,
07/24/26 13:55:00,61.912,10240.0,
07/24/26 14:00:00,62.769,9216.0,
07/24/26 14:05:00,63.282,9728.0,
07/24/26 14:10:00,64.310,10240.0,
07/24/26 14:15:00,68.421,9728.0,
07/24/26 14:20:00,73.062,10752.0,
07/24/26 14:25:00,76.876,8704.0,
07/24/26 14:30:00,76.528,9216.0,
07/24/26 14:35:00,70.995,9728.0,
07/24/26 14:40:00,72.372,12800.0,
07/24/26 14:45:00,76.703,14336.0,
07/24/26 14:50:00,79.151,12800.0,
07/24/26 14:55:00,74.619,12800.0,
07/24/26 15:00:00,70.651,12288.0,
07/24/26 15:05:00,67.221,11776.0,
07/24/26 15:10:00,65.851,11776.0,
07/24/26 15:15:00,63.111,10752.0,
07/24/26 15:20:00,60.195,9216.0,
07/24/26 15:25:00,58.131,8192.0,
07/24/26 15:30:00,57.614,9728.0,
07/24/26 15:35:00,58.993,10752.0,
07/24/26 15:40:00,58.993,10752.0,
07/24/26 15:45:00,58.993,11264.0,
07/24/26 15:50:00,58.993,10752.0,
07/24/26 15:55:00,58.131,10752.0,
07/24/26 16:00:00,58.131,10752.0,
07/24/26 16:05:00,59.508,7936.0,
07/24/26 16:10:00,57.785,8192.0,
07/24/26 16:15:00,60.024,8192.0,
07/24/26 16:20:00,66.022,10240.0,
07/24/26 16:25:00,68.763,8704.0,
07/24/26 16:30:00,71.339,9216.0,
07/24/26 16:35:00,61.912,11776.0,
07/24/26 16:40:00,56.750,8704.0,
07/24/26 16:45:00,57.614,8704.0,
07/24/26 16:50:00,59.680,14336.0,
07/24/26 16:55:00,62.940,10752.0,
07/24/26 17:00:00,58.131,6912.0,
07/24/26 17:05:00,53.100,6144.0,
07/24/26 17:10:00,50.819,6144.0,
07/24/26 17:15:00,50.643,6144.0,
07/24/26 17:20:00,50.290,6400.0,
07/24/26 17:25:00,50.819,5888.0,
07/24/26 17:30:00,50.995,5376.0,
07/24/26 17:35:00,50.643,5120.0,
07/24/26 17:40:00,49.582,4864.0,
07/24/26 17:45:00,50.113,4608.0,
07/24/26 17:50:00,48.695,4864.0,
07/24/26 17:55:00,48.160,5120.0,
07/24/26 18:00:00,48.871,5376.0,
07/24/26 18:05:00,51.172,6400.0,
07/24/26 18:10:00,51.874,8704.0,
07/24/26 18:15:00,50.466,4608.0,
07/24/26 18:20:00,52.750,7424.0,
07/24/26 18:25:00,55.364,7168.0,
07/24/26 18:30:00,52.401,5120.0,
07/24/26 18:35:00,49.228,4096.0,
07/24/26 18:40:00,50.643,5376.0,
07/24/26 18:45:00,53.623,4864.0,
07/24/26 18:50:00,51.699,3584.0,
07/24/26 18:55:00,52.050,4352.0,
07/24/26 19:00:00,52.050,3712.0,
07/24/26 19:05:00,49.050,2688.0,
07/24/26 19:10:00,46.908,2304.0,
07/24/26 19:15:00,44.922,1920.0,
07/24/26 19:20:00,42.915,2176.0,
07/24/26 19:25:00,45.648,2304.0,
07/24/26 19:30:00,46.008,2304.0,
07/24/26 19:35:00,46.548,2176.0,
07/24/26 19:40:00,45.828,2048.0,
07/24/26 19:45:00,43.648,1920.0,
07/24/26 19:50:00,42.732,1984.0,
07/24/26 19:55:00,42.363,1792.0,
07/24/26 20:00:00,42.363,1664.0,
07/24/26 20:05:00,41.994,1536.0,
07/24/26 20:10:00,40.509,512.0,
07/24/26 20:15:00,38.440,896.0,
07/24/26 20:20:00,35.951,448.0,
07/24/26 20:25:00,34.981,512.0,
07/24/26 20:30:00,34.786,480.0,
07/24/26 20:35:00,34.198,432.0,
07/24/26 20:40:00,33.607,240.0,
07/24/26 20:45:00,33.411,224.0,
07/24/26 20:50:00,33.013,200.0,
07/24/26 20:55:00,32.418,184.0,
07/24/26 21:00:00,32.218,216.0,
07/24/26 21:05:00,33.013,240.0,
07/24/26 21:10:00,33.213,240.0,
07/24/26 21:15:00,32.418,115.0,
07/24/26 21:20:00,32.218,97.0,
07/24/26 21:25:00,33.013,85.0,
07/24/26 21:30:00,34.002,82.0,
07/24/26 21:35:00,34.002,75.0,
07/24/26 21:40:00,33.411,54.0,
07/24/26 21:45:00,33.013,38.0,
07/24/26 21:50:00,33.213,28.0,
07/24/26 21:55:00,34.002,17.0,
07/24/26 22:00:00,34.394,11.0,
07/24/26 22:05:00,34.002,6.0,
07/24/26 22:10:00,34.394,3.0,
07/24/26 22:15:00,34.394,2.0,
07/24/26 22:20:00,34.981,2.0,
07/24/26 22:25:00,34.786,0.0,
07/24/26 22:30:00,34.198,0.0,
07/24/26 22:35:00,34.002,0.0,
07/24/26 22:40:00,34.786,0.0,
07/24/26 22:45:00,35.564,0.0,
07/24/26 22:50:00,36.338,0.0,
07/24/26 22:55:00,35.951,0.0,
07/24/26 23:00:00,35.951,0.0,
07/24/26 23:05:00,35.758,0.0,
07/24/26 23:10:00,36.338,0.0,
07/24/26 23:15:00,36.338,0.0,
07/24/26 23:20:00,36.338,0.0,
07/24/26 23:25:00,36.338,0.0,
07/24/26 23:30:00,36.145,0.0,
07/24/26 23:35:00,35.951,0.0,
07/24/26 23:40:00,35.564,0.0,
07/24/26 23:45:00,35.564,0.0,
07/24/26 23:50:00,35.951,0.0,
07/24/26 23:55:00,36.145,0.0,
07/25/26 00:00:00,36.338,0.0,
07/25/26 00:05:00,36.145,0.0,
07/25/26 00:10:00,36.145,0.0,
07/25/26 00:15:00,36.338,0.0,
07/25/26 00:20:00,36.531,0.0,
07/25/26 00:25:00,36.531,0.0,
07/25/26 00:30:00,36.338,0.0,
07/25/26 00:35:00,36.145,0.0,
07/25/26 00:40:00,35.951,0.0,
07/25/26 00:45:00,35.758,0.0,
07/25/26 00:50:00,35.564,0.0,
07/25/26 00:55:00,35.564,0.0,
07/25/26 01:00:00,35.370,0.0,
07/25/26 01:05:00,35.370,0.0,
07/25/26 01:10:00,35.175,0.0,
07/25/26 01:15:00,34.981,0.0,
07/25/26 01:20:00,34.981,0.0,
07/25/26 01:25:00,34.981,0.0,
07/25/26 01:30:00,35.175,0.0,
07/25/26 01:35:00,35.370,0.0,
07/25/26 01:40:00,35.564,0.0,
07/25/26 01:45:00,35.758,0.0,
07/25/26 01:50:00,35.951,0.0,
07/25/26 01:55:00,35.951,0.0,
07/25/26 02:00:00,36.145,0.0,
07/25/26 02:05:00,36.145,0.0,
07/25/26 02:10:00,35.758,0.0,
07/25/26 02:15:00,35.370,0.0,
07/25/26 02:20:00,35.370,0.0,
07/25/26 02:25:00,34.981,0.0,
07/25/26 02:30:00,34.981,0.0,
07/25/26 02:35:00,34.981,0.0,
07/25/26 02:40:00,34.981,0.0,
07/25/26 02:45:00,35.175,0.0,
07/25/26 02:50:00,35.370,0.0,
07/25/26 02:55:00,35.564,0.0,
07/25/26 03:00:00,35.758,0.0,
07/25/26 03:05:00,35.564,0.0,
07/25/26 03:10:00,35.370,0.0,
07/25/26 03:15:00,35.175,0.0,
07/25/26 03:20:00,34.590,0.0,
07/25/26 03:25:00,34.590,0.0,
07/25/26 03:30:00,34.786,0.0,
07/25/26 03:35:00,34.981,0.0,
07/25/26 03:40:00,35.370,0.0,
07/25/26 03:45:00,35.564,0.0,
07/25/26 03:50:00,35.564,1.0,
07/25/26 03:55:00,35.564,4.0,
07/25/26 04:00:00,35.758,6.0,
07/25/26 04:05:00,35.564,9.0,
07/25/26 04:10:00,35.370,14.0,
07/25/26 04:15:00,35.370,17.0,
07/25/26 04:20:00,35.564,21.0,
07/25/26 04:25:00,35.951,34.0,
07/25/26 04:30:00,35.951,45.0,
07/25/26 04:35:00,35.758,59.0,
07/25/26 04:40:00,35.758,72.0,
07/25/26 04:45:00,35.564,70.0,
07/25/26 04:50:00,35.370,80.0,
07/25/26 04:55:00,35.564,105.0,
07/25/26 05:00:00,35.758,121.0,
07/25/26 05:05:00,35.758,144.0,
07/25/26 05:10:00,35.758,128.0,
07/25/26 05:15:00,35.758,144.0,
07/25/26 05:20:00,35.564,160.0,
07/25/26 05:25:00,36.145,192.0,
07/25/26 05:30:00,35.951,224.0,
07/25/26 05:35:00,36.145,272.0,
07/25/26 05:40:00,36.145,368.0,
07/25/26 05:45:00,36.531,416.0,
07/25/26 05:50:00,36.723,800.0,
07/25/26 05:55:00,37.297,1152.0,
07/25/26 06:00:00,37.107,672.0,
07/25/26 06:05:00,37.297,1024.0,
07/25/26 06:10:00,37.488,1024.0,
07/25/26 06:15:00,37.107,864.0,
07/25/26 06:20:00,37.107,960.0,
07/25/26 06:25:00,38.250,1856.0,
07/25/26 06:30:00,38.250,1536.0,
07/25/26 06:35:00,38.818,2304.0,
07/25/26 06:40:00,38.250,1152.0,
07/25/26 06:45:00,38.061,1408.0,
07/25/26 06:50:00,39.007,1856.0,
07/25/26 06:55:00,39.007,2048.0,
07/25/26 07:00:00,39.007,2176.0,
07/25/26 07:05:00,39.384,2304.0,
07/25/26 07:10:00,38.440,1408.0,
07/25/26 07:15:00,38.250,1344.0,
07/25/26 07:20:00,38.250,1216.0,
07/25/26 07:25:00,38.250,1216.0,
07/25/26 07:30:00,38.250,1088.0,
07/25/26 07:35:00,38.440,1728.0,
07/25/26 07:40:00,39.573,2304.0,
07/25/26 07:45:00,39.760,2048.0,
07/25/26 07:50:00,40.134,2816.0,
07/25/26 07:55:00,42.363,3968.0,
07/25/26 08:00:00,41.439,2688.0,
07/25/26 08:05:00,42.732,4864.0,
07/25/26 08:10:00,42.915,3712.0,
07/25/26 08:15:00,42.363,3456.0,
07/25/26 08:20:00,41.810,3200.0,
07/25/26 08:25:00,42.915,4352.0,
07/25/26 08:30:00,43.831,4608.0,
07/25/26 08:35:00,44.195,4096.0,
07/25/26 08:40:00,43.282,4096.0,
07/25/26 08:45:00,44.013,4608.0,
07/25/26 08:50:00,44.560,5376.0,
07/25/26 08:55:00,43.648,4608.0,
07/25/26 09:00:00,44.195,4352.0,
07/25/26 09:05:00,46.908,7424.0,
07/25/26 09:10:00,47.446,6144.0,
07/25/26 09:15:00,46.548,7680.0,
07/25/26 09:20:00,48.517,7424.0,
07/25/26 09:25:00,48.517,6400.0,
07/25/26 09:30:00,46.188,5120.0,
07/25/26 09:35:00,45.286,5120.0,
07/25/26 09:40:00,45.828,5632.0,
07/25/26 09:45:00,46.728,6656.0,
07/25/26 09:50:00,47.982,6656.0,
07/25/26 09:55:00,47.802,5888.0,
07/25/26 10:00:00,46.728,5632.0,
07/25/26 10:05:00,48.339,6912.0,
07/25/26 10:10:00,49.759,8192.0,
07/25/26 10:15:00,50.819,8192.0,
07/25/26 10:20:00,51.523,9216.0,
07/25/26 10:25:00,52.050,9216.0,
07/25/26 10:30:00,53.100,9728.0,
07/25/26 10:35:00,53.449,9216.0,
07/25/26 10:40:00,54.495,9216.0,
07/25/26 10:45:00,51.699,8192.0,
07/25/26 10:50:00,53.100,9728.0,
07/25/26 10:55:00,53.274,10752.0,
07/25/26 11:00:00,54.147,10240.0,
07/25/26 11:05:00,56.750,12800.0,
07/25/26 11:10:00,56.230,11264.0,
07/25/26 11:15:00,55.884,11264.0,
07/25/26 11:20:00,55.537,8192.0,
07/25/26 11:25:00,53.274,8704.0,
07/25/26 11:30:00,56.750,13312.0,
07/25/26 11:35:00,60.024,16384.0,
07/25/26 11:40:00,60.712,14336.0,
07/25/26 11:45:00,58.820,14848.0,
07/25/26 11:50:00,61.741,16384.0,
07/25/26 11:55:00,61.569,21504.0,
07/25/26 12:00:00,57.958,9728.0,
07/25/26 12:05:00,59.851,13312.0,
07/25/26 12:10:00,59.337,16384.0,
07/25/26 12:15:00,62.083,22528.0,
07/25/26 12:20:00,56.750,10752.0,
07/25/26 12:25:00,55.537,11264.0,
07/25/26 12:30:00,56.057,7680.0,
07/25/26 12:35:00,56.750,8704.0,
07/25/26 12:40:00,56.577,15872.0,
07/25/26 12:45:00,59.337,16384.0,
07/25/26 12:50:00,57.441,12288.0,
07/25/26 12:55:00,55.189,15360.0,
07/25/26 13:00:00,56.750,12800.0,
07/25/26 13:05:00,55.189,8704.0,
07/25/26 13:10:00,52.750,7168.0,
07/25/26 13:15:00,51.346,7168.0,
07/25/26 13:20:00,51.699,7168.0,
07/25/26 13:25:00,53.274,7168.0,
07/25/26 13:30:00,54.147,8704.0,
07/25/26 13:35:00,54.669,8192.0,
07/25/26 13:40:00,55.537,9216.0,
07/25/26 13:45:00,57.441,10240.0,
07/25/26 13:50:00,62.425,12800.0,
07/25/26 13:55:00,67.392,15360.0,
07/25/26 14:00:00,62.940,12288.0,
07/25/26 14:05:00,62.940,15872.0,
07/25/26 14:10:00,66.879,27648.0,
07/25/26 14:15:00,64.139,11776.0,
07/25/26 14:20:00,60.712,10240.0,
07/25/26 14:25:00,57.096,9216.0,
07/25/26 14:30:00,56.230,9216.0,
07/25/26 14:35:00,56.750,10752.0,
07/25/26 14:40:00,56.750,9728.0,
07/25/26 14:45:00,56.923,9728.0,
07/25/26 14:50:00,57.785,10240.0,
07/25/26 14:55:00,58.647,10752.0,
07/25/26 15:00:00,59.337,10752.0,
07/25/26 15:05:00,60.195,10752.0,
07/25/26 15:10:00,61.569,13312.0,
07/25/26 15:15:00,61.398,10240.0,
07/25/26 15:20:00,59.680,9216.0,
07/25/26 15:25:00,58.131,10240.0,
07/25/26 15:30:00,58.476,10752.0,
07/25/26 15:35:00,60.368,13312.0,
07/25/26 15:40:00,60.883,13824.0,
07/25/26 15:45:00,61.569,10240.0,
07/25/26 15:50:00,58.993,10240.0,
07/25/26 15:55:00,60.195,9728.0,
07/25/26 16:00:00,60.712,9216.0,
07/25/26 16:05:00,60.368,9216.0,
07/25/26 16:10:00,59.164,9728.0,
07/25/26 16:15:00,62.769,11264.0,
07/25/26 16:20:00,62.083,9216.0,
07/25/26 16:25:00,60.539,6912.0,
07/25/26 16:30:00,57.096,6144.0,
07/25/26 16:35:00,56.057,6144.0,
07/25/26 16:40:00,55.711,6912.0,
07/25/26 16:45:00,56.230,7168.0,
07/25/26 16:50:00,54.842,6656.0,
07/25/26 16:55:00,56.404,9728.0,
07/25/26 17:00:00,56.230,11264.0,
07/25/26 17:05:00,57.268,8704.0,
07/25/26 17:10:00,61.398,10752.0,
07/25/26 17:15:00,59.851,7680.0,
07/25/26 17:20:00,56.230,7936.0,
07/25/26 17:25:00,60.883,13312.0,
07/25/26 17:30:00,59.680,7936.0,
07/25/26 17:35:00,57.958,9728.0,
07/25/26 17:40:00,61.054,11264.0,
07/25/26 17:45:00,58.993,8192.0,
07/25/26 17:50:00,57.958,7168.0,
07/25/26 17:55:00,58.820,9728.0,
07/25/26 18:00:00,60.368,10752.0,
07/25/26 18:05:00,61.741,10752.0,
07/25/26 18:10:00,62.425,10752.0,
07/25/26 18:15:00,61.398,5632.0,
07/25/26 18:20:00,52.225,4864.0,
07/25/26 18:25:00,49.759,4352.0,
07/25/26 18:30:00,48.871,5888.0,
07/25/26 18:35:00,51.172,4608.0,
07/25/26 18:40:00,47.624,3968.0,
07/25/26 18:45:00,46.369,3712.0,
07/25/26 18:50:00,46.008,3840.0,
07/25/26 18:55:00,44.379,2432.0,
07/25/26 19:00:00,43.466,2432.0,
07/25/26 19:05:00,42.732,2048.0,
07/25/26 19:10:00,42.179,1792.0,
07/25/26 19:15:00,42.179,2304.0,
07/25/26 19:20:00,43.099,2816.0,
07/25/26 19:25:00,43.648,3200.0,
07/25/26 19:30:00,43.466,2432.0,
07/25/26 19:35:00,41.994,1280.0,
07/25/26 19:40:00,40.509,896.0,
07/25/26 19:45:00,39.947,960.0,
07/25/26 19:50:00,39.760,1152.0,
07/25/26 19:55:00,39.760,1152.0,
07/25/26 20:00:00,40.321,1536.0,
07/25/26 20:05:00,40.696,1728.0,
07/25/26 20:10:00,40.509,1344.0,
07/25/26 20:15:00,40.134,960.0,
07/25/26 20:20:00,39.196,704.0,
07/25/26 20:25:00,39.007,672.0,
07/25/26 20:30:00,38.629,608.0,
07/25/26 20:35:00,39.007,672.0,
07/25/26 20:40:00,38.818,704.0,
07/25/26 20:45:00,38.440,672.0,
07/25/26 20:50:00,38.440,576.0,
07/25/26 20:55:00,38.061,512.0,
07/25/26 21:00:00,38.061,448.0,
07/25/26 21:05:00,37.679,304.0,
07/25/26 21:10:00,37.107,232.0,
07/25/26 21:15:00,36.723,176.0,
07/25/26 21:20:00,36.145,160.0,
07/25/26 21:25:00,36.338,128.0,
07/25/26 21:30:00,36.531,100.0,
07/25/26 21:35:00,37.107,74.0,
07/25/26 21:40:00,36.531,60.0,
07/25/26 21:45:00,36.145,36.0,
07/25/26 21:50:00,36.723,23.0,
07/25/26 21:55:00,37.297,14.0,
07/25/26 22:00:00,37.297,8.0,
07/25/26 22:05:00,37.107,5.0,
07/25/26 22:10:00,37.107,3.0,
07/25/26 22:15:00,37.107,1.0,
07/25/26 22:20:00,36.914,0.0,
07/25/26 22:25:00,36.914,0.0,
07/25/26 22:30:00,36.531,0.0,
07/25/26 22:35:00,36.723,0.0,
07/25/26 22:40:00,36.723,0.0,
07/25/26 22:45:00,36.723,0.0,
07/25/26 22:50:00,36.723,0.0,
07/25/26 22:55:00,36.723,0.0,
07/25/26 23:00:00,36.914,0.0,
07/25/26 23:05:00,36.723,0.0,
07/25/26 23:10:00,36.723,0.0,
07/25/26 23:15:00,36.723,0.0,
07/25/26 23:20:00,37.107,0.0,
07/25/26 23:25:00,36.914,0.0,
07/25/26 23:30:00,37.107,0.0,
07/25/26 23:35:00,37.107,0.0,
07/25/26 23:40:00,36.914,0.0,
07/25/26 23:45:00,36.723,0.0,
07/25/26 23:50:00,36.723,0.0,
07/25/26 23:55:00,36.338,0.0,
07/26/26 00:00:00,36.145,0.0,
07/26/26 00:05:00,36.145,0.0,
07/26/26 00:10:00,36.145,0.0,
07/26/26 00:15:00,35.951,0.0,
07/26/26 00:20:00,36.338,0.0,
07/26/26 00:25:00,36.338,0.0,
07/26/26 00:30:00,36.338,0.0,
07/26/26 00:35:00,35.951,0.0,
07/26/26 00:40:00,36.145,0.0,
07/26/26 00:45:00,36.145,0.0,
07/26/26 00:50:00,35.758,0.0,
07/26/26 00:55:00,36.145,0.0,
07/26/26 01:00:00,36.338,0.0,
07/26/26 01:05:00,36.145,0.0,
07/26/26 01:10:00,35.951,0.0,
07/26/26 01:15:00,35.758,0.0,
07/26/26 01:20:00,35.758,0.0,
07/26/26 01:25:00,35.758,0.0,
07/26/26 01:30:00,35.758,0.0,
07/26/26 01:35:00,35.370,0.0,
07/26/26 01:40:00,35.175,0.0,
07/26/26 01:45:00,35.564,0.0,
07/26/26 01:50:00,35.564,0.0,
07/26/26 01:55:00,35.564,0.0,
07/26/26 02:00:00,35.564,0.0,
07/26/26 02:05:00,35.564,0.0,
07/26/26 02:10:00,35.564,0.0,
07/26/26 02:15:00,35.564,0.0,
07/26/26 02:20:00,35.564,0.0,
07/26/26 02:25:00,35.758,0.0,
07/26/26 02:30:00,35.758,0.0,
07/26/26 02:35:00,35.951,0.0,
07/26/26 02:40:00,35.951,0.0,
07/26/26 02:45:00,36.145,0.0,
07/26/26 02:50:00,35.951,0.0,
07/26/26 02:55:00,35.758,0.0,
07/26/26 03:00:00,35.758,0.0,
07/26/26 03:05:00,35.564,0.0,
07/26/26 03:10:00,35.370,0.0,
07/26/26 03:15:00,35.175,0.0,
07/26/26 03:20:00,34.981,0.0,
07/26/26 03:25:00,34.981,0.0,
07/26/26 03:30:00,34.590,0.0,
07/26/26 03:35:00,34.981,0.0,
07/26/26 03:40:00,34.981,0.0,
07/26/26 03:45:00,34.981,1.0,
07/26/26 03:50:00,34.981,2.0,
07/26/26 03:55:00,35.175,4.0,
07/26/26 04:00:00,35.175,6.0,
07/26/26 04:05:00,35.175,8.0,
07/26/26 04:10:00,35.175,12.0,
07/26/26 04:15:00,35.175,16.0,
07/26/26 04:20:00,34.981,22.0,
07/26/26 04:25:00,34.981,27.0,
07/26/26 04:30:00,34.981,34.0,
07/26/26 04:35:00,34.981,51.0,
07/26/26 04:40:00,35.175,79.0,
07/26/26 04:45:00,34.981,120.0,
07/26/26 04:50:00,35.175,152.0,
07/26/26 04:55:00,35.175,168.0,
07/26/26 05:00:00,35.370,192.0,
07/26/26 05:05:00,35.175,248.0,
07/26/26 05:10:00,35.370,320.0,
07/26/26 05:15:00,35.758,400.0,
07/26/26 05:20:00,35.758,480.0,
07/26/26 05:25:00,35.758,480.0,
07/26/26 05:30:00,35.758,512.0,
07/26/26 05:35:00,35.758,608.0,
07/26/26 05:40:00,35.951,672.0,
07/26/26 05:45:00,36.145,768.0,
07/26/26 05:50:00,36.338,864.0,
07/26/26 05:55:00,36.723,960.0,
07/26/26 06:00:00,37.107,1088.0,
07/26/26 06:05:00,37.679,1344.0,
07/26/26 06:10:00,38.440,1600.0,
07/26/26 06:15:00,39.007,1792.0,
07/26/26 06:20:00,39.196,1920.0,
07/26/26 06:25:00,39.196,1920.0,
07/26/26 06:30:00,39.573,2048.0,
07/26/26 06:35:00,39.947,2176.0,
07/26/26 06:40:00,39.760,2304.0,
07/26/26 06:45:00,39.947,2176.0,
07/26/26 06:50:00,39.947,2048.0,
07/26/26 06:55:00,39.573,1920.0,
07/26/26 07:00:00,39.196,1856.0,
07/26/26 07:05:00,39.007,1728.0,
07/26/26 07:10:00,39.196,1792.0,
07/26/26 07:15:00,39.573,2048.0,
07/26/26 07:20:00,42.548,2688.0,
07/26/26 07:25:00,43.648,2816.0,
07/26/26 07:30:00,46.188,3456.0,
07/26/26 07:35:00,45.828,3200.0,
07/26/26 07:40:00,43.466,2688.0,
07/26/26 07:45:00,42.732,2688.0,
07/26/26 07:50:00,43.282,3456.0,
07/26/26 07:55:00,41.254,2432.0,
07/26/26 08:00:00,40.696,2560.0,
07/26/26 08:05:00,40.696,2944.0,
07/26/26 08:10:00,43.831,4608.0,
07/26/26 08:15:00,44.195,4096.0,
07/26/26 08:20:00,44.560,4352.0,
07/26/26 08:25:00,46.008,5888.0,
07/26/26 08:30:00,47.266,6144.0,
07/26/26 08:35:00,47.088,5632.0,
07/26/26 08:40:00,46.008,4864.0,
07/26/26 08:45:00,47.266,6400.0,
07/26/26 08:50:00,49.050,8192.0,
07/26/26 08:55:00,50.995,8192.0,
07/26/26 09:00:00,50.643,6656.0,
07/26/26 09:05:00,49.759,5632.0,
07/26/26 09:10:00,47.446,5888.0,
07/26/26 09:15:00,50.995,7680.0,
07/26/26 09:20:00,49.228,6656.0,
07/26/26 09:25:00,49.582,6144.0,
07/26/26 09:30:00,48.517,5632.0,
07/26/26 09:35:00,47.802,5376.0,
07/26/26 09:40:00,47.624,6144.0,
07/26/26 09:45:00,49.050,6656.0,
07/26/26 09:50:00,51.172,7680.0,
07/26/26 09:55:00,52.576,8192.0,
07/26/26 10:00:00,53.798,8704.0,
07/26/26 10:05:00,53.623,7936.0,
07/26/26 10:10:00,52.576,7936.0,
07/26/26 10:15:00,52.050,7680.0,
07/26/26 10:20:00,51.699,7680.0,
07/26/26 10:25:00,51.172,7424.0,
07/26/26 10:30:00,50.995,6912.0,
07/26/26 10:35:00,50.995,6656.0,
07/26/26 10:40:00,51.172,6656.0,
07/26/26 10:45:00,52.750,8192.0,
07/26/26 10:50:00,54.322,8704.0,
07/26/26 10:55:00,54.669,9216.0,
07/26/26 11:00:00,54.495,8192.0,
07/26/26 11:05:00,53.973,8192.0,
07/26/26 11:10:00,53.623,7936.0,
07/26/26 11:15:00,54.495,8704.0,
07/26/26 11:20:00,54.669,8192.0,
07/26/26 11:25:00,55.017,8704.0,
07/26/26 11:30:00,56.923,10240.0,
07/26/26 11:35:00,57.958,10240.0,
07/26/26 11:40:00,59.337,11264.0,
07/26/26 11:45:00,57.614,9728.0,
07/26/26 11:50:00,56.750,9728.0,
07/26/26 11:55:00,56.404,9216.0,
07/26/26 12:00:00,55.711,8704.0,
07/26/26 12:05:00,54.147,7936.0,
07/26/26 12:10:00,53.449,8192.0,
07/26/26 12:15:00,53.449,8192.0,
07/26/26 12:20:00,53.973,8704.0,
07/26/26 12:25:00,53.449,8704.0,
07/26/26 12:30:00,53.798,9216.0,
07/26/26 12:35:00,54.322,9216.0,
07/26/26 12:40:00,54.495,9728.0,
07/26/26 12:45:00,55.364,9728.0,
07/26/26 12:50:00,55.364,9728.0,
07/26/26 12:55:00,55.364,9728.0,
07/26/26 13:00:00,55.017,9728.0,
07/26/26 13:05:00,54.495,8704.0,
07/26/26 13:10:00,53.449,8704.0,
07/26/26 13:15:00,53.274,8704.0,
07/26/26 13:20:00,53.623,8704.0,
07/26/26 13:25:00,53.274,8192.0,
07/26/26 13:30:00,52.401,8192.0,
07/26/26 13:35:00,52.401,8192.0,
07/26/26 13:40:00,53.100,8192.0,
07/26/26 13:45:00,53.623,8192.0,
07/26/26 13:50:00,53.274,8192.0,
07/26/26 13:55:00,52.750,7680.0,
07/26/26 14:00:00,52.225,7424.0,
07/26/26 14:05:00,51.346,7168.0,
07/26/26 14:10:00,50.995,7168.0,
07/26/26 14:15:00,51.346,7168.0,
07/26/26 14:20:00,50.995,7168.0,
07/26/26 14:25:00,51.172,7424.0,
07/26/26 14:30:00,51.523,7680.0,
07/26/26 14:35:00,51.874,7680.0,
07/26/26 14:40:00,51.523,7424.0,
07/26/26 14:45:00,51.346,7424.0,
07/26/26 14:50:00,50.643,6912.0,
07/26/26 14:55:00,50.290,6656.0,
07/26/26 15:00:00,49.759,6400.0,
07/26/26 15:05:00,49.759,6656.0,
07/26/26 15:10:00,49.759,6912.0,
07/26/26 15:15:00,49.228,6144.0,
07/26/26 15:20:00,48.695,5888.0,
07/26/26 15:25:00,48.339,5632.0,
07/26/26 15:30:00,47.982,5376.0,
07/26/26 15:35:00,47.982,5632.0,
07/26/26 15:40:00,48.339,5632.0,
07/26/26 15:45:00,48.695,5888.0,
07/26/26 15:50:00,48.339,5376.0,
07/26/26 15:55:00,47.982,5376.0,
07/26/26 16:00:00,47.624,5120.0,
07/26/26 16:05:00,46.728,4864.0,
07/26/26 16:10:00,46.008,4864.0,
07/26/26 16:15:00,45.648,4608.0,
07/26/26 16:20:00,45.648,4608.0,
07/26/26 16:25:00,45.828,4352.0,
07/26/26 16:30:00,45.648,4096.0,
07/26/26 16:35:00,45.286,4096.0,
07/26/26 16:40:00,45.466,4096.0,
07/26/26 16:45:00,45.286,3712.0,
07/26/26 16:50:00,44.379,3456.0,
07/26/26 16:55:00,44.013,3328.0,
07/26/26 17:00:00,44.379,3456.0,
07/26/26 17:05:00,44.922,3456.0,
07/26/26 17:10:00,45.648,3840.0,
07/26/26 17:15:00,46.188,3840.0,
07/26/26 17:20:00,47.088,4352.0,
07/26/26 17:25:00,48.695,4864.0,
07/26/26 17:30:00,49.228,4352.0,
07/26/26 17:35:00,48.517,3840.0,
07/26/26 17:40:00,47.624,3584.0,
07/26/26 17:45:00,46.548,3200.0,
07/26/26 17:50:00,46.188,3072.0,
07/26/26 17:55:00,46.548,2816.0,
07/26/26 18:00:00,47.446,3072.0,
07/26/26 18:05:00,46.548,2944.0,
07/26/26 18:10:00,46.728,1984.0,
07/26/26 18:15:00,44.379,2048.0,
07/26/26 18:20:00,41.625,1920.0,Logged
