Plot,Title:,10700599,,,,
#,Date Time,,Temp (degF) (2m unprotected) ,"Temp (surface, unprotected)",Temp (2m protected),Relative Humidity (Protected)
1,6/11/22,13:00,70.329,68.484,73.719,47.985
2,6/11/22,13:15,70.502,68.27,74.674,45.963
3,6/11/22,13:30,70.846,71.533,75.409,44.718
4,6/11/22,13:45,69.343,68.828,69.834,49.567
5,6/11/22,14:00,67.714,67.671,68.401,53.742
6,6/11/22,14:15,67.456,67.372,68.146,54.537
7,6/11/22,14:30,67.285,67.199,67.91,55.143
8,6/11/22,14:45,67.114,67.114,67.721,55.407
9,6/11/22,15:00,66.943,66.943,67.514,55.454
10,6/11/22,15:15,66.857,66.857,67.33,55.779
11,6/11/22,15:30,66.772,66.772,67.167,55.967
12,6/11/22,15:45,66.686,66.686,67.026,56.066
13,6/11/22,16:00,66.515,66.558,66.895,56.025
14,6/11/22,16:15,66.385,66.385,66.76,55.756
15,6/11/22,16:30,66.258,66.13,66.582,54.331
16,6/11/22,16:45,66.258,66,66.466,55.442
17,6/11/22,17:00,66.429,66.173,66.472,56.301
18,6/11/22,17:15,66.558,66.301,66.466,56.851
19,6/11/22,17:30,66.686,66.429,66.49,57.101
20,6/11/22,17:45,66.772,66.515,66.529,57.017
21,6/11/22,18:00,66.729,66.385,66.529,55.396
22,6/11/22,18:15,66.814,66.558,66.553,56.42
23,6/11/22,18:30,66.9,66.643,66.596,56.609
24,6/11/22,18:45,67.071,66.772,66.645,57.211
25,6/11/22,19:00,67.242,66.857,66.731,57.934
26,6/11/22,19:15,67.329,66.943,66.785,58.17
27,6/11/22,19:30,67.329,66.772,66.808,56.538
28,6/11/22,19:45,67.071,66.6,66.731,55.879
29,6/11/22,20:00,66.857,66.385,66.645,54.942
30,6/11/22,20:15,66.943,66.515,66.63,55.972
31,6/11/22,20:30,66.9,66.515,66.607,55.291
32,6/11/22,20:45,66.814,66.472,66.567,56.118
33,6/11/22,21:00,66.772,66.558,66.538,55.731
34,6/11/22,21:15,66.772,66.515,66.515,56.092
35,6/11/22,21:30,66.686,66.515,66.501,55.985
36,6/11/22,21:45,66.857,66.472,66.486,57.076
37,6/11/22,22:00,67.071,66.6,66.515,57.096
38,6/11/22,22:15,67.114,66.686,66.547,56.727
39,6/11/22,22:30,67.242,66.729,66.592,56.834
40,6/11/22,22:45,67.372,66.857,66.654,57.516
41,6/11/22,23:00,67.543,66.985,66.731,58.227
42,6/11/22,23:15,67.586,66.9,66.79,57.63
43,6/11/22,23:30,67.627,67.071,66.837,57.433
44,6/11/22,23:45,67.671,67.114,66.871,57.551
45,6/12/22,0:00,67.714,67.285,66.929,57.945
46,6/12/22,0:15,67.842,67.413,67.006,58.958
47,6/12/22,0:30,67.842,67.456,67.069,58.654
48,6/12/22,0:45,67.671,67.372,67.084,58.326
49,6/12/22,1:00,67.5,67.199,67.064,57.835
50,6/12/22,1:15,67.372,67.028,67.026,57.371
51,6/12/22,1:30,67.242,66.9,66.963,56.957
52,6/12/22,1:45,67.071,66.729,66.895,56.577
53,6/12/22,2:00,66.943,66.6,66.819,56.388
54,6/12/22,2:15,66.814,66.472,66.742,56.274
55,6/12/22,2:30,66.729,66.385,66.654,56.262
56,6/12/22,2:45,66.6,66.258,66.567,56.152
57,6/12/22,3:00,66.472,66.13,66.472,56.143
58,6/12/22,3:15,66.385,66.043,66.389,56.1
59,6/12/22,3:30,66.258,65.916,66.303,56.167
60,6/12/22,3:45,66.173,65.829,66.211,56.193
61,6/12/22,4:00,66.087,65.745,66.139,56.13
62,6/12/22,4:15,66,65.701,66.065,56.132
63,6/12/22,4:30,65.959,65.615,66.007,56.089
64,6/12/22,4:45,65.872,65.53,65.93,56.071
65,6/12/22,5:00,65.788,65.487,65.863,56.123
66,6/12/22,5:15,65.745,65.403,65.809,56.211
67,6/12/22,5:30,65.658,65.359,65.757,56.298
68,6/12/22,5:45,65.615,65.316,65.709,56.141
69,6/12/22,6:00,65.53,65.23,65.64,56.158
70,6/12/22,6:15,65.444,65.145,65.574,56.167
71,6/12/22,6:30,65.403,65.102,65.52,56.081
72,6/12/22,6:45,65.359,65.102,65.473,56.213
73,6/12/22,7:00,65.316,65.059,65.433,56.268
74,6/12/22,7:15,65.316,65.017,65.385,56.432
75,6/12/22,7:30,65.359,65.102,65.367,56.571
76,6/12/22,7:45,65.359,65.102,65.356,56.866
77,6/12/22,8:00,65.53,65.23,65.356,56.887
78,6/12/22,8:15,65.701,65.23,65.356,57.133
79,6/12/22,8:30,66.087,65.658,65.453,57.549
80,6/12/22,8:45,66.13,65.701,64.762,59.776
81,6/12/22,9:00,65.273,65.017,63.725,61.819
82,6/12/22,9:15,64.888,64.632,63.59,62.071
83,6/12/22,9:30,64.459,64.332,63.513,62.547
84,6/12/22,9:45,64.418,64.204,63.464,62.881
85,6/12/22,10:00,64.375,64.161,63.432,62.818
86,6/12/22,10:15,64.332,64.117,63.387,62.879
87,6/12/22,10:30,64.247,64.033,63.358,62.585
88,6/12/22,10:45,63.176,63.775,63.156,62.248
89,6/12/22,11:00,63.561,63.561,63.171,62.509
90,6/12/22,11:15,63.862,63.732,63.208,62.315
91,6/12/22,11:30,63.903,63.732,63.208,62.158
92,6/12/22,11:45,63.99,63.775,63.208,61.91
93,6/12/22,12:00,64.033,63.775,63.228,61.82
94,6/12/22,12:15,64.033,63.775,63.243,62.933
95,6/12/22,12:30,64.074,63.819,63.306,68.493
96,6/12/22,12:45,64.033,63.862,63.28,70.059
97,6/12/22,13:00,64.074,63.862,63.228,69.071
98,6/12/22,13:15,63.946,63.819,63.194,68.254
99,6/12/22,13:30,63.946,63.775,63.156,67.506
100,6/12/22,13:45,63.99,63.732,63.117,65.73
101,6/12/22,14:00,63.903,63.689,63.099,65.362
102,6/12/22,14:15,63.946,63.689,63.117,65.026
103,6/12/22,14:30,63.99,63.689,63.117,64.692
104,6/12/22,14:45,63.518,63.604,62.933,64.092
105,6/12/22,15:00,63.604,63.518,62.953,63.38
106,6/12/22,15:15,63.732,63.518,62.947,62.785
107,6/12/22,15:30,63.518,63.433,62.852,62.341
108,6/12/22,15:45,63.518,63.219,62.861,62.341
109,6/12/22,16:00,63.604,63.304,62.947,62.033
110,6/12/22,16:15,63.604,63.347,62.978,61.759
111,6/12/22,16:30,63.648,63.39,62.992,61.358
112,6/12/22,16:45,63.648,63.39,62.996,61.129
113,6/12/22,17:00,63.648,63.39,63.007,61.038
114,6/12/22,17:15,63.648,63.39,63.007,60.832
115,6/12/22,17:30,63.648,63.39,62.982,60.63
116,6/12/22,17:45,63.518,63.347,62.915,60.755
117,6/12/22,18:00,63.561,63.304,62.953,60.801
118,6/12/22,18:15,63.561,63.304,62.962,60.897
119,6/12/22,18:30,63.561,63.347,62.973,60.969
120,6/12/22,18:45,63.604,63.347,62.967,61.228
121,6/12/22,19:00,63.604,63.347,62.978,61.331
122,6/12/22,19:15,63.604,63.39,62.982,61.624
123,6/12/22,19:30,63.689,63.39,63.007,62.283
124,6/12/22,19:45,63.689,63.433,63.007,62.396
125,6/12/22,20:00,63.648,63.433,63.001,62.367
126,6/12/22,20:15,63.604,63.39,63.01,63.987
127,6/12/22,20:30,63.689,63.433,63.039,65.772
128,6/12/22,20:45,63.732,63.475,63.021,65.051
129,6/12/22,21:00,63.775,63.518,63.021,64.991
130,6/12/22,21:15,63.819,63.518,63.05,65.263
131,6/12/22,21:30,63.732,63.518,63.01,65.498
132,6/12/22,21:45,63.775,63.518,63.025,65.391
133,6/12/22,22:00,63.819,63.561,63.039,65.916
134,6/12/22,22:15,63.819,63.561,63.03,66.04
135,6/12/22,22:30,63.819,63.561,63.039,66.133
136,6/12/22,22:45,63.775,63.561,63.036,66.259
137,6/12/22,23:00,63.775,63.518,63.03,66.014
138,6/12/22,23:15,63.862,63.561,63.05,66.018
139,6/12/22,23:30,63.862,63.561,63.05,65.83
140,6/12/22,23:45,63.862,63.561,63.045,65.602
141,6/13/22,0:00,63.862,63.604,63.045,65.353
142,6/13/22,0:15,63.903,63.604,63.039,64.819
143,6/13/22,0:30,63.903,63.604,63.036,64.179
144,6/13/22,0:45,63.862,63.561,63.025,63.783
145,6/13/22,1:00,63.819,63.561,63.03,63.552
146,6/13/22,1:15,63.819,63.561,63.016,63.276
147,6/13/22,1:30,63.775,63.518,63.007,62.988
148,6/13/22,1:45,63.732,63.475,62.996,62.773
149,6/13/22,2:00,63.689,63.475,62.978,62.557
150,6/13/22,2:15,63.648,63.433,62.967,62.502
151,6/13/22,2:30,63.604,63.39,62.958,62.467
152,6/13/22,2:45,63.561,63.347,62.944,62.399
153,6/13/22,3:00,63.561,63.347,62.924,62.286
154,6/13/22,3:15,63.518,63.304,62.91,62.153
155,6/13/22,3:30,63.475,63.262,62.895,62.191
156,6/13/22,3:45,63.433,63.219,62.886,62.213
157,6/13/22,4:00,63.39,63.219,62.872,62.254
158,6/13/22,4:15,63.39,63.176,62.857,62.382
159,6/13/22,4:30,63.347,63.133,62.847,62.353
160,6/13/22,4:45,63.304,63.133,62.827,62.379
161,6/13/22,5:00,63.262,63.09,62.818,62.387
162,6/13/22,5:15,63.262,63.048,62.803,62.405
163,6/13/22,5:30,63.219,63.048,62.789,62.448
164,6/13/22,5:45,63.219,63.005,62.78,62.518
165,6/13/22,6:00,63.219,63.005,62.769,62.626
166,6/13/22,6:15,63.176,63.005,62.76,62.734
167,6/13/22,6:30,63.176,62.962,62.755,62.806
168,6/13/22,6:45,63.133,62.962,62.735,62.875
169,6/13/22,7:00,63.133,62.919,62.731,62.893
170,6/13/22,7:15,63.133,62.919,62.726,62.942
171,6/13/22,7:30,63.09,62.919,62.721,63.064
172,6/13/22,7:45,62.962,62.834,62.49,62.745
173,6/13/22,8:00,63.005,62.791,62.427,63.798
174,6/13/22,8:15,63.048,62.834,62.614,63.854
175,6/13/22,8:30,63.09,62.875,62.692,64.337
176,6/13/22,8:45,63.176,62.919,62.697,64.625
177,6/13/22,9:00,63.133,62.875,62.451,64.869
178,6/13/22,9:15,63.133,62.875,62.64,64.198
179,6/13/22,9:30,63.133,62.875,62.629,65.339
180,6/13/22,9:45,63.176,62.919,62.677,65.646
181,6/13/22,10:00,63.219,63.005,62.784,65.472
182,6/13/22,10:15,63.304,63.09,62.823,66.557
183,6/13/22,10:30,63.347,63.09,62.78,67.161
184,6/13/22,10:45,63.262,62.791,62.181,66.909
185,6/13/22,11:00,64.247,64.332,65.217,66.705
186,6/13/22,11:15,65.273,64.888,65.766,61.855
187,6/13/22,11:30,64.888,64.589,65.034,62.579
188,6/13/22,11:45,64.674,64.459,64.81,62.62
189,6/13/22,12:00,64.76,64.459,64.758,61.839
190,6/13/22,12:15,64.674,64.418,64.647,61.382
191,6/13/22,12:30,64.546,64.375,64.551,61.158
192,6/13/22,12:45,64.418,64.332,64.463,61.001
193,6/13/22,13:00,64.332,64.288,64.377,60.882
194,6/13/22,13:15,64.247,64.204,64.294,60.79
195,6/13/22,13:30,64.161,64.161,64.204,60.714
196,6/13/22,13:45,64.117,64.117,64.126,60.655
197,6/13/22,14:00,64.033,64.074,64.053,60.603
198,6/13/22,14:15,63.99,64.033,63.991,60.603
199,6/13/22,14:30,63.99,63.99,63.943,60.578
200,6/13/22,14:45,63.903,63.946,63.889,60.502
201,6/13/22,15:00,63.862,63.903,63.851,60.446
202,6/13/22,15:15,63.819,63.862,63.802,60.398
203,6/13/22,15:30,63.775,63.819,63.768,60.354
204,6/13/22,15:45,63.732,63.819,63.73,60.307
205,6/13/22,16:00,63.689,63.775,63.691,60.266
206,6/13/22,16:15,63.648,63.732,63.658,60.224
207,6/13/22,16:30,63.604,63.689,63.667,60.536
208,6/13/22,16:45,64.503,63.99,64.348,64.211
209,6/13/22,17:00,63.946,63.862,64.063,63.287
210,6/13/22,17:15,63.862,63.775,63.923,63.182
211,6/13/22,17:30,64.161,63.946,64.107,65.209
212,6/13/22,17:45,64.332,64.117,64.17,64.083
213,6/13/22,18:00,64.375,64.161,64.179,63.726
214,6/13/22,18:15,64.459,64.247,64.308,63.729
215,6/13/22,18:30,64.589,64.418,64.641,63.781
216,6/13/22,18:45,64.717,64.589,64.825,63.485
217,6/13/22,19:00,64.803,64.717,64.908,63.261
218,6/13/22,19:15,64.845,64.76,64.945,63.104
219,6/13/22,19:30,64.888,64.803,64.971,62.988
220,6/13/22,19:45,64.931,64.845,64.994,62.901
221,6/13/22,20:00,64.974,64.888,65.008,62.835
222,6/13/22,20:15,64.974,64.888,65.034,62.78
223,6/13/22,20:30,65.017,64.931,65.052,62.739
224,6/13/22,20:45,65.017,65.017,65.08,62.707
225,6/13/22,21:00,65.059,65.059,65.12,62.678
226,6/13/22,21:15,65.102,65.102,65.149,62.652
227,6/13/22,21:30,65.145,65.145,65.192,62.621
228,6/13/22,21:45,65.188,65.145,65.221,62.593
229,6/13/22,22:00,65.188,65.188,65.235,62.551
230,6/13/22,22:15,65.23,65.188,65.255,62.512
231,6/13/22,22:30,65.23,65.188,65.264,62.475
232,6/13/22,22:45,65.273,65.188,65.284,62.452
233,6/13/22,23:00,65.273,65.188,65.298,62.428
234,6/13/22,23:15,65.273,65.188,65.307,62.394
235,6/13/22,23:30,65.273,65.145,65.313,62.354
236,6/13/22,23:45,65.273,65.145,65.304,62.327
237,6/14/22,0:00,65.23,65.102,65.307,62.307
238,6/14/22,0:15,65.23,65.059,65.313,62.29
239,6/14/22,0:30,65.23,65.059,65.307,62.274
240,6/14/22,0:45,65.188,65.059,65.318,62.26
241,6/14/22,1:00,65.188,65.017,65.313,62.242
242,6/14/22,1:15,65.188,65.017,65.313,62.226
243,6/14/22,1:30,65.145,64.974,65.307,62.211
244,6/14/22,1:45,65.145,64.974,65.304,62.191
245,6/14/22,2:00,65.102,64.931,65.289,62.174
246,6/14/22,2:15,65.102,64.888,65.269,62.153
247,6/14/22,2:30,65.059,64.845,65.25,62.132
248,6/14/22,2:45,65.017,64.803,65.232,62.109
249,6/14/22,3:00,64.974,64.76,65.197,62.086
250,6/14/22,3:15,64.974,64.717,65.158,62.065
251,6/14/22,3:30,64.931,64.632,65.129,62.042
252,6/14/22,3:45,64.845,64.589,65.086,62.017
253,6/14/22,4:00,64.803,64.546,65.037,62
254,6/14/22,4:15,64.76,64.503,64.994,61.978
255,6/14/22,4:30,64.717,64.418,64.942,61.956
256,6/14/22,4:45,64.674,64.375,64.893,61.938
257,6/14/22,5:00,64.632,64.332,64.836,61.918
258,6/14/22,5:15,64.546,64.247,64.782,61.9
259,6/14/22,5:30,64.503,64.204,64.719,61.862
260,6/14/22,5:45,64.459,64.117,64.647,61.83
261,6/14/22,6:00,64.375,64.074,64.584,61.811
262,6/14/22,6:15,64.332,64.033,64.521,61.801
263,6/14/22,6:30,64.288,63.99,64.468,61.782
264,6/14/22,6:45,64.247,63.946,64.42,61.785
265,6/14/22,7:00,64.204,63.946,64.396,61.787
266,6/14/22,7:15,64.161,63.862,64.353,61.75
267,6/14/22,7:30,64.074,63.433,64.247,61.663
268,6/14/22,7:45,63.862,63.09,64.098,61.585
269,6/14/22,8:00,63.732,63.048,63.937,61.529
270,6/14/22,8:15,63.648,62.919,63.788,61.422
271,6/14/22,8:30,63.475,62.362,63.595,61.25
272,6/14/22,8:45,63.219,61.677,63.325,61.079
273,6/14/22,9:00,62.919,60.948,62.967,60.861
274,6/14/22,9:15,62.577,60.303,62.611,60.76
275,6/14/22,9:30,62.233,59.702,62.195,60.583
276,6/14/22,9:45,61.848,59.056,61.776,60.522
277,6/14/22,10:00,61.462,58.541,61.345,60.438
278,6/14/22,10:15,61.075,58.066,60.874,60.369
279,6/14/22,10:30,60.69,57.636,60.435,60.331
280,6/14/22,10:45,60.303,57.29,60.028,60.121
281,6/14/22,11:00,59.873,56.944,59.56,60.127
282,6/14/22,11:15,59.529,56.858,59.126,59.997
283,6/14/22,11:30,59.272,56.815,58.721,59.921
284,6/14/22,11:45,58.885,56.165,58.32,59.757
285,6/14/22,12:00,58.325,55.256,57.866,59.619
286,6/14/22,12:15,57.722,54.387,57.349,59.532
287,6/14/22,12:30,57.16,53.69,56.809,59.515
288,6/14/22,12:45,56.599,52.992,56.235,59.28
289,6/14/22,13:00,56.035,52.291,55.672,59.272
290,6/14/22,13:15,55.429,51.809,55.081,59.229
291,6/14/22,13:30,54.952,51.413,54.532,59.226
292,6/14/22,13:45,54.473,51.062,54.01,59.237
293,6/14/22,14:00,54.082,50.929,53.542,59.19
294,6/14/22,14:15,53.82,50.886,53.123,59.203
295,6/14/22,14:30,53.472,50.576,52.785,59.236
296,6/14/22,14:45,53.035,49.914,52.38,59.112
297,6/14/22,15:00,52.554,49.249,51.931,59.1
298,6/14/22,15:15,52.16,48.938,51.467,59.084
299,6/14/22,15:30,51.852,48.85,51.053,59.075
300,6/14/22,15:45,51.589,48.717,50.662,58.996
301,6/14/22,16:00,51.413,48.938,50.31,58.952
302,6/14/22,16:15,50.4,48.36,48.697,67.782
303,6/14/22,16:30,48.36,46.616,46.459,78.125
304,6/14/22,16:45,47.871,46.436,46.222,79.199
305,6/14/22,17:00,47.602,46.481,46.141,80.098
306,6/14/22,17:15,47.334,46.391,46.058,79.716
307,6/14/22,17:30,47.109,46.211,45.972,79.969
308,6/14/22,17:45,46.974,46.121,45.914,80.014
309,6/14/22,18:00,46.841,46.121,45.865,79.878
310,6/14/22,18:15,46.391,45.669,45.567,77.983
311,6/14/22,18:30,45.986,45.217,45.372,78.134
312,6/14/22,18:45,45.941,45.217,45.392,78.939
313,6/14/22,19:00,45.761,45.082,45.237,78.17
314,6/14/22,19:15,45.354,44.627,44.881,77.145
315,6/14/22,19:30,45.172,44.4,44.76,77.028
316,6/14/22,19:45,44.991,44.218,44.677,76.979
317,6/14/22,20:00,44.856,44.127,44.586,77.07
318,6/14/22,20:15,44.719,43.945,44.431,76.664
319,6/14/22,20:30,44.355,43.624,44.026,75.952
320,6/14/22,20:45,44.173,43.443,43.968,76.378
321,6/14/22,21:00,43.99,43.259,43.795,76.155
322,6/14/22,21:15,43.808,43.122,43.684,76.027
323,6/14/22,21:30,43.9,43.03,43.095,75.616
324,6/14/22,21:45,42.433,41.787,41.029,78.627
325,6/14/22,22:00,42.064,41.648,40.937,78.512
326,6/14/22,22:15,42.017,41.787,41.212,78.21
327,6/14/22,22:30,42.202,41.97,41.387,78.025
328,6/14/22,22:45,42.156,41.97,41.175,78.52
329,6/14/22,23:00,41.925,41.693,40.759,78.459
330,6/14/22,23:15,41.508,41.277,40.287,78.566
331,6/14/22,23:30,41.137,40.858,39.866,78.454
332,6/14/22,23:45,40.811,40.485,39.524,78.3
333,6/15/22,0:00,40.579,40.251,39.331,78.134
334,6/15/22,0:15,40.345,40.017,39.148,78.572
335,6/15/22,0:30,40.111,39.736,38.921,79.002
336,6/15/22,0:45,39.877,39.549,38.737,78.738
337,6/15/22,1:00,39.643,39.313,38.525,78.868
338,6/15/22,1:15,39.502,39.124,38.385,78.294
339,6/15/22,1:30,39.313,38.937,38.169,77.977
340,6/15/22,1:45,39.173,38.748,38.034,77.739
341,6/15/22,2:00,39.031,38.557,37.845,77.71
342,6/15/22,2:15,38.842,38.415,37.684,77.781
343,6/15/22,2:30,38.7,38.226,37.526,77.848
344,6/15/22,2:45,38.511,38.084,37.377,77.94
345,6/15/22,3:00,38.322,37.893,37.179,77.969
346,6/15/22,3:15,38.084,37.656,36.966,78.924
347,6/15/22,3:30,37.893,37.465,36.811,79.536
348,6/15/22,3:45,37.751,37.369,36.73,79.763
349,6/15/22,4:00,37.656,37.274,36.648,80.217
350,6/15/22,4:15,37.609,37.225,36.642,80.005
351,6/15/22,4:30,37.609,37.225,36.639,80.409
352,6/15/22,4:45,37.751,37.369,36.831,80.739
353,6/15/22,5:00,37.893,37.656,37.207,80.679
354,6/15/22,5:15,38.179,37.989,37.71,80.383
355,6/15/22,5:30,38.511,38.415,38.197,80.621
356,6/15/22,5:45,38.889,38.984,38.723,81.152
357,6/15/22,6:00,39.267,39.549,39.283,82.353
358,6/15/22,6:15,39.783,40.158,39.909,83.401
359,6/15/22,6:30,40.345,40.719,40.474,83.687
360,6/15/22,6:45,40.905,41.23,40.968,84.094
361,6/15/22,7:00,41.463,41.97,41.545,84.483
362,6/15/22,7:15,42.017,42.433,42.116,84.401
363,6/15/22,7:30,42.433,42.755,42.404,82.66
364,6/15/22,7:45,42.892,43.167,42.714,82.794
365,6/15/22,8:00,43.579,43.99,43.477,83.604
366,6/15/22,8:15,44.127,44.4,43.767,81.36
367,6/15/22,8:30,44.173,44.4,43.79,83.009
368,6/15/22,8:45,44.173,44.263,43.572,79.76
369,6/15/22,9:00,44.127,44.127,43.403,79.869
370,6/15/22,9:15,44.127,44.082,43.313,77.188
371,6/15/22,9:30,44.082,44.037,43.273,77.649
372,6/15/22,9:45,44.173,44.218,43.423,78.131
373,6/15/22,10:00,44.445,44.537,43.795,78.827
374,6/15/22,10:15,44.537,44.537,43.563,75.732
375,6/15/22,10:30,44.537,44.355,43.534,74.697
376,6/15/22,10:45,44.445,44.355,43.124,73.82
377,6/15/22,11:00,44.445,44.4,43.187,74.226
378,6/15/22,11:15,44.674,44.627,43.371,73.825
379,6/15/22,11:30,44.809,44.809,43.549,74.73
380,6/15/22,11:45,45.307,45.399,44.244,76.194
381,6/15/22,12:00,45.579,45.624,44.238,74.043
382,6/15/22,12:15,46.166,46.256,45.194,74.108
383,6/15/22,12:30,46.796,46.796,45.783,73.532
384,6/15/22,12:45,47.154,49.516,45.99,73.886
385,6/15/22,13:00,58.066,65.745,68.878,42.635
386,6/15/22,13:15,55.038,62.447,55.058,45.307
387,6/15/22,13:30,52.029,68.698,48.036,52.424
388,6/15/22,13:45,50.664,69.985,46.821,53.03
389,6/15/22,14:00,51.458,70.974,47.617,51.774
390,6/15/22,14:15,51.809,70.93,48.229,49.787
391,6/15/22,14:30,52.029,71.577,48.331,49.911
392,6/15/22,14:45,52.029,72.178,47.815,50.098
393,6/15/22,15:00,52.597,71.231,48.562,48.505
394,6/15/22,15:15,51.544,68.185,48.027,49.314
395,6/15/22,15:30,52.641,68.356,49.354,47.79
396,6/15/22,15:45,52.335,68.142,48.909,48.977
397,6/15/22,16:00,53.166,71.577,49.914,46.111
398,6/15/22,16:15,53.82,77.639,50.266,45.35
399,6/15/22,16:30,53.078,78.427,49.905,45.618
400,6/15/22,16:45,52.246,73.342,48.789,47.591
401,6/15/22,17:00,52.597,71.103,49.136,47.944
402,6/15/22,17:15,52.335,65.916,48.837,48.882
403,6/15/22,17:30,52.597,63.09,48.765,48.194
404,6/15/22,17:45,52.246,65.615,48.799,48.237
405,6/15/22,18:00,50.621,61.761,47.545,51.424
406,6/15/22,18:15,50.488,59.916,47.545,53.024
407,6/15/22,18:30,51.282,60.26,48.177,52.863
408,6/15/22,18:45,53.035,61.848,49.923,50.861
409,6/15/22,19:00,51.764,63.819,49.219,51.473
410,6/15/22,19:15,51.501,60.217,48.688,52.103
411,6/15/22,19:30,50.092,57.592,47.669,53.535
412,6/15/22,19:45,48.85,54.43,46.704,55.422
413,6/15/22,20:00,48.493,53.166,46.526,56.112
414,6/15/22,20:15,48.049,52.072,46.362,56.17
415,6/15/22,20:30,47.334,50.356,45.975,57.842
416,6/15/22,20:45,47.334,49.428,46.207,57.815
417,6/15/22,21:00,46.796,48.717,45.903,58.819
418,6/15/22,21:15,46.391,47.826,45.759,59.533
419,6/15/22,21:30,45.851,46.526,45.527,60.224
420,6/15/22,21:45,44.856,44.991,44.749,62.057
421,6/15/22,22:00,44.31,43.9,44.447,62.827
422,6/15/22,22:15,44.037,43.122,44.267,63.392
423,6/15/22,22:30,44.127,42.939,44.456,62.759
424,6/15/22,22:45,43.853,42.708,44.204,63.488
425,6/15/22,23:00,44.127,42.755,44.476,63.062
426,6/15/22,23:15,44.127,42.616,44.451,63.226
427,6/15/22,23:30,43.9,42.478,44.267,63.626
428,6/15/22,23:45,44.355,42.8,44.706,63.001
429,6/16/22,0:00,44.082,42.57,44.384,63.519
430,6/16/22,0:15,43.945,42.386,44.229,63.78
431,6/16/22,0:30,43.853,42.247,44.181,63.755
432,6/16/22,0:45,43.763,42.109,44.1,63.926
433,6/16/22,1:00,43.808,42.156,44.128,63.803
434,6/16/22,1:15,43.579,42.017,43.902,64.16
435,6/16/22,1:30,43.579,41.925,43.925,63.944
436,6/16/22,1:45,43.214,41.601,43.509,64.741
437,6/16/22,2:00,43.488,41.787,43.833,63.897
438,6/16/22,2:15,43.122,41.601,43.403,64.707
439,6/16/22,2:30,43.396,41.787,43.727,63.906
440,6/16/22,2:45,43.396,41.74,43.606,64.187
441,6/16/22,3:00,43.9,42.017,44.1,63.09
442,6/16/22,3:15,43.306,41.508,43.65,63.731
443,6/16/22,3:30,43.488,41.601,43.65,64.022
444,6/16/22,3:45,43.99,42.109,44.224,62.748
445,6/16/22,4:00,44.31,42.525,44.553,61.984
446,6/16/22,4:15,43.9,42.017,44.06,62.905
447,6/16/22,4:30,44.582,42.247,44.568,61.762
448,6/16/22,4:45,44.719,42.294,44.451,61.892
449,6/16/22,5:00,45.217,42.57,44.683,61.521
450,6/16/22,5:15,45.354,42.57,44.523,61.785
451,6/16/22,5:30,45.941,43.03,44.938,60.917
452,6/16/22,5:45,46.031,43.075,44.794,61.271
453,6/16/22,6:00,45.941,43.167,44.649,61.489
454,6/16/22,6:15,47.377,44.492,45.928,59.303
455,6/16/22,6:30,48.182,45.172,46.704,57.908
456,6/16/22,6:45,48.805,46.076,47.39,56.469
457,6/16/22,7:00,48.36,50.002,46.762,57.595
458,6/16/22,7:15,48.493,50.621,46.83,57.604
459,6/16/22,7:30,47.467,49.471,45.691,59.597
460,6/16/22,7:45,48.227,50.709,46.261,58.618
461,6/16/22,8:00,48.049,50.797,45.937,59.225
462,6/16/22,8:15,49.249,52.16,47.304,56.822
463,6/16/22,8:30,49.825,53.427,47.795,55.845
464,6/16/22,8:45,50.664,54.777,48.668,54.047
465,6/16/22,9:00,50.886,55.992,48.538,54.586
466,6/16/22,9:15,50.797,56.251,48.148,55.399
467,6/16/22,9:30,51.413,57.807,48.992,53.907
468,6/16/22,9:45,51.721,58.282,48.819,54.443
469,6/16/22,10:00,51.325,58.626,47.993,55.83
470,6/16/22,10:15,52.029,59.529,49.055,53.892
471,6/16/22,10:30,53.166,61.547,50.212,51.931
472,6/16/22,10:45,52.554,62.062,49.21,53.542
473,6/16/22,11:00,53.166,62.276,49.503,53.475
474,6/16/22,11:15,53.69,62.834,50.976,50.787
475,6/16/22,11:30,53.733,62.875,51.332,50.011
476,6/16/22,11:45,54.3,64.074,51.82,49.113
477,6/16/22,12:00,54.516,64.845,51.496,50.291
478,6/16/22,12:15,53.908,63.648,51.102,50.854
479,6/16/22,12:30,53.298,62.62,50.445,52.02
480,6/16/22,12:45,53.035,61.633,50.353,52.427
481,6/16/22,13:00,53.298,62.148,50.614,52.37
482,6/16/22,13:15,53.776,62.533,51.145,51.412
483,6/16/22,13:30,53.733,63.946,51.145,51.673
484,6/16/22,13:45,53.253,62.49,50.695,52.432
485,6/16/22,14:00,53.69,64.033,51.053,51.821
486,6/16/22,14:15,53.384,63.99,50.754,52.078
487,6/16/22,14:30,53.035,63.219,50.223,53.626
488,6/16/22,14:45,54.212,65.145,51.174,52.486
489,6/16/22,15:00,54.648,65.829,51.602,51.884
490,6/16/22,15:15,56.079,68.056,52.882,50.06
491,6/16/22,15:30,57.031,69.557,53.659,49.078
492,6/16/22,15:45,57.807,71.834,54.349,48.067
493,6/16/22,16:00,57.42,71.017,54.064,48.234
494,6/16/22,16:15,57.636,72.955,54.3,48.058
495,6/16/22,16:30,58.411,73.256,55.015,47.08
496,6/16/22,16:45,57.031,69.728,54.099,48.248
497,6/16/22,17:00,56.599,66.301,53.735,48.852
498,6/16/22,17:15,57.29,63.176,54.397,48.009
499,6/16/22,17:30,58.626,61.848,55.126,46.998
500,6/16/22,17:45,58.152,68.443,55.015,47.121
501,6/16/22,18:00,60.046,68.443,56.221,45.423
502,6/16/22,18:15,62.661,63.903,57.168,44.143
503,6/16/22,18:30,61.72,66.173,57.418,43.694
504,6/16/22,18:45,61.848,66.772,57.501,43.624
505,6/16/22,19:00,61.205,64.117,57.171,43.978
506,6/16/22,19:15,62.019,63.732,57.587,43.418
507,6/16/22,19:30,60.861,65.102,57.018,44.114
508,6/16/22,19:45,60.69,59.83,56.959,43.552
509,6/16/22,20:00,61.032,60.474,56.574,43.716
510,6/16/22,20:15,58.755,60.861,56.192,43.529
511,6/16/22,20:30,58.971,61.419,56.395,43.571
512,6/16/22,20:45,58.755,62.191,56.64,44.291
513,6/16/22,21:00,57.765,59.358,56.178,45.161
514,6/16/22,21:15,57.031,57.506,55.994,44.141
515,6/16/22,21:30,56.426,56.122,55.873,43.632
516,6/16/22,21:45,54.343,53.515,54.536,44.973
517,6/16/22,22:00,53.515,52.029,54.093,44.32
518,6/16/22,22:15,52.903,51.413,53.568,44.901
519,6/16/22,22:30,53.166,51.501,53.712,44.926
520,6/16/22,22:45,52.947,51.678,53.634,45.373
521,6/16/22,23:00,52.554,51.413,53.292,46.015
522,6/16/22,23:15,52.817,51.325,53.402,45.574
523,6/16/22,23:30,52.729,51.37,53.384,45.371
524,6/16/22,23:45,53.253,52.115,54.093,42.466
525,6/17/22,0:00,52.903,52.072,54.073,41.955
526,6/17/22,0:15,52.86,51.984,53.962,45.643
527,6/17/22,0:30,52.16,51.062,53.123,47.239
528,6/17/22,0:45,52.554,51.721,53.568,47.454
529,6/17/22,1:00,52.423,51.589,53.514,48.023
530,6/17/22,1:15,52.203,51.37,53.373,47.086
531,6/17/22,1:30,52.291,50.092,53.051,46.972
532,6/17/22,1:45,52.291,50.445,53.065,44.674
533,6/17/22,2:00,52.16,51.062,53.037,44.822
534,6/17/22,2:15,51.94,50.664,52.911,45.078
535,6/17/22,2:30,51.94,50.841,52.983,44.294
536,6/17/22,2:45,52.029,50.974,53.316,43.745
537,6/17/22,3:00,51.895,50.797,53.249,43.78
538,6/17/22,3:15,51.852,50.752,53.137,44.022
539,6/17/22,3:30,51.413,50.576,53.051,44.201
540,6/17/22,3:45,51.458,50.002,52.867,42.8
541,6/17/22,4:00,52.335,50.621,53.2,41.355
542,6/17/22,4:15,52.817,50.445,53.568,41.54
543,6/17/22,4:30,53.472,50.664,53.798,41.924
544,6/17/22,4:45,53.951,50.664,53.901,41.648
545,6/17/22,5:00,54.865,50.576,54.122,42.827
546,6/17/22,5:15,56.426,50.709,54.315,43.107
547,6/17/22,5:30,58.239,51.062,54.662,43.899
548,6/17/22,5:45,60.775,51.325,55.492,42.753
549,6/17/22,6:00,61.804,51.721,56.298,40.89
550,6/17/22,6:15,59.788,51.721,56.458,41.798
551,6/17/22,6:30,63.819,52.335,57.573,41.183
552,6/17/22,6:45,65.872,53.035,57.607,40.568
553,6/17/22,7:00,63.689,58.109,57.88,39.425
554,6/17/22,7:15,65.017,59.185,58.248,40.401
555,6/17/22,7:30,68.484,62.49,60.202,38.441
556,6/17/22,7:45,68.913,67.285,61.839,36.724
557,6/17/22,8:00,66.13,70.029,61.23,37.762
558,6/17/22,8:15,64.76,71.404,60.087,38.791
559,6/17/22,8:30,66.515,70.029,60.796,38.221
560,6/17/22,8:45,64.074,76.028,59.85,38.701
561,6/17/22,9:00,67.114,73.904,61.592,37.214
562,6/17/22,9:15,70.846,68.356,63.619,35.25
563,6/17/22,9:30,72.394,69.343,62.769,36.481
564,6/17/22,9:45,70.029,66.344,60.771,39.446
565,6/17/22,10:00,71.19,68.227,60.676,39.902
566,6/17/22,10:15,68.443,68.227,61.081,40.284
567,6/17/22,10:30,64.375,65.059,58.557,45.397
568,6/17/22,10:45,64.332,65.701,58.469,47.071
569,6/17/22,11:00,67.798,68.657,59.054,45.275
570,6/17/22,11:15,68.571,71.317,59.967,43.934
571,6/17/22,11:30,66.173,67.671,59.074,47.109
572,6/17/22,11:45,64.161,65.574,57.668,49.911
573,6/17/22,12:00,63.648,65.745,57.259,52.543
574,6/17/22,12:15,65.273,68.484,58.219,51.662
575,6/17/22,12:30,62.661,66.214,57.427,52.332
576,6/17/22,12:45,62.791,66.814,57.38,51.925
577,6/17/22,13:00,62.062,66.943,57.355,52.01
578,6/17/22,13:15,62.319,67.627,57.317,52.496
579,6/17/22,13:30,60.861,66.686,56.511,53.993
580,6/17/22,13:45,60.561,66.857,56.637,54.516
581,6/17/22,14:00,60.303,67.242,56.669,55.657
582,6/17/22,14:15,59.486,64.76,55.994,58.59
583,6/17/22,14:30,58.842,63.862,55.454,58.833
584,6/17/22,14:45,58.712,64.204,54.774,58.369
585,6/17/22,15:00,58.195,63.819,54.986,58.904
586,6/17/22,15:15,57.936,63.775,55.02,56.144
587,6/17/22,15:30,57.592,63.648,55.02,53.835
588,6/17/22,15:45,57.979,63.475,55.092,51.942
589,6/17/22,16:00,57.247,61.506,54.102,54.603
590,6/17/22,16:15,56.728,61.59,53.924,52.157
591,6/17/22,16:30,56.34,60.517,53.973,52.52
592,6/17/22,16:45,56.295,60.174,53.677,53.591
593,6/17/22,17:00,56.556,60.217,54.025,53.469
594,6/17/22,17:15,56.512,60.132,54.036,54.479
595,6/17/22,17:30,55.776,59.229,53.614,54.755
596,6/17/22,17:45,55.906,59.229,53.596,55.555
597,6/17/22,18:00,55.213,58.023,53.123,55.938
598,6/17/22,18:15,54.909,57.765,52.92,56.562
599,6/17/22,18:30,54.909,57.42,52.963,57.185
600,6/17/22,18:45,55.168,58.195,53.1,56.965
601,6/17/22,19:00,54.995,57.679,53.094,56.664
602,6/17/22,19:15,54.995,58.282,53.094,56.133
603,6/17/22,19:30,54.212,56.728,52.684,56.312
604,6/17/22,19:45,53.776,56.122,52.36,56.793
605,6/17/22,20:00,52.903,55.125,51.849,57.853
606,6/17/22,20:15,51.105,52.641,50.666,62.258
607,6/17/22,20:30,50.929,52.335,50.536,63.656
608,6/17/22,20:45,50.576,51.852,50.319,62.245
609,6/17/22,21:00,49.561,50.533,49.595,63.175
610,6/17/22,21:15,48.762,49.116,48.886,66.888
611,6/17/22,21:30,48.85,48.938,49.127,68.095
612,6/17/22,21:45,47.871,48.405,48.335,70.411
613,6/17/22,22:00,48.049,48.538,48.582,68.347
614,6/17/22,22:15,48.004,48.227,48.529,68.255
615,6/17/22,22:30,47.959,47.781,48.447,70.257
616,6/17/22,22:45,48.227,48.004,48.679,70.08
617,6/17/22,23:00,48.004,47.691,48.504,69.921
618,6/17/22,23:15,47.691,47.289,48.234,70.739
619,6/17/22,23:30,47.422,46.974,47.955,71.669
620,6/17/22,23:45,47.422,46.571,47.984,71.893
621,6/18/22,0:00,47.781,46.391,48.277,68.914
622,6/18/22,0:15,47.422,46.931,48.346,66.3
623,6/18/22,0:30,48.004,47.602,48.808,65.371
624,6/18/22,0:45,47.647,46.391,48.22,67.697
625,6/18/22,1:00,47.826,46.751,48.475,66.363
626,6/18/22,1:15,47.736,46.616,48.384,66.178
627,6/18/22,1:30,47.647,46.886,48.486,64.842
628,6/18/22,1:45,47.557,47.109,48.538,64.39
629,6/18/22,2:00,47.781,46.886,48.625,64.659
630,6/18/22,2:15,47.467,46.211,48.243,65.85
631,6/18/22,2:30,47.064,46.121,47.775,67.565
632,6/18/22,2:45,47.019,46.346,47.806,68.351
633,6/18/22,3:00,47.289,45.941,48.099,68.005
634,6/18/22,3:15,47.199,45.896,48.027,68.962
635,6/18/22,3:30,47.019,45.896,47.829,69.323
636,6/18/22,3:45,47.154,45.941,47.892,69.377
637,6/18/22,4:00,47.064,45.761,47.757,69.189
638,6/18/22,4:15,47.109,45.761,47.665,67.269
639,6/18/22,4:30,48.583,46.076,48.789,62.329
640,6/18/22,4:45,49.204,46.436,49.156,59.377
641,6/18/22,5:00,50.576,46.931,49.75,56.04
642,6/18/22,5:15,52.466,47.557,50.112,56.266
643,6/18/22,5:30,53.69,47.467,49.919,59.675
644,6/18/22,5:45,56.469,47.647,50.585,61.798
645,6/18/22,6:00,57.247,47.959,51.019,64.286
646,6/18/22,6:15,59.873,48.538,52.041,64.327
647,6/18/22,6:30,64.074,50.002,54.291,50.605
648,6/18/22,6:45,63.433,50.929,54.05,52.589
649,6/18/22,7:00,61.376,57.765,54.248,55.908
650,6/18/22,7:15,63.561,58.498,53.683,55.532
651,6/18/22,7:30,58.626,57.117,52.799,60.447
652,6/18/22,7:45,58.582,56.34,51.048,65.525
653,6/18/22,8:00,58.152,58.195,52.032,63.037
654,6/18/22,8:15,59.659,59.529,52.495,61.469
655,6/18/22,8:30,61.162,60.561,53.017,61.297
656,6/18/22,8:45,58.541,58.928,52.239,63.716
657,6/18/22,9:00,59.659,60.39,52.848,62.763
658,6/18/22,9:15,62.233,62.319,54.165,60.339
659,6/18/22,9:30,61.075,63.262,53.735,61.315
660,6/18/22,9:45,60.861,63.648,52.824,63.014
661,6/18/22,10:00,65.615,68.099,55.044,59.298
662,6/18/22,10:15,60.561,65.316,54.412,60.571
663,6/18/22,10:30,60.861,65.23,54.145,61.569
664,6/18/22,10:45,61.891,65.574,53.886,64.652
665,6/18/22,11:00,62.019,65.444,54.165,64.416
666,6/18/22,11:15,62.661,67.842,54.464,63.7
667,6/18/22,11:30,63.775,65.788,52.891,67.175
668,6/18/22,11:45,61.848,66.686,51.67,72.242
669,6/18/22,12:00,60.948,65.444,51.053,74.467
670,6/18/22,12:15,60.174,66.258,50.961,74.673
671,6/18/22,12:30,60.433,66.943,53.316,66.996
672,6/18/22,12:45,59.014,65.872,51.748,71.203
673,6/18/22,13:00,58.842,66.558,51.843,71.904
674,6/18/22,13:15,57.936,63.475,52.273,70.416
675,6/18/22,13:30,60.046,65.145,51.82,71.722
676,6/18/22,13:45,60.174,66.515,51.573,71.374
677,6/18/22,14:00,56.815,62.49,50.232,75.071
678,6/18/22,14:15,61.205,67.842,52.902,69.932
679,6/18/22,14:30,56.556,63.518,51.699,70.979
680,6/18/22,14:45,53.078,63.475,49.514,76.435
681,6/18/22,15:00,58.325,64.375,51.94,71.25
682,6/18/22,15:15,58.325,63.347,51.13,72.743
683,6/18/22,15:30,57.333,62.704,50.358,73.526
684,6/18/22,15:45,57.29,62.834,51.197,72.551
685,6/18/22,16:00,54.082,58.582,49.383,77.606
686,6/18/22,16:15,52.597,57.85,48.596,79.747
687,6/18/22,16:30,51.852,56.035,48.013,80.766
688,6/18/22,16:45,51.94,55.213,48.225,81.082
689,6/18/22,17:00,51.852,55.819,48.191,80.027
690,6/18/22,17:15,51.809,56.728,48.731,78.129
691,6/18/22,17:30,51.721,56.642,48.346,78.84
692,6/18/22,17:45,49.87,53.515,46.999,82.432
693,6/18/22,18:00,48.405,51.984,46.17,84.063
694,6/18/22,18:15,47.602,51.458,45.763,84.68
695,6/18/22,18:30,46.166,49.204,44.508,87.126
696,6/18/22,18:45,47.691,51.852,45.45,83.349
697,6/18/22,19:00,46.526,50.664,44.866,85.13
698,6/18/22,19:15,46.841,50.488,44.794,84.941
699,6/18/22,19:30,47.334,51.017,45.401,83.839
700,6/18/22,19:45,45.579,48.805,44.103,87.292
701,6/18/22,20:00,46.391,50.311,44.706,86.563
702,6/18/22,20:15,46.616,52.246,44.915,86.108
703,6/18/22,20:30,43.259,45.986,42.883,91.983
704,6/18/22,20:45,45.489,47.467,44.094,87.663
705,6/18/22,21:00,44.856,46.436,44.137,85.792
706,6/18/22,21:15,43.99,45.851,43.66,87.108
707,6/18/22,21:30,43.03,44.674,43.225,89.358
708,6/18/22,21:45,43.396,44.627,43.365,90.369
709,6/18/22,22:00,43.03,43.853,43.147,91.032
710,6/18/22,22:15,42.755,43.443,42.96,91.301
711,6/18/22,22:30,42.57,43.351,42.757,92.871
712,6/18/22,22:45,42.386,43.167,42.57,93.541
713,6/18/22,23:00,42.386,43.03,42.496,93.895
714,6/18/22,23:15,42.247,42.847,42.318,94.046
715,6/18/22,23:30,42.341,43.075,42.337,94.491
716,6/18/22,23:45,42.247,43.03,42.159,95.631
717,6/19/22,0:00,41.832,42.708,41.797,96.46
718,6/19/22,0:15,41.878,42.57,41.801,96.429
719,6/19/22,0:30,41.832,42.478,41.884,96.236
720,6/19/22,0:45,41.693,42.202,41.754,96.199
721,6/19/22,1:00,41.554,42.109,41.652,95.654
722,6/19/22,1:15,41.137,41.832,41.194,98.37
723,6/19/22,1:30,40.998,41.693,40.908,99.883
724,6/19/22,1:45,40.998,41.693,40.885,99.986
725,6/19/22,2:00,40.905,41.554,40.784,99.86
726,6/19/22,2:15,40.719,41.322,40.6,99.997
727,6/19/22,2:30,40.532,40.998,40.393,99.997
728,6/19/22,2:45,40.204,40.579,40.041,99.997
729,6/19/22,3:00,39.877,40.345,39.771,99.997
730,6/19/22,3:15,39.783,40.204,39.639,99.997
731,6/19/22,3:30,39.596,40.064,39.484,99.997
732,6/19/22,3:45,39.454,39.924,39.375,99.997
733,6/19/22,4:00,39.22,39.69,39.137,99.997
734,6/19/22,4:15,39.124,39.454,38.993,99.997
735,6/19/22,4:30,39.031,39.407,38.896,99.997
736,6/19/22,4:45,39.031,39.502,38.853,99.997
737,6/19/22,5:00,38.889,39.36,38.786,99.997
738,6/19/22,5:15,38.889,39.22,38.718,99.997
739,6/19/22,5:30,38.7,39.031,38.563,99.997
740,6/19/22,5:45,38.795,39.078,38.568,99.997
741,6/19/22,6:00,38.748,39.031,38.534,99.997
742,6/19/22,6:15,38.464,38.795,38.197,99.997
743,6/19/22,6:30,38.653,38.937,38.336,99.997
744,6/19/22,6:45,38.795,39.124,38.453,99.997
745,6/19/22,7:00,38.748,39.078,38.419,99.997
746,6/19/22,7:15,38.511,38.795,38.178,99.997
747,6/19/22,7:30,38.273,38.557,37.927,99.997
748,6/19/22,7:45,38.415,38.653,37.994,99.997
749,6/19/22,8:00,38.557,38.748,37.999,99.997
750,6/19/22,8:15,38.368,38.606,37.821,99.997
751,6/19/22,8:30,38.131,38.322,37.675,99.997
752,6/19/22,8:45,38.131,38.322,37.647,99.997
753,6/19/22,9:00,37.656,37.798,37.144,99.997
754,6/19/22,9:15,37.321,37.56,36.851,99.997
755,6/19/22,9:30,37.416,37.702,36.705,99.997
756,6/19/22,9:45,37.179,37.465,36.493,99.997
757,6/19/22,10:00,36.554,36.842,36.016,99.997
758,6/19/22,10:15,36.939,37.13,36.127,99.997
759,6/19/22,10:30,37.035,37.274,36.199,99.997
760,6/19/22,10:45,36.842,37.225,36.136,99.997
761,6/19/22,11:00,36.795,37.274,36.156,99.997
762,6/19/22,11:15,36.651,37.081,35.996,99.997
763,6/19/22,11:30,36.747,37.274,36.036,99.997
764,6/19/22,11:45,36.651,37.179,35.976,99.997
765,6/19/22,12:00,36.698,36.986,35.884,99.997
766,6/19/22,12:15,36.459,36.795,35.775,99.997
767,6/19/22,12:30,36.554,36.698,35.703,99.997
768,6/19/22,12:45,36.795,36.986,35.663,99.997
769,6/19/22,13:00,36.361,36.603,35.384,99.997
770,6/19/22,13:15,36.217,36.651,35.31,99.997
771,6/19/22,13:30,36.505,36.986,35.523,99.939
772,6/19/22,13:45,36.986,37.225,35.697,99.971
773,6/19/22,14:00,37.225,37.465,35.847,99.982
774,6/19/22,14:15,37.081,37.274,35.823,99.997
775,6/19/22,14:30,36.842,37.179,36.03,99.997
776,6/19/22,14:45,36.795,37.13,36.03,99.997
777,6/19/22,15:00,37.13,37.369,36.252,99.997
778,6/19/22,15:15,37.179,37.56,36.306,99.997
779,6/19/22,15:30,37.035,37.656,36.277,99.997
780,6/19/22,15:45,36.651,37.56,36.185,99.997
781,6/19/22,16:00,36.554,37.465,36.145,99.997
782,6/19/22,16:15,36.986,37.609,36.43,99.997
783,6/19/22,16:30,36.939,38.037,36.513,99.997
784,6/19/22,16:45,36.891,37.989,36.43,99.997
785,6/19/22,17:00,36.986,37.798,36.475,99.997
786,6/19/22,17:15,37.465,38.464,36.822,99.997
787,6/19/22,17:30,36.747,37.846,36.363,99.997
788,6/19/22,17:45,36.651,37.656,36.334,99.997
789,6/19/22,18:00,37.035,37.225,36.484,99.997
790,6/19/22,18:15,36.698,37.081,36.32,99.997
791,6/19/22,18:30,36.313,36.891,36.045,99.997
792,6/19/22,18:45,36.554,36.891,36.223,99.997
793,6/19/22,19:00,36.698,36.842,36.329,99.997
794,6/19/22,19:15,36.603,36.651,36.315,99.997
795,6/19/22,19:30,36.361,36.459,36.136,99.997
796,6/19/22,19:45,36.313,36.41,36.171,99.997
797,6/19/22,20:00,36.169,36.313,36.102,99.997
798,6/19/22,20:15,36.266,36.313,36.127,99.997
799,6/19/22,20:30,36.361,36.361,36.217,99.997
800,6/19/22,20:45,36.459,36.459,36.334,99.997
801,6/19/22,21:00,36.41,36.41,36.291,99.997
802,6/19/22,21:15,36.217,36.217,36.122,99.997
803,6/19/22,21:30,36.072,36.072,35.987,99.997
804,6/19/22,21:45,36.169,36.12,36.054,99.997
805,6/19/22,22:00,36.313,36.266,36.232,99.997
806,6/19/22,22:15,36.266,36.169,36.18,99.997
807,6/19/22,22:30,36.313,36.217,36.228,99.997
808,6/19/22,22:45,36.361,36.266,36.28,99.997
809,6/19/22,23:00,36.313,36.217,36.243,99.997
810,6/19/22,23:15,36.169,36.072,36.082,99.997
811,6/19/22,23:30,36.025,35.928,35.962,99.997
812,6/19/22,23:45,35.83,35.782,35.775,99.997
813,6/20/22,0:00,35.733,35.685,35.658,99.997
814,6/20/22,0:15,35.685,35.589,35.605,99.997
815,6/20/22,0:30,35.782,35.685,35.688,99.997
816,6/20/22,0:45,35.782,35.733,35.74,99.997
817,6/20/22,1:00,35.782,35.685,35.697,99.997
818,6/20/22,1:15,35.685,35.638,35.614,99.997
819,6/20/22,1:30,35.541,35.492,35.47,99.997
820,6/20/22,1:45,35.346,35.346,35.31,99.997
821,6/20/22,2:00,35.346,35.346,35.31,99.997
822,6/20/22,2:15,35.249,35.249,35.195,99.997
823,6/20/22,2:30,35.103,35.103,35.04,99.997
824,6/20/22,2:45,35.055,35.055,35.002,99.997
825,6/20/22,3:00,35.152,35.152,35.098,99.997
826,6/20/22,3:15,35.2,35.152,35.118,99.997
827,6/20/22,3:30,35.249,35.2,35.175,99.997
828,6/20/22,3:45,35.152,35.103,35.109,99.997
829,6/20/22,4:00,35.298,35.249,35.218,99.997
830,6/20/22,4:15,35.443,35.443,35.393,99.997
831,6/20/22,4:30,35.492,35.443,35.407,99.997
832,6/20/22,4:45,35.395,35.395,35.301,99.997
833,6/20/22,5:00,35.685,35.638,35.586,99.997
834,6/20/22,5:15,35.685,35.589,35.494,99.997
835,6/20/22,5:30,35.685,35.638,35.505,99.997
836,6/20/22,5:45,35.638,35.685,35.499,99.997
837,6/20/22,6:00,35.541,35.83,35.35,99.997
838,6/20/22,6:15,35.685,36.025,35.523,99.997
839,6/20/22,6:30,35.928,36.169,35.717,99.997
840,6/20/22,6:45,36.072,36.313,35.838,99.997
841,6/20/22,7:00,35.928,36.169,35.568,99.997
842,6/20/22,7:15,36.169,36.698,35.87,99.997
843,6/20/22,7:30,36.169,36.842,35.875,99.997
844,6/20/22,7:45,36.266,37.081,35.915,99.997
845,6/20/22,8:00,36.072,37.369,35.62,99.997
846,6/20/22,8:15,36.266,37.416,35.827,99.997
847,6/20/22,8:30,36.651,37.702,36.228,99.997
848,6/20/22,8:45,36.217,37.609,35.755,99.997
849,6/20/22,9:00,36.169,37.751,35.697,99.997
850,6/20/22,9:15,36.266,37.893,35.769,99.997
851,6/20/22,9:30,36.747,38.511,36.203,99.997
852,6/20/22,9:45,36.986,38.842,36.32,99.997
853,6/20/22,10:00,37.321,38.842,36.648,99.997
854,6/20/22,10:15,37.274,38.889,36.642,99.997
855,6/20/22,10:30,37.893,39.267,37.135,99.997
856,6/20/22,10:45,38.7,39.267,37.627,99.997
857,6/20/22,11:00,38.937,39.783,37.888,99.997
858,6/20/22,11:15,39.267,40.811,38.071,99.997
859,6/20/22,11:30,39.267,42.156,38.043,99.997
860,6/20/22,11:45,39.502,41.416,38.347,99.997
861,6/20/22,12:00,39.736,40.438,38.404,99.997
862,6/20/22,12:15,39.736,40.298,38.39,99.997
863,6/20/22,12:30,39.69,39.97,38.476,99.997
864,6/20/22,12:45,40.064,40.485,38.626,99.997
865,6/20/22,13:00,38.795,41.09,37.873,99.997
866,6/20/22,13:15,38.653,41.369,37.81,99.997
867,6/20/22,13:30,39.596,40.579,38.439,99.997
868,6/20/22,13:45,40.672,41.277,39.258,99.997
869,6/20/22,14:00,40.764,41.23,39.292,99.997
870,6/20/22,14:15,40.532,40.998,39.321,99.997
871,6/20/22,14:30,40.017,40.345,39.007,99.997
872,6/20/22,14:45,39.83,40.158,39.007,99.997
873,6/20/22,15:00,39.924,40.204,39.016,99.997
874,6/20/22,15:15,40.298,40.485,39.394,99.997
875,6/20/22,15:30,40.764,40.951,39.481,99.997
876,6/20/22,15:45,40.905,41.137,39.625,99.997
877,6/20/22,16:00,40.951,41.184,39.774,99.997
878,6/20/22,16:15,40.532,40.719,39.601,99.997
879,6/20/22,16:30,40.811,40.998,39.751,99.997
880,6/20/22,16:45,40.858,41.09,39.751,99.997
881,6/20/22,17:00,40.672,40.858,39.727,99.997
882,6/20/22,17:15,40.626,40.858,39.866,99.997
883,6/20/22,17:30,40.251,40.485,39.591,99.997
884,6/20/22,17:45,40.298,40.438,39.547,99.997
885,6/20/22,18:00,39.69,39.924,39.182,99.997
886,6/20/22,18:15,39.454,39.643,38.844,99.997
887,6/20/22,18:30,39.078,39.22,38.545,99.997
888,6/20/22,18:45,39.313,39.454,38.723,99.997
889,6/20/22,19:00,39.173,39.267,38.718,99.997
890,6/20/22,19:15,39.078,39.124,38.752,99.997
891,6/20/22,19:30,39.173,39.22,38.829,99.997
892,6/20/22,19:45,39.031,38.984,38.838,99.997
893,6/20/22,20:00,38.937,38.937,38.815,99.997
894,6/20/22,20:15,39.031,38.984,38.93,99.997
895,6/20/22,20:30,38.984,38.937,38.907,99.997
896,6/20/22,20:45,38.937,38.842,38.844,99.997
897,6/20/22,21:00,38.7,38.653,38.683,99.997
898,6/20/22,21:15,38.7,38.606,38.622,99.997
899,6/20/22,21:30,38.7,38.606,38.66,99.997
900,6/20/22,21:45,38.557,38.464,38.52,99.997
901,6/20/22,22:00,38.511,38.464,38.471,99.997
902,6/20/22,22:15,38.415,38.322,38.361,99.997
903,6/20/22,22:30,38.653,38.606,38.64,99.997
904,6/20/22,22:45,38.606,38.511,38.588,99.997
905,6/20/22,23:00,38.511,38.415,38.482,99.997
906,6/20/22,23:15,38.226,38.131,38.187,99.997
907,6/20/22,23:30,38.037,37.942,38.003,99.997
908,6/20/22,23:45,37.609,37.56,37.612,99.997
909,6/21/22,0:00,37.035,36.986,36.995,99.997
910,6/21/22,0:15,36.603,36.554,36.55,99.997
911,6/21/22,0:30,36.217,36.169,36.185,99.997
912,6/21/22,0:45,35.83,35.782,35.76,99.997
913,6/21/22,1:00,35.589,35.589,35.508,99.997
914,6/21/22,1:15,35.346,35.346,35.267,99.997
915,6/21/22,1:30,35.2,35.2,35.146,99.997
916,6/21/22,1:45,34.907,34.957,34.857,99.997
917,6/21/22,2:00,34.565,34.664,34.491,99.997
918,6/21/22,2:15,34.223,34.32,34.162,99.997
919,6/21/22,2:30,33.879,34.027,33.849,99.997
920,6/21/22,2:45,33.831,33.978,33.805,99.997
921,6/21/22,3:00,33.78,33.928,33.742,99.997
922,6/21/22,3:15,33.732,33.879,33.699,99.997
923,6/21/22,3:30,33.78,33.978,33.737,99.997
924,6/21/22,3:45,33.732,33.928,33.714,99.997
925,6/21/22,4:00,33.633,33.831,33.602,99.997
926,6/21/22,4:15,33.534,33.732,33.516,99.997
927,6/21/22,4:30,33.584,33.831,33.521,99.997
928,6/21/22,4:45,33.78,33.978,33.694,99.997
929,6/21/22,5:00,33.732,33.978,33.661,99.997
930,6/21/22,5:15,33.78,34.075,33.665,99.997
931,6/21/22,5:30,33.78,34.174,33.67,99.997
932,6/21/22,5:45,33.879,34.371,33.742,99.997
933,6/21/22,6:00,33.831,34.371,33.656,99.997
934,6/21/22,6:15,33.928,34.124,33.728,99.997
935,6/21/22,6:30,34.32,34.858,34.038,99.997
936,6/21/22,6:45,34.664,35.879,34.331,99.997
937,6/21/22,7:00,35.006,36.266,34.52,99.997
938,6/21/22,7:15,35.152,37.081,34.626,99.997
939,6/21/22,7:30,35.103,37.369,34.414,99.997
940,6/21/22,7:45,35.492,38.226,34.644,99.997
941,6/21/22,8:00,37.035,40.111,35.571,99.997
942,6/21/22,8:15,37.225,39.22,35.31,99.997
943,6/21/22,8:30,39.267,41.508,36.498,99.997
944,6/21/22,8:45,39.596,44.218,36.792,99.997
945,6/21/22,9:00,38.7,43.214,36.383,99.997
946,6/21/22,9:15,38.606,41.74,35.944,99.997
947,6/21/22,9:30,38.131,43.306,35.643,99.997
948,6/21/22,9:45,37.225,41.878,35.31,99.997
949,6/21/22,10:00,36.698,40.672,35.161,99.997
950,6/21/22,10:15,36.217,40.345,34.934,99.997
951,6/21/22,10:30,34.81,38.415,34.342,99.997
952,6/21/22,10:45,34.124,37.846,33.661,99.997
953,6/21/22,11:00,33.978,37.13,33.94,99.997
954,6/21/22,11:15,34.664,39.173,34.191,99.997
955,6/21/22,11:30,35.976,40.719,35.109,99.806
956,6/21/22,11:45,36.939,41.184,35.809,99.527
957,6/21/22,12:00,37.321,39.454,36.156,98.312
958,6/21/22,12:15,37.465,37.989,35.953,98.27
959,6/21/22,12:30,37.751,38.606,36.102,98.236
960,6/21/22,12:45,40.485,40.438,37.675,96.014
961,6/21/22,13:00,43.351,42.616,38.476,93.001
962,6/21/22,13:15,42.294,41.601,38.057,94.337
963,6/21/22,13:30,42.57,42.939,38.921,94.122
964,6/21/22,13:45,42.156,43.167,38.674,93.835
965,6/21/22,14:00,41.832,42.57,38.347,95.177
966,6/21/22,14:15,43.396,43.259,39.002,94.356
967,6/21/22,14:30,42.57,42.57,38.824,95.033
968,6/21/22,14:45,41.508,41.508,38.091,95.988
969,6/21/22,15:00,44.946,43.122,38.863,94.557
970,6/21/22,15:15,45.896,44.173,39.794,93.906
971,6/21/22,15:30,47.914,45.534,40.417,93.17
972,6/21/22,15:45,46.886,44.218,40.21,93.196
973,6/21/22,16:00,45.082,43.624,39.745,94.553
974,6/21/22,16:15,44.127,42.892,39.288,95.612
975,6/21/22,16:30,44.4,43.306,39.317,94.539
976,6/21/22,16:45,40.672,41.137,37.382,98.737
977,6/21/22,17:00,38.606,39.502,36.702,99.867
978,6/21/22,17:15,37.942,38.795,36.05,99.858
979,6/21/22,17:30,37.225,38.084,35.721,99.997
980,6/21/22,17:45,38.415,38.557,36.199,99.75
981,6/21/22,18:00,38.889,39.267,36.455,99.449
982,6/21/22,18:15,38.226,38.415,35.861,99.089
983,6/21/22,18:30,38.179,37.893,35.19,99.988
984,6/21/22,18:45,37.609,37.465,35.037,99.997
985,6/21/22,19:00,36.986,37.081,34.997,99.997
986,6/21/22,19:15,35.928,36.651,34.867,99.997
987,6/21/22,19:30,35.685,35.879,34.245,99.997
988,6/21/22,19:45,36.842,36.603,34.371,99.997
989,6/21/22,20:00,39.313,37.751,34.954,99.963
990,6/21/22,20:15,36.603,36.169,34.138,99.997
991,6/21/22,20:30,35.492,35.589,33.849,99.997
992,6/21/22,20:45,35.249,35.928,34.153,99.997
993,6/21/22,21:00,34.761,35.976,34.205,99.997
994,6/21/22,21:15,34.32,35.298,34.041,99.997
995,6/21/22,21:30,34.075,34.907,33.877,99.997
996,6/21/22,21:45,33.928,34.664,33.719,99.997
997,6/21/22,22:00,33.928,34.615,33.825,99.997
998,6/21/22,22:15,33.732,34.223,33.613,99.997
999,6/21/22,22:30,33.732,34.272,33.636,99.997
1000,6/21/22,22:45,34.32,34.713,34.176,99.997
1001,6/21/22,23:00,34.027,34.468,33.975,99.997
1002,6/21/22,23:15,33.681,34.124,33.607,99.997
1003,6/21/22,23:30,33.584,33.928,33.458,99.997
1004,6/21/22,23:45,33.584,33.978,33.516,99.997
1005,6/22/22,0:00,33.584,33.879,33.501,99.997
1006,6/22/22,0:15,33.681,33.928,33.593,99.997
1007,6/22/22,0:30,33.584,33.831,33.507,99.997
1008,6/22/22,0:45,33.633,33.879,33.535,99.997
1009,6/22/22,1:00,33.732,33.928,33.645,99.997
1010,6/22/22,1:15,33.633,33.879,33.541,99.997
1011,6/22/22,1:30,33.534,33.78,33.472,99.997
1012,6/22/22,1:45,33.435,33.633,33.361,99.997
1013,6/22/22,2:00,33.435,33.633,33.346,99.997
1014,6/22/22,2:15,33.633,33.78,33.588,99.997
1015,6/22/22,2:30,33.732,33.78,33.665,99.997
1016,6/22/22,2:45,33.78,33.831,33.719,99.997
1017,6/22/22,3:00,33.831,33.879,33.762,99.997
1018,6/22/22,3:15,33.879,33.928,33.858,99.997
1019,6/22/22,3:30,33.78,33.831,33.751,99.997
1020,6/22/22,3:45,33.78,33.78,33.723,99.997
1021,6/22/22,4:00,33.831,33.831,33.782,99.997
1022,6/22/22,4:15,33.681,33.681,33.645,99.997
1023,6/22/22,4:30,33.633,33.584,33.584,99.997
1024,6/22/22,4:45,33.681,33.681,33.636,99.997
1025,6/22/22,5:00,33.633,33.584,33.665,99.997
1026,6/22/22,5:15,32.742,32.443,33.134,99.997
1027,6/22/22,5:30,32.293,32.142,32.695,99.997
1028,6/22/22,5:45,32.193,32.092,32.261,99.997
1029,6/22/22,6:00,32.193,32.043,32.238,99.997
1030,6/22/22,6:15,32.142,32.043,32.295,99.997
1031,6/22/22,6:30,32.193,32.043,32.347,99.997
1032,6/22/22,6:45,32.193,32.043,32.266,99.997
1033,6/22/22,7:00,32.293,32.092,32.473,99.997
1034,6/22/22,7:15,32.392,32.193,32.738,99.997
1035,6/22/22,7:30,32.443,32.193,32.893,99.997
1036,6/22/22,7:45,32.443,32.293,33.048,99.997
1037,6/22/22,8:00,32.542,32.342,33.246,99.997
1038,6/22/22,8:15,33.138,33.039,34.158,99.997
1039,6/22/22,8:30,32.94,32.79,33.931,99.997
1040,6/22/22,8:45,33.386,33.336,34.119,99.997
1041,6/22/22,9:00,34.027,33.879,35.137,99.997
1042,6/22/22,9:15,34.174,34.124,33.994,99.997
1043,6/22/22,9:30,35.638,36.505,34.689,99.997
1044,6/22/22,9:45,36.072,36.313,35.161,99.997
1045,6/22/22,10:00,36.505,36.603,35.508,99.997
1046,6/22/22,10:15,36.41,36.603,35.364,99.976
1047,6/22/22,10:30,36.505,36.939,35.499,99.997
1048,6/22/22,10:45,37.035,38.084,35.784,99.997
1049,6/22/22,11:00,37.179,37.989,36.248,99.997
1050,6/22/22,11:15,37.225,38.653,36.088,99.997
1051,6/22/22,11:30,37.416,39.69,36.286,99.997
1052,6/22/22,11:45,37.321,39.97,36.111,99.997
1053,6/22/22,12:00,38.937,42.109,36.975,99.997
1054,6/22/22,12:15,41.369,44.445,39.394,98.988
1055,6/22/22,12:30,41.322,42.708,38.732,98.47
1056,6/22/22,12:45,40.111,41.277,38.163,99.573
1057,6/22/22,13:00,40.158,43.075,38.129,99.644
1058,6/22/22,13:15,40.905,45.444,38.617,99.448
1059,6/22/22,13:30,42.202,44.492,39.862,98.975
1060,6/22/22,13:45,43.853,44.674,39.934,98.587
1061,6/22/22,14:00,45.082,47.334,41.878,95.904
1062,6/22/22,14:15,44.901,46.571,41.387,96.861
1063,6/22/22,14:30,42.386,44.082,39.943,98.097
1064,6/22/22,14:45,40.111,42.755,38.809,99.557
1065,6/22/22,15:00,40.811,42.708,39.151,99.696
1066,6/22/22,15:15,41.416,43.99,39.664,99.835
1067,6/22/22,15:30,42.156,44.719,40.422,99.542
1068,6/22/22,15:45,43.259,44.809,40.195,99.852
1069,6/22/22,16:00,42.386,48.628,40.345,99.448
1070,6/22/22,16:15,44.674,50.974,42.019,98.563
1071,6/22/22,16:30,40.392,43.396,39.466,99.699
1072,6/22/22,16:45,41.09,44.037,39.742,99.701
1073,6/22/22,17:00,41.97,47.334,40.026,99.149
1074,6/22/22,17:15,42.616,49.116,40.658,98.535
1075,6/22/22,17:30,41.09,47.602,39.823,98.885
1076,6/22/22,17:45,39.69,45.399,38.617,99.991
1077,6/22/22,18:00,43.03,51.94,40.962,98.775
1078,6/22/22,18:15,41.787,50.576,40.132,98.499
1079,6/22/22,18:30,42.892,49.561,41.04,97.601
1080,6/22/22,18:45,39.124,41.043,38.413,99.973
1081,6/22/22,19:00,39.924,41.878,38.809,99.997
1082,6/22/22,19:15,41.648,43.259,40.026,99.947
1083,6/22/22,19:30,38.557,40.158,38.183,99.747
1084,6/22/22,19:45,38.511,40.579,37.868,99.997
1085,6/22/22,20:00,39.97,42.017,39.094,99.997
1086,6/22/22,20:15,43.03,44.082,41.241,99.997
1087,6/22/22,20:30,43.167,43.534,41.614,99.622
1088,6/22/22,20:45,43.214,43.488,41.373,98.779
1089,6/22/22,21:00,45.579,46.751,42.96,97.115
1090,6/22/22,21:15,45.444,45.082,43.207,95.407
1091,6/22/22,21:30,44.627,42.892,42.771,95.23
1092,6/22/22,21:45,45.714,43.396,43.887,93.841
1093,6/22/22,22:00,44.764,42.247,43.331,93.988
1094,6/22/22,22:15,46.346,43.03,44.712,90.24
1095,6/22/22,22:30,47.154,44.263,45.633,89.154
1096,6/22/22,22:45,47.781,44.263,46.236,87.634
1097,6/22/22,23:00,47.871,44.492,46.477,87.301
1098,6/22/22,23:15,47.736,44.674,46.594,86.368
1099,6/22/22,23:30,47.959,44.445,46.845,83.886
1100,6/22/22,23:45,48.493,43.808,47.539,79.217
1101,6/23/22,0:00,48.805,44.173,48.128,76.745
1102,6/23/22,0:15,49.073,44.218,48.529,75.749
1103,6/23/22,0:30,49.561,44.445,49.402,73.539
1104,6/23/22,0:45,49.649,44.492,49.566,73.008
1105,6/23/22,1:00,49.649,44.355,49.653,72.708
1106,6/23/22,1:15,49.649,44.218,49.716,73.095
1107,6/23/22,1:30,49.338,44.492,49.446,72.688
1108,6/23/22,1:45,49.338,44.218,49.44,73.397
1109,6/23/22,2:00,49.294,44.263,49.431,73.429
1110,6/23/22,2:15,48.895,44.218,49.093,74.482
1111,6/23/22,2:30,49.116,44.582,49.296,74.864
1112,6/23/22,2:45,48.938,44.537,49.248,75.453
1113,6/23/22,3:00,47.959,43.853,48.24,77.501
1114,6/23/22,3:15,47.377,43.167,47.674,79.272
1115,6/23/22,3:30,46.796,42.939,47.129,80.613
1116,6/23/22,3:45,47.691,44.037,47.781,79.892
1117,6/23/22,4:00,47.557,44.355,47.867,79.236
1118,6/23/22,4:15,46.931,43.624,47.077,80.897
1119,6/23/22,4:30,48.094,44.127,47.91,78.801
1120,6/23/22,4:45,48.672,45.036,48.452,76.655
1121,6/23/22,5:00,48.717,45.354,48.297,76.884
1122,6/23/22,5:15,49.692,45.941,48.76,75.564
1123,6/23/22,5:30,50.445,46.706,49.248,74.011
1124,6/23/22,5:45,51.678,47.512,50.227,71.852
1125,6/23/22,6:00,52.772,47.781,50.025,71.543
1126,6/23/22,6:15,53.298,48.672,50.445,70.083
1127,6/23/22,6:30,51.193,48.182,49.185,72.515
1128,6/23/22,6:45,51.413,48.493,49.721,71.635
1129,6/23/22,7:00,50.841,53.298,49.253,72.113
1130,6/23/22,7:15,50.929,54.865,49.093,72.125
1131,6/23/22,7:30,49.649,53.602,47.332,74.9
1132,6/23/22,7:45,49.338,54.169,47.019,75.77
1133,6/23/22,8:00,49.338,53.69,47.019,75.818
1134,6/23/22,8:15,49.471,53.69,47.158,75.572
1135,6/23/22,8:30,49.561,53.82,47.278,75.57
1136,6/23/22,8:45,50.135,54.169,48.085,75.085
1137,6/23/22,9:00,50.841,55.213,48.877,74.041
1138,6/23/22,9:15,50.841,55.558,48.731,74.575
1139,6/23/22,9:30,51.148,55.949,48.906,74.203
1140,6/23/22,9:45,51.37,56.426,48.895,74.13
1141,6/23/22,10:00,51.809,57.463,49.32,72.944
1142,6/23/22,10:15,52.597,59.056,49.667,72.218
1143,6/23/22,10:30,53.733,63.903,50.238,71.099
1144,6/23/22,10:45,53.908,65.788,50.936,69.973
1145,6/23/22,11:00,53.82,65.017,51.053,70.381
1146,6/23/22,11:15,53.341,62.233,50.86,70.678
1147,6/23/22,11:30,53.427,62.276,51.048,70.138
1148,6/23/22,11:45,53.733,62.276,50.86,70.411
1149,6/23/22,12:00,54.43,65.273,50.85,69.677
1150,6/23/22,12:15,54.516,65.574,51.125,69.577
1151,6/23/22,12:30,52.072,59.056,50.218,71.51
1152,6/23/22,12:45,54.43,64.888,51.768,68.565
1153,6/23/22,13:00,54.734,65.615,51.679,68.739
1154,6/23/22,13:15,55.819,68.313,53.046,66.653
1155,6/23/22,13:30,56.079,68.4,53.244,66.049
1156,6/23/22,13:45,56.599,70.974,53.866,64.758
1157,6/23/22,14:00,57.031,71.361,54.082,64.718
1158,6/23/22,14:15,58.455,74.986,54.937,62.861
1159,6/23/22,14:30,58.325,78.69,54.673,63.371
1160,6/23/22,14:45,59.315,78.822,55.459,62.548
1161,6/23/22,15:00,60.174,80.184,56.548,60.043
1162,6/23/22,15:15,60.948,80.227,57.466,58.523
1163,6/23/22,15:30,62.276,81.466,58.982,55.3
1164,6/23/22,15:45,63.304,83.021,60.202,53.107
1165,6/23/22,16:00,62.875,81.997,59.758,53.462
1166,6/23/22,16:15,61.761,85.487,59.126,55.184
1167,6/23/22,16:30,62.834,83.109,60.188,57.473
1168,6/23/22,16:45,62.748,76.203,59.835,63.975
1169,6/23/22,17:00,63.561,78.996,60.211,61.445
1170,6/23/22,17:15,58.109,72.523,56.284,72.778
1171,6/23/22,17:30,56.34,70.803,54.223,78.408
1172,6/23/22,17:45,56.599,68.828,54.475,78.436
1173,6/23/22,18:00,57.42,71.317,55.107,76.87
1174,6/23/22,18:15,56.469,69.17,54.552,78.173
1175,6/23/22,18:30,56.858,68.999,54.745,78.201
1176,6/23/22,18:45,56.122,68.313,54.199,79.622
1177,6/23/22,19:00,56.815,67.714,54.624,78.454
1178,6/23/22,19:15,56.512,64.033,54.768,76.454
1179,6/23/22,19:30,52.335,59.229,51.42,85.647
1180,6/23/22,19:45,52.115,57.204,51.145,86.084
1181,6/23/22,20:00,50.886,54.909,50.27,89.49
1182,6/23/22,20:15,49.825,54.212,49.397,93.808
1183,6/23/22,20:30,49.338,52.335,49.041,95.166
1184,6/23/22,20:45,49.161,51.94,48.978,95.261
1185,6/23/22,21:00,49.249,51.544,49.199,93.249
1186,6/23/22,21:15,49.204,50.445,49.064,93.774
1187,6/23/22,21:30,48.762,49.959,48.636,96.661
1188,6/23/22,21:45,48.182,49.561,48.288,97.246
1189,6/23/22,22:00,47.602,48.405,47.872,97.784
1190,6/23/22,22:15,47.109,47.736,47.399,97.472
1191,6/23/22,22:30,47.154,47.512,47.419,97.285
1192,6/23/22,22:45,47.199,47.199,47.545,96.542
1193,6/23/22,23:00,46.886,46.974,47.26,97.362
1194,6/23/22,23:15,46.974,46.931,47.385,95.361
1195,6/23/22,23:30,46.616,46.571,46.999,95.839
1196,6/23/22,23:45,46.391,46.301,46.753,97.314
1197,6/24/22,0:00,46.706,46.256,47.003,97.173
1198,6/24/22,0:15,47.019,46.166,47.367,96.088
1199,6/24/22,0:30,46.886,46.211,47.25,95.624
1200,6/24/22,0:45,46.974,46.076,47.318,95.415
1201,6/24/22,1:00,47.512,46.391,47.829,94.746
1202,6/24/22,1:15,47.736,46.526,48.056,93.848
1203,6/24/22,1:30,47.602,46.616,47.973,93.823
1204,6/24/22,1:45,47.199,46.211,47.574,95.354
1205,6/24/22,2:00,46.526,45.714,46.922,97.449
1206,6/24/22,2:15,46.166,45.444,46.546,98.979
1207,6/24/22,2:30,45.941,45.082,46.29,99.875
1208,6/24/22,2:45,45.941,45.127,46.463,98.955
1209,6/24/22,3:00,46.661,45.489,47.08,97.774
1210,6/24/22,3:15,46.616,45.896,47.028,97.745
1211,6/24/22,3:30,46.706,45.941,47.124,96.815
1212,6/24/22,3:45,46.166,45.399,46.594,99.129
1213,6/24/22,4:00,46.391,45.534,46.825,97.263
1214,6/24/22,4:15,46.526,45.489,46.738,98.433
1215,6/24/22,4:30,49.428,46.346,48.958,86.244
1216,6/24/22,4:45,51.062,46.706,50.227,76.524
1217,6/24/22,5:00,52.072,47.647,50.787,73.051
1218,6/24/22,5:15,53.035,47.959,51.647,69.764
1219,6/24/22,5:30,52.992,48.493,51.584,70.501
1220,6/24/22,5:45,54.3,49.073,52.48,67.863
1221,6/24/22,6:00,56.079,49.959,53.929,64.865
1222,6/24/22,6:15,54.561,49.87,52.558,68.26
1223,6/24/22,6:30,57.42,50.18,54.687,65.097
1224,6/24/22,6:45,56.208,49.516,53.726,67.521
1225,6/24/22,7:00,59.83,60.346,55.845,63.464
1226,6/24/22,7:15,59.056,61.677,56.115,62.966
1227,6/24/22,7:30,61.119,62.062,56.511,63.38
1228,6/24/22,7:45,63.604,61.075,57.547,60.626
1229,6/24/22,8:00,67.798,63.133,58.046,58.631
1230,6/24/22,8:15,65.102,62.834,55.719,63.432
1231,6/24/22,8:30,66.385,65.829,59.324,58.01
1232,6/24/22,8:45,66.943,70.502,60.429,54.948
1233,6/24/22,9:00,67.627,68.828,61.646,48.798
1234,6/24/22,9:15,68.313,70.543,61.385,48.913
1235,6/24/22,9:30,70.158,73.083,61.684,50.089
1236,6/24/22,9:45,68.828,70.673,61.032,49.949
1237,6/24/22,10:00,70.587,72.437,63.61,44.562
1238,6/24/22,10:15,63.048,69.471,58.87,51.025
1239,6/24/22,10:30,65.059,70.887,60.69,48.492
1240,6/24/22,10:45,64.161,69.685,59.898,49.839
1241,6/24/22,11:00,63.39,69.643,59.029,50.507
1242,6/24/22,11:15,63.775,69.858,58.851,51.847
1243,6/24/22,11:30,67.071,72.826,61.173,49.886
1244,6/24/22,11:45,69.129,72.178,63.522,44.179
1245,6/24/22,12:00,64.375,69.3,59.517,50.6
1246,6/24/22,12:15,66.558,71.533,60.975,48.667
1247,6/24/22,12:30,66.385,72.178,60.472,49.874
1248,6/24/22,12:45,66.043,71.748,59.995,50.48
1249,6/24/22,13:00,65.188,72.826,59.754,51.707
1250,6/24/22,13:15,66.515,74.077,60.174,50.553
1251,6/24/22,13:30,63.732,70.803,58.827,53.3
1252,6/24/22,13:45,60.217,68.698,56.404,67.234
1253,6/24/22,14:00,63.946,71.748,57.533,68.344
1254,6/24/22,14:15,63.433,69.514,57.2,66.665
1255,6/24/22,14:30,60.217,67.372,56.212,69.429
1256,6/24/22,14:45,59.358,67.798,55.308,76.339
1257,6/24/22,15:00,61.934,70.974,56.554,73.809
1258,6/24/22,15:15,60.647,68.142,56.26,73.115
1259,6/24/22,15:30,57.936,65.059,54.252,80.485
1260,6/24/22,15:45,59.272,66.643,55.314,78.311
1261,6/24/22,16:00,59.873,66.515,55.641,77.601
1262,6/24/22,16:15,59.315,66.985,55.638,77.954
1263,6/24/22,16:30,58.109,64.845,54.432,80.525
1264,6/24/22,16:45,60.046,66.686,55.825,78.276
1265,6/24/22,17:00,60.69,67.842,56.115,76.941
1266,6/24/22,17:15,61.376,67.842,55.807,77.705
1267,6/24/22,17:30,58.023,63.475,54.291,79.992
1268,6/24/22,17:45,55.213,59.873,52.529,84.984
1269,6/24/22,18:00,54.734,58.842,52.25,86.055
1270,6/24/22,18:15,57.117,60.861,53.944,82.663
1271,6/24/22,18:30,60.733,65.359,56.019,77.708
1272,6/24/22,18:45,62.62,66.643,55.927,76.075
1273,6/24/22,19:00,57.893,62.148,54.039,81.105
1274,6/24/22,19:15,58.195,63.133,55.078,79.165
1275,6/24/22,19:30,57.29,62.704,54.667,79.771
1276,6/24/22,19:45,57.722,63.176,54.687,79.763
1277,6/24/22,20:00,58.971,63.604,54.975,78.99
1278,6/24/22,20:15,58.282,63.518,55.13,78.651
1279,6/24/22,20:30,60.904,62.406,55.477,73.057
1280,6/24/22,20:45,57.247,58.498,52.92,77.105
1281,6/24/22,21:00,55.558,56.512,52.119,80.052
1282,6/24/22,21:15,54.387,56.035,52.452,77.153
1283,6/24/22,21:30,53.035,53.645,50.985,78.985
1284,6/24/22,21:45,50.797,52.992,50.778,80.708
1285,6/24/22,22:00,49.383,51.062,49.566,87.337
1286,6/24/22,22:15,48.672,50.533,49.339,84.12
1287,6/24/22,22:30,48.36,50.223,49.311,82.928
1288,6/24/22,22:45,48.717,50.002,49.316,85.342
1289,6/24/22,23:00,48.583,49.649,49.152,89.99
1290,6/24/22,23:15,48.762,49.338,49.185,90.954
1291,6/24/22,23:30,48.538,48.983,48.997,90.933
1292,6/24/22,23:45,48.583,48.895,49.035,91.386
1293,6/25/22,0:00,48.717,48.672,49.136,90.991
1294,6/25/22,0:15,49.338,48.672,49.716,88.144
1295,6/25/22,0:30,49.294,48.493,49.735,85.87
1296,6/25/22,0:45,48.895,48.227,49.354,85.611
1297,6/25/22,1:00,48.805,48.137,49.224,85.995
1298,6/25/22,1:15,48.583,48.004,49.055,90.512
1299,6/25/22,1:30,48.762,48.094,49.204,87.816
1300,6/25/22,1:45,49.338,48.583,49.773,80.435
1301,6/25/22,2:00,49.959,48.493,50.41,72.053
1302,6/25/22,2:15,50.092,49.249,50.623,70.472
1303,6/25/22,2:30,49.471,48.672,49.982,76.257
1304,6/25/22,2:45,49.428,48.717,49.908,77.882
1305,6/25/22,3:00,49.116,48.36,49.606,79.944
1306,6/25/22,3:15,49.338,48.493,49.788,78.57
1307,6/25/22,3:30,49.116,48.315,49.615,78.877
1308,6/25/22,3:45,48.272,47.647,48.751,85.051
1309,6/25/22,4:00,48.137,47.377,48.573,87.237
1310,6/25/22,4:15,48.493,47.602,48.799,86.009
1311,6/25/22,4:30,49.737,47.781,49.75,80.085
1312,6/25/22,4:45,50.047,47.826,49.784,79.965
1313,6/25/22,5:00,50.709,47.512,49.847,82.005
1314,6/25/22,5:15,51.237,47.467,50.054,82.068
1315,6/25/22,5:30,52.947,47.871,51.073,80.151
1316,6/25/22,5:45,54.952,48.538,52.515,77.226
1317,6/25/22,6:00,54.516,48.628,52.153,78.842
1318,6/25/22,6:15,55.125,48.895,52.529,76.873
1319,6/25/22,6:30,54.995,48.628,52.389,82.007
1320,6/25/22,6:45,55.342,49.116,52.612,83.029
1321,6/25/22,7:00,63.347,60.474,56.68,63.737
1322,6/25/22,7:15,65.487,59.83,58.204,53.152
1323,6/25/22,7:30,57.936,55.256,54.34,60.865
1324,6/25/22,7:45,64.717,62.362,57.929,56.039
1325,6/25/22,8:00,63.475,59.315,57.384,54.43
1326,6/25/22,8:15,61.162,58.195,56.172,56.139
1327,6/25/22,8:30,62.105,59.959,56.611,55.941
1328,6/25/22,8:45,67.543,63.561,59.16,52.323
1329,6/25/22,9:00,65.701,62.49,59.347,51.336
1330,6/25/22,9:15,63.946,61.29,58.05,52.903
1331,6/25/22,9:30,63.99,62.191,57.774,54.434
1332,6/25/22,9:45,64.546,63.262,58.316,54.228
1333,6/25/22,10:00,64.803,65.102,58.509,54.493
1334,6/25/22,10:15,63.903,63.09,57.659,54.305
1335,6/25/22,10:30,61.891,61.934,56.64,57.09
1336,6/25/22,10:45,62.062,62.791,57.441,56.997
1337,6/25/22,11:00,62.533,63.347,57.495,59.908
1338,6/25/22,11:15,64.117,65.102,58.368,62.321
1339,6/25/22,11:30,62.233,63.903,56.896,68.881
1340,6/25/22,11:45,60.474,62.875,55.647,74.809
1341,6/25/22,12:00,61.891,64.589,56.574,73.341
1342,6/25/22,12:15,61.376,64.375,56.651,72.294
1343,6/25/22,12:30,60.604,64.074,56.428,73.054
1344,6/25/22,12:45,60.733,65.059,56.921,71.693
1345,6/25/22,13:00,61.677,66.6,57.814,68.751
1346,6/25/22,13:15,60.39,65.102,56.964,70.002
1347,6/25/22,13:30,60.775,66.258,57.592,67.817
1348,6/25/22,13:45,60.69,65.959,57.303,67.817
1349,6/25/22,14:00,60.174,66.6,57.042,67.982
1350,6/25/22,14:15,58.971,64.161,56.313,70.01
1351,6/25/22,14:30,59.185,64.888,56.651,67.094
1352,6/25/22,14:45,58.712,63.732,56.178,66.482
1353,6/25/22,15:00,58.971,64.459,56.502,66.43
1354,6/25/22,15:15,59.056,64.632,56.439,67.565
1355,6/25/22,15:30,60.089,66.13,57.693,64.485
1356,6/25/22,15:45,61.59,62.661,60.429,59.944
1357,6/25/22,16:00,67.285,64.76,66.292,57.063
1358,6/25/22,16:15,69.471,66.9,66.891,62.33
1359,6/25/22,16:30,70.63,68.185,68.445,62.606
1360,6/25/22,16:45,70.673,68.657,69.255,62.649
1361,6/25/22,17:00,70.201,68.527,69.453,63.058
1362,6/25/22,17:15,69.728,68.313,69.55,63.081
1363,6/25/22,17:30,69.085,67.842,69.377,62.921
1364,6/25/22,17:45,68.27,67.285,68.927,62.712
1365,6/25/22,18:00,67.199,66.515,68.151,62.588
1366,6/25/22,18:15,65.959,65.574,67.167,62.553
1367,6/25/22,18:30,65.23,64.845,66.346,62.612
1368,6/25/22,18:45,64.717,64.332,65.714,62.55
1369,6/25/22,19:00,64.117,63.689,65.034,62.528
1370,6/25/22,19:15,63.775,63.176,64.58,62.472
1371,6/25/22,19:30,63.262,62.661,64.038,62.341
1372,6/25/22,19:45,62.191,61.761,63.199,62.335
1373,6/25/22,20:00,61.376,60.904,62.307,62.573
1374,6/25/22,20:15,60.991,60.39,61.632,62.901
1375,6/25/22,20:30,60.303,59.83,60.969,63.116
1376,6/25/22,20:45,59.229,59.014,60.217,63.313
1377,6/25/22,21:00,58.023,58.066,59.329,63.517
1378,6/25/22,21:15,57.074,57.16,58.402,63.798
1379,6/25/22,21:30,56.165,56.383,57.495,64.187
1380,6/25/22,21:45,54.777,55.386,56.41,64.712
1381,6/25/22,22:00,52.86,53.951,55.015,65.33
1382,6/25/22,22:15,51.544,52.686,53.769,65.763
1383,6/25/22,22:30,50.268,51.501,52.65,66.03
1384,6/25/22,22:45,48.983,50.223,51.535,66.331
1385,6/25/22,23:00,48.493,49.428,50.734,66.784
1386,6/25/22,23:15,48.004,48.85,50.097,67.262
1387,6/25/22,23:30,47.377,48.182,49.422,67.803
1388,6/25/22,23:45,46.931,47.691,48.819,68.373
1389,6/26/22,0:00,46.706,47.422,48.38,68.904
1390,6/26/22,0:15,46.166,46.974,47.916,69.328
1391,6/26/22,0:30,45.669,46.481,47.462,69.808
1392,6/26/22,0:45,45.579,46.211,47.192,70.367
1393,6/26/22,1:00,45.127,45.851,46.767,70.738
1394,6/26/22,1:15,44.582,45.399,46.265,71.159
1395,6/26/22,1:30,44.445,45.082,45.837,71.595
1396,6/26/22,1:45,44.627,45.172,45.57,72.01
1397,6/26/22,2:00,44.627,45.127,45.349,72.297
1398,6/26/22,2:15,44.674,45.127,45.217,72.558
1399,6/26/22,2:30,44.582,45.082,45.113,72.905
1400,6/26/22,2:45,44.627,45.036,45.059,73.295
1401,6/26/22,3:00,44.719,45.036,45.059,73.796
1402,6/26/22,3:15,44.901,45.127,45.165,74.243
1403,6/26/22,3:30,44.946,45.127,45.228,74.545
1404,6/26/22,3:45,44.492,44.946,45.079,74.713
1405,6/26/22,4:00,44.037,44.582,44.798,74.984
1406,6/26/22,4:15,44.082,44.492,44.625,75.317
1407,6/26/22,4:30,44.492,44.674,44.634,75.735
1408,6/26/22,4:45,46.391,45.354,44.976,76.785
1409,6/26/22,5:00,51.544,48.004,46.56,78.039
1410,6/26/22,5:15,55.472,51.017,48.664,78.17
1411,6/26/22,5:30,59.445,54.169,50.947,78.076
1412,6/26/22,5:45,64.418,58.109,53.818,77.363
1413,6/26/22,6:00,67.285,61.333,56.034,76.918
1414,6/26/22,6:15,69.042,63.561,57.727,76.507
1415,6/26/22,6:30,72.696,66.515,59.812,75.561
1416,6/26/22,6:45,75.16,69.213,61.776,74.417
1417,6/26/22,7:00,75.724,70.673,62.692,73.916
1418,6/26/22,7:15,78.251,72.783,63.918,72.876
1419,6/26/22,7:30,80.008,74.899,65.172,71.579
1420,6/26/22,7:45,81.997,76.986,66.553,70.085
1421,6/26/22,8:00,82.976,78.69,67.818,68.641
1422,6/26/22,8:15,82.575,79.128,68.324,67.657
1423,6/26/22,8:30,83.779,80.227,68.923,66.671
1424,6/26/22,8:45,85.397,81.73,70.086,65.121
1425,6/26/22,9:00,86.164,82.886,71.249,63.607
1426,6/26/22,9:15,87.028,83.869,72.469,62.135
1427,6/26/22,9:30,87.985,84.767,73.555,60.935
1428,6/26/22,9:45,88.947,85.802,74.926,59.507
1429,6/26/22,10:00,89.085,86.256,75.808,58.444
1430,6/26/22,10:15,88.259,86.074,76.224,57.806
1431,6/26/22,10:30,86.981,85.262,76.383,57.417
1432,6/26/22,10:45,84.677,83.646,75.403,58.274
1433,6/26/22,11:00,81.466,80.668,72.691,60.923
1434,6/26/22,11:15,76.028,76.071,68.913,63.99
1435,6/26/22,11:30,68.785,70.759,65.453,65.22
1436,6/26/22,11:45,64.288,66.643,62.812,65.277
1437,6/26/22,12:00,61.462,63.561,60.883,64.881
1438,6/26/22,12:15,59.358,61.205,59.358,64.43
1439,6/26/22,12:30,57.85,59.358,58.152,64.048
1440,6/26/22,12:45,56.512,57.506,57.529,63.256
1441,6/26/22,13:00,55.776,56.426,56.93,63.124
1442,6/26/22,13:15,55.992,56.079,56.588,63.108
1443,6/26/22,13:30,59.445,57.807,57.834,62.875
1444,6/26/22,13:45,61.032,59.229,59.522,61.869
1445,6/26/22,14:00,61.891,60.217,60.771,61.459
1446,6/26/22,14:15,62.49,61.075,61.756,61.476
1447,6/26/22,14:30,63.09,61.848,62.663,61.599
1448,6/26/22,14:45,63.775,62.62,63.59,61.692
1449,6/26/22,15:00,64.459,63.433,64.521,61.759
1450,6/26/22,15:15,65.102,64.204,65.395,61.83
1451,6/26/22,15:30,65.745,64.888,66.196,61.904
1452,6/26/22,15:45,66.301,65.53,66.929,61.967
1453,6/26/22,16:00,66.814,66.087,67.606,62.031
1454,6/26/22,16:15,67.329,66.643,68.218,62.068
1455,6/26/22,16:30,67.842,67.158,68.812,62.08
1456,6/26/22,16:45,68.313,67.627,69.366,62.072
1457,6/26/22,17:00,68.698,68.013,69.831,62.084
1458,6/26/22,17:15,68.999,68.356,70.201,62.097
1459,6/26/22,17:30,69.256,68.614,70.511,62.11
1460,6/26/22,17:45,69.514,68.871,70.81,62.1
1461,6/26/22,18:00,69.685,69.085,71.037,62.127
1462,6/26/22,18:15,69.814,69.256,71.181,62.196
1463,6/26/22,18:30,70.029,69.427,71.393,62.185
1464,6/26/22,18:45,70.201,69.643,71.582,62.171
1465,6/26/22,19:00,70.286,69.728,71.717,62.2
1466,6/26/22,19:15,70.286,69.771,71.78,62.252
1467,6/26/22,19:30,70.286,69.771,71.784,62.318
1468,6/26/22,19:45,70.201,69.771,71.74,62.402
1469,6/26/22,20:00,70.029,69.643,71.625,62.498
1470,6/26/22,20:15,69.814,69.427,71.436,62.602
1471,6/26/22,20:30,68.999,68.913,71.109,58.456
1472,6/26/22,20:45,67.158,67.456,70.23,55.677
1473,6/26/22,21:00,66.558,66.686,69.174,55.209
1474,6/26/22,21:15,64.204,64.888,67.397,54.923
1475,6/26/22,21:30,62.533,63.133,65.381,57.69
1476,6/26/22,21:45,61.376,61.848,63.754,59.414
1477,6/26/22,22:00,60.517,60.904,62.485,60.499
1478,6/26/22,22:15,59.83,60.132,61.486,61.183
1479,6/26/22,22:30,59.272,59.529,60.699,61.645
1480,6/26/22,22:45,58.798,59.014,60.062,61.982
1481,6/26/22,23:00,58.282,58.541,59.482,62.275
1482,6/26/22,23:15,57.893,58.109,58.968,62.539
1483,6/26/22,23:30,57.506,57.722,58.5,62.766
1484,6/26/22,23:45,57.204,57.376,58.113,62.96
1485,6/27/22,0:00,56.901,57.074,57.76,63.136
1486,6/27/22,0:15,56.599,56.815,57.441,63.294
1487,6/27/22,0:30,56.34,56.512,57.128,63.452
1488,6/27/22,0:45,56.122,56.295,56.863,63.592
1489,6/27/22,1:00,55.819,56.035,56.588,63.735
1490,6/27/22,1:15,55.558,55.776,56.327,63.871
1491,6/27/22,1:30,55.386,55.558,56.086,63.981
1492,6/27/22,1:45,55.256,55.386,55.888,64.079
1493,6/27/22,2:00,55.125,55.213,55.695,64.169
1494,6/27/22,2:15,54.952,55.081,55.531,64.266
1495,6/27/22,2:30,54.777,54.909,55.353,64.364
1496,6/27/22,2:45,54.561,54.691,55.159,64.463
1497,6/27/22,3:00,54.387,54.516,54.972,64.547
1498,6/27/22,3:15,54.255,54.387,54.811,64.614
1499,6/27/22,3:30,54.126,54.255,54.658,64.677
1500,6/27/22,3:45,54.037,54.126,54.507,64.732
1501,6/27/22,4:00,53.908,53.994,54.372,64.793
1502,6/27/22,4:15,53.733,53.82,54.228,64.865
1503,6/27/22,4:30,53.602,53.69,54.088,64.923
1504,6/27/22,4:45,53.559,53.602,53.967,64.971
1505,6/27/22,5:00,53.427,53.515,53.856,65.025
1506,6/27/22,5:15,53.341,53.427,53.746,65.08
1507,6/27/22,5:30,53.298,53.341,53.645,65.122
1508,6/27/22,5:45,53.209,53.253,53.562,65.167
1509,6/27/22,6:00,53.253,53.253,53.519,65.176
1510,6/27/22,6:15,53.384,53.341,53.577,65.142
1511,6/27/22,6:30,53.602,53.515,53.866,64.996
1512,6/27/22,6:45,54.212,53.994,54.653,64.39
1513,6/27/22,7:00,55.168,54.734,55.882,63.285
1514,6/27/22,7:15,56.295,55.647,57.317,62.026
1515,6/27/22,7:30,57.376,56.685,58.764,60.888
1516,6/27/22,7:45,58.195,57.679,59.835,60.226
1517,6/27/22,8:00,58.712,58.455,60.429,60.151
1518,6/27/22,8:15,58.928,58.885,60.613,60.473
1519,6/27/22,8:30,58.928,59.014,60.453,60.984
1520,6/27/22,8:45,58.842,59.014,60.226,61.448
1521,6/27/22,9:00,58.798,58.971,60.004,61.811
1522,6/27/22,9:15,58.712,58.885,59.763,62.113
1523,6/27/22,9:30,58.541,58.755,59.499,62.353
1524,6/27/22,9:45,58.411,58.626,59.281,62.539
1525,6/27/22,10:00,58.368,58.498,59.092,62.661
1526,6/27/22,10:15,58.368,58.455,58.971,62.695
1527,6/27/22,10:30,58.368,58.455,58.905,62.699
1528,6/27/22,10:45,58.411,58.455,58.842,62.695
1529,6/27/22,11:00,58.411,58.455,58.793,62.684
1530,6/27/22,11:15,58.455,58.455,58.759,62.669
1531,6/27/22,11:30,58.498,58.498,58.755,62.65
1532,6/27/22,11:45,58.582,58.541,58.788,62.615
1533,6/27/22,12:00,58.712,58.626,58.851,62.579
1534,6/27/22,12:15,58.885,58.755,58.942,62.55
1535,6/27/22,12:30,59.014,58.885,59.068,62.528
1536,6/27/22,12:45,59.185,59.014,59.189,62.513
1537,6/27/22,13:00,59.401,59.185,59.333,62.502
1538,6/27/22,13:15,59.572,59.315,59.482,62.49
1539,6/27/22,13:30,59.745,59.486,59.637,62.475
1540,6/27/22,13:45,59.916,59.659,59.792,62.461
1541,6/27/22,14:00,60.132,59.873,59.97,62.451
1542,6/27/22,14:15,60.346,60.046,60.145,62.423
1543,6/27/22,14:30,60.561,60.217,60.337,62.412
1544,6/27/22,14:45,60.733,60.433,60.516,62.397
1545,6/27/22,15:00,60.904,60.604,60.685,62.4
1546,6/27/22,15:15,61.119,60.775,60.874,62.406
1547,6/27/22,15:30,61.333,60.991,61.061,62.397
1548,6/27/22,15:45,61.547,61.205,61.264,62.397
1549,6/27/22,16:00,61.848,61.462,61.511,62.406
1550,6/27/22,16:15,62.191,61.761,61.795,62.402
1551,6/27/22,16:30,62.447,62.019,62.04,62.411
1552,6/27/22,16:45,62.661,62.233,62.263,62.435
1553,6/27/22,17:00,62.875,62.447,62.485,62.466
1554,6/27/22,17:15,63.09,62.661,62.692,62.504
1555,6/27/22,17:30,63.219,62.834,62.857,62.538
1556,6/27/22,17:45,63.433,63.048,63.039,62.58
1557,6/27/22,18:00,63.732,63.304,63.277,62.568
1558,6/27/22,18:15,64.033,63.561,63.552,62.466
1559,6/27/22,18:30,64.247,63.819,63.768,62.367
1560,6/27/22,18:45,64.332,63.946,63.909,62.287
1561,6/27/22,19:00,64.375,64.033,63.995,62.284
1562,6/27/22,19:15,64.418,64.117,64.063,62.319
1563,6/27/22,19:30,64.418,64.161,64.112,62.364
1564,6/27/22,19:45,64.459,64.204,64.144,62.391
1565,6/27/22,20:00,64.418,64.204,64.144,62.417
1566,6/27/22,20:15,64.375,64.204,64.121,62.441
1567,6/27/22,20:30,64.375,64.204,64.126,62.493
1568,6/27/22,20:45,64.546,64.288,64.207,62.554
1569,6/27/22,21:00,64.632,64.375,64.299,62.58
1570,6/27/22,21:15,64.674,64.459,64.357,62.597
1571,6/27/22,21:30,64.674,64.459,64.396,62.625
1572,6/27/22,21:45,64.589,64.418,64.391,62.553
1573,6/27/22,22:00,64.375,64.332,64.324,62.533
1574,6/27/22,22:15,64.161,64.161,64.207,62.567
1575,6/27/22,22:30,64.033,64.033,64.121,62.596
1576,6/27/22,22:45,63.862,63.903,64.029,62.591
1577,6/27/22,23:00,63.732,63.775,63.937,62.55
1578,6/27/22,23:15,63.561,63.604,63.822,62.513
1579,6/27/22,23:30,63.347,63.433,63.667,62.493
1580,6/27/22,23:45,63.09,63.219,63.489,62.512
1581,6/28/22,0:00,62.875,63.005,63.291,62.528
1582,6/28/22,0:15,62.62,62.791,63.099,62.542
1583,6/28/22,0:30,62.362,62.577,62.895,62.547
1584,6/28/22,0:45,62.148,62.362,62.697,62.538
1585,6/28/22,1:00,61.934,62.148,62.505,62.528
1586,6/28/22,1:15,61.72,61.934,62.301,62.506
1587,6/28/22,1:30,61.506,61.72,62.103,62.484
1588,6/28/22,1:45,61.333,61.547,61.92,62.46
1589,6/28/22,2:00,61.162,61.333,61.732,62.438
1590,6/28/22,2:15,60.991,61.162,61.554,62.399
1591,6/28/22,2:30,60.775,60.991,61.371,62.347
1592,6/28/22,2:45,60.647,60.818,61.196,62.298
1593,6/28/22,3:00,60.474,60.647,61.027,62.289
1594,6/28/22,3:15,60.346,60.474,60.874,62.289
1595,6/28/22,3:30,60.217,60.346,60.714,62.271
1596,6/28/22,3:45,60.046,60.217,60.57,62.258
1597,6/28/22,4:00,59.916,60.089,60.435,62.245
1598,6/28/22,4:15,59.83,59.959,60.285,62.185
1599,6/28/22,4:30,59.702,59.83,60.154,62.081
1600,6/28/22,4:45,59.572,59.702,60.024,61.959
1601,6/28/22,5:00,59.486,59.572,59.898,61.81
1602,6/28/22,5:15,59.401,59.486,59.797,61.74
1603,6/28/22,5:30,59.315,59.401,59.706,61.727
1604,6/28/22,5:45,59.272,59.315,59.614,61.709
1605,6/28/22,6:00,59.229,59.272,59.542,61.659
1606,6/28/22,6:15,59.229,59.272,59.517,61.613
1607,6/28/22,6:30,59.401,59.358,59.691,61.479
1608,6/28/22,6:45,59.788,59.659,60.197,61.025
1609,6/28/22,7:00,60.433,60.174,61.041,60.229
1610,6/28/22,7:15,61.333,60.904,62.186,59.184
1611,6/28/22,7:30,62.191,61.72,63.372,58.122
1612,6/28/22,7:45,62.875,62.533,64.308,57.299
1613,6/28/22,8:00,63.347,63.176,64.868,56.91
1614,6/28/22,8:15,63.561,63.561,65.077,56.918
1615,6/28/22,8:30,63.561,63.689,64.999,57.127
1616,6/28/22,8:45,63.475,63.689,64.792,57.357
1617,6/28/22,9:00,63.347,63.604,64.56,57.591
1618,6/28/22,9:15,63.176,63.433,64.29,57.829
1619,6/28/22,9:30,63.133,63.39,64.477,56.944
1620,6/28/22,9:45,63.219,63.39,64.686,56.455
1621,6/28/22,10:00,63.219,63.347,64.445,56.764
1622,6/28/22,10:15,63.219,63.347,64.227,57.029
1623,6/28/22,10:30,63.176,63.304,64.053,57.201
1624,6/28/22,10:45,63.176,63.304,63.914,57.33
1625,6/28/22,11:00,63.133,63.262,63.797,57.464
1626,6/28/22,11:15,63.09,63.219,63.702,57.549
1627,6/28/22,11:30,63.09,63.176,63.628,57.603
1628,6/28/22,11:45,63.005,63.133,63.538,57.659
1629,6/28/22,12:00,62.962,63.09,63.441,57.697
1630,6/28/22,12:15,63.005,63.048,63.401,57.658
1631,6/28/22,12:30,63.005,63.048,63.363,57.646
1632,6/28/22,12:45,63.048,63.09,63.349,57.627
1633,6/28/22,13:00,63.133,63.133,63.349,57.595
1634,6/28/22,13:15,63.219,63.176,63.397,57.568
1635,6/28/22,13:30,63.304,63.262,63.446,57.549
1636,6/28/22,13:45,63.347,63.304,63.493,57.519
1637,6/28/22,14:00,63.39,63.304,63.527,57.502
1638,6/28/22,14:15,63.433,63.347,63.552,57.501
1639,6/28/22,14:30,63.475,63.39,63.585,57.49
1640,6/28/22,14:45,63.518,63.433,63.613,57.47
1641,6/28/22,15:00,63.561,63.475,63.658,57.467
1642,6/28/22,15:15,63.689,63.561,63.725,57.481
1643,6/28/22,15:30,63.819,63.648,63.826,57.501
1644,6/28/22,15:45,63.99,63.819,63.952,57.522
1645,6/28/22,16:00,64.161,63.946,64.087,57.525
1646,6/28/22,16:15,64.204,64.033,64.198,57.475
1647,6/28/22,16:30,64.247,64.074,64.261,57.455
1648,6/28/22,16:45,64.332,64.161,64.333,57.467
1649,6/28/22,17:00,64.418,64.247,64.425,57.441
1650,6/28/22,17:15,64.546,64.375,64.551,57.36
1651,6/28/22,17:30,64.674,64.459,64.641,57.33
1652,6/28/22,17:45,64.803,64.589,64.758,57.325
1653,6/28/22,18:00,64.888,64.674,64.839,57.267
1654,6/28/22,18:15,64.888,64.717,64.902,57.232
1655,6/28/22,18:30,64.974,64.76,64.936,57.23
1656,6/28/22,18:45,65.017,64.845,64.985,57.229
1657,6/28/22,19:00,65.059,64.888,65.014,57.24
1658,6/28/22,19:15,65.059,64.888,65.005,57.238
1659,6/28/22,19:30,65.059,64.888,64.999,57.284
1660,6/28/22,19:45,64.931,64.888,64.98,57.246
1661,6/28/22,20:00,64.717,64.76,64.879,57.176
1662,6/28/22,20:15,64.332,64.546,64.71,57.221
1663,6/28/22,20:30,63.862,64.204,64.42,57.316
1664,6/28/22,20:45,63.604,63.903,64.141,57.321
1665,6/28/22,21:00,63.689,63.775,63.981,57.281
1666,6/28/22,21:15,64.161,63.946,64.072,57.484
1667,6/28/22,21:30,64.674,64.247,64.382,57.533
1668,6/28/22,21:45,65.017,64.546,64.719,57.411
1669,6/28/22,22:00,65.102,64.717,64.945,57.357
1670,6/28/22,22:15,65.145,64.76,65.071,57.086
1671,6/28/22,22:30,65.017,64.717,65.08,57.002
1672,6/28/22,22:45,64.632,64.546,64.922,57.035
1673,6/28/22,23:00,64.288,64.332,64.704,57.148
1674,6/28/22,23:15,63.819,64.033,64.434,57.368
1675,6/28/22,23:30,63.347,63.689,64.121,57.557
1676,6/28/22,23:45,62.962,63.39,63.788,57.704
1677,6/29/22,0:00,62.62,63.048,63.469,57.821
1678,6/29/22,0:15,62.233,62.704,63.142,57.928
1679,6/29/22,0:30,61.804,62.319,62.789,58.015
1680,6/29/22,0:45,61.419,61.977,62.442,58.096
1681,6/29/22,1:00,61.075,61.59,62.103,58.172
1682,6/29/22,1:15,60.775,61.29,61.77,58.245
1683,6/29/22,1:30,60.561,61.032,61.48,58.309
1684,6/29/22,1:45,60.26,60.733,61.192,58.383
1685,6/29/22,2:00,59.959,60.433,60.903,58.453
1686,6/29/22,2:15,59.702,60.174,60.618,58.518
1687,6/29/22,2:30,59.445,59.916,60.346,58.578
1688,6/29/22,2:45,59.229,59.659,60.091,58.639
1689,6/29/22,3:00,58.971,59.445,59.835,58.701
1690,6/29/22,3:15,58.798,59.229,59.594,58.756
1691,6/29/22,3:30,58.582,59.014,59.373,58.805
1692,6/29/22,3:45,58.455,58.798,59.155,58.856
1693,6/29/22,4:00,58.325,58.669,58.977,58.909
1694,6/29/22,4:15,58.109,58.455,58.784,58.961
1695,6/29/22,4:30,57.936,58.282,58.6,59.007
1696,6/29/22,4:45,57.765,58.109,58.408,59.049
1697,6/29/22,5:00,57.636,57.936,58.233,59.088
1698,6/29/22,5:15,57.506,57.807,58.084,59.126
1699,6/29/22,5:30,57.376,57.636,57.92,59.162
1700,6/29/22,5:45,57.29,57.506,57.78,59.191
1701,6/29/22,6:00,57.204,57.42,57.664,59.216
1702,6/29/22,6:15,57.117,57.333,57.553,59.246
1703,6/29/22,6:30,57.031,57.204,57.441,59.281
1704,6/29/22,6:45,56.901,57.117,57.335,59.319
1705,6/29/22,7:00,56.815,56.988,57.214,59.356
1706,6/29/22,7:15,56.728,56.901,57.114,59.393
1707,6/29/22,7:30,56.685,56.815,57.022,59.423
1708,6/29/22,7:45,56.642,56.772,56.95,59.445
1709,6/29/22,8:00,56.642,56.728,56.912,59.461
1710,6/29/22,8:15,56.642,56.685,56.863,59.483
1711,6/29/22,8:30,56.599,56.642,56.829,59.498
1712,6/29/22,8:45,56.556,56.599,56.795,59.524
1713,6/29/22,9:00,56.556,56.599,56.757,59.541
1714,6/29/22,9:15,56.599,56.556,56.737,59.538
1715,6/29/22,9:30,56.685,56.599,56.766,59.524
1716,6/29/22,9:45,56.815,56.685,56.863,59.503
1717,6/29/22,10:00,56.901,56.728,56.921,59.493
1718,6/29/22,10:15,56.944,56.772,56.973,59.5
1719,6/29/22,10:30,57.031,56.815,57.022,59.506
1720,6/29/22,10:45,57.16,56.944,57.114,59.504
1721,6/29/22,11:00,57.29,57.031,57.234,59.481
1722,6/29/22,11:15,57.549,57.204,57.409,59.457
1723,6/29/22,11:30,58.066,57.506,57.742,59.437
1724,6/29/22,11:45,58.669,57.936,58.21,59.326
1725,6/29/22,12:00,59.099,58.325,58.649,59.147
1726,6/29/22,12:15,59.315,58.582,58.971,59.023
1727,6/29/22,12:30,59.401,58.798,59.184,58.962
1728,6/29/22,12:45,59.445,58.928,59.324,58.926
1729,6/29/22,13:00,59.486,59.014,59.407,58.924
1730,6/29/22,13:15,59.572,59.142,59.488,58.95
1731,6/29/22,13:30,59.659,59.229,59.589,58.958
1732,6/29/22,13:45,59.745,59.315,59.666,58.979
1733,6/29/22,14:00,59.916,59.445,59.778,59.019
1734,6/29/22,14:15,60.174,59.616,59.947,59.054
1735,6/29/22,14:30,60.474,59.873,60.193,59.08
1736,6/29/22,14:45,60.861,60.132,60.501,59.057
1737,6/29/22,15:00,61.333,60.474,60.912,58.959
1738,6/29/22,15:15,61.848,60.861,61.356,58.817
1739,6/29/22,15:30,62.276,61.248,61.799,58.659
1740,6/29/22,15:45,62.276,61.462,62.031,58.547
1741,6/29/22,16:00,61.977,61.419,61.974,58.563
1742,6/29/22,16:15,61.677,61.333,61.81,58.65
1743,6/29/22,16:30,61.72,61.333,61.756,58.83
1744,6/29/22,16:45,61.891,61.419,61.819,58.964
1745,6/29/22,17:00,62.148,61.59,61.988,59.037
1746,6/29/22,17:15,62.577,61.848,62.292,59.022
1747,6/29/22,17:30,63.005,62.148,62.654,58.891
1748,6/29/22,17:45,63.219,62.406,62.944,58.752
1749,6/29/22,18:00,62.962,62.406,62.962,58.692
1750,6/29/22,18:15,62.704,62.362,62.841,58.718
1751,6/29/22,18:30,62.406,62.191,62.663,58.772
1752,6/29/22,18:45,62.105,62.019,62.461,58.891
1753,6/29/22,19:00,61.934,61.891,62.263,59.001
1754,6/29/22,19:15,61.804,61.761,62.094,59.069
1755,6/29/22,19:30,61.72,61.633,61.954,59.123
1756,6/29/22,19:45,61.677,61.547,61.833,59.162
1757,6/29/22,20:00,61.59,61.506,61.727,59.199
1758,6/29/22,20:15,61.506,61.419,61.621,59.228
1759,6/29/22,20:30,61.419,61.29,61.506,59.261
1760,6/29/22,20:45,61.419,61.248,61.434,59.326
1761,6/29/22,21:00,61.547,61.29,61.428,59.435
1762,6/29/22,21:15,61.848,61.376,61.569,59.646
1763,6/29/22,21:30,62.319,61.633,61.882,59.634
1764,6/29/22,21:45,62.875,61.977,62.298,59.454
1765,6/29/22,22:00,62.875,62.148,62.548,59.26
1766,6/29/22,22:15,62.49,62.148,62.494,59.174
1767,6/29/22,22:30,62.019,61.934,62.238,59.203
1768,6/29/22,22:45,61.506,61.633,61.93,59.376
1769,6/29/22,23:00,61.075,61.29,61.615,59.554
1770,6/29/22,23:15,60.647,60.948,61.293,59.701
1771,6/29/22,23:30,60.26,60.604,60.955,59.818
1772,6/29/22,23:45,59.83,60.26,60.622,59.907
1773,6/30/22,0:00,59.445,59.916,60.265,59.986
1774,6/30/22,0:15,59.056,59.572,59.927,60.052
1775,6/30/22,0:30,58.755,59.229,59.594,60.108
1776,6/30/22,0:45,58.455,58.928,59.295,60.163
1777,6/30/22,1:00,58.109,58.626,58.971,60.226
1778,6/30/22,1:15,57.765,58.282,58.649,60.298
1779,6/30/22,1:30,57.42,57.936,58.32,60.362
1780,6/30/22,1:45,57.117,57.636,58.012,60.423
1781,6/30/22,2:00,56.815,57.333,57.693,60.484
1782,6/30/22,2:15,56.512,57.031,57.409,60.537
1783,6/30/22,2:30,56.251,56.772,57.119,60.595
1784,6/30/22,2:45,55.949,56.469,56.844,60.653
1785,6/30/22,3:00,55.69,56.208,56.548,60.705
1786,6/30/22,3:15,55.429,55.906,56.278,60.761
1787,6/30/22,3:30,55.213,55.69,56.019,60.81
1788,6/30/22,3:45,54.995,55.429,55.773,60.853
1789,6/30/22,4:00,54.82,55.213,55.54,60.902
1790,6/30/22,4:15,54.604,54.995,55.314,60.946
1791,6/30/22,4:30,54.387,54.82,55.101,60.995
1792,6/30/22,4:45,54.212,54.604,54.88,61.044
1793,6/30/22,5:00,54.037,54.387,54.691,61.085
1794,6/30/22,5:15,53.865,54.212,54.493,61.129
1795,6/30/22,5:30,53.69,54.037,54.306,61.175
1796,6/30/22,5:45,53.559,53.865,54.122,61.216
1797,6/30/22,6:00,53.384,53.69,53.958,61.257
1798,6/30/22,6:15,53.253,53.559,53.798,61.303
1799,6/30/22,6:30,53.166,53.427,53.654,61.357
1800,6/30/22,6:45,53.035,53.298,53.519,61.398
1801,6/30/22,7:00,52.903,53.121,53.37,61.45
1802,6/30/22,7:15,52.903,53.035,53.344,61.511
1803,6/30/22,7:30,53.865,53.341,54.446,60.504
1804,6/30/22,7:45,55.213,53.994,56.158,58.898
1805,6/30/22,8:00,59.916,58.498,59.247,61.675
1806,6/30/22,8:15,63.005,63.819,64.236,60.479
1807,6/30/22,8:30,63.819,62.834,64.006,57.047
1808,6/30/22,8:45,62.919,61.891,62.244,56.197
1809,6/30/22,9:00,61.891,61.248,60.805,58.416
1810,6/30/22,9:15,60.904,60.474,59.677,58.517
1811,6/30/22,9:30,59.659,59.185,59.585,62.434
1812,6/30/22,9:45,58.842,58.282,58.894,61.758
1813,6/30/22,10:00,58.066,57.936,57.668,67.819
1814,6/30/22,10:15,57.463,57.333,56.849,68.896
1815,6/30/22,10:30,59.272,59.445,59.556,58.596
1816,6/30/22,10:45,59.916,60.174,59.092,55.938
1817,6/30/22,11:00,63.689,64.332,63.793,62.351
1818,6/30/22,11:15,63.561,65.145,64.807,65.324
1819,6/30/22,11:30,62.447,64.074,63.561,68.376
1820,6/30/22,11:45,63.561,64.845,64.695,67.861
1821,6/30/22,12:00,66.729,67.928,68.137,64.862
1822,6/30/22,12:15,69.256,70.587,70.795,62.708
1823,6/30/22,12:30,70.243,71.92,71.901,60.621
1824,6/30/22,12:45,71.274,72.912,72.871,58.761
1825,6/30/22,13:00,70.887,70.759,71.031,61.274
1826,6/30/22,13:15,67.714,66.214,66.36,67.132
1827,6/30/22,13:30,66.043,64.674,64.575,67.092
1828,6/30/22,13:45,65.658,64.418,64.357,64.988
1829,6/30/22,14:00,67.071,66,66.051,61.457
1830,6/30/22,14:15,68.484,67.199,67.325,59.199
1831,6/30/22,14:30,67.627,66.087,66.036,60.424
1832,6/30/22,14:45,66.6,65.145,65.005,61.149
1833,6/30/22,15:00,67.285,66.13,66.042,59.033
1834,6/30/22,15:15,67.543,66.258,66.177,58.323
1835,6/30/22,15:30,66.643,65.359,65.172,59.356
1836,6/30/22,15:45,65.872,64.803,64.603,59.493
1837,6/30/22,16:00,66,65.273,65.187,58.071
1838,6/30/22,16:15,66.943,66.344,66.418,56.507
1839,6/30/22,16:30,67.714,67.028,67.152,55.605
1840,6/30/22,16:45,67.242,66.344,66.312,56.454
1841,6/30/22,17:00,66.729,65.916,65.878,56.912
1842,6/30/22,17:15,66.6,65.745,65.723,56.785
1843,6/30/22,17:30,65.916,65.273,65.341,60.703
1844,6/30/22,17:45,65.359,65.615,65.926,62.921
1845,6/30/22,18:00,66.772,66.9,67.302,60.862
1846,6/30/22,18:15,68.443,68.4,68.817,59.281
1847,6/30/22,18:30,69.858,69.728,70.144,58.108
1848,6/30/22,18:45,71.017,70.887,71.272,57.321
1849,6/30/22,19:00,71.964,71.661,72.01,56.126
1850,6/30/22,19:15,72.567,72.05,72.214,56.333
1851,6/30/22,19:30,72.696,72.394,72.75,56.123
1852,6/30/22,19:45,72.567,72.523,72.871,56.295
1853,6/30/22,20:00,72.783,72.696,73.053,56.278
1854,6/30/22,20:15,72.955,72.869,73.193,56.258
1855,6/30/22,20:30,72.955,72.912,73.218,56.24
1856,6/30/22,20:45,72.912,72.912,73.189,56.249
1857,6/30/22,21:00,72.783,72.826,73.072,56.21
1858,6/30/22,21:15,72.178,72.394,72.57,56.201
1859,6/30/22,21:30,71.661,71.92,72.05,56.403
1860,6/30/22,21:45,70.286,71.017,71.103,56.692
1861,6/30/22,22:00,68.27,68.4,68.459,53.327
1862,6/30/22,22:15,67.842,67.543,64.551,52.271
1863,6/30/22,22:30,65.574,66.087,64.733,54.81
1864,6/30/22,22:45,65.059,65.403,64.434,55.944
1865,6/30/22,23:00,64.632,64.803,63.946,56.858
1866,6/30/22,23:15,64.033,64.161,63.3,57.717
1867,6/30/22,23:30,63.39,63.475,62.586,58.492
1868,6/30/22,23:45,62.661,62.748,61.839,59.149
1869,7/1/22,0:00,61.891,61.977,61.072,59.706
1870,7/1/22,0:15,61.119,61.205,60.3,60.175
1871,7/1/22,0:30,60.346,60.433,59.522,60.606
1872,7/1/22,0:45,59.659,59.702,58.788,60.951
1873,7/1/22,1:00,58.971,59.014,58.055,61.295
1874,7/1/22,1:15,58.282,58.325,57.398,61.537
1875,7/1/22,1:30,57.679,57.679,56.761,61.746
1876,7/1/22,1:45,57.074,57.074,56.158,61.927
1877,7/1/22,2:00,56.512,56.512,55.638,62.011
1878,7/1/22,2:15,55.992,55.992,55.17,62.04
1879,7/1/22,2:30,55.472,55.472,54.696,62.098
1880,7/1/22,2:45,54.995,54.952,54.214,62.184
1881,7/1/22,3:00,54.516,54.473,53.76,62.252
1882,7/1/22,3:15,54.037,54.037,53.326,62.298
1883,7/1/22,3:30,53.645,53.602,52.945,62.321
1884,7/1/22,3:45,53.253,53.209,52.578,62.333
1885,7/1/22,4:00,52.86,52.817,52.221,62.347
1886,7/1/22,4:15,52.509,52.466,51.906,62.338
1887,7/1/22,4:30,52.16,52.115,51.573,62.356
1888,7/1/22,4:45,51.852,51.809,51.28,62.365
1889,7/1/22,5:00,51.589,51.501,51.073,62.283
1890,7/1/22,5:15,51.37,51.282,50.907,62.174
1891,7/1/22,5:30,51.193,51.105,50.772,62.066
1892,7/1/22,5:45,51.017,50.929,50.657,61.968
1893,7/1/22,6:00,50.886,50.797,50.589,61.845
1894,7/1/22,6:15,50.841,50.752,50.599,61.677
1895,7/1/22,6:30,51.017,50.886,50.841,61.398
1896,7/1/22,6:45,51.544,51.282,51.361,61.161
1897,7/1/22,7:00,52.291,51.94,52.133,60.65
1898,7/1/22,7:15,53.121,52.686,52.988,60.117
1899,7/1/22,7:30,53.865,53.384,53.614,59.936
1900,7/1/22,7:45,54.561,54.037,54.329,59.718
1901,7/1/22,8:00,55.386,54.82,55.144,59.442
1902,7/1/22,8:15,56.34,55.69,56.023,59.158
1903,7/1/22,8:30,57.29,56.599,56.941,58.886
1904,7/1/22,8:45,58.282,57.549,57.886,58.605
1905,7/1/22,9:00,59.099,58.368,58.606,58.509
1906,7/1/22,9:15,59.358,58.755,58.73,58.843
1907,7/1/22,9:30,62.105,60.904,61.428,51.174
1908,7/1/22,9:45,61.72,68.614,59.421,45.499
1909,7/1/22,10:00,63.048,67.372,59.628,44.703
1910,7/1/22,10:15,68.056,67.885,62.393,40.893
1911,7/1/22,10:30,66.814,69.129,63.329,39.016
1912,7/1/22,10:45,67.071,69.942,63.156,39.341
1913,7/1/22,11:00,68.142,71.92,64.517,38.112
1914,7/1/22,11:15,67.885,70.372,64.087,37.998
1915,7/1/22,11:30,69.985,73.645,64.44,37.612
1916,7/1/22,11:45,73.774,75.637,67.035,35.64
1917,7/1/22,12:00,74.295,80.051,68.801,35.068
1918,7/1/22,12:15,68.999,72.955,65.737,37.148
1919,7/1/22,12:30,70.329,74.034,66.427,37.504
1920,7/1/22,12:45,67.671,73.558,64.83,39.666
1921,7/1/22,13:00,70.543,79.655,66.668,38.692
1922,7/1/22,13:15,67.842,80.272,65.829,40.932
1923,7/1/22,13:30,67.413,77.203,64.492,41.851
1924,7/1/22,13:45,68.443,74.511,64.425,41.894
1925,7/1/22,14:00,66.558,73.126,62.812,44.561
1926,7/1/22,14:15,69.643,74.727,64.179,43.217
1927,7/1/22,14:30,75.204,77.99,67.21,39.193
1928,7/1/22,14:45,78.208,79.743,68.286,37.835
1929,7/1/22,15:00,79.655,81.199,68.436,37.935
1930,7/1/22,15:15,80.713,79.216,69.159,37.034
1931,7/1/22,15:30,75.333,77.117,67.228,38.889
1932,7/1/22,15:45,70.846,72.869,64.135,42.438
1933,7/1/22,16:00,76.725,78.382,66.673,39.846
1934,7/1/22,16:15,77.945,79.261,68.16,37.957
1935,7/1/22,16:30,69.901,72.653,64.035,42.686
1936,7/1/22,16:45,74.511,72.696,64.81,41.95
1937,7/1/22,17:00,76.899,72.567,65.858,40.824
1938,7/1/22,17:15,74.727,74.206,66.756,39.615
1939,7/1/22,17:30,67.158,70.63,63.522,43.206
1940,7/1/22,17:45,65.359,65.788,59.772,47.906
1941,7/1/22,18:00,68.013,66.214,60.642,47.221
1942,7/1/22,18:15,64.974,65.444,60.197,47.671
1943,7/1/22,18:30,62.362,64.803,57.668,51.809
1944,7/1/22,18:45,64.931,63.819,60.921,47.324
1945,7/1/22,19:00,61.376,62.319,58.856,50.924
1946,7/1/22,19:15,55.863,57.031,55.02,56.039
1947,7/1/22,19:30,54.952,57.549,53.881,58.741
1948,7/1/22,19:45,58.669,59.486,56.52,53.944
1949,7/1/22,20:00,57.16,55.949,55.164,56.199
1950,7/1/22,20:15,58.712,55.776,56.737,53.848
1951,7/1/22,20:30,56.728,54.691,55.652,55.822
1952,7/1/22,20:45,56.685,53.951,55.787,56.208
1953,7/1/22,21:00,56.035,54.604,55.686,56.562
1954,7/1/22,21:15,54.995,55.213,54.932,58.813
1955,7/1/22,21:30,56.295,55.906,56.201,57.844
1956,7/1/22,21:45,55.256,55.733,55.589,59.796
1957,7/1/22,22:00,55.342,55.906,55.776,60.162
1958,7/1/22,22:15,54.604,55.429,55.454,60.549
1959,7/1/22,22:30,53.298,54.343,53.775,61.588
1960,7/1/22,22:45,52.554,53.908,53.037,63.072
1961,7/1/22,23:00,52.246,53.645,52.646,64.52
1962,7/1/22,23:15,51.984,53.035,52.693,64.565
1963,7/1/22,23:30,51.895,52.423,52.399,65.377
1964,7/1/22,23:45,52.246,53.384,52.876,64.752
1965,7/2/22,0:00,51.895,52.686,52.641,65.447
1966,7/2/22,0:15,51.984,52.772,52.558,65.597
1967,7/2/22,0:30,51.37,51.589,52.047,66.091
1968,7/2/22,0:45,50.445,50.664,50.603,69.213
1969,7/2/22,1:00,52.203,52.817,52.853,65.499
1970,7/2/22,1:15,51.895,52.246,52.678,65.933
1971,7/2/22,1:30,51.984,52.072,52.839,66.567
1972,7/2/22,1:45,52.115,52.423,52.867,66.285
1973,7/2/22,2:00,51.325,51.809,52.144,67.053
1974,7/2/22,2:15,51.501,51.984,52.21,66.813
1975,7/2/22,2:30,50.664,50.841,51.096,68.904
1976,7/2/22,2:45,51.282,51.544,51.829,68.223
1977,7/2/22,3:00,50.841,51.237,51.719,68.191
1978,7/2/22,3:15,49.383,49.294,50.14,70.425
1979,7/2/22,3:30,50.047,50.445,50.657,70.408
1980,7/2/22,3:45,50.886,51.458,51.415,69.114
1981,7/2/22,4:00,50.002,50.533,51.042,69.857
1982,7/2/22,4:15,49.914,49.87,50.691,70.14
1983,7/2/22,4:30,50.135,50.311,50.686,70.567
1984,7/2/22,4:45,50.268,50.445,50.947,70.12
1985,7/2/22,5:00,50.621,51.017,51.01,70.419
1986,7/2/22,5:15,50.886,51.589,51.251,71.308
1987,7/2/22,5:30,51.325,51.809,51.487,70.018
1988,7/2/22,5:45,54.777,54.561,53.433,66.584
1989,7/2/22,6:00,61.162,59.916,58.575,57.23
1990,7/2/22,6:15,61.72,63.775,59.304,55.064
1991,7/2/22,6:30,61.59,64.074,59.608,54.963
1992,7/2/22,6:45,62.577,65.102,60.665,54.061
1993,7/2/22,7:00,63.005,65.959,61.626,53.269
1994,7/2/22,7:15,62.834,65.959,61.385,54.038
1995,7/2/22,7:30,60.39,61.419,59.059,56.361
1996,7/2/22,7:45,59.616,61.376,58.132,58.112
1997,7/2/22,8:00,58.971,61.032,57.234,59.814
1998,7/2/22,8:15,57.031,59.745,55.506,62.982
1999,7/2/22,8:30,59.272,61.848,57.349,60.049
2000,7/2/22,8:45,66.558,65.359,62.172,51.832
2001,7/2/22,9:00,67.928,65.444,62.364,51.913
2002,7/2/22,9:15,68.056,67.242,62.548,51.669
2003,7/2/22,9:30,64.033,65.701,61.056,54.325
2004,7/2/22,9:45,66.9,68.185,61.785,53.986
2005,7/2/22,10:00,68.313,65.273,62.272,52.198
2006,7/2/22,10:15,62.834,63.39,60.372,54.463
2007,7/2/22,10:30,59.229,62.62,57.805,59.4
2008,7/2/22,10:45,58.195,64.161,57.461,60.542
2009,7/2/22,11:00,59.702,66.472,58.546,59.835
2010,7/2/22,11:15,63.347,67.158,61.689,55.102
2011,7/2/22,11:30,65.145,68.443,62.89,52.966
2012,7/2/22,11:45,65.359,70.201,62.798,53.092
2013,7/2/22,12:00,63.604,73.299,62.402,54.435
2014,7/2/22,12:15,61.248,75.767,60.84,57.533
2015,7/2/22,12:30,62.362,68.742,60.087,58.279
2016,7/2/22,12:45,69.985,73.731,64.112,52.822
2017,7/2/22,13:00,68.828,73.17,64.623,51.302
2018,7/2/22,13:15,67.071,74.206,63.46,53.342
2019,7/2/22,13:30,66.814,74.12,62.735,53.677
2020,7/2/22,13:45,72.739,73.515,64.531,51.536
2021,7/2/22,14:00,72.783,78.645,65.143,49.186
2022,7/2/22,14:15,70.158,73.472,63.291,50.765
2023,7/2/22,14:30,66.173,72.997,61.327,55.288
2024,7/2/22,14:45,66.043,71.661,61.259,54.348
2025,7/2/22,15:00,70.673,74.338,63.127,51.499
2026,7/2/22,15:15,71.92,74.467,64.445,47.739
2027,7/2/22,15:30,68.527,75.637,62.717,48.417
2028,7/2/22,15:45,69.085,75.204,62.924,48.132
2029,7/2/22,16:00,74.856,76.768,65.651,44.962
2030,7/2/22,16:15,79.743,80.978,67.764,41.808
2031,7/2/22,16:30,74.899,79.304,67.127,42.179
2032,7/2/22,16:45,73.818,78.559,64.917,45.408
2033,7/2/22,17:00,74.338,74.727,65.631,44.433
2034,7/2/22,17:15,67.5,70.759,62.629,48.928
2035,7/2/22,17:30,66.13,66.258,61.119,51.002
2036,7/2/22,17:45,69.685,66.558,61.862,49.322
2037,7/2/22,18:00,66.301,65.145,61.245,49.845
2038,7/2/22,18:15,62.962,63.819,58.953,53.585
2039,7/2/22,18:30,64.845,66.943,60.559,51.774
2040,7/2/22,18:45,65.701,62.919,60.825,51.101
2041,7/2/22,19:00,66.429,60.26,61.268,50.367
2042,7/2/22,19:15,66.985,59.056,61.437,49.964
2043,7/2/22,19:30,65.059,59.315,61.592,49.938
2044,7/2/22,19:45,66.258,61.29,62.398,48.954
2045,7/2/22,20:00,63.862,57.979,62.1,49.389
2046,7/2/22,20:15,64.418,58.455,61.81,50.062
2047,7/2/22,20:30,61.119,56.512,59.146,53.57
2048,7/2/22,20:45,61.934,57.807,59.473,53.806
2049,7/2/22,21:00,59.959,58.109,59.212,54.334
2050,7/2/22,21:15,59.229,57.636,58.726,55.322
2051,7/2/22,21:30,58.239,56.599,57.925,56.696
2052,7/2/22,21:45,57.117,56.556,57.409,57.71
2053,7/2/22,22:00,55.299,55.992,56.052,60.351
2054,7/2/22,22:15,54.691,55.819,55.454,61.549
2055,7/2/22,22:30,54.387,54.952,55.339,61.833
2056,7/2/22,22:45,54.082,54.43,54.865,62.092
2057,7/2/22,23:00,54.082,54.516,54.928,62.593
2058,7/2/22,23:15,53.865,54.777,54.943,62.455
2059,7/2/22,23:30,53.951,55.038,54.9,62.751
2060,7/2/22,23:45,54.561,55.038,55.135,62.841
2061,7/3/22,0:00,54.343,54.473,54.725,63.484
2062,7/3/22,0:15,54.909,55.386,55.497,63.186
2063,7/3/22,0:30,54.561,55.776,55.233,63.578
2064,7/3/22,0:45,53.776,54.473,54.774,63.81
2065,7/3/22,1:00,53.078,53.298,54.185,64.227
2066,7/3/22,1:15,53.472,53.166,54.291,64.245
2067,7/3/22,1:30,53.166,52.335,53.904,65.133
2068,7/3/22,1:45,53.994,53.472,54.507,63.763
2069,7/3/22,2:00,53.253,53.515,54.03,63.224
2070,7/3/22,2:15,53.994,54.343,54.711,62.461
2071,7/3/22,2:30,54.343,54.82,55.035,61.805
2072,7/3/22,2:45,54.387,54.604,55.202,61.444
2073,7/3/22,3:00,54.516,54.516,55.159,61.328
2074,7/3/22,3:15,54.43,54.604,55.081,61.462
2075,7/3/22,3:30,53.865,53.994,54.86,61.353
2076,7/3/22,3:45,53.776,53.472,54.547,62.09
2077,7/3/22,4:00,54.169,53.427,54.808,61.74
2078,7/3/22,4:15,54.516,54.126,55.247,61.108
2079,7/3/22,4:30,54.952,55.081,55.661,60.632
2080,7/3/22,4:45,55.299,55.472,55.927,60.14
2081,7/3/22,5:00,55.429,55.69,56.052,59.66
2082,7/3/22,5:15,54.82,54.909,55.173,60.612
2083,7/3/22,5:30,55.819,55.776,55.974,59.413
2084,7/3/22,5:45,57.765,57.807,57.49,56.564
2085,7/3/22,6:00,61.462,62.661,60.438,51.472
2086,7/3/22,6:15,63.775,65.444,62.031,49.2
2087,7/3/22,6:30,65.188,65.829,63.421,46.654
2088,7/3/22,6:45,66.258,67.285,64.227,44.494
2089,7/3/22,7:00,67.714,69.17,65.82,41.866
2090,7/3/22,7:15,67.372,69.427,65.028,42.895
2091,7/3/22,7:30,68.828,70.372,64.623,43.439
2092,7/3/22,7:45,72.653,70.502,66.79,40.473
2093,7/3/22,8:00,68.913,70.673,66.182,40.749
2094,7/3/22,8:15,69.985,72.264,66.254,40.743
2095,7/3/22,8:30,68.356,71.748,65.106,42.216
2096,7/3/22,8:45,69.728,71.533,66.162,40.986
2097,7/3/22,9:00,72.264,71.577,67.156,39.548
2098,7/3/22,9:15,68.142,66.943,64.908,42.252
2099,7/3/22,9:30,69.771,68.698,66.022,41.172
2100,7/3/22,9:45,74.163,72.523,68.889,38.308
2101,7/3/22,10:00,71.404,74.206,67.518,39.409
2102,7/3/22,10:15,69.514,75.074,66.848,40.255
2103,7/3/22,10:30,73.386,81.023,69.665,37.27
2104,7/3/22,10:45,73.126,76.464,71.056,35.244
2105,7/3/22,11:00,74.424,78.733,70.452,36.477
2106,7/3/22,11:15,74.727,79.7,69.544,37.241
2107,7/3/22,11:30,76.464,82.263,70.965,36.367
2108,7/3/22,11:45,76.681,79.92,71.982,35.053
2109,7/3/22,12:00,72.48,76.289,69.478,37.465
2110,7/3/22,12:15,75.074,80.802,70.689,36.622
2111,7/3/22,12:30,72.307,75.942,68.637,38.616
2112,7/3/22,12:45,72.136,76.289,67.773,39.852
2113,7/3/22,13:00,71.834,77.815,67.638,40.258
2114,7/3/22,13:15,76.203,79.128,69.033,39.307
2115,7/3/22,13:30,84.227,86.617,74.323,34.121
2116,7/3/22,13:45,86.346,88.763,75.036,33.352
2117,7/3/22,14:00,82.13,81.73,71.746,36.251
2118,7/3/22,14:15,84.407,85.487,72.765,35.749
2119,7/3/22,14:30,82.665,89.593,73.107,35.463
2120,7/3/22,14:45,86.664,88.947,74.404,34.33
2121,7/3/22,15:00,76.507,77.859,69.222,38.824
2122,7/3/22,15:15,81.597,84.227,72.653,35.753
2123,7/3/22,15:30,80.625,80.845,71.037,37.301
2124,7/3/22,15:45,84.767,82.042,72.952,35.317
2125,7/3/22,16:00,78.514,79.435,70.385,37.711
2126,7/3/22,16:15,78.208,77.945,69.897,38.1
2127,7/3/22,16:30,76.811,76.464,69.174,38.73
2128,7/3/22,16:45,79.261,76.768,69.859,37.691
2129,7/3/22,17:00,83.064,78.91,71.137,36.324
2130,7/3/22,17:15,81.952,79.304,72.19,34.54
2131,7/3/22,17:30,73.645,75.594,69.082,36.468
2132,7/3/22,17:45,82.708,78.165,71.451,34.012
2133,7/3/22,18:00,81.199,81.819,72.918,33.013
2134,7/3/22,18:15,79.041,74.12,71.712,32.891
2135,7/3/22,18:30,75.853,72.739,69.467,35.488
2136,7/3/22,18:45,79.831,72.394,71.51,32.75
2137,7/3/22,19:00,77.203,68.099,71.591,32.172
2138,7/3/22,19:15,77.509,67.199,71.614,30.036
2139,7/3/22,19:30,75.247,66.985,70.443,30.993
2140,7/3/22,19:45,72.912,67.586,69.791,31.035
2141,7/3/22,20:00,74.338,66.043,69.762,30.529
2142,7/3/22,20:15,72.997,65.745,69.825,29.743
2143,7/3/22,20:30,70.759,65.273,67.962,30.283
2144,7/3/22,20:45,70.158,65.615,68.054,29.967
2145,7/3/22,21:00,68.142,64.074,67.195,28.385
2146,7/3/22,21:15,64.503,63.304,64.686,30.654
2147,7/3/22,21:30,64.033,63.604,64.328,32.428
2148,7/3/22,21:45,62.661,62.661,63.826,31.72
2149,7/3/22,22:00,62.319,62.962,63.171,33.655
2150,7/3/22,22:15,61.934,62.447,62.953,32.335
2151,7/3/22,22:30,61.891,62.704,62.823,33.207
2152,7/3/22,22:45,62.191,62.919,62.901,34.937
2153,7/3/22,23:00,61.891,62.447,62.76,33.916
2154,7/3/22,23:15,61.891,62.661,62.717,33.513
2155,7/3/22,23:30,61.419,62.148,62.326,33.643
2156,7/3/22,23:45,61.59,61.462,62.433,32.934
2157,7/4/22,0:00,61.633,62.019,62.629,32.114
2158,7/4/22,0:15,61.419,61.761,62.224,32.793
2159,7/4/22,0:30,61.119,61.333,62.123,33.031
2160,7/4/22,0:45,61.891,61.506,62.74,32.789
2161,7/4/22,1:00,61.72,61.977,62.451,32.966
2162,7/4/22,1:15,61.59,61.59,62.301,32.76
2163,7/4/22,1:30,60.861,60.433,61.428,35.86
2164,7/4/22,1:45,61.506,61.848,62.206,34.142
2165,7/4/22,2:00,62.019,62.233,62.703,35.364
2166,7/4/22,2:15,61.633,61.376,62.571,37.974
2167,7/4/22,2:30,61.633,61.032,62.461,39.527
2168,7/4/22,2:45,61.29,61.248,62.114,41.144
2169,7/4/22,3:00,60.904,60.174,61.983,42.713
2170,7/4/22,3:15,61.462,61.248,62.215,41.761
2171,7/4/22,3:30,61.59,61.547,62.161,40.833
2172,7/4/22,3:45,61.075,60.474,62.017,42.383
2173,7/4/22,4:00,60.132,58.755,60.935,44.248
2174,7/4/22,4:15,61.032,59.788,61.515,43.693
2175,7/4/22,4:30,60.433,60.003,60.859,44.805
2176,7/4/22,4:45,60.991,60.69,61.587,42.573
2177,7/4/22,5:00,61.162,61.205,61.781,42.589
2178,7/4/22,5:15,58.498,59.099,59.14,45.489
2179,7/4/22,5:30,58.066,58.842,57.929,47.288
2180,7/4/22,5:45,58.885,59.272,58.566,46.639
2181,7/4/22,6:00,58.152,57.074,59.126,47.346
2182,7/4/22,6:15,60.517,60.474,60.179,46.351
2183,7/4/22,6:30,62.834,62.748,61.678,44.053
2184,7/4/22,6:45,66.943,68.056,65.565,38.848
2185,7/4/22,7:00,64.845,67.028,64.521,39.15
2186,7/4/22,7:15,67.543,68.099,65.462,38.81
2187,7/4/22,7:30,70.286,72.567,68.923,34.719
2188,7/4/22,7:45,70.93,73.515,68.531,35.274
2189,7/4/22,8:00,72.567,75.942,70.345,33.333
2190,7/4/22,8:15,71.577,76.854,70.115,33.458
2191,7/4/22,8:30,74.034,77.378,72.237,31.279
2192,7/4/22,8:45,71.661,75.594,70.592,32.479
2193,7/4/22,9:00,72.696,75.42,70.785,32.2
2194,7/4/22,9:15,66.772,70.029,65.791,37.169
2195,7/4/22,9:30,72.221,75.853,70.299,32.677
2196,7/4/22,9:45,76.464,80.404,73.27,29.871
2197,7/4/22,10:00,72.912,78.251,69.705,33.085
2198,7/4/22,10:15,79.612,82.13,74.786,28.544
2199,7/4/22,10:30,77.203,82.441,74.97,28.074
2200,7/4/22,10:45,74.77,82.575,73.618,29.087
2201,7/4/22,11:00,75.508,83.377,74.579,28.122
2202,7/4/22,11:15,72.696,79.524,71.832,30.262
2203,7/4/22,11:30,74.295,80.58,73.159,29.128
2204,7/4/22,11:45,74.381,82.175,73.067,29.331
2205,7/4/22,12:00,79.216,84.272,74.858,28.078
2206,7/4/22,12:15,80.051,86.527,75.394,27.643
2207,7/4/22,12:30,81.909,88.763,75.987,27.269
2208,7/4/22,12:45,74.683,81.066,72.19,29.999
2209,7/4/22,13:00,74.295,82.042,71.253,30.95
2210,7/4/22,13:15,78.777,86.754,74.473,28.133
2211,7/4/22,13:30,81.642,82.62,74.766,27.822
2212,7/4/22,13:45,85.127,91.076,77.392,25.881
2213,7/4/22,14:00,79.128,83.332,73.701,28.327
2214,7/4/22,14:15,84.272,90.703,76.354,26.613
2215,7/4/22,14:30,85.802,93.992,77.536,25.074
2216,7/4/22,14:45,83.914,91.636,75.814,26.151
2217,7/4/22,15:00,81.466,89.132,73.121,28.161
2218,7/4/22,15:15,77.945,88.259,71.031,30.385
2219,7/4/22,15:30,71.577,80.668,67.586,34.084
2220,7/4/22,15:45,72.394,79.612,67.779,33.938
2221,7/4/22,16:00,77.072,83.556,69.969,31.875
2222,7/4/22,16:15,74.511,82.042,69.274,32.528
2223,7/4/22,16:30,72.783,75.767,68.378,33.243
2224,7/4/22,16:45,73.818,76.986,68.662,32.686
2225,7/4/22,17:00,69.814,74.424,66.659,35.309
2226,7/4/22,17:15,65.745,70.201,63.705,38.921
2227,7/4/22,17:30,67.456,74.511,64.747,38.236
2228,7/4/22,17:45,68.4,74.727,64.999,37.954
2229,7/4/22,18:00,69.213,74.727,65.516,37.797
2230,7/4/22,18:15,66.344,69.471,64.652,39.397
2231,7/4/22,18:30,67.456,69.6,65.062,40.076
2232,7/4/22,18:45,66.385,69.771,64.101,41.253
2233,7/4/22,19:00,65.188,66.429,63.725,43.441
2234,7/4/22,19:15,63.304,63.648,62.514,45.171
2235,7/4/22,19:30,63.219,63.775,62.674,45.104
2236,7/4/22,19:45,62.704,63.518,62.224,45.132
2237,7/4/22,20:00,61.934,63.304,61.452,45.696
2238,7/4/22,20:15,62.533,63.433,62.456,44.749
2239,7/4/22,20:30,62.148,63.133,62.161,45.199
2240,7/4/22,20:45,62.49,63.819,62.688,44.984
2241,7/4/22,21:00,58.411,59.616,58.924,46.705
2242,7/4/22,21:15,57.204,58.455,57.36,47.826
2243,7/4/22,21:30,59.185,59.702,59.049,47.559
2244,7/4/22,21:45,59.445,61.075,60.067,46.78
2245,7/4/22,22:00,57.074,57.85,57.2,49.7
2246,7/4/22,22:15,58.109,58.842,58.6,49.044
2247,7/4/22,22:30,58.023,58.971,58.365,49.981
2248,7/4/22,22:45,58.885,57.549,59.166,50.449
2249,7/4/22,23:00,59.572,59.529,60.053,50.576
2250,7/4/22,23:15,59.616,60.003,60.208,49.712
2251,7/4/22,23:30,59.873,59.486,60.309,48.289
2252,7/4/22,23:45,58.885,60.132,59.347,48.547
2253,7/5/22,0:00,56.469,57.636,56.709,51.646
2254,7/5/22,0:15,58.411,57.636,58.658,49.085
2255,7/5/22,0:30,59.486,59.702,59.875,46.964
2256,7/5/22,0:45,59.486,60.132,59.792,46.87
2257,7/5/22,1:00,57.247,57.16,57.843,49.178
2258,7/5/22,1:15,56.122,56.642,56.442,51.316
2259,7/5/22,1:30,54.648,54.212,55.294,52.555
2260,7/5/22,1:45,55.125,53.515,55.353,53.475
2261,7/5/22,2:00,56.165,54.865,56.674,51.724
2262,7/5/22,2:15,56.426,54.995,57.061,50.929
2263,7/5/22,2:30,56.944,55.863,57.447,51.531
2264,7/5/22,2:45,57.333,56.34,57.9,51.051
2265,7/5/22,3:00,57.85,56.383,58.258,50.762
2266,7/5/22,3:15,58.066,55.992,58.411,49.9
2267,7/5/22,3:30,57.979,55.602,58.348,49.918
2268,7/5/22,3:45,59.142,57.376,59.295,48.396
2269,7/5/22,4:00,59.185,58.971,59.792,47.218
2270,7/5/22,4:15,59.014,59.014,59.68,47.164
2271,7/5/22,4:30,59.142,59.401,59.706,47.353
2272,7/5/22,4:45,58.152,58.239,58.537,48.74
2273,7/5/22,5:00,59.099,59.142,59.324,48.002
2274,7/5/22,5:15,59.401,59.873,59.677,47.945
2275,7/5/22,5:30,58.928,59.315,59.373,47.929
2276,7/5/22,5:45,60.089,60.474,59.815,47.141
2277,7/5/22,6:00,60.089,60.775,60.076,46.566
2278,7/5/22,6:15,58.626,58.928,58.474,48.754
2279,7/5/22,6:30,58.669,59.873,58.397,48.893
2280,7/5/22,6:45,58.239,59.486,57.954,49.644
2281,7/5/22,7:00,59.916,60.174,59.227,48.132
2282,7/5/22,7:15,65.615,67.329,63.054,43.308
2283,7/5/22,7:30,68.785,72.567,67.161,38.021
2284,7/5/22,7:45,62.704,64.288,61.882,44.913
2285,7/5/22,8:00,61.891,63.176,60.467,46.198
2286,7/5/22,8:15,68.313,68.527,64.71,41.306
2287,7/5/22,8:30,67.158,67.071,63.667,42.705
2288,7/5/22,8:45,64.974,68.099,63.909,41.592
2289,7/5/22,9:00,64.76,68.056,62.841,43.04
2290,7/5/22,9:15,64.674,68.443,63.234,42.499
2291,7/5/22,9:30,66.258,69.3,63.711,41.546
2292,7/5/22,9:45,71.834,72.523,66.162,39.101
2293,7/5/22,10:00,69.213,71.533,64.974,40.793
2294,7/5/22,10:15,69.471,72.351,66.254,39.416
2295,7/5/22,10:30,68.698,71.92,66.076,39.464
2296,7/5/22,10:45,63.819,70.158,62.668,43.571
2297,7/5/22,11:00,61.633,68.4,59.961,47.57
2298,7/5/22,11:15,65.658,70.63,63.16,43.226
2299,7/5/22,11:30,70.029,76.55,65.795,39.582
2300,7/5/22,11:45,69.557,71.834,65.433,40.233
2301,7/5/22,12:00,70.587,74.856,65.838,39.628
2302,7/5/22,12:15,68.484,75.247,65.005,40.703
2303,7/5/22,12:30,65.145,72.61,62.866,43.384
2304,7/5/22,12:45,68.313,72.523,63.277,43.436
2305,7/5/22,13:00,70.974,80.008,65.565,40.655
2306,7/5/22,13:15,70.93,79.084,65.269,40.945
2307,7/5/22,13:30,69.901,78.777,64.594,41.83
2308,7/5/22,13:45,68.999,80.625,64.053,42.483
2309,7/5/22,14:00,73.386,77.77,64.821,41.773
2310,7/5/22,14:15,72.178,80.802,64.81,42.109
2311,7/5/22,14:30,72.955,78.121,64.218,42.995
2312,7/5/22,14:45,73.213,78.296,64.425,43.699
2313,7/5/22,15:00,76.246,81.023,66.765,40.426
2314,7/5/22,15:15,71.62,81.997,64.035,43.391
2315,7/5/22,15:30,69.427,69.858,62.065,45.922
2316,7/5/22,15:45,71.447,73.386,62.514,46.07
2317,7/5/22,16:00,74.597,76.681,64.922,41.489
2318,7/5/22,16:15,67.329,68.742,60.395,48.408
2319,7/5/22,16:30,69.771,69.942,61.25,47.065
2320,7/5/22,16:45,77.421,75.247,64.512,43.732
2321,7/5/22,17:00,71.92,74.034,64.204,43.264
2322,7/5/22,17:15,66.429,66.043,59,50.741
2323,7/5/22,17:30,68.871,73.386,63.522,45.353
2324,7/5/22,17:45,61.761,67.842,57.76,53.341
2325,7/5/22,18:00,60.604,67.158,57.277,55.222
2326,7/5/22,18:15,63.775,65.23,59.671,52.959
2327,7/5/22,18:30,59.358,64.459,56.935,58.488
2328,7/5/22,18:45,56.079,58.885,53.562,62.469
2329,7/5/22,19:00,57.636,56.165,54.489,61.225
2330,7/5/22,19:15,62.533,59.099,58.865,55.651
2331,7/5/22,19:30,63.475,59.616,59.464,52.854
2332,7/5/22,19:45,55.819,56.772,53.812,62.336
2333,7/5/22,20:00,56.34,55.776,54.851,62.872
2334,7/5/22,20:15,53.559,54.343,52.722,68.556
2335,7/5/22,20:30,52.509,53.341,51.825,70.565
2336,7/5/22,20:45,51.984,53.121,51.453,74.07
2337,7/5/22,21:00,53.341,53.035,52.882,72.987
2338,7/5/22,21:15,53.298,53.209,53.726,70.565
2339,7/5/22,21:30,50.709,51.678,51.062,74.553
2340,7/5/22,21:45,50.621,51.721,50.952,74.774
2341,7/5/22,22:00,48.85,50.002,49.015,76.89
2342,7/5/22,22:15,49.604,50.576,49.586,80.536
2343,7/5/22,22:30,51.105,51.809,51.039,88.527
2344,7/5/22,22:45,51.193,52.641,51.343,92.041
2345,7/5/22,23:00,50.488,52.072,50.815,92.511
2346,7/5/22,23:15,50.445,51.633,50.855,92.718
2347,7/5/22,23:30,49.782,51.148,50.315,92.331
2348,7/5/22,23:45,50.047,51.148,50.542,89.224
2349,7/6/22,0:00,51.589,52.203,51.906,81.54
2350,7/6/22,0:15,51.017,52.335,51.656,81.099
2351,7/6/22,0:30,50.18,51.37,50.479,82.263
2352,7/6/22,0:45,50.092,51.325,50.184,84.691
2353,7/6/22,1:00,49.028,50.047,49.363,84.686
2354,7/6/22,1:15,49.649,50.356,49.793,84.967
2355,7/6/22,1:30,47.871,48.182,47.887,87.41
2356,7/6/22,1:45,48.315,48.583,49.658,83.066
2357,7/6/22,2:00,50.268,50.576,50.545,81.636
2358,7/6/22,2:15,55.038,54.648,55.69,64.778
2359,7/6/22,2:30,45.806,46.661,47.395,79.361
2360,7/6/22,2:45,48.672,48.672,49.195,79.85
2361,7/6/22,3:00,48.182,48.004,48.34,84.265
2362,7/6/22,3:15,48.493,48.717,48.654,87.619
2363,7/6/22,3:30,47.064,48.182,47.516,86.322
2364,7/6/22,3:45,45.941,46.616,45.99,90.848
2365,7/6/22,4:00,47.736,48.094,47.97,87.204
2366,7/6/22,4:15,47.377,48.272,47.806,86.279
2367,7/6/22,4:30,47.736,48.227,47.853,87.265
2368,7/6/22,4:45,48.405,49.604,48.814,86.285
2369,7/6/22,5:00,48.493,49.87,48.949,87.037
2370,7/6/22,5:15,48.85,50.135,49.136,87.236
2371,7/6/22,5:30,48.717,50.488,49.064,89.139
2372,7/6/22,5:45,49.471,50.576,49.21,88.089
2373,7/6/22,6:00,52.817,56.251,52.288,79.997
2374,7/6/22,6:15,52.291,55.342,51.874,78.354
2375,7/6/22,6:30,55.863,55.558,53.195,75.737
2376,7/6/22,6:45,55.038,59.83,54.378,75.608
2377,7/6/22,7:00,58.755,60.046,55.13,78.338
2378,7/6/22,7:15,57.117,57.549,54.306,79.171
2379,7/6/22,7:30,56.165,58.066,53.476,80.94
2380,7/6/22,7:45,54.777,57.893,53.539,81.006
2381,7/6/22,8:00,53.865,57.204,52.095,82.666
2382,7/6/22,8:15,53.645,57.893,51.134,86.217
2383,7/6/22,8:30,57.204,60.561,53.379,81.227
2384,7/6/22,8:45,56.34,61.032,53.301,80.621
2385,7/6/22,9:00,54.691,60.775,52.939,79.814
2386,7/6/22,9:15,52.597,59.83,49.908,83.992
2387,7/6/22,9:30,57.506,60.775,53.267,78.045
2388,7/6/22,9:45,66.344,62.447,58.287,66.004
2389,7/6/22,10:00,63.648,68.999,60.375,60.424
2390,7/6/22,10:15,62.962,63.604,58.035,64.761
2391,7/6/22,10:30,61.891,67.627,57.501,64.556
2392,7/6/22,10:45,65.403,66.214,59.889,61.215
2393,7/6/22,11:00,63.347,66.943,59.097,63.481
2394,7/6/22,11:15,60.39,65.444,57.205,66.81
2395,7/6/22,11:30,61.376,65.916,57.398,67.239
2396,7/6/22,11:45,60.26,66.643,56.761,69.25
2397,7/6/22,12:00,61.248,68.313,57.799,66.584
2398,7/6/22,12:15,59.529,67.158,56.548,68.818
2399,7/6/22,12:30,62.148,69.685,58.224,66.424
2400,7/6/22,12:45,63.133,68.4,59.875,62.034
2401,7/6/22,13:00,60.904,72.567,59.662,64.248
2402,7/6/22,13:15,65.574,72.437,61.632,59.562
2403,7/6/22,13:30,64.459,70.372,59.275,62.159
2404,7/6/22,13:45,61.462,69.942,57.438,66.316
2405,7/6/22,14:00,63.219,71.361,58.437,64.175
2406,7/6/22,14:15,66.087,70.243,59.252,62.466
2407,7/6/22,14:30,64.674,76.114,61.448,57.647
2408,7/6/22,14:45,63.262,71.661,58.258,62.911
2409,7/6/22,15:00,64.418,74.034,59.493,61.938
2410,7/6/22,15:15,63.005,77.639,60.521,60.024
2411,7/6/22,15:30,71.06,73.904,61.534,58.599
2412,7/6/22,15:45,69.17,78.427,63.252,54.881
2413,7/6/22,16:00,67.971,75.42,60.748,58.46
2414,7/6/22,16:15,66.772,74.381,61.48,57.411
2415,7/6/22,16:30,73.342,70.716,60.618,59.248
2416,7/6/22,16:45,68.484,68.828,59.203,60.433
2417,7/6/22,17:00,65.102,72.912,60.237,56.612
2418,7/6/22,17:15,62.875,69.256,59.247,60.012
2419,7/6/22,17:30,60.346,69.427,58.879,62.335
2420,7/6/22,17:45,67.885,70.459,60.786,59.66
2421,7/6/22,18:00,62.447,67.885,58.6,62.275
2422,7/6/22,18:15,67.842,64.931,59.72,61.993
2423,7/6/22,18:30,57.506,63.946,54.783,69.606
2424,7/6/22,18:45,53.035,56.642,50.677,76.445
2425,7/6/22,19:00,56.122,55.213,53.465,68.888
2426,7/6/22,19:15,53.427,53.908,51.481,72.992
2427,7/6/22,19:30,54.169,53.427,52.313,74.363
2428,7/6/22,19:45,53.82,52.86,52.259,75.145
2429,7/6/22,20:00,52.115,52.86,50.907,79.091
2430,7/6/22,20:15,52.86,52.16,51.472,78.773
2431,7/6/22,20:30,53.908,52.246,52.54,77.107
2432,7/6/22,20:45,53.472,51.984,52.302,76.878
2433,7/6/22,21:00,55.168,53.515,53.625,74.742
2434,7/6/22,21:15,54.516,53.602,53.803,74.569
2435,7/6/22,21:30,52.992,52.772,53.051,76.133
2436,7/6/22,21:45,50.445,51.589,51.019,80.952
2437,7/6/22,22:00,50.135,51.458,50.864,81.859
2438,7/6/22,22:15,50.797,52.246,51.283,81.712
2439,7/6/22,22:30,51.062,52.641,51.496,80.713
2440,7/6/22,22:45,50.886,52.246,51.472,79.825
2441,7/6/22,23:00,49.914,51.105,50.864,80.726
2442,7/6/22,23:15,49.692,51.017,50.603,82.333
2443,7/6/22,23:30,49.383,50.533,50.218,81.81
2444,7/6/22,23:45,48.762,49.914,49.566,84.36
2445,7/7/22,0:00,48.762,50.092,49.773,84.744
2446,7/7/22,0:15,49.249,50.752,50.029,84.016
2447,7/7/22,0:30,48.938,50.488,50.034,84.074
2448,7/7/22,0:45,49.204,49.649,50.011,81.923
2449,7/7/22,1:00,49.825,50.974,50.387,81.912
2450,7/7/22,1:15,48.895,50.223,49.681,82.861
2451,7/7/22,1:30,47.467,48.938,48.688,84.189
2452,7/7/22,1:45,46.346,46.436,46.512,86.864
2453,7/7/22,2:00,49.249,50.18,49.532,83.378
2454,7/7/22,2:15,50.002,51.237,50.436,80.865
2455,7/7/22,2:30,49.383,49.782,49.595,80.255
2456,7/7/22,2:45,49.87,49.428,49.933,80.787
2457,7/7/22,3:00,49.959,49.737,50.029,80.633
2458,7/7/22,3:15,48.895,49.338,49.167,81.251
2459,7/7/22,3:30,49.249,50.223,49.411,82.084
2460,7/7/22,3:45,50.18,51.193,50.344,80.23
2461,7/7/22,4:00,49.294,50.268,49.615,80.749
2462,7/7/22,4:15,49.383,49.561,49.586,80.604
2463,7/7/22,4:30,49.471,49.649,49.658,80.589
2464,7/7/22,4:45,49.87,49.87,50.04,79.515
2465,7/7/22,5:00,49.825,49.825,50.02,80.316
2466,7/7/22,5:15,49.516,49.959,49.523,81.221
2467,7/7/22,5:30,50.4,51.105,50.175,79.762
2468,7/7/22,5:45,51.062,51.809,50.749,78.692
2469,7/7/22,6:00,51.37,53.035,51.039,78.465
2470,7/7/22,6:15,51.148,52.378,50.619,77.617
2471,7/7/22,6:30,52.029,53.776,50.961,77.4
2472,7/7/22,6:45,53.121,53.645,51.742,75.766
2473,7/7/22,7:00,51.37,53.209,50.344,77.934
2474,7/7/22,7:15,52.072,54.691,50.875,78.877
2475,7/7/22,7:30,53.994,53.908,51.512,76.016
2476,7/7/22,7:45,58.411,60.174,54.928,70.289
2477,7/7/22,8:00,58.411,61.977,55.738,67.797
2478,7/7/22,8:15,58.928,57.679,54.234,69.793
2479,7/7/22,8:30,60.433,59.142,55.675,66.577
2480,7/7/22,8:45,62.919,64.117,58.253,62.741
2481,7/7/22,9:00,60.433,64.76,57.409,64.575
2482,7/7/22,9:15,60.948,64.632,56.858,64.027
2483,7/7/22,9:30,58.498,64.845,55.305,67.475
2484,7/7/22,9:45,66.515,66.985,58.716,61.064
2485,7/7/22,10:00,71.361,67.928,61.302,55.322
2486,7/7/22,10:15,65.487,70.803,59.976,58.784
2487,7/7/22,10:30,61.633,60.647,54.808,66.239
2488,7/7/22,10:45,63.475,63.732,55.96,65.304
2489,7/7/22,11:00,62.019,63.732,55.738,65.074
2490,7/7/22,11:15,63.433,66.6,57.277,62.075
2491,7/7/22,11:30,59.142,67.798,55.179,67.459
2492,7/7/22,11:45,55.819,65.359,52.761,72.67
2493,7/7/22,12:00,54.169,63.176,51.409,75.683
2494,7/7/22,12:15,56.34,66.772,52.819,74.044
2495,7/7/22,12:30,58.109,68.142,54.536,71.102
2496,7/7/22,12:45,58.928,70.115,55.27,69.264
2497,7/7/22,13:00,62.533,72.523,57.943,63.354
2498,7/7/22,13:15,53.472,63.347,51.102,75.586
2499,7/7/22,13:30,51.852,60.904,49.334,77.967
2500,7/7/22,13:45,56.815,67.928,53.186,72.503
2501,7/7/22,14:00,51.633,62.406,49.629,75.691
2502,7/7/22,14:15,52.16,61.075,49.282,78.196
2503,7/7/22,14:30,54.037,63.048,51.521,75.979
2504,7/7/22,14:45,51.852,62.062,49.383,78.308
2505,7/7/22,15:00,49.959,59.315,47.631,81.099
2506,7/7/22,15:15,48.45,57.893,45.914,82.214
2507,7/7/22,15:30,46.931,54.865,45.185,85.098
2508,7/7/22,15:45,48.805,56.295,46.839,83.632
2509,7/7/22,16:00,49.914,56.122,48.186,83.641
2510,7/7/22,16:15,49.428,55.386,48.119,83.366
2511,7/7/22,16:30,48.983,53.908,47.761,84.834
2512,7/7/22,16:45,49.428,54.691,48.38,84.182
2513,7/7/22,17:00,48.049,53.951,48.002,86.827
2514,7/7/22,17:15,51.193,54.691,49.919,84.895
2515,7/7/22,17:30,53.253,57.247,51.366,81.796
2516,7/7/22,17:45,49.028,54.561,47.781,86.485
2517,7/7/22,18:00,49.383,54.255,47.984,85.759
2518,7/7/22,18:15,48.049,52.992,47.178,88.423
2519,7/7/22,18:30,48.094,52.509,47.395,87.651
2520,7/7/22,18:45,47.826,52.554,47.149,88.095
2521,7/7/22,19:00,48.137,52.203,47.593,87.074
2522,7/7/22,19:15,47.512,50.621,47.381,88.067
2523,7/7/22,19:30,47.422,50.311,46.922,89.265
2524,7/7/22,19:45,46.121,48.493,45.745,90.43
2525,7/7/22,20:00,46.571,49.692,46.087,91.153
2526,7/7/22,20:15,45.986,49.649,45.498,92.772
2527,7/7/22,20:30,45.534,47.826,45.599,92.412
2528,7/7/22,20:45,44.764,46.391,44.89,94.603
2529,7/7/22,21:00,45.579,47.467,45.295,94.174
2530,7/7/22,21:15,45.307,47.871,45.117,95.087
2531,7/7/22,21:30,45.082,46.886,44.861,96.55
2532,7/7/22,21:45,45.082,46.931,44.967,96.588
2533,7/7/22,22:00,45.307,47.244,45.171,97.023
2534,7/7/22,22:15,44.764,46.886,44.746,97.563
2535,7/7/22,22:30,44.582,46.436,44.577,98.221
2536,7/7/22,22:45,44.218,46.211,44.157,98.482
2537,7/7/22,23:00,44.355,46.391,44.355,99.094
2538,7/7/22,23:15,44.31,46.391,44.287,99.937
2539,7/7/22,23:30,44.173,45.579,44.128,99.997
2540,7/7/22,23:45,44.355,46.166,44.292,99.997
2541,7/8/22,0:00,43.534,45.761,43.776,99.744
2542,7/8/22,0:15,43.9,45.941,43.887,99.997
2543,7/8/22,0:30,43.122,45.217,43.302,99.965
2544,7/8/22,0:45,42.939,43.99,42.903,99.997
2545,7/8/22,1:00,43.716,45.399,43.795,99.997
2546,7/8/22,1:15,43.03,44.627,43.052,99.997
2547,7/8/22,1:30,43.488,45.307,43.394,99.997
2548,7/8/22,1:45,43.624,45.624,43.664,99.997
2549,7/8/22,2:00,43.122,44.263,43.104,99.997
2550,7/8/22,2:15,42.663,43.671,42.622,99.997
2551,7/8/22,2:30,42.892,44.31,42.858,99.997
2552,7/8/22,2:45,42.847,44.127,42.858,99.997
2553,7/8/22,3:00,43.03,44.263,42.998,99.997
2554,7/8/22,3:15,42.847,44.218,42.888,99.997
2555,7/8/22,3:30,42.892,44.627,42.892,99.997
2556,7/8/22,3:45,42.892,44.082,42.753,99.997
2557,7/8/22,4:00,43.122,44.627,43.119,99.997
2558,7/8/22,4:15,43.396,44.627,43.313,99.997
2559,7/8/22,4:30,43.306,44.355,43.245,99.997
2560,7/8/22,4:45,43.808,45.534,43.713,99.997
2561,7/8/22,5:00,43.122,45.896,43.317,99.997
2562,7/8/22,5:15,42.892,44.037,42.705,99.997
2563,7/8/22,5:30,43.122,44.492,42.82,99.997
2564,7/8/22,5:45,43.351,45.806,43.191,99.997
2565,7/8/22,6:00,43.579,45.489,43.423,99.997
2566,7/8/22,6:15,42.478,43.716,42.183,99.997
2567,7/8/22,6:30,42.202,43.351,41.74,99.997
2568,7/8/22,6:45,42.939,44.31,42.381,99.997
2569,7/8/22,7:00,43.306,44.856,42.805,99.997
2570,7/8/22,7:15,43.488,45.851,43.052,99.867
2571,7/8/22,7:30,43.624,45.851,43.084,99.997
2572,7/8/22,7:45,43.306,44.537,42.768,99.605
2573,7/8/22,8:00,42.755,44.4,42.177,99.899
2574,7/8/22,8:15,42.156,43.214,41.304,99.867
2575,7/8/22,8:30,43.122,44.173,42.274,99.997
2576,7/8/22,8:45,43.396,44.492,42.478,99.992
2577,7/8/22,9:00,43.443,44.537,42.559,99.873
2578,7/8/22,9:15,43.808,44.946,42.647,99.983
2579,7/8/22,9:30,44.492,45.624,43.138,99.748
2580,7/8/22,9:45,44.218,45.896,43.047,99.315
2581,7/8/22,10:00,44.719,46.121,43.365,99.477
2582,7/8/22,10:15,45.354,46.886,43.857,98.454
2583,7/8/22,10:30,46.796,48.182,44.629,96.728
2584,7/8/22,10:45,48.36,49.161,45.415,94.517
2585,7/8/22,11:00,50.886,50.752,46.155,92.979
2586,7/8/22,11:15,49.914,50.752,46,92.964
2587,7/8/22,11:30,54.255,53.645,47.376,90.092
2588,7/8/22,11:45,52.554,55.733,47.737,87.152
2589,7/8/22,12:00,51.37,51.589,45.869,91.322
2590,7/8/22,12:15,51.017,52.947,45.889,91.318
2591,7/8/22,12:30,51.105,52.335,45.561,91.53
2592,7/8/22,12:45,49.383,50.886,45.214,92.987
2593,7/8/22,13:00,47.467,50.533,45.174,93.849
2594,7/8/22,13:15,47.334,49.782,45.309,93.863
2595,7/8/22,13:30,47.959,50.664,45.174,94.305
2596,7/8/22,13:45,46.841,51.413,44.91,94.998
2597,7/8/22,14:00,45.986,49.914,44.238,95.503
2598,7/8/22,14:15,45.534,49.561,43.824,96.371
2599,7/8/22,14:30,45.127,49.338,43.66,96.988
2600,7/8/22,14:45,45.986,50.311,44.094,96.608
2601,7/8/22,15:00,48.45,51.721,44.947,94.51
2602,7/8/22,15:15,47.512,52.072,44.875,93.851
2603,7/8/22,15:30,48.049,49.649,44.055,95.32
2604,7/8/22,15:45,49.914,50.268,45.475,92.743
2605,7/8/22,16:00,50.488,51.633,46.308,92.355
2606,7/8/22,16:15,52.16,53.559,47.367,89.928
2607,7/8/22,16:30,49.87,54.082,47.154,90.037
2608,7/8/22,16:45,48.004,52.115,45.86,93.53
2609,7/8/22,17:00,48.049,51.633,45.696,93.458
2610,7/8/22,17:15,50.135,52.817,46.348,92.126
2611,7/8/22,17:30,50.445,52.992,46.729,90.787
2612,7/8/22,17:45,49.692,51.237,46.265,91.473
2613,7/8/22,18:00,48.049,51.193,45.748,93.718
2614,7/8/22,18:15,49.649,51.413,46.029,93.41
2615,7/8/22,18:30,47.064,50.092,45.217,95.001
2616,7/8/22,18:45,47.377,49.294,45.498,95.053
2617,7/8/22,19:00,46.436,47.647,45.415,94.153
2618,7/8/22,19:15,44.263,47.154,44.398,96.135
2619,7/8/22,19:30,44.127,46.841,44.258,97.334
2620,7/8/22,19:45,44.809,46.616,44.706,96.847
2621,7/8/22,20:00,44.764,46.166,44.548,97.183
2622,7/8/22,20:15,46.076,46.751,44.929,96.37
2623,7/8/22,20:30,45.262,47.512,44.838,96.773
2624,7/8/22,20:45,44.809,47.334,44.384,97.353
2625,7/8/22,21:00,44.719,46.256,44.335,99.02
2626,7/8/22,21:15,42.8,45.036,43.095,99.965
2627,7/8/22,21:30,42.892,44.082,42.897,99.997
2628,7/8/22,21:45,42.8,44.901,42.906,99.997
2629,7/8/22,22:00,42.939,44.218,43.041,99.997
2630,7/8/22,22:15,43.03,44.355,43.144,99.997
2631,7/8/22,22:30,42.847,44.263,43.07,99.945
2632,7/8/22,22:45,42.433,43.853,42.665,99.997
2633,7/8/22,23:00,42.984,44.173,43.052,99.997
2634,7/8/22,23:15,42.616,43.9,42.753,99.997
2635,7/8/22,23:30,42.478,43.808,42.496,99.997
2636,7/8/22,23:45,42.984,44.719,43.038,99.997
2637,7/9/22,0:00,42.755,44.173,42.877,99.997
2638,7/9/22,0:15,42.341,43.488,42.404,99.997
2639,7/9/22,0:30,42.202,43.671,42.208,99.997
2640,7/9/22,0:45,42.247,43.534,42.211,99.997
2641,7/9/22,1:00,42.247,43.534,42.231,99.997
2642,7/9/22,1:15,42.202,43.306,42.168,99.997
2643,7/9/22,1:30,42.341,43.306,42.289,99.997
2644,7/9/22,1:45,41.925,42.892,41.956,99.997
2645,7/9/22,2:00,42.478,43.624,42.404,99.997
2646,7/9/22,2:15,42.386,43.214,42.507,99.997
2647,7/9/22,2:30,42.386,43.534,42.51,99.997
2648,7/9/22,2:45,42.341,43.488,42.372,99.997
2649,7/9/22,3:00,42.017,42.984,42.004,99.997
2650,7/9/22,3:15,42.525,43.488,42.496,99.997
2651,7/9/22,3:30,42.386,43.396,42.435,99.997
2652,7/9/22,3:45,42.202,43.351,42.318,99.997
2653,7/9/22,4:00,42.202,43.579,42.193,99.997
2654,7/9/22,4:15,42.386,43.534,42.4,99.997
2655,7/9/22,4:30,41.97,42.939,41.86,99.997
2656,7/9/22,4:45,42.156,43.214,42.057,99.997
2657,7/9/22,5:00,41.74,42.247,41.729,99.997
2658,7/9/22,5:15,42.017,42.939,41.981,99.997
2659,7/9/22,5:30,42.064,42.847,41.932,99.997
2660,7/9/22,5:45,42.294,43.075,42.125,99.997
2661,7/9/22,6:00,41.925,42.57,41.709,99.997
2662,7/9/22,6:15,42.616,43.443,42.26,99.997
2663,7/9/22,6:30,42.892,43.579,42.559,99.997
2664,7/9/22,6:45,42.616,43.443,42.372,99.745
2665,7/9/22,7:00,43.167,44.674,42.829,99.371
2666,7/9/22,7:15,43.351,44.582,42.811,99.48
2667,7/9/22,7:30,43.579,44.674,42.796,99.202
2668,7/9/22,7:45,44.492,46.346,43.403,98.375
2669,7/9/22,8:00,44.991,47.154,44.055,93.77
2670,7/9/22,8:15,43.443,45.896,42.516,96.074
2671,7/9/22,8:30,47.019,49.782,44.841,90.326
2672,7/9/22,8:45,50.488,50.974,46.821,87.282
2673,7/9/22,9:00,53.733,54.604,48.582,82.036
2674,7/9/22,9:15,51.984,57.29,48.958,79.449
2675,7/9/22,9:30,55.386,56.556,49.267,80.131
2676,7/9/22,9:45,55.256,55.515,48.983,81.152
2677,7/9/22,10:00,55.647,56.251,49.942,78.737
2678,7/9/22,10:15,54.777,57.592,49.161,79.306
2679,7/9/22,10:30,51.721,56.165,47.772,82.55
2680,7/9/22,10:45,51.764,55.819,47.376,84.393
2681,7/9/22,11:00,57.376,59.702,50.56,77.877
2682,7/9/22,11:15,57.765,60.39,52.066,73.913
2683,7/9/22,11:30,58.152,62.962,53.051,71.089
2684,7/9/22,11:45,54.255,58.325,49.354,77.633
2685,7/9/22,12:00,52.86,55.558,48.108,81.077
2686,7/9/22,12:15,55.647,57.463,49.026,79.706
2687,7/9/22,12:30,58.282,60.046,51.154,75.251
2688,7/9/22,12:45,57.936,60.561,51.343,74.987
2689,7/9/22,13:00,56.944,60.433,51.139,75.462
2690,7/9/22,13:15,58.626,63.475,52.299,73.135
2691,7/9/22,13:30,58.239,59.702,50.884,75.055
2692,7/9/22,13:45,55.863,60.948,50.517,76.487
2693,7/9/22,14:00,56.208,60.003,52.48,74.563
2694,7/9/22,14:15,55.342,57.376,52.434,79.081
2695,7/9/22,14:30,53.559,56.208,52.187,82
2696,7/9/22,14:45,53.384,56.426,52.345,82.222
2697,7/9/22,15:00,52.335,54.691,51.208,84.288
2698,7/9/22,15:15,52.686,55.819,49.822,84.268
2699,7/9/22,15:30,54.648,55.69,49.615,84.208
2700,7/9/22,15:45,54.43,56.34,49.417,83.69
2701,7/9/22,16:00,53.472,56.122,48.63,85.2
2702,7/9/22,16:15,52.817,56.642,48.866,83.806
2703,7/9/22,16:30,51.413,54.604,47.683,85.975
2704,7/9/22,16:45,50.929,54.691,47.655,86.896
2705,7/9/22,17:00,50.223,54.212,47.568,87.646
2706,7/9/22,17:15,49.338,54.037,47.399,88.296
2707,7/9/22,17:30,50.797,54.037,47.959,87.013
2708,7/9/22,17:45,49.604,53.69,47.95,86.653
2709,7/9/22,18:00,50.533,52.947,48.211,87.248
2710,7/9/22,18:15,49.737,51.895,47.665,88.675
2711,7/9/22,18:30,48.405,50.002,46.825,90.37
2712,7/9/22,18:45,47.691,50.135,45.995,92.093
2713,7/9/22,19:00,49.028,52.335,47.289,88.975
2714,7/9/22,19:15,47.914,49.87,46.357,89.821
2715,7/9/22,19:30,46.886,48.762,45.648,92.442
2716,7/9/22,19:45,46.661,49.338,45.957,91.893
2717,7/9/22,20:00,44.355,46.751,44.235,97.462
2718,7/9/22,20:15,44.674,46.706,44.533,97.691
2719,7/9/22,20:30,45.127,46.886,44.764,96.3
2720,7/9/22,20:45,46.616,48.137,46.116,91.858
2721,7/9/22,21:00,45.262,46.841,45.082,91.574
2722,7/9/22,21:15,44.856,46.526,44.659,92.296
2723,7/9/22,21:30,44.946,46.436,44.841,91.469
2724,7/9/22,21:45,45.082,46.481,44.976,90.674
2725,7/9/22,22:00,45.444,46.346,45.358,90.324
2726,7/9/22,22:15,44.991,46.076,44.967,90.04
2727,7/9/22,22:30,44.809,46.031,44.789,90.335
2728,7/9/22,22:45,45.036,46.121,44.991,90.933
2729,7/9/22,23:00,45.172,46.481,45.165,90.907
2730,7/9/22,23:15,45.399,46.571,45.412,90.93
2731,7/9/22,23:30,44.901,45.761,44.967,91.044
2732,7/9/22,23:45,45.354,46.301,45.234,92.059
2733,7/10/22,0:00,44.901,46.031,45.16,91.333
2734,7/10/22,0:15,42.847,43.945,43.173,97.386
2735,7/10/22,0:30,43.122,44.856,43.173,99.974
2736,7/10/22,0:45,43.075,44.492,43.138,99.997
2737,7/10/22,1:00,42.939,44.127,42.946,99.997
2738,7/10/22,1:15,43.075,44.31,43.075,99.997
2739,7/10/22,1:30,42.433,43.624,42.438,99.997
2740,7/10/22,1:45,43.306,44.674,43.288,99.997
2741,7/10/22,2:00,42.984,44.4,43.07,99.997
2742,7/10/22,2:15,42.616,44.4,42.676,99.997
2743,7/10/22,2:30,42.616,43.808,42.607,99.997
2744,7/10/22,2:45,42.616,43.945,42.607,99.997
2745,7/10/22,3:00,42.616,43.9,42.636,99.997
2746,7/10/22,3:15,42.663,43.579,42.622,99.997
2747,7/10/22,3:30,42.663,43.306,42.642,99.997
2748,7/10/22,3:45,43.306,43.945,43.414,99.997
2749,7/10/22,4:00,43.259,43.763,43.578,99.997
2750,7/10/22,4:15,42.478,43.167,42.858,99.905
2751,7/10/22,4:30,42.202,42.939,42.607,99.797
2752,7/10/22,4:45,42.892,43.488,43.741,97.565
2753,7/10/22,5:00,43.03,43.443,43.974,95.923
2754,7/10/22,5:15,43.579,43.763,44.542,94.972
2755,7/10/22,5:30,44.127,44.263,45.131,92.65
2756,7/10/22,5:45,42.984,43.534,43.781,93.037
2757,7/10/22,6:00,43.259,43.808,43.781,93.207
2758,7/10/22,6:15,44.537,45.127,44.838,91.429
2759,7/10/22,6:30,44.901,46.346,45.217,89.906
2760,7/10/22,6:45,44.719,45.941,44.915,91.005
2761,7/10/22,7:00,45.851,46.751,45.378,90.312
2762,7/10/22,7:15,46.256,48.049,45.774,89.335
2763,7/10/22,7:30,47.019,49.073,46.474,87.678
2764,7/10/22,7:45,47.781,49.737,46.54,86.642
2765,7/10/22,8:00,49.028,51.282,47.993,83.032
2766,7/10/22,8:15,47.781,50.445,47.034,82.606
2767,7/10/22,8:30,46.616,49.87,45.702,84.561
2768,7/10/22,8:45,45.986,48.762,45.507,86.389
2769,7/10/22,9:00,45.624,46.886,45.171,87.205
2770,7/10/22,9:15,48.628,50.268,46.902,84.776
2771,7/10/22,9:30,49.87,52.509,48.673,81.558
2772,7/10/22,9:45,48.85,51.94,48.533,82.727
2773,7/10/22,10:00,49.737,51.37,48.51,83.058
2774,7/10/22,10:15,50.18,50.4,47.158,84.961
2775,7/10/22,10:30,48.583,49.116,46,86.468
2776,7/10/22,10:45,46.121,47.377,44.321,91.138
2777,7/10/22,11:00,44.537,46.974,43.741,93.93
2778,7/10/22,11:15,44.582,47.109,43.833,95.933
2779,7/10/22,11:30,44.856,46.526,43.495,95.354
2780,7/10/22,11:45,45.896,49.161,44.91,94.325
2781,7/10/22,12:00,46.436,49.604,45.883,93.271
2782,7/10/22,12:15,48.36,53.908,48.349,85.878
2783,7/10/22,12:30,49.338,55.299,48.515,85.13
2784,7/10/22,12:45,54.777,55.992,50.565,81.921
2785,7/10/22,13:00,48.272,50.974,45.865,88.24
2786,7/10/22,13:15,46.886,47.914,44.447,92.924
2787,7/10/22,13:30,44.719,48.227,43.675,95.885
2788,7/10/22,13:45,43.99,46.796,42.964,96.606
2789,7/10/22,14:00,44.173,46.166,42.829,96.742
2790,7/10/22,14:15,42.939,46.076,42.289,97.955
2791,7/10/22,14:30,44.4,45.534,42.829,96.867
2792,7/10/22,14:45,45.399,48.938,44.258,94.342
2793,7/10/22,15:00,43.716,47.109,43.394,95.357
2794,7/10/22,15:15,43.306,46.211,42.685,97.177
2795,7/10/22,15:30,43.122,45.941,42.361,97.729
2796,7/10/22,15:45,42.8,44.127,41.643,98.906
2797,7/10/22,16:00,45.761,46.931,43.974,94.105
2798,7/10/22,16:15,44.127,45.851,43.221,94.372
2799,7/10/22,16:30,45.986,48.583,44.803,91.949
2800,7/10/22,16:45,48.405,49.116,46.956,86.857
2801,7/10/22,17:00,46.346,47.914,45.59,89.009
2802,7/10/22,17:15,46.436,47.244,45.86,87.889
2803,7/10/22,17:30,46.796,47.736,46.4,89.995
2804,7/10/22,17:45,44.082,47.109,44.976,89.906
2805,7/10/22,18:00,44.537,47.422,44.827,91.536
2806,7/10/22,18:15,45.262,48.272,45.943,90.127
2807,7/10/22,18:30,45.217,47.289,46.015,89.631
2808,7/10/22,18:45,45.806,46.796,46.087,92.143
2809,7/10/22,19:00,48.628,46.616,46.627,96.252
2810,7/10/22,19:15,53.209,51.633,51.406,99.997
2811,7/10/22,19:30,58.626,60.604,59.338,93.738
2812,7/10/22,19:45,59.358,60.604,60.346,92.845
2813,7/10/22,20:00,59.788,60.517,60.564,94.028
2814,7/10/22,20:15,59.659,60.39,60.492,90.448
2815,7/10/22,20:30,58.368,59.529,59.011,93.538
2816,7/10/22,20:45,60.303,60.26,60.208,92.63
2817,7/10/22,21:00,61.547,60.561,61.5,93.698
2818,7/10/22,21:15,61.59,60.733,61.563,92.555
2819,7/10/22,21:30,61.506,60.861,61.471,91.81
2820,7/10/22,21:45,61.333,60.948,61.331,91.847
2821,7/10/22,22:00,61.119,60.69,61.09,91.189
2822,7/10/22,22:15,60.69,60.26,60.665,91.208
2823,7/10/22,22:30,60.174,59.702,60.082,91.46
2824,7/10/22,22:45,59.616,59.185,59.459,91.731
2825,7/10/22,23:00,59.099,58.755,58.89,91.847
2826,7/10/22,23:15,58.541,58.152,58.287,91.826
2827,7/10/22,23:30,57.936,57.463,57.639,91.872
2828,7/10/22,23:45,57.333,56.772,56.955,91.882
2829,7/11/22,0:00,56.685,56.035,56.232,91.876
2830,7/11/22,0:15,55.992,55.342,55.517,91.957
2831,7/11/22,0:30,55.342,54.691,54.811,92.053
2832,7/11/22,0:45,54.734,54.082,54.136,92.128
2833,7/11/22,1:00,54.082,53.427,53.479,92.195
2834,7/11/22,1:15,53.515,52.817,52.862,92.28
2835,7/11/22,1:30,52.903,52.291,52.273,92.358
2836,7/11/22,1:45,52.378,51.721,51.705,92.401
2837,7/11/22,2:00,51.852,51.237,51.168,92.442
2838,7/11/22,2:15,51.325,50.709,50.657,92.416
2839,7/11/22,2:30,50.797,50.18,50.14,92.427
2840,7/11/22,2:45,50.311,49.737,49.667,92.453
2841,7/11/22,3:00,49.87,49.338,49.219,92.438
2842,7/11/22,3:15,49.428,48.895,48.803,92.392
2843,7/11/22,3:30,49.073,48.493,48.403,92.381
2844,7/11/22,3:45,48.672,48.137,48.051,92.334
2845,7/11/22,4:00,48.315,47.736,47.689,92.209
2846,7/11/22,4:15,47.959,47.289,47.307,92.171
2847,7/11/22,4:30,47.557,46.841,46.902,92.146
2848,7/11/22,4:45,47.154,46.436,46.512,92.064
2849,7/11/22,5:00,46.796,46.076,46.15,91.984
2850,7/11/22,5:15,46.481,45.806,45.826,91.937
2851,7/11/22,5:30,46.166,45.579,45.561,91.817
2852,7/11/22,5:45,45.896,45.354,45.309,91.664
2853,7/11/22,6:00,45.669,45.127,45.073,91.51
2854,7/11/22,6:15,45.444,44.991,44.861,91.392
2855,7/11/22,6:30,45.262,44.991,44.74,91.333
2856,7/11/22,6:45,45.262,45.217,44.769,91.096
2857,7/11/22,7:00,45.354,45.399,44.929,90.819
2858,7/11/22,7:15,45.444,45.534,45.039,90.694
2859,7/11/22,7:30,45.579,45.851,45.237,90.718
2860,7/11/22,7:45,45.761,46.166,45.498,90.758
2861,7/11/22,8:00,45.941,46.211,45.687,90.333
2862,7/11/22,8:15,45.986,46.256,45.788,90.097
2863,7/11/22,8:30,46.031,46.346,45.86,89.987
2864,7/11/22,8:45,46.256,46.886,46.081,90.846
2865,7/11/22,9:00,46.796,47.512,46.546,91.667
2866,7/11/22,9:15,47.244,47.736,46.974,91.154
2867,7/11/22,9:30,47.377,47.736,47.149,90.275
2868,7/11/22,9:45,47.467,47.914,47.307,89.726
2869,7/11/22,10:00,47.602,48.137,47.473,89.584
2870,7/11/22,10:15,47.914,48.717,47.79,90.289
2871,7/11/22,10:30,48.493,49.471,48.326,90.962
2872,7/11/22,10:45,49.204,50.268,49.021,91.179
2873,7/11/22,11:00,49.959,51.017,49.755,90.909
2874,7/11/22,11:15,50.621,51.721,50.439,90.581
2875,7/11/22,11:30,51.282,52.335,51.111,90.196
2876,7/11/22,11:45,51.764,52.729,51.633,89.613
2877,7/11/22,12:00,52.16,53.078,52.047,89.096
2878,7/11/22,12:15,52.466,53.341,52.345,88.693
2879,7/11/22,12:30,52.86,53.776,52.698,88.812
2880,7/11/22,12:45,53.166,53.951,52.993,88.266
2881,7/11/22,13:00,53.298,54.037,53.157,87.778
2882,7/11/22,13:15,53.472,54.212,53.316,87.64
2883,7/11/22,13:30,53.645,54.343,53.47,87.539
2884,7/11/22,13:45,53.82,54.516,53.64,87.474
2885,7/11/22,14:00,53.951,54.604,53.755,87.225
2886,7/11/22,14:15,53.994,54.561,53.809,86.915
2887,7/11/22,14:30,53.908,54.387,53.76,86.795
2888,7/11/22,14:45,53.776,54.212,53.625,86.764
2889,7/11/22,15:00,53.645,54.126,53.47,86.741
2890,7/11/22,15:15,53.602,54.082,53.384,86.72
2891,7/11/22,15:30,53.559,54.082,53.344,86.703
2892,7/11/22,15:45,53.559,54.037,53.316,86.645
2893,7/11/22,16:00,53.515,53.951,53.263,86.564
2894,7/11/22,16:15,53.427,53.865,53.172,86.54
2895,7/11/22,16:30,53.427,53.994,53.157,86.563
2896,7/11/22,16:45,53.645,54.343,53.326,86.983
2897,7/11/22,17:00,53.994,54.82,53.645,87.724
2898,7/11/22,17:15,54.387,55.256,54.054,87.878
2899,7/11/22,17:30,54.777,55.558,54.432,87.523
2900,7/11/22,17:45,54.995,55.776,54.748,87.059
2901,7/11/22,18:00,55.213,55.992,54.995,86.687
2902,7/11/22,18:15,55.429,56.208,55.227,86.39
2903,7/11/22,18:30,55.558,56.251,55.391,85.887
2904,7/11/22,18:45,55.558,56.383,55.463,85.489
2905,7/11/22,19:00,55.558,56.383,55.526,85.257
2906,7/11/22,19:15,55.558,56.251,55.503,85.187
2907,7/11/22,19:30,55.558,56.295,55.517,85.139
2908,7/11/22,19:45,55.515,56.079,55.429,84.988
2909,7/11/22,20:00,55.299,55.863,55.236,84.884
2910,7/11/22,20:15,55.081,55.819,55.006,83.528
2911,7/11/22,20:30,53.427,52.509,53.553,78.775
2912,7/11/22,20:45,51.193,48.628,50.821,80.308
2913,7/11/22,21:00,49.383,46.661,48.501,81.987
2914,7/11/22,21:15,47.736,45.082,46.603,83.064
2915,7/11/22,21:30,46.346,43.99,45.088,84.375
2916,7/11/22,21:45,45.217,43.808,43.842,85.264
2917,7/11/22,22:00,43.945,43.853,43.075,85.609
2918,7/11/22,22:15,43.075,43.671,42.526,85.847
2919,7/11/22,22:30,42.525,43.396,42.076,86.02
2920,7/11/22,22:45,42.109,43.122,41.7,86.113
2921,7/11/22,23:00,41.74,42.847,41.382,86.189
2922,7/11/22,23:15,41.416,42.525,41.097,86.166
2923,7/11/22,23:30,41.09,42.247,40.836,86.076
2924,7/11/22,23:45,40.811,42.017,40.604,86.003
2925,7/12/22,0:00,40.579,41.74,40.388,85.963
2926,7/12/22,0:15,40.345,41.508,40.199,85.908
2927,7/12/22,0:30,40.158,41.322,40.03,85.853
2928,7/12/22,0:45,39.97,41.09,39.871,85.823
2929,7/12/22,1:00,39.83,40.905,39.727,85.795
2930,7/12/22,1:15,39.69,40.719,39.587,85.737
2931,7/12/22,1:30,39.549,40.579,39.447,85.661
2932,7/12/22,1:45,39.407,40.392,39.312,85.574
2933,7/12/22,2:00,39.22,40.204,39.171,85.388
2934,7/12/22,2:15,38.984,39.97,38.988,85.098
2935,7/12/22,2:30,38.795,39.783,38.786,85.08
2936,7/12/22,2:45,38.653,39.596,38.611,85.272
2937,7/12/22,3:00,38.557,39.454,38.476,85.499
2938,7/12/22,3:15,38.464,39.36,38.381,85.666
2939,7/12/22,3:30,38.415,39.267,38.307,85.724
2940,7/12/22,3:45,38.322,39.124,38.241,85.693
2941,7/12/22,4:00,38.226,39.031,38.169,85.666
2942,7/12/22,4:15,38.179,38.937,38.091,85.681
2943,7/12/22,4:30,38.084,38.842,38.034,85.718
2944,7/12/22,4:45,38.084,38.795,37.98,85.834
2945,7/12/22,5:00,38.037,38.748,37.945,86.024
2946,7/12/22,5:15,38.037,38.7,37.927,86.226
2947,7/12/22,5:30,38.084,38.653,37.927,86.41
2948,7/12/22,5:45,38.131,38.7,37.96,86.744
2949,7/12/22,6:00,38.273,38.748,38.037,87.07
2950,7/12/22,6:15,38.511,38.842,38.172,87.239
2951,7/12/22,6:30,38.842,39.031,38.419,87.266
2952,7/12/22,6:45,39.267,39.313,38.757,87.3
2953,7/12/22,7:00,39.69,39.596,39.123,87.42
2954,7/12/22,7:15,40.204,40.064,39.544,87.616
2955,7/12/22,7:30,40.858,40.672,40.069,87.796
2956,7/12/22,7:45,41.648,41.369,40.71,87.924
2957,7/12/22,8:00,42.433,42.064,41.391,87.993
2958,7/12/22,8:15,43.167,42.708,42.057,87.857
2959,7/12/22,8:30,43.763,43.306,42.651,87.788
2960,7/12/22,8:45,44.492,43.945,43.245,87.82
2961,7/12/22,9:00,45.217,44.582,43.853,87.926
2962,7/12/22,9:15,45.986,45.127,44.505,87.947
2963,7/12/22,9:30,46.796,45.851,45.145,86.538
2964,7/12/22,9:45,47.199,46.886,46.193,85.483
2965,7/12/22,10:00,47.199,46.886,46.612,83.726
2966,7/12/22,10:15,47.199,46.931,46.503,80.969
2967,7/12/22,10:30,47.109,46.886,46.256,80.092
2968,7/12/22,10:45,47.064,46.751,46.02,79.796
2969,7/12/22,11:00,46.931,46.706,45.797,83.116
2970,7/12/22,11:15,46.931,46.391,45.883,88.089
2971,7/12/22,11:30,46.931,45.714,45.673,85.919
2972,7/12/22,11:45,46.751,45.534,45.329,82.98
2973,7/12/22,12:00,46.571,45.444,45.045,85.402
2974,7/12/22,12:15,46.391,45.262,44.866,85.574
2975,7/12/22,12:30,46.211,44.901,44.78,84.314
2976,7/12/22,12:45,45.896,44.582,44.668,82.638
2977,7/12/22,13:00,45.399,44.082,44.263,81.016
2978,7/12/22,13:15,44.991,44.537,44.161,81.997
2979,7/12/22,13:30,44.764,44.674,44.321,82.502
2980,7/12/22,13:45,44.674,44.764,44.49,82.565
2981,7/12/22,14:00,44.674,45.127,44.764,84.799
2982,7/12/22,14:15,45.217,46.076,45.343,87.942
2983,7/12/22,14:30,45.851,46.661,46,88.649
2984,7/12/22,14:45,46.391,47.019,46.526,88.54
2985,7/12/22,15:00,46.751,47.244,46.922,88.109
2986,7/12/22,15:15,46.974,47.467,47.212,87.642
2987,7/12/22,15:30,47.199,47.602,47.413,87.204
2988,7/12/22,15:45,47.334,47.691,47.548,86.773
2989,7/12/22,16:00,47.422,47.826,47.637,86.571
2990,7/12/22,16:15,47.602,48.137,47.786,86.688
2991,7/12/22,16:30,47.781,48.315,47.97,86.78
2992,7/12/22,16:45,48.004,48.583,48.168,86.844
2993,7/12/22,17:00,48.227,48.805,48.389,86.833
2994,7/12/22,17:15,48.45,49.073,48.621,86.828
2995,7/12/22,17:30,48.717,49.294,48.857,86.741
2996,7/12/22,17:45,48.938,49.516,49.098,86.667
2997,7/12/22,18:00,49.204,49.737,49.363,86.601
2998,7/12/22,18:15,49.428,49.825,49.6,86.496
2999,7/12/22,18:30,49.649,49.914,49.779,86.372
3000,7/12/22,18:45,49.825,50.047,49.914,86.239
3001,7/12/22,19:00,49.959,50.135,50.049,86.143
3002,7/12/22,19:15,50.135,50.223,50.169,86.148
3003,7/12/22,19:30,50.311,50.356,50.333,86.227
3004,7/12/22,19:45,50.533,50.488,50.508,86.183
3005,7/12/22,20:00,50.709,50.621,50.686,86.084
3006,7/12/22,20:15,50.841,50.752,50.815,85.931
3007,7/12/22,20:30,50.974,50.841,50.922,85.765
3008,7/12/22,20:45,51.017,50.929,50.985,85.576
3009,7/12/22,21:00,51.017,50.929,50.981,85.437
3010,7/12/22,21:15,50.974,50.929,50.922,85.367
3011,7/12/22,21:30,50.886,50.886,50.815,85.174
3012,7/12/22,21:45,50.797,50.797,50.695,84.904
3013,7/12/22,22:00,50.621,50.709,50.536,84.698
3014,7/12/22,22:15,50.488,50.576,50.373,84.598
3015,7/12/22,22:30,50.356,50.488,50.212,84.549
3016,7/12/22,22:45,50.223,50.311,50.043,84.398
3017,7/12/22,23:00,50.002,50.092,49.816,84.157
3018,7/12/22,23:15,49.737,49.825,49.509,84.002
3019,7/12/22,23:30,49.383,49.516,49.152,83.915
3020,7/12/22,23:45,49.028,49.204,48.756,83.844
3021,7/13/22,0:00,48.672,48.805,48.364,83.778
3022,7/13/22,0:15,48.272,48.45,47.959,83.723
3023,7/13/22,0:30,47.871,48.049,47.559,83.684
3024,7/13/22,0:45,47.467,47.691,47.154,83.633
3025,7/13/22,1:00,47.064,47.289,46.747,83.59
3026,7/13/22,1:15,46.706,46.931,46.357,83.557
3027,7/13/22,1:30,46.301,46.571,45.99,83.508
3028,7/13/22,1:45,45.941,46.211,45.639,83.453
3029,7/13/22,2:00,45.579,45.851,45.266,83.407
3030,7/13/22,2:15,45.217,45.489,44.924,83.368
3031,7/13/22,2:30,44.901,45.172,44.586,83.342
3032,7/13/22,2:45,44.582,44.856,44.258,83.304
3033,7/13/22,3:00,44.263,44.537,43.948,83.272
3034,7/13/22,3:15,43.945,44.218,43.644,83.249
3035,7/13/22,3:30,43.624,43.945,43.356,83.214
3036,7/13/22,3:45,43.351,43.671,43.056,83.18
3037,7/13/22,4:00,43.03,43.351,42.757,83.151
3038,7/13/22,4:15,42.755,43.075,42.487,83.136
3039,7/13/22,4:30,42.525,42.847,42.237,83.12
3040,7/13/22,4:45,42.247,42.57,41.981,83.133
3041,7/13/22,5:00,42.017,42.341,41.743,83.102
3042,7/13/22,5:15,41.787,42.109,41.527,83.072
3043,7/13/22,5:30,41.554,41.878,41.304,83.037
3044,7/13/22,5:45,41.369,41.693,41.103,83.017
3045,7/13/22,6:00,41.137,41.463,40.905,82.986
3046,7/13/22,6:15,40.951,41.277,40.71,82.976
3047,7/13/22,6:30,40.764,41.09,40.546,82.979
3048,7/13/22,6:45,40.626,40.905,40.402,82.976
3049,7/13/22,7:00,40.438,40.764,40.271,82.969
3050,7/13/22,7:15,40.298,40.626,40.161,82.972
3051,7/13/22,7:30,40.204,40.532,40.064,82.994
3052,7/13/22,7:45,40.111,40.438,39.983,83.017
3053,7/13/22,8:00,40.017,40.298,39.915,83.006
3054,7/13/22,8:15,39.97,40.251,39.857,82.988
3055,7/13/22,8:30,39.924,40.158,39.817,83.046
3056,7/13/22,8:45,40.017,40.204,39.909,83.606
3057,7/13/22,9:00,40.438,40.392,40.253,84.21
3058,7/13/22,9:15,40.951,40.719,40.741,84.451
3059,7/13/22,9:30,41.508,41.09,41.301,84.474
3060,7/13/22,9:45,42.017,41.508,41.855,84.416
3061,7/13/22,10:00,42.525,41.925,42.395,84.329
3062,7/13/22,10:15,43.03,42.341,42.897,84.218
3063,7/13/22,10:30,43.443,42.755,43.371,84.106
3064,7/13/22,10:45,43.9,43.167,43.819,83.983
3065,7/13/22,11:00,44.31,43.488,44.235,83.828
3066,7/13/22,11:15,44.674,43.853,44.596,83.72
3067,7/13/22,11:30,45.036,44.173,44.953,83.647
3068,7/13/22,11:45,45.399,44.537,45.324,83.595
3069,7/13/22,12:00,45.761,44.901,45.72,83.568
3070,7/13/22,12:15,46.211,45.307,46.144,83.558
3071,7/13/22,12:30,46.661,45.761,46.609,83.539
3072,7/13/22,12:45,47.154,46.211,47.077,83.502
3073,7/13/22,13:00,47.602,46.661,47.534,83.433
3074,7/13/22,13:15,48.049,47.109,47.973,83.392
3075,7/13/22,13:30,48.493,47.557,48.456,83.391
3076,7/13/22,13:45,49.028,48.137,48.987,83.406
3077,7/13/22,14:00,49.649,48.717,49.586,83.377
3078,7/13/22,14:15,50.18,49.204,50.14,83.235
3079,7/13/22,14:30,50.621,49.649,50.599,83.111
3080,7/13/22,14:45,51.062,50.047,51.033,82.992
3081,7/13/22,15:00,51.413,50.4,51.424,82.852
3082,7/13/22,15:15,51.764,50.709,51.739,82.695
3083,7/13/22,15:30,52.029,51.017,52.032,82.577
3084,7/13/22,15:45,52.335,51.325,52.302,82.452
3085,7/13/22,16:00,52.554,51.589,52.543,82.286
3086,7/13/22,16:15,52.772,51.984,52.752,82.174
3087,7/13/22,16:30,52.947,52.686,53.031,82.084
3088,7/13/22,16:45,53.166,53.166,53.312,81.936
3089,7/13/22,17:00,53.341,53.427,53.542,81.796
3090,7/13/22,17:15,53.515,53.645,53.726,81.685
3091,7/13/22,17:30,53.645,53.908,53.915,81.604
3092,7/13/22,17:45,53.908,54.212,54.127,81.559
3093,7/13/22,18:00,54.169,54.43,54.349,81.52
3094,7/13/22,18:15,54.387,54.691,54.567,81.491
3095,7/13/22,18:30,54.604,54.952,54.797,81.457
3096,7/13/22,18:45,54.865,55.125,55.029,81.401
3097,7/13/22,19:00,55.038,55.256,55.213,81.34
3098,7/13/22,19:15,55.168,55.342,55.339,81.283
3099,7/13/22,19:30,55.299,55.386,55.425,81.247
3100,7/13/22,19:45,55.342,55.472,55.488,81.236
3101,7/13/22,20:00,55.429,55.515,55.555,81.247
3102,7/13/22,20:15,55.515,55.602,55.623,81.254
3103,7/13/22,20:30,55.602,55.602,55.675,81.234
3104,7/13/22,20:45,55.602,55.558,55.681,81.212
3105,7/13/22,21:00,55.647,55.515,55.666,81.195
3106,7/13/22,21:15,55.647,55.558,55.661,81.186
3107,7/13/22,21:30,55.69,55.647,55.686,81.213
3108,7/13/22,21:45,55.776,55.819,55.792,81.239
3109,7/13/22,22:00,55.906,55.906,55.902,81.227
3110,7/13/22,22:15,55.992,55.949,55.989,81.199
3111,7/13/22,22:30,56.035,55.949,56.019,81.176
3112,7/13/22,22:45,56.035,55.906,56.019,81.096
3113,7/13/22,23:00,55.949,55.69,55.893,80.822
3114,7/13/22,23:15,55.733,55.386,55.641,80.702
3115,7/13/22,23:30,55.472,54.952,55.299,80.664
3116,7/13/22,23:45,55.168,54.516,54.889,80.716
3117,7/14/22,0:00,54.82,54.126,54.475,80.78
3118,7/14/22,0:15,54.473,53.69,54.039,80.855
3119,7/14/22,0:30,54.126,53.253,53.605,80.926
3120,7/14/22,0:45,53.733,52.86,53.175,80.995
3121,7/14/22,1:00,53.384,52.466,52.761,81.05
3122,7/14/22,1:15,52.992,52.072,52.36,81.085
3123,7/14/22,1:30,52.641,51.721,51.98,81.106
3124,7/14/22,1:45,52.291,51.325,51.598,81.109
3125,7/14/22,2:00,51.94,50.974,51.211,81.126
3126,7/14/22,2:15,51.589,50.621,50.85,81.135
3127,7/14/22,2:30,51.237,50.268,50.479,81.135
3128,7/14/22,2:45,50.886,49.914,50.135,81.141
3129,7/14/22,3:00,50.533,49.604,49.793,81.132
3130,7/14/22,3:15,50.18,49.294,49.465,81.125
3131,7/14/22,3:30,49.87,48.983,49.161,81.103
3132,7/14/22,3:45,49.561,48.717,48.862,81.08
3133,7/14/22,4:00,49.249,48.405,48.567,81.059
3134,7/14/22,4:15,48.983,48.137,48.277,81.042
3135,7/14/22,4:30,48.672,47.871,47.993,81.024
3136,7/14/22,4:45,48.405,47.602,47.723,80.999
3137,7/14/22,5:00,48.137,47.334,47.476,80.97
3138,7/14/22,5:15,47.871,47.154,47.23,80.943
3139,7/14/22,5:30,47.602,46.886,46.98,80.894
3140,7/14/22,5:45,47.377,46.616,46.715,80.888
3141,7/14/22,6:00,47.109,46.391,46.459,80.887
3142,7/14/22,6:15,46.886,46.211,46.251,80.882
3143,7/14/22,6:30,46.661,46.166,46.116,80.891
3144,7/14/22,6:45,46.571,46.211,46.081,80.909
3145,7/14/22,7:00,46.571,46.346,46.15,80.948
3146,7/14/22,7:15,46.661,46.616,46.314,81.094
3147,7/14/22,7:30,46.841,46.931,46.569,81.256
3148,7/14/22,7:45,47.109,47.289,46.902,81.309
3149,7/14/22,8:00,47.422,47.691,47.278,81.244
3150,7/14/22,8:15,47.781,48.137,47.683,81.152
3151,7/14/22,8:30,48.227,48.672,48.153,81.068
3152,7/14/22,8:45,48.805,49.338,48.717,81.035
3153,7/14/22,9:00,49.428,50.002,49.388,80.955
3154,7/14/22,9:15,50.002,50.533,49.991,80.732
3155,7/14/22,9:30,50.445,50.974,50.482,80.545
3156,7/14/22,9:45,50.886,51.501,50.952,80.43
3157,7/14/22,10:00,51.37,52.029,51.429,80.363
3158,7/14/22,10:15,51.809,52.466,51.906,80.262
3159,7/14/22,10:30,52.203,52.86,52.327,80.148
3160,7/14/22,10:45,52.554,53.209,52.669,80.027
3161,7/14/22,11:00,52.86,53.559,53.008,79.94
3162,7/14/22,11:15,53.121,53.865,53.281,79.866
3163,7/14/22,11:30,53.384,54.255,53.562,79.774
3164,7/14/22,11:45,53.69,54.648,53.886,79.692
3165,7/14/22,12:00,54.037,54.952,54.194,79.623
3166,7/14/22,12:15,54.343,55.299,54.518,79.557
3167,7/14/22,12:30,54.648,55.558,54.831,79.487
3168,7/14/22,12:45,54.952,55.819,55.13,79.423
3169,7/14/22,13:00,55.256,56.079,55.414,79.348
3170,7/14/22,13:15,55.558,56.426,55.715,79.274
3171,7/14/22,13:30,55.819,56.685,55.994,79.208
3172,7/14/22,13:45,56.035,56.858,56.221,79.117
3173,7/14/22,14:00,56.208,56.944,56.39,79.037
3174,7/14/22,14:15,56.34,56.988,56.505,78.988
3175,7/14/22,14:30,56.383,56.988,56.579,78.927
3176,7/14/22,14:45,56.426,56.944,56.617,78.882
3177,7/14/22,15:00,56.426,56.858,56.597,78.791
3178,7/14/22,15:15,56.426,56.772,56.545,78.738
3179,7/14/22,15:30,56.34,56.642,56.462,78.676
3180,7/14/22,15:45,56.295,56.599,56.39,78.724
3181,7/14/22,16:00,56.295,56.642,56.39,78.752
3182,7/14/22,16:15,56.34,56.728,56.419,78.744
3183,7/14/22,16:30,56.34,56.815,56.462,78.683
3184,7/14/22,16:45,56.34,56.728,56.448,78.651
3185,7/14/22,17:00,56.34,56.685,56.413,78.631
3186,7/14/22,17:15,56.295,56.599,56.37,78.636
3187,7/14/22,17:30,56.251,56.512,56.332,78.572
3188,7/14/22,17:45,56.208,56.469,56.275,78.561
3189,7/14/22,18:00,56.295,56.599,56.307,78.589
3190,7/14/22,18:15,56.383,56.728,56.404,78.616
3191,7/14/22,18:30,56.556,56.901,56.568,78.642
3192,7/14/22,18:45,56.728,57.074,56.757,78.619
3193,7/14/22,19:00,56.944,57.376,56.979,78.63
3194,7/14/22,19:15,57.247,57.679,57.283,78.66
3195,7/14/22,19:30,57.549,57.85,57.567,78.645
3196,7/14/22,19:45,57.636,57.765,57.708,78.566
3197,7/14/22,20:00,57.592,57.592,57.65,78.456
3198,7/14/22,20:15,57.42,57.29,57.49,78.218
3199,7/14/22,20:30,57.16,56.901,57.2,78.056
3200,7/14/22,20:45,56.858,56.469,56.835,78.032
3201,7/14/22,21:00,56.512,56.165,56.453,78.091
3202,7/14/22,21:15,56.208,55.733,56.062,78.103
3203,7/14/22,21:30,55.863,55.256,55.647,78.181
3204,7/14/22,21:45,55.472,54.734,55.207,78.224
3205,7/14/22,22:00,55.081,54.212,54.716,78.296
3206,7/14/22,22:15,54.648,53.69,54.203,78.39
3207,7/14/22,22:30,54.212,53.166,53.706,78.494
3208,7/14/22,22:45,53.776,52.729,53.235,78.578
3209,7/14/22,23:00,53.341,52.246,52.767,78.592
3210,7/14/22,23:15,52.903,51.678,52.268,78.65
3211,7/14/22,23:30,52.423,51.237,51.768,78.714
3212,7/14/22,23:45,51.984,50.752,51.309,78.759
3213,7/15/22,0:00,51.544,50.311,50.85,78.802
3214,7/15/22,0:15,51.148,49.914,50.43,78.836
3215,7/15/22,0:30,50.752,49.561,50.029,78.851
3216,7/15/22,0:45,50.356,49.161,49.644,78.851
3217,7/15/22,1:00,49.959,48.762,49.253,78.86
3218,7/15/22,1:15,49.604,48.405,48.88,78.869
3219,7/15/22,1:30,49.204,48.094,48.524,78.877
3220,7/15/22,1:45,48.895,47.781,48.186,78.886
3221,7/15/22,2:00,48.538,47.467,47.878,78.859
3222,7/15/22,2:15,48.227,47.199,47.577,78.84
3223,7/15/22,2:30,47.914,46.931,47.293,78.813
3224,7/15/22,2:45,47.647,46.706,47.034,78.788
3225,7/15/22,3:00,47.377,46.436,46.787,78.764
3226,7/15/22,3:15,47.109,46.211,46.54,78.74
3227,7/15/22,3:30,46.886,45.986,46.314,78.715
3228,7/15/22,3:45,46.616,45.806,46.101,78.697
3229,7/15/22,4:00,46.436,45.669,45.914,78.669
3230,7/15/22,4:15,46.211,45.489,45.739,78.637
3231,7/15/22,4:30,46.031,45.399,45.59,78.596
3232,7/15/22,4:45,45.851,45.262,45.455,78.563
3233,7/15/22,5:00,45.714,45.172,45.324,78.531
3234,7/15/22,5:15,45.579,45.082,45.214,78.508
3235,7/15/22,5:30,45.444,45.036,45.117,78.506
3236,7/15/22,5:45,45.354,45.036,45.073,78.511
3237,7/15/22,6:00,45.307,44.991,45.03,78.46
3238,7/15/22,6:15,45.217,44.946,44.982,78.416
3239,7/15/22,6:30,45.127,44.901,44.929,78.383
3240,7/15/22,6:45,45.036,44.856,44.881,78.366
3241,7/15/22,7:00,44.991,44.901,44.841,78.363
3242,7/15/22,7:15,44.946,44.991,44.847,78.395
3243,7/15/22,7:30,45.036,45.262,44.944,78.476
3244,7/15/22,7:45,45.262,45.669,45.16,78.552
3245,7/15/22,8:00,45.624,46.256,45.547,78.676
3246,7/15/22,8:15,46.166,46.931,46.116,78.737
3247,7/15/22,8:30,46.796,47.647,46.762,78.68
3248,7/15/22,8:45,47.467,48.315,47.467,78.538
3249,7/15/22,9:00,48.094,48.938,48.157,78.373
3250,7/15/22,9:15,48.672,49.516,48.785,78.183
3251,7/15/22,9:30,49.204,50.047,49.363,77.998
3252,7/15/22,9:45,50.047,50.533,50.083,79.145
3253,7/15/22,10:00,50.752,50.268,51.796,78.441
3254,7/15/22,10:15,51.633,51.237,52.842,75.242
3255,7/15/22,10:30,52.423,52.16,53.649,73.242
3256,7/15/22,10:45,53.298,53.121,54.676,71.295
3257,7/15/22,11:00,53.865,53.908,55.368,70.654
3258,7/15/22,11:15,54.473,54.604,56.023,68.664
3259,7/15/22,11:30,54.777,54.909,56.158,63.508
3260,7/15/22,11:45,54.604,55.256,56.293,63.156
3261,7/15/22,12:00,54.473,55.515,56.269,62.321
3262,7/15/22,12:15,54.343,55.558,56.077,61.91
3263,7/15/22,12:30,54.255,55.602,55.796,61.772
3264,7/15/22,12:45,54.473,55.949,56.154,63.447
3265,7/15/22,13:00,54.82,56.208,56.669,64.53
3266,7/15/22,13:15,55.081,56.469,57.002,61.82
3267,7/15/22,13:30,55.386,56.858,57.355,61.582
3268,7/15/22,13:45,55.558,56.901,57.245,60.746
3269,7/15/22,14:00,55.733,57.031,57.105,60.247
3270,7/15/22,14:15,55.949,57.29,57.108,62.045
3271,7/15/22,14:30,56.251,57.636,57.533,62.753
3272,7/15/22,14:45,56.512,57.85,57.819,61.21
3273,7/15/22,15:00,56.426,57.765,57.679,60.365
3274,7/15/22,15:15,56.251,57.765,57.389,62.289
3275,7/15/22,15:30,56.34,57.936,57.862,64.512
3276,7/15/22,15:45,56.642,58.152,58.431,63.343
3277,7/15/22,16:00,56.901,58.152,58.606,62.075
3278,7/15/22,16:15,56.901,57.765,58.21,60.847
3279,7/15/22,16:30,56.728,57.549,57.717,59.857
3280,7/15/22,16:45,56.512,57.29,57.277,59.661
3281,7/15/22,17:00,56.208,57.031,56.872,60.598
3282,7/15/22,17:15,55.992,56.772,56.539,61.175
3283,7/15/22,17:30,55.819,56.556,56.26,61.36
3284,7/15/22,17:45,55.602,56.34,56.028,62.31
3285,7/15/22,18:00,55.472,56.208,55.902,64.494
3286,7/15/22,18:15,55.472,56.122,55.859,65.698
3287,7/15/22,18:30,55.515,56.122,55.888,66.943
3288,7/15/22,18:45,55.515,56.079,55.942,66.929
3289,7/15/22,19:00,55.558,56.035,55.96,67.098
3290,7/15/22,19:15,55.558,56.035,55.96,67.445
3291,7/15/22,19:30,55.558,55.992,55.942,67.808
3292,7/15/22,19:45,55.515,55.949,55.913,67.543
3293,7/15/22,20:00,55.472,55.863,55.839,67.166
3294,7/15/22,20:15,55.299,55.69,55.647,65.734
3295,7/15/22,20:30,55.038,55.558,55.396,66.207
3296,7/15/22,20:45,54.865,55.386,55.179,66.351
3297,7/15/22,21:00,54.648,55.168,54.986,66.239
3298,7/15/22,21:15,54.43,54.909,54.788,66.339
3299,7/15/22,21:30,54.3,54.734,54.604,66.714
3300,7/15/22,21:45,54.169,54.561,54.432,66.329
3301,7/15/22,22:00,54.037,54.343,54.262,65.992
3302,7/15/22,22:15,53.908,54.212,54.073,66.432
3303,7/15/22,22:30,53.776,54.082,53.933,67.086
3304,7/15/22,22:45,53.645,53.994,53.798,67.138
3305,7/15/22,23:00,53.515,53.908,53.668,67.326
3306,7/15/22,23:15,53.384,53.776,53.539,67.21
3307,7/15/22,23:30,53.298,53.69,53.384,66.784
3308,7/15/22,23:45,53.166,53.559,53.244,66.506
3309,7/16/22,0:00,52.992,53.384,53.074,65.945
3310,7/16/22,0:15,52.817,53.209,52.876,65.621
3311,7/16/22,0:30,52.597,52.992,52.65,65.475
3312,7/16/22,0:45,52.378,52.772,52.408,65.348
3313,7/16/22,1:00,52.16,52.554,52.167,65.283
3314,7/16/22,1:15,51.94,52.335,51.94,65.199
3315,7/16/22,1:30,51.721,52.115,51.719,65.115
3316,7/16/22,1:45,51.458,51.852,51.472,65.199
3317,7/16/22,2:00,51.237,51.633,51.251,65.177
3318,7/16/22,2:15,51.017,51.413,51.019,65.176
3319,7/16/22,2:30,50.797,51.193,50.797,65.231
3320,7/16/22,2:45,50.576,50.974,50.594,65.194
3321,7/16/22,3:00,50.356,50.752,50.376,65.18
3322,7/16/22,3:15,50.135,50.533,50.18,65.335
3323,7/16/22,3:30,49.914,50.311,49.971,65.292
3324,7/16/22,3:45,49.692,50.092,49.784,65.359
3325,7/16/22,4:00,49.471,49.914,49.59,65.277
3326,7/16/22,4:15,49.294,49.692,49.383,65.437
3327,7/16/22,4:30,49.073,49.471,49.176,65.408
3328,7/16/22,4:45,48.895,49.294,48.987,65.444
3329,7/16/22,5:00,48.672,49.073,48.799,65.528
3330,7/16/22,5:15,48.493,48.895,48.625,65.728
3331,7/16/22,5:30,48.272,48.672,48.456,65.78
3332,7/16/22,5:45,48.094,48.493,48.268,65.74
3333,7/16/22,6:00,47.914,48.272,48.07,65.873
3334,7/16/22,6:15,47.736,48.094,47.867,66.011
3335,7/16/22,6:30,47.557,47.914,47.646,66.143
3336,7/16/22,6:45,47.377,47.736,47.399,67.034
3337,7/16/22,7:00,47.199,47.602,47.187,68.736
3338,7/16/22,7:15,47.064,47.467,47.019,69.964
3339,7/16/22,7:30,46.974,47.334,46.908,71.046
3340,7/16/22,7:45,46.886,47.244,46.854,73.823
3341,7/16/22,8:00,46.841,47.199,46.879,75.454
3342,7/16/22,8:15,46.886,47.154,46.942,76.979
3343,7/16/22,8:30,46.931,47.154,47.062,79.174
3344,7/16/22,8:45,47.019,47.199,47.215,76.815
3345,7/16/22,9:00,47.154,47.244,47.381,74.878
3346,7/16/22,9:15,47.289,47.334,47.548,74.07
3347,7/16/22,9:30,47.422,47.422,47.714,75.302
3348,7/16/22,9:45,47.647,47.647,48.022,78.764
3349,7/16/22,10:00,47.647,47.512,47.568,75.653